frame_id,timestamp,wall_clock,t_segmentation,t_detection,t_bev,t_skeleton,t_pathfinding,t_gps_fusion,t_command,t_total_pipeline,fps,heading_raw_deg,heading_smoothed_deg,command,speed_raw_mps,speed_smoothed_mps,serial_cmd,pp_lookahead_m,pp_kappa_cmd_m_inv,pp_target_x_m,pp_target_y_m,pp_valid_path,seg_iou,seg_unstable_frames,stability_mode,stab_corr_px,stab_corr_deg,has_candidate_path,has_model_path,has_control_path,has_path,num_paths,best_path_length_px,num_graph_nodes,num_graph_edges,num_detections,min_obstacle_dist_m,detection_classes,detection_distances,gps_lat,gps_lon,gps_fix_quality,gps_wp_name,gps_wp_dist_m,gps_correction_deg,sidewalk_mask_pixels,bev_mask_pixels,skeleton_pixels
0,2.349031686782837,2026-03-05T17:20:06.053206,2079.03,0.0,5.0,18.0,1.0,0.0,0.0,2120.02,0.0,0.198,0.198,STRAIGHT,1.5,1.5,"CMD,0.2,1.50",4.0,0.0144,1.781,0.023,1,1.0,0,NORMAL,0.0,0.0,1,1,1,1,1,86.8,137,10,0,,,,,,0,,,,285973,156063,4318
1,2.431065082550049,2026-03-05T17:20:06.135240,0.0,0.0,3.03,0.0,0.0,0.0,1.0,23.03,12.04,0.33,0.264,STRAIGHT,1.5,1.5,"CMD,0.3,1.50",4.0,0.0144,1.781,0.023,1,1.0,0,NORMAL,2.595,-0.068,1,1,1,1,1,76.8,0,0,0,,,,,,0,,,,305345,155571,0
2,2.467090129852295,2026-03-05T17:20:06.171264,1.05,0.0,2.01,0.0,0.0,0.0,0.0,19.06,16.94,0.418,0.33,STRAIGHT,1.5,1.5,"CMD,0.3,1.50",4.0,0.0144,1.781,0.023,1,1.0,0,NORMAL,6.142,-0.139,1,1,1,1,1,71.8,0,0,0,,,,,,0,,,,305345,153365,0
3,2.4981231689453125,2026-03-05T17:20:06.202298,0.0,0.0,3.03,0.0,0.0,0.0,0.0,17.99,19.99,0.476,0.418,STRAIGHT,1.5,1.5,"CMD,0.4,1.50",4.0,0.0144,1.781,0.023,1,1.0,0,NORMAL,8.447,-0.095,1,1,1,1,1,66.8,0,0,0,,,,,,0,,,,305345,151958,0
4,2.625129222869873,2026-03-05T17:20:06.329304,72.03,0.0,7.0,17.03,0.0,0.0,0.0,114.0,14.44,0.516,0.476,STRAIGHT,1.5,1.5,"CMD,0.5,1.50",4.0,0.0144,1.781,0.023,1,0.9265,0,NORMAL,9.224,-0.087,1,1,1,1,1,86.8,143,9,0,,,,,,0,,,,276198,149875,3889
5,2.656094789505005,2026-03-05T17:20:06.360269,0.0,0.0,4.0,0.0,0.0,0.0,0.0,17.96,16.23,0.542,0.516,STRAIGHT,1.5,1.5,"CMD,0.5,1.50",4.0,0.0144,1.781,0.023,1,0.9265,0,NORMAL,11.876,-0.009,1,1,1,1,1,81.8,0,0,0,,,,,,0,,,,283311,149672,0
6,2.6870920658111572,2026-03-05T17:20:06.391267,1.0,0.0,2.0,0.0,0.0,0.0,0.0,19.0,17.7,0.559,0.542,STRAIGHT,1.5,1.5,"CMD,0.5,1.50",4.0,0.0144,1.781,0.023,1,0.9265,0,NORMAL,15.547,0.029,1,1,1,1,1,76.8,0,0,0,,,,,,0,,,,283311,149122,0
7,2.717092275619507,2026-03-05T17:20:06.421267,0.99,0.0,2.0,0.0,0.0,0.0,0.0,19.0,18.97,0.571,0.559,STRAIGHT,1.5,1.5,"CMD,0.6,1.50",4.0,0.0144,1.781,0.023,1,0.9265,0,NORMAL,19.901,0.066,1,1,1,1,1,71.8,0,0,0,,,,,,0,,,,283311,147855,0
8,2.8361308574676514,2026-03-05T17:20:06.540305,68.03,0.0,6.0,16.0,0.0,0.0,0.0,105.97,16.42,0.6,0.571,STRAIGHT,1.5,1.5,"CMD,0.6,1.50",4.0,0.016,1.689,0.023,1,0.9152,0,NORMAL,22.382,0.153,1,1,1,1,1,82.2,137,11,0,,,,,,0,,,,269374,147693,3878
9,2.86513090133667,2026-03-05T17:20:06.569305,1.0,0.0,2.03,0.0,0.0,0.0,0.0,17.0,17.4,0.62,0.6,STRAIGHT,1.5,1.5,"CMD,0.6,1.50",4.0,0.016,1.689,0.023,1,0.9152,0,NORMAL,22.308,0.191,1,1,1,1,1,77.2,0,0,0,,,,,,0,,,,279525,147499,0
10,2.8941454887390137,2026-03-05T17:20:06.598320,1.04,0.0,1.96,0.0,0.0,0.0,0.0,18.05,18.31,0.634,0.62,STRAIGHT,1.5,1.5,"CMD,0.6,1.50",4.0,0.016,1.689,0.023,1,0.9152,0,NORMAL,24.093,0.198,1,1,1,1,1,72.2,0,0,0,,,,,,0,,,,279525,147099,0
11,2.9241280555725098,2026-03-05T17:20:06.628303,1.03,0.0,2.0,0.0,0.0,0.0,0.0,17.01,19.13,0.642,0.634,STRAIGHT,1.5,1.5,"CMD,0.6,1.50",4.0,0.016,1.689,0.023,1,0.9152,0,NORMAL,26.949,0.151,1,1,1,1,1,67.2,0,0,0,,,,,,0,,,,279525,146082,0
12,3.045128345489502,2026-03-05T17:20:06.749303,68.03,0.0,6.0,18.03,1.0,0.0,0.0,110.03,17.21,0.648,0.642,STRAIGHT,1.5,1.5,"CMD,0.6,1.50",4.0,0.016,1.689,0.023,1,0.87,0,NORMAL,27.608,-0.033,1,1,1,1,1,82.2,174,14,0,,,,,,0,,,,290871,159773,4090
13,3.0751380920410156,2026-03-05T17:20:06.779313,1.0,0.0,2.03,0.0,0.0,0.0,1.01,18.04,17.88,0.652,0.648,STRAIGHT,1.5,1.5,"CMD,0.6,1.50",4.0,0.016,1.689,0.023,1,0.87,0,NORMAL,27.28,-0.129,1,1,1,1,1,77.2,0,0,0,,,,,,0,,,,303700,160031,0
14,3.107133150100708,2026-03-05T17:20:06.811308,0.96,0.0,3.04,0.0,0.0,0.0,0.0,19.03,18.47,0.655,0.652,STRAIGHT,1.5,1.5,"CMD,0.7,1.50",4.0,0.016,1.689,0.023,1,0.87,0,NORMAL,27.009,-0.247,1,1,1,1,1,72.2,0,0,0,,,,,,0,,,,303700,159089,0
15,3.1371312141418457,2026-03-05T17:20:06.841306,1.0,0.0,2.02,0.0,0.0,0.0,0.0,16.98,19.03,0.657,0.655,STRAIGHT,1.5,1.5,"CMD,0.7,1.50",4.0,0.016,1.689,0.023,1,0.87,0,NORMAL,28.283,-0.337,1,1,1,1,1,67.2,0,0,0,,,,,,0,,,,303700,157805,0
16,3.2651307582855225,2026-03-05T17:20:06.969305,72.04,0.0,7.02,20.03,1.01,0.0,0.0,117.0,17.45,0.646,0.655,STRAIGHT,1.5,1.5,"CMD,0.7,1.50",4.0,0.0152,1.735,0.023,1,0.8856,0,NORMAL,29.803,-0.353,1,1,1,1,1,84.5,186,14,0,,,,,,0,,,,290091,161362,4459
17,3.2971315383911133,2026-03-05T17:20:07.001306,1.04,0.0,2.0,0.0,0.0,0.0,0.0,19.0,17.91,0.639,0.646,STRAIGHT,1.5,1.5,"CMD,0.6,1.50",4.0,0.0152,1.735,0.023,1,0.8856,0,NORMAL,30.69,-0.371,1,1,1,1,1,79.5,0,0,0,,,,,,0,,,,313533,161682,0
18,3.327134370803833,2026-03-05T17:20:07.031309,1.03,0.0,2.02,0.0,0.0,0.0,0.0,18.03,18.38,0.635,0.639,STRAIGHT,1.5,1.5,"CMD,0.6,1.50",4.0,0.0152,1.735,0.023,1,0.8856,0,NORMAL,29.983,-0.402,1,1,1,1,1,74.5,0,0,0,,,,,,0,,,,313533,160805,0
19,3.3561038970947266,2026-03-05T17:20:07.060278,0.0,0.0,3.0,0.0,0.0,0.0,0.0,16.97,18.85,0.632,0.635,STRAIGHT,1.5,1.5,"CMD,0.6,1.50",4.0,0.0152,1.735,0.023,1,0.8856,0,NORMAL,30.981,-0.397,1,1,1,1,1,69.5,0,0,0,,,,,,0,,,,313533,159619,0
20,3.4771385192871094,2026-03-05T17:20:07.181313,69.01,0.0,6.03,16.03,1.0,0.0,0.99,109.0,17.71,0.619,0.632,STRAIGHT,1.5,1.5,"CMD,0.6,1.50",4.0,0.0144,1.781,0.023,1,0.9091,0,NORMAL,33.188,-0.369,1,1,1,1,1,86.8,143,18,0,,,,,,0,,,,281440,157197,4143
21,3.5071020126342773,2026-03-05T17:20:07.211277,0.0,0.0,3.0,0.0,0.0,0.0,0.0,16.96,18.12,0.611,0.619,STRAIGHT,1.5,1.5,"CMD,0.6,1.50",4.0,0.0144,1.781,0.023,1,0.9091,0,NORMAL,34.278,-0.344,1,1,1,1,1,81.8,0,0,0,,,,,,0,,,,301487,157121,0
22,3.537137269973755,2026-03-05T17:20:07.241312,1.0,0.0,3.03,0.0,0.0,0.0,0.0,17.0,18.5,0.605,0.611,STRAIGHT,1.5,1.5,"CMD,0.6,1.50",4.0,0.0144,1.781,0.023,1,0.9091,0,NORMAL,34.987,-0.407,1,1,1,1,1,76.8,0,0,0,,,,,,0,,,,301487,157147,0
23,3.5661022663116455,2026-03-05T17:20:07.270277,0.0,0.0,3.0,0.0,0.0,0.0,0.0,16.96,18.88,0.601,0.605,STRAIGHT,1.5,1.5,"CMD,0.6,1.50",4.0,0.0144,1.781,0.023,1,0.9091,0,NORMAL,36.76,-0.43,1,1,1,1,1,71.8,0,0,0,,,,,,0,,,,301487,156025,0
24,3.6841084957122803,2026-03-05T17:20:07.388283,69.03,0.0,5.98,12.05,0.99,0.0,0.0,105.97,17.96,0.571,0.601,STRAIGHT,0.3,1.35,"CMD,0.6,1.35",1.2,0.0,1.2,0.0,0,0.7198,0,NORMAL,40.886,-0.509,0,0,0,0,0,0.0,100,12,0,,,,,,0,,,,206638,132510,3453
25,3.7121376991271973,2026-03-05T17:20:07.416312,1.0,0.0,3.03,0.0,0.0,0.0,0.0,17.0,18.33,0.579,0.579,STRAIGHT,1.5,1.35,"CMD,0.6,1.35",4.0,0.0144,1.781,0.023,1,0.7198,0,NORMAL,44.675,-0.713,1,1,1,1,1,71.8,0,0,0,,,,,,0,,,,209170,132750,0
26,3.7411463260650635,2026-03-05T17:20:07.445321,1.03,0.0,2.01,0.0,0.0,0.0,0.0,19.04,18.66,0.584,0.579,STRAIGHT,1.5,1.35,"CMD,0.6,1.35",4.0,0.0144,1.781,0.023,1,0.7198,0,NORMAL,45.365,-0.528,1,1,1,1,1,66.8,0,0,0,,,,,,0,,,,209170,132203,0
27,3.769139289855957,2026-03-05T17:20:07.473314,1.03,0.0,1.97,0.0,0.0,0.0,1.03,17.0,19.0,0.587,0.584,STRAIGHT,1.5,1.35,"CMD,0.6,1.35",4.0,0.0144,1.781,0.023,1,0.7198,0,NORMAL,47.866,-0.298,1,1,1,1,1,66.8,0,0,0,,,,,,0,,,,209170,132243,0
28,3.8821394443511963,2026-03-05T17:20:07.586314,68.04,0.0,5.97,11.03,1.02,0.0,0.0,102.0,18.25,0.611,0.587,STRAIGHT,1.5,1.35,"CMD,0.6,1.35",4.0,0.016,1.689,0.023,1,0.7647,0,NORMAL,51.406,-0.258,1,1,1,1,1,82.2,69,14,0,,,,,,0,,,,251352,151006,3982
29,3.9111390113830566,2026-03-05T17:20:07.615314,1.03,0.0,2.0,0.0,0.0,0.0,0.0,16.99,18.55,0.628,0.611,STRAIGHT,1.5,1.35,"CMD,0.6,1.35",4.0,0.016,1.689,0.023,1,0.7647,0,NORMAL,51.071,-0.206,1,1,1,1,1,77.2,0,0,0,,,,,,0,,,,265706,150798,0
30,3.941108226776123,2026-03-05T17:20:07.645283,1.0,0.0,4.0,0.0,0.0,0.0,0.0,18.0,19.2,0.639,0.628,STRAIGHT,1.5,1.35,"CMD,0.6,1.35",4.0,0.016,1.689,0.023,1,0.7647,0,NORMAL,50.971,-0.102,1,1,1,1,1,72.2,0,0,0,,,,,,0,,,,265706,150442,0
31,3.971142292022705,2026-03-05T17:20:07.675317,1.03,0.0,2.0,0.0,0.0,0.0,0.0,17.99,19.27,0.646,0.639,STRAIGHT,1.5,1.35,"CMD,0.6,1.35",4.0,0.016,1.689,0.023,1,0.7647,0,NORMAL,50.835,-0.057,1,1,1,1,1,72.2,0,0,0,,,,,,0,,,,265706,149666,0
32,4.087159872055054,2026-03-05T17:20:07.791334,69.03,0.0,4.97,11.0,1.04,0.0,0.0,103.0,18.26,0.651,0.646,STRAIGHT,1.5,1.5,"CMD,0.6,1.50",4.0,0.016,1.689,0.023,1,0.8786,0,NORMAL,50.621,-0.039,1,1,1,1,1,82.2,76,18,0,,,,,,0,,,,233917,146475,3962
33,4.116143703460693,2026-03-05T17:20:07.820318,1.0,0.0,2.03,0.0,0.0,0.0,0.0,17.0,19.45,0.654,0.651,STRAIGHT,1.5,1.5,"CMD,0.7,1.50",4.0,0.016,1.689,0.023,1,0.8786,0,NORMAL,50.381,-0.054,1,1,1,1,1,77.2,0,0,0,,,,,,0,,,,242056,146508,0
34,4.145142555236816,2026-03-05T17:20:07.849317,0.0,0.0,3.03,0.0,0.0,0.0,0.0,18.0,19.48,0.656,0.654,STRAIGHT,1.5,1.5,"CMD,0.7,1.50",4.0,0.016,1.689,0.023,1,0.8786,0,NORMAL,50.144,-0.099,1,1,1,1,1,72.2,0,0,0,,,,,,0,,,,242056,146025,0
35,4.175144672393799,2026-03-05T17:20:07.879319,1.0,0.0,2.0,0.0,0.0,0.0,0.0,18.0,19.49,0.657,0.656,STRAIGHT,1.5,1.5,"CMD,0.7,1.50",4.0,0.016,1.689,0.023,1,0.8786,0,NORMAL,50.045,-0.109,1,1,1,1,1,72.2,0,0,0,,,,,,0,,,,242056,145419,0
36,4.293143033981323,2026-03-05T17:20:07.997318,71.03,0.0,6.0,12.99,0.0,0.0,0.0,107.03,18.4,0.647,0.656,STRAIGHT,1.5,1.5,"CMD,0.7,1.50",4.0,0.0152,1.735,0.023,1,0.8679,0,NORMAL,50.0,-0.152,1,1,1,1,1,84.5,96,18,0,,,,,,0,,,,239634,144652,3916
37,4.323148965835571,2026-03-05T17:20:08.027323,1.0,0.0,3.04,0.0,0.0,0.0,0.0,18.0,19.49,0.64,0.647,STRAIGHT,1.5,1.5,"CMD,0.6,1.50",4.0,0.0152,1.735,0.023,1,0.8679,0,NORMAL,50.038,-0.135,1,1,1,1,1,79.5,0,0,0,,,,,,0,,,,252304,144729,0
38,4.3521435260772705,2026-03-05T17:20:08.056318,0.0,0.0,3.03,0.0,0.0,0.0,0.0,17.03,19.5,0.635,0.64,STRAIGHT,1.5,1.5,"CMD,0.6,1.50",4.0,0.0152,1.735,0.023,1,0.8679,0,NORMAL,50.135,-0.096,1,1,1,1,1,74.5,0,0,0,,,,,,0,,,,252304,144190,0
39,4.382112979888916,2026-03-05T17:20:08.086287,1.0,0.0,2.0,0.0,0.0,0.0,0.0,19.0,19.49,0.632,0.635,STRAIGHT,1.5,1.5,"CMD,0.6,1.50",4.0,0.0152,1.735,0.023,1,0.8679,0,NORMAL,50.361,-0.127,1,1,1,1,1,74.5,0,0,0,,,,,,0,,,,252304,143707,0
40,4.497147560119629,2026-03-05T17:20:08.201322,68.04,0.0,6.0,13.04,0.0,0.0,0.0,104.0,18.42,0.619,0.632,STRAIGHT,1.5,1.5,"CMD,0.6,1.50",4.0,0.0144,1.781,0.023,1,0.8892,0,NORMAL,50.723,-0.141,1,1,1,1,1,86.8,97,18,0,,,,,,0,,,,252211,152567,4209
41,4.529116630554199,2026-03-05T17:20:08.233291,1.0,0.0,3.0,0.0,0.0,0.0,0.0,18.95,19.54,0.611,0.619,STRAIGHT,1.5,1.5,"CMD,0.6,1.50",4.0,0.0144,1.781,0.023,1,0.8892,0,NORMAL,50.949,-0.107,1,1,1,1,1,81.8,0,0,0,,,,,,0,,,,271565,152479,0
42,4.560122966766357,2026-03-05T17:20:08.264298,0.98,0.0,2.01,0.0,0.0,0.0,0.0,18.0,19.53,0.605,0.611,STRAIGHT,1.5,1.5,"CMD,0.6,1.50",4.0,0.0144,1.781,0.023,1,0.8892,0,NORMAL,51.553,-0.156,1,1,1,1,1,76.8,0,0,0,,,,,,0,,,,271565,151929,0
43,4.5891499519348145,2026-03-05T17:20:08.293325,1.03,0.0,2.0,0.0,0.0,0.0,0.0,18.0,19.55,0.601,0.605,STRAIGHT,1.5,1.5,"CMD,0.6,1.50",4.0,0.0144,1.781,0.023,1,0.8892,0,NORMAL,51.763,0.094,1,1,1,1,1,76.8,0,0,0,,,,,,0,,,,271565,151350,0
44,4.703150510787964,2026-03-05T17:20:08.407325,69.04,0.0,6.0,10.03,0.97,0.0,1.0,102.03,18.51,0.599,0.601,STRAIGHT,1.5,1.5,"CMD,0.6,1.50",4.0,0.0144,1.781,0.023,1,0.8685,0,NORMAL,51.825,0.185,1,1,1,1,1,86.8,69,11,0,,,,,,0,,,,230031,129210,3104
45,4.732117652893066,2026-03-05T17:20:08.436292,1.04,0.0,1.96,0.0,0.0,0.0,0.0,17.96,19.77,0.597,0.599,STRAIGHT,1.5,1.5,"CMD,0.6,1.50",4.0,0.0144,1.781,0.023,1,0.8685,0,NORMAL,52.017,0.211,1,1,1,1,1,81.8,0,0,0,,,,,,0,,,,239952,129396,0
46,4.760153293609619,2026-03-05T17:20:08.464328,0.0,0.0,3.04,0.0,0.0,0.0,0.0,17.0,19.82,0.596,0.597,STRAIGHT,1.5,1.5,"CMD,0.6,1.50",4.0,0.0144,1.781,0.023,1,0.8685,0,NORMAL,52.263,0.219,1,1,1,1,1,76.8,0,0,0,,,,,,0,,,,239952,129119,0
47,4.789119005203247,2026-03-05T17:20:08.493294,1.03,0.0,1.97,0.0,0.0,0.0,1.0,17.0,19.84,0.595,0.596,STRAIGHT,1.5,1.5,"CMD,0.6,1.50",4.0,0.0144,1.781,0.023,1,0.8685,0,NORMAL,52.2,0.246,1,1,1,1,1,76.8,0,0,0,,,,,,0,,,,239952,128680,0
48,4.9051525592803955,2026-03-05T17:20:08.609327,67.03,0.0,6.0,13.03,0.0,0.0,0.0,105.0,18.72,0.595,0.595,STRAIGHT,1.5,1.5,"CMD,0.6,1.50",4.0,0.0144,1.781,0.023,1,0.8848,0,NORMAL,52.353,0.217,1,1,1,1,1,86.8,97,16,0,,,,,,0,,,,251393,154579,4211
49,4.9361467361450195,2026-03-05T17:20:08.640321,0.0,0.0,3.01,0.0,0.0,0.0,1.02,18.98,19.88,0.594,0.595,STRAIGHT,1.5,1.5,"CMD,0.6,1.50",4.0,0.0144,1.781,0.023,1,0.8848,0,NORMAL,52.286,0.278,1,1,1,1,1,81.8,0,0,0,,,,,,0,,,,264015,154568,0
50,4.96612024307251,2026-03-05T17:20:08.670295,1.03,0.0,1.97,0.0,0.0,0.0,0.0,17.96,19.89,0.594,0.594,STRAIGHT,1.5,1.5,"CMD,0.6,1.50",4.0,0.0144,1.781,0.023,1,0.8848,0,NORMAL,53.423,0.215,1,1,1,1,1,76.8,0,0,0,,,,,,0,,,,264015,153979,0
51,4.996152400970459,2026-03-05T17:20:08.700327,1.03,0.0,2.0,0.0,0.0,0.0,0.0,18.0,19.88,0.594,0.594,STRAIGHT,1.5,1.5,"CMD,0.6,1.50",4.0,0.0144,1.781,0.023,1,0.8848,0,NORMAL,53.6,0.207,1,1,1,1,1,76.8,0,0,0,,,,,,0,,,,264015,153270,0
52,5.111154079437256,2026-03-05T17:20:08.815329,69.03,0.0,5.0,10.99,1.0,0.0,0.0,102.0,18.78,0.594,0.594,STRAIGHT,1.5,1.5,"CMD,0.6,1.50",4.0,0.0144,1.781,0.023,1,0.9119,0,NORMAL,53.761,0.238,1,1,1,1,1,86.8,70,12,0,,,,,,0,,,,260851,152003,3600
53,5.140122890472412,2026-03-05T17:20:08.844297,0.0,0.0,3.0,0.0,0.0,0.0,0.0,16.97,19.92,0.594,0.594,STRAIGHT,1.5,1.5,"CMD,0.6,1.50",4.0,0.0144,1.781,0.023,1,0.9119,0,NORMAL,54.071,0.234,1,1,1,1,1,81.8,0,0,0,,,,,,0,,,,277950,151962,0
54,5.1711585521698,2026-03-05T17:20:08.875333,1.03,0.0,3.0,0.0,0.0,0.0,0.0,19.0,19.88,0.594,0.594,STRAIGHT,1.5,1.5,"CMD,0.6,1.50",4.0,0.0144,1.781,0.023,1,0.9119,0,NORMAL,54.128,0.248,1,1,1,1,1,76.8,0,0,0,,,,,,0,,,,277950,151377,0
55,5.201125621795654,2026-03-05T17:20:08.905300,1.0,0.0,3.0,0.0,0.0,0.0,0.0,17.97,19.86,0.594,0.594,STRAIGHT,1.5,1.5,"CMD,0.6,1.50",4.0,0.0144,1.781,0.023,1,0.9119,0,NORMAL,54.229,0.282,1,1,1,1,1,76.8,0,0,0,,,,,,0,,,,277950,150777,0
56,5.318160772323608,2026-03-05T17:20:09.022335,71.04,0.0,6.0,10.01,1.0,0.0,1.0,105.0,18.72,0.594,0.594,STRAIGHT,1.5,1.5,"CMD,0.6,1.50",4.0,0.0144,1.781,0.023,1,0.9376,0,NORMAL,54.511,0.254,1,1,1,1,1,86.8,60,11,0,,,,,,0,,,,261233,148752,3316
57,5.34815788269043,2026-03-05T17:20:09.052332,1.03,0.0,2.0,0.0,0.0,0.0,1.0,18.0,19.78,0.594,0.594,STRAIGHT,1.5,1.5,"CMD,0.6,1.50",4.0,0.0144,1.781,0.023,1,0.9376,0,NORMAL,55.749,0.24,1,1,1,1,1,81.8,0,0,0,,,,,,0,,,,276005,148724,0
58,5.377124786376953,2026-03-05T17:20:09.081299,1.02,0.0,2.97,0.0,0.0,0.0,0.0,16.96,19.78,0.594,0.594,STRAIGHT,1.5,1.5,"CMD,0.6,1.50",4.0,0.0144,1.781,0.023,1,0.9376,0,NORMAL,55.951,0.23,1,1,1,1,1,76.8,0,0,0,,,,,,0,,,,276005,148146,0
59,5.40712571144104,2026-03-05T17:20:09.111300,0.0,0.0,3.0,0.0,0.0,0.0,1.0,19.0,19.78,0.594,0.594,STRAIGHT,1.5,1.5,"CMD,0.6,1.50",4.0,0.0144,1.781,0.023,1,0.9376,0,NORMAL,55.703,0.236,1,1,1,1,1,76.8,0,0,0,,,,,,0,,,,276005,147430,0
60,5.523158550262451,2026-03-05T17:20:09.227333,71.04,0.0,6.0,9.99,1.01,0.0,0.0,105.0,18.69,0.584,0.594,STRAIGHT,1.5,1.5,"CMD,0.6,1.50",4.0,0.0137,1.826,0.023,1,0.9405,0,NORMAL,54.838,0.218,1,1,1,1,1,89.0,69,10,0,,,,,,0,,,,263145,146363,3163
61,5.553126811981201,2026-03-05T17:20:09.257301,0.0,0.0,3.0,0.0,0.0,0.0,0.0,17.97,19.77,0.578,0.584,STRAIGHT,1.5,1.5,"CMD,0.6,1.50",4.0,0.0137,1.826,0.023,1,0.9405,0,NORMAL,54.205,0.203,1,1,1,1,1,84.0,0,0,0,,,,,,0,,,,276592,146302,0
62,5.583126783370972,2026-03-05T17:20:09.287301,1.03,0.0,1.97,0.0,0.0,0.0,0.0,17.96,19.77,0.573,0.578,STRAIGHT,1.5,1.5,"CMD,0.6,1.50",4.0,0.0137,1.826,0.023,1,0.9405,0,NORMAL,53.225,0.192,1,1,1,1,1,79.0,0,0,0,,,,,,0,,,,276592,145750,0
63,5.613127708435059,2026-03-05T17:20:09.317302,0.0,0.0,3.0,0.0,0.0,0.0,0.0,16.96,19.75,0.571,0.573,STRAIGHT,1.5,1.5,"CMD,0.6,1.50",4.0,0.0137,1.826,0.023,1,0.9405,0,NORMAL,53.334,0.166,1,1,1,1,1,79.0,0,0,0,,,,,,0,,,,276592,144979,0
64,5.734132289886475,2026-03-05T17:20:09.438307,71.03,0.0,6.01,14.03,0.0,0.0,0.0,109.99,18.6,0.589,0.573,STRAIGHT,1.5,1.5,"CMD,0.6,1.50",4.0,0.0152,1.735,0.023,1,0.934,0,NORMAL,52.688,0.138,1,1,1,1,1,84.5,115,13,0,,,,,,0,,,,260573,144155,3405
65,5.764129638671875,2026-03-05T17:20:09.468304,1.0,0.0,2.0,0.0,0.0,0.0,0.0,18.96,19.71,0.601,0.589,STRAIGHT,1.5,1.5,"CMD,0.6,1.50",4.0,0.0152,1.735,0.023,1,0.934,0,NORMAL,52.614,0.109,1,1,1,1,1,79.5,0,0,0,,,,,,0,,,,274527,144109,0
66,5.794130325317383,2026-03-05T17:20:09.498305,1.0,0.0,2.0,0.0,0.0,0.0,0.0,18.0,19.73,0.609,0.601,STRAIGHT,1.5,1.5,"CMD,0.6,1.50",4.0,0.0152,1.735,0.023,1,0.934,0,NORMAL,53.96,0.045,1,1,1,1,1,74.5,0,0,0,,,,,,0,,,,274527,143511,0
67,5.82213020324707,2026-03-05T17:20:09.526305,1.0,0.0,3.0,0.0,0.0,0.0,0.0,16.96,19.73,0.615,0.609,STRAIGHT,1.5,1.5,"CMD,0.6,1.50",4.0,0.0152,1.735,0.023,1,0.934,0,NORMAL,55.299,0.012,1,1,1,1,1,74.5,0,0,0,,,,,,0,,,,274527,142791,0
68,5.9421656131744385,2026-03-05T17:20:09.646340,71.03,0.0,6.0,14.0,0.0,0.0,0.0,108.03,18.59,0.618,0.615,STRAIGHT,1.5,1.5,"CMD,0.6,1.50",4.0,0.0152,1.735,0.023,1,0.893,0,NORMAL,54.364,-0.011,1,1,1,1,1,84.5,108,16,0,,,,,,0,,,,267739,150197,4033
69,5.972131967544556,2026-03-05T17:20:09.676307,1.0,0.0,3.0,0.0,0.0,0.0,0.0,17.96,19.66,0.621,0.618,STRAIGHT,1.5,1.5,"CMD,0.6,1.50",4.0,0.0152,1.735,0.023,1,0.893,0,NORMAL,53.449,-0.034,1,1,1,1,1,79.5,0,0,0,,,,,,0,,,,282709,150106,0
70,6.00213360786438,2026-03-05T17:20:09.706308,1.01,0.0,2.98,0.0,0.0,0.0,1.0,19.0,19.69,0.622,0.621,STRAIGHT,1.5,1.5,"CMD,0.6,1.50",4.0,0.0152,1.735,0.023,1,0.893,0,NORMAL,52.244,-0.041,1,1,1,1,1,74.5,0,0,0,,,,,,0,,,,282709,149497,0
71,6.032174110412598,2026-03-05T17:20:09.736349,1.03,0.0,2.0,0.0,0.0,0.0,1.01,18.98,19.7,0.623,0.622,STRAIGHT,1.5,1.5,"CMD,0.6,1.50",4.0,0.0152,1.735,0.023,1,0.893,0,NORMAL,51.169,-0.066,1,1,1,1,1,74.5,0,0,0,,,,,,0,,,,282709,148761,0
72,6.153169631958008,2026-03-05T17:20:09.857344,71.04,0.0,4.96,14.04,0.97,0.0,0.0,110.01,18.54,0.614,0.622,STRAIGHT,1.5,1.5,"CMD,0.6,1.50",4.0,0.0144,1.781,0.023,1,0.8953,0,NORMAL,50.087,-0.095,1,1,1,1,1,86.8,123,13,0,,,,,,0,,,,284753,154356,4001
73,6.184138059616089,2026-03-05T17:20:09.888313,0.0,0.0,3.0,0.0,0.0,0.0,0.0,19.0,19.58,0.607,0.614,STRAIGHT,1.5,1.5,"CMD,0.6,1.50",4.0,0.0144,1.781,0.023,1,0.8953,0,NORMAL,49.005,-0.12,1,1,1,1,1,81.8,0,0,0,,,,,,0,,,,299274,154278,0
74,6.214169263839722,2026-03-05T17:20:09.918344,1.03,0.0,2.0,0.0,0.0,0.0,0.0,17.03,19.57,0.603,0.607,STRAIGHT,1.5,1.5,"CMD,0.6,1.50",4.0,0.0144,1.781,0.023,1,0.8953,0,NORMAL,48.356,-0.15,1,1,1,1,1,76.8,0,0,0,,,,,,0,,,,299274,153694,0
75,6.245162487030029,2026-03-05T17:20:09.949337,0.96,0.0,3.03,0.0,0.0,0.0,0.0,17.99,19.53,0.6,0.603,STRAIGHT,1.5,1.5,"CMD,0.6,1.50",4.0,0.0144,1.781,0.023,1,0.8953,0,NORMAL,48.314,-0.155,1,1,1,1,1,76.8,0,0,0,,,,,,0,,,,299274,152928,0
76,6.369170427322388,2026-03-05T17:20:10.073345,74.03,0.0,6.0,14.03,0.0,0.0,0.0,112.0,18.35,0.598,0.6,STRAIGHT,1.5,1.5,"CMD,0.6,1.50",4.0,0.0144,1.781,0.023,1,0.9188,0,NORMAL,47.832,-0.145,1,1,1,1,1,86.8,124,12,0,,,,,,0,,,,285044,148142,3293
77,6.400163888931274,2026-03-05T17:20:10.104338,1.03,0.0,1.97,0.0,0.0,0.0,0.0,19.03,19.4,0.596,0.598,STRAIGHT,1.5,1.5,"CMD,0.6,1.50",4.0,0.0144,1.781,0.023,1,0.9188,0,NORMAL,47.074,-0.062,1,1,1,1,1,81.8,0,0,0,,,,,,0,,,,301442,147972,0
78,6.429172039031982,2026-03-05T17:20:10.133347,1.03,0.0,2.0,0.0,0.0,0.0,0.0,17.0,19.42,0.595,0.596,STRAIGHT,1.5,1.5,"CMD,0.6,1.50",4.0,0.0144,1.781,0.023,1,0.9188,0,NORMAL,50.439,-0.084,1,1,1,1,1,76.8,0,0,0,,,,,,0,,,,301442,147517,0
79,6.459172010421753,2026-03-05T17:20:10.163347,1.0,0.0,2.03,0.0,0.0,0.0,0.0,18.0,19.41,0.595,0.595,STRAIGHT,1.5,1.5,"CMD,0.6,1.50",4.0,0.0144,1.781,0.023,1,0.9188,0,NORMAL,49.855,-0.065,1,1,1,1,1,76.8,0,0,0,,,,,,0,,,,301442,146833,0
80,6.582174062728882,2026-03-05T17:20:10.286349,72.0,0.0,6.99,16.05,0.0,0.0,0.0,112.04,18.28,0.595,0.595,STRAIGHT,1.5,1.5,"CMD,0.6,1.50",4.0,0.0144,1.781,0.023,1,0.9183,0,NORMAL,49.438,-0.045,1,1,1,1,1,86.8,136,13,0,,,,,,0,,,,292460,150889,3559
81,6.615140199661255,2026-03-05T17:20:10.319315,0.0,0.0,3.0,0.0,0.0,0.0,0.0,18.99,19.27,0.594,0.595,STRAIGHT,1.5,1.5,"CMD,0.6,1.50",4.0,0.0144,1.781,0.023,1,0.9183,0,NORMAL,48.202,-0.008,1,1,1,1,1,81.8,0,0,0,,,,,,0,,,,303098,150577,0
82,6.6461756229400635,2026-03-05T17:20:10.350350,1.0,0.0,3.04,0.0,0.0,0.0,0.0,18.0,19.26,0.594,0.594,STRAIGHT,1.5,1.5,"CMD,0.6,1.50",4.0,0.0144,1.781,0.023,1,0.9183,0,NORMAL,47.408,0.042,1,1,1,1,1,76.8,0,0,0,,,,,,0,,,,303098,150099,0
83,6.677184343338013,2026-03-05T17:20:10.381359,1.04,0.0,2.0,0.0,0.0,0.0,0.0,18.04,19.27,0.594,0.594,STRAIGHT,1.5,1.5,"CMD,0.6,1.50",4.0,0.0144,1.781,0.023,1,0.9183,0,NORMAL,46.879,0.083,1,1,1,1,1,76.8,0,0,0,,,,,,0,,,,303098,149287,0
84,6.8001861572265625,2026-03-05T17:20:10.504361,73.03,0.0,6.0,14.0,1.04,0.0,0.0,111.0,18.14,0.584,0.594,STRAIGHT,1.5,1.5,"CMD,0.6,1.50",4.0,0.0137,1.826,0.023,1,0.9194,0,NORMAL,45.453,0.129,1,1,1,1,1,89.0,110,12,0,,,,,,0,,,,301145,154517,3553
85,6.83117938041687,2026-03-05T17:20:10.535354,0.0,0.0,3.04,0.0,0.0,0.0,0.0,17.99,19.17,0.578,0.584,STRAIGHT,1.5,1.5,"CMD,0.6,1.50",4.0,0.0137,1.826,0.023,1,0.9194,0,NORMAL,44.344,0.138,1,1,1,1,1,84.0,0,0,0,,,,,,0,,,,313454,154241,0
86,6.862143278121948,2026-03-05T17:20:10.566318,1.0,0.0,3.0,0.0,0.0,0.0,0.0,18.0,19.15,0.573,0.578,STRAIGHT,1.5,1.5,"CMD,0.6,1.50",4.0,0.0137,1.826,0.023,1,0.9194,0,NORMAL,43.282,0.193,1,1,1,1,1,79.0,0,0,0,,,,,,0,,,,313454,153672,0
87,6.89318060874939,2026-03-05T17:20:10.597355,1.05,0.0,2.99,0.0,0.0,0.0,0.0,17.99,19.13,0.571,0.573,STRAIGHT,1.5,1.5,"CMD,0.6,1.50",4.0,0.0137,1.826,0.023,1,0.9194,0,NORMAL,42.323,0.234,1,1,1,1,1,79.0,0,0,0,,,,,,0,,,,313454,152963,0
88,7.019178152084351,2026-03-05T17:20:10.723353,71.03,0.0,6.0,19.03,0.0,0.0,0.0,112.99,17.99,0.551,0.571,STRAIGHT,1.5,1.5,"CMD,0.6,1.50",4.0,0.0124,1.918,0.023,1,0.9054,0,NORMAL,41.473,0.248,1,1,1,1,1,93.6,182,14,0,,,,,,0,,,,305537,164796,4365
89,7.051146030426025,2026-03-05T17:20:10.755321,1.03,0.0,1.97,0.0,0.0,0.0,1.0,17.96,18.98,0.538,0.551,STRAIGHT,1.5,1.5,"CMD,0.6,1.50",4.0,0.0124,1.918,0.023,1,0.9054,0,NORMAL,40.747,0.213,1,1,1,1,1,88.6,0,0,0,,,,,,0,,,,316057,164661,0
90,7.081145763397217,2026-03-05T17:20:10.785320,1.04,0.0,1.96,0.0,0.0,0.0,0.0,17.96,18.98,0.529,0.538,STRAIGHT,1.5,1.5,"CMD,0.5,1.50",4.0,0.0124,1.918,0.023,1,0.9054,0,NORMAL,40.117,0.168,1,1,1,1,1,83.6,0,0,0,,,,,,0,,,,316057,164207,0
91,7.111175775527954,2026-03-05T17:20:10.815350,1.0,0.0,3.03,0.0,0.0,0.0,0.0,17.99,18.98,0.524,0.529,STRAIGHT,1.5,1.5,"CMD,0.5,1.50",4.0,0.0124,1.918,0.023,1,0.9054,0,NORMAL,38.962,0.103,1,1,1,1,1,83.6,0,0,0,,,,,,0,,,,316057,163634,0
92,7.23618483543396,2026-03-05T17:20:10.940359,72.0,0.0,7.03,15.98,0.97,0.0,0.0,113.0,17.87,0.505,0.524,STRAIGHT,1.5,1.5,"CMD,0.5,1.50",4.0,0.0113,2.009,0.023,1,0.8865,0,NORMAL,38.096,0.061,1,1,1,1,1,98.2,127,12,0,,,,,,0,,,,318617,181126,4494
93,7.268152475357056,2026-03-05T17:20:10.972327,1.03,0.0,2.0,0.0,0.0,0.0,0.98,18.97,18.9,0.492,0.505,STRAIGHT,1.5,1.5,"CMD,0.5,1.50",4.0,0.0113,2.009,0.023,1,0.8865,0,NORMAL,37.897,0.012,1,1,1,1,1,93.2,0,0,0,,,,,,0,,,,332025,180908,0
94,7.299181938171387,2026-03-05T17:20:11.003356,1.04,0.0,1.96,0.0,0.0,0.0,0.0,18.0,18.89,0.484,0.492,STRAIGHT,1.5,1.5,"CMD,0.5,1.50",4.0,0.0113,2.009,0.023,1,0.8865,0,NORMAL,37.198,-0.02,1,1,1,1,1,88.2,0,0,0,,,,,,0,,,,332025,180419,0
95,7.329180955886841,2026-03-05T17:20:11.033356,1.04,0.0,2.0,0.0,0.0,0.0,0.0,16.99,18.88,0.478,0.484,STRAIGHT,1.5,1.5,"CMD,0.5,1.50",4.0,0.0113,2.009,0.023,1,0.8865,0,NORMAL,36.701,-0.066,1,1,1,1,1,88.2,0,0,0,,,,,,0,,,,332025,179781,0
96,7.45718240737915,2026-03-05T17:20:11.161357,74.04,0.0,6.0,16.04,1.0,0.0,1.03,114.03,17.74,0.467,0.478,STRAIGHT,1.5,1.5,"CMD,0.5,1.50",4.0,0.0108,2.055,0.023,1,0.9354,0,NORMAL,35.81,-0.101,1,1,1,1,1,100.5,123,12,0,,,,,,0,,,,320419,185993,4314
97,7.488150358200073,2026-03-05T17:20:11.192325,1.01,0.0,2.99,0.0,0.0,0.0,0.0,17.96,18.76,0.46,0.467,STRAIGHT,1.5,1.5,"CMD,0.5,1.50",4.0,0.0108,2.055,0.023,1,0.9354,0,NORMAL,34.964,-0.147,1,1,1,1,1,95.5,0,0,0,,,,,,0,,,,326776,185877,0
98,7.518151044845581,2026-03-05T17:20:11.222326,0.0,0.0,3.0,0.0,0.0,0.0,0.0,18.0,18.76,0.455,0.46,STRAIGHT,1.5,1.5,"CMD,0.5,1.50",4.0,0.0108,2.055,0.023,1,0.9354,0,NORMAL,32.221,-0.187,1,1,1,1,1,90.5,0,0,0,,,,,,0,,,,326776,185441,0
99,7.549188137054443,2026-03-05T17:20:11.253363,1.06,0.0,2.0,0.0,0.0,0.0,0.97,18.01,18.75,0.452,0.455,STRAIGHT,1.5,1.5,"CMD,0.5,1.50",4.0,0.0108,2.055,0.023,1,0.9354,0,NORMAL,31.254,-0.227,1,1,1,1,1,90.5,0,0,0,,,,,,0,,,,326776,184804,0
100,7.671200513839722,2026-03-05T17:20:11.375375,71.04,0.0,5.97,14.0,1.03,0.0,0.0,110.01,17.69,0.438,0.452,STRAIGHT,1.5,1.5,"CMD,0.5,1.50",4.0,0.0099,2.146,0.023,1,0.9094,0,NORMAL,30.331,-0.261,1,1,1,1,1,105.0,92,12,0,,,,,,0,,,,332827,198778,4377
101,7.7031872272491455,2026-03-05T17:20:11.407362,1.04,0.0,3.0,0.0,0.0,0.0,0.0,17.99,18.71,0.428,0.438,STRAIGHT,1.5,1.5,"CMD,0.4,1.50",4.0,0.0099,2.146,0.023,1,0.9094,0,NORMAL,29.913,-0.271,1,1,1,1,1,100.0,0,0,0,,,,,,0,,,,335588,198522,0
102,7.735154390335083,2026-03-05T17:20:11.439329,0.99,0.0,3.0,0.0,0.0,0.0,0.0,17.96,18.71,0.422,0.428,STRAIGHT,1.5,1.5,"CMD,0.4,1.50",4.0,0.0099,2.146,0.023,1,0.9094,0,NORMAL,29.768,-0.268,1,1,1,1,1,95.0,0,0,0,,,,,,0,,,,335588,197831,0
103,7.764196157455444,2026-03-05T17:20:11.468371,1.03,0.0,2.01,0.0,0.0,0.0,0.0,17.04,18.71,0.418,0.422,STRAIGHT,1.5,1.5,"CMD,0.4,1.50",4.0,0.0099,2.146,0.023,1,0.9094,0,NORMAL,29.113,-0.285,1,1,1,1,1,95.0,0,0,0,,,,,,0,,,,335588,197094,0
104,7.889188528060913,2026-03-05T17:20:11.593363,72.03,0.0,6.0,17.03,0.0,0.0,0.0,112.0,17.64,0.131,0.418,STRAIGHT,1.5,1.5,"CMD,0.4,1.50",3.903,-0.0107,2.237,-0.027,1,0.8925,0,NORMAL,28.662,-0.282,1,1,1,1,1,111.5,116,12,0,,,,,,0,,,,364507,206985,4562
105,7.921191453933716,2026-03-05T17:20:11.625366,1.05,0.0,1.99,0.0,0.0,0.0,1.0,18.0,18.69,-0.061,0.131,STRAIGHT,1.5,1.5,"CMD,0.1,1.50",3.903,-0.0107,2.237,-0.027,1,0.8925,0,NORMAL,28.534,-0.313,1,1,1,1,1,106.5,0,0,0,,,,,,0,,,,366280,204404,0
106,7.951159477233887,2026-03-05T17:20:11.655334,0.0,0.0,3.0,0.0,0.0,0.0,0.0,17.0,18.7,-0.188,-0.061,STRAIGHT,1.5,1.5,"CMD,-0.1,1.50",3.903,-0.0107,2.237,-0.027,1,0.8925,0,NORMAL,28.976,-0.263,1,1,1,1,1,101.5,0,0,0,,,,,,0,,,,366280,201637,0
107,7.982186555862427,2026-03-05T17:20:11.686361,1.03,0.0,2.0,0.0,0.0,0.0,0.0,17.99,18.67,-0.273,-0.188,STRAIGHT,1.5,1.5,"CMD,-0.2,1.50",3.903,-0.0107,2.237,-0.027,1,0.8925,0,NORMAL,29.225,-0.305,1,1,1,1,1,101.5,0,0,0,,,,,,0,,,,366280,198498,0
108,8.108189821243286,2026-03-05T17:20:11.812364,76.03,0.0,6.0,12.03,1.01,0.0,0.0,112.0,17.59,-0.655,-0.273,STRAIGHT,1.5,1.5,"CMD,-0.3,1.50",2.94,-0.0344,2.924,-0.147,1,0.94,0,NORMAL,30.408,-0.212,1,1,1,1,1,215.0,65,13,0,,,,,,0,,,,371943,205004,3995
109,8.139195919036865,2026-03-05T17:20:11.843371,0.0,0.0,3.04,0.0,0.0,0.0,0.0,17.04,18.63,-0.91,-0.655,STRAIGHT,1.5,1.5,"CMD,-0.7,1.50",2.94,-0.0344,2.924,-0.147,1,0.94,0,NORMAL,31.484,-0.193,1,1,1,1,1,209.5,0,0,0,,,,,,0,,,,371947,192992,0
110,8.266191482543945,2026-03-05T17:20:11.970366,77.03,0.0,6.0,12.02,1.0,0.0,0.0,113.0,17.56,-1.058,-0.91,STRAIGHT,1.5,1.5,"CMD,-0.9,1.50",3.058,-0.0329,3.044,-0.153,1,0.9792,0,NORMAL,32.449,-0.181,1,1,1,1,1,216.8,59,11,0,,,,,,0,,,,375469,206241,4106
111,8.298194169998169,2026-03-05T17:20:12.002369,1.0,0.0,2.04,0.0,0.0,0.0,0.0,17.99,17.55,-1.157,-1.058,STRAIGHT,1.5,1.5,"CMD,-1.1,1.50",3.058,-0.0329,3.044,-0.153,1,0.9792,0,NORMAL,33.465,-0.11,1,1,1,1,1,210.6,0,0,0,,,,,,0,,,,375473,195543,0
112,8.43019700050354,2026-03-05T17:20:12.134372,81.04,0.0,6.0,13.03,0.0,0.0,1.0,119.0,16.53,-1.592,-1.157,STRAIGHT,1.5,1.5,"CMD,-1.2,1.50",2.779,-0.0597,2.751,-0.227,1,0.9693,0,NORMAL,35.481,0.02,1,1,1,1,1,214.0,60,12,0,,,,,,0,,,,384848,212160,4238
113,8.462162494659424,2026-03-05T17:20:12.166337,1.04,0.0,1.96,0.0,0.0,0.0,1.0,17.96,17.45,-1.881,-1.592,STRAIGHT,1.5,1.5,"CMD,-1.6,1.50",2.779,-0.0597,2.751,-0.227,1,0.9693,0,NORMAL,37.666,0.182,1,1,1,1,1,208.1,0,0,0,,,,,,0,,,,385420,198120,0
114,8.5891752243042,2026-03-05T17:20:12.293350,75.03,0.0,6.0,13.03,0.98,0.0,0.0,114.01,16.5,-2.2,-1.881,STRAIGHT,1.5,1.5,"CMD,-1.9,1.50",2.51,-0.0688,2.472,-0.212,1,0.9575,0,NORMAL,39.696,0.274,1,1,1,1,1,202.5,63,11,0,,,,,,0,,,,399397,217799,4414
115,8.622166633605957,2026-03-05T17:20:12.326341,1.03,0.0,2.97,0.0,0.0,0.0,0.0,17.97,16.48,-2.412,-2.2,STRAIGHT,1.5,1.5,"CMD,-2.2,1.50",2.51,-0.0688,2.472,-0.212,1,0.9575,0,NORMAL,40.601,0.289,1,1,1,1,1,196.5,0,0,0,,,,,,0,,,,399755,197047,0
116,8.750280141830444,2026-03-05T17:20:12.454455,77.12,0.0,4.96,15.0,1.01,0.0,0.0,114.08,15.62,-2.76,-2.412,STRAIGHT,1.5,1.5,"CMD,-2.4,1.50",2.389,-0.0839,2.338,-0.232,1,0.9581,0,NORMAL,40.98,0.315,1,1,1,1,1,189.9,77,11,0,,,,,,0,,,,415716,222742,4518
117,8.877280950546265,2026-03-05T17:20:12.581455,76.0,0.0,6.02,15.03,0.0,0.0,0.0,112.0,15.61,-2.822,-2.76,STRAIGHT,1.5,1.5,"CMD,-2.8,1.50",2.451,-0.0715,2.409,-0.209,1,0.978,0,NORMAL,42.068,0.283,1,1,1,1,1,188.6,86,11,0,,,,,,0,,,,417601,222716,4414
118,8.910280704498291,2026-03-05T17:20:12.614455,1.02,0.0,1.97,0.0,0.0,0.0,1.03,18.99,15.6,-2.864,-2.822,STRAIGHT,1.5,1.5,"CMD,-2.8,1.50",2.451,-0.0715,2.409,-0.209,1,0.978,0,NORMAL,43.325,0.285,1,1,1,1,1,182.1,0,0,0,,,,,,0,,,,417884,200453,0
119,9.033284664154053,2026-03-05T17:20:12.737459,72.0,0.0,6.03,14.03,1.0,0.0,1.03,109.99,14.86,-2.539,-2.822,STRAIGHT,1.5,1.5,"CMD,-2.8,1.50",2.886,-0.0458,2.866,-0.189,1,0.974,0,NORMAL,44.687,0.321,1,1,1,1,1,174.2,79,11,0,,,,,,0,,,,424342,225154,4406
120,9.066283226013184,2026-03-05T17:20:12.770458,1.03,0.0,2.0,0.0,0.0,0.0,0.0,18.0,14.83,-2.323,-2.539,STRAIGHT,1.5,1.5,"CMD,-2.5,1.50",2.886,-0.0458,2.866,-0.189,1,0.974,0,NORMAL,46.314,0.294,1,1,1,1,1,168.3,0,0,0,,,,,,0,,,,424829,212422,0
121,9.193285942077637,2026-03-05T17:20:12.897461,72.04,0.0,5.96,15.03,1.01,0.0,0.0,111.98,14.83,-1.628,-2.323,STRAIGHT,1.5,1.5,"CMD,-2.3,1.50",3.238,-0.0058,3.224,-0.03,1,0.9691,0,NORMAL,46.509,0.303,1,1,1,1,1,173.3,88,11,0,,,,,,0,,,,434033,226408,4566
122,9.224278926849365,2026-03-05T17:20:12.928454,1.03,0.0,1.99,0.0,0.0,0.0,0.0,16.99,14.83,-1.165,-1.628,STRAIGHT,1.5,1.5,"CMD,-1.6,1.50",3.238,-0.0058,3.224,-0.03,1,0.9691,0,NORMAL,47.657,0.281,1,1,1,1,1,167.7,0,0,0,,,,,,0,,,,434033,214219,0
123,9.349287271499634,2026-03-05T17:20:13.053462,71.01,0.0,6.0,15.04,1.01,0.0,0.0,107.97,14.15,-1.036,-1.165,STRAIGHT,1.5,1.5,"CMD,-1.2,1.50",4.0,-0.0188,3.059,-0.088,1,0.9466,0,NORMAL,49.44,0.259,1,1,1,1,1,151.4,84,12,0,,,,,,0,,,,457193,231124,4354
124,9.382283210754395,2026-03-05T17:20:13.086458,1.03,0.0,1.97,0.0,0.0,0.0,0.0,17.99,14.12,-0.95,-1.036,STRAIGHT,1.5,1.5,"CMD,-1.0,1.50",4.0,-0.0188,3.059,-0.088,1,0.9466,0,NORMAL,49.513,0.428,1,1,1,1,1,146.3,0,0,0,,,,,,0,,,,457409,230898,0
125,9.41429090499878,2026-03-05T17:20:13.118465,0.0,0.0,3.03,0.0,0.0,0.0,0.0,17.97,14.82,-0.892,-0.95,STRAIGHT,1.5,1.5,"CMD,-0.9,1.50",4.0,-0.0188,3.059,-0.088,1,0.9466,0,NORMAL,48.869,0.399,1,1,1,1,1,141.3,0,0,0,,,,,,0,,,,457409,230274,0
126,9.450287818908691,2026-03-05T17:20:13.154462,1.03,0.0,1.97,0.0,0.0,0.0,0.0,18.99,14.78,-0.854,-0.892,STRAIGHT,1.5,1.5,"CMD,-0.9,1.50",4.0,-0.0188,3.059,-0.088,1,0.9466,0,NORMAL,48.271,0.402,1,1,1,1,1,136.3,0,0,0,,,,,,0,,,,457409,228643,0
127,9.574296712875366,2026-03-05T17:20:13.278471,70.03,0.0,6.0,14.99,0.96,0.0,0.0,110.0,14.1,-0.496,-0.854,STRAIGHT,1.5,1.5,"CMD,-0.9,1.50",4.0,0.0053,2.922,0.023,1,0.93,0,NORMAL,48.465,0.394,1,1,1,1,1,143.8,67,12,0,,,,,,0,,,,489981,237216,4344
128,9.609284162521362,2026-03-05T17:20:13.313459,0.99,0.0,3.02,0.0,0.0,0.0,0.0,17.99,14.08,-0.257,-0.496,STRAIGHT,1.5,1.5,"CMD,-0.5,1.50",4.0,0.0053,2.922,0.023,1,0.93,0,NORMAL,48.725,0.388,1,1,1,1,1,138.8,0,0,0,,,,,,0,,,,490006,237148,0
129,9.642285346984863,2026-03-05T17:20:13.346460,1.0,0.0,3.02,0.0,0.0,0.0,0.0,18.03,14.71,-0.098,-0.257,STRAIGHT,1.5,1.5,"CMD,-0.3,1.50",4.0,0.0053,2.922,0.023,1,0.93,0,NORMAL,49.388,0.401,1,1,1,1,1,133.8,0,0,0,,,,,,0,,,,490006,235767,0
130,9.67528510093689,2026-03-05T17:20:13.379460,1.04,0.0,1.96,0.0,0.0,0.0,1.02,16.99,14.71,0.008,-0.098,STRAIGHT,1.5,1.5,"CMD,-0.1,1.50",4.0,0.0053,2.922,0.023,1,0.93,0,NORMAL,49.61,0.372,1,1,1,1,1,128.8,0,0,0,,,,,,0,,,,490006,233567,0
131,9.798293113708496,2026-03-05T17:20:13.502468,70.03,0.0,6.0,14.06,0.98,0.0,0.0,108.0,14.05,0.045,0.008,STRAIGHT,1.5,1.5,"CMD,0.0,1.50",4.0,0.0029,4.0,0.023,1,0.9629,0,NORMAL,49.616,0.352,1,1,1,1,1,200.9,58,11,0,,,,,,0,,,,501150,235523,4228
132,9.831287860870361,2026-03-05T17:20:13.535462,1.03,0.0,1.97,0.0,0.0,0.0,0.0,17.99,14.03,0.069,0.045,STRAIGHT,1.5,1.5,"CMD,0.0,1.50",4.0,0.0029,4.0,0.023,1,0.9629,0,NORMAL,51.063,0.356,1,1,1,1,1,195.9,0,0,0,,,,,,0,,,,501191,235566,0
133,9.863287210464478,2026-03-05T17:20:13.567462,1.0,0.0,3.03,0.0,0.0,0.0,0.0,16.99,14.69,0.085,0.069,STRAIGHT,1.5,1.5,"CMD,0.1,1.50",4.0,0.0029,4.0,0.023,1,0.9629,0,NORMAL,51.385,0.372,1,1,1,1,1,190.9,0,0,0,,,,,,0,,,,501191,234139,0
134,9.896294593811035,2026-03-05T17:20:13.600469,0.0,0.0,3.03,0.0,0.0,0.0,0.0,18.0,14.68,0.096,0.085,STRAIGHT,1.5,1.5,"CMD,0.1,1.50",4.0,0.0029,4.0,0.023,1,0.9629,0,NORMAL,52.622,0.34,1,1,1,1,1,185.9,0,0,0,,,,,,0,,,,501191,231687,0
135,10.017305135726929,2026-03-05T17:20:13.721480,69.01,0.0,6.02,13.03,1.0,0.0,0.0,106.0,14.04,0.103,0.096,STRAIGHT,1.5,1.5,"CMD,0.1,1.50",4.0,0.0029,4.0,0.023,1,0.9919,0,NORMAL,53.137,0.381,1,1,1,1,1,207.8,53,11,0,,,,,,0,,,,505073,239931,4291
136,10.050297260284424,2026-03-05T17:20:13.754472,1.03,0.0,2.0,0.0,0.0,0.0,0.0,16.99,14.02,0.108,0.103,STRAIGHT,1.5,1.5,"CMD,0.1,1.50",4.0,0.0029,4.0,0.023,1,0.9919,0,NORMAL,53.67,0.395,1,1,1,1,1,202.8,0,0,0,,,,,,0,,,,505099,239951,0
137,10.083295583724976,2026-03-05T17:20:13.787470,1.01,0.0,1.99,0.0,0.0,0.0,1.03,18.0,14.68,0.111,0.108,STRAIGHT,1.5,1.5,"CMD,0.1,1.50",4.0,0.0029,4.0,0.023,1,0.9919,0,NORMAL,54.217,0.429,1,1,1,1,1,197.8,0,0,0,,,,,,0,,,,505099,238505,0
138,10.115297317504883,2026-03-05T17:20:13.819472,0.0,0.0,3.03,0.0,0.0,0.0,0.0,17.0,14.68,0.113,0.111,STRAIGHT,1.5,1.5,"CMD,0.1,1.50",4.0,0.0029,4.0,0.023,1,0.9919,0,NORMAL,54.412,0.454,1,1,1,1,1,192.8,0,0,0,,,,,,0,,,,505099,236080,0
139,10.23930025100708,2026-03-05T17:20:13.943475,70.02,0.0,7.0,14.03,1.0,0.0,0.0,107.99,14.71,0.115,0.113,STRAIGHT,1.5,1.5,"CMD,0.1,1.50",4.0,0.0029,4.0,0.023,1,0.9923,0,NORMAL,55.408,0.435,1,1,1,1,1,205.5,63,11,0,,,,,,0,,,,505290,238302,4386
140,10.272299528121948,2026-03-05T17:20:13.976474,1.03,0.0,3.0,0.0,0.0,0.0,0.0,17.03,14.69,0.116,0.115,STRAIGHT,1.5,1.5,"CMD,0.1,1.50",4.0,0.0029,4.0,0.023,1,0.9923,0,NORMAL,55.122,0.465,1,1,1,1,1,200.5,0,0,0,,,,,,0,,,,505290,237954,0
141,10.305302381515503,2026-03-05T17:20:14.009477,0.0,0.0,3.03,0.0,0.0,0.0,0.0,17.0,15.47,0.116,0.116,STRAIGHT,1.5,1.5,"CMD,0.1,1.50",4.0,0.0029,4.0,0.023,1,0.9923,0,NORMAL,54.929,0.461,1,1,1,1,1,195.5,0,0,0,,,,,,0,,,,505290,237158,0
142,10.338303565979004,2026-03-05T17:20:14.042478,1.0,0.0,2.0,0.0,0.0,0.0,0.0,17.99,15.46,0.117,0.116,STRAIGHT,1.5,1.5,"CMD,0.1,1.50",4.0,0.0029,4.0,0.023,1,0.9923,0,NORMAL,55.872,0.47,1,1,1,1,1,190.5,0,0,0,,,,,,0,,,,505290,234992,0
143,10.463302612304688,2026-03-05T17:20:14.167477,70.04,0.0,9.0,14.03,1.02,0.0,0.0,110.03,15.47,0.117,0.117,STRAIGHT,1.5,1.5,"CMD,0.1,1.50",4.0,0.0029,4.0,0.023,1,0.9959,0,NORMAL,56.263,0.496,1,1,1,1,1,203.2,63,11,0,,,,,,0,,,,506555,239293,4392
144,10.499302625656128,2026-03-05T17:20:14.203477,0.0,0.0,3.03,0.0,0.0,0.0,0.0,18.0,15.45,0.117,0.117,STRAIGHT,1.5,1.5,"CMD,0.1,1.50",4.0,0.0029,4.0,0.023,1,0.9959,0,NORMAL,56.758,0.465,1,1,1,1,1,198.2,0,0,0,,,,,,0,,,,506558,238997,0
145,10.53131628036499,2026-03-05T17:20:14.235491,0.0,0.0,3.05,0.0,0.0,0.0,0.0,17.01,16.27,0.117,0.117,STRAIGHT,1.5,1.5,"CMD,0.1,1.50",4.0,0.0029,4.0,0.023,1,0.9959,0,NORMAL,56.375,0.487,1,1,1,1,1,193.2,0,0,0,,,,,,0,,,,506558,238160,0
146,10.564303874969482,2026-03-05T17:20:14.268479,1.02,0.0,1.97,0.0,0.0,0.0,0.0,16.99,17.19,0.118,0.117,STRAIGHT,1.5,1.5,"CMD,0.1,1.50",4.0,0.0029,4.0,0.023,1,0.9959,0,NORMAL,56.559,0.398,1,1,1,1,1,188.2,0,0,0,,,,,,0,,,,506558,235866,0
147,10.6873037815094,2026-03-05T17:20:14.391478,70.01,0.0,7.02,13.03,1.0,0.0,0.0,107.98,16.32,0.118,0.118,STRAIGHT,1.5,1.5,"CMD,0.1,1.50",4.0,0.0029,4.0,0.023,1,0.9956,0,NORMAL,56.336,0.354,1,1,1,1,1,203.2,58,11,0,,,,,,0,,,,506015,239394,4400
148,10.720308780670166,2026-03-05T17:20:14.424483,1.05,0.0,1.95,0.0,0.0,0.0,0.0,17.0,17.19,0.118,0.118,STRAIGHT,1.5,1.5,"CMD,0.1,1.50",4.0,0.0029,4.0,0.023,1,0.9956,0,NORMAL,56.3,0.465,1,1,1,1,1,198.2,0,0,0,,,,,,0,,,,506050,239057,0
149,10.753298997879028,2026-03-05T17:20:14.457474,1.03,0.0,3.0,0.0,0.0,0.0,0.0,17.99,17.19,0.118,0.118,STRAIGHT,1.5,1.5,"CMD,0.1,1.50",4.0,0.0029,4.0,0.023,1,0.9956,0,NORMAL,57.938,0.44,1,1,1,1,1,193.2,0,0,0,,,,,,0,,,,506050,238407,0
150,10.786306381225586,2026-03-05T17:20:14.490481,1.04,0.0,3.0,0.0,0.0,0.0,0.0,17.99,18.19,0.118,0.118,STRAIGHT,1.5,1.5,"CMD,0.1,1.50",4.0,0.0029,4.0,0.023,1,0.9956,0,NORMAL,57.582,0.472,1,1,1,1,1,188.2,0,0,0,,,,,,0,,,,506050,236425,0
151,10.909312725067139,2026-03-05T17:20:14.613487,72.02,0.0,4.97,13.03,1.0,0.0,0.0,108.03,17.21,0.118,0.118,STRAIGHT,1.5,1.5,"CMD,0.1,1.50",4.0,0.0029,4.0,0.023,1,0.9889,0,NORMAL,55.614,0.549,1,1,1,1,1,207.8,58,11,0,,,,,,0,,,,511670,243423,4407
152,10.94331431388855,2026-03-05T17:20:14.647489,1.03,0.0,2.01,0.0,0.0,0.0,0.0,18.0,18.18,0.118,0.118,STRAIGHT,1.5,1.5,"CMD,0.1,1.50",4.0,0.0029,4.0,0.023,1,0.9889,0,NORMAL,51.762,0.516,1,1,1,1,1,202.8,0,0,0,,,,,,0,,,,511907,243483,0
153,10.975306749343872,2026-03-05T17:20:14.679481,1.0,0.0,3.03,0.0,0.0,0.0,0.0,17.0,18.2,0.118,0.118,STRAIGHT,1.5,1.5,"CMD,0.1,1.50",4.0,0.0029,4.0,0.023,1,0.9889,0,NORMAL,49.495,0.576,1,1,1,1,1,197.8,0,0,0,,,,,,0,,,,511907,242358,0
154,11.00730848312378,2026-03-05T17:20:14.711483,1.0,0.0,3.03,0.0,0.0,0.0,0.0,17.0,18.2,0.118,0.118,STRAIGHT,1.5,1.5,"CMD,0.1,1.50",4.0,0.0029,4.0,0.023,1,0.9889,0,NORMAL,48.939,0.585,1,1,1,1,1,192.8,0,0,0,,,,,,0,,,,511907,240826,0
155,11.130309581756592,2026-03-05T17:20:14.834484,70.03,0.0,6.0,13.03,1.0,0.0,0.0,107.0,17.26,0.118,0.118,STRAIGHT,1.5,1.5,"CMD,0.1,1.50",4.0,0.0029,3.973,0.023,1,0.9909,0,NORMAL,48.571,0.588,1,1,1,1,1,196.3,58,13,0,,,,,,0,,,,508274,239020,4551
156,11.164310932159424,2026-03-05T17:20:14.868485,0.0,0.0,3.03,0.0,0.0,0.0,0.0,18.0,18.24,0.119,0.118,STRAIGHT,1.5,1.5,"CMD,0.1,1.50",4.0,0.0029,3.973,0.023,1,0.9909,0,NORMAL,48.259,0.557,1,1,1,1,1,191.3,0,0,0,,,,,,0,,,,508416,239086,0
157,11.198309421539307,2026-03-05T17:20:14.902484,1.03,0.0,2.0,0.0,0.0,0.0,0.0,16.99,18.26,0.119,0.119,STRAIGHT,1.5,1.5,"CMD,0.1,1.50",4.0,0.0029,3.973,0.023,1,0.9909,0,NORMAL,47.597,0.538,1,1,1,1,1,186.3,0,0,0,,,,,,0,,,,508416,237988,0
158,11.230312585830688,2026-03-05T17:20:14.934487,0.0,0.0,3.03,0.0,0.0,0.0,0.0,17.0,18.26,0.119,0.119,STRAIGHT,1.5,1.5,"CMD,0.1,1.50",4.0,0.0029,3.973,0.023,1,0.9909,0,NORMAL,47.482,0.422,1,1,1,1,1,181.3,0,0,0,,,,,,0,,,,508416,236456,0
159,11.352315425872803,2026-03-05T17:20:15.056490,69.03,0.0,5.97,14.03,0.0,0.0,1.0,106.0,17.29,0.125,0.119,STRAIGHT,1.5,1.5,"CMD,0.1,1.50",4.0,0.0033,3.699,0.023,1,0.9768,0,NORMAL,47.199,0.368,1,1,1,1,1,182.6,64,12,0,,,,,,0,,,,498084,230761,4330
160,11.3852858543396,2026-03-05T17:20:15.089460,1.0,0.0,3.0,0.0,0.0,0.0,0.0,16.96,18.29,0.129,0.125,STRAIGHT,1.5,1.5,"CMD,0.1,1.50",4.0,0.0033,3.699,0.023,1,0.9768,0,NORMAL,47.149,0.362,1,1,1,1,1,177.6,0,0,0,,,,,,0,,,,498169,230865,0
161,11.417320966720581,2026-03-05T17:20:15.121496,0.99,0.0,2.0,0.0,0.0,0.0,0.0,17.0,18.28,0.132,0.129,STRAIGHT,1.5,1.5,"CMD,0.1,1.50",4.0,0.0033,3.699,0.023,1,0.9768,0,NORMAL,47.946,0.391,1,1,1,1,1,172.6,0,0,0,,,,,,0,,,,498169,229795,0
162,11.449312686920166,2026-03-05T17:20:15.153487,0.0,0.0,3.03,0.0,0.0,0.0,0.0,17.0,18.28,0.134,0.132,STRAIGHT,1.5,1.5,"CMD,0.1,1.50",4.0,0.0033,3.699,0.023,1,0.9768,0,NORMAL,49.255,0.384,1,1,1,1,1,167.6,0,0,0,,,,,,0,,,,498169,228289,0
163,11.576314210891724,2026-03-05T17:20:15.280489,73.04,0.0,7.0,13.03,1.0,0.0,0.0,112.0,17.26,0.14,0.134,STRAIGHT,1.5,1.5,"CMD,0.1,1.50",4.0,0.0037,3.516,0.023,1,0.9798,0,NORMAL,50.201,0.379,1,1,1,1,1,173.5,61,13,0,,,,,,0,,,,489328,222861,4318
164,11.610315799713135,2026-03-05T17:20:15.314490,1.03,0.0,2.0,0.0,0.0,0.0,1.0,19.0,18.2,0.144,0.14,STRAIGHT,1.5,1.5,"CMD,0.1,1.50",4.0,0.0037,3.516,0.023,1,0.9798,0,NORMAL,50.28,0.347,1,1,1,1,1,168.5,0,0,0,,,,,,0,,,,489614,222997,0
165,11.642283201217651,2026-03-05T17:20:15.346458,0.0,0.0,3.0,0.0,0.0,0.0,0.0,17.96,18.22,0.147,0.144,STRAIGHT,1.5,1.5,"CMD,0.1,1.50",4.0,0.0037,3.516,0.023,1,0.9798,0,NORMAL,50.024,0.327,1,1,1,1,1,163.5,0,0,0,,,,,,0,,,,489614,221969,0
166,11.675316572189331,2026-03-05T17:20:15.379491,0.96,0.0,2.0,0.0,0.0,0.0,1.03,18.03,18.22,0.149,0.147,STRAIGHT,1.5,1.5,"CMD,0.1,1.50",4.0,0.0037,3.516,0.023,1,0.9798,0,NORMAL,50.124,0.32,1,1,1,1,1,158.5,0,0,0,,,,,,0,,,,489614,220482,0
167,11.79732370376587,2026-03-05T17:20:15.501498,70.03,0.0,6.0,13.03,1.0,0.0,0.0,108.01,17.24,0.159,0.149,STRAIGHT,1.5,1.5,"CMD,0.1,1.50",4.0,0.0043,3.242,0.023,1,0.9729,0,NORMAL,50.032,0.293,1,1,1,1,1,159.8,64,13,0,,,,,,0,,,,476644,213229,4341
168,11.82931900024414,2026-03-05T17:20:15.533493,1.0,0.0,2.0,0.0,0.0,0.0,1.03,17.0,18.23,0.166,0.159,STRAIGHT,1.5,1.5,"CMD,0.2,1.50",4.0,0.0043,3.242,0.023,1,0.9729,0,NORMAL,50.007,0.292,1,1,1,1,1,154.8,0,0,0,,,,,,0,,,,477731,213453,0
169,11.861318349838257,2026-03-05T17:20:15.565493,1.02,0.0,1.98,0.0,0.0,0.0,1.03,17.99,18.25,0.17,0.166,STRAIGHT,1.5,1.5,"CMD,0.2,1.50",4.0,0.0043,3.242,0.023,1,0.9729,0,NORMAL,50.153,0.354,1,1,1,1,1,149.8,0,0,0,,,,,,0,,,,477731,212451,0
170,11.89231252670288,2026-03-05T17:20:15.596487,1.03,0.0,2.0,0.0,0.0,0.0,0.0,16.99,18.27,0.173,0.17,STRAIGHT,1.5,1.5,"CMD,0.2,1.50",4.0,0.0043,3.242,0.023,1,0.9729,0,NORMAL,50.009,0.31,1,1,1,1,1,144.8,0,0,0,,,,,,0,,,,477731,210992,0
171,12.01429796218872,2026-03-05T17:20:15.718472,70.01,0.0,6.03,13.01,1.0,0.0,0.0,106.97,17.3,0.185,0.173,STRAIGHT,1.5,1.5,"CMD,0.2,1.50",4.0,0.005,3.014,0.023,1,0.9636,0,NORMAL,50.023,0.249,1,1,1,1,1,148.4,64,12,0,,,,,,0,,,,460553,202900,4062
172,12.047343015670776,2026-03-05T17:20:15.751518,1.0,0.0,2.0,0.0,0.0,0.0,0.0,18.02,18.31,0.192,0.185,STRAIGHT,1.5,1.5,"CMD,0.2,1.50",4.0,0.005,3.014,0.023,1,0.9636,0,NORMAL,50.107,0.218,1,1,1,1,1,143.4,0,0,0,,,,,,0,,,,462428,203098,0
173,12.080323696136475,2026-03-05T17:20:15.784498,1.0,0.0,3.03,0.0,0.0,0.0,0.0,18.0,18.34,0.197,0.192,STRAIGHT,1.5,1.5,"CMD,0.2,1.50",4.0,0.005,3.014,0.023,1,0.9636,0,NORMAL,50.229,0.173,1,1,1,1,1,138.4,0,0,0,,,,,,0,,,,462428,202297,0
174,12.11329984664917,2026-03-05T17:20:15.817474,0.0,0.0,3.01,0.0,0.0,0.0,0.0,17.97,18.33,0.201,0.197,STRAIGHT,1.5,1.5,"CMD,0.2,1.50",4.0,0.005,3.014,0.023,1,0.9636,0,NORMAL,50.335,0.174,1,1,1,1,1,133.4,0,0,0,,,,,,0,,,,462428,200822,0
175,12.236323118209839,2026-03-05T17:20:15.940498,71.01,0.0,6.99,12.04,0.0,0.0,0.0,108.0,17.34,0.22,0.201,STRAIGHT,1.5,1.5,"CMD,0.2,1.50",4.0,0.0063,2.694,0.023,1,0.9622,0,NORMAL,50.575,0.116,1,1,1,1,1,132.4,60,12,0,,,,,,0,,,,444628,192184,4050
176,12.27029824256897,2026-03-05T17:20:15.974473,1.06,0.0,1.94,0.0,0.0,0.0,0.0,18.01,18.32,0.233,0.22,STRAIGHT,1.5,1.5,"CMD,0.2,1.50",4.0,0.0063,2.694,0.023,1,0.9622,0,NORMAL,50.846,0.069,1,1,1,1,1,127.4,0,0,0,,,,,,0,,,,446067,192449,0
177,12.30230188369751,2026-03-05T17:20:16.006476,1.0,0.0,3.01,0.0,0.0,0.0,0.0,17.97,18.33,0.242,0.233,STRAIGHT,1.5,1.5,"CMD,0.2,1.50",4.0,0.0063,2.694,0.023,1,0.9622,0,NORMAL,51.318,0.01,1,1,1,1,1,122.4,0,0,0,,,,,,0,,,,446067,192039,0
178,12.335330963134766,2026-03-05T17:20:16.039505,1.03,0.0,1.99,0.0,0.0,0.0,0.0,16.98,18.34,0.248,0.242,STRAIGHT,1.5,1.5,"CMD,0.2,1.50",4.0,0.0063,2.694,0.023,1,0.9622,0,NORMAL,51.574,-0.003,1,1,1,1,1,117.4,0,0,0,,,,,,0,,,,446067,190340,0
179,12.45432448387146,2026-03-05T17:20:16.158499,70.03,0.0,6.0,12.02,1.01,0.0,0.0,105.03,17.39,0.277,0.248,STRAIGHT,1.5,1.5,"CMD,0.2,1.50",4.0,0.0081,2.374,0.023,1,0.9481,0,NORMAL,51.74,0.015,1,1,1,1,1,116.4,74,15,0,,,,,,0,,,,422621,180276,3888
180,12.48633098602295,2026-03-05T17:20:16.190506,1.05,0.0,2.98,0.0,0.0,0.0,0.0,18.04,18.39,0.296,0.277,STRAIGHT,1.5,1.5,"CMD,0.3,1.50",4.0,0.0081,2.374,0.023,1,0.9481,0,NORMAL,52.045,0.01,1,1,1,1,1,111.4,0,0,0,,,,,,0,,,,423070,180666,0
181,12.523334741592407,2026-03-05T17:20:16.227509,1.03,0.0,1.99,0.0,0.0,0.0,0.0,22.04,18.35,0.309,0.296,STRAIGHT,1.5,1.5,"CMD,0.3,1.50",4.0,0.0081,2.374,0.023,1,0.9481,0,NORMAL,52.843,-0.062,1,1,1,1,1,106.4,0,0,0,,,,,,0,,,,423070,180255,0
182,12.554322004318237,2026-03-05T17:20:16.258497,1.0,0.0,3.03,0.0,0.0,0.0,0.0,17.98,18.37,0.317,0.309,STRAIGHT,1.5,1.5,"CMD,0.3,1.50",4.0,0.0081,2.374,0.023,1,0.9481,0,NORMAL,53.169,-0.121,1,1,1,1,1,101.4,0,0,0,,,,,,0,,,,423070,178685,0
183,12.673298358917236,2026-03-05T17:20:16.377473,71.03,0.0,4.97,10.03,1.0,0.0,0.0,105.0,17.41,0.342,0.317,STRAIGHT,1.5,1.5,"CMD,0.3,1.50",4.0,0.0095,2.192,0.023,1,0.9621,0,NORMAL,53.095,-0.052,1,1,1,1,1,107.3,68,16,0,,,,,,0,,,,408345,172665,3834
184,12.7043297290802,2026-03-05T17:20:16.408504,1.0,0.0,3.03,0.0,0.0,0.0,0.0,17.0,18.42,0.359,0.342,STRAIGHT,1.5,1.5,"CMD,0.3,1.50",4.0,0.0095,2.192,0.023,1,0.9621,0,NORMAL,53.155,-0.034,1,1,1,1,1,102.3,0,0,0,,,,,,0,,,,409921,173036,0
185,12.737298011779785,2026-03-05T17:20:16.441473,1.04,0.0,3.96,0.0,0.0,0.0,0.0,19.0,18.44,0.37,0.359,STRAIGHT,1.5,1.5,"CMD,0.4,1.50",4.0,0.0095,2.192,0.023,1,0.9621,0,NORMAL,54.056,-0.09,1,1,1,1,1,97.3,0,0,0,,,,,,0,,,,409921,172700,0
186,12.769323110580444,2026-03-05T17:20:16.473498,1.03,0.0,1.97,0.0,0.0,0.0,1.02,17.97,18.45,0.377,0.37,STRAIGHT,1.5,1.5,"CMD,0.4,1.50",4.0,0.0095,2.192,0.023,1,0.9621,0,NORMAL,54.6,-0.124,1,1,1,1,1,92.3,0,0,0,,,,,,0,,,,409921,171334,0
187,12.886331796646118,2026-03-05T17:20:16.590506,70.03,0.0,4.97,12.0,0.97,0.0,0.0,104.04,17.52,0.431,0.377,STRAIGHT,1.5,1.5,"CMD,0.4,1.50",4.0,0.013,1.872,0.023,1,0.9343,0,NORMAL,54.736,-0.167,1,1,1,1,1,91.3,82,16,0,,,,,,0,,,,383709,161925,3651
188,12.91632866859436,2026-03-05T17:20:16.620503,0.0,0.0,3.03,0.0,0.0,0.0,0.0,17.0,18.54,0.466,0.431,STRAIGHT,1.5,1.5,"CMD,0.4,1.50",4.0,0.013,1.872,0.023,1,0.9343,0,NORMAL,55.202,-0.189,1,1,1,1,1,86.3,0,0,0,,,,,,0,,,,384541,162313,0
189,12.946332931518555,2026-03-05T17:20:16.650508,0.0,0.0,3.03,0.0,0.0,0.0,0.0,16.99,18.57,0.49,0.466,STRAIGHT,1.5,1.5,"CMD,0.5,1.50",4.0,0.013,1.872,0.023,1,0.9343,0,NORMAL,55.919,-0.114,1,1,1,1,1,81.3,0,0,0,,,,,,0,,,,384541,162065,0
190,12.976299285888672,2026-03-05T17:20:16.680474,1.0,0.0,3.0,0.0,0.0,0.0,0.0,16.96,18.6,0.506,0.49,STRAIGHT,1.5,1.5,"CMD,0.5,1.50",4.0,0.013,1.872,0.023,1,0.9343,0,NORMAL,56.324,-0.129,1,1,1,1,1,76.3,0,0,0,,,,,,0,,,,384541,160749,0
191,13.095321893692017,2026-03-05T17:20:16.799497,69.04,0.0,4.96,13.0,1.0,0.0,0.0,104.98,17.62,0.557,0.506,STRAIGHT,1.5,1.5,"CMD,0.5,1.50",4.0,0.016,1.689,0.023,1,0.9154,0,NORMAL,56.436,-0.075,1,1,1,1,1,82.2,107,10,0,,,,,,0,,,,352704,149157,3641
192,13.125301122665405,2026-03-05T17:20:16.829476,0.0,0.0,3.0,0.0,0.0,0.0,0.0,16.96,18.72,0.592,0.557,STRAIGHT,1.5,1.5,"CMD,0.6,1.50",4.0,0.016,1.689,0.023,1,0.9154,0,NORMAL,56.425,-0.009,1,1,1,1,1,77.2,0,0,0,,,,,,0,,,,353771,149360,0
193,13.156335353851318,2026-03-05T17:20:16.860510,1.03,0.0,2.0,0.0,0.0,0.0,0.0,18.0,18.76,0.614,0.592,STRAIGHT,1.5,1.5,"CMD,0.6,1.50",4.0,0.016,1.689,0.023,1,0.9154,0,NORMAL,56.164,0.037,1,1,1,1,1,72.2,0,0,0,,,,,,0,,,,353771,148987,0
194,13.18733525276184,2026-03-05T17:20:16.891510,1.03,0.0,1.97,0.0,0.0,0.0,1.03,18.03,18.77,0.63,0.614,STRAIGHT,1.5,1.5,"CMD,0.6,1.50",4.0,0.016,1.689,0.023,1,0.9154,0,NORMAL,55.665,0.124,1,1,1,1,1,72.2,0,0,0,,,,,,0,,,,353771,148298,0
195,13.305340051651001,2026-03-05T17:20:17.009514,71.04,0.0,6.0,11.04,0.0,0.0,0.0,105.0,17.79,0.64,0.63,STRAIGHT,1.5,1.5,"CMD,0.6,1.50",4.0,0.016,1.689,0.023,1,0.887,0,NORMAL,54.695,0.192,1,1,1,1,1,82.2,77,9,0,,,,,,0,,,,317177,136788,3144
196,13.336339473724365,2026-03-05T17:20:17.040514,0.0,0.0,3.04,0.0,0.0,0.0,0.0,19.0,18.84,0.647,0.64,STRAIGHT,1.5,1.5,"CMD,0.6,1.50",4.0,0.016,1.689,0.023,1,0.887,0,NORMAL,54.838,0.2,1,1,1,1,1,77.2,0,0,0,,,,,,0,,,,317995,136918,0
197,13.366336107254028,2026-03-05T17:20:17.070511,0.98,0.0,2.0,0.0,0.0,0.0,1.03,17.0,18.87,0.651,0.647,STRAIGHT,1.5,1.5,"CMD,0.6,1.50",4.0,0.016,1.689,0.023,1,0.887,0,NORMAL,54.822,0.25,1,1,1,1,1,72.2,0,0,0,,,,,,0,,,,317995,136695,0
198,13.395331859588623,2026-03-05T17:20:17.099507,1.03,0.0,1.99,0.0,0.0,0.0,0.0,18.03,18.9,0.654,0.651,STRAIGHT,1.5,1.5,"CMD,0.7,1.50",4.0,0.016,1.689,0.023,1,0.887,0,NORMAL,54.843,0.249,1,1,1,1,1,72.2,0,0,0,,,,,,0,,,,317995,136013,0
199,13.513361930847168,2026-03-05T17:20:17.217537,71.03,0.0,5.0,12.03,1.0,0.0,0.0,104.97,17.9,0.668,0.654,STRAIGHT,1.5,1.5,"CMD,0.7,1.50",4.0,0.0169,1.644,0.023,1,0.8631,0,NORMAL,55.257,0.222,1,1,1,1,1,79.9,96,8,0,,,,,,0,,,,277353,126889,3052
200,13.546333312988281,2026-03-05T17:20:17.250508,0.99,0.0,3.03,0.0,0.0,0.0,0.0,19.99,18.93,0.678,0.668,STRAIGHT,1.5,1.5,"CMD,0.7,1.50",4.0,0.0169,1.644,0.023,1,0.8631,0,NORMAL,54.902,0.212,1,1,1,1,1,74.9,0,0,0,,,,,,0,,,,278168,126958,0
201,13.576306819915771,2026-03-05T17:20:17.280481,0.0,0.0,3.0,0.0,0.0,0.0,0.0,17.97,18.97,0.684,0.678,STRAIGHT,1.5,1.5,"CMD,0.7,1.50",4.0,0.0169,1.644,0.023,1,0.8631,0,NORMAL,50.824,0.137,1,1,1,1,1,69.9,0,0,0,,,,,,0,,,,278168,126776,0
202,13.606332778930664,2026-03-05T17:20:17.310507,1.01,0.0,2.0,0.0,0.0,0.0,0.0,18.03,19.02,0.688,0.684,STRAIGHT,1.5,1.5,"CMD,0.7,1.50",4.0,0.0169,1.644,0.023,1,0.8631,0,NORMAL,50.204,0.1,1,1,1,1,1,69.9,0,0,0,,,,,,0,,,,278168,126143,0
203,13.718311071395874,2026-03-05T17:20:17.422486,70.04,0.0,5.0,8.0,1.0,0.0,0.0,100.96,18.07,0.793,0.688,STRAIGHT,1.5,1.5,"CMD,0.7,1.50",4.0,0.0243,1.37,0.023,1,0.722,0,NORMAL,50.282,0.073,1,1,1,1,1,66.2,42,5,0,,,,,,0,,,,201400,108415,2088
204,13.746341466903687,2026-03-05T17:20:17.450516,0.0,0.0,3.03,0.0,0.0,0.0,0.0,16.99,19.21,0.863,0.793,STRAIGHT,1.5,1.5,"CMD,0.8,1.50",4.0,0.0243,1.37,0.023,1,0.722,0,NORMAL,50.346,0.047,1,1,1,1,1,61.2,0,0,0,,,,,,0,,,,201620,108716,0
205,13.77433705329895,2026-03-05T17:20:17.478512,0.0,0.0,3.03,0.0,0.0,0.0,0.0,17.03,19.28,0.91,0.863,STRAIGHT,1.5,1.5,"CMD,0.9,1.50",4.0,0.0243,1.37,0.023,1,0.722,0,NORMAL,50.163,-0.002,1,1,1,1,1,56.2,0,0,0,,,,,,0,,,,201620,108288,0
206,13.802313089370728,2026-03-05T17:20:17.506488,1.0,0.0,2.0,0.0,0.0,0.0,0.0,17.97,19.33,0.941,0.91,STRAIGHT,1.5,1.5,"CMD,0.9,1.50",4.0,0.0243,1.37,0.023,1,0.722,0,NORMAL,50.108,0.016,1,1,1,1,1,56.2,0,0,0,,,,,,0,,,,201620,108107,0
207,13.911311388015747,2026-03-05T17:20:17.615486,70.04,0.0,5.0,7.0,1.0,0.0,0.0,98.96,18.39,2.254,0.941,STRAIGHT,1.5,1.5,"CMD,0.9,1.50",2.084,0.1186,1.826,0.2,1,0.9252,0,NORMAL,50.12,0.077,1,1,1,1,1,97.8,23,4,0,,,,,,0,,,,212161,115224,1906
208,14.025357723236084,2026-03-05T17:20:17.729532,71.03,0.0,5.01,10.03,1.04,0.0,0.0,102.03,18.47,1.748,1.748,STRAIGHT,1.5,1.5,"CMD,1.7,1.50",4.0,0.0179,1.598,0.023,1,0.937,0,NORMAL,50.178,0.102,1,1,1,1,1,77.6,63,8,0,,,,,,0,,,,225072,120626,2605
209,14.05334734916687,2026-03-05T17:20:17.757522,0.0,0.0,3.03,0.0,0.0,0.0,0.0,17.0,18.51,1.411,1.748,STRAIGHT,1.5,1.5,"CMD,1.7,1.50",4.0,0.0179,1.598,0.023,1,0.937,0,NORMAL,50.267,0.081,1,1,1,1,1,72.6,0,0,0,,,,,,0,,,,226418,120522,0
210,14.082338571548462,2026-03-05T17:20:17.786513,0.0,0.0,3.03,0.0,0.0,0.0,0.0,17.97,18.6,1.187,1.411,STRAIGHT,1.5,1.5,"CMD,1.4,1.50",4.0,0.0179,1.598,0.023,1,0.937,0,NORMAL,50.277,0.047,1,1,1,1,1,67.6,0,0,0,,,,,,0,,,,226418,120440,0
211,14.110338926315308,2026-03-05T17:20:17.814514,0.0,0.0,3.03,0.0,0.0,0.0,0.0,16.99,18.64,1.037,1.187,STRAIGHT,1.5,1.5,"CMD,1.2,1.50",4.0,0.0179,1.598,0.023,1,0.937,0,NORMAL,50.002,0.033,1,1,1,1,1,67.6,0,0,0,,,,,,0,,,,226418,119815,0
212,14.222346305847168,2026-03-05T17:20:17.926521,69.03,0.0,5.0,9.03,1.0,0.0,0.0,101.0,18.72,0.937,1.037,STRAIGHT,1.5,1.5,"CMD,1.0,1.50",4.0,0.0179,1.598,0.023,1,0.9285,0,NORMAL,50.015,0.068,1,1,1,1,1,77.6,56,8,0,,,,,,0,,,,225498,120187,2667
213,14.250346422195435,2026-03-05T17:20:17.954521,0.0,0.0,3.03,0.0,0.0,0.0,0.0,16.99,18.76,0.871,0.937,STRAIGHT,1.5,1.5,"CMD,0.9,1.50",4.0,0.0179,1.598,0.023,1,0.9285,0,NORMAL,50.059,0.057,1,1,1,1,1,72.6,0,0,0,,,,,,0,,,,228593,120423,0
214,14.279352188110352,2026-03-05T17:20:17.983527,1.04,0.0,2.0,0.0,0.0,0.0,0.0,18.0,18.81,0.826,0.871,STRAIGHT,1.5,1.5,"CMD,0.9,1.50",4.0,0.0179,1.598,0.023,1,0.9285,0,NORMAL,50.099,0.055,1,1,1,1,1,67.6,0,0,0,,,,,,0,,,,228593,120059,0
215,14.308342456817627,2026-03-05T17:20:18.012517,0.97,0.0,3.02,0.0,0.0,0.0,0.0,16.99,18.84,0.797,0.826,STRAIGHT,1.5,1.5,"CMD,0.8,1.50",4.0,0.0179,1.598,0.023,1,0.9285,0,NORMAL,50.038,0.043,1,1,1,1,1,67.6,0,0,0,,,,,,0,,,,228593,119522,0
216,14.42034912109375,2026-03-05T17:20:18.124524,69.04,0.0,4.97,9.0,1.0,0.0,0.0,101.0,18.89,0.763,0.797,STRAIGHT,1.5,1.5,"CMD,0.8,1.50",4.0,0.0169,1.644,0.023,1,0.9187,0,NORMAL,50.09,0.101,1,1,1,1,1,79.9,55,4,0,,,,,,0,,,,215474,117485,2018
217,14.448344469070435,2026-03-05T17:20:18.152519,1.03,0.0,1.99,0.0,0.0,0.0,0.0,16.99,18.93,0.741,0.763,STRAIGHT,1.5,1.5,"CMD,0.8,1.50",4.0,0.0169,1.644,0.023,1,0.9187,0,NORMAL,50.022,0.383,1,1,1,1,1,74.9,0,0,0,,,,,,0,,,,215557,117848,0
218,14.478351831436157,2026-03-05T17:20:18.182526,1.04,0.0,2.99,0.0,0.0,0.0,0.0,19.0,18.93,0.726,0.741,STRAIGHT,1.5,1.5,"CMD,0.7,1.50",4.0,0.0169,1.644,0.023,1,0.9187,0,NORMAL,50.077,-0.395,1,1,1,1,1,69.9,0,0,0,,,,,,0,,,,215557,117332,0
219,14.513364553451538,2026-03-05T17:20:18.217539,1.04,0.0,2.0,0.0,0.0,0.0,1.01,20.01,18.87,0.717,0.726,STRAIGHT,1.5,1.5,"CMD,0.7,1.50",4.0,0.0169,1.644,0.023,1,0.9187,0,NORMAL,50.258,-0.854,1,1,1,1,1,69.9,0,0,0,,,,,,0,,,,215557,117135,0
220,14.62735366821289,2026-03-05T17:20:18.331528,71.03,0.0,5.0,8.02,1.0,0.0,0.0,103.0,18.93,0.681,0.717,STRAIGHT,0.3,1.35,"CMD,0.7,1.35",1.2,0.0,1.2,0.0,0,0.6257,0,NORMAL,55.139,-1.118,1,0,0,0,1,45.9,36,7,0,,,,,,0,,,,150023,92311,2089
221,14.655352354049683,2026-03-05T17:20:18.359527,1.0,0.0,3.03,0.0,0.0,0.0,0.0,17.99,18.95,0.686,0.686,STRAIGHT,1.5,1.35,"CMD,0.7,1.35",4.0,0.0169,1.644,0.023,1,0.6257,0,NORMAL,56.412,-1.087,1,1,1,1,1,64.9,0,0,0,,,,,,0,,,,150566,92734,0
222,14.682353019714355,2026-03-05T17:20:18.386528,1.04,0.0,2.0,0.0,0.0,0.0,0.0,17.0,19.02,0.69,0.686,STRAIGHT,1.5,1.35,"CMD,0.7,1.35",4.0,0.0169,1.644,0.023,1,0.6257,0,NORMAL,62.77,-1.131,1,1,1,1,1,64.9,0,0,0,,,,,,0,,,,150566,92614,0
223,14.709353685379028,2026-03-05T17:20:18.413528,1.04,0.0,1.97,0.0,0.0,0.0,1.03,18.0,19.05,0.692,0.69,STRAIGHT,1.5,1.35,"CMD,0.7,1.35",4.0,0.0169,1.644,0.023,1,0.6257,0,NORMAL,63.819,-1.087,1,1,1,1,1,59.9,0,0,0,,,,,,0,,,,150566,92652,0
224,14.819360971450806,2026-03-05T17:20:18.523535,69.01,0.0,5.03,9.0,0.0,0.0,0.0,99.66,19.17,0.694,0.692,STRAIGHT,1.5,1.35,"CMD,0.7,1.35",4.0,0.0169,1.644,0.023,1,0.6541,0,NORMAL,62.819,-1.068,1,1,1,1,1,109.4,62,5,0,,,,,,0,,,,100810,74488,1762
225,14.845354080200195,2026-03-05T17:20:18.549529,0.0,0.0,3.03,0.0,0.0,0.0,0.0,16.99,19.22,0.695,0.694,STRAIGHT,1.5,1.35,"CMD,0.7,1.35",4.0,0.0169,1.644,0.023,1,0.6541,0,NORMAL,70.711,-1.008,1,1,1,1,1,107.7,0,0,0,,,,,,0,,,,100810,79200,0
226,14.872355222702026,2026-03-05T17:20:18.576530,1.03,0.0,1.97,0.0,0.0,0.0,0.0,17.99,19.26,0.695,0.695,STRAIGHT,1.5,1.35,"CMD,0.7,1.35",4.0,0.0169,1.644,0.023,1,0.6541,0,NORMAL,70.711,-0.966,1,1,1,1,1,107.7,0,0,0,,,,,,0,,,,100810,80308,0
227,14.899356603622437,2026-03-05T17:20:18.603531,1.0,0.0,3.03,0.0,0.0,0.0,0.0,18.0,19.28,0.696,0.695,STRAIGHT,1.5,1.35,"CMD,0.7,1.35",4.0,0.0169,1.644,0.023,1,0.6541,0,NORMAL,70.711,-0.913,1,1,1,1,1,107.7,0,0,0,,,,,,0,,,,100810,76546,0
228,15.004356622695923,2026-03-05T17:20:18.708531,69.03,0.0,5.0,4.97,1.01,0.0,0.0,96.0,19.44,0.696,0.696,STRAIGHT,1.5,1.5,"CMD,0.7,1.50",4.0,0.0169,1.644,0.023,1,0.365,0,NORMAL,70.711,-0.845,1,1,1,1,1,215.4,7,3,0,,,,,,0,,,,134495,82268,1310
229,15.032364130020142,2026-03-05T17:20:18.736539,1.03,0.0,1.97,0.0,0.0,0.0,1.04,18.01,19.52,0.696,0.696,STRAIGHT,1.5,1.5,"CMD,0.7,1.50",4.0,0.0169,1.644,0.023,1,0.365,0,NORMAL,70.711,-0.783,1,1,1,1,1,210.8,0,0,0,,,,,,0,,,,219135,82220,0
230,15.147357702255249,2026-03-05T17:20:18.851532,69.0,0.0,6.02,12.03,1.0,0.0,0.0,105.0,18.46,0.987,0.696,STRAIGHT,1.5,1.5,"CMD,0.7,1.50",4.0,0.038,1.096,0.023,1,0.6576,0,NORMAL,70.711,-0.688,1,1,1,1,1,52.5,111,6,0,,,,,,0,,,,163783,88492,2345
231,15.259326934814453,2026-03-05T17:20:18.963501,69.03,0.0,5.0,10.03,0.96,0.0,0.0,102.0,17.53,-3.483,0.696,STRAIGHT,1.5,1.5,"CMD,0.7,1.50",2.084,-0.3059,1.416,-0.323,1,0.6445,0,NORMAL,70.711,-0.636,1,1,1,1,1,76.0,73,6,0,,,,,,0,,,,243882,105728,2465
232,15.371329545974731,2026-03-05T17:20:19.075504,68.03,0.0,4.97,11.0,0.0,0.0,0.0,99.93,17.54,-5.962,-3.483,STRAIGHT,1.5,1.5,"CMD,-3.5,1.50",2.33,-0.2679,1.781,-0.452,1,0.7106,0,NORMAL,70.711,-0.583,1,1,1,1,1,94.4,83,3,0,,,,,,0,,,,176645,93190,2040
233,15.399362564086914,2026-03-05T17:20:19.103537,1.0,0.0,3.03,0.0,0.0,0.0,0.0,18.03,17.54,-7.614,-5.962,STRAIGHT,1.5,1.5,"CMD,-6.0,1.50",2.33,-0.2679,1.781,-0.452,1,0.7106,0,NORMAL,70.711,-0.576,1,1,1,1,1,88.8,0,0,0,,,,,,0,,,,176946,93153,0
234,15.512362003326416,2026-03-05T17:20:19.216537,69.03,0.0,5.0,11.03,1.0,0.0,1.03,103.03,16.69,-4.868,-5.962,STRAIGHT,1.5,1.5,"CMD,-6.0,1.50",4.0,0.0152,1.735,0.023,1,0.7069,0,NORMAL,68.031,-0.559,1,1,1,1,1,84.5,90,4,0,,,,,,0,,,,233165,100148,2189
235,15.540380001068115,2026-03-05T17:20:19.244554,1.03,0.0,2.0,0.0,0.0,0.0,0.0,16.0,16.69,-3.037,-4.868,STRAIGHT,1.5,1.5,"CMD,-4.9,1.50",4.0,0.0152,1.735,0.023,1,0.7069,0,NORMAL,65.764,-0.496,1,1,1,1,1,79.5,0,0,0,,,,,,0,,,,235964,100274,0
236,15.5733642578125,2026-03-05T17:20:19.277539,1.03,0.0,1.97,0.0,0.0,0.0,1.03,20.99,17.45,-1.816,-3.037,STRAIGHT,1.5,1.5,"CMD,-3.0,1.50",4.0,0.0152,1.735,0.023,1,0.7069,0,NORMAL,58.285,-0.368,1,1,1,1,1,74.5,0,0,0,,,,,,0,,,,235964,99927,0
237,15.602364778518677,2026-03-05T17:20:19.306539,1.03,0.0,3.0,0.0,0.0,0.0,0.0,17.99,18.38,-1.002,-1.816,STRAIGHT,1.5,1.5,"CMD,-1.8,1.50",4.0,0.0152,1.735,0.023,1,0.7069,0,NORMAL,56.577,-0.328,1,1,1,1,1,69.5,0,0,0,,,,,,0,,,,235964,99361,0
238,15.711364507675171,2026-03-05T17:20:19.415539,69.01,0.0,5.02,7.03,0.0,0.0,0.0,99.03,17.49,-0.952,-1.002,STRAIGHT,0.3,1.35,"CMD,-1.0,1.35",1.2,0.0,1.2,0.0,0,0.5878,0,NORMAL,55.112,-0.241,0,0,0,0,0,0.0,45,2,0,,,,,,0,,,,137060,67730,1171
239,15.740365982055664,2026-03-05T17:20:19.444540,1.0,0.0,3.03,0.0,0.0,0.0,0.0,18.01,17.5,-0.426,-0.952,STRAIGHT,1.5,1.35,"CMD,-1.0,1.35",4.0,0.0152,1.735,0.023,1,0.5878,0,NORMAL,53.79,-0.147,1,1,1,1,1,69.5,0,0,0,,,,,,0,,,,139171,68211,0
240,15.76636528968811,2026-03-05T17:20:19.470540,1.03,0.0,2.0,0.0,0.0,0.0,0.0,17.03,17.51,-0.075,-0.426,STRAIGHT,1.5,1.35,"CMD,-0.4,1.35",4.0,0.0152,1.735,0.023,1,0.5878,0,NORMAL,52.741,-0.113,1,1,1,1,1,64.5,0,0,0,,,,,,0,,,,139171,68008,0
241,15.794361352920532,2026-03-05T17:20:19.498536,1.03,0.0,1.99,0.0,0.0,0.0,0.0,17.99,18.45,0.158,-0.075,STRAIGHT,1.5,1.35,"CMD,-0.1,1.35",4.0,0.0152,1.735,0.023,1,0.5878,0,NORMAL,52.587,-0.061,1,1,1,1,1,59.5,0,0,0,,,,,,0,,,,139171,68200,0
242,15.902372121810913,2026-03-05T17:20:19.606547,69.03,0.0,5.0,7.03,0.0,0.0,0.0,98.0,17.55,0.351,0.158,STRAIGHT,1.5,1.35,"CMD,0.2,1.35",4.0,0.0179,1.598,0.023,1,0.696,0,NORMAL,52.004,0.025,1,1,1,1,1,77.6,35,2,0,,,,,,0,,,,183252,82573,1296
243,15.93036699295044,2026-03-05T17:20:19.634542,1.03,0.0,2.0,0.0,0.0,0.0,0.0,16.99,17.56,0.48,0.351,STRAIGHT,1.5,1.35,"CMD,0.4,1.35",4.0,0.0179,1.598,0.023,1,0.696,0,NORMAL,51.422,0.023,1,1,1,1,1,72.6,0,0,0,,,,,,0,,,,187957,82381,0
244,15.958362579345703,2026-03-05T17:20:19.662537,1.03,0.0,2.0,0.0,0.0,0.0,0.0,17.03,17.59,0.566,0.48,STRAIGHT,1.5,1.35,"CMD,0.5,1.35",4.0,0.0179,1.598,0.023,1,0.696,0,NORMAL,50.851,-0.043,1,1,1,1,1,67.6,0,0,0,,,,,,0,,,,187957,82254,0
245,15.986363410949707,2026-03-05T17:20:19.690538,1.03,0.0,1.99,0.0,0.0,0.0,0.0,17.99,18.53,0.623,0.566,STRAIGHT,1.5,1.35,"CMD,0.6,1.35",4.0,0.0179,1.598,0.023,1,0.696,0,NORMAL,50.566,0.073,1,1,1,1,1,62.6,0,0,0,,,,,,0,,,,187957,81564,0
246,16.09536910057068,2026-03-05T17:20:19.799544,68.0,0.0,5.03,9.03,0.0,0.0,0.0,100.03,17.61,0.661,0.623,STRAIGHT,1.5,1.5,"CMD,0.6,1.50",4.0,0.0179,1.598,0.023,1,0.9494,0,NORMAL,50.06,0.081,1,1,1,1,1,77.6,64,2,0,,,,,,0,,,,181046,76567,1535
247,16.123371839523315,2026-03-05T17:20:19.827546,1.03,0.0,3.0,0.0,0.0,0.0,0.0,17.0,17.63,0.687,0.661,STRAIGHT,1.5,1.5,"CMD,0.7,1.50",4.0,0.0179,1.598,0.023,1,0.9494,0,NORMAL,50.138,0.073,1,1,1,1,1,72.6,0,0,0,,,,,,0,,,,188563,76627,0
248,16.1513409614563,2026-03-05T17:20:19.855515,1.03,0.0,2.01,0.0,0.0,0.0,0.0,17.0,17.72,0.704,0.687,STRAIGHT,1.5,1.5,"CMD,0.7,1.50",4.0,0.0179,1.598,0.023,1,0.9494,0,NORMAL,50.506,0.202,1,1,1,1,1,67.6,0,0,0,,,,,,0,,,,188563,76573,0
249,16.180373668670654,2026-03-05T17:20:19.884548,1.03,0.0,1.97,0.0,0.0,0.0,1.03,18.99,18.67,0.715,0.704,STRAIGHT,1.5,1.5,"CMD,0.7,1.50",4.0,0.0179,1.598,0.023,1,0.9494,0,NORMAL,51.09,0.295,1,1,1,1,1,62.6,0,0,0,,,,,,0,,,,188563,75682,0
250,16.290376901626587,2026-03-05T17:20:19.994551,70.01,0.0,4.99,8.02,1.0,0.0,1.04,100.0,17.74,0.737,0.715,STRAIGHT,1.5,1.5,"CMD,0.7,1.50",4.0,0.0189,1.553,0.023,1,0.9675,0,NORMAL,52.079,0.322,1,1,1,1,1,75.3,50,2,0,,,,,,0,,,,177281,72623,1380
251,16.318341970443726,2026-03-05T17:20:20.022516,1.03,0.0,2.0,0.0,0.0,0.0,0.97,17.97,17.72,0.752,0.737,STRAIGHT,1.5,1.5,"CMD,0.7,1.50",4.0,0.0189,1.553,0.023,1,0.9675,0,NORMAL,53.275,0.347,1,1,1,1,1,70.3,0,0,0,,,,,,0,,,,186968,72645,0
252,16.346373081207275,2026-03-05T17:20:20.050547,1.03,0.0,1.97,0.0,0.0,0.0,0.0,17.99,17.72,0.761,0.752,STRAIGHT,1.5,1.5,"CMD,0.8,1.50",4.0,0.0189,1.553,0.023,1,0.9675,0,NORMAL,53.784,0.44,1,1,1,1,1,65.3,0,0,0,,,,,,0,,,,186968,72611,0
253,16.373369455337524,2026-03-05T17:20:20.077544,0.99,0.0,3.03,0.0,0.0,0.0,0.0,18.03,18.65,0.768,0.761,STRAIGHT,1.5,1.5,"CMD,0.8,1.50",4.0,0.0189,1.553,0.023,1,0.9675,0,NORMAL,54.707,0.5,1,1,1,1,1,60.3,0,0,0,,,,,,0,,,,186968,71756,0
254,16.481374502182007,2026-03-05T17:20:20.185549,69.04,0.0,5.0,6.03,1.0,0.0,0.0,97.99,17.73,0.788,0.768,STRAIGHT,1.5,1.5,"CMD,0.8,1.50",4.0,0.0201,1.507,0.023,1,0.9673,0,NORMAL,55.704,0.557,1,1,1,1,1,73.1,33,2,0,,,,,,0,,,,174570,69568,1179
255,16.50837516784668,2026-03-05T17:20:20.212550,1.03,0.0,2.0,0.0,0.0,0.0,0.0,16.99,17.73,0.802,0.788,STRAIGHT,1.5,1.5,"CMD,0.8,1.50",4.0,0.0201,1.507,0.023,1,0.9673,0,NORMAL,57.578,0.551,1,1,1,1,1,68.1,0,0,0,,,,,,0,,,,181273,69438,0
256,16.53636908531189,2026-03-05T17:20:20.240543,1.03,0.0,2.0,0.0,0.0,0.0,0.0,18.02,17.72,0.811,0.802,STRAIGHT,1.5,1.5,"CMD,0.8,1.50",4.0,0.0201,1.507,0.023,1,0.9673,0,NORMAL,58.919,0.656,1,1,1,1,1,63.1,0,0,0,,,,,,0,,,,181273,69504,0
257,16.56337881088257,2026-03-05T17:20:20.267553,1.03,0.0,2.01,0.0,0.0,0.0,0.0,18.0,18.6,0.817,0.811,STRAIGHT,1.5,1.5,"CMD,0.8,1.50",4.0,0.0201,1.507,0.023,1,0.9673,0,NORMAL,60.208,0.737,1,1,1,1,1,58.1,0,0,0,,,,,,0,,,,181273,68599,0
258,16.68137812614441,2026-03-05T17:20:20.385553,71.04,0.0,5.97,9.03,1.0,0.0,0.0,106.0,17.59,0.821,0.817,STRAIGHT,1.5,1.5,"CMD,0.8,1.50",4.0,0.0201,1.507,0.023,1,0.8321,0,NORMAL,61.543,0.779,1,1,1,1,1,63.1,88,3,0,,,,,,0,,,,145264,62798,1427
259,16.788387298583984,2026-03-05T17:20:20.492562,69.01,0.0,5.02,6.03,1.0,0.0,0.0,97.0,17.67,0.841,0.821,STRAIGHT,1.5,1.5,"CMD,0.8,1.50",4.0,0.0214,1.461,0.023,1,0.8621,0,NORMAL,65.832,0.56,1,1,1,1,1,70.8,36,3,0,,,,,,0,,,,165604,64094,1205
260,16.81637191772461,2026-03-05T17:20:20.520546,1.03,0.0,1.97,0.0,0.0,0.0,0.0,18.0,18.63,0.855,0.841,STRAIGHT,1.5,1.5,"CMD,0.8,1.50",4.0,0.0214,1.461,0.023,1,0.8621,0,NORMAL,66.226,0.608,1,1,1,1,1,65.8,0,0,0,,,,,,0,,,,169959,63994,0
261,16.844372510910034,2026-03-05T17:20:20.548547,0.0,0.0,3.02,0.0,0.0,0.0,0.0,17.99,19.69,0.864,0.855,STRAIGHT,1.5,1.5,"CMD,0.9,1.50",4.0,0.0214,1.461,0.023,1,0.8621,0,NORMAL,65.211,0.658,1,1,1,1,1,60.8,0,0,0,,,,,,0,,,,169959,63884,0
262,16.873372316360474,2026-03-05T17:20:20.577547,1.0,0.0,2.0,0.0,0.0,0.0,0.0,18.99,19.67,0.87,0.864,STRAIGHT,1.5,1.5,"CMD,0.9,1.50",4.0,0.0214,1.461,0.023,1,0.8621,0,NORMAL,65.065,0.747,1,1,1,1,1,60.8,0,0,0,,,,,,0,,,,169959,63316,0
263,16.981384992599487,2026-03-05T17:20:20.685560,68.04,0.0,5.0,8.0,0.97,0.0,0.0,98.99,19.74,0.893,0.87,STRAIGHT,1.5,1.5,"CMD,0.9,1.50",4.0,0.0228,1.416,0.023,1,0.9597,0,NORMAL,64.998,0.779,1,1,1,1,1,68.5,48,3,0,,,,,,0,,,,168522,65731,1258
264,17.0093936920166,2026-03-05T17:20:20.713568,1.03,0.0,2.0,0.0,0.0,0.0,0.0,17.0,19.74,0.908,0.893,STRAIGHT,1.5,1.5,"CMD,0.9,1.50",4.0,0.0228,1.416,0.023,1,0.9597,0,NORMAL,65.256,0.768,1,1,1,1,1,63.5,0,0,0,,,,,,0,,,,172601,65632,0
265,17.036382913589478,2026-03-05T17:20:20.740557,1.0,0.0,3.03,0.0,0.0,0.0,0.0,18.03,19.82,0.919,0.908,STRAIGHT,1.5,1.5,"CMD,0.9,1.50",4.0,0.0228,1.416,0.023,1,0.9597,0,NORMAL,65.601,0.793,1,1,1,1,1,58.5,0,0,0,,,,,,0,,,,172601,65523,0
266,17.063382625579834,2026-03-05T17:20:20.767557,1.03,0.0,2.0,0.0,0.0,0.0,0.0,17.0,19.85,0.926,0.919,STRAIGHT,1.5,1.5,"CMD,0.9,1.50",4.0,0.0228,1.416,0.023,1,0.9597,0,NORMAL,66.58,0.715,1,1,1,1,1,58.5,0,0,0,,,,,,0,,,,172601,64955,0
267,17.17338490486145,2026-03-05T17:20:20.877559,69.03,0.0,4.99,8.04,1.0,0.0,0.0,99.0,19.84,0.93,0.926,STRAIGHT,1.5,1.5,"CMD,0.9,1.50",4.0,0.0228,1.416,0.023,1,0.9746,0,NORMAL,66.507,0.689,1,1,1,1,1,68.5,55,3,0,,,,,,0,,,,169133,66160,1328
268,17.201353073120117,2026-03-05T17:20:20.905528,0.0,0.0,3.0,0.0,0.0,0.0,0.0,18.0,19.84,0.933,0.93,STRAIGHT,1.5,1.5,"CMD,0.9,1.50",4.0,0.0228,1.416,0.023,1,0.9746,0,NORMAL,66.095,0.694,1,1,1,1,1,63.5,0,0,0,,,,,,0,,,,174958,66069,0
269,17.22937798500061,2026-03-05T17:20:20.933553,1.0,0.0,3.03,0.0,0.0,0.0,0.0,17.99,19.82,0.935,0.933,STRAIGHT,1.5,1.5,"CMD,0.9,1.50",4.0,0.0228,1.416,0.023,1,0.9746,0,NORMAL,65.771,0.707,1,1,1,1,1,58.5,0,0,0,,,,,,0,,,,174958,65954,0
270,17.255385637283325,2026-03-05T17:20:20.959560,1.04,0.0,2.0,0.0,0.0,0.0,0.0,17.0,19.85,0.936,0.935,STRAIGHT,1.5,1.5,"CMD,0.9,1.50",4.0,0.0228,1.416,0.023,1,0.9746,0,NORMAL,65.124,0.695,1,1,1,1,1,58.5,0,0,0,,,,,,0,,,,174958,65384,0
271,17.365386962890625,2026-03-05T17:20:21.069561,69.02,0.0,4.99,8.04,0.0,0.0,0.0,100.03,19.82,0.918,0.935,STRAIGHT,1.5,1.5,"CMD,0.9,1.50",4.0,0.0214,1.461,0.023,1,0.9745,0,NORMAL,64.982,0.697,1,1,1,1,1,70.8,47,3,0,,,,,,0,,,,171866,68667,1359
272,17.39438772201538,2026-03-05T17:20:21.098562,1.03,0.0,2.0,0.0,0.0,0.0,0.0,18.02,19.81,0.906,0.918,STRAIGHT,1.5,1.5,"CMD,0.9,1.50",4.0,0.0214,1.461,0.023,1,0.9745,0,NORMAL,64.626,0.68,1,1,1,1,1,65.8,0,0,0,,,,,,0,,,,175721,68638,0
273,17.422359466552734,2026-03-05T17:20:21.126534,1.0,0.0,2.01,0.0,0.0,0.0,0.0,18.0,19.8,0.898,0.906,STRAIGHT,1.5,1.5,"CMD,0.9,1.50",4.0,0.0214,1.461,0.023,1,0.9745,0,NORMAL,63.716,0.702,1,1,1,1,1,60.8,0,0,0,,,,,,0,,,,175721,68463,0
274,17.451356887817383,2026-03-05T17:20:21.155531,1.05,0.0,2.95,0.0,0.0,0.0,0.0,17.97,19.78,0.893,0.898,STRAIGHT,1.5,1.5,"CMD,0.9,1.50",4.0,0.0214,1.461,0.023,1,0.9745,0,NORMAL,63.457,0.719,1,1,1,1,1,60.8,0,0,0,,,,,,0,,,,175721,67907,0
275,17.563390254974365,2026-03-05T17:20:21.267565,69.01,0.0,4.99,9.04,0.98,0.0,1.03,102.0,19.75,0.889,0.893,STRAIGHT,1.5,1.5,"CMD,0.9,1.50",4.0,0.0214,1.461,0.023,1,0.9657,0,NORMAL,63.12,0.703,1,1,1,1,1,70.8,58,3,0,,,,,,0,,,,177524,72054,1482
276,17.593390941619873,2026-03-05T17:20:21.297565,1.04,0.0,2.0,0.0,0.0,0.0,1.0,18.99,19.73,0.887,0.889,STRAIGHT,1.5,1.5,"CMD,0.9,1.50",4.0,0.0214,1.461,0.023,1,0.9657,0,NORMAL,62.994,0.693,1,1,1,1,1,65.8,0,0,0,,,,,,0,,,,185213,71955,0
277,17.624369859695435,2026-03-05T17:20:21.328544,0.0,0.0,3.01,0.0,0.0,0.0,0.0,20.01,19.67,0.885,0.887,STRAIGHT,1.5,1.5,"CMD,0.9,1.50",4.0,0.0214,1.461,0.023,1,0.9657,0,NORMAL,62.39,0.707,1,1,1,1,1,60.8,0,0,0,,,,,,0,,,,185213,71846,0
278,17.654365301132202,2026-03-05T17:20:21.358540,1.0,0.0,2.0,0.0,0.0,0.0,0.0,19.97,19.67,0.884,0.885,STRAIGHT,1.5,1.5,"CMD,0.9,1.50",4.0,0.0214,1.461,0.023,1,0.9657,0,NORMAL,61.892,0.73,1,1,1,1,1,60.8,0,0,0,,,,,,0,,,,185213,71240,0
279,17.766390323638916,2026-03-05T17:20:21.470565,70.01,0.0,4.99,8.0,0.99,0.0,0.0,101.0,19.66,0.884,0.884,STRAIGHT,1.5,1.5,"CMD,0.9,1.50",4.0,0.0214,1.461,0.023,1,0.974,0,NORMAL,61.235,0.75,1,1,1,1,1,70.8,46,3,0,,,,,,0,,,,179996,74208,1422
280,17.794389724731445,2026-03-05T17:20:21.498564,1.0,0.0,2.0,0.0,0.0,0.0,0.0,17.99,19.65,0.883,0.884,STRAIGHT,1.5,1.5,"CMD,0.9,1.50",4.0,0.0214,1.461,0.023,1,0.974,0,NORMAL,60.34,0.795,1,1,1,1,1,65.8,0,0,0,,,,,,0,,,,184850,74129,0
281,17.82138419151306,2026-03-05T17:20:21.525559,0.99,0.0,3.02,0.0,0.0,0.0,0.0,16.99,19.66,0.883,0.883,STRAIGHT,1.5,1.5,"CMD,0.9,1.50",4.0,0.0214,1.461,0.023,1,0.974,0,NORMAL,60.801,0.757,1,1,1,1,1,60.8,0,0,0,,,,,,0,,,,184850,73999,0
282,17.849385976791382,2026-03-05T17:20:21.553561,1.04,0.0,1.97,0.0,0.0,0.0,0.0,17.99,19.65,0.883,0.883,STRAIGHT,1.5,1.5,"CMD,0.9,1.50",4.0,0.0214,1.461,0.023,1,0.974,0,NORMAL,60.654,0.769,1,1,1,1,1,60.8,0,0,0,,,,,,0,,,,184850,73394,0
283,17.959393978118896,2026-03-05T17:20:21.663568,69.03,0.0,5.0,8.98,0.0,0.0,0.0,100.03,19.62,0.901,0.883,STRAIGHT,1.5,1.5,"CMD,0.9,1.50",4.0,0.0228,1.416,0.023,1,0.9752,0,NORMAL,60.592,0.841,1,1,1,1,1,68.5,60,3,0,,,,,,0,,,,182281,76165,1582
284,17.987399101257324,2026-03-05T17:20:21.691573,1.0,0.0,3.04,0.0,0.0,0.0,0.0,18.04,19.61,0.914,0.901,STRAIGHT,1.5,1.5,"CMD,0.9,1.50",4.0,0.0228,1.416,0.023,1,0.9752,0,NORMAL,61.907,0.731,1,1,1,1,1,63.5,0,0,0,,,,,,0,,,,188307,76089,0
285,18.014392375946045,2026-03-05T17:20:21.718567,1.04,0.0,1.99,0.0,0.0,0.0,0.0,16.99,19.62,0.922,0.914,STRAIGHT,1.5,1.5,"CMD,0.9,1.50",4.0,0.0228,1.416,0.023,1,0.9752,0,NORMAL,62.584,0.693,1,1,1,1,1,58.5,0,0,0,,,,,,0,,,,188307,75956,0
286,18.042361974716187,2026-03-05T17:20:21.746536,1.03,0.0,2.97,0.0,0.0,0.0,0.0,17.97,19.61,0.928,0.922,STRAIGHT,1.5,1.5,"CMD,0.9,1.50",4.0,0.0228,1.416,0.023,1,0.9752,0,NORMAL,62.316,0.861,1,1,1,1,1,58.5,0,0,0,,,,,,0,,,,188307,75359,0
287,18.154395818710327,2026-03-05T17:20:21.858570,70.01,0.0,5.02,8.0,1.04,0.0,0.0,101.97,19.69,0.932,0.928,STRAIGHT,1.5,1.5,"CMD,0.9,1.50",4.0,0.0228,1.416,0.023,1,0.9661,0,NORMAL,64.32,0.703,1,1,1,1,1,68.5,54,3,0,,,,,,0,,,,183176,77464,1491
288,18.183395862579346,2026-03-05T17:20:21.887571,1.04,0.0,2.99,0.0,0.0,0.0,0.0,19.0,20.79,0.934,0.932,STRAIGHT,1.5,1.5,"CMD,0.9,1.50",4.0,0.0228,1.416,0.023,1,0.9661,0,NORMAL,64.412,0.643,1,1,1,1,1,63.5,0,0,0,,,,,,0,,,,186220,77393,0
289,18.21039319038391,2026-03-05T17:20:21.914568,0.0,0.0,3.03,0.0,0.0,0.0,0.0,16.99,20.8,0.936,0.934,STRAIGHT,1.5,1.5,"CMD,0.9,1.50",4.0,0.0228,1.416,0.023,1,0.9661,0,NORMAL,65.45,0.658,1,1,1,1,1,58.5,0,0,0,,,,,,0,,,,186220,77371,0
290,18.2383975982666,2026-03-05T17:20:21.942572,0.0,0.0,3.03,0.0,0.0,0.0,0.0,18.0,20.8,0.937,0.936,STRAIGHT,1.5,1.5,"CMD,0.9,1.50",4.0,0.0228,1.416,0.023,1,0.9661,0,NORMAL,64.766,0.643,1,1,1,1,1,58.5,0,0,0,,,,,,0,,,,186220,76833,0
291,18.34839940071106,2026-03-05T17:20:22.052574,69.03,0.0,5.0,9.03,1.0,0.0,0.0,100.0,19.66,0.959,0.937,STRAIGHT,1.5,1.5,"CMD,0.9,1.50",4.0,0.0243,1.37,0.023,1,0.9559,0,NORMAL,64.956,0.635,1,1,1,1,1,66.2,68,2,0,,,,,,0,,,,187007,80623,1511
292,18.376397848129272,2026-03-05T17:20:22.080573,1.03,0.0,2.0,0.0,0.0,0.0,0.0,16.99,20.79,0.974,0.959,STRAIGHT,1.5,1.5,"CMD,1.0,1.50",4.0,0.0243,1.37,0.023,1,0.9559,0,NORMAL,66.279,0.551,1,1,1,1,1,61.2,0,0,0,,,,,,0,,,,193419,80524,0
293,18.406404495239258,2026-03-05T17:20:22.110579,1.01,0.0,1.99,0.0,0.0,0.0,0.0,19.0,20.74,0.984,0.974,STRAIGHT,1.5,1.5,"CMD,1.0,1.50",4.0,0.0243,1.37,0.023,1,0.9559,0,NORMAL,65.237,0.581,1,1,1,1,1,56.2,0,0,0,,,,,,0,,,,193419,80522,0
294,18.433398485183716,2026-03-05T17:20:22.137573,1.03,0.0,2.0,0.0,0.0,0.0,0.0,17.0,20.76,0.99,0.984,STRAIGHT,1.5,1.5,"CMD,1.0,1.50",4.0,0.0243,1.37,0.023,1,0.9559,0,NORMAL,65.438,0.593,1,1,1,1,1,56.2,0,0,0,,,,,,0,,,,193419,79950,0
295,18.54440188407898,2026-03-05T17:20:22.248576,69.03,0.0,5.0,10.03,0.0,0.0,0.0,100.99,19.58,1.018,0.99,STRAIGHT,1.5,1.5,"CMD,1.0,1.50",4.0,0.026,1.324,0.023,1,0.9545,0,NORMAL,66.185,0.514,1,1,1,1,1,63.9,72,3,0,,,,,,0,,,,188499,82337,1662
296,18.572402238845825,2026-03-05T17:20:22.276577,1.03,0.0,2.0,0.0,0.0,0.0,0.0,16.99,20.73,1.037,1.018,STRAIGHT,1.5,1.5,"CMD,1.0,1.50",4.0,0.026,1.324,0.023,1,0.9545,0,NORMAL,66.688,0.445,1,1,1,1,1,58.9,0,0,0,,,,,,0,,,,196326,82238,0
297,18.600394248962402,2026-03-05T17:20:22.304569,0.0,0.0,3.03,0.0,0.0,0.0,0.0,17.99,20.73,1.049,1.037,STRAIGHT,1.5,1.5,"CMD,1.0,1.50",4.0,0.026,1.324,0.023,1,0.9545,0,NORMAL,65.822,0.45,1,1,1,1,1,53.9,0,0,0,,,,,,0,,,,196326,82238,0
298,18.628402709960938,2026-03-05T17:20:22.332577,1.04,0.0,2.0,0.0,0.0,0.0,0.0,18.0,20.73,1.058,1.049,STRAIGHT,1.5,1.5,"CMD,1.0,1.50",4.0,0.026,1.324,0.023,1,0.9545,0,NORMAL,66.013,0.452,1,1,1,1,1,53.9,0,0,0,,,,,,0,,,,196326,81622,0
299,18.742401123046875,2026-03-05T17:20:22.446576,69.03,0.0,5.01,8.99,0.99,0.0,0.0,101.0,19.52,1.063,1.058,STRAIGHT,1.5,1.5,"CMD,1.1,1.50",4.0,0.026,1.324,0.023,1,0.968,0,NORMAL,66.153,0.399,1,1,1,1,1,63.9,61,3,0,,,,,,0,,,,189613,83464,1623
300,18.770402431488037,2026-03-05T17:20:22.474577,1.03,0.0,1.97,0.0,0.0,0.0,0.0,18.0,20.64,1.067,1.063,STRAIGHT,1.5,1.5,"CMD,1.1,1.50",4.0,0.026,1.324,0.023,1,0.968,0,NORMAL,66.024,0.363,1,1,1,1,1,58.9,0,0,0,,,,,,0,,,,194888,83368,0
301,18.798396587371826,2026-03-05T17:20:22.502571,1.05,0.0,1.97,0.0,0.0,0.0,0.0,17.02,20.67,1.069,1.067,STRAIGHT,1.5,1.5,"CMD,1.1,1.50",4.0,0.026,1.324,0.023,1,0.968,0,NORMAL,65.775,0.385,1,1,1,1,1,53.9,0,0,0,,,,,,0,,,,194888,83359,0
302,18.826398611068726,2026-03-05T17:20:22.530573,1.03,0.0,2.0,0.0,0.0,0.0,0.0,16.99,20.67,1.071,1.069,STRAIGHT,1.5,1.5,"CMD,1.1,1.50",4.0,0.026,1.324,0.023,1,0.968,0,NORMAL,65.007,0.445,1,1,1,1,1,53.9,0,0,0,,,,,,0,,,,194888,82747,0
303,18.935399055480957,2026-03-05T17:20:22.639574,68.0,0.0,6.01,7.03,1.01,0.0,0.0,100.03,19.54,1.098,1.071,STRAIGHT,1.5,1.5,"CMD,1.1,1.50",4.0,0.0279,1.279,0.023,1,0.9666,0,NORMAL,65.009,0.449,1,1,1,1,1,61.6,46,3,0,,,,,,0,,,,190980,85761,1414
304,18.963398456573486,2026-03-05T17:20:22.667573,0.0,0.0,3.03,0.0,0.0,0.0,0.0,18.03,20.71,1.115,1.098,STRAIGHT,1.5,1.5,"CMD,1.1,1.50",4.0,0.0279,1.279,0.023,1,0.9666,0,NORMAL,64.743,0.466,1,1,1,1,1,56.6,0,0,0,,,,,,0,,,,193509,85677,0
305,18.99139952659607,2026-03-05T17:20:22.695574,1.03,0.0,3.0,0.0,0.0,0.0,0.0,17.99,20.74,1.127,1.115,STRAIGHT,1.5,1.5,"CMD,1.1,1.50",4.0,0.0279,1.279,0.023,1,0.9666,0,NORMAL,64.598,0.505,1,1,1,1,1,51.6,0,0,0,,,,,,0,,,,193509,85654,0
306,19.01940655708313,2026-03-05T17:20:22.723581,1.03,0.0,1.97,0.0,0.0,0.0,1.03,18.0,20.79,1.135,1.127,STRAIGHT,1.5,1.5,"CMD,1.1,1.50",4.0,0.0279,1.279,0.023,1,0.9666,0,NORMAL,64.268,0.521,1,1,1,1,1,51.6,0,0,0,,,,,,0,,,,193509,85044,0
307,19.130406618118286,2026-03-05T17:20:22.834581,68.04,0.0,5.0,10.0,1.0,0.0,0.0,102.03,19.65,1.14,1.135,STRAIGHT,1.5,1.5,"CMD,1.1,1.50",4.0,0.0279,1.279,0.023,1,0.9634,0,NORMAL,63.6,0.565,1,1,1,1,1,61.6,76,2,0,,,,,,0,,,,197611,90262,1507
308,19.159375190734863,2026-03-05T17:20:22.863550,0.0,0.0,3.0,0.0,0.0,0.0,0.0,17.96,20.8,1.144,1.14,STRAIGHT,1.5,1.5,"CMD,1.1,1.50",4.0,0.0279,1.279,0.023,1,0.9634,0,NORMAL,63.469,0.569,1,1,1,1,1,56.6,0,0,0,,,,,,0,,,,201925,90165,0
309,19.18941307067871,2026-03-05T17:20:22.893588,1.03,0.0,3.0,0.0,0.0,0.0,0.0,19.03,20.79,1.146,1.144,STRAIGHT,1.5,1.5,"CMD,1.1,1.50",4.0,0.0279,1.279,0.023,1,0.9634,0,NORMAL,63.13,0.593,1,1,1,1,1,51.6,0,0,0,,,,,,0,,,,201925,90145,0
310,19.218385696411133,2026-03-05T17:20:22.922560,1.02,0.0,2.98,0.0,0.0,0.0,0.0,18.98,20.76,1.148,1.146,STRAIGHT,1.5,1.5,"CMD,1.1,1.50",4.0,0.0279,1.279,0.023,1,0.9634,0,NORMAL,63.293,0.541,1,1,1,1,1,51.6,0,0,0,,,,,,0,,,,201925,89563,0
311,19.330426692962646,2026-03-05T17:20:23.034601,69.04,0.0,4.99,10.0,0.0,0.0,0.0,102.05,19.58,1.149,1.148,STRAIGHT,1.5,1.5,"CMD,1.1,1.50",4.0,0.0279,1.279,0.023,1,0.9723,0,NORMAL,63.288,0.48,1,1,1,1,1,61.6,65,3,0,,,,,,0,,,,200824,92769,1660
312,19.359407901763916,2026-03-05T17:20:23.063583,1.03,0.0,1.97,0.0,0.0,0.0,0.0,17.99,20.71,1.15,1.149,STRAIGHT,1.5,1.5,"CMD,1.1,1.50",4.0,0.0279,1.279,0.023,1,0.9723,0,NORMAL,63.044,0.464,1,1,1,1,1,56.6,0,0,0,,,,,,0,,,,207210,92673,0
313,19.38740372657776,2026-03-05T17:20:23.091578,1.03,0.0,1.97,0.0,0.0,0.0,0.0,17.99,20.71,1.15,1.15,STRAIGHT,1.5,1.5,"CMD,1.1,1.50",4.0,0.0279,1.279,0.023,1,0.9723,0,NORMAL,62.837,0.451,1,1,1,1,1,51.6,0,0,0,,,,,,0,,,,207210,92640,0
314,19.415404319763184,2026-03-05T17:20:23.119579,1.05,0.0,2.97,0.0,0.0,0.0,0.0,17.99,20.7,1.15,1.15,STRAIGHT,1.5,1.5,"CMD,1.2,1.50",4.0,0.0279,1.279,0.023,1,0.9723,0,NORMAL,62.704,0.443,1,1,1,1,1,51.6,0,0,0,,,,,,0,,,,207210,92017,0
315,19.53441333770752,2026-03-05T17:20:23.238588,68.03,0.0,5.98,15.03,1.0,0.0,0.0,106.96,19.45,1.18,1.15,STRAIGHT,1.5,1.5,"CMD,1.2,1.50",4.0,0.03,1.233,0.023,1,0.9684,0,NORMAL,62.381,0.453,1,1,1,1,1,59.4,142,4,0,,,,,,0,,,,205603,96851,1986
316,19.563408851623535,2026-03-05T17:20:23.267583,1.0,0.0,3.03,0.0,0.0,0.0,0.0,17.98,20.58,1.199,1.18,STRAIGHT,1.5,1.5,"CMD,1.2,1.50",4.0,0.03,1.233,0.023,1,0.9684,0,NORMAL,62.09,0.455,1,1,1,1,1,54.4,0,0,0,,,,,,0,,,,213220,96775,0
317,19.592407703399658,2026-03-05T17:20:23.296582,1.04,0.0,1.96,0.0,0.0,0.0,1.03,17.98,20.58,1.212,1.199,STRAIGHT,1.5,1.5,"CMD,1.2,1.50",4.0,0.03,1.233,0.023,1,0.9684,0,NORMAL,62.552,0.443,1,1,1,1,1,49.4,0,0,0,,,,,,0,,,,213220,96643,0
318,19.62040638923645,2026-03-05T17:20:23.324581,1.03,0.0,1.97,0.0,0.0,0.0,0.0,19.02,20.57,1.221,1.212,STRAIGHT,1.5,1.5,"CMD,1.2,1.50",4.0,0.03,1.233,0.023,1,0.9684,0,NORMAL,62.051,0.426,1,1,1,1,1,49.4,0,0,0,,,,,,0,,,,213220,96081,0
319,19.739415407180786,2026-03-05T17:20:23.443590,70.03,0.0,5.0,15.0,1.0,0.0,0.0,109.03,19.32,1.198,1.212,STRAIGHT,1.5,1.5,"CMD,1.2,1.50",4.0,0.0279,1.279,0.023,1,0.9591,0,NORMAL,61.273,0.451,1,1,1,1,1,61.6,133,4,0,,,,,,0,,,,212434,102093,1950
320,19.76941680908203,2026-03-05T17:20:23.473591,1.0,0.0,3.03,0.0,0.0,0.0,0.0,18.0,20.41,1.182,1.198,STRAIGHT,1.5,1.5,"CMD,1.2,1.50",4.0,0.0279,1.279,0.023,1,0.9591,0,NORMAL,60.62,0.492,1,1,1,1,1,56.6,0,0,0,,,,,,0,,,,217331,102007,0
321,19.798415184020996,2026-03-05T17:20:23.502590,1.0,0.0,3.03,0.0,0.0,0.0,0.0,17.98,20.39,1.172,1.182,STRAIGHT,1.5,1.5,"CMD,1.2,1.50",4.0,0.0279,1.279,0.023,1,0.9591,0,NORMAL,60.446,0.545,1,1,1,1,1,51.6,0,0,0,,,,,,0,,,,217331,101856,0
322,19.82641887664795,2026-03-05T17:20:23.530593,1.0,0.0,3.03,0.0,0.0,0.0,0.0,18.03,20.42,1.165,1.172,STRAIGHT,1.5,1.5,"CMD,1.2,1.50",4.0,0.0279,1.279,0.023,1,0.9591,0,NORMAL,59.829,0.561,1,1,1,1,1,51.6,0,0,0,,,,,,0,,,,217331,101236,0
323,19.944416522979736,2026-03-05T17:20:23.648591,68.03,0.0,4.97,15.03,1.0,0.0,0.0,108.03,19.19,1.135,1.165,STRAIGHT,1.5,1.5,"CMD,1.2,1.50",4.0,0.026,1.324,0.023,1,0.9386,0,NORMAL,59.684,0.573,1,1,1,1,1,63.9,146,4,0,,,,,,0,,,,225111,111897,2057
324,19.973421573638916,2026-03-05T17:20:23.677596,1.04,0.0,2.99,0.0,0.0,0.0,0.0,18.03,20.29,1.114,1.135,STRAIGHT,1.5,1.5,"CMD,1.1,1.50",4.0,0.026,1.324,0.023,1,0.9386,0,NORMAL,59.357,0.569,1,1,1,1,1,58.9,0,0,0,,,,,,0,,,,231642,111825,0
325,20.002387523651123,2026-03-05T17:20:23.706562,1.03,0.0,2.0,0.0,0.0,0.0,0.0,19.0,20.28,1.101,1.114,STRAIGHT,1.5,1.5,"CMD,1.1,1.50",4.0,0.026,1.324,0.023,1,0.9386,0,NORMAL,59.278,0.565,1,1,1,1,1,53.9,0,0,0,,,,,,0,,,,231642,111619,0
326,20.030412435531616,2026-03-05T17:20:23.734587,1.0,0.0,3.02,0.0,0.0,0.0,0.0,17.99,20.28,1.092,1.101,STRAIGHT,1.5,1.5,"CMD,1.1,1.50",4.0,0.026,1.324,0.023,1,0.9386,0,NORMAL,59.12,0.542,1,1,1,1,1,53.9,0,0,0,,,,,,0,,,,231642,110997,0
327,20.146418809890747,2026-03-05T17:20:23.850593,69.01,0.0,5.02,14.03,1.02,0.0,0.0,104.99,19.1,1.062,1.092,STRAIGHT,1.5,1.5,"CMD,1.1,1.50",4.0,0.0243,1.37,0.023,1,0.9716,0,NORMAL,58.847,0.58,1,1,1,1,1,66.2,121,4,0,,,,,,0,,,,225170,111017,1923
328,20.177420139312744,2026-03-05T17:20:23.881595,1.03,0.0,2.0,0.0,0.0,0.0,0.0,17.99,20.21,1.043,1.062,STRAIGHT,1.5,1.5,"CMD,1.1,1.50",4.0,0.0243,1.37,0.023,1,0.9716,0,NORMAL,58.506,0.611,1,1,1,1,1,61.2,0,0,0,,,,,,0,,,,232411,111111,0
329,20.205414295196533,2026-03-05T17:20:23.909589,1.03,0.0,3.0,0.0,0.0,0.0,0.0,17.99,20.21,1.03,1.043,STRAIGHT,1.5,1.5,"CMD,1.0,1.50",4.0,0.0243,1.37,0.023,1,0.9716,0,NORMAL,58.452,0.618,1,1,1,1,1,56.2,0,0,0,,,,,,0,,,,232411,110816,0
330,20.234421014785767,2026-03-05T17:20:23.938596,1.03,0.0,1.99,0.0,0.0,0.0,0.0,16.99,20.19,1.021,1.03,STRAIGHT,1.5,1.5,"CMD,1.0,1.50",4.0,0.0243,1.37,0.023,1,0.9716,0,NORMAL,58.111,0.644,1,1,1,1,1,56.2,0,0,0,,,,,,0,,,,232411,110191,0
331,20.352421522140503,2026-03-05T17:20:24.056596,69.03,0.0,5.0,15.0,0.0,0.0,0.0,106.99,18.99,1.039,1.03,STRAIGHT,1.5,1.5,"CMD,1.0,1.50",4.0,0.026,1.324,0.023,1,0.9668,0,NORMAL,58.221,0.653,1,1,1,1,1,63.9,127,4,0,,,,,,0,,,,224677,110846,2026
332,20.382423400878906,2026-03-05T17:20:24.086598,1.03,0.0,2.0,0.0,0.0,0.0,0.0,18.99,20.04,1.05,1.039,STRAIGHT,1.5,1.5,"CMD,1.0,1.50",4.0,0.026,1.324,0.023,1,0.9668,0,NORMAL,58.171,0.656,1,1,1,1,1,58.9,0,0,0,,,,,,0,,,,229832,110948,0
333,20.41142177581787,2026-03-05T17:20:24.115596,0.0,0.0,2.0,0.0,0.0,0.0,0.0,17.99,20.03,1.058,1.05,STRAIGHT,1.5,1.5,"CMD,1.1,1.50",4.0,0.026,1.324,0.023,1,0.9668,0,NORMAL,58.373,0.641,1,1,1,1,1,53.9,0,0,0,,,,,,0,,,,229832,110656,0
334,20.4394211769104,2026-03-05T17:20:24.143596,0.99,0.0,3.03,0.0,0.0,0.0,0.0,18.03,20.03,1.064,1.058,STRAIGHT,1.5,1.5,"CMD,1.1,1.50",4.0,0.026,1.324,0.023,1,0.9668,0,NORMAL,58.427,0.653,1,1,1,1,1,53.9,0,0,0,,,,,,0,,,,229832,110087,0
335,20.556432485580444,2026-03-05T17:20:24.260607,68.03,0.0,5.0,13.03,1.0,0.0,0.0,106.0,18.87,1.067,1.064,STRAIGHT,1.5,1.5,"CMD,1.1,1.50",4.0,0.026,1.324,0.023,1,0.9617,0,NORMAL,58.614,0.634,1,1,1,1,1,63.9,110,4,0,,,,,,0,,,,227226,112898,2081
336,20.58542275428772,2026-03-05T17:20:24.289597,0.0,0.0,3.03,0.0,0.0,0.0,0.0,18.0,19.93,1.069,1.067,STRAIGHT,1.5,1.5,"CMD,1.1,1.50",4.0,0.026,1.324,0.023,1,0.9617,0,NORMAL,58.377,0.592,1,1,1,1,1,58.9,0,0,0,,,,,,0,,,,232130,112909,0
337,20.614423990249634,2026-03-05T17:20:24.318599,0.99,0.0,2.01,0.0,0.0,0.0,1.02,17.99,19.93,1.071,1.069,STRAIGHT,1.5,1.5,"CMD,1.1,1.50",4.0,0.026,1.324,0.023,1,0.9617,0,NORMAL,58.34,0.596,1,1,1,1,1,53.9,0,0,0,,,,,,0,,,,232130,112668,0
338,20.64342761039734,2026-03-05T17:20:24.347602,1.04,0.0,2.0,0.0,0.0,0.0,0.0,18.04,19.96,1.072,1.071,STRAIGHT,1.5,1.5,"CMD,1.1,1.50",4.0,0.026,1.324,0.023,1,0.9617,0,NORMAL,58.067,0.558,1,1,1,1,1,53.9,0,0,0,,,,,,0,,,,232130,112011,0
339,20.76443123817444,2026-03-05T17:20:24.468606,70.0,0.0,5.03,15.03,0.0,0.0,0.0,110.03,18.76,1.049,1.071,STRAIGHT,1.5,1.5,"CMD,1.1,1.50",4.0,0.0243,1.37,0.023,1,0.969,0,NORMAL,56.873,0.518,1,1,1,1,1,66.2,134,4,0,,,,,,0,,,,229364,113849,2133
340,20.794394731521606,2026-03-05T17:20:24.498569,1.0,0.0,2.0,0.0,0.0,0.0,0.0,17.96,19.81,1.034,1.049,STRAIGHT,1.5,1.5,"CMD,1.0,1.50",4.0,0.0243,1.37,0.023,1,0.969,0,NORMAL,54.853,0.468,1,1,1,1,1,61.2,0,0,0,,,,,,0,,,,234229,113966,0
341,20.8234224319458,2026-03-05T17:20:24.527597,1.03,0.0,3.0,0.0,0.0,0.0,0.0,19.02,19.81,1.024,1.034,STRAIGHT,1.5,1.5,"CMD,1.0,1.50",4.0,0.0243,1.37,0.023,1,0.969,0,NORMAL,53.532,0.426,1,1,1,1,1,56.2,0,0,0,,,,,,0,,,,234229,113643,0
342,20.85142683982849,2026-03-05T17:20:24.555602,1.0,0.0,3.03,0.0,0.0,0.0,0.0,18.0,19.81,1.017,1.024,STRAIGHT,1.5,1.5,"CMD,1.0,1.50",4.0,0.0243,1.37,0.023,1,0.969,0,NORMAL,51.274,0.381,1,1,1,1,1,56.2,0,0,0,,,,,,0,,,,234229,113005,0
343,20.96942901611328,2026-03-05T17:20:24.673604,68.04,0.0,6.0,14.03,1.0,0.0,0.0,107.03,18.66,1.012,1.017,STRAIGHT,1.5,1.5,"CMD,1.0,1.50",4.0,0.0243,1.37,0.023,1,0.9185,0,NORMAL,51.276,0.412,1,1,1,1,1,66.2,120,5,0,,,,,,0,,,,239868,115002,2277
344,20.999423503875732,2026-03-05T17:20:24.703598,1.04,0.0,2.01,0.0,0.0,0.0,0.0,16.99,19.79,1.009,1.012,STRAIGHT,1.5,1.5,"CMD,1.0,1.50",4.0,0.0243,1.37,0.023,1,0.9185,0,NORMAL,51.318,0.432,1,1,1,1,1,61.2,0,0,0,,,,,,0,,,,245928,115000,0
345,21.027397632598877,2026-03-05T17:20:24.731572,1.0,0.0,2.0,0.0,0.0,0.0,1.0,17.97,19.81,1.007,1.009,STRAIGHT,1.5,1.5,"CMD,1.0,1.50",4.0,0.0243,1.37,0.023,1,0.9185,0,NORMAL,50.784,0.369,1,1,1,1,1,56.2,0,0,0,,,,,,0,,,,245928,114434,0
346,21.056434869766235,2026-03-05T17:20:24.760609,1.03,0.0,2.0,0.0,0.0,0.0,0.0,18.0,19.82,1.006,1.007,STRAIGHT,1.5,1.5,"CMD,1.0,1.50",4.0,0.0243,1.37,0.023,1,0.9185,0,NORMAL,50.562,0.356,1,1,1,1,1,56.2,0,0,0,,,,,,0,,,,245928,113763,0
347,21.17442560195923,2026-03-05T17:20:24.878600,69.04,0.0,6.0,15.03,0.0,0.0,0.0,107.99,18.66,1.005,1.006,STRAIGHT,1.5,1.5,"CMD,1.0,1.50",4.0,0.0243,1.37,0.023,1,0.8986,0,NORMAL,50.781,0.373,1,1,1,1,1,66.2,134,7,0,,,,,,0,,,,228953,107222,2428
348,21.203434944152832,2026-03-05T17:20:24.907609,1.0,0.0,2.03,0.0,0.0,0.0,0.0,17.03,19.81,1.004,1.005,STRAIGHT,1.5,1.5,"CMD,1.0,1.50",4.0,0.0243,1.37,0.023,1,0.8986,0,NORMAL,50.901,0.395,1,1,1,1,1,61.2,0,0,0,,,,,,0,,,,235376,107421,0
349,21.232401847839355,2026-03-05T17:20:24.936576,1.0,0.0,3.0,0.0,0.0,0.0,0.0,17.96,19.82,1.004,1.004,STRAIGHT,1.5,1.5,"CMD,1.0,1.50",4.0,0.0243,1.37,0.023,1,0.8986,0,NORMAL,51.109,0.433,1,1,1,1,1,56.2,0,0,0,,,,,,0,,,,235376,106868,0
350,21.26043391227722,2026-03-05T17:20:24.964608,0.0,0.0,3.03,0.0,0.0,0.0,0.0,17.0,19.84,1.004,1.004,STRAIGHT,1.5,1.5,"CMD,1.0,1.50",4.0,0.0243,1.37,0.023,1,0.8986,0,NORMAL,51.385,0.468,1,1,1,1,1,56.2,0,0,0,,,,,,0,,,,235376,106421,0
351,21.375434637069702,2026-03-05T17:20:25.079609,68.96,0.0,5.0,13.0,0.0,0.0,0.0,104.0,18.72,0.982,1.004,STRAIGHT,1.5,1.5,"CMD,1.0,1.50",4.0,0.0228,1.416,0.023,1,0.9226,0,NORMAL,51.646,0.455,1,1,1,1,1,68.5,103,6,0,,,,,,0,,,,231899,105342,2288
352,21.40444040298462,2026-03-05T17:20:25.108615,1.04,0.0,2.0,0.0,0.0,0.0,0.0,17.0,19.86,0.968,0.982,STRAIGHT,1.5,1.5,"CMD,1.0,1.50",4.0,0.0228,1.416,0.023,1,0.9226,0,NORMAL,51.81,0.462,1,1,1,1,1,63.5,0,0,0,,,,,,0,,,,234687,105457,0
353,21.433441877365112,2026-03-05T17:20:25.137616,1.0,0.0,3.04,0.0,0.0,0.0,0.0,18.0,19.86,0.958,0.968,STRAIGHT,1.5,1.5,"CMD,1.0,1.50",4.0,0.0228,1.416,0.023,1,0.9226,0,NORMAL,52.18,0.522,1,1,1,1,1,58.5,0,0,0,,,,,,0,,,,234687,105006,0
354,21.461430311203003,2026-03-05T17:20:25.165605,0.0,0.0,3.03,0.0,0.0,0.0,0.0,18.03,19.88,0.952,0.958,STRAIGHT,1.5,1.5,"CMD,1.0,1.50",4.0,0.0228,1.416,0.023,1,0.9226,0,NORMAL,52.177,0.594,1,1,1,1,1,58.5,0,0,0,,,,,,0,,,,234687,104474,0
355,21.576438426971436,2026-03-05T17:20:25.280613,69.04,0.0,4.97,13.0,0.0,0.0,0.0,104.0,18.76,0.948,0.952,STRAIGHT,1.5,1.5,"CMD,1.0,1.50",4.0,0.0228,1.416,0.023,1,0.9485,0,NORMAL,52.492,0.583,1,1,1,1,1,68.5,103,6,0,,,,,,0,,,,230608,103358,2127
356,21.60544490814209,2026-03-05T17:20:25.309619,1.03,0.0,3.0,0.0,0.0,0.0,0.0,18.0,19.88,0.945,0.948,STRAIGHT,1.5,1.5,"CMD,0.9,1.50",4.0,0.0228,1.416,0.023,1,0.9485,0,NORMAL,52.472,0.629,1,1,1,1,1,63.5,0,0,0,,,,,,0,,,,233030,103419,0
357,21.634440898895264,2026-03-05T17:20:25.338615,1.03,0.0,1.99,0.0,0.0,0.0,0.0,16.98,19.9,0.943,0.945,STRAIGHT,1.5,1.5,"CMD,0.9,1.50",4.0,0.0228,1.416,0.023,1,0.9485,0,NORMAL,52.738,0.653,1,1,1,1,1,58.5,0,0,0,,,,,,0,,,,233030,103174,0
358,21.662431240081787,2026-03-05T17:20:25.366606,1.0,0.0,3.03,0.0,0.0,0.0,0.0,17.99,19.9,0.942,0.943,STRAIGHT,1.5,1.5,"CMD,0.9,1.50",4.0,0.0228,1.416,0.023,1,0.9485,0,NORMAL,52.952,0.686,1,1,1,1,1,58.5,0,0,0,,,,,,0,,,,233030,102549,0
359,21.78044319152832,2026-03-05T17:20:25.484618,70.01,0.0,5.02,12.01,0.97,0.0,0.0,107.0,18.75,0.922,0.942,STRAIGHT,1.5,1.5,"CMD,0.9,1.50",4.0,0.0214,1.461,0.023,1,0.957,0,NORMAL,53.035,0.699,1,1,1,1,1,70.8,97,5,0,,,,,,0,,,,224078,98758,2144
360,21.81043314933777,2026-03-05T17:20:25.514608,0.0,0.0,3.02,0.0,0.0,0.0,0.0,17.99,19.9,0.909,0.922,STRAIGHT,1.5,1.5,"CMD,0.9,1.50",4.0,0.0214,1.461,0.023,1,0.957,0,NORMAL,53.284,0.676,1,1,1,1,1,65.8,0,0,0,,,,,,0,,,,227972,98986,0
361,21.83944034576416,2026-03-05T17:20:25.543615,1.03,0.0,2.0,0.0,0.0,0.0,0.0,19.03,19.9,0.9,0.909,STRAIGHT,1.5,1.5,"CMD,0.9,1.50",4.0,0.0214,1.461,0.023,1,0.957,0,NORMAL,53.64,0.672,1,1,1,1,1,60.8,0,0,0,,,,,,0,,,,227972,98558,0
362,21.86841058731079,2026-03-05T17:20:25.572585,0.0,0.0,3.0,0.0,0.0,0.0,0.0,18.0,19.9,0.894,0.9,STRAIGHT,1.5,1.5,"CMD,0.9,1.50",4.0,0.0214,1.461,0.023,1,0.957,0,NORMAL,53.817,0.697,1,1,1,1,1,60.8,0,0,0,,,,,,0,,,,227972,98021,0
363,21.981443881988525,2026-03-05T17:20:25.685619,69.03,0.0,4.97,9.0,1.0,0.0,1.02,102.0,18.81,0.89,0.894,STRAIGHT,1.5,1.5,"CMD,0.9,1.50",4.0,0.0214,1.461,0.023,1,0.9625,0,NORMAL,54.037,0.745,1,1,1,1,1,70.8,53,5,0,,,,,,0,,,,215976,94260,1907
364,22.009440183639526,2026-03-05T17:20:25.713615,1.0,0.0,3.03,0.0,0.0,0.0,0.0,17.99,19.96,0.887,0.89,STRAIGHT,1.5,1.5,"CMD,0.9,1.50",4.0,0.0214,1.461,0.023,1,0.9625,0,NORMAL,54.029,0.768,1,1,1,1,1,65.8,0,0,0,,,,,,0,,,,219428,94353,0
365,22.0384418964386,2026-03-05T17:20:25.742616,1.02,0.0,2.0,0.0,0.0,0.0,0.0,18.03,19.96,0.886,0.887,STRAIGHT,1.5,1.5,"CMD,0.9,1.50",4.0,0.0214,1.461,0.023,1,0.9625,0,NORMAL,54.002,0.778,1,1,1,1,1,60.8,0,0,0,,,,,,0,,,,219428,94057,0
366,22.06744694709778,2026-03-05T17:20:25.771622,1.0,0.0,2.0,0.0,0.0,0.0,0.0,19.0,19.96,0.885,0.886,STRAIGHT,1.5,1.5,"CMD,0.9,1.50",4.0,0.0214,1.461,0.023,1,0.9625,0,NORMAL,54.365,0.581,1,1,1,1,1,60.8,0,0,0,,,,,,0,,,,219428,93488,0
367,22.177438974380493,2026-03-05T17:20:25.881614,69.0,0.0,5.03,8.03,0.99,0.0,0.0,99.03,18.89,1.035,0.886,STRAIGHT,1.5,1.5,"CMD,0.9,1.50",4.0,0.0324,1.187,0.023,1,0.8911,0,NORMAL,54.569,0.494,1,1,1,1,1,57.1,46,3,0,,,,,,0,,,,193348,87998,1762
368,22.205443620681763,2026-03-05T17:20:25.909618,0.0,0.0,3.03,0.0,0.0,0.0,0.0,16.99,20.12,1.135,1.035,STRAIGHT,1.5,1.5,"CMD,1.0,1.50",4.0,0.0324,1.187,0.023,1,0.8911,0,NORMAL,53.982,0.556,1,1,1,1,1,52.1,0,0,0,,,,,,0,,,,196406,88054,0
369,22.233444690704346,2026-03-05T17:20:25.937619,1.03,0.0,2.0,0.0,0.0,0.0,0.0,18.0,20.15,1.202,1.135,STRAIGHT,1.5,1.5,"CMD,1.1,1.50",4.0,0.0324,1.187,0.023,1,0.8911,0,NORMAL,53.204,0.596,1,1,1,1,1,47.1,0,0,0,,,,,,0,,,,196406,87848,0
370,22.261446952819824,2026-03-05T17:20:25.965621,1.03,0.0,2.0,0.0,0.0,0.0,0.0,18.0,20.17,1.247,1.202,STRAIGHT,1.5,1.5,"CMD,1.2,1.50",4.0,0.0324,1.187,0.023,1,0.8911,0,NORMAL,52.458,0.586,1,1,1,1,1,47.1,0,0,0,,,,,,0,,,,196406,87320,0
371,22.37244701385498,2026-03-05T17:20:26.076622,68.03,0.0,6.0,8.03,0.0,0.0,0.0,100.04,19.08,1.189,1.202,STRAIGHT,1.5,1.5,"CMD,1.2,1.50",4.0,0.026,1.324,0.023,1,0.9122,0,NORMAL,51.956,0.612,1,1,1,1,1,63.9,59,3,0,,,,,,0,,,,186300,79909,1515
372,22.40044617652893,2026-03-05T17:20:26.104621,1.0,0.0,2.0,0.0,0.0,0.0,0.0,17.99,20.27,1.151,1.189,STRAIGHT,1.5,1.5,"CMD,1.2,1.50",4.0,0.026,1.324,0.023,1,0.9122,0,NORMAL,51.519,0.629,1,1,1,1,1,58.9,0,0,0,,,,,,0,,,,188653,80241,0
373,22.427446365356445,2026-03-05T17:20:26.131621,1.04,0.0,1.99,0.0,0.0,0.0,0.0,16.99,20.29,1.125,1.151,STRAIGHT,1.5,1.5,"CMD,1.2,1.50",4.0,0.026,1.324,0.023,1,0.9122,0,NORMAL,51.049,0.627,1,1,1,1,1,53.9,0,0,0,,,,,,0,,,,188653,79790,0
374,22.45544934272766,2026-03-05T17:20:26.159624,0.96,0.0,3.03,0.0,0.0,0.0,0.0,18.03,20.31,1.108,1.125,STRAIGHT,1.5,1.5,"CMD,1.1,1.50",4.0,0.026,1.324,0.023,1,0.9122,0,NORMAL,50.652,0.646,1,1,1,1,1,53.9,0,0,0,,,,,,0,,,,188653,79461,0
375,22.564418077468872,2026-03-05T17:20:26.268593,68.01,0.0,5.02,8.03,0.0,0.0,0.0,98.96,19.22,1.097,1.108,STRAIGHT,1.5,1.5,"CMD,1.1,1.50",4.0,0.026,1.324,0.023,1,0.9586,0,NORMAL,50.377,0.634,1,1,1,1,1,63.9,50,3,0,,,,,,0,,,,184689,77025,1525
376,22.59245228767395,2026-03-05T17:20:26.296627,1.0,0.0,3.03,0.0,0.0,0.0,0.0,18.0,20.45,1.089,1.097,STRAIGHT,1.5,1.5,"CMD,1.1,1.50",4.0,0.026,1.324,0.023,1,0.9586,0,NORMAL,50.154,0.636,1,1,1,1,1,58.9,0,0,0,,,,,,0,,,,186441,77115,0
377,22.621419668197632,2026-03-05T17:20:26.325594,1.0,0.0,2.0,0.0,0.0,0.0,0.0,17.97,20.47,1.084,1.089,STRAIGHT,1.5,1.5,"CMD,1.1,1.50",4.0,0.026,1.324,0.023,1,0.9586,0,NORMAL,50.024,0.652,1,1,1,1,1,53.9,0,0,0,,,,,,0,,,,186441,76838,0
378,22.648458242416382,2026-03-05T17:20:26.352633,0.0,0.0,3.04,0.0,0.0,0.0,0.0,17.99,20.48,1.081,1.084,STRAIGHT,1.5,1.5,"CMD,1.1,1.50",4.0,0.026,1.324,0.023,1,0.9586,0,NORMAL,50.016,0.644,1,1,1,1,1,53.9,0,0,0,,,,,,0,,,,186441,76401,0
379,22.76345419883728,2026-03-05T17:20:26.467629,71.01,0.0,6.03,9.03,1.0,0.0,0.0,105.0,19.29,1.104,1.084,STRAIGHT,1.5,1.5,"CMD,1.1,1.50",4.0,0.0279,1.279,0.023,1,0.9385,0,NORMAL,50.137,0.622,1,1,1,1,1,61.6,63,3,0,,,,,,0,,,,173385,70973,1567
380,22.793421506881714,2026-03-05T17:20:26.497596,1.01,0.0,2.99,0.0,0.0,0.0,0.0,20.0,20.45,1.12,1.104,STRAIGHT,1.5,1.5,"CMD,1.1,1.50",4.0,0.0279,1.279,0.023,1,0.9385,0,NORMAL,50.374,0.622,1,1,1,1,1,56.6,0,0,0,,,,,,0,,,,175180,71200,0
381,22.822421550750732,2026-03-05T17:20:26.526596,1.0,0.0,3.0,0.0,0.0,0.0,0.0,17.99,20.45,1.13,1.12,STRAIGHT,1.5,1.5,"CMD,1.1,1.50",4.0,0.0279,1.279,0.023,1,0.9385,0,NORMAL,50.749,0.574,1,1,1,1,1,51.6,0,0,0,,,,,,0,,,,175180,70846,0
382,22.85142421722412,2026-03-05T17:20:26.555599,1.0,0.0,3.0,0.0,0.0,0.0,0.0,18.97,20.45,1.137,1.13,STRAIGHT,1.5,1.5,"CMD,1.1,1.50",4.0,0.0279,1.279,0.023,1,0.9385,0,NORMAL,51.235,0.56,1,1,1,1,1,51.6,0,0,0,,,,,,0,,,,175180,70498,0
383,22.964434385299683,2026-03-05T17:20:26.668609,69.01,0.0,5.05,9.02,0.99,0.0,0.0,102.97,19.29,1.171,1.137,STRAIGHT,1.5,1.5,"CMD,1.1,1.50",4.0,0.03,1.233,0.023,1,0.9536,0,NORMAL,51.75,0.52,1,1,1,1,1,59.4,66,3,0,,,,,,0,,,,165400,66325,1484
384,22.99245548248291,2026-03-05T17:20:26.696630,0.0,1.03,2.0,0.0,0.0,0.0,0.0,17.99,20.48,1.193,1.171,STRAIGHT,1.5,1.5,"CMD,1.2,1.50",4.0,0.03,1.233,0.023,1,0.9536,0,NORMAL,51.996,0.507,1,1,1,1,1,54.4,0,0,0,,,,,,0,,,,166758,66535,0
385,23.022435188293457,2026-03-05T17:20:26.726610,1.04,0.0,1.96,0.0,0.0,0.0,0.0,18.98,20.47,1.208,1.193,STRAIGHT,1.5,1.5,"CMD,1.2,1.50",4.0,0.03,1.233,0.023,1,0.9536,0,NORMAL,52.373,0.487,1,1,1,1,1,49.4,0,0,0,,,,,,0,,,,166758,66199,0
386,23.050458431243896,2026-03-05T17:20:26.754633,0.0,0.0,3.04,0.0,0.0,0.0,0.0,18.0,20.47,1.218,1.208,STRAIGHT,1.5,1.5,"CMD,1.2,1.50",4.0,0.03,1.233,0.023,1,0.9536,0,NORMAL,52.711,0.495,1,1,1,1,1,49.4,0,0,0,,,,,,0,,,,166758,65880,0
387,23.161463499069214,2026-03-05T17:20:26.865638,69.03,0.0,5.0,8.0,0.0,0.0,0.0,99.35,19.35,1.258,1.218,STRAIGHT,1.5,1.5,"CMD,1.2,1.50",4.0,0.0324,1.187,0.023,1,0.9648,0,NORMAL,53.159,0.454,1,1,1,1,1,57.1,46,2,0,,,,,,0,,,,159655,63444,1160
388,23.189456462860107,2026-03-05T17:20:26.893631,0.0,0.0,3.03,0.0,0.0,0.0,0.0,18.0,20.58,1.284,1.258,STRAIGHT,1.5,1.5,"CMD,1.3,1.50",4.0,0.0324,1.187,0.023,1,0.9648,0,NORMAL,53.578,0.46,1,1,1,1,1,52.1,0,0,0,,,,,,0,,,,161827,63562,0
389,23.21745800971985,2026-03-05T17:20:26.921633,1.03,0.0,1.97,0.0,0.0,0.0,1.03,18.03,20.6,1.301,1.284,STRAIGHT,1.5,1.5,"CMD,1.3,1.50",4.0,0.0324,1.187,0.023,1,0.9648,0,NORMAL,53.968,0.506,1,1,1,1,1,47.1,0,0,0,,,,,,0,,,,161827,63288,0
390,23.244458436965942,2026-03-05T17:20:26.948633,1.04,0.0,1.96,0.0,0.0,0.0,1.03,17.99,20.64,1.313,1.301,STRAIGHT,1.5,1.5,"CMD,1.3,1.50",4.0,0.0324,1.187,0.023,1,0.9648,0,NORMAL,54.373,0.53,1,1,1,1,1,47.1,0,0,0,,,,,,0,,,,161827,62935,0
391,23.35245943069458,2026-03-05T17:20:27.056634,69.04,0.0,4.99,8.03,0.0,0.0,0.0,99.03,19.54,1.321,1.313,STRAIGHT,1.5,1.5,"CMD,1.3,1.50",4.0,0.0324,1.187,0.023,1,0.9708,0,NORMAL,54.979,0.538,1,1,1,1,1,57.1,62,2,0,,,,,,0,,,,160856,63034,1243
392,23.381458044052124,2026-03-05T17:20:27.085632,1.03,0.0,1.97,0.0,0.0,0.0,1.03,18.99,20.71,1.326,1.321,STRAIGHT,1.5,1.5,"CMD,1.3,1.50",4.0,0.0324,1.187,0.023,1,0.9708,0,NORMAL,55.528,0.563,1,1,1,1,1,52.1,0,0,0,,,,,,0,,,,163949,63030,0
393,23.408466339111328,2026-03-05T17:20:27.112641,1.04,0.0,2.0,0.0,0.0,0.0,0.0,18.0,20.73,1.329,1.326,STRAIGHT,1.5,1.5,"CMD,1.3,1.50",4.0,0.0324,1.187,0.023,1,0.9708,0,NORMAL,56.286,0.589,1,1,1,1,1,47.1,0,0,0,,,,,,0,,,,163949,62937,0
394,23.436463117599487,2026-03-05T17:20:27.140638,1.03,0.0,3.0,0.0,0.0,0.0,0.0,18.02,20.74,1.332,1.329,STRAIGHT,1.5,1.5,"CMD,1.3,1.50",4.0,0.0324,1.187,0.023,1,0.9708,0,NORMAL,56.921,0.61,1,1,1,1,1,47.1,0,0,0,,,,,,0,,,,163949,62424,0
395,23.544461488723755,2026-03-05T17:20:27.248636,68.03,0.0,5.0,8.03,0.0,0.0,0.0,99.03,19.63,1.301,1.329,STRAIGHT,1.5,1.5,"CMD,1.3,1.50",4.0,0.03,1.233,0.023,1,0.9734,0,NORMAL,57.843,0.624,1,1,1,1,1,59.4,53,3,0,,,,,,0,,,,158953,61842,1366
396,23.573429346084595,2026-03-05T17:20:27.277604,1.0,0.0,3.0,0.0,0.0,0.0,0.0,18.95,20.77,1.28,1.301,STRAIGHT,1.5,1.5,"CMD,1.3,1.50",4.0,0.03,1.233,0.023,1,0.9734,0,NORMAL,58.795,0.605,1,1,1,1,1,54.4,0,0,0,,,,,,0,,,,161999,61852,0
397,23.600473642349243,2026-03-05T17:20:27.304648,0.0,0.0,3.04,0.0,0.0,0.0,0.0,18.01,20.79,1.266,1.28,STRAIGHT,1.5,1.5,"CMD,1.3,1.50",4.0,0.03,1.233,0.023,1,0.9734,0,NORMAL,59.523,0.621,1,1,1,1,1,49.4,0,0,0,,,,,,0,,,,161999,61745,0
398,23.628432035446167,2026-03-05T17:20:27.332607,1.0,0.0,2.0,0.0,0.0,0.0,0.0,16.97,20.8,1.257,1.266,STRAIGHT,1.5,1.5,"CMD,1.3,1.50",4.0,0.03,1.233,0.023,1,0.9734,0,NORMAL,60.012,0.638,1,1,1,1,1,49.4,0,0,0,,,,,,0,,,,161999,61267,0
399,23.738434314727783,2026-03-05T17:20:27.442609,69.03,0.0,5.0,8.03,0.0,0.0,0.0,100.97,19.63,1.251,1.257,STRAIGHT,1.5,1.5,"CMD,1.3,1.50",4.0,0.03,1.233,0.023,1,0.9597,0,NORMAL,59.989,0.613,1,1,1,1,1,61.6,53,3,0,,,,,,0,,,,155486,60311,1315
400,23.850465059280396,2026-03-05T17:20:27.554640,71.03,0.0,5.0,7.0,1.03,0.0,0.0,101.0,19.62,1.247,1.251,STRAIGHT,1.5,1.5,"CMD,1.3,1.50",4.0,0.03,1.233,0.023,1,0.9381,0,NORMAL,61.643,0.676,1,1,1,1,1,59.4,48,2,0,,,,,,0,,,,147346,56754,1180
401,23.878459930419922,2026-03-05T17:20:27.582635,0.0,0.0,3.03,0.0,0.0,0.0,0.0,19.03,19.62,1.244,1.247,STRAIGHT,1.5,1.5,"CMD,1.2,1.50",4.0,0.03,1.233,0.023,1,0.9381,0,NORMAL,61.765,0.697,1,1,1,1,1,54.4,0,0,0,,,,,,0,,,,147692,56768,0
402,23.90446448326111,2026-03-05T17:20:27.608639,1.03,0.0,2.0,0.0,0.0,0.0,0.0,17.03,19.63,1.242,1.244,STRAIGHT,1.5,1.5,"CMD,1.2,1.50",4.0,0.03,1.233,0.023,1,0.9381,0,NORMAL,62.941,0.727,1,1,1,1,1,49.4,0,0,0,,,,,,0,,,,147692,56646,0
403,23.93246364593506,2026-03-05T17:20:27.636638,1.04,0.0,1.99,0.0,0.0,0.0,0.0,16.99,19.65,1.241,1.242,STRAIGHT,1.5,1.5,"CMD,1.2,1.50",4.0,0.03,1.233,0.023,1,0.9381,0,NORMAL,62.953,0.748,1,1,1,1,1,49.4,0,0,0,,,,,,0,,,,147692,56157,0
404,24.037468194961548,2026-03-05T17:20:27.741643,69.03,0.0,5.0,6.04,0.0,0.0,0.0,95.99,19.69,1.525,1.242,STRAIGHT,1.5,1.5,"CMD,1.2,1.50",2.864,0.0508,1.37,0.048,1,0.9617,0,NORMAL,64.636,0.818,1,1,1,1,1,66.9,25,3,0,,,,,,0,,,,152115,58215,1166
405,24.065460681915283,2026-03-05T17:20:27.769635,1.04,0.0,1.96,0.0,0.0,0.0,0.0,17.99,19.69,1.714,1.525,STRAIGHT,1.5,1.5,"CMD,1.5,1.50",2.864,0.0508,1.37,0.048,1,0.9617,0,NORMAL,65.587,0.836,1,1,1,1,1,61.9,0,0,0,,,,,,0,,,,154339,58114,0
406,24.17547106742859,2026-03-05T17:20:27.879646,69.0,0.0,5.03,8.0,1.0,0.0,0.0,101.0,18.65,1.556,1.556,STRAIGHT,1.5,1.5,"CMD,1.6,1.50",4.0,0.03,1.233,0.023,1,0.984,0,NORMAL,65.378,0.893,1,1,1,1,1,59.4,50,3,0,,,,,,0,,,,153169,58583,1342
407,24.20446276664734,2026-03-05T17:20:27.908637,1.0,0.0,2.0,0.0,0.0,0.0,1.03,19.03,18.64,1.45,1.556,STRAIGHT,1.5,1.5,"CMD,1.6,1.50",4.0,0.03,1.233,0.023,1,0.984,0,NORMAL,66.069,0.881,1,1,1,1,1,54.4,0,0,0,,,,,,0,,,,154947,58735,0
408,24.23146891593933,2026-03-05T17:20:27.935643,1.04,0.0,1.96,0.0,0.0,0.0,0.0,17.99,19.75,1.379,1.45,STRAIGHT,1.5,1.5,"CMD,1.4,1.50",4.0,0.03,1.233,0.023,1,0.984,0,NORMAL,67.095,0.879,1,1,1,1,1,49.4,0,0,0,,,,,,0,,,,154947,58359,0
409,24.258480548858643,2026-03-05T17:20:27.962655,0.0,0.0,3.04,0.0,0.0,0.0,0.0,18.04,19.79,1.332,1.379,STRAIGHT,1.5,1.5,"CMD,1.4,1.50",4.0,0.03,1.233,0.023,1,0.984,0,NORMAL,67.684,0.821,1,1,1,1,1,49.4,0,0,0,,,,,,0,,,,154947,57882,0
410,24.367473602294922,2026-03-05T17:20:28.071648,70.05,0.0,4.99,7.04,1.0,0.0,0.0,100.0,18.77,1.272,1.332,STRAIGHT,1.5,1.5,"CMD,1.3,1.50",4.0,0.0279,1.279,0.023,1,0.9638,0,NORMAL,67.655,0.819,1,1,1,1,1,61.6,54,2,0,,,,,,0,,,,148615,55595,1211
411,24.39547896385193,2026-03-05T17:20:28.099654,1.03,0.0,2.01,0.0,0.0,0.0,1.0,19.04,18.78,1.232,1.272,STRAIGHT,1.5,1.5,"CMD,1.3,1.50",4.0,0.0279,1.279,0.023,1,0.9638,0,NORMAL,67.992,0.792,1,1,1,1,1,56.6,0,0,0,,,,,,0,,,,149665,55701,0
412,24.421478033065796,2026-03-05T17:20:28.125652,0.0,0.0,3.04,0.0,0.0,0.0,0.0,17.0,19.9,1.205,1.232,STRAIGHT,1.5,1.5,"CMD,1.2,1.50",4.0,0.0279,1.279,0.023,1,0.9638,0,NORMAL,68.82,0.772,1,1,1,1,1,51.6,0,0,0,,,,,,0,,,,149665,55391,0
413,24.44847321510315,2026-03-05T17:20:28.152648,1.03,0.0,2.0,0.0,0.0,0.0,0.0,17.99,19.92,1.187,1.205,STRAIGHT,1.5,1.5,"CMD,1.2,1.50",4.0,0.0279,1.279,0.023,1,0.9638,0,NORMAL,69.318,0.702,1,1,1,1,1,51.6,0,0,0,,,,,,0,,,,149665,55021,0
414,24.558471202850342,2026-03-05T17:20:28.262646,69.01,0.0,5.02,8.03,1.0,0.0,1.03,100.0,18.88,1.204,1.204,STRAIGHT,1.5,1.5,"CMD,1.2,1.50",4.0,0.03,1.233,0.023,1,0.9789,0,NORMAL,69.343,0.672,1,1,1,1,1,59.4,59,3,0,,,,,,0,,,,150792,56949,1429
415,24.587479829788208,2026-03-05T17:20:28.291654,1.0,0.0,3.0,0.0,0.0,0.0,1.03,20.0,18.87,1.215,1.204,STRAIGHT,1.5,1.5,"CMD,1.2,1.50",4.0,0.03,1.233,0.023,1,0.9789,0,NORMAL,69.608,0.655,1,1,1,1,1,54.4,0,0,0,,,,,,0,,,,151399,56886,0
416,24.61644983291626,2026-03-05T17:20:28.320624,0.0,0.0,3.01,0.0,0.0,0.0,0.0,19.0,19.92,1.223,1.215,STRAIGHT,1.5,1.5,"CMD,1.2,1.50",4.0,0.03,1.233,0.023,1,0.9789,0,NORMAL,69.869,0.651,1,1,1,1,1,49.4,0,0,0,,,,,,0,,,,151399,56745,0
417,24.644472360610962,2026-03-05T17:20:28.348647,1.02,0.0,2.0,0.0,0.0,0.0,0.0,17.99,19.94,1.228,1.223,STRAIGHT,1.5,1.5,"CMD,1.2,1.50",4.0,0.03,1.233,0.023,1,0.9789,0,NORMAL,69.934,0.593,1,1,1,1,1,49.4,0,0,0,,,,,,0,,,,151399,56201,0
418,24.751492261886597,2026-03-05T17:20:28.455667,69.03,0.0,5.01,7.03,0.0,0.0,0.0,98.01,18.9,1.232,1.228,STRAIGHT,1.5,1.5,"CMD,1.2,1.50",4.0,0.03,1.233,0.023,1,0.98,0,NORMAL,70.083,0.623,1,1,1,1,1,59.4,50,2,0,,,,,,0,,,,150622,57874,1252
419,24.78047823905945,2026-03-05T17:20:28.484653,1.03,0.0,3.0,0.0,0.0,0.0,0.0,19.0,18.88,1.234,1.232,STRAIGHT,1.5,1.5,"CMD,1.2,1.50",4.0,0.03,1.233,0.023,1,0.98,0,NORMAL,70.38,0.533,1,1,1,1,1,54.4,0,0,0,,,,,,0,,,,151048,57828,0
420,24.808470487594604,2026-03-05T17:20:28.512645,1.02,0.0,2.99,0.0,0.0,0.0,0.0,17.99,19.92,1.235,1.234,STRAIGHT,1.5,1.5,"CMD,1.2,1.50",4.0,0.03,1.233,0.023,1,0.98,0,NORMAL,70.634,0.5,1,1,1,1,1,49.4,0,0,0,,,,,,0,,,,151048,57670,0
421,24.83747124671936,2026-03-05T17:20:28.541646,1.03,0.0,1.98,0.0,0.0,0.0,0.0,19.03,19.92,1.236,1.235,STRAIGHT,1.5,1.5,"CMD,1.2,1.50",4.0,0.03,1.233,0.023,1,0.98,0,NORMAL,70.711,0.465,1,1,1,1,1,49.4,0,0,0,,,,,,0,,,,151048,57122,0
422,24.94648051261902,2026-03-05T17:20:28.650655,70.01,0.0,5.03,8.03,0.0,0.0,0.0,100.0,18.86,1.208,1.235,STRAIGHT,1.5,1.5,"CMD,1.2,1.50",4.0,0.0279,1.279,0.023,1,0.9574,0,NORMAL,70.711,0.456,1,1,1,1,1,61.6,58,3,0,,,,,,0,,,,156535,59581,1429
423,24.97447919845581,2026-03-05T17:20:28.678654,0.89,0.0,2.97,0.0,0.0,0.0,0.0,18.0,18.86,1.189,1.208,STRAIGHT,1.5,1.5,"CMD,1.2,1.50",4.0,0.0279,1.279,0.023,1,0.9574,0,NORMAL,70.711,0.471,1,1,1,1,1,56.6,0,0,0,,,,,,0,,,,157147,59514,0
424,25.00247311592102,2026-03-05T17:20:28.706648,1.03,0.0,2.01,0.0,0.0,0.0,0.0,19.0,19.89,1.176,1.189,STRAIGHT,1.5,1.5,"CMD,1.2,1.50",4.0,0.0279,1.279,0.023,1,0.9574,0,NORMAL,70.711,0.446,1,1,1,1,1,51.6,0,0,0,,,,,,0,,,,157147,59377,0
425,25.02948260307312,2026-03-05T17:20:28.733657,1.06,0.0,1.97,0.0,0.0,0.0,0.0,18.0,19.92,1.168,1.176,STRAIGHT,1.5,1.5,"CMD,1.2,1.50",4.0,0.0279,1.279,0.023,1,0.9574,0,NORMAL,70.711,0.434,1,1,1,1,1,51.6,0,0,0,,,,,,0,,,,157147,58796,0
426,25.136479377746582,2026-03-05T17:20:28.840654,69.01,0.0,4.99,6.03,1.0,0.0,0.0,98.03,18.88,1.137,1.168,STRAIGHT,1.5,1.5,"CMD,1.2,1.50",4.0,0.026,1.324,0.023,1,0.9531,0,NORMAL,70.711,0.439,1,1,1,1,1,63.9,35,3,0,,,,,,0,,,,152385,58683,1328
427,25.165480375289917,2026-03-05T17:20:28.869655,1.04,0.0,1.96,0.0,0.0,0.0,0.0,20.03,18.86,1.116,1.137,STRAIGHT,1.5,1.5,"CMD,1.1,1.50",4.0,0.026,1.324,0.023,1,0.9531,0,NORMAL,70.711,0.41,1,1,1,1,1,58.9,0,0,0,,,,,,0,,,,152791,58707,0
428,25.192480087280273,2026-03-05T17:20:28.896655,1.04,0.0,1.99,0.0,0.0,0.0,0.0,18.03,19.94,1.102,1.116,STRAIGHT,1.5,1.5,"CMD,1.1,1.50",4.0,0.026,1.324,0.023,1,0.9531,0,NORMAL,70.711,0.406,1,1,1,1,1,53.9,0,0,0,,,,,,0,,,,152791,58479,0
429,25.220476150512695,2026-03-05T17:20:28.924651,1.04,0.0,1.96,0.0,0.0,0.0,0.0,17.99,21.15,1.093,1.102,STRAIGHT,1.5,1.5,"CMD,1.1,1.50",4.0,0.026,1.324,0.023,1,0.9531,0,NORMAL,70.711,0.38,1,1,1,1,1,53.9,0,0,0,,,,,,0,,,,152791,57982,0
430,25.326488733291626,2026-03-05T17:20:29.030663,68.04,0.0,4.99,6.03,0.0,0.0,0.0,97.0,20.03,1.086,1.093,STRAIGHT,1.5,1.5,"CMD,1.1,1.50",4.0,0.026,1.324,0.023,1,0.9553,0,NORMAL,70.711,0.456,1,1,1,1,1,63.9,27,2,0,,,,,,0,,,,158729,61677,1167
431,25.354482889175415,2026-03-05T17:20:29.058657,1.03,0.0,2.0,0.0,0.0,0.0,0.0,18.01,20.0,1.082,1.086,STRAIGHT,1.5,1.5,"CMD,1.1,1.50",4.0,0.026,1.324,0.023,1,0.9553,0,NORMAL,70.711,0.503,1,1,1,1,1,58.9,0,0,0,,,,,,0,,,,160016,61610,0
432,25.38248300552368,2026-03-05T17:20:29.086658,1.02,0.0,2.0,0.0,0.0,0.0,0.0,16.99,20.0,1.08,1.082,STRAIGHT,1.5,1.5,"CMD,1.1,1.50",4.0,0.026,1.324,0.023,1,0.9553,0,NORMAL,70.711,0.529,1,1,1,1,1,53.9,0,0,0,,,,,,0,,,,160016,61494,0
433,25.409485816955566,2026-03-05T17:20:29.113660,1.04,0.0,2.0,0.0,0.0,0.0,0.0,17.0,21.15,1.078,1.08,STRAIGHT,1.5,1.5,"CMD,1.1,1.50",4.0,0.026,1.324,0.023,1,0.9553,0,NORMAL,70.711,0.567,1,1,1,1,1,53.9,0,0,0,,,,,,0,,,,160016,60948,0
434,25.51648759841919,2026-03-05T17:20:29.220662,69.01,0.0,4.99,7.02,0.0,0.0,0.0,98.03,19.99,1.053,1.078,STRAIGHT,1.5,1.5,"CMD,1.1,1.50",4.0,0.0243,1.37,0.023,1,0.9562,0,NORMAL,70.711,0.604,1,1,1,1,1,66.2,34,4,0,,,,,,0,,,,159189,62224,1175
435,25.544480085372925,2026-03-05T17:20:29.248655,1.06,0.0,1.96,0.0,0.0,0.0,0.0,16.99,21.18,1.036,1.053,STRAIGHT,1.5,1.5,"CMD,1.1,1.50",4.0,0.0243,1.37,0.023,1,0.9562,0,NORMAL,70.711,0.686,1,1,1,1,1,61.2,0,0,0,,,,,,0,,,,160299,62291,0
436,25.57348942756653,2026-03-05T17:20:29.277664,1.04,0.0,2.01,0.0,0.0,0.0,0.0,18.02,21.2,1.025,1.036,STRAIGHT,1.5,1.5,"CMD,1.0,1.50",4.0,0.0243,1.37,0.023,1,0.9562,0,NORMAL,70.711,0.655,1,1,1,1,1,56.2,0,0,0,,,,,,0,,,,160299,62183,0
437,25.600499629974365,2026-03-05T17:20:29.304674,1.03,0.0,1.97,0.0,0.0,0.0,0.0,16.96,21.2,1.018,1.025,STRAIGHT,1.5,1.5,"CMD,1.0,1.50",4.0,0.0243,1.37,0.023,1,0.9562,0,NORMAL,70.711,0.682,1,1,1,1,1,56.2,0,0,0,,,,,,0,,,,160299,61746,0
438,25.70946717262268,2026-03-05T17:20:29.413642,69.01,0.0,5.02,8.0,0.0,0.0,0.0,99.98,19.99,0.992,1.018,STRAIGHT,1.5,1.5,"CMD,1.0,1.50",4.0,0.0228,1.416,0.023,1,0.9557,0,NORMAL,70.711,0.701,1,1,1,1,1,68.5,47,3,0,,,,,,0,,,,164622,64908,1405
439,25.73748755455017,2026-03-05T17:20:29.441662,1.0,0.0,2.03,0.0,0.0,0.0,0.0,16.99,21.17,0.974,0.992,STRAIGHT,1.5,1.5,"CMD,1.0,1.50",4.0,0.0228,1.416,0.023,1,0.9557,0,NORMAL,70.711,0.818,1,1,1,1,1,63.5,0,0,0,,,,,,0,,,,166590,64848,0
440,25.765489101409912,2026-03-05T17:20:29.469664,1.03,0.0,1.97,0.0,0.0,0.0,0.0,16.96,21.18,0.962,0.974,STRAIGHT,1.5,1.5,"CMD,1.0,1.50",4.0,0.0228,1.416,0.023,1,0.9557,0,NORMAL,70.711,0.821,1,1,1,1,1,58.5,0,0,0,,,,,,0,,,,166590,64844,0
441,25.79349136352539,2026-03-05T17:20:29.497666,0.0,0.0,3.02,0.0,0.0,0.0,0.0,19.03,21.14,0.955,0.962,STRAIGHT,1.5,1.5,"CMD,1.0,1.50",4.0,0.0228,1.416,0.023,1,0.9557,0,NORMAL,70.711,0.813,1,1,1,1,1,58.5,0,0,0,,,,,,0,,,,166590,64341,0
442,25.905489683151245,2026-03-05T17:20:29.609664,68.01,0.0,6.0,8.04,0.98,0.0,0.0,101.98,19.9,0.95,0.955,STRAIGHT,1.5,1.5,"CMD,1.0,1.50",4.0,0.0228,1.416,0.023,1,0.9352,0,NORMAL,70.711,0.83,1,1,1,1,1,63.7,61,4,0,,,,,,0,,,,162545,65127,1464
443,26.01445960998535,2026-03-05T17:20:29.718634,69.01,0.0,5.0,8.04,0.0,0.0,0.0,98.97,19.92,0.946,0.95,STRAIGHT,1.5,1.5,"CMD,0.9,1.50",4.0,0.0228,1.416,0.023,1,0.9571,0,NORMAL,70.711,0.815,1,1,1,1,1,68.5,56,3,0,,,,,,0,,,,168154,66130,1502
444,26.043490409851074,2026-03-05T17:20:29.747665,1.03,0.0,1.97,0.0,0.0,0.0,1.03,17.99,19.92,0.944,0.946,STRAIGHT,1.5,1.5,"CMD,0.9,1.50",4.0,0.0228,1.416,0.023,1,0.9571,0,NORMAL,70.711,0.81,1,1,1,1,1,63.5,0,0,0,,,,,,0,,,,170354,66141,0
445,26.07149887084961,2026-03-05T17:20:29.775673,1.05,0.0,1.95,0.0,0.0,0.0,0.0,18.0,19.93,0.942,0.944,STRAIGHT,1.5,1.5,"CMD,0.9,1.50",4.0,0.0228,1.416,0.023,1,0.9571,0,NORMAL,70.711,0.745,1,1,1,1,1,58.5,0,0,0,,,,,,0,,,,170354,66039,0
446,26.098485469818115,2026-03-05T17:20:29.802660,1.03,0.0,2.0,0.0,0.0,0.0,0.0,17.99,19.93,0.941,0.942,STRAIGHT,1.5,1.5,"CMD,0.9,1.50",4.0,0.0228,1.416,0.023,1,0.9571,0,NORMAL,70.711,0.718,1,1,1,1,1,58.5,0,0,0,,,,,,0,,,,170354,65611,0
447,26.209497928619385,2026-03-05T17:20:29.913672,68.01,0.0,5.02,8.97,1.03,0.0,1.03,101.0,19.89,0.941,0.941,STRAIGHT,1.5,1.5,"CMD,0.9,1.50",4.0,0.0228,1.416,0.023,1,0.9683,0,NORMAL,70.711,0.755,1,1,1,1,1,68.5,61,3,0,,,,,,0,,,,170630,68538,1529
448,26.23749303817749,2026-03-05T17:20:29.941668,1.04,0.0,1.96,0.0,0.0,0.0,0.0,17.99,19.9,0.94,0.941,STRAIGHT,1.5,1.5,"CMD,0.9,1.50",4.0,0.0228,1.416,0.023,1,0.9683,0,NORMAL,70.711,0.76,1,1,1,1,1,63.5,0,0,0,,,,,,0,,,,173426,68488,0
449,26.264460802078247,2026-03-05T17:20:29.968636,1.0,0.0,2.0,0.0,0.0,0.0,0.0,16.96,19.92,0.94,0.94,STRAIGHT,1.5,1.5,"CMD,0.9,1.50",4.0,0.0228,1.416,0.023,1,0.9683,0,NORMAL,70.711,0.738,1,1,1,1,1,58.5,0,0,0,,,,,,0,,,,173426,68333,0
450,26.29249334335327,2026-03-05T17:20:29.996668,1.03,0.0,3.0,0.0,0.0,0.0,0.0,18.03,19.93,0.94,0.94,STRAIGHT,1.5,1.5,"CMD,0.9,1.50",4.0,0.0228,1.416,0.023,1,0.9683,0,NORMAL,70.711,0.784,1,1,1,1,1,58.5,0,0,0,,,,,,0,,,,173426,67810,0
451,26.402498960494995,2026-03-05T17:20:30.106673,68.04,0.0,4.99,8.0,1.0,0.0,0.0,100.0,19.92,0.887,0.94,STRAIGHT,1.5,1.5,"CMD,0.9,1.50",4.0,0.0189,1.553,0.023,1,0.9664,0,NORMAL,70.711,0.76,1,1,1,1,1,75.3,55,2,0,,,,,,0,,,,172272,70402,1481
452,26.430496215820312,2026-03-05T17:20:30.134671,1.02,0.0,1.97,0.0,0.0,0.0,1.03,17.98,19.92,0.851,0.887,STRAIGHT,1.5,1.5,"CMD,0.9,1.50",4.0,0.0189,1.553,0.023,1,0.9664,0,NORMAL,70.711,0.797,1,1,1,1,1,70.3,0,0,0,,,,,,0,,,,175536,70445,0
453,26.45849919319153,2026-03-05T17:20:30.162674,1.04,0.0,3.0,0.0,0.0,0.0,0.0,17.99,19.92,0.828,0.851,STRAIGHT,1.5,1.5,"CMD,0.9,1.50",4.0,0.0189,1.553,0.023,1,0.9664,0,NORMAL,70.711,0.82,1,1,1,1,1,65.3,0,0,0,,,,,,0,,,,175536,70231,0
454,26.485512495040894,2026-03-05T17:20:30.189687,1.04,0.0,2.01,0.0,0.0,0.0,0.0,17.05,19.92,0.812,0.828,STRAIGHT,1.5,1.5,"CMD,0.8,1.50",4.0,0.0189,1.553,0.023,1,0.9664,0,NORMAL,70.711,0.766,1,1,1,1,1,65.3,0,0,0,,,,,,0,,,,175536,69747,0
455,26.593501806259155,2026-03-05T17:20:30.297676,68.04,0.0,5.0,7.03,0.0,0.0,0.0,97.99,19.9,0.818,0.818,STRAIGHT,1.5,1.5,"CMD,0.8,1.50",4.0,0.0201,1.507,0.023,1,0.9748,0,NORMAL,70.711,0.777,1,1,1,1,1,73.1,43,2,0,,,,,,0,,,,173771,71057,1403
456,26.621498823165894,2026-03-05T17:20:30.325673,1.03,0.0,2.0,0.0,0.0,0.0,0.0,16.99,19.92,0.822,0.818,STRAIGHT,1.5,1.5,"CMD,0.8,1.50",4.0,0.0201,1.507,0.023,1,0.9748,0,NORMAL,70.711,0.763,1,1,1,1,1,68.1,0,0,0,,,,,,0,,,,176405,71092,0
457,26.64949893951416,2026-03-05T17:20:30.353674,1.0,0.0,3.03,0.0,0.0,0.0,0.0,18.0,19.9,0.824,0.822,STRAIGHT,1.5,1.5,"CMD,0.8,1.50",4.0,0.0201,1.507,0.023,1,0.9748,0,NORMAL,70.711,0.76,1,1,1,1,1,63.1,0,0,0,,,,,,0,,,,176405,70859,0
458,26.677509784698486,2026-03-05T17:20:30.381684,0.0,0.0,3.04,0.0,0.0,0.0,0.0,18.0,19.9,0.826,0.824,STRAIGHT,1.5,1.5,"CMD,0.8,1.50",4.0,0.0201,1.507,0.023,1,0.9748,0,NORMAL,70.427,0.779,1,1,1,1,1,63.1,0,0,0,,,,,,0,,,,176405,70388,0
459,26.787469625473022,2026-03-05T17:20:30.491644,69.03,0.0,3.97,8.07,0.97,0.0,0.0,99.96,19.85,0.827,0.826,STRAIGHT,1.5,1.5,"CMD,0.8,1.50",4.0,0.0201,1.507,0.023,1,0.9784,0,NORMAL,70.524,0.79,1,1,1,1,1,73.1,59,2,0,,,,,,0,,,,174368,72236,1491
460,26.816500663757324,2026-03-05T17:20:30.520675,1.04,0.0,1.99,0.0,0.0,0.0,0.0,18.0,19.85,0.828,0.827,STRAIGHT,1.5,1.5,"CMD,0.8,1.50",4.0,0.0201,1.507,0.023,1,0.9784,0,NORMAL,70.361,0.754,1,1,1,1,1,68.1,0,0,0,,,,,,0,,,,177074,72263,0
461,26.846500635147095,2026-03-05T17:20:30.550675,1.03,0.0,2.0,0.0,0.0,0.0,0.0,19.03,19.81,0.828,0.828,STRAIGHT,1.5,1.5,"CMD,0.8,1.50",4.0,0.0201,1.507,0.023,1,0.9784,0,NORMAL,70.131,0.739,1,1,1,1,1,63.1,0,0,0,,,,,,0,,,,177074,72036,0
462,26.87450337409973,2026-03-05T17:20:30.578678,1.03,0.0,2.0,0.0,0.0,0.0,0.0,16.99,19.79,0.829,0.828,STRAIGHT,1.5,1.5,"CMD,0.8,1.50",4.0,0.0201,1.507,0.023,1,0.9784,0,NORMAL,69.894,0.693,1,1,1,1,1,63.1,0,0,0,,,,,,0,,,,177074,71587,0
463,26.983503103256226,2026-03-05T17:20:30.687678,69.04,0.0,5.01,8.03,0.0,0.0,0.0,100.03,19.77,0.813,0.828,STRAIGHT,1.5,1.5,"CMD,0.8,1.50",4.0,0.0189,1.553,0.023,1,0.9563,0,NORMAL,68.516,0.708,1,1,1,1,1,75.3,49,2,0,,,,,,0,,,,177389,76371,1489
