frame_id,timestamp,wall_clock,t_segmentation,t_detection,t_bev,t_skeleton,t_pathfinding,t_gps_fusion,t_command,t_total_pipeline,fps,heading_raw_deg,heading_smoothed_deg,command,speed_raw_mps,speed_smoothed_mps,serial_cmd,pp_lookahead_m,pp_kappa_cmd_m_inv,pp_target_x_m,pp_target_y_m,pp_valid_path,seg_iou,seg_unstable_frames,stability_mode,stab_corr_px,stab_corr_deg,has_candidate_path,has_model_path,has_control_path,has_path,num_paths,best_path_length_px,num_graph_nodes,num_graph_edges,planner_mode,path_source,bev_mask_occ_ratio,num_detections,min_obstacle_dist_m,detection_classes,detection_distances,gps_lat,gps_lon,gps_fix_quality,gps_wp_name,gps_wp_dist_m,gps_correction_deg,sidewalk_mask_pixels,bev_mask_pixels,skeleton_pixels
0,0.2936437129974365,2026-03-06T11:17:27.865298,135.34,0.0,10.01,22.57,1.74,0.0,0.0,179.32,0.0,0.1,0.1,STRAIGHT,1.5,1.5,"CMD,0.1,1.50",4.0,0.0072,2.511,0.023,1,1.0,0,NORMAL,0.0,0.0,1,1,1,1,1,125.6,123,12,dijkstra,graph,0.62973,0,,,,,,0,,,,285973,188320,4543
1,0.37047553062438965,2026-03-06T11:17:27.942130,0.0,0.0,0.0,0.0,0.0,0.0,0.0,23.95,13.02,0.166,0.133,STRAIGHT,1.5,1.5,"CMD,0.1,1.50",4.0,0.0072,2.511,0.023,1,1.0,0,NORMAL,2.595,-0.068,1,1,1,1,1,115.6,0,0,dijkstra,predict,0.62668,0,,,,,,0,,,,305345,188005,0
2,0.4149818420410156,2026-03-06T11:17:27.986636,2.0,0.0,3.01,0.0,0.0,0.0,0.0,22.48,16.48,0.21,0.166,STRAIGHT,1.5,1.5,"CMD,0.2,1.50",4.0,0.0072,2.511,0.023,1,1.0,0,NORMAL,6.142,-0.139,1,1,1,1,1,105.6,0,0,dijkstra,predict,0.61846,0,,,,,,0,,,,305345,185537,0
3,0.4557027816772461,2026-03-06T11:17:28.027357,0.0,0.0,4.46,0.0,0.0,0.0,0.0,20.69,18.51,0.24,0.21,STRAIGHT,1.5,1.5,"CMD,0.2,1.50",4.0,0.0072,2.511,0.023,1,1.0,0,NORMAL,8.447,-0.095,1,1,1,1,1,100.6,0,0,dijkstra,predict,0.61224,0,,,,,,0,,,,305345,183671,0
4,0.6432638168334961,2026-03-06T11:17:28.214918,120.89,0.0,10.01,20.03,2.0,0.0,0.0,167.09,11.44,0.259,0.24,STRAIGHT,1.5,1.5,"CMD,0.2,1.50",4.0,0.0072,2.511,0.023,1,0.9265,0,NORMAL,9.224,-0.087,1,1,1,1,1,125.6,111,11,dijkstra,graph,0.61254,0,,,,,,0,,,,276198,183373,4280
5,0.6894311904907227,2026-03-06T11:17:28.261085,6.87,0.0,3.51,0.0,0.0,0.0,0.0,22.39,12.63,0.273,0.259,STRAIGHT,1.5,1.5,"CMD,0.3,1.50",4.0,0.0072,2.511,0.023,1,0.9265,0,NORMAL,11.876,-0.009,1,1,1,1,1,115.6,0,0,dijkstra,predict,0.61068,0,,,,,,0,,,,283311,183205,0
6,0.731464147567749,2026-03-06T11:17:28.303118,2.0,0.0,4.01,0.0,0.0,0.0,2.0,21.77,13.7,0.281,0.273,STRAIGHT,1.5,1.5,"CMD,0.3,1.50",4.0,0.0072,2.511,0.023,1,0.9265,0,NORMAL,15.547,0.029,1,1,1,1,1,110.6,0,0,dijkstra,predict,0.60657,0,,,,,,0,,,,283311,181971,0
7,0.7699451446533203,2026-03-06T11:17:28.341599,0.0,0.0,4.01,0.0,0.0,0.0,0.0,19.03,14.7,0.287,0.281,STRAIGHT,1.5,1.5,"CMD,0.3,1.50",4.0,0.0072,2.511,0.023,1,0.9265,0,NORMAL,19.901,0.066,1,1,1,1,1,105.6,0,0,dijkstra,predict,0.59915,0,,,,,,0,,,,283311,179744,0
8,0.9574568271636963,2026-03-06T11:17:28.529111,116.94,0.0,10.05,24.03,0.0,0.0,2.0,169.25,12.05,0.291,0.287,STRAIGHT,1.5,1.5,"CMD,0.3,1.50",4.0,0.0072,2.511,0.023,1,0.9152,0,NORMAL,22.382,0.153,1,1,1,1,1,125.6,119,11,dijkstra,graph,0.60928,0,,,,,,0,,,,269374,182274,4316
9,0.9998831748962402,2026-03-06T11:17:28.571537,2.88,0.0,3.51,0.0,0.0,0.0,0.0,22.4,12.74,0.294,0.291,STRAIGHT,1.5,1.5,"CMD,0.3,1.50",4.0,0.0072,2.511,0.023,1,0.9152,0,NORMAL,22.308,0.191,1,1,1,1,1,115.6,0,0,dijkstra,predict,0.60679,0,,,,,,0,,,,279525,182037,0
10,1.0442116260528564,2026-03-06T11:17:28.615866,2.0,0.0,2.0,0.0,0.0,0.0,0.0,22.03,13.32,0.295,0.294,STRAIGHT,1.5,1.5,"CMD,0.3,1.50",4.0,0.0072,2.511,0.023,1,0.9152,0,NORMAL,24.093,0.198,1,1,1,1,1,110.6,0,0,dijkstra,predict,0.60424,0,,,,,,0,,,,279525,181273,0
11,1.0842857360839844,2026-03-06T11:17:28.655940,1.74,0.0,3.92,0.0,0.0,0.0,0.0,22.05,13.91,0.296,0.295,STRAIGHT,1.5,1.5,"CMD,0.3,1.50",4.0,0.0072,2.511,0.023,1,0.9152,0,NORMAL,26.949,0.151,1,1,1,1,1,105.6,0,0,dijkstra,predict,0.59571,0,,,,,,0,,,,279525,178713,0
12,1.2766473293304443,2026-03-06T11:17:28.848301,121.44,0.0,0.0,40.4,2.0,0.0,0.0,174.34,12.21,0.29,0.295,STRAIGHT,1.5,1.5,"CMD,0.3,1.50",4.0,0.0067,2.603,0.023,1,0.87,0,NORMAL,27.608,-0.033,1,1,1,1,1,130.1,211,11,dijkstra,graph,0.66244,0,,,,,,0,,,,290871,198202,5293
13,1.3186450004577637,2026-03-06T11:17:28.890299,2.0,0.0,4.01,0.0,0.0,0.0,0.0,22.03,12.68,0.286,0.29,STRAIGHT,1.5,1.5,"CMD,0.3,1.50",4.0,0.0067,2.603,0.023,1,0.87,0,NORMAL,27.28,-0.129,1,1,1,1,1,120.1,0,0,dijkstra,predict,0.65965,0,,,,,,0,,,,303700,197895,0
14,1.3593482971191406,2026-03-06T11:17:28.931002,0.0,0.0,6.66,0.0,0.0,0.0,0.0,20.68,13.14,0.283,0.286,STRAIGHT,1.5,1.5,"CMD,0.3,1.50",4.0,0.0067,2.603,0.023,1,0.87,0,NORMAL,27.009,-0.247,1,1,1,1,1,115.1,0,0,dijkstra,predict,0.65622,0,,,,,,0,,,,303700,196866,0
15,1.399139642715454,2026-03-06T11:17:28.970794,2.0,0.0,2.0,0.0,0.0,0.0,0.0,20.03,13.57,0.282,0.283,STRAIGHT,1.5,1.5,"CMD,0.3,1.50",4.0,0.0067,2.603,0.023,1,0.87,0,NORMAL,28.283,-0.337,1,1,1,1,1,110.1,0,0,dijkstra,predict,0.6462,0,,,,,,0,,,,303700,193860,0
16,1.586104393005371,2026-03-06T11:17:29.157759,102.26,0.0,8.15,40.2,0.0,0.0,0.0,166.94,12.38,0.287,0.283,STRAIGHT,1.5,1.5,"CMD,0.3,1.50",4.0,0.0072,2.511,0.023,1,0.8856,0,NORMAL,29.803,-0.353,1,1,1,1,1,125.6,211,10,dijkstra,graph,0.68017,0,,,,,,0,,,,290091,203422,5300
17,1.6301593780517578,2026-03-06T11:17:29.201814,2.0,0.0,4.0,0.0,0.0,0.0,0.0,22.03,12.72,0.291,0.287,STRAIGHT,1.5,1.5,"CMD,0.3,1.50",4.0,0.0072,2.511,0.023,1,0.8856,0,NORMAL,30.69,-0.371,1,1,1,1,1,115.6,0,0,dijkstra,predict,0.67734,0,,,,,,0,,,,313533,203203,0
18,1.6662046909332275,2026-03-06T11:17:29.237859,0.0,0.0,0.0,0.0,0.0,0.0,0.0,14.02,13.11,0.294,0.291,STRAIGHT,1.5,1.5,"CMD,0.3,1.50",4.0,0.0072,2.511,0.023,1,0.8856,0,NORMAL,29.983,-0.402,1,1,1,1,1,110.6,0,0,dijkstra,predict,0.67401,0,,,,,,0,,,,313533,202202,0
19,1.7112329006195068,2026-03-06T11:17:29.282887,2.0,0.0,4.57,0.0,0.0,0.0,0.0,18.82,13.4,0.295,0.294,STRAIGHT,1.5,1.5,"CMD,0.3,1.50",4.0,0.0072,2.511,0.023,1,0.8856,0,NORMAL,30.981,-0.397,1,1,1,1,1,105.6,0,0,dijkstra,predict,0.66467,0,,,,,,0,,,,313533,199401,0
20,1.9070098400115967,2026-03-06T11:17:29.478664,108.87,0.0,6.01,44.81,0.0,0.0,0.0,175.92,12.4,0.308,0.295,STRAIGHT,1.5,1.5,"CMD,0.3,1.50",4.0,0.0081,2.374,0.023,1,0.9091,0,NORMAL,33.188,-0.369,1,1,1,1,1,118.7,272,18,dijkstra,graph,0.68514,0,,,,,,0,,,,281440,204838,5957
21,1.9473259449005127,2026-03-06T11:17:29.518980,3.01,0.0,0.0,0.0,0.0,0.0,0.0,16.29,12.7,0.317,0.308,STRAIGHT,1.5,1.5,"CMD,0.3,1.50",4.0,0.0081,2.374,0.023,1,0.9091,0,NORMAL,34.278,-0.344,1,1,1,1,1,108.7,0,0,dijkstra,predict,0.68206,0,,,,,,0,,,,301487,204618,0
22,1.9915146827697754,2026-03-06T11:17:29.563169,2.0,0.0,3.87,0.0,0.0,0.0,0.0,21.9,12.96,0.323,0.317,STRAIGHT,1.5,1.5,"CMD,0.3,1.50",4.0,0.0081,2.374,0.023,1,0.9091,0,NORMAL,34.987,-0.407,1,1,1,1,1,103.7,0,0,dijkstra,predict,0.67876,0,,,,,,0,,,,301487,203628,0
23,2.037975311279297,2026-03-06T11:17:29.609629,0.0,0.0,4.27,0.0,0.0,0.0,0.0,20.29,13.19,0.327,0.323,STRAIGHT,1.5,1.5,"CMD,0.3,1.50",4.0,0.0081,2.374,0.023,1,0.9091,0,NORMAL,36.76,-0.43,1,1,1,1,1,98.7,0,0,dijkstra,predict,0.66923,0,,,,,,0,,,,301487,200768,0
24,2.235084295272827,2026-03-06T11:17:29.806739,120.34,0.0,0.0,24.03,12.02,0.0,0.0,176.86,12.36,0.421,0.327,STRAIGHT,1.5,1.5,"CMD,0.3,1.50",4.0,0.0148,3.993,0.118,1,0.7198,0,NORMAL,40.886,-0.509,1,1,1,1,1,224.9,139,18,dijkstra,fallback_centerline,0.60196,0,,,,,,0,,,,206638,180651,4515
25,2.2731361389160156,2026-03-06T11:17:29.844790,0.0,0.0,4.01,0.0,0.0,0.0,0.0,18.03,12.63,0.484,0.421,STRAIGHT,1.5,1.5,"CMD,0.4,1.50",4.0,0.0148,3.993,0.118,1,0.7198,0,NORMAL,44.675,-0.713,1,1,1,1,1,224.9,0,0,dijkstra,predict,0.59027,0,,,,,,0,,,,209170,177081,0
26,2.3155412673950195,2026-03-06T11:17:29.887195,2.0,0.0,4.01,0.0,0.0,0.0,0.0,19.55,12.86,0.526,0.484,STRAIGHT,1.5,1.5,"CMD,0.5,1.50",4.0,0.0148,3.993,0.118,1,0.7198,0,NORMAL,45.365,-0.528,1,1,1,1,1,219.9,0,0,dijkstra,predict,0.57383,0,,,,,,0,,,,209170,172149,0
27,2.3599984645843506,2026-03-06T11:17:29.931653,2.0,0.0,4.01,0.0,0.0,0.0,0.0,20.43,13.07,0.554,0.526,STRAIGHT,1.5,1.5,"CMD,0.5,1.50",4.0,0.0148,3.993,0.118,1,0.7198,0,NORMAL,47.866,-0.298,1,1,1,1,1,209.9,0,0,dijkstra,predict,0.55133,0,,,,,,0,,,,209170,165400,0
28,2.541961669921875,2026-03-06T11:17:30.113616,115.49,0.0,10.02,20.03,2.0,0.0,0.0,165.94,12.45,0.495,0.526,STRAIGHT,1.5,1.5,"CMD,0.5,1.50",4.0,0.0091,2.237,0.023,1,0.7647,0,NORMAL,51.406,-0.258,1,1,1,1,1,111.9,115,16,dijkstra,graph,0.64331,0,,,,,,0,,,,251352,192825,4656
29,2.582082986831665,2026-03-06T11:17:30.153737,0.0,0.0,5.52,0.0,0.0,0.0,0.0,20.09,12.67,0.455,0.495,STRAIGHT,1.5,1.5,"CMD,0.5,1.50",4.0,0.0091,2.237,0.023,1,0.7647,0,NORMAL,51.071,-0.206,1,1,1,1,1,101.9,0,0,dijkstra,predict,0.64209,0,,,,,,0,,,,265706,192628,0
30,2.6221566200256348,2026-03-06T11:17:30.193811,2.0,0.0,0.0,0.0,0.0,0.0,0.0,20.05,12.88,0.429,0.455,STRAIGHT,1.5,1.5,"CMD,0.5,1.50",4.0,0.0091,2.237,0.023,1,0.7647,0,NORMAL,50.971,-0.102,1,1,1,1,1,96.9,0,0,dijkstra,predict,0.64001,0,,,,,,0,,,,265706,192002,0
31,2.6688029766082764,2026-03-06T11:17:30.240457,2.0,0.0,4.0,0.0,0.0,0.0,0.0,26.08,12.87,0.411,0.429,STRAIGHT,1.5,1.5,"CMD,0.4,1.50",4.0,0.0091,2.237,0.023,1,0.7647,0,NORMAL,50.835,-0.057,1,1,1,1,1,91.9,0,0,dijkstra,predict,0.63094,0,,,,,,0,,,,265706,189282,0
32,2.8396217823028564,2026-03-06T11:17:30.411276,106.72,0.0,8.01,17.72,0.0,0.0,0.0,152.8,12.16,0.395,0.411,STRAIGHT,1.5,1.5,"CMD,0.4,1.50",4.0,0.0088,2.283,0.023,1,0.8786,0,NORMAL,50.621,-0.039,1,1,1,1,1,114.2,73,15,dijkstra,graph,0.62789,0,,,,,,0,,,,233917,188179,4415
33,2.8761377334594727,2026-03-06T11:17:30.447792,0.0,0.0,0.0,0.0,0.0,0.0,0.0,15.76,12.99,0.384,0.395,STRAIGHT,1.5,1.5,"CMD,0.4,1.50",4.0,0.0088,2.283,0.023,1,0.8786,0,NORMAL,50.381,-0.054,1,1,1,1,1,104.2,0,0,dijkstra,predict,0.62725,0,,,,,,0,,,,242056,188176,0
34,2.9174392223358154,2026-03-06T11:17:30.489094,0.0,0.0,0.0,0.0,0.0,0.0,0.0,15.03,13.02,0.376,0.384,STRAIGHT,1.5,1.5,"CMD,0.4,1.50",4.0,0.0088,2.283,0.023,1,0.8786,0,NORMAL,50.144,-0.099,1,1,1,1,1,99.2,0,0,dijkstra,predict,0.62443,0,,,,,,0,,,,242056,187330,0
35,2.9628005027770996,2026-03-06T11:17:30.534455,0.0,0.0,5.1,0.0,0.0,0.0,0.0,21.12,13.0,0.371,0.376,STRAIGHT,1.5,1.5,"CMD,0.4,1.50",4.0,0.0088,2.283,0.023,1,0.8786,0,NORMAL,50.045,-0.109,1,1,1,1,1,94.2,0,0,dijkstra,predict,0.61639,0,,,,,,0,,,,242056,184917,0
36,3.141676664352417,2026-03-06T11:17:30.713331,111.43,0.0,8.19,23.77,2.0,0.0,0.0,161.41,12.23,0.368,0.371,STRAIGHT,1.5,1.5,"CMD,0.4,1.50",4.0,0.0088,2.283,0.023,1,0.8679,0,NORMAL,50.0,-0.152,1,1,1,1,1,114.2,119,14,dijkstra,graph,0.61469,0,,,,,,0,,,,239634,183998,4292
37,3.180469036102295,2026-03-06T11:17:30.752123,0.0,0.0,5.71,0.0,0.0,0.0,0.0,20.77,13.05,0.366,0.368,STRAIGHT,1.5,1.5,"CMD,0.4,1.50",4.0,0.0088,2.283,0.023,1,0.8679,0,NORMAL,50.038,-0.135,1,1,1,1,1,104.2,0,0,dijkstra,predict,0.6132,0,,,,,,0,,,,252304,183960,0
38,3.222444534301758,2026-03-06T11:17:30.794099,2.0,0.0,3.9,0.0,0.0,0.0,0.0,24.14,13.05,0.364,0.366,STRAIGHT,1.5,1.5,"CMD,0.4,1.50",4.0,0.0088,2.283,0.023,1,0.8679,0,NORMAL,50.135,-0.096,1,1,1,1,1,99.2,0,0,dijkstra,predict,0.61046,0,,,,,,0,,,,252304,183138,0
39,3.265695333480835,2026-03-06T11:17:30.837349,2.01,0.0,5.19,0.0,0.0,0.0,0.0,21.22,13.05,0.363,0.364,STRAIGHT,1.5,1.5,"CMD,0.4,1.50",4.0,0.0088,2.283,0.023,1,0.8679,0,NORMAL,50.361,-0.127,1,1,1,1,1,94.2,0,0,dijkstra,predict,0.6032,0,,,,,,0,,,,252304,180961,0
40,3.4503026008605957,2026-03-06T11:17:31.021957,118.33,0.0,7.25,20.02,2.0,0.0,0.0,161.57,12.26,0.368,0.364,STRAIGHT,1.5,1.5,"CMD,0.4,1.50",4.0,0.0091,2.237,0.023,1,0.8892,0,NORMAL,50.723,-0.141,1,1,1,1,1,111.9,97,20,dijkstra,graph,0.62986,0,,,,,,0,,,,252211,188748,4721
41,3.491711139678955,2026-03-06T11:17:31.063365,2.0,0.0,3.01,0.0,0.0,0.0,0.0,20.7,13.09,0.371,0.368,STRAIGHT,1.5,1.5,"CMD,0.4,1.50",4.0,0.0091,2.237,0.023,1,0.8892,0,NORMAL,50.949,-0.107,1,1,1,1,1,101.9,0,0,dijkstra,predict,0.62856,0,,,,,,0,,,,271565,188569,0
42,3.5345966815948486,2026-03-06T11:17:31.106251,0.0,0.0,3.99,0.0,0.0,0.0,0.0,20.14,13.09,0.373,0.371,STRAIGHT,1.5,1.5,"CMD,0.4,1.50",4.0,0.0091,2.237,0.023,1,0.8892,0,NORMAL,51.553,-0.156,1,1,1,1,1,96.9,0,0,dijkstra,predict,0.6257,0,,,,,,0,,,,271565,187711,0
43,3.5726451873779297,2026-03-06T11:17:31.144299,2.0,0.0,0.0,0.0,0.0,0.0,0.0,18.02,13.1,0.374,0.373,STRAIGHT,1.5,1.5,"CMD,0.4,1.50",4.0,0.0091,2.237,0.023,1,0.8892,0,NORMAL,51.763,0.094,1,1,1,1,1,91.9,0,0,dijkstra,predict,0.61787,0,,,,,,0,,,,271565,185361,0
44,3.764690637588501,2026-03-06T11:17:31.336345,117.47,0.0,8.01,20.23,0.0,0.0,0.0,167.97,12.26,0.37,0.373,STRAIGHT,1.5,1.5,"CMD,0.4,1.50",4.0,0.0088,2.283,0.023,1,0.8685,0,NORMAL,51.825,0.185,1,1,1,1,1,114.2,145,13,dijkstra,graph,0.58643,0,,,,,,0,,,,230031,175301,4141
45,3.8048174381256104,2026-03-06T11:17:31.376472,2.0,0.0,2.0,0.0,0.0,0.0,0.0,20.03,13.07,0.367,0.37,STRAIGHT,1.5,1.5,"CMD,0.4,1.50",4.0,0.0088,2.283,0.023,1,0.8685,0,NORMAL,52.017,0.211,1,1,1,1,1,104.2,0,0,dijkstra,predict,0.58478,0,,,,,,0,,,,239952,175433,0
46,3.846757173538208,2026-03-06T11:17:31.418411,2.0,0.0,2.0,0.0,0.0,0.0,2.0,22.04,13.08,0.365,0.367,STRAIGHT,1.5,1.5,"CMD,0.4,1.50",4.0,0.0088,2.283,0.023,1,0.8685,0,NORMAL,52.263,0.219,1,1,1,1,1,99.2,0,0,dijkstra,predict,0.5828,0,,,,,,0,,,,239952,174839,0
47,3.8888437747955322,2026-03-06T11:17:31.460498,4.04,0.0,2.0,0.0,0.0,0.0,0.0,22.06,13.05,0.364,0.365,STRAIGHT,1.5,1.5,"CMD,0.4,1.50",4.0,0.0088,2.283,0.023,1,0.8685,0,NORMAL,52.2,0.246,1,1,1,1,1,94.2,0,0,dijkstra,predict,0.57546,0,,,,,,0,,,,239952,172639,0
48,4.066683769226074,2026-03-06T11:17:31.638338,110.27,0.0,7.11,11.49,8.94,0.0,0.0,157.33,12.31,0.368,0.365,STRAIGHT,1.5,1.5,"CMD,0.4,1.50",4.0,0.0091,2.237,0.023,1,0.8848,0,NORMAL,52.353,0.217,1,1,1,1,1,111.9,99,16,dijkstra,graph,0.6336,0,,,,,,0,,,,251393,189793,4579
49,4.107103109359741,2026-03-06T11:17:31.678757,2.0,0.0,4.01,0.0,0.0,0.0,0.0,20.39,13.18,0.371,0.368,STRAIGHT,1.5,1.5,"CMD,0.4,1.50",4.0,0.0091,2.237,0.023,1,0.8848,0,NORMAL,52.286,0.278,1,1,1,1,1,101.9,0,0,dijkstra,predict,0.63197,0,,,,,,0,,,,264015,189590,0
50,4.1490209102630615,2026-03-06T11:17:31.720675,2.0,0.0,4.0,0.0,0.0,0.0,0.0,22.03,13.17,0.373,0.371,STRAIGHT,1.5,1.5,"CMD,0.4,1.50",4.0,0.0091,2.237,0.023,1,0.8848,0,NORMAL,53.423,0.215,1,1,1,1,1,96.9,0,0,dijkstra,predict,0.62924,0,,,,,,0,,,,264015,188772,0
51,4.187227725982666,2026-03-06T11:17:31.758882,0.0,0.0,4.01,0.0,0.0,0.0,0.0,20.18,13.21,0.374,0.373,STRAIGHT,1.5,1.5,"CMD,0.4,1.50",4.0,0.0091,2.237,0.023,1,0.8848,0,NORMAL,53.6,0.207,1,1,1,1,1,91.9,0,0,dijkstra,predict,0.62083,0,,,,,,0,,,,264015,186248,0
52,4.364924907684326,2026-03-06T11:17:31.936579,110.76,0.0,6.01,21.04,2.0,0.0,0.0,157.67,12.46,0.38,0.374,STRAIGHT,1.5,1.5,"CMD,0.4,1.50",4.0,0.0095,2.192,0.023,1,0.9119,0,NORMAL,53.761,0.238,1,1,1,1,1,109.6,95,14,dijkstra,graph,0.64833,0,,,,,,0,,,,260851,194400,4269
53,4.412437200546265,2026-03-06T11:17:31.984091,0.0,0.0,7.43,0.0,0.0,0.0,0.0,23.45,13.32,0.384,0.38,STRAIGHT,1.5,1.5,"CMD,0.4,1.50",4.0,0.0095,2.192,0.023,1,0.9119,0,NORMAL,54.071,0.234,1,1,1,1,1,99.6,0,0,dijkstra,predict,0.64756,0,,,,,,0,,,,277950,194267,0
54,4.451762437820435,2026-03-06T11:17:32.023417,0.0,0.0,0.0,0.0,0.0,0.0,0.0,16.29,13.31,0.387,0.384,STRAIGHT,1.5,1.5,"CMD,0.4,1.50",4.0,0.0095,2.192,0.023,1,0.9119,0,NORMAL,54.128,0.248,1,1,1,1,1,94.6,0,0,dijkstra,predict,0.64436,0,,,,,,0,,,,277950,193308,0
55,4.490051507949829,2026-03-06T11:17:32.061705,0.0,0.0,0.0,0.0,0.0,0.0,0.0,14.26,13.34,0.388,0.387,STRAIGHT,1.5,1.5,"CMD,0.4,1.50",4.0,0.0095,2.192,0.023,1,0.9119,0,NORMAL,54.229,0.282,1,1,1,1,1,89.6,0,0,dijkstra,predict,0.63599,0,,,,,,0,,,,277950,190797,0
56,4.681467771530151,2026-03-06T11:17:32.253122,118.84,0.0,8.01,20.03,0.0,0.0,0.0,165.32,12.49,0.384,0.387,STRAIGHT,1.5,1.5,"CMD,0.4,1.50",4.0,0.0091,2.237,0.023,1,0.9376,0,NORMAL,54.511,0.254,1,1,1,1,1,111.9,99,14,dijkstra,graph,0.65207,0,,,,,,0,,,,261233,195277,4592
57,4.723775625228882,2026-03-06T11:17:32.295430,2.0,0.0,2.0,0.0,0.0,0.0,0.0,20.11,13.29,0.382,0.384,STRAIGHT,1.5,1.5,"CMD,0.4,1.50",4.0,0.0091,2.237,0.023,1,0.9376,0,NORMAL,55.749,0.24,1,1,1,1,1,101.9,0,0,dijkstra,predict,0.65056,0,,,,,,0,,,,276005,195169,0
58,4.763836622238159,2026-03-06T11:17:32.335491,0.0,0.0,0.0,0.0,0.0,0.0,0.0,16.03,13.29,0.38,0.382,STRAIGHT,1.5,1.5,"CMD,0.4,1.50",4.0,0.0091,2.237,0.023,1,0.9376,0,NORMAL,55.951,0.23,1,1,1,1,1,96.9,0,0,dijkstra,predict,0.64728,0,,,,,,0,,,,276005,194185,0
59,4.809940338134766,2026-03-06T11:17:32.381594,2.0,0.0,4.0,0.0,0.0,0.0,0.0,20.03,13.26,0.379,0.38,STRAIGHT,1.5,1.5,"CMD,0.4,1.50",4.0,0.0091,2.237,0.023,1,0.9376,0,NORMAL,55.703,0.236,1,1,1,1,1,91.9,0,0,dijkstra,predict,0.63934,0,,,,,,0,,,,276005,191803,0
60,4.984316825866699,2026-03-06T11:17:32.555971,112.5,0.0,8.01,18.03,0.0,0.0,0.0,154.35,12.52,0.378,0.379,STRAIGHT,1.5,1.5,"CMD,0.4,1.50",4.0,0.0091,2.237,0.023,1,0.9405,0,NORMAL,54.838,0.218,1,1,1,1,1,111.9,80,13,dijkstra,graph,0.64349,0,,,,,,0,,,,263145,192818,3626
61,5.026784658432007,2026-03-06T11:17:32.598439,1.5,0.0,4.01,0.0,0.0,0.0,0.0,20.44,13.26,0.377,0.378,STRAIGHT,1.5,1.5,"CMD,0.4,1.50",4.0,0.0091,2.237,0.023,1,0.9405,0,NORMAL,54.205,0.203,1,1,1,1,1,101.9,0,0,dijkstra,predict,0.64228,0,,,,,,0,,,,276592,192684,0
62,5.067346572875977,2026-03-06T11:17:32.639001,1.5,0.0,4.01,0.0,0.0,0.0,0.0,24.54,13.23,0.377,0.377,STRAIGHT,1.5,1.5,"CMD,0.4,1.50",4.0,0.0091,2.237,0.023,1,0.9405,0,NORMAL,53.225,0.192,1,1,1,1,1,96.9,0,0,dijkstra,predict,0.63948,0,,,,,,0,,,,276592,191845,0
63,5.109400510787964,2026-03-06T11:17:32.681055,2.0,0.0,4.0,0.0,0.0,0.0,0.0,24.03,13.23,0.377,0.377,STRAIGHT,1.5,1.5,"CMD,0.4,1.50",4.0,0.0091,2.237,0.023,1,0.9405,0,NORMAL,53.334,0.166,1,1,1,1,1,91.9,0,0,dijkstra,predict,0.63102,0,,,,,,0,,,,276592,189306,0
64,5.291248083114624,2026-03-06T11:17:32.862902,107.75,0.0,8.01,26.03,0.0,0.0,0.0,161.82,12.47,0.367,0.377,STRAIGHT,1.5,1.5,"CMD,0.4,1.50",4.0,0.0084,2.329,0.023,1,0.934,0,NORMAL,52.688,0.138,1,1,1,1,1,116.4,139,15,dijkstra,graph,0.62599,0,,,,,,0,,,,260573,187625,4085
65,5.33560585975647,2026-03-06T11:17:32.907260,2.0,0.0,3.01,0.0,0.0,0.0,0.0,21.05,13.22,0.36,0.367,STRAIGHT,1.5,1.5,"CMD,0.4,1.50",4.0,0.0084,2.329,0.023,1,0.934,0,NORMAL,52.614,0.109,1,1,1,1,1,106.4,0,0,dijkstra,predict,0.62508,0,,,,,,0,,,,274527,187523,0
66,5.3763768672943115,2026-03-06T11:17:32.948031,0.0,0.0,4.44,0.0,0.0,0.0,0.0,20.75,13.21,0.356,0.36,STRAIGHT,1.5,1.5,"CMD,0.4,1.50",4.0,0.0084,2.329,0.023,1,0.934,0,NORMAL,53.96,0.045,1,1,1,1,1,101.4,0,0,dijkstra,predict,0.62207,0,,,,,,0,,,,274527,186621,0
67,5.4168994426727295,2026-03-06T11:17:32.988554,0.0,0.0,6.04,0.0,0.0,0.0,0.0,20.06,13.22,0.353,0.356,STRAIGHT,1.5,1.5,"CMD,0.4,1.50",4.0,0.0084,2.329,0.023,1,0.934,0,NORMAL,55.299,0.012,1,1,1,1,1,96.4,0,0,dijkstra,predict,0.61367,0,,,,,,0,,,,274527,184101,0
68,5.594134092330933,2026-03-06T11:17:33.165788,108.38,0.0,10.01,20.03,2.0,0.0,0.0,158.96,12.45,0.351,0.353,STRAIGHT,1.5,1.5,"CMD,0.4,1.50",4.0,0.0084,2.329,0.023,1,0.893,0,NORMAL,54.364,-0.011,1,1,1,1,1,116.4,106,17,dijkstra,graph,0.61202,0,,,,,,0,,,,267739,183420,4472
69,5.640432119369507,2026-03-06T11:17:33.212086,2.83,0.0,3.01,0.0,0.0,0.0,0.0,22.27,13.24,0.35,0.351,STRAIGHT,1.5,1.5,"CMD,0.4,1.50",4.0,0.0084,2.329,0.023,1,0.893,0,NORMAL,53.449,-0.034,1,1,1,1,1,106.4,0,0,dijkstra,predict,0.61092,0,,,,,,0,,,,282709,183275,0
70,5.685106992721558,2026-03-06T11:17:33.256761,0.0,0.0,6.62,0.0,0.0,0.0,0.0,22.65,13.22,0.349,0.35,STRAIGHT,1.5,1.5,"CMD,0.3,1.50",4.0,0.0084,2.329,0.023,1,0.893,0,NORMAL,52.244,-0.041,1,1,1,1,1,101.4,0,0,dijkstra,predict,0.60799,0,,,,,,0,,,,282709,182397,0
71,5.718878269195557,2026-03-06T11:17:33.290532,0.0,0.0,0.0,0.0,0.0,0.0,0.0,16.01,13.28,0.348,0.349,STRAIGHT,1.5,1.5,"CMD,0.3,1.50",4.0,0.0084,2.329,0.023,1,0.893,0,NORMAL,51.169,-0.066,1,1,1,1,1,96.4,0,0,dijkstra,predict,0.5996,0,,,,,,0,,,,282709,179879,0
72,5.911665678024292,2026-03-06T11:17:33.483320,112.05,0.0,8.01,25.0,2.0,0.0,0.0,166.53,12.4,0.353,0.349,STRAIGHT,1.5,1.5,"CMD,0.3,1.50",4.0,0.0088,2.283,0.023,1,0.8953,0,NORMAL,50.087,-0.095,1,1,1,1,1,114.2,148,17,dijkstra,graph,0.605,0,,,,,,0,,,,284753,181413,4488
73,5.957547903060913,2026-03-06T11:17:33.529202,3.82,0.0,4.01,0.0,0.0,0.0,0.0,21.85,13.22,0.356,0.353,STRAIGHT,1.5,1.5,"CMD,0.4,1.50",4.0,0.0088,2.283,0.023,1,0.8953,0,NORMAL,49.005,-0.12,1,1,1,1,1,104.2,0,0,dijkstra,predict,0.604,0,,,,,,0,,,,299274,181200,0
74,5.999601602554321,2026-03-06T11:17:33.571256,2.0,0.0,0.0,0.0,0.0,0.0,0.0,16.02,13.21,0.358,0.356,STRAIGHT,1.5,1.5,"CMD,0.4,1.50",4.0,0.0088,2.283,0.023,1,0.8953,0,NORMAL,48.356,-0.15,1,1,1,1,1,99.2,0,0,dijkstra,predict,0.60118,0,,,,,,0,,,,299274,180355,0
75,6.04784631729126,2026-03-06T11:17:33.619500,2.0,0.0,2.0,0.0,0.0,0.0,0.0,24.04,13.18,0.359,0.358,STRAIGHT,1.5,1.5,"CMD,0.4,1.50",4.0,0.0088,2.283,0.023,1,0.8953,0,NORMAL,48.314,-0.155,1,1,1,1,1,94.2,0,0,dijkstra,predict,0.59292,0,,,,,,0,,,,299274,177877,0
76,6.234756708145142,2026-03-06T11:17:33.806411,115.56,0.0,8.08,25.54,2.0,0.0,0.0,170.89,12.36,0.36,0.359,STRAIGHT,1.5,1.5,"CMD,0.4,1.50",4.0,0.0088,2.283,0.023,1,0.9188,0,NORMAL,47.832,-0.145,1,1,1,1,1,114.2,159,14,dijkstra,graph,0.56921,0,,,,,,0,,,,285044,170619,3827
77,6.275290012359619,2026-03-06T11:17:33.846944,2.0,0.0,2.0,0.0,0.0,0.0,0.0,22.28,13.14,0.36,0.36,STRAIGHT,1.5,1.5,"CMD,0.4,1.50",4.0,0.0088,2.283,0.023,1,0.9188,0,NORMAL,47.074,-0.062,1,1,1,1,1,104.2,0,0,dijkstra,predict,0.56812,0,,,,,,0,,,,301442,170437,0
78,6.314860105514526,2026-03-06T11:17:33.886514,2.0,0.0,3.52,0.0,0.0,0.0,0.0,21.55,13.14,0.361,0.36,STRAIGHT,1.5,1.5,"CMD,0.4,1.50",4.0,0.0088,2.283,0.023,1,0.9188,0,NORMAL,50.439,-0.084,1,1,1,1,1,99.2,0,0,dijkstra,predict,0.56534,0,,,,,,0,,,,301442,169602,0
79,6.361030578613281,2026-03-06T11:17:33.932685,2.0,0.0,4.01,0.0,0.0,0.0,0.0,21.11,13.11,0.361,0.361,STRAIGHT,1.5,1.5,"CMD,0.4,1.50",4.0,0.0088,2.283,0.023,1,0.9188,0,NORMAL,49.855,-0.065,1,1,1,1,1,94.2,0,0,dijkstra,predict,0.55713,0,,,,,,0,,,,301442,167140,0
80,6.543949604034424,2026-03-06T11:17:34.115604,112.9,0.0,8.01,25.95,0.0,0.0,0.0,162.89,12.31,0.012,0.361,STRAIGHT,1.5,1.5,"CMD,0.4,1.50",4.0,-0.0166,2.603,-0.056,1,0.9183,0,NORMAL,49.438,-0.045,1,1,1,1,1,132.6,144,12,dijkstra,graph,0.56196,0,,,,,,0,,,,292460,168443,3751
81,6.588839769363403,2026-03-06T11:17:34.160494,0.0,0.0,4.28,0.0,0.0,0.0,0.0,20.31,13.05,-0.22,0.012,STRAIGHT,1.5,1.5,"CMD,0.0,1.50",4.0,-0.0166,2.603,-0.056,1,0.9183,0,NORMAL,48.202,-0.008,1,1,1,1,1,122.6,0,0,dijkstra,predict,0.55021,0,,,,,,0,,,,303098,165064,0
82,6.630631685256958,2026-03-06T11:17:34.202286,2.0,0.0,4.0,0.0,0.0,0.0,0.0,22.03,13.07,-0.375,-0.22,STRAIGHT,1.5,1.5,"CMD,-0.2,1.50",4.0,-0.0166,2.603,-0.056,1,0.9183,0,NORMAL,47.408,0.042,1,1,1,1,1,117.6,0,0,dijkstra,predict,0.53549,0,,,,,,0,,,,303098,160646,0
83,6.6762354373931885,2026-03-06T11:17:34.247889,2.0,0.0,1.93,0.0,0.0,0.0,0.0,21.97,13.05,-0.478,-0.375,STRAIGHT,1.5,1.5,"CMD,-0.4,1.50",4.0,-0.0166,2.603,-0.056,1,0.9183,0,NORMAL,46.879,0.083,1,1,1,1,1,112.6,0,0,dijkstra,predict,0.5212,0,,,,,,0,,,,303098,156361,0
84,6.862895727157593,2026-03-06T11:17:34.434550,116.61,0.0,7.75,24.03,2.0,0.0,0.0,168.64,12.22,-0.651,-0.478,STRAIGHT,1.5,1.5,"CMD,-0.5,1.50",4.0,-0.0242,2.694,-0.088,1,0.9194,0,NORMAL,45.453,0.129,1,1,1,1,1,138.3,165,11,dijkstra,graph,0.60058,0,,,,,,0,,,,301145,179651,3604
85,6.90307092666626,2026-03-06T11:17:34.474725,2.0,0.0,0.0,0.0,0.0,0.0,0.0,16.02,13.05,-0.767,-0.651,STRAIGHT,1.5,1.5,"CMD,-0.7,1.50",4.0,-0.0242,2.694,-0.088,1,0.9194,0,NORMAL,44.344,0.138,1,1,1,1,1,128.3,0,0,dijkstra,predict,0.58986,0,,,,,,0,,,,313454,176957,0
86,6.949314832687378,2026-03-06T11:17:34.520969,2.0,0.0,2.0,0.0,0.0,0.0,0.0,20.03,13.04,-0.844,-0.767,STRAIGHT,1.5,1.5,"CMD,-0.8,1.50",4.0,-0.0242,2.694,-0.088,1,0.9194,0,NORMAL,43.282,0.193,1,1,1,1,1,123.3,0,0,dijkstra,predict,0.57652,0,,,,,,0,,,,313454,172955,0
87,6.985375881195068,2026-03-06T11:17:34.557030,0.0,0.0,0.0,0.0,0.0,0.0,0.0,15.96,13.05,-0.895,-0.844,STRAIGHT,1.5,1.5,"CMD,-0.8,1.50",4.0,-0.0242,2.694,-0.088,1,0.9194,0,NORMAL,42.323,0.234,1,1,1,1,1,118.3,0,0,dijkstra,predict,0.5634,0,,,,,,0,,,,313454,169020,0
88,7.188802480697632,2026-03-06T11:17:34.760457,110.7,0.0,8.01,42.05,0.0,0.0,0.0,177.1,12.19,-0.489,-0.844,STRAIGHT,1.5,1.5,"CMD,-0.8,1.50",4.0,0.0078,2.42,0.023,1,0.9054,0,NORMAL,41.473,0.248,1,1,1,1,1,121.0,249,16,dijkstra,graph,0.67254,0,,,,,,0,,,,305537,201221,5055
89,7.224848031997681,2026-03-06T11:17:34.796502,0.0,0.0,0.0,0.0,0.0,0.0,0.0,14.02,12.94,-0.219,-0.489,STRAIGHT,1.5,1.5,"CMD,-0.5,1.50",4.0,0.0078,2.42,0.023,1,0.9054,0,NORMAL,40.747,0.213,1,1,1,1,1,111.0,0,0,dijkstra,predict,0.67028,0,,,,,,0,,,,316057,201084,0
90,7.274051904678345,2026-03-06T11:17:34.845706,2.0,0.0,4.01,0.0,0.0,0.0,0.0,20.64,12.9,-0.039,-0.219,STRAIGHT,1.5,1.5,"CMD,-0.2,1.50",4.0,0.0078,2.42,0.023,1,0.9054,0,NORMAL,40.117,0.168,1,1,1,1,1,106.0,0,0,dijkstra,predict,0.66739,0,,,,,,0,,,,316057,200216,0
91,7.3138427734375,2026-03-06T11:17:34.885497,2.0,0.0,4.01,0.0,0.0,0.0,0.0,20.03,12.91,0.081,-0.039,STRAIGHT,1.5,1.5,"CMD,-0.0,1.50",4.0,0.0078,2.42,0.023,1,0.9054,0,NORMAL,38.962,0.103,1,1,1,1,1,101.0,0,0,dijkstra,predict,0.65957,0,,,,,,0,,,,316057,197871,0
92,7.5033979415893555,2026-03-06T11:17:35.075052,113.24,0.0,10.01,24.03,2.0,0.0,0.0,167.33,12.11,-0.53,-0.039,STRAIGHT,1.5,1.5,"CMD,-0.0,1.50",4.0,-0.0425,2.785,-0.165,1,0.8865,0,NORMAL,38.096,0.061,1,1,1,1,1,144.8,142,11,dijkstra,graph,0.73178,0,,,,,,0,,,,318617,219204,5005
93,7.545453071594238,2026-03-06T11:17:35.117107,2.0,0.0,2.0,0.0,0.0,0.0,0.0,20.03,12.85,-0.937,-0.53,STRAIGHT,1.5,1.5,"CMD,-0.5,1.50",4.0,-0.0425,2.785,-0.165,1,0.8865,0,NORMAL,37.897,0.012,1,1,1,1,1,134.8,0,0,dijkstra,predict,0.71611,0,,,,,,0,,,,332025,214832,0
94,7.587509632110596,2026-03-06T11:17:35.159164,4.01,0.0,0.0,0.0,0.0,0.0,0.0,18.02,12.88,-1.208,-0.937,STRAIGHT,1.5,1.5,"CMD,-0.9,1.50",4.0,-0.0425,2.785,-0.165,1,0.8865,0,NORMAL,37.198,-0.02,1,1,1,1,1,129.8,0,0,dijkstra,predict,0.69657,0,,,,,,0,,,,332025,208971,0
95,7.633655071258545,2026-03-06T11:17:35.205309,2.01,0.0,4.01,0.0,0.0,0.0,0.0,20.03,12.85,-1.389,-1.208,STRAIGHT,1.5,1.5,"CMD,-1.2,1.50",4.0,-0.0425,2.785,-0.165,1,0.8865,0,NORMAL,36.701,-0.066,1,1,1,1,1,124.8,0,0,dijkstra,predict,0.67533,0,,,,,,0,,,,332025,202598,0
96,7.8384339809417725,2026-03-06T11:17:35.410088,110.56,0.0,11.6,42.19,2.0,0.0,0.0,184.76,11.98,-1.69,-1.389,STRAIGHT,1.5,1.5,"CMD,-1.4,1.50",4.0,-0.0556,2.877,-0.232,1,0.9354,0,NORMAL,35.81,-0.101,1,1,1,1,1,150.1,240,18,dijkstra,graph,0.77839,0,,,,,,0,,,,320419,232803,5707
97,7.879419803619385,2026-03-06T11:17:35.451074,0.0,0.0,4.46,0.0,0.0,0.0,0.0,20.48,12.69,-1.891,-1.69,STRAIGHT,1.5,1.5,"CMD,-1.7,1.50",4.0,-0.0556,2.877,-0.232,1,0.9354,0,NORMAL,34.964,-0.147,1,1,1,1,1,140.0,0,0,dijkstra,predict,0.73509,0,,,,,,0,,,,326776,220528,0
98,7.929630279541016,2026-03-06T11:17:35.501284,2.0,0.0,4.0,0.0,0.0,0.0,0.0,24.04,12.67,-2.025,-1.891,STRAIGHT,1.5,1.5,"CMD,-1.9,1.50",4.0,-0.0556,2.877,-0.232,1,0.9354,0,NORMAL,32.221,-0.187,1,1,1,1,1,135.0,0,0,dijkstra,predict,0.69051,0,,,,,,0,,,,326776,207152,0
99,7.969788551330566,2026-03-06T11:17:35.541443,2.11,0.0,2.0,0.0,0.0,0.0,0.0,20.13,12.69,-2.114,-2.025,STRAIGHT,1.5,1.5,"CMD,-2.0,1.50",4.0,-0.0556,2.877,-0.232,1,0.9354,0,NORMAL,31.254,-0.227,1,1,1,1,1,130.0,0,0,dijkstra,predict,0.64941,0,,,,,,0,,,,326776,194824,0
100,8.160377264022827,2026-03-06T11:17:35.732031,116.17,0.0,4.01,30.05,0.0,0.0,0.0,170.32,11.88,-2.405,-2.114,STRAIGHT,1.5,1.5,"CMD,-2.1,1.50",4.0,-0.0725,2.922,-0.313,1,0.9094,0,NORMAL,30.331,-0.261,1,1,1,1,1,154.5,130,12,dijkstra,graph,0.77455,0,,,,,,0,,,,332827,231908,5206
101,8.20734977722168,2026-03-06T11:17:35.779004,2.0,0.0,4.01,0.0,0.0,0.0,0.0,21.53,12.63,-2.599,-2.405,STRAIGHT,1.5,1.5,"CMD,-2.4,1.50",4.0,-0.0725,2.922,-0.313,1,0.9094,0,NORMAL,29.913,-0.271,1,1,1,1,1,144.5,0,0,dijkstra,predict,0.72514,0,,,,,,0,,,,335588,217543,0
102,8.241393089294434,2026-03-06T11:17:35.813047,0.0,0.0,0.0,0.0,0.0,0.0,0.0,14.02,12.7,-2.728,-2.599,STRAIGHT,1.5,1.5,"CMD,-2.6,1.50",4.0,-0.0725,2.922,-0.313,1,0.9094,0,NORMAL,29.768,-0.268,1,1,1,1,1,139.5,0,0,dijkstra,predict,0.67795,0,,,,,,0,,,,335588,203386,0
103,8.286721229553223,2026-03-06T11:17:35.858375,0.0,0.0,5.27,0.0,0.0,0.0,0.0,19.28,12.68,-2.815,-2.728,STRAIGHT,1.5,1.5,"CMD,-2.7,1.50",4.0,-0.0725,2.922,-0.313,1,0.9094,0,NORMAL,29.113,-0.285,1,1,1,1,1,134.5,0,0,dijkstra,predict,0.63442,0,,,,,,0,,,,335588,190325,0
104,8.47338342666626,2026-03-06T11:17:36.045038,110.72,0.0,8.01,28.27,0.0,0.0,0.0,171.36,11.96,-3.399,-2.815,STRAIGHT,1.5,1.5,"CMD,-2.8,1.50",3.437,-0.111,2.922,-0.487,1,0.8925,0,NORMAL,28.662,-0.282,1,1,1,1,1,157.2,127,13,dijkstra,graph,0.79081,0,,,,,,0,,,,364507,237017,5020
105,8.521005630493164,2026-03-06T11:17:36.092660,0.0,0.0,3.17,0.0,0.0,0.0,0.0,27.59,12.68,-3.789,-3.399,STRAIGHT,1.5,1.5,"CMD,-3.4,1.50",3.437,-0.111,2.922,-0.487,1,0.8925,0,NORMAL,28.534,-0.313,1,1,1,1,1,147.1,0,0,dijkstra,predict,0.73265,0,,,,,,0,,,,366280,219794,0
106,8.566298723220825,2026-03-06T11:17:36.137953,4.01,0.0,2.0,0.0,0.0,0.0,2.0,22.03,12.65,-4.048,-3.789,STRAIGHT,1.5,1.5,"CMD,-3.8,1.50",3.437,-0.111,2.922,-0.487,1,0.8925,0,NORMAL,28.976,-0.263,1,1,1,1,1,142.1,0,0,dijkstra,predict,0.67907,0,,,,,,0,,,,366280,203720,0
107,8.610475301742554,2026-03-06T11:17:36.182129,2.0,0.0,2.0,0.0,0.0,0.0,2.0,21.77,12.63,-4.222,-4.048,STRAIGHT,1.5,1.5,"CMD,-4.0,1.50",3.437,-0.111,2.922,-0.487,1,0.8925,0,NORMAL,29.225,-0.305,1,1,1,1,1,137.1,0,0,dijkstra,predict,0.61055,0,,,,,,0,,,,366280,183166,0
108,8.801789999008179,2026-03-06T11:17:36.373444,116.44,0.0,8.55,27.78,0.0,0.0,0.0,177.3,11.88,-4.478,-4.222,STRAIGHT,1.5,1.5,"CMD,-4.2,1.50",3.013,-0.1213,2.838,-0.504,1,0.94,0,NORMAL,30.408,-0.212,1,1,1,1,1,159.1,133,12,dijkstra,graph,0.78659,0,,,,,,0,,,,371944,235527,5117
109,8.851078748703003,2026-03-06T11:17:36.422733,0.0,0.0,3.12,0.0,0.0,0.0,0.0,21.53,12.57,-4.649,-4.478,STRAIGHT,1.5,1.5,"CMD,-4.5,1.50",3.013,-0.1213,2.838,-0.504,1,0.94,0,NORMAL,31.484,-0.193,1,1,1,1,1,149.1,0,0,dijkstra,predict,0.73163,0,,,,,,0,,,,371948,219488,0
110,8.885735988616943,2026-03-06T11:17:36.457390,0.0,0.0,0.0,0.0,0.0,0.0,0.0,15.63,12.61,-4.763,-4.649,STRAIGHT,1.5,1.5,"CMD,-4.6,1.50",3.013,-0.1213,2.838,-0.504,1,0.94,0,NORMAL,32.449,-0.181,1,1,1,1,1,144.1,0,0,dijkstra,predict,0.68056,0,,,,,,0,,,,371948,204169,0
111,8.93619704246521,2026-03-06T11:17:36.507851,0.0,0.0,6.06,0.0,0.0,0.0,0.0,22.34,12.58,-4.839,-4.763,STRAIGHT,1.5,1.5,"CMD,-4.8,1.50",3.013,-0.1213,2.838,-0.504,1,0.94,0,NORMAL,33.465,-0.11,1,1,1,1,1,139.1,0,0,dijkstra,predict,0.61419,0,,,,,,0,,,,371948,184257,0
112,9.118139743804932,2026-03-06T11:17:36.689794,111.94,0.0,9.55,27.85,0.0,0.0,0.0,161.62,11.87,-4.198,-4.763,STRAIGHT,1.5,1.5,"CMD,-4.8,1.50",2.152,-0.0707,2.112,-0.159,1,0.9524,0,NORMAL,35.481,0.02,1,1,1,1,1,159.2,139,12,dijkstra,graph,0.80638,0,,,,,,0,,,,384848,241599,5084
113,9.158190488815308,2026-03-06T11:17:36.729845,0.0,0.0,0.0,0.0,0.0,0.0,0.0,14.02,12.63,-3.77,-4.198,STRAIGHT,1.5,1.5,"CMD,-4.2,1.50",2.152,-0.0707,2.112,-0.159,1,0.9524,0,NORMAL,37.666,0.182,1,1,1,1,1,149.1,0,0,dijkstra,predict,0.78126,0,,,,,,0,,,,385420,234378,0
114,9.34096884727478,2026-03-06T11:17:36.912623,108.01,0.0,8.01,19.92,0.0,0.0,0.0,155.71,11.9,-3.43,-3.77,STRAIGHT,1.5,1.5,"CMD,-3.8,1.50",1.876,-0.0667,1.773,-0.105,1,0.9575,0,NORMAL,39.696,0.274,1,1,1,1,1,222.3,51,11,dijkstra,graph,0.82333,0,,,,,,0,,,,399397,246547,4695
115,9.519657850265503,2026-03-06T11:17:37.091312,104.59,0.0,10.01,20.03,2.0,0.0,0.0,154.65,11.27,-3.366,-3.43,STRAIGHT,1.5,1.5,"CMD,-3.4,1.50",1.888,-0.0786,1.786,-0.126,1,0.9751,0,NORMAL,40.601,0.289,1,1,1,1,1,222.3,74,13,dijkstra,graph,0.8269,0,,,,,,0,,,,405396,247658,4862
116,9.700618028640747,2026-03-06T11:17:37.272272,108.38,0.0,8.01,10.39,0.0,0.0,0.0,154.93,10.68,-3.167,-3.366,STRAIGHT,1.5,1.5,"CMD,-3.4,1.50",1.839,-0.0672,1.722,-0.1,1,0.9729,0,NORMAL,40.98,0.315,1,1,1,1,1,222.5,61,11,dijkstra,graph,0.83415,0,,,,,,0,,,,415716,249944,5108
117,9.884907722473145,2026-03-06T11:17:37.456562,115.79,0.0,6.01,17.53,2.0,0.0,0.0,162.26,10.76,-3.041,-3.167,STRAIGHT,1.5,1.5,"CMD,-3.2,1.50",1.882,-0.0677,1.782,-0.108,1,0.978,0,NORMAL,42.068,0.283,1,1,1,1,1,221.3,52,11,dijkstra,graph,0.83428,0,,,,,,0,,,,417601,250030,5044
118,10.06953501701355,2026-03-06T11:17:37.641189,106.32,0.0,12.22,20.03,2.0,0.0,2.0,160.6,10.19,-3.228,-3.167,STRAIGHT,1.5,1.5,"CMD,-3.2,1.50",1.94,-0.0874,1.85,-0.151,1,0.9823,0,NORMAL,43.325,0.285,1,1,1,1,1,222.3,65,11,dijkstra,graph,0.83213,0,,,,,,0,,,,418270,249305,4789
119,10.248993396759033,2026-03-06T11:17:37.820648,107.86,0.0,8.01,20.03,2.0,0.0,0.0,153.92,9.75,-3.255,-3.228,STRAIGHT,1.5,1.5,"CMD,-3.2,1.50",1.954,-0.0803,1.868,-0.141,1,0.9847,0,NORMAL,44.687,0.321,1,1,1,1,1,222.6,76,12,dijkstra,graph,0.84267,0,,,,,,0,,,,424342,252462,4933
120,10.4385826587677,2026-03-06T11:17:38.010237,113.34,0.0,10.02,24.18,2.0,0.0,0.0,165.56,9.28,-3.286,-3.255,STRAIGHT,1.5,1.5,"CMD,-3.3,1.50",2.063,-0.0813,1.999,-0.163,1,0.9821,0,NORMAL,46.314,0.294,1,1,1,1,1,192.2,111,12,dijkstra,graph,0.83969,0,,,,,,0,,,,426373,251548,4915
121,10.6105055809021,2026-03-06T11:17:38.182160,104.63,0.0,8.01,20.22,0.0,0.0,0.0,157.84,9.33,-3.228,-3.255,STRAIGHT,1.5,1.5,"CMD,-3.3,1.50",2.1,-0.0755,2.042,-0.158,1,0.981,0,NORMAL,46.509,0.303,1,1,1,1,1,192.5,52,12,dijkstra,graph,0.84535,0,,,,,,0,,,,434033,253205,5058
122,10.797130584716797,2026-03-06T11:17:38.368785,112.36,0.0,8.01,19.82,0.0,0.0,0.0,160.22,8.92,-2.984,-3.228,STRAIGHT,1.5,1.5,"CMD,-3.2,1.50",2.092,-0.0606,2.032,-0.126,1,0.9755,0,NORMAL,47.657,0.281,1,1,1,1,1,209.8,59,11,dijkstra,graph,0.85502,0,,,,,,0,,,,444608,256164,5035
123,10.982386589050293,2026-03-06T11:17:38.554041,114.25,0.0,10.02,18.45,0.0,0.0,0.0,163.23,8.54,-2.635,-2.984,STRAIGHT,1.5,1.5,"CMD,-3.0,1.50",2.49,-0.0469,2.459,-0.142,1,0.9699,0,NORMAL,49.44,0.259,1,1,1,1,1,205.4,47,11,dijkstra,graph,0.86099,0,,,,,,0,,,,457193,257897,4857
124,11.028461933135986,2026-03-06T11:17:38.600116,2.0,0.0,2.0,0.0,0.0,0.0,0.0,20.03,8.55,-2.401,-2.635,STRAIGHT,1.5,1.5,"CMD,-2.6,1.50",2.49,-0.0469,2.459,-0.142,1,0.9699,0,NORMAL,49.513,0.428,1,1,1,1,1,195.3,0,0,dijkstra,predict,0.78966,0,,,,,,0,,,,457409,236898,0
125,11.204501390457153,2026-03-06T11:17:38.776155,106.01,0.0,6.01,20.45,5.46,0.0,0.0,155.11,8.62,-1.557,-2.401,STRAIGHT,1.5,1.5,"CMD,-2.4,1.50",4.0,0.0032,3.79,0.023,1,0.9546,0,NORMAL,48.869,0.399,1,1,1,1,1,189.5,31,12,dijkstra,graph,0.86178,0,,,,,,0,,,,472248,257988,4943
126,11.248007774353027,2026-03-06T11:17:38.819662,2.0,0.0,4.46,0.0,0.0,0.0,0.0,18.48,8.61,-0.994,-1.557,STRAIGHT,1.5,1.5,"CMD,-1.6,1.50",4.0,0.0032,3.79,0.023,1,0.9546,0,NORMAL,48.271,0.402,1,1,1,1,1,179.5,0,0,dijkstra,predict,0.85899,0,,,,,,0,,,,472549,257697,0
127,11.292063236236572,2026-03-06T11:17:38.863717,2.0,0.0,4.01,0.0,0.0,0.0,0.0,20.03,8.62,-0.619,-0.994,STRAIGHT,1.5,1.5,"CMD,-1.0,1.50",4.0,0.0032,3.79,0.023,1,0.9546,0,NORMAL,48.465,0.394,1,1,1,1,1,169.5,0,0,dijkstra,predict,0.84612,0,,,,,,0,,,,472549,253837,0
128,11.340307474136353,2026-03-06T11:17:38.911962,0.0,0.0,6.19,0.0,0.0,0.0,0.0,20.2,8.6,-0.369,-0.619,STRAIGHT,1.5,1.5,"CMD,-0.6,1.50",4.0,0.0032,3.79,0.023,1,0.9546,0,NORMAL,48.725,0.388,1,1,1,1,1,159.5,0,0,dijkstra,predict,0.83235,0,,,,,,0,,,,472549,249704,0
129,11.50987720489502,2026-03-06T11:17:39.081531,113.35,0.0,8.01,20.17,0.0,0.0,0.0,147.54,8.66,-0.207,-0.369,STRAIGHT,1.5,1.5,"CMD,-0.4,1.50",4.0,0.0029,4.0,0.023,1,0.9416,0,NORMAL,49.388,0.401,1,1,1,1,1,219.2,31,11,dijkstra,graph,0.88795,0,,,,,,0,,,,501451,265791,5046
130,11.552733421325684,2026-03-06T11:17:39.124388,0.0,0.0,0.0,0.0,0.0,0.0,0.0,22.44,8.67,-0.099,-0.207,STRAIGHT,1.5,1.5,"CMD,-0.2,1.50",4.0,0.0029,4.0,0.023,1,0.9416,0,NORMAL,49.61,0.372,1,1,1,1,1,209.2,0,0,dijkstra,predict,0.88425,0,,,,,,0,,,,501468,265274,0
131,11.600964546203613,2026-03-06T11:17:39.172618,0.0,0.0,4.14,0.0,0.0,0.0,0.0,18.16,8.63,-0.027,-0.099,STRAIGHT,1.5,1.5,"CMD,-0.1,1.50",4.0,0.0029,4.0,0.023,1,0.9416,0,NORMAL,49.616,0.352,1,1,1,1,1,199.2,0,0,dijkstra,predict,0.86934,0,,,,,,0,,,,501468,260803,0
132,11.64101266860962,2026-03-06T11:17:39.212667,2.0,0.0,0.0,0.0,0.0,0.0,0.0,16.02,8.65,0.022,-0.027,STRAIGHT,1.5,1.5,"CMD,-0.0,1.50",4.0,0.0029,4.0,0.023,1,0.9416,0,NORMAL,51.063,0.356,1,1,1,1,1,189.2,0,0,dijkstra,predict,0.85342,0,,,,,,0,,,,501468,256025,0
133,11.815600633621216,2026-03-06T11:17:39.387255,102.89,0.0,8.01,18.25,2.0,0.0,2.98,154.16,8.68,0.054,0.022,STRAIGHT,1.5,1.5,"CMD,0.0,1.50",4.0,0.0029,4.0,0.023,1,0.9827,0,NORMAL,51.385,0.372,1,1,1,1,1,216.9,29,11,dijkstra,graph,0.88068,0,,,,,,0,,,,503015,263652,5022
134,11.860729932785034,2026-03-06T11:17:39.432384,0.0,0.0,5.56,0.0,0.0,0.0,0.0,21.59,8.68,0.075,0.054,STRAIGHT,1.5,1.5,"CMD,0.1,1.50",4.0,0.0029,4.0,0.023,1,0.9827,0,NORMAL,52.622,0.34,1,1,1,1,1,206.9,0,0,dijkstra,predict,0.87715,0,,,,,,0,,,,503015,263144,0
135,11.903026342391968,2026-03-06T11:17:39.474680,2.0,0.0,0.0,0.0,0.0,0.0,0.0,18.02,8.69,0.089,0.075,STRAIGHT,1.5,1.5,"CMD,0.1,1.50",4.0,0.0029,4.0,0.023,1,0.9827,0,NORMAL,53.137,0.381,1,1,1,1,1,196.9,0,0,dijkstra,predict,0.86191,0,,,,,,0,,,,503015,258573,0
136,11.949790716171265,2026-03-06T11:17:39.521445,2.29,0.0,4.0,0.0,0.0,0.0,0.0,20.31,8.68,0.099,0.089,STRAIGHT,1.5,1.5,"CMD,0.1,1.50",4.0,0.0029,4.0,0.023,1,0.9827,0,NORMAL,53.67,0.395,1,1,1,1,1,186.9,0,0,dijkstra,predict,0.84556,0,,,,,,0,,,,503015,253669,0
137,12.133265495300293,2026-03-06T11:17:39.704920,115.09,0.0,8.01,20.51,0.0,0.0,2.0,157.7,8.7,0.105,0.099,STRAIGHT,1.5,1.5,"CMD,0.1,1.50",4.0,0.0029,4.0,0.023,1,0.9962,0,NORMAL,54.217,0.429,1,1,1,1,1,216.9,31,11,dijkstra,graph,0.88684,0,,,,,,0,,,,504888,265420,5042
138,12.175318479537964,2026-03-06T11:17:39.746973,0.0,0.0,4.01,0.0,0.0,0.0,0.0,20.03,8.72,0.109,0.105,STRAIGHT,1.5,1.5,"CMD,0.1,1.50",4.0,0.0029,4.0,0.023,1,0.9962,0,NORMAL,54.412,0.454,1,1,1,1,1,206.9,0,0,dijkstra,predict,0.88315,0,,,,,,0,,,,504888,264945,0
139,12.219374656677246,2026-03-06T11:17:39.791029,2.0,0.0,2.0,0.0,0.0,0.0,0.0,20.03,8.7,0.112,0.109,STRAIGHT,1.5,1.5,"CMD,0.1,1.50",4.0,0.0029,4.0,0.023,1,0.9962,0,NORMAL,55.408,0.435,1,1,1,1,1,196.9,0,0,dijkstra,predict,0.86938,0,,,,,,0,,,,504888,260814,0
140,12.258322954177856,2026-03-06T11:17:39.829977,0.0,0.0,0.0,0.0,0.0,0.0,0.0,14.92,8.73,0.114,0.112,STRAIGHT,1.5,1.5,"CMD,0.1,1.50",4.0,0.0029,4.0,0.023,1,0.9962,0,NORMAL,55.122,0.465,1,1,1,1,1,186.9,0,0,dijkstra,predict,0.85142,0,,,,,,0,,,,504888,255427,0
141,12.438553094863892,2026-03-06T11:17:40.010207,109.92,0.0,8.01,18.03,2.0,0.0,0.0,150.3,8.73,0.115,0.114,STRAIGHT,1.5,1.5,"CMD,0.1,1.50",4.0,0.0029,4.0,0.023,1,0.9922,0,NORMAL,54.929,0.461,1,1,1,1,1,216.9,30,11,dijkstra,graph,0.88653,0,,,,,,0,,,,506866,265352,5193
142,12.48260760307312,2026-03-06T11:17:40.054262,2.0,0.0,4.01,0.0,0.0,0.0,0.0,20.03,8.72,0.116,0.115,STRAIGHT,1.5,1.5,"CMD,0.1,1.50",4.0,0.0029,4.0,0.023,1,0.9922,0,NORMAL,55.872,0.47,1,1,1,1,1,206.9,0,0,dijkstra,predict,0.88294,0,,,,,,0,,,,506869,264881,0
143,12.531122922897339,2026-03-06T11:17:40.102777,2.0,0.0,2.0,0.0,0.0,0.0,0.0,22.49,9.09,0.117,0.116,STRAIGHT,1.5,1.5,"CMD,0.1,1.50",4.0,0.0029,4.0,0.023,1,0.9922,0,NORMAL,56.263,0.496,1,1,1,1,1,196.9,0,0,dijkstra,predict,0.86921,0,,,,,,0,,,,506869,260763,0
144,12.573176860809326,2026-03-06T11:17:40.144831,2.0,0.0,4.01,0.0,0.0,0.0,0.0,20.03,9.5,0.117,0.117,STRAIGHT,1.5,1.5,"CMD,0.1,1.50",4.0,0.0029,4.0,0.023,1,0.9922,0,NORMAL,56.758,0.465,1,1,1,1,1,186.9,0,0,dijkstra,predict,0.85133,0,,,,,,0,,,,506869,255398,0
145,12.75765323638916,2026-03-06T11:17:40.329308,114.25,0.0,8.01,20.03,0.0,0.0,0.0,156.44,9.49,0.117,0.117,STRAIGHT,1.5,1.5,"CMD,0.1,1.50",4.0,0.0029,4.0,0.023,1,0.9951,0,NORMAL,56.375,0.487,1,1,1,1,1,216.9,43,11,dijkstra,graph,0.89207,0,,,,,,0,,,,508158,266957,5195
146,12.801873207092285,2026-03-06T11:17:40.373527,2.0,0.0,2.0,0.0,0.0,0.0,1.74,20.19,9.94,0.117,0.117,STRAIGHT,1.5,1.5,"CMD,0.1,1.50",4.0,0.0029,4.0,0.023,1,0.9951,0,NORMAL,56.559,0.398,1,1,1,1,1,206.9,0,0,dijkstra,predict,0.88837,0,,,,,,0,,,,508275,266510,0
147,12.84379768371582,2026-03-06T11:17:40.415452,2.0,0.0,2.0,0.0,0.0,0.0,0.0,20.03,10.45,0.118,0.117,STRAIGHT,1.5,1.5,"CMD,0.1,1.50",4.0,0.0029,4.0,0.023,1,0.9951,0,NORMAL,56.336,0.354,1,1,1,1,1,196.9,0,0,dijkstra,predict,0.87659,0,,,,,,0,,,,508275,262977,0
148,12.88268494606018,2026-03-06T11:17:40.454339,0.0,0.0,0.0,0.0,0.0,0.0,0.0,20.51,11.01,0.118,0.118,STRAIGHT,1.5,1.5,"CMD,0.1,1.50",4.0,0.0029,4.0,0.023,1,0.9951,0,NORMAL,56.3,0.465,1,1,1,1,1,191.9,0,0,dijkstra,predict,0.86218,0,,,,,,0,,,,508275,258655,0
149,13.071087121963501,2026-03-06T11:17:40.642741,111.59,0.0,10.05,22.28,0.0,0.0,0.0,157.98,11.02,0.118,0.118,STRAIGHT,1.5,1.5,"CMD,0.1,1.50",4.0,0.0029,4.0,0.023,1,0.9965,0,NORMAL,57.938,0.44,1,1,1,1,1,216.9,32,11,dijkstra,graph,0.89535,0,,,,,,0,,,,508470,267910,5260
150,13.115219831466675,2026-03-06T11:17:40.686874,2.0,0.0,0.0,0.0,0.0,0.0,0.0,20.1,11.58,0.118,0.118,STRAIGHT,1.5,1.5,"CMD,0.1,1.50",4.0,0.0029,4.0,0.023,1,0.9965,0,NORMAL,57.582,0.472,1,1,1,1,1,206.9,0,0,dijkstra,predict,0.89159,0,,,,,,0,,,,508645,267476,0
151,13.1648588180542,2026-03-06T11:17:40.736513,0.0,0.0,4.97,0.0,0.0,0.0,0.0,20.73,12.25,0.118,0.118,STRAIGHT,1.5,1.5,"CMD,0.1,1.50",4.0,0.0029,4.0,0.023,1,0.9965,0,NORMAL,55.614,0.549,1,1,1,1,1,201.9,0,0,dijkstra,predict,0.88504,0,,,,,,0,,,,508645,265513,0
152,13.208705186843872,2026-03-06T11:17:40.780359,0.0,0.0,4.15,0.0,0.0,0.0,0.0,22.26,13.03,0.118,0.118,STRAIGHT,1.5,1.5,"CMD,0.1,1.50",4.0,0.0029,4.0,0.023,1,0.9965,0,NORMAL,51.762,0.516,1,1,1,1,1,196.9,0,0,dijkstra,predict,0.87099,0,,,,,,0,,,,508645,261298,0
153,13.395313024520874,2026-03-06T11:17:40.966967,111.49,0.0,9.01,18.3,2.0,0.0,0.0,158.26,12.24,0.118,0.118,STRAIGHT,1.5,1.5,"CMD,0.1,1.50",4.0,0.0029,4.0,0.023,1,0.9935,0,NORMAL,49.495,0.576,1,1,1,1,1,216.9,31,11,dijkstra,graph,0.9001,0,,,,,,0,,,,511534,269326,5210
154,13.443378925323486,2026-03-06T11:17:41.015033,2.0,0.0,2.0,0.0,0.0,0.0,0.0,20.03,12.95,0.118,0.118,STRAIGHT,1.5,1.5,"CMD,0.1,1.50",4.0,0.0029,4.0,0.023,1,0.9935,0,NORMAL,48.939,0.585,1,1,1,1,1,206.9,0,0,dijkstra,predict,0.89617,0,,,,,,0,,,,511815,268850,0
155,13.48185658454895,2026-03-06T11:17:41.053511,2.0,0.0,0.0,0.0,0.0,0.0,0.0,16.45,12.98,0.118,0.118,STRAIGHT,1.5,1.5,"CMD,0.1,1.50",4.0,0.0029,4.0,0.023,1,0.9935,0,NORMAL,48.571,0.588,1,1,1,1,1,201.9,0,0,dijkstra,predict,0.89154,0,,,,,,0,,,,511815,267462,0
156,13.528924703598022,2026-03-06T11:17:41.100579,2.0,0.0,4.01,0.0,0.0,0.0,0.0,18.62,12.96,0.118,0.118,STRAIGHT,1.5,1.5,"CMD,0.1,1.50",4.0,0.0029,4.0,0.023,1,0.9935,0,NORMAL,48.259,0.557,1,1,1,1,1,196.9,0,0,dijkstra,predict,0.87929,0,,,,,,0,,,,511815,263787,0
157,13.704668760299683,2026-03-06T11:17:41.276323,115.53,0.0,7.41,13.02,0.0,0.0,0.0,153.99,12.27,0.118,0.118,STRAIGHT,1.5,1.5,"CMD,0.1,1.50",4.0,0.0029,4.0,0.023,1,0.9825,0,NORMAL,47.597,0.538,1,1,1,1,1,203.2,27,11,dijkstra,graph,0.87568,0,,,,,,0,,,,504237,262090,5364
158,13.759292602539062,2026-03-06T11:17:41.330947,4.01,0.0,2.0,0.0,0.0,0.0,0.0,22.03,12.9,0.118,0.118,STRAIGHT,1.5,1.5,"CMD,0.1,1.50",4.0,0.0029,4.0,0.023,1,0.9825,0,NORMAL,47.482,0.422,1,1,1,1,1,193.2,0,0,dijkstra,predict,0.87211,0,,,,,,0,,,,504346,261634,0
159,13.803347826004028,2026-03-06T11:17:41.375002,2.0,0.0,4.01,0.0,0.0,0.0,0.0,20.03,12.89,0.118,0.118,STRAIGHT,1.5,1.5,"CMD,0.1,1.50",4.0,0.0029,4.0,0.023,1,0.9825,0,NORMAL,47.199,0.368,1,1,1,1,1,188.2,0,0,dijkstra,predict,0.86768,0,,,,,,0,,,,504346,260304,0
160,13.84740662574768,2026-03-06T11:17:41.419061,2.0,0.0,4.01,0.0,0.0,0.0,0.0,20.03,12.91,0.118,0.118,STRAIGHT,1.5,1.5,"CMD,0.1,1.50",4.0,0.0029,4.0,0.023,1,0.9825,0,NORMAL,47.149,0.362,1,1,1,1,1,183.2,0,0,dijkstra,predict,0.85558,0,,,,,,0,,,,504346,256675,0
161,14.028406858444214,2026-03-06T11:17:41.600061,113.63,0.0,8.01,10.01,8.15,0.0,0.0,157.84,12.15,0.12,0.118,STRAIGHT,1.5,1.5,"CMD,0.1,1.50",4.0,0.003,3.881,0.023,1,0.9796,0,NORMAL,47.946,0.391,1,1,1,1,1,194.1,33,11,dijkstra,graph,0.8506,0,,,,,,0,,,,494985,254654,5135
162,14.079473972320557,2026-03-06T11:17:41.651128,2.0,0.0,2.0,0.0,0.0,0.0,2.0,22.03,12.81,0.122,0.12,STRAIGHT,1.5,1.5,"CMD,0.1,1.50",4.0,0.003,3.881,0.023,1,0.9796,0,NORMAL,49.255,0.384,1,1,1,1,1,184.1,0,0,dijkstra,predict,0.84741,0,,,,,,0,,,,495121,254222,0
163,14.121934652328491,2026-03-06T11:17:41.693589,2.0,0.0,4.0,0.0,0.0,0.0,0.0,20.43,12.83,0.123,0.122,STRAIGHT,1.5,1.5,"CMD,0.1,1.50",4.0,0.003,3.881,0.023,1,0.9796,0,NORMAL,50.201,0.379,1,1,1,1,1,179.1,0,0,dijkstra,predict,0.84308,0,,,,,,0,,,,495121,252923,0
164,14.173746824264526,2026-03-06T11:17:41.745401,0.0,0.0,5.3,0.0,0.0,0.0,2.0,23.07,12.77,0.124,0.123,STRAIGHT,1.5,1.5,"CMD,0.1,1.50",4.0,0.003,3.881,0.023,1,0.9796,0,NORMAL,50.28,0.347,1,1,1,1,1,174.1,0,0,dijkstra,predict,0.83115,0,,,,,,0,,,,495121,249344,0
165,14.351882934570312,2026-03-06T11:17:41.923537,112.54,0.0,8.01,18.03,2.0,0.0,0.0,156.38,12.07,0.133,0.124,STRAIGHT,1.5,1.5,"CMD,0.1,1.50",4.0,0.0037,3.516,0.023,1,0.972,0,NORMAL,50.024,0.327,1,1,1,1,1,175.8,33,11,dijkstra,graph,0.81339,0,,,,,,0,,,,481649,243311,5005
166,14.398709774017334,2026-03-06T11:17:41.970364,2.0,0.0,0.0,0.0,0.0,0.0,0.0,16.02,12.83,0.14,0.133,STRAIGHT,1.5,1.5,"CMD,0.1,1.50",4.0,0.0037,3.516,0.023,1,0.972,0,NORMAL,50.124,0.32,1,1,1,1,1,165.8,0,0,dijkstra,predict,0.80989,0,,,,,,0,,,,481945,242968,0
167,14.439048528671265,2026-03-06T11:17:42.010703,0.0,0.0,3.74,0.0,0.0,0.0,0.0,18.31,12.81,0.144,0.14,STRAIGHT,1.5,1.5,"CMD,0.1,1.50",4.0,0.0037,3.516,0.023,1,0.972,0,NORMAL,50.032,0.293,1,1,1,1,1,160.8,0,0,dijkstra,predict,0.8056,0,,,,,,0,,,,481945,241680,0
168,14.491558313369751,2026-03-06T11:17:42.063212,0.0,0.0,6.09,0.0,0.0,0.0,0.0,22.46,12.77,0.147,0.144,STRAIGHT,1.5,1.5,"CMD,0.1,1.50",4.0,0.0037,3.516,0.023,1,0.972,0,NORMAL,50.007,0.292,1,1,1,1,1,155.8,0,0,dijkstra,predict,0.79386,0,,,,,,0,,,,481945,238157,0
169,14.665186882019043,2026-03-06T11:17:42.236841,112.6,0.0,6.01,16.21,2.0,0.0,0.0,151.6,12.05,0.154,0.147,STRAIGHT,1.5,1.5,"CMD,0.1,1.50",4.0,0.0041,3.333,0.023,1,0.9774,0,NORMAL,50.153,0.354,1,1,1,1,1,166.7,31,12,dijkstra,graph,0.79736,0,,,,,,0,,,,473578,238609,5154
170,14.711260557174683,2026-03-06T11:17:42.282915,2.0,0.0,4.01,0.0,0.0,0.0,0.0,22.04,12.76,0.159,0.154,STRAIGHT,1.5,1.5,"CMD,0.2,1.50",4.0,0.0041,3.333,0.023,1,0.9774,0,NORMAL,50.009,0.31,1,1,1,1,1,156.7,0,0,dijkstra,predict,0.79422,0,,,,,,0,,,,475361,238265,0
171,14.758094787597656,2026-03-06T11:17:42.329749,2.67,0.0,2.0,0.0,0.0,0.0,0.0,26.81,12.74,0.163,0.159,STRAIGHT,1.5,1.5,"CMD,0.2,1.50",4.0,0.0041,3.333,0.023,1,0.9774,0,NORMAL,50.023,0.249,1,1,1,1,1,151.7,0,0,dijkstra,predict,0.79008,0,,,,,,0,,,,475361,237024,0
172,14.799885749816895,2026-03-06T11:17:42.371540,2.0,0.0,2.0,0.0,0.0,0.0,0.0,20.03,12.78,0.165,0.163,STRAIGHT,1.5,1.5,"CMD,0.2,1.50",4.0,0.0041,3.333,0.023,1,0.9774,0,NORMAL,50.107,0.218,1,1,1,1,1,146.7,0,0,dijkstra,predict,0.77835,0,,,,,,0,,,,475361,233505,0
173,14.973155498504639,2026-03-06T11:17:42.544810,118.05,0.0,2.0,20.81,0.0,0.0,0.0,151.24,12.08,0.186,0.165,STRAIGHT,1.5,1.5,"CMD,0.2,1.50",4.0,0.0055,2.877,0.023,1,0.9503,0,NORMAL,50.229,0.173,1,1,1,1,1,143.8,27,11,dijkstra,graph,0.75056,0,,,,,,0,,,,450822,224446,4853
174,15.022236585617065,2026-03-06T11:17:42.593891,2.26,0.0,4.01,0.0,0.0,0.0,0.0,22.28,12.79,0.2,0.186,STRAIGHT,1.5,1.5,"CMD,0.2,1.50",4.0,0.0055,2.877,0.023,1,0.9503,0,NORMAL,50.335,0.174,1,1,1,1,1,133.8,0,0,dijkstra,predict,0.74739,0,,,,,,0,,,,452088,224217,0
175,15.071669578552246,2026-03-06T11:17:42.643324,3.85,0.0,4.01,0.0,0.0,0.0,0.0,25.66,12.78,0.209,0.2,STRAIGHT,1.5,1.5,"CMD,0.2,1.50",4.0,0.0055,2.877,0.023,1,0.9503,0,NORMAL,50.575,0.116,1,1,1,1,1,128.8,0,0,dijkstra,predict,0.74351,0,,,,,,0,,,,452088,223053,0
176,15.11360216140747,2026-03-06T11:17:42.685256,2.0,0.0,2.0,0.0,0.0,0.0,0.0,19.91,12.78,0.215,0.209,STRAIGHT,1.5,1.5,"CMD,0.2,1.50",4.0,0.0055,2.877,0.023,1,0.9503,0,NORMAL,50.846,0.069,1,1,1,1,1,123.8,0,0,dijkstra,predict,0.732,0,,,,,,0,,,,452088,219601,0
177,15.291418552398682,2026-03-06T11:17:42.863072,119.3,0.0,8.01,14.02,2.0,0.0,0.0,153.79,12.04,0.236,0.215,STRAIGHT,1.5,1.5,"CMD,0.2,1.50",4.0,0.0067,2.603,0.023,1,0.959,0,NORMAL,51.318,0.01,1,1,1,1,1,130.1,34,10,dijkstra,graph,0.72388,0,,,,,,0,,,,433453,216615,4611
178,15.33391785621643,2026-03-06T11:17:42.905572,2.0,0.0,4.01,0.0,0.0,0.0,0.0,20.47,12.8,0.25,0.236,STRAIGHT,1.5,1.5,"CMD,0.2,1.50",4.0,0.0067,2.603,0.023,1,0.959,0,NORMAL,51.574,-0.003,1,1,1,1,1,120.1,0,0,dijkstra,predict,0.72123,0,,,,,,0,,,,434001,216369,0
179,15.375856399536133,2026-03-06T11:17:42.947511,2.0,0.0,4.0,0.0,0.0,0.0,0.0,20.03,12.83,0.259,0.25,STRAIGHT,1.5,1.5,"CMD,0.3,1.50",4.0,0.0067,2.603,0.023,1,0.959,0,NORMAL,51.74,0.015,1,1,1,1,1,115.1,0,0,dijkstra,predict,0.71754,0,,,,,,0,,,,434001,215262,0
180,15.419923067092896,2026-03-06T11:17:42.991577,2.0,0.0,2.0,0.0,0.0,0.0,0.0,20.03,12.86,0.266,0.259,STRAIGHT,1.5,1.5,"CMD,0.3,1.50",4.0,0.0067,2.603,0.023,1,0.959,0,NORMAL,52.045,0.01,1,1,1,1,1,110.1,0,0,dijkstra,predict,0.70621,0,,,,,,0,,,,434001,211864,0
181,15.603481531143188,2026-03-06T11:17:43.175136,116.08,0.0,9.55,13.02,2.0,0.0,0.0,159.53,12.11,0.288,0.266,STRAIGHT,1.5,1.5,"CMD,0.3,1.50",4.0,0.0081,2.374,0.023,1,0.9513,0,NORMAL,52.843,-0.062,1,1,1,1,1,118.7,39,12,dijkstra,graph,0.69207,0,,,,,,0,,,,413363,207001,4316
182,15.649966478347778,2026-03-06T11:17:43.221620,0.0,0.0,6.02,0.0,0.0,0.0,0.0,20.45,12.86,0.304,0.288,STRAIGHT,1.5,1.5,"CMD,0.3,1.50",4.0,0.0081,2.374,0.023,1,0.9513,0,NORMAL,53.169,-0.121,1,1,1,1,1,108.7,0,0,dijkstra,predict,0.68971,0,,,,,,0,,,,413774,206913,0
183,15.698123931884766,2026-03-06T11:17:43.269778,0.0,0.0,4.01,0.0,0.0,0.0,0.0,20.11,12.86,0.314,0.304,STRAIGHT,1.5,1.5,"CMD,0.3,1.50",4.0,0.0081,2.374,0.023,1,0.9513,0,NORMAL,53.095,-0.052,1,1,1,1,1,103.7,0,0,dijkstra,predict,0.68588,0,,,,,,0,,,,413774,205763,0
184,15.747522592544556,2026-03-06T11:17:43.319177,2.0,0.0,2.0,0.0,0.0,0.0,0.0,21.54,12.8,0.321,0.314,STRAIGHT,1.5,1.5,"CMD,0.3,1.50",4.0,0.0081,2.374,0.023,1,0.9513,0,NORMAL,53.155,-0.034,1,1,1,1,1,98.7,0,0,dijkstra,predict,0.67471,0,,,,,,0,,,,413774,202413,0
185,15.929391145706177,2026-03-06T11:17:43.501045,119.05,0.0,8.01,18.37,0.0,0.0,0.0,158.49,12.08,0.33,0.321,STRAIGHT,1.5,1.5,"CMD,0.3,1.50",4.0,0.0084,2.329,0.023,1,0.9529,0,NORMAL,54.056,-0.09,1,1,1,1,1,116.4,42,11,dijkstra,graph,0.67638,0,,,,,,0,,,,396479,202224,4618
186,15.977397441864014,2026-03-06T11:17:43.549052,0.0,0.0,5.34,0.0,0.0,0.0,0.0,20.36,12.76,0.335,0.33,STRAIGHT,1.5,1.5,"CMD,0.3,1.50",4.0,0.0084,2.329,0.023,1,0.9529,0,NORMAL,54.6,-0.124,1,1,1,1,1,106.4,0,0,dijkstra,predict,0.67347,0,,,,,,0,,,,397682,202040,0
187,16.018452405929565,2026-03-06T11:17:43.590106,2.0,0.0,4.01,0.0,0.0,0.0,0.0,20.03,12.83,0.339,0.335,STRAIGHT,1.5,1.5,"CMD,0.3,1.50",4.0,0.0084,2.329,0.023,1,0.9529,0,NORMAL,54.736,-0.167,1,1,1,1,1,101.4,0,0,dijkstra,predict,0.67017,0,,,,,,0,,,,397682,201050,0
188,16.060697555541992,2026-03-06T11:17:43.632352,0.0,0.0,4.01,0.0,0.0,0.0,0.0,20.22,12.85,0.342,0.339,STRAIGHT,1.5,1.5,"CMD,0.3,1.50",4.0,0.0084,2.329,0.023,1,0.9529,0,NORMAL,55.202,-0.189,1,1,1,1,1,96.4,0,0,dijkstra,predict,0.65905,0,,,,,,0,,,,397682,197715,0
189,16.240255117416382,2026-03-06T11:17:43.811909,112.84,0.0,8.02,16.02,0.0,0.0,0.0,157.53,12.12,0.359,0.342,STRAIGHT,1.5,1.5,"CMD,0.3,1.50",4.0,0.0095,2.192,0.023,1,0.9246,0,NORMAL,55.919,-0.114,1,1,1,1,1,109.6,57,11,dijkstra,graph,0.64469,0,,,,,,0,,,,368263,192622,4144
190,16.28230929374695,2026-03-06T11:17:43.853963,2.0,0.0,4.01,0.0,0.0,0.0,0.0,20.03,12.87,0.37,0.359,STRAIGHT,1.5,1.5,"CMD,0.4,1.50",4.0,0.0095,2.192,0.023,1,0.9246,0,NORMAL,56.324,-0.129,1,1,1,1,1,99.6,0,0,dijkstra,predict,0.64195,0,,,,,,0,,,,368835,192585,0
191,16.324570894241333,2026-03-06T11:17:43.896225,2.0,0.0,2.0,0.0,0.0,0.0,0.0,20.03,12.92,0.377,0.37,STRAIGHT,1.5,1.5,"CMD,0.4,1.50",4.0,0.0095,2.192,0.023,1,0.9246,0,NORMAL,56.436,-0.075,1,1,1,1,1,94.6,0,0,dijkstra,predict,0.63857,0,,,,,,0,,,,368835,191572,0
192,16.36509656906128,2026-03-06T11:17:43.936751,2.0,0.0,2.0,0.0,0.0,0.0,0.0,18.5,12.93,0.382,0.377,STRAIGHT,1.5,1.5,"CMD,0.4,1.50",4.0,0.0095,2.192,0.023,1,0.9246,0,NORMAL,56.425,-0.009,1,1,1,1,1,89.6,0,0,dijkstra,predict,0.6277,0,,,,,,0,,,,368835,188311,0
193,16.542537212371826,2026-03-06T11:17:44.114191,110.92,0.0,7.25,15.03,2.0,0.0,0.0,155.41,12.24,0.391,0.382,STRAIGHT,1.5,1.5,"CMD,0.4,1.50",4.0,0.0099,2.146,0.023,1,0.892,0,NORMAL,56.164,0.037,1,1,1,1,1,107.3,65,12,dijkstra,graph,0.60341,0,,,,,,0,,,,329868,180337,4101
194,16.5849928855896,2026-03-06T11:17:44.156647,0.0,0.0,5.45,0.0,0.0,0.0,0.0,22.43,12.99,0.397,0.391,STRAIGHT,1.5,1.5,"CMD,0.4,1.50",4.0,0.0099,2.146,0.023,1,0.892,0,NORMAL,55.665,0.124,1,1,1,1,1,97.3,0,0,dijkstra,predict,0.60157,0,,,,,,0,,,,330240,180471,0
195,16.625160217285156,2026-03-06T11:17:44.196814,0.0,0.0,4.12,0.0,0.0,0.0,0.0,18.14,13.0,0.401,0.397,STRAIGHT,1.5,1.5,"CMD,0.4,1.50",4.0,0.0099,2.146,0.023,1,0.892,0,NORMAL,54.695,0.192,1,1,1,1,1,92.3,0,0,dijkstra,predict,0.5982,0,,,,,,0,,,,330240,179459,0
196,16.66553258895874,2026-03-06T11:17:44.237187,0.0,0.0,4.18,0.0,0.0,0.0,0.0,18.2,13.03,0.404,0.401,STRAIGHT,1.5,1.5,"CMD,0.4,1.50",4.0,0.0099,2.146,0.023,1,0.892,0,NORMAL,54.838,0.2,1,1,1,1,1,87.3,0,0,dijkstra,predict,0.58797,0,,,,,,0,,,,330240,176392,0
197,16.84512448310852,2026-03-06T11:17:44.416779,110.84,0.0,8.01,18.03,2.0,0.0,0.0,158.91,12.31,0.4,0.401,STRAIGHT,1.5,1.5,"CMD,0.4,1.50",4.0,0.0095,2.192,0.023,1,0.7863,0,NORMAL,54.822,0.25,1,1,1,1,1,109.6,85,9,dijkstra,graph,0.57455,0,,,,,,0,,,,268431,171713,3708
198,16.887097597122192,2026-03-06T11:17:44.458752,2.0,0.0,3.74,0.0,0.0,0.0,0.0,21.95,13.05,0.397,0.4,STRAIGHT,1.5,1.5,"CMD,0.4,1.50",4.0,0.0095,2.192,0.023,1,0.7863,0,NORMAL,54.843,0.249,1,1,1,1,1,99.6,0,0,dijkstra,predict,0.57229,0,,,,,,0,,,,269447,171687,0
199,16.927249908447266,2026-03-06T11:17:44.498904,3.05,0.0,3.01,0.0,0.0,0.0,0.0,26.13,13.09,0.395,0.397,STRAIGHT,1.5,1.5,"CMD,0.4,1.50",4.0,0.0095,2.192,0.023,1,0.7863,0,NORMAL,55.257,0.222,1,1,1,1,1,94.6,0,0,dijkstra,predict,0.57036,0,,,,,,0,,,,269447,171109,0
200,16.967827796936035,2026-03-06T11:17:44.539482,2.0,0.0,0.0,0.0,0.0,0.0,0.0,20.13,13.12,0.394,0.395,STRAIGHT,1.5,1.5,"CMD,0.4,1.50",4.0,0.0095,2.192,0.023,1,0.7863,0,NORMAL,54.902,0.212,1,1,1,1,1,89.6,0,0,dijkstra,predict,0.56161,0,,,,,,0,,,,269447,168482,0
201,17.150755405426025,2026-03-06T11:17:44.722410,116.28,0.0,8.01,16.03,0.0,0.0,0.0,160.35,12.34,0.394,0.394,STRAIGHT,1.5,1.5,"CMD,0.4,1.50",4.0,0.0095,2.192,0.023,1,0.7738,0,NORMAL,50.824,0.137,1,1,1,1,1,109.6,56,5,dijkstra,graph,0.52457,0,,,,,,0,,,,210331,156834,2557
202,17.193148374557495,2026-03-06T11:17:44.764802,1.74,0.0,4.01,0.0,0.0,0.0,0.0,22.37,13.06,0.393,0.394,STRAIGHT,1.5,1.5,"CMD,0.4,1.50",4.0,0.0095,2.192,0.023,1,0.7738,0,NORMAL,50.204,0.1,1,1,1,1,1,99.6,0,0,dijkstra,predict,0.52354,0,,,,,,0,,,,210945,157061,0
203,17.23156237602234,2026-03-06T11:17:44.803216,3.35,0.0,3.01,0.0,0.0,0.0,0.0,18.39,13.14,0.393,0.393,STRAIGHT,1.5,1.5,"CMD,0.4,1.50",4.0,0.0095,2.192,0.023,1,0.7738,0,NORMAL,50.282,0.073,1,1,1,1,1,94.6,0,0,dijkstra,predict,0.52137,0,,,,,,0,,,,210945,156410,0
204,17.27523636817932,2026-03-06T11:17:44.846891,0.0,0.0,5.54,0.0,0.0,0.0,0.0,21.65,13.16,0.392,0.393,STRAIGHT,1.5,1.5,"CMD,0.4,1.50",4.0,0.0095,2.192,0.023,1,0.7738,0,NORMAL,50.346,0.047,1,1,1,1,1,89.6,0,0,dijkstra,predict,0.51536,0,,,,,,0,,,,210945,154608,0
205,17.45068860054016,2026-03-06T11:17:45.022343,115.12,0.0,6.01,13.96,0.0,0.0,2.0,157.43,12.41,0.404,0.393,STRAIGHT,1.5,1.5,"CMD,0.4,1.50",4.0,0.0104,2.1,0.023,1,0.963,0,NORMAL,50.163,-0.002,1,1,1,1,1,105.0,59,6,dijkstra,graph,0.51581,0,,,,,,0,,,,207781,154302,2618
206,17.486741304397583,2026-03-06T11:17:45.058395,2.0,0.0,2.0,0.0,0.0,0.0,0.0,18.03,13.21,0.412,0.404,STRAIGHT,1.5,1.5,"CMD,0.4,1.50",4.0,0.0104,2.1,0.023,1,0.963,0,NORMAL,50.108,0.016,1,1,1,1,1,95.0,0,0,dijkstra,predict,0.51554,0,,,,,,0,,,,207888,154663,0
207,17.522786140441895,2026-03-06T11:17:45.094440,0.0,0.0,0.0,0.0,0.0,0.0,0.0,16.02,13.25,0.417,0.412,STRAIGHT,1.5,1.5,"CMD,0.4,1.50",4.0,0.0104,2.1,0.023,1,0.963,0,NORMAL,50.12,0.077,1,1,1,1,1,90.0,0,0,dijkstra,predict,0.51279,0,,,,,,0,,,,207888,153838,0
208,17.569164752960205,2026-03-06T11:17:45.140819,2.0,0.0,4.01,0.0,0.0,0.0,0.0,22.5,13.22,0.42,0.417,STRAIGHT,1.5,1.5,"CMD,0.4,1.50",4.0,0.0104,2.1,0.023,1,0.963,0,NORMAL,50.178,0.102,1,1,1,1,1,85.0,0,0,dijkstra,predict,0.50711,0,,,,,,0,,,,207888,152134,0
209,17.74174189567566,2026-03-06T11:17:45.313396,107.33,0.0,6.01,14.04,0.0,0.0,0.0,152.55,12.49,0.401,0.417,STRAIGHT,1.5,1.5,"CMD,0.4,1.50",4.0,0.0088,2.283,0.023,1,0.9056,0,NORMAL,50.267,0.081,1,1,1,1,1,114.2,89,8,dijkstra,graph,0.56787,0,,,,,,0,,,,219368,169782,3446
210,17.77712607383728,2026-03-06T11:17:45.348780,0.0,0.0,0.0,0.0,0.0,0.0,0.0,23.87,13.34,0.388,0.401,STRAIGHT,1.5,1.5,"CMD,0.4,1.50",4.0,0.0088,2.283,0.023,1,0.9056,0,NORMAL,50.277,0.047,1,1,1,1,1,104.2,0,0,dijkstra,predict,0.56633,0,,,,,,0,,,,220130,169900,0
211,17.820952892303467,2026-03-06T11:17:45.392607,2.0,0.0,2.0,0.0,0.0,0.0,0.0,19.85,13.36,0.379,0.388,STRAIGHT,1.5,1.5,"CMD,0.4,1.50",4.0,0.0088,2.283,0.023,1,0.9056,0,NORMAL,50.002,0.033,1,1,1,1,1,99.2,0,0,dijkstra,predict,0.56426,0,,,,,,0,,,,220130,169279,0
212,17.860743045806885,2026-03-06T11:17:45.432397,2.0,0.0,2.0,0.0,0.0,0.0,2.0,20.03,13.41,0.373,0.379,STRAIGHT,1.5,1.5,"CMD,0.4,1.50",4.0,0.0088,2.283,0.023,1,0.9056,0,NORMAL,50.015,0.068,1,1,1,1,1,94.2,0,0,dijkstra,predict,0.55928,0,,,,,,0,,,,220130,167784,0
213,18.035409212112427,2026-03-06T11:17:45.607063,108.53,0.0,8.01,20.08,2.0,0.0,0.0,156.64,12.68,0.348,0.373,STRAIGHT,1.5,1.5,"CMD,0.4,1.50",4.0,0.0072,2.511,0.023,1,0.8986,0,NORMAL,50.059,0.057,1,1,1,1,1,125.6,96,8,dijkstra,graph,0.55983,0,,,,,,0,,,,223736,167508,3120
214,18.07947087287903,2026-03-06T11:17:45.651125,2.0,0.0,2.0,0.0,0.0,0.0,2.0,22.03,13.49,0.332,0.348,STRAIGHT,1.5,1.5,"CMD,0.3,1.50",4.0,0.0072,2.511,0.023,1,0.8986,0,NORMAL,50.099,0.055,1,1,1,1,1,115.6,0,0,dijkstra,predict,0.55926,0,,,,,,0,,,,226629,167777,0
215,18.117834091186523,2026-03-06T11:17:45.689488,2.0,0.0,3.01,0.0,0.0,0.0,0.0,20.34,13.55,0.321,0.332,STRAIGHT,1.5,1.5,"CMD,0.3,1.50",4.0,0.0072,2.511,0.023,1,0.8986,0,NORMAL,50.038,0.043,1,1,1,1,1,110.6,0,0,dijkstra,predict,0.55709,0,,,,,,0,,,,226629,167126,0
216,18.162224769592285,2026-03-06T11:17:45.733879,2.0,0.0,4.0,0.0,0.0,0.0,0.0,22.36,13.53,0.313,0.321,STRAIGHT,1.5,1.5,"CMD,0.3,1.50",4.0,0.0072,2.511,0.023,1,0.8986,0,NORMAL,50.09,0.101,1,1,1,1,1,105.6,0,0,dijkstra,predict,0.5506,0,,,,,,0,,,,226629,165181,0
217,18.34764814376831,2026-03-06T11:17:45.919302,115.44,0.0,6.01,27.73,0.0,0.0,0.0,167.4,12.68,0.1,0.313,STRAIGHT,1.5,1.5,"CMD,0.3,1.50",4.0,-0.0079,2.877,-0.033,1,0.8661,0,NORMAL,50.022,0.383,1,1,1,1,1,144.1,124,9,dijkstra,graph,0.57122,0,,,,,,0,,,,211104,170807,3705
218,18.387702703475952,2026-03-06T11:17:45.959357,2.0,0.0,4.0,0.0,0.0,0.0,0.0,20.03,13.5,-0.042,0.1,STRAIGHT,1.5,1.5,"CMD,0.1,1.50",4.0,-0.0079,2.877,-0.033,1,0.8661,0,NORMAL,50.077,-0.395,1,1,1,1,1,134.1,0,0,dijkstra,predict,0.56927,0,,,,,,0,,,,211400,170781,0
219,18.427753686904907,2026-03-06T11:17:45.999408,2.0,0.0,4.01,0.0,0.0,0.0,0.0,20.03,13.52,-0.137,-0.042,STRAIGHT,1.5,1.5,"CMD,-0.0,1.50",4.0,-0.0079,2.877,-0.033,1,0.8661,0,NORMAL,50.258,-0.854,1,1,1,1,1,129.1,0,0,dijkstra,predict,0.56708,0,,,,,,0,,,,211400,170124,0
220,18.467973470687866,2026-03-06T11:17:46.039628,0.0,0.0,5.89,0.0,0.0,0.0,0.0,20.19,13.53,-0.2,-0.137,STRAIGHT,1.5,1.5,"CMD,-0.1,1.50",4.0,-0.0079,2.877,-0.033,1,0.8661,0,NORMAL,55.139,-1.118,1,1,1,1,1,124.1,0,0,dijkstra,predict,0.56245,0,,,,,,0,,,,211400,168735,0
221,18.643800973892212,2026-03-06T11:17:46.215455,108.26,0.0,9.02,12.02,2.0,0.0,0.0,151.33,12.73,0.113,-0.137,STRAIGHT,1.5,1.5,"CMD,-0.1,1.50",4.0,0.0179,2.603,0.061,1,0.6855,0,NORMAL,56.412,-1.087,1,1,1,1,1,130.7,46,9,dijkstra,graph,0.46957,0,,,,,,0,,,,147958,140652,2479
222,18.681958198547363,2026-03-06T11:17:46.253612,0.0,0.0,4.11,0.0,0.0,0.0,0.0,22.13,13.56,0.322,0.113,STRAIGHT,1.5,1.5,"CMD,0.1,1.50",4.0,0.0179,2.603,0.061,1,0.6855,0,NORMAL,62.77,-1.131,1,1,1,1,1,120.7,0,0,dijkstra,predict,0.46915,0,,,,,,0,,,,148013,140744,0
223,18.720126390457153,2026-03-06T11:17:46.291780,0.0,0.0,6.21,0.0,0.0,0.0,0.0,22.15,13.58,0.462,0.322,STRAIGHT,1.5,1.5,"CMD,0.3,1.50",4.0,0.0179,2.603,0.061,1,0.6855,0,NORMAL,63.819,-1.087,1,1,1,1,1,115.7,0,0,dijkstra,predict,0.46913,0,,,,,,0,,,,148013,140738,0
224,18.752942323684692,2026-03-06T11:17:46.324596,0.0,0.0,0.0,0.0,0.0,0.0,0.0,22.64,13.63,0.554,0.462,STRAIGHT,1.5,1.5,"CMD,0.5,1.50",4.0,0.0179,2.603,0.061,1,0.6855,0,NORMAL,62.819,-1.068,1,1,1,1,1,110.7,0,0,dijkstra,predict,0.46904,0,,,,,,0,,,,148013,140713,0
225,18.930386304855347,2026-03-06T11:17:46.502040,109.18,0.0,8.01,20.14,0.0,0.0,2.0,155.42,12.8,0.616,0.554,STRAIGHT,1.5,1.5,"CMD,0.6,1.50",4.0,0.0179,2.603,0.061,1,0.7416,0,NORMAL,70.711,-1.008,1,1,1,1,2,104.6,103,7,dijkstra,graph,0.47033,0,,,,,,0,,,,162332,140924,2609
226,18.962655305862427,2026-03-06T11:17:46.534309,0.0,0.0,0.0,0.0,0.0,0.0,0.0,20.25,13.7,0.658,0.616,STRAIGHT,1.5,1.5,"CMD,0.6,1.50",4.0,0.0179,2.603,0.061,1,0.7416,0,NORMAL,70.711,-0.966,1,1,1,1,1,104.4,0,0,dijkstra,predict,0.48025,0,,,,,,0,,,,162427,144074,0
227,19.140899419784546,2026-03-06T11:17:46.712553,106.19,0.0,6.01,20.03,0.0,0.0,0.0,154.26,12.87,-3.001,0.616,STRAIGHT,1.5,1.5,"CMD,0.6,1.50",2.121,-0.2528,1.984,-0.534,1,0.6585,0,NORMAL,70.711,-0.913,1,1,1,1,1,115.6,116,8,dijkstra,graph,0.46483,0,,,,,,0,,,,203365,139157,2934
228,19.32595467567444,2026-03-06T11:17:46.897609,110.3,0.0,6.01,20.03,12.02,0.0,0.0,166.92,12.09,-2.385,-2.385,STRAIGHT,1.5,1.5,"CMD,-2.4,1.50",3.868,-0.0279,3.857,-0.209,1,0.7797,0,NORMAL,70.711,-0.845,1,1,1,1,1,224.9,119,13,dijkstra,fallback_centerline,0.47562,0,,,,,,0,,,,219113,142476,3914
229,19.368404388427734,2026-03-06T11:17:46.940058,2.36,0.0,2.0,0.0,0.0,0.0,0.0,24.43,12.08,-1.974,-2.385,STRAIGHT,1.5,1.5,"CMD,-2.4,1.50",3.868,-0.0279,3.857,-0.209,1,0.7797,0,NORMAL,70.711,-0.783,1,1,1,1,1,224.9,0,0,dijkstra,predict,0.47359,0,,,,,,0,,,,219135,142077,0
230,19.412469387054443,2026-03-06T11:17:46.984124,2.0,0.0,4.01,0.0,0.0,0.0,0.0,24.04,12.82,-1.7,-1.974,STRAIGHT,1.5,1.5,"CMD,-2.0,1.50",3.868,-0.0279,3.857,-0.209,1,0.7797,0,NORMAL,70.711,-0.688,1,1,1,1,1,214.9,0,0,dijkstra,predict,0.46711,0,,,,,,0,,,,219135,140134,0
231,19.454521656036377,2026-03-06T11:17:47.026176,2.0,0.0,3.74,0.0,0.0,0.0,0.0,22.08,12.82,-1.518,-1.7,STRAIGHT,1.5,1.5,"CMD,-1.7,1.50",3.868,-0.0279,3.857,-0.209,1,0.7797,0,NORMAL,70.711,-0.636,1,1,1,1,1,209.9,0,0,dijkstra,predict,0.45823,0,,,,,,0,,,,219135,137469,0
232,19.622414350509644,2026-03-06T11:17:47.194068,109.1,0.0,6.01,16.42,2.0,0.0,0.0,149.87,12.12,-1.396,-1.518,STRAIGHT,1.5,1.5,"CMD,-1.5,1.50",3.868,-0.0279,3.857,-0.209,1,0.7212,0,NORMAL,70.711,-0.583,1,1,1,1,1,121.2,93,7,dijkstra,graph,0.43209,0,,,,,,0,,,,176645,129521,2543
233,19.78763175010681,2026-03-06T11:17:47.359286,104.95,0.0,5.75,18.31,0.0,0.0,0.0,147.19,11.54,-2.054,-1.518,STRAIGHT,1.5,1.5,"CMD,-1.5,1.50",2.194,-0.0818,2.146,-0.19,1,0.6773,0,NORMAL,70.711,-0.576,1,1,1,1,1,112.7,100,10,dijkstra,graph,0.50062,0,,,,,,0,,,,257231,149790,3491
234,19.827872276306152,2026-03-06T11:17:47.399527,2.0,0.0,2.0,0.0,0.0,0.0,0.0,18.02,12.2,-2.493,-2.054,STRAIGHT,1.5,1.5,"CMD,-2.1,1.50",2.194,-0.0818,2.146,-0.19,1,0.6773,0,NORMAL,68.031,-0.559,1,1,1,1,1,102.6,0,0,dijkstra,predict,0.4984,0,,,,,,0,,,,260518,149519,0
235,19.99722385406494,2026-03-06T11:17:47.568878,105.07,0.0,6.45,15.76,0.0,0.0,0.0,147.31,11.55,-5.931,-2.493,STRAIGHT,1.5,1.5,"CMD,-2.5,1.50",1.719,-0.3158,1.576,-0.42,1,0.8442,0,NORMAL,65.764,-0.496,1,1,1,1,1,106.4,88,10,dijkstra,graph,0.44748,0,,,,,,0,,,,219311,133838,2557
236,20.17169976234436,2026-03-06T11:17:47.743354,108.39,0.0,8.01,18.02,0.0,0.0,0.0,154.45,10.95,-3.665,-3.665,STRAIGHT,1.5,1.5,"CMD,-3.7,1.50",2.194,0.0211,2.194,0.051,1,0.7763,0,NORMAL,58.285,-0.368,1,1,1,1,1,131.1,101,8,dijkstra,graph,0.42663,0,,,,,,0,,,,175673,127744,2555
237,20.2095730304718,2026-03-06T11:17:47.781227,2.0,0.0,0.0,0.0,0.0,0.0,0.0,19.85,10.98,-2.225,-3.665,STRAIGHT,1.5,1.5,"CMD,-3.7,1.50",4.0,0.0159,2.603,0.054,1,0.7763,0,NORMAL,56.577,-0.328,1,1,1,1,1,120.9,0,0,dijkstra,predict,0.42574,0,,,,,,0,,,,178260,127721,0
238,20.254250049591064,2026-03-06T11:17:47.825904,2.0,0.0,4.01,0.0,0.0,0.0,0.0,22.03,11.54,-1.264,-2.225,STRAIGHT,1.5,1.5,"CMD,-2.2,1.50",4.0,0.0159,2.603,0.054,1,0.7763,0,NORMAL,55.112,-0.241,1,1,1,1,1,115.9,0,0,dijkstra,predict,0.4233,0,,,,,,0,,,,178260,126991,0
239,20.29076600074768,2026-03-06T11:17:47.862420,2.0,0.0,4.0,0.0,0.0,0.0,0.0,20.5,11.54,-0.624,-1.264,STRAIGHT,1.5,1.5,"CMD,-1.3,1.50",4.0,0.0159,2.603,0.054,1,0.7763,0,NORMAL,53.79,-0.147,1,1,1,1,1,105.9,0,0,dijkstra,predict,0.41887,0,,,,,,0,,,,178260,125660,0
240,20.471962690353394,2026-03-06T11:17:48.043617,106.58,0.0,10.23,15.53,12.02,0.0,0.0,165.18,10.94,-0.844,-0.844,STRAIGHT,1.5,1.5,"CMD,-0.8,1.50",2.379,-0.0311,2.343,-0.085,1,0.6251,0,NORMAL,52.741,-0.113,1,1,1,1,1,222.2,72,6,dijkstra,fallback_centerline,0.29893,0,,,,,,0,,,,109849,89637,1510
241,20.512519598007202,2026-03-06T11:17:48.084174,0.0,0.0,5.45,0.0,0.0,0.0,0.0,20.25,10.94,-0.99,-0.844,STRAIGHT,1.5,1.5,"CMD,-0.8,1.50",2.379,-0.0311,2.343,-0.085,1,0.6251,0,NORMAL,52.587,-0.061,1,1,1,1,1,222.2,0,0,dijkstra,predict,0.31233,0,,,,,,0,,,,110165,93699,0
242,20.67353916168213,2026-03-06T11:17:48.245193,106.42,0.0,7.82,8.01,6.18,0.0,0.0,145.46,10.99,-0.518,-0.844,STRAIGHT,1.5,1.5,"CMD,-0.8,1.50",4.0,0.0104,2.1,0.023,1,0.5921,0,NORMAL,52.004,0.025,1,1,1,1,1,105.0,47,3,dijkstra,graph,0.39622,0,,,,,,0,,,,183252,118521,1754
243,20.7140371799469,2026-03-06T11:17:48.285691,2.0,0.0,4.01,0.0,0.0,0.0,0.0,20.03,11.01,-0.203,-0.518,STRAIGHT,1.5,1.5,"CMD,-0.5,1.50",4.0,0.0104,2.1,0.023,1,0.5921,0,NORMAL,51.422,0.023,1,1,1,1,1,95.0,0,0,dijkstra,predict,0.39472,0,,,,,,0,,,,187957,118415,0
244,20.75744342803955,2026-03-06T11:17:48.329098,2.0,0.0,2.0,0.0,0.0,0.0,0.0,23.38,10.99,0.007,-0.203,STRAIGHT,1.5,1.5,"CMD,-0.2,1.50",4.0,0.0104,2.1,0.023,1,0.5921,0,NORMAL,50.851,-0.043,1,1,1,1,1,90.0,0,0,dijkstra,predict,0.39215,0,,,,,,0,,,,187957,117646,0
245,20.797495365142822,2026-03-06T11:17:48.369150,2.0,0.0,2.0,0.0,0.0,0.0,0.0,22.03,11.0,0.147,0.007,STRAIGHT,1.5,1.5,"CMD,0.0,1.50",4.0,0.0104,2.1,0.023,1,0.5921,0,NORMAL,50.566,0.073,1,1,1,1,1,80.0,0,0,dijkstra,predict,0.3839,0,,,,,,0,,,,187957,115170,0
246,20.96410346031189,2026-03-06T11:17:48.535758,106.66,0.0,8.01,15.89,0.0,0.0,0.0,148.59,11.09,0.247,0.147,STRAIGHT,1.5,1.5,"CMD,0.1,1.50",4.0,0.0108,2.055,0.023,1,0.9494,0,NORMAL,50.06,0.081,1,1,1,1,1,102.7,77,5,dijkstra,graph,0.36103,0,,,,,,0,,,,181046,108242,1701
247,21.00223159790039,2026-03-06T11:17:48.573886,2.0,0.0,2.0,0.0,0.0,0.0,0.0,19.76,11.1,0.313,0.247,STRAIGHT,1.5,1.5,"CMD,0.2,1.50",4.0,0.0108,2.055,0.023,1,0.9494,0,NORMAL,50.138,0.073,1,1,1,1,1,92.7,0,0,dijkstra,predict,0.36171,0,,,,,,0,,,,188563,108513,0
248,21.03427243232727,2026-03-06T11:17:48.605926,0.0,0.0,0.0,0.0,0.0,0.0,0.0,16.02,11.13,0.357,0.313,STRAIGHT,1.5,1.5,"CMD,0.3,1.50",4.0,0.0108,2.055,0.023,1,0.9494,0,NORMAL,50.506,0.202,1,1,1,1,1,87.7,0,0,dijkstra,predict,0.35724,0,,,,,,0,,,,188563,107173,0
249,21.078470706939697,2026-03-06T11:17:48.650125,2.0,0.0,4.01,0.0,0.0,0.0,0.0,22.03,11.11,0.387,0.357,STRAIGHT,1.5,1.5,"CMD,0.4,1.50",4.0,0.0108,2.055,0.023,1,0.9494,0,NORMAL,51.09,0.295,1,1,1,1,1,77.7,0,0,dijkstra,predict,0.34894,0,,,,,,0,,,,188563,104681,0
250,21.2589213848114,2026-03-06T11:17:48.830575,116.41,0.0,8.01,14.22,0.0,0.0,0.0,160.42,11.09,0.414,0.387,STRAIGHT,1.5,1.5,"CMD,0.4,1.50",4.0,0.0113,2.009,0.023,1,0.9675,0,NORMAL,52.079,0.322,1,1,1,1,1,100.5,69,4,dijkstra,graph,0.34043,0,,,,,,0,,,,177281,101817,1796
251,21.296971559524536,2026-03-06T11:17:48.868626,2.0,0.0,2.0,0.0,0.0,0.0,0.0,20.03,11.09,0.431,0.414,STRAIGHT,1.5,1.5,"CMD,0.4,1.50",4.0,0.0113,2.009,0.023,1,0.9675,0,NORMAL,53.275,0.347,1,1,1,1,1,90.5,0,0,dijkstra,predict,0.33964,0,,,,,,0,,,,186968,101892,0
252,21.335020065307617,2026-03-06T11:17:48.906674,2.0,0.0,4.01,0.0,0.0,0.0,0.0,20.03,11.09,0.443,0.431,STRAIGHT,1.5,1.5,"CMD,0.4,1.50",4.0,0.0113,2.009,0.023,1,0.9675,0,NORMAL,53.784,0.44,1,1,1,1,1,85.5,0,0,dijkstra,predict,0.33575,0,,,,,,0,,,,186968,100726,0
253,21.375072956085205,2026-03-06T11:17:48.946727,2.0,0.0,4.0,0.0,0.0,0.0,0.0,22.03,11.06,0.451,0.443,STRAIGHT,1.5,1.5,"CMD,0.4,1.50",4.0,0.0113,2.009,0.023,1,0.9675,0,NORMAL,54.707,0.5,1,1,1,1,1,75.5,0,0,dijkstra,predict,0.32748,0,,,,,,0,,,,186968,98243,0
254,21.54394268989563,2026-03-06T11:17:49.115597,110.3,0.0,6.01,14.17,2.0,0.0,0.0,158.86,11.1,0.464,0.451,STRAIGHT,1.5,1.5,"CMD,0.5,1.50",4.0,0.0118,1.963,0.023,1,0.9673,0,NORMAL,55.704,0.557,1,1,1,1,1,98.2,70,4,dijkstra,graph,0.3236,0,,,,,,0,,,,174570,96834,1605
255,21.583503484725952,2026-03-06T11:17:49.155158,0.0,0.0,5.4,0.0,0.0,0.0,0.0,20.42,11.07,0.472,0.464,STRAIGHT,1.5,1.5,"CMD,0.5,1.50",4.0,0.0118,1.963,0.023,1,0.9673,0,NORMAL,57.578,0.551,1,1,1,1,1,88.2,0,0,dijkstra,predict,0.32272,0,,,,,,0,,,,181273,96816,0
256,21.62055206298828,2026-03-06T11:17:49.192206,2.0,0.0,4.01,0.0,0.0,0.0,0.0,20.03,11.7,0.478,0.472,STRAIGHT,1.5,1.5,"CMD,0.5,1.50",4.0,0.0118,1.963,0.023,1,0.9673,0,NORMAL,58.919,0.656,1,1,1,1,1,83.2,0,0,dijkstra,predict,0.31867,0,,,,,,0,,,,181273,95602,0
257,21.661324739456177,2026-03-06T11:17:49.232979,1.5,0.0,4.01,0.0,0.0,0.0,0.0,22.75,12.42,0.481,0.478,STRAIGHT,1.5,1.5,"CMD,0.5,1.50",4.0,0.0118,1.963,0.023,1,0.9673,0,NORMAL,60.208,0.737,1,1,1,1,1,78.2,0,0,dijkstra,predict,0.31124,0,,,,,,0,,,,181273,93372,0
258,21.832722425460815,2026-03-06T11:17:49.404377,109.32,0.0,8.01,16.02,2.0,0.0,0.0,153.38,11.77,0.484,0.481,STRAIGHT,1.5,1.5,"CMD,0.5,1.50",4.0,0.0118,1.963,0.023,1,0.8321,0,NORMAL,61.543,0.779,1,1,1,1,1,102.7,110,5,dijkstra,graph,0.28907,0,,,,,,0,,,,145264,86565,1801
259,21.9901020526886,2026-03-06T11:17:49.561756,107.27,0.0,6.01,10.0,0.0,0.0,0.0,141.36,11.25,0.493,0.484,STRAIGHT,1.5,1.5,"CMD,0.5,1.50",4.0,0.0124,1.918,0.023,1,0.8621,0,NORMAL,65.832,0.56,1,1,1,1,1,95.9,69,3,dijkstra,graph,0.29506,0,,,,,,0,,,,165604,88300,1520
260,22.0351300239563,2026-03-06T11:17:49.606784,2.0,0.0,2.0,0.0,0.0,0.0,0.0,20.17,11.24,0.499,0.493,STRAIGHT,1.5,1.5,"CMD,0.5,1.50",4.0,0.0124,1.918,0.023,1,0.8621,0,NORMAL,66.226,0.608,1,1,1,1,1,85.9,0,0,dijkstra,predict,0.29436,0,,,,,,0,,,,169959,88308,0
261,22.075580596923828,2026-03-06T11:17:49.647235,2.0,0.0,4.01,0.0,0.0,0.0,0.0,22.03,11.82,0.504,0.499,STRAIGHT,1.5,1.5,"CMD,0.5,1.50",4.0,0.0124,1.918,0.023,1,0.8621,0,NORMAL,65.211,0.658,1,1,1,1,1,80.9,0,0,dijkstra,predict,0.29105,0,,,,,,0,,,,169959,87316,0
262,22.115641355514526,2026-03-06T11:17:49.687295,2.0,0.0,2.0,0.0,0.0,0.0,0.0,24.04,12.46,0.506,0.504,STRAIGHT,1.5,1.5,"CMD,0.5,1.50",4.0,0.0124,1.918,0.023,1,0.8621,0,NORMAL,65.065,0.747,1,1,1,1,1,75.9,0,0,dijkstra,predict,0.28365,0,,,,,,0,,,,169959,85094,0
263,22.285120248794556,2026-03-06T11:17:49.856774,109.35,0.0,8.01,12.07,0.0,0.0,0.0,149.45,11.8,0.508,0.506,STRAIGHT,1.5,1.5,"CMD,0.5,1.50",4.0,0.0124,1.918,0.023,1,0.9597,0,NORMAL,64.998,0.779,1,1,1,1,1,95.9,55,4,dijkstra,graph,0.30275,0,,,,,,0,,,,168522,90705,1506
264,22.323168516159058,2026-03-06T11:17:49.894823,2.0,0.0,2.0,0.0,0.0,0.0,0.0,20.03,12.47,0.509,0.508,STRAIGHT,1.5,1.5,"CMD,0.5,1.50",4.0,0.0124,1.918,0.023,1,0.9597,0,NORMAL,65.256,0.768,1,1,1,1,1,85.9,0,0,dijkstra,predict,0.3026,0,,,,,,0,,,,172601,90780,0
265,22.36329746246338,2026-03-06T11:17:49.934952,0.0,0.0,0.0,0.0,0.0,0.0,0.0,22.06,13.23,0.51,0.509,STRAIGHT,1.5,1.5,"CMD,0.5,1.50",4.0,0.0124,1.918,0.023,1,0.9597,0,NORMAL,65.601,0.793,1,1,1,1,1,80.9,0,0,dijkstra,predict,0.30021,0,,,,,,0,,,,172601,90062,0
266,22.402763843536377,2026-03-06T11:17:49.974418,3.42,0.0,2.0,0.0,0.0,0.0,0.0,21.44,13.22,0.511,0.51,STRAIGHT,1.5,1.5,"CMD,0.5,1.50",4.0,0.0124,1.918,0.023,1,0.9597,0,NORMAL,66.58,0.715,1,1,1,1,1,75.9,0,0,dijkstra,predict,0.29327,0,,,,,,0,,,,172601,87980,0
267,22.56870436668396,2026-03-06T11:17:50.140359,109.64,0.0,8.01,14.02,0.0,0.0,0.0,150.92,12.53,0.52,0.511,STRAIGHT,1.5,1.5,"CMD,0.5,1.50",4.0,0.013,1.872,0.023,1,0.9746,0,NORMAL,66.507,0.689,1,1,1,1,1,93.6,70,4,dijkstra,graph,0.30496,0,,,,,,0,,,,169133,91199,1617
268,22.606755018234253,2026-03-06T11:17:50.178409,2.0,0.0,4.01,0.0,0.0,0.0,0.0,20.03,12.52,0.526,0.52,STRAIGHT,1.5,1.5,"CMD,0.5,1.50",4.0,0.013,1.872,0.023,1,0.9746,0,NORMAL,66.095,0.694,1,1,1,1,1,83.6,0,0,dijkstra,predict,0.30373,0,,,,,,0,,,,174958,91119,0
269,22.64421057701111,2026-03-06T11:17:50.215865,0.0,0.0,5.35,0.0,0.0,0.0,2.0,21.44,13.35,0.53,0.526,STRAIGHT,1.5,1.5,"CMD,0.5,1.50",4.0,0.013,1.872,0.023,1,0.9746,0,NORMAL,65.771,0.707,1,1,1,1,1,78.6,0,0,dijkstra,predict,0.30229,0,,,,,,0,,,,174958,90687,0
270,22.681613445281982,2026-03-06T11:17:50.253268,0.0,0.0,6.34,0.0,0.0,0.0,0.0,22.36,13.37,0.532,0.53,STRAIGHT,1.5,1.5,"CMD,0.5,1.50",4.0,0.013,1.872,0.023,1,0.9746,0,NORMAL,65.124,0.695,1,1,1,1,1,73.6,0,0,dijkstra,predict,0.29528,0,,,,,,0,,,,174958,88583,0
271,22.848357677459717,2026-03-06T11:17:50.420012,108.36,0.0,6.01,12.26,0.0,0.0,0.0,148.98,13.33,0.525,0.53,STRAIGHT,1.5,1.5,"CMD,0.5,1.50",4.0,0.0124,1.918,0.023,1,0.9745,0,NORMAL,64.982,0.697,1,1,1,1,1,95.9,68,3,dijkstra,graph,0.31845,0,,,,,,0,,,,171866,95225,1701
272,22.886897563934326,2026-03-06T11:17:50.458552,0.0,0.0,0.0,0.0,0.0,0.0,0.0,15.02,13.39,0.521,0.525,STRAIGHT,1.5,1.5,"CMD,0.5,1.50",4.0,0.0124,1.918,0.023,1,0.9745,0,NORMAL,64.626,0.68,1,1,1,1,1,85.9,0,0,dijkstra,predict,0.31769,0,,,,,,0,,,,175721,95306,0
273,22.921719074249268,2026-03-06T11:17:50.493373,0.0,0.0,4.46,0.0,0.0,0.0,0.0,20.37,13.4,0.518,0.521,STRAIGHT,1.5,1.5,"CMD,0.5,1.50",4.0,0.0124,1.918,0.023,1,0.9745,0,NORMAL,63.716,0.702,1,1,1,1,1,80.9,0,0,dijkstra,predict,0.31647,0,,,,,,0,,,,175721,94941,0
274,22.957875967025757,2026-03-06T11:17:50.529530,0.0,0.0,4.08,0.0,0.0,0.0,0.0,18.4,13.42,0.516,0.518,STRAIGHT,1.5,1.5,"CMD,0.5,1.50",4.0,0.0124,1.918,0.023,1,0.9745,0,NORMAL,63.457,0.719,1,1,1,1,1,75.9,0,0,dijkstra,predict,0.30971,0,,,,,,0,,,,175721,92914,0
275,23.12908935546875,2026-03-06T11:17:50.700744,112.49,0.0,6.6,15.56,0.0,0.0,0.0,154.41,13.38,0.507,0.516,STRAIGHT,1.5,1.5,"CMD,0.5,1.50",4.0,0.0118,1.963,0.023,1,0.9657,0,NORMAL,63.12,0.703,1,1,1,1,1,98.2,90,3,dijkstra,graph,0.33471,0,,,,,,0,,,,177524,100234,1858
276,23.165324687957764,2026-03-06T11:17:50.736979,2.0,0.0,4.01,0.0,0.0,0.0,0.0,20.21,13.39,0.501,0.507,STRAIGHT,1.5,1.5,"CMD,0.5,1.50",4.0,0.0118,1.963,0.023,1,0.9657,0,NORMAL,62.994,0.693,1,1,1,1,1,88.2,0,0,dijkstra,predict,0.3342,0,,,,,,0,,,,185213,100259,0
277,23.205663681030273,2026-03-06T11:17:50.777318,2.0,0.0,4.0,0.0,0.0,0.0,0.0,22.31,13.36,0.497,0.501,STRAIGHT,1.5,1.5,"CMD,0.5,1.50",4.0,0.0118,1.963,0.023,1,0.9657,0,NORMAL,62.39,0.707,1,1,1,1,1,83.2,0,0,dijkstra,predict,0.3331,0,,,,,,0,,,,185213,99931,0
278,23.24384093284607,2026-03-06T11:17:50.815495,2.53,0.0,2.0,0.0,0.0,0.0,0.0,20.27,13.39,0.494,0.497,STRAIGHT,1.5,1.5,"CMD,0.5,1.50",4.0,0.0118,1.963,0.023,1,0.9657,0,NORMAL,61.892,0.73,1,1,1,1,1,78.2,0,0,dijkstra,predict,0.32603,0,,,,,,0,,,,185213,97810,0
279,23.423250198364258,2026-03-06T11:17:50.994904,113.27,0.0,8.01,13.82,2.0,0.0,0.0,163.36,13.4,0.5,0.497,STRAIGHT,1.5,1.5,"CMD,0.5,1.50",4.0,0.0124,1.918,0.023,1,0.974,0,NORMAL,61.235,0.75,1,1,1,1,1,95.9,84,3,dijkstra,graph,0.34581,0,,,,,,0,,,,179996,103589,1870
280,23.461535215377808,2026-03-06T11:17:51.033189,2.0,0.0,4.01,0.0,0.0,0.0,0.0,20.26,13.4,0.504,0.5,STRAIGHT,1.5,1.5,"CMD,0.5,1.50",4.0,0.0124,1.918,0.023,1,0.974,0,NORMAL,60.34,0.795,1,1,1,1,1,85.9,0,0,dijkstra,predict,0.34545,0,,,,,,0,,,,184850,103636,0
281,23.500133514404297,2026-03-06T11:17:51.071788,0.0,0.0,3.88,0.0,0.0,0.0,2.0,21.83,13.39,0.507,0.504,STRAIGHT,1.5,1.5,"CMD,0.5,1.50",4.0,0.0124,1.918,0.023,1,0.974,0,NORMAL,60.801,0.757,1,1,1,1,1,80.9,0,0,dijkstra,predict,0.34432,0,,,,,,0,,,,184850,103295,0
282,23.536284685134888,2026-03-06T11:17:51.107939,1.0,0.0,4.01,0.0,0.0,0.0,0.0,20.13,13.42,0.508,0.507,STRAIGHT,1.5,1.5,"CMD,0.5,1.50",4.0,0.0124,1.918,0.023,1,0.974,0,NORMAL,60.654,0.769,1,1,1,1,1,75.9,0,0,dijkstra,predict,0.33726,0,,,,,,0,,,,184850,101179,0
283,23.708184957504272,2026-03-06T11:17:51.279839,111.45,0.0,8.01,14.02,0.0,0.0,0.0,153.88,13.4,0.502,0.507,STRAIGHT,1.5,1.5,"CMD,0.5,1.50",4.0,0.0118,1.963,0.023,1,0.9752,0,NORMAL,60.592,0.841,1,1,1,1,1,98.2,86,3,dijkstra,graph,0.35643,0,,,,,,0,,,,182281,106601,1598
284,23.74236011505127,2026-03-06T11:17:51.314014,0.0,0.0,0.0,0.0,0.0,0.0,0.0,16.15,13.43,0.498,0.502,STRAIGHT,1.5,1.5,"CMD,0.5,1.50",4.0,0.0118,1.963,0.023,1,0.9752,0,NORMAL,61.907,0.731,1,1,1,1,1,88.2,0,0,dijkstra,predict,0.3555,0,,,,,,0,,,,188308,106650,0
285,23.785149812698364,2026-03-06T11:17:51.356804,0.0,0.0,5.79,0.0,0.0,0.0,0.0,22.14,13.4,0.495,0.498,STRAIGHT,1.5,1.5,"CMD,0.5,1.50",4.0,0.0118,1.963,0.023,1,0.9752,0,NORMAL,62.584,0.693,1,1,1,1,1,83.2,0,0,dijkstra,predict,0.35435,0,,,,,,0,,,,188308,106304,0
286,23.823514461517334,2026-03-06T11:17:51.395169,2.0,0.0,3.51,0.0,0.0,0.0,0.0,20.34,13.41,0.493,0.495,STRAIGHT,1.5,1.5,"CMD,0.5,1.50",4.0,0.0118,1.963,0.023,1,0.9752,0,NORMAL,62.316,0.861,1,1,1,1,1,78.2,0,0,dijkstra,predict,0.3473,0,,,,,,0,,,,188308,104191,0
287,23.991901874542236,2026-03-06T11:17:51.563556,108.31,0.0,8.01,16.02,0.0,0.0,0.0,150.37,13.43,0.499,0.495,STRAIGHT,1.5,1.5,"CMD,0.5,1.50",4.0,0.0124,1.918,0.023,1,0.9661,0,NORMAL,64.32,0.703,1,1,1,1,1,95.9,85,2,dijkstra,graph,0.36293,0,,,,,,0,,,,183176,108598,1595
288,24.033976554870605,2026-03-06T11:17:51.605631,2.0,0.0,4.01,0.0,0.0,0.0,0.0,21.89,14.19,0.503,0.499,STRAIGHT,1.5,1.5,"CMD,0.5,1.50",4.0,0.0124,1.918,0.023,1,0.9661,0,NORMAL,64.412,0.643,1,1,1,1,1,85.9,0,0,dijkstra,predict,0.36223,0,,,,,,0,,,,186220,108670,0
289,24.066019773483276,2026-03-06T11:17:51.637674,0.0,0.0,0.0,0.0,0.0,0.0,0.0,14.02,14.28,0.506,0.503,STRAIGHT,1.5,1.5,"CMD,0.5,1.50",4.0,0.0124,1.918,0.023,1,0.9661,0,NORMAL,65.45,0.658,1,1,1,1,1,80.9,0,0,dijkstra,predict,0.36125,0,,,,,,0,,,,186220,108376,0
290,24.111522436141968,2026-03-06T11:17:51.683176,2.0,0.0,4.01,0.0,0.0,0.0,0.0,26.83,14.24,0.508,0.506,STRAIGHT,1.5,1.5,"CMD,0.5,1.50",4.0,0.0124,1.918,0.023,1,0.9661,0,NORMAL,64.766,0.643,1,1,1,1,1,75.9,0,0,dijkstra,predict,0.35489,0,,,,,,0,,,,186220,106466,0
291,24.281932592391968,2026-03-06T11:17:51.853587,108.41,0.0,10.01,13.9,0.0,0.0,0.0,154.39,13.39,0.518,0.508,STRAIGHT,1.5,1.5,"CMD,0.5,1.50",4.0,0.013,1.872,0.023,1,0.9559,0,NORMAL,64.956,0.635,1,1,1,1,1,93.6,80,2,dijkstra,graph,0.37864,0,,,,,,0,,,,187007,113372,1596
292,24.322734832763672,2026-03-06T11:17:51.894389,0.0,0.0,4.57,0.0,0.0,0.0,2.0,22.81,14.23,0.524,0.518,STRAIGHT,1.5,1.5,"CMD,0.5,1.50",4.0,0.013,1.872,0.023,1,0.9559,0,NORMAL,66.279,0.551,1,1,1,1,1,83.6,0,0,dijkstra,predict,0.37808,0,,,,,,0,,,,193419,113424,0
293,24.36688733100891,2026-03-06T11:17:51.938541,0.0,0.0,6.36,0.0,0.0,0.0,0.0,22.38,14.19,0.529,0.524,STRAIGHT,1.5,1.5,"CMD,0.5,1.50",4.0,0.013,1.872,0.023,1,0.9559,0,NORMAL,65.237,0.581,1,1,1,1,1,78.6,0,0,dijkstra,predict,0.37714,0,,,,,,0,,,,193419,113142,0
294,24.407383918762207,2026-03-06T11:17:51.979038,0.0,0.0,6.45,0.0,0.0,0.0,0.0,22.48,14.19,0.532,0.529,STRAIGHT,1.5,1.5,"CMD,0.5,1.50",4.0,0.013,1.872,0.023,1,0.9559,0,NORMAL,65.438,0.593,1,1,1,1,1,73.6,0,0,dijkstra,predict,0.37045,0,,,,,,0,,,,193419,111136,0
295,24.587072610855103,2026-03-06T11:17:52.158727,114.89,0.0,6.01,18.03,2.0,0.0,0.0,161.38,13.28,0.543,0.532,STRAIGHT,1.5,1.5,"CMD,0.5,1.50",4.0,0.0137,1.826,0.023,1,0.9545,0,NORMAL,66.185,0.514,1,1,1,1,1,91.3,91,2,dijkstra,graph,0.38682,0,,,,,,0,,,,188499,115769,1723
296,24.631205320358276,2026-03-06T11:17:52.202859,2.0,0.0,4.01,0.0,0.0,0.0,0.0,24.04,14.06,0.55,0.543,STRAIGHT,1.5,1.5,"CMD,0.5,1.50",4.0,0.0137,1.826,0.023,1,0.9545,0,NORMAL,66.688,0.445,1,1,1,1,1,81.3,0,0,dijkstra,predict,0.38561,0,,,,,,0,,,,196326,115683,0
297,24.669300079345703,2026-03-06T11:17:52.240954,0.0,0.0,4.05,0.0,0.0,0.0,0.0,20.07,14.06,0.555,0.55,STRAIGHT,1.5,1.5,"CMD,0.6,1.50",4.0,0.0137,1.826,0.023,1,0.9545,0,NORMAL,65.822,0.45,1,1,1,1,1,76.3,0,0,dijkstra,predict,0.38489,0,,,,,,0,,,,196326,115466,0
298,24.709809064865112,2026-03-06T11:17:52.281463,2.0,0.0,2.0,0.0,0.0,0.0,0.0,22.09,14.04,0.558,0.555,STRAIGHT,1.5,1.5,"CMD,0.6,1.50",4.0,0.0137,1.826,0.023,1,0.9545,0,NORMAL,66.013,0.452,1,1,1,1,1,71.3,0,0,dijkstra,predict,0.37792,0,,,,,,0,,,,196326,113377,0
299,24.884784936904907,2026-03-06T11:17:52.456439,110.32,0.0,6.01,16.02,0.0,0.0,0.0,152.95,13.16,0.57,0.558,STRAIGHT,1.5,1.5,"CMD,0.6,1.50",4.0,0.0144,1.781,0.023,1,0.968,0,NORMAL,66.153,0.399,1,1,1,1,1,89.0,85,2,dijkstra,graph,0.39196,0,,,,,,0,,,,189613,117376,1629
300,24.92276954650879,2026-03-06T11:17:52.494424,0.0,0.0,5.94,0.0,0.0,0.0,0.0,19.96,13.98,0.578,0.57,STRAIGHT,1.5,1.5,"CMD,0.6,1.50",4.0,0.0144,1.781,0.023,1,0.968,0,NORMAL,66.024,0.363,1,1,1,1,1,79.0,0,0,dijkstra,predict,0.39096,0,,,,,,0,,,,194888,117289,0
301,24.962387561798096,2026-03-06T11:17:52.534042,2.0,0.0,4.01,0.0,0.0,0.0,0.0,22.03,13.93,0.583,0.578,STRAIGHT,1.5,1.5,"CMD,0.6,1.50",4.0,0.0144,1.781,0.023,1,0.968,0,NORMAL,65.775,0.385,1,1,1,1,1,74.0,0,0,dijkstra,predict,0.3902,0,,,,,,0,,,,194888,117060,0
302,24.99790930747986,2026-03-06T11:17:52.569564,3.51,0.0,2.0,0.0,0.0,0.0,0.0,19.5,13.97,0.587,0.583,STRAIGHT,1.5,1.5,"CMD,0.6,1.50",4.0,0.0144,1.781,0.023,1,0.968,0,NORMAL,65.007,0.445,1,1,1,1,1,69.0,0,0,dijkstra,predict,0.38324,0,,,,,,0,,,,194888,114971,0
303,25.169324159622192,2026-03-06T11:17:52.740978,110.71,0.0,6.01,14.47,2.0,0.0,0.0,153.39,13.11,0.589,0.587,STRAIGHT,1.5,1.5,"CMD,0.6,1.50",4.0,0.0144,1.781,0.023,1,0.9666,0,NORMAL,65.009,0.449,1,1,1,1,1,89.0,66,2,dijkstra,graph,0.40335,0,,,,,,0,,,,190980,120875,1472
304,25.210428953170776,2026-03-06T11:17:52.782083,0.0,0.0,4.79,0.0,0.0,0.0,2.0,27.08,13.93,0.591,0.589,STRAIGHT,1.5,1.5,"CMD,0.6,1.50",4.0,0.0144,1.781,0.023,1,0.9666,0,NORMAL,64.743,0.466,1,1,1,1,1,79.0,0,0,dijkstra,predict,0.40266,0,,,,,,0,,,,193509,120799,0
305,25.25056266784668,2026-03-06T11:17:52.822217,2.0,0.0,4.01,0.0,0.0,0.0,0.0,19.53,13.91,0.592,0.591,STRAIGHT,1.5,1.5,"CMD,0.6,1.50",4.0,0.0144,1.781,0.023,1,0.9666,0,NORMAL,64.598,0.505,1,1,1,1,1,74.0,0,0,dijkstra,predict,0.40185,0,,,,,,0,,,,193509,120556,0
306,25.290021181106567,2026-03-06T11:17:52.861675,0.0,0.0,5.21,0.0,0.0,0.0,0.0,27.44,13.91,0.592,0.592,STRAIGHT,1.5,1.5,"CMD,0.6,1.50",4.0,0.0144,1.781,0.023,1,0.9666,0,NORMAL,64.268,0.521,1,1,1,1,1,69.0,0,0,dijkstra,predict,0.39519,0,,,,,,0,,,,193509,118556,0
307,25.461780786514282,2026-03-06T11:17:53.033435,108.51,0.0,2.0,24.2,0.0,0.0,0.0,154.73,13.08,0.593,0.592,STRAIGHT,1.5,1.5,"CMD,0.6,1.50",4.0,0.0144,1.781,0.023,1,0.9634,0,NORMAL,63.6,0.565,1,1,1,1,1,89.0,91,2,dijkstra,graph,0.42618,0,,,,,,0,,,,197611,127747,1778
308,25.5018150806427,2026-03-06T11:17:53.073469,0.0,0.0,3.99,0.0,0.0,0.0,0.0,20.01,13.97,0.593,0.593,STRAIGHT,1.5,1.5,"CMD,0.6,1.50",4.0,0.0144,1.781,0.023,1,0.9634,0,NORMAL,63.469,0.569,1,1,1,1,1,79.0,0,0,dijkstra,predict,0.42556,0,,,,,,0,,,,201925,127669,0
309,25.536324977874756,2026-03-06T11:17:53.107979,0.0,0.0,2.0,0.0,0.0,0.0,0.0,18.49,13.98,0.593,0.593,STRAIGHT,1.5,1.5,"CMD,0.6,1.50",4.0,0.0144,1.781,0.023,1,0.9634,0,NORMAL,63.13,0.593,1,1,1,1,1,74.0,0,0,dijkstra,predict,0.42469,0,,,,,,0,,,,201925,127408,0
310,25.574594736099243,2026-03-06T11:17:53.146249,0.0,0.0,2.0,0.0,0.0,0.0,0.0,18.02,13.98,0.593,0.593,STRAIGHT,1.5,1.5,"CMD,0.6,1.50",4.0,0.0144,1.781,0.023,1,0.9634,0,NORMAL,63.293,0.541,1,1,1,1,1,69.0,0,0,dijkstra,predict,0.41755,0,,,,,,0,,,,201925,125264,0
311,25.76595687866211,2026-03-06T11:17:53.337611,112.83,0.0,8.01,24.03,2.0,0.0,0.0,167.1,13.01,0.594,0.593,STRAIGHT,1.5,1.5,"CMD,0.6,1.50",4.0,0.0144,1.781,0.023,1,0.9723,0,NORMAL,63.288,0.48,1,1,1,1,1,89.0,174,4,dijkstra,graph,0.43876,0,,,,,,0,,,,200824,131508,2264
312,25.80010962486267,2026-03-06T11:17:53.371764,0.0,0.0,0.0,0.0,0.0,0.0,0.0,16.13,13.86,0.594,0.594,STRAIGHT,1.5,1.5,"CMD,0.6,1.50",4.0,0.0144,1.781,0.023,1,0.9723,0,NORMAL,63.044,0.464,1,1,1,1,1,79.0,0,0,dijkstra,predict,0.43814,0,,,,,,0,,,,207210,131442,0
313,25.84653115272522,2026-03-06T11:17:53.418185,2.89,0.0,3.38,0.0,0.0,0.0,0.0,28.32,13.78,0.594,0.594,STRAIGHT,1.5,1.5,"CMD,0.6,1.50",4.0,0.0144,1.781,0.023,1,0.9723,0,NORMAL,62.837,0.451,1,1,1,1,1,74.0,0,0,dijkstra,predict,0.43711,0,,,,,,0,,,,207210,131134,0
314,25.886597394943237,2026-03-06T11:17:53.458252,2.01,0.0,0.0,0.0,0.0,0.0,0.0,18.03,13.8,0.594,0.594,STRAIGHT,1.5,1.5,"CMD,0.6,1.50",4.0,0.0144,1.781,0.023,1,0.9723,0,NORMAL,62.704,0.443,1,1,1,1,1,69.0,0,0,dijkstra,predict,0.42989,0,,,,,,0,,,,207210,128968,0
315,26.076944828033447,2026-03-06T11:17:53.648599,113.32,0.0,7.75,22.65,0.0,0.0,0.0,170.03,12.87,0.594,0.594,STRAIGHT,1.5,1.5,"CMD,0.6,1.50",4.0,0.0144,1.781,0.023,1,0.9684,0,NORMAL,62.381,0.453,1,1,1,1,1,89.0,150,6,dijkstra,graph,0.45996,0,,,,,,0,,,,205603,137591,2472
316,26.110702514648438,2026-03-06T11:17:53.682357,0.0,0.0,0.0,0.0,0.0,0.0,0.0,16.02,13.69,0.594,0.594,STRAIGHT,1.5,1.5,"CMD,0.6,1.50",4.0,0.0144,1.781,0.023,1,0.9684,0,NORMAL,62.09,0.455,1,1,1,1,1,79.0,0,0,dijkstra,predict,0.45848,0,,,,,,0,,,,213220,137543,0
317,26.15364360809326,2026-03-06T11:17:53.725298,2.47,0.0,2.0,0.0,0.0,0.0,0.0,18.23,13.68,0.594,0.594,STRAIGHT,1.5,1.5,"CMD,0.6,1.50",4.0,0.0144,1.781,0.023,1,0.9684,0,NORMAL,62.552,0.443,1,1,1,1,1,74.0,0,0,dijkstra,predict,0.4574,0,,,,,,0,,,,213220,137219,0
318,26.195770502090454,2026-03-06T11:17:53.767424,2.0,0.0,2.0,0.0,0.0,0.0,0.0,20.35,13.62,0.594,0.594,STRAIGHT,1.5,1.5,"CMD,0.6,1.50",4.0,0.0144,1.781,0.023,1,0.9684,0,NORMAL,62.051,0.426,1,1,1,1,1,69.0,0,0,dijkstra,predict,0.45011,0,,,,,,0,,,,213220,135034,0
319,26.384036779403687,2026-03-06T11:17:53.955691,112.17,0.0,8.01,26.03,0.0,0.0,0.0,168.24,12.76,0.594,0.594,STRAIGHT,1.5,1.5,"CMD,0.6,1.50",4.0,0.0144,1.781,0.023,1,0.9591,0,NORMAL,61.273,0.451,1,1,1,1,1,89.0,171,7,dijkstra,graph,0.48446,0,,,,,,0,,,,212434,144993,2620
320,26.42008090019226,2026-03-06T11:17:53.991735,2.0,0.0,0.0,0.0,0.0,0.0,0.0,18.02,13.56,0.594,0.594,STRAIGHT,1.5,1.5,"CMD,0.6,1.50",4.0,0.0144,1.781,0.023,1,0.9591,0,NORMAL,60.62,0.492,1,1,1,1,1,79.0,0,0,dijkstra,predict,0.48313,0,,,,,,0,,,,217331,144938,0
321,26.46419668197632,2026-03-06T11:17:54.035851,2.0,0.0,2.0,0.0,0.0,0.0,0.0,21.75,13.55,0.594,0.594,STRAIGHT,1.5,1.5,"CMD,0.6,1.50",4.0,0.0144,1.781,0.023,1,0.9591,0,NORMAL,60.446,0.545,1,1,1,1,1,74.0,0,0,dijkstra,predict,0.48176,0,,,,,,0,,,,217331,144528,0
322,26.5017352104187,2026-03-06T11:17:54.073389,0.0,0.0,5.75,0.0,0.0,0.0,0.0,21.52,13.58,0.594,0.594,STRAIGHT,1.5,1.5,"CMD,0.6,1.50",4.0,0.0144,1.781,0.023,1,0.9591,0,NORMAL,59.829,0.561,1,1,1,1,1,69.0,0,0,dijkstra,predict,0.47459,0,,,,,,0,,,,217331,142376,0
323,26.686403512954712,2026-03-06T11:17:54.258058,115.04,0.0,6.01,26.03,2.0,0.0,0.0,165.11,12.72,0.584,0.594,STRAIGHT,1.5,1.5,"CMD,0.6,1.50",4.0,0.0137,1.826,0.023,1,0.9386,0,NORMAL,59.684,0.573,1,1,1,1,1,91.3,172,11,dijkstra,graph,0.51924,0,,,,,,0,,,,225111,155568,3225
324,26.722450017929077,2026-03-06T11:17:54.294104,0.0,0.0,0.0,0.0,0.0,0.0,0.0,16.02,13.58,0.578,0.584,STRAIGHT,1.5,1.5,"CMD,0.6,1.50",4.0,0.0137,1.826,0.023,1,0.9386,0,NORMAL,59.357,0.569,1,1,1,1,1,81.3,0,0,dijkstra,predict,0.51819,0,,,,,,0,,,,231642,155458,0
325,26.768950939178467,2026-03-06T11:17:54.340605,2.0,0.0,4.0,0.0,0.0,0.0,0.0,20.14,13.57,0.573,0.578,STRAIGHT,1.5,1.5,"CMD,0.6,1.50",4.0,0.0137,1.826,0.023,1,0.9386,0,NORMAL,59.278,0.565,1,1,1,1,1,76.3,0,0,dijkstra,predict,0.51619,0,,,,,,0,,,,231642,154857,0
326,26.8009934425354,2026-03-06T11:17:54.372648,0.0,0.0,0.0,0.0,0.0,0.0,0.0,14.02,13.6,0.571,0.573,STRAIGHT,1.5,1.5,"CMD,0.6,1.50",4.0,0.0137,1.826,0.023,1,0.9386,0,NORMAL,59.12,0.542,1,1,1,1,1,71.3,0,0,dijkstra,predict,0.50857,0,,,,,,0,,,,231642,152572,0
327,26.99149799346924,2026-03-06T11:17:54.563152,111.1,0.0,8.01,24.52,0.0,0.0,0.0,163.93,12.71,0.56,0.571,STRAIGHT,1.5,1.5,"CMD,0.6,1.50",4.0,0.013,1.872,0.023,1,0.9716,0,NORMAL,58.847,0.58,1,1,1,1,1,93.6,151,10,dijkstra,graph,0.51764,0,,,,,,0,,,,225170,155071,2737
328,27.02554225921631,2026-03-06T11:17:54.597196,0.0,0.0,0.0,0.0,0.0,0.0,0.0,16.02,13.55,0.552,0.56,STRAIGHT,1.5,1.5,"CMD,0.6,1.50",4.0,0.013,1.872,0.023,1,0.9716,0,NORMAL,58.506,0.611,1,1,1,1,1,83.6,0,0,dijkstra,predict,0.51697,0,,,,,,0,,,,232411,155092,0
329,27.064226865768433,2026-03-06T11:17:54.635881,0.0,0.0,0.0,0.0,0.0,0.0,0.0,14.25,13.54,0.547,0.552,STRAIGHT,1.5,1.5,"CMD,0.6,1.50",4.0,0.013,1.872,0.023,1,0.9716,0,NORMAL,58.452,0.618,1,1,1,1,1,78.6,0,0,dijkstra,predict,0.5149,0,,,,,,0,,,,232411,154471,0
330,27.109375,2026-03-06T11:17:54.681029,1.5,0.0,4.01,0.0,0.0,0.0,0.0,20.66,13.51,0.544,0.547,STRAIGHT,1.5,1.5,"CMD,0.5,1.50",4.0,0.013,1.872,0.023,1,0.9716,0,NORMAL,58.111,0.644,1,1,1,1,1,73.6,0,0,dijkstra,predict,0.50759,0,,,,,,0,,,,232411,152278,0
331,27.29945135116577,2026-03-06T11:17:54.871105,112.32,0.0,8.01,25.85,2.0,0.0,0.0,164.05,12.61,0.542,0.544,STRAIGHT,1.5,1.5,"CMD,0.5,1.50",4.0,0.013,1.872,0.023,1,0.9668,0,NORMAL,58.221,0.653,1,1,1,1,1,93.6,158,9,dijkstra,graph,0.51605,0,,,,,,0,,,,224677,154500,2868
332,27.336081981658936,2026-03-06T11:17:54.907736,0.0,0.0,0.0,0.0,0.0,0.0,0.0,20.16,13.38,0.54,0.542,STRAIGHT,1.5,1.5,"CMD,0.5,1.50",4.0,0.013,1.872,0.023,1,0.9668,0,NORMAL,58.171,0.656,1,1,1,1,1,83.6,0,0,dijkstra,predict,0.515,0,,,,,,0,,,,229832,154500,0
333,27.37832808494568,2026-03-06T11:17:54.949982,0.0,0.0,0.0,0.0,0.0,0.0,0.0,17.91,13.38,0.539,0.54,STRAIGHT,1.5,1.5,"CMD,0.5,1.50",4.0,0.013,1.872,0.023,1,0.9668,0,NORMAL,58.373,0.641,1,1,1,1,1,78.6,0,0,dijkstra,predict,0.51257,0,,,,,,0,,,,229832,153771,0
334,27.425731897354126,2026-03-06T11:17:54.997386,2.0,0.0,4.01,0.0,0.0,0.0,0.0,22.49,13.33,0.539,0.539,STRAIGHT,1.5,1.5,"CMD,0.5,1.50",4.0,0.013,1.872,0.023,1,0.9668,0,NORMAL,58.427,0.653,1,1,1,1,1,73.6,0,0,dijkstra,predict,0.50538,0,,,,,,0,,,,229832,151614,0
335,27.61396598815918,2026-03-06T11:17:55.185620,116.34,0.0,8.01,27.91,0.0,0.0,0.0,174.72,12.48,0.538,0.539,STRAIGHT,1.5,1.5,"CMD,0.5,1.50",4.0,0.013,1.872,0.023,1,0.9617,0,NORMAL,58.614,0.634,1,1,1,1,1,93.6,158,8,dijkstra,graph,0.51473,0,,,,,,0,,,,227226,154148,2842
336,27.65573787689209,2026-03-06T11:17:55.227392,0.0,0.0,5.38,0.0,0.0,0.0,0.0,21.14,13.22,0.538,0.538,STRAIGHT,1.5,1.5,"CMD,0.5,1.50",4.0,0.013,1.872,0.023,1,0.9617,0,NORMAL,58.377,0.592,1,1,1,1,1,83.6,0,0,dijkstra,predict,0.51365,0,,,,,,0,,,,232130,154094,0
337,27.6984441280365,2026-03-06T11:17:55.270098,0.0,0.0,4.14,0.0,0.0,0.0,0.0,19.68,13.19,0.538,0.538,STRAIGHT,1.5,1.5,"CMD,0.5,1.50",4.0,0.013,1.872,0.023,1,0.9617,0,NORMAL,58.34,0.596,1,1,1,1,1,78.6,0,0,dijkstra,predict,0.51104,0,,,,,,0,,,,232130,153311,0
338,27.74108910560608,2026-03-06T11:17:55.312743,0.0,0.0,4.01,0.0,0.0,0.0,2.0,22.03,13.15,0.538,0.538,STRAIGHT,1.5,1.5,"CMD,0.5,1.50",4.0,0.013,1.872,0.023,1,0.9617,0,NORMAL,58.067,0.558,1,1,1,1,1,73.6,0,0,dijkstra,predict,0.50302,0,,,,,,0,,,,232130,150906,0
339,27.92711353302002,2026-03-06T11:17:55.498768,111.13,0.0,8.01,22.23,0.0,0.0,0.0,161.99,12.33,0.538,0.538,STRAIGHT,1.5,1.5,"CMD,0.5,1.50",4.0,0.013,1.872,0.023,1,0.969,0,NORMAL,56.873,0.518,1,1,1,1,1,93.6,146,9,dijkstra,graph,0.51076,0,,,,,,0,,,,229364,153060,2967
340,27.971099853515625,2026-03-06T11:17:55.542754,2.0,0.0,4.01,0.0,0.0,0.0,0.0,23.94,13.15,0.538,0.538,STRAIGHT,1.5,1.5,"CMD,0.5,1.50",4.0,0.013,1.872,0.023,1,0.969,0,NORMAL,54.853,0.468,1,1,1,1,1,83.6,0,0,dijkstra,predict,0.50945,0,,,,,,0,,,,234229,152836,0
341,28.011762380599976,2026-03-06T11:17:55.583416,1.0,0.0,0.0,0.0,0.0,0.0,0.0,18.41,13.11,0.538,0.538,STRAIGHT,1.5,1.5,"CMD,0.5,1.50",4.0,0.013,1.872,0.023,1,0.969,0,NORMAL,53.532,0.426,1,1,1,1,1,78.6,0,0,dijkstra,predict,0.50693,0,,,,,,0,,,,234229,152080,0
342,28.054574251174927,2026-03-06T11:17:55.626228,2.0,0.0,4.36,0.0,0.0,0.0,0.0,20.38,13.13,0.537,0.538,STRAIGHT,1.5,1.5,"CMD,0.5,1.50",4.0,0.013,1.872,0.023,1,0.969,0,NORMAL,51.274,0.381,1,1,1,1,1,73.6,0,0,dijkstra,predict,0.49906,0,,,,,,0,,,,234229,149718,0
343,28.233667850494385,2026-03-06T11:17:55.805322,112.61,0.0,8.01,18.39,2.0,0.0,0.0,161.33,12.36,0.537,0.537,STRAIGHT,1.5,1.5,"CMD,0.5,1.50",4.0,0.013,1.872,0.023,1,0.9185,0,NORMAL,51.276,0.412,1,1,1,1,1,93.6,114,9,dijkstra,graph,0.50089,0,,,,,,0,,,,239868,149993,2951
344,28.27311086654663,2026-03-06T11:17:55.844765,2.0,0.0,2.0,0.0,0.0,0.0,2.0,21.42,13.2,0.537,0.537,STRAIGHT,1.5,1.5,"CMD,0.5,1.50",4.0,0.013,1.872,0.023,1,0.9185,0,NORMAL,51.318,0.432,1,1,1,1,1,83.6,0,0,dijkstra,predict,0.49927,0,,,,,,0,,,,245928,149780,0
345,28.31308650970459,2026-03-06T11:17:55.884741,0.0,0.0,4.93,0.0,0.0,0.0,0.0,22.95,13.17,0.537,0.537,STRAIGHT,1.5,1.5,"CMD,0.5,1.50",4.0,0.013,1.872,0.023,1,0.9185,0,NORMAL,50.784,0.369,1,1,1,1,1,78.6,0,0,dijkstra,predict,0.49649,0,,,,,,0,,,,245928,148948,0
346,28.352638721466064,2026-03-06T11:17:55.924293,2.0,0.0,4.01,0.0,0.0,0.0,0.0,20.03,13.19,0.537,0.537,STRAIGHT,1.5,1.5,"CMD,0.5,1.50",4.0,0.013,1.872,0.023,1,0.9185,0,NORMAL,50.562,0.356,1,1,1,1,1,73.6,0,0,dijkstra,predict,0.48846,0,,,,,,0,,,,245928,146539,0
347,28.531346559524536,2026-03-06T11:17:56.103001,110.85,0.0,8.01,23.53,0.0,0.0,0.0,160.68,12.42,0.537,0.537,STRAIGHT,1.5,1.5,"CMD,0.5,1.50",4.0,0.013,1.872,0.023,1,0.8986,0,NORMAL,50.781,0.373,1,1,1,1,1,93.6,124,8,dijkstra,graph,0.47857,0,,,,,,0,,,,228953,143319,2903
348,28.57291865348816,2026-03-06T11:17:56.144573,2.0,0.0,4.01,0.0,0.0,0.0,0.0,22.03,13.25,0.537,0.537,STRAIGHT,1.5,1.5,"CMD,0.5,1.50",4.0,0.013,1.872,0.023,1,0.8986,0,NORMAL,50.901,0.395,1,1,1,1,1,83.6,0,0,dijkstra,predict,0.47808,0,,,,,,0,,,,235376,143423,0
349,28.610970735549927,2026-03-06T11:17:56.182625,0.0,0.0,4.01,0.0,0.0,0.0,0.0,20.03,13.24,0.537,0.537,STRAIGHT,1.5,1.5,"CMD,0.5,1.50",4.0,0.013,1.872,0.023,1,0.8986,0,NORMAL,51.109,0.433,1,1,1,1,1,78.6,0,0,dijkstra,predict,0.47486,0,,,,,,0,,,,235376,142459,0
350,28.651309490203857,2026-03-06T11:17:56.222963,2.0,0.0,4.0,0.0,0.0,0.0,0.0,21.77,13.25,0.537,0.537,STRAIGHT,1.5,1.5,"CMD,0.5,1.50",4.0,0.013,1.872,0.023,1,0.8986,0,NORMAL,51.385,0.468,1,1,1,1,1,73.6,0,0,dijkstra,predict,0.46714,0,,,,,,0,,,,235376,140143,0
351,28.826435327529907,2026-03-06T11:17:56.398090,113.05,0.0,6.01,20.03,0.0,0.0,0.0,157.1,12.47,0.537,0.537,STRAIGHT,1.5,1.5,"CMD,0.5,1.50",4.0,0.013,1.872,0.023,1,0.9226,0,NORMAL,51.646,0.455,1,1,1,1,1,93.6,110,8,dijkstra,graph,0.46738,0,,,,,,0,,,,231899,140087,2827
352,28.86861491203308,2026-03-06T11:17:56.440269,2.76,0.0,3.5,0.0,0.0,0.0,0.0,20.28,13.29,0.537,0.537,STRAIGHT,1.5,1.5,"CMD,0.5,1.50",4.0,0.013,1.872,0.023,1,0.9226,0,NORMAL,51.81,0.462,1,1,1,1,1,83.6,0,0,dijkstra,predict,0.46677,0,,,,,,0,,,,234687,140031,0
353,28.908665418624878,2026-03-06T11:17:56.480320,2.0,0.0,4.01,0.0,0.0,0.0,0.0,22.03,13.26,0.537,0.537,STRAIGHT,1.5,1.5,"CMD,0.5,1.50",4.0,0.013,1.872,0.023,1,0.9226,0,NORMAL,52.18,0.522,1,1,1,1,1,78.6,0,0,dijkstra,predict,0.46382,0,,,,,,0,,,,234687,139145,0
354,28.950716733932495,2026-03-06T11:17:56.522371,2.0,0.0,4.0,0.0,0.0,0.0,0.0,22.03,13.29,0.537,0.537,STRAIGHT,1.5,1.5,"CMD,0.5,1.50",4.0,0.013,1.872,0.023,1,0.9226,0,NORMAL,52.177,0.594,1,1,1,1,1,73.6,0,0,dijkstra,predict,0.4557,0,,,,,,0,,,,234687,136710,0
355,29.12550711631775,2026-03-06T11:17:56.697161,113.28,0.0,4.91,17.06,2.0,0.0,0.0,156.77,12.48,0.529,0.537,STRAIGHT,1.5,1.5,"CMD,0.5,1.50",4.0,0.0124,1.918,0.023,1,0.9485,0,NORMAL,52.492,0.583,1,1,1,1,1,95.9,89,8,dijkstra,graph,0.46973,0,,,,,,0,,,,230608,140739,2502
356,29.16556191444397,2026-03-06T11:17:56.737216,0.0,0.0,4.01,0.0,0.0,0.0,0.0,20.03,13.34,0.523,0.529,STRAIGHT,1.5,1.5,"CMD,0.5,1.50",4.0,0.0124,1.918,0.023,1,0.9485,0,NORMAL,52.472,0.629,1,1,1,1,1,85.9,0,0,dijkstra,predict,0.46872,0,,,,,,0,,,,233030,140616,0
357,29.207685470581055,2026-03-06T11:17:56.779340,2.0,0.0,2.0,0.0,0.0,0.0,0.0,20.1,13.29,0.52,0.523,STRAIGHT,1.5,1.5,"CMD,0.5,1.50",4.0,0.0124,1.918,0.023,1,0.9485,0,NORMAL,52.738,0.653,1,1,1,1,1,80.9,0,0,dijkstra,predict,0.46627,0,,,,,,0,,,,233030,139882,0
358,29.2457332611084,2026-03-06T11:17:56.817387,2.0,0.0,4.01,0.0,0.0,0.0,0.0,20.03,13.29,0.517,0.52,STRAIGHT,1.5,1.5,"CMD,0.5,1.50",4.0,0.0124,1.918,0.023,1,0.9485,0,NORMAL,52.952,0.686,1,1,1,1,1,75.9,0,0,dijkstra,predict,0.45806,0,,,,,,0,,,,233030,137418,0
359,29.41887402534485,2026-03-06T11:17:56.990528,108.56,0.0,8.01,16.78,2.0,0.0,0.0,155.12,12.56,0.515,0.517,STRAIGHT,1.5,1.5,"CMD,0.5,1.50",4.0,0.0124,1.918,0.023,1,0.957,0,NORMAL,53.035,0.699,1,1,1,1,1,95.9,102,7,dijkstra,graph,0.45318,0,,,,,,0,,,,224078,135659,2716
360,29.465181589126587,2026-03-06T11:17:57.036836,2.0,0.0,2.0,0.0,0.0,0.0,2.0,24.28,13.38,0.514,0.515,STRAIGHT,1.5,1.5,"CMD,0.5,1.50",4.0,0.0124,1.918,0.023,1,0.957,0,NORMAL,53.284,0.676,1,1,1,1,1,85.9,0,0,dijkstra,predict,0.45246,0,,,,,,0,,,,227972,135737,0
361,29.50693368911743,2026-03-06T11:17:57.078588,2.0,0.0,4.01,0.0,0.0,0.0,0.0,27.54,13.36,0.513,0.514,STRAIGHT,1.5,1.5,"CMD,0.5,1.50",4.0,0.0124,1.918,0.023,1,0.957,0,NORMAL,53.64,0.672,1,1,1,1,1,80.9,0,0,dijkstra,predict,0.44957,0,,,,,,0,,,,227972,134871,0
362,29.548491716384888,2026-03-06T11:17:57.120146,2.0,0.0,3.51,0.0,0.0,0.0,0.0,23.54,13.36,0.513,0.513,STRAIGHT,1.5,1.5,"CMD,0.5,1.50",4.0,0.0124,1.918,0.023,1,0.957,0,NORMAL,53.817,0.697,1,1,1,1,1,75.9,0,0,dijkstra,predict,0.44182,0,,,,,,0,,,,227972,132547,0
363,29.723555088043213,2026-03-06T11:17:57.295209,114.63,0.0,8.01,18.02,0.0,0.0,0.0,157.04,12.62,0.521,0.513,STRAIGHT,1.5,1.5,"CMD,0.5,1.50",4.0,0.013,1.872,0.023,1,0.9625,0,NORMAL,54.037,0.745,1,1,1,1,1,93.6,96,6,dijkstra,graph,0.43998,0,,,,,,0,,,,215976,131651,2537
364,29.764861583709717,2026-03-06T11:17:57.336516,0.0,0.0,5.26,0.0,0.0,0.0,0.0,21.28,13.48,0.527,0.521,STRAIGHT,1.5,1.5,"CMD,0.5,1.50",4.0,0.013,1.872,0.023,1,0.9625,0,NORMAL,54.029,0.768,1,1,1,1,1,83.6,0,0,dijkstra,predict,0.43876,0,,,,,,0,,,,219428,131627,0
365,29.80759310722351,2026-03-06T11:17:57.379247,0.0,0.0,5.23,0.0,0.0,0.0,2.0,23.71,13.48,0.53,0.527,STRAIGHT,1.5,1.5,"CMD,0.5,1.50",4.0,0.013,1.872,0.023,1,0.9625,0,NORMAL,54.002,0.778,1,1,1,1,1,78.6,0,0,dijkstra,predict,0.43704,0,,,,,,0,,,,219428,131112,0
366,29.85094404220581,2026-03-06T11:17:57.422598,2.0,0.0,4.01,0.0,0.0,0.0,0.0,22.32,13.47,0.533,0.53,STRAIGHT,1.5,1.5,"CMD,0.5,1.50",4.0,0.013,1.872,0.023,1,0.9625,0,NORMAL,54.365,0.581,1,1,1,1,1,73.6,0,0,dijkstra,predict,0.42911,0,,,,,,0,,,,219428,128733,0
367,30.026435613632202,2026-03-06T11:17:57.598090,113.25,0.0,8.11,14.08,0.0,0.0,0.0,151.46,12.7,0.526,0.53,STRAIGHT,1.5,1.5,"CMD,0.5,1.50",4.0,0.0124,1.918,0.023,1,0.8911,0,NORMAL,54.569,0.494,1,1,1,1,1,95.9,48,4,dijkstra,graph,0.41514,0,,,,,,0,,,,193348,124214,2139
368,30.06519365310669,2026-03-06T11:17:57.636848,2.0,0.0,4.25,0.0,0.0,0.0,0.0,20.27,13.56,0.521,0.526,STRAIGHT,1.5,1.5,"CMD,0.5,1.50",4.0,0.0124,1.918,0.023,1,0.8911,0,NORMAL,53.982,0.556,1,1,1,1,1,85.9,0,0,dijkstra,predict,0.41417,0,,,,,,0,,,,196406,124252,0
369,30.103368043899536,2026-03-06T11:17:57.675022,2.0,0.0,3.74,0.0,0.0,0.0,0.0,20.15,13.6,0.518,0.521,STRAIGHT,1.5,1.5,"CMD,0.5,1.50",4.0,0.0124,1.918,0.023,1,0.8911,0,NORMAL,53.204,0.596,1,1,1,1,1,80.9,0,0,dijkstra,predict,0.41311,0,,,,,,0,,,,196406,123932,0
370,30.14780879020691,2026-03-06T11:17:57.719463,1.74,0.0,4.01,0.0,0.0,0.0,0.0,22.4,13.58,0.516,0.518,STRAIGHT,1.5,1.5,"CMD,0.5,1.50",4.0,0.0124,1.918,0.023,1,0.8911,0,NORMAL,52.458,0.586,1,1,1,1,1,75.9,0,0,dijkstra,predict,0.40691,0,,,,,,0,,,,196406,122073,0
371,30.328846216201782,2026-03-06T11:17:57.900500,116.44,0.0,9.3,17.03,0.0,0.0,0.0,159.01,12.75,0.542,0.518,STRAIGHT,1.5,1.5,"CMD,0.5,1.50",4.0,0.0144,1.781,0.023,1,0.9122,0,NORMAL,51.956,0.612,1,1,1,1,1,89.0,80,3,dijkstra,graph,0.37479,0,,,,,,0,,,,186300,112103,1801
372,30.37291145324707,2026-03-06T11:17:57.944566,4.01,0.0,2.0,0.0,0.0,0.0,2.0,24.03,13.56,0.559,0.542,STRAIGHT,1.5,1.5,"CMD,0.5,1.50",4.0,0.0144,1.781,0.023,1,0.9122,0,NORMAL,51.519,0.629,1,1,1,1,1,79.0,0,0,dijkstra,predict,0.37484,0,,,,,,0,,,,188653,112451,0
373,30.41497778892517,2026-03-06T11:17:57.986632,3.19,0.0,4.01,0.0,0.0,0.0,0.0,23.22,13.55,0.571,0.559,STRAIGHT,1.5,1.5,"CMD,0.6,1.50",4.0,0.0144,1.781,0.023,1,0.9122,0,NORMAL,51.049,0.627,1,1,1,1,1,74.0,0,0,dijkstra,predict,0.37299,0,,,,,,0,,,,188653,111896,0
374,30.452946186065674,2026-03-06T11:17:58.024600,2.0,0.0,4.01,0.0,0.0,0.0,0.0,22.03,13.55,0.578,0.571,STRAIGHT,1.5,1.5,"CMD,0.6,1.50",4.0,0.0144,1.781,0.023,1,0.9122,0,NORMAL,50.652,0.646,1,1,1,1,1,69.0,0,0,dijkstra,predict,0.36619,0,,,,,,0,,,,188653,109857,0
375,30.62423801422119,2026-03-06T11:17:58.195892,114.84,0.0,6.01,14.02,0.0,0.0,0.0,153.27,12.77,0.594,0.578,STRAIGHT,1.5,1.5,"CMD,0.6,1.50",4.0,0.0152,1.735,0.023,1,0.9586,0,NORMAL,50.377,0.634,1,1,1,1,1,86.8,69,3,dijkstra,graph,0.35833,0,,,,,,0,,,,184689,107227,1827
376,30.66429042816162,2026-03-06T11:17:58.235944,2.0,0.0,4.01,0.0,0.0,0.0,0.0,22.03,13.6,0.605,0.594,STRAIGHT,1.5,1.5,"CMD,0.6,1.50",4.0,0.0152,1.735,0.023,1,0.9586,0,NORMAL,50.154,0.636,1,1,1,1,1,76.8,0,0,dijkstra,predict,0.35732,0,,,,,,0,,,,186441,107196,0
377,30.705955743789673,2026-03-06T11:17:58.277610,0.0,0.0,5.61,0.0,0.0,0.0,0.0,21.64,13.6,0.612,0.605,STRAIGHT,1.5,1.5,"CMD,0.6,1.50",4.0,0.0152,1.735,0.023,1,0.9586,0,NORMAL,50.024,0.652,1,1,1,1,1,71.8,0,0,dijkstra,predict,0.35624,0,,,,,,0,,,,186441,106872,0
378,30.746215343475342,2026-03-06T11:17:58.317869,0.0,0.0,4.48,0.0,0.0,0.0,0.0,20.5,13.59,0.616,0.612,STRAIGHT,1.5,1.5,"CMD,0.6,1.50",4.0,0.0152,1.735,0.023,1,0.9586,0,NORMAL,50.016,0.644,1,1,1,1,1,66.8,0,0,dijkstra,predict,0.34917,0,,,,,,0,,,,186441,104752,0
379,30.91235327720642,2026-03-06T11:17:58.484008,107.87,0.0,6.01,14.02,2.0,0.0,0.0,148.12,12.83,0.631,0.616,STRAIGHT,1.5,1.5,"CMD,0.6,1.50",4.0,0.016,1.689,0.023,1,0.9385,0,NORMAL,50.137,0.622,1,1,1,1,1,84.5,76,3,dijkstra,graph,0.32837,0,,,,,,0,,,,173385,98239,1808
380,30.946398973464966,2026-03-06T11:17:58.518053,0.0,0.0,0.0,0.0,0.0,0.0,0.0,14.02,13.68,0.641,0.631,STRAIGHT,1.5,1.5,"CMD,0.6,1.50",4.0,0.016,1.689,0.023,1,0.9385,0,NORMAL,50.374,0.622,1,1,1,1,1,74.5,0,0,dijkstra,predict,0.32773,0,,,,,,0,,,,175180,98320,0
381,30.99050521850586,2026-03-06T11:17:58.562159,0.0,0.0,4.13,0.0,0.0,0.0,0.0,20.15,13.67,0.647,0.641,STRAIGHT,1.5,1.5,"CMD,0.6,1.50",4.0,0.016,1.689,0.023,1,0.9385,0,NORMAL,50.749,0.574,1,1,1,1,1,69.5,0,0,dijkstra,predict,0.32654,0,,,,,,0,,,,175180,97963,0
382,31.026909589767456,2026-03-06T11:17:58.598564,0.0,0.0,4.71,0.0,0.0,0.0,0.0,20.39,13.69,0.651,0.647,STRAIGHT,1.5,1.5,"CMD,0.6,1.50",4.0,0.016,1.689,0.023,1,0.9385,0,NORMAL,51.235,0.56,1,1,1,1,1,64.5,0,0,dijkstra,predict,0.3199,0,,,,,,0,,,,175180,95969,0
383,31.193975687026978,2026-03-06T11:17:58.765630,106.85,0.0,0.0,13.57,0.0,0.0,0.0,148.73,12.93,0.654,0.651,STRAIGHT,1.5,1.5,"CMD,0.7,1.50",4.0,0.016,1.689,0.023,1,0.9536,0,NORMAL,51.75,0.52,1,1,1,1,1,84.5,72,4,dijkstra,graph,0.30434,0,,,,,,0,,,,165400,91147,1579
384,31.232059955596924,2026-03-06T11:17:58.803714,2.0,0.0,4.01,0.0,0.0,0.0,0.0,22.03,13.77,0.656,0.654,STRAIGHT,1.5,1.5,"CMD,0.7,1.50",4.0,0.016,1.689,0.023,1,0.9536,0,NORMAL,51.996,0.507,1,1,1,1,1,74.5,0,0,dijkstra,predict,0.30421,0,,,,,,0,,,,166758,91264,0
385,31.268115520477295,2026-03-06T11:17:58.839770,2.0,0.0,0.0,0.0,0.0,0.0,0.0,18.03,13.79,0.658,0.656,STRAIGHT,1.5,1.5,"CMD,0.7,1.50",4.0,0.016,1.689,0.023,1,0.9536,0,NORMAL,52.373,0.487,1,1,1,1,1,69.5,0,0,dijkstra,predict,0.303,0,,,,,,0,,,,166758,90899,0
386,31.310638427734375,2026-03-06T11:17:58.882292,2.0,0.0,4.01,0.0,0.0,0.0,0.0,22.04,13.79,0.658,0.658,STRAIGHT,1.5,1.5,"CMD,0.7,1.50",4.0,0.016,1.689,0.023,1,0.9536,0,NORMAL,52.711,0.495,1,1,1,1,1,64.5,0,0,dijkstra,predict,0.2969,0,,,,,,0,,,,166758,89070,0
387,31.480103492736816,2026-03-06T11:17:59.051758,112.6,0.0,6.01,6.24,0.0,0.0,0.0,151.44,12.98,0.671,0.658,STRAIGHT,1.5,1.5,"CMD,0.7,1.50",4.0,0.0169,1.644,0.023,1,0.9648,0,NORMAL,53.159,0.454,1,1,1,1,1,82.2,68,4,dijkstra,graph,0.29068,0,,,,,,0,,,,159655,87086,1529
388,31.518670082092285,2026-03-06T11:17:59.090324,2.0,0.0,3.95,0.0,0.0,0.0,0.0,28.32,13.81,0.68,0.671,STRAIGHT,1.5,1.5,"CMD,0.7,1.50",4.0,0.0169,1.644,0.023,1,0.9648,0,NORMAL,53.578,0.46,1,1,1,1,1,72.2,0,0,dijkstra,predict,0.2905,0,,,,,,0,,,,161827,87149,0
389,31.560728311538696,2026-03-06T11:17:59.132382,2.0,0.0,4.0,0.0,0.0,0.0,0.0,22.03,13.84,0.685,0.68,STRAIGHT,1.5,1.5,"CMD,0.7,1.50",4.0,0.0169,1.644,0.023,1,0.9648,0,NORMAL,53.968,0.506,1,1,1,1,1,67.2,0,0,dijkstra,predict,0.28946,0,,,,,,0,,,,161827,86839,0
390,31.592774391174316,2026-03-06T11:17:59.164429,0.0,0.0,0.0,0.0,0.0,0.0,0.0,16.02,13.9,0.689,0.685,STRAIGHT,1.5,1.5,"CMD,0.7,1.50",4.0,0.0169,1.644,0.023,1,0.9648,0,NORMAL,54.373,0.53,1,1,1,1,1,62.2,0,0,dijkstra,predict,0.28345,0,,,,,,0,,,,161827,85036,0
391,31.764270782470703,2026-03-06T11:17:59.335925,107.46,0.0,7.01,15.14,1.0,0.0,0.0,149.0,13.09,0.68,0.685,STRAIGHT,1.5,1.5,"CMD,0.7,1.50",4.0,0.016,1.689,0.023,1,0.9708,0,NORMAL,54.979,0.538,1,1,1,1,1,84.5,69,4,dijkstra,graph,0.28802,0,,,,,,0,,,,160856,86241,1519
392,31.80232048034668,2026-03-06T11:17:59.373975,0.0,0.0,2.0,0.0,0.0,0.0,0.0,20.03,13.95,0.673,0.68,STRAIGHT,1.5,1.5,"CMD,0.7,1.50",4.0,0.016,1.689,0.023,1,0.9708,0,NORMAL,55.528,0.563,1,1,1,1,1,74.5,0,0,dijkstra,predict,0.28735,0,,,,,,0,,,,163949,86206,0
393,31.842843532562256,2026-03-06T11:17:59.414498,2.0,0.0,4.01,0.0,0.0,0.0,0.0,21.77,13.96,0.669,0.673,STRAIGHT,1.5,1.5,"CMD,0.7,1.50",4.0,0.016,1.689,0.023,1,0.9708,0,NORMAL,56.286,0.589,1,1,1,1,1,69.5,0,0,dijkstra,predict,0.28652,0,,,,,,0,,,,163949,85956,0
394,31.880130290985107,2026-03-06T11:17:59.451785,2.87,0.0,2.0,0.0,0.0,0.0,0.0,20.4,13.99,0.666,0.669,STRAIGHT,1.5,1.5,"CMD,0.7,1.50",4.0,0.016,1.689,0.023,1,0.9708,0,NORMAL,56.921,0.61,1,1,1,1,1,64.5,0,0,dijkstra,predict,0.28011,0,,,,,,0,,,,163949,84032,0
395,32.04620552062988,2026-03-06T11:17:59.617860,108.5,0.0,6.01,14.02,0.0,0.0,2.0,148.55,13.21,0.664,0.666,STRAIGHT,1.5,1.5,"CMD,0.7,1.50",4.0,0.016,1.689,0.023,1,0.9734,0,NORMAL,57.843,0.624,1,1,1,1,1,84.5,70,3,dijkstra,graph,0.28285,0,,,,,,0,,,,158953,84535,1607
396,32.087048292160034,2026-03-06T11:17:59.658702,0.0,0.0,4.01,0.0,0.0,0.0,2.44,24.82,14.06,0.663,0.664,STRAIGHT,1.5,1.5,"CMD,0.7,1.50",4.0,0.016,1.689,0.023,1,0.9734,0,NORMAL,58.795,0.605,1,1,1,1,1,74.5,0,0,dijkstra,predict,0.28165,0,,,,,,0,,,,161999,84494,0
397,32.12721037864685,2026-03-06T11:17:59.698864,0.0,0.0,3.6,0.0,0.0,0.0,0.0,22.31,14.06,0.662,0.663,STRAIGHT,1.5,1.5,"CMD,0.7,1.50",4.0,0.016,1.689,0.023,1,0.9734,0,NORMAL,59.523,0.621,1,1,1,1,1,69.5,0,0,dijkstra,predict,0.28082,0,,,,,,0,,,,161999,84247,0
398,32.167593002319336,2026-03-06T11:17:59.739247,2.44,0.0,3.01,0.0,0.0,0.0,0.0,20.35,14.05,0.661,0.662,STRAIGHT,1.5,1.5,"CMD,0.7,1.50",4.0,0.016,1.689,0.023,1,0.9734,0,NORMAL,60.012,0.638,1,1,1,1,1,64.5,0,0,dijkstra,predict,0.27452,0,,,,,,0,,,,161999,82355,0
399,32.336634397506714,2026-03-06T11:17:59.908289,112.97,0.0,6.01,12.02,0.0,0.0,0.0,153.02,13.25,0.661,0.661,STRAIGHT,1.5,1.5,"CMD,0.7,1.50",4.0,0.016,1.689,0.023,1,0.9597,0,NORMAL,59.989,0.613,1,1,1,1,1,80.8,64,3,dijkstra,graph,0.27486,0,,,,,,0,,,,155486,82222,1499
400,32.378185987472534,2026-03-06T11:17:59.949840,2.0,0.0,4.01,0.0,0.0,0.0,0.0,23.53,14.15,0.661,0.661,STRAIGHT,1.5,1.5,"CMD,0.7,1.50",4.0,0.016,1.689,0.023,1,0.9597,0,NORMAL,61.643,0.676,1,1,1,1,1,75.8,0,0,dijkstra,predict,0.26477,0,,,,,,0,,,,156902,79432,0
401,32.54477071762085,2026-03-06T11:18:00.116425,108.17,0.0,6.01,11.84,0.0,0.0,0.0,148.56,13.35,0.66,0.661,STRAIGHT,1.5,1.5,"CMD,0.7,1.50",4.0,0.016,1.689,0.023,1,0.9515,0,NORMAL,61.765,0.697,1,1,1,1,1,84.5,62,2,dijkstra,graph,0.26471,0,,,,,,0,,,,152589,79239,1404
402,32.58199334144592,2026-03-06T11:18:00.153647,0.0,0.0,5.18,0.0,0.0,0.0,0.0,19.2,13.38,0.66,0.66,STRAIGHT,1.5,1.5,"CMD,0.7,1.50",4.0,0.016,1.689,0.023,1,0.9515,0,NORMAL,62.941,0.727,1,1,1,1,1,74.5,0,0,dijkstra,predict,0.26463,0,,,,,,0,,,,153370,79390,0
403,32.6195125579834,2026-03-06T11:18:00.191167,2.84,0.0,3.01,0.0,0.0,0.0,0.0,20.5,13.39,0.66,0.66,STRAIGHT,1.5,1.5,"CMD,0.7,1.50",4.0,0.016,1.689,0.023,1,0.9515,0,NORMAL,62.953,0.748,1,1,1,1,1,69.5,0,0,dijkstra,predict,0.26324,0,,,,,,0,,,,153370,78973,0
404,32.656410455703735,2026-03-06T11:18:00.228065,0.0,0.0,4.4,0.0,0.0,0.0,2.0,20.88,14.27,0.66,0.66,STRAIGHT,1.5,1.5,"CMD,0.7,1.50",4.0,0.016,1.689,0.023,1,0.9515,0,NORMAL,64.636,0.818,1,1,1,1,1,64.5,0,0,dijkstra,predict,0.25722,0,,,,,,0,,,,153370,77167,0
405,32.82186555862427,2026-03-06T11:18:00.393520,107.68,0.0,8.01,6.01,8.04,0.0,0.0,151.52,13.44,0.672,0.66,STRAIGHT,1.5,1.5,"CMD,0.7,1.50",4.0,0.0169,1.644,0.023,1,0.9702,0,NORMAL,65.587,0.836,1,1,1,1,1,82.2,50,3,dijkstra,graph,0.25374,0,,,,,,0,,,,148978,75926,1480
406,32.86199402809143,2026-03-06T11:18:00.433648,2.0,0.0,2.58,0.0,0.0,0.0,0.0,20.6,13.45,0.681,0.672,STRAIGHT,1.5,1.5,"CMD,0.7,1.50",4.0,0.0169,1.644,0.023,1,0.9702,0,NORMAL,65.378,0.893,1,1,1,1,1,72.2,0,0,dijkstra,predict,0.25337,0,,,,,,0,,,,149835,76010,0
407,32.90041923522949,2026-03-06T11:18:00.472073,3.28,0.0,4.01,0.0,0.0,0.0,0.0,20.66,13.45,0.686,0.681,STRAIGHT,1.5,1.5,"CMD,0.7,1.50",4.0,0.0169,1.644,0.023,1,0.9702,0,NORMAL,66.069,0.881,1,1,1,1,1,67.2,0,0,dijkstra,predict,0.25223,0,,,,,,0,,,,149835,75670,0
408,32.94290328025818,2026-03-06T11:18:00.514557,2.83,0.0,5.18,0.0,0.0,0.0,0.0,24.22,14.28,0.69,0.686,STRAIGHT,1.5,1.5,"CMD,0.7,1.50",4.0,0.0169,1.644,0.023,1,0.9702,0,NORMAL,67.095,0.879,1,1,1,1,1,62.2,0,0,dijkstra,predict,0.24625,0,,,,,,0,,,,149835,73874,0
409,33.11490178108215,2026-03-06T11:18:00.686556,111.68,0.0,6.63,11.76,0.0,0.0,0.0,150.08,13.38,0.68,0.686,STRAIGHT,1.5,1.5,"CMD,0.7,1.50",4.0,0.016,1.689,0.023,1,0.9804,0,NORMAL,67.684,0.821,1,1,1,1,1,84.5,53,2,dijkstra,graph,0.2499,0,,,,,,0,,,,147511,74649,1312
410,33.15121626853943,2026-03-06T11:18:00.722870,2.0,0.0,4.01,0.0,0.0,0.0,0.0,19.77,13.42,0.673,0.68,STRAIGHT,1.5,1.5,"CMD,0.7,1.50",4.0,0.016,1.689,0.023,1,0.9804,0,NORMAL,67.655,0.819,1,1,1,1,1,74.5,0,0,dijkstra,predict,0.24905,0,,,,,,0,,,,148277,74715,0
411,33.18943214416504,2026-03-06T11:18:00.761086,2.17,0.0,4.01,0.0,0.0,0.0,0.0,22.2,13.41,0.669,0.673,STRAIGHT,1.5,1.5,"CMD,0.7,1.50",4.0,0.016,1.689,0.023,1,0.9804,0,NORMAL,67.992,0.792,1,1,1,1,1,69.5,0,0,dijkstra,predict,0.24785,0,,,,,,0,,,,148277,74355,0
412,33.22748804092407,2026-03-06T11:18:00.799142,2.0,0.0,4.01,0.0,0.0,0.0,0.0,22.04,14.26,0.666,0.669,STRAIGHT,1.5,1.5,"CMD,0.7,1.50",4.0,0.016,1.689,0.023,1,0.9804,0,NORMAL,68.82,0.772,1,1,1,1,1,64.5,0,0,dijkstra,predict,0.24175,0,,,,,,0,,,,148277,72525,0
413,33.39370012283325,2026-03-06T11:18:00.965354,110.14,0.0,8.01,12.02,2.0,0.0,0.0,150.19,13.42,0.664,0.666,STRAIGHT,1.5,1.5,"CMD,0.7,1.50",4.0,0.016,1.689,0.023,1,0.9754,0,NORMAL,69.318,0.702,1,1,1,1,1,84.5,62,4,dijkstra,graph,0.25709,0,,,,,,0,,,,150671,76897,1515
414,33.43616962432861,2026-03-06T11:18:01.007824,3.42,0.0,3.01,0.0,0.0,0.0,0.0,22.44,13.38,0.663,0.664,STRAIGHT,1.5,1.5,"CMD,0.7,1.50",4.0,0.016,1.689,0.023,1,0.9754,0,NORMAL,69.343,0.672,1,1,1,1,1,74.5,0,0,dijkstra,predict,0.25648,0,,,,,,0,,,,151617,76944,0
415,33.47409677505493,2026-03-06T11:18:01.045751,2.0,0.0,4.01,0.0,0.0,0.0,0.0,21.9,13.4,0.662,0.663,STRAIGHT,1.5,1.5,"CMD,0.7,1.50",4.0,0.016,1.689,0.023,1,0.9754,0,NORMAL,69.608,0.655,1,1,1,1,1,69.5,0,0,dijkstra,predict,0.25533,0,,,,,,0,,,,151617,76598,0
416,33.50813865661621,2026-03-06T11:18:01.079793,2.0,0.0,0.0,0.0,0.0,0.0,0.0,18.02,14.3,0.661,0.662,STRAIGHT,1.5,1.5,"CMD,0.7,1.50",4.0,0.016,1.689,0.023,1,0.9754,0,NORMAL,69.869,0.651,1,1,1,1,1,64.5,0,0,dijkstra,predict,0.24907,0,,,,,,0,,,,151617,74721,0
417,33.67121767997742,2026-03-06T11:18:01.242872,104.84,0.0,6.01,12.02,0.0,0.0,0.0,142.89,13.47,0.673,0.662,STRAIGHT,1.5,1.5,"CMD,0.7,1.50",4.0,0.0169,1.644,0.023,1,0.9797,0,NORMAL,69.934,0.593,1,1,1,1,1,82.2,53,3,dijkstra,graph,0.25843,0,,,,,,0,,,,150022,77429,1406
418,33.715332984924316,2026-03-06T11:18:01.286987,0.0,0.0,6.05,0.0,0.0,0.0,0.0,24.08,13.46,0.681,0.673,STRAIGHT,1.5,1.5,"CMD,0.7,1.50",4.0,0.0169,1.644,0.023,1,0.9797,0,NORMAL,70.083,0.623,1,1,1,1,1,72.2,0,0,dijkstra,predict,0.2583,0,,,,,,0,,,,150207,77490,0
419,33.75658178329468,2026-03-06T11:18:01.328236,0.0,0.0,5.5,0.0,0.0,0.0,0.0,21.52,13.4,0.686,0.681,STRAIGHT,1.5,1.5,"CMD,0.7,1.50",4.0,0.0169,1.644,0.023,1,0.9797,0,NORMAL,70.38,0.533,1,1,1,1,1,67.2,0,0,dijkstra,predict,0.25711,0,,,,,,0,,,,150207,77133,0
420,33.794273138046265,2026-03-06T11:18:01.365927,0.0,0.0,5.01,0.0,0.0,0.0,0.0,19.66,14.29,0.69,0.686,STRAIGHT,1.5,1.5,"CMD,0.7,1.50",4.0,0.0169,1.644,0.023,1,0.9797,0,NORMAL,70.634,0.5,1,1,1,1,1,62.2,0,0,dijkstra,predict,0.25112,0,,,,,,0,,,,150207,75335,0
421,33.96912741661072,2026-03-06T11:18:01.540782,106.45,0.0,14.38,14.02,0.0,0.0,0.0,156.81,13.38,0.68,0.686,STRAIGHT,1.5,1.5,"CMD,0.7,1.50",4.0,0.016,1.689,0.023,1,0.9814,0,NORMAL,70.711,0.465,1,1,1,1,1,84.5,74,4,dijkstra,graph,0.26488,0,,,,,,0,,,,152487,79290,1555
422,34.00835943222046,2026-03-06T11:18:01.580014,2.0,0.0,4.01,0.0,0.0,0.0,0.0,23.54,13.39,0.673,0.68,STRAIGHT,1.5,1.5,"CMD,0.7,1.50",4.0,0.016,1.689,0.023,1,0.9814,0,NORMAL,70.711,0.456,1,1,1,1,1,74.5,0,0,dijkstra,predict,0.26449,0,,,,,,0,,,,152768,79347,0
423,34.047990798950195,2026-03-06T11:18:01.619645,2.0,0.0,4.06,0.0,0.0,0.0,0.0,20.08,13.38,0.669,0.673,STRAIGHT,1.5,1.5,"CMD,0.7,1.50",4.0,0.016,1.689,0.023,1,0.9814,0,NORMAL,70.711,0.471,1,1,1,1,1,69.5,0,0,dijkstra,predict,0.26331,0,,,,,,0,,,,152768,78993,0
424,34.08804774284363,2026-03-06T11:18:01.659702,2.0,0.0,4.01,0.0,0.0,0.0,0.0,20.03,14.2,0.666,0.669,STRAIGHT,1.5,1.5,"CMD,0.7,1.50",4.0,0.016,1.689,0.023,1,0.9814,0,NORMAL,70.711,0.446,1,1,1,1,1,64.5,0,0,dijkstra,predict,0.25698,0,,,,,,0,,,,152768,77093,0
425,34.256494998931885,2026-03-06T11:18:01.828149,114.03,0.0,6.01,14.02,0.0,0.0,0.0,152.43,13.37,0.664,0.666,STRAIGHT,1.5,1.5,"CMD,0.7,1.50",4.0,0.016,1.689,0.023,1,0.9659,0,NORMAL,70.711,0.434,1,1,1,1,1,84.5,64,3,dijkstra,graph,0.27062,0,,,,,,0,,,,153728,81016,1523
426,34.294546604156494,2026-03-06T11:18:01.866201,2.0,0.0,2.0,0.0,0.0,0.0,0.0,18.03,13.38,0.663,0.664,STRAIGHT,1.5,1.5,"CMD,0.7,1.50",4.0,0.016,1.689,0.023,1,0.9659,0,NORMAL,70.711,0.439,1,1,1,1,1,74.5,0,0,dijkstra,predict,0.27028,0,,,,,,0,,,,154268,81085,0
427,34.33552050590515,2026-03-06T11:18:01.907175,2.28,0.0,3.5,0.0,0.0,0.0,0.0,20.47,13.38,0.662,0.663,STRAIGHT,1.5,1.5,"CMD,0.7,1.50",4.0,0.016,1.689,0.023,1,0.9659,0,NORMAL,70.711,0.41,1,1,1,1,1,69.5,0,0,dijkstra,predict,0.26909,0,,,,,,0,,,,154268,80726,0
428,34.37611937522888,2026-03-06T11:18:01.947773,0.0,0.0,0.0,0.0,0.0,0.0,0.0,24.58,14.22,0.661,0.662,STRAIGHT,1.5,1.5,"CMD,0.7,1.50",4.0,0.016,1.689,0.023,1,0.9659,0,NORMAL,70.711,0.406,1,1,1,1,1,64.5,0,0,dijkstra,predict,0.26276,0,,,,,,0,,,,154268,78828,0
429,34.54272985458374,2026-03-06T11:18:02.114384,110.4,0.0,8.01,12.02,0.0,0.0,0.0,154.6,13.41,0.661,0.661,STRAIGHT,1.5,1.5,"CMD,0.7,1.50",4.0,0.016,1.689,0.023,1,0.9734,0,NORMAL,70.711,0.38,1,1,1,1,1,84.5,52,4,dijkstra,graph,0.2757,0,,,,,,0,,,,156847,82524,1418
430,34.58144545555115,2026-03-06T11:18:02.153100,2.01,0.0,4.67,0.0,0.0,0.0,0.0,20.69,14.24,0.661,0.661,STRAIGHT,1.5,1.5,"CMD,0.7,1.50",4.0,0.016,1.689,0.023,1,0.9734,0,NORMAL,70.711,0.456,1,1,1,1,1,74.5,0,0,dijkstra,predict,0.27527,0,,,,,,0,,,,157541,82580,0
431,34.6238751411438,2026-03-06T11:18:02.195529,2.0,0.0,4.01,0.0,0.0,0.0,0.0,22.67,14.2,0.661,0.661,STRAIGHT,1.5,1.5,"CMD,0.7,1.50",4.0,0.016,1.689,0.023,1,0.9734,0,NORMAL,70.711,0.503,1,1,1,1,1,69.5,0,0,dijkstra,predict,0.27432,0,,,,,,0,,,,157541,82296,0
432,34.662087202072144,2026-03-06T11:18:02.233741,1.0,0.0,4.26,0.0,0.0,0.0,0.0,20.53,14.2,0.66,0.661,STRAIGHT,1.5,1.5,"CMD,0.7,1.50",4.0,0.016,1.689,0.023,1,0.9734,0,NORMAL,70.711,0.529,1,1,1,1,1,64.5,0,0,dijkstra,predict,0.26843,0,,,,,,0,,,,157541,80530,0
433,34.820754528045654,2026-03-06T11:18:02.392409,106.86,0.0,6.01,12.02,0.0,0.0,0.0,142.91,13.4,0.638,0.66,STRAIGHT,1.5,1.5,"CMD,0.7,1.50",4.0,0.0144,1.781,0.023,1,0.9506,0,NORMAL,70.711,0.567,1,1,1,1,1,89.0,64,4,dijkstra,graph,0.2895,0,,,,,,0,,,,159977,86565,1596
434,34.86910700798035,2026-03-06T11:18:02.440761,0.0,0.0,6.16,0.0,0.0,0.0,0.0,22.18,14.17,0.623,0.638,STRAIGHT,1.5,1.5,"CMD,0.6,1.50",4.0,0.0144,1.781,0.023,1,0.9506,0,NORMAL,70.711,0.604,1,1,1,1,1,79.0,0,0,dijkstra,predict,0.28876,0,,,,,,0,,,,160928,86627,0
435,34.90937256813049,2026-03-06T11:18:02.481027,2.0,0.0,3.01,0.0,0.0,0.0,0.0,20.08,14.16,0.613,0.623,STRAIGHT,1.5,1.5,"CMD,0.6,1.50",4.0,0.0144,1.781,0.023,1,0.9506,0,NORMAL,70.711,0.686,1,1,1,1,1,74.0,0,0,dijkstra,predict,0.28774,0,,,,,,0,,,,160928,86323,0
436,34.94690537452698,2026-03-06T11:18:02.518560,0.0,0.0,5.49,0.0,0.0,0.0,0.0,21.51,14.17,0.607,0.613,STRAIGHT,1.5,1.5,"CMD,0.6,1.50",4.0,0.0144,1.781,0.023,1,0.9506,0,NORMAL,70.711,0.655,1,1,1,1,1,69.0,0,0,dijkstra,predict,0.2819,0,,,,,,0,,,,160928,84571,0
437,35.11698269844055,2026-03-06T11:18:02.688637,110.64,0.0,0.0,12.02,0.0,0.0,0.0,153.05,13.34,0.593,0.607,STRAIGHT,1.5,1.5,"CMD,0.6,1.50",4.0,0.0137,1.826,0.023,1,0.9674,0,NORMAL,70.711,0.682,1,1,1,1,1,91.3,49,6,dijkstra,graph,0.29147,0,,,,,,0,,,,162005,87238,1633
438,35.15950679779053,2026-03-06T11:18:02.731161,2.0,0.0,2.0,0.0,0.0,0.0,0.0,22.38,14.17,0.584,0.593,STRAIGHT,1.5,1.5,"CMD,0.6,1.50",4.0,0.0137,1.826,0.023,1,0.9674,0,NORMAL,70.711,0.701,1,1,1,1,1,81.3,0,0,dijkstra,predict,0.29109,0,,,,,,0,,,,163115,87326,0
439,35.197561264038086,2026-03-06T11:18:02.769215,2.01,0.0,2.0,0.0,0.0,0.0,0.0,22.03,14.17,0.577,0.584,STRAIGHT,1.5,1.5,"CMD,0.6,1.50",4.0,0.0137,1.826,0.023,1,0.9674,0,NORMAL,70.711,0.818,1,1,1,1,1,76.3,0,0,dijkstra,predict,0.29005,0,,,,,,0,,,,163115,87014,0
440,35.23369002342224,2026-03-06T11:18:02.805344,0.0,0.0,6.09,0.0,0.0,0.0,0.0,20.11,14.19,0.573,0.577,STRAIGHT,1.5,1.5,"CMD,0.6,1.50",4.0,0.0137,1.826,0.023,1,0.9674,0,NORMAL,70.711,0.821,1,1,1,1,1,71.3,0,0,dijkstra,predict,0.28401,0,,,,,,0,,,,163115,85202,0
441,35.40500235557556,2026-03-06T11:18:02.976657,110.15,0.0,9.01,4.01,0.0,0.0,0.0,153.29,13.32,0.57,0.573,STRAIGHT,1.5,1.5,"CMD,0.6,1.50",4.0,0.0137,1.826,0.023,1,0.9514,0,NORMAL,70.711,0.813,1,1,1,1,1,91.3,66,5,dijkstra,graph,0.29833,0,,,,,,0,,,,163937,89252,1732
442,35.44525098800659,2026-03-06T11:18:03.016905,0.0,0.0,4.01,0.0,0.0,0.0,0.0,22.03,14.14,0.569,0.57,STRAIGHT,1.5,1.5,"CMD,0.6,1.50",4.0,0.0137,1.826,0.023,1,0.9514,0,NORMAL,70.711,0.83,1,1,1,1,1,81.3,0,0,dijkstra,predict,0.29779,0,,,,,,0,,,,165524,89336,0
443,35.483295917510986,2026-03-06T11:18:03.054950,0.0,0.0,4.0,0.0,0.0,0.0,0.0,20.02,14.17,0.567,0.569,STRAIGHT,1.5,1.5,"CMD,0.6,1.50",4.0,0.0137,1.826,0.023,1,0.9514,0,NORMAL,70.711,0.815,1,1,1,1,1,76.3,0,0,dijkstra,predict,0.29671,0,,,,,,0,,,,165524,89012,0
444,35.516480445861816,2026-03-06T11:18:03.088134,0.0,0.0,0.0,0.0,0.0,0.0,0.0,22.83,14.2,0.566,0.567,STRAIGHT,1.5,1.5,"CMD,0.6,1.50",4.0,0.0137,1.826,0.023,1,0.9514,0,NORMAL,70.711,0.81,1,1,1,1,1,71.3,0,0,dijkstra,predict,0.29054,0,,,,,,0,,,,165524,87161,0
445,35.68822741508484,2026-03-06T11:18:03.259882,109.42,0.0,8.01,12.27,0.0,0.0,0.0,149.73,13.3,0.557,0.566,STRAIGHT,1.5,1.5,"CMD,0.6,1.50",4.0,0.013,1.872,0.023,1,0.9599,0,NORMAL,70.711,0.745,1,1,1,1,1,93.6,59,4,dijkstra,graph,0.3119,0,,,,,,0,,,,168664,93382,1546
446,35.72427296638489,2026-03-06T11:18:03.295927,2.0,0.0,0.0,0.0,0.0,0.0,0.0,18.02,14.13,0.55,0.557,STRAIGHT,1.5,1.5,"CMD,0.6,1.50",4.0,0.013,1.872,0.023,1,0.9599,0,NORMAL,70.711,0.718,1,1,1,1,1,83.6,0,0,dijkstra,predict,0.3115,0,,,,,,0,,,,169347,93451,0
447,35.766735792160034,2026-03-06T11:18:03.338390,2.0,0.0,4.01,0.0,0.0,0.0,0.0,21.64,14.14,0.546,0.55,STRAIGHT,1.5,1.5,"CMD,0.6,1.50",4.0,0.013,1.872,0.023,1,0.9599,0,NORMAL,70.711,0.755,1,1,1,1,1,78.6,0,0,dijkstra,predict,0.31047,0,,,,,,0,,,,169347,93142,0
448,35.80486464500427,2026-03-06T11:18:03.376519,0.0,0.0,0.0,0.0,0.0,0.0,0.0,16.02,14.2,0.543,0.546,STRAIGHT,1.5,1.5,"CMD,0.5,1.50",4.0,0.013,1.872,0.023,1,0.9599,0,NORMAL,70.711,0.76,1,1,1,1,1,73.6,0,0,dijkstra,predict,0.30407,0,,,,,,0,,,,169347,91222,0
449,35.97357106208801,2026-03-06T11:18:03.545225,107.41,0.0,8.38,12.8,0.0,0.0,0.0,150.1,13.31,0.541,0.543,STRAIGHT,1.5,1.5,"CMD,0.5,1.50",4.0,0.013,1.872,0.023,1,0.9772,0,NORMAL,70.711,0.738,1,1,1,1,1,93.6,70,4,dijkstra,graph,0.31961,0,,,,,,0,,,,170550,95772,1598
450,36.0151264667511,2026-03-06T11:18:03.586781,2.0,0.0,4.0,0.0,0.0,0.0,0.0,22.03,14.17,0.54,0.541,STRAIGHT,1.5,1.5,"CMD,0.5,1.50",4.0,0.013,1.872,0.023,1,0.9772,0,NORMAL,70.711,0.784,1,1,1,1,1,83.6,0,0,dijkstra,predict,0.31954,0,,,,,,0,,,,173866,95861,0
451,36.05267405509949,2026-03-06T11:18:03.624328,2.0,0.0,4.01,0.0,0.0,0.0,0.0,20.03,14.19,0.539,0.54,STRAIGHT,1.5,1.5,"CMD,0.5,1.50",4.0,0.013,1.872,0.023,1,0.9772,0,NORMAL,70.711,0.76,1,1,1,1,1,78.6,0,0,dijkstra,predict,0.31848,0,,,,,,0,,,,173866,95544,0
452,36.09171175956726,2026-03-06T11:18:03.663366,0.0,0.0,4.99,0.0,0.0,0.0,0.0,19.01,14.19,0.539,0.539,STRAIGHT,1.5,1.5,"CMD,0.5,1.50",4.0,0.013,1.872,0.023,1,0.9772,0,NORMAL,70.711,0.797,1,1,1,1,1,73.6,0,0,dijkstra,predict,0.31218,0,,,,,,0,,,,173866,93654,0
453,36.26643943786621,2026-03-06T11:18:03.838094,116.68,0.0,8.01,12.16,0.0,0.0,0.0,156.87,13.31,0.522,0.539,STRAIGHT,1.5,1.5,"CMD,0.5,1.50",4.0,0.0118,1.963,0.023,1,0.959,0,NORMAL,70.711,0.82,1,1,1,1,1,98.2,58,5,dijkstra,graph,0.33926,0,,,,,,0,,,,176217,101542,1787
454,36.305232524871826,2026-03-06T11:18:03.876887,0.0,0.0,4.74,0.0,0.0,0.0,0.0,20.77,14.16,0.511,0.522,STRAIGHT,1.5,1.5,"CMD,0.5,1.50",4.0,0.0118,1.963,0.023,1,0.959,0,NORMAL,70.711,0.766,1,1,1,1,1,88.2,0,0,dijkstra,predict,0.33862,0,,,,,,0,,,,179312,101587,0
455,36.34506320953369,2026-03-06T11:18:03.916717,2.0,0.0,4.0,0.0,0.0,0.0,0.0,22.03,14.14,0.504,0.511,STRAIGHT,1.5,1.5,"CMD,0.5,1.50",4.0,0.0118,1.963,0.023,1,0.959,0,NORMAL,70.711,0.777,1,1,1,1,1,83.2,0,0,dijkstra,predict,0.33766,0,,,,,,0,,,,179312,101297,0
456,36.38329005241394,2026-03-06T11:18:03.954944,0.0,0.0,4.18,0.0,0.0,0.0,0.0,22.21,14.16,0.499,0.504,STRAIGHT,1.5,1.5,"CMD,0.5,1.50",4.0,0.0118,1.963,0.023,1,0.959,0,NORMAL,70.711,0.763,1,1,1,1,1,78.2,0,0,dijkstra,predict,0.33094,0,,,,,,0,,,,179312,99282,0
457,36.55482459068298,2026-03-06T11:18:04.126479,110.86,0.0,8.23,12.02,2.0,0.0,0.0,155.44,13.31,0.495,0.499,STRAIGHT,1.5,1.5,"CMD,0.5,1.50",4.0,0.0118,1.963,0.023,1,0.9646,0,NORMAL,70.711,0.76,1,1,1,1,1,98.2,66,4,dijkstra,graph,0.33603,0,,,,,,0,,,,173517,100687,1599
458,36.59239912033081,2026-03-06T11:18:04.164053,0.0,0.0,4.01,0.0,0.0,0.0,0.0,19.55,14.13,0.493,0.495,STRAIGHT,1.5,1.5,"CMD,0.5,1.50",4.0,0.0118,1.963,0.023,1,0.9646,0,NORMAL,70.427,0.779,1,1,1,1,1,88.2,0,0,dijkstra,predict,0.33608,0,,,,,,0,,,,175985,100825,0
459,36.63044738769531,2026-03-06T11:18:04.202102,2.0,0.0,0.0,0.0,0.0,0.0,0.0,16.02,14.15,0.492,0.493,STRAIGHT,1.5,1.5,"CMD,0.5,1.50",4.0,0.0118,1.963,0.023,1,0.9646,0,NORMAL,70.524,0.79,1,1,1,1,1,83.2,0,0,dijkstra,predict,0.33487,0,,,,,,0,,,,175985,100461,0
460,36.67219686508179,2026-03-06T11:18:04.243851,2.0,0.0,4.01,0.0,0.0,0.0,0.0,20.03,14.16,0.491,0.492,STRAIGHT,1.5,1.5,"CMD,0.5,1.50",4.0,0.0118,1.963,0.023,1,0.9646,0,NORMAL,70.361,0.754,1,1,1,1,1,78.2,0,0,dijkstra,predict,0.32852,0,,,,,,0,,,,175985,98557,0
461,36.84108066558838,2026-03-06T11:18:04.412735,108.02,0.0,8.01,17.06,0.0,0.0,0.0,151.12,13.32,0.483,0.491,STRAIGHT,1.5,1.5,"CMD,0.5,1.50",4.0,0.0113,2.009,0.023,1,0.9733,0,NORMAL,70.131,0.739,1,1,1,1,1,100.5,75,3,dijkstra,graph,0.35252,0,,,,,,0,,,,176515,105593,1897
462,36.879132986068726,2026-03-06T11:18:04.450787,2.0,0.0,4.01,0.0,0.0,0.0,0.0,22.03,14.09,0.477,0.483,STRAIGHT,1.5,1.5,"CMD,0.5,1.50",4.0,0.0113,2.009,0.023,1,0.9733,0,NORMAL,69.894,0.693,1,1,1,1,1,90.5,0,0,dijkstra,predict,0.35216,0,,,,,,0,,,,179184,105647,0
463,36.92119598388672,2026-03-06T11:18:04.492850,2.0,0.0,4.0,0.0,0.0,0.0,0.0,22.03,14.13,0.474,0.477,STRAIGHT,1.5,1.5,"CMD,0.5,1.50",4.0,0.0113,2.009,0.023,1,0.9733,0,NORMAL,68.516,0.708,1,1,1,1,1,85.5,0,0,dijkstra,predict,0.35121,0,,,,,,0,,,,179184,105363,0
464,36.961249113082886,2026-03-06T11:18:04.532903,2.0,0.0,2.0,0.0,0.0,0.0,0.0,20.03,14.13,0.471,0.474,STRAIGHT,1.5,1.5,"CMD,0.5,1.50",4.0,0.0113,2.009,0.023,1,0.9733,0,NORMAL,67.74,0.915,1,1,1,1,1,80.5,0,0,dijkstra,predict,0.34481,0,,,,,,0,,,,179184,103443,0
465,37.131852865219116,2026-03-06T11:18:04.703507,112.24,0.0,6.01,12.02,2.0,0.0,0.0,152.52,13.27,0.463,0.471,STRAIGHT,1.5,1.5,"CMD,0.5,1.50",4.0,0.0108,2.055,0.023,1,0.9612,0,NORMAL,66.981,0.905,1,1,1,1,1,102.7,55,7,dijkstra,graph,0.37876,0,,,,,,0,,,,183286,113344,2026
466,37.164491415023804,2026-03-06T11:18:04.736145,0.0,0.0,0.0,0.0,0.0,0.0,0.0,14.62,14.16,0.457,0.463,STRAIGHT,1.5,1.5,"CMD,0.5,1.50",4.0,0.0108,2.055,0.023,1,0.9612,0,NORMAL,66.181,0.868,1,1,1,1,1,92.7,0,0,dijkstra,predict,0.37767,0,,,,,,0,,,,186907,113300,0
467,37.20828151702881,2026-03-06T11:18:04.779936,2.0,0.0,4.01,0.0,0.0,0.0,0.0,22.27,14.15,0.454,0.457,STRAIGHT,1.5,1.5,"CMD,0.5,1.50",4.0,0.0108,2.055,0.023,1,0.9612,0,NORMAL,65.962,0.814,1,1,1,1,1,87.7,0,0,dijkstra,predict,0.37707,0,,,,,,0,,,,186907,113122,0
468,37.25147461891174,2026-03-06T11:18:04.823129,0.0,0.0,7.14,0.0,0.0,0.0,0.0,23.16,14.12,0.451,0.454,STRAIGHT,1.5,1.5,"CMD,0.5,1.50",4.0,0.0108,2.055,0.023,1,0.9612,0,NORMAL,66.349,0.737,1,1,1,1,1,82.7,0,0,dijkstra,predict,0.37043,0,,,,,,0,,,,186907,111130,0
469,37.42131471633911,2026-03-06T11:18:04.992969,108.76,0.0,8.01,16.02,0.0,0.0,0.0,152.82,13.26,0.443,0.451,STRAIGHT,1.5,1.5,"CMD,0.5,1.50",4.0,0.0104,2.1,0.023,1,0.9594,0,NORMAL,66.07,0.71,1,1,1,1,1,105.0,80,3,dijkstra,graph,0.40068,0,,,,,,0,,,,190454,119971,2029
470,37.46311116218567,2026-03-06T11:18:05.034765,0.0,0.0,0.0,0.0,0.0,0.0,0.0,21.77,14.09,0.438,0.443,STRAIGHT,1.5,1.5,"CMD,0.4,1.50",4.0,0.0104,2.1,0.023,1,0.9594,0,NORMAL,65.56,0.697,1,1,1,1,1,95.0,0,0,dijkstra,predict,0.39963,0,,,,,,0,,,,193563,119888,0
471,37.50607895851135,2026-03-06T11:18:05.077733,2.0,0.0,2.0,0.0,0.0,0.0,0.0,21.94,14.07,0.434,0.438,STRAIGHT,1.5,1.5,"CMD,0.4,1.50",4.0,0.0104,2.1,0.023,1,0.9594,0,NORMAL,65.765,0.656,1,1,1,1,1,90.0,0,0,dijkstra,predict,0.39915,0,,,,,,0,,,,193563,119745,0
472,37.54435348510742,2026-03-06T11:18:05.116008,0.0,0.0,4.23,0.0,0.0,0.0,0.0,22.26,14.07,0.432,0.434,STRAIGHT,1.5,1.5,"CMD,0.4,1.50",4.0,0.0104,2.1,0.023,1,0.9594,0,NORMAL,64.406,0.713,1,1,1,1,1,85.0,0,0,dijkstra,predict,0.39245,0,,,,,,0,,,,193563,117735,0
473,37.719704389572144,2026-03-06T11:18:05.291359,112.6,0.0,8.01,14.02,2.0,0.0,0.0,156.16,13.16,0.419,0.432,STRAIGHT,1.5,1.5,"CMD,0.4,1.50",4.0,0.0095,2.192,0.023,1,0.9489,0,NORMAL,63.803,0.852,1,1,1,1,1,109.6,82,7,dijkstra,graph,0.41488,0,,,,,,0,,,,193587,124011,2144
474,37.75947856903076,2026-03-06T11:18:05.331133,0.0,0.0,4.01,0.0,0.0,0.0,0.0,19.54,14.0,0.41,0.419,STRAIGHT,1.5,1.5,"CMD,0.4,1.50",4.0,0.0095,2.192,0.023,1,0.9489,0,NORMAL,63.687,0.91,1,1,1,1,1,99.6,0,0,dijkstra,predict,0.41395,0,,,,,,0,,,,198930,124184,0
475,37.80078053474426,2026-03-06T11:18:05.372435,2.0,0.0,5.26,0.0,0.0,0.0,0.0,21.28,13.97,0.404,0.41,STRAIGHT,1.5,1.5,"CMD,0.4,1.50",4.0,0.0095,2.192,0.023,1,0.9489,0,NORMAL,63.113,0.919,1,1,1,1,1,94.6,0,0,dijkstra,predict,0.41265,0,,,,,,0,,,,198930,123794,0
476,37.84005665779114,2026-03-06T11:18:05.411711,1.74,0.0,2.0,0.0,0.0,0.0,2.0,22.25,13.99,0.4,0.404,STRAIGHT,1.5,1.5,"CMD,0.4,1.50",4.0,0.0095,2.192,0.023,1,0.9489,0,NORMAL,63.288,0.928,1,1,1,1,1,89.6,0,0,dijkstra,predict,0.40594,0,,,,,,0,,,,198930,121782,0
477,38.01233434677124,2026-03-06T11:18:05.583989,103.89,0.0,12.31,18.03,2.0,0.0,0.0,154.25,13.1,0.397,0.4,STRAIGHT,1.5,1.5,"CMD,0.4,1.50",4.0,0.0095,2.192,0.023,1,0.9749,0,NORMAL,63.411,0.923,1,1,1,1,1,109.6,89,8,dijkstra,graph,0.42079,0,,,,,,0,,,,195625,125816,2211
478,38.055012464523315,2026-03-06T11:18:05.626667,2.81,0.0,2.0,0.0,0.0,0.0,0.0,22.65,13.93,0.395,0.397,STRAIGHT,1.5,1.5,"CMD,0.4,1.50",4.0,0.0095,2.192,0.023,1,0.9749,0,NORMAL,63.61,0.911,1,1,1,1,1,99.6,0,0,dijkstra,predict,0.41966,0,,,,,,0,,,,199033,125899,0
479,38.09558343887329,2026-03-06T11:18:05.667237,0.0,0.0,4.77,0.0,0.0,0.0,0.0,19.04,13.95,0.394,0.395,STRAIGHT,1.5,1.5,"CMD,0.4,1.50",4.0,0.0095,2.192,0.023,1,0.9749,0,NORMAL,63.117,0.948,1,1,1,1,1,94.6,0,0,dijkstra,predict,0.41862,0,,,,,,0,,,,199033,125585,0
480,38.134541511535645,2026-03-06T11:18:05.706196,2.8,0.0,2.0,0.0,0.0,0.0,2.64,22.47,13.93,0.394,0.394,STRAIGHT,1.5,1.5,"CMD,0.4,1.50",4.0,0.0095,2.192,0.023,1,0.9749,0,NORMAL,63.192,0.924,1,1,1,1,1,89.6,0,0,dijkstra,predict,0.41179,0,,,,,,0,,,,199033,123537,0
481,38.317495822906494,2026-03-06T11:18:05.889150,117.31,0.0,0.0,14.02,2.0,0.0,0.0,163.93,13.03,0.383,0.394,STRAIGHT,1.5,1.5,"CMD,0.4,1.50",4.0,0.0088,2.283,0.023,1,0.957,0,NORMAL,62.659,0.967,1,1,1,1,1,114.2,72,7,dijkstra,graph,0.43754,0,,,,,,0,,,,203489,130901,2278
482,38.36198377609253,2026-03-06T11:18:05.933638,2.18,0.0,2.0,0.0,0.0,0.0,0.0,22.21,13.84,0.376,0.383,STRAIGHT,1.5,1.5,"CMD,0.4,1.50",4.0,0.0088,2.283,0.023,1,0.957,0,NORMAL,63.495,0.924,1,1,1,1,1,104.2,0,0,dijkstra,predict,0.43622,0,,,,,,0,,,,207340,130866,0
483,38.400341749191284,2026-03-06T11:18:05.971996,0.0,0.0,0.0,0.0,0.0,0.0,0.0,22.34,13.84,0.371,0.376,STRAIGHT,1.5,1.5,"CMD,0.4,1.50",4.0,0.0088,2.283,0.023,1,0.957,0,NORMAL,62.717,0.977,1,1,1,1,1,99.2,0,0,dijkstra,predict,0.43549,0,,,,,,0,,,,207340,130648,0
484,38.44239687919617,2026-03-06T11:18:06.014051,2.0,0.0,4.01,0.0,0.0,0.0,0.0,22.03,13.83,0.368,0.371,STRAIGHT,1.5,1.5,"CMD,0.4,1.50",4.0,0.0088,2.283,0.023,1,0.957,0,NORMAL,63.532,0.959,1,1,1,1,1,94.2,0,0,dijkstra,predict,0.42823,0,,,,,,0,,,,207340,128468,0
485,38.6204297542572,2026-03-06T11:18:06.192084,115.52,0.0,8.01,17.93,0.0,0.0,0.0,159.61,12.96,0.361,0.368,STRAIGHT,1.5,1.5,"CMD,0.4,1.50",4.0,0.0084,2.329,0.023,1,0.9736,0,NORMAL,63.017,0.943,1,1,1,1,1,116.4,88,5,dijkstra,graph,0.44019,0,,,,,,0,,,,204754,131724,2210
486,38.66089582443237,2026-03-06T11:18:06.232550,2.0,0.0,3.51,0.0,0.0,0.0,0.0,20.44,13.77,0.356,0.361,STRAIGHT,1.5,1.5,"CMD,0.4,1.50",4.0,0.0084,2.329,0.023,1,0.9736,0,NORMAL,63.004,1.093,1,1,1,1,1,106.4,0,0,dijkstra,predict,0.43944,0,,,,,,0,,,,208454,131832,0
487,38.70363259315491,2026-03-06T11:18:06.275287,3.01,0.0,2.0,0.0,0.0,0.0,0.0,22.71,13.74,0.353,0.356,STRAIGHT,1.5,1.5,"CMD,0.4,1.50",4.0,0.0084,2.329,0.023,1,0.9736,0,NORMAL,63.99,0.992,1,1,1,1,1,101.4,0,0,dijkstra,predict,0.43831,0,,,,,,0,,,,208454,131494,0
488,38.74574160575867,2026-03-06T11:18:06.317396,2.0,0.0,2.0,0.0,0.0,0.0,0.0,20.03,13.71,0.351,0.353,STRAIGHT,1.5,1.5,"CMD,0.4,1.50",4.0,0.0084,2.329,0.023,1,0.9736,0,NORMAL,64.104,0.996,1,1,1,1,1,96.4,0,0,dijkstra,predict,0.43109,0,,,,,,0,,,,208454,129326,0
489,38.928903579711914,2026-03-06T11:18:06.500558,116.5,0.0,6.01,18.03,0.0,0.0,0.0,164.31,12.85,0.341,0.351,STRAIGHT,1.5,1.5,"CMD,0.4,1.50",4.0,0.0078,2.42,0.023,1,0.9686,0,NORMAL,64.422,0.965,1,1,1,1,1,121.0,95,5,dijkstra,graph,0.45386,0,,,,,,0,,,,208346,135750,2472
490,38.96591281890869,2026-03-06T11:18:06.537567,2.0,0.0,2.97,0.0,0.0,0.0,0.0,18.99,13.64,0.335,0.341,STRAIGHT,1.5,1.5,"CMD,0.3,1.50",4.0,0.0078,2.42,0.023,1,0.9686,0,NORMAL,64.597,0.839,1,1,1,1,1,111.0,0,0,dijkstra,predict,0.45241,0,,,,,,0,,,,211475,135722,0
491,39.00559711456299,2026-03-06T11:18:06.577251,0.0,0.0,5.71,0.0,0.0,0.0,0.0,22.16,13.64,0.33,0.335,STRAIGHT,1.5,1.5,"CMD,0.3,1.50",4.0,0.0078,2.42,0.023,1,0.9686,0,NORMAL,64.715,0.83,1,1,1,1,1,106.0,0,0,dijkstra,predict,0.45124,0,,,,,,0,,,,211475,135371,0
492,39.046066761016846,2026-03-06T11:18:06.617721,0.0,0.0,4.3,0.0,0.0,0.0,0.0,22.45,13.65,0.327,0.33,STRAIGHT,1.5,1.5,"CMD,0.3,1.50",4.0,0.0078,2.42,0.023,1,0.9686,0,NORMAL,64.919,0.784,1,1,1,1,1,101.0,0,0,dijkstra,predict,0.44402,0,,,,,,0,,,,211475,133207,0
493,39.2315571308136,2026-03-06T11:18:06.803211,118.47,0.0,8.01,18.95,0.0,0.0,0.0,165.46,12.77,0.334,0.33,STRAIGHT,1.5,1.5,"CMD,0.3,1.50",4.0,0.0084,2.329,0.023,1,0.9738,0,NORMAL,65.417,0.725,1,1,1,1,1,116.4,90,6,dijkstra,graph,0.44707,0,,,,,,0,,,,203815,133772,2566
494,39.27322506904602,2026-03-06T11:18:06.844879,0.0,0.0,5.26,0.0,0.0,0.0,0.0,22.31,13.54,0.338,0.334,STRAIGHT,1.5,1.5,"CMD,0.3,1.50",4.0,0.0084,2.329,0.023,1,0.9738,0,NORMAL,65.954,0.695,1,1,1,1,1,106.4,0,0,dijkstra,predict,0.44685,0,,,,,,0,,,,208682,134054,0
495,39.31276512145996,2026-03-06T11:18:06.884419,0.0,0.0,5.23,0.0,0.0,0.0,0.0,19.11,13.5,0.341,0.338,STRAIGHT,1.5,1.5,"CMD,0.3,1.50",4.0,0.0084,2.329,0.023,1,0.9738,0,NORMAL,65.687,0.691,1,1,1,1,1,101.4,0,0,dijkstra,predict,0.4448,0,,,,,,0,,,,208682,133441,0
496,39.35332202911377,2026-03-06T11:18:06.924976,3.51,0.0,4.01,0.0,0.0,0.0,0.0,21.53,13.52,0.343,0.341,STRAIGHT,1.5,1.5,"CMD,0.3,1.50",4.0,0.0084,2.329,0.023,1,0.9738,0,NORMAL,66.292,0.631,1,1,1,1,1,96.4,0,0,dijkstra,predict,0.43794,0,,,,,,0,,,,208682,131382,0
497,39.53879380226135,2026-03-06T11:18:07.110448,115.37,0.0,8.01,16.03,0.0,0.0,0.0,163.44,12.68,0.349,0.343,STRAIGHT,1.5,1.5,"CMD,0.3,1.50",4.0,0.0088,2.283,0.023,1,0.9804,0,NORMAL,66.178,0.582,1,1,1,1,1,114.2,82,6,dijkstra,graph,0.4525,0,,,,,,0,,,,203787,135430,2395
498,39.58485269546509,2026-03-06T11:18:07.156507,2.0,0.0,4.01,0.0,0.0,0.0,0.0,22.03,13.4,0.353,0.349,STRAIGHT,1.5,1.5,"CMD,0.3,1.50",4.0,0.0088,2.283,0.023,1,0.9804,0,NORMAL,66.826,0.513,1,1,1,1,1,104.2,0,0,dijkstra,predict,0.45167,0,,,,,,0,,,,209002,135500,0
499,39.62733578681946,2026-03-06T11:18:07.198990,0.0,0.0,4.93,0.0,0.0,0.0,0.0,22.96,13.41,0.356,0.353,STRAIGHT,1.5,1.5,"CMD,0.4,1.50",4.0,0.0088,2.283,0.023,1,0.9804,0,NORMAL,67.119,0.461,1,1,1,1,1,99.2,0,0,dijkstra,predict,0.45025,0,,,,,,0,,,,209002,135074,0
500,39.66786193847656,2026-03-06T11:18:07.239516,2.0,0.0,4.01,0.0,0.0,0.0,0.0,23.26,13.41,0.358,0.356,STRAIGHT,1.5,1.5,"CMD,0.4,1.50",4.0,0.0088,2.283,0.023,1,0.9804,0,NORMAL,67.746,0.408,1,1,1,1,1,94.2,0,0,dijkstra,predict,0.44291,0,,,,,,0,,,,209002,132873,0
501,39.84907364845276,2026-03-06T11:18:07.420728,115.14,0.0,8.53,17.77,0.0,0.0,0.0,163.5,12.58,0.359,0.358,STRAIGHT,1.5,1.5,"CMD,0.4,1.50",4.0,0.0088,2.283,0.023,1,0.9749,0,NORMAL,66.918,0.428,1,1,1,1,1,114.2,88,6,dijkstra,graph,0.46816,0,,,,,,0,,,,207394,139933,2433
502,39.89973759651184,2026-03-06T11:18:07.471392,0.0,0.0,6.37,0.0,0.0,0.0,0.0,27.2,13.3,0.36,0.359,STRAIGHT,1.5,1.5,"CMD,0.4,1.50",4.0,0.0088,2.283,0.023,1,0.9749,0,NORMAL,68.157,0.378,1,1,1,1,1,104.2,0,0,dijkstra,predict,0.46629,0,,,,,,0,,,,211151,139886,0
503,39.94080972671509,2026-03-06T11:18:07.512464,2.0,0.0,2.0,0.0,0.0,0.0,0.0,21.53,13.29,0.36,0.36,STRAIGHT,1.5,1.5,"CMD,0.4,1.50",4.0,0.0088,2.283,0.023,1,0.9749,0,NORMAL,68.535,0.362,1,1,1,1,1,99.2,0,0,dijkstra,predict,0.46458,0,,,,,,0,,,,211151,139374,0
504,39.98123908042908,2026-03-06T11:18:07.552893,2.0,0.0,3.5,0.0,0.0,0.0,0.0,22.41,13.3,0.361,0.36,STRAIGHT,1.5,1.5,"CMD,0.4,1.50",4.0,0.0088,2.283,0.023,1,0.9749,0,NORMAL,69.799,0.257,1,1,1,1,1,94.2,0,0,dijkstra,predict,0.45744,0,,,,,,0,,,,211151,137232,0
505,40.15966582298279,2026-03-06T11:18:07.731320,115.85,0.0,6.01,16.15,2.0,0.0,0.0,158.4,12.5,0.361,0.361,STRAIGHT,1.5,1.5,"CMD,0.4,1.50",4.0,0.0088,2.283,0.023,1,0.973,0,NORMAL,69.255,0.262,1,1,1,1,1,114.2,92,5,dijkstra,graph,0.45698,0,,,,,,0,,,,203472,136655,2388
506,40.20172691345215,2026-03-06T11:18:07.773381,2.0,0.0,4.01,0.0,0.0,0.0,0.0,22.04,13.25,0.361,0.361,STRAIGHT,1.5,1.5,"CMD,0.4,1.50",4.0,0.0088,2.283,0.023,1,0.973,0,NORMAL,69.677,0.252,1,1,1,1,1,104.2,0,0,dijkstra,predict,0.4566,0,,,,,,0,,,,208159,136979,0
507,40.24213624000549,2026-03-06T11:18:07.813790,2.0,0.0,3.01,0.0,0.0,0.0,0.0,20.38,13.26,0.361,0.361,STRAIGHT,1.5,1.5,"CMD,0.4,1.50",4.0,0.0088,2.283,0.023,1,0.973,0,NORMAL,69.445,0.22,1,1,1,1,1,99.2,0,0,dijkstra,predict,0.45374,0,,,,,,0,,,,208159,136121,0
508,40.284581899642944,2026-03-06T11:18:07.856236,0.0,0.0,4.01,0.0,0.0,0.0,0.0,22.4,13.24,0.361,0.361,STRAIGHT,1.5,1.5,"CMD,0.4,1.50",4.0,0.0088,2.283,0.023,1,0.973,0,NORMAL,68.435,0.305,1,1,1,1,1,94.2,0,0,dijkstra,predict,0.44689,0,,,,,,0,,,,208159,134066,0
509,40.47163271903992,2026-03-06T11:18:08.043287,121.93,0.0,6.32,10.02,0.0,0.0,0.0,167.02,12.41,0.357,0.361,STRAIGHT,1.5,1.5,"CMD,0.4,1.50",4.0,0.0084,2.329,0.023,1,0.967,0,NORMAL,68.178,0.388,1,1,1,1,1,116.4,82,6,dijkstra,graph,0.4713,0,,,,,,0,,,,206955,141066,2501
510,40.51231074333191,2026-03-06T11:18:08.083965,0.0,0.0,4.29,0.0,0.0,0.0,0.0,22.31,13.21,0.353,0.357,STRAIGHT,1.5,1.5,"CMD,0.4,1.50",4.0,0.0084,2.329,0.023,1,0.967,0,NORMAL,68.793,0.424,1,1,1,1,1,106.4,0,0,dijkstra,predict,0.47074,0,,,,,,0,,,,211701,141223,0
511,40.55209445953369,2026-03-06T11:18:08.123749,1.9,0.0,4.0,0.0,0.0,0.0,0.0,21.76,13.24,0.351,0.353,STRAIGHT,1.5,1.5,"CMD,0.4,1.50",4.0,0.0084,2.329,0.023,1,0.967,0,NORMAL,68.351,0.386,1,1,1,1,1,101.4,0,0,dijkstra,predict,0.46839,0,,,,,,0,,,,211701,140516,0
512,40.58397030830383,2026-03-06T11:18:08.155625,0.0,0.0,0.0,0.0,0.0,0.0,0.0,12.02,13.28,0.35,0.351,STRAIGHT,1.5,1.5,"CMD,0.4,1.50",4.0,0.0084,2.329,0.023,1,0.967,0,NORMAL,67.206,0.43,1,1,1,1,1,96.4,0,0,dijkstra,predict,0.46156,0,,,,,,0,,,,211701,138468,0
513,40.7792181968689,2026-03-06T11:18:08.350872,124.41,0.0,8.01,16.03,2.0,0.0,0.0,170.84,12.41,0.345,0.35,STRAIGHT,1.5,1.5,"CMD,0.3,1.50",4.0,0.0081,2.374,0.023,1,0.9583,0,NORMAL,67.092,0.433,1,1,1,1,1,118.7,67,5,dijkstra,graph,0.4745,0,,,,,,0,,,,210664,141829,2261
514,40.82641315460205,2026-03-06T11:18:08.398067,0.0,0.0,4.43,0.0,0.0,0.0,0.0,23.16,13.15,0.341,0.345,STRAIGHT,1.5,1.5,"CMD,0.3,1.50",4.0,0.0081,2.374,0.023,1,0.9583,0,NORMAL,67.543,0.398,1,1,1,1,1,108.7,0,0,dijkstra,predict,0.47332,0,,,,,,0,,,,212572,141996,0
515,40.867836236953735,2026-03-06T11:18:08.439490,1.74,0.0,4.01,0.0,0.0,0.0,0.0,22.4,13.14,0.339,0.341,STRAIGHT,1.5,1.5,"CMD,0.3,1.50",4.0,0.0081,2.374,0.023,1,0.9583,0,NORMAL,64.808,0.549,1,1,1,1,1,103.7,0,0,dijkstra,predict,0.47096,0,,,,,,0,,,,212572,141289,0
516,40.912410497665405,2026-03-06T11:18:08.484065,0.0,0.0,4.52,0.0,0.0,0.0,2.0,22.55,13.13,0.337,0.339,STRAIGHT,1.5,1.5,"CMD,0.3,1.50",4.0,0.0081,2.374,0.023,1,0.9583,0,NORMAL,64.483,0.547,1,1,1,1,1,98.7,0,0,dijkstra,predict,0.46408,0,,,,,,0,,,,212572,139223,0
517,41.092198848724365,2026-03-06T11:18:08.663853,115.16,0.0,8.01,16.05,0.0,0.0,0.0,159.29,12.36,0.328,0.337,STRAIGHT,1.5,1.5,"CMD,0.3,1.50",4.0,0.0075,2.466,0.023,1,0.9358,0,NORMAL,63.326,0.624,1,1,1,1,1,123.3,88,5,dijkstra,graph,0.51304,0,,,,,,0,,,,224078,153420,2369
518,41.130247831344604,2026-03-06T11:18:08.701902,2.0,0.0,2.0,0.0,0.0,0.0,0.0,20.03,13.17,0.322,0.328,STRAIGHT,1.5,1.5,"CMD,0.3,1.50",4.0,0.0075,2.466,0.023,1,0.9358,0,NORMAL,60.058,0.623,1,1,1,1,1,113.3,0,0,dijkstra,predict,0.51066,0,,,,,,0,,,,224996,153199,0
519,41.17295241355896,2026-03-06T11:18:08.744607,2.0,0.0,4.0,0.0,0.0,0.0,0.0,22.03,13.14,0.318,0.322,STRAIGHT,1.5,1.5,"CMD,0.3,1.50",4.0,0.0075,2.466,0.023,1,0.9358,0,NORMAL,59.303,0.713,1,1,1,1,1,108.3,0,0,dijkstra,predict,0.50938,0,,,,,,0,,,,224996,152814,0
520,41.21100068092346,2026-03-06T11:18:08.782655,2.0,0.0,4.01,0.0,0.0,0.0,0.0,20.03,13.15,0.315,0.318,STRAIGHT,1.5,1.5,"CMD,0.3,1.50",4.0,0.0075,2.466,0.023,1,0.9358,0,NORMAL,60.04,0.712,1,1,1,1,1,103.3,0,0,dijkstra,predict,0.50166,0,,,,,,0,,,,224996,150497,0
521,41.38911271095276,2026-03-06T11:18:08.960767,109.62,0.0,8.01,18.42,0.0,0.0,0.0,158.09,12.38,0.313,0.315,STRAIGHT,1.5,1.5,"CMD,0.3,1.50",4.0,0.0075,2.466,0.023,1,0.9571,0,NORMAL,58.842,0.8,1,1,1,1,1,123.3,105,6,dijkstra,graph,0.52149,0,,,,,,0,,,,224724,156018,2539
522,41.43188738822937,2026-03-06T11:18:09.003542,2.18,0.0,3.74,0.0,0.0,0.0,0.0,22.49,13.18,0.312,0.313,STRAIGHT,1.5,1.5,"CMD,0.3,1.50",4.0,0.0075,2.466,0.023,1,0.9571,0,NORMAL,58.266,0.779,1,1,1,1,1,113.3,0,0,dijkstra,predict,0.52005,0,,,,,,0,,,,227688,156016,0
523,41.47192597389221,2026-03-06T11:18:09.043580,2.0,0.0,2.0,0.0,0.0,0.0,0.0,22.02,13.19,0.311,0.312,STRAIGHT,1.5,1.5,"CMD,0.3,1.50",4.0,0.0075,2.466,0.023,1,0.9571,0,NORMAL,56.967,0.827,1,1,1,1,1,108.3,0,0,dijkstra,predict,0.5182,0,,,,,,0,,,,227688,155460,0
524,41.509971618652344,2026-03-06T11:18:09.081626,2.0,0.0,4.01,0.0,0.0,0.0,0.0,20.02,13.2,0.311,0.311,STRAIGHT,1.5,1.5,"CMD,0.3,1.50",4.0,0.0075,2.466,0.023,1,0.9571,0,NORMAL,57.142,0.804,1,1,1,1,1,103.3,0,0,dijkstra,predict,0.51069,0,,,,,,0,,,,227688,153206,0
525,41.67756724357605,2026-03-06T11:18:09.249221,102.18,0.0,7.01,18.36,2.0,0.0,0.0,149.57,12.48,0.303,0.311,STRAIGHT,1.5,1.5,"CMD,0.3,1.50",4.0,0.007,2.557,0.023,1,0.9351,0,NORMAL,55.922,0.82,1,1,1,1,1,127.9,117,5,dijkstra,graph,0.54064,0,,,,,,0,,,,235115,161738,2643
526,41.72364139556885,2026-03-06T11:18:09.295296,2.01,0.0,4.01,0.0,0.0,0.0,0.0,20.03,13.29,0.298,0.303,STRAIGHT,1.5,1.5,"CMD,0.3,1.50",4.0,0.007,2.557,0.023,1,0.9351,0,NORMAL,54.844,0.861,1,1,1,1,1,117.9,0,0,dijkstra,predict,0.53927,0,,,,,,0,,,,240796,161781,0
527,41.764045000076294,2026-03-06T11:18:09.335699,2.85,0.0,3.51,0.0,0.0,0.0,0.0,20.37,13.31,0.295,0.298,STRAIGHT,1.5,1.5,"CMD,0.3,1.50",4.0,0.007,2.557,0.023,1,0.9351,0,NORMAL,54.858,0.834,1,1,1,1,1,112.9,0,0,dijkstra,predict,0.53717,0,,,,,,0,,,,240796,161152,0
528,41.80836057662964,2026-03-06T11:18:09.380015,2.11,0.0,2.0,0.0,0.0,0.0,0.0,22.29,13.29,0.293,0.295,STRAIGHT,1.5,1.5,"CMD,0.3,1.50",4.0,0.007,2.557,0.023,1,0.9351,0,NORMAL,54.897,0.87,1,1,1,1,1,107.9,0,0,dijkstra,predict,0.52911,0,,,,,,0,,,,240796,158732,0
529,41.983471393585205,2026-03-06T11:18:09.555125,110.16,0.0,7.01,19.83,0.0,0.0,0.0,155.09,12.52,0.291,0.293,STRAIGHT,1.5,1.5,"CMD,0.3,1.50",4.0,0.007,2.557,0.023,1,0.9479,0,NORMAL,55.11,0.927,1,1,1,1,1,127.9,120,4,dijkstra,graph,0.52056,0,,,,,,0,,,,227805,155728,2698
530,42.0237877368927,2026-03-06T11:18:09.595442,3.27,0.0,3.01,0.0,0.0,0.0,0.0,20.29,13.34,0.29,0.291,STRAIGHT,1.5,1.5,"CMD,0.3,1.50",4.0,0.007,2.557,0.023,1,0.9479,0,NORMAL,54.732,0.942,1,1,1,1,1,117.9,0,0,dijkstra,predict,0.52025,0,,,,,,0,,,,233588,156075,0
531,42.062647104263306,2026-03-06T11:18:09.634301,0.0,0.0,6.48,0.0,0.0,0.0,0.0,20.84,13.41,0.289,0.29,STRAIGHT,1.5,1.5,"CMD,0.3,1.50",4.0,0.007,2.557,0.023,1,0.9479,0,NORMAL,54.685,0.922,1,1,1,1,1,112.9,0,0,dijkstra,predict,0.51734,0,,,,,,0,,,,233588,155203,0
532,42.10043740272522,2026-03-06T11:18:09.672091,2.0,0.0,4.01,0.0,0.0,0.0,0.0,20.03,13.43,0.289,0.289,STRAIGHT,1.5,1.5,"CMD,0.3,1.50",4.0,0.007,2.557,0.023,1,0.9479,0,NORMAL,54.624,0.99,1,1,1,1,1,107.9,0,0,dijkstra,predict,0.51104,0,,,,,,0,,,,233588,153313,0
533,42.275965452194214,2026-03-06T11:18:09.847620,107.05,0.0,8.01,18.42,2.0,0.0,0.0,153.5,12.64,0.285,0.289,STRAIGHT,1.5,1.5,"CMD,0.3,1.50",4.0,0.0067,2.603,0.023,1,0.9788,0,NORMAL,54.728,1.026,1,1,1,1,1,130.1,107,4,dijkstra,graph,0.51756,0,,,,,,0,,,,229029,154740,2593
534,42.31807065010071,2026-03-06T11:18:09.889725,3.05,0.0,3.01,0.0,0.0,0.0,0.0,22.07,13.44,0.283,0.285,STRAIGHT,1.5,1.5,"CMD,0.3,1.50",4.0,0.0067,2.603,0.023,1,0.9788,0,NORMAL,54.071,1.052,1,1,1,1,1,120.1,0,0,dijkstra,predict,0.51684,0,,,,,,0,,,,236288,155053,0
535,42.35634732246399,2026-03-06T11:18:09.928001,2.0,0.0,0.0,0.0,0.0,0.0,0.0,18.25,13.46,0.281,0.283,STRAIGHT,1.5,1.5,"CMD,0.3,1.50",4.0,0.0067,2.603,0.023,1,0.9788,0,NORMAL,52.261,1.024,1,1,1,1,1,115.1,0,0,dijkstra,predict,0.51418,0,,,,,,0,,,,236288,154255,0
536,42.40122747421265,2026-03-06T11:18:09.972882,1.74,0.0,4.01,0.0,0.0,0.0,0.0,24.43,13.43,0.28,0.281,STRAIGHT,1.5,1.5,"CMD,0.3,1.50",4.0,0.0067,2.603,0.023,1,0.9788,0,NORMAL,52.493,1.011,1,1,1,1,1,110.1,0,0,dijkstra,predict,0.50762,0,,,,,,0,,,,236288,152286,0
537,42.586519718170166,2026-03-06T11:18:10.158174,116.98,0.0,6.07,20.08,0.0,0.0,0.0,165.27,12.6,0.279,0.28,STRAIGHT,1.5,1.5,"CMD,0.3,1.50",4.0,0.0067,2.603,0.023,1,0.9647,0,NORMAL,52.901,1.004,1,1,1,1,1,130.1,105,4,dijkstra,graph,0.53302,0,,,,,,0,,,,236991,159450,2667
538,42.63518476486206,2026-03-06T11:18:10.206839,2.0,0.0,4.01,0.0,0.0,0.0,0.0,24.33,13.4,0.279,0.279,STRAIGHT,1.5,1.5,"CMD,0.3,1.50",4.0,0.0067,2.603,0.023,1,0.9647,0,NORMAL,52.852,1.028,1,1,1,1,1,120.1,0,0,dijkstra,predict,0.5317,0,,,,,,0,,,,244709,159511,0
539,42.68320298194885,2026-03-06T11:18:10.254857,4.35,0.0,4.01,0.0,0.0,0.0,0.0,33.97,13.36,0.279,0.279,STRAIGHT,1.5,1.5,"CMD,0.3,1.50",4.0,0.0067,2.603,0.023,1,0.9647,0,NORMAL,52.067,1.009,1,1,1,1,1,115.1,0,0,dijkstra,predict,0.52968,0,,,,,,0,,,,244709,158903,0
540,42.725353717803955,2026-03-06T11:18:10.297008,2.0,0.0,4.01,0.0,0.0,0.0,0.0,20.03,13.34,0.278,0.279,STRAIGHT,1.5,1.5,"CMD,0.3,1.50",4.0,0.0067,2.603,0.023,1,0.9647,0,NORMAL,52.412,0.992,1,1,1,1,1,110.1,0,0,dijkstra,predict,0.52249,0,,,,,,0,,,,244709,156747,0
541,42.92219066619873,2026-03-06T11:18:10.493845,112.43,0.0,14.56,21.81,0.0,0.0,2.0,172.59,12.4,0.278,0.278,STRAIGHT,1.5,1.5,"CMD,0.3,1.50",4.0,0.0067,2.603,0.023,1,0.9681,0,NORMAL,52.552,0.975,1,1,1,1,1,130.1,104,4,dijkstra,graph,0.52033,0,,,,,,0,,,,230808,155524,2599
542,42.96223998069763,2026-03-06T11:18:10.533894,2.0,0.0,0.0,0.0,0.0,0.0,0.0,18.02,13.28,0.278,0.278,STRAIGHT,1.5,1.5,"CMD,0.3,1.50",4.0,0.0067,2.603,0.023,1,0.9681,0,NORMAL,51.415,0.997,1,1,1,1,1,120.1,0,0,dijkstra,predict,0.51934,0,,,,,,0,,,,239814,155802,0
543,43.01093316078186,2026-03-06T11:18:10.582587,0.0,0.0,4.39,0.0,0.0,0.0,0.0,20.41,13.28,0.278,0.278,STRAIGHT,1.5,1.5,"CMD,0.3,1.50",4.0,0.0067,2.603,0.023,1,0.9681,0,NORMAL,50.417,0.969,1,1,1,1,1,115.1,0,0,dijkstra,predict,0.5165,0,,,,,,0,,,,239814,154951,0
544,43.05252814292908,2026-03-06T11:18:10.624182,0.0,0.0,0.0,0.0,0.0,0.0,0.0,18.03,13.27,0.278,0.278,STRAIGHT,1.5,1.5,"CMD,0.3,1.50",4.0,0.0067,2.603,0.023,1,0.9681,0,NORMAL,50.188,0.952,1,1,1,1,1,110.1,0,0,dijkstra,predict,0.50885,0,,,,,,0,,,,239814,152656,0
545,43.251232385635376,2026-03-06T11:18:10.822887,114.19,0.0,14.9,13.92,0.0,0.0,0.0,169.0,12.4,0.278,0.278,STRAIGHT,1.5,1.5,"CMD,0.3,1.50",4.0,0.0067,2.603,0.023,1,0.9846,0,NORMAL,50.004,1.052,1,1,1,1,1,130.1,107,4,dijkstra,graph,0.51988,0,,,,,,0,,,,228970,155394,2692
546,43.297574281692505,2026-03-06T11:18:10.869228,4.01,0.0,4.01,0.0,0.0,0.0,0.0,22.03,13.15,0.278,0.278,STRAIGHT,1.5,1.5,"CMD,0.3,1.50",4.0,0.0067,2.603,0.023,1,0.9846,0,NORMAL,50.104,0.92,1,1,1,1,1,120.1,0,0,dijkstra,predict,0.51781,0,,,,,,0,,,,236615,155343,0
547,43.34363079071045,2026-03-06T11:18:10.915285,2.0,0.0,4.0,0.0,0.0,0.0,0.0,22.03,13.11,0.278,0.278,STRAIGHT,1.5,1.5,"CMD,0.3,1.50",4.0,0.0067,2.603,0.023,1,0.9846,0,NORMAL,50.021,0.931,1,1,1,1,1,115.1,0,0,dijkstra,predict,0.51602,0,,,,,,0,,,,236615,154807,0
548,43.38769054412842,2026-03-06T11:18:10.959345,0.0,0.0,4.01,0.0,0.0,0.0,0.0,22.03,13.09,0.278,0.278,STRAIGHT,1.5,1.5,"CMD,0.3,1.50",4.0,0.0067,2.603,0.023,1,0.9846,0,NORMAL,50.02,0.877,1,1,1,1,1,110.1,0,0,dijkstra,predict,0.50827,0,,,,,,0,,,,236615,152481,0
549,43.57672452926636,2026-03-06T11:18:11.148379,118.45,0.0,10.02,20.03,2.0,0.0,0.0,169.01,12.26,0.289,0.278,STRAIGHT,1.5,1.5,"CMD,0.3,1.50",4.0,0.0075,2.466,0.023,1,0.9626,0,NORMAL,50.157,0.865,1,1,1,1,1,123.3,105,4,dijkstra,graph,0.49971,0,,,,,,0,,,,220429,149468,2546
550,43.62500858306885,2026-03-06T11:18:11.196663,2.01,0.0,4.01,0.0,0.0,0.0,0.0,24.12,12.97,0.296,0.289,STRAIGHT,1.5,1.5,"CMD,0.3,1.50",4.0,0.0075,2.466,0.023,1,0.9626,0,NORMAL,50.435,0.818,1,1,1,1,1,113.3,0,0,dijkstra,predict,0.49874,0,,,,,,0,,,,227482,149623,0
551,43.670979022979736,2026-03-06T11:18:11.242633,3.7,0.0,2.0,0.0,0.0,0.0,0.0,22.73,12.95,0.3,0.296,STRAIGHT,1.5,1.5,"CMD,0.3,1.50",4.0,0.0075,2.466,0.023,1,0.9626,0,NORMAL,50.901,0.8,1,1,1,1,1,108.3,0,0,dijkstra,predict,0.49633,0,,,,,,0,,,,227482,148899,0
552,43.71330523490906,2026-03-06T11:18:11.284959,0.0,0.0,6.28,0.0,0.0,0.0,0.0,20.3,12.94,0.303,0.3,STRAIGHT,1.5,1.5,"CMD,0.3,1.50",4.0,0.0075,2.466,0.023,1,0.9626,0,NORMAL,51.327,0.718,1,1,1,1,1,103.3,0,0,dijkstra,predict,0.48934,0,,,,,,0,,,,227482,146803,0
553,43.894904136657715,2026-03-06T11:18:11.466558,110.18,0.0,6.25,14.35,0.0,0.0,0.0,156.95,12.16,0.314,0.303,STRAIGHT,1.5,1.5,"CMD,0.3,1.50",4.0,0.0081,2.374,0.023,1,0.9457,0,NORMAL,51.26,0.616,1,1,1,1,1,118.7,87,4,dijkstra,graph,0.49864,0,,,,,,0,,,,223101,149077,2383
554,43.942450761795044,2026-03-06T11:18:11.514105,2.0,0.0,4.01,0.0,0.0,0.0,2.0,24.0,12.8,0.321,0.314,STRAIGHT,1.5,1.5,"CMD,0.3,1.50",4.0,0.0081,2.374,0.023,1,0.9457,0,NORMAL,51.587,0.617,1,1,1,1,1,108.7,0,0,dijkstra,predict,0.49652,0,,,,,,0,,,,229333,148955,0
555,43.98659539222717,2026-03-06T11:18:11.558249,0.0,0.0,6.1,0.0,0.0,0.0,0.0,22.12,12.8,0.325,0.321,STRAIGHT,1.5,1.5,"CMD,0.3,1.50",4.0,0.0081,2.374,0.023,1,0.9457,0,NORMAL,52.307,0.661,1,1,1,1,1,103.7,0,0,dijkstra,predict,0.49477,0,,,,,,0,,,,229333,148432,0
556,44.02850794792175,2026-03-06T11:18:11.600162,1.0,0.0,3.52,0.0,0.0,0.0,0.0,21.89,12.81,0.328,0.325,STRAIGHT,1.5,1.5,"CMD,0.3,1.50",4.0,0.0081,2.374,0.023,1,0.9457,0,NORMAL,52.49,0.598,1,1,1,1,1,98.7,0,0,dijkstra,predict,0.48733,0,,,,,,0,,,,229333,146199,0
557,44.20647573471069,2026-03-06T11:18:11.778130,104.98,0.0,10.11,25.58,0.0,0.0,0.0,159.95,12.09,0.33,0.328,STRAIGHT,1.5,1.5,"CMD,0.3,1.50",4.0,0.0081,2.374,0.023,1,0.9434,0,NORMAL,53.202,0.598,1,1,1,1,1,118.7,93,5,dijkstra,graph,0.46971,0,,,,,,0,,,,210479,140465,2401
558,44.25087094306946,2026-03-06T11:18:11.822525,2.53,0.0,4.01,0.0,0.0,0.0,0.0,24.37,12.79,0.331,0.33,STRAIGHT,1.5,1.5,"CMD,0.3,1.50",4.0,0.0081,2.374,0.023,1,0.9434,0,NORMAL,53.763,0.659,1,1,1,1,1,108.7,0,0,dijkstra,predict,0.4687,0,,,,,,0,,,,218252,140611,0
559,44.29292368888855,2026-03-06T11:18:11.864578,2.0,0.0,4.0,0.0,0.0,0.0,0.0,22.03,12.78,0.332,0.331,STRAIGHT,1.5,1.5,"CMD,0.3,1.50",4.0,0.0081,2.374,0.023,1,0.9434,0,NORMAL,53.89,0.681,1,1,1,1,1,103.7,0,0,dijkstra,predict,0.4663,0,,,,,,0,,,,218252,139889,0
560,44.3370623588562,2026-03-06T11:18:11.908716,0.0,0.0,6.09,0.0,0.0,0.0,0.0,22.11,12.75,0.333,0.332,STRAIGHT,1.5,1.5,"CMD,0.3,1.50",4.0,0.0081,2.374,0.023,1,0.9434,0,NORMAL,54.293,0.716,1,1,1,1,1,98.7,0,0,dijkstra,predict,0.4596,0,,,,,,0,,,,218252,137881,0
561,44.520456314086914,2026-03-06T11:18:12.092110,113.71,0.0,8.01,19.82,0.0,0.0,0.0,161.57,11.98,0.338,0.333,STRAIGHT,1.5,1.5,"CMD,0.3,1.50",4.0,0.0084,2.329,0.023,1,0.9723,0,NORMAL,55.357,0.653,1,1,1,1,1,116.4,93,5,dijkstra,graph,0.45217,0,,,,,,0,,,,205481,135224,2312
562,44.564512491226196,2026-03-06T11:18:12.136167,2.0,0.0,4.01,0.0,0.0,0.0,0.0,22.03,12.67,0.341,0.338,STRAIGHT,1.5,1.5,"CMD,0.3,1.50",4.0,0.0084,2.329,0.023,1,0.9723,0,NORMAL,56.146,0.627,1,1,1,1,1,106.4,0,0,dijkstra,predict,0.45085,0,,,,,,0,,,,209982,135254,0
563,44.61056923866272,2026-03-06T11:18:12.182223,2.0,0.0,4.01,0.0,0.0,0.0,0.0,22.03,12.65,0.343,0.341,STRAIGHT,1.5,1.5,"CMD,0.3,1.50",4.0,0.0084,2.329,0.023,1,0.9723,0,NORMAL,56.528,0.637,1,1,1,1,1,101.4,0,0,dijkstra,predict,0.44884,0,,,,,,0,,,,209982,134651,0
564,44.648125648498535,2026-03-06T11:18:12.219780,0.0,0.0,0.0,0.0,0.0,0.0,0.0,21.54,12.65,0.344,0.343,STRAIGHT,1.5,1.5,"CMD,0.3,1.50",4.0,0.0084,2.329,0.023,1,0.9723,0,NORMAL,58.951,0.539,1,1,1,1,1,96.4,0,0,dijkstra,predict,0.44176,0,,,,,,0,,,,209982,132528,0
565,44.84246230125427,2026-03-06T11:18:12.414116,119.44,0.0,6.01,17.62,2.0,0.0,0.0,165.97,11.88,0.35,0.344,STRAIGHT,1.5,1.5,"CMD,0.3,1.50",4.0,0.0088,2.283,0.023,1,0.9542,0,NORMAL,59.776,0.511,1,1,1,1,1,114.2,91,5,dijkstra,graph,0.45248,0,,,,,,0,,,,205426,135420,2344
566,44.88099789619446,2026-03-06T11:18:12.452652,0.0,0.0,0.0,0.0,0.0,0.0,0.0,15.02,12.64,0.354,0.35,STRAIGHT,1.5,1.5,"CMD,0.4,1.50",4.0,0.0088,2.283,0.023,1,0.9542,0,NORMAL,60.207,0.459,1,1,1,1,1,104.2,0,0,dijkstra,predict,0.45177,0,,,,,,0,,,,209526,135532,0
567,44.93063926696777,2026-03-06T11:18:12.502293,0.0,0.0,5.53,0.0,0.0,0.0,2.0,23.55,12.63,0.356,0.354,STRAIGHT,1.5,1.5,"CMD,0.4,1.50",4.0,0.0088,2.283,0.023,1,0.9542,0,NORMAL,60.716,0.445,1,1,1,1,1,99.2,0,0,dijkstra,predict,0.44914,0,,,,,,0,,,,209526,134743,0
568,44.96868944168091,2026-03-06T11:18:12.540344,2.0,0.0,0.0,0.0,0.0,0.0,0.0,18.03,12.69,0.358,0.356,STRAIGHT,1.5,1.5,"CMD,0.4,1.50",4.0,0.0088,2.283,0.023,1,0.9542,0,NORMAL,61.753,0.394,1,1,1,1,1,94.2,0,0,dijkstra,predict,0.44122,0,,,,,,0,,,,209526,132365,0
569,45.15635395050049,2026-03-06T11:18:12.728008,114.75,0.0,6.28,22.12,0.0,0.0,0.0,163.28,11.93,0.364,0.358,STRAIGHT,1.5,1.5,"CMD,0.4,1.50",4.0,0.0091,2.237,0.023,1,0.9546,0,NORMAL,62.236,0.374,1,1,1,1,1,111.9,87,3,dijkstra,graph,0.41965,0,,,,,,0,,,,197067,125645,2265
570,45.198665142059326,2026-03-06T11:18:12.770319,0.0,0.0,6.27,0.0,0.0,0.0,0.0,20.28,12.74,0.368,0.364,STRAIGHT,1.5,1.5,"CMD,0.4,1.50",4.0,0.0091,2.237,0.023,1,0.9546,0,NORMAL,63.329,0.345,1,1,1,1,1,101.9,0,0,dijkstra,predict,0.42003,0,,,,,,0,,,,201641,126008,0
571,45.236119508743286,2026-03-06T11:18:12.807773,2.36,0.0,3.31,0.0,0.0,0.0,0.0,19.69,12.75,0.371,0.368,STRAIGHT,1.5,1.5,"CMD,0.4,1.50",4.0,0.0091,2.237,0.023,1,0.9546,0,NORMAL,63.462,0.401,1,1,1,1,1,96.9,0,0,dijkstra,predict,0.41671,0,,,,,,0,,,,201641,125014,0
572,45.27216172218323,2026-03-06T11:18:12.843816,0.0,0.0,0.0,0.0,0.0,0.0,0.0,16.02,12.82,0.373,0.371,STRAIGHT,1.5,1.5,"CMD,0.4,1.50",4.0,0.0091,2.237,0.023,1,0.9546,0,NORMAL,64.263,0.388,1,1,1,1,1,91.9,0,0,dijkstra,predict,0.40975,0,,,,,,0,,,,201641,122926,0
573,45.46053719520569,2026-03-06T11:18:13.032191,114.75,0.0,6.01,20.03,0.0,0.0,0.0,160.81,12.04,0.369,0.371,STRAIGHT,1.5,1.5,"CMD,0.4,1.50",4.0,0.0088,2.283,0.023,1,0.9803,0,NORMAL,64.917,0.383,1,1,1,1,1,114.2,103,2,dijkstra,graph,0.41961,0,,,,,,0,,,,197925,125648,1903
574,45.500587940216064,2026-03-06T11:18:13.072242,0.0,0.0,0.0,0.0,0.0,0.0,0.0,18.02,12.89,0.366,0.369,STRAIGHT,1.5,1.5,"CMD,0.4,1.50",4.0,0.0088,2.283,0.023,1,0.9803,0,NORMAL,64.007,0.5,1,1,1,1,1,104.2,0,0,dijkstra,predict,0.41804,0,,,,,,0,,,,203248,125413,0
575,45.54937553405762,2026-03-06T11:18:13.121030,0.0,0.0,6.28,0.0,0.0,0.0,0.0,21.8,12.88,0.365,0.366,STRAIGHT,1.5,1.5,"CMD,0.4,1.50",4.0,0.0088,2.283,0.023,1,0.9803,0,NORMAL,62.653,0.524,1,1,1,1,1,99.2,0,0,dijkstra,predict,0.41661,0,,,,,,0,,,,203248,124982,0
576,45.59508514404297,2026-03-06T11:18:13.166739,4.0,0.0,4.0,0.0,0.0,0.0,0.0,23.82,12.87,0.364,0.365,STRAIGHT,1.5,1.5,"CMD,0.4,1.50",4.0,0.0088,2.283,0.023,1,0.9803,0,NORMAL,63.304,0.603,1,1,1,1,1,94.2,0,0,dijkstra,predict,0.40936,0,,,,,,0,,,,203248,122809,0
577,45.77075219154358,2026-03-06T11:18:13.342406,113.32,0.0,8.01,14.02,2.0,0.0,0.0,154.56,12.17,0.363,0.364,STRAIGHT,1.5,1.5,"CMD,0.4,1.50",4.0,0.0088,2.283,0.023,1,0.9572,0,NORMAL,63.767,0.538,1,1,1,1,1,114.2,72,2,dijkstra,graph,0.40645,0,,,,,,0,,,,191032,121777,1625
578,45.815083503723145,2026-03-06T11:18:13.386738,0.0,0.0,6.28,0.0,0.0,0.0,0.0,24.31,12.96,0.362,0.363,STRAIGHT,1.5,1.5,"CMD,0.4,1.50",4.0,0.0088,2.283,0.023,1,0.9572,0,NORMAL,64.083,0.548,1,1,1,1,1,104.2,0,0,dijkstra,predict,0.40605,0,,,,,,0,,,,195585,121814,0
579,45.85892915725708,2026-03-06T11:18:13.430583,0.0,0.0,5.79,0.0,0.0,0.0,0.0,23.82,12.98,0.362,0.362,STRAIGHT,1.5,1.5,"CMD,0.4,1.50",4.0,0.0088,2.283,0.023,1,0.9572,0,NORMAL,64.978,0.515,1,1,1,1,1,99.2,0,0,dijkstra,predict,0.40415,0,,,,,,0,,,,195585,121244,0
580,45.902512311935425,2026-03-06T11:18:13.474166,0.0,0.0,6.0,0.0,0.0,0.0,0.0,22.02,13.0,0.362,0.362,STRAIGHT,1.5,1.5,"CMD,0.4,1.50",4.0,0.0088,2.283,0.023,1,0.9572,0,NORMAL,64.57,0.484,1,1,1,1,1,94.2,0,0,dijkstra,predict,0.39768,0,,,,,,0,,,,195585,119305,0
581,46.081828355789185,2026-03-06T11:18:13.653483,114.76,0.0,6.01,20.02,0.0,0.0,0.0,156.81,12.25,0.362,0.362,STRAIGHT,1.5,1.5,"CMD,0.4,1.50",4.0,0.0088,2.283,0.023,1,0.9595,0,NORMAL,64.251,0.453,1,1,1,1,1,114.2,89,2,dijkstra,graph,0.42657,0,,,,,,0,,,,198951,127723,1823
582,46.12417483329773,2026-03-06T11:18:13.695829,0.0,0.0,6.3,0.0,0.0,0.0,0.0,20.32,13.01,0.362,0.362,STRAIGHT,1.5,1.5,"CMD,0.4,1.50",4.0,0.0088,2.283,0.023,1,0.9595,0,NORMAL,64.311,0.491,1,1,1,1,1,104.2,0,0,dijkstra,predict,0.42488,0,,,,,,0,,,,202591,127463,0
583,46.16704082489014,2026-03-06T11:18:13.738695,2.0,0.0,3.5,0.0,0.0,0.0,0.0,22.74,13.04,0.361,0.362,STRAIGHT,1.5,1.5,"CMD,0.4,1.50",4.0,0.0088,2.283,0.023,1,0.9595,0,NORMAL,64.416,0.512,1,1,1,1,1,99.2,0,0,dijkstra,predict,0.42375,0,,,,,,0,,,,202591,127124,0
584,46.21147274971008,2026-03-06T11:18:13.783127,2.0,0.0,4.0,0.0,0.0,0.0,0.0,22.41,13.03,0.361,0.361,STRAIGHT,1.5,1.5,"CMD,0.4,1.50",4.0,0.0088,2.283,0.023,1,0.9595,0,NORMAL,64.525,0.483,1,1,1,1,1,94.2,0,0,dijkstra,predict,0.41665,0,,,,,,0,,,,202591,124994,0
585,46.384907722473145,2026-03-06T11:18:13.956562,107.59,0.0,7.75,18.02,0.0,0.0,0.0,153.41,12.32,0.357,0.361,STRAIGHT,1.5,1.5,"CMD,0.4,1.50",4.0,0.0084,2.329,0.023,1,0.9791,0,NORMAL,64.736,0.484,1,1,1,1,1,116.4,95,2,dijkstra,graph,0.42934,0,,,,,,0,,,,201437,128542,1820
586,46.4271035194397,2026-03-06T11:18:13.998758,2.06,0.0,2.86,0.0,0.0,0.0,0.0,22.17,13.06,0.354,0.357,STRAIGHT,1.5,1.5,"CMD,0.4,1.50",4.0,0.0084,2.329,0.023,1,0.9791,0,NORMAL,64.778,0.523,1,1,1,1,1,106.4,0,0,dijkstra,predict,0.4281,0,,,,,,0,,,,206875,128429,0
587,46.47028112411499,2026-03-06T11:18:14.041935,0.0,0.0,5.5,0.0,0.0,0.0,0.0,22.69,13.07,0.351,0.354,STRAIGHT,1.5,1.5,"CMD,0.4,1.50",4.0,0.0084,2.329,0.023,1,0.9791,0,NORMAL,63.601,0.518,1,1,1,1,1,101.4,0,0,dijkstra,predict,0.42652,0,,,,,,0,,,,206875,127955,0
588,46.518033504486084,2026-03-06T11:18:14.089688,0.0,0.0,5.85,0.0,0.0,0.0,0.0,27.72,13.04,0.35,0.351,STRAIGHT,1.5,1.5,"CMD,0.4,1.50",4.0,0.0084,2.329,0.023,1,0.9791,0,NORMAL,62.633,0.5,1,1,1,1,1,96.4,0,0,dijkstra,predict,0.41925,0,,,,,,0,,,,206875,125774,0
589,46.701420068740845,2026-03-06T11:18:14.273074,118.73,0.0,10.01,18.32,0.0,0.0,0.0,163.36,12.27,0.345,0.35,STRAIGHT,1.5,1.5,"CMD,0.4,1.50",4.0,0.0081,2.374,0.023,1,0.9518,0,NORMAL,60.885,0.497,1,1,1,1,1,118.7,93,4,dijkstra,graph,0.4588,0,,,,,,0,,,,209971,137226,2124
590,46.74734592437744,2026-03-06T11:18:14.319000,0.0,0.0,5.88,0.0,0.0,0.0,2.0,23.9,13.02,0.341,0.345,STRAIGHT,1.5,1.5,"CMD,0.3,1.50",4.0,0.0081,2.374,0.023,1,0.9518,0,NORMAL,60.977,0.517,1,1,1,1,1,108.7,0,0,dijkstra,predict,0.4567,0,,,,,,0,,,,214612,137011,0
591,46.79092788696289,2026-03-06T11:18:14.362582,2.68,0.0,4.01,0.0,0.0,0.0,0.0,23.55,13.03,0.339,0.341,STRAIGHT,1.5,1.5,"CMD,0.3,1.50",4.0,0.0081,2.374,0.023,1,0.9518,0,NORMAL,59.423,0.503,1,1,1,1,1,103.7,0,0,dijkstra,predict,0.45536,0,,,,,,0,,,,214612,136607,0
592,46.83565092086792,2026-03-06T11:18:14.407305,0.0,0.0,6.67,0.0,0.0,0.0,0.0,22.7,13.03,0.337,0.339,STRAIGHT,1.5,1.5,"CMD,0.3,1.50",4.0,0.0081,2.374,0.023,1,0.9518,0,NORMAL,57.936,0.481,1,1,1,1,1,98.7,0,0,dijkstra,predict,0.44807,0,,,,,,0,,,,214612,134422,0
593,47.01132011413574,2026-03-06T11:18:14.582974,116.81,0.0,8.01,14.9,0.0,0.0,0.0,153.9,12.27,0.336,0.337,STRAIGHT,1.5,1.5,"CMD,0.3,1.50",4.0,0.0081,2.374,0.023,1,0.962,0,NORMAL,57.883,0.503,1,1,1,1,1,118.7,80,4,dijkstra,graph,0.44444,0,,,,,,0,,,,206315,132947,1881
594,47.061065912246704,2026-03-06T11:18:14.632720,2.0,0.0,4.0,0.0,0.0,0.0,0.0,21.56,13.07,0.336,0.336,STRAIGHT,1.5,1.5,"CMD,0.3,1.50",4.0,0.0081,2.374,0.023,1,0.962,0,NORMAL,57.396,0.563,1,1,1,1,1,108.7,0,0,dijkstra,predict,0.44324,0,,,,,,0,,,,211648,132972,0
595,47.105576038360596,2026-03-06T11:18:14.677230,2.0,0.0,4.46,0.0,0.0,0.0,0.0,22.48,13.04,0.335,0.336,STRAIGHT,1.5,1.5,"CMD,0.3,1.50",4.0,0.0081,2.374,0.023,1,0.962,0,NORMAL,57.021,0.525,1,1,1,1,1,103.7,0,0,dijkstra,predict,0.4412,0,,,,,,0,,,,211648,132359,0
596,47.149373292922974,2026-03-06T11:18:14.721027,2.0,0.0,4.01,0.0,0.0,0.0,0.0,24.03,13.07,0.335,0.335,STRAIGHT,1.5,1.5,"CMD,0.3,1.50",4.0,0.0081,2.374,0.023,1,0.962,0,NORMAL,56.799,0.585,1,1,1,1,1,98.7,0,0,dijkstra,predict,0.43427,0,,,,,,0,,,,211648,130281,0
597,47.33206295967102,2026-03-06T11:18:14.903717,116.14,0.0,8.28,19.77,2.0,0.0,0.0,162.67,12.27,0.335,0.335,STRAIGHT,1.5,1.5,"CMD,0.3,1.50",4.0,0.0081,2.374,0.023,1,0.9819,0,NORMAL,56.139,0.604,1,1,1,1,1,118.7,106,3,dijkstra,graph,0.44727,0,,,,,,0,,,,207108,133912,2084
598,47.37611985206604,2026-03-06T11:18:14.947774,2.0,0.0,2.0,0.0,0.0,0.0,2.0,22.03,13.06,0.334,0.335,STRAIGHT,1.5,1.5,"CMD,0.3,1.50",4.0,0.0081,2.374,0.023,1,0.9819,0,NORMAL,55.745,0.623,1,1,1,1,1,108.7,0,0,dijkstra,predict,0.44597,0,,,,,,0,,,,212492,133792,0
599,47.416425943374634,2026-03-06T11:18:14.988080,2.0,0.0,4.01,0.0,0.0,0.0,0.0,24.18,13.08,0.334,0.334,STRAIGHT,1.5,1.5,"CMD,0.3,1.50",4.0,0.0081,2.374,0.023,1,0.9819,0,NORMAL,54.685,0.707,1,1,1,1,1,103.7,0,0,dijkstra,predict,0.44441,0,,,,,,0,,,,212492,133323,0
600,47.462209939956665,2026-03-06T11:18:15.033864,0.0,0.0,5.74,0.0,0.0,0.0,0.0,21.76,13.04,0.334,0.334,STRAIGHT,1.5,1.5,"CMD,0.3,1.50",4.0,0.0081,2.374,0.023,1,0.9819,0,NORMAL,54.566,0.649,1,1,1,1,1,98.7,0,0,dijkstra,predict,0.4372,0,,,,,,0,,,,212492,131159,0
601,47.64854383468628,2026-03-06T11:18:15.220198,121.47,0.0,12.42,20.03,2.0,0.0,0.0,164.31,12.2,0.33,0.334,STRAIGHT,1.5,1.5,"CMD,0.3,1.50",4.0,0.0078,2.42,0.023,1,0.9663,0,NORMAL,52.833,0.752,1,1,1,1,1,121.0,98,5,dijkstra,graph,0.46725,0,,,,,,0,,,,213647,139791,2296
602,47.69507455825806,2026-03-06T11:18:15.266729,0.0,0.0,4.88,0.0,0.0,0.0,0.0,20.38,12.98,0.327,0.33,STRAIGHT,1.5,1.5,"CMD,0.3,1.50",4.0,0.0078,2.42,0.023,1,0.9663,0,NORMAL,52.983,0.735,1,1,1,1,1,111.0,0,0,dijkstra,predict,0.46532,0,,,,,,0,,,,220303,139595,0
603,47.74039268493652,2026-03-06T11:18:15.312047,4.0,0.0,2.0,0.0,0.0,0.0,0.0,24.43,12.95,0.325,0.327,STRAIGHT,1.5,1.5,"CMD,0.3,1.50",4.0,0.0078,2.42,0.023,1,0.9663,0,NORMAL,52.795,0.833,1,1,1,1,1,106.0,0,0,dijkstra,predict,0.46389,0,,,,,,0,,,,220303,139167,0
604,47.7835156917572,2026-03-06T11:18:15.355170,0.0,0.0,4.81,0.0,0.0,0.0,0.0,27.1,12.98,0.324,0.325,STRAIGHT,1.5,1.5,"CMD,0.3,1.50",4.0,0.0078,2.42,0.023,1,0.9663,0,NORMAL,51.363,0.685,1,1,1,1,1,101.0,0,0,dijkstra,predict,0.45621,0,,,,,,0,,,,220303,136863,0
605,47.96706771850586,2026-03-06T11:18:15.538722,117.49,0.0,7.51,18.47,0.0,0.0,0.0,162.8,12.23,0.327,0.325,STRAIGHT,1.5,1.5,"CMD,0.3,1.50",4.0,0.0081,2.374,0.023,1,0.9631,0,NORMAL,51.749,0.553,1,1,1,1,1,118.7,96,4,dijkstra,graph,0.44417,0,,,,,,0,,,,208955,132992,2128
606,48.0071165561676,2026-03-06T11:18:15.578771,2.0,0.0,4.0,0.0,0.0,0.0,0.0,22.03,12.97,0.33,0.327,STRAIGHT,1.5,1.5,"CMD,0.3,1.50",4.0,0.0081,2.374,0.023,1,0.9631,0,NORMAL,51.671,0.457,1,1,1,1,1,108.7,0,0,dijkstra,predict,0.44322,0,,,,,,0,,,,215419,132967,0
607,48.0492799282074,2026-03-06T11:18:15.620934,0.0,0.0,4.11,0.0,0.0,0.0,0.0,20.14,12.98,0.331,0.33,STRAIGHT,1.5,1.5,"CMD,0.3,1.50",4.0,0.0081,2.374,0.023,1,0.9631,0,NORMAL,51.627,0.483,1,1,1,1,1,103.7,0,0,dijkstra,predict,0.44136,0,,,,,,0,,,,215419,132408,0
608,48.08953499794006,2026-03-06T11:18:15.661189,0.0,0.0,0.0,0.0,0.0,0.0,0.0,16.22,13.0,0.332,0.331,STRAIGHT,1.5,1.5,"CMD,0.3,1.50",4.0,0.0081,2.374,0.023,1,0.9631,0,NORMAL,51.839,0.478,1,1,1,1,1,98.7,0,0,dijkstra,predict,0.4338,0,,,,,,0,,,,215419,130139,0
609,48.28233575820923,2026-03-06T11:18:15.853990,118.48,0.0,5.8,20.03,2.0,0.0,0.0,172.45,12.19,0.333,0.332,STRAIGHT,1.5,1.5,"CMD,0.3,1.50",4.0,0.0081,2.374,0.023,1,0.9869,0,NORMAL,52.007,0.499,1,1,1,1,1,118.7,99,5,dijkstra,graph,0.44744,0,,,,,,0,,,,209158,133882,2204
610,48.3257737159729,2026-03-06T11:18:15.897428,2.0,0.0,4.0,0.0,0.0,0.0,0.0,21.88,12.91,0.333,0.333,STRAIGHT,1.5,1.5,"CMD,0.3,1.50",4.0,0.0081,2.374,0.023,1,0.9869,0,NORMAL,52.457,0.502,1,1,1,1,1,108.7,0,0,dijkstra,predict,0.44547,0,,,,,,0,,,,215059,133640,0
611,48.363738775253296,2026-03-06T11:18:15.935393,0.0,0.0,3.92,0.0,0.0,0.0,0.0,19.94,12.95,0.334,0.333,STRAIGHT,1.5,1.5,"CMD,0.3,1.50",4.0,0.0081,2.374,0.023,1,0.9869,0,NORMAL,53.111,0.469,1,1,1,1,1,103.7,0,0,dijkstra,predict,0.44418,0,,,,,,0,,,,215059,133255,0
612,48.40989446640015,2026-03-06T11:18:15.981549,0.0,0.0,6.15,0.0,0.0,0.0,0.0,28.31,12.93,0.334,0.334,STRAIGHT,1.5,1.5,"CMD,0.3,1.50",4.0,0.0081,2.374,0.023,1,0.9869,0,NORMAL,53.431,0.447,1,1,1,1,1,98.7,0,0,dijkstra,predict,0.43652,0,,,,,,0,,,,215059,130957,0
613,48.605151891708374,2026-03-06T11:18:16.176806,133.17,0.0,8.01,20.03,0.0,0.0,0.0,173.23,12.12,0.338,0.334,STRAIGHT,1.5,1.5,"CMD,0.3,1.50",4.0,0.0084,2.329,0.023,1,0.972,0,NORMAL,53.583,0.436,1,1,1,1,1,116.4,104,3,dijkstra,graph,0.44198,0,,,,,,0,,,,209945,132114,2215
614,48.64831352233887,2026-03-06T11:18:16.219968,2.0,0.0,2.0,0.0,0.0,0.0,0.0,21.96,12.8,0.341,0.338,STRAIGHT,1.5,1.5,"CMD,0.3,1.50",4.0,0.0084,2.329,0.023,1,0.972,0,NORMAL,54.232,0.411,1,1,1,1,1,106.4,0,0,dijkstra,predict,0.43957,0,,,,,,0,,,,215291,131871,0
615,48.69081139564514,2026-03-06T11:18:16.262466,0.0,0.0,6.46,0.0,0.0,0.0,0.0,22.48,12.81,0.343,0.341,STRAIGHT,1.5,1.5,"CMD,0.3,1.50",4.0,0.0084,2.329,0.023,1,0.972,0,NORMAL,55.034,0.397,1,1,1,1,1,101.4,0,0,dijkstra,predict,0.43809,0,,,,,,0,,,,215291,131428,0
616,48.73614311218262,2026-03-06T11:18:16.307797,2.0,0.0,4.0,0.0,0.0,0.0,0.0,22.03,12.8,0.345,0.343,STRAIGHT,1.5,1.5,"CMD,0.3,1.50",4.0,0.0084,2.329,0.023,1,0.972,0,NORMAL,55.135,0.368,1,1,1,1,1,96.4,0,0,dijkstra,predict,0.43042,0,,,,,,0,,,,215291,129125,0
617,48.92514610290527,2026-03-06T11:18:16.496800,118.86,0.0,8.01,20.03,0.0,0.0,0.0,168.94,12.04,0.35,0.345,STRAIGHT,1.5,1.5,"CMD,0.3,1.50",4.0,0.0088,2.283,0.023,1,0.9743,0,NORMAL,54.951,0.422,1,1,1,1,1,114.2,93,3,dijkstra,graph,0.43353,0,,,,,,0,,,,208941,129785,2103
618,48.96920824050903,2026-03-06T11:18:16.540862,4.01,0.0,2.0,0.0,0.0,0.0,2.0,24.04,12.79,0.354,0.35,STRAIGHT,1.5,1.5,"CMD,0.4,1.50",4.0,0.0088,2.283,0.023,1,0.9743,0,NORMAL,54.991,0.42,1,1,1,1,1,104.2,0,0,dijkstra,predict,0.43184,0,,,,,,0,,,,214686,129553,0
619,49.00540471076965,2026-03-06T11:18:16.577059,0.0,0.0,0.0,0.0,0.0,0.0,0.0,16.17,12.84,0.356,0.354,STRAIGHT,1.5,1.5,"CMD,0.4,1.50",4.0,0.0088,2.283,0.023,1,0.9743,0,NORMAL,55.837,0.386,1,1,1,1,1,99.2,0,0,dijkstra,predict,0.43033,0,,,,,,0,,,,214686,129099,0
620,49.05542969703674,2026-03-06T11:18:16.627084,0.0,0.0,6.18,0.0,0.0,0.0,0.0,22.21,12.81,0.358,0.356,STRAIGHT,1.5,1.5,"CMD,0.4,1.50",4.0,0.0088,2.283,0.023,1,0.9743,0,NORMAL,55.747,0.372,1,1,1,1,1,94.2,0,0,dijkstra,predict,0.42272,0,,,,,,0,,,,214686,126816,0
621,49.24378037452698,2026-03-06T11:18:16.815434,120.96,0.0,8.01,18.03,0.0,0.0,0.0,166.32,12.04,0.359,0.358,STRAIGHT,1.5,1.5,"CMD,0.4,1.50",4.0,0.0088,2.283,0.023,1,0.9739,0,NORMAL,54.335,0.458,1,1,1,1,1,114.2,89,4,dijkstra,graph,0.43862,0,,,,,,0,,,,206875,131315,2075
622,49.290457010269165,2026-03-06T11:18:16.862111,1.0,0.0,0.0,0.0,0.0,0.0,6.73,23.01,12.72,0.36,0.359,STRAIGHT,1.5,1.5,"CMD,0.4,1.50",4.0,0.0088,2.283,0.023,1,0.9739,0,NORMAL,54.813,0.437,1,1,1,1,1,104.2,0,0,dijkstra,predict,0.43698,0,,,,,,0,,,,211254,131093,0
623,49.334686040878296,2026-03-06T11:18:16.906340,0.0,0.0,5.3,0.0,0.0,0.0,0.0,22.46,12.75,0.36,0.36,STRAIGHT,1.5,1.5,"CMD,0.4,1.50",4.0,0.0088,2.283,0.023,1,0.9739,0,NORMAL,55.502,0.433,1,1,1,1,1,99.2,0,0,dijkstra,predict,0.43539,0,,,,,,0,,,,211254,130616,0
624,49.37963533401489,2026-03-06T11:18:16.951289,2.0,0.0,4.01,0.0,0.0,0.0,0.0,22.53,12.75,0.361,0.36,STRAIGHT,1.5,1.5,"CMD,0.4,1.50",4.0,0.0088,2.283,0.023,1,0.9739,0,NORMAL,55.754,0.395,1,1,1,1,1,94.2,0,0,dijkstra,predict,0.42806,0,,,,,,0,,,,211254,128417,0
625,49.5692925453186,2026-03-06T11:18:17.140947,121.43,0.0,8.01,18.04,0.0,0.0,0.0,169.63,11.98,0.371,0.361,STRAIGHT,1.5,1.5,"CMD,0.4,1.50",4.0,0.0095,2.192,0.023,1,0.9579,0,NORMAL,54.773,0.454,1,1,1,1,1,109.6,96,3,dijkstra,graph,0.43273,0,,,,,,0,,,,207708,129485,1797
626,49.614482164382935,2026-03-06T11:18:17.186136,0.0,0.0,5.13,0.0,0.0,0.0,2.0,25.16,12.71,0.378,0.371,STRAIGHT,1.5,1.5,"CMD,0.4,1.50",4.0,0.0095,2.192,0.023,1,0.9579,0,NORMAL,55.152,0.492,1,1,1,1,1,99.6,0,0,dijkstra,predict,0.43092,0,,,,,,0,,,,211339,129276,0
627,49.657190799713135,2026-03-06T11:18:17.228845,0.0,0.0,4.14,0.0,0.0,0.0,0.0,21.68,12.71,0.383,0.378,STRAIGHT,1.5,1.5,"CMD,0.4,1.50",4.0,0.0095,2.192,0.023,1,0.9579,0,NORMAL,55.268,0.527,1,1,1,1,1,94.6,0,0,dijkstra,predict,0.42935,0,,,,,,0,,,,211339,128805,0
628,49.69952869415283,2026-03-06T11:18:17.271183,2.0,0.0,4.63,0.0,0.0,0.0,0.0,22.66,12.7,0.386,0.383,STRAIGHT,1.5,1.5,"CMD,0.4,1.50",4.0,0.0095,2.192,0.023,1,0.9579,0,NORMAL,53.843,0.567,1,1,1,1,1,89.6,0,0,dijkstra,predict,0.4217,0,,,,,,0,,,,211339,126509,0
629,49.88307213783264,2026-03-06T11:18:17.454726,124.2,0.0,6.01,21.43,2.0,0.0,0.0,163.78,11.97,0.388,0.386,STRAIGHT,1.5,1.5,"CMD,0.4,1.50",4.0,0.0095,2.192,0.023,1,0.9565,0,NORMAL,53.861,0.72,1,1,1,1,1,109.6,92,4,dijkstra,graph,0.41074,0,,,,,,0,,,,200342,122845,2015
630,49.92746925354004,2026-03-06T11:18:17.499123,0.0,0.0,6.33,0.0,0.0,0.0,0.0,23.69,12.73,0.389,0.388,STRAIGHT,1.5,1.5,"CMD,0.4,1.50",4.0,0.0095,2.192,0.023,1,0.9565,0,NORMAL,54.085,0.726,1,1,1,1,1,99.6,0,0,dijkstra,predict,0.40944,0,,,,,,0,,,,205614,122832,0
631,49.9736430644989,2026-03-06T11:18:17.545297,2.0,0.0,4.01,0.0,0.0,0.0,0.0,24.61,12.73,0.39,0.389,STRAIGHT,1.5,1.5,"CMD,0.4,1.50",4.0,0.0095,2.192,0.023,1,0.9565,0,NORMAL,55.14,0.73,1,1,1,1,1,94.6,0,0,dijkstra,predict,0.4074,0,,,,,,0,,,,205614,122221,0
632,50.015870094299316,2026-03-06T11:18:17.587524,4.01,0.0,2.0,0.0,0.0,0.0,0.0,20.95,12.74,0.391,0.39,STRAIGHT,1.5,1.5,"CMD,0.4,1.50",4.0,0.0095,2.192,0.023,1,0.9565,0,NORMAL,55.671,0.695,1,1,1,1,1,89.6,0,0,dijkstra,predict,0.39991,0,,,,,,0,,,,205614,119974,0
633,50.20539093017578,2026-03-06T11:18:17.777045,126.71,0.0,8.01,18.12,0.0,0.0,0.0,166.23,11.98,0.391,0.391,STRAIGHT,1.5,1.5,"CMD,0.4,1.50",4.0,0.0095,2.192,0.023,1,0.9683,0,NORMAL,55.82,0.661,1,1,1,1,1,109.6,82,3,dijkstra,graph,0.39236,0,,,,,,0,,,,194259,117441,1905
634,50.249622106552124,2026-03-06T11:18:17.821276,3.17,0.0,3.28,0.0,0.0,0.0,0.0,20.46,12.71,0.391,0.391,STRAIGHT,1.5,1.5,"CMD,0.4,1.50",4.0,0.0095,2.192,0.023,1,0.9683,0,NORMAL,55.691,0.694,1,1,1,1,1,99.6,0,0,dijkstra,predict,0.39122,0,,,,,,0,,,,199143,117367,0
635,50.28968119621277,2026-03-06T11:18:17.861335,2.0,0.0,2.0,0.0,0.0,0.0,0.0,20.03,12.71,0.392,0.391,STRAIGHT,1.5,1.5,"CMD,0.4,1.50",4.0,0.0095,2.192,0.023,1,0.9683,0,NORMAL,56.489,0.675,1,1,1,1,1,94.6,0,0,dijkstra,predict,0.38937,0,,,,,,0,,,,199143,116810,0
636,50.336376905441284,2026-03-06T11:18:17.908031,3.51,0.0,2.0,0.0,0.0,0.0,2.0,24.4,12.68,0.392,0.392,STRAIGHT,1.5,1.5,"CMD,0.4,1.50",4.0,0.0095,2.192,0.023,1,0.9683,0,NORMAL,57.256,0.636,1,1,1,1,1,89.6,0,0,dijkstra,predict,0.38206,0,,,,,,0,,,,199143,114617,0
637,50.5258104801178,2026-03-06T11:18:18.097465,122.9,0.0,8.01,16.15,2.0,0.0,0.0,168.61,11.9,0.397,0.392,STRAIGHT,1.5,1.5,"CMD,0.4,1.50",4.0,0.0099,2.146,0.023,1,0.9701,0,NORMAL,58.145,0.603,1,1,1,1,1,107.3,90,3,dijkstra,graph,0.39182,0,,,,,,0,,,,191478,117297,1967
638,50.572492837905884,2026-03-06T11:18:18.144147,0.0,0.0,6.13,0.0,0.0,0.0,0.0,24.12,12.66,0.401,0.397,STRAIGHT,1.5,1.5,"CMD,0.4,1.50",4.0,0.0099,2.146,0.023,1,0.9701,0,NORMAL,58.785,0.542,1,1,1,1,1,97.3,0,0,dijkstra,predict,0.39128,0,,,,,,0,,,,196905,117383,0
639,50.620392084121704,2026-03-06T11:18:18.192046,3.68,0.0,4.01,0.0,0.0,0.0,0.0,24.72,12.64,0.404,0.401,STRAIGHT,1.5,1.5,"CMD,0.4,1.50",4.0,0.0099,2.146,0.023,1,0.9701,0,NORMAL,59.657,0.48,1,1,1,1,1,92.3,0,0,dijkstra,predict,0.38885,0,,,,,,0,,,,196905,116655,0
640,50.66642880439758,2026-03-06T11:18:18.238083,3.31,0.0,2.0,0.0,0.0,0.0,2.0,24.0,12.59,0.406,0.404,STRAIGHT,1.5,1.5,"CMD,0.4,1.50",4.0,0.0099,2.146,0.023,1,0.9701,0,NORMAL,59.911,0.488,1,1,1,1,1,87.3,0,0,dijkstra,predict,0.38112,0,,,,,,0,,,,196905,114337,0
641,50.84512710571289,2026-03-06T11:18:18.416781,120.53,0.0,6.01,14.02,2.0,0.0,0.0,160.67,11.91,0.413,0.406,STRAIGHT,1.5,1.5,"CMD,0.4,1.50",4.0,0.0104,2.1,0.023,1,0.9708,0,NORMAL,60.163,0.466,1,1,1,1,1,105.0,81,3,dijkstra,graph,0.37556,0,,,,,,0,,,,189479,112514,1879
642,50.8912034034729,2026-03-06T11:18:18.462857,2.0,0.0,4.01,0.0,0.0,0.0,0.0,22.03,12.69,0.418,0.413,STRAIGHT,1.5,1.5,"CMD,0.4,1.50",4.0,0.0104,2.1,0.023,1,0.9708,0,NORMAL,60.223,0.438,1,1,1,1,1,95.0,0,0,dijkstra,predict,0.37565,0,,,,,,0,,,,193571,112696,0
643,50.92822861671448,2026-03-06T11:18:18.499883,0.0,0.0,4.98,0.0,0.0,0.0,0.0,21.0,12.72,0.421,0.418,STRAIGHT,1.5,1.5,"CMD,0.4,1.50",4.0,0.0104,2.1,0.023,1,0.9708,0,NORMAL,61.109,0.44,1,1,1,1,1,90.0,0,0,dijkstra,predict,0.37291,0,,,,,,0,,,,193571,111872,0
644,50.97174859046936,2026-03-06T11:18:18.543403,0.0,0.0,5.57,0.0,0.0,0.0,0.0,21.36,12.71,0.423,0.421,STRAIGHT,1.5,1.5,"CMD,0.4,1.50",4.0,0.0104,2.1,0.023,1,0.9708,0,NORMAL,61.517,0.475,1,1,1,1,1,85.0,0,0,dijkstra,predict,0.36529,0,,,,,,0,,,,193571,109586,0
645,51.14484095573425,2026-03-06T11:18:18.716495,113.01,0.0,6.01,16.02,0.0,0.0,0.0,157.07,12.04,0.418,0.421,STRAIGHT,1.5,1.5,"CMD,0.4,1.50",4.0,0.0099,2.146,0.023,1,0.9823,0,NORMAL,60.549,0.541,1,1,1,1,1,107.3,74,3,dijkstra,graph,0.38531,0,,,,,,0,,,,191277,115322,2060
646,51.18489480018616,2026-03-06T11:18:18.756549,0.0,0.0,4.01,0.0,0.0,0.0,0.0,20.03,12.83,0.415,0.418,STRAIGHT,1.5,1.5,"CMD,0.4,1.50",4.0,0.0099,2.146,0.023,1,0.9823,0,NORMAL,60.645,0.517,1,1,1,1,1,97.3,0,0,dijkstra,predict,0.38369,0,,,,,,0,,,,196204,115107,0
647,51.22410583496094,2026-03-06T11:18:18.795760,2.48,0.0,2.0,0.0,0.0,0.0,2.0,21.19,12.86,0.413,0.415,STRAIGHT,1.5,1.5,"CMD,0.4,1.50",4.0,0.0099,2.146,0.023,1,0.9823,0,NORMAL,60.902,0.53,1,1,1,1,1,92.3,0,0,dijkstra,predict,0.38224,0,,,,,,0,,,,196204,114672,0
648,51.26133608818054,2026-03-06T11:18:18.832990,0.0,0.0,4.38,0.0,0.0,0.0,0.0,20.41,12.86,0.412,0.413,STRAIGHT,1.5,1.5,"CMD,0.4,1.50",4.0,0.0099,2.146,0.023,1,0.9823,0,NORMAL,61.139,0.527,1,1,1,1,1,87.3,0,0,dijkstra,predict,0.37508,0,,,,,,0,,,,196204,112525,0
649,51.4313006401062,2026-03-06T11:18:19.002955,110.52,0.0,6.01,15.97,0.0,0.0,3.52,152.2,12.21,0.417,0.413,STRAIGHT,1.5,1.5,"CMD,0.4,1.50",4.0,0.0104,2.1,0.023,1,0.9754,0,NORMAL,61.568,0.542,1,1,1,1,1,105.0,87,3,dijkstra,graph,0.38256,0,,,,,,0,,,,191871,114542,1760
650,51.466790199279785,2026-03-06T11:18:19.038444,0.0,0.0,0.0,0.0,0.0,0.0,0.0,16.15,13.05,0.42,0.417,STRAIGHT,1.5,1.5,"CMD,0.4,1.50",4.0,0.0104,2.1,0.023,1,0.9754,0,NORMAL,62.378,0.503,1,1,1,1,1,95.0,0,0,dijkstra,predict,0.38104,0,,,,,,0,,,,195876,114311,0
651,51.510910987854004,2026-03-06T11:18:19.082565,1.74,0.0,3.82,0.0,0.0,0.0,0.0,20.12,13.06,0.423,0.42,STRAIGHT,1.5,1.5,"CMD,0.4,1.50",4.0,0.0104,2.1,0.023,1,0.9754,0,NORMAL,62.377,0.46,1,1,1,1,1,90.0,0,0,dijkstra,predict,0.37983,0,,,,,,0,,,,195876,113948,0
652,51.555211782455444,2026-03-06T11:18:19.126866,0.0,0.0,4.01,0.0,0.0,0.0,0.0,20.27,13.07,0.424,0.423,STRAIGHT,1.5,1.5,"CMD,0.4,1.50",4.0,0.0104,2.1,0.023,1,0.9754,0,NORMAL,63.109,0.459,1,1,1,1,1,85.0,0,0,dijkstra,predict,0.37259,0,,,,,,0,,,,195876,111776,0
653,51.73683547973633,2026-03-06T11:18:19.308490,113.79,0.0,7.75,16.02,0.0,0.0,0.0,161.6,12.3,0.419,0.423,STRAIGHT,1.5,1.5,"CMD,0.4,1.50",4.0,0.0099,2.146,0.023,1,0.9863,0,NORMAL,63.19,0.443,1,1,1,1,1,107.3,83,3,dijkstra,graph,0.37785,0,,,,,,0,,,,191568,113119,1777
654,51.77889156341553,2026-03-06T11:18:19.350546,2.0,0.0,4.0,0.0,0.0,0.0,0.0,22.03,13.12,0.416,0.419,STRAIGHT,1.5,1.5,"CMD,0.4,1.50",4.0,0.0099,2.146,0.023,1,0.9863,0,NORMAL,62.718,0.48,1,1,1,1,1,97.3,0,0,dijkstra,predict,0.37651,0,,,,,,0,,,,195282,112952,0
655,51.81740117073059,2026-03-06T11:18:19.389055,2.0,0.0,2.0,0.0,0.0,0.0,2.0,20.03,13.16,0.413,0.416,STRAIGHT,1.5,1.5,"CMD,0.4,1.50",4.0,0.0099,2.146,0.023,1,0.9863,0,NORMAL,63.568,0.498,1,1,1,1,1,92.3,0,0,dijkstra,predict,0.37515,0,,,,,,0,,,,195282,112544,0
656,51.85344624519348,2026-03-06T11:18:19.425100,2.0,0.0,2.0,0.0,0.0,0.0,0.0,20.03,13.2,0.412,0.413,STRAIGHT,1.5,1.5,"CMD,0.4,1.50",4.0,0.0099,2.146,0.023,1,0.9863,0,NORMAL,63.199,0.533,1,1,1,1,1,87.3,0,0,dijkstra,predict,0.36794,0,,,,,,0,,,,195282,110383,0
657,52.03033757209778,2026-03-06T11:18:19.601992,116.81,0.0,6.01,16.02,0.0,0.0,0.0,158.87,12.44,0.405,0.412,STRAIGHT,1.5,1.5,"CMD,0.4,1.50",4.0,0.0095,2.192,0.023,1,0.976,0,NORMAL,62.912,0.478,1,1,1,1,1,109.6,84,3,dijkstra,graph,0.38928,0,,,,,,0,,,,195436,116643,1930
658,52.06936478614807,2026-03-06T11:18:19.641019,0.0,0.0,4.98,0.0,0.0,0.0,0.0,21.01,13.26,0.401,0.405,STRAIGHT,1.5,1.5,"CMD,0.4,1.50",4.0,0.0095,2.192,0.023,1,0.976,0,NORMAL,63.031,0.443,1,1,1,1,1,99.6,0,0,dijkstra,predict,0.38877,0,,,,,,0,,,,198837,116632,0
659,52.1089129447937,2026-03-06T11:18:19.680567,2.0,0.0,4.01,0.0,0.0,0.0,0.0,22.03,13.29,0.398,0.401,STRAIGHT,1.5,1.5,"CMD,0.4,1.50",4.0,0.0095,2.192,0.023,1,0.976,0,NORMAL,62.231,0.381,1,1,1,1,1,94.6,0,0,dijkstra,predict,0.38688,0,,,,,,0,,,,198837,116064,0
660,52.14944529533386,2026-03-06T11:18:19.721099,2.0,0.0,2.0,0.0,0.0,0.0,2.0,20.51,13.33,0.396,0.398,STRAIGHT,1.5,1.5,"CMD,0.4,1.50",4.0,0.0095,2.192,0.023,1,0.976,0,NORMAL,62.31,0.388,1,1,1,1,1,89.6,0,0,dijkstra,predict,0.37972,0,,,,,,0,,,,198837,113916,0
661,52.32245111465454,2026-03-06T11:18:19.894105,110.85,0.0,2.0,24.1,0.0,0.0,0.0,152.98,12.58,0.4,0.398,STRAIGHT,1.5,1.5,"CMD,0.4,1.50",4.0,0.0099,2.146,0.023,1,0.9738,0,NORMAL,62.71,0.36,1,1,1,1,1,107.3,83,4,dijkstra,graph,0.38826,0,,,,,,0,,,,193888,116215,1805
662,52.3623902797699,2026-03-06T11:18:19.934044,3.0,0.0,3.01,0.0,0.0,0.0,0.0,22.6,13.43,0.403,0.4,STRAIGHT,1.5,1.5,"CMD,0.4,1.50",4.0,0.0099,2.146,0.023,1,0.9738,0,NORMAL,62.675,0.309,1,1,1,1,1,97.3,0,0,dijkstra,predict,0.38755,0,,,,,,0,,,,198608,116266,0
663,52.402886152267456,2026-03-06T11:18:19.974540,0.0,0.0,5.14,0.0,0.0,0.0,0.0,20.47,13.46,0.405,0.403,STRAIGHT,1.5,1.5,"CMD,0.4,1.50",4.0,0.0099,2.146,0.023,1,0.9738,0,NORMAL,63.091,0.279,1,1,1,1,1,92.3,0,0,dijkstra,predict,0.38563,0,,,,,,0,,,,198608,115689,0
664,52.4367733001709,2026-03-06T11:18:20.008427,0.0,0.0,0.0,0.0,0.0,0.0,0.0,18.03,13.51,0.406,0.405,STRAIGHT,1.5,1.5,"CMD,0.4,1.50",4.0,0.0099,2.146,0.023,1,0.9738,0,NORMAL,62.763,0.306,1,1,1,1,1,87.3,0,0,dijkstra,predict,0.37884,0,,,,,,0,,,,198608,113651,0
665,52.61976599693298,2026-03-06T11:18:20.191420,110.49,0.0,8.01,14.36,0.0,0.0,0.0,154.89,12.7,0.402,0.405,STRAIGHT,1.5,1.5,"CMD,0.4,1.50",4.0,0.0095,2.192,0.023,1,0.9758,0,NORMAL,62.786,0.284,1,1,1,1,1,109.6,74,6,dijkstra,graph,0.3912,0,,,,,,0,,,,195473,117108,1863
666,52.66007041931152,2026-03-06T11:18:20.231725,4.01,0.0,2.0,0.0,0.0,0.0,0.0,22.28,13.59,0.398,0.402,STRAIGHT,1.5,1.5,"CMD,0.4,1.50",4.0,0.0095,2.192,0.023,1,0.9758,0,NORMAL,62.547,0.298,1,1,1,1,1,99.6,0,0,dijkstra,predict,0.39067,0,,,,,,0,,,,200626,117202,0
667,52.70012140274048,2026-03-06T11:18:20.271775,2.0,0.0,4.01,0.0,0.0,0.0,0.0,22.03,13.63,0.396,0.398,STRAIGHT,1.5,1.5,"CMD,0.4,1.50",4.0,0.0095,2.192,0.023,1,0.9758,0,NORMAL,62.51,0.285,1,1,1,1,1,94.6,0,0,dijkstra,predict,0.38921,0,,,,,,0,,,,200626,116763,0
668,52.74464440345764,2026-03-06T11:18:20.316299,0.0,0.0,5.44,0.0,0.0,0.0,1.0,28.5,13.65,0.395,0.396,STRAIGHT,1.5,1.5,"CMD,0.4,1.50",4.0,0.0095,2.192,0.023,1,0.9758,0,NORMAL,62.904,0.242,1,1,1,1,1,89.6,0,0,dijkstra,predict,0.38207,0,,,,,,0,,,,200626,114620,0
669,52.91609716415405,2026-03-06T11:18:20.487751,109.07,0.0,8.58,16.02,0.0,0.0,0.0,153.43,12.9,0.389,0.395,STRAIGHT,1.5,1.5,"CMD,0.4,1.50",4.0,0.0091,2.237,0.023,1,0.9688,0,NORMAL,62.318,0.221,1,1,1,1,1,111.9,77,4,dijkstra,graph,0.40446,0,,,,,,0,,,,197112,121151,1850
670,52.95625329017639,2026-03-06T11:18:20.527907,2.0,0.0,4.01,0.0,0.0,0.0,0.0,20.13,13.74,0.385,0.389,STRAIGHT,1.5,1.5,"CMD,0.4,1.50",4.0,0.0091,2.237,0.023,1,0.9688,0,NORMAL,62.524,0.207,1,1,1,1,1,101.9,0,0,dijkstra,predict,0.40368,0,,,,,,0,,,,200460,121103,0
671,52.990302085876465,2026-03-06T11:18:20.561956,0.0,0.0,0.0,0.0,0.0,0.0,0.0,16.02,13.82,0.382,0.385,STRAIGHT,1.5,1.5,"CMD,0.4,1.50",4.0,0.0091,2.237,0.023,1,0.9688,0,NORMAL,61.705,0.255,1,1,1,1,1,96.9,0,0,dijkstra,predict,0.40284,0,,,,,,0,,,,200460,120851,0
672,53.02859711647034,2026-03-06T11:18:20.600251,0.0,0.0,0.0,0.0,0.0,0.0,0.0,16.02,13.81,0.38,0.382,STRAIGHT,1.5,1.5,"CMD,0.4,1.50",4.0,0.0091,2.237,0.023,1,0.9688,0,NORMAL,61.21,0.512,1,1,1,1,1,91.9,0,0,dijkstra,predict,0.39582,0,,,,,,0,,,,200460,118746,0
673,53.201122760772705,2026-03-06T11:18:20.772777,102.3,0.0,10.03,15.36,0.0,0.0,0.0,150.5,13.01,0.369,0.38,STRAIGHT,1.5,1.5,"CMD,0.4,1.50",4.0,0.0084,2.329,0.023,1,0.9663,0,NORMAL,61.326,0.611,1,1,1,1,1,116.4,82,3,dijkstra,graph,0.41986,0,,,,,,0,,,,200353,125593,1850
674,53.239258766174316,2026-03-06T11:18:20.810913,2.0,0.0,3.74,0.0,0.0,0.0,0.0,20.11,13.85,0.362,0.369,STRAIGHT,1.5,1.5,"CMD,0.4,1.50",4.0,0.0084,2.329,0.023,1,0.9663,0,NORMAL,61.598,0.548,1,1,1,1,1,106.4,0,0,dijkstra,predict,0.41889,0,,,,,,0,,,,202797,125668,0
675,53.27930927276611,2026-03-06T11:18:20.850963,2.0,0.0,4.01,0.0,0.0,0.0,0.0,20.03,13.85,0.357,0.362,STRAIGHT,1.5,1.5,"CMD,0.4,1.50",4.0,0.0084,2.329,0.023,1,0.9663,0,NORMAL,61.496,0.551,1,1,1,1,1,101.4,0,0,dijkstra,predict,0.41777,0,,,,,,0,,,,202797,125330,0
676,53.3155677318573,2026-03-06T11:18:20.887222,2.0,0.0,2.0,0.0,0.0,0.0,0.0,20.24,13.87,0.354,0.357,STRAIGHT,1.5,1.5,"CMD,0.4,1.50",4.0,0.0084,2.329,0.023,1,0.9663,0,NORMAL,61.139,0.587,1,1,1,1,1,96.4,0,0,dijkstra,predict,0.41072,0,,,,,,0,,,,202797,123216,0
677,53.48860049247742,2026-03-06T11:18:21.060255,114.96,0.0,6.01,14.02,2.0,0.0,0.0,155.01,13.02,0.352,0.354,STRAIGHT,1.5,1.5,"CMD,0.4,1.50",4.0,0.0084,2.329,0.023,1,0.9748,0,NORMAL,60.705,0.602,1,1,1,1,1,116.4,74,3,dijkstra,graph,0.41647,0,,,,,,0,,,,200593,124742,1826
678,53.528010845184326,2026-03-06T11:18:21.099665,3.22,0.0,2.0,0.0,0.0,0.0,0.0,21.39,13.83,0.35,0.352,STRAIGHT,1.5,1.5,"CMD,0.4,1.50",4.0,0.0084,2.329,0.023,1,0.9748,0,NORMAL,60.527,0.584,1,1,1,1,1,106.4,0,0,dijkstra,predict,0.41651,0,,,,,,0,,,,205476,124954,0
679,53.5665647983551,2026-03-06T11:18:21.138219,0.0,0.0,5.46,0.0,0.0,0.0,0.0,20.54,13.81,0.349,0.35,STRAIGHT,1.5,1.5,"CMD,0.4,1.50",4.0,0.0084,2.329,0.023,1,0.9748,0,NORMAL,60.326,0.61,1,1,1,1,1,101.4,0,0,dijkstra,predict,0.41499,0,,,,,,0,,,,205476,124497,0
680,53.60480189323425,2026-03-06T11:18:21.176456,0.0,0.0,6.03,0.0,0.0,0.0,0.0,21.78,13.85,0.349,0.349,STRAIGHT,1.5,1.5,"CMD,0.3,1.50",4.0,0.0084,2.329,0.023,1,0.9748,0,NORMAL,60.072,0.614,1,1,1,1,1,96.4,0,0,dijkstra,predict,0.40829,0,,,,,,0,,,,205476,122487,0
681,53.77775454521179,2026-03-06T11:18:21.349408,111.07,0.0,6.01,15.82,0.0,0.0,0.0,154.93,13.04,0.344,0.349,STRAIGHT,1.5,1.5,"CMD,0.3,1.50",4.0,0.0081,2.374,0.023,1,0.9729,0,NORMAL,59.196,0.593,1,1,1,1,1,118.7,77,5,dijkstra,graph,0.41378,0,,,,,,0,,,,199459,123992,2008
682,53.818259954452515,2026-03-06T11:18:21.389914,0.0,0.0,4.46,0.0,0.0,0.0,0.0,22.48,13.93,0.341,0.344,STRAIGHT,1.5,1.5,"CMD,0.3,1.50",4.0,0.0081,2.374,0.023,1,0.9729,0,NORMAL,56.712,0.57,1,1,1,1,1,108.7,0,0,dijkstra,predict,0.41404,0,,,,,,0,,,,203924,124212,0
683,53.85854411125183,2026-03-06T11:18:21.430198,3.69,0.0,2.0,0.0,0.0,0.0,0.0,20.52,13.94,0.338,0.341,STRAIGHT,1.5,1.5,"CMD,0.3,1.50",4.0,0.0081,2.374,0.023,1,0.9729,0,NORMAL,56.689,0.487,1,1,1,1,1,103.7,0,0,dijkstra,predict,0.41251,0,,,,,,0,,,,203924,123752,0
684,53.89898443222046,2026-03-06T11:18:21.470639,2.65,0.0,2.0,0.0,0.0,0.0,2.0,20.68,13.93,0.337,0.338,STRAIGHT,1.5,1.5,"CMD,0.3,1.50",4.0,0.0081,2.374,0.023,1,0.9729,0,NORMAL,57.564,0.393,1,1,1,1,1,98.7,0,0,dijkstra,predict,0.40596,0,,,,,,0,,,,203924,121787,0
685,54.075077056884766,2026-03-06T11:18:21.646731,112.19,0.0,8.01,15.91,0.0,0.0,2.0,158.33,13.05,0.34,0.338,STRAIGHT,1.5,1.5,"CMD,0.3,1.50",4.0,0.0084,2.329,0.023,1,0.977,0,NORMAL,57.771,0.633,1,1,1,1,1,116.4,69,4,dijkstra,graph,0.40822,0,,,,,,0,,,,197057,122236,1825
686,54.11149549484253,2026-03-06T11:18:21.683150,0.0,0.0,4.38,0.0,0.0,0.0,0.0,18.4,13.93,0.343,0.34,STRAIGHT,1.5,1.5,"CMD,0.3,1.50",4.0,0.0084,2.329,0.023,1,0.977,0,NORMAL,57.589,0.464,1,1,1,1,1,106.4,0,0,dijkstra,predict,0.40786,0,,,,,,0,,,,198913,122358,0
687,54.15163803100586,2026-03-06T11:18:21.723292,0.0,0.0,3.64,0.0,0.0,0.0,0.0,18.02,13.93,0.344,0.343,STRAIGHT,1.5,1.5,"CMD,0.3,1.50",4.0,0.0084,2.329,0.023,1,0.977,0,NORMAL,57.582,0.537,1,1,1,1,1,101.4,0,0,dijkstra,predict,0.40661,0,,,,,,0,,,,198913,121983,0
688,54.19139909744263,2026-03-06T11:18:21.763053,0.0,0.0,4.2,0.0,0.0,0.0,0.0,20.22,13.93,0.345,0.344,STRAIGHT,1.5,1.5,"CMD,0.3,1.50",4.0,0.0084,2.329,0.023,1,0.977,0,NORMAL,57.655,0.529,1,1,1,1,1,96.4,0,0,dijkstra,predict,0.39995,0,,,,,,0,,,,198913,119986,0
689,54.365171909332275,2026-03-06T11:18:21.936826,117.5,0.0,5.01,14.23,0.0,0.0,0.0,156.2,13.09,0.351,0.345,STRAIGHT,1.5,1.5,"CMD,0.3,1.50",4.0,0.0088,2.283,0.023,1,0.9725,0,NORMAL,57.895,0.535,1,1,1,1,1,114.2,58,5,dijkstra,graph,0.41915,0,,,,,,0,,,,200845,125430,1811
690,54.405534744262695,2026-03-06T11:18:21.977189,4.32,0.0,2.0,0.0,0.0,0.0,0.0,20.34,13.91,0.354,0.351,STRAIGHT,1.5,1.5,"CMD,0.4,1.50",4.0,0.0088,2.283,0.023,1,0.9725,0,NORMAL,57.95,0.57,1,1,1,1,1,104.2,0,0,dijkstra,predict,0.4179,0,,,,,,0,,,,203214,125370,0
691,54.445794105529785,2026-03-06T11:18:22.017448,0.0,0.0,3.91,0.0,0.0,0.0,0.0,20.4,13.93,0.357,0.354,STRAIGHT,1.5,1.5,"CMD,0.4,1.50",4.0,0.0088,2.283,0.023,1,0.9725,0,NORMAL,57.774,0.596,1,1,1,1,1,99.2,0,0,dijkstra,predict,0.4172,0,,,,,,0,,,,203214,125160,0
692,54.48365926742554,2026-03-06T11:18:22.055313,0.0,0.0,5.54,0.0,0.0,0.0,0.0,21.85,13.94,0.358,0.357,STRAIGHT,1.5,1.5,"CMD,0.4,1.50",4.0,0.0088,2.283,0.023,1,0.9725,0,NORMAL,58.403,0.541,1,1,1,1,1,94.2,0,0,dijkstra,predict,0.41005,0,,,,,,0,,,,203214,123015,0
693,54.65378451347351,2026-03-06T11:18:22.225438,111.87,0.0,6.01,8.01,8.19,0.0,0.0,152.1,13.08,0.359,0.358,STRAIGHT,1.5,1.5,"CMD,0.4,1.50",4.0,0.0088,2.283,0.023,1,0.9711,0,NORMAL,58.232,0.6,1,1,1,1,1,114.2,70,6,dijkstra,graph,0.41496,0,,,,,,0,,,,200563,124241,1943
694,54.694714307785034,2026-03-06T11:18:22.266368,0.0,0.0,4.2,0.0,0.0,0.0,0.0,20.79,13.98,0.36,0.359,STRAIGHT,1.5,1.5,"CMD,0.4,1.50",4.0,0.0088,2.283,0.023,1,0.9711,0,NORMAL,58.65,0.558,1,1,1,1,1,104.2,0,0,dijkstra,predict,0.41459,0,,,,,,0,,,,202502,124378,0
695,54.728349447250366,2026-03-06T11:18:22.300004,0.0,0.0,0.0,0.0,0.0,0.0,0.0,15.18,14.02,0.36,0.36,STRAIGHT,1.5,1.5,"CMD,0.4,1.50",4.0,0.0088,2.283,0.023,1,0.9711,0,NORMAL,57.507,0.56,1,1,1,1,1,99.2,0,0,dijkstra,predict,0.4133,0,,,,,,0,,,,202502,123991,0
696,54.773632287979126,2026-03-06T11:18:22.345287,2.0,0.0,4.0,0.0,0.0,0.0,0.0,22.03,13.99,0.361,0.36,STRAIGHT,1.5,1.5,"CMD,0.4,1.50",4.0,0.0088,2.283,0.023,1,0.9711,0,NORMAL,57.901,0.562,1,1,1,1,1,94.2,0,0,dijkstra,predict,0.40654,0,,,,,,0,,,,202502,121961,0
697,54.949410915374756,2026-03-06T11:18:22.521065,110.56,0.0,8.01,14.02,2.0,0.0,0.0,156.22,13.15,0.361,0.361,STRAIGHT,1.5,1.5,"CMD,0.4,1.50",4.0,0.0088,2.283,0.023,1,0.9744,0,NORMAL,58.222,0.542,1,1,1,1,1,114.2,80,3,dijkstra,graph,0.40698,0,,,,,,0,,,,198346,122029,1870
698,54.987462759017944,2026-03-06T11:18:22.559117,2.0,0.0,2.0,0.0,0.0,0.0,0.0,20.03,13.99,0.361,0.361,STRAIGHT,1.5,1.5,"CMD,0.4,1.50",4.0,0.0088,2.283,0.023,1,0.9744,0,NORMAL,58.828,0.521,1,1,1,1,1,104.2,0,0,dijkstra,predict,0.4071,0,,,,,,0,,,,200738,122130,0
699,55.02409887313843,2026-03-06T11:18:22.595753,0.0,0.0,4.59,0.0,0.0,0.0,0.0,18.61,14.02,0.361,0.361,STRAIGHT,1.5,1.5,"CMD,0.4,1.50",4.0,0.0088,2.283,0.023,1,0.9744,0,NORMAL,59.463,0.544,1,1,1,1,1,99.2,0,0,dijkstra,predict,0.40594,0,,,,,,0,,,,200738,121782,0
700,55.055877923965454,2026-03-06T11:18:22.627532,0.0,0.0,0.0,0.0,0.0,0.0,0.0,14.02,14.04,0.361,0.361,STRAIGHT,1.5,1.5,"CMD,0.4,1.50",4.0,0.0088,2.283,0.023,1,0.9744,0,NORMAL,59.58,0.509,1,1,1,1,1,94.2,0,0,dijkstra,predict,0.39913,0,,,,,,0,,,,200738,119738,0
701,55.252158641815186,2026-03-06T11:18:22.823813,128.54,0.0,8.01,15.73,0.0,0.0,2.0,175.86,13.04,0.366,0.361,STRAIGHT,1.5,1.5,"CMD,0.4,1.50",4.0,0.0091,2.237,0.023,1,0.9764,0,NORMAL,60.047,0.497,1,1,1,1,1,111.9,69,5,dijkstra,graph,0.39957,0,,,,,,0,,,,197252,119624,1788
702,55.29028391838074,2026-03-06T11:18:22.861938,2.0,0.0,4.01,0.0,0.0,0.0,0.0,20.03,13.88,0.37,0.366,STRAIGHT,1.5,1.5,"CMD,0.4,1.50",4.0,0.0091,2.237,0.023,1,0.9764,0,NORMAL,59.766,0.53,1,1,1,1,1,101.9,0,0,dijkstra,predict,0.39893,0,,,,,,0,,,,198856,119680,0
703,55.3289954662323,2026-03-06T11:18:22.900649,0.0,0.0,6.28,0.0,0.0,0.0,0.0,20.69,13.88,0.372,0.37,STRAIGHT,1.5,1.5,"CMD,0.4,1.50",4.0,0.0091,2.237,0.023,1,0.9764,0,NORMAL,58.864,0.483,1,1,1,1,1,96.9,0,0,dijkstra,predict,0.39785,0,,,,,,0,,,,198856,119356,0
704,55.367053270339966,2026-03-06T11:18:22.938707,2.01,0.0,4.01,0.0,0.0,0.0,0.0,22.04,13.89,0.373,0.372,STRAIGHT,1.5,1.5,"CMD,0.4,1.50",4.0,0.0091,2.237,0.023,1,0.9764,0,NORMAL,59.511,0.411,1,1,1,1,1,91.9,0,0,dijkstra,predict,0.39096,0,,,,,,0,,,,198856,117288,0
705,55.538795709609985,2026-03-06T11:18:23.110450,110.75,0.0,8.01,14.66,0.0,0.0,0.0,153.6,13.04,0.38,0.373,STRAIGHT,1.5,1.5,"CMD,0.4,1.50",4.0,0.0095,2.192,0.023,1,0.9731,0,NORMAL,59.836,0.396,1,1,1,1,1,109.6,65,4,dijkstra,graph,0.39076,0,,,,,,0,,,,195065,117107,1711
706,55.57955598831177,2026-03-06T11:18:23.151210,0.0,0.0,6.48,0.0,0.0,0.0,0.0,22.73,13.87,0.384,0.38,STRAIGHT,1.5,1.5,"CMD,0.4,1.50",4.0,0.0095,2.192,0.023,1,0.9731,0,NORMAL,57.318,0.434,1,1,1,1,1,99.6,0,0,dijkstra,predict,0.39057,0,,,,,,0,,,,196723,117172,0
707,55.62028121948242,2026-03-06T11:18:23.191935,2.0,0.0,4.01,0.0,0.0,0.0,0.0,20.03,13.86,0.386,0.384,STRAIGHT,1.5,1.5,"CMD,0.4,1.50",4.0,0.0095,2.192,0.023,1,0.9731,0,NORMAL,57.017,0.392,1,1,1,1,1,94.6,0,0,dijkstra,predict,0.38944,0,,,,,,0,,,,196723,116833,0
708,55.660419940948486,2026-03-06T11:18:23.232074,3.09,0.0,3.01,0.0,0.0,0.0,0.0,22.12,13.85,0.388,0.386,STRAIGHT,1.5,1.5,"CMD,0.4,1.50",4.0,0.0095,2.192,0.023,1,0.9731,0,NORMAL,57.132,0.387,1,1,1,1,1,89.6,0,0,dijkstra,predict,0.38272,0,,,,,,0,,,,196723,114816,0
709,55.83798789978027,2026-03-06T11:18:23.409642,113.26,0.0,6.01,14.25,0.0,0.0,0.0,157.55,12.99,0.39,0.388,STRAIGHT,1.5,1.5,"CMD,0.4,1.50",4.0,0.0095,2.192,0.023,1,0.9703,0,NORMAL,57.618,0.332,1,1,1,1,1,109.6,76,5,dijkstra,graph,0.37975,0,,,,,,0,,,,193141,113697,1956
710,55.8760347366333,2026-03-06T11:18:23.447689,2.0,0.0,2.0,0.0,0.0,0.0,0.0,18.02,13.83,0.39,0.39,STRAIGHT,1.5,1.5,"CMD,0.4,1.50",4.0,0.0095,2.192,0.023,1,0.9703,0,NORMAL,56.499,0.315,1,1,1,1,1,99.6,0,0,dijkstra,predict,0.37917,0,,,,,,0,,,,195356,113750,0
711,55.91228199005127,2026-03-06T11:18:23.483936,0.0,0.0,4.2,0.0,0.0,0.0,0.0,20.23,13.85,0.391,0.39,STRAIGHT,1.5,1.5,"CMD,0.4,1.50",4.0,0.0095,2.192,0.023,1,0.9703,0,NORMAL,57.298,0.283,1,1,1,1,1,94.6,0,0,dijkstra,predict,0.3781,0,,,,,,0,,,,195356,113430,0
712,55.95109272003174,2026-03-06T11:18:23.522747,3.53,0.0,2.98,0.0,0.0,0.0,0.0,20.53,13.86,0.391,0.391,STRAIGHT,1.5,1.5,"CMD,0.4,1.50",4.0,0.0095,2.192,0.023,1,0.9703,0,NORMAL,57.966,0.257,1,1,1,1,1,89.6,0,0,dijkstra,predict,0.37119,0,,,,,,0,,,,195356,111358,0
713,56.12441349029541,2026-03-06T11:18:23.696068,110.72,0.0,6.01,14.75,2.0,0.0,0.0,153.55,13.03,0.397,0.391,STRAIGHT,1.5,1.5,"CMD,0.4,1.50",4.0,0.0099,2.146,0.023,1,0.9595,0,NORMAL,58.312,0.261,1,1,1,1,1,107.3,68,4,dijkstra,graph,0.37622,0,,,,,,0,,,,189295,112585,1741
714,56.163310289382935,2026-03-06T11:18:23.734964,0.0,0.0,4.54,0.0,0.0,0.0,0.0,18.87,13.89,0.401,0.397,STRAIGHT,1.5,1.5,"CMD,0.4,1.50",4.0,0.0099,2.146,0.023,1,0.9595,0,NORMAL,59.41,0.278,1,1,1,1,1,97.3,0,0,dijkstra,predict,0.37512,0,,,,,,0,,,,192751,112536,0
715,56.20495319366455,2026-03-06T11:18:23.776607,3.66,0.0,0.0,0.0,0.0,0.0,0.0,24.12,13.85,0.404,0.401,STRAIGHT,1.5,1.5,"CMD,0.4,1.50",4.0,0.0099,2.146,0.023,1,0.9595,0,NORMAL,59.861,0.24,1,1,1,1,1,92.3,0,0,dijkstra,predict,0.37443,0,,,,,,0,,,,192751,112328,0
716,56.24378991127014,2026-03-06T11:18:23.815444,2.55,0.0,2.0,0.0,0.0,0.0,0.0,21.26,13.86,0.405,0.404,STRAIGHT,1.5,1.5,"CMD,0.4,1.50",4.0,0.0099,2.146,0.023,1,0.9595,0,NORMAL,60.735,0.216,1,1,1,1,1,87.3,0,0,dijkstra,predict,0.36751,0,,,,,,0,,,,192751,110254,0
717,56.412689447402954,2026-03-06T11:18:23.984344,110.73,0.0,6.01,12.44,2.0,0.0,0.0,149.13,13.06,0.413,0.405,STRAIGHT,1.5,1.5,"CMD,0.4,1.50",4.0,0.0104,2.1,0.023,1,0.9563,0,NORMAL,62.288,0.139,1,1,1,1,1,105.0,60,4,dijkstra,graph,0.3637,0,,,,,,0,,,,186182,108923,1821
718,56.44855451583862,2026-03-06T11:18:24.020209,2.0,0.0,1.74,0.0,0.0,0.0,0.0,17.29,13.92,0.417,0.413,STRAIGHT,1.5,1.5,"CMD,0.4,1.50",4.0,0.0104,2.1,0.023,1,0.9563,0,NORMAL,63.246,0.085,1,1,1,1,1,95.0,0,0,dijkstra,predict,0.36332,0,,,,,,0,,,,190694,108997,0
719,56.488874435424805,2026-03-06T11:18:24.060528,2.0,0.0,0.0,0.0,0.0,0.0,0.0,20.03,13.92,0.421,0.417,STRAIGHT,1.5,1.5,"CMD,0.4,1.50",4.0,0.0104,2.1,0.023,1,0.9563,0,NORMAL,64.332,0.027,1,1,1,1,1,90.0,0,0,dijkstra,predict,0.36224,0,,,,,,0,,,,190694,108671,0
720,56.52916979789734,2026-03-06T11:18:24.100824,2.0,0.0,1.74,0.0,0.0,0.0,0.0,20.17,13.91,0.423,0.421,STRAIGHT,1.5,1.5,"CMD,0.4,1.50",4.0,0.0104,2.1,0.023,1,0.9563,0,NORMAL,64.903,-0.007,1,1,1,1,1,85.0,0,0,dijkstra,predict,0.35527,0,,,,,,0,,,,190694,106581,0
721,56.70544123649597,2026-03-06T11:18:24.277095,114.15,0.0,8.3,13.83,0.0,0.0,2.0,158.25,13.05,0.424,0.423,STRAIGHT,1.5,1.5,"CMD,0.4,1.50",4.0,0.0104,2.1,0.023,1,0.8996,0,NORMAL,65.405,-0.017,1,1,1,1,1,95.4,85,5,dijkstra,graph,0.34541,0,,,,,,0,,,,170121,103496,1759
722,56.743651390075684,2026-03-06T11:18:24.315306,1.84,0.0,2.0,0.0,0.0,0.0,0.0,22.19,13.88,0.425,0.424,STRAIGHT,1.5,1.5,"CMD,0.4,1.50",4.0,0.0104,2.1,0.023,1,0.8996,0,NORMAL,66.333,-0.041,1,1,1,1,1,90.4,0,0,dijkstra,predict,0.34225,0,,,,,,0,,,,173960,102676,0
723,56.912747859954834,2026-03-06T11:18:24.484402,109.88,0.0,5.01,16.16,0.0,0.0,0.0,151.07,13.07,0.426,0.425,STRAIGHT,1.5,1.5,"CMD,0.4,1.50",4.0,0.0104,2.1,0.023,1,0.9468,0,NORMAL,66.881,-0.068,1,1,1,1,1,89.0,91,4,dijkstra,graph,0.32973,0,,,,,,0,,,,165330,98750,1808
724,56.95033049583435,2026-03-06T11:18:24.521984,2.0,0.0,4.01,0.0,0.0,0.0,0.0,19.56,13.05,0.426,0.426,STRAIGHT,1.5,1.5,"CMD,0.4,1.50",4.0,0.0104,2.1,0.023,1,0.9468,0,NORMAL,67.252,-0.004,1,1,1,1,1,83.9,0,0,dijkstra,predict,0.33487,0,,,,,,0,,,,167849,100461,0
725,57.12101364135742,2026-03-06T11:18:24.692668,108.98,0.0,6.01,13.82,0.0,0.0,2.0,148.84,12.35,0.427,0.426,STRAIGHT,1.5,1.5,"CMD,0.4,1.50",4.0,0.0104,2.1,0.023,1,0.9283,0,NORMAL,68.078,-0.265,1,1,1,1,1,95.4,90,4,dijkstra,graph,0.33252,0,,,,,,0,,,,174254,99589,1776
726,57.161437034606934,2026-03-06T11:18:24.733091,2.0,0.0,4.01,0.0,0.0,0.0,0.0,21.53,13.11,0.427,0.427,STRAIGHT,1.5,1.5,"CMD,0.4,1.50",4.0,0.0104,2.1,0.023,1,0.9283,0,NORMAL,68.684,-0.258,1,1,1,1,1,90.4,0,0,dijkstra,predict,0.30915,0,,,,,,0,,,,176464,92746,0
727,57.331383228302,2026-03-06T11:18:24.903037,110.29,0.0,6.01,15.6,0.0,0.0,0.0,153.93,12.37,0.44,0.427,STRAIGHT,1.5,1.5,"CMD,0.4,1.50",4.0,0.0113,2.009,0.023,1,0.9471,0,NORMAL,69.612,-0.301,1,1,1,1,1,100.5,79,3,dijkstra,graph,0.34304,0,,,,,,0,,,,179885,102615,1727
728,57.49650526046753,2026-03-06T11:18:25.068159,109.04,0.0,6.01,14.02,2.0,0.0,0.0,149.1,11.73,0.449,0.44,STRAIGHT,1.5,1.5,"CMD,0.4,1.50",4.0,0.0113,2.009,0.023,1,0.9829,0,NORMAL,70.028,-0.298,1,1,1,1,1,100.5,78,3,dijkstra,graph,0.33671,0,,,,,,0,,,,178059,100765,1679
729,57.53473210334778,2026-03-06T11:18:25.106386,2.0,0.0,4.01,0.0,0.0,0.0,0.0,20.2,11.7,0.455,0.449,STRAIGHT,1.5,1.5,"CMD,0.4,1.50",4.0,0.0113,2.009,0.023,1,0.9829,0,NORMAL,70.711,-0.344,1,1,1,1,1,90.5,0,0,dijkstra,predict,0.33505,0,,,,,,0,,,,181021,100515,0
730,57.56476807594299,2026-03-06T11:18:25.136422,0.0,0.0,0.0,0.0,0.0,0.0,0.0,14.02,12.54,0.459,0.455,STRAIGHT,1.5,1.5,"CMD,0.5,1.50",4.0,0.0113,2.009,0.023,1,0.9829,0,NORMAL,70.711,-0.366,1,1,1,1,1,85.5,0,0,dijkstra,predict,0.33347,0,,,,,,0,,,,181021,100041,0
731,57.61122512817383,2026-03-06T11:18:25.182879,2.0,0.0,4.01,0.0,0.0,0.0,0.0,22.04,12.49,0.461,0.459,STRAIGHT,1.5,1.5,"CMD,0.5,1.50",4.0,0.0113,2.009,0.023,1,0.9829,0,NORMAL,70.711,-0.352,1,1,1,1,1,80.5,0,0,dijkstra,predict,0.32588,0,,,,,,0,,,,181021,97765,0
732,57.78017973899841,2026-03-06T11:18:25.351834,106.61,0.0,6.01,16.02,0.0,0.0,0.0,148.92,11.83,0.463,0.461,STRAIGHT,1.5,1.5,"CMD,0.5,1.50",4.0,0.0113,2.009,0.023,1,0.987,0,NORMAL,70.711,-0.306,1,1,1,1,1,100.5,81,3,dijkstra,graph,0.34128,0,,,,,,0,,,,179259,102071,1666
733,57.820231676101685,2026-03-06T11:18:25.391886,2.0,0.0,2.0,0.0,0.0,0.0,0.0,22.03,11.82,0.464,0.463,STRAIGHT,1.5,1.5,"CMD,0.5,1.50",4.0,0.0113,2.009,0.023,1,0.987,0,NORMAL,70.711,-0.316,1,1,1,1,1,90.5,0,0,dijkstra,predict,0.34074,0,,,,,,0,,,,183406,102222,0
734,57.85827875137329,2026-03-06T11:18:25.429933,2.0,0.0,4.01,0.0,0.0,0.0,0.0,20.03,12.5,0.465,0.464,STRAIGHT,1.5,1.5,"CMD,0.5,1.50",4.0,0.0113,2.009,0.023,1,0.987,0,NORMAL,70.711,-0.313,1,1,1,1,1,85.5,0,0,dijkstra,predict,0.33716,0,,,,,,0,,,,183406,101149,0
735,57.896772146224976,2026-03-06T11:18:25.468426,2.22,0.0,3.01,0.0,0.0,0.0,0.0,22.47,12.52,0.466,0.465,STRAIGHT,1.5,1.5,"CMD,0.5,1.50",4.0,0.0113,2.009,0.023,1,0.987,0,NORMAL,70.711,-0.295,1,1,1,1,1,80.5,0,0,dijkstra,predict,0.33014,0,,,,,,0,,,,183406,99043,0
736,58.064451456069946,2026-03-06T11:18:25.636105,108.37,0.0,8.01,13.24,2.0,0.0,0.0,151.66,11.86,0.466,0.466,STRAIGHT,1.5,1.5,"CMD,0.5,1.50",4.0,0.0113,2.009,0.023,1,0.9889,0,NORMAL,70.711,-0.285,1,1,1,1,1,100.5,74,3,dijkstra,graph,0.34246,0,,,,,,0,,,,180395,102514,1844
737,58.10150122642517,2026-03-06T11:18:25.673155,2.0,0.0,2.0,0.0,0.0,0.0,0.0,20.02,11.88,0.466,0.466,STRAIGHT,1.5,1.5,"CMD,0.5,1.50",4.0,0.0113,2.009,0.023,1,0.9889,0,NORMAL,70.711,-0.304,1,1,1,1,1,90.5,0,0,dijkstra,predict,0.34206,0,,,,,,0,,,,184252,102618,0
738,58.13948917388916,2026-03-06T11:18:25.711143,0.0,0.0,3.95,0.0,0.0,0.0,0.0,19.97,12.6,0.466,0.466,STRAIGHT,1.5,1.5,"CMD,0.5,1.50",4.0,0.0113,2.009,0.023,1,0.9889,0,NORMAL,70.711,-0.229,1,1,1,1,1,85.5,0,0,dijkstra,predict,0.33885,0,,,,,,0,,,,184252,101655,0
739,58.178276777267456,2026-03-06T11:18:25.749931,0.0,0.0,4.44,0.0,0.0,0.0,0.0,18.46,12.6,0.466,0.466,STRAIGHT,1.5,1.5,"CMD,0.5,1.50",4.0,0.0113,2.009,0.023,1,0.9889,0,NORMAL,70.711,-0.207,1,1,1,1,1,80.5,0,0,dijkstra,predict,0.33138,0,,,,,,0,,,,184252,99414,0
740,58.34643268585205,2026-03-06T11:18:25.918087,110.27,0.0,6.01,16.02,0.0,0.0,0.0,152.4,11.91,0.467,0.466,STRAIGHT,1.5,1.5,"CMD,0.5,1.50",4.0,0.0113,2.009,0.023,1,0.9792,0,NORMAL,70.711,-0.089,1,1,1,1,1,100.5,86,3,dijkstra,graph,0.35481,0,,,,,,0,,,,183565,106225,1846
741,58.38466548919678,2026-03-06T11:18:25.956320,0.0,0.0,4.01,0.0,0.0,0.0,0.0,20.21,11.92,0.467,0.467,STRAIGHT,1.5,1.5,"CMD,0.5,1.50",4.0,0.0113,2.009,0.023,1,0.9792,0,NORMAL,70.711,-0.047,1,1,1,1,1,90.5,0,0,dijkstra,predict,0.35426,0,,,,,,0,,,,186357,106278,0
742,58.424757957458496,2026-03-06T11:18:25.996412,0.0,0.0,4.19,0.0,0.0,0.0,0.0,19.47,12.61,0.467,0.467,STRAIGHT,1.5,1.5,"CMD,0.5,1.50",4.0,0.0113,2.009,0.023,1,0.9792,0,NORMAL,70.711,-0.017,1,1,1,1,1,85.5,0,0,dijkstra,predict,0.35148,0,,,,,,0,,,,186357,105444,0
743,58.464157581329346,2026-03-06T11:18:26.035812,0.0,0.0,4.75,0.0,0.0,0.0,0.0,22.13,12.6,0.467,0.467,STRAIGHT,1.5,1.5,"CMD,0.5,1.50",4.0,0.0113,2.009,0.023,1,0.9792,0,NORMAL,70.711,-0.086,1,1,1,1,1,80.5,0,0,dijkstra,predict,0.34375,0,,,,,,0,,,,186357,103126,0
744,58.63131546974182,2026-03-06T11:18:26.202970,101.17,0.0,12.19,16.02,0.0,0.0,0.0,149.4,11.95,0.467,0.467,STRAIGHT,1.5,1.5,"CMD,0.5,1.50",4.0,0.0113,2.009,0.023,1,0.9833,0,NORMAL,70.711,-0.034,1,1,1,1,1,100.5,73,3,dijkstra,graph,0.36643,0,,,,,,0,,,,185522,109661,1691
745,58.67337131500244,2026-03-06T11:18:26.245025,2.0,0.0,4.01,0.0,0.0,0.0,0.0,22.03,11.94,0.467,0.467,STRAIGHT,1.5,1.5,"CMD,0.5,1.50",4.0,0.0113,2.009,0.023,1,0.9833,0,NORMAL,70.711,-0.056,1,1,1,1,1,90.5,0,0,dijkstra,predict,0.36577,0,,,,,,0,,,,187783,109731,0
746,58.71389412879944,2026-03-06T11:18:26.285548,2.0,0.0,0.0,0.0,0.0,0.0,0.0,22.5,12.6,0.467,0.467,STRAIGHT,1.5,1.5,"CMD,0.5,1.50",4.0,0.0113,2.009,0.023,1,0.9833,0,NORMAL,70.711,-0.026,1,1,1,1,1,85.5,0,0,dijkstra,predict,0.36291,0,,,,,,0,,,,187783,108874,0
747,58.753172397613525,2026-03-06T11:18:26.324826,2.0,0.0,3.5,0.0,0.0,0.0,0.0,19.52,12.58,0.467,0.467,STRAIGHT,1.5,1.5,"CMD,0.5,1.50",4.0,0.0113,2.009,0.023,1,0.9833,0,NORMAL,70.711,-0.046,1,1,1,1,1,80.5,0,0,dijkstra,predict,0.35521,0,,,,,,0,,,,187783,106563,0
748,58.92086338996887,2026-03-06T11:18:26.492518,115.23,0.0,6.01,14.41,0.0,0.0,0.0,151.67,11.92,0.467,0.467,STRAIGHT,1.5,1.5,"CMD,0.5,1.50",4.0,0.0113,2.009,0.023,1,0.9824,0,NORMAL,70.711,-0.062,1,1,1,1,1,100.5,72,3,dijkstra,graph,0.36895,0,,,,,,0,,,,186609,110479,1841
749,58.97169280052185,2026-03-06T11:18:26.543347,2.0,0.0,3.5,0.0,0.0,0.0,0.0,22.55,11.87,0.467,0.467,STRAIGHT,1.5,1.5,"CMD,0.5,1.50",4.0,0.0113,2.009,0.023,1,0.9824,0,NORMAL,70.711,-0.056,1,1,1,1,1,90.5,0,0,dijkstra,predict,0.36858,0,,,,,,0,,,,190102,110573,0
750,59.008660316467285,2026-03-06T11:18:26.580315,2.0,0.0,2.0,0.0,0.0,0.0,0.0,18.94,12.59,0.467,0.467,STRAIGHT,1.5,1.5,"CMD,0.5,1.50",4.0,0.0113,2.009,0.023,1,0.9824,0,NORMAL,70.711,-0.042,1,1,1,1,1,85.5,0,0,dijkstra,predict,0.36546,0,,,,,,0,,,,190102,109638,0
751,59.04620838165283,2026-03-06T11:18:26.617863,0.0,0.0,4.01,0.0,0.0,0.0,0.0,20.03,12.59,0.467,0.467,STRAIGHT,1.5,1.5,"CMD,0.5,1.50",4.0,0.0113,2.009,0.023,1,0.9824,0,NORMAL,70.711,-0.064,1,1,1,1,1,80.5,0,0,dijkstra,predict,0.35788,0,,,,,,0,,,,190102,107363,0
752,59.21704030036926,2026-03-06T11:18:26.788694,102.56,0.0,12.22,18.0,0.0,0.0,2.0,152.81,12.59,0.46,0.467,STRAIGHT,1.5,1.5,"CMD,0.5,1.50",4.0,0.0108,2.055,0.023,1,0.9772,0,NORMAL,70.711,-0.052,1,1,1,1,1,102.7,89,2,dijkstra,graph,0.37378,0,,,,,,0,,,,187477,111869,1792
753,59.257187366485596,2026-03-06T11:18:26.828842,2.0,0.0,2.0,0.0,0.0,0.0,0.0,22.03,12.57,0.455,0.46,STRAIGHT,1.5,1.5,"CMD,0.5,1.50",4.0,0.0108,2.055,0.023,1,0.9772,0,NORMAL,70.711,-0.043,1,1,1,1,1,92.7,0,0,dijkstra,predict,0.3727,0,,,,,,0,,,,191729,111811,0
754,59.29555296897888,2026-03-06T11:18:26.867207,2.0,0.0,2.0,0.0,0.0,0.0,2.0,22.03,13.34,0.452,0.455,STRAIGHT,1.5,1.5,"CMD,0.5,1.50",4.0,0.0108,2.055,0.023,1,0.9772,0,NORMAL,70.655,-0.122,1,1,1,1,1,87.7,0,0,dijkstra,predict,0.37112,0,,,,,,0,,,,191729,111335,0
755,59.333256006240845,2026-03-06T11:18:26.904910,0.0,0.0,5.66,0.0,0.0,0.0,0.0,19.68,13.35,0.45,0.452,STRAIGHT,1.5,1.5,"CMD,0.5,1.50",4.0,0.0108,2.055,0.023,1,0.9772,0,NORMAL,68.394,-0.015,1,1,1,1,1,82.7,0,0,dijkstra,predict,0.36371,0,,,,,,0,,,,191729,109113,0
756,59.500242948532104,2026-03-06T11:18:27.071897,107.93,0.0,8.01,14.02,2.0,0.0,0.0,148.96,13.37,0.442,0.45,STRAIGHT,1.5,1.5,"CMD,0.5,1.50",4.0,0.0104,2.1,0.023,1,0.9668,0,NORMAL,66.157,-0.012,1,1,1,1,1,105.0,72,3,dijkstra,graph,0.39444,0,,,,,,0,,,,191899,118049,1955
757,59.54148626327515,2026-03-06T11:18:27.113140,3.18,0.0,2.0,0.0,0.0,0.0,0.0,19.2,14.18,0.437,0.442,STRAIGHT,1.5,1.5,"CMD,0.4,1.50",4.0,0.0104,2.1,0.023,1,0.9668,0,NORMAL,64.904,0.007,1,1,1,1,1,95.0,0,0,dijkstra,predict,0.39364,0,,,,,,0,,,,194683,118091,0
758,59.57478666305542,2026-03-06T11:18:27.146441,0.0,0.0,0.0,0.0,0.0,0.0,0.0,16.02,14.22,0.434,0.437,STRAIGHT,1.5,1.5,"CMD,0.4,1.50",4.0,0.0104,2.1,0.023,1,0.9668,0,NORMAL,64.89,0.006,1,1,1,1,1,90.0,0,0,dijkstra,predict,0.39279,0,,,,,,0,,,,194683,117836,0
759,59.61497163772583,2026-03-06T11:18:27.186626,0.0,0.0,2.52,0.0,0.0,0.0,0.0,18.08,14.14,0.432,0.434,STRAIGHT,1.5,1.5,"CMD,0.4,1.50",4.0,0.0104,2.1,0.023,1,0.9668,0,NORMAL,64.863,0.022,1,1,1,1,1,85.0,0,0,dijkstra,predict,0.3861,0,,,,,,0,,,,194683,115829,0
760,59.786468267440796,2026-03-06T11:18:27.358122,104.98,0.0,9.94,16.02,0.0,0.0,0.0,150.96,13.33,0.424,0.432,STRAIGHT,1.5,1.5,"CMD,0.4,1.50",4.0,0.0099,2.146,0.023,1,0.9645,0,NORMAL,64.536,-0.012,1,1,1,1,1,107.3,80,2,dijkstra,graph,0.38934,0,,,,,,0,,,,190216,116480,1693
761,59.8265266418457,2026-03-06T11:18:27.398181,2.0,0.0,0.0,0.0,0.0,0.0,0.0,20.03,14.17,0.419,0.424,STRAIGHT,1.5,1.5,"CMD,0.4,1.50",4.0,0.0099,2.146,0.023,1,0.9645,0,NORMAL,61.732,-0.042,1,1,1,1,1,97.3,0,0,dijkstra,predict,0.38918,0,,,,,,0,,,,192752,116755,0
762,59.86706566810608,2026-03-06T11:18:27.438720,0.0,0.0,0.0,0.0,0.0,0.0,0.0,16.02,14.17,0.416,0.419,STRAIGHT,1.5,1.5,"CMD,0.4,1.50",4.0,0.0099,2.146,0.023,1,0.9645,0,NORMAL,62.699,0.038,1,1,1,1,1,92.3,0,0,dijkstra,predict,0.38764,0,,,,,,0,,,,192752,116291,0
763,59.90984296798706,2026-03-06T11:18:27.481497,2.96,0.0,2.0,0.0,0.0,0.0,0.0,20.51,14.14,0.413,0.416,STRAIGHT,1.5,1.5,"CMD,0.4,1.50",4.0,0.0099,2.146,0.023,1,0.9645,0,NORMAL,61.616,0.059,1,1,1,1,1,87.3,0,0,dijkstra,predict,0.38128,0,,,,,,0,,,,192752,114384,0
764,60.08457040786743,2026-03-06T11:18:27.656224,115.07,0.0,4.01,19.61,0.0,0.0,0.0,156.7,13.26,0.406,0.413,STRAIGHT,1.5,1.5,"CMD,0.4,1.50",4.0,0.0095,2.192,0.023,1,0.97,0,NORMAL,63.025,-0.107,1,1,1,1,1,109.6,84,3,dijkstra,graph,0.39502,0,,,,,,0,,,,191196,118169,1850
765,60.124977350234985,2026-03-06T11:18:27.696631,2.0,0.0,4.01,0.0,0.0,0.0,0.0,20.38,14.07,0.402,0.406,STRAIGHT,1.5,1.5,"CMD,0.4,1.50",4.0,0.0095,2.192,0.023,1,0.97,0,NORMAL,62.778,0.001,1,1,1,1,1,99.6,0,0,dijkstra,predict,0.39437,0,,,,,,0,,,,194057,118312,0
766,60.16911172866821,2026-03-06T11:18:27.740766,3.08,0.0,3.01,0.0,0.0,0.0,0.0,22.1,14.03,0.398,0.402,STRAIGHT,1.5,1.5,"CMD,0.4,1.50",4.0,0.0095,2.192,0.023,1,0.97,0,NORMAL,62.299,0.026,1,1,1,1,1,94.6,0,0,dijkstra,predict,0.39308,0,,,,,,0,,,,194057,117925,0
767,60.20686864852905,2026-03-06T11:18:27.778523,0.0,0.0,5.53,0.0,0.0,0.0,0.0,21.55,14.03,0.396,0.398,STRAIGHT,1.5,1.5,"CMD,0.4,1.50",4.0,0.0095,2.192,0.023,1,0.97,0,NORMAL,62.798,-0.001,1,1,1,1,1,89.6,0,0,dijkstra,predict,0.38691,0,,,,,,0,,,,194057,116074,0
768,60.38358545303345,2026-03-06T11:18:27.955239,117.0,0.0,6.01,14.02,2.0,0.0,0.0,158.69,13.14,0.39,0.396,STRAIGHT,1.5,1.5,"CMD,0.4,1.50",4.0,0.0091,2.237,0.023,1,0.9655,0,NORMAL,62.678,-0.028,1,1,1,1,1,111.9,65,2,dijkstra,graph,0.39527,0,,,,,,0,,,,194155,118364,1624
769,60.42163133621216,2026-03-06T11:18:27.993285,2.0,0.0,4.01,0.0,0.0,0.0,0.0,22.03,13.97,0.385,0.39,STRAIGHT,1.5,1.5,"CMD,0.4,1.50",4.0,0.0091,2.237,0.023,1,0.9655,0,NORMAL,62.552,-0.017,1,1,1,1,1,101.9,0,0,dijkstra,predict,0.39517,0,,,,,,0,,,,197680,118551,0
770,60.465890645980835,2026-03-06T11:18:28.037545,4.01,0.0,4.01,0.0,0.0,0.0,0.0,23.03,13.93,0.382,0.385,STRAIGHT,1.5,1.5,"CMD,0.4,1.50",4.0,0.0091,2.237,0.023,1,0.9655,0,NORMAL,62.063,-0.071,1,1,1,1,1,96.9,0,0,dijkstra,predict,0.39374,0,,,,,,0,,,,197680,118123,0
771,60.50394034385681,2026-03-06T11:18:28.075595,4.01,0.0,0.0,0.0,0.0,0.0,0.0,18.02,13.95,0.38,0.382,STRAIGHT,1.5,1.5,"CMD,0.4,1.50",4.0,0.0091,2.237,0.023,1,0.9655,0,NORMAL,62.413,-0.042,1,1,1,1,1,91.9,0,0,dijkstra,predict,0.38702,0,,,,,,0,,,,197680,116105,0
772,60.6797890663147,2026-03-06T11:18:28.251443,110.37,0.0,10.01,16.07,0.0,0.0,0.0,155.49,13.09,0.374,0.38,STRAIGHT,1.5,1.5,"CMD,0.4,1.50",4.0,0.0088,2.283,0.023,1,0.9718,0,NORMAL,62.261,-0.007,1,1,1,1,1,114.2,79,4,dijkstra,graph,0.40719,0,,,,,,0,,,,196565,121949,1892
773,60.721850633621216,2026-03-06T11:18:28.293505,2.0,0.0,4.01,0.0,0.0,0.0,2.0,24.03,13.87,0.37,0.374,STRAIGHT,1.5,1.5,"CMD,0.4,1.50",4.0,0.0088,2.283,0.023,1,0.9718,0,NORMAL,61.969,0.019,1,1,1,1,1,104.2,0,0,dijkstra,predict,0.40687,0,,,,,,0,,,,200694,122060,0
774,60.76591444015503,2026-03-06T11:18:28.337569,2.0,0.0,4.01,0.0,0.0,0.0,0.0,22.03,13.86,0.367,0.37,STRAIGHT,1.5,1.5,"CMD,0.4,1.50",4.0,0.0088,2.283,0.023,1,0.9718,0,NORMAL,61.459,0.077,1,1,1,1,1,99.2,0,0,dijkstra,predict,0.40563,0,,,,,,0,,,,200694,121689,0
775,60.802080154418945,2026-03-06T11:18:28.373734,4.13,0.0,0.0,0.0,0.0,0.0,0.0,18.14,13.89,0.365,0.367,STRAIGHT,1.5,1.5,"CMD,0.4,1.50",4.0,0.0088,2.283,0.023,1,0.9718,0,NORMAL,61.157,0.142,1,1,1,1,1,94.2,0,0,dijkstra,predict,0.39886,0,,,,,,0,,,,200694,119659,0
776,60.98113441467285,2026-03-06T11:18:28.552789,110.86,0.0,8.01,16.02,0.0,0.0,0.0,156.92,13.02,0.359,0.365,STRAIGHT,1.5,1.5,"CMD,0.4,1.50",4.0,0.0084,2.329,0.023,1,0.9661,0,NORMAL,60.835,0.165,1,1,1,1,1,116.4,76,4,dijkstra,graph,0.42537,0,,,,,,0,,,,201334,127217,2071
777,61.0236656665802,2026-03-06T11:18:28.595320,3.21,0.0,3.01,0.0,0.0,0.0,0.0,30.52,13.79,0.355,0.359,STRAIGHT,1.5,1.5,"CMD,0.4,1.50",4.0,0.0084,2.329,0.023,1,0.9661,0,NORMAL,61.151,0.183,1,1,1,1,1,106.4,0,0,dijkstra,predict,0.42389,0,,,,,,0,,,,204965,127168,0
778,61.06371831893921,2026-03-06T11:18:28.635372,2.0,0.0,4.01,0.0,0.0,0.0,0.0,22.03,13.86,0.353,0.355,STRAIGHT,1.5,1.5,"CMD,0.4,1.50",4.0,0.0084,2.329,0.023,1,0.9661,0,NORMAL,60.579,0.225,1,1,1,1,1,101.4,0,0,dijkstra,predict,0.42305,0,,,,,,0,,,,204965,126914,0
779,61.10313296318054,2026-03-06T11:18:28.674787,0.0,0.0,5.44,0.0,0.0,0.0,0.0,19.39,13.85,0.351,0.353,STRAIGHT,1.5,1.5,"CMD,0.4,1.50",4.0,0.0084,2.329,0.023,1,0.9661,0,NORMAL,55.941,0.141,1,1,1,1,1,96.4,0,0,dijkstra,predict,0.41597,0,,,,,,0,,,,204965,124791,0
780,61.281007051467896,2026-03-06T11:18:28.852661,114.14,0.0,7.01,17.8,2.0,0.0,0.0,160.6,12.98,0.35,0.351,STRAIGHT,1.5,1.5,"CMD,0.4,1.50",4.0,0.0084,2.329,0.023,1,0.9819,0,NORMAL,56.79,0.053,1,1,1,1,1,116.4,84,5,dijkstra,graph,0.42618,0,,,,,,0,,,,202310,127598,2033
781,61.32222628593445,2026-03-06T11:18:28.893880,0.0,0.0,3.17,0.0,0.0,0.0,2.0,21.2,13.78,0.349,0.35,STRAIGHT,1.5,1.5,"CMD,0.3,1.50",4.0,0.0084,2.329,0.023,1,0.9819,0,NORMAL,56.202,-0.162,1,1,1,1,1,106.4,0,0,dijkstra,predict,0.42524,0,,,,,,0,,,,206565,127573,0
782,61.36127591133118,2026-03-06T11:18:28.932930,2.0,0.0,4.0,0.0,0.0,0.0,0.0,22.03,13.78,0.348,0.349,STRAIGHT,1.5,1.5,"CMD,0.3,1.50",4.0,0.0084,2.329,0.023,1,0.9819,0,NORMAL,57.41,-0.082,1,1,1,1,1,101.4,0,0,dijkstra,predict,0.42437,0,,,,,,0,,,,206565,127311,0
783,61.39769005775452,2026-03-06T11:18:28.969344,2.0,0.0,4.01,0.0,0.0,0.0,0.0,20.39,13.8,0.348,0.348,STRAIGHT,1.5,1.5,"CMD,0.3,1.50",4.0,0.0084,2.329,0.023,1,0.9819,0,NORMAL,57.843,-0.202,1,1,1,1,1,96.4,0,0,dijkstra,predict,0.41714,0,,,,,,0,,,,206565,125143,0
784,61.57679581642151,2026-03-06T11:18:29.148450,114.31,0.0,10.3,16.24,2.0,0.0,0.0,161.08,12.93,0.352,0.348,STRAIGHT,1.5,1.5,"CMD,0.3,1.50",4.0,0.0088,2.283,0.023,1,0.9763,0,NORMAL,57.869,-0.155,1,1,1,1,1,114.2,89,5,dijkstra,graph,0.41789,0,,,,,,0,,,,201161,125108,2080
785,61.61721062660217,2026-03-06T11:18:29.188865,2.0,0.0,3.5,0.0,0.0,0.0,0.0,22.39,13.7,0.355,0.352,STRAIGHT,1.5,1.5,"CMD,0.4,1.50",4.0,0.0088,2.283,0.023,1,0.9763,0,NORMAL,58.297,-0.136,1,1,1,1,1,104.2,0,0,dijkstra,predict,0.41743,0,,,,,,0,,,,207096,125228,0
786,61.65779089927673,2026-03-06T11:18:29.229445,2.32,0.0,2.0,0.0,0.0,0.0,0.0,22.08,13.7,0.357,0.355,STRAIGHT,1.5,1.5,"CMD,0.4,1.50",4.0,0.0088,2.283,0.023,1,0.9763,0,NORMAL,58.621,-0.085,1,1,1,1,1,99.2,0,0,dijkstra,predict,0.41613,0,,,,,,0,,,,207096,124840,0
787,61.698479890823364,2026-03-06T11:18:29.270134,0.0,0.0,6.27,0.0,0.0,0.0,0.0,22.66,13.66,0.359,0.357,STRAIGHT,1.5,1.5,"CMD,0.4,1.50",4.0,0.0088,2.283,0.023,1,0.9763,0,NORMAL,59.474,-0.126,1,1,1,1,1,94.2,0,0,dijkstra,predict,0.40896,0,,,,,,0,,,,207096,122689,0
788,61.87593364715576,2026-03-06T11:18:29.447588,110.78,0.0,8.01,16.02,2.0,0.0,0.0,154.84,12.83,0.36,0.359,STRAIGHT,1.5,1.5,"CMD,0.4,1.50",4.0,0.0088,2.283,0.023,1,0.9809,0,NORMAL,59.563,-0.083,1,1,1,1,1,114.2,83,4,dijkstra,graph,0.41004,0,,,,,,0,,,,199492,122825,1994
789,61.91608810424805,2026-03-06T11:18:29.487742,2.11,0.0,2.0,0.0,0.0,0.0,2.0,22.13,13.62,0.36,0.36,STRAIGHT,1.5,1.5,"CMD,0.4,1.50",4.0,0.0088,2.283,0.023,1,0.9809,0,NORMAL,60.092,-0.077,1,1,1,1,1,104.2,0,0,dijkstra,predict,0.40967,0,,,,,,0,,,,204680,122902,0
790,61.95564126968384,2026-03-06T11:18:29.527295,2.0,0.0,4.01,0.0,0.0,0.0,0.0,23.53,13.62,0.361,0.36,STRAIGHT,1.5,1.5,"CMD,0.4,1.50",4.0,0.0088,2.283,0.023,1,0.9809,0,NORMAL,60.686,-0.071,1,1,1,1,1,99.2,0,0,dijkstra,predict,0.40825,0,,,,,,0,,,,204680,122476,0
791,61.997342348098755,2026-03-06T11:18:29.568996,0.0,0.0,5.65,0.0,0.0,0.0,0.0,23.68,13.61,0.361,0.361,STRAIGHT,1.5,1.5,"CMD,0.4,1.50",4.0,0.0088,2.283,0.023,1,0.9809,0,NORMAL,61.349,-0.075,1,1,1,1,1,94.2,0,0,dijkstra,predict,0.40125,0,,,,,,0,,,,204680,120376,0
792,62.17461323738098,2026-03-06T11:18:29.746267,116.83,0.0,6.01,16.02,2.0,0.0,0.0,158.89,12.8,0.361,0.361,STRAIGHT,1.5,1.5,"CMD,0.4,1.50",4.0,0.0088,2.283,0.023,1,0.9802,0,NORMAL,61.535,0.004,1,1,1,1,1,114.2,76,3,dijkstra,graph,0.40229,0,,,,,,0,,,,197239,120481,1794
793,62.21471905708313,2026-03-06T11:18:29.786373,2.0,0.0,3.85,0.0,0.0,0.0,0.0,21.87,13.61,0.361,0.361,STRAIGHT,1.5,1.5,"CMD,0.4,1.50",4.0,0.0088,2.283,0.023,1,0.9802,0,NORMAL,61.752,0.02,1,1,1,1,1,104.2,0,0,dijkstra,predict,0.40172,0,,,,,,0,,,,201614,120515,0
794,62.25316858291626,2026-03-06T11:18:29.824823,0.0,0.0,4.41,0.0,0.0,0.0,2.0,20.43,13.63,0.361,0.361,STRAIGHT,1.5,1.5,"CMD,0.4,1.50",4.0,0.0088,2.283,0.023,1,0.9802,0,NORMAL,62.693,0.03,1,1,1,1,1,99.2,0,0,dijkstra,predict,0.40046,0,,,,,,0,,,,201614,120139,0
795,62.29152989387512,2026-03-06T11:18:29.863184,0.0,0.0,0.0,0.0,0.0,0.0,0.0,22.34,13.66,0.361,0.361,STRAIGHT,1.5,1.5,"CMD,0.4,1.50",4.0,0.0088,2.283,0.023,1,0.9802,0,NORMAL,64.602,-0.014,1,1,1,1,1,94.2,0,0,dijkstra,predict,0.39341,0,,,,,,0,,,,201614,118022,0
796,62.464582443237305,2026-03-06T11:18:30.036237,110.73,0.0,4.0,15.06,0.0,0.0,0.0,152.99,12.84,0.366,0.361,STRAIGHT,1.5,1.5,"CMD,0.4,1.50",4.0,0.0091,2.237,0.023,1,0.978,0,NORMAL,64.442,-0.029,1,1,1,1,1,111.9,85,3,dijkstra,graph,0.39694,0,,,,,,0,,,,195591,118846,2019
797,62.50515079498291,2026-03-06T11:18:30.076805,2.0,0.0,3.74,0.0,0.0,0.0,0.0,20.54,13.67,0.37,0.366,STRAIGHT,1.5,1.5,"CMD,0.4,1.50",4.0,0.0091,2.237,0.023,1,0.978,0,NORMAL,66.019,-0.039,1,1,1,1,1,101.9,0,0,dijkstra,predict,0.39615,0,,,,,,0,,,,199800,118845,0
798,62.5431227684021,2026-03-06T11:18:30.114777,2.0,0.0,4.01,0.0,0.0,0.0,0.0,19.95,13.67,0.372,0.37,STRAIGHT,1.5,1.5,"CMD,0.4,1.50",4.0,0.0091,2.237,0.023,1,0.978,0,NORMAL,66.334,-0.086,1,1,1,1,1,96.9,0,0,dijkstra,predict,0.39497,0,,,,,,0,,,,199800,118492,0
799,62.58339858055115,2026-03-06T11:18:30.155053,0.0,0.0,6.39,0.0,0.0,0.0,0.0,22.41,13.7,0.373,0.372,STRAIGHT,1.5,1.5,"CMD,0.4,1.50",4.0,0.0091,2.237,0.023,1,0.978,0,NORMAL,64.558,0.006,1,1,1,1,1,91.9,0,0,dijkstra,predict,0.38789,0,,,,,,0,,,,199800,116367,0
800,62.75830078125,2026-03-06T11:18:30.329955,114.58,0.0,8.16,14.11,0.0,0.0,2.0,164.89,12.86,0.374,0.373,STRAIGHT,1.5,1.5,"CMD,0.4,1.50",4.0,0.0091,2.237,0.023,1,0.9711,0,NORMAL,65.54,-0.068,1,1,1,1,1,111.9,83,3,dijkstra,graph,0.38461,0,,,,,,0,,,,191714,115069,1826
801,62.802369117736816,2026-03-06T11:18:30.374023,0.0,0.0,5.94,0.0,0.0,0.0,0.0,22.04,13.66,0.375,0.374,STRAIGHT,1.5,1.5,"CMD,0.4,1.50",4.0,0.0091,2.237,0.023,1,0.9711,0,NORMAL,64.98,-0.025,1,1,1,1,1,101.9,0,0,dijkstra,predict,0.38358,0,,,,,,0,,,,196724,115073,0
802,62.8415105342865,2026-03-06T11:18:30.413165,0.0,0.0,4.16,0.0,0.0,0.0,2.0,22.02,13.68,0.375,0.375,STRAIGHT,1.5,1.5,"CMD,0.4,1.50",4.0,0.0091,2.237,0.023,1,0.9711,0,NORMAL,66.172,-0.064,1,1,1,1,1,96.9,0,0,dijkstra,predict,0.38247,0,,,,,,0,,,,196724,114740,0
803,62.87433671951294,2026-03-06T11:18:30.445991,1.01,0.0,0.0,0.0,0.0,0.0,0.0,16.36,13.75,0.376,0.375,STRAIGHT,1.5,1.5,"CMD,0.4,1.50",4.0,0.0091,2.237,0.023,1,0.9711,0,NORMAL,66.266,-0.094,1,1,1,1,1,91.9,0,0,dijkstra,predict,0.37553,0,,,,,,0,,,,196724,112658,0
804,63.057551860809326,2026-03-06T11:18:30.629206,116.5,0.0,6.01,16.17,0.0,0.0,0.0,162.94,12.86,0.381,0.376,STRAIGHT,1.5,1.5,"CMD,0.4,1.50",4.0,0.0095,2.192,0.023,1,0.968,0,NORMAL,66.62,-0.088,1,1,1,1,1,109.6,92,3,dijkstra,graph,0.39176,0,,,,,,0,,,,193567,117112,1832
805,63.09681463241577,2026-03-06T11:18:30.668469,2.0,0.0,4.0,0.0,0.0,0.0,0.0,21.53,13.71,0.385,0.381,STRAIGHT,1.5,1.5,"CMD,0.4,1.50",4.0,0.0095,2.192,0.023,1,0.968,0,NORMAL,66.911,-0.145,1,1,1,1,1,99.6,0,0,dijkstra,predict,0.39023,0,,,,,,0,,,,199822,117069,0
806,63.13649582862854,2026-03-06T11:18:30.708150,0.0,0.0,5.75,0.0,0.0,0.0,0.0,21.66,13.73,0.387,0.385,STRAIGHT,1.5,1.5,"CMD,0.4,1.50",4.0,0.0095,2.192,0.023,1,0.968,0,NORMAL,66.342,-0.078,1,1,1,1,1,94.6,0,0,dijkstra,predict,0.38945,0,,,,,,0,,,,199822,116834,0
807,63.17605996131897,2026-03-06T11:18:30.747714,0.0,0.0,5.52,0.0,0.0,0.0,0.0,23.54,13.73,0.389,0.387,STRAIGHT,1.5,1.5,"CMD,0.4,1.50",4.0,0.0095,2.192,0.023,1,0.968,0,NORMAL,67.451,-0.135,1,1,1,1,1,89.6,0,0,dijkstra,predict,0.38236,0,,,,,,0,,,,199822,114709,0
808,63.348867416381836,2026-03-06T11:18:30.920521,108.51,0.0,6.01,18.02,0.0,0.0,2.0,154.6,12.91,0.385,0.387,STRAIGHT,1.5,1.5,"CMD,0.4,1.50",4.0,0.0091,2.237,0.023,1,0.9746,0,NORMAL,67.156,-0.111,1,1,1,1,1,111.9,94,3,dijkstra,graph,0.4045,0,,,,,,0,,,,197846,121161,2006
809,63.385618448257446,2026-03-06T11:18:30.957273,2.0,0.0,2.0,0.0,0.0,0.0,0.0,20.26,13.78,0.382,0.385,STRAIGHT,1.5,1.5,"CMD,0.4,1.50",4.0,0.0091,2.237,0.023,1,0.9746,0,NORMAL,66.753,-0.22,1,1,1,1,1,101.9,0,0,dijkstra,predict,0.40375,0,,,,,,0,,,,201547,121124,0
810,63.42566895484924,2026-03-06T11:18:30.997323,2.0,0.0,2.0,0.0,0.0,0.0,0.0,22.03,13.79,0.38,0.382,STRAIGHT,1.5,1.5,"CMD,0.4,1.50",4.0,0.0091,2.237,0.023,1,0.9746,0,NORMAL,67.982,-0.311,1,1,1,1,1,96.9,0,0,dijkstra,predict,0.40293,0,,,,,,0,,,,201547,120879,0
811,63.462719678878784,2026-03-06T11:18:31.034374,0.0,0.0,4.85,0.0,0.0,0.0,0.0,21.03,13.8,0.379,0.38,STRAIGHT,1.5,1.5,"CMD,0.4,1.50",4.0,0.0091,2.237,0.023,1,0.9746,0,NORMAL,67.199,-0.256,1,1,1,1,1,91.9,0,0,dijkstra,predict,0.3958,0,,,,,,0,,,,201547,118741,0
812,63.63329362869263,2026-03-06T11:18:31.204948,108.29,0.0,6.8,15.52,0.0,0.0,0.0,151.64,12.97,0.383,0.38,STRAIGHT,1.5,1.5,"CMD,0.4,1.50",4.0,0.0095,2.192,0.023,1,0.9689,0,NORMAL,67.661,-0.28,1,1,1,1,1,109.6,94,3,dijkstra,graph,0.37593,0,,,,,,0,,,,192712,112437,1882
813,63.67134761810303,2026-03-06T11:18:31.243002,0.0,0.0,4.01,0.0,0.0,0.0,0.0,20.03,13.85,0.386,0.383,STRAIGHT,1.5,1.5,"CMD,0.4,1.50",4.0,0.0095,2.192,0.023,1,0.9689,0,NORMAL,66.969,-0.239,1,1,1,1,1,99.6,0,0,dijkstra,predict,0.37554,0,,,,,,0,,,,198129,112662,0
814,63.70939826965332,2026-03-06T11:18:31.281052,0.0,0.0,0.0,0.0,0.0,0.0,0.0,16.02,13.86,0.388,0.386,STRAIGHT,1.5,1.5,"CMD,0.4,1.50",4.0,0.0095,2.192,0.023,1,0.9689,0,NORMAL,68.301,-0.242,1,1,1,1,1,94.6,0,0,dijkstra,predict,0.3741,0,,,,,,0,,,,198129,112230,0
815,63.75342655181885,2026-03-06T11:18:31.325081,0.0,0.0,3.69,0.0,0.0,0.0,0.0,19.71,13.84,0.389,0.388,STRAIGHT,1.5,1.5,"CMD,0.4,1.50",4.0,0.0095,2.192,0.023,1,0.9689,0,NORMAL,68.244,-0.187,1,1,1,1,1,89.6,0,0,dijkstra,predict,0.36715,0,,,,,,0,,,,198129,110146,0
816,63.927202463150024,2026-03-06T11:18:31.498857,102.31,0.0,8.03,24.44,0.0,0.0,0.0,154.81,13.01,0.385,0.388,STRAIGHT,1.5,1.5,"CMD,0.4,1.50",4.0,0.0091,2.237,0.023,1,0.9785,0,NORMAL,67.295,-0.145,1,1,1,1,1,111.9,92,2,dijkstra,graph,0.38632,0,,,,,,0,,,,196323,115550,1754
817,63.969754695892334,2026-03-06T11:18:31.541409,2.0,0.0,4.0,0.0,0.0,0.0,0.0,28.54,13.85,0.382,0.385,STRAIGHT,1.5,1.5,"CMD,0.4,1.50",4.0,0.0091,2.237,0.023,1,0.9785,0,NORMAL,66.95,-0.071,1,1,1,1,1,101.9,0,0,dijkstra,predict,0.38524,0,,,,,,0,,,,203338,115573,0
818,64.00596499443054,2026-03-06T11:18:31.577619,2.17,0.0,2.0,0.0,0.0,0.0,0.0,24.19,13.88,0.38,0.382,STRAIGHT,1.5,1.5,"CMD,0.4,1.50",4.0,0.0091,2.237,0.023,1,0.9785,0,NORMAL,66.663,-0.002,1,1,1,1,1,96.9,0,0,dijkstra,predict,0.38427,0,,,,,,0,,,,203338,115282,0
819,64.04513144493103,2026-03-06T11:18:31.616785,2.0,0.0,4.83,0.0,0.0,0.0,0.0,20.85,13.88,0.379,0.38,STRAIGHT,1.5,1.5,"CMD,0.4,1.50",4.0,0.0091,2.237,0.023,1,0.9785,0,NORMAL,66.428,0.064,1,1,1,1,1,91.9,0,0,dijkstra,predict,0.37726,0,,,,,,0,,,,203338,113178,0
820,64.22152781486511,2026-03-06T11:18:31.793182,108.8,0.0,8.01,20.04,0.0,0.0,2.0,158.88,13.04,0.373,0.379,STRAIGHT,1.5,1.5,"CMD,0.4,1.50",4.0,0.0088,2.283,0.023,1,0.9743,0,NORMAL,65.61,0.131,1,1,1,1,1,114.2,107,3,dijkstra,graph,0.40101,0,,,,,,0,,,,199632,120086,1837
821,64.25357055664062,2026-03-06T11:18:31.825225,0.0,0.0,0.0,0.0,0.0,0.0,0.0,14.02,13.95,0.369,0.373,STRAIGHT,1.5,1.5,"CMD,0.4,1.50",4.0,0.0088,2.283,0.023,1,0.9743,0,NORMAL,59.536,0.274,1,1,1,1,1,104.2,0,0,dijkstra,predict,0.40023,0,,,,,,0,,,,205545,120069,0
822,64.29213166236877,2026-03-06T11:18:31.863786,0.0,0.0,0.0,0.0,0.0,0.0,0.0,14.02,13.96,0.367,0.369,STRAIGHT,1.5,1.5,"CMD,0.4,1.50",4.0,0.0088,2.283,0.023,1,0.9743,0,NORMAL,60.122,0.202,1,1,1,1,1,99.2,0,0,dijkstra,predict,0.39942,0,,,,,,0,,,,205545,119825,0
823,64.3362021446228,2026-03-06T11:18:31.907856,4.01,0.0,2.0,0.0,0.0,0.0,0.0,20.03,13.92,0.365,0.367,STRAIGHT,1.5,1.5,"CMD,0.4,1.50",4.0,0.0088,2.283,0.023,1,0.9743,0,NORMAL,59.254,0.231,1,1,1,1,1,94.2,0,0,dijkstra,predict,0.39223,0,,,,,,0,,,,205545,117669,0
824,64.5069670677185,2026-03-06T11:18:32.078621,105.6,0.0,10.21,19.82,1.0,0.0,0.0,152.66,13.09,0.359,0.365,STRAIGHT,1.5,1.5,"CMD,0.4,1.50",4.0,0.0084,2.329,0.023,1,0.9729,0,NORMAL,56.679,0.371,1,1,1,1,1,116.4,92,2,dijkstra,graph,0.41562,0,,,,,,0,,,,204958,124400,1788
825,64.54734420776367,2026-03-06T11:18:32.118998,2.0,0.0,3.85,0.0,0.0,0.0,0.0,22.36,13.92,0.355,0.359,STRAIGHT,1.5,1.5,"CMD,0.4,1.50",4.0,0.0084,2.329,0.023,1,0.9729,0,NORMAL,55.873,0.376,1,1,1,1,1,106.4,0,0,dijkstra,predict,0.41444,0,,,,,,0,,,,211527,124332,0
826,64.5895528793335,2026-03-06T11:18:32.161207,2.0,0.0,4.01,0.0,0.0,0.0,0.0,21.03,13.91,0.352,0.355,STRAIGHT,1.5,1.5,"CMD,0.4,1.50",4.0,0.0084,2.329,0.023,1,0.9729,0,NORMAL,55.942,0.401,1,1,1,1,1,101.4,0,0,dijkstra,predict,0.4138,0,,,,,,0,,,,211527,124139,0
827,64.63003754615784,2026-03-06T11:18:32.201692,1.5,0.0,4.01,0.0,0.0,0.0,0.0,20.46,13.9,0.351,0.352,STRAIGHT,1.5,1.5,"CMD,0.4,1.50",4.0,0.0084,2.329,0.023,1,0.9729,0,NORMAL,55.675,0.441,1,1,1,1,1,96.4,0,0,dijkstra,predict,0.40632,0,,,,,,0,,,,211527,121896,0
828,64.81294679641724,2026-03-06T11:18:32.384601,115.47,0.0,8.01,18.11,0.0,0.0,0.0,166.89,13.01,0.35,0.351,STRAIGHT,1.5,1.5,"CMD,0.4,1.50",4.0,0.0084,2.329,0.023,1,0.987,0,NORMAL,55.402,0.504,1,1,1,1,1,116.4,99,2,dijkstra,graph,0.41124,0,,,,,,0,,,,203654,123100,1802
829,64.85566902160645,2026-03-06T11:18:32.427323,0.0,0.0,4.01,0.0,0.0,0.0,0.0,27.7,13.83,0.349,0.35,STRAIGHT,1.5,1.5,"CMD,0.3,1.50",4.0,0.0084,2.329,0.023,1,0.987,0,NORMAL,55.617,0.5,1,1,1,1,1,106.4,0,0,dijkstra,predict,0.41058,0,,,,,,0,,,,208359,123173,0
830,64.89572405815125,2026-03-06T11:18:32.467378,2.0,0.0,4.01,0.0,0.0,0.0,0.0,22.03,13.85,0.348,0.349,STRAIGHT,1.5,1.5,"CMD,0.3,1.50",4.0,0.0084,2.329,0.023,1,0.987,0,NORMAL,54.984,0.558,1,1,1,1,1,101.4,0,0,dijkstra,predict,0.40948,0,,,,,,0,,,,208359,122843,0
831,64.93377041816711,2026-03-06T11:18:32.505424,4.01,0.0,2.0,0.0,0.0,0.0,0.0,20.03,13.86,0.348,0.348,STRAIGHT,1.5,1.5,"CMD,0.3,1.50",4.0,0.0084,2.329,0.023,1,0.987,0,NORMAL,55.288,0.523,1,1,1,1,1,96.4,0,0,dijkstra,predict,0.40222,0,,,,,,0,,,,208359,120667,0
832,65.10947942733765,2026-03-06T11:18:32.681134,111.63,0.0,8.27,16.02,2.0,0.0,0.0,155.68,12.97,0.348,0.348,STRAIGHT,1.5,1.5,"CMD,0.3,1.50",4.0,0.0084,2.329,0.023,1,0.9775,0,NORMAL,54.611,0.628,1,1,1,1,1,116.4,103,2,dijkstra,graph,0.41874,0,,,,,,0,,,,204584,125404,1852
833,65.14953279495239,2026-03-06T11:18:32.721187,4.01,0.0,2.0,0.0,0.0,0.0,0.0,20.03,13.86,0.348,0.348,STRAIGHT,1.5,1.5,"CMD,0.3,1.50",4.0,0.0084,2.329,0.023,1,0.9775,0,NORMAL,55.133,0.596,1,1,1,1,1,106.4,0,0,dijkstra,predict,0.41788,0,,,,,,0,,,,210139,125365,0
834,65.18388795852661,2026-03-06T11:18:32.755542,2.0,0.0,0.0,0.0,0.0,0.0,0.0,15.77,13.9,0.347,0.348,STRAIGHT,1.5,1.5,"CMD,0.3,1.50",4.0,0.0084,2.329,0.023,1,0.9775,0,NORMAL,53.411,0.431,1,1,1,1,1,101.4,0,0,dijkstra,predict,0.41711,0,,,,,,0,,,,210139,125133,0
835,65.22546076774597,2026-03-06T11:18:32.797115,0.0,0.0,4.8,0.0,0.0,0.0,0.0,20.33,13.88,0.347,0.347,STRAIGHT,1.5,1.5,"CMD,0.3,1.50",4.0,0.0084,2.329,0.023,1,0.9775,0,NORMAL,53.777,0.426,1,1,1,1,1,96.4,0,0,dijkstra,predict,0.40986,0,,,,,,0,,,,210139,122958,0
836,65.40192818641663,2026-03-06T11:18:32.973582,110.88,0.0,6.01,20.03,0.0,0.0,0.0,156.94,13.03,0.357,0.347,STRAIGHT,1.5,1.5,"CMD,0.3,1.50",4.0,0.0091,2.237,0.023,1,0.9613,0,NORMAL,54.24,0.39,1,1,1,1,1,111.9,98,2,dijkstra,graph,0.39366,0,,,,,,0,,,,200746,117875,1850
837,65.44406270980835,2026-03-06T11:18:33.015717,0.0,0.0,5.19,0.0,0.0,0.0,0.0,22.11,13.84,0.363,0.357,STRAIGHT,1.5,1.5,"CMD,0.4,1.50",4.0,0.0091,2.237,0.023,1,0.9613,0,NORMAL,54.439,0.443,1,1,1,1,1,101.9,0,0,dijkstra,predict,0.39331,0,,,,,,0,,,,206506,117992,0
838,65.48799967765808,2026-03-06T11:18:33.059654,0.0,0.0,5.88,0.0,0.0,0.0,0.0,21.9,13.79,0.368,0.363,STRAIGHT,1.5,1.5,"CMD,0.4,1.50",4.0,0.0091,2.237,0.023,1,0.9613,0,NORMAL,54.658,0.458,1,1,1,1,1,96.9,0,0,dijkstra,predict,0.39209,0,,,,,,0,,,,206506,117626,0
839,65.52814722061157,2026-03-06T11:18:33.099801,2.0,0.0,2.0,0.0,0.0,0.0,0.0,21.8,13.79,0.371,0.368,STRAIGHT,1.5,1.5,"CMD,0.4,1.50",4.0,0.0091,2.237,0.023,1,0.9613,0,NORMAL,54.866,0.572,1,1,1,1,1,91.9,0,0,dijkstra,predict,0.38478,0,,,,,,0,,,,206506,115434,0
840,65.69984340667725,2026-03-06T11:18:33.271498,111.08,0.0,4.01,20.56,2.0,0.0,0.0,155.68,12.96,0.373,0.371,STRAIGHT,1.5,1.5,"CMD,0.4,1.50",4.0,0.0091,2.237,0.023,1,0.9768,0,NORMAL,55.807,0.482,1,1,1,1,1,111.9,97,3,dijkstra,graph,0.38564,0,,,,,,0,,,,199353,115444,1829
841,65.74146866798401,2026-03-06T11:18:33.313123,0.0,0.0,5.58,0.0,0.0,0.0,2.0,21.6,13.76,0.374,0.373,STRAIGHT,1.5,1.5,"CMD,0.4,1.50",4.0,0.0091,2.237,0.023,1,0.9768,0,NORMAL,55.36,0.505,1,1,1,1,1,101.9,0,0,dijkstra,predict,0.3849,0,,,,,,0,,,,204491,115471,0
842,65.78398442268372,2026-03-06T11:18:33.355639,2.96,0.0,3.51,0.0,0.0,0.0,0.0,22.49,13.73,0.375,0.374,STRAIGHT,1.5,1.5,"CMD,0.4,1.50",4.0,0.0091,2.237,0.023,1,0.9768,0,NORMAL,55.394,0.584,1,1,1,1,1,96.9,0,0,dijkstra,predict,0.38391,0,,,,,,0,,,,204491,115174,0
843,65.82661199569702,2026-03-06T11:18:33.398266,2.18,0.0,2.0,0.0,0.0,0.0,1.95,22.16,13.7,0.375,0.375,STRAIGHT,1.5,1.5,"CMD,0.4,1.50",4.0,0.0091,2.237,0.023,1,0.9768,0,NORMAL,56.008,0.578,1,1,1,1,1,91.9,0,0,dijkstra,predict,0.37677,0,,,,,,0,,,,204491,113032,0
844,65.99909353256226,2026-03-06T11:18:33.570748,109.85,0.0,5.75,16.19,0.0,0.0,0.0,154.45,12.91,0.376,0.375,STRAIGHT,1.5,1.5,"CMD,0.4,1.50",4.0,0.0091,2.237,0.023,1,0.9727,0,NORMAL,56.227,0.562,1,1,1,1,1,111.9,79,3,dijkstra,graph,0.37808,0,,,,,,0,,,,196335,113146,1847
845,66.0386745929718,2026-03-06T11:18:33.610329,0.0,0.0,6.04,0.0,0.0,0.0,0.0,22.06,13.73,0.376,0.376,STRAIGHT,1.5,1.5,"CMD,0.4,1.50",4.0,0.0091,2.237,0.023,1,0.9727,0,NORMAL,56.768,0.595,1,1,1,1,1,101.9,0,0,dijkstra,predict,0.37767,0,,,,,,0,,,,201186,113301,0
846,66.07709050178528,2026-03-06T11:18:33.648745,2.0,0.0,4.01,0.0,0.0,0.0,0.0,20.4,13.76,0.376,0.376,STRAIGHT,1.5,1.5,"CMD,0.4,1.50",4.0,0.0091,2.237,0.023,1,0.9727,0,NORMAL,56.96,0.597,1,1,1,1,1,96.9,0,0,dijkstra,predict,0.37633,0,,,,,,0,,,,201186,112900,0
847,66.11714339256287,2026-03-06T11:18:33.688798,2.0,0.0,2.0,0.0,0.0,0.0,0.0,22.03,13.74,0.376,0.376,STRAIGHT,1.5,1.5,"CMD,0.4,1.50",4.0,0.0091,2.237,0.023,1,0.9727,0,NORMAL,57.634,0.636,1,1,1,1,1,91.9,0,0,dijkstra,predict,0.36942,0,,,,,,0,,,,201186,110827,0
848,66.29716181755066,2026-03-06T11:18:33.868816,112.12,0.0,8.01,26.04,0.0,0.0,0.0,164.19,12.88,0.381,0.376,STRAIGHT,1.5,1.5,"CMD,0.4,1.50",4.0,0.0095,2.192,0.023,1,0.9731,0,NORMAL,58.092,0.785,1,1,1,1,1,109.6,194,2,dijkstra,graph,0.37868,0,,,,,,0,,,,197779,113277,2353
849,66.3379979133606,2026-03-06T11:18:33.909652,1.74,0.0,0.0,0.0,0.0,0.0,0.0,16.45,13.7,0.385,0.381,STRAIGHT,1.5,1.5,"CMD,0.4,1.50",4.0,0.0095,2.192,0.023,1,0.9731,0,NORMAL,57.502,0.78,1,1,1,1,1,99.6,0,0,dijkstra,predict,0.37762,0,,,,,,0,,,,203346,113287,0
850,66.37999892234802,2026-03-06T11:18:33.951653,2.0,0.0,2.0,0.0,0.0,0.0,0.0,20.03,13.64,0.387,0.385,STRAIGHT,1.5,1.5,"CMD,0.4,1.50",4.0,0.0095,2.192,0.023,1,0.9731,0,NORMAL,57.735,0.907,1,1,1,1,1,94.6,0,0,dijkstra,predict,0.37676,0,,,,,,0,,,,203346,113028,0
851,66.42004823684692,2026-03-06T11:18:33.991702,2.0,0.0,2.0,0.0,0.0,0.0,0.0,18.02,13.64,0.389,0.387,STRAIGHT,1.5,1.5,"CMD,0.4,1.50",4.0,0.0095,2.192,0.023,1,0.9731,0,NORMAL,58.16,0.882,1,1,1,1,1,89.6,0,0,dijkstra,predict,0.36928,0,,,,,,0,,,,203346,110783,0
852,66.60014653205872,2026-03-06T11:18:34.171801,114.15,0.0,7.7,24.25,0.0,0.0,0.0,164.13,12.81,0.385,0.387,STRAIGHT,1.5,1.5,"CMD,0.4,1.50",4.0,0.0091,2.237,0.023,1,0.9766,0,NORMAL,57.974,0.968,1,1,1,1,1,111.9,176,3,dijkstra,graph,0.38347,0,,,,,,0,,,,200949,114727,2300
853,66.64615249633789,2026-03-06T11:18:34.217807,2.0,0.0,4.0,0.0,0.0,0.0,0.0,22.03,13.56,0.382,0.385,STRAIGHT,1.5,1.5,"CMD,0.4,1.50",4.0,0.0091,2.237,0.023,1,0.9766,0,NORMAL,58.833,0.968,1,1,1,1,1,101.9,0,0,dijkstra,predict,0.38246,0,,,,,,0,,,,208694,114737,0
854,66.68591904640198,2026-03-06T11:18:34.257573,3.72,0.0,2.0,0.0,0.0,0.0,0.0,21.74,13.56,0.38,0.382,STRAIGHT,1.5,1.5,"CMD,0.4,1.50",4.0,0.0091,2.237,0.023,1,0.9766,0,NORMAL,58.929,0.97,1,1,1,1,1,96.9,0,0,dijkstra,predict,0.38128,0,,,,,,0,,,,208694,114383,0
855,66.7249972820282,2026-03-06T11:18:34.296651,2.92,0.0,2.0,0.0,0.0,0.0,0.0,25.06,13.58,0.379,0.38,STRAIGHT,1.5,1.5,"CMD,0.4,1.50",4.0,0.0091,2.237,0.023,1,0.9766,0,NORMAL,59.217,0.964,1,1,1,1,1,91.9,0,0,dijkstra,predict,0.37383,0,,,,,,0,,,,208694,112149,0
856,66.90236854553223,2026-03-06T11:18:34.474023,108.93,0.0,4.42,26.34,0.0,0.0,0.0,157.85,12.76,0.383,0.38,STRAIGHT,1.5,1.5,"CMD,0.4,1.50",4.0,0.0095,2.192,0.023,1,0.9655,0,NORMAL,59.787,0.944,1,1,1,1,1,109.6,159,4,dijkstra,graph,0.36717,0,,,,,,0,,,,195429,109881,2168
857,66.94442129135132,2026-03-06T11:18:34.516075,2.0,0.0,4.01,0.0,0.0,0.0,0.0,22.03,13.61,0.386,0.383,STRAIGHT,1.5,1.5,"CMD,0.4,1.50",4.0,0.0095,2.192,0.023,1,0.9655,0,NORMAL,60.219,0.912,1,1,1,1,1,99.6,0,0,dijkstra,predict,0.36675,0,,,,,,0,,,,201506,110025,0
858,66.98247003555298,2026-03-06T11:18:34.554124,2.0,0.0,4.0,0.0,0.0,0.0,0.0,20.03,13.64,0.388,0.386,STRAIGHT,1.5,1.5,"CMD,0.4,1.50",4.0,0.0095,2.192,0.023,1,0.9655,0,NORMAL,56.15,0.928,1,1,1,1,1,94.6,0,0,dijkstra,predict,0.3652,0,,,,,,0,,,,201506,109559,0
859,67.02294707298279,2026-03-06T11:18:34.594601,2.94,0.0,5.51,0.0,0.0,0.0,0.0,22.47,13.63,0.389,0.388,STRAIGHT,1.5,1.5,"CMD,0.4,1.50",4.0,0.0095,2.192,0.023,1,0.9655,0,NORMAL,56.632,0.847,1,1,1,1,1,89.6,0,0,dijkstra,predict,0.35796,0,,,,,,0,,,,201506,107389,0
860,67.19859457015991,2026-03-06T11:18:34.770249,110.89,0.0,0.0,22.03,0.0,0.0,0.0,158.14,12.8,0.396,0.389,STRAIGHT,1.5,1.5,"CMD,0.4,1.50",4.0,0.0099,2.146,0.023,1,0.9598,0,NORMAL,57.31,0.8,1,1,1,1,1,107.3,150,4,dijkstra,graph,0.37207,0,,,,,,0,,,,196018,111421,2376
861,67.23482990264893,2026-03-06T11:18:34.806484,0.0,0.0,3.42,0.0,0.0,0.0,0.0,16.2,13.64,0.4,0.396,STRAIGHT,1.5,1.5,"CMD,0.4,1.50",4.0,0.0099,2.146,0.023,1,0.9598,0,NORMAL,57.736,0.847,1,1,1,1,1,97.3,0,0,dijkstra,predict,0.37146,0,,,,,,0,,,,202399,111437,0
862,67.27585554122925,2026-03-06T11:18:34.847509,0.0,0.0,4.04,0.0,0.0,0.0,0.0,20.32,13.64,0.403,0.4,STRAIGHT,1.5,1.5,"CMD,0.4,1.50",4.0,0.0099,2.146,0.023,1,0.9598,0,NORMAL,57.411,0.861,1,1,1,1,1,92.3,0,0,dijkstra,predict,0.37008,0,,,,,,0,,,,202399,111023,0
863,67.32015419006348,2026-03-06T11:18:34.891808,2.0,0.0,2.0,0.0,0.0,0.0,0.0,22.03,13.58,0.405,0.403,STRAIGHT,1.5,1.5,"CMD,0.4,1.50",4.0,0.0099,2.146,0.023,1,0.9598,0,NORMAL,56.563,0.873,1,1,1,1,1,87.3,0,0,dijkstra,predict,0.36313,0,,,,,,0,,,,202399,108940,0
864,67.50774097442627,2026-03-06T11:18:35.079395,115.49,0.0,6.01,28.04,2.0,0.0,0.0,169.56,12.71,0.406,0.405,STRAIGHT,1.5,1.5,"CMD,0.4,1.50",4.0,0.0099,2.146,0.023,1,0.9622,0,NORMAL,57.228,0.855,1,1,1,1,1,107.3,212,5,dijkstra,graph,0.37512,0,,,,,,0,,,,196490,112450,3144
865,67.55046606063843,2026-03-06T11:18:35.122120,2.0,0.0,2.0,0.0,0.0,0.0,0.0,22.7,13.5,0.407,0.406,STRAIGHT,1.5,1.5,"CMD,0.4,1.50",4.0,0.0099,2.146,0.023,1,0.9622,0,NORMAL,57.537,0.807,1,1,1,1,1,97.3,0,0,dijkstra,predict,0.37481,0,,,,,,0,,,,205159,112443,0
866,67.58826017379761,2026-03-06T11:18:35.159914,2.0,0.0,4.01,0.0,0.0,0.0,0.0,21.58,13.52,0.408,0.407,STRAIGHT,1.5,1.5,"CMD,0.4,1.50",4.0,0.0099,2.146,0.023,1,0.9622,0,NORMAL,56.499,0.846,1,1,1,1,1,92.3,0,0,dijkstra,predict,0.37313,0,,,,,,0,,,,205159,111938,0
867,67.62230682373047,2026-03-06T11:18:35.193961,0.0,0.0,0.0,0.0,0.0,0.0,0.0,16.02,13.59,0.408,0.408,STRAIGHT,1.5,1.5,"CMD,0.4,1.50",4.0,0.0099,2.146,0.023,1,0.9622,0,NORMAL,57.992,0.692,1,1,1,1,1,87.3,0,0,dijkstra,predict,0.36586,0,,,,,,0,,,,205159,109757,0
868,67.80262970924377,2026-03-06T11:18:35.374284,114.3,0.0,6.01,18.02,2.0,0.0,0.0,156.35,12.75,0.421,0.408,STRAIGHT,1.5,1.5,"CMD,0.4,1.50",4.0,0.0108,2.055,0.023,1,0.9419,0,NORMAL,58.304,0.641,1,1,1,1,1,102.7,105,7,dijkstra,graph,0.35612,0,,,,,,0,,,,192584,106579,2236
869,67.83867526054382,2026-03-06T11:18:35.410329,2.0,0.0,0.0,0.0,0.0,0.0,0.0,18.02,13.56,0.429,0.421,STRAIGHT,1.5,1.5,"CMD,0.4,1.50",4.0,0.0108,2.055,0.023,1,0.9419,0,NORMAL,59.208,0.6,1,1,1,1,1,92.7,0,0,dijkstra,predict,0.35554,0,,,,,,0,,,,198491,106662,0
870,67.87908744812012,2026-03-06T11:18:35.450742,1.74,0.0,0.0,0.0,0.0,0.0,0.0,20.05,13.57,0.435,0.429,STRAIGHT,1.5,1.5,"CMD,0.4,1.50",4.0,0.0108,2.055,0.023,1,0.9419,0,NORMAL,59.378,0.556,1,1,1,1,1,87.7,0,0,dijkstra,predict,0.35412,0,,,,,,0,,,,198491,106237,0
871,67.92212891578674,2026-03-06T11:18:35.493783,1.74,0.0,2.72,0.0,0.0,0.0,0.0,22.57,13.56,0.439,0.435,STRAIGHT,1.5,1.5,"CMD,0.4,1.50",4.0,0.0108,2.055,0.023,1,0.9419,0,NORMAL,58.267,0.717,1,1,1,1,1,82.7,0,0,dijkstra,predict,0.34693,0,,,,,,0,,,,198491,104078,0
872,68.11272358894348,2026-03-06T11:18:35.684378,113.32,0.0,8.42,26.03,2.0,0.0,0.0,169.76,12.69,0.441,0.439,STRAIGHT,1.5,1.5,"CMD,0.4,1.50",4.0,0.0108,2.055,0.023,1,0.9122,0,NORMAL,58.345,0.801,1,1,1,1,1,102.7,177,8,dijkstra,graph,0.37779,0,,,,,,0,,,,204685,113247,2920
873,68.15095615386963,2026-03-06T11:18:35.722610,0.0,0.0,2.0,0.0,0.0,0.0,0.0,18.03,13.48,0.443,0.441,STRAIGHT,1.5,1.5,"CMD,0.4,1.50",4.0,0.0108,2.055,0.023,1,0.9122,0,NORMAL,58.998,0.734,1,1,1,1,1,92.7,0,0,dijkstra,predict,0.37718,0,,,,,,0,,,,218464,113153,0
874,68.19767928123474,2026-03-06T11:18:35.769333,0.0,0.0,4.3,0.0,0.0,0.0,2.0,22.32,13.43,0.444,0.443,STRAIGHT,1.5,1.5,"CMD,0.4,1.50",4.0,0.0108,2.055,0.023,1,0.9122,0,NORMAL,58.447,0.674,1,1,1,1,1,87.7,0,0,dijkstra,predict,0.37553,0,,,,,,0,,,,218464,112658,0
875,68.23639607429504,2026-03-06T11:18:35.808050,2.0,0.0,2.93,0.0,0.0,0.0,0.0,20.96,13.43,0.445,0.444,STRAIGHT,1.5,1.5,"CMD,0.4,1.50",4.0,0.0108,2.055,0.023,1,0.9122,0,NORMAL,58.188,0.839,1,1,1,1,1,82.7,0,0,dijkstra,predict,0.36796,0,,,,,,0,,,,218464,110387,0
876,68.41233491897583,2026-03-06T11:18:35.983989,105.54,0.0,10.11,24.26,2.0,0.0,0.0,158.42,12.64,0.459,0.445,STRAIGHT,1.5,1.5,"CMD,0.4,1.50",4.0,0.0118,1.963,0.023,1,0.9041,0,NORMAL,59.185,0.752,1,1,1,1,1,98.2,122,6,dijkstra,graph,0.36514,0,,,,,,0,,,,208133,109539,2710
877,68.45038294792175,2026-03-06T11:18:36.022037,2.0,0.0,2.0,0.0,0.0,0.0,0.0,20.03,13.47,0.469,0.459,STRAIGHT,1.5,1.5,"CMD,0.5,1.50",4.0,0.0118,1.963,0.023,1,0.9041,0,NORMAL,60.455,0.718,1,1,1,1,1,88.2,0,0,dijkstra,predict,0.36518,0,,,,,,0,,,,219697,109553,0
878,68.48843050003052,2026-03-06T11:18:36.060084,2.0,0.0,4.01,0.0,0.0,0.0,0.0,20.03,13.49,0.476,0.469,STRAIGHT,1.5,1.5,"CMD,0.5,1.50",4.0,0.0118,1.963,0.023,1,0.9041,0,NORMAL,61.018,0.626,1,1,1,1,1,83.2,0,0,dijkstra,predict,0.36317,0,,,,,,0,,,,219697,108950,0
879,68.52684044837952,2026-03-06T11:18:36.098494,0.0,0.0,0.0,0.0,0.0,0.0,0.0,22.39,13.51,0.48,0.476,STRAIGHT,1.5,1.5,"CMD,0.5,1.50",4.0,0.0118,1.963,0.023,1,0.9041,0,NORMAL,61.33,0.618,1,1,1,1,1,78.2,0,0,dijkstra,predict,0.35575,0,,,,,,0,,,,219697,106724,0
880,68.70657420158386,2026-03-06T11:18:36.278228,113.28,0.0,6.01,14.02,2.0,0.0,0.0,154.83,12.67,0.483,0.48,STRAIGHT,1.5,1.5,"CMD,0.5,1.50",4.0,0.0118,1.963,0.023,1,0.8788,0,NORMAL,61.212,0.667,1,1,1,1,1,98.2,82,7,dijkstra,graph,0.35519,0,,,,,,0,,,,207511,106425,2438
881,68.74918484687805,2026-03-06T11:18:36.320839,0.0,0.0,5.86,0.0,0.0,0.0,0.0,22.36,13.49,0.485,0.483,STRAIGHT,1.5,1.5,"CMD,0.5,1.50",4.0,0.0118,1.963,0.023,1,0.8788,0,NORMAL,62.492,0.6,1,1,1,1,1,88.2,0,0,dijkstra,predict,0.35467,0,,,,,,0,,,,221114,106401,0
882,68.79306626319885,2026-03-06T11:18:36.364720,3.83,0.0,2.0,0.0,0.0,0.0,0.0,21.85,13.51,0.486,0.485,STRAIGHT,1.5,1.5,"CMD,0.5,1.50",4.0,0.0118,1.963,0.023,1,0.8788,0,NORMAL,62.654,0.609,1,1,1,1,1,83.2,0,0,dijkstra,predict,0.3528,0,,,,,,0,,,,221114,105840,0
883,68.82911348342896,2026-03-06T11:18:36.400767,2.0,0.0,2.0,0.0,0.0,0.0,0.0,20.03,13.53,0.487,0.486,STRAIGHT,1.5,1.5,"CMD,0.5,1.50",4.0,0.0118,1.963,0.023,1,0.8788,0,NORMAL,62.524,0.602,1,1,1,1,1,78.2,0,0,dijkstra,predict,0.34543,0,,,,,,0,,,,221114,103629,0
884,69.00584125518799,2026-03-06T11:18:36.577495,116.65,0.0,8.01,16.02,0.0,0.0,0.0,158.71,12.71,0.495,0.487,STRAIGHT,1.5,1.5,"CMD,0.5,1.50",4.0,0.0124,1.918,0.023,1,0.9047,0,NORMAL,62.376,0.634,1,1,1,1,1,95.9,82,6,dijkstra,graph,0.34283,0,,,,,,0,,,,200446,102695,2356
885,69.04517126083374,2026-03-06T11:18:36.616825,3.34,0.0,2.0,0.0,0.0,0.0,0.0,19.9,13.53,0.501,0.495,STRAIGHT,1.5,1.5,"CMD,0.5,1.50",4.0,0.0124,1.918,0.023,1,0.9047,0,NORMAL,63.169,0.634,1,1,1,1,1,85.9,0,0,dijkstra,predict,0.34198,0,,,,,,0,,,,213674,102593,0
886,69.09136891365051,2026-03-06T11:18:36.663023,2.0,0.0,4.01,0.0,0.0,0.0,0.0,23.97,13.51,0.505,0.501,STRAIGHT,1.5,1.5,"CMD,0.5,1.50",4.0,0.0124,1.918,0.023,1,0.9047,0,NORMAL,62.968,0.6,1,1,1,1,1,80.9,0,0,dijkstra,predict,0.34024,0,,,,,,0,,,,213674,102073,0
887,69.13423299789429,2026-03-06T11:18:36.705887,0.0,0.0,6.53,0.0,0.0,0.0,0.0,20.83,13.48,0.507,0.505,STRAIGHT,1.5,1.5,"CMD,0.5,1.50",4.0,0.0124,1.918,0.023,1,0.9047,0,NORMAL,63.864,0.605,1,1,1,1,1,75.9,0,0,dijkstra,predict,0.33181,0,,,,,,0,,,,213674,99544,0
888,69.30810213088989,2026-03-06T11:18:36.879756,111.41,0.0,8.01,18.32,0.0,0.0,0.0,156.11,12.69,0.517,0.507,STRAIGHT,1.5,1.5,"CMD,0.5,1.50",4.0,0.013,1.872,0.023,1,0.9166,0,NORMAL,63.687,0.566,1,1,1,1,1,93.6,85,4,dijkstra,graph,0.32671,0,,,,,,0,,,,185835,97833,2240
889,69.34833192825317,2026-03-06T11:18:36.919986,2.45,0.0,1.74,0.0,0.0,0.0,0.0,20.21,13.49,0.524,0.517,STRAIGHT,1.5,1.5,"CMD,0.5,1.50",4.0,0.013,1.872,0.023,1,0.9166,0,NORMAL,63.309,0.519,1,1,1,1,1,83.6,0,0,dijkstra,predict,0.32586,0,,,,,,0,,,,203432,97758,0
890,69.3890027999878,2026-03-06T11:18:36.960657,0.0,0.0,0.0,0.0,0.0,0.0,0.0,23.23,13.46,0.528,0.524,STRAIGHT,1.5,1.5,"CMD,0.5,1.50",4.0,0.013,1.872,0.023,1,0.9166,0,NORMAL,63.514,0.541,1,1,1,1,1,78.6,0,0,dijkstra,predict,0.32431,0,,,,,,0,,,,203432,97292,0
891,69.43156290054321,2026-03-06T11:18:37.003217,0.0,0.0,4.8,0.0,0.0,0.0,0.0,21.92,13.45,0.531,0.528,STRAIGHT,1.5,1.5,"CMD,0.5,1.50",4.0,0.013,1.872,0.023,1,0.9166,0,NORMAL,63.538,0.516,1,1,1,1,1,73.6,0,0,dijkstra,predict,0.31604,0,,,,,,0,,,,203432,94811,0
892,69.60063576698303,2026-03-06T11:18:37.172290,115.0,0.0,8.01,14.03,0.0,0.0,0.0,153.05,12.72,0.543,0.531,STRAIGHT,1.5,1.5,"CMD,0.5,1.50",4.0,0.0137,1.826,0.023,1,0.9125,0,NORMAL,64.162,0.528,1,1,1,1,1,91.3,72,4,dijkstra,graph,0.30762,0,,,,,,0,,,,170857,91960,1986
893,69.64388251304626,2026-03-06T11:18:37.215537,2.0,0.0,3.74,0.0,0.0,0.0,0.0,20.48,13.58,0.55,0.543,STRAIGHT,1.5,1.5,"CMD,0.5,1.50",4.0,0.0137,1.826,0.023,1,0.9125,0,NORMAL,64.126,0.509,1,1,1,1,1,81.3,0,0,dijkstra,predict,0.30664,0,,,,,,0,,,,184741,91993,0
894,69.68155145645142,2026-03-06T11:18:37.253205,2.0,0.0,2.0,0.0,0.0,0.0,0.0,19.65,13.61,0.555,0.55,STRAIGHT,1.5,1.5,"CMD,0.5,1.50",4.0,0.0137,1.826,0.023,1,0.9125,0,NORMAL,64.37,0.462,1,1,1,1,1,76.3,0,0,dijkstra,predict,0.30513,0,,,,,,0,,,,184741,91540,0
895,69.71844601631165,2026-03-06T11:18:37.290100,2.85,0.0,2.0,0.0,0.0,0.0,0.0,18.87,13.61,0.558,0.555,STRAIGHT,1.5,1.5,"CMD,0.6,1.50",4.0,0.0137,1.826,0.023,1,0.9125,0,NORMAL,64.326,0.513,1,1,1,1,1,71.3,0,0,dijkstra,predict,0.297,0,,,,,,0,,,,184741,89101,0
896,69.89468741416931,2026-03-06T11:18:37.466342,110.23,0.0,10.38,18.08,2.0,0.0,0.0,158.71,12.76,0.56,0.558,STRAIGHT,1.5,1.5,"CMD,0.6,1.50",4.0,0.0137,1.826,0.023,1,0.9017,0,NORMAL,64.583,0.57,1,1,1,1,1,91.3,73,3,dijkstra,graph,0.28841,0,,,,,,0,,,,155829,86302,1924
897,69.93736457824707,2026-03-06T11:18:37.509019,0.0,0.0,5.05,0.0,0.0,0.0,0.0,22.65,13.58,0.562,0.56,STRAIGHT,1.5,1.5,"CMD,0.6,1.50",4.0,0.0137,1.826,0.023,1,0.9017,0,NORMAL,64.524,0.549,1,1,1,1,1,81.3,0,0,dijkstra,predict,0.28759,0,,,,,,0,,,,168225,86278,0
898,69.97640299797058,2026-03-06T11:18:37.548057,2.0,0.0,2.0,0.0,0.0,0.0,0.0,22.03,13.57,0.563,0.562,STRAIGHT,1.5,1.5,"CMD,0.6,1.50",4.0,0.0137,1.826,0.023,1,0.9017,0,NORMAL,66.001,0.475,1,1,1,1,1,76.3,0,0,dijkstra,predict,0.28656,0,,,,,,0,,,,168225,85969,0
899,70.01258277893066,2026-03-06T11:18:37.584237,3.14,0.0,3.01,0.0,0.0,0.0,0.0,20.16,13.59,0.564,0.563,STRAIGHT,1.5,1.5,"CMD,0.6,1.50",4.0,0.0137,1.826,0.023,1,0.9017,0,NORMAL,66.499,0.52,1,1,1,1,1,71.3,0,0,dijkstra,predict,0.27962,0,,,,,,0,,,,168225,83885,0
900,70.18453669548035,2026-03-06T11:18:37.756191,113.18,0.0,6.01,6.01,0.0,0.0,0.0,151.77,12.82,0.574,0.564,STRAIGHT,1.5,1.5,"CMD,0.6,1.50",4.0,0.0144,1.781,0.023,1,0.9539,0,NORMAL,66.089,0.49,1,1,1,1,1,89.0,55,2,dijkstra,graph,0.27407,0,,,,,,0,,,,150580,82007,1537
901,70.22058606147766,2026-03-06T11:18:37.792240,0.0,0.0,4.01,0.0,0.0,0.0,0.0,20.03,13.76,0.58,0.574,STRAIGHT,1.5,1.5,"CMD,0.6,1.50",4.0,0.0144,1.781,0.023,1,0.9539,0,NORMAL,64.518,0.68,1,1,1,1,1,79.0,0,0,dijkstra,predict,0.27354,0,,,,,,0,,,,156760,82062,0
902,70.25659561157227,2026-03-06T11:18:37.828250,2.0,0.0,3.97,0.0,0.0,0.0,0.0,19.99,13.77,0.585,0.58,STRAIGHT,1.5,1.5,"CMD,0.6,1.50",4.0,0.0144,1.781,0.023,1,0.9539,0,NORMAL,62.828,0.875,1,1,1,1,1,74.0,0,0,dijkstra,predict,0.27249,0,,,,,,0,,,,156760,81748,0
903,70.29687237739563,2026-03-06T11:18:37.868526,0.0,0.0,5.1,0.0,0.0,0.0,0.0,20.25,13.81,0.588,0.585,STRAIGHT,1.5,1.5,"CMD,0.6,1.50",4.0,0.0144,1.781,0.023,1,0.9539,0,NORMAL,62.923,1.043,1,1,1,1,1,69.0,0,0,dijkstra,predict,0.26654,0,,,,,,0,,,,156760,79963,0
904,70.4718976020813,2026-03-06T11:18:38.043552,114.88,0.0,6.01,14.11,0.0,0.0,0.0,157.0,12.97,0.58,0.585,STRAIGHT,1.5,1.5,"CMD,0.6,1.50",4.0,0.0137,1.826,0.023,1,0.9499,0,NORMAL,63.467,0.962,1,1,1,1,1,91.3,75,4,dijkstra,graph,0.2987,0,,,,,,0,,,,158208,89314,1764
905,70.50995874404907,2026-03-06T11:18:38.081613,0.0,0.0,4.01,0.0,0.0,0.0,0.0,20.04,13.83,0.575,0.58,STRAIGHT,1.5,1.5,"CMD,0.6,1.50",4.0,0.0137,1.826,0.023,1,0.9499,0,NORMAL,63.63,0.909,1,1,1,1,1,81.3,0,0,dijkstra,predict,0.29747,0,,,,,,0,,,,166121,89242,0
906,70.54637813568115,2026-03-06T11:18:38.118032,2.0,0.0,1.5,0.0,0.0,0.0,0.0,18.4,13.84,0.572,0.575,STRAIGHT,1.5,1.5,"CMD,0.6,1.50",4.0,0.0137,1.826,0.023,1,0.9499,0,NORMAL,64.038,0.864,1,1,1,1,1,76.3,0,0,dijkstra,predict,0.29674,0,,,,,,0,,,,166121,89023,0
907,70.58642911911011,2026-03-06T11:18:38.158083,2.0,0.0,4.0,0.0,0.0,0.0,0.0,22.03,13.82,0.569,0.572,STRAIGHT,1.5,1.5,"CMD,0.6,1.50",4.0,0.0137,1.826,0.023,1,0.9499,0,NORMAL,63.708,0.772,1,1,1,1,1,71.3,0,0,dijkstra,predict,0.29054,0,,,,,,0,,,,166121,87162,0
908,70.74887490272522,2026-03-06T11:18:38.320529,104.37,0.0,6.01,14.02,0.0,0.0,0.0,142.42,13.05,0.568,0.569,STRAIGHT,1.5,1.5,"CMD,0.6,1.50",4.0,0.0137,1.826,0.023,1,0.9746,0,NORMAL,63.458,0.754,1,1,1,1,1,91.3,70,3,dijkstra,graph,0.29957,0,,,,,,0,,,,159314,89635,1689
909,70.78734612464905,2026-03-06T11:18:38.359000,0.0,0.0,4.27,0.0,0.0,0.0,0.0,20.45,13.94,0.567,0.568,STRAIGHT,1.5,1.5,"CMD,0.6,1.50",4.0,0.0137,1.826,0.023,1,0.9746,0,NORMAL,63.471,0.752,1,1,1,1,1,81.3,0,0,dijkstra,predict,0.29859,0,,,,,,0,,,,163333,89577,0
910,70.8276834487915,2026-03-06T11:18:38.399337,3.02,0.0,3.01,0.0,0.0,0.0,0.0,22.32,13.95,0.566,0.567,STRAIGHT,1.5,1.5,"CMD,0.6,1.50",4.0,0.0137,1.826,0.023,1,0.9746,0,NORMAL,63.747,0.732,1,1,1,1,1,76.3,0,0,dijkstra,predict,0.29783,0,,,,,,0,,,,163333,89350,0
911,70.86751937866211,2026-03-06T11:18:38.439174,0.0,0.0,3.93,0.0,0.0,0.0,2.0,23.96,13.98,0.566,0.566,STRAIGHT,1.5,1.5,"CMD,0.6,1.50",4.0,0.0137,1.826,0.023,1,0.9746,0,NORMAL,63.138,0.681,1,1,1,1,1,71.3,0,0,dijkstra,predict,0.29161,0,,,,,,0,,,,163333,87482,0
912,71.04293155670166,2026-03-06T11:18:38.614586,113.14,0.0,8.01,12.02,2.0,0.0,0.0,157.19,13.11,0.565,0.566,STRAIGHT,1.5,1.5,"CMD,0.6,1.50",4.0,0.0137,1.826,0.023,1,0.9785,0,NORMAL,63.399,0.667,1,1,1,1,1,91.3,76,2,dijkstra,graph,0.30651,0,,,,,,0,,,,160251,91782,1636
913,71.08292818069458,2026-03-06T11:18:38.654582,2.0,0.0,4.01,0.0,0.0,0.0,0.0,20.46,13.96,0.565,0.565,STRAIGHT,1.5,1.5,"CMD,0.6,1.50",4.0,0.0137,1.826,0.023,1,0.9785,0,NORMAL,62.594,0.783,1,1,1,1,1,81.3,0,0,dijkstra,predict,0.30571,0,,,,,,0,,,,164199,91713,0
914,71.11898255348206,2026-03-06T11:18:38.690637,0.0,0.0,2.0,0.0,0.0,0.0,0.0,18.03,13.98,0.565,0.565,STRAIGHT,1.5,1.5,"CMD,0.6,1.50",4.0,0.0137,1.826,0.023,1,0.9785,0,NORMAL,63.467,0.518,1,1,1,1,1,76.3,0,0,dijkstra,predict,0.30498,0,,,,,,0,,,,164199,91495,0
915,71.15737676620483,2026-03-06T11:18:38.729031,2.0,0.0,4.01,0.0,0.0,0.0,0.0,20.03,14.04,0.565,0.565,STRAIGHT,1.5,1.5,"CMD,0.6,1.50",4.0,0.0137,1.826,0.023,1,0.9785,0,NORMAL,63.161,0.423,1,1,1,1,1,71.3,0,0,dijkstra,predict,0.29874,0,,,,,,0,,,,164199,89622,0
916,71.31374931335449,2026-03-06T11:18:38.885403,100.3,0.0,6.01,12.01,0.0,0.0,0.0,140.35,13.31,0.565,0.565,STRAIGHT,1.5,1.5,"CMD,0.6,1.50",4.0,0.0137,1.826,0.023,1,0.9749,0,NORMAL,62.541,0.459,1,1,1,1,1,91.3,65,4,dijkstra,graph,0.31006,0,,,,,,0,,,,160534,92762,1813
917,71.3519606590271,2026-03-06T11:18:38.923615,2.0,0.0,2.0,0.0,0.0,0.0,0.0,22.19,14.19,0.565,0.565,STRAIGHT,1.5,1.5,"CMD,0.6,1.50",4.0,0.0137,1.826,0.023,1,0.9749,0,NORMAL,62.551,0.451,1,1,1,1,1,81.3,0,0,dijkstra,predict,0.30966,0,,,,,,0,,,,163847,92897,0
918,71.38800692558289,2026-03-06T11:18:38.959661,2.0,0.0,2.0,0.0,0.0,0.0,0.0,20.03,14.22,0.565,0.565,STRAIGHT,1.5,1.5,"CMD,0.6,1.50",4.0,0.0137,1.826,0.023,1,0.9749,0,NORMAL,62.412,0.473,1,1,1,1,1,76.3,0,0,dijkstra,predict,0.30847,0,,,,,,0,,,,163847,92541,0
919,71.42605233192444,2026-03-06T11:18:38.997707,2.0,0.0,4.0,0.0,0.0,0.0,0.0,20.02,14.24,0.565,0.565,STRAIGHT,1.5,1.5,"CMD,0.6,1.50",4.0,0.0137,1.826,0.023,1,0.9749,0,NORMAL,63.198,0.475,1,1,1,1,1,71.3,0,0,dijkstra,predict,0.30246,0,,,,,,0,,,,163847,90738,0
920,71.5855643749237,2026-03-06T11:18:39.157218,103.5,0.0,6.01,12.1,2.79,0.0,0.0,143.49,13.46,0.556,0.565,STRAIGHT,1.5,1.5,"CMD,0.6,1.50",4.0,0.013,1.872,0.023,1,0.9748,0,NORMAL,63.223,0.445,1,1,1,1,1,93.6,70,2,dijkstra,graph,0.3106,0,,,,,,0,,,,160953,92833,1651
921,71.62711477279663,2026-03-06T11:18:39.198769,2.0,0.0,2.0,0.0,0.0,0.0,2.0,22.03,14.31,0.55,0.556,STRAIGHT,1.5,1.5,"CMD,0.6,1.50",4.0,0.013,1.872,0.023,1,0.9748,0,NORMAL,62.953,0.415,1,1,1,1,1,83.6,0,0,dijkstra,predict,0.30981,0,,,,,,0,,,,164112,92942,0
922,71.6651656627655,2026-03-06T11:18:39.236820,2.0,0.0,4.01,0.0,0.0,0.0,0.0,22.03,14.35,0.546,0.55,STRAIGHT,1.5,1.5,"CMD,0.5,1.50",4.0,0.013,1.872,0.023,1,0.9748,0,NORMAL,62.883,0.463,1,1,1,1,1,78.6,0,0,dijkstra,predict,0.30871,0,,,,,,0,,,,164112,92614,0
923,71.70290803909302,2026-03-06T11:18:39.274562,0.0,0.0,5.7,0.0,0.0,0.0,0.0,19.72,14.35,0.543,0.546,STRAIGHT,1.5,1.5,"CMD,0.5,1.50",4.0,0.013,1.872,0.023,1,0.9748,0,NORMAL,63.313,0.433,1,1,1,1,1,73.6,0,0,dijkstra,predict,0.30305,0,,,,,,0,,,,164112,90915,0
924,71.85727143287659,2026-03-06T11:18:39.428925,98.27,0.0,4.0,20.05,0.0,0.0,0.0,138.34,13.56,0.533,0.543,STRAIGHT,1.5,1.5,"CMD,0.5,1.50",4.0,0.0124,1.918,0.023,1,0.9641,0,NORMAL,63.677,0.49,1,1,1,1,1,95.9,85,3,dijkstra,graph,0.33035,0,,,,,,0,,,,166940,99074,1828
925,71.89549589157104,2026-03-06T11:18:39.467150,4.18,0.0,4.01,0.0,0.0,0.0,0.0,20.2,14.49,0.526,0.533,STRAIGHT,1.5,1.5,"CMD,0.5,1.50",4.0,0.0124,1.918,0.023,1,0.9641,0,NORMAL,63.469,0.488,1,1,1,1,1,85.9,0,0,dijkstra,predict,0.33037,0,,,,,,0,,,,171573,99111,0
926,71.93395781517029,2026-03-06T11:18:39.505612,0.0,0.0,4.42,0.0,0.0,0.0,0.0,20.44,14.54,0.521,0.526,STRAIGHT,1.5,1.5,"CMD,0.5,1.50",4.0,0.0124,1.918,0.023,1,0.9641,0,NORMAL,62.824,0.464,1,1,1,1,1,80.9,0,0,dijkstra,predict,0.32945,0,,,,,,0,,,,171573,98836,0
927,71.97067141532898,2026-03-06T11:18:39.542326,2.67,0.0,2.0,0.0,0.0,0.0,0.0,20.69,14.54,0.518,0.521,STRAIGHT,1.5,1.5,"CMD,0.5,1.50",4.0,0.0124,1.918,0.023,1,0.9641,0,NORMAL,62.383,0.651,1,1,1,1,1,75.9,0,0,dijkstra,predict,0.32398,0,,,,,,0,,,,171573,97195,0
928,72.13556122779846,2026-03-06T11:18:39.707215,96.51,0.0,10.42,18.18,2.0,0.0,0.0,143.12,13.66,0.508,0.518,STRAIGHT,1.5,1.5,"CMD,0.5,1.50",4.0,0.0118,1.963,0.023,1,0.956,0,NORMAL,62.157,0.705,1,1,1,1,1,98.2,77,3,dijkstra,graph,0.35917,0,,,,,,0,,,,174570,107597,1824
929,72.17347598075867,2026-03-06T11:18:39.745130,0.0,0.0,3.87,0.0,0.0,0.0,0.0,19.89,14.58,0.502,0.508,STRAIGHT,1.5,1.5,"CMD,0.5,1.50",4.0,0.0118,1.963,0.023,1,0.956,0,NORMAL,63.658,0.661,1,1,1,1,1,88.2,0,0,dijkstra,predict,0.35881,0,,,,,,0,,,,179272,107644,0
930,72.21152234077454,2026-03-06T11:18:39.783177,2.0,0.0,2.0,0.0,0.0,0.0,2.0,20.02,14.57,0.497,0.502,STRAIGHT,1.5,1.5,"CMD,0.5,1.50",4.0,0.0118,1.963,0.023,1,0.956,0,NORMAL,64.126,0.693,1,1,1,1,1,83.2,0,0,dijkstra,predict,0.35786,0,,,,,,0,,,,179272,107359,0
931,72.24756693840027,2026-03-06T11:18:39.819221,2.0,0.0,4.01,0.0,0.0,0.0,0.0,20.03,14.57,0.495,0.497,STRAIGHT,1.5,1.5,"CMD,0.5,1.50",4.0,0.0118,1.963,0.023,1,0.956,0,NORMAL,64.014,0.673,1,1,1,1,1,78.2,0,0,dijkstra,predict,0.35231,0,,,,,,0,,,,179272,105692,0
932,72.41100335121155,2026-03-06T11:18:39.982657,103.06,0.0,8.01,16.33,0.0,0.0,0.0,147.42,13.72,0.493,0.495,STRAIGHT,1.5,1.5,"CMD,0.5,1.50",4.0,0.0118,1.963,0.023,1,0.9819,0,NORMAL,64.694,0.7,1,1,1,1,1,98.2,79,3,dijkstra,graph,0.35072,0,,,,,,0,,,,171672,105025,1865
933,72.44722127914429,2026-03-06T11:18:40.018875,0.0,0.0,0.0,0.0,0.0,0.0,0.0,22.11,14.68,0.491,0.493,STRAIGHT,1.5,1.5,"CMD,0.5,1.50",4.0,0.0118,1.963,0.023,1,0.9819,0,NORMAL,64.779,0.707,1,1,1,1,1,88.2,0,0,dijkstra,predict,0.35057,0,,,,,,0,,,,176824,105172,0
934,72.49219560623169,2026-03-06T11:18:40.063850,0.0,0.0,4.01,0.0,0.0,0.0,0.0,26.66,14.63,0.49,0.491,STRAIGHT,1.5,1.5,"CMD,0.5,1.50",4.0,0.0118,1.963,0.023,1,0.9819,0,NORMAL,65.063,0.729,1,1,1,1,1,83.2,0,0,dijkstra,predict,0.34988,0,,,,,,0,,,,176824,104963,0
935,72.53224611282349,2026-03-06T11:18:40.103900,2.0,0.0,2.0,0.0,0.0,0.0,0.0,22.03,14.6,0.49,0.49,STRAIGHT,1.5,1.5,"CMD,0.5,1.50",4.0,0.0118,1.963,0.023,1,0.9819,0,NORMAL,65.241,0.737,1,1,1,1,1,78.2,0,0,dijkstra,predict,0.34396,0,,,,,,0,,,,176824,103187,0
936,72.69714570045471,2026-03-06T11:18:40.268800,106.64,0.0,8.01,14.2,0.0,0.0,0.0,146.88,13.74,0.49,0.49,STRAIGHT,1.5,1.5,"CMD,0.5,1.50",4.0,0.0118,1.963,0.023,1,0.9871,0,NORMAL,66.093,0.688,1,1,1,1,1,98.2,82,3,dijkstra,graph,0.34777,0,,,,,,0,,,,171605,104108,1729
937,72.7383713722229,2026-03-06T11:18:40.310025,2.0,0.0,2.0,0.0,0.0,0.0,0.0,20.39,14.58,0.489,0.49,STRAIGHT,1.5,1.5,"CMD,0.5,1.50",4.0,0.0118,1.963,0.023,1,0.9871,0,NORMAL,65.939,0.697,1,1,1,1,1,88.2,0,0,dijkstra,predict,0.3475,0,,,,,,0,,,,174334,104250,0
938,72.77641701698303,2026-03-06T11:18:40.348071,2.0,0.0,4.0,0.0,0.0,0.0,0.0,20.03,14.58,0.489,0.489,STRAIGHT,1.5,1.5,"CMD,0.5,1.50",4.0,0.0118,1.963,0.023,1,0.9871,0,NORMAL,66.949,0.722,1,1,1,1,1,83.2,0,0,dijkstra,predict,0.34679,0,,,,,,0,,,,174334,104036,0
939,72.81439471244812,2026-03-06T11:18:40.386049,0.0,0.0,3.94,0.0,0.0,0.0,0.0,17.96,14.6,0.489,0.489,STRAIGHT,1.5,1.5,"CMD,0.5,1.50",4.0,0.0118,1.963,0.023,1,0.9871,0,NORMAL,67.896,0.668,1,1,1,1,1,78.2,0,0,dijkstra,predict,0.34115,0,,,,,,0,,,,174334,102345,0
940,72.9827868938446,2026-03-06T11:18:40.554441,105.92,0.0,10.33,18.36,1.74,0.0,0.0,152.37,13.71,0.482,0.489,STRAIGHT,1.5,1.5,"CMD,0.5,1.50",4.0,0.0113,2.009,0.023,1,0.9853,0,NORMAL,67.376,0.694,1,1,1,1,1,100.5,82,2,dijkstra,graph,0.35163,0,,,,,,0,,,,172281,105271,1727
941,73.02083826065063,2026-03-06T11:18:40.592492,0.0,0.0,0.0,0.0,0.0,0.0,0.0,16.03,14.65,0.477,0.482,STRAIGHT,1.5,1.5,"CMD,0.5,1.50",4.0,0.0113,2.009,0.023,1,0.9853,0,NORMAL,68.732,0.642,1,1,1,1,1,90.5,0,0,dijkstra,predict,0.35126,0,,,,,,0,,,,174183,105379,0
942,73.06770610809326,2026-03-06T11:18:40.639360,2.0,0.0,4.01,0.0,0.0,0.0,0.0,26.38,14.61,0.473,0.477,STRAIGHT,1.5,1.5,"CMD,0.5,1.50",4.0,0.0113,2.009,0.023,1,0.9853,0,NORMAL,68.771,0.639,1,1,1,1,1,85.5,0,0,dijkstra,predict,0.35062,0,,,,,,0,,,,174183,105185,0
943,73.10375142097473,2026-03-06T11:18:40.675406,2.0,0.0,4.01,0.0,0.0,0.0,0.0,20.03,14.61,0.471,0.473,STRAIGHT,1.5,1.5,"CMD,0.5,1.50",4.0,0.0113,2.009,0.023,1,0.9853,0,NORMAL,69.142,0.719,1,1,1,1,1,80.5,0,0,dijkstra,predict,0.34495,0,,,,,,0,,,,174183,103484,0
944,73.26492667198181,2026-03-06T11:18:40.836581,103.1,0.0,6.01,16.02,0.0,0.0,0.0,145.16,13.76,0.47,0.471,STRAIGHT,1.5,1.5,"CMD,0.5,1.50",4.0,0.0113,2.009,0.023,1,0.9749,0,NORMAL,69.07,0.767,1,1,1,1,1,100.5,88,3,dijkstra,graph,0.36605,0,,,,,,0,,,,176273,109690,1992
945,73.30297589302063,2026-03-06T11:18:40.874630,2.0,0.0,2.0,0.0,0.0,0.0,0.0,20.03,14.58,0.469,0.47,STRAIGHT,1.5,1.5,"CMD,0.5,1.50",4.0,0.0113,2.009,0.023,1,0.9749,0,NORMAL,69.431,0.715,1,1,1,1,1,90.5,0,0,dijkstra,predict,0.36579,0,,,,,,0,,,,179335,109736,0
946,73.34309554100037,2026-03-06T11:18:40.914750,0.0,0.0,6.08,0.0,0.0,0.0,0.0,22.1,14.56,0.468,0.469,STRAIGHT,1.5,1.5,"CMD,0.5,1.50",4.0,0.0113,2.009,0.023,1,0.9749,0,NORMAL,70.002,0.735,1,1,1,1,1,85.5,0,0,dijkstra,predict,0.36529,0,,,,,,0,,,,179335,109587,0
947,73.38038158416748,2026-03-06T11:18:40.952036,0.0,0.0,4.73,0.0,0.0,0.0,2.0,26.83,14.56,0.468,0.468,STRAIGHT,1.5,1.5,"CMD,0.5,1.50",4.0,0.0113,2.009,0.023,1,0.9749,0,NORMAL,70.538,0.676,1,1,1,1,1,80.5,0,0,dijkstra,predict,0.35932,0,,,,,,0,,,,179335,107795,0
948,73.54374289512634,2026-03-06T11:18:41.115397,107.08,0.0,6.01,8.44,0.0,0.0,8.98,147.6,13.69,0.467,0.468,STRAIGHT,1.5,1.5,"CMD,0.5,1.50",4.0,0.0113,2.009,0.023,1,0.9789,0,NORMAL,70.516,0.68,1,1,1,1,1,100.5,85,3,dijkstra,graph,0.37258,0,,,,,,0,,,,178085,111598,1950
949,73.58327078819275,2026-03-06T11:18:41.154925,2.0,0.0,4.01,0.0,0.0,0.0,0.0,22.03,14.52,0.467,0.467,STRAIGHT,1.5,1.5,"CMD,0.5,1.50",4.0,0.0113,2.009,0.023,1,0.9789,0,NORMAL,69.628,0.827,1,1,1,1,1,90.5,0,0,dijkstra,predict,0.37224,0,,,,,,0,,,,180563,111671,0
950,73.61530780792236,2026-03-06T11:18:41.186962,0.0,0.0,0.0,0.0,0.0,0.0,0.0,16.02,14.59,0.467,0.467,STRAIGHT,1.5,1.5,"CMD,0.5,1.50",4.0,0.0113,2.009,0.023,1,0.9789,0,NORMAL,70.711,0.8,1,1,1,1,1,85.5,0,0,dijkstra,predict,0.37165,0,,,,,,0,,,,180563,111496,0
951,73.65941905975342,2026-03-06T11:18:41.231073,2.0,0.0,2.0,0.0,0.0,0.0,0.0,20.03,14.54,0.467,0.467,STRAIGHT,1.5,1.5,"CMD,0.5,1.50",4.0,0.0113,2.009,0.023,1,0.9789,0,NORMAL,70.711,0.779,1,1,1,1,1,80.5,0,0,dijkstra,predict,0.36562,0,,,,,,0,,,,180563,109685,0
952,73.81964921951294,2026-03-06T11:18:41.391303,96.44,0.0,11.56,14.09,2.0,0.0,0.0,142.19,13.7,0.46,0.467,STRAIGHT,1.5,1.5,"CMD,0.5,1.50",4.0,0.0108,2.055,0.023,1,0.9612,0,NORMAL,70.711,0.8,1,1,1,1,1,102.7,83,4,dijkstra,graph,0.39789,0,,,,,,0,,,,184305,119044,2069
953,73.85769486427307,2026-03-06T11:18:41.429349,2.0,0.0,4.0,0.0,0.0,0.0,0.0,20.03,14.5,0.455,0.46,STRAIGHT,1.5,1.5,"CMD,0.5,1.50",4.0,0.0108,2.055,0.023,1,0.9612,0,NORMAL,70.711,0.646,1,1,1,1,1,92.7,0,0,dijkstra,predict,0.39696,0,,,,,,0,,,,187963,119087,0
954,73.88973355293274,2026-03-06T11:18:41.461388,0.0,0.0,0.0,0.0,0.0,0.0,0.0,16.02,14.54,0.452,0.455,STRAIGHT,1.5,1.5,"CMD,0.5,1.50",4.0,0.0108,2.055,0.023,1,0.9612,0,NORMAL,70.711,0.622,1,1,1,1,1,87.7,0,0,dijkstra,predict,0.39602,0,,,,,,0,,,,187963,118805,0
955,73.9330506324768,2026-03-06T11:18:41.504705,1.74,0.0,2.0,0.0,0.0,0.0,0.0,24.43,14.49,0.45,0.452,STRAIGHT,1.5,1.5,"CMD,0.5,1.50",4.0,0.0108,2.055,0.023,1,0.9612,0,NORMAL,70.711,0.65,1,1,1,1,1,82.7,0,0,dijkstra,predict,0.39042,0,,,,,,0,,,,187963,117125,0
956,74.09762716293335,2026-03-06T11:18:41.669281,100.25,0.0,8.01,15.06,0.0,0.0,0.0,146.56,13.63,0.442,0.45,STRAIGHT,1.5,1.5,"CMD,0.5,1.50",4.0,0.0104,2.1,0.023,1,0.9608,0,NORMAL,70.711,0.556,1,1,1,1,1,105.0,96,3,dijkstra,graph,0.3957,0,,,,,,0,,,,187573,118406,2044
957,74.13767552375793,2026-03-06T11:18:41.709330,2.0,0.0,4.01,0.0,0.0,0.0,0.0,22.03,14.48,0.437,0.442,STRAIGHT,1.5,1.5,"CMD,0.4,1.50",4.0,0.0104,2.1,0.023,1,0.9608,0,NORMAL,70.711,0.504,1,1,1,1,1,95.0,0,0,dijkstra,predict,0.3952,0,,,,,,0,,,,192356,118561,0
958,74.17972755432129,2026-03-06T11:18:41.751382,2.0,0.0,4.01,0.0,0.0,0.0,0.0,20.03,14.45,0.434,0.437,STRAIGHT,1.5,1.5,"CMD,0.4,1.50",4.0,0.0104,2.1,0.023,1,0.9608,0,NORMAL,70.711,0.477,1,1,1,1,1,90.0,0,0,dijkstra,predict,0.39401,0,,,,,,0,,,,192356,118203,0
959,74.21176528930664,2026-03-06T11:18:41.783420,0.0,0.0,0.0,0.0,0.0,0.0,0.0,14.02,14.5,0.432,0.434,STRAIGHT,1.5,1.5,"CMD,0.4,1.50",4.0,0.0104,2.1,0.023,1,0.9608,0,NORMAL,70.711,0.441,1,1,1,1,1,85.0,0,0,dijkstra,predict,0.38816,0,,,,,,0,,,,192356,116447,0
960,74.38448095321655,2026-03-06T11:18:41.956135,106.43,0.0,8.01,16.03,0.0,0.0,0.0,150.5,13.57,0.424,0.432,STRAIGHT,1.5,1.5,"CMD,0.4,1.50",4.0,0.0099,2.146,0.023,1,0.9615,0,NORMAL,70.711,0.428,1,1,1,1,1,107.3,87,5,dijkstra,graph,0.40665,0,,,,,,0,,,,191527,121656,2058
961,74.42509818077087,2026-03-06T11:18:41.996752,0.0,0.0,4.45,0.0,0.0,0.0,0.0,20.59,14.4,0.419,0.424,STRAIGHT,1.5,1.5,"CMD,0.4,1.50",4.0,0.0099,2.146,0.023,1,0.9615,0,NORMAL,70.711,0.43,1,1,1,1,1,97.3,0,0,dijkstra,predict,0.4057,0,,,,,,0,,,,198307,121709,0
962,74.46100640296936,2026-03-06T11:18:42.032661,0.0,0.0,4.13,0.0,0.0,0.0,0.0,18.15,14.4,0.416,0.419,STRAIGHT,1.5,1.5,"CMD,0.4,1.50",4.0,0.0099,2.146,0.023,1,0.9615,0,NORMAL,70.711,0.434,1,1,1,1,1,92.3,0,0,dijkstra,predict,0.40475,0,,,,,,0,,,,198307,121424,0
963,74.491042137146,2026-03-06T11:18:42.062696,0.0,0.0,0.0,0.0,0.0,0.0,0.0,14.02,14.51,0.413,0.416,STRAIGHT,1.5,1.5,"CMD,0.4,1.50",4.0,0.0099,2.146,0.023,1,0.9615,0,NORMAL,70.711,0.424,1,1,1,1,1,87.3,0,0,dijkstra,predict,0.39833,0,,,,,,0,,,,198307,119498,0
964,74.65890765190125,2026-03-06T11:18:42.230562,95.07,0.0,10.1,19.03,0.0,0.0,0.0,147.07,13.64,0.406,0.413,STRAIGHT,1.5,1.5,"CMD,0.4,1.50",4.0,0.0095,2.192,0.023,1,0.9573,0,NORMAL,70.711,0.487,1,1,1,1,1,109.6,86,5,dijkstra,graph,0.4276,0,,,,,,0,,,,199232,127990,2226
965,74.70098185539246,2026-03-06T11:18:42.272636,2.0,0.0,4.01,0.0,0.0,0.0,0.0,20.03,14.49,0.402,0.406,STRAIGHT,1.5,1.5,"CMD,0.4,1.50",4.0,0.0095,2.192,0.023,1,0.9573,0,NORMAL,70.504,0.527,1,1,1,1,1,99.6,0,0,dijkstra,predict,0.42679,0,,,,,,0,,,,204098,128038,0
966,74.73703026771545,2026-03-06T11:18:42.308684,0.0,0.0,0.0,0.0,0.0,0.0,0.0,16.02,14.51,0.398,0.402,STRAIGHT,1.5,1.5,"CMD,0.4,1.50",4.0,0.0095,2.192,0.023,1,0.9573,0,NORMAL,70.711,0.361,1,1,1,1,1,94.6,0,0,dijkstra,predict,0.42588,0,,,,,,0,,,,204098,127764,0
967,74.77950191497803,2026-03-06T11:18:42.351156,2.0,0.0,4.01,0.0,0.0,0.0,0.0,20.03,14.48,0.396,0.398,STRAIGHT,1.5,1.5,"CMD,0.4,1.50",4.0,0.0095,2.192,0.023,1,0.9573,0,NORMAL,70.711,0.314,1,1,1,1,1,89.6,0,0,dijkstra,predict,0.41975,0,,,,,,0,,,,204098,125924,0
968,74.94975733757019,2026-03-06T11:18:42.521411,106.15,0.0,8.01,16.05,0.0,0.0,0.0,148.23,13.58,0.395,0.396,STRAIGHT,1.5,1.5,"CMD,0.4,1.50",4.0,0.0095,2.192,0.023,1,0.9831,0,NORMAL,70.711,0.263,1,1,1,1,1,109.6,87,4,dijkstra,graph,0.43533,0,,,,,,0,,,,202149,130183,2164
969,74.98580574989319,2026-03-06T11:18:42.557460,0.0,0.0,0.0,0.0,0.0,0.0,0.0,16.02,14.48,0.394,0.395,STRAIGHT,1.5,1.5,"CMD,0.4,1.50",4.0,0.0095,2.192,0.023,1,0.9831,0,NORMAL,70.711,0.234,1,1,1,1,1,99.6,0,0,dijkstra,predict,0.43417,0,,,,,,0,,,,206433,130250,0
970,75.02627873420715,2026-03-06T11:18:42.597933,0.0,0.0,0.0,0.0,0.0,0.0,0.0,16.02,14.46,0.393,0.394,STRAIGHT,1.5,1.5,"CMD,0.4,1.50",4.0,0.0095,2.192,0.023,1,0.9831,0,NORMAL,60.118,0.341,1,1,1,1,1,94.6,0,0,dijkstra,predict,0.43319,0,,,,,,0,,,,206433,129958,0
971,75.06891512870789,2026-03-06T11:18:42.640569,0.0,0.0,4.01,0.0,0.0,0.0,0.0,20.03,14.49,0.393,0.393,STRAIGHT,1.5,1.5,"CMD,0.4,1.50",4.0,0.0095,2.192,0.023,1,0.9831,0,NORMAL,61.252,0.288,1,1,1,1,1,89.6,0,0,dijkstra,predict,0.42668,0,,,,,,0,,,,206433,128003,0
972,75.22629499435425,2026-03-06T11:18:42.797949,104.74,0.0,8.98,10.11,0.0,0.0,0.0,139.36,13.66,0.387,0.393,STRAIGHT,1.5,1.5,"CMD,0.4,1.50",4.0,0.0091,2.237,0.023,1,0.9834,0,NORMAL,61.087,0.176,1,1,1,1,1,111.9,91,5,dijkstra,graph,0.4301,0,,,,,,0,,,,202210,128748,2190
973,75.26888513565063,2026-03-06T11:18:42.840539,0.0,0.0,0.0,0.0,0.0,0.0,0.0,22.41,14.47,0.384,0.387,STRAIGHT,1.5,1.5,"CMD,0.4,1.50",4.0,0.0091,2.237,0.023,1,0.9834,0,NORMAL,60.759,0.169,1,1,1,1,1,101.9,0,0,dijkstra,predict,0.42963,0,,,,,,0,,,,208900,128889,0
974,75.3171660900116,2026-03-06T11:18:42.888820,2.55,0.0,1.74,0.0,0.0,0.0,0.0,29.79,14.4,0.381,0.384,STRAIGHT,1.5,1.5,"CMD,0.4,1.50",4.0,0.0091,2.237,0.023,1,0.9834,0,NORMAL,60.727,-0.031,1,1,1,1,1,96.9,0,0,dijkstra,predict,0.42847,0,,,,,,0,,,,208900,128541,0
975,75.35578393936157,2026-03-06T11:18:42.927438,0.0,0.0,4.58,0.0,0.0,0.0,2.0,20.6,14.41,0.38,0.381,STRAIGHT,1.5,1.5,"CMD,0.4,1.50",4.0,0.0091,2.237,0.023,1,0.9834,0,NORMAL,58.971,0.001,1,1,1,1,1,91.9,0,0,dijkstra,predict,0.42202,0,,,,,,0,,,,208900,126606,0
976,75.52203154563904,2026-03-06T11:18:43.093685,106.5,0.0,7.75,16.22,0.0,0.0,2.0,150.49,13.54,0.374,0.38,STRAIGHT,1.5,1.5,"CMD,0.4,1.50",4.0,0.0088,2.283,0.023,1,0.9769,0,NORMAL,58.621,0.193,1,1,1,1,1,114.2,97,5,dijkstra,graph,0.43886,0,,,,,,0,,,,202922,131380,2148
977,75.5597710609436,2026-03-06T11:18:43.131425,2.0,0.0,0.0,0.0,0.0,0.0,0.0,18.03,14.38,0.369,0.374,STRAIGHT,1.5,1.5,"CMD,0.4,1.50",4.0,0.0088,2.283,0.023,1,0.9769,0,NORMAL,58.535,0.173,1,1,1,1,1,104.2,0,0,dijkstra,predict,0.43819,0,,,,,,0,,,,209470,131457,0
978,75.60518407821655,2026-03-06T11:18:43.176838,3.21,0.0,2.0,0.0,0.0,0.0,0.0,23.39,14.34,0.367,0.369,STRAIGHT,1.5,1.5,"CMD,0.4,1.50",4.0,0.0088,2.283,0.023,1,0.9769,0,NORMAL,58.601,0.172,1,1,1,1,1,99.2,0,0,dijkstra,predict,0.43718,0,,,,,,0,,,,209470,131155,0
979,75.64657664299011,2026-03-06T11:18:43.218231,2.0,0.0,4.01,0.0,0.0,0.0,0.0,20.36,14.28,0.365,0.367,STRAIGHT,1.5,1.5,"CMD,0.4,1.50",4.0,0.0088,2.283,0.023,1,0.9769,0,NORMAL,59.891,0.136,1,1,1,1,1,94.2,0,0,dijkstra,predict,0.43074,0,,,,,,0,,,,209470,129223,0
980,75.81875467300415,2026-03-06T11:18:43.390409,109.5,0.0,6.74,17.76,0.0,0.0,0.0,152.15,13.44,0.369,0.367,STRAIGHT,1.5,1.5,"CMD,0.4,1.50",4.0,0.0091,2.237,0.023,1,0.9807,0,NORMAL,60.14,0.163,1,1,1,1,1,111.9,89,5,dijkstra,graph,0.43157,0,,,,,,0,,,,200628,129290,2304
981,75.85349583625793,2026-03-06T11:18:43.425150,0.0,0.0,0.0,0.0,0.0,0.0,0.0,15.76,14.26,0.371,0.369,STRAIGHT,1.5,1.5,"CMD,0.4,1.50",4.0,0.0091,2.237,0.023,1,0.9807,0,NORMAL,60.011,0.188,1,1,1,1,1,101.9,0,0,dijkstra,predict,0.43146,0,,,,,,0,,,,206393,129438,0
982,75.89980912208557,2026-03-06T11:18:43.471463,2.0,0.0,2.0,0.0,0.0,0.0,0.0,27.8,14.2,0.373,0.371,STRAIGHT,1.5,1.5,"CMD,0.4,1.50",4.0,0.0091,2.237,0.023,1,0.9807,0,NORMAL,59.886,0.299,1,1,1,1,1,96.9,0,0,dijkstra,predict,0.43025,0,,,,,,0,,,,206393,129074,0
983,75.93793535232544,2026-03-06T11:18:43.509590,2.0,0.0,2.0,0.0,0.0,0.0,0.0,24.11,14.17,0.374,0.373,STRAIGHT,1.5,1.5,"CMD,0.4,1.50",4.0,0.0091,2.237,0.023,1,0.9807,0,NORMAL,59.792,0.326,1,1,1,1,1,91.9,0,0,dijkstra,predict,0.42393,0,,,,,,0,,,,206393,127180,0
984,76.10229897499084,2026-03-06T11:18:43.673953,105.15,0.0,7.86,16.21,0.0,0.0,0.0,148.34,13.37,0.37,0.373,STRAIGHT,1.5,1.5,"CMD,0.4,1.50",4.0,0.0088,2.283,0.023,1,0.9695,0,NORMAL,59.453,0.299,1,1,1,1,1,114.2,88,4,dijkstra,graph,0.45269,0,,,,,,0,,,,206096,135552,2173
985,76.1368944644928,2026-03-06T11:18:43.708549,0.0,0.0,0.0,0.0,0.0,0.0,0.0,16.57,14.22,0.367,0.37,STRAIGHT,1.5,1.5,"CMD,0.4,1.50",4.0,0.0088,2.283,0.023,1,0.9695,0,NORMAL,59.602,0.281,1,1,1,1,1,104.2,0,0,dijkstra,predict,0.452,0,,,,,,0,,,,212180,135600,0
986,76.1751081943512,2026-03-06T11:18:43.746762,0.0,0.0,0.0,0.0,0.0,0.0,0.0,13.76,14.23,0.365,0.367,STRAIGHT,1.5,1.5,"CMD,0.4,1.50",4.0,0.0088,2.283,0.023,1,0.9695,0,NORMAL,59.053,0.289,1,1,1,1,1,99.2,0,0,dijkstra,predict,0.45106,0,,,,,,0,,,,212180,135317,0
987,76.21620440483093,2026-03-06T11:18:43.787858,0.0,0.0,3.92,0.0,0.0,0.0,0.0,20.35,14.24,0.364,0.365,STRAIGHT,1.5,1.5,"CMD,0.4,1.50",4.0,0.0088,2.283,0.023,1,0.9695,0,NORMAL,59.068,0.294,1,1,1,1,1,94.2,0,0,dijkstra,predict,0.44435,0,,,,,,0,,,,212180,133304,0
988,76.37788319587708,2026-03-06T11:18:43.949537,102.32,0.0,8.01,14.38,0.0,0.0,0.0,141.36,13.39,0.363,0.364,STRAIGHT,1.5,1.5,"CMD,0.4,1.50",4.0,0.0088,2.283,0.023,1,0.9766,0,NORMAL,59.597,0.261,1,1,1,1,1,114.2,101,4,dijkstra,graph,0.44837,0,,,,,,0,,,,205223,134177,2217
989,76.42395687103271,2026-03-06T11:18:43.995611,2.0,0.0,2.88,0.0,0.0,0.0,0.0,23.43,14.23,0.362,0.363,STRAIGHT,1.5,1.5,"CMD,0.4,1.50",4.0,0.0088,2.283,0.023,1,0.9766,0,NORMAL,58.983,0.32,1,1,1,1,1,104.2,0,0,dijkstra,predict,0.44804,0,,,,,,0,,,,213236,134411,0
990,76.46175146102905,2026-03-06T11:18:44.033405,3.19,0.0,3.01,0.0,0.0,0.0,0.0,20.28,14.24,0.362,0.362,STRAIGHT,1.5,1.5,"CMD,0.4,1.50",4.0,0.0088,2.283,0.023,1,0.9766,0,NORMAL,59.103,0.268,1,1,1,1,1,99.2,0,0,dijkstra,predict,0.44661,0,,,,,,0,,,,213236,133982,0
991,76.50020813941956,2026-03-06T11:18:44.071862,3.41,0.0,3.01,0.0,0.0,0.0,0.0,20.44,14.22,0.362,0.362,STRAIGHT,1.5,1.5,"CMD,0.4,1.50",4.0,0.0088,2.283,0.023,1,0.9766,0,NORMAL,59.108,0.298,1,1,1,1,1,94.2,0,0,dijkstra,predict,0.43994,0,,,,,,0,,,,213236,131983,0
992,76.66672015190125,2026-03-06T11:18:44.238374,104.24,0.0,8.01,16.22,0.0,0.0,0.0,146.49,13.33,0.357,0.362,STRAIGHT,1.5,1.5,"CMD,0.4,1.50",4.0,0.0084,2.329,0.023,1,0.9714,0,NORMAL,61.115,0.248,1,1,1,1,1,116.4,98,4,dijkstra,graph,0.45461,0,,,,,,0,,,,207252,136022,2191
993,76.70295786857605,2026-03-06T11:18:44.274612,0.0,0.0,0.0,0.0,0.0,0.0,0.0,14.02,14.19,0.354,0.357,STRAIGHT,1.5,1.5,"CMD,0.4,1.50",4.0,0.0084,2.329,0.023,1,0.9714,0,NORMAL,61.293,0.301,1,1,1,1,1,106.4,0,0,dijkstra,predict,0.45377,0,,,,,,0,,,,216204,136132,0
994,76.7484941482544,2026-03-06T11:18:44.320148,0.0,0.0,4.76,0.0,0.0,0.0,0.0,20.78,14.15,0.352,0.354,STRAIGHT,1.5,1.5,"CMD,0.4,1.50",4.0,0.0084,2.329,0.023,1,0.9714,0,NORMAL,60.932,0.306,1,1,1,1,1,101.4,0,0,dijkstra,predict,0.4527,0,,,,,,0,,,,216204,135809,0
995,76.78203678131104,2026-03-06T11:18:44.353691,0.0,0.0,0.0,0.0,0.0,0.0,0.0,16.02,14.18,0.35,0.352,STRAIGHT,1.5,1.5,"CMD,0.4,1.50",4.0,0.0084,2.329,0.023,1,0.9714,0,NORMAL,61.307,0.33,1,1,1,1,1,96.4,0,0,dijkstra,predict,0.44609,0,,,,,,0,,,,216204,133827,0
996,76.94428277015686,2026-03-06T11:18:44.515937,100.61,0.0,6.01,8.07,0.0,0.0,0.0,141.82,13.4,0.349,0.35,STRAIGHT,1.5,1.5,"CMD,0.4,1.50",4.0,0.0084,2.329,0.023,1,0.9459,0,NORMAL,60.6,0.4,1,1,1,1,1,116.4,98,4,dijkstra,graph,0.437,0,,,,,,0,,,,201040,130666,2223
997,76.98517084121704,2026-03-06T11:18:44.556825,0.0,0.0,0.0,0.0,0.0,0.0,0.0,19.09,14.29,0.349,0.349,STRAIGHT,1.5,1.5,"CMD,0.3,1.50",4.0,0.0084,2.329,0.023,1,0.9459,0,NORMAL,60.334,0.485,1,1,1,1,1,106.4,0,0,dijkstra,predict,0.43663,0,,,,,,0,,,,207583,130988,0
998,77.01964211463928,2026-03-06T11:18:44.591296,0.0,0.0,0.0,0.0,0.0,0.0,0.0,18.02,14.26,0.348,0.349,STRAIGHT,1.5,1.5,"CMD,0.3,1.50",4.0,0.0084,2.329,0.023,1,0.9459,0,NORMAL,61.01,0.482,1,1,1,1,1,101.4,0,0,dijkstra,predict,0.43503,0,,,,,,0,,,,207583,130508,0
999,77.06469488143921,2026-03-06T11:18:44.636349,2.0,0.0,2.0,0.0,0.0,0.0,0.0,28.22,14.23,0.348,0.348,STRAIGHT,1.5,1.5,"CMD,0.3,1.50",4.0,0.0084,2.329,0.023,1,0.9459,0,NORMAL,61.214,0.478,1,1,1,1,1,96.4,0,0,dijkstra,predict,0.42928,0,,,,,,0,,,,207583,128783,0
1000,77.23834896087646,2026-03-06T11:18:44.810003,112.88,0.0,6.01,16.11,2.0,0.0,0.0,161.64,13.37,0.339,0.348,STRAIGHT,1.5,1.5,"CMD,0.3,1.50",4.0,0.0078,2.42,0.023,1,0.9654,0,NORMAL,60.981,0.507,1,1,1,1,1,121.0,84,4,dijkstra,graph,0.45357,0,,,,,,0,,,,203958,135739,2179
1001,77.27639675140381,2026-03-06T11:18:44.848051,2.0,0.0,4.01,0.0,0.0,0.0,0.0,20.03,14.15,0.333,0.339,STRAIGHT,1.5,1.5,"CMD,0.3,1.50",4.0,0.0078,2.42,0.023,1,0.9654,0,NORMAL,62.97,0.351,1,1,1,1,1,111.0,0,0,dijkstra,predict,0.45276,0,,,,,,0,,,,212756,135827,0
1002,77.31856513023376,2026-03-06T11:18:44.890219,0.0,0.0,5.12,0.0,0.0,0.0,0.0,19.14,14.16,0.329,0.333,STRAIGHT,1.5,1.5,"CMD,0.3,1.50",4.0,0.0078,2.42,0.023,1,0.9654,0,NORMAL,61.641,0.385,1,1,1,1,1,106.0,0,0,dijkstra,predict,0.45177,0,,,,,,0,,,,212756,135530,0
1003,77.35729193687439,2026-03-06T11:18:44.928946,2.67,0.0,2.0,0.0,0.0,0.0,0.0,20.7,14.21,0.327,0.329,STRAIGHT,1.5,1.5,"CMD,0.3,1.50",4.0,0.0078,2.42,0.023,1,0.9654,0,NORMAL,61.535,0.372,1,1,1,1,1,101.0,0,0,dijkstra,predict,0.44511,0,,,,,,0,,,,212756,133532,0
1004,77.51947808265686,2026-03-06T11:18:45.091132,108.3,0.0,8.01,10.09,0.0,0.0,0.0,144.42,13.4,0.325,0.327,STRAIGHT,1.5,1.5,"CMD,0.3,1.50",4.0,0.0078,2.42,0.023,1,0.9713,0,NORMAL,62.259,0.356,1,1,1,1,1,121.0,91,4,dijkstra,graph,0.44341,0,,,,,,0,,,,202978,132618,2257
1005,77.57058000564575,2026-03-06T11:18:45.142234,0.0,0.0,5.29,0.0,0.0,0.0,0.0,20.38,14.16,0.324,0.325,STRAIGHT,1.5,1.5,"CMD,0.3,1.50",4.0,0.0078,2.42,0.023,1,0.9713,0,NORMAL,62.694,0.338,1,1,1,1,1,111.0,0,0,dijkstra,predict,0.4431,0,,,,,,0,,,,209077,132931,0
1006,77.61082458496094,2026-03-06T11:18:45.182479,2.0,0.0,5.54,0.0,0.0,0.0,0.0,22.22,14.14,0.323,0.324,STRAIGHT,1.5,1.5,"CMD,0.3,1.50",4.0,0.0078,2.42,0.023,1,0.9713,0,NORMAL,62.833,0.365,1,1,1,1,1,106.0,0,0,dijkstra,predict,0.4415,0,,,,,,0,,,,209077,132451,0
1007,77.6512553691864,2026-03-06T11:18:45.222910,0.0,0.0,4.38,0.0,0.0,0.0,0.0,18.4,14.17,0.323,0.323,STRAIGHT,1.5,1.5,"CMD,0.3,1.50",4.0,0.0078,2.42,0.023,1,0.9713,0,NORMAL,62.972,0.378,1,1,1,1,1,101.0,0,0,dijkstra,predict,0.43518,0,,,,,,0,,,,209077,130553,0
1008,77.81696486473083,2026-03-06T11:18:45.388619,97.62,0.0,10.42,16.51,0.0,0.0,0.0,145.11,13.36,0.238,0.323,STRAIGHT,1.5,1.5,"CMD,0.3,1.50",4.0,0.0017,2.466,0.005,1,0.9855,0,NORMAL,62.761,0.424,1,1,1,1,1,124.0,97,4,dijkstra,graph,0.44236,0,,,,,,0,,,,202614,132384,2190
1009,77.84926223754883,2026-03-06T11:18:45.420916,0.0,0.0,0.0,0.0,0.0,0.0,0.0,14.28,14.27,0.182,0.238,STRAIGHT,1.5,1.5,"CMD,0.2,1.50",4.0,0.0017,2.466,0.005,1,0.9855,0,NORMAL,62.692,0.501,1,1,1,1,1,114.0,0,0,dijkstra,predict,0.44111,0,,,,,,0,,,,208704,132333,0
1010,77.88827013969421,2026-03-06T11:18:45.459924,0.0,0.0,0.0,0.0,0.0,0.0,0.0,22.72,14.25,0.145,0.182,STRAIGHT,1.5,1.5,"CMD,0.2,1.50",4.0,0.0017,2.466,0.005,1,0.9855,0,NORMAL,59.844,0.548,1,1,1,1,1,109.0,0,0,dijkstra,predict,0.44002,0,,,,,,0,,,,208704,132006,0
1011,77.93226265907288,2026-03-06T11:18:45.503917,0.0,0.0,4.01,0.0,0.0,0.0,0.0,20.03,14.27,0.12,0.145,STRAIGHT,1.5,1.5,"CMD,0.1,1.50",4.0,0.0017,2.466,0.005,1,0.9855,0,NORMAL,60.567,0.543,1,1,1,1,1,104.0,0,0,dijkstra,predict,0.43485,0,,,,,,0,,,,208704,130455,0
1012,78.09663081169128,2026-03-06T11:18:45.668285,102.29,0.0,6.01,18.03,0.0,0.0,0.0,146.35,13.42,0.103,0.12,STRAIGHT,1.5,1.5,"CMD,0.1,1.50",4.0,0.0017,2.466,0.005,1,0.9863,0,NORMAL,61.046,0.481,1,1,1,1,1,124.0,95,4,dijkstra,graph,0.43791,0,,,,,,0,,,,203088,130930,2169
1013,78.13677430152893,2026-03-06T11:18:45.708428,0.0,0.0,4.09,0.0,0.0,0.0,0.0,20.12,14.25,0.092,0.103,STRAIGHT,1.5,1.5,"CMD,0.1,1.50",4.0,0.0017,2.466,0.005,1,0.9863,0,NORMAL,61.248,0.457,1,1,1,1,1,114.0,0,0,dijkstra,predict,0.43638,0,,,,,,0,,,,210168,130914,0
1014,78.18094849586487,2026-03-06T11:18:45.752603,2.0,0.0,2.0,0.0,0.0,0.0,2.0,22.03,14.19,0.085,0.092,STRAIGHT,1.5,1.5,"CMD,0.1,1.50",4.0,0.0017,2.466,0.005,1,0.9863,0,NORMAL,61.421,0.45,1,1,1,1,1,109.0,0,0,dijkstra,predict,0.43526,0,,,,,,0,,,,210168,130579,0
1015,78.21699380874634,2026-03-06T11:18:45.788648,0.0,0.0,4.0,0.0,0.0,0.0,0.0,20.03,14.2,0.08,0.085,STRAIGHT,1.5,1.5,"CMD,0.1,1.50",4.0,0.0017,2.466,0.005,1,0.9863,0,NORMAL,61.916,0.413,1,1,1,1,1,104.0,0,0,dijkstra,predict,0.43012,0,,,,,,0,,,,210168,129037,0
1016,78.39062571525574,2026-03-06T11:18:45.962280,111.44,0.0,8.01,18.02,0.0,0.0,0.0,155.61,13.34,0.157,0.085,STRAIGHT,1.5,1.5,"CMD,0.1,1.50",4.0,0.0075,2.466,0.023,1,0.9546,0,NORMAL,61.172,0.307,1,1,1,1,1,123.3,108,4,dijkstra,graph,0.46789,0,,,,,,0,,,,212601,140025,2289
1017,78.42887663841248,2026-03-06T11:18:46.000531,2.91,0.0,2.0,0.0,0.0,0.0,0.0,20.23,14.14,0.208,0.157,STRAIGHT,1.5,1.5,"CMD,0.2,1.50",4.0,0.0075,2.466,0.023,1,0.9546,0,NORMAL,61.256,0.473,1,1,1,1,1,113.3,0,0,dijkstra,predict,0.46682,0,,,,,,0,,,,220079,140045,0
1018,78.46976447105408,2026-03-06T11:18:46.041419,2.0,0.0,4.01,0.0,0.0,0.0,0.0,26.41,14.16,0.242,0.208,STRAIGHT,1.5,1.5,"CMD,0.2,1.50",4.0,0.0075,2.466,0.023,1,0.9546,0,NORMAL,61.444,0.491,1,1,1,1,1,108.3,0,0,dijkstra,predict,0.46598,0,,,,,,0,,,,220079,139793,0
1019,78.50804686546326,2026-03-06T11:18:46.079701,2.0,0.0,4.0,0.0,0.0,0.0,0.0,22.26,14.17,0.264,0.242,STRAIGHT,1.5,1.5,"CMD,0.2,1.50",4.0,0.0075,2.466,0.023,1,0.9546,0,NORMAL,61.619,0.466,1,1,1,1,1,103.3,0,0,dijkstra,predict,0.4592,0,,,,,,0,,,,220079,137761,0
1020,78.68150210380554,2026-03-06T11:18:46.253156,113.4,0.0,7.01,6.43,10.47,0.0,0.0,161.44,13.29,0.279,0.264,STRAIGHT,1.5,1.5,"CMD,0.3,1.50",4.0,0.0075,2.466,0.023,1,0.9633,0,NORMAL,61.104,0.488,1,1,1,1,1,123.3,84,4,dijkstra,graph,0.48651,0,,,,,,0,,,,213709,145603,2222
1021,78.72225403785706,2026-03-06T11:18:46.293908,2.6,0.0,1.74,0.0,0.0,0.0,0.0,20.42,14.11,0.29,0.279,STRAIGHT,1.5,1.5,"CMD,0.3,1.50",4.0,0.0075,2.466,0.023,1,0.9633,0,NORMAL,61.877,0.447,1,1,1,1,1,113.3,0,0,dijkstra,predict,0.48572,0,,,,,,0,,,,220663,145717,0
1022,78.76264810562134,2026-03-06T11:18:46.334302,3.35,0.0,3.0,0.0,0.0,0.0,0.0,20.37,14.08,0.296,0.29,STRAIGHT,1.5,1.5,"CMD,0.3,1.50",4.0,0.0075,2.466,0.023,1,0.9633,0,NORMAL,61.392,0.491,1,1,1,1,1,108.3,0,0,dijkstra,predict,0.48458,0,,,,,,0,,,,220663,145373,0
1023,78.80271983146667,2026-03-06T11:18:46.374374,0.0,0.0,6.03,0.0,0.0,0.0,0.0,20.05,14.12,0.301,0.296,STRAIGHT,1.5,1.5,"CMD,0.3,1.50",4.0,0.0075,2.466,0.023,1,0.9633,0,NORMAL,61.587,0.487,1,1,1,1,1,103.3,0,0,dijkstra,predict,0.47774,0,,,,,,0,,,,220663,143322,0
1024,78.97113394737244,2026-03-06T11:18:46.542788,106.33,0.0,6.01,18.03,0.0,0.0,2.0,152.39,13.25,0.3,0.3,STRAIGHT,1.5,1.5,"CMD,0.3,1.50",4.0,0.0072,2.511,0.023,1,0.973,0,NORMAL,58.888,0.54,1,1,1,1,1,125.6,94,4,dijkstra,graph,0.48537,0,,,,,,0,,,,216677,145225,2244
1025,79.00900936126709,2026-03-06T11:18:46.580663,1.83,0.0,2.0,0.0,0.0,0.0,0.0,19.85,14.05,0.3,0.3,STRAIGHT,1.5,1.5,"CMD,0.3,1.50",4.0,0.0072,2.511,0.023,1,0.973,0,NORMAL,59.897,0.474,1,1,1,1,1,115.6,0,0,dijkstra,predict,0.48443,0,,,,,,0,,,,222855,145329,0
1026,79.0430691242218,2026-03-06T11:18:46.614723,0.0,0.0,0.0,0.0,0.0,0.0,0.0,16.02,14.05,0.299,0.3,STRAIGHT,1.5,1.5,"CMD,0.3,1.50",4.0,0.0072,2.511,0.023,1,0.973,0,NORMAL,59.853,0.505,1,1,1,1,1,110.6,0,0,dijkstra,predict,0.48327,0,,,,,,0,,,,222855,144981,0
1027,79.08510828018188,2026-03-06T11:18:46.656762,0.0,0.0,0.0,0.0,0.0,0.0,0.0,17.92,14.04,0.299,0.299,STRAIGHT,1.5,1.5,"CMD,0.3,1.50",4.0,0.0072,2.511,0.023,1,0.973,0,NORMAL,57.369,0.544,1,1,1,1,1,105.6,0,0,dijkstra,predict,0.47608,0,,,,,,0,,,,222855,142823,0
1028,79.27161240577698,2026-03-06T11:18:46.843267,111.72,0.0,6.01,20.17,2.0,0.0,0.0,156.74,13.14,0.299,0.299,STRAIGHT,1.5,1.5,"CMD,0.3,1.50",4.0,0.0072,2.511,0.023,1,0.9531,0,NORMAL,55.465,0.473,1,1,1,1,1,125.6,85,4,dijkstra,graph,0.46227,0,,,,,,0,,,,208186,138225,2132
1029,79.31037998199463,2026-03-06T11:18:46.882034,0.0,0.0,4.72,0.0,0.0,0.0,0.0,20.75,14.0,0.299,0.299,STRAIGHT,1.5,1.5,"CMD,0.3,1.50",4.0,0.0072,2.511,0.023,1,0.9531,0,NORMAL,55.803,0.408,1,1,1,1,1,115.6,0,0,dijkstra,predict,0.46169,0,,,,,,0,,,,212923,138506,0
1030,79.35017800331116,2026-03-06T11:18:46.921832,2.0,0.0,4.01,0.0,0.0,0.0,0.0,22.03,13.98,0.299,0.299,STRAIGHT,1.5,1.5,"CMD,0.3,1.50",4.0,0.0072,2.511,0.023,1,0.9531,0,NORMAL,56.053,0.381,1,1,1,1,1,110.6,0,0,dijkstra,predict,0.46005,0,,,,,,0,,,,212923,138014,0
1031,79.38422322273254,2026-03-06T11:18:46.955877,2.0,0.0,0.0,0.0,0.0,0.0,0.0,16.02,14.03,0.299,0.299,STRAIGHT,1.5,1.5,"CMD,0.3,1.50",4.0,0.0072,2.511,0.023,1,0.9531,0,NORMAL,56.757,0.4,1,1,1,1,1,105.6,0,0,dijkstra,predict,0.4537,0,,,,,,0,,,,212923,136110,0
1032,79.5639796257019,2026-03-06T11:18:47.135634,113.02,0.0,6.01,12.05,5.37,0.0,0.0,157.47,13.14,0.299,0.299,STRAIGHT,1.5,1.5,"CMD,0.3,1.50",4.0,0.0072,2.511,0.023,1,0.9778,0,NORMAL,57.804,0.357,1,1,1,1,1,125.6,88,4,dijkstra,graph,0.45919,0,,,,,,0,,,,208604,137395,2139
1033,79.60305595397949,2026-03-06T11:18:47.174710,2.0,0.0,4.01,0.0,0.0,0.0,0.0,20.93,13.92,0.299,0.299,STRAIGHT,1.5,1.5,"CMD,0.3,1.50",4.0,0.0072,2.511,0.023,1,0.9778,0,NORMAL,57.523,0.339,1,1,1,1,1,115.6,0,0,dijkstra,predict,0.45829,0,,,,,,0,,,,214638,137487,0
1034,79.64263081550598,2026-03-06T11:18:47.214285,2.62,0.0,2.92,0.0,0.0,0.0,0.0,21.55,14.0,0.299,0.299,STRAIGHT,1.5,1.5,"CMD,0.3,1.50",4.0,0.0072,2.511,0.023,1,0.9778,0,NORMAL,57.788,0.321,1,1,1,1,1,110.6,0,0,dijkstra,predict,0.45721,0,,,,,,0,,,,214638,137163,0
1035,79.68269109725952,2026-03-06T11:18:47.254345,2.0,0.0,2.0,0.0,0.0,0.0,2.0,22.03,14.0,0.299,0.299,STRAIGHT,1.5,1.5,"CMD,0.3,1.50",4.0,0.0072,2.511,0.023,1,0.9778,0,NORMAL,57.918,0.297,1,1,1,1,1,105.6,0,0,dijkstra,predict,0.4502,0,,,,,,0,,,,214638,135061,0
1036,79.8581178188324,2026-03-06T11:18:47.429772,112.37,0.0,6.01,18.48,0.0,0.0,0.0,161.3,13.14,0.306,0.299,STRAIGHT,1.5,1.5,"CMD,0.3,1.50",4.0,0.0078,2.42,0.023,1,0.9757,0,NORMAL,58.183,0.309,1,1,1,1,1,121.0,99,5,dijkstra,graph,0.45217,0,,,,,,0,,,,207570,135183,2382
1037,79.90183711051941,2026-03-06T11:18:47.473491,2.85,0.0,2.0,0.0,0.0,0.0,0.0,21.52,13.91,0.311,0.306,STRAIGHT,1.5,1.5,"CMD,0.3,1.50",4.0,0.0078,2.42,0.023,1,0.9757,0,NORMAL,58.389,0.252,1,1,1,1,1,111.0,0,0,dijkstra,predict,0.45126,0,,,,,,0,,,,213435,135377,0
1038,79.94383335113525,2026-03-06T11:18:47.515488,4.01,0.0,4.01,0.0,0.0,0.0,0.0,25.97,13.85,0.315,0.311,STRAIGHT,1.5,1.5,"CMD,0.3,1.50",4.0,0.0078,2.42,0.023,1,0.9757,0,NORMAL,58.206,0.276,1,1,1,1,1,106.0,0,0,dijkstra,predict,0.44989,0,,,,,,0,,,,213435,134967,0
1039,79.98188734054565,2026-03-06T11:18:47.553541,0.0,0.0,4.01,0.0,0.0,0.0,0.0,20.03,13.85,0.317,0.315,STRAIGHT,1.5,1.5,"CMD,0.3,1.50",4.0,0.0078,2.42,0.023,1,0.9757,0,NORMAL,58.698,0.29,1,1,1,1,1,101.0,0,0,dijkstra,predict,0.44303,0,,,,,,0,,,,213435,132908,0
1040,80.16028761863708,2026-03-06T11:18:47.731942,115.38,0.0,8.01,16.02,2.0,0.0,0.0,162.38,13.02,0.319,0.317,STRAIGHT,1.5,1.5,"CMD,0.3,1.50",4.0,0.0078,2.42,0.023,1,0.9645,0,NORMAL,58.918,0.266,1,1,1,1,1,110.3,92,6,dijkstra,graph,0.44413,0,,,,,,0,,,,204199,132834,2272
1041,80.20058250427246,2026-03-06T11:18:47.772237,0.0,0.0,6.25,0.0,0.0,0.0,0.0,20.27,13.78,0.32,0.319,STRAIGHT,1.5,1.5,"CMD,0.3,1.50",4.0,0.0078,2.42,0.023,1,0.9645,0,NORMAL,58.703,0.287,1,1,1,1,1,105.2,0,0,dijkstra,predict,0.4303,0,,,,,,0,,,,208468,129091,0
1042,80.36986684799194,2026-03-06T11:18:47.941521,105.19,0.0,6.01,18.03,0.0,0.0,0.0,151.26,12.99,0.316,0.319,STRAIGHT,1.5,1.5,"CMD,0.3,1.50",4.0,0.0075,2.466,0.023,1,0.9685,0,NORMAL,58.597,0.425,1,1,1,1,1,123.3,88,4,dijkstra,graph,0.45324,0,,,,,,0,,,,209457,135502,2231
1043,80.41047739982605,2026-03-06T11:18:47.982131,0.0,0.0,5.97,0.0,0.0,0.0,0.0,22.58,13.01,0.314,0.316,STRAIGHT,1.5,1.5,"CMD,0.3,1.50",4.0,0.0075,2.466,0.023,1,0.9685,0,NORMAL,57.994,0.487,1,1,1,1,1,113.3,0,0,dijkstra,predict,0.45208,0,,,,,,0,,,,213301,135624,0
1044,80.45467376708984,2026-03-06T11:18:48.026328,1.74,0.0,4.01,0.0,0.0,0.0,0.0,24.6,12.96,0.313,0.314,STRAIGHT,1.5,1.5,"CMD,0.3,1.50",4.0,0.0075,2.466,0.023,1,0.9685,0,NORMAL,55.27,0.512,1,1,1,1,1,108.3,0,0,dijkstra,predict,0.44992,0,,,,,,0,,,,213301,134976,0
1045,80.49487209320068,2026-03-06T11:18:48.066526,2.0,0.0,4.01,0.0,0.0,0.0,0.0,20.17,13.78,0.312,0.313,STRAIGHT,1.5,1.5,"CMD,0.3,1.50",4.0,0.0075,2.466,0.023,1,0.9685,0,NORMAL,54.512,0.552,1,1,1,1,1,103.3,0,0,dijkstra,predict,0.44271,0,,,,,,0,,,,213301,132814,0
1046,80.6713638305664,2026-03-06T11:18:48.243018,112.33,0.0,6.28,17.76,0.0,0.0,0.0,158.4,12.93,0.307,0.312,STRAIGHT,1.5,1.5,"CMD,0.3,1.50",4.0,0.0072,2.511,0.023,1,0.969,0,NORMAL,55.193,0.562,1,1,1,1,1,125.6,105,4,dijkstra,graph,0.47428,0,,,,,,0,,,,214641,141894,2319
1047,80.7092137336731,2026-03-06T11:18:48.280868,0.0,0.0,5.34,0.0,0.0,0.0,0.0,19.83,12.95,0.304,0.307,STRAIGHT,1.5,1.5,"CMD,0.3,1.50",4.0,0.0072,2.511,0.023,1,0.969,0,NORMAL,56.143,0.526,1,1,1,1,1,115.6,0,0,dijkstra,predict,0.47276,0,,,,,,0,,,,219243,141828,0
1048,80.75232934951782,2026-03-06T11:18:48.323983,2.0,0.0,2.0,0.0,0.0,0.0,0.0,20.03,12.93,0.303,0.304,STRAIGHT,1.5,1.5,"CMD,0.3,1.50",4.0,0.0072,2.511,0.023,1,0.969,0,NORMAL,56.933,0.479,1,1,1,1,1,110.6,0,0,dijkstra,predict,0.47113,0,,,,,,0,,,,219243,141338,0
1049,80.79268836975098,2026-03-06T11:18:48.364343,0.0,0.0,4.31,0.0,0.0,0.0,0.0,20.33,13.74,0.301,0.303,STRAIGHT,1.5,1.5,"CMD,0.3,1.50",4.0,0.0072,2.511,0.023,1,0.969,0,NORMAL,57.796,0.468,1,1,1,1,1,105.6,0,0,dijkstra,predict,0.46336,0,,,,,,0,,,,219243,139008,0
1050,80.97291779518127,2026-03-06T11:18:48.544572,114.8,0.0,4.01,20.45,0.0,0.0,2.0,159.51,12.89,0.304,0.303,STRAIGHT,1.5,1.5,"CMD,0.3,1.50",4.0,0.0075,2.466,0.023,1,0.9628,0,NORMAL,57.91,0.461,1,1,1,1,1,123.3,91,5,dijkstra,graph,0.44502,0,,,,,,0,,,,206790,133079,2343
1051,81.01128602027893,2026-03-06T11:18:48.582940,2.0,0.0,2.0,0.0,0.0,0.0,0.0,20.35,12.9,0.306,0.304,STRAIGHT,1.5,1.5,"CMD,0.3,1.50",4.0,0.0075,2.466,0.023,1,0.9628,0,NORMAL,56.732,0.539,1,1,1,1,1,113.3,0,0,dijkstra,predict,0.44468,0,,,,,,0,,,,210375,133404,0
1052,81.04532885551453,2026-03-06T11:18:48.616983,0.0,0.0,0.0,0.0,0.0,0.0,0.0,16.02,12.93,0.307,0.306,STRAIGHT,1.5,1.5,"CMD,0.3,1.50",4.0,0.0075,2.466,0.023,1,0.9628,0,NORMAL,55.375,0.708,1,1,1,1,1,108.3,0,0,dijkstra,predict,0.44177,0,,,,,,0,,,,210375,132532,0
1053,81.08557605743408,2026-03-06T11:18:48.657230,2.0,0.0,0.0,0.0,0.0,0.0,0.0,16.02,13.72,0.308,0.307,STRAIGHT,1.5,1.5,"CMD,0.3,1.50",4.0,0.0075,2.466,0.023,1,0.9628,0,NORMAL,54.062,1.126,1,1,1,1,1,103.3,0,0,dijkstra,predict,0.43454,0,,,,,,0,,,,210375,130361,0
1054,81.26359605789185,2026-03-06T11:18:48.835250,106.96,0.0,16.19,16.02,0.0,0.0,0.0,157.56,12.86,0.305,0.307,STRAIGHT,1.5,1.5,"CMD,0.3,1.50",4.0,0.0072,2.511,0.023,1,0.9598,0,NORMAL,53.438,1.09,1,1,1,1,1,125.6,93,5,dijkstra,graph,0.47421,0,,,,,,0,,,,215408,141860,2356
1055,81.30805802345276,2026-03-06T11:18:48.879712,2.67,0.0,2.0,0.0,0.0,0.0,0.0,22.43,12.8,0.303,0.305,STRAIGHT,1.5,1.5,"CMD,0.3,1.50",4.0,0.0072,2.511,0.023,1,0.9598,0,NORMAL,53.069,1.225,1,1,1,1,1,115.6,0,0,dijkstra,predict,0.47266,0,,,,,,0,,,,219083,141797,0
1056,81.34723496437073,2026-03-06T11:18:48.918889,2.0,0.0,4.01,0.0,0.0,0.0,0.0,29.16,12.82,0.301,0.303,STRAIGHT,1.5,1.5,"CMD,0.3,1.50",4.0,0.0072,2.511,0.023,1,0.9598,0,NORMAL,52.849,1.331,1,1,1,1,1,110.6,0,0,dijkstra,predict,0.47099,0,,,,,,0,,,,219083,141298,0
1057,81.38603329658508,2026-03-06T11:18:48.957687,2.0,0.0,5.01,0.0,0.0,0.0,0.0,21.03,13.72,0.301,0.301,STRAIGHT,1.5,1.5,"CMD,0.3,1.50",4.0,0.0072,2.511,0.023,1,0.9598,0,NORMAL,53.228,1.444,1,1,1,1,1,105.6,0,0,dijkstra,predict,0.46322,0,,,,,,0,,,,219083,138966,0
1058,81.5589246749878,2026-03-06T11:18:49.130579,107.99,0.0,9.51,18.03,0.0,0.0,0.0,155.56,12.9,0.3,0.301,STRAIGHT,1.5,1.5,"CMD,0.3,1.50",4.0,0.0072,2.511,0.023,1,0.9755,0,NORMAL,53.021,1.451,1,1,1,1,1,125.6,99,4,dijkstra,graph,0.48946,0,,,,,,0,,,,220516,146397,2385
1059,81.59919619560242,2026-03-06T11:18:49.170850,2.0,0.0,4.01,0.0,0.0,0.0,0.0,22.12,12.89,0.3,0.3,STRAIGHT,1.5,1.5,"CMD,0.3,1.50",4.0,0.0072,2.511,0.023,1,0.9755,0,NORMAL,53.179,1.478,1,1,1,1,1,115.6,0,0,dijkstra,predict,0.48796,0,,,,,,0,,,,224432,146388,0
1060,81.63324308395386,2026-03-06T11:18:49.204897,0.0,0.0,0.0,0.0,0.0,0.0,0.0,14.02,12.89,0.299,0.3,STRAIGHT,1.5,1.5,"CMD,0.3,1.50",4.0,0.0072,2.511,0.023,1,0.9755,0,NORMAL,53.409,1.511,1,1,1,1,1,110.6,0,0,dijkstra,predict,0.48609,0,,,,,,0,,,,224432,145828,0
1061,81.67554593086243,2026-03-06T11:18:49.247200,0.0,0.0,0.0,0.0,0.0,0.0,0.0,16.18,13.73,0.299,0.299,STRAIGHT,1.5,1.5,"CMD,0.3,1.50",4.0,0.0072,2.511,0.023,1,0.9755,0,NORMAL,54.059,1.509,1,1,1,1,1,105.6,0,0,dijkstra,predict,0.47816,0,,,,,,0,,,,224432,143449,0
1062,81.85510516166687,2026-03-06T11:18:49.426759,111.7,0.0,8.01,17.46,0.0,0.0,0.0,162.81,12.88,0.295,0.299,STRAIGHT,1.5,1.5,"CMD,0.3,1.50",4.0,0.007,2.557,0.023,1,0.9717,0,NORMAL,53.69,1.608,1,1,1,1,1,127.9,97,5,dijkstra,graph,0.49457,0,,,,,,0,,,,224911,147973,2260
1063,81.89579367637634,2026-03-06T11:18:49.467448,2.64,0.0,3.74,0.0,0.0,0.0,0.0,22.41,12.87,0.293,0.295,STRAIGHT,1.5,1.5,"CMD,0.3,1.50",4.0,0.007,2.557,0.023,1,0.9717,0,NORMAL,54.642,1.578,1,1,1,1,1,117.9,0,0,dijkstra,predict,0.49309,0,,,,,,0,,,,229938,147927,0
1064,81.93584895133972,2026-03-06T11:18:49.507503,0.0,0.0,2.0,0.0,0.0,0.0,0.0,18.03,12.87,0.291,0.293,STRAIGHT,1.5,1.5,"CMD,0.3,1.50",4.0,0.007,2.557,0.023,1,0.9717,0,NORMAL,55.141,1.543,1,1,1,1,1,112.9,0,0,dijkstra,predict,0.49132,0,,,,,,0,,,,229938,147396,0
1065,81.97668504714966,2026-03-06T11:18:49.548339,0.0,0.0,3.9,0.0,0.0,0.0,0.0,20.17,13.69,0.29,0.291,STRAIGHT,1.5,1.5,"CMD,0.3,1.50",4.0,0.007,2.557,0.023,1,0.9717,0,NORMAL,55.081,1.559,1,1,1,1,1,107.9,0,0,dijkstra,predict,0.48343,0,,,,,,0,,,,229938,145028,0
1066,82.15547895431519,2026-03-06T11:18:49.727133,111.99,0.0,9.47,19.77,0.0,0.0,0.0,160.77,12.87,0.29,0.29,STRAIGHT,1.5,1.5,"CMD,0.3,1.50",4.0,0.007,2.557,0.023,1,0.9557,0,NORMAL,55.31,1.53,1,1,1,1,1,127.9,93,4,dijkstra,graph,0.48,0,,,,,,0,,,,217127,143623,2333
1067,82.19757533073425,2026-03-06T11:18:49.769229,0.0,0.0,6.06,0.0,0.0,0.0,0.0,22.07,12.87,0.289,0.29,STRAIGHT,1.5,1.5,"CMD,0.3,1.50",4.0,0.007,2.557,0.023,1,0.9557,0,NORMAL,55.874,1.556,1,1,1,1,1,117.9,0,0,dijkstra,predict,0.47964,0,,,,,,0,,,,220681,143891,0
1068,82.23817324638367,2026-03-06T11:18:49.809827,0.0,0.0,6.3,0.0,0.0,0.0,0.0,30.41,12.85,0.289,0.289,STRAIGHT,1.5,1.5,"CMD,0.3,1.50",4.0,0.007,2.557,0.023,1,0.9557,0,NORMAL,55.567,1.525,1,1,1,1,1,112.9,0,0,dijkstra,predict,0.47697,0,,,,,,0,,,,220681,143092,0
1069,82.27885413169861,2026-03-06T11:18:49.850508,0.0,0.0,6.23,0.0,0.0,0.0,0.0,20.25,13.69,0.289,0.289,STRAIGHT,1.5,1.5,"CMD,0.3,1.50",4.0,0.007,2.557,0.023,1,0.9557,0,NORMAL,55.591,1.502,1,1,1,1,1,107.9,0,0,dijkstra,predict,0.46992,0,,,,,,0,,,,220681,140976,0
1070,82.457923412323,2026-03-06T11:18:50.029578,111.03,0.0,8.01,18.43,0.0,0.0,0.0,155.04,12.86,0.288,0.289,STRAIGHT,1.5,1.5,"CMD,0.3,1.50",4.0,0.007,2.557,0.023,1,0.9832,0,NORMAL,54.443,1.539,1,1,1,1,1,127.9,98,5,dijkstra,graph,0.47725,0,,,,,,0,,,,216305,142744,2317
1071,82.49799156188965,2026-03-06T11:18:50.069646,0.0,0.0,6.07,0.0,0.0,0.0,0.0,20.31,13.63,0.288,0.288,STRAIGHT,1.5,1.5,"CMD,0.3,1.50",4.0,0.007,2.557,0.023,1,0.9832,0,NORMAL,54.986,1.494,1,1,1,1,1,117.9,0,0,dijkstra,predict,0.47631,0,,,,,,0,,,,219736,142894,0
1072,82.53604125976562,2026-03-06T11:18:50.107695,2.0,0.0,4.01,0.0,0.0,0.0,0.0,20.03,13.64,0.288,0.288,STRAIGHT,1.5,1.5,"CMD,0.3,1.50",4.0,0.007,2.557,0.023,1,0.9832,0,NORMAL,54.861,1.495,1,1,1,1,1,112.9,0,0,dijkstra,predict,0.47463,0,,,,,,0,,,,219736,142388,0
1073,82.57409358024597,2026-03-06T11:18:50.145748,2.0,0.0,4.01,0.0,0.0,0.0,0.0,20.03,13.68,0.288,0.288,STRAIGHT,1.5,1.5,"CMD,0.3,1.50",4.0,0.007,2.557,0.023,1,0.9832,0,NORMAL,53.675,1.422,1,1,1,1,1,107.9,0,0,dijkstra,predict,0.46758,0,,,,,,0,,,,219736,140275,0
1074,82.74734807014465,2026-03-06T11:18:50.319002,110.9,0.0,4.0,16.3,0.0,0.0,0.0,155.23,12.87,0.299,0.288,STRAIGHT,1.5,1.5,"CMD,0.3,1.50",4.0,0.0078,2.42,0.023,1,0.9645,0,NORMAL,52.706,1.428,1,1,1,1,1,121.0,78,6,dijkstra,graph,0.46715,0,,,,,,0,,,,211613,139702,2238
1075,82.7834804058075,2026-03-06T11:18:50.355134,0.0,0.0,0.0,0.0,0.0,0.0,0.0,22.11,13.73,0.307,0.299,STRAIGHT,1.5,1.5,"CMD,0.3,1.50",4.0,0.0078,2.42,0.023,1,0.9645,0,NORMAL,53.332,1.371,1,1,1,1,1,111.0,0,0,dijkstra,predict,0.46622,0,,,,,,0,,,,215276,139865,0
1076,82.82961654663086,2026-03-06T11:18:50.401271,0.0,0.0,5.67,0.0,0.0,0.0,0.0,27.82,13.68,0.312,0.307,STRAIGHT,1.5,1.5,"CMD,0.3,1.50",4.0,0.0078,2.42,0.023,1,0.9645,0,NORMAL,54.066,1.29,1,1,1,1,1,106.0,0,0,dijkstra,predict,0.46493,0,,,,,,0,,,,215276,139478,0
1077,82.87191963195801,2026-03-06T11:18:50.443574,2.0,0.0,4.0,0.0,0.0,0.0,0.0,22.03,13.67,0.315,0.312,STRAIGHT,1.5,1.5,"CMD,0.3,1.50",4.0,0.0078,2.42,0.023,1,0.9645,0,NORMAL,54.381,1.293,1,1,1,1,1,101.0,0,0,dijkstra,predict,0.45821,0,,,,,,0,,,,215276,137464,0
1078,83.04632759094238,2026-03-06T11:18:50.617982,112.75,0.0,6.01,21.61,0.0,0.0,0.0,156.39,12.87,0.33,0.315,STRAIGHT,1.5,1.5,"CMD,0.3,1.50",4.0,0.0088,2.283,0.023,1,0.9528,0,NORMAL,54.55,1.198,1,1,1,1,1,114.2,98,6,dijkstra,graph,0.44306,0,,,,,,0,,,,206069,132535,2278
1079,83.09039068222046,2026-03-06T11:18:50.662045,2.0,0.0,4.01,0.0,0.0,0.0,0.0,22.03,13.7,0.341,0.33,STRAIGHT,1.5,1.5,"CMD,0.3,1.50",4.0,0.0088,2.283,0.023,1,0.9528,0,NORMAL,54.635,1.116,1,1,1,1,1,104.2,0,0,dijkstra,predict,0.44279,0,,,,,,0,,,,212218,132838,0
1080,83.13253974914551,2026-03-06T11:18:50.704194,2.01,0.0,0.0,0.0,0.0,0.0,0.0,20.12,13.67,0.348,0.341,STRAIGHT,1.5,1.5,"CMD,0.3,1.50",4.0,0.0088,2.283,0.023,1,0.9528,0,NORMAL,54.238,1.183,1,1,1,1,1,99.2,0,0,dijkstra,predict,0.44115,0,,,,,,0,,,,212218,132345,0
1081,83.17678046226501,2026-03-06T11:18:50.748434,2.0,0.0,4.01,0.0,0.0,0.0,0.0,24.03,13.61,0.352,0.348,STRAIGHT,1.5,1.5,"CMD,0.3,1.50",4.0,0.0088,2.283,0.023,1,0.9528,0,NORMAL,55.066,1.066,1,1,1,1,1,94.2,0,0,dijkstra,predict,0.43433,0,,,,,,0,,,,212218,130299,0
1082,83.3484148979187,2026-03-06T11:18:50.920069,113.78,0.0,6.01,15.79,2.0,0.0,0.0,153.61,12.82,-0.206,0.348,STRAIGHT,1.5,1.5,"CMD,0.3,1.50",3.545,-0.0321,2.466,-0.098,1,0.9452,0,NORMAL,56.036,0.942,1,1,1,1,1,126.9,97,4,dijkstra,graph,0.41758,0,,,,,,0,,,,198215,124954,2107
1083,83.38804745674133,2026-03-06T11:18:50.959701,3.59,0.0,2.0,0.0,0.0,0.0,0.0,21.61,13.65,-0.579,-0.206,STRAIGHT,1.5,1.5,"CMD,-0.2,1.50",3.545,-0.0321,2.466,-0.098,1,0.9452,0,NORMAL,55.956,0.945,1,1,1,1,1,116.8,0,0,dijkstra,predict,0.41621,0,,,,,,0,,,,199031,124862,0
1084,83.4261269569397,2026-03-06T11:18:50.997781,2.0,0.0,4.04,0.0,0.0,0.0,0.0,20.06,13.69,-0.827,-0.579,STRAIGHT,1.5,1.5,"CMD,-0.6,1.50",3.545,-0.0321,2.466,-0.098,1,0.9452,0,NORMAL,56.271,0.96,1,1,1,1,1,111.8,0,0,dijkstra,predict,0.41163,0,,,,,,0,,,,199031,123489,0
1085,83.46255564689636,2026-03-06T11:18:51.034210,0.0,0.0,4.34,0.0,0.0,0.0,0.0,20.41,13.71,-0.992,-0.827,STRAIGHT,1.5,1.5,"CMD,-0.8,1.50",3.545,-0.0321,2.466,-0.098,1,0.9452,0,NORMAL,57.653,0.856,1,1,1,1,1,106.8,0,0,dijkstra,predict,0.40607,0,,,,,,0,,,,199031,121821,0
1086,83.6352219581604,2026-03-06T11:18:51.206876,114.44,0.0,8.01,15.57,0.0,0.0,0.0,162.49,12.89,-0.541,-0.827,STRAIGHT,1.5,1.5,"CMD,-0.8,1.50",4.0,0.0088,2.283,0.023,1,0.9792,0,NORMAL,57.423,0.807,1,1,1,1,1,114.2,76,4,dijkstra,graph,0.42093,0,,,,,,0,,,,199862,126053,2034
1087,83.67489528656006,2026-03-06T11:18:51.246549,0.0,0.0,5.62,0.0,0.0,0.0,0.0,21.65,13.71,-0.24,-0.541,STRAIGHT,1.5,1.5,"CMD,-0.5,1.50",4.0,0.0088,2.283,0.023,1,0.9792,0,NORMAL,57.54,0.884,1,1,1,1,1,104.2,0,0,dijkstra,predict,0.42134,0,,,,,,0,,,,201839,126401,0
1088,83.716965675354,2026-03-06T11:18:51.288620,2.0,0.0,4.01,0.0,0.0,0.0,0.0,22.04,13.69,-0.04,-0.24,STRAIGHT,1.5,1.5,"CMD,-0.2,1.50",4.0,0.0088,2.283,0.023,1,0.9792,0,NORMAL,58.366,0.817,1,1,1,1,1,99.2,0,0,dijkstra,predict,0.41961,0,,,,,,0,,,,201839,125882,0
1089,83.7530164718628,2026-03-06T11:18:51.324670,0.0,0.0,2.0,0.0,0.0,0.0,0.0,18.03,13.68,0.094,-0.04,STRAIGHT,1.5,1.5,"CMD,-0.0,1.50",4.0,0.0088,2.283,0.023,1,0.9792,0,NORMAL,58.604,0.761,1,1,1,1,1,94.2,0,0,dijkstra,predict,0.41368,0,,,,,,0,,,,201839,124103,0
1090,83.93086838722229,2026-03-06T11:18:51.502522,106.42,0.0,10.12,24.47,0.0,0.0,0.0,167.56,12.86,0.188,0.094,STRAIGHT,1.5,1.5,"CMD,0.1,1.50",4.0,0.0091,2.237,0.023,1,0.98,0,NORMAL,55.624,0.756,1,1,1,1,1,111.9,103,4,dijkstra,graph,0.41599,0,,,,,,0,,,,200183,124466,1991
1091,83.97475457191467,2026-03-06T11:18:51.546409,2.0,0.0,4.01,0.0,0.0,0.0,0.0,22.03,13.68,0.251,0.188,STRAIGHT,1.5,1.5,"CMD,0.2,1.50",4.0,0.0091,2.237,0.023,1,0.98,0,NORMAL,56.531,0.725,1,1,1,1,1,101.9,0,0,dijkstra,predict,0.41524,0,,,,,,0,,,,202458,124573,0
1092,84.01526379585266,2026-03-06T11:18:51.586918,2.96,0.0,3.01,0.0,0.0,0.0,0.0,22.49,13.68,0.293,0.251,STRAIGHT,1.5,1.5,"CMD,0.3,1.50",4.0,0.0091,2.237,0.023,1,0.98,0,NORMAL,56.819,0.622,1,1,1,1,1,96.9,0,0,dijkstra,predict,0.414,0,,,,,,0,,,,202458,124201,0
1093,84.05087161064148,2026-03-06T11:18:51.622526,0.0,0.0,5.01,0.0,0.0,0.0,0.0,19.03,13.71,0.321,0.293,STRAIGHT,1.5,1.5,"CMD,0.3,1.50",4.0,0.0091,2.237,0.023,1,0.98,0,NORMAL,56.304,0.404,1,1,1,1,1,91.9,0,0,dijkstra,predict,0.40716,0,,,,,,0,,,,202458,122148,0
1094,84.237309217453,2026-03-06T11:18:51.808963,113.87,0.0,10.42,23.27,0.0,0.0,0.0,169.42,12.83,0.317,0.317,STRAIGHT,1.5,1.5,"CMD,0.3,1.50",4.0,0.0075,2.466,0.023,1,0.9788,0,NORMAL,53.825,0.51,1,1,1,1,1,123.3,103,3,dijkstra,graph,0.42469,0,,,,,,0,,,,201861,127071,2090
1095,84.27770686149597,2026-03-06T11:18:51.849361,2.0,0.0,4.0,0.0,0.0,0.0,0.0,26.48,13.66,0.315,0.317,STRAIGHT,1.5,1.5,"CMD,0.3,1.50",4.0,0.0075,2.466,0.023,1,0.9788,0,NORMAL,55.241,0.292,1,1,1,1,1,113.3,0,0,dijkstra,predict,0.4234,0,,,,,,0,,,,205295,127020,0
1096,84.31575608253479,2026-03-06T11:18:51.887410,0.0,0.0,4.0,0.0,0.0,0.0,0.0,20.03,13.69,0.313,0.315,STRAIGHT,1.5,1.5,"CMD,0.3,1.50",4.0,0.0075,2.466,0.023,1,0.9788,0,NORMAL,57.218,0.172,1,1,1,1,1,108.3,0,0,dijkstra,predict,0.42237,0,,,,,,0,,,,205295,126711,0
1097,84.34797286987305,2026-03-06T11:18:51.919627,0.0,0.0,0.0,0.0,0.0,0.0,0.0,20.2,13.75,0.312,0.313,STRAIGHT,1.5,1.5,"CMD,0.3,1.50",4.0,0.0075,2.466,0.023,1,0.9788,0,NORMAL,57.778,0.06,1,1,1,1,1,103.3,0,0,dijkstra,predict,0.4153,0,,,,,,0,,,,205295,124589,0
1098,84.5272319316864,2026-03-06T11:18:52.098886,112.76,0.0,6.01,16.02,0.0,0.0,0.0,151.66,12.9,0.011,0.312,STRAIGHT,1.5,1.5,"CMD,0.3,1.50",4.0,-0.0143,2.42,-0.042,1,0.94,0,NORMAL,58.607,0.016,1,1,1,1,1,124.4,84,2,dijkstra,graph,0.37952,0,,,,,,0,,,,190172,113549,1790
1099,84.5617413520813,2026-03-06T11:18:52.133395,0.0,0.0,0.0,0.0,0.0,0.0,0.0,14.48,13.77,-0.19,0.011,STRAIGHT,1.5,1.5,"CMD,0.0,1.50",4.0,-0.0143,2.42,-0.042,1,0.94,0,NORMAL,58.325,0.064,1,1,1,1,1,114.3,0,0,dijkstra,predict,0.37855,0,,,,,,0,,,,191765,113566,0
1100,84.60200119018555,2026-03-06T11:18:52.173655,0.0,0.0,0.0,0.0,0.0,0.0,0.0,15.52,13.78,-0.324,-0.19,STRAIGHT,1.5,1.5,"CMD,-0.2,1.50",4.0,-0.0143,2.42,-0.042,1,0.94,0,NORMAL,58.776,0.104,1,1,1,1,1,109.3,0,0,dijkstra,predict,0.3754,0,,,,,,0,,,,191765,112621,0
1101,84.64435505867004,2026-03-06T11:18:52.216009,2.0,0.0,2.0,0.0,0.0,0.0,0.0,24.21,13.76,-0.413,-0.324,STRAIGHT,1.5,1.5,"CMD,-0.3,1.50",4.0,-0.0143,2.42,-0.042,1,0.94,0,NORMAL,59.743,0.029,1,1,1,1,1,104.3,0,0,dijkstra,predict,0.37052,0,,,,,,0,,,,191765,111155,0
1102,84.82906460762024,2026-03-06T11:18:52.400719,110.61,0.0,6.27,17.76,12.01,0.0,0.0,166.68,12.86,-0.48,-0.413,STRAIGHT,1.5,1.5,"CMD,-0.4,1.50",2.019,-0.0149,1.934,-0.028,1,0.9536,0,NORMAL,59.448,0.085,1,1,1,1,1,205.9,121,4,dijkstra,fallback_centerline,0.38072,0,,,,,,0,,,,185189,114076,1874
1103,84.9942536354065,2026-03-06T11:18:52.565908,102.63,0.0,8.36,15.76,0.0,0.0,0.0,147.17,12.91,-0.184,-0.413,STRAIGHT,1.5,1.5,"CMD,-0.4,1.50",4.0,0.0099,2.146,0.023,1,0.9653,0,NORMAL,59.756,0.111,1,1,1,1,1,107.3,85,4,dijkstra,graph,0.38211,0,,,,,,0,,,,188595,114347,1724
1104,85.03385186195374,2026-03-06T11:18:52.605506,0.0,0.0,5.61,0.0,0.0,0.0,0.0,21.57,12.89,0.014,-0.184,STRAIGHT,1.5,1.5,"CMD,-0.2,1.50",4.0,0.0099,2.146,0.023,1,0.9653,0,NORMAL,59.686,0.172,1,1,1,1,1,97.3,0,0,dijkstra,predict,0.38127,0,,,,,,0,,,,191550,114382,0
1105,85.07681059837341,2026-03-06T11:18:52.648465,0.0,0.0,4.53,0.0,0.0,0.0,0.0,20.92,12.9,0.146,0.014,STRAIGHT,1.5,1.5,"CMD,0.0,1.50",4.0,0.0099,2.146,0.023,1,0.9653,0,NORMAL,59.93,0.213,1,1,1,1,1,92.3,0,0,dijkstra,predict,0.37998,0,,,,,,0,,,,191550,113993,0
1106,85.11286425590515,2026-03-06T11:18:52.684519,0.0,0.0,3.75,0.0,0.0,0.0,0.0,18.29,12.94,0.233,0.146,STRAIGHT,1.5,1.5,"CMD,0.1,1.50",4.0,0.0099,2.146,0.023,1,0.9653,0,NORMAL,59.815,0.207,1,1,1,1,1,87.3,0,0,dijkstra,predict,0.37308,0,,,,,,0,,,,191550,111925,0
1107,85.28551363945007,2026-03-06T11:18:52.857168,110.1,0.0,8.01,14.02,2.0,0.0,0.0,154.63,12.95,0.292,0.233,STRAIGHT,1.5,1.5,"CMD,0.2,1.50",4.0,0.0099,2.146,0.023,1,0.9398,0,NORMAL,60.05,0.252,1,1,1,1,1,104.8,75,5,dijkstra,graph,0.38378,0,,,,,,0,,,,183831,114974,1938
1108,85.32581949234009,2026-03-06T11:18:52.897474,3.07,0.0,3.5,0.0,0.0,0.0,0.0,22.28,12.97,0.331,0.292,STRAIGHT,1.5,1.5,"CMD,0.3,1.50",4.0,0.0099,2.146,0.023,1,0.9398,0,NORMAL,60.701,0.239,1,1,1,1,1,99.7,0,0,dijkstra,predict,0.35874,0,,,,,,0,,,,185609,107622,0
1109,85.3641357421875,2026-03-06T11:18:52.935790,0.0,0.0,4.27,0.0,0.0,0.0,0.0,20.29,13.0,0.357,0.331,STRAIGHT,1.5,1.5,"CMD,0.3,1.50",4.0,0.0099,2.146,0.023,1,0.9398,0,NORMAL,60.892,0.184,1,1,1,1,1,94.7,0,0,dijkstra,predict,0.35286,0,,,,,,0,,,,185609,105857,0
1110,85.40179228782654,2026-03-06T11:18:52.973446,2.0,0.0,2.0,0.0,0.0,0.0,0.0,20.03,13.03,0.374,0.357,STRAIGHT,1.5,1.5,"CMD,0.4,1.50",4.0,0.0099,2.146,0.023,1,0.9398,0,NORMAL,60.603,0.263,1,1,1,1,1,74.8,0,0,dijkstra,predict,0.36748,0,,,,,,0,,,,185609,110245,0
1111,85.57943892478943,2026-03-06T11:18:53.151093,106.55,0.0,12.89,14.16,0.0,0.0,2.0,155.62,13.0,0.375,0.374,STRAIGHT,1.5,1.5,"CMD,0.4,1.50",4.0,0.0091,2.237,0.023,1,0.9259,0,NORMAL,61.261,0.255,1,1,1,1,1,111.9,79,4,dijkstra,graph,0.39669,0,,,,,,0,,,,197072,118804,1850
1112,85.61749076843262,2026-03-06T11:18:53.189145,2.0,0.0,4.01,0.0,0.0,0.0,0.0,20.03,13.01,0.375,0.375,STRAIGHT,1.5,1.5,"CMD,0.4,1.50",4.0,0.0091,2.237,0.023,1,0.9259,0,NORMAL,61.552,0.273,1,1,1,1,1,101.9,0,0,dijkstra,predict,0.39597,0,,,,,,0,,,,200617,118790,0
1113,85.65754318237305,2026-03-06T11:18:53.229197,2.0,0.0,2.0,0.0,0.0,0.0,0.0,22.03,13.0,0.376,0.375,STRAIGHT,1.5,1.5,"CMD,0.4,1.50",4.0,0.0091,2.237,0.023,1,0.9259,0,NORMAL,61.27,0.267,1,1,1,1,1,96.9,0,0,dijkstra,predict,0.39427,0,,,,,,0,,,,200617,118280,0
1114,85.69621229171753,2026-03-06T11:18:53.267866,2.46,0.0,3.68,0.0,0.0,0.0,0.0,22.65,12.98,0.376,0.376,STRAIGHT,1.5,1.5,"CMD,0.4,1.50",4.0,0.0091,2.237,0.023,1,0.9259,0,NORMAL,61.738,0.325,1,1,1,1,1,91.9,0,0,dijkstra,predict,0.38686,0,,,,,,0,,,,200617,116059,0
1115,85.87132787704468,2026-03-06T11:18:53.442982,108.98,0.0,6.01,14.02,2.0,0.0,0.0,155.05,12.97,0.387,0.376,STRAIGHT,1.5,1.5,"CMD,0.4,1.50",4.0,0.0099,2.146,0.023,1,0.9727,0,NORMAL,62.006,0.322,1,1,1,1,1,107.3,75,5,dijkstra,graph,0.39099,0,,,,,,0,,,,193447,117049,1798
1116,85.90967869758606,2026-03-06T11:18:53.481333,0.0,0.0,4.34,0.0,0.0,0.0,0.0,20.33,12.98,0.394,0.387,STRAIGHT,1.5,1.5,"CMD,0.4,1.50",4.0,0.0099,2.146,0.023,1,0.9727,0,NORMAL,62.138,0.322,1,1,1,1,1,97.3,0,0,dijkstra,predict,0.39062,0,,,,,,0,,,,196129,117186,0
1117,85.94713497161865,2026-03-06T11:18:53.518789,0.0,0.0,5.42,0.0,0.0,0.0,0.0,21.44,13.0,0.399,0.394,STRAIGHT,1.5,1.5,"CMD,0.4,1.50",4.0,0.0099,2.146,0.023,1,0.9727,0,NORMAL,59.987,0.313,1,1,1,1,1,92.3,0,0,dijkstra,predict,0.38842,0,,,,,,0,,,,196129,116525,0
1118,85.9844160079956,2026-03-06T11:18:53.556070,2.0,0.0,4.01,0.0,0.0,0.0,0.0,20.26,13.0,0.402,0.399,STRAIGHT,1.5,1.5,"CMD,0.4,1.50",4.0,0.0099,2.146,0.023,1,0.9727,0,NORMAL,60.73,0.387,1,1,1,1,1,87.3,0,0,dijkstra,predict,0.38135,0,,,,,,0,,,,196129,114405,0
1119,86.15984153747559,2026-03-06T11:18:53.731496,114.81,0.0,6.01,8.01,0.0,0.0,0.0,156.04,13.01,-0.21,0.399,STRAIGHT,1.5,1.5,"CMD,0.4,1.50",3.246,-0.0348,2.374,-0.098,1,0.9773,0,NORMAL,60.608,0.371,1,1,1,1,1,125.1,87,4,dijkstra,graph,0.39529,0,,,,,,0,,,,196007,118396,1992
1120,86.20021319389343,2026-03-06T11:18:53.771867,0.0,0.0,6.09,0.0,0.0,0.0,0.0,22.1,13.03,-0.619,-0.21,STRAIGHT,1.5,1.5,"CMD,-0.2,1.50",3.246,-0.0348,2.374,-0.098,1,0.9773,0,NORMAL,58.86,0.344,1,1,1,1,1,114.9,0,0,dijkstra,predict,0.39385,0,,,,,,0,,,,199498,118156,0
1121,86.24026727676392,2026-03-06T11:18:53.811921,2.0,0.0,0.0,0.0,0.0,0.0,0.0,18.03,13.03,-0.891,-0.619,STRAIGHT,1.5,1.5,"CMD,-0.6,1.50",3.246,-0.0348,2.374,-0.098,1,0.9773,0,NORMAL,57.836,0.306,1,1,1,1,1,109.9,0,0,dijkstra,predict,0.38887,0,,,,,,0,,,,199498,116662,0
1122,86.28496718406677,2026-03-06T11:18:53.856621,2.0,0.0,4.01,0.0,0.0,0.0,0.0,24.05,12.98,-1.073,-0.891,STRAIGHT,1.5,1.5,"CMD,-0.9,1.50",3.246,-0.0348,2.374,-0.098,1,0.9773,0,NORMAL,58.921,0.242,1,1,1,1,1,104.9,0,0,dijkstra,predict,0.38267,0,,,,,,0,,,,199498,114800,0
1123,86.46222710609436,2026-03-06T11:18:54.033881,111.18,0.0,8.01,16.02,0.0,0.0,0.0,155.23,13.05,-0.579,-0.891,STRAIGHT,1.5,1.5,"CMD,-0.9,1.50",4.0,0.0099,2.146,0.023,1,0.9652,0,NORMAL,59.515,0.234,1,1,1,1,1,107.3,88,4,dijkstra,graph,0.38256,0,,,,,,0,,,,193586,114407,1840
1124,86.49827122688293,2026-03-06T11:18:54.069926,2.0,0.0,4.0,0.0,0.0,0.0,0.0,20.02,13.06,-0.25,-0.579,STRAIGHT,1.5,1.5,"CMD,-0.6,1.50",4.0,0.0099,2.146,0.023,1,0.9652,0,NORMAL,60.429,0.197,1,1,1,1,1,97.3,0,0,dijkstra,predict,0.38247,0,,,,,,0,,,,196264,114740,0
1125,86.53632092475891,2026-03-06T11:18:54.107975,2.0,0.0,2.0,0.0,0.0,0.0,2.0,20.03,13.06,-0.03,-0.25,STRAIGHT,1.5,1.5,"CMD,-0.2,1.50",4.0,0.0099,2.146,0.023,1,0.9652,0,NORMAL,60.192,0.254,1,1,1,1,1,92.3,0,0,dijkstra,predict,0.38018,0,,,,,,0,,,,196264,114053,0
1126,86.57677984237671,2026-03-06T11:18:54.148434,0.0,0.0,4.11,0.0,0.0,0.0,0.0,24.44,13.01,0.116,-0.03,STRAIGHT,1.5,1.5,"CMD,-0.0,1.50",4.0,0.0099,2.146,0.023,1,0.9652,0,NORMAL,61.472,0.231,1,1,1,1,1,87.3,0,0,dijkstra,predict,0.37346,0,,,,,,0,,,,196264,112037,0
1127,86.7494056224823,2026-03-06T11:18:54.321060,114.31,0.0,8.01,16.02,0.0,0.0,0.0,156.61,13.05,-0.173,-0.03,STRAIGHT,1.5,1.5,"CMD,-0.0,1.50",3.824,-0.0182,2.374,-0.051,1,0.9672,0,NORMAL,62.077,0.233,1,1,1,1,1,122.3,75,4,dijkstra,graph,0.38488,0,,,,,,0,,,,194955,115390,1820
1128,86.78784203529358,2026-03-06T11:18:54.359496,2.0,0.0,2.0,0.0,0.0,0.0,0.0,22.42,13.04,-0.366,-0.173,STRAIGHT,1.5,1.5,"CMD,-0.2,1.50",3.824,-0.0182,2.374,-0.051,1,0.9672,0,NORMAL,62.559,0.245,1,1,1,1,1,112.2,0,0,dijkstra,predict,0.3843,0,,,,,,0,,,,199546,115290,0
1129,86.82421326637268,2026-03-06T11:18:54.395867,0.0,0.0,6.27,0.0,0.0,0.0,0.0,20.35,13.05,-0.494,-0.366,STRAIGHT,1.5,1.5,"CMD,-0.4,1.50",3.824,-0.0182,2.374,-0.051,1,0.9672,0,NORMAL,63.425,0.236,1,1,1,1,1,107.2,0,0,dijkstra,predict,0.38032,0,,,,,,0,,,,199546,114097,0
1130,86.86131763458252,2026-03-06T11:18:54.432972,3.23,0.0,2.0,0.0,0.0,0.0,0.0,19.25,13.08,-0.58,-0.494,STRAIGHT,1.5,1.5,"CMD,-0.5,1.50",3.824,-0.0182,2.374,-0.051,1,0.9672,0,NORMAL,64.031,0.215,1,1,1,1,1,102.2,0,0,dijkstra,predict,0.37458,0,,,,,,0,,,,199546,112374,0
1131,87.02533030509949,2026-03-06T11:18:54.596984,108.39,0.0,8.01,12.04,0.0,0.0,0.0,150.99,13.2,-0.238,-0.494,STRAIGHT,1.5,1.5,"CMD,-0.5,1.50",4.0,0.0108,2.055,0.023,1,0.9382,0,NORMAL,65.541,0.186,1,1,1,1,1,102.7,55,4,dijkstra,graph,0.35659,0,,,,,,0,,,,186181,106658,1615
1132,87.0675995349884,2026-03-06T11:18:54.639253,0.0,0.0,0.0,0.0,0.0,0.0,0.0,16.02,13.99,-0.01,-0.238,STRAIGHT,1.5,1.5,"CMD,-0.2,1.50",4.0,0.0108,2.055,0.023,1,0.9382,0,NORMAL,66.484,0.12,1,1,1,1,1,92.7,0,0,dijkstra,predict,0.35655,0,,,,,,0,,,,187784,106965,0
1133,87.11283278465271,2026-03-06T11:18:54.684487,2.01,0.0,4.28,0.0,0.0,0.0,0.0,26.85,13.95,0.142,-0.01,STRAIGHT,1.5,1.5,"CMD,-0.0,1.50",4.0,0.0108,2.055,0.023,1,0.9382,0,NORMAL,65.118,0.245,1,1,1,1,1,87.7,0,0,dijkstra,predict,0.35495,0,,,,,,0,,,,187784,106485,0
1134,87.14847445487976,2026-03-06T11:18:54.720128,2.0,0.0,1.86,0.0,0.0,0.0,0.0,17.88,14.0,0.243,0.142,STRAIGHT,1.5,1.5,"CMD,0.1,1.50",4.0,0.0108,2.055,0.023,1,0.9382,0,NORMAL,65.696,0.288,1,1,1,1,1,82.7,0,0,dijkstra,predict,0.34903,0,,,,,,0,,,,187784,104708,0
1135,87.31649947166443,2026-03-06T11:18:54.888154,106.7,0.0,10.15,16.23,0.0,0.0,0.0,150.0,13.16,0.299,0.243,STRAIGHT,1.5,1.5,"CMD,0.2,1.50",4.0,0.0099,2.146,0.023,1,0.9538,0,NORMAL,65.996,0.27,1,1,1,1,1,107.3,60,4,dijkstra,graph,0.36855,0,,,,,,0,,,,190841,110369,1732
1136,87.35493612289429,2026-03-06T11:18:54.926590,2.0,0.0,2.0,0.0,0.0,0.0,0.0,20.41,14.01,0.335,0.299,STRAIGHT,1.5,1.5,"CMD,0.3,1.50",4.0,0.0099,2.146,0.023,1,0.9538,0,NORMAL,66.218,0.286,1,1,1,1,1,97.3,0,0,dijkstra,predict,0.36792,0,,,,,,0,,,,193963,110377,0
1137,87.39511442184448,2026-03-06T11:18:54.966768,0.0,0.0,6.13,0.0,0.0,0.0,0.0,22.16,14.01,0.36,0.335,STRAIGHT,1.5,1.5,"CMD,0.3,1.50",4.0,0.0099,2.146,0.023,1,0.9538,0,NORMAL,66.126,0.316,1,1,1,1,1,92.3,0,0,dijkstra,predict,0.36707,0,,,,,,0,,,,193963,110121,0
1138,87.43778586387634,2026-03-06T11:18:55.009440,2.37,0.0,4.01,0.0,0.0,0.0,0.0,22.65,13.99,0.376,0.36,STRAIGHT,1.5,1.5,"CMD,0.4,1.50",4.0,0.0099,2.146,0.023,1,0.9538,0,NORMAL,66.058,0.284,1,1,1,1,1,87.3,0,0,dijkstra,predict,0.36046,0,,,,,,0,,,,193963,108139,0
1139,87.60611271858215,2026-03-06T11:18:55.177767,106.5,0.0,8.01,14.02,2.0,0.0,0.0,150.56,13.16,0.096,0.36,STRAIGHT,1.5,1.5,"CMD,0.4,1.50",4.0,-0.0112,2.374,-0.032,1,0.9391,0,NORMAL,65.745,0.348,1,1,1,1,1,120.4,74,3,dijkstra,graph,0.37692,0,,,,,,0,,,,196233,112763,1860
1140,87.64681696891785,2026-03-06T11:18:55.218471,0.0,0.0,4.66,0.0,0.0,0.0,0.0,22.68,14.03,-0.09,0.096,STRAIGHT,1.5,1.5,"CMD,0.1,1.50",4.0,-0.0112,2.374,-0.032,1,0.9391,0,NORMAL,65.493,0.386,1,1,1,1,1,110.4,0,0,dijkstra,predict,0.37552,0,,,,,,0,,,,199650,112657,0
1141,87.68473744392395,2026-03-06T11:18:55.256391,1.94,0.0,2.0,0.0,0.0,0.0,0.0,19.97,14.03,-0.215,-0.09,STRAIGHT,1.5,1.5,"CMD,-0.1,1.50",4.0,-0.0112,2.374,-0.032,1,0.9391,0,NORMAL,66.208,0.4,1,1,1,1,1,105.4,0,0,dijkstra,predict,0.3728,0,,,,,,0,,,,199650,111841,0
1142,87.72378039360046,2026-03-06T11:18:55.295435,0.0,0.0,6.96,0.0,0.0,0.0,0.0,21.02,14.04,-0.298,-0.215,STRAIGHT,1.5,1.5,"CMD,-0.2,1.50",4.0,-0.0112,2.374,-0.032,1,0.9391,0,NORMAL,66.807,0.382,1,1,1,1,1,100.4,0,0,dijkstra,predict,0.36802,0,,,,,,0,,,,199650,110407,0
1143,87.89486289024353,2026-03-06T11:18:55.466517,108.66,0.0,6.01,16.02,2.0,0.0,0.0,154.03,13.19,-0.068,-0.215,STRAIGHT,1.5,1.5,"CMD,-0.2,1.50",4.0,0.0095,2.192,0.023,1,0.9565,0,NORMAL,66.942,0.412,1,1,1,1,1,109.6,95,3,dijkstra,graph,0.37459,0,,,,,,0,,,,191482,112105,1927
1144,87.93307971954346,2026-03-06T11:18:55.504734,2.0,0.0,4.01,0.0,0.0,0.0,0.0,22.2,14.07,0.085,-0.068,STRAIGHT,1.5,1.5,"CMD,-0.1,1.50",4.0,0.0095,2.192,0.023,1,0.9565,0,NORMAL,66.9,0.395,1,1,1,1,1,99.6,0,0,dijkstra,predict,0.37462,0,,,,,,0,,,,195108,112386,0
1145,87.97139930725098,2026-03-06T11:18:55.543053,2.0,0.0,2.0,0.0,0.0,0.0,0.0,20.03,14.07,0.188,0.085,STRAIGHT,1.5,1.5,"CMD,0.1,1.50",4.0,0.0095,2.192,0.023,1,0.9565,0,NORMAL,66.726,0.447,1,1,1,1,1,94.6,0,0,dijkstra,predict,0.37317,0,,,,,,0,,,,195108,111952,0
1146,88.00929999351501,2026-03-06T11:18:55.580954,1.85,0.0,2.0,0.0,0.0,0.0,0.0,19.88,14.06,0.256,0.188,STRAIGHT,1.5,1.5,"CMD,0.2,1.50",4.0,0.0095,2.192,0.023,1,0.9565,0,NORMAL,66.868,0.493,1,1,1,1,1,89.6,0,0,dijkstra,predict,0.36637,0,,,,,,0,,,,195108,109912,0
1147,88.18224549293518,2026-03-06T11:18:55.753900,116.47,0.0,6.01,14.09,0.0,0.0,0.0,154.33,13.19,0.301,0.256,STRAIGHT,1.5,1.5,"CMD,0.3,1.50",4.0,0.0095,2.192,0.023,1,0.9753,0,NORMAL,66.719,0.525,1,1,1,1,1,109.6,89,3,dijkstra,graph,0.37791,0,,,,,,0,,,,190870,113157,1837
1148,88.2308919429779,2026-03-06T11:18:55.802546,2.0,0.0,4.01,0.0,0.0,0.0,0.0,22.03,14.0,0.331,0.301,STRAIGHT,1.5,1.5,"CMD,0.3,1.50",4.0,0.0095,2.192,0.023,1,0.9753,0,NORMAL,67.121,0.548,1,1,1,1,1,99.6,0,0,dijkstra,predict,0.3774,0,,,,,,0,,,,194225,113221,0
1149,88.26921463012695,2026-03-06T11:18:55.840869,2.0,0.0,4.01,0.0,0.0,0.0,0.0,22.03,14.02,0.352,0.331,STRAIGHT,1.5,1.5,"CMD,0.3,1.50",4.0,0.0095,2.192,0.023,1,0.9753,0,NORMAL,65.33,0.553,1,1,1,1,1,94.6,0,0,dijkstra,predict,0.37638,0,,,,,,0,,,,194225,112914,0
1150,88.30726671218872,2026-03-06T11:18:55.878921,2.0,0.0,2.0,0.0,0.0,0.0,0.0,20.03,14.03,0.365,0.352,STRAIGHT,1.5,1.5,"CMD,0.4,1.50",4.0,0.0095,2.192,0.023,1,0.9753,0,NORMAL,65.899,0.561,1,1,1,1,1,89.6,0,0,dijkstra,predict,0.36976,0,,,,,,0,,,,194225,110927,0
1151,88.4791476726532,2026-03-06T11:18:56.050802,111.34,0.0,8.01,14.49,0.0,0.0,0.0,153.86,13.22,0.369,0.365,STRAIGHT,1.5,1.5,"CMD,0.4,1.50",4.0,0.0091,2.237,0.023,1,0.9851,0,NORMAL,66.34,0.584,1,1,1,1,1,111.9,83,2,dijkstra,graph,0.37775,0,,,,,,0,,,,190522,113018,1683
1152,88.51501560211182,2026-03-06T11:18:56.086670,0.0,0.0,0.0,0.0,0.0,0.0,0.0,17.85,14.11,0.371,0.369,STRAIGHT,1.5,1.5,"CMD,0.4,1.50",4.0,0.0091,2.237,0.023,1,0.9851,0,NORMAL,66.694,0.598,1,1,1,1,1,101.9,0,0,dijkstra,predict,0.3767,0,,,,,,0,,,,193441,113011,0
1153,88.55751919746399,2026-03-06T11:18:56.129173,2.0,0.0,2.0,0.0,0.0,0.0,0.0,19.79,14.08,0.373,0.371,STRAIGHT,1.5,1.5,"CMD,0.4,1.50",4.0,0.0091,2.237,0.023,1,0.9851,0,NORMAL,66.831,0.639,1,1,1,1,1,96.9,0,0,dijkstra,predict,0.37588,0,,,,,,0,,,,193441,112763,0
1154,88.59361267089844,2026-03-06T11:18:56.165267,2.0,0.0,2.0,0.0,0.0,0.0,0.0,18.07,14.1,0.374,0.373,STRAIGHT,1.5,1.5,"CMD,0.4,1.50",4.0,0.0091,2.237,0.023,1,0.9851,0,NORMAL,67.591,0.563,1,1,1,1,1,91.9,0,0,dijkstra,predict,0.3694,0,,,,,,0,,,,193441,110820,0
1155,88.75857734680176,2026-03-06T11:18:56.330231,102.71,0.0,6.01,20.2,0.0,0.0,0.0,146.94,13.29,-0.157,0.373,STRAIGHT,1.5,1.5,"CMD,0.4,1.50",3.4,-0.0296,2.374,-0.083,1,0.9705,0,NORMAL,66.759,0.58,1,1,1,1,1,123.0,70,2,dijkstra,graph,0.37153,0,,,,,,0,,,,187328,111297,1542
1156,88.79863905906677,2026-03-06T11:18:56.370293,0.0,0.0,4.04,0.0,0.0,0.0,2.0,22.04,14.15,-0.511,-0.157,STRAIGHT,1.5,1.5,"CMD,-0.2,1.50",3.4,-0.0296,2.374,-0.083,1,0.9705,0,NORMAL,60.662,0.561,1,1,1,1,1,112.9,0,0,dijkstra,predict,0.37059,0,,,,,,0,,,,189018,111178,0
1157,88.8388786315918,2026-03-06T11:18:56.410533,2.0,0.0,2.0,0.0,0.0,0.0,0.0,20.21,14.13,-0.747,-0.511,STRAIGHT,1.5,1.5,"CMD,-0.5,1.50",3.4,-0.0296,2.374,-0.083,1,0.9705,0,NORMAL,61.443,0.576,1,1,1,1,1,107.9,0,0,dijkstra,predict,0.36694,0,,,,,,0,,,,189018,110083,0
1158,88.87627601623535,2026-03-06T11:18:56.447930,3.46,0.0,4.0,0.0,0.0,0.0,0.0,21.38,14.13,-0.905,-0.747,STRAIGHT,1.5,1.5,"CMD,-0.7,1.50",3.4,-0.0296,2.374,-0.083,1,0.9705,0,NORMAL,58.557,0.63,1,1,1,1,1,102.9,0,0,dijkstra,predict,0.3618,0,,,,,,0,,,,189018,108541,0
1159,89.04195618629456,2026-03-06T11:18:56.613610,110.28,0.0,6.01,12.02,2.0,0.0,0.0,148.66,13.3,-0.853,-0.853,STRAIGHT,1.5,1.5,"CMD,-0.9,1.50",3.824,-0.0182,2.374,-0.051,1,0.9706,0,NORMAL,59.89,0.536,1,1,1,1,2,122.3,64,2,dijkstra,graph,0.36618,0,,,,,,0,,,,186511,109571,1466
1160,89.07806396484375,2026-03-06T11:18:56.649718,0.0,0.0,2.0,0.0,0.0,0.0,0.0,15.76,14.13,-0.819,-0.853,STRAIGHT,1.5,1.5,"CMD,-0.9,1.50",3.824,-0.0182,2.374,-0.051,1,0.9706,0,NORMAL,59.972,0.551,1,1,1,1,1,112.2,0,0,dijkstra,predict,0.36531,0,,,,,,0,,,,188357,109592,0
1161,89.11892747879028,2026-03-06T11:18:56.690582,0.0,0.0,6.37,0.0,0.0,0.0,0.0,20.39,14.14,-0.797,-0.819,STRAIGHT,1.5,1.5,"CMD,-0.8,1.50",3.824,-0.0182,2.374,-0.051,1,0.9706,0,NORMAL,59.963,0.461,1,1,1,1,1,107.2,0,0,dijkstra,predict,0.36225,0,,,,,,0,,,,188357,108674,0
1162,89.15450859069824,2026-03-06T11:18:56.726163,0.0,0.0,4.01,0.0,0.0,0.0,0.0,19.56,14.2,-0.782,-0.797,STRAIGHT,1.5,1.5,"CMD,-0.8,1.50",3.824,-0.0182,2.374,-0.051,1,0.9706,0,NORMAL,60.007,0.469,1,1,1,1,1,102.2,0,0,dijkstra,predict,0.35767,0,,,,,,0,,,,188357,107300,0
1163,89.33362030982971,2026-03-06T11:18:56.905274,113.26,0.0,8.01,14.02,0.0,0.0,0.0,157.08,13.27,-0.39,-0.782,STRAIGHT,1.5,1.5,"CMD,-0.8,1.50",4.0,0.0095,2.192,0.023,1,0.9707,0,NORMAL,60.228,0.39,1,1,1,1,1,109.6,77,3,dijkstra,graph,0.38211,0,,,,,,0,,,,191037,114318,1698
1164,89.37567448616028,2026-03-06T11:18:56.947328,2.0,0.0,4.01,0.0,0.0,0.0,0.0,22.03,14.08,-0.13,-0.39,STRAIGHT,1.5,1.5,"CMD,-0.4,1.50",4.0,0.0095,2.192,0.023,1,0.9707,0,NORMAL,60.02,0.413,1,1,1,1,1,99.6,0,0,dijkstra,predict,0.38207,0,,,,,,0,,,,194526,114621,0
1165,89.4097192287445,2026-03-06T11:18:56.981373,2.0,0.0,0.0,0.0,0.0,0.0,0.0,18.03,14.11,0.044,-0.13,STRAIGHT,1.5,1.5,"CMD,-0.1,1.50",4.0,0.0095,2.192,0.023,1,0.9707,0,NORMAL,59.45,0.372,1,1,1,1,1,94.6,0,0,dijkstra,predict,0.38048,0,,,,,,0,,,,194526,114143,0
1166,89.45308256149292,2026-03-06T11:18:57.024737,0.0,0.0,6.03,0.0,0.0,0.0,0.0,20.53,14.11,0.16,0.044,STRAIGHT,1.5,1.5,"CMD,0.0,1.50",4.0,0.0095,2.192,0.023,1,0.9707,0,NORMAL,59.676,0.321,1,1,1,1,1,89.6,0,0,dijkstra,predict,0.37472,0,,,,,,0,,,,194526,112416,0
1167,89.6277391910553,2026-03-06T11:18:57.199393,112.6,0.0,7.75,14.25,2.0,0.0,0.0,154.63,13.24,-0.205,0.044,STRAIGHT,1.5,1.5,"CMD,0.0,1.50",3.641,-0.0227,2.374,-0.064,1,0.9878,0,NORMAL,59.675,0.297,1,1,1,1,1,121.2,66,3,dijkstra,graph,0.38564,0,,,,,,0,,,,191884,115503,1627
1168,89.6658411026001,2026-03-06T11:18:57.237495,1.0,0.0,4.01,0.0,0.0,0.0,0.0,20.08,14.08,-0.448,-0.205,STRAIGHT,1.5,1.5,"CMD,-0.2,1.50",3.641,-0.0227,2.374,-0.064,1,0.9878,0,NORMAL,58.526,0.31,1,1,1,1,1,111.2,0,0,dijkstra,predict,0.38471,0,,,,,,0,,,,193732,115414,0
1169,89.70463538169861,2026-03-06T11:18:57.276290,2.0,0.0,2.0,0.0,0.0,0.0,2.75,20.77,14.09,-0.61,-0.448,STRAIGHT,1.5,1.5,"CMD,-0.4,1.50",3.641,-0.0227,2.374,-0.064,1,0.9878,0,NORMAL,58.248,0.252,1,1,1,1,1,106.2,0,0,dijkstra,predict,0.38068,0,,,,,,0,,,,193732,114204,0
1170,89.74256205558777,2026-03-06T11:18:57.314216,0.0,0.0,6.14,0.0,0.0,0.0,0.0,22.17,14.09,-0.718,-0.61,STRAIGHT,1.5,1.5,"CMD,-0.6,1.50",3.641,-0.0227,2.374,-0.064,1,0.9878,0,NORMAL,58.958,0.283,1,1,1,1,1,101.2,0,0,dijkstra,predict,0.37522,0,,,,,,0,,,,193732,112567,0
1171,89.91774249076843,2026-03-06T11:18:57.489397,112.88,0.0,6.01,18.43,0.0,0.0,0.0,155.35,13.22,-0.367,-0.61,STRAIGHT,1.5,1.5,"CMD,-0.6,1.50",4.0,0.0081,2.374,0.023,1,0.966,0,NORMAL,59.702,0.088,1,1,1,1,1,118.7,78,3,dijkstra,graph,0.39488,0,,,,,,0,,,,196701,118184,1709
1172,89.95378971099854,2026-03-06T11:18:57.525444,2.0,0.0,0.0,0.0,0.0,0.0,0.0,16.02,14.09,-0.134,-0.367,STRAIGHT,1.5,1.5,"CMD,-0.4,1.50",4.0,0.0081,2.374,0.023,1,0.966,0,NORMAL,59.334,0.066,1,1,1,1,1,108.7,0,0,dijkstra,predict,0.39475,0,,,,,,0,,,,199146,118426,0
1173,89.99485802650452,2026-03-06T11:18:57.566512,0.0,0.0,4.36,0.0,0.0,0.0,0.0,20.27,14.07,0.022,-0.134,STRAIGHT,1.5,1.5,"CMD,-0.1,1.50",4.0,0.0081,2.374,0.023,1,0.966,0,NORMAL,59.626,0.065,1,1,1,1,1,103.7,0,0,dijkstra,predict,0.39331,0,,,,,,0,,,,199146,117993,0
1174,90.03445172309875,2026-03-06T11:18:57.606106,3.55,0.0,4.01,0.0,0.0,0.0,0.0,23.57,14.06,0.126,0.022,STRAIGHT,1.5,1.5,"CMD,0.0,1.50",4.0,0.0081,2.374,0.023,1,0.966,0,NORMAL,59.921,0.061,1,1,1,1,1,98.7,0,0,dijkstra,predict,0.3866,0,,,,,,0,,,,199146,115980,0
1175,90.20413017272949,2026-03-06T11:18:57.775784,106.91,0.0,2.0,19.38,0.0,0.0,0.0,151.66,13.21,0.196,0.126,STRAIGHT,1.5,1.5,"CMD,0.1,1.50",4.0,0.0081,2.374,0.023,1,0.9744,0,NORMAL,59.857,-0.016,1,1,1,1,1,118.7,103,7,dijkstra,graph,0.43217,0,,,,,,0,,,,200791,129371,2485
1176,90.24702453613281,2026-03-06T11:18:57.818679,2.0,0.0,3.5,0.0,0.0,0.0,0.0,22.87,14.05,0.242,0.196,STRAIGHT,1.5,1.5,"CMD,0.2,1.50",4.0,0.0081,2.374,0.023,1,0.9744,0,NORMAL,59.821,-0.014,1,1,1,1,1,108.7,0,0,dijkstra,predict,0.43122,0,,,,,,0,,,,209719,129366,0
1177,90.27925324440002,2026-03-06T11:18:57.850907,0.0,0.0,0.0,0.0,0.0,0.0,0.0,22.22,14.16,0.273,0.242,STRAIGHT,1.5,1.5,"CMD,0.2,1.50",4.0,0.0081,2.374,0.023,1,0.9744,0,NORMAL,60.962,-0.104,1,1,1,1,1,103.7,0,0,dijkstra,predict,0.43037,0,,,,,,0,,,,209719,129111,0
1178,90.32461929321289,2026-03-06T11:18:57.896273,3.02,0.0,4.01,0.0,0.0,0.0,0.0,21.04,14.11,0.293,0.273,STRAIGHT,1.5,1.5,"CMD,0.3,1.50",4.0,0.0081,2.374,0.023,1,0.9744,0,NORMAL,60.607,-0.114,1,1,1,1,1,98.7,0,0,dijkstra,predict,0.42315,0,,,,,,0,,,,209719,126946,0
1179,90.50078392028809,2026-03-06T11:18:58.072438,102.98,0.0,12.34,20.03,0.0,0.0,2.0,157.14,13.22,0.307,0.293,STRAIGHT,1.5,1.5,"CMD,0.3,1.50",4.0,0.0081,2.374,0.023,1,0.9817,0,NORMAL,60.337,-0.142,1,1,1,1,1,118.7,129,5,dijkstra,graph,0.42374,0,,,,,,0,,,,198780,126874,2370
1180,90.5387077331543,2026-03-06T11:18:58.110362,0.0,0.0,5.88,0.0,0.0,0.0,0.0,19.9,14.08,0.316,0.307,STRAIGHT,1.5,1.5,"CMD,0.3,1.50",4.0,0.0081,2.374,0.023,1,0.9817,0,NORMAL,61.202,-0.137,1,1,1,1,1,108.7,0,0,dijkstra,predict,0.4231,0,,,,,,0,,,,205562,126930,0
1181,90.57876229286194,2026-03-06T11:18:58.150416,2.0,0.0,4.01,0.0,0.0,0.0,0.0,20.03,14.05,0.322,0.316,STRAIGHT,1.5,1.5,"CMD,0.3,1.50",4.0,0.0081,2.374,0.023,1,0.9817,0,NORMAL,61.644,-0.164,1,1,1,1,1,103.7,0,0,dijkstra,predict,0.42212,0,,,,,,0,,,,205562,126637,0
1182,90.61480903625488,2026-03-06T11:18:58.186463,2.0,0.0,2.0,0.0,0.0,0.0,0.0,20.03,14.1,0.326,0.322,STRAIGHT,1.5,1.5,"CMD,0.3,1.50",4.0,0.0081,2.374,0.023,1,0.9817,0,NORMAL,62.339,-0.342,1,1,1,1,1,98.7,0,0,dijkstra,predict,0.41526,0,,,,,,0,,,,205562,124578,0
1183,90.78044962882996,2026-03-06T11:18:58.352104,104.81,0.0,8.01,6.01,0.0,0.0,0.0,147.34,13.26,0.329,0.326,STRAIGHT,1.5,1.5,"CMD,0.3,1.50",4.0,0.0081,2.374,0.023,1,0.9723,0,NORMAL,63.786,-0.303,1,1,1,1,1,118.7,73,2,dijkstra,graph,0.41145,0,,,,,,0,,,,198606,123226,1638
1184,90.8147382736206,2026-03-06T11:18:58.386392,0.0,0.0,0.0,0.0,0.0,0.0,0.0,16.02,14.1,0.331,0.329,STRAIGHT,1.5,1.5,"CMD,0.3,1.50",4.0,0.0081,2.374,0.023,1,0.9723,0,NORMAL,62.534,-0.42,1,1,1,1,1,108.7,0,0,dijkstra,predict,0.41084,0,,,,,,0,,,,203144,123252,0
1185,90.85355424880981,2026-03-06T11:18:58.425208,0.0,0.0,0.0,0.0,0.0,0.0,0.0,14.3,14.11,0.332,0.331,STRAIGHT,1.5,1.5,"CMD,0.3,1.50",4.0,0.0081,2.374,0.023,1,0.9723,0,NORMAL,63.151,-0.406,1,1,1,1,1,103.7,0,0,dijkstra,predict,0.41008,0,,,,,,0,,,,203144,123023,0
1186,90.90043187141418,2026-03-06T11:18:58.472086,2.37,0.0,2.0,0.0,0.0,0.0,0.0,28.72,14.07,0.333,0.332,STRAIGHT,1.5,1.5,"CMD,0.3,1.50",4.0,0.0081,2.374,0.023,1,0.9723,0,NORMAL,63.054,-0.392,1,1,1,1,1,98.7,0,0,dijkstra,predict,0.40342,0,,,,,,0,,,,203144,121026,0
1187,91.07343339920044,2026-03-06T11:18:58.645087,100.5,0.0,14.21,14.4,0.0,0.0,0.0,145.13,13.26,0.333,0.333,STRAIGHT,1.5,1.5,"CMD,0.3,1.50",4.0,0.0081,2.374,0.023,1,0.9636,0,NORMAL,63.291,-0.417,1,1,1,1,1,118.7,133,10,dijkstra,graph,0.46,0,,,,,,0,,,,201391,137673,2951
1188,91.11009168624878,2026-03-06T11:18:58.681746,2.0,0.0,2.0,0.0,0.0,0.0,0.0,17.64,14.02,0.333,0.333,STRAIGHT,1.5,1.5,"CMD,0.3,1.50",4.0,0.0081,2.374,0.023,1,0.9636,0,NORMAL,62.964,-0.398,1,1,1,1,1,108.7,0,0,dijkstra,predict,0.45908,0,,,,,,0,,,,219036,137725,0
1189,91.14614272117615,2026-03-06T11:18:58.717797,2.0,0.0,0.0,0.0,0.0,0.0,0.0,18.03,14.02,0.334,0.333,STRAIGHT,1.5,1.5,"CMD,0.3,1.50",4.0,0.0081,2.374,0.023,1,0.9636,0,NORMAL,63.592,-0.406,1,1,1,1,1,103.7,0,0,dijkstra,predict,0.45763,0,,,,,,0,,,,219036,137288,0
1190,91.19106674194336,2026-03-06T11:18:58.762721,2.48,0.0,2.0,0.0,0.0,0.0,2.0,22.51,14.0,0.334,0.334,STRAIGHT,1.5,1.5,"CMD,0.3,1.50",4.0,0.0081,2.374,0.023,1,0.9636,0,NORMAL,63.38,-0.394,1,1,1,1,1,98.7,0,0,dijkstra,predict,0.44976,0,,,,,,0,,,,219036,134929,0
1191,91.36645531654358,2026-03-06T11:18:58.938110,109.34,0.0,7.75,22.51,0.0,0.0,0.0,157.63,13.11,0.33,0.334,STRAIGHT,1.5,1.5,"CMD,0.3,1.50",4.0,0.0078,2.42,0.023,1,0.9639,0,NORMAL,63.018,-0.436,1,1,1,1,1,121.0,135,10,dijkstra,graph,0.46535,0,,,,,,0,,,,200935,139267,3270
1192,91.4065055847168,2026-03-06T11:18:58.978160,2.0,0.0,2.0,0.0,0.0,0.0,0.0,22.03,13.99,0.327,0.33,STRAIGHT,1.5,1.5,"CMD,0.3,1.50",4.0,0.0078,2.42,0.023,1,0.9639,0,NORMAL,62.907,-0.482,1,1,1,1,1,111.0,0,0,dijkstra,predict,0.46443,0,,,,,,0,,,,219293,139328,0
1193,91.44490122795105,2026-03-06T11:18:59.016555,2.0,0.0,2.0,0.0,0.0,0.0,0.0,18.09,14.03,0.325,0.327,STRAIGHT,1.5,1.5,"CMD,0.3,1.50",4.0,0.0078,2.42,0.023,1,0.9639,0,NORMAL,64.5,-0.601,1,1,1,1,1,106.0,0,0,dijkstra,predict,0.46291,0,,,,,,0,,,,219293,138874,0
1194,91.48269987106323,2026-03-06T11:18:59.054354,2.0,0.0,4.01,0.0,0.0,0.0,0.0,22.03,13.99,0.324,0.325,STRAIGHT,1.5,1.5,"CMD,0.3,1.50",4.0,0.0078,2.42,0.023,1,0.9639,0,NORMAL,63.875,-0.522,1,1,1,1,1,101.0,0,0,dijkstra,predict,0.45593,0,,,,,,0,,,,219293,136778,0
1195,91.6635844707489,2026-03-06T11:18:59.235238,110.59,0.0,4.01,25.04,2.0,0.0,0.0,162.86,13.11,0.332,0.325,STRAIGHT,1.5,1.5,"CMD,0.3,1.50",4.0,0.0084,2.329,0.023,1,0.9723,0,NORMAL,63.894,-0.555,1,1,1,1,1,116.4,166,10,dijkstra,graph,0.46853,0,,,,,,0,,,,201825,140263,3239
1196,91.70747590065002,2026-03-06T11:18:59.279130,2.0,0.0,4.01,0.0,0.0,0.0,0.0,21.86,13.94,0.337,0.332,STRAIGHT,1.5,1.5,"CMD,0.3,1.50",4.0,0.0084,2.329,0.023,1,0.9723,0,NORMAL,64.598,-0.582,1,1,1,1,1,106.4,0,0,dijkstra,predict,0.46773,0,,,,,,0,,,,216300,140318,0
1197,91.74567699432373,2026-03-06T11:18:59.317331,0.0,0.0,4.16,0.0,0.0,0.0,0.0,20.18,13.94,0.34,0.337,STRAIGHT,1.5,1.5,"CMD,0.3,1.50",4.0,0.0084,2.329,0.023,1,0.9723,0,NORMAL,61.739,-0.48,1,1,1,1,1,101.4,0,0,dijkstra,predict,0.46626,0,,,,,,0,,,,216300,139879,0
1198,91.7818512916565,2026-03-06T11:18:59.353505,0.0,0.0,4.01,0.0,0.0,0.0,0.0,24.16,13.96,0.343,0.34,STRAIGHT,1.5,1.5,"CMD,0.3,1.50",4.0,0.0084,2.329,0.023,1,0.9723,0,NORMAL,61.157,-0.394,1,1,1,1,1,96.4,0,0,dijkstra,predict,0.45911,0,,,,,,0,,,,216300,137733,0
1199,91.95821189880371,2026-03-06T11:18:59.529866,108.58,0.0,6.01,25.73,0.0,0.0,0.0,158.34,13.09,0.354,0.343,STRAIGHT,1.5,1.5,"CMD,0.3,1.50",4.0,0.0091,2.237,0.023,1,0.9373,0,NORMAL,60.492,-0.36,1,1,1,1,1,111.9,145,6,dijkstra,graph,0.47287,0,,,,,,0,,,,209668,141287,3298
1200,91.9969596862793,2026-03-06T11:18:59.568614,2.44,0.0,2.0,0.0,0.0,0.0,0.0,20.72,13.95,0.361,0.354,STRAIGHT,1.5,1.5,"CMD,0.4,1.50",4.0,0.0091,2.237,0.023,1,0.9373,0,NORMAL,59.87,-0.352,1,1,1,1,1,101.9,0,0,dijkstra,predict,0.47101,0,,,,,,0,,,,233614,141304,0
1201,92.03875470161438,2026-03-06T11:18:59.610409,2.0,0.0,4.01,0.0,0.0,0.0,0.0,22.03,13.91,0.366,0.361,STRAIGHT,1.5,1.5,"CMD,0.4,1.50",4.0,0.0091,2.237,0.023,1,0.9373,0,NORMAL,59.822,-0.357,1,1,1,1,1,96.9,0,0,dijkstra,predict,0.47026,0,,,,,,0,,,,233614,141079,0
1202,92.07895970344543,2026-03-06T11:18:59.650614,0.0,0.0,3.21,0.0,0.0,0.0,0.0,18.18,13.91,0.37,0.366,STRAIGHT,1.5,1.5,"CMD,0.4,1.50",4.0,0.0091,2.237,0.023,1,0.9373,0,NORMAL,58.109,-0.311,1,1,1,1,1,91.9,0,0,dijkstra,predict,0.46273,0,,,,,,0,,,,233614,138820,0
1203,92.26469278335571,2026-03-06T11:18:59.836347,109.27,0.0,10.01,22.14,0.0,0.0,0.0,161.45,13.0,0.383,0.37,STRAIGHT,1.5,1.5,"CMD,0.4,1.50",4.0,0.0099,2.146,0.023,1,0.9672,0,NORMAL,57.912,-0.307,1,1,1,1,1,107.3,142,8,dijkstra,graph,0.45853,0,,,,,,0,,,,210017,137204,3115
1204,92.30274319648743,2026-03-06T11:18:59.874397,2.0,0.0,2.0,0.0,0.0,0.0,0.0,20.03,13.82,0.392,0.383,STRAIGHT,1.5,1.5,"CMD,0.4,1.50",4.0,0.0099,2.146,0.023,1,0.9672,0,NORMAL,57.263,-0.244,1,1,1,1,1,97.3,0,0,dijkstra,predict,0.4576,0,,,,,,0,,,,225017,137280,0
1205,92.34507155418396,2026-03-06T11:18:59.916726,4.28,0.0,4.01,0.0,0.0,0.0,0.0,22.3,13.82,0.397,0.392,STRAIGHT,1.5,1.5,"CMD,0.4,1.50",4.0,0.0099,2.146,0.023,1,0.9672,0,NORMAL,56.519,-0.256,1,1,1,1,1,92.3,0,0,dijkstra,predict,0.45677,0,,,,,,0,,,,225017,137031,0
1206,92.38914179801941,2026-03-06T11:18:59.960796,0.0,0.0,4.01,0.0,0.0,0.0,0.0,22.04,13.74,0.401,0.397,STRAIGHT,1.5,1.5,"CMD,0.4,1.50",4.0,0.0099,2.146,0.023,1,0.9672,0,NORMAL,54.025,-0.239,1,1,1,1,1,87.3,0,0,dijkstra,predict,0.44918,0,,,,,,0,,,,225017,134754,0
1207,92.57247233390808,2026-03-06T11:19:00.144127,116.58,0.0,8.01,22.47,0.0,0.0,0.0,161.3,12.9,0.404,0.401,STRAIGHT,1.5,1.5,"CMD,0.4,1.50",4.0,0.0099,2.146,0.023,1,0.958,0,NORMAL,53.824,-0.242,1,1,1,1,1,107.3,143,6,dijkstra,graph,0.46552,0,,,,,,0,,,,213720,139075,3176
1208,92.61456966400146,2026-03-06T11:19:00.186224,2.0,0.0,4.01,0.0,0.0,0.0,0.0,22.06,13.72,0.406,0.404,STRAIGHT,1.5,1.5,"CMD,0.4,1.50",4.0,0.0099,2.146,0.023,1,0.958,0,NORMAL,52.587,-0.239,1,1,1,1,1,97.3,0,0,dijkstra,predict,0.4638,0,,,,,,0,,,,237509,139140,0
1209,92.65272378921509,2026-03-06T11:19:00.224378,3.31,0.0,2.8,0.0,0.0,0.0,0.0,20.13,13.72,0.407,0.406,STRAIGHT,1.5,1.5,"CMD,0.4,1.50",4.0,0.0099,2.146,0.023,1,0.958,0,NORMAL,52.828,-0.214,1,1,1,1,1,92.3,0,0,dijkstra,predict,0.46328,0,,,,,,0,,,,237509,138984,0
1210,92.69283652305603,2026-03-06T11:19:00.264490,0.0,0.0,6.07,0.0,0.0,0.0,0.0,20.09,13.72,0.407,0.407,STRAIGHT,1.5,1.5,"CMD,0.4,1.50",4.0,0.0099,2.146,0.023,1,0.958,0,NORMAL,52.659,-0.253,1,1,1,1,1,87.3,0,0,dijkstra,predict,0.45552,0,,,,,,0,,,,237509,136657,0
1211,92.87741136550903,2026-03-06T11:19:00.451069,112.38,0.0,8.01,24.12,0.0,0.0,0.0,164.55,12.82,0.414,0.407,STRAIGHT,1.5,1.5,"CMD,0.4,1.50",4.0,0.0104,2.1,0.023,1,0.9568,0,NORMAL,52.28,-0.239,1,1,1,1,1,105.0,148,10,dijkstra,graph,0.47072,0,,,,,,0,,,,216761,140621,3623
1212,92.91345643997192,2026-03-06T11:19:00.485111,0.0,0.0,0.0,0.0,0.0,0.0,0.0,16.02,13.6,0.418,0.414,STRAIGHT,1.5,1.5,"CMD,0.4,1.50",4.0,0.0104,2.1,0.023,1,0.9568,0,NORMAL,52.452,-0.277,1,1,1,1,1,95.0,0,0,dijkstra,predict,0.46892,0,,,,,,0,,,,240588,140677,0
1213,92.95812177658081,2026-03-06T11:19:00.529776,2.0,0.0,3.98,0.0,0.0,0.0,0.0,20.45,13.53,0.421,0.418,STRAIGHT,1.5,1.5,"CMD,0.4,1.50",4.0,0.0104,2.1,0.023,1,0.9568,0,NORMAL,52.334,-0.256,1,1,1,1,1,90.0,0,0,dijkstra,predict,0.46735,0,,,,,,0,,,,240588,140206,0
1214,92.99445652961731,2026-03-06T11:19:00.566110,0.0,0.0,4.29,0.0,0.0,0.0,0.0,18.31,13.55,0.423,0.421,STRAIGHT,1.5,1.5,"CMD,0.4,1.50",4.0,0.0104,2.1,0.023,1,0.9568,0,NORMAL,52.525,-0.249,1,1,1,1,1,85.0,0,0,dijkstra,predict,0.4603,0,,,,,,0,,,,240588,138090,0
1215,93.17569994926453,2026-03-06T11:19:00.747354,115.38,0.0,8.01,20.03,2.0,0.0,0.0,163.44,12.75,0.424,0.423,STRAIGHT,1.5,1.5,"CMD,0.4,1.50",4.0,0.0104,2.1,0.023,1,0.9113,0,NORMAL,51.127,-0.213,1,1,1,1,1,105.0,131,11,dijkstra,graph,0.4856,0,,,,,,0,,,,223955,144985,3545
1216,93.21585822105408,2026-03-06T11:19:00.787512,0.0,0.0,0.0,0.0,0.0,0.0,0.0,20.14,13.47,0.425,0.424,STRAIGHT,1.5,1.5,"CMD,0.4,1.50",4.0,0.0104,2.1,0.023,1,0.9113,0,NORMAL,51.223,-0.222,1,1,1,1,1,95.0,0,0,dijkstra,predict,0.48332,0,,,,,,0,,,,253812,144995,0
1217,93.26254653930664,2026-03-06T11:19:00.834201,0.0,0.0,6.53,0.0,0.0,0.0,0.0,22.56,13.47,0.426,0.425,STRAIGHT,1.5,1.5,"CMD,0.4,1.50",4.0,0.0104,2.1,0.023,1,0.9113,0,NORMAL,50.901,-0.213,1,1,1,1,1,90.0,0,0,dijkstra,predict,0.4818,0,,,,,,0,,,,253812,144540,0
1218,93.30434489250183,2026-03-06T11:19:00.875999,2.0,0.0,4.01,0.0,0.0,0.0,0.0,22.03,13.44,0.426,0.426,STRAIGHT,1.5,1.5,"CMD,0.4,1.50",4.0,0.0104,2.1,0.023,1,0.9113,0,NORMAL,50.921,-0.216,1,1,1,1,1,85.0,0,0,dijkstra,predict,0.47479,0,,,,,,0,,,,253812,142436,0
1219,93.4814555644989,2026-03-06T11:19:01.053110,112.85,0.0,8.01,18.02,2.0,0.0,0.0,155.08,12.66,0.427,0.426,STRAIGHT,1.5,1.5,"CMD,0.4,1.50",4.0,0.0104,2.1,0.023,1,0.8406,0,NORMAL,50.632,-0.206,1,1,1,1,1,105.0,116,9,dijkstra,graph,0.48919,0,,,,,,0,,,,239451,146140,3578
1220,93.52673316001892,2026-03-06T11:19:01.098387,2.57,0.0,2.0,0.0,0.0,0.0,0.0,25.04,13.44,0.427,0.427,STRAIGHT,1.5,1.5,"CMD,0.4,1.50",4.0,0.0104,2.1,0.023,1,0.8406,0,NORMAL,50.82,-0.242,1,1,1,1,1,95.0,0,0,dijkstra,predict,0.48692,0,,,,,,0,,,,256796,146075,0
1221,93.56714606285095,2026-03-06T11:19:01.138800,2.64,0.0,2.0,0.0,0.0,0.0,0.0,21.14,13.42,0.427,0.427,STRAIGHT,1.5,1.5,"CMD,0.4,1.50",4.0,0.0104,2.1,0.023,1,0.8406,0,NORMAL,50.882,-0.257,1,1,1,1,1,90.0,0,0,dijkstra,predict,0.48458,0,,,,,,0,,,,256796,145373,0
1222,93.60730051994324,2026-03-06T11:19:01.178954,2.0,0.0,4.0,0.0,0.0,0.0,0.0,28.23,13.4,0.427,0.427,STRAIGHT,1.5,1.5,"CMD,0.4,1.50",4.0,0.0104,2.1,0.023,1,0.8406,0,NORMAL,50.939,-0.232,1,1,1,1,1,85.0,0,0,dijkstra,predict,0.47624,0,,,,,,0,,,,256796,142873,0
1223,93.78279614448547,2026-03-06T11:19:01.354450,111.29,0.0,6.01,20.15,0.0,0.0,0.0,157.47,12.61,-0.074,0.427,STRAIGHT,1.5,1.5,"CMD,0.4,1.50",3.151,-0.0261,2.192,-0.063,1,0.8217,0,NORMAL,50.396,-0.226,1,1,1,1,1,112.0,116,9,dijkstra,graph,0.45068,0,,,,,,0,,,,203244,134818,3466
1224,93.82106924057007,2026-03-06T11:19:01.392723,0.0,0.0,4.01,0.0,0.0,0.0,0.0,20.25,13.44,-0.409,-0.074,STRAIGHT,1.5,1.5,"CMD,-0.1,1.50",3.151,-0.0261,2.192,-0.063,1,0.8217,0,NORMAL,50.278,-0.225,1,1,1,1,1,102.0,0,0,dijkstra,predict,0.4492,0,,,,,,0,,,,220339,134760,0
1225,93.86263966560364,2026-03-06T11:19:01.434294,2.0,0.0,2.0,0.0,0.0,0.0,2.0,22.03,13.46,-0.631,-0.409,STRAIGHT,1.5,1.5,"CMD,-0.4,1.50",3.151,-0.0261,2.192,-0.063,1,0.8217,0,NORMAL,50.419,-0.249,1,1,1,1,1,97.0,0,0,dijkstra,predict,0.44749,0,,,,,,0,,,,220339,134246,0
1226,93.90762090682983,2026-03-06T11:19:01.479275,0.0,0.0,5.01,0.0,0.0,0.0,0.0,21.03,13.43,-0.78,-0.631,STRAIGHT,1.5,1.5,"CMD,-0.6,1.50",3.151,-0.0261,2.192,-0.063,1,0.8217,0,NORMAL,50.084,-0.232,1,1,1,1,1,92.0,0,0,dijkstra,predict,0.44314,0,,,,,,0,,,,220339,132941,0
1227,94.08421802520752,2026-03-06T11:19:01.655872,111.12,0.0,8.01,18.03,0.0,0.0,2.0,159.19,12.6,-1.194,-0.78,STRAIGHT,1.5,1.5,"CMD,-0.8,1.50",2.837,-0.049,2.329,-0.133,1,0.9238,0,NORMAL,50.085,-0.226,1,1,1,1,1,121.6,117,9,dijkstra,graph,0.43702,0,,,,,,0,,,,199636,130728,2723
1228,94.12228226661682,2026-03-06T11:19:01.693936,2.0,0.0,4.01,0.0,0.0,0.0,0.0,20.03,13.4,-1.469,-1.194,STRAIGHT,1.5,1.5,"CMD,-1.2,1.50",2.837,-0.049,2.329,-0.133,1,0.9238,0,NORMAL,50.268,-0.242,1,1,1,1,1,111.5,0,0,dijkstra,predict,0.43497,0,,,,,,0,,,,223707,130491,0
1229,94.16241145133972,2026-03-06T11:19:01.734065,2.0,0.0,4.01,0.0,0.0,0.0,0.0,19.09,13.4,-1.653,-1.469,STRAIGHT,1.5,1.5,"CMD,-1.5,1.50",2.837,-0.049,2.329,-0.133,1,0.9238,0,NORMAL,50.168,-0.23,1,1,1,1,1,106.5,0,0,dijkstra,predict,0.42945,0,,,,,,0,,,,223707,128836,0
1230,94.20001769065857,2026-03-06T11:19:01.771672,0.0,0.0,5.59,0.0,0.0,0.0,0.0,19.57,13.42,-1.776,-1.653,STRAIGHT,1.5,1.5,"CMD,-1.7,1.50",2.837,-0.049,2.329,-0.133,1,0.9238,0,NORMAL,50.338,-0.251,1,1,1,1,1,101.5,0,0,dijkstra,predict,0.423,0,,,,,,0,,,,223707,126899,0
1231,94.38081669807434,2026-03-06T11:19:01.952471,111.9,0.0,7.51,20.32,0.0,0.0,0.0,157.76,12.61,-1.035,-1.653,STRAIGHT,1.5,1.5,"CMD,-1.7,1.50",4.0,0.0108,2.055,0.023,1,0.94,0,NORMAL,50.651,-0.282,1,1,1,1,1,102.7,132,6,dijkstra,graph,0.42876,0,,,,,,0,,,,195268,128378,2449
1232,94.4274594783783,2026-03-06T11:19:01.999114,0.0,0.0,6.5,0.0,0.0,0.0,0.0,26.53,13.41,-0.541,-1.035,STRAIGHT,1.5,1.5,"CMD,-1.0,1.50",4.0,0.0108,2.055,0.023,1,0.94,0,NORMAL,50.964,-0.303,1,1,1,1,1,92.7,0,0,dijkstra,predict,0.42897,0,,,,,,0,,,,234452,128692,0
1233,94.46568131446838,2026-03-06T11:19:02.037335,0.0,0.0,4.1,0.0,0.0,0.0,0.0,20.19,13.41,-0.212,-0.541,STRAIGHT,1.5,1.5,"CMD,-0.5,1.50",4.0,0.0108,2.055,0.023,1,0.94,0,NORMAL,50.219,-0.226,1,1,1,1,1,87.7,0,0,dijkstra,predict,0.42667,0,,,,,,0,,,,234452,128000,0
1234,94.50780749320984,2026-03-06T11:19:02.079462,2.0,0.0,4.01,0.0,0.0,0.0,0.0,21.74,13.41,0.007,-0.212,STRAIGHT,1.5,1.5,"CMD,-0.2,1.50",4.0,0.0108,2.055,0.023,1,0.94,0,NORMAL,50.714,-0.298,1,1,1,1,1,82.7,0,0,dijkstra,predict,0.42068,0,,,,,,0,,,,234452,126204,0
1235,94.68304991722107,2026-03-06T11:19:02.254704,115.64,0.0,5.51,20.03,0.0,0.0,0.0,155.21,12.64,-0.326,-0.212,STRAIGHT,1.5,1.5,"CMD,-0.2,1.50",3.288,-0.0241,2.237,-0.06,1,0.9274,0,NORMAL,51.103,-0.363,1,1,1,1,1,115.3,125,8,dijkstra,graph,0.42271,0,,,,,,0,,,,191857,126343,2513
1236,94.72226119041443,2026-03-06T11:19:02.293915,2.0,0.0,3.15,0.0,0.0,0.0,0.0,21.18,13.49,-0.548,-0.326,STRAIGHT,1.5,1.5,"CMD,-0.3,1.50",3.288,-0.0241,2.237,-0.06,1,0.9274,0,NORMAL,51.47,-0.374,1,1,1,1,1,105.2,0,0,dijkstra,predict,0.4187,0,,,,,,0,,,,236040,125609,0
1237,94.76406383514404,2026-03-06T11:19:02.335718,0.0,0.0,6.32,0.0,0.0,0.0,0.0,22.77,13.49,-0.696,-0.548,STRAIGHT,1.5,1.5,"CMD,-0.5,1.50",3.288,-0.0241,2.237,-0.06,1,0.9274,0,NORMAL,52.195,-0.458,1,1,1,1,1,100.2,0,0,dijkstra,predict,0.41299,0,,,,,,0,,,,236040,123898,0
1238,94.7978527545929,2026-03-06T11:19:02.369507,2.0,0.0,0.0,0.0,0.0,0.0,0.0,16.02,13.52,-0.795,-0.696,STRAIGHT,1.5,1.5,"CMD,-0.7,1.50",3.288,-0.0241,2.237,-0.06,1,0.9274,0,NORMAL,52.905,-0.437,1,1,1,1,1,95.2,0,0,dijkstra,predict,0.40612,0,,,,,,0,,,,236040,121836,0
1239,94.99006986618042,2026-03-06T11:19:02.561724,111.12,0.0,7.51,28.62,0.0,0.0,0.0,168.04,12.63,-0.381,-0.696,STRAIGHT,1.5,1.5,"CMD,-0.7,1.50",4.0,0.0108,2.055,0.023,1,0.9377,0,NORMAL,53.539,-0.447,1,1,1,1,1,102.7,197,12,dijkstra,graph,0.44806,0,,,,,,0,,,,190999,133885,3613
1240,95.02813243865967,2026-03-06T11:19:02.599787,2.0,0.0,4.01,0.0,0.0,0.0,0.0,20.03,13.48,-0.106,-0.381,STRAIGHT,1.5,1.5,"CMD,-0.4,1.50",4.0,0.0108,2.055,0.023,1,0.9377,0,NORMAL,54.12,-0.446,1,1,1,1,1,92.7,0,0,dijkstra,predict,0.44672,0,,,,,,0,,,,242767,134017,0
1241,95.07467222213745,2026-03-06T11:19:02.646326,2.0,0.0,4.26,0.0,0.0,0.0,0.0,22.37,13.42,0.078,-0.106,STRAIGHT,1.5,1.5,"CMD,-0.1,1.50",4.0,0.0108,2.055,0.023,1,0.9377,0,NORMAL,54.463,-0.377,1,1,1,1,1,87.7,0,0,dijkstra,predict,0.44411,0,,,,,,0,,,,242767,133232,0
1242,95.11880493164062,2026-03-06T11:19:02.690459,2.01,0.0,4.01,0.0,0.0,0.0,0.0,21.55,13.42,0.201,0.078,STRAIGHT,1.5,1.5,"CMD,0.1,1.50",4.0,0.0108,2.055,0.023,1,0.9377,0,NORMAL,55.004,-0.331,1,1,1,1,1,82.7,0,0,dijkstra,predict,0.4384,0,,,,,,0,,,,242767,131519,0
1243,95.30220437049866,2026-03-06T11:19:02.873858,121.01,0.0,8.01,18.02,0.0,0.0,0.0,161.36,12.57,0.276,0.201,STRAIGHT,1.5,1.5,"CMD,0.2,1.50",4.0,0.0104,2.1,0.023,1,0.9406,0,NORMAL,56.084,-0.353,1,1,1,1,1,105.0,118,7,dijkstra,graph,0.37789,0,,,,,,0,,,,185281,113002,2383
1244,95.34768390655518,2026-03-06T11:19:02.919338,3.92,0.0,2.0,0.0,0.0,0.0,0.0,21.95,13.35,0.327,0.276,STRAIGHT,1.5,1.5,"CMD,0.3,1.50",4.0,0.0104,2.1,0.023,1,0.9406,0,NORMAL,57.415,-0.399,1,1,1,1,1,95.0,0,0,dijkstra,predict,0.37674,0,,,,,,0,,,,211782,113021,0
1245,95.38785219192505,2026-03-06T11:19:02.959506,2.01,0.0,4.01,0.0,0.0,0.0,0.0,20.13,13.35,0.36,0.327,STRAIGHT,1.5,1.5,"CMD,0.3,1.50",4.0,0.0104,2.1,0.023,1,0.9406,0,NORMAL,57.736,-0.357,1,1,1,1,1,90.0,0,0,dijkstra,predict,0.37546,0,,,,,,0,,,,211782,112638,0
1246,95.42597103118896,2026-03-06T11:19:02.997625,0.0,0.0,4.01,0.0,0.0,0.0,0.0,19.03,13.4,0.382,0.36,STRAIGHT,1.5,1.5,"CMD,0.4,1.50",4.0,0.0104,2.1,0.023,1,0.9406,0,NORMAL,58.242,-0.254,1,1,1,1,1,85.0,0,0,dijkstra,predict,0.36934,0,,,,,,0,,,,211782,110803,0
1247,95.61524081230164,2026-03-06T11:19:03.186895,119.14,0.0,8.02,22.04,2.0,0.0,0.0,171.24,12.55,0.404,0.382,STRAIGHT,1.5,1.5,"CMD,0.4,1.50",4.0,0.0108,2.055,0.023,1,0.9416,0,NORMAL,60.983,-0.406,1,1,1,1,1,102.7,115,5,dijkstra,graph,0.36031,0,,,,,,0,,,,183902,107597,2174
1248,95.6673378944397,2026-03-06T11:19:03.238992,2.0,0.0,4.01,0.0,0.0,0.0,0.0,24.04,13.27,0.418,0.404,STRAIGHT,1.5,1.5,"CMD,0.4,1.50",4.0,0.0108,2.055,0.023,1,0.9416,0,NORMAL,62.91,-0.518,1,1,1,1,1,92.7,0,0,dijkstra,predict,0.35863,0,,,,,,0,,,,210319,107589,0
1249,95.70877075195312,2026-03-06T11:19:03.280425,3.25,0.0,2.12,0.0,0.0,0.0,0.0,21.4,13.28,0.427,0.418,STRAIGHT,1.5,1.5,"CMD,0.4,1.50",4.0,0.0108,2.055,0.023,1,0.9416,0,NORMAL,63.323,-0.565,1,1,1,1,1,87.7,0,0,dijkstra,predict,0.35726,0,,,,,,0,,,,210319,107177,0
1250,95.75030970573425,2026-03-06T11:19:03.321964,2.0,0.0,2.0,0.0,0.0,0.0,2.0,22.04,13.28,0.433,0.427,STRAIGHT,1.5,1.5,"CMD,0.4,1.50",4.0,0.0108,2.055,0.023,1,0.9416,0,NORMAL,63.594,-0.573,1,1,1,1,1,82.7,0,0,dijkstra,predict,0.35035,0,,,,,,0,,,,210319,105104,0
1251,95.93608832359314,2026-03-06T11:19:03.507743,119.16,0.0,8.02,20.03,0.0,0.0,0.0,165.74,12.45,0.444,0.433,STRAIGHT,1.5,1.5,"CMD,0.4,1.50",4.0,0.0113,2.009,0.023,1,0.9518,0,NORMAL,64.476,-0.592,1,1,1,1,1,100.5,123,8,dijkstra,graph,0.35926,0,,,,,,0,,,,182538,107468,2316
1252,95.97414660453796,2026-03-06T11:19:03.545801,2.0,0.0,2.0,0.0,0.0,0.0,0.0,20.03,13.23,0.452,0.444,STRAIGHT,1.5,1.5,"CMD,0.4,1.50",4.0,0.0113,2.009,0.023,1,0.9518,0,NORMAL,65.308,-0.6,1,1,1,1,1,90.5,0,0,dijkstra,predict,0.3582,0,,,,,,0,,,,222828,107459,0
1253,96.01495480537415,2026-03-06T11:19:03.586609,2.0,0.0,4.01,0.0,0.0,0.0,0.0,22.78,13.22,0.457,0.452,STRAIGHT,1.5,1.5,"CMD,0.5,1.50",4.0,0.0113,2.009,0.023,1,0.9518,0,NORMAL,65.288,-0.589,1,1,1,1,1,85.5,0,0,dijkstra,predict,0.35689,0,,,,,,0,,,,222828,107068,0
1254,96.05676627159119,2026-03-06T11:19:03.628420,2.0,0.0,2.0,0.0,0.0,0.0,0.0,22.04,13.22,0.46,0.457,STRAIGHT,1.5,1.5,"CMD,0.5,1.50",4.0,0.0113,2.009,0.023,1,0.9518,0,NORMAL,65.155,-0.539,1,1,1,1,1,80.5,0,0,dijkstra,predict,0.34985,0,,,,,,0,,,,222828,104956,0
1255,96.23792386054993,2026-03-06T11:19:03.809578,116.39,0.0,8.01,16.39,0.0,0.0,0.0,163.13,12.43,0.47,0.46,STRAIGHT,1.5,1.5,"CMD,0.5,1.50",4.0,0.0118,1.963,0.023,1,0.9714,0,NORMAL,65.387,-0.538,1,1,1,1,1,98.2,110,5,dijkstra,graph,0.36357,0,,,,,,0,,,,184392,108636,1955
1256,96.2786512374878,2026-03-06T11:19:03.850305,0.0,0.0,6.35,0.0,0.0,0.0,0.0,22.23,13.22,0.476,0.47,STRAIGHT,1.5,1.5,"CMD,0.5,1.50",4.0,0.0118,1.963,0.023,1,0.9714,0,NORMAL,65.591,-0.528,1,1,1,1,1,88.2,0,0,dijkstra,predict,0.3621,0,,,,,,0,,,,213097,108631,0
1257,96.32145500183105,2026-03-06T11:19:03.893109,2.0,0.0,6.01,0.0,0.0,0.0,0.0,30.78,13.19,0.48,0.476,STRAIGHT,1.5,1.5,"CMD,0.5,1.50",4.0,0.0118,1.963,0.023,1,0.9714,0,NORMAL,65.962,-0.51,1,1,1,1,1,83.2,0,0,dijkstra,predict,0.36046,0,,,,,,0,,,,213097,108138,0
1258,96.36978030204773,2026-03-06T11:19:03.941434,2.24,0.0,4.01,0.0,0.0,0.0,0.0,24.28,13.13,0.483,0.48,STRAIGHT,1.5,1.5,"CMD,0.5,1.50",4.0,0.0118,1.963,0.023,1,0.9714,0,NORMAL,66.351,-0.513,1,1,1,1,1,78.2,0,0,dijkstra,predict,0.3537,0,,,,,,0,,,,213097,106109,0
1259,96.57266449928284,2026-03-06T11:19:04.144318,119.05,0.0,6.01,26.04,0.0,0.0,0.0,174.83,12.22,0.485,0.483,STRAIGHT,1.5,1.5,"CMD,0.5,1.50",4.0,0.0118,1.963,0.023,1,0.9772,0,NORMAL,66.302,-0.475,1,1,1,1,1,98.2,161,7,dijkstra,graph,0.36955,0,,,,,,0,,,,185623,110658,2778
1260,96.61468768119812,2026-03-06T11:19:04.186342,2.0,0.0,3.96,0.0,0.0,0.0,0.0,21.99,12.97,0.486,0.485,STRAIGHT,1.5,1.5,"CMD,0.5,1.50",4.0,0.0118,1.963,0.023,1,0.9772,0,NORMAL,66.279,-0.474,1,1,1,1,1,88.2,0,0,dijkstra,predict,0.36839,0,,,,,,0,,,,219083,110518,0
1261,96.65876364707947,2026-03-06T11:19:04.230418,4.01,0.0,2.0,0.0,0.0,0.0,0.0,20.03,13.01,0.487,0.486,STRAIGHT,1.5,1.5,"CMD,0.5,1.50",4.0,0.0118,1.963,0.023,1,0.9772,0,NORMAL,66.211,-0.469,1,1,1,1,1,83.2,0,0,dijkstra,predict,0.36695,0,,,,,,0,,,,219083,110084,0
1262,96.69713616371155,2026-03-06T11:19:04.268790,2.51,0.0,2.0,0.0,0.0,0.0,0.0,22.35,13.0,0.488,0.487,STRAIGHT,1.5,1.5,"CMD,0.5,1.50",4.0,0.0118,1.963,0.023,1,0.9772,0,NORMAL,65.828,-0.457,1,1,1,1,1,78.2,0,0,dijkstra,predict,0.3603,0,,,,,,0,,,,219083,108090,0
1263,96.88400912284851,2026-03-06T11:19:04.455663,119.19,0.0,7.75,24.04,0.0,0.0,0.0,167.1,12.2,0.481,0.487,STRAIGHT,1.5,1.5,"CMD,0.5,1.50",4.0,0.0113,2.009,0.023,1,0.9736,0,NORMAL,65.981,-0.413,1,1,1,1,1,100.5,140,7,dijkstra,graph,0.37021,0,,,,,,0,,,,187553,110833,2414
1264,96.93267512321472,2026-03-06T11:19:04.504329,2.0,0.0,4.58,0.0,0.0,0.0,0.0,24.45,12.89,0.476,0.481,STRAIGHT,1.5,1.5,"CMD,0.5,1.50",4.0,0.0113,2.009,0.023,1,0.9736,0,NORMAL,65.986,-0.412,1,1,1,1,1,90.5,0,0,dijkstra,predict,0.36901,0,,,,,,0,,,,209586,110703,0
1265,96.97809863090515,2026-03-06T11:19:04.549753,0.0,0.0,5.36,0.0,0.0,0.0,0.0,21.38,12.86,0.473,0.476,STRAIGHT,1.5,1.5,"CMD,0.5,1.50",4.0,0.0113,2.009,0.023,1,0.9736,0,NORMAL,65.996,-0.414,1,1,1,1,1,85.5,0,0,dijkstra,predict,0.36757,0,,,,,,0,,,,209586,110272,0
1266,97.02003240585327,2026-03-06T11:19:04.591687,2.0,0.0,4.43,0.0,0.0,0.0,0.0,22.9,12.85,0.471,0.473,STRAIGHT,1.5,1.5,"CMD,0.5,1.50",4.0,0.0113,2.009,0.023,1,0.9736,0,NORMAL,66.015,-0.4,1,1,1,1,1,80.5,0,0,dijkstra,predict,0.36071,0,,,,,,0,,,,209586,108212,0
1267,97.22618746757507,2026-03-06T11:19:04.797842,118.25,0.0,8.01,26.04,0.0,0.0,0.0,176.36,11.94,0.469,0.471,STRAIGHT,1.5,1.5,"CMD,0.5,1.50",4.0,0.0113,2.009,0.023,1,0.9703,0,NORMAL,65.667,-0.378,1,1,1,1,1,100.5,175,7,dijkstra,graph,0.38614,0,,,,,,0,,,,191985,115486,2834
1268,97.26968359947205,2026-03-06T11:19:04.841338,0.0,0.0,5.43,0.0,0.0,0.0,0.0,21.46,12.71,0.468,0.469,STRAIGHT,1.5,1.5,"CMD,0.5,1.50",4.0,0.0113,2.009,0.023,1,0.9703,0,NORMAL,64.565,-0.34,1,1,1,1,1,90.5,0,0,dijkstra,predict,0.38534,0,,,,,,0,,,,306860,115601,0
1269,97.31718158721924,2026-03-06T11:19:04.888836,0.0,0.0,4.01,0.0,0.0,0.0,0.0,22.04,12.67,0.468,0.468,STRAIGHT,1.5,1.5,"CMD,0.5,1.50",4.0,0.0113,2.009,0.023,1,0.9703,0,NORMAL,63.413,-0.234,1,1,1,1,1,85.5,0,0,dijkstra,predict,0.38295,0,,,,,,0,,,,306860,114886,0
1270,97.35968494415283,2026-03-06T11:19:04.931339,2.0,0.0,4.01,0.0,0.0,0.0,0.0,24.1,12.69,0.467,0.468,STRAIGHT,1.5,1.5,"CMD,0.5,1.50",4.0,0.0113,2.009,0.023,1,0.9703,0,NORMAL,64.063,-0.207,1,1,1,1,1,80.5,0,0,dijkstra,predict,0.37586,0,,,,,,0,,,,306860,112759,0
1271,97.54849314689636,2026-03-06T11:19:05.120147,122.34,0.0,6.01,28.05,2.0,0.0,0.0,170.78,11.94,0.46,0.467,STRAIGHT,1.5,1.5,"CMD,0.5,1.50",4.0,0.0108,2.055,0.023,1,0.9549,0,NORMAL,64.111,-0.207,1,1,1,1,1,102.7,194,8,dijkstra,graph,0.4026,0,,,,,,0,,,,196531,120637,2936
1272,97.5905647277832,2026-03-06T11:19:05.162219,2.0,0.0,2.0,0.0,0.0,0.0,2.0,22.04,12.67,0.456,0.46,STRAIGHT,1.5,1.5,"CMD,0.5,1.50",4.0,0.0108,2.055,0.023,1,0.9549,0,NORMAL,63.578,-0.162,1,1,1,1,1,92.7,0,0,dijkstra,predict,0.4025,0,,,,,,0,,,,246414,120751,0
1273,97.6301338672638,2026-03-06T11:19:05.201788,2.0,0.0,4.01,0.0,0.0,0.0,2.0,22.04,12.71,0.452,0.456,STRAIGHT,1.5,1.5,"CMD,0.5,1.50",4.0,0.0108,2.055,0.023,1,0.9549,0,NORMAL,64.611,-0.161,1,1,1,1,1,87.7,0,0,dijkstra,predict,0.4,0,,,,,,0,,,,246414,119999,0
1274,97.67220687866211,2026-03-06T11:19:05.243861,2.0,0.0,2.0,0.0,0.0,0.0,0.0,20.03,12.7,0.45,0.452,STRAIGHT,1.5,1.5,"CMD,0.5,1.50",4.0,0.0108,2.055,0.023,1,0.9549,0,NORMAL,66.772,-0.314,1,1,1,1,1,82.7,0,0,dijkstra,predict,0.39292,0,,,,,,0,,,,246414,117876,0
1275,97.86155724525452,2026-03-06T11:19:05.433212,122.58,0.0,8.01,28.04,0.0,0.0,0.0,170.85,11.91,0.449,0.45,STRAIGHT,1.5,1.5,"CMD,0.5,1.50",4.0,0.0108,2.055,0.023,1,0.9666,0,NORMAL,64.425,-0.233,1,1,1,1,1,102.7,194,8,dijkstra,graph,0.42748,0,,,,,,0,,,,201071,127996,3252
1276,97.8996057510376,2026-03-06T11:19:05.471260,2.0,0.0,2.0,0.0,0.0,0.0,0.0,18.02,12.69,0.448,0.449,STRAIGHT,1.5,1.5,"CMD,0.4,1.50",4.0,0.0108,2.055,0.023,1,0.9666,0,NORMAL,63.5,-0.16,1,1,1,1,1,92.7,0,0,dijkstra,predict,0.42713,0,,,,,,0,,,,351983,128140,0
1277,97.94346475601196,2026-03-06T11:19:05.515119,2.0,0.0,4.0,0.0,0.0,0.0,0.0,20.03,12.74,0.447,0.448,STRAIGHT,1.5,1.5,"CMD,0.4,1.50",4.0,0.0108,2.055,0.023,1,0.9666,0,NORMAL,62.908,-0.135,1,1,1,1,1,87.7,0,0,dijkstra,predict,0.42458,0,,,,,,0,,,,351983,127374,0
1278,97.98432612419128,2026-03-06T11:19:05.555980,0.0,0.0,4.5,0.0,0.0,0.0,0.0,20.52,12.74,0.447,0.447,STRAIGHT,1.5,1.5,"CMD,0.4,1.50",4.0,0.0108,2.055,0.023,1,0.9666,0,NORMAL,62.927,-0.162,1,1,1,1,1,82.7,0,0,dijkstra,predict,0.41739,0,,,,,,0,,,,351983,125216,0
1279,98.17029452323914,2026-03-06T11:19:05.741949,110.05,0.0,6.01,27.55,0.0,0.0,0.0,160.19,11.98,0.44,0.447,STRAIGHT,1.5,1.5,"CMD,0.4,1.50",4.0,0.0104,2.1,0.023,1,0.9457,0,NORMAL,63.108,-0.161,1,1,1,1,1,105.0,193,7,dijkstra,graph,0.44374,0,,,,,,0,,,,201627,133003,3169
1280,98.2103157043457,2026-03-06T11:19:05.781970,0.0,0.0,0.0,0.0,0.0,0.0,0.0,14.02,12.75,0.436,0.44,STRAIGHT,1.5,1.5,"CMD,0.4,1.50",4.0,0.0104,2.1,0.023,1,0.9457,0,NORMAL,63.024,-0.221,1,1,1,1,1,95.0,0,0,dijkstra,predict,0.4429,0,,,,,,0,,,,235507,132870,0
1281,98.25471138954163,2026-03-06T11:19:05.826366,1.0,0.0,4.01,0.0,0.0,0.0,0.0,20.06,12.72,0.433,0.436,STRAIGHT,1.5,1.5,"CMD,0.4,1.50",4.0,0.0104,2.1,0.023,1,0.9457,0,NORMAL,62.392,-0.218,1,1,1,1,1,90.0,0,0,dijkstra,predict,0.4413,0,,,,,,0,,,,235507,132390,0
1282,98.29701828956604,2026-03-06T11:19:05.868672,0.0,0.0,5.98,0.0,0.0,0.0,0.0,26.29,12.71,0.431,0.433,STRAIGHT,1.5,1.5,"CMD,0.4,1.50",4.0,0.0104,2.1,0.023,1,0.9457,0,NORMAL,62.215,-0.244,1,1,1,1,1,85.0,0,0,dijkstra,predict,0.43408,0,,,,,,0,,,,235507,130225,0
1283,98.48002600669861,2026-03-06T11:19:06.051680,118.93,0.0,6.01,24.03,0.0,0.0,0.0,164.99,11.98,0.43,0.431,STRAIGHT,1.5,1.5,"CMD,0.4,1.50",4.0,0.0104,2.1,0.023,1,0.9713,0,NORMAL,62.359,-0.263,1,1,1,1,1,105.0,169,8,dijkstra,graph,0.44897,0,,,,,,0,,,,204691,134503,3147
1284,98.51416325569153,2026-03-06T11:19:06.085817,0.0,0.0,0.0,0.0,0.0,0.0,0.0,16.12,12.74,0.429,0.43,STRAIGHT,1.5,1.5,"CMD,0.4,1.50",4.0,0.0104,2.1,0.023,1,0.9713,0,NORMAL,62.25,-0.282,1,1,1,1,1,95.0,0,0,dijkstra,predict,0.4479,0,,,,,,0,,,,266810,134370,0
1285,98.55756688117981,2026-03-06T11:19:06.129221,2.0,0.0,4.73,0.0,0.0,0.0,0.0,20.25,12.73,0.428,0.429,STRAIGHT,1.5,1.5,"CMD,0.4,1.50",4.0,0.0104,2.1,0.023,1,0.9713,0,NORMAL,62.215,-0.304,1,1,1,1,1,90.0,0,0,dijkstra,predict,0.44638,0,,,,,,0,,,,266810,133915,0
1286,98.60076236724854,2026-03-06T11:19:06.172417,3.41,0.0,2.0,0.0,0.0,0.0,0.0,21.43,12.72,0.428,0.428,STRAIGHT,1.5,1.5,"CMD,0.4,1.50",4.0,0.0104,2.1,0.023,1,0.9713,0,NORMAL,62.033,-0.31,1,1,1,1,1,85.0,0,0,dijkstra,predict,0.43918,0,,,,,,0,,,,266810,131755,0
1287,98.78605198860168,2026-03-06T11:19:06.357706,110.48,0.0,8.01,26.2,0.0,0.0,2.0,166.73,12.0,0.422,0.428,STRAIGHT,1.5,1.5,"CMD,0.4,1.50",4.0,0.0099,2.146,0.023,1,0.964,0,NORMAL,61.781,-0.309,1,1,1,1,1,107.3,179,10,dijkstra,graph,0.47663,0,,,,,,0,,,,210212,142916,3293
1288,98.82702612876892,2026-03-06T11:19:06.398680,2.49,0.0,2.35,0.0,0.0,0.0,0.0,22.53,12.86,0.417,0.422,STRAIGHT,1.5,1.5,"CMD,0.4,1.50",4.0,0.0099,2.146,0.023,1,0.964,0,NORMAL,61.074,-0.294,1,1,1,1,1,97.3,0,0,dijkstra,predict,0.47572,0,,,,,,0,,,,255847,142715,0
1289,98.8668155670166,2026-03-06T11:19:06.438470,2.0,0.0,4.01,0.0,0.0,0.0,0.0,20.03,12.88,0.415,0.417,STRAIGHT,1.5,1.5,"CMD,0.4,1.50",4.0,0.0099,2.146,0.023,1,0.964,0,NORMAL,60.745,-0.283,1,1,1,1,1,92.3,0,0,dijkstra,predict,0.47373,0,,,,,,0,,,,255847,142118,0
1290,98.90893959999084,2026-03-06T11:19:06.480594,1.74,0.0,4.01,0.0,0.0,0.0,0.0,20.1,12.88,0.413,0.415,STRAIGHT,1.5,1.5,"CMD,0.4,1.50",4.0,0.0099,2.146,0.023,1,0.964,0,NORMAL,60.325,-0.249,1,1,1,1,1,87.3,0,0,dijkstra,predict,0.46653,0,,,,,,0,,,,255847,139959,0
1291,99.09604597091675,2026-03-06T11:19:06.667700,108.84,0.0,10.01,26.04,2.0,0.0,0.0,165.08,12.09,0.406,0.413,STRAIGHT,1.5,1.5,"CMD,0.4,1.50",4.0,0.0095,2.192,0.023,1,0.9543,0,NORMAL,59.743,-0.212,1,1,1,1,1,109.6,192,13,dijkstra,graph,0.51936,0,,,,,,0,,,,216841,155604,4255
1292,99.13609886169434,2026-03-06T11:19:06.707753,2.0,0.0,0.0,0.0,0.0,0.0,0.0,18.03,12.88,0.401,0.406,STRAIGHT,1.5,1.5,"CMD,0.4,1.50",4.0,0.0095,2.192,0.023,1,0.9543,0,NORMAL,60.055,-0.23,1,1,1,1,1,99.6,0,0,dijkstra,predict,0.51809,0,,,,,,0,,,,343520,155428,0
1293,99.1823148727417,2026-03-06T11:19:06.753969,2.0,0.0,2.0,0.0,0.0,0.0,0.0,22.03,12.89,0.398,0.401,STRAIGHT,1.5,1.5,"CMD,0.4,1.50",4.0,0.0095,2.192,0.023,1,0.9543,0,NORMAL,60.274,-0.256,1,1,1,1,1,94.6,0,0,dijkstra,predict,0.51606,0,,,,,,0,,,,343520,154819,0
1294,99.21658682823181,2026-03-06T11:19:06.788241,0.0,0.0,0.0,0.0,0.0,0.0,0.0,20.26,12.96,0.396,0.398,STRAIGHT,1.5,1.5,"CMD,0.4,1.50",4.0,0.0095,2.192,0.023,1,0.9543,0,NORMAL,60.948,-0.312,1,1,1,1,1,89.6,0,0,dijkstra,predict,0.50858,0,,,,,,0,,,,343520,152574,0
1295,99.41225790977478,2026-03-06T11:19:06.983912,112.6,0.0,7.86,32.04,0.0,0.0,0.0,171.37,12.12,0.395,0.396,STRAIGHT,1.5,1.5,"CMD,0.4,1.50",4.0,0.0095,2.192,0.023,1,0.9719,0,NORMAL,61.226,-0.372,1,1,1,1,1,109.6,227,13,dijkstra,graph,0.5188,0,,,,,,0,,,,216288,155358,4359
1296,99.44830346107483,2026-03-06T11:19:07.019957,0.0,0.0,0.0,0.0,0.0,0.0,0.0,16.02,13.05,0.394,0.395,STRAIGHT,1.5,1.5,"CMD,0.4,1.50",4.0,0.0095,2.192,0.023,1,0.9719,0,NORMAL,61.198,-0.364,1,1,1,1,1,99.6,0,0,dijkstra,predict,0.51739,0,,,,,,0,,,,275731,155217,0
1297,99.50233554840088,2026-03-06T11:19:07.073990,2.0,0.0,2.0,0.0,0.0,0.0,0.0,20.03,13.01,0.393,0.394,STRAIGHT,1.5,1.5,"CMD,0.4,1.50",4.0,0.0095,2.192,0.023,1,0.9719,0,NORMAL,61.431,-0.385,1,1,1,1,1,94.6,0,0,dijkstra,predict,0.51553,0,,,,,,0,,,,275731,154660,0
1298,99.54257726669312,2026-03-06T11:19:07.114231,0.0,0.0,3.19,0.0,0.0,0.0,0.0,19.21,13.03,0.393,0.393,STRAIGHT,1.5,1.5,"CMD,0.4,1.50",4.0,0.0095,2.192,0.023,1,0.9719,0,NORMAL,61.453,-0.428,1,1,1,1,1,89.6,0,0,dijkstra,predict,0.50794,0,,,,,,0,,,,275731,152381,0
1299,99.7264552116394,2026-03-06T11:19:07.298109,109.35,0.0,7.51,24.03,2.0,0.0,0.0,160.92,12.25,0.393,0.393,STRAIGHT,1.5,1.5,"CMD,0.4,1.50",4.0,0.0095,2.192,0.023,1,0.9726,0,NORMAL,62.334,-0.498,1,1,1,1,1,109.6,176,10,dijkstra,graph,0.50845,0,,,,,,0,,,,214824,152189,3438
1300,99.76704478263855,2026-03-06T11:19:07.338699,2.51,0.0,2.0,0.0,0.0,0.0,2.0,20.54,13.07,0.392,0.393,STRAIGHT,1.5,1.5,"CMD,0.4,1.50",4.0,0.0095,2.192,0.023,1,0.9726,0,NORMAL,61.346,-0.39,1,1,1,1,1,99.6,0,0,dijkstra,predict,0.50702,0,,,,,,0,,,,234261,152105,0
1301,99.8047821521759,2026-03-06T11:19:07.376436,3.68,0.0,0.0,0.0,0.0,0.0,0.0,16.83,13.1,0.392,0.392,STRAIGHT,1.5,1.5,"CMD,0.4,1.50",4.0,0.0095,2.192,0.023,1,0.9726,0,NORMAL,62.076,-0.659,1,1,1,1,1,94.6,0,0,dijkstra,predict,0.50518,0,,,,,,0,,,,234261,151553,0
1302,99.85039019584656,2026-03-06T11:19:07.422044,0.0,0.0,4.77,0.0,0.0,0.0,0.0,23.03,13.06,0.392,0.392,STRAIGHT,1.5,1.5,"CMD,0.4,1.50",4.0,0.0095,2.192,0.023,1,0.9726,0,NORMAL,63.432,-0.973,1,1,1,1,1,89.6,0,0,dijkstra,predict,0.49762,0,,,,,,0,,,,234261,149286,0
1303,100.03510093688965,2026-03-06T11:19:07.606755,113.11,0.0,8.01,26.04,2.0,0.0,0.0,163.18,12.27,0.392,0.392,STRAIGHT,1.5,1.5,"CMD,0.4,1.50",4.0,0.0095,2.192,0.023,1,0.9481,0,NORMAL,63.421,-0.996,1,1,1,1,1,109.6,191,10,dijkstra,graph,0.48448,0,,,,,,0,,,,212217,145122,3322
1304,100.07403683662415,2026-03-06T11:19:07.645691,0.0,0.0,4.24,0.0,0.0,0.0,0.0,20.51,13.11,0.392,0.392,STRAIGHT,1.5,1.5,"CMD,0.4,1.50",4.0,0.0095,2.192,0.023,1,0.9481,0,NORMAL,63.69,-1.07,1,1,1,1,1,99.6,0,0,dijkstra,predict,0.48331,0,,,,,,0,,,,229188,144992,0
1305,100.11460757255554,2026-03-06T11:19:07.686262,0.0,0.0,4.04,0.0,0.0,0.0,0.0,20.07,13.09,0.392,0.392,STRAIGHT,1.5,1.5,"CMD,0.4,1.50",4.0,0.0095,2.192,0.023,1,0.9481,0,NORMAL,63.435,-1.066,1,1,1,1,1,94.6,0,0,dijkstra,predict,0.48167,0,,,,,,0,,,,229188,144501,0
1306,100.15382790565491,2026-03-06T11:19:07.725482,0.0,0.0,0.0,0.0,0.0,0.0,0.0,21.19,13.12,0.392,0.392,STRAIGHT,1.5,1.5,"CMD,0.4,1.50",4.0,0.0095,2.192,0.023,1,0.9481,0,NORMAL,63.955,-1.073,1,1,1,1,1,89.6,0,0,dijkstra,predict,0.47379,0,,,,,,0,,,,229188,142137,0
1307,100.33875513076782,2026-03-06T11:19:07.910409,117.83,0.0,6.01,24.03,2.0,0.0,0.0,163.9,12.32,0.392,0.392,STRAIGHT,1.5,1.5,"CMD,0.4,1.50",4.0,0.0095,2.192,0.023,1,0.9612,0,NORMAL,65.291,-1.304,1,1,1,1,1,109.6,175,8,dijkstra,graph,0.48,0,,,,,,0,,,,208589,143817,2688
1308,100.38281488418579,2026-03-06T11:19:07.954469,2.0,0.0,2.0,0.0,0.0,0.0,0.0,24.03,13.11,0.392,0.392,STRAIGHT,1.5,1.5,"CMD,0.4,1.50",4.0,0.0095,2.192,0.023,1,0.9612,0,NORMAL,66.489,-1.643,1,1,1,1,1,99.6,0,0,dijkstra,predict,0.47897,0,,,,,,0,,,,218878,143691,0
1309,100.42286849021912,2026-03-06T11:19:07.994523,2.0,0.0,4.01,0.0,0.0,0.0,0.0,22.03,13.11,0.392,0.392,STRAIGHT,1.5,1.5,"CMD,0.4,1.50",4.0,0.0095,2.192,0.023,1,0.9612,0,NORMAL,61.726,-1.829,1,1,1,1,1,94.6,0,0,dijkstra,predict,0.47712,0,,,,,,0,,,,218878,143136,0
1310,100.4633469581604,2026-03-06T11:19:08.035001,2.28,0.0,4.01,0.0,0.0,0.0,0.0,22.46,13.13,0.392,0.392,STRAIGHT,1.5,1.5,"CMD,0.4,1.50",4.0,0.0095,2.192,0.023,1,0.9612,0,NORMAL,55.637,-1.904,1,1,1,1,1,89.6,0,0,dijkstra,predict,0.46956,0,,,,,,0,,,,218878,140869,0
1311,100.64453148841858,2026-03-06T11:19:08.216186,112.52,0.0,6.01,26.42,2.0,0.0,0.0,167.43,12.35,0.392,0.392,STRAIGHT,1.5,1.5,"CMD,0.4,1.50",4.0,0.0095,2.192,0.023,1,0.9286,0,NORMAL,52.81,-1.865,1,1,1,1,1,109.6,183,10,dijkstra,graph,0.46647,0,,,,,,0,,,,203668,139842,3093
1312,100.68276572227478,2026-03-06T11:19:08.254420,0.0,0.0,3.93,0.0,0.0,0.0,0.0,20.21,13.15,0.392,0.392,STRAIGHT,1.5,1.5,"CMD,0.4,1.50",4.0,0.0095,2.192,0.023,1,0.9286,0,NORMAL,44.037,-1.713,1,1,1,1,1,99.6,0,0,dijkstra,predict,0.46579,0,,,,,,0,,,,216039,139737,0
1313,100.72095799446106,2026-03-06T11:19:08.292612,4.01,0.0,2.0,0.0,0.0,0.0,0.0,20.03,13.14,0.392,0.392,STRAIGHT,1.5,1.5,"CMD,0.4,1.50",4.0,0.0095,2.192,0.023,1,0.9286,0,NORMAL,42.943,-1.75,1,1,1,1,1,94.6,0,0,dijkstra,predict,0.46389,0,,,,,,0,,,,216039,139166,0
1314,100.76101183891296,2026-03-06T11:19:08.332666,2.0,0.0,4.0,0.0,0.0,0.0,0.0,20.03,13.16,0.392,0.392,STRAIGHT,1.5,1.5,"CMD,0.4,1.50",4.0,0.0095,2.192,0.023,1,0.9286,0,NORMAL,44.201,-1.764,1,1,1,1,1,89.6,0,0,dijkstra,predict,0.45639,0,,,,,,0,,,,216039,136918,0
1315,100.94515442848206,2026-03-06T11:19:08.516808,109.86,0.0,8.01,26.03,0.0,0.0,0.0,164.12,12.37,0.392,0.392,STRAIGHT,1.5,1.5,"CMD,0.4,1.50",4.0,0.0095,2.192,0.023,1,0.913,0,NORMAL,50.223,-1.718,1,1,1,1,1,109.6,172,8,dijkstra,graph,0.44209,0,,,,,,0,,,,201860,132385,2936
1316,100.98429751396179,2026-03-06T11:19:08.555952,0.0,0.0,2.0,0.0,0.0,0.0,3.6,19.62,13.19,0.392,0.392,STRAIGHT,1.5,1.5,"CMD,0.4,1.50",4.0,0.0095,2.192,0.023,1,0.913,0,NORMAL,51.445,-1.592,1,1,1,1,1,99.6,0,0,dijkstra,predict,0.44094,0,,,,,,0,,,,208222,132282,0
1317,101.02620506286621,2026-03-06T11:19:08.597859,0.0,0.0,3.78,0.0,0.0,0.0,0.0,21.81,13.19,0.392,0.392,STRAIGHT,1.5,1.5,"CMD,0.4,1.50",4.0,0.0095,2.192,0.023,1,0.913,0,NORMAL,52.638,-1.687,1,1,1,1,1,94.6,0,0,dijkstra,predict,0.43951,0,,,,,,0,,,,208222,131853,0
1318,101.06599569320679,2026-03-06T11:19:08.637650,2.0,0.0,2.0,0.0,0.0,0.0,2.0,21.77,13.19,0.392,0.392,STRAIGHT,1.5,1.5,"CMD,0.4,1.50",4.0,0.0095,2.192,0.023,1,0.913,0,NORMAL,50.583,-1.604,1,1,1,1,1,89.6,0,0,dijkstra,predict,0.43186,0,,,,,,0,,,,208222,129557,0
1319,101.24640464782715,2026-03-06T11:19:08.818059,110.81,0.0,6.01,28.04,0.0,0.0,0.0,164.89,12.41,0.377,0.392,STRAIGHT,1.5,1.5,"CMD,0.4,1.50",4.0,0.0084,2.329,0.023,1,0.9016,0,NORMAL,50.811,-1.549,1,1,1,1,1,116.4,183,8,dijkstra,graph,0.47529,0,,,,,,0,,,,203399,142516,3052
1320,101.2837655544281,2026-03-06T11:19:08.855420,0.0,0.0,3.05,0.0,0.0,0.0,0.0,17.07,13.26,0.367,0.377,STRAIGHT,1.5,1.5,"CMD,0.4,1.50",4.0,0.0084,2.329,0.023,1,0.9016,0,NORMAL,52.694,-1.58,1,1,1,1,1,106.4,0,0,dijkstra,predict,0.47492,0,,,,,,0,,,,210009,142476,0
1321,101.32642579078674,2026-03-06T11:19:08.898080,0.0,0.0,5.31,0.0,0.0,0.0,0.0,25.66,13.24,0.36,0.367,STRAIGHT,1.5,1.5,"CMD,0.4,1.50",4.0,0.0084,2.329,0.023,1,0.9016,0,NORMAL,55.604,-1.622,1,1,1,1,1,101.4,0,0,dijkstra,predict,0.47247,0,,,,,,0,,,,210009,141742,0
1322,101.36640477180481,2026-03-06T11:19:08.938059,0.0,0.0,4.93,0.0,0.0,0.0,0.0,20.95,13.28,0.356,0.36,STRAIGHT,1.5,1.5,"CMD,0.4,1.50",4.0,0.0084,2.329,0.023,1,0.9016,0,NORMAL,53.947,-1.557,1,1,1,1,1,96.4,0,0,dijkstra,predict,0.46511,0,,,,,,0,,,,210009,139534,0
1323,101.55548405647278,2026-03-06T11:19:09.127138,116.26,0.0,6.01,24.03,0.0,0.0,0.0,167.55,12.4,0.368,0.36,STRAIGHT,1.5,1.5,"CMD,0.4,1.50",4.0,0.0095,2.192,0.023,1,0.9178,0,NORMAL,53.896,-1.477,1,1,1,1,1,109.6,150,5,dijkstra,graph,0.45178,0,,,,,,0,,,,200183,135356,2451
1324,101.59534072875977,2026-03-06T11:19:09.166995,2.0,0.0,2.0,0.0,0.0,0.0,0.0,19.83,13.28,0.376,0.368,STRAIGHT,1.5,1.5,"CMD,0.4,1.50",4.0,0.0095,2.192,0.023,1,0.9178,0,NORMAL,52.988,-1.365,1,1,1,1,1,99.6,0,0,dijkstra,predict,0.45124,0,,,,,,0,,,,204555,135372,0
1325,101.63398814201355,2026-03-06T11:19:09.205642,0.0,0.0,0.0,0.0,0.0,0.0,0.0,20.62,13.27,0.381,0.376,STRAIGHT,1.5,1.5,"CMD,0.4,1.50",4.0,0.0095,2.192,0.023,1,0.9178,0,NORMAL,53.418,-1.288,1,1,1,1,1,94.6,0,0,dijkstra,predict,0.44974,0,,,,,,0,,,,204555,134922,0
1326,101.67597317695618,2026-03-06T11:19:09.247627,0.0,0.0,5.93,0.0,0.0,0.0,0.0,19.95,13.32,0.385,0.381,STRAIGHT,1.5,1.5,"CMD,0.4,1.50",4.0,0.0095,2.192,0.023,1,0.9178,0,NORMAL,52.801,-1.191,1,1,1,1,1,89.6,0,0,dijkstra,predict,0.44255,0,,,,,,0,,,,204555,132764,0
1327,101.85878229141235,2026-03-06T11:19:09.430436,111.14,0.0,5.75,24.03,2.0,0.0,0.0,166.79,12.52,0.393,0.385,STRAIGHT,1.5,1.5,"CMD,0.4,1.50",4.0,0.0099,2.146,0.023,1,0.8966,0,NORMAL,52.766,-1.145,1,1,1,1,1,107.3,151,11,dijkstra,graph,0.52262,0,,,,,,0,,,,218725,156507,3816
1328,101.90148282051086,2026-03-06T11:19:09.473137,0.0,0.0,3.48,0.0,0.0,0.0,0.0,20.67,13.33,0.398,0.393,STRAIGHT,1.5,1.5,"CMD,0.4,1.50",4.0,0.0099,2.146,0.023,1,0.8966,0,NORMAL,52.241,-1.069,1,1,1,1,1,97.3,0,0,dijkstra,predict,0.52132,0,,,,,,0,,,,222218,156397,0
1329,101.93927693367004,2026-03-06T11:19:09.510931,0.0,0.0,0.0,0.0,0.0,0.0,0.0,16.02,13.35,0.402,0.398,STRAIGHT,1.5,1.5,"CMD,0.4,1.50",4.0,0.0099,2.146,0.023,1,0.8966,0,NORMAL,51.619,-0.977,1,1,1,1,1,92.3,0,0,dijkstra,predict,0.51884,0,,,,,,0,,,,222218,155651,0
1330,101.98158478736877,2026-03-06T11:19:09.553239,2.0,0.0,2.0,0.0,0.0,0.0,0.0,18.03,13.32,0.404,0.402,STRAIGHT,1.5,1.5,"CMD,0.4,1.50",4.0,0.0099,2.146,0.023,1,0.8966,0,NORMAL,51.756,-0.946,1,1,1,1,1,87.3,0,0,dijkstra,predict,0.51227,0,,,,,,0,,,,222218,153681,0
1331,102.15919065475464,2026-03-06T11:19:09.730845,107.18,0.0,8.01,22.03,2.0,0.0,0.0,159.58,12.56,0.406,0.404,STRAIGHT,1.5,1.5,"CMD,0.4,1.50",4.0,0.0099,2.146,0.023,1,0.835,0,NORMAL,51.253,-0.925,1,1,1,1,1,107.3,126,10,dijkstra,graph,0.51671,0,,,,,,0,,,,209870,154980,3039
1332,102.19725108146667,2026-03-06T11:19:09.768905,0.0,0.0,6.01,0.0,0.0,0.0,0.0,20.03,13.41,0.407,0.406,STRAIGHT,1.5,1.5,"CMD,0.4,1.50",4.0,0.0099,2.146,0.023,1,0.835,0,NORMAL,49.26,-0.809,1,1,1,1,1,97.3,0,0,dijkstra,predict,0.51661,0,,,,,,0,,,,209941,154984,0
1333,102.2375168800354,2026-03-06T11:19:09.809171,2.0,0.0,4.01,0.0,0.0,0.0,0.0,20.12,13.4,0.408,0.407,STRAIGHT,1.5,1.5,"CMD,0.4,1.50",4.0,0.0099,2.146,0.023,1,0.835,0,NORMAL,48.662,-0.708,1,1,1,1,1,92.3,0,0,dijkstra,predict,0.51441,0,,,,,,0,,,,209941,154323,0
1334,102.27777647972107,2026-03-06T11:19:09.849431,0.0,0.0,4.48,0.0,0.0,0.0,0.0,22.24,13.41,0.408,0.408,STRAIGHT,1.5,1.5,"CMD,0.4,1.50",4.0,0.0099,2.146,0.023,1,0.835,0,NORMAL,49.347,-0.699,1,1,1,1,1,87.3,0,0,dijkstra,predict,0.50994,0,,,,,,0,,,,209941,152981,0
1335,102.46385407447815,2026-03-06T11:19:10.035508,111.98,0.0,8.01,24.03,0.0,0.0,0.0,164.05,12.55,0.414,0.408,STRAIGHT,1.5,1.5,"CMD,0.4,1.50",4.0,0.0104,2.1,0.023,1,0.8025,0,NORMAL,49.59,-0.741,1,1,1,1,1,105.0,154,17,dijkstra,graph,0.59002,0,,,,,,0,,,,242465,176947,3936
1336,102.4985773563385,2026-03-06T11:19:10.070231,0.0,0.0,0.0,0.0,0.0,0.0,0.0,16.2,13.43,0.419,0.414,STRAIGHT,1.5,1.5,"CMD,0.4,1.50",4.0,0.0104,2.1,0.023,1,0.8025,0,NORMAL,48.405,-0.63,1,1,1,1,1,95.0,0,0,dijkstra,predict,0.5891,0,,,,,,0,,,,243039,176730,0
1337,102.5394594669342,2026-03-06T11:19:10.111114,2.83,0.0,0.0,0.0,0.0,0.0,0.0,16.41,13.45,0.421,0.419,STRAIGHT,1.5,1.5,"CMD,0.4,1.50",4.0,0.0104,2.1,0.023,1,0.8025,0,NORMAL,48.516,-0.504,1,1,1,1,1,90.0,0,0,dijkstra,predict,0.58621,0,,,,,,0,,,,243039,175862,0
1338,102.58391976356506,2026-03-06T11:19:10.155574,2.0,0.0,2.0,0.0,0.0,0.0,2.0,22.03,13.42,0.423,0.421,STRAIGHT,1.5,1.5,"CMD,0.4,1.50",4.0,0.0104,2.1,0.023,1,0.8025,0,NORMAL,49.476,-0.406,1,1,1,1,1,85.0,0,0,dijkstra,predict,0.57967,0,,,,,,0,,,,243039,173902,0
1339,102.75704669952393,2026-03-06T11:19:10.328701,112.81,0.0,4.01,22.27,0.0,0.0,2.0,155.11,12.64,0.425,0.423,STRAIGHT,1.5,1.5,"CMD,0.4,1.50",4.0,0.0104,2.1,0.023,1,0.8348,0,NORMAL,49.455,-0.258,1,1,1,1,1,105.0,86,17,dijkstra,graph,0.65178,0,,,,,,0,,,,277937,195265,4168
1340,102.798996925354,2026-03-06T11:19:10.370651,2.0,0.0,3.9,0.0,0.0,0.0,0.0,21.93,13.46,0.425,0.425,STRAIGHT,1.5,1.5,"CMD,0.4,1.50",4.0,0.0104,2.1,0.023,1,0.8348,0,NORMAL,49.671,-0.131,1,1,1,1,1,95.0,0,0,dijkstra,predict,0.65009,0,,,,,,0,,,,278692,195028,0
1341,102.83952212333679,2026-03-06T11:19:10.411176,0.0,0.0,4.01,0.0,0.0,0.0,0.0,19.77,13.45,0.426,0.425,STRAIGHT,1.5,1.5,"CMD,0.4,1.50",4.0,0.0104,2.1,0.023,1,0.8348,0,NORMAL,49.945,-0.062,1,1,1,1,1,90.0,0,0,dijkstra,predict,0.64704,0,,,,,,0,,,,278692,194112,0
1342,102.88202619552612,2026-03-06T11:19:10.453680,0.0,0.0,3.27,0.0,0.0,0.0,0.0,18.47,13.42,0.426,0.426,STRAIGHT,1.5,1.5,"CMD,0.4,1.50",4.0,0.0104,2.1,0.023,1,0.8348,0,NORMAL,49.887,0.031,1,1,1,1,1,85.0,0,0,dijkstra,predict,0.6407,0,,,,,,0,,,,278692,192211,0
1343,103.05630135536194,2026-03-06T11:19:10.627955,104.69,0.0,6.01,22.03,2.0,0.0,0.0,152.76,12.63,0.427,0.426,STRAIGHT,1.5,1.5,"CMD,0.4,1.50",4.0,0.0104,2.1,0.023,1,0.7583,0,NORMAL,49.036,0.115,1,1,1,1,1,105.0,105,19,dijkstra,graph,0.75686,0,,,,,,0,,,,339875,226671,5507
1344,103.10077500343323,2026-03-06T11:19:10.672429,0.0,0.0,4.43,0.0,0.0,0.0,0.0,18.44,13.45,0.427,0.427,STRAIGHT,1.5,1.5,"CMD,0.4,1.50",4.0,0.0104,2.1,0.023,1,0.7583,0,NORMAL,48.292,0.364,1,1,1,1,1,95.0,0,0,dijkstra,predict,0.7545,0,,,,,,0,,,,341906,226350,0
1345,103.142893075943,2026-03-06T11:19:10.714547,0.0,0.0,6.34,0.0,0.0,0.0,0.0,22.36,13.43,0.427,0.427,STRAIGHT,1.5,1.5,"CMD,0.4,1.50",4.0,0.0104,2.1,0.023,1,0.7583,0,NORMAL,47.941,0.904,1,1,1,1,1,90.0,0,0,dijkstra,predict,0.75085,0,,,,,,0,,,,341906,225256,0
1346,103.18496942520142,2026-03-06T11:19:10.756623,2.0,0.0,4.01,0.0,0.0,0.0,0.0,20.03,13.43,0.427,0.427,STRAIGHT,1.5,1.5,"CMD,0.4,1.50",4.0,0.0104,2.1,0.023,1,0.7583,0,NORMAL,48.333,1.356,1,1,1,1,1,85.0,0,0,dijkstra,predict,0.74455,0,,,,,,0,,,,341906,223366,0
1347,103.37404751777649,2026-03-06T11:19:10.945702,109.31,0.0,8.01,27.58,2.0,0.0,0.0,165.04,12.56,0.415,0.427,STRAIGHT,1.5,1.5,"CMD,0.4,1.50",4.0,0.0095,2.192,0.023,1,0.8086,0,NORMAL,48.135,1.592,1,1,1,1,1,109.6,162,17,dijkstra,graph,0.77926,0,,,,,,0,,,,389658,233278,6066
1348,103.42072677612305,2026-03-06T11:19:10.992381,0.0,0.0,6.19,0.0,0.0,0.0,0.0,26.65,13.34,0.408,0.415,STRAIGHT,1.5,1.5,"CMD,0.4,1.50",4.0,0.0095,2.192,0.023,1,0.8086,0,NORMAL,49.235,1.77,1,1,1,1,1,99.6,0,0,dijkstra,predict,0.7767,0,,,,,,0,,,,394666,233011,0
1349,103.46680855751038,2026-03-06T11:19:11.038463,2.0,0.0,4.03,0.0,0.0,0.0,0.0,22.05,13.3,0.402,0.408,STRAIGHT,1.5,1.5,"CMD,0.4,1.50",4.0,0.0095,2.192,0.023,1,0.8086,0,NORMAL,50.69,1.892,1,1,1,1,1,94.6,0,0,dijkstra,predict,0.77293,0,,,,,,0,,,,394666,231879,0
1350,103.51478886604309,2026-03-06T11:19:11.086443,2.0,0.0,2.0,0.0,0.0,0.0,0.0,20.03,13.26,0.399,0.402,STRAIGHT,1.5,1.5,"CMD,0.4,1.50",4.0,0.0095,2.192,0.023,1,0.8086,0,NORMAL,50.286,2.125,1,1,1,1,1,89.6,0,0,dijkstra,predict,0.76478,0,,,,,,0,,,,394666,229434,0
1351,103.70069575309753,2026-03-06T11:19:11.272350,107.27,0.0,8.01,36.06,0.0,0.0,0.0,165.71,12.42,0.386,0.399,STRAIGHT,1.5,1.5,"CMD,0.4,1.50",4.0,0.0088,2.283,0.023,1,0.8249,0,NORMAL,50.0,2.524,1,1,1,1,1,114.2,201,15,dijkstra,graph,0.85816,0,,,,,,0,,,,435672,256514,6316
1352,103.7411093711853,2026-03-06T11:19:11.312763,0.0,0.0,0.0,0.0,0.0,0.0,0.0,14.38,13.27,0.378,0.386,STRAIGHT,1.5,1.5,"CMD,0.4,1.50",4.0,0.0088,2.283,0.023,1,0.8249,0,NORMAL,50.053,2.571,1,1,1,1,1,104.2,0,0,dijkstra,predict,0.85407,0,,,,,,0,,,,450445,256220,0
1353,103.78950834274292,2026-03-06T11:19:11.361163,2.0,0.0,2.0,0.0,0.0,0.0,2.0,20.02,13.22,0.372,0.378,STRAIGHT,1.5,1.5,"CMD,0.4,1.50",4.0,0.0088,2.283,0.023,1,0.8249,0,NORMAL,50.15,2.597,1,1,1,1,1,99.2,0,0,dijkstra,predict,0.84968,0,,,,,,0,,,,450445,254903,0
1354,103.8315634727478,2026-03-06T11:19:11.403218,2.0,0.0,4.01,0.0,0.0,0.0,0.0,20.03,13.2,0.369,0.372,STRAIGHT,1.5,1.5,"CMD,0.4,1.50",4.0,0.0088,2.283,0.023,1,0.8249,0,NORMAL,50.163,2.565,1,1,1,1,1,94.2,0,0,dijkstra,predict,0.83723,0,,,,,,0,,,,450445,251169,0
1355,104.01631426811218,2026-03-06T11:19:11.587968,96.51,0.0,8.01,38.05,2.0,0.0,0.0,168.71,12.39,0.362,0.369,STRAIGHT,1.5,1.5,"CMD,0.4,1.50",4.0,0.0084,2.329,0.023,1,0.9136,0,NORMAL,50.233,2.545,1,1,1,1,1,116.4,202,14,dijkstra,graph,0.85583,0,,,,,,0,,,,411757,255716,6389
1356,104.05852961540222,2026-03-06T11:19:11.630184,0.0,0.0,6.17,0.0,0.0,0.0,0.0,20.19,13.18,0.357,0.362,STRAIGHT,1.5,1.5,"CMD,0.4,1.50",4.0,0.0084,2.329,0.023,1,0.9136,0,NORMAL,50.219,2.459,1,1,1,1,1,106.4,0,0,dijkstra,predict,0.85127,0,,,,,,0,,,,418686,255380,0
1357,104.10144472122192,2026-03-06T11:19:11.673099,2.0,0.0,4.01,0.0,0.0,0.0,0.0,22.25,13.18,0.354,0.357,STRAIGHT,1.5,1.5,"CMD,0.4,1.50",4.0,0.0084,2.329,0.023,1,0.9136,0,NORMAL,50.109,2.336,1,1,1,1,1,101.4,0,0,dijkstra,predict,0.84696,0,,,,,,0,,,,418686,254088,0
1358,104.13949179649353,2026-03-06T11:19:11.711146,2.0,0.0,0.0,0.0,0.0,0.0,0.0,18.02,13.18,0.351,0.354,STRAIGHT,1.5,1.5,"CMD,0.4,1.50",4.0,0.0084,2.329,0.023,1,0.9136,0,NORMAL,50.038,2.245,1,1,1,1,1,96.4,0,0,dijkstra,predict,0.83491,0,,,,,,0,,,,418686,250473,0
1359,104.3364007472992,2026-03-06T11:19:11.908055,106.22,0.0,6.01,39.73,2.0,0.0,0.0,176.31,12.32,0.346,0.351,STRAIGHT,1.5,1.5,"CMD,0.4,1.50",4.0,0.0081,2.374,0.023,1,0.8741,0,NORMAL,50.003,2.142,1,1,1,1,1,118.7,156,12,dijkstra,graph,0.86198,0,,,,,,0,,,,399292,257615,6112
1360,104.374990940094,2026-03-06T11:19:11.946645,0.0,0.0,0.0,0.0,0.0,0.0,0.0,22.57,13.09,0.342,0.346,STRAIGHT,1.5,1.5,"CMD,0.3,1.50",4.0,0.0081,2.374,0.023,1,0.8741,0,NORMAL,50.121,2.038,1,1,1,1,1,108.7,0,0,dijkstra,predict,0.85808,0,,,,,,0,,,,407280,257424,0
1361,104.42439150810242,2026-03-06T11:19:11.996046,0.0,0.0,5.6,0.0,0.0,0.0,0.0,20.4,13.02,0.339,0.342,STRAIGHT,1.5,1.5,"CMD,0.3,1.50",4.0,0.0081,2.374,0.023,1,0.8741,0,NORMAL,50.097,1.932,1,1,1,1,1,103.7,0,0,dijkstra,predict,0.85369,0,,,,,,0,,,,407280,256107,0
1362,104.47069215774536,2026-03-06T11:19:12.042346,2.0,0.0,4.01,0.0,0.0,0.0,0.0,22.27,12.99,0.338,0.339,STRAIGHT,1.5,1.5,"CMD,0.3,1.50",4.0,0.0081,2.374,0.023,1,0.8741,0,NORMAL,50.049,1.841,1,1,1,1,1,98.7,0,0,dijkstra,predict,0.842,0,,,,,,0,,,,407280,252600,0
1363,104.65975093841553,2026-03-06T11:19:12.231405,108.85,0.0,6.01,33.9,2.0,0.0,0.0,174.95,12.17,0.318,0.338,STRAIGHT,1.5,1.5,"CMD,0.3,1.50",4.0,0.0067,2.603,0.023,1,0.8188,0,NORMAL,50.0,1.756,1,1,1,1,1,130.1,154,8,dijkstra,graph,0.84667,0,,,,,,0,,,,359341,253092,5772
1364,104.70180010795593,2026-03-06T11:19:12.273454,2.0,0.0,2.0,0.0,0.0,0.0,0.0,18.02,12.96,0.304,0.318,STRAIGHT,1.5,1.5,"CMD,0.3,1.50",4.0,0.0067,2.603,0.023,1,0.8188,0,NORMAL,50.006,1.698,1,1,1,1,1,120.1,0,0,dijkstra,predict,0.84289,0,,,,,,0,,,,361127,252868,0
1365,104.73886156082153,2026-03-06T11:19:12.310516,0.0,0.0,0.0,0.0,0.0,0.0,0.0,14.02,12.94,0.296,0.304,STRAIGHT,1.5,1.5,"CMD,0.3,1.50",4.0,0.0067,2.603,0.023,1,0.8188,0,NORMAL,50.105,1.562,1,1,1,1,1,115.1,0,0,dijkstra,predict,0.83885,0,,,,,,0,,,,361127,251656,0
1366,104.77920866012573,2026-03-06T11:19:12.350863,0.0,0.0,0.0,0.0,0.0,0.0,0.0,14.02,12.95,0.29,0.296,STRAIGHT,1.5,1.5,"CMD,0.3,1.50",4.0,0.0067,2.603,0.023,1,0.8188,0,NORMAL,50.2,1.47,1,1,1,1,1,110.1,0,0,dijkstra,predict,0.82933,0,,,,,,0,,,,361127,248798,0
1367,104.99878120422363,2026-03-06T11:19:12.570435,98.14,0.0,10.02,66.38,0.0,0.0,0.0,201.01,12.01,0.274,0.29,STRAIGHT,1.5,1.5,"CMD,0.3,1.50",4.0,0.0059,2.785,0.023,1,0.8846,0,NORMAL,50.298,1.465,1,1,1,1,1,139.3,397,10,dijkstra,graph,0.86564,0,,,,,,0,,,,363887,258939,6679
1368,105.0396740436554,2026-03-06T11:19:12.611328,0.0,0.0,4.32,0.0,0.0,0.0,0.0,20.57,12.7,0.264,0.274,STRAIGHT,1.5,1.5,"CMD,0.3,1.50",4.0,0.0059,2.785,0.023,1,0.8846,0,NORMAL,50.372,1.338,1,1,1,1,1,129.3,0,0,dijkstra,predict,0.86206,0,,,,,,0,,,,364987,258618,0
1369,105.08249568939209,2026-03-06T11:19:12.654150,0.0,0.0,6.45,0.0,0.0,0.0,0.0,20.47,12.7,0.257,0.264,STRAIGHT,1.5,1.5,"CMD,0.3,1.50",4.0,0.0059,2.785,0.023,1,0.8846,0,NORMAL,50.197,1.175,1,1,1,1,1,124.3,0,0,dijkstra,predict,0.85798,0,,,,,,0,,,,364987,257395,0
1370,105.12066984176636,2026-03-06T11:19:12.692324,0.0,0.0,0.0,0.0,0.0,0.0,0.0,14.15,12.71,0.252,0.257,STRAIGHT,1.5,1.5,"CMD,0.3,1.50",4.0,0.0059,2.785,0.023,1,0.8846,0,NORMAL,50.003,1.057,1,1,1,1,1,119.3,0,0,dijkstra,predict,0.84892,0,,,,,,0,,,,364987,254676,0
1371,105.31810760498047,2026-03-06T11:19:12.889762,102.61,0.0,8.01,40.5,2.0,0.0,0.0,170.15,11.9,0.233,0.252,STRAIGHT,1.5,1.5,"CMD,0.3,1.50",4.0,0.0047,3.105,0.023,1,0.8884,0,NORMAL,50.104,0.922,1,1,1,1,1,155.3,184,8,dijkstra,graph,0.87694,0,,,,,,0,,,,385334,262238,5611
1372,105.36216425895691,2026-03-06T11:19:12.933819,2.0,0.0,0.0,0.0,0.0,0.0,0.0,18.03,12.58,0.221,0.233,STRAIGHT,1.5,1.5,"CMD,0.2,1.50",4.0,0.0047,3.105,0.023,1,0.8884,0,NORMAL,50.089,0.816,1,1,1,1,1,145.3,0,0,dijkstra,predict,0.87437,0,,,,,,0,,,,387613,262312,0
1373,105.40462398529053,2026-03-06T11:19:12.976278,0.0,0.0,3.74,0.0,0.0,0.0,0.0,18.23,12.59,0.212,0.221,STRAIGHT,1.5,1.5,"CMD,0.2,1.50",4.0,0.0047,3.105,0.023,1,0.8884,0,NORMAL,50.282,0.697,1,1,1,1,1,140.3,0,0,dijkstra,predict,0.86931,0,,,,,,0,,,,387613,260793,0
1374,105.44266986846924,2026-03-06T11:19:13.014324,0.0,0.0,0.0,0.0,0.0,0.0,0.0,16.02,12.61,0.207,0.212,STRAIGHT,1.5,1.5,"CMD,0.2,1.50",4.0,0.0047,3.105,0.023,1,0.8884,0,NORMAL,50.864,0.586,1,1,1,1,1,135.3,0,0,dijkstra,predict,0.86061,0,,,,,,0,,,,387613,258182,0
1375,105.63267469406128,2026-03-06T11:19:13.204329,117.43,0.0,8.01,18.03,0.0,0.0,0.0,169.84,11.85,0.219,0.212,STRAIGHT,1.5,1.5,"CMD,0.2,1.50",4.0,0.0059,2.785,0.023,1,0.8884,0,NORMAL,50.758,0.467,1,1,1,1,1,139.3,44,11,dijkstra,graph,0.85874,0,,,,,,0,,,,381950,257298,4744
1376,105.67539262771606,2026-03-06T11:19:13.247047,0.0,0.0,4.24,0.0,0.0,0.0,0.0,20.7,12.6,0.227,0.219,STRAIGHT,1.5,1.5,"CMD,0.2,1.50",4.0,0.0059,2.785,0.023,1,0.8884,0,NORMAL,50.317,0.419,1,1,1,1,1,129.3,0,0,dijkstra,predict,0.85785,0,,,,,,0,,,,382092,257355,0
1377,105.71990489959717,2026-03-06T11:19:13.291559,2.0,0.0,4.01,0.0,0.0,0.0,0.0,23.89,12.61,0.232,0.227,STRAIGHT,1.5,1.5,"CMD,0.2,1.50",4.0,0.0059,2.785,0.023,1,0.8884,0,NORMAL,50.113,0.383,1,1,1,1,1,124.3,0,0,dijkstra,predict,0.85291,0,,,,,,0,,,,382092,255872,0
1378,105.76229906082153,2026-03-06T11:19:13.333953,0.0,0.0,3.8,0.0,0.0,0.0,2.0,21.89,12.62,0.236,0.232,STRAIGHT,1.5,1.5,"CMD,0.2,1.50",4.0,0.0059,2.785,0.023,1,0.8884,0,NORMAL,50.032,0.361,1,1,1,1,1,119.3,0,0,dijkstra,predict,0.84475,0,,,,,,0,,,,382092,253426,0
1379,105.94471788406372,2026-03-06T11:19:13.516372,115.72,0.0,8.01,16.38,0.0,0.0,0.0,160.39,11.92,0.331,0.236,STRAIGHT,1.5,1.5,"CMD,0.2,1.50",4.0,0.0126,3.998,0.101,1,0.9071,0,NORMAL,50.0,0.336,1,1,1,1,1,223.4,31,10,dijkstra,graph,0.84895,0,,,,,,0,,,,396565,254411,4718
1380,105.99262571334839,2026-03-06T11:19:13.564280,2.0,0.0,4.01,0.0,0.0,0.0,0.0,19.87,12.66,0.394,0.331,STRAIGHT,1.5,1.5,"CMD,0.3,1.50",4.0,0.0126,3.998,0.101,1,0.9071,0,NORMAL,50.042,0.33,1,1,1,1,1,213.0,0,0,dijkstra,predict,0.83963,0,,,,,,0,,,,396568,251890,0
1381,106.03922009468079,2026-03-06T11:19:13.610874,0.0,0.0,4.26,0.0,0.0,0.0,0.0,20.56,12.62,0.437,0.394,STRAIGHT,1.5,1.5,"CMD,0.4,1.50",4.0,0.0126,3.998,0.101,1,0.9071,0,NORMAL,50.074,0.31,1,1,1,1,1,208.0,0,0,dijkstra,predict,0.82888,0,,,,,,0,,,,396568,248665,0
1382,106.0796754360199,2026-03-06T11:19:13.651330,2.0,0.0,3.01,0.0,0.0,0.0,0.0,20.43,12.66,0.465,0.437,STRAIGHT,1.5,1.5,"CMD,0.4,1.50",4.0,0.0126,3.998,0.101,1,0.9071,0,NORMAL,50.204,0.256,1,1,1,1,1,203.0,0,0,dijkstra,predict,0.81488,0,,,,,,0,,,,396568,244463,0
1383,106.25098967552185,2026-03-06T11:19:13.822644,109.01,0.0,6.04,22.15,0.0,0.0,0.0,149.29,11.99,0.211,0.437,STRAIGHT,1.5,1.5,"CMD,0.4,1.50",4.0,-0.0072,3.998,-0.057,1,0.914,0,NORMAL,50.272,0.251,1,1,1,1,1,223.4,36,11,dijkstra,graph,0.86008,0,,,,,,0,,,,423846,257703,5166
1384,106.29332160949707,2026-03-06T11:19:13.864976,2.0,0.0,4.01,0.0,0.0,0.0,0.0,20.31,12.74,0.042,0.211,STRAIGHT,1.5,1.5,"CMD,0.2,1.50",4.0,-0.0072,3.998,-0.057,1,0.914,0,NORMAL,51.33,-0.241,1,1,1,1,1,213.0,0,0,dijkstra,predict,0.85432,0,,,,,,0,,,,423903,256296,0
1385,106.33759832382202,2026-03-06T11:19:13.909252,2.0,0.0,2.0,0.0,0.0,0.0,0.0,24.25,12.74,-0.071,0.042,STRAIGHT,1.5,1.5,"CMD,0.0,1.50",4.0,-0.0072,3.998,-0.057,1,0.914,0,NORMAL,52.147,-0.456,1,1,1,1,1,208.0,0,0,dijkstra,predict,0.84649,0,,,,,,0,,,,423903,253948,0
1386,106.3792371749878,2026-03-06T11:19:13.950891,2.0,0.0,2.0,0.0,0.0,0.0,0.0,19.61,12.73,-0.146,-0.071,STRAIGHT,1.5,1.5,"CMD,-0.1,1.50",4.0,-0.0072,3.998,-0.057,1,0.914,0,NORMAL,52.845,-0.644,1,1,1,1,1,203.0,0,0,dijkstra,predict,0.83644,0,,,,,,0,,,,423903,250933,0
1387,106.55046272277832,2026-03-06T11:19:14.122117,109.15,0.0,8.01,16.02,2.0,0.0,0.0,149.2,12.03,-0.057,-0.071,STRAIGHT,1.5,1.5,"CMD,-0.1,1.50",4.0,0.0029,3.973,0.023,1,0.8318,0,NORMAL,52.858,-0.704,1,1,1,1,1,198.6,31,11,dijkstra,graph,0.83112,0,,,,,,0,,,,470703,249061,4584
1388,106.59275412559509,2026-03-06T11:19:14.164408,0.0,0.0,3.7,0.0,0.0,0.0,0.0,18.26,12.85,0.001,-0.057,STRAIGHT,1.5,1.5,"CMD,-0.1,1.50",4.0,0.0029,3.973,0.023,1,0.8318,0,NORMAL,53.108,-0.766,1,1,1,1,1,188.6,0,0,dijkstra,predict,0.82874,0,,,,,,0,,,,473091,248623,0
1389,106.63318467140198,2026-03-06T11:19:14.204839,0.0,0.0,0.0,0.0,0.0,0.0,0.0,14.02,12.84,0.041,0.001,STRAIGHT,1.5,1.5,"CMD,0.0,1.50",4.0,0.0029,3.973,0.023,1,0.8318,0,NORMAL,53.547,-0.806,1,1,1,1,1,183.6,0,0,dijkstra,predict,0.8243,0,,,,,,0,,,,473091,247291,0
1390,106.67584896087646,2026-03-06T11:19:14.247503,0.0,0.0,0.0,0.0,0.0,0.0,0.0,22.44,12.88,0.067,0.041,STRAIGHT,1.5,1.5,"CMD,0.0,1.50",4.0,0.0029,3.973,0.023,1,0.8318,0,NORMAL,53.864,-0.858,1,1,1,1,1,178.6,0,0,dijkstra,predict,0.8132,0,,,,,,0,,,,473091,243960,0
1391,106.8541898727417,2026-03-06T11:19:14.425844,100.9,0.0,10.1,24.5,0.0,0.0,0.0,149.52,12.17,0.085,0.067,STRAIGHT,1.5,1.5,"CMD,0.1,1.50",4.0,0.003,3.927,0.023,1,0.9618,0,NORMAL,53.015,-0.905,1,1,1,1,1,196.3,41,12,dijkstra,graph,0.81814,0,,,,,,0,,,,479577,245102,4476
1392,106.90034818649292,2026-03-06T11:19:14.472002,2.0,0.0,3.82,0.0,0.0,0.0,0.0,23.93,12.94,0.098,0.085,STRAIGHT,1.5,1.5,"CMD,0.1,1.50",4.0,0.003,3.927,0.023,1,0.9618,0,NORMAL,53.559,-0.921,1,1,1,1,1,186.3,0,0,dijkstra,predict,0.81545,0,,,,,,0,,,,481728,244636,0
1393,106.94434881210327,2026-03-06T11:19:14.516003,2.0,0.0,4.01,0.0,0.0,0.0,0.0,20.02,12.93,0.106,0.098,STRAIGHT,1.5,1.5,"CMD,0.1,1.50",4.0,0.003,3.927,0.023,1,0.9618,0,NORMAL,52.986,-0.94,1,1,1,1,1,181.3,0,0,dijkstra,predict,0.81122,0,,,,,,0,,,,481728,243367,0
1394,106.98039507865906,2026-03-06T11:19:14.552049,0.0,0.0,0.0,0.0,0.0,0.0,0.0,14.02,12.94,0.111,0.106,STRAIGHT,1.5,1.5,"CMD,0.1,1.50",4.0,0.003,3.927,0.023,1,0.9618,0,NORMAL,53.42,-1.007,1,1,1,1,1,176.3,0,0,dijkstra,predict,0.79896,0,,,,,,0,,,,481728,239687,0
1395,107.15472626686096,2026-03-06T11:19:14.726380,101.26,0.0,17.29,15.45,0.0,0.0,0.0,146.5,12.21,0.117,0.111,STRAIGHT,1.5,1.5,"CMD,0.1,1.50",4.0,0.0031,3.836,0.023,1,0.9823,0,NORMAL,54.779,-1.037,1,1,1,1,1,191.8,25,9,dijkstra,graph,0.75643,0,,,,,,0,,,,472104,226620,3684
1396,107.20083522796631,2026-03-06T11:19:14.772489,2.0,0.0,5.01,0.0,0.0,0.0,0.0,22.07,13.17,0.121,0.117,STRAIGHT,1.5,1.5,"CMD,0.1,1.50",4.0,0.0031,3.836,0.023,1,0.9823,0,NORMAL,55.823,-0.98,1,1,1,1,1,181.8,0,0,dijkstra,predict,0.75389,0,,,,,,0,,,,473425,226166,0
1397,107.24489164352417,2026-03-06T11:19:14.816546,2.0,0.0,2.0,0.0,0.0,0.0,0.0,20.03,13.15,0.123,0.121,STRAIGHT,1.5,1.5,"CMD,0.1,1.50",4.0,0.0031,3.836,0.023,1,0.9823,0,NORMAL,56.416,-0.899,1,1,1,1,1,176.8,0,0,dijkstra,predict,0.74964,0,,,,,,0,,,,473425,224892,0
1398,107.29058456420898,2026-03-06T11:19:14.862239,2.0,0.0,3.86,0.0,0.0,0.0,0.0,21.38,13.13,0.125,0.123,STRAIGHT,1.5,1.5,"CMD,0.1,1.50",4.0,0.0031,3.836,0.023,1,0.9823,0,NORMAL,56.615,-0.812,1,1,1,1,1,171.8,0,0,dijkstra,predict,0.73796,0,,,,,,0,,,,473425,221388,0
1399,107.47293138504028,2026-03-06T11:19:15.044585,109.35,0.0,8.04,18.62,0.0,0.0,2.0,154.3,12.33,0.124,0.124,STRAIGHT,1.5,1.5,"CMD,0.1,1.50",4.0,0.003,3.927,0.023,1,0.9843,0,NORMAL,56.493,-0.727,1,1,1,1,1,196.3,32,9,dijkstra,graph,0.81374,0,,,,,,0,,,,476772,243678,4376
1400,107.51946759223938,2026-03-06T11:19:15.091122,2.0,0.0,4.01,0.0,0.0,0.0,2.0,24.51,13.17,0.123,0.124,STRAIGHT,1.5,1.5,"CMD,0.1,1.50",4.0,0.003,3.927,0.023,1,0.9843,0,NORMAL,55.8,-0.733,1,1,1,1,1,186.3,0,0,dijkstra,predict,0.8107,0,,,,,,0,,,,477329,243210,0
1401,107.56593155860901,2026-03-06T11:19:15.137586,2.0,0.0,4.0,0.0,0.0,0.0,0.0,22.43,13.16,0.123,0.123,STRAIGHT,1.5,1.5,"CMD,0.1,1.50",4.0,0.003,3.927,0.023,1,0.9843,0,NORMAL,55.13,-0.712,1,1,1,1,1,181.3,0,0,dijkstra,predict,0.80644,0,,,,,,0,,,,477329,241931,0
1402,107.6099865436554,2026-03-06T11:19:15.181641,4.01,0.0,2.0,0.0,0.0,0.0,0.0,22.03,13.15,0.123,0.123,STRAIGHT,1.5,1.5,"CMD,0.1,1.50",4.0,0.003,3.927,0.023,1,0.9843,0,NORMAL,54.859,-0.612,1,1,1,1,1,176.3,0,0,dijkstra,predict,0.79442,0,,,,,,0,,,,477329,238327,0
1403,107.78343796730042,2026-03-06T11:19:15.355092,112.86,0.0,8.01,12.83,0.0,0.0,0.0,151.43,12.39,0.128,0.123,STRAIGHT,1.5,1.5,"CMD,0.1,1.50",4.0,0.0033,3.699,0.023,1,0.9861,0,NORMAL,54.713,-0.774,1,1,1,1,1,184.9,17,7,dijkstra,graph,0.75738,0,,,,,,0,,,,471185,226879,3558
1404,107.82393908500671,2026-03-06T11:19:15.395593,0.0,0.0,4.46,0.0,0.0,0.0,0.0,18.47,13.23,0.131,0.128,STRAIGHT,1.5,1.5,"CMD,0.1,1.50",4.0,0.0033,3.699,0.023,1,0.9861,0,NORMAL,53.897,-0.852,1,1,1,1,1,174.9,0,0,dijkstra,predict,0.75476,0,,,,,,0,,,,471930,226429,0
1405,107.87277317047119,2026-03-06T11:19:15.444427,3.51,0.0,2.0,0.0,0.0,0.0,2.0,23.55,13.2,0.133,0.131,STRAIGHT,1.5,1.5,"CMD,0.1,1.50",4.0,0.0033,3.699,0.023,1,0.9861,0,NORMAL,52.775,-0.751,1,1,1,1,1,169.9,0,0,dijkstra,predict,0.75059,0,,,,,,0,,,,471930,225178,0
1406,107.92107677459717,2026-03-06T11:19:15.492731,2.0,0.0,2.0,0.0,0.0,0.0,0.0,20.03,13.17,0.135,0.133,STRAIGHT,1.5,1.5,"CMD,0.1,1.50",4.0,0.0033,3.699,0.023,1,0.9861,0,NORMAL,50.693,-0.693,1,1,1,1,1,164.9,0,0,dijkstra,predict,0.73894,0,,,,,,0,,,,471930,221682,0
1407,108.09312963485718,2026-03-06T11:19:15.664784,113.4,0.0,7.99,14.26,0.0,0.0,0.0,150.02,12.44,0.142,0.135,STRAIGHT,1.5,1.5,"CMD,0.1,1.50",4.0,0.0038,3.47,0.023,1,0.9798,0,NORMAL,49.992,-0.952,1,1,1,1,1,173.5,22,8,dijkstra,graph,0.7036,0,,,,,,0,,,,461931,210792,3491
1408,108.13718724250793,2026-03-06T11:19:15.708841,2.0,0.0,4.01,0.0,0.0,0.0,0.0,20.03,13.23,0.147,0.142,STRAIGHT,1.5,1.5,"CMD,0.1,1.50",4.0,0.0038,3.47,0.023,1,0.9798,0,NORMAL,50.057,-1.326,1,1,1,1,1,163.5,0,0,dijkstra,predict,0.70142,0,,,,,,0,,,,462207,210425,0
1409,108.17723965644836,2026-03-06T11:19:15.748894,2.0,0.0,4.01,0.0,0.0,0.0,0.0,20.03,13.26,0.15,0.147,STRAIGHT,1.5,1.5,"CMD,0.1,1.50",4.0,0.0038,3.47,0.023,1,0.9798,0,NORMAL,52.74,-1.67,1,1,1,1,1,158.5,0,0,dijkstra,predict,0.69738,0,,,,,,0,,,,462207,209215,0
1410,108.2212963104248,2026-03-06T11:19:15.792950,2.0,0.0,4.01,0.0,0.0,0.0,0.0,20.03,13.3,0.152,0.15,STRAIGHT,1.5,1.5,"CMD,0.1,1.50",4.0,0.0038,3.47,0.023,1,0.9798,0,NORMAL,55.59,-2.25,1,1,1,1,1,153.5,0,0,dijkstra,predict,0.68554,0,,,,,,0,,,,462207,205661,0
1411,108.40505957603455,2026-03-06T11:19:15.976714,113.17,0.0,8.01,20.36,0.0,0.0,0.0,159.73,12.47,0.152,0.152,STRAIGHT,1.5,1.5,"CMD,0.2,1.50",4.0,0.0037,3.516,0.023,1,0.958,0,NORMAL,44.587,-1.647,1,1,1,1,1,175.8,54,16,dijkstra,graph,0.7886,0,,,,,,0,,,,461367,235974,4888
1412,108.45105028152466,2026-03-06T11:19:16.022704,1.0,0.0,3.0,0.0,0.0,0.0,0.0,18.44,13.18,0.152,0.152,STRAIGHT,1.5,1.5,"CMD,0.2,1.50",4.0,0.0037,3.516,0.023,1,0.958,0,NORMAL,33.743,-1.757,1,1,1,1,1,165.8,0,0,dijkstra,predict,0.78545,0,,,,,,0,,,,461921,235634,0
1413,108.49611520767212,2026-03-06T11:19:16.067769,2.0,0.0,4.01,0.0,0.0,0.0,0.0,22.03,13.17,0.152,0.152,STRAIGHT,1.5,1.5,"CMD,0.2,1.50",4.0,0.0037,3.516,0.023,1,0.958,0,NORMAL,23.021,-1.581,1,1,1,1,1,160.8,0,0,dijkstra,predict,0.78123,0,,,,,,0,,,,461921,234368,0
1414,108.54861044883728,2026-03-06T11:19:16.120264,0.0,0.0,5.91,0.0,0.0,0.0,0.0,23.67,13.1,0.152,0.152,STRAIGHT,1.5,1.5,"CMD,0.2,1.50",4.0,0.0037,3.516,0.023,1,0.958,0,NORMAL,25.51,-1.441,1,1,1,1,1,155.8,0,0,dijkstra,predict,0.76925,0,,,,,,0,,,,461921,230775,0
1415,108.72899317741394,2026-03-06T11:19:16.300647,121.13,0.0,3.85,14.02,2.0,0.0,0.0,155.88,12.34,0.158,0.152,STRAIGHT,1.5,1.5,"CMD,0.2,1.50",4.0,0.0041,3.333,0.023,1,0.9707,0,NORMAL,39.229,-1.338,1,1,1,1,1,166.7,35,11,dijkstra,graph,0.68785,0,,,,,,0,,,,450145,206085,3770
1416,108.7710473537445,2026-03-06T11:19:16.342701,2.0,0.0,4.01,0.0,0.0,0.0,0.0,20.03,13.06,0.162,0.158,STRAIGHT,1.5,1.5,"CMD,0.2,1.50",4.0,0.0041,3.333,0.023,1,0.9707,0,NORMAL,59.702,-1.043,1,1,1,1,1,156.7,0,0,dijkstra,predict,0.68592,0,,,,,,0,,,,450784,205776,0
1417,108.81529116630554,2026-03-06T11:19:16.386945,1.74,0.0,2.0,0.0,0.0,0.0,0.0,20.21,13.05,0.164,0.162,STRAIGHT,1.5,1.5,"CMD,0.2,1.50",4.0,0.0041,3.333,0.023,1,0.9707,0,NORMAL,70.711,-1.332,1,1,1,1,1,151.7,0,0,dijkstra,predict,0.68212,0,,,,,,0,,,,450784,204636,0
1418,108.8555166721344,2026-03-06T11:19:16.427171,2.0,0.0,2.0,0.0,0.0,0.0,0.0,24.21,13.05,0.166,0.164,STRAIGHT,1.5,1.5,"CMD,0.2,1.50",4.0,0.0041,3.333,0.023,1,0.9707,0,NORMAL,70.711,-1.226,1,1,1,1,1,146.7,0,0,dijkstra,predict,0.67049,0,,,,,,0,,,,450784,201146,0
1419,109.03488516807556,2026-03-06T11:19:16.606539,110.82,0.0,12.48,16.02,0.0,0.0,0.0,155.34,12.29,0.174,0.166,STRAIGHT,1.5,1.5,"CMD,0.2,1.50",4.0,0.0046,3.151,0.023,1,0.9659,0,NORMAL,70.711,-1.267,1,1,1,1,1,157.5,34,11,dijkstra,graph,0.69147,0,,,,,,0,,,,440424,207082,3779
1420,109.0752522945404,2026-03-06T11:19:16.646906,2.0,0.0,2.32,0.0,0.0,0.0,0.0,18.34,13.06,0.179,0.174,STRAIGHT,1.5,1.5,"CMD,0.2,1.50",4.0,0.0046,3.151,0.023,1,0.9659,0,NORMAL,66.71,-1.435,1,1,1,1,1,147.5,0,0,dijkstra,predict,0.6891,0,,,,,,0,,,,440870,206730,0
1421,109.12049198150635,2026-03-06T11:19:16.692146,2.0,0.0,4.01,0.0,0.0,0.0,0.0,22.03,13.06,0.183,0.179,STRAIGHT,1.5,1.5,"CMD,0.2,1.50",4.0,0.0046,3.151,0.023,1,0.9659,0,NORMAL,64.022,-1.45,1,1,1,1,1,142.5,0,0,dijkstra,predict,0.68523,0,,,,,,0,,,,440870,205569,0
1422,109.16606783866882,2026-03-06T11:19:16.737722,2.0,0.0,4.01,0.0,0.0,0.0,0.0,19.54,13.05,0.185,0.183,STRAIGHT,1.5,1.5,"CMD,0.2,1.50",4.0,0.0046,3.151,0.023,1,0.9659,0,NORMAL,61.578,-1.416,1,1,1,1,1,137.5,0,0,dijkstra,predict,0.67334,0,,,,,,0,,,,440870,202003,0
1423,109.335866689682,2026-03-06T11:19:16.907521,108.98,0.0,7.5,12.98,0.0,0.0,0.0,147.77,12.31,0.207,0.185,STRAIGHT,1.5,1.5,"CMD,0.2,1.50",4.0,0.0061,2.74,0.023,1,0.9466,0,NORMAL,58.614,-1.397,1,1,1,1,1,137.0,26,10,dijkstra,graph,0.60808,0,,,,,,0,,,,417571,181999,3368
1424,109.38026285171509,2026-03-06T11:19:16.951917,0.0,0.0,5.89,0.0,0.0,0.0,0.0,20.01,13.03,0.222,0.207,STRAIGHT,1.5,1.5,"CMD,0.2,1.50",4.0,0.0061,2.74,0.023,1,0.9466,0,NORMAL,56.098,-1.249,1,1,1,1,1,127.0,0,0,dijkstra,predict,0.60571,0,,,,,,0,,,,417770,181714,0
1425,109.4292688369751,2026-03-06T11:19:17.000923,2.0,0.0,2.74,0.0,0.0,0.0,1.96,22.97,13.01,0.231,0.222,STRAIGHT,1.5,1.5,"CMD,0.2,1.50",4.0,0.0061,2.74,0.023,1,0.9466,0,NORMAL,55.648,-1.095,1,1,1,1,1,122.0,0,0,dijkstra,predict,0.60243,0,,,,,,0,,,,417770,180730,0
1426,109.47533082962036,2026-03-06T11:19:17.046985,0.0,0.0,5.21,0.0,0.0,0.0,0.0,22.29,13.0,0.238,0.231,STRAIGHT,1.5,1.5,"CMD,0.2,1.50",4.0,0.0061,2.74,0.023,1,0.9466,0,NORMAL,57.618,-1.235,1,1,1,1,1,117.0,0,0,dijkstra,predict,0.5908,0,,,,,,0,,,,417770,177239,0
1427,109.65007972717285,2026-03-06T11:19:17.221734,118.62,0.0,8.01,12.02,2.0,0.0,0.0,152.66,12.29,0.251,0.238,STRAIGHT,1.5,1.5,"CMD,0.2,1.50",4.0,0.0067,2.603,0.023,1,0.9591,0,NORMAL,56.592,-1.08,1,1,1,1,1,130.1,26,9,dijkstra,graph,0.58178,0,,,,,,0,,,,403753,173996,3349
1428,109.69413685798645,2026-03-06T11:19:17.265791,2.0,0.0,4.01,0.0,0.0,0.0,0.0,22.03,13.06,0.26,0.251,STRAIGHT,1.5,1.5,"CMD,0.3,1.50",4.0,0.0067,2.603,0.023,1,0.9591,0,NORMAL,57.503,-0.936,1,1,1,1,1,120.1,0,0,dijkstra,predict,0.57914,0,,,,,,0,,,,404462,173743,0
1429,109.73661708831787,2026-03-06T11:19:17.308271,2.01,0.0,0.0,0.0,0.0,0.0,0.0,20.03,13.08,0.266,0.26,STRAIGHT,1.5,1.5,"CMD,0.3,1.50",4.0,0.0067,2.603,0.023,1,0.9591,0,NORMAL,57.833,-0.829,1,1,1,1,1,115.1,0,0,dijkstra,predict,0.57587,0,,,,,,0,,,,404462,172761,0
1430,109.7805323600769,2026-03-06T11:19:17.352186,0.0,0.0,4.01,0.0,0.0,0.0,0.0,19.53,13.09,0.27,0.266,STRAIGHT,1.5,1.5,"CMD,0.3,1.50",4.0,0.0067,2.603,0.023,1,0.9591,0,NORMAL,56.076,-0.763,1,1,1,1,1,110.1,0,0,dijkstra,predict,0.564,0,,,,,,0,,,,404462,169200,0
1431,109.96021914482117,2026-03-06T11:19:17.531873,117.36,0.0,10.04,12.02,0.0,0.0,0.0,157.29,12.34,0.296,0.27,STRAIGHT,1.5,1.5,"CMD,0.3,1.50",4.0,0.0084,2.329,0.023,1,0.8235,0,NORMAL,56.297,-0.722,1,1,1,1,1,116.4,26,10,dijkstra,graph,0.50651,0,,,,,,0,,,,333327,151669,2934
1432,110.00358200073242,2026-03-06T11:19:17.575236,0.0,0.0,5.24,0.0,0.0,0.0,0.0,21.47,13.06,0.313,0.296,STRAIGHT,1.5,1.5,"CMD,0.3,1.50",4.0,0.0084,2.329,0.023,1,0.8235,0,NORMAL,56.947,-0.601,1,1,1,1,1,106.4,0,0,dijkstra,predict,0.50473,0,,,,,,0,,,,333822,151419,0
1433,110.04462814331055,2026-03-06T11:19:17.616282,2.0,0.0,4.01,0.0,0.0,0.0,0.0,21.03,13.06,0.324,0.313,STRAIGHT,1.5,1.5,"CMD,0.3,1.50",4.0,0.0084,2.329,0.023,1,0.8235,0,NORMAL,56.602,-0.622,1,1,1,1,1,101.4,0,0,dijkstra,predict,0.50202,0,,,,,,0,,,,333822,150605,0
1434,110.08516693115234,2026-03-06T11:19:17.656821,2.0,0.0,2.0,0.0,0.0,0.0,0.0,26.52,13.11,0.332,0.324,STRAIGHT,1.5,1.5,"CMD,0.3,1.50",4.0,0.0084,2.329,0.023,1,0.8235,0,NORMAL,55.975,-0.645,1,1,1,1,1,96.4,0,0,dijkstra,predict,0.49135,0,,,,,,0,,,,333822,147406,0
1435,110.26612877845764,2026-03-06T11:19:17.837783,122.93,0.0,6.01,11.86,0.0,0.0,0.0,160.93,12.37,0.364,0.332,STRAIGHT,1.5,1.5,"CMD,0.3,1.50",4.0,0.0104,2.1,0.023,1,0.8284,0,NORMAL,54.96,-0.691,1,1,1,1,1,105.0,18,8,dijkstra,graph,0.48818,0,,,,,,0,,,,344970,146076,2977
1436,110.31048917770386,2026-03-06T11:19:17.882143,2.0,0.0,3.74,0.0,0.0,0.0,0.0,22.33,13.08,0.385,0.364,STRAIGHT,1.5,1.5,"CMD,0.4,1.50",4.0,0.0104,2.1,0.023,1,0.8284,0,NORMAL,54.385,-0.655,1,1,1,1,1,95.0,0,0,dijkstra,predict,0.48631,0,,,,,,0,,,,345330,145893,0
1437,110.35129237174988,2026-03-06T11:19:17.922946,0.0,0.0,4.48,0.0,0.0,0.0,0.0,18.78,13.1,0.399,0.385,STRAIGHT,1.5,1.5,"CMD,0.4,1.50",4.0,0.0104,2.1,0.023,1,0.8284,0,NORMAL,53.773,-0.616,1,1,1,1,1,90.0,0,0,dijkstra,predict,0.48331,0,,,,,,0,,,,345330,144994,0
1438,110.39433169364929,2026-03-06T11:19:17.965986,0.0,0.0,4.35,0.0,0.0,0.0,0.0,22.41,13.08,0.408,0.399,STRAIGHT,1.5,1.5,"CMD,0.4,1.50",4.0,0.0104,2.1,0.023,1,0.8284,0,NORMAL,52.58,-0.64,1,1,1,1,1,85.0,0,0,dijkstra,predict,0.47336,0,,,,,,0,,,,345330,142007,0
1439,110.5689845085144,2026-03-06T11:19:18.140638,114.51,0.0,8.01,10.33,2.0,0.0,0.0,154.89,12.34,0.451,0.408,STRAIGHT,1.5,1.5,"CMD,0.4,1.50",4.0,0.013,1.872,0.023,1,0.8543,0,NORMAL,51.45,-0.667,1,1,1,1,1,93.6,34,10,dijkstra,graph,0.43341,0,,,,,,0,,,,329511,129597,2919
1440,110.61092853546143,2026-03-06T11:19:18.182583,0.0,0.0,5.81,0.0,0.0,0.0,0.0,19.91,13.15,0.48,0.451,STRAIGHT,1.5,1.5,"CMD,0.5,1.50",4.0,0.013,1.872,0.023,1,0.8543,0,NORMAL,50.453,-0.584,1,1,1,1,1,83.6,0,0,dijkstra,predict,0.43149,0,,,,,,0,,,,329640,129446,0
1441,110.65508985519409,2026-03-06T11:19:18.226744,2.0,0.0,2.0,0.0,0.0,0.0,0.0,20.03,13.16,0.499,0.48,STRAIGHT,1.5,1.5,"CMD,0.5,1.50",4.0,0.013,1.872,0.023,1,0.8543,0,NORMAL,44.528,-0.534,1,1,1,1,1,78.6,0,0,dijkstra,predict,0.42875,0,,,,,,0,,,,329640,128626,0
1442,110.69783401489258,2026-03-06T11:19:18.269488,3.01,0.0,2.0,0.0,0.0,0.0,0.0,20.46,13.17,0.512,0.499,STRAIGHT,1.5,1.5,"CMD,0.5,1.50",4.0,0.013,1.872,0.023,1,0.8543,0,NORMAL,38.561,-0.455,1,1,1,1,1,73.6,0,0,dijkstra,predict,0.41734,0,,,,,,0,,,,329640,125201,0
1443,110.88167142868042,2026-03-06T11:19:18.453326,120.07,0.0,8.01,12.02,0.0,0.0,2.0,160.14,12.43,0.49,0.499,STRAIGHT,1.5,1.5,"CMD,0.5,1.50",4.0,0.0108,2.055,0.023,1,0.9513,0,NORMAL,33.051,-0.484,1,1,1,1,1,102.7,29,8,dijkstra,graph,0.43818,0,,,,,,0,,,,338270,131136,2695
1444,110.92593026161194,2026-03-06T11:19:18.497584,2.0,0.0,2.0,0.0,0.0,0.0,2.0,22.23,13.2,0.475,0.49,STRAIGHT,1.5,1.5,"CMD,0.5,1.50",4.0,0.0108,2.055,0.023,1,0.9513,0,NORMAL,28.114,-0.381,1,1,1,1,1,92.7,0,0,dijkstra,predict,0.43658,0,,,,,,0,,,,338700,130975,0
1445,110.96625685691833,2026-03-06T11:19:18.537911,2.0,0.0,4.01,0.0,0.0,0.0,0.0,20.3,13.21,0.466,0.475,STRAIGHT,1.5,1.5,"CMD,0.5,1.50",4.0,0.0108,2.055,0.023,1,0.9513,0,NORMAL,29.164,-0.283,1,1,1,1,1,87.7,0,0,dijkstra,predict,0.43348,0,,,,,,0,,,,338700,130045,0
1446,111.00820875167847,2026-03-06T11:19:18.579863,0.0,0.0,4.01,0.0,0.0,0.0,0.0,22.03,13.22,0.459,0.466,STRAIGHT,1.5,1.5,"CMD,0.5,1.50",4.0,0.0108,2.055,0.023,1,0.9513,0,NORMAL,22.355,-0.278,1,1,1,1,1,82.7,0,0,dijkstra,predict,0.42227,0,,,,,,0,,,,338700,126682,0
1447,111.18386721611023,2026-03-06T11:19:18.755521,114.9,0.0,6.01,16.03,0.0,0.0,0.0,157.22,12.46,0.485,0.466,STRAIGHT,1.5,1.5,"CMD,0.5,1.50",4.0,0.013,1.872,0.023,1,0.923,0,NORMAL,13.183,-0.281,1,1,1,1,1,93.6,78,10,dijkstra,graph,0.38194,0,,,,,,0,,,,312445,114222,2774
1448,111.22411632537842,2026-03-06T11:19:18.795770,2.0,0.0,2.0,0.0,0.0,0.0,0.0,20.22,13.25,0.503,0.485,STRAIGHT,1.5,1.5,"CMD,0.5,1.50",4.0,0.013,1.872,0.023,1,0.923,0,NORMAL,5.97,-0.219,1,1,1,1,1,83.6,0,0,dijkstra,predict,0.38026,0,,,,,,0,,,,313112,114077,0
1449,111.26402640342712,2026-03-06T11:19:18.835680,0.0,0.0,3.57,0.0,0.0,0.0,0.0,19.58,13.25,0.514,0.503,STRAIGHT,1.5,1.5,"CMD,0.5,1.50",4.0,0.013,1.872,0.023,1,0.923,0,NORMAL,2.893,-0.163,1,1,1,1,1,78.6,0,0,dijkstra,predict,0.37778,0,,,,,,0,,,,313112,113334,0
1450,111.30375075340271,2026-03-06T11:19:18.875405,2.75,0.0,2.0,0.0,0.0,0.0,0.0,18.77,13.28,0.522,0.514,STRAIGHT,1.5,1.5,"CMD,0.5,1.50",4.0,0.013,1.872,0.023,1,0.923,0,NORMAL,5.901,-0.123,1,1,1,1,1,73.6,0,0,dijkstra,predict,0.36639,0,,,,,,0,,,,313112,109916,0
1451,111.48264050483704,2026-03-06T11:19:19.054295,117.01,0.0,6.01,14.02,0.0,0.0,0.0,159.13,12.52,0.594,0.522,STRAIGHT,1.5,1.5,"CMD,0.5,1.50",4.0,0.0179,1.598,0.023,1,0.7543,0,NORMAL,10.99,-0.169,1,1,1,1,1,79.9,59,8,dijkstra,graph,0.31114,0,,,,,,0,,,,236011,92915,2111
1452,111.52444100379944,2026-03-06T11:19:19.096095,0.0,0.0,6.0,0.0,0.0,0.0,0.0,23.51,13.25,0.642,0.594,STRAIGHT,1.5,1.5,"CMD,0.6,1.50",4.0,0.0179,1.598,0.023,1,0.7543,0,NORMAL,17.25,-0.203,1,1,1,1,1,69.9,0,0,dijkstra,predict,0.30969,0,,,,,,0,,,,236011,92907,0
1453,111.56418752670288,2026-03-06T11:19:19.135842,0.0,0.0,6.7,0.0,0.0,0.0,0.0,22.72,13.28,0.674,0.642,STRAIGHT,1.5,1.5,"CMD,0.6,1.50",4.0,0.0179,1.598,0.023,1,0.7543,0,NORMAL,22.608,-0.171,1,1,1,1,1,64.9,0,0,dijkstra,predict,0.30817,0,,,,,,0,,,,236011,92452,0
1454,111.60578203201294,2026-03-06T11:19:19.177436,2.0,0.0,4.01,0.0,0.0,0.0,0.0,23.83,13.32,0.695,0.674,STRAIGHT,1.5,1.5,"CMD,0.7,1.50",4.0,0.0179,1.598,0.023,1,0.7543,0,NORMAL,26.604,-0.184,1,1,1,1,1,59.9,0,0,dijkstra,predict,0.29965,0,,,,,,0,,,,236011,89896,0
1455,111.7804503440857,2026-03-06T11:19:19.352104,113.36,0.0,8.01,14.04,0.0,0.0,0.0,156.65,12.58,0.709,0.695,STRAIGHT,1.5,1.5,"CMD,0.7,1.50",4.0,0.0179,1.598,0.023,1,0.7355,0,NORMAL,33.705,-0.254,1,1,1,1,1,81.1,65,10,dijkstra,graph,0.272,0,,,,,,0,,,,230086,81226,2360
1456,111.96235728263855,2026-03-06T11:19:19.534011,112.4,0.0,7.75,18.02,6.01,0.0,0.0,162.39,12.54,2.405,0.709,STRAIGHT,1.5,1.5,"CMD,0.7,1.50",4.0,0.141,2.043,0.301,1,0.6136,0,NORMAL,37.079,-0.225,1,1,1,1,1,160.0,114,14,dijkstra,fallback_centerline,0.18407,0,,,,,,0,,,,141240,55016,2367
1457,111.99440455436707,2026-03-06T11:19:19.566059,0.0,0.0,0.0,0.0,0.0,0.0,0.0,16.03,12.61,3.536,2.405,STRAIGHT,1.5,1.5,"CMD,2.4,1.50",4.0,0.141,2.043,0.301,1,0.6136,0,NORMAL,38.424,-0.036,1,1,1,1,1,150.0,0,0,dijkstra,predict,0.17324,0,,,,,,0,,,,141270,51971,0
1458,112.17997622489929,2026-03-06T11:19:19.751630,112.58,0.0,6.01,17.95,8.01,0.0,0.0,166.84,11.87,4.72,3.536,STRAIGHT,1.5,1.5,"CMD,3.5,1.50",3.4,0.1727,1.868,0.31,1,0.6805,0,NORMAL,41.891,-0.091,1,1,1,1,1,141.8,116,10,dijkstra,fallback_centerline,0.19186,0,,,,,,0,,,,140852,57274,2109
