frame_id,timestamp,wall_clock,t_segmentation,t_detection,t_bev,t_skeleton,t_pathfinding,t_gps_fusion,t_command,t_total_pipeline,fps,heading_raw_deg,heading_smoothed_deg,command,speed_raw_mps,speed_smoothed_mps,serial_cmd,pp_lookahead_m,pp_kappa_cmd_m_inv,pp_target_x_m,pp_target_y_m,pp_valid_path,seg_iou,seg_unstable_frames,stability_mode,stab_corr_px,stab_corr_deg,has_candidate_path,has_model_path,has_control_path,has_path,num_paths,best_path_length_px,num_graph_nodes,num_graph_edges,planner_mode,path_source,bev_mask_occ_ratio,num_detections,min_obstacle_dist_m,detection_classes,detection_distances,gps_lat,gps_lon,gps_fix_quality,gps_wp_name,gps_wp_dist_m,gps_correction_deg,sidewalk_mask_pixels,bev_mask_pixels,skeleton_pixels
0,0.2747688293457031,2026-03-06T11:34:47.763339,117.96,0.0,10.41,15.36,0.0,0.0,0.0,165.61,0.0,0.1,0.1,STRAIGHT,1.5,1.5,"CMD,0.1,1.50",4.0,0.0072,2.511,0.023,1,1.0,0,NORMAL,0.0,0.0,1,1,1,1,1,125.6,123,12,dijkstra,graph,0.62973,0,,,,,,0,,,,285973,188320,4543
1,0.4577174186706543,2026-03-06T11:34:47.946287,102.23,0.0,10.11,18.03,0.0,0.0,0.0,148.39,5.47,0.166,0.133,STRAIGHT,1.5,1.5,"CMD,0.1,1.50",4.0,0.0072,2.511,0.023,1,0.9494,0,NORMAL,2.595,-0.068,1,1,1,1,1,125.6,116,9,dijkstra,graph,0.61686,0,,,,,,0,,,,275006,184570,4359
2,0.6374444961547852,2026-03-06T11:34:48.126015,109.21,0.0,8.01,22.03,0.0,0.0,0.0,159.61,5.51,0.21,0.166,STRAIGHT,1.5,1.5,"CMD,0.2,1.50",4.0,0.0072,2.511,0.023,1,0.9539,0,NORMAL,6.142,-0.139,1,1,1,1,1,125.6,115,11,dijkstra,graph,0.62388,0,,,,,,0,,,,282699,186629,4203
3,0.812056303024292,2026-03-06T11:34:48.300626,101.67,0.0,10.37,21.03,0.0,0.0,0.0,162.6,5.58,0.24,0.21,STRAIGHT,1.5,1.5,"CMD,0.2,1.50",4.0,0.0072,2.511,0.023,1,0.9759,0,NORMAL,8.447,-0.095,1,1,1,1,1,125.6,120,10,dijkstra,graph,0.6263,0,,,,,,0,,,,283233,187447,4348
4,0.9825160503387451,2026-03-06T11:34:48.471086,112.08,0.0,7.75,16.02,0.0,0.0,0.0,160.34,5.65,0.259,0.24,STRAIGHT,1.5,1.5,"CMD,0.2,1.50",4.0,0.0072,2.511,0.023,1,0.968,0,NORMAL,9.224,-0.087,1,1,1,1,1,125.6,111,11,dijkstra,graph,0.61254,0,,,,,,0,,,,276198,183373,4280
5,1.1635081768035889,2026-03-06T11:34:48.652078,110.55,0.0,8.01,20.03,0.0,0.0,0.0,154.6,5.63,0.273,0.259,STRAIGHT,1.5,1.5,"CMD,0.3,1.50",4.0,0.0072,2.511,0.023,1,0.9631,0,NORMAL,11.876,-0.009,1,1,1,1,1,125.6,111,9,dijkstra,graph,0.61448,0,,,,,,0,,,,279873,183773,4291
6,1.3384828567504883,2026-03-06T11:34:48.827053,106.54,0.0,8.01,22.03,0.0,0.0,0.0,156.95,5.64,0.281,0.273,STRAIGHT,1.5,1.5,"CMD,0.3,1.50",4.0,0.0072,2.511,0.023,1,0.9653,0,NORMAL,15.547,0.029,1,1,1,1,1,125.6,119,10,dijkstra,graph,0.62316,0,,,,,,0,,,,281026,186440,4537
7,1.514571189880371,2026-03-06T11:34:49.003141,110.04,0.0,7.75,22.18,0.0,0.0,0.0,160.07,5.65,0.291,0.281,STRAIGHT,1.5,1.5,"CMD,0.3,1.50",4.0,0.0075,2.466,0.023,1,0.9705,0,NORMAL,19.901,0.066,1,1,1,1,1,123.3,118,10,dijkstra,graph,0.62233,0,,,,,,0,,,,278841,186187,4238
8,1.6966392993927002,2026-03-06T11:34:49.185209,111.42,0.0,10.35,13.82,10.16,0.0,0.0,161.76,5.63,0.293,0.291,STRAIGHT,1.5,1.5,"CMD,0.3,1.50",4.0,0.0072,2.511,0.023,1,0.9549,0,NORMAL,22.382,0.153,1,1,1,1,1,125.6,119,11,dijkstra,graph,0.60928,0,,,,,,0,,,,269374,182274,4316
9,1.867506742477417,2026-03-06T11:34:49.356077,105.66,0.0,8.01,20.06,0.0,0.0,0.0,150.25,5.65,0.295,0.293,STRAIGHT,1.5,1.5,"CMD,0.3,1.50",4.0,0.0072,2.511,0.023,1,0.9574,0,NORMAL,22.308,0.191,1,1,1,1,1,125.6,100,8,dijkstra,graph,0.61715,0,,,,,,0,,,,275216,184743,4377
10,2.039123058319092,2026-03-06T11:34:49.527693,106.74,0.0,10.07,20.33,0.0,0.0,0.0,152.9,5.67,0.293,0.293,STRAIGHT,1.5,1.5,"CMD,0.3,1.50",4.0,0.007,2.557,0.023,1,0.9126,0,NORMAL,24.093,0.198,1,1,1,1,1,127.9,123,13,dijkstra,graph,0.58798,0,,,,,,0,,,,254195,175828,4051
11,2.2313191890716553,2026-03-06T11:34:49.719889,104.98,0.0,16.28,22.33,0.0,0.0,0.0,161.7,5.62,0.288,0.293,STRAIGHT,1.5,1.5,"CMD,0.3,1.50",4.0,0.0067,2.603,0.023,1,0.9187,0,NORMAL,26.949,0.151,1,1,1,1,1,130.1,129,8,dijkstra,graph,0.60043,0,,,,,,0,,,,268445,179472,3907
12,2.415078639984131,2026-03-06T11:34:49.903649,107.56,0.0,8.01,33.9,0.0,0.0,0.0,164.49,5.61,0.285,0.288,STRAIGHT,1.5,1.5,"CMD,0.3,1.50",4.0,0.0067,2.603,0.023,1,0.9053,0,NORMAL,27.608,-0.033,1,1,1,1,1,130.1,211,11,dijkstra,graph,0.66244,0,,,,,,0,,,,290871,198202,5293
13,2.5933003425598145,2026-03-06T11:34:50.081870,105.27,0.0,12.8,23.89,2.0,0.0,0.0,159.99,5.61,0.282,0.285,STRAIGHT,1.5,1.5,"CMD,0.3,1.50",4.0,0.0067,2.603,0.023,1,0.9772,0,NORMAL,27.28,-0.129,1,1,1,1,1,130.1,120,9,dijkstra,graph,0.67318,0,,,,,,0,,,,290413,201307,4840
14,2.787459135055542,2026-03-06T11:34:50.276029,107.9,0.0,10.17,36.04,0.0,0.0,2.0,172.13,5.57,0.281,0.282,STRAIGHT,1.5,1.5,"CMD,0.3,1.50",4.0,0.0067,2.603,0.023,1,0.9651,0,NORMAL,27.009,-0.247,1,1,1,1,1,130.1,213,9,dijkstra,graph,0.6795,0,,,,,,0,,,,292563,203381,5361
15,2.9703636169433594,2026-03-06T11:34:50.458933,106.03,0.0,6.63,35.84,0.0,0.0,0.0,172.89,5.56,0.283,0.282,STRAIGHT,1.5,1.5,"CMD,0.3,1.50",4.0,0.007,2.557,0.023,1,0.9677,0,NORMAL,28.283,-0.337,1,1,1,1,1,127.9,218,10,dijkstra,graph,0.68105,0,,,,,,0,,,,291729,203631,5308
16,3.15739107131958,2026-03-06T11:34:50.645961,109.07,0.0,6.01,32.33,2.0,0.0,0.0,167.0,5.55,0.288,0.283,STRAIGHT,1.5,1.5,"CMD,0.3,1.50",4.0,0.0072,2.511,0.023,1,0.9523,0,NORMAL,29.803,-0.353,1,1,1,1,1,125.6,211,10,dijkstra,graph,0.68017,0,,,,,,0,,,,290091,203422,5300
17,3.351382255554199,2026-03-06T11:34:50.839952,108.83,0.0,8.09,38.85,0.0,0.0,0.0,173.97,5.53,0.292,0.288,STRAIGHT,1.5,1.5,"CMD,0.3,1.50",4.0,0.0072,2.511,0.023,1,0.9497,0,NORMAL,30.69,-0.371,1,1,1,1,1,125.6,272,15,dijkstra,graph,0.66163,0,,,,,,0,,,,277277,198097,5598
18,3.5346662998199463,2026-03-06T11:34:51.023236,104.49,0.0,6.01,38.74,0.0,0.0,0.0,163.26,5.52,0.298,0.292,STRAIGHT,1.5,1.5,"CMD,0.3,1.50",4.0,0.0075,2.466,0.023,1,0.9407,0,NORMAL,29.983,-0.402,1,1,1,1,1,123.3,265,13,dijkstra,graph,0.68205,0,,,,,,0,,,,278167,203981,5526
19,3.7266712188720703,2026-03-06T11:34:51.215241,106.81,0.0,10.01,34.83,0.0,0.0,0.0,171.87,5.5,0.306,0.298,STRAIGHT,1.5,1.5,"CMD,0.3,1.50",4.0,0.0078,2.42,0.023,1,0.9262,0,NORMAL,30.981,-0.397,1,1,1,1,1,121.0,254,12,dijkstra,graph,0.65376,0,,,,,,0,,,,259192,195593,5349
20,3.9319255352020264,2026-03-06T11:34:51.420496,103.75,0.0,10.44,52.42,0.0,0.0,0.0,182.63,5.47,0.315,0.306,STRAIGHT,1.5,1.5,"CMD,0.3,1.50",4.0,0.0081,2.374,0.023,1,0.9044,0,NORMAL,33.188,-0.369,1,1,1,1,1,118.7,272,18,dijkstra,graph,0.68514,0,,,,,,0,,,,281440,204838,5957
21,4.131760358810425,2026-03-06T11:34:51.620330,111.12,0.0,8.01,30.13,10.37,0.0,0.0,175.66,5.44,0.326,0.315,STRAIGHT,1.5,1.5,"CMD,0.3,1.50",4.0,0.0084,2.329,0.023,1,0.9677,0,NORMAL,34.278,-0.344,1,1,1,1,1,116.4,266,18,dijkstra,graph,0.68802,0,,,,,,0,,,,281241,205782,6052
22,4.320775747299194,2026-03-06T11:34:51.809346,108.13,0.0,10.38,38.33,0.0,0.0,0.0,170.86,5.44,0.333,0.326,STRAIGHT,1.5,1.5,"CMD,0.3,1.50",4.0,0.0084,2.329,0.023,1,0.9541,0,NORMAL,34.987,-0.407,1,1,1,1,1,116.4,239,14,dijkstra,graph,0.68258,0,,,,,,0,,,,271229,204201,5660
23,4.516226768493652,2026-03-06T11:34:52.004797,107.35,0.0,10.49,40.52,2.0,0.0,0.0,175.43,5.42,0.338,0.333,STRAIGHT,1.5,1.5,"CMD,0.3,1.50",4.0,0.0084,2.329,0.023,1,0.9236,0,NORMAL,36.76,-0.43,1,1,1,1,1,116.4,234,13,dijkstra,graph,0.66486,0,,,,,,0,,,,254744,199087,5405
24,4.696658372879028,2026-03-06T11:34:52.185228,110.48,0.0,8.01,24.03,4.0,0.0,0.0,162.41,5.43,0.428,0.338,STRAIGHT,1.5,1.5,"CMD,0.3,1.50",4.0,0.0148,3.993,0.118,1,0.8078,0,NORMAL,40.886,-0.509,1,1,1,1,1,224.9,139,18,dijkstra,fallback_centerline,0.60196,0,,,,,,0,,,,206638,180651,4515
25,4.872925043106079,2026-03-06T11:34:52.361495,104.27,0.0,7.83,18.03,0.0,0.0,0.0,156.1,5.44,0.669,0.428,STRAIGHT,1.5,1.5,"CMD,0.4,1.50",4.0,0.0279,1.279,0.023,1,0.8468,0,NORMAL,44.675,-0.713,1,1,1,1,1,63.9,78,15,dijkstra,graph,0.59432,0,,,,,,0,,,,194308,178371,3669
26,5.046713352203369,2026-03-06T11:34:52.535283,111.08,0.0,8.01,18.43,0.0,0.0,0.0,155.76,5.45,0.567,0.567,STRAIGHT,1.5,1.5,"CMD,0.6,1.50",4.0,0.0088,2.283,0.023,1,0.7595,0,NORMAL,45.365,-0.528,1,1,1,1,1,114.2,89,15,dijkstra,graph,0.60738,0,,,,,,0,,,,228521,181941,4065
27,5.220047235488892,2026-03-06T11:34:52.708617,108.81,0.0,8.01,18.31,0.0,0.0,0.0,153.16,5.46,0.508,0.567,STRAIGHT,1.5,1.5,"CMD,0.6,1.50",4.0,0.0095,2.192,0.023,1,0.8984,0,NORMAL,47.866,-0.298,1,1,1,1,1,109.6,81,13,dijkstra,graph,0.6394,0,,,,,,0,,,,239761,191641,4349
28,5.395753622055054,2026-03-06T11:34:52.884324,108.48,0.0,0.0,22.05,0.0,0.0,0.0,165.44,5.47,0.464,0.508,STRAIGHT,1.5,1.5,"CMD,0.5,1.50",4.0,0.0091,2.237,0.023,1,0.9139,0,NORMAL,51.406,-0.258,1,1,1,1,1,111.9,115,16,dijkstra,graph,0.64331,0,,,,,,0,,,,251352,192825,4656
29,5.569075584411621,2026-03-06T11:34:53.057646,109.02,0.0,7.76,16.49,2.0,0.0,0.0,151.3,5.48,0.435,0.464,STRAIGHT,1.5,1.5,"CMD,0.5,1.50",4.0,0.0091,2.237,0.023,1,0.9516,0,NORMAL,51.071,-0.206,1,1,1,1,1,111.9,77,15,dijkstra,graph,0.63944,0,,,,,,0,,,,246341,191458,4266
30,5.74188756942749,2026-03-06T11:34:53.230458,107.67,0.0,8.01,21.97,2.0,0.0,0.0,154.79,5.49,0.416,0.435,STRAIGHT,1.5,1.5,"CMD,0.4,1.50",4.0,0.0091,2.237,0.023,1,0.9247,0,NORMAL,50.971,-0.102,1,1,1,1,1,111.9,116,14,dijkstra,graph,0.62802,0,,,,,,0,,,,239198,188056,4241
31,5.912124156951904,2026-03-06T11:34:53.400694,104.14,0.0,7.75,19.03,0.0,0.0,0.0,150.21,5.5,0.397,0.416,STRAIGHT,1.5,1.5,"CMD,0.4,1.50",4.0,0.0088,2.283,0.023,1,0.9556,0,NORMAL,50.835,-0.057,1,1,1,1,1,114.2,101,14,dijkstra,graph,0.62587,0,,,,,,0,,,,235673,187437,4334
32,6.077223300933838,2026-03-06T11:34:53.565793,104.18,0.0,10.5,18.38,0.0,0.0,0.0,147.08,5.51,0.385,0.397,STRAIGHT,1.5,1.5,"CMD,0.4,1.50",4.0,0.0088,2.283,0.023,1,0.9367,0,NORMAL,50.621,-0.039,1,1,1,1,1,114.2,73,15,dijkstra,graph,0.62789,0,,,,,,0,,,,233917,188179,4415
33,6.246942043304443,2026-03-06T11:34:53.735512,107.86,0.0,6.01,16.34,2.0,0.0,0.0,149.69,5.51,0.377,0.385,STRAIGHT,1.5,1.5,"CMD,0.4,1.50",4.0,0.0088,2.283,0.023,1,0.9553,0,NORMAL,50.381,-0.054,1,1,1,1,1,114.2,73,17,dijkstra,graph,0.62403,0,,,,,,0,,,,236086,186926,4491
34,6.420286655426025,2026-03-06T11:34:53.908857,104.42,0.0,12.78,19.94,2.0,0.0,0.0,159.32,5.52,0.372,0.377,STRAIGHT,1.5,1.5,"CMD,0.4,1.50",4.0,0.0088,2.283,0.023,1,0.9259,0,NORMAL,50.144,-0.099,1,1,1,1,1,114.2,115,14,dijkstra,graph,0.61554,0,,,,,,0,,,,237271,184314,4393
35,6.5947606563568115,2026-03-06T11:34:54.083331,108.45,0.0,5.56,23.54,2.0,0.0,0.0,156.45,5.52,0.368,0.372,STRAIGHT,1.5,1.5,"CMD,0.4,1.50",4.0,0.0088,2.283,0.023,1,0.9699,0,NORMAL,50.045,-0.109,1,1,1,1,1,114.2,108,15,dijkstra,graph,0.61463,0,,,,,,0,,,,239861,183960,4145
36,6.7658045291900635,2026-03-06T11:34:54.254374,108.26,0.0,8.01,18.33,0.0,0.0,0.0,161.02,5.52,0.366,0.368,STRAIGHT,1.5,1.5,"CMD,0.4,1.50",4.0,0.0088,2.283,0.023,1,0.97,0,NORMAL,50.0,-0.152,1,1,1,1,1,114.2,119,14,dijkstra,graph,0.61469,0,,,,,,0,,,,239634,183998,4292
37,6.956470727920532,2026-03-06T11:34:54.445041,113.63,0.0,8.17,22.46,2.0,0.0,0.0,166.29,5.51,0.365,0.366,STRAIGHT,1.5,1.5,"CMD,0.4,1.50",4.0,0.0088,2.283,0.023,1,0.969,0,NORMAL,50.038,-0.135,1,1,1,1,1,114.2,113,16,dijkstra,graph,0.61773,0,,,,,,0,,,,242862,184899,4767
38,7.134938955307007,2026-03-06T11:34:54.623509,112.51,0.0,8.01,18.07,2.0,0.0,0.0,160.34,5.51,0.368,0.366,STRAIGHT,1.5,1.5,"CMD,0.4,1.50",4.0,0.0091,2.237,0.023,1,0.9675,0,NORMAL,50.135,-0.096,1,1,1,1,1,111.9,99,16,dijkstra,graph,0.62089,0,,,,,,0,,,,243691,185887,4558
39,7.312087297439575,2026-03-06T11:34:54.800657,114.79,0.0,8.01,20.03,2.0,0.0,0.0,158.85,5.5,0.371,0.368,STRAIGHT,1.5,1.5,"CMD,0.4,1.50",4.0,0.0091,2.237,0.023,1,0.9648,0,NORMAL,50.361,-0.127,1,1,1,1,1,111.9,108,20,dijkstra,graph,0.62393,0,,,,,,0,,,,247138,186740,4769
40,7.483912467956543,2026-03-06T11:34:54.972482,114.89,0.0,6.01,18.17,0.0,0.0,0.0,154.35,5.52,0.373,0.371,STRAIGHT,1.5,1.5,"CMD,0.4,1.50",4.0,0.0091,2.237,0.023,1,0.9577,0,NORMAL,50.723,-0.141,1,1,1,1,1,111.9,97,20,dijkstra,graph,0.62986,0,,,,,,0,,,,252211,188748,4721
41,7.670647144317627,2026-03-06T11:34:55.159217,116.42,0.0,8.01,20.03,0.0,0.0,2.0,164.48,5.52,0.374,0.373,STRAIGHT,1.5,1.5,"CMD,0.4,1.50",4.0,0.0091,2.237,0.023,1,0.9774,0,NORMAL,50.949,-0.107,1,1,1,1,1,111.9,105,18,dijkstra,graph,0.63207,0,,,,,,0,,,,253328,189276,4799
42,7.854186296463013,2026-03-06T11:34:55.342756,115.63,0.0,10.25,26.37,0.0,0.0,0.0,167.52,5.51,0.375,0.374,STRAIGHT,1.5,1.5,"CMD,0.4,1.50",4.0,0.0091,2.237,0.023,1,0.9445,0,NORMAL,51.553,-0.156,1,1,1,1,1,111.9,120,15,dijkstra,graph,0.61244,0,,,,,,0,,,,245451,183317,4475
43,8.034934997558594,2026-03-06T11:34:55.523505,115.66,0.0,7.75,19.89,0.0,0.0,0.0,161.34,5.53,0.37,0.374,STRAIGHT,1.5,1.5,"CMD,0.4,1.50",4.0,0.0088,2.283,0.023,1,0.9095,0,NORMAL,51.763,0.094,1,1,1,1,1,114.2,108,12,dijkstra,graph,0.5663,0,,,,,,0,,,,227357,169307,4023
44,8.21981692314148,2026-03-06T11:34:55.708387,118.77,0.0,6.01,24.04,0.0,0.0,0.0,166.85,5.52,0.367,0.37,STRAIGHT,1.5,1.5,"CMD,0.4,1.50",4.0,0.0088,2.283,0.023,1,0.9607,0,NORMAL,51.825,0.185,1,1,1,1,1,114.2,145,13,dijkstra,graph,0.58643,0,,,,,,0,,,,230031,175301,4141
45,8.397956848144531,2026-03-06T11:34:55.886527,115.6,0.0,6.01,20.03,0.0,0.0,0.0,160.33,5.53,0.365,0.367,STRAIGHT,1.5,1.5,"CMD,0.4,1.50",4.0,0.0088,2.283,0.023,1,0.8887,0,NORMAL,52.017,0.211,1,1,1,1,1,114.2,107,15,dijkstra,graph,0.64444,0,,,,,,0,,,,255125,192935,4634
46,8.573243856430054,2026-03-06T11:34:56.061814,109.26,0.0,9.36,21.61,0.0,0.0,0.0,157.26,5.55,0.369,0.367,STRAIGHT,1.5,1.5,"CMD,0.4,1.50",4.0,0.0091,2.237,0.023,1,0.9176,0,NORMAL,52.263,0.219,1,1,1,1,1,111.9,113,15,dijkstra,graph,0.61393,0,,,,,,0,,,,239174,183647,4484
47,8.762637376785278,2026-03-06T11:34:56.251208,113.52,0.0,11.85,21.78,2.0,0.0,0.0,168.19,5.55,0.371,0.369,STRAIGHT,1.5,1.5,"CMD,0.4,1.50",4.0,0.0091,2.237,0.023,1,0.9174,0,NORMAL,52.2,0.246,1,1,1,1,1,111.9,83,16,dijkstra,graph,0.64364,0,,,,,,0,,,,256265,192704,4664
48,8.952231884002686,2026-03-06T11:34:56.440802,120.17,0.0,9.02,20.03,0.0,0.0,0.0,167.16,5.55,0.373,0.371,STRAIGHT,1.5,1.5,"CMD,0.4,1.50",4.0,0.0091,2.237,0.023,1,0.9577,0,NORMAL,52.353,0.217,1,1,1,1,1,111.9,99,16,dijkstra,graph,0.6336,0,,,,,,0,,,,251393,189793,4579
49,9.13156008720398,2026-03-06T11:34:56.620130,115.47,0.0,5.75,18.03,2.0,0.0,0.0,159.29,5.58,0.369,0.371,STRAIGHT,1.5,1.5,"CMD,0.4,1.50",4.0,0.0088,2.283,0.023,1,0.9477,0,NORMAL,52.286,0.278,1,1,1,1,1,114.2,85,18,dijkstra,graph,0.6555,0,,,,,,0,,,,261294,196381,4896
50,9.307294607162476,2026-03-06T11:34:56.795865,117.7,0.0,7.51,14.46,0.0,0.0,0.0,155.7,5.6,0.372,0.372,STRAIGHT,1.5,1.5,"CMD,0.4,1.50",4.0,0.0091,2.237,0.023,1,0.961,0,NORMAL,53.423,0.215,1,1,1,1,1,111.9,81,15,dijkstra,graph,0.64295,0,,,,,,0,,,,256793,192600,4402
51,9.488953828811646,2026-03-06T11:34:56.977524,113.1,0.0,10.02,15.51,0.0,0.0,0.0,158.16,5.61,0.378,0.372,STRAIGHT,1.5,1.5,"CMD,0.4,1.50",4.0,0.0095,2.192,0.023,1,0.9761,0,NORMAL,53.6,0.207,1,1,1,1,1,109.6,79,14,dijkstra,graph,0.64684,0,,,,,,0,,,,257559,193755,4226
52,9.667915105819702,2026-03-06T11:34:57.156485,113.41,0.0,8.01,19.48,2.0,0.0,0.0,160.93,5.63,0.383,0.378,STRAIGHT,1.5,1.5,"CMD,0.4,1.50",4.0,0.0095,2.192,0.023,1,0.9628,0,NORMAL,53.761,0.238,1,1,1,1,1,109.6,95,14,dijkstra,graph,0.64833,0,,,,,,0,,,,260851,194400,4269
53,9.845495462417603,2026-03-06T11:34:57.334065,114.48,0.0,8.01,18.03,2.0,0.0,0.0,158.55,5.63,0.386,0.383,STRAIGHT,1.5,1.5,"CMD,0.4,1.50",4.0,0.0095,2.192,0.023,1,0.9745,0,NORMAL,54.071,0.234,1,1,1,1,1,109.6,94,15,dijkstra,graph,0.65029,0,,,,,,0,,,,261393,194766,4309
54,10.02797794342041,2026-03-06T11:34:57.516548,120.41,0.0,10.02,18.44,0.0,0.0,0.0,164.45,5.63,0.388,0.386,STRAIGHT,1.5,1.5,"CMD,0.4,1.50",4.0,0.0095,2.192,0.023,1,0.9839,0,NORMAL,54.128,0.248,1,1,1,1,1,109.6,81,17,dijkstra,graph,0.65056,0,,,,,,0,,,,261506,194761,4526
55,10.218594551086426,2026-03-06T11:34:57.707164,120.76,0.0,10.02,18.03,0.0,0.0,2.0,170.84,5.61,0.384,0.386,STRAIGHT,1.5,1.5,"CMD,0.4,1.50",4.0,0.0091,2.237,0.023,1,0.9791,0,NORMAL,54.229,0.282,1,1,1,1,1,111.9,79,16,dijkstra,graph,0.65419,0,,,,,,0,,,,263279,195831,4292
56,10.395306825637817,2026-03-06T11:34:57.883877,115.91,0.0,6.01,20.03,0.0,0.0,0.0,158.68,5.6,0.382,0.384,STRAIGHT,1.5,1.5,"CMD,0.4,1.50",4.0,0.0091,2.237,0.023,1,0.9691,0,NORMAL,54.511,0.254,1,1,1,1,1,111.9,99,14,dijkstra,graph,0.65207,0,,,,,,0,,,,261233,195277,4592
57,10.5766019821167,2026-03-06T11:34:58.065172,117.04,0.0,6.01,20.19,2.0,0.0,0.0,163.27,5.6,0.385,0.384,STRAIGHT,1.5,1.5,"CMD,0.4,1.50",4.0,0.0095,2.192,0.023,1,0.9573,0,NORMAL,55.749,0.24,1,1,1,1,1,109.6,110,16,dijkstra,graph,0.66188,0,,,,,,0,,,,264229,198270,4679
58,10.761378526687622,2026-03-06T11:34:58.249949,122.74,0.0,6.01,18.43,2.0,0.0,0.0,166.75,5.59,0.387,0.385,STRAIGHT,1.5,1.5,"CMD,0.4,1.50",4.0,0.0095,2.192,0.023,1,0.9775,0,NORMAL,55.951,0.23,1,1,1,1,1,109.6,94,13,dijkstra,graph,0.65791,0,,,,,,0,,,,264170,197401,4239
59,10.938710451126099,2026-03-06T11:34:58.427280,115.4,0.0,8.01,16.31,0.0,0.0,0.0,159.12,5.58,0.384,0.385,STRAIGHT,1.5,1.5,"CMD,0.4,1.50",4.0,0.0091,2.237,0.023,1,0.9754,0,NORMAL,55.703,0.236,1,1,1,1,1,111.9,79,14,dijkstra,graph,0.65366,0,,,,,,0,,,,264804,195992,3836
60,11.127653121948242,2026-03-06T11:34:58.616223,124.39,0.0,8.01,18.36,0.0,0.0,0.0,168.79,5.56,0.381,0.384,STRAIGHT,1.5,1.5,"CMD,0.4,1.50",4.0,0.0091,2.237,0.023,1,0.9777,0,NORMAL,54.838,0.218,1,1,1,1,1,111.9,80,13,dijkstra,graph,0.64349,0,,,,,,0,,,,263145,192818,3626
61,11.320114135742188,2026-03-06T11:34:58.808684,128.65,0.0,6.01,20.25,0.0,0.0,0.0,172.43,5.53,0.38,0.381,STRAIGHT,1.5,1.5,"CMD,0.4,1.50",4.0,0.0091,2.237,0.023,1,0.9809,0,NORMAL,54.205,0.203,1,1,1,1,1,111.9,82,13,dijkstra,graph,0.63789,0,,,,,,0,,,,262401,191151,3888
62,11.507133960723877,2026-03-06T11:34:58.995704,118.47,0.0,10.02,20.23,2.0,0.0,0.0,166.99,5.51,0.379,0.38,STRAIGHT,1.5,1.5,"CMD,0.4,1.50",4.0,0.0091,2.237,0.023,1,0.9763,0,NORMAL,53.225,0.192,1,1,1,1,1,111.9,89,13,dijkstra,graph,0.63562,0,,,,,,0,,,,260934,190569,3828
63,11.693960905075073,2026-03-06T11:34:59.182531,120.64,0.0,10.02,18.1,0.0,0.0,0.0,168.8,5.5,0.373,0.379,STRAIGHT,1.5,1.5,"CMD,0.4,1.50",4.0,0.0088,2.283,0.023,1,0.973,0,NORMAL,53.334,0.166,1,1,1,1,1,114.2,94,14,dijkstra,graph,0.61886,0,,,,,,0,,,,257879,185511,3902
64,11.871086835861206,2026-03-06T11:34:59.359657,113.89,0.0,10.44,17.53,0.0,0.0,0.0,159.09,5.5,0.364,0.373,STRAIGHT,1.5,1.5,"CMD,0.4,1.50",4.0,0.0084,2.329,0.023,1,0.9717,0,NORMAL,52.688,0.138,1,1,1,1,1,116.4,139,15,dijkstra,graph,0.62599,0,,,,,,0,,,,260573,187625,4085
65,12.08097791671753,2026-03-06T11:34:59.569548,125.33,0.0,8.68,28.2,0.0,0.0,0.0,183.63,5.46,0.363,0.364,STRAIGHT,1.5,1.5,"CMD,0.4,1.50",4.0,0.0088,2.283,0.023,1,0.9667,0,NORMAL,52.614,0.109,1,1,1,1,1,114.2,166,16,dijkstra,graph,0.62519,0,,,,,,0,,,,264335,187486,4591
66,12.26675820350647,2026-03-06T11:34:59.755328,113.31,0.0,6.01,24.03,0.0,0.0,2.0,163.61,5.46,0.363,0.363,STRAIGHT,1.5,1.5,"CMD,0.4,1.50",4.0,0.0088,2.283,0.023,1,0.9606,0,NORMAL,53.96,0.045,1,1,1,1,1,114.2,146,17,dijkstra,graph,0.62014,0,,,,,,0,,,,266213,185840,4349
67,12.43908166885376,2026-03-06T11:34:59.927652,108.23,0.0,8.01,20.03,2.0,0.0,0.0,156.3,5.47,0.358,0.363,STRAIGHT,1.5,1.5,"CMD,0.4,1.50",4.0,0.0084,2.329,0.023,1,0.9602,0,NORMAL,55.299,0.012,1,1,1,1,1,116.4,115,17,dijkstra,graph,0.60946,0,,,,,,0,,,,264191,182793,4518
68,12.624653339385986,2026-03-06T11:35:00.113223,115.43,0.0,8.01,12.02,0.0,0.0,0.0,153.48,5.47,0.354,0.358,STRAIGHT,1.5,1.5,"CMD,0.4,1.50",4.0,0.0084,2.329,0.023,1,0.9652,0,NORMAL,54.364,-0.011,1,1,1,1,1,116.4,106,17,dijkstra,graph,0.61202,0,,,,,,0,,,,267739,183420,4472
69,12.807032346725464,2026-03-06T11:35:00.295602,109.39,0.0,10.35,29.85,0.0,0.0,0.0,172.3,5.45,0.352,0.354,STRAIGHT,1.5,1.5,"CMD,0.4,1.50",4.0,0.0084,2.329,0.023,1,0.9736,0,NORMAL,53.449,-0.034,1,1,1,1,1,116.4,142,15,dijkstra,graph,0.61031,0,,,,,,0,,,,270435,183006,4519
70,12.990283489227295,2026-03-06T11:35:00.478853,111.93,0.0,8.01,24.03,0.0,0.0,0.0,163.23,5.45,0.35,0.352,STRAIGHT,1.5,1.5,"CMD,0.4,1.50",4.0,0.0084,2.329,0.023,1,0.9453,0,NORMAL,52.244,-0.041,1,1,1,1,1,116.4,146,18,dijkstra,graph,0.61605,0,,,,,,0,,,,282081,184568,4670
71,13.184362888336182,2026-03-06T11:35:00.672933,121.2,0.0,6.01,28.35,2.0,0.0,0.0,176.06,5.44,0.354,0.352,STRAIGHT,1.5,1.5,"CMD,0.4,1.50",4.0,0.0088,2.283,0.023,1,0.9671,0,NORMAL,51.169,-0.066,1,1,1,1,1,114.2,148,18,dijkstra,graph,0.6211,0,,,,,,0,,,,286924,186104,4536
72,13.371670961380005,2026-03-06T11:35:00.860241,112.13,0.0,4.01,30.42,0.0,0.0,0.0,161.34,5.43,0.356,0.354,STRAIGHT,1.5,1.5,"CMD,0.4,1.50",4.0,0.0088,2.283,0.023,1,0.9679,0,NORMAL,50.087,-0.095,1,1,1,1,1,114.2,148,17,dijkstra,graph,0.605,0,,,,,,0,,,,284753,181413,4488
73,13.559950590133667,2026-03-06T11:35:01.048521,113.8,0.0,6.01,32.04,2.0,0.0,0.0,170.26,5.43,0.358,0.356,STRAIGHT,1.5,1.5,"CMD,0.4,1.50",4.0,0.0088,2.283,0.023,1,0.9689,0,NORMAL,49.005,-0.12,1,1,1,1,1,114.2,184,16,dijkstra,graph,0.58539,0,,,,,,0,,,,284602,175619,4339
74,13.744193077087402,2026-03-06T11:35:01.232763,114.43,0.0,7.75,23.53,2.0,0.0,0.0,165.74,5.42,0.359,0.358,STRAIGHT,1.5,1.5,"CMD,0.4,1.50",4.0,0.0088,2.283,0.023,1,0.9723,0,NORMAL,48.356,-0.15,1,1,1,1,1,114.2,151,13,dijkstra,graph,0.58893,0,,,,,,0,,,,287913,176660,3853
75,13.928681373596191,2026-03-06T11:35:01.417251,111.67,0.0,5.7,27.62,2.0,0.0,0.0,164.46,5.42,0.36,0.359,STRAIGHT,1.5,1.5,"CMD,0.4,1.50",4.0,0.0088,2.283,0.023,1,0.9728,0,NORMAL,48.314,-0.155,1,1,1,1,1,114.2,176,14,dijkstra,graph,0.58521,0,,,,,,0,,,,290152,175472,3895
76,14.117798566818237,2026-03-06T11:35:01.606369,115.38,0.0,8.01,28.19,2.0,0.0,0.0,172.77,5.42,0.36,0.36,STRAIGHT,1.5,1.5,"CMD,0.4,1.50",4.0,0.0088,2.283,0.023,1,0.9522,0,NORMAL,47.832,-0.145,1,1,1,1,1,114.2,159,14,dijkstra,graph,0.56921,0,,,,,,0,,,,285044,170619,3827
77,14.312987565994263,2026-03-06T11:35:01.801557,112.42,0.0,6.01,36.32,0.0,0.0,0.0,174.77,5.41,0.361,0.36,STRAIGHT,1.5,1.5,"CMD,0.4,1.50",4.0,0.0088,2.283,0.023,1,0.9561,0,NORMAL,47.074,-0.062,1,1,1,1,1,114.2,264,14,dijkstra,graph,0.5625,0,,,,,,0,,,,288472,168636,4508
78,14.49102520942688,2026-03-06T11:35:01.979595,113.87,0.0,7.83,20.73,0.0,0.0,0.0,159.66,5.41,0.356,0.36,STRAIGHT,1.5,1.5,"CMD,0.4,1.50",4.0,0.0084,2.329,0.023,1,0.965,0,NORMAL,50.439,-0.084,1,1,1,1,1,116.4,157,14,dijkstra,graph,0.56915,0,,,,,,0,,,,290157,170626,4320
79,14.68330979347229,2026-03-06T11:35:02.171880,115.67,0.0,8.01,24.47,0.0,0.0,0.0,166.18,5.39,0.009,0.356,STRAIGHT,1.5,1.5,"CMD,0.4,1.50",4.0,-0.0166,2.603,-0.056,1,0.9749,0,NORMAL,49.855,-0.065,1,1,1,1,1,132.6,155,11,dijkstra,graph,0.5636,0,,,,,,0,,,,290526,168853,3926
80,14.863797187805176,2026-03-06T11:35:02.352367,111.76,0.0,6.01,26.29,0.0,0.0,0.0,170.36,5.4,-0.222,0.009,STRAIGHT,1.5,1.5,"CMD,0.0,1.50",4.0,-0.0166,2.603,-0.056,1,0.9737,0,NORMAL,49.438,-0.045,1,1,1,1,1,132.6,144,12,dijkstra,graph,0.56196,0,,,,,,0,,,,292460,168443,3751
81,15.049947023391724,2026-03-06T11:35:02.538517,109.26,0.0,10.02,22.03,2.0,0.0,0.0,161.68,5.39,-0.037,-0.037,STRAIGHT,1.5,1.5,"CMD,-0.0,1.50",4.0,0.0081,2.374,0.023,1,0.9727,0,NORMAL,48.202,-0.008,1,1,1,1,1,118.7,135,11,dijkstra,graph,0.58062,0,,,,,,0,,,,296635,173957,3932
82,15.237102270126343,2026-03-06T11:35:02.725672,118.72,0.0,6.01,26.04,0.0,0.0,0.0,168.79,5.38,-0.416,-0.222,STRAIGHT,1.5,1.5,"CMD,-0.2,1.50",4.0,-0.0285,2.648,-0.1,1,0.972,0,NORMAL,47.408,0.042,1,1,1,1,1,135.9,153,11,dijkstra,graph,0.57213,0,,,,,,0,,,,294246,171411,3580
83,15.421029090881348,2026-03-06T11:35:02.909599,113.64,0.0,8.01,28.04,0.0,0.0,0.0,165.9,5.38,-0.166,-0.166,STRAIGHT,1.5,1.5,"CMD,-0.2,1.50",4.0,0.0081,2.374,0.023,1,0.9633,0,NORMAL,46.879,0.083,1,1,1,1,1,118.7,155,12,dijkstra,graph,0.58645,0,,,,,,0,,,,298050,175601,3985
84,15.602390766143799,2026-03-06T11:35:03.090961,104.44,0.0,12.49,26.39,0.0,0.0,0.0,159.33,5.39,-0.443,-0.416,STRAIGHT,1.5,1.5,"CMD,-0.4,1.50",4.0,-0.0242,2.694,-0.088,1,0.9677,0,NORMAL,45.453,0.129,1,1,1,1,1,138.3,165,11,dijkstra,graph,0.60058,0,,,,,,0,,,,301145,179651,3604
85,15.78913164138794,2026-03-06T11:35:03.277702,112.65,0.0,8.01,30.04,0.0,0.0,0.0,168.72,5.38,-0.188,-0.188,STRAIGHT,1.5,1.5,"CMD,-0.2,1.50",4.0,0.0078,2.42,0.023,1,0.9624,0,NORMAL,44.344,0.138,1,1,1,1,1,121.0,175,12,dijkstra,graph,0.59335,0,,,,,,0,,,,297520,177552,3847
86,15.979081392288208,2026-03-06T11:35:03.467651,117.9,0.0,6.01,27.76,2.0,0.0,0.0,171.93,5.37,-0.621,-0.443,STRAIGHT,1.5,1.5,"CMD,-0.4,1.50",4.0,-0.0361,2.74,-0.136,1,0.9682,0,NORMAL,43.282,0.193,1,1,1,1,1,141.6,184,12,dijkstra,graph,0.6161,0,,,,,,0,,,,301984,184547,3678
87,16.178972959518433,2026-03-06T11:35:03.667543,113.61,0.0,8.01,43.98,0.0,0.0,2.0,179.87,5.35,-0.91,-0.621,STRAIGHT,1.5,1.5,"CMD,-0.6,1.50",4.0,-0.0361,2.74,-0.136,1,0.9673,0,NORMAL,42.323,0.234,1,1,1,1,1,141.6,304,13,dijkstra,graph,0.64694,0,,,,,,0,,,,303583,193618,4654
88,16.372137546539307,2026-03-06T11:35:03.860708,108.71,0.0,10.18,34.25,2.0,0.0,0.0,173.14,5.34,-0.5,-0.621,STRAIGHT,1.5,1.5,"CMD,-0.6,1.50",4.0,0.0078,2.42,0.023,1,0.9642,0,NORMAL,41.473,0.248,1,1,1,1,1,121.0,249,16,dijkstra,graph,0.67254,0,,,,,,0,,,,305537,201221,5055
89,16.565343141555786,2026-03-06T11:35:04.053913,112.43,0.0,6.01,38.76,2.0,0.0,0.0,173.18,5.33,-0.783,-0.783,STRAIGHT,1.5,1.5,"CMD,-0.8,1.50",4.0,-0.0328,2.785,-0.127,1,0.9421,0,NORMAL,40.747,0.213,1,1,1,1,1,143.6,217,13,dijkstra,graph,0.6964,0,,,,,,0,,,,315977,208377,4942
90,16.75800061225891,2026-03-06T11:35:04.246571,116.01,0.0,2.74,35.66,2.0,0.0,0.0,172.44,5.33,-0.419,-0.5,STRAIGHT,1.5,1.5,"CMD,-0.5,1.50",4.0,0.0075,2.466,0.023,1,0.9677,0,NORMAL,40.117,0.168,1,1,1,1,1,123.3,190,16,dijkstra,graph,0.70899,0,,,,,,0,,,,317939,212160,5285
91,16.950413703918457,2026-03-06T11:35:04.438984,115.05,0.0,7.06,33.68,0.0,0.0,0.0,174.39,5.33,-0.172,-0.419,STRAIGHT,1.5,1.5,"CMD,-0.4,1.50",4.0,0.0078,2.42,0.023,1,0.9625,0,NORMAL,38.962,0.103,1,1,1,1,1,121.0,178,14,dijkstra,graph,0.71986,0,,,,,,0,,,,319582,215537,5261
92,17.13126802444458,2026-03-06T11:35:04.619838,106.3,0.0,10.14,30.33,0.0,0.0,0.0,160.79,5.33,-0.699,-0.419,STRAIGHT,1.5,1.5,"CMD,-0.4,1.50",4.0,-0.0425,2.785,-0.165,1,0.9665,0,NORMAL,38.096,0.061,1,1,1,1,1,144.8,142,11,dijkstra,graph,0.73178,0,,,,,,0,,,,318617,219204,5005
93,17.321436166763306,2026-03-06T11:35:04.810006,112.92,0.0,10.02,26.17,0.0,0.0,0.0,168.14,5.32,-1.074,-0.699,STRAIGHT,1.5,1.5,"CMD,-0.7,1.50",4.0,-0.0443,2.831,-0.178,1,0.9707,0,NORMAL,37.897,0.012,1,1,1,1,1,146.9,143,11,dijkstra,graph,0.74322,0,,,,,,0,,,,319066,222539,4902
94,17.507774829864502,2026-03-06T11:35:04.996345,110.16,0.0,15.09,23.67,0.0,0.0,0.0,166.3,5.35,-1.463,-1.074,STRAIGHT,1.5,1.5,"CMD,-1.1,1.50",4.0,-0.0544,2.831,-0.219,1,0.9726,0,NORMAL,37.198,-0.02,1,1,1,1,1,148.0,122,12,dijkstra,graph,0.75488,0,,,,,,0,,,,319767,225918,4528
95,17.695271492004395,2026-03-06T11:35:05.183842,115.19,0.0,6.01,28.04,2.0,0.0,0.0,169.47,5.34,-1.74,-1.463,STRAIGHT,1.5,1.5,"CMD,-1.5,1.50",4.0,-0.0556,2.877,-0.232,1,0.9751,0,NORMAL,36.701,-0.066,1,1,1,1,1,150.1,132,11,dijkstra,graph,0.77023,0,,,,,,0,,,,321295,230509,4787
96,17.89125347137451,2026-03-06T11:35:05.379823,109.96,0.0,5.75,38.05,2.0,0.0,0.0,171.95,5.32,-1.924,-1.74,STRAIGHT,1.5,1.5,"CMD,-1.7,1.50",4.0,-0.0556,2.877,-0.232,1,0.9777,0,NORMAL,35.81,-0.101,1,1,1,1,1,150.1,240,18,dijkstra,graph,0.77839,0,,,,,,0,,,,320419,232803,5707
97,18.079664707183838,2026-03-06T11:35:05.568235,114.44,0.0,7.01,26.58,0.0,0.0,0.0,165.94,5.31,-2.188,-1.924,STRAIGHT,1.5,1.5,"CMD,-1.9,1.50",4.0,-0.0659,2.877,-0.275,1,0.9703,0,NORMAL,34.964,-0.147,1,1,1,1,1,151.3,130,12,dijkstra,graph,0.78165,0,,,,,,0,,,,322195,234134,5060
98,18.276254653930664,2026-03-06T11:35:05.764825,120.83,0.0,6.01,25.88,0.0,0.0,0.0,170.47,5.3,-2.365,-2.188,STRAIGHT,1.5,1.5,"CMD,-2.2,1.50",4.0,-0.0659,2.877,-0.275,1,0.9702,0,NORMAL,32.221,-0.187,1,1,1,1,1,151.3,128,11,dijkstra,graph,0.78033,0,,,,,,0,,,,323772,233726,4940
99,18.459291458129883,2026-03-06T11:35:05.947861,114.89,0.0,6.01,26.03,0.0,0.0,0.0,163.23,5.3,-2.482,-2.365,STRAIGHT,1.5,1.5,"CMD,-2.4,1.50",4.0,-0.0659,2.877,-0.275,1,0.9659,0,NORMAL,31.254,-0.227,1,1,1,1,1,151.3,128,11,dijkstra,graph,0.77715,0,,,,,,0,,,,327657,232698,5230
100,18.6477472782135,2026-03-06T11:35:06.136317,116.37,0.0,0.0,26.04,0.0,0.0,0.0,168.43,5.31,-2.65,-2.482,STRAIGHT,1.5,1.5,"CMD,-2.5,1.50",4.0,-0.0725,2.922,-0.313,1,0.9643,0,NORMAL,30.331,-0.261,1,1,1,1,1,154.5,130,12,dijkstra,graph,0.77455,0,,,,,,0,,,,332827,231908,5206
101,18.822398900985718,2026-03-06T11:35:06.310969,108.56,0.0,0.0,20.01,0.0,0.0,0.0,154.63,5.32,-2.832,-2.65,STRAIGHT,1.5,1.5,"CMD,-2.7,1.50",3.929,-0.0775,2.877,-0.325,1,0.9719,0,NORMAL,29.913,-0.271,1,1,1,1,1,152.0,122,13,dijkstra,graph,0.77626,0,,,,,,0,,,,337695,232386,5129
102,19.017415046691895,2026-03-06T11:35:06.505985,116.63,0.0,8.01,26.04,2.0,0.0,0.0,170.71,5.31,-3.251,-2.832,STRAIGHT,1.5,1.5,"CMD,-2.8,1.50",3.691,-0.0993,2.922,-0.433,1,0.9667,0,NORMAL,29.768,-0.268,1,1,1,1,1,156.3,135,11,dijkstra,graph,0.77971,0,,,,,,0,,,,345772,233503,5160
103,19.206181287765503,2026-03-06T11:35:06.694751,112.12,0.0,13.46,25.13,0.0,0.0,0.0,168.74,5.31,-3.53,-3.251,STRAIGHT,1.5,1.5,"CMD,-3.3,1.50",3.691,-0.0993,2.922,-0.433,1,0.964,0,NORMAL,29.113,-0.285,1,1,1,1,1,156.3,134,11,dijkstra,graph,0.78411,0,,,,,,0,,,,354885,234980,5245
104,19.395975351333618,2026-03-06T11:35:06.884545,117.69,0.0,8.01,24.03,0.0,0.0,0.0,167.76,5.3,-3.876,-3.53,STRAIGHT,1.5,1.5,"CMD,-3.5,1.50",3.437,-0.111,2.922,-0.487,1,0.9654,0,NORMAL,28.662,-0.282,1,1,1,1,1,157.2,127,13,dijkstra,graph,0.79081,0,,,,,,0,,,,364507,237017,5020
105,19.584665060043335,2026-03-06T11:35:07.073235,111.67,0.0,8.01,26.26,0.0,0.0,2.0,164.66,5.3,-3.711,-3.711,STRAIGHT,1.5,1.5,"CMD,-3.7,1.50",2.423,-0.0821,2.355,-0.23,1,0.9693,0,NORMAL,28.534,-0.313,1,1,1,1,1,153.4,142,11,dijkstra,graph,0.7918,0,,,,,,0,,,,365949,237178,5281
106,19.774280548095703,2026-03-06T11:35:07.262851,112.84,0.0,2.0,34.41,2.0,0.0,0.0,169.02,5.31,-3.601,-3.711,STRAIGHT,1.5,1.5,"CMD,-3.7,1.50",2.423,-0.0821,2.355,-0.23,1,0.9811,0,NORMAL,28.976,-0.263,1,1,1,1,1,153.4,123,11,dijkstra,graph,0.7818,0,,,,,,0,,,,364407,234243,5060
107,19.959394454956055,2026-03-06T11:35:07.447964,115.43,0.0,8.01,16.02,2.0,0.0,0.0,161.09,5.3,-3.076,-3.601,STRAIGHT,1.5,1.5,"CMD,-3.6,1.50",1.986,-0.0492,1.913,-0.09,1,0.9829,0,NORMAL,29.225,-0.305,1,1,1,1,1,268.2,35,11,dijkstra,graph,0.78715,0,,,,,,0,,,,368750,235781,4484
108,20.146287441253662,2026-03-06T11:35:07.634858,102.47,0.0,15.82,26.04,2.0,0.0,0.0,164.87,5.31,-3.715,-3.601,STRAIGHT,1.5,1.5,"CMD,-3.6,1.50",3.013,-0.1213,2.838,-0.504,1,0.9803,0,NORMAL,30.408,-0.212,1,1,1,1,1,159.1,133,12,dijkstra,graph,0.78659,0,,,,,,0,,,,371944,235527,5117
109,20.341753244400024,2026-03-06T11:35:07.830323,121.17,0.0,8.13,24.11,0.0,0.0,0.0,173.44,5.29,-4.14,-3.715,STRAIGHT,1.5,1.5,"CMD,-3.7,1.50",3.013,-0.1213,2.838,-0.504,1,0.9913,0,NORMAL,31.484,-0.193,1,1,1,1,1,159.1,114,12,dijkstra,graph,0.7881,0,,,,,,0,,,,374375,235962,5016
110,20.521755933761597,2026-03-06T11:35:08.010326,116.42,0.0,8.01,15.54,0.0,0.0,0.0,154.74,5.3,-3.43,-3.715,STRAIGHT,1.5,1.5,"CMD,-3.7,1.50",1.94,-0.0487,1.857,-0.084,1,0.9854,0,NORMAL,32.449,-0.181,1,1,1,1,1,259.3,32,11,dijkstra,graph,0.78694,0,,,,,,0,,,,375469,235663,4529
111,20.70698595046997,2026-03-06T11:35:08.195556,117.76,0.0,8.01,18.81,1.5,0.0,0.0,164.2,5.3,-3.333,-3.43,STRAIGHT,1.5,1.5,"CMD,-3.4,1.50",1.908,-0.0762,1.811,-0.125,1,0.9832,0,NORMAL,33.465,-0.11,1,1,1,1,1,268.4,35,11,dijkstra,graph,0.79793,0,,,,,,0,,,,379630,239029,4479
112,20.90249752998352,2026-03-06T11:35:08.391068,113.7,0.0,6.01,28.46,0.0,0.0,0.0,166.38,5.29,-3.193,-3.333,STRAIGHT,1.5,1.5,"CMD,-3.3,1.50",2.152,-0.0707,2.112,-0.159,1,0.9854,0,NORMAL,35.481,0.02,1,1,1,1,1,159.2,139,12,dijkstra,graph,0.80638,0,,,,,,0,,,,384848,241599,5084
113,21.082419633865356,2026-03-06T11:35:08.570990,109.24,0.0,10.39,20.24,2.0,0.0,0.0,163.9,5.29,-3.205,-3.205,STRAIGHT,1.5,1.5,"CMD,-3.2,1.50",1.875,-0.0783,1.768,-0.123,1,0.9764,0,NORMAL,37.666,0.182,1,1,1,1,1,250.6,72,11,dijkstra,graph,0.81341,0,,,,,,0,,,,393514,243769,4766
114,21.26778554916382,2026-03-06T11:35:08.756356,114.53,0.0,8.01,18.77,0.0,0.0,2.0,161.34,5.29,-3.045,-3.193,STRAIGHT,1.5,1.5,"CMD,-3.2,1.50",1.873,-0.0661,1.768,-0.104,1,0.977,0,NORMAL,39.696,0.274,1,1,1,1,1,248.5,51,11,dijkstra,graph,0.82333,0,,,,,,0,,,,399397,246547,4695
115,21.445313930511475,2026-03-06T11:35:08.933884,114.44,0.0,10.01,16.03,0.0,0.0,0.0,156.5,5.31,-3.086,-3.086,STRAIGHT,1.5,1.5,"CMD,-3.1,1.50",1.881,-0.0769,1.776,-0.122,1,0.9751,0,NORMAL,40.601,0.289,1,1,1,1,1,245.0,74,13,dijkstra,graph,0.8269,0,,,,,,0,,,,405396,247658,4862
116,21.635354042053223,2026-03-06T11:35:09.123924,117.76,0.0,8.01,20.03,0.0,0.0,0.0,163.83,5.31,-2.981,-3.045,STRAIGHT,1.5,1.5,"CMD,-3.0,1.50",1.839,-0.0672,1.722,-0.1,1,0.9729,0,NORMAL,40.98,0.315,1,1,1,1,1,224.3,61,11,dijkstra,graph,0.83415,0,,,,,,0,,,,415716,249944,5108
117,21.81281328201294,2026-03-06T11:35:09.301383,114.29,0.0,6.98,13.93,0.0,0.0,0.0,151.43,5.33,-2.877,-2.981,STRAIGHT,1.5,1.5,"CMD,-3.0,1.50",1.871,-0.0647,1.767,-0.101,1,0.978,0,NORMAL,42.068,0.283,1,1,1,1,1,228.3,52,11,dijkstra,graph,0.83428,0,,,,,,0,,,,417601,250030,5044
118,22.00624704360962,2026-03-06T11:35:09.494817,112.07,0.0,10.26,20.28,0.0,0.0,0.0,156.63,5.33,-3.119,-2.981,STRAIGHT,1.5,1.5,"CMD,-3.0,1.50",1.941,-0.0875,1.85,-0.151,1,0.9823,0,NORMAL,43.325,0.285,1,1,1,1,1,223.5,65,11,dijkstra,graph,0.83213,0,,,,,,0,,,,418270,249305,4789
119,22.19911813735962,2026-03-06T11:35:09.687688,109.91,0.0,10.01,20.37,0.0,0.0,2.92,159.23,5.33,-3.177,-3.119,STRAIGHT,1.5,1.5,"CMD,-3.1,1.50",1.952,-0.0799,1.865,-0.14,1,0.9847,0,NORMAL,44.687,0.321,1,1,1,1,1,225.1,76,12,dijkstra,graph,0.84267,0,,,,,,0,,,,424342,252462,4933
120,22.45410943031311,2026-03-06T11:35:09.942679,104.59,0.0,8.01,100.73,0.0,0.0,0.0,233.47,5.27,-3.235,-3.177,STRAIGHT,1.5,1.5,"CMD,-3.2,1.50",2.063,-0.0813,1.999,-0.163,1,0.9821,0,NORMAL,46.314,0.294,1,1,1,1,1,192.2,111,12,dijkstra,graph,0.83969,0,,,,,,0,,,,426373,251548,4915
121,22.625790119171143,2026-03-06T11:35:10.114360,105.58,0.0,8.01,20.04,0.0,0.0,0.0,149.65,5.28,-3.193,-3.193,STRAIGHT,1.5,1.5,"CMD,-3.2,1.50",2.1,-0.0755,2.042,-0.158,1,0.981,0,NORMAL,46.509,0.303,1,1,1,1,1,192.5,52,12,dijkstra,graph,0.84535,0,,,,,,0,,,,434033,253205,5058
122,22.802123546600342,2026-03-06T11:35:10.290694,107.87,0.0,8.01,20.3,0.0,0.0,0.0,154.31,5.29,-2.962,-3.193,STRAIGHT,1.5,1.5,"CMD,-3.2,1.50",2.092,-0.0606,2.032,-0.126,1,0.9755,0,NORMAL,47.657,0.281,1,1,1,1,1,209.8,59,11,dijkstra,graph,0.85502,0,,,,,,0,,,,444608,256164,5035
123,22.98148465156555,2026-03-06T11:35:10.470055,109.27,0.0,10.01,18.02,2.0,0.0,0.0,155.33,5.3,-2.619,-2.962,STRAIGHT,1.5,1.5,"CMD,-3.0,1.50",2.49,-0.0469,2.459,-0.142,1,0.9699,0,NORMAL,49.44,0.259,1,1,1,1,1,205.4,47,11,dijkstra,graph,0.86099,0,,,,,,0,,,,457193,257897,4857
124,23.158670902252197,2026-03-06T11:35:10.647241,110.64,0.0,10.01,16.02,2.0,0.0,0.0,154.69,5.31,-2.596,-2.619,STRAIGHT,1.5,1.5,"CMD,-2.6,1.50",3.817,-0.0619,3.744,-0.44,1,0.8997,0,NORMAL,49.513,0.428,1,1,1,1,1,195.6,30,7,dijkstra,graph,0.79492,0,,,,,,0,,,,417354,238288,3820
125,23.340718507766724,2026-03-06T11:35:10.829289,113.96,0.0,6.01,18.03,0.0,0.0,0.0,154.01,5.32,-1.687,-2.596,STRAIGHT,1.5,1.5,"CMD,-2.6,1.50",4.0,0.0032,3.79,0.023,1,0.8832,0,NORMAL,48.869,0.399,1,1,1,1,1,189.5,31,12,dijkstra,graph,0.86178,0,,,,,,0,,,,472248,257988,4943
126,23.52699565887451,2026-03-06T11:35:11.015566,108.01,0.0,7.52,28.7,0.0,0.0,0.0,162.25,5.32,-1.083,-1.687,STRAIGHT,1.5,1.5,"CMD,-1.7,1.50",4.0,0.003,3.881,0.023,1,0.972,0,NORMAL,48.271,0.402,1,1,1,1,1,194.1,122,13,dijkstra,graph,0.88153,0,,,,,,0,,,,485826,264039,5450
127,23.716864824295044,2026-03-06T11:35:11.205435,108.29,0.0,8.02,30.04,0.0,0.0,0.0,169.25,5.33,-0.683,-1.083,STRAIGHT,1.5,1.5,"CMD,-1.1,1.50",4.0,0.0029,4.0,0.023,1,0.9862,0,NORMAL,48.465,0.394,1,1,1,1,1,216.9,113,11,dijkstra,graph,0.87994,0,,,,,,0,,,,489981,263540,5251
128,23.890434741973877,2026-03-06T11:35:11.379005,107.04,0.0,8.01,18.02,2.0,0.0,0.0,151.1,5.34,-0.416,-0.683,STRAIGHT,1.5,1.5,"CMD,-0.7,1.50",4.0,0.0029,4.0,0.023,1,0.9869,0,NORMAL,48.725,0.388,1,1,1,1,1,216.9,39,12,dijkstra,graph,0.88339,0,,,,,,0,,,,495823,264514,5352
129,24.07066583633423,2026-03-06T11:35:11.559236,110.71,0.0,8.01,17.57,2.0,0.0,0.0,156.02,5.35,-0.238,-0.416,STRAIGHT,1.5,1.5,"CMD,-0.4,1.50",4.0,0.0029,4.0,0.023,1,0.9874,0,NORMAL,49.388,0.401,1,1,1,1,1,219.2,31,11,dijkstra,graph,0.88795,0,,,,,,0,,,,501451,265791,5046
130,24.248438119888306,2026-03-06T11:35:11.737008,107.08,0.0,8.01,18.44,2.0,0.0,0.0,153.29,5.34,-0.119,-0.238,STRAIGHT,1.5,1.5,"CMD,-0.2,1.50",4.0,0.0029,4.0,0.023,1,0.9491,0,NORMAL,49.61,0.372,1,1,1,1,1,212.3,25,10,dijkstra,graph,0.87587,0,,,,,,0,,,,483801,262159,5156
131,24.424737453460693,2026-03-06T11:35:11.913307,109.72,0.0,6.01,12.02,8.19,0.0,0.0,161.87,5.36,-0.04,-0.119,STRAIGHT,1.5,1.5,"CMD,-0.1,1.50",4.0,0.0029,4.0,0.023,1,0.9602,0,NORMAL,49.616,0.352,1,1,1,1,1,210.0,32,11,dijkstra,graph,0.8725,0,,,,,,0,,,,501150,261149,5042
132,24.601577281951904,2026-03-06T11:35:12.090147,110.12,0.0,8.01,18.33,2.0,0.0,0.0,154.49,5.37,0.012,-0.04,STRAIGHT,1.5,1.5,"CMD,-0.0,1.50",4.0,0.0029,4.0,0.023,1,0.9912,0,NORMAL,51.063,0.356,1,1,1,1,1,219.2,30,11,dijkstra,graph,0.88686,0,,,,,,0,,,,505524,265479,5155
133,24.786931037902832,2026-03-06T11:35:12.275501,108.71,0.0,10.36,20.22,0.0,0.0,0.0,155.31,5.38,0.047,0.012,STRAIGHT,1.5,1.5,"CMD,0.0,1.50",4.0,0.0029,4.0,0.023,1,0.9949,0,NORMAL,51.385,0.372,1,1,1,1,1,216.9,29,11,dijkstra,graph,0.88068,0,,,,,,0,,,,503015,263652,5022
134,24.958251953125,2026-03-06T11:35:12.446822,107.78,0.0,4.0,20.6,0.0,0.0,0.0,146.15,5.4,0.071,0.047,STRAIGHT,1.5,1.5,"CMD,0.0,1.50",4.0,0.0029,4.0,0.023,1,0.9934,0,NORMAL,52.622,0.34,1,1,1,1,1,212.3,29,11,dijkstra,graph,0.87267,0,,,,,,0,,,,499741,261163,5107
135,25.14386749267578,2026-03-06T11:35:12.632437,106.61,0.0,10.01,20.26,0.0,0.0,0.0,153.1,5.4,0.086,0.071,STRAIGHT,1.5,1.5,"CMD,0.1,1.50",4.0,0.0029,4.0,0.023,1,0.9893,0,NORMAL,53.137,0.381,1,1,1,1,1,216.9,29,11,dijkstra,graph,0.88715,0,,,,,,0,,,,505073,265632,5157
136,25.32629656791687,2026-03-06T11:35:12.814867,112.34,0.0,8.01,18.03,2.0,0.0,0.0,158.4,5.4,0.097,0.086,STRAIGHT,1.5,1.5,"CMD,0.1,1.50",4.0,0.0029,4.0,0.023,1,0.9975,0,NORMAL,53.67,0.395,1,1,1,1,1,216.9,28,11,dijkstra,graph,0.88506,0,,,,,,0,,,,505011,264892,5164
137,25.494484663009644,2026-03-06T11:35:12.983055,109.76,0.0,8.01,12.02,0.0,0.0,0.0,144.82,5.42,0.104,0.097,STRAIGHT,1.5,1.5,"CMD,0.1,1.50",4.0,0.0029,4.0,0.023,1,0.9983,0,NORMAL,54.217,0.429,1,1,1,1,1,216.9,31,11,dijkstra,graph,0.88684,0,,,,,,0,,,,504888,265420,5042
138,25.674482583999634,2026-03-06T11:35:13.163053,106.95,0.0,14.21,14.47,0.0,0.0,0.0,151.55,5.44,0.108,0.104,STRAIGHT,1.5,1.5,"CMD,0.1,1.50",4.0,0.0029,4.0,0.023,1,0.9943,0,NORMAL,54.412,0.454,1,1,1,1,1,219.2,32,11,dijkstra,graph,0.892,0,,,,,,0,,,,507791,267068,5200
139,25.873344659805298,2026-03-06T11:35:13.361915,116.22,0.0,10.01,24.03,2.0,0.0,0.0,178.55,5.42,0.112,0.108,STRAIGHT,1.5,1.5,"CMD,0.1,1.50",4.0,0.0029,4.0,0.023,1,0.994,0,NORMAL,55.408,0.435,1,1,1,1,1,212.3,95,12,dijkstra,graph,0.88273,0,,,,,,0,,,,505290,264246,5373
140,26.058912754058838,2026-03-06T11:35:13.547483,115.66,0.0,8.01,20.03,0.0,0.0,0.0,161.73,5.42,0.114,0.112,STRAIGHT,1.5,1.5,"CMD,0.1,1.50",4.0,0.0029,4.0,0.023,1,0.9975,0,NORMAL,55.122,0.465,1,1,1,1,1,214.6,41,13,dijkstra,graph,0.88411,0,,,,,,0,,,,505565,264660,5191
141,26.242002964019775,2026-03-06T11:35:13.730573,110.53,0.0,14.03,18.48,0.0,0.0,0.0,159.06,5.43,0.115,0.114,STRAIGHT,1.5,1.5,"CMD,0.1,1.50",4.0,0.0029,4.0,0.023,1,0.9974,0,NORMAL,54.929,0.461,1,1,1,1,1,216.9,30,11,dijkstra,graph,0.88653,0,,,,,,0,,,,506866,265352,5193
142,26.408916473388672,2026-03-06T11:35:13.897486,106.76,0.0,8.08,12.02,0.0,0.0,0.0,142.88,5.44,0.116,0.115,STRAIGHT,1.5,1.5,"CMD,0.1,1.50",4.0,0.0029,4.0,0.023,1,0.9971,0,NORMAL,55.872,0.47,1,1,1,1,1,216.9,30,11,dijkstra,graph,0.88579,0,,,,,,0,,,,505571,265133,5188
143,26.58856987953186,2026-03-06T11:35:14.077140,106.75,0.0,0.0,18.03,0.0,0.0,0.0,149.26,5.45,0.117,0.116,STRAIGHT,1.5,1.5,"CMD,0.1,1.50",4.0,0.0029,4.0,0.023,1,0.9973,0,NORMAL,56.263,0.496,1,1,1,1,1,216.9,31,11,dijkstra,graph,0.88667,0,,,,,,0,,,,506555,265451,5198
144,26.765976667404175,2026-03-06T11:35:14.254547,111.09,0.0,6.01,21.8,2.0,0.0,0.0,155.25,5.45,0.117,0.117,STRAIGHT,1.5,1.5,"CMD,0.1,1.50",4.0,0.0029,4.0,0.023,1,0.9945,0,NORMAL,56.758,0.465,1,1,1,1,1,216.9,31,11,dijkstra,graph,0.88849,0,,,,,,0,,,,505177,265937,5195
145,26.940135955810547,2026-03-06T11:35:14.428706,102.7,0.0,8.01,19.19,0.0,0.0,0.0,148.13,5.47,0.117,0.117,STRAIGHT,1.5,1.5,"CMD,0.1,1.50",4.0,0.0029,4.0,0.023,1,0.9941,0,NORMAL,56.375,0.487,1,1,1,1,1,216.9,43,11,dijkstra,graph,0.89207,0,,,,,,0,,,,508158,266957,5195
146,27.114285230636597,2026-03-06T11:35:14.602855,112.82,0.0,8.31,11.56,0.0,0.0,0.0,150.92,5.47,0.117,0.117,STRAIGHT,1.5,1.5,"CMD,0.1,1.50",4.0,0.0029,4.0,0.023,1,0.9976,0,NORMAL,56.559,0.398,1,1,1,1,1,216.9,26,10,dijkstra,graph,0.89114,0,,,,,,0,,,,507018,266658,5127
147,27.300989866256714,2026-03-06T11:35:14.789560,112.0,0.0,8.01,19.25,2.0,0.0,0.0,155.8,5.48,0.117,0.117,STRAIGHT,1.5,1.5,"CMD,0.1,1.50",4.0,0.0029,4.0,0.023,1,0.9978,0,NORMAL,56.336,0.354,1,1,1,1,1,214.6,35,12,dijkstra,graph,0.88853,0,,,,,,0,,,,506015,265926,5472
148,27.470808029174805,2026-03-06T11:35:14.959378,98.23,0.0,8.01,18.02,0.0,0.0,0.0,142.29,5.5,0.118,0.117,STRAIGHT,1.5,1.5,"CMD,0.1,1.50",4.0,0.0029,4.0,0.023,1,0.9937,0,NORMAL,56.3,0.465,1,1,1,1,1,216.9,32,11,dijkstra,graph,0.89597,0,,,,,,0,,,,509245,268110,5283
149,27.647697925567627,2026-03-06T11:35:15.136268,106.51,0.0,10.01,18.32,2.0,0.0,0.0,152.86,5.58,0.118,0.118,STRAIGHT,1.5,1.5,"CMD,0.1,1.50",4.0,0.0029,4.0,0.023,1,0.9972,0,NORMAL,57.938,0.44,1,1,1,1,1,216.9,32,11,dijkstra,graph,0.89535,0,,,,,,0,,,,508470,267910,5260
150,27.824661016464233,2026-03-06T11:35:15.313231,108.28,0.0,8.01,18.4,2.0,0.0,0.0,152.72,5.58,0.118,0.118,STRAIGHT,1.5,1.5,"CMD,0.1,1.50",4.0,0.0029,4.0,0.023,1,0.9981,0,NORMAL,57.582,0.472,1,1,1,1,1,216.9,31,11,dijkstra,graph,0.8937,0,,,,,,0,,,,508184,267511,5162
151,27.998413801193237,2026-03-06T11:35:15.486984,108.59,0.0,6.01,17.55,2.0,0.0,0.0,149.73,5.58,0.118,0.118,STRAIGHT,1.5,1.5,"CMD,0.1,1.50",4.0,0.0029,4.0,0.023,1,0.993,0,NORMAL,55.614,0.549,1,1,1,1,1,216.9,26,11,dijkstra,graph,0.90095,0,,,,,,0,,,,511670,269558,5463
152,28.160279750823975,2026-03-06T11:35:15.648850,103.37,0.0,2.0,20.44,0.0,0.0,0.0,139.84,5.6,0.118,0.118,STRAIGHT,1.5,1.5,"CMD,0.1,1.50",4.0,0.0029,4.0,0.023,1,0.9947,0,NORMAL,51.762,0.516,1,1,1,1,1,216.9,28,10,dijkstra,graph,0.89469,0,,,,,,0,,,,509107,267784,5145
153,28.355143070220947,2026-03-06T11:35:15.843713,112.73,0.0,8.01,20.03,0.0,0.0,2.0,158.8,5.58,0.118,0.118,STRAIGHT,1.5,1.5,"CMD,0.1,1.50",4.0,0.0029,4.0,0.023,1,0.9952,0,NORMAL,49.495,0.576,1,1,1,1,1,216.9,31,11,dijkstra,graph,0.9001,0,,,,,,0,,,,511534,269326,5210
154,28.53891634941101,2026-03-06T11:35:16.027486,100.96,0.0,10.26,24.49,2.0,0.0,0.0,151.73,5.58,0.118,0.118,STRAIGHT,1.5,1.5,"CMD,0.1,1.50",4.0,0.0029,4.0,0.023,1,0.9949,0,NORMAL,48.939,0.585,1,1,1,1,1,210.0,30,11,dijkstra,graph,0.89072,0,,,,,,0,,,,510332,266552,5174
155,28.71157479286194,2026-03-06T11:35:16.200145,100.02,0.0,10.47,18.03,0.0,0.0,0.0,150.63,5.59,0.118,0.118,STRAIGHT,1.5,1.5,"CMD,0.1,1.50",4.0,0.0029,4.0,0.023,1,0.9943,0,NORMAL,48.571,0.588,1,1,1,1,1,207.8,27,11,dijkstra,graph,0.88529,0,,,,,,0,,,,508274,265033,5370
156,28.896930932998657,2026-03-06T11:35:16.385501,111.87,0.0,7.01,18.76,1.5,0.0,0.0,161.29,5.6,0.118,0.118,STRAIGHT,1.5,1.5,"CMD,0.1,1.50",4.0,0.0029,4.0,0.023,1,0.9945,0,NORMAL,48.259,0.557,1,1,1,1,1,205.5,30,11,dijkstra,graph,0.88004,0,,,,,,0,,,,506127,263295,5665
157,29.074397802352905,2026-03-06T11:35:16.562968,104.7,0.0,6.25,18.45,0.0,0.0,2.0,149.43,5.59,0.118,0.118,STRAIGHT,1.5,1.5,"CMD,0.1,1.50",4.0,0.0029,4.0,0.023,1,0.995,0,NORMAL,47.597,0.538,1,1,1,1,1,203.2,27,11,dijkstra,graph,0.87568,0,,,,,,0,,,,504237,262090,5364
158,29.24971055984497,2026-03-06T11:35:16.738281,108.99,0.0,8.01,16.26,0.0,0.0,0.0,161.27,5.6,0.118,0.118,STRAIGHT,1.5,1.5,"CMD,0.1,1.50",4.0,0.0029,4.0,0.023,1,0.9922,0,NORMAL,47.482,0.422,1,1,1,1,1,200.9,32,11,dijkstra,graph,0.86705,0,,,,,,0,,,,500746,259437,5274
159,29.427173852920532,2026-03-06T11:35:16.915744,103.4,0.0,7.67,26.14,0.0,0.0,0.0,152.99,5.6,0.119,0.118,STRAIGHT,1.5,1.5,"CMD,0.1,1.50",4.0,0.003,3.927,0.023,1,0.9943,0,NORMAL,47.199,0.368,1,1,1,1,1,196.3,36,12,dijkstra,graph,0.85822,0,,,,,,0,,,,498084,256880,5434
160,29.604254007339478,2026-03-06T11:35:17.092824,110.94,0.0,8.01,16.02,2.0,0.0,0.0,153.05,5.6,0.121,0.119,STRAIGHT,1.5,1.5,"CMD,0.1,1.50",4.0,0.003,3.881,0.023,1,0.9963,0,NORMAL,47.149,0.362,1,1,1,1,1,194.1,32,11,dijkstra,graph,0.85496,0,,,,,,0,,,,497150,255872,5119
161,29.77593469619751,2026-03-06T11:35:17.264505,105.46,0.0,8.01,16.36,0.0,0.0,0.0,149.65,5.6,0.122,0.121,STRAIGHT,1.5,1.5,"CMD,0.1,1.50",4.0,0.003,3.881,0.023,1,0.9952,0,NORMAL,47.946,0.391,1,1,1,1,1,194.1,33,11,dijkstra,graph,0.8506,0,,,,,,0,,,,494985,254654,5135
162,29.951937913894653,2026-03-06T11:35:17.440508,101.29,0.0,10.34,24.33,2.0,0.0,0.0,151.98,5.61,0.125,0.122,STRAIGHT,1.5,1.5,"CMD,0.1,1.50",4.0,0.0032,3.79,0.023,1,0.994,0,NORMAL,49.255,0.384,1,1,1,1,1,189.5,31,11,dijkstra,graph,0.84182,0,,,,,,0,,,,492248,251927,5065
163,30.13045597076416,2026-03-06T11:35:17.619026,107.73,0.0,8.01,16.29,3.06,0.0,0.0,154.49,5.61,0.129,0.125,STRAIGHT,1.5,1.5,"CMD,0.1,1.50",4.0,0.0033,3.699,0.023,1,0.9924,0,NORMAL,50.201,0.379,1,1,1,1,1,184.9,38,12,dijkstra,graph,0.83488,0,,,,,,0,,,,489328,249789,5075
164,30.311875104904175,2026-03-06T11:35:17.800445,114.24,0.0,6.01,17.88,0.0,0.0,0.0,162.27,5.61,0.133,0.129,STRAIGHT,1.5,1.5,"CMD,0.1,1.50",4.0,0.0034,3.653,0.023,1,0.9945,0,NORMAL,50.28,0.347,1,1,1,1,1,182.6,39,12,dijkstra,graph,0.82651,0,,,,,,0,,,,486901,247281,5052
165,30.490291357040405,2026-03-06T11:35:17.978861,114.39,0.0,8.01,16.14,0.0,0.0,0.0,154.56,5.62,0.14,0.133,STRAIGHT,1.5,1.5,"CMD,0.1,1.50",4.0,0.0037,3.516,0.023,1,0.9885,0,NORMAL,50.024,0.327,1,1,1,1,1,175.8,33,11,dijkstra,graph,0.81339,0,,,,,,0,,,,481649,243311,5005
166,30.665114641189575,2026-03-06T11:35:18.153684,105.99,0.0,8.01,16.77,2.0,0.0,0.0,150.8,5.61,0.145,0.14,STRAIGHT,1.5,1.5,"CMD,0.1,1.50",4.0,0.0038,3.47,0.023,1,0.9946,0,NORMAL,50.124,0.32,1,1,1,1,1,173.5,36,12,dijkstra,graph,0.81095,0,,,,,,0,,,,481266,242604,5293
167,30.84104061126709,2026-03-06T11:35:18.329610,112.81,0.0,6.01,15.06,2.0,0.0,0.0,151.9,5.61,0.152,0.145,STRAIGHT,1.5,1.5,"CMD,0.1,1.50",4.0,0.004,3.379,0.023,1,0.9901,0,NORMAL,50.032,0.293,1,1,1,1,1,168.9,26,11,dijkstra,graph,0.80138,0,,,,,,0,,,,476644,239765,4988
168,31.01245355606079,2026-03-06T11:35:18.501024,107.54,0.0,8.01,7.75,10.2,0.0,0.0,150.39,5.64,0.156,0.152,STRAIGHT,1.5,1.5,"CMD,0.2,1.50",4.0,0.004,3.379,0.023,1,0.9941,0,NORMAL,50.007,0.292,1,1,1,1,1,168.9,31,12,dijkstra,graph,0.80052,0,,,,,,0,,,,474805,239479,5007
169,31.178975105285645,2026-03-06T11:35:18.667545,100.21,0.0,0.0,16.02,0.0,0.0,0.0,142.44,5.66,0.161,0.156,STRAIGHT,1.5,1.5,"CMD,0.2,1.50",4.0,0.0041,3.333,0.023,1,0.9949,0,NORMAL,50.153,0.354,1,1,1,1,1,166.7,31,12,dijkstra,graph,0.79736,0,,,,,,0,,,,473578,238609,5154
170,31.353290557861328,2026-03-06T11:35:18.841861,107.03,0.0,10.12,17.03,0.0,0.0,2.0,160.24,5.67,0.169,0.161,STRAIGHT,1.5,1.5,"CMD,0.2,1.50",4.0,0.0045,3.196,0.023,1,0.9883,0,NORMAL,50.009,0.31,1,1,1,1,1,159.8,31,12,dijkstra,graph,0.78583,0,,,,,,0,,,,468294,235045,4923
171,31.528094053268433,2026-03-06T11:35:19.016664,109.1,0.0,8.01,14.13,2.0,0.0,0.0,153.27,5.66,0.178,0.169,STRAIGHT,1.5,1.5,"CMD,0.2,1.50",4.0,0.0047,3.105,0.023,1,0.983,0,NORMAL,50.023,0.249,1,1,1,1,1,155.3,27,11,dijkstra,graph,0.77174,0,,,,,,0,,,,460553,230914,4991
172,31.698298692703247,2026-03-06T11:35:19.186869,113.75,0.0,10.01,8.39,0.0,0.0,0.0,150.18,5.68,0.185,0.178,STRAIGHT,1.5,1.5,"CMD,0.2,1.50",4.0,0.0049,3.059,0.023,1,0.9884,0,NORMAL,50.107,0.218,1,1,1,1,1,153.0,27,11,dijkstra,graph,0.7632,0,,,,,,0,,,,455794,228181,4804
173,31.884276628494263,2026-03-06T11:35:19.372847,108.19,0.0,10.01,16.03,0.0,0.0,2.0,155.62,5.67,0.199,0.185,STRAIGHT,1.5,1.5,"CMD,0.2,1.50",4.0,0.0055,2.877,0.023,1,0.9881,0,NORMAL,50.229,0.173,1,1,1,1,1,143.8,27,11,dijkstra,graph,0.75056,0,,,,,,0,,,,450822,224446,4853
174,32.060041427612305,2026-03-06T11:35:19.548611,111.65,0.0,6.01,16.02,0.0,0.0,0.0,153.85,5.66,0.211,0.199,STRAIGHT,1.5,1.5,"CMD,0.2,1.50",4.0,0.0057,2.831,0.023,1,0.9923,0,NORMAL,50.335,0.174,1,1,1,1,1,141.6,31,12,dijkstra,graph,0.74636,0,,,,,,0,,,,447976,223283,4809
175,32.22933912277222,2026-03-06T11:35:19.717909,102.91,0.0,8.01,14.02,2.0,0.0,0.0,147.07,5.67,0.222,0.211,STRAIGHT,1.5,1.5,"CMD,0.2,1.50",4.0,0.0059,2.785,0.023,1,0.9913,0,NORMAL,50.575,0.116,1,1,1,1,1,139.3,27,11,dijkstra,graph,0.74134,0,,,,,,0,,,,444628,221693,4797
176,32.40294528007507,2026-03-06T11:35:19.891515,110.28,0.0,8.24,18.5,0.0,0.0,0.0,159.38,5.68,0.232,0.222,STRAIGHT,1.5,1.5,"CMD,0.2,1.50",4.0,0.0061,2.74,0.023,1,0.9862,0,NORMAL,50.846,0.069,1,1,1,1,1,137.0,31,12,dijkstra,graph,0.73097,0,,,,,,0,,,,438832,218560,4664
177,32.57046461105347,2026-03-06T11:35:20.059035,104.66,0.0,6.01,16.21,0.0,0.0,0.0,144.89,5.69,0.247,0.232,STRAIGHT,1.5,1.5,"CMD,0.2,1.50",4.0,0.0067,2.603,0.023,1,0.9862,0,NORMAL,51.318,0.01,1,1,1,1,1,130.1,34,10,dijkstra,graph,0.72388,0,,,,,,0,,,,433453,216615,4611
178,32.74009299278259,2026-03-06T11:35:20.228663,97.01,0.0,15.55,12.97,2.0,0.0,0.0,143.6,5.69,0.268,0.247,STRAIGHT,1.5,1.5,"CMD,0.2,1.50",4.0,0.0075,2.466,0.023,1,0.9798,0,NORMAL,51.574,-0.003,1,1,1,1,1,123.3,31,11,dijkstra,graph,0.71184,0,,,,,,0,,,,424976,212787,4768
179,32.91480278968811,2026-03-06T11:35:20.403373,112.73,0.0,7.75,16.19,2.0,0.0,0.0,154.69,5.7,0.286,0.268,STRAIGHT,1.5,1.5,"CMD,0.3,1.50",4.0,0.0078,2.42,0.023,1,0.9921,0,NORMAL,51.74,0.015,1,1,1,1,1,121.0,42,12,dijkstra,graph,0.70742,0,,,,,,0,,,,422621,211451,4646
180,33.09255528450012,2026-03-06T11:35:20.581125,110.79,0.0,10.01,14.22,0.0,0.0,0.0,153.73,5.69,0.298,0.286,STRAIGHT,1.5,1.5,"CMD,0.3,1.50",4.0,0.0078,2.42,0.023,1,0.9921,0,NORMAL,52.045,0.01,1,1,1,1,1,121.0,43,12,dijkstra,graph,0.70335,0,,,,,,0,,,,419904,210312,4451
181,33.26577639579773,2026-03-06T11:35:20.754346,110.61,0.0,6.01,14.33,2.0,0.0,0.0,148.98,5.68,0.31,0.298,STRAIGHT,1.5,1.5,"CMD,0.3,1.50",4.0,0.0081,2.374,0.023,1,0.9837,0,NORMAL,52.843,-0.062,1,1,1,1,1,118.7,39,12,dijkstra,graph,0.69207,0,,,,,,0,,,,413363,207001,4316
182,33.432342529296875,2026-03-06T11:35:20.920912,100.47,0.0,8.01,14.02,0.0,0.0,2.0,140.53,5.71,0.318,0.31,STRAIGHT,1.5,1.5,"CMD,0.3,1.50",4.0,0.0081,2.374,0.023,1,0.9882,0,NORMAL,53.169,-0.121,1,1,1,1,1,118.7,36,11,dijkstra,graph,0.68961,0,,,,,,0,,,,410226,206171,4758
183,33.60517716407776,2026-03-06T11:35:21.093747,112.39,0.0,10.01,6.15,8.22,0.0,0.0,152.8,5.72,0.323,0.318,STRAIGHT,1.5,1.5,"CMD,0.3,1.50",4.0,0.0081,2.374,0.023,1,0.9912,0,NORMAL,53.095,-0.052,1,1,1,1,1,118.7,36,10,dijkstra,graph,0.68787,0,,,,,,0,,,,408345,205639,4587
184,33.80836224555969,2026-03-06T11:35:21.296932,136.12,0.0,10.24,17.24,0.0,0.0,0.0,181.08,5.69,0.331,0.323,STRAIGHT,1.5,1.5,"CMD,0.3,1.50",4.0,0.0084,2.329,0.023,1,0.9866,0,NORMAL,53.155,-0.034,1,1,1,1,1,116.4,43,10,dijkstra,graph,0.68196,0,,,,,,0,,,,403909,203831,4281
185,34.044853925704956,2026-03-06T11:35:21.533424,156.64,0.0,7.66,17.15,0.0,0.0,0.0,205.78,5.63,0.337,0.331,STRAIGHT,1.5,1.5,"CMD,0.3,1.50",4.0,0.0084,2.329,0.023,1,0.9776,0,NORMAL,54.056,-0.09,1,1,1,1,1,116.4,42,11,dijkstra,graph,0.67638,0,,,,,,0,,,,396479,202224,4618
186,34.28604006767273,2026-03-06T11:35:21.774610,152.01,0.0,17.02,20.15,0.0,0.0,0.0,210.03,5.56,0.345,0.337,STRAIGHT,1.5,1.5,"CMD,0.3,1.50",4.0,0.0088,2.283,0.023,1,0.9819,0,NORMAL,54.6,-0.124,1,1,1,1,1,114.2,59,11,dijkstra,graph,0.66868,0,,,,,,0,,,,390114,199923,4427
187,34.53969430923462,2026-03-06T11:35:22.028264,158.32,0.0,12.36,25.12,0.0,0.0,0.0,218.72,5.48,0.35,0.345,STRAIGHT,1.5,1.5,"CMD,0.3,1.50",4.0,0.0088,2.283,0.023,1,0.9816,0,NORMAL,54.736,-0.167,1,1,1,1,1,114.2,55,11,dijkstra,graph,0.66114,0,,,,,,0,,,,383709,197686,4263
188,34.78666019439697,2026-03-06T11:35:22.275230,150.04,0.0,10.31,30.21,3.96,0.0,0.0,226.44,5.41,0.359,0.35,STRAIGHT,1.5,1.5,"CMD,0.4,1.50",4.0,0.0091,2.237,0.023,1,0.9811,0,NORMAL,55.202,-0.189,1,1,1,1,1,111.9,59,11,dijkstra,graph,0.65409,0,,,,,,0,,,,376966,195560,4270
189,35.03073787689209,2026-03-06T11:35:22.519308,158.17,0.0,10.01,28.23,0.0,0.0,0.0,227.92,5.34,0.37,0.359,STRAIGHT,1.5,1.5,"CMD,0.4,1.50",4.0,0.0095,2.192,0.023,1,0.9749,0,NORMAL,55.919,-0.114,1,1,1,1,1,109.6,57,11,dijkstra,graph,0.64469,0,,,,,,0,,,,368263,192622,4144
190,35.27011060714722,2026-03-06T11:35:22.758681,161.73,0.0,10.15,17.91,0.0,0.0,0.0,212.99,5.28,0.383,0.37,STRAIGHT,1.5,1.5,"CMD,0.4,1.50",4.0,0.0099,2.146,0.023,1,0.9693,0,NORMAL,56.324,-0.129,1,1,1,1,1,107.3,65,12,dijkstra,graph,0.63056,0,,,,,,0,,,,357325,188526,4149
191,35.52540373802185,2026-03-06T11:35:23.013974,164.94,0.0,10.07,27.61,2.01,0.0,0.0,224.35,5.2,0.386,0.383,STRAIGHT,1.5,1.5,"CMD,0.4,1.50",4.0,0.0095,2.192,0.023,1,0.9804,0,NORMAL,56.436,-0.075,1,1,1,1,1,109.6,67,11,dijkstra,graph,0.62961,0,,,,,,0,,,,352704,188142,4374
192,35.765578746795654,2026-03-06T11:35:23.254149,166.8,0.0,0.0,18.11,0.0,0.0,0.0,215.68,5.15,0.388,0.386,STRAIGHT,1.5,1.5,"CMD,0.4,1.50",4.0,0.0095,2.192,0.023,1,0.9626,0,NORMAL,56.425,-0.009,1,1,1,1,1,109.6,65,12,dijkstra,graph,0.61667,0,,,,,,0,,,,340336,184204,4158
193,36.00866961479187,2026-03-06T11:35:23.497240,151.48,0.0,12.43,26.12,0.0,0.0,0.0,212.57,5.09,0.395,0.388,STRAIGHT,1.5,1.5,"CMD,0.4,1.50",4.0,0.0099,2.146,0.023,1,0.9679,0,NORMAL,56.164,0.037,1,1,1,1,1,107.3,65,12,dijkstra,graph,0.60341,0,,,,,,0,,,,329868,180337,4101
194,36.24639105796814,2026-03-06T11:35:23.734961,155.17,0.0,9.11,24.88,0.0,0.0,0.0,217.51,5.04,0.394,0.394,STRAIGHT,1.5,1.5,"CMD,0.4,1.50",4.0,0.0095,2.192,0.023,1,0.9772,0,NORMAL,55.665,0.124,1,1,1,1,1,109.6,74,12,dijkstra,graph,0.60785,0,,,,,,0,,,,328194,181662,4165
195,36.49387264251709,2026-03-06T11:35:23.982443,159.48,0.0,7.42,28.2,0.0,0.0,0.0,222.35,4.98,0.388,0.394,STRAIGHT,1.5,1.5,"CMD,0.4,1.50",4.0,0.0091,2.237,0.023,1,0.9546,0,NORMAL,54.695,0.192,1,1,1,1,1,111.9,86,9,dijkstra,graph,0.60184,0,,,,,,0,,,,317177,179765,3990
196,36.74293541908264,2026-03-06T11:35:24.231506,161.33,0.0,10.47,29.4,0.0,0.0,0.0,229.39,4.91,0.389,0.389,STRAIGHT,1.5,1.5,"CMD,0.4,1.50",4.0,0.0095,2.192,0.023,1,0.9378,0,NORMAL,54.838,0.2,1,1,1,1,1,109.6,92,8,dijkstra,graph,0.58438,0,,,,,,0,,,,298384,174520,3888
197,36.98842978477478,2026-03-06T11:35:24.477000,150.85,0.0,0.0,30.77,6.05,0.0,0.0,220.09,4.85,0.39,0.389,STRAIGHT,1.5,1.5,"CMD,0.4,1.50",4.0,0.0095,2.192,0.023,1,0.8831,0,NORMAL,54.822,0.25,1,1,1,1,1,109.6,85,9,dijkstra,graph,0.57455,0,,,,,,0,,,,268431,171713,3708
198,37.2418737411499,2026-03-06T11:35:24.730444,167.25,0.0,9.03,30.86,1.99,0.0,0.0,229.92,4.78,0.391,0.39,STRAIGHT,1.5,1.5,"CMD,0.4,1.50",4.0,0.0095,2.192,0.023,1,0.9323,0,NORMAL,54.843,0.249,1,1,1,1,1,109.6,92,10,dijkstra,graph,0.57357,0,,,,,,0,,,,263186,171534,3807
199,37.4508216381073,2026-03-06T11:35:24.939392,138.68,0.0,16.17,14.03,0.0,0.0,0.0,186.65,4.76,0.391,0.391,STRAIGHT,1.5,1.5,"CMD,0.4,1.50",4.0,0.0095,2.192,0.023,1,0.8975,0,NORMAL,55.257,0.222,1,1,1,1,1,109.6,74,9,dijkstra,graph,0.57244,0,,,,,,0,,,,277353,171139,3600
200,37.639596939086914,2026-03-06T11:35:25.128167,120.16,0.0,6.01,18.03,0.0,0.0,0.0,162.71,4.75,0.391,0.391,STRAIGHT,1.5,1.5,"CMD,0.4,1.50",4.0,0.0095,2.192,0.023,1,0.8274,0,NORMAL,54.902,0.212,1,1,1,1,1,109.6,79,7,dijkstra,graph,0.54128,0,,,,,,0,,,,231540,161753,2818
201,37.815454721450806,2026-03-06T11:35:25.304025,115.66,0.0,8.01,16.14,0.0,0.0,0.0,157.84,4.74,0.392,0.391,STRAIGHT,1.5,1.5,"CMD,0.4,1.50",4.0,0.0095,2.192,0.023,1,0.9034,0,NORMAL,50.824,0.137,1,1,1,1,1,109.6,56,5,dijkstra,graph,0.52457,0,,,,,,0,,,,210331,156834,2557
202,37.989198207855225,2026-03-06T11:35:25.477768,112.65,0.0,6.01,14.02,0.0,0.0,0.0,153.72,4.75,0.403,0.392,STRAIGHT,1.5,1.5,"CMD,0.4,1.50",4.0,0.0104,2.1,0.023,1,0.9642,0,NORMAL,50.204,0.1,1,1,1,1,1,105.0,52,5,dijkstra,graph,0.50709,0,,,,,,0,,,,203856,151642,2344
203,38.16095852851868,2026-03-06T11:35:25.649529,115.92,0.0,8.01,12.02,0.0,0.0,0.0,153.74,4.75,0.4,0.4,STRAIGHT,1.5,1.5,"CMD,0.4,1.50",4.0,0.0095,2.192,0.023,1,0.9667,0,NORMAL,50.282,0.073,1,1,1,1,1,109.6,39,5,dijkstra,graph,0.50725,0,,,,,,0,,,,201400,151633,2340
204,38.33276653289795,2026-03-06T11:35:25.821337,117.82,0.0,6.01,14.02,0.0,0.0,0.0,151.78,4.75,0.409,0.403,STRAIGHT,1.5,1.5,"CMD,0.4,1.50",4.0,0.0104,2.1,0.023,1,0.9806,0,NORMAL,50.346,0.047,1,1,1,1,1,105.0,44,5,dijkstra,graph,0.51329,0,,,,,,0,,,,203409,153445,2342
205,38.499265909194946,2026-03-06T11:35:25.987836,114.39,0.0,6.01,10.06,0.0,0.0,0.0,148.48,4.76,0.415,0.409,STRAIGHT,1.5,1.5,"CMD,0.4,1.50",4.0,0.0104,2.1,0.023,1,0.964,0,NORMAL,50.163,-0.002,1,1,1,1,1,105.0,59,6,dijkstra,graph,0.51581,0,,,,,,0,,,,207781,154302,2618
206,38.68264031410217,2026-03-06T11:35:26.171210,110.33,0.0,12.05,16.01,2.0,0.0,0.0,159.3,4.74,-2.313,0.409,STRAIGHT,1.5,1.5,"CMD,0.4,1.50",2.084,-0.1894,1.975,-0.383,1,0.8752,0,NORMAL,50.108,0.016,1,1,1,1,1,114.4,71,9,dijkstra,graph,0.51603,0,,,,,,0,,,,187161,154481,2859
207,38.85567545890808,2026-03-06T11:35:26.344246,114.87,0.0,3.6,14.55,0.0,0.0,2.0,155.01,4.74,-1.411,-1.411,STRAIGHT,1.5,1.5,"CMD,-1.4,1.50",4.0,0.0095,2.192,0.023,1,0.8668,0,NORMAL,50.12,0.077,1,1,1,1,1,109.6,61,8,dijkstra,graph,0.54128,0,,,,,,0,,,,212161,161886,2819
208,39.03356337547302,2026-03-06T11:35:26.522133,113.39,0.0,10.11,20.34,0.0,0.0,0.0,159.87,4.74,-0.825,-1.411,STRAIGHT,1.5,1.5,"CMD,-1.4,1.50",4.0,0.0084,2.329,0.023,1,0.937,0,NORMAL,50.178,0.102,1,1,1,1,1,116.4,93,10,dijkstra,graph,0.56833,0,,,,,,0,,,,225072,169973,3491
209,39.20764756202698,2026-03-06T11:35:26.696218,113.7,0.0,6.01,18.84,0.0,0.0,0.0,156.06,4.74,-0.429,-0.825,STRAIGHT,1.5,1.5,"CMD,-0.8,1.50",4.0,0.0088,2.283,0.023,1,0.9426,0,NORMAL,50.267,0.081,1,1,1,1,1,114.2,89,8,dijkstra,graph,0.56787,0,,,,,,0,,,,219368,169782,3446
210,39.382309436798096,2026-03-06T11:35:26.870879,107.91,0.0,3.29,22.76,2.0,0.0,0.0,152.56,4.74,-0.175,-0.429,STRAIGHT,1.5,1.5,"CMD,-0.4,1.50",4.0,0.0081,2.374,0.023,1,0.9376,0,NORMAL,50.277,0.047,1,1,1,1,1,118.7,73,4,dijkstra,graph,0.54614,0,,,,,,0,,,,216317,163455,2601
211,39.56253147125244,2026-03-06T11:35:27.051101,107.51,0.0,12.75,23.91,2.0,0.0,0.0,162.2,4.73,-0.009,-0.175,STRAIGHT,1.5,1.5,"CMD,-0.2,1.50",4.0,0.0078,2.42,0.023,1,0.9236,0,NORMAL,50.002,0.033,1,1,1,1,1,121.0,113,9,dijkstra,graph,0.58479,0,,,,,,0,,,,231910,174845,3881
212,39.747995138168335,2026-03-06T11:35:27.236565,118.76,0.0,6.47,24.04,0.0,0.0,0.0,169.44,4.72,0.093,-0.009,STRAIGHT,1.5,1.5,"CMD,-0.0,1.50",4.0,0.0072,2.511,0.023,1,0.9578,0,NORMAL,50.015,0.068,1,1,1,1,1,125.6,97,9,dijkstra,graph,0.56486,0,,,,,,0,,,,225498,168992,3563
213,39.934619665145874,2026-03-06T11:35:27.423189,116.19,0.0,8.46,20.03,0.0,0.0,0.0,165.06,4.73,0.162,0.093,STRAIGHT,1.5,1.5,"CMD,0.1,1.50",4.0,0.0072,2.511,0.023,1,0.9709,0,NORMAL,50.059,0.057,1,1,1,1,1,125.6,96,8,dijkstra,graph,0.55983,0,,,,,,0,,,,223736,167508,3120
214,40.118916034698486,2026-03-06T11:35:27.607486,114.51,0.0,6.01,25.15,0.0,0.0,0.0,162.27,4.77,0.207,0.162,STRAIGHT,1.5,1.5,"CMD,0.2,1.50",4.0,0.0072,2.511,0.023,1,0.9582,0,NORMAL,50.099,0.055,1,1,1,1,1,125.6,115,7,dijkstra,graph,0.55329,0,,,,,,0,,,,218605,165344,3050
215,40.30502533912659,2026-03-06T11:35:27.793596,116.79,0.0,8.01,21.55,2.0,0.0,0.0,166.58,4.82,0.231,0.207,STRAIGHT,1.5,1.5,"CMD,0.2,1.50",4.0,0.0067,2.603,0.023,1,0.9675,0,NORMAL,50.038,0.043,1,1,1,1,1,130.1,101,6,dijkstra,graph,0.55946,0,,,,,,0,,,,221097,167362,3069
216,40.48892426490784,2026-03-06T11:35:27.977494,116.7,0.0,10.01,23.32,0.0,0.0,0.0,165.88,4.87,0.25,0.231,STRAIGHT,1.5,1.5,"CMD,0.2,1.50",4.0,0.007,2.557,0.023,1,0.9709,0,NORMAL,50.09,0.101,1,1,1,1,1,127.9,120,7,dijkstra,graph,0.5536,0,,,,,,0,,,,215474,165627,3284
217,40.668482542037964,2026-03-06T11:35:28.157052,110.43,0.0,7.01,26.07,0.0,0.0,0.0,161.54,4.93,0.058,0.231,STRAIGHT,1.5,1.5,"CMD,0.2,1.50",4.0,-0.0079,2.877,-0.033,1,0.9177,0,NORMAL,50.022,0.383,1,1,1,1,1,144.1,124,9,dijkstra,graph,0.57122,0,,,,,,0,,,,211104,170807,3705
218,40.846307039260864,2026-03-06T11:35:28.334877,115.72,0.0,8.01,14.04,0.0,0.0,0.0,155.79,4.99,0.131,0.131,STRAIGHT,1.5,1.5,"CMD,0.1,1.50",4.0,0.0067,2.603,0.023,1,0.8229,0,NORMAL,50.077,-0.395,1,1,1,1,1,130.1,38,8,dijkstra,graph,0.59793,0,,,,,,0,,,,253555,178828,3260
219,41.04218626022339,2026-03-06T11:35:28.530756,114.11,0.0,6.01,28.54,12.01,0.0,0.0,175.86,5.02,0.326,0.131,STRAIGHT,1.5,1.5,"CMD,0.1,1.50",4.0,0.0174,3.995,0.139,1,0.8031,0,NORMAL,50.258,-0.854,1,1,1,1,1,224.9,145,11,dijkstra,fallback_centerline,0.55138,0,,,,,,0,,,,205670,165185,4096
220,41.2165367603302,2026-03-06T11:35:28.705107,115.16,0.0,6.71,14.68,2.0,0.0,0.0,156.33,5.1,0.601,0.326,STRAIGHT,1.5,1.5,"CMD,0.3,1.50",4.0,0.0279,1.279,0.023,1,0.7294,0,NORMAL,55.139,-1.118,1,1,1,1,1,63.9,64,9,dijkstra,graph,0.48285,0,,,,,,0,,,,150023,144525,2962
221,41.38079762458801,2026-03-06T11:35:28.869368,113.19,0.0,8.01,12.02,0.0,0.0,0.0,149.24,5.16,0.647,0.601,STRAIGHT,1.5,1.5,"CMD,0.6,1.50",4.0,0.0179,2.603,0.061,1,0.8921,0,NORMAL,56.412,-1.087,1,1,1,1,1,130.7,46,9,dijkstra,graph,0.46957,0,,,,,,0,,,,147958,140652,2479
222,41.55592918395996,2026-03-06T11:35:29.044499,116.7,0.0,6.01,14.02,2.0,0.0,0.0,156.75,5.23,5.389,0.647,STRAIGHT,1.5,1.5,"CMD,0.6,1.50",2.752,0.3688,1.233,0.297,1,0.7476,0,NORMAL,62.77,-1.131,1,1,1,1,1,61.5,78,7,dijkstra,graph,0.42041,0,,,,,,0,,,,110620,125999,2370
223,41.744590520858765,2026-03-06T11:35:29.233161,114.35,0.0,8.01,18.03,14.23,0.0,0.0,170.64,5.27,4.647,4.647,STRAIGHT,1.5,1.5,"CMD,4.6,1.50",2.633,0.0767,2.575,0.257,1,0.7546,0,NORMAL,63.819,-1.087,1,1,1,1,1,200.5,86,6,dijkstra,fallback_centerline,0.47287,0,,,,,,0,,,,146468,141772,2691
224,41.92880034446716,2026-03-06T11:35:29.417370,114.12,0.0,6.01,16.02,10.01,0.0,0.0,164.18,5.34,3.226,4.647,STRAIGHT,1.5,1.5,"CMD,4.6,1.50",3.611,0.0093,3.579,0.06,1,0.6778,0,NORMAL,62.819,-1.068,1,1,1,1,1,224.9,93,5,dijkstra,fallback_centerline,0.36572,0,,,,,,0,,,,100810,109527,2219
225,42.106120109558105,2026-03-06T11:35:29.594690,114.41,0.0,0.0,20.35,2.0,0.0,0.0,161.3,5.41,2.279,3.226,STRAIGHT,1.5,1.5,"CMD,3.2,1.50",3.611,0.0093,3.579,0.06,1,0.6085,0,NORMAL,70.711,-1.008,1,1,1,1,2,104.6,103,7,dijkstra,graph,0.47033,0,,,,,,0,,,,162332,140924,2609
226,42.28262424468994,2026-03-06T11:35:29.771194,117.84,0.0,6.01,14.97,0.0,0.0,0.0,158.48,5.48,-0.108,2.279,STRAIGHT,1.5,1.5,"CMD,2.3,1.50",1.949,-0.1186,1.889,-0.214,1,0.5541,0,NORMAL,70.711,-0.966,1,1,1,1,1,114.1,72,8,dijkstra,graph,0.50413,0,,,,,,0,,,,267660,150677,2928
227,42.46100640296936,2026-03-06T11:35:29.949577,116.76,0.0,6.01,20.13,0.0,0.0,0.0,159.36,5.56,-3.501,-0.108,STRAIGHT,1.5,1.5,"CMD,-0.1,1.50",2.097,-0.2521,1.964,-0.52,1,0.7361,0,NORMAL,70.711,-0.913,1,1,1,1,1,115.6,116,8,dijkstra,graph,0.46483,0,,,,,,0,,,,203365,139157,2934
228,42.648524045944214,2026-03-06T11:35:30.137094,114.69,0.0,6.47,11.76,20.12,0.0,0.0,169.5,5.58,-2.718,-2.718,STRAIGHT,1.5,1.5,"CMD,-2.7,1.50",3.868,-0.0279,3.857,-0.209,1,0.7797,0,NORMAL,70.711,-0.845,1,1,1,1,1,224.9,119,13,dijkstra,fallback_centerline,0.47562,0,,,,,,0,,,,219113,142476,3914
229,42.837798833847046,2026-03-06T11:35:30.326369,106.48,0.0,10.06,26.31,12.01,0.0,0.0,172.98,5.58,-1.724,-2.718,STRAIGHT,1.5,1.5,"CMD,-2.7,1.50",2.72,0.0064,2.695,0.023,1,0.8274,0,NORMAL,70.711,-0.783,1,1,1,1,1,177.2,139,11,dijkstra,fallback_centerline,0.43632,0,,,,,,0,,,,188552,130666,2942
230,43.020830154418945,2026-03-06T11:35:30.509400,116.74,0.0,8.01,20.47,1.74,0.0,0.0,167.01,5.57,-0.021,-1.724,STRAIGHT,1.5,1.5,"CMD,-1.7,1.50",3.368,0.0822,2.374,0.234,1,0.6915,0,NORMAL,70.711,-0.688,1,1,1,1,1,101.0,126,9,dijkstra,graph,0.41541,0,,,,,,0,,,,163783,124737,2894
231,43.19694399833679,2026-03-06T11:35:30.685514,110.34,0.0,11.41,18.32,0.0,0.0,0.0,162.09,5.57,1.115,-0.021,STRAIGHT,1.5,1.5,"CMD,-0.0,1.50",3.368,0.0822,2.374,0.234,1,0.6445,0,NORMAL,70.711,-0.636,1,1,1,1,1,106.8,100,10,dijkstra,graph,0.47938,0,,,,,,0,,,,243882,143482,3335
232,43.36982846260071,2026-03-06T11:35:30.858398,111.82,2.0,6.01,16.02,2.0,0.0,0.0,154.86,5.57,1.872,1.115,STRAIGHT,1.5,1.5,"CMD,1.1,1.50",3.368,0.0822,2.374,0.234,1,0.7106,0,NORMAL,70.711,-0.583,1,1,1,1,1,121.2,93,7,dijkstra,graph,0.43209,0,,,,,,0,,,,176645,129521,2543
233,43.54339623451233,2026-03-06T11:35:31.031966,113.23,0.0,8.27,18.02,0.0,0.0,0.0,157.55,5.57,0.124,1.115,STRAIGHT,1.5,1.5,"CMD,1.1,1.50",2.194,-0.0818,2.146,-0.19,1,0.6773,0,NORMAL,70.711,-0.576,1,1,1,1,1,112.7,100,10,dijkstra,graph,0.50062,0,,,,,,0,,,,257231,149790,3491
234,43.72194242477417,2026-03-06T11:35:31.210512,109.92,0.0,13.12,19.53,0.0,0.0,0.0,168.19,5.55,-0.462,0.124,STRAIGHT,1.5,1.5,"CMD,0.1,1.50",2.8,-0.0396,2.192,-0.095,1,0.8888,0,NORMAL,68.031,-0.559,1,1,1,1,1,113.2,92,9,dijkstra,graph,0.46236,0,,,,,,0,,,,233165,138361,2713
235,43.89656376838684,2026-03-06T11:35:31.385134,108.75,0.0,10.28,18.02,0.0,0.0,0.0,154.6,5.56,-4.916,-0.462,STRAIGHT,1.5,1.5,"CMD,-0.5,1.50",1.847,-0.3418,1.66,-0.517,1,0.9254,0,NORMAL,65.764,-0.496,1,1,1,1,1,106.4,88,10,dijkstra,graph,0.44748,0,,,,,,0,,,,219311,133838,2557
236,44.077635049819946,2026-03-06T11:35:31.566205,120.99,0.0,6.01,18.03,0.0,0.0,0.0,163.05,5.55,-3.059,-3.059,STRAIGHT,1.5,1.5,"CMD,-3.1,1.50",2.8,0.0159,2.603,0.054,1,0.7763,0,NORMAL,58.285,-0.368,1,1,1,1,1,131.1,101,8,dijkstra,graph,0.42663,0,,,,,,0,,,,175673,127744,2555
237,44.25207304954529,2026-03-06T11:35:31.740643,115.57,0.0,6.01,16.33,2.0,0.0,0.0,156.42,5.56,-1.94,-3.059,STRAIGHT,1.5,1.5,"CMD,-3.1,1.50",4.0,0.0072,2.511,0.023,1,0.849,0,NORMAL,56.577,-0.328,1,1,1,1,1,125.6,96,5,dijkstra,graph,0.39576,0,,,,,,0,,,,156482,118803,2172
238,44.44303560256958,2026-03-06T11:35:31.931605,114.47,0.0,8.01,22.16,14.02,0.0,0.0,174.94,5.54,-0.732,-1.94,STRAIGHT,1.5,1.5,"CMD,-1.9,1.50",2.084,0.0409,1.972,0.08,1,0.8551,0,NORMAL,55.112,-0.241,1,1,1,1,1,149.4,126,7,dijkstra,fallback_centerline,0.3781,0,,,,,,0,,,,137060,113345,2230
239,44.63583564758301,2026-03-06T11:35:32.124405,116.68,0.0,8.01,22.03,12.04,0.0,0.0,174.78,5.52,-0.076,-0.732,STRAIGHT,1.5,1.5,"CMD,-0.7,1.50",4.0,0.0299,3.98,0.238,1,0.8583,0,NORMAL,53.79,-0.147,1,1,1,1,1,207.9,116,5,dijkstra,fallback_centerline,0.37326,0,,,,,,0,,,,137870,111877,2258
240,44.81336688995361,2026-03-06T11:35:32.301937,111.9,0.0,6.01,12.02,12.01,0.0,0.0,159.51,5.52,-0.563,-0.563,STRAIGHT,1.5,1.5,"CMD,-0.6,1.50",2.479,-0.0373,2.45,-0.112,1,0.7967,0,NORMAL,52.741,-0.113,1,1,1,1,1,221.9,72,6,dijkstra,fallback_centerline,0.29893,0,,,,,,0,,,,109849,89637,1510
241,44.99057221412659,2026-03-06T11:35:32.479142,112.38,0.0,8.01,18.02,6.01,0.0,0.0,160.75,5.53,0.921,-0.076,STRAIGHT,1.5,1.5,"CMD,-0.1,1.50",2.171,0.0944,2.111,0.212,1,0.7301,0,NORMAL,52.587,-0.061,1,1,1,1,1,218.2,110,5,dijkstra,fallback_centerline,0.36554,0,,,,,,0,,,,149342,109725,1903
242,45.166298627853394,2026-03-06T11:35:32.654869,114.55,0.0,8.01,12.05,2.0,0.0,0.0,155.54,5.54,0.756,0.756,STRAIGHT,1.5,1.5,"CMD,0.8,1.50",4.0,0.0104,2.1,0.023,1,0.8033,0,NORMAL,52.004,0.025,1,1,1,1,1,105.0,47,3,dijkstra,graph,0.39622,0,,,,,,0,,,,183252,118521,1754
243,45.34380769729614,2026-03-06T11:35:32.832378,119.06,0.0,7.01,13.14,1.0,0.0,0.0,159.49,5.55,0.653,0.756,STRAIGHT,1.5,1.5,"CMD,0.8,1.50",4.0,0.0108,2.055,0.023,1,0.96,0,NORMAL,51.422,0.023,1,1,1,1,1,102.7,51,4,dijkstra,graph,0.37905,0,,,,,,0,,,,177244,113536,1617
244,45.5116081237793,2026-03-06T11:35:33.000178,113.93,0.0,6.01,14.02,0.0,0.0,0.0,149.78,5.57,0.584,0.653,STRAIGHT,1.5,1.5,"CMD,0.7,1.50",4.0,0.0108,2.055,0.023,1,0.9582,0,NORMAL,50.851,-0.043,1,1,1,1,1,102.7,71,4,dijkstra,graph,0.36924,0,,,,,,0,,,,180375,110599,1655
245,45.6828031539917,2026-03-06T11:35:33.171373,119.11,0.0,7.66,16.02,0.0,0.0,0.0,155.32,5.58,0.538,0.584,STRAIGHT,1.5,1.5,"CMD,0.6,1.50",4.0,0.0108,2.055,0.023,1,0.9888,0,NORMAL,50.566,0.073,1,1,1,1,1,102.7,75,4,dijkstra,graph,0.36738,0,,,,,,0,,,,180765,109982,1673
246,45.855602741241455,2026-03-06T11:35:33.344173,113.52,0.0,9.01,14.02,0.0,0.0,0.0,154.59,5.59,0.507,0.538,STRAIGHT,1.5,1.5,"CMD,0.5,1.50",4.0,0.0108,2.055,0.023,1,0.9802,0,NORMAL,50.06,0.081,1,1,1,1,1,102.7,77,5,dijkstra,graph,0.36103,0,,,,,,0,,,,181046,108242,1701
247,46.02703928947449,2026-03-06T11:35:33.515609,117.02,0.0,8.01,12.02,2.0,0.0,0.0,155.42,5.6,0.487,0.507,STRAIGHT,1.5,1.5,"CMD,0.5,1.50",4.0,0.0108,2.055,0.023,1,0.9797,0,NORMAL,50.138,0.073,1,1,1,1,1,102.7,56,5,dijkstra,graph,0.34824,0,,,,,,0,,,,178036,104264,1522
248,46.198221921920776,2026-03-06T11:35:33.686792,120.75,0.0,0.0,10.02,0.0,0.0,0.0,153.16,5.62,0.473,0.487,STRAIGHT,1.5,1.5,"CMD,0.5,1.50",4.0,0.0108,2.055,0.023,1,0.9904,0,NORMAL,50.506,0.202,1,1,1,1,1,102.7,56,4,dijkstra,graph,0.3463,0,,,,,,0,,,,177803,103709,1559
249,46.376887798309326,2026-03-06T11:35:33.865458,115.77,0.0,8.01,14.02,2.0,0.0,0.0,156.16,5.62,0.471,0.473,STRAIGHT,1.5,1.5,"CMD,0.5,1.50",4.0,0.0113,2.009,0.023,1,0.9884,0,NORMAL,51.09,0.295,1,1,1,1,1,100.5,65,5,dijkstra,graph,0.34438,0,,,,,,0,,,,177786,102995,1756
250,46.54967451095581,2026-03-06T11:35:34.038244,112.49,0.0,8.01,16.02,0.0,0.0,0.0,154.77,5.61,0.47,0.471,STRAIGHT,1.5,1.5,"CMD,0.5,1.50",4.0,0.0113,2.009,0.023,1,0.9867,0,NORMAL,52.079,0.322,1,1,1,1,1,100.5,69,4,dijkstra,graph,0.34043,0,,,,,,0,,,,177281,101817,1796
251,46.7225661277771,2026-03-06T11:35:34.211136,114.93,0.0,0.0,20.21,2.0,0.0,0.0,152.87,5.61,0.469,0.47,STRAIGHT,1.5,1.5,"CMD,0.5,1.50",4.0,0.0113,2.009,0.023,1,0.9836,0,NORMAL,53.275,0.347,1,1,1,1,1,100.5,68,3,dijkstra,graph,0.3314,0,,,,,,0,,,,175130,99146,1585
252,46.88393688201904,2026-03-06T11:35:34.372507,110.68,0.0,10.65,9.08,0.0,0.0,0.0,145.35,5.64,0.468,0.469,STRAIGHT,1.5,1.5,"CMD,0.5,1.50",4.0,0.0113,2.009,0.023,1,0.9897,0,NORMAL,53.784,0.44,1,1,1,1,1,100.5,51,5,dijkstra,graph,0.33008,0,,,,,,0,,,,175061,98765,1579
253,47.06351137161255,2026-03-06T11:35:34.552081,115.36,0.0,6.01,16.02,2.0,0.0,0.0,157.42,5.65,0.468,0.468,STRAIGHT,1.5,1.5,"CMD,0.5,1.50",4.0,0.0113,2.009,0.023,1,0.988,0,NORMAL,54.707,0.5,1,1,1,1,1,100.5,81,3,dijkstra,graph,0.32804,0,,,,,,0,,,,174916,98179,1622
254,47.24001741409302,2026-03-06T11:35:34.728587,116.37,0.0,6.01,14.02,2.0,0.0,0.0,158.42,5.65,0.475,0.468,STRAIGHT,1.5,1.5,"CMD,0.5,1.50",4.0,0.0118,1.963,0.023,1,0.9866,0,NORMAL,55.704,0.557,1,1,1,1,1,98.2,70,4,dijkstra,graph,0.3236,0,,,,,,0,,,,174570,96834,1605
255,47.40926814079285,2026-03-06T11:35:34.897838,115.28,0.0,6.01,10.02,2.0,0.0,0.0,155.23,5.66,0.479,0.475,STRAIGHT,1.5,1.5,"CMD,0.5,1.50",4.0,0.0118,1.963,0.023,1,0.9726,0,NORMAL,57.578,0.551,1,1,1,1,1,98.2,54,3,dijkstra,graph,0.31124,0,,,,,,0,,,,170069,93154,1438
256,47.57933974266052,2026-03-06T11:35:35.067910,114.36,0.0,8.01,12.02,0.0,0.0,0.0,154.05,5.67,0.482,0.479,STRAIGHT,1.5,1.5,"CMD,0.5,1.50",4.0,0.0118,1.963,0.023,1,0.986,0,NORMAL,58.919,0.656,1,1,1,1,1,98.2,63,3,dijkstra,graph,0.30564,0,,,,,,0,,,,169323,91403,1455
257,47.746798038482666,2026-03-06T11:35:35.235368,118.98,0.0,6.01,10.42,0.0,0.0,0.0,153.44,5.69,0.485,0.482,STRAIGHT,1.5,1.5,"CMD,0.5,1.50",4.0,0.0118,1.963,0.023,1,0.9914,0,NORMAL,60.208,0.737,1,1,1,1,1,98.2,69,4,dijkstra,graph,0.30595,0,,,,,,0,,,,169593,91526,1585
258,47.92821502685547,2026-03-06T11:35:35.416785,115.55,0.0,5.75,18.03,0.0,0.0,0.0,157.35,5.7,0.486,0.485,STRAIGHT,1.5,1.5,"CMD,0.5,1.50",4.0,0.0118,1.963,0.023,1,0.8563,0,NORMAL,61.543,0.779,1,1,1,1,1,102.7,110,5,dijkstra,graph,0.28907,0,,,,,,0,,,,145264,86565,1801
259,48.10604524612427,2026-03-06T11:35:35.594615,117.57,0.0,8.01,14.24,0.0,0.0,0.0,157.35,5.71,0.495,0.486,STRAIGHT,1.5,1.5,"CMD,0.5,1.50",4.0,0.0124,1.918,0.023,1,0.8621,0,NORMAL,65.832,0.56,1,1,1,1,1,95.9,69,3,dijkstra,graph,0.29506,0,,,,,,0,,,,165604,88300,1520
260,48.279552698135376,2026-03-06T11:35:35.768123,113.53,0.0,9.9,18.04,0.0,0.0,0.0,157.49,5.7,0.5,0.495,STRAIGHT,1.5,1.5,"CMD,0.5,1.50",4.0,0.0124,1.918,0.023,1,0.9618,0,NORMAL,66.226,0.608,1,1,1,1,1,95.9,77,3,dijkstra,graph,0.28777,0,,,,,,0,,,,159755,86181,1521
261,48.44927000999451,2026-03-06T11:35:35.937840,111.58,0.0,8.07,14.02,0.0,0.0,0.0,153.7,5.71,0.504,0.5,STRAIGHT,1.5,1.5,"CMD,0.5,1.50",4.0,0.0124,1.918,0.023,1,0.9656,0,NORMAL,65.211,0.658,1,1,1,1,1,95.9,69,3,dijkstra,graph,0.29583,0,,,,,,0,,,,164596,88531,1430
262,48.613603353500366,2026-03-06T11:35:36.102173,109.96,0.0,6.01,14.32,0.0,0.0,0.0,148.31,5.72,0.507,0.504,STRAIGHT,1.5,1.5,"CMD,0.5,1.50",4.0,0.0124,1.918,0.023,1,0.9782,0,NORMAL,65.065,0.747,1,1,1,1,1,95.9,69,3,dijkstra,graph,0.30124,0,,,,,,0,,,,167859,90160,1581
263,48.781835317611694,2026-03-06T11:35:36.270406,113.18,0.0,6.01,10.72,2.0,0.0,0.0,149.94,5.73,0.509,0.507,STRAIGHT,1.5,1.5,"CMD,0.5,1.50",4.0,0.0124,1.918,0.023,1,0.9893,0,NORMAL,64.998,0.779,1,1,1,1,1,95.9,55,4,dijkstra,graph,0.30275,0,,,,,,0,,,,168522,90705,1506
264,48.946568727493286,2026-03-06T11:35:36.435139,113.7,0.0,2.0,10.25,0.0,0.0,0.0,148.97,5.74,0.518,0.509,STRAIGHT,1.5,1.5,"CMD,0.5,1.50",4.0,0.013,1.872,0.023,1,0.9775,0,NORMAL,65.256,0.768,1,1,1,1,1,93.6,43,2,dijkstra,graph,0.29932,0,,,,,,0,,,,165778,89603,1307
265,49.12139940261841,2026-03-06T11:35:36.609969,119.59,0.0,0.0,22.2,2.0,0.0,0.0,159.81,5.75,0.525,0.518,STRAIGHT,1.5,1.5,"CMD,0.5,1.50",4.0,0.013,1.872,0.023,1,0.9796,0,NORMAL,65.601,0.793,1,1,1,1,1,93.6,69,3,dijkstra,graph,0.30537,0,,,,,,0,,,,168319,91362,1580
266,49.28903913497925,2026-03-06T11:35:36.777609,115.7,0.0,8.01,10.02,0.0,0.0,0.0,151.62,5.76,0.529,0.525,STRAIGHT,1.5,1.5,"CMD,0.5,1.50",4.0,0.013,1.872,0.023,1,0.9789,0,NORMAL,66.58,0.715,1,1,1,1,1,93.6,71,3,dijkstra,graph,0.3019,0,,,,,,0,,,,168901,90418,1596
267,49.45587682723999,2026-03-06T11:35:36.944447,112.23,0.0,6.01,14.17,0.0,0.0,0.0,148.97,5.79,0.532,0.529,STRAIGHT,1.5,1.5,"CMD,0.5,1.50",4.0,0.013,1.872,0.023,1,0.9868,0,NORMAL,66.507,0.689,1,1,1,1,1,93.6,70,4,dijkstra,graph,0.30496,0,,,,,,0,,,,169133,91199,1617
268,49.62458276748657,2026-03-06T11:35:37.113153,117.14,0.0,6.01,10.0,3.52,0.0,0.0,152.69,5.81,0.534,0.532,STRAIGHT,1.5,1.5,"CMD,0.5,1.50",4.0,0.013,1.872,0.023,1,0.9818,0,NORMAL,66.095,0.694,1,1,1,1,1,93.6,62,4,dijkstra,graph,0.31163,0,,,,,,0,,,,170969,93140,1660
269,49.7870352268219,2026-03-06T11:35:37.275605,110.62,0.0,8.01,13.78,0.0,0.0,0.0,146.43,5.83,0.535,0.534,STRAIGHT,1.5,1.5,"CMD,0.5,1.50",4.0,0.013,1.872,0.023,1,0.9816,0,NORMAL,65.771,0.707,1,1,1,1,1,93.6,71,4,dijkstra,graph,0.3136,0,,,,,,0,,,,172356,93751,1713
270,49.956923723220825,2026-03-06T11:35:37.445494,115.03,0.0,6.01,14.02,0.0,0.0,0.0,152.07,5.84,0.536,0.535,STRAIGHT,1.5,1.5,"CMD,0.5,1.50",4.0,0.013,1.872,0.023,1,0.9833,0,NORMAL,65.124,0.695,1,1,1,1,1,93.6,86,3,dijkstra,graph,0.31252,0,,,,,,0,,,,171480,93534,1712
271,50.12958598136902,2026-03-06T11:35:37.618156,118.59,0.0,8.01,12.01,0.0,0.0,0.0,156.64,5.84,0.528,0.535,STRAIGHT,1.5,1.5,"CMD,0.5,1.50",4.0,0.0124,1.918,0.023,1,0.9829,0,NORMAL,64.982,0.697,1,1,1,1,1,95.9,68,3,dijkstra,graph,0.31845,0,,,,,,0,,,,171866,95225,1701
272,50.30033230781555,2026-03-06T11:35:37.788902,116.48,0.0,6.01,14.02,0.0,0.0,0.0,154.22,5.85,0.523,0.528,STRAIGHT,1.5,1.5,"CMD,0.5,1.50",4.0,0.0124,1.918,0.023,1,0.9875,0,NORMAL,64.626,0.68,1,1,1,1,1,95.9,67,3,dijkstra,graph,0.31723,0,,,,,,0,,,,171282,94847,1578
273,50.46549940109253,2026-03-06T11:35:37.954069,108.76,0.0,8.32,8.01,10.04,0.0,0.0,149.15,5.85,0.519,0.523,STRAIGHT,1.5,1.5,"CMD,0.5,1.50",4.0,0.0124,1.918,0.023,1,0.9766,0,NORMAL,63.716,0.702,1,1,1,1,1,95.9,75,4,dijkstra,graph,0.32783,0,,,,,,0,,,,175084,98070,1763
274,50.629478454589844,2026-03-06T11:35:38.118049,111.47,0.0,6.01,14.05,0.0,0.0,0.0,147.55,5.86,0.517,0.519,STRAIGHT,1.5,1.5,"CMD,0.5,1.50",4.0,0.0124,1.918,0.023,1,0.9836,0,NORMAL,63.457,0.719,1,1,1,1,1,95.9,57,3,dijkstra,graph,0.32723,0,,,,,,0,,,,174535,98044,1602
275,50.806699991226196,2026-03-06T11:35:38.295270,116.59,0.0,6.3,18.85,0.0,0.0,0.0,155.45,5.86,0.507,0.517,STRAIGHT,1.5,1.5,"CMD,0.5,1.50",4.0,0.0118,1.963,0.023,1,0.9789,0,NORMAL,63.12,0.703,1,1,1,1,1,98.2,90,3,dijkstra,graph,0.33471,0,,,,,,0,,,,177524,100234,1858
276,50.98141050338745,2026-03-06T11:35:38.469980,116.76,0.0,5.51,16.39,2.0,0.0,0.0,156.69,5.85,0.509,0.509,STRAIGHT,1.5,1.5,"CMD,0.5,1.50",4.0,0.0124,1.918,0.023,1,0.9876,0,NORMAL,62.994,0.693,1,1,1,1,1,95.9,83,3,dijkstra,graph,0.33506,0,,,,,,0,,,,177461,100427,1820
277,51.16190719604492,2026-03-06T11:35:38.650477,119.28,0.0,3.74,20.44,2.0,0.0,0.0,164.36,5.84,0.51,0.509,STRAIGHT,1.5,1.5,"CMD,0.5,1.50",4.0,0.0124,1.918,0.023,1,0.9857,0,NORMAL,62.39,0.707,1,1,1,1,1,95.9,86,3,dijkstra,graph,0.33994,0,,,,,,0,,,,178339,101702,1834
278,51.33717727661133,2026-03-06T11:35:38.825747,116.52,0.0,6.01,12.02,2.0,0.0,0.0,154.81,5.85,0.503,0.509,STRAIGHT,1.5,1.5,"CMD,0.5,1.50",4.0,0.0118,1.963,0.023,1,0.9846,0,NORMAL,61.892,0.73,1,1,1,1,1,98.2,62,3,dijkstra,graph,0.34318,0,,,,,,0,,,,178796,102794,1724
279,51.51226854324341,2026-03-06T11:35:39.000838,114.66,0.0,6.01,16.38,0.0,0.0,0.0,155.07,5.84,0.506,0.506,STRAIGHT,1.5,1.5,"CMD,0.5,1.50",4.0,0.0124,1.918,0.023,1,0.9865,0,NORMAL,61.235,0.75,1,1,1,1,1,95.9,84,3,dijkstra,graph,0.34581,0,,,,,,0,,,,179996,103589,1870
280,51.682405948638916,2026-03-06T11:35:39.170976,115.63,0.0,6.01,16.03,0.0,0.0,0.0,153.68,5.85,0.508,0.506,STRAIGHT,1.5,1.5,"CMD,0.5,1.50",4.0,0.0124,1.918,0.023,1,0.9862,0,NORMAL,60.34,0.795,1,1,1,1,1,95.9,77,3,dijkstra,graph,0.35155,0,,,,,,0,,,,181351,105235,1832
281,51.857600927352905,2026-03-06T11:35:39.346171,115.11,0.0,8.01,14.02,2.0,0.0,0.0,157.17,5.83,0.502,0.506,STRAIGHT,1.5,1.5,"CMD,0.5,1.50",4.0,0.0118,1.963,0.023,1,0.9874,0,NORMAL,60.801,0.757,1,1,1,1,1,98.2,76,3,dijkstra,graph,0.35233,0,,,,,,0,,,,181332,105421,1855
282,52.017581939697266,2026-03-06T11:35:39.506152,111.78,0.0,6.01,10.15,0.0,0.0,0.0,143.96,5.85,0.497,0.502,STRAIGHT,1.5,1.5,"CMD,0.5,1.50",4.0,0.0118,1.963,0.023,1,0.9865,0,NORMAL,60.654,0.769,1,1,1,1,1,98.2,79,3,dijkstra,graph,0.35457,0,,,,,,0,,,,181810,106068,1801
283,52.201640367507935,2026-03-06T11:35:39.690210,113.08,0.0,10.23,14.02,2.1,0.0,0.0,163.72,5.84,0.494,0.497,STRAIGHT,1.5,1.5,"CMD,0.5,1.50",4.0,0.0118,1.963,0.023,1,0.9885,0,NORMAL,60.592,0.841,1,1,1,1,1,98.2,86,3,dijkstra,graph,0.35643,0,,,,,,0,,,,182281,106601,1598
284,52.367531538009644,2026-03-06T11:35:39.856101,109.58,0.0,0.0,14.02,2.0,0.0,0.0,149.87,5.85,0.493,0.494,STRAIGHT,1.5,1.5,"CMD,0.5,1.50",4.0,0.0118,1.963,0.023,1,0.9862,0,NORMAL,61.907,0.731,1,1,1,1,1,98.2,76,3,dijkstra,graph,0.35818,0,,,,,,0,,,,182719,107169,1888
285,52.532806634902954,2026-03-06T11:35:40.021377,105.16,0.0,6.01,18.02,0.0,0.0,0.0,147.22,5.85,0.499,0.494,STRAIGHT,1.5,1.5,"CMD,0.5,1.50",4.0,0.0124,1.918,0.023,1,0.9885,0,NORMAL,62.584,0.693,1,1,1,1,1,95.9,85,2,dijkstra,graph,0.35713,0,,,,,,0,,,,182087,106860,1583
286,52.6958954334259,2026-03-06T11:35:40.184465,100.9,0.0,6.04,20.11,2.0,0.0,0.0,145.07,5.86,0.496,0.496,STRAIGHT,1.5,1.5,"CMD,0.5,1.50",4.0,0.0118,1.963,0.023,1,0.9845,0,NORMAL,62.316,0.861,1,1,1,1,1,98.2,75,2,dijkstra,graph,0.36351,0,,,,,,0,,,,184482,108805,1555
287,52.85943675041199,2026-03-06T11:35:40.348007,107.47,0.0,8.01,18.02,0.0,0.0,0.0,147.52,5.88,0.501,0.499,STRAIGHT,1.5,1.5,"CMD,0.5,1.50",4.0,0.0124,1.918,0.023,1,0.9841,0,NORMAL,64.32,0.703,1,1,1,1,1,95.9,85,2,dijkstra,graph,0.36293,0,,,,,,0,,,,183176,108598,1595
288,53.02730131149292,2026-03-06T11:35:40.515871,108.26,0.0,4.01,5.51,10.45,0.0,0.0,147.84,5.89,0.505,0.501,STRAIGHT,1.5,1.5,"CMD,0.5,1.50",4.0,0.0124,1.918,0.023,1,0.9853,0,NORMAL,64.412,0.643,1,1,1,1,1,95.9,79,2,dijkstra,graph,0.37097,0,,,,,,0,,,,185114,111013,1620
289,53.18197536468506,2026-03-06T11:35:40.670546,100.59,0.0,8.01,16.02,0.0,0.0,0.0,138.65,5.92,0.516,0.505,STRAIGHT,1.5,1.5,"CMD,0.5,1.50",4.0,0.013,1.872,0.023,1,0.986,0,NORMAL,65.45,0.658,1,1,1,1,1,93.6,72,2,dijkstra,graph,0.3744,0,,,,,,0,,,,186041,112177,1600
290,53.3495876789093,2026-03-06T11:35:40.838158,102.39,0.0,10.03,10.47,0.0,0.0,10.4,151.31,5.92,0.523,0.516,STRAIGHT,1.5,1.5,"CMD,0.5,1.50",4.0,0.013,1.872,0.023,1,0.9878,0,NORMAL,64.766,0.643,1,1,1,1,1,93.6,79,3,dijkstra,graph,0.37798,0,,,,,,0,,,,186838,113153,1660
291,53.51048040390015,2026-03-06T11:35:40.999050,104.93,0.0,6.01,16.01,0.0,0.0,0.0,144.98,5.92,0.528,0.523,STRAIGHT,1.5,1.5,"CMD,0.5,1.50",4.0,0.013,1.872,0.023,1,0.9896,0,NORMAL,64.956,0.635,1,1,1,1,1,93.6,80,2,dijkstra,graph,0.37864,0,,,,,,0,,,,187007,113372,1596
292,53.67259645462036,2026-03-06T11:35:41.161166,108.66,0.0,0.0,20.87,0.0,0.0,0.0,152.06,5.93,0.54,0.528,STRAIGHT,1.5,1.5,"CMD,0.5,1.50",4.0,0.0137,1.826,0.023,1,0.9876,0,NORMAL,66.279,0.551,1,1,1,1,1,91.3,83,2,dijkstra,graph,0.37678,0,,,,,,0,,,,185953,112864,1684
293,53.83743643760681,2026-03-06T11:35:41.326006,106.17,0.0,6.01,16.02,0.0,0.0,0.0,144.34,5.93,0.548,0.54,STRAIGHT,1.5,1.5,"CMD,0.5,1.50",4.0,0.0137,1.826,0.023,1,0.9863,0,NORMAL,65.237,0.581,1,1,1,1,1,91.3,93,2,dijkstra,graph,0.38324,0,,,,,,0,,,,187502,114713,1715
294,53.99520206451416,2026-03-06T11:35:41.483772,104.82,0.0,6.7,13.86,0.0,0.0,0.0,139.74,5.95,0.554,0.548,STRAIGHT,1.5,1.5,"CMD,0.5,1.50",4.0,0.0137,1.826,0.023,1,0.9885,0,NORMAL,65.438,0.593,1,1,1,1,1,91.3,77,3,dijkstra,graph,0.38671,0,,,,,,0,,,,188529,115867,1705
295,54.16441249847412,2026-03-06T11:35:41.652983,109.75,0.0,6.01,16.02,0.0,0.0,2.0,159.12,5.95,0.558,0.554,STRAIGHT,1.5,1.5,"CMD,0.6,1.50",4.0,0.0137,1.826,0.023,1,0.9876,0,NORMAL,66.185,0.514,1,1,1,1,1,91.3,91,2,dijkstra,graph,0.38682,0,,,,,,0,,,,188499,115769,1723
296,54.335007667541504,2026-03-06T11:35:41.823578,114.06,0.0,6.01,16.02,0.0,0.0,0.0,154.57,5.94,0.57,0.558,STRAIGHT,1.5,1.5,"CMD,0.6,1.50",4.0,0.0144,1.781,0.023,1,0.99,0,NORMAL,66.688,0.445,1,1,1,1,1,89.0,88,2,dijkstra,graph,0.38554,0,,,,,,0,,,,187756,115366,1700
297,54.498847246170044,2026-03-06T11:35:41.987417,103.76,0.0,5.66,17.53,0.0,0.0,2.0,145.82,5.95,0.578,0.57,STRAIGHT,1.5,1.5,"CMD,0.6,1.50",4.0,0.0144,1.781,0.023,1,0.9888,0,NORMAL,65.822,0.45,1,1,1,1,1,89.0,86,2,dijkstra,graph,0.38882,0,,,,,,0,,,,188930,116349,1663
298,54.66476821899414,2026-03-06T11:35:42.153338,107.29,0.0,0.0,26.17,0.0,0.0,0.0,149.75,5.95,0.583,0.578,STRAIGHT,1.5,1.5,"CMD,0.6,1.50",4.0,0.0144,1.781,0.023,1,0.9916,0,NORMAL,66.013,0.452,1,1,1,1,1,89.0,90,2,dijkstra,graph,0.38764,0,,,,,,0,,,,188881,116032,1669
299,54.830646276474,2026-03-06T11:35:42.319216,115.58,0.0,6.01,12.24,0.0,0.0,0.0,149.86,5.95,0.587,0.583,STRAIGHT,1.5,1.5,"CMD,0.6,1.50",4.0,0.0144,1.781,0.023,1,0.9896,0,NORMAL,66.153,0.399,1,1,1,1,1,89.0,85,2,dijkstra,graph,0.39196,0,,,,,,0,,,,189613,117376,1629
300,55.00393867492676,2026-03-06T11:35:42.492509,109.35,0.0,6.01,14.3,2.11,0.0,0.0,149.24,5.95,0.589,0.587,STRAIGHT,1.5,1.5,"CMD,0.6,1.50",4.0,0.0144,1.781,0.023,1,0.9904,0,NORMAL,66.024,0.363,1,1,1,1,1,89.0,86,3,dijkstra,graph,0.392,0,,,,,,0,,,,189776,117306,1840
301,55.16324067115784,2026-03-06T11:35:42.651811,111.24,0.0,6.01,8.01,0.0,0.0,0.0,143.28,5.96,0.591,0.589,STRAIGHT,1.5,1.5,"CMD,0.6,1.50",4.0,0.0144,1.781,0.023,1,0.9882,0,NORMAL,65.775,0.385,1,1,1,1,1,89.0,78,2,dijkstra,graph,0.3955,0,,,,,,0,,,,190033,118442,1619
302,55.34477615356445,2026-03-06T11:35:42.833346,112.66,0.0,6.01,18.02,0.0,0.0,0.0,161.09,5.94,0.592,0.591,STRAIGHT,1.5,1.5,"CMD,0.6,1.50",4.0,0.0144,1.781,0.023,1,0.9881,0,NORMAL,65.007,0.445,1,1,1,1,1,89.0,98,2,dijkstra,graph,0.40196,0,,,,,,0,,,,192045,120360,1648
303,55.50783157348633,2026-03-06T11:35:42.996401,110.29,0.0,0.0,22.44,0.0,0.0,0.0,146.47,5.94,0.592,0.592,STRAIGHT,1.5,1.5,"CMD,0.6,1.50",4.0,0.0144,1.781,0.023,1,0.9862,0,NORMAL,65.009,0.449,1,1,1,1,1,89.0,66,2,dijkstra,graph,0.40335,0,,,,,,0,,,,190980,120875,1472
304,55.66698980331421,2026-03-06T11:35:43.155560,107.04,0.0,0.0,10.07,0.0,0.0,0.0,143.25,5.96,0.593,0.592,STRAIGHT,1.5,1.5,"CMD,0.6,1.50",4.0,0.0144,1.781,0.023,1,0.9855,0,NORMAL,64.743,0.466,1,1,1,1,1,89.0,94,3,dijkstra,graph,0.40775,0,,,,,,0,,,,193252,122056,1693
305,55.84972858428955,2026-03-06T11:35:43.338299,114.67,0.0,8.01,18.03,2.0,0.0,0.0,162.31,5.96,0.593,0.593,STRAIGHT,1.5,1.5,"CMD,0.6,1.50",4.0,0.0144,1.781,0.023,1,0.9927,0,NORMAL,64.598,0.505,1,1,1,1,1,89.0,86,2,dijkstra,graph,0.41178,0,,,,,,0,,,,194301,123278,1628
306,56.021381855010986,2026-03-06T11:35:43.509952,110.62,0.0,6.0,16.81,0.0,0.0,2.0,155.63,5.97,0.593,0.593,STRAIGHT,1.5,1.5,"CMD,0.6,1.50",4.0,0.0144,1.781,0.023,1,0.9914,0,NORMAL,64.268,0.521,1,1,1,1,1,89.0,96,3,dijkstra,graph,0.41405,0,,,,,,0,,,,195192,124042,1797
307,56.190223932266235,2026-03-06T11:35:43.678794,113.05,0.0,8.01,17.75,0.0,0.0,0.0,152.82,5.98,0.593,0.593,STRAIGHT,1.5,1.5,"CMD,0.6,1.50",4.0,0.0144,1.781,0.023,1,0.9849,0,NORMAL,63.6,0.565,1,1,1,1,1,89.0,91,2,dijkstra,graph,0.42618,0,,,,,,0,,,,197611,127747,1778
308,56.3657124042511,2026-03-06T11:35:43.854282,104.96,0.0,14.68,17.76,2.0,0.0,0.0,155.66,5.98,0.594,0.593,STRAIGHT,1.5,1.5,"CMD,0.6,1.50",4.0,0.0144,1.781,0.023,1,0.9905,0,NORMAL,63.469,0.569,1,1,1,1,1,89.0,95,2,dijkstra,graph,0.42841,0,,,,,,0,,,,197518,128368,1752
309,56.53600549697876,2026-03-06T11:35:44.024575,106.35,0.0,11.87,18.02,2.0,0.0,0.0,154.27,5.97,0.584,0.593,STRAIGHT,1.5,1.5,"CMD,0.6,1.50",4.0,0.0137,1.826,0.023,1,0.9853,0,NORMAL,63.13,0.593,1,1,1,1,1,91.3,93,2,dijkstra,graph,0.43855,0,,,,,,0,,,,200080,131313,1777
310,56.7099711894989,2026-03-06T11:35:44.198541,106.35,0.0,7.53,28.04,0.0,0.0,0.0,157.95,5.98,0.578,0.584,STRAIGHT,1.5,1.5,"CMD,0.6,1.50",4.0,0.0137,1.826,0.023,1,0.9892,0,NORMAL,63.293,0.541,1,1,1,1,1,91.3,170,3,dijkstra,graph,0.44029,0,,,,,,0,,,,201004,131909,2242
311,56.89197373390198,2026-03-06T11:35:44.380544,109.23,0.0,6.98,25.54,0.0,0.0,0.0,159.98,5.95,0.583,0.583,STRAIGHT,1.5,1.5,"CMD,0.6,1.50",4.0,0.0144,1.781,0.023,1,0.9913,0,NORMAL,63.288,0.48,1,1,1,1,1,89.0,174,4,dijkstra,graph,0.43876,0,,,,,,0,,,,200824,131508,2264
312,57.05500912666321,2026-03-06T11:35:44.543579,103.73,0.0,10.39,18.1,0.0,0.0,0.0,147.01,5.98,0.577,0.578,STRAIGHT,1.5,1.5,"CMD,0.6,1.50",4.0,0.0137,1.826,0.023,1,0.9901,0,NORMAL,63.044,0.464,1,1,1,1,1,91.3,90,2,dijkstra,graph,0.44074,0,,,,,,0,,,,201394,131881,1730
313,57.22788429260254,2026-03-06T11:35:44.716454,110.61,0.0,6.01,20.47,1.74,0.0,0.0,154.85,5.97,0.583,0.583,STRAIGHT,1.5,1.5,"CMD,0.6,1.50",4.0,0.0144,1.781,0.023,1,0.9906,0,NORMAL,62.837,0.451,1,1,1,1,1,89.0,94,2,dijkstra,graph,0.44205,0,,,,,,0,,,,201756,132369,1900
314,57.3945837020874,2026-03-06T11:35:44.883154,106.09,0.0,8.01,16.02,2.0,0.0,0.0,150.1,5.96,0.586,0.583,STRAIGHT,1.5,1.5,"CMD,0.6,1.50",4.0,0.0144,1.781,0.023,1,0.9862,0,NORMAL,62.704,0.443,1,1,1,1,1,89.0,95,2,dijkstra,graph,0.44988,0,,,,,,0,,,,203592,134709,1853
315,57.56471800804138,2026-03-06T11:35:45.053288,105.7,0.0,6.01,26.03,0.0,0.0,0.0,154.12,5.96,0.589,0.586,STRAIGHT,1.5,1.5,"CMD,0.6,1.50",4.0,0.0144,1.781,0.023,1,0.985,0,NORMAL,62.381,0.453,1,1,1,1,1,89.0,150,6,dijkstra,graph,0.45996,0,,,,,,0,,,,205603,137591,2472
316,57.731640338897705,2026-03-06T11:35:45.220210,100.28,0.0,8.01,25.97,0.0,0.0,0.0,150.9,5.95,0.59,0.589,STRAIGHT,1.5,1.5,"CMD,0.6,1.50",4.0,0.0144,1.781,0.023,1,0.9791,0,NORMAL,62.09,0.455,1,1,1,1,1,89.0,171,6,dijkstra,graph,0.47248,0,,,,,,0,,,,208547,141401,2583
317,57.90484595298767,2026-03-06T11:35:45.393416,106.09,0.0,6.01,24.25,2.0,0.0,0.0,163.0,5.95,0.592,0.59,STRAIGHT,1.5,1.5,"CMD,0.6,1.50",4.0,0.0144,1.781,0.023,1,0.9819,0,NORMAL,62.552,0.443,1,1,1,1,1,89.0,160,6,dijkstra,graph,0.48089,0,,,,,,0,,,,210609,143866,2567
318,58.07544755935669,2026-03-06T11:35:45.564017,102.17,0.0,8.01,25.89,0.0,0.0,0.0,151.59,5.93,0.592,0.592,STRAIGHT,1.5,1.5,"CMD,0.6,1.50",4.0,0.0144,1.781,0.023,1,0.9879,0,NORMAL,62.051,0.426,1,1,1,1,1,89.0,152,5,dijkstra,graph,0.47719,0,,,,,,0,,,,210426,142864,2515
319,58.2596492767334,2026-03-06T11:35:45.748219,113.72,0.0,8.01,26.03,0.0,0.0,0.0,166.18,5.91,0.593,0.592,STRAIGHT,1.5,1.5,"CMD,0.6,1.50",4.0,0.0144,1.781,0.023,1,0.9863,0,NORMAL,61.273,0.451,1,1,1,1,1,89.0,171,7,dijkstra,graph,0.48446,0,,,,,,0,,,,212434,144993,2620
320,58.44009280204773,2026-03-06T11:35:45.928663,101.8,0.0,10.43,30.09,2.0,0.0,0.0,162.35,5.88,0.583,0.592,STRAIGHT,1.5,1.5,"CMD,0.6,1.50",4.0,0.0137,1.826,0.023,1,0.9745,0,NORMAL,60.62,0.492,1,1,1,1,1,91.3,148,9,dijkstra,graph,0.50019,0,,,,,,0,,,,217057,149858,2665
321,58.61693072319031,2026-03-06T11:35:46.105501,108.3,0.0,6.01,26.07,0.0,0.0,0.0,158.82,5.87,0.577,0.583,STRAIGHT,1.5,1.5,"CMD,0.6,1.50",4.0,0.0137,1.826,0.023,1,0.9822,0,NORMAL,60.446,0.545,1,1,1,1,1,91.3,171,12,dijkstra,graph,0.50316,0,,,,,,0,,,,219361,150782,2723
322,58.78508186340332,2026-03-06T11:35:46.273652,102.24,0.0,8.01,23.86,2.0,0.0,0.0,152.13,5.86,0.573,0.577,STRAIGHT,1.5,1.5,"CMD,0.6,1.50",4.0,0.0137,1.826,0.023,1,0.9815,0,NORMAL,59.829,0.561,1,1,1,1,1,91.3,156,9,dijkstra,graph,0.51041,0,,,,,,0,,,,222162,152936,2679
323,58.96330785751343,2026-03-06T11:35:46.451878,107.87,0.0,10.01,26.03,0.0,0.0,0.0,162.21,5.84,0.57,0.573,STRAIGHT,1.5,1.5,"CMD,0.6,1.50",4.0,0.0137,1.826,0.023,1,0.9802,0,NORMAL,59.684,0.573,1,1,1,1,1,91.3,172,11,dijkstra,graph,0.51924,0,,,,,,0,,,,225111,155568,3225
324,59.144270181655884,2026-03-06T11:35:46.632840,108.87,0.0,8.01,26.03,0.0,0.0,0.0,160.94,5.82,0.569,0.57,STRAIGHT,1.5,1.5,"CMD,0.6,1.50",4.0,0.0137,1.826,0.023,1,0.9829,0,NORMAL,59.357,0.569,1,1,1,1,1,91.3,162,9,dijkstra,graph,0.51946,0,,,,,,0,,,,225223,155652,2759
325,59.323176860809326,2026-03-06T11:35:46.811747,113.01,0.0,8.01,22.03,0.0,0.0,0.0,160.89,5.81,0.558,0.569,STRAIGHT,1.5,1.5,"CMD,0.6,1.50",4.0,0.013,1.872,0.023,1,0.9811,0,NORMAL,59.278,0.565,1,1,1,1,1,93.6,151,9,dijkstra,graph,0.52192,0,,,,,,0,,,,226615,156269,2652
326,59.50498127937317,2026-03-06T11:35:46.993551,111.15,0.0,6.01,20.23,0.0,0.0,0.0,161.55,5.79,0.56,0.56,STRAIGHT,1.5,1.5,"CMD,0.6,1.50",4.0,0.0137,1.826,0.023,1,0.9803,0,NORMAL,59.12,0.542,1,1,1,1,1,91.3,160,9,dijkstra,graph,0.51457,0,,,,,,0,,,,224283,154094,2705
327,59.686031341552734,2026-03-06T11:35:47.174601,100.57,0.0,10.36,27.66,0.0,0.0,0.0,154.62,5.78,0.553,0.558,STRAIGHT,1.5,1.5,"CMD,0.6,1.50",4.0,0.013,1.872,0.023,1,0.9853,0,NORMAL,58.847,0.58,1,1,1,1,1,93.6,151,10,dijkstra,graph,0.51764,0,,,,,,0,,,,225170,155071,2737
328,59.857943296432495,2026-03-06T11:35:47.346513,101.61,0.0,8.34,26.07,2.0,0.0,0.0,154.05,5.77,0.548,0.553,STRAIGHT,1.5,1.5,"CMD,0.6,1.50",4.0,0.013,1.872,0.023,1,0.9817,0,NORMAL,58.506,0.611,1,1,1,1,1,93.6,157,8,dijkstra,graph,0.52457,0,,,,,,0,,,,226961,157038,2778
329,60.035558223724365,2026-03-06T11:35:47.524128,102.66,0.0,10.35,32.56,0.0,0.0,0.0,159.59,5.77,0.544,0.548,STRAIGHT,1.5,1.5,"CMD,0.5,1.50",4.0,0.013,1.872,0.023,1,0.9813,0,NORMAL,58.452,0.618,1,1,1,1,1,93.6,164,8,dijkstra,graph,0.52291,0,,,,,,0,,,,226486,156623,2842
330,60.21510410308838,2026-03-06T11:35:47.703674,102.25,0.0,10.42,30.45,2.0,0.0,0.0,161.52,5.74,0.542,0.544,STRAIGHT,1.5,1.5,"CMD,0.5,1.50",4.0,0.013,1.872,0.023,1,0.9747,0,NORMAL,58.111,0.644,1,1,1,1,1,93.6,183,7,dijkstra,graph,0.5149,0,,,,,,0,,,,223902,154081,2945
331,60.398372173309326,2026-03-06T11:35:47.886942,111.65,0.0,12.01,23.58,2.0,0.0,0.0,175.26,5.74,0.54,0.542,STRAIGHT,1.5,1.5,"CMD,0.5,1.50",4.0,0.013,1.872,0.023,1,0.9793,0,NORMAL,58.221,0.653,1,1,1,1,1,93.6,158,9,dijkstra,graph,0.51605,0,,,,,,0,,,,224677,154500,2868
332,60.57865786552429,2026-03-06T11:35:48.067228,102.29,0.0,12.17,28.03,0.0,0.0,2.0,164.27,5.72,0.539,0.54,STRAIGHT,1.5,1.5,"CMD,0.5,1.50",4.0,0.013,1.872,0.023,1,0.9761,0,NORMAL,58.171,0.656,1,1,1,1,1,93.6,165,7,dijkstra,graph,0.51773,0,,,,,,0,,,,225786,155039,2869
333,60.758960008621216,2026-03-06T11:35:48.247530,106.36,0.0,8.2,33.56,0.0,0.0,0.0,162.14,5.7,0.539,0.539,STRAIGHT,1.5,1.5,"CMD,0.5,1.50",4.0,0.013,1.872,0.023,1,0.9708,0,NORMAL,58.373,0.641,1,1,1,1,1,93.6,184,8,dijkstra,graph,0.5124,0,,,,,,0,,,,223956,153365,3066
334,60.936928033828735,2026-03-06T11:35:48.425498,109.3,0.0,6.16,30.55,0.0,0.0,0.0,160.03,5.7,0.538,0.539,STRAIGHT,1.5,1.5,"CMD,0.5,1.50",4.0,0.013,1.872,0.023,1,0.9809,0,NORMAL,58.427,0.653,1,1,1,1,1,93.6,168,8,dijkstra,graph,0.51287,0,,,,,,0,,,,225539,153608,2902
335,61.10797381401062,2026-03-06T11:35:48.596544,104.32,0.0,8.01,24.58,0.0,0.0,0.0,152.68,5.7,0.538,0.538,STRAIGHT,1.5,1.5,"CMD,0.5,1.50",4.0,0.013,1.872,0.023,1,0.9799,0,NORMAL,58.614,0.634,1,1,1,1,1,93.6,158,8,dijkstra,graph,0.51473,0,,,,,,0,,,,227226,154148,2842
336,61.27937865257263,2026-03-06T11:35:48.767949,112.65,0.0,6.01,16.71,0.0,0.0,0.0,151.38,5.7,0.538,0.538,STRAIGHT,1.5,1.5,"CMD,0.5,1.50",4.0,0.013,1.872,0.023,1,0.9817,0,NORMAL,58.377,0.592,1,1,1,1,1,93.6,146,9,dijkstra,graph,0.51275,0,,,,,,0,,,,228741,153535,2871
337,61.46461510658264,2026-03-06T11:35:48.953185,108.47,0.0,7.84,26.53,0.0,0.0,0.0,158.85,5.69,0.547,0.538,STRAIGHT,1.5,1.5,"CMD,0.5,1.50",4.0,0.0137,1.826,0.023,1,0.9684,0,NORMAL,58.34,0.596,1,1,1,1,1,91.3,161,8,dijkstra,graph,0.51667,0,,,,,,0,,,,234647,154801,3053
338,61.6506073474884,2026-03-06T11:35:49.139177,111.24,0.0,0.0,27.6,0.0,0.0,0.0,169.69,5.67,0.544,0.544,STRAIGHT,1.5,1.5,"CMD,0.5,1.50",4.0,0.013,1.872,0.023,1,0.9797,0,NORMAL,58.067,0.558,1,1,1,1,1,93.6,160,8,dijkstra,graph,0.51326,0,,,,,,0,,,,231867,153645,2928
339,61.822476387023926,2026-03-06T11:35:49.311046,107.21,0.0,6.01,24.03,0.0,0.0,0.0,157.85,5.67,0.542,0.544,STRAIGHT,1.5,1.5,"CMD,0.5,1.50",4.0,0.013,1.872,0.023,1,0.9774,0,NORMAL,56.873,0.518,1,1,1,1,1,93.6,146,9,dijkstra,graph,0.51076,0,,,,,,0,,,,229364,153060,2967
340,62.00516104698181,2026-03-06T11:35:49.493731,114.6,0.0,8.01,26.03,0.0,0.0,0.0,166.67,5.67,0.54,0.542,STRAIGHT,1.5,1.5,"CMD,0.5,1.50",4.0,0.013,1.872,0.023,1,0.9611,0,NORMAL,54.853,0.468,1,1,1,1,1,93.6,149,8,dijkstra,graph,0.51295,0,,,,,,0,,,,236661,153640,2959
341,62.17609095573425,2026-03-06T11:35:49.664661,108.72,0.0,10.14,18.03,0.0,0.0,0.0,152.91,5.66,0.539,0.54,STRAIGHT,1.5,1.5,"CMD,0.5,1.50",4.0,0.013,1.872,0.023,1,0.9703,0,NORMAL,53.532,0.426,1,1,1,1,1,93.6,127,9,dijkstra,graph,0.50428,0,,,,,,0,,,,234925,151187,2931
342,62.356746196746826,2026-03-06T11:35:49.845316,110.1,0.0,6.01,22.03,0.0,0.0,0.0,158.11,5.66,0.548,0.54,STRAIGHT,1.5,1.5,"CMD,0.5,1.50",4.0,0.0137,1.826,0.023,1,0.9685,0,NORMAL,51.274,0.381,1,1,1,1,1,91.3,113,9,dijkstra,graph,0.4999,0,,,,,,0,,,,235656,149672,2932
343,62.535534143447876,2026-03-06T11:35:50.024104,108.51,0.0,9.52,19.77,2.0,0.0,0.0,162.77,5.64,0.544,0.544,STRAIGHT,1.5,1.5,"CMD,0.5,1.50",4.0,0.013,1.872,0.023,1,0.9671,0,NORMAL,51.276,0.412,1,1,1,1,1,93.6,114,9,dijkstra,graph,0.50089,0,,,,,,0,,,,239868,149993,2951
344,62.71025729179382,2026-03-06T11:35:50.198827,110.29,0.0,0.0,20.18,0.0,0.0,0.0,156.7,5.64,0.542,0.544,STRAIGHT,1.5,1.5,"CMD,0.5,1.50",4.0,0.013,1.872,0.023,1,0.9641,0,NORMAL,51.318,0.432,1,1,1,1,1,93.6,113,8,dijkstra,graph,0.4989,0,,,,,,0,,,,238790,149579,2876
345,62.88229322433472,2026-03-06T11:35:50.370863,107.69,0.0,6.01,24.29,0.0,0.0,0.0,154.01,5.63,0.541,0.542,STRAIGHT,1.5,1.5,"CMD,0.5,1.50",4.0,0.013,1.872,0.023,1,0.952,0,NORMAL,50.784,0.369,1,1,1,1,1,93.6,127,8,dijkstra,graph,0.49382,0,,,,,,0,,,,232754,147942,2859
346,63.05728054046631,2026-03-06T11:35:50.545850,104.83,0.0,10.03,19.53,0.0,0.0,2.0,154.96,5.63,0.539,0.541,STRAIGHT,1.5,1.5,"CMD,0.5,1.50",4.0,0.013,1.872,0.023,1,0.9704,0,NORMAL,50.562,0.356,1,1,1,1,1,93.6,107,8,dijkstra,graph,0.48764,0,,,,,,0,,,,230735,146174,2706
347,63.228792667388916,2026-03-06T11:35:50.717363,107.8,0.0,6.01,20.31,0.0,0.0,0.0,153.49,5.63,0.539,0.539,STRAIGHT,1.5,1.5,"CMD,0.5,1.50",4.0,0.013,1.872,0.023,1,0.9623,0,NORMAL,50.781,0.373,1,1,1,1,1,93.6,124,8,dijkstra,graph,0.47857,0,,,,,,0,,,,228953,143319,2903
348,63.40347909927368,2026-03-06T11:35:50.892049,112.15,0.0,6.01,20.49,0.0,0.0,2.0,156.66,5.64,0.538,0.539,STRAIGHT,1.5,1.5,"CMD,0.5,1.50",4.0,0.013,1.872,0.023,1,0.9591,0,NORMAL,50.901,0.395,1,1,1,1,1,93.6,111,9,dijkstra,graph,0.47027,0,,,,,,0,,,,223789,140794,2822
349,63.57931709289551,2026-03-06T11:35:51.067887,108.78,0.0,8.55,22.03,0.0,0.0,0.0,155.81,5.64,-5.079,0.538,STRAIGHT,1.5,1.5,"CMD,0.5,1.50",2.084,-0.4065,1.598,-0.59,1,0.9533,0,NORMAL,51.109,0.433,1,1,1,1,1,92.1,134,10,dijkstra,graph,0.47264,0,,,,,,0,,,,224126,141586,2913
350,63.747958183288574,2026-03-06T11:35:51.236528,107.51,0.0,9.24,16.03,0.0,0.0,0.0,150.62,5.65,-9.6,-5.079,STRAIGHT,1.5,1.5,"CMD,-5.1,1.50",1.731,-0.4685,1.494,-0.61,1,0.9611,0,NORMAL,51.385,0.468,1,1,1,1,1,91.5,109,10,dijkstra,graph,0.468,0,,,,,,0,,,,227807,140155,2805
351,63.919604539871216,2026-03-06T11:35:51.408175,107.38,0.0,8.01,20.03,0.0,0.0,0.0,151.45,5.65,-12.613,-9.6,STRAIGHT,1.5,1.5,"CMD,-9.6,1.50",1.731,-0.4685,1.494,-0.61,1,0.9664,0,NORMAL,51.646,0.455,1,1,1,1,1,93.6,110,8,dijkstra,graph,0.46738,0,,,,,,0,,,,231899,140087,2827
352,64.0808777809143,2026-03-06T11:35:51.569448,95.8,0.0,10.5,20.55,0.0,0.0,0.0,143.25,5.67,-14.622,-12.613,LEFT,1.485,1.498,"CMD,-12.6,1.50",1.731,-0.4685,1.494,-0.61,1,0.9707,0,NORMAL,51.81,0.462,1,1,1,1,1,93.6,109,8,dijkstra,graph,0.46746,0,,,,,,0,,,,229892,140122,2764
353,64.26120066642761,2026-03-06T11:35:51.749771,110.22,0.0,6.01,19.24,2.0,0.0,0.0,159.9,5.67,-15.957,-14.622,LEFT,1.434,1.49,"CMD,-14.6,1.49",1.728,-0.4681,1.493,-0.608,1,0.9699,0,NORMAL,52.18,0.522,1,1,1,1,1,95.9,107,9,dijkstra,graph,0.46413,0,,,,,,0,,,,227467,139043,2581
354,64.43335509300232,2026-03-06T11:35:51.921925,113.92,0.0,7.98,16.9,0.0,0.0,0.0,154.82,5.67,-16.833,-15.957,LEFT,1.401,1.478,"CMD,-16.0,1.48",1.72,-0.467,1.488,-0.601,1,0.9875,0,NORMAL,52.177,0.594,1,1,1,1,1,95.9,99,7,dijkstra,graph,0.46756,0,,,,,,0,,,,228848,139954,2531
355,64.60523772239685,2026-03-06T11:35:52.093808,112.61,0.0,8.01,14.45,0.0,0.0,0.0,161.52,5.69,-17.407,-16.833,LEFT,1.379,1.462,"CMD,-16.8,1.46",1.714,-0.4662,1.485,-0.597,1,0.9868,0,NORMAL,52.492,0.583,1,1,1,1,1,95.9,89,8,dijkstra,graph,0.46973,0,,,,,,0,,,,230608,140739,2502
356,64.78176236152649,2026-03-06T11:35:52.270332,104.21,0.0,6.01,22.23,0.0,0.0,0.0,150.47,5.69,-17.784,-17.407,LEFT,1.365,1.446,"CMD,-17.4,1.45",1.711,-0.4657,1.483,-0.594,1,0.9836,0,NORMAL,52.472,0.629,1,1,1,1,1,95.9,109,8,dijkstra,graph,0.46475,0,,,,,,0,,,,229866,139168,2707
357,64.95633554458618,2026-03-06T11:35:52.444905,110.64,0.0,6.01,20.03,0.0,0.0,0.0,154.7,5.69,-18.031,-17.784,LEFT,1.355,1.427,"CMD,-17.8,1.43",1.708,-0.4654,1.481,-0.592,1,0.9875,0,NORMAL,52.738,0.653,1,1,1,1,1,95.9,109,7,dijkstra,graph,0.46014,0,,,,,,0,,,,228143,137818,2832
358,65.12936019897461,2026-03-06T11:35:52.617930,111.13,0.0,8.01,18.02,0.0,0.0,0.0,155.18,5.69,-18.193,-18.031,LEFT,1.349,1.409,"CMD,-18.0,1.41",1.707,-0.4651,1.48,-0.591,1,0.9913,0,NORMAL,52.952,0.686,1,1,1,1,1,95.9,108,8,dijkstra,graph,0.46004,0,,,,,,0,,,,227869,137694,2873
359,65.3020269870758,2026-03-06T11:35:52.790597,110.36,0.0,6.01,18.25,0.0,0.0,0.0,152.64,5.7,-11.958,-18.031,LEFT,1.349,1.39,"CMD,-18.0,1.39",2.19,0.0124,1.918,0.023,1,0.9815,0,NORMAL,53.035,0.699,1,1,1,1,1,95.9,102,7,dijkstra,graph,0.45318,0,,,,,,0,,,,224078,135659,2716
360,65.47665572166443,2026-03-06T11:35:52.965226,108.73,0.0,8.01,20.03,2.0,0.0,0.0,156.28,5.71,-7.801,-11.958,STRAIGHT,1.5,1.392,"CMD,-12.0,1.39",4.0,0.0124,1.918,0.023,1,0.9859,0,NORMAL,53.284,0.676,1,1,1,1,1,95.9,110,8,dijkstra,graph,0.44942,0,,,,,,0,,,,221432,134553,2689
361,65.64475059509277,2026-03-06T11:35:53.133320,106.2,0.0,7.82,16.02,2.0,0.0,0.0,150.07,5.72,-5.022,-7.801,STRAIGHT,1.5,1.4,"CMD,-7.8,1.40",4.0,0.013,1.872,0.023,1,0.9866,0,NORMAL,53.64,0.672,1,1,1,1,1,93.6,100,7,dijkstra,graph,0.44198,0,,,,,,0,,,,218604,132390,2663
362,65.80782055854797,2026-03-06T11:35:53.296390,100.72,0.0,8.54,19.77,0.0,0.0,0.0,147.05,5.74,-3.169,-5.022,STRAIGHT,1.5,1.412,"CMD,-5.0,1.41",4.0,0.013,1.872,0.023,1,0.9887,0,NORMAL,53.817,0.697,1,1,1,1,1,93.6,108,8,dijkstra,graph,0.43988,0,,,,,,0,,,,216771,131642,2683
363,65.97855806350708,2026-03-06T11:35:53.467128,110.64,0.0,6.01,18.02,2.0,0.0,0.0,152.69,5.75,-1.933,-3.169,STRAIGHT,1.5,1.427,"CMD,-3.2,1.43",4.0,0.013,1.872,0.023,1,0.9909,0,NORMAL,54.037,0.745,1,1,1,1,1,93.6,96,6,dijkstra,graph,0.43998,0,,,,,,0,,,,215976,131651,2537
364,66.14184927940369,2026-03-06T11:35:53.630419,109.14,0.0,8.01,12.1,0.0,0.0,0.0,145.27,5.76,-1.11,-1.933,STRAIGHT,1.5,1.444,"CMD,-1.9,1.44",4.0,0.013,1.872,0.023,1,0.9872,0,NORMAL,54.029,0.768,1,1,1,1,1,93.6,88,6,dijkstra,graph,0.43438,0,,,,,,0,,,,213425,129946,2511
365,66.31399488449097,2026-03-06T11:35:53.802565,108.98,0.0,8.01,16.36,0.0,0.0,0.0,151.56,5.76,-0.569,-1.11,STRAIGHT,1.5,1.462,"CMD,-1.1,1.46",4.0,0.0124,1.918,0.023,1,0.9855,0,NORMAL,54.002,0.778,1,1,1,1,1,95.9,99,5,dijkstra,graph,0.4299,0,,,,,,0,,,,210747,128669,2571
366,66.48431921005249,2026-03-06T11:35:53.972889,109.34,0.0,4.0,18.41,0.0,0.0,0.0,149.88,5.78,-0.209,-0.569,STRAIGHT,1.5,1.481,"CMD,-0.6,1.48",4.0,0.0124,1.918,0.023,1,0.9447,0,NORMAL,54.365,0.581,1,1,1,1,1,95.9,59,5,dijkstra,graph,0.44002,0,,,,,,0,,,,206073,131761,2276
367,66.65180659294128,2026-03-06T11:35:54.140377,110.56,0.0,8.01,11.99,0.0,0.0,0.0,155.47,5.8,0.031,-0.209,STRAIGHT,1.5,1.5,"CMD,-0.2,1.50",4.0,0.0124,1.918,0.023,1,0.934,0,NORMAL,54.569,0.494,1,1,1,1,1,95.9,48,4,dijkstra,graph,0.41514,0,,,,,,0,,,,193348,124214,2139
368,66.81415438652039,2026-03-06T11:35:54.302724,108.27,0.0,6.01,12.02,0.0,0.0,0.0,144.33,5.81,0.209,0.031,STRAIGHT,1.5,1.5,"CMD,0.0,1.50",4.0,0.0137,1.826,0.023,1,0.9516,0,NORMAL,53.982,0.556,1,1,1,1,1,91.3,54,3,dijkstra,graph,0.40432,0,,,,,,0,,,,194314,120938,2014
369,66.97702765464783,2026-03-06T11:35:54.465598,110.81,0.0,8.01,12.02,0.0,0.0,0.0,144.85,5.83,0.319,0.209,STRAIGHT,1.5,1.5,"CMD,0.2,1.50",4.0,0.013,1.872,0.023,1,0.9579,0,NORMAL,53.204,0.596,1,1,1,1,1,93.6,31,3,dijkstra,graph,0.38981,0,,,,,,0,,,,187157,116639,1500
370,67.14677953720093,2026-03-06T11:35:54.635350,113.04,0.0,6.01,14.02,2.0,0.0,0.0,153.3,5.83,0.401,0.319,STRAIGHT,1.5,1.5,"CMD,0.3,1.50",4.0,0.0137,1.826,0.023,1,0.9587,0,NORMAL,52.458,0.586,1,1,1,1,1,91.3,74,3,dijkstra,graph,0.38099,0,,,,,,0,,,,189176,114032,1781
371,67.31955599784851,2026-03-06T11:35:54.808126,115.99,0.0,6.01,16.03,0.0,0.0,0.0,156.75,5.84,0.465,0.401,STRAIGHT,1.5,1.5,"CMD,0.4,1.50",4.0,0.0144,1.781,0.023,1,0.9783,0,NORMAL,51.956,0.612,1,1,1,1,1,89.0,80,3,dijkstra,graph,0.37479,0,,,,,,0,,,,186300,112103,1801
372,67.4832763671875,2026-03-06T11:35:54.971847,113.62,0.0,6.01,8.01,0.0,0.0,0.0,145.4,5.86,0.508,0.465,STRAIGHT,1.5,1.5,"CMD,0.5,1.50",4.0,0.0144,1.781,0.023,1,0.979,0,NORMAL,51.519,0.629,1,1,1,1,1,89.0,62,4,dijkstra,graph,0.37169,0,,,,,,0,,,,186609,111324,1768
373,67.6623604297638,2026-03-06T11:35:55.150931,115.03,0.0,6.01,15.81,2.0,0.0,0.0,154.88,5.86,0.537,0.508,STRAIGHT,1.5,1.5,"CMD,0.5,1.50",4.0,0.0144,1.781,0.023,1,0.9829,0,NORMAL,51.049,0.627,1,1,1,1,1,89.0,84,3,dijkstra,graph,0.37147,0,,,,,,0,,,,188238,111180,1926
374,67.83331561088562,2026-03-06T11:35:55.321885,111.04,0.0,6.01,15.86,0.0,0.0,0.0,152.93,5.86,0.556,0.537,STRAIGHT,1.5,1.5,"CMD,0.5,1.50",4.0,0.0144,1.781,0.023,1,0.9819,0,NORMAL,50.652,0.646,1,1,1,1,1,89.0,86,3,dijkstra,graph,0.36715,0,,,,,,0,,,,185413,109889,1768
375,68.00554943084717,2026-03-06T11:35:55.494120,115.63,0.0,6.01,14.35,2.0,0.0,0.0,156.21,5.86,0.579,0.556,STRAIGHT,1.5,1.5,"CMD,0.6,1.50",4.0,0.0152,1.735,0.023,1,0.9767,0,NORMAL,50.377,0.634,1,1,1,1,1,86.8,69,3,dijkstra,graph,0.35833,0,,,,,,0,,,,184689,107227,1827
376,68.17892360687256,2026-03-06T11:35:55.667494,108.91,0.0,14.23,12.02,2.0,0.0,0.0,155.35,5.86,0.595,0.579,STRAIGHT,1.5,1.5,"CMD,0.6,1.50",4.0,0.0152,1.735,0.023,1,0.9796,0,NORMAL,50.154,0.636,1,1,1,1,1,86.8,63,3,dijkstra,graph,0.35884,0,,,,,,0,,,,184713,107285,1691
377,68.34583497047424,2026-03-06T11:35:55.834405,110.49,0.0,9.22,14.16,2.0,0.0,0.0,150.89,5.87,0.616,0.595,STRAIGHT,1.5,1.5,"CMD,0.6,1.50",4.0,0.016,1.689,0.023,1,0.9627,0,NORMAL,50.024,0.652,1,1,1,1,1,84.5,77,3,dijkstra,graph,0.34329,0,,,,,,0,,,,178948,102745,1891
378,68.51964211463928,2026-03-06T11:35:56.008212,110.87,0.0,10.18,16.41,0.0,0.0,0.0,153.49,5.87,0.631,0.616,STRAIGHT,1.5,1.5,"CMD,0.6,1.50",4.0,0.016,1.689,0.023,1,0.9803,0,NORMAL,50.016,0.644,1,1,1,1,1,84.5,66,3,dijkstra,graph,0.33312,0,,,,,,0,,,,176020,99770,1850
379,68.68808364868164,2026-03-06T11:35:56.176654,114.37,0.0,6.01,14.02,2.0,0.0,0.0,154.42,5.87,0.641,0.631,STRAIGHT,1.5,1.5,"CMD,0.6,1.50",4.0,0.016,1.689,0.023,1,0.9822,0,NORMAL,50.137,0.622,1,1,1,1,1,84.5,76,3,dijkstra,graph,0.32837,0,,,,,,0,,,,173385,98239,1808
380,68.85568141937256,2026-03-06T11:35:56.344251,112.57,0.0,0.0,20.1,2.0,0.0,0.0,153.29,5.88,0.647,0.641,STRAIGHT,1.5,1.5,"CMD,0.6,1.50",4.0,0.016,1.689,0.023,1,0.9775,0,NORMAL,50.374,0.622,1,1,1,1,1,84.5,71,3,dijkstra,graph,0.31872,0,,,,,,0,,,,169681,95278,1600
381,69.01554274559021,2026-03-06T11:35:56.504113,111.58,0.0,8.01,8.23,0.0,0.0,0.0,143.84,5.88,0.652,0.647,STRAIGHT,1.5,1.5,"CMD,0.6,1.50",4.0,0.016,1.689,0.023,1,0.9878,0,NORMAL,50.749,0.574,1,1,1,1,1,84.5,60,5,dijkstra,graph,0.31566,0,,,,,,0,,,,169781,94500,1641
382,69.18699145317078,2026-03-06T11:35:56.675562,112.48,0.0,6.01,14.02,0.0,0.0,0.0,150.79,5.89,0.654,0.652,STRAIGHT,1.5,1.5,"CMD,0.7,1.50",4.0,0.016,1.689,0.023,1,0.9793,0,NORMAL,51.235,0.56,1,1,1,1,1,84.5,70,4,dijkstra,graph,0.30787,0,,,,,,0,,,,166449,92056,1614
383,69.35510230064392,2026-03-06T11:35:56.843672,114.84,0.0,6.01,14.83,0.0,0.0,0.0,151.7,5.89,0.656,0.654,STRAIGHT,1.5,1.5,"CMD,0.7,1.50",4.0,0.016,1.689,0.023,1,0.9871,0,NORMAL,51.75,0.52,1,1,1,1,1,84.5,72,4,dijkstra,graph,0.30434,0,,,,,,0,,,,165400,91147,1579
384,69.52186036109924,2026-03-06T11:35:57.010430,114.28,0.0,7.25,12.09,0.0,0.0,0.0,153.0,5.9,0.658,0.656,STRAIGHT,1.5,1.5,"CMD,0.7,1.50",4.0,0.016,1.689,0.023,1,0.9874,0,NORMAL,51.996,0.507,1,1,1,1,1,84.5,62,3,dijkstra,graph,0.30277,0,,,,,,0,,,,163780,90623,1593
385,69.68819952011108,2026-03-06T11:35:57.176770,114.85,0.0,6.01,9.44,2.0,0.0,0.0,150.32,5.91,0.658,0.658,STRAIGHT,1.5,1.5,"CMD,0.7,1.50",4.0,0.016,1.689,0.023,1,0.972,0,NORMAL,52.373,0.487,1,1,1,1,1,84.5,42,2,dijkstra,graph,0.29541,0,,,,,,0,,,,159495,88501,1292
386,69.85749459266663,2026-03-06T11:35:57.346065,116.21,0.0,8.01,12.02,0.0,0.0,0.0,154.27,5.91,0.659,0.658,STRAIGHT,1.5,1.5,"CMD,0.7,1.50",4.0,0.016,1.689,0.023,1,0.9659,0,NORMAL,52.711,0.495,1,1,1,1,1,84.5,63,3,dijkstra,graph,0.2963,0,,,,,,0,,,,162653,88685,1522
387,70.02641034126282,2026-03-06T11:35:57.514980,116.31,0.0,6.01,14.02,0.0,0.0,0.0,150.89,5.92,0.672,0.659,STRAIGHT,1.5,1.5,"CMD,0.7,1.50",4.0,0.0169,1.644,0.023,1,0.9795,0,NORMAL,53.159,0.454,1,1,1,1,1,82.2,68,4,dijkstra,graph,0.29068,0,,,,,,0,,,,159655,87086,1529
388,70.19695925712585,2026-03-06T11:35:57.685529,114.25,0.0,4.0,14.24,0.0,0.0,0.0,152.53,5.92,0.68,0.672,STRAIGHT,1.5,1.5,"CMD,0.7,1.50",4.0,0.0169,1.644,0.023,1,0.9828,0,NORMAL,53.578,0.46,1,1,1,1,1,82.2,71,3,dijkstra,graph,0.29434,0,,,,,,0,,,,162018,87998,1535
389,70.3624951839447,2026-03-06T11:35:57.851065,111.43,0.0,5.75,12.31,0.0,0.0,0.0,147.51,5.94,0.686,0.68,STRAIGHT,1.5,1.5,"CMD,0.7,1.50",4.0,0.0169,1.644,0.023,1,0.9915,0,NORMAL,53.968,0.506,1,1,1,1,1,82.2,67,3,dijkstra,graph,0.29279,0,,,,,,0,,,,161661,87621,1487
390,70.53545951843262,2026-03-06T11:35:58.024029,116.32,0.0,5.86,16.4,2.0,0.0,0.0,154.49,5.93,0.689,0.686,STRAIGHT,1.5,1.5,"CMD,0.7,1.50",4.0,0.0169,1.644,0.023,1,0.9885,0,NORMAL,54.373,0.53,1,1,1,1,1,82.2,74,3,dijkstra,graph,0.29231,0,,,,,,0,,,,161397,87436,1517
391,70.7084903717041,2026-03-06T11:35:58.197060,118.58,0.0,8.01,14.4,2.0,0.0,0.0,157.01,5.92,0.68,0.686,STRAIGHT,1.5,1.5,"CMD,0.7,1.50",4.0,0.016,1.689,0.023,1,0.9817,0,NORMAL,54.979,0.538,1,1,1,1,1,84.5,69,4,dijkstra,graph,0.28802,0,,,,,,0,,,,160856,86241,1519
392,70.87749290466309,2026-03-06T11:35:58.366063,114.93,0.0,8.01,8.01,0.0,0.0,0.0,150.98,5.92,0.673,0.68,STRAIGHT,1.5,1.5,"CMD,0.7,1.50",4.0,0.016,1.689,0.023,1,0.982,0,NORMAL,55.528,0.563,1,1,1,1,1,84.5,67,3,dijkstra,graph,0.28599,0,,,,,,0,,,,159740,85465,1527
393,71.05417251586914,2026-03-06T11:35:58.542743,117.15,0.0,6.01,15.54,0.0,0.0,0.0,156.24,5.9,0.657,0.673,STRAIGHT,1.5,1.5,"CMD,0.7,1.50",4.0,0.0152,1.735,0.023,1,0.9836,0,NORMAL,56.286,0.589,1,1,1,1,1,86.8,81,3,dijkstra,graph,0.2845,0,,,,,,0,,,,159831,85113,1623
394,71.22615814208984,2026-03-06T11:35:58.714728,116.91,0.0,8.01,14.02,0.0,0.0,0.0,154.96,5.9,0.658,0.658,STRAIGHT,1.5,1.5,"CMD,0.7,1.50",4.0,0.016,1.689,0.023,1,0.9798,0,NORMAL,56.921,0.61,1,1,1,1,1,84.5,75,3,dijkstra,graph,0.28252,0,,,,,,0,,,,158777,84517,1581
395,71.39265418052673,2026-03-06T11:35:58.881224,120.16,0.0,6.01,6.01,0.0,0.0,0.0,150.07,5.91,0.659,0.658,STRAIGHT,1.5,1.5,"CMD,0.7,1.50",4.0,0.016,1.689,0.023,1,0.9894,0,NORMAL,57.843,0.624,1,1,1,1,1,84.5,70,3,dijkstra,graph,0.28285,0,,,,,,0,,,,158953,84535,1607
396,71.57374811172485,2026-03-06T11:35:59.062318,108.81,0.0,10.35,18.04,0.0,0.0,2.0,155.23,5.89,0.659,0.659,STRAIGHT,1.5,1.5,"CMD,0.7,1.50",4.0,0.016,1.689,0.023,1,0.9806,0,NORMAL,58.795,0.605,1,1,1,1,1,84.5,73,3,dijkstra,graph,0.27711,0,,,,,,0,,,,156949,82826,1663
397,71.74777317047119,2026-03-06T11:35:59.236343,115.37,0.0,8.01,12.11,0.0,0.0,2.0,157.02,5.88,0.66,0.659,STRAIGHT,1.5,1.5,"CMD,0.7,1.50",4.0,0.016,1.689,0.023,1,0.9791,0,NORMAL,59.523,0.621,1,1,1,1,1,84.5,55,3,dijkstra,graph,0.27138,0,,,,,,0,,,,155152,81177,1576
398,71.91830372810364,2026-03-06T11:35:59.406874,116.68,0.0,8.01,12.11,3.3,0.0,0.0,156.51,5.87,0.672,0.66,STRAIGHT,1.5,1.5,"CMD,0.7,1.50",4.0,0.0169,1.644,0.023,1,0.9844,0,NORMAL,60.012,0.638,1,1,1,1,1,82.2,77,3,dijkstra,graph,0.26959,0,,,,,,0,,,,154620,80691,1644
399,72.08643221855164,2026-03-06T11:35:59.575002,118.43,0.0,6.01,8.45,0.0,0.0,0.0,151.11,5.87,0.68,0.672,STRAIGHT,1.5,1.5,"CMD,0.7,1.50",4.0,0.0169,1.644,0.023,1,0.9718,0,NORMAL,59.989,0.613,1,1,1,1,1,80.8,64,3,dijkstra,graph,0.27486,0,,,,,,0,,,,155486,82222,1499
400,72.26714539527893,2026-03-06T11:35:59.755715,122.96,0.0,7.53,12.02,2.0,0.0,0.0,160.39,5.86,0.686,0.68,STRAIGHT,1.5,1.5,"CMD,0.7,1.50",4.0,0.0169,1.644,0.023,1,0.9381,0,NORMAL,61.643,0.676,1,1,1,1,1,74.3,62,3,dijkstra,graph,0.25787,0,,,,,,0,,,,147346,77123,1419
401,72.44078636169434,2026-03-06T11:35:59.929356,117.13,0.0,7.71,12.34,0.0,0.0,0.0,155.62,5.85,0.677,0.68,STRAIGHT,1.5,1.5,"CMD,0.7,1.50",4.0,0.016,1.689,0.023,1,0.9655,0,NORMAL,61.765,0.697,1,1,1,1,1,84.5,62,2,dijkstra,graph,0.26471,0,,,,,,0,,,,152589,79239,1404
402,72.61025738716125,2026-03-06T11:36:00.098827,117.05,0.0,8.01,10.02,0.0,0.0,0.0,153.45,5.86,0.684,0.684,STRAIGHT,1.5,1.5,"CMD,0.7,1.50",4.0,0.0169,1.644,0.023,1,0.983,0,NORMAL,62.941,0.727,1,1,1,1,1,82.2,69,3,dijkstra,graph,0.2612,0,,,,,,0,,,,151514,78150,1655
403,72.78353929519653,2026-03-06T11:36:00.272109,114.91,0.0,6.01,16.14,0.0,0.0,0.0,155.15,5.86,0.676,0.677,STRAIGHT,1.5,1.5,"CMD,0.7,1.50",4.0,0.016,1.689,0.023,1,0.9706,0,NORMAL,62.953,0.748,1,1,1,1,1,84.5,77,3,dijkstra,graph,0.27285,0,,,,,,0,,,,156091,81653,1704
404,72.95319271087646,2026-03-06T11:36:00.441763,114.41,0.0,6.01,12.02,2.0,0.0,0.0,153.63,5.86,0.683,0.683,STRAIGHT,1.5,1.5,"CMD,0.7,1.50",4.0,0.0169,1.644,0.023,1,0.9734,0,NORMAL,64.636,0.818,1,1,1,1,1,82.2,70,4,dijkstra,graph,0.26481,0,,,,,,0,,,,152115,79287,1622
405,73.1197874546051,2026-03-06T11:36:00.608358,110.89,0.0,10.13,10.01,0.0,0.0,2.0,152.58,5.87,0.687,0.683,STRAIGHT,1.5,1.5,"CMD,0.7,1.50",4.0,0.0169,1.644,0.023,1,0.9776,0,NORMAL,65.587,0.836,1,1,1,1,1,82.2,50,3,dijkstra,graph,0.25374,0,,,,,,0,,,,148978,75926,1480
406,73.28540086746216,2026-03-06T11:36:00.773971,103.8,0.0,17.3,5.51,8.18,0.0,0.0,151.6,5.87,0.678,0.683,STRAIGHT,1.5,1.5,"CMD,0.7,1.50",4.0,0.016,1.689,0.023,1,0.9722,0,NORMAL,65.378,0.893,1,1,1,1,1,84.5,55,2,dijkstra,graph,0.26676,0,,,,,,0,,,,153169,79742,1296
407,73.45058798789978,2026-03-06T11:36:00.939158,112.98,0.0,6.01,12.09,2.0,0.0,0.0,151.11,5.88,0.672,0.678,STRAIGHT,1.5,1.5,"CMD,0.7,1.50",4.0,0.016,1.689,0.023,1,0.981,0,NORMAL,66.069,0.881,1,1,1,1,1,84.5,61,3,dijkstra,graph,0.26017,0,,,,,,0,,,,152146,77871,1484
408,73.61845254898071,2026-03-06T11:36:01.107023,114.35,0.0,1.0,11.76,0.0,0.0,0.0,149.84,5.88,0.668,0.672,STRAIGHT,1.5,1.5,"CMD,0.7,1.50",4.0,0.016,1.689,0.023,1,0.9875,0,NORMAL,67.095,0.879,1,1,1,1,1,84.5,62,4,dijkstra,graph,0.2581,0,,,,,,0,,,,150730,77313,1507
409,73.78104162216187,2026-03-06T11:36:01.269612,112.01,0.0,6.01,12.02,0.0,0.0,0.0,148.3,5.89,0.666,0.668,STRAIGHT,1.5,1.5,"CMD,0.7,1.50",4.0,0.016,1.689,0.023,1,0.9771,0,NORMAL,67.684,0.821,1,1,1,1,1,84.5,53,2,dijkstra,graph,0.2499,0,,,,,,0,,,,147511,74649,1312
410,73.94103932380676,2026-03-06T11:36:01.429609,107.31,0.0,12.28,6.01,0.0,0.0,0.0,143.98,5.89,0.676,0.668,STRAIGHT,1.5,1.5,"CMD,0.7,1.50",4.0,0.0169,1.644,0.023,1,0.9902,0,NORMAL,67.655,0.819,1,1,1,1,1,82.2,55,3,dijkstra,graph,0.25174,0,,,,,,0,,,,148615,75347,1387
411,74.11914205551147,2026-03-06T11:36:01.607712,119.63,0.0,7.75,14.03,0.0,0.0,0.0,155.93,5.88,0.671,0.671,STRAIGHT,1.5,1.5,"CMD,0.7,1.50",4.0,0.016,1.689,0.023,1,0.9849,0,NORMAL,67.992,0.792,1,1,1,1,1,84.5,67,3,dijkstra,graph,0.25632,0,,,,,,0,,,,150624,76619,1449
412,74.29021310806274,2026-03-06T11:36:01.778783,114.82,0.0,8.01,12.2,0.0,0.0,2.0,155.05,5.88,0.667,0.671,STRAIGHT,1.5,1.5,"CMD,0.7,1.50",4.0,0.016,1.689,0.023,1,0.9851,0,NORMAL,68.82,0.772,1,1,1,1,1,84.5,66,3,dijkstra,graph,0.2632,0,,,,,,0,,,,151645,78714,1549
413,74.45470452308655,2026-03-06T11:36:01.943275,112.8,0.0,6.01,14.02,0.0,0.0,0.0,148.41,5.88,0.665,0.667,STRAIGHT,1.5,1.5,"CMD,0.7,1.50",4.0,0.016,1.689,0.023,1,0.9856,0,NORMAL,69.318,0.702,1,1,1,1,1,84.5,62,4,dijkstra,graph,0.25709,0,,,,,,0,,,,150671,76897,1515
414,74.62479996681213,2026-03-06T11:36:02.113370,114.46,0.0,2.0,19.59,0.0,0.0,0.0,152.07,5.87,0.663,0.665,STRAIGHT,1.5,1.5,"CMD,0.7,1.50",4.0,0.016,1.689,0.023,1,0.9922,0,NORMAL,69.343,0.672,1,1,1,1,1,84.5,69,4,dijkstra,graph,0.25872,0,,,,,,0,,,,150792,77463,1567
415,74.79269123077393,2026-03-06T11:36:02.281261,114.11,0.0,6.01,13.34,0.0,0.0,0.0,151.87,5.88,0.674,0.665,STRAIGHT,1.5,1.5,"CMD,0.7,1.50",4.0,0.0169,1.644,0.023,1,0.9914,0,NORMAL,69.608,0.655,1,1,1,1,1,82.2,60,4,dijkstra,graph,0.25957,0,,,,,,0,,,,151294,77663,1479
416,74.95987176895142,2026-03-06T11:36:02.448442,115.6,0.0,7.01,10.02,0.0,0.0,2.0,150.65,5.88,0.682,0.674,STRAIGHT,1.5,1.5,"CMD,0.7,1.50",4.0,0.0169,1.644,0.023,1,0.9715,0,NORMAL,69.869,0.651,1,1,1,1,1,82.2,39,3,dijkstra,graph,0.25514,0,,,,,,0,,,,147389,76366,1360
417,75.12702679634094,2026-03-06T11:36:02.615597,117.08,0.0,6.01,10.01,2.0,0.0,0.0,153.14,5.88,0.687,0.682,STRAIGHT,1.5,1.5,"CMD,0.7,1.50",4.0,0.0169,1.644,0.023,1,0.9805,0,NORMAL,69.934,0.593,1,1,1,1,1,82.2,53,3,dijkstra,graph,0.25843,0,,,,,,0,,,,150022,77429,1406
418,75.29018354415894,2026-03-06T11:36:02.778754,113.89,0.0,6.01,10.01,2.0,0.0,0.0,149.25,5.88,0.69,0.687,STRAIGHT,1.5,1.5,"CMD,0.7,1.50",4.0,0.0169,1.644,0.023,1,0.9839,0,NORMAL,70.083,0.623,1,1,1,1,1,82.2,55,3,dijkstra,graph,0.26372,0,,,,,,0,,,,150622,78965,1442
419,75.45365595817566,2026-03-06T11:36:02.942226,115.34,0.0,6.01,9.83,2.0,0.0,0.0,147.45,5.9,0.692,0.69,STRAIGHT,1.5,1.5,"CMD,0.7,1.50",4.0,0.0169,1.644,0.023,1,0.9684,0,NORMAL,70.38,0.533,1,1,1,1,1,82.2,34,3,dijkstra,graph,0.25589,0,,,,,,0,,,,146198,76554,1143
420,75.62100124359131,2026-03-06T11:36:03.109571,115.39,0.0,6.01,12.1,0.0,0.0,0.0,151.33,5.9,0.682,0.69,STRAIGHT,1.5,1.5,"CMD,0.7,1.50",4.0,0.016,1.689,0.023,1,0.9566,0,NORMAL,70.634,0.5,1,1,1,1,1,84.5,47,3,dijkstra,graph,0.26217,0,,,,,,0,,,,152445,78467,1447
421,75.79377174377441,2026-03-06T11:36:03.282342,116.69,0.0,8.01,12.02,2.0,0.0,0.0,156.75,5.9,0.674,0.682,STRAIGHT,1.5,1.5,"CMD,0.7,1.50",4.0,0.016,1.689,0.023,1,0.972,0,NORMAL,70.711,0.465,1,1,1,1,1,84.5,74,4,dijkstra,graph,0.26488,0,,,,,,0,,,,152487,79290,1555
422,75.95883965492249,2026-03-06T11:36:03.447410,109.94,0.0,6.01,12.62,2.0,0.0,0.0,149.05,5.91,0.67,0.674,STRAIGHT,1.5,1.5,"CMD,0.7,1.50",4.0,0.016,1.689,0.023,1,0.9729,0,NORMAL,70.711,0.456,1,1,1,1,1,84.5,67,4,dijkstra,graph,0.27128,0,,,,,,0,,,,156535,81149,1669
423,76.12501049041748,2026-03-06T11:36:03.613581,116.37,0.0,6.01,12.02,0.0,0.0,0.0,150.41,5.92,0.667,0.67,STRAIGHT,1.5,1.5,"CMD,0.7,1.50",4.0,0.016,1.689,0.023,1,0.9838,0,NORMAL,70.711,0.471,1,1,1,1,1,84.5,55,5,dijkstra,graph,0.26816,0,,,,,,0,,,,155057,80334,1568
424,76.299884557724,2026-03-06T11:36:03.788454,118.52,0.0,6.01,12.02,2.0,0.0,0.0,158.85,5.91,0.653,0.667,STRAIGHT,1.5,1.5,"CMD,0.7,1.50",4.0,0.0152,1.735,0.023,1,0.979,0,NORMAL,70.711,0.446,1,1,1,1,1,86.8,71,2,dijkstra,graph,0.27397,0,,,,,,0,,,,155665,81987,1374
425,76.46662092208862,2026-03-06T11:36:03.955191,114.77,0.0,7.05,12.16,1.0,0.0,0.0,152.72,5.93,0.655,0.655,STRAIGHT,1.5,1.5,"CMD,0.7,1.50",4.0,0.016,1.689,0.023,1,0.981,0,NORMAL,70.711,0.434,1,1,1,1,1,84.5,64,3,dijkstra,graph,0.27062,0,,,,,,0,,,,153728,81016,1523
426,76.62822699546814,2026-03-06T11:36:04.116797,113.18,0.0,6.01,10.38,0.0,0.0,0.0,145.59,5.94,0.657,0.655,STRAIGHT,1.5,1.5,"CMD,0.7,1.50",4.0,0.016,1.689,0.023,1,0.9863,0,NORMAL,70.711,0.439,1,1,1,1,1,84.5,58,4,dijkstra,graph,0.268,0,,,,,,0,,,,152385,80154,1514
427,76.79894781112671,2026-03-06T11:36:04.287518,116.9,0.0,8.01,10.02,2.0,0.0,0.0,153.14,5.94,0.658,0.657,STRAIGHT,1.5,1.5,"CMD,0.7,1.50",4.0,0.016,1.689,0.023,1,0.9884,0,NORMAL,70.711,0.41,1,1,1,1,1,84.5,38,5,dijkstra,graph,0.27002,0,,,,,,0,,,,153475,80724,1480
428,76.96729588508606,2026-03-06T11:36:04.455866,108.12,0.0,13.2,11.52,0.0,0.0,0.0,152.44,5.94,0.659,0.658,STRAIGHT,1.5,1.5,"CMD,0.7,1.50",4.0,0.016,1.689,0.023,1,0.9835,0,NORMAL,70.711,0.406,1,1,1,1,1,84.5,53,5,dijkstra,graph,0.27236,0,,,,,,0,,,,155421,81562,1539
429,77.1379451751709,2026-03-06T11:36:04.626515,116.57,0.0,6.01,12.02,0.0,0.0,0.0,154.63,5.95,0.659,0.659,STRAIGHT,1.5,1.5,"CMD,0.7,1.50",4.0,0.016,1.689,0.023,1,0.9856,0,NORMAL,70.711,0.38,1,1,1,1,1,84.5,52,4,dijkstra,graph,0.2757,0,,,,,,0,,,,156847,82524,1418
430,77.3135085105896,2026-03-06T11:36:04.802079,121.01,0.0,5.89,12.17,0.0,0.0,0.0,157.54,5.95,0.648,0.659,STRAIGHT,1.5,1.5,"CMD,0.7,1.50",4.0,0.0152,1.735,0.023,1,0.9774,0,NORMAL,70.711,0.456,1,1,1,1,1,86.8,52,3,dijkstra,graph,0.28283,0,,,,,,0,,,,158729,84591,1356
431,77.47654843330383,2026-03-06T11:36:04.965118,110.65,0.0,0.0,22.35,0.0,0.0,0.0,147.02,5.96,0.641,0.648,STRAIGHT,1.5,1.5,"CMD,0.6,1.50",4.0,0.0152,1.735,0.023,1,0.9836,0,NORMAL,70.711,0.503,1,1,1,1,1,86.8,70,4,dijkstra,graph,0.28405,0,,,,,,0,,,,158606,84951,1509
432,77.64200949668884,2026-03-06T11:36:05.130579,110.94,0.0,6.01,13.02,0.0,0.0,0.0,149.44,5.97,0.625,0.641,STRAIGHT,1.5,1.5,"CMD,0.6,1.50",4.0,0.0144,1.781,0.023,1,0.9812,0,NORMAL,70.711,0.529,1,1,1,1,1,89.0,64,5,dijkstra,graph,0.28853,0,,,,,,0,,,,160701,86223,1705
433,77.81731581687927,2026-03-06T11:36:05.305886,118.87,0.0,8.01,12.02,0.0,0.0,0.0,155.28,5.96,0.615,0.625,STRAIGHT,1.5,1.5,"CMD,0.6,1.50",4.0,0.0144,1.781,0.023,1,0.9763,0,NORMAL,70.711,0.567,1,1,1,1,1,89.0,64,4,dijkstra,graph,0.2895,0,,,,,,0,,,,159977,86565,1596
434,77.98813796043396,2026-03-06T11:36:05.476708,116.46,0.0,6.01,10.3,0.0,0.0,0.0,152.8,5.96,0.608,0.615,STRAIGHT,1.5,1.5,"CMD,0.6,1.50",4.0,0.0144,1.781,0.023,1,0.983,0,NORMAL,70.711,0.604,1,1,1,1,1,89.0,49,5,dijkstra,graph,0.28616,0,,,,,,0,,,,159189,85644,1578
435,78.15215682983398,2026-03-06T11:36:05.640727,114.69,0.0,6.01,8.81,0.0,0.0,0.0,147.54,5.96,0.603,0.608,STRAIGHT,1.5,1.5,"CMD,0.6,1.50",4.0,0.0144,1.781,0.023,1,0.9812,0,NORMAL,70.711,0.686,1,1,1,1,1,89.0,60,5,dijkstra,graph,0.29324,0,,,,,,0,,,,160977,87728,1544
436,78.32577967643738,2026-03-06T11:36:05.814350,116.65,0.0,8.01,11.28,0.0,0.0,0.0,151.69,5.95,0.6,0.603,STRAIGHT,1.5,1.5,"CMD,0.6,1.50",4.0,0.0144,1.781,0.023,1,0.9825,0,NORMAL,70.711,0.655,1,1,1,1,1,89.0,55,5,dijkstra,graph,0.28946,0,,,,,,0,,,,160936,86696,1748
437,78.49783205986023,2026-03-06T11:36:05.986402,116.97,0.0,8.01,12.02,0.0,0.0,2.0,155.03,5.94,0.588,0.6,STRAIGHT,1.5,1.5,"CMD,0.6,1.50",4.0,0.0137,1.826,0.023,1,0.9875,0,NORMAL,70.711,0.682,1,1,1,1,1,91.3,49,6,dijkstra,graph,0.29147,0,,,,,,0,,,,162005,87238,1633
438,78.66041827201843,2026-03-06T11:36:06.148988,109.71,0.0,3.74,15.09,2.0,0.0,0.0,146.57,5.94,0.58,0.588,STRAIGHT,1.5,1.5,"CMD,0.6,1.50",4.0,0.0137,1.826,0.023,1,0.9779,0,NORMAL,70.711,0.701,1,1,1,1,1,91.3,55,4,dijkstra,graph,0.2993,0,,,,,,0,,,,164622,89643,1528
439,78.83241105079651,2026-03-06T11:36:06.320981,116.67,0.0,8.01,12.02,0.0,0.0,0.0,156.97,5.93,0.575,0.58,STRAIGHT,1.5,1.5,"CMD,0.6,1.50",4.0,0.0137,1.826,0.023,1,0.9807,0,NORMAL,70.711,0.818,1,1,1,1,1,91.3,54,5,dijkstra,graph,0.2989,0,,,,,,0,,,,164821,89496,1674
440,79.00781178474426,2026-03-06T11:36:06.496382,118.16,0.0,0.0,20.51,2.0,0.0,0.0,155.65,5.93,0.563,0.575,STRAIGHT,1.5,1.5,"CMD,0.6,1.50",4.0,0.013,1.872,0.023,1,0.9623,0,NORMAL,70.711,0.821,1,1,1,1,1,93.6,56,4,dijkstra,graph,0.29969,0,,,,,,0,,,,164086,89711,1696
441,79.17444109916687,2026-03-06T11:36:06.663011,114.66,0.0,6.01,13.92,0.0,0.0,0.0,152.61,5.94,0.563,0.563,STRAIGHT,1.5,1.5,"CMD,0.6,1.50",4.0,0.0137,1.826,0.023,1,0.9713,0,NORMAL,70.711,0.813,1,1,1,1,1,91.3,66,5,dijkstra,graph,0.29833,0,,,,,,0,,,,163937,89252,1732
442,79.33808279037476,2026-03-06T11:36:06.826653,113.3,0.0,7.75,6.45,0.0,0.0,0.0,147.53,5.94,0.524,0.563,STRAIGHT,1.5,1.5,"CMD,0.6,1.50",4.0,0.0108,2.055,0.023,1,0.9686,0,NORMAL,70.711,0.83,1,1,1,1,1,102.7,71,4,dijkstra,graph,0.30091,0,,,,,,0,,,,162545,90153,1802
443,79.51267218589783,2026-03-06T11:36:07.001242,114.24,0.0,6.01,12.02,2.0,0.0,0.0,150.29,5.93,0.529,0.529,STRAIGHT,1.5,1.5,"CMD,0.5,1.50",4.0,0.013,1.872,0.023,1,0.9571,0,NORMAL,70.711,0.815,1,1,1,1,1,93.6,61,3,dijkstra,graph,0.30593,0,,,,,,0,,,,168154,91497,1566
444,79.68310904502869,2026-03-06T11:36:07.171679,114.94,0.0,6.01,15.44,0.0,0.0,0.0,154.42,5.93,0.532,0.529,STRAIGHT,1.5,1.5,"CMD,0.5,1.50",4.0,0.013,1.872,0.023,1,0.9864,0,NORMAL,70.711,0.81,1,1,1,1,1,93.6,68,4,dijkstra,graph,0.30566,0,,,,,,0,,,,167843,91466,1745
445,79.85592603683472,2026-03-06T11:36:07.344496,113.56,0.0,8.01,14.27,0.0,0.0,0.0,154.35,5.92,0.534,0.532,STRAIGHT,1.5,1.5,"CMD,0.5,1.50",4.0,0.013,1.872,0.023,1,0.9851,0,NORMAL,70.711,0.745,1,1,1,1,1,93.6,59,4,dijkstra,graph,0.3119,0,,,,,,0,,,,168664,93382,1546
446,80.02397847175598,2026-03-06T11:36:07.512548,111.57,0.0,8.01,12.02,0.0,0.0,0.0,151.62,5.92,0.535,0.534,STRAIGHT,1.5,1.5,"CMD,0.5,1.50",4.0,0.013,1.872,0.023,1,0.9794,0,NORMAL,70.711,0.718,1,1,1,1,1,93.6,60,5,dijkstra,graph,0.32008,0,,,,,,0,,,,171217,95851,1769
447,80.18481278419495,2026-03-06T11:36:07.673383,114.77,0.0,8.01,6.01,0.0,0.0,0.0,146.82,5.92,0.536,0.535,STRAIGHT,1.5,1.5,"CMD,0.5,1.50",4.0,0.013,1.872,0.023,1,0.9861,0,NORMAL,70.711,0.755,1,1,1,1,1,93.6,66,7,dijkstra,graph,0.31919,0,,,,,,0,,,,170630,95546,1790
448,80.36363744735718,2026-03-06T11:36:07.852207,114.34,0.0,8.01,15.76,0.0,0.0,0.0,156.4,5.91,0.536,0.536,STRAIGHT,1.5,1.5,"CMD,0.5,1.50",4.0,0.013,1.872,0.023,1,0.989,0,NORMAL,70.711,0.76,1,1,1,1,1,93.6,65,3,dijkstra,graph,0.3207,0,,,,,,0,,,,171004,96083,1621
449,80.53236246109009,2026-03-06T11:36:08.020932,109.88,0.0,10.05,7.75,6.26,0.0,0.0,150.7,5.9,0.537,0.536,STRAIGHT,1.5,1.5,"CMD,0.5,1.50",4.0,0.013,1.872,0.023,1,0.9856,0,NORMAL,70.711,0.738,1,1,1,1,1,93.6,70,4,dijkstra,graph,0.31961,0,,,,,,0,,,,170550,95772,1598
450,80.70084619522095,2026-03-06T11:36:08.189416,116.68,0.0,6.01,12.02,0.0,0.0,0.0,152.73,5.91,0.528,0.536,STRAIGHT,1.5,1.5,"CMD,0.5,1.50",4.0,0.0124,1.918,0.023,1,0.9819,0,NORMAL,70.711,0.784,1,1,1,1,1,95.9,54,5,dijkstra,graph,0.32729,0,,,,,,0,,,,172186,97912,1554
451,80.87403583526611,2026-03-06T11:36:08.362606,118.71,0.0,6.01,12.02,2.0,0.0,0.0,157.17,5.9,0.523,0.528,STRAIGHT,1.5,1.5,"CMD,0.5,1.50",4.0,0.0124,1.918,0.023,1,0.9849,0,NORMAL,70.711,0.76,1,1,1,1,1,95.9,57,3,dijkstra,graph,0.32919,0,,,,,,0,,,,172272,98553,1535
452,81.04531002044678,2026-03-06T11:36:08.533880,114.44,0.0,6.01,12.4,0.0,0.0,2.0,153.25,5.89,0.512,0.523,STRAIGHT,1.5,1.5,"CMD,0.5,1.50",4.0,0.0118,1.963,0.023,1,0.9825,0,NORMAL,70.711,0.797,1,1,1,1,1,98.2,55,5,dijkstra,graph,0.33246,0,,,,,,0,,,,174162,99484,1628
453,81.2138741016388,2026-03-06T11:36:08.702444,113.0,0.0,6.01,14.02,0.0,0.0,0.0,150.54,5.9,0.504,0.512,STRAIGHT,1.5,1.5,"CMD,0.5,1.50",4.0,0.0118,1.963,0.023,1,0.979,0,NORMAL,70.711,0.82,1,1,1,1,1,98.2,58,5,dijkstra,graph,0.33926,0,,,,,,0,,,,176217,101542,1787
454,81.3762731552124,2026-03-06T11:36:08.864843,108.33,0.0,6.01,12.02,0.0,0.0,2.0,146.38,5.91,0.499,0.504,STRAIGHT,1.5,1.5,"CMD,0.5,1.50",4.0,0.0118,1.963,0.023,1,0.978,0,NORMAL,70.711,0.766,1,1,1,1,1,98.2,60,4,dijkstra,graph,0.33136,0,,,,,,0,,,,173333,99205,1571
455,81.54662680625916,2026-03-06T11:36:09.035197,116.19,0.0,8.01,12.02,0.0,0.0,0.0,154.25,5.9,0.496,0.499,STRAIGHT,1.5,1.5,"CMD,0.5,1.50",4.0,0.0118,1.963,0.023,1,0.9866,0,NORMAL,70.711,0.777,1,1,1,1,1,98.2,55,4,dijkstra,graph,0.33271,0,,,,,,0,,,,173771,99657,1577
456,81.72100973129272,2026-03-06T11:36:09.209580,113.83,0.0,8.01,12.76,1.74,0.0,0.0,156.36,5.89,0.493,0.496,STRAIGHT,1.5,1.5,"CMD,0.5,1.50",4.0,0.0118,1.963,0.023,1,0.9862,0,NORMAL,70.711,0.763,1,1,1,1,1,98.2,57,5,dijkstra,graph,0.33479,0,,,,,,0,,,,173959,100303,1614
457,81.89221858978271,2026-03-06T11:36:09.380789,114.64,0.0,8.01,12.02,2.0,0.0,0.0,159.19,5.89,0.492,0.493,STRAIGHT,1.5,1.5,"CMD,0.5,1.50",4.0,0.0118,1.963,0.023,1,0.9885,0,NORMAL,70.711,0.76,1,1,1,1,1,98.2,66,4,dijkstra,graph,0.33603,0,,,,,,0,,,,173517,100687,1599
458,82.0528416633606,2026-03-06T11:36:09.541412,109.98,0.0,6.01,7.75,0.0,0.0,0.0,144.37,5.9,0.491,0.492,STRAIGHT,1.5,1.5,"CMD,0.5,1.50",4.0,0.0118,1.963,0.023,1,0.9867,0,NORMAL,70.427,0.779,1,1,1,1,1,98.2,60,2,dijkstra,graph,0.33713,0,,,,,,0,,,,173400,100910,1631
459,82.22246479988098,2026-03-06T11:36:09.711035,108.26,0.0,6.01,15.53,0.0,0.0,0.0,145.82,5.91,0.483,0.491,STRAIGHT,1.5,1.5,"CMD,0.5,1.50",4.0,0.0113,2.009,0.023,1,0.9897,0,NORMAL,70.524,0.79,1,1,1,1,1,100.5,65,2,dijkstra,graph,0.33917,0,,,,,,0,,,,174368,101623,1639
460,82.3824155330658,2026-03-06T11:36:09.870986,109.85,0.0,6.01,8.01,0.0,0.0,0.0,141.93,5.91,0.477,0.483,STRAIGHT,1.5,1.5,"CMD,0.5,1.50",4.0,0.0113,2.009,0.023,1,0.9843,0,NORMAL,70.361,0.754,1,1,1,1,1,100.5,73,5,dijkstra,graph,0.34709,0,,,,,,0,,,,176462,103940,1757
461,82.55388617515564,2026-03-06T11:36:10.042456,104.17,0.0,8.01,14.02,2.0,0.0,0.0,151.02,5.9,0.474,0.477,STRAIGHT,1.5,1.5,"CMD,0.5,1.50",4.0,0.0113,2.009,0.023,1,0.9805,0,NORMAL,70.131,0.739,1,1,1,1,1,100.5,75,3,dijkstra,graph,0.35252,0,,,,,,0,,,,176515,105593,1897
462,82.72093319892883,2026-03-06T11:36:10.209503,108.66,0.0,0.0,24.34,0.0,0.0,0.0,151.03,5.91,0.471,0.474,STRAIGHT,1.5,1.5,"CMD,0.5,1.50",4.0,0.0113,2.009,0.023,1,0.987,0,NORMAL,69.894,0.693,1,1,1,1,1,100.5,68,3,dijkstra,graph,0.35326,0,,,,,,0,,,,177337,105784,1754
463,82.87789249420166,2026-03-06T11:36:10.366462,106.88,0.0,10.03,8.01,0.0,0.0,0.0,140.94,5.93,0.463,0.471,STRAIGHT,1.5,1.5,"CMD,0.5,1.50",4.0,0.0108,2.055,0.023,1,0.9691,0,NORMAL,68.516,0.708,1,1,1,1,1,102.7,54,4,dijkstra,graph,0.36271,0,,,,,,0,,,,177389,108601,1723
464,83.05234599113464,2026-03-06T11:36:10.540916,106.16,0.0,8.01,13.9,2.0,0.0,0.0,150.1,5.92,0.457,0.463,STRAIGHT,1.5,1.5,"CMD,0.5,1.50",4.0,0.0108,2.055,0.023,1,0.9679,0,NORMAL,67.74,0.915,1,1,1,1,1,102.7,86,3,dijkstra,graph,0.37632,0,,,,,,0,,,,181602,112714,2106
465,83.2177267074585,2026-03-06T11:36:10.706297,110.8,0.0,7.61,14.44,0.0,0.0,0.0,147.18,5.93,0.454,0.457,STRAIGHT,1.5,1.5,"CMD,0.5,1.50",4.0,0.0108,2.055,0.023,1,0.9855,0,NORMAL,66.981,0.905,1,1,1,1,1,102.7,55,7,dijkstra,graph,0.37876,0,,,,,,0,,,,183286,113344,2026
466,83.38057136535645,2026-03-06T11:36:10.869141,102.79,0.0,8.01,16.02,2.0,0.0,0.0,144.82,5.94,0.445,0.454,STRAIGHT,1.5,1.5,"CMD,0.5,1.50",4.0,0.0104,2.1,0.023,1,0.9811,0,NORMAL,66.181,0.868,1,1,1,1,1,105.0,76,5,dijkstra,graph,0.38806,0,,,,,,0,,,,186230,116209,2138
467,83.53543972969055,2026-03-06T11:36:11.024010,108.55,0.0,6.01,8.01,0.0,0.0,0.0,138.6,5.95,0.439,0.445,STRAIGHT,1.5,1.5,"CMD,0.4,1.50",4.0,0.0104,2.1,0.023,1,0.982,0,NORMAL,65.962,0.814,1,1,1,1,1,105.0,66,6,dijkstra,graph,0.39731,0,,,,,,0,,,,189058,118865,1955
468,83.70673656463623,2026-03-06T11:36:11.195307,108.33,0.0,8.01,14.39,0.0,0.0,0.0,147.75,5.95,0.435,0.439,STRAIGHT,1.5,1.5,"CMD,0.4,1.50",4.0,0.0104,2.1,0.023,1,0.9834,0,NORMAL,66.349,0.737,1,1,1,1,1,105.0,72,5,dijkstra,graph,0.39217,0,,,,,,0,,,,187572,117325,2250
469,83.87102484703064,2026-03-06T11:36:11.359595,105.66,0.0,7.51,16.69,0.0,0.0,0.0,148.13,5.96,0.432,0.435,STRAIGHT,1.5,1.5,"CMD,0.4,1.50",4.0,0.0104,2.1,0.023,1,0.9801,0,NORMAL,66.07,0.71,1,1,1,1,1,105.0,80,3,dijkstra,graph,0.40068,0,,,,,,0,,,,190454,119971,2029
470,84.03781056404114,2026-03-06T11:36:11.526381,110.16,0.0,6.01,16.58,0.0,0.0,0.0,150.77,5.96,0.431,0.432,STRAIGHT,1.5,1.5,"CMD,0.4,1.50",4.0,0.0104,2.1,0.023,1,0.9797,0,NORMAL,65.56,0.697,1,1,1,1,1,105.0,74,4,dijkstra,graph,0.39942,0,,,,,,0,,,,190932,119620,2239
471,84.20034766197205,2026-03-06T11:36:11.688918,108.69,0.0,6.01,12.06,0.0,0.0,0.0,142.77,5.96,0.429,0.431,STRAIGHT,1.5,1.5,"CMD,0.4,1.50",4.0,0.0104,2.1,0.023,1,0.9861,0,NORMAL,65.765,0.656,1,1,1,1,1,105.0,83,5,dijkstra,graph,0.39729,0,,,,,,0,,,,189633,119016,2289
472,84.37222409248352,2026-03-06T11:36:11.860794,104.23,0.0,9.24,18.02,0.0,0.0,2.0,151.41,5.97,0.423,0.429,STRAIGHT,1.5,1.5,"CMD,0.4,1.50",4.0,0.0099,2.146,0.023,1,0.9618,0,NORMAL,64.406,0.713,1,1,1,1,1,107.3,93,6,dijkstra,graph,0.41219,0,,,,,,0,,,,193812,123292,2205
473,84.53616666793823,2026-03-06T11:36:12.024736,99.05,0.0,14.84,15.76,0.0,0.0,0.0,153.8,5.98,0.412,0.423,STRAIGHT,1.5,1.5,"CMD,0.4,1.50",4.0,0.0095,2.192,0.023,1,0.9843,0,NORMAL,63.803,0.852,1,1,1,1,1,109.6,82,7,dijkstra,graph,0.41488,0,,,,,,0,,,,193587,124011,2144
474,84.70194697380066,2026-03-06T11:36:12.190517,101.24,0.0,14.31,14.02,2.0,0.0,0.0,147.76,5.98,0.406,0.412,STRAIGHT,1.5,1.5,"CMD,0.4,1.50",4.0,0.0095,2.192,0.023,1,0.9789,0,NORMAL,63.687,0.91,1,1,1,1,1,109.6,69,5,dijkstra,graph,0.40919,0,,,,,,0,,,,193428,122267,2021
475,84.85843062400818,2026-03-06T11:36:12.347001,108.42,0.0,8.01,6.01,0.0,0.0,0.0,138.46,6.0,0.401,0.406,STRAIGHT,1.5,1.5,"CMD,0.4,1.50",4.0,0.0095,2.192,0.023,1,0.9775,0,NORMAL,63.113,0.919,1,1,1,1,1,109.6,78,6,dijkstra,graph,0.4205,0,,,,,,0,,,,196321,125798,2176
476,85.04138255119324,2026-03-06T11:36:12.529953,110.46,0.0,6.01,18.03,0.0,0.0,0.0,152.52,5.97,0.398,0.401,STRAIGHT,1.5,1.5,"CMD,0.4,1.50",4.0,0.0095,2.192,0.023,1,0.9886,0,NORMAL,63.288,0.928,1,1,1,1,1,109.6,83,7,dijkstra,graph,0.42151,0,,,,,,0,,,,196778,126058,2332
477,85.20840358734131,2026-03-06T11:36:12.696974,108.14,0.0,6.01,16.82,0.0,0.0,0.0,146.99,5.99,0.396,0.398,STRAIGHT,1.5,1.5,"CMD,0.4,1.50",4.0,0.0095,2.192,0.023,1,0.978,0,NORMAL,63.411,0.923,1,1,1,1,1,109.6,89,8,dijkstra,graph,0.42079,0,,,,,,0,,,,195625,125816,2211
478,85.37648034095764,2026-03-06T11:36:12.865050,108.42,0.0,6.01,16.02,0.0,0.0,0.0,148.22,5.99,0.395,0.396,STRAIGHT,1.5,1.5,"CMD,0.4,1.50",4.0,0.0095,2.192,0.023,1,0.9781,0,NORMAL,63.61,0.911,1,1,1,1,1,109.6,78,6,dijkstra,graph,0.42374,0,,,,,,0,,,,198134,126685,2093
479,85.54319310188293,2026-03-06T11:36:13.031763,110.11,0.0,8.01,18.03,0.0,0.0,0.0,150.87,5.99,0.389,0.395,STRAIGHT,1.5,1.5,"CMD,0.4,1.50",4.0,0.0091,2.237,0.023,1,0.9861,0,NORMAL,63.117,0.948,1,1,1,1,1,111.9,88,4,dijkstra,graph,0.42878,0,,,,,,0,,,,199855,128067,2151
480,85.71188306808472,2026-03-06T11:36:13.200453,104.71,0.0,10.15,19.78,0.0,0.0,0.0,150.67,5.99,0.385,0.389,STRAIGHT,1.5,1.5,"CMD,0.4,1.50",4.0,0.0091,2.237,0.023,1,0.9827,0,NORMAL,63.192,0.924,1,1,1,1,1,111.9,80,7,dijkstra,graph,0.42252,0,,,,,,0,,,,198097,126358,2210
481,85.88335371017456,2026-03-06T11:36:13.371924,113.28,0.0,7.75,15.39,1.0,0.0,0.0,153.45,5.99,0.377,0.385,STRAIGHT,1.5,1.5,"CMD,0.4,1.50",4.0,0.0088,2.283,0.023,1,0.9699,0,NORMAL,62.659,0.967,1,1,1,1,1,114.2,72,7,dijkstra,graph,0.43754,0,,,,,,0,,,,203489,130901,2278
482,86.06502747535706,2026-03-06T11:36:13.553597,115.05,0.0,10.48,20.1,0.0,0.0,0.0,163.65,5.98,0.377,0.377,STRAIGHT,1.5,1.5,"CMD,0.4,1.50",4.0,0.0091,2.237,0.023,1,0.9824,0,NORMAL,63.495,0.924,1,1,1,1,1,111.9,100,6,dijkstra,graph,0.4381,0,,,,,,0,,,,203224,131058,2426
483,86.2375066280365,2026-03-06T11:36:13.726077,117.22,0.0,6.01,10.49,0.0,0.0,0.0,152.01,5.97,0.372,0.377,STRAIGHT,1.5,1.5,"CMD,0.4,1.50",4.0,0.0088,2.283,0.023,1,0.9812,0,NORMAL,62.717,0.977,1,1,1,1,1,114.2,91,7,dijkstra,graph,0.44579,0,,,,,,0,,,,205912,133353,2360
484,86.40960764884949,2026-03-06T11:36:13.898178,109.23,0.0,0.0,20.32,0.0,0.0,0.0,151.7,5.96,0.368,0.372,STRAIGHT,1.5,1.5,"CMD,0.4,1.50",4.0,0.0088,2.283,0.023,1,0.9796,0,NORMAL,63.532,0.959,1,1,1,1,1,114.2,82,7,dijkstra,graph,0.44349,0,,,,,,0,,,,203786,132539,2293
485,86.58140301704407,2026-03-06T11:36:14.069973,111.94,0.0,7.75,14.02,0.0,0.0,0.0,149.72,5.97,0.361,0.368,STRAIGHT,1.5,1.5,"CMD,0.4,1.50",4.0,0.0084,2.329,0.023,1,0.9793,0,NORMAL,63.017,0.943,1,1,1,1,1,116.4,88,5,dijkstra,graph,0.44019,0,,,,,,0,,,,204754,131724,2210
486,86.75933599472046,2026-03-06T11:36:14.247906,102.51,0.0,8.29,24.24,2.0,0.0,0.0,157.57,5.96,0.352,0.361,STRAIGHT,1.5,1.5,"CMD,0.4,1.50",4.0,0.0081,2.374,0.023,1,0.965,0,NORMAL,63.004,1.093,1,1,1,1,1,118.7,98,5,dijkstra,graph,0.46236,0,,,,,,0,,,,210334,138283,2414
487,86.92921352386475,2026-03-06T11:36:14.417784,108.8,0.0,9.01,18.02,0.0,0.0,0.0,153.86,5.95,0.342,0.352,STRAIGHT,1.5,1.5,"CMD,0.4,1.50",4.0,0.0078,2.42,0.023,1,0.9678,0,NORMAL,63.99,0.992,1,1,1,1,1,121.0,94,5,dijkstra,graph,0.46188,0,,,,,,0,,,,210440,138107,2517
488,87.10108137130737,2026-03-06T11:36:14.589651,102.57,0.0,14.2,18.33,0.0,0.0,0.0,153.85,5.94,0.331,0.342,STRAIGHT,1.5,1.5,"CMD,0.3,1.50",4.0,0.0075,2.466,0.023,1,0.9644,0,NORMAL,64.104,0.996,1,1,1,1,1,123.3,101,5,dijkstra,graph,0.447,0,,,,,,0,,,,204582,133631,2484
489,87.26945424079895,2026-03-06T11:36:14.758024,108.21,0.0,4.0,22.11,0.0,0.0,0.0,150.35,5.93,0.328,0.331,STRAIGHT,1.5,1.5,"CMD,0.3,1.50",4.0,0.0078,2.42,0.023,1,0.9724,0,NORMAL,64.422,0.965,1,1,1,1,1,121.0,95,5,dijkstra,graph,0.45386,0,,,,,,0,,,,208346,135750,2472
490,87.43407797813416,2026-03-06T11:36:14.922648,104.26,0.0,2.0,24.6,0.0,0.0,2.0,148.61,5.94,0.33,0.33,STRAIGHT,1.5,1.5,"CMD,0.3,1.50",4.0,0.0081,2.374,0.023,1,0.9627,0,NORMAL,64.597,0.839,1,1,1,1,1,118.7,71,6,dijkstra,graph,0.44781,0,,,,,,0,,,,202370,134006,2410
491,87.59690284729004,2026-03-06T11:36:15.085473,104.75,0.0,6.01,16.02,0.0,0.0,0.0,144.8,5.95,0.331,0.33,STRAIGHT,1.5,1.5,"CMD,0.3,1.50",4.0,0.0081,2.374,0.023,1,0.9762,0,NORMAL,64.715,0.83,1,1,1,1,1,118.7,81,5,dijkstra,graph,0.44634,0,,,,,,0,,,,203863,133536,2444
492,87.75485062599182,2026-03-06T11:36:15.243421,102.15,0.0,6.01,16.02,0.0,0.0,0.0,141.93,5.95,0.337,0.331,STRAIGHT,1.5,1.5,"CMD,0.3,1.50",4.0,0.0084,2.329,0.023,1,0.9848,0,NORMAL,64.919,0.784,1,1,1,1,1,116.4,90,5,dijkstra,graph,0.44921,0,,,,,,0,,,,204750,134308,2466
493,87.91947650909424,2026-03-06T11:36:15.408046,101.8,0.0,15.59,12.33,0.0,0.0,0.0,146.61,5.96,0.34,0.337,STRAIGHT,1.5,1.5,"CMD,0.3,1.50",4.0,0.0084,2.329,0.023,1,0.9865,0,NORMAL,65.417,0.725,1,1,1,1,1,116.4,90,6,dijkstra,graph,0.44707,0,,,,,,0,,,,203815,133772,2566
494,88.09368062019348,2026-03-06T11:36:15.582251,110.57,0.0,6.01,16.47,0.0,0.0,0.0,150.78,5.95,0.347,0.34,STRAIGHT,1.5,1.5,"CMD,0.3,1.50",4.0,0.0088,2.283,0.023,1,0.9869,0,NORMAL,65.954,0.695,1,1,1,1,1,114.2,80,6,dijkstra,graph,0.44601,0,,,,,,0,,,,203005,133417,2275
495,88.26222491264343,2026-03-06T11:36:15.750795,112.61,0.0,5.88,16.02,0.0,0.0,0.0,152.52,5.94,0.352,0.347,STRAIGHT,1.5,1.5,"CMD,0.3,1.50",4.0,0.0088,2.283,0.023,1,0.9904,0,NORMAL,65.687,0.691,1,1,1,1,1,114.2,81,5,dijkstra,graph,0.45064,0,,,,,,0,,,,203580,134742,2328
496,88.42856740951538,2026-03-06T11:36:15.917137,108.33,0.0,7.94,18.03,0.0,0.0,0.0,148.32,5.93,0.355,0.352,STRAIGHT,1.5,1.5,"CMD,0.4,1.50",4.0,0.0088,2.283,0.023,1,0.99,0,NORMAL,66.292,0.631,1,1,1,1,1,114.2,79,6,dijkstra,graph,0.44955,0,,,,,,0,,,,203046,134412,2519
497,88.59769701957703,2026-03-06T11:36:16.086267,110.15,0.0,7.01,16.02,0.0,0.0,0.0,151.1,5.93,0.357,0.355,STRAIGHT,1.5,1.5,"CMD,0.4,1.50",4.0,0.0088,2.283,0.023,1,0.9906,0,NORMAL,66.178,0.582,1,1,1,1,1,114.2,82,6,dijkstra,graph,0.4525,0,,,,,,0,,,,203787,135430,2395
498,88.76408791542053,2026-03-06T11:36:16.252658,104.45,0.0,0.0,16.02,2.0,0.0,0.0,148.37,5.93,0.359,0.357,STRAIGHT,1.5,1.5,"CMD,0.4,1.50",4.0,0.0088,2.283,0.023,1,0.9863,0,NORMAL,66.826,0.513,1,1,1,1,1,114.2,99,5,dijkstra,graph,0.45273,0,,,,,,0,,,,203890,135499,2306
499,88.92319178581238,2026-03-06T11:36:16.411762,99.02,0.0,0.0,24.04,0.0,0.0,2.0,141.08,5.94,0.36,0.359,STRAIGHT,1.5,1.5,"CMD,0.4,1.50",4.0,0.0088,2.283,0.023,1,0.9872,0,NORMAL,67.119,0.461,1,1,1,1,1,114.2,90,7,dijkstra,graph,0.4543,0,,,,,,0,,,,203515,135936,2498
500,89.09487223625183,2026-03-06T11:36:16.583442,107.12,0.0,8.98,19.53,0.0,0.0,0.0,151.66,5.92,0.36,0.36,STRAIGHT,1.5,1.5,"CMD,0.4,1.50",4.0,0.0088,2.283,0.023,1,0.9871,0,NORMAL,67.746,0.408,1,1,1,1,1,114.2,94,6,dijkstra,graph,0.45182,0,,,,,,0,,,,202693,135199,2540
501,89.26565074920654,2026-03-06T11:36:16.754221,110.59,0.0,8.01,16.02,2.0,0.0,0.0,152.65,5.93,0.361,0.36,STRAIGHT,1.5,1.5,"CMD,0.4,1.50",4.0,0.0088,2.283,0.023,1,0.9743,0,NORMAL,66.918,0.428,1,1,1,1,1,114.2,88,6,dijkstra,graph,0.46816,0,,,,,,0,,,,207394,139933,2433
502,89.430673122406,2026-03-06T11:36:16.919243,102.58,0.0,10.18,16.36,0.0,0.0,0.0,147.0,5.93,0.361,0.361,STRAIGHT,1.5,1.5,"CMD,0.4,1.50",4.0,0.0088,2.283,0.023,1,0.9871,0,NORMAL,68.157,0.378,1,1,1,1,1,114.2,86,5,dijkstra,graph,0.46589,0,,,,,,0,,,,205720,139171,2410
503,89.60394501686096,2026-03-06T11:36:17.092515,105.4,0.0,9.98,17.84,0.0,0.0,0.0,151.25,5.92,0.361,0.361,STRAIGHT,1.5,1.5,"CMD,0.4,1.50",4.0,0.0088,2.283,0.023,1,0.9894,0,NORMAL,68.535,0.362,1,1,1,1,1,114.2,88,5,dijkstra,graph,0.46415,0,,,,,,0,,,,205126,138759,2241
504,89.7660768032074,2026-03-06T11:36:17.254647,105.33,0.0,6.01,16.76,0.0,0.0,0.0,144.11,5.91,0.366,0.361,STRAIGHT,1.5,1.5,"CMD,0.4,1.50",4.0,0.0091,2.237,0.023,1,0.9759,0,NORMAL,69.799,0.257,1,1,1,1,1,111.9,89,5,dijkstra,graph,0.44754,0,,,,,,0,,,,200741,133936,2326
505,89.93263626098633,2026-03-06T11:36:17.421206,97.92,0.0,10.3,22.17,2.0,0.0,0.0,148.15,5.93,0.365,0.365,STRAIGHT,1.5,1.5,"CMD,0.4,1.50",4.0,0.0088,2.283,0.023,1,0.9841,0,NORMAL,69.255,0.262,1,1,1,1,1,114.2,92,5,dijkstra,graph,0.45698,0,,,,,,0,,,,203472,136655,2388
506,90.11012196540833,2026-03-06T11:36:17.598692,116.38,0.0,6.01,18.27,0.0,0.0,0.0,161.47,5.92,0.363,0.365,STRAIGHT,1.5,1.5,"CMD,0.4,1.50",4.0,0.0088,2.283,0.023,1,0.9875,0,NORMAL,69.677,0.252,1,1,1,1,1,114.2,98,5,dijkstra,graph,0.45705,0,,,,,,0,,,,202606,136711,2375
507,90.28080558776855,2026-03-06T11:36:17.769375,109.02,0.0,8.01,18.34,2.0,0.0,0.0,154.66,5.91,0.363,0.363,STRAIGHT,1.5,1.5,"CMD,0.4,1.50",4.0,0.0088,2.283,0.023,1,0.9867,0,NORMAL,69.445,0.22,1,1,1,1,1,114.2,95,5,dijkstra,graph,0.45198,0,,,,,,0,,,,202452,135146,2374
508,90.44580507278442,2026-03-06T11:36:17.934375,105.05,0.0,10.01,15.89,0.0,0.0,0.0,148.98,5.92,0.358,0.363,STRAIGHT,1.5,1.5,"CMD,0.4,1.50",4.0,0.0084,2.329,0.023,1,0.9793,0,NORMAL,68.435,0.305,1,1,1,1,1,116.4,82,6,dijkstra,graph,0.46424,0,,,,,,0,,,,205334,138770,2357
509,90.61730670928955,2026-03-06T11:36:18.105877,110.96,0.0,10.98,15.52,0.0,0.0,0.0,153.48,5.91,0.354,0.358,STRAIGHT,1.5,1.5,"CMD,0.4,1.50",4.0,0.0084,2.329,0.023,1,0.983,0,NORMAL,68.178,0.388,1,1,1,1,1,116.4,82,6,dijkstra,graph,0.4713,0,,,,,,0,,,,206955,141066,2501
510,90.781907081604,2026-03-06T11:36:18.270477,106.53,0.0,6.01,18.02,0.0,0.0,0.0,146.58,5.92,0.352,0.354,STRAIGHT,1.5,1.5,"CMD,0.4,1.50",4.0,0.0084,2.329,0.023,1,0.9818,0,NORMAL,68.793,0.424,1,1,1,1,1,116.4,93,5,dijkstra,graph,0.47107,0,,,,,,0,,,,207541,140982,2389
511,90.9507737159729,2026-03-06T11:36:18.439344,106.1,0.0,2.0,17.52,0.0,0.0,0.0,150.85,5.94,0.35,0.352,STRAIGHT,1.5,1.5,"CMD,0.4,1.50",4.0,0.0084,2.329,0.023,1,0.9812,0,NORMAL,68.351,0.386,1,1,1,1,1,116.4,83,5,dijkstra,graph,0.46643,0,,,,,,0,,,,207132,139445,2404
512,91.13165545463562,2026-03-06T11:36:18.620225,116.37,0.0,7.86,20.61,0.0,0.0,0.0,162.86,5.93,0.345,0.35,STRAIGHT,1.5,1.5,"CMD,0.4,1.50",4.0,0.0081,2.374,0.023,1,0.9771,0,NORMAL,67.206,0.43,1,1,1,1,1,118.7,92,5,dijkstra,graph,0.47581,0,,,,,,0,,,,211535,142205,2423
513,91.30670857429504,2026-03-06T11:36:18.795279,114.8,0.0,7.75,14.46,0.0,0.0,0.0,155.03,5.92,0.341,0.345,STRAIGHT,1.5,1.5,"CMD,0.3,1.50",4.0,0.0081,2.374,0.023,1,0.9859,0,NORMAL,67.092,0.433,1,1,1,1,1,118.7,67,5,dijkstra,graph,0.4745,0,,,,,,0,,,,210664,141829,2261
514,91.46696615219116,2026-03-06T11:36:18.955536,104.17,0.0,6.85,15.19,0.0,0.0,0.0,142.24,5.94,0.339,0.341,STRAIGHT,1.5,1.5,"CMD,0.3,1.50",4.0,0.0081,2.374,0.023,1,0.9755,0,NORMAL,67.543,0.398,1,1,1,1,1,118.7,59,5,dijkstra,graph,0.48264,0,,,,,,0,,,,214392,144465,2164
515,91.62883591651917,2026-03-06T11:36:19.117406,109.79,0.0,6.01,10.02,0.0,0.0,0.0,143.83,5.96,0.333,0.339,STRAIGHT,1.5,1.5,"CMD,0.3,1.50",4.0,0.0078,2.42,0.023,1,0.9654,0,NORMAL,64.808,0.549,1,1,1,1,1,121.0,71,5,dijkstra,graph,0.50256,0,,,,,,0,,,,221298,150348,2348
516,91.80417609214783,2026-03-06T11:36:19.292746,107.12,0.0,6.01,18.02,0.0,0.0,0.0,146.91,5.95,0.329,0.333,STRAIGHT,1.5,1.5,"CMD,0.3,1.50",4.0,0.0078,2.42,0.023,1,0.9731,0,NORMAL,64.483,0.547,1,1,1,1,1,121.0,80,5,dijkstra,graph,0.5019,0,,,,,,0,,,,218516,150085,2410
517,91.97176313400269,2026-03-06T11:36:19.460333,107.05,0.0,6.01,16.02,2.0,0.0,0.0,151.57,5.95,0.323,0.329,STRAIGHT,1.5,1.5,"CMD,0.3,1.50",4.0,0.0075,2.466,0.023,1,0.9731,0,NORMAL,63.326,0.624,1,1,1,1,1,123.3,88,5,dijkstra,graph,0.51304,0,,,,,,0,,,,224078,153420,2369
518,92.14388275146484,2026-03-06T11:36:19.632453,110.82,0.0,8.01,16.02,2.0,0.0,0.0,154.09,5.95,0.318,0.323,STRAIGHT,1.5,1.5,"CMD,0.3,1.50",4.0,0.0075,2.466,0.023,1,0.9789,0,NORMAL,60.058,0.623,1,1,1,1,1,123.3,80,6,dijkstra,graph,0.51083,0,,,,,,0,,,,224807,152796,2368
519,92.31706595420837,2026-03-06T11:36:19.805636,106.82,0.0,10.23,17.03,0.0,0.0,0.0,153.16,5.94,0.312,0.318,STRAIGHT,1.5,1.5,"CMD,0.3,1.50",4.0,0.0072,2.511,0.023,1,0.9701,0,NORMAL,59.303,0.713,1,1,1,1,1,125.6,91,4,dijkstra,graph,0.51591,0,,,,,,0,,,,223737,154352,2486
520,92.4794294834137,2026-03-06T11:36:19.968000,104.28,0.0,6.01,18.08,0.0,0.0,0.0,142.39,5.94,0.311,0.312,STRAIGHT,1.5,1.5,"CMD,0.3,1.50",4.0,0.0075,2.466,0.023,1,0.9511,0,NORMAL,60.04,0.712,1,1,1,1,1,123.3,86,5,dijkstra,graph,0.52083,0,,,,,,0,,,,224960,155701,2537
521,92.65200448036194,2026-03-06T11:36:20.140575,108.5,0.0,6.01,18.02,2.0,0.0,0.0,152.55,5.92,0.311,0.311,STRAIGHT,1.5,1.5,"CMD,0.3,1.50",4.0,0.0075,2.466,0.023,1,0.9662,0,NORMAL,58.842,0.8,1,1,1,1,1,123.3,105,6,dijkstra,graph,0.52149,0,,,,,,0,,,,224724,156018,2539
522,92.8145854473114,2026-03-06T11:36:20.303155,103.24,0.0,2.76,18.02,0.0,0.0,0.0,146.56,5.92,0.307,0.311,STRAIGHT,1.5,1.5,"CMD,0.3,1.50",4.0,0.0072,2.511,0.023,1,0.9683,0,NORMAL,58.266,0.779,1,1,1,1,1,125.6,96,5,dijkstra,graph,0.52783,0,,,,,,0,,,,228968,157892,2662
523,92.97833800315857,2026-03-06T11:36:20.466908,109.28,0.0,6.01,14.42,0.0,0.0,0.0,145.73,5.94,0.304,0.307,STRAIGHT,1.5,1.5,"CMD,0.3,1.50",4.0,0.0072,2.511,0.023,1,0.9639,0,NORMAL,56.967,0.827,1,1,1,1,1,125.6,101,5,dijkstra,graph,0.5381,0,,,,,,0,,,,235168,160823,2646
524,93.1595675945282,2026-03-06T11:36:20.648138,110.83,0.0,6.01,20.06,0.0,0.0,0.0,156.92,5.92,0.302,0.304,STRAIGHT,1.5,1.5,"CMD,0.3,1.50",4.0,0.0072,2.511,0.023,1,0.9732,0,NORMAL,57.142,0.804,1,1,1,1,1,125.6,108,5,dijkstra,graph,0.52496,0,,,,,,0,,,,231269,156956,2742
525,93.3329668045044,2026-03-06T11:36:20.821537,109.47,0.0,8.01,20.13,0.0,0.0,0.0,154.97,5.91,0.298,0.302,STRAIGHT,1.5,1.5,"CMD,0.3,1.50",4.0,0.007,2.557,0.023,1,0.9553,0,NORMAL,55.922,0.82,1,1,1,1,1,127.9,117,5,dijkstra,graph,0.54064,0,,,,,,0,,,,235115,161738,2643
526,93.49928975105286,2026-03-06T11:36:20.987860,105.75,0.0,5.46,20.21,0.0,0.0,0.0,148.3,5.92,0.298,0.298,STRAIGHT,1.5,1.5,"CMD,0.3,1.50",4.0,0.0072,2.511,0.023,1,0.9742,0,NORMAL,54.844,0.861,1,1,1,1,1,125.6,106,5,dijkstra,graph,0.53289,0,,,,,,0,,,,229810,159387,2737
527,93.67560648918152,2026-03-06T11:36:21.164176,114.91,0.0,6.37,19.99,0.0,0.0,0.0,157.29,5.9,0.295,0.298,STRAIGHT,1.5,1.5,"CMD,0.3,1.50",4.0,0.007,2.557,0.023,1,0.967,0,NORMAL,54.858,0.834,1,1,1,1,1,127.9,114,5,dijkstra,graph,0.53831,0,,,,,,0,,,,232977,160903,2905
528,93.84546065330505,2026-03-06T11:36:21.334031,111.73,0.0,6.01,16.07,0.0,0.0,0.0,151.83,5.89,0.292,0.295,STRAIGHT,1.5,1.5,"CMD,0.3,1.50",4.0,0.007,2.557,0.023,1,0.9714,0,NORMAL,54.897,0.87,1,1,1,1,1,127.9,111,4,dijkstra,graph,0.52833,0,,,,,,0,,,,227541,158151,2564
529,94.02705812454224,2026-03-06T11:36:21.515628,115.01,0.0,8.01,20.03,0.0,0.0,0.0,159.07,5.88,0.291,0.292,STRAIGHT,1.5,1.5,"CMD,0.3,1.50",4.0,0.007,2.557,0.023,1,0.9776,0,NORMAL,55.11,0.927,1,1,1,1,1,127.9,120,4,dijkstra,graph,0.52056,0,,,,,,0,,,,227805,155728,2698
530,94.20866560935974,2026-03-06T11:36:21.697235,114.72,0.0,8.08,18.24,2.0,0.0,0.0,161.31,5.87,0.287,0.291,STRAIGHT,1.5,1.5,"CMD,0.3,1.50",4.0,0.0067,2.603,0.023,1,0.9907,0,NORMAL,54.732,0.942,1,1,1,1,1,130.1,109,5,dijkstra,graph,0.51994,0,,,,,,0,,,,228092,155469,2803
531,94.38047575950623,2026-03-06T11:36:21.869046,113.04,0.0,6.01,18.71,0.0,0.0,0.0,153.79,5.86,0.284,0.287,STRAIGHT,1.5,1.5,"CMD,0.3,1.50",4.0,0.0067,2.603,0.023,1,0.9889,0,NORMAL,54.685,0.922,1,1,1,1,1,130.1,114,4,dijkstra,graph,0.52205,0,,,,,,0,,,,227952,156098,2723
532,94.56051731109619,2026-03-06T11:36:22.049087,112.39,0.0,4.0,28.11,2.0,0.0,0.0,160.53,5.85,0.282,0.284,STRAIGHT,1.5,1.5,"CMD,0.3,1.50",4.0,0.0067,2.603,0.023,1,0.9838,0,NORMAL,54.624,0.99,1,1,1,1,1,130.1,121,4,dijkstra,graph,0.52901,0,,,,,,0,,,,228362,158119,2712
533,94.73767066001892,2026-03-06T11:36:22.226240,116.49,0.0,8.01,18.02,0.0,0.0,0.0,158.67,5.83,0.281,0.282,STRAIGHT,1.5,1.5,"CMD,0.3,1.50",4.0,0.0067,2.603,0.023,1,0.9767,0,NORMAL,54.728,1.026,1,1,1,1,1,130.1,107,4,dijkstra,graph,0.51756,0,,,,,,0,,,,229029,154740,2593
534,94.91569828987122,2026-03-06T11:36:22.404268,113.95,0.0,8.01,20.03,2.0,0.0,0.0,160.01,5.82,0.28,0.281,STRAIGHT,1.5,1.5,"CMD,0.3,1.50",4.0,0.0067,2.603,0.023,1,0.985,0,NORMAL,54.071,1.052,1,1,1,1,1,130.1,120,4,dijkstra,graph,0.51405,0,,,,,,0,,,,227469,153823,2607
535,95.09409666061401,2026-03-06T11:36:22.582667,114.35,0.0,6.01,12.27,10.07,0.0,0.0,160.38,5.82,0.279,0.28,STRAIGHT,1.5,1.5,"CMD,0.3,1.50",4.0,0.0067,2.603,0.023,1,0.9803,0,NORMAL,52.261,1.024,1,1,1,1,1,130.1,102,4,dijkstra,graph,0.52707,0,,,,,,0,,,,229824,157516,2611
536,95.27603721618652,2026-03-06T11:36:22.764607,115.37,0.0,6.01,20.47,0.0,0.0,0.0,159.88,5.81,0.279,0.279,STRAIGHT,1.5,1.5,"CMD,0.3,1.50",4.0,0.0067,2.603,0.023,1,0.9893,0,NORMAL,52.493,1.011,1,1,1,1,1,130.1,115,4,dijkstra,graph,0.52535,0,,,,,,0,,,,230122,157089,2717
537,95.4503333568573,2026-03-06T11:36:22.938903,109.51,0.0,8.01,18.58,2.0,0.0,0.0,156.27,5.79,0.278,0.279,STRAIGHT,1.5,1.5,"CMD,0.3,1.50",4.0,0.0067,2.603,0.023,1,0.9643,0,NORMAL,52.901,1.004,1,1,1,1,1,130.1,105,4,dijkstra,graph,0.53302,0,,,,,,0,,,,236991,159450,2667
538,95.62563800811768,2026-03-06T11:36:23.114208,114.55,0.0,6.01,20.27,0.0,0.0,0.0,158.3,5.79,0.278,0.278,STRAIGHT,1.5,1.5,"CMD,0.3,1.50",4.0,0.0067,2.603,0.023,1,0.9734,0,NORMAL,52.852,1.028,1,1,1,1,1,130.1,110,4,dijkstra,graph,0.52709,0,,,,,,0,,,,232008,157638,2700
539,95.80290246009827,2026-03-06T11:36:23.291472,116.79,0.0,6.01,18.42,2.0,0.0,0.0,159.24,5.78,0.278,0.278,STRAIGHT,1.5,1.5,"CMD,0.3,1.50",4.0,0.0067,2.603,0.023,1,0.992,0,NORMAL,52.067,1.009,1,1,1,1,1,130.1,105,4,dijkstra,graph,0.52971,0,,,,,,0,,,,233119,158392,2705
540,95.97732758522034,2026-03-06T11:36:23.465897,112.34,0.0,8.01,18.02,0.0,0.0,0.0,156.4,5.77,0.278,0.278,STRAIGHT,1.5,1.5,"CMD,0.3,1.50",4.0,0.0067,2.603,0.023,1,0.9871,0,NORMAL,52.412,0.992,1,1,1,1,1,130.1,87,4,dijkstra,graph,0.52707,0,,,,,,0,,,,232190,157631,2586
541,96.15278029441833,2026-03-06T11:36:23.641350,109.35,0.0,10.43,20.09,0.0,0.0,0.0,156.97,5.78,0.278,0.278,STRAIGHT,1.5,1.5,"CMD,0.3,1.50",4.0,0.0067,2.603,0.023,1,0.9892,0,NORMAL,52.552,0.975,1,1,1,1,1,130.1,104,4,dijkstra,graph,0.52033,0,,,,,,0,,,,230808,155524,2599
542,96.33719325065613,2026-03-06T11:36:23.825763,116.75,0.0,6.01,21.53,0.0,0.0,0.0,160.31,5.76,0.278,0.278,STRAIGHT,1.5,1.5,"CMD,0.3,1.50",4.0,0.0067,2.603,0.023,1,0.9858,0,NORMAL,51.415,0.997,1,1,1,1,1,130.1,115,4,dijkstra,graph,0.52975,0,,,,,,0,,,,231492,158331,2755
543,96.50369095802307,2026-03-06T11:36:23.992261,112.62,0.0,2.0,19.84,0.0,0.0,0.0,148.48,5.76,0.278,0.278,STRAIGHT,1.5,1.5,"CMD,0.3,1.50",4.0,0.0067,2.603,0.023,1,0.9871,0,NORMAL,50.417,0.969,1,1,1,1,1,130.1,106,4,dijkstra,graph,0.5218,0,,,,,,0,,,,229803,156059,2678
544,96.67587327957153,2026-03-06T11:36:24.164443,113.6,0.0,6.01,12.5,0.0,0.0,0.0,150.13,5.75,0.281,0.278,STRAIGHT,1.5,1.5,"CMD,0.3,1.50",4.0,0.007,2.557,0.023,1,0.9826,0,NORMAL,50.188,0.952,1,1,1,1,1,127.9,100,4,dijkstra,graph,0.51304,0,,,,,,0,,,,227976,153461,2559
545,96.85824418067932,2026-03-06T11:36:24.346814,112.63,0.0,8.24,17.54,2.0,0.0,0.0,159.19,5.74,0.28,0.28,STRAIGHT,1.5,1.5,"CMD,0.3,1.50",4.0,0.0067,2.603,0.023,1,0.9885,0,NORMAL,50.004,1.052,1,1,1,1,1,130.1,107,4,dijkstra,graph,0.51988,0,,,,,,0,,,,228970,155394,2692
546,97.02966856956482,2026-03-06T11:36:24.518238,110.39,0.0,10.46,20.4,0.0,0.0,0.0,161.41,5.73,0.286,0.281,STRAIGHT,1.5,1.5,"CMD,0.3,1.50",4.0,0.0072,2.511,0.023,1,0.9822,0,NORMAL,50.104,0.92,1,1,1,1,1,125.6,94,5,dijkstra,graph,0.51085,0,,,,,,0,,,,226164,152696,2587
547,97.20506072044373,2026-03-06T11:36:24.693631,112.85,0.0,6.01,18.08,0.0,0.0,0.0,155.24,5.73,0.291,0.286,STRAIGHT,1.5,1.5,"CMD,0.3,1.50",4.0,0.0072,2.511,0.023,1,0.9855,0,NORMAL,50.021,0.931,1,1,1,1,1,125.6,89,6,dijkstra,graph,0.51345,0,,,,,,0,,,,226188,153499,2548
548,97.3858232498169,2026-03-06T11:36:24.874393,114.14,0.0,11.69,20.5,0.0,0.0,0.0,162.73,5.72,0.297,0.291,STRAIGHT,1.5,1.5,"CMD,0.3,1.50",4.0,0.0075,2.466,0.023,1,0.9808,0,NORMAL,50.02,0.877,1,1,1,1,1,123.3,89,4,dijkstra,graph,0.50122,0,,,,,,0,,,,221993,149856,2416
549,97.56861758232117,2026-03-06T11:36:25.057188,115.97,0.0,6.01,22.49,0.0,0.0,2.0,162.34,5.7,0.301,0.297,STRAIGHT,1.5,1.5,"CMD,0.3,1.50",4.0,0.0075,2.466,0.023,1,0.9884,0,NORMAL,50.157,0.865,1,1,1,1,1,123.3,105,4,dijkstra,graph,0.49971,0,,,,,,0,,,,220429,149468,2546
550,97.74474143981934,2026-03-06T11:36:25.233312,113.39,0.0,10.4,18.03,0.0,0.0,0.0,159.84,5.69,0.308,0.301,STRAIGHT,1.5,1.5,"CMD,0.3,1.50",4.0,0.0078,2.42,0.023,1,0.9834,0,NORMAL,50.435,0.818,1,1,1,1,1,121.0,102,4,dijkstra,graph,0.49671,0,,,,,,0,,,,220784,148552,2468
551,97.92279767990112,2026-03-06T11:36:25.411368,116.04,0.0,6.01,16.02,2.0,0.0,0.0,157.96,5.68,0.313,0.308,STRAIGHT,1.5,1.5,"CMD,0.3,1.50",4.0,0.0078,2.42,0.023,1,0.9764,0,NORMAL,50.901,0.8,1,1,1,1,1,121.0,89,4,dijkstra,graph,0.49103,0,,,,,,0,,,,216443,146831,2377
552,98.09660577774048,2026-03-06T11:36:25.585176,113.11,0.0,10.35,18.24,2.0,0.0,0.0,157.79,5.67,0.32,0.313,STRAIGHT,1.5,1.5,"CMD,0.3,1.50",4.0,0.0081,2.374,0.023,1,0.9777,0,NORMAL,51.327,0.718,1,1,1,1,1,118.7,94,5,dijkstra,graph,0.4861,0,,,,,,0,,,,217039,145409,2505
553,98.27452325820923,2026-03-06T11:36:25.763093,117.09,0.0,0.0,15.52,2.0,0.0,0.0,157.89,5.67,0.325,0.32,STRAIGHT,1.5,1.5,"CMD,0.3,1.50",4.0,0.0081,2.374,0.023,1,0.9688,0,NORMAL,51.26,0.616,1,1,1,1,1,118.7,87,4,dijkstra,graph,0.49864,0,,,,,,0,,,,223101,149077,2383
554,98.44964599609375,2026-03-06T11:36:25.938216,114.07,0.0,6.01,20.37,0.0,0.0,0.0,157.61,5.67,0.328,0.325,STRAIGHT,1.5,1.5,"CMD,0.3,1.50",4.0,0.0081,2.374,0.023,1,0.977,0,NORMAL,51.587,0.617,1,1,1,1,1,118.7,102,5,dijkstra,graph,0.49116,0,,,,,,0,,,,219438,147070,2500
555,98.62068390846252,2026-03-06T11:36:26.109254,117.07,0.0,8.01,10.06,0.0,0.0,0.0,151.17,5.66,0.334,0.328,STRAIGHT,1.5,1.5,"CMD,0.3,1.50",4.0,0.0084,2.329,0.023,1,0.9734,0,NORMAL,52.307,0.661,1,1,1,1,1,116.4,85,5,dijkstra,graph,0.47322,0,,,,,,0,,,,213644,141579,2251
556,98.79452419281006,2026-03-06T11:36:26.283094,103.29,0.0,8.24,21.7,0.0,0.0,0.0,149.46,5.67,0.339,0.334,STRAIGHT,1.5,1.5,"CMD,0.3,1.50",4.0,0.0084,2.329,0.023,1,0.9902,0,NORMAL,52.49,0.598,1,1,1,1,1,116.4,88,6,dijkstra,graph,0.47593,0,,,,,,0,,,,214272,142368,2457
557,98.97148752212524,2026-03-06T11:36:26.460057,116.88,0.0,8.01,16.02,2.0,0.0,0.0,158.94,5.66,0.337,0.337,STRAIGHT,1.5,1.5,"CMD,0.3,1.50",4.0,0.0081,2.374,0.023,1,0.981,0,NORMAL,53.202,0.598,1,1,1,1,1,118.7,93,5,dijkstra,graph,0.46971,0,,,,,,0,,,,210479,140465,2401
558,99.14577746391296,2026-03-06T11:36:26.634348,114.21,0.0,8.01,16.02,2.0,0.0,0.0,158.27,5.67,0.34,0.339,STRAIGHT,1.5,1.5,"CMD,0.3,1.50",4.0,0.0084,2.329,0.023,1,0.9849,0,NORMAL,53.763,0.659,1,1,1,1,1,116.4,97,5,dijkstra,graph,0.46895,0,,,,,,0,,,,210841,140295,2474
559,99.32207870483398,2026-03-06T11:36:26.810649,114.03,0.0,5.8,18.03,0.0,0.0,0.0,156.36,5.67,0.343,0.34,STRAIGHT,1.5,1.5,"CMD,0.3,1.50",4.0,0.0084,2.329,0.023,1,0.9904,0,NORMAL,53.89,0.681,1,1,1,1,1,116.4,87,6,dijkstra,graph,0.46583,0,,,,,,0,,,,210502,139257,2328
560,99.503098487854,2026-03-06T11:36:26.991669,116.66,0.0,7.86,20.43,0.0,0.0,0.0,160.97,5.66,0.344,0.343,STRAIGHT,1.5,1.5,"CMD,0.3,1.50",4.0,0.0084,2.329,0.023,1,0.9886,0,NORMAL,54.293,0.716,1,1,1,1,1,116.4,97,5,dijkstra,graph,0.46176,0,,,,,,0,,,,208935,138141,2381
561,99.68490743637085,2026-03-06T11:36:27.173477,117.63,0.0,9.75,16.38,2.0,0.0,0.0,163.79,5.66,0.345,0.344,STRAIGHT,1.5,1.5,"CMD,0.3,1.50",4.0,0.0084,2.329,0.023,1,0.9802,0,NORMAL,55.357,0.653,1,1,1,1,1,116.4,93,5,dijkstra,graph,0.45217,0,,,,,,0,,,,205481,135224,2312
562,99.8605375289917,2026-03-06T11:36:27.349108,114.28,0.0,7.51,19.79,0.0,0.0,0.0,157.61,5.66,0.346,0.345,STRAIGHT,1.5,1.5,"CMD,0.3,1.50",4.0,0.0084,2.329,0.023,1,0.9759,0,NORMAL,56.146,0.627,1,1,1,1,1,116.4,95,6,dijkstra,graph,0.45855,0,,,,,,0,,,,208547,137107,2204
563,100.03926348686218,2026-03-06T11:36:27.527833,113.35,0.0,8.01,18.03,0.0,0.0,0.0,158.49,5.66,0.346,0.346,STRAIGHT,1.5,1.5,"CMD,0.3,1.50",4.0,0.0084,2.329,0.023,1,0.9841,0,NORMAL,56.528,0.637,1,1,1,1,1,116.4,103,5,dijkstra,graph,0.45979,0,,,,,,0,,,,207524,137564,2435
564,100.21651935577393,2026-03-06T11:36:27.705089,113.76,0.0,10.01,18.02,0.0,0.0,0.0,159.12,5.66,0.351,0.346,STRAIGHT,1.5,1.5,"CMD,0.3,1.50",4.0,0.0088,2.283,0.023,1,0.9624,0,NORMAL,58.951,0.539,1,1,1,1,1,114.2,98,6,dijkstra,graph,0.46136,0,,,,,,0,,,,208010,138094,2480
565,100.39495468139648,2026-03-06T11:36:27.883525,118.68,0.0,8.01,18.02,0.0,0.0,0.0,160.41,5.67,0.355,0.351,STRAIGHT,1.5,1.5,"CMD,0.4,1.50",4.0,0.0088,2.283,0.023,1,0.9819,0,NORMAL,59.776,0.511,1,1,1,1,1,114.2,91,5,dijkstra,graph,0.45248,0,,,,,,0,,,,205426,135420,2344
566,100.5718903541565,2026-03-06T11:36:28.060460,115.78,0.0,7.01,18.03,2.0,0.0,0.0,160.92,5.66,0.357,0.355,STRAIGHT,1.5,1.5,"CMD,0.4,1.50",4.0,0.0088,2.283,0.023,1,0.9699,0,NORMAL,60.207,0.459,1,1,1,1,1,114.2,93,6,dijkstra,graph,0.43983,0,,,,,,0,,,,203949,131633,2228
567,100.74622988700867,2026-03-06T11:36:28.234800,113.81,0.0,6.01,18.02,0.0,0.0,0.0,155.6,5.66,0.358,0.357,STRAIGHT,1.5,1.5,"CMD,0.4,1.50",4.0,0.0088,2.283,0.023,1,0.9853,0,NORMAL,60.716,0.445,1,1,1,1,1,114.2,96,5,dijkstra,graph,0.43913,0,,,,,,0,,,,202368,131470,2353
568,100.91674852371216,2026-03-06T11:36:28.405319,112.43,0.0,8.01,18.03,0.0,0.0,0.0,154.5,5.67,0.359,0.358,STRAIGHT,1.5,1.5,"CMD,0.4,1.50",4.0,0.0088,2.283,0.023,1,0.9823,0,NORMAL,61.753,0.394,1,1,1,1,1,114.2,97,5,dijkstra,graph,0.42919,0,,,,,,0,,,,199110,128332,2391
569,101.0896430015564,2026-03-06T11:36:28.578213,110.81,0.0,8.01,14.02,2.0,0.0,0.0,152.87,5.67,0.365,0.359,STRAIGHT,1.5,1.5,"CMD,0.4,1.50",4.0,0.0091,2.237,0.023,1,0.9869,0,NORMAL,62.236,0.374,1,1,1,1,1,111.9,87,3,dijkstra,graph,0.41965,0,,,,,,0,,,,197067,125645,2265
570,101.26815819740295,2026-03-06T11:36:28.756728,118.82,0.0,9.57,16.08,0.0,0.0,0.0,160.49,5.67,0.364,0.364,STRAIGHT,1.5,1.5,"CMD,0.4,1.50",4.0,0.0088,2.283,0.023,1,0.9869,0,NORMAL,63.329,0.345,1,1,1,1,1,114.2,87,3,dijkstra,graph,0.42562,0,,,,,,0,,,,197959,127222,2216
571,101.44627046585083,2026-03-06T11:36:28.934840,115.91,0.0,4.45,23.71,0.0,0.0,2.0,160.09,5.68,0.363,0.364,STRAIGHT,1.5,1.5,"CMD,0.4,1.50",4.0,0.0088,2.283,0.023,1,0.9875,0,NORMAL,63.462,0.401,1,1,1,1,1,114.2,90,3,dijkstra,graph,0.41915,0,,,,,,0,,,,196285,125488,1951
572,101.62087321281433,2026-03-06T11:36:29.109443,116.63,0.0,6.01,16.17,0.0,0.0,0.0,156.58,5.67,0.362,0.363,STRAIGHT,1.5,1.5,"CMD,0.4,1.50",4.0,0.0088,2.283,0.023,1,0.9884,0,NORMAL,64.263,0.388,1,1,1,1,1,114.2,81,3,dijkstra,graph,0.41353,0,,,,,,0,,,,195062,123888,2042
573,101.79735827445984,2026-03-06T11:36:29.285928,116.41,0.0,6.01,18.02,0.0,0.0,0.0,158.46,5.66,0.362,0.362,STRAIGHT,1.5,1.5,"CMD,0.4,1.50",4.0,0.0088,2.283,0.023,1,0.9812,0,NORMAL,64.917,0.383,1,1,1,1,1,114.2,103,2,dijkstra,graph,0.41961,0,,,,,,0,,,,197925,125648,1903
574,101.97354221343994,2026-03-06T11:36:29.462112,118.01,0.0,6.01,16.04,0.0,0.0,0.0,162.16,5.67,0.362,0.362,STRAIGHT,1.5,1.5,"CMD,0.4,1.50",4.0,0.0088,2.283,0.023,1,0.9772,0,NORMAL,64.007,0.5,1,1,1,1,1,114.2,97,2,dijkstra,graph,0.42438,0,,,,,,0,,,,197368,127044,1846
575,102.14733505249023,2026-03-06T11:36:29.635905,115.57,0.0,6.01,16.33,2.0,0.0,0.0,157.98,5.67,0.353,0.362,STRAIGHT,1.5,1.5,"CMD,0.4,1.50",4.0,0.0081,2.374,0.023,1,0.9828,0,NORMAL,62.653,0.524,1,1,1,1,1,118.7,101,3,dijkstra,graph,0.42576,0,,,,,,0,,,,195141,127461,2343
576,102.32395434379578,2026-03-06T11:36:29.812524,120.9,0.0,6.01,13.78,0.0,0.0,0.0,159.88,5.67,0.356,0.356,STRAIGHT,1.5,1.5,"CMD,0.4,1.50",4.0,0.0088,2.283,0.023,1,0.9828,0,NORMAL,63.304,0.603,1,1,1,1,1,114.2,88,3,dijkstra,graph,0.41074,0,,,,,,0,,,,192159,122912,1937
577,102.50538539886475,2026-03-06T11:36:29.993955,118.47,0.0,6.01,16.02,0.0,0.0,0.0,157.19,5.66,0.357,0.356,STRAIGHT,1.5,1.5,"CMD,0.4,1.50",4.0,0.0088,2.283,0.023,1,0.9864,0,NORMAL,63.767,0.538,1,1,1,1,1,114.2,72,2,dijkstra,graph,0.40645,0,,,,,,0,,,,191032,121777,1625
578,102.68170809745789,2026-03-06T11:36:30.170278,116.0,0.0,6.01,16.02,0.0,0.0,0.0,156.23,5.67,0.359,0.357,STRAIGHT,1.5,1.5,"CMD,0.4,1.50",4.0,0.0088,2.283,0.023,1,0.9851,0,NORMAL,64.083,0.548,1,1,1,1,1,114.2,85,2,dijkstra,graph,0.41357,0,,,,,,0,,,,192387,123857,1781
579,102.8514494895935,2026-03-06T11:36:30.340020,111.59,0.0,8.01,16.02,0.0,0.0,0.0,155.72,5.68,0.36,0.359,STRAIGHT,1.5,1.5,"CMD,0.4,1.50",4.0,0.0088,2.283,0.023,1,0.9815,0,NORMAL,64.978,0.515,1,1,1,1,1,114.2,81,3,dijkstra,graph,0.40936,0,,,,,,0,,,,192129,122556,1867
580,103.0257830619812,2026-03-06T11:36:30.514353,112.25,0.0,7.87,16.03,0.0,0.0,0.0,152.16,5.69,0.36,0.36,STRAIGHT,1.5,1.5,"CMD,0.4,1.50",4.0,0.0088,2.283,0.023,1,0.9822,0,NORMAL,64.57,0.484,1,1,1,1,1,114.2,84,2,dijkstra,graph,0.4119,0,,,,,,0,,,,192684,123360,1730
581,103.1979911327362,2026-03-06T11:36:30.686561,110.16,0.0,12.24,15.82,0.0,0.0,0.0,160.19,5.68,0.361,0.36,STRAIGHT,1.5,1.5,"CMD,0.4,1.50",4.0,0.0088,2.283,0.023,1,0.9679,0,NORMAL,64.251,0.453,1,1,1,1,1,114.2,89,2,dijkstra,graph,0.42657,0,,,,,,0,,,,198951,127723,1823
582,103.37777495384216,2026-03-06T11:36:30.866345,110.35,0.0,14.4,18.93,0.0,0.0,2.0,169.3,5.68,0.361,0.361,STRAIGHT,1.5,1.5,"CMD,0.4,1.50",4.0,0.0088,2.283,0.023,1,0.9718,0,NORMAL,64.311,0.491,1,1,1,1,1,114.2,92,2,dijkstra,graph,0.44845,0,,,,,,0,,,,202479,134373,1698
583,103.5537371635437,2026-03-06T11:36:31.042307,114.88,0.0,7.96,16.02,2.0,0.0,0.0,157.12,5.68,0.361,0.361,STRAIGHT,1.5,1.5,"CMD,0.4,1.50",4.0,0.0088,2.283,0.023,1,0.9767,0,NORMAL,64.416,0.512,1,1,1,1,1,114.2,93,2,dijkstra,graph,0.43112,0,,,,,,0,,,,199301,129179,1808
584,103.72311234474182,2026-03-06T11:36:31.211682,104.87,0.0,16.5,12.02,0.0,0.0,0.0,151.13,5.68,0.361,0.361,STRAIGHT,1.5,1.5,"CMD,0.4,1.50",4.0,0.0088,2.283,0.023,1,0.9762,0,NORMAL,64.525,0.483,1,1,1,1,1,114.2,91,2,dijkstra,graph,0.43118,0,,,,,,0,,,,200023,129128,1724
585,103.90364098548889,2026-03-06T11:36:31.392211,113.74,0.0,8.01,18.26,0.0,0.0,0.0,154.06,5.68,0.357,0.361,STRAIGHT,1.5,1.5,"CMD,0.4,1.50",4.0,0.0084,2.329,0.023,1,0.9817,0,NORMAL,64.736,0.484,1,1,1,1,1,116.4,95,2,dijkstra,graph,0.42934,0,,,,,,0,,,,201437,128542,1820
586,104.07544088363647,2026-03-06T11:36:31.564011,109.03,0.0,10.09,20.77,0.0,0.0,0.0,153.78,5.68,0.353,0.357,STRAIGHT,1.5,1.5,"CMD,0.4,1.50",4.0,0.0084,2.329,0.023,1,0.9877,0,NORMAL,64.778,0.523,1,1,1,1,1,116.4,97,2,dijkstra,graph,0.43374,0,,,,,,0,,,,202744,129916,1888
587,104.25532960891724,2026-03-06T11:36:31.743900,117.42,0.0,8.18,18.03,0.0,0.0,0.0,161.86,5.68,0.351,0.353,STRAIGHT,1.5,1.5,"CMD,0.4,1.50",4.0,0.0084,2.329,0.023,1,0.9879,0,NORMAL,63.601,0.518,1,1,1,1,1,116.4,105,2,dijkstra,graph,0.43843,0,,,,,,0,,,,204052,131376,1878
588,104.43029308319092,2026-03-06T11:36:31.918863,114.85,0.0,8.01,16.07,0.0,0.0,2.0,156.94,5.68,0.35,0.351,STRAIGHT,1.5,1.5,"CMD,0.4,1.50",4.0,0.0084,2.329,0.023,1,0.981,0,NORMAL,62.633,0.5,1,1,1,1,1,116.4,93,5,dijkstra,graph,0.44025,0,,,,,,0,,,,204640,131729,2109
589,104.6026029586792,2026-03-06T11:36:32.091173,106.72,0.0,13.51,16.02,2.0,0.0,0.0,156.29,5.69,0.345,0.35,STRAIGHT,1.5,1.5,"CMD,0.3,1.50",4.0,0.0081,2.374,0.023,1,0.971,0,NORMAL,60.885,0.497,1,1,1,1,1,118.7,93,4,dijkstra,graph,0.4588,0,,,,,,0,,,,209971,137226,2124
590,104.77138042449951,2026-03-06T11:36:32.259950,112.28,0.0,8.01,14.47,0.0,0.0,0.0,152.76,5.7,0.341,0.345,STRAIGHT,1.5,1.5,"CMD,0.3,1.50",4.0,0.0081,2.374,0.023,1,0.9821,0,NORMAL,60.977,0.517,1,1,1,1,1,118.7,93,4,dijkstra,graph,0.4556,0,,,,,,0,,,,208766,136386,2139
591,104.94152283668518,2026-03-06T11:36:32.430093,110.44,0.0,4.0,16.02,0.0,0.0,0.0,148.18,5.71,0.339,0.341,STRAIGHT,1.5,1.5,"CMD,0.3,1.50",4.0,0.0081,2.374,0.023,1,0.9851,0,NORMAL,59.423,0.503,1,1,1,1,1,118.7,93,4,dijkstra,graph,0.4575,0,,,,,,0,,,,209500,136823,2149
592,105.12214684486389,2026-03-06T11:36:32.610717,118.39,0.0,6.01,18.02,0.0,0.0,0.0,160.49,5.71,0.337,0.339,STRAIGHT,1.5,1.5,"CMD,0.3,1.50",4.0,0.0081,2.374,0.023,1,0.9761,0,NORMAL,57.936,0.481,1,1,1,1,1,118.7,98,4,dijkstra,graph,0.44684,0,,,,,,0,,,,208121,133633,2060
593,105.29227018356323,2026-03-06T11:36:32.780840,110.87,0.0,6.01,14.74,2.0,0.0,0.0,152.1,5.71,0.336,0.337,STRAIGHT,1.5,1.5,"CMD,0.3,1.50",4.0,0.0081,2.374,0.023,1,0.9845,0,NORMAL,57.883,0.503,1,1,1,1,1,118.7,80,4,dijkstra,graph,0.44444,0,,,,,,0,,,,206315,132947,1881
594,105.45591187477112,2026-03-06T11:36:32.944482,112.39,0.0,7.01,12.06,0.0,0.0,0.0,147.88,5.73,0.336,0.336,STRAIGHT,1.5,1.5,"CMD,0.3,1.50",4.0,0.0081,2.374,0.023,1,0.9748,0,NORMAL,57.396,0.563,1,1,1,1,1,118.7,101,3,dijkstra,graph,0.44903,0,,,,,,0,,,,210548,134475,2139
595,105.63723516464233,2026-03-06T11:36:33.125805,113.89,0.0,8.01,16.02,2.0,0.0,0.0,156.5,5.73,0.335,0.336,STRAIGHT,1.5,1.5,"CMD,0.3,1.50",4.0,0.0081,2.374,0.023,1,0.9864,0,NORMAL,57.021,0.525,1,1,1,1,1,118.7,93,2,dijkstra,graph,0.44643,0,,,,,,0,,,,209022,133638,2037
596,105.81077814102173,2026-03-06T11:36:33.299348,116.76,0.0,2.0,22.74,0.0,0.0,0.0,155.52,5.73,0.335,0.335,STRAIGHT,1.5,1.5,"CMD,0.3,1.50",4.0,0.0081,2.374,0.023,1,0.9845,0,NORMAL,56.799,0.585,1,1,1,1,1,118.7,89,4,dijkstra,graph,0.45138,0,,,,,,0,,,,209102,135011,2019
597,105.9815046787262,2026-03-06T11:36:33.470075,109.73,0.0,8.01,18.03,2.0,0.0,0.0,153.2,5.73,0.335,0.335,STRAIGHT,1.5,1.5,"CMD,0.3,1.50",4.0,0.0081,2.374,0.023,1,0.9813,0,NORMAL,56.139,0.604,1,1,1,1,1,118.7,106,3,dijkstra,graph,0.44727,0,,,,,,0,,,,207108,133912,2084
598,106.15599060058594,2026-03-06T11:36:33.644561,113.98,0.0,8.19,16.02,2.0,0.0,0.0,156.47,5.72,0.33,0.335,STRAIGHT,1.5,1.5,"CMD,0.3,1.50",4.0,0.0078,2.42,0.023,1,0.9815,0,NORMAL,55.745,0.623,1,1,1,1,1,121.0,101,5,dijkstra,graph,0.45455,0,,,,,,0,,,,209666,136078,2222
599,106.33069682121277,2026-03-06T11:36:33.819267,112.42,0.0,4.0,22.26,0.0,0.0,0.0,154.68,5.73,0.327,0.33,STRAIGHT,1.5,1.5,"CMD,0.3,1.50",4.0,0.0078,2.42,0.023,1,0.9761,0,NORMAL,54.685,0.707,1,1,1,1,1,121.0,102,5,dijkstra,graph,0.47014,0,,,,,,0,,,,211889,140697,2336
600,106.51301383972168,2026-03-06T11:36:34.001584,120.68,0.0,8.01,17.86,2.0,0.0,0.0,166.35,5.72,0.33,0.33,STRAIGHT,1.5,1.5,"CMD,0.3,1.50",4.0,0.0081,2.374,0.023,1,0.9722,0,NORMAL,54.566,0.649,1,1,1,1,1,118.7,92,4,dijkstra,graph,0.452,0,,,,,,0,,,,208387,135214,2080
601,106.69354248046875,2026-03-06T11:36:34.182112,115.8,0.0,4.01,18.48,0.0,0.0,0.0,160.5,5.72,0.327,0.327,STRAIGHT,1.5,1.5,"CMD,0.3,1.50",4.0,0.0078,2.42,0.023,1,0.9721,0,NORMAL,52.833,0.752,1,1,1,1,1,121.0,98,5,dijkstra,graph,0.46725,0,,,,,,0,,,,213647,139791,2296
602,106.8723132610321,2026-03-06T11:36:34.360883,117.62,0.0,6.94,17.89,0.0,0.0,0.0,158.48,5.71,0.325,0.327,STRAIGHT,1.5,1.5,"CMD,0.3,1.50",4.0,0.0078,2.42,0.023,1,0.9761,0,NORMAL,52.983,0.735,1,1,1,1,1,121.0,101,5,dijkstra,graph,0.45647,0,,,,,,0,,,,209281,136562,2308
603,107.04627060890198,2026-03-06T11:36:34.534841,111.88,0.0,8.01,18.03,2.0,0.0,0.0,157.94,5.72,0.328,0.327,STRAIGHT,1.5,1.5,"CMD,0.3,1.50",4.0,0.0081,2.374,0.023,1,0.9681,0,NORMAL,52.795,0.833,1,1,1,1,1,118.7,100,5,dijkstra,graph,0.47382,0,,,,,,0,,,,214853,141841,2338
604,107.22010254859924,2026-03-06T11:36:34.708672,111.51,0.0,8.01,18.27,2.0,0.0,0.0,155.81,5.72,0.33,0.328,STRAIGHT,1.5,1.5,"CMD,0.3,1.50",4.0,0.0081,2.374,0.023,1,0.9612,0,NORMAL,51.363,0.685,1,1,1,1,1,118.7,92,5,dijkstra,graph,0.44444,0,,,,,,0,,,,206968,132805,2273
605,107.38836669921875,2026-03-06T11:36:34.876937,112.19,2.0,6.01,14.02,0.0,0.0,0.0,150.24,5.73,0.332,0.33,STRAIGHT,1.5,1.5,"CMD,0.3,1.50",4.0,0.0081,2.374,0.023,1,0.9733,0,NORMAL,51.749,0.553,1,1,1,1,1,118.7,96,4,dijkstra,graph,0.44417,0,,,,,,0,,,,208955,132992,2128
606,107.56669855117798,2026-03-06T11:36:35.055269,116.45,0.0,6.01,18.02,0.0,0.0,0.0,158.08,5.73,0.337,0.332,STRAIGHT,1.5,1.5,"CMD,0.3,1.50",4.0,0.0084,2.329,0.023,1,0.9887,0,NORMAL,51.671,0.457,1,1,1,1,1,116.4,98,5,dijkstra,graph,0.44326,0,,,,,,0,,,,207811,132779,2193
607,107.74437069892883,2026-03-06T11:36:35.232941,114.82,0.0,6.01,18.31,2.0,0.0,0.0,159.16,5.73,0.34,0.337,STRAIGHT,1.5,1.5,"CMD,0.3,1.50",4.0,0.0084,2.329,0.023,1,0.9926,0,NORMAL,51.627,0.483,1,1,1,1,1,116.4,87,5,dijkstra,graph,0.44884,0,,,,,,0,,,,208478,134253,2201
608,107.92032384872437,2026-03-06T11:36:35.408894,114.13,0.0,8.01,16.02,0.0,0.0,0.0,156.19,5.72,0.343,0.34,STRAIGHT,1.5,1.5,"CMD,0.3,1.50",4.0,0.0084,2.329,0.023,1,0.9875,0,NORMAL,51.839,0.478,1,1,1,1,1,116.4,88,3,dijkstra,graph,0.44853,0,,,,,,0,,,,209522,134189,2059
609,108.09928107261658,2026-03-06T11:36:35.587851,117.58,0.0,6.01,20.22,0.0,0.0,0.0,160.93,5.71,0.34,0.34,STRAIGHT,1.5,1.5,"CMD,0.3,1.50",4.0,0.0081,2.374,0.023,1,0.9895,0,NORMAL,52.007,0.499,1,1,1,1,1,118.7,99,5,dijkstra,graph,0.44744,0,,,,,,0,,,,209158,133882,2204
610,108.27521777153015,2026-03-06T11:36:35.763788,113.5,0.0,7.75,16.02,0.0,0.0,0.0,154.93,5.71,0.342,0.342,STRAIGHT,1.5,1.5,"CMD,0.3,1.50",4.0,0.0084,2.329,0.023,1,0.9905,0,NORMAL,52.457,0.502,1,1,1,1,1,116.4,89,4,dijkstra,graph,0.44424,0,,,,,,0,,,,208284,132959,2249
611,108.44660449028015,2026-03-06T11:36:35.935174,113.01,0.0,6.81,17.52,0.0,0.0,0.0,151.36,5.72,0.344,0.342,STRAIGHT,1.5,1.5,"CMD,0.3,1.50",4.0,0.0084,2.329,0.023,1,0.9886,0,NORMAL,53.111,0.469,1,1,1,1,1,116.4,87,3,dijkstra,graph,0.44273,0,,,,,,0,,,,208588,132404,2122
612,108.62287759780884,2026-03-06T11:36:36.111448,116.62,0.0,7.53,15.69,2.0,0.0,0.0,158.25,5.72,0.345,0.344,STRAIGHT,1.5,1.5,"CMD,0.3,1.50",4.0,0.0084,2.329,0.023,1,0.9869,0,NORMAL,53.431,0.447,1,1,1,1,1,116.4,77,3,dijkstra,graph,0.4382,0,,,,,,0,,,,208591,131178,1959
613,108.80073189735413,2026-03-06T11:36:36.289302,109.72,0.0,10.47,22.6,0.0,0.0,0.0,160.83,5.71,0.346,0.345,STRAIGHT,1.5,1.5,"CMD,0.3,1.50",4.0,0.0084,2.329,0.023,1,0.9886,0,NORMAL,53.583,0.436,1,1,1,1,1,116.4,104,3,dijkstra,graph,0.44198,0,,,,,,0,,,,209945,132114,2215
614,108.97781777381897,2026-03-06T11:36:36.466388,116.33,0.0,6.01,18.45,0.0,0.0,0.0,159.06,5.72,0.346,0.346,STRAIGHT,1.5,1.5,"CMD,0.3,1.50",4.0,0.0084,2.329,0.023,1,0.9871,0,NORMAL,54.232,0.411,1,1,1,1,1,116.4,96,2,dijkstra,graph,0.43853,0,,,,,,0,,,,207796,131217,2046
615,109.15497326850891,2026-03-06T11:36:36.643543,112.21,0.0,8.36,24.55,0.0,0.0,0.0,159.13,5.71,0.351,0.346,STRAIGHT,1.5,1.5,"CMD,0.3,1.50",4.0,0.0088,2.283,0.023,1,0.9816,0,NORMAL,55.034,0.397,1,1,1,1,1,114.2,108,3,dijkstra,graph,0.43151,0,,,,,,0,,,,207072,129136,2288
616,109.32487463951111,2026-03-06T11:36:36.813445,112.82,0.0,8.01,18.03,0.0,0.0,0.0,152.88,5.72,0.355,0.351,STRAIGHT,1.5,1.5,"CMD,0.4,1.50",4.0,0.0088,2.283,0.023,1,0.9623,0,NORMAL,55.135,0.368,1,1,1,1,1,114.2,100,4,dijkstra,graph,0.43764,0,,,,,,0,,,,212971,130899,2135
617,109.49913382530212,2026-03-06T11:36:36.987704,112.18,0.0,8.01,18.03,0.0,0.0,0.0,156.24,5.72,0.357,0.355,STRAIGHT,1.5,1.5,"CMD,0.4,1.50",4.0,0.0088,2.283,0.023,1,0.9757,0,NORMAL,54.951,0.422,1,1,1,1,1,114.2,93,3,dijkstra,graph,0.43353,0,,,,,,0,,,,208941,129785,2103
618,109.68143916130066,2026-03-06T11:36:37.170009,122.44,0.0,6.19,19.63,0.0,0.0,0.0,162.28,5.71,0.358,0.357,STRAIGHT,1.5,1.5,"CMD,0.4,1.50",4.0,0.0088,2.283,0.023,1,0.9797,0,NORMAL,54.991,0.42,1,1,1,1,1,114.2,100,3,dijkstra,graph,0.43045,0,,,,,,0,,,,205689,128846,2305
619,109.85507655143738,2026-03-06T11:36:37.343647,111.64,0.0,9.75,14.09,0.0,0.0,0.0,155.62,5.7,0.359,0.358,STRAIGHT,1.5,1.5,"CMD,0.4,1.50",4.0,0.0088,2.283,0.023,1,0.9828,0,NORMAL,55.837,0.386,1,1,1,1,1,114.2,97,3,dijkstra,graph,0.42062,0,,,,,,0,,,,203046,125934,2158
620,110.03491139411926,2026-03-06T11:36:37.523481,111.82,0.0,7.75,12.03,10.27,0.0,0.0,159.83,5.69,0.36,0.359,STRAIGHT,1.5,1.5,"CMD,0.4,1.50",4.0,0.0088,2.283,0.023,1,0.98,0,NORMAL,55.747,0.372,1,1,1,1,1,114.2,117,3,dijkstra,graph,0.42837,0,,,,,,0,,,,206307,128240,2114
621,110.21182632446289,2026-03-06T11:36:37.700396,116.46,0.0,7.51,18.14,0.0,0.0,0.0,158.54,5.7,0.36,0.36,STRAIGHT,1.5,1.5,"CMD,0.4,1.50",4.0,0.0088,2.283,0.023,1,0.9841,0,NORMAL,54.335,0.458,1,1,1,1,1,114.2,89,4,dijkstra,graph,0.43862,0,,,,,,0,,,,206875,131315,2075
622,110.38279867172241,2026-03-06T11:36:37.871369,110.52,0.0,6.01,16.4,0.0,0.0,2.0,150.95,5.7,0.366,0.36,STRAIGHT,1.5,1.5,"CMD,0.4,1.50",4.0,0.0091,2.237,0.023,1,0.9787,0,NORMAL,54.813,0.437,1,1,1,1,1,111.9,101,3,dijkstra,graph,0.42145,0,,,,,,0,,,,202659,126128,1984
623,110.55980134010315,2026-03-06T11:36:38.048371,118.49,0.0,6.01,16.02,0.0,0.0,2.0,160.98,5.68,0.369,0.366,STRAIGHT,1.5,1.5,"CMD,0.4,1.50",4.0,0.0091,2.237,0.023,1,0.9861,0,NORMAL,55.502,0.433,1,1,1,1,1,111.9,86,3,dijkstra,graph,0.42014,0,,,,,,0,,,,202796,125833,1881
624,110.73766088485718,2026-03-06T11:36:38.226231,119.41,0.0,6.01,14.41,0.0,0.0,2.0,159.86,5.69,0.377,0.369,STRAIGHT,1.5,1.5,"CMD,0.4,1.50",4.0,0.0095,2.192,0.023,1,0.9896,0,NORMAL,55.754,0.395,1,1,1,1,1,109.6,82,2,dijkstra,graph,0.41483,0,,,,,,0,,,,201175,124256,1697
625,110.91520071029663,2026-03-06T11:36:38.403771,117.87,0.0,7.26,18.03,0.0,0.0,0.0,161.19,5.68,0.382,0.377,STRAIGHT,1.5,1.5,"CMD,0.4,1.50",4.0,0.0095,2.192,0.023,1,0.9617,0,NORMAL,54.773,0.454,1,1,1,1,1,109.6,96,3,dijkstra,graph,0.43273,0,,,,,,0,,,,207708,129485,1797
626,111.09308505058289,2026-03-06T11:36:38.581655,116.83,0.0,7.15,16.38,0.0,0.0,2.0,159.75,5.67,0.385,0.382,STRAIGHT,1.5,1.5,"CMD,0.4,1.50",4.0,0.0095,2.192,0.023,1,0.974,0,NORMAL,55.152,0.492,1,1,1,1,1,109.6,99,3,dijkstra,graph,0.42194,0,,,,,,0,,,,203261,126273,1921
627,111.25632572174072,2026-03-06T11:36:38.744896,110.77,0.0,0.0,20.88,0.0,0.0,0.0,146.67,5.69,0.388,0.385,STRAIGHT,1.5,1.5,"CMD,0.4,1.50",4.0,0.0095,2.192,0.023,1,0.9801,0,NORMAL,55.268,0.527,1,1,1,1,1,109.6,90,2,dijkstra,graph,0.41095,0,,,,,,0,,,,199971,122989,1801
628,111.4368953704834,2026-03-06T11:36:38.925465,110.38,0.0,0.0,20.03,0.0,0.0,0.0,154.43,5.68,0.389,0.388,STRAIGHT,1.5,1.5,"CMD,0.4,1.50",4.0,0.0095,2.192,0.023,1,0.9848,0,NORMAL,53.843,0.567,1,1,1,1,1,109.6,105,3,dijkstra,graph,0.41252,0,,,,,,0,,,,200445,123415,2049
629,111.6074788570404,2026-03-06T11:36:39.096049,108.21,0.0,12.02,16.2,0.0,0.0,0.0,152.19,5.69,0.39,0.389,STRAIGHT,1.5,1.5,"CMD,0.4,1.50",4.0,0.0095,2.192,0.023,1,0.9873,0,NORMAL,53.861,0.72,1,1,1,1,1,109.6,92,4,dijkstra,graph,0.41074,0,,,,,,0,,,,200342,122845,2015
630,111.78074932098389,2026-03-06T11:36:39.269319,114.77,0.0,8.01,14.02,2.0,0.0,0.0,155.21,5.7,0.391,0.39,STRAIGHT,1.5,1.5,"CMD,0.4,1.50",4.0,0.0095,2.192,0.023,1,0.9803,0,NORMAL,54.085,0.726,1,1,1,1,1,109.6,87,3,dijkstra,graph,0.40802,0,,,,,,0,,,,197334,122196,1907
631,111.94975566864014,2026-03-06T11:36:39.438326,109.92,0.0,8.01,16.03,0.0,0.0,0.0,152.99,5.71,0.391,0.391,STRAIGHT,1.5,1.5,"CMD,0.4,1.50",4.0,0.0095,2.192,0.023,1,0.9875,0,NORMAL,55.14,0.73,1,1,1,1,1,109.6,90,3,dijkstra,graph,0.40178,0,,,,,,0,,,,195670,120116,2102
632,112.10947847366333,2026-03-06T11:36:39.598049,98.88,0.0,0.0,18.42,0.0,0.0,0.0,141.7,5.73,0.391,0.391,STRAIGHT,1.5,1.5,"CMD,0.4,1.50",4.0,0.0095,2.192,0.023,1,0.9839,0,NORMAL,55.671,0.695,1,1,1,1,1,109.6,90,3,dijkstra,graph,0.3914,0,,,,,,0,,,,193298,117206,1951
633,112.28017115592957,2026-03-06T11:36:39.768741,116.64,0.0,6.01,14.01,0.0,0.0,0.0,152.67,5.73,0.392,0.391,STRAIGHT,1.5,1.5,"CMD,0.4,1.50",4.0,0.0095,2.192,0.023,1,0.985,0,NORMAL,55.82,0.661,1,1,1,1,1,109.6,82,3,dijkstra,graph,0.39236,0,,,,,,0,,,,194259,117441,1905
634,112.45134353637695,2026-03-06T11:36:39.939914,110.73,0.0,7.42,16.02,2.0,0.0,0.0,153.15,5.73,0.392,0.392,STRAIGHT,1.5,1.5,"CMD,0.4,1.50",4.0,0.0095,2.192,0.023,1,0.9911,0,NORMAL,55.691,0.694,1,1,1,1,1,109.6,100,3,dijkstra,graph,0.39349,0,,,,,,0,,,,194472,117730,2036
635,112.61413669586182,2026-03-06T11:36:40.102707,108.27,0.0,8.01,12.47,0.0,0.0,0.0,146.77,5.75,0.397,0.392,STRAIGHT,1.5,1.5,"CMD,0.4,1.50",4.0,0.0099,2.146,0.023,1,0.9782,0,NORMAL,56.489,0.675,1,1,1,1,1,107.3,86,3,dijkstra,graph,0.39564,0,,,,,,0,,,,192289,118311,1973
636,112.786696434021,2026-03-06T11:36:40.275266,110.11,0.0,8.01,16.02,0.0,0.0,0.0,152.17,5.75,0.401,0.397,STRAIGHT,1.5,1.5,"CMD,0.4,1.50",4.0,0.0099,2.146,0.023,1,0.9825,0,NORMAL,57.256,0.636,1,1,1,1,1,107.3,82,3,dijkstra,graph,0.38901,0,,,,,,0,,,,191273,116414,1902
637,112.94568252563477,2026-03-06T11:36:40.434253,106.59,0.0,6.01,8.01,0.0,0.0,0.0,140.96,5.77,0.404,0.401,STRAIGHT,1.5,1.5,"CMD,0.4,1.50",4.0,0.0099,2.146,0.023,1,0.983,0,NORMAL,58.145,0.603,1,1,1,1,1,107.3,90,3,dijkstra,graph,0.39182,0,,,,,,0,,,,191478,117297,1967
638,113.12202405929565,2026-03-06T11:36:40.610594,106.26,0.0,6.01,24.39,0.0,0.0,0.0,152.26,5.77,0.406,0.404,STRAIGHT,1.5,1.5,"CMD,0.4,1.50",4.0,0.0099,2.146,0.023,1,0.9749,0,NORMAL,58.785,0.542,1,1,1,1,1,81.9,145,3,dijkstra,graph,0.38469,0,,,,,,0,,,,188372,115086,2100
639,113.28956937789917,2026-03-06T11:36:40.778139,105.13,0.0,10.03,20.34,0.0,0.0,0.0,151.53,5.78,0.413,0.406,STRAIGHT,1.5,1.5,"CMD,0.4,1.50",4.0,0.0104,2.1,0.023,1,0.9732,0,NORMAL,59.657,0.48,1,1,1,1,1,105.0,91,3,dijkstra,graph,0.3782,0,,,,,,0,,,,190218,113186,1911
640,113.46507215499878,2026-03-06T11:36:40.953642,109.01,0.0,8.01,18.02,0.0,0.0,0.0,153.07,5.78,0.411,0.411,STRAIGHT,1.5,1.5,"CMD,0.4,1.50",4.0,0.0099,2.146,0.023,1,0.9841,0,NORMAL,59.911,0.488,1,1,1,1,1,107.3,93,3,dijkstra,graph,0.38692,0,,,,,,0,,,,192227,115873,1935
641,113.62819218635559,2026-03-06T11:36:41.116762,103.05,0.0,6.01,16.02,0.0,0.0,0.0,143.1,5.79,0.417,0.413,STRAIGHT,1.5,1.5,"CMD,0.4,1.50",4.0,0.0104,2.1,0.023,1,0.982,0,NORMAL,60.163,0.466,1,1,1,1,1,105.0,81,3,dijkstra,graph,0.37556,0,,,,,,0,,,,189479,112514,1879
642,113.7922682762146,2026-03-06T11:36:41.280838,106.0,0.0,8.01,16.02,0.0,0.0,0.0,146.05,5.81,0.42,0.417,STRAIGHT,1.5,1.5,"CMD,0.4,1.50",4.0,0.0104,2.1,0.023,1,0.9844,0,NORMAL,60.223,0.438,1,1,1,1,1,105.0,82,3,dijkstra,graph,0.37876,0,,,,,,0,,,,191123,113452,1891
643,113.95345401763916,2026-03-06T11:36:41.442024,108.93,0.0,6.01,10.15,0.0,0.0,0.0,143.16,5.83,0.422,0.42,STRAIGHT,1.5,1.5,"CMD,0.4,1.50",4.0,0.0104,2.1,0.023,1,0.9846,0,NORMAL,61.109,0.44,1,1,1,1,1,105.0,70,2,dijkstra,graph,0.37521,0,,,,,,0,,,,188948,112375,1678
644,114.12909460067749,2026-03-06T11:36:41.617665,110.92,0.0,7.01,18.02,0.0,0.0,0.0,153.19,5.83,0.424,0.422,STRAIGHT,1.5,1.5,"CMD,0.4,1.50",4.0,0.0104,2.1,0.023,1,0.985,0,NORMAL,61.517,0.475,1,1,1,1,1,105.0,100,3,dijkstra,graph,0.38198,0,,,,,,0,,,,189090,114362,1869
645,114.29692053794861,2026-03-06T11:36:41.785491,112.93,0.0,6.01,10.39,0.0,0.0,0.0,151.81,5.83,0.419,0.422,STRAIGHT,1.5,1.5,"CMD,0.4,1.50",4.0,0.0099,2.146,0.023,1,0.9862,0,NORMAL,60.549,0.541,1,1,1,1,1,107.3,74,3,dijkstra,graph,0.38531,0,,,,,,0,,,,191277,115322,2060
646,114.46810126304626,2026-03-06T11:36:41.956671,110.26,0.0,4.01,13.02,4.09,0.0,0.0,150.55,5.84,0.416,0.419,STRAIGHT,1.5,1.5,"CMD,0.4,1.50",4.0,0.0099,2.146,0.023,1,0.9793,0,NORMAL,60.645,0.517,1,1,1,1,1,107.3,79,3,dijkstra,graph,0.38919,0,,,,,,0,,,,194404,116444,1729
647,114.63326215744019,2026-03-06T11:36:42.121832,108.25,0.0,6.01,16.3,2.0,0.0,0.0,148.32,5.86,0.419,0.419,STRAIGHT,1.5,1.5,"CMD,0.4,1.50",4.0,0.0104,2.1,0.023,1,0.9859,0,NORMAL,60.902,0.53,1,1,1,1,1,105.0,83,3,dijkstra,graph,0.38397,0,,,,,,0,,,,192838,115010,1746
648,114.79626083374023,2026-03-06T11:36:42.284831,108.45,0.0,8.01,12.02,2.0,0.0,0.0,147.51,5.87,0.416,0.416,STRAIGHT,1.5,1.5,"CMD,0.4,1.50",4.0,0.0099,2.146,0.023,1,0.9877,0,NORMAL,61.139,0.527,1,1,1,1,1,107.3,71,3,dijkstra,graph,0.38004,0,,,,,,0,,,,191662,113878,1665
649,114.97591781616211,2026-03-06T11:36:42.464488,114.49,0.0,10.09,20.07,0.0,0.0,2.0,163.64,5.87,0.42,0.419,STRAIGHT,1.5,1.5,"CMD,0.4,1.50",4.0,0.0104,2.1,0.023,1,0.9867,0,NORMAL,61.568,0.542,1,1,1,1,1,105.0,87,3,dijkstra,graph,0.38256,0,,,,,,0,,,,191871,114542,1760
650,115.15276551246643,2026-03-06T11:36:42.641336,116.76,0.0,6.01,18.03,0.0,0.0,2.0,158.82,5.87,0.416,0.416,STRAIGHT,1.5,1.5,"CMD,0.4,1.50",4.0,0.0099,2.146,0.023,1,0.9917,0,NORMAL,62.378,0.503,1,1,1,1,1,107.3,90,3,dijkstra,graph,0.38285,0,,,,,,0,,,,191587,114684,1890
651,115.32147336006165,2026-03-06T11:36:42.810044,111.36,0.0,6.01,14.72,0.0,0.0,0.0,156.69,5.87,0.414,0.416,STRAIGHT,1.5,1.5,"CMD,0.4,1.50",4.0,0.0099,2.146,0.023,1,0.9897,0,NORMAL,62.377,0.46,1,1,1,1,1,107.3,99,3,dijkstra,graph,0.37748,0,,,,,,0,,,,190906,113080,1704
652,115.48910450935364,2026-03-06T11:36:42.977675,115.16,0.0,6.01,10.03,0.0,0.0,0.0,147.81,5.88,0.412,0.414,STRAIGHT,1.5,1.5,"CMD,0.4,1.50",4.0,0.0099,2.146,0.023,1,0.9887,0,NORMAL,63.109,0.459,1,1,1,1,1,107.3,92,3,dijkstra,graph,0.38256,0,,,,,,0,,,,191966,114352,1811
653,115.66735219955444,2026-03-06T11:36:43.155922,110.3,0.0,6.84,15.95,0.0,0.0,0.0,152.61,5.88,0.411,0.412,STRAIGHT,1.5,1.5,"CMD,0.4,1.50",4.0,0.0099,2.146,0.023,1,0.9898,0,NORMAL,63.19,0.443,1,1,1,1,1,107.3,83,3,dijkstra,graph,0.37785,0,,,,,,0,,,,191568,113119,1777
654,115.84951949119568,2026-03-06T11:36:43.338090,121.91,0.0,8.25,17.77,0.0,0.0,2.0,166.15,5.88,0.41,0.411,STRAIGHT,1.5,1.5,"CMD,0.4,1.50",4.0,0.0099,2.146,0.023,1,0.9853,0,NORMAL,62.718,0.48,1,1,1,1,1,107.3,82,2,dijkstra,graph,0.38748,0,,,,,,0,,,,194288,115925,1708
655,116.03662776947021,2026-03-06T11:36:43.525198,118.13,0.0,10.71,17.92,0.0,0.0,2.0,167.2,5.87,0.41,0.41,STRAIGHT,1.5,1.5,"CMD,0.4,1.50",4.0,0.0099,2.146,0.023,1,0.9857,0,NORMAL,63.568,0.498,1,1,1,1,1,107.3,85,2,dijkstra,graph,0.38446,0,,,,,,0,,,,193506,115088,1819
656,116.21515250205994,2026-03-06T11:36:43.703723,116.12,0.0,8.01,16.04,2.0,0.0,0.0,160.5,5.85,0.404,0.41,STRAIGHT,1.5,1.5,"CMD,0.4,1.50",4.0,0.0095,2.192,0.023,1,0.9911,0,NORMAL,63.199,0.533,1,1,1,1,1,109.6,86,3,dijkstra,graph,0.38176,0,,,,,,0,,,,193183,114305,1906
657,116.38895153999329,2026-03-06T11:36:43.877521,111.49,0.0,6.01,18.03,0.0,0.0,0.0,153.27,5.86,0.4,0.404,STRAIGHT,1.5,1.5,"CMD,0.4,1.50",4.0,0.0095,2.192,0.023,1,0.9856,0,NORMAL,62.912,0.478,1,1,1,1,1,109.6,84,3,dijkstra,graph,0.38928,0,,,,,,0,,,,195436,116643,1930
658,116.5645694732666,2026-03-06T11:36:44.053139,117.46,0.0,6.01,16.02,0.0,0.0,0.0,159.6,5.85,0.397,0.4,STRAIGHT,1.5,1.5,"CMD,0.4,1.50",4.0,0.0095,2.192,0.023,1,0.977,0,NORMAL,63.031,0.443,1,1,1,1,1,109.6,75,3,dijkstra,graph,0.40176,0,,,,,,0,,,,199767,120304,1758
659,116.73505020141602,2026-03-06T11:36:44.223620,114.25,0.0,6.01,14.02,2.0,0.0,0.0,152.46,5.85,0.396,0.397,STRAIGHT,1.5,1.5,"CMD,0.4,1.50",4.0,0.0095,2.192,0.023,1,0.9769,0,NORMAL,62.231,0.381,1,1,1,1,1,109.6,81,3,dijkstra,graph,0.3905,0,,,,,,0,,,,196525,116751,1924
660,116.91212058067322,2026-03-06T11:36:44.400691,117.0,0.0,8.01,16.02,2.0,0.0,0.0,159.37,5.84,0.394,0.396,STRAIGHT,1.5,1.5,"CMD,0.4,1.50",4.0,0.0095,2.192,0.023,1,0.9869,0,NORMAL,62.31,0.388,1,1,1,1,1,109.6,88,4,dijkstra,graph,0.3944,0,,,,,,0,,,,196587,118069,1861
661,117.08243322372437,2026-03-06T11:36:44.571003,111.26,0.0,7.75,15.82,0.0,0.0,2.0,152.29,5.83,0.399,0.396,STRAIGHT,1.5,1.5,"CMD,0.4,1.50",4.0,0.0099,2.146,0.023,1,0.9845,0,NORMAL,62.71,0.36,1,1,1,1,1,107.3,83,4,dijkstra,graph,0.38826,0,,,,,,0,,,,193888,116215,1805
662,117.25180435180664,2026-03-06T11:36:44.740374,110.89,0.0,8.01,18.43,0.0,0.0,0.0,153.35,5.84,0.402,0.399,STRAIGHT,1.5,1.5,"CMD,0.4,1.50",4.0,0.0099,2.146,0.023,1,0.9864,0,NORMAL,62.675,0.309,1,1,1,1,1,107.3,86,4,dijkstra,graph,0.39349,0,,,,,,0,,,,195353,117755,1752
663,117.42331171035767,2026-03-06T11:36:44.911882,113.5,0.0,6.01,16.02,0.0,0.0,0.0,157.49,5.83,0.405,0.402,STRAIGHT,1.5,1.5,"CMD,0.4,1.50",4.0,0.0099,2.146,0.023,1,0.9809,0,NORMAL,63.091,0.279,1,1,1,1,1,107.3,82,3,dijkstra,graph,0.39924,0,,,,,,0,,,,198238,119411,1912
664,117.59361624717712,2026-03-06T11:36:45.082186,112.34,0.0,6.01,16.02,0.0,0.0,0.0,152.56,5.82,0.4,0.402,STRAIGHT,1.5,1.5,"CMD,0.4,1.50",4.0,0.0095,2.192,0.023,1,0.9776,0,NORMAL,62.763,0.306,1,1,1,1,1,109.6,78,3,dijkstra,graph,0.39696,0,,,,,,0,,,,195384,118722,1812
665,117.76843571662903,2026-03-06T11:36:45.257006,118.54,0.0,6.01,16.02,0.0,0.0,0.0,158.8,5.82,0.398,0.4,STRAIGHT,1.5,1.5,"CMD,0.4,1.50",4.0,0.0095,2.192,0.023,1,0.9817,0,NORMAL,62.786,0.284,1,1,1,1,1,109.6,74,6,dijkstra,graph,0.3912,0,,,,,,0,,,,195473,117108,1863
666,117.93868255615234,2026-03-06T11:36:45.427253,112.27,0.0,8.01,14.02,0.0,0.0,0.0,152.32,5.81,0.396,0.398,STRAIGHT,1.5,1.5,"CMD,0.4,1.50",4.0,0.0095,2.192,0.023,1,0.9858,0,NORMAL,62.547,0.298,1,1,1,1,1,109.6,72,3,dijkstra,graph,0.39349,0,,,,,,0,,,,195047,117853,1903
667,118.11841773986816,2026-03-06T11:36:45.606988,116.44,0.0,10.34,14.36,3.52,0.0,0.0,161.71,5.8,0.394,0.396,STRAIGHT,1.5,1.5,"CMD,0.4,1.50",4.0,0.0095,2.192,0.023,1,0.9817,0,NORMAL,62.51,0.285,1,1,1,1,1,109.6,89,4,dijkstra,graph,0.40395,0,,,,,,0,,,,197597,120872,1874
668,118.29263377189636,2026-03-06T11:36:45.781204,116.13,0.0,6.01,18.03,0.0,0.0,0.0,158.2,5.8,0.388,0.394,STRAIGHT,1.5,1.5,"CMD,0.4,1.50",4.0,0.0091,2.237,0.023,1,0.989,0,NORMAL,62.904,0.242,1,1,1,1,1,111.9,95,3,dijkstra,graph,0.40163,0,,,,,,0,,,,196236,120291,1844
669,118.46257185935974,2026-03-06T11:36:45.951142,109.71,0.0,8.01,16.02,0.0,0.0,2.0,153.92,5.8,0.384,0.388,STRAIGHT,1.5,1.5,"CMD,0.4,1.50",4.0,0.0091,2.237,0.023,1,0.9901,0,NORMAL,62.318,0.221,1,1,1,1,1,111.9,77,4,dijkstra,graph,0.40446,0,,,,,,0,,,,197112,121151,1850
670,118.63411951065063,2026-03-06T11:36:46.122690,111.54,0.0,8.01,17.95,2.0,0.0,0.0,155.53,5.79,0.382,0.384,STRAIGHT,1.5,1.5,"CMD,0.4,1.50",4.0,0.0091,2.237,0.023,1,0.9863,0,NORMAL,62.524,0.207,1,1,1,1,1,111.9,80,3,dijkstra,graph,0.40957,0,,,,,,0,,,,197676,122690,1764
671,118.80707287788391,2026-03-06T11:36:46.295643,115.03,0.0,6.01,17.54,0.0,0.0,0.0,160.92,5.78,0.37,0.382,STRAIGHT,1.5,1.5,"CMD,0.4,1.50",4.0,0.0084,2.329,0.023,1,0.984,0,NORMAL,61.705,0.255,1,1,1,1,1,116.4,72,3,dijkstra,graph,0.40754,0,,,,,,0,,,,198409,121961,1762
672,118.98471474647522,2026-03-06T11:36:46.473285,119.56,0.0,8.01,14.02,2.0,0.0,0.0,159.61,5.76,0.367,0.37,STRAIGHT,1.5,1.5,"CMD,0.4,1.50",4.0,0.0088,2.283,0.023,1,0.9729,0,NORMAL,61.21,0.512,1,1,1,1,1,114.2,79,3,dijkstra,graph,0.40973,0,,,,,,0,,,,197305,122796,1846
673,119.15606784820557,2026-03-06T11:36:46.644638,110.57,0.0,0.0,16.5,0.0,0.0,0.0,157.34,5.77,0.361,0.367,STRAIGHT,1.5,1.5,"CMD,0.4,1.50",4.0,0.0084,2.329,0.023,1,0.9813,0,NORMAL,61.326,0.611,1,1,1,1,1,116.4,82,3,dijkstra,graph,0.41986,0,,,,,,0,,,,200353,125593,1850
674,119.32531666755676,2026-03-06T11:36:46.813887,111.3,0.0,8.01,13.94,2.0,0.0,0.0,151.27,5.77,0.361,0.361,STRAIGHT,1.5,1.5,"CMD,0.4,1.50",4.0,0.0088,2.283,0.023,1,0.9876,0,NORMAL,61.598,0.548,1,1,1,1,1,114.2,74,3,dijkstra,graph,0.42008,0,,,,,,0,,,,200127,125766,1817
675,119.49672865867615,2026-03-06T11:36:46.985299,110.9,0.0,7.01,16.02,2.0,0.0,0.0,153.39,5.77,0.361,0.361,STRAIGHT,1.5,1.5,"CMD,0.4,1.50",4.0,0.0088,2.283,0.023,1,0.9841,0,NORMAL,61.496,0.551,1,1,1,1,1,114.2,91,3,dijkstra,graph,0.41248,0,,,,,,0,,,,199354,123537,2062
676,119.66633987426758,2026-03-06T11:36:47.154910,104.49,0.0,10.42,22.43,0.0,0.0,0.0,151.59,5.76,0.361,0.361,STRAIGHT,1.5,1.5,"CMD,0.4,1.50",4.0,0.0088,2.283,0.023,1,0.9848,0,NORMAL,61.139,0.587,1,1,1,1,1,114.2,77,4,dijkstra,graph,0.41525,0,,,,,,0,,,,200291,124358,1821
677,119.83982181549072,2026-03-06T11:36:47.328392,106.39,0.0,10.03,14.12,3.47,0.0,0.0,155.46,5.75,0.357,0.361,STRAIGHT,1.5,1.5,"CMD,0.4,1.50",4.0,0.0084,2.329,0.023,1,0.9871,0,NORMAL,60.705,0.602,1,1,1,1,1,116.4,74,3,dijkstra,graph,0.41647,0,,,,,,0,,,,200593,124742,1826
678,120.02298760414124,2026-03-06T11:36:47.511558,123.9,0.0,7.88,18.02,0.0,0.0,0.0,166.14,5.75,0.353,0.357,STRAIGHT,1.5,1.5,"CMD,0.4,1.50",4.0,0.0084,2.329,0.023,1,0.9846,0,NORMAL,60.527,0.584,1,1,1,1,1,116.4,93,3,dijkstra,graph,0.41306,0,,,,,,0,,,,199869,123647,2067
679,120.196937084198,2026-03-06T11:36:47.685507,113.09,0.0,8.12,14.12,2.0,0.0,0.0,155.51,5.75,0.351,0.353,STRAIGHT,1.5,1.5,"CMD,0.4,1.50",4.0,0.0084,2.329,0.023,1,0.9866,0,NORMAL,60.326,0.61,1,1,1,1,1,116.4,77,4,dijkstra,graph,0.41335,0,,,,,,0,,,,199931,123765,1845
680,120.36741924285889,2026-03-06T11:36:47.855989,112.2,0.0,6.01,18.23,0.0,0.0,0.0,152.46,5.75,0.346,0.351,STRAIGHT,1.5,1.5,"CMD,0.4,1.50",4.0,0.0081,2.374,0.023,1,0.985,0,NORMAL,60.072,0.614,1,1,1,1,1,118.7,84,5,dijkstra,graph,0.41622,0,,,,,,0,,,,201221,124641,2074
681,120.53436756134033,2026-03-06T11:36:48.022938,110.39,0.0,6.01,16.03,2.0,0.0,0.0,152.86,5.75,0.342,0.346,STRAIGHT,1.5,1.5,"CMD,0.3,1.50",4.0,0.0081,2.374,0.023,1,0.981,0,NORMAL,59.196,0.593,1,1,1,1,1,118.7,77,5,dijkstra,graph,0.41378,0,,,,,,0,,,,199459,123992,2008
682,120.70808959007263,2026-03-06T11:36:48.196660,115.48,0.0,5.77,16.02,2.0,0.0,0.0,157.04,5.75,0.344,0.344,STRAIGHT,1.5,1.5,"CMD,0.3,1.50",4.0,0.0084,2.329,0.023,1,0.9836,0,NORMAL,56.712,0.57,1,1,1,1,1,116.4,84,3,dijkstra,graph,0.41397,0,,,,,,0,,,,199436,123925,1870
683,120.87690687179565,2026-03-06T11:36:48.365477,110.6,0.0,8.01,14.02,2.0,0.0,0.0,152.8,5.77,0.345,0.344,STRAIGHT,1.5,1.5,"CMD,0.3,1.50",4.0,0.0084,2.329,0.023,1,0.9848,0,NORMAL,56.689,0.487,1,1,1,1,1,116.4,72,4,dijkstra,graph,0.41231,0,,,,,,0,,,,199810,123471,1808
684,121.05152225494385,2026-03-06T11:36:48.540092,117.08,0.0,7.43,14.03,2.0,0.0,0.0,158.6,5.78,0.346,0.345,STRAIGHT,1.5,1.5,"CMD,0.3,1.50",4.0,0.0084,2.329,0.023,1,0.985,0,NORMAL,57.564,0.393,1,1,1,1,1,116.4,75,2,dijkstra,graph,0.41039,0,,,,,,0,,,,199152,122885,1802
685,121.22605586051941,2026-03-06T11:36:48.714626,114.47,0.0,8.01,14.02,2.0,0.0,0.0,158.54,5.79,0.346,0.346,STRAIGHT,1.5,1.5,"CMD,0.3,1.50",4.0,0.0084,2.329,0.023,1,0.9761,0,NORMAL,57.771,0.633,1,1,1,1,1,116.4,69,4,dijkstra,graph,0.40822,0,,,,,,0,,,,197057,122236,1825
686,121.40038657188416,2026-03-06T11:36:48.888957,110.68,0.0,11.79,17.81,0.0,0.0,0.0,158.31,5.78,0.347,0.346,STRAIGHT,1.5,1.5,"CMD,0.3,1.50",4.0,0.0084,2.329,0.023,1,0.981,0,NORMAL,57.589,0.464,1,1,1,1,1,116.4,71,5,dijkstra,graph,0.41002,0,,,,,,0,,,,198773,122803,1865
687,121.57244801521301,2026-03-06T11:36:49.061018,112.21,0.0,7.75,16.02,0.0,0.0,0.0,152.63,5.79,0.351,0.347,STRAIGHT,1.5,1.5,"CMD,0.3,1.50",4.0,0.0088,2.283,0.023,1,0.9839,0,NORMAL,57.582,0.537,1,1,1,1,1,114.2,75,6,dijkstra,graph,0.41492,0,,,,,,0,,,,200621,124197,2028
688,121.74200868606567,2026-03-06T11:36:49.230579,114.51,0.0,8.01,14.02,2.0,0.0,0.0,153.54,5.79,0.355,0.351,STRAIGHT,1.5,1.5,"CMD,0.4,1.50",4.0,0.0088,2.283,0.023,1,0.9829,0,NORMAL,57.655,0.529,1,1,1,1,1,114.2,67,5,dijkstra,graph,0.41293,0,,,,,,0,,,,199761,123698,1770
689,121.91525197029114,2026-03-06T11:36:49.403822,116.69,0.0,6.01,12.02,2.0,0.0,0.0,154.74,5.8,0.357,0.355,STRAIGHT,1.5,1.5,"CMD,0.4,1.50",4.0,0.0088,2.283,0.023,1,0.9845,0,NORMAL,57.895,0.535,1,1,1,1,1,114.2,58,5,dijkstra,graph,0.41915,0,,,,,,0,,,,200845,125430,1811
690,122.09217143058777,2026-03-06T11:36:49.580741,120.94,0.0,10.02,11.99,0.0,0.0,0.0,160.9,5.79,0.358,0.357,STRAIGHT,1.5,1.5,"CMD,0.4,1.50",4.0,0.0088,2.283,0.023,1,0.9814,0,NORMAL,57.95,0.57,1,1,1,1,1,114.2,60,5,dijkstra,graph,0.41498,0,,,,,,0,,,,199484,124210,1753
691,122.27239680290222,2026-03-06T11:36:49.760967,117.84,0.0,6.01,16.02,0.0,0.0,0.0,159.72,5.77,0.359,0.358,STRAIGHT,1.5,1.5,"CMD,0.4,1.50",4.0,0.0088,2.283,0.023,1,0.9822,0,NORMAL,57.774,0.596,1,1,1,1,1,114.2,67,5,dijkstra,graph,0.42052,0,,,,,,0,,,,200424,125860,1833
692,122.44333076477051,2026-03-06T11:36:49.931901,116.59,0.0,8.01,14.29,0.0,0.0,0.0,154.91,5.78,0.36,0.359,STRAIGHT,1.5,1.5,"CMD,0.4,1.50",4.0,0.0088,2.283,0.023,1,0.9792,0,NORMAL,58.403,0.541,1,1,1,1,1,114.2,71,4,dijkstra,graph,0.40851,0,,,,,,0,,,,198336,122263,1996
693,122.61464142799377,2026-03-06T11:36:50.103211,114.45,0.0,7.01,14.09,0.0,0.0,0.0,155.29,5.78,0.36,0.36,STRAIGHT,1.5,1.5,"CMD,0.4,1.50",4.0,0.0088,2.283,0.023,1,0.981,0,NORMAL,58.232,0.6,1,1,1,1,1,114.2,70,6,dijkstra,graph,0.41496,0,,,,,,0,,,,200563,124241,1943
694,122.78828382492065,2026-03-06T11:36:50.276854,114.33,0.0,9.02,16.02,0.0,0.0,0.0,155.45,5.78,0.361,0.36,STRAIGHT,1.5,1.5,"CMD,0.4,1.50",4.0,0.0088,2.283,0.023,1,0.9743,0,NORMAL,58.65,0.558,1,1,1,1,1,114.2,74,5,dijkstra,graph,0.40072,0,,,,,,0,,,,196490,120031,1931
695,122.96438646316528,2026-03-06T11:36:50.452957,115.77,0.0,6.52,15.76,0.0,0.0,2.0,158.08,5.77,0.361,0.361,STRAIGHT,1.5,1.5,"CMD,0.4,1.50",4.0,0.0088,2.283,0.023,1,0.9776,0,NORMAL,57.507,0.56,1,1,1,1,1,114.2,83,3,dijkstra,graph,0.40901,0,,,,,,0,,,,199388,122493,2003
696,123.14055371284485,2026-03-06T11:36:50.629124,117.75,0.0,6.01,18.03,1.88,0.0,0.0,161.86,5.77,0.361,0.361,STRAIGHT,1.5,1.5,"CMD,0.4,1.50",4.0,0.0088,2.283,0.023,1,0.9799,0,NORMAL,57.901,0.562,1,1,1,1,1,114.2,84,5,dijkstra,graph,0.40095,0,,,,,,0,,,,197401,120048,1985
697,123.31722569465637,2026-03-06T11:36:50.805796,116.82,0.0,8.01,16.02,0.0,0.0,0.0,158.65,5.77,0.361,0.361,STRAIGHT,1.5,1.5,"CMD,0.4,1.50",4.0,0.0088,2.283,0.023,1,0.9808,0,NORMAL,58.222,0.542,1,1,1,1,1,114.2,80,3,dijkstra,graph,0.40698,0,,,,,,0,,,,198346,122029,1870
698,123.48373103141785,2026-03-06T11:36:50.972301,112.44,0.0,6.01,14.02,0.0,0.0,0.0,148.48,5.78,0.361,0.361,STRAIGHT,1.5,1.5,"CMD,0.4,1.50",4.0,0.0088,2.283,0.023,1,0.9776,0,NORMAL,58.828,0.521,1,1,1,1,1,114.2,70,4,dijkstra,graph,0.39884,0,,,,,,0,,,,195756,119364,1830
699,123.65492272377014,2026-03-06T11:36:51.143493,114.56,0.0,8.9,14.13,0.0,0.0,0.0,155.17,5.78,0.366,0.361,STRAIGHT,1.5,1.5,"CMD,0.4,1.50",4.0,0.0091,2.237,0.023,1,0.9835,0,NORMAL,59.463,0.544,1,1,1,1,1,111.9,62,5,dijkstra,graph,0.40264,0,,,,,,0,,,,196703,120462,1874
700,123.82127213478088,2026-03-06T11:36:51.309842,115.67,0.0,8.01,8.01,0.0,0.0,0.0,148.33,5.78,0.37,0.366,STRAIGHT,1.5,1.5,"CMD,0.4,1.50",4.0,0.0091,2.237,0.023,1,0.9687,0,NORMAL,59.58,0.509,1,1,1,1,1,111.9,73,3,dijkstra,graph,0.41399,0,,,,,,0,,,,201480,123947,1864
701,124.00171041488647,2026-03-06T11:36:51.490281,114.7,0.0,7.01,14.1,2.0,0.0,0.0,159.97,5.78,0.372,0.37,STRAIGHT,1.5,1.5,"CMD,0.4,1.50",4.0,0.0091,2.237,0.023,1,0.9678,0,NORMAL,60.047,0.497,1,1,1,1,1,111.9,69,5,dijkstra,graph,0.39957,0,,,,,,0,,,,197252,119624,1788
702,124.18564343452454,2026-03-06T11:36:51.674213,119.28,0.0,8.01,14.02,2.0,0.0,0.0,171.74,5.77,0.373,0.372,STRAIGHT,1.5,1.5,"CMD,0.4,1.50",4.0,0.0091,2.237,0.023,1,0.9808,0,NORMAL,59.766,0.53,1,1,1,1,1,111.9,67,4,dijkstra,graph,0.40207,0,,,,,,0,,,,197060,120465,1801
703,124.36051940917969,2026-03-06T11:36:51.849089,112.79,0.0,6.01,14.02,2.0,0.0,0.0,154.85,5.76,0.374,0.373,STRAIGHT,1.5,1.5,"CMD,0.4,1.50",4.0,0.0091,2.237,0.023,1,0.9791,0,NORMAL,58.864,0.483,1,1,1,1,1,111.9,68,6,dijkstra,graph,0.39899,0,,,,,,0,,,,196681,119307,2025
704,124.51875686645508,2026-03-06T11:36:52.007327,106.06,0.0,10.3,10.47,0.0,0.0,0.0,142.22,5.77,0.38,0.374,STRAIGHT,1.5,1.5,"CMD,0.4,1.50",4.0,0.0095,2.192,0.023,1,0.9752,0,NORMAL,59.511,0.411,1,1,1,1,1,109.6,66,4,dijkstra,graph,0.40124,0,,,,,,0,,,,198037,120196,1830
705,124.70304322242737,2026-03-06T11:36:52.191613,115.73,0.0,3.01,20.06,3.21,0.0,0.0,164.05,5.76,0.384,0.38,STRAIGHT,1.5,1.5,"CMD,0.4,1.50",4.0,0.0095,2.192,0.023,1,0.977,0,NORMAL,59.836,0.396,1,1,1,1,1,109.6,65,4,dijkstra,graph,0.39076,0,,,,,,0,,,,195065,117107,1711
706,124.87779331207275,2026-03-06T11:36:52.366363,116.01,0.0,8.01,12.01,2.0,0.0,0.0,155.73,5.76,0.387,0.384,STRAIGHT,1.5,1.5,"CMD,0.4,1.50",4.0,0.0095,2.192,0.023,1,0.9839,0,NORMAL,57.318,0.434,1,1,1,1,1,109.6,62,4,dijkstra,graph,0.38678,0,,,,,,0,,,,194024,115772,1820
707,125.05311703681946,2026-03-06T11:36:52.541687,117.25,0.0,8.01,14.02,0.0,0.0,2.0,159.3,5.77,0.389,0.387,STRAIGHT,1.5,1.5,"CMD,0.4,1.50",4.0,0.0095,2.192,0.023,1,0.9824,0,NORMAL,57.017,0.392,1,1,1,1,1,109.6,71,5,dijkstra,graph,0.38343,0,,,,,,0,,,,193991,114769,1953
708,125.2265682220459,2026-03-06T11:36:52.715138,115.63,0.0,7.75,14.02,0.0,0.0,0.0,155.43,5.77,0.39,0.389,STRAIGHT,1.5,1.5,"CMD,0.4,1.50",4.0,0.0095,2.192,0.023,1,0.9804,0,NORMAL,57.132,0.387,1,1,1,1,1,109.6,50,5,dijkstra,graph,0.38442,0,,,,,,0,,,,195616,115079,1709
709,125.4049642086029,2026-03-06T11:36:52.893534,112.4,0.0,10.0,19.94,0.0,0.0,0.0,158.37,5.75,0.39,0.39,STRAIGHT,1.5,1.5,"CMD,0.4,1.50",4.0,0.0095,2.192,0.023,1,0.9792,0,NORMAL,57.618,0.332,1,1,1,1,1,109.6,76,5,dijkstra,graph,0.37975,0,,,,,,0,,,,193141,113697,1956
710,125.57237958908081,2026-03-06T11:36:53.060949,115.34,0.0,8.01,14.02,0.0,0.0,0.0,151.4,5.76,0.391,0.39,STRAIGHT,1.5,1.5,"CMD,0.4,1.50",4.0,0.0095,2.192,0.023,1,0.9753,0,NORMAL,56.499,0.315,1,1,1,1,1,109.6,62,4,dijkstra,graph,0.37502,0,,,,,,0,,,,189742,112371,1875
711,125.74783277511597,2026-03-06T11:36:53.236403,119.13,0.0,8.01,14.27,0.0,0.0,0.0,159.43,5.75,0.397,0.391,STRAIGHT,1.5,1.5,"CMD,0.4,1.50",4.0,0.0099,2.146,0.023,1,0.9787,0,NORMAL,57.298,0.283,1,1,1,1,1,107.3,65,6,dijkstra,graph,0.37211,0,,,,,,0,,,,189520,111414,1894
712,125.92065143585205,2026-03-06T11:36:53.409221,114.89,0.0,6.01,15.96,2.0,0.0,0.0,156.8,5.75,0.401,0.397,STRAIGHT,1.5,1.5,"CMD,0.4,1.50",4.0,0.0099,2.146,0.023,1,0.9777,0,NORMAL,57.966,0.257,1,1,1,1,1,107.3,72,2,dijkstra,graph,0.36988,0,,,,,,0,,,,187948,110752,1646
713,126.0939884185791,2026-03-06T11:36:53.582559,116.82,0.0,6.01,14.02,2.0,0.0,0.0,155.31,5.75,0.404,0.401,STRAIGHT,1.5,1.5,"CMD,0.4,1.50",4.0,0.0099,2.146,0.023,1,0.9764,0,NORMAL,58.312,0.261,1,1,1,1,1,107.3,68,4,dijkstra,graph,0.37622,0,,,,,,0,,,,189295,112585,1741
714,126.26269435882568,2026-03-06T11:36:53.751264,112.9,0.0,8.01,11.79,0.0,0.0,2.0,152.69,5.76,0.405,0.404,STRAIGHT,1.5,1.5,"CMD,0.4,1.50",4.0,0.0099,2.146,0.023,1,0.9735,0,NORMAL,59.41,0.278,1,1,1,1,1,107.3,59,3,dijkstra,graph,0.36612,0,,,,,,0,,,,185894,109626,1658
715,126.43428659439087,2026-03-06T11:36:53.922857,115.04,0.0,6.01,14.02,0.0,0.0,2.0,156.09,5.76,0.407,0.405,STRAIGHT,1.5,1.5,"CMD,0.4,1.50",4.0,0.0099,2.146,0.023,1,0.9775,0,NORMAL,59.861,0.24,1,1,1,1,1,107.3,64,4,dijkstra,graph,0.36893,0,,,,,,0,,,,185735,110406,1905
716,126.60307931900024,2026-03-06T11:36:54.091649,114.54,0.0,7.75,14.46,0.0,0.0,0.0,152.77,5.76,0.407,0.407,STRAIGHT,1.5,1.5,"CMD,0.4,1.50",4.0,0.0099,2.146,0.023,1,0.963,0,NORMAL,60.735,0.216,1,1,1,1,1,107.3,69,4,dijkstra,graph,0.37519,0,,,,,,0,,,,189260,112315,1901
717,126.77151727676392,2026-03-06T11:36:54.260087,112.87,0.0,4.34,16.51,2.0,0.0,0.0,150.87,5.77,0.414,0.407,STRAIGHT,1.5,1.5,"CMD,0.4,1.50",4.0,0.0104,2.1,0.023,1,0.9634,0,NORMAL,62.288,0.139,1,1,1,1,1,105.0,60,4,dijkstra,graph,0.3637,0,,,,,,0,,,,186182,108923,1821
718,126.94009494781494,2026-03-06T11:36:54.428665,116.51,0.0,6.01,12.02,2.0,0.0,0.0,152.56,5.77,0.418,0.414,STRAIGHT,1.5,1.5,"CMD,0.4,1.50",4.0,0.0104,2.1,0.023,1,0.9677,0,NORMAL,63.246,0.085,1,1,1,1,1,105.0,67,4,dijkstra,graph,0.36236,0,,,,,,0,,,,184314,108419,1807
719,127.1082239151001,2026-03-06T11:36:54.596794,115.12,0.0,7.71,12.39,0.0,0.0,0.0,154.11,5.78,0.421,0.418,STRAIGHT,1.5,1.5,"CMD,0.4,1.50",4.0,0.0104,2.1,0.023,1,0.959,0,NORMAL,64.332,0.027,1,1,1,1,1,105.0,65,4,dijkstra,graph,0.34959,0,,,,,,0,,,,179984,104726,1704
720,127.28737163543701,2026-03-06T11:36:54.775942,120.49,0.0,8.01,14.05,0.0,0.0,0.0,160.71,5.78,0.423,0.421,STRAIGHT,1.5,1.5,"CMD,0.4,1.50",4.0,0.0104,2.1,0.023,1,0.9424,0,NORMAL,64.903,-0.007,1,1,1,1,1,94.7,77,5,dijkstra,graph,0.34211,0,,,,,,0,,,,173216,102479,1695
721,127.45779228210449,2026-03-06T11:36:54.946362,113.94,0.0,6.01,14.02,2.0,0.0,0.0,153.73,5.78,0.424,0.423,STRAIGHT,1.5,1.5,"CMD,0.4,1.50",4.0,0.0104,2.1,0.023,1,0.9496,0,NORMAL,65.405,-0.017,1,1,1,1,1,95.4,85,5,dijkstra,graph,0.34541,0,,,,,,0,,,,170121,103496,1759
722,127.62591695785522,2026-03-06T11:36:55.114487,114.05,0.0,6.01,16.02,0.0,0.0,0.0,154.11,5.79,0.425,0.424,STRAIGHT,1.5,1.5,"CMD,0.4,1.50",4.0,0.0104,2.1,0.023,1,0.9652,0,NORMAL,66.333,-0.041,1,1,1,1,1,93.7,87,4,dijkstra,graph,0.33349,0,,,,,,0,,,,165733,99915,1782
723,127.79317784309387,2026-03-06T11:36:55.281748,110.87,0.0,6.01,16.02,0.0,0.0,0.0,150.93,5.79,0.426,0.425,STRAIGHT,1.5,1.5,"CMD,0.4,1.50",4.0,0.0104,2.1,0.023,1,0.965,0,NORMAL,66.881,-0.068,1,1,1,1,1,89.0,91,4,dijkstra,graph,0.32973,0,,,,,,0,,,,165330,98750,1808
724,127.9623396396637,2026-03-06T11:36:55.450910,112.58,0.0,6.01,14.43,0.0,0.0,0.0,153.14,5.8,0.426,0.426,STRAIGHT,1.5,1.5,"CMD,0.4,1.50",4.0,0.0104,2.1,0.023,1,0.9405,0,NORMAL,67.252,-0.004,1,1,1,1,1,94.7,85,3,dijkstra,graph,0.33674,0,,,,,,0,,,,174370,100869,1694
725,128.13713383674622,2026-03-06T11:36:55.625704,118.48,0.0,6.01,14.02,2.0,0.0,0.0,158.76,5.8,0.427,0.426,STRAIGHT,1.5,1.5,"CMD,0.4,1.50",4.0,0.0104,2.1,0.023,1,0.9687,0,NORMAL,68.078,-0.265,1,1,1,1,1,95.4,90,4,dijkstra,graph,0.33252,0,,,,,,0,,,,174254,99589,1776
726,128.31210327148438,2026-03-06T11:36:55.800673,118.77,0.0,8.01,14.09,0.0,0.0,1.87,158.49,5.81,0.433,0.427,STRAIGHT,1.5,1.5,"CMD,0.4,1.50",4.0,0.0108,2.055,0.023,1,0.962,0,NORMAL,68.684,-0.258,1,1,1,1,1,102.7,87,3,dijkstra,graph,0.3414,0,,,,,,0,,,,179353,102189,1636
727,128.48319482803345,2026-03-06T11:36:55.971765,115.02,0.0,6.01,16.02,0.0,0.0,0.0,155.07,5.8,0.444,0.433,STRAIGHT,1.5,1.5,"CMD,0.4,1.50",4.0,0.0113,2.009,0.023,1,0.9806,0,NORMAL,69.612,-0.301,1,1,1,1,1,100.5,79,3,dijkstra,graph,0.34304,0,,,,,,0,,,,179885,102615,1727
728,128.6497941017151,2026-03-06T11:36:56.138364,106.19,0.0,10.01,13.75,0.0,0.0,0.0,148.58,5.81,0.452,0.444,STRAIGHT,1.5,1.5,"CMD,0.4,1.50",4.0,0.0113,2.009,0.023,1,0.9829,0,NORMAL,70.028,-0.298,1,1,1,1,1,100.5,78,3,dijkstra,graph,0.33671,0,,,,,,0,,,,178059,100765,1679
729,128.81694388389587,2026-03-06T11:36:56.305514,112.03,0.0,7.77,12.3,2.0,0.0,0.0,151.13,5.81,0.457,0.452,STRAIGHT,1.5,1.5,"CMD,0.5,1.50",4.0,0.0113,2.009,0.023,1,0.9898,0,NORMAL,70.711,-0.344,1,1,1,1,1,100.5,72,3,dijkstra,graph,0.33527,0,,,,,,0,,,,177259,100296,1716
730,128.99194622039795,2026-03-06T11:36:56.480516,116.41,0.0,6.01,14.37,0.0,0.0,2.0,158.97,5.81,0.46,0.457,STRAIGHT,1.5,1.5,"CMD,0.5,1.50",4.0,0.0113,2.009,0.023,1,0.9885,0,NORMAL,70.711,-0.366,1,1,1,1,1,100.5,72,3,dijkstra,graph,0.33343,0,,,,,,0,,,,176752,99819,1626
731,129.16606760025024,2026-03-06T11:36:56.654638,116.31,0.0,8.01,14.02,2.0,0.0,0.0,158.36,5.82,0.462,0.46,STRAIGHT,1.5,1.5,"CMD,0.5,1.50",4.0,0.0113,2.009,0.023,1,0.9893,0,NORMAL,70.711,-0.352,1,1,1,1,1,100.5,78,3,dijkstra,graph,0.3368,0,,,,,,0,,,,178175,100797,1641
732,129.34466242790222,2026-03-06T11:36:56.833232,120.5,0.0,8.03,16.02,0.0,0.0,0.0,160.57,5.82,0.464,0.462,STRAIGHT,1.5,1.5,"CMD,0.5,1.50",4.0,0.0113,2.009,0.023,1,0.9906,0,NORMAL,70.711,-0.306,1,1,1,1,1,100.5,81,3,dijkstra,graph,0.34128,0,,,,,,0,,,,179259,102071,1666
733,129.5261685848236,2026-03-06T11:36:57.014739,116.78,0.0,8.01,16.45,0.0,0.0,0.0,161.26,5.79,0.465,0.464,STRAIGHT,1.5,1.5,"CMD,0.5,1.50",4.0,0.0113,2.009,0.023,1,0.9903,0,NORMAL,70.711,-0.316,1,1,1,1,1,100.5,86,3,dijkstra,graph,0.34126,0,,,,,,0,,,,180070,102184,1851
734,129.69913291931152,2026-03-06T11:36:57.187703,116.44,0.0,6.01,14.02,2.0,0.0,0.0,156.14,5.8,0.465,0.465,STRAIGHT,1.5,1.5,"CMD,0.5,1.50",4.0,0.0113,2.009,0.023,1,0.9901,0,NORMAL,70.711,-0.313,1,1,1,1,1,100.5,79,3,dijkstra,graph,0.3457,0,,,,,,0,,,,180483,103407,1700
735,129.86878275871277,2026-03-06T11:36:57.357353,115.53,0.0,5.84,14.02,2.0,0.0,0.0,153.42,5.81,0.466,0.465,STRAIGHT,1.5,1.5,"CMD,0.5,1.50",4.0,0.0113,2.009,0.023,1,0.9887,0,NORMAL,70.711,-0.295,1,1,1,1,1,100.5,72,2,dijkstra,graph,0.34333,0,,,,,,0,,,,180170,102700,1542
736,130.02911972999573,2026-03-06T11:36:57.517690,108.32,0.0,8.01,12.02,0.0,0.0,0.0,144.37,5.83,0.466,0.466,STRAIGHT,1.5,1.5,"CMD,0.5,1.50",4.0,0.0113,2.009,0.023,1,0.9906,0,NORMAL,70.711,-0.285,1,1,1,1,1,100.5,74,3,dijkstra,graph,0.34246,0,,,,,,0,,,,180395,102514,1844
737,130.20406222343445,2026-03-06T11:36:57.692632,114.71,0.0,8.01,16.02,0.0,0.0,0.0,154.76,5.82,0.466,0.466,STRAIGHT,1.5,1.5,"CMD,0.5,1.50",4.0,0.0113,2.009,0.023,1,0.9886,0,NORMAL,70.711,-0.304,1,1,1,1,1,100.5,68,4,dijkstra,graph,0.35037,0,,,,,,0,,,,181231,104822,1804
738,130.37953209877014,2026-03-06T11:36:57.868102,118.72,0.0,6.01,14.02,2.0,0.0,0.0,159.04,5.83,0.466,0.466,STRAIGHT,1.5,1.5,"CMD,0.5,1.50",4.0,0.0113,2.009,0.023,1,0.9864,0,NORMAL,70.711,-0.229,1,1,1,1,1,100.5,66,4,dijkstra,graph,0.3511,0,,,,,,0,,,,182602,105122,1728
739,130.55042123794556,2026-03-06T11:36:58.038991,108.78,0.0,8.01,18.05,0.0,0.0,0.0,150.86,5.83,0.466,0.466,STRAIGHT,1.5,1.5,"CMD,0.5,1.50",4.0,0.0113,2.009,0.023,1,0.9882,0,NORMAL,70.711,-0.207,1,1,1,1,1,100.5,76,3,dijkstra,graph,0.35676,0,,,,,,0,,,,183876,106716,1718
740,130.72700762748718,2026-03-06T11:36:58.215578,116.51,0.0,8.01,14.02,2.0,0.0,0.0,156.56,5.82,0.467,0.466,STRAIGHT,1.5,1.5,"CMD,0.5,1.50",4.0,0.0113,2.009,0.023,1,0.989,0,NORMAL,70.711,-0.089,1,1,1,1,1,100.5,86,3,dijkstra,graph,0.35481,0,,,,,,0,,,,183565,106225,1846
741,130.89462304115295,2026-03-06T11:36:58.383193,114.45,0.0,7.51,10.09,0.0,0.0,0.0,149.59,5.83,0.467,0.467,STRAIGHT,1.5,1.5,"CMD,0.5,1.50",4.0,0.0113,2.009,0.023,1,0.9891,0,NORMAL,70.711,-0.047,1,1,1,1,1,100.5,79,3,dijkstra,graph,0.36091,0,,,,,,0,,,,184897,108081,1839
742,131.06552982330322,2026-03-06T11:36:58.554100,116.95,0.0,6.01,8.01,0.0,0.0,0.0,150.66,5.83,0.467,0.467,STRAIGHT,1.5,1.5,"CMD,0.5,1.50",4.0,0.0113,2.009,0.023,1,0.9831,0,NORMAL,70.711,-0.017,1,1,1,1,1,100.5,80,2,dijkstra,graph,0.37097,0,,,,,,0,,,,187428,111109,1693
743,131.24241042137146,2026-03-06T11:36:58.730980,114.21,0.0,6.01,15.54,0.0,0.0,0.0,156.45,5.82,0.467,0.467,STRAIGHT,1.5,1.5,"CMD,0.5,1.50",4.0,0.0113,2.009,0.023,1,0.9853,0,NORMAL,70.711,-0.086,1,1,1,1,1,100.5,81,4,dijkstra,graph,0.36585,0,,,,,,0,,,,185706,109501,1891
744,131.4195740222931,2026-03-06T11:36:58.908144,118.88,0.0,8.24,16.02,2.0,0.0,0.0,161.14,5.82,0.467,0.467,STRAIGHT,1.5,1.5,"CMD,0.5,1.50",4.0,0.0113,2.009,0.023,1,0.9907,0,NORMAL,70.711,-0.034,1,1,1,1,1,100.5,73,3,dijkstra,graph,0.36643,0,,,,,,0,,,,185522,109661,1691
745,131.59223127365112,2026-03-06T11:36:59.080801,114.21,0.0,6.01,16.39,0.0,0.0,0.0,154.64,5.81,0.467,0.467,STRAIGHT,1.5,1.5,"CMD,0.5,1.50",4.0,0.0113,2.009,0.023,1,0.9889,0,NORMAL,70.711,-0.056,1,1,1,1,1,100.5,84,4,dijkstra,graph,0.36409,0,,,,,,0,,,,184766,108964,1957
746,131.7687849998474,2026-03-06T11:36:59.257355,116.54,0.0,6.01,16.37,0.0,0.0,0.0,156.94,5.8,0.467,0.467,STRAIGHT,1.5,1.5,"CMD,0.5,1.50",4.0,0.0113,2.009,0.023,1,0.9879,0,NORMAL,70.711,-0.026,1,1,1,1,1,100.5,88,3,dijkstra,graph,0.36783,0,,,,,,0,,,,185807,110060,1979
747,131.9446074962616,2026-03-06T11:36:59.433177,117.41,0.0,5.75,16.02,2.0,0.0,0.0,159.66,5.79,0.467,0.467,STRAIGHT,1.5,1.5,"CMD,0.5,1.50",4.0,0.0113,2.009,0.023,1,0.9835,0,NORMAL,70.711,-0.046,1,1,1,1,1,100.5,95,3,dijkstra,graph,0.37025,0,,,,,,0,,,,187268,110823,1949
748,132.1163625717163,2026-03-06T11:36:59.604933,113.2,0.0,6.01,14.5,2.0,0.0,0.0,155.74,5.79,0.467,0.467,STRAIGHT,1.5,1.5,"CMD,0.5,1.50",4.0,0.0113,2.009,0.023,1,0.9855,0,NORMAL,70.711,-0.062,1,1,1,1,1,100.5,72,3,dijkstra,graph,0.36895,0,,,,,,0,,,,186609,110479,1841
749,132.2867534160614,2026-03-06T11:36:59.775323,116.31,0.0,6.4,15.76,2.0,0.0,0.0,154.37,5.8,0.467,0.467,STRAIGHT,1.5,1.5,"CMD,0.5,1.50",4.0,0.0113,2.009,0.023,1,0.984,0,NORMAL,70.711,-0.056,1,1,1,1,1,100.5,78,3,dijkstra,graph,0.36671,0,,,,,,0,,,,184843,109740,1924
750,132.46322774887085,2026-03-06T11:36:59.951798,116.35,0.0,12.05,16.03,0.0,0.0,0.0,160.45,5.79,0.46,0.467,STRAIGHT,1.5,1.5,"CMD,0.5,1.50",4.0,0.0108,2.055,0.023,1,0.9826,0,NORMAL,70.711,-0.042,1,1,1,1,1,102.7,83,3,dijkstra,graph,0.3712,0,,,,,,0,,,,186567,111076,1946
751,132.6385223865509,2026-03-06T11:37:00.127092,114.83,0.0,6.01,14.24,2.0,0.0,0.0,155.75,5.79,0.455,0.46,STRAIGHT,1.5,1.5,"CMD,0.5,1.50",4.0,0.0108,2.055,0.023,1,0.9807,0,NORMAL,70.711,-0.064,1,1,1,1,1,102.7,77,3,dijkstra,graph,0.37969,0,,,,,,0,,,,188828,113649,1679
752,132.80638551712036,2026-03-06T11:37:00.294956,119.33,0.0,5.94,10.01,0.0,0.0,0.0,151.72,5.78,0.452,0.455,STRAIGHT,1.5,1.5,"CMD,0.5,1.50",4.0,0.0108,2.055,0.023,1,0.9833,0,NORMAL,70.711,-0.052,1,1,1,1,1,102.7,89,2,dijkstra,graph,0.37378,0,,,,,,0,,,,187477,111869,1792
753,132.98695516586304,2026-03-06T11:37:00.475525,114.15,0.0,6.01,16.03,0.0,0.0,0.0,154.2,5.77,0.45,0.452,STRAIGHT,1.5,1.5,"CMD,0.5,1.50",4.0,0.0108,2.055,0.023,1,0.9835,0,NORMAL,70.711,-0.043,1,1,1,1,1,102.7,90,3,dijkstra,graph,0.37147,0,,,,,,0,,,,187725,111211,1840
754,133.16143107414246,2026-03-06T11:37:00.650001,116.45,0.0,8.01,16.03,0.0,0.0,0.0,156.52,5.77,0.449,0.45,STRAIGHT,1.5,1.5,"CMD,0.5,1.50",4.0,0.0108,2.055,0.023,1,0.9736,0,NORMAL,70.655,-0.122,1,1,1,1,1,102.7,77,3,dijkstra,graph,0.38855,0,,,,,,0,,,,191781,116331,1648
755,133.34074425697327,2026-03-06T11:37:00.829314,118.99,0.0,8.01,18.25,0.0,0.0,0.0,161.28,5.77,0.448,0.449,STRAIGHT,1.5,1.5,"CMD,0.4,1.50",4.0,0.0108,2.055,0.023,1,0.9771,0,NORMAL,68.394,-0.015,1,1,1,1,1,102.7,85,3,dijkstra,graph,0.39167,0,,,,,,0,,,,191049,117211,1718
756,133.5150547027588,2026-03-06T11:37:01.003625,114.22,0.0,8.01,14.02,0.0,0.0,0.0,154.28,5.76,0.441,0.448,STRAIGHT,1.5,1.5,"CMD,0.4,1.50",4.0,0.0104,2.1,0.023,1,0.9853,0,NORMAL,66.157,-0.012,1,1,1,1,1,105.0,72,3,dijkstra,graph,0.39444,0,,,,,,0,,,,191899,118049,1955
757,133.69177770614624,2026-03-06T11:37:01.180348,114.27,0.0,8.32,16.08,2.0,0.0,0.0,162.7,5.75,0.436,0.441,STRAIGHT,1.5,1.5,"CMD,0.4,1.50",4.0,0.0104,2.1,0.023,1,0.9841,0,NORMAL,64.904,0.007,1,1,1,1,1,105.0,86,3,dijkstra,graph,0.39583,0,,,,,,0,,,,193344,118598,1830
758,133.87095499038696,2026-03-06T11:37:01.359525,116.75,0.0,8.01,18.35,0.0,0.0,0.0,159.14,5.74,0.433,0.436,STRAIGHT,1.5,1.5,"CMD,0.4,1.50",4.0,0.0104,2.1,0.023,1,0.9792,0,NORMAL,64.89,0.006,1,1,1,1,1,105.0,82,3,dijkstra,graph,0.38847,0,,,,,,0,,,,190759,116384,1858
759,134.04168176651,2026-03-06T11:37:01.530252,110.88,0.0,6.01,15.76,0.0,0.0,0.0,150.69,5.74,0.425,0.433,STRAIGHT,1.5,1.5,"CMD,0.4,1.50",4.0,0.0099,2.146,0.023,1,0.982,0,NORMAL,64.863,0.022,1,1,1,1,1,107.3,79,2,dijkstra,graph,0.39568,0,,,,,,0,,,,191371,118427,1716
760,134.21682024002075,2026-03-06T11:37:01.705390,115.03,0.0,6.01,16.03,0.0,0.0,0.0,155.1,5.74,0.42,0.425,STRAIGHT,1.5,1.5,"CMD,0.4,1.50",4.0,0.0099,2.146,0.023,1,0.9871,0,NORMAL,64.536,-0.012,1,1,1,1,1,107.3,80,2,dijkstra,graph,0.38934,0,,,,,,0,,,,190216,116480,1693
761,134.40237593650818,2026-03-06T11:37:01.890946,122.81,0.0,6.01,18.03,0.0,0.0,2.0,167.53,5.73,0.416,0.42,STRAIGHT,1.5,1.5,"CMD,0.4,1.50",4.0,0.0099,2.146,0.023,1,0.9823,0,NORMAL,61.732,-0.042,1,1,1,1,1,107.3,90,3,dijkstra,graph,0.39541,0,,,,,,0,,,,192040,118347,1839
762,134.5772190093994,2026-03-06T11:37:02.065789,118.75,0.0,8.01,14.02,0.0,0.0,0.0,158.82,5.74,0.414,0.416,STRAIGHT,1.5,1.5,"CMD,0.4,1.50",4.0,0.0099,2.146,0.023,1,0.9874,0,NORMAL,62.699,0.038,1,1,1,1,1,107.3,81,3,dijkstra,graph,0.39624,0,,,,,,0,,,,191522,118791,1737
763,134.75369501113892,2026-03-06T11:37:02.242265,116.38,0.0,8.01,14.02,0.0,0.0,0.0,158.45,5.74,0.407,0.414,STRAIGHT,1.5,1.5,"CMD,0.4,1.50",4.0,0.0095,2.192,0.023,1,0.9819,0,NORMAL,61.616,0.059,1,1,1,1,1,109.6,69,3,dijkstra,graph,0.39709,0,,,,,,0,,,,192627,118739,1778
764,134.9310872554779,2026-03-06T11:37:02.419657,117.08,0.0,7.75,14.02,2.0,0.0,0.0,158.64,5.73,0.402,0.407,STRAIGHT,1.5,1.5,"CMD,0.4,1.50",4.0,0.0095,2.192,0.023,1,0.9869,0,NORMAL,63.025,-0.107,1,1,1,1,1,109.6,84,3,dijkstra,graph,0.39502,0,,,,,,0,,,,191196,118169,1850
765,135.09747695922852,2026-03-06T11:37:02.586047,116.22,0.0,6.01,12.11,0.0,0.0,0.0,150.36,5.72,0.398,0.402,STRAIGHT,1.5,1.5,"CMD,0.4,1.50",4.0,0.0095,2.192,0.023,1,0.9826,0,NORMAL,62.778,0.001,1,1,1,1,1,109.6,77,3,dijkstra,graph,0.39182,0,,,,,,0,,,,192428,117441,1907
766,135.27861404418945,2026-03-06T11:37:02.767184,116.95,0.0,6.01,16.03,0.0,0.0,2.0,159.02,5.71,0.396,0.398,STRAIGHT,1.5,1.5,"CMD,0.4,1.50",4.0,0.0095,2.192,0.023,1,0.9843,0,NORMAL,62.299,0.026,1,1,1,1,1,109.6,78,2,dijkstra,graph,0.39438,0,,,,,,0,,,,193090,117902,1748
767,135.45278000831604,2026-03-06T11:37:02.941350,112.44,0.0,6.05,21.62,2.0,0.0,0.0,158.14,5.72,0.39,0.396,STRAIGHT,1.5,1.5,"CMD,0.4,1.50",4.0,0.0091,2.237,0.023,1,0.9869,0,NORMAL,62.798,-0.001,1,1,1,1,1,111.9,88,2,dijkstra,graph,0.4006,0,,,,,,0,,,,194808,119957,1783
768,135.6291127204895,2026-03-06T11:37:03.117683,121.87,0.0,8.01,12.4,0.0,0.0,0.0,160.31,5.71,0.385,0.39,STRAIGHT,1.5,1.5,"CMD,0.4,1.50",4.0,0.0091,2.237,0.023,1,0.9872,0,NORMAL,62.678,-0.028,1,1,1,1,1,111.9,65,2,dijkstra,graph,0.39527,0,,,,,,0,,,,194155,118364,1624
769,135.8062720298767,2026-03-06T11:37:03.294842,116.63,0.0,8.02,14.03,2.0,0.0,0.0,158.71,5.71,0.382,0.385,STRAIGHT,1.5,1.5,"CMD,0.4,1.50",4.0,0.0091,2.237,0.023,1,0.9866,0,NORMAL,62.552,-0.017,1,1,1,1,1,111.9,77,2,dijkstra,graph,0.39688,0,,,,,,0,,,,194635,118804,1778
770,135.98376035690308,2026-03-06T11:37:03.472330,115.39,0.0,6.01,16.02,0.0,0.0,2.0,157.45,5.7,0.38,0.382,STRAIGHT,1.5,1.5,"CMD,0.4,1.50",4.0,0.0091,2.237,0.023,1,0.9845,0,NORMAL,62.063,-0.071,1,1,1,1,1,111.9,73,2,dijkstra,graph,0.40781,0,,,,,,0,,,,196865,122210,1801
771,136.16582202911377,2026-03-06T11:37:03.654392,117.54,0.0,9.14,17.32,0.0,0.0,0.0,162.03,5.69,0.374,0.38,STRAIGHT,1.5,1.5,"CMD,0.4,1.50",4.0,0.0088,2.283,0.023,1,0.985,0,NORMAL,62.413,-0.042,1,1,1,1,1,114.2,84,3,dijkstra,graph,0.40498,0,,,,,,0,,,,195941,121334,2014
772,136.34643292427063,2026-03-06T11:37:03.835003,123.4,0.0,5.26,16.02,0.0,0.0,0.0,162.58,5.68,0.37,0.374,STRAIGHT,1.5,1.5,"CMD,0.4,1.50",4.0,0.0088,2.283,0.023,1,0.9853,0,NORMAL,62.261,-0.007,1,1,1,1,1,114.2,79,4,dijkstra,graph,0.40719,0,,,,,,0,,,,196565,121949,1892
773,136.52828073501587,2026-03-06T11:37:04.016851,122.75,0.0,7.01,16.02,0.0,0.0,0.0,161.81,5.68,0.367,0.37,STRAIGHT,1.5,1.5,"CMD,0.4,1.50",4.0,0.0088,2.283,0.023,1,0.9868,0,NORMAL,61.969,0.019,1,1,1,1,1,114.2,79,4,dijkstra,graph,0.40921,0,,,,,,0,,,,198160,122543,2047
774,136.71203804016113,2026-03-06T11:37:04.200608,122.41,0.0,9.08,14.09,2.0,0.0,0.0,163.73,5.66,0.36,0.367,STRAIGHT,1.5,1.5,"CMD,0.4,1.50",4.0,0.0084,2.329,0.023,1,0.9885,0,NORMAL,61.459,0.077,1,1,1,1,1,116.4,82,3,dijkstra,graph,0.4156,0,,,,,,0,,,,199050,124357,2094
775,136.88547205924988,2026-03-06T11:37:04.374042,114.24,0.0,0.0,16.03,0.0,0.0,0.0,155.91,5.67,0.356,0.36,STRAIGHT,1.5,1.5,"CMD,0.4,1.50",4.0,0.0084,2.329,0.023,1,0.9869,0,NORMAL,61.157,0.142,1,1,1,1,1,116.4,82,4,dijkstra,graph,0.41928,0,,,,,,0,,,,199851,125512,1988
776,137.06021809577942,2026-03-06T11:37:04.548788,114.43,0.0,8.01,8.01,10.25,0.0,0.0,158.73,5.67,0.353,0.356,STRAIGHT,1.5,1.5,"CMD,0.4,1.50",4.0,0.0084,2.329,0.023,1,0.9834,0,NORMAL,60.835,0.165,1,1,1,1,1,116.4,76,4,dijkstra,graph,0.42537,0,,,,,,0,,,,201334,127217,2071
777,137.231205701828,2026-03-06T11:37:04.719776,113.0,0.0,6.01,14.02,0.0,0.0,0.0,150.66,5.67,0.351,0.353,STRAIGHT,1.5,1.5,"CMD,0.4,1.50",4.0,0.0084,2.329,0.023,1,0.984,0,NORMAL,61.151,0.183,1,1,1,1,1,116.4,82,4,dijkstra,graph,0.42393,0,,,,,,0,,,,202382,126816,2098
778,137.41135907173157,2026-03-06T11:37:04.899929,115.91,0.0,6.01,16.18,2.0,0.0,0.0,158.13,5.66,0.35,0.351,STRAIGHT,1.5,1.5,"CMD,0.4,1.50",4.0,0.0084,2.329,0.023,1,0.9773,0,NORMAL,60.579,0.225,1,1,1,1,1,116.4,79,2,dijkstra,graph,0.43686,0,,,,,,0,,,,206048,130813,2028
779,137.58748269081116,2026-03-06T11:37:05.076053,110.81,0.0,14.16,14.43,2.69,0.0,0.0,160.1,5.66,0.345,0.35,STRAIGHT,1.5,1.5,"CMD,0.3,1.50",4.0,0.0081,2.374,0.023,1,0.9701,0,NORMAL,55.941,0.141,1,1,1,1,1,118.7,85,3,dijkstra,graph,0.43388,0,,,,,,0,,,,202229,129834,2004
780,137.75565385818481,2026-03-06T11:37:05.244224,114.43,0.0,8.01,12.02,0.0,0.0,0.0,150.48,5.67,0.345,0.345,STRAIGHT,1.5,1.5,"CMD,0.3,1.50",4.0,0.0084,2.329,0.023,1,0.974,0,NORMAL,56.79,0.053,1,1,1,1,1,116.4,84,5,dijkstra,graph,0.42618,0,,,,,,0,,,,202310,127598,2033
781,137.93711352348328,2026-03-06T11:37:05.425684,112.55,0.0,10.3,16.02,2.0,0.0,0.0,159.17,5.65,0.346,0.345,STRAIGHT,1.5,1.5,"CMD,0.3,1.50",4.0,0.0084,2.329,0.023,1,0.9834,0,NORMAL,56.202,-0.162,1,1,1,1,1,116.4,83,5,dijkstra,graph,0.42514,0,,,,,,0,,,,202184,127276,2047
782,138.11159825325012,2026-03-06T11:37:05.600168,112.74,0.0,4.01,19.03,2.0,0.0,0.0,156.46,5.66,0.346,0.346,STRAIGHT,1.5,1.5,"CMD,0.3,1.50",4.0,0.0084,2.329,0.023,1,0.984,0,NORMAL,57.41,-0.082,1,1,1,1,1,116.4,86,3,dijkstra,graph,0.42157,0,,,,,,0,,,,200929,126220,1889
783,138.28862881660461,2026-03-06T11:37:05.777199,112.76,0.0,10.14,6.01,10.38,0.0,0.0,159.0,5.66,0.351,0.346,STRAIGHT,1.5,1.5,"CMD,0.3,1.50",4.0,0.0088,2.283,0.023,1,0.9752,0,NORMAL,57.843,-0.202,1,1,1,1,1,114.2,87,5,dijkstra,graph,0.40368,0,,,,,,0,,,,197003,120949,1875
784,138.4627230167389,2026-03-06T11:37:05.951293,110.36,0.0,8.11,23.73,0.0,0.0,0.0,156.33,5.66,0.355,0.351,STRAIGHT,1.5,1.5,"CMD,0.4,1.50",4.0,0.0088,2.283,0.023,1,0.9722,0,NORMAL,57.869,-0.155,1,1,1,1,1,114.2,89,5,dijkstra,graph,0.41789,0,,,,,,0,,,,201161,125108,2080
785,138.64163088798523,2026-03-06T11:37:06.130201,116.91,0.0,8.01,18.07,0.0,0.0,0.0,160.78,5.66,0.357,0.355,STRAIGHT,1.5,1.5,"CMD,0.4,1.50",4.0,0.0088,2.283,0.023,1,0.9823,0,NORMAL,58.297,-0.136,1,1,1,1,1,114.2,91,3,dijkstra,graph,0.41079,0,,,,,,0,,,,200545,122813,2057
786,138.8207142353058,2026-03-06T11:37:06.309284,121.27,0.0,7.75,16.02,0.0,0.0,0.0,161.06,5.65,0.358,0.357,STRAIGHT,1.5,1.5,"CMD,0.4,1.50",4.0,0.0088,2.283,0.023,1,0.9866,0,NORMAL,58.621,-0.085,1,1,1,1,1,114.2,93,2,dijkstra,graph,0.4114,0,,,,,,0,,,,200592,123138,1867
787,138.9911618232727,2026-03-06T11:37:06.479732,111.41,0.0,7.69,6.01,10.29,0.0,0.0,152.42,5.66,0.359,0.358,STRAIGHT,1.5,1.5,"CMD,0.4,1.50",4.0,0.0088,2.283,0.023,1,0.9815,0,NORMAL,59.474,-0.126,1,1,1,1,1,114.2,74,4,dijkstra,graph,0.40829,0,,,,,,0,,,,199115,122236,1886
788,139.15986967086792,2026-03-06T11:37:06.648440,108.72,0.0,10.18,18.28,0.0,0.0,0.0,152.91,5.67,0.36,0.359,STRAIGHT,1.5,1.5,"CMD,0.4,1.50",4.0,0.0088,2.283,0.023,1,0.987,0,NORMAL,59.563,-0.083,1,1,1,1,1,114.2,83,4,dijkstra,graph,0.41004,0,,,,,,0,,,,199492,122825,1994
789,139.3346130847931,2026-03-06T11:37:06.823183,112.36,0.0,10.01,18.33,2.0,0.0,0.0,156.72,5.66,0.36,0.36,STRAIGHT,1.5,1.5,"CMD,0.4,1.50",4.0,0.0088,2.283,0.023,1,0.9863,0,NORMAL,60.092,-0.077,1,1,1,1,1,114.2,81,4,dijkstra,graph,0.41281,0,,,,,,0,,,,199997,123624,2036
790,139.49518942832947,2026-03-06T11:37:06.983759,112.51,0.0,6.01,8.01,0.0,0.0,0.0,144.56,5.69,0.361,0.36,STRAIGHT,1.5,1.5,"CMD,0.4,1.50",4.0,0.0088,2.283,0.023,1,0.9841,0,NORMAL,60.686,-0.071,1,1,1,1,1,114.2,63,3,dijkstra,graph,0.40576,0,,,,,,0,,,,198203,121465,1764
791,139.67006707191467,2026-03-06T11:37:07.158637,108.1,0.0,7.01,18.03,0.0,0.0,1.92,154.59,5.69,0.361,0.361,STRAIGHT,1.5,1.5,"CMD,0.4,1.50",4.0,0.0088,2.283,0.023,1,0.9775,0,NORMAL,61.349,-0.075,1,1,1,1,1,114.2,82,2,dijkstra,graph,0.40603,0,,,,,,0,,,,200026,121576,1716
792,139.84281635284424,2026-03-06T11:37:07.331386,114.56,0.0,8.01,16.14,0.0,0.0,0.0,156.73,5.7,0.361,0.361,STRAIGHT,1.5,1.5,"CMD,0.4,1.50",4.0,0.0088,2.283,0.023,1,0.9747,0,NORMAL,61.535,0.004,1,1,1,1,1,114.2,76,3,dijkstra,graph,0.40229,0,,,,,,0,,,,197239,120481,1794
793,140.01664423942566,2026-03-06T11:37:07.505214,110.91,0.0,10.4,14.22,2.0,0.0,0.0,155.96,5.7,0.361,0.361,STRAIGHT,1.5,1.5,"CMD,0.4,1.50",4.0,0.0088,2.283,0.023,1,0.9876,0,NORMAL,61.752,0.02,1,1,1,1,1,114.2,80,3,dijkstra,graph,0.4013,0,,,,,,0,,,,197159,120258,1775
794,140.18776178359985,2026-03-06T11:37:07.676332,110.93,0.0,10.14,14.02,2.0,0.0,0.0,154.94,5.7,0.361,0.361,STRAIGHT,1.5,1.5,"CMD,0.4,1.50",4.0,0.0088,2.283,0.023,1,0.9834,0,NORMAL,62.693,0.03,1,1,1,1,1,114.2,77,4,dijkstra,graph,0.40506,0,,,,,,0,,,,197270,121248,1878
795,140.35757279396057,2026-03-06T11:37:07.846143,111.1,0.0,0.0,14.02,2.0,0.0,0.0,153.79,5.71,0.361,0.361,STRAIGHT,1.5,1.5,"CMD,0.4,1.50",4.0,0.0088,2.283,0.023,1,0.9821,0,NORMAL,64.602,-0.014,1,1,1,1,1,114.2,82,2,dijkstra,graph,0.40128,0,,,,,,0,,,,195975,120272,1837
796,140.5266284942627,2026-03-06T11:37:08.015198,114.32,0.0,6.01,16.02,0.0,0.0,0.0,153.03,5.72,0.366,0.361,STRAIGHT,1.5,1.5,"CMD,0.4,1.50",4.0,0.0091,2.237,0.023,1,0.9853,0,NORMAL,64.442,-0.029,1,1,1,1,1,111.9,85,3,dijkstra,graph,0.39694,0,,,,,,0,,,,195591,118846,2019
797,140.70275926589966,2026-03-06T11:37:08.191329,113.72,0.0,8.01,20.03,0.0,0.0,0.0,158.11,5.72,0.37,0.366,STRAIGHT,1.5,1.5,"CMD,0.4,1.50",4.0,0.0091,2.237,0.023,1,0.9792,0,NORMAL,66.019,-0.039,1,1,1,1,1,111.9,98,3,dijkstra,graph,0.38572,0,,,,,,0,,,,192859,115466,1960
798,140.87640190124512,2026-03-06T11:37:08.364972,119.6,0.0,7.75,12.17,0.0,0.0,0.0,157.62,5.72,0.372,0.37,STRAIGHT,1.5,1.5,"CMD,0.4,1.50",4.0,0.0091,2.237,0.023,1,0.9828,0,NORMAL,66.334,-0.086,1,1,1,1,1,111.9,96,2,dijkstra,graph,0.38686,0,,,,,,0,,,,193714,115992,1892
799,141.0592019557953,2026-03-06T11:37:08.547772,117.66,0.0,7.01,15.34,0.0,0.0,0.0,162.44,5.71,0.373,0.372,STRAIGHT,1.5,1.5,"CMD,0.4,1.50",4.0,0.0091,2.237,0.023,1,0.9795,0,NORMAL,64.558,0.006,1,1,1,1,1,111.9,93,3,dijkstra,graph,0.39583,0,,,,,,0,,,,195682,118467,1978
800,141.2369842529297,2026-03-06T11:37:08.725554,113.99,0.0,7.33,17.77,2.0,0.0,0.0,159.46,5.72,0.374,0.373,STRAIGHT,1.5,1.5,"CMD,0.4,1.50",4.0,0.0091,2.237,0.023,1,0.9728,0,NORMAL,65.54,-0.068,1,1,1,1,1,111.9,83,3,dijkstra,graph,0.38461,0,,,,,,0,,,,191714,115069,1826
801,141.41318321228027,2026-03-06T11:37:08.901753,115.35,0.0,6.01,13.76,4.42,0.0,0.0,156.3,5.72,0.375,0.374,STRAIGHT,1.5,1.5,"CMD,0.4,1.50",4.0,0.0091,2.237,0.023,1,0.9634,0,NORMAL,64.98,-0.025,1,1,1,1,1,111.9,101,2,dijkstra,graph,0.40345,0,,,,,,0,,,,197215,120657,1842
802,141.59286785125732,2026-03-06T11:37:09.081438,120.79,0.0,6.01,16.31,0.0,0.0,0.0,160.63,5.73,0.381,0.375,STRAIGHT,1.5,1.5,"CMD,0.4,1.50",4.0,0.0095,2.192,0.023,1,0.9812,0,NORMAL,66.172,-0.064,1,1,1,1,1,109.6,85,3,dijkstra,graph,0.39934,0,,,,,,0,,,,196225,119649,1832
803,141.76603603363037,2026-03-06T11:37:09.254606,114.99,0.0,8.01,18.05,0.0,0.0,0.0,155.66,5.74,0.384,0.381,STRAIGHT,1.5,1.5,"CMD,0.4,1.50",4.0,0.0095,2.192,0.023,1,0.9787,0,NORMAL,66.266,-0.094,1,1,1,1,1,109.6,94,3,dijkstra,graph,0.39465,0,,,,,,0,,,,195050,118286,1893
804,141.93920731544495,2026-03-06T11:37:09.427777,108.54,0.0,13.91,17.02,0.0,0.0,0.0,157.33,5.74,0.387,0.384,STRAIGHT,1.5,1.5,"CMD,0.4,1.50",4.0,0.0095,2.192,0.023,1,0.9792,0,NORMAL,66.62,-0.088,1,1,1,1,1,109.6,92,3,dijkstra,graph,0.39176,0,,,,,,0,,,,193567,117112,1832
805,142.10735821723938,2026-03-06T11:37:09.595928,108.45,0.0,8.01,16.02,0.0,0.0,0.0,150.13,5.75,0.389,0.387,STRAIGHT,1.5,1.5,"CMD,0.4,1.50",4.0,0.0095,2.192,0.023,1,0.9767,0,NORMAL,66.911,-0.145,1,1,1,1,1,109.6,97,2,dijkstra,graph,0.38138,0,,,,,,0,,,,191414,114177,1756
806,142.27201056480408,2026-03-06T11:37:09.760581,108.48,0.0,0.0,22.29,2.0,0.0,0.0,148.78,5.75,0.385,0.387,STRAIGHT,1.5,1.5,"CMD,0.4,1.50",4.0,0.0091,2.237,0.023,1,0.9772,0,NORMAL,66.342,-0.078,1,1,1,1,1,111.9,85,2,dijkstra,graph,0.39686,0,,,,,,0,,,,195162,118873,1688
807,142.43907403945923,2026-03-06T11:37:09.927644,106.77,0.0,6.01,17.52,0.0,0.0,0.0,147.04,5.77,0.387,0.387,STRAIGHT,1.5,1.5,"CMD,0.4,1.50",4.0,0.0095,2.192,0.023,1,0.9818,0,NORMAL,67.451,-0.135,1,1,1,1,1,109.6,83,2,dijkstra,graph,0.39465,0,,,,,,0,,,,196468,118196,1746
808,142.61145901679993,2026-03-06T11:37:10.100029,110.93,0.0,8.01,17.41,2.0,0.0,0.0,154.07,5.77,0.383,0.385,STRAIGHT,1.5,1.5,"CMD,0.4,1.50",4.0,0.0091,2.237,0.023,1,0.9855,0,NORMAL,67.156,-0.111,1,1,1,1,1,111.9,94,3,dijkstra,graph,0.4045,0,,,,,,0,,,,197846,121161,2006
809,142.78427982330322,2026-03-06T11:37:10.272850,110.38,0.0,11.52,18.05,1.84,0.0,0.0,155.8,5.77,0.386,0.386,STRAIGHT,1.5,1.5,"CMD,0.4,1.50",4.0,0.0095,2.192,0.023,1,0.9768,0,NORMAL,66.753,-0.22,1,1,1,1,1,109.6,88,3,dijkstra,graph,0.38676,0,,,,,,0,,,,193349,115712,1963
810,142.95702695846558,2026-03-06T11:37:10.445597,111.87,0.0,7.01,16.02,2.0,0.0,0.0,154.72,5.78,0.388,0.386,STRAIGHT,1.5,1.5,"CMD,0.4,1.50",4.0,0.0095,2.192,0.023,1,0.9812,0,NORMAL,67.982,-0.311,1,1,1,1,1,109.6,89,3,dijkstra,graph,0.37853,0,,,,,,0,,,,192679,113263,1979
811,143.12507247924805,2026-03-06T11:37:10.613643,113.22,0.0,0.0,19.77,0.0,0.0,0.0,150.02,5.78,0.389,0.388,STRAIGHT,1.5,1.5,"CMD,0.4,1.50",4.0,0.0095,2.192,0.023,1,0.9864,0,NORMAL,67.199,-0.256,1,1,1,1,1,109.6,89,2,dijkstra,graph,0.38647,0,,,,,,0,,,,194939,115610,1712
812,143.2945213317871,2026-03-06T11:37:10.783091,102.22,0.0,10.17,18.76,0.0,0.0,0.0,149.0,5.79,0.39,0.389,STRAIGHT,1.5,1.5,"CMD,0.4,1.50",4.0,0.0095,2.192,0.023,1,0.9842,0,NORMAL,67.661,-0.28,1,1,1,1,1,109.6,94,3,dijkstra,graph,0.37593,0,,,,,,0,,,,192712,112437,1882
813,143.46736025810242,2026-03-06T11:37:10.955930,106.06,0.0,0.0,16.89,2.0,0.0,0.0,151.04,5.79,0.386,0.389,STRAIGHT,1.5,1.5,"CMD,0.4,1.50",4.0,0.0091,2.237,0.023,1,0.9818,0,NORMAL,66.969,-0.239,1,1,1,1,1,111.9,99,2,dijkstra,graph,0.38512,0,,,,,,0,,,,194418,115228,1825
814,143.6323037147522,2026-03-06T11:37:11.120874,106.39,0.0,6.01,16.06,0.0,0.0,0.0,147.18,5.81,0.388,0.388,STRAIGHT,1.5,1.5,"CMD,0.4,1.50",4.0,0.0095,2.192,0.023,1,0.9855,0,NORMAL,68.301,-0.242,1,1,1,1,1,109.6,93,3,dijkstra,graph,0.38562,0,,,,,,0,,,,195731,115414,1838
815,143.8027639389038,2026-03-06T11:37:11.291334,108.86,0.0,10.16,8.48,10.08,0.0,0.0,154.44,5.82,0.384,0.386,STRAIGHT,1.5,1.5,"CMD,0.4,1.50",4.0,0.0091,2.237,0.023,1,0.979,0,NORMAL,68.244,-0.187,1,1,1,1,1,111.9,90,3,dijkstra,graph,0.37548,0,,,,,,0,,,,192977,112451,1783
816,143.97654151916504,2026-03-06T11:37:11.465112,107.24,0.0,10.29,20.67,1.81,0.0,0.0,154.08,5.82,0.381,0.384,STRAIGHT,1.5,1.5,"CMD,0.4,1.50",4.0,0.0091,2.237,0.023,1,0.9807,0,NORMAL,67.295,-0.145,1,1,1,1,1,111.9,92,2,dijkstra,graph,0.38632,0,,,,,,0,,,,196323,115550,1754
817,144.14150428771973,2026-03-06T11:37:11.630074,106.48,0.0,8.01,14.02,2.0,0.0,0.0,148.94,5.82,0.38,0.381,STRAIGHT,1.5,1.5,"CMD,0.4,1.50",4.0,0.0091,2.237,0.023,1,0.984,0,NORMAL,66.95,-0.071,1,1,1,1,1,111.9,95,2,dijkstra,graph,0.39576,0,,,,,,0,,,,199036,118452,1734
818,144.30711555480957,2026-03-06T11:37:11.795685,107.8,0.0,5.75,16.02,2.0,0.0,0.0,149.59,5.83,0.374,0.38,STRAIGHT,1.5,1.5,"CMD,0.4,1.50",4.0,0.0088,2.283,0.023,1,0.9829,0,NORMAL,66.663,-0.002,1,1,1,1,1,114.2,93,2,dijkstra,graph,0.38798,0,,,,,,0,,,,197165,116316,1744
819,144.46793627738953,2026-03-06T11:37:11.956506,102.28,0.0,10.2,18.3,0.0,0.0,0.0,142.8,5.83,0.37,0.374,STRAIGHT,1.5,1.5,"CMD,0.4,1.50",4.0,0.0088,2.283,0.023,1,0.989,0,NORMAL,66.428,0.064,1,1,1,1,1,114.2,101,3,dijkstra,graph,0.39541,0,,,,,,0,,,,198254,118327,1979
820,144.64277148246765,2026-03-06T11:37:12.131341,113.64,0.0,8.39,20.2,0.0,0.0,0.0,156.69,5.83,0.367,0.37,STRAIGHT,1.5,1.5,"CMD,0.4,1.50",4.0,0.0088,2.283,0.023,1,0.9885,0,NORMAL,65.61,0.131,1,1,1,1,1,114.2,107,3,dijkstra,graph,0.40101,0,,,,,,0,,,,199632,120086,1837
821,144.80499649047852,2026-03-06T11:37:12.293566,101.45,0.0,6.01,18.02,2.0,0.0,0.0,152.22,5.84,0.36,0.367,STRAIGHT,1.5,1.5,"CMD,0.4,1.50",4.0,0.0084,2.329,0.023,1,0.9866,0,NORMAL,59.536,0.274,1,1,1,1,1,116.4,93,3,dijkstra,graph,0.41081,0,,,,,,0,,,,201928,122828,2034
822,144.9807755947113,2026-03-06T11:37:12.469346,110.62,0.0,10.01,16.45,0.0,0.0,2.0,157.76,5.84,0.361,0.361,STRAIGHT,1.5,1.5,"CMD,0.4,1.50",4.0,0.0088,2.283,0.023,1,0.9855,0,NORMAL,60.122,0.202,1,1,1,1,1,114.2,90,2,dijkstra,graph,0.39729,0,,,,,,0,,,,199226,118933,1730
823,145.1474220752716,2026-03-06T11:37:12.635992,106.65,0.0,6.01,15.64,2.0,0.0,0.0,150.63,5.85,0.356,0.36,STRAIGHT,1.5,1.5,"CMD,0.4,1.50",4.0,0.0084,2.329,0.023,1,0.9827,0,NORMAL,59.254,0.231,1,1,1,1,1,116.4,94,2,dijkstra,graph,0.40994,0,,,,,,0,,,,202683,122579,1799
824,145.3155484199524,2026-03-06T11:37:12.804118,105.02,0.0,7.01,14.76,2.0,0.0,0.0,148.5,5.85,0.353,0.356,STRAIGHT,1.5,1.5,"CMD,0.4,1.50",4.0,0.0084,2.329,0.023,1,0.9865,0,NORMAL,56.679,0.371,1,1,1,1,1,116.4,92,2,dijkstra,graph,0.41562,0,,,,,,0,,,,204958,124400,1788
825,145.49069714546204,2026-03-06T11:37:12.979267,114.58,0.0,0.0,18.1,0.0,0.0,0.0,157.13,5.84,0.351,0.353,STRAIGHT,1.5,1.5,"CMD,0.4,1.50",4.0,0.0084,2.329,0.023,1,0.9822,0,NORMAL,55.873,0.376,1,1,1,1,1,116.4,81,3,dijkstra,graph,0.40508,0,,,,,,0,,,,201360,121203,1759
826,145.65332961082458,2026-03-06T11:37:13.141900,106.48,0.0,8.01,14.09,0.0,0.0,0.0,142.6,5.86,0.35,0.351,STRAIGHT,1.5,1.5,"CMD,0.4,1.50",4.0,0.0084,2.329,0.023,1,0.9899,0,NORMAL,55.942,0.401,1,1,1,1,1,116.4,91,2,dijkstra,graph,0.4064,0,,,,,,0,,,,201930,121712,1827
827,145.82843542099,2026-03-06T11:37:13.317005,107.19,0.0,8.03,22.37,2.0,0.0,0.0,155.08,5.86,0.349,0.35,STRAIGHT,1.5,1.5,"CMD,0.3,1.50",4.0,0.0084,2.329,0.023,1,0.983,0,NORMAL,55.675,0.441,1,1,1,1,1,116.4,94,2,dijkstra,graph,0.41554,0,,,,,,0,,,,205319,124328,1834
828,146.0021834373474,2026-03-06T11:37:13.490753,112.14,0.0,8.01,16.02,0.0,0.0,2.0,157.73,5.87,0.348,0.349,STRAIGHT,1.5,1.5,"CMD,0.3,1.50",4.0,0.0084,2.329,0.023,1,0.9909,0,NORMAL,55.402,0.504,1,1,1,1,1,116.4,99,2,dijkstra,graph,0.41124,0,,,,,,0,,,,203654,123100,1802
829,146.1725571155548,2026-03-06T11:37:13.661127,112.09,0.0,6.01,18.03,0.0,0.0,0.0,154.35,5.88,0.348,0.348,STRAIGHT,1.5,1.5,"CMD,0.3,1.50",4.0,0.0084,2.329,0.023,1,0.9905,0,NORMAL,55.617,0.5,1,1,1,1,1,116.4,100,2,dijkstra,graph,0.40762,0,,,,,,0,,,,202359,121896,1795
830,146.3363003730774,2026-03-06T11:37:13.824870,109.83,0.0,7.98,10.01,0.0,0.0,0.0,145.72,5.89,0.348,0.348,STRAIGHT,1.5,1.5,"CMD,0.3,1.50",4.0,0.0084,2.329,0.023,1,0.9908,0,NORMAL,54.984,0.558,1,1,1,1,1,116.4,93,2,dijkstra,graph,0.41149,0,,,,,,0,,,,203558,123166,1826
831,146.5136091709137,2026-03-06T11:37:14.002179,111.14,0.0,7.51,14.02,2.0,0.0,0.0,151.14,5.89,0.348,0.348,STRAIGHT,1.5,1.5,"CMD,0.3,1.50",4.0,0.0084,2.329,0.023,1,0.9878,0,NORMAL,55.288,0.523,1,1,1,1,1,116.4,76,2,dijkstra,graph,0.41066,0,,,,,,0,,,,203999,122911,1707
832,146.67981004714966,2026-03-06T11:37:14.168380,115.44,0.0,8.01,16.38,0.0,0.0,0.0,150.18,5.9,0.347,0.348,STRAIGHT,1.5,1.5,"CMD,0.3,1.50",4.0,0.0084,2.329,0.023,1,0.9896,0,NORMAL,54.611,0.628,1,1,1,1,1,116.4,103,2,dijkstra,graph,0.41874,0,,,,,,0,,,,204584,125404,1852
833,146.84957814216614,2026-03-06T11:37:14.338148,104.95,0.0,8.01,18.08,0.0,0.0,0.0,149.45,5.91,0.352,0.348,STRAIGHT,1.5,1.5,"CMD,0.3,1.50",4.0,0.0088,2.283,0.023,1,0.9858,0,NORMAL,55.133,0.596,1,1,1,1,1,114.2,95,2,dijkstra,graph,0.4113,0,,,,,,0,,,,204162,123182,1815
834,147.01895928382874,2026-03-06T11:37:14.507529,108.41,0.0,8.01,18.03,0.0,0.0,2.0,154.18,5.9,0.355,0.352,STRAIGHT,1.5,1.5,"CMD,0.4,1.50",4.0,0.0088,2.283,0.023,1,0.98,0,NORMAL,53.411,0.431,1,1,1,1,1,114.2,96,2,dijkstra,graph,0.41395,0,,,,,,0,,,,204828,124110,1839
835,147.1805181503296,2026-03-06T11:37:14.669088,102.99,0.0,6.01,16.5,2.0,0.0,0.0,145.54,5.91,0.357,0.355,STRAIGHT,1.5,1.5,"CMD,0.4,1.50",4.0,0.0088,2.283,0.023,1,0.9776,0,NORMAL,53.777,0.426,1,1,1,1,1,114.2,99,2,dijkstra,graph,0.39713,0,,,,,,0,,,,201680,118957,1824
836,147.34880185127258,2026-03-06T11:37:14.837372,109.88,0.0,6.01,18.02,0.0,0.0,0.0,152.52,5.91,0.364,0.357,STRAIGHT,1.5,1.5,"CMD,0.4,1.50",4.0,0.0091,2.237,0.023,1,0.9903,0,NORMAL,54.24,0.39,1,1,1,1,1,111.9,98,2,dijkstra,graph,0.39366,0,,,,,,0,,,,200746,117875,1850
837,147.50597429275513,2026-03-06T11:37:14.994544,106.9,0.0,6.01,10.02,0.0,0.0,0.0,139.15,5.92,0.368,0.364,STRAIGHT,1.5,1.5,"CMD,0.4,1.50",4.0,0.0091,2.237,0.023,1,0.9881,0,NORMAL,54.439,0.443,1,1,1,1,1,111.9,95,2,dijkstra,graph,0.39269,0,,,,,,0,,,,199277,117564,1820
838,147.68158745765686,2026-03-06T11:37:15.170157,103.43,0.0,8.12,21.91,2.0,0.0,0.0,151.68,5.92,0.371,0.368,STRAIGHT,1.5,1.5,"CMD,0.4,1.50",4.0,0.0091,2.237,0.023,1,0.9849,0,NORMAL,54.658,0.458,1,1,1,1,1,111.9,90,2,dijkstra,graph,0.39293,0,,,,,,0,,,,200555,117416,1761
839,147.84940838813782,2026-03-06T11:37:15.337978,106.62,0.0,4.28,18.06,2.0,0.0,0.0,151.8,5.93,0.368,0.368,STRAIGHT,1.5,1.5,"CMD,0.4,1.50",4.0,0.0088,2.283,0.023,1,0.9859,0,NORMAL,54.866,0.572,1,1,1,1,1,114.2,89,2,dijkstra,graph,0.39783,0,,,,,,0,,,,200848,119115,1839
840,148.02093625068665,2026-03-06T11:37:15.509506,106.54,0.0,10.19,20.76,0.0,0.0,0.0,153.51,5.92,0.371,0.371,STRAIGHT,1.5,1.5,"CMD,0.4,1.50",4.0,0.0091,2.237,0.023,1,0.9741,0,NORMAL,55.807,0.482,1,1,1,1,1,111.9,97,3,dijkstra,graph,0.38564,0,,,,,,0,,,,199353,115444,1829
841,148.18842029571533,2026-03-06T11:37:15.676990,109.55,0.0,7.87,16.02,0.0,0.0,0.0,149.46,5.93,0.372,0.371,STRAIGHT,1.5,1.5,"CMD,0.4,1.50",4.0,0.0091,2.237,0.023,1,0.9816,0,NORMAL,55.36,0.505,1,1,1,1,1,111.9,97,3,dijkstra,graph,0.39415,0,,,,,,0,,,,202401,117968,2002
842,148.35326766967773,2026-03-06T11:37:15.841838,105.83,0.0,6.01,18.34,0.0,0.0,0.0,146.83,5.94,0.374,0.372,STRAIGHT,1.5,1.5,"CMD,0.4,1.50",4.0,0.0091,2.237,0.023,1,0.9801,0,NORMAL,55.394,0.584,1,1,1,1,1,111.9,94,2,dijkstra,graph,0.39302,0,,,,,,0,,,,201241,117637,1801
843,148.52914953231812,2026-03-06T11:37:16.017720,113.08,0.0,8.19,15.84,0.0,0.0,0.0,153.13,5.92,0.375,0.374,STRAIGHT,1.5,1.5,"CMD,0.4,1.50",4.0,0.0091,2.237,0.023,1,0.9732,0,NORMAL,56.008,0.578,1,1,1,1,1,111.9,86,3,dijkstra,graph,0.37913,0,,,,,,0,,,,196963,113494,1787
844,148.69406580924988,2026-03-06T11:37:16.182636,106.81,0.0,8.01,14.02,2.0,0.0,0.0,148.9,5.93,0.375,0.375,STRAIGHT,1.5,1.5,"CMD,0.4,1.50",4.0,0.0091,2.237,0.023,1,0.9874,0,NORMAL,56.227,0.562,1,1,1,1,1,111.9,79,3,dijkstra,graph,0.37808,0,,,,,,0,,,,196335,113146,1847
845,148.86529111862183,2026-03-06T11:37:16.353861,107.68,0.0,8.01,18.02,0.0,0.0,0.0,159.21,5.93,0.376,0.375,STRAIGHT,1.5,1.5,"CMD,0.4,1.50",4.0,0.0091,2.237,0.023,1,0.984,0,NORMAL,56.768,0.595,1,1,1,1,1,111.9,98,2,dijkstra,graph,0.37988,0,,,,,,0,,,,197233,113784,1785
846,149.03043341636658,2026-03-06T11:37:16.519003,106.23,0.0,8.01,16.39,0.0,0.0,0.0,147.12,5.93,0.376,0.376,STRAIGHT,1.5,1.5,"CMD,0.4,1.50",4.0,0.0091,2.237,0.023,1,0.9911,0,NORMAL,56.96,0.597,1,1,1,1,1,111.9,90,2,dijkstra,graph,0.37789,0,,,,,,0,,,,197594,113121,1722
847,149.19025349617004,2026-03-06T11:37:16.678823,98.19,0.0,8.0,20.52,0.0,0.0,0.0,143.8,5.94,0.376,0.376,STRAIGHT,1.5,1.5,"CMD,0.4,1.50",4.0,0.0091,2.237,0.023,1,0.9887,0,NORMAL,57.634,0.636,1,1,1,1,1,111.9,90,2,dijkstra,graph,0.38083,0,,,,,,0,,,,198935,114012,1753
848,149.37151169776917,2026-03-06T11:37:16.860082,108.61,0.0,6.01,28.43,0.0,0.0,0.0,160.49,5.91,0.381,0.376,STRAIGHT,1.5,1.5,"CMD,0.4,1.50",4.0,0.0095,2.192,0.023,1,0.9854,0,NORMAL,58.092,0.785,1,1,1,1,1,109.6,194,2,dijkstra,graph,0.37868,0,,,,,,0,,,,197779,113277,2353
849,149.55582332611084,2026-03-06T11:37:17.044393,112.56,0.0,7.75,28.11,0.0,0.0,0.0,166.4,5.9,0.38,0.38,STRAIGHT,1.5,1.5,"CMD,0.4,1.50",4.0,0.0091,2.237,0.023,1,0.9901,0,NORMAL,57.502,0.78,1,1,1,1,1,111.9,191,2,dijkstra,graph,0.38264,0,,,,,,0,,,,199462,114553,2369
850,149.73792576789856,2026-03-06T11:37:17.226496,109.55,0.0,8.01,28.03,2.0,0.0,0.0,163.99,5.88,0.379,0.38,STRAIGHT,1.5,1.5,"CMD,0.4,1.50",4.0,0.0091,2.237,0.023,1,0.9864,0,NORMAL,57.735,0.907,1,1,1,1,1,111.9,181,2,dijkstra,graph,0.38498,0,,,,,,0,,,,198884,115151,2310
851,149.91673159599304,2026-03-06T11:37:17.405302,109.49,0.0,6.01,30.04,0.0,0.0,0.0,162.79,5.88,0.383,0.38,STRAIGHT,1.5,1.5,"CMD,0.4,1.50",4.0,0.0095,2.192,0.023,1,0.9886,0,NORMAL,58.16,0.882,1,1,1,1,1,109.6,184,2,dijkstra,graph,0.37907,0,,,,,,0,,,,198417,113579,2369
852,150.10113954544067,2026-03-06T11:37:17.589710,114.32,0.0,8.01,24.03,2.0,0.0,0.0,166.39,5.85,0.381,0.381,STRAIGHT,1.5,1.5,"CMD,0.4,1.50",4.0,0.0091,2.237,0.023,1,0.986,0,NORMAL,57.974,0.968,1,1,1,1,1,111.9,176,3,dijkstra,graph,0.38347,0,,,,,,0,,,,200949,114727,2300
853,150.27644658088684,2026-03-06T11:37:17.765017,104.26,0.0,10.29,24.28,2.0,0.0,0.0,159.29,5.85,0.385,0.383,STRAIGHT,1.5,1.5,"CMD,0.4,1.50",4.0,0.0095,2.192,0.023,1,0.9849,0,NORMAL,58.833,0.968,1,1,1,1,1,109.6,177,3,dijkstra,graph,0.37913,0,,,,,,0,,,,199475,113317,2352
854,150.43871402740479,2026-03-06T11:37:17.927284,106.29,0.0,6.01,16.3,0.0,0.0,0.0,146.25,5.86,0.387,0.385,STRAIGHT,1.5,1.5,"CMD,0.4,1.50",4.0,0.0095,2.192,0.023,1,0.9898,0,NORMAL,58.929,0.97,1,1,1,1,1,109.6,96,3,dijkstra,graph,0.37556,0,,,,,,0,,,,198001,112434,1801
855,150.61455917358398,2026-03-06T11:37:18.103129,108.24,0.0,7.75,24.38,0.0,0.0,0.0,165.35,5.85,0.389,0.387,STRAIGHT,1.5,1.5,"CMD,0.4,1.50",4.0,0.0095,2.192,0.023,1,0.9868,0,NORMAL,59.217,0.964,1,1,1,1,1,109.6,160,3,dijkstra,graph,0.37424,0,,,,,,0,,,,196494,111906,2224
856,150.78738117218018,2026-03-06T11:37:18.275951,107.28,0.0,6.01,21.77,2.0,0.0,0.0,154.8,5.85,0.39,0.389,STRAIGHT,1.5,1.5,"CMD,0.4,1.50",4.0,0.0095,2.192,0.023,1,0.9833,0,NORMAL,59.787,0.944,1,1,1,1,1,109.6,159,4,dijkstra,graph,0.36717,0,,,,,,0,,,,195429,109881,2168
857,150.96487021446228,2026-03-06T11:37:18.453440,102.36,0.0,10.14,28.43,2.0,0.0,0.0,159.47,5.84,0.391,0.39,STRAIGHT,1.5,1.5,"CMD,0.4,1.50",4.0,0.0095,2.192,0.023,1,0.988,0,NORMAL,60.219,0.912,1,1,1,1,1,109.6,150,4,dijkstra,graph,0.36242,0,,,,,,0,,,,194617,108468,2182
858,151.14136362075806,2026-03-06T11:37:18.629934,108.14,0.0,10.38,23.93,0.0,0.0,0.0,156.47,5.84,0.391,0.391,STRAIGHT,1.5,1.5,"CMD,0.4,1.50",4.0,0.0095,2.192,0.023,1,0.9647,0,NORMAL,56.15,0.928,1,1,1,1,1,109.6,154,5,dijkstra,graph,0.38483,0,,,,,,0,,,,201173,115134,2306
859,151.31416749954224,2026-03-06T11:37:18.802738,110.38,0.0,7.58,21.92,0.0,0.0,0.0,156.79,5.83,0.391,0.391,STRAIGHT,1.5,1.5,"CMD,0.4,1.50",4.0,0.0095,2.192,0.023,1,0.9786,0,NORMAL,56.632,0.847,1,1,1,1,1,109.6,134,5,dijkstra,graph,0.37707,0,,,,,,0,,,,197700,112841,2158
860,151.48163056373596,2026-03-06T11:37:18.970201,102.85,0.0,0.0,22.27,0.0,0.0,0.0,151.44,5.84,0.397,0.391,STRAIGHT,1.5,1.5,"CMD,0.4,1.50",4.0,0.0099,2.146,0.023,1,0.9829,0,NORMAL,57.31,0.8,1,1,1,1,1,107.3,150,4,dijkstra,graph,0.37207,0,,,,,,0,,,,196018,111421,2376
861,151.6518268585205,2026-03-06T11:37:19.140397,109.15,0.0,6.01,20.03,0.0,0.0,0.0,154.18,5.83,0.395,0.395,STRAIGHT,1.5,1.5,"CMD,0.4,1.50",4.0,0.0095,2.192,0.023,1,0.9879,0,NORMAL,57.736,0.847,1,1,1,1,1,109.6,150,6,dijkstra,graph,0.37132,0,,,,,,0,,,,194751,111143,2453
862,151.815083026886,2026-03-06T11:37:19.303653,104.67,0.0,6.01,16.31,0.0,0.0,0.0,152.94,5.84,0.4,0.397,STRAIGHT,1.5,1.5,"CMD,0.4,1.50",4.0,0.0099,2.146,0.023,1,0.9836,0,NORMAL,57.411,0.861,1,1,1,1,1,107.3,129,4,dijkstra,graph,0.36457,0,,,,,,0,,,,194501,109055,2182
863,151.99952793121338,2026-03-06T11:37:19.488098,103.3,0.0,12.36,28.29,0.0,0.0,0.0,161.98,5.82,0.403,0.4,STRAIGHT,1.5,1.5,"CMD,0.4,1.50",4.0,0.0099,2.146,0.023,1,0.9852,0,NORMAL,56.563,0.873,1,1,1,1,1,107.3,197,5,dijkstra,graph,0.37324,0,,,,,,0,,,,196574,111749,2754
864,152.18434143066406,2026-03-06T11:37:19.672911,106.13,0.0,8.24,38.4,0.0,0.0,0.0,166.79,5.8,0.405,0.403,STRAIGHT,1.5,1.5,"CMD,0.4,1.50",4.0,0.0099,2.146,0.023,1,0.9818,0,NORMAL,57.228,0.855,1,1,1,1,1,107.3,212,5,dijkstra,graph,0.37512,0,,,,,,0,,,,196490,112450,3144
865,152.35903334617615,2026-03-06T11:37:19.847603,99.47,0.0,8.4,23.5,0.0,0.0,0.0,156.67,5.79,0.412,0.405,STRAIGHT,1.5,1.5,"CMD,0.4,1.50",4.0,0.0104,2.1,0.023,1,0.9833,0,NORMAL,57.537,0.807,1,1,1,1,1,105.0,196,7,dijkstra,graph,0.36694,0,,,,,,0,,,,194527,109833,2951
866,152.53834867477417,2026-03-06T11:37:20.026919,106.28,0.0,6.01,28.04,0.0,0.0,2.0,158.72,5.76,0.417,0.412,STRAIGHT,1.5,1.5,"CMD,0.4,1.50",4.0,0.0104,2.1,0.023,1,0.9845,0,NORMAL,56.499,0.846,1,1,1,1,1,105.0,192,7,dijkstra,graph,0.36421,0,,,,,,0,,,,193492,109113,2814
867,152.70789861679077,2026-03-06T11:37:20.196469,110.03,0.0,1.5,26.07,0.0,0.0,0.0,151.62,5.77,0.427,0.417,STRAIGHT,1.5,1.5,"CMD,0.4,1.50",4.0,0.0108,2.055,0.023,1,0.9662,0,NORMAL,57.992,0.692,1,1,1,1,1,102.7,117,5,dijkstra,graph,0.35903,0,,,,,,0,,,,193160,107488,2291
868,152.87884831428528,2026-03-06T11:37:20.367418,112.64,0.0,6.01,20.03,0.0,0.0,0.0,154.93,5.77,0.433,0.427,STRAIGHT,1.5,1.5,"CMD,0.4,1.50",4.0,0.0108,2.055,0.023,1,0.9883,0,NORMAL,58.304,0.641,1,1,1,1,1,102.7,105,7,dijkstra,graph,0.35612,0,,,,,,0,,,,192584,106579,2236
869,153.048184633255,2026-03-06T11:37:20.536755,100.54,0.0,12.36,18.03,0.0,0.0,2.0,149.31,5.77,0.444,0.433,STRAIGHT,1.5,1.5,"CMD,0.4,1.50",4.0,0.0113,2.009,0.023,1,0.9668,0,NORMAL,59.208,0.6,1,1,1,1,1,100.5,107,5,dijkstra,graph,0.35979,0,,,,,,0,,,,194717,107652,2389
870,153.21914148330688,2026-03-06T11:37:20.707712,106.23,0.0,10.37,18.03,2.0,0.0,0.0,152.94,5.76,0.452,0.444,STRAIGHT,1.5,1.5,"CMD,0.4,1.50",4.0,0.0113,2.009,0.023,1,0.9818,0,NORMAL,59.378,0.556,1,1,1,1,1,100.5,109,4,dijkstra,graph,0.35736,0,,,,,,0,,,,193277,106970,2404
871,153.39201736450195,2026-03-06T11:37:20.880587,101.13,0.0,6.34,32.9,0.0,0.0,0.0,156.14,5.76,0.457,0.452,STRAIGHT,1.5,1.5,"CMD,0.5,1.50",4.0,0.0113,2.009,0.023,1,0.9654,0,NORMAL,58.267,0.717,1,1,1,1,1,100.5,181,9,dijkstra,graph,0.37097,0,,,,,,0,,,,199599,111173,2899
872,153.57684659957886,2026-03-06T11:37:21.065417,116.61,0.0,6.01,25.14,2.0,0.0,0.0,176.82,5.75,0.453,0.453,STRAIGHT,1.5,1.5,"CMD,0.5,1.50",4.0,0.0108,2.055,0.023,1,0.9591,0,NORMAL,58.345,0.801,1,1,1,1,1,102.7,177,8,dijkstra,graph,0.37779,0,,,,,,0,,,,204685,113247,2920
873,153.75398421287537,2026-03-06T11:37:21.242554,111.32,0.0,8.01,24.03,0.0,0.0,0.0,161.35,5.73,0.458,0.457,STRAIGHT,1.5,1.5,"CMD,0.5,1.50",4.0,0.0113,2.009,0.023,1,0.9575,0,NORMAL,58.998,0.734,1,1,1,1,1,100.5,158,9,dijkstra,graph,0.37384,0,,,,,,0,,,,207357,112135,2838
874,153.9368622303009,2026-03-06T11:37:21.425432,111.64,0.0,8.01,26.03,0.0,0.0,2.0,166.86,5.72,0.461,0.458,STRAIGHT,1.5,1.5,"CMD,0.5,1.50",4.0,0.0113,2.009,0.023,1,0.9792,0,NORMAL,58.447,0.674,1,1,1,1,1,100.5,159,7,dijkstra,graph,0.37128,0,,,,,,0,,,,206279,111329,2862
875,154.1198868751526,2026-03-06T11:37:21.608457,111.66,0.0,4.0,29.83,2.0,0.0,0.0,165.0,5.7,0.463,0.461,STRAIGHT,1.5,1.5,"CMD,0.5,1.50",4.0,0.0113,2.009,0.023,1,0.9502,0,NORMAL,58.188,0.839,1,1,1,1,1,100.5,162,7,dijkstra,graph,0.37924,0,,,,,,0,,,,214099,113675,2923
876,154.29996609687805,2026-03-06T11:37:21.788536,116.63,0.0,6.01,22.03,0.0,0.0,0.0,164.06,5.68,0.471,0.463,STRAIGHT,1.5,1.5,"CMD,0.5,1.50",4.0,0.0118,1.963,0.023,1,0.9701,0,NORMAL,59.185,0.752,1,1,1,1,1,98.2,122,6,dijkstra,graph,0.36514,0,,,,,,0,,,,208133,109539,2710
877,154.4810450077057,2026-03-06T11:37:21.969615,110.07,0.0,6.01,22.47,2.0,0.0,0.0,159.54,5.68,0.477,0.471,STRAIGHT,1.5,1.5,"CMD,0.5,1.50",4.0,0.0118,1.963,0.023,1,0.9644,0,NORMAL,60.455,0.718,1,1,1,1,1,98.2,118,9,dijkstra,graph,0.36231,0,,,,,,0,,,,207087,108630,2689
878,154.64269042015076,2026-03-06T11:37:22.131261,108.71,0.0,0.0,10.02,0.0,0.0,0.0,146.28,5.7,0.481,0.477,STRAIGHT,1.5,1.5,"CMD,0.5,1.50",4.0,0.0118,1.963,0.023,1,0.9508,0,NORMAL,61.018,0.626,1,1,1,1,1,98.2,77,7,dijkstra,graph,0.34512,0,,,,,,0,,,,197208,103414,2393
879,154.81863117218018,2026-03-06T11:37:22.307201,108.89,0.0,10.16,16.02,2.0,0.0,0.0,155.22,5.71,0.484,0.481,STRAIGHT,1.5,1.5,"CMD,0.5,1.50",4.0,0.0118,1.963,0.023,1,0.9694,0,NORMAL,61.33,0.618,1,1,1,1,1,98.2,79,9,dijkstra,graph,0.34337,0,,,,,,0,,,,198048,102919,2442
880,154.9864625930786,2026-03-06T11:37:22.475033,110.51,0.0,5.51,13.73,2.0,0.0,0.0,149.81,5.72,0.485,0.484,STRAIGHT,1.5,1.5,"CMD,0.5,1.50",4.0,0.0118,1.963,0.023,1,0.9375,0,NORMAL,61.212,0.667,1,1,1,1,1,98.2,82,7,dijkstra,graph,0.35519,0,,,,,,0,,,,207511,106425,2438
881,155.14775323867798,2026-03-06T11:37:22.636323,114.23,0.0,7.01,8.01,0.0,0.0,0.0,145.27,5.75,0.494,0.485,STRAIGHT,1.5,1.5,"CMD,0.5,1.50",4.0,0.0124,1.918,0.023,1,0.9524,0,NORMAL,62.492,0.6,1,1,1,1,1,95.9,77,5,dijkstra,graph,0.35099,0,,,,,,0,,,,207486,105142,2385
882,155.32881999015808,2026-03-06T11:37:22.817390,112.37,0.0,10.39,19.6,0.0,0.0,0.0,158.38,5.74,0.5,0.494,STRAIGHT,1.5,1.5,"CMD,0.5,1.50",4.0,0.0124,1.918,0.023,1,0.9707,0,NORMAL,62.654,0.609,1,1,1,1,1,95.9,79,5,dijkstra,graph,0.34628,0,,,,,,0,,,,204710,103721,2336
883,155.501282453537,2026-03-06T11:37:22.989852,114.18,0.0,8.01,14.02,0.0,0.0,0.0,154.44,5.73,0.504,0.5,STRAIGHT,1.5,1.5,"CMD,0.5,1.50",4.0,0.0124,1.918,0.023,1,0.986,0,NORMAL,62.524,0.602,1,1,1,1,1,95.9,83,5,dijkstra,graph,0.34419,0,,,,,,0,,,,203463,103135,2416
884,155.67076349258423,2026-03-06T11:37:23.159333,117.06,0.0,2.0,20.38,0.0,0.0,0.0,153.46,5.74,0.507,0.504,STRAIGHT,1.5,1.5,"CMD,0.5,1.50",4.0,0.0124,1.918,0.023,1,0.98,0,NORMAL,62.376,0.634,1,1,1,1,1,95.9,82,6,dijkstra,graph,0.34283,0,,,,,,0,,,,200446,102695,2356
885,155.84012126922607,2026-03-06T11:37:23.328691,108.67,0.0,10.29,18.37,0.0,0.0,0.0,153.34,5.74,0.517,0.507,STRAIGHT,1.5,1.5,"CMD,0.5,1.50",4.0,0.013,1.872,0.023,1,0.9761,0,NORMAL,63.169,0.634,1,1,1,1,1,93.6,87,5,dijkstra,graph,0.3344,0,,,,,,0,,,,196241,100173,2288
886,156.00409150123596,2026-03-06T11:37:23.492661,117.13,0.0,6.41,10.16,0.0,0.0,0.0,147.95,5.75,0.524,0.517,STRAIGHT,1.5,1.5,"CMD,0.5,1.50",4.0,0.013,1.872,0.023,1,0.9806,0,NORMAL,62.968,0.6,1,1,1,1,1,93.6,83,4,dijkstra,graph,0.33287,0,,,,,,0,,,,193667,99610,2335
887,156.18000411987305,2026-03-06T11:37:23.668574,111.25,0.0,5.75,14.24,0.0,0.0,3.01,151.54,5.76,0.528,0.524,STRAIGHT,1.5,1.5,"CMD,0.5,1.50",4.0,0.013,1.872,0.023,1,0.9685,0,NORMAL,63.864,0.605,1,1,1,1,1,93.6,83,6,dijkstra,graph,0.3264,0,,,,,,0,,,,188153,97614,2280
888,156.35276436805725,2026-03-06T11:37:23.841334,116.76,0.0,0.0,22.73,2.0,0.0,0.0,157.74,5.76,0.531,0.528,STRAIGHT,1.5,1.5,"CMD,0.5,1.50",4.0,0.013,1.872,0.023,1,0.9726,0,NORMAL,63.687,0.566,1,1,1,1,1,93.6,85,4,dijkstra,graph,0.32671,0,,,,,,0,,,,185835,97833,2240
889,156.52269840240479,2026-03-06T11:37:24.011268,109.33,0.0,8.21,22.01,0.0,0.0,0.0,153.92,5.75,0.533,0.531,STRAIGHT,1.5,1.5,"CMD,0.5,1.50",4.0,0.013,1.872,0.023,1,0.9772,0,NORMAL,63.309,0.519,1,1,1,1,1,93.6,80,3,dijkstra,graph,0.32366,0,,,,,,0,,,,183186,96731,2152
890,156.70076060295105,2026-03-06T11:37:24.189330,122.31,0.0,5.01,13.59,2.0,0.0,0.0,159.72,5.74,0.535,0.533,STRAIGHT,1.5,1.5,"CMD,0.5,1.50",4.0,0.013,1.872,0.023,1,0.9726,0,NORMAL,63.514,0.541,1,1,1,1,1,93.6,75,4,dijkstra,graph,0.31537,0,,,,,,0,,,,178835,94342,2144
891,156.87046146392822,2026-03-06T11:37:24.359031,116.02,0.0,8.01,12.02,0.0,0.0,0.0,153.68,5.74,0.545,0.535,STRAIGHT,1.5,1.5,"CMD,0.5,1.50",4.0,0.0137,1.826,0.023,1,0.9703,0,NORMAL,63.538,0.516,1,1,1,1,1,91.3,53,6,dijkstra,graph,0.31331,0,,,,,,0,,,,175360,93724,2142
892,157.04585480690002,2026-03-06T11:37:24.534425,117.43,0.0,6.01,16.03,0.0,0.0,0.0,163.38,5.75,0.551,0.545,STRAIGHT,1.5,1.5,"CMD,0.5,1.50",4.0,0.0137,1.826,0.023,1,0.9693,0,NORMAL,64.162,0.528,1,1,1,1,1,91.3,72,4,dijkstra,graph,0.30762,0,,,,,,0,,,,170857,91960,1986
893,157.22029185295105,2026-03-06T11:37:24.708862,116.14,0.0,6.01,14.09,0.0,0.0,2.0,156.29,5.76,0.556,0.551,STRAIGHT,1.5,1.5,"CMD,0.6,1.50",4.0,0.0137,1.826,0.023,1,0.97,0,NORMAL,64.126,0.509,1,1,1,1,1,91.3,59,4,dijkstra,graph,0.30014,0,,,,,,0,,,,167093,89767,2077
894,157.3852367401123,2026-03-06T11:37:24.873807,104.7,0.0,9.56,14.65,0.0,0.0,0.0,150.93,5.77,0.559,0.556,STRAIGHT,1.5,1.5,"CMD,0.6,1.50",4.0,0.0137,1.826,0.023,1,0.9706,0,NORMAL,64.37,0.462,1,1,1,1,1,91.3,83,3,dijkstra,graph,0.2969,0,,,,,,0,,,,163959,88855,2052
895,157.55233144760132,2026-03-06T11:37:25.040901,114.64,0.0,6.01,13.84,0.0,0.0,0.0,156.65,5.78,0.561,0.559,STRAIGHT,1.5,1.5,"CMD,0.6,1.50",4.0,0.0137,1.826,0.023,1,0.9525,0,NORMAL,64.326,0.513,1,1,1,1,1,91.3,76,3,dijkstra,graph,0.28946,0,,,,,,0,,,,157540,86666,1887
896,157.724347114563,2026-03-06T11:37:25.212917,113.07,0.0,12.29,16.02,0.0,0.0,0.0,155.99,5.78,0.562,0.561,STRAIGHT,1.5,1.5,"CMD,0.6,1.50",4.0,0.0137,1.826,0.023,1,0.9798,0,NORMAL,64.583,0.57,1,1,1,1,1,91.3,73,3,dijkstra,graph,0.28841,0,,,,,,0,,,,155829,86302,1924
897,157.89425420761108,2026-03-06T11:37:25.382824,114.65,0.0,6.01,12.45,2.0,0.0,0.0,153.89,5.78,0.573,0.562,STRAIGHT,1.5,1.5,"CMD,0.6,1.50",4.0,0.0144,1.781,0.023,1,0.9802,0,NORMAL,64.524,0.549,1,1,1,1,1,89.0,68,3,dijkstra,graph,0.28308,0,,,,,,0,,,,154172,84705,1793
898,158.0644497871399,2026-03-06T11:37:25.553020,114.6,0.0,6.01,10.18,5.36,0.0,0.0,154.17,5.78,0.58,0.573,STRAIGHT,1.5,1.5,"CMD,0.6,1.50",4.0,0.0144,1.781,0.023,1,0.9743,0,NORMAL,66.001,0.475,1,1,1,1,1,89.0,72,3,dijkstra,graph,0.2886,0,,,,,,0,,,,153776,86325,1791
899,158.23100304603577,2026-03-06T11:37:25.719573,112.6,0.0,6.01,12.88,1.5,0.0,0.0,151.35,5.79,0.584,0.58,STRAIGHT,1.5,1.5,"CMD,0.6,1.50",4.0,0.0144,1.781,0.023,1,0.9836,0,NORMAL,66.499,0.52,1,1,1,1,1,89.0,70,2,dijkstra,graph,0.28591,0,,,,,,0,,,,153159,85567,1574
900,158.39621710777283,2026-03-06T11:37:25.884787,112.78,0.0,6.01,11.52,0.0,0.0,0.0,149.19,5.8,0.588,0.584,STRAIGHT,1.5,1.5,"CMD,0.6,1.50",4.0,0.0144,1.781,0.023,1,0.973,0,NORMAL,66.089,0.49,1,1,1,1,1,89.0,55,2,dijkstra,graph,0.27407,0,,,,,,0,,,,150580,82007,1537
901,158.56941676139832,2026-03-06T11:37:26.057987,116.91,0.0,0.0,14.02,2.0,0.0,0.0,157.18,5.81,0.59,0.588,STRAIGHT,1.5,1.5,"CMD,0.6,1.50",4.0,0.0144,1.781,0.023,1,0.958,0,NORMAL,64.518,0.68,1,1,1,1,1,89.0,75,3,dijkstra,graph,0.29783,0,,,,,,0,,,,156924,88979,1650
902,158.73681735992432,2026-03-06T11:37:26.225387,107.48,0.0,4.01,19.86,2.0,0.0,0.0,149.37,5.82,0.581,0.588,STRAIGHT,1.5,1.5,"CMD,0.6,1.50",4.0,0.0137,1.826,0.023,1,0.9743,0,NORMAL,62.828,0.875,1,1,1,1,1,91.3,75,3,dijkstra,graph,0.30721,0,,,,,,0,,,,158712,91885,1708
903,158.90774393081665,2026-03-06T11:37:26.396314,114.95,0.0,6.01,13.92,0.0,0.0,0.0,152.9,5.83,0.576,0.581,STRAIGHT,1.5,1.5,"CMD,0.6,1.50",4.0,0.0137,1.826,0.023,1,0.9824,0,NORMAL,62.923,1.043,1,1,1,1,1,91.3,76,2,dijkstra,graph,0.30281,0,,,,,,0,,,,158294,90595,1590
904,159.07898211479187,2026-03-06T11:37:26.567552,108.48,0.0,10.47,19.55,2.0,0.0,0.0,163.23,5.85,0.572,0.576,STRAIGHT,1.5,1.5,"CMD,0.6,1.50",4.0,0.0137,1.826,0.023,1,0.9844,0,NORMAL,63.467,0.962,1,1,1,1,1,91.3,75,4,dijkstra,graph,0.2987,0,,,,,,0,,,,158208,89314,1764
905,159.24959206581116,2026-03-06T11:37:26.738162,112.74,0.0,5.51,6.01,10.4,0.0,0.0,152.59,5.86,0.579,0.576,STRAIGHT,1.5,1.5,"CMD,0.6,1.50",4.0,0.0144,1.781,0.023,1,0.986,0,NORMAL,63.63,0.909,1,1,1,1,1,89.0,73,3,dijkstra,graph,0.2981,0,,,,,,0,,,,157867,89149,1656
906,159.411851644516,2026-03-06T11:37:26.900422,109.41,0.0,10.23,7.29,0.0,0.0,0.0,152.17,5.88,0.584,0.579,STRAIGHT,1.5,1.5,"CMD,0.6,1.50",4.0,0.0144,1.781,0.023,1,0.9863,0,NORMAL,64.038,0.864,1,1,1,1,1,89.0,63,4,dijkstra,graph,0.29812,0,,,,,,0,,,,158707,89180,1685
907,159.5834436416626,2026-03-06T11:37:27.072014,117.25,0.0,6.01,8.01,0.0,0.0,0.0,147.37,5.87,0.578,0.579,STRAIGHT,1.5,1.5,"CMD,0.6,1.50",4.0,0.0137,1.826,0.023,1,0.9902,0,NORMAL,63.708,0.772,1,1,1,1,1,91.3,64,3,dijkstra,graph,0.29826,0,,,,,,0,,,,159372,89279,1637
908,159.7565314769745,2026-03-06T11:37:27.245101,112.96,0.0,6.01,12.02,2.0,0.0,0.0,150.58,5.87,0.573,0.578,STRAIGHT,1.5,1.5,"CMD,0.6,1.50",4.0,0.0137,1.826,0.023,1,0.9893,0,NORMAL,63.458,0.754,1,1,1,1,1,91.3,70,3,dijkstra,graph,0.29957,0,,,,,,0,,,,159314,89635,1689
909,159.92755389213562,2026-03-06T11:37:27.416124,113.39,0.0,5.51,13.76,2.0,0.0,0.0,157.0,5.87,0.571,0.573,STRAIGHT,1.5,1.5,"CMD,0.6,1.50",4.0,0.0137,1.826,0.023,1,0.9896,0,NORMAL,63.471,0.752,1,1,1,1,1,91.3,79,3,dijkstra,graph,0.29862,0,,,,,,0,,,,158791,89394,1708
910,160.10076117515564,2026-03-06T11:37:27.589331,116.85,0.0,9.29,15.03,2.0,0.0,0.0,159.19,5.86,0.578,0.573,STRAIGHT,1.5,1.5,"CMD,0.6,1.50",4.0,0.0144,1.781,0.023,1,0.9895,0,NORMAL,63.747,0.732,1,1,1,1,1,89.0,72,4,dijkstra,graph,0.29996,0,,,,,,0,,,,159026,89746,1837
911,160.27401304244995,2026-03-06T11:37:27.762583,117.72,0.0,10.1,13.8,2.0,0.0,0.0,157.72,5.86,0.574,0.574,STRAIGHT,1.5,1.5,"CMD,0.6,1.50",4.0,0.0137,1.826,0.023,1,0.9868,0,NORMAL,63.138,0.681,1,1,1,1,1,91.3,75,3,dijkstra,graph,0.30475,0,,,,,,0,,,,160614,91226,1740
912,160.44521760940552,2026-03-06T11:37:27.933788,114.9,0.0,8.39,15.65,0.0,0.0,0.0,155.19,5.86,0.571,0.574,STRAIGHT,1.5,1.5,"CMD,0.6,1.50",4.0,0.0137,1.826,0.023,1,0.9873,0,NORMAL,63.399,0.667,1,1,1,1,1,91.3,76,2,dijkstra,graph,0.30651,0,,,,,,0,,,,160251,91782,1636
913,160.6198124885559,2026-03-06T11:37:28.108382,118.09,0.0,8.01,15.07,0.0,0.0,1.0,158.57,5.86,0.56,0.571,STRAIGHT,1.5,1.5,"CMD,0.6,1.50",4.0,0.013,1.872,0.023,1,0.9625,0,NORMAL,62.594,0.783,1,1,1,1,1,93.6,71,3,dijkstra,graph,0.34099,0,,,,,,0,,,,165920,102066,1781
914,160.7864158153534,2026-03-06T11:37:28.274986,114.4,0.0,6.01,15.54,0.0,0.0,0.0,156.59,5.86,0.561,0.561,STRAIGHT,1.5,1.5,"CMD,0.6,1.50",4.0,0.0137,1.826,0.023,1,0.9743,0,NORMAL,63.467,0.518,1,1,1,1,1,91.3,57,2,dijkstra,graph,0.32756,0,,,,,,0,,,,163737,97972,1583
915,160.952574968338,2026-03-06T11:37:28.441145,106.48,0.0,14.9,11.84,0.0,0.0,0.0,150.14,5.86,0.563,0.561,STRAIGHT,1.5,1.5,"CMD,0.6,1.50",4.0,0.0137,1.826,0.023,1,0.9676,0,NORMAL,63.161,0.423,1,1,1,1,1,91.3,68,3,dijkstra,graph,0.30475,0,,,,,,0,,,,159255,91157,1707
916,161.12235760688782,2026-03-06T11:37:28.610928,115.26,0.0,5.75,14.02,0.0,0.0,0.0,151.28,5.87,0.563,0.563,STRAIGHT,1.5,1.5,"CMD,0.6,1.50",4.0,0.0137,1.826,0.023,1,0.9812,0,NORMAL,62.541,0.459,1,1,1,1,1,91.3,65,4,dijkstra,graph,0.31006,0,,,,,,0,,,,160534,92762,1813
917,161.2985987663269,2026-03-06T11:37:28.787169,120.93,0.0,6.01,12.51,2.0,0.0,0.0,159.93,5.86,0.555,0.563,STRAIGHT,1.5,1.5,"CMD,0.6,1.50",4.0,0.013,1.872,0.023,1,0.9834,0,NORMAL,62.551,0.451,1,1,1,1,1,93.6,75,3,dijkstra,graph,0.31333,0,,,,,,0,,,,161854,93804,1787
918,161.4729723930359,2026-03-06T11:37:28.961542,117.89,0.0,6.01,12.35,2.0,0.0,0.0,158.62,5.86,0.549,0.555,STRAIGHT,1.5,1.5,"CMD,0.6,1.50",4.0,0.013,1.872,0.023,1,0.9747,0,NORMAL,62.412,0.473,1,1,1,1,1,93.6,75,2,dijkstra,graph,0.30446,0,,,,,,0,,,,159680,91151,1693
919,161.6424527168274,2026-03-06T11:37:29.131023,113.23,0.0,6.01,14.37,0.0,0.0,0.0,149.72,5.87,0.545,0.549,STRAIGHT,1.5,1.5,"CMD,0.5,1.50",4.0,0.013,1.872,0.023,1,0.9734,0,NORMAL,63.198,0.475,1,1,1,1,1,93.6,65,3,dijkstra,graph,0.31579,0,,,,,,0,,,,161935,94491,1779
920,161.81169366836548,2026-03-06T11:37:29.300264,113.19,0.0,0.0,12.02,2.0,0.0,0.0,151.48,5.87,0.543,0.545,STRAIGHT,1.5,1.5,"CMD,0.5,1.50",4.0,0.013,1.872,0.023,1,0.9775,0,NORMAL,63.223,0.445,1,1,1,1,1,93.6,70,2,dijkstra,graph,0.3106,0,,,,,,0,,,,160953,92833,1651
921,161.98750233650208,2026-03-06T11:37:29.476072,121.54,0.0,8.01,14.13,2.0,0.0,0.0,159.54,5.87,0.541,0.543,STRAIGHT,1.5,1.5,"CMD,0.5,1.50",4.0,0.013,1.872,0.023,1,0.972,0,NORMAL,62.953,0.415,1,1,1,1,1,93.6,79,3,dijkstra,graph,0.32256,0,,,,,,0,,,,164748,96590,1875
922,162.15745854377747,2026-03-06T11:37:29.646029,112.3,0.0,11.58,13.24,0.0,0.0,0.0,153.41,5.87,0.54,0.541,STRAIGHT,1.5,1.5,"CMD,0.5,1.50",4.0,0.013,1.872,0.023,1,0.9862,0,NORMAL,62.883,0.463,1,1,1,1,1,93.6,72,3,dijkstra,graph,0.32145,0,,,,,,0,,,,165520,96298,1798
923,162.3303873538971,2026-03-06T11:37:29.818957,111.48,0.0,10.2,14.02,2.0,0.0,0.0,153.9,5.86,0.539,0.54,STRAIGHT,1.5,1.5,"CMD,0.5,1.50",4.0,0.013,1.872,0.023,1,0.9882,0,NORMAL,63.313,0.433,1,1,1,1,1,93.6,77,3,dijkstra,graph,0.31731,0,,,,,,0,,,,164542,95019,1863
924,162.50289297103882,2026-03-06T11:37:29.991463,116.16,0.0,6.01,15.8,1.92,0.0,0.0,160.49,5.86,0.53,0.539,STRAIGHT,1.5,1.5,"CMD,0.5,1.50",4.0,0.0124,1.918,0.023,1,0.9843,0,NORMAL,63.677,0.49,1,1,1,1,1,95.9,85,3,dijkstra,graph,0.33035,0,,,,,,0,,,,166940,99074,1828
925,162.6739821434021,2026-03-06T11:37:30.162552,116.51,0.0,7.75,12.19,2.0,0.0,0.0,160.76,5.86,0.524,0.53,STRAIGHT,1.5,1.5,"CMD,0.5,1.50",4.0,0.0124,1.918,0.023,1,0.9883,0,NORMAL,63.469,0.488,1,1,1,1,1,95.9,75,3,dijkstra,graph,0.33535,0,,,,,,0,,,,168634,100347,1796
926,162.8499186038971,2026-03-06T11:37:30.338489,115.05,0.0,6.01,14.39,2.0,0.0,0.0,155.18,5.85,0.52,0.524,STRAIGHT,1.5,1.5,"CMD,0.5,1.50",4.0,0.0124,1.918,0.023,1,0.9867,0,NORMAL,62.824,0.464,1,1,1,1,1,95.9,82,3,dijkstra,graph,0.33529,0,,,,,,0,,,,169828,100433,1911
927,163.01731848716736,2026-03-06T11:37:30.505889,114.79,0.0,10.46,10.1,0.0,0.0,0.0,151.38,5.86,0.51,0.52,STRAIGHT,1.5,1.5,"CMD,0.5,1.50",4.0,0.0118,1.963,0.023,1,0.9781,0,NORMAL,62.383,0.651,1,1,1,1,1,98.2,62,2,dijkstra,graph,0.34787,0,,,,,,0,,,,171050,104137,1628
928,163.19635438919067,2026-03-06T11:37:30.684924,114.81,0.0,8.01,14.02,0.0,0.0,0.0,154.87,5.84,0.503,0.51,STRAIGHT,1.5,1.5,"CMD,0.5,1.50",4.0,0.0118,1.963,0.023,1,0.9791,0,NORMAL,62.157,0.705,1,1,1,1,1,98.2,77,3,dijkstra,graph,0.35917,0,,,,,,0,,,,174570,107597,1824
929,163.35874962806702,2026-03-06T11:37:30.847320,114.15,0.0,8.01,8.01,0.0,0.0,0.0,146.54,5.84,0.498,0.503,STRAIGHT,1.5,1.5,"CMD,0.5,1.50",4.0,0.0118,1.963,0.023,1,0.9785,0,NORMAL,63.658,0.661,1,1,1,1,1,98.2,74,3,dijkstra,graph,0.34917,0,,,,,,0,,,,171176,104595,1970
930,163.537987947464,2026-03-06T11:37:31.026558,115.55,0.0,5.51,13.43,2.62,0.0,0.0,158.83,5.84,0.495,0.498,STRAIGHT,1.5,1.5,"CMD,0.5,1.50",4.0,0.0118,1.963,0.023,1,0.9805,0,NORMAL,64.126,0.693,1,1,1,1,1,98.2,82,3,dijkstra,graph,0.34124,0,,,,,,0,,,,169483,102230,1790
931,163.70053052902222,2026-03-06T11:37:31.189101,112.56,0.0,7.73,8.05,0.0,0.0,0.0,146.47,5.84,0.493,0.495,STRAIGHT,1.5,1.5,"CMD,0.5,1.50",4.0,0.0118,1.963,0.023,1,0.9887,0,NORMAL,64.014,0.673,1,1,1,1,1,98.2,84,3,dijkstra,graph,0.34091,0,,,,,,0,,,,170080,102061,1807
932,163.87916588783264,2026-03-06T11:37:31.367736,114.05,0.0,8.01,13.29,2.0,0.0,0.0,158.43,5.83,0.492,0.493,STRAIGHT,1.5,1.5,"CMD,0.5,1.50",4.0,0.0118,1.963,0.023,1,0.9838,0,NORMAL,64.694,0.7,1,1,1,1,1,98.2,79,3,dijkstra,graph,0.35072,0,,,,,,0,,,,171672,105025,1865
933,164.05231285095215,2026-03-06T11:37:31.540883,113.07,0.0,12.28,14.02,2.73,0.0,0.0,158.13,5.83,0.491,0.492,STRAIGHT,1.5,1.5,"CMD,0.5,1.50",4.0,0.0118,1.963,0.023,1,0.9891,0,NORMAL,64.779,0.707,1,1,1,1,1,98.2,83,2,dijkstra,graph,0.34775,0,,,,,,0,,,,171784,104123,1694
934,164.2238872051239,2026-03-06T11:37:31.712457,110.74,0.0,0.0,16.03,0.0,0.0,0.0,153.81,5.83,0.49,0.491,STRAIGHT,1.5,1.5,"CMD,0.5,1.50",4.0,0.0118,1.963,0.023,1,0.9901,0,NORMAL,65.063,0.729,1,1,1,1,1,98.2,78,3,dijkstra,graph,0.3474,0,,,,,,0,,,,171423,104069,1879
935,164.39887738227844,2026-03-06T11:37:31.887447,118.88,0.0,7.75,13.87,0.0,0.0,0.0,162.97,5.82,0.482,0.49,STRAIGHT,1.5,1.5,"CMD,0.5,1.50",4.0,0.0113,2.009,0.023,1,0.9861,0,NORMAL,65.241,0.737,1,1,1,1,1,100.5,77,2,dijkstra,graph,0.34548,0,,,,,,0,,,,170198,103429,1662
936,164.5717318058014,2026-03-06T11:37:32.060302,114.6,0.0,7.02,15.02,0.0,0.0,0.0,164.84,5.81,0.484,0.484,STRAIGHT,1.5,1.5,"CMD,0.5,1.50",4.0,0.0118,1.963,0.023,1,0.9856,0,NORMAL,66.093,0.688,1,1,1,1,1,98.2,82,3,dijkstra,graph,0.34777,0,,,,,,0,,,,171605,104108,1729
937,164.7420814037323,2026-03-06T11:37:32.230651,114.35,0.0,7.51,14.02,2.0,0.0,0.0,154.17,5.82,0.486,0.484,STRAIGHT,1.5,1.5,"CMD,0.5,1.50",4.0,0.0118,1.963,0.023,1,0.9814,0,NORMAL,65.939,0.697,1,1,1,1,1,98.2,78,4,dijkstra,graph,0.36401,0,,,,,,0,,,,174549,108905,2002
938,164.90828466415405,2026-03-06T11:37:32.396855,112.53,0.0,6.01,15.63,0.0,0.0,0.0,150.18,5.82,0.487,0.486,STRAIGHT,1.5,1.5,"CMD,0.5,1.50",4.0,0.0118,1.963,0.023,1,0.9856,0,NORMAL,66.949,0.722,1,1,1,1,1,98.2,80,2,dijkstra,graph,0.35888,0,,,,,,0,,,,173029,107587,1800
939,165.0795602798462,2026-03-06T11:37:32.568130,115.35,0.0,8.01,14.02,2.0,0.0,0.0,155.26,5.82,0.487,0.487,STRAIGHT,1.5,1.5,"CMD,0.5,1.50",4.0,0.0118,1.963,0.023,1,0.9806,0,NORMAL,67.896,0.668,1,1,1,1,1,98.2,79,3,dijkstra,graph,0.34568,0,,,,,,0,,,,170065,103505,1776
940,165.2423939704895,2026-03-06T11:37:32.730964,114.17,0.0,6.01,10.2,0.0,0.0,0.0,146.39,5.84,0.481,0.487,STRAIGHT,1.5,1.5,"CMD,0.5,1.50",4.0,0.0113,2.009,0.023,1,0.986,0,NORMAL,67.376,0.694,1,1,1,1,1,100.5,82,2,dijkstra,graph,0.35163,0,,,,,,0,,,,172281,105271,1727
941,165.41537523269653,2026-03-06T11:37:32.903945,115.72,0.0,7.51,10.02,0.0,0.0,0.0,150.71,5.83,0.476,0.481,STRAIGHT,1.5,1.5,"CMD,0.5,1.50",4.0,0.0113,2.009,0.023,1,0.9898,0,NORMAL,68.732,0.642,1,1,1,1,1,100.5,82,3,dijkstra,graph,0.34952,0,,,,,,0,,,,171757,104596,1797
942,165.587482213974,2026-03-06T11:37:33.076052,107.5,0.0,8.01,16.02,0.0,0.0,0.0,153.92,5.84,0.473,0.476,STRAIGHT,1.5,1.5,"CMD,0.5,1.50",4.0,0.0113,2.009,0.023,1,0.9646,0,NORMAL,68.771,0.639,1,1,1,1,1,100.5,96,2,dijkstra,graph,0.36833,0,,,,,,0,,,,177601,110205,1823
943,165.75716543197632,2026-03-06T11:37:33.245735,106.78,0.0,10.16,18.95,0.0,0.0,1.74,153.66,5.83,0.471,0.473,STRAIGHT,1.5,1.5,"CMD,0.5,1.50",4.0,0.0113,2.009,0.023,1,0.9832,0,NORMAL,69.142,0.719,1,1,1,1,1,100.5,79,3,dijkstra,graph,0.36205,0,,,,,,0,,,,175255,108491,1886
944,165.92832899093628,2026-03-06T11:37:33.416899,110.94,0.0,10.15,16.02,2.0,0.0,0.0,157.14,5.83,0.469,0.471,STRAIGHT,1.5,1.5,"CMD,0.5,1.50",4.0,0.0113,2.009,0.023,1,0.9868,0,NORMAL,69.07,0.767,1,1,1,1,1,100.5,88,3,dijkstra,graph,0.36605,0,,,,,,0,,,,176273,109690,1992
945,166.09845876693726,2026-03-06T11:37:33.587029,114.34,0.0,6.01,15.82,0.0,0.0,0.0,154.19,5.83,0.468,0.469,STRAIGHT,1.5,1.5,"CMD,0.5,1.50",4.0,0.0113,2.009,0.023,1,0.9879,0,NORMAL,69.431,0.715,1,1,1,1,1,100.5,88,3,dijkstra,graph,0.3651,0,,,,,,0,,,,176513,109285,1796
946,166.27508091926575,2026-03-06T11:37:33.763651,120.23,0.0,6.01,14.34,2.0,0.0,0.0,160.6,5.83,0.468,0.468,STRAIGHT,1.5,1.5,"CMD,0.5,1.50",4.0,0.0113,2.009,0.023,1,0.9901,0,NORMAL,70.002,0.735,1,1,1,1,1,100.5,73,2,dijkstra,graph,0.36756,0,,,,,,0,,,,177250,110002,1679
947,166.45320081710815,2026-03-06T11:37:33.941771,118.74,0.0,7.5,16.26,0.0,0.0,0.0,158.1,5.82,0.467,0.468,STRAIGHT,1.5,1.5,"CMD,0.5,1.50",4.0,0.0113,2.009,0.023,1,0.9915,0,NORMAL,70.538,0.676,1,1,1,1,1,100.5,85,3,dijkstra,graph,0.36457,0,,,,,,0,,,,176400,109109,1886
948,166.63113379478455,2026-03-06T11:37:34.119704,118.25,0.0,7.62,16.02,0.0,0.0,0.0,159.91,5.81,0.467,0.467,STRAIGHT,1.5,1.5,"CMD,0.5,1.50",4.0,0.0113,2.009,0.023,1,0.9854,0,NORMAL,70.516,0.68,1,1,1,1,1,100.5,85,3,dijkstra,graph,0.37258,0,,,,,,0,,,,178085,111598,1950
949,166.80295276641846,2026-03-06T11:37:34.291523,113.63,0.0,6.01,18.03,0.0,0.0,0.0,155.43,5.81,0.46,0.467,STRAIGHT,1.5,1.5,"CMD,0.5,1.50",4.0,0.0108,2.055,0.023,1,0.979,0,NORMAL,69.628,0.827,1,1,1,1,1,102.7,98,2,dijkstra,graph,0.38405,0,,,,,,0,,,,181050,114939,2022
950,166.9715073108673,2026-03-06T11:37:34.460077,115.13,0.0,2.0,19.69,0.0,0.0,0.0,152.53,5.82,0.455,0.46,STRAIGHT,1.5,1.5,"CMD,0.5,1.50",4.0,0.0108,2.055,0.023,1,0.9813,0,NORMAL,70.711,0.8,1,1,1,1,1,102.7,96,3,dijkstra,graph,0.38707,0,,,,,,0,,,,182895,115856,2115
951,167.14309167861938,2026-03-06T11:37:34.631662,114.93,0.0,8.01,12.03,0.0,0.0,0.0,151.17,5.82,0.452,0.455,STRAIGHT,1.5,1.5,"CMD,0.5,1.50",4.0,0.0108,2.055,0.023,1,0.974,0,NORMAL,70.711,0.779,1,1,1,1,1,102.7,76,3,dijkstra,graph,0.37659,0,,,,,,0,,,,179203,112750,1787
952,167.3193347454071,2026-03-06T11:37:34.807905,109.51,0.0,10.98,15.99,2.0,0.0,0.0,155.6,5.81,0.45,0.452,STRAIGHT,1.5,1.5,"CMD,0.5,1.50",4.0,0.0108,2.055,0.023,1,0.9696,0,NORMAL,70.711,0.8,1,1,1,1,1,102.7,83,4,dijkstra,graph,0.39789,0,,,,,,0,,,,184305,119044,2069
953,167.48576617240906,2026-03-06T11:37:34.974336,111.0,0.0,12.13,13.33,0.0,0.0,0.0,150.41,5.82,0.449,0.45,STRAIGHT,1.5,1.5,"CMD,0.5,1.50",4.0,0.0108,2.055,0.023,1,0.9776,0,NORMAL,70.711,0.646,1,1,1,1,1,102.7,93,5,dijkstra,graph,0.39289,0,,,,,,0,,,,185095,117538,2121
954,167.65923929214478,2026-03-06T11:37:35.147809,112.62,0.0,8.01,12.02,0.0,0.0,0.0,153.15,5.82,0.442,0.449,STRAIGHT,1.5,1.5,"CMD,0.4,1.50",4.0,0.0104,2.1,0.023,1,0.98,0,NORMAL,70.711,0.622,1,1,1,1,1,105.0,82,3,dijkstra,graph,0.39316,0,,,,,,0,,,,186203,117627,2026
955,167.83323192596436,2026-03-06T11:37:35.321802,111.37,0.0,6.01,16.02,2.0,0.0,0.0,153.43,5.82,0.437,0.442,STRAIGHT,1.5,1.5,"CMD,0.4,1.50",4.0,0.0104,2.1,0.023,1,0.9823,0,NORMAL,70.711,0.65,1,1,1,1,1,105.0,99,5,dijkstra,graph,0.39552,0,,,,,,0,,,,185858,118276,2107
956,168.005615234375,2026-03-06T11:37:35.494185,114.4,0.0,0.0,17.61,0.0,0.0,0.0,156.36,5.81,0.434,0.437,STRAIGHT,1.5,1.5,"CMD,0.4,1.50",4.0,0.0104,2.1,0.023,1,0.9821,0,NORMAL,70.711,0.556,1,1,1,1,1,105.0,96,3,dijkstra,graph,0.3957,0,,,,,,0,,,,187573,118406,2044
957,168.18542861938477,2026-03-06T11:37:35.673999,121.71,0.0,6.78,17.92,0.0,0.0,0.0,163.79,5.81,0.431,0.434,STRAIGHT,1.5,1.5,"CMD,0.4,1.50",4.0,0.0104,2.1,0.023,1,0.9788,0,NORMAL,70.711,0.504,1,1,1,1,1,105.0,86,5,dijkstra,graph,0.39397,0,,,,,,0,,,,185699,117971,2011
958,168.36538171768188,2026-03-06T11:37:35.853952,122.14,0.0,5.75,16.02,0.0,0.0,2.0,163.93,5.79,0.424,0.431,STRAIGHT,1.5,1.5,"CMD,0.4,1.50",4.0,0.0099,2.146,0.023,1,0.9685,0,NORMAL,70.711,0.477,1,1,1,1,1,107.3,92,5,dijkstra,graph,0.4064,0,,,,,,0,,,,190283,121526,2127
959,168.54253721237183,2026-03-06T11:37:36.031107,116.79,0.0,8.01,16.02,2.0,0.0,0.0,161.13,5.79,0.425,0.425,STRAIGHT,1.5,1.5,"CMD,0.4,1.50",4.0,0.0104,2.1,0.023,1,0.9836,0,NORMAL,70.711,0.441,1,1,1,1,1,105.0,97,3,dijkstra,graph,0.40095,0,,,,,,0,,,,189121,119945,2156
960,168.7252779006958,2026-03-06T11:37:36.213848,122.57,0.0,6.01,19.96,0.0,0.0,0.0,166.72,5.77,0.42,0.424,STRAIGHT,1.5,1.5,"CMD,0.4,1.50",4.0,0.0099,2.146,0.023,1,0.9754,0,NORMAL,70.711,0.428,1,1,1,1,1,107.3,87,5,dijkstra,graph,0.40665,0,,,,,,0,,,,191527,121656,2058
961,168.9024646282196,2026-03-06T11:37:36.391035,115.9,0.0,6.01,16.38,0.0,0.0,0.0,157.16,5.78,0.416,0.42,STRAIGHT,1.5,1.5,"CMD,0.4,1.50",4.0,0.0099,2.146,0.023,1,0.9767,0,NORMAL,70.711,0.43,1,1,1,1,1,107.3,78,5,dijkstra,graph,0.40969,0,,,,,,0,,,,191724,122597,2067
962,169.09076833724976,2026-03-06T11:37:36.579338,121.75,0.0,9.57,16.02,2.0,0.0,0.0,168.28,5.76,0.414,0.416,STRAIGHT,1.5,1.5,"CMD,0.4,1.50",4.0,0.0099,2.146,0.023,1,0.9838,0,NORMAL,70.711,0.434,1,1,1,1,1,107.3,99,5,dijkstra,graph,0.40878,0,,,,,,0,,,,192834,122451,2054
963,169.26745343208313,2026-03-06T11:37:36.756023,114.47,0.0,8.14,16.03,0.0,0.0,0.0,156.66,5.75,0.406,0.414,STRAIGHT,1.5,1.5,"CMD,0.4,1.50",4.0,0.0095,2.192,0.023,1,0.9803,0,NORMAL,70.711,0.424,1,1,1,1,1,109.6,85,5,dijkstra,graph,0.41833,0,,,,,,0,,,,196704,125116,2122
964,169.4440405368805,2026-03-06T11:37:36.932611,116.38,0.0,6.01,18.02,2.0,0.0,0.0,158.43,5.75,0.402,0.406,STRAIGHT,1.5,1.5,"CMD,0.4,1.50",4.0,0.0095,2.192,0.023,1,0.9765,0,NORMAL,70.711,0.487,1,1,1,1,1,109.6,86,5,dijkstra,graph,0.4276,0,,,,,,0,,,,199232,127990,2226
965,169.63213896751404,2026-03-06T11:37:37.120709,124.13,0.0,4.01,23.92,0.0,0.0,0.0,168.07,5.73,0.398,0.402,STRAIGHT,1.5,1.5,"CMD,0.4,1.50",4.0,0.0095,2.192,0.023,1,0.9837,0,NORMAL,70.504,0.527,1,1,1,1,1,109.6,93,5,dijkstra,graph,0.4362,0,,,,,,0,,,,202429,130519,2263
966,169.81046605110168,2026-03-06T11:37:37.299036,116.33,0.0,8.01,14.47,1.74,0.0,0.0,162.31,5.72,0.396,0.398,STRAIGHT,1.5,1.5,"CMD,0.4,1.50",4.0,0.0095,2.192,0.023,1,0.9894,0,NORMAL,70.711,0.361,1,1,1,1,1,109.6,80,6,dijkstra,graph,0.43479,0,,,,,,0,,,,201031,130085,2242
967,169.98648357391357,2026-03-06T11:37:37.475054,118.12,0.0,7.01,16.45,0.0,0.0,0.0,159.7,5.71,0.395,0.396,STRAIGHT,1.5,1.5,"CMD,0.4,1.50",4.0,0.0095,2.192,0.023,1,0.9847,0,NORMAL,70.711,0.314,1,1,1,1,1,109.6,96,5,dijkstra,graph,0.43386,0,,,,,,0,,,,202516,129844,2319
968,170.1626787185669,2026-03-06T11:37:37.651249,114.43,0.0,6.01,16.03,0.0,0.0,0.0,154.49,5.71,0.394,0.395,STRAIGHT,1.5,1.5,"CMD,0.4,1.50",4.0,0.0095,2.192,0.023,1,0.9884,0,NORMAL,70.711,0.263,1,1,1,1,1,109.6,87,4,dijkstra,graph,0.43533,0,,,,,,0,,,,202149,130183,2164
969,170.34249591827393,2026-03-06T11:37:37.831066,118.65,0.0,8.01,15.05,2.0,0.0,0.0,161.8,5.69,0.388,0.394,STRAIGHT,1.5,1.5,"CMD,0.4,1.50",4.0,0.0091,2.237,0.023,1,0.9852,0,NORMAL,70.711,0.234,1,1,1,1,1,111.9,72,4,dijkstra,graph,0.43045,0,,,,,,0,,,,200948,128689,1894
970,170.5141088962555,2026-03-06T11:37:38.002679,110.39,0.0,10.03,18.11,2.0,0.0,0.0,154.56,5.69,0.384,0.388,STRAIGHT,1.5,1.5,"CMD,0.4,1.50",4.0,0.0091,2.237,0.023,1,0.9769,0,NORMAL,60.118,0.341,1,1,1,1,1,111.9,93,5,dijkstra,graph,0.44979,0,,,,,,0,,,,204368,134559,2213
971,170.69512701034546,2026-03-06T11:37:38.183697,115.8,0.0,11.73,18.3,0.0,0.0,0.0,162.99,5.68,0.382,0.384,STRAIGHT,1.5,1.5,"CMD,0.4,1.50",4.0,0.0091,2.237,0.023,1,0.9846,0,NORMAL,61.252,0.288,1,1,1,1,1,111.9,93,5,dijkstra,graph,0.44159,0,,,,,,0,,,,203573,132082,2316
972,170.87591004371643,2026-03-06T11:37:38.364480,122.26,0.0,6.01,18.03,0.0,0.0,0.0,166.54,5.67,0.38,0.382,STRAIGHT,1.5,1.5,"CMD,0.4,1.50",4.0,0.0091,2.237,0.023,1,0.9858,0,NORMAL,61.087,0.176,1,1,1,1,1,111.9,91,5,dijkstra,graph,0.4301,0,,,,,,0,,,,202210,128748,2190
973,171.04843616485596,2026-03-06T11:37:38.537006,116.47,0.0,8.27,12.02,0.0,0.0,0.0,154.5,5.66,0.379,0.38,STRAIGHT,1.5,1.5,"CMD,0.4,1.50",4.0,0.0091,2.237,0.023,1,0.9888,0,NORMAL,60.759,0.169,1,1,1,1,1,111.9,95,5,dijkstra,graph,0.43291,0,,,,,,0,,,,201815,129480,2050
974,171.2289526462555,2026-03-06T11:37:38.717523,110.34,0.0,12.06,15.61,0.0,0.0,2.0,158.26,5.65,0.378,0.379,STRAIGHT,1.5,1.5,"CMD,0.4,1.50",4.0,0.0091,2.237,0.023,1,0.978,0,NORMAL,60.727,-0.031,1,1,1,1,1,111.9,93,4,dijkstra,graph,0.44847,0,,,,,,0,,,,205256,134167,2192
975,171.4041428565979,2026-03-06T11:37:38.892713,115.16,0.0,8.01,19.25,0.0,0.0,0.0,157.17,5.65,0.377,0.378,STRAIGHT,1.5,1.5,"CMD,0.4,1.50",4.0,0.0091,2.237,0.023,1,0.9816,0,NORMAL,58.971,0.001,1,1,1,1,1,111.9,106,5,dijkstra,graph,0.44122,0,,,,,,0,,,,202152,132015,2258
976,171.58672451972961,2026-03-06T11:37:39.075295,116.68,0.0,8.01,18.34,0.0,0.0,0.0,163.06,5.65,0.372,0.377,STRAIGHT,1.5,1.5,"CMD,0.4,1.50",4.0,0.0088,2.283,0.023,1,0.983,0,NORMAL,58.621,0.193,1,1,1,1,1,114.2,97,5,dijkstra,graph,0.43886,0,,,,,,0,,,,202922,131380,2148
977,171.768559217453,2026-03-06T11:37:39.257129,119.41,0.0,6.01,16.02,2.0,0.0,0.0,165.64,5.64,0.373,0.373,STRAIGHT,1.5,1.5,"CMD,0.4,1.50",4.0,0.0091,2.237,0.023,1,0.9886,0,NORMAL,58.535,0.173,1,1,1,1,1,111.9,90,4,dijkstra,graph,0.43366,0,,,,,,0,,,,201785,129768,2024
978,171.9415512084961,2026-03-06T11:37:39.430121,115.47,0.0,7.01,14.72,1.74,0.0,0.0,156.97,5.64,0.369,0.372,STRAIGHT,1.5,1.5,"CMD,0.4,1.50",4.0,0.0088,2.283,0.023,1,0.9838,0,NORMAL,58.601,0.172,1,1,1,1,1,114.2,87,5,dijkstra,graph,0.43591,0,,,,,,0,,,,201236,130444,2145
979,172.11250853538513,2026-03-06T11:37:39.601079,108.36,0.0,10.39,20.37,0.0,0.0,0.0,154.94,5.64,0.372,0.372,STRAIGHT,1.5,1.5,"CMD,0.4,1.50",4.0,0.0091,2.237,0.023,1,0.9875,0,NORMAL,59.891,0.136,1,1,1,1,1,111.9,98,4,dijkstra,graph,0.42899,0,,,,,,0,,,,198976,128430,2137
980,172.28979444503784,2026-03-06T11:37:39.778364,109.9,0.0,8.01,16.02,2.0,0.0,0.0,155.13,5.63,0.373,0.372,STRAIGHT,1.5,1.5,"CMD,0.4,1.50",4.0,0.0091,2.237,0.023,1,0.9883,0,NORMAL,60.14,0.163,1,1,1,1,1,111.9,89,5,dijkstra,graph,0.43157,0,,,,,,0,,,,200628,129290,2304
981,172.45867013931274,2026-03-06T11:37:39.947240,108.85,0.0,6.01,18.02,2.0,0.0,0.0,150.9,5.64,0.374,0.373,STRAIGHT,1.5,1.5,"CMD,0.4,1.50",4.0,0.0091,2.237,0.023,1,0.9882,0,NORMAL,60.011,0.188,1,1,1,1,1,111.9,92,5,dijkstra,graph,0.42839,0,,,,,,0,,,,200343,128163,2272
982,172.63918328285217,2026-03-06T11:37:40.127753,113.58,0.0,8.01,20.36,2.0,0.0,0.0,162.49,5.63,0.37,0.373,STRAIGHT,1.5,1.5,"CMD,0.4,1.50",4.0,0.0088,2.283,0.023,1,0.9865,0,NORMAL,59.886,0.299,1,1,1,1,1,114.2,95,5,dijkstra,graph,0.43467,0,,,,,,0,,,,201920,130172,2340
983,172.81575202941895,2026-03-06T11:37:40.304322,116.48,0.0,6.01,16.02,0.0,0.0,0.0,154.48,5.62,0.367,0.37,STRAIGHT,1.5,1.5,"CMD,0.4,1.50",4.0,0.0088,2.283,0.023,1,0.9877,0,NORMAL,59.792,0.326,1,1,1,1,1,114.2,90,5,dijkstra,graph,0.43574,0,,,,,,0,,,,202265,130378,2268
984,172.9870355129242,2026-03-06T11:37:40.475605,111.01,0.0,6.01,16.02,2.0,0.0,0.0,155.27,5.63,0.365,0.367,STRAIGHT,1.5,1.5,"CMD,0.4,1.50",4.0,0.0088,2.283,0.023,1,0.9779,0,NORMAL,59.453,0.299,1,1,1,1,1,114.2,88,4,dijkstra,graph,0.45269,0,,,,,,0,,,,206096,135552,2173
985,173.1631097793579,2026-03-06T11:37:40.651680,108.94,0.0,8.01,17.98,0.0,0.0,0.0,159.34,5.63,0.364,0.365,STRAIGHT,1.5,1.5,"CMD,0.4,1.50",4.0,0.0088,2.283,0.023,1,0.9784,0,NORMAL,59.602,0.281,1,1,1,1,1,114.2,97,5,dijkstra,graph,0.4388,0,,,,,,0,,,,204122,131222,2432
986,173.33405900001526,2026-03-06T11:37:40.822629,114.63,0.0,6.01,18.02,0.0,0.0,0.0,154.93,5.63,0.363,0.364,STRAIGHT,1.5,1.5,"CMD,0.4,1.50",4.0,0.0088,2.283,0.023,1,0.9793,0,NORMAL,59.053,0.289,1,1,1,1,1,114.2,97,4,dijkstra,graph,0.45217,0,,,,,,0,,,,205564,135265,2175
987,173.5128436088562,2026-03-06T11:37:41.001414,121.36,0.0,6.01,18.02,0.0,0.0,0.0,160.76,5.63,0.358,0.363,STRAIGHT,1.5,1.5,"CMD,0.4,1.50",4.0,0.0084,2.329,0.023,1,0.9875,0,NORMAL,59.068,0.294,1,1,1,1,1,116.4,100,5,dijkstra,graph,0.45229,0,,,,,,0,,,,206100,135207,2314
988,173.68795919418335,2026-03-06T11:37:41.176529,112.93,0.0,7.75,18.02,0.0,0.0,0.0,155.09,5.64,0.359,0.359,STRAIGHT,1.5,1.5,"CMD,0.4,1.50",4.0,0.0088,2.283,0.023,1,0.989,0,NORMAL,59.597,0.261,1,1,1,1,1,114.2,101,4,dijkstra,graph,0.44837,0,,,,,,0,,,,205223,134177,2217
989,173.8673176765442,2026-03-06T11:37:41.355888,116.25,0.0,8.01,20.03,0.0,0.0,0.0,161.34,5.64,0.355,0.358,STRAIGHT,1.5,1.5,"CMD,0.4,1.50",4.0,0.0084,2.329,0.023,1,0.9633,0,NORMAL,58.983,0.32,1,1,1,1,1,116.4,118,5,dijkstra,graph,0.47083,0,,,,,,0,,,,211881,140957,2409
990,174.04348850250244,2026-03-06T11:37:41.532059,111.53,0.0,8.01,18.13,0.0,0.0,0.0,155.69,5.64,0.352,0.355,STRAIGHT,1.5,1.5,"CMD,0.4,1.50",4.0,0.0084,2.329,0.023,1,0.9625,0,NORMAL,59.103,0.268,1,1,1,1,1,116.4,101,5,dijkstra,graph,0.44996,0,,,,,,0,,,,205655,134618,2402
991,174.21181344985962,2026-03-06T11:37:41.700383,110.25,0.0,8.01,18.03,0.0,0.0,0.0,152.3,5.66,0.346,0.352,STRAIGHT,1.5,1.5,"CMD,0.4,1.50",4.0,0.0081,2.374,0.023,1,0.9817,0,NORMAL,59.108,0.298,1,1,1,1,1,118.7,95,5,dijkstra,graph,0.45845,0,,,,,,0,,,,206865,137158,2353
992,174.3886580467224,2026-03-06T11:37:41.877228,114.2,0.0,8.01,18.16,0.0,0.0,0.0,154.81,5.66,0.347,0.347,STRAIGHT,1.5,1.5,"CMD,0.3,1.50",4.0,0.0084,2.329,0.023,1,0.9751,0,NORMAL,61.115,0.248,1,1,1,1,1,116.4,98,4,dijkstra,graph,0.45461,0,,,,,,0,,,,207252,136022,2191
993,174.5591435432434,2026-03-06T11:37:42.047714,110.36,0.0,6.01,19.91,0.0,0.0,0.0,152.3,5.67,0.347,0.347,STRAIGHT,1.5,1.5,"CMD,0.3,1.50",4.0,0.0084,2.329,0.023,1,0.9846,0,NORMAL,61.293,0.301,1,1,1,1,1,116.4,98,5,dijkstra,graph,0.4536,0,,,,,,0,,,,207821,135650,2298
994,174.74213480949402,2026-03-06T11:37:42.230705,120.02,0.0,8.01,16.44,2.0,0.0,0.0,162.9,5.68,0.347,0.347,STRAIGHT,1.5,1.5,"CMD,0.3,1.50",4.0,0.0084,2.329,0.023,1,0.9673,0,NORMAL,60.932,0.306,1,1,1,1,1,116.4,105,5,dijkstra,graph,0.4406,0,,,,,,0,,,,203216,131796,2416
995,174.92032742500305,2026-03-06T11:37:42.408897,114.11,0.0,8.01,18.02,2.0,0.0,0.0,160.17,5.68,0.347,0.347,STRAIGHT,1.5,1.5,"CMD,0.3,1.50",4.0,0.0084,2.329,0.023,1,0.9848,0,NORMAL,61.307,0.33,1,1,1,1,1,116.4,111,5,dijkstra,graph,0.44287,0,,,,,,0,,,,202665,132484,2472
996,175.09152150154114,2026-03-06T11:37:42.580092,110.7,0.0,5.75,16.02,2.0,0.0,0.0,160.94,5.68,0.347,0.347,STRAIGHT,1.5,1.5,"CMD,0.3,1.50",4.0,0.0084,2.329,0.023,1,0.9794,0,NORMAL,60.6,0.4,1,1,1,1,1,116.4,98,4,dijkstra,graph,0.437,0,,,,,,0,,,,201040,130666,2223
997,175.2689507007599,2026-03-06T11:37:42.757521,119.21,0.0,4.0,20.17,2.0,0.0,0.0,161.41,5.68,0.343,0.347,STRAIGHT,1.5,1.5,"CMD,0.3,1.50",4.0,0.0081,2.374,0.023,1,0.9634,0,NORMAL,60.334,0.485,1,1,1,1,1,118.7,99,4,dijkstra,graph,0.45723,0,,,,,,0,,,,207161,136911,2205
998,175.44251036643982,2026-03-06T11:37:42.931080,115.43,0.0,0.0,26.09,0.0,0.0,2.0,157.54,5.69,0.34,0.343,STRAIGHT,1.5,1.5,"CMD,0.3,1.50",4.0,0.0081,2.374,0.023,1,0.9755,0,NORMAL,61.01,0.482,1,1,1,1,1,118.7,90,4,dijkstra,graph,0.4494,0,,,,,,0,,,,204120,134455,2227
999,175.61917734146118,2026-03-06T11:37:43.107747,114.57,0.0,6.01,20.04,2.0,0.0,0.0,156.64,5.68,0.338,0.34,STRAIGHT,1.5,1.5,"CMD,0.3,1.50",4.0,0.0081,2.374,0.023,1,0.9767,0,NORMAL,61.214,0.478,1,1,1,1,1,118.7,95,5,dijkstra,graph,0.44029,0,,,,,,0,,,,201403,131746,2376
1000,175.79207706451416,2026-03-06T11:37:43.280647,114.82,0.0,8.01,16.02,0.0,0.0,0.0,156.88,5.69,0.333,0.338,STRAIGHT,1.5,1.5,"CMD,0.3,1.50",4.0,0.0078,2.42,0.023,1,0.9717,0,NORMAL,60.981,0.507,1,1,1,1,1,121.0,84,4,dijkstra,graph,0.45357,0,,,,,,0,,,,203958,135739,2179
1001,175.97439861297607,2026-03-06T11:37:43.462969,115.95,0.0,5.82,18.03,0.0,0.0,2.0,161.83,5.69,-3.508,0.333,STRAIGHT,1.5,1.5,"CMD,0.3,1.50",2.084,-0.2747,1.89,-0.529,1,0.959,0,NORMAL,62.97,0.351,1,1,1,1,1,114.4,104,5,dijkstra,graph,0.43919,0,,,,,,0,,,,198463,131393,2421
1002,176.15632319450378,2026-03-06T11:37:43.644893,119.79,0.0,6.01,20.03,0.0,0.0,0.0,163.9,5.68,-2.231,-2.231,STRAIGHT,1.5,1.5,"CMD,-2.2,1.50",4.0,0.0078,2.42,0.023,1,0.9565,0,NORMAL,61.641,0.385,1,1,1,1,1,121.0,88,5,dijkstra,graph,0.45847,0,,,,,,0,,,,207159,137137,2228
1003,176.3387749195099,2026-03-06T11:37:43.827345,118.65,0.0,8.01,19.74,2.0,0.0,0.0,164.43,5.68,-1.38,-2.231,STRAIGHT,1.5,1.5,"CMD,-2.2,1.50",4.0,0.0078,2.42,0.023,1,0.9719,0,NORMAL,61.535,0.372,1,1,1,1,1,121.0,102,4,dijkstra,graph,0.45481,0,,,,,,0,,,,204791,136147,2267
1004,176.511084318161,2026-03-06T11:37:43.999654,112.22,0.0,6.01,20.03,0.0,0.0,0.0,156.29,5.68,-0.813,-1.38,STRAIGHT,1.5,1.5,"CMD,-1.4,1.50",4.0,0.0078,2.42,0.023,1,0.9859,0,NORMAL,62.259,0.356,1,1,1,1,1,121.0,91,4,dijkstra,graph,0.44341,0,,,,,,0,,,,202978,132618,2257
1005,176.69017672538757,2026-03-06T11:37:44.178747,118.58,0.0,7.84,16.57,0.0,0.0,0.0,162.81,5.68,-0.435,-0.813,STRAIGHT,1.5,1.5,"CMD,-0.8,1.50",4.0,0.0078,2.42,0.023,1,0.9899,0,NORMAL,62.694,0.338,1,1,1,1,1,121.0,91,4,dijkstra,graph,0.44624,0,,,,,,0,,,,203139,133412,2242
1006,176.86191606521606,2026-03-06T11:37:44.350486,115.67,0.0,6.01,16.02,2.0,0.0,0.0,155.72,5.69,-0.183,-0.435,STRAIGHT,1.5,1.5,"CMD,-0.4,1.50",4.0,0.0078,2.42,0.023,1,0.9901,0,NORMAL,62.833,0.365,1,1,1,1,1,121.0,95,4,dijkstra,graph,0.45083,0,,,,,,0,,,,204529,134843,2227
1007,177.0286078453064,2026-03-06T11:37:44.517178,104.74,0.0,8.01,18.09,2.0,0.0,0.0,150.67,5.7,-0.006,-0.183,STRAIGHT,1.5,1.5,"CMD,-0.2,1.50",4.0,0.0084,2.329,0.023,1,0.9832,0,NORMAL,62.972,0.378,1,1,1,1,1,116.4,108,5,dijkstra,graph,0.43915,0,,,,,,0,,,,202666,131274,2379
1008,177.20356726646423,2026-03-06T11:37:44.692137,110.41,0.0,6.01,10.02,10.48,0.0,0.0,154.93,5.7,0.019,-0.006,STRAIGHT,1.5,1.5,"CMD,-0.0,1.50",4.0,0.0017,2.466,0.005,1,0.9886,0,NORMAL,62.761,0.424,1,1,1,1,1,124.0,97,4,dijkstra,graph,0.44236,0,,,,,,0,,,,202614,132384,2190
1009,177.36495661735535,2026-03-06T11:37:44.853527,107.43,0.0,8.65,10.02,0.0,0.0,0.0,143.08,5.71,0.12,0.019,STRAIGHT,1.5,1.5,"CMD,0.0,1.50",4.0,0.0078,2.42,0.023,1,0.9782,0,NORMAL,62.692,0.501,1,1,1,1,1,121.0,100,4,dijkstra,graph,0.45126,0,,,,,,0,,,,206434,134966,2198
1010,177.53593492507935,2026-03-06T11:37:45.024505,110.79,0.0,6.01,10.36,0.0,0.0,0.0,142.92,5.71,0.183,0.12,STRAIGHT,1.5,1.5,"CMD,0.1,1.50",4.0,0.0075,2.466,0.023,1,0.9876,0,NORMAL,59.844,0.548,1,1,1,1,1,123.3,97,5,dijkstra,graph,0.45225,0,,,,,,0,,,,206169,135296,2382
1011,177.70468926429749,2026-03-06T11:37:45.193259,106.21,0.0,6.01,16.02,0.0,0.0,0.0,144.26,5.72,0.225,0.183,STRAIGHT,1.5,1.5,"CMD,0.2,1.50",4.0,0.0075,2.466,0.023,1,0.9923,0,NORMAL,60.567,0.543,1,1,1,1,1,123.3,96,4,dijkstra,graph,0.44977,0,,,,,,0,,,,205797,134484,2157
1012,177.87765097618103,2026-03-06T11:37:45.366221,110.88,0.0,8.01,18.02,2.0,0.0,0.0,154.94,5.73,0.174,0.183,STRAIGHT,1.5,1.5,"CMD,0.2,1.50",4.0,0.0017,2.466,0.005,1,0.9859,0,NORMAL,61.046,0.481,1,1,1,1,1,124.0,95,4,dijkstra,graph,0.43791,0,,,,,,0,,,,203088,130930,2169
1013,178.0447974205017,2026-03-06T11:37:45.533367,98.5,0.0,10.49,26.12,0.0,0.0,0.0,151.13,5.73,0.139,0.174,STRAIGHT,1.5,1.5,"CMD,0.2,1.50",4.0,0.0017,2.466,0.005,1,0.9903,0,NORMAL,61.248,0.457,1,1,1,1,1,124.0,92,4,dijkstra,graph,0.44145,0,,,,,,0,,,,202826,132064,2131
1014,178.2137110233307,2026-03-06T11:37:45.702281,108.49,0.0,4.01,24.38,0.0,0.0,0.0,152.89,5.74,0.196,0.174,STRAIGHT,1.5,1.5,"CMD,0.2,1.50",4.0,0.0075,2.466,0.023,1,0.9683,0,NORMAL,61.421,0.45,1,1,1,1,1,123.3,102,4,dijkstra,graph,0.45727,0,,,,,,0,,,,209370,136748,2241
1015,178.38365936279297,2026-03-06T11:37:45.872230,109.77,0.0,8.01,18.13,0.0,0.0,0.0,151.93,5.74,0.234,0.196,STRAIGHT,1.5,1.5,"CMD,0.2,1.50",4.0,0.0075,2.466,0.023,1,0.9821,0,NORMAL,61.916,0.413,1,1,1,1,1,123.3,90,6,dijkstra,graph,0.4632,0,,,,,,0,,,,208876,138726,2242
1016,178.55213069915771,2026-03-06T11:37:46.040701,108.4,0.0,8.01,18.03,0.0,0.0,0.0,150.45,5.75,0.259,0.234,STRAIGHT,1.5,1.5,"CMD,0.2,1.50",4.0,0.0075,2.466,0.023,1,0.9772,0,NORMAL,61.172,0.307,1,1,1,1,1,123.3,108,4,dijkstra,graph,0.46789,0,,,,,,0,,,,212601,140025,2289
1017,178.7202799320221,2026-03-06T11:37:46.208850,105.8,0.0,6.01,20.03,2.0,0.0,0.0,150.13,5.76,0.276,0.259,STRAIGHT,1.5,1.5,"CMD,0.3,1.50",4.0,0.0075,2.466,0.023,1,0.9458,0,NORMAL,61.256,0.473,1,1,1,1,1,123.3,128,8,dijkstra,graph,0.51424,0,,,,,,0,,,,223924,153929,2773
1018,178.89109778404236,2026-03-06T11:37:46.379668,108.55,0.0,6.01,20.03,2.0,0.0,0.0,152.8,5.77,0.287,0.276,STRAIGHT,1.5,1.5,"CMD,0.3,1.50",4.0,0.0075,2.466,0.023,1,0.965,0,NORMAL,61.444,0.491,1,1,1,1,1,123.3,121,5,dijkstra,graph,0.49864,0,,,,,,0,,,,217201,149268,2354
1019,179.07749557495117,2026-03-06T11:37:46.566065,122.62,0.0,6.01,17.02,2.0,0.0,0.0,166.56,5.76,0.295,0.287,STRAIGHT,1.5,1.5,"CMD,0.3,1.50",4.0,0.0075,2.466,0.023,1,0.9704,0,NORMAL,61.619,0.466,1,1,1,1,1,123.3,97,4,dijkstra,graph,0.47481,0,,,,,,0,,,,211353,142108,2261
1020,179.25506567955017,2026-03-06T11:37:46.743636,115.54,0.0,11.53,16.02,0.0,0.0,0.0,159.55,5.75,0.3,0.295,STRAIGHT,1.5,1.5,"CMD,0.3,1.50",4.0,0.0075,2.466,0.023,1,0.9824,0,NORMAL,61.104,0.488,1,1,1,1,1,123.3,84,4,dijkstra,graph,0.48651,0,,,,,,0,,,,213709,145603,2222
1021,179.43586349487305,2026-03-06T11:37:46.924433,118.29,0.0,6.01,16.12,4.07,0.0,0.0,162.51,5.75,0.303,0.3,STRAIGHT,1.5,1.5,"CMD,0.3,1.50",4.0,0.0075,2.466,0.023,1,0.9615,0,NORMAL,61.877,0.447,1,1,1,1,1,123.3,94,5,dijkstra,graph,0.47017,0,,,,,,0,,,,214535,140687,2414
1022,179.61735486984253,2026-03-06T11:37:47.105925,117.94,0.0,7.01,14.02,0.0,0.0,0.0,157.45,5.73,0.095,0.3,STRAIGHT,1.5,1.5,"CMD,0.3,1.50",4.0,-0.0078,2.511,-0.025,1,0.9666,0,NORMAL,61.392,0.491,1,1,1,1,1,127.2,88,4,dijkstra,graph,0.45576,0,,,,,,0,,,,209283,136341,2236
1023,179.7989239692688,2026-03-06T11:37:47.287494,119.04,0.0,8.01,16.55,1.74,0.0,0.0,161.37,5.73,-0.044,0.095,STRAIGHT,1.5,1.5,"CMD,0.1,1.50",4.0,-0.0078,2.511,-0.025,1,0.9864,0,NORMAL,61.587,0.487,1,1,1,1,2,127.2,97,4,dijkstra,graph,0.44872,0,,,,,,0,,,,206945,134223,2293
1024,179.97541904449463,2026-03-06T11:37:47.463989,112.41,0.0,8.01,20.03,2.0,0.0,0.0,160.47,5.74,0.07,0.07,STRAIGHT,1.5,1.5,"CMD,0.1,1.50",4.0,0.0072,2.511,0.023,1,0.9542,0,NORMAL,58.888,0.54,1,1,1,1,1,125.6,94,4,dijkstra,graph,0.48537,0,,,,,,0,,,,216677,145225,2244
1025,180.15238761901855,2026-03-06T11:37:47.640957,116.35,0.0,6.01,18.1,0.0,0.0,0.0,158.91,5.73,0.146,0.07,STRAIGHT,1.5,1.5,"CMD,0.1,1.50",4.0,0.0072,2.511,0.023,1,0.9811,0,NORMAL,59.897,0.474,1,1,1,1,1,125.6,87,4,dijkstra,graph,0.47461,0,,,,,,0,,,,214285,141846,2204
1026,180.33379316329956,2026-03-06T11:37:47.822363,111.63,0.0,8.01,19.57,0.0,0.0,0.0,158.97,5.73,0.209,0.146,STRAIGHT,1.5,1.5,"CMD,0.1,1.50",4.0,0.0081,2.374,0.023,1,0.9598,0,NORMAL,59.853,0.505,1,1,1,1,1,118.7,89,5,dijkstra,graph,0.45238,0,,,,,,0,,,,206623,135345,2340
1027,180.51218914985657,2026-03-06T11:37:48.000759,112.85,0.0,6.01,20.03,0.0,0.0,0.0,162.83,5.72,0.239,0.209,STRAIGHT,1.5,1.5,"CMD,0.2,1.50",4.0,0.0072,2.511,0.023,1,0.9766,0,NORMAL,57.369,0.544,1,1,1,1,1,125.6,102,4,dijkstra,graph,0.46324,0,,,,,,0,,,,210956,138592,2331
1028,180.6934244632721,2026-03-06T11:37:48.181995,120.78,0.0,6.01,16.4,0.0,0.0,0.0,159.2,5.72,0.259,0.239,STRAIGHT,1.5,1.5,"CMD,0.2,1.50",4.0,0.0072,2.511,0.023,1,0.9793,0,NORMAL,55.465,0.473,1,1,1,1,1,125.6,85,4,dijkstra,graph,0.46227,0,,,,,,0,,,,208186,138225,2132
1029,180.862140417099,2026-03-06T11:37:48.350710,116.9,0.0,7.75,8.02,0.0,0.0,0.0,150.69,5.72,0.171,0.239,STRAIGHT,1.5,1.5,"CMD,0.2,1.50",4.0,-0.0001,2.511,-0.0,1,0.9824,0,NORMAL,55.803,0.408,1,1,1,1,1,126.2,81,4,dijkstra,graph,0.45083,0,,,,,,0,,,,206863,134852,2145
1030,181.04940390586853,2026-03-06T11:37:48.537974,116.67,0.0,8.01,18.49,2.0,0.0,0.0,161.19,5.71,0.221,0.221,STRAIGHT,1.5,1.5,"CMD,0.2,1.50",4.0,0.0078,2.42,0.023,1,0.9801,0,NORMAL,56.053,0.381,1,1,1,1,1,121.0,87,5,dijkstra,graph,0.46221,0,,,,,,0,,,,210230,138186,2329
1031,181.2284004688263,2026-03-06T11:37:48.716970,114.91,0.0,6.01,18.03,0.0,0.0,0.0,156.97,5.72,0.172,0.172,STRAIGHT,1.5,1.5,"CMD,0.2,1.50",4.0,0.0018,2.557,0.006,1,0.9865,0,NORMAL,56.757,0.4,1,1,1,1,1,128.7,92,4,dijkstra,graph,0.46233,0,,,,,,0,,,,209116,138216,2233
1032,181.4002583026886,2026-03-06T11:37:48.888828,110.67,0.0,8.01,19.14,0.0,0.0,0.0,153.84,5.73,0.215,0.215,STRAIGHT,1.5,1.5,"CMD,0.2,1.50",4.0,0.0072,2.511,0.023,1,0.9858,0,NORMAL,57.804,0.357,1,1,1,1,1,125.6,88,4,dijkstra,graph,0.45919,0,,,,,,0,,,,208604,137395,2139
1033,181.5905578136444,2026-03-06T11:37:49.079128,126.77,0.0,6.01,20.0,0.0,0.0,0.0,171.21,5.71,0.254,0.215,STRAIGHT,1.5,1.5,"CMD,0.2,1.50",4.0,0.0081,2.374,0.023,1,0.9813,0,NORMAL,57.523,0.339,1,1,1,1,1,118.7,99,5,dijkstra,graph,0.45374,0,,,,,,0,,,,206496,135803,2401
1034,181.77158451080322,2026-03-06T11:37:49.260155,110.68,0.0,14.04,16.02,2.0,0.0,0.0,159.77,5.71,0.273,0.254,STRAIGHT,1.5,1.5,"CMD,0.3,1.50",4.0,0.0075,2.466,0.023,1,0.9835,0,NORMAL,57.788,0.321,1,1,1,1,1,123.3,92,4,dijkstra,graph,0.45405,0,,,,,,0,,,,206599,135771,2212
1035,181.94773054122925,2026-03-06T11:37:49.436301,115.84,0.0,8.01,18.03,0.0,0.0,0.0,160.12,5.7,0.207,0.254,STRAIGHT,1.5,1.5,"CMD,0.3,1.50",4.0,0.0018,2.557,0.006,1,0.9819,0,NORMAL,57.918,0.297,1,1,1,1,1,128.7,99,4,dijkstra,graph,0.45101,0,,,,,,0,,,,206426,134778,2233
1036,182.13361024856567,2026-03-06T11:37:49.622180,116.83,0.0,7.59,18.94,2.0,0.0,0.0,163.39,5.68,0.245,0.245,STRAIGHT,1.5,1.5,"CMD,0.2,1.50",4.0,0.0078,2.42,0.023,1,0.9784,0,NORMAL,58.183,0.309,1,1,1,1,1,121.0,99,5,dijkstra,graph,0.45217,0,,,,,,0,,,,207570,135183,2382
1037,182.310289144516,2026-03-06T11:37:49.798859,118.63,0.0,8.01,12.49,0.0,0.0,0.0,161.16,5.68,0.267,0.245,STRAIGHT,1.5,1.5,"CMD,0.2,1.50",4.0,0.0075,2.466,0.023,1,0.9808,0,NORMAL,58.389,0.252,1,1,1,1,1,123.3,103,5,dijkstra,graph,0.4501,0,,,,,,0,,,,207093,134534,2237
1038,182.4975700378418,2026-03-06T11:37:49.986140,117.34,0.0,8.01,19.73,2.0,0.0,0.0,163.11,5.65,0.277,0.267,STRAIGHT,1.5,1.5,"CMD,0.3,1.50",4.0,0.0072,2.511,0.023,1,0.972,0,NORMAL,58.206,0.276,1,1,1,1,1,125.6,112,5,dijkstra,graph,0.46601,0,,,,,,0,,,,210126,139393,2292
1039,182.6740801334381,2026-03-06T11:37:50.162650,116.58,0.0,6.01,17.88,2.0,0.0,0.0,160.49,5.64,0.21,0.267,STRAIGHT,1.5,1.5,"CMD,0.3,1.50",4.0,0.0018,2.557,0.006,1,0.9678,0,NORMAL,58.698,0.29,1,1,1,1,2,128.7,104,4,dijkstra,graph,0.45161,0,,,,,,0,,,,205991,135041,2203
1040,182.85486578941345,2026-03-06T11:37:50.343436,118.64,0.0,8.01,20.09,0.0,0.0,0.0,162.76,5.63,0.165,0.21,STRAIGHT,1.5,1.5,"CMD,0.2,1.50",4.0,0.0018,2.557,0.006,1,0.9714,0,NORMAL,58.918,0.266,1,1,1,1,1,110.3,92,6,dijkstra,graph,0.44413,0,,,,,,0,,,,204199,132834,2272
1041,183.03122067451477,2026-03-06T11:37:50.519791,116.43,0.0,8.01,17.87,0.0,0.0,0.0,156.33,5.63,0.135,0.165,STRAIGHT,1.5,1.5,"CMD,0.2,1.50",4.0,0.0018,2.557,0.006,1,0.9789,0,NORMAL,58.703,0.287,1,1,1,1,1,110.3,88,5,dijkstra,graph,0.45393,0,,,,,,0,,,,207098,135767,2277
1042,183.21414828300476,2026-03-06T11:37:50.702718,118.84,0.0,8.01,20.03,0.0,0.0,0.0,164.9,5.61,0.193,0.165,STRAIGHT,1.5,1.5,"CMD,0.2,1.50",4.0,0.0075,2.466,0.023,1,0.9759,0,NORMAL,58.597,0.425,1,1,1,1,1,123.3,88,4,dijkstra,graph,0.45324,0,,,,,,0,,,,209457,135502,2231
1043,183.39376616477966,2026-03-06T11:37:50.882336,117.79,0.0,6.01,18.02,0.0,0.0,0.0,159.59,5.6,0.228,0.193,STRAIGHT,1.5,1.5,"CMD,0.2,1.50",4.0,0.0072,2.511,0.023,1,0.9874,0,NORMAL,57.994,0.487,1,1,1,1,1,125.6,88,4,dijkstra,graph,0.46161,0,,,,,,0,,,,211838,138109,2263
1044,183.56797528266907,2026-03-06T11:37:51.056545,112.36,0.0,7.01,22.6,0.0,0.0,0.0,164.2,5.59,0.252,0.228,STRAIGHT,1.5,1.5,"CMD,0.2,1.50",4.0,0.0072,2.511,0.023,1,0.9691,0,NORMAL,55.27,0.512,1,1,1,1,1,125.6,113,5,dijkstra,graph,0.48738,0,,,,,,0,,,,217929,145724,2302
1045,183.75177097320557,2026-03-06T11:37:51.240341,117.05,0.0,6.01,20.03,0.0,0.0,0.0,165.46,5.58,0.268,0.252,STRAIGHT,1.5,1.5,"CMD,0.3,1.50",4.0,0.0072,2.511,0.023,1,0.9864,0,NORMAL,54.512,0.552,1,1,1,1,1,125.6,110,5,dijkstra,graph,0.49095,0,,,,,,0,,,,219377,146812,2286
1046,183.93066430091858,2026-03-06T11:37:51.419234,115.25,0.0,6.01,20.03,2.0,0.0,0.0,162.84,5.57,0.278,0.268,STRAIGHT,1.5,1.5,"CMD,0.3,1.50",4.0,0.0072,2.511,0.023,1,0.9771,0,NORMAL,55.193,0.562,1,1,1,1,1,125.6,105,4,dijkstra,graph,0.47428,0,,,,,,0,,,,214641,141894,2319
1047,184.1119875907898,2026-03-06T11:37:51.600558,116.33,0.0,7.01,18.77,0.0,0.0,0.0,161.29,5.55,0.289,0.278,STRAIGHT,1.5,1.5,"CMD,0.3,1.50",4.0,0.0075,2.466,0.023,1,0.9834,0,NORMAL,56.143,0.526,1,1,1,1,1,123.3,98,4,dijkstra,graph,0.47275,0,,,,,,0,,,,215620,141435,2300
1048,184.29570627212524,2026-03-06T11:37:51.784276,115.86,0.0,6.01,17.77,0.0,0.0,0.0,162.14,5.56,0.296,0.289,STRAIGHT,1.5,1.5,"CMD,0.3,1.50",4.0,0.0075,2.466,0.023,1,0.9888,0,NORMAL,56.933,0.479,1,1,1,1,1,123.3,106,5,dijkstra,graph,0.46994,0,,,,,,0,,,,214368,140535,2361
1049,184.46888327598572,2026-03-06T11:37:51.957453,117.3,0.0,6.01,18.02,0.0,0.0,0.0,157.16,5.56,0.3,0.296,STRAIGHT,1.5,1.5,"CMD,0.3,1.50",4.0,0.0075,2.466,0.023,1,0.985,0,NORMAL,57.796,0.468,1,1,1,1,1,123.3,100,5,dijkstra,graph,0.46167,0,,,,,,0,,,,211579,138144,2339
1050,184.6448893547058,2026-03-06T11:37:52.133459,107.88,0.0,14.02,18.0,0.0,0.0,0.0,157.98,5.57,0.303,0.3,STRAIGHT,1.5,1.5,"CMD,0.3,1.50",4.0,0.0075,2.466,0.023,1,0.9759,0,NORMAL,57.91,0.461,1,1,1,1,1,123.3,91,5,dijkstra,graph,0.44502,0,,,,,,0,,,,206790,133079,2343
1051,184.82313871383667,2026-03-06T11:37:52.311709,112.15,0.0,8.01,18.03,2.0,0.0,0.0,158.22,5.57,0.306,0.303,STRAIGHT,1.5,1.5,"CMD,0.3,1.50",4.0,0.0075,2.466,0.023,1,0.9607,0,NORMAL,56.732,0.539,1,1,1,1,1,123.3,99,5,dijkstra,graph,0.46698,0,,,,,,0,,,,214661,139810,2296
1052,184.99817371368408,2026-03-06T11:37:52.486744,112.26,0.0,0.0,24.12,2.0,0.0,0.0,155.01,5.58,0.307,0.306,STRAIGHT,1.5,1.5,"CMD,0.3,1.50",4.0,0.0075,2.466,0.023,1,0.9734,0,NORMAL,55.375,0.708,1,1,1,1,1,123.3,92,5,dijkstra,graph,0.46893,0,,,,,,0,,,,212330,140334,2231
1053,185.1827895641327,2026-03-06T11:37:52.671360,122.53,0.0,8.01,20.03,0.0,0.0,0.0,168.6,5.57,0.304,0.306,STRAIGHT,1.5,1.5,"CMD,0.3,1.50",4.0,0.0072,2.511,0.023,1,0.9812,0,NORMAL,54.062,1.126,1,1,1,1,1,125.6,98,5,dijkstra,graph,0.47304,0,,,,,,0,,,,215155,141579,2423
1054,185.36991691589355,2026-03-06T11:37:52.858487,118.37,0.0,6.01,18.03,2.0,0.0,0.0,165.1,5.56,0.302,0.304,STRAIGHT,1.5,1.5,"CMD,0.3,1.50",4.0,0.0072,2.511,0.023,1,0.9884,0,NORMAL,53.438,1.09,1,1,1,1,1,125.6,93,5,dijkstra,graph,0.47421,0,,,,,,0,,,,215408,141860,2356
1055,185.54884696006775,2026-03-06T11:37:53.037417,115.1,0.0,8.01,17.66,2.0,0.0,0.0,158.9,5.56,0.301,0.302,STRAIGHT,1.5,1.5,"CMD,0.3,1.50",4.0,0.0072,2.511,0.023,1,0.9891,0,NORMAL,53.069,1.225,1,1,1,1,1,125.6,96,4,dijkstra,graph,0.47424,0,,,,,,0,,,,215864,141778,2358
1056,185.7220230102539,2026-03-06T11:37:53.210593,114.65,0.0,8.01,16.48,0.0,0.0,0.0,155.15,5.57,0.3,0.301,STRAIGHT,1.5,1.5,"CMD,0.3,1.50",4.0,0.0072,2.511,0.023,1,0.9847,0,NORMAL,52.849,1.331,1,1,1,1,1,125.6,82,4,dijkstra,graph,0.48256,0,,,,,,0,,,,217650,144431,2250
1057,185.90195727348328,2026-03-06T11:37:53.390527,116.73,0.0,6.01,16.46,0.0,0.0,4.69,161.91,5.57,0.3,0.3,STRAIGHT,1.5,1.5,"CMD,0.3,1.50",4.0,0.0072,2.511,0.023,1,0.9878,0,NORMAL,53.228,1.444,1,1,1,1,1,125.6,95,4,dijkstra,graph,0.48531,0,,,,,,0,,,,217630,145132,2297
1058,186.08166909217834,2026-03-06T11:37:53.570239,113.88,0.0,8.01,18.03,2.0,0.0,0.0,159.94,5.56,0.299,0.3,STRAIGHT,1.5,1.5,"CMD,0.3,1.50",4.0,0.0072,2.511,0.023,1,0.9824,0,NORMAL,53.021,1.451,1,1,1,1,1,125.6,99,4,dijkstra,graph,0.48946,0,,,,,,0,,,,220516,146397,2385
1059,186.26007723808289,2026-03-06T11:37:53.748647,116.82,0.0,6.01,17.53,2.0,0.0,0.0,160.39,5.57,0.296,0.299,STRAIGHT,1.5,1.5,"CMD,0.3,1.50",4.0,0.007,2.557,0.023,1,0.9856,0,NORMAL,53.179,1.478,1,1,1,1,1,127.9,98,5,dijkstra,graph,0.48021,0,,,,,,0,,,,218237,143508,2505
1060,186.43336009979248,2026-03-06T11:37:53.921930,115.45,0.0,6.01,18.44,0.0,0.0,0.0,157.26,5.57,0.297,0.297,STRAIGHT,1.5,1.5,"CMD,0.3,1.50",4.0,0.0072,2.511,0.023,1,0.9863,0,NORMAL,53.409,1.511,1,1,1,1,1,125.6,96,5,dijkstra,graph,0.48684,0,,,,,,0,,,,220744,145608,2370
1061,186.61392736434937,2026-03-06T11:37:54.102497,116.83,0.0,8.01,18.16,0.0,0.0,0.0,159.02,5.56,0.297,0.297,STRAIGHT,1.5,1.5,"CMD,0.3,1.50",4.0,0.0072,2.511,0.023,1,0.9795,0,NORMAL,54.059,1.509,1,1,1,1,1,125.6,92,4,dijkstra,graph,0.48205,0,,,,,,0,,,,220693,144315,2325
1062,186.78804516792297,2026-03-06T11:37:54.276615,114.3,0.0,6.01,16.02,2.0,0.0,0.0,156.1,5.58,0.294,0.297,STRAIGHT,1.5,1.5,"CMD,0.3,1.50",4.0,0.007,2.557,0.023,1,0.9756,0,NORMAL,53.69,1.608,1,1,1,1,1,127.9,97,5,dijkstra,graph,0.49457,0,,,,,,0,,,,224911,147973,2260
1063,186.9626169204712,2026-03-06T11:37:54.451187,114.55,0.0,8.01,17.97,0.0,0.0,0.0,156.55,5.59,0.292,0.294,STRAIGHT,1.5,1.5,"CMD,0.3,1.50",4.0,0.007,2.557,0.023,1,0.9791,0,NORMAL,54.642,1.578,1,1,1,1,1,127.9,105,4,dijkstra,graph,0.49244,0,,,,,,0,,,,222391,147329,2320
1064,187.1470057964325,2026-03-06T11:37:54.635576,118.73,0.0,10.01,19.6,2.0,0.0,0.0,166.37,5.58,0.294,0.294,STRAIGHT,1.5,1.5,"CMD,0.3,1.50",4.0,0.0072,2.511,0.023,1,0.9777,0,NORMAL,55.141,1.543,1,1,1,1,1,125.6,104,4,dijkstra,graph,0.47746,0,,,,,,0,,,,217955,142812,2282
1065,187.32193875312805,2026-03-06T11:37:54.810509,119.98,0.0,10.01,10.04,0.0,0.0,0.0,158.91,5.59,0.296,0.294,STRAIGHT,1.5,1.5,"CMD,0.3,1.50",4.0,0.0072,2.511,0.023,1,0.9784,0,NORMAL,55.081,1.559,1,1,1,1,1,125.6,103,4,dijkstra,graph,0.46463,0,,,,,,0,,,,214374,139041,2330
1066,187.50482392311096,2026-03-06T11:37:54.993394,112.37,0.0,6.01,18.03,0.0,0.0,0.0,154.43,5.58,0.293,0.294,STRAIGHT,1.5,1.5,"CMD,0.3,1.50",4.0,0.007,2.557,0.023,1,0.9835,0,NORMAL,55.31,1.53,1,1,1,1,1,127.9,93,4,dijkstra,graph,0.48,0,,,,,,0,,,,217127,143623,2333
1067,187.68529152870178,2026-03-06T11:37:55.173862,116.38,0.0,6.01,18.03,2.0,0.0,0.0,160.44,5.59,0.292,0.293,STRAIGHT,1.5,1.5,"CMD,0.3,1.50",4.0,0.007,2.557,0.023,1,0.9874,0,NORMAL,55.874,1.556,1,1,1,1,1,127.9,95,4,dijkstra,graph,0.47345,0,,,,,,0,,,,215621,141625,2291
1068,187.86411571502686,2026-03-06T11:37:55.352686,119.14,0.0,6.01,16.02,2.0,0.0,0.0,158.71,5.59,0.294,0.293,STRAIGHT,1.5,1.5,"CMD,0.3,1.50",4.0,0.0072,2.511,0.023,1,0.9797,0,NORMAL,55.567,1.525,1,1,1,1,1,125.6,95,4,dijkstra,graph,0.46192,0,,,,,,0,,,,212021,138155,2324
1069,188.03436064720154,2026-03-06T11:37:55.522931,110.08,0.0,8.01,18.03,0.0,0.0,0.0,152.13,5.6,0.292,0.292,STRAIGHT,1.5,1.5,"CMD,0.3,1.50",4.0,0.007,2.557,0.023,1,0.98,0,NORMAL,55.591,1.502,1,1,1,1,1,127.9,105,4,dijkstra,graph,0.47477,0,,,,,,0,,,,215733,141965,2371
1070,188.20528078079224,2026-03-06T11:37:55.693851,113.01,0.0,6.01,16.02,2.0,0.0,0.0,152.9,5.6,0.291,0.292,STRAIGHT,1.5,1.5,"CMD,0.3,1.50",4.0,0.007,2.557,0.023,1,0.9829,0,NORMAL,54.443,1.539,1,1,1,1,1,127.9,98,5,dijkstra,graph,0.47725,0,,,,,,0,,,,216305,142744,2317
1071,188.38583898544312,2026-03-06T11:37:55.874409,118.48,0.0,6.01,18.03,2.0,0.0,0.0,162.54,5.61,0.187,0.291,STRAIGHT,1.5,1.5,"CMD,0.3,1.50",4.0,-0.0005,2.603,-0.002,1,0.9825,0,NORMAL,54.986,1.494,1,1,1,1,1,130.7,84,4,dijkstra,graph,0.46568,0,,,,,,0,,,,213671,139264,2171
1072,188.56443119049072,2026-03-06T11:37:56.053001,116.51,0.0,8.01,16.02,0.0,0.0,0.0,158.57,5.61,0.236,0.236,STRAIGHT,1.5,1.5,"CMD,0.2,1.50",4.0,0.0081,2.374,0.023,1,0.9717,0,NORMAL,54.861,1.495,1,1,1,1,1,118.7,88,5,dijkstra,graph,0.45382,0,,,,,,0,,,,208779,135808,2270
1073,188.74361324310303,2026-03-06T11:37:56.232183,119.06,0.0,6.01,17.84,0.0,0.0,0.0,161.16,5.6,0.254,0.236,STRAIGHT,1.5,1.5,"CMD,0.2,1.50",4.0,0.007,2.557,0.023,1,0.9591,0,NORMAL,53.675,1.422,1,1,1,1,1,127.9,97,5,dijkstra,graph,0.4794,0,,,,,,0,,,,216334,143376,2336
1074,188.91395568847656,2026-03-06T11:37:56.402526,114.77,0.0,6.01,16.02,0.0,0.0,0.0,154.32,5.62,0.276,0.254,STRAIGHT,1.5,1.5,"CMD,0.3,1.50",4.0,0.0078,2.42,0.023,1,0.9696,0,NORMAL,52.706,1.428,1,1,1,1,1,121.0,78,6,dijkstra,graph,0.46715,0,,,,,,0,,,,211613,139702,2238
1075,189.089510679245,2026-03-06T11:37:56.578081,115.16,0.0,6.01,18.6,0.0,0.0,1.74,157.53,5.62,0.3,0.276,STRAIGHT,1.5,1.5,"CMD,0.3,1.50",4.0,0.0084,2.329,0.023,1,0.9688,0,NORMAL,53.332,1.371,1,1,1,1,1,116.4,106,6,dijkstra,graph,0.45295,0,,,,,,0,,,,208871,135401,2362
1076,189.26549768447876,2026-03-06T11:37:56.754068,115.99,0.0,5.75,22.21,0.0,0.0,0.0,159.97,5.63,0.316,0.3,STRAIGHT,1.5,1.5,"CMD,0.3,1.50",4.0,0.0084,2.329,0.023,1,0.9777,0,NORMAL,54.066,1.29,1,1,1,1,1,116.4,105,6,dijkstra,graph,0.4505,0,,,,,,0,,,,209243,134801,2366
1077,189.44676804542542,2026-03-06T11:37:56.935338,116.36,0.0,9.04,17.35,0.0,0.0,0.0,162.28,5.63,0.326,0.316,STRAIGHT,1.5,1.5,"CMD,0.3,1.50",4.0,0.0084,2.329,0.023,1,0.9819,0,NORMAL,54.381,1.293,1,1,1,1,1,116.4,92,5,dijkstra,graph,0.4499,0,,,,,,0,,,,209449,134578,2304
1078,189.62829971313477,2026-03-06T11:37:57.116870,118.98,0.0,8.43,16.07,2.0,0.0,0.0,163.51,5.62,0.338,0.326,STRAIGHT,1.5,1.5,"CMD,0.3,1.50",4.0,0.0088,2.283,0.023,1,0.974,0,NORMAL,54.55,1.198,1,1,1,1,1,114.2,98,6,dijkstra,graph,0.44306,0,,,,,,0,,,,206069,132535,2278
1079,189.80932307243347,2026-03-06T11:37:57.297893,118.71,0.0,8.5,19.77,0.0,0.0,0.0,163.0,5.62,0.332,0.332,STRAIGHT,1.5,1.5,"CMD,0.3,1.50",4.0,0.0078,2.42,0.023,1,0.965,0,NORMAL,54.635,1.116,1,1,1,1,1,121.0,89,6,dijkstra,graph,0.45126,0,,,,,,0,,,,208599,134906,2426
1080,189.9920735359192,2026-03-06T11:37:57.480644,118.14,0.0,8.01,16.61,2.0,0.0,0.0,162.79,5.61,0.337,0.337,STRAIGHT,1.5,1.5,"CMD,0.3,1.50",4.0,0.0084,2.329,0.023,1,0.969,0,NORMAL,54.238,1.183,1,1,1,1,1,116.4,95,5,dijkstra,graph,0.45048,0,,,,,,0,,,,207488,134811,2249
1081,190.16845440864563,2026-03-06T11:37:57.657024,112.73,0.0,6.01,20.03,2.0,0.0,0.0,158.8,5.61,-0.066,0.332,STRAIGHT,1.5,1.5,"CMD,0.3,1.50",3.93,-0.0211,2.466,-0.064,1,0.9663,0,NORMAL,55.066,1.066,1,1,1,1,1,125.8,98,5,dijkstra,graph,0.43475,0,,,,,,0,,,,203288,130187,2190
1082,190.3478147983551,2026-03-06T11:37:57.836385,119.28,0.0,6.01,16.02,2.0,0.0,0.0,161.34,5.61,-0.485,-0.066,STRAIGHT,1.5,1.5,"CMD,-0.1,1.50",3.545,-0.0321,2.466,-0.098,1,0.9713,0,NORMAL,56.036,0.942,1,1,1,1,1,126.9,97,4,dijkstra,graph,0.41758,0,,,,,,0,,,,198215,124954,2107
1083,190.52881622314453,2026-03-06T11:37:58.017386,120.64,0.0,7.98,18.03,2.0,0.0,0.0,164.98,5.62,-0.703,-0.485,STRAIGHT,1.5,1.5,"CMD,-0.5,1.50",3.691,-0.0276,2.466,-0.084,1,0.9708,0,NORMAL,55.956,0.945,1,1,1,1,1,127.7,111,5,dijkstra,graph,0.43027,0,,,,,,0,,,,204012,128773,2235
1084,190.71230459213257,2026-03-06T11:37:58.200874,115.05,0.0,9.31,22.04,0.0,0.0,0.0,165.46,5.62,-0.348,-0.485,STRAIGHT,1.5,1.5,"CMD,-0.5,1.50",4.0,0.0088,2.283,0.023,1,0.9868,0,NORMAL,56.271,0.96,1,1,1,1,1,114.2,106,5,dijkstra,graph,0.43027,0,,,,,,0,,,,202869,128693,2188
1085,190.8909833431244,2026-03-06T11:37:58.379553,120.43,0.0,6.01,14.3,0.0,0.0,1.74,160.51,5.61,-0.112,-0.348,STRAIGHT,1.5,1.5,"CMD,-0.3,1.50",4.0,0.0088,2.283,0.023,1,0.9762,0,NORMAL,57.653,0.856,1,1,1,1,1,114.2,68,4,dijkstra,graph,0.41866,0,,,,,,0,,,,198333,125302,1931
1086,191.06147599220276,2026-03-06T11:37:58.550046,112.92,0.0,7.51,14.02,2.0,0.0,0.0,154.47,5.62,0.046,-0.112,STRAIGHT,1.5,1.5,"CMD,-0.1,1.50",4.0,0.0088,2.283,0.023,1,0.9902,0,NORMAL,57.423,0.807,1,1,1,1,1,114.2,76,4,dijkstra,graph,0.42093,0,,,,,,0,,,,199862,126053,2034
1087,191.2427203655243,2026-03-06T11:37:58.731291,121.2,0.0,10.01,18.02,0.0,0.0,0.0,163.22,5.62,-0.492,-0.112,STRAIGHT,1.5,1.5,"CMD,-0.1,1.50",3.38,-0.038,2.466,-0.116,1,0.9781,0,NORMAL,57.54,0.884,1,1,1,1,1,128.6,91,5,dijkstra,graph,0.42281,0,,,,,,0,,,,197631,126496,2068
1088,191.422705411911,2026-03-06T11:37:58.911275,119.81,0.0,6.01,14.02,2.0,0.0,0.0,161.96,5.62,-0.207,-0.207,STRAIGHT,1.5,1.5,"CMD,-0.2,1.50",4.0,0.0088,2.283,0.023,1,0.981,0,NORMAL,58.366,0.817,1,1,1,1,1,114.2,75,6,dijkstra,graph,0.417,0,,,,,,0,,,,198093,124776,2025
1089,191.59770512580872,2026-03-06T11:37:59.086275,116.47,0.0,8.01,16.48,0.0,0.0,0.0,158.98,5.62,-0.018,-0.207,STRAIGHT,1.5,1.5,"CMD,-0.2,1.50",4.0,0.0088,2.283,0.023,1,0.9811,0,NORMAL,58.604,0.761,1,1,1,1,1,114.2,88,3,dijkstra,graph,0.40486,0,,,,,,0,,,,196117,121252,1798
1090,191.77369356155396,2026-03-06T11:37:59.262264,115.91,0.0,6.01,19.02,1.0,0.0,0.0,157.97,5.62,0.114,-0.018,STRAIGHT,1.5,1.5,"CMD,-0.0,1.50",4.0,0.0091,2.237,0.023,1,0.979,0,NORMAL,55.624,0.756,1,1,1,1,1,111.9,103,4,dijkstra,graph,0.41599,0,,,,,,0,,,,200183,124466,1991
1091,191.95255613327026,2026-03-06T11:37:59.441126,118.45,0.0,6.01,16.02,2.0,0.0,0.0,161.59,5.62,0.201,0.114,STRAIGHT,1.5,1.5,"CMD,0.1,1.50",4.0,0.0091,2.237,0.023,1,0.9775,0,NORMAL,56.531,0.725,1,1,1,1,1,111.9,98,5,dijkstra,graph,0.41116,0,,,,,,0,,,,196079,122986,1996
1092,192.12587666511536,2026-03-06T11:37:59.614447,115.6,0.0,9.51,14.02,2.0,0.0,0.0,156.84,5.62,0.255,0.201,STRAIGHT,1.5,1.5,"CMD,0.2,1.50",4.0,0.0088,2.283,0.023,1,0.9773,0,NORMAL,56.819,0.622,1,1,1,1,1,114.2,83,5,dijkstra,graph,0.415,0,,,,,,0,,,,199101,124126,2137
1093,192.31053733825684,2026-03-06T11:37:59.799107,123.13,0.0,3.74,22.22,2.0,0.0,0.0,167.15,5.62,0.281,0.255,STRAIGHT,1.5,1.5,"CMD,0.3,1.50",4.0,0.0081,2.374,0.023,1,0.9757,0,NORMAL,56.304,0.404,1,1,1,1,1,118.7,109,4,dijkstra,graph,0.42314,0,,,,,,0,,,,201890,126634,2020
1094,192.4942762851715,2026-03-06T11:37:59.982846,120.09,0.0,7.12,20.49,0.0,0.0,0.0,163.71,5.61,0.291,0.281,STRAIGHT,1.5,1.5,"CMD,0.3,1.50",4.0,0.0075,2.466,0.023,1,0.9779,0,NORMAL,53.825,0.51,1,1,1,1,1,123.3,103,3,dijkstra,graph,0.42469,0,,,,,,0,,,,201861,127071,2090
1095,192.67713832855225,2026-03-06T11:38:00.165708,114.81,0.0,10.28,15.99,2.0,0.0,0.0,160.62,5.61,-0.213,0.281,STRAIGHT,1.5,1.5,"CMD,0.3,1.50",3.4,-0.0296,2.374,-0.083,1,0.9416,0,NORMAL,55.241,0.292,1,1,1,1,1,123.0,78,2,dijkstra,graph,0.38409,0,,,,,,0,,,,190390,115067,1703
1096,192.85385417938232,2026-03-06T11:38:00.342424,113.84,0.0,8.01,16.11,0.0,0.0,0.0,154.69,5.61,-0.57,-0.213,STRAIGHT,1.5,1.5,"CMD,-0.2,1.50",3.46,-0.0312,2.42,-0.091,1,0.9747,0,NORMAL,57.218,0.172,1,1,1,1,1,125.5,88,3,dijkstra,graph,0.38054,0,,,,,,0,,,,189344,113914,1745
1097,193.03069949150085,2026-03-06T11:38:00.519269,120.77,0.0,6.01,16.02,0.0,0.0,0.0,160.82,5.61,-0.255,-0.255,STRAIGHT,1.5,1.5,"CMD,-0.3,1.50",4.0,0.0091,2.237,0.023,1,0.9762,0,NORMAL,57.778,0.06,1,1,1,1,1,111.9,84,2,dijkstra,graph,0.37469,0,,,,,,0,,,,188873,112213,1770
1098,193.20979475975037,2026-03-06T11:38:00.698365,118.76,0.0,8.01,16.78,2.0,0.0,0.0,163.07,5.6,-0.367,-0.367,STRAIGHT,1.5,1.5,"CMD,-0.4,1.50",4.0,-0.0143,2.42,-0.042,1,0.9868,0,NORMAL,58.607,0.016,1,1,1,1,1,124.4,84,2,dijkstra,graph,0.37952,0,,,,,,0,,,,190172,113549,1790
1099,193.3824224472046,2026-03-06T11:38:00.870993,114.71,0.0,6.01,18.02,0.0,0.0,0.0,155.25,5.6,-0.119,-0.255,STRAIGHT,1.5,1.5,"CMD,-0.3,1.50",4.0,0.0091,2.237,0.023,1,0.9849,0,NORMAL,58.325,0.064,1,1,1,1,1,111.9,89,3,dijkstra,graph,0.38099,0,,,,,,0,,,,189854,113969,1839
1100,193.56290006637573,2026-03-06T11:38:01.051470,120.39,0.0,6.01,18.03,2.0,0.0,0.0,162.45,5.6,0.036,-0.119,STRAIGHT,1.5,1.5,"CMD,-0.1,1.50",4.0,0.0084,2.329,0.023,1,0.97,0,NORMAL,58.776,0.104,1,1,1,1,1,116.4,97,3,dijkstra,graph,0.39353,0,,,,,,0,,,,191706,117748,1830
1101,193.74263072013855,2026-03-06T11:38:01.231201,116.83,0.0,6.01,16.37,0.0,0.0,0.0,157.24,5.6,-0.43,-0.119,STRAIGHT,1.5,1.5,"CMD,-0.1,1.50",3.522,-0.033,2.466,-0.101,1,0.9747,0,NORMAL,59.743,0.029,1,1,1,1,1,129.5,87,3,dijkstra,graph,0.38293,0,,,,,,0,,,,188942,114703,1717
1102,193.9264271259308,2026-03-06T11:38:01.414997,111.94,0.0,6.01,20.03,12.03,0.0,0.0,168.04,5.6,-0.439,-0.43,STRAIGHT,1.5,1.5,"CMD,-0.4,1.50",1.989,-0.0111,1.901,-0.02,1,0.9654,0,NORMAL,59.448,0.085,1,1,1,1,1,205.2,121,4,dijkstra,fallback_centerline,0.38072,0,,,,,,0,,,,185189,114076,1874
1103,194.10156416893005,2026-03-06T11:38:01.590134,117.44,0.0,8.01,16.39,0.0,0.0,0.0,159.12,5.59,-0.156,-0.43,STRAIGHT,1.5,1.5,"CMD,-0.4,1.50",4.0,0.0099,2.146,0.023,1,0.9653,0,NORMAL,59.756,0.111,1,1,1,1,1,107.3,85,4,dijkstra,graph,0.38211,0,,,,,,0,,,,188595,114347,1724
1104,194.27501344680786,2026-03-06T11:38:01.763584,115.18,0.0,6.01,16.21,0.0,0.0,0.0,155.43,5.59,0.032,-0.156,STRAIGHT,1.5,1.5,"CMD,-0.2,1.50",4.0,0.0099,2.146,0.023,1,0.9355,0,NORMAL,59.686,0.172,1,1,1,1,1,104.8,76,4,dijkstra,graph,0.37411,0,,,,,,0,,,,178226,111960,1745
1105,194.4495072364807,2026-03-06T11:38:01.938077,110.41,0.0,8.01,16.02,2.0,0.0,0.0,156.47,5.59,0.158,0.032,STRAIGHT,1.5,1.5,"CMD,0.0,1.50",4.0,0.0099,2.146,0.023,1,0.9538,0,NORMAL,59.93,0.213,1,1,1,1,2,92.3,78,4,dijkstra,graph,0.39099,0,,,,,,0,,,,181103,117056,1850
1106,194.62835311889648,2026-03-06T11:38:02.116923,116.16,0.0,8.01,12.49,0.0,0.0,0.0,158.77,5.6,0.242,0.158,STRAIGHT,1.5,1.5,"CMD,0.2,1.50",4.0,0.0099,2.146,0.023,1,0.9564,0,NORMAL,59.815,0.207,1,1,1,1,1,105.7,86,4,dijkstra,graph,0.38874,0,,,,,,0,,,,185361,116468,1915
1107,194.8052842617035,2026-03-06T11:38:02.293854,114.59,0.0,7.13,11.02,0.0,0.0,0.0,150.92,5.61,0.297,0.242,STRAIGHT,1.5,1.5,"CMD,0.2,1.50",4.0,0.0099,2.146,0.023,1,0.9751,0,NORMAL,60.05,0.252,1,1,1,1,1,104.8,75,5,dijkstra,graph,0.38378,0,,,,,,0,,,,183831,114974,1938
1108,194.97868824005127,2026-03-06T11:38:02.467258,112.99,0.0,5.99,18.03,0.0,0.0,0.0,157.38,5.61,0.335,0.297,STRAIGHT,1.5,1.5,"CMD,0.3,1.50",4.0,0.0099,2.146,0.023,1,0.9732,0,NORMAL,60.701,0.239,1,1,1,1,1,105.7,83,6,dijkstra,graph,0.39211,0,,,,,,0,,,,187396,117568,1870
1109,195.1529941558838,2026-03-06T11:38:02.641564,116.49,0.0,8.01,14.02,1.87,0.0,0.0,162.29,5.62,0.359,0.335,STRAIGHT,1.5,1.5,"CMD,0.3,1.50",4.0,0.0099,2.146,0.023,1,0.9629,0,NORMAL,60.892,0.184,1,1,1,1,2,114.0,62,5,dijkstra,graph,0.38202,0,,,,,,0,,,,188689,114400,1848
1110,195.33386659622192,2026-03-06T11:38:02.822437,120.58,0.0,6.01,16.23,0.0,0.0,0.0,160.85,5.61,0.365,0.359,STRAIGHT,1.5,1.5,"CMD,0.4,1.50",4.0,0.0091,2.237,0.023,1,0.9601,0,NORMAL,60.603,0.263,1,1,1,1,1,111.9,79,3,dijkstra,graph,0.39663,0,,,,,,0,,,,196444,118695,1749
1111,195.51687026023865,2026-03-06T11:38:03.005440,120.82,0.0,6.01,16.15,2.0,0.0,0.0,165.26,5.61,0.369,0.365,STRAIGHT,1.5,1.5,"CMD,0.4,1.50",4.0,0.0091,2.237,0.023,1,0.9885,0,NORMAL,61.261,0.255,1,1,1,1,1,111.9,79,4,dijkstra,graph,0.39669,0,,,,,,0,,,,197072,118804,1850
1112,195.6965479850769,2026-03-06T11:38:03.185118,115.87,0.0,8.01,16.02,0.0,0.0,0.0,159.65,5.61,0.377,0.369,STRAIGHT,1.5,1.5,"CMD,0.4,1.50",4.0,0.0095,2.192,0.023,1,0.9876,0,NORMAL,61.552,0.273,1,1,1,1,1,109.6,86,4,dijkstra,graph,0.39364,0,,,,,,0,,,,195607,117945,1904
1113,195.87092518806458,2026-03-06T11:38:03.359495,113.94,0.0,10.06,14.34,2.0,0.0,0.0,156.35,5.62,0.382,0.377,STRAIGHT,1.5,1.5,"CMD,0.4,1.50",4.0,0.0095,2.192,0.023,1,0.9851,0,NORMAL,61.27,0.267,1,1,1,1,1,109.6,76,5,dijkstra,graph,0.39818,0,,,,,,0,,,,197099,119106,1880
1114,196.0493848323822,2026-03-06T11:38:03.537955,120.21,0.0,6.01,18.2,0.0,0.0,0.0,162.44,5.62,0.385,0.382,STRAIGHT,1.5,1.5,"CMD,0.4,1.50",4.0,0.0095,2.192,0.023,1,0.9839,0,NORMAL,61.738,0.325,1,1,1,1,1,109.6,84,5,dijkstra,graph,0.39481,0,,,,,,0,,,,195405,118181,2034
1115,196.2270917892456,2026-03-06T11:38:03.715662,117.58,0.0,6.01,18.02,0.0,0.0,0.0,159.38,5.61,0.393,0.385,STRAIGHT,1.5,1.5,"CMD,0.4,1.50",4.0,0.0099,2.146,0.023,1,0.9853,0,NORMAL,62.006,0.322,1,1,1,1,1,107.3,75,5,dijkstra,graph,0.39099,0,,,,,,0,,,,193447,117049,1798
1116,196.39377069473267,2026-03-06T11:38:03.882341,114.4,0.0,6.01,8.22,0.0,0.0,0.0,146.65,5.63,0.404,0.393,STRAIGHT,1.5,1.5,"CMD,0.4,1.50",4.0,0.0104,2.1,0.023,1,0.9892,0,NORMAL,62.138,0.322,1,1,1,1,1,105.0,79,6,dijkstra,graph,0.38634,0,,,,,,0,,,,192438,115603,1842
1117,196.5818030834198,2026-03-06T11:38:04.070373,119.52,0.0,6.01,16.26,0.0,0.0,0.0,159.81,5.62,-0.137,0.393,STRAIGHT,1.5,1.5,"CMD,0.4,1.50",3.4,-0.0296,2.374,-0.083,1,0.9853,0,NORMAL,59.987,0.313,1,1,1,1,1,123.0,82,3,dijkstra,graph,0.38975,0,,,,,,0,,,,194863,116656,1800
1118,196.7553470134735,2026-03-06T11:38:04.243917,117.36,0.0,6.01,15.02,0.0,0.0,0.0,157.52,5.62,-0.642,-0.137,STRAIGHT,1.5,1.5,"CMD,-0.1,1.50",3.115,-0.04,2.374,-0.113,1,0.9856,0,NORMAL,60.73,0.387,1,1,1,1,1,124.2,74,4,dijkstra,graph,0.38936,0,,,,,,0,,,,193843,116457,1789
1119,196.94620823860168,2026-03-06T11:38:04.434778,122.33,0.0,6.01,19.04,0.0,0.0,2.0,170.83,5.61,-0.906,-0.642,STRAIGHT,1.5,1.5,"CMD,-0.6,1.50",3.246,-0.0348,2.374,-0.098,1,0.9868,0,NORMAL,60.608,0.371,1,1,1,1,1,125.1,87,4,dijkstra,graph,0.39529,0,,,,,,0,,,,196007,118396,1992
1120,197.1256821155548,2026-03-06T11:38:04.614252,115.02,0.0,8.2,16.03,2.0,0.0,0.0,158.99,5.61,-0.474,-0.642,STRAIGHT,1.5,1.5,"CMD,-0.6,1.50",4.0,0.0095,2.192,0.023,1,0.9885,0,NORMAL,58.86,0.344,1,1,1,1,1,109.6,77,4,dijkstra,graph,0.39585,0,,,,,,0,,,,196271,118696,1964
1121,197.30301785469055,2026-03-06T11:38:04.791588,117.2,0.0,6.01,16.27,1.9,0.0,0.0,157.4,5.6,-0.744,-0.744,STRAIGHT,1.5,1.5,"CMD,-0.7,1.50",3.46,-0.0312,2.42,-0.091,1,0.9845,0,NORMAL,57.836,0.306,1,1,1,1,2,125.5,71,4,dijkstra,graph,0.39289,0,,,,,,0,,,,194982,117634,1721
1122,197.47952365875244,2026-03-06T11:38:04.968094,117.53,0.0,6.01,10.01,7.56,0.0,0.0,158.48,5.61,-0.365,-0.474,STRAIGHT,1.5,1.5,"CMD,-0.5,1.50",4.0,0.0095,2.192,0.023,1,0.9814,0,NORMAL,58.921,0.242,1,1,1,1,1,109.6,77,4,dijkstra,graph,0.38341,0,,,,,,0,,,,193519,114679,1749
1123,197.6588659286499,2026-03-06T11:38:05.147436,117.74,0.0,6.01,17.42,0.0,0.0,0.0,159.32,5.62,-0.107,-0.365,STRAIGHT,1.5,1.5,"CMD,-0.4,1.50",4.0,0.0099,2.146,0.023,1,0.989,0,NORMAL,59.515,0.234,1,1,1,1,1,107.3,88,4,dijkstra,graph,0.38256,0,,,,,,0,,,,193586,114407,1840
1124,197.8328628540039,2026-03-06T11:38:05.321433,114.38,0.0,6.01,16.02,2.0,0.0,0.0,159.98,5.62,0.071,-0.107,STRAIGHT,1.5,1.5,"CMD,-0.1,1.50",4.0,0.0104,2.1,0.023,1,0.9832,0,NORMAL,60.429,0.197,1,1,1,1,1,105.0,86,4,dijkstra,graph,0.3761,0,,,,,,0,,,,191595,112635,2075
1125,198.00945162773132,2026-03-06T11:38:05.498022,116.16,0.0,8.01,16.02,0.0,0.0,0.0,156.56,5.62,0.184,0.071,STRAIGHT,1.5,1.5,"CMD,0.1,1.50",4.0,0.0099,2.146,0.023,1,0.9858,0,NORMAL,60.192,0.254,1,1,1,1,1,107.3,76,5,dijkstra,graph,0.38031,0,,,,,,0,,,,193261,113863,2031
1126,198.18273305892944,2026-03-06T11:38:05.671303,118.47,0.0,5.51,16.02,0.0,0.0,0.0,159.07,5.63,-0.204,0.071,STRAIGHT,1.5,1.5,"CMD,0.1,1.50",3.498,-0.0237,2.329,-0.064,1,0.9849,0,NORMAL,61.472,0.231,1,1,1,1,1,121.3,74,5,dijkstra,graph,0.37835,0,,,,,,0,,,,192498,113250,1875
1127,198.3613064289093,2026-03-06T11:38:05.849877,118.49,0.0,6.01,16.03,2.0,0.0,0.0,160.55,5.63,-0.386,-0.204,STRAIGHT,1.5,1.5,"CMD,-0.2,1.50",3.824,-0.0182,2.374,-0.051,1,0.9772,0,NORMAL,62.077,0.233,1,1,1,1,1,122.3,75,4,dijkstra,graph,0.38488,0,,,,,,0,,,,194955,115390,1820
1128,198.53807425498962,2026-03-06T11:38:06.026644,118.86,0.0,4.01,21.87,2.0,0.0,0.0,164.75,5.62,-0.132,-0.204,STRAIGHT,1.5,1.5,"CMD,-0.2,1.50",4.0,0.0091,2.237,0.023,1,0.9796,0,NORMAL,62.559,0.245,1,1,1,1,1,111.9,85,5,dijkstra,graph,0.37888,0,,,,,,0,,,,194485,113536,2044
1129,198.70904636383057,2026-03-06T11:38:06.197617,113.41,0.0,6.86,15.56,2.0,0.0,0.0,154.95,5.64,0.048,-0.132,STRAIGHT,1.5,1.5,"CMD,-0.1,1.50",4.0,0.0099,2.146,0.023,1,0.9734,0,NORMAL,63.425,0.236,1,1,1,1,1,107.3,83,5,dijkstra,graph,0.37019,0,,,,,,0,,,,190612,110862,1959
1130,198.8813672065735,2026-03-06T11:38:06.369937,116.98,0.0,6.01,12.02,2.0,0.0,0.0,156.3,5.64,-0.279,-0.132,STRAIGHT,1.5,1.5,"CMD,-0.1,1.50",3.641,-0.0227,2.374,-0.064,1,0.9718,0,NORMAL,64.031,0.215,1,1,1,1,1,121.2,51,3,dijkstra,graph,0.37095,0,,,,,,0,,,,187689,111012,1513
1131,199.04731941223145,2026-03-06T11:38:06.535889,109.71,0.0,10.01,12.09,0.0,0.0,0.0,145.93,5.66,-0.038,-0.038,STRAIGHT,1.5,1.5,"CMD,-0.0,1.50",4.0,0.0108,2.055,0.023,1,0.9709,0,NORMAL,65.541,0.186,1,1,1,1,1,102.7,55,4,dijkstra,graph,0.35659,0,,,,,,0,,,,186181,106658,1615
1132,199.21796226501465,2026-03-06T11:38:06.706532,114.36,0.0,6.37,11.76,0.0,0.0,2.0,160.23,5.67,0.124,-0.038,STRAIGHT,1.5,1.5,"CMD,-0.0,1.50",4.0,0.0108,2.055,0.023,1,0.9684,0,NORMAL,66.484,0.12,1,1,1,1,1,102.7,48,6,dijkstra,graph,0.3506,0,,,,,,0,,,,185694,104997,1649
1133,199.3877456188202,2026-03-06T11:38:06.876316,116.01,0.0,8.01,13.72,0.0,0.0,0.0,153.76,5.67,-0.127,-0.038,STRAIGHT,1.5,1.5,"CMD,-0.0,1.50",3.857,-0.0152,2.329,-0.041,1,0.9664,0,NORMAL,65.118,0.245,1,1,1,1,1,119.9,60,4,dijkstra,graph,0.36459,0,,,,,,0,,,,189540,109046,1594
1134,199.55427241325378,2026-03-06T11:38:07.042842,112.28,0.0,6.01,12.02,0.0,0.0,0.0,148.5,5.68,0.052,0.052,STRAIGHT,1.5,1.5,"CMD,0.1,1.50",4.0,0.0099,2.146,0.023,1,0.9787,0,NORMAL,65.696,0.288,1,1,1,1,1,107.3,61,5,dijkstra,graph,0.37132,0,,,,,,0,,,,191356,111167,1832
1135,199.71900987625122,2026-03-06T11:38:07.207580,115.64,0.0,6.01,10.28,0.0,0.0,0.0,148.72,5.7,0.171,0.052,STRAIGHT,1.5,1.5,"CMD,0.1,1.50",4.0,0.0099,2.146,0.023,1,0.9848,0,NORMAL,65.996,0.27,1,1,1,1,1,107.3,60,4,dijkstra,graph,0.36855,0,,,,,,0,,,,190841,110369,1732
1136,199.8978168964386,2026-03-06T11:38:07.386387,110.26,0.0,10.11,13.76,0.0,0.0,0.0,154.88,5.69,0.25,0.171,STRAIGHT,1.5,1.5,"CMD,0.2,1.50",4.0,0.0099,2.146,0.023,1,0.98,0,NORMAL,66.218,0.286,1,1,1,1,1,107.3,59,4,dijkstra,graph,0.36554,0,,,,,,0,,,,189106,109379,1737
1137,200.0707869529724,2026-03-06T11:38:07.559357,116.63,0.0,8.27,16.02,0.0,0.0,0.0,156.95,5.7,0.303,0.25,STRAIGHT,1.5,1.5,"CMD,0.3,1.50",4.0,0.0099,2.146,0.023,1,0.9759,0,NORMAL,66.126,0.316,1,1,1,1,1,107.3,73,4,dijkstra,graph,0.3706,0,,,,,,0,,,,191294,110923,1769
1138,200.24675107002258,2026-03-06T11:38:07.735321,116.46,0.0,8.01,12.02,0.0,0.0,0.0,152.5,5.7,0.344,0.303,STRAIGHT,1.5,1.5,"CMD,0.3,1.50",4.0,0.0104,2.1,0.023,1,0.9742,0,NORMAL,66.058,0.284,1,1,1,1,1,105.0,71,4,dijkstra,graph,0.36498,0,,,,,,0,,,,190862,109160,1852
1139,200.41750860214233,2026-03-06T11:38:07.906078,117.45,0.0,6.24,16.02,0.0,0.0,0.0,155.74,5.7,0.075,0.303,STRAIGHT,1.5,1.5,"CMD,0.3,1.50",4.0,-0.0112,2.374,-0.032,1,0.962,0,NORMAL,65.745,0.348,1,1,1,1,1,120.4,74,3,dijkstra,graph,0.37692,0,,,,,,0,,,,196233,112763,1860
1140,200.59689664840698,2026-03-06T11:38:08.085467,118.18,0.0,4.01,20.43,0.0,0.0,2.0,159.36,5.71,0.161,0.161,STRAIGHT,1.5,1.5,"CMD,0.2,1.50",4.0,0.0081,2.374,0.023,1,0.9576,0,NORMAL,65.493,0.386,1,1,1,1,1,118.7,86,3,dijkstra,graph,0.38973,0,,,,,,0,,,,200800,116622,1805
1141,200.76620602607727,2026-03-06T11:38:08.254776,116.59,0.0,8.01,10.25,0.0,0.0,0.0,153.29,5.72,0.112,0.112,STRAIGHT,1.5,1.5,"CMD,0.1,1.50",4.0,0.0003,2.42,0.001,1,0.9667,0,NORMAL,66.208,0.4,1,1,1,1,1,121.7,82,3,dijkstra,graph,0.37983,0,,,,,,0,,,,196181,113571,1730
1142,200.95087504386902,2026-03-06T11:38:08.439445,113.34,0.0,8.2,16.29,0.0,0.0,0.0,162.13,5.71,0.211,0.161,STRAIGHT,1.5,1.5,"CMD,0.2,1.50",4.0,0.0099,2.146,0.023,1,0.9694,0,NORMAL,66.807,0.382,1,1,1,1,1,107.3,94,4,dijkstra,graph,0.37064,0,,,,,,0,,,,191402,110834,1885
1143,201.12433505058289,2026-03-06T11:38:08.612905,117.57,0.0,5.82,16.02,2.0,0.0,0.0,157.44,5.71,0.271,0.211,STRAIGHT,1.5,1.5,"CMD,0.2,1.50",4.0,0.0095,2.192,0.023,1,0.9797,0,NORMAL,66.942,0.412,1,1,1,1,1,109.6,95,3,dijkstra,graph,0.37459,0,,,,,,0,,,,191482,112105,1927
1144,201.29507064819336,2026-03-06T11:38:08.783641,114.95,0.0,4.01,19.74,0.0,0.0,2.0,154.72,5.72,0.185,0.211,STRAIGHT,1.5,1.5,"CMD,0.2,1.50",4.0,0.0003,2.42,0.001,1,0.9722,0,NORMAL,66.9,0.395,1,1,1,1,1,121.7,88,3,dijkstra,graph,0.38599,0,,,,,,0,,,,193493,115605,1730
1145,201.4635112285614,2026-03-06T11:38:08.952081,108.26,0.0,13.25,14.56,0.0,0.0,0.0,152.34,5.72,0.239,0.239,STRAIGHT,1.5,1.5,"CMD,0.2,1.50",4.0,0.0084,2.329,0.023,1,0.9817,0,NORMAL,66.726,0.447,1,1,1,1,1,116.4,75,2,dijkstra,graph,0.38277,0,,,,,,0,,,,191684,114585,1589
1146,201.63392162322998,2026-03-06T11:38:09.122492,109.41,0.0,10.36,14.59,2.0,0.0,0.0,154.39,5.74,0.044,0.185,STRAIGHT,1.5,1.5,"CMD,0.2,1.50",4.0,-0.0084,2.42,-0.025,1,0.9844,0,NORMAL,66.868,0.493,1,1,1,1,2,122.6,82,2,dijkstra,graph,0.38302,0,,,,,,0,,,,193114,114672,1669
1147,201.81176686286926,2026-03-06T11:38:09.300337,122.36,0.0,0.0,24.31,0.0,0.0,0.0,166.09,5.74,0.16,0.16,STRAIGHT,1.5,1.5,"CMD,0.2,1.50",4.0,0.0095,2.192,0.023,1,0.9809,0,NORMAL,66.719,0.525,1,1,1,1,1,109.6,89,3,dijkstra,graph,0.37791,0,,,,,,0,,,,190870,113157,1837
1148,201.97940683364868,2026-03-06T11:38:09.467977,107.18,0.0,8.01,16.02,0.0,0.0,0.0,151.62,5.76,0.232,0.16,STRAIGHT,1.5,1.5,"CMD,0.2,1.50",4.0,0.0091,2.237,0.023,1,0.9788,0,NORMAL,67.121,0.548,1,1,1,1,1,111.9,84,3,dijkstra,graph,0.38221,0,,,,,,0,,,,193523,114517,1800
1149,202.14040279388428,2026-03-06T11:38:09.628973,102.73,0.0,8.01,14.02,2.0,0.0,0.0,142.97,5.78,-0.043,0.16,STRAIGHT,1.5,1.5,"CMD,0.2,1.50",4.0,-0.0143,2.42,-0.042,1,0.9831,0,NORMAL,65.33,0.553,1,1,1,1,2,124.4,79,2,dijkstra,graph,0.39012,0,,,,,,0,,,,195059,116852,1714
1150,202.30734252929688,2026-03-06T11:38:09.795913,107.52,0.0,6.01,18.08,0.0,0.0,0.0,154.06,5.79,-0.279,-0.043,STRAIGHT,1.5,1.5,"CMD,-0.0,1.50",3.824,-0.0182,2.374,-0.051,1,0.9756,0,NORMAL,65.899,0.561,1,1,1,1,1,122.3,94,2,dijkstra,graph,0.37955,0,,,,,,0,,,,191203,113525,1724
1151,202.4853298664093,2026-03-06T11:38:09.973900,113.86,0.0,6.01,16.02,2.0,0.0,0.0,155.96,5.79,-0.06,-0.06,STRAIGHT,1.5,1.5,"CMD,-0.1,1.50",4.0,0.0091,2.237,0.023,1,0.988,0,NORMAL,66.34,0.584,1,1,1,1,1,111.9,83,2,dijkstra,graph,0.37775,0,,,,,,0,,,,190522,113018,1683
1152,202.65345740318298,2026-03-06T11:38:10.142027,108.44,0.0,7.01,16.03,0.0,0.0,0.0,150.11,5.81,-0.447,-0.279,STRAIGHT,1.5,1.5,"CMD,-0.3,1.50",3.4,-0.0296,2.374,-0.083,1,0.9833,0,NORMAL,66.694,0.598,1,1,1,1,2,123.0,86,2,dijkstra,graph,0.37719,0,,,,,,0,,,,190469,112833,1695
1153,202.8207492828369,2026-03-06T11:38:10.309319,102.86,0.0,10.33,22.3,0.0,0.0,0.0,153.28,5.81,-0.548,-0.447,STRAIGHT,1.5,1.5,"CMD,-0.4,1.50",3.824,-0.0182,2.374,-0.051,1,0.979,0,NORMAL,66.831,0.639,1,1,1,1,1,122.3,86,2,dijkstra,graph,0.38054,0,,,,,,0,,,,189465,113906,1747
1154,202.99664068222046,2026-03-06T11:38:10.485211,109.6,0.0,6.19,16.02,2.0,0.0,0.0,157.87,5.81,-0.616,-0.548,STRAIGHT,1.5,1.5,"CMD,-0.5,1.50",3.824,-0.0182,2.374,-0.051,1,0.9743,0,NORMAL,67.591,0.563,1,1,1,1,1,122.3,88,2,dijkstra,graph,0.37048,0,,,,,,0,,,,187774,110948,1732
1155,203.15567779541016,2026-03-06T11:38:10.644248,106.85,0.0,6.01,11.86,2.0,0.0,0.0,143.02,5.83,-0.817,-0.616,STRAIGHT,1.5,1.5,"CMD,-0.6,1.50",3.4,-0.0296,2.374,-0.083,1,0.9814,0,NORMAL,66.759,0.58,1,1,1,1,1,123.0,70,2,dijkstra,graph,0.37153,0,,,,,,0,,,,187328,111297,1542
1156,203.3328399658203,2026-03-06T11:38:10.821410,105.08,0.0,8.01,22.03,10.01,0.0,0.0,161.14,5.83,-0.291,-0.616,STRAIGHT,1.5,1.5,"CMD,-0.6,1.50",2.283,0.0185,2.235,0.046,1,0.9688,0,NORMAL,60.662,0.561,1,1,1,1,1,224.7,136,4,dijkstra,fallback_centerline,0.37376,0,,,,,,0,,,,185909,112083,1882
1157,203.5086362361908,2026-03-06T11:38:10.997206,104.53,0.0,8.01,20.03,10.01,0.0,0.0,158.87,5.83,1.308,-0.291,STRAIGHT,1.5,1.5,"CMD,-0.3,1.50",2.014,0.1094,1.935,0.207,1,0.9433,0,NORMAL,61.443,0.576,1,1,1,1,1,220.4,134,3,dijkstra,fallback_centerline,0.36502,0,,,,,,0,,,,181811,109324,1806
1158,203.67310214042664,2026-03-06T11:38:11.161672,106.4,0.0,6.01,16.02,0.0,0.0,0.0,148.45,5.84,0.621,0.621,STRAIGHT,1.5,1.5,"CMD,0.6,1.50",3.824,-0.0182,2.374,-0.051,1,0.9465,0,NORMAL,58.557,0.63,1,1,1,1,1,122.3,91,2,dijkstra,graph,0.37428,0,,,,,,0,,,,188681,112038,1641
1159,203.84098982810974,2026-03-06T11:38:11.329560,111.82,0.0,8.01,12.02,2.0,0.0,0.0,149.87,5.85,0.164,0.621,STRAIGHT,1.5,1.5,"CMD,0.6,1.50",3.824,-0.0182,2.374,-0.051,1,0.9796,0,NORMAL,59.89,0.536,1,1,1,1,2,122.3,64,2,dijkstra,graph,0.36618,0,,,,,,0,,,,186511,109571,1466
1160,204.01226615905762,2026-03-06T11:38:11.500836,113.38,0.0,8.01,16.39,0.0,0.0,0.0,157.26,5.84,-0.1,0.164,STRAIGHT,1.5,1.5,"CMD,0.2,1.50",3.859,-0.0152,2.329,-0.041,1,0.9881,0,NORMAL,59.972,0.551,1,1,1,1,1,119.9,83,2,dijkstra,graph,0.36725,0,,,,,,0,,,,187169,110036,1570
1161,204.18067860603333,2026-03-06T11:38:11.669249,108.82,0.0,7.53,18.02,0.0,0.0,0.0,150.39,5.84,0.064,0.064,STRAIGHT,1.5,1.5,"CMD,0.1,1.50",4.0,0.0095,2.192,0.023,1,0.9833,0,NORMAL,59.963,0.461,1,1,1,1,1,109.6,87,3,dijkstra,graph,0.37597,0,,,,,,0,,,,189549,112407,1712
1162,204.34211826324463,2026-03-06T11:38:11.830688,103.74,0.0,6.01,18.19,0.0,0.0,0.0,145.42,5.85,0.168,0.064,STRAIGHT,1.5,1.5,"CMD,0.1,1.50",4.0,0.0091,2.237,0.023,1,0.9873,0,NORMAL,60.007,0.469,1,1,1,1,1,111.9,105,3,dijkstra,graph,0.38419,0,,,,,,0,,,,191778,114970,1920
1163,204.50457286834717,2026-03-06T11:38:11.993143,104.3,0.0,6.01,14.1,0.0,0.0,2.0,142.43,5.86,0.243,0.168,STRAIGHT,1.5,1.5,"CMD,0.2,1.50",4.0,0.0095,2.192,0.023,1,0.9844,0,NORMAL,60.228,0.39,1,1,1,1,1,109.6,77,3,dijkstra,graph,0.38211,0,,,,,,0,,,,191037,114318,1698
1164,204.67105650901794,2026-03-06T11:38:12.159627,108.06,0.0,6.01,16.36,2.0,0.0,0.0,150.47,5.86,0.287,0.243,STRAIGHT,1.5,1.5,"CMD,0.2,1.50",4.0,0.0091,2.237,0.023,1,0.9789,0,NORMAL,60.02,0.413,1,1,1,1,1,111.9,96,3,dijkstra,graph,0.39581,0,,,,,,0,,,,194930,118568,1938
1165,204.83370852470398,2026-03-06T11:38:12.322278,108.56,0.0,6.01,14.02,2.0,0.0,0.0,151.92,5.88,-0.059,0.243,STRAIGHT,1.5,1.5,"CMD,0.2,1.50",3.824,-0.0182,2.374,-0.051,1,0.9808,0,NORMAL,59.45,0.372,1,1,1,1,1,122.3,77,2,dijkstra,graph,0.3856,0,,,,,,0,,,,191468,115352,1665
1166,204.99085783958435,2026-03-06T11:38:12.479428,104.61,0.0,8.16,12.34,0.0,0.0,0.0,141.13,5.89,0.086,0.086,STRAIGHT,1.5,1.5,"CMD,0.1,1.50",4.0,0.0091,2.237,0.023,1,0.9861,0,NORMAL,59.676,0.321,1,1,1,1,1,111.9,78,3,dijkstra,graph,0.39211,0,,,,,,0,,,,192933,117351,1814
1167,205.156085729599,2026-03-06T11:38:12.644656,102.57,0.0,9.46,12.02,2.0,0.0,0.0,143.08,5.9,-0.254,-0.059,STRAIGHT,1.5,1.5,"CMD,-0.1,1.50",3.641,-0.0227,2.374,-0.064,1,0.9907,0,NORMAL,59.675,0.297,1,1,1,1,1,121.2,66,3,dijkstra,graph,0.38564,0,,,,,,0,,,,191884,115503,1627
1168,205.33225798606873,2026-03-06T11:38:12.820828,107.23,0.0,10.07,28.28,0.0,0.0,0.0,160.04,5.9,-0.328,-0.254,STRAIGHT,1.5,1.5,"CMD,-0.3,1.50",4.0,-0.0115,3.989,-0.092,1,0.9681,0,NORMAL,58.526,0.31,1,1,1,1,1,288.5,148,2,dijkstra,graph,0.39114,0,,,,,,0,,,,192184,117032,1899
1169,205.50222754478455,2026-03-06T11:38:12.990798,109.41,0.0,0.0,14.02,2.0,0.0,0.0,149.95,5.91,-0.107,-0.254,STRAIGHT,1.5,1.5,"CMD,-0.3,1.50",4.0,0.0081,2.374,0.023,1,0.9619,0,NORMAL,58.248,0.252,1,1,1,1,1,118.7,87,2,dijkstra,graph,0.39267,0,,,,,,0,,,,193022,117647,1641
1170,205.6693034172058,2026-03-06T11:38:13.157873,104.31,0.0,10.37,20.04,2.0,0.0,0.0,151.06,5.91,0.044,-0.107,STRAIGHT,1.5,1.5,"CMD,-0.1,1.50",4.0,0.0084,2.329,0.023,1,0.9737,0,NORMAL,58.958,0.283,1,1,1,1,1,116.4,91,4,dijkstra,graph,0.40715,0,,,,,,0,,,,197061,122002,2105
1171,205.83843970298767,2026-03-06T11:38:13.327010,112.07,0.0,8.01,12.48,0.0,0.0,0.0,149.11,5.93,0.141,0.044,STRAIGHT,1.5,1.5,"CMD,0.0,1.50",4.0,0.0081,2.374,0.023,1,0.982,0,NORMAL,59.702,0.088,1,1,1,1,1,118.7,78,3,dijkstra,graph,0.39488,0,,,,,,0,,,,196701,118184,1709
1172,206.02240204811096,2026-03-06T11:38:13.510972,116.65,0.0,6.01,18.44,0.0,0.0,0.0,159.92,5.92,0.205,0.141,STRAIGHT,1.5,1.5,"CMD,0.1,1.50",4.0,0.0081,2.374,0.023,1,0.9839,0,NORMAL,59.334,0.066,1,1,1,1,1,118.7,107,4,dijkstra,graph,0.40855,0,,,,,,0,,,,197424,122251,2056
1173,206.19146490097046,2026-03-06T11:38:13.680035,113.52,0.0,8.01,14.24,0.0,0.0,0.0,151.04,5.92,0.248,0.205,STRAIGHT,1.5,1.5,"CMD,0.2,1.50",4.0,0.0081,2.374,0.023,1,0.9893,0,NORMAL,59.626,0.065,1,1,1,1,1,118.7,108,5,dijkstra,graph,0.41626,0,,,,,,0,,,,198697,124574,2209
1174,206.36412596702576,2026-03-06T11:38:13.852696,108.16,0.0,6.01,16.32,0.0,0.0,0.0,150.53,5.92,0.277,0.248,STRAIGHT,1.5,1.5,"CMD,0.2,1.50",4.0,0.0081,2.374,0.023,1,0.9867,0,NORMAL,59.921,0.061,1,1,1,1,1,118.7,100,8,dijkstra,graph,0.42926,0,,,,,,0,,,,199929,128430,2483
1175,206.53766703605652,2026-03-06T11:38:14.026237,111.05,0.0,6.01,18.0,0.0,0.0,0.0,153.45,5.91,0.296,0.277,STRAIGHT,1.5,1.5,"CMD,0.3,1.50",4.0,0.0081,2.374,0.023,1,0.9894,0,NORMAL,59.857,-0.016,1,1,1,1,1,118.7,103,7,dijkstra,graph,0.43217,0,,,,,,0,,,,200791,129371,2485
1176,206.71056199073792,2026-03-06T11:38:14.199132,112.82,0.0,6.01,22.03,0.0,0.0,0.0,156.88,5.92,0.309,0.296,STRAIGHT,1.5,1.5,"CMD,0.3,1.50",4.0,0.0081,2.374,0.023,1,0.9867,0,NORMAL,59.821,-0.014,1,1,1,1,1,118.7,126,8,dijkstra,graph,0.42944,0,,,,,,0,,,,200183,128463,2665
1177,206.8870244026184,2026-03-06T11:38:14.375594,116.42,0.0,7.52,18.48,0.0,0.0,0.0,158.44,5.91,0.317,0.309,STRAIGHT,1.5,1.5,"CMD,0.3,1.50",4.0,0.0081,2.374,0.023,1,0.9822,0,NORMAL,60.962,-0.104,1,1,1,1,1,118.7,113,7,dijkstra,graph,0.42521,0,,,,,,0,,,,198448,127204,2420
1178,207.0575680732727,2026-03-06T11:38:14.546138,107.87,0.0,6.01,20.02,0.0,0.0,0.0,152.02,5.9,0.323,0.317,STRAIGHT,1.5,1.5,"CMD,0.3,1.50",4.0,0.0081,2.374,0.023,1,0.9857,0,NORMAL,60.607,-0.114,1,1,1,1,1,118.7,133,7,dijkstra,graph,0.4419,0,,,,,,0,,,,200230,132244,2786
1179,207.2254753112793,2026-03-06T11:38:14.714045,106.63,0.0,6.01,19.89,2.0,0.0,0.0,151.89,5.9,0.327,0.323,STRAIGHT,1.5,1.5,"CMD,0.3,1.50",4.0,0.0081,2.374,0.023,1,0.9822,0,NORMAL,60.337,-0.142,1,1,1,1,1,118.7,129,5,dijkstra,graph,0.42374,0,,,,,,0,,,,198780,126874,2370
1180,207.39374685287476,2026-03-06T11:38:14.882317,110.23,0.0,6.01,16.02,2.0,0.0,0.0,150.28,5.91,0.329,0.327,STRAIGHT,1.5,1.5,"CMD,0.3,1.50",4.0,0.0081,2.374,0.023,1,0.9818,0,NORMAL,61.202,-0.137,1,1,1,1,1,118.7,97,7,dijkstra,graph,0.43959,0,,,,,,0,,,,201315,131476,2557
1181,207.56292700767517,2026-03-06T11:38:15.051497,108.75,0.0,2.0,26.39,2.0,0.0,0.0,153.16,5.91,0.331,0.329,STRAIGHT,1.5,1.5,"CMD,0.3,1.50",4.0,0.0081,2.374,0.023,1,0.9779,0,NORMAL,61.644,-0.164,1,1,1,1,1,118.7,111,6,dijkstra,graph,0.42812,0,,,,,,0,,,,200444,128037,2461
1182,207.72438955307007,2026-03-06T11:38:15.212960,101.33,0.0,0.0,16.02,2.0,0.0,0.0,145.44,5.91,0.332,0.331,STRAIGHT,1.5,1.5,"CMD,0.3,1.50",4.0,0.0081,2.374,0.023,1,0.9733,0,NORMAL,62.339,-0.342,1,1,1,1,1,118.7,90,4,dijkstra,graph,0.42781,0,,,,,,0,,,,199704,128135,2049
1183,207.8867471218109,2026-03-06T11:38:15.375317,110.11,0.0,6.01,14.2,0.0,0.0,0.0,146.34,5.93,0.333,0.332,STRAIGHT,1.5,1.5,"CMD,0.3,1.50",4.0,0.0081,2.374,0.023,1,0.981,0,NORMAL,63.786,-0.303,1,1,1,1,1,118.7,73,2,dijkstra,graph,0.41145,0,,,,,,0,,,,198606,123226,1638
1184,208.05886459350586,2026-03-06T11:38:15.547435,106.82,0.0,6.01,22.43,0.0,0.0,0.0,154.09,5.91,0.333,0.333,STRAIGHT,1.5,1.5,"CMD,0.3,1.50",4.0,0.0081,2.374,0.023,1,0.9791,0,NORMAL,62.534,-0.42,1,1,1,1,1,118.7,127,5,dijkstra,graph,0.4345,0,,,,,,0,,,,201459,130037,2566
1185,208.23131561279297,2026-03-06T11:38:15.719886,105.72,0.0,8.01,22.17,0.0,0.0,0.0,150.19,5.92,0.334,0.333,STRAIGHT,1.5,1.5,"CMD,0.3,1.50",4.0,0.0081,2.374,0.023,1,0.9727,0,NORMAL,63.151,-0.406,1,1,1,1,1,118.7,126,9,dijkstra,graph,0.46105,0,,,,,,0,,,,199866,138043,3031
1186,208.40299940109253,2026-03-06T11:38:15.891569,112.38,0.0,6.01,18.02,0.0,0.0,2.0,161.25,5.93,0.334,0.334,STRAIGHT,1.5,1.5,"CMD,0.3,1.50",4.0,0.0081,2.374,0.023,1,0.9816,0,NORMAL,63.054,-0.392,1,1,1,1,1,118.7,113,6,dijkstra,graph,0.45256,0,,,,,,0,,,,199998,135516,2573
1187,208.57862734794617,2026-03-06T11:38:16.067197,115.13,0.0,4.01,22.03,0.0,0.0,0.0,159.61,5.91,0.334,0.334,STRAIGHT,1.5,1.5,"CMD,0.3,1.50",4.0,0.0081,2.374,0.023,1,0.9836,0,NORMAL,63.291,-0.417,1,1,1,1,1,118.7,133,10,dijkstra,graph,0.46,0,,,,,,0,,,,201391,137673,2951
1188,208.7397882938385,2026-03-06T11:38:16.228358,98.66,0.0,14.09,14.13,0.0,0.0,0.0,145.14,5.92,0.334,0.334,STRAIGHT,1.5,1.5,"CMD,0.3,1.50",4.0,0.0081,2.374,0.023,1,0.9801,0,NORMAL,62.964,-0.398,1,1,1,1,1,118.7,126,13,dijkstra,graph,0.46659,0,,,,,,0,,,,203956,139725,3217
1189,208.91607904434204,2026-03-06T11:38:16.404649,105.93,0.0,8.01,22.04,2.0,0.0,0.0,152.01,5.91,0.334,0.334,STRAIGHT,1.5,1.5,"CMD,0.3,1.50",4.0,0.0081,2.374,0.023,1,0.9819,0,NORMAL,63.592,-0.406,1,1,1,1,1,118.7,111,10,dijkstra,graph,0.4639,0,,,,,,0,,,,202387,138932,3096
1190,209.09585547447205,2026-03-06T11:38:16.584426,111.04,0.0,4.0,30.49,0.0,0.0,0.0,161.75,5.9,0.334,0.334,STRAIGHT,1.5,1.5,"CMD,0.3,1.50",4.0,0.0081,2.374,0.023,1,0.9833,0,NORMAL,63.38,-0.394,1,1,1,1,1,118.7,148,11,dijkstra,graph,0.4668,0,,,,,,0,,,,201694,139597,3240
1191,209.27869129180908,2026-03-06T11:38:16.767261,117.76,0.0,6.01,22.46,0.0,0.0,0.0,164.79,5.87,0.33,0.334,STRAIGHT,1.5,1.5,"CMD,0.3,1.50",4.0,0.0078,2.42,0.023,1,0.9818,0,NORMAL,63.018,-0.436,1,1,1,1,1,121.0,135,10,dijkstra,graph,0.46535,0,,,,,,0,,,,200935,139267,3270
1192,209.44770669937134,2026-03-06T11:38:16.936277,108.36,0.0,6.01,18.33,2.0,0.0,0.0,150.99,5.87,0.327,0.33,STRAIGHT,1.5,1.5,"CMD,0.3,1.50",4.0,0.0078,2.42,0.023,1,0.966,0,NORMAL,62.907,-0.482,1,1,1,1,1,121.0,118,6,dijkstra,graph,0.44085,0,,,,,,0,,,,202086,131894,2282
1193,209.62474918365479,2026-03-06T11:38:17.113319,110.58,0.0,6.01,24.41,2.0,0.0,0.0,161.02,5.85,0.325,0.327,STRAIGHT,1.5,1.5,"CMD,0.3,1.50",4.0,0.0078,2.42,0.023,1,0.96,0,NORMAL,64.5,-0.601,1,1,1,1,1,121.0,172,12,dijkstra,graph,0.47806,0,,,,,,0,,,,204735,142851,3582
1194,209.80092406272888,2026-03-06T11:38:17.289494,116.88,0.0,7.01,18.03,0.0,0.0,0.0,160.16,5.84,0.328,0.327,STRAIGHT,1.5,1.5,"CMD,0.3,1.50",4.0,0.0081,2.374,0.023,1,0.9683,0,NORMAL,63.875,-0.522,1,1,1,1,1,118.7,107,3,dijkstra,graph,0.43068,0,,,,,,0,,,,200944,128818,2048
1195,209.97767090797424,2026-03-06T11:38:17.466241,118.67,0.0,8.01,18.03,0.0,0.0,0.0,158.72,5.82,0.335,0.328,STRAIGHT,1.5,1.5,"CMD,0.3,1.50",4.0,0.0084,2.329,0.023,1,0.9731,0,NORMAL,63.894,-0.555,1,1,1,1,1,116.4,166,10,dijkstra,graph,0.46853,0,,,,,,0,,,,201825,140263,3239
1196,210.17229580879211,2026-03-06T11:38:17.660866,114.76,0.0,6.01,31.01,0.0,0.0,0.0,169.8,5.78,0.344,0.335,STRAIGHT,1.5,1.5,"CMD,0.3,1.50",4.0,0.0088,2.283,0.023,1,0.9819,0,NORMAL,64.598,-0.582,1,1,1,1,1,114.2,244,11,dijkstra,graph,0.47618,0,,,,,,0,,,,203575,142587,3907
1197,210.3607895374298,2026-03-06T11:38:17.849359,111.14,0.0,6.01,30.04,0.0,0.0,0.0,164.36,5.77,0.349,0.344,STRAIGHT,1.5,1.5,"CMD,0.3,1.50",4.0,0.0088,2.283,0.023,1,0.9674,0,NORMAL,61.739,-0.48,1,1,1,1,1,114.2,215,12,dijkstra,graph,0.47955,0,,,,,,0,,,,206738,143386,3990
1198,210.5443935394287,2026-03-06T11:38:18.032964,115.4,0.0,7.75,28.41,0.0,0.0,0.0,165.58,5.75,0.358,0.349,STRAIGHT,1.5,1.5,"CMD,0.3,1.50",4.0,0.0091,2.237,0.023,1,0.9774,0,NORMAL,61.157,-0.394,1,1,1,1,1,111.9,167,8,dijkstra,graph,0.45558,0,,,,,,0,,,,206428,136160,3299
1199,210.72550249099731,2026-03-06T11:38:18.214072,111.38,0.0,8.01,25.67,2.0,0.0,0.0,165.09,5.74,0.364,0.358,STRAIGHT,1.5,1.5,"CMD,0.4,1.50",4.0,0.0091,2.237,0.023,1,0.9803,0,NORMAL,60.492,-0.36,1,1,1,1,1,111.9,145,6,dijkstra,graph,0.47287,0,,,,,,0,,,,209668,141287,3298
1200,210.90883493423462,2026-03-06T11:38:18.397405,115.02,0.0,8.01,24.03,0.0,0.0,0.0,163.31,5.72,0.374,0.364,STRAIGHT,1.5,1.5,"CMD,0.4,1.50",4.0,0.0095,2.192,0.023,1,0.9747,0,NORMAL,59.87,-0.352,1,1,1,1,1,109.6,142,7,dijkstra,graph,0.46215,0,,,,,,0,,,,211408,138151,3086
1201,211.09405875205994,2026-03-06T11:38:18.582629,112.83,0.0,3.11,28.14,0.0,0.0,0.0,167.2,5.72,0.38,0.374,STRAIGHT,1.5,1.5,"CMD,0.4,1.50",4.0,0.0095,2.192,0.023,1,0.9901,0,NORMAL,59.822,-0.357,1,1,1,1,1,109.6,165,9,dijkstra,graph,0.4599,0,,,,,,0,,,,211068,137576,3243
1202,211.27345371246338,2026-03-06T11:38:18.762024,113.62,0.0,6.01,24.03,2.0,0.0,0.0,163.37,5.71,0.389,0.38,STRAIGHT,1.5,1.5,"CMD,0.4,1.50",4.0,0.0099,2.146,0.023,1,0.9841,0,NORMAL,58.109,-0.311,1,1,1,1,1,107.3,154,8,dijkstra,graph,0.458,0,,,,,,0,,,,209886,136818,3162
1203,211.4484350681305,2026-03-06T11:38:18.937005,112.46,0.0,8.01,22.31,0.0,0.0,0.0,160.96,5.7,0.396,0.389,STRAIGHT,1.5,1.5,"CMD,0.4,1.50",4.0,0.0099,2.146,0.023,1,0.9871,0,NORMAL,57.912,-0.307,1,1,1,1,1,107.3,142,8,dijkstra,graph,0.45853,0,,,,,,0,,,,210017,137204,3115
1204,211.63300704956055,2026-03-06T11:38:19.121577,113.93,0.0,8.01,26.22,0.0,0.0,0.0,164.18,5.69,0.4,0.396,STRAIGHT,1.5,1.5,"CMD,0.4,1.50",4.0,0.0099,2.146,0.023,1,0.978,0,NORMAL,57.263,-0.244,1,1,1,1,1,107.3,165,9,dijkstra,graph,0.46163,0,,,,,,0,,,,211675,138145,3318
1205,211.81374597549438,2026-03-06T11:38:19.302316,111.75,0.0,10.02,24.03,0.0,0.0,0.0,162.71,5.68,0.403,0.4,STRAIGHT,1.5,1.5,"CMD,0.4,1.50",4.0,0.0099,2.146,0.023,1,0.9849,0,NORMAL,56.519,-0.256,1,1,1,1,1,107.3,153,7,dijkstra,graph,0.4644,0,,,,,,0,,,,212050,138910,3243
1206,212.00132942199707,2026-03-06T11:38:19.489899,120.15,0.0,6.01,24.07,0.0,0.0,0.0,167.56,5.67,0.405,0.403,STRAIGHT,1.5,1.5,"CMD,0.4,1.50",4.0,0.0099,2.146,0.023,1,0.9796,0,NORMAL,54.025,-0.239,1,1,1,1,1,107.3,153,7,dijkstra,graph,0.47048,0,,,,,,0,,,,215467,140535,3247
1207,212.18268251419067,2026-03-06T11:38:19.671252,111.51,0.0,7.01,21.6,1.0,0.0,0.0,157.81,5.66,0.406,0.405,STRAIGHT,1.5,1.5,"CMD,0.4,1.50",4.0,0.0099,2.146,0.023,1,0.9788,0,NORMAL,53.824,-0.242,1,1,1,1,1,107.3,143,6,dijkstra,graph,0.46552,0,,,,,,0,,,,213720,139075,3176
1208,212.36070585250854,2026-03-06T11:38:19.849276,111.53,0.0,8.01,22.03,0.0,0.0,0.0,158.0,5.65,0.407,0.406,STRAIGHT,1.5,1.5,"CMD,0.4,1.50",4.0,0.0099,2.146,0.023,1,0.9791,0,NORMAL,52.587,-0.239,1,1,1,1,1,107.3,128,7,dijkstra,graph,0.46388,0,,,,,,0,,,,214502,138695,3136
1209,212.53691792488098,2026-03-06T11:38:20.025488,109.12,0.0,6.88,21.79,0.0,0.0,0.0,162.2,5.64,0.408,0.407,STRAIGHT,1.5,1.5,"CMD,0.4,1.50",4.0,0.0099,2.146,0.023,1,0.9731,0,NORMAL,52.828,-0.214,1,1,1,1,1,107.3,130,10,dijkstra,graph,0.47068,0,,,,,,0,,,,217580,140686,3387
1210,212.7125279903412,2026-03-06T11:38:20.201098,106.71,0.0,10.33,24.25,0.0,0.0,0.0,157.05,5.63,0.414,0.408,STRAIGHT,1.5,1.5,"CMD,0.4,1.50",4.0,0.0104,2.1,0.023,1,0.974,0,NORMAL,52.659,-0.253,1,1,1,1,1,105.0,138,10,dijkstra,graph,0.47124,0,,,,,,0,,,,217778,140817,3470
1211,212.89186882972717,2026-03-06T11:38:20.380439,113.24,0.0,2.0,32.06,0.0,0.0,0.0,161.32,5.61,0.419,0.414,STRAIGHT,1.5,1.5,"CMD,0.4,1.50",4.0,0.0104,2.1,0.023,1,0.9802,0,NORMAL,52.28,-0.239,1,1,1,1,1,105.0,148,10,dijkstra,graph,0.47072,0,,,,,,0,,,,216761,140621,3623
1212,213.0767388343811,2026-03-06T11:38:20.565309,118.78,0.0,8.01,22.03,2.0,0.0,0.0,166.85,5.59,0.421,0.419,STRAIGHT,1.5,1.5,"CMD,0.4,1.50",4.0,0.0104,2.1,0.023,1,0.9613,0,NORMAL,52.452,-0.277,1,1,1,1,1,105.0,141,10,dijkstra,graph,0.47787,0,,,,,,0,,,,219944,142633,3606
1213,213.25573444366455,2026-03-06T11:38:20.744304,115.91,0.0,5.01,20.03,0.0,0.0,0.0,160.97,5.58,0.423,0.421,STRAIGHT,1.5,1.5,"CMD,0.4,1.50",4.0,0.0104,2.1,0.023,1,0.9632,0,NORMAL,52.334,-0.256,1,1,1,1,1,105.0,114,7,dijkstra,graph,0.48519,0,,,,,,0,,,,225133,144920,3498
1214,213.44354891777039,2026-03-06T11:38:20.932119,117.47,0.0,2.0,28.05,2.0,0.0,0.0,171.8,5.56,0.425,0.423,STRAIGHT,1.5,1.5,"CMD,0.4,1.50",4.0,0.0104,2.1,0.023,1,0.9664,0,NORMAL,52.525,-0.249,1,1,1,1,1,105.0,167,9,dijkstra,graph,0.49862,0,,,,,,0,,,,226749,148723,4141
1215,213.6195228099823,2026-03-06T11:38:21.108093,112.02,0.0,8.01,22.03,0.0,0.0,0.0,158.62,5.56,0.425,0.425,STRAIGHT,1.5,1.5,"CMD,0.4,1.50",4.0,0.0104,2.1,0.023,1,0.9681,0,NORMAL,51.127,-0.213,1,1,1,1,1,105.0,131,11,dijkstra,graph,0.4856,0,,,,,,0,,,,223955,144985,3545
1216,213.79757976531982,2026-03-06T11:38:21.286150,112.22,0.0,8.01,22.03,0.0,0.0,0.0,158.03,5.56,0.426,0.425,STRAIGHT,1.5,1.5,"CMD,0.4,1.50",4.0,0.0104,2.1,0.023,1,0.9658,0,NORMAL,51.223,-0.222,1,1,1,1,1,105.0,110,7,dijkstra,graph,0.4762,0,,,,,,0,,,,221864,142245,3298
1217,213.97669386863708,2026-03-06T11:38:21.465264,110.9,0.0,6.01,20.38,10.08,0.0,0.0,162.62,5.54,0.426,0.426,STRAIGHT,1.5,1.5,"CMD,0.4,1.50",4.0,0.0104,2.1,0.023,1,0.9229,0,NORMAL,50.901,-0.213,1,1,1,1,1,105.0,162,11,dijkstra,graph,0.49502,0,,,,,,0,,,,235046,147956,3988
1218,214.1522500514984,2026-03-06T11:38:21.640820,114.63,0.0,8.01,19.16,2.0,0.0,0.0,157.83,5.54,0.427,0.426,STRAIGHT,1.5,1.5,"CMD,0.4,1.50",4.0,0.0104,2.1,0.023,1,0.9242,0,NORMAL,50.921,-0.216,1,1,1,1,1,105.0,112,8,dijkstra,graph,0.49004,0,,,,,,0,,,,238971,146425,3499
1219,214.33339500427246,2026-03-06T11:38:21.821965,115.97,0.0,7.51,20.03,0.0,0.0,0.0,163.53,5.53,0.427,0.427,STRAIGHT,1.5,1.5,"CMD,0.4,1.50",4.0,0.0104,2.1,0.023,1,0.9699,0,NORMAL,50.632,-0.206,1,1,1,1,1,105.0,116,9,dijkstra,graph,0.48919,0,,,,,,0,,,,239451,146140,3578
1220,214.52010655403137,2026-03-06T11:38:22.008677,118.65,0.0,6.01,25.7,0.0,0.0,2.0,170.68,5.53,0.433,0.427,STRAIGHT,1.5,1.5,"CMD,0.4,1.50",4.0,0.0108,2.055,0.023,1,0.9026,0,NORMAL,50.82,-0.242,1,1,1,1,1,102.7,171,8,dijkstra,graph,0.4705,0,,,,,,0,,,,218945,140595,3815
1221,214.70315718650818,2026-03-06T11:38:22.191727,115.85,0.0,6.01,26.47,2.38,0.0,0.0,166.72,5.52,0.431,0.431,STRAIGHT,1.5,1.5,"CMD,0.4,1.50",4.0,0.0104,2.1,0.023,1,0.9182,0,NORMAL,50.882,-0.257,1,1,1,1,1,105.0,193,9,dijkstra,graph,0.48012,0,,,,,,0,,,,230499,143450,3988
1222,214.87977290153503,2026-03-06T11:38:22.368343,111.96,0.0,6.01,22.5,2.0,0.0,0.0,158.85,5.52,0.43,0.431,STRAIGHT,1.5,1.5,"CMD,0.4,1.50",4.0,0.0104,2.1,0.023,1,0.9038,0,NORMAL,50.939,-0.232,1,1,1,1,1,105.0,127,10,dijkstra,graph,0.45986,0,,,,,,0,,,,209976,137431,3468
1223,215.05881094932556,2026-03-06T11:38:22.547381,114.2,0.0,6.08,21.27,0.0,0.0,0.0,161.39,5.52,-0.072,0.43,STRAIGHT,1.5,1.5,"CMD,0.4,1.50",3.151,-0.0261,2.192,-0.063,1,0.9426,0,NORMAL,50.396,-0.226,1,1,1,1,1,112.0,116,9,dijkstra,graph,0.45068,0,,,,,,0,,,,203244,134818,3466
1224,215.23676252365112,2026-03-06T11:38:22.725333,117.75,0.0,5.85,18.21,2.0,0.0,0.0,160.93,5.51,-1.126,-0.072,STRAIGHT,1.5,1.5,"CMD,-0.1,1.50",2.246,-0.0784,2.2,-0.191,1,0.9616,0,NORMAL,50.278,-0.225,1,1,1,1,1,120.4,104,6,dijkstra,graph,0.44095,0,,,,,,0,,,,197019,131906,2737
1225,215.41793966293335,2026-03-06T11:38:22.906510,116.49,0.0,5.32,22.03,2.0,0.0,0.0,165.23,5.53,-0.602,-0.602,STRAIGHT,1.5,1.5,"CMD,-0.6,1.50",4.0,0.0108,2.055,0.023,1,0.9659,0,NORMAL,50.419,-0.249,1,1,1,1,1,102.7,150,9,dijkstra,graph,0.44163,0,,,,,,0,,,,200165,132012,3065
1226,215.59631395339966,2026-03-06T11:38:23.084884,112.71,0.0,6.01,23.61,2.0,0.0,0.0,162.35,5.54,-0.253,-0.602,STRAIGHT,1.5,1.5,"CMD,-0.6,1.50",4.0,0.0108,2.055,0.023,1,0.9554,0,NORMAL,50.084,-0.232,1,1,1,1,1,102.7,132,10,dijkstra,graph,0.45116,0,,,,,,0,,,,205577,134866,3390
1227,215.76512908935547,2026-03-06T11:38:23.253699,104.2,0.0,12.44,16.02,0.0,0.0,0.0,150.79,5.55,-0.842,-0.602,STRAIGHT,1.5,1.5,"CMD,-0.6,1.50",2.837,-0.049,2.329,-0.133,1,0.9594,0,NORMAL,50.085,-0.226,1,1,1,1,1,121.6,117,9,dijkstra,graph,0.43702,0,,,,,,0,,,,199636,130728,2723
1228,215.9590401649475,2026-03-06T11:38:23.447610,111.29,0.0,6.01,28.04,2.0,0.0,0.0,171.87,5.54,-0.419,-0.419,STRAIGHT,1.5,1.5,"CMD,-0.4,1.50",4.0,0.0104,2.1,0.023,1,0.9748,0,NORMAL,50.268,-0.242,1,1,1,1,1,105.0,177,14,dijkstra,graph,0.4606,0,,,,,,0,,,,199184,137565,3791
1229,216.14212942123413,2026-03-06T11:38:23.630699,114.86,0.0,7.84,27.91,0.0,0.0,0.0,167.07,5.54,-0.714,-0.714,STRAIGHT,1.5,1.5,"CMD,-0.7,1.50",3.146,-0.0316,2.283,-0.083,1,0.9788,0,NORMAL,50.168,-0.23,1,1,1,1,1,118.4,181,12,dijkstra,graph,0.45893,0,,,,,,0,,,,198902,137261,3758
1230,216.33112335205078,2026-03-06T11:38:23.819693,119.4,0.0,8.01,26.03,0.0,0.0,2.0,171.47,5.54,-0.924,-0.714,STRAIGHT,1.5,1.5,"CMD,-0.7,1.50",3.121,-0.0326,2.283,-0.085,1,0.9747,0,NORMAL,50.338,-0.251,1,1,1,1,1,118.5,167,9,dijkstra,graph,0.4549,0,,,,,,0,,,,196850,136137,3593
1231,216.5059049129486,2026-03-06T11:38:23.994475,114.29,0.0,6.01,18.13,2.0,0.0,0.0,158.76,5.54,-0.468,-0.714,STRAIGHT,1.5,1.5,"CMD,-0.7,1.50",4.0,0.0108,2.055,0.023,1,0.9656,0,NORMAL,50.651,-0.282,1,1,1,1,1,102.7,132,6,dijkstra,graph,0.42876,0,,,,,,0,,,,195268,128378,2449
1232,216.67881679534912,2026-03-06T11:38:24.167387,116.85,0.0,6.01,10.16,8.29,0.0,0.0,156.34,5.54,-0.654,-0.654,STRAIGHT,1.5,1.5,"CMD,-0.7,1.50",3.436,-0.0249,3.426,-0.147,1,0.9673,0,NORMAL,50.964,-0.303,1,1,1,1,2,422.3,95,4,dijkstra,graph,0.41564,0,,,,,,0,,,,193055,124514,2150
1233,216.85018706321716,2026-03-06T11:38:24.338757,113.92,0.0,6.53,20.24,0.0,0.0,0.0,154.9,5.56,-3.24,-0.654,STRAIGHT,1.5,1.5,"CMD,-0.7,1.50",1.931,-0.2053,1.816,-0.351,1,0.966,0,NORMAL,50.219,-0.226,1,1,1,1,1,112.6,95,5,dijkstra,graph,0.4201,0,,,,,,0,,,,194212,125890,2334
1234,217.0330708026886,2026-03-06T11:38:24.521641,116.03,0.0,5.93,20.58,0.0,0.0,0.0,160.89,5.56,-2.491,-2.491,STRAIGHT,1.5,1.5,"CMD,-2.5,1.50",3.288,-0.0241,2.237,-0.06,1,0.9604,0,NORMAL,50.714,-0.298,1,1,1,1,1,115.3,125,5,dijkstra,graph,0.41428,0,,,,,,0,,,,195115,124041,2206
1235,217.20262598991394,2026-03-06T11:38:24.691196,108.84,0.0,0.0,19.81,2.0,0.0,0.0,153.74,5.58,-1.991,-2.491,STRAIGHT,1.5,1.5,"CMD,-2.5,1.50",3.288,-0.0241,2.237,-0.06,1,0.9687,0,NORMAL,51.103,-0.363,1,1,1,1,1,115.3,125,8,dijkstra,graph,0.42271,0,,,,,,0,,,,191857,126343,2513
1236,217.38285732269287,2026-03-06T11:38:24.871427,116.24,0.0,8.19,24.02,2.0,0.0,0.0,164.47,5.58,-1.179,-1.991,STRAIGHT,1.5,1.5,"CMD,-2.0,1.50",4.0,0.0108,2.055,0.023,1,0.9775,0,NORMAL,51.47,-0.374,1,1,1,1,1,102.7,163,11,dijkstra,graph,0.44353,0,,,,,,0,,,,192342,132800,3513
1237,217.5657148361206,2026-03-06T11:38:25.054285,109.55,0.0,13.4,22.87,1.5,0.0,0.0,164.83,5.57,-0.644,-1.179,STRAIGHT,1.5,1.5,"CMD,-1.2,1.50",4.0,0.0104,2.1,0.023,1,0.9724,0,NORMAL,52.195,-0.458,1,1,1,1,1,105.0,123,8,dijkstra,graph,0.39535,0,,,,,,0,,,,189363,118294,2442
1238,217.74913787841797,2026-03-06T11:38:25.237708,109.22,0.0,14.13,24.03,2.0,0.0,0.0,165.4,5.56,-0.287,-0.644,STRAIGHT,1.5,1.5,"CMD,-0.6,1.50",4.0,0.0104,2.1,0.023,1,0.9702,0,NORMAL,52.905,-0.437,1,1,1,1,1,105.0,149,12,dijkstra,graph,0.46107,0,,,,,,0,,,,192464,137832,3431
1239,217.93437433242798,2026-03-06T11:38:25.422944,116.9,0.0,8.01,28.04,0.0,0.0,0.0,167.22,5.56,-0.042,-0.287,STRAIGHT,1.5,1.5,"CMD,-0.3,1.50",4.0,0.0108,2.055,0.023,1,0.9803,0,NORMAL,53.539,-0.447,1,1,1,1,1,102.7,197,12,dijkstra,graph,0.44806,0,,,,,,0,,,,190999,133885,3613
1240,218.11292219161987,2026-03-06T11:38:25.601492,114.35,0.0,10.25,19.02,2.0,0.0,0.0,162.53,5.55,0.12,-0.042,STRAIGHT,1.5,1.5,"CMD,-0.0,1.50",4.0,0.0108,2.055,0.023,1,0.9619,0,NORMAL,54.12,-0.446,1,1,1,1,1,102.7,125,6,dijkstra,graph,0.37721,0,,,,,,0,,,,185058,112923,2409
1241,218.2804250717163,2026-03-06T11:38:25.768995,114.11,0.0,7.32,14.02,0.0,0.0,0.0,151.48,5.57,0.054,0.054,STRAIGHT,1.5,1.5,"CMD,0.1,1.50",4.0,-0.0019,2.192,-0.005,1,0.9887,0,NORMAL,54.463,-0.377,1,1,1,1,1,110.2,107,5,dijkstra,graph,0.37521,0,,,,,,0,,,,184843,112361,2094
1242,218.46006870269775,2026-03-06T11:38:25.948639,110.39,0.0,8.64,16.03,2.0,0.0,0.0,157.06,5.57,0.01,0.054,STRAIGHT,1.5,1.5,"CMD,0.1,1.50",4.0,-0.0019,2.192,-0.005,1,0.9839,0,NORMAL,55.004,-0.331,1,1,1,1,2,110.2,98,5,dijkstra,graph,0.37895,0,,,,,,0,,,,185485,113301,2179
1243,218.63672637939453,2026-03-06T11:38:26.125296,116.58,0.0,8.01,18.02,2.0,0.0,0.0,160.64,5.58,0.149,0.054,STRAIGHT,1.5,1.5,"CMD,0.1,1.50",4.0,0.0104,2.1,0.023,1,0.9811,0,NORMAL,56.084,-0.353,1,1,1,1,1,105.0,118,7,dijkstra,graph,0.37789,0,,,,,,0,,,,185281,113002,2383
1244,218.81927871704102,2026-03-06T11:38:26.307849,115.75,0.0,8.01,22.74,2.0,0.0,0.0,166.53,5.58,0.248,0.149,STRAIGHT,1.5,1.5,"CMD,0.1,1.50",4.0,0.0108,2.055,0.023,1,0.9747,0,NORMAL,57.415,-0.399,1,1,1,1,1,102.7,138,7,dijkstra,graph,0.372,0,,,,,,0,,,,184809,111047,2416
1245,218.99193048477173,2026-03-06T11:38:26.480501,112.02,0.0,8.01,20.65,2.0,0.0,0.0,156.71,5.58,0.314,0.248,STRAIGHT,1.5,1.5,"CMD,0.2,1.50",4.0,0.0108,2.055,0.023,1,0.9814,0,NORMAL,57.736,-0.357,1,1,1,1,1,102.7,136,9,dijkstra,graph,0.35764,0,,,,,,0,,,,183333,106889,2431
1246,219.16609144210815,2026-03-06T11:38:26.654662,115.8,0.0,6.07,17.83,0.0,0.0,0.0,158.09,5.59,0.358,0.314,STRAIGHT,1.5,1.5,"CMD,0.3,1.50",4.0,0.0108,2.055,0.023,1,0.9794,0,NORMAL,58.242,-0.254,1,1,1,1,1,102.7,113,5,dijkstra,graph,0.35479,0,,,,,,0,,,,185116,106192,2171
1247,219.34248280525208,2026-03-06T11:38:26.831053,118.42,0.0,6.01,18.02,0.0,0.0,0.0,164.87,5.59,0.387,0.358,STRAIGHT,1.5,1.5,"CMD,0.4,1.50",4.0,0.0108,2.055,0.023,1,0.9678,0,NORMAL,60.983,-0.406,1,1,1,1,1,102.7,115,5,dijkstra,graph,0.36031,0,,,,,,0,,,,183902,107597,2174
1248,219.51693153381348,2026-03-06T11:38:27.005501,113.84,0.0,6.01,20.09,2.0,0.0,0.0,158.43,5.59,0.414,0.387,STRAIGHT,1.5,1.5,"CMD,0.4,1.50",4.0,0.0113,2.009,0.023,1,0.9681,0,NORMAL,62.91,-0.518,1,1,1,1,1,100.5,114,7,dijkstra,graph,0.35744,0,,,,,,0,,,,180921,106982,2206
1249,219.69446420669556,2026-03-06T11:38:27.183034,112.25,0.0,7.33,21.9,0.0,0.0,0.0,161.5,5.6,0.431,0.414,STRAIGHT,1.5,1.5,"CMD,0.4,1.50",4.0,0.0113,2.009,0.023,1,0.9779,0,NORMAL,63.323,-0.565,1,1,1,1,1,100.5,125,6,dijkstra,graph,0.36134,0,,,,,,0,,,,182957,108030,2317
1250,219.87498879432678,2026-03-06T11:38:27.363559,116.6,0.0,6.01,17.92,0.0,0.0,0.0,160.56,5.61,0.443,0.431,STRAIGHT,1.5,1.5,"CMD,0.4,1.50",4.0,0.0113,2.009,0.023,1,0.9848,0,NORMAL,63.594,-0.573,1,1,1,1,1,100.5,112,8,dijkstra,graph,0.36628,0,,,,,,0,,,,183181,109652,2373
1251,220.0499403476715,2026-03-06T11:38:27.538510,112.9,0.0,8.01,20.0,2.0,0.0,0.0,158.93,5.61,0.451,0.443,STRAIGHT,1.5,1.5,"CMD,0.4,1.50",4.0,0.0113,2.009,0.023,1,0.9875,0,NORMAL,64.476,-0.592,1,1,1,1,1,100.5,123,8,dijkstra,graph,0.35926,0,,,,,,0,,,,182538,107468,2316
1252,220.23179173469543,2026-03-06T11:38:27.720362,117.76,0.0,6.01,20.03,2.0,0.0,0.0,161.82,5.61,0.456,0.451,STRAIGHT,1.5,1.5,"CMD,0.5,1.50",4.0,0.0113,2.009,0.023,1,0.979,0,NORMAL,65.308,-0.6,1,1,1,1,1,100.5,125,6,dijkstra,graph,0.36023,0,,,,,,0,,,,184152,107565,2158
1253,220.40778708457947,2026-03-06T11:38:27.896357,116.86,0.0,6.01,17.08,0.0,0.0,2.0,159.97,5.61,0.467,0.456,STRAIGHT,1.5,1.5,"CMD,0.5,1.50",4.0,0.0118,1.963,0.023,1,0.9861,0,NORMAL,65.288,-0.589,1,1,1,1,1,98.2,109,5,dijkstra,graph,0.35775,0,,,,,,0,,,,183301,106913,1917
1254,220.5814664363861,2026-03-06T11:38:28.070037,112.61,0.0,6.01,20.03,2.0,0.0,0.0,158.66,5.62,0.474,0.467,STRAIGHT,1.5,1.5,"CMD,0.5,1.50",4.0,0.0118,1.963,0.023,1,0.9825,0,NORMAL,65.155,-0.539,1,1,1,1,1,98.2,122,7,dijkstra,graph,0.35595,0,,,,,,0,,,,183055,106306,2149
1255,220.7498242855072,2026-03-06T11:38:28.238394,112.29,0.0,6.01,12.02,0.0,0.0,0.0,148.33,5.63,0.479,0.474,STRAIGHT,1.5,1.5,"CMD,0.5,1.50",4.0,0.0118,1.963,0.023,1,0.983,0,NORMAL,65.387,-0.538,1,1,1,1,1,98.2,110,5,dijkstra,graph,0.36357,0,,,,,,0,,,,184392,108636,1955
1256,220.92667937278748,2026-03-06T11:38:28.415250,110.09,0.0,8.01,20.2,0.0,0.0,0.0,152.86,5.62,0.482,0.479,STRAIGHT,1.5,1.5,"CMD,0.5,1.50",4.0,0.0118,1.963,0.023,1,0.9849,0,NORMAL,65.591,-0.528,1,1,1,1,1,98.2,124,7,dijkstra,graph,0.36023,0,,,,,,0,,,,183266,107732,2221
1257,221.09702110290527,2026-03-06T11:38:28.585591,112.26,0.0,6.01,18.03,0.0,0.0,0.0,154.32,5.64,0.484,0.482,STRAIGHT,1.5,1.5,"CMD,0.5,1.50",4.0,0.0118,1.963,0.023,1,0.9893,0,NORMAL,65.962,-0.51,1,1,1,1,1,98.2,115,6,dijkstra,graph,0.36,0,,,,,,0,,,,184077,107610,2014
1258,221.2727177143097,2026-03-06T11:38:28.761288,116.81,0.0,6.01,17.02,1.0,0.0,0.0,161.68,5.65,0.486,0.484,STRAIGHT,1.5,1.5,"CMD,0.5,1.50",4.0,0.0118,1.963,0.023,1,0.9874,0,NORMAL,66.351,-0.513,1,1,1,1,1,98.2,108,6,dijkstra,graph,0.36081,0,,,,,,0,,,,184384,108024,2136
1259,221.45257472991943,2026-03-06T11:38:28.941145,109.93,0.0,11.51,25.58,0.0,0.0,0.0,169.44,5.66,0.487,0.486,STRAIGHT,1.5,1.5,"CMD,0.5,1.50",4.0,0.0118,1.963,0.023,1,0.9867,0,NORMAL,66.302,-0.475,1,1,1,1,1,98.2,161,7,dijkstra,graph,0.36955,0,,,,,,0,,,,185623,110658,2778
1260,221.63588523864746,2026-03-06T11:38:29.124455,116.4,0.0,8.01,20.03,2.0,0.0,0.0,165.29,5.65,0.48,0.486,STRAIGHT,1.5,1.5,"CMD,0.5,1.50",4.0,0.0113,2.009,0.023,1,0.9853,0,NORMAL,66.279,-0.474,1,1,1,1,1,100.5,126,8,dijkstra,graph,0.37748,0,,,,,,0,,,,187461,113036,2839
1261,221.81117010116577,2026-03-06T11:38:29.299740,115.45,0.0,6.01,20.27,0.0,0.0,0.0,159.76,5.65,0.476,0.48,STRAIGHT,1.5,1.5,"CMD,0.5,1.50",4.0,0.0113,2.009,0.023,1,0.979,0,NORMAL,66.211,-0.469,1,1,1,1,1,100.5,131,9,dijkstra,graph,0.40031,0,,,,,,0,,,,190165,119917,3157
1262,221.99084615707397,2026-03-06T11:38:29.479416,111.95,0.0,8.79,24.03,0.0,0.0,0.0,161.65,5.64,0.473,0.476,STRAIGHT,1.5,1.5,"CMD,0.5,1.50",4.0,0.0113,2.009,0.023,1,0.9792,0,NORMAL,65.828,-0.457,1,1,1,1,1,100.5,186,8,dijkstra,graph,0.39083,0,,,,,,0,,,,189214,117069,3209
1263,222.173419713974,2026-03-06T11:38:29.661990,117.34,0.0,8.01,20.38,0.0,0.0,0.0,161.76,5.64,0.471,0.473,STRAIGHT,1.5,1.5,"CMD,0.5,1.50",4.0,0.0113,2.009,0.023,1,0.9774,0,NORMAL,65.981,-0.413,1,1,1,1,1,100.5,140,7,dijkstra,graph,0.37021,0,,,,,,0,,,,187553,110833,2414
1264,222.3571743965149,2026-03-06T11:38:29.845745,116.06,0.0,6.01,26.04,0.0,0.0,0.0,165.73,5.63,0.469,0.471,STRAIGHT,1.5,1.5,"CMD,0.5,1.50",4.0,0.0113,2.009,0.023,1,0.9779,0,NORMAL,65.986,-0.412,1,1,1,1,1,100.5,176,10,dijkstra,graph,0.39455,0,,,,,,0,,,,190541,118325,3152
1265,222.5333309173584,2026-03-06T11:38:30.021901,112.4,0.0,6.01,25.61,0.0,0.0,0.0,162.14,5.63,0.468,0.469,STRAIGHT,1.5,1.5,"CMD,0.5,1.50",4.0,0.0113,2.009,0.023,1,0.9867,0,NORMAL,65.996,-0.414,1,1,1,1,1,100.5,177,7,dijkstra,graph,0.38952,0,,,,,,0,,,,190341,116612,2898
1266,222.72031998634338,2026-03-06T11:38:30.208890,121.12,0.0,8.01,25.81,0.0,0.0,0.0,168.97,5.63,0.468,0.468,STRAIGHT,1.5,1.5,"CMD,0.5,1.50",4.0,0.0113,2.009,0.023,1,0.9896,0,NORMAL,66.015,-0.4,1,1,1,1,1,100.5,178,9,dijkstra,graph,0.39638,0,,,,,,0,,,,191268,118701,2997
1267,222.90589690208435,2026-03-06T11:38:30.394467,118.42,0.0,6.01,24.04,0.0,0.0,0.0,167.56,5.62,0.467,0.468,STRAIGHT,1.5,1.5,"CMD,0.5,1.50",4.0,0.0113,2.009,0.023,1,0.985,0,NORMAL,65.667,-0.378,1,1,1,1,1,100.5,175,7,dijkstra,graph,0.38614,0,,,,,,0,,,,191985,115486,2834
1268,223.09689378738403,2026-03-06T11:38:30.585464,119.4,0.0,8.21,29.86,0.0,0.0,0.0,170.97,5.62,0.467,0.467,STRAIGHT,1.5,1.5,"CMD,0.5,1.50",4.0,0.0113,2.009,0.023,1,0.9737,0,NORMAL,64.565,-0.34,1,1,1,1,1,100.5,170,6,dijkstra,graph,0.37207,0,,,,,,0,,,,190051,111518,2566
1269,223.28427124023438,2026-03-06T11:38:30.772841,120.92,0.0,6.01,22.03,0.0,0.0,0.0,169.46,5.61,0.46,0.467,STRAIGHT,1.5,1.5,"CMD,0.5,1.50",4.0,0.0108,2.055,0.023,1,0.9664,0,NORMAL,63.413,-0.234,1,1,1,1,1,102.7,166,9,dijkstra,graph,0.40364,0,,,,,,0,,,,196049,120898,2919
1270,223.4757752418518,2026-03-06T11:38:30.964345,115.25,0.0,8.01,25.85,2.0,0.0,0.0,169.14,5.58,0.455,0.46,STRAIGHT,1.5,1.5,"CMD,0.5,1.50",4.0,0.0108,2.055,0.023,1,0.9796,0,NORMAL,64.063,-0.207,1,1,1,1,1,102.7,193,8,dijkstra,graph,0.40868,0,,,,,,0,,,,197548,122414,3047
1271,223.6695625782013,2026-03-06T11:38:31.158133,117.69,0.0,9.75,31.68,2.0,0.0,0.0,177.77,5.57,0.452,0.455,STRAIGHT,1.5,1.5,"CMD,0.5,1.50",4.0,0.0108,2.055,0.023,1,0.9874,0,NORMAL,64.111,-0.207,1,1,1,1,1,102.7,194,8,dijkstra,graph,0.4026,0,,,,,,0,,,,196531,120637,2936
1272,223.85998344421387,2026-03-06T11:38:31.348554,115.1,0.0,8.01,26.02,2.0,0.0,0.0,172.4,5.55,0.45,0.452,STRAIGHT,1.5,1.5,"CMD,0.5,1.50",4.0,0.0108,2.055,0.023,1,0.9828,0,NORMAL,63.578,-0.162,1,1,1,1,1,102.7,174,7,dijkstra,graph,0.39793,0,,,,,,0,,,,196062,119185,2762
1273,224.04417419433594,2026-03-06T11:38:31.532744,112.01,0.0,10.1,24.03,0.0,0.0,0.0,164.17,5.55,0.442,0.45,STRAIGHT,1.5,1.5,"CMD,0.5,1.50",4.0,0.0104,2.1,0.023,1,0.9731,0,NORMAL,64.611,-0.161,1,1,1,1,1,105.0,169,5,dijkstra,graph,0.37764,0,,,,,,0,,,,196083,113077,2176
1274,224.22944808006287,2026-03-06T11:38:31.718018,117.1,0.0,6.01,24.12,2.0,0.0,0.0,167.25,5.54,0.444,0.444,STRAIGHT,1.5,1.5,"CMD,0.4,1.50",4.0,0.0108,2.055,0.023,1,0.9504,0,NORMAL,66.772,-0.314,1,1,1,1,1,102.7,157,8,dijkstra,graph,0.40304,0,,,,,,0,,,,192073,120626,2959
1275,224.41540908813477,2026-03-06T11:38:31.903979,118.67,0.0,8.01,26.83,2.0,0.0,0.0,169.74,5.52,0.444,0.444,STRAIGHT,1.5,1.5,"CMD,0.4,1.50",4.0,0.0108,2.055,0.023,1,0.9437,0,NORMAL,64.425,-0.233,1,1,1,1,1,102.7,194,8,dijkstra,graph,0.42748,0,,,,,,0,,,,201071,127996,3252
1276,224.6055657863617,2026-03-06T11:38:32.094136,122.6,0.0,8.01,24.01,0.0,0.0,3.5,174.13,5.51,0.439,0.444,STRAIGHT,1.5,1.5,"CMD,0.4,1.50",4.0,0.0104,2.1,0.023,1,0.9693,0,NORMAL,63.5,-0.16,1,1,1,1,1,105.0,166,8,dijkstra,graph,0.41502,0,,,,,,0,,,,200377,124393,2957
1277,224.79305410385132,2026-03-06T11:38:32.281624,119.06,0.0,8.01,26.37,0.0,0.0,2.0,171.47,5.5,0.435,0.439,STRAIGHT,1.5,1.5,"CMD,0.4,1.50",4.0,0.0104,2.1,0.023,1,0.9787,0,NORMAL,62.908,-0.135,1,1,1,1,1,105.0,176,7,dijkstra,graph,0.43566,0,,,,,,0,,,,203285,130567,3031
1278,224.98668098449707,2026-03-06T11:38:32.475251,119.28,0.0,12.28,30.04,0.0,0.0,0.0,177.61,5.48,0.432,0.435,STRAIGHT,1.5,1.5,"CMD,0.4,1.50",4.0,0.0104,2.1,0.023,1,0.9859,0,NORMAL,62.927,-0.162,1,1,1,1,1,105.0,174,7,dijkstra,graph,0.4464,0,,,,,,0,,,,204766,133666,3225
1279,225.17200326919556,2026-03-06T11:38:32.660573,112.86,0.0,2.0,34.37,0.0,0.0,0.0,167.26,5.47,0.431,0.432,STRAIGHT,1.5,1.5,"CMD,0.4,1.50",4.0,0.0104,2.1,0.023,1,0.9716,0,NORMAL,63.108,-0.161,1,1,1,1,1,105.0,193,7,dijkstra,graph,0.44374,0,,,,,,0,,,,201627,133003,3169
1280,225.36363577842712,2026-03-06T11:38:32.852206,118.97,0.0,10.02,28.6,0.0,0.0,0.0,173.61,5.46,0.429,0.431,STRAIGHT,1.5,1.5,"CMD,0.4,1.50",4.0,0.0104,2.1,0.023,1,0.9738,0,NORMAL,63.024,-0.221,1,1,1,1,1,105.0,189,7,dijkstra,graph,0.45632,0,,,,,,0,,,,204972,136866,3410
1281,225.54596590995789,2026-03-06T11:38:33.034536,114.24,0.0,6.01,26.04,0.0,0.0,0.0,164.31,5.46,0.429,0.429,STRAIGHT,1.5,1.5,"CMD,0.4,1.50",4.0,0.0104,2.1,0.023,1,0.9806,0,NORMAL,62.392,-0.218,1,1,1,1,1,105.0,170,7,dijkstra,graph,0.44566,0,,,,,,0,,,,203398,133536,3147
1282,225.73103857040405,2026-03-06T11:38:33.219609,118.78,0.0,2.0,32.25,0.0,0.0,0.0,167.05,5.45,0.428,0.429,STRAIGHT,1.5,1.5,"CMD,0.4,1.50",4.0,0.0104,2.1,0.023,1,0.9752,0,NORMAL,62.215,-0.244,1,1,1,1,1,105.0,159,7,dijkstra,graph,0.42413,0,,,,,,0,,,,199763,127207,2860
1283,225.91635918617249,2026-03-06T11:38:33.404929,106.09,0.0,12.36,29.89,0.0,0.0,0.0,167.3,5.44,0.428,0.428,STRAIGHT,1.5,1.5,"CMD,0.4,1.50",4.0,0.0104,2.1,0.023,1,0.9731,0,NORMAL,62.359,-0.263,1,1,1,1,1,105.0,169,8,dijkstra,graph,0.44897,0,,,,,,0,,,,204691,134503,3147
1284,226.10077667236328,2026-03-06T11:38:33.589347,112.81,0.0,10.01,23.81,1.74,0.0,0.0,166.39,5.42,0.428,0.428,STRAIGHT,1.5,1.5,"CMD,0.4,1.50",4.0,0.0104,2.1,0.023,1,0.9804,0,NORMAL,62.25,-0.282,1,1,1,1,1,105.0,166,6,dijkstra,graph,0.45155,0,,,,,,0,,,,205927,135247,2777
1285,226.28995394706726,2026-03-06T11:38:33.778524,115.89,0.0,8.01,28.33,2.0,0.0,0.0,171.75,5.41,0.427,0.428,STRAIGHT,1.5,1.5,"CMD,0.4,1.50",4.0,0.0104,2.1,0.023,1,0.9825,0,NORMAL,62.215,-0.304,1,1,1,1,1,105.0,177,9,dijkstra,graph,0.47289,0,,,,,,0,,,,208419,141684,3374
1286,226.47228169441223,2026-03-06T11:38:33.960852,114.74,0.0,6.01,28.23,0.0,0.0,0.0,164.99,5.4,0.421,0.427,STRAIGHT,1.5,1.5,"CMD,0.4,1.50",4.0,0.0099,2.146,0.023,1,0.9897,0,NORMAL,62.033,-0.31,1,1,1,1,1,107.3,180,8,dijkstra,graph,0.47742,0,,,,,,0,,,,209050,143123,3338
1287,226.65457010269165,2026-03-06T11:38:34.143140,114.01,0.0,5.01,31.72,0.0,0.0,0.0,168.27,5.39,0.417,0.421,STRAIGHT,1.5,1.5,"CMD,0.4,1.50",4.0,0.0099,2.146,0.023,1,0.9829,0,NORMAL,61.781,-0.309,1,1,1,1,1,107.3,179,10,dijkstra,graph,0.47663,0,,,,,,0,,,,210212,142916,3293
1288,226.83845210075378,2026-03-06T11:38:34.327022,107.78,0.0,14.31,28.04,0.0,0.0,0.0,167.86,5.38,0.414,0.417,STRAIGHT,1.5,1.5,"CMD,0.4,1.50",4.0,0.0099,2.146,0.023,1,0.9801,0,NORMAL,61.074,-0.294,1,1,1,1,1,107.3,189,10,dijkstra,graph,0.47494,0,,,,,,0,,,,209989,142414,3300
1289,227.03272533416748,2026-03-06T11:38:34.521295,117.44,0.0,6.01,32.71,0.0,0.0,0.0,176.25,5.37,0.413,0.414,STRAIGHT,1.5,1.5,"CMD,0.4,1.50",4.0,0.0099,2.146,0.023,1,0.9665,0,NORMAL,60.745,-0.283,1,1,1,1,1,107.3,200,14,dijkstra,graph,0.51952,0,,,,,,0,,,,216653,155624,4115
1290,227.22173261642456,2026-03-06T11:38:34.710303,119.03,0.0,6.01,28.04,0.0,0.0,0.0,171.1,5.36,0.411,0.413,STRAIGHT,1.5,1.5,"CMD,0.4,1.50",4.0,0.0099,2.146,0.023,1,0.9797,0,NORMAL,60.325,-0.249,1,1,1,1,1,107.3,191,12,dijkstra,graph,0.51124,0,,,,,,0,,,,214967,153162,3910
1291,227.4161057472229,2026-03-06T11:38:34.904676,119.22,0.0,6.7,32.21,0.0,0.0,0.0,176.16,5.35,0.405,0.411,STRAIGHT,1.5,1.5,"CMD,0.4,1.50",4.0,0.0095,2.192,0.023,1,0.9838,0,NORMAL,59.743,-0.212,1,1,1,1,1,109.6,192,13,dijkstra,graph,0.51936,0,,,,,,0,,,,216841,155604,4255
1292,227.60292267799377,2026-03-06T11:38:35.091493,114.78,0.0,8.01,28.04,0.0,0.0,0.0,168.79,5.34,0.401,0.405,STRAIGHT,1.5,1.5,"CMD,0.4,1.50",4.0,0.0095,2.192,0.023,1,0.9846,0,NORMAL,60.055,-0.23,1,1,1,1,1,109.6,192,12,dijkstra,graph,0.51496,0,,,,,,0,,,,215994,154234,3843
1293,227.7969663143158,2026-03-06T11:38:35.285536,113.8,0.0,10.08,31.68,0.0,0.0,0.0,172.01,5.33,0.398,0.401,STRAIGHT,1.5,1.5,"CMD,0.4,1.50",4.0,0.0095,2.192,0.023,1,0.9841,0,NORMAL,60.274,-0.256,1,1,1,1,1,109.6,191,15,dijkstra,graph,0.52207,0,,,,,,0,,,,216242,156419,3983
1294,227.99302101135254,2026-03-06T11:38:35.481591,116.6,0.0,7.53,31.54,2.0,0.0,0.0,176.03,5.31,0.396,0.398,STRAIGHT,1.5,1.5,"CMD,0.4,1.50",4.0,0.0095,2.192,0.023,1,0.9852,0,NORMAL,60.948,-0.312,1,1,1,1,1,109.6,231,15,dijkstra,graph,0.52043,0,,,,,,0,,,,215904,155841,4150
1295,228.1938886642456,2026-03-06T11:38:35.682459,121.39,0.0,8.01,34.53,0.0,0.0,0.0,182.85,5.3,0.395,0.396,STRAIGHT,1.5,1.5,"CMD,0.4,1.50",4.0,0.0095,2.192,0.023,1,0.9885,0,NORMAL,61.226,-0.372,1,1,1,1,1,109.6,227,13,dijkstra,graph,0.5188,0,,,,,,0,,,,216288,155358,4359
1296,228.38828372955322,2026-03-06T11:38:35.876854,118.66,0.0,8.74,30.94,0.0,0.0,0.0,174.37,5.29,0.394,0.395,STRAIGHT,1.5,1.5,"CMD,0.4,1.50",4.0,0.0095,2.192,0.023,1,0.9847,0,NORMAL,61.198,-0.364,1,1,1,1,1,109.6,198,13,dijkstra,graph,0.50696,0,,,,,,0,,,,215077,151816,3792
1297,228.58118844032288,2026-03-06T11:38:36.069759,118.72,0.0,6.01,28.12,2.0,0.0,0.0,172.88,5.29,0.388,0.394,STRAIGHT,1.5,1.5,"CMD,0.4,1.50",4.0,0.0091,2.237,0.023,1,0.9856,0,NORMAL,61.431,-0.385,1,1,1,1,1,111.9,194,12,dijkstra,graph,0.4976,0,,,,,,0,,,,213510,149080,3745
1298,228.766428232193,2026-03-06T11:38:36.254998,107.21,0.0,13.94,26.04,2.0,0.0,0.0,165.22,5.29,0.389,0.389,STRAIGHT,1.5,1.5,"CMD,0.4,1.50",4.0,0.0095,2.192,0.023,1,0.9827,0,NORMAL,61.453,-0.428,1,1,1,1,1,109.6,195,9,dijkstra,graph,0.50895,0,,,,,,0,,,,214807,152541,3192
1299,228.95457482337952,2026-03-06T11:38:36.443145,117.75,0.0,8.01,26.34,0.0,0.0,0.0,170.12,5.29,0.39,0.389,STRAIGHT,1.5,1.5,"CMD,0.4,1.50",4.0,0.0095,2.192,0.023,1,0.98,0,NORMAL,62.334,-0.498,1,1,1,1,1,109.6,176,10,dijkstra,graph,0.50845,0,,,,,,0,,,,214824,152189,3438
1300,229.14504551887512,2026-03-06T11:38:36.633615,116.35,0.0,6.01,28.06,0.0,0.0,0.0,168.44,5.3,0.386,0.389,STRAIGHT,1.5,1.5,"CMD,0.4,1.50",4.0,0.0091,2.237,0.023,1,0.9835,0,NORMAL,61.346,-0.39,1,1,1,1,1,111.9,188,10,dijkstra,graph,0.51072,0,,,,,,0,,,,216046,152931,3706
1301,229.32739305496216,2026-03-06T11:38:36.815963,113.26,0.0,6.01,26.34,1.96,0.0,0.0,172.34,5.3,0.388,0.388,STRAIGHT,1.5,1.5,"CMD,0.4,1.50",4.0,0.0095,2.192,0.023,1,0.968,0,NORMAL,62.076,-0.659,1,1,1,1,1,109.6,173,10,dijkstra,graph,0.50062,0,,,,,,0,,,,215713,150238,3102
1302,229.50776195526123,2026-03-06T11:38:36.996332,108.6,0.0,11.69,28.04,0.0,0.0,0.0,164.35,5.31,0.389,0.388,STRAIGHT,1.5,1.5,"CMD,0.4,1.50",4.0,0.0095,2.192,0.023,1,0.9645,0,NORMAL,63.432,-0.973,1,1,1,1,1,109.6,185,11,dijkstra,graph,0.48364,0,,,,,,0,,,,213270,144946,3164
1303,229.69104647636414,2026-03-06T11:38:37.179616,114.19,0.0,8.01,29.05,0.0,0.0,0.0,167.27,5.31,0.39,0.389,STRAIGHT,1.5,1.5,"CMD,0.4,1.50",4.0,0.0095,2.192,0.023,1,0.9851,0,NORMAL,63.421,-0.996,1,1,1,1,1,109.6,191,10,dijkstra,graph,0.48448,0,,,,,,0,,,,212217,145122,3322
1304,229.8746383190155,2026-03-06T11:38:37.363208,112.02,0.0,7.01,28.1,0.0,0.0,2.0,167.57,5.31,0.391,0.39,STRAIGHT,1.5,1.5,"CMD,0.4,1.50",4.0,0.0095,2.192,0.023,1,0.9866,0,NORMAL,63.69,-1.07,1,1,1,1,1,109.6,194,10,dijkstra,graph,0.4801,0,,,,,,0,,,,211513,143863,3138
1305,230.06761837005615,2026-03-06T11:38:37.556188,113.92,0.0,10.01,30.3,0.0,0.0,2.0,176.69,5.31,0.391,0.391,STRAIGHT,1.5,1.5,"CMD,0.4,1.50",4.0,0.0095,2.192,0.023,1,0.9853,0,NORMAL,63.435,-1.066,1,1,1,1,1,109.6,187,10,dijkstra,graph,0.48994,0,,,,,,0,,,,212826,146808,3575
1306,230.25280666351318,2026-03-06T11:38:37.741377,112.27,0.0,6.01,24.92,0.0,0.0,0.0,169.17,5.31,0.386,0.391,STRAIGHT,1.5,1.5,"CMD,0.4,1.50",4.0,0.0091,2.237,0.023,1,0.9742,0,NORMAL,63.955,-1.073,1,1,1,1,1,111.9,173,8,dijkstra,graph,0.46882,0,,,,,,0,,,,211597,140492,2830
1307,230.43663597106934,2026-03-06T11:38:37.925206,114.64,0.0,7.51,26.03,0.0,0.0,0.0,166.47,5.32,0.388,0.388,STRAIGHT,1.5,1.5,"CMD,0.4,1.50",4.0,0.0095,2.192,0.023,1,0.9654,0,NORMAL,65.291,-1.304,1,1,1,1,1,109.6,175,8,dijkstra,graph,0.48,0,,,,,,0,,,,208589,143817,2688
1308,230.62019848823547,2026-03-06T11:38:38.108769,112.92,0.0,6.01,28.58,2.0,0.0,0.0,165.54,5.32,0.389,0.388,STRAIGHT,1.5,1.5,"CMD,0.4,1.50",4.0,0.0095,2.192,0.023,1,0.9458,0,NORMAL,66.489,-1.643,1,1,1,1,1,109.6,162,7,dijkstra,graph,0.41988,0,,,,,,0,,,,198705,125753,2515
1309,230.8109061717987,2026-03-06T11:38:38.299476,115.78,0.0,6.01,30.51,2.0,0.0,0.0,169.83,5.32,0.39,0.389,STRAIGHT,1.5,1.5,"CMD,0.4,1.50",4.0,0.0095,2.192,0.023,1,0.9594,0,NORMAL,61.726,-1.829,1,1,1,1,1,109.6,191,10,dijkstra,graph,0.4611,0,,,,,,0,,,,204686,138216,2959
1310,230.99640226364136,2026-03-06T11:38:38.484972,113.24,0.0,6.01,28.54,0.0,0.0,0.0,165.8,5.32,0.391,0.39,STRAIGHT,1.5,1.5,"CMD,0.4,1.50",4.0,0.0095,2.192,0.023,1,0.9765,0,NORMAL,55.637,-1.904,1,1,1,1,1,109.6,189,9,dijkstra,graph,0.46643,0,,,,,,0,,,,205074,139810,3145
1311,231.17941546440125,2026-03-06T11:38:38.667985,114.76,0.0,6.01,25.74,2.0,0.0,0.0,172.99,5.32,0.391,0.391,STRAIGHT,1.5,1.5,"CMD,0.4,1.50",4.0,0.0095,2.192,0.023,1,0.9739,0,NORMAL,52.81,-1.865,1,1,1,1,1,109.6,183,10,dijkstra,graph,0.46647,0,,,,,,0,,,,203668,139842,3093
1312,231.3624894618988,2026-03-06T11:38:38.851060,111.77,0.0,8.87,26.24,0.0,0.0,0.0,165.05,5.32,0.391,0.391,STRAIGHT,1.5,1.5,"CMD,0.4,1.50",4.0,0.0095,2.192,0.023,1,0.9775,0,NORMAL,44.037,-1.713,1,1,1,1,1,109.6,182,11,dijkstra,graph,0.47585,0,,,,,,0,,,,205747,142375,3423
1313,231.54726433753967,2026-03-06T11:38:39.035835,114.43,0.0,6.01,28.04,0.0,0.0,0.0,166.74,5.33,0.392,0.391,STRAIGHT,1.5,1.5,"CMD,0.4,1.50",4.0,0.0095,2.192,0.023,1,0.9593,0,NORMAL,42.943,-1.75,1,1,1,1,1,109.6,186,8,dijkstra,graph,0.46903,0,,,,,,0,,,,206205,140564,2895
1314,231.73636984825134,2026-03-06T11:38:39.224940,117.01,0.0,8.01,32.04,0.0,0.0,0.0,173.08,5.32,0.392,0.392,STRAIGHT,1.5,1.5,"CMD,0.4,1.50",4.0,0.0095,2.192,0.023,1,0.9706,0,NORMAL,44.201,-1.764,1,1,1,1,1,109.6,193,8,dijkstra,graph,0.46853,0,,,,,,0,,,,206111,140486,3220
1315,231.91988921165466,2026-03-06T11:38:39.408459,112.98,0.0,8.01,28.48,0.0,0.0,0.0,165.5,5.32,0.392,0.392,STRAIGHT,1.5,1.5,"CMD,0.4,1.50",4.0,0.0095,2.192,0.023,1,0.9455,0,NORMAL,50.223,-1.718,1,1,1,1,1,109.6,172,8,dijkstra,graph,0.44209,0,,,,,,0,,,,201860,132385,2936
1316,232.11947560310364,2026-03-06T11:38:39.608046,117.5,0.0,6.01,38.04,0.0,0.0,0.0,181.57,5.31,0.392,0.392,STRAIGHT,1.5,1.5,"CMD,0.4,1.50",4.0,0.0095,2.192,0.023,1,0.9444,0,NORMAL,51.445,-1.592,1,1,1,1,1,109.6,180,9,dijkstra,graph,0.46182,0,,,,,,0,,,,197763,138441,3193
1317,232.29438734054565,2026-03-06T11:38:39.782957,106.35,0.0,6.01,22.32,0.0,0.0,2.0,152.44,5.32,0.387,0.392,STRAIGHT,1.5,1.5,"CMD,0.4,1.50",4.0,0.0091,2.237,0.023,1,0.9166,0,NORMAL,52.638,-1.687,1,1,1,1,1,111.9,156,3,dijkstra,graph,0.37814,0,,,,,,0,,,,190664,113222,1911
1318,232.46724820137024,2026-03-06T11:38:39.955818,108.78,0.0,6.01,24.03,0.0,0.0,0.0,156.84,5.34,0.378,0.387,STRAIGHT,1.5,1.5,"CMD,0.4,1.50",4.0,0.0088,2.283,0.023,1,0.9374,0,NORMAL,50.583,-1.604,1,1,1,1,1,114.2,173,8,dijkstra,graph,0.43269,0,,,,,,0,,,,195996,129696,2618
1319,232.64043307304382,2026-03-06T11:38:40.129003,102.49,0.0,8.16,34.5,0.0,0.0,0.0,159.17,5.35,0.368,0.378,STRAIGHT,1.5,1.5,"CMD,0.4,1.50",4.0,0.0084,2.329,0.023,1,0.9492,0,NORMAL,50.811,-1.549,1,1,1,1,1,116.4,183,8,dijkstra,graph,0.47529,0,,,,,,0,,,,203399,142516,3052
1320,232.81443524360657,2026-03-06T11:38:40.303005,107.2,0.0,8.01,23.83,2.0,0.0,0.0,157.55,5.37,0.366,0.368,STRAIGHT,1.5,1.5,"CMD,0.4,1.50",4.0,0.0088,2.283,0.023,1,0.9188,0,NORMAL,52.694,-1.58,1,1,1,1,1,114.2,166,9,dijkstra,graph,0.43576,0,,,,,,0,,,,195054,130404,3127
1321,232.99208664894104,2026-03-06T11:38:40.480657,105.01,0.0,10.29,30.32,2.0,0.0,0.0,161.63,5.38,0.374,0.368,STRAIGHT,1.5,1.5,"CMD,0.4,1.50",4.0,0.0095,2.192,0.023,1,0.9005,0,NORMAL,55.604,-1.622,1,1,1,1,1,109.6,156,6,dijkstra,graph,0.45037,0,,,,,,0,,,,199882,134936,2674
1322,233.17141032218933,2026-03-06T11:38:40.659980,105.81,0.0,10.07,26.04,2.0,0.0,0.0,161.01,5.4,0.38,0.374,STRAIGHT,1.5,1.5,"CMD,0.4,1.50",4.0,0.0095,2.192,0.023,1,0.9232,0,NORMAL,53.947,-1.557,1,1,1,1,1,109.6,169,11,dijkstra,graph,0.48804,0,,,,,,0,,,,205878,146408,3438
1323,233.34365344047546,2026-03-06T11:38:40.832223,108.27,0.0,6.01,24.32,0.0,0.0,0.0,156.22,5.42,0.384,0.38,STRAIGHT,1.5,1.5,"CMD,0.4,1.50",4.0,0.0095,2.192,0.023,1,0.9589,0,NORMAL,53.896,-1.477,1,1,1,1,1,109.6,150,5,dijkstra,graph,0.45178,0,,,,,,0,,,,200183,135356,2451
1324,233.52042245864868,2026-03-06T11:38:41.008992,110.47,0.0,6.01,24.03,2.0,0.0,0.0,159.01,5.44,0.387,0.384,STRAIGHT,1.5,1.5,"CMD,0.4,1.50",4.0,0.0095,2.192,0.023,1,0.945,0,NORMAL,52.988,-1.365,1,1,1,1,1,109.6,154,10,dijkstra,graph,0.47897,0,,,,,,0,,,,207339,143462,3412
1325,233.69379353523254,2026-03-06T11:38:41.182364,102.89,0.0,10.24,30.2,0.0,0.0,0.0,157.35,5.47,0.389,0.387,STRAIGHT,1.5,1.5,"CMD,0.4,1.50",4.0,0.0095,2.192,0.023,1,0.9568,0,NORMAL,53.418,-1.288,1,1,1,1,1,109.6,157,10,dijkstra,graph,0.498,0,,,,,,0,,,,210580,149316,3818
1326,233.86877703666687,2026-03-06T11:38:41.357347,106.49,0.0,8.01,26.08,0.0,0.0,0.0,164.83,5.48,0.395,0.389,STRAIGHT,1.5,1.5,"CMD,0.4,1.50",4.0,0.0099,2.146,0.023,1,0.9296,0,NORMAL,52.801,-1.191,1,1,1,1,1,107.3,160,8,dijkstra,graph,0.44868,0,,,,,,0,,,,203760,134421,2743
1327,234.04158306121826,2026-03-06T11:38:41.530153,104.56,0.0,0.0,26.19,0.0,0.0,0.0,156.79,5.5,0.4,0.395,STRAIGHT,1.5,1.5,"CMD,0.4,1.50",4.0,0.0099,2.146,0.023,1,0.9203,0,NORMAL,52.766,-1.145,1,1,1,1,1,107.3,151,11,dijkstra,graph,0.52262,0,,,,,,0,,,,218725,156507,3816
1328,234.22440457344055,2026-03-06T11:38:41.712975,108.71,0.0,6.01,28.05,2.0,0.0,0.0,162.8,5.5,0.403,0.4,STRAIGHT,1.5,1.5,"CMD,0.4,1.50",4.0,0.0099,2.146,0.023,1,0.9678,0,NORMAL,52.241,-1.069,1,1,1,1,1,107.3,151,13,dijkstra,graph,0.54002,0,,,,,,0,,,,221170,161754,3722
1329,234.40443468093872,2026-03-06T11:38:41.893005,111.61,0.0,6.01,26.24,2.0,0.0,0.0,161.88,5.51,0.411,0.403,STRAIGHT,1.5,1.5,"CMD,0.4,1.50",4.0,0.0104,2.1,0.023,1,0.9412,0,NORMAL,51.619,-0.977,1,1,1,1,1,105.0,180,17,dijkstra,graph,0.59281,0,,,,,,0,,,,233582,177624,4556
1330,234.58048248291016,2026-03-06T11:38:42.069053,111.49,0.0,10.13,18.55,0.0,0.0,0.0,158.02,5.52,0.416,0.411,STRAIGHT,1.5,1.5,"CMD,0.4,1.50",4.0,0.0104,2.1,0.023,1,0.9473,0,NORMAL,51.756,-0.946,1,1,1,1,1,105.0,159,15,dijkstra,graph,0.59723,0,,,,,,0,,,,241072,178782,4624
1331,234.75563716888428,2026-03-06T11:38:42.244207,104.29,0.0,5.75,22.03,0.0,0.0,0.0,154.79,5.53,0.414,0.414,STRAIGHT,1.5,1.5,"CMD,0.4,1.50",4.0,0.0099,2.146,0.023,1,0.8261,0,NORMAL,51.253,-0.925,1,1,1,1,1,107.3,126,10,dijkstra,graph,0.51671,0,,,,,,0,,,,209870,154980,3039
1332,234.92396235466003,2026-03-06T11:38:42.412532,97.2,0.0,16.98,20.1,2.0,0.0,0.0,152.31,5.54,0.418,0.416,STRAIGHT,1.5,1.5,"CMD,0.4,1.50",4.0,0.0104,2.1,0.023,1,0.8364,0,NORMAL,49.26,-0.809,1,1,1,1,1,105.0,126,10,dijkstra,graph,0.5237,0,,,,,,0,,,,224174,157006,3028
1333,235.10225868225098,2026-03-06T11:38:42.590829,110.07,0.0,6.01,28.32,0.0,0.0,0.0,160.27,5.55,0.421,0.418,STRAIGHT,1.5,1.5,"CMD,0.4,1.50",4.0,0.0104,2.1,0.023,1,0.9218,0,NORMAL,48.662,-0.708,1,1,1,1,1,105.0,155,13,dijkstra,graph,0.59812,0,,,,,,0,,,,241559,179273,4022
1334,235.28923845291138,2026-03-06T11:38:42.777808,115.04,0.0,7.91,28.04,0.0,0.0,0.0,166.96,5.55,0.423,0.421,STRAIGHT,1.5,1.5,"CMD,0.4,1.50",4.0,0.0104,2.1,0.023,1,0.877,0,NORMAL,49.347,-0.699,1,1,1,1,1,105.0,146,15,dijkstra,graph,0.58572,0,,,,,,0,,,,250235,175596,4142
1335,235.47235441207886,2026-03-06T11:38:42.960924,110.85,0.0,8.38,24.09,2.0,0.0,0.0,161.09,5.56,0.424,0.423,STRAIGHT,1.5,1.5,"CMD,0.4,1.50",4.0,0.0104,2.1,0.023,1,0.9247,0,NORMAL,49.59,-0.741,1,1,1,1,1,105.0,154,17,dijkstra,graph,0.59002,0,,,,,,0,,,,242465,176947,3936
1336,235.65134048461914,2026-03-06T11:38:43.139910,110.69,0.0,2.0,32.16,2.0,0.0,0.0,160.87,5.56,0.425,0.424,STRAIGHT,1.5,1.5,"CMD,0.4,1.50",4.0,0.0104,2.1,0.023,1,0.8925,0,NORMAL,48.405,-0.63,1,1,1,1,1,105.0,160,20,dijkstra,graph,0.64246,0,,,,,,0,,,,270502,192608,5053
1337,235.82388401031494,2026-03-06T11:38:43.312454,105.53,0.0,9.62,18.04,0.0,0.0,0.0,151.5,5.58,0.426,0.425,STRAIGHT,1.5,1.5,"CMD,0.4,1.50",4.0,0.0104,2.1,0.023,1,0.8913,0,NORMAL,48.516,-0.504,1,1,1,1,1,105.0,105,20,dijkstra,graph,0.69095,0,,,,,,0,,,,299992,206947,4903
1338,236.00209999084473,2026-03-06T11:38:43.490670,115.4,0.0,8.01,20.03,0.0,0.0,0.0,158.69,5.59,0.426,0.426,STRAIGHT,1.5,1.5,"CMD,0.4,1.50",4.0,0.0104,2.1,0.023,1,0.9232,0,NORMAL,49.476,-0.406,1,1,1,1,1,105.0,89,17,dijkstra,graph,0.65839,0,,,,,,0,,,,302230,197334,4243
1339,236.18507552146912,2026-03-06T11:38:43.673646,114.57,0.0,6.01,17.84,2.0,0.0,0.0,158.05,5.59,0.427,0.426,STRAIGHT,1.5,1.5,"CMD,0.4,1.50",4.0,0.0104,2.1,0.023,1,0.8862,0,NORMAL,49.455,-0.258,1,1,1,1,1,105.0,86,17,dijkstra,graph,0.65178,0,,,,,,0,,,,277937,195265,4168
1340,236.35346698760986,2026-03-06T11:38:43.842037,104.15,0.0,10.08,20.0,0.0,0.0,0.0,150.37,5.6,0.427,0.427,STRAIGHT,1.5,1.5,"CMD,0.4,1.50",4.0,0.0104,2.1,0.023,1,0.9075,0,NORMAL,49.671,-0.131,1,1,1,1,1,105.0,105,20,dijkstra,graph,0.67155,0,,,,,,0,,,,301041,201225,4762
1341,236.53459215164185,2026-03-06T11:38:44.023162,105.53,0.0,8.01,19.76,2.0,0.0,0.0,153.18,5.6,0.427,0.427,STRAIGHT,1.5,1.5,"CMD,0.4,1.50",4.0,0.0104,2.1,0.023,1,0.9336,0,NORMAL,49.945,-0.062,1,1,1,1,1,105.0,96,17,dijkstra,graph,0.66775,0,,,,,,0,,,,305154,200033,4455
1342,236.7065281867981,2026-03-06T11:38:44.195098,107.86,0.0,6.01,22.03,0.0,0.0,0.0,151.91,5.62,0.427,0.427,STRAIGHT,1.5,1.5,"CMD,0.4,1.50",4.0,0.0104,2.1,0.023,1,0.8913,0,NORMAL,49.887,0.031,1,1,1,1,1,105.0,102,20,dijkstra,graph,0.74731,0,,,,,,0,,,,336419,223699,5643
1343,236.87933039665222,2026-03-06T11:38:44.367901,108.3,0.0,6.01,18.02,0.0,0.0,0.0,150.35,5.64,0.427,0.427,STRAIGHT,1.5,1.5,"CMD,0.4,1.50",4.0,0.0104,2.1,0.023,1,0.9432,0,NORMAL,49.036,0.115,1,1,1,1,1,105.0,105,19,dijkstra,graph,0.75686,0,,,,,,0,,,,339875,226671,5507
1344,237.05928945541382,2026-03-06T11:38:44.547859,104.04,0.0,10.31,24.15,0.0,0.0,2.0,159.49,5.64,0.421,0.427,STRAIGHT,1.5,1.5,"CMD,0.4,1.50",4.0,0.0099,2.146,0.023,1,0.9104,0,NORMAL,48.292,0.364,1,1,1,1,1,107.3,100,20,dijkstra,graph,0.78981,0,,,,,,0,,,,370106,236512,5771
1345,237.24075317382812,2026-03-06T11:38:44.729323,112.89,0.0,8.01,22.03,2.0,0.0,0.0,162.56,5.66,0.417,0.421,STRAIGHT,1.5,1.5,"CMD,0.4,1.50",4.0,0.0099,2.146,0.023,1,0.9301,0,NORMAL,47.941,0.904,1,1,1,1,1,107.3,113,19,dijkstra,graph,0.8238,0,,,,,,0,,,,385966,246625,6220
1346,237.42660093307495,2026-03-06T11:38:44.915171,111.66,0.0,10.1,30.05,0.0,0.0,0.0,165.82,5.65,0.409,0.417,STRAIGHT,1.5,1.5,"CMD,0.4,1.50",4.0,0.0095,2.192,0.023,1,0.9491,0,NORMAL,48.333,1.356,1,1,1,1,1,109.6,100,16,dijkstra,graph,0.84839,0,,,,,,0,,,,399759,253573,6610
1347,237.61357307434082,2026-03-06T11:38:45.102143,112.66,0.0,2.0,36.26,0.0,0.0,0.0,164.95,5.64,0.403,0.409,STRAIGHT,1.5,1.5,"CMD,0.4,1.50",4.0,0.0095,2.192,0.023,1,0.9124,0,NORMAL,48.135,1.592,1,1,1,1,1,109.6,162,17,dijkstra,graph,0.77926,0,,,,,,0,,,,389658,233278,6066
1348,237.79278588294983,2026-03-06T11:38:45.281356,102.98,0.0,6.04,34.15,0.0,0.0,0.0,157.19,5.63,0.399,0.403,STRAIGHT,1.5,1.5,"CMD,0.4,1.50",4.0,0.0095,2.192,0.023,1,0.9093,0,NORMAL,49.235,1.77,1,1,1,1,1,109.6,114,16,dijkstra,graph,0.84988,0,,,,,,0,,,,418801,254056,6687
1349,237.9936239719391,2026-03-06T11:38:45.482194,106.38,0.0,10.12,44.29,0.0,0.0,0.0,174.81,5.6,0.397,0.399,STRAIGHT,1.5,1.5,"CMD,0.4,1.50",4.0,0.0095,2.192,0.023,1,0.9455,0,NORMAL,50.69,1.892,1,1,1,1,1,109.6,202,14,dijkstra,graph,0.85944,0,,,,,,0,,,,432365,256892,6469
1350,238.1940667629242,2026-03-06T11:38:45.682637,104.36,0.0,10.39,43.92,0.0,0.0,0.0,172.41,5.57,0.39,0.397,STRAIGHT,1.5,1.5,"CMD,0.4,1.50",4.0,0.0091,2.237,0.023,1,0.9653,0,NORMAL,50.286,2.125,1,1,1,1,1,111.9,198,14,dijkstra,graph,0.85384,0,,,,,,0,,,,425185,255238,6657
1351,238.39213228225708,2026-03-06T11:38:45.880702,107.93,0.0,8.01,40.07,0.0,0.0,2.0,174.04,5.55,0.381,0.39,STRAIGHT,1.5,1.5,"CMD,0.4,1.50",4.0,0.0088,2.283,0.023,1,0.95,0,NORMAL,50.0,2.524,1,1,1,1,1,114.2,201,15,dijkstra,graph,0.85816,0,,,,,,0,,,,435672,256514,6316
1352,238.58810329437256,2026-03-06T11:38:46.076673,118.1,0.0,8.01,39.57,0.0,0.0,0.0,175.93,5.53,0.374,0.381,STRAIGHT,1.5,1.5,"CMD,0.4,1.50",4.0,0.0088,2.283,0.023,1,0.9724,0,NORMAL,50.053,2.571,1,1,1,1,1,114.2,198,13,dijkstra,graph,0.85335,0,,,,,,0,,,,432910,254992,6262
1353,238.78713870048523,2026-03-06T11:38:46.275709,112.08,0.0,8.01,36.44,2.0,0.0,0.0,175.0,5.51,0.37,0.374,STRAIGHT,1.5,1.5,"CMD,0.4,1.50",4.0,0.0088,2.283,0.023,1,0.9661,0,NORMAL,50.15,2.597,1,1,1,1,1,114.2,184,13,dijkstra,graph,0.84934,0,,,,,,0,,,,421783,253756,6269
1354,238.98773884773254,2026-03-06T11:38:46.476309,116.05,0.0,8.95,37.55,2.0,0.0,0.0,180.58,5.48,0.367,0.37,STRAIGHT,1.5,1.5,"CMD,0.4,1.50",4.0,0.0088,2.283,0.023,1,0.9611,0,NORMAL,50.163,2.565,1,1,1,1,1,114.2,185,12,dijkstra,graph,0.85444,0,,,,,,0,,,,421177,255204,6358
1355,239.18243288993835,2026-03-06T11:38:46.671003,110.59,0.0,6.01,38.05,2.0,0.0,0.0,172.67,5.46,0.36,0.367,STRAIGHT,1.5,1.5,"CMD,0.4,1.50",4.0,0.0084,2.329,0.023,1,0.9637,0,NORMAL,50.233,2.545,1,1,1,1,1,116.4,202,14,dijkstra,graph,0.85583,0,,,,,,0,,,,411757,255716,6389
1356,239.3864951133728,2026-03-06T11:38:46.875065,115.3,0.0,4.51,40.04,0.0,0.0,0.0,181.98,5.43,0.356,0.36,STRAIGHT,1.5,1.5,"CMD,0.4,1.50",4.0,0.0084,2.329,0.023,1,0.9638,0,NORMAL,50.219,2.459,1,1,1,1,1,116.4,204,11,dijkstra,graph,0.85376,0,,,,,,0,,,,410097,255188,6452
1357,239.58787894248962,2026-03-06T11:38:47.076449,115.04,0.0,8.01,36.05,0.0,0.0,0.0,177.12,5.41,0.353,0.356,STRAIGHT,1.5,1.5,"CMD,0.4,1.50",4.0,0.0084,2.329,0.023,1,0.9661,0,NORMAL,50.109,2.336,1,1,1,1,1,116.4,182,13,dijkstra,graph,0.85095,0,,,,,,0,,,,403388,254266,6322
1358,239.78396916389465,2026-03-06T11:38:47.272539,104.71,0.0,10.24,40.04,2.0,0.0,0.0,173.72,5.39,0.347,0.353,STRAIGHT,1.5,1.5,"CMD,0.4,1.50",4.0,0.0081,2.374,0.023,1,0.9617,0,NORMAL,50.038,2.245,1,1,1,1,1,118.7,170,12,dijkstra,graph,0.85603,0,,,,,,0,,,,400295,255803,6182
1359,239.98554182052612,2026-03-06T11:38:47.474112,112.34,0.0,8.01,34.38,2.0,0.0,0.0,175.24,5.37,0.343,0.347,STRAIGHT,1.5,1.5,"CMD,0.3,1.50",4.0,0.0081,2.374,0.023,1,0.9533,0,NORMAL,50.003,2.142,1,1,1,1,1,118.7,156,12,dijkstra,graph,0.86198,0,,,,,,0,,,,399292,257615,6112
1360,240.18190574645996,2026-03-06T11:38:47.670476,116.0,0.0,6.01,26.22,10.09,0.0,0.0,174.34,5.34,0.336,0.343,STRAIGHT,1.5,1.5,"CMD,0.3,1.50",4.0,0.0078,2.42,0.023,1,0.9577,0,NORMAL,50.121,2.038,1,1,1,1,1,121.0,161,10,dijkstra,graph,0.86376,0,,,,,,0,,,,390196,258099,6274
