frame_id,timestamp,wall_clock,t_segmentation,t_detection,t_bev,t_skeleton,t_pathfinding,t_gps_fusion,t_command,t_total_pipeline,fps,heading_raw_deg,heading_smoothed_deg,command,speed_raw_mps,speed_smoothed_mps,serial_cmd,pp_lookahead_m,pp_kappa_cmd_m_inv,pp_target_x_m,pp_target_y_m,pp_valid_path,seg_iou,seg_unstable_frames,stability_mode,stab_corr_px,stab_corr_deg,has_candidate_path,has_model_path,has_control_path,has_path,num_paths,best_path_length_px,num_graph_nodes,num_graph_edges,planner_mode,path_source,bev_mask_occ_ratio,num_detections,min_obstacle_dist_m,detection_classes,detection_distances,gps_lat,gps_lon,gps_fix_quality,gps_wp_name,gps_wp_dist_m,gps_correction_deg,sidewalk_mask_pixels,bev_mask_pixels,skeleton_pixels
0,0.3444349765777588,2026-03-06T13:27:32.533385,144.88,0.0,9.89,24.98,30.15,0.0,0.0,232.7,0.0,0.096,0.096,STRAIGHT,1.5,1.5,"CMD,0.1,1.50",4.0,0.007,2.511,0.022,1,1.0,0,NORMAL,0.0,0.0,1,1,1,1,2,125.6,123,12,dijkstra,graph,0.62973,0,,,,,,0,,,,285973,188320,4543
1,0.6109950542449951,2026-03-06T13:27:32.799945,127.31,0.0,11.39,25.64,29.73,0.0,0.0,216.64,3.75,0.161,0.128,STRAIGHT,1.5,1.5,"CMD,0.1,1.50",4.0,0.007,2.511,0.022,1,0.9494,0,NORMAL,2.595,-0.068,1,1,1,1,2,125.6,116,9,dijkstra,graph,0.61686,0,,,,,,0,,,,275006,184570,4359
2,0.8475127220153809,2026-03-06T13:27:33.036462,123.71,0.0,11.09,24.01,28.7,0.0,0.0,209.16,3.98,0.203,0.161,STRAIGHT,1.5,1.5,"CMD,0.2,1.50",4.0,0.007,2.511,0.022,1,0.9539,0,NORMAL,6.142,-0.139,1,1,1,1,2,125.6,115,11,dijkstra,graph,0.62388,0,,,,,,0,,,,282699,186629,4203
3,1.085496187210083,2026-03-06T13:27:33.274446,121.19,0.0,10.35,25.81,29.77,0.0,0.0,208.46,4.05,0.232,0.203,STRAIGHT,1.5,1.5,"CMD,0.2,1.50",4.0,0.007,2.511,0.022,1,0.9759,0,NORMAL,8.447,-0.095,1,1,1,1,2,125.6,120,10,dijkstra,graph,0.6263,0,,,,,,0,,,,283233,187447,4348
4,1.3213937282562256,2026-03-06T13:27:33.510343,124.45,0.0,11.37,23.74,26.78,0.0,0.0,208.53,4.09,0.251,0.232,STRAIGHT,1.5,1.5,"CMD,0.2,1.50",4.0,0.007,2.511,0.022,1,0.968,0,NORMAL,9.224,-0.087,1,1,1,1,2,125.6,111,11,dijkstra,graph,0.61254,0,,,,,,0,,,,276198,183373,4280
5,1.5569536685943604,2026-03-06T13:27:33.745903,122.04,0.0,10.47,24.24,28.83,0.0,0.0,205.93,4.13,0.264,0.251,STRAIGHT,1.5,1.5,"CMD,0.3,1.50",4.0,0.007,2.511,0.022,1,0.9631,0,NORMAL,11.876,-0.009,1,1,1,1,2,125.6,111,9,dijkstra,graph,0.61448,0,,,,,,0,,,,279873,183773,4291
6,1.7899880409240723,2026-03-06T13:27:33.978938,119.49,0.0,11.35,25.39,29.3,0.0,0.0,206.15,4.15,0.272,0.264,STRAIGHT,1.5,1.5,"CMD,0.3,1.50",4.0,0.007,2.511,0.022,1,0.9653,0,NORMAL,15.547,0.029,1,1,1,1,2,125.6,119,10,dijkstra,graph,0.62316,0,,,,,,0,,,,281026,186440,4537
7,2.02746844291687,2026-03-06T13:27:34.216418,122.72,0.0,11.6,25.41,28.71,0.0,0.0,208.92,4.16,0.28,0.272,STRAIGHT,1.5,1.5,"CMD,0.3,1.50",4.0,0.0072,2.466,0.022,1,0.9705,0,NORMAL,19.901,0.066,1,1,1,1,2,123.3,118,10,dijkstra,graph,0.62233,0,,,,,,0,,,,278841,186187,4238
8,2.2610604763031006,2026-03-06T13:27:34.450010,119.98,0.0,10.95,25.13,29.13,0.0,0.0,205.93,4.17,0.283,0.28,STRAIGHT,1.5,1.5,"CMD,0.3,1.50",4.0,0.007,2.511,0.022,1,0.9549,0,NORMAL,22.382,0.153,1,1,1,1,2,125.6,119,11,dijkstra,graph,0.60928,0,,,,,,0,,,,269374,182274,4316
9,2.4924819469451904,2026-03-06T13:27:34.681432,118.47,0.0,11.02,22.85,29.42,0.0,0.0,202.74,4.19,0.285,0.283,STRAIGHT,1.5,1.5,"CMD,0.3,1.50",4.0,0.007,2.511,0.022,1,0.9574,0,NORMAL,22.308,0.191,1,1,1,1,2,125.6,100,8,dijkstra,graph,0.61715,0,,,,,,0,,,,275216,184743,4377
10,2.7249155044555664,2026-03-06T13:27:34.913865,118.24,0.0,10.89,25.19,28.43,0.0,0.0,203.86,4.2,0.283,0.283,STRAIGHT,1.5,1.5,"CMD,0.3,1.50",4.0,0.0067,2.557,0.022,1,0.9126,0,NORMAL,24.093,0.198,1,1,1,1,2,127.9,123,13,dijkstra,graph,0.58798,0,,,,,,0,,,,254195,175828,4051
11,2.958516836166382,2026-03-06T13:27:35.147466,122.09,0.0,11.32,24.74,29.71,0.0,0.0,207.96,4.21,0.279,0.283,STRAIGHT,1.5,1.5,"CMD,0.3,1.50",4.0,0.0066,2.603,0.022,1,0.9187,0,NORMAL,26.949,0.151,1,1,1,1,2,130.2,129,8,dijkstra,graph,0.60043,0,,,,,,0,,,,268445,179472,3907
12,3.208036422729492,2026-03-06T13:27:35.396986,119.32,0.0,12.53,38.81,31.2,0.0,0.0,222.01,4.19,0.276,0.279,STRAIGHT,1.5,1.5,"CMD,0.3,1.50",4.0,0.0066,2.603,0.022,1,0.9053,0,NORMAL,27.608,-0.033,1,1,1,1,2,130.2,211,11,dijkstra,graph,0.66244,0,,,,,,0,,,,290871,198202,5293
13,3.4489197731018066,2026-03-06T13:27:35.637869,120.6,0.0,11.58,26.11,31.1,0.0,0.0,211.05,4.19,0.275,0.276,STRAIGHT,1.5,1.5,"CMD,0.3,1.50",4.0,0.0066,2.603,0.022,1,0.9772,0,NORMAL,27.28,-0.129,1,1,1,1,2,130.2,120,9,dijkstra,graph,0.67318,0,,,,,,0,,,,290413,201307,4840
14,3.7160375118255615,2026-03-06T13:27:35.904987,134.13,0.0,11.03,37.82,33.24,0.0,0.0,238.7,4.15,0.273,0.275,STRAIGHT,1.5,1.5,"CMD,0.3,1.50",4.0,0.0066,2.603,0.022,1,0.9651,0,NORMAL,27.009,-0.247,1,1,1,1,2,130.2,213,9,dijkstra,graph,0.6795,0,,,,,,0,,,,292563,203381,5361
15,3.965904951095581,2026-03-06T13:27:36.154854,116.99,0.0,10.52,38.58,34.52,0.0,0.0,221.13,4.14,0.275,0.275,STRAIGHT,1.5,1.5,"CMD,0.3,1.50",4.0,0.0067,2.557,0.022,1,0.9677,0,NORMAL,28.283,-0.337,1,1,1,1,2,127.9,218,10,dijkstra,graph,0.68105,0,,,,,,0,,,,291729,203631,5308
16,4.21794319152832,2026-03-06T13:27:36.406893,121.8,0.0,9.52,38.81,32.97,0.0,0.0,222.99,4.13,0.28,0.275,STRAIGHT,1.5,1.5,"CMD,0.3,1.50",4.0,0.007,2.511,0.022,1,0.9523,0,NORMAL,29.803,-0.353,1,1,1,1,2,125.6,211,10,dijkstra,graph,0.68017,0,,,,,,0,,,,290091,203422,5300
17,4.484044551849365,2026-03-06T13:27:36.672994,121.83,0.0,10.81,47.36,36.39,0.0,0.0,238.04,4.11,0.283,0.28,STRAIGHT,1.5,1.5,"CMD,0.3,1.50",4.0,0.007,2.511,0.022,1,0.9497,0,NORMAL,30.69,-0.371,1,1,1,1,2,125.6,272,15,dijkstra,graph,0.66163,0,,,,,,0,,,,277277,198097,5598
18,4.747516632080078,2026-03-06T13:27:36.936466,119.07,0.0,12.17,45.92,35.43,0.0,0.0,234.21,4.09,0.287,0.283,STRAIGHT,1.5,1.5,"CMD,0.3,1.50",4.0,0.0072,2.466,0.022,1,0.9407,0,NORMAL,29.983,-0.402,1,1,1,1,2,123.3,265,13,dijkstra,graph,0.68205,0,,,,,,0,,,,278167,203981,5526
19,5.007820129394531,2026-03-06T13:27:37.196770,121.32,0.0,12.25,44.83,34.59,0.0,0.0,232.9,4.07,0.294,0.287,STRAIGHT,1.5,1.5,"CMD,0.3,1.50",4.0,0.0075,2.42,0.022,1,0.9262,0,NORMAL,30.981,-0.397,1,1,1,1,2,121.0,254,12,dijkstra,graph,0.65376,0,,,,,,0,,,,259192,195593,5349
20,5.271942615509033,2026-03-06T13:27:37.460892,120.76,0.0,11.31,47.25,36.48,0.0,0.0,237.29,4.06,0.302,0.294,STRAIGHT,1.5,1.5,"CMD,0.3,1.50",4.0,0.0077,2.374,0.022,1,0.9044,0,NORMAL,33.188,-0.369,1,1,1,1,2,118.7,272,18,dijkstra,graph,0.68514,0,,,,,,0,,,,281440,204838,5957
21,5.542200088500977,2026-03-06T13:27:37.731150,123.81,0.0,11.26,47.21,37.06,0.0,0.0,241.39,4.04,0.312,0.302,STRAIGHT,1.5,1.5,"CMD,0.3,1.50",4.0,0.008,2.329,0.022,1,0.9677,0,NORMAL,34.278,-0.344,1,1,1,1,2,116.5,266,18,dijkstra,graph,0.68802,0,,,,,,0,,,,281241,205782,6052
22,5.799709796905518,2026-03-06T13:27:37.988659,120.86,0.0,11.21,43.05,33.71,0.0,0.0,229.91,4.03,0.318,0.312,STRAIGHT,1.5,1.5,"CMD,0.3,1.50",4.0,0.008,2.329,0.022,1,0.9541,0,NORMAL,34.987,-0.407,1,1,1,1,2,116.5,239,14,dijkstra,graph,0.68258,0,,,,,,0,,,,271229,204201,5660
23,6.059128522872925,2026-03-06T13:27:38.248078,124.63,0.0,11.02,41.75,33.09,0.0,1.0,232.2,4.02,0.322,0.318,STRAIGHT,1.5,1.5,"CMD,0.3,1.50",4.0,0.008,2.329,0.022,1,0.9236,0,NORMAL,36.76,-0.43,1,1,1,1,2,116.5,234,13,dijkstra,graph,0.66486,0,,,,,,0,,,,254744,199087,5405
24,6.316143751144409,2026-03-06T13:27:38.505093,122.64,0.0,10.09,27.15,48.11,0.0,0.0,229.88,4.02,2.664,0.322,STRAIGHT,1.5,1.5,"CMD,0.3,1.50",2.257,0.1791,2.133,0.424,1,0.8078,0,NORMAL,40.886,-0.509,1,1,1,1,1,575.6,139,18,dijkstra,fallback_skeleton,0.60196,0,,,,,,0,,,,206638,180651,4515
25,6.545542001724243,2026-03-06T13:27:38.734492,123.59,0.0,11.02,17.51,27.88,0.0,0.0,202.35,4.03,2.169,2.169,STRAIGHT,1.5,1.5,"CMD,2.2,1.50",4.0,0.0286,1.279,0.023,1,0.8468,0,NORMAL,44.675,-0.713,1,1,1,1,2,63.9,78,15,dijkstra,graph,0.59432,0,,,,,,0,,,,194308,178371,3669
26,6.776002883911133,2026-03-06T13:27:38.964952,122.24,0.0,9.92,20.86,30.31,0.0,0.0,205.71,4.04,1.559,2.169,STRAIGHT,1.5,1.5,"CMD,2.2,1.50",4.0,0.0082,2.283,0.021,1,0.7595,0,NORMAL,45.365,-0.528,1,1,1,1,2,114.2,89,15,dijkstra,graph,0.60738,0,,,,,,0,,,,228521,181941,4065
27,7.008704423904419,2026-03-06T13:27:39.197654,119.66,0.0,11.53,21.16,30.93,0.0,1.0,205.95,4.05,1.161,1.559,STRAIGHT,1.5,1.5,"CMD,1.6,1.50",4.0,0.0089,2.192,0.021,1,0.8984,0,NORMAL,47.866,-0.298,1,1,1,1,2,109.6,81,13,dijkstra,graph,0.6394,0,,,,,,0,,,,239761,191641,4349
28,7.250131607055664,2026-03-06T13:27:39.439081,124.61,0.0,11.71,25.69,32.08,0.0,0.0,214.38,4.05,0.893,1.161,STRAIGHT,1.5,1.5,"CMD,1.2,1.50",4.0,0.0086,2.237,0.022,1,0.9139,0,NORMAL,51.406,-0.258,1,1,1,1,2,111.9,115,16,dijkstra,graph,0.64331,0,,,,,,0,,,,251352,192825,4656
29,7.486771106719971,2026-03-06T13:27:39.675721,125.01,0.0,11.03,20.05,30.57,0.0,1.21,208.85,4.06,0.714,0.893,STRAIGHT,1.5,1.5,"CMD,0.9,1.50",4.0,0.0086,2.237,0.022,1,0.9516,0,NORMAL,51.071,-0.206,1,1,1,1,2,111.9,77,15,dijkstra,graph,0.63944,0,,,,,,0,,,,246341,191458,4266
30,7.729552507400513,2026-03-06T13:27:39.918502,126.84,0.0,10.99,23.9,30.63,0.0,0.0,215.57,4.07,0.594,0.714,STRAIGHT,1.5,1.5,"CMD,0.7,1.50",4.0,0.0086,2.237,0.022,1,0.9247,0,NORMAL,50.971,-0.102,1,1,1,1,2,111.9,116,14,dijkstra,graph,0.62802,0,,,,,,0,,,,239198,188056,4241
31,7.959417343139648,2026-03-06T13:27:40.148367,118.92,0.0,9.52,23.31,30.26,0.0,0.0,203.42,4.08,0.509,0.594,STRAIGHT,1.5,1.5,"CMD,0.6,1.50",4.0,0.0082,2.283,0.021,1,0.9556,0,NORMAL,50.835,-0.057,1,1,1,1,2,114.2,101,14,dijkstra,graph,0.62587,0,,,,,,0,,,,235673,187437,4334
32,8.196685314178467,2026-03-06T13:27:40.385635,125.89,0.0,10.89,19.66,30.42,0.0,0.0,208.72,4.08,0.453,0.509,STRAIGHT,1.5,1.5,"CMD,0.5,1.50",4.0,0.0082,2.283,0.021,1,0.9367,0,NORMAL,50.621,-0.039,1,1,1,1,2,114.2,73,15,dijkstra,graph,0.62789,0,,,,,,0,,,,233917,188179,4415
33,8.437751293182373,2026-03-06T13:27:40.626701,129.94,0.0,11.74,19.93,30.51,0.0,0.0,213.77,4.08,0.415,0.453,STRAIGHT,1.5,1.5,"CMD,0.5,1.50",4.0,0.0082,2.283,0.021,1,0.9553,0,NORMAL,50.381,-0.054,1,1,1,1,2,114.2,73,17,dijkstra,graph,0.62403,0,,,,,,0,,,,236086,186926,4491
34,8.680047750473022,2026-03-06T13:27:40.868997,129.9,0.0,11.31,23.0,31.26,0.0,0.0,216.18,4.07,0.39,0.415,STRAIGHT,1.5,1.5,"CMD,0.4,1.50",4.0,0.0082,2.283,0.021,1,0.9259,0,NORMAL,50.144,-0.099,1,1,1,1,2,114.2,115,14,dijkstra,graph,0.61554,0,,,,,,0,,,,237271,184314,4393
35,8.91545844078064,2026-03-06T13:27:41.104408,122.37,0.0,11.05,24.14,29.53,0.0,0.0,208.53,4.07,0.373,0.39,STRAIGHT,1.5,1.5,"CMD,0.4,1.50",4.0,0.0082,2.283,0.021,1,0.9699,0,NORMAL,50.045,-0.109,1,1,1,1,2,114.2,108,15,dijkstra,graph,0.61463,0,,,,,,0,,,,239861,183960,4145
36,9.145519733428955,2026-03-06T13:27:41.334469,119.86,0.0,9.3,25.3,27.92,0.0,0.0,203.14,4.07,0.362,0.373,STRAIGHT,1.5,1.5,"CMD,0.4,1.50",4.0,0.0082,2.283,0.021,1,0.97,0,NORMAL,50.0,-0.152,1,1,1,1,2,114.2,119,14,dijkstra,graph,0.61469,0,,,,,,0,,,,239634,183998,4292
37,9.377067565917969,2026-03-06T13:27:41.566017,118.25,0.0,11.2,23.35,31.5,0.0,0.0,206.18,4.08,0.354,0.362,STRAIGHT,1.5,1.5,"CMD,0.4,1.50",4.0,0.0082,2.283,0.021,1,0.969,0,NORMAL,50.038,-0.135,1,1,1,1,2,114.2,113,16,dijkstra,graph,0.61773,0,,,,,,0,,,,242862,184899,4767
38,9.611127138137817,2026-03-06T13:27:41.800077,123.2,0.0,11.03,22.23,30.97,0.0,0.0,208.09,4.07,0.355,0.355,STRAIGHT,1.5,1.5,"CMD,0.4,1.50",4.0,0.0086,2.237,0.022,1,0.9675,0,NORMAL,50.135,-0.096,1,1,1,1,2,111.9,99,16,dijkstra,graph,0.62089,0,,,,,,0,,,,243691,185887,4558
39,9.84378433227539,2026-03-06T13:27:42.032734,120.14,0.0,10.16,23.35,32.19,0.0,0.0,205.75,4.07,0.355,0.355,STRAIGHT,1.5,1.5,"CMD,0.4,1.50",4.0,0.0086,2.237,0.022,1,0.9648,0,NORMAL,50.361,-0.127,1,1,1,1,2,111.9,108,20,dijkstra,graph,0.62393,0,,,,,,0,,,,247138,186740,4769
40,10.080782651901245,2026-03-06T13:27:42.269732,123.74,0.0,11.35,22.42,30.25,0.0,0.0,209.81,4.07,0.355,0.355,STRAIGHT,1.5,1.5,"CMD,0.4,1.50",4.0,0.0086,2.237,0.022,1,0.9577,0,NORMAL,50.723,-0.141,1,1,1,1,2,111.9,97,20,dijkstra,graph,0.62986,0,,,,,,0,,,,252211,188748,4721
41,10.314789295196533,2026-03-06T13:27:42.503739,119.43,0.0,11.29,23.63,32.22,0.0,0.0,207.71,4.08,0.356,0.355,STRAIGHT,1.5,1.5,"CMD,0.4,1.50",4.0,0.0086,2.237,0.022,1,0.9774,0,NORMAL,50.949,-0.107,1,1,1,1,2,111.9,105,18,dijkstra,graph,0.63207,0,,,,,,0,,,,253328,189276,4799
42,10.54880666732788,2026-03-06T13:27:42.737756,118.26,0.0,10.82,24.95,30.49,0.0,1.0,206.68,4.08,0.356,0.356,STRAIGHT,1.5,1.5,"CMD,0.4,1.50",4.0,0.0086,2.237,0.022,1,0.9445,0,NORMAL,51.553,-0.156,1,1,1,1,2,111.9,120,15,dijkstra,graph,0.61244,0,,,,,,0,,,,245451,183317,4475
43,10.778074264526367,2026-03-06T13:27:42.967024,119.16,0.0,11.76,22.05,28.11,0.0,0.0,202.17,4.11,0.35,0.356,STRAIGHT,1.5,1.5,"CMD,0.4,1.50",4.0,0.0082,2.283,0.021,1,0.9095,0,NORMAL,51.763,0.094,1,1,1,1,2,114.2,108,12,dijkstra,graph,0.5663,0,,,,,,0,,,,227357,169307,4023
44,11.012415885925293,2026-03-06T13:27:43.201366,122.66,0.0,10.78,27.04,28.51,0.0,0.0,208.54,4.12,0.347,0.35,STRAIGHT,1.5,1.5,"CMD,0.4,1.50",4.0,0.0082,2.283,0.021,1,0.9607,0,NORMAL,51.825,0.185,1,1,1,1,2,114.2,145,13,dijkstra,graph,0.58643,0,,,,,,0,,,,230031,175301,4141
45,11.244845151901245,2026-03-06T13:27:43.433795,122.39,0.0,9.54,22.82,30.63,0.0,0.0,206.73,4.13,0.344,0.347,STRAIGHT,1.5,1.5,"CMD,0.3,1.50",4.0,0.0082,2.283,0.021,1,0.8887,0,NORMAL,52.017,0.211,1,1,1,1,2,114.2,107,15,dijkstra,graph,0.64444,0,,,,,,0,,,,255125,192935,4634
46,11.473896265029907,2026-03-06T13:27:43.662846,121.66,0.0,11.86,21.69,27.21,0.0,0.0,203.39,4.15,0.348,0.347,STRAIGHT,1.5,1.5,"CMD,0.3,1.50",4.0,0.0086,2.237,0.022,1,0.9176,0,NORMAL,52.263,0.219,1,1,1,1,2,111.9,113,15,dijkstra,graph,0.61393,0,,,,,,0,,,,239174,183647,4484
47,11.709059476852417,2026-03-06T13:27:43.898009,123.83,0.0,10.79,19.6,30.61,0.0,1.0,208.12,4.17,0.351,0.348,STRAIGHT,1.5,1.5,"CMD,0.3,1.50",4.0,0.0086,2.237,0.022,1,0.9174,0,NORMAL,52.2,0.246,1,1,1,1,2,111.9,83,16,dijkstra,graph,0.64364,0,,,,,,0,,,,256265,192704,4664
48,11.943126440048218,2026-03-06T13:27:44.132076,120.48,0.0,10.78,22.47,31.52,0.0,0.0,206.33,4.18,0.352,0.351,STRAIGHT,1.5,1.5,"CMD,0.4,1.50",4.0,0.0086,2.237,0.022,1,0.9577,0,NORMAL,52.353,0.217,1,1,1,1,2,111.9,99,16,dijkstra,graph,0.6336,0,,,,,,0,,,,251393,189793,4579
49,12.175979137420654,2026-03-06T13:27:44.364929,119.94,0.0,11.7,19.86,32.16,0.0,0.0,205.71,4.2,0.348,0.351,STRAIGHT,1.5,1.5,"CMD,0.4,1.50",4.0,0.0082,2.283,0.021,1,0.9477,0,NORMAL,52.286,0.278,1,1,1,1,2,114.2,85,18,dijkstra,graph,0.6555,0,,,,,,0,,,,261294,196381,4896
50,12.40705394744873,2026-03-06T13:27:44.596004,120.28,0.0,9.15,20.51,31.58,0.0,0.0,204.37,4.22,0.351,0.351,STRAIGHT,1.5,1.5,"CMD,0.4,1.50",4.0,0.0086,2.237,0.022,1,0.961,0,NORMAL,53.423,0.215,1,1,1,1,2,111.9,81,15,dijkstra,graph,0.64295,0,,,,,,0,,,,256793,192600,4402
51,12.638970851898193,2026-03-06T13:27:44.827920,128.32,0.0,11.11,18.52,25.67,0.0,0.0,205.7,4.24,0.356,0.351,STRAIGHT,1.5,1.5,"CMD,0.4,1.50",4.0,0.0089,2.192,0.021,1,0.9761,0,NORMAL,53.6,0.207,1,1,1,1,2,109.6,79,14,dijkstra,graph,0.64684,0,,,,,,0,,,,257559,193755,4226
52,12.876932859420776,2026-03-06T13:27:45.065882,128.93,0.0,11.58,19.62,31.34,0.0,0.0,212.22,4.25,0.359,0.356,STRAIGHT,1.5,1.5,"CMD,0.4,1.50",4.0,0.0089,2.192,0.021,1,0.9628,0,NORMAL,53.761,0.238,1,1,1,1,2,109.6,95,14,dijkstra,graph,0.64833,0,,,,,,0,,,,260851,194400,4269
53,13.116908311843872,2026-03-06T13:27:45.305858,129.9,0.0,10.04,21.74,30.33,0.0,0.0,213.78,4.26,0.361,0.359,STRAIGHT,1.5,1.5,"CMD,0.4,1.50",4.0,0.0089,2.192,0.021,1,0.9745,0,NORMAL,54.071,0.234,1,1,1,1,2,109.6,94,15,dijkstra,graph,0.65029,0,,,,,,0,,,,261393,194766,4309
54,13.344831228256226,2026-03-06T13:27:45.533781,119.74,0.0,12.53,17.81,29.75,0.0,1.01,200.65,4.27,0.362,0.361,STRAIGHT,1.5,1.5,"CMD,0.4,1.50",4.0,0.0089,2.192,0.021,1,0.9839,0,NORMAL,54.128,0.248,1,1,1,1,2,109.6,81,17,dijkstra,graph,0.65056,0,,,,,,0,,,,261506,194761,4526
55,13.574006795883179,2026-03-06T13:27:45.762956,119.34,0.0,11.42,18.55,31.26,0.0,0.0,202.79,4.27,0.36,0.361,STRAIGHT,1.5,1.5,"CMD,0.4,1.50",4.0,0.0086,2.237,0.022,1,0.9791,0,NORMAL,54.229,0.282,1,1,1,1,2,111.9,79,16,dijkstra,graph,0.65419,0,,,,,,0,,,,263279,195831,4292
56,13.805923223495483,2026-03-06T13:27:45.994873,119.7,0.0,11.02,21.61,30.22,0.0,0.0,204.36,4.27,0.359,0.36,STRAIGHT,1.5,1.5,"CMD,0.4,1.50",4.0,0.0086,2.237,0.022,1,0.9691,0,NORMAL,54.511,0.254,1,1,1,1,2,111.9,99,14,dijkstra,graph,0.65207,0,,,,,,0,,,,261233,195277,4592
57,14.062382459640503,2026-03-06T13:27:46.251332,139.38,0.0,10.98,23.91,31.67,0.0,0.51,228.08,4.26,0.361,0.36,STRAIGHT,1.5,1.5,"CMD,0.4,1.50",4.0,0.0089,2.192,0.021,1,0.9573,0,NORMAL,55.749,0.24,1,1,1,1,2,109.6,110,16,dijkstra,graph,0.66188,0,,,,,,0,,,,264229,198270,4679
58,14.295914888381958,2026-03-06T13:27:46.484864,121.44,0.0,11.03,21.86,29.27,0.0,0.0,204.55,4.26,0.362,0.361,STRAIGHT,1.5,1.5,"CMD,0.4,1.50",4.0,0.0089,2.192,0.021,1,0.9775,0,NORMAL,55.951,0.23,1,1,1,1,2,109.6,94,13,dijkstra,graph,0.65791,0,,,,,,0,,,,264170,197401,4239
59,14.52444052696228,2026-03-06T13:27:46.713390,121.53,0.0,11.28,18.18,28.22,0.0,0.0,201.6,4.27,0.36,0.361,STRAIGHT,1.5,1.5,"CMD,0.4,1.50",4.0,0.0086,2.237,0.022,1,0.9754,0,NORMAL,55.703,0.236,1,1,1,1,2,111.9,79,14,dijkstra,graph,0.65366,0,,,,,,0,,,,264804,195992,3836
60,14.75311827659607,2026-03-06T13:27:46.942068,120.0,0.0,11.05,19.84,28.43,0.0,0.0,201.04,4.27,0.359,0.36,STRAIGHT,1.5,1.5,"CMD,0.4,1.50",4.0,0.0086,2.237,0.022,1,0.9777,0,NORMAL,54.838,0.218,1,1,1,1,2,111.9,80,13,dijkstra,graph,0.64349,0,,,,,,0,,,,263145,192818,3626
61,14.978952884674072,2026-03-06T13:27:47.167903,122.95,0.0,11.65,18.28,24.75,0.0,0.0,198.43,4.28,0.358,0.359,STRAIGHT,1.5,1.5,"CMD,0.4,1.50",4.0,0.0086,2.237,0.022,1,0.9809,0,NORMAL,54.205,0.203,1,1,1,1,2,111.9,82,13,dijkstra,graph,0.63789,0,,,,,,0,,,,262401,191151,3888
62,15.206207513809204,2026-03-06T13:27:47.395157,122.15,0.0,10.32,19.71,28.91,0.0,0.0,201.37,4.28,0.357,0.358,STRAIGHT,1.5,1.5,"CMD,0.4,1.50",4.0,0.0086,2.237,0.022,1,0.9763,0,NORMAL,53.225,0.192,1,1,1,1,2,111.9,89,13,dijkstra,graph,0.63562,0,,,,,,0,,,,260934,190569,3828
63,15.437013626098633,2026-03-06T13:27:47.625963,123.44,0.0,11.11,20.86,28.3,0.0,0.0,204.07,4.29,0.351,0.357,STRAIGHT,1.5,1.5,"CMD,0.4,1.50",4.0,0.0082,2.283,0.021,1,0.973,0,NORMAL,53.334,0.166,1,1,1,1,2,114.2,94,14,dijkstra,graph,0.61886,0,,,,,,0,,,,257879,185511,3902
64,15.690850973129272,2026-03-06T13:27:47.879801,138.06,0.0,10.52,27.33,29.79,0.0,0.0,226.57,4.28,0.344,0.351,STRAIGHT,1.5,1.5,"CMD,0.4,1.50",4.0,0.008,2.329,0.022,1,0.9717,0,NORMAL,52.688,0.138,1,1,1,1,2,116.5,139,15,dijkstra,graph,0.62599,0,,,,,,0,,,,260573,187625,4085
65,15.925488233566284,2026-03-06T13:27:48.114438,115.2,0.0,9.52,30.24,32.0,0.0,0.0,207.84,4.28,0.343,0.344,STRAIGHT,1.5,1.5,"CMD,0.3,1.50",4.0,0.0082,2.283,0.021,1,0.9667,0,NORMAL,52.614,0.109,1,1,1,1,2,114.2,166,16,dijkstra,graph,0.62519,0,,,,,,0,,,,264335,187486,4591
66,16.16701602935791,2026-03-06T13:27:48.355966,121.79,0.0,11.29,28.62,30.01,0.0,1.27,214.18,4.27,0.342,0.343,STRAIGHT,1.5,1.5,"CMD,0.3,1.50",4.0,0.0082,2.283,0.021,1,0.9606,0,NORMAL,53.96,0.045,1,1,1,1,2,114.2,146,17,dijkstra,graph,0.62014,0,,,,,,0,,,,266213,185840,4349
67,16.396270990371704,2026-03-06T13:27:48.585221,120.98,0.0,9.6,19.16,31.49,0.0,0.0,201.77,4.27,0.338,0.342,STRAIGHT,1.5,1.5,"CMD,0.3,1.50",4.0,0.008,2.329,0.022,1,0.9602,0,NORMAL,55.299,0.012,1,1,1,1,2,116.5,115,17,dijkstra,graph,0.60946,0,,,,,,0,,,,264191,182793,4518
68,16.64113426208496,2026-03-06T13:27:48.830084,128.68,0.0,11.73,23.87,30.04,0.0,0.0,218.21,4.27,0.336,0.338,STRAIGHT,1.5,1.5,"CMD,0.3,1.50",4.0,0.008,2.329,0.022,1,0.9652,0,NORMAL,54.364,-0.011,1,1,1,1,2,116.5,106,17,dijkstra,graph,0.61202,0,,,,,,0,,,,267739,183420,4472
69,16.875913381576538,2026-03-06T13:27:49.064863,122.6,0.0,11.19,27.84,25.16,0.0,0.0,207.25,4.27,0.334,0.336,STRAIGHT,1.5,1.5,"CMD,0.3,1.50",4.0,0.008,2.329,0.022,1,0.9736,0,NORMAL,53.449,-0.034,1,1,1,1,2,116.5,142,15,dijkstra,graph,0.61031,0,,,,,,0,,,,270435,183006,4519
70,17.117918729782104,2026-03-06T13:27:49.306868,121.72,0.0,11.36,28.33,30.46,0.0,0.0,212.81,4.26,0.333,0.334,STRAIGHT,1.5,1.5,"CMD,0.3,1.50",4.0,0.008,2.329,0.022,1,0.9453,0,NORMAL,52.244,-0.041,1,1,1,1,2,116.5,146,18,dijkstra,graph,0.61605,0,,,,,,0,,,,282081,184568,4670
71,17.360182285308838,2026-03-06T13:27:49.549132,122.69,0.0,10.67,28.06,30.73,0.0,1.0,214.21,4.26,0.335,0.334,STRAIGHT,1.5,1.5,"CMD,0.3,1.50",4.0,0.0082,2.283,0.021,1,0.9671,0,NORMAL,51.169,-0.066,1,1,1,1,2,114.2,148,18,dijkstra,graph,0.6211,0,,,,,,0,,,,286924,186104,4536
72,17.605848789215088,2026-03-06T13:27:49.794798,124.75,0.0,11.82,28.86,31.32,0.0,0.0,217.99,4.25,0.337,0.335,STRAIGHT,1.5,1.5,"CMD,0.3,1.50",4.0,0.0082,2.283,0.021,1,0.9679,0,NORMAL,50.087,-0.095,1,1,1,1,2,114.2,148,17,dijkstra,graph,0.605,0,,,,,,0,,,,284753,181413,4488
73,17.844787120819092,2026-03-06T13:27:50.033737,120.07,0.0,9.02,31.84,29.9,0.0,0.0,210.56,4.24,0.337,0.337,STRAIGHT,1.5,1.5,"CMD,0.3,1.50",4.0,0.0082,2.283,0.021,1,0.9689,0,NORMAL,49.005,-0.12,1,1,1,1,2,114.2,184,16,dijkstra,graph,0.58539,0,,,,,,0,,,,284602,175619,4339
74,18.07817554473877,2026-03-06T13:27:50.267125,121.39,0.0,11.4,26.43,26.25,0.0,0.0,206.41,4.24,0.338,0.337,STRAIGHT,1.5,1.5,"CMD,0.3,1.50",4.0,0.0082,2.283,0.021,1,0.9723,0,NORMAL,48.356,-0.15,1,1,1,1,2,114.2,151,13,dijkstra,graph,0.58893,0,,,,,,0,,,,287913,176660,3853
75,18.31584405899048,2026-03-06T13:27:50.504794,119.85,0.0,11.01,31.25,27.66,0.0,0.4,208.67,4.24,0.339,0.338,STRAIGHT,1.5,1.5,"CMD,0.3,1.50",4.0,0.0082,2.283,0.021,1,0.9728,0,NORMAL,48.314,-0.155,1,1,1,1,2,114.2,176,14,dijkstra,graph,0.58521,0,,,,,,0,,,,290152,175472,3895
76,18.551462411880493,2026-03-06T13:27:50.740412,118.95,0.0,10.69,29.14,27.5,0.0,0.0,209.05,4.24,0.339,0.339,STRAIGHT,1.5,1.5,"CMD,0.3,1.50",4.0,0.0082,2.283,0.021,1,0.9522,0,NORMAL,47.832,-0.145,1,1,1,1,2,114.2,159,14,dijkstra,graph,0.56921,0,,,,,,0,,,,285044,170619,3827
77,18.797340393066406,2026-03-06T13:27:50.986290,118.56,0.0,10.02,40.96,27.84,0.0,0.0,218.52,4.23,0.339,0.339,STRAIGHT,1.5,1.5,"CMD,0.3,1.50",4.0,0.0082,2.283,0.021,1,0.9561,0,NORMAL,47.074,-0.062,1,1,1,1,2,114.2,264,14,dijkstra,graph,0.5625,0,,,,,,0,,,,288472,168636,4508
78,19.035879135131836,2026-03-06T13:27:51.224829,121.76,0.0,10.37,28.6,29.21,0.0,0.0,210.28,4.23,0.336,0.339,STRAIGHT,1.5,1.5,"CMD,0.3,1.50",4.0,0.008,2.329,0.022,1,0.965,0,NORMAL,50.439,-0.084,1,1,1,1,2,116.5,157,14,dijkstra,graph,0.56915,0,,,,,,0,,,,290157,170626,4320
79,19.271063327789307,2026-03-06T13:27:51.460013,121.74,0.0,10.84,27.78,25.4,0.0,0.0,208.36,4.22,-0.007,0.336,STRAIGHT,1.5,1.5,"CMD,0.3,1.50",4.0,-0.0168,2.603,-0.057,1,0.9749,0,NORMAL,49.855,-0.065,1,1,1,1,2,132.6,155,11,dijkstra,graph,0.5636,0,,,,,,0,,,,290526,168853,3926
80,19.50771427154541,2026-03-06T13:27:51.696664,121.18,0.0,10.63,27.97,27.05,0.0,0.0,210.38,4.22,-0.236,-0.007,STRAIGHT,1.5,1.5,"CMD,-0.0,1.50",4.0,-0.0168,2.603,-0.057,1,0.9737,0,NORMAL,49.438,-0.045,1,1,1,1,2,132.6,144,12,dijkstra,graph,0.56196,0,,,,,,0,,,,292460,168443,3751
81,19.74515199661255,2026-03-06T13:27:51.934102,120.54,0.0,11.65,27.38,27.7,0.0,0.5,209.66,4.22,-0.052,-0.052,STRAIGHT,1.5,1.5,"CMD,-0.1,1.50",4.0,0.0077,2.374,0.022,1,0.9727,0,NORMAL,48.202,-0.008,1,1,1,1,2,118.7,135,11,dijkstra,graph,0.58062,0,,,,,,0,,,,296635,173957,3932
82,19.983163833618164,2026-03-06T13:27:52.172113,122.2,0.0,10.7,28.02,26.32,0.0,1.0,210.24,4.22,-0.429,-0.236,STRAIGHT,1.5,1.5,"CMD,-0.2,1.50",3.875,-0.0287,2.648,-0.101,1,0.972,0,NORMAL,47.408,0.042,1,1,1,1,2,135.8,153,11,dijkstra,graph,0.57213,0,,,,,,0,,,,294246,171411,3580
83,20.22131085395813,2026-03-06T13:27:52.410260,122.77,0.0,11.52,28.26,25.89,0.0,1.0,211.33,4.22,-0.181,-0.181,STRAIGHT,1.5,1.5,"CMD,-0.2,1.50",4.0,0.0077,2.374,0.022,1,0.9633,0,NORMAL,46.879,0.083,1,1,1,1,2,118.7,155,12,dijkstra,graph,0.58645,0,,,,,,0,,,,298050,175601,3985
84,20.455791473388672,2026-03-06T13:27:52.644741,117.71,0.0,10.19,31.05,26.73,0.0,0.0,208.65,4.21,-0.454,-0.429,STRAIGHT,1.5,1.5,"CMD,-0.4,1.50",4.0,-0.0243,2.694,-0.088,1,0.9677,0,NORMAL,45.453,0.129,1,1,1,1,2,138.3,165,11,dijkstra,graph,0.60058,0,,,,,,0,,,,301145,179651,3604
85,20.702727794647217,2026-03-06T13:27:52.891677,132.85,0.0,10.41,30.06,26.71,0.0,0.0,219.43,4.2,-0.2,-0.2,STRAIGHT,1.5,1.5,"CMD,-0.2,1.50",4.0,0.0075,2.42,0.022,1,0.9624,0,NORMAL,44.344,0.138,1,1,1,1,2,121.0,175,12,dijkstra,graph,0.59335,0,,,,,,0,,,,297520,177552,3847
86,20.944801330566406,2026-03-06T13:27:53.133751,117.14,0.0,16.95,31.55,28.4,0.0,0.0,213.51,4.21,-0.63,-0.454,STRAIGHT,1.5,1.5,"CMD,-0.5,1.50",3.968,-0.0361,2.74,-0.136,1,0.9682,0,NORMAL,43.282,0.193,1,1,1,1,2,141.6,184,12,dijkstra,graph,0.6161,0,,,,,,0,,,,301984,184547,3678
87,21.211798667907715,2026-03-06T13:27:53.400748,127.11,0.0,11.52,48.43,31.64,0.0,0.0,239.64,4.19,-0.917,-0.63,STRAIGHT,1.5,1.5,"CMD,-0.6,1.50",3.968,-0.0361,2.74,-0.136,1,0.9673,0,NORMAL,42.323,0.234,1,1,1,1,2,141.6,304,13,dijkstra,graph,0.64694,0,,,,,,0,,,,303583,193618,4654
88,21.465574979782104,2026-03-06T13:27:53.654524,121.72,0.0,12.07,39.43,32.35,0.0,0.0,225.05,4.18,-0.508,-0.63,STRAIGHT,1.5,1.5,"CMD,-0.6,1.50",4.0,0.0075,2.42,0.022,1,0.9642,0,NORMAL,41.473,0.248,1,1,1,1,2,121.0,249,16,dijkstra,graph,0.67254,0,,,,,,0,,,,305537,201221,5055
89,21.725480556488037,2026-03-06T13:27:53.914430,125.42,0.0,11.52,38.01,32.73,0.0,0.0,229.63,4.16,-0.791,-0.791,STRAIGHT,1.5,1.5,"CMD,-0.8,1.50",4.0,-0.0329,2.785,-0.128,1,0.9421,0,NORMAL,40.747,0.213,1,1,1,1,2,143.6,217,13,dijkstra,graph,0.6964,0,,,,,,0,,,,315977,208377,4942
90,21.97720193862915,2026-03-06T13:27:54.166152,121.95,0.0,11.02,34.89,33.32,0.0,0.0,222.09,4.14,-0.428,-0.508,STRAIGHT,1.5,1.5,"CMD,-0.5,1.50",4.0,0.0072,2.466,0.022,1,0.9677,0,NORMAL,40.117,0.168,1,1,1,1,2,123.3,190,16,dijkstra,graph,0.70899,0,,,,,,0,,,,317939,212160,5285
91,22.22909450531006,2026-03-06T13:27:54.418044,124.24,0.0,12.02,34.56,32.46,0.0,0.0,223.46,4.13,-0.183,-0.428,STRAIGHT,1.5,1.5,"CMD,-0.4,1.50",4.0,0.0075,2.42,0.022,1,0.9625,0,NORMAL,38.962,0.103,1,1,1,1,2,121.0,178,14,dijkstra,graph,0.71986,0,,,,,,0,,,,319582,215537,5261
92,22.475903034210205,2026-03-06T13:27:54.664853,126.76,0.0,11.57,28.16,28.43,0.0,0.0,217.14,4.12,-0.706,-0.428,STRAIGHT,1.5,1.5,"CMD,-0.4,1.50",3.955,-0.0425,2.785,-0.166,1,0.9665,0,NORMAL,38.096,0.061,1,1,1,1,2,144.8,142,11,dijkstra,graph,0.73178,0,,,,,,0,,,,318617,219204,5005
93,22.725955486297607,2026-03-06T13:27:54.914905,126.27,0.0,12.02,30.1,33.33,0.0,0.0,223.36,4.12,-1.08,-0.706,STRAIGHT,1.5,1.5,"CMD,-0.7,1.50",4.0,-0.0443,2.831,-0.178,1,0.9707,0,NORMAL,37.897,0.012,1,1,1,1,2,146.8,143,11,dijkstra,graph,0.74322,0,,,,,,0,,,,319066,222539,4902
94,22.970186233520508,2026-03-06T13:27:55.159136,121.99,0.0,11.73,27.58,32.07,0.0,0.0,215.21,4.12,-1.468,-1.08,STRAIGHT,1.5,1.5,"CMD,-1.1,1.50",3.9,-0.0544,2.831,-0.219,1,0.9726,0,NORMAL,37.198,-0.02,1,1,1,1,2,148.0,122,12,dijkstra,graph,0.75488,0,,,,,,0,,,,319767,225918,4528
95,23.212788581848145,2026-03-06T13:27:55.401738,122.66,0.0,11.01,29.38,28.36,0.0,0.0,213.58,4.12,-1.744,-1.468,STRAIGHT,1.5,1.5,"CMD,-1.5,1.50",4.0,-0.0557,2.877,-0.232,1,0.9751,0,NORMAL,36.701,-0.066,1,1,1,1,2,150.1,132,11,dijkstra,graph,0.77023,0,,,,,,0,,,,321295,230509,4787
96,23.47853374481201,2026-03-06T13:27:55.667483,126.38,0.0,11.98,42.43,37.81,0.0,0.0,240.2,4.09,-1.927,-1.744,STRAIGHT,1.5,1.5,"CMD,-1.7,1.50",4.0,-0.0557,2.877,-0.232,1,0.9777,0,NORMAL,35.81,-0.101,1,1,1,1,2,150.1,240,18,dijkstra,graph,0.77839,0,,,,,,0,,,,320419,232803,5707
97,23.729859352111816,2026-03-06T13:27:55.918809,125.35,0.0,11.23,28.87,33.19,0.0,0.0,222.52,4.09,-2.191,-1.927,STRAIGHT,1.5,1.5,"CMD,-1.9,1.50",3.894,-0.0659,2.877,-0.275,1,0.9703,0,NORMAL,34.964,-0.147,1,1,1,1,2,151.3,130,12,dijkstra,graph,0.78165,0,,,,,,0,,,,322195,234134,5060
98,23.976951837539673,2026-03-06T13:27:56.165901,118.42,0.0,16.61,28.96,32.05,0.0,0.0,216.83,4.08,-2.366,-2.191,STRAIGHT,1.5,1.5,"CMD,-2.2,1.50",3.894,-0.0659,2.877,-0.275,1,0.9702,0,NORMAL,32.221,-0.187,1,1,1,1,2,151.3,128,11,dijkstra,graph,0.78033,0,,,,,,0,,,,323772,233726,4940
99,24.218860149383545,2026-03-06T13:27:56.407810,119.42,0.0,12.03,28.12,33.77,0.0,0.0,214.26,4.08,-2.483,-2.366,STRAIGHT,1.5,1.5,"CMD,-2.4,1.50",3.894,-0.0659,2.877,-0.275,1,0.9659,0,NORMAL,31.254,-0.227,1,1,1,1,2,151.3,128,11,dijkstra,graph,0.77715,0,,,,,,0,,,,327657,232698,5230
100,24.463236093521118,2026-03-06T13:27:56.652186,121.49,0.0,12.09,27.12,32.57,0.0,1.05,215.06,4.08,-2.651,-2.483,STRAIGHT,1.5,1.5,"CMD,-2.5,1.50",3.918,-0.0725,2.922,-0.313,1,0.9643,0,NORMAL,30.331,-0.261,1,1,1,1,2,154.5,130,12,dijkstra,graph,0.77455,0,,,,,,0,,,,332827,231908,5206
101,24.715091466903687,2026-03-06T13:27:56.904041,132.51,0.0,12.03,27.03,32.72,0.0,0.0,228.21,4.08,-2.833,-2.651,STRAIGHT,1.5,1.5,"CMD,-2.7,1.50",3.657,-0.0776,2.877,-0.325,1,0.9719,0,NORMAL,29.913,-0.271,1,1,1,1,2,152.0,122,13,dijkstra,graph,0.77626,0,,,,,,0,,,,337695,232386,5129
102,24.96274971961975,2026-03-06T13:27:57.151699,120.83,0.0,11.74,30.17,33.75,0.0,0.0,217.66,4.07,-3.252,-2.833,STRAIGHT,1.5,1.5,"CMD,-2.8,1.50",3.464,-0.0993,2.922,-0.433,1,0.9667,0,NORMAL,29.768,-0.268,1,1,1,1,2,156.3,135,11,dijkstra,graph,0.77971,0,,,,,,0,,,,345772,233503,5160
103,25.209776401519775,2026-03-06T13:27:57.398726,121.32,0.0,12.3,29.26,34.08,0.0,0.0,218.01,4.07,-3.531,-3.252,STRAIGHT,1.5,1.5,"CMD,-3.3,1.50",3.464,-0.0993,2.922,-0.433,1,0.964,0,NORMAL,29.113,-0.285,1,1,1,1,2,156.3,134,11,dijkstra,graph,0.78411,0,,,,,,0,,,,354885,234980,5245
104,25.453909635543823,2026-03-06T13:27:57.642859,122.49,0.0,11.18,28.29,33.23,0.0,0.0,217.21,4.06,-3.877,-3.531,STRAIGHT,1.5,1.5,"CMD,-3.5,1.50",3.252,-0.111,2.922,-0.487,1,0.9654,0,NORMAL,28.662,-0.282,1,1,1,1,2,157.2,127,13,dijkstra,graph,0.79081,0,,,,,,0,,,,364507,237017,5020
105,25.70773196220398,2026-03-06T13:27:57.896681,126.74,0.0,11.38,31.41,31.85,0.0,0.0,223.54,4.05,-3.591,-3.591,STRAIGHT,1.5,1.5,"CMD,-3.6,1.50",2.366,-0.0733,2.308,-0.197,1,0.9693,0,NORMAL,28.534,-0.313,1,1,1,1,2,153.5,142,11,dijkstra,graph,0.7918,0,,,,,,0,,,,365949,237178,5281
106,25.955366373062134,2026-03-06T13:27:58.144316,122.43,0.0,12.19,27.65,33.87,0.0,0.0,217.13,4.05,-3.4,-3.591,STRAIGHT,1.5,1.5,"CMD,-3.6,1.50",2.366,-0.0733,2.308,-0.197,1,0.9811,0,NORMAL,28.976,-0.263,1,1,1,1,2,153.5,123,11,dijkstra,graph,0.7818,0,,,,,,0,,,,364407,234243,5060
107,26.18474245071411,2026-03-06T13:27:58.373692,115.62,0.0,11.02,17.23,31.98,0.0,0.0,198.59,4.06,-2.882,-3.4,STRAIGHT,1.5,1.5,"CMD,-3.4,1.50",1.964,-0.0447,1.888,-0.08,1,0.9829,0,NORMAL,29.225,-0.305,1,1,1,1,2,267.4,35,11,dijkstra,graph,0.78715,0,,,,,,0,,,,368750,235781,4484
108,26.427242755889893,2026-03-06T13:27:58.616192,117.89,0.0,11.43,27.06,33.29,0.0,1.01,211.37,4.05,-3.397,-3.397,STRAIGHT,1.5,1.5,"CMD,-3.4,1.50",2.89,-0.1075,2.753,-0.417,1,0.9803,0,NORMAL,30.408,-0.212,1,1,1,1,2,159.1,133,12,dijkstra,graph,0.78659,0,,,,,,0,,,,371944,235527,5117
109,26.68162965774536,2026-03-06T13:27:58.870579,131.22,0.0,12.74,27.19,31.66,0.0,0.0,223.13,4.04,-3.74,-3.397,STRAIGHT,1.5,1.5,"CMD,-3.4,1.50",2.89,-0.1075,2.753,-0.417,1,0.9913,0,NORMAL,31.484,-0.193,1,1,1,1,2,159.1,114,12,dijkstra,graph,0.7881,0,,,,,,0,,,,374375,235962,5016
110,26.910210847854614,2026-03-06T13:27:59.099160,122.08,0.0,11.14,17.68,30.37,0.0,0.0,201.48,4.05,-3.101,-3.397,STRAIGHT,1.5,1.5,"CMD,-3.4,1.50",1.921,-0.0442,1.835,-0.075,1,0.9854,0,NORMAL,32.449,-0.181,1,1,1,1,2,258.7,32,11,dijkstra,graph,0.78694,0,,,,,,0,,,,375469,235663,4529
111,27.141342401504517,2026-03-06T13:27:59.330292,118.75,0.0,11.15,17.57,31.57,0.0,0.0,201.17,4.05,-3.029,-3.101,STRAIGHT,1.5,1.5,"CMD,-3.1,1.50",1.884,-0.07,1.783,-0.112,1,0.9832,0,NORMAL,33.465,-0.11,1,1,1,1,2,266.8,35,11,dijkstra,graph,0.79793,0,,,,,,0,,,,379630,239029,4479
112,27.384098052978516,2026-03-06T13:27:59.573048,114.34,0.0,10.98,30.35,34.29,0.0,0.0,212.52,4.05,-2.906,-3.029,STRAIGHT,1.5,1.5,"CMD,-3.0,1.50",2.117,-0.0645,2.081,-0.14,1,0.9854,0,NORMAL,35.481,0.02,1,1,1,1,2,159.1,139,12,dijkstra,graph,0.80638,0,,,,,,0,,,,384848,241599,5084
113,27.628021717071533,2026-03-06T13:27:59.816971,130.08,0.0,9.51,20.51,31.46,0.0,0.0,212.32,4.04,-2.953,-2.953,STRAIGHT,1.5,1.5,"CMD,-3.0,1.50",1.86,-0.074,1.75,-0.114,1,0.9764,0,NORMAL,37.666,0.182,1,1,1,1,2,249.5,72,11,dijkstra,graph,0.81341,0,,,,,,0,,,,393514,243769,4766
114,27.861225366592407,2026-03-06T13:28:00.050175,118.8,0.0,12.23,20.25,31.1,0.0,0.0,202.83,4.05,-2.802,-2.906,STRAIGHT,1.5,1.5,"CMD,-2.9,1.50",1.855,-0.0606,1.747,-0.093,1,0.977,0,NORMAL,39.696,0.274,1,1,1,1,2,247.9,51,11,dijkstra,graph,0.82333,0,,,,,,0,,,,399397,246547,4695
115,28.100098609924316,2026-03-06T13:28:00.289048,121.56,0.0,10.01,22.65,32.54,0.0,0.0,208.47,4.05,-2.861,-2.861,STRAIGHT,1.5,1.5,"CMD,-2.9,1.50",1.865,-0.0723,1.758,-0.112,1,0.9751,0,NORMAL,40.601,0.289,1,1,1,1,2,243.7,74,13,dijkstra,graph,0.8269,0,,,,,,0,,,,405396,247658,4862
116,28.33999228477478,2026-03-06T13:28:00.528942,120.66,0.0,12.02,21.56,33.38,0.0,0.0,208.08,4.07,-2.754,-2.802,STRAIGHT,1.5,1.5,"CMD,-2.8,1.50",1.823,-0.0616,1.703,-0.09,1,0.9729,0,NORMAL,40.98,0.315,1,1,1,1,2,223.5,61,11,dijkstra,graph,0.83415,0,,,,,,0,,,,415716,249944,5108
117,28.58288073539734,2026-03-06T13:28:00.771830,123.2,0.0,12.65,21.26,32.71,0.0,0.0,211.63,4.07,-2.338,-2.754,STRAIGHT,1.5,1.5,"CMD,-2.8,1.50",1.798,-0.0365,1.67,-0.051,1,0.978,0,NORMAL,42.068,0.283,1,1,1,1,1,542.1,52,11,dijkstra,fallback_skeleton,0.83428,0,,,,,,0,,,,417601,250030,5044
118,28.824774265289307,2026-03-06T13:28:01.013724,122.5,0.0,11.81,21.59,32.04,0.0,0.0,209.22,4.08,-2.444,-2.444,STRAIGHT,1.5,1.5,"CMD,-2.4,1.50",1.851,-0.0644,1.738,-0.098,1,0.9823,0,NORMAL,43.325,0.285,1,1,1,1,1,540.7,65,11,dijkstra,fallback_skeleton,0.83213,0,,,,,,0,,,,418270,249305,4789
119,29.06777048110962,2026-03-06T13:28:01.256720,119.87,0.0,12.02,23.88,32.13,0.0,0.0,208.19,4.09,-2.472,-2.444,STRAIGHT,1.5,1.5,"CMD,-2.4,1.50",1.873,-0.0614,1.769,-0.096,1,0.9847,0,NORMAL,44.687,0.321,1,1,1,1,1,553.3,76,12,dijkstra,fallback_skeleton,0.84267,0,,,,,,0,,,,424342,252462,4933
120,29.30849051475525,2026-03-06T13:28:01.497440,116.15,0.0,10.46,27.44,31.96,0.0,0.0,207.17,4.1,-2.693,-2.472,STRAIGHT,1.5,1.5,"CMD,-2.5,1.50",1.977,-0.076,1.895,-0.137,1,0.9821,0,NORMAL,46.314,0.294,1,1,1,1,1,605.2,111,12,dijkstra,fallback_skeleton,0.83969,0,,,,,,0,,,,426373,251548,4915
121,29.549722909927368,2026-03-06T13:28:01.738673,122.75,0.0,11.81,20.92,33.21,0.0,0.0,208.83,4.1,-2.564,-2.564,STRAIGHT,1.5,1.5,"CMD,-2.6,1.50",1.91,-0.0559,1.813,-0.092,1,0.981,0,NORMAL,46.509,0.303,1,1,1,1,1,541.3,52,12,dijkstra,fallback_skeleton,0.84535,0,,,,,,0,,,,434033,253205,5058
122,29.7940194606781,2026-03-06T13:28:01.982969,122.64,0.0,12.3,20.28,33.53,0.0,0.0,210.14,4.1,-2.13,-2.564,STRAIGHT,1.5,1.5,"CMD,-2.6,1.50",1.89,-0.0306,1.789,-0.049,1,0.9755,0,NORMAL,47.657,0.281,1,1,1,1,1,539.6,59,11,dijkstra,fallback_skeleton,0.85502,0,,,,,,0,,,,444608,256164,5035
123,30.03682041168213,2026-03-06T13:28:02.225770,123.57,0.0,11.25,20.51,33.2,0.0,1.0,210.95,4.1,-1.301,-2.13,STRAIGHT,1.5,1.5,"CMD,-2.1,1.50",1.871,0.0087,1.765,0.013,1,0.9699,0,NORMAL,49.44,0.259,1,1,1,1,1,671.4,47,11,dijkstra,fallback_skeleton,0.86099,0,,,,,,0,,,,457193,257897,4857
124,30.26613426208496,2026-03-06T13:28:02.455084,122.21,0.0,9.81,17.97,27.46,0.0,0.0,198.12,4.11,-1.302,-1.302,STRAIGHT,1.5,1.5,"CMD,-1.3,1.50",2.954,-0.0316,2.932,-0.136,1,0.8997,0,NORMAL,49.513,0.428,1,1,1,1,1,668.0,30,7,dijkstra,fallback_skeleton,0.79492,0,,,,,,0,,,,417354,238288,3820
125,30.499048709869385,2026-03-06T13:28:02.687998,118.44,0.0,10.39,18.74,31.09,0.0,1.0,200.65,4.13,-0.821,-1.301,STRAIGHT,1.5,1.5,"CMD,-1.3,1.50",4.0,0.0034,3.79,0.024,1,0.8832,0,NORMAL,48.869,0.399,1,1,1,1,2,189.5,31,12,dijkstra,graph,0.86178,0,,,,,,0,,,,472248,257988,4943
126,30.75459575653076,2026-03-06T13:28:02.943545,121.9,0.0,11.02,31.0,34.0,0.0,0.0,219.29,4.13,-0.503,-0.821,STRAIGHT,1.5,1.5,"CMD,-0.8,1.50",4.0,0.0032,3.881,0.024,1,0.972,0,NORMAL,48.271,0.402,1,1,1,1,2,194.1,122,13,dijkstra,graph,0.88153,0,,,,,,0,,,,485826,264039,5450
127,31.00514817237854,2026-03-06T13:28:03.194098,120.34,0.0,11.85,31.62,34.53,0.0,0.0,219.05,4.13,-0.297,-0.503,STRAIGHT,1.5,1.5,"CMD,-0.5,1.50",4.0,0.0028,4.0,0.022,1,0.9862,0,NORMAL,48.465,0.394,1,1,1,1,2,216.9,113,11,dijkstra,graph,0.87994,0,,,,,,0,,,,489981,263540,5251
128,31.24468183517456,2026-03-06T13:28:03.433632,118.69,0.0,12.16,20.29,33.48,0.0,0.0,206.94,4.13,-0.159,-0.297,STRAIGHT,1.5,1.5,"CMD,-0.3,1.50",4.0,0.0028,4.0,0.022,1,0.9869,0,NORMAL,48.725,0.388,1,1,1,1,2,216.9,39,12,dijkstra,graph,0.88339,0,,,,,,0,,,,495823,264514,5352
129,31.484849214553833,2026-03-06T13:28:03.673799,119.86,0.0,12.02,20.08,34.95,0.0,0.0,207.78,4.13,-0.068,-0.159,STRAIGHT,1.5,1.5,"CMD,-0.2,1.50",4.0,0.0028,4.0,0.022,1,0.9874,0,NORMAL,49.388,0.401,1,1,1,1,2,219.2,31,11,dijkstra,graph,0.88795,0,,,,,,0,,,,501451,265791,5046
130,31.726956129074097,2026-03-06T13:28:03.915906,120.86,0.0,12.57,18.54,32.94,0.0,0.0,207.74,4.14,-0.006,-0.068,STRAIGHT,1.5,1.5,"CMD,-0.1,1.50",4.0,0.0029,4.0,0.023,1,0.9491,0,NORMAL,49.61,0.372,1,1,1,1,2,212.3,25,10,dijkstra,graph,0.87587,0,,,,,,0,,,,483801,262159,5156
131,31.967843770980835,2026-03-06T13:28:04.156793,121.22,0.0,12.05,19.15,33.89,0.0,0.0,208.08,4.14,0.036,-0.006,STRAIGHT,1.5,1.5,"CMD,-0.0,1.50",4.0,0.0029,4.0,0.023,1,0.9602,0,NORMAL,49.616,0.352,1,1,1,1,2,210.1,32,11,dijkstra,graph,0.8725,0,,,,,,0,,,,501150,261149,5042
132,32.20807933807373,2026-03-06T13:28:04.397029,122.51,0.0,12.52,18.57,32.13,0.0,0.0,205.63,4.14,0.062,0.036,STRAIGHT,1.5,1.5,"CMD,0.0,1.50",4.0,0.0028,4.0,0.022,1,0.9912,0,NORMAL,51.063,0.356,1,1,1,1,2,219.2,30,11,dijkstra,graph,0.88686,0,,,,,,0,,,,505524,265479,5155
133,32.44839119911194,2026-03-06T13:28:04.637341,121.41,0.0,12.21,20.67,32.61,0.0,1.0,209.63,4.15,0.08,0.062,STRAIGHT,1.5,1.5,"CMD,0.1,1.50",4.0,0.0028,4.0,0.022,1,0.9949,0,NORMAL,51.385,0.372,1,1,1,1,2,216.9,29,11,dijkstra,graph,0.88068,0,,,,,,0,,,,503015,263652,5022
134,32.699342250823975,2026-03-06T13:28:04.888292,132.79,0.0,12.22,18.75,32.54,0.0,0.0,218.21,4.15,0.093,0.08,STRAIGHT,1.5,1.5,"CMD,0.1,1.50",4.0,0.0029,4.0,0.023,1,0.9934,0,NORMAL,52.622,0.34,1,1,1,1,2,212.3,29,11,dijkstra,graph,0.87267,0,,,,,,0,,,,499741,261163,5107
135,32.94034814834595,2026-03-06T13:28:05.129298,120.53,0.0,13.28,18.95,34.72,0.0,0.0,207.35,4.15,0.1,0.093,STRAIGHT,1.5,1.5,"CMD,0.1,1.50",4.0,0.0028,4.0,0.022,1,0.9893,0,NORMAL,53.137,0.381,1,1,1,1,2,216.9,29,11,dijkstra,graph,0.88715,0,,,,,,0,,,,505073,265632,5157
136,33.1700758934021,2026-03-06T13:28:05.359025,117.99,0.0,10.88,19.02,28.46,0.0,0.0,197.7,4.15,0.106,0.1,STRAIGHT,1.5,1.5,"CMD,0.1,1.50",4.0,0.0028,4.0,0.022,1,0.9975,0,NORMAL,53.67,0.395,1,1,1,1,2,216.9,28,11,dijkstra,graph,0.88506,0,,,,,,0,,,,505011,264892,5164
137,33.41120481491089,2026-03-06T13:28:05.600154,120.74,0.0,12.52,19.66,33.07,0.0,0.0,206.71,4.15,0.109,0.106,STRAIGHT,1.5,1.5,"CMD,0.1,1.50",4.0,0.0028,4.0,0.022,1,0.9983,0,NORMAL,54.217,0.429,1,1,1,1,2,216.9,31,11,dijkstra,graph,0.88684,0,,,,,,0,,,,504888,265420,5042
138,33.65873050689697,2026-03-06T13:28:05.847680,131.79,0.0,12.6,18.98,31.87,0.0,0.0,213.77,4.16,0.111,0.109,STRAIGHT,1.5,1.5,"CMD,0.1,1.50",4.0,0.0028,4.0,0.022,1,0.9943,0,NORMAL,54.412,0.454,1,1,1,1,2,219.2,32,11,dijkstra,graph,0.892,0,,,,,,0,,,,507791,267068,5200
139,33.89987850189209,2026-03-06T13:28:06.088828,116.82,0.0,12.17,28.79,29.69,0.0,0.0,207.76,4.15,0.113,0.111,STRAIGHT,1.5,1.5,"CMD,0.1,1.50",4.0,0.0029,4.0,0.023,1,0.994,0,NORMAL,55.408,0.435,1,1,1,1,2,212.3,95,12,dijkstra,graph,0.88273,0,,,,,,0,,,,505290,264246,5373
140,34.142423152923584,2026-03-06T13:28:06.331373,121.2,0.0,12.54,21.1,33.45,0.0,0.0,209.61,4.14,0.115,0.113,STRAIGHT,1.5,1.5,"CMD,0.1,1.50",4.0,0.0028,4.0,0.023,1,0.9975,0,NORMAL,55.122,0.465,1,1,1,1,2,214.6,41,13,dijkstra,graph,0.88411,0,,,,,,0,,,,505565,264660,5191
141,34.38744401931763,2026-03-06T13:28:06.576394,125.11,0.0,12.02,20.16,32.33,0.0,0.0,210.75,4.14,0.115,0.115,STRAIGHT,1.5,1.5,"CMD,0.1,1.50",4.0,0.0028,4.0,0.022,1,0.9974,0,NORMAL,54.929,0.461,1,1,1,1,2,216.9,30,11,dijkstra,graph,0.88653,0,,,,,,0,,,,506866,265352,5193
142,34.64137554168701,2026-03-06T13:28:06.830325,134.13,0.0,12.03,20.32,33.86,0.0,0.0,220.57,4.13,0.115,0.115,STRAIGHT,1.5,1.5,"CMD,0.1,1.50",4.0,0.0028,4.0,0.022,1,0.9971,0,NORMAL,55.872,0.47,1,1,1,1,2,216.9,30,11,dijkstra,graph,0.88579,0,,,,,,0,,,,505571,265133,5188
143,34.87752723693848,2026-03-06T13:28:07.066477,121.89,0.0,12.13,19.02,29.41,0.0,1.0,203.17,4.13,0.116,0.115,STRAIGHT,1.5,1.5,"CMD,0.1,1.50",4.0,0.0028,4.0,0.022,1,0.9973,0,NORMAL,56.263,0.496,1,1,1,1,2,216.9,31,11,dijkstra,graph,0.88667,0,,,,,,0,,,,506555,265451,5198
144,35.11781334877014,2026-03-06T13:28:07.306763,123.64,0.0,12.19,17.87,33.8,0.0,0.0,207.97,4.13,0.116,0.116,STRAIGHT,1.5,1.5,"CMD,0.1,1.50",4.0,0.0028,4.0,0.022,1,0.9945,0,NORMAL,56.758,0.465,1,1,1,1,2,216.9,31,11,dijkstra,graph,0.88849,0,,,,,,0,,,,505177,265937,5195
145,35.35917139053345,2026-03-06T13:28:07.548121,119.85,0.0,10.28,20.76,33.32,0.0,0.0,206.51,4.13,0.116,0.116,STRAIGHT,1.5,1.5,"CMD,0.1,1.50",4.0,0.0028,4.0,0.022,1,0.9941,0,NORMAL,56.375,0.487,1,1,1,1,2,216.9,43,11,dijkstra,graph,0.89207,0,,,,,,0,,,,508158,266957,5195
146,35.60155177116394,2026-03-06T13:28:07.790502,125.96,0.0,11.61,14.16,36.67,0.0,0.0,208.81,4.13,0.116,0.116,STRAIGHT,1.5,1.5,"CMD,0.1,1.50",4.0,0.0028,4.0,0.022,1,0.9976,0,NORMAL,56.559,0.398,1,1,1,1,2,216.9,26,10,dijkstra,graph,0.89114,0,,,,,,0,,,,507018,266658,5127
147,35.84596300125122,2026-03-06T13:28:08.034913,124.4,0.0,12.15,20.86,33.75,0.0,0.0,211.88,4.13,0.116,0.116,STRAIGHT,1.5,1.5,"CMD,0.1,1.50",4.0,0.0028,4.0,0.023,1,0.9978,0,NORMAL,56.336,0.354,1,1,1,1,2,214.6,35,12,dijkstra,graph,0.88853,0,,,,,,0,,,,506015,265926,5472
148,36.087055921554565,2026-03-06T13:28:08.276005,121.68,0.0,10.02,20.73,34.15,0.0,0.0,207.24,4.13,0.116,0.116,STRAIGHT,1.5,1.5,"CMD,0.1,1.50",4.0,0.0028,4.0,0.022,1,0.9937,0,NORMAL,56.3,0.465,1,1,1,1,2,216.9,32,11,dijkstra,graph,0.89597,0,,,,,,0,,,,509245,268110,5283
149,36.33319854736328,2026-03-06T13:28:08.522148,122.26,0.0,13.22,18.98,34.1,0.0,0.0,209.82,4.13,0.116,0.116,STRAIGHT,1.5,1.5,"CMD,0.1,1.50",4.0,0.0028,4.0,0.022,1,0.9972,0,NORMAL,57.938,0.44,1,1,1,1,2,216.9,32,11,dijkstra,graph,0.89535,0,,,,,,0,,,,508470,267910,5260
150,36.57697606086731,2026-03-06T13:28:08.765926,120.99,0.0,13.61,20.4,34.51,0.0,0.0,209.8,4.13,0.116,0.116,STRAIGHT,1.5,1.5,"CMD,0.1,1.50",4.0,0.0028,4.0,0.022,1,0.9981,0,NORMAL,57.582,0.472,1,1,1,1,2,216.9,31,11,dijkstra,graph,0.8937,0,,,,,,0,,,,508184,267511,5162
151,36.8202702999115,2026-03-06T13:28:09.009220,124.21,0.0,12.55,19.05,33.24,0.0,0.0,209.45,4.13,0.116,0.116,STRAIGHT,1.5,1.5,"CMD,0.1,1.50",4.0,0.0028,4.0,0.022,1,0.993,0,NORMAL,55.614,0.549,1,1,1,1,2,216.9,26,11,dijkstra,graph,0.90095,0,,,,,,0,,,,511670,269558,5463
152,37.06293272972107,2026-03-06T13:28:09.251882,122.97,0.0,11.81,19.71,30.9,0.0,0.0,207.15,4.13,0.116,0.116,STRAIGHT,1.5,1.5,"CMD,0.1,1.50",4.0,0.0028,4.0,0.022,1,0.9947,0,NORMAL,51.762,0.516,1,1,1,1,2,216.9,28,10,dijkstra,graph,0.89469,0,,,,,,0,,,,509107,267784,5145
153,37.307819843292236,2026-03-06T13:28:09.496769,124.74,0.0,11.64,18.38,35.45,0.0,0.0,211.07,4.12,0.116,0.116,STRAIGHT,1.5,1.5,"CMD,0.1,1.50",4.0,0.0028,4.0,0.022,1,0.9952,0,NORMAL,49.495,0.576,1,1,1,1,2,216.9,31,11,dijkstra,graph,0.9001,0,,,,,,0,,,,511534,269326,5210
154,37.55385446548462,2026-03-06T13:28:09.742804,124.78,0.0,12.59,19.26,34.2,0.0,0.0,211.72,4.11,0.117,0.116,STRAIGHT,1.5,1.5,"CMD,0.1,1.50",4.0,0.0029,4.0,0.023,1,0.9949,0,NORMAL,48.939,0.585,1,1,1,1,2,210.1,30,11,dijkstra,graph,0.89072,0,,,,,,0,,,,510332,266552,5174
155,37.80953073501587,2026-03-06T13:28:09.998480,135.65,0.0,13.38,20.22,35.39,0.0,0.0,224.39,4.11,0.118,0.117,STRAIGHT,1.5,1.5,"CMD,0.1,1.50",4.0,0.0029,4.0,0.023,1,0.9943,0,NORMAL,48.571,0.588,1,1,1,1,2,207.8,27,11,dijkstra,graph,0.88529,0,,,,,,0,,,,508274,265033,5370
156,38.046964168548584,2026-03-06T13:28:10.235914,121.83,0.0,10.75,18.13,31.02,0.0,1.0,202.53,4.12,0.119,0.118,STRAIGHT,1.5,1.5,"CMD,0.1,1.50",4.0,0.0029,4.0,0.023,1,0.9945,0,NORMAL,48.259,0.557,1,1,1,1,2,205.5,30,11,dijkstra,graph,0.88004,0,,,,,,0,,,,506127,263295,5665
157,38.28687620162964,2026-03-06T13:28:10.475826,121.6,0.0,11.79,19.07,33.71,0.0,0.0,206.89,4.12,0.12,0.119,STRAIGHT,1.5,1.5,"CMD,0.1,1.50",4.0,0.003,4.0,0.024,1,0.995,0,NORMAL,47.597,0.538,1,1,1,1,2,203.2,27,11,dijkstra,graph,0.87568,0,,,,,,0,,,,504237,262090,5364
158,38.52591562271118,2026-03-06T13:28:10.714865,118.29,0.0,10.6,19.31,34.18,0.0,0.0,205.46,4.12,0.121,0.12,STRAIGHT,1.5,1.5,"CMD,0.1,1.50",4.0,0.003,4.0,0.024,1,0.9922,0,NORMAL,47.482,0.422,1,1,1,1,2,200.9,32,11,dijkstra,graph,0.86705,0,,,,,,0,,,,500746,259437,5274
159,38.76408553123474,2026-03-06T13:28:10.953035,119.59,0.0,11.53,19.15,33.9,0.0,0.0,204.98,4.12,0.124,0.121,STRAIGHT,1.5,1.5,"CMD,0.1,1.50",4.0,0.0031,3.927,0.024,1,0.9943,0,NORMAL,47.199,0.368,1,1,1,1,2,196.4,36,12,dijkstra,graph,0.85822,0,,,,,,0,,,,498084,256880,5434
160,38.99710273742676,2026-03-06T13:28:11.186052,116.41,0.0,12.79,18.21,31.9,0.0,0.0,200.21,4.13,0.127,0.124,STRAIGHT,1.5,1.5,"CMD,0.1,1.50",4.0,0.0032,3.881,0.024,1,0.9963,0,NORMAL,47.149,0.362,1,1,1,1,2,194.1,32,11,dijkstra,graph,0.85496,0,,,,,,0,,,,497150,255872,5119
161,39.23704385757446,2026-03-06T13:28:11.425994,119.87,0.0,12.03,18.46,33.32,0.0,1.28,206.22,4.13,0.129,0.127,STRAIGHT,1.5,1.5,"CMD,0.1,1.50",4.0,0.0032,3.881,0.024,1,0.9952,0,NORMAL,47.946,0.391,1,1,1,1,2,194.1,33,11,dijkstra,graph,0.8506,0,,,,,,0,,,,494985,254654,5135
162,39.47387480735779,2026-03-06T13:28:11.662825,119.79,0.0,12.06,17.34,33.74,0.0,1.0,205.26,4.13,0.132,0.129,STRAIGHT,1.5,1.5,"CMD,0.1,1.50",4.0,0.0034,3.79,0.024,1,0.994,0,NORMAL,49.255,0.384,1,1,1,1,2,189.5,31,11,dijkstra,graph,0.84182,0,,,,,,0,,,,492248,251927,5065
163,39.71693420410156,2026-03-06T13:28:11.905884,126.9,0.0,11.02,20.0,32.81,0.0,0.0,213.0,4.13,0.136,0.132,STRAIGHT,1.5,1.5,"CMD,0.1,1.50",4.0,0.0035,3.699,0.024,1,0.9924,0,NORMAL,50.201,0.379,1,1,1,1,2,184.9,38,12,dijkstra,graph,0.83488,0,,,,,,0,,,,489328,249789,5075
164,39.95678448677063,2026-03-06T13:28:12.145734,121.6,0.0,12.05,17.64,34.39,0.0,0.0,206.1,4.13,0.14,0.136,STRAIGHT,1.5,1.5,"CMD,0.1,1.50",4.0,0.0036,3.653,0.024,1,0.9945,0,NORMAL,50.28,0.347,1,1,1,1,2,182.7,39,12,dijkstra,graph,0.82651,0,,,,,,0,,,,486901,247281,5052
165,40.192352533340454,2026-03-06T13:28:12.381302,121.94,0.0,12.3,18.88,29.64,0.0,0.0,203.69,4.13,0.146,0.14,STRAIGHT,1.5,1.5,"CMD,0.1,1.50",4.0,0.0038,3.516,0.024,1,0.9885,0,NORMAL,50.024,0.327,1,1,1,1,2,175.8,33,11,dijkstra,graph,0.81339,0,,,,,,0,,,,481649,243311,5005
166,40.4294068813324,2026-03-06T13:28:12.618357,118.45,0.0,12.26,17.26,33.04,0.0,0.0,203.45,4.13,0.151,0.146,STRAIGHT,1.5,1.5,"CMD,0.1,1.50",4.0,0.0039,3.47,0.024,1,0.9946,0,NORMAL,50.124,0.32,1,1,1,1,2,173.5,36,12,dijkstra,graph,0.81095,0,,,,,,0,,,,481266,242604,5293
167,40.676870346069336,2026-03-06T13:28:12.865820,130.45,0.0,13.02,17.9,31.95,0.0,0.0,214.39,4.13,0.158,0.151,STRAIGHT,1.5,1.5,"CMD,0.2,1.50",4.0,0.0041,3.379,0.024,1,0.9901,0,NORMAL,50.032,0.293,1,1,1,1,2,169.0,26,11,dijkstra,graph,0.80138,0,,,,,,0,,,,476644,239765,4988
168,40.906710386276245,2026-03-06T13:28:13.095660,121.6,0.0,12.03,16.71,25.68,0.0,0.0,197.23,4.14,0.162,0.158,STRAIGHT,1.5,1.5,"CMD,0.2,1.50",4.0,0.0041,3.379,0.024,1,0.9941,0,NORMAL,50.007,0.292,1,1,1,1,2,169.0,31,12,dijkstra,graph,0.80052,0,,,,,,0,,,,474805,239479,5007
169,41.13807964324951,2026-03-06T13:28:13.327029,122.48,0.0,11.3,17.71,32.54,0.0,0.0,205.19,4.15,0.166,0.162,STRAIGHT,1.5,1.5,"CMD,0.2,1.50",4.0,0.0042,3.333,0.023,1,0.9949,0,NORMAL,50.153,0.354,1,1,1,1,2,166.7,31,12,dijkstra,graph,0.79736,0,,,,,,0,,,,473578,238609,5154
170,41.37599968910217,2026-03-06T13:28:13.564949,122.69,0.0,13.2,18.1,31.74,0.0,0.34,206.06,4.15,0.173,0.166,STRAIGHT,1.5,1.5,"CMD,0.2,1.50",4.0,0.0046,3.196,0.023,1,0.9883,0,NORMAL,50.009,0.31,1,1,1,1,2,159.8,31,12,dijkstra,graph,0.78583,0,,,,,,0,,,,468294,235045,4923
171,41.62114644050598,2026-03-06T13:28:13.810096,131.11,0.0,12.64,17.03,30.85,0.0,1.0,213.52,4.15,0.181,0.173,STRAIGHT,1.5,1.5,"CMD,0.2,1.50",4.0,0.0048,3.105,0.023,1,0.983,0,NORMAL,50.023,0.249,1,1,1,1,2,155.3,27,11,dijkstra,graph,0.77174,0,,,,,,0,,,,460553,230914,4991
172,41.85300374031067,2026-03-06T13:28:14.041953,120.48,0.0,11.74,15.61,32.19,0.0,0.0,200.38,4.16,0.189,0.181,STRAIGHT,1.5,1.5,"CMD,0.2,1.50",4.0,0.0049,3.059,0.023,1,0.9884,0,NORMAL,50.107,0.218,1,1,1,1,2,153.0,27,11,dijkstra,graph,0.7632,0,,,,,,0,,,,455794,228181,4804
173,42.08256649971008,2026-03-06T13:28:14.271516,120.46,0.0,11.02,11.64,35.22,0.0,0.0,197.84,4.16,0.201,0.189,STRAIGHT,1.5,1.5,"CMD,0.2,1.50",4.0,0.0055,2.877,0.023,1,0.9881,0,NORMAL,50.229,0.173,1,1,1,1,2,143.9,27,11,dijkstra,graph,0.75056,0,,,,,,0,,,,450822,224446,4853
174,42.3155791759491,2026-03-06T13:28:14.504529,121.62,0.0,11.7,15.61,30.02,0.0,0.76,200.01,4.17,0.212,0.201,STRAIGHT,1.5,1.5,"CMD,0.2,1.50",4.0,0.0056,2.831,0.023,1,0.9923,0,NORMAL,50.335,0.174,1,1,1,1,2,141.6,31,12,dijkstra,graph,0.74636,0,,,,,,0,,,,447976,223283,4809
175,42.54761528968811,2026-03-06T13:28:14.736565,120.29,0.0,10.58,15.72,32.1,0.0,0.0,200.49,4.18,0.221,0.212,STRAIGHT,1.5,1.5,"CMD,0.2,1.50",4.0,0.0058,2.785,0.022,1,0.9913,0,NORMAL,50.575,0.116,1,1,1,1,2,139.3,27,11,dijkstra,graph,0.74134,0,,,,,,0,,,,444628,221693,4797
176,42.78087258338928,2026-03-06T13:28:14.969822,123.01,0.0,12.02,15.71,31.23,0.0,0.0,200.99,4.18,0.229,0.221,STRAIGHT,1.5,1.5,"CMD,0.2,1.50",4.0,0.006,2.74,0.022,1,0.9862,0,NORMAL,50.846,0.069,1,1,1,1,2,137.0,31,12,dijkstra,graph,0.73097,0,,,,,,0,,,,438832,218560,4664
177,43.017565965652466,2026-03-06T13:28:15.206516,123.99,0.0,11.31,15.92,31.62,0.0,0.0,205.33,4.18,0.243,0.229,STRAIGHT,1.5,1.5,"CMD,0.2,1.50",4.0,0.0066,2.603,0.022,1,0.9862,0,NORMAL,51.318,0.01,1,1,1,1,2,130.2,34,10,dijkstra,graph,0.72388,0,,,,,,0,,,,433453,216615,4611
178,43.24460959434509,2026-03-06T13:28:15.433559,117.6,0.0,10.86,15.19,30.78,0.0,0.0,195.74,4.2,0.261,0.243,STRAIGHT,1.5,1.5,"CMD,0.2,1.50",4.0,0.0072,2.466,0.022,1,0.9798,0,NORMAL,51.574,-0.003,1,1,1,1,2,123.3,31,11,dijkstra,graph,0.71184,0,,,,,,0,,,,424976,212787,4768
179,43.47512221336365,2026-03-06T13:28:15.664072,118.59,0.0,12.65,17.86,30.19,0.0,0.0,198.74,4.2,0.277,0.261,STRAIGHT,1.5,1.5,"CMD,0.3,1.50",4.0,0.0075,2.42,0.022,1,0.9921,0,NORMAL,51.74,0.015,1,1,1,1,2,121.0,42,12,dijkstra,graph,0.70742,0,,,,,,0,,,,422621,211451,4646
180,43.71223497390747,2026-03-06T13:28:15.901185,125.31,0.0,12.14,16.52,29.69,0.0,1.0,207.38,4.21,0.288,0.277,STRAIGHT,1.5,1.5,"CMD,0.3,1.50",4.0,0.0075,2.42,0.022,1,0.9921,0,NORMAL,52.045,0.01,1,1,1,1,2,121.0,43,12,dijkstra,graph,0.70335,0,,,,,,0,,,,419904,210312,4451
181,43.93579959869385,2026-03-06T13:28:16.124749,117.6,0.0,10.81,15.12,30.73,0.0,0.0,196.18,4.22,0.297,0.288,STRAIGHT,1.5,1.5,"CMD,0.3,1.50",4.0,0.0077,2.374,0.022,1,0.9837,0,NORMAL,52.843,-0.062,1,1,1,1,2,118.7,39,12,dijkstra,graph,0.69207,0,,,,,,0,,,,413363,207001,4316
182,44.16480278968811,2026-03-06T13:28:16.353752,119.76,0.0,11.42,15.95,29.33,0.0,0.56,198.93,4.23,0.304,0.297,STRAIGHT,1.5,1.5,"CMD,0.3,1.50",4.0,0.0077,2.374,0.022,1,0.9882,0,NORMAL,53.169,-0.121,1,1,1,1,2,118.7,36,11,dijkstra,graph,0.68961,0,,,,,,0,,,,410226,206171,4758
183,44.393861055374146,2026-03-06T13:28:16.582811,121.3,0.0,12.75,16.14,29.96,0.0,0.0,199.7,4.24,0.308,0.304,STRAIGHT,1.5,1.5,"CMD,0.3,1.50",4.0,0.0077,2.374,0.022,1,0.9912,0,NORMAL,53.095,-0.052,1,1,1,1,2,118.7,36,10,dijkstra,graph,0.68787,0,,,,,,0,,,,408345,205639,4587
184,44.63312578201294,2026-03-06T13:28:16.822076,129.01,0.0,11.53,15.69,30.6,0.0,0.0,208.19,4.25,0.316,0.308,STRAIGHT,1.5,1.5,"CMD,0.3,1.50",4.0,0.008,2.329,0.022,1,0.9866,0,NORMAL,53.155,-0.034,1,1,1,1,2,116.5,43,10,dijkstra,graph,0.68196,0,,,,,,0,,,,403909,203831,4281
185,44.861730337142944,2026-03-06T13:28:17.050680,121.83,0.0,11.09,15.22,29.63,0.0,0.0,197.94,4.26,0.321,0.316,STRAIGHT,1.5,1.5,"CMD,0.3,1.50",4.0,0.008,2.329,0.022,1,0.9776,0,NORMAL,54.056,-0.09,1,1,1,1,2,116.5,42,11,dijkstra,graph,0.67638,0,,,,,,0,,,,396479,202224,4618
186,45.09011459350586,2026-03-06T13:28:17.279064,120.87,0.0,11.24,16.05,29.32,0.0,0.0,197.71,4.26,0.327,0.321,STRAIGHT,1.5,1.5,"CMD,0.3,1.50",4.0,0.0082,2.283,0.021,1,0.9819,0,NORMAL,54.6,-0.124,1,1,1,1,2,114.2,59,11,dijkstra,graph,0.66868,0,,,,,,0,,,,390114,199923,4427
187,45.31066560745239,2026-03-06T13:28:17.499615,115.1,0.0,11.12,17.57,29.93,0.0,0.0,195.26,4.27,0.331,0.327,STRAIGHT,1.5,1.5,"CMD,0.3,1.50",4.0,0.0082,2.283,0.021,1,0.9816,0,NORMAL,54.736,-0.167,1,1,1,1,2,114.2,55,11,dijkstra,graph,0.66114,0,,,,,,0,,,,383709,197686,4263
188,45.54054594039917,2026-03-06T13:28:17.729496,119.94,0.0,11.14,17.55,29.77,0.0,1.01,200.19,4.28,0.339,0.331,STRAIGHT,1.5,1.5,"CMD,0.3,1.50",4.0,0.0086,2.237,0.022,1,0.9811,0,NORMAL,55.202,-0.189,1,1,1,1,2,111.9,59,11,dijkstra,graph,0.65409,0,,,,,,0,,,,376966,195560,4270
189,45.767141580581665,2026-03-06T13:28:17.956091,120.49,0.0,11.52,16.66,29.32,0.0,0.0,197.19,4.28,0.348,0.339,STRAIGHT,1.5,1.5,"CMD,0.3,1.50",4.0,0.0089,2.192,0.021,1,0.9749,0,NORMAL,55.919,-0.114,1,1,1,1,2,109.6,57,11,dijkstra,graph,0.64469,0,,,,,,0,,,,368263,192622,4144
190,45.99491786956787,2026-03-06T13:28:18.183867,120.28,0.0,10.23,17.48,28.19,0.0,1.13,198.97,4.29,0.36,0.348,STRAIGHT,1.5,1.5,"CMD,0.3,1.50",4.0,0.0093,2.146,0.021,1,0.9693,0,NORMAL,56.324,-0.129,1,1,1,1,2,107.3,65,12,dijkstra,graph,0.63056,0,,,,,,0,,,,357325,188526,4149
191,46.217745304107666,2026-03-06T13:28:18.406695,117.28,0.0,11.24,18.25,26.38,0.0,0.0,193.75,4.3,0.362,0.36,STRAIGHT,1.5,1.5,"CMD,0.4,1.50",4.0,0.0089,2.192,0.021,1,0.9804,0,NORMAL,56.436,-0.075,1,1,1,1,2,109.6,67,11,dijkstra,graph,0.62961,0,,,,,,0,,,,352704,188142,4374
192,46.436994314193726,2026-03-06T13:28:18.625944,123.83,0.0,9.73,17.27,24.23,0.0,0.0,193.69,4.32,0.363,0.362,STRAIGHT,1.5,1.5,"CMD,0.4,1.50",4.0,0.0089,2.192,0.021,1,0.9626,0,NORMAL,56.425,-0.009,1,1,1,1,2,109.6,65,12,dijkstra,graph,0.61667,0,,,,,,0,,,,340336,184204,4158
193,46.67570686340332,2026-03-06T13:28:18.864656,130.36,0.0,10.12,18.09,28.83,0.0,0.62,210.69,4.32,0.37,0.363,STRAIGHT,1.5,1.5,"CMD,0.4,1.50",4.0,0.0093,2.146,0.021,1,0.9679,0,NORMAL,56.164,0.037,1,1,1,1,2,107.3,65,12,dijkstra,graph,0.60341,0,,,,,,0,,,,329868,180337,4101
194,46.90327453613281,2026-03-06T13:28:19.092224,124.16,0.0,11.01,18.99,24.95,0.0,0.0,200.16,4.32,0.368,0.368,STRAIGHT,1.5,1.5,"CMD,0.4,1.50",4.0,0.0089,2.192,0.021,1,0.9772,0,NORMAL,55.665,0.124,1,1,1,1,2,109.6,74,12,dijkstra,graph,0.60785,0,,,,,,0,,,,328194,181662,4165
195,47.127827405929565,2026-03-06T13:28:19.316777,120.22,0.0,9.18,20.84,28.83,0.0,0.0,197.82,4.33,0.364,0.368,STRAIGHT,1.5,1.5,"CMD,0.4,1.50",4.0,0.0086,2.237,0.022,1,0.9546,0,NORMAL,54.695,0.192,1,1,1,1,2,111.9,86,9,dijkstra,graph,0.60184,0,,,,,,0,,,,317177,179765,3990
196,47.35717463493347,2026-03-06T13:28:19.546124,123.54,0.0,10.46,21.94,27.59,0.0,1.19,204.5,4.34,0.365,0.365,STRAIGHT,1.5,1.5,"CMD,0.4,1.50",4.0,0.0089,2.192,0.021,1,0.9378,0,NORMAL,54.838,0.2,1,1,1,1,2,109.6,92,8,dijkstra,graph,0.58438,0,,,,,,0,,,,298384,174520,3888
197,47.585145711898804,2026-03-06T13:28:19.774095,122.15,0.0,10.02,18.7,27.37,0.0,0.0,200.26,4.34,0.365,0.365,STRAIGHT,1.5,1.5,"CMD,0.4,1.50",4.0,0.0089,2.192,0.021,1,0.8831,0,NORMAL,54.822,0.25,1,1,1,1,2,109.6,85,9,dijkstra,graph,0.57455,0,,,,,,0,,,,268431,171713,3708
198,47.814966678619385,2026-03-06T13:28:20.003916,123.25,0.0,9.77,20.05,27.87,0.0,0.0,202.93,4.34,0.365,0.365,STRAIGHT,1.5,1.5,"CMD,0.4,1.50",4.0,0.0089,2.192,0.021,1,0.9323,0,NORMAL,54.843,0.249,1,1,1,1,2,109.6,92,10,dijkstra,graph,0.57357,0,,,,,,0,,,,263186,171534,3807
199,48.03968071937561,2026-03-06T13:28:20.228630,119.49,0.0,10.06,19.45,26.91,0.0,1.0,197.4,4.35,0.365,0.365,STRAIGHT,1.5,1.5,"CMD,0.4,1.50",4.0,0.0089,2.192,0.021,1,0.8975,0,NORMAL,55.257,0.222,1,1,1,1,2,109.6,74,9,dijkstra,graph,0.57244,0,,,,,,0,,,,277353,171139,3600
200,48.26389479637146,2026-03-06T13:28:20.452844,123.66,0.0,10.69,18.59,24.16,0.0,0.0,196.94,4.37,0.365,0.365,STRAIGHT,1.5,1.5,"CMD,0.4,1.50",4.0,0.0089,2.192,0.021,1,0.8274,0,NORMAL,54.902,0.212,1,1,1,1,2,109.6,79,7,dijkstra,graph,0.54128,0,,,,,,0,,,,231540,161753,2818
201,48.48458909988403,2026-03-06T13:28:20.673539,122.99,0.0,10.3,16.05,22.93,0.0,0.0,193.85,4.37,0.365,0.365,STRAIGHT,1.5,1.5,"CMD,0.4,1.50",4.0,0.0089,2.192,0.021,1,0.9034,0,NORMAL,50.824,0.137,1,1,1,1,2,109.6,56,5,dijkstra,graph,0.52457,0,,,,,,0,,,,210331,156834,2557
202,48.70385956764221,2026-03-06T13:28:20.893814,121.73,0.0,11.13,15.9,21.98,0.0,0.0,193.78,4.38,0.375,0.365,STRAIGHT,1.5,1.5,"CMD,0.4,1.50",4.0,0.0096,2.1,0.021,1,0.9642,0,NORMAL,50.204,0.1,1,1,1,1,2,105.0,52,5,dijkstra,graph,0.50709,0,,,,,,0,,,,203856,151642,2344
203,48.916996717453,2026-03-06T13:28:21.105946,121.78,0.0,10.52,14.53,22.72,0.0,0.0,188.38,4.39,0.372,0.372,STRAIGHT,1.5,1.5,"CMD,0.4,1.50",4.0,0.0089,2.192,0.021,1,0.9667,0,NORMAL,50.282,0.073,1,1,1,1,2,109.6,39,5,dijkstra,graph,0.50725,0,,,,,,0,,,,201400,151633,2340
204,49.12779211997986,2026-03-06T13:28:21.316742,118.57,0.0,11.02,14.17,22.95,0.0,0.0,185.75,4.41,0.38,0.375,STRAIGHT,1.5,1.5,"CMD,0.4,1.50",4.0,0.0096,2.1,0.021,1,0.9806,0,NORMAL,50.346,0.047,1,1,1,1,2,105.0,44,5,dijkstra,graph,0.51329,0,,,,,,0,,,,203409,153445,2342
205,49.34234857559204,2026-03-06T13:28:21.531298,117.16,0.0,10.48,16.06,21.42,0.0,2.12,188.5,4.42,0.385,0.38,STRAIGHT,1.5,1.5,"CMD,0.4,1.50",4.0,0.0096,2.1,0.021,1,0.964,0,NORMAL,50.163,-0.002,1,1,1,1,2,105.0,59,6,dijkstra,graph,0.51581,0,,,,,,0,,,,207781,154302,2618
206,49.56217694282532,2026-03-06T13:28:21.751127,122.0,0.0,10.72,17.64,25.31,0.0,0.0,196.03,4.43,-1.934,0.38,STRAIGHT,1.5,1.5,"CMD,0.4,1.50",2.128,-0.16,1.915,-0.301,1,0.8752,0,NORMAL,50.108,0.016,1,1,1,1,1,573.1,71,9,dijkstra,fallback_skeleton,0.51603,0,,,,,,0,,,,187161,154481,2859
207,49.77976155281067,2026-03-06T13:28:21.968711,119.64,0.0,11.23,16.09,24.23,0.0,0.0,190.97,4.44,-0.4,-0.4,STRAIGHT,1.5,1.5,"CMD,-0.4,1.50",2.815,0.0647,2.789,0.254,1,0.8668,0,NORMAL,50.12,0.077,1,1,1,1,1,558.3,61,8,dijkstra,fallback_skeleton,0.54128,0,,,,,,0,,,,212161,161886,2819
208,50.007538080215454,2026-03-06T13:28:22.196488,120.89,0.0,11.02,22.05,26.59,0.0,0.0,201.45,4.44,0.486,-0.4,STRAIGHT,1.5,1.5,"CMD,-0.4,1.50",3.014,0.0548,2.992,0.247,1,0.937,0,NORMAL,50.178,0.102,1,1,1,1,1,557.8,93,10,dijkstra,fallback_skeleton,0.56833,0,,,,,,0,,,,225072,169973,3491
209,50.23186731338501,2026-03-06T13:28:22.420817,117.85,0.0,10.01,21.63,26.25,0.0,0.0,196.99,4.45,1.112,0.486,STRAIGHT,1.5,1.5,"CMD,0.5,1.50",2.888,0.0573,2.865,0.237,1,0.9426,0,NORMAL,50.267,0.081,1,1,1,1,1,556.7,89,8,dijkstra,fallback_skeleton,0.56787,0,,,,,,0,,,,219368,169782,3446
210,50.451820611953735,2026-03-06T13:28:22.640770,120.13,0.0,10.87,16.23,22.05,0.0,1.0,191.89,4.45,1.533,1.112,STRAIGHT,1.5,1.5,"CMD,1.1,1.50",2.784,0.0576,2.759,0.221,1,0.9376,0,NORMAL,50.277,0.047,1,1,1,1,1,557.5,73,4,dijkstra,fallback_skeleton,0.54614,0,,,,,,0,,,,216317,163455,2601
211,50.69384145736694,2026-03-06T13:28:22.882791,132.81,0.0,11.02,25.08,26.81,0.0,0.0,216.88,4.44,1.778,1.533,STRAIGHT,1.5,1.5,"CMD,1.5,1.50",2.855,0.055,2.832,0.222,1,0.9236,0,NORMAL,50.002,0.033,1,1,1,1,1,560.3,113,9,dijkstra,fallback_skeleton,0.58479,0,,,,,,0,,,,231910,174845,3881
212,50.92091774940491,2026-03-06T13:28:23.109867,118.9,0.0,10.84,23.07,25.84,0.0,0.0,199.31,4.44,1.897,1.778,STRAIGHT,1.5,1.5,"CMD,1.8,1.50",2.954,0.0518,2.932,0.224,1,0.9578,0,NORMAL,50.015,0.068,1,1,1,1,1,557.8,97,9,dijkstra,fallback_skeleton,0.56486,0,,,,,,0,,,,225498,168992,3563
213,51.14175081253052,2026-03-06T13:28:23.330700,119.94,0.0,11.77,18.62,20.54,0.0,1.0,193.16,4.46,1.969,1.897,STRAIGHT,1.5,1.5,"CMD,1.9,1.50",3.049,0.0513,3.028,0.236,1,0.9709,0,NORMAL,50.059,0.057,1,1,1,1,1,555.7,96,8,dijkstra,fallback_skeleton,0.55983,0,,,,,,0,,,,223736,167508,3120
214,51.36708998680115,2026-03-06T13:28:23.556040,119.97,0.0,11.7,24.56,24.75,0.0,0.0,202.14,4.46,1.976,1.969,STRAIGHT,1.5,1.5,"CMD,2.0,1.50",3.176,0.0482,3.156,0.242,1,0.9582,0,NORMAL,50.099,0.055,1,1,1,1,1,554.4,115,7,dijkstra,fallback_skeleton,0.55329,0,,,,,,0,,,,218605,165344,3050
215,51.59392166137695,2026-03-06T13:28:23.782871,120.37,0.0,12.04,22.72,25.64,0.0,0.0,201.12,4.46,1.99,1.976,STRAIGHT,1.5,1.5,"CMD,2.0,1.50",3.052,0.049,3.032,0.226,1,0.9675,0,NORMAL,50.038,0.043,1,1,1,1,1,551.9,101,6,dijkstra,fallback_skeleton,0.55946,0,,,,,,0,,,,221097,167362,3069
216,51.82017183303833,2026-03-06T13:28:24.009121,117.56,0.0,10.09,24.56,25.73,0.0,0.0,198.77,4.46,1.943,1.976,STRAIGHT,1.5,1.5,"CMD,2.0,1.50",3.296,0.0449,3.277,0.242,1,0.9709,0,NORMAL,50.09,0.101,1,1,1,1,1,552.2,120,7,dijkstra,fallback_skeleton,0.5536,0,,,,,,0,,,,215474,165627,3284
217,52.051172494888306,2026-03-06T13:28:24.240122,118.15,0.0,11.21,24.21,29.3,0.0,0.0,203.76,4.45,1.817,1.943,STRAIGHT,1.5,1.5,"CMD,1.9,1.50",4.0,0.0379,3.97,0.301,1,0.9177,0,NORMAL,50.022,0.383,1,1,1,1,1,549.0,124,9,dijkstra,fallback_skeleton,0.57122,0,,,,,,0,,,,211104,170807,3705
218,52.27248549461365,2026-03-06T13:28:24.461435,121.75,0.0,11.02,13.9,25.5,0.0,0.0,193.54,4.46,1.83,1.83,STRAIGHT,1.5,1.5,"CMD,1.8,1.50",3.445,0.045,3.425,0.265,1,0.8229,0,NORMAL,50.077,-0.395,1,1,1,1,1,551.2,38,8,dijkstra,fallback_skeleton,0.59793,0,,,,,,0,,,,253555,178828,3260
219,52.52574324607849,2026-03-06T13:28:24.714693,120.52,0.0,10.02,27.68,44.76,0.0,0.4,224.48,4.44,1.811,1.817,STRAIGHT,1.5,1.5,"CMD,1.8,1.50",2.315,0.043,2.242,0.108,1,0.8031,0,NORMAL,50.258,-0.854,1,1,1,1,1,577.8,145,11,dijkstra,fallback_skeleton,0.55138,0,,,,,,0,,,,205670,165185,4096
220,52.74519395828247,2026-03-06T13:28:24.934143,121.7,0.0,9.62,15.12,24.31,0.0,0.0,191.13,4.44,1.6,1.811,STRAIGHT,1.5,1.5,"CMD,1.8,1.50",4.0,0.0286,1.279,0.023,1,0.7294,0,NORMAL,55.139,-1.118,1,1,1,1,2,63.9,64,9,dijkstra,graph,0.48285,0,,,,,,0,,,,150023,144525,2962
221,52.961745500564575,2026-03-06T13:28:25.150695,124.42,0.0,10.06,13.72,22.16,0.0,0.0,192.07,4.44,1.311,1.6,STRAIGHT,1.5,1.5,"CMD,1.6,1.50",4.0,0.0178,2.603,0.06,1,0.8921,0,NORMAL,56.412,-1.087,1,1,1,1,2,130.7,46,9,dijkstra,graph,0.46957,0,,,,,,0,,,,147958,140652,2479
222,53.180219888687134,2026-03-06T13:28:25.369169,122.24,0.0,9.6,19.01,22.5,0.0,0.0,195.06,4.46,5.961,1.6,STRAIGHT,1.5,1.5,"CMD,1.6,1.50",2.546,0.379,1.233,0.306,1,0.7476,0,NORMAL,62.77,-1.131,1,1,1,1,2,63.8,78,7,dijkstra,graph,0.42041,0,,,,,,0,,,,110620,125999,2370
223,53.401753664016724,2026-03-06T13:28:25.590703,124.19,0.0,9.64,18.98,25.16,0.0,0.0,199.5,4.46,4.333,4.333,STRAIGHT,1.5,1.5,"CMD,4.3,1.50",3.648,0.0261,3.636,0.173,1,0.7546,0,NORMAL,63.819,-1.087,1,1,1,1,2,504.1,86,6,dijkstra,graph,0.47287,0,,,,,,0,,,,146468,141772,2691
224,53.63237977027893,2026-03-06T13:28:25.821329,139.55,0.0,7.56,18.16,20.29,0.0,0.0,205.92,4.46,3.697,4.333,STRAIGHT,1.5,1.5,"CMD,4.3,1.50",4.0,0.0588,3.971,0.47,1,0.6778,0,NORMAL,62.819,-1.068,1,1,1,1,2,501.4,93,5,dijkstra,graph,0.36572,0,,,,,,0,,,,100810,109527,2219
225,53.85590887069702,2026-03-06T13:28:26.044858,123.49,0.0,10.15,21.17,23.45,0.0,0.89,200.16,4.46,6.106,4.333,STRAIGHT,1.5,1.5,"CMD,4.3,1.50",2.46,0.2681,2.288,0.784,1,0.6085,0,NORMAL,70.711,-1.008,1,1,1,1,2,187.5,103,7,dijkstra,graph,0.47033,0,,,,,,0,,,,162332,140924,2609
226,54.07660484313965,2026-03-06T13:28:26.265555,121.96,0.0,9.52,17.57,24.39,0.0,0.57,195.91,4.47,7.712,6.106,STRAIGHT,1.5,1.5,"CMD,6.1,1.50",2.46,0.2681,2.288,0.784,1,0.5541,0,NORMAL,70.711,-0.966,1,1,1,1,2,114.1,72,8,dijkstra,graph,0.50413,0,,,,,,0,,,,267660,150677,2928
227,54.30427432060242,2026-03-06T13:28:26.493224,121.58,0.0,9.98,21.51,24.22,0.0,0.0,201.02,4.47,8.782,7.712,STRAIGHT,1.5,1.5,"CMD,7.7,1.50",2.46,0.2681,2.288,0.784,1,0.7361,0,NORMAL,70.711,-0.913,1,1,1,1,2,115.5,116,8,dijkstra,graph,0.46483,0,,,,,,0,,,,203365,139157,2934
228,54.55654311180115,2026-03-06T13:28:26.745493,132.5,0.0,10.21,30.29,30.86,0.0,0.0,227.32,4.45,8.454,8.454,STRAIGHT,1.5,1.5,"CMD,8.5,1.50",2.191,0.1902,1.963,0.38,1,0.7797,0,NORMAL,70.711,-0.845,1,1,1,1,2,101.1,119,13,dijkstra,graph,0.47562,0,,,,,,0,,,,219113,142476,3914
229,54.79116702079773,2026-03-06T13:28:26.980117,129.24,0.0,10.75,22.37,24.4,0.0,0.44,209.56,4.44,10.38,8.782,STRAIGHT,1.5,1.5,"CMD,8.8,1.50",1.764,0.3523,1.279,0.305,1,0.8274,0,NORMAL,70.711,-0.783,1,1,1,1,2,66.3,139,11,dijkstra,graph,0.43632,0,,,,,,0,,,,188552,130666,2942
230,55.02299356460571,2026-03-06T13:28:27.211943,131.82,0.0,10.88,24.65,21.21,0.0,0.0,210.04,4.44,8.775,8.775,STRAIGHT,1.5,1.5,"CMD,8.8,1.50",2.069,0.1353,1.989,0.273,1,0.6915,0,NORMAL,70.711,-0.688,1,1,1,1,2,124.6,126,9,dijkstra,graph,0.41541,0,,,,,,0,,,,163783,124737,2894
231,55.262715578079224,2026-03-06T13:28:27.451665,125.5,0.0,10.76,21.08,38.3,0.0,0.0,218.85,4.42,7.704,8.775,STRAIGHT,1.5,1.5,"CMD,8.8,1.50",2.069,0.1353,1.989,0.273,1,0.6445,0,NORMAL,70.711,-0.636,1,1,1,1,1,577.4,100,10,dijkstra,fallback_skeleton,0.47938,0,,,,,,0,,,,243882,143482,3335
232,55.493210554122925,2026-03-06T13:28:27.682160,126.58,0.0,10.87,19.05,24.2,0.0,0.0,201.73,4.41,6.99,7.704,STRAIGHT,1.5,1.5,"CMD,7.7,1.50",2.069,0.1353,1.989,0.273,1,0.7106,0,NORMAL,70.711,-0.583,1,1,1,1,1,579.0,93,7,dijkstra,fallback_skeleton,0.43209,0,,,,,,0,,,,176645,129521,2543
233,55.72067832946777,2026-03-06T13:28:27.909628,121.82,0.0,10.14,21.22,26.54,0.0,0.0,201.87,4.4,5.346,6.99,STRAIGHT,1.5,1.5,"CMD,7.0,1.50",4.0,0.0499,3.936,0.39,1,0.6773,0,NORMAL,70.711,-0.576,1,1,1,1,1,558.4,100,10,dijkstra,fallback_skeleton,0.50062,0,,,,,,0,,,,257231,149790,3491
234,55.939162254333496,2026-03-06T13:28:28.128112,119.01,0.0,9.18,18.73,23.15,0.0,0.0,191.15,4.4,4.054,5.346,STRAIGHT,1.5,1.5,"CMD,5.3,1.50",2.806,0.0356,2.786,0.139,1,0.8888,0,NORMAL,68.031,-0.559,1,1,1,1,1,550.6,92,9,dijkstra,fallback_skeleton,0.46236,0,,,,,,0,,,,233165,138361,2713
235,56.16414833068848,2026-03-06T13:28:28.353098,124.5,0.0,10.53,18.73,23.82,0.0,0.0,198.68,4.39,-0.846,4.054,STRAIGHT,1.5,1.5,"CMD,4.1,1.50",1.848,-0.261,1.632,-0.365,1,0.9254,0,NORMAL,65.764,-0.496,1,1,1,1,1,570.7,88,10,dijkstra,fallback_skeleton,0.44748,0,,,,,,0,,,,219311,133838,2557
236,56.38701796531677,2026-03-06T13:28:28.575967,120.51,0.0,10.26,21.05,23.06,0.0,0.0,195.69,4.39,0.072,0.072,STRAIGHT,1.5,1.5,"CMD,0.1,1.50",2.806,0.0462,2.792,0.181,1,0.7763,0,NORMAL,58.285,-0.368,1,1,1,1,1,537.6,101,8,dijkstra,fallback_skeleton,0.42663,0,,,,,,0,,,,175673,127744,2555
237,56.615896463394165,2026-03-06T13:28:28.804846,128.61,0.0,10.03,19.23,21.89,0.0,0.0,203.78,4.39,0.144,0.072,STRAIGHT,1.5,1.5,"CMD,0.1,1.50",4.0,0.007,2.511,0.022,1,0.849,0,NORMAL,56.577,-0.328,1,1,1,1,2,125.6,96,5,dijkstra,graph,0.39576,0,,,,,,0,,,,156482,118803,2172
238,56.844093322753906,2026-03-06T13:28:29.033043,117.14,0.0,11.03,23.86,30.49,0.0,0.0,205.37,4.39,0.192,0.144,STRAIGHT,1.5,1.5,"CMD,0.1,1.50",4.0,0.007,2.511,0.022,1,0.8551,0,NORMAL,55.112,-0.241,1,1,1,1,1,563.6,126,7,dijkstra,fallback_skeleton,0.3781,0,,,,,,0,,,,137060,113345,2230
239,57.07075095176697,2026-03-06T13:28:29.259701,121.39,0.0,13.56,21.5,24.38,0.0,0.0,202.52,4.38,0.89,0.192,STRAIGHT,1.5,1.5,"CMD,0.2,1.50",2.938,0.0554,2.919,0.238,1,0.8583,0,NORMAL,53.79,-0.147,1,1,1,1,1,194.6,116,5,dijkstra,fallback_centerline,0.37326,0,,,,,,0,,,,137870,111877,2258
240,57.276695251464844,2026-03-06T13:28:29.465645,118.79,0.0,5.25,15.45,18.96,0.0,0.0,180.79,4.41,1.18,0.89,STRAIGHT,1.5,1.5,"CMD,0.9,1.50",4.0,0.0427,3.984,0.341,1,0.7967,0,NORMAL,52.741,-0.113,1,1,1,1,2,470.0,72,6,dijkstra,graph,0.29893,0,,,,,,0,,,,109849,89637,1510
241,57.48780298233032,2026-03-06T13:28:29.676753,119.9,0.0,9.48,19.66,17.57,0.0,0.0,188.73,4.42,1.422,1.18,STRAIGHT,1.5,1.5,"CMD,1.2,1.50",3.204,0.0462,3.191,0.237,1,0.7301,0,NORMAL,52.587,-0.061,1,1,1,1,1,217.7,110,5,dijkstra,fallback_centerline,0.36554,0,,,,,,0,,,,149342,109725,1903
242,57.69777536392212,2026-03-06T13:28:29.886725,122.69,0.0,10.03,13.17,21.76,0.0,0.0,188.74,4.42,1.08,1.18,STRAIGHT,1.5,1.5,"CMD,1.2,1.50",4.0,0.0096,2.1,0.021,1,0.8033,0,NORMAL,52.004,0.025,1,1,1,1,2,105.0,47,3,dijkstra,graph,0.39622,0,,,,,,0,,,,183252,118521,1754
243,57.90707612037659,2026-03-06T13:28:30.096026,120.43,0.0,10.02,13.66,20.22,0.0,0.0,185.23,4.43,0.859,1.08,STRAIGHT,1.5,1.5,"CMD,1.1,1.50",4.0,0.0101,2.055,0.021,1,0.96,0,NORMAL,51.422,0.023,1,1,1,1,2,102.8,51,4,dijkstra,graph,0.37905,0,,,,,,0,,,,177244,113536,1617
244,58.121079206466675,2026-03-06T13:28:30.310029,122.7,0.0,10.01,16.09,20.88,0.0,0.0,190.92,4.44,0.712,0.859,STRAIGHT,1.5,1.5,"CMD,0.9,1.50",4.0,0.0101,2.055,0.021,1,0.9582,0,NORMAL,50.851,-0.043,1,1,1,1,2,102.8,71,4,dijkstra,graph,0.36924,0,,,,,,0,,,,180375,110599,1655
245,58.33469867706299,2026-03-06T13:28:30.523648,119.31,0.0,9.53,16.53,20.37,0.0,0.0,187.97,4.45,0.613,0.712,STRAIGHT,1.5,1.5,"CMD,0.7,1.50",4.0,0.0101,2.055,0.021,1,0.9888,0,NORMAL,50.566,0.073,1,1,1,1,2,102.8,75,4,dijkstra,graph,0.36738,0,,,,,,0,,,,180765,109982,1673
246,58.54301476478577,2026-03-06T13:28:30.731965,120.9,0.0,10.02,17.05,19.08,0.0,0.0,188.1,4.47,0.548,0.613,STRAIGHT,1.5,1.5,"CMD,0.6,1.50",4.0,0.0101,2.055,0.021,1,0.9802,0,NORMAL,50.06,0.081,1,1,1,1,2,102.8,77,5,dijkstra,graph,0.36103,0,,,,,,0,,,,181046,108242,1701
247,58.75073528289795,2026-03-06T13:28:30.939685,119.43,0.0,10.7,15.02,18.12,0.0,0.0,183.62,4.48,0.504,0.548,STRAIGHT,1.5,1.5,"CMD,0.5,1.50",4.0,0.0101,2.055,0.021,1,0.9797,0,NORMAL,50.138,0.073,1,1,1,1,2,102.8,56,5,dijkstra,graph,0.34824,0,,,,,,0,,,,178036,104264,1522
248,58.957398891448975,2026-03-06T13:28:31.146349,118.99,0.0,9.52,14.13,17.91,0.0,0.0,182.85,4.51,0.475,0.504,STRAIGHT,1.5,1.5,"CMD,0.5,1.50",4.0,0.0101,2.055,0.021,1,0.9904,0,NORMAL,50.506,0.202,1,1,1,1,2,102.8,56,4,dijkstra,graph,0.3463,0,,,,,,0,,,,177803,103709,1559
249,59.16922640800476,2026-03-06T13:28:31.358176,122.22,0.0,10.02,14.71,20.26,0.0,0.0,187.79,4.51,0.464,0.475,STRAIGHT,1.5,1.5,"CMD,0.5,1.50",4.0,0.0107,2.009,0.022,1,0.9884,0,NORMAL,51.09,0.295,1,1,1,1,2,100.5,65,5,dijkstra,graph,0.34438,0,,,,,,0,,,,177786,102995,1756
250,59.37550354003906,2026-03-06T13:28:31.564453,118.49,0.0,9.12,15.29,19.31,0.0,0.0,183.87,4.52,0.456,0.464,STRAIGHT,1.5,1.5,"CMD,0.5,1.50",4.0,0.0107,2.009,0.022,1,0.9867,0,NORMAL,52.079,0.322,1,1,1,1,2,100.5,69,4,dijkstra,graph,0.34043,0,,,,,,0,,,,177281,101817,1796
251,59.59113001823425,2026-03-06T13:28:31.780080,128.42,0.0,10.03,15.07,17.33,0.0,0.0,193.44,4.52,0.451,0.456,STRAIGHT,1.5,1.5,"CMD,0.5,1.50",4.0,0.0107,2.009,0.022,1,0.9836,0,NORMAL,53.275,0.347,1,1,1,1,2,100.5,68,3,dijkstra,graph,0.3314,0,,,,,,0,,,,175130,99146,1585
252,59.7924108505249,2026-03-06T13:28:31.981360,115.88,0.0,10.2,12.89,18.53,0.0,0.0,177.29,4.54,0.448,0.451,STRAIGHT,1.5,1.5,"CMD,0.5,1.50",4.0,0.0107,2.009,0.022,1,0.9897,0,NORMAL,53.784,0.44,1,1,1,1,2,100.5,51,5,dijkstra,graph,0.33008,0,,,,,,0,,,,175061,98765,1579
253,60.00286030769348,2026-03-06T13:28:32.191810,123.1,0.0,9.49,14.8,17.79,0.0,0.0,187.71,4.55,0.446,0.448,STRAIGHT,1.5,1.5,"CMD,0.4,1.50",4.0,0.0107,2.009,0.022,1,0.988,0,NORMAL,54.707,0.5,1,1,1,1,2,100.5,81,3,dijkstra,graph,0.32804,0,,,,,,0,,,,174916,98179,1622
254,60.21258091926575,2026-03-06T13:28:32.401531,123.92,0.0,10.66,15.91,17.25,0.0,0.0,187.72,4.56,0.449,0.448,STRAIGHT,1.5,1.5,"CMD,0.4,1.50",4.0,0.011,1.963,0.021,1,0.9866,0,NORMAL,55.704,0.557,1,1,1,1,2,98.2,70,4,dijkstra,graph,0.3236,0,,,,,,0,,,,174570,96834,1605
255,60.41890335083008,2026-03-06T13:28:32.607853,121.64,0.0,10.01,12.08,17.24,0.0,0.0,183.98,4.57,0.451,0.449,STRAIGHT,1.5,1.5,"CMD,0.4,1.50",4.0,0.011,1.963,0.021,1,0.9726,0,NORMAL,57.578,0.551,1,1,1,1,2,98.2,54,3,dijkstra,graph,0.31124,0,,,,,,0,,,,170069,93154,1438
256,60.63853216171265,2026-03-06T13:28:32.827482,134.06,0.0,9.97,14.81,16.97,0.0,0.0,196.39,4.58,0.453,0.451,STRAIGHT,1.5,1.5,"CMD,0.5,1.50",4.0,0.011,1.963,0.021,1,0.986,0,NORMAL,58.919,0.656,1,1,1,1,2,98.2,63,3,dijkstra,graph,0.30564,0,,,,,,0,,,,169323,91403,1455
257,60.83670926094055,2026-03-06T13:28:33.025659,110.03,0.0,12.56,14.55,18.04,0.0,0.0,176.71,4.62,0.454,0.453,STRAIGHT,1.5,1.5,"CMD,0.5,1.50",4.0,0.011,1.963,0.021,1,0.9914,0,NORMAL,60.208,0.737,1,1,1,1,2,98.2,69,4,dijkstra,graph,0.30595,0,,,,,,0,,,,169593,91526,1585
258,61.045451402664185,2026-03-06T13:28:33.234401,118.48,0.0,9.15,19.89,18.73,0.0,0.73,187.02,4.64,0.454,0.454,STRAIGHT,1.5,1.5,"CMD,0.5,1.50",4.0,0.011,1.963,0.021,1,0.8563,0,NORMAL,61.543,0.779,1,1,1,1,1,415.8,110,5,dijkstra,fallback_skeleton,0.28907,0,,,,,,0,,,,145264,86565,1801
259,61.2524528503418,2026-03-06T13:28:33.441403,121.75,0.0,10.56,15.03,17.02,0.0,0.0,184.4,4.66,0.464,0.454,STRAIGHT,1.5,1.5,"CMD,0.5,1.50",4.0,0.0117,1.918,0.022,1,0.8621,0,NORMAL,65.832,0.56,1,1,1,1,2,95.9,69,3,dijkstra,graph,0.29506,0,,,,,,0,,,,165604,88300,1520
260,61.45799708366394,2026-03-06T13:28:33.646947,120.26,0.0,9.13,15.07,17.04,0.0,0.0,181.73,4.68,0.471,0.464,STRAIGHT,1.5,1.5,"CMD,0.5,1.50",4.0,0.0117,1.918,0.022,1,0.9618,0,NORMAL,66.226,0.608,1,1,1,1,2,95.9,77,3,dijkstra,graph,0.28777,0,,,,,,0,,,,159755,86181,1521
261,61.67684578895569,2026-03-06T13:28:33.865795,134.02,0.0,8.81,15.04,15.79,0.0,1.25,196.13,4.69,0.475,0.471,STRAIGHT,1.5,1.5,"CMD,0.5,1.50",4.0,0.0117,1.918,0.022,1,0.9656,0,NORMAL,65.211,0.658,1,1,1,1,2,95.9,69,3,dijkstra,graph,0.29583,0,,,,,,0,,,,164596,88531,1430
262,61.87789463996887,2026-03-06T13:28:34.066844,120.31,0.0,9.92,13.03,14.03,0.0,1.0,178.85,4.71,0.478,0.475,STRAIGHT,1.5,1.5,"CMD,0.5,1.50",4.0,0.0117,1.918,0.022,1,0.9782,0,NORMAL,65.065,0.747,1,1,1,1,2,95.9,69,3,dijkstra,graph,0.30124,0,,,,,,0,,,,167859,90160,1581
263,62.077861309051514,2026-03-06T13:28:34.266811,121.52,0.0,10.22,13.03,17.15,0.0,0.0,180.98,4.72,0.48,0.478,STRAIGHT,1.5,1.5,"CMD,0.5,1.50",4.0,0.0117,1.918,0.022,1,0.9893,0,NORMAL,64.998,0.779,1,1,1,1,2,95.9,55,4,dijkstra,graph,0.30275,0,,,,,,0,,,,168522,90705,1506
264,62.28238606452942,2026-03-06T13:28:34.471336,123.09,0.0,9.52,11.22,16.05,0.0,0.0,182.62,4.74,0.487,0.48,STRAIGHT,1.5,1.5,"CMD,0.5,1.50",4.0,0.0122,1.872,0.021,1,0.9775,0,NORMAL,65.256,0.768,1,1,1,1,2,93.6,43,2,dijkstra,graph,0.29932,0,,,,,,0,,,,165778,89603,1307
265,62.489397048950195,2026-03-06T13:28:34.678347,121.37,0.0,10.01,13.51,17.48,0.0,0.0,183.57,4.75,0.492,0.487,STRAIGHT,1.5,1.5,"CMD,0.5,1.50",4.0,0.0122,1.872,0.021,1,0.9796,0,NORMAL,65.601,0.793,1,1,1,1,2,93.6,69,3,dijkstra,graph,0.30537,0,,,,,,0,,,,168319,91362,1580
266,62.697816133499146,2026-03-06T13:28:34.886766,116.08,0.0,10.09,13.59,17.67,0.0,1.0,182.87,4.77,0.495,0.492,STRAIGHT,1.5,1.5,"CMD,0.5,1.50",4.0,0.0122,1.872,0.021,1,0.9789,0,NORMAL,66.58,0.715,1,1,1,1,2,93.6,71,3,dijkstra,graph,0.3019,0,,,,,,0,,,,168901,90418,1596
267,62.9007408618927,2026-03-06T13:28:35.089691,119.59,0.0,10.16,14.52,16.67,0.0,0.0,181.45,4.79,0.497,0.495,STRAIGHT,1.5,1.5,"CMD,0.5,1.50",4.0,0.0122,1.872,0.021,1,0.9868,0,NORMAL,66.507,0.689,1,1,1,1,2,93.6,70,4,dijkstra,graph,0.30496,0,,,,,,0,,,,169133,91199,1617
268,63.09951448440552,2026-03-06T13:28:35.288464,119.4,0.0,10.27,14.06,17.62,0.0,1.0,180.23,4.81,0.498,0.497,STRAIGHT,1.5,1.5,"CMD,0.5,1.50",4.0,0.0122,1.872,0.021,1,0.9818,0,NORMAL,66.095,0.694,1,1,1,1,2,93.6,62,4,dijkstra,graph,0.31163,0,,,,,,0,,,,170969,93140,1660
269,63.30736947059631,2026-03-06T13:28:35.496319,120.18,0.0,10.08,14.14,18.39,0.0,0.0,184.82,4.81,0.499,0.498,STRAIGHT,1.5,1.5,"CMD,0.5,1.50",4.0,0.0122,1.872,0.021,1,0.9816,0,NORMAL,65.771,0.707,1,1,1,1,2,93.6,71,4,dijkstra,graph,0.3136,0,,,,,,0,,,,172356,93751,1713
270,63.51833724975586,2026-03-06T13:28:35.707287,119.92,0.0,10.23,17.57,18.82,0.0,1.0,189.32,4.81,0.5,0.499,STRAIGHT,1.5,1.5,"CMD,0.5,1.50",4.0,0.0122,1.872,0.021,1,0.9833,0,NORMAL,65.124,0.695,1,1,1,1,2,93.6,86,3,dijkstra,graph,0.31252,0,,,,,,0,,,,171480,93534,1712
271,63.726932764053345,2026-03-06T13:28:35.915882,121.18,0.0,9.26,15.1,17.58,0.0,0.0,183.7,4.81,0.495,0.499,STRAIGHT,1.5,1.5,"CMD,0.5,1.50",4.0,0.0117,1.918,0.022,1,0.9829,0,NORMAL,64.982,0.697,1,1,1,1,2,95.9,68,3,dijkstra,graph,0.31845,0,,,,,,0,,,,171866,95225,1701
272,63.93245458602905,2026-03-06T13:28:36.121404,121.28,0.0,9.14,14.16,17.54,0.0,0.0,183.15,4.81,0.491,0.495,STRAIGHT,1.5,1.5,"CMD,0.5,1.50",4.0,0.0117,1.918,0.022,1,0.9875,0,NORMAL,64.626,0.68,1,1,1,1,2,95.9,67,3,dijkstra,graph,0.31723,0,,,,,,0,,,,171282,94847,1578
273,64.14495134353638,2026-03-06T13:28:36.333901,122.7,0.0,10.11,15.14,18.98,0.0,0.0,188.18,4.81,0.488,0.491,STRAIGHT,1.5,1.5,"CMD,0.5,1.50",4.0,0.0117,1.918,0.022,1,0.9766,0,NORMAL,63.716,0.702,1,1,1,1,2,95.9,75,4,dijkstra,graph,0.32783,0,,,,,,0,,,,175084,98070,1763
274,64.3519959449768,2026-03-06T13:28:36.540946,120.61,0.0,9.03,13.6,17.71,0.0,0.0,182.82,4.82,0.487,0.488,STRAIGHT,1.5,1.5,"CMD,0.5,1.50",4.0,0.0117,1.918,0.022,1,0.9836,0,NORMAL,63.457,0.719,1,1,1,1,2,95.9,57,3,dijkstra,graph,0.32723,0,,,,,,0,,,,174535,98044,1602
275,64.56679940223694,2026-03-06T13:28:36.755749,124.0,0.0,9.53,17.88,18.04,0.0,0.0,191.76,4.81,0.476,0.487,STRAIGHT,1.5,1.5,"CMD,0.5,1.50",4.0,0.011,1.963,0.021,1,0.9789,0,NORMAL,63.12,0.703,1,1,1,1,2,98.2,90,3,dijkstra,graph,0.33471,0,,,,,,0,,,,177524,100234,1858
276,64.77789330482483,2026-03-06T13:28:36.966843,120.72,0.0,9.97,16.16,19.0,0.0,0.0,186.89,4.81,0.479,0.479,STRAIGHT,1.5,1.5,"CMD,0.5,1.50",4.0,0.0117,1.918,0.022,1,0.9876,0,NORMAL,62.994,0.693,1,1,1,1,2,95.9,83,3,dijkstra,graph,0.33506,0,,,,,,0,,,,177461,100427,1820
277,64.98587083816528,2026-03-06T13:28:37.174820,119.57,0.0,9.81,17.06,17.6,0.0,0.0,184.69,4.81,0.48,0.479,STRAIGHT,1.5,1.5,"CMD,0.5,1.50",4.0,0.0117,1.918,0.022,1,0.9857,0,NORMAL,62.39,0.707,1,1,1,1,2,95.9,86,3,dijkstra,graph,0.33994,0,,,,,,0,,,,178339,101702,1834
278,65.19498085975647,2026-03-06T13:28:37.383930,120.56,0.0,10.31,14.16,18.38,0.0,0.0,186.26,4.81,0.472,0.479,STRAIGHT,1.5,1.5,"CMD,0.5,1.50",4.0,0.011,1.963,0.021,1,0.9846,0,NORMAL,61.892,0.73,1,1,1,1,2,98.2,62,3,dijkstra,graph,0.34318,0,,,,,,0,,,,178796,102794,1724
279,65.40112900733948,2026-03-06T13:28:37.590079,119.9,0.0,11.15,16.17,19.2,0.0,0.0,186.42,4.81,0.476,0.476,STRAIGHT,1.5,1.5,"CMD,0.5,1.50",4.0,0.0117,1.918,0.022,1,0.9865,0,NORMAL,61.235,0.75,1,1,1,1,2,95.9,84,3,dijkstra,graph,0.34581,0,,,,,,0,,,,179996,103589,1870
280,65.62771606445312,2026-03-06T13:28:37.816666,136.98,0.0,10.14,16.05,19.56,0.0,1.0,205.03,4.8,0.478,0.476,STRAIGHT,1.5,1.5,"CMD,0.5,1.50",4.0,0.0117,1.918,0.022,1,0.9862,0,NORMAL,60.34,0.795,1,1,1,1,2,95.9,77,3,dijkstra,graph,0.35155,0,,,,,,0,,,,181351,105235,1832
281,65.84274649620056,2026-03-06T13:28:38.031696,124.02,0.0,10.02,13.94,19.41,0.0,1.0,191.41,4.79,0.471,0.476,STRAIGHT,1.5,1.5,"CMD,0.5,1.50",4.0,0.011,1.963,0.021,1,0.9874,0,NORMAL,60.801,0.757,1,1,1,1,2,98.2,76,3,dijkstra,graph,0.35233,0,,,,,,0,,,,181332,105421,1855
282,66.05660510063171,2026-03-06T13:28:38.245555,121.67,0.0,10.45,17.53,19.25,0.0,0.0,189.8,4.79,0.466,0.471,STRAIGHT,1.5,1.5,"CMD,0.5,1.50",4.0,0.011,1.963,0.021,1,0.9865,0,NORMAL,60.654,0.769,1,1,1,1,2,98.2,79,3,dijkstra,graph,0.35457,0,,,,,,0,,,,181810,106068,1801
283,66.271968126297,2026-03-06T13:28:38.460918,124.38,0.0,10.52,17.51,19.05,0.0,0.0,191.93,4.79,0.462,0.466,STRAIGHT,1.5,1.5,"CMD,0.5,1.50",4.0,0.011,1.963,0.021,1,0.9885,0,NORMAL,60.592,0.841,1,1,1,1,2,98.2,86,3,dijkstra,graph,0.35643,0,,,,,,0,,,,182281,106601,1598
284,66.48681306838989,2026-03-06T13:28:38.675763,124.31,0.0,9.15,16.01,18.86,0.0,0.0,189.23,4.78,0.46,0.462,STRAIGHT,1.5,1.5,"CMD,0.5,1.50",4.0,0.011,1.963,0.021,1,0.9862,0,NORMAL,61.907,0.731,1,1,1,1,2,98.2,76,3,dijkstra,graph,0.35818,0,,,,,,0,,,,182719,107169,1888
285,66.70500302314758,2026-03-06T13:28:38.893953,127.15,0.0,11.03,16.83,18.08,0.0,1.0,195.99,4.78,0.468,0.462,STRAIGHT,1.5,1.5,"CMD,0.5,1.50",4.0,0.0117,1.918,0.022,1,0.9885,0,NORMAL,62.584,0.693,1,1,1,1,2,95.9,85,2,dijkstra,graph,0.35713,0,,,,,,0,,,,182087,106860,1583
286,66.9127106666565,2026-03-06T13:28:39.101660,120.4,0.0,10.02,16.27,18.64,0.0,0.0,185.66,4.77,0.464,0.464,STRAIGHT,1.5,1.5,"CMD,0.5,1.50",4.0,0.011,1.963,0.021,1,0.9845,0,NORMAL,62.316,0.861,1,1,1,1,2,98.2,75,2,dijkstra,graph,0.36351,0,,,,,,0,,,,184482,108805,1555
287,67.12952375411987,2026-03-06T13:28:39.318473,123.95,0.0,10.19,17.05,18.55,0.0,1.0,192.7,4.77,0.47,0.468,STRAIGHT,1.5,1.5,"CMD,0.5,1.50",4.0,0.0117,1.918,0.022,1,0.9841,0,NORMAL,64.32,0.703,1,1,1,1,2,95.9,85,2,dijkstra,graph,0.36293,0,,,,,,0,,,,183176,108598,1595
288,67.34429597854614,2026-03-06T13:28:39.533246,123.2,0.0,9.48,16.55,19.57,0.0,0.0,191.18,4.76,0.475,0.47,STRAIGHT,1.5,1.5,"CMD,0.5,1.50",4.0,0.0117,1.918,0.022,1,0.9853,0,NORMAL,64.412,0.643,1,1,1,1,2,95.9,79,2,dijkstra,graph,0.37097,0,,,,,,0,,,,185114,111013,1620
289,67.5570878982544,2026-03-06T13:28:39.746038,123.28,0.0,10.05,16.66,18.81,0.0,0.0,189.24,4.75,0.484,0.475,STRAIGHT,1.5,1.5,"CMD,0.5,1.50",4.0,0.0122,1.872,0.021,1,0.986,0,NORMAL,65.45,0.658,1,1,1,1,2,93.6,72,2,dijkstra,graph,0.3744,0,,,,,,0,,,,186041,112177,1600
290,67.77104449272156,2026-03-06T13:28:39.959994,121.92,0.0,10.01,15.9,19.07,0.0,1.0,189.87,4.76,0.49,0.484,STRAIGHT,1.5,1.5,"CMD,0.5,1.50",4.0,0.0122,1.872,0.021,1,0.9878,0,NORMAL,64.766,0.643,1,1,1,1,2,93.6,79,3,dijkstra,graph,0.37798,0,,,,,,0,,,,186838,113153,1660
291,67.9759750366211,2026-03-06T13:28:40.164925,119.81,0.0,9.27,14.5,15.93,0.0,0.0,182.14,4.76,0.493,0.49,STRAIGHT,1.5,1.5,"CMD,0.5,1.50",4.0,0.0122,1.872,0.021,1,0.9896,0,NORMAL,64.956,0.635,1,1,1,1,2,93.6,80,2,dijkstra,graph,0.37864,0,,,,,,0,,,,187007,113372,1596
292,68.18556618690491,2026-03-06T13:28:40.374516,124.39,0.0,10.02,15.15,18.02,0.0,0.0,189.82,4.75,0.507,0.493,STRAIGHT,1.5,1.5,"CMD,0.5,1.50",4.0,0.0129,1.826,0.022,1,0.9876,0,NORMAL,66.279,0.551,1,1,1,1,2,91.3,83,2,dijkstra,graph,0.37678,0,,,,,,0,,,,185953,112864,1684
293,68.40077495574951,2026-03-06T13:28:40.589724,120.82,0.0,10.05,18.05,20.91,0.0,0.0,191.09,4.74,0.516,0.507,STRAIGHT,1.5,1.5,"CMD,0.5,1.50",4.0,0.0129,1.826,0.022,1,0.9863,0,NORMAL,65.237,0.581,1,1,1,1,2,91.3,93,2,dijkstra,graph,0.38324,0,,,,,,0,,,,187502,114713,1715
294,68.61679100990295,2026-03-06T13:28:40.805741,124.42,0.0,10.65,16.19,18.12,0.0,0.0,191.37,4.73,0.522,0.516,STRAIGHT,1.5,1.5,"CMD,0.5,1.50",4.0,0.0129,1.826,0.022,1,0.9885,0,NORMAL,65.438,0.593,1,1,1,1,2,91.3,77,3,dijkstra,graph,0.38671,0,,,,,,0,,,,188529,115867,1705
295,68.82657814025879,2026-03-06T13:28:41.015528,117.53,0.0,10.05,18.11,20.72,0.0,0.0,188.41,4.73,0.526,0.522,STRAIGHT,1.5,1.5,"CMD,0.5,1.50",4.0,0.0129,1.826,0.022,1,0.9876,0,NORMAL,66.185,0.514,1,1,1,1,2,91.3,91,2,dijkstra,graph,0.38682,0,,,,,,0,,,,188499,115769,1723
296,69.04048681259155,2026-03-06T13:28:41.229437,120.99,0.0,10.02,16.92,20.51,0.0,0.0,189.95,4.72,0.536,0.526,STRAIGHT,1.5,1.5,"CMD,0.5,1.50",4.0,0.0135,1.781,0.021,1,0.99,0,NORMAL,66.688,0.445,1,1,1,1,2,89.1,88,2,dijkstra,graph,0.38554,0,,,,,,0,,,,187756,115366,1700
297,69.25498795509338,2026-03-06T13:28:41.443938,121.54,0.0,9.97,16.7,19.9,0.0,1.0,191.17,4.71,0.543,0.536,STRAIGHT,1.5,1.5,"CMD,0.5,1.50",4.0,0.0135,1.781,0.021,1,0.9888,0,NORMAL,65.822,0.45,1,1,1,1,2,89.1,86,2,dijkstra,graph,0.38882,0,,,,,,0,,,,188930,116349,1663
298,69.46802639961243,2026-03-06T13:28:41.656976,120.49,0.0,10.53,18.11,19.53,0.0,0.0,189.58,4.71,0.547,0.543,STRAIGHT,1.5,1.5,"CMD,0.5,1.50",4.0,0.0135,1.781,0.021,1,0.9916,0,NORMAL,66.013,0.452,1,1,1,1,2,89.1,90,2,dijkstra,graph,0.38764,0,,,,,,0,,,,188881,116032,1669
299,69.68705439567566,2026-03-06T13:28:41.876004,129.92,0.0,10.71,15.74,16.77,0.0,0.0,195.68,4.7,0.55,0.547,STRAIGHT,1.5,1.5,"CMD,0.5,1.50",4.0,0.0135,1.781,0.021,1,0.9896,0,NORMAL,66.153,0.399,1,1,1,1,2,89.1,85,2,dijkstra,graph,0.39196,0,,,,,,0,,,,189613,117376,1629
300,69.8989782333374,2026-03-06T13:28:42.087928,121.46,0.0,9.52,18.06,18.19,0.0,0.0,189.22,4.7,0.552,0.55,STRAIGHT,1.5,1.5,"CMD,0.6,1.50",4.0,0.0135,1.781,0.021,1,0.9904,0,NORMAL,66.024,0.363,1,1,1,1,2,89.1,86,3,dijkstra,graph,0.392,0,,,,,,0,,,,189776,117306,1840
301,70.10502529144287,2026-03-06T13:28:42.293975,118.78,0.0,10.45,16.72,19.51,0.0,0.0,186.0,4.7,0.553,0.552,STRAIGHT,1.5,1.5,"CMD,0.6,1.50",4.0,0.0135,1.781,0.021,1,0.9882,0,NORMAL,65.775,0.385,1,1,1,1,2,89.1,78,2,dijkstra,graph,0.3955,0,,,,,,0,,,,190033,118442,1619
302,70.3188533782959,2026-03-06T13:28:42.507803,118.8,0.0,11.04,19.2,19.73,0.0,0.0,189.27,4.7,0.554,0.553,STRAIGHT,1.5,1.5,"CMD,0.6,1.50",4.0,0.0135,1.781,0.021,1,0.9881,0,NORMAL,65.007,0.445,1,1,1,1,2,89.1,98,2,dijkstra,graph,0.40196,0,,,,,,0,,,,192045,120360,1648
303,70.52184653282166,2026-03-06T13:28:42.710796,116.9,0.0,10.16,14.51,16.29,0.0,0.0,178.57,4.7,0.555,0.554,STRAIGHT,1.5,1.5,"CMD,0.6,1.50",4.0,0.0135,1.781,0.021,1,0.9862,0,NORMAL,65.009,0.449,1,1,1,1,2,89.1,66,2,dijkstra,graph,0.40335,0,,,,,,0,,,,190980,120875,1472
304,70.73763036727905,2026-03-06T13:28:42.926580,120.83,0.0,10.17,19.07,20.69,0.0,0.0,191.78,4.7,0.555,0.555,STRAIGHT,1.5,1.5,"CMD,0.6,1.50",4.0,0.0135,1.781,0.021,1,0.9855,0,NORMAL,64.743,0.466,1,1,1,1,2,89.1,94,3,dijkstra,graph,0.40775,0,,,,,,0,,,,193252,122056,1693
305,70.949866771698,2026-03-06T13:28:43.138816,119.63,0.0,10.01,19.03,18.2,0.0,0.0,188.09,4.7,0.556,0.555,STRAIGHT,1.5,1.5,"CMD,0.6,1.50",4.0,0.0135,1.781,0.021,1,0.9927,0,NORMAL,64.598,0.505,1,1,1,1,2,89.1,86,2,dijkstra,graph,0.41178,0,,,,,,0,,,,194301,123278,1628
306,71.16285181045532,2026-03-06T13:28:43.351801,121.3,0.0,10.9,19.21,20.06,0.0,0.0,192.91,4.69,0.556,0.556,STRAIGHT,1.5,1.5,"CMD,0.6,1.50",4.0,0.0135,1.781,0.021,1,0.9914,0,NORMAL,64.268,0.521,1,1,1,1,2,89.1,96,3,dijkstra,graph,0.41405,0,,,,,,0,,,,195192,124042,1797
307,71.37817597389221,2026-03-06T13:28:43.567126,120.87,0.0,10.37,18.04,19.07,0.0,1.0,190.14,4.69,0.556,0.556,STRAIGHT,1.5,1.5,"CMD,0.6,1.50",4.0,0.0135,1.781,0.021,1,0.9849,0,NORMAL,63.6,0.565,1,1,1,1,2,89.1,91,2,dijkstra,graph,0.42618,0,,,,,,0,,,,197611,127747,1778
308,71.60095596313477,2026-03-06T13:28:43.789905,128.32,0.0,10.01,18.28,21.29,0.0,0.0,199.95,4.68,0.556,0.556,STRAIGHT,1.5,1.5,"CMD,0.6,1.50",4.0,0.0135,1.781,0.021,1,0.9905,0,NORMAL,63.469,0.569,1,1,1,1,2,89.1,95,2,dijkstra,graph,0.42841,0,,,,,,0,,,,197518,128368,1752
309,71.81105065345764,2026-03-06T13:28:44,119.99,0.0,10.03,18.21,18.04,0.0,0.0,187.98,4.69,0.549,0.556,STRAIGHT,1.5,1.5,"CMD,0.6,1.50",4.0,0.0129,1.826,0.022,1,0.9853,0,NORMAL,63.13,0.593,1,1,1,1,2,91.3,93,2,dijkstra,graph,0.43855,0,,,,,,0,,,,200080,131313,1777
310,72.0376546382904,2026-03-06T13:28:44.226604,120.62,0.0,9.94,28.15,21.03,0.0,0.0,201.75,4.68,0.544,0.549,STRAIGHT,1.5,1.5,"CMD,0.5,1.50",4.0,0.0129,1.826,0.022,1,0.9892,0,NORMAL,63.293,0.541,1,1,1,1,2,91.3,170,3,dijkstra,graph,0.44029,0,,,,,,0,,,,201004,131909,2242
311,72.26784777641296,2026-03-06T13:28:44.456797,120.17,0.0,11.03,29.6,22.34,0.0,0.0,205.02,4.67,0.548,0.548,STRAIGHT,1.5,1.5,"CMD,0.5,1.50",4.0,0.0135,1.781,0.021,1,0.9913,0,NORMAL,63.288,0.48,1,1,1,1,2,89.1,174,4,dijkstra,graph,0.43876,0,,,,,,0,,,,200824,131508,2264
312,72.4839026927948,2026-03-06T13:28:44.672852,121.69,0.0,11.25,17.94,21.06,0.0,0.0,193.54,4.67,0.543,0.544,STRAIGHT,1.5,1.5,"CMD,0.5,1.50",4.0,0.0129,1.826,0.022,1,0.9901,0,NORMAL,63.044,0.464,1,1,1,1,2,91.3,90,2,dijkstra,graph,0.44074,0,,,,,,0,,,,201394,131881,1730
313,72.7051031589508,2026-03-06T13:28:44.894053,121.34,0.0,10.01,21.19,21.18,0.0,0.0,197.52,4.66,0.548,0.548,STRAIGHT,1.5,1.5,"CMD,0.5,1.50",4.0,0.0135,1.781,0.021,1,0.9906,0,NORMAL,62.837,0.451,1,1,1,1,2,89.1,94,2,dijkstra,graph,0.44205,0,,,,,,0,,,,201756,132369,1900
314,72.92601990699768,2026-03-06T13:28:45.114969,121.86,0.0,9.77,19.76,20.58,0.0,0.0,195.75,4.66,0.55,0.548,STRAIGHT,1.5,1.5,"CMD,0.5,1.50",4.0,0.0135,1.781,0.021,1,0.9862,0,NORMAL,62.704,0.443,1,1,1,1,2,89.1,95,2,dijkstra,graph,0.44988,0,,,,,,0,,,,203592,134709,1853
315,73.15867733955383,2026-03-06T13:28:45.347627,123.26,0.0,8.52,28.72,24.37,0.0,0.0,207.78,4.64,0.552,0.55,STRAIGHT,1.5,1.5,"CMD,0.6,1.50",4.0,0.0135,1.781,0.021,1,0.985,0,NORMAL,62.381,0.453,1,1,1,1,2,89.1,150,6,dijkstra,graph,0.45996,0,,,,,,0,,,,205603,137591,2472
316,73.39050579071045,2026-03-06T13:28:45.579455,118.13,0.0,11.02,29.49,23.49,0.0,1.0,205.77,4.63,0.554,0.552,STRAIGHT,1.5,1.5,"CMD,0.6,1.50",4.0,0.0135,1.781,0.021,1,0.9791,0,NORMAL,62.09,0.455,1,1,1,1,2,89.1,171,6,dijkstra,graph,0.47248,0,,,,,,0,,,,208547,141401,2583
317,73.62804698944092,2026-03-06T13:28:45.816997,126.95,0.0,10.02,27.15,24.4,0.0,1.0,212.15,4.61,0.554,0.554,STRAIGHT,1.5,1.5,"CMD,0.6,1.50",4.0,0.0135,1.781,0.021,1,0.9819,0,NORMAL,62.552,0.443,1,1,1,1,2,89.1,160,6,dijkstra,graph,0.48089,0,,,,,,0,,,,210609,143866,2567
318,73.85770440101624,2026-03-06T13:28:46.046654,121.98,0.0,10.02,28.06,23.75,0.0,0.0,204.41,4.6,0.555,0.554,STRAIGHT,1.5,1.5,"CMD,0.6,1.50",4.0,0.0135,1.781,0.021,1,0.9879,0,NORMAL,62.051,0.426,1,1,1,1,2,89.1,152,5,dijkstra,graph,0.47719,0,,,,,,0,,,,210426,142864,2515
319,74.09000825881958,2026-03-06T13:28:46.278958,121.9,0.0,10.52,29.27,24.21,0.0,0.0,206.96,4.59,0.555,0.555,STRAIGHT,1.5,1.5,"CMD,0.6,1.50",4.0,0.0135,1.781,0.021,1,0.9863,0,NORMAL,61.273,0.451,1,1,1,1,2,89.1,171,7,dijkstra,graph,0.48446,0,,,,,,0,,,,212434,144993,2620
320,74.31898880004883,2026-03-06T13:28:46.507938,122.89,0.0,10.11,26.9,23.26,0.0,0.0,203.5,4.57,0.548,0.555,STRAIGHT,1.5,1.5,"CMD,0.6,1.50",4.0,0.0129,1.826,0.022,1,0.9745,0,NORMAL,60.62,0.492,1,1,1,1,2,91.3,148,9,dijkstra,graph,0.50019,0,,,,,,0,,,,217057,149858,2665
321,74.55429196357727,2026-03-06T13:28:46.743241,119.94,0.0,11.28,32.69,25.62,0.0,0.0,209.27,4.55,0.544,0.548,STRAIGHT,1.5,1.5,"CMD,0.5,1.50",4.0,0.0129,1.826,0.022,1,0.9822,0,NORMAL,60.446,0.545,1,1,1,1,2,91.3,171,12,dijkstra,graph,0.50316,0,,,,,,0,,,,219361,150782,2723
322,74.78509020805359,2026-03-06T13:28:46.974040,125.88,0.0,9.52,27.6,24.56,0.0,0.5,208.22,4.54,0.54,0.544,STRAIGHT,1.5,1.5,"CMD,0.5,1.50",4.0,0.0129,1.826,0.022,1,0.9815,0,NORMAL,59.829,0.561,1,1,1,1,2,91.3,156,9,dijkstra,graph,0.51041,0,,,,,,0,,,,222162,152936,2679
323,75.01912951469421,2026-03-06T13:28:47.208079,121.74,0.0,11.11,28.21,26.06,0.0,0.0,208.57,4.53,0.538,0.54,STRAIGHT,1.5,1.5,"CMD,0.5,1.50",4.0,0.0129,1.826,0.022,1,0.9802,0,NORMAL,59.684,0.573,1,1,1,1,2,91.3,172,11,dijkstra,graph,0.51924,0,,,,,,0,,,,225111,155568,3225
324,75.24952411651611,2026-03-06T13:28:47.438474,121.19,0.0,10.86,28.7,24.72,0.0,0.0,205.28,4.52,0.537,0.538,STRAIGHT,1.5,1.5,"CMD,0.5,1.50",4.0,0.0129,1.826,0.022,1,0.9829,0,NORMAL,59.357,0.569,1,1,1,1,2,91.3,162,9,dijkstra,graph,0.51946,0,,,,,,0,,,,225223,155652,2759
325,75.48084712028503,2026-03-06T13:28:47.669797,120.9,0.0,9.84,27.25,24.29,0.0,0.0,204.17,4.5,0.525,0.537,STRAIGHT,1.5,1.5,"CMD,0.5,1.50",4.0,0.0122,1.872,0.021,1,0.9811,0,NORMAL,59.278,0.565,1,1,1,1,2,93.6,151,9,dijkstra,graph,0.52192,0,,,,,,0,,,,226615,156269,2652
326,75.71577954292297,2026-03-06T13:28:47.904729,122.79,0.0,11.02,28.98,24.84,0.0,0.0,209.95,4.49,0.528,0.528,STRAIGHT,1.5,1.5,"CMD,0.5,1.50",4.0,0.0129,1.826,0.022,1,0.9803,0,NORMAL,59.12,0.542,1,1,1,1,2,91.3,160,9,dijkstra,graph,0.51457,0,,,,,,0,,,,224283,154094,2705
327,75.94577836990356,2026-03-06T13:28:48.134728,121.2,0.0,10.5,28.83,24.5,0.0,0.0,206.28,4.48,0.519,0.525,STRAIGHT,1.5,1.5,"CMD,0.5,1.50",4.0,0.0122,1.872,0.021,1,0.9853,0,NORMAL,58.847,0.58,1,1,1,1,2,93.6,151,10,dijkstra,graph,0.51764,0,,,,,,0,,,,225170,155071,2737
328,76.17583894729614,2026-03-06T13:28:48.364789,121.36,0.0,11.52,28.8,20.67,0.0,0.81,203.87,4.47,0.513,0.519,STRAIGHT,1.5,1.5,"CMD,0.5,1.50",4.0,0.0122,1.872,0.021,1,0.9817,0,NORMAL,58.506,0.611,1,1,1,1,2,93.6,157,8,dijkstra,graph,0.52457,0,,,,,,0,,,,226961,157038,2778
329,76.40947008132935,2026-03-06T13:28:48.598420,122.6,0.0,13.02,29.0,24.46,0.0,0.0,208.75,4.45,0.509,0.513,STRAIGHT,1.5,1.5,"CMD,0.5,1.50",4.0,0.0122,1.872,0.021,1,0.9813,0,NORMAL,58.452,0.618,1,1,1,1,2,93.6,164,8,dijkstra,graph,0.52291,0,,,,,,0,,,,226486,156623,2842
330,76.65379905700684,2026-03-06T13:28:48.842749,131.27,0.0,9.33,31.07,25.59,0.0,0.0,219.08,4.43,0.507,0.509,STRAIGHT,1.5,1.5,"CMD,0.5,1.50",4.0,0.0122,1.872,0.021,1,0.9747,0,NORMAL,58.111,0.644,1,1,1,1,2,93.6,183,7,dijkstra,graph,0.5149,0,,,,,,0,,,,223902,154081,2945
331,76.88850545883179,2026-03-06T13:28:49.077455,122.35,0.0,10.53,29.36,24.43,0.0,0.0,208.41,4.41,0.505,0.507,STRAIGHT,1.5,1.5,"CMD,0.5,1.50",4.0,0.0122,1.872,0.021,1,0.9793,0,NORMAL,58.221,0.653,1,1,1,1,2,93.6,158,9,dijkstra,graph,0.51605,0,,,,,,0,,,,224677,154500,2868
332,77.12204957008362,2026-03-06T13:28:49.310999,119.92,0.0,10.53,30.05,25.06,0.0,0.0,207.27,4.39,0.504,0.505,STRAIGHT,1.5,1.5,"CMD,0.5,1.50",4.0,0.0122,1.872,0.021,1,0.9761,0,NORMAL,58.171,0.656,1,1,1,1,2,93.6,165,7,dijkstra,graph,0.51773,0,,,,,,0,,,,225786,155039,2869
333,77.36481380462646,2026-03-06T13:28:49.553763,127.28,0.0,10.53,31.03,26.54,0.0,0.0,216.51,4.38,0.503,0.504,STRAIGHT,1.5,1.5,"CMD,0.5,1.50",4.0,0.0122,1.872,0.021,1,0.9708,0,NORMAL,58.373,0.641,1,1,1,1,2,93.6,184,8,dijkstra,graph,0.5124,0,,,,,,0,,,,223956,153365,3066
334,77.58905148506165,2026-03-06T13:28:49.778001,121.59,0.0,11.05,26.62,20.1,0.0,0.0,200.55,4.37,0.502,0.503,STRAIGHT,1.5,1.5,"CMD,0.5,1.50",4.0,0.0122,1.872,0.021,1,0.9809,0,NORMAL,58.427,0.653,1,1,1,1,2,93.6,168,8,dijkstra,graph,0.51287,0,,,,,,0,,,,225539,153608,2902
335,77.82449769973755,2026-03-06T13:28:50.013447,121.42,0.0,12.04,30.14,25.06,0.0,0.5,208.96,4.35,0.502,0.502,STRAIGHT,1.5,1.5,"CMD,0.5,1.50",4.0,0.0122,1.872,0.021,1,0.9799,0,NORMAL,58.614,0.634,1,1,1,1,2,93.6,158,8,dijkstra,graph,0.51473,0,,,,,,0,,,,227226,154148,2842
336,78.05408096313477,2026-03-06T13:28:50.243031,118.91,0.0,11.09,27.09,24.75,0.0,0.0,202.62,4.34,0.502,0.502,STRAIGHT,1.5,1.5,"CMD,0.5,1.50",4.0,0.0122,1.872,0.021,1,0.9817,0,NORMAL,58.377,0.592,1,1,1,1,2,93.6,146,9,dijkstra,graph,0.51275,0,,,,,,0,,,,228741,153535,2871
337,78.2894778251648,2026-03-06T13:28:50.478427,122.76,0.0,10.52,28.24,25.32,0.0,1.0,209.35,4.34,0.513,0.502,STRAIGHT,1.5,1.5,"CMD,0.5,1.50",4.0,0.0129,1.826,0.022,1,0.9684,0,NORMAL,58.34,0.596,1,1,1,1,2,91.3,161,8,dijkstra,graph,0.51667,0,,,,,,0,,,,234647,154801,3053
338,78.52600312232971,2026-03-06T13:28:50.714953,123.76,0.0,10.06,28.51,25.66,0.0,0.0,210.35,4.32,0.509,0.509,STRAIGHT,1.5,1.5,"CMD,0.5,1.50",4.0,0.0122,1.872,0.021,1,0.9797,0,NORMAL,58.067,0.558,1,1,1,1,2,93.6,160,8,dijkstra,graph,0.51326,0,,,,,,0,,,,231867,153645,2928
339,78.76078295707703,2026-03-06T13:28:50.949733,122.59,0.0,10.86,27.06,26.72,0.0,0.0,208.44,4.31,0.506,0.509,STRAIGHT,1.5,1.5,"CMD,0.5,1.50",4.0,0.0122,1.872,0.021,1,0.9774,0,NORMAL,56.873,0.518,1,1,1,1,2,93.6,146,9,dijkstra,graph,0.51076,0,,,,,,0,,,,229364,153060,2967
340,78.99071049690247,2026-03-06T13:28:51.179660,121.0,0.0,10.54,25.11,24.11,0.0,0.0,203.87,4.31,0.505,0.506,STRAIGHT,1.5,1.5,"CMD,0.5,1.50",4.0,0.0122,1.872,0.021,1,0.9611,0,NORMAL,54.853,0.468,1,1,1,1,2,93.6,149,8,dijkstra,graph,0.51295,0,,,,,,0,,,,236661,153640,2959
341,79.20974659919739,2026-03-06T13:28:51.398696,112.99,0.0,11.02,24.89,24.94,0.0,0.0,195.36,4.31,0.503,0.505,STRAIGHT,1.5,1.5,"CMD,0.5,1.50",4.0,0.0122,1.872,0.021,1,0.9703,0,NORMAL,53.532,0.426,1,1,1,1,2,93.6,127,9,dijkstra,graph,0.50428,0,,,,,,0,,,,234925,151187,2931
342,79.43822836875916,2026-03-06T13:28:51.627178,120.47,0.0,11.13,23.57,24.64,0.0,0.0,201.14,4.31,0.514,0.505,STRAIGHT,1.5,1.5,"CMD,0.5,1.50",4.0,0.0129,1.826,0.022,1,0.9685,0,NORMAL,51.274,0.381,1,1,1,1,2,91.3,113,9,dijkstra,graph,0.4999,0,,,,,,0,,,,235656,149672,2932
343,79.67745089530945,2026-03-06T13:28:51.866400,138.54,0.0,10.52,20.11,23.54,0.0,0.0,214.77,4.3,0.51,0.51,STRAIGHT,1.5,1.5,"CMD,0.5,1.50",4.0,0.0122,1.872,0.021,1,0.9671,0,NORMAL,51.276,0.412,1,1,1,1,2,93.6,114,9,dijkstra,graph,0.50089,0,,,,,,0,,,,239868,149993,2951
344,79.90559411048889,2026-03-06T13:28:52.094544,122.87,0.0,10.01,22.03,25.7,0.0,0.0,202.44,4.3,0.507,0.51,STRAIGHT,1.5,1.5,"CMD,0.5,1.50",4.0,0.0122,1.872,0.021,1,0.9641,0,NORMAL,51.318,0.432,1,1,1,1,2,93.6,113,8,dijkstra,graph,0.4989,0,,,,,,0,,,,238790,149579,2876
345,80.12539029121399,2026-03-06T13:28:52.314340,116.46,0.0,8.64,23.36,24.83,0.0,0.0,194.12,4.31,0.505,0.507,STRAIGHT,1.5,1.5,"CMD,0.5,1.50",4.0,0.0122,1.872,0.021,1,0.952,0,NORMAL,50.784,0.369,1,1,1,1,2,93.6,127,8,dijkstra,graph,0.49382,0,,,,,,0,,,,232754,147942,2859
346,80.34651303291321,2026-03-06T13:28:52.535463,121.18,0.0,9.52,22.27,20.8,0.0,0.69,196.25,4.32,0.504,0.505,STRAIGHT,1.5,1.5,"CMD,0.5,1.50",4.0,0.0122,1.872,0.021,1,0.9704,0,NORMAL,50.562,0.356,1,1,1,1,2,93.6,107,8,dijkstra,graph,0.48764,0,,,,,,0,,,,230735,146174,2706
347,80.56404781341553,2026-03-06T13:28:52.752998,117.09,0.0,11.53,23.81,24.58,0.0,0.0,196.65,4.32,0.503,0.504,STRAIGHT,1.5,1.5,"CMD,0.5,1.50",4.0,0.0122,1.872,0.021,1,0.9623,0,NORMAL,50.781,0.373,1,1,1,1,2,93.6,124,8,dijkstra,graph,0.47857,0,,,,,,0,,,,228953,143319,2903
348,80.78916358947754,2026-03-06T13:28:52.978113,120.04,0.0,10.74,21.48,24.16,0.0,1.0,199.95,4.33,0.502,0.503,STRAIGHT,1.5,1.5,"CMD,0.5,1.50",4.0,0.0122,1.872,0.021,1,0.9591,0,NORMAL,50.901,0.395,1,1,1,1,2,93.6,111,9,dijkstra,graph,0.47027,0,,,,,,0,,,,223789,140794,2822
349,81.0158040523529,2026-03-06T13:28:53.204754,124.32,0.0,10.02,21.63,23.08,0.0,0.0,200.64,4.33,-5.109,0.502,STRAIGHT,1.5,1.5,"CMD,0.5,1.50",2.032,-0.407,1.598,-0.591,1,0.9533,0,NORMAL,51.109,0.433,1,1,1,1,2,92.1,134,10,dijkstra,graph,0.47264,0,,,,,,0,,,,224126,141586,2913
350,81.23866415023804,2026-03-06T13:28:53.427614,121.31,0.0,8.6,20.52,25.67,0.0,0.0,197.13,4.34,-9.598,-5.109,STRAIGHT,1.5,1.5,"CMD,-5.1,1.50",1.717,-0.4667,1.487,-0.6,1,0.9611,0,NORMAL,51.385,0.468,1,1,1,1,2,91.4,109,10,dijkstra,graph,0.468,0,,,,,,0,,,,227807,140155,2805
351,81.4647946357727,2026-03-06T13:28:53.653744,122.51,0.0,10.02,21.07,24.33,0.0,0.0,199.97,4.34,-12.59,-9.598,STRAIGHT,1.5,1.5,"CMD,-9.6,1.50",1.717,-0.4667,1.487,-0.6,1,0.9664,0,NORMAL,51.646,0.455,1,1,1,1,2,93.6,110,8,dijkstra,graph,0.46738,0,,,,,,0,,,,231899,140087,2827
352,81.69760227203369,2026-03-06T13:28:53.886552,130.7,0.0,8.02,20.89,25.61,0.0,0.0,206.25,4.34,-14.584,-12.59,LEFT,1.485,1.498,"CMD,-12.6,1.50",1.717,-0.4667,1.487,-0.6,1,0.9707,0,NORMAL,51.81,0.462,1,1,1,1,2,93.6,109,8,dijkstra,graph,0.46746,0,,,,,,0,,,,229892,140122,2764
353,81.91801834106445,2026-03-06T13:28:54.106968,117.35,0.0,9.79,21.56,24.11,0.0,0.0,195.74,4.35,-15.91,-14.584,LEFT,1.435,1.49,"CMD,-14.6,1.49",1.714,-0.4664,1.486,-0.598,1,0.9699,0,NORMAL,52.18,0.522,1,1,1,1,2,95.9,107,9,dijkstra,graph,0.46413,0,,,,,,0,,,,227467,139043,2581
354,82.13502073287964,2026-03-06T13:28:54.323970,119.02,0.0,10.25,19.62,20.03,0.0,0.0,192.22,4.36,-16.78,-15.91,LEFT,1.402,1.478,"CMD,-15.9,1.48",1.706,-0.4652,1.481,-0.592,1,0.9875,0,NORMAL,52.177,0.594,1,1,1,1,2,95.9,99,7,dijkstra,graph,0.46756,0,,,,,,0,,,,228848,139954,2531
355,82.35570073127747,2026-03-06T13:28:54.544650,119.73,0.0,10.01,19.43,24.49,0.0,0.31,195.52,4.37,-17.349,-16.78,LEFT,1.381,1.463,"CMD,-16.8,1.46",1.701,-0.4644,1.478,-0.587,1,0.9868,0,NORMAL,52.492,0.583,1,1,1,1,2,95.9,89,8,dijkstra,graph,0.46973,0,,,,,,0,,,,230608,140739,2502
356,82.58073735237122,2026-03-06T13:28:54.769687,122.59,0.0,10.56,20.62,24.35,0.0,1.0,201.31,4.37,-17.723,-17.349,LEFT,1.366,1.446,"CMD,-17.3,1.45",1.697,-0.4639,1.476,-0.584,1,0.9836,0,NORMAL,52.472,0.629,1,1,1,1,2,95.9,109,8,dijkstra,graph,0.46475,0,,,,,,0,,,,229866,139168,2707
357,82.80418872833252,2026-03-06T13:28:54.993138,120.17,0.0,10.84,21.05,24.1,0.0,0.0,198.32,4.38,-17.967,-17.723,LEFT,1.357,1.428,"CMD,-17.7,1.43",1.695,-0.4635,1.474,-0.583,1,0.9875,0,NORMAL,52.738,0.653,1,1,1,1,2,95.9,109,7,dijkstra,graph,0.46014,0,,,,,,0,,,,228143,137818,2832
358,83.02400708198547,2026-03-06T13:28:55.212957,117.99,0.0,10.61,21.89,25.04,0.0,0.0,195.93,4.38,-18.128,-17.967,LEFT,1.351,1.41,"CMD,-18.0,1.41",1.693,-0.4633,1.474,-0.581,1,0.9913,0,NORMAL,52.952,0.686,1,1,1,1,2,95.9,108,8,dijkstra,graph,0.46004,0,,,,,,0,,,,227869,137694,2873
359,83.24852108955383,2026-03-06T13:28:55.437471,120.92,0.0,10.09,21.08,25.73,0.0,0.0,199.37,4.4,-11.924,-17.967,LEFT,1.351,1.391,"CMD,-18.0,1.39",2.14,0.0117,1.918,0.022,1,0.9815,0,NORMAL,53.035,0.699,1,1,1,1,2,95.9,102,7,dijkstra,graph,0.45318,0,,,,,,0,,,,224078,135659,2716
360,83.46774864196777,2026-03-06T13:28:55.656698,117.96,0.0,10.43,21.55,23.93,0.0,0.0,193.84,4.41,-7.788,-11.924,STRAIGHT,1.5,1.393,"CMD,-11.9,1.39",4.0,0.0117,1.918,0.022,1,0.9859,0,NORMAL,53.284,0.676,1,1,1,1,2,95.9,110,8,dijkstra,graph,0.44942,0,,,,,,0,,,,221432,134553,2689
361,83.69381213188171,2026-03-06T13:28:55.882762,126.06,0.0,10.11,19.04,24.09,0.0,1.0,199.85,4.41,-5.025,-7.788,STRAIGHT,1.5,1.401,"CMD,-7.8,1.40",4.0,0.0122,1.872,0.021,1,0.9866,0,NORMAL,53.64,0.672,1,1,1,1,2,93.6,100,7,dijkstra,graph,0.44198,0,,,,,,0,,,,218604,132390,2663
362,83.91826558113098,2026-03-06T13:28:56.107215,122.17,0.0,10.13,21.07,23.43,0.0,0.0,199.49,4.42,-3.183,-5.025,STRAIGHT,1.5,1.413,"CMD,-5.0,1.41",4.0,0.0122,1.872,0.021,1,0.9887,0,NORMAL,53.817,0.697,1,1,1,1,2,93.6,108,8,dijkstra,graph,0.43988,0,,,,,,0,,,,216771,131642,2683
363,84.13767695426941,2026-03-06T13:28:56.326627,118.87,0.0,9.21,20.05,24.69,0.0,0.0,195.07,4.43,-1.955,-3.183,STRAIGHT,1.5,1.428,"CMD,-3.2,1.43",4.0,0.0122,1.872,0.021,1,0.9909,0,NORMAL,54.037,0.745,1,1,1,1,2,93.6,96,6,dijkstra,graph,0.43998,0,,,,,,0,,,,215976,131651,2537
364,84.35904884338379,2026-03-06T13:28:56.547998,120.17,0.0,11.03,18.84,24.23,0.0,0.0,196.2,4.44,-1.136,-1.955,STRAIGHT,1.5,1.445,"CMD,-2.0,1.44",4.0,0.0122,1.872,0.021,1,0.9872,0,NORMAL,54.029,0.768,1,1,1,1,2,93.6,88,6,dijkstra,graph,0.43438,0,,,,,,0,,,,213425,129946,2511
365,84.57749271392822,2026-03-06T13:28:56.766442,119.96,0.0,11.5,19.22,25.15,0.0,0.0,196.84,4.44,-0.596,-1.136,STRAIGHT,1.5,1.463,"CMD,-1.1,1.46",4.0,0.0117,1.918,0.022,1,0.9855,0,NORMAL,54.002,0.778,1,1,1,1,2,95.9,99,5,dijkstra,graph,0.4299,0,,,,,,0,,,,210747,128669,2571
366,84.79504179954529,2026-03-06T13:28:56.983991,122.84,0.0,11.02,15.42,22.0,0.0,0.0,193.28,4.46,-0.236,-0.596,STRAIGHT,1.5,1.481,"CMD,-0.6,1.48",4.0,0.0117,1.918,0.022,1,0.9447,0,NORMAL,54.365,0.581,1,1,1,1,2,95.9,59,5,dijkstra,graph,0.44002,0,,,,,,0,,,,206073,131761,2276
367,85.00563836097717,2026-03-06T13:28:57.194588,122.17,0.0,10.02,13.87,19.95,0.0,0.0,186.8,4.48,0.004,-0.236,STRAIGHT,1.5,1.5,"CMD,-0.2,1.50",4.0,0.0117,1.918,0.022,1,0.934,0,NORMAL,54.569,0.494,1,1,1,1,2,95.9,48,4,dijkstra,graph,0.41514,0,,,,,,0,,,,193348,124214,2139
368,85.21707820892334,2026-03-06T13:28:57.406028,120.28,0.0,11.93,12.91,21.33,0.0,0.0,187.21,4.49,0.181,0.004,STRAIGHT,1.5,1.5,"CMD,0.0,1.50",4.0,0.0129,1.826,0.022,1,0.9516,0,NORMAL,53.982,0.556,1,1,1,1,2,91.3,54,3,dijkstra,graph,0.40432,0,,,,,,0,,,,194314,120938,2014
369,85.42689299583435,2026-03-06T13:28:57.615843,120.62,0.0,11.2,10.0,20.0,0.0,0.0,183.77,4.51,0.287,0.181,STRAIGHT,1.5,1.5,"CMD,0.2,1.50",4.0,0.0122,1.872,0.021,1,0.9579,0,NORMAL,53.204,0.596,1,1,1,1,2,93.6,31,3,dijkstra,graph,0.38981,0,,,,,,0,,,,187157,116639,1500
370,85.65464854240417,2026-03-06T13:28:57.843598,136.27,0.0,9.81,15.31,21.22,0.0,0.0,204.08,4.5,0.37,0.287,STRAIGHT,1.5,1.5,"CMD,0.3,1.50",4.0,0.0129,1.826,0.022,1,0.9587,0,NORMAL,52.458,0.586,1,1,1,1,2,91.3,74,3,dijkstra,graph,0.38099,0,,,,,,0,,,,189176,114032,1781
371,85.86479210853577,2026-03-06T13:28:58.053742,119.5,0.0,9.7,14.13,21.06,0.0,0.0,187.09,4.51,0.432,0.37,STRAIGHT,1.5,1.5,"CMD,0.4,1.50",4.0,0.0135,1.781,0.021,1,0.9783,0,NORMAL,51.956,0.612,1,1,1,1,2,89.1,80,3,dijkstra,graph,0.37479,0,,,,,,0,,,,186300,112103,1801
372,86.0727710723877,2026-03-06T13:28:58.261721,120.11,0.0,9.02,14.67,18.81,0.0,0.0,184.84,4.53,0.473,0.432,STRAIGHT,1.5,1.5,"CMD,0.4,1.50",4.0,0.0135,1.781,0.021,1,0.979,0,NORMAL,51.519,0.629,1,1,1,1,2,89.1,62,4,dijkstra,graph,0.37169,0,,,,,,0,,,,186609,111324,1768
373,86.2848334312439,2026-03-06T13:28:58.473783,118.98,0.0,9.28,16.02,21.33,0.0,1.0,188.5,4.55,0.501,0.473,STRAIGHT,1.5,1.5,"CMD,0.5,1.50",4.0,0.0135,1.781,0.021,1,0.9829,0,NORMAL,51.049,0.627,1,1,1,1,2,89.1,84,3,dijkstra,graph,0.37147,0,,,,,,0,,,,188238,111180,1926
374,86.50306510925293,2026-03-06T13:28:58.692015,123.38,0.0,10.81,17.41,20.36,0.0,1.0,194.33,4.55,0.519,0.501,STRAIGHT,1.5,1.5,"CMD,0.5,1.50",4.0,0.0135,1.781,0.021,1,0.9819,0,NORMAL,50.652,0.646,1,1,1,1,2,89.1,86,3,dijkstra,graph,0.36715,0,,,,,,0,,,,185413,109889,1768
375,86.71560621261597,2026-03-06T13:28:58.904556,119.2,0.0,10.18,16.03,20.1,0.0,0.5,187.81,4.55,0.544,0.519,STRAIGHT,1.5,1.5,"CMD,0.5,1.50",4.0,0.0144,1.735,0.022,1,0.9767,0,NORMAL,50.377,0.634,1,1,1,1,2,86.8,69,3,dijkstra,graph,0.35833,0,,,,,,0,,,,184689,107227,1827
376,86.92392206192017,2026-03-06T13:28:59.112872,119.23,0.0,9.02,14.57,20.09,0.0,0.0,184.38,4.56,0.561,0.544,STRAIGHT,1.5,1.5,"CMD,0.5,1.50",4.0,0.0144,1.735,0.022,1,0.9796,0,NORMAL,50.154,0.636,1,1,1,1,2,86.8,63,3,dijkstra,graph,0.35884,0,,,,,,0,,,,184713,107285,1691
377,87.12770557403564,2026-03-06T13:28:59.316655,120.5,0.0,9.35,14.02,16.53,0.0,0.0,182.12,4.58,0.582,0.561,STRAIGHT,1.5,1.5,"CMD,0.6,1.50",4.0,0.0151,1.689,0.022,1,0.9627,0,NORMAL,50.024,0.652,1,1,1,1,2,84.5,77,3,dijkstra,graph,0.34329,0,,,,,,0,,,,178948,102745,1891
378,87.33585524559021,2026-03-06T13:28:59.524805,121.13,0.0,9.07,15.18,19.03,0.0,0.81,186.38,4.59,0.596,0.582,STRAIGHT,1.5,1.5,"CMD,0.6,1.50",4.0,0.0151,1.689,0.022,1,0.9803,0,NORMAL,50.016,0.644,1,1,1,1,2,84.5,66,3,dijkstra,graph,0.33312,0,,,,,,0,,,,176020,99770,1850
379,87.548504114151,2026-03-06T13:28:59.737454,121.38,0.0,10.76,16.04,19.72,0.0,0.0,190.37,4.6,0.605,0.596,STRAIGHT,1.5,1.5,"CMD,0.6,1.50",4.0,0.0151,1.689,0.022,1,0.9822,0,NORMAL,50.137,0.622,1,1,1,1,2,84.5,76,3,dijkstra,graph,0.32837,0,,,,,,0,,,,173385,98239,1808
380,87.75408983230591,2026-03-06T13:28:59.943039,119.28,0.0,10.03,14.25,17.73,0.0,0.0,182.12,4.61,0.611,0.605,STRAIGHT,1.5,1.5,"CMD,0.6,1.50",4.0,0.0151,1.689,0.022,1,0.9775,0,NORMAL,50.374,0.622,1,1,1,1,2,84.5,71,3,dijkstra,graph,0.31872,0,,,,,,0,,,,169681,95278,1600
381,87.9624342918396,2026-03-06T13:29:00.151384,121.34,0.0,10.04,14.22,18.31,0.0,0.0,184.46,4.63,0.615,0.611,STRAIGHT,1.5,1.5,"CMD,0.6,1.50",4.0,0.0151,1.689,0.022,1,0.9878,0,NORMAL,50.749,0.574,1,1,1,1,2,84.5,60,5,dijkstra,graph,0.31566,0,,,,,,0,,,,169781,94500,1641
382,88.1720814704895,2026-03-06T13:29:00.361031,122.05,0.0,9.53,13.95,18.05,0.0,1.0,186.57,4.64,0.618,0.615,STRAIGHT,1.5,1.5,"CMD,0.6,1.50",4.0,0.0151,1.689,0.022,1,0.9793,0,NORMAL,51.235,0.56,1,1,1,1,2,84.5,70,4,dijkstra,graph,0.30787,0,,,,,,0,,,,166449,92056,1614
383,88.37783741950989,2026-03-06T13:29:00.566787,117.71,0.0,9.72,13.79,18.06,0.0,0.0,181.49,4.65,0.62,0.618,STRAIGHT,1.5,1.5,"CMD,0.6,1.50",4.0,0.0151,1.689,0.022,1,0.9871,0,NORMAL,51.75,0.52,1,1,1,1,2,84.5,72,4,dijkstra,graph,0.30434,0,,,,,,0,,,,165400,91147,1579
384,88.59082698822021,2026-03-06T13:29:00.779776,126.77,0.0,10.36,14.03,18.05,0.0,0.0,190.35,4.65,0.621,0.62,STRAIGHT,1.5,1.5,"CMD,0.6,1.50",4.0,0.0151,1.689,0.022,1,0.9874,0,NORMAL,51.996,0.507,1,1,1,1,2,84.5,62,3,dijkstra,graph,0.30277,0,,,,,,0,,,,163780,90623,1593
385,88.79487895965576,2026-03-06T13:29:00.983828,120.84,0.0,10.03,11.04,16.92,0.0,0.0,180.64,4.67,0.622,0.621,STRAIGHT,1.5,1.5,"CMD,0.6,1.50",4.0,0.0151,1.689,0.022,1,0.972,0,NORMAL,52.373,0.487,1,1,1,1,2,84.5,42,2,dijkstra,graph,0.29541,0,,,,,,0,,,,159495,88501,1292
386,88.99874711036682,2026-03-06T13:29:01.187697,117.85,0.0,10.42,14.02,16.17,0.0,0.0,180.33,4.68,0.623,0.622,STRAIGHT,1.5,1.5,"CMD,0.6,1.50",4.0,0.0151,1.689,0.022,1,0.9659,0,NORMAL,52.711,0.495,1,1,1,1,2,84.5,63,3,dijkstra,graph,0.2963,0,,,,,,0,,,,162653,88685,1522
387,89.20292472839355,2026-03-06T13:29:01.391874,121.83,0.0,8.18,14.0,16.2,0.0,0.0,182.1,4.69,0.637,0.623,STRAIGHT,1.5,1.5,"CMD,0.6,1.50",4.0,0.0162,1.644,0.022,1,0.9795,0,NORMAL,53.159,0.454,1,1,1,1,2,82.2,68,4,dijkstra,graph,0.29068,0,,,,,,0,,,,159655,87086,1529
388,89.4030511379242,2026-03-06T13:29:01.592001,117.16,0.0,9.08,14.03,18.22,0.0,0.0,178.77,4.71,0.647,0.637,STRAIGHT,1.5,1.5,"CMD,0.6,1.50",4.0,0.0162,1.644,0.022,1,0.9828,0,NORMAL,53.578,0.46,1,1,1,1,2,82.2,71,3,dijkstra,graph,0.29434,0,,,,,,0,,,,162018,87998,1535
389,89.61695909500122,2026-03-06T13:29:01.805909,128.19,0.0,8.84,14.18,16.81,0.0,0.0,191.47,4.72,0.654,0.647,STRAIGHT,1.5,1.5,"CMD,0.6,1.50",4.0,0.0162,1.644,0.022,1,0.9915,0,NORMAL,53.968,0.506,1,1,1,1,2,82.2,67,3,dijkstra,graph,0.29279,0,,,,,,0,,,,161661,87621,1487
390,89.82440042495728,2026-03-06T13:29:02.013350,120.85,0.0,9.12,15.22,18.22,0.0,0.0,184.67,4.73,0.658,0.654,STRAIGHT,1.5,1.5,"CMD,0.7,1.50",4.0,0.0162,1.644,0.022,1,0.9885,0,NORMAL,54.373,0.53,1,1,1,1,2,82.2,74,3,dijkstra,graph,0.29231,0,,,,,,0,,,,161397,87436,1517
391,90.03310632705688,2026-03-06T13:29:02.222056,122.6,0.0,10.08,14.07,17.97,0.0,0.0,186.0,4.74,0.647,0.654,STRAIGHT,1.5,1.5,"CMD,0.7,1.50",4.0,0.0151,1.689,0.022,1,0.9817,0,NORMAL,54.979,0.538,1,1,1,1,2,84.5,69,4,dijkstra,graph,0.28802,0,,,,,,0,,,,160856,86241,1519
392,90.24115109443665,2026-03-06T13:29:02.430101,121.35,0.0,10.06,15.16,16.35,0.0,0.0,183.42,4.75,0.639,0.647,STRAIGHT,1.5,1.5,"CMD,0.6,1.50",4.0,0.0151,1.689,0.022,1,0.982,0,NORMAL,55.528,0.563,1,1,1,1,2,84.5,67,3,dijkstra,graph,0.28599,0,,,,,,0,,,,159740,85465,1527
393,90.45034718513489,2026-03-06T13:29:02.639297,120.32,0.0,10.68,16.09,18.63,0.0,0.0,187.15,4.76,0.624,0.639,STRAIGHT,1.5,1.5,"CMD,0.6,1.50",4.0,0.0144,1.735,0.022,1,0.9836,0,NORMAL,56.286,0.589,1,1,1,1,2,86.8,81,3,dijkstra,graph,0.2845,0,,,,,,0,,,,159831,85113,1623
394,90.68534660339355,2026-03-06T13:29:02.874296,149.09,0.0,8.01,15.65,17.52,0.0,0.5,211.91,4.75,0.624,0.624,STRAIGHT,1.5,1.5,"CMD,0.6,1.50",4.0,0.0151,1.689,0.022,1,0.9798,0,NORMAL,56.921,0.61,1,1,1,1,2,84.5,75,3,dijkstra,graph,0.28252,0,,,,,,0,,,,158777,84517,1581
395,90.88767194747925,2026-03-06T13:29:03.076622,120.62,0.0,10.2,12.04,16.08,0.0,0.0,180.38,4.76,0.624,0.624,STRAIGHT,1.5,1.5,"CMD,0.6,1.50",4.0,0.0151,1.689,0.022,1,0.9894,0,NORMAL,57.843,0.624,1,1,1,1,2,84.5,70,3,dijkstra,graph,0.28285,0,,,,,,0,,,,158953,84535,1607
396,91.08910870552063,2026-03-06T13:29:03.278058,117.83,0.0,9.51,14.3,18.14,0.0,0.0,181.34,4.77,0.624,0.624,STRAIGHT,1.5,1.5,"CMD,0.6,1.50",4.0,0.0151,1.689,0.022,1,0.9806,0,NORMAL,58.795,0.605,1,1,1,1,2,84.5,73,3,dijkstra,graph,0.27711,0,,,,,,0,,,,156949,82826,1663
397,91.29383063316345,2026-03-06T13:29:03.482780,120.43,0.0,9.01,12.39,16.86,0.0,0.43,182.02,4.77,0.624,0.624,STRAIGHT,1.5,1.5,"CMD,0.6,1.50",4.0,0.0151,1.689,0.022,1,0.9791,0,NORMAL,59.523,0.621,1,1,1,1,2,84.5,55,3,dijkstra,graph,0.27138,0,,,,,,0,,,,155152,81177,1576
398,91.50183725357056,2026-03-06T13:29:03.690787,121.81,0.0,9.12,14.52,17.71,0.0,0.0,185.77,4.77,0.638,0.624,STRAIGHT,1.5,1.5,"CMD,0.6,1.50",4.0,0.0162,1.644,0.022,1,0.9844,0,NORMAL,60.012,0.638,1,1,1,1,2,82.2,77,3,dijkstra,graph,0.26959,0,,,,,,0,,,,154620,80691,1644
399,91.70312142372131,2026-03-06T13:29:03.892071,118.9,0.0,9.18,12.26,14.08,0.0,0.0,176.19,4.79,0.648,0.638,STRAIGHT,1.5,1.5,"CMD,0.6,1.50",4.0,0.0162,1.644,0.022,1,0.9718,0,NORMAL,59.989,0.613,1,1,1,1,1,419.7,64,3,dijkstra,fallback_skeleton,0.27486,0,,,,,,0,,,,155486,82222,1499
400,91.90222501754761,2026-03-06T13:29:04.091175,121.42,0.0,10.48,12.99,14.42,0.0,0.0,179.06,4.8,0.654,0.648,STRAIGHT,1.5,1.5,"CMD,0.6,1.50",4.0,0.0162,1.644,0.022,1,0.9381,0,NORMAL,61.643,0.676,1,1,1,1,1,414.5,62,3,dijkstra,fallback_skeleton,0.25787,0,,,,,,0,,,,147346,77123,1419
401,92.10942792892456,2026-03-06T13:29:04.298378,121.93,0.0,11.03,12.96,16.5,0.0,1.0,183.64,4.8,2.108,0.654,STRAIGHT,1.5,1.5,"CMD,0.7,1.50",2.807,0.1219,2.748,0.474,1,0.9655,0,NORMAL,61.765,0.697,1,1,1,1,1,367.9,62,2,dijkstra,fallback_skeleton,0.26471,0,,,,,,0,,,,152589,79239,1404
402,92.31541681289673,2026-03-06T13:29:04.504366,122.15,0.0,10.44,12.68,17.53,0.0,0.0,184.83,4.81,3.09,2.108,STRAIGHT,1.5,1.5,"CMD,2.1,1.50",2.817,0.1228,2.757,0.481,1,0.983,0,NORMAL,62.941,0.727,1,1,1,1,1,364.0,69,3,dijkstra,fallback_skeleton,0.2612,0,,,,,,0,,,,151514,78150,1655
403,92.525395154953,2026-03-06T13:29:04.714345,121.13,0.0,10.14,14.83,20.97,0.0,0.5,188.67,4.82,3.921,3.09,STRAIGHT,1.5,1.5,"CMD,3.1,1.50",2.673,0.1358,2.607,0.477,1,0.9706,0,NORMAL,62.953,0.748,1,1,1,1,1,372.7,77,3,dijkstra,fallback_skeleton,0.27285,0,,,,,,0,,,,156091,81653,1704
404,92.72923183441162,2026-03-06T13:29:04.918181,121.55,0.0,10.2,13.4,17.83,0.0,0.0,182.93,4.82,4.263,3.921,STRAIGHT,1.5,1.5,"CMD,3.9,1.50",2.876,0.1202,2.817,0.491,1,0.9734,0,NORMAL,64.636,0.818,1,1,1,1,1,367.0,70,4,dijkstra,fallback_skeleton,0.26481,0,,,,,,0,,,,152115,79287,1622
405,92.93515467643738,2026-03-06T13:29:05.124104,120.99,0.0,10.02,12.71,15.77,0.0,1.0,182.69,4.82,4.205,4.205,STRAIGHT,1.5,1.5,"CMD,4.2,1.50",3.138,0.0993,3.089,0.485,1,0.9776,0,NORMAL,65.587,0.836,1,1,1,1,1,360.6,50,3,dijkstra,fallback_skeleton,0.25374,0,,,,,,0,,,,148978,75926,1480
406,93.14057183265686,2026-03-06T13:29:05.329521,123.12,0.0,10.03,13.12,15.69,0.0,0.0,181.99,4.82,3.011,4.205,STRAIGHT,1.5,1.5,"CMD,4.2,1.50",4.0,0.0151,1.689,0.022,1,0.9722,0,NORMAL,65.378,0.893,1,1,1,1,2,84.5,55,2,dijkstra,graph,0.26676,0,,,,,,0,,,,153169,79742,1296
407,93.34421443939209,2026-03-06T13:29:05.533164,118.99,0.0,10.02,12.82,16.94,0.0,0.0,180.24,4.83,2.216,3.011,STRAIGHT,1.5,1.5,"CMD,3.0,1.50",4.0,0.0151,1.689,0.022,1,0.981,0,NORMAL,66.069,0.881,1,1,1,1,2,84.5,61,3,dijkstra,graph,0.26017,0,,,,,,0,,,,152146,77871,1484
408,93.54600548744202,2026-03-06T13:29:05.734955,118.05,0.0,8.68,13.84,16.63,0.0,0.0,179.55,4.84,1.685,2.216,STRAIGHT,1.5,1.5,"CMD,2.2,1.50",4.0,0.0151,1.689,0.022,1,0.9875,0,NORMAL,67.095,0.879,1,1,1,1,2,84.5,62,4,dijkstra,graph,0.2581,0,,,,,,0,,,,150730,77313,1507
409,93.74787831306458,2026-03-06T13:29:05.936828,118.93,0.0,10.02,13.04,14.75,0.0,1.0,178.72,4.84,1.331,1.685,STRAIGHT,1.5,1.5,"CMD,1.7,1.50",4.0,0.0151,1.689,0.022,1,0.9771,0,NORMAL,67.684,0.821,1,1,1,1,2,84.5,53,2,dijkstra,graph,0.2499,0,,,,,,0,,,,147511,74649,1312
410,93.95137095451355,2026-03-06T13:29:06.140321,123.44,0.0,8.7,12.93,13.65,0.0,0.0,181.44,4.84,1.11,1.331,STRAIGHT,1.5,1.5,"CMD,1.3,1.50",4.0,0.0162,1.644,0.022,1,0.9902,0,NORMAL,67.655,0.819,1,1,1,1,2,82.2,55,3,dijkstra,graph,0.25174,0,,,,,,0,,,,148615,75347,1387
411,94.1507351398468,2026-03-06T13:29:06.339685,119.69,0.0,8.02,14.69,16.22,0.0,0.0,180.0,4.85,0.948,1.11,STRAIGHT,1.5,1.5,"CMD,1.1,1.50",4.0,0.0151,1.689,0.022,1,0.9849,0,NORMAL,67.992,0.792,1,1,1,1,2,84.5,67,3,dijkstra,graph,0.25632,0,,,,,,0,,,,150624,76619,1449
412,94.3515088558197,2026-03-06T13:29:06.540458,116.69,0.0,10.02,14.66,16.73,0.0,0.0,178.63,4.85,0.84,0.948,STRAIGHT,1.5,1.5,"CMD,0.9,1.50",4.0,0.0151,1.689,0.022,1,0.9851,0,NORMAL,68.82,0.772,1,1,1,1,2,84.5,66,3,dijkstra,graph,0.2632,0,,,,,,0,,,,151645,78714,1549
413,94.55786037445068,2026-03-06T13:29:06.746810,120.85,0.0,10.96,13.68,16.42,0.0,0.0,183.82,4.86,0.768,0.84,STRAIGHT,1.5,1.5,"CMD,0.8,1.50",4.0,0.0151,1.689,0.022,1,0.9856,0,NORMAL,69.318,0.702,1,1,1,1,2,84.5,62,4,dijkstra,graph,0.25709,0,,,,,,0,,,,150671,76897,1515
414,94.76272869110107,2026-03-06T13:29:06.951678,119.62,0.0,10.03,13.91,17.04,0.0,1.0,182.82,4.86,0.72,0.768,STRAIGHT,1.5,1.5,"CMD,0.8,1.50",4.0,0.0151,1.689,0.022,1,0.9922,0,NORMAL,69.343,0.672,1,1,1,1,2,84.5,69,4,dijkstra,graph,0.25872,0,,,,,,0,,,,150792,77463,1567
415,94.97093653678894,2026-03-06T13:29:07.159886,124.36,0.0,9.13,13.02,17.04,0.0,0.0,186.07,4.86,0.702,0.72,STRAIGHT,1.5,1.5,"CMD,0.7,1.50",4.0,0.0162,1.644,0.022,1,0.9914,0,NORMAL,69.608,0.655,1,1,1,1,2,82.2,60,4,dijkstra,graph,0.25957,0,,,,,,0,,,,151294,77663,1479
416,95.17172288894653,2026-03-06T13:29:07.360673,121.53,0.0,9.71,10.25,16.13,0.0,0.0,177.79,4.86,0.69,0.702,STRAIGHT,1.5,1.5,"CMD,0.7,1.50",4.0,0.0162,1.644,0.022,1,0.9715,0,NORMAL,69.869,0.651,1,1,1,1,2,82.2,39,3,dijkstra,graph,0.25514,0,,,,,,0,,,,147389,76366,1360
417,95.37327313423157,2026-03-06T13:29:07.562223,118.43,0.0,10.18,12.52,16.72,0.0,0.0,178.61,4.86,0.683,0.69,STRAIGHT,1.5,1.5,"CMD,0.7,1.50",4.0,0.0162,1.644,0.022,1,0.9805,0,NORMAL,69.934,0.593,1,1,1,1,2,82.2,53,3,dijkstra,graph,0.25843,0,,,,,,0,,,,150022,77429,1406
418,95.5804374217987,2026-03-06T13:29:07.769387,125.22,0.0,9.24,11.12,16.78,0.0,1.0,185.43,4.86,0.677,0.683,STRAIGHT,1.5,1.5,"CMD,0.7,1.50",4.0,0.0162,1.644,0.022,1,0.9839,0,NORMAL,70.083,0.623,1,1,1,1,2,82.2,55,3,dijkstra,graph,0.26372,0,,,,,,0,,,,150622,78965,1442
419,95.78199911117554,2026-03-06T13:29:07.970949,123.72,0.0,9.52,9.99,16.23,0.0,0.0,179.36,4.87,0.674,0.677,STRAIGHT,1.5,1.5,"CMD,0.7,1.50",4.0,0.0162,1.644,0.022,1,0.9684,0,NORMAL,70.38,0.533,1,1,1,1,2,82.2,34,3,dijkstra,graph,0.25589,0,,,,,,0,,,,146198,76554,1143
420,95.98694157600403,2026-03-06T13:29:08.175891,122.58,0.0,10.07,12.03,17.07,0.0,0.0,182.53,4.87,0.657,0.674,STRAIGHT,1.5,1.5,"CMD,0.7,1.50",4.0,0.0151,1.689,0.022,1,0.9566,0,NORMAL,70.634,0.5,1,1,1,1,2,84.5,47,3,dijkstra,graph,0.26217,0,,,,,,0,,,,152445,78467,1447
421,96.1948459148407,2026-03-06T13:29:08.383796,121.88,0.0,9.01,14.48,16.78,0.0,1.0,185.71,4.87,0.646,0.657,STRAIGHT,1.5,1.5,"CMD,0.7,1.50",4.0,0.0151,1.689,0.022,1,0.972,0,NORMAL,70.711,0.465,1,1,1,1,2,84.5,74,4,dijkstra,graph,0.26488,0,,,,,,0,,,,152487,79290,1555
422,96.40110063552856,2026-03-06T13:29:08.590050,120.13,0.0,10.12,15.05,17.21,0.0,1.0,184.61,4.87,0.639,0.646,STRAIGHT,1.5,1.5,"CMD,0.6,1.50",4.0,0.0151,1.689,0.022,1,0.9729,0,NORMAL,70.711,0.456,1,1,1,1,2,84.5,67,4,dijkstra,graph,0.27128,0,,,,,,0,,,,156535,81149,1669
423,96.61700296401978,2026-03-06T13:29:08.805953,137.65,0.0,8.16,12.06,13.87,0.0,0.0,192.69,4.89,0.634,0.639,STRAIGHT,1.5,1.5,"CMD,0.6,1.50",4.0,0.0151,1.689,0.022,1,0.9838,0,NORMAL,70.711,0.471,1,1,1,1,2,84.5,55,5,dijkstra,graph,0.26816,0,,,,,,0,,,,155057,80334,1568
424,96.81996011734009,2026-03-06T13:29:09.008910,122.41,0.0,9.57,15.11,17.05,0.0,0.0,184.19,4.89,0.621,0.634,STRAIGHT,1.5,1.5,"CMD,0.6,1.50",4.0,0.0144,1.735,0.022,1,0.979,0,NORMAL,70.711,0.446,1,1,1,1,2,86.8,71,2,dijkstra,graph,0.27397,0,,,,,,0,,,,155665,81987,1374
425,97.02734732627869,2026-03-06T13:29:09.216297,121.22,0.0,10.17,14.03,17.55,0.0,0.0,184.28,4.88,0.622,0.622,STRAIGHT,1.5,1.5,"CMD,0.6,1.50",4.0,0.0151,1.689,0.022,1,0.981,0,NORMAL,70.711,0.434,1,1,1,1,2,84.5,64,3,dijkstra,graph,0.27062,0,,,,,,0,,,,153728,81016,1523
426,97.23728609085083,2026-03-06T13:29:09.426236,123.9,0.0,10.02,13.44,17.83,0.0,0.0,187.44,4.88,0.622,0.622,STRAIGHT,1.5,1.5,"CMD,0.6,1.50",4.0,0.0151,1.689,0.022,1,0.9863,0,NORMAL,70.711,0.439,1,1,1,1,2,84.5,58,4,dijkstra,graph,0.268,0,,,,,,0,,,,152385,80154,1514
427,97.44349670410156,2026-03-06T13:29:09.632446,124.38,0.0,10.13,11.47,16.76,0.0,0.0,183.36,4.88,0.623,0.622,STRAIGHT,1.5,1.5,"CMD,0.6,1.50",4.0,0.0151,1.689,0.022,1,0.9884,0,NORMAL,70.711,0.41,1,1,1,1,2,84.5,38,5,dijkstra,graph,0.27002,0,,,,,,0,,,,153475,80724,1480
428,97.6659951210022,2026-03-06T13:29:09.854945,137.18,0.0,10.01,13.23,16.53,0.0,0.9,199.38,4.86,0.623,0.623,STRAIGHT,1.5,1.5,"CMD,0.6,1.50",4.0,0.0151,1.689,0.022,1,0.9835,0,NORMAL,70.711,0.406,1,1,1,1,2,84.5,53,5,dijkstra,graph,0.27236,0,,,,,,0,,,,155421,81562,1539
429,97.87491178512573,2026-03-06T13:29:10.063861,124.92,0.0,9.77,12.67,16.52,0.0,0.0,186.08,4.86,0.623,0.623,STRAIGHT,1.5,1.5,"CMD,0.6,1.50",4.0,0.0151,1.689,0.022,1,0.9856,0,NORMAL,70.711,0.38,1,1,1,1,2,84.5,52,4,dijkstra,graph,0.2757,0,,,,,,0,,,,156847,82524,1418
430,98.08061337471008,2026-03-06T13:29:10.269563,123.41,0.0,10.52,13.27,16.58,0.0,0.0,184.84,4.86,0.614,0.623,STRAIGHT,1.5,1.5,"CMD,0.6,1.50",4.0,0.0144,1.735,0.022,1,0.9774,0,NORMAL,70.711,0.456,1,1,1,1,2,86.8,52,3,dijkstra,graph,0.28283,0,,,,,,0,,,,158729,84591,1356
431,98.29001235961914,2026-03-06T13:29:10.478962,122.91,0.0,9.87,16.04,17.2,0.0,0.0,186.74,4.85,0.607,0.614,STRAIGHT,1.5,1.5,"CMD,0.6,1.50",4.0,0.0144,1.735,0.022,1,0.9836,0,NORMAL,70.711,0.503,1,1,1,1,2,86.8,70,4,dijkstra,graph,0.28405,0,,,,,,0,,,,158606,84951,1509
432,98.49757361412048,2026-03-06T13:29:10.686523,122.36,0.0,10.02,14.25,17.56,0.0,0.0,184.58,4.86,0.59,0.607,STRAIGHT,1.5,1.5,"CMD,0.6,1.50",4.0,0.0135,1.781,0.021,1,0.9812,0,NORMAL,70.711,0.529,1,1,1,1,2,89.1,64,5,dijkstra,graph,0.28853,0,,,,,,0,,,,160701,86223,1705
433,98.70976185798645,2026-03-06T13:29:10.898711,124.72,0.0,9.88,14.63,18.04,0.0,0.0,189.97,4.85,0.579,0.59,STRAIGHT,1.5,1.5,"CMD,0.6,1.50",4.0,0.0135,1.781,0.021,1,0.9763,0,NORMAL,70.711,0.567,1,1,1,1,2,89.1,64,4,dijkstra,graph,0.2895,0,,,,,,0,,,,159977,86565,1596
434,98.91571068763733,2026-03-06T13:29:11.104660,122.17,0.0,10.21,11.58,17.97,0.0,0.0,183.9,4.85,0.571,0.579,STRAIGHT,1.5,1.5,"CMD,0.6,1.50",4.0,0.0135,1.781,0.021,1,0.983,0,NORMAL,70.711,0.604,1,1,1,1,2,89.1,49,5,dijkstra,graph,0.28616,0,,,,,,0,,,,159189,85644,1578
435,99.12073683738708,2026-03-06T13:29:11.309686,120.98,0.0,9.93,13.18,18.55,0.0,0.0,183.97,4.85,0.566,0.571,STRAIGHT,1.5,1.5,"CMD,0.6,1.50",4.0,0.0135,1.781,0.021,1,0.9812,0,NORMAL,70.711,0.686,1,1,1,1,2,89.1,60,5,dijkstra,graph,0.29324,0,,,,,,0,,,,160977,87728,1544
436,99.3278419971466,2026-03-06T13:29:11.516792,119.9,0.0,10.08,14.28,18.07,0.0,0.0,183.15,4.85,0.563,0.566,STRAIGHT,1.5,1.5,"CMD,0.6,1.50",4.0,0.0135,1.781,0.021,1,0.9825,0,NORMAL,70.711,0.655,1,1,1,1,2,89.1,55,5,dijkstra,graph,0.28946,0,,,,,,0,,,,160936,86696,1748
437,99.5338819026947,2026-03-06T13:29:11.722831,121.55,0.0,10.01,13.79,17.42,0.0,0.0,182.81,4.84,0.553,0.563,STRAIGHT,1.5,1.5,"CMD,0.6,1.50",4.0,0.0129,1.826,0.022,1,0.9875,0,NORMAL,70.711,0.682,1,1,1,1,2,91.3,49,6,dijkstra,graph,0.29147,0,,,,,,0,,,,162005,87238,1633
438,99.74301171302795,2026-03-06T13:29:11.931961,124.06,0.0,10.01,13.02,17.59,0.0,0.0,186.13,4.84,0.547,0.553,STRAIGHT,1.5,1.5,"CMD,0.6,1.50",4.0,0.0129,1.826,0.022,1,0.9779,0,NORMAL,70.711,0.701,1,1,1,1,2,91.3,55,4,dijkstra,graph,0.2993,0,,,,,,0,,,,164622,89643,1528
439,99.94484448432922,2026-03-06T13:29:12.133794,118.83,0.0,9.02,14.07,18.81,0.0,0.0,180.78,4.84,0.543,0.547,STRAIGHT,1.5,1.5,"CMD,0.5,1.50",4.0,0.0129,1.826,0.022,1,0.9807,0,NORMAL,70.711,0.818,1,1,1,1,2,91.3,54,5,dijkstra,graph,0.2989,0,,,,,,0,,,,164821,89496,1674
440,100.15051293373108,2026-03-06T13:29:12.339462,118.7,0.0,9.01,13.81,18.24,0.0,0.0,181.12,4.83,0.529,0.543,STRAIGHT,1.5,1.5,"CMD,0.5,1.50",4.0,0.0122,1.872,0.021,1,0.9623,0,NORMAL,70.711,0.821,1,1,1,1,2,93.6,56,4,dijkstra,graph,0.29969,0,,,,,,0,,,,164086,89711,1696
441,100.36150217056274,2026-03-06T13:29:12.550452,125.33,0.0,10.02,13.84,18.67,0.0,0.0,187.66,4.83,0.531,0.531,STRAIGHT,1.5,1.5,"CMD,0.5,1.50",4.0,0.0129,1.826,0.022,1,0.9713,0,NORMAL,70.711,0.813,1,1,1,1,2,91.3,66,5,dijkstra,graph,0.29833,0,,,,,,0,,,,163937,89252,1732
442,100.57267546653748,2026-03-06T13:29:12.761625,121.85,0.0,10.15,15.12,19.05,0.0,0.7,188.79,4.82,0.493,0.529,STRAIGHT,1.5,1.5,"CMD,0.5,1.50",4.0,0.0101,2.055,0.021,1,0.9686,0,NORMAL,70.711,0.83,1,1,1,1,2,102.8,71,4,dijkstra,graph,0.30091,0,,,,,,0,,,,162545,90153,1802
443,100.77694654464722,2026-03-06T13:29:12.965896,120.15,0.0,8.68,12.77,17.86,0.0,1.19,181.19,4.82,0.496,0.496,STRAIGHT,1.5,1.5,"CMD,0.5,1.50",4.0,0.0122,1.872,0.021,1,0.9571,0,NORMAL,70.711,0.815,1,1,1,1,2,93.6,61,3,dijkstra,graph,0.30593,0,,,,,,0,,,,168154,91497,1566
444,100.98384714126587,2026-03-06T13:29:13.172797,118.94,0.0,9.77,15.03,18.55,0.0,0.0,182.44,4.82,0.497,0.496,STRAIGHT,1.5,1.5,"CMD,0.5,1.50",4.0,0.0122,1.872,0.021,1,0.9864,0,NORMAL,70.711,0.81,1,1,1,1,2,93.6,68,4,dijkstra,graph,0.30566,0,,,,,,0,,,,167843,91466,1745
445,101.19150733947754,2026-03-06T13:29:13.380457,120.55,0.0,9.52,13.49,17.15,0.0,2.23,185.64,4.82,0.499,0.497,STRAIGHT,1.5,1.5,"CMD,0.5,1.50",4.0,0.0122,1.872,0.021,1,0.9851,0,NORMAL,70.711,0.745,1,1,1,1,2,93.6,59,4,dijkstra,graph,0.3119,0,,,,,,0,,,,168664,93382,1546
446,101.39932656288147,2026-03-06T13:29:13.588276,119.44,0.0,10.01,14.7,19.22,0.0,0.0,184.25,4.81,0.5,0.499,STRAIGHT,1.5,1.5,"CMD,0.5,1.50",4.0,0.0122,1.872,0.021,1,0.9794,0,NORMAL,70.711,0.718,1,1,1,1,2,93.6,60,5,dijkstra,graph,0.32008,0,,,,,,0,,,,171217,95851,1769
447,101.62204217910767,2026-03-06T13:29:13.810992,132.19,0.0,10.02,15.55,16.38,0.0,3.28,199.67,4.8,0.5,0.5,STRAIGHT,1.5,1.5,"CMD,0.5,1.50",4.0,0.0122,1.872,0.021,1,0.9861,0,NORMAL,70.711,0.755,1,1,1,1,2,93.6,66,7,dijkstra,graph,0.31919,0,,,,,,0,,,,170630,95546,1790
448,101.82979393005371,2026-03-06T13:29:14.018744,120.43,0.0,9.17,14.71,19.06,0.0,1.0,185.37,4.8,0.501,0.5,STRAIGHT,1.5,1.5,"CMD,0.5,1.50",4.0,0.0122,1.872,0.021,1,0.989,0,NORMAL,70.711,0.76,1,1,1,1,2,93.6,65,3,dijkstra,graph,0.3207,0,,,,,,0,,,,171004,96083,1621
449,102.04109168052673,2026-03-06T13:29:14.230041,122.07,0.0,10.02,16.23,19.28,0.0,0.0,188.47,4.79,0.501,0.501,STRAIGHT,1.5,1.5,"CMD,0.5,1.50",4.0,0.0122,1.872,0.021,1,0.9856,0,NORMAL,70.711,0.738,1,1,1,1,2,93.6,70,4,dijkstra,graph,0.31961,0,,,,,,0,,,,170550,95772,1598
450,102.2411277294159,2026-03-06T13:29:14.430077,121.23,0.0,9.02,12.98,19.24,0.0,0.0,181.5,4.8,0.495,0.501,STRAIGHT,1.5,1.5,"CMD,0.5,1.50",4.0,0.0117,1.918,0.022,1,0.9819,0,NORMAL,70.711,0.784,1,1,1,1,2,95.9,54,5,dijkstra,graph,0.32729,0,,,,,,0,,,,172186,97912,1554
451,102.45327711105347,2026-03-06T13:29:14.642227,121.72,0.0,10.35,13.03,19.28,0.0,0.0,187.03,4.79,0.491,0.495,STRAIGHT,1.5,1.5,"CMD,0.5,1.50",4.0,0.0117,1.918,0.022,1,0.9849,0,NORMAL,70.711,0.76,1,1,1,1,2,95.9,57,3,dijkstra,graph,0.32919,0,,,,,,0,,,,172272,98553,1535
452,102.67839503288269,2026-03-06T13:29:14.867345,136.35,0.0,11.25,13.6,18.92,0.0,0.0,202.29,4.78,0.479,0.491,STRAIGHT,1.5,1.5,"CMD,0.5,1.50",4.0,0.011,1.963,0.021,1,0.9825,0,NORMAL,70.711,0.797,1,1,1,1,2,98.2,55,5,dijkstra,graph,0.33246,0,,,,,,0,,,,174162,99484,1628
453,102.8853874206543,2026-03-06T13:29:15.074337,119.85,0.0,10.53,13.52,18.03,0.0,0.0,183.78,4.78,0.471,0.479,STRAIGHT,1.5,1.5,"CMD,0.5,1.50",4.0,0.011,1.963,0.021,1,0.979,0,NORMAL,70.711,0.82,1,1,1,1,2,98.2,58,5,dijkstra,graph,0.33926,0,,,,,,0,,,,176217,101542,1787
454,103.09516739845276,2026-03-06T13:29:15.284117,123.53,0.0,9.02,15.03,19.55,0.0,0.0,187.39,4.78,0.466,0.471,STRAIGHT,1.5,1.5,"CMD,0.5,1.50",4.0,0.011,1.963,0.021,1,0.978,0,NORMAL,70.711,0.766,1,1,1,1,2,98.2,60,4,dijkstra,graph,0.33136,0,,,,,,0,,,,173333,99205,1571
455,103.30597567558289,2026-03-06T13:29:15.494925,121.67,0.0,10.01,13.34,19.25,0.0,0.8,187.24,4.78,0.463,0.466,STRAIGHT,1.5,1.5,"CMD,0.5,1.50",4.0,0.011,1.963,0.021,1,0.9866,0,NORMAL,70.711,0.777,1,1,1,1,2,98.2,55,4,dijkstra,graph,0.33271,0,,,,,,0,,,,173771,99657,1577
456,103.51899719238281,2026-03-06T13:29:15.707947,125.6,0.0,9.93,13.26,20.05,0.0,0.0,188.33,4.77,0.46,0.463,STRAIGHT,1.5,1.5,"CMD,0.5,1.50",4.0,0.011,1.963,0.021,1,0.9862,0,NORMAL,70.711,0.763,1,1,1,1,2,98.2,57,5,dijkstra,graph,0.33479,0,,,,,,0,,,,173959,100303,1614
457,103.73237919807434,2026-03-06T13:29:15.921329,125.66,0.0,10.19,13.69,19.63,0.0,0.0,190.74,4.78,0.459,0.46,STRAIGHT,1.5,1.5,"CMD,0.5,1.50",4.0,0.011,1.963,0.021,1,0.9885,0,NORMAL,70.711,0.76,1,1,1,1,2,98.2,66,4,dijkstra,graph,0.33603,0,,,,,,0,,,,173517,100687,1599
458,103.94252109527588,2026-03-06T13:29:16.131471,120.28,0.0,10.02,13.36,19.2,0.0,0.0,184.44,4.78,0.458,0.459,STRAIGHT,1.5,1.5,"CMD,0.5,1.50",4.0,0.011,1.963,0.021,1,0.9867,0,NORMAL,70.427,0.779,1,1,1,1,2,98.2,60,2,dijkstra,graph,0.33713,0,,,,,,0,,,,173400,100910,1631
459,104.1484887599945,2026-03-06T13:29:16.337438,118.26,0.0,9.02,15.58,19.73,0.0,0.0,183.12,4.78,0.452,0.458,STRAIGHT,1.5,1.5,"CMD,0.5,1.50",4.0,0.0107,2.009,0.022,1,0.9897,0,NORMAL,70.524,0.79,1,1,1,1,2,100.5,65,2,dijkstra,graph,0.33917,0,,,,,,0,,,,174368,101623,1639
460,104.36499619483948,2026-03-06T13:29:16.553946,121.76,0.0,10.2,16.02,20.65,0.0,0.0,190.48,4.77,0.449,0.452,STRAIGHT,1.5,1.5,"CMD,0.5,1.50",4.0,0.0107,2.009,0.022,1,0.9843,0,NORMAL,70.361,0.754,1,1,1,1,2,100.5,73,5,dijkstra,graph,0.34709,0,,,,,,0,,,,176462,103940,1757
461,104.58270406723022,2026-03-06T13:29:16.771654,123.93,0.0,10.22,15.86,20.19,0.0,0.0,192.51,4.77,0.446,0.449,STRAIGHT,1.5,1.5,"CMD,0.4,1.50",4.0,0.0107,2.009,0.022,1,0.9805,0,NORMAL,70.131,0.739,1,1,1,1,2,100.5,75,3,dijkstra,graph,0.35252,0,,,,,,0,,,,176515,105593,1897
462,104.79489517211914,2026-03-06T13:29:16.983845,124.27,0.0,9.54,15.2,19.73,0.0,0.0,189.77,4.77,0.445,0.446,STRAIGHT,1.5,1.5,"CMD,0.4,1.50",4.0,0.0107,2.009,0.022,1,0.987,0,NORMAL,69.894,0.693,1,1,1,1,2,100.5,68,3,dijkstra,graph,0.35326,0,,,,,,0,,,,177337,105784,1754
463,105.01215839385986,2026-03-06T13:29:17.201108,127.39,0.0,10.63,13.24,20.04,0.0,0.0,192.2,4.76,0.435,0.445,STRAIGHT,1.5,1.5,"CMD,0.4,1.50",4.0,0.0101,2.055,0.021,1,0.9691,0,NORMAL,68.516,0.708,1,1,1,1,2,102.8,54,4,dijkstra,graph,0.36271,0,,,,,,0,,,,177389,108601,1723
464,105.22790694236755,2026-03-06T13:29:17.416857,121.41,0.0,10.02,17.04,22.22,0.0,0.0,192.1,4.75,0.429,0.435,STRAIGHT,1.5,1.5,"CMD,0.4,1.50",4.0,0.0101,2.055,0.021,1,0.9679,0,NORMAL,67.74,0.915,1,1,1,1,2,102.8,86,3,dijkstra,graph,0.37632,0,,,,,,0,,,,181602,112714,2106
465,105.4398832321167,2026-03-06T13:29:17.628833,119.73,0.0,9.01,15.04,22.19,0.0,0.0,187.36,4.74,0.425,0.429,STRAIGHT,1.5,1.5,"CMD,0.4,1.50",4.0,0.0101,2.055,0.021,1,0.9855,0,NORMAL,66.981,0.905,1,1,1,1,2,102.8,55,7,dijkstra,graph,0.37876,0,,,,,,0,,,,183286,113344,2026
466,105.675452709198,2026-03-06T13:29:17.864402,139.06,0.0,10.01,16.28,22.81,0.0,0.5,210.01,4.72,0.415,0.425,STRAIGHT,1.5,1.5,"CMD,0.4,1.50",4.0,0.0096,2.1,0.021,1,0.9811,0,NORMAL,66.181,0.868,1,1,1,1,2,105.0,76,5,dijkstra,graph,0.38806,0,,,,,,0,,,,186230,116209,2138
467,105.88245272636414,2026-03-06T13:29:18.071402,117.7,0.0,9.77,15.73,21.03,0.0,0.0,183.46,4.72,0.409,0.415,STRAIGHT,1.5,1.5,"CMD,0.4,1.50",4.0,0.0096,2.1,0.021,1,0.982,0,NORMAL,65.962,0.814,1,1,1,1,2,105.0,66,6,dijkstra,graph,0.39731,0,,,,,,0,,,,189058,118865,1955
468,106.09731435775757,2026-03-06T13:29:18.286264,120.0,0.0,10.69,16.52,21.47,0.0,0.0,190.74,4.71,0.404,0.409,STRAIGHT,1.5,1.5,"CMD,0.4,1.50",4.0,0.0096,2.1,0.021,1,0.9834,0,NORMAL,66.349,0.737,1,1,1,1,2,105.0,72,5,dijkstra,graph,0.39217,0,,,,,,0,,,,187572,117325,2250
469,106.30793166160583,2026-03-06T13:29:18.496881,120.47,0.0,10.07,16.55,20.2,0.0,0.0,188.55,4.71,0.401,0.404,STRAIGHT,1.5,1.5,"CMD,0.4,1.50",4.0,0.0096,2.1,0.021,1,0.9801,0,NORMAL,66.07,0.71,1,1,1,1,2,105.0,80,3,dijkstra,graph,0.40068,0,,,,,,0,,,,190454,119971,2029
470,106.52189588546753,2026-03-06T13:29:18.710845,123.08,0.0,10.02,15.94,22.15,0.0,0.0,192.92,4.71,0.399,0.401,STRAIGHT,1.5,1.5,"CMD,0.4,1.50",4.0,0.0096,2.1,0.021,1,0.9797,0,NORMAL,65.56,0.697,1,1,1,1,2,105.0,74,4,dijkstra,graph,0.39942,0,,,,,,0,,,,190932,119620,2239
471,106.73815584182739,2026-03-06T13:29:18.927105,121.43,0.0,9.85,16.71,22.53,0.0,0.0,192.47,4.7,0.398,0.399,STRAIGHT,1.5,1.5,"CMD,0.4,1.50",4.0,0.0096,2.1,0.021,1,0.9861,0,NORMAL,65.765,0.656,1,1,1,1,2,105.0,83,5,dijkstra,graph,0.39729,0,,,,,,0,,,,189633,119016,2289
472,106.95247459411621,2026-03-06T13:29:19.141424,119.82,0.0,10.03,18.55,20.77,0.0,0.0,190.57,4.7,0.393,0.398,STRAIGHT,1.5,1.5,"CMD,0.4,1.50",4.0,0.0093,2.146,0.021,1,0.9618,0,NORMAL,64.406,0.713,1,1,1,1,2,107.3,93,6,dijkstra,graph,0.41219,0,,,,,,0,,,,193812,123292,2205
473,107.16552066802979,2026-03-06T13:29:19.354470,121.23,0.0,10.01,13.51,26.68,0.0,0.0,193.02,4.69,0.384,0.393,STRAIGHT,1.5,1.5,"CMD,0.4,1.50",4.0,0.0089,2.192,0.021,1,0.9843,0,NORMAL,63.803,0.852,1,1,1,1,2,109.6,82,7,dijkstra,graph,0.41488,0,,,,,,0,,,,193587,124011,2144
474,107.37693572044373,2026-03-06T13:29:19.565885,119.55,0.0,10.29,15.71,21.75,0.0,0.0,188.5,4.69,0.378,0.384,STRAIGHT,1.5,1.5,"CMD,0.4,1.50",4.0,0.0089,2.192,0.021,1,0.9789,0,NORMAL,63.687,0.91,1,1,1,1,2,109.6,69,5,dijkstra,graph,0.40919,0,,,,,,0,,,,193428,122267,2021
475,107.60270977020264,2026-03-06T13:29:19.791659,129.51,0.0,10.14,17.05,22.53,0.0,0.0,200.54,4.67,0.374,0.378,STRAIGHT,1.5,1.5,"CMD,0.4,1.50",4.0,0.0089,2.192,0.021,1,0.9775,0,NORMAL,63.113,0.919,1,1,1,1,2,109.6,78,6,dijkstra,graph,0.4205,0,,,,,,0,,,,196321,125798,2176
476,107.8163731098175,2026-03-06T13:29:20.005323,120.93,0.0,10.83,15.91,19.26,0.0,0.0,188.53,4.68,0.371,0.374,STRAIGHT,1.5,1.5,"CMD,0.4,1.50",4.0,0.0089,2.192,0.021,1,0.9886,0,NORMAL,63.288,0.928,1,1,1,1,2,109.6,83,7,dijkstra,graph,0.42151,0,,,,,,0,,,,196778,126058,2332
477,108.03510117530823,2026-03-06T13:29:20.224051,121.45,0.0,7.13,17.18,23.56,0.0,0.5,194.02,4.67,0.369,0.371,STRAIGHT,1.5,1.5,"CMD,0.4,1.50",4.0,0.0089,2.192,0.021,1,0.978,0,NORMAL,63.411,0.923,1,1,1,1,2,109.6,89,8,dijkstra,graph,0.42079,0,,,,,,0,,,,195625,125816,2211
478,108.24756574630737,2026-03-06T13:29:20.436515,119.23,0.0,10.1,17.76,21.9,0.0,0.0,188.72,4.67,0.368,0.369,STRAIGHT,1.5,1.5,"CMD,0.4,1.50",4.0,0.0089,2.192,0.021,1,0.9781,0,NORMAL,63.61,0.911,1,1,1,1,2,109.6,78,6,dijkstra,graph,0.42374,0,,,,,,0,,,,198134,126685,2093
479,108.46670246124268,2026-03-06T13:29:20.655652,122.57,0.0,10.01,18.51,21.55,0.0,0.0,193.86,4.66,0.364,0.368,STRAIGHT,1.5,1.5,"CMD,0.4,1.50",4.0,0.0086,2.237,0.022,1,0.9861,0,NORMAL,63.117,0.948,1,1,1,1,2,111.9,88,4,dijkstra,graph,0.42878,0,,,,,,0,,,,199855,128067,2151
480,108.69486713409424,2026-03-06T13:29:20.883817,131.42,0.0,9.51,17.77,22.96,0.0,0.0,203.96,4.65,0.361,0.364,STRAIGHT,1.5,1.5,"CMD,0.4,1.50",4.0,0.0086,2.237,0.022,1,0.9827,0,NORMAL,63.192,0.924,1,1,1,1,2,111.9,80,7,dijkstra,graph,0.42252,0,,,,,,0,,,,198097,126358,2210
481,108.91208600997925,2026-03-06T13:29:21.101036,120.54,0.0,10.01,16.6,23.11,0.0,0.0,192.31,4.65,0.354,0.361,STRAIGHT,1.5,1.5,"CMD,0.4,1.50",4.0,0.0082,2.283,0.021,1,0.9699,0,NORMAL,62.659,0.967,1,1,1,1,2,114.2,72,7,dijkstra,graph,0.43754,0,,,,,,0,,,,203489,130901,2278
482,109.13282489776611,2026-03-06T13:29:21.321774,120.9,0.0,10.02,20.63,23.24,0.0,0.0,195.67,4.64,0.355,0.355,STRAIGHT,1.5,1.5,"CMD,0.4,1.50",4.0,0.0086,2.237,0.022,1,0.9824,0,NORMAL,63.495,0.924,1,1,1,1,2,111.9,100,6,dijkstra,graph,0.4381,0,,,,,,0,,,,203224,131058,2426
483,109.3476288318634,2026-03-06T13:29:21.536578,118.94,0.0,9.52,18.95,22.66,0.0,0.0,191.06,4.64,0.35,0.354,STRAIGHT,1.5,1.5,"CMD,0.4,1.50",4.0,0.0082,2.283,0.021,1,0.9812,0,NORMAL,62.717,0.977,1,1,1,1,2,114.2,91,7,dijkstra,graph,0.44579,0,,,,,,0,,,,205912,133353,2360
484,109.56880593299866,2026-03-06T13:29:21.757755,122.72,0.0,11.03,17.69,23.25,0.0,0.0,195.63,4.63,0.346,0.35,STRAIGHT,1.5,1.5,"CMD,0.3,1.50",4.0,0.0082,2.283,0.021,1,0.9796,0,NORMAL,63.532,0.959,1,1,1,1,2,114.2,82,7,dijkstra,graph,0.44349,0,,,,,,0,,,,203786,132539,2293
485,109.78712582588196,2026-03-06T13:29:21.976075,120.77,0.0,10.54,17.34,21.38,0.0,0.0,191.88,4.63,0.341,0.346,STRAIGHT,1.5,1.5,"CMD,0.3,1.50",4.0,0.008,2.329,0.022,1,0.9793,0,NORMAL,63.017,0.943,1,1,1,1,2,116.5,88,5,dijkstra,graph,0.44019,0,,,,,,0,,,,204754,131724,2210
486,109.99572086334229,2026-03-06T13:29:22.184671,117.87,0.0,10.52,17.06,19.5,0.0,0.0,186.37,4.63,0.333,0.341,STRAIGHT,1.5,1.5,"CMD,0.3,1.50",4.0,0.0077,2.374,0.022,1,0.965,0,NORMAL,63.004,1.093,1,1,1,1,2,118.7,98,5,dijkstra,graph,0.46236,0,,,,,,0,,,,210334,138283,2414
487,110.21406030654907,2026-03-06T13:29:22.403010,119.28,0.0,10.02,19.21,23.05,0.0,0.0,191.75,4.62,0.325,0.333,STRAIGHT,1.5,1.5,"CMD,0.3,1.50",4.0,0.0075,2.42,0.022,1,0.9678,0,NORMAL,63.99,0.992,1,1,1,1,2,121.0,94,5,dijkstra,graph,0.46188,0,,,,,,0,,,,210440,138107,2517
488,110.43210077285767,2026-03-06T13:29:22.621051,116.54,0.0,9.58,21.19,23.05,0.0,0.0,192.18,4.62,0.315,0.325,STRAIGHT,1.5,1.5,"CMD,0.3,1.50",4.0,0.0072,2.466,0.022,1,0.9644,0,NORMAL,64.104,0.996,1,1,1,1,2,123.3,101,5,dijkstra,graph,0.447,0,,,,,,0,,,,204582,133631,2484
489,110.66258478164673,2026-03-06T13:29:22.851534,131.58,0.0,10.03,18.64,23.8,0.0,0.0,205.87,4.6,0.313,0.315,STRAIGHT,1.5,1.5,"CMD,0.3,1.50",4.0,0.0075,2.42,0.022,1,0.9724,0,NORMAL,64.422,0.965,1,1,1,1,2,121.0,95,5,dijkstra,graph,0.45386,0,,,,,,0,,,,208346,135750,2472
490,110.88180351257324,2026-03-06T13:29:23.070753,122.97,0.0,10.21,16.78,23.04,0.0,0.0,194.18,4.6,0.314,0.314,STRAIGHT,1.5,1.5,"CMD,0.3,1.50",4.0,0.0077,2.374,0.022,1,0.9627,0,NORMAL,64.597,0.839,1,1,1,1,2,118.7,71,6,dijkstra,graph,0.44781,0,,,,,,0,,,,202370,134006,2410
491,111.10174250602722,2026-03-06T13:29:23.290692,121.95,0.0,10.54,17.14,23.74,0.0,0.0,195.79,4.6,0.315,0.314,STRAIGHT,1.5,1.5,"CMD,0.3,1.50",4.0,0.0077,2.374,0.022,1,0.9762,0,NORMAL,64.715,0.83,1,1,1,1,2,118.7,81,5,dijkstra,graph,0.44634,0,,,,,,0,,,,203863,133536,2444
492,111.31780791282654,2026-03-06T13:29:23.506757,118.0,0.0,10.25,17.46,23.95,0.0,0.0,191.0,4.6,0.32,0.315,STRAIGHT,1.5,1.5,"CMD,0.3,1.50",4.0,0.008,2.329,0.022,1,0.9848,0,NORMAL,64.919,0.784,1,1,1,1,2,116.5,90,5,dijkstra,graph,0.44921,0,,,,,,0,,,,204750,134308,2466
493,111.53252863883972,2026-03-06T13:29:23.721478,120.02,0.0,9.94,17.6,19.87,0.0,0.0,189.48,4.6,0.324,0.32,STRAIGHT,1.5,1.5,"CMD,0.3,1.50",4.0,0.008,2.329,0.022,1,0.9865,0,NORMAL,65.417,0.725,1,1,1,1,2,116.5,90,6,dijkstra,graph,0.44707,0,,,,,,0,,,,203815,133772,2566
494,111.75101017951965,2026-03-06T13:29:23.939960,120.08,0.0,11.02,18.29,22.22,0.0,0.0,192.48,4.6,0.329,0.324,STRAIGHT,1.5,1.5,"CMD,0.3,1.50",4.0,0.0082,2.283,0.021,1,0.9869,0,NORMAL,65.954,0.695,1,1,1,1,2,114.2,80,6,dijkstra,graph,0.44601,0,,,,,,0,,,,203005,133417,2275
495,111.96851468086243,2026-03-06T13:29:24.157464,120.9,0.0,11.02,17.05,22.68,0.0,0.0,192.92,4.61,0.332,0.329,STRAIGHT,1.5,1.5,"CMD,0.3,1.50",4.0,0.0082,2.283,0.021,1,0.9904,0,NORMAL,65.687,0.691,1,1,1,1,2,114.2,81,5,dijkstra,graph,0.45064,0,,,,,,0,,,,203580,134742,2328
496,112.18886470794678,2026-03-06T13:29:24.377814,123.71,0.0,10.13,15.41,22.02,0.0,1.07,194.4,4.6,0.335,0.332,STRAIGHT,1.5,1.5,"CMD,0.3,1.50",4.0,0.0082,2.283,0.021,1,0.99,0,NORMAL,66.292,0.631,1,1,1,1,2,114.2,79,6,dijkstra,graph,0.44955,0,,,,,,0,,,,203046,134412,2519
497,112.40710830688477,2026-03-06T13:29:24.596058,120.76,0.0,10.02,17.97,23.32,0.0,0.0,193.14,4.6,0.336,0.335,STRAIGHT,1.5,1.5,"CMD,0.3,1.50",4.0,0.0082,2.283,0.021,1,0.9906,0,NORMAL,66.178,0.582,1,1,1,1,2,114.2,82,6,dijkstra,graph,0.4525,0,,,,,,0,,,,203787,135430,2395
498,112.63824772834778,2026-03-06T13:29:24.827197,131.47,0.0,10.17,20.43,22.07,0.0,0.0,206.56,4.58,0.337,0.336,STRAIGHT,1.5,1.5,"CMD,0.3,1.50",4.0,0.0082,2.283,0.021,1,0.9863,0,NORMAL,66.826,0.513,1,1,1,1,2,114.2,99,5,dijkstra,graph,0.45273,0,,,,,,0,,,,203890,135499,2306
499,112.85875225067139,2026-03-06T13:29:25.047702,121.64,0.0,10.52,18.74,23.82,0.0,0.0,196.12,4.58,0.338,0.337,STRAIGHT,1.5,1.5,"CMD,0.3,1.50",4.0,0.0082,2.283,0.021,1,0.9872,0,NORMAL,67.119,0.461,1,1,1,1,2,114.2,90,7,dijkstra,graph,0.4543,0,,,,,,0,,,,203515,135936,2498
500,113.07800555229187,2026-03-06T13:29:25.266955,120.87,0.0,10.53,18.63,22.55,0.0,0.0,193.14,4.57,0.338,0.338,STRAIGHT,1.5,1.5,"CMD,0.3,1.50",4.0,0.0082,2.283,0.021,1,0.9871,0,NORMAL,67.746,0.408,1,1,1,1,2,114.2,94,6,dijkstra,graph,0.45182,0,,,,,,0,,,,202693,135199,2540
501,113.29539704322815,2026-03-06T13:29:25.484347,119.66,0.0,10.11,19.55,23.2,0.0,0.0,191.96,4.57,0.339,0.338,STRAIGHT,1.5,1.5,"CMD,0.3,1.50",4.0,0.0082,2.283,0.021,1,0.9743,0,NORMAL,66.918,0.428,1,1,1,1,2,114.2,88,6,dijkstra,graph,0.46816,0,,,,,,0,,,,207394,139933,2433
502,113.51638174057007,2026-03-06T13:29:25.705331,123.88,0.0,11.02,17.88,23.59,0.0,0.0,197.83,4.57,0.339,0.339,STRAIGHT,1.5,1.5,"CMD,0.3,1.50",4.0,0.0082,2.283,0.021,1,0.9871,0,NORMAL,68.157,0.378,1,1,1,1,2,114.2,86,5,dijkstra,graph,0.46589,0,,,,,,0,,,,205720,139171,2410
503,113.73570680618286,2026-03-06T13:29:25.924656,120.83,0.0,10.18,18.63,22.9,0.0,0.0,193.58,4.56,0.339,0.339,STRAIGHT,1.5,1.5,"CMD,0.3,1.50",4.0,0.0082,2.283,0.021,1,0.9894,0,NORMAL,68.535,0.362,1,1,1,1,2,114.2,88,5,dijkstra,graph,0.46415,0,,,,,,0,,,,205126,138759,2241
504,113.95644164085388,2026-03-06T13:29:26.145391,121.14,0.0,11.02,19.04,21.36,0.0,0.0,194.8,4.56,0.345,0.339,STRAIGHT,1.5,1.5,"CMD,0.3,1.50",4.0,0.0086,2.237,0.022,1,0.9759,0,NORMAL,69.799,0.257,1,1,1,1,2,111.9,89,5,dijkstra,graph,0.44754,0,,,,,,0,,,,200741,133936,2326
505,114.17269039154053,2026-03-06T13:29:26.361640,124.47,0.0,9.02,19.48,22.34,0.0,0.0,195.22,4.56,0.343,0.343,STRAIGHT,1.5,1.5,"CMD,0.3,1.50",4.0,0.0082,2.283,0.021,1,0.9841,0,NORMAL,69.255,0.262,1,1,1,1,2,114.2,92,5,dijkstra,graph,0.45698,0,,,,,,0,,,,203472,136655,2388
506,114.39084339141846,2026-03-06T13:29:26.579793,118.53,0.0,9.58,19.39,22.71,0.0,0.0,190.89,4.56,0.342,0.343,STRAIGHT,1.5,1.5,"CMD,0.3,1.50",4.0,0.0082,2.283,0.021,1,0.9875,0,NORMAL,69.677,0.252,1,1,1,1,2,114.2,98,5,dijkstra,graph,0.45705,0,,,,,,0,,,,202606,136711,2375
507,114.61387825012207,2026-03-06T13:29:26.802828,129.8,0.0,11.02,18.38,19.04,0.0,0.0,198.11,4.56,0.341,0.342,STRAIGHT,1.5,1.5,"CMD,0.3,1.50",4.0,0.0082,2.283,0.021,1,0.9867,0,NORMAL,69.445,0.22,1,1,1,1,2,114.2,95,5,dijkstra,graph,0.45198,0,,,,,,0,,,,202452,135146,2374
508,114.83008456230164,2026-03-06T13:29:27.019034,118.17,0.0,10.18,18.67,23.33,0.0,0.0,192.09,4.56,0.338,0.341,STRAIGHT,1.5,1.5,"CMD,0.3,1.50",4.0,0.008,2.329,0.022,1,0.9793,0,NORMAL,68.435,0.305,1,1,1,1,2,116.5,82,6,dijkstra,graph,0.46424,0,,,,,,0,,,,205334,138770,2357
509,115.0438244342804,2026-03-06T13:29:27.232774,119.01,0.0,10.23,17.24,21.0,0.0,0.0,188.43,4.57,0.335,0.338,STRAIGHT,1.5,1.5,"CMD,0.3,1.50",4.0,0.008,2.329,0.022,1,0.983,0,NORMAL,68.178,0.388,1,1,1,1,2,116.5,82,6,dijkstra,graph,0.4713,0,,,,,,0,,,,206955,141066,2501
510,115.25869178771973,2026-03-06T13:29:27.447641,120.6,0.0,10.53,19.57,21.7,0.0,0.0,192.84,4.57,0.334,0.335,STRAIGHT,1.5,1.5,"CMD,0.3,1.50",4.0,0.008,2.329,0.022,1,0.9818,0,NORMAL,68.793,0.424,1,1,1,1,2,116.5,93,5,dijkstra,graph,0.47107,0,,,,,,0,,,,207541,140982,2389
511,115.47581267356873,2026-03-06T13:29:27.664762,120.15,0.0,10.03,17.7,23.35,0.0,0.0,191.55,4.57,0.333,0.334,STRAIGHT,1.5,1.5,"CMD,0.3,1.50",4.0,0.008,2.329,0.022,1,0.9812,0,NORMAL,68.351,0.386,1,1,1,1,2,116.5,83,5,dijkstra,graph,0.46643,0,,,,,,0,,,,207132,139445,2404
512,115.69402694702148,2026-03-06T13:29:27.882977,125.1,0.0,10.53,19.61,18.65,0.0,0.0,194.76,4.57,0.327,0.333,STRAIGHT,1.5,1.5,"CMD,0.3,1.50",4.0,0.0077,2.374,0.022,1,0.9771,0,NORMAL,67.206,0.43,1,1,1,1,2,118.7,92,5,dijkstra,graph,0.47581,0,,,,,,0,,,,211535,142205,2423
513,115.90378856658936,2026-03-06T13:29:28.092738,120.13,0.0,8.81,15.81,21.65,0.0,1.5,188.94,4.58,0.324,0.327,STRAIGHT,1.5,1.5,"CMD,0.3,1.50",4.0,0.0077,2.374,0.022,1,0.9859,0,NORMAL,67.092,0.433,1,1,1,1,2,118.7,67,5,dijkstra,graph,0.4745,0,,,,,,0,,,,210664,141829,2261
514,116.11271023750305,2026-03-06T13:29:28.301660,117.75,0.0,11.03,14.59,22.12,0.0,0.0,185.56,4.58,0.321,0.324,STRAIGHT,1.5,1.5,"CMD,0.3,1.50",4.0,0.0077,2.374,0.022,1,0.9755,0,NORMAL,67.543,0.398,1,1,1,1,2,118.7,59,5,dijkstra,graph,0.48264,0,,,,,,0,,,,214392,144465,2164
515,116.32770776748657,2026-03-06T13:29:28.516658,117.47,0.0,10.39,17.02,20.72,0.0,0.0,187.81,4.58,0.317,0.321,STRAIGHT,1.5,1.5,"CMD,0.3,1.50",4.0,0.0075,2.42,0.022,1,0.9654,0,NORMAL,64.808,0.549,1,1,1,1,2,121.0,71,5,dijkstra,graph,0.50256,0,,,,,,0,,,,221298,150348,2348
516,116.54609322547913,2026-03-06T13:29:28.735043,120.25,0.0,10.01,17.96,22.2,0.0,0.0,192.99,4.58,0.314,0.317,STRAIGHT,1.5,1.5,"CMD,0.3,1.50",4.0,0.0075,2.42,0.022,1,0.9731,0,NORMAL,64.483,0.547,1,1,1,1,2,121.0,80,5,dijkstra,graph,0.5019,0,,,,,,0,,,,218516,150085,2410
517,116.7658154964447,2026-03-06T13:29:28.954765,120.03,0.0,11.44,17.99,23.91,0.0,0.0,194.11,4.58,0.308,0.314,STRAIGHT,1.5,1.5,"CMD,0.3,1.50",4.0,0.0072,2.466,0.022,1,0.9731,0,NORMAL,63.326,0.624,1,1,1,1,2,123.3,88,5,dijkstra,graph,0.51304,0,,,,,,0,,,,224078,153420,2369
518,116.98431253433228,2026-03-06T13:29:29.173262,120.87,0.0,10.24,17.55,24.06,0.0,0.0,194.77,4.59,0.304,0.308,STRAIGHT,1.5,1.5,"CMD,0.3,1.50",4.0,0.0072,2.466,0.022,1,0.9789,0,NORMAL,60.058,0.623,1,1,1,1,2,123.3,80,6,dijkstra,graph,0.51083,0,,,,,,0,,,,224807,152796,2368
519,117.20672702789307,2026-03-06T13:29:29.395677,120.52,0.0,11.2,19.01,22.46,0.0,1.27,195.36,4.59,0.299,0.304,STRAIGHT,1.5,1.5,"CMD,0.3,1.50",4.0,0.007,2.511,0.022,1,0.9701,0,NORMAL,59.303,0.713,1,1,1,1,2,125.6,91,4,dijkstra,graph,0.51591,0,,,,,,0,,,,223737,154352,2486
520,117.42732381820679,2026-03-06T13:29:29.616273,120.15,0.0,10.81,18.66,24.82,0.0,0.0,195.37,4.58,0.298,0.299,STRAIGHT,1.5,1.5,"CMD,0.3,1.50",4.0,0.0072,2.466,0.022,1,0.9511,0,NORMAL,60.04,0.712,1,1,1,1,2,123.3,86,5,dijkstra,graph,0.52083,0,,,,,,0,,,,224960,155701,2537
521,117.66401314735413,2026-03-06T13:29:29.852963,132.46,0.0,11.17,21.15,22.59,0.0,0.0,209.94,4.57,0.298,0.298,STRAIGHT,1.5,1.5,"CMD,0.3,1.50",4.0,0.0072,2.466,0.022,1,0.9662,0,NORMAL,58.842,0.8,1,1,1,1,2,123.3,105,6,dijkstra,graph,0.52149,0,,,,,,0,,,,224724,156018,2539
522,117.88665390014648,2026-03-06T13:29:30.075603,123.77,0.0,8.23,20.78,23.17,0.0,0.0,196.7,4.56,0.295,0.298,STRAIGHT,1.5,1.5,"CMD,0.3,1.50",4.0,0.007,2.511,0.022,1,0.9683,0,NORMAL,58.266,0.779,1,1,1,1,2,125.6,96,5,dijkstra,graph,0.52783,0,,,,,,0,,,,228968,157892,2662
523,118.1027729511261,2026-03-06T13:29:30.291722,119.22,0.0,10.87,20.37,23.18,0.0,0.0,194.4,4.57,0.293,0.295,STRAIGHT,1.5,1.5,"CMD,0.3,1.50",4.0,0.007,2.511,0.022,1,0.9639,0,NORMAL,56.967,0.827,1,1,1,1,2,125.6,101,5,dijkstra,graph,0.5381,0,,,,,,0,,,,235168,160823,2646
524,118.32075905799866,2026-03-06T13:29:30.509709,114.88,0.0,9.52,20.17,23.78,0.0,1.0,190.93,4.57,0.292,0.293,STRAIGHT,1.5,1.5,"CMD,0.3,1.50",4.0,0.007,2.511,0.022,1,0.9732,0,NORMAL,57.142,0.804,1,1,1,1,2,125.6,108,5,dijkstra,graph,0.52496,0,,,,,,0,,,,231269,156956,2742
525,118.54830121994019,2026-03-06T13:29:30.737251,123.02,0.0,9.51,22.95,24.19,0.0,1.0,201.21,4.56,0.287,0.292,STRAIGHT,1.5,1.5,"CMD,0.3,1.50",4.0,0.0067,2.557,0.022,1,0.9553,0,NORMAL,55.922,0.82,1,1,1,1,2,127.9,117,5,dijkstra,graph,0.54064,0,,,,,,0,,,,235115,161738,2643
526,118.76809406280518,2026-03-06T13:29:30.957044,118.0,0.0,10.39,21.76,24.06,0.0,0.0,195.25,4.56,0.288,0.288,STRAIGHT,1.5,1.5,"CMD,0.3,1.50",4.0,0.007,2.511,0.022,1,0.9742,0,NORMAL,54.844,0.861,1,1,1,1,2,125.6,106,5,dijkstra,graph,0.53289,0,,,,,,0,,,,229810,159387,2737
527,118.99409532546997,2026-03-06T13:29:31.183045,124.44,0.0,10.02,19.54,24.12,0.0,0.0,200.27,4.56,0.285,0.287,STRAIGHT,1.5,1.5,"CMD,0.3,1.50",4.0,0.0067,2.557,0.022,1,0.967,0,NORMAL,54.858,0.834,1,1,1,1,2,127.9,114,5,dijkstra,graph,0.53831,0,,,,,,0,,,,232977,160903,2905
528,119.2183632850647,2026-03-06T13:29:31.407313,120.41,0.0,10.26,22.21,22.94,0.0,0.0,196.73,4.56,0.282,0.285,STRAIGHT,1.5,1.5,"CMD,0.3,1.50",4.0,0.0067,2.557,0.022,1,0.9714,0,NORMAL,54.897,0.87,1,1,1,1,2,127.9,111,4,dijkstra,graph,0.52833,0,,,,,,0,,,,227541,158151,2564
529,119.43803215026855,2026-03-06T13:29:31.626982,118.03,0.0,10.32,21.55,23.67,0.0,0.0,193.63,4.56,0.281,0.282,STRAIGHT,1.5,1.5,"CMD,0.3,1.50",4.0,0.0067,2.557,0.022,1,0.9776,0,NORMAL,55.11,0.927,1,1,1,1,2,127.9,120,4,dijkstra,graph,0.52056,0,,,,,,0,,,,227805,155728,2698
530,119.67580842971802,2026-03-06T13:29:31.864758,133.23,0.0,12.02,21.6,23.84,0.0,0.0,212.58,4.54,0.278,0.281,STRAIGHT,1.5,1.5,"CMD,0.3,1.50",4.0,0.0066,2.603,0.022,1,0.9907,0,NORMAL,54.732,0.942,1,1,1,1,2,130.2,109,5,dijkstra,graph,0.51994,0,,,,,,0,,,,228092,155469,2803
531,119.89939260482788,2026-03-06T13:29:32.088342,121.12,0.0,10.03,22.58,24.03,0.0,0.0,197.88,4.54,0.275,0.278,STRAIGHT,1.5,1.5,"CMD,0.3,1.50",4.0,0.0066,2.603,0.022,1,0.9889,0,NORMAL,54.685,0.922,1,1,1,1,2,130.2,114,4,dijkstra,graph,0.52205,0,,,,,,0,,,,227952,156098,2723
532,120.12445044517517,2026-03-06T13:29:32.313400,117.94,0.0,11.05,22.26,24.75,0.0,0.0,198.7,4.54,0.274,0.275,STRAIGHT,1.5,1.5,"CMD,0.3,1.50",4.0,0.0066,2.603,0.022,1,0.9838,0,NORMAL,54.624,0.99,1,1,1,1,2,130.2,121,4,dijkstra,graph,0.52901,0,,,,,,0,,,,228362,158119,2712
533,120.34638214111328,2026-03-06T13:29:32.535332,122.6,0.0,11.02,19.99,22.53,0.0,0.0,196.83,4.54,0.273,0.274,STRAIGHT,1.5,1.5,"CMD,0.3,1.50",4.0,0.0066,2.603,0.022,1,0.9767,0,NORMAL,54.728,1.026,1,1,1,1,2,130.2,107,4,dijkstra,graph,0.51756,0,,,,,,0,,,,229029,154740,2593
534,120.57480669021606,2026-03-06T13:29:32.763756,121.92,0.0,11.02,22.96,25.05,0.0,0.0,201.86,4.53,0.272,0.273,STRAIGHT,1.5,1.5,"CMD,0.3,1.50",4.0,0.0066,2.603,0.022,1,0.985,0,NORMAL,54.071,1.052,1,1,1,1,2,130.2,120,4,dijkstra,graph,0.51405,0,,,,,,0,,,,227469,153823,2607
535,120.79789280891418,2026-03-06T13:29:32.986842,123.42,0.0,12.03,20.08,23.2,0.0,0.0,199.37,4.53,0.272,0.272,STRAIGHT,1.5,1.5,"CMD,0.3,1.50",4.0,0.0066,2.603,0.022,1,0.9803,0,NORMAL,52.261,1.024,1,1,1,1,2,130.2,102,4,dijkstra,graph,0.52707,0,,,,,,0,,,,229824,157516,2611
536,121.03056716918945,2026-03-06T13:29:33.219517,126.53,0.0,11.02,22.53,24.04,0.0,0.0,205.62,4.52,0.272,0.272,STRAIGHT,1.5,1.5,"CMD,0.3,1.50",4.0,0.0066,2.603,0.022,1,0.9893,0,NORMAL,52.493,1.011,1,1,1,1,2,130.2,115,4,dijkstra,graph,0.52535,0,,,,,,0,,,,230122,157089,2717
537,121.25250315666199,2026-03-06T13:29:33.441453,121.88,0.0,10.11,22.05,22.42,0.0,0.0,197.08,4.52,0.271,0.272,STRAIGHT,1.5,1.5,"CMD,0.3,1.50",4.0,0.0066,2.603,0.022,1,0.9643,0,NORMAL,52.901,1.004,1,1,1,1,2,130.2,105,4,dijkstra,graph,0.53302,0,,,,,,0,,,,236991,159450,2667
538,121.47552037239075,2026-03-06T13:29:33.664470,120.81,0.0,11.02,21.29,23.35,0.0,0.0,197.78,4.51,0.271,0.271,STRAIGHT,1.5,1.5,"CMD,0.3,1.50",4.0,0.0066,2.603,0.022,1,0.9734,0,NORMAL,52.852,1.028,1,1,1,1,2,130.2,110,4,dijkstra,graph,0.52709,0,,,,,,0,,,,232008,157638,2700
539,121.70058584213257,2026-03-06T13:29:33.889536,122.92,0.0,10.11,21.69,22.97,0.0,0.0,198.61,4.5,0.271,0.271,STRAIGHT,1.5,1.5,"CMD,0.3,1.50",4.0,0.0066,2.603,0.022,1,0.992,0,NORMAL,52.067,1.009,1,1,1,1,2,130.2,105,4,dijkstra,graph,0.52971,0,,,,,,0,,,,233119,158392,2705
540,121.93809056282043,2026-03-06T13:29:34.127040,138.64,0.0,11.62,20.16,22.77,0.0,0.0,213.72,4.49,0.271,0.271,STRAIGHT,1.5,1.5,"CMD,0.3,1.50",4.0,0.0066,2.603,0.022,1,0.9871,0,NORMAL,52.412,0.992,1,1,1,1,2,130.2,87,4,dijkstra,graph,0.52707,0,,,,,,0,,,,232190,157631,2586
541,122.15791869163513,2026-03-06T13:29:34.346868,121.02,0.0,9.19,22.13,18.17,0.0,1.0,193.89,4.49,0.271,0.271,STRAIGHT,1.5,1.5,"CMD,0.3,1.50",4.0,0.0066,2.603,0.022,1,0.9892,0,NORMAL,52.552,0.975,1,1,1,1,2,130.2,104,4,dijkstra,graph,0.52033,0,,,,,,0,,,,230808,155524,2599
542,122.37978434562683,2026-03-06T13:29:34.568734,120.52,0.0,11.02,20.51,24.27,0.0,0.0,197.94,4.48,0.271,0.271,STRAIGHT,1.5,1.5,"CMD,0.3,1.50",4.0,0.0066,2.603,0.022,1,0.9858,0,NORMAL,51.415,0.997,1,1,1,1,2,130.2,115,4,dijkstra,graph,0.52975,0,,,,,,0,,,,231492,158331,2755
543,122.60690140724182,2026-03-06T13:29:34.795851,130.11,0.0,9.99,18.43,21.39,0.0,0.0,199.87,4.47,0.271,0.271,STRAIGHT,1.5,1.5,"CMD,0.3,1.50",4.0,0.0066,2.603,0.022,1,0.9871,0,NORMAL,50.417,0.969,1,1,1,1,2,130.2,106,4,dijkstra,graph,0.5218,0,,,,,,0,,,,229803,156059,2678
544,122.8247811794281,2026-03-06T13:29:35.013731,117.11,0.0,10.7,19.82,23.3,0.0,0.0,191.83,4.46,0.273,0.271,STRAIGHT,1.5,1.5,"CMD,0.3,1.50",4.0,0.0067,2.557,0.022,1,0.9826,0,NORMAL,50.188,0.952,1,1,1,1,2,127.9,100,4,dijkstra,graph,0.51304,0,,,,,,0,,,,227976,153461,2559
545,123.0559618473053,2026-03-06T13:29:35.244911,124.53,0.0,11.39,22.55,24.16,0.0,0.0,204.6,4.45,0.273,0.273,STRAIGHT,1.5,1.5,"CMD,0.3,1.50",4.0,0.0066,2.603,0.022,1,0.9885,0,NORMAL,50.004,1.052,1,1,1,1,2,130.2,107,4,dijkstra,graph,0.51988,0,,,,,,0,,,,228970,155394,2692
546,123.27083778381348,2026-03-06T13:29:35.459787,119.76,0.0,10.01,16.57,19.33,0.0,0.0,189.16,4.46,0.278,0.273,STRAIGHT,1.5,1.5,"CMD,0.3,1.50",4.0,0.007,2.511,0.022,1,0.9822,0,NORMAL,50.104,0.92,1,1,1,1,2,125.6,94,5,dijkstra,graph,0.51085,0,,,,,,0,,,,226164,152696,2587
547,123.49511504173279,2026-03-06T13:29:35.684064,123.35,0.0,10.02,18.96,23.72,0.0,0.0,197.19,4.45,0.282,0.278,STRAIGHT,1.5,1.5,"CMD,0.3,1.50",4.0,0.007,2.511,0.022,1,0.9855,0,NORMAL,50.021,0.931,1,1,1,1,2,125.6,89,6,dijkstra,graph,0.51345,0,,,,,,0,,,,226188,153499,2548
548,123.7166383266449,2026-03-06T13:29:35.905588,121.1,0.0,11.31,16.83,23.88,0.0,0.0,196.28,4.45,0.287,0.282,STRAIGHT,1.5,1.5,"CMD,0.3,1.50",4.0,0.0072,2.466,0.022,1,0.9808,0,NORMAL,50.02,0.877,1,1,1,1,2,123.3,89,4,dijkstra,graph,0.50122,0,,,,,,0,,,,221993,149856,2416
549,123.93268585205078,2026-03-06T13:29:36.121635,116.57,0.0,8.02,20.41,23.08,0.0,0.0,189.91,4.46,0.29,0.287,STRAIGHT,1.5,1.5,"CMD,0.3,1.50",4.0,0.0072,2.466,0.022,1,0.9884,0,NORMAL,50.157,0.865,1,1,1,1,2,123.3,105,4,dijkstra,graph,0.49971,0,,,,,,0,,,,220429,149468,2546
550,124.15712881088257,2026-03-06T13:29:36.346079,119.9,0.0,11.02,20.05,24.21,0.0,0.0,198.6,4.47,0.296,0.29,STRAIGHT,1.5,1.5,"CMD,0.3,1.50",4.0,0.0075,2.42,0.022,1,0.9834,0,NORMAL,50.435,0.818,1,1,1,1,2,121.0,102,4,dijkstra,graph,0.49671,0,,,,,,0,,,,220784,148552,2468
551,124.36794018745422,2026-03-06T13:29:36.556890,116.06,0.0,11.02,17.36,20.79,0.0,0.0,186.28,4.47,0.3,0.296,STRAIGHT,1.5,1.5,"CMD,0.3,1.50",4.0,0.0075,2.42,0.022,1,0.9764,0,NORMAL,50.901,0.8,1,1,1,1,2,121.0,89,4,dijkstra,graph,0.49103,0,,,,,,0,,,,216443,146831,2377
552,124.59163069725037,2026-03-06T13:29:36.780580,124.39,0.0,10.38,18.54,23.6,0.0,0.0,196.67,4.47,0.306,0.3,STRAIGHT,1.5,1.5,"CMD,0.3,1.50",4.0,0.0077,2.374,0.022,1,0.9777,0,NORMAL,51.327,0.718,1,1,1,1,2,118.7,94,5,dijkstra,graph,0.4861,0,,,,,,0,,,,217039,145409,2505
553,124.80971240997314,2026-03-06T13:29:36.998662,119.82,0.0,11.54,18.66,22.73,0.0,0.0,193.28,4.47,0.309,0.306,STRAIGHT,1.5,1.5,"CMD,0.3,1.50",4.0,0.0077,2.374,0.022,1,0.9688,0,NORMAL,51.26,0.616,1,1,1,1,2,118.7,87,4,dijkstra,graph,0.49864,0,,,,,,0,,,,223101,149077,2383
554,125.03403449058533,2026-03-06T13:29:37.222984,125.08,0.0,11.29,18.03,23.58,0.0,0.0,198.89,4.47,0.312,0.309,STRAIGHT,1.5,1.5,"CMD,0.3,1.50",4.0,0.0077,2.374,0.022,1,0.977,0,NORMAL,51.587,0.617,1,1,1,1,2,118.7,102,5,dijkstra,graph,0.49116,0,,,,,,0,,,,219438,147070,2500
555,125.25199389457703,2026-03-06T13:29:37.440943,120.3,0.0,10.52,17.06,22.24,0.0,0.0,192.47,4.47,0.318,0.312,STRAIGHT,1.5,1.5,"CMD,0.3,1.50",4.0,0.008,2.329,0.022,1,0.9734,0,NORMAL,52.307,0.661,1,1,1,1,2,116.5,85,5,dijkstra,graph,0.47322,0,,,,,,0,,,,213644,141579,2251
556,125.47048425674438,2026-03-06T13:29:37.659434,121.87,0.0,9.05,18.31,23.37,0.0,0.0,193.29,4.48,0.322,0.318,STRAIGHT,1.5,1.5,"CMD,0.3,1.50",4.0,0.008,2.329,0.022,1,0.9902,0,NORMAL,52.49,0.598,1,1,1,1,2,116.5,88,6,dijkstra,graph,0.47593,0,,,,,,0,,,,214272,142368,2457
557,125.6964054107666,2026-03-06T13:29:37.885355,127.22,0.0,10.02,17.54,23.99,0.0,0.0,200.55,4.48,0.32,0.32,STRAIGHT,1.5,1.5,"CMD,0.3,1.50",4.0,0.0077,2.374,0.022,1,0.981,0,NORMAL,53.202,0.598,1,1,1,1,2,118.7,93,5,dijkstra,graph,0.46971,0,,,,,,0,,,,210479,140465,2401
558,125.91664004325867,2026-03-06T13:29:38.105589,121.13,0.0,10.52,18.3,23.55,0.0,0.0,194.88,4.48,0.324,0.322,STRAIGHT,1.5,1.5,"CMD,0.3,1.50",4.0,0.008,2.329,0.022,1,0.9849,0,NORMAL,53.763,0.659,1,1,1,1,2,116.5,97,5,dijkstra,graph,0.46895,0,,,,,,0,,,,210841,140295,2474
559,126.13607716560364,2026-03-06T13:29:38.325027,120.05,0.0,10.2,18.41,23.35,0.0,0.0,194.05,4.49,0.326,0.324,STRAIGHT,1.5,1.5,"CMD,0.3,1.50",4.0,0.008,2.329,0.022,1,0.9904,0,NORMAL,53.89,0.681,1,1,1,1,2,116.5,87,6,dijkstra,graph,0.46583,0,,,,,,0,,,,210502,139257,2328
560,126.35395050048828,2026-03-06T13:29:38.542900,119.9,0.0,11.02,19.24,21.23,0.0,1.0,192.51,4.49,0.328,0.326,STRAIGHT,1.5,1.5,"CMD,0.3,1.50",4.0,0.008,2.329,0.022,1,0.9886,0,NORMAL,54.293,0.716,1,1,1,1,2,116.5,97,5,dijkstra,graph,0.46176,0,,,,,,0,,,,208935,138141,2381
561,126.57685685157776,2026-03-06T13:29:38.765806,123.03,0.0,11.03,20.24,23.71,0.0,0.0,199.36,4.49,0.329,0.328,STRAIGHT,1.5,1.5,"CMD,0.3,1.50",4.0,0.008,2.329,0.022,1,0.9802,0,NORMAL,55.357,0.653,1,1,1,1,2,116.5,93,5,dijkstra,graph,0.45217,0,,,,,,0,,,,205481,135224,2312
562,126.79760313034058,2026-03-06T13:29:38.986553,125.2,0.0,10.13,18.19,23.44,0.0,0.0,197.88,4.5,0.329,0.329,STRAIGHT,1.5,1.5,"CMD,0.3,1.50",4.0,0.008,2.329,0.022,1,0.9759,0,NORMAL,56.146,0.627,1,1,1,1,2,116.5,95,6,dijkstra,graph,0.45855,0,,,,,,0,,,,208547,137107,2204
563,127.02384662628174,2026-03-06T13:29:39.212796,128.17,0.0,9.87,20.23,22.98,0.0,0.0,202.06,4.5,0.33,0.329,STRAIGHT,1.5,1.5,"CMD,0.3,1.50",4.0,0.008,2.329,0.022,1,0.9841,0,NORMAL,56.528,0.637,1,1,1,1,2,116.5,103,5,dijkstra,graph,0.45979,0,,,,,,0,,,,207524,137564,2435
564,127.24736785888672,2026-03-06T13:29:39.436317,124.61,0.0,10.03,19.55,23.64,0.0,0.0,198.98,4.5,0.333,0.33,STRAIGHT,1.5,1.5,"CMD,0.3,1.50",4.0,0.0082,2.283,0.021,1,0.9624,0,NORMAL,58.951,0.539,1,1,1,1,2,114.2,98,6,dijkstra,graph,0.46136,0,,,,,,0,,,,208010,138094,2480
565,127.46994090080261,2026-03-06T13:29:39.658891,123.51,0.0,9.87,18.12,22.92,0.0,1.12,197.25,4.5,0.335,0.333,STRAIGHT,1.5,1.5,"CMD,0.3,1.50",4.0,0.0082,2.283,0.021,1,0.9819,0,NORMAL,59.776,0.511,1,1,1,1,2,114.2,91,5,dijkstra,graph,0.45248,0,,,,,,0,,,,205426,135420,2344
566,127.6987853050232,2026-03-06T13:29:39.887735,129.67,0.0,10.03,19.02,22.79,0.0,0.0,203.6,4.5,0.337,0.335,STRAIGHT,1.5,1.5,"CMD,0.3,1.50",4.0,0.0082,2.283,0.021,1,0.9699,0,NORMAL,60.207,0.459,1,1,1,1,2,114.2,93,6,dijkstra,graph,0.43983,0,,,,,,0,,,,203949,131633,2228
567,127.91097593307495,2026-03-06T13:29:40.099926,116.05,0.0,9.67,19.01,23.15,0.0,0.0,187.14,4.51,0.337,0.337,STRAIGHT,1.5,1.5,"CMD,0.3,1.50",4.0,0.0082,2.283,0.021,1,0.9853,0,NORMAL,60.716,0.445,1,1,1,1,2,114.2,96,5,dijkstra,graph,0.43913,0,,,,,,0,,,,202368,131470,2353
568,128.1274127960205,2026-03-06T13:29:40.316362,121.7,0.0,10.45,19.13,22.61,0.0,1.0,194.43,4.51,0.338,0.337,STRAIGHT,1.5,1.5,"CMD,0.3,1.50",4.0,0.0082,2.283,0.021,1,0.9823,0,NORMAL,61.753,0.394,1,1,1,1,2,114.2,97,5,dijkstra,graph,0.42919,0,,,,,,0,,,,199110,128332,2391
569,128.34306979179382,2026-03-06T13:29:40.532020,117.81,0.0,12.66,18.4,22.32,0.0,0.0,191.19,4.53,0.344,0.338,STRAIGHT,1.5,1.5,"CMD,0.3,1.50",4.0,0.0086,2.237,0.022,1,0.9869,0,NORMAL,62.236,0.374,1,1,1,1,2,111.9,87,3,dijkstra,graph,0.41965,0,,,,,,0,,,,197067,125645,2265
570,128.5638027191162,2026-03-06T13:29:40.752752,120.7,0.0,11.46,20.27,22.55,0.0,0.0,197.16,4.53,0.342,0.342,STRAIGHT,1.5,1.5,"CMD,0.3,1.50",4.0,0.0082,2.283,0.021,1,0.9869,0,NORMAL,63.329,0.345,1,1,1,1,2,114.2,87,3,dijkstra,graph,0.42562,0,,,,,,0,,,,197959,127222,2216
571,128.77832436561584,2026-03-06T13:29:40.967274,118.95,0.0,10.02,18.13,21.35,0.0,0.0,189.77,4.53,0.341,0.342,STRAIGHT,1.5,1.5,"CMD,0.3,1.50",4.0,0.0082,2.283,0.021,1,0.9875,0,NORMAL,63.462,0.401,1,1,1,1,2,114.2,90,3,dijkstra,graph,0.41915,0,,,,,,0,,,,196285,125488,1951
572,128.98589205741882,2026-03-06T13:29:41.174842,117.99,0.0,9.11,16.87,21.89,0.0,0.0,184.1,4.55,0.341,0.341,STRAIGHT,1.5,1.5,"CMD,0.3,1.50",4.0,0.0082,2.283,0.021,1,0.9884,0,NORMAL,64.263,0.388,1,1,1,1,2,114.2,81,3,dijkstra,graph,0.41353,0,,,,,,0,,,,195062,123888,2042
573,129.20152235031128,2026-03-06T13:29:41.390472,119.79,0.0,11.01,19.65,20.55,0.0,0.0,191.76,4.55,0.34,0.341,STRAIGHT,1.5,1.5,"CMD,0.3,1.50",4.0,0.0082,2.283,0.021,1,0.9812,0,NORMAL,64.917,0.383,1,1,1,1,2,114.2,103,2,dijkstra,graph,0.41961,0,,,,,,0,,,,197925,125648,1903
574,129.41635513305664,2026-03-06T13:29:41.605305,121.95,0.0,10.02,18.18,20.23,0.0,1.13,192.21,4.56,0.34,0.34,STRAIGHT,1.5,1.5,"CMD,0.3,1.50",4.0,0.0082,2.283,0.021,1,0.9772,0,NORMAL,64.007,0.5,1,1,1,1,2,114.2,97,2,dijkstra,graph,0.42438,0,,,,,,0,,,,197368,127044,1846
575,129.64533805847168,2026-03-06T13:29:41.834288,135.38,0.0,10.02,19.12,22.42,0.0,0.0,206.26,4.55,0.332,0.34,STRAIGHT,1.5,1.5,"CMD,0.3,1.50",4.0,0.0077,2.374,0.022,1,0.9828,0,NORMAL,62.653,0.524,1,1,1,1,2,118.7,101,3,dijkstra,graph,0.42576,0,,,,,,0,,,,195141,127461,2343
576,129.86367321014404,2026-03-06T13:29:42.052623,122.9,0.0,11.03,18.48,21.82,0.0,0.0,194.32,4.55,0.335,0.335,STRAIGHT,1.5,1.5,"CMD,0.3,1.50",4.0,0.0082,2.283,0.021,1,0.9828,0,NORMAL,63.304,0.603,1,1,1,1,2,114.2,88,3,dijkstra,graph,0.41074,0,,,,,,0,,,,192159,122912,1937
577,130.0667426586151,2026-03-06T13:29:42.255692,118.25,0.0,8.35,13.76,17.39,0.0,0.0,180.01,4.57,0.336,0.335,STRAIGHT,1.5,1.5,"CMD,0.3,1.50",4.0,0.0082,2.283,0.021,1,0.9864,0,NORMAL,63.767,0.538,1,1,1,1,2,114.2,72,2,dijkstra,graph,0.40645,0,,,,,,0,,,,191032,121777,1625
578,130.28193926811218,2026-03-06T13:29:42.470889,123.06,0.0,10.71,16.63,20.13,0.0,1.0,193.61,4.57,0.337,0.336,STRAIGHT,1.5,1.5,"CMD,0.3,1.50",4.0,0.0082,2.283,0.021,1,0.9851,0,NORMAL,64.083,0.548,1,1,1,1,2,114.2,85,2,dijkstra,graph,0.41357,0,,,,,,0,,,,192387,123857,1781
579,130.49566102027893,2026-03-06T13:29:42.684611,119.46,0.0,10.01,17.58,20.18,0.0,0.79,189.84,4.58,0.338,0.337,STRAIGHT,1.5,1.5,"CMD,0.3,1.50",4.0,0.0082,2.283,0.021,1,0.9815,0,NORMAL,64.978,0.515,1,1,1,1,2,114.2,81,3,dijkstra,graph,0.40936,0,,,,,,0,,,,192129,122556,1867
580,130.71200728416443,2026-03-06T13:29:42.900957,122.72,0.0,10.15,15.96,20.44,0.0,0.0,191.88,4.57,0.338,0.338,STRAIGHT,1.5,1.5,"CMD,0.3,1.50",4.0,0.0082,2.283,0.021,1,0.9822,0,NORMAL,64.57,0.484,1,1,1,1,2,114.2,84,2,dijkstra,graph,0.4119,0,,,,,,0,,,,192684,123360,1730
581,130.92472290992737,2026-03-06T13:29:43.113673,120.99,0.0,9.84,16.89,18.44,0.0,0.5,187.9,4.58,0.339,0.338,STRAIGHT,1.5,1.5,"CMD,0.3,1.50",4.0,0.0082,2.283,0.021,1,0.9679,0,NORMAL,64.251,0.453,1,1,1,1,2,114.2,89,2,dijkstra,graph,0.42657,0,,,,,,0,,,,198951,127723,1823
582,131.14156222343445,2026-03-06T13:29:43.330512,123.92,0.0,10.81,17.76,20.63,0.0,1.0,194.15,4.58,0.339,0.339,STRAIGHT,1.5,1.5,"CMD,0.3,1.50",4.0,0.0082,2.283,0.021,1,0.9718,0,NORMAL,64.311,0.491,1,1,1,1,2,114.2,92,2,dijkstra,graph,0.44845,0,,,,,,0,,,,202479,134373,1698
583,131.35646510124207,2026-03-06T13:29:43.545415,120.78,0.0,10.76,18.29,20.81,0.0,0.0,190.8,4.59,0.339,0.339,STRAIGHT,1.5,1.5,"CMD,0.3,1.50",4.0,0.0082,2.283,0.021,1,0.9767,0,NORMAL,64.416,0.512,1,1,1,1,2,114.2,93,2,dijkstra,graph,0.43112,0,,,,,,0,,,,199301,129179,1808
584,131.57197666168213,2026-03-06T13:29:43.760926,121.93,0.0,11.52,15.93,19.67,0.0,0.0,191.57,4.59,0.339,0.339,STRAIGHT,1.5,1.5,"CMD,0.3,1.50",4.0,0.0082,2.283,0.021,1,0.9762,0,NORMAL,64.525,0.483,1,1,1,1,2,114.2,91,2,dijkstra,graph,0.43118,0,,,,,,0,,,,200023,129128,1724
585,131.7841501235962,2026-03-06T13:29:43.973100,119.74,0.0,9.18,16.6,21.66,0.0,0.0,188.55,4.59,0.336,0.339,STRAIGHT,1.5,1.5,"CMD,0.3,1.50",4.0,0.008,2.329,0.022,1,0.9817,0,NORMAL,64.736,0.484,1,1,1,1,2,116.5,95,2,dijkstra,graph,0.42934,0,,,,,,0,,,,201437,128542,1820
586,131.99594020843506,2026-03-06T13:29:44.184890,119.23,0.0,9.52,18.84,21.12,0.0,0.0,188.96,4.6,0.335,0.336,STRAIGHT,1.5,1.5,"CMD,0.3,1.50",4.0,0.008,2.329,0.022,1,0.9877,0,NORMAL,64.778,0.523,1,1,1,1,2,116.5,97,2,dijkstra,graph,0.43374,0,,,,,,0,,,,202744,129916,1888
587,132.21635222434998,2026-03-06T13:29:44.405302,124.84,0.0,9.88,19.81,20.75,0.0,0.0,196.47,4.6,0.333,0.335,STRAIGHT,1.5,1.5,"CMD,0.3,1.50",4.0,0.008,2.329,0.022,1,0.9879,0,NORMAL,63.601,0.518,1,1,1,1,2,116.5,105,2,dijkstra,graph,0.43843,0,,,,,,0,,,,204052,131376,1878
588,132.43489718437195,2026-03-06T13:29:44.623847,121.72,0.0,10.2,18.83,22.21,0.0,0.0,193.57,4.6,0.332,0.333,STRAIGHT,1.5,1.5,"CMD,0.3,1.50",4.0,0.008,2.329,0.022,1,0.981,0,NORMAL,62.633,0.5,1,1,1,1,2,116.5,93,5,dijkstra,graph,0.44025,0,,,,,,0,,,,204640,131729,2109
589,132.66323232650757,2026-03-06T13:29:44.852182,132.62,0.0,9.7,18.24,22.04,0.0,1.07,203.16,4.6,0.327,0.332,STRAIGHT,1.5,1.5,"CMD,0.3,1.50",4.0,0.0077,2.374,0.022,1,0.971,0,NORMAL,60.885,0.497,1,1,1,1,2,118.7,93,4,dijkstra,graph,0.4588,0,,,,,,0,,,,209971,137226,2124
590,132.88775396347046,2026-03-06T13:29:45.076704,127.1,0.0,10.55,19.32,21.6,0.0,0.0,199.4,4.6,0.324,0.327,STRAIGHT,1.5,1.5,"CMD,0.3,1.50",4.0,0.0077,2.374,0.022,1,0.9821,0,NORMAL,60.977,0.517,1,1,1,1,2,118.7,93,4,dijkstra,graph,0.4556,0,,,,,,0,,,,208766,136386,2139
591,133.11619019508362,2026-03-06T13:29:45.305140,124.87,0.0,13.05,18.76,24.04,0.0,0.0,202.16,4.59,0.321,0.324,STRAIGHT,1.5,1.5,"CMD,0.3,1.50",4.0,0.0077,2.374,0.022,1,0.9851,0,NORMAL,59.423,0.503,1,1,1,1,2,118.7,93,4,dijkstra,graph,0.4575,0,,,,,,0,,,,209500,136823,2149
592,133.33575582504272,2026-03-06T13:29:45.524705,121.52,0.0,9.23,20.17,22.63,0.0,0.0,194.66,4.59,0.32,0.321,STRAIGHT,1.5,1.5,"CMD,0.3,1.50",4.0,0.0077,2.374,0.022,1,0.9761,0,NORMAL,57.936,0.481,1,1,1,1,2,118.7,98,4,dijkstra,graph,0.44684,0,,,,,,0,,,,208121,133633,2060
593,133.55841779708862,2026-03-06T13:29:45.747368,121.32,0.0,11.02,20.47,24.11,0.0,0.0,198.74,4.59,0.319,0.32,STRAIGHT,1.5,1.5,"CMD,0.3,1.50",4.0,0.0077,2.374,0.022,1,0.9845,0,NORMAL,57.883,0.503,1,1,1,1,2,118.7,80,4,dijkstra,graph,0.44444,0,,,,,,0,,,,206315,132947,1881
594,133.77536487579346,2026-03-06T13:29:45.964314,119.18,0.0,10.02,19.3,22.7,0.0,0.5,192.72,4.6,0.318,0.319,STRAIGHT,1.5,1.5,"CMD,0.3,1.50",4.0,0.0077,2.374,0.022,1,0.9748,0,NORMAL,57.396,0.563,1,1,1,1,2,118.7,101,3,dijkstra,graph,0.44903,0,,,,,,0,,,,210548,134475,2139
595,133.99049305915833,2026-03-06T13:29:46.179443,123.35,0.0,10.05,18.22,20.08,0.0,0.0,190.61,4.61,0.318,0.318,STRAIGHT,1.5,1.5,"CMD,0.3,1.50",4.0,0.0077,2.374,0.022,1,0.9864,0,NORMAL,57.021,0.525,1,1,1,1,2,118.7,93,2,dijkstra,graph,0.44643,0,,,,,,0,,,,209022,133638,2037
596,134.2046012878418,2026-03-06T13:29:46.393551,119.36,0.0,11.02,18.25,22.57,0.0,0.0,192.58,4.61,0.317,0.318,STRAIGHT,1.5,1.5,"CMD,0.3,1.50",4.0,0.0077,2.374,0.022,1,0.9845,0,NORMAL,56.799,0.585,1,1,1,1,2,118.7,89,4,dijkstra,graph,0.45138,0,,,,,,0,,,,209102,135011,2019
597,134.42122673988342,2026-03-06T13:29:46.610176,119.65,0.0,10.53,21.23,19.54,0.0,0.0,192.4,4.61,0.317,0.317,STRAIGHT,1.5,1.5,"CMD,0.3,1.50",4.0,0.0077,2.374,0.022,1,0.9813,0,NORMAL,56.139,0.604,1,1,1,1,2,118.7,106,3,dijkstra,graph,0.44727,0,,,,,,0,,,,207108,133912,2084
598,134.64884281158447,2026-03-06T13:29:46.837792,131.86,0.0,10.53,20.24,22.72,0.0,0.0,205.72,4.6,0.314,0.317,STRAIGHT,1.5,1.5,"CMD,0.3,1.50",4.0,0.0075,2.42,0.022,1,0.9815,0,NORMAL,55.745,0.623,1,1,1,1,2,121.0,101,5,dijkstra,graph,0.45455,0,,,,,,0,,,,209666,136078,2222
599,134.86411046981812,2026-03-06T13:29:47.053060,121.02,0.0,10.29,17.64,21.59,0.0,0.0,191.64,4.6,0.312,0.314,STRAIGHT,1.5,1.5,"CMD,0.3,1.50",4.0,0.0075,2.42,0.022,1,0.9761,0,NORMAL,54.685,0.707,1,1,1,1,2,121.0,102,5,dijkstra,graph,0.47014,0,,,,,,0,,,,211889,140697,2336
600,135.08413410186768,2026-03-06T13:29:47.273084,123.59,0.0,10.21,18.34,21.38,0.0,0.0,194.14,4.6,0.314,0.314,STRAIGHT,1.5,1.5,"CMD,0.3,1.50",4.0,0.0077,2.374,0.022,1,0.9722,0,NORMAL,54.566,0.649,1,1,1,1,2,118.7,92,4,dijkstra,graph,0.452,0,,,,,,0,,,,208387,135214,2080
601,135.3031930923462,2026-03-06T13:29:47.492143,120.84,0.0,10.06,19.46,20.62,0.0,0.0,193.58,4.59,0.312,0.312,STRAIGHT,1.5,1.5,"CMD,0.3,1.50",4.0,0.0075,2.42,0.022,1,0.9721,0,NORMAL,52.833,0.752,1,1,1,1,2,121.0,98,5,dijkstra,graph,0.46725,0,,,,,,0,,,,213647,139791,2296
602,135.52570843696594,2026-03-06T13:29:47.714658,121.03,0.0,10.54,19.24,25.52,0.0,1.02,198.74,4.59,0.311,0.312,STRAIGHT,1.5,1.5,"CMD,0.3,1.50",4.0,0.0075,2.42,0.022,1,0.9761,0,NORMAL,52.983,0.735,1,1,1,1,2,121.0,101,5,dijkstra,graph,0.45647,0,,,,,,0,,,,209281,136562,2308
603,135.7441210746765,2026-03-06T13:29:47.933071,119.58,0.0,11.12,19.24,22.18,0.0,0.0,191.39,4.58,0.313,0.312,STRAIGHT,1.5,1.5,"CMD,0.3,1.50",4.0,0.0077,2.374,0.022,1,0.9681,0,NORMAL,52.795,0.833,1,1,1,1,2,118.7,100,5,dijkstra,graph,0.47382,0,,,,,,0,,,,214853,141841,2338
604,135.9607515335083,2026-03-06T13:29:48.149701,117.84,0.0,9.59,19.15,23.39,0.0,0.0,191.78,4.59,0.314,0.313,STRAIGHT,1.5,1.5,"CMD,0.3,1.50",4.0,0.0077,2.374,0.022,1,0.9612,0,NORMAL,51.363,0.685,1,1,1,1,2,118.7,92,5,dijkstra,graph,0.44444,0,,,,,,0,,,,206968,132805,2273
605,136.178448677063,2026-03-06T13:29:48.367398,118.97,0.0,10.52,19.55,22.81,0.0,0.0,192.19,4.59,0.315,0.314,STRAIGHT,1.5,1.5,"CMD,0.3,1.50",4.0,0.0077,2.374,0.022,1,0.9733,0,NORMAL,51.749,0.553,1,1,1,1,2,118.7,96,4,dijkstra,graph,0.44417,0,,,,,,0,,,,208955,132992,2128
606,136.3983016014099,2026-03-06T13:29:48.587251,123.88,0.0,9.94,18.19,21.72,0.0,0.0,194.42,4.58,0.32,0.315,STRAIGHT,1.5,1.5,"CMD,0.3,1.50",4.0,0.008,2.329,0.022,1,0.9887,0,NORMAL,51.671,0.457,1,1,1,1,2,116.5,98,5,dijkstra,graph,0.44326,0,,,,,,0,,,,207811,132779,2193
607,136.62400126457214,2026-03-06T13:29:48.812951,129.11,0.0,10.03,18.71,22.85,0.0,0.0,201.0,4.57,0.324,0.32,STRAIGHT,1.5,1.5,"CMD,0.3,1.50",4.0,0.008,2.329,0.022,1,0.9926,0,NORMAL,51.627,0.483,1,1,1,1,2,116.5,87,5,dijkstra,graph,0.44884,0,,,,,,0,,,,208478,134253,2201
608,136.84421753883362,2026-03-06T13:29:49.033167,123.01,0.0,10.31,18.81,22.2,0.0,0.0,195.45,4.57,0.326,0.324,STRAIGHT,1.5,1.5,"CMD,0.3,1.50",4.0,0.008,2.329,0.022,1,0.9875,0,NORMAL,51.839,0.478,1,1,1,1,2,116.5,88,3,dijkstra,graph,0.44853,0,,,,,,0,,,,209522,134189,2059
609,137.06480479240417,2026-03-06T13:29:49.253755,120.92,0.0,11.47,18.97,23.11,0.0,0.53,196.04,4.56,0.323,0.324,STRAIGHT,1.5,1.5,"CMD,0.3,1.50",4.0,0.0077,2.374,0.022,1,0.9895,0,NORMAL,52.007,0.499,1,1,1,1,2,118.7,99,5,dijkstra,graph,0.44744,0,,,,,,0,,,,209158,133882,2204
610,137.2841248512268,2026-03-06T13:29:49.473075,122.38,0.0,10.2,18.77,21.64,0.0,1.5,194.76,4.56,0.326,0.326,STRAIGHT,1.5,1.5,"CMD,0.3,1.50",4.0,0.008,2.329,0.022,1,0.9905,0,NORMAL,52.457,0.502,1,1,1,1,2,116.5,89,4,dijkstra,graph,0.44424,0,,,,,,0,,,,208284,132959,2249
611,137.4973714351654,2026-03-06T13:29:49.686321,117.64,0.0,10.34,18.8,22.24,0.0,0.0,190.31,4.56,0.327,0.326,STRAIGHT,1.5,1.5,"CMD,0.3,1.50",4.0,0.008,2.329,0.022,1,0.9886,0,NORMAL,53.111,0.469,1,1,1,1,2,116.5,87,3,dijkstra,graph,0.44273,0,,,,,,0,,,,208588,132404,2122
612,137.71780729293823,2026-03-06T13:29:49.906757,123.45,0.0,10.55,15.68,22.17,0.0,0.0,195.46,4.56,0.328,0.327,STRAIGHT,1.5,1.5,"CMD,0.3,1.50",4.0,0.008,2.329,0.022,1,0.9869,0,NORMAL,53.431,0.447,1,1,1,1,2,116.5,77,3,dijkstra,graph,0.4382,0,,,,,,0,,,,208591,131178,1959
613,137.9459240436554,2026-03-06T13:29:50.134874,132.9,0.0,10.13,18.03,20.18,0.0,0.0,202.77,4.55,0.329,0.328,STRAIGHT,1.5,1.5,"CMD,0.3,1.50",4.0,0.008,2.329,0.022,1,0.9886,0,NORMAL,53.583,0.436,1,1,1,1,2,116.5,104,3,dijkstra,graph,0.44198,0,,,,,,0,,,,209945,132114,2215
614,138.1707992553711,2026-03-06T13:29:50.359749,126.11,0.0,10.52,19.89,22.23,0.0,0.0,200.58,4.54,0.33,0.329,STRAIGHT,1.5,1.5,"CMD,0.3,1.50",4.0,0.008,2.329,0.022,1,0.9871,0,NORMAL,54.232,0.411,1,1,1,1,2,116.5,96,2,dijkstra,graph,0.43853,0,,,,,,0,,,,207796,131217,2046
615,138.40243315696716,2026-03-06T13:29:50.591383,130.72,0.0,11.01,20.9,21.88,0.0,0.0,207.26,4.53,0.333,0.33,STRAIGHT,1.5,1.5,"CMD,0.3,1.50",4.0,0.0082,2.283,0.021,1,0.9816,0,NORMAL,55.034,0.397,1,1,1,1,2,114.2,108,3,dijkstra,graph,0.43151,0,,,,,,0,,,,207072,129136,2288
616,138.6331033706665,2026-03-06T13:29:50.822053,134.19,0.0,11.51,18.59,18.09,0.0,1.0,207.35,4.52,0.335,0.333,STRAIGHT,1.5,1.5,"CMD,0.3,1.50",4.0,0.0082,2.283,0.021,1,0.9623,0,NORMAL,55.135,0.368,1,1,1,1,2,114.2,100,4,dijkstra,graph,0.43764,0,,,,,,0,,,,212971,130899,2135
617,138.84302163124084,2026-03-06T13:29:51.031971,118.97,0.0,10.71,16.72,20.22,0.0,0.0,186.01,4.53,0.337,0.335,STRAIGHT,1.5,1.5,"CMD,0.3,1.50",4.0,0.0082,2.283,0.021,1,0.9757,0,NORMAL,54.951,0.422,1,1,1,1,2,114.2,93,3,dijkstra,graph,0.43353,0,,,,,,0,,,,208941,129785,2103
618,139.06192708015442,2026-03-06T13:29:51.250877,122.05,0.0,10.46,18.84,23.16,0.0,0.0,194.57,4.53,0.337,0.337,STRAIGHT,1.5,1.5,"CMD,0.3,1.50",4.0,0.0082,2.283,0.021,1,0.9797,0,NORMAL,54.991,0.42,1,1,1,1,2,114.2,100,3,dijkstra,graph,0.43045,0,,,,,,0,,,,205689,128846,2305
619,139.28580021858215,2026-03-06T13:29:51.474750,126.21,0.0,9.97,20.09,21.61,0.0,0.0,198.38,4.53,0.338,0.337,STRAIGHT,1.5,1.5,"CMD,0.3,1.50",4.0,0.0082,2.283,0.021,1,0.9828,0,NORMAL,55.837,0.386,1,1,1,1,2,114.2,97,3,dijkstra,graph,0.42062,0,,,,,,0,,,,203046,125934,2158
620,139.50817227363586,2026-03-06T13:29:51.697122,122.19,0.0,10.15,21.24,21.63,0.0,0.0,197.69,4.54,0.339,0.338,STRAIGHT,1.5,1.5,"CMD,0.3,1.50",4.0,0.0082,2.283,0.021,1,0.98,0,NORMAL,55.747,0.372,1,1,1,1,2,114.2,117,3,dijkstra,graph,0.42837,0,,,,,,0,,,,206307,128240,2114
621,139.7276952266693,2026-03-06T13:29:51.916645,122.34,0.0,10.02,18.08,21.99,0.0,0.0,193.75,4.54,0.339,0.339,STRAIGHT,1.5,1.5,"CMD,0.3,1.50",4.0,0.0082,2.283,0.021,1,0.9841,0,NORMAL,54.335,0.458,1,1,1,1,2,114.2,89,4,dijkstra,graph,0.43862,0,,,,,,0,,,,206875,131315,2075
622,139.94450688362122,2026-03-06T13:29:52.133456,120.15,0.0,10.02,18.25,21.7,0.0,0.0,191.59,4.54,0.345,0.339,STRAIGHT,1.5,1.5,"CMD,0.3,1.50",4.0,0.0086,2.237,0.022,1,0.9787,0,NORMAL,54.813,0.437,1,1,1,1,2,111.9,101,3,dijkstra,graph,0.42145,0,,,,,,0,,,,202659,126128,1984
623,140.15781497955322,2026-03-06T13:29:52.346765,120.19,0.0,8.01,17.86,20.96,0.0,0.0,188.9,4.54,0.348,0.345,STRAIGHT,1.5,1.5,"CMD,0.3,1.50",4.0,0.0086,2.237,0.022,1,0.9861,0,NORMAL,55.502,0.433,1,1,1,1,2,111.9,86,3,dijkstra,graph,0.42014,0,,,,,,0,,,,202796,125833,1881
624,140.36736011505127,2026-03-06T13:29:52.556310,117.72,0.0,9.02,17.52,19.89,0.0,0.0,185.42,4.55,0.354,0.348,STRAIGHT,1.5,1.5,"CMD,0.3,1.50",4.0,0.0089,2.192,0.021,1,0.9896,0,NORMAL,55.754,0.395,1,1,1,1,2,109.6,82,2,dijkstra,graph,0.41483,0,,,,,,0,,,,201175,124256,1697
625,140.5879499912262,2026-03-06T13:29:52.776900,124.89,0.0,11.36,18.72,20.1,0.0,0.0,195.12,4.54,0.358,0.354,STRAIGHT,1.5,1.5,"CMD,0.4,1.50",4.0,0.0089,2.192,0.021,1,0.9617,0,NORMAL,54.773,0.454,1,1,1,1,2,109.6,96,3,dijkstra,graph,0.43273,0,,,,,,0,,,,207708,129485,1797
626,140.80238461494446,2026-03-06T13:29:52.991334,120.07,0.0,10.02,19.32,19.9,0.0,0.0,190.67,4.54,0.36,0.358,STRAIGHT,1.5,1.5,"CMD,0.4,1.50",4.0,0.0089,2.192,0.021,1,0.974,0,NORMAL,55.152,0.492,1,1,1,1,2,109.6,99,3,dijkstra,graph,0.42194,0,,,,,,0,,,,203261,126273,1921
627,141.0119206905365,2026-03-06T13:29:53.200870,117.94,0.0,8.38,17.0,20.04,0.0,0.0,185.94,4.56,0.362,0.36,STRAIGHT,1.5,1.5,"CMD,0.4,1.50",4.0,0.0089,2.192,0.021,1,0.9801,0,NORMAL,55.268,0.527,1,1,1,1,2,109.6,90,2,dijkstra,graph,0.41095,0,,,,,,0,,,,199971,122989,1801
628,141.232191324234,2026-03-06T13:29:53.421141,123.56,0.0,10.01,20.03,20.66,0.0,0.0,194.6,4.55,0.363,0.362,STRAIGHT,1.5,1.5,"CMD,0.4,1.50",4.0,0.0089,2.192,0.021,1,0.9848,0,NORMAL,53.843,0.567,1,1,1,1,2,109.6,105,3,dijkstra,graph,0.41252,0,,,,,,0,,,,200445,123415,2049
629,141.44987034797668,2026-03-06T13:29:53.638820,122.41,0.0,10.86,17.05,21.55,0.0,0.0,194.14,4.56,0.364,0.363,STRAIGHT,1.5,1.5,"CMD,0.4,1.50",4.0,0.0089,2.192,0.021,1,0.9873,0,NORMAL,53.861,0.72,1,1,1,1,2,109.6,92,4,dijkstra,graph,0.41074,0,,,,,,0,,,,200342,122845,2015
630,141.68138360977173,2026-03-06T13:29:53.870333,138.3,0.0,10.03,18.55,20.61,0.0,0.0,207.68,4.55,0.364,0.364,STRAIGHT,1.5,1.5,"CMD,0.4,1.50",4.0,0.0089,2.192,0.021,1,0.9803,0,NORMAL,54.085,0.726,1,1,1,1,2,109.6,87,3,dijkstra,graph,0.40802,0,,,,,,0,,,,197334,122196,1907
631,141.89664483070374,2026-03-06T13:29:54.085594,119.89,0.0,10.98,17.88,20.21,0.0,1.0,191.09,4.55,0.365,0.364,STRAIGHT,1.5,1.5,"CMD,0.4,1.50",4.0,0.0089,2.192,0.021,1,0.9875,0,NORMAL,55.14,0.73,1,1,1,1,2,109.6,90,3,dijkstra,graph,0.40178,0,,,,,,0,,,,195670,120116,2102
632,142.1098165512085,2026-03-06T13:29:54.298766,120.97,0.0,9.56,16.89,21.12,0.0,0.0,189.42,4.55,0.365,0.365,STRAIGHT,1.5,1.5,"CMD,0.4,1.50",4.0,0.0089,2.192,0.021,1,0.9839,0,NORMAL,55.671,0.695,1,1,1,1,2,109.6,90,3,dijkstra,graph,0.3914,0,,,,,,0,,,,193298,117206,1951
633,142.32089614868164,2026-03-06T13:29:54.509846,120.41,0.0,9.54,16.89,19.95,0.0,0.0,186.32,4.56,0.365,0.365,STRAIGHT,1.5,1.5,"CMD,0.4,1.50",4.0,0.0089,2.192,0.021,1,0.985,0,NORMAL,55.82,0.661,1,1,1,1,2,109.6,82,3,dijkstra,graph,0.39236,0,,,,,,0,,,,194259,117441,1905
634,142.5421495437622,2026-03-06T13:29:54.731099,123.28,0.0,10.33,20.58,18.11,0.0,2.94,196.99,4.56,0.365,0.365,STRAIGHT,1.5,1.5,"CMD,0.4,1.50",4.0,0.0089,2.192,0.021,1,0.9911,0,NORMAL,55.691,0.694,1,1,1,1,2,109.6,100,3,dijkstra,graph,0.39349,0,,,,,,0,,,,194472,117730,2036
635,142.75640487670898,2026-03-06T13:29:54.945355,119.39,0.0,10.56,17.2,20.71,0.0,0.0,189.79,4.56,0.371,0.365,STRAIGHT,1.5,1.5,"CMD,0.4,1.50",4.0,0.0093,2.146,0.021,1,0.9782,0,NORMAL,56.489,0.675,1,1,1,1,2,107.3,86,3,dijkstra,graph,0.39564,0,,,,,,0,,,,192289,118311,1973
636,142.9652602672577,2026-03-06T13:29:55.154210,116.3,0.0,9.2,17.4,20.46,0.0,0.0,184.4,4.57,0.376,0.371,STRAIGHT,1.5,1.5,"CMD,0.4,1.50",4.0,0.0093,2.146,0.021,1,0.9825,0,NORMAL,57.256,0.636,1,1,1,1,2,107.3,82,3,dijkstra,graph,0.38901,0,,,,,,0,,,,191273,116414,1902
637,143.1755087375641,2026-03-06T13:29:55.364458,119.08,0.0,9.99,18.18,19.17,0.0,0.0,187.01,4.58,0.379,0.376,STRAIGHT,1.5,1.5,"CMD,0.4,1.50",4.0,0.0093,2.146,0.021,1,0.983,0,NORMAL,58.145,0.603,1,1,1,1,2,107.3,90,3,dijkstra,graph,0.39182,0,,,,,,0,,,,191478,117297,1967
638,143.40552806854248,2026-03-06T13:29:55.594478,115.93,0.0,11.22,26.22,30.95,0.0,0.0,205.82,4.57,0.38,0.379,STRAIGHT,1.5,1.5,"CMD,0.4,1.50",4.0,0.0093,2.146,0.021,1,0.9749,0,NORMAL,58.785,0.542,1,1,1,1,1,513.4,145,3,dijkstra,fallback_skeleton,0.38469,0,,,,,,0,,,,188372,115086,2100
639,143.6328136920929,2026-03-06T13:29:55.821763,133.91,0.0,8.66,18.35,19.54,0.0,0.0,202.12,4.57,0.385,0.38,STRAIGHT,1.5,1.5,"CMD,0.4,1.50",4.0,0.0096,2.1,0.021,1,0.9732,0,NORMAL,59.657,0.48,1,1,1,1,2,105.0,91,3,dijkstra,graph,0.3782,0,,,,,,0,,,,190218,113186,1911
640,143.84695625305176,2026-03-06T13:29:56.035906,122.87,0.0,10.82,16.26,20.28,0.0,0.0,190.25,4.57,0.385,0.385,STRAIGHT,1.5,1.5,"CMD,0.4,1.50",4.0,0.0093,2.146,0.021,1,0.9841,0,NORMAL,59.911,0.488,1,1,1,1,2,107.3,93,3,dijkstra,graph,0.38692,0,,,,,,0,,,,192227,115873,1935
641,144.05918765068054,2026-03-06T13:29:56.248137,119.92,0.0,9.26,17.35,19.94,0.0,0.0,187.93,4.57,0.389,0.385,STRAIGHT,1.5,1.5,"CMD,0.4,1.50",4.0,0.0096,2.1,0.021,1,0.982,0,NORMAL,60.163,0.466,1,1,1,1,2,105.0,81,3,dijkstra,graph,0.37556,0,,,,,,0,,,,189479,112514,1879
642,144.27096343040466,2026-03-06T13:29:56.459913,119.49,0.0,10.02,16.7,20.23,0.0,0.0,186.78,4.58,0.391,0.389,STRAIGHT,1.5,1.5,"CMD,0.4,1.50",4.0,0.0096,2.1,0.021,1,0.9844,0,NORMAL,60.223,0.438,1,1,1,1,2,105.0,82,3,dijkstra,graph,0.37876,0,,,,,,0,,,,191123,113452,1891
643,144.48311376571655,2026-03-06T13:29:56.672063,122.58,0.0,10.23,15.03,19.27,0.0,0.0,188.42,4.59,0.392,0.391,STRAIGHT,1.5,1.5,"CMD,0.4,1.50",4.0,0.0096,2.1,0.021,1,0.9846,0,NORMAL,61.109,0.44,1,1,1,1,2,105.0,70,2,dijkstra,graph,0.37521,0,,,,,,0,,,,188948,112375,1678
644,144.70420670509338,2026-03-06T13:29:56.893156,122.18,0.0,10.13,18.88,20.16,0.0,1.0,197.29,4.6,0.393,0.392,STRAIGHT,1.5,1.5,"CMD,0.4,1.50",4.0,0.0096,2.1,0.021,1,0.985,0,NORMAL,61.517,0.475,1,1,1,1,2,105.0,100,3,dijkstra,graph,0.38198,0,,,,,,0,,,,189090,114362,1869
645,144.91599678993225,2026-03-06T13:29:57.104947,119.67,0.0,10.28,15.71,21.75,0.0,0.0,188.1,4.62,0.39,0.392,STRAIGHT,1.5,1.5,"CMD,0.4,1.50",4.0,0.0093,2.146,0.021,1,0.9862,0,NORMAL,60.549,0.541,1,1,1,1,2,107.3,74,3,dijkstra,graph,0.38531,0,,,,,,0,,,,191277,115322,2060
646,145.13264966011047,2026-03-06T13:29:57.321599,124.23,0.0,11.55,17.11,19.98,0.0,0.0,192.42,4.61,0.388,0.39,STRAIGHT,1.5,1.5,"CMD,0.4,1.50",4.0,0.0093,2.146,0.021,1,0.9793,0,NORMAL,60.645,0.517,1,1,1,1,2,107.3,79,3,dijkstra,graph,0.38919,0,,,,,,0,,,,194404,116444,1729
647,145.34892773628235,2026-03-06T13:29:57.537877,126.67,0.0,10.01,17.1,19.19,0.0,0.0,193.03,4.61,0.391,0.39,STRAIGHT,1.5,1.5,"CMD,0.4,1.50",4.0,0.0096,2.1,0.021,1,0.9859,0,NORMAL,60.902,0.53,1,1,1,1,2,105.0,83,3,dijkstra,graph,0.38397,0,,,,,,0,,,,192838,115010,1746
648,145.56271028518677,2026-03-06T13:29:57.751660,122.38,0.0,10.31,14.98,20.41,0.0,0.0,189.63,4.62,0.389,0.389,STRAIGHT,1.5,1.5,"CMD,0.4,1.50",4.0,0.0093,2.146,0.021,1,0.9877,0,NORMAL,61.139,0.527,1,1,1,1,2,107.3,71,3,dijkstra,graph,0.38004,0,,,,,,0,,,,191662,113878,1665
649,145.7774736881256,2026-03-06T13:29:57.966423,119.95,0.0,11.73,17.18,20.34,0.0,0.0,191.05,4.63,0.391,0.391,STRAIGHT,1.5,1.5,"CMD,0.4,1.50",4.0,0.0096,2.1,0.021,1,0.9867,0,NORMAL,61.568,0.542,1,1,1,1,2,105.0,87,3,dijkstra,graph,0.38256,0,,,,,,0,,,,191871,114542,1760
650,145.9909074306488,2026-03-06T13:29:58.179857,122.9,0.0,10.03,17.28,20.63,0.0,0.0,191.5,4.63,0.389,0.389,STRAIGHT,1.5,1.5,"CMD,0.4,1.50",4.0,0.0093,2.146,0.021,1,0.9917,0,NORMAL,62.378,0.503,1,1,1,1,2,107.3,90,3,dijkstra,graph,0.38285,0,,,,,,0,,,,191587,114684,1890
651,146.20636177062988,2026-03-06T13:29:58.395311,123.9,0.0,8.72,19.66,19.01,0.0,0.0,191.25,4.63,0.387,0.389,STRAIGHT,1.5,1.5,"CMD,0.4,1.50",4.0,0.0093,2.146,0.021,1,0.9897,0,NORMAL,62.377,0.46,1,1,1,1,2,107.3,99,3,dijkstra,graph,0.37748,0,,,,,,0,,,,190906,113080,1704
652,146.42196702957153,2026-03-06T13:29:58.610917,121.14,0.0,10.99,17.86,20.15,0.0,1.0,190.92,4.63,0.386,0.387,STRAIGHT,1.5,1.5,"CMD,0.4,1.50",4.0,0.0093,2.146,0.021,1,0.9887,0,NORMAL,63.109,0.459,1,1,1,1,2,107.3,92,3,dijkstra,graph,0.38256,0,,,,,,0,,,,191966,114352,1811
653,146.6463963985443,2026-03-06T13:29:58.835346,133.55,0.0,8.65,17.45,19.33,0.0,0.0,200.84,4.62,0.386,0.386,STRAIGHT,1.5,1.5,"CMD,0.4,1.50",4.0,0.0093,2.146,0.021,1,0.9898,0,NORMAL,63.19,0.443,1,1,1,1,2,107.3,83,3,dijkstra,graph,0.37785,0,,,,,,0,,,,191568,113119,1777
654,146.8556604385376,2026-03-06T13:29:59.044610,119.4,0.0,10.2,16.59,19.43,0.0,0.0,185.72,4.63,0.385,0.386,STRAIGHT,1.5,1.5,"CMD,0.4,1.50",4.0,0.0093,2.146,0.021,1,0.9853,0,NORMAL,62.718,0.48,1,1,1,1,2,107.3,82,2,dijkstra,graph,0.38748,0,,,,,,0,,,,194288,115925,1708
655,147.06622004508972,2026-03-06T13:29:59.255170,121.85,0.0,10.69,14.92,18.18,0.0,0.0,187.0,4.63,0.385,0.385,STRAIGHT,1.5,1.5,"CMD,0.4,1.50",4.0,0.0093,2.146,0.021,1,0.9857,0,NORMAL,63.568,0.498,1,1,1,1,2,107.3,85,2,dijkstra,graph,0.38446,0,,,,,,0,,,,193506,115088,1819
656,147.28043961524963,2026-03-06T13:29:59.469389,123.0,0.0,10.29,17.36,20.01,0.0,0.0,192.67,4.63,0.378,0.385,STRAIGHT,1.5,1.5,"CMD,0.4,1.50",4.0,0.0089,2.192,0.021,1,0.9911,0,NORMAL,63.199,0.533,1,1,1,1,2,109.6,86,3,dijkstra,graph,0.38176,0,,,,,,0,,,,193183,114305,1906
657,147.4905879497528,2026-03-06T13:29:59.679538,119.85,0.0,9.57,18.02,20.0,0.0,0.0,188.08,4.63,0.374,0.378,STRAIGHT,1.5,1.5,"CMD,0.4,1.50",4.0,0.0089,2.192,0.021,1,0.9856,0,NORMAL,62.912,0.478,1,1,1,1,2,109.6,84,3,dijkstra,graph,0.38928,0,,,,,,0,,,,195436,116643,1930
658,147.70583295822144,2026-03-06T13:29:59.894783,120.66,0.0,10.75,16.97,18.9,0.0,0.82,191.76,4.64,0.371,0.374,STRAIGHT,1.5,1.5,"CMD,0.4,1.50",4.0,0.0089,2.192,0.021,1,0.977,0,NORMAL,63.031,0.443,1,1,1,1,2,109.6,75,3,dijkstra,graph,0.40176,0,,,,,,0,,,,199767,120304,1758
659,147.91242003440857,2026-03-06T13:30:00.101370,120.77,0.0,10.19,16.99,17.57,0.0,0.0,185.69,4.65,0.369,0.371,STRAIGHT,1.5,1.5,"CMD,0.4,1.50",4.0,0.0089,2.192,0.021,1,0.9769,0,NORMAL,62.231,0.381,1,1,1,1,2,109.6,81,3,dijkstra,graph,0.3905,0,,,,,,0,,,,196525,116751,1924
660,148.12985801696777,2026-03-06T13:30:00.318808,123.28,0.0,8.63,17.42,21.19,0.0,0.0,192.17,4.65,0.368,0.369,STRAIGHT,1.5,1.5,"CMD,0.4,1.50",4.0,0.0089,2.192,0.021,1,0.9869,0,NORMAL,62.31,0.388,1,1,1,1,2,109.6,88,4,dijkstra,graph,0.3944,0,,,,,,0,,,,196587,118069,1861
661,148.34587979316711,2026-03-06T13:30:00.534829,123.9,0.0,10.02,17.48,19.23,0.0,0.0,191.86,4.65,0.373,0.369,STRAIGHT,1.5,1.5,"CMD,0.4,1.50",4.0,0.0093,2.146,0.021,1,0.9845,0,NORMAL,62.71,0.36,1,1,1,1,2,107.3,83,4,dijkstra,graph,0.38826,0,,,,,,0,,,,193888,116215,1805
662,148.56559896469116,2026-03-06T13:30:00.754549,120.81,0.0,10.77,20.42,20.45,0.0,0.0,194.74,4.64,0.377,0.373,STRAIGHT,1.5,1.5,"CMD,0.4,1.50",4.0,0.0093,2.146,0.021,1,0.9864,0,NORMAL,62.675,0.309,1,1,1,1,2,107.3,86,4,dijkstra,graph,0.39349,0,,,,,,0,,,,195353,117755,1752
663,148.78040266036987,2026-03-06T13:30:00.969352,123.99,0.0,8.66,17.02,20.82,0.0,0.0,191.63,4.65,0.379,0.377,STRAIGHT,1.5,1.5,"CMD,0.4,1.50",4.0,0.0093,2.146,0.021,1,0.9809,0,NORMAL,63.091,0.279,1,1,1,1,2,107.3,82,3,dijkstra,graph,0.39924,0,,,,,,0,,,,198238,119411,1912
664,148.99422526359558,2026-03-06T13:30:01.183175,120.04,0.0,11.02,16.98,18.84,0.0,0.0,188.68,4.65,0.375,0.377,STRAIGHT,1.5,1.5,"CMD,0.4,1.50",4.0,0.0089,2.192,0.021,1,0.9776,0,NORMAL,62.763,0.306,1,1,1,1,2,109.6,78,3,dijkstra,graph,0.39696,0,,,,,,0,,,,195384,118722,1812
665,149.20250988006592,2026-03-06T13:30:01.391459,119.14,0.0,10.21,16.24,20.43,0.0,0.0,186.51,4.65,0.371,0.375,STRAIGHT,1.5,1.5,"CMD,0.4,1.50",4.0,0.0089,2.192,0.021,1,0.9817,0,NORMAL,62.786,0.284,1,1,1,1,2,109.6,74,6,dijkstra,graph,0.3912,0,,,,,,0,,,,195473,117108,1863
666,149.41240668296814,2026-03-06T13:30:01.601356,119.8,0.0,8.81,15.71,19.78,0.0,0.0,185.68,4.65,0.369,0.371,STRAIGHT,1.5,1.5,"CMD,0.4,1.50",4.0,0.0089,2.192,0.021,1,0.9858,0,NORMAL,62.547,0.298,1,1,1,1,2,109.6,72,3,dijkstra,graph,0.39349,0,,,,,,0,,,,195047,117853,1903
667,149.6345181465149,2026-03-06T13:30:01.823468,132.43,0.0,10.42,16.68,20.0,0.0,0.0,200.88,4.66,0.368,0.369,STRAIGHT,1.5,1.5,"CMD,0.4,1.50",4.0,0.0089,2.192,0.021,1,0.9817,0,NORMAL,62.51,0.285,1,1,1,1,2,109.6,89,4,dijkstra,graph,0.40395,0,,,,,,0,,,,197597,120872,1874
668,149.84895157814026,2026-03-06T13:30:02.037901,122.16,0.0,8.02,19.17,19.9,0.0,0.0,190.91,4.67,0.364,0.368,STRAIGHT,1.5,1.5,"CMD,0.4,1.50",4.0,0.0086,2.237,0.022,1,0.989,0,NORMAL,62.904,0.242,1,1,1,1,2,111.9,95,3,dijkstra,graph,0.40163,0,,,,,,0,,,,196236,120291,1844
669,150.0588822364807,2026-03-06T13:30:02.247832,119.43,0.0,8.72,16.78,20.14,0.0,0.0,186.7,4.67,0.361,0.364,STRAIGHT,1.5,1.5,"CMD,0.4,1.50",4.0,0.0086,2.237,0.022,1,0.9901,0,NORMAL,62.318,0.221,1,1,1,1,2,111.9,77,4,dijkstra,graph,0.40446,0,,,,,,0,,,,197112,121151,1850
670,150.26822543144226,2026-03-06T13:30:02.457175,118.81,0.0,10.02,16.24,20.2,0.0,0.0,185.96,4.67,0.359,0.361,STRAIGHT,1.5,1.5,"CMD,0.4,1.50",4.0,0.0086,2.237,0.022,1,0.9863,0,NORMAL,62.524,0.207,1,1,1,1,2,111.9,80,3,dijkstra,graph,0.40957,0,,,,,,0,,,,197676,122690,1764
671,150.47804760932922,2026-03-06T13:30:02.666997,118.13,0.0,8.61,18.58,20.22,0.0,0.0,184.91,4.67,0.35,0.359,STRAIGHT,1.5,1.5,"CMD,0.4,1.50",4.0,0.008,2.329,0.022,1,0.984,0,NORMAL,61.705,0.255,1,1,1,1,2,116.5,72,3,dijkstra,graph,0.40754,0,,,,,,0,,,,198409,121961,1762
672,150.70140743255615,2026-03-06T13:30:02.890357,127.85,0.0,10.11,16.25,21.88,0.0,0.0,198.6,4.66,0.346,0.35,STRAIGHT,1.5,1.5,"CMD,0.3,1.50",4.0,0.0082,2.283,0.021,1,0.9729,0,NORMAL,61.21,0.512,1,1,1,1,2,114.2,79,3,dijkstra,graph,0.40973,0,,,,,,0,,,,197305,122796,1846
673,150.9139964580536,2026-03-06T13:30:03.102946,116.32,0.0,11.75,14.65,23.0,0.0,1.55,189.09,4.67,0.341,0.346,STRAIGHT,1.5,1.5,"CMD,0.3,1.50",4.0,0.008,2.329,0.022,1,0.9813,0,NORMAL,61.326,0.611,1,1,1,1,2,116.5,82,3,dijkstra,graph,0.41986,0,,,,,,0,,,,200353,125593,1850
674,151.1268756389618,2026-03-06T13:30:03.315825,121.26,0.0,11.15,17.1,17.86,0.0,1.0,188.67,4.67,0.341,0.341,STRAIGHT,1.5,1.5,"CMD,0.3,1.50",4.0,0.0082,2.283,0.021,1,0.9876,0,NORMAL,61.598,0.548,1,1,1,1,2,114.2,74,3,dijkstra,graph,0.42008,0,,,,,,0,,,,200127,125766,1817
675,151.3413805961609,2026-03-06T13:30:03.530330,119.81,0.0,10.8,18.39,22.02,0.0,0.0,193.28,4.67,0.34,0.341,STRAIGHT,1.5,1.5,"CMD,0.3,1.50",4.0,0.0082,2.283,0.021,1,0.9841,0,NORMAL,61.496,0.551,1,1,1,1,2,114.2,91,3,dijkstra,graph,0.41248,0,,,,,,0,,,,199354,123537,2062
676,151.55889248847961,2026-03-06T13:30:03.747842,119.12,0.0,12.1,17.57,21.2,0.0,0.0,193.07,4.67,0.34,0.34,STRAIGHT,1.5,1.5,"CMD,0.3,1.50",4.0,0.0082,2.283,0.021,1,0.9848,0,NORMAL,61.139,0.587,1,1,1,1,2,114.2,77,4,dijkstra,graph,0.41525,0,,,,,,0,,,,200291,124358,1821
677,151.7774212360382,2026-03-06T13:30:03.966371,124.26,0.0,10.04,16.68,21.44,0.0,0.0,194.89,4.67,0.337,0.34,STRAIGHT,1.5,1.5,"CMD,0.3,1.50",4.0,0.008,2.329,0.022,1,0.9871,0,NORMAL,60.705,0.602,1,1,1,1,2,116.5,74,3,dijkstra,graph,0.41647,0,,,,,,0,,,,200593,124742,1826
678,151.99258732795715,2026-03-06T13:30:04.181537,119.97,0.0,10.02,18.74,20.69,0.0,0.0,191.41,4.67,0.335,0.337,STRAIGHT,1.5,1.5,"CMD,0.3,1.50",4.0,0.008,2.329,0.022,1,0.9846,0,NORMAL,60.527,0.584,1,1,1,1,2,116.5,93,3,dijkstra,graph,0.41306,0,,,,,,0,,,,199869,123647,2067
679,152.21138906478882,2026-03-06T13:30:04.400339,123.18,0.0,10.21,16.56,20.91,0.0,1.0,192.9,4.66,0.333,0.335,STRAIGHT,1.5,1.5,"CMD,0.3,1.50",4.0,0.008,2.329,0.022,1,0.9866,0,NORMAL,60.326,0.61,1,1,1,1,2,116.5,77,4,dijkstra,graph,0.41335,0,,,,,,0,,,,199931,123765,1845
680,152.42558765411377,2026-03-06T13:30:04.614537,118.42,0.0,10.02,18.43,21.51,0.0,0.0,190.52,4.66,0.328,0.333,STRAIGHT,1.5,1.5,"CMD,0.3,1.50",4.0,0.0077,2.374,0.022,1,0.985,0,NORMAL,60.072,0.614,1,1,1,1,2,118.7,84,5,dijkstra,graph,0.41622,0,,,,,,0,,,,201221,124641,2074
681,152.65271401405334,2026-03-06T13:30:04.841664,130.63,0.0,9.01,18.11,20.91,0.0,0.0,201.63,4.65,0.324,0.328,STRAIGHT,1.5,1.5,"CMD,0.3,1.50",4.0,0.0077,2.374,0.022,1,0.981,0,NORMAL,59.196,0.593,1,1,1,1,2,118.7,77,5,dijkstra,graph,0.41378,0,,,,,,0,,,,199459,123992,2008
682,152.87093138694763,2026-03-06T13:30:05.059881,123.13,0.0,9.52,19.23,20.93,0.0,0.0,194.47,4.66,0.326,0.326,STRAIGHT,1.5,1.5,"CMD,0.3,1.50",4.0,0.008,2.329,0.022,1,0.9836,0,NORMAL,56.712,0.57,1,1,1,1,2,116.5,84,3,dijkstra,graph,0.41397,0,,,,,,0,,,,199436,123925,1870
683,153.0849049091339,2026-03-06T13:30:05.273855,123.43,0.0,10.22,16.14,20.76,0.0,0.0,191.91,4.66,0.328,0.326,STRAIGHT,1.5,1.5,"CMD,0.3,1.50",4.0,0.008,2.329,0.022,1,0.9848,0,NORMAL,56.689,0.487,1,1,1,1,2,116.5,72,4,dijkstra,graph,0.41231,0,,,,,,0,,,,199810,123471,1808
684,153.29698634147644,2026-03-06T13:30:05.485936,119.78,0.0,10.02,16.73,19.19,0.0,0.0,187.81,4.65,0.329,0.328,STRAIGHT,1.5,1.5,"CMD,0.3,1.50",4.0,0.008,2.329,0.022,1,0.985,0,NORMAL,57.564,0.393,1,1,1,1,2,116.5,75,2,dijkstra,graph,0.41039,0,,,,,,0,,,,199152,122885,1802
685,153.5095818042755,2026-03-06T13:30:05.698531,120.07,0.0,10.73,16.58,21.2,0.0,0.0,186.7,4.66,0.329,0.329,STRAIGHT,1.5,1.5,"CMD,0.3,1.50",4.0,0.008,2.329,0.022,1,0.9761,0,NORMAL,57.771,0.633,1,1,1,1,2,116.5,69,4,dijkstra,graph,0.40822,0,,,,,,0,,,,197057,122236,1825
686,153.71891522407532,2026-03-06T13:30:05.907865,121.37,0.0,10.29,16.3,19.64,0.0,0.0,188.18,4.66,0.33,0.329,STRAIGHT,1.5,1.5,"CMD,0.3,1.50",4.0,0.008,2.329,0.022,1,0.981,0,NORMAL,57.589,0.464,1,1,1,1,2,116.5,71,5,dijkstra,graph,0.41002,0,,,,,,0,,,,198773,122803,1865
687,153.92715334892273,2026-03-06T13:30:06.116103,122.46,0.0,9.51,17.88,20.02,0.0,0.0,188.07,4.66,0.333,0.33,STRAIGHT,1.5,1.5,"CMD,0.3,1.50",4.0,0.0082,2.283,0.021,1,0.9839,0,NORMAL,57.582,0.537,1,1,1,1,2,114.2,75,6,dijkstra,graph,0.41492,0,,,,,,0,,,,200621,124197,2028
688,154.13877892494202,2026-03-06T13:30:06.327728,122.85,0.0,10.44,15.16,18.59,0.0,0.0,189.97,4.66,0.335,0.333,STRAIGHT,1.5,1.5,"CMD,0.3,1.50",4.0,0.0082,2.283,0.021,1,0.9829,0,NORMAL,57.655,0.529,1,1,1,1,2,114.2,67,5,dijkstra,graph,0.41293,0,,,,,,0,,,,199761,123698,1770
689,154.3469319343567,2026-03-06T13:30:06.535882,120.09,0.0,10.27,12.89,21.23,0.0,0.0,183.84,4.66,0.337,0.335,STRAIGHT,1.5,1.5,"CMD,0.3,1.50",4.0,0.0082,2.283,0.021,1,0.9845,0,NORMAL,57.895,0.535,1,1,1,1,2,114.2,58,5,dijkstra,graph,0.41915,0,,,,,,0,,,,200845,125430,1811
690,154.5588185787201,2026-03-06T13:30:06.747768,119.5,0.0,10.26,15.04,20.72,0.0,0.0,185.25,4.67,0.338,0.337,STRAIGHT,1.5,1.5,"CMD,0.3,1.50",4.0,0.0082,2.283,0.021,1,0.9814,0,NORMAL,57.95,0.57,1,1,1,1,2,114.2,60,5,dijkstra,graph,0.41498,0,,,,,,0,,,,199484,124210,1753
691,154.77086424827576,2026-03-06T13:30:06.959814,121.25,0.0,10.94,15.45,20.51,0.0,0.0,187.43,4.67,0.338,0.338,STRAIGHT,1.5,1.5,"CMD,0.3,1.50",4.0,0.0082,2.283,0.021,1,0.9822,0,NORMAL,57.774,0.596,1,1,1,1,2,114.2,67,5,dijkstra,graph,0.42052,0,,,,,,0,,,,200424,125860,1833
692,154.9865264892578,2026-03-06T13:30:07.175476,123.17,0.0,8.59,15.25,21.55,0.0,0.0,190.99,4.67,0.339,0.338,STRAIGHT,1.5,1.5,"CMD,0.3,1.50",4.0,0.0082,2.283,0.021,1,0.9792,0,NORMAL,58.403,0.541,1,1,1,1,2,114.2,71,4,dijkstra,graph,0.40851,0,,,,,,0,,,,198336,122263,1996
693,155.19704747200012,2026-03-06T13:30:07.385997,121.49,0.0,10.01,15.86,21.66,0.0,0.0,189.31,4.68,0.339,0.339,STRAIGHT,1.5,1.5,"CMD,0.3,1.50",4.0,0.0082,2.283,0.021,1,0.981,0,NORMAL,58.232,0.6,1,1,1,1,2,114.2,70,6,dijkstra,graph,0.41496,0,,,,,,0,,,,200563,124241,1943
694,155.41513204574585,2026-03-06T13:30:07.604082,126.24,0.0,10.52,17.26,20.12,0.0,0.0,193.19,4.67,0.339,0.339,STRAIGHT,1.5,1.5,"CMD,0.3,1.50",4.0,0.0082,2.283,0.021,1,0.9743,0,NORMAL,58.65,0.558,1,1,1,1,2,114.2,74,5,dijkstra,graph,0.40072,0,,,,,,0,,,,196490,120031,1931
695,155.63532853126526,2026-03-06T13:30:07.824278,128.36,0.0,9.79,17.19,19.04,0.0,1.37,196.57,4.66,0.339,0.339,STRAIGHT,1.5,1.5,"CMD,0.3,1.50",4.0,0.0082,2.283,0.021,1,0.9776,0,NORMAL,57.507,0.56,1,1,1,1,2,114.2,83,3,dijkstra,graph,0.40901,0,,,,,,0,,,,199388,122493,2003
696,155.8529407978058,2026-03-06T13:30:08.041890,122.97,0.0,10.01,18.71,21.87,0.0,0.0,193.16,4.66,0.339,0.339,STRAIGHT,1.5,1.5,"CMD,0.3,1.50",4.0,0.0082,2.283,0.021,1,0.9799,0,NORMAL,57.901,0.562,1,1,1,1,2,114.2,84,5,dijkstra,graph,0.40095,0,,,,,,0,,,,197401,120048,1985
697,156.06518840789795,2026-03-06T13:30:08.254138,119.41,0.0,10.35,17.3,19.12,0.0,1.07,189.19,4.66,0.339,0.339,STRAIGHT,1.5,1.5,"CMD,0.3,1.50",4.0,0.0082,2.283,0.021,1,0.9808,0,NORMAL,58.222,0.542,1,1,1,1,2,114.2,80,3,dijkstra,graph,0.40698,0,,,,,,0,,,,198346,122029,1870
698,156.2776381969452,2026-03-06T13:30:08.466588,121.92,0.0,9.01,16.63,19.6,0.0,0.0,188.69,4.66,0.339,0.339,STRAIGHT,1.5,1.5,"CMD,0.3,1.50",4.0,0.0082,2.283,0.021,1,0.9776,0,NORMAL,58.828,0.521,1,1,1,1,2,114.2,70,4,dijkstra,graph,0.39884,0,,,,,,0,,,,195756,119364,1830
699,156.49249792099,2026-03-06T13:30:08.681448,121.05,0.0,12.04,15.36,20.62,0.0,0.0,189.75,4.66,0.345,0.339,STRAIGHT,1.5,1.5,"CMD,0.3,1.50",4.0,0.0086,2.237,0.022,1,0.9835,0,NORMAL,59.463,0.544,1,1,1,1,2,111.9,62,5,dijkstra,graph,0.40264,0,,,,,,0,,,,196703,120462,1874
700,156.70886063575745,2026-03-06T13:30:08.897810,121.83,0.0,11.23,16.56,21.19,0.0,0.0,192.87,4.65,0.349,0.345,STRAIGHT,1.5,1.5,"CMD,0.3,1.50",4.0,0.0086,2.237,0.022,1,0.9687,0,NORMAL,59.58,0.509,1,1,1,1,2,111.9,73,3,dijkstra,graph,0.41399,0,,,,,,0,,,,201480,123947,1864
701,156.92003417015076,2026-03-06T13:30:09.108984,120.02,0.0,9.01,16.4,20.67,0.0,0.0,186.87,4.66,0.351,0.349,STRAIGHT,1.5,1.5,"CMD,0.3,1.50",4.0,0.0086,2.237,0.022,1,0.9678,0,NORMAL,60.047,0.497,1,1,1,1,2,111.9,69,5,dijkstra,graph,0.39957,0,,,,,,0,,,,197252,119624,1788
702,157.13313579559326,2026-03-06T13:30:09.322086,122.87,0.0,10.29,16.13,20.14,0.0,0.0,189.28,4.66,0.353,0.351,STRAIGHT,1.5,1.5,"CMD,0.4,1.50",4.0,0.0086,2.237,0.022,1,0.9808,0,NORMAL,59.766,0.53,1,1,1,1,2,111.9,67,4,dijkstra,graph,0.40207,0,,,,,,0,,,,197060,120465,1801
703,157.34391045570374,2026-03-06T13:30:09.532860,122.61,0.0,9.01,13.47,19.04,0.0,0.0,185.51,4.66,0.354,0.353,STRAIGHT,1.5,1.5,"CMD,0.4,1.50",4.0,0.0086,2.237,0.022,1,0.9791,0,NORMAL,58.864,0.483,1,1,1,1,2,111.9,68,6,dijkstra,graph,0.39899,0,,,,,,0,,,,196681,119307,2025
704,157.5519244670868,2026-03-06T13:30:09.740874,119.75,0.0,11.09,15.03,18.2,0.0,1.0,186.11,4.67,0.358,0.354,STRAIGHT,1.5,1.5,"CMD,0.4,1.50",4.0,0.0089,2.192,0.021,1,0.9752,0,NORMAL,59.511,0.411,1,1,1,1,2,109.6,66,4,dijkstra,graph,0.40124,0,,,,,,0,,,,198037,120196,1830
705,157.7680675983429,2026-03-06T13:30:09.957017,127.37,0.0,9.47,15.4,19.79,0.0,0.0,191.9,4.67,0.36,0.358,STRAIGHT,1.5,1.5,"CMD,0.4,1.50",4.0,0.0089,2.192,0.021,1,0.977,0,NORMAL,59.836,0.396,1,1,1,1,2,109.6,65,4,dijkstra,graph,0.39076,0,,,,,,0,,,,195065,117107,1711
706,157.97876000404358,2026-03-06T13:30:10.167710,121.09,0.0,10.23,14.91,19.32,0.0,0.0,187.92,4.68,0.362,0.36,STRAIGHT,1.5,1.5,"CMD,0.4,1.50",4.0,0.0089,2.192,0.021,1,0.9839,0,NORMAL,57.318,0.434,1,1,1,1,2,109.6,62,4,dijkstra,graph,0.38678,0,,,,,,0,,,,194024,115772,1820
707,158.19030117988586,2026-03-06T13:30:10.379251,121.51,0.0,10.03,14.08,20.39,0.0,1.06,188.32,4.68,0.363,0.362,STRAIGHT,1.5,1.5,"CMD,0.4,1.50",4.0,0.0089,2.192,0.021,1,0.9824,0,NORMAL,57.017,0.392,1,1,1,1,2,109.6,71,5,dijkstra,graph,0.38343,0,,,,,,0,,,,193991,114769,1953
708,158.40004086494446,2026-03-06T13:30:10.588991,121.42,0.0,9.62,13.7,19.17,0.0,0.0,186.1,4.69,0.364,0.363,STRAIGHT,1.5,1.5,"CMD,0.4,1.50",4.0,0.0089,2.192,0.021,1,0.9804,0,NORMAL,57.132,0.387,1,1,1,1,2,109.6,50,5,dijkstra,graph,0.38442,0,,,,,,0,,,,195616,115079,1709
709,158.61818552017212,2026-03-06T13:30:10.807135,131.55,0.0,9.02,15.61,18.65,0.0,0.0,194.31,4.68,0.364,0.364,STRAIGHT,1.5,1.5,"CMD,0.4,1.50",4.0,0.0089,2.192,0.021,1,0.9792,0,NORMAL,57.618,0.332,1,1,1,1,2,109.6,76,5,dijkstra,graph,0.37975,0,,,,,,0,,,,193141,113697,1956
710,158.82774710655212,2026-03-06T13:30:11.016697,121.27,0.0,9.64,14.34,19.44,0.0,0.0,185.73,4.7,0.365,0.364,STRAIGHT,1.5,1.5,"CMD,0.4,1.50",4.0,0.0089,2.192,0.021,1,0.9753,0,NORMAL,56.499,0.315,1,1,1,1,2,109.6,62,4,dijkstra,graph,0.37502,0,,,,,,0,,,,189742,112371,1875
711,159.04181599617004,2026-03-06T13:30:11.230766,122.61,0.0,9.21,14.86,18.87,0.0,0.0,188.66,4.7,0.371,0.365,STRAIGHT,1.5,1.5,"CMD,0.4,1.50",4.0,0.0093,2.146,0.021,1,0.9787,0,NORMAL,57.298,0.283,1,1,1,1,2,107.3,65,6,dijkstra,graph,0.37211,0,,,,,,0,,,,189520,111414,1894
712,159.2513608932495,2026-03-06T13:30:11.440311,121.08,0.0,9.68,14.02,18.95,0.0,0.0,185.3,4.7,0.375,0.371,STRAIGHT,1.5,1.5,"CMD,0.4,1.50",4.0,0.0093,2.146,0.021,1,0.9777,0,NORMAL,57.966,0.257,1,1,1,1,2,107.3,72,2,dijkstra,graph,0.36988,0,,,,,,0,,,,187948,110752,1646
713,159.46104454994202,2026-03-06T13:30:11.649994,121.26,0.0,8.85,13.82,19.32,0.0,0.0,184.02,4.7,0.378,0.375,STRAIGHT,1.5,1.5,"CMD,0.4,1.50",4.0,0.0093,2.146,0.021,1,0.9764,0,NORMAL,58.312,0.261,1,1,1,1,2,107.3,68,4,dijkstra,graph,0.37622,0,,,,,,0,,,,189295,112585,1741
714,159.6849913597107,2026-03-06T13:30:11.873941,135.13,0.0,10.14,14.1,19.31,0.0,0.0,200.81,4.7,0.38,0.378,STRAIGHT,1.5,1.5,"CMD,0.4,1.50",4.0,0.0093,2.146,0.021,1,0.9735,0,NORMAL,59.41,0.278,1,1,1,1,2,107.3,59,3,dijkstra,graph,0.36612,0,,,,,,0,,,,185894,109626,1658
715,159.89917159080505,2026-03-06T13:30:12.088121,122.92,0.0,10.4,15.71,20.13,0.0,0.0,188.99,4.69,0.382,0.38,STRAIGHT,1.5,1.5,"CMD,0.4,1.50",4.0,0.0093,2.146,0.021,1,0.9775,0,NORMAL,59.861,0.24,1,1,1,1,2,107.3,64,4,dijkstra,graph,0.36893,0,,,,,,0,,,,185735,110406,1905
716,160.10976457595825,2026-03-06T13:30:12.298714,120.8,0.0,9.9,15.47,19.23,0.0,0.0,187.95,4.69,0.382,0.382,STRAIGHT,1.5,1.5,"CMD,0.4,1.50",4.0,0.0093,2.146,0.021,1,0.963,0,NORMAL,60.735,0.216,1,1,1,1,2,107.3,69,4,dijkstra,graph,0.37519,0,,,,,,0,,,,189260,112315,1901
717,160.316339969635,2026-03-06T13:30:12.505290,117.61,0.0,9.97,13.5,19.02,0.0,0.0,182.13,4.7,0.387,0.382,STRAIGHT,1.5,1.5,"CMD,0.4,1.50",4.0,0.0096,2.1,0.021,1,0.9634,0,NORMAL,62.288,0.139,1,1,1,1,2,105.0,60,4,dijkstra,graph,0.3637,0,,,,,,0,,,,186182,108923,1821
718,160.52780079841614,2026-03-06T13:30:12.716750,120.9,0.0,10.36,15.05,19.7,0.0,0.0,187.64,4.69,0.39,0.387,STRAIGHT,1.5,1.5,"CMD,0.4,1.50",4.0,0.0096,2.1,0.021,1,0.9677,0,NORMAL,63.246,0.085,1,1,1,1,2,105.0,67,4,dijkstra,graph,0.36236,0,,,,,,0,,,,184314,108419,1807
719,160.7295069694519,2026-03-06T13:30:12.918457,113.9,0.0,10.18,14.14,19.57,0.0,0.0,178.99,4.7,0.392,0.39,STRAIGHT,1.5,1.5,"CMD,0.4,1.50",4.0,0.0096,2.1,0.021,1,0.959,0,NORMAL,64.332,0.027,1,1,1,1,2,105.0,65,4,dijkstra,graph,0.34959,0,,,,,,0,,,,179984,104726,1704
720,160.94569563865662,2026-03-06T13:30:13.134645,121.48,0.0,9.03,15.62,26.64,0.0,0.97,194.98,4.7,0.393,0.392,STRAIGHT,1.5,1.5,"CMD,0.4,1.50",4.0,0.0096,2.1,0.021,1,0.9424,0,NORMAL,64.903,-0.007,1,1,1,1,1,454.3,77,5,dijkstra,fallback_skeleton,0.34211,0,,,,,,0,,,,173216,102479,1695
721,161.1729018688202,2026-03-06T13:30:13.361851,124.24,0.0,9.52,15.77,27.34,0.0,0.0,201.89,4.69,0.394,0.393,STRAIGHT,1.5,1.5,"CMD,0.4,1.50",4.0,0.0096,2.1,0.021,1,0.9496,0,NORMAL,65.405,-0.017,1,1,1,1,1,453.4,85,5,dijkstra,fallback_skeleton,0.34541,0,,,,,,0,,,,170121,103496,1759
722,161.38932728767395,2026-03-06T13:30:13.578277,119.07,0.0,8.96,15.37,25.47,0.0,0.0,191.18,4.68,0.394,0.394,STRAIGHT,1.5,1.5,"CMD,0.4,1.50",4.0,0.0096,2.1,0.021,1,0.9652,0,NORMAL,66.333,-0.041,1,1,1,1,1,457.7,87,4,dijkstra,fallback_skeleton,0.33349,0,,,,,,0,,,,165733,99915,1782
723,161.6093349456787,2026-03-06T13:30:13.799285,128.45,0.0,10.06,18.14,18.92,0.0,0.0,196.7,4.68,0.395,0.394,STRAIGHT,1.5,1.5,"CMD,0.4,1.50",4.0,0.0096,2.1,0.021,1,0.965,0,NORMAL,66.881,-0.068,1,1,1,1,1,456.2,91,4,dijkstra,fallback_skeleton,0.32973,0,,,,,,0,,,,165330,98750,1808
724,161.82105660438538,2026-03-06T13:30:14.010006,122.21,0.0,10.02,16.18,18.66,0.0,0.0,187.22,4.69,0.395,0.395,STRAIGHT,1.5,1.5,"CMD,0.4,1.50",4.0,0.0096,2.1,0.021,1,0.9405,0,NORMAL,67.252,-0.004,1,1,1,1,1,455.7,85,3,dijkstra,fallback_skeleton,0.33674,0,,,,,,0,,,,174370,100869,1694
725,162.04031443595886,2026-03-06T13:30:14.229264,125.66,0.0,9.74,17.01,18.41,0.0,0.0,193.13,4.69,0.395,0.395,STRAIGHT,1.5,1.5,"CMD,0.4,1.50",4.0,0.0096,2.1,0.021,1,0.9687,0,NORMAL,68.078,-0.265,1,1,1,1,1,450.8,90,4,dijkstra,fallback_skeleton,0.33252,0,,,,,,0,,,,174254,99589,1776
726,162.25157165527344,2026-03-06T13:30:14.440521,122.24,0.0,9.19,17.1,19.12,0.0,0.0,187.3,4.69,0.402,0.395,STRAIGHT,1.5,1.5,"CMD,0.4,1.50",4.0,0.0101,2.055,0.021,1,0.962,0,NORMAL,68.684,-0.258,1,1,1,1,2,102.8,87,3,dijkstra,graph,0.3414,0,,,,,,0,,,,179353,102189,1636
727,162.46162724494934,2026-03-06T13:30:14.650577,121.12,0.0,9.02,15.61,19.03,0.0,0.0,186.58,4.69,0.415,0.402,STRAIGHT,1.5,1.5,"CMD,0.4,1.50",4.0,0.0107,2.009,0.022,1,0.9806,0,NORMAL,69.612,-0.301,1,1,1,1,2,100.5,79,3,dijkstra,graph,0.34304,0,,,,,,0,,,,179885,102615,1727
728,162.68172979354858,2026-03-06T13:30:14.870679,130.78,0.0,9.89,15.65,18.63,0.0,0.0,196.07,4.68,0.424,0.415,STRAIGHT,1.5,1.5,"CMD,0.4,1.50",4.0,0.0107,2.009,0.022,1,0.9829,0,NORMAL,70.028,-0.298,1,1,1,1,2,100.5,78,3,dijkstra,graph,0.33671,0,,,,,,0,,,,178059,100765,1679
729,162.8983883857727,2026-03-06T13:30:15.087338,127.9,0.0,9.02,15.64,18.56,0.0,1.0,192.54,4.69,0.43,0.424,STRAIGHT,1.5,1.5,"CMD,0.4,1.50",4.0,0.0107,2.009,0.022,1,0.9898,0,NORMAL,70.711,-0.344,1,1,1,1,2,100.5,72,3,dijkstra,graph,0.33527,0,,,,,,0,,,,177259,100296,1716
730,163.10680770874023,2026-03-06T13:30:15.295757,122.06,0.0,9.61,15.93,19.46,0.0,0.0,186.85,4.69,0.434,0.43,STRAIGHT,1.5,1.5,"CMD,0.4,1.50",4.0,0.0107,2.009,0.022,1,0.9885,0,NORMAL,70.711,-0.366,1,1,1,1,2,100.5,72,3,dijkstra,graph,0.33343,0,,,,,,0,,,,176752,99819,1626
731,163.31208539009094,2026-03-06T13:30:15.501035,120.5,0.0,11.4,14.35,16.25,0.0,0.0,182.32,4.69,0.436,0.434,STRAIGHT,1.5,1.5,"CMD,0.4,1.50",4.0,0.0107,2.009,0.022,1,0.9893,0,NORMAL,70.711,-0.352,1,1,1,1,2,100.5,78,3,dijkstra,graph,0.3368,0,,,,,,0,,,,178175,100797,1641
732,163.52100610733032,2026-03-06T13:30:15.709956,120.99,0.0,11.79,16.81,17.53,0.0,0.0,187.26,4.7,0.438,0.436,STRAIGHT,1.5,1.5,"CMD,0.4,1.50",4.0,0.0107,2.009,0.022,1,0.9906,0,NORMAL,70.711,-0.306,1,1,1,1,2,100.5,81,3,dijkstra,graph,0.34128,0,,,,,,0,,,,179259,102071,1666
733,163.73074865341187,2026-03-06T13:30:15.919698,121.11,0.0,9.87,16.43,15.89,0.0,1.0,186.49,4.69,0.439,0.438,STRAIGHT,1.5,1.5,"CMD,0.4,1.50",4.0,0.0107,2.009,0.022,1,0.9903,0,NORMAL,70.711,-0.316,1,1,1,1,2,100.5,86,3,dijkstra,graph,0.34126,0,,,,,,0,,,,180070,102184,1851
734,163.94261121749878,2026-03-06T13:30:16.131561,123.21,0.0,10.02,16.7,20.07,0.0,0.0,190.57,4.7,0.44,0.439,STRAIGHT,1.5,1.5,"CMD,0.4,1.50",4.0,0.0107,2.009,0.022,1,0.9901,0,NORMAL,70.711,-0.313,1,1,1,1,2,100.5,79,3,dijkstra,graph,0.3457,0,,,,,,0,,,,180483,103407,1700
735,164.15096068382263,2026-03-06T13:30:16.339910,121.51,0.0,10.07,14.02,18.51,0.0,0.0,185.34,4.7,0.44,0.44,STRAIGHT,1.5,1.5,"CMD,0.4,1.50",4.0,0.0107,2.009,0.022,1,0.9887,0,NORMAL,70.711,-0.295,1,1,1,1,2,100.5,72,2,dijkstra,graph,0.34333,0,,,,,,0,,,,180170,102700,1542
736,164.36204361915588,2026-03-06T13:30:16.550993,119.23,0.0,8.63,16.39,20.04,0.0,0.0,187.08,4.7,0.441,0.44,STRAIGHT,1.5,1.5,"CMD,0.4,1.50",4.0,0.0107,2.009,0.022,1,0.9906,0,NORMAL,70.711,-0.285,1,1,1,1,2,100.5,74,3,dijkstra,graph,0.34246,0,,,,,,0,,,,180395,102514,1844
737,164.57489824295044,2026-03-06T13:30:16.763848,123.22,0.0,10.23,15.88,18.95,0.0,0.0,189.23,4.7,0.441,0.441,STRAIGHT,1.5,1.5,"CMD,0.4,1.50",4.0,0.0107,2.009,0.022,1,0.9886,0,NORMAL,70.711,-0.304,1,1,1,1,2,100.5,68,4,dijkstra,graph,0.35037,0,,,,,,0,,,,181231,104822,1804
738,164.78711533546448,2026-03-06T13:30:16.976065,122.21,0.0,10.02,15.62,19.04,0.0,0.0,188.75,4.7,0.441,0.441,STRAIGHT,1.5,1.5,"CMD,0.4,1.50",4.0,0.0107,2.009,0.022,1,0.9864,0,NORMAL,70.711,-0.229,1,1,1,1,2,100.5,66,4,dijkstra,graph,0.3511,0,,,,,,0,,,,182602,105122,1728
739,165.00080704689026,2026-03-06T13:30:17.189757,125.11,0.0,10.2,15.68,19.74,0.0,0.0,192.28,4.7,0.441,0.441,STRAIGHT,1.5,1.5,"CMD,0.4,1.50",4.0,0.0107,2.009,0.022,1,0.9882,0,NORMAL,70.711,-0.207,1,1,1,1,2,100.5,76,3,dijkstra,graph,0.35676,0,,,,,,0,,,,183876,106716,1718
740,165.21078729629517,2026-03-06T13:30:17.399737,120.49,0.0,9.31,17.19,19.54,0.0,0.0,186.8,4.7,0.441,0.441,STRAIGHT,1.5,1.5,"CMD,0.4,1.50",4.0,0.0107,2.009,0.022,1,0.989,0,NORMAL,70.711,-0.089,1,1,1,1,2,100.5,86,3,dijkstra,graph,0.35481,0,,,,,,0,,,,183565,106225,1846
741,165.42578840255737,2026-03-06T13:30:17.614738,121.99,0.0,10.45,17.1,19.74,0.0,0.0,191.51,4.7,0.441,0.441,STRAIGHT,1.5,1.5,"CMD,0.4,1.50",4.0,0.0107,2.009,0.022,1,0.9891,0,NORMAL,70.711,-0.047,1,1,1,1,2,100.5,79,3,dijkstra,graph,0.36091,0,,,,,,0,,,,184897,108081,1839
742,165.65294075012207,2026-03-06T13:30:17.841890,133.99,0.0,10.13,16.8,20.19,0.0,0.0,203.24,4.68,0.441,0.441,STRAIGHT,1.5,1.5,"CMD,0.4,1.50",4.0,0.0107,2.009,0.022,1,0.9831,0,NORMAL,70.711,-0.017,1,1,1,1,2,100.5,80,2,dijkstra,graph,0.37097,0,,,,,,0,,,,187428,111109,1693
743,165.86911630630493,2026-03-06T13:30:18.058066,123.43,0.0,10.03,16.7,21.24,0.0,0.0,192.13,4.69,0.441,0.441,STRAIGHT,1.5,1.5,"CMD,0.4,1.50",4.0,0.0107,2.009,0.022,1,0.9853,0,NORMAL,70.711,-0.086,1,1,1,1,2,100.5,81,4,dijkstra,graph,0.36585,0,,,,,,0,,,,185706,109501,1891
744,166.07891988754272,2026-03-06T13:30:18.267869,120.87,0.0,10.2,16.05,17.72,0.0,0.0,186.12,4.69,0.441,0.441,STRAIGHT,1.5,1.5,"CMD,0.4,1.50",4.0,0.0107,2.009,0.022,1,0.9907,0,NORMAL,70.711,-0.034,1,1,1,1,2,100.5,73,3,dijkstra,graph,0.36643,0,,,,,,0,,,,185522,109661,1691
745,166.29282641410828,2026-03-06T13:30:18.481776,121.93,0.0,8.01,17.33,20.74,0.0,0.0,190.24,4.69,0.441,0.441,STRAIGHT,1.5,1.5,"CMD,0.4,1.50",4.0,0.0107,2.009,0.022,1,0.9889,0,NORMAL,70.711,-0.056,1,1,1,1,2,100.5,84,4,dijkstra,graph,0.36409,0,,,,,,0,,,,184766,108964,1957
746,166.51258826255798,2026-03-06T13:30:18.701538,126.75,0.0,9.09,15.38,21.19,0.0,0.0,195.75,4.68,0.441,0.441,STRAIGHT,1.5,1.5,"CMD,0.4,1.50",4.0,0.0107,2.009,0.022,1,0.9879,0,NORMAL,70.711,-0.026,1,1,1,1,2,100.5,88,3,dijkstra,graph,0.36783,0,,,,,,0,,,,185807,110060,1979
747,166.72838759422302,2026-03-06T13:30:18.917337,120.37,0.0,10.22,19.39,22.06,0.0,0.0,192.28,4.68,0.441,0.441,STRAIGHT,1.5,1.5,"CMD,0.4,1.50",4.0,0.0107,2.009,0.022,1,0.9835,0,NORMAL,70.711,-0.046,1,1,1,1,2,100.5,95,3,dijkstra,graph,0.37025,0,,,,,,0,,,,187268,110823,1949
748,166.94010090827942,2026-03-06T13:30:19.129050,121.12,0.0,9.02,16.72,21.23,0.0,0.0,187.61,4.67,0.441,0.441,STRAIGHT,1.5,1.5,"CMD,0.4,1.50",4.0,0.0107,2.009,0.022,1,0.9855,0,NORMAL,70.711,-0.062,1,1,1,1,2,100.5,72,3,dijkstra,graph,0.36895,0,,,,,,0,,,,186609,110479,1841
749,167.153137922287,2026-03-06T13:30:19.342087,121.12,0.0,10.18,16.23,20.19,0.0,0.0,189.89,4.67,0.441,0.441,STRAIGHT,1.5,1.5,"CMD,0.4,1.50",4.0,0.0107,2.009,0.022,1,0.984,0,NORMAL,70.711,-0.056,1,1,1,1,2,100.5,78,3,dijkstra,graph,0.36671,0,,,,,,0,,,,184843,109740,1924
750,167.36680388450623,2026-03-06T13:30:19.555754,122.79,0.0,10.09,16.23,19.68,0.0,0.0,188.81,4.68,0.433,0.441,STRAIGHT,1.5,1.5,"CMD,0.4,1.50",4.0,0.0101,2.055,0.021,1,0.9826,0,NORMAL,70.711,-0.042,1,1,1,1,2,102.8,83,3,dijkstra,graph,0.3712,0,,,,,,0,,,,186567,111076,1946
751,167.57949662208557,2026-03-06T13:30:19.768446,124.31,0.0,8.14,20.12,20.37,0.0,0.0,192.65,4.68,0.428,0.433,STRAIGHT,1.5,1.5,"CMD,0.4,1.50",4.0,0.0101,2.055,0.021,1,0.9807,0,NORMAL,70.711,-0.064,1,1,1,1,2,102.8,77,3,dijkstra,graph,0.37969,0,,,,,,0,,,,188828,113649,1679
752,167.79637098312378,2026-03-06T13:30:19.985321,123.13,0.0,11.27,18.55,19.37,0.0,0.0,193.84,4.69,0.424,0.428,STRAIGHT,1.5,1.5,"CMD,0.4,1.50",4.0,0.0101,2.055,0.021,1,0.9833,0,NORMAL,70.711,-0.052,1,1,1,1,2,102.8,89,2,dijkstra,graph,0.37378,0,,,,,,0,,,,187477,111869,1792
753,168.00982642173767,2026-03-06T13:30:20.198776,119.85,0.0,10.39,17.67,19.79,0.0,0.0,188.66,4.69,0.422,0.424,STRAIGHT,1.5,1.5,"CMD,0.4,1.50",4.0,0.0101,2.055,0.021,1,0.9835,0,NORMAL,70.711,-0.043,1,1,1,1,2,102.8,90,3,dijkstra,graph,0.37147,0,,,,,,0,,,,187725,111211,1840
754,168.22383618354797,2026-03-06T13:30:20.412786,121.73,0.0,10.72,15.7,20.69,0.0,0.0,189.68,4.69,0.42,0.422,STRAIGHT,1.5,1.5,"CMD,0.4,1.50",4.0,0.0101,2.055,0.021,1,0.9736,0,NORMAL,70.655,-0.122,1,1,1,1,2,102.8,77,3,dijkstra,graph,0.38855,0,,,,,,0,,,,191781,116331,1648
755,168.43158268928528,2026-03-06T13:30:20.620532,116.94,0.0,9.17,16.52,20.1,0.0,0.0,183.56,4.69,0.419,0.42,STRAIGHT,1.5,1.5,"CMD,0.4,1.50",4.0,0.0101,2.055,0.021,1,0.9771,0,NORMAL,68.394,-0.015,1,1,1,1,2,102.8,85,3,dijkstra,graph,0.39167,0,,,,,,0,,,,191049,117211,1718
756,168.66233468055725,2026-03-06T13:30:20.851284,139.14,0.0,9.83,14.87,21.75,0.0,0.0,206.32,4.68,0.411,0.419,STRAIGHT,1.5,1.5,"CMD,0.4,1.50",4.0,0.0096,2.1,0.021,1,0.9853,0,NORMAL,66.157,-0.012,1,1,1,1,2,105.0,72,3,dijkstra,graph,0.39444,0,,,,,,0,,,,191899,118049,1955
757,168.8800504207611,2026-03-06T13:30:21.069000,122.1,0.0,11.06,18.05,20.06,0.0,0.0,194.0,4.68,0.406,0.411,STRAIGHT,1.5,1.5,"CMD,0.4,1.50",4.0,0.0096,2.1,0.021,1,0.9841,0,NORMAL,64.904,0.007,1,1,1,1,2,105.0,86,3,dijkstra,graph,0.39583,0,,,,,,0,,,,193344,118598,1830
758,169.09352588653564,2026-03-06T13:30:21.282476,120.66,0.0,9.27,16.8,20.31,0.0,0.0,189.25,4.68,0.402,0.406,STRAIGHT,1.5,1.5,"CMD,0.4,1.50",4.0,0.0096,2.1,0.021,1,0.9792,0,NORMAL,64.89,0.006,1,1,1,1,2,105.0,82,3,dijkstra,graph,0.38847,0,,,,,,0,,,,190759,116384,1858
759,169.30926847457886,2026-03-06T13:30:21.498218,122.67,0.0,10.28,17.03,20.88,0.0,0.0,192.0,4.68,0.396,0.402,STRAIGHT,1.5,1.5,"CMD,0.4,1.50",4.0,0.0093,2.146,0.021,1,0.982,0,NORMAL,64.863,0.022,1,1,1,1,2,107.3,79,2,dijkstra,graph,0.39568,0,,,,,,0,,,,191371,118427,1716
760,169.52655005455017,2026-03-06T13:30:21.715500,120.9,0.0,9.52,16.25,23.64,0.0,0.0,192.54,4.67,0.392,0.396,STRAIGHT,1.5,1.5,"CMD,0.4,1.50",4.0,0.0093,2.146,0.021,1,0.9871,0,NORMAL,64.536,-0.012,1,1,1,1,2,107.3,80,2,dijkstra,graph,0.38934,0,,,,,,0,,,,190216,116480,1693
761,169.75333404541016,2026-03-06T13:30:21.942284,127.89,0.0,10.74,19.26,20.14,0.0,0.0,199.82,4.65,0.39,0.392,STRAIGHT,1.5,1.5,"CMD,0.4,1.50",4.0,0.0093,2.146,0.021,1,0.9823,0,NORMAL,61.732,-0.042,1,1,1,1,2,107.3,90,3,dijkstra,graph,0.39541,0,,,,,,0,,,,192040,118347,1839
762,169.9718532562256,2026-03-06T13:30:22.160803,125.14,0.0,10.95,16.76,20.94,0.0,0.0,195.37,4.65,0.388,0.39,STRAIGHT,1.5,1.5,"CMD,0.4,1.50",4.0,0.0093,2.146,0.021,1,0.9874,0,NORMAL,62.699,0.038,1,1,1,1,2,107.3,81,3,dijkstra,graph,0.39624,0,,,,,,0,,,,191522,118791,1737
763,170.193510055542,2026-03-06T13:30:22.382460,128.94,0.0,10.03,15.97,20.99,0.0,0.0,197.55,4.64,0.38,0.388,STRAIGHT,1.5,1.5,"CMD,0.4,1.50",4.0,0.0089,2.192,0.021,1,0.9819,0,NORMAL,61.616,0.059,1,1,1,1,2,109.6,69,3,dijkstra,graph,0.39709,0,,,,,,0,,,,192627,118739,1778
764,170.40382862091064,2026-03-06T13:30:22.592778,119.02,0.0,10.07,16.62,19.0,0.0,0.0,186.68,4.64,0.375,0.38,STRAIGHT,1.5,1.5,"CMD,0.4,1.50",4.0,0.0089,2.192,0.021,1,0.9869,0,NORMAL,63.025,-0.107,1,1,1,1,2,109.6,84,3,dijkstra,graph,0.39502,0,,,,,,0,,,,191196,118169,1850
765,170.63229656219482,2026-03-06T13:30:22.821246,135.71,0.0,10.43,16.47,19.94,0.0,0.0,204.45,4.63,0.372,0.375,STRAIGHT,1.5,1.5,"CMD,0.4,1.50",4.0,0.0089,2.192,0.021,1,0.9826,0,NORMAL,62.778,0.001,1,1,1,1,2,109.6,77,3,dijkstra,graph,0.39182,0,,,,,,0,,,,192428,117441,1907
766,170.84720849990845,2026-03-06T13:30:23.036158,121.93,0.0,10.47,16.57,20.51,0.0,1.0,190.89,4.62,0.37,0.372,STRAIGHT,1.5,1.5,"CMD,0.4,1.50",4.0,0.0089,2.192,0.021,1,0.9843,0,NORMAL,62.299,0.026,1,1,1,1,2,109.6,78,2,dijkstra,graph,0.39438,0,,,,,,0,,,,193090,117902,1748
767,171.0750732421875,2026-03-06T13:30:23.264023,133.24,0.0,11.2,17.71,19.83,0.0,0.0,204.08,4.61,0.365,0.37,STRAIGHT,1.5,1.5,"CMD,0.4,1.50",4.0,0.0086,2.237,0.022,1,0.9869,0,NORMAL,62.798,-0.001,1,1,1,1,2,111.9,88,2,dijkstra,graph,0.4006,0,,,,,,0,,,,194808,119957,1783
768,171.27992129325867,2026-03-06T13:30:23.468871,118.5,0.0,8.19,14.71,17.12,0.0,0.0,180.6,4.62,0.362,0.365,STRAIGHT,1.5,1.5,"CMD,0.4,1.50",4.0,0.0086,2.237,0.022,1,0.9872,0,NORMAL,62.678,-0.028,1,1,1,1,2,111.9,65,2,dijkstra,graph,0.39527,0,,,,,,0,,,,194155,118364,1624
769,171.489022731781,2026-03-06T13:30:23.677972,119.01,0.0,12.12,15.95,20.12,0.0,0.0,188.42,4.62,0.36,0.362,STRAIGHT,1.5,1.5,"CMD,0.4,1.50",4.0,0.0086,2.237,0.022,1,0.9866,0,NORMAL,62.552,-0.017,1,1,1,1,2,111.9,77,2,dijkstra,graph,0.39688,0,,,,,,0,,,,194635,118804,1778
770,171.70653772354126,2026-03-06T13:30:23.895487,122.7,0.0,10.21,16.07,20.69,0.0,0.0,193.05,4.62,0.359,0.36,STRAIGHT,1.5,1.5,"CMD,0.4,1.50",4.0,0.0086,2.237,0.022,1,0.9845,0,NORMAL,62.063,-0.071,1,1,1,1,2,111.9,73,2,dijkstra,graph,0.40781,0,,,,,,0,,,,196865,122210,1801
771,171.926655292511,2026-03-06T13:30:24.115605,127.71,0.0,10.55,18.01,19.79,0.0,0.0,197.68,4.62,0.352,0.359,STRAIGHT,1.5,1.5,"CMD,0.4,1.50",4.0,0.0082,2.283,0.021,1,0.985,0,NORMAL,62.413,-0.042,1,1,1,1,2,114.2,84,3,dijkstra,graph,0.40498,0,,,,,,0,,,,195941,121334,2014
772,172.1448678970337,2026-03-06T13:30:24.333817,122.84,0.0,10.84,17.32,20.35,0.0,0.48,192.84,4.62,0.348,0.352,STRAIGHT,1.5,1.5,"CMD,0.4,1.50",4.0,0.0082,2.283,0.021,1,0.9853,0,NORMAL,62.261,-0.007,1,1,1,1,2,114.2,79,4,dijkstra,graph,0.40719,0,,,,,,0,,,,196565,121949,1892
773,172.35886073112488,2026-03-06T13:30:24.547810,121.3,0.0,10.63,16.53,20.28,0.0,0.0,190.65,4.62,0.345,0.348,STRAIGHT,1.5,1.5,"CMD,0.3,1.50",4.0,0.0082,2.283,0.021,1,0.9868,0,NORMAL,61.969,0.019,1,1,1,1,2,114.2,79,4,dijkstra,graph,0.40921,0,,,,,,0,,,,198160,122543,2047
774,172.60641956329346,2026-03-06T13:30:24.795369,151.71,0.0,10.76,18.47,19.36,0.0,0.0,224.78,4.59,0.34,0.345,STRAIGHT,1.5,1.5,"CMD,0.3,1.50",4.0,0.008,2.329,0.022,1,0.9885,0,NORMAL,61.459,0.077,1,1,1,1,2,116.5,82,3,dijkstra,graph,0.4156,0,,,,,,0,,,,199050,124357,2094
775,172.8128879070282,2026-03-06T13:30:25.001838,116.48,0.0,10.81,17.58,18.15,0.0,0.0,183.53,4.6,0.337,0.34,STRAIGHT,1.5,1.5,"CMD,0.3,1.50",4.0,0.008,2.329,0.022,1,0.9869,0,NORMAL,61.157,0.142,1,1,1,1,2,116.5,82,4,dijkstra,graph,0.41928,0,,,,,,0,,,,199851,125512,1988
776,173.0311279296875,2026-03-06T13:30:25.220078,124.42,0.0,10.33,16.54,21.21,0.0,0.0,193.17,4.6,0.335,0.337,STRAIGHT,1.5,1.5,"CMD,0.3,1.50",4.0,0.008,2.329,0.022,1,0.9834,0,NORMAL,60.835,0.165,1,1,1,1,2,116.5,76,4,dijkstra,graph,0.42537,0,,,,,,0,,,,201334,127217,2071
777,173.24128484725952,2026-03-06T13:30:25.430234,119.15,0.0,10.53,17.29,18.24,0.0,0.0,186.13,4.6,0.334,0.335,STRAIGHT,1.5,1.5,"CMD,0.3,1.50",4.0,0.008,2.329,0.022,1,0.984,0,NORMAL,61.151,0.183,1,1,1,1,2,116.5,82,4,dijkstra,graph,0.42393,0,,,,,,0,,,,202382,126816,2098
778,173.44972681999207,2026-03-06T13:30:25.638677,117.04,0.0,10.52,16.09,21.9,0.0,0.0,186.6,4.61,0.333,0.334,STRAIGHT,1.5,1.5,"CMD,0.3,1.50",4.0,0.008,2.329,0.022,1,0.9773,0,NORMAL,60.579,0.225,1,1,1,1,2,116.5,79,2,dijkstra,graph,0.43686,0,,,,,,0,,,,206048,130813,2028
779,173.6761384010315,2026-03-06T13:30:25.865088,129.3,0.0,10.53,18.33,21.86,0.0,0.0,201.35,4.6,0.327,0.333,STRAIGHT,1.5,1.5,"CMD,0.3,1.50",4.0,0.0077,2.374,0.022,1,0.9701,0,NORMAL,55.941,0.141,1,1,1,1,2,118.7,85,3,dijkstra,graph,0.43388,0,,,,,,0,,,,202229,129834,2004
780,173.89095401763916,2026-03-06T13:30:26.079903,120.03,0.0,9.88,16.9,22.74,0.0,0.0,190.32,4.59,0.328,0.328,STRAIGHT,1.5,1.5,"CMD,0.3,1.50",4.0,0.008,2.329,0.022,1,0.974,0,NORMAL,56.79,0.053,1,1,1,1,2,116.5,84,5,dijkstra,graph,0.42618,0,,,,,,0,,,,202310,127598,2033
781,174.1118848323822,2026-03-06T13:30:26.300834,124.88,0.0,10.51,17.71,21.48,0.0,0.89,195.97,4.59,0.329,0.328,STRAIGHT,1.5,1.5,"CMD,0.3,1.50",4.0,0.008,2.329,0.022,1,0.9834,0,NORMAL,56.202,-0.162,1,1,1,1,2,116.5,83,5,dijkstra,graph,0.42514,0,,,,,,0,,,,202184,127276,2047
782,174.32960891723633,2026-03-06T13:30:26.518558,122.95,0.0,10.04,18.28,21.18,0.0,0.0,192.86,4.59,0.33,0.329,STRAIGHT,1.5,1.5,"CMD,0.3,1.50",4.0,0.008,2.329,0.022,1,0.984,0,NORMAL,57.41,-0.082,1,1,1,1,2,116.5,86,3,dijkstra,graph,0.42157,0,,,,,,0,,,,200929,126220,1889
783,174.55591130256653,2026-03-06T13:30:26.744861,124.29,0.0,10.05,22.72,23.21,0.0,0.0,200.91,4.58,0.333,0.33,STRAIGHT,1.5,1.5,"CMD,0.3,1.50",4.0,0.0082,2.283,0.021,1,0.9752,0,NORMAL,57.843,-0.202,1,1,1,1,2,114.2,87,5,dijkstra,graph,0.40368,0,,,,,,0,,,,197003,120949,1875
784,174.7640459537506,2026-03-06T13:30:26.952996,116.35,0.0,9.77,16.59,21.05,0.0,0.0,184.84,4.58,0.335,0.333,STRAIGHT,1.5,1.5,"CMD,0.3,1.50",4.0,0.0082,2.283,0.021,1,0.9722,0,NORMAL,57.869,-0.155,1,1,1,1,2,114.2,89,5,dijkstra,graph,0.41789,0,,,,,,0,,,,201161,125108,2080
785,174.98016953468323,2026-03-06T13:30:27.169119,122.2,0.0,10.05,18.65,21.32,0.0,0.0,194.21,4.59,0.337,0.335,STRAIGHT,1.5,1.5,"CMD,0.3,1.50",4.0,0.0082,2.283,0.021,1,0.9823,0,NORMAL,58.297,-0.136,1,1,1,1,2,114.2,91,3,dijkstra,graph,0.41079,0,,,,,,0,,,,200545,122813,2057
786,175.19911122322083,2026-03-06T13:30:27.388061,122.91,0.0,10.36,18.34,21.05,0.0,0.0,194.75,4.59,0.337,0.337,STRAIGHT,1.5,1.5,"CMD,0.3,1.50",4.0,0.0082,2.283,0.021,1,0.9866,0,NORMAL,58.621,-0.085,1,1,1,1,2,114.2,93,2,dijkstra,graph,0.4114,0,,,,,,0,,,,200592,123138,1867
787,175.41202902793884,2026-03-06T13:30:27.600979,121.06,0.0,10.03,16.44,21.55,0.0,0.0,190.76,4.59,0.338,0.337,STRAIGHT,1.5,1.5,"CMD,0.3,1.50",4.0,0.0082,2.283,0.021,1,0.9815,0,NORMAL,59.474,-0.126,1,1,1,1,2,114.2,74,4,dijkstra,graph,0.40829,0,,,,,,0,,,,199115,122236,1886
788,175.64579725265503,2026-03-06T13:30:27.834747,137.98,0.0,10.54,17.41,20.97,0.0,0.0,209.11,4.58,0.339,0.338,STRAIGHT,1.5,1.5,"CMD,0.3,1.50",4.0,0.0082,2.283,0.021,1,0.987,0,NORMAL,59.563,-0.083,1,1,1,1,2,114.2,83,4,dijkstra,graph,0.41004,0,,,,,,0,,,,199492,122825,1994
789,175.857830286026,2026-03-06T13:30:28.046780,120.07,0.0,9.48,17.66,21.92,0.0,0.0,193.09,4.58,0.339,0.339,STRAIGHT,1.5,1.5,"CMD,0.3,1.50",4.0,0.0082,2.283,0.021,1,0.9863,0,NORMAL,60.092,-0.077,1,1,1,1,2,114.2,81,4,dijkstra,graph,0.41281,0,,,,,,0,,,,199997,123624,2036
790,176.07227516174316,2026-03-06T13:30:28.261225,122.0,0.0,10.04,15.2,20.33,0.0,1.0,188.96,4.59,0.339,0.339,STRAIGHT,1.5,1.5,"CMD,0.3,1.50",4.0,0.0082,2.283,0.021,1,0.9841,0,NORMAL,60.686,-0.071,1,1,1,1,2,114.2,63,3,dijkstra,graph,0.40576,0,,,,,,0,,,,198203,121465,1764
791,176.28202414512634,2026-03-06T13:30:28.470974,120.42,0.0,10.01,17.3,16.23,0.0,0.0,186.4,4.6,0.339,0.339,STRAIGHT,1.5,1.5,"CMD,0.3,1.50",4.0,0.0082,2.283,0.021,1,0.9775,0,NORMAL,61.349,-0.075,1,1,1,1,2,114.2,82,2,dijkstra,graph,0.40603,0,,,,,,0,,,,200026,121576,1716
792,176.48996901512146,2026-03-06T13:30:28.678919,120.73,0.0,10.02,15.93,19.04,0.0,0.0,187.39,4.61,0.339,0.339,STRAIGHT,1.5,1.5,"CMD,0.3,1.50",4.0,0.0082,2.283,0.021,1,0.9747,0,NORMAL,61.535,0.004,1,1,1,1,2,114.2,76,3,dijkstra,graph,0.40229,0,,,,,,0,,,,197239,120481,1794
793,176.70488119125366,2026-03-06T13:30:28.893831,122.38,0.0,10.45,16.26,20.36,0.0,0.0,192.96,4.6,0.339,0.339,STRAIGHT,1.5,1.5,"CMD,0.3,1.50",4.0,0.0082,2.283,0.021,1,0.9876,0,NORMAL,61.752,0.02,1,1,1,1,2,114.2,80,3,dijkstra,graph,0.4013,0,,,,,,0,,,,197159,120258,1775
794,176.91793966293335,2026-03-06T13:30:29.106889,120.28,0.0,9.02,17.07,20.75,0.0,0.0,187.98,4.61,0.339,0.339,STRAIGHT,1.5,1.5,"CMD,0.3,1.50",4.0,0.0082,2.283,0.021,1,0.9834,0,NORMAL,62.693,0.03,1,1,1,1,2,114.2,77,4,dijkstra,graph,0.40506,0,,,,,,0,,,,197270,121248,1878
795,177.12958312034607,2026-03-06T13:30:29.318533,121.31,0.0,10.16,17.56,19.91,0.0,0.0,188.6,4.62,0.339,0.339,STRAIGHT,1.5,1.5,"CMD,0.3,1.50",4.0,0.0082,2.283,0.021,1,0.9821,0,NORMAL,64.602,-0.014,1,1,1,1,2,114.2,82,2,dijkstra,graph,0.40128,0,,,,,,0,,,,195975,120272,1837
796,177.34315824508667,2026-03-06T13:30:29.532108,121.19,0.0,9.03,17.01,20.22,0.0,1.0,190.56,4.63,0.345,0.339,STRAIGHT,1.5,1.5,"CMD,0.3,1.50",4.0,0.0086,2.237,0.022,1,0.9853,0,NORMAL,64.442,-0.029,1,1,1,1,2,111.9,85,3,dijkstra,graph,0.39694,0,,,,,,0,,,,195591,118846,2019
797,177.5589587688446,2026-03-06T13:30:29.747908,120.39,0.0,9.16,18.91,20.19,0.0,0.0,191.03,4.62,0.349,0.345,STRAIGHT,1.5,1.5,"CMD,0.3,1.50",4.0,0.0086,2.237,0.022,1,0.9792,0,NORMAL,66.019,-0.039,1,1,1,1,2,111.9,98,3,dijkstra,graph,0.38572,0,,,,,,0,,,,192859,115466,1960
798,177.76901769638062,2026-03-06T13:30:29.957967,119.51,0.0,10.52,18.05,19.2,0.0,0.0,186.33,4.62,0.351,0.349,STRAIGHT,1.5,1.5,"CMD,0.3,1.50",4.0,0.0086,2.237,0.022,1,0.9828,0,NORMAL,66.334,-0.086,1,1,1,1,2,111.9,96,2,dijkstra,graph,0.38686,0,,,,,,0,,,,193714,115992,1892
799,177.98100090026855,2026-03-06T13:30:30.169950,121.46,0.0,10.01,18.4,20.24,0.0,0.0,190.94,4.62,0.353,0.351,STRAIGHT,1.5,1.5,"CMD,0.4,1.50",4.0,0.0086,2.237,0.022,1,0.9795,0,NORMAL,64.558,0.006,1,1,1,1,2,111.9,93,3,dijkstra,graph,0.39583,0,,,,,,0,,,,195682,118467,1978
800,178.19499850273132,2026-03-06T13:30:30.383948,120.6,0.0,9.93,16.73,20.4,0.0,0.0,190.06,4.63,0.354,0.353,STRAIGHT,1.5,1.5,"CMD,0.4,1.50",4.0,0.0086,2.237,0.022,1,0.9728,0,NORMAL,65.54,-0.068,1,1,1,1,2,111.9,83,3,dijkstra,graph,0.38461,0,,,,,,0,,,,191714,115069,1826
801,178.41018557548523,2026-03-06T13:30:30.599135,117.62,0.0,11.29,19.55,21.35,0.0,0.0,191.75,4.63,0.354,0.354,STRAIGHT,1.5,1.5,"CMD,0.4,1.50",4.0,0.0086,2.237,0.022,1,0.9634,0,NORMAL,64.98,-0.025,1,1,1,1,2,111.9,101,2,dijkstra,graph,0.40345,0,,,,,,0,,,,197215,120657,1842
802,178.63996839523315,2026-03-06T13:30:30.828918,134.85,0.0,10.23,17.19,19.8,0.0,0.0,204.98,4.62,0.358,0.354,STRAIGHT,1.5,1.5,"CMD,0.4,1.50",4.0,0.0089,2.192,0.021,1,0.9812,0,NORMAL,66.172,-0.064,1,1,1,1,2,109.6,85,3,dijkstra,graph,0.39934,0,,,,,,0,,,,196225,119649,1832
803,178.84615921974182,2026-03-06T13:30:31.035109,111.5,0.0,10.5,17.82,21.05,0.0,0.0,181.89,4.65,0.36,0.358,STRAIGHT,1.5,1.5,"CMD,0.4,1.50",4.0,0.0089,2.192,0.021,1,0.9787,0,NORMAL,66.266,-0.094,1,1,1,1,2,109.6,94,3,dijkstra,graph,0.39465,0,,,,,,0,,,,195050,118286,1893
804,179.060152053833,2026-03-06T13:30:31.249102,119.6,0.0,10.2,17.11,21.05,0.0,0.0,189.01,4.64,0.362,0.36,STRAIGHT,1.5,1.5,"CMD,0.4,1.50",4.0,0.0089,2.192,0.021,1,0.9792,0,NORMAL,66.62,-0.088,1,1,1,1,2,109.6,92,3,dijkstra,graph,0.39176,0,,,,,,0,,,,193567,117112,1832
805,179.27394104003906,2026-03-06T13:30:31.462891,119.36,0.0,9.52,17.84,21.35,0.0,0.0,191.13,4.64,0.363,0.362,STRAIGHT,1.5,1.5,"CMD,0.4,1.50",4.0,0.0089,2.192,0.021,1,0.9767,0,NORMAL,66.911,-0.145,1,1,1,1,2,109.6,97,2,dijkstra,graph,0.38138,0,,,,,,0,,,,191414,114177,1756
806,179.4889039993286,2026-03-06T13:30:31.677853,121.43,0.0,10.03,16.73,20.04,0.0,1.0,192.32,4.64,0.361,0.362,STRAIGHT,1.5,1.5,"CMD,0.4,1.50",4.0,0.0086,2.237,0.022,1,0.9772,0,NORMAL,66.342,-0.078,1,1,1,1,2,111.9,85,2,dijkstra,graph,0.39686,0,,,,,,0,,,,195162,118873,1688
807,179.70549893379211,2026-03-06T13:30:31.894448,121.12,0.0,9.4,17.86,19.74,0.0,0.0,192.63,4.63,0.362,0.362,STRAIGHT,1.5,1.5,"CMD,0.4,1.50",4.0,0.0089,2.192,0.021,1,0.9818,0,NORMAL,67.451,-0.135,1,1,1,1,2,109.6,83,2,dijkstra,graph,0.39465,0,,,,,,0,,,,196468,118196,1746
808,179.92549443244934,2026-03-06T13:30:32.114444,120.88,0.0,11.02,18.55,22.51,0.0,0.0,194.55,4.64,0.36,0.361,STRAIGHT,1.5,1.5,"CMD,0.4,1.50",4.0,0.0086,2.237,0.022,1,0.9855,0,NORMAL,67.156,-0.111,1,1,1,1,2,111.9,94,3,dijkstra,graph,0.4045,0,,,,,,0,,,,197846,121161,2006
809,180.1416997909546,2026-03-06T13:30:32.330649,121.02,0.0,10.94,17.2,21.54,0.0,0.0,191.96,4.64,0.362,0.362,STRAIGHT,1.5,1.5,"CMD,0.4,1.50",4.0,0.0089,2.192,0.021,1,0.9768,0,NORMAL,66.753,-0.22,1,1,1,1,2,109.6,88,3,dijkstra,graph,0.38676,0,,,,,,0,,,,193349,115712,1963
810,180.3591389656067,2026-03-06T13:30:32.548089,121.84,0.0,9.88,18.02,21.23,0.0,0.0,193.16,4.64,0.363,0.362,STRAIGHT,1.5,1.5,"CMD,0.4,1.50",4.0,0.0089,2.192,0.021,1,0.9812,0,NORMAL,67.982,-0.311,1,1,1,1,2,109.6,89,3,dijkstra,graph,0.37853,0,,,,,,0,,,,192679,113263,1979
811,180.57299160957336,2026-03-06T13:30:32.761941,122.95,0.0,10.02,17.73,18.2,0.0,0.0,189.99,4.64,0.364,0.363,STRAIGHT,1.5,1.5,"CMD,0.4,1.50",4.0,0.0089,2.192,0.021,1,0.9864,0,NORMAL,67.199,-0.256,1,1,1,1,2,109.6,89,2,dijkstra,graph,0.38647,0,,,,,,0,,,,194939,115610,1712
812,180.7862787246704,2026-03-06T13:30:32.975228,119.12,0.0,10.31,18.08,19.99,0.0,0.0,188.23,4.65,0.364,0.364,STRAIGHT,1.5,1.5,"CMD,0.4,1.50",4.0,0.0089,2.192,0.021,1,0.9842,0,NORMAL,67.661,-0.28,1,1,1,1,2,109.6,94,3,dijkstra,graph,0.37593,0,,,,,,0,,,,192712,112437,1882
813,181.0040888786316,2026-03-06T13:30:33.193038,122.17,0.0,10.0,19.18,21.02,0.0,0.0,193.75,4.65,0.361,0.364,STRAIGHT,1.5,1.5,"CMD,0.4,1.50",4.0,0.0086,2.237,0.022,1,0.9818,0,NORMAL,66.969,-0.239,1,1,1,1,2,111.9,99,2,dijkstra,graph,0.38512,0,,,,,,0,,,,194418,115228,1825
814,181.2198703289032,2026-03-06T13:30:33.408820,122.19,0.0,9.37,18.54,21.03,0.0,0.0,192.71,4.65,0.363,0.363,STRAIGHT,1.5,1.5,"CMD,0.4,1.50",4.0,0.0089,2.192,0.021,1,0.9855,0,NORMAL,68.301,-0.242,1,1,1,1,2,109.6,93,3,dijkstra,graph,0.38562,0,,,,,,0,,,,195731,115414,1838
815,181.43298959732056,2026-03-06T13:30:33.621939,121.06,0.0,9.01,18.25,19.7,0.0,1.0,191.08,4.65,0.36,0.361,STRAIGHT,1.5,1.5,"CMD,0.4,1.50",4.0,0.0086,2.237,0.022,1,0.979,0,NORMAL,68.244,-0.187,1,1,1,1,2,111.9,90,3,dijkstra,graph,0.37548,0,,,,,,0,,,,192977,112451,1783
816,181.6627390384674,2026-03-06T13:30:33.851689,134.93,0.0,10.39,18.18,19.54,0.0,0.0,205.29,4.64,0.359,0.36,STRAIGHT,1.5,1.5,"CMD,0.4,1.50",4.0,0.0086,2.237,0.022,1,0.9807,0,NORMAL,67.295,-0.145,1,1,1,1,2,111.9,92,2,dijkstra,graph,0.38632,0,,,,,,0,,,,196323,115550,1754
817,181.8742868900299,2026-03-06T13:30:34.063236,118.7,0.0,10.02,18.04,17.74,0.0,1.5,187.57,4.66,0.358,0.359,STRAIGHT,1.5,1.5,"CMD,0.4,1.50",4.0,0.0086,2.237,0.022,1,0.984,0,NORMAL,66.95,-0.071,1,1,1,1,2,111.9,95,2,dijkstra,graph,0.39576,0,,,,,,0,,,,199036,118452,1734
818,182.08873081207275,2026-03-06T13:30:34.277680,121.74,0.0,10.02,17.73,19.89,0.0,0.0,190.88,4.65,0.352,0.358,STRAIGHT,1.5,1.5,"CMD,0.4,1.50",4.0,0.0082,2.283,0.021,1,0.9829,0,NORMAL,66.663,-0.002,1,1,1,1,2,114.2,93,2,dijkstra,graph,0.38798,0,,,,,,0,,,,197165,116316,1744
819,182.304669380188,2026-03-06T13:30:34.493619,120.41,0.0,10.15,17.57,21.93,0.0,0.0,191.27,4.65,0.348,0.352,STRAIGHT,1.5,1.5,"CMD,0.4,1.50",4.0,0.0082,2.283,0.021,1,0.989,0,NORMAL,66.428,0.064,1,1,1,1,2,114.2,101,3,dijkstra,graph,0.39541,0,,,,,,0,,,,198254,118327,1979
820,182.52112579345703,2026-03-06T13:30:34.710075,120.82,0.0,9.9,20.06,19.02,0.0,0.0,192.21,4.65,0.345,0.348,STRAIGHT,1.5,1.5,"CMD,0.3,1.50",4.0,0.0082,2.283,0.021,1,0.9885,0,NORMAL,65.61,0.131,1,1,1,1,2,114.2,107,3,dijkstra,graph,0.40101,0,,,,,,0,,,,199632,120086,1837
821,182.7354543209076,2026-03-06T13:30:34.924404,119.84,0.0,9.9,17.67,22.67,0.0,0.0,193.29,4.64,0.34,0.345,STRAIGHT,1.5,1.5,"CMD,0.3,1.50",4.0,0.008,2.329,0.022,1,0.9866,0,NORMAL,59.536,0.274,1,1,1,1,2,116.5,93,3,dijkstra,graph,0.41081,0,,,,,,0,,,,201928,122828,2034
822,182.94780230522156,2026-03-06T13:30:35.136752,118.64,0.0,11.56,18.49,20.05,0.0,0.0,190.01,4.65,0.34,0.34,STRAIGHT,1.5,1.5,"CMD,0.3,1.50",4.0,0.0082,2.283,0.021,1,0.9855,0,NORMAL,60.122,0.202,1,1,1,1,2,114.2,90,2,dijkstra,graph,0.39729,0,,,,,,0,,,,199226,118933,1730
823,183.15469312667847,2026-03-06T13:30:35.343643,118.32,0.0,11.03,17.06,18.22,0.0,0.0,182.32,4.65,0.337,0.34,STRAIGHT,1.5,1.5,"CMD,0.3,1.50",4.0,0.008,2.329,0.022,1,0.9827,0,NORMAL,59.254,0.231,1,1,1,1,2,116.5,94,2,dijkstra,graph,0.40994,0,,,,,,0,,,,202683,122579,1799
824,183.37061858177185,2026-03-06T13:30:35.559568,120.7,0.0,11.02,18.09,20.49,0.0,0.0,191.58,4.65,0.335,0.337,STRAIGHT,1.5,1.5,"CMD,0.3,1.50",4.0,0.008,2.329,0.022,1,0.9865,0,NORMAL,56.679,0.371,1,1,1,1,2,116.5,92,2,dijkstra,graph,0.41562,0,,,,,,0,,,,204958,124400,1788
825,183.58800220489502,2026-03-06T13:30:35.776952,124.03,0.0,11.38,17.17,21.05,0.0,0.0,193.1,4.64,0.333,0.335,STRAIGHT,1.5,1.5,"CMD,0.3,1.50",4.0,0.008,2.329,0.022,1,0.9822,0,NORMAL,55.873,0.376,1,1,1,1,2,116.5,81,3,dijkstra,graph,0.40508,0,,,,,,0,,,,201360,121203,1759
826,183.80494451522827,2026-03-06T13:30:35.993894,121.31,0.0,10.73,18.55,20.56,0.0,0.0,192.09,4.64,0.333,0.333,STRAIGHT,1.5,1.5,"CMD,0.3,1.50",4.0,0.008,2.329,0.022,1,0.9899,0,NORMAL,55.942,0.401,1,1,1,1,2,116.5,91,2,dijkstra,graph,0.4064,0,,,,,,0,,,,201930,121712,1827
827,184.01881957054138,2026-03-06T13:30:36.207769,118.99,0.0,10.02,17.38,21.48,0.0,0.0,189.94,4.64,0.332,0.333,STRAIGHT,1.5,1.5,"CMD,0.3,1.50",4.0,0.008,2.329,0.022,1,0.983,0,NORMAL,55.675,0.441,1,1,1,1,2,116.5,94,2,dijkstra,graph,0.41554,0,,,,,,0,,,,205319,124328,1834
828,184.2327766418457,2026-03-06T13:30:36.421726,118.48,0.0,10.52,19.4,20.57,0.0,0.0,189.69,4.64,0.332,0.332,STRAIGHT,1.5,1.5,"CMD,0.3,1.50",4.0,0.008,2.329,0.022,1,0.9909,0,NORMAL,55.402,0.504,1,1,1,1,2,116.5,99,2,dijkstra,graph,0.41124,0,,,,,,0,,,,203654,123100,1802
829,184.4539749622345,2026-03-06T13:30:36.642925,125.58,0.0,9.51,19.63,21.06,0.0,0.0,197.14,4.63,0.331,0.332,STRAIGHT,1.5,1.5,"CMD,0.3,1.50",4.0,0.008,2.329,0.022,1,0.9905,0,NORMAL,55.617,0.5,1,1,1,1,2,116.5,100,2,dijkstra,graph,0.40762,0,,,,,,0,,,,202359,121896,1795
830,184.68484091758728,2026-03-06T13:30:36.873791,137.58,0.0,7.51,18.91,20.96,0.0,0.0,207.23,4.62,0.331,0.331,STRAIGHT,1.5,1.5,"CMD,0.3,1.50",4.0,0.008,2.329,0.022,1,0.9908,0,NORMAL,54.984,0.558,1,1,1,1,2,116.5,93,2,dijkstra,graph,0.41149,0,,,,,,0,,,,203558,123166,1826
831,184.89994406700134,2026-03-06T13:30:37.088894,121.88,0.0,10.17,16.86,20.05,0.0,1.0,191.02,4.63,0.331,0.331,STRAIGHT,1.5,1.5,"CMD,0.3,1.50",4.0,0.008,2.329,0.022,1,0.9878,0,NORMAL,55.288,0.523,1,1,1,1,2,116.5,76,2,dijkstra,graph,0.41066,0,,,,,,0,,,,203999,122911,1707
832,185.1184480190277,2026-03-06T13:30:37.307398,122.88,0.0,10.49,19.05,21.58,0.0,0.0,195.3,4.62,0.331,0.331,STRAIGHT,1.5,1.5,"CMD,0.3,1.50",4.0,0.008,2.329,0.022,1,0.9896,0,NORMAL,54.611,0.628,1,1,1,1,2,116.5,103,2,dijkstra,graph,0.41874,0,,,,,,0,,,,204584,125404,1852
833,185.33197355270386,2026-03-06T13:30:37.520923,118.35,0.0,11.03,18.02,21.14,0.0,0.0,189.9,4.62,0.334,0.331,STRAIGHT,1.5,1.5,"CMD,0.3,1.50",4.0,0.0082,2.283,0.021,1,0.9858,0,NORMAL,55.133,0.596,1,1,1,1,2,114.2,95,2,dijkstra,graph,0.4113,0,,,,,,0,,,,204162,123182,1815
834,185.55111050605774,2026-03-06T13:30:37.740060,122.15,0.0,10.56,19.4,20.11,0.0,0.0,194.07,4.62,0.336,0.334,STRAIGHT,1.5,1.5,"CMD,0.3,1.50",4.0,0.0082,2.283,0.021,1,0.98,0,NORMAL,53.411,0.431,1,1,1,1,2,114.2,96,2,dijkstra,graph,0.41395,0,,,,,,0,,,,204828,124110,1839
835,185.77457761764526,2026-03-06T13:30:37.963527,124.96,0.0,10.6,20.29,19.7,0.0,0.0,198.8,4.61,0.337,0.336,STRAIGHT,1.5,1.5,"CMD,0.3,1.50",4.0,0.0082,2.283,0.021,1,0.9776,0,NORMAL,53.777,0.426,1,1,1,1,2,114.2,99,2,dijkstra,graph,0.39713,0,,,,,,0,,,,201680,118957,1824
836,185.99182629585266,2026-03-06T13:30:38.180776,121.2,0.0,10.03,19.7,20.04,0.0,1.0,192.77,4.61,0.343,0.337,STRAIGHT,1.5,1.5,"CMD,0.3,1.50",4.0,0.0086,2.237,0.022,1,0.9903,0,NORMAL,54.24,0.39,1,1,1,1,2,111.9,98,2,dijkstra,graph,0.39366,0,,,,,,0,,,,200746,117875,1850
837,186.22006225585938,2026-03-06T13:30:38.409012,136.88,0.0,9.91,16.9,20.27,0.0,1.0,207.68,4.61,0.347,0.343,STRAIGHT,1.5,1.5,"CMD,0.3,1.50",4.0,0.0086,2.237,0.022,1,0.9881,0,NORMAL,54.439,0.443,1,1,1,1,2,111.9,95,2,dijkstra,graph,0.39269,0,,,,,,0,,,,199277,117564,1820
838,186.44180417060852,2026-03-06T13:30:38.630754,128.0,0.0,10.02,17.26,20.55,0.0,0.0,197.52,4.6,0.35,0.347,STRAIGHT,1.5,1.5,"CMD,0.3,1.50",4.0,0.0086,2.237,0.022,1,0.9849,0,NORMAL,54.658,0.458,1,1,1,1,2,111.9,90,2,dijkstra,graph,0.39293,0,,,,,,0,,,,200555,117416,1761
839,186.67565536499023,2026-03-06T13:30:38.864605,140.22,0.0,9.74,17.58,19.06,0.0,0.85,210.67,4.59,0.347,0.347,STRAIGHT,1.5,1.5,"CMD,0.3,1.50",4.0,0.0082,2.283,0.021,1,0.9859,0,NORMAL,54.866,0.572,1,1,1,1,2,114.2,89,2,dijkstra,graph,0.39783,0,,,,,,0,,,,200848,119115,1839
840,186.89560079574585,2026-03-06T13:30:39.084550,122.66,0.0,10.02,20.24,21.48,0.0,0.0,195.68,4.59,0.35,0.35,STRAIGHT,1.5,1.5,"CMD,0.3,1.50",4.0,0.0086,2.237,0.022,1,0.9741,0,NORMAL,55.807,0.482,1,1,1,1,2,111.9,97,3,dijkstra,graph,0.38564,0,,,,,,0,,,,199353,115444,1829
841,187.1124246120453,2026-03-06T13:30:39.301374,122.67,0.0,10.72,18.54,19.56,0.0,0.0,193.03,4.58,0.352,0.35,STRAIGHT,1.5,1.5,"CMD,0.3,1.50",4.0,0.0086,2.237,0.022,1,0.9816,0,NORMAL,55.36,0.505,1,1,1,1,2,111.9,97,3,dijkstra,graph,0.39415,0,,,,,,0,,,,202401,117968,2002
842,187.32564663887024,2026-03-06T13:30:39.514596,120.36,0.0,10.33,18.03,19.22,0.0,0.83,188.49,4.59,0.353,0.352,STRAIGHT,1.5,1.5,"CMD,0.4,1.50",4.0,0.0086,2.237,0.022,1,0.9801,0,NORMAL,55.394,0.584,1,1,1,1,2,111.9,94,2,dijkstra,graph,0.39302,0,,,,,,0,,,,201241,117637,1801
843,187.5409710407257,2026-03-06T13:30:39.729921,121.07,0.0,9.02,20.05,20.05,0.0,0.0,191.11,4.59,0.354,0.353,STRAIGHT,1.5,1.5,"CMD,0.4,1.50",4.0,0.0086,2.237,0.022,1,0.9732,0,NORMAL,56.008,0.578,1,1,1,1,2,111.9,86,3,dijkstra,graph,0.37913,0,,,,,,0,,,,196963,113494,1787
844,187.75671672821045,2026-03-06T13:30:39.945666,124.32,0.0,9.68,17.51,18.05,0.0,0.0,191.61,4.59,0.355,0.354,STRAIGHT,1.5,1.5,"CMD,0.4,1.50",4.0,0.0086,2.237,0.022,1,0.9874,0,NORMAL,56.227,0.562,1,1,1,1,2,111.9,79,3,dijkstra,graph,0.37808,0,,,,,,0,,,,196335,113146,1847
845,187.97002601623535,2026-03-06T13:30:40.158976,118.18,0.0,11.06,18.57,21.19,0.0,0.0,191.11,4.6,0.355,0.355,STRAIGHT,1.5,1.5,"CMD,0.4,1.50",4.0,0.0086,2.237,0.022,1,0.984,0,NORMAL,56.768,0.595,1,1,1,1,2,111.9,98,2,dijkstra,graph,0.37988,0,,,,,,0,,,,197233,113784,1785
846,188.18317198753357,2026-03-06T13:30:40.372122,119.96,0.0,9.88,18.23,18.04,0.0,0.0,187.27,4.6,0.355,0.355,STRAIGHT,1.5,1.5,"CMD,0.4,1.50",4.0,0.0086,2.237,0.022,1,0.9911,0,NORMAL,56.96,0.597,1,1,1,1,2,111.9,90,2,dijkstra,graph,0.37789,0,,,,,,0,,,,197594,113121,1722
847,188.39673018455505,2026-03-06T13:30:40.585680,120.41,0.0,10.01,18.72,19.58,0.0,0.0,189.69,4.6,0.356,0.355,STRAIGHT,1.5,1.5,"CMD,0.4,1.50",4.0,0.0086,2.237,0.022,1,0.9887,0,NORMAL,57.634,0.636,1,1,1,1,2,111.9,90,2,dijkstra,graph,0.38083,0,,,,,,0,,,,198935,114012,1753
848,188.63273692131042,2026-03-06T13:30:40.821687,130.0,0.0,10.52,28.76,21.19,0.0,0.0,211.64,4.58,0.359,0.356,STRAIGHT,1.5,1.5,"CMD,0.4,1.50",4.0,0.0089,2.192,0.021,1,0.9854,0,NORMAL,58.092,0.785,1,1,1,1,2,109.6,194,2,dijkstra,graph,0.37868,0,,,,,,0,,,,197779,113277,2353
849,188.86480045318604,2026-03-06T13:30:41.053750,121.67,0.0,10.03,30.44,22.49,0.0,0.0,205.82,4.57,0.358,0.358,STRAIGHT,1.5,1.5,"CMD,0.4,1.50",4.0,0.0086,2.237,0.022,1,0.9901,0,NORMAL,57.502,0.78,1,1,1,1,2,111.9,191,2,dijkstra,graph,0.38264,0,,,,,,0,,,,199462,114553,2369
850,189.09326481819153,2026-03-06T13:30:41.282214,120.62,0.0,11.03,29.86,21.31,0.0,0.0,204.38,4.56,0.357,0.358,STRAIGHT,1.5,1.5,"CMD,0.4,1.50",4.0,0.0086,2.237,0.022,1,0.9864,0,NORMAL,57.735,0.907,1,1,1,1,2,111.9,181,2,dijkstra,graph,0.38498,0,,,,,,0,,,,198884,115151,2310
851,189.3180754184723,2026-03-06T13:30:41.507025,118.11,0.0,11.14,28.72,21.71,0.0,1.0,201.31,4.55,0.36,0.358,STRAIGHT,1.5,1.5,"CMD,0.4,1.50",4.0,0.0089,2.192,0.021,1,0.9886,0,NORMAL,58.16,0.882,1,1,1,1,2,109.6,184,2,dijkstra,graph,0.37907,0,,,,,,0,,,,198417,113579,2369
852,189.5426275730133,2026-03-06T13:30:41.731577,119.59,0.0,10.02,29.56,21.25,0.0,0.0,202.5,4.54,0.359,0.359,STRAIGHT,1.5,1.5,"CMD,0.4,1.50",4.0,0.0086,2.237,0.022,1,0.986,0,NORMAL,57.974,0.968,1,1,1,1,2,111.9,176,3,dijkstra,graph,0.38347,0,,,,,,0,,,,200949,114727,2300
853,189.7709400653839,2026-03-06T13:30:41.959890,121.61,0.0,10.22,29.13,21.83,0.0,0.0,203.85,4.53,0.361,0.36,STRAIGHT,1.5,1.5,"CMD,0.4,1.50",4.0,0.0089,2.192,0.021,1,0.9849,0,NORMAL,58.833,0.968,1,1,1,1,2,109.6,177,3,dijkstra,graph,0.37913,0,,,,,,0,,,,199475,113317,2352
854,189.9856357574463,2026-03-06T13:30:42.174585,120.83,0.0,9.32,18.62,19.76,0.0,0.0,189.99,4.53,0.362,0.361,STRAIGHT,1.5,1.5,"CMD,0.4,1.50",4.0,0.0089,2.192,0.021,1,0.9898,0,NORMAL,58.929,0.97,1,1,1,1,2,109.6,96,3,dijkstra,graph,0.37556,0,,,,,,0,,,,198001,112434,1801
855,190.21259880065918,2026-03-06T13:30:42.401548,122.58,0.0,9.8,27.77,21.57,0.0,1.0,203.4,4.53,0.363,0.362,STRAIGHT,1.5,1.5,"CMD,0.4,1.50",4.0,0.0089,2.192,0.021,1,0.9868,0,NORMAL,59.217,0.964,1,1,1,1,2,109.6,160,3,dijkstra,graph,0.37424,0,,,,,,0,,,,196494,111906,2224
856,190.43516278266907,2026-03-06T13:30:42.624112,123.72,0.0,10.01,25.51,20.61,0.0,0.5,200.9,4.52,0.364,0.363,STRAIGHT,1.5,1.5,"CMD,0.4,1.50",4.0,0.0089,2.192,0.021,1,0.9833,0,NORMAL,59.787,0.944,1,1,1,1,2,109.6,159,4,dijkstra,graph,0.36717,0,,,,,,0,,,,195429,109881,2168
857,190.67616605758667,2026-03-06T13:30:42.865116,139.35,0.0,9.45,25.54,22.26,0.0,0.0,218.46,4.5,0.364,0.364,STRAIGHT,1.5,1.5,"CMD,0.4,1.50",4.0,0.0089,2.192,0.021,1,0.988,0,NORMAL,60.219,0.912,1,1,1,1,2,109.6,150,4,dijkstra,graph,0.36242,0,,,,,,0,,,,194617,108468,2182
858,190.90138792991638,2026-03-06T13:30:43.090338,122.42,0.0,11.01,25.49,21.82,0.0,0.0,201.38,4.5,0.365,0.364,STRAIGHT,1.5,1.5,"CMD,0.4,1.50",4.0,0.0089,2.192,0.021,1,0.9647,0,NORMAL,56.15,0.928,1,1,1,1,2,109.6,154,5,dijkstra,graph,0.38483,0,,,,,,0,,,,201173,115134,2306
859,191.126362323761,2026-03-06T13:30:43.315312,122.85,0.0,10.04,24.44,22.33,0.0,0.0,200.38,4.5,0.365,0.365,STRAIGHT,1.5,1.5,"CMD,0.4,1.50",4.0,0.0089,2.192,0.021,1,0.9786,0,NORMAL,56.632,0.847,1,1,1,1,2,109.6,134,5,dijkstra,graph,0.37707,0,,,,,,0,,,,197700,112841,2158
860,191.35006093978882,2026-03-06T13:30:43.539011,122.63,0.0,10.03,25.19,22.05,0.0,0.0,200.66,4.5,0.371,0.365,STRAIGHT,1.5,1.5,"CMD,0.4,1.50",4.0,0.0093,2.146,0.021,1,0.9829,0,NORMAL,57.31,0.8,1,1,1,1,2,107.3,150,4,dijkstra,graph,0.37207,0,,,,,,0,,,,196018,111421,2376
861,191.5745918750763,2026-03-06T13:30:43.763541,119.21,0.0,10.03,25.63,23.27,0.0,0.5,200.17,4.49,0.369,0.369,STRAIGHT,1.5,1.5,"CMD,0.4,1.50",4.0,0.0089,2.192,0.021,1,0.9879,0,NORMAL,57.736,0.847,1,1,1,1,2,109.6,150,6,dijkstra,graph,0.37132,0,,,,,,0,,,,194751,111143,2453
862,191.7902491092682,2026-03-06T13:30:43.979199,120.07,0.0,10.02,22.94,17.28,0.0,0.0,191.07,4.49,0.374,0.371,STRAIGHT,1.5,1.5,"CMD,0.4,1.50",4.0,0.0093,2.146,0.021,1,0.9836,0,NORMAL,57.411,0.861,1,1,1,1,2,107.3,129,4,dijkstra,graph,0.36457,0,,,,,,0,,,,194501,109055,2182
863,192.01677417755127,2026-03-06T13:30:44.205724,120.34,0.0,10.01,31.64,22.67,0.0,0.0,204.39,4.49,0.378,0.374,STRAIGHT,1.5,1.5,"CMD,0.4,1.50",4.0,0.0093,2.146,0.021,1,0.9852,0,NORMAL,56.563,0.873,1,1,1,1,2,107.3,197,5,dijkstra,graph,0.37324,0,,,,,,0,,,,196574,111749,2754
864,192.25293231010437,2026-03-06T13:30:44.441882,120.9,0.0,9.22,34.48,24.72,0.0,1.0,212.09,4.48,0.38,0.378,STRAIGHT,1.5,1.5,"CMD,0.4,1.50",4.0,0.0093,2.146,0.021,1,0.9818,0,NORMAL,57.228,0.855,1,1,1,1,2,107.3,212,5,dijkstra,graph,0.37512,0,,,,,,0,,,,196490,112450,3144
865,192.48003768920898,2026-03-06T13:30:44.668987,119.02,0.0,10.36,32.23,20.68,0.0,0.0,203.36,4.47,0.385,0.38,STRAIGHT,1.5,1.5,"CMD,0.4,1.50",4.0,0.0096,2.1,0.021,1,0.9833,0,NORMAL,57.537,0.807,1,1,1,1,2,105.0,196,7,dijkstra,graph,0.36694,0,,,,,,0,,,,194527,109833,2951
866,192.7157518863678,2026-03-06T13:30:44.904701,127.26,0.0,9.8,31.92,23.95,0.0,0.0,213.54,4.46,0.389,0.385,STRAIGHT,1.5,1.5,"CMD,0.4,1.50",4.0,0.0096,2.1,0.021,1,0.9845,0,NORMAL,56.499,0.846,1,1,1,1,2,105.0,192,7,dijkstra,graph,0.36421,0,,,,,,0,,,,193492,109113,2814
867,192.93678736686707,2026-03-06T13:30:45.125737,125.99,0.0,10.92,19.79,17.85,0.0,0.0,197.34,4.46,0.398,0.389,STRAIGHT,1.5,1.5,"CMD,0.4,1.50",4.0,0.0101,2.055,0.021,1,0.9662,0,NORMAL,57.992,0.692,1,1,1,1,2,102.8,117,5,dijkstra,graph,0.35903,0,,,,,,0,,,,193160,107488,2291
868,193.16225719451904,2026-03-06T13:30:45.351207,126.45,0.0,11.64,20.55,20.21,0.0,0.46,201.9,4.47,0.404,0.398,STRAIGHT,1.5,1.5,"CMD,0.4,1.50",4.0,0.0101,2.055,0.021,1,0.9883,0,NORMAL,58.304,0.641,1,1,1,1,2,102.8,105,7,dijkstra,graph,0.35612,0,,,,,,0,,,,192584,106579,2236
869,193.39506125450134,2026-03-06T13:30:45.584011,135.08,0.0,10.78,19.97,19.58,0.0,0.0,207.51,4.46,0.417,0.404,STRAIGHT,1.5,1.5,"CMD,0.4,1.50",4.0,0.0107,2.009,0.022,1,0.9668,0,NORMAL,59.208,0.6,1,1,1,1,2,100.5,107,5,dijkstra,graph,0.35979,0,,,,,,0,,,,194717,107652,2389
870,193.6297972202301,2026-03-06T13:30:45.818747,138.55,0.0,9.33,19.88,20.69,0.0,0.0,210.74,4.45,0.425,0.417,STRAIGHT,1.5,1.5,"CMD,0.4,1.50",4.0,0.0107,2.009,0.022,1,0.9818,0,NORMAL,59.378,0.556,1,1,1,1,2,100.5,109,4,dijkstra,graph,0.35736,0,,,,,,0,,,,193277,106970,2404
871,193.87793135643005,2026-03-06T13:30:46.066881,137.8,0.0,9.54,30.05,22.96,0.0,0.0,224.95,4.43,0.43,0.425,STRAIGHT,1.5,1.5,"CMD,0.4,1.50",4.0,0.0107,2.009,0.022,1,0.9654,0,NORMAL,58.267,0.717,1,1,1,1,2,100.5,181,9,dijkstra,graph,0.37097,0,,,,,,0,,,,199599,111173,2899
872,194.11573457717896,2026-03-06T13:30:46.304684,130.42,0.0,8.01,28.68,23.49,0.0,0.82,213.73,4.41,0.426,0.426,STRAIGHT,1.5,1.5,"CMD,0.4,1.50",4.0,0.0101,2.055,0.021,1,0.9591,0,NORMAL,58.345,0.801,1,1,1,1,2,102.8,177,8,dijkstra,graph,0.37779,0,,,,,,0,,,,204685,113247,2920
873,194.33668637275696,2026-03-06T13:30:46.525636,120.24,0.0,9.54,25.83,23.73,0.0,0.0,199.57,4.41,0.431,0.43,STRAIGHT,1.5,1.5,"CMD,0.4,1.50",4.0,0.0107,2.009,0.022,1,0.9575,0,NORMAL,58.998,0.734,1,1,1,1,2,100.5,158,9,dijkstra,graph,0.37384,0,,,,,,0,,,,207357,112135,2838
874,194.5675790309906,2026-03-06T13:30:46.756529,121.73,0.0,10.6,27.19,24.53,0.0,0.0,205.58,4.4,0.435,0.431,STRAIGHT,1.5,1.5,"CMD,0.4,1.50",4.0,0.0107,2.009,0.022,1,0.9792,0,NORMAL,58.447,0.674,1,1,1,1,2,100.5,159,7,dijkstra,graph,0.37128,0,,,,,,0,,,,206279,111329,2862
875,194.79014801979065,2026-03-06T13:30:46.979098,121.71,0.0,11.06,25.04,20.26,0.0,0.0,198.15,4.39,0.437,0.435,STRAIGHT,1.5,1.5,"CMD,0.4,1.50",4.0,0.0107,2.009,0.022,1,0.9502,0,NORMAL,58.188,0.839,1,1,1,1,2,100.5,162,7,dijkstra,graph,0.37924,0,,,,,,0,,,,214099,113675,2923
876,195.00611853599548,2026-03-06T13:30:47.195068,121.99,0.0,9.29,20.05,17.7,0.0,0.0,191.19,4.39,0.443,0.437,STRAIGHT,1.5,1.5,"CMD,0.4,1.50",4.0,0.011,1.963,0.021,1,0.9701,0,NORMAL,59.185,0.752,1,1,1,1,2,98.2,122,6,dijkstra,graph,0.36514,0,,,,,,0,,,,208133,109539,2710
877,195.21329188346863,2026-03-06T13:30:47.402242,114.46,0.0,7.58,19.04,18.32,0.0,0.0,180.21,4.41,0.447,0.443,STRAIGHT,1.5,1.5,"CMD,0.4,1.50",4.0,0.011,1.963,0.021,1,0.9644,0,NORMAL,60.455,0.718,1,1,1,1,2,98.2,118,9,dijkstra,graph,0.36231,0,,,,,,0,,,,207087,108630,2689
878,195.4156789779663,2026-03-06T13:30:47.604629,116.21,0.0,10.23,14.4,15.93,0.0,0.0,179.07,4.43,0.45,0.447,STRAIGHT,1.5,1.5,"CMD,0.4,1.50",4.0,0.011,1.963,0.021,1,0.9508,0,NORMAL,61.018,0.626,1,1,1,1,2,98.2,77,7,dijkstra,graph,0.34512,0,,,,,,0,,,,197208,103414,2393
879,195.62227416038513,2026-03-06T13:30:47.811224,127.18,0.0,7.47,14.09,17.44,0.0,0.0,186.04,4.44,0.452,0.45,STRAIGHT,1.5,1.5,"CMD,0.5,1.50",4.0,0.011,1.963,0.021,1,0.9694,0,NORMAL,61.33,0.618,1,1,1,1,2,98.2,79,9,dijkstra,graph,0.34337,0,,,,,,0,,,,198048,102919,2442
880,195.81662607192993,2026-03-06T13:30:48.005576,112.31,0.0,7.53,14.25,17.35,0.0,1.0,172.51,4.46,0.453,0.452,STRAIGHT,1.5,1.5,"CMD,0.5,1.50",4.0,0.011,1.963,0.021,1,0.9375,0,NORMAL,61.212,0.667,1,1,1,1,2,98.2,82,7,dijkstra,graph,0.35519,0,,,,,,0,,,,207511,106425,2438
881,196.00826573371887,2026-03-06T13:30:48.197215,112.15,0.0,8.27,14.99,17.72,0.0,0.0,171.84,4.49,0.463,0.453,STRAIGHT,1.5,1.5,"CMD,0.5,1.50",4.0,0.0117,1.918,0.022,1,0.9524,0,NORMAL,62.492,0.6,1,1,1,1,2,95.9,77,5,dijkstra,graph,0.35099,0,,,,,,0,,,,207486,105142,2385
882,196.20634770393372,2026-03-06T13:30:48.395297,108.32,0.0,10.46,18.3,22.2,0.0,0.0,178.28,4.51,0.47,0.463,STRAIGHT,1.5,1.5,"CMD,0.5,1.50",4.0,0.0117,1.918,0.022,1,0.9707,0,NORMAL,62.654,0.609,1,1,1,1,2,95.9,79,5,dijkstra,graph,0.34628,0,,,,,,0,,,,204710,103721,2336
883,196.40479063987732,2026-03-06T13:30:48.593740,117.03,0.0,9.1,14.85,17.72,0.0,0.0,178.87,4.52,0.475,0.47,STRAIGHT,1.5,1.5,"CMD,0.5,1.50",4.0,0.0117,1.918,0.022,1,0.986,0,NORMAL,62.524,0.602,1,1,1,1,2,95.9,83,5,dijkstra,graph,0.34419,0,,,,,,0,,,,203463,103135,2416
884,196.60871720314026,2026-03-06T13:30:48.797667,122.81,0.0,8.81,14.56,17.34,0.0,0.0,183.79,4.53,0.478,0.475,STRAIGHT,1.5,1.5,"CMD,0.5,1.50",4.0,0.0117,1.918,0.022,1,0.98,0,NORMAL,62.376,0.634,1,1,1,1,2,95.9,82,6,dijkstra,graph,0.34283,0,,,,,,0,,,,200446,102695,2356
885,196.80914998054504,2026-03-06T13:30:48.998099,114.48,0.0,8.8,17.41,20.63,0.0,0.0,180.33,4.55,0.485,0.478,STRAIGHT,1.5,1.5,"CMD,0.5,1.50",4.0,0.0122,1.872,0.021,1,0.9761,0,NORMAL,63.169,0.634,1,1,1,1,2,93.6,87,5,dijkstra,graph,0.3344,0,,,,,,0,,,,196241,100173,2288
886,197.00467038154602,2026-03-06T13:30:49.193620,113.99,0.0,9.45,14.79,17.06,0.0,0.0,175.41,4.58,0.491,0.485,STRAIGHT,1.5,1.5,"CMD,0.5,1.50",4.0,0.0122,1.872,0.021,1,0.9806,0,NORMAL,62.968,0.6,1,1,1,1,2,93.6,83,4,dijkstra,graph,0.33287,0,,,,,,0,,,,193667,99610,2335
887,197.1972372531891,2026-03-06T13:30:49.386187,113.41,0.0,8.4,15.03,17.38,0.0,0.0,173.18,4.61,0.494,0.491,STRAIGHT,1.5,1.5,"CMD,0.5,1.50",4.0,0.0122,1.872,0.021,1,0.9685,0,NORMAL,63.864,0.605,1,1,1,1,2,93.6,83,6,dijkstra,graph,0.3264,0,,,,,,0,,,,188153,97614,2280
888,197.3964443206787,2026-03-06T13:30:49.585394,115.78,0.0,7.62,15.33,16.7,0.0,0.0,176.27,4.63,0.497,0.494,STRAIGHT,1.5,1.5,"CMD,0.5,1.50",4.0,0.0122,1.872,0.021,1,0.9726,0,NORMAL,63.687,0.566,1,1,1,1,2,93.6,85,4,dijkstra,graph,0.32671,0,,,,,,0,,,,185835,97833,2240
889,197.59737515449524,2026-03-06T13:30:49.786325,119.68,0.0,9.69,16.83,15.51,0.0,0.0,180.76,4.64,0.498,0.497,STRAIGHT,1.5,1.5,"CMD,0.5,1.50",4.0,0.0122,1.872,0.021,1,0.9772,0,NORMAL,63.309,0.519,1,1,1,1,2,93.6,80,3,dijkstra,graph,0.32366,0,,,,,,0,,,,183186,96731,2152
890,197.7924416065216,2026-03-06T13:30:49.981391,112.63,0.0,8.41,14.09,15.64,0.0,1.12,171.65,4.66,0.499,0.498,STRAIGHT,1.5,1.5,"CMD,0.5,1.50",4.0,0.0122,1.872,0.021,1,0.9726,0,NORMAL,63.514,0.541,1,1,1,1,2,93.6,75,4,dijkstra,graph,0.31537,0,,,,,,0,,,,178835,94342,2144
891,197.9911825656891,2026-03-06T13:30:50.180132,120.33,0.0,10.08,11.83,15.99,0.0,0.0,178.25,4.68,0.511,0.499,STRAIGHT,1.5,1.5,"CMD,0.5,1.50",4.0,0.0129,1.826,0.022,1,0.9703,0,NORMAL,63.538,0.516,1,1,1,1,2,91.3,53,6,dijkstra,graph,0.31331,0,,,,,,0,,,,175360,93724,2142
892,198.18848299980164,2026-03-06T13:30:50.377433,118.93,0.0,9.85,13.43,16.09,0.0,0.0,178.03,4.7,0.519,0.511,STRAIGHT,1.5,1.5,"CMD,0.5,1.50",4.0,0.0129,1.826,0.022,1,0.9693,0,NORMAL,64.162,0.528,1,1,1,1,2,91.3,72,4,dijkstra,graph,0.30762,0,,,,,,0,,,,170857,91960,1986
893,198.38173484802246,2026-03-06T13:30:50.570684,117.72,0.0,8.54,13.03,16.33,0.0,0.0,173.54,4.73,0.524,0.519,STRAIGHT,1.5,1.5,"CMD,0.5,1.50",4.0,0.0129,1.826,0.022,1,0.97,0,NORMAL,64.126,0.509,1,1,1,1,2,91.3,59,4,dijkstra,graph,0.30014,0,,,,,,0,,,,167093,89767,2077
894,198.58686304092407,2026-03-06T13:30:50.775813,127.35,0.0,8.04,14.2,17.22,0.0,0.0,185.84,4.75,0.527,0.524,STRAIGHT,1.5,1.5,"CMD,0.5,1.50",4.0,0.0129,1.826,0.022,1,0.9706,0,NORMAL,64.37,0.462,1,1,1,1,2,91.3,83,3,dijkstra,graph,0.2969,0,,,,,,0,,,,163959,88855,2052
895,198.79970574378967,2026-03-06T13:30:50.988655,130.73,0.0,8.04,15.33,18.82,0.0,0.0,193.65,4.77,0.53,0.527,STRAIGHT,1.5,1.5,"CMD,0.5,1.50",4.0,0.0129,1.826,0.022,1,0.9525,0,NORMAL,64.326,0.513,1,1,1,1,2,91.3,76,3,dijkstra,graph,0.28946,0,,,,,,0,,,,157540,86666,1887
896,199.0090970993042,2026-03-06T13:30:51.198047,130.37,0.0,8.63,13.63,16.44,0.0,0.0,190.05,4.78,0.531,0.53,STRAIGHT,1.5,1.5,"CMD,0.5,1.50",4.0,0.0129,1.826,0.022,1,0.9798,0,NORMAL,64.583,0.57,1,1,1,1,2,91.3,73,3,dijkstra,graph,0.28841,0,,,,,,0,,,,155829,86302,1924
897,199.1961772441864,2026-03-06T13:30:51.385127,111.23,0.0,8.12,12.56,15.38,0.0,0.0,168.18,4.81,0.539,0.531,STRAIGHT,1.5,1.5,"CMD,0.5,1.50",4.0,0.0135,1.781,0.021,1,0.9802,0,NORMAL,64.524,0.549,1,1,1,1,2,89.1,68,3,dijkstra,graph,0.28308,0,,,,,,0,,,,154172,84705,1793
898,199.39493942260742,2026-03-06T13:30:51.583889,121.54,0.0,9.0,13.26,16.15,0.0,0.0,179.33,4.83,0.545,0.539,STRAIGHT,1.5,1.5,"CMD,0.5,1.50",4.0,0.0135,1.781,0.021,1,0.9743,0,NORMAL,66.001,0.475,1,1,1,1,2,89.1,72,3,dijkstra,graph,0.2886,0,,,,,,0,,,,153776,86325,1791
899,199.59470391273499,2026-03-06T13:30:51.783653,125.73,0.0,8.08,13.29,15.57,0.0,0.0,180.58,4.86,0.549,0.545,STRAIGHT,1.5,1.5,"CMD,0.5,1.50",4.0,0.0135,1.781,0.021,1,0.9836,0,NORMAL,66.499,0.52,1,1,1,1,2,89.1,70,2,dijkstra,graph,0.28591,0,,,,,,0,,,,153159,85567,1574
900,199.77797532081604,2026-03-06T13:30:51.966925,110.07,0.0,8.9,10.81,14.89,0.0,0.0,165.46,4.92,0.551,0.549,STRAIGHT,1.5,1.5,"CMD,0.5,1.50",4.0,0.0135,1.781,0.021,1,0.973,0,NORMAL,66.089,0.49,1,1,1,1,2,89.1,55,2,dijkstra,graph,0.27407,0,,,,,,0,,,,150580,82007,1537
901,199.96985936164856,2026-03-06T13:30:52.158809,116.42,0.0,8.44,14.34,14.91,0.0,0.0,172.66,4.95,0.553,0.551,STRAIGHT,1.5,1.5,"CMD,0.6,1.50",4.0,0.0135,1.781,0.021,1,0.958,0,NORMAL,64.518,0.68,1,1,1,1,2,89.1,75,3,dijkstra,graph,0.29783,0,,,,,,0,,,,156924,88979,1650
902,200.15881204605103,2026-03-06T13:30:52.347762,112.16,0.0,9.42,13.37,15.4,0.0,1.01,169.7,4.98,0.547,0.551,STRAIGHT,1.5,1.5,"CMD,0.6,1.50",4.0,0.0129,1.826,0.022,1,0.9743,0,NORMAL,62.828,0.875,1,1,1,1,2,91.3,75,3,dijkstra,graph,0.30721,0,,,,,,0,,,,158712,91885,1708
903,200.35723280906677,2026-03-06T13:30:52.546182,117.38,0.0,8.66,13.92,19.28,0.0,0.0,179.97,5.01,0.542,0.547,STRAIGHT,1.5,1.5,"CMD,0.5,1.50",4.0,0.0129,1.826,0.022,1,0.9824,0,NORMAL,62.923,1.043,1,1,1,1,2,91.3,76,2,dijkstra,graph,0.30281,0,,,,,,0,,,,158294,90595,1590
904,200.55727314949036,2026-03-06T13:30:52.746223,122.84,0.0,8.66,13.19,15.46,0.0,0.0,179.29,5.03,0.54,0.542,STRAIGHT,1.5,1.5,"CMD,0.5,1.50",4.0,0.0129,1.826,0.022,1,0.9844,0,NORMAL,63.467,0.962,1,1,1,1,2,91.3,75,4,dijkstra,graph,0.2987,0,,,,,,0,,,,158208,89314,1764
905,200.75599098205566,2026-03-06T13:30:52.944941,122.33,0.0,8.4,13.66,15.48,0.0,0.0,179.19,5.04,0.545,0.542,STRAIGHT,1.5,1.5,"CMD,0.5,1.50",4.0,0.0135,1.781,0.021,1,0.986,0,NORMAL,63.63,0.909,1,1,1,1,2,89.1,73,3,dijkstra,graph,0.2981,0,,,,,,0,,,,157867,89149,1656
906,200.94379901885986,2026-03-06T13:30:53.132749,112.27,0.0,8.56,11.92,15.82,0.0,0.0,168.73,5.06,0.549,0.545,STRAIGHT,1.5,1.5,"CMD,0.5,1.50",4.0,0.0135,1.781,0.021,1,0.9863,0,NORMAL,64.038,0.864,1,1,1,1,2,89.1,63,4,dijkstra,graph,0.29812,0,,,,,,0,,,,158707,89180,1685
907,201.14026999473572,2026-03-06T13:30:53.329220,118.04,0.0,8.52,14.16,18.68,0.0,0.0,178.03,5.07,0.544,0.545,STRAIGHT,1.5,1.5,"CMD,0.5,1.50",4.0,0.0129,1.826,0.022,1,0.9902,0,NORMAL,63.708,0.772,1,1,1,1,2,91.3,64,3,dijkstra,graph,0.29826,0,,,,,,0,,,,159372,89279,1637
908,201.34132623672485,2026-03-06T13:30:53.530276,120.24,0.0,8.4,12.91,15.49,0.0,0.0,178.53,5.07,0.541,0.544,STRAIGHT,1.5,1.5,"CMD,0.5,1.50",4.0,0.0129,1.826,0.022,1,0.9893,0,NORMAL,63.458,0.754,1,1,1,1,2,91.3,70,3,dijkstra,graph,0.29957,0,,,,,,0,,,,159314,89635,1689
909,201.545832157135,2026-03-06T13:30:53.734782,119.79,0.0,9.35,15.01,18.84,0.0,0.0,184.1,5.06,0.539,0.541,STRAIGHT,1.5,1.5,"CMD,0.5,1.50",4.0,0.0129,1.826,0.022,1,0.9896,0,NORMAL,63.471,0.752,1,1,1,1,2,91.3,79,3,dijkstra,graph,0.29862,0,,,,,,0,,,,158791,89394,1708
910,201.75774025917053,2026-03-06T13:30:53.946690,131.09,0.0,8.86,13.71,15.97,0.0,0.0,190.94,5.04,0.544,0.541,STRAIGHT,1.5,1.5,"CMD,0.5,1.50",4.0,0.0135,1.781,0.021,1,0.9895,0,NORMAL,63.747,0.732,1,1,1,1,2,89.1,72,4,dijkstra,graph,0.29996,0,,,,,,0,,,,159026,89746,1837
911,201.96243500709534,2026-03-06T13:30:54.151385,129.05,0.0,8.8,14.65,15.1,0.0,0.0,185.43,5.04,0.541,0.541,STRAIGHT,1.5,1.5,"CMD,0.5,1.50",4.0,0.0129,1.826,0.022,1,0.9868,0,NORMAL,63.138,0.681,1,1,1,1,2,91.3,75,3,dijkstra,graph,0.30475,0,,,,,,0,,,,160614,91226,1740
912,202.15090322494507,2026-03-06T13:30:54.339853,111.87,0.0,8.41,14.16,15.77,0.0,0.0,169.0,5.05,0.539,0.541,STRAIGHT,1.5,1.5,"CMD,0.5,1.50",4.0,0.0129,1.826,0.022,1,0.9873,0,NORMAL,63.399,0.667,1,1,1,1,2,91.3,76,2,dijkstra,graph,0.30651,0,,,,,,0,,,,160251,91782,1636
913,202.3624804019928,2026-03-06T13:30:54.551430,127.74,0.0,9.77,14.19,17.4,0.0,0.0,191.62,5.04,0.526,0.539,STRAIGHT,1.5,1.5,"CMD,0.5,1.50",4.0,0.0122,1.872,0.021,1,0.9625,0,NORMAL,62.594,0.783,1,1,1,1,2,93.6,71,3,dijkstra,graph,0.34099,0,,,,,,0,,,,165920,102066,1781
914,202.57570099830627,2026-03-06T13:30:54.764651,130.49,0.0,9.13,13.86,19.49,0.0,0.0,193.83,5.03,0.529,0.529,STRAIGHT,1.5,1.5,"CMD,0.5,1.50",4.0,0.0129,1.826,0.022,1,0.9743,0,NORMAL,63.467,0.518,1,1,1,1,2,91.3,57,2,dijkstra,graph,0.32756,0,,,,,,0,,,,163737,97972,1583
915,202.793860912323,2026-03-06T13:30:54.982810,131.18,0.0,9.0,13.59,19.27,0.0,0.0,193.64,5.01,0.531,0.529,STRAIGHT,1.5,1.5,"CMD,0.5,1.50",4.0,0.0129,1.826,0.022,1,0.9676,0,NORMAL,63.161,0.423,1,1,1,1,2,91.3,68,3,dijkstra,graph,0.30475,0,,,,,,0,,,,159255,91157,1707
916,203.02992939949036,2026-03-06T13:30:55.218879,148.82,0.0,9.02,13.66,20.15,0.0,0.0,214.58,4.97,0.532,0.531,STRAIGHT,1.5,1.5,"CMD,0.5,1.50",4.0,0.0129,1.826,0.022,1,0.9812,0,NORMAL,62.541,0.459,1,1,1,1,2,91.3,65,4,dijkstra,graph,0.31006,0,,,,,,0,,,,160534,92762,1813
917,203.24621200561523,2026-03-06T13:30:55.435162,127.15,0.0,9.39,15.23,19.04,0.0,0.78,192.93,4.96,0.522,0.531,STRAIGHT,1.5,1.5,"CMD,0.5,1.50",4.0,0.0122,1.872,0.021,1,0.9834,0,NORMAL,62.551,0.451,1,1,1,1,2,93.6,75,3,dijkstra,graph,0.31333,0,,,,,,0,,,,161854,93804,1787
918,203.46189165115356,2026-03-06T13:30:55.650841,128.64,0.0,9.37,14.03,18.49,0.0,1.0,193.71,4.94,0.515,0.522,STRAIGHT,1.5,1.5,"CMD,0.5,1.50",4.0,0.0122,1.872,0.021,1,0.9747,0,NORMAL,62.412,0.473,1,1,1,1,2,93.6,75,2,dijkstra,graph,0.30446,0,,,,,,0,,,,159680,91151,1693
919,203.6822793483734,2026-03-06T13:30:55.871229,131.59,0.0,9.41,14.45,20.07,0.0,0.0,198.3,4.92,0.51,0.515,STRAIGHT,1.5,1.5,"CMD,0.5,1.50",4.0,0.0122,1.872,0.021,1,0.9734,0,NORMAL,63.198,0.475,1,1,1,1,2,93.6,65,3,dijkstra,graph,0.31579,0,,,,,,0,,,,161935,94491,1779
920,203.89939188957214,2026-03-06T13:30:56.088342,128.77,0.0,9.39,15.57,18.56,0.0,0.0,193.66,4.91,0.507,0.51,STRAIGHT,1.5,1.5,"CMD,0.5,1.50",4.0,0.0122,1.872,0.021,1,0.9775,0,NORMAL,63.223,0.445,1,1,1,1,2,93.6,70,2,dijkstra,graph,0.3106,0,,,,,,0,,,,160953,92833,1651
921,204.11383748054504,2026-03-06T13:30:56.302787,124.78,0.0,10.64,15.95,20.02,0.0,0.0,191.86,4.89,0.505,0.507,STRAIGHT,1.5,1.5,"CMD,0.5,1.50",4.0,0.0122,1.872,0.021,1,0.972,0,NORMAL,62.953,0.415,1,1,1,1,2,93.6,79,3,dijkstra,graph,0.32256,0,,,,,,0,,,,164748,96590,1875
922,204.33031725883484,2026-03-06T13:30:56.519267,126.99,0.0,8.56,16.02,19.86,0.0,0.0,194.27,4.88,0.504,0.505,STRAIGHT,1.5,1.5,"CMD,0.5,1.50",4.0,0.0122,1.872,0.021,1,0.9862,0,NORMAL,62.883,0.463,1,1,1,1,2,93.6,72,3,dijkstra,graph,0.32145,0,,,,,,0,,,,165520,96298,1798
923,204.54553031921387,2026-03-06T13:30:56.734480,125.58,0.0,10.08,15.09,19.99,0.0,0.0,192.59,4.87,0.503,0.504,STRAIGHT,1.5,1.5,"CMD,0.5,1.50",4.0,0.0122,1.872,0.021,1,0.9882,0,NORMAL,63.313,0.433,1,1,1,1,2,93.6,77,3,dijkstra,graph,0.31731,0,,,,,,0,,,,164542,95019,1863
924,204.75639033317566,2026-03-06T13:30:56.945340,124.31,0.0,10.52,16.15,16.61,0.0,0.0,187.47,4.87,0.497,0.503,STRAIGHT,1.5,1.5,"CMD,0.5,1.50",4.0,0.0117,1.918,0.022,1,0.9843,0,NORMAL,63.677,0.49,1,1,1,1,2,95.9,85,3,dijkstra,graph,0.33035,0,,,,,,0,,,,166940,99074,1828
925,204.95875692367554,2026-03-06T13:30:57.147707,118.58,0.0,9.93,16.23,16.53,0.0,0.0,180.44,4.88,0.492,0.497,STRAIGHT,1.5,1.5,"CMD,0.5,1.50",4.0,0.0117,1.918,0.022,1,0.9883,0,NORMAL,63.469,0.488,1,1,1,1,2,95.9,75,3,dijkstra,graph,0.33535,0,,,,,,0,,,,168634,100347,1796
926,205.16839814186096,2026-03-06T13:30:57.357348,121.36,0.0,10.4,16.22,20.03,0.0,1.0,189.6,4.86,0.489,0.492,STRAIGHT,1.5,1.5,"CMD,0.5,1.50",4.0,0.0117,1.918,0.022,1,0.9867,0,NORMAL,62.824,0.464,1,1,1,1,2,95.9,82,3,dijkstra,graph,0.33529,0,,,,,,0,,,,169828,100433,1911
927,205.37891936302185,2026-03-06T13:30:57.567869,122.11,0.0,10.22,14.05,20.05,0.0,0.0,187.25,4.85,0.478,0.489,STRAIGHT,1.5,1.5,"CMD,0.5,1.50",4.0,0.011,1.963,0.021,1,0.9781,0,NORMAL,62.383,0.651,1,1,1,1,2,98.2,62,2,dijkstra,graph,0.34787,0,,,,,,0,,,,171050,104137,1628
928,205.59156966209412,2026-03-06T13:30:57.780519,122.63,0.0,10.52,15.66,20.2,0.0,0.0,189.43,4.84,0.471,0.478,STRAIGHT,1.5,1.5,"CMD,0.5,1.50",4.0,0.011,1.963,0.021,1,0.9791,0,NORMAL,62.157,0.705,1,1,1,1,2,98.2,77,3,dijkstra,graph,0.35917,0,,,,,,0,,,,174570,107597,1824
929,205.80820894241333,2026-03-06T13:30:57.997159,122.64,0.0,10.02,16.84,20.99,0.0,0.0,192.06,4.81,0.466,0.471,STRAIGHT,1.5,1.5,"CMD,0.5,1.50",4.0,0.011,1.963,0.021,1,0.9785,0,NORMAL,63.658,0.661,1,1,1,1,2,98.2,74,3,dijkstra,graph,0.34917,0,,,,,,0,,,,171176,104595,1970
930,206.0235414505005,2026-03-06T13:30:58.212491,124.11,0.0,9.93,16.18,20.84,0.0,0.0,191.79,4.79,0.462,0.466,STRAIGHT,1.5,1.5,"CMD,0.5,1.50",4.0,0.011,1.963,0.021,1,0.9805,0,NORMAL,64.126,0.693,1,1,1,1,2,98.2,82,3,dijkstra,graph,0.34124,0,,,,,,0,,,,169483,102230,1790
931,206.2390580177307,2026-03-06T13:30:58.428008,121.35,0.0,11.13,16.25,19.66,0.0,1.0,191.71,4.77,0.46,0.462,STRAIGHT,1.5,1.5,"CMD,0.5,1.50",4.0,0.011,1.963,0.021,1,0.9887,0,NORMAL,64.014,0.673,1,1,1,1,2,98.2,84,3,dijkstra,graph,0.34091,0,,,,,,0,,,,170080,102061,1807
932,206.4463849067688,2026-03-06T13:30:58.635335,117.97,0.0,9.07,15.36,20.24,0.0,0.0,184.19,4.76,0.459,0.46,STRAIGHT,1.5,1.5,"CMD,0.5,1.50",4.0,0.011,1.963,0.021,1,0.9838,0,NORMAL,64.694,0.7,1,1,1,1,2,98.2,79,3,dijkstra,graph,0.35072,0,,,,,,0,,,,171672,105025,1865
933,206.67581057548523,2026-03-06T13:30:58.864760,138.79,0.0,10.05,13.65,21.53,0.0,0.32,206.11,4.74,0.458,0.459,STRAIGHT,1.5,1.5,"CMD,0.5,1.50",4.0,0.011,1.963,0.021,1,0.9891,0,NORMAL,64.779,0.707,1,1,1,1,2,98.2,83,2,dijkstra,graph,0.34775,0,,,,,,0,,,,171784,104123,1694
934,206.88675045967102,2026-03-06T13:30:59.075700,121.34,0.0,8.56,15.81,20.44,0.0,0.0,189.08,4.73,0.457,0.458,STRAIGHT,1.5,1.5,"CMD,0.5,1.50",4.0,0.011,1.963,0.021,1,0.9901,0,NORMAL,65.063,0.729,1,1,1,1,2,98.2,78,3,dijkstra,graph,0.3474,0,,,,,,0,,,,171423,104069,1879
935,207.0992169380188,2026-03-06T13:30:59.288166,123.15,0.0,10.02,14.61,17.79,0.0,0.0,188.16,4.71,0.452,0.457,STRAIGHT,1.5,1.5,"CMD,0.5,1.50",4.0,0.0107,2.009,0.022,1,0.9861,0,NORMAL,65.241,0.737,1,1,1,1,2,100.5,77,2,dijkstra,graph,0.34548,0,,,,,,0,,,,170198,103429,1662
936,207.30682253837585,2026-03-06T13:30:59.495772,122.35,0.0,11.37,15.0,16.83,0.0,0.0,187.34,4.7,0.453,0.453,STRAIGHT,1.5,1.5,"CMD,0.5,1.50",4.0,0.011,1.963,0.021,1,0.9856,0,NORMAL,66.093,0.688,1,1,1,1,2,98.2,82,3,dijkstra,graph,0.34777,0,,,,,,0,,,,171605,104108,1729
937,207.52558302879333,2026-03-06T13:30:59.714533,121.2,0.0,10.48,17.35,27.34,0.0,0.0,194.67,4.69,0.454,0.453,STRAIGHT,1.5,1.5,"CMD,0.5,1.50",4.0,0.011,1.963,0.021,1,0.9814,0,NORMAL,65.939,0.697,1,1,1,1,2,98.2,78,4,dijkstra,graph,0.36401,0,,,,,,0,,,,174549,108905,2002
938,207.73795628547668,2026-03-06T13:30:59.926906,119.5,0.0,9.54,15.86,20.58,0.0,0.0,186.51,4.68,0.455,0.454,STRAIGHT,1.5,1.5,"CMD,0.5,1.50",4.0,0.011,1.963,0.021,1,0.9856,0,NORMAL,66.949,0.722,1,1,1,1,2,98.2,80,2,dijkstra,graph,0.35888,0,,,,,,0,,,,173029,107587,1800
939,207.95171666145325,2026-03-06T13:31:00.140666,122.53,0.0,10.06,17.27,20.51,0.0,0.0,190.45,4.68,0.455,0.455,STRAIGHT,1.5,1.5,"CMD,0.5,1.50",4.0,0.011,1.963,0.021,1,0.9806,0,NORMAL,67.896,0.668,1,1,1,1,2,98.2,79,3,dijkstra,graph,0.34568,0,,,,,,0,,,,170065,103505,1776
940,208.1623888015747,2026-03-06T13:31:00.351338,120.25,0.0,9.71,16.2,19.86,0.0,0.0,187.3,4.68,0.45,0.455,STRAIGHT,1.5,1.5,"CMD,0.5,1.50",4.0,0.0107,2.009,0.022,1,0.986,0,NORMAL,67.376,0.694,1,1,1,1,2,100.5,82,2,dijkstra,graph,0.35163,0,,,,,,0,,,,172281,105271,1727
941,208.3758099079132,2026-03-06T13:31:00.564760,122.41,0.0,9.11,15.4,19.69,0.0,0.0,189.72,4.66,0.447,0.45,STRAIGHT,1.5,1.5,"CMD,0.5,1.50",4.0,0.0107,2.009,0.022,1,0.9898,0,NORMAL,68.732,0.642,1,1,1,1,2,100.5,82,3,dijkstra,graph,0.34952,0,,,,,,0,,,,171757,104596,1797
942,208.5959448814392,2026-03-06T13:31:00.784895,126.17,0.0,9.88,18.04,21.1,0.0,0.0,197.22,4.65,0.445,0.447,STRAIGHT,1.5,1.5,"CMD,0.4,1.50",4.0,0.0107,2.009,0.022,1,0.9646,0,NORMAL,68.771,0.639,1,1,1,1,2,100.5,96,2,dijkstra,graph,0.36833,0,,,,,,0,,,,177601,110205,1823
943,208.8073709011078,2026-03-06T13:31:00.996320,118.5,0.0,9.82,16.46,20.98,0.0,0.0,188.37,4.65,0.444,0.445,STRAIGHT,1.5,1.5,"CMD,0.4,1.50",4.0,0.0107,2.009,0.022,1,0.9832,0,NORMAL,69.142,0.719,1,1,1,1,2,100.5,79,3,dijkstra,graph,0.36205,0,,,,,,0,,,,175255,108491,1886
944,209.02420663833618,2026-03-06T13:31:01.213156,122.62,0.0,10.02,17.2,20.55,0.0,1.5,192.75,4.65,0.443,0.444,STRAIGHT,1.5,1.5,"CMD,0.4,1.50",4.0,0.0107,2.009,0.022,1,0.9868,0,NORMAL,69.07,0.767,1,1,1,1,2,100.5,88,3,dijkstra,graph,0.36605,0,,,,,,0,,,,176273,109690,1992
945,209.23982954025269,2026-03-06T13:31:01.428779,122.99,0.0,11.04,17.33,20.39,0.0,0.0,192.04,4.67,0.443,0.443,STRAIGHT,1.5,1.5,"CMD,0.4,1.50",4.0,0.0107,2.009,0.022,1,0.9879,0,NORMAL,69.431,0.715,1,1,1,1,2,100.5,88,3,dijkstra,graph,0.3651,0,,,,,,0,,,,176513,109285,1796
946,209.45177745819092,2026-03-06T13:31:01.640727,119.99,0.0,11.02,15.54,19.71,0.0,0.0,187.74,4.67,0.442,0.443,STRAIGHT,1.5,1.5,"CMD,0.4,1.50",4.0,0.0107,2.009,0.022,1,0.9901,0,NORMAL,70.002,0.735,1,1,1,1,2,100.5,73,2,dijkstra,graph,0.36756,0,,,,,,0,,,,177250,110002,1679
947,209.6730465888977,2026-03-06T13:31:01.861996,134.34,0.0,9.75,16.08,17.04,0.0,1.0,198.03,4.67,0.442,0.442,STRAIGHT,1.5,1.5,"CMD,0.4,1.50",4.0,0.0107,2.009,0.022,1,0.9915,0,NORMAL,70.538,0.676,1,1,1,1,2,100.5,85,3,dijkstra,graph,0.36457,0,,,,,,0,,,,176400,109109,1886
948,209.8814890384674,2026-03-06T13:31:02.070439,118.94,0.0,9.25,17.06,22.17,0.0,0.0,189.09,4.68,0.442,0.442,STRAIGHT,1.5,1.5,"CMD,0.4,1.50",4.0,0.0107,2.009,0.022,1,0.9854,0,NORMAL,70.516,0.68,1,1,1,1,2,100.5,85,3,dijkstra,graph,0.37258,0,,,,,,0,,,,178085,111598,1950
949,210.09896874427795,2026-03-06T13:31:02.287918,120.84,0.0,9.88,18.89,22.23,0.0,0.0,192.92,4.68,0.433,0.442,STRAIGHT,1.5,1.5,"CMD,0.4,1.50",4.0,0.0101,2.055,0.021,1,0.979,0,NORMAL,69.628,0.827,1,1,1,1,2,102.8,98,2,dijkstra,graph,0.38405,0,,,,,,0,,,,181050,114939,2022
950,210.31424593925476,2026-03-06T13:31:02.503195,121.06,0.0,9.01,18.91,22.87,0.0,0.0,191.23,4.68,0.428,0.433,STRAIGHT,1.5,1.5,"CMD,0.4,1.50",4.0,0.0101,2.055,0.021,1,0.9813,0,NORMAL,70.711,0.8,1,1,1,1,2,102.8,96,3,dijkstra,graph,0.38707,0,,,,,,0,,,,182895,115856,2115
951,210.52810645103455,2026-03-06T13:31:02.717056,123.86,0.0,10.21,16.55,17.36,0.0,0.0,190.13,4.68,0.424,0.428,STRAIGHT,1.5,1.5,"CMD,0.4,1.50",4.0,0.0101,2.055,0.021,1,0.974,0,NORMAL,70.711,0.779,1,1,1,1,2,102.8,76,3,dijkstra,graph,0.37659,0,,,,,,0,,,,179203,112750,1787
952,210.7390878200531,2026-03-06T13:31:02.928037,117.47,0.0,9.96,15.94,23.84,0.0,0.0,188.25,4.68,0.422,0.424,STRAIGHT,1.5,1.5,"CMD,0.4,1.50",4.0,0.0101,2.055,0.021,1,0.9696,0,NORMAL,70.711,0.8,1,1,1,1,2,102.8,83,4,dijkstra,graph,0.39789,0,,,,,,0,,,,184305,119044,2069
953,210.9515450000763,2026-03-06T13:31:03.140495,121.25,0.0,10.22,16.89,19.95,0.0,0.0,188.8,4.68,0.42,0.422,STRAIGHT,1.5,1.5,"CMD,0.4,1.50",4.0,0.0101,2.055,0.021,1,0.9776,0,NORMAL,70.711,0.646,1,1,1,1,2,102.8,93,5,dijkstra,graph,0.39289,0,,,,,,0,,,,185095,117538,2121
954,211.1660077571869,2026-03-06T13:31:03.354957,122.13,0.0,9.98,16.17,20.54,0.0,1.01,192.0,4.67,0.412,0.42,STRAIGHT,1.5,1.5,"CMD,0.4,1.50",4.0,0.0096,2.1,0.021,1,0.98,0,NORMAL,70.711,0.622,1,1,1,1,2,105.0,82,3,dijkstra,graph,0.39316,0,,,,,,0,,,,186203,117627,2026
955,211.37889194488525,2026-03-06T13:31:03.567842,123.11,0.0,10.04,18.29,18.15,0.0,0.0,189.71,4.67,0.406,0.412,STRAIGHT,1.5,1.5,"CMD,0.4,1.50",4.0,0.0096,2.1,0.021,1,0.9823,0,NORMAL,70.711,0.65,1,1,1,1,2,105.0,99,5,dijkstra,graph,0.39552,0,,,,,,0,,,,185858,118276,2107
956,211.59746384620667,2026-03-06T13:31:03.786413,124.44,0.0,10.3,18.53,21.46,0.0,0.0,194.28,4.66,0.403,0.406,STRAIGHT,1.5,1.5,"CMD,0.4,1.50",4.0,0.0096,2.1,0.021,1,0.9821,0,NORMAL,70.711,0.556,1,1,1,1,2,105.0,96,3,dijkstra,graph,0.3957,0,,,,,,0,,,,187573,118406,2044
957,211.8083393573761,2026-03-06T13:31:03.997289,117.0,0.0,10.37,17.09,21.56,0.0,0.0,186.84,4.66,0.4,0.403,STRAIGHT,1.5,1.5,"CMD,0.4,1.50",4.0,0.0096,2.1,0.021,1,0.9788,0,NORMAL,70.711,0.504,1,1,1,1,2,105.0,86,5,dijkstra,graph,0.39397,0,,,,,,0,,,,185699,117971,2011
958,212.0279929637909,2026-03-06T13:31:04.216943,121.81,0.0,10.02,18.97,22.04,0.0,0.0,195.11,4.66,0.395,0.4,STRAIGHT,1.5,1.5,"CMD,0.4,1.50",4.0,0.0093,2.146,0.021,1,0.9685,0,NORMAL,70.711,0.477,1,1,1,1,2,107.3,92,5,dijkstra,graph,0.4064,0,,,,,,0,,,,190283,121526,2127
959,212.24191093444824,2026-03-06T13:31:04.430861,119.58,0.0,10.07,18.97,21.5,0.0,0.0,192.2,4.66,0.395,0.395,STRAIGHT,1.5,1.5,"CMD,0.4,1.50",4.0,0.0096,2.1,0.021,1,0.9836,0,NORMAL,70.711,0.441,1,1,1,1,2,105.0,97,3,dijkstra,graph,0.40095,0,,,,,,0,,,,189121,119945,2156
960,212.45387172698975,2026-03-06T13:31:04.642821,118.73,0.0,10.5,15.59,21.28,0.0,0.0,188.3,4.67,0.392,0.395,STRAIGHT,1.5,1.5,"CMD,0.4,1.50",4.0,0.0093,2.146,0.021,1,0.9754,0,NORMAL,70.711,0.428,1,1,1,1,2,107.3,87,5,dijkstra,graph,0.40665,0,,,,,,0,,,,191527,121656,2058
961,212.67632150650024,2026-03-06T13:31:04.865271,129.32,0.0,10.53,16.8,22.2,0.0,0.0,197.99,4.65,0.389,0.392,STRAIGHT,1.5,1.5,"CMD,0.4,1.50",4.0,0.0093,2.146,0.021,1,0.9767,0,NORMAL,70.711,0.43,1,1,1,1,2,107.3,78,5,dijkstra,graph,0.40969,0,,,,,,0,,,,191724,122597,2067
962,212.90031027793884,2026-03-06T13:31:05.089260,125.09,0.0,9.77,19.94,22.9,0.0,0.0,198.11,4.66,0.387,0.389,STRAIGHT,1.5,1.5,"CMD,0.4,1.50",4.0,0.0093,2.146,0.021,1,0.9838,0,NORMAL,70.711,0.434,1,1,1,1,2,107.3,99,5,dijkstra,graph,0.40878,0,,,,,,0,,,,192834,122451,2054
963,213.1206920146942,2026-03-06T13:31:05.309642,125.16,0.0,11.42,17.08,22.68,0.0,0.0,198.73,4.65,0.38,0.387,STRAIGHT,1.5,1.5,"CMD,0.4,1.50",4.0,0.0089,2.192,0.021,1,0.9803,0,NORMAL,70.711,0.424,1,1,1,1,2,109.6,85,5,dijkstra,graph,0.41833,0,,,,,,0,,,,196704,125116,2122
964,213.34161686897278,2026-03-06T13:31:05.530566,126.05,0.0,10.5,17.79,22.75,0.0,0.0,199.18,4.65,0.375,0.38,STRAIGHT,1.5,1.5,"CMD,0.4,1.50",4.0,0.0089,2.192,0.021,1,0.9765,0,NORMAL,70.711,0.487,1,1,1,1,2,109.6,86,5,dijkstra,graph,0.4276,0,,,,,,0,,,,199232,127990,2226
965,213.56072545051575,2026-03-06T13:31:05.749675,122.03,0.0,10.41,18.77,21.42,0.0,0.0,192.88,4.64,0.372,0.375,STRAIGHT,1.5,1.5,"CMD,0.4,1.50",4.0,0.0089,2.192,0.021,1,0.9837,0,NORMAL,70.504,0.527,1,1,1,1,2,109.6,93,5,dijkstra,graph,0.4362,0,,,,,,0,,,,202429,130519,2263
966,213.7738299369812,2026-03-06T13:31:05.962780,120.29,0.0,9.01,15.9,23.13,0.0,0.0,188.89,4.64,0.37,0.372,STRAIGHT,1.5,1.5,"CMD,0.4,1.50",4.0,0.0089,2.192,0.021,1,0.9894,0,NORMAL,70.711,0.361,1,1,1,1,2,109.6,80,6,dijkstra,graph,0.43479,0,,,,,,0,,,,201031,130085,2242
967,213.99474263191223,2026-03-06T13:31:06.183692,123.76,0.0,11.58,19.15,22.78,0.0,0.0,196.38,4.63,0.368,0.37,STRAIGHT,1.5,1.5,"CMD,0.4,1.50",4.0,0.0089,2.192,0.021,1,0.9847,0,NORMAL,70.711,0.314,1,1,1,1,2,109.6,96,5,dijkstra,graph,0.43386,0,,,,,,0,,,,202516,129844,2319
968,214.2070767879486,2026-03-06T13:31:06.396026,117.15,0.0,9.19,18.05,22.05,0.0,0.0,188.26,4.64,0.367,0.368,STRAIGHT,1.5,1.5,"CMD,0.4,1.50",4.0,0.0089,2.192,0.021,1,0.9884,0,NORMAL,70.711,0.263,1,1,1,1,2,109.6,87,4,dijkstra,graph,0.43533,0,,,,,,0,,,,202149,130183,2164
969,214.41876363754272,2026-03-06T13:31:06.607713,121.97,0.0,10.03,14.35,17.67,0.0,1.0,187.34,4.64,0.363,0.367,STRAIGHT,1.5,1.5,"CMD,0.4,1.50",4.0,0.0086,2.237,0.022,1,0.9852,0,NORMAL,70.711,0.234,1,1,1,1,2,111.9,72,4,dijkstra,graph,0.43045,0,,,,,,0,,,,200948,128689,1894
970,214.65183544158936,2026-03-06T13:31:06.840785,134.55,0.0,11.02,18.99,22.04,0.0,0.0,208.02,4.62,0.361,0.363,STRAIGHT,1.5,1.5,"CMD,0.4,1.50",4.0,0.0086,2.237,0.022,1,0.9769,0,NORMAL,60.118,0.341,1,1,1,1,2,111.9,93,5,dijkstra,graph,0.44979,0,,,,,,0,,,,204368,134559,2213
971,214.87096071243286,2026-03-06T13:31:07.059910,122.21,0.0,9.02,18.88,22.23,0.0,0.0,194.89,4.62,0.359,0.361,STRAIGHT,1.5,1.5,"CMD,0.4,1.50",4.0,0.0086,2.237,0.022,1,0.9846,0,NORMAL,61.252,0.288,1,1,1,1,2,111.9,93,5,dijkstra,graph,0.44159,0,,,,,,0,,,,203573,132082,2316
972,215.08777713775635,2026-03-06T13:31:07.276727,120.34,0.0,10.78,17.75,22.1,0.0,0.0,191.75,4.62,0.358,0.359,STRAIGHT,1.5,1.5,"CMD,0.4,1.50",4.0,0.0086,2.237,0.022,1,0.9858,0,NORMAL,61.087,0.176,1,1,1,1,2,111.9,91,5,dijkstra,graph,0.4301,0,,,,,,0,,,,202210,128748,2190
973,215.30674743652344,2026-03-06T13:31:07.495697,120.78,0.0,10.16,18.15,22.38,0.0,1.19,194.29,4.62,0.357,0.358,STRAIGHT,1.5,1.5,"CMD,0.4,1.50",4.0,0.0086,2.237,0.022,1,0.9888,0,NORMAL,60.759,0.169,1,1,1,1,2,111.9,95,5,dijkstra,graph,0.43291,0,,,,,,0,,,,201815,129480,2050
974,215.53261613845825,2026-03-06T13:31:07.721566,124.6,0.0,10.82,18.72,26.84,0.0,0.0,201.02,4.61,0.357,0.357,STRAIGHT,1.5,1.5,"CMD,0.4,1.50",4.0,0.0086,2.237,0.022,1,0.978,0,NORMAL,60.727,-0.031,1,1,1,1,2,111.9,93,4,dijkstra,graph,0.44847,0,,,,,,0,,,,205256,134167,2192
975,215.7540340423584,2026-03-06T13:31:07.942984,120.34,0.0,11.02,20.09,23.55,0.0,0.0,194.8,4.6,0.357,0.357,STRAIGHT,1.5,1.5,"CMD,0.4,1.50",4.0,0.0086,2.237,0.022,1,0.9816,0,NORMAL,58.971,0.001,1,1,1,1,2,111.9,106,5,dijkstra,graph,0.44122,0,,,,,,0,,,,202152,132015,2258
976,215.97692203521729,2026-03-06T13:31:08.165872,124.56,0.0,10.02,18.57,22.74,0.0,0.0,198.11,4.6,0.351,0.357,STRAIGHT,1.5,1.5,"CMD,0.4,1.50",4.0,0.0082,2.283,0.021,1,0.983,0,NORMAL,58.621,0.193,1,1,1,1,2,114.2,97,5,dijkstra,graph,0.43886,0,,,,,,0,,,,202922,131380,2148
977,216.19581007957458,2026-03-06T13:31:08.384760,120.8,0.0,10.03,17.89,22.06,0.0,0.0,192.05,4.59,0.353,0.353,STRAIGHT,1.5,1.5,"CMD,0.4,1.50",4.0,0.0086,2.237,0.022,1,0.9886,0,NORMAL,58.535,0.173,1,1,1,1,2,111.9,90,4,dijkstra,graph,0.43366,0,,,,,,0,,,,201785,129768,2024
978,216.41684794425964,2026-03-06T13:31:08.605797,124.17,0.0,10.1,18.03,22.73,0.0,0.0,197.12,4.59,0.348,0.351,STRAIGHT,1.5,1.5,"CMD,0.4,1.50",4.0,0.0082,2.283,0.021,1,0.9838,0,NORMAL,58.601,0.172,1,1,1,1,2,114.2,87,5,dijkstra,graph,0.43591,0,,,,,,0,,,,201236,130444,2145
979,216.6529369354248,2026-03-06T13:31:08.841887,136.39,0.0,10.23,20.27,22.61,0.0,0.0,211.0,4.58,0.351,0.351,STRAIGHT,1.5,1.5,"CMD,0.4,1.50",4.0,0.0086,2.237,0.022,1,0.9875,0,NORMAL,59.891,0.136,1,1,1,1,2,111.9,98,4,dijkstra,graph,0.42899,0,,,,,,0,,,,198976,128430,2137
980,216.8691737651825,2026-03-06T13:31:09.058123,122.34,0.0,8.52,17.05,21.35,0.0,0.0,190.54,4.57,0.352,0.351,STRAIGHT,1.5,1.5,"CMD,0.4,1.50",4.0,0.0086,2.237,0.022,1,0.9883,0,NORMAL,60.14,0.163,1,1,1,1,2,111.9,89,5,dijkstra,graph,0.43157,0,,,,,,0,,,,200628,129290,2304
981,217.0871238708496,2026-03-06T13:31:09.276074,123.97,0.0,10.02,18.22,19.04,0.0,0.0,194.41,4.57,0.354,0.352,STRAIGHT,1.5,1.5,"CMD,0.4,1.50",4.0,0.0086,2.237,0.022,1,0.9882,0,NORMAL,60.011,0.188,1,1,1,1,2,111.9,92,5,dijkstra,graph,0.42839,0,,,,,,0,,,,200343,128163,2272
982,217.30474472045898,2026-03-06T13:31:09.493694,122.98,0.0,9.02,19.15,21.67,0.0,0.0,193.58,4.56,0.349,0.352,STRAIGHT,1.5,1.5,"CMD,0.4,1.50",4.0,0.0082,2.283,0.021,1,0.9865,0,NORMAL,59.886,0.299,1,1,1,1,2,114.2,95,5,dijkstra,graph,0.43467,0,,,,,,0,,,,201920,130172,2340
983,217.55673670768738,2026-03-06T13:31:09.745686,154.87,0.0,10.32,19.2,21.74,0.0,0.0,227.04,4.54,0.346,0.349,STRAIGHT,1.5,1.5,"CMD,0.3,1.50",4.0,0.0082,2.283,0.021,1,0.9877,0,NORMAL,59.792,0.326,1,1,1,1,2,114.2,90,5,dijkstra,graph,0.43574,0,,,,,,0,,,,202265,130378,2268
984,217.77303266525269,2026-03-06T13:31:09.961982,122.36,0.0,8.01,18.51,23.2,0.0,0.0,192.88,4.54,0.344,0.346,STRAIGHT,1.5,1.5,"CMD,0.3,1.50",4.0,0.0082,2.283,0.021,1,0.9779,0,NORMAL,59.453,0.299,1,1,1,1,2,114.2,88,4,dijkstra,graph,0.45269,0,,,,,,0,,,,206096,135552,2173
985,217.99482822418213,2026-03-06T13:31:10.183778,121.85,0.0,10.0,19.89,22.9,0.0,0.0,196.74,4.53,0.342,0.344,STRAIGHT,1.5,1.5,"CMD,0.3,1.50",4.0,0.0082,2.283,0.021,1,0.9784,0,NORMAL,59.602,0.281,1,1,1,1,2,114.2,97,5,dijkstra,graph,0.4388,0,,,,,,0,,,,204122,131222,2432
986,218.21576571464539,2026-03-06T13:31:10.404715,121.99,0.0,10.87,18.55,22.99,0.0,0.0,196.69,4.53,0.341,0.342,STRAIGHT,1.5,1.5,"CMD,0.3,1.50",4.0,0.0082,2.283,0.021,1,0.9793,0,NORMAL,59.053,0.289,1,1,1,1,2,114.2,97,4,dijkstra,graph,0.45217,0,,,,,,0,,,,205564,135265,2175
987,218.43468046188354,2026-03-06T13:31:10.623630,121.87,0.0,10.02,18.73,21.88,0.0,0.0,193.35,4.53,0.338,0.341,STRAIGHT,1.5,1.5,"CMD,0.3,1.50",4.0,0.008,2.329,0.022,1,0.9875,0,NORMAL,59.068,0.294,1,1,1,1,2,116.5,100,5,dijkstra,graph,0.45229,0,,,,,,0,,,,206100,135207,2314
988,218.67577290534973,2026-03-06T13:31:10.864723,140.91,0.0,10.02,18.04,22.95,0.0,0.0,215.62,4.51,0.338,0.338,STRAIGHT,1.5,1.5,"CMD,0.3,1.50",4.0,0.0082,2.283,0.021,1,0.989,0,NORMAL,59.597,0.261,1,1,1,1,2,114.2,101,4,dijkstra,graph,0.44837,0,,,,,,0,,,,205223,134177,2217
989,218.89078187942505,2026-03-06T13:31:11.079731,116.77,0.0,10.71,22.66,21.45,0.0,0.0,190.68,4.51,0.336,0.338,STRAIGHT,1.5,1.5,"CMD,0.3,1.50",4.0,0.008,2.329,0.022,1,0.9633,0,NORMAL,58.983,0.32,1,1,1,1,2,116.5,118,5,dijkstra,graph,0.47083,0,,,,,,0,,,,211881,140957,2409
990,219.11008477210999,2026-03-06T13:31:11.299034,120.93,0.0,9.89,20.0,24.32,0.0,0.0,196.15,4.51,0.334,0.336,STRAIGHT,1.5,1.5,"CMD,0.3,1.50",4.0,0.008,2.329,0.022,1,0.9625,0,NORMAL,59.103,0.268,1,1,1,1,2,116.5,101,5,dijkstra,graph,0.44996,0,,,,,,0,,,,205655,134618,2402
991,219.33441972732544,2026-03-06T13:31:11.523369,122.14,0.0,11.29,19.55,23.16,0.0,0.5,198.76,4.51,0.328,0.334,STRAIGHT,1.5,1.5,"CMD,0.3,1.50",4.0,0.0077,2.374,0.022,1,0.9817,0,NORMAL,59.108,0.298,1,1,1,1,2,118.7,95,5,dijkstra,graph,0.45845,0,,,,,,0,,,,206865,137158,2353
992,219.55098366737366,2026-03-06T13:31:11.739933,119.73,0.0,10.77,18.38,21.31,0.0,0.0,192.01,4.51,0.329,0.329,STRAIGHT,1.5,1.5,"CMD,0.3,1.50",4.0,0.008,2.329,0.022,1,0.9751,0,NORMAL,61.115,0.248,1,1,1,1,2,116.5,98,4,dijkstra,graph,0.45461,0,,,,,,0,,,,207252,136022,2191
993,219.7670660018921,2026-03-06T13:31:11.956016,119.24,0.0,10.5,19.89,21.41,0.0,0.0,190.08,4.51,0.33,0.329,STRAIGHT,1.5,1.5,"CMD,0.3,1.50",4.0,0.008,2.329,0.022,1,0.9846,0,NORMAL,61.293,0.301,1,1,1,1,2,116.5,98,5,dijkstra,graph,0.4536,0,,,,,,0,,,,207821,135650,2298
994,219.98672461509705,2026-03-06T13:31:12.175674,121.96,0.0,10.01,21.01,20.05,0.0,0.0,194.6,4.51,0.33,0.33,STRAIGHT,1.5,1.5,"CMD,0.3,1.50",4.0,0.008,2.329,0.022,1,0.9673,0,NORMAL,60.932,0.306,1,1,1,1,2,116.5,105,5,dijkstra,graph,0.4406,0,,,,,,0,,,,203216,131796,2416
995,220.20073127746582,2026-03-06T13:31:12.389681,119.77,0.0,10.02,21.71,19.79,0.0,0.0,191.87,4.51,0.33,0.33,STRAIGHT,1.5,1.5,"CMD,0.3,1.50",4.0,0.008,2.329,0.022,1,0.9848,0,NORMAL,61.307,0.33,1,1,1,1,2,116.5,111,5,dijkstra,graph,0.44287,0,,,,,,0,,,,202665,132484,2472
996,220.4201786518097,2026-03-06T13:31:12.609128,121.12,0.0,11.47,18.04,22.61,0.0,0.0,194.53,4.51,0.33,0.33,STRAIGHT,1.5,1.5,"CMD,0.3,1.50",4.0,0.008,2.329,0.022,1,0.9794,0,NORMAL,60.6,0.4,1,1,1,1,2,116.5,98,4,dijkstra,graph,0.437,0,,,,,,0,,,,201040,130666,2223
997,220.64714169502258,2026-03-06T13:31:12.836091,132.2,0.0,9.19,18.33,22.55,0.0,0.0,202.41,4.5,0.326,0.33,STRAIGHT,1.5,1.5,"CMD,0.3,1.50",4.0,0.0077,2.374,0.022,1,0.9634,0,NORMAL,60.334,0.485,1,1,1,1,2,118.7,99,4,dijkstra,graph,0.45723,0,,,,,,0,,,,207161,136911,2205
998,220.86294150352478,2026-03-06T13:31:13.051891,120.15,0.0,8.7,17.82,23.21,0.0,0.0,190.07,4.5,0.323,0.326,STRAIGHT,1.5,1.5,"CMD,0.3,1.50",4.0,0.0077,2.374,0.022,1,0.9755,0,NORMAL,61.01,0.482,1,1,1,1,2,118.7,90,4,dijkstra,graph,0.4494,0,,,,,,0,,,,204120,134455,2227
999,221.07968401908875,2026-03-06T13:31:13.268634,120.69,0.0,10.03,19.05,19.7,0.0,0.0,191.6,4.51,0.321,0.323,STRAIGHT,1.5,1.5,"CMD,0.3,1.50",4.0,0.0077,2.374,0.022,1,0.9767,0,NORMAL,61.214,0.478,1,1,1,1,2,118.7,95,5,dijkstra,graph,0.44029,0,,,,,,0,,,,201403,131746,2376
1000,221.28743362426758,2026-03-06T13:31:13.476383,116.2,0.0,10.31,17.88,21.67,0.0,1.01,186.71,4.52,0.317,0.321,STRAIGHT,1.5,1.5,"CMD,0.3,1.50",4.0,0.0075,2.42,0.022,1,0.9717,0,NORMAL,60.981,0.507,1,1,1,1,2,121.0,84,4,dijkstra,graph,0.45357,0,,,,,,0,,,,203958,135739,2179
1001,221.5070924758911,2026-03-06T13:31:13.696042,120.29,0.0,11.02,20.93,22.79,0.0,0.0,197.63,4.52,-3.439,0.317,STRAIGHT,1.5,1.5,"CMD,0.3,1.50",2.052,-0.2687,1.869,-0.503,1,0.959,0,NORMAL,62.97,0.351,1,1,1,1,2,114.4,104,5,dijkstra,graph,0.43919,0,,,,,,0,,,,198463,131393,2421
1002,221.72626304626465,2026-03-06T13:31:13.915213,120.9,0.0,11.02,17.69,23.49,0.0,0.0,195.27,4.52,-2.19,-2.19,STRAIGHT,1.5,1.5,"CMD,-2.2,1.50",4.0,0.0075,2.42,0.022,1,0.9565,0,NORMAL,61.641,0.385,1,1,1,1,2,121.0,88,5,dijkstra,graph,0.45847,0,,,,,,0,,,,207159,137137,2228
1003,221.9473626613617,2026-03-06T13:31:14.136312,121.47,0.0,9.78,19.48,22.08,0.0,1.0,195.23,4.52,-1.357,-2.19,STRAIGHT,1.5,1.5,"CMD,-2.2,1.50",4.0,0.0075,2.42,0.022,1,0.9719,0,NORMAL,61.535,0.372,1,1,1,1,2,121.0,102,4,dijkstra,graph,0.45481,0,,,,,,0,,,,204791,136147,2267
1004,222.1680474281311,2026-03-06T13:31:14.356997,122.1,0.0,10.43,18.03,22.3,0.0,1.02,195.98,4.52,-0.802,-1.357,STRAIGHT,1.5,1.5,"CMD,-1.4,1.50",4.0,0.0075,2.42,0.022,1,0.9859,0,NORMAL,62.259,0.356,1,1,1,1,2,121.0,91,4,dijkstra,graph,0.44341,0,,,,,,0,,,,202978,132618,2257
1005,222.3822238445282,2026-03-06T13:31:14.571173,118.47,0.0,10.53,18.09,21.28,0.0,0.0,190.45,4.53,-0.431,-0.802,STRAIGHT,1.5,1.5,"CMD,-0.8,1.50",4.0,0.0075,2.42,0.022,1,0.9899,0,NORMAL,62.694,0.338,1,1,1,1,2,121.0,91,4,dijkstra,graph,0.44624,0,,,,,,0,,,,203139,133412,2242
1006,222.60318613052368,2026-03-06T13:31:14.792136,126.67,0.0,10.13,17.78,20.43,0.0,0.0,195.41,4.53,-0.185,-0.431,STRAIGHT,1.5,1.5,"CMD,-0.4,1.50",4.0,0.0075,2.42,0.022,1,0.9901,0,NORMAL,62.833,0.365,1,1,1,1,2,121.0,95,4,dijkstra,graph,0.45083,0,,,,,,0,,,,204529,134843,2227
1007,222.8268177509308,2026-03-06T13:31:15.015767,123.68,0.0,11.15,21.05,23.72,0.0,0.0,201.17,4.52,-0.013,-0.185,STRAIGHT,1.5,1.5,"CMD,-0.2,1.50",4.0,0.008,2.329,0.022,1,0.9832,0,NORMAL,62.972,0.378,1,1,1,1,2,116.5,108,5,dijkstra,graph,0.43915,0,,,,,,0,,,,202666,131274,2379
1008,223.0523784160614,2026-03-06T13:31:15.241328,126.14,0.0,11.85,19.48,23.06,0.0,0.0,201.77,4.53,0.01,-0.013,STRAIGHT,1.5,1.5,"CMD,-0.0,1.50",4.0,0.0014,2.466,0.004,1,0.9886,0,NORMAL,62.761,0.424,1,1,1,1,2,124.0,97,4,dijkstra,graph,0.44236,0,,,,,,0,,,,202614,132384,2190
1009,223.27564406394958,2026-03-06T13:31:15.464594,122.82,0.0,11.02,18.82,22.49,0.0,0.0,195.86,4.53,0.11,0.01,STRAIGHT,1.5,1.5,"CMD,0.0,1.50",4.0,0.0075,2.42,0.022,1,0.9782,0,NORMAL,62.692,0.501,1,1,1,1,2,121.0,100,4,dijkstra,graph,0.45126,0,,,,,,0,,,,206434,134966,2198
1010,223.49314999580383,2026-03-06T13:31:15.682100,118.57,0.0,10.24,17.75,22.3,0.0,1.0,191.2,4.53,0.172,0.11,STRAIGHT,1.5,1.5,"CMD,0.1,1.50",4.0,0.0072,2.466,0.022,1,0.9876,0,NORMAL,59.844,0.548,1,1,1,1,2,123.3,97,5,dijkstra,graph,0.45225,0,,,,,,0,,,,206169,135296,2382
1011,223.72714710235596,2026-03-06T13:31:15.916097,136.78,0.0,9.01,19.2,22.07,0.0,0.0,208.63,4.52,0.213,0.172,STRAIGHT,1.5,1.5,"CMD,0.2,1.50",4.0,0.0072,2.466,0.022,1,0.9923,0,NORMAL,60.567,0.543,1,1,1,1,2,123.3,96,4,dijkstra,graph,0.44977,0,,,,,,0,,,,205797,134484,2157
1012,223.94472765922546,2026-03-06T13:31:16.133677,120.44,0.0,10.52,19.53,21.38,0.0,0.0,193.66,4.54,0.161,0.172,STRAIGHT,1.5,1.5,"CMD,0.2,1.50",4.0,0.0014,2.466,0.004,1,0.9859,0,NORMAL,61.046,0.481,1,1,1,1,2,124.0,95,4,dijkstra,graph,0.43791,0,,,,,,0,,,,203088,130930,2169
1013,224.1539740562439,2026-03-06T13:31:16.342924,117.59,0.0,10.12,17.03,18.79,0.0,1.0,184.78,4.54,0.126,0.161,STRAIGHT,1.5,1.5,"CMD,0.2,1.50",4.0,0.0014,2.466,0.004,1,0.9903,0,NORMAL,61.248,0.457,1,1,1,1,2,124.0,92,4,dijkstra,graph,0.44145,0,,,,,,0,,,,202826,132064,2131
1014,224.37487530708313,2026-03-06T13:31:16.563825,123.47,0.0,10.77,19.18,22.54,0.0,0.0,198.18,4.55,0.183,0.161,STRAIGHT,1.5,1.5,"CMD,0.2,1.50",4.0,0.0072,2.466,0.022,1,0.9683,0,NORMAL,61.421,0.45,1,1,1,1,2,123.3,102,4,dijkstra,graph,0.45727,0,,,,,,0,,,,209370,136748,2241
1015,224.5927562713623,2026-03-06T13:31:16.781706,121.88,0.0,9.02,18.02,21.81,0.0,0.0,192.76,4.55,0.221,0.183,STRAIGHT,1.5,1.5,"CMD,0.2,1.50",4.0,0.0072,2.466,0.022,1,0.9821,0,NORMAL,61.916,0.413,1,1,1,1,2,123.3,90,6,dijkstra,graph,0.4632,0,,,,,,0,,,,208876,138726,2242
1016,224.8131992816925,2026-03-06T13:31:17.002149,120.98,0.0,10.28,22.05,23.14,0.0,0.0,196.08,4.55,0.246,0.221,STRAIGHT,1.5,1.5,"CMD,0.2,1.50",4.0,0.0072,2.466,0.022,1,0.9772,0,NORMAL,61.172,0.307,1,1,1,1,2,123.3,108,4,dijkstra,graph,0.46789,0,,,,,,0,,,,212601,140025,2289
1017,225.03994822502136,2026-03-06T13:31:17.228898,123.67,0.0,10.02,23.16,24.2,0.0,0.0,200.78,4.56,0.263,0.246,STRAIGHT,1.5,1.5,"CMD,0.2,1.50",4.0,0.0072,2.466,0.022,1,0.9458,0,NORMAL,61.256,0.473,1,1,1,1,2,123.3,128,8,dijkstra,graph,0.51424,0,,,,,,0,,,,223924,153929,2773
1018,225.25896859169006,2026-03-06T13:31:17.447918,120.78,0.0,10.31,20.91,19.04,0.0,0.0,192.99,4.55,0.274,0.263,STRAIGHT,1.5,1.5,"CMD,0.3,1.50",4.0,0.0072,2.466,0.022,1,0.965,0,NORMAL,61.444,0.491,1,1,1,1,2,123.3,121,5,dijkstra,graph,0.49864,0,,,,,,0,,,,217201,149268,2354
1019,225.48215889930725,2026-03-06T13:31:17.671108,125.27,0.0,9.25,20.32,22.31,0.0,0.0,199.71,4.55,0.281,0.274,STRAIGHT,1.5,1.5,"CMD,0.3,1.50",4.0,0.0072,2.466,0.022,1,0.9704,0,NORMAL,61.619,0.466,1,1,1,1,2,123.3,97,4,dijkstra,graph,0.47481,0,,,,,,0,,,,211353,142108,2261
1020,225.70314860343933,2026-03-06T13:31:17.892098,125.0,0.0,10.65,16.85,21.58,0.0,0.0,195.43,4.55,0.286,0.281,STRAIGHT,1.5,1.5,"CMD,0.3,1.50",4.0,0.0072,2.466,0.022,1,0.9824,0,NORMAL,61.104,0.488,1,1,1,1,2,123.3,84,4,dijkstra,graph,0.48651,0,,,,,,0,,,,213709,145603,2222
1021,225.92405605316162,2026-03-06T13:31:18.113006,123.03,0.0,10.02,20.05,23.21,0.0,0.0,197.81,4.55,0.29,0.286,STRAIGHT,1.5,1.5,"CMD,0.3,1.50",4.0,0.0072,2.466,0.022,1,0.9615,0,NORMAL,61.877,0.447,1,1,1,1,2,123.3,94,5,dijkstra,graph,0.47017,0,,,,,,0,,,,214535,140687,2414
1022,226.13967537879944,2026-03-06T13:31:18.328625,116.48,0.0,10.18,18.22,22.56,0.0,0.0,189.71,4.55,0.083,0.286,STRAIGHT,1.5,1.5,"CMD,0.3,1.50",4.0,-0.008,2.511,-0.025,1,0.9666,0,NORMAL,61.392,0.491,1,1,1,1,2,127.2,88,4,dijkstra,graph,0.45576,0,,,,,,0,,,,209283,136341,2236
1023,226.35551261901855,2026-03-06T13:31:18.544462,119.89,0.0,10.19,17.69,20.75,0.0,0.0,190.59,4.55,-0.055,0.083,STRAIGHT,1.5,1.5,"CMD,0.1,1.50",4.0,-0.008,2.511,-0.025,1,0.9864,0,NORMAL,61.587,0.487,1,1,1,1,2,127.2,97,4,dijkstra,graph,0.44872,0,,,,,,0,,,,206945,134223,2293
1024,226.57611632347107,2026-03-06T13:31:18.765066,120.23,0.0,11.97,19.23,22.24,0.0,0.0,195.22,4.55,0.06,0.06,STRAIGHT,1.5,1.5,"CMD,0.1,1.50",4.0,0.007,2.511,0.022,1,0.9542,0,NORMAL,58.888,0.54,1,1,1,1,2,125.6,94,4,dijkstra,graph,0.48537,0,,,,,,0,,,,216677,145225,2244
1025,226.79505586624146,2026-03-06T13:31:18.984005,121.17,0.0,10.52,17.92,21.5,0.0,0.0,192.19,4.55,0.136,0.06,STRAIGHT,1.5,1.5,"CMD,0.1,1.50",4.0,0.007,2.511,0.022,1,0.9811,0,NORMAL,59.897,0.474,1,1,1,1,2,125.6,87,4,dijkstra,graph,0.47461,0,,,,,,0,,,,214285,141846,2204
1026,227.01431345939636,2026-03-06T13:31:19.203263,121.15,0.0,10.51,17.33,21.54,0.0,1.6,194.2,4.55,0.196,0.136,STRAIGHT,1.5,1.5,"CMD,0.1,1.50",4.0,0.0077,2.374,0.022,1,0.9598,0,NORMAL,59.853,0.505,1,1,1,1,2,118.7,89,5,dijkstra,graph,0.45238,0,,,,,,0,,,,206623,135345,2340
1027,227.22687482833862,2026-03-06T13:31:19.415824,114.78,0.0,10.42,20.84,23.01,0.0,0.0,188.18,4.56,0.227,0.196,STRAIGHT,1.5,1.5,"CMD,0.2,1.50",4.0,0.007,2.511,0.022,1,0.9766,0,NORMAL,57.369,0.544,1,1,1,1,2,125.6,102,4,dijkstra,graph,0.46324,0,,,,,,0,,,,210956,138592,2331
1028,227.43745827674866,2026-03-06T13:31:19.626408,118.98,0.0,11.02,16.35,18.02,0.0,1.0,186.02,4.56,0.248,0.227,STRAIGHT,1.5,1.5,"CMD,0.2,1.50",4.0,0.007,2.511,0.022,1,0.9793,0,NORMAL,55.465,0.473,1,1,1,1,2,125.6,85,4,dijkstra,graph,0.46227,0,,,,,,0,,,,208186,138225,2132
1029,227.66695046424866,2026-03-06T13:31:19.855900,137.15,0.0,10.13,18.55,20.18,0.0,0.0,207.95,4.55,0.16,0.227,STRAIGHT,1.5,1.5,"CMD,0.2,1.50",4.0,-0.0004,2.511,-0.001,1,0.9824,0,NORMAL,55.803,0.408,1,1,1,1,2,126.1,81,4,dijkstra,graph,0.45083,0,,,,,,0,,,,206863,134852,2145
1030,227.88516092300415,2026-03-06T13:31:20.074111,121.05,0.0,9.51,19.05,22.72,0.0,0.0,192.88,4.55,0.209,0.209,STRAIGHT,1.5,1.5,"CMD,0.2,1.50",4.0,0.0075,2.42,0.022,1,0.9801,0,NORMAL,56.053,0.381,1,1,1,1,2,121.0,87,5,dijkstra,graph,0.46221,0,,,,,,0,,,,210230,138186,2329
1031,228.10291528701782,2026-03-06T13:31:20.291865,119.78,0.0,11.03,19.87,22.22,0.0,0.0,193.5,4.55,0.161,0.161,STRAIGHT,1.5,1.5,"CMD,0.2,1.50",4.0,0.0016,2.557,0.005,1,0.9865,0,NORMAL,56.757,0.4,1,1,1,1,2,128.7,92,4,dijkstra,graph,0.46233,0,,,,,,0,,,,209116,138216,2233
1032,228.32285284996033,2026-03-06T13:31:20.511802,121.15,0.0,10.52,19.05,23.02,0.0,0.0,194.6,4.55,0.204,0.204,STRAIGHT,1.5,1.5,"CMD,0.2,1.50",4.0,0.007,2.511,0.022,1,0.9858,0,NORMAL,57.804,0.357,1,1,1,1,2,125.6,88,4,dijkstra,graph,0.45919,0,,,,,,0,,,,208604,137395,2139
1033,228.54285788536072,2026-03-06T13:31:20.731808,120.3,0.0,9.58,21.47,20.15,0.0,0.0,193.56,4.55,0.242,0.204,STRAIGHT,1.5,1.5,"CMD,0.2,1.50",4.0,0.0077,2.374,0.022,1,0.9813,0,NORMAL,57.523,0.339,1,1,1,1,2,118.7,99,5,dijkstra,graph,0.45374,0,,,,,,0,,,,206496,135803,2401
1034,228.7616114616394,2026-03-06T13:31:20.950561,120.61,0.0,10.69,19.24,22.23,0.0,0.0,192.84,4.55,0.26,0.242,STRAIGHT,1.5,1.5,"CMD,0.2,1.50",4.0,0.0072,2.466,0.022,1,0.9835,0,NORMAL,57.788,0.321,1,1,1,1,2,123.3,92,4,dijkstra,graph,0.45405,0,,,,,,0,,,,206599,135771,2212
1035,228.97990036010742,2026-03-06T13:31:21.168850,119.84,0.0,10.04,20.55,21.29,0.0,0.0,192.92,4.55,0.195,0.242,STRAIGHT,1.5,1.5,"CMD,0.2,1.50",4.0,0.0016,2.557,0.005,1,0.9819,0,NORMAL,57.918,0.297,1,1,1,1,2,128.7,99,4,dijkstra,graph,0.45101,0,,,,,,0,,,,206426,134778,2233
1036,229.19562149047852,2026-03-06T13:31:21.384571,116.72,0.0,10.03,19.5,22.94,0.0,0.3,190.67,4.55,0.233,0.233,STRAIGHT,1.5,1.5,"CMD,0.2,1.50",4.0,0.0075,2.42,0.022,1,0.9784,0,NORMAL,58.183,0.309,1,1,1,1,2,121.0,99,5,dijkstra,graph,0.45217,0,,,,,,0,,,,207570,135183,2382
1037,229.41239070892334,2026-03-06T13:31:21.601340,121.05,0.0,10.72,18.19,21.11,0.0,0.0,192.11,4.56,0.254,0.233,STRAIGHT,1.5,1.5,"CMD,0.2,1.50",4.0,0.0072,2.466,0.022,1,0.9808,0,NORMAL,58.389,0.252,1,1,1,1,2,123.3,103,5,dijkstra,graph,0.4501,0,,,,,,0,,,,207093,134534,2237
1038,229.64023447036743,2026-03-06T13:31:21.829184,128.95,0.0,10.52,21.07,23.06,0.0,0.0,204.22,4.56,0.266,0.254,STRAIGHT,1.5,1.5,"CMD,0.3,1.50",4.0,0.007,2.511,0.022,1,0.972,0,NORMAL,58.206,0.276,1,1,1,1,2,125.6,112,5,dijkstra,graph,0.46601,0,,,,,,0,,,,210126,139393,2292
1039,229.86400890350342,2026-03-06T13:31:22.052958,124.14,0.0,9.78,19.56,21.89,0.0,1.6,198.28,4.55,0.199,0.254,STRAIGHT,1.5,1.5,"CMD,0.3,1.50",4.0,0.0016,2.557,0.005,1,0.9678,0,NORMAL,58.698,0.29,1,1,1,1,2,128.7,104,4,dijkstra,graph,0.45161,0,,,,,,0,,,,205991,135041,2203
1040,230.09193062782288,2026-03-06T13:31:22.280880,121.17,0.0,10.77,18.06,32.11,0.0,0.0,202.77,4.56,0.154,0.199,STRAIGHT,1.5,1.5,"CMD,0.2,1.50",4.0,0.0016,2.557,0.005,1,0.9714,0,NORMAL,58.918,0.266,1,1,1,1,1,577.9,92,6,dijkstra,fallback_skeleton,0.44413,0,,,,,,0,,,,204199,132834,2272
1041,230.32196164131165,2026-03-06T13:31:22.510911,120.65,0.0,11.76,18.16,31.66,0.0,0.0,202.77,4.55,0.125,0.154,STRAIGHT,1.5,1.5,"CMD,0.2,1.50",4.0,0.0016,2.557,0.005,1,0.9789,0,NORMAL,58.703,0.287,1,1,1,1,1,579.3,88,5,dijkstra,fallback_skeleton,0.45393,0,,,,,,0,,,,207098,135767,2277
1042,230.54024624824524,2026-03-06T13:31:22.729196,118.73,0.0,11.03,18.22,21.25,0.0,0.0,192.0,4.54,0.182,0.154,STRAIGHT,1.5,1.5,"CMD,0.2,1.50",4.0,0.0072,2.466,0.022,1,0.9759,0,NORMAL,58.597,0.425,1,1,1,1,2,123.3,88,4,dijkstra,graph,0.45324,0,,,,,,0,,,,209457,135502,2231
1043,230.76182055473328,2026-03-06T13:31:22.950770,122.94,0.0,11.75,19.7,21.28,0.0,0.0,195.88,4.54,0.218,0.182,STRAIGHT,1.5,1.5,"CMD,0.2,1.50",4.0,0.007,2.511,0.022,1,0.9874,0,NORMAL,57.994,0.487,1,1,1,1,2,125.6,88,4,dijkstra,graph,0.46161,0,,,,,,0,,,,211838,138109,2263
1044,230.9844868183136,2026-03-06T13:31:23.173437,121.54,0.0,10.01,20.82,23.23,0.0,0.0,197.52,4.54,0.241,0.218,STRAIGHT,1.5,1.5,"CMD,0.2,1.50",4.0,0.007,2.511,0.022,1,0.9691,0,NORMAL,55.27,0.512,1,1,1,1,2,125.6,113,5,dijkstra,graph,0.48738,0,,,,,,0,,,,217929,145724,2302
1045,231.20704889297485,2026-03-06T13:31:23.395999,120.25,0.0,10.82,21.74,23.07,0.0,0.0,196.21,4.54,0.257,0.241,STRAIGHT,1.5,1.5,"CMD,0.2,1.50",4.0,0.007,2.511,0.022,1,0.9864,0,NORMAL,54.512,0.552,1,1,1,1,2,125.6,110,5,dijkstra,graph,0.49095,0,,,,,,0,,,,219377,146812,2286
1046,231.4310085773468,2026-03-06T13:31:23.619958,124.67,0.0,10.01,19.87,22.73,0.0,0.0,199.24,4.54,0.268,0.257,STRAIGHT,1.5,1.5,"CMD,0.3,1.50",4.0,0.007,2.511,0.022,1,0.9771,0,NORMAL,55.193,0.562,1,1,1,1,2,125.6,105,4,dijkstra,graph,0.47428,0,,,,,,0,,,,214641,141894,2319
1047,231.66626524925232,2026-03-06T13:31:23.855215,136.76,0.0,10.5,19.06,22.38,0.0,0.0,209.47,4.53,0.277,0.268,STRAIGHT,1.5,1.5,"CMD,0.3,1.50",4.0,0.0072,2.466,0.022,1,0.9834,0,NORMAL,56.143,0.526,1,1,1,1,2,123.3,98,4,dijkstra,graph,0.47275,0,,,,,,0,,,,215620,141435,2300
1048,231.8814980983734,2026-03-06T13:31:24.070448,118.37,0.0,8.7,20.07,21.19,0.0,0.0,188.68,4.53,0.284,0.277,STRAIGHT,1.5,1.5,"CMD,0.3,1.50",4.0,0.0072,2.466,0.022,1,0.9888,0,NORMAL,56.933,0.479,1,1,1,1,2,123.3,106,5,dijkstra,graph,0.46994,0,,,,,,0,,,,214368,140535,2361
1049,232.103009223938,2026-03-06T13:31:24.291959,122.2,0.0,10.78,20.03,22.85,0.0,0.0,197.21,4.53,0.288,0.284,STRAIGHT,1.5,1.5,"CMD,0.3,1.50",4.0,0.0072,2.466,0.022,1,0.985,0,NORMAL,57.796,0.468,1,1,1,1,2,123.3,100,5,dijkstra,graph,0.46167,0,,,,,,0,,,,211579,138144,2339
1050,232.32260060310364,2026-03-06T13:31:24.511550,120.49,0.0,11.03,18.47,22.02,0.0,0.0,193.85,4.53,0.291,0.288,STRAIGHT,1.5,1.5,"CMD,0.3,1.50",4.0,0.0072,2.466,0.022,1,0.9759,0,NORMAL,57.91,0.461,1,1,1,1,2,123.3,91,5,dijkstra,graph,0.44502,0,,,,,,0,,,,206790,133079,2343
1051,232.5425968170166,2026-03-06T13:31:24.731547,120.9,0.0,11.03,18.82,22.57,0.0,0.0,195.67,4.53,0.293,0.291,STRAIGHT,1.5,1.5,"CMD,0.3,1.50",4.0,0.0072,2.466,0.022,1,0.9607,0,NORMAL,56.732,0.539,1,1,1,1,2,123.3,99,5,dijkstra,graph,0.46698,0,,,,,,0,,,,214661,139810,2296
1052,232.7619354724884,2026-03-06T13:31:24.950885,120.3,0.0,9.66,17.44,22.54,0.0,1.0,193.72,4.53,0.294,0.293,STRAIGHT,1.5,1.5,"CMD,0.3,1.50",4.0,0.0072,2.466,0.022,1,0.9734,0,NORMAL,55.375,0.708,1,1,1,1,2,123.3,92,5,dijkstra,graph,0.46893,0,,,,,,0,,,,212330,140334,2231
1053,232.98039865493774,2026-03-06T13:31:25.169348,124.35,0.0,9.06,19.17,23.44,0.0,0.0,195.76,4.53,0.292,0.293,STRAIGHT,1.5,1.5,"CMD,0.3,1.50",4.0,0.007,2.511,0.022,1,0.9812,0,NORMAL,54.062,1.126,1,1,1,1,2,125.6,98,5,dijkstra,graph,0.47304,0,,,,,,0,,,,215155,141579,2423
1054,233.20154643058777,2026-03-06T13:31:25.390496,121.16,0.0,11.02,19.24,23.51,0.0,0.0,195.56,4.53,0.291,0.292,STRAIGHT,1.5,1.5,"CMD,0.3,1.50",4.0,0.007,2.511,0.022,1,0.9884,0,NORMAL,53.438,1.09,1,1,1,1,2,125.6,93,5,dijkstra,graph,0.47421,0,,,,,,0,,,,215408,141860,2356
1055,233.42163372039795,2026-03-06T13:31:25.610583,119.47,0.0,9.97,19.05,22.55,0.0,1.0,193.62,4.53,0.29,0.291,STRAIGHT,1.5,1.5,"CMD,0.3,1.50",4.0,0.007,2.511,0.022,1,0.9891,0,NORMAL,53.069,1.225,1,1,1,1,2,125.6,96,4,dijkstra,graph,0.47424,0,,,,,,0,,,,215864,141778,2358
1056,233.65640139579773,2026-03-06T13:31:25.845351,137.15,0.0,10.16,17.88,22.57,0.0,0.75,210.06,4.51,0.29,0.29,STRAIGHT,1.5,1.5,"CMD,0.3,1.50",4.0,0.007,2.511,0.022,1,0.9847,0,NORMAL,52.849,1.331,1,1,1,1,2,125.6,82,4,dijkstra,graph,0.48256,0,,,,,,0,,,,217650,144431,2250
1057,233.87595105171204,2026-03-06T13:31:26.064901,119.24,0.0,10.17,20.02,22.82,0.0,0.0,193.79,4.5,0.29,0.29,STRAIGHT,1.5,1.5,"CMD,0.3,1.50",4.0,0.007,2.511,0.022,1,0.9878,0,NORMAL,53.228,1.444,1,1,1,1,2,125.6,95,4,dijkstra,graph,0.48531,0,,,,,,0,,,,217630,145132,2297
1058,234.08674025535583,2026-03-06T13:31:26.275690,115.39,0.0,9.3,19.29,21.54,0.0,0.0,185.36,4.52,0.289,0.29,STRAIGHT,1.5,1.5,"CMD,0.3,1.50",4.0,0.007,2.511,0.022,1,0.9824,0,NORMAL,53.021,1.451,1,1,1,1,2,125.6,99,4,dijkstra,graph,0.48946,0,,,,,,0,,,,220516,146397,2385
1059,234.30981373786926,2026-03-06T13:31:26.498763,121.45,0.0,11.61,19.91,23.06,0.0,1.0,197.82,4.51,0.286,0.289,STRAIGHT,1.5,1.5,"CMD,0.3,1.50",4.0,0.0067,2.557,0.022,1,0.9856,0,NORMAL,53.179,1.478,1,1,1,1,2,127.9,98,5,dijkstra,graph,0.48021,0,,,,,,0,,,,218237,143508,2505
1060,234.53184485435486,2026-03-06T13:31:26.720794,120.39,0.0,10.8,20.01,22.69,0.0,0.0,195.13,4.51,0.287,0.287,STRAIGHT,1.5,1.5,"CMD,0.3,1.50",4.0,0.007,2.511,0.022,1,0.9863,0,NORMAL,53.409,1.511,1,1,1,1,2,125.6,96,5,dijkstra,graph,0.48684,0,,,,,,0,,,,220744,145608,2370
1061,234.75401735305786,2026-03-06T13:31:26.942967,123.03,0.0,11.02,18.55,22.61,0.0,1.0,196.69,4.51,0.288,0.287,STRAIGHT,1.5,1.5,"CMD,0.3,1.50",4.0,0.007,2.511,0.022,1,0.9795,0,NORMAL,54.059,1.509,1,1,1,1,2,125.6,92,4,dijkstra,graph,0.48205,0,,,,,,0,,,,220693,144315,2325
1062,234.97790503501892,2026-03-06T13:31:27.166855,123.75,0.0,11.17,19.03,22.14,0.0,0.0,197.09,4.51,0.284,0.287,STRAIGHT,1.5,1.5,"CMD,0.3,1.50",4.0,0.0067,2.557,0.022,1,0.9756,0,NORMAL,53.69,1.608,1,1,1,1,2,127.9,97,5,dijkstra,graph,0.49457,0,,,,,,0,,,,224911,147973,2260
1063,235.20196986198425,2026-03-06T13:31:27.390920,122.34,0.0,11.55,19.73,23.08,0.0,0.0,197.93,4.5,0.282,0.284,STRAIGHT,1.5,1.5,"CMD,0.3,1.50",4.0,0.0067,2.557,0.022,1,0.9791,0,NORMAL,54.642,1.578,1,1,1,1,2,127.9,105,4,dijkstra,graph,0.49244,0,,,,,,0,,,,222391,147329,2320
1064,235.4229142665863,2026-03-06T13:31:27.611864,122.0,0.0,9.68,16.93,23.3,0.0,0.0,195.42,4.5,0.285,0.284,STRAIGHT,1.5,1.5,"CMD,0.3,1.50",4.0,0.007,2.511,0.022,1,0.9777,0,NORMAL,55.141,1.543,1,1,1,1,2,125.6,104,4,dijkstra,graph,0.47746,0,,,,,,0,,,,217955,142812,2282
1065,235.65170168876648,2026-03-06T13:31:27.840651,128.7,0.0,11.32,20.32,23.26,0.0,0.0,203.23,4.49,0.286,0.285,STRAIGHT,1.5,1.5,"CMD,0.3,1.50",4.0,0.007,2.511,0.022,1,0.9784,0,NORMAL,55.081,1.559,1,1,1,1,2,125.6,103,4,dijkstra,graph,0.46463,0,,,,,,0,,,,214374,139041,2330
1066,235.87016654014587,2026-03-06T13:31:28.059116,122.23,0.0,10.05,18.84,22.2,0.0,0.0,193.22,4.49,0.283,0.285,STRAIGHT,1.5,1.5,"CMD,0.3,1.50",4.0,0.0067,2.557,0.022,1,0.9835,0,NORMAL,55.31,1.53,1,1,1,1,2,127.9,93,4,dijkstra,graph,0.48,0,,,,,,0,,,,217127,143623,2333
1067,236.09496116638184,2026-03-06T13:31:28.283911,124.13,0.0,11.39,19.63,23.06,0.0,0.0,199.24,4.49,0.282,0.283,STRAIGHT,1.5,1.5,"CMD,0.3,1.50",4.0,0.0067,2.557,0.022,1,0.9874,0,NORMAL,55.874,1.556,1,1,1,1,2,127.9,95,4,dijkstra,graph,0.47345,0,,,,,,0,,,,215621,141625,2291
1068,236.312922000885,2026-03-06T13:31:28.501872,118.21,0.0,9.74,19.55,22.05,0.0,0.0,192.66,4.5,0.284,0.283,STRAIGHT,1.5,1.5,"CMD,0.3,1.50",4.0,0.007,2.511,0.022,1,0.9797,0,NORMAL,55.567,1.525,1,1,1,1,2,125.6,95,4,dijkstra,graph,0.46192,0,,,,,,0,,,,212021,138155,2324
1069,236.53813529014587,2026-03-06T13:31:28.727085,121.22,0.0,10.77,22.54,23.27,0.0,0.0,199.15,4.5,0.282,0.282,STRAIGHT,1.5,1.5,"CMD,0.3,1.50",4.0,0.0067,2.557,0.022,1,0.98,0,NORMAL,55.591,1.502,1,1,1,1,2,127.9,105,4,dijkstra,graph,0.47477,0,,,,,,0,,,,215733,141965,2371
1070,236.75974941253662,2026-03-06T13:31:28.948699,121.83,0.0,10.93,19.05,22.83,0.0,0.0,194.72,4.5,0.281,0.282,STRAIGHT,1.5,1.5,"CMD,0.3,1.50",4.0,0.0067,2.557,0.022,1,0.9829,0,NORMAL,54.443,1.539,1,1,1,1,2,127.9,98,5,dijkstra,graph,0.47725,0,,,,,,0,,,,216305,142744,2317
1071,236.9763376712799,2026-03-06T13:31:29.165287,120.48,0.0,11.09,17.9,21.74,0.0,0.0,190.6,4.51,0.178,0.281,STRAIGHT,1.5,1.5,"CMD,0.3,1.50",4.0,-0.0007,2.603,-0.002,1,0.9825,0,NORMAL,54.986,1.494,1,1,1,1,2,130.7,84,4,dijkstra,graph,0.46568,0,,,,,,0,,,,213671,139264,2171
1072,237.18915581703186,2026-03-06T13:31:29.378105,116.72,0.0,10.31,16.61,23.19,0.0,0.0,188.02,4.51,0.224,0.224,STRAIGHT,1.5,1.5,"CMD,0.2,1.50",4.0,0.0077,2.374,0.022,1,0.9717,0,NORMAL,54.861,1.495,1,1,1,1,2,118.7,88,5,dijkstra,graph,0.45382,0,,,,,,0,,,,208779,135808,2270
1073,237.40878129005432,2026-03-06T13:31:29.597731,121.45,0.0,10.67,20.81,22.04,0.0,0.0,194.96,4.51,0.242,0.224,STRAIGHT,1.5,1.5,"CMD,0.2,1.50",4.0,0.0067,2.557,0.022,1,0.9591,0,NORMAL,53.675,1.422,1,1,1,1,2,127.9,97,5,dijkstra,graph,0.4794,0,,,,,,0,,,,216334,143376,2336
1074,237.6390905380249,2026-03-06T13:31:29.828040,132.74,0.0,11.02,16.84,23.34,0.0,0.0,204.3,4.51,0.264,0.242,STRAIGHT,1.5,1.5,"CMD,0.2,1.50",4.0,0.0075,2.42,0.022,1,0.9696,0,NORMAL,52.706,1.428,1,1,1,1,2,121.0,78,6,dijkstra,graph,0.46715,0,,,,,,0,,,,211613,139702,2238
1075,237.86181616783142,2026-03-06T13:31:30.050766,121.83,0.0,9.41,20.08,22.58,0.0,0.0,196.01,4.51,0.287,0.264,STRAIGHT,1.5,1.5,"CMD,0.3,1.50",4.0,0.008,2.329,0.022,1,0.9688,0,NORMAL,53.332,1.371,1,1,1,1,2,116.5,106,6,dijkstra,graph,0.45295,0,,,,,,0,,,,208871,135401,2362
1076,238.08270359039307,2026-03-06T13:31:30.271653,119.65,0.0,10.85,19.67,23.21,0.0,1.0,195.83,4.52,0.301,0.287,STRAIGHT,1.5,1.5,"CMD,0.3,1.50",4.0,0.008,2.329,0.022,1,0.9777,0,NORMAL,54.066,1.29,1,1,1,1,2,116.5,105,6,dijkstra,graph,0.4505,0,,,,,,0,,,,209243,134801,2366
1077,238.29487943649292,2026-03-06T13:31:30.483829,120.73,0.0,9.02,16.36,19.78,0.0,0.0,187.16,4.52,0.311,0.301,STRAIGHT,1.5,1.5,"CMD,0.3,1.50",4.0,0.008,2.329,0.022,1,0.9819,0,NORMAL,54.381,1.293,1,1,1,1,2,116.5,92,5,dijkstra,graph,0.4499,0,,,,,,0,,,,209449,134578,2304
1078,238.5098216533661,2026-03-06T13:31:30.698771,118.94,0.0,10.32,17.14,20.53,0.0,1.0,189.57,4.53,0.321,0.311,STRAIGHT,1.5,1.5,"CMD,0.3,1.50",4.0,0.0082,2.283,0.021,1,0.974,0,NORMAL,54.55,1.198,1,1,1,1,2,114.2,98,6,dijkstra,graph,0.44306,0,,,,,,0,,,,206069,132535,2278
1079,238.7203860282898,2026-03-06T13:31:30.909336,118.81,0.0,10.02,16.37,19.27,0.0,0.0,185.79,4.53,0.317,0.317,STRAIGHT,1.5,1.5,"CMD,0.3,1.50",4.0,0.0075,2.42,0.022,1,0.965,0,NORMAL,54.635,1.116,1,1,1,1,2,121.0,89,6,dijkstra,graph,0.45126,0,,,,,,0,,,,208599,134906,2426
1080,238.935786485672,2026-03-06T13:31:31.124736,117.4,0.0,11.57,19.21,20.8,0.0,0.0,190.25,4.54,0.321,0.321,STRAIGHT,1.5,1.5,"CMD,0.3,1.50",4.0,0.008,2.329,0.022,1,0.969,0,NORMAL,54.238,1.183,1,1,1,1,2,116.5,95,5,dijkstra,graph,0.45048,0,,,,,,0,,,,207488,134811,2249
1081,239.15636014938354,2026-03-06T13:31:31.345310,120.82,0.0,10.85,19.05,22.33,0.0,0.0,194.65,4.54,-0.08,0.317,STRAIGHT,1.5,1.5,"CMD,0.3,1.50",3.65,-0.0214,2.466,-0.065,1,0.9663,0,NORMAL,55.066,1.066,1,1,1,1,2,125.8,98,5,dijkstra,graph,0.43475,0,,,,,,0,,,,203288,130187,2190
1082,239.37211203575134,2026-03-06T13:31:31.561062,116.64,0.0,10.86,19.03,21.71,0.0,0.0,190.34,4.54,-0.499,-0.08,STRAIGHT,1.5,1.5,"CMD,-0.1,1.50",3.334,-0.0324,2.466,-0.099,1,0.9713,0,NORMAL,56.036,0.942,1,1,1,1,2,126.8,97,4,dijkstra,graph,0.41758,0,,,,,,0,,,,198215,124954,2107
1083,239.59110403060913,2026-03-06T13:31:31.780054,117.56,0.0,10.94,21.2,22.55,0.0,0.0,194.28,4.54,-0.717,-0.499,STRAIGHT,1.5,1.5,"CMD,-0.5,1.50",3.453,-0.0279,2.466,-0.085,1,0.9708,0,NORMAL,55.956,0.945,1,1,1,1,2,127.6,111,5,dijkstra,graph,0.43027,0,,,,,,0,,,,204012,128773,2235
1084,239.80979776382446,2026-03-06T13:31:31.998747,121.62,0.0,10.73,20.04,21.66,0.0,0.0,194.96,4.54,-0.365,-0.499,STRAIGHT,1.5,1.5,"CMD,-0.5,1.50",4.0,0.0082,2.283,0.021,1,0.9868,0,NORMAL,56.271,0.96,1,1,1,1,2,114.2,106,5,dijkstra,graph,0.43027,0,,,,,,0,,,,202869,128693,2188
1085,240.0219910144806,2026-03-06T13:31:32.210941,119.4,0.0,10.98,15.67,21.18,0.0,0.0,187.51,4.56,-0.13,-0.365,STRAIGHT,1.5,1.5,"CMD,-0.4,1.50",4.0,0.0082,2.283,0.021,1,0.9762,0,NORMAL,57.653,0.856,1,1,1,1,2,114.2,68,4,dijkstra,graph,0.41866,0,,,,,,0,,,,198333,125302,1931
1086,240.2389259338379,2026-03-06T13:31:32.427876,121.22,0.0,11.02,16.42,22.34,0.0,1.0,192.07,4.56,0.026,-0.13,STRAIGHT,1.5,1.5,"CMD,-0.1,1.50",4.0,0.0082,2.283,0.021,1,0.9902,0,NORMAL,57.423,0.807,1,1,1,1,2,114.2,76,4,dijkstra,graph,0.42093,0,,,,,,0,,,,199862,126053,2034
1087,240.4528670310974,2026-03-06T13:31:32.641817,114.97,0.0,11.22,19.15,21.79,0.0,1.0,189.79,4.56,-0.51,-0.13,STRAIGHT,1.5,1.5,"CMD,-0.1,1.50",3.197,-0.0383,2.466,-0.117,1,0.9781,0,NORMAL,57.54,0.884,1,1,1,1,2,128.6,91,5,dijkstra,graph,0.42281,0,,,,,,0,,,,197631,126496,2068
1088,240.67978310585022,2026-03-06T13:31:32.868733,134.81,0.0,11.03,16.05,22.61,0.0,0.0,203.94,4.55,-0.227,-0.227,STRAIGHT,1.5,1.5,"CMD,-0.2,1.50",4.0,0.0082,2.283,0.021,1,0.981,0,NORMAL,58.366,0.817,1,1,1,1,2,114.2,75,6,dijkstra,graph,0.417,0,,,,,,0,,,,198093,124776,2025
1089,240.88907957077026,2026-03-06T13:31:33.078029,116.88,0.0,9.09,16.65,20.04,0.0,0.0,184.39,4.56,-0.038,-0.227,STRAIGHT,1.5,1.5,"CMD,-0.2,1.50",4.0,0.0082,2.283,0.021,1,0.9811,0,NORMAL,58.604,0.761,1,1,1,1,2,114.2,88,3,dijkstra,graph,0.40486,0,,,,,,0,,,,196117,121252,1798
1090,241.1088879108429,2026-03-06T13:31:33.297838,122.3,0.0,10.12,20.01,23.3,0.0,0.0,195.65,4.56,0.093,-0.038,STRAIGHT,1.5,1.5,"CMD,-0.0,1.50",4.0,0.0086,2.237,0.022,1,0.979,0,NORMAL,55.624,0.756,1,1,1,1,2,111.9,103,4,dijkstra,graph,0.41599,0,,,,,,0,,,,200183,124466,1991
1091,241.31894707679749,2026-03-06T13:31:33.507897,118.42,0.0,9.52,18.49,19.68,0.0,0.0,187.65,4.57,0.181,0.093,STRAIGHT,1.5,1.5,"CMD,0.1,1.50",4.0,0.0086,2.237,0.022,1,0.9775,0,NORMAL,56.531,0.725,1,1,1,1,2,111.9,98,5,dijkstra,graph,0.41116,0,,,,,,0,,,,196079,122986,1996
1092,241.53417015075684,2026-03-06T13:31:33.723120,118.97,0.0,9.82,17.05,22.41,0.0,0.0,191.05,4.58,0.234,0.181,STRAIGHT,1.5,1.5,"CMD,0.2,1.50",4.0,0.0082,2.283,0.021,1,0.9773,0,NORMAL,56.819,0.622,1,1,1,1,2,114.2,83,5,dijkstra,graph,0.415,0,,,,,,0,,,,199101,124126,2137
1093,241.75454711914062,2026-03-06T13:31:33.943497,121.32,0.0,10.77,20.72,22.06,0.0,0.5,196.7,4.58,0.261,0.234,STRAIGHT,1.5,1.5,"CMD,0.2,1.50",4.0,0.0077,2.374,0.022,1,0.9757,0,NORMAL,56.304,0.404,1,1,1,1,2,118.7,109,4,dijkstra,graph,0.42314,0,,,,,,0,,,,201890,126634,2020
1094,241.97769713401794,2026-03-06T13:31:34.166647,125.08,0.0,10.01,20.13,21.75,0.0,0.0,198.9,4.58,0.273,0.261,STRAIGHT,1.5,1.5,"CMD,0.3,1.50",4.0,0.0072,2.466,0.022,1,0.9779,0,NORMAL,53.825,0.51,1,1,1,1,2,123.3,103,3,dijkstra,graph,0.42469,0,,,,,,0,,,,201861,127071,2090
1095,242.19008994102478,2026-03-06T13:31:34.379039,118.12,0.0,11.03,16.01,20.05,0.0,1.0,187.34,4.59,-0.23,0.261,STRAIGHT,1.5,1.5,"CMD,0.3,1.50",3.208,-0.03,2.374,-0.085,1,0.9416,0,NORMAL,55.241,0.292,1,1,1,1,2,123.0,78,2,dijkstra,graph,0.38409,0,,,,,,0,,,,190390,115067,1703
1096,242.40476512908936,2026-03-06T13:31:34.593715,120.08,0.0,10.2,18.03,20.56,0.0,0.0,190.52,4.6,-0.587,-0.23,STRAIGHT,1.5,1.5,"CMD,-0.2,1.50",3.26,-0.0316,2.42,-0.093,1,0.9747,0,NORMAL,57.218,0.172,1,1,1,1,2,125.5,88,3,dijkstra,graph,0.38054,0,,,,,,0,,,,189344,113914,1745
1097,242.63115286827087,2026-03-06T13:31:34.820102,131.82,0.0,10.51,17.58,20.2,0.0,0.0,200.17,4.59,-0.273,-0.273,STRAIGHT,1.5,1.5,"CMD,-0.3,1.50",4.0,0.0086,2.237,0.022,1,0.9762,0,NORMAL,57.778,0.06,1,1,1,1,2,111.9,84,2,dijkstra,graph,0.37469,0,,,,,,0,,,,188873,112213,1770
1098,242.84299969673157,2026-03-06T13:31:35.031949,121.9,0.0,10.02,17.26,20.04,0.0,0.0,190.54,4.6,-0.384,-0.384,STRAIGHT,1.5,1.5,"CMD,-0.4,1.50",3.795,-0.0147,2.42,-0.043,1,0.9868,0,NORMAL,58.607,0.016,1,1,1,1,2,124.3,84,2,dijkstra,graph,0.37952,0,,,,,,0,,,,190172,113549,1790
1099,243.05737590789795,2026-03-06T13:31:35.246325,122.14,0.0,10.19,17.95,20.57,0.0,0.0,191.8,4.6,-0.138,-0.273,STRAIGHT,1.5,1.5,"CMD,-0.3,1.50",4.0,0.0086,2.237,0.022,1,0.9849,0,NORMAL,58.325,0.064,1,1,1,1,2,111.9,89,3,dijkstra,graph,0.38099,0,,,,,,0,,,,189854,113969,1839
1100,243.27062964439392,2026-03-06T13:31:35.459579,121.65,0.0,10.03,19.06,20.45,0.0,0.0,191.59,4.61,0.019,-0.138,STRAIGHT,1.5,1.5,"CMD,-0.1,1.50",4.0,0.008,2.329,0.022,1,0.97,0,NORMAL,58.776,0.104,1,1,1,1,2,116.5,97,3,dijkstra,graph,0.39353,0,,,,,,0,,,,191706,117748,1830
1101,243.48593735694885,2026-03-06T13:31:35.674887,121.05,0.0,10.28,17.49,19.23,0.0,1.01,191.06,4.61,-0.446,-0.138,STRAIGHT,1.5,1.5,"CMD,-0.1,1.50",3.314,-0.0334,2.466,-0.102,1,0.9747,0,NORMAL,59.743,0.029,1,1,1,1,2,129.4,87,3,dijkstra,graph,0.38293,0,,,,,,0,,,,188942,114703,1717
1102,243.71209836006165,2026-03-06T13:31:35.901048,123.2,0.0,10.5,19.83,20.67,0.0,1.0,202.1,4.6,-0.405,-0.405,STRAIGHT,1.5,1.5,"CMD,-0.4,1.50",1.987,-0.0078,1.898,-0.014,1,0.9654,0,NORMAL,59.448,0.085,1,1,1,1,1,205.1,121,4,dijkstra,fallback_centerline,0.38072,0,,,,,,0,,,,185189,114076,1874
1103,243.9220311641693,2026-03-06T13:31:36.110981,122.16,0.0,10.03,14.95,20.33,0.0,0.0,186.34,4.62,-0.142,-0.405,STRAIGHT,1.5,1.5,"CMD,-0.4,1.50",4.0,0.0093,2.146,0.021,1,0.9653,0,NORMAL,59.756,0.111,1,1,1,1,2,107.3,85,4,dijkstra,graph,0.38211,0,,,,,,0,,,,188595,114347,1724
1104,244.13416957855225,2026-03-06T13:31:36.323119,120.68,0.0,9.77,14.85,21.85,0.0,0.0,187.82,4.62,0.033,-0.142,STRAIGHT,1.5,1.5,"CMD,-0.1,1.50",4.0,0.0093,2.146,0.021,1,0.9355,0,NORMAL,59.686,0.172,1,1,1,1,1,486.2,76,4,dijkstra,fallback_skeleton,0.37411,0,,,,,,0,,,,178226,111960,1745
1105,244.35500741004944,2026-03-06T13:31:36.543957,118.95,0.0,10.02,18.15,28.11,0.0,0.0,196.29,4.62,0.15,0.033,STRAIGHT,1.5,1.5,"CMD,0.0,1.50",4.0,0.0093,2.146,0.021,1,0.9538,0,NORMAL,59.93,0.213,1,1,1,1,1,493.4,78,4,dijkstra,fallback_skeleton,0.39099,0,,,,,,0,,,,181103,117056,1850
1106,244.58281421661377,2026-03-06T13:31:36.771764,121.94,0.0,12.04,18.29,29.0,0.0,0.0,202.45,4.61,0.228,0.15,STRAIGHT,1.5,1.5,"CMD,0.2,1.50",4.0,0.0093,2.146,0.021,1,0.9564,0,NORMAL,59.815,0.207,1,1,1,1,1,499.7,86,4,dijkstra,fallback_skeleton,0.38874,0,,,,,,0,,,,185361,116468,1915
1107,244.80178236961365,2026-03-06T13:31:36.990732,117.58,0.0,10.78,15.82,28.58,0.0,0.0,193.08,4.61,0.28,0.228,STRAIGHT,1.5,1.5,"CMD,0.2,1.50",4.0,0.0093,2.146,0.021,1,0.9751,0,NORMAL,60.05,0.252,1,1,1,1,1,497.4,75,5,dijkstra,fallback_skeleton,0.38378,0,,,,,,0,,,,183831,114974,1938
1108,245.01212644577026,2026-03-06T13:31:37.201076,116.35,0.0,9.64,15.96,24.04,0.0,0.0,186.35,4.61,0.315,0.28,STRAIGHT,1.5,1.5,"CMD,0.3,1.50",4.0,0.0093,2.146,0.021,1,0.9732,0,NORMAL,60.701,0.239,1,1,1,1,1,499.5,83,6,dijkstra,fallback_skeleton,0.39211,0,,,,,,0,,,,187396,117568,1870
1109,245.2297501564026,2026-03-06T13:31:37.418700,122.11,0.0,10.71,15.03,27.03,0.0,0.0,195.44,4.61,0.338,0.315,STRAIGHT,1.5,1.5,"CMD,0.3,1.50",4.0,0.0093,2.146,0.021,1,0.9629,0,NORMAL,60.892,0.184,1,1,1,1,1,488.9,62,5,dijkstra,fallback_skeleton,0.38202,0,,,,,,0,,,,188689,114400,1848
1110,245.44778966903687,2026-03-06T13:31:37.636739,123.5,0.0,10.25,16.79,20.05,0.0,0.0,191.49,4.61,0.344,0.338,STRAIGHT,1.5,1.5,"CMD,0.3,1.50",4.0,0.0086,2.237,0.022,1,0.9601,0,NORMAL,60.603,0.263,1,1,1,1,2,111.9,79,3,dijkstra,graph,0.39663,0,,,,,,0,,,,196444,118695,1749
1111,245.67227983474731,2026-03-06T13:31:37.861229,129.99,0.0,11.02,16.4,21.28,0.0,0.0,200.4,4.6,0.348,0.344,STRAIGHT,1.5,1.5,"CMD,0.3,1.50",4.0,0.0086,2.237,0.022,1,0.9885,0,NORMAL,61.261,0.255,1,1,1,1,2,111.9,79,4,dijkstra,graph,0.39669,0,,,,,,0,,,,197072,118804,1850
1112,245.89215278625488,2026-03-06T13:31:38.081102,126.39,0.0,10.54,17.25,20.04,0.0,0.0,195.0,4.6,0.354,0.348,STRAIGHT,1.5,1.5,"CMD,0.3,1.50",4.0,0.0089,2.192,0.021,1,0.9876,0,NORMAL,61.552,0.273,1,1,1,1,2,109.6,86,4,dijkstra,graph,0.39364,0,,,,,,0,,,,195607,117945,1904
1113,246.11207270622253,2026-03-06T13:31:38.301022,125.2,0.0,11.2,17.41,20.54,0.0,0.0,195.74,4.6,0.358,0.354,STRAIGHT,1.5,1.5,"CMD,0.4,1.50",4.0,0.0089,2.192,0.021,1,0.9851,0,NORMAL,61.27,0.267,1,1,1,1,2,109.6,76,5,dijkstra,graph,0.39818,0,,,,,,0,,,,197099,119106,1880
1114,246.32991790771484,2026-03-06T13:31:38.518867,123.32,0.0,10.13,17.55,22.1,0.0,0.0,195.3,4.6,0.36,0.358,STRAIGHT,1.5,1.5,"CMD,0.4,1.50",4.0,0.0089,2.192,0.021,1,0.9839,0,NORMAL,61.738,0.325,1,1,1,1,2,109.6,84,5,dijkstra,graph,0.39481,0,,,,,,0,,,,195405,118181,2034
1115,246.55114269256592,2026-03-06T13:31:38.740092,119.13,0.0,9.29,20.0,24.57,0.0,1.0,197.03,4.59,0.368,0.36,STRAIGHT,1.5,1.5,"CMD,0.4,1.50",4.0,0.0093,2.146,0.021,1,0.9853,0,NORMAL,62.006,0.322,1,1,1,1,2,107.3,75,5,dijkstra,graph,0.39099,0,,,,,,0,,,,193447,117049,1798
1116,246.76526594161987,2026-03-06T13:31:38.954215,122.02,0.0,10.02,16.98,19.34,0.0,0.0,190.57,4.59,0.377,0.368,STRAIGHT,1.5,1.5,"CMD,0.4,1.50",4.0,0.0096,2.1,0.021,1,0.9892,0,NORMAL,62.138,0.322,1,1,1,1,2,105.0,79,6,dijkstra,graph,0.38634,0,,,,,,0,,,,192438,115603,1842
1117,246.9828643798828,2026-03-06T13:31:39.171814,124.54,0.0,9.98,16.54,20.04,0.0,0.0,192.07,4.6,-0.292,0.368,STRAIGHT,1.5,1.5,"CMD,0.4,1.50",2.849,-0.0395,2.83,-0.159,1,0.9853,0,NORMAL,59.987,0.313,1,1,1,1,1,433.4,82,3,dijkstra,fallback_skeleton,0.38975,0,,,,,,0,,,,194863,116656,1800
1118,247.20259070396423,2026-03-06T13:31:39.391540,122.67,0.0,10.01,18.17,20.32,0.0,0.0,194.51,4.59,-0.765,-0.292,STRAIGHT,1.5,1.5,"CMD,-0.3,1.50",2.835,-0.0415,2.816,-0.165,1,0.9856,0,NORMAL,60.73,0.387,1,1,1,1,1,436.6,74,4,dijkstra,fallback_skeleton,0.38936,0,,,,,,0,,,,193843,116457,1789
1119,247.42117381095886,2026-03-06T13:31:39.610123,124.19,0.0,10.02,18.05,21.22,0.0,0.0,194.13,4.59,-1.029,-0.765,STRAIGHT,1.5,1.5,"CMD,-0.8,1.50",2.909,-0.0378,2.892,-0.158,1,0.9868,0,NORMAL,60.608,0.371,1,1,1,1,1,434.6,87,4,dijkstra,fallback_skeleton,0.39529,0,,,,,,0,,,,196007,118396,1992
1120,247.65168452262878,2026-03-06T13:31:39.840634,132.63,0.0,11.05,17.11,20.63,0.0,1.0,204.95,4.58,-1.145,-1.029,STRAIGHT,1.5,1.5,"CMD,-1.0,1.50",3.027,-0.0334,3.013,-0.152,1,0.9885,0,NORMAL,58.86,0.344,1,1,1,1,1,432.0,77,4,dijkstra,fallback_skeleton,0.39585,0,,,,,,0,,,,196271,118696,1964
1121,247.8662679195404,2026-03-06T13:31:40.055217,122.71,0.0,10.03,14.81,20.59,0.0,0.0,190.52,4.58,-1.197,-1.145,STRAIGHT,1.5,1.5,"CMD,-1.1,1.50",3.26,-0.0316,2.42,-0.093,1,0.9845,0,NORMAL,57.836,0.306,1,1,1,1,2,125.5,71,4,dijkstra,graph,0.39289,0,,,,,,0,,,,194982,117634,1721
1122,248.07800459861755,2026-03-06T13:31:40.266954,120.99,0.0,9.35,16.51,19.11,0.0,0.0,187.13,4.59,-0.677,-1.145,STRAIGHT,1.5,1.5,"CMD,-1.1,1.50",4.0,0.0089,2.192,0.021,1,0.9814,0,NORMAL,58.921,0.242,1,1,1,1,2,109.6,77,4,dijkstra,graph,0.38341,0,,,,,,0,,,,193519,114679,1749
1123,248.29200148582458,2026-03-06T13:31:40.480951,120.52,0.0,10.53,18.22,20.75,0.0,0.0,189.95,4.59,-0.323,-0.677,STRAIGHT,1.5,1.5,"CMD,-0.7,1.50",4.0,0.0093,2.146,0.021,1,0.989,0,NORMAL,59.515,0.234,1,1,1,1,2,107.3,88,4,dijkstra,graph,0.38256,0,,,,,,0,,,,193586,114407,1840
1124,248.50878810882568,2026-03-06T13:31:40.697738,121.89,0.0,10.22,18.06,19.68,0.0,0.0,191.67,4.59,-0.083,-0.323,STRAIGHT,1.5,1.5,"CMD,-0.3,1.50",4.0,0.0096,2.1,0.021,1,0.9832,0,NORMAL,60.429,0.197,1,1,1,1,2,105.0,86,4,dijkstra,graph,0.3761,0,,,,,,0,,,,191595,112635,2075
1125,248.72514581680298,2026-03-06T13:31:40.914095,123.36,0.0,9.54,14.96,21.82,0.0,0.5,192.1,4.59,0.072,-0.083,STRAIGHT,1.5,1.5,"CMD,-0.1,1.50",4.0,0.0093,2.146,0.021,1,0.9858,0,NORMAL,60.192,0.254,1,1,1,1,2,107.3,76,5,dijkstra,graph,0.38031,0,,,,,,0,,,,193261,113863,2031
1126,248.9382746219635,2026-03-06T13:31:41.127224,122.24,0.0,9.01,15.38,20.49,0.0,0.0,189.57,4.6,-0.373,-0.083,STRAIGHT,1.5,1.5,"CMD,-0.1,1.50",3.138,-0.0306,3.126,-0.15,1,0.9849,0,NORMAL,61.472,0.231,1,1,1,1,1,424.8,74,5,dijkstra,fallback_skeleton,0.37835,0,,,,,,0,,,,192498,113250,1875
1127,249.15239906311035,2026-03-06T13:31:41.341349,122.38,0.0,9.91,16.47,19.65,0.0,0.0,189.2,4.6,-0.542,-0.373,STRAIGHT,1.5,1.5,"CMD,-0.4,1.50",3.285,-0.0213,3.276,-0.115,1,0.9772,0,NORMAL,62.077,0.233,1,1,1,1,1,419.5,75,4,dijkstra,fallback_skeleton,0.38488,0,,,,,,0,,,,194955,115390,1820
1128,249.3749451637268,2026-03-06T13:31:41.563895,126.14,0.0,10.52,18.18,21.03,0.0,0.0,197.03,4.59,-0.243,-0.373,STRAIGHT,1.5,1.5,"CMD,-0.4,1.50",4.0,0.0086,2.237,0.022,1,0.9796,0,NORMAL,62.559,0.245,1,1,1,1,2,111.9,85,5,dijkstra,graph,0.37888,0,,,,,,0,,,,194485,113536,2044
1129,249.58970308303833,2026-03-06T13:31:41.778653,120.39,0.0,10.13,17.72,20.55,0.0,0.0,190.71,4.59,-0.034,-0.243,STRAIGHT,1.5,1.5,"CMD,-0.2,1.50",4.0,0.0093,2.146,0.021,1,0.9734,0,NORMAL,63.425,0.236,1,1,1,1,2,107.3,83,5,dijkstra,graph,0.37019,0,,,,,,0,,,,190612,110862,1959
1130,249.79635334014893,2026-03-06T13:31:41.985303,117.47,0.0,11.02,12.77,19.29,0.0,0.0,182.38,4.6,-0.338,-0.243,STRAIGHT,1.5,1.5,"CMD,-0.2,1.50",3.409,-0.023,2.374,-0.065,1,0.9718,0,NORMAL,64.031,0.215,1,1,1,1,2,121.2,51,3,dijkstra,graph,0.37095,0,,,,,,0,,,,187689,111012,1513
1131,250.0048053264618,2026-03-06T13:31:42.193755,120.44,0.0,9.78,14.03,19.16,0.0,0.0,184.62,4.61,-0.087,-0.087,STRAIGHT,1.5,1.5,"CMD,-0.1,1.50",4.0,0.0101,2.055,0.021,1,0.9709,0,NORMAL,65.541,0.186,1,1,1,1,2,102.8,55,4,dijkstra,graph,0.35659,0,,,,,,0,,,,186181,106658,1615
1132,250.22248554229736,2026-03-06T13:31:42.411435,127.92,0.0,11.68,15.3,18.28,0.0,0.0,194.29,4.6,0.081,-0.087,STRAIGHT,1.5,1.5,"CMD,-0.1,1.50",4.0,0.0101,2.055,0.021,1,0.9684,0,NORMAL,66.484,0.12,1,1,1,1,2,102.8,48,6,dijkstra,graph,0.3506,0,,,,,,0,,,,185694,104997,1649
1133,250.43118405342102,2026-03-06T13:31:42.620134,121.47,0.0,10.02,14.02,19.81,0.0,0.0,183.89,4.61,-0.162,-0.087,STRAIGHT,1.5,1.5,"CMD,-0.1,1.50",3.574,-0.0157,2.329,-0.043,1,0.9664,0,NORMAL,65.118,0.245,1,1,1,1,2,119.8,60,4,dijkstra,graph,0.36459,0,,,,,,0,,,,189540,109046,1594
1134,250.65262508392334,2026-03-06T13:31:42.841575,130.44,0.0,10.69,14.1,19.57,0.0,0.0,197.07,4.6,0.02,0.02,STRAIGHT,1.5,1.5,"CMD,0.0,1.50",4.0,0.0093,2.146,0.021,1,0.9787,0,NORMAL,65.696,0.288,1,1,1,1,2,107.3,61,5,dijkstra,graph,0.37132,0,,,,,,0,,,,191356,111167,1832
1135,250.86526441574097,2026-03-06T13:31:43.054214,121.74,0.0,10.22,16.07,19.2,0.0,0.0,186.28,4.62,0.141,0.02,STRAIGHT,1.5,1.5,"CMD,0.0,1.50",4.0,0.0093,2.146,0.021,1,0.9848,0,NORMAL,65.996,0.27,1,1,1,1,2,107.3,60,4,dijkstra,graph,0.36855,0,,,,,,0,,,,190841,110369,1732
1136,251.06996965408325,2026-03-06T13:31:43.258919,118.16,0.0,9.02,13.79,19.23,0.0,0.0,180.16,4.63,0.222,0.141,STRAIGHT,1.5,1.5,"CMD,0.1,1.50",4.0,0.0093,2.146,0.021,1,0.98,0,NORMAL,66.218,0.286,1,1,1,1,2,107.3,59,4,dijkstra,graph,0.36554,0,,,,,,0,,,,189106,109379,1737
1137,251.28189826011658,2026-03-06T13:31:43.470848,121.68,0.0,9.57,16.07,20.04,0.0,0.0,187.81,4.63,0.276,0.222,STRAIGHT,1.5,1.5,"CMD,0.2,1.50",4.0,0.0093,2.146,0.021,1,0.9759,0,NORMAL,66.126,0.316,1,1,1,1,2,107.3,73,4,dijkstra,graph,0.3706,0,,,,,,0,,,,191294,110923,1769
1138,251.49295783042908,2026-03-06T13:31:43.681907,120.07,0.0,9.53,16.23,20.04,0.0,0.0,187.27,4.63,0.316,0.276,STRAIGHT,1.5,1.5,"CMD,0.3,1.50",4.0,0.0096,2.1,0.021,1,0.9742,0,NORMAL,66.058,0.284,1,1,1,1,2,105.0,71,4,dijkstra,graph,0.36498,0,,,,,,0,,,,190862,109160,1852
1139,251.70673513412476,2026-03-06T13:31:43.895685,121.39,0.0,9.71,16.04,20.65,0.0,0.0,189.0,4.63,0.051,0.276,STRAIGHT,1.5,1.5,"CMD,0.3,1.50",3.836,-0.0116,2.374,-0.033,1,0.962,0,NORMAL,65.745,0.348,1,1,1,1,2,120.4,74,3,dijkstra,graph,0.37692,0,,,,,,0,,,,196233,112763,1860
1140,251.92104172706604,2026-03-06T13:31:44.109991,121.31,0.0,10.01,19.03,18.67,0.0,0.0,189.07,4.64,0.139,0.139,STRAIGHT,1.5,1.5,"CMD,0.1,1.50",4.0,0.0077,2.374,0.022,1,0.9576,0,NORMAL,65.493,0.386,1,1,1,1,2,118.7,86,3,dijkstra,graph,0.38973,0,,,,,,0,,,,200800,116622,1805
1141,252.130117893219,2026-03-06T13:31:44.319067,116.02,0.0,10.18,17.05,19.0,0.0,1.0,185.19,4.65,0.092,0.092,STRAIGHT,1.5,1.5,"CMD,0.1,1.50",4.0,-0.0001,2.42,-0.0,1,0.9667,0,NORMAL,66.208,0.4,1,1,1,1,2,121.6,82,3,dijkstra,graph,0.37983,0,,,,,,0,,,,196181,113571,1730
1142,252.3410985469818,2026-03-06T13:31:44.530048,122.31,0.0,10.52,19.06,20.23,0.0,0.0,190.82,4.66,0.19,0.139,STRAIGHT,1.5,1.5,"CMD,0.1,1.50",4.0,0.0093,2.146,0.021,1,0.9694,0,NORMAL,66.807,0.382,1,1,1,1,2,107.3,94,4,dijkstra,graph,0.37064,0,,,,,,0,,,,191402,110834,1885
1143,252.5590693950653,2026-03-06T13:31:44.748019,122.1,0.0,10.03,18.21,21.06,0.0,0.0,193.63,4.66,0.248,0.19,STRAIGHT,1.5,1.5,"CMD,0.2,1.50",4.0,0.0089,2.192,0.021,1,0.9797,0,NORMAL,66.942,0.412,1,1,1,1,2,109.6,95,3,dijkstra,graph,0.37459,0,,,,,,0,,,,191482,112105,1927
1144,252.77605366706848,2026-03-06T13:31:44.965003,122.86,0.0,9.9,17.18,20.65,0.0,0.0,191.43,4.66,0.165,0.19,STRAIGHT,1.5,1.5,"CMD,0.2,1.50",4.0,-0.0001,2.42,-0.0,1,0.9722,0,NORMAL,66.9,0.395,1,1,1,1,2,121.6,88,3,dijkstra,graph,0.38599,0,,,,,,0,,,,193493,115605,1730
1145,252.98926544189453,2026-03-06T13:31:45.178215,122.14,0.0,9.52,15.56,19.67,0.0,0.0,187.37,4.66,0.22,0.22,STRAIGHT,1.5,1.5,"CMD,0.2,1.50",4.0,0.008,2.329,0.022,1,0.9817,0,NORMAL,66.726,0.447,1,1,1,1,2,116.5,75,2,dijkstra,graph,0.38277,0,,,,,,0,,,,191684,114585,1589
1146,253.20644664764404,2026-03-06T13:31:45.395396,123.86,0.0,10.38,16.64,20.49,0.0,0.0,194.0,4.66,0.026,0.165,STRAIGHT,1.5,1.5,"CMD,0.2,1.50",4.0,-0.0087,2.42,-0.026,1,0.9844,0,NORMAL,66.868,0.493,1,1,1,1,2,122.6,82,2,dijkstra,graph,0.38302,0,,,,,,0,,,,193114,114672,1669
1147,253.41765809059143,2026-03-06T13:31:45.606608,121.75,0.0,9.02,16.87,17.86,0.0,0.0,186.4,4.67,0.139,0.139,STRAIGHT,1.5,1.5,"CMD,0.1,1.50",4.0,0.0089,2.192,0.021,1,0.9809,0,NORMAL,66.719,0.525,1,1,1,1,2,109.6,89,3,dijkstra,graph,0.37791,0,,,,,,0,,,,190870,113157,1837
1148,253.6456606388092,2026-03-06T13:31:45.834610,135.11,0.0,10.02,17.12,19.7,0.0,0.0,202.5,4.66,0.212,0.139,STRAIGHT,1.5,1.5,"CMD,0.1,1.50",4.0,0.0086,2.237,0.022,1,0.9788,0,NORMAL,67.121,0.548,1,1,1,1,2,111.9,84,3,dijkstra,graph,0.38221,0,,,,,,0,,,,193523,114517,1800
1149,253.8589277267456,2026-03-06T13:31:46.047878,120.45,0.0,9.45,16.05,20.86,0.0,0.0,188.44,4.67,-0.123,0.139,STRAIGHT,1.5,1.5,"CMD,0.1,1.50",3.347,-0.0192,3.339,-0.107,1,0.9831,0,NORMAL,65.33,0.553,1,1,1,1,2,421.4,79,2,dijkstra,graph,0.39012,0,,,,,,0,,,,195059,116852,1714
1150,254.07153725624084,2026-03-06T13:31:46.260487,117.54,0.0,11.02,16.94,20.36,0.0,0.0,186.55,4.67,-0.341,-0.123,STRAIGHT,1.5,1.5,"CMD,-0.1,1.50",3.548,-0.0188,2.374,-0.053,1,0.9756,0,NORMAL,65.899,0.561,1,1,1,1,2,122.2,94,2,dijkstra,graph,0.37955,0,,,,,,0,,,,191203,113525,1724
1151,254.28535747528076,2026-03-06T13:31:46.474307,121.84,0.0,9.09,15.81,20.43,0.0,0.0,189.0,4.67,-0.108,-0.123,STRAIGHT,1.5,1.5,"CMD,-0.1,1.50",4.0,0.0086,2.237,0.022,1,0.988,0,NORMAL,66.34,0.584,1,1,1,1,2,111.9,83,2,dijkstra,graph,0.37775,0,,,,,,0,,,,190522,113018,1683
1152,254.49898552894592,2026-03-06T13:31:46.687935,121.91,0.0,9.17,16.99,20.2,0.0,0.0,189.83,4.67,-0.484,-0.341,STRAIGHT,1.5,1.5,"CMD,-0.3,1.50",3.208,-0.03,2.374,-0.085,1,0.9833,0,NORMAL,66.694,0.598,1,1,1,1,2,123.0,86,2,dijkstra,graph,0.37719,0,,,,,,0,,,,190469,112833,1695
1153,254.71242547035217,2026-03-06T13:31:46.901375,118.14,0.0,10.01,17.16,19.23,0.0,1.0,188.31,4.67,-0.581,-0.484,STRAIGHT,1.5,1.5,"CMD,-0.5,1.50",3.548,-0.0188,2.374,-0.053,1,0.979,0,NORMAL,66.831,0.639,1,1,1,1,2,122.2,86,2,dijkstra,graph,0.38054,0,,,,,,0,,,,189465,113906,1747
1154,254.92781925201416,2026-03-06T13:31:47.116769,123.74,0.0,10.02,16.05,20.05,0.0,0.0,191.9,4.68,-0.646,-0.581,STRAIGHT,1.5,1.5,"CMD,-0.6,1.50",3.548,-0.0188,2.374,-0.053,1,0.9743,0,NORMAL,67.591,0.563,1,1,1,1,2,122.2,88,2,dijkstra,graph,0.37048,0,,,,,,0,,,,187774,110948,1732
1155,255.14027881622314,2026-03-06T13:31:47.329228,122.22,0.0,11.03,14.2,19.16,0.0,0.0,188.23,4.68,-0.842,-0.646,STRAIGHT,1.5,1.5,"CMD,-0.6,1.50",3.208,-0.03,2.374,-0.085,1,0.9814,0,NORMAL,66.759,0.58,1,1,1,1,2,123.0,70,2,dijkstra,graph,0.37153,0,,,,,,0,,,,187328,111297,1542
1156,255.3594217300415,2026-03-06T13:31:47.548371,118.18,0.0,10.02,22.67,20.6,0.0,0.0,194.33,4.67,-0.221,-0.646,STRAIGHT,1.5,1.5,"CMD,-0.6,1.50",2.264,0.0248,2.213,0.061,1,0.9688,0,NORMAL,60.662,0.561,1,1,1,1,1,224.7,136,4,dijkstra,fallback_centerline,0.37376,0,,,,,,0,,,,185909,112083,1882
1157,255.5781764984131,2026-03-06T13:31:47.767126,120.85,0.0,11.02,21.9,20.62,0.0,0.0,195.27,4.67,1.348,-0.221,STRAIGHT,1.5,1.5,"CMD,-0.2,1.50",2.02,0.1089,1.942,0.208,1,0.9433,0,NORMAL,61.443,0.576,1,1,1,1,1,220.3,134,3,dijkstra,fallback_centerline,0.36502,0,,,,,,0,,,,181811,109324,1806
1158,255.7939145565033,2026-03-06T13:31:47.982864,122.52,0.0,10.52,18.53,18.73,0.0,0.0,190.75,4.67,0.57,0.57,STRAIGHT,1.5,1.5,"CMD,0.6,1.50",3.3,-0.0239,3.29,-0.129,1,0.9465,0,NORMAL,58.557,0.63,1,1,1,1,1,407.1,91,2,dijkstra,fallback_skeleton,0.37428,0,,,,,,0,,,,188681,112038,1641
1159,256.00589299201965,2026-03-06T13:31:48.194843,122.0,0.0,11.3,13.81,19.31,0.0,0.0,187.92,4.67,0.122,0.57,STRAIGHT,1.5,1.5,"CMD,0.6,1.50",3.548,-0.0188,2.374,-0.053,1,0.9796,0,NORMAL,59.89,0.536,1,1,1,1,2,122.2,64,2,dijkstra,graph,0.36618,0,,,,,,0,,,,186511,109571,1466
1160,256.21805453300476,2026-03-06T13:31:48.407004,120.32,0.0,11.06,17.66,18.5,0.0,0.0,188.02,4.67,-0.134,0.122,STRAIGHT,1.5,1.5,"CMD,0.1,1.50",3.578,-0.0157,2.329,-0.042,1,0.9881,0,NORMAL,59.972,0.551,1,1,1,1,2,119.8,83,2,dijkstra,graph,0.36725,0,,,,,,0,,,,187169,110036,1570
1161,256.43320322036743,2026-03-06T13:31:48.622153,122.22,0.0,10.02,17.04,20.16,0.0,1.0,191.41,4.67,0.032,0.032,STRAIGHT,1.5,1.5,"CMD,0.0,1.50",4.0,0.0089,2.192,0.021,1,0.9833,0,NORMAL,59.963,0.461,1,1,1,1,2,109.6,87,3,dijkstra,graph,0.37597,0,,,,,,0,,,,189549,112407,1712
1162,256.6631553173065,2026-03-06T13:31:48.852105,134.22,0.0,9.17,20.24,20.73,0.0,0.0,206.11,4.65,0.14,0.032,STRAIGHT,1.5,1.5,"CMD,0.0,1.50",4.0,0.0086,2.237,0.022,1,0.9873,0,NORMAL,60.007,0.469,1,1,1,1,2,111.9,105,3,dijkstra,graph,0.38419,0,,,,,,0,,,,191778,114970,1920
1163,256.8782227039337,2026-03-06T13:31:49.067172,122.19,0.0,10.02,17.44,20.74,0.0,0.0,190.94,4.66,0.215,0.14,STRAIGHT,1.5,1.5,"CMD,0.1,1.50",4.0,0.0089,2.192,0.021,1,0.9844,0,NORMAL,60.228,0.39,1,1,1,1,2,109.6,77,3,dijkstra,graph,0.38211,0,,,,,,0,,,,191037,114318,1698
1164,257.09398651123047,2026-03-06T13:31:49.282936,121.74,0.0,9.02,17.55,22.07,0.0,0.0,192.63,4.66,0.262,0.215,STRAIGHT,1.5,1.5,"CMD,0.2,1.50",4.0,0.0086,2.237,0.022,1,0.9789,0,NORMAL,60.02,0.413,1,1,1,1,2,111.9,96,3,dijkstra,graph,0.39581,0,,,,,,0,,,,194930,118568,1938
1165,257.3047134876251,2026-03-06T13:31:49.493663,119.41,0.0,9.78,16.43,19.89,0.0,0.0,186.57,4.65,-0.095,0.215,STRAIGHT,1.5,1.5,"CMD,0.2,1.50",3.418,-0.0196,3.411,-0.114,1,0.9808,0,NORMAL,59.45,0.372,1,1,1,1,1,416.9,77,2,dijkstra,fallback_skeleton,0.3856,0,,,,,,0,,,,191468,115352,1665
1166,257.5258710384369,2026-03-06T13:31:49.714821,122.84,0.0,10.54,16.32,25.53,0.0,0.0,196.91,4.64,-0.23,-0.095,STRAIGHT,1.5,1.5,"CMD,-0.1,1.50",3.833,-0.0121,3.829,-0.089,1,0.9861,0,NORMAL,59.676,0.321,1,1,1,1,1,423.1,78,3,dijkstra,fallback_skeleton,0.39211,0,,,,,,0,,,,192933,117351,1814
1167,257.7417447566986,2026-03-06T13:31:49.930694,124.13,0.0,10.02,14.21,19.55,0.0,1.0,189.57,4.64,-0.403,-0.23,STRAIGHT,1.5,1.5,"CMD,-0.2,1.50",3.512,-0.0182,3.505,-0.112,1,0.9907,0,NORMAL,59.675,0.297,1,1,1,1,1,416.7,66,3,dijkstra,fallback_skeleton,0.38564,0,,,,,,0,,,,191884,115503,1627
1168,257.9632053375244,2026-03-06T13:31:50.152155,119.82,0.0,10.21,24.43,20.69,0.0,0.0,197.13,4.64,-0.426,-0.403,STRAIGHT,1.5,1.5,"CMD,-0.4,1.50",4.0,-0.0114,3.999,-0.091,1,0.9681,0,NORMAL,58.526,0.31,1,1,1,1,2,420.2,148,2,dijkstra,graph,0.39114,0,,,,,,0,,,,192184,117032,1899
1169,258.17106199264526,2026-03-06T13:31:50.360012,118.28,0.0,9.52,16.45,18.66,0.0,0.0,183.21,4.64,-0.178,-0.403,STRAIGHT,1.5,1.5,"CMD,-0.4,1.50",4.0,0.0077,2.374,0.022,1,0.9619,0,NORMAL,58.248,0.252,1,1,1,1,2,118.7,87,2,dijkstra,graph,0.39267,0,,,,,,0,,,,193022,117647,1641
1170,258.3849444389343,2026-03-06T13:31:50.573894,120.61,0.0,9.76,19.07,22.63,0.0,0.0,193.65,4.64,-0.009,-0.178,STRAIGHT,1.5,1.5,"CMD,-0.2,1.50",4.0,0.008,2.329,0.022,1,0.9737,0,NORMAL,58.958,0.283,1,1,1,1,2,116.5,91,4,dijkstra,graph,0.40715,0,,,,,,0,,,,197061,122002,2105
1171,258.6020314693451,2026-03-06T13:31:50.790981,125.96,0.0,10.46,17.32,19.04,0.0,0.0,193.21,4.63,0.1,-0.009,STRAIGHT,1.5,1.5,"CMD,-0.0,1.50",4.0,0.0077,2.374,0.022,1,0.982,0,NORMAL,59.702,0.088,1,1,1,1,2,118.7,78,3,dijkstra,graph,0.39488,0,,,,,,0,,,,196701,118184,1709
1172,258.8195912837982,2026-03-06T13:31:51.008541,121.03,0.0,10.71,20.05,21.54,0.0,0.0,192.84,4.63,0.172,0.1,STRAIGHT,1.5,1.5,"CMD,0.1,1.50",4.0,0.0077,2.374,0.022,1,0.9839,0,NORMAL,59.334,0.066,1,1,1,1,2,118.7,107,4,dijkstra,graph,0.40855,0,,,,,,0,,,,197424,122251,2056
1173,259.0389573574066,2026-03-06T13:31:51.227907,118.84,0.0,10.02,20.72,23.28,0.0,0.0,193.89,4.63,0.22,0.172,STRAIGHT,1.5,1.5,"CMD,0.2,1.50",4.0,0.0077,2.374,0.022,1,0.9893,0,NORMAL,59.626,0.065,1,1,1,1,2,118.7,108,5,dijkstra,graph,0.41626,0,,,,,,0,,,,198697,124574,2209
1174,259.25567173957825,2026-03-06T13:31:51.444621,118.18,0.0,10.54,19.49,23.71,0.0,0.0,192.18,4.63,0.252,0.22,STRAIGHT,1.5,1.5,"CMD,0.2,1.50",4.0,0.0077,2.374,0.022,1,0.9867,0,NORMAL,59.921,0.061,1,1,1,1,2,118.7,100,8,dijkstra,graph,0.42926,0,,,,,,0,,,,199929,128430,2483
1175,259.4742765426636,2026-03-06T13:31:51.663226,120.62,0.0,10.06,20.2,23.33,0.0,0.0,194.9,4.63,0.274,0.252,STRAIGHT,1.5,1.5,"CMD,0.3,1.50",4.0,0.0077,2.374,0.022,1,0.9894,0,NORMAL,59.857,-0.016,1,1,1,1,2,118.7,103,7,dijkstra,graph,0.43217,0,,,,,,0,,,,200791,129371,2485
1176,259.70592975616455,2026-03-06T13:31:51.894879,126.48,0.0,10.94,24.1,23.94,0.0,0.0,207.69,4.61,0.288,0.274,STRAIGHT,1.5,1.5,"CMD,0.3,1.50",4.0,0.0077,2.374,0.022,1,0.9867,0,NORMAL,59.821,-0.014,1,1,1,1,2,118.7,126,8,dijkstra,graph,0.42944,0,,,,,,0,,,,200183,128463,2665
1177,259.92608284950256,2026-03-06T13:31:52.115032,121.03,0.0,10.02,20.55,22.43,0.0,1.01,195.34,4.62,0.298,0.288,STRAIGHT,1.5,1.5,"CMD,0.3,1.50",4.0,0.0077,2.374,0.022,1,0.9822,0,NORMAL,60.962,-0.104,1,1,1,1,2,118.7,113,7,dijkstra,graph,0.42521,0,,,,,,0,,,,198448,127204,2420
1178,260.1473295688629,2026-03-06T13:31:52.336279,122.45,0.0,9.07,23.1,24.2,0.0,0.0,200.37,4.61,0.304,0.298,STRAIGHT,1.5,1.5,"CMD,0.3,1.50",4.0,0.0077,2.374,0.022,1,0.9857,0,NORMAL,60.607,-0.114,1,1,1,1,2,118.7,133,7,dijkstra,graph,0.4419,0,,,,,,0,,,,200230,132244,2786
1179,260.37087535858154,2026-03-06T13:31:52.559825,121.31,0.0,9.93,23.58,22.58,0.0,0.0,198.01,4.6,0.308,0.304,STRAIGHT,1.5,1.5,"CMD,0.3,1.50",4.0,0.0077,2.374,0.022,1,0.9822,0,NORMAL,60.337,-0.142,1,1,1,1,2,118.7,129,5,dijkstra,graph,0.42374,0,,,,,,0,,,,198780,126874,2370
1180,260.59388256073,2026-03-06T13:31:52.782832,121.94,0.0,10.08,19.87,23.67,0.0,0.0,197.36,4.6,0.311,0.308,STRAIGHT,1.5,1.5,"CMD,0.3,1.50",4.0,0.0077,2.374,0.022,1,0.9818,0,NORMAL,61.202,-0.137,1,1,1,1,2,118.7,97,7,dijkstra,graph,0.43959,0,,,,,,0,,,,201315,131476,2557
1181,260.8138630390167,2026-03-06T13:31:53.002813,119.85,0.0,10.3,20.96,22.97,0.0,0.0,195.62,4.59,0.313,0.311,STRAIGHT,1.5,1.5,"CMD,0.3,1.50",4.0,0.0077,2.374,0.022,1,0.9779,0,NORMAL,61.644,-0.164,1,1,1,1,2,118.7,111,6,dijkstra,graph,0.42812,0,,,,,,0,,,,200444,128037,2461
1182,261.0349142551422,2026-03-06T13:31:53.223864,126.19,0.0,8.71,17.45,22.04,0.0,0.5,196.05,4.59,0.314,0.313,STRAIGHT,1.5,1.5,"CMD,0.3,1.50",4.0,0.0077,2.374,0.022,1,0.9733,0,NORMAL,62.339,-0.342,1,1,1,1,2,118.7,90,4,dijkstra,graph,0.42781,0,,,,,,0,,,,199704,128135,2049
1183,261.24892234802246,2026-03-06T13:31:53.437872,121.6,0.0,10.01,16.24,21.17,0.0,0.0,189.89,4.59,0.315,0.314,STRAIGHT,1.5,1.5,"CMD,0.3,1.50",4.0,0.0077,2.374,0.022,1,0.981,0,NORMAL,63.786,-0.303,1,1,1,1,2,118.7,73,2,dijkstra,graph,0.41145,0,,,,,,0,,,,198606,123226,1638
1184,261.4756314754486,2026-03-06T13:31:53.664581,124.42,0.0,9.44,24.19,24.72,0.0,0.0,201.65,4.58,0.316,0.315,STRAIGHT,1.5,1.5,"CMD,0.3,1.50",4.0,0.0077,2.374,0.022,1,0.9791,0,NORMAL,62.534,-0.42,1,1,1,1,2,118.7,127,5,dijkstra,graph,0.4345,0,,,,,,0,,,,201459,130037,2566
1185,261.7053349018097,2026-03-06T13:31:53.894285,126.71,0.0,9.43,22.5,26.09,0.0,0.0,205.26,4.57,0.316,0.316,STRAIGHT,1.5,1.5,"CMD,0.3,1.50",4.0,0.0077,2.374,0.022,1,0.9727,0,NORMAL,63.151,-0.406,1,1,1,1,2,118.7,126,9,dijkstra,graph,0.46105,0,,,,,,0,,,,199866,138043,3031
1186,261.93260860443115,2026-03-06T13:31:54.121558,125.44,0.0,11.01,22.21,23.58,0.0,0.0,203.78,4.56,0.316,0.316,STRAIGHT,1.5,1.5,"CMD,0.3,1.50",4.0,0.0077,2.374,0.022,1,0.9816,0,NORMAL,63.054,-0.392,1,1,1,1,2,118.7,113,6,dijkstra,graph,0.45256,0,,,,,,0,,,,199998,135516,2573
1187,262.16226172447205,2026-03-06T13:31:54.351211,125.32,0.0,9.31,23.9,24.44,0.0,0.0,204.71,4.55,0.316,0.316,STRAIGHT,1.5,1.5,"CMD,0.3,1.50",4.0,0.0077,2.374,0.022,1,0.9836,0,NORMAL,63.291,-0.417,1,1,1,1,2,118.7,133,10,dijkstra,graph,0.46,0,,,,,,0,,,,201391,137673,2951
1188,262.39367723464966,2026-03-06T13:31:54.582627,127.0,0.0,11.04,22.47,26.29,0.0,0.0,207.8,4.54,0.316,0.316,STRAIGHT,1.5,1.5,"CMD,0.3,1.50",4.0,0.0077,2.374,0.022,1,0.9801,0,NORMAL,62.964,-0.398,1,1,1,1,2,118.7,126,13,dijkstra,graph,0.46659,0,,,,,,0,,,,203956,139725,3217
1189,262.62878251075745,2026-03-06T13:31:54.817732,129.3,0.0,11.85,21.35,25.21,0.0,0.0,208.92,4.52,0.317,0.316,STRAIGHT,1.5,1.5,"CMD,0.3,1.50",4.0,0.0077,2.374,0.022,1,0.9819,0,NORMAL,63.592,-0.406,1,1,1,1,2,118.7,111,10,dijkstra,graph,0.4639,0,,,,,,0,,,,202387,138932,3096
1190,262.8627338409424,2026-03-06T13:31:55.051683,126.3,0.0,9.93,26.24,25.3,0.0,0.0,208.85,4.51,0.317,0.317,STRAIGHT,1.5,1.5,"CMD,0.3,1.50",4.0,0.0077,2.374,0.022,1,0.9833,0,NORMAL,63.38,-0.394,1,1,1,1,2,118.7,148,11,dijkstra,graph,0.4668,0,,,,,,0,,,,201694,139597,3240
1191,263.10256004333496,2026-03-06T13:31:55.291510,128.04,0.0,11.71,28.61,26.44,0.0,0.0,215.63,4.5,0.314,0.317,STRAIGHT,1.5,1.5,"CMD,0.3,1.50",4.0,0.0075,2.42,0.022,1,0.9818,0,NORMAL,63.018,-0.436,1,1,1,1,2,121.0,135,10,dijkstra,graph,0.46535,0,,,,,,0,,,,200935,139267,3270
1192,263.32574462890625,2026-03-06T13:31:55.514694,122.23,0.0,10.02,20.93,22.64,0.0,0.0,197.41,4.5,0.312,0.314,STRAIGHT,1.5,1.5,"CMD,0.3,1.50",4.0,0.0075,2.42,0.022,1,0.966,0,NORMAL,62.907,-0.482,1,1,1,1,2,121.0,118,6,dijkstra,graph,0.44085,0,,,,,,0,,,,202086,131894,2282
1193,263.5605821609497,2026-03-06T13:31:55.749532,119.85,0.0,9.61,28.32,28.18,0.0,0.0,209.12,4.48,0.311,0.312,STRAIGHT,1.5,1.5,"CMD,0.3,1.50",4.0,0.0075,2.42,0.022,1,0.96,0,NORMAL,64.5,-0.601,1,1,1,1,2,121.0,172,12,dijkstra,graph,0.47806,0,,,,,,0,,,,204735,142851,3582
1194,263.7768838405609,2026-03-06T13:31:55.965834,118.01,0.0,10.02,19.13,21.46,0.0,0.0,190.66,4.48,0.313,0.312,STRAIGHT,1.5,1.5,"CMD,0.3,1.50",4.0,0.0077,2.374,0.022,1,0.9683,0,NORMAL,63.875,-0.522,1,1,1,1,2,118.7,107,3,dijkstra,graph,0.43068,0,,,,,,0,,,,200944,128818,2048
1195,264.0089943408966,2026-03-06T13:31:56.197944,121.43,0.0,10.02,28.07,26.06,0.0,1.0,207.68,4.47,0.319,0.313,STRAIGHT,1.5,1.5,"CMD,0.3,1.50",4.0,0.008,2.329,0.022,1,0.9731,0,NORMAL,63.894,-0.555,1,1,1,1,2,116.5,166,10,dijkstra,graph,0.46853,0,,,,,,0,,,,201825,140263,3239
1196,264.24903535842896,2026-03-06T13:31:56.437985,120.44,0.0,10.68,37.36,26.58,0.0,0.0,216.69,4.46,0.326,0.319,STRAIGHT,1.5,1.5,"CMD,0.3,1.50",4.0,0.0082,2.283,0.021,1,0.9819,0,NORMAL,64.598,-0.582,1,1,1,1,2,114.2,244,11,dijkstra,graph,0.47618,0,,,,,,0,,,,203575,142587,3907
1197,264.48416090011597,2026-03-06T13:31:56.673111,118.82,0.0,10.58,34.67,28.36,0.0,1.0,214.21,4.45,0.33,0.326,STRAIGHT,1.5,1.5,"CMD,0.3,1.50",4.0,0.0082,2.283,0.021,1,0.9674,0,NORMAL,61.739,-0.48,1,1,1,1,2,114.2,215,12,dijkstra,graph,0.47955,0,,,,,,0,,,,206738,143386,3990
1198,264.72095942497253,2026-03-06T13:31:56.909909,123.66,0.0,10.24,28.57,26.26,0.0,0.0,212.19,4.43,0.339,0.33,STRAIGHT,1.5,1.5,"CMD,0.3,1.50",4.0,0.0086,2.237,0.022,1,0.9774,0,NORMAL,61.157,-0.394,1,1,1,1,2,111.9,167,8,dijkstra,graph,0.45558,0,,,,,,0,,,,206428,136160,3299
1199,264.95079231262207,2026-03-06T13:31:57.139742,121.55,0.0,10.22,26.37,24.87,0.0,1.0,206.05,4.42,0.345,0.339,STRAIGHT,1.5,1.5,"CMD,0.3,1.50",4.0,0.0086,2.237,0.022,1,0.9803,0,NORMAL,60.492,-0.36,1,1,1,1,2,111.9,145,6,dijkstra,graph,0.47287,0,,,,,,0,,,,209668,141287,3298
1200,265.1778049468994,2026-03-06T13:31:57.366755,120.13,0.0,10.0,25.08,24.72,0.0,0.0,201.76,4.41,0.351,0.345,STRAIGHT,1.5,1.5,"CMD,0.3,1.50",4.0,0.0089,2.192,0.021,1,0.9747,0,NORMAL,59.87,-0.352,1,1,1,1,2,109.6,142,7,dijkstra,graph,0.46215,0,,,,,,0,,,,211408,138151,3086
1201,265.4093334674835,2026-03-06T13:31:57.598283,120.14,0.0,10.17,28.35,26.3,0.0,0.0,206.48,4.4,0.356,0.351,STRAIGHT,1.5,1.5,"CMD,0.4,1.50",4.0,0.0089,2.192,0.021,1,0.9901,0,NORMAL,59.822,-0.357,1,1,1,1,2,109.6,165,9,dijkstra,graph,0.4599,0,,,,,,0,,,,211068,137576,3243
1202,265.6514399051666,2026-03-06T13:31:57.840389,132.6,0.0,10.14,27.27,25.29,0.0,0.0,216.63,4.39,0.365,0.356,STRAIGHT,1.5,1.5,"CMD,0.4,1.50",4.0,0.0093,2.146,0.021,1,0.9841,0,NORMAL,58.109,-0.311,1,1,1,1,2,107.3,154,8,dijkstra,graph,0.458,0,,,,,,0,,,,209886,136818,3162
1203,265.8749761581421,2026-03-06T13:31:58.063926,118.98,0.0,8.44,24.66,24.39,0.0,1.01,199.02,4.38,0.372,0.365,STRAIGHT,1.5,1.5,"CMD,0.4,1.50",4.0,0.0093,2.146,0.021,1,0.9871,0,NORMAL,57.912,-0.307,1,1,1,1,2,107.3,142,8,dijkstra,graph,0.45853,0,,,,,,0,,,,210017,137204,3115
1204,266.10126304626465,2026-03-06T13:31:58.291214,122.52,0.0,10.02,26.98,23.57,0.0,0.0,203.49,4.38,0.376,0.372,STRAIGHT,1.5,1.5,"CMD,0.4,1.50",4.0,0.0093,2.146,0.021,1,0.978,0,NORMAL,57.263,-0.244,1,1,1,1,2,107.3,165,9,dijkstra,graph,0.46163,0,,,,,,0,,,,211675,138145,3318
1205,266.32682514190674,2026-03-06T13:31:58.515775,121.49,0.0,10.92,26.88,25.03,0.0,1.0,203.86,4.38,0.379,0.376,STRAIGHT,1.5,1.5,"CMD,0.4,1.50",4.0,0.0093,2.146,0.021,1,0.9849,0,NORMAL,56.519,-0.256,1,1,1,1,2,107.3,153,7,dijkstra,graph,0.4644,0,,,,,,0,,,,212050,138910,3243
1206,266.5556974411011,2026-03-06T13:31:58.744647,121.86,0.0,9.02,27.32,25.56,0.0,0.0,203.77,4.37,0.38,0.379,STRAIGHT,1.5,1.5,"CMD,0.4,1.50",4.0,0.0093,2.146,0.021,1,0.9796,0,NORMAL,54.025,-0.239,1,1,1,1,2,107.3,153,7,dijkstra,graph,0.47048,0,,,,,,0,,,,215467,140535,3247
1207,266.7809569835663,2026-03-06T13:31:58.969906,123.81,0.0,10.53,22.27,22.9,0.0,0.0,200.2,4.37,0.382,0.38,STRAIGHT,1.5,1.5,"CMD,0.4,1.50",4.0,0.0093,2.146,0.021,1,0.9788,0,NORMAL,53.824,-0.242,1,1,1,1,2,107.3,143,6,dijkstra,graph,0.46552,0,,,,,,0,,,,213720,139075,3176
1208,267.01028847694397,2026-03-06T13:31:59.199238,121.99,0.0,11.09,23.89,25.47,0.0,0.0,203.47,4.37,0.383,0.382,STRAIGHT,1.5,1.5,"CMD,0.4,1.50",4.0,0.0093,2.146,0.021,1,0.9791,0,NORMAL,52.587,-0.239,1,1,1,1,2,107.3,128,7,dijkstra,graph,0.46388,0,,,,,,0,,,,214502,138695,3136
1209,267.2309284210205,2026-03-06T13:31:59.419878,113.04,0.0,11.02,23.09,24.79,0.0,0.0,193.25,4.37,0.383,0.383,STRAIGHT,1.5,1.5,"CMD,0.4,1.50",4.0,0.0093,2.146,0.021,1,0.9731,0,NORMAL,52.828,-0.214,1,1,1,1,2,107.3,130,10,dijkstra,graph,0.47068,0,,,,,,0,,,,217580,140686,3387
1210,267.45567202568054,2026-03-06T13:31:59.644622,120.87,0.0,11.52,23.2,26.13,0.0,0.0,201.22,4.37,0.387,0.383,STRAIGHT,1.5,1.5,"CMD,0.4,1.50",4.0,0.0096,2.1,0.021,1,0.974,0,NORMAL,52.659,-0.253,1,1,1,1,2,105.0,138,10,dijkstra,graph,0.47124,0,,,,,,0,,,,217778,140817,3470
1211,267.6877381801605,2026-03-06T13:31:59.876688,126.4,0.0,10.02,25.07,27.85,0.0,0.0,209.18,4.36,0.39,0.387,STRAIGHT,1.5,1.5,"CMD,0.4,1.50",4.0,0.0096,2.1,0.021,1,0.9802,0,NORMAL,52.28,-0.239,1,1,1,1,2,105.0,148,10,dijkstra,graph,0.47072,0,,,,,,0,,,,216761,140621,3623
1212,267.9161128997803,2026-03-06T13:32:00.105062,119.6,0.0,11.32,26.29,26.31,0.0,0.89,203.6,4.35,0.392,0.39,STRAIGHT,1.5,1.5,"CMD,0.4,1.50",4.0,0.0096,2.1,0.021,1,0.9613,0,NORMAL,52.452,-0.277,1,1,1,1,2,105.0,141,10,dijkstra,graph,0.47787,0,,,,,,0,,,,219944,142633,3606
1213,268.13680601119995,2026-03-06T13:32:00.325756,118.85,0.0,10.15,22.99,25.73,0.0,0.0,199.02,4.35,0.393,0.392,STRAIGHT,1.5,1.5,"CMD,0.4,1.50",4.0,0.0096,2.1,0.021,1,0.9632,0,NORMAL,52.334,-0.256,1,1,1,1,2,105.0,114,7,dijkstra,graph,0.48519,0,,,,,,0,,,,225133,144920,3498
1214,268.362272977829,2026-03-06T13:32:00.551223,114.36,0.0,10.88,25.31,27.59,0.0,0.0,199.91,4.36,0.394,0.393,STRAIGHT,1.5,1.5,"CMD,0.4,1.50",4.0,0.0096,2.1,0.021,1,0.9664,0,NORMAL,52.525,-0.249,1,1,1,1,2,105.0,167,9,dijkstra,graph,0.49862,0,,,,,,0,,,,226749,148723,4141
1215,268.5961904525757,2026-03-06T13:32:00.785140,122.73,0.0,10.03,24.07,27.27,0.0,0.0,207.21,4.35,0.394,0.394,STRAIGHT,1.5,1.5,"CMD,0.4,1.50",4.0,0.0096,2.1,0.021,1,0.9681,0,NORMAL,51.127,-0.213,1,1,1,1,2,105.0,131,11,dijkstra,graph,0.4856,0,,,,,,0,,,,223955,144985,3545
1216,268.8209066390991,2026-03-06T13:32:01.009856,122.79,0.0,11.16,20.72,24.5,0.0,0.0,199.0,4.35,0.395,0.394,STRAIGHT,1.5,1.5,"CMD,0.4,1.50",4.0,0.0096,2.1,0.021,1,0.9658,0,NORMAL,51.223,-0.222,1,1,1,1,2,105.0,110,7,dijkstra,graph,0.4762,0,,,,,,0,,,,221864,142245,3298
1217,269.04693126678467,2026-03-06T13:32:01.235881,118.1,0.0,11.02,26.7,24.06,0.0,0.0,200.55,4.36,0.395,0.395,STRAIGHT,1.5,1.5,"CMD,0.4,1.50",4.0,0.0096,2.1,0.021,1,0.9229,0,NORMAL,50.901,-0.213,1,1,1,1,2,105.0,162,11,dijkstra,graph,0.49502,0,,,,,,0,,,,235046,147956,3988
1218,269.2698106765747,2026-03-06T13:32:01.458760,122.12,0.0,10.2,22.05,26.73,0.0,0.0,201.42,4.37,0.395,0.395,STRAIGHT,1.5,1.5,"CMD,0.4,1.50",4.0,0.0096,2.1,0.021,1,0.9242,0,NORMAL,50.921,-0.216,1,1,1,1,2,105.0,112,8,dijkstra,graph,0.49004,0,,,,,,0,,,,238971,146425,3499
1219,269.4996178150177,2026-03-06T13:32:01.688567,121.27,0.0,11.03,21.35,27.5,0.0,0.0,202.74,4.37,0.395,0.395,STRAIGHT,1.5,1.5,"CMD,0.4,1.50",4.0,0.0096,2.1,0.021,1,0.9699,0,NORMAL,50.632,-0.206,1,1,1,1,2,105.0,116,9,dijkstra,graph,0.48919,0,,,,,,0,,,,239451,146140,3578
1220,269.7320234775543,2026-03-06T13:32:01.920973,119.49,0.0,9.27,30.08,24.21,0.0,0.0,205.72,4.37,0.402,0.395,STRAIGHT,1.5,1.5,"CMD,0.4,1.50",4.0,0.0101,2.055,0.021,1,0.9026,0,NORMAL,50.82,-0.242,1,1,1,1,2,102.8,171,8,dijkstra,graph,0.4705,0,,,,,,0,,,,218945,140595,3815
1221,269.96922612190247,2026-03-06T13:32:02.158176,121.09,0.0,11.07,30.18,29.21,0.0,0.0,213.4,4.37,0.4,0.4,STRAIGHT,1.5,1.5,"CMD,0.4,1.50",4.0,0.0096,2.1,0.021,1,0.9182,0,NORMAL,50.882,-0.257,1,1,1,1,2,105.0,193,9,dijkstra,graph,0.48012,0,,,,,,0,,,,230499,143450,3988
1222,270.19210624694824,2026-03-06T13:32:02.381056,116.25,0.0,10.1,23.56,26.31,0.0,0.0,196.24,4.37,0.399,0.4,STRAIGHT,1.5,1.5,"CMD,0.4,1.50",4.0,0.0096,2.1,0.021,1,0.9038,0,NORMAL,50.939,-0.232,1,1,1,1,2,105.0,127,10,dijkstra,graph,0.45986,0,,,,,,0,,,,209976,137431,3468
1223,270.4161081314087,2026-03-06T13:32:02.605058,120.06,0.0,9.94,22.05,26.99,0.0,0.0,201.28,4.37,-0.101,0.399,STRAIGHT,1.5,1.5,"CMD,0.4,1.50",2.984,-0.0267,2.192,-0.064,1,0.9426,0,NORMAL,50.396,-0.226,1,1,1,1,2,112.0,116,9,dijkstra,graph,0.45068,0,,,,,,0,,,,203244,134818,3466
1224,270.6456046104431,2026-03-06T13:32:02.834554,129.15,0.0,10.02,19.46,23.55,0.0,0.0,204.89,4.37,-1.048,-0.101,STRAIGHT,1.5,1.5,"CMD,-0.1,1.50",2.2,-0.0714,2.16,-0.168,1,0.9616,0,NORMAL,50.278,-0.225,1,1,1,1,2,120.4,104,6,dijkstra,graph,0.44095,0,,,,,,0,,,,197019,131906,2737
1225,270.87568950653076,2026-03-06T13:32:03.064639,121.69,0.0,10.46,25.56,24.23,0.0,0.0,203.77,4.38,-0.56,-0.56,STRAIGHT,1.5,1.5,"CMD,-0.6,1.50",4.0,0.0101,2.055,0.021,1,0.9659,0,NORMAL,50.419,-0.249,1,1,1,1,2,102.8,150,9,dijkstra,graph,0.44163,0,,,,,,0,,,,200165,132012,3065
1226,271.1018137931824,2026-03-06T13:32:03.290763,121.65,0.0,10.02,24.46,26.32,0.0,0.0,202.83,4.38,-0.234,-0.56,STRAIGHT,1.5,1.5,"CMD,-0.6,1.50",4.0,0.0101,2.055,0.021,1,0.9554,0,NORMAL,50.084,-0.232,1,1,1,1,2,102.8,132,10,dijkstra,graph,0.45116,0,,,,,,0,,,,205577,134866,3390
1227,271.3317449092865,2026-03-06T13:32:03.520695,126.16,0.0,10.07,22.3,23.02,0.0,0.0,204.94,4.39,-0.836,-0.56,STRAIGHT,1.5,1.5,"CMD,-0.6,1.50",2.727,-0.0494,2.329,-0.134,1,0.9594,0,NORMAL,50.085,-0.226,1,1,1,1,2,121.6,117,9,dijkstra,graph,0.43702,0,,,,,,0,,,,199636,130728,2723
1228,271.57253336906433,2026-03-06T13:32:03.761483,123.4,0.0,11.03,31.1,27.59,0.0,1.0,216.06,4.38,-0.425,-0.425,STRAIGHT,1.5,1.5,"CMD,-0.4,1.50",4.0,0.0096,2.1,0.021,1,0.9748,0,NORMAL,50.268,-0.242,1,1,1,1,2,105.0,177,14,dijkstra,graph,0.4606,0,,,,,,0,,,,199184,137565,3791
1229,271.8119697570801,2026-03-06T13:32:04.000919,123.32,0.0,10.03,34.25,27.65,0.0,0.0,215.45,4.37,-0.726,-0.726,STRAIGHT,1.5,1.5,"CMD,-0.7,1.50",2.988,-0.0322,2.283,-0.084,1,0.9788,0,NORMAL,50.168,-0.23,1,1,1,1,2,118.3,181,12,dijkstra,graph,0.45893,0,,,,,,0,,,,198902,137261,3758
1230,272.0502932071686,2026-03-06T13:32:04.239243,122.4,0.0,10.1,28.83,27.14,0.0,0.0,211.44,4.37,-0.941,-0.726,STRAIGHT,1.5,1.5,"CMD,-0.7,1.50",2.964,-0.0332,2.283,-0.087,1,0.9747,0,NORMAL,50.338,-0.251,1,1,1,1,2,118.4,167,9,dijkstra,graph,0.4549,0,,,,,,0,,,,196850,136137,3593
1231,272.27188777923584,2026-03-06T13:32:04.460837,119.33,0.0,9.94,22.99,23.94,0.0,0.0,196.45,4.38,-0.488,-0.726,STRAIGHT,1.5,1.5,"CMD,-0.7,1.50",4.0,0.0101,2.055,0.021,1,0.9656,0,NORMAL,50.651,-0.282,1,1,1,1,2,102.8,132,6,dijkstra,graph,0.42876,0,,,,,,0,,,,195268,128378,2449
1232,272.4888651371002,2026-03-06T13:32:04.677815,120.94,0.0,10.61,19.32,22.05,0.0,0.0,192.92,4.38,-0.696,-0.696,STRAIGHT,1.5,1.5,"CMD,-0.7,1.50",3.283,-0.0269,3.274,-0.144,1,0.9673,0,NORMAL,50.964,-0.303,1,1,1,1,2,420.6,95,4,dijkstra,graph,0.41564,0,,,,,,0,,,,193055,124514,2150
1233,272.7103850841522,2026-03-06T13:32:04.899335,123.23,0.0,9.96,18.86,23.26,0.0,0.0,198.06,4.39,-3.206,-0.696,STRAIGHT,1.5,1.5,"CMD,-0.7,1.50",1.914,-0.2008,1.802,-0.338,1,0.966,0,NORMAL,50.219,-0.226,1,1,1,1,2,112.6,95,5,dijkstra,graph,0.4201,0,,,,,,0,,,,194212,125890,2334
1234,272.92498326301575,2026-03-06T13:32:05.113933,119.73,0.0,10.52,19.01,19.06,0.0,0.0,189.55,4.4,-2.411,-2.411,STRAIGHT,1.5,1.5,"CMD,-2.4,1.50",3.283,-0.0199,3.277,-0.107,1,0.9604,0,NORMAL,50.714,-0.298,1,1,1,1,1,423.2,125,5,dijkstra,fallback_skeleton,0.41428,0,,,,,,0,,,,195115,124041,2206
1235,273.13998222351074,2026-03-06T13:32:05.328932,117.04,0.0,10.18,23.06,22.95,0.0,1.0,195.23,4.4,-1.764,-2.411,STRAIGHT,1.5,1.5,"CMD,-2.4,1.50",3.756,-0.0114,3.752,-0.08,1,0.9687,0,NORMAL,51.103,-0.363,1,1,1,1,1,408.2,125,8,dijkstra,fallback_skeleton,0.42271,0,,,,,,0,,,,191857,126343,2513
1236,273.36826610565186,2026-03-06T13:32:05.557216,119.47,0.0,10.03,27.97,27.19,0.0,0.0,205.96,4.4,-1.037,-1.764,STRAIGHT,1.5,1.5,"CMD,-1.8,1.50",4.0,0.0101,2.055,0.021,1,0.9775,0,NORMAL,51.47,-0.374,1,1,1,1,2,102.8,163,11,dijkstra,graph,0.44353,0,,,,,,0,,,,192342,132800,3513
1237,273.5899443626404,2026-03-06T13:32:05.778894,122.72,0.0,10.02,21.18,23.03,0.0,0.0,197.62,4.41,-0.56,-1.037,STRAIGHT,1.5,1.5,"CMD,-1.0,1.50",4.0,0.0096,2.1,0.021,1,0.9724,0,NORMAL,52.195,-0.458,1,1,1,1,2,105.0,123,8,dijkstra,graph,0.39535,0,,,,,,0,,,,189363,118294,2442
1238,273.8199918270111,2026-03-06T13:32:06.008941,120.74,0.0,11.76,26.65,26.96,0.0,0.0,205.94,4.4,-0.241,-0.56,STRAIGHT,1.5,1.5,"CMD,-0.6,1.50",4.0,0.0096,2.1,0.021,1,0.9702,0,NORMAL,52.905,-0.437,1,1,1,1,2,105.0,149,12,dijkstra,graph,0.46107,0,,,,,,0,,,,192464,137832,3431
1239,274.059118270874,2026-03-06T13:32:06.248068,123.2,0.0,10.8,31.87,26.13,0.0,0.0,214.17,4.39,-0.022,-0.241,STRAIGHT,1.5,1.5,"CMD,-0.2,1.50",4.0,0.0101,2.055,0.021,1,0.9803,0,NORMAL,53.539,-0.447,1,1,1,1,2,102.8,197,12,dijkstra,graph,0.44806,0,,,,,,0,,,,190999,133885,3613
1240,274.2688446044922,2026-03-06T13:32:06.457794,115.92,0.0,9.14,21.04,23.07,0.0,0.0,188.72,4.41,0.124,-0.022,STRAIGHT,1.5,1.5,"CMD,-0.0,1.50",4.0,0.0101,2.055,0.021,1,0.9619,0,NORMAL,54.12,-0.446,1,1,1,1,2,102.8,125,6,dijkstra,graph,0.37721,0,,,,,,0,,,,185058,112923,2409
1241,274.48468804359436,2026-03-06T13:32:06.673638,123.23,0.0,9.86,19.09,20.75,0.0,0.0,194.64,4.41,0.094,0.094,STRAIGHT,1.5,1.5,"CMD,0.1,1.50",4.0,0.0008,3.999,0.006,1,0.9887,0,NORMAL,54.463,-0.377,1,1,1,1,1,403.9,107,5,dijkstra,fallback_skeleton,0.37521,0,,,,,,0,,,,184843,112361,2094
1242,274.7054750919342,2026-03-06T13:32:06.894425,125.07,0.0,11.11,19.22,19.66,0.0,0.0,198.46,4.41,0.11,0.11,STRAIGHT,1.5,1.5,"CMD,0.1,1.50",4.0,0.0034,3.999,0.027,1,0.9839,0,NORMAL,55.004,-0.331,1,1,1,1,2,365.2,98,5,dijkstra,graph,0.37895,0,,,,,,0,,,,185485,113301,2179
1243,274.92578387260437,2026-03-06T13:32:07.114733,121.53,0.0,10.02,21.67,21.73,0.0,0.0,195.48,4.42,0.205,0.11,STRAIGHT,1.5,1.5,"CMD,0.1,1.50",4.0,0.0096,2.1,0.021,1,0.9811,0,NORMAL,56.084,-0.353,1,1,1,1,2,105.0,118,7,dijkstra,graph,0.37789,0,,,,,,0,,,,185281,113002,2383
1244,275.1455934047699,2026-03-06T13:32:07.334543,121.3,0.0,9.52,23.77,20.01,0.0,0.0,195.65,4.43,0.276,0.205,STRAIGHT,1.5,1.5,"CMD,0.2,1.50",4.0,0.0101,2.055,0.021,1,0.9747,0,NORMAL,57.415,-0.399,1,1,1,1,2,102.8,138,7,dijkstra,graph,0.372,0,,,,,,0,,,,184809,111047,2416
1245,275.36501908302307,2026-03-06T13:32:07.553969,119.81,0.0,9.13,22.8,20.18,0.0,1.0,195.03,4.43,0.323,0.276,STRAIGHT,1.5,1.5,"CMD,0.3,1.50",4.0,0.0101,2.055,0.021,1,0.9814,0,NORMAL,57.736,-0.357,1,1,1,1,2,102.8,136,9,dijkstra,graph,0.35764,0,,,,,,0,,,,183333,106889,2431
1246,275.58779525756836,2026-03-06T13:32:07.776745,126.9,0.0,11.17,21.28,20.63,0.0,0.0,199.86,4.43,0.354,0.323,STRAIGHT,1.5,1.5,"CMD,0.3,1.50",4.0,0.0101,2.055,0.021,1,0.9794,0,NORMAL,58.242,-0.254,1,1,1,1,2,102.8,113,5,dijkstra,graph,0.35479,0,,,,,,0,,,,185116,106192,2171
1247,275.81175470352173,2026-03-06T13:32:08.000704,128.18,0.0,9.92,20.05,20.58,0.0,0.0,200.52,4.43,0.375,0.354,STRAIGHT,1.5,1.5,"CMD,0.4,1.50",4.0,0.0101,2.055,0.021,1,0.9678,0,NORMAL,60.983,-0.406,1,1,1,1,2,102.8,115,5,dijkstra,graph,0.36031,0,,,,,,0,,,,183902,107597,2174
1248,276.0275981426239,2026-03-06T13:32:08.216548,120.76,0.0,10.31,21.41,20.61,0.0,0.0,192.49,4.44,0.397,0.375,STRAIGHT,1.5,1.5,"CMD,0.4,1.50",4.0,0.0107,2.009,0.022,1,0.9681,0,NORMAL,62.91,-0.518,1,1,1,1,2,100.5,114,7,dijkstra,graph,0.35744,0,,,,,,0,,,,180921,106982,2206
1249,276.2453610897064,2026-03-06T13:32:08.434311,120.78,0.0,10.11,21.3,20.65,0.0,0.5,193.73,4.45,0.412,0.397,STRAIGHT,1.5,1.5,"CMD,0.4,1.50",4.0,0.0107,2.009,0.022,1,0.9779,0,NORMAL,63.323,-0.565,1,1,1,1,2,100.5,125,6,dijkstra,graph,0.36134,0,,,,,,0,,,,182957,108030,2317
1250,276.4719672203064,2026-03-06T13:32:08.660917,128.38,0.0,10.03,20.05,22.88,0.0,0.0,203.59,4.46,0.422,0.412,STRAIGHT,1.5,1.5,"CMD,0.4,1.50",4.0,0.0107,2.009,0.022,1,0.9848,0,NORMAL,63.594,-0.573,1,1,1,1,2,100.5,112,8,dijkstra,graph,0.36628,0,,,,,,0,,,,183181,109652,2373
1251,276.69753861427307,2026-03-06T13:32:08.886488,130.88,0.0,7.96,21.04,21.7,0.0,0.0,202.4,4.46,0.428,0.422,STRAIGHT,1.5,1.5,"CMD,0.4,1.50",4.0,0.0107,2.009,0.022,1,0.9875,0,NORMAL,64.476,-0.592,1,1,1,1,2,100.5,123,8,dijkstra,graph,0.35926,0,,,,,,0,,,,182538,107468,2316
1252,276.9177041053772,2026-03-06T13:32:09.106654,123.88,0.0,9.91,21.82,20.95,0.0,0.0,197.24,4.46,0.433,0.428,STRAIGHT,1.5,1.5,"CMD,0.4,1.50",4.0,0.0107,2.009,0.022,1,0.979,0,NORMAL,65.308,-0.6,1,1,1,1,2,100.5,125,6,dijkstra,graph,0.36023,0,,,,,,0,,,,184152,107565,2158
1253,277.1349673271179,2026-03-06T13:32:09.323917,123.85,0.0,10.02,20.18,19.64,0.0,0.0,194.51,4.47,0.44,0.433,STRAIGHT,1.5,1.5,"CMD,0.4,1.50",4.0,0.011,1.963,0.021,1,0.9861,0,NORMAL,65.288,-0.589,1,1,1,1,2,98.2,109,5,dijkstra,graph,0.35775,0,,,,,,0,,,,183301,106913,1917
1254,277.3579902648926,2026-03-06T13:32:09.546940,126.18,0.0,9.73,20.84,21.66,0.0,0.0,199.97,4.47,0.445,0.44,STRAIGHT,1.5,1.5,"CMD,0.4,1.50",4.0,0.011,1.963,0.021,1,0.9825,0,NORMAL,65.155,-0.539,1,1,1,1,2,98.2,122,7,dijkstra,graph,0.35595,0,,,,,,0,,,,183055,106306,2149
1255,277.5784032344818,2026-03-06T13:32:09.767353,125.57,0.0,10.85,20.51,19.74,0.0,0.0,197.63,4.48,0.449,0.445,STRAIGHT,1.5,1.5,"CMD,0.4,1.50",4.0,0.011,1.963,0.021,1,0.983,0,NORMAL,65.387,-0.538,1,1,1,1,2,98.2,110,5,dijkstra,graph,0.36357,0,,,,,,0,,,,184392,108636,1955
1256,277.8118472099304,2026-03-06T13:32:10.000797,135.32,0.0,10.43,22.32,20.56,0.0,0.0,210.63,4.48,0.451,0.449,STRAIGHT,1.5,1.5,"CMD,0.4,1.50",4.0,0.011,1.963,0.021,1,0.9849,0,NORMAL,65.591,-0.528,1,1,1,1,2,98.2,124,7,dijkstra,graph,0.36023,0,,,,,,0,,,,183266,107732,2221
1257,278.03248143196106,2026-03-06T13:32:10.221431,125.19,0.0,10.4,18.51,20.75,0.0,0.0,195.66,4.49,0.453,0.451,STRAIGHT,1.5,1.5,"CMD,0.5,1.50",4.0,0.011,1.963,0.021,1,0.9893,0,NORMAL,65.962,-0.51,1,1,1,1,2,98.2,115,6,dijkstra,graph,0.36,0,,,,,,0,,,,184077,107610,2014
1258,278.245343208313,2026-03-06T13:32:10.434293,116.16,0.0,10.47,20.71,20.52,0.0,0.0,189.7,4.51,0.454,0.453,STRAIGHT,1.5,1.5,"CMD,0.5,1.50",4.0,0.011,1.963,0.021,1,0.9874,0,NORMAL,66.351,-0.513,1,1,1,1,2,98.2,108,6,dijkstra,graph,0.36081,0,,,,,,0,,,,184384,108024,2136
1259,278.4749946594238,2026-03-06T13:32:10.663944,125.5,0.0,9.83,27.82,22.19,0.0,0.0,206.6,4.51,0.454,0.454,STRAIGHT,1.5,1.5,"CMD,0.5,1.50",4.0,0.011,1.963,0.021,1,0.9867,0,NORMAL,66.302,-0.475,1,1,1,1,2,98.2,161,7,dijkstra,graph,0.36955,0,,,,,,0,,,,185623,110658,2778
1260,278.7128622531891,2026-03-06T13:32:10.901812,137.87,0.0,9.45,22.36,22.5,0.0,0.0,213.88,4.5,0.45,0.454,STRAIGHT,1.5,1.5,"CMD,0.5,1.50",4.0,0.0107,2.009,0.022,1,0.9853,0,NORMAL,66.279,-0.474,1,1,1,1,2,100.5,126,8,dijkstra,graph,0.37748,0,,,,,,0,,,,187461,113036,2839
1261,278.9399366378784,2026-03-06T13:32:11.128886,123.48,0.0,11.04,23.27,25.25,0.0,0.0,203.76,4.5,0.447,0.45,STRAIGHT,1.5,1.5,"CMD,0.5,1.50",4.0,0.0107,2.009,0.022,1,0.979,0,NORMAL,66.211,-0.469,1,1,1,1,2,100.5,131,9,dijkstra,graph,0.40031,0,,,,,,0,,,,190165,119917,3157
1262,279.17616271972656,2026-03-06T13:32:11.365112,125.97,0.0,10.4,29.47,24.95,0.0,0.0,211.67,4.49,0.445,0.447,STRAIGHT,1.5,1.5,"CMD,0.4,1.50",4.0,0.0107,2.009,0.022,1,0.9792,0,NORMAL,65.828,-0.457,1,1,1,1,2,100.5,186,8,dijkstra,graph,0.39083,0,,,,,,0,,,,189214,117069,3209
1263,279.40199875831604,2026-03-06T13:32:11.590948,125.85,0.0,10.66,24.5,21.23,0.0,0.0,203.0,4.48,0.444,0.445,STRAIGHT,1.5,1.5,"CMD,0.4,1.50",4.0,0.0107,2.009,0.022,1,0.9774,0,NORMAL,65.981,-0.413,1,1,1,1,2,100.5,140,7,dijkstra,graph,0.37021,0,,,,,,0,,,,187553,110833,2414
1264,279.6376967430115,2026-03-06T13:32:11.826646,126.94,0.0,10.02,27.89,25.31,0.0,0.0,211.92,4.46,0.443,0.444,STRAIGHT,1.5,1.5,"CMD,0.4,1.50",4.0,0.0107,2.009,0.022,1,0.9779,0,NORMAL,65.986,-0.412,1,1,1,1,2,100.5,176,10,dijkstra,graph,0.39455,0,,,,,,0,,,,190541,118325,3152
1265,279.85909390449524,2026-03-06T13:32:12.048044,120.21,0.0,9.37,30.06,22.95,0.0,0.0,201.23,4.47,0.443,0.443,STRAIGHT,1.5,1.5,"CMD,0.4,1.50",4.0,0.0107,2.009,0.022,1,0.9867,0,NORMAL,65.996,-0.414,1,1,1,1,2,100.5,177,7,dijkstra,graph,0.38952,0,,,,,,0,,,,190341,116612,2898
1266,280.0888249874115,2026-03-06T13:32:12.277775,120.58,0.0,10.02,29.17,24.58,0.0,1.06,204.63,4.46,0.442,0.443,STRAIGHT,1.5,1.5,"CMD,0.4,1.50",4.0,0.0107,2.009,0.022,1,0.9896,0,NORMAL,66.015,-0.4,1,1,1,1,2,100.5,178,9,dijkstra,graph,0.39638,0,,,,,,0,,,,191268,118701,2997
1267,280.32111644744873,2026-03-06T13:32:12.510066,125.79,0.0,10.02,28.26,24.06,0.0,0.0,208.89,4.46,0.442,0.442,STRAIGHT,1.5,1.5,"CMD,0.4,1.50",4.0,0.0107,2.009,0.022,1,0.985,0,NORMAL,65.667,-0.378,1,1,1,1,2,100.5,175,7,dijkstra,graph,0.38614,0,,,,,,0,,,,191985,115486,2834
1268,280.53874492645264,2026-03-06T13:32:12.727695,120.29,0.0,11.2,23.28,17.63,0.0,0.0,193.8,4.48,0.442,0.442,STRAIGHT,1.5,1.5,"CMD,0.4,1.50",4.0,0.0107,2.009,0.022,1,0.9737,0,NORMAL,64.565,-0.34,1,1,1,1,2,100.5,170,6,dijkstra,graph,0.37207,0,,,,,,0,,,,190051,111518,2566
1269,280.76828384399414,2026-03-06T13:32:12.957234,121.19,0.0,11.16,29.04,23.33,0.0,0.0,205.16,4.46,0.433,0.442,STRAIGHT,1.5,1.5,"CMD,0.4,1.50",4.0,0.0101,2.055,0.021,1,0.9664,0,NORMAL,63.413,-0.234,1,1,1,1,2,102.8,166,9,dijkstra,graph,0.40364,0,,,,,,0,,,,196049,120898,2919
1270,280.9979739189148,2026-03-06T13:32:13.186924,122.94,0.0,9.67,27.41,25.56,0.0,0.0,204.94,4.45,0.428,0.433,STRAIGHT,1.5,1.5,"CMD,0.4,1.50",4.0,0.0101,2.055,0.021,1,0.9796,0,NORMAL,64.063,-0.207,1,1,1,1,2,102.8,193,8,dijkstra,graph,0.40868,0,,,,,,0,,,,197548,122414,3047
1271,281.228967666626,2026-03-06T13:32:13.417917,124.06,0.0,10.09,28.86,25.05,0.0,0.0,209.95,4.45,0.424,0.428,STRAIGHT,1.5,1.5,"CMD,0.4,1.50",4.0,0.0101,2.055,0.021,1,0.9874,0,NORMAL,64.111,-0.207,1,1,1,1,2,102.8,194,8,dijkstra,graph,0.4026,0,,,,,,0,,,,196531,120637,2936
1272,281.4627902507782,2026-03-06T13:32:13.651740,125.11,0.0,10.63,28.64,23.16,0.0,1.0,208.86,4.44,0.422,0.424,STRAIGHT,1.5,1.5,"CMD,0.4,1.50",4.0,0.0101,2.055,0.021,1,0.9828,0,NORMAL,63.578,-0.162,1,1,1,1,2,102.8,174,7,dijkstra,graph,0.39793,0,,,,,,0,,,,196062,119185,2762
1273,281.69674158096313,2026-03-06T13:32:13.885691,131.54,0.0,9.21,27.76,21.31,0.0,0.0,210.92,4.43,0.413,0.422,STRAIGHT,1.5,1.5,"CMD,0.4,1.50",4.0,0.0096,2.1,0.021,1,0.9731,0,NORMAL,64.611,-0.161,1,1,1,1,2,105.0,169,5,dijkstra,graph,0.37764,0,,,,,,0,,,,196083,113077,2176
1274,281.9245388507843,2026-03-06T13:32:14.113488,121.85,0.0,10.54,26.72,24.06,0.0,0.5,204.75,4.42,0.414,0.414,STRAIGHT,1.5,1.5,"CMD,0.4,1.50",4.0,0.0101,2.055,0.021,1,0.9504,0,NORMAL,66.772,-0.314,1,1,1,1,2,102.8,157,8,dijkstra,graph,0.40304,0,,,,,,0,,,,192073,120626,2959
1275,282.1584572792053,2026-03-06T13:32:14.347407,121.75,0.0,10.73,32.18,25.67,0.0,0.0,210.38,4.41,0.415,0.414,STRAIGHT,1.5,1.5,"CMD,0.4,1.50",4.0,0.0101,2.055,0.021,1,0.9437,0,NORMAL,64.425,-0.233,1,1,1,1,2,102.8,194,8,dijkstra,graph,0.42748,0,,,,,,0,,,,201071,127996,3252
1276,282.3915665149689,2026-03-06T13:32:14.580516,123.53,0.0,9.44,26.61,25.47,0.0,0.0,208.47,4.41,0.409,0.414,STRAIGHT,1.5,1.5,"CMD,0.4,1.50",4.0,0.0096,2.1,0.021,1,0.9693,0,NORMAL,63.5,-0.16,1,1,1,1,2,105.0,166,8,dijkstra,graph,0.41502,0,,,,,,0,,,,200377,124393,2957
1277,282.62971329689026,2026-03-06T13:32:14.818663,127.59,0.0,10.52,29.69,24.59,0.0,0.0,213.14,4.39,0.404,0.409,STRAIGHT,1.5,1.5,"CMD,0.4,1.50",4.0,0.0096,2.1,0.021,1,0.9787,0,NORMAL,62.908,-0.135,1,1,1,1,2,105.0,176,7,dijkstra,graph,0.43566,0,,,,,,0,,,,203285,130567,3031
1278,282.86891865730286,2026-03-06T13:32:15.057868,128.75,0.0,10.44,29.98,25.06,0.0,0.0,214.48,4.38,0.401,0.404,STRAIGHT,1.5,1.5,"CMD,0.4,1.50",4.0,0.0096,2.1,0.021,1,0.9859,0,NORMAL,62.927,-0.162,1,1,1,1,2,105.0,174,7,dijkstra,graph,0.4464,0,,,,,,0,,,,204766,133666,3225
1279,283.1013538837433,2026-03-06T13:32:15.290303,121.26,0.0,9.73,28.82,25.72,0.0,0.0,208.22,4.37,0.399,0.401,STRAIGHT,1.5,1.5,"CMD,0.4,1.50",4.0,0.0096,2.1,0.021,1,0.9716,0,NORMAL,63.108,-0.161,1,1,1,1,2,105.0,193,7,dijkstra,graph,0.44374,0,,,,,,0,,,,201627,133003,3169
1280,283.3309190273285,2026-03-06T13:32:15.519869,115.77,0.0,10.1,30.79,25.82,0.0,1.0,204.8,4.37,0.398,0.399,STRAIGHT,1.5,1.5,"CMD,0.4,1.50",4.0,0.0096,2.1,0.021,1,0.9738,0,NORMAL,63.024,-0.221,1,1,1,1,2,105.0,189,7,dijkstra,graph,0.45632,0,,,,,,0,,,,204972,136866,3410
1281,283.56481170654297,2026-03-06T13:32:15.753761,120.57,0.0,10.01,35.11,22.42,0.0,0.0,209.07,4.36,0.397,0.398,STRAIGHT,1.5,1.5,"CMD,0.4,1.50",4.0,0.0096,2.1,0.021,1,0.9806,0,NORMAL,62.392,-0.218,1,1,1,1,2,105.0,170,7,dijkstra,graph,0.44566,0,,,,,,0,,,,203398,133536,3147
1282,283.7906816005707,2026-03-06T13:32:15.979631,121.21,0.0,9.57,27.92,22.85,0.0,0.0,203.02,4.36,0.397,0.397,STRAIGHT,1.5,1.5,"CMD,0.4,1.50",4.0,0.0096,2.1,0.021,1,0.9752,0,NORMAL,62.215,-0.244,1,1,1,1,2,105.0,159,7,dijkstra,graph,0.42413,0,,,,,,0,,,,199763,127207,2860
1283,284.0246319770813,2026-03-06T13:32:16.213582,123.96,0.0,10.02,29.56,24.92,0.0,0.0,209.32,4.35,0.396,0.397,STRAIGHT,1.5,1.5,"CMD,0.4,1.50",4.0,0.0096,2.1,0.021,1,0.9731,0,NORMAL,62.359,-0.263,1,1,1,1,2,105.0,169,8,dijkstra,graph,0.44897,0,,,,,,0,,,,204691,134503,3147
1284,284.2577199935913,2026-03-06T13:32:16.446670,122.76,0.0,11.32,28.63,23.79,0.0,0.0,208.07,4.34,0.396,0.396,STRAIGHT,1.5,1.5,"CMD,0.4,1.50",4.0,0.0096,2.1,0.021,1,0.9804,0,NORMAL,62.25,-0.282,1,1,1,1,2,105.0,166,6,dijkstra,graph,0.45155,0,,,,,,0,,,,205927,135247,2777
1285,284.4871497154236,2026-03-06T13:32:16.676099,119.78,0.0,11.52,29.68,22.07,0.0,0.0,204.0,4.34,0.396,0.396,STRAIGHT,1.5,1.5,"CMD,0.4,1.50",4.0,0.0096,2.1,0.021,1,0.9825,0,NORMAL,62.215,-0.304,1,1,1,1,2,105.0,177,9,dijkstra,graph,0.47289,0,,,,,,0,,,,208419,141684,3374
1286,284.7230587005615,2026-03-06T13:32:16.912008,119.97,0.0,11.03,29.69,26.31,0.0,1.0,210.94,4.33,0.392,0.396,STRAIGHT,1.5,1.5,"CMD,0.4,1.50",4.0,0.0093,2.146,0.021,1,0.9897,0,NORMAL,62.033,-0.31,1,1,1,1,2,107.3,180,8,dijkstra,graph,0.47742,0,,,,,,0,,,,209050,143123,3338
1287,284.95720958709717,2026-03-06T13:32:17.146159,120.93,0.0,10.45,29.67,26.88,0.0,0.0,209.2,4.32,0.389,0.392,STRAIGHT,1.5,1.5,"CMD,0.4,1.50",4.0,0.0093,2.146,0.021,1,0.9829,0,NORMAL,61.781,-0.309,1,1,1,1,2,107.3,179,10,dijkstra,graph,0.47663,0,,,,,,0,,,,210212,142916,3293
1288,285.1854455471039,2026-03-06T13:32:17.374395,116.13,0.0,9.02,30.57,27.13,0.0,0.0,203.42,4.32,0.388,0.389,STRAIGHT,1.5,1.5,"CMD,0.4,1.50",4.0,0.0093,2.146,0.021,1,0.9801,0,NORMAL,61.074,-0.294,1,1,1,1,2,107.3,189,10,dijkstra,graph,0.47494,0,,,,,,0,,,,209989,142414,3300
1289,285.426237821579,2026-03-06T13:32:17.615187,123.16,0.0,9.01,34.1,28.78,0.0,0.0,216.48,4.32,0.386,0.388,STRAIGHT,1.5,1.5,"CMD,0.4,1.50",4.0,0.0093,2.146,0.021,1,0.9665,0,NORMAL,60.745,-0.283,1,1,1,1,2,107.3,200,14,dijkstra,graph,0.51952,0,,,,,,0,,,,216653,155624,4115
1290,285.6878538131714,2026-03-06T13:32:17.876803,139.12,0.0,10.85,33.03,29.15,0.0,0.0,234.59,4.3,0.386,0.386,STRAIGHT,1.5,1.5,"CMD,0.4,1.50",4.0,0.0093,2.146,0.021,1,0.9797,0,NORMAL,60.325,-0.249,1,1,1,1,2,107.3,191,12,dijkstra,graph,0.51124,0,,,,,,0,,,,214967,153162,3910
1291,285.931179523468,2026-03-06T13:32:18.120129,120.63,0.0,10.85,33.88,29.55,0.0,1.0,216.77,4.29,0.379,0.386,STRAIGHT,1.5,1.5,"CMD,0.4,1.50",4.0,0.0089,2.192,0.021,1,0.9838,0,NORMAL,59.743,-0.212,1,1,1,1,2,109.6,192,13,dijkstra,graph,0.51936,0,,,,,,0,,,,216841,155604,4255
1292,286.16886949539185,2026-03-06T13:32:18.357819,121.23,0.0,10.15,33.61,28.03,0.0,0.0,213.71,4.29,0.374,0.379,STRAIGHT,1.5,1.5,"CMD,0.4,1.50",4.0,0.0089,2.192,0.021,1,0.9846,0,NORMAL,60.055,-0.23,1,1,1,1,2,109.6,192,12,dijkstra,graph,0.51496,0,,,,,,0,,,,215994,154234,3843
1293,286.4069058895111,2026-03-06T13:32:18.595855,118.69,0.0,10.0,32.91,29.99,0.0,0.0,210.97,4.28,0.371,0.374,STRAIGHT,1.5,1.5,"CMD,0.4,1.50",4.0,0.0089,2.192,0.021,1,0.9841,0,NORMAL,60.274,-0.256,1,1,1,1,2,109.6,191,15,dijkstra,graph,0.52207,0,,,,,,0,,,,216242,156419,3983
1294,286.666216135025,2026-03-06T13:32:18.855166,135.45,0.0,7.97,37.02,29.88,0.0,0.0,233.5,4.26,0.369,0.371,STRAIGHT,1.5,1.5,"CMD,0.4,1.50",4.0,0.0089,2.192,0.021,1,0.9852,0,NORMAL,60.948,-0.312,1,1,1,1,2,109.6,231,15,dijkstra,graph,0.52043,0,,,,,,0,,,,215904,155841,4150
1295,286.9081799983978,2026-03-06T13:32:19.097130,122.2,0.0,10.24,37.39,26.65,0.0,1.19,218.92,4.25,0.368,0.369,STRAIGHT,1.5,1.5,"CMD,0.4,1.50",4.0,0.0089,2.192,0.021,1,0.9885,0,NORMAL,61.226,-0.372,1,1,1,1,2,109.6,227,13,dijkstra,graph,0.5188,0,,,,,,0,,,,216288,155358,4359
1296,287.1507339477539,2026-03-06T13:32:19.339684,123.68,0.0,10.36,34.09,28.57,0.0,0.0,216.09,4.25,0.367,0.368,STRAIGHT,1.5,1.5,"CMD,0.4,1.50",4.0,0.0089,2.192,0.021,1,0.9847,0,NORMAL,61.198,-0.364,1,1,1,1,2,109.6,198,13,dijkstra,graph,0.50696,0,,,,,,0,,,,215077,151816,3792
1297,287.3867518901825,2026-03-06T13:32:19.575702,119.15,0.0,10.27,32.26,28.81,0.0,0.0,211.19,4.23,0.363,0.367,STRAIGHT,1.5,1.5,"CMD,0.4,1.50",4.0,0.0086,2.237,0.022,1,0.9856,0,NORMAL,61.431,-0.385,1,1,1,1,2,111.9,194,12,dijkstra,graph,0.4976,0,,,,,,0,,,,213510,149080,3745
1298,287.62717962265015,2026-03-06T13:32:19.816129,125.61,0.0,10.09,32.46,27.85,0.0,0.0,215.83,4.23,0.364,0.364,STRAIGHT,1.5,1.5,"CMD,0.4,1.50",4.0,0.0089,2.192,0.021,1,0.9827,0,NORMAL,61.453,-0.428,1,1,1,1,2,109.6,195,9,dijkstra,graph,0.50895,0,,,,,,0,,,,214807,152541,3192
1299,287.86311626434326,2026-03-06T13:32:20.052066,121.09,0.0,10.02,30.58,26.98,0.0,0.0,209.22,4.22,0.364,0.364,STRAIGHT,1.5,1.5,"CMD,0.4,1.50",4.0,0.0089,2.192,0.021,1,0.98,0,NORMAL,62.334,-0.498,1,1,1,1,2,109.6,176,10,dijkstra,graph,0.50845,0,,,,,,0,,,,214824,152189,3438
1300,288.09670758247375,2026-03-06T13:32:20.285657,117.83,0.0,10.26,32.33,27.58,0.0,0.0,209.5,4.22,0.362,0.364,STRAIGHT,1.5,1.5,"CMD,0.4,1.50",4.0,0.0086,2.237,0.022,1,0.9835,0,NORMAL,61.346,-0.39,1,1,1,1,2,111.9,188,10,dijkstra,graph,0.51072,0,,,,,,0,,,,216046,152931,3706
1301,288.32680797576904,2026-03-06T13:32:20.515758,120.7,0.0,11.1,27.09,22.8,0.0,0.0,202.73,4.23,0.363,0.363,STRAIGHT,1.5,1.5,"CMD,0.4,1.50",4.0,0.0089,2.192,0.021,1,0.968,0,NORMAL,62.076,-0.659,1,1,1,1,2,109.6,173,10,dijkstra,graph,0.50062,0,,,,,,0,,,,215713,150238,3102
1302,288.563241481781,2026-03-06T13:32:20.752191,122.64,0.0,11.02,31.0,27.26,0.0,0.0,211.96,4.22,0.364,0.363,STRAIGHT,1.5,1.5,"CMD,0.4,1.50",4.0,0.0089,2.192,0.021,1,0.9645,0,NORMAL,63.432,-0.973,1,1,1,1,2,109.6,185,11,dijkstra,graph,0.48364,0,,,,,,0,,,,213270,144946,3164
1303,288.8038284778595,2026-03-06T13:32:20.992778,124.72,0.0,11.63,30.68,27.16,0.0,0.0,214.79,4.22,0.364,0.364,STRAIGHT,1.5,1.5,"CMD,0.4,1.50",4.0,0.0089,2.192,0.021,1,0.9851,0,NORMAL,63.421,-0.996,1,1,1,1,2,109.6,191,10,dijkstra,graph,0.48448,0,,,,,,0,,,,212217,145122,3322
1304,289.0438988208771,2026-03-06T13:32:21.232848,125.8,0.0,10.52,33.39,23.46,0.0,0.0,213.84,4.21,0.364,0.364,STRAIGHT,1.5,1.5,"CMD,0.4,1.50",4.0,0.0089,2.192,0.021,1,0.9866,0,NORMAL,63.69,-1.07,1,1,1,1,2,109.6,194,10,dijkstra,graph,0.4801,0,,,,,,0,,,,211513,143863,3138
1305,289.2720844745636,2026-03-06T13:32:21.461034,117.11,0.0,10.8,32.75,27.08,0.0,0.0,207.6,4.21,0.365,0.364,STRAIGHT,1.5,1.5,"CMD,0.4,1.50",4.0,0.0089,2.192,0.021,1,0.9853,0,NORMAL,63.435,-1.066,1,1,1,1,2,109.6,187,10,dijkstra,graph,0.48994,0,,,,,,0,,,,212826,146808,3575
1306,289.49190068244934,2026-03-06T13:32:21.680850,117.12,0.0,11.08,26.65,20.19,0.0,0.0,194.39,4.23,0.362,0.364,STRAIGHT,1.5,1.5,"CMD,0.4,1.50",4.0,0.0086,2.237,0.022,1,0.9742,0,NORMAL,63.955,-1.073,1,1,1,1,2,111.9,173,8,dijkstra,graph,0.46882,0,,,,,,0,,,,211597,140492,2830
1307,289.7360849380493,2026-03-06T13:32:21.925035,133.19,0.0,9.4,29.9,25.85,0.0,0.0,222.2,4.22,0.363,0.363,STRAIGHT,1.5,1.5,"CMD,0.4,1.50",4.0,0.0089,2.192,0.021,1,0.9654,0,NORMAL,65.291,-1.304,1,1,1,1,2,109.6,175,8,dijkstra,graph,0.48,0,,,,,,0,,,,208589,143817,2688
1308,289.971070766449,2026-03-06T13:32:22.160020,127.08,0.0,10.14,28.29,22.36,0.0,0.0,208.9,4.22,0.364,0.363,STRAIGHT,1.5,1.5,"CMD,0.4,1.50",4.0,0.0089,2.192,0.021,1,0.9458,0,NORMAL,66.489,-1.643,1,1,1,1,2,109.6,162,7,dijkstra,graph,0.41988,0,,,,,,0,,,,198705,125753,2515
1309,290.2132143974304,2026-03-06T13:32:22.402164,127.49,0.0,11.48,31.57,25.4,0.0,0.0,218.16,4.21,0.364,0.364,STRAIGHT,1.5,1.5,"CMD,0.4,1.50",4.0,0.0089,2.192,0.021,1,0.9594,0,NORMAL,61.726,-1.829,1,1,1,1,2,109.6,191,10,dijkstra,graph,0.4611,0,,,,,,0,,,,204686,138216,2959
1310,290.4463703632355,2026-03-06T13:32:22.635320,120.14,0.0,10.39,31.79,24.45,0.0,1.0,208.36,4.21,0.365,0.364,STRAIGHT,1.5,1.5,"CMD,0.4,1.50",4.0,0.0089,2.192,0.021,1,0.9765,0,NORMAL,55.637,-1.904,1,1,1,1,2,109.6,189,9,dijkstra,graph,0.46643,0,,,,,,0,,,,205074,139810,3145
1311,290.6993582248688,2026-03-06T13:32:22.888308,139.12,0.0,9.13,32.73,24.76,0.0,0.0,228.11,4.2,0.365,0.365,STRAIGHT,1.5,1.5,"CMD,0.4,1.50",4.0,0.0089,2.192,0.021,1,0.9739,0,NORMAL,52.81,-1.865,1,1,1,1,2,109.6,183,10,dijkstra,graph,0.46647,0,,,,,,0,,,,203668,139842,3093
1312,290.9468882083893,2026-03-06T13:32:23.135838,128.42,0.0,10.53,34.22,25.46,0.0,0.0,220.1,4.19,0.365,0.365,STRAIGHT,1.5,1.5,"CMD,0.4,1.50",4.0,0.0089,2.192,0.021,1,0.9775,0,NORMAL,44.037,-1.713,1,1,1,1,2,109.6,182,11,dijkstra,graph,0.47585,0,,,,,,0,,,,205747,142375,3423
1313,291.18207478523254,2026-03-06T13:32:23.371024,120.35,0.0,10.2,31.09,25.92,0.0,0.0,210.84,4.19,0.365,0.365,STRAIGHT,1.5,1.5,"CMD,0.4,1.50",4.0,0.0089,2.192,0.021,1,0.9593,0,NORMAL,42.943,-1.75,1,1,1,1,2,109.6,186,8,dijkstra,graph,0.46903,0,,,,,,0,,,,206205,140564,2895
1314,291.42057037353516,2026-03-06T13:32:23.609520,125.6,0.0,11.27,31.27,25.19,0.0,0.0,212.78,4.18,0.365,0.365,STRAIGHT,1.5,1.5,"CMD,0.4,1.50",4.0,0.0089,2.192,0.021,1,0.9706,0,NORMAL,44.201,-1.764,1,1,1,1,2,109.6,193,8,dijkstra,graph,0.46853,0,,,,,,0,,,,206111,140486,3220
1315,291.6653904914856,2026-03-06T13:32:23.854340,135.19,0.0,10.03,30.81,21.56,0.0,0.0,219.41,4.18,0.365,0.365,STRAIGHT,1.5,1.5,"CMD,0.4,1.50",4.0,0.0089,2.192,0.021,1,0.9455,0,NORMAL,50.223,-1.718,1,1,1,1,2,109.6,172,8,dijkstra,graph,0.44209,0,,,,,,0,,,,201860,132385,2936
1316,291.89647102355957,2026-03-06T13:32:24.085421,123.73,0.0,10.28,30.0,23.47,0.0,0.0,207.68,4.18,0.365,0.365,STRAIGHT,1.5,1.5,"CMD,0.4,1.50",4.0,0.0089,2.192,0.021,1,0.9444,0,NORMAL,51.445,-1.592,1,1,1,1,2,109.6,180,9,dijkstra,graph,0.46182,0,,,,,,0,,,,197763,138441,3193
1317,292.1189224720001,2026-03-06T13:32:24.307872,122.73,0.0,9.94,25.51,19.28,0.0,0.0,197.45,4.18,0.362,0.365,STRAIGHT,1.5,1.5,"CMD,0.4,1.50",4.0,0.0086,2.237,0.022,1,0.9166,0,NORMAL,52.638,-1.687,1,1,1,1,2,111.9,156,3,dijkstra,graph,0.37814,0,,,,,,0,,,,190664,113222,1911
1318,292.33903527259827,2026-03-06T13:32:24.527985,117.14,0.0,11.77,28.23,22.15,0.0,0.0,198.85,4.19,0.355,0.362,STRAIGHT,1.5,1.5,"CMD,0.4,1.50",4.0,0.0082,2.283,0.021,1,0.9374,0,NORMAL,50.583,-1.604,1,1,1,1,2,114.2,173,8,dijkstra,graph,0.43269,0,,,,,,0,,,,195996,129696,2618
1319,292.5727627277374,2026-03-06T13:32:24.761712,118.96,0.0,11.13,32.0,25.14,0.0,0.0,209.65,4.21,0.347,0.355,STRAIGHT,1.5,1.5,"CMD,0.4,1.50",4.0,0.008,2.329,0.022,1,0.9492,0,NORMAL,50.811,-1.549,1,1,1,1,2,116.5,183,8,dijkstra,graph,0.47529,0,,,,,,0,,,,203399,142516,3052
1320,292.80056500434875,2026-03-06T13:32:24.989515,118.82,0.0,9.48,29.4,24.72,0.0,0.0,203.13,4.22,0.344,0.347,STRAIGHT,1.5,1.5,"CMD,0.3,1.50",4.0,0.0082,2.283,0.021,1,0.9188,0,NORMAL,52.694,-1.58,1,1,1,1,2,114.2,166,9,dijkstra,graph,0.43576,0,,,,,,0,,,,195054,130404,3127
1321,293.02755522727966,2026-03-06T13:32:25.216505,120.97,0.0,9.97,27.51,21.57,0.0,0.0,200.97,4.23,0.351,0.347,STRAIGHT,1.5,1.5,"CMD,0.3,1.50",4.0,0.0089,2.192,0.021,1,0.9005,0,NORMAL,55.604,-1.622,1,1,1,1,2,109.6,156,6,dijkstra,graph,0.45037,0,,,,,,0,,,,199882,134936,2674
1322,293.25872802734375,2026-03-06T13:32:25.447678,122.95,0.0,9.16,29.0,24.72,0.0,0.0,207.32,4.23,0.356,0.351,STRAIGHT,1.5,1.5,"CMD,0.4,1.50",4.0,0.0089,2.192,0.021,1,0.9232,0,NORMAL,53.947,-1.557,1,1,1,1,2,109.6,169,11,dijkstra,graph,0.48804,0,,,,,,0,,,,205878,146408,3438
1323,293.48030614852905,2026-03-06T13:32:25.669256,118.76,0.0,11.02,26.73,22.61,0.0,0.0,198.93,4.26,0.359,0.356,STRAIGHT,1.5,1.5,"CMD,0.4,1.50",4.0,0.0089,2.192,0.021,1,0.9589,0,NORMAL,53.896,-1.477,1,1,1,1,2,109.6,150,5,dijkstra,graph,0.45178,0,,,,,,0,,,,200183,135356,2451
1324,293.72025537490845,2026-03-06T13:32:25.909205,125.79,0.0,10.12,29.14,26.33,0.0,0.0,214.72,4.26,0.361,0.359,STRAIGHT,1.5,1.5,"CMD,0.4,1.50",4.0,0.0089,2.192,0.021,1,0.945,0,NORMAL,52.988,-1.365,1,1,1,1,2,109.6,154,10,dijkstra,graph,0.47897,0,,,,,,0,,,,207339,143462,3412
1325,293.95585918426514,2026-03-06T13:32:26.144809,122.05,0.0,9.77,28.99,27.97,0.0,0.0,210.84,4.26,0.362,0.361,STRAIGHT,1.5,1.5,"CMD,0.4,1.50",4.0,0.0089,2.192,0.021,1,0.9568,0,NORMAL,53.418,-1.288,1,1,1,1,2,109.6,157,10,dijkstra,graph,0.498,0,,,,,,0,,,,210580,149316,3818
1326,294.1789712905884,2026-03-06T13:32:26.367921,120.03,0.0,9.71,24.39,21.25,0.0,1.0,197.78,4.27,0.37,0.362,STRAIGHT,1.5,1.5,"CMD,0.4,1.50",4.0,0.0093,2.146,0.021,1,0.9296,0,NORMAL,52.801,-1.191,1,1,1,1,2,107.3,160,8,dijkstra,graph,0.44868,0,,,,,,0,,,,203760,134421,2743
1327,294.41070079803467,2026-03-06T13:32:26.599650,121.37,0.0,8.95,27.8,28.06,0.0,0.0,207.53,4.28,0.375,0.37,STRAIGHT,1.5,1.5,"CMD,0.4,1.50",4.0,0.0093,2.146,0.021,1,0.9203,0,NORMAL,52.766,-1.145,1,1,1,1,2,107.3,151,11,dijkstra,graph,0.52262,0,,,,,,0,,,,218725,156507,3816
1328,294.65569615364075,2026-03-06T13:32:26.844646,131.48,0.0,11.35,27.67,26.59,0.0,0.0,218.33,4.27,0.378,0.375,STRAIGHT,1.5,1.5,"CMD,0.4,1.50",4.0,0.0093,2.146,0.021,1,0.9678,0,NORMAL,52.241,-1.069,1,1,1,1,2,107.3,151,13,dijkstra,graph,0.54002,0,,,,,,0,,,,221170,161754,3722
1329,294.8943421840668,2026-03-06T13:32:27.083292,118.39,0.0,11.02,32.48,31.21,0.0,0.0,213.6,4.27,0.384,0.378,STRAIGHT,1.5,1.5,"CMD,0.4,1.50",4.0,0.0096,2.1,0.021,1,0.9412,0,NORMAL,51.619,-0.977,1,1,1,1,2,105.0,180,17,dijkstra,graph,0.59281,0,,,,,,0,,,,233582,177624,4556
1330,295.1275532245636,2026-03-06T13:32:27.316503,117.51,0.0,11.09,30.09,24.52,0.0,0.0,204.58,4.26,0.388,0.384,STRAIGHT,1.5,1.5,"CMD,0.4,1.50",4.0,0.0096,2.1,0.021,1,0.9473,0,NORMAL,51.756,-0.946,1,1,1,1,2,105.0,159,15,dijkstra,graph,0.59723,0,,,,,,0,,,,241072,178782,4624
1331,295.3529715538025,2026-03-06T13:32:27.541921,116.41,0.0,12.98,23.55,25.28,0.0,0.0,199.06,4.27,0.386,0.386,STRAIGHT,1.5,1.5,"CMD,0.4,1.50",4.0,0.0093,2.146,0.021,1,0.8261,0,NORMAL,51.253,-0.925,1,1,1,1,2,107.3,126,10,dijkstra,graph,0.51671,0,,,,,,0,,,,209870,154980,3039
1332,295.5787100791931,2026-03-06T13:32:27.767660,119.81,0.0,11.03,24.01,23.55,0.0,0.0,199.27,4.28,0.389,0.388,STRAIGHT,1.5,1.5,"CMD,0.4,1.50",4.0,0.0096,2.1,0.021,1,0.8364,0,NORMAL,49.26,-0.809,1,1,1,1,2,105.0,126,10,dijkstra,graph,0.5237,0,,,,,,0,,,,224174,157006,3028
1333,295.81072640419006,2026-03-06T13:32:27.999676,121.41,0.0,10.64,27.97,28.21,0.0,0.0,206.9,4.28,0.391,0.389,STRAIGHT,1.5,1.5,"CMD,0.4,1.50",4.0,0.0096,2.1,0.021,1,0.9218,0,NORMAL,48.662,-0.708,1,1,1,1,2,105.0,155,13,dijkstra,graph,0.59812,0,,,,,,0,,,,241559,179273,4022
1334,296.0466458797455,2026-03-06T13:32:28.235596,121.19,0.0,10.26,28.35,28.91,0.0,0.0,208.86,4.28,0.393,0.391,STRAIGHT,1.5,1.5,"CMD,0.4,1.50",4.0,0.0096,2.1,0.021,1,0.877,0,NORMAL,49.347,-0.699,1,1,1,1,2,105.0,146,15,dijkstra,graph,0.58572,0,,,,,,0,,,,250235,175596,4142
1335,296.28513407707214,2026-03-06T13:32:28.474084,121.74,0.0,11.38,28.34,29.12,0.0,0.0,210.89,4.27,0.394,0.393,STRAIGHT,1.5,1.5,"CMD,0.4,1.50",4.0,0.0096,2.1,0.021,1,0.9247,0,NORMAL,49.59,-0.741,1,1,1,1,2,105.0,154,17,dijkstra,graph,0.59002,0,,,,,,0,,,,242465,176947,3936
1336,296.52419447898865,2026-03-06T13:32:28.713144,119.71,0.0,12.03,26.88,31.12,0.0,1.55,211.54,4.27,0.394,0.394,STRAIGHT,1.5,1.5,"CMD,0.4,1.50",4.0,0.0096,2.1,0.021,1,0.8925,0,NORMAL,48.405,-0.63,1,1,1,1,2,105.0,160,20,dijkstra,graph,0.64246,0,,,,,,0,,,,270502,192608,5053
1337,296.7549612522125,2026-03-06T13:32:28.943911,114.21,0.0,11.02,23.06,33.77,0.0,0.0,203.44,4.27,0.395,0.394,STRAIGHT,1.5,1.5,"CMD,0.4,1.50",4.0,0.0096,2.1,0.021,1,0.8913,0,NORMAL,48.516,-0.504,1,1,1,1,2,105.0,105,20,dijkstra,graph,0.69095,0,,,,,,0,,,,299992,206947,4903
1338,296.9854176044464,2026-03-06T13:32:29.174367,121.13,0.0,11.04,21.13,26.31,0.0,0.0,200.32,4.28,0.395,0.395,STRAIGHT,1.5,1.5,"CMD,0.4,1.50",4.0,0.0096,2.1,0.021,1,0.9232,0,NORMAL,49.476,-0.406,1,1,1,1,2,105.0,89,17,dijkstra,graph,0.65839,0,,,,,,0,,,,302230,197334,4243
1339,297.2123715877533,2026-03-06T13:32:29.401321,120.8,0.0,11.02,21.53,29.82,0.0,0.0,204.26,4.29,0.395,0.395,STRAIGHT,1.5,1.5,"CMD,0.4,1.50",4.0,0.0096,2.1,0.021,1,0.8862,0,NORMAL,49.455,-0.258,1,1,1,1,2,105.0,86,17,dijkstra,graph,0.65178,0,,,,,,0,,,,277937,195265,4168
1340,297.44998383522034,2026-03-06T13:32:29.638934,123.38,0.0,9.17,22.82,32.21,0.0,0.0,209.83,4.3,0.395,0.395,STRAIGHT,1.5,1.5,"CMD,0.4,1.50",4.0,0.0096,2.1,0.021,1,0.9075,0,NORMAL,49.671,-0.131,1,1,1,1,2,105.0,105,20,dijkstra,graph,0.67155,0,,,,,,0,,,,301041,201225,4762
1341,297.70163345336914,2026-03-06T13:32:29.890583,137.33,0.0,11.45,19.9,31.32,0.0,0.0,222.86,4.29,0.395,0.395,STRAIGHT,1.5,1.5,"CMD,0.4,1.50",4.0,0.0096,2.1,0.021,1,0.9336,0,NORMAL,49.945,-0.062,1,1,1,1,2,105.0,96,17,dijkstra,graph,0.66775,0,,,,,,0,,,,305154,200033,4455
1342,297.9441182613373,2026-03-06T13:32:30.133068,123.61,0.0,11.04,24.02,32.74,0.0,0.0,213.95,4.29,0.395,0.395,STRAIGHT,1.5,1.5,"CMD,0.4,1.50",4.0,0.0096,2.1,0.021,1,0.8913,0,NORMAL,49.887,0.031,1,1,1,1,2,105.0,102,20,dijkstra,graph,0.74731,0,,,,,,0,,,,336419,223699,5643
1343,298.18956184387207,2026-03-06T13:32:30.378511,123.21,0.0,12.23,24.88,35.68,0.0,0.0,215.62,4.28,0.395,0.395,STRAIGHT,1.5,1.5,"CMD,0.4,1.50",4.0,0.0096,2.1,0.021,1,0.9432,0,NORMAL,49.036,0.115,1,1,1,1,2,105.0,105,19,dijkstra,graph,0.75686,0,,,,,,0,,,,339875,226671,5507
1344,298.4357626438141,2026-03-06T13:32:30.624712,122.48,0.0,13.27,21.68,37.03,0.0,0.0,216.41,4.28,0.392,0.395,STRAIGHT,1.5,1.5,"CMD,0.4,1.50",4.0,0.0093,2.146,0.021,1,0.9104,0,NORMAL,48.292,0.364,1,1,1,1,2,107.3,100,20,dijkstra,graph,0.78981,0,,,,,,0,,,,370106,236512,5771
1345,298.7066156864166,2026-03-06T13:32:30.895565,139.69,0.0,12.05,27.11,37.5,0.0,0.0,239.47,4.26,0.389,0.392,STRAIGHT,1.5,1.5,"CMD,0.4,1.50",4.0,0.0093,2.146,0.021,1,0.9301,0,NORMAL,47.941,0.904,1,1,1,1,2,107.3,113,19,dijkstra,graph,0.8238,0,,,,,,0,,,,385966,246625,6220
1346,298.95484828948975,2026-03-06T13:32:31.143798,119.59,0.0,10.29,27.67,37.7,0.0,0.0,217.27,4.24,0.381,0.389,STRAIGHT,1.5,1.5,"CMD,0.4,1.50",4.0,0.0089,2.192,0.021,1,0.9491,0,NORMAL,48.333,1.356,1,1,1,1,2,109.6,100,16,dijkstra,graph,0.84839,0,,,,,,0,,,,399759,253573,6610
1347,299.23465299606323,2026-03-06T13:32:31.423603,145.0,0.0,5.76,35.03,36.19,0.0,0.0,249.24,4.21,0.376,0.381,STRAIGHT,1.5,1.5,"CMD,0.4,1.50",4.0,0.0089,2.192,0.021,1,0.9124,0,NORMAL,48.135,1.592,1,1,1,1,2,109.6,162,17,dijkstra,graph,0.77926,0,,,,,,0,,,,389658,233278,6066
1348,299.48665976524353,2026-03-06T13:32:31.675609,121.16,0.0,12.54,28.34,37.13,0.0,0.66,221.4,4.19,0.372,0.376,STRAIGHT,1.5,1.5,"CMD,0.4,1.50",4.0,0.0089,2.192,0.021,1,0.9093,0,NORMAL,49.235,1.77,1,1,1,1,2,109.6,114,16,dijkstra,graph,0.84988,0,,,,,,0,,,,418801,254056,6687
1349,299.7567949295044,2026-03-06T13:32:31.945745,120.52,0.0,11.48,45.99,36.35,0.0,0.0,237.39,4.17,0.37,0.372,STRAIGHT,1.5,1.5,"CMD,0.4,1.50",4.0,0.0089,2.192,0.021,1,0.9455,0,NORMAL,50.69,1.892,1,1,1,1,2,109.6,202,14,dijkstra,graph,0.85944,0,,,,,,0,,,,432365,256892,6469
1350,300.0250074863434,2026-03-06T13:32:32.213957,120.9,0.0,12.68,43.31,37.84,0.0,0.0,236.17,4.14,0.365,0.37,STRAIGHT,1.5,1.5,"CMD,0.4,1.50",4.0,0.0086,2.237,0.022,1,0.9653,0,NORMAL,50.286,2.125,1,1,1,1,2,111.9,198,14,dijkstra,graph,0.85384,0,,,,,,0,,,,425185,255238,6657
1351,300.29250049591064,2026-03-06T13:32:32.481450,128.43,0.0,11.78,43.72,29.67,0.0,0.0,235.43,4.12,0.357,0.365,STRAIGHT,1.5,1.5,"CMD,0.4,1.50",4.0,0.0082,2.283,0.021,1,0.95,0,NORMAL,50.0,2.524,1,1,1,1,2,114.2,201,15,dijkstra,graph,0.85816,0,,,,,,0,,,,435672,256514,6316
1352,300.55593729019165,2026-03-06T13:32:32.744887,121.84,0.0,12.66,43.47,34.88,0.0,0.0,232.12,4.1,0.351,0.357,STRAIGHT,1.5,1.5,"CMD,0.4,1.50",4.0,0.0082,2.283,0.021,1,0.9724,0,NORMAL,50.053,2.571,1,1,1,1,2,114.2,198,13,dijkstra,graph,0.85335,0,,,,,,0,,,,432910,254992,6262
1353,300.8298087120056,2026-03-06T13:32:33.018758,130.01,0.0,13.15,42.84,34.67,0.0,0.0,241.05,4.08,0.347,0.351,STRAIGHT,1.5,1.5,"CMD,0.4,1.50",4.0,0.0082,2.283,0.021,1,0.9661,0,NORMAL,50.15,2.597,1,1,1,1,2,114.2,184,13,dijkstra,graph,0.84934,0,,,,,,0,,,,421783,253756,6269
1354,301.09388971328735,2026-03-06T13:32:33.282839,122.5,0.0,11.65,40.69,37.6,0.0,0.0,232.99,4.06,0.344,0.347,STRAIGHT,1.5,1.5,"CMD,0.3,1.50",4.0,0.0082,2.283,0.021,1,0.9611,0,NORMAL,50.163,2.565,1,1,1,1,2,114.2,185,12,dijkstra,graph,0.85444,0,,,,,,0,,,,421177,255204,6358
1355,301.35929441452026,2026-03-06T13:32:33.548244,120.64,0.0,10.35,42.49,36.68,0.0,1.0,233.58,4.04,0.34,0.344,STRAIGHT,1.5,1.5,"CMD,0.3,1.50",4.0,0.008,2.329,0.022,1,0.9637,0,NORMAL,50.233,2.545,1,1,1,1,2,116.5,202,14,dijkstra,graph,0.85583,0,,,,,,0,,,,411757,255716,6389
1356,301.62999081611633,2026-03-06T13:32:33.818941,124.29,0.0,11.61,45.44,35.86,0.0,1.0,239.6,4.02,0.337,0.34,STRAIGHT,1.5,1.5,"CMD,0.3,1.50",4.0,0.008,2.329,0.022,1,0.9638,0,NORMAL,50.219,2.459,1,1,1,1,2,116.5,204,11,dijkstra,graph,0.85376,0,,,,,,0,,,,410097,255188,6452
1357,301.89246892929077,2026-03-06T13:32:34.081419,121.83,0.0,13.3,41.13,34.2,0.0,0.0,230.36,4.01,0.335,0.337,STRAIGHT,1.5,1.5,"CMD,0.3,1.50",4.0,0.008,2.329,0.022,1,0.9661,0,NORMAL,50.109,2.336,1,1,1,1,2,116.5,182,13,dijkstra,graph,0.85095,0,,,,,,0,,,,403388,254266,6322
1358,302.1544179916382,2026-03-06T13:32:34.343368,122.94,0.0,11.92,39.72,34.5,0.0,0.0,230.85,3.99,0.329,0.335,STRAIGHT,1.5,1.5,"CMD,0.3,1.50",4.0,0.0077,2.374,0.022,1,0.9617,0,NORMAL,50.038,2.245,1,1,1,1,2,118.7,170,12,dijkstra,graph,0.85603,0,,,,,,0,,,,400295,255803,6182
1359,302.43907022476196,2026-03-06T13:32:34.628020,141.37,0.0,14.25,43.94,34.83,0.0,0.0,254.28,3.97,0.325,0.329,STRAIGHT,1.5,1.5,"CMD,0.3,1.50",4.0,0.0077,2.374,0.022,1,0.9533,0,NORMAL,50.003,2.142,1,1,1,1,2,118.7,156,12,dijkstra,graph,0.86198,0,,,,,,0,,,,399292,257615,6112
1360,302.7148530483246,2026-03-06T13:32:34.903803,132.5,0.0,11.54,39.87,36.35,0.0,0.52,240.87,3.94,0.319,0.325,STRAIGHT,1.5,1.5,"CMD,0.3,1.50",4.0,0.0075,2.42,0.022,1,0.9577,0,NORMAL,50.121,2.038,1,1,1,1,2,121.0,161,10,dijkstra,graph,0.86376,0,,,,,,0,,,,390196,258099,6274
1361,302.9707238674164,2026-03-06T13:32:35.159673,120.34,0.0,11.56,36.93,35.13,0.0,0.0,224.93,3.92,0.309,0.319,STRAIGHT,1.5,1.5,"CMD,0.3,1.50",4.0,0.007,2.511,0.022,1,0.9368,0,NORMAL,50.097,1.932,1,1,1,1,2,125.6,139,12,dijkstra,graph,0.86409,0,,,,,,0,,,,379023,258220,6149
1362,303.2256062030792,2026-03-06T13:32:35.414556,123.05,0.0,10.83,33.64,34.17,0.0,0.0,223.83,3.91,0.299,0.309,STRAIGHT,1.5,1.5,"CMD,0.3,1.50",4.0,0.0067,2.557,0.022,1,0.9234,0,NORMAL,50.049,1.841,1,1,1,1,2,127.9,119,7,dijkstra,graph,0.84186,0,,,,,,0,,,,363816,251608,5568
1363,303.48473715782166,2026-03-06T13:32:35.673687,122.26,0.0,11.99,38.23,34.81,0.0,0.0,227.8,3.9,0.29,0.299,STRAIGHT,1.5,1.5,"CMD,0.3,1.50",4.0,0.0066,2.603,0.022,1,0.9353,0,NORMAL,50.0,1.756,1,1,1,1,2,130.2,154,8,dijkstra,graph,0.84667,0,,,,,,0,,,,359341,253092,5772
1364,303.74318528175354,2026-03-06T13:32:35.932135,122.61,0.0,12.16,44.01,29.16,0.0,0.0,227.01,3.89,0.28,0.29,STRAIGHT,1.5,1.5,"CMD,0.3,1.50",4.0,0.0063,2.648,0.022,1,0.941,0,NORMAL,50.006,1.698,1,1,1,1,2,132.4,188,7,dijkstra,graph,0.84988,0,,,,,,0,,,,364253,254008,5458
1365,304.0093288421631,2026-03-06T13:32:36.198278,121.99,0.0,11.67,49.81,33.7,0.0,0.0,240.39,3.87,0.271,0.28,STRAIGHT,1.5,1.5,"CMD,0.3,1.50",4.0,0.0061,2.694,0.022,1,0.9447,0,NORMAL,50.105,1.562,1,1,1,1,2,134.7,235,7,dijkstra,graph,0.85738,0,,,,,,0,,,,369708,256304,5633
1366,304.30069613456726,2026-03-06T13:32:36.489646,123.05,0.0,12.51,64.47,39.56,0.0,0.0,260.95,3.84,0.263,0.271,STRAIGHT,1.5,1.5,"CMD,0.3,1.50",4.0,0.006,2.74,0.022,1,0.959,0,NORMAL,50.2,1.47,1,1,1,1,2,137.0,403,12,dijkstra,graph,0.86116,0,,,,,,0,,,,368039,257466,7422
1367,304.597620010376,2026-03-06T13:32:36.786569,119.06,0.0,12.02,73.6,39.06,0.0,0.0,264.82,3.81,0.255,0.263,STRAIGHT,1.5,1.5,"CMD,0.3,1.50",4.0,0.0058,2.785,0.022,1,0.9537,0,NORMAL,50.298,1.465,1,1,1,1,2,139.3,397,10,dijkstra,graph,0.86564,0,,,,,,0,,,,363887,258939,6679
1368,304.8962171077728,2026-03-06T13:32:37.085167,120.48,0.0,13.76,74.29,39.91,0.0,0.0,268.33,3.77,0.248,0.255,STRAIGHT,1.5,1.5,"CMD,0.3,1.50",4.0,0.0056,2.831,0.023,1,0.9723,0,NORMAL,50.372,1.338,1,1,1,1,2,141.6,411,9,dijkstra,graph,0.8675,0,,,,,,0,,,,369448,259537,6834
1369,305.1997539997101,2026-03-06T13:32:37.388703,123.98,0.0,12.03,75.41,39.6,0.0,0.0,271.63,3.74,0.24,0.248,STRAIGHT,1.5,1.5,"CMD,0.2,1.50",4.0,0.0055,2.877,0.023,1,0.9532,0,NORMAL,50.197,1.175,1,1,1,1,2,143.9,405,8,dijkstra,graph,0.87019,0,,,,,,0,,,,379008,260262,6946
1370,305.4629170894623,2026-03-06T13:32:37.651867,120.47,0.0,12.52,45.48,35.27,0.0,0.0,234.01,3.74,0.228,0.24,STRAIGHT,1.5,1.5,"CMD,0.2,1.50",4.0,0.0049,3.059,0.023,1,0.9697,0,NORMAL,50.003,1.057,1,1,1,1,2,153.0,176,8,dijkstra,graph,0.87351,0,,,,,,0,,,,381744,261347,5808
1371,305.7378559112549,2026-03-06T13:32:37.926805,127.66,0.0,12.28,48.14,34.68,0.0,0.0,242.95,3.72,0.218,0.228,STRAIGHT,1.5,1.5,"CMD,0.2,1.50",4.0,0.0048,3.105,0.023,1,0.9643,0,NORMAL,50.104,0.922,1,1,1,1,2,155.3,184,8,dijkstra,graph,0.87694,0,,,,,,0,,,,385334,262238,5611
1372,306.00761342048645,2026-03-06T13:32:38.196563,122.29,0.0,12.11,48.64,33.84,0.0,0.0,239.45,3.71,0.211,0.218,STRAIGHT,1.5,1.5,"CMD,0.2,1.50",4.0,0.0048,3.105,0.023,1,0.9616,0,NORMAL,50.089,0.816,1,1,1,1,2,155.3,192,9,dijkstra,graph,0.87506,0,,,,,,0,,,,389216,261833,5559
1373,306.2651369571686,2026-03-06T13:32:38.454086,126.96,0.0,12.38,29.99,37.23,0.0,0.0,228.18,3.7,0.334,0.218,STRAIGHT,1.5,1.5,"CMD,0.2,1.50",4.0,0.0141,3.997,0.113,1,0.9672,0,NORMAL,50.282,0.697,1,1,1,1,2,309.6,118,17,dijkstra,graph,0.8707,0,,,,,,0,,,,383719,260555,6131
1374,306.5071668624878,2026-03-06T13:32:38.696117,127.09,0.0,11.98,21.54,31.51,0.0,0.0,212.25,3.72,0.305,0.305,STRAIGHT,1.5,1.5,"CMD,0.3,1.50",4.0,0.006,2.74,0.022,1,0.9623,0,NORMAL,50.864,0.586,1,1,1,1,2,137.0,57,12,dijkstra,graph,0.85605,0,,,,,,0,,,,375827,256603,4904
1375,306.75113821029663,2026-03-06T13:32:38.940088,128.12,0.0,10.87,19.75,32.68,0.0,0.0,213.75,3.72,0.283,0.305,STRAIGHT,1.5,1.5,"CMD,0.3,1.50",4.0,0.0058,2.785,0.022,1,0.9652,0,NORMAL,50.758,0.467,1,1,1,1,2,139.3,44,11,dijkstra,graph,0.85874,0,,,,,,0,,,,381950,257298,4744
1376,306.9911894798279,2026-03-06T13:32:39.180139,122.86,0.0,12.19,19.94,31.19,0.0,1.0,208.25,3.74,0.266,0.283,STRAIGHT,1.5,1.5,"CMD,0.3,1.50",4.0,0.0056,2.831,0.023,1,0.9736,0,NORMAL,50.317,0.419,1,1,1,1,2,141.6,39,11,dijkstra,graph,0.86019,0,,,,,,0,,,,384415,257832,4713
1377,307.23305773735046,2026-03-06T13:32:39.422007,125.24,0.0,12.14,17.74,33.14,0.0,1.0,210.57,3.74,0.257,0.266,STRAIGHT,1.5,1.5,"CMD,0.3,1.50",4.0,0.0058,2.785,0.022,1,0.9713,0,NORMAL,50.113,0.383,1,1,1,1,2,139.3,34,11,dijkstra,graph,0.85188,0,,,,,,0,,,,382978,255251,4625
1378,307.4730155467987,2026-03-06T13:32:39.661965,124.73,0.0,12.13,17.74,32.22,0.0,0.0,210.14,3.76,0.385,0.266,STRAIGHT,1.5,1.5,"CMD,0.3,1.50",4.0,0.0155,3.997,0.124,1,0.9718,0,NORMAL,50.032,0.361,1,1,1,1,2,275.6,28,11,dijkstra,graph,0.85457,0,,,,,,0,,,,388586,256085,4909
1379,307.71487307548523,2026-03-06T13:32:39.903823,122.84,0.0,12.02,18.35,33.12,0.0,0.0,208.24,3.77,0.428,0.385,STRAIGHT,1.5,1.5,"CMD,0.4,1.50",4.0,0.0125,3.998,0.1,1,0.9618,0,NORMAL,50.0,0.336,1,1,1,1,2,262.2,31,10,dijkstra,graph,0.84895,0,,,,,,0,,,,396565,254411,4718
1380,307.979172706604,2026-03-06T13:32:40.168122,120.31,0.0,11.83,26.76,52.13,0.0,0.0,232.26,3.77,0.457,0.428,STRAIGHT,1.5,1.5,"CMD,0.4,1.50",4.0,0.0125,3.998,0.1,1,0.8877,0,NORMAL,50.042,0.33,1,1,1,1,1,648.6,96,12,dijkstra,fallback_skeleton,0.81847,0,,,,,,0,,,,358820,245477,4980
1381,308.22002387046814,2026-03-06T13:32:40.408973,122.17,0.0,11.78,19.3,32.83,0.0,0.0,207.87,3.78,0.618,0.457,STRAIGHT,1.5,1.5,"CMD,0.5,1.50",2.925,0.0228,2.911,0.097,1,0.8796,0,NORMAL,50.074,0.31,1,1,1,1,1,611.0,37,10,dijkstra,fallback_skeleton,0.85188,0,,,,,,0,,,,407520,255255,5073
1382,308.46106219291687,2026-03-06T13:32:40.650012,122.67,0.0,11.55,18.71,33.08,0.0,0.0,206.89,3.8,0.835,0.618,STRAIGHT,1.5,1.5,"CMD,0.6,1.50",2.742,0.0308,2.723,0.114,1,0.9811,0,NORMAL,50.204,0.256,1,1,1,1,1,615.4,35,11,dijkstra,fallback_skeleton,0.85182,0,,,,,,0,,,,410927,255316,4809
1383,308.7027258872986,2026-03-06T13:32:40.891675,123.68,0.0,11.09,18.08,32.65,0.0,0.0,208.25,3.81,0.587,0.618,STRAIGHT,1.5,1.5,"CMD,0.6,1.50",3.29,0.0022,3.28,0.012,1,0.9627,0,NORMAL,50.272,0.251,1,1,1,1,1,610.2,36,11,dijkstra,fallback_skeleton,0.86008,0,,,,,,0,,,,423846,257703,5166
1384,308.94501185417175,2026-03-06T13:32:41.133962,123.22,0.0,11.55,19.62,32.26,0.0,0.0,207.56,3.82,0.383,0.587,STRAIGHT,1.5,1.5,"CMD,0.6,1.50",3.295,-0.0006,3.283,-0.003,1,0.933,0,NORMAL,51.33,-0.241,1,1,1,1,1,596.1,36,12,dijkstra,fallback_skeleton,0.83899,0,,,,,,0,,,,436436,251390,4679
1385,309.18301129341125,2026-03-06T13:32:41.371961,123.08,0.0,12.03,18.48,31.78,0.0,0.0,205.2,3.84,0.536,0.536,STRAIGHT,1.5,1.5,"CMD,0.5,1.50",2.844,0.0204,2.827,0.082,1,0.9559,0,NORMAL,52.147,-0.456,1,1,1,1,1,585.4,33,11,dijkstra,fallback_skeleton,0.8226,0,,,,,,0,,,,442829,246562,4825
1386,309.4225950241089,2026-03-06T13:32:41.611545,122.44,0.0,12.51,18.57,30.14,0.0,0.0,205.33,3.85,0.404,0.404,STRAIGHT,1.5,1.5,"CMD,0.4,1.50",4.0,0.0034,3.744,0.024,1,0.9459,0,NORMAL,52.845,-0.644,1,1,1,1,2,187.2,39,10,dijkstra,graph,0.81062,0,,,,,,0,,,,457542,243067,4342
1387,309.6767826080322,2026-03-06T13:32:41.865732,138.59,0.0,12.61,18.74,30.86,0.0,0.0,222.05,3.85,0.312,0.404,STRAIGHT,1.5,1.5,"CMD,0.4,1.50",4.0,0.0031,3.973,0.024,1,0.9682,0,NORMAL,52.858,-0.704,1,1,1,1,2,198.6,31,11,dijkstra,graph,0.83112,0,,,,,,0,,,,470703,249061,4584
1388,309.9117958545685,2026-03-06T13:32:42.100746,117.34,0.0,12.24,19.45,32.6,0.0,0.0,202.4,3.88,0.25,0.312,STRAIGHT,1.5,1.5,"CMD,0.3,1.50",4.0,0.0031,3.973,0.024,1,0.9804,0,NORMAL,53.108,-0.766,1,1,1,1,2,198.6,46,12,dijkstra,graph,0.83514,0,,,,,,0,,,,477821,250189,4695
1389,310.14552569389343,2026-03-06T13:32:42.334475,116.11,0.0,11.53,18.31,33.1,0.0,0.0,200.56,3.9,0.21,0.25,STRAIGHT,1.5,1.5,"CMD,0.3,1.50",4.0,0.0031,3.927,0.024,1,0.9847,0,NORMAL,53.547,-0.806,1,1,1,1,2,196.4,41,11,dijkstra,graph,0.83023,0,,,,,,0,,,,481617,248603,4849
1390,310.38195037841797,2026-03-06T13:32:42.570900,119.39,0.0,9.25,19.3,31.67,0.0,0.0,202.34,3.91,0.183,0.21,STRAIGHT,1.5,1.5,"CMD,0.2,1.50",4.0,0.0031,3.927,0.024,1,0.9938,0,NORMAL,53.864,-0.858,1,1,1,1,2,196.4,40,11,dijkstra,graph,0.82227,0,,,,,,0,,,,480814,246284,4547
1391,310.6255314350128,2026-03-06T13:32:42.814481,125.64,0.0,12.14,18.93,32.22,0.0,0.73,210.81,3.92,0.165,0.183,STRAIGHT,1.5,1.5,"CMD,0.2,1.50",4.0,0.0031,3.927,0.024,1,0.9953,0,NORMAL,53.015,-0.905,1,1,1,1,2,196.4,41,12,dijkstra,graph,0.81814,0,,,,,,0,,,,479577,245102,4476
1392,310.858749628067,2026-03-06T13:32:43.047699,121.74,0.0,11.02,17.59,30.31,0.0,0.0,201.04,3.93,0.154,0.165,STRAIGHT,1.5,1.5,"CMD,0.2,1.50",4.0,0.0032,3.881,0.024,1,0.9916,0,NORMAL,53.559,-0.921,1,1,1,1,2,194.1,25,9,dijkstra,graph,0.78589,0,,,,,,0,,,,476320,235525,4276
1393,311.0846667289734,2026-03-06T13:32:43.273617,121.48,0.0,11.76,16.12,21.68,0.0,0.0,192.13,3.95,0.147,0.154,STRAIGHT,1.5,1.5,"CMD,0.2,1.50",4.0,0.0032,3.881,0.024,1,0.9919,0,NORMAL,52.986,-0.94,1,1,1,1,2,194.1,21,8,dijkstra,graph,0.75558,0,,,,,,0,,,,473422,226410,3600
1394,311.3120803833008,2026-03-06T13:32:43.501030,121.88,0.0,12.01,17.54,26.48,0.0,1.0,199.24,3.97,0.143,0.147,STRAIGHT,1.5,1.5,"CMD,0.1,1.50",4.0,0.0033,3.836,0.024,1,0.9938,0,NORMAL,53.42,-1.007,1,1,1,1,2,191.8,26,9,dijkstra,graph,0.76076,0,,,,,,0,,,,472617,227947,3773
1395,311.5459544658661,2026-03-06T13:32:43.734904,125.03,0.0,11.79,16.01,26.13,0.0,0.0,201.65,4.0,0.14,0.143,STRAIGHT,1.5,1.5,"CMD,0.1,1.50",4.0,0.0033,3.836,0.024,1,0.9955,0,NORMAL,54.779,-1.037,1,1,1,1,2,191.8,25,9,dijkstra,graph,0.75643,0,,,,,,0,,,,472104,226620,3684
1396,311.7698612213135,2026-03-06T13:32:43.958811,114.25,0.0,11.62,17.4,27.32,0.0,0.0,191.72,4.04,0.138,0.14,STRAIGHT,1.5,1.5,"CMD,0.1,1.50",4.0,0.0033,3.836,0.024,1,0.9956,0,NORMAL,55.823,-0.98,1,1,1,1,2,191.8,26,8,dijkstra,graph,0.76882,0,,,,,,0,,,,473320,230411,3755
1397,312.0067868232727,2026-03-06T13:32:44.195736,121.96,0.0,11.54,17.6,30.05,0.0,0.0,203.09,4.08,0.136,0.138,STRAIGHT,1.5,1.5,"CMD,0.1,1.50",4.0,0.0032,3.881,0.024,1,0.9917,0,NORMAL,56.416,-0.899,1,1,1,1,2,194.1,26,9,dijkstra,graph,0.80537,0,,,,,,0,,,,476223,241349,4292
1398,312.24249792099,2026-03-06T13:32:44.431448,122.12,0.0,11.6,17.12,30.45,0.0,0.0,202.4,4.12,0.135,0.136,STRAIGHT,1.5,1.5,"CMD,0.1,1.50",4.0,0.0032,3.881,0.024,1,0.9977,0,NORMAL,56.615,-0.812,1,1,1,1,2,194.1,30,10,dijkstra,graph,0.80143,0,,,,,,0,,,,475960,240155,4298
1399,312.4738082885742,2026-03-06T13:32:44.662758,122.71,0.0,11.64,17.87,30.33,0.0,0.0,203.91,4.14,0.133,0.135,STRAIGHT,1.5,1.5,"CMD,0.1,1.50",4.0,0.0031,3.927,0.024,1,0.9956,0,NORMAL,56.493,-0.727,1,1,1,1,2,196.4,32,9,dijkstra,graph,0.81374,0,,,,,,0,,,,476772,243678,4376
1400,312.70410776138306,2026-03-06T13:32:44.893057,121.51,1.0,10.77,15.74,27.05,0.0,0.0,197.35,4.16,0.132,0.133,STRAIGHT,1.5,1.5,"CMD,0.1,1.50",4.0,0.0031,3.927,0.024,1,0.9909,0,NORMAL,55.8,-0.733,1,1,1,1,2,196.4,21,8,dijkstra,graph,0.77258,0,,,,,,0,,,,472680,231477,3490
1401,312.94596815109253,2026-03-06T13:32:45.134918,125.84,0.0,12.26,17.96,31.09,0.0,0.0,208.51,4.18,0.131,0.132,STRAIGHT,1.5,1.5,"CMD,0.1,1.50",4.0,0.0031,3.927,0.024,1,0.9928,0,NORMAL,55.13,-0.712,1,1,1,1,2,196.4,26,9,dijkstra,graph,0.8055,0,,,,,,0,,,,475132,241354,4087
1402,313.18608236312866,2026-03-06T13:32:45.375032,120.77,0.0,12.03,17.94,32.61,0.0,0.0,206.44,4.19,0.13,0.131,STRAIGHT,1.5,1.5,"CMD,0.1,1.50",4.0,0.0031,3.927,0.024,1,0.9881,0,NORMAL,54.859,-0.612,1,1,1,1,2,196.4,36,13,dijkstra,graph,0.83671,0,,,,,,0,,,,480765,250624,4926
1403,313.41077303886414,2026-03-06T13:32:45.599722,122.38,0.0,12.71,13.54,22.57,0.0,0.0,190.93,4.2,0.135,0.131,STRAIGHT,1.5,1.5,"CMD,0.1,1.50",4.0,0.0035,3.699,0.024,1,0.9798,0,NORMAL,54.713,-0.774,1,1,1,1,2,184.9,17,7,dijkstra,graph,0.75738,0,,,,,,0,,,,471185,226879,3558
1404,313.65203046798706,2026-03-06T13:32:45.840980,136.43,0.0,11.02,14.7,26.13,0.0,0.0,208.92,4.2,0.14,0.135,STRAIGHT,1.5,1.5,"CMD,0.1,1.50",4.0,0.0036,3.607,0.024,1,0.9883,0,NORMAL,53.897,-0.852,1,1,1,1,2,180.4,21,8,dijkstra,graph,0.72215,0,,,,,,0,,,,465861,216268,3684
1405,313.8769509792328,2026-03-06T13:32:46.065901,120.92,0.0,12.03,15.38,24.74,0.0,0.0,192.66,4.21,0.142,0.14,STRAIGHT,1.5,1.5,"CMD,0.1,1.50",4.0,0.0035,3.699,0.024,1,0.9917,0,NORMAL,52.775,-0.751,1,1,1,1,2,184.9,21,8,dijkstra,graph,0.74492,0,,,,,,0,,,,469648,223179,3545
1406,314.1092848777771,2026-03-06T13:32:46.298235,118.83,0.0,12.02,17.34,31.31,0.0,1.0,200.5,4.22,0.141,0.141,STRAIGHT,1.5,1.5,"CMD,0.1,1.50",4.0,0.0034,3.79,0.024,1,0.9848,0,NORMAL,50.693,-0.693,1,1,1,1,2,189.5,30,12,dijkstra,graph,0.81262,0,,,,,,0,,,,475662,243369,4580
1407,314.3369560241699,2026-03-06T13:32:46.525906,122.37,0.0,11.09,16.26,24.23,0.0,0.0,193.47,4.23,0.148,0.142,STRAIGHT,1.5,1.5,"CMD,0.1,1.50",4.0,0.0039,3.47,0.024,1,0.9707,0,NORMAL,49.992,-0.952,1,1,1,1,2,173.5,22,8,dijkstra,graph,0.7036,0,,,,,,0,,,,461931,210792,3491
1408,314.57863426208496,2026-03-06T13:32:46.767584,122.94,0.0,13.22,19.99,32.74,0.0,0.0,210.35,4.23,0.147,0.147,STRAIGHT,1.5,1.5,"CMD,0.1,1.50",4.0,0.0035,3.699,0.024,1,0.9683,0,NORMAL,50.057,-1.326,1,1,1,1,2,184.9,46,14,dijkstra,graph,0.81926,0,,,,,,0,,,,470536,245178,4982
1409,314.81390857696533,2026-03-06T13:32:47.002858,124.04,0.0,11.12,15.77,29.89,0.0,0.0,200.98,4.24,0.155,0.148,STRAIGHT,1.5,1.5,"CMD,0.1,1.50",4.0,0.0041,3.379,0.024,1,0.9642,0,NORMAL,52.74,-1.67,1,1,1,1,2,169.0,32,10,dijkstra,graph,0.71506,0,,,,,,0,,,,453795,214088,4097
1410,315.03211641311646,2026-03-06T13:32:47.221066,121.19,0.0,11.53,12.37,19.11,0.0,0.0,186.51,4.26,0.163,0.155,STRAIGHT,1.5,1.5,"CMD,0.2,1.50",4.0,0.0043,3.288,0.023,1,0.9684,0,NORMAL,55.59,-2.25,1,1,1,1,2,164.4,21,8,dijkstra,graph,0.64893,0,,,,,,0,,,,442839,194381,3358
1411,315.2663004398346,2026-03-06T13:32:47.455250,120.81,0.0,12.03,20.26,31.62,0.0,0.0,202.97,4.26,0.161,0.161,STRAIGHT,1.5,1.5,"CMD,0.2,1.50",4.0,0.0038,3.516,0.024,1,0.9567,0,NORMAL,44.587,-1.647,1,1,1,1,2,175.8,54,16,dijkstra,graph,0.7886,0,,,,,,0,,,,461367,235974,4888
1412,315.4917323589325,2026-03-06T13:32:47.680682,122.46,0.0,10.73,11.64,26.93,0.0,0.0,192.08,4.27,0.165,0.163,STRAIGHT,1.5,1.5,"CMD,0.2,1.50",4.0,0.0042,3.333,0.023,1,0.9659,0,NORMAL,33.743,-1.757,1,1,1,1,2,166.7,21,8,dijkstra,graph,0.66564,0,,,,,,0,,,,446847,199473,3171
1413,315.7155067920685,2026-03-06T13:32:47.904457,118.92,0.0,11.1,14.45,25.43,0.0,0.0,191.66,4.28,0.168,0.165,STRAIGHT,1.5,1.5,"CMD,0.2,1.50",4.0,0.0042,3.333,0.023,1,0.9917,0,NORMAL,23.021,-1.581,1,1,1,1,2,166.7,26,10,dijkstra,graph,0.6795,0,,,,,,0,,,,449709,203557,3477
1414,315.93797850608826,2026-03-06T13:32:48.126928,120.76,0.0,11.42,14.11,23.62,0.0,0.0,191.01,4.29,0.169,0.168,STRAIGHT,1.5,1.5,"CMD,0.2,1.50",4.0,0.0041,3.379,0.024,1,0.985,0,NORMAL,25.51,-1.441,1,1,1,1,2,169.0,17,7,dijkstra,graph,0.66145,0,,,,,,0,,,,446400,198204,3196
1415,316.1659679412842,2026-03-06T13:32:48.354917,121.89,0.0,11.28,16.03,26.31,0.0,0.0,195.91,4.3,0.171,0.169,STRAIGHT,1.5,1.5,"CMD,0.2,1.50",4.0,0.0042,3.333,0.023,1,0.9788,0,NORMAL,39.229,-1.338,1,1,1,1,2,166.7,35,11,dijkstra,graph,0.68785,0,,,,,,0,,,,450145,206085,3770
1416,316.3999252319336,2026-03-06T13:32:48.588875,119.8,0.0,12.16,17.85,31.15,0.0,0.0,201.23,4.31,0.169,0.169,STRAIGHT,1.5,1.5,"CMD,0.2,1.50",4.0,0.004,3.425,0.024,1,0.9761,0,NORMAL,59.702,-1.043,1,1,1,1,2,171.2,39,12,dijkstra,graph,0.76122,0,,,,,,0,,,,459721,227984,4197
1417,316.6340262889862,2026-03-06T13:32:48.822976,132.97,0.0,10.29,14.2,24.11,0.0,0.0,201.85,4.31,0.175,0.171,STRAIGHT,1.5,1.5,"CMD,0.2,1.50",4.0,0.0046,3.196,0.023,1,0.9585,0,NORMAL,70.711,-1.332,1,1,1,1,2,159.8,24,8,dijkstra,graph,0.65027,0,,,,,,0,,,,442352,194806,3312
1418,316.863153219223,2026-03-06T13:32:49.052103,122.11,0.0,11.19,14.79,28.18,0.0,0.0,198.38,4.32,0.183,0.175,STRAIGHT,1.5,1.5,"CMD,0.2,1.50",4.0,0.0048,3.105,0.023,1,0.9808,0,NORMAL,70.711,-1.226,1,1,1,1,2,155.3,27,9,dijkstra,graph,0.67397,0,,,,,,0,,,,441416,201917,3935
1419,317.0891535282135,2026-03-06T13:32:49.278103,118.32,0.0,11.86,16.07,27.35,0.0,0.0,194.32,4.32,0.186,0.183,STRAIGHT,1.5,1.5,"CMD,0.2,1.50",4.0,0.0047,3.151,0.023,1,0.987,0,NORMAL,70.711,-1.267,1,1,1,1,2,157.5,34,11,dijkstra,graph,0.69147,0,,,,,,0,,,,440424,207082,3779
1420,317.3157455921173,2026-03-06T13:32:49.504695,119.81,0.0,11.42,13.63,28.32,0.0,0.0,195.61,4.34,0.197,0.186,STRAIGHT,1.5,1.5,"CMD,0.2,1.50",4.0,0.0053,2.922,0.023,1,0.9787,0,NORMAL,66.71,-1.435,1,1,1,1,2,146.1,30,10,dijkstra,graph,0.64921,0,,,,,,0,,,,431868,194468,3695
1421,317.5594925880432,2026-03-06T13:32:49.748442,136.2,0.0,13.03,14.49,26.6,0.0,0.0,212.55,4.33,0.209,0.197,STRAIGHT,1.5,1.5,"CMD,0.2,1.50",4.0,0.0056,2.831,0.023,1,0.9672,0,NORMAL,64.022,-1.45,1,1,1,1,2,141.6,23,9,dijkstra,graph,0.63256,0,,,,,,0,,,,418474,189463,3656
1422,317.7812707424164,2026-03-06T13:32:49.970220,122.12,0.0,11.02,13.46,25.79,0.0,0.0,191.44,4.33,0.217,0.209,STRAIGHT,1.5,1.5,"CMD,0.2,1.50",4.0,0.0056,2.831,0.023,1,0.9708,0,NORMAL,61.578,-1.416,1,1,1,1,2,141.6,26,10,dijkstra,graph,0.62023,0,,,,,,0,,,,421254,185811,3381
1423,318.00198435783386,2026-03-06T13:32:50.190934,123.77,0.0,10.98,13.58,20.53,0.0,1.0,190.83,4.33,0.227,0.217,STRAIGHT,1.5,1.5,"CMD,0.2,1.50",4.0,0.006,2.74,0.022,1,0.9898,0,NORMAL,58.614,-1.397,1,1,1,1,2,137.0,26,10,dijkstra,graph,0.60808,0,,,,,,0,,,,417571,181999,3368
1424,318.22294211387634,2026-03-06T13:32:50.411892,122.95,0.0,11.02,13.53,24.76,0.0,0.0,193.82,4.34,0.236,0.227,STRAIGHT,1.5,1.5,"CMD,0.2,1.50",4.0,0.0061,2.694,0.022,1,0.9898,0,NORMAL,56.098,-1.249,1,1,1,1,2,134.7,25,10,dijkstra,graph,0.5999,0,,,,,,0,,,,413701,179616,3307
1425,318.4455108642578,2026-03-06T13:32:50.634461,123.09,0.0,10.86,12.61,24.45,0.0,0.0,191.45,4.34,0.241,0.236,STRAIGHT,1.5,1.5,"CMD,0.2,1.50",4.0,0.0061,2.694,0.022,1,0.9776,0,NORMAL,55.648,-1.095,1,1,1,1,2,134.7,27,9,dijkstra,graph,0.62591,0,,,,,,0,,,,417376,187410,3462
1426,318.6844754219055,2026-03-06T13:32:50.873425,140.03,0.0,10.7,14.36,25.68,0.0,0.0,212.71,4.34,0.251,0.241,STRAIGHT,1.5,1.5,"CMD,0.2,1.50",4.0,0.0066,2.603,0.022,1,0.9589,0,NORMAL,57.618,-1.235,1,1,1,1,2,130.2,33,9,dijkstra,graph,0.58802,0,,,,,,0,,,,401165,175880,3682
1427,318.90479254722595,2026-03-06T13:32:51.093742,120.46,0.0,10.22,13.26,24.55,0.0,0.0,190.55,4.35,0.258,0.251,STRAIGHT,1.5,1.5,"CMD,0.3,1.50",4.0,0.0066,2.603,0.022,1,0.9818,0,NORMAL,56.592,-1.08,1,1,1,1,2,130.2,26,9,dijkstra,graph,0.58178,0,,,,,,0,,,,403753,173996,3349
1428,319.11896896362305,2026-03-06T13:32:51.307919,118.2,0.0,11.17,12.8,24.05,0.0,0.0,186.24,4.36,0.268,0.258,STRAIGHT,1.5,1.5,"CMD,0.3,1.50",4.0,0.007,2.511,0.022,1,0.9854,0,NORMAL,57.503,-0.936,1,1,1,1,2,125.6,31,11,dijkstra,graph,0.57256,0,,,,,,0,,,,399666,171207,3341
1429,319.33976340293884,2026-03-06T13:32:51.528713,122.17,0.0,10.52,12.44,24.68,0.0,0.0,190.73,4.37,0.282,0.268,STRAIGHT,1.5,1.5,"CMD,0.3,1.50",4.0,0.0075,2.42,0.022,1,0.9537,0,NORMAL,57.833,-0.829,1,1,1,1,2,121.0,26,11,dijkstra,graph,0.5657,0,,,,,,0,,,,383508,169285,3470
1430,319.5604839324951,2026-03-06T13:32:51.749434,121.44,0.0,10.74,13.54,23.66,0.0,0.0,190.43,4.38,0.287,0.282,STRAIGHT,1.5,1.5,"CMD,0.3,1.50",4.0,0.0072,2.466,0.022,1,0.956,0,NORMAL,56.076,-0.763,1,1,1,1,2,123.3,30,11,dijkstra,graph,0.5611,0,,,,,,0,,,,393896,167817,3366
1431,319.77894115448,2026-03-06T13:32:51.967891,121.09,0.0,10.15,12.52,22.5,0.0,0.0,187.32,4.4,0.301,0.287,STRAIGHT,1.5,1.5,"CMD,0.3,1.50",4.0,0.008,2.329,0.022,1,0.8438,0,NORMAL,56.297,-0.722,1,1,1,1,2,116.5,26,10,dijkstra,graph,0.50651,0,,,,,,0,,,,333327,151669,2934
1432,319.99169063568115,2026-03-06T13:32:52.180640,119.82,0.0,11.25,11.19,22.54,0.0,0.0,185.19,4.41,0.314,0.301,STRAIGHT,1.5,1.5,"CMD,0.3,1.50",4.0,0.0082,2.283,0.021,1,0.9031,0,NORMAL,56.947,-0.601,1,1,1,1,2,114.2,19,8,dijkstra,graph,0.52893,0,,,,,,0,,,,349132,158363,3136
1433,320.20914220809937,2026-03-06T13:32:52.398092,122.19,0.0,10.24,12.28,23.58,0.0,0.0,189.27,4.42,0.322,0.314,STRAIGHT,1.5,1.5,"CMD,0.3,1.50",4.0,0.0082,2.283,0.021,1,0.9055,0,NORMAL,56.602,-0.622,1,1,1,1,2,114.2,22,9,dijkstra,graph,0.51264,0,,,,,,0,,,,367792,153471,3237
1434,320.4259340763092,2026-03-06T13:32:52.614884,120.89,0.0,11.02,12.05,21.99,0.0,0.0,188.03,4.43,0.337,0.322,STRAIGHT,1.5,1.5,"CMD,0.3,1.50",4.0,0.0089,2.192,0.021,1,0.9589,0,NORMAL,55.975,-0.645,1,1,1,1,2,109.6,29,11,dijkstra,graph,0.48909,0,,,,,,0,,,,362901,146381,3041
1435,320.65685415267944,2026-03-06T13:32:52.845804,135.51,0.0,11.36,11.12,22.9,0.0,0.0,200.42,4.43,0.356,0.337,STRAIGHT,1.5,1.5,"CMD,0.3,1.50",4.0,0.0096,2.1,0.021,1,0.9175,0,NORMAL,54.96,-0.691,1,1,1,1,2,105.0,18,8,dijkstra,graph,0.48818,0,,,,,,0,,,,344970,146076,2977
1436,320.87905859947205,2026-03-06T13:32:53.068008,120.77,0.0,10.02,18.68,22.56,0.0,1.0,193.92,4.43,0.436,0.356,STRAIGHT,1.5,1.5,"CMD,0.4,1.50",4.0,0.0144,1.735,0.022,1,0.9568,0,NORMAL,54.385,-0.655,1,1,1,1,2,86.8,75,12,dijkstra,graph,0.4761,0,,,,,,0,,,,332563,142588,3185
1437,321.08777475357056,2026-03-06T13:32:53.276724,120.19,0.0,10.28,11.22,18.53,0.0,0.0,181.77,4.46,0.438,0.436,STRAIGHT,1.5,1.5,"CMD,0.4,1.50",4.0,0.0107,2.009,0.022,1,0.9515,0,NORMAL,53.773,-0.616,1,1,1,1,2,100.5,37,9,dijkstra,graph,0.45723,0,,,,,,0,,,,322544,136944,3019
1438,321.30094289779663,2026-03-06T13:32:53.489892,121.06,0.0,10.01,11.03,20.66,0.0,1.28,185.93,4.47,0.444,0.438,STRAIGHT,1.5,1.5,"CMD,0.4,1.50",4.0,0.011,1.963,0.021,1,0.9133,0,NORMAL,52.58,-0.64,1,1,1,1,2,98.2,21,9,dijkstra,graph,0.44661,0,,,,,,0,,,,316924,133722,2805
1439,321.5086407661438,2026-03-06T13:32:53.697590,119.43,0.0,10.13,12.31,20.53,0.0,0.0,182.56,4.48,0.463,0.444,STRAIGHT,1.5,1.5,"CMD,0.4,1.50",4.0,0.0122,1.872,0.021,1,0.894,0,NORMAL,51.45,-0.667,1,1,1,1,2,93.6,34,10,dijkstra,graph,0.43341,0,,,,,,0,,,,329511,129597,2919
1440,321.7198088169098,2026-03-06T13:32:53.908758,122.26,0.0,9.29,10.53,21.25,0.0,0.0,184.94,4.49,0.47,0.463,STRAIGHT,1.5,1.5,"CMD,0.5,1.50",4.0,0.0117,1.918,0.022,1,0.9671,0,NORMAL,50.453,-0.584,1,1,1,1,2,95.9,22,9,dijkstra,graph,0.44031,0,,,,,,0,,,,339378,131614,2979
1441,321.9350953102112,2026-03-06T13:32:54.124045,122.4,0.0,10.61,12.12,20.27,0.0,0.5,187.98,4.5,0.46,0.463,STRAIGHT,1.5,1.5,"CMD,0.5,1.50",4.0,0.0107,2.009,0.022,1,0.9764,0,NORMAL,44.528,-0.534,1,1,1,1,2,100.5,27,8,dijkstra,graph,0.42868,0,,,,,,0,,,,333686,128249,2812
1442,322.14713311195374,2026-03-06T13:32:54.336083,120.0,0.0,9.77,12.18,19.85,0.0,1.2,184.57,4.51,0.459,0.46,STRAIGHT,1.5,1.5,"CMD,0.5,1.50",4.0,0.011,1.963,0.021,1,0.8576,0,NORMAL,38.561,-0.455,1,1,1,1,2,98.2,28,8,dijkstra,graph,0.41841,0,,,,,,0,,,,288413,125096,2576
1443,322.35678720474243,2026-03-06T13:32:54.545737,116.97,0.0,11.31,12.43,21.31,0.0,0.0,183.13,4.52,0.445,0.459,STRAIGHT,1.5,1.5,"CMD,0.5,1.50",4.0,0.0101,2.055,0.021,1,0.8499,0,NORMAL,33.051,-0.484,1,1,1,1,2,102.8,29,8,dijkstra,graph,0.43818,0,,,,,,0,,,,338270,131136,2695
1444,322.5699727535248,2026-03-06T13:32:54.758922,122.93,0.0,10.13,11.52,18.27,0.0,0.0,184.64,4.53,0.475,0.459,STRAIGHT,1.5,1.5,"CMD,0.5,1.50",4.0,0.0129,1.826,0.022,1,0.8804,0,NORMAL,28.114,-0.381,1,1,1,1,2,91.3,30,8,dijkstra,graph,0.39397,0,,,,,,0,,,,298006,117790,2548
1445,322.7738673686981,2026-03-06T13:32:54.962817,121.06,0.0,9.91,12.64,18.71,0.0,0.0,182.86,4.55,0.494,0.475,STRAIGHT,1.5,1.5,"CMD,0.5,1.50",4.0,0.0129,1.826,0.022,1,0.1645,1,WARN,29.164,-0.283,1,1,1,1,2,91.3,30,8,dijkstra,graph,0.39502,0,,,,,,0,,,,298484,118086,2584
1446,322.9860632419586,2026-03-06T13:32:55.175013,118.94,0.0,11.24,19.24,20.31,0.0,0.0,191.15,4.57,0.68,0.494,STRAIGHT,1.5,1.5,"CMD,0.5,1.50",2.763,0.0255,2.734,0.095,1,0.8288,0,NORMAL,22.355,-0.278,1,1,1,1,1,224.6,103,13,dijkstra,fallback_centerline,0.35143,0,,,,,,0,,,,281851,105212,2960
1447,323.20108294487,2026-03-06T13:32:55.390033,121.75,0.0,10.13,17.72,19.35,0.0,0.0,188.47,4.58,0.621,0.621,STRAIGHT,1.5,1.5,"CMD,0.6,1.50",4.0,0.0122,1.872,0.021,1,0.8893,0,NORMAL,13.183,-0.281,1,1,1,1,2,93.6,78,10,dijkstra,graph,0.38194,0,,,,,,0,,,,312445,114222,2774
1448,323.41395115852356,2026-03-06T13:32:55.602901,124.08,0.0,9.2,11.53,17.54,0.0,0.0,185.99,4.59,0.592,0.621,STRAIGHT,1.5,1.5,"CMD,0.6,1.50",4.0,0.0129,1.826,0.022,1,0.9736,0,NORMAL,5.97,-0.219,1,1,1,1,2,91.3,38,10,dijkstra,graph,0.36477,0,,,,,,0,,,,304795,109068,2734
1449,323.6291196346283,2026-03-06T13:32:55.818069,131.21,0.0,10.0,11.11,16.18,0.0,0.0,190.04,4.59,0.573,0.592,STRAIGHT,1.5,1.5,"CMD,0.6,1.50",4.0,0.0129,1.826,0.022,1,0.9451,0,NORMAL,2.893,-0.163,1,1,1,1,2,91.3,40,9,dijkstra,graph,0.35287,0,,,,,,0,,,,290269,105414,2425
1450,323.8366494178772,2026-03-06T13:32:56.025599,121.09,0.0,9.88,12.2,16.88,0.0,0.0,181.19,4.62,0.58,0.58,STRAIGHT,1.5,1.5,"CMD,0.6,1.50",4.0,0.0144,1.735,0.022,1,0.8556,0,NORMAL,5.901,-0.123,1,1,1,1,2,86.8,45,7,dijkstra,graph,0.32407,0,,,,,,0,,,,248543,96878,2249
1451,324.04392170906067,2026-03-06T13:32:56.232871,123.66,0.0,9.02,14.21,16.1,0.0,0.0,184.02,4.63,0.622,0.58,STRAIGHT,1.5,1.5,"CMD,0.6,1.50",4.0,0.0171,1.598,0.022,1,0.9287,0,NORMAL,10.99,-0.169,1,1,1,1,2,79.9,59,8,dijkstra,graph,0.31114,0,,,,,,0,,,,236011,92915,2111
1452,324.2467761039734,2026-03-06T13:32:56.435726,118.19,0.0,8.16,12.99,17.55,0.0,0.0,178.54,4.64,0.65,0.622,STRAIGHT,1.5,1.5,"CMD,0.6,1.50",4.0,0.0171,1.598,0.022,1,0.8802,0,NORMAL,17.25,-0.203,1,1,1,1,2,79.9,53,6,dijkstra,graph,0.32048,0,,,,,,0,,,,262152,95719,2332
1453,324.4547498226166,2026-03-06T13:32:56.643699,120.83,0.0,10.72,13.04,16.54,0.0,0.0,182.43,4.65,0.723,0.65,STRAIGHT,1.5,1.5,"CMD,0.6,1.50",4.0,0.021,1.461,0.022,1,0.945,0,NORMAL,22.608,-0.171,1,1,1,1,2,73.1,43,9,dijkstra,graph,0.31236,0,,,,,,0,,,,265376,93308,2370
1454,324.6658136844635,2026-03-06T13:32:56.854763,129.35,0.0,9.74,13.3,15.79,0.0,0.0,187.2,4.66,0.771,0.723,STRAIGHT,1.5,1.5,"CMD,0.7,1.50",4.0,0.021,1.461,0.022,1,0.8939,0,NORMAL,26.604,-0.184,1,1,1,1,2,73.1,52,8,dijkstra,graph,0.28329,0,,,,,,0,,,,237238,84656,2246
1455,324.87905955314636,2026-03-06T13:32:57.068009,122.38,0.0,10.02,13.04,23.15,0.0,0.0,188.72,4.68,-1.019,0.723,STRAIGHT,1.5,1.5,"CMD,0.7,1.50",2.184,-0.1118,1.982,-0.222,1,0.8243,0,NORMAL,33.705,-0.254,1,1,1,1,1,264.5,65,10,dijkstra,fallback_skeleton,0.272,0,,,,,,0,,,,230086,81226,2360
1456,325.089941740036,2026-03-06T13:32:57.278891,122.34,0.0,9.02,19.23,16.04,0.0,0.0,187.32,4.69,-6.92,-1.019,STRAIGHT,1.5,1.5,"CMD,-1.0,1.50",1.797,-0.4707,1.571,-0.694,1,0.6136,0,NORMAL,37.079,-0.225,1,1,1,1,1,197.5,114,14,dijkstra,fallback_skeleton,0.18407,0,,,,,,0,,,,141240,55016,2367
1457,325.2946717739105,2026-03-06T13:32:57.483622,115.63,0.0,9.84,17.86,17.03,0.0,0.5,182.93,4.7,-10.979,-6.92,STRAIGHT,1.5,1.5,"CMD,-6.9,1.50",1.664,-0.4809,1.436,-0.575,1,0.7368,0,NORMAL,38.424,-0.036,1,1,1,1,1,224.2,109,11,dijkstra,fallback_skeleton,0.22165,0,,,,,,0,,,,188990,66282,2522
1458,325.5054602622986,2026-03-06T13:32:57.694410,121.76,0.0,10.2,19.08,15.3,0.0,0.0,188.57,4.7,-15.976,-10.979,STRAIGHT,1.5,1.5,"CMD,-11.0,1.50",1.525,-0.6765,1.255,-0.697,1,0.7085,0,NORMAL,41.891,-0.091,1,1,1,1,1,165.8,116,10,dijkstra,fallback_skeleton,0.19186,0,,,,,,0,,,,140852,57274,2109
1459,325.71889758110046,2026-03-06T13:32:57.907847,123.91,0.0,9.02,18.09,15.24,0.0,1.0,190.84,4.71,-19.537,-15.976,LEFT,1.401,1.488,"CMD,-16.0,1.49",1.494,-0.6973,1.225,-0.689,1,0.2969,0,WARN,45.406,-0.077,1,1,1,1,1,165.8,116,10,dijkstra,fallback_skeleton,0.19215,0,,,,,,0,,,,141009,57390,2109
1460,325.92122650146484,2026-03-06T13:32:58.110176,121.25,0.0,9.69,14.01,16.29,0.0,0.0,180.29,4.72,-21.979,-19.537,LEFT,1.312,1.464,"CMD,-19.5,1.46",1.485,-0.7035,1.217,-0.686,1,0.6321,0,NORMAL,47.931,-0.11,1,1,1,1,2,66.2,54,8,dijkstra,graph,0.26033,0,,,,,,0,,,,207114,77537,2218
1461,326.1250514984131,2026-03-06T13:32:58.314001,121.39,0.0,9.78,14.72,14.24,0.0,0.0,180.27,4.73,-23.67,-21.979,LEFT,1.251,1.433,"CMD,-22.0,1.43",1.477,-0.7092,1.209,-0.684,1,0.719,0,NORMAL,48.231,0.137,1,1,1,1,2,65.7,79,11,dijkstra,graph,0.19285,0,,,,,,0,,,,151105,57493,1793
1462,326.33494877815247,2026-03-06T13:32:58.523898,121.45,0.0,8.62,21.22,15.53,0.0,0.0,187.34,4.73,-24.839,-23.67,LEFT,1.208,1.396,"CMD,-23.7,1.40",1.471,-0.7131,1.203,-0.682,1,0.634,0,NORMAL,50.566,-0.32,1,1,1,1,1,183.6,128,10,dijkstra,fallback_centerline,0.20167,0,,,,,,0,,,,142758,60216,2291
1463,326.55682253837585,2026-03-06T13:32:58.745772,128.54,0.0,10.44,19.85,16.96,0.0,0.0,198.55,4.73,-25.647,-24.839,LEFT,1.179,1.356,"CMD,-24.8,1.36",1.467,-0.7158,1.2,-0.681,1,0.6694,0,NORMAL,51.928,-0.159,1,1,1,1,1,248.4,81,7,dijkstra,fallback_skeleton,0.22246,0,,,,,,0,,,,157404,66379,2214
1464,326.7628970146179,2026-03-06T13:32:58.951847,118.98,0.0,10.24,16.81,16.14,0.0,0.0,183.16,4.75,-26.207,-25.647,LEFT,1.159,1.314,"CMD,-25.6,1.31",1.465,-0.7176,1.197,-0.68,1,0.0,1,WARN,52.089,0.014,1,1,1,1,1,248.4,81,7,dijkstra,fallback_skeleton,0.22246,0,,,,,,0,,,,157404,66379,2214
1465,326.97005796432495,2026-03-06T13:32:59.159008,121.55,0.0,9.78,16.11,15.7,0.0,0.0,184.65,4.76,-26.594,-26.207,LEFT,1.145,1.269,"CMD,-26.2,1.27",1.463,-0.7189,1.195,-0.679,1,0.0747,2,WARN,52.496,-0.007,1,1,1,1,1,248.4,81,7,dijkstra,fallback_skeleton,0.22246,0,,,,,,0,,,,157404,66379,2214
1466,327.1656529903412,2026-03-06T13:32:59.354602,120.57,0.0,9.75,11.73,10.67,0.0,0.76,173.73,4.77,-26.862,-26.594,LEFT,1.135,1.224,"CMD,-26.6,1.22",1.461,-0.7198,1.194,-0.679,1,0.7367,1,NORMAL,55.786,-0.08,1,1,1,1,1,201.0,56,4,dijkstra,fallback_centerline,0.1664,0,,,,,,0,,,,155345,49715,1113
1467,327.37388849258423,2026-03-06T13:32:59.562838,125.6,0.0,7.86,20.33,13.19,0.0,0.0,185.94,4.78,-27.047,-26.862,LEFT,1.128,1.19,"CMD,-26.9,1.19",1.46,-0.7205,1.193,-0.679,1,0.7583,0,NORMAL,56.259,-0.079,1,1,1,1,1,220.4,120,5,dijkstra,fallback_centerline,0.18372,0,,,,,,0,,,,145131,54990,1415
1468,327.5820691585541,2026-03-06T13:32:59.771019,122.37,0.0,9.28,19.41,13.41,0.0,0.0,186.15,4.78,-17.672,-26.862,LEFT,1.128,1.167,"CMD,-26.9,1.17",1.557,0.1938,1.523,0.23,1,0.0,1,WARN,56.433,-0.14,1,1,1,1,1,222.3,120,5,dijkstra,fallback_centerline,0.18372,0,,,,,,0,,,,145131,54990,1415
1469,327.77478647232056,2026-03-06T13:32:59.963736,115.76,0.0,9.27,14.74,12.56,0.0,0.0,172.07,4.79,-9.713,-17.672,LEFT,1.358,1.18,"CMD,-17.7,1.18",1.768,0.151,1.734,0.231,1,0.8018,0,NORMAL,56.281,-0.237,1,1,1,1,1,222.7,69,5,dijkstra,fallback_centerline,0.19136,0,,,,,,0,,,,139045,57309,1208
1470,327.97411274909973,2026-03-06T13:33:00.163062,121.8,0.0,9.02,13.03,11.53,0.0,0.0,176.14,4.8,-5.477,-9.713,STRAIGHT,1.5,1.217,"CMD,-9.7,1.22",2.708,0.0726,2.679,0.263,1,0.896,0,NORMAL,56.264,-0.187,1,1,1,1,1,222.3,62,3,dijkstra,fallback_centerline,0.19917,0,,,,,,0,,,,134217,59494,1129
1471,328.1778144836426,2026-03-06T13:33:00.366764,122.13,0.0,9.49,15.62,14.55,0.0,0.0,182.11,4.81,-3.316,-5.477,STRAIGHT,1.5,1.257,"CMD,-5.5,1.26",4.0,0.0244,1.37,0.023,1,0.8072,0,NORMAL,56.442,-0.122,1,1,1,1,2,68.5,75,4,dijkstra,graph,0.22347,0,,,,,,0,,,,159456,66815,1456
1472,328.37590861320496,2026-03-06T13:33:00.564858,121.9,0.0,8.09,15.01,13.03,0.0,0.0,176.25,4.82,-1.849,-3.316,STRAIGHT,1.5,1.299,"CMD,-3.3,1.30",4.0,0.0263,1.324,0.023,1,0.9336,0,NORMAL,56.771,-0.094,1,1,1,1,2,66.2,69,4,dijkstra,graph,0.20636,0,,,,,,0,,,,149770,61729,1349
1473,328.57455563545227,2026-03-06T13:33:00.763505,117.67,0.0,10.18,15.6,12.76,0.0,0.0,175.93,4.83,-0.871,-1.849,STRAIGHT,1.5,1.344,"CMD,-1.8,1.34",4.0,0.0263,1.324,0.023,1,0.9543,0,NORMAL,57.123,-0.054,1,1,1,1,2,66.2,61,4,dijkstra,graph,0.20581,0,,,,,,0,,,,145780,61509,1431
1474,328.7689926624298,2026-03-06T13:33:00.957942,122.59,0.0,10.89,9.81,11.8,0.0,0.0,174.91,4.84,-0.269,-0.871,STRAIGHT,1.5,1.389,"CMD,-0.9,1.39",4.0,0.0226,1.416,0.023,1,0.9157,0,NORMAL,57.562,-0.017,1,1,1,1,2,70.8,26,3,dijkstra,graph,0.19221,0,,,,,,0,,,,133730,57541,926
1475,328.9649772644043,2026-03-06T13:33:01.153927,123.61,0.0,9.01,9.81,12.14,0.0,0.0,175.22,4.85,0.244,-0.269,STRAIGHT,1.5,1.436,"CMD,-0.3,1.44",4.0,0.0308,1.233,0.023,1,0.8996,0,NORMAL,57.749,0.064,1,1,1,1,2,61.7,27,3,dijkstra,graph,0.18333,0,,,,,,0,,,,123195,54863,1036
1476,329.1531774997711,2026-03-06T13:33:01.342127,121.38,0.0,9.02,7.51,10.68,0.0,1.0,170.16,4.87,2.328,0.244,STRAIGHT,1.5,1.482,"CMD,0.2,1.48",2.188,0.1582,1.507,0.182,1,0.9023,0,NORMAL,59.139,0.113,1,1,1,1,2,81.5,19,3,dijkstra,graph,0.19085,0,,,,,,0,,,,134378,57035,923
1477,329.3439190387726,2026-03-06T13:33:01.532869,119.17,0.0,9.17,9.49,12.05,0.0,0.0,169.42,4.89,1.914,1.914,STRAIGHT,1.5,1.5,"CMD,1.9,1.50",4.0,0.0263,1.324,0.023,1,0.9259,0,NORMAL,59.765,0.215,1,1,1,1,2,66.2,30,3,dijkstra,graph,0.19091,0,,,,,,0,,,,134481,57076,1059
1478,329.54254937171936,2026-03-06T13:33:01.731499,121.85,0.0,10.19,11.22,11.55,0.0,0.0,176.4,4.9,1.454,1.914,STRAIGHT,1.5,1.5,"CMD,1.9,1.50",4.0,0.0129,1.826,0.022,1,0.9052,0,NORMAL,61.128,0.213,1,1,1,1,2,91.3,37,3,dijkstra,graph,0.21835,0,,,,,,0,,,,147112,65364,1176
1479,329.7469573020935,2026-03-06T13:33:01.935907,122.4,0.0,9.24,17.27,14.92,0.0,0.0,183.05,4.91,1.167,1.454,STRAIGHT,1.5,1.5,"CMD,1.5,1.50",4.0,0.0144,1.735,0.022,1,0.9781,0,NORMAL,61.346,0.206,1,1,1,1,2,86.8,74,5,dijkstra,graph,0.21314,0,,,,,,0,,,,144568,63768,1474
1480,329.9500925540924,2026-03-06T13:33:02.139042,118.71,0.0,8.98,17.01,14.12,0.0,1.0,180.04,4.91,0.964,1.167,STRAIGHT,1.5,1.5,"CMD,1.2,1.50",4.0,0.0135,1.781,0.021,1,0.9737,0,NORMAL,62.056,0.253,1,1,1,1,2,89.1,93,4,dijkstra,graph,0.21928,0,,,,,,0,,,,147689,65567,1557
1481,330.14768409729004,2026-03-06T13:33:02.336634,124.68,0.0,9.25,10.02,10.82,0.0,0.0,175.84,4.91,0.821,0.964,STRAIGHT,1.5,1.5,"CMD,1.0,1.50",4.0,0.0129,1.826,0.022,1,0.9793,0,NORMAL,62.373,0.268,1,1,1,1,2,91.3,38,4,dijkstra,graph,0.21576,0,,,,,,0,,,,147005,64528,1292
1482,330.3370714187622,2026-03-06T13:33:02.526021,117.94,0.0,7.39,8.02,9.85,0.0,0.0,165.97,4.93,0.714,0.821,STRAIGHT,1.5,1.5,"CMD,0.8,1.50",4.0,0.0122,1.872,0.021,1,0.9727,0,NORMAL,62.658,0.251,1,1,1,1,2,93.6,11,3,dijkstra,graph,0.22068,0,,,,,,0,,,,149639,65970,994
1483,330.5371217727661,2026-03-06T13:33:02.726071,122.87,0.0,10.54,11.52,13.04,0.0,0.0,178.01,4.94,0.643,0.714,STRAIGHT,1.5,1.5,"CMD,0.7,1.50",4.0,0.0122,1.872,0.021,1,0.9738,0,NORMAL,62.747,0.279,1,1,1,1,2,93.6,33,4,dijkstra,graph,0.2282,0,,,,,,0,,,,151808,68196,1258
1484,330.73892736434937,2026-03-06T13:33:02.927877,122.04,0.0,11.29,12.06,12.96,0.0,0.0,178.76,4.95,0.607,0.643,STRAIGHT,1.5,1.5,"CMD,0.6,1.50",4.0,0.0129,1.826,0.022,1,0.975,0,NORMAL,62.841,0.3,1,1,1,1,2,91.3,43,4,dijkstra,graph,0.22936,0,,,,,,0,,,,153233,68509,1273
1485,330.9377772808075,2026-03-06T13:33:03.126727,125.6,0.0,9.77,10.19,10.14,0.0,0.0,176.77,4.96,0.572,0.607,STRAIGHT,1.5,1.5,"CMD,0.6,1.50",4.0,0.0122,1.872,0.021,1,0.9807,0,NORMAL,62.921,0.32,1,1,1,1,2,93.6,39,4,dijkstra,graph,0.22812,0,,,,,,0,,,,153716,68328,1283
1486,331.16057801246643,2026-03-06T13:33:03.349528,137.43,0.0,9.24,18.92,14.04,0.0,0.47,201.76,4.94,1.318,0.607,STRAIGHT,1.5,1.5,"CMD,0.6,1.50",2.212,0.0682,2.15,0.159,1,0.7364,0,NORMAL,61.907,0.406,1,1,1,1,1,224.9,117,8,dijkstra,fallback_centerline,0.1844,0,,,,,,0,,,,113357,55233,1636
1487,331.3592896461487,2026-03-06T13:33:03.548239,125.84,0.0,8.85,9.14,12.31,0.0,0.0,176.87,4.95,1.057,1.057,STRAIGHT,1.5,1.5,"CMD,1.1,1.50",4.0,0.0129,1.826,0.022,1,0.7384,0,NORMAL,60.488,0.45,1,1,1,1,2,91.3,29,5,dijkstra,graph,0.17409,0,,,,,,0,,,,96586,52182,1167
1488,331.5570092201233,2026-03-06T13:33:03.745959,119.97,0.0,9.51,12.72,13.04,0.0,0.0,176.79,4.97,0.836,1.057,STRAIGHT,1.5,1.5,"CMD,1.1,1.50",4.0,0.0096,2.1,0.021,1,0.603,0,NORMAL,59.7,0.3,1,1,1,1,2,105.0,47,4,dijkstra,graph,0.24209,0,,,,,,0,,,,159134,72401,1254
1489,331.75320076942444,2026-03-06T13:33:03.942150,120.46,0.0,8.51,12.59,12.85,0.0,0.0,174.96,4.97,1.02,1.02,STRAIGHT,1.5,1.5,"CMD,1.0,1.50",3.79,0.0336,1.963,0.065,1,0.6644,0,NORMAL,58.691,0.236,1,1,1,1,2,98.3,67,6,dijkstra,graph,0.17364,0,,,,,,0,,,,105795,52101,1331
1490,331.9531195163727,2026-03-06T13:33:04.142069,123.37,0.0,9.51,15.67,10.75,0.0,0.0,179.08,4.98,1.111,1.02,STRAIGHT,1.5,1.5,"CMD,1.0,1.50",2.519,0.0313,2.482,0.097,1,0.7609,0,NORMAL,56.398,0.14,1,1,1,1,1,224.9,92,6,dijkstra,fallback_centerline,0.20715,0,,,,,,0,,,,135777,61959,1407
1491,332.1516878604889,2026-03-06T13:33:04.340637,130.1,0.0,9.38,6.99,12.1,0.0,0.0,177.85,4.99,0.939,1.02,STRAIGHT,1.5,1.5,"CMD,1.0,1.50",4.0,0.0144,1.735,0.022,1,0.8418,0,NORMAL,57.258,0.068,1,1,1,1,2,86.8,10,4,dijkstra,graph,0.22793,0,,,,,,0,,,,158859,68248,973
1492,332.3511209487915,2026-03-06T13:33:04.540070,122.87,0.0,9.32,10.06,11.31,0.0,0.69,177.0,5.0,0.848,0.939,STRAIGHT,1.5,1.5,"CMD,0.9,1.50",4.0,0.0162,1.644,0.022,1,0.8857,0,NORMAL,56.952,0.069,1,1,1,1,2,82.2,36,3,dijkstra,graph,0.20043,0,,,,,,0,,,,140813,59910,1037
1493,332.54494309425354,2026-03-06T13:33:04.733893,125.89,0.0,10.57,7.51,10.85,0.0,0.0,173.85,5.02,0.751,0.848,STRAIGHT,1.5,1.5,"CMD,0.8,1.50",4.0,0.0135,1.781,0.021,1,0.9337,0,NORMAL,56.373,0.102,1,1,1,1,2,89.1,12,3,dijkstra,graph,0.21583,0,,,,,,0,,,,148849,64477,826
1494,332.7369294166565,2026-03-06T13:33:04.925879,121.8,0.0,8.95,6.85,10.08,0.0,0.0,169.27,5.03,0.699,0.751,STRAIGHT,1.5,1.5,"CMD,0.8,1.50",4.0,0.0144,1.735,0.022,1,0.9449,0,NORMAL,55.683,0.098,1,1,1,1,2,86.8,10,3,dijkstra,graph,0.21145,0,,,,,,0,,,,146583,63196,789
1495,332.92703771591187,2026-03-06T13:33:05.115987,121.83,0.0,9.02,7.07,10.08,0.0,1.0,169.15,5.03,0.664,0.699,STRAIGHT,1.5,1.5,"CMD,0.7,1.50",4.0,0.0144,1.735,0.022,1,0.9677,0,NORMAL,55.721,0.156,1,1,1,1,2,86.8,9,4,dijkstra,graph,0.21707,0,,,,,,0,,,,150187,64943,787
1496,333.1147782802582,2026-03-06T13:33:05.303728,119.64,0.0,7.19,7.59,9.51,0.0,0.0,165.69,5.05,0.641,0.664,STRAIGHT,1.5,1.5,"CMD,0.7,1.50",4.0,0.0144,1.735,0.022,1,0.9354,0,NORMAL,55.142,0.133,1,1,1,1,2,86.8,12,4,dijkstra,graph,0.22419,0,,,,,,0,,,,154263,67093,741
1497,333.3067378997803,2026-03-06T13:33:05.495688,120.29,0.0,8.02,8.15,10.54,0.0,0.0,168.26,5.06,0.574,0.641,STRAIGHT,1.5,1.5,"CMD,0.6,1.50",4.0,0.0107,2.009,0.022,1,0.8901,0,NORMAL,53.67,0.238,1,1,1,1,2,100.5,12,4,dijkstra,graph,0.25593,0,,,,,,0,,,,173294,76616,1120
1498,333.4979591369629,2026-03-06T13:33:05.686909,120.97,0.0,9.7,8.01,12.77,0.0,0.0,170.83,5.07,0.568,0.574,STRAIGHT,1.5,1.5,"CMD,0.6,1.50",4.0,0.0135,1.781,0.021,1,0.9222,0,NORMAL,52.99,0.438,1,1,1,1,2,89.1,13,5,dijkstra,graph,0.24795,0,,,,,,0,,,,168984,74039,1139
1499,333.6989641189575,2026-03-06T13:33:05.887914,126.6,0.0,10.54,8.17,11.76,0.0,1.0,178.87,5.06,0.564,0.568,STRAIGHT,1.5,1.5,"CMD,0.6,1.50",4.0,0.0135,1.781,0.021,1,0.9439,0,NORMAL,52.239,0.529,1,1,1,1,2,89.1,11,4,dijkstra,graph,0.24128,0,,,,,,0,,,,160682,72128,994
1500,333.8904323577881,2026-03-06T13:33:06.079382,120.97,0.0,8.66,7.9,11.01,0.0,0.0,170.74,5.08,0.584,0.568,STRAIGHT,1.5,1.5,"CMD,0.6,1.50",4.0,0.0151,1.689,0.022,1,0.9495,0,NORMAL,51.861,0.518,1,1,1,1,2,84.5,9,4,dijkstra,graph,0.23345,0,,,,,,0,,,,163206,69905,876
1501,334.0875360965729,2026-03-06T13:33:06.276486,123.08,0.0,9.37,9.16,11.36,0.0,1.06,174.92,5.08,0.541,0.564,STRAIGHT,1.5,1.5,"CMD,0.6,1.50",4.0,0.011,1.963,0.021,1,0.805,0,NORMAL,51.9,0.294,1,1,1,1,2,98.2,19,3,dijkstra,graph,0.2474,0,,,,,,0,,,,171986,74102,842
1502,334.2817769050598,2026-03-06T13:33:06.470726,120.14,0.0,9.01,8.75,11.52,0.0,0.0,171.55,5.08,0.539,0.541,STRAIGHT,1.5,1.5,"CMD,0.5,1.50",4.0,0.0129,1.826,0.022,1,0.8727,0,NORMAL,51.323,0.482,1,1,1,1,2,91.3,22,4,dijkstra,graph,0.24112,0,,,,,,0,,,,163075,72095,858
1503,334.4725008010864,2026-03-06T13:33:06.661450,118.82,0.0,9.27,6.87,11.43,0.0,0.0,167.23,5.08,0.557,0.541,STRAIGHT,1.5,1.5,"CMD,0.5,1.50",4.0,0.0144,1.735,0.022,1,0.9375,0,NORMAL,50.624,0.654,1,1,1,1,2,86.8,9,3,dijkstra,graph,0.22702,0,,,,,,0,,,,157182,67994,854
1504,334.67764019966125,2026-03-06T13:33:06.866590,125.89,0.0,8.02,12.16,12.57,0.0,0.0,182.02,5.08,0.607,0.557,STRAIGHT,1.5,1.5,"CMD,0.6,1.50",4.0,0.0171,1.598,0.022,1,0.8948,0,NORMAL,50.232,0.831,1,1,1,1,2,79.9,65,5,dijkstra,graph,0.23231,0,,,,,,0,,,,167737,69467,1290
1505,334.86789560317993,2026-03-06T13:33:07.056845,119.96,0.0,9.75,10.02,9.16,0.0,1.0,169.49,5.07,0.64,0.607,STRAIGHT,1.5,1.5,"CMD,0.6,1.50",4.0,0.0171,1.598,0.022,1,0.9159,0,NORMAL,50.061,0.943,1,1,1,1,2,79.9,23,4,dijkstra,graph,0.25254,0,,,,,,0,,,,182242,75410,1070
1506,335.0558834075928,2026-03-06T13:33:07.244833,116.4,0.0,9.93,8.01,10.81,0.0,0.0,165.94,5.08,0.679,0.64,STRAIGHT,1.5,1.5,"CMD,0.6,1.50",4.0,0.0183,1.553,0.022,1,0.9173,0,NORMAL,50.676,0.981,1,1,1,1,2,77.6,15,6,dijkstra,graph,0.23678,0,,,,,,0,,,,168915,70829,1043
1507,335.2597200870514,2026-03-06T13:33:07.448670,120.88,0.0,8.57,14.03,15.04,0.0,0.0,180.87,5.07,2.234,0.679,STRAIGHT,1.5,1.5,"CMD,0.7,1.50",2.008,0.1299,1.812,0.216,1,0.5259,0,NORMAL,51.538,0.93,1,1,1,1,1,219.6,77,4,dijkstra,fallback_skeleton,0.15132,0,,,,,,0,,,,88829,45512,1112
1508,335.4488320350647,2026-03-06T13:33:07.637781,119.24,0.0,8.51,10.02,8.02,0.0,0.0,166.84,5.09,2.426,2.234,STRAIGHT,1.5,1.5,"CMD,2.2,1.50",2.267,0.0682,2.207,0.167,1,0.6583,0,NORMAL,52.718,0.858,1,1,1,1,1,183.3,50,3,dijkstra,fallback_centerline,0.1144,0,,,,,,0,,,,60946,34257,955
1509,335.66419410705566,2026-03-06T13:33:07.853144,143.64,0.0,9.03,11.82,10.02,0.0,0.0,195.56,5.08,7.012,2.426,STRAIGHT,1.5,1.5,"CMD,2.4,1.50",1.881,0.4031,1.707,0.68,1,0.8174,0,NORMAL,54.027,0.724,1,1,1,1,2,148.9,58,3,dijkstra,graph,0.1031,0,,,,,,0,,,,51114,30896,996
1510,335.8639898300171,2026-03-06T13:33:08.052939,125.55,0.0,8.51,13.29,9.26,0.0,1.5,180.17,5.07,6.02,6.02,STRAIGHT,1.5,1.5,"CMD,6.0,1.50",2.165,0.098,2.083,0.215,1,0.3826,0,NORMAL,54.6,0.671,1,1,1,1,1,180.1,73,3,dijkstra,fallback_centerline,0.11552,0,,,,,,0,,,,61203,34615,1042
1511,336.06583857536316,2026-03-06T13:33:08.254788,126.98,0.0,9.52,14.04,10.2,0.0,0.0,182.58,5.06,7.438,7.012,STRAIGHT,1.5,1.5,"CMD,7.0,1.50",1.711,0.2518,1.596,0.335,1,0.5083,0,NORMAL,54.634,0.597,1,1,1,1,2,120.4,67,3,dijkstra,graph,0.15099,0,,,,,,0,,,,105973,45247,895
1512,336.2668035030365,2026-03-06T13:33:08.455753,123.88,0.0,8.14,15.97,10.86,0.0,0.0,180.97,5.06,10.632,7.438,STRAIGHT,1.5,1.5,"CMD,7.4,1.50",1.653,0.4251,1.448,0.498,1,0.8044,0,NORMAL,54.335,0.533,1,1,1,1,1,207.1,92,4,dijkstra,fallback_skeleton,0.13684,0,,,,,,0,,,,93314,40969,1050
1513,336.46077489852905,2026-03-06T13:33:08.649724,125.51,0.0,9.12,8.03,9.03,0.0,1.0,173.75,5.07,7.48,7.48,STRAIGHT,1.5,1.5,"CMD,7.5,1.50",1.978,0.0286,1.279,0.023,1,0.8331,0,NORMAL,54.141,0.52,1,1,1,1,2,63.9,15,4,dijkstra,graph,0.14628,0,,,,,,0,,,,109109,43864,755
1514,336.66175842285156,2026-03-06T13:33:08.850708,132.07,0.0,10.11,6.34,9.53,0.0,0.0,180.76,5.07,5.38,7.48,STRAIGHT,1.5,1.5,"CMD,7.5,1.50",3.943,0.0286,1.279,0.023,1,0.1544,1,WARN,53.788,0.436,1,1,1,1,2,63.9,15,4,dijkstra,graph,0.14628,0,,,,,,0,,,,109109,43864,755
1515,336.8680191040039,2026-03-06T13:33:09.056969,126.92,0.0,9.19,14.05,9.98,0.0,2.01,183.53,5.08,4.243,5.38,STRAIGHT,1.5,1.5,"CMD,5.4,1.50",3.408,0.0477,3.356,0.271,1,0.4952,0,NORMAL,53.242,0.429,1,1,1,1,1,188.3,73,4,dijkstra,fallback_centerline,0.1362,0,,,,,,0,,,,93761,40819,1008
1516,337.06404519081116,2026-03-06T13:33:09.252995,122.81,0.0,9.09,10.53,9.63,0.0,0.0,174.96,5.08,6.39,5.38,STRAIGHT,1.5,1.5,"CMD,5.4,1.50",1.928,0.2621,1.793,0.448,1,0.2315,0,WARN,53.219,0.44,1,1,1,1,2,127.2,52,5,dijkstra,graph,0.09149,0,,,,,,0,,,,54536,27432,964
1517,337.26087403297424,2026-03-06T13:33:09.449824,124.94,0.0,8.13,12.03,10.03,0.0,0.0,176.69,5.08,9.134,6.39,STRAIGHT,1.5,1.5,"CMD,6.4,1.50",1.679,0.3624,1.519,0.456,1,0.232,0,WARN,52.914,0.411,1,1,1,1,2,115.0,60,9,dijkstra,graph,0.08975,0,,,,,,0,,,,24301,27087,1102
1518,337.44971442222595,2026-03-06T13:33:09.638664,121.97,0.0,9.02,7.02,9.52,0.0,0.0,169.58,5.09,9.992,9.134,STRAIGHT,1.5,1.5,"CMD,9.1,1.50",1.637,0.2878,1.526,0.353,1,0.4308,0,NORMAL,52.265,0.364,1,1,1,1,2,92.9,33,6,dijkstra,graph,0.08448,0,,,,,,0,,,,17537,25684,902
1519,337.65974497795105,2026-03-06T13:33:09.848695,144.63,0.0,9.16,7.31,8.9,0.0,0.0,190.64,5.08,10.578,9.992,STRAIGHT,1.5,1.5,"CMD,10.0,1.50",1.56,0.2889,1.416,0.303,1,0.2555,0,WARN,52.005,0.317,1,1,1,1,2,75.4,25,7,dijkstra,graph,0.08085,0,,,,,,0,,,,13163,24538,917
1520,337.8464295864105,2026-03-06T13:33:10.035379,120.68,0.0,10.31,6.62,8.61,0.0,0.0,168.3,5.09,13.46,10.578,STRAIGHT,1.5,1.5,"CMD,10.6,1.50",1.599,0.4843,1.279,0.444,1,0.3931,0,NORMAL,51.38,0.328,1,1,1,1,2,68.7,24,7,dijkstra,graph,0.0614,0,,,,,,0,,,,7976,18693,1088
1521,338.03005361557007,2026-03-06T13:33:10.219003,122.88,0.0,8.29,4.05,6.88,0.0,0.0,164.06,5.11,17.953,13.46,RIGHT,1.464,1.495,"CMD,13.5,1.50",1.492,0.7058,1.187,0.643,1,0.349,0,WARN,50.862,0.238,1,1,1,1,2,70.1,9,4,dijkstra,graph,0.03738,0,,,,,,0,,,,5898,11290,548
1522,338.209406375885,2026-03-06T13:33:10.399358,125.48,0.0,8.02,3.01,4.51,0.0,0.0,161.3,5.12,21.969,17.953,RIGHT,1.351,1.477,"CMD,18.0,1.48",1.464,0.8807,1.05,0.703,1,0.0,1,WARN,50.32,0.251,1,1,1,1,2,65.3,7,3,dijkstra,graph,0.01651,0,,,,,,0,,,,5066,5239,293
1523,338.3901033401489,2026-03-06T13:33:10.579053,125.4,0.0,9.02,3.86,3.17,0.0,1.0,163.59,5.13,17.827,17.953,RIGHT,1.351,1.458,"CMD,18.0,1.46",1.537,0.2335,1.37,0.225,1,0.0408,2,WARN,50.177,0.195,1,1,1,1,1,73.2,14,3,dijkstra,fallback_centerline,0.01099,0,,,,,,0,,,,4350,3390,240
1524,338.56790566444397,2026-03-06T13:33:10.756855,125.35,0.0,9.09,3.11,4.11,0.0,0.0,161.77,5.14,15.129,17.827,RIGHT,1.354,1.44,"CMD,17.8,1.44",1.699,0.2382,1.359,0.226,1,0.0,3,WARN,50.025,0.134,1,1,1,1,1,72.9,14,2,dijkstra,fallback_centerline,0.00742,0,,,,,,0,,,,2251,2299,191
1525,338.7449417114258,2026-03-06T13:33:10.933891,122.8,0.0,9.03,3.0,3.51,0.0,0.0,159.5,5.15,12.562,15.129,RIGHT,1.422,1.43,"CMD,15.1,1.43",1.849,0.1811,1.322,0.161,1,0.0,4,WARN,50.951,0.053,1,1,1,1,1,68.2,7,1,dijkstra,fallback_centerline,0.00636,0,,,,,,0,,,,864,2004,120
1526,338.91813135147095,2026-03-06T13:33:11.107081,124.16,1.01,6.51,1.9,2.19,0.0,0.0,156.15,5.17,9.202,12.562,RIGHT,1.486,1.428,"CMD,12.6,1.43",2.543,0.0602,1.348,0.055,1,0.0,5,WARN,52.733,-0.018,1,1,1,1,1,68.0,0,0,dijkstra,fallback_centerline,0.00343,0,,,,,,0,,,,0,1073,83
1527,339.0918297767639,2026-03-06T13:33:11.280779,123.72,0.0,7.05,2.11,2.0,0.0,1.0,157.12,5.18,9.828,9.828,STRAIGHT,1.5,0.2,"CMD,9.8,0.20",4.0,0.272,1.317,0.244,1,0.0,6,LIMITED,55.297,-0.064,1,1,1,1,1,67.0,2,1,dijkstra,fallback_centerline,0.00159,0,,,,,,0,,,,0,555,50
1528,339.255095243454,2026-03-06T13:33:11.444045,120.64,0.0,7.01,0.0,2.01,0.0,0.0,149.21,5.22,9.835,9.828,STRAIGHT,1.5,0.2,"CMD,9.8,0.20",4.0,0.2411,1.317,0.215,1,0.0,7,LIMITED,59.344,-0.164,1,1,1,1,1,66.7,0,0,dijkstra,fallback_hold,0.0,0,,,,,,0,,,,0,94,0
1529,339.421240568161,2026-03-06T13:33:11.610190,121.89,0.0,6.26,1.0,1.0,0.0,0.0,151.37,5.24,9.469,9.828,STRAIGHT,1.5,0.2,"CMD,9.8,0.20",4.0,0.2134,1.317,0.189,1,0.0,8,LIMITED,62.612,-0.226,1,1,1,1,1,66.5,0,0,dijkstra,fallback_hold,0.0,0,,,,,,0,,,,0,0,0
1530,339.5975487232208,2026-03-06T13:33:11.786498,132.27,0.0,5.93,0.67,1.0,0.0,0.0,161.99,5.26,8.891,9.469,STRAIGHT,1.5,0.2,"CMD,9.5,0.20",4.0,0.1887,1.317,0.166,1,0.0,9,LIMITED,65.502,-0.366,1,1,1,1,1,66.4,0,0,dijkstra,fallback_hold,0.0,0,,,,,,0,,,,0,0,0
1531,339.76480531692505,2026-03-06T13:33:11.953755,124.94,0.0,6.02,1.12,1.0,0.0,0.59,154.73,5.29,8.208,8.891,STRAIGHT,1.5,0.2,"CMD,8.9,0.20",4.0,0.1666,1.317,0.146,1,0.0,10,LIMITED,67.307,-0.394,1,1,1,1,1,66.3,0,0,dijkstra,fallback_hold,0.0,0,,,,,,0,,,,0,0,0
1532,339.9280433654785,2026-03-06T13:33:12.116993,123.2,0.0,6.51,1.21,0.0,0.0,1.34,151.2,5.32,7.487,8.208,STRAIGHT,1.5,0.2,"CMD,8.2,0.20",4.0,0.147,1.317,0.129,1,0.0,11,LIMITED,67.447,-0.315,1,1,1,1,1,66.2,0,0,dijkstra,fallback_hold,0.0,0,,,,,,0,,,,0,0,0
1533,340.09309697151184,2026-03-06T13:33:12.282047,122.96,0.0,6.02,0.0,1.0,0.0,1.0,153.03,5.36,6.769,7.487,STRAIGHT,1.5,0.2,"CMD,7.5,0.20",4.0,0.1297,1.317,0.113,1,0.0,12,LIMITED,67.382,-0.09,1,1,1,1,1,66.1,0,0,dijkstra,fallback_hold,0.0,0,,,,,,0,,,,0,0,0
1534,340.2597825527191,2026-03-06T13:33:12.448732,123.0,0.0,7.06,1.0,1.0,0.0,0.0,153.07,5.38,6.081,6.769,STRAIGHT,1.5,0.2,"CMD,6.8,0.20",4.0,0.1143,1.317,0.1,1,0.0,13,LIMITED,59.914,0.055,1,1,1,1,1,66.0,0,0,dijkstra,fallback_hold,0.0,0,,,,,,0,,,,0,0,0
1535,340.42685079574585,2026-03-06T13:33:12.615800,123.84,0.0,7.01,0.0,1.02,0.0,1.01,153.97,5.4,5.437,6.081,STRAIGHT,1.5,0.2,"CMD,6.1,0.20",4.0,0.1007,1.317,0.088,1,0.0,14,LIMITED,51.507,0.137,1,1,1,1,1,66.0,0,0,dijkstra,fallback_hold,0.0,0,,,,,,0,,,,0,0,0
1536,340.6074938774109,2026-03-06T13:33:12.796443,137.43,0.0,6.51,0.62,1.0,0.0,0.0,166.5,5.42,4.843,5.437,STRAIGHT,1.5,0.2,"CMD,5.4,0.20",4.0,0.0887,1.317,0.077,1,0.0,15,LIMITED,52.492,0.11,1,1,1,1,1,66.0,0,0,dijkstra,fallback_hold,0.0,0,,,,,,0,,,,0,0,0
1537,340.775785446167,2026-03-06T13:33:12.964735,123.91,0.0,6.17,0.5,1.01,0.0,0.0,153.67,5.44,4.302,4.843,STRAIGHT,1.5,0.2,"CMD,4.8,0.20",4.0,0.0781,1.317,0.068,1,0.0,16,LIMITED,53.438,0.019,1,1,1,1,1,65.9,0,0,dijkstra,fallback_hold,0.0,0,,,,,,0,,,,0,0,0
1538,340.9399662017822,2026-03-06T13:33:13.128916,122.01,0.0,6.02,0.0,1.0,0.0,0.0,150.15,5.5,3.813,4.302,STRAIGHT,1.5,0.2,"CMD,4.3,0.20",4.0,0.0688,1.317,0.06,1,0.0,17,LIMITED,54.081,0.092,1,1,1,1,1,65.9,0,0,dijkstra,fallback_hold,0.0,0,,,,,,0,,,,0,0,0
1539,341.10554695129395,2026-03-06T13:33:13.294497,120.99,0.0,7.28,0.5,0.78,0.0,0.0,151.29,5.53,3.374,3.813,STRAIGHT,1.5,0.2,"CMD,3.8,0.20",4.0,0.0606,1.317,0.053,1,0.0,18,LIMITED,54.711,0.157,1,1,1,1,1,65.9,0,0,dijkstra,fallback_hold,0.0,0,,,,,,0,,,,0,0,0
1540,341.2722373008728,2026-03-06T13:33:13.461187,123.56,0.0,6.79,0.0,1.0,0.0,1.0,153.03,5.57,2.983,3.374,STRAIGHT,1.5,0.2,"CMD,3.4,0.20",4.0,0.0533,1.317,0.046,1,0.0,19,LIMITED,55.836,0.233,1,1,1,1,1,65.9,0,0,dijkstra,fallback_hold,0.0,0,,,,,,0,,,,0,0,0
1541,341.43587493896484,2026-03-06T13:33:13.624825,122.26,0.0,0.0,0.5,0.84,0.0,0.0,151.62,5.61,2.634,2.983,STRAIGHT,1.5,0.2,"CMD,3.0,0.20",4.0,0.0469,1.317,0.041,1,0.0,20,LIMITED,58.918,0.689,1,1,1,1,1,65.9,0,0,dijkstra,fallback_hold,0.0,0,,,,,,0,,,,0,0,0
1542,341.6168086528778,2026-03-06T13:33:13.805758,138.62,0.0,6.65,1.01,1.0,0.0,0.0,167.68,5.62,2.324,2.634,STRAIGHT,1.5,0.2,"CMD,2.6,0.20",4.0,0.0413,1.317,0.036,1,0.0,21,LIMITED,60.724,0.927,1,1,1,1,1,65.9,0,0,dijkstra,fallback_hold,0.0,0,,,,,,0,,,,0,0,0
1543,341.7782335281372,2026-03-06T13:33:13.967183,117.84,0.0,7.08,0.0,2.14,0.0,0.0,147.37,5.67,2.049,2.324,STRAIGHT,1.5,0.2,"CMD,2.3,0.20",4.0,0.0364,1.317,0.032,1,0.0,22,LIMITED,61.497,1.05,1,1,1,1,1,65.9,0,0,dijkstra,fallback_hold,0.0,0,,,,,,0,,,,0,0,0
1544,341.9441647529602,2026-03-06T13:33:14.133114,123.47,0.0,5.51,0.0,1.0,0.0,1.0,151.54,5.71,1.806,2.049,STRAIGHT,1.5,0.2,"CMD,2.0,0.20",4.0,0.032,1.317,0.028,1,0.0,23,LIMITED,63.738,1.162,1,1,1,1,1,65.9,0,0,dijkstra,fallback_hold,0.0,0,,,,,,0,,,,0,0,0
1545,342.10847210884094,2026-03-06T13:33:14.297422,121.32,0.0,7.01,1.0,1.0,0.0,0.0,150.78,5.75,1.591,1.806,STRAIGHT,1.5,0.2,"CMD,1.8,0.20",4.0,0.0282,1.317,0.024,1,0.0,24,LIMITED,63.926,1.263,1,1,1,1,1,65.9,0,0,dijkstra,fallback_hold,0.0,0,,,,,,0,,,,0,0,0
1546,342.2760410308838,2026-03-06T13:33:14.464991,123.07,0.0,7.65,1.0,0.89,0.0,0.0,153.2,5.78,1.402,1.591,STRAIGHT,1.5,0.2,"CMD,1.6,0.20",4.0,0.0248,1.317,0.022,1,0.0,25,LIMITED,63.746,1.396,1,1,1,1,1,65.9,0,0,dijkstra,fallback_hold,0.0,0,,,,,,0,,,,0,0,0
1547,342.4425559043884,2026-03-06T13:33:14.631506,122.46,0.0,6.69,0.0,1.0,0.0,0.0,152.19,5.81,1.234,1.402,STRAIGHT,1.5,0.2,"CMD,1.4,0.20",4.0,0.0218,1.317,0.019,1,0.0,26,LIMITED,64.142,1.452,1,1,1,1,1,65.9,0,0,dijkstra,fallback_hold,0.0,0,,,,,,0,,,,0,0,0
1548,342.61512875556946,2026-03-06T13:33:14.804078,128.05,0.0,6.52,1.59,1.0,0.0,0.0,157.82,5.85,1.087,1.234,STRAIGHT,1.5,0.2,"CMD,1.2,0.20",4.0,0.0192,1.317,0.017,1,0.0,27,LIMITED,64.303,1.684,1,1,1,1,1,65.9,0,0,dijkstra,fallback_hold,0.0,0,,,,,,0,,,,0,0,0
1549,342.7847809791565,2026-03-06T13:33:14.973731,126.0,0.0,5.22,1.0,1.5,0.0,0.52,155.27,5.87,0.957,1.087,STRAIGHT,1.5,0.2,"CMD,1.1,0.20",4.0,0.0169,1.317,0.015,1,0.0,28,LIMITED,65.545,1.872,1,1,1,1,1,65.8,0,0,dijkstra,fallback_hold,0.0,0,,,,,,0,,,,0,0,0
1550,342.9570269584656,2026-03-06T13:33:15.145977,126.92,0.0,7.01,0.93,1.09,0.0,0.0,158.19,5.89,0.842,0.957,STRAIGHT,1.5,0.2,"CMD,1.0,0.20",4.0,0.0149,1.317,0.013,1,0.0,29,LIMITED,65.047,2.165,1,1,1,1,1,65.8,0,0,dijkstra,fallback_hold,0.0,0,,,,,,0,,,,0,0,0
1551,343.12486481666565,2026-03-06T13:33:15.313814,125.7,0.0,6.21,1.5,0.5,0.0,0.0,152.6,5.9,0.741,0.842,STRAIGHT,1.5,0.2,"CMD,0.8,0.20",4.0,0.0131,1.317,0.011,1,0.0,30,LIMITED,62.595,2.416,1,1,1,1,1,65.8,0,0,dijkstra,fallback_hold,0.0,0,,,,,,0,,,,0,0,0
1552,343.2904758453369,2026-03-06T13:33:15.479425,120.99,0.0,6.03,1.0,0.0,0.0,0.0,149.07,5.92,0.653,0.741,STRAIGHT,1.5,0.2,"CMD,0.7,0.20",4.0,0.0115,1.317,0.01,1,0.0,31,LIMITED,59.491,2.795,1,1,1,1,1,65.8,0,0,dijkstra,fallback_hold,0.0,0,,,,,,0,,,,60,0,0
1553,343.45886278152466,2026-03-06T13:33:15.647812,122.45,0.0,6.3,0.0,1.0,0.0,0.0,152.36,5.93,0.574,0.653,STRAIGHT,1.5,0.2,"CMD,0.7,0.20",4.0,0.0101,1.317,0.009,1,0.0025,32,LIMITED,58.284,2.997,1,1,1,1,1,65.8,0,0,dijkstra,fallback_hold,0.0,0,,,,,,0,,,,201,0,0
1554,343.64781308174133,2026-03-06T13:33:15.836763,146.66,0.0,6.33,0.0,1.0,0.0,0.0,173.66,5.91,0.506,0.574,STRAIGHT,1.5,0.2,"CMD,0.6,0.20",4.0,0.0089,1.317,0.008,1,0.0379,33,LIMITED,54.423,3.0,1,1,1,1,1,65.8,0,0,dijkstra,fallback_hold,0.0,0,,,,,,0,,,,406,0,0
1555,343.8175778388977,2026-03-06T13:33:16.006528,126.28,0.0,6.12,0.0,1.0,0.0,0.0,153.66,5.92,0.445,0.506,STRAIGHT,1.5,0.2,"CMD,0.5,0.20",4.0,0.0078,1.317,0.007,1,0.0,34,LIMITED,52.613,3.0,1,1,1,1,1,65.8,0,0,dijkstra,fallback_hold,0.0,0,,,,,,0,,,,52,0,0
1556,343.9870045185089,2026-03-06T13:33:16.175954,125.64,0.0,7.01,0.0,1.2,0.0,0.0,152.98,5.92,0.392,0.445,STRAIGHT,1.5,0.2,"CMD,0.4,0.20",4.0,0.0069,1.317,0.006,1,0.0,35,LIMITED,52.343,3.0,1,1,1,1,1,65.8,0,0,dijkstra,fallback_hold,0.0,0,,,,,,0,,,,0,0,0
1557,344.15270137786865,2026-03-06T13:33:16.341651,122.19,0.0,7.02,1.0,1.0,0.0,0.0,151.76,5.92,0.345,0.392,STRAIGHT,1.5,0.2,"CMD,0.4,0.20",4.0,0.0061,1.317,0.005,1,0.0,36,LIMITED,51.305,3.0,1,1,1,1,1,65.8,0,0,dijkstra,fallback_hold,0.0,0,,,,,,0,,,,420,0,0
1558,344.320392370224,2026-03-06T13:33:16.509342,123.73,0.0,6.61,1.0,1.0,0.0,0.0,152.42,5.92,0.303,0.345,STRAIGHT,1.5,0.2,"CMD,0.3,0.20",4.0,0.0053,1.317,0.005,1,0.0076,37,LIMITED,50.843,3.0,1,1,1,1,1,65.8,0,0,dijkstra,fallback_hold,0.0,0,,,,,,0,,,,1102,0,0
1559,344.48997831344604,2026-03-06T13:33:16.678928,123.36,0.0,7.69,1.0,0.0,0.0,0.0,153.51,5.93,0.267,0.303,STRAIGHT,1.5,0.2,"CMD,0.3,0.20",4.0,0.0047,1.317,0.004,1,0.087,38,LIMITED,50.17,3.0,1,1,1,1,1,65.8,0,0,dijkstra,fallback_hold,0.0,0,,,,,,0,,,,1838,0,0
1560,344.66593384742737,2026-03-06T13:33:16.854883,131.19,0.0,6.5,0.0,1.02,0.0,0.0,160.5,5.92,0.235,0.267,STRAIGHT,1.5,0.2,"CMD,0.3,0.20",4.0,0.0041,1.317,0.004,1,0.0843,39,LIMITED,50.039,3.0,1,1,1,1,1,65.8,0,0,dijkstra,fallback_hold,0.0,0,,,,,,0,,,,4175,0,0
1561,344.8327102661133,2026-03-06T13:33:17.021660,121.71,0.0,6.52,0.0,1.0,0.0,0.0,150.26,5.91,0.207,0.235,STRAIGHT,1.5,0.2,"CMD,0.2,0.20",4.0,0.0036,1.317,0.003,1,0.0334,40,LIMITED,50.115,3.0,1,1,1,1,1,65.8,0,0,dijkstra,fallback_hold,0.0,0,,,,,,0,,,,5407,0,0
1562,345.003937959671,2026-03-06T13:33:17.192888,122.4,0.0,8.76,1.0,1.26,0.0,0.0,153.54,5.91,0.182,0.207,STRAIGHT,1.5,0.2,"CMD,0.2,0.20",4.0,0.0032,1.317,0.003,1,0.0376,41,LIMITED,50.086,3.0,1,1,1,1,1,65.8,0,0,dijkstra,fallback_hold,0.0,0,,,,,,0,,,,8155,0,0
1563,345.17553329467773,2026-03-06T13:33:17.364483,125.24,0.0,8.4,0.51,0.85,0.0,0.0,155.55,5.9,0.16,0.182,STRAIGHT,1.5,0.2,"CMD,0.2,0.20",4.0,0.0028,1.317,0.002,1,0.0548,42,LIMITED,50.145,3.0,1,1,1,1,1,65.8,0,0,dijkstra,fallback_hold,0.0,0,,,,,,0,,,,17519,0,0
1564,345.34981966018677,2026-03-06T13:33:17.538769,124.53,0.0,9.03,0.0,1.0,0.0,0.0,157.13,5.89,0.141,0.16,STRAIGHT,1.5,0.2,"CMD,0.2,0.20",4.0,0.0025,1.317,0.002,1,0.1179,43,LIMITED,50.056,3.0,1,1,1,1,1,65.8,0,0,dijkstra,fallback_hold,0.0,0,,,,,,0,,,,116848,0,0
1565,345.5270709991455,2026-03-06T13:33:17.716020,125.82,0.0,9.08,0.0,0.91,0.0,1.1,158.97,5.89,0.124,0.141,STRAIGHT,1.5,0.2,"CMD,0.1,0.20",4.0,0.0022,1.317,0.002,1,0.676,42,LIMITED,50.037,3.0,1,1,1,1,1,65.8,0,0,dijkstra,fallback_hold,0.0,0,,,,,,0,,,,101376,0,0
1566,345.6979238986969,2026-03-06T13:33:17.886873,121.87,0.0,8.11,1.0,1.0,0.0,0.0,152.82,5.89,0.109,0.124,STRAIGHT,1.5,0.2,"CMD,0.1,0.20",4.0,0.0019,1.317,0.002,1,0.7466,41,LIMITED,50.005,3.0,1,1,1,1,1,65.8,0,0,dijkstra,fallback_hold,0.0,0,,,,,,0,,,,122415,0,0
1567,345.87613463401794,2026-03-06T13:33:18.065084,122.9,0.0,8.46,2.0,3.98,0.0,0.0,160.2,5.88,2.348,0.124,STRAIGHT,1.5,0.2,"CMD,0.1,0.20",2.084,0.1663,1.647,0.23,1,0.8848,40,LIMITED,50.057,3.0,1,1,1,1,1,75.8,9,1,dijkstra,fallback_centerline,0.00965,0,,,,,,0,,,,134853,3029,237
1568,346.0672755241394,2026-03-06T13:33:18.256225,122.9,0.0,9.02,10.03,9.22,0.0,0.0,171.4,5.84,2.588,2.348,STRAIGHT,1.5,0.2,"CMD,2.3,0.20",2.592,0.0744,2.555,0.245,1,0.8636,39,LIMITED,50.175,3.0,1,1,1,1,1,141.1,66,8,dijkstra,fallback_centerline,0.06556,0,,,,,,0,,,,121567,19930,1071
1569,346.2607169151306,2026-03-06T13:33:18.449667,123.26,0.0,9.02,11.52,11.02,0.0,0.0,175.91,5.81,2.701,2.588,STRAIGHT,1.5,0.2,"CMD,2.6,0.20",2.644,0.071,2.609,0.244,1,0.855,38,LIMITED,50.519,3.0,1,1,1,1,1,166.5,68,7,dijkstra,fallback_centerline,0.09145,0,,,,,,0,,,,110093,27786,1332
1570,346.45301699638367,2026-03-06T13:33:18.641967,122.14,0.0,8.85,10.03,10.02,0.0,0.0,174.07,5.78,2.683,2.683,STRAIGHT,1.5,0.2,"CMD,2.7,0.20",2.809,0.0642,2.777,0.25,1,0.1725,39,LIMITED,51.219,3.0,1,1,1,1,1,172.8,69,10,dijkstra,fallback_centerline,0.09114,0,,,,,,0,,,,110390,28152,1265
1571,346.6654794216156,2026-03-06T13:33:18.854429,139.41,0.0,9.04,10.1,10.45,0.0,0.0,191.37,5.74,2.621,2.683,STRAIGHT,1.5,0.2,"CMD,2.7,0.20",2.903,0.0606,2.873,0.252,1,0.6847,38,LIMITED,50.079,3.0,1,1,1,1,1,173.2,56,11,dijkstra,fallback_centerline,0.09415,0,,,,,,0,,,,88140,28946,1221
1572,346.86204385757446,2026-03-06T13:33:19.050994,121.46,0.0,7.01,12.32,13.03,0.0,1.0,175.8,5.7,2.601,2.621,STRAIGHT,1.5,0.2,"CMD,2.6,0.20",2.863,0.0621,2.833,0.251,1,0.5986,37,LIMITED,50.126,3.0,1,1,1,1,1,207.4,64,9,dijkstra,fallback_centerline,0.0968,0,,,,,,0,,,,53033,29409,1466
1573,347.05585265159607,2026-03-06T13:33:19.244802,124.72,0.0,7.02,12.12,12.87,0.0,0.0,176.78,5.67,2.532,2.601,STRAIGHT,1.5,0.2,"CMD,2.6,0.20",2.957,0.0581,2.93,0.251,1,0.5723,36,LIMITED,50.173,3.0,1,1,1,1,1,213.8,70,9,dijkstra,fallback_centerline,0.08417,0,,,,,,0,,,,32866,25437,1161
1574,347.2492904663086,2026-03-06T13:33:19.438240,123.51,0.0,6.51,11.21,11.27,0.0,0.0,174.55,5.64,2.146,2.532,STRAIGHT,1.5,0.2,"CMD,2.5,0.20",3.83,0.0334,3.825,0.245,1,0.3778,35,LIMITED,50.146,3.0,1,1,1,1,1,205.9,70,7,dijkstra,fallback_centerline,0.06649,0,,,,,,0,,,,50051,20068,817
1575,347.44495487213135,2026-03-06T13:33:19.633905,124.69,0.0,8.19,10.02,12.01,0.0,0.0,176.98,5.61,1.889,2.146,STRAIGHT,1.5,0.2,"CMD,2.1,0.20",3.83,0.0334,3.825,0.245,1,0.3322,35,LIMITED,50.117,3.0,1,1,1,1,2,404.9,66,3,dijkstra,graph,0.07213,0,,,,,,0,,,,91454,22126,757
1576,347.65784096717834,2026-03-06T13:33:19.846791,137.42,0.0,8.52,10.8,12.29,0.0,0.0,191.6,5.56,2.243,2.146,STRAIGHT,1.5,0.2,"CMD,2.1,0.20",2.619,0.0716,2.585,0.241,1,0.5446,34,LIMITED,50.06,3.0,1,1,1,1,1,140.1,65,6,dijkstra,fallback_centerline,0.08934,0,,,,,,0,,,,159685,27111,1120
1577,347.8600227832794,2026-03-06T13:33:20.048972,125.89,0.0,10.52,11.32,13.02,0.0,0.0,180.58,5.53,2.417,2.243,STRAIGHT,1.5,0.2,"CMD,2.2,0.20",2.752,0.0671,2.72,0.25,1,0.9507,33,LIMITED,50.056,3.0,1,1,1,1,1,209.9,53,6,dijkstra,fallback_centerline,0.0964,0,,,,,,0,,,,160951,29459,1072
1578,348.0648045539856,2026-03-06T13:33:20.253754,120.31,0.0,8.02,12.03,20.66,0.0,0.0,184.34,5.49,2.534,2.417,STRAIGHT,1.5,0.2,"CMD,2.4,0.20",2.752,0.0671,2.72,0.25,1,0.7911,32,LIMITED,50.009,3.0,1,1,1,1,1,414.8,56,8,dijkstra,fallback_skeleton,0.10413,0,,,,,,0,,,,131614,32094,1354
1579,348.27123761177063,2026-03-06T13:33:20.460187,123.73,0.0,10.11,12.52,17.19,0.0,0.0,183.59,5.46,2.612,2.534,STRAIGHT,1.5,0.2,"CMD,2.5,0.20",2.752,0.0671,2.72,0.25,1,0.8731,31,LIMITED,50.098,3.0,1,1,1,1,1,446.0,64,9,dijkstra,fallback_skeleton,0.1363,0,,,,,,0,,,,144823,41388,1752
1580,348.4786570072174,2026-03-06T13:33:20.667607,120.97,0.0,10.06,12.05,18.79,0.0,0.0,184.09,5.42,2.663,2.612,STRAIGHT,1.5,0.2,"CMD,2.6,0.20",2.752,0.0671,2.72,0.25,1,0.9193,30,LIMITED,50.022,2.783,1,1,1,1,1,490.9,55,9,dijkstra,fallback_skeleton,0.19831,0,,,,,,0,,,,147407,59930,1890
1581,348.7031843662262,2026-03-06T13:33:20.892134,124.51,0.0,10.02,23.39,19.07,0.0,1.0,200.48,5.36,2.698,2.663,STRAIGHT,1.5,0.2,"CMD,2.7,0.20",2.752,0.0671,2.72,0.25,1,0.915,29,LIMITED,50.396,2.547,1,1,1,1,1,519.9,124,9,dijkstra,fallback_skeleton,0.2514,0,,,,,,0,,,,147604,75493,2022
1582,348.9150137901306,2026-03-06T13:33:21.103963,121.46,0.0,8.62,19.17,17.36,0.0,0.0,188.0,5.31,2.721,2.698,STRAIGHT,1.5,0.2,"CMD,2.7,0.20",2.752,0.0671,2.72,0.25,1,0.8822,28,LIMITED,50.042,2.446,1,1,1,1,1,504.2,103,11,dijkstra,fallback_skeleton,0.26711,0,,,,,,0,,,,155352,80142,2090
1583,349.13506507873535,2026-03-06T13:33:21.324015,128.34,0.0,9.02,17.62,18.34,0.0,0.0,194.85,5.28,2.736,2.721,STRAIGHT,1.5,0.2,"CMD,2.7,0.20",2.752,0.0671,2.72,0.25,1,0.9514,27,LIMITED,50.001,2.332,1,1,1,1,1,445.8,89,12,dijkstra,fallback_skeleton,0.26981,0,,,,,,0,,,,154755,80873,2098
1584,349.34714460372925,2026-03-06T13:33:21.536094,123.72,0.0,9.51,13.95,19.04,0.0,0.0,188.33,5.24,2.746,2.736,STRAIGHT,1.5,0.2,"CMD,2.7,0.20",2.752,0.0671,2.72,0.25,1,0.952,26,LIMITED,50.031,2.117,1,1,1,1,1,435.5,76,11,dijkstra,fallback_skeleton,0.27591,0,,,,,,0,,,,157764,82761,2142
1585,349.5629963874817,2026-03-06T13:33:21.751946,122.17,0.0,10.99,18.21,19.05,0.0,0.0,191.05,5.2,2.753,2.746,STRAIGHT,1.5,0.2,"CMD,2.7,0.20",2.752,0.0671,2.72,0.25,1,0.944,25,LIMITED,50.009,2.053,1,1,1,1,1,429.2,105,12,dijkstra,fallback_skeleton,0.28616,0,,,,,,0,,,,158684,85787,2092
1586,349.78384017944336,2026-03-06T13:33:21.972790,122.91,0.0,9.52,22.65,19.88,0.0,0.0,196.7,5.15,2.432,2.746,STRAIGHT,1.5,0.2,"CMD,2.7,0.20",4.0,0.0434,1.05,0.024,1,0.8604,24,LIMITED,50.004,1.883,1,1,1,1,2,52.5,129,14,dijkstra,graph,0.30314,0,,,,,,0,,,,177159,90922,2463
1587,350.00464272499084,2026-03-06T13:33:22.193592,122.66,0.0,9.4,24.53,18.24,0.0,0.5,196.79,5.1,2.172,2.432,STRAIGHT,1.5,0.2,"CMD,2.4,0.20",4.0,0.0401,1.096,0.024,1,0.8501,23,LIMITED,50.034,1.8,1,1,1,1,2,54.8,150,11,dijkstra,graph,0.30105,0,,,,,,0,,,,163380,89936,2243
1588,350.21179461479187,2026-03-06T13:33:22.400744,121.13,0.0,9.02,15.54,16.1,0.0,0.0,183.92,5.07,1.949,2.172,STRAIGHT,1.5,0.2,"CMD,2.2,0.20",4.0,0.0365,1.142,0.024,1,0.8987,22,LIMITED,50.019,1.689,1,1,1,1,2,57.1,88,9,dijkstra,graph,0.28554,0,,,,,,0,,,,156547,85427,1666
1589,350.43476390838623,2026-03-06T13:33:22.623714,123.24,0.0,9.23,25.23,19.04,0.0,0.51,199.64,5.03,1.692,1.949,STRAIGHT,1.5,0.2,"CMD,1.9,0.20",4.0,0.0286,1.279,0.023,1,0.9305,21,LIMITED,50.073,1.713,1,1,1,1,2,63.9,160,9,dijkstra,graph,0.28242,0,,,,,,0,,,,159045,84481,2216
1590,350.65910243988037,2026-03-06T13:33:22.848052,133.55,0.0,10.28,18.06,16.05,0.0,0.0,200.28,4.98,1.521,1.692,STRAIGHT,1.5,0.2,"CMD,1.7,0.20",4.0,0.0286,1.279,0.023,1,0.8987,20,LIMITED,50.33,1.558,1,1,1,1,2,63.9,99,13,dijkstra,graph,0.2812,0,,,,,,0,,,,158081,84285,1742
1591,350.86008501052856,2026-03-06T13:33:23.049035,121.51,0.0,9.8,11.62,15.27,0.0,0.0,179.46,4.95,1.349,1.521,STRAIGHT,1.5,0.2,"CMD,1.5,0.20",4.0,0.0244,1.37,0.023,1,0.9208,19,LIMITED,50.621,1.453,1,1,1,1,2,68.5,59,9,dijkstra,graph,0.26905,0,,,,,,0,,,,158033,80464,1375
1592,351.0740559101105,2026-03-06T13:33:23.263005,122.41,0.0,10.04,21.93,16.22,0.0,0.0,191.29,4.92,1.171,1.349,STRAIGHT,1.5,0.2,"CMD,1.3,0.20",4.0,0.0197,1.507,0.022,1,0.8911,18,LIMITED,51.497,1.299,1,1,1,1,2,75.4,129,6,dijkstra,graph,0.26238,0,,,,,,0,,,,153991,78386,1707
1593,351.28477025032043,2026-03-06T13:33:23.473720,117.02,0.0,9.02,23.09,16.54,0.0,0.0,188.65,4.89,1.016,1.171,STRAIGHT,1.5,0.2,"CMD,1.2,0.20",4.0,0.0171,1.598,0.022,1,0.9205,17,LIMITED,52.863,1.063,1,1,1,1,2,79.9,131,12,dijkstra,graph,0.25775,0,,,,,,0,,,,152130,77152,1769
1594,351.49038314819336,2026-03-06T13:33:23.679333,121.68,0.0,10.01,14.72,15.21,0.0,0.0,183.55,4.86,0.9,1.016,STRAIGHT,1.5,0.2,"CMD,1.0,0.20",4.0,0.0162,1.644,0.022,1,0.9001,16,LIMITED,54.335,0.96,1,1,1,1,2,82.2,65,6,dijkstra,graph,0.27279,0,,,,,,0,,,,153172,81643,1303
1595,351.7049911022186,2026-03-06T13:33:23.893941,122.58,0.0,9.74,22.15,15.03,0.0,0.0,191.97,4.83,0.808,0.9,STRAIGHT,1.5,0.2,"CMD,0.9,0.20",4.0,0.0151,1.689,0.022,1,0.9116,15,LIMITED,59.087,0.74,1,1,1,1,2,84.5,131,8,dijkstra,graph,0.24347,0,,,,,,0,,,,147194,72855,1739
1596,351.90274953842163,2026-03-06T13:33:24.091699,120.17,0.0,8.77,12.32,13.53,0.0,0.0,175.09,4.81,0.737,0.808,STRAIGHT,1.5,0.2,"CMD,0.8,0.20",4.0,0.0144,1.735,0.022,1,0.9044,14,LIMITED,61.712,0.964,1,1,1,1,2,86.8,45,7,dijkstra,graph,0.2351,0,,,,,,0,,,,143806,70330,1261
1597,352.0987560749054,2026-03-06T13:33:24.287706,119.22,0.0,10.21,10.57,12.09,0.0,0.0,173.61,4.81,0.689,0.737,STRAIGHT,1.5,0.2,"CMD,0.7,0.20",4.0,0.0144,1.735,0.022,1,0.9388,13,LIMITED,62.944,0.865,1,1,1,1,2,86.8,50,8,dijkstra,graph,0.23165,0,,,,,,0,,,,143159,69287,1203
1598,352.29809975624084,2026-03-06T13:33:24.487049,118.52,0.0,8.96,15.03,15.05,0.0,0.0,179.59,4.8,0.637,0.689,STRAIGHT,1.5,0.2,"CMD,0.7,0.20",4.0,0.0129,1.826,0.022,1,0.9272,12,LIMITED,64.675,0.789,1,1,1,1,2,91.3,69,6,dijkstra,graph,0.24213,0,,,,,,0,,,,150044,72438,1463
1599,352.51877188682556,2026-03-06T13:33:24.707721,121.63,0.0,9.46,27.26,16.74,0.0,0.0,197.92,4.78,0.586,0.637,STRAIGHT,1.5,0.2,"CMD,0.6,0.20",4.0,0.0117,1.918,0.022,1,0.9333,11,LIMITED,66.619,0.723,1,1,1,1,2,95.9,160,7,dijkstra,graph,0.24924,0,,,,,,0,,,,155559,74605,2150
1600,352.7308118343353,2026-03-06T13:33:24.919762,118.58,0.0,9.01,22.63,15.69,0.0,0.0,188.19,4.78,0.082,0.586,STRAIGHT,1.5,0.2,"CMD,0.6,0.20",2.817,-0.0224,2.009,-0.045,1,0.9222,10,LIMITED,67.824,0.743,1,1,1,1,2,104.0,126,7,dijkstra,graph,0.23981,0,,,,,,0,,,,148155,71546,1658
1601,352.9395594596863,2026-03-06T13:33:25.128509,122.89,0.0,9.84,15.19,15.53,0.0,0.0,185.19,4.77,-0.779,0.082,STRAIGHT,1.5,0.2,"CMD,0.1,0.20",2.24,-0.0606,2.055,-0.129,1,0.9684,9,LIMITED,68.825,0.693,1,1,1,1,2,108.0,72,7,dijkstra,graph,0.23963,0,,,,,,0,,,,148271,71746,1456
1602,353.1480014324188,2026-03-06T13:33:25.336951,119.18,0.0,10.17,19.9,13.13,0.0,0.0,185.04,4.76,-1.056,-0.779,STRAIGHT,1.5,0.2,"CMD,-0.8,0.20",2.473,-0.039,2.009,-0.079,1,0.9752,8,LIMITED,70.711,0.39,1,1,1,1,2,104.8,136,8,dijkstra,graph,0.24039,0,,,,,,0,,,,147625,71953,1855
1603,353.35907220840454,2026-03-06T13:33:25.548022,123.3,0.0,8.43,17.63,15.35,0.0,0.0,186.79,4.75,-1.299,-1.056,STRAIGHT,1.5,0.2,"CMD,-1.1,0.20",2.402,-0.0433,2.009,-0.088,1,0.9808,7,LIMITED,70.711,-0.527,1,1,1,1,2,107.1,90,8,dijkstra,graph,0.2375,0,,,,,,0,,,,147145,71065,1628
1604,353.5627455711365,2026-03-06T13:33:25.751695,121.31,0.0,10.52,13.85,14.53,0.0,0.0,181.98,4.74,-1.644,-1.299,STRAIGHT,1.5,0.2,"CMD,-1.3,0.20",2.219,-0.0566,2.009,-0.115,1,0.975,6,LIMITED,70.711,-1.296,1,1,1,1,2,110.3,63,6,dijkstra,graph,0.23339,0,,,,,,0,,,,145880,69808,1327
1605,353.7638409137726,2026-03-06T13:33:25.952791,120.84,0.0,10.03,14.37,12.64,0.0,0.0,178.84,4.75,-0.929,-1.299,STRAIGHT,1.5,1.5,"CMD,-1.3,1.50",4.0,0.0122,1.872,0.021,1,0.9687,5,NORMAL,70.711,-2.111,1,1,1,1,2,93.6,62,6,dijkstra,graph,0.2287,0,,,,,,0,,,,146227,68462,1246
1606,353.9779839515686,2026-03-06T13:33:26.166933,121.93,0.0,9.08,23.13,16.16,0.0,0.0,192.5,4.74,-0.458,-0.929,STRAIGHT,1.5,1.5,"CMD,-0.9,1.50",4.0,0.0117,1.918,0.022,1,0.9733,4,NORMAL,70.711,-2.625,1,1,1,1,2,95.9,139,9,dijkstra,graph,0.2381,0,,,,,,0,,,,148020,71254,1820
1607,354.17942214012146,2026-03-06T13:33:26.368372,120.58,0.0,10.01,14.55,14.24,0.0,0.0,179.4,4.74,-0.138,-0.458,STRAIGHT,1.5,1.5,"CMD,-0.5,1.50",4.0,0.0122,1.872,0.021,1,0.9747,3,NORMAL,70.711,-3.0,1,1,1,1,2,93.6,73,5,dijkstra,graph,0.23727,0,,,,,,0,,,,147816,71052,1464
1608,354.38423895835876,2026-03-06T13:33:26.573189,120.74,0.0,10.02,14.24,15.03,0.0,0.0,182.22,4.74,0.086,-0.138,STRAIGHT,1.5,1.5,"CMD,-0.1,1.50",4.0,0.0129,1.826,0.022,1,0.959,2,NORMAL,70.711,-3.0,1,1,1,1,2,91.3,75,6,dijkstra,graph,0.22607,0,,,,,,0,,,,143716,67783,1413
1609,354.59593534469604,2026-03-06T13:33:26.784885,128.11,0.0,9.3,17.04,13.83,0.0,0.0,189.1,4.74,0.235,0.086,STRAIGHT,1.5,1.5,"CMD,0.1,1.50",4.0,0.0129,1.826,0.022,1,0.9688,1,NORMAL,70.711,-3.0,1,1,1,1,2,91.3,82,6,dijkstra,graph,0.22779,0,,,,,,0,,,,146321,68121,1405
1610,354.8021352291107,2026-03-06T13:33:26.991085,123.03,0.0,9.22,16.07,15.03,0.0,0.0,184.54,4.75,0.342,0.235,STRAIGHT,1.5,1.5,"CMD,0.2,1.50",4.0,0.0135,1.781,0.021,1,0.9727,0,NORMAL,70.711,-3.0,1,1,1,1,2,89.1,77,10,dijkstra,graph,0.23174,0,,,,,,0,,,,145666,69422,1476
1611,355.0048246383667,2026-03-06T13:33:27.193774,122.3,0.0,8.87,14.12,15.04,0.0,0.0,179.97,4.76,0.414,0.342,STRAIGHT,1.5,1.5,"CMD,0.3,1.50",4.0,0.0135,1.781,0.021,1,0.9755,0,NORMAL,70.711,-3.0,1,1,1,1,2,89.1,67,6,dijkstra,graph,0.23448,0,,,,,,0,,,,146839,70016,1381
1612,355.2059910297394,2026-03-06T13:33:27.394941,120.94,0.0,7.87,13.02,14.88,0.0,0.0,179.45,4.78,0.474,0.414,STRAIGHT,1.5,1.5,"CMD,0.4,1.50",4.0,0.0144,1.735,0.022,1,0.9722,0,NORMAL,70.711,-3.0,1,1,1,1,2,86.8,60,7,dijkstra,graph,0.23132,0,,,,,,0,,,,144352,69152,1385
1613,355.41211676597595,2026-03-06T13:33:27.601066,123.01,0.0,10.02,15.9,15.29,0.0,0.0,184.76,4.78,0.514,0.474,STRAIGHT,1.5,1.5,"CMD,0.5,1.50",4.0,0.0144,1.735,0.022,1,0.9649,0,NORMAL,70.711,-3.0,1,1,1,1,2,86.8,80,9,dijkstra,graph,0.24122,0,,,,,,0,,,,147462,72255,1476
1614,355.6368143558502,2026-03-06T13:33:27.825764,137.99,0.0,9.02,17.73,15.04,0.0,1.0,203.99,4.77,0.551,0.514,STRAIGHT,1.5,1.5,"CMD,0.5,1.50",4.0,0.0151,1.689,0.022,1,0.9758,0,NORMAL,70.711,-3.0,1,1,1,1,2,84.5,95,10,dijkstra,graph,0.24184,0,,,,,,0,,,,147950,72412,1565
1615,355.84118247032166,2026-03-06T13:33:28.030132,122.39,0.0,9.03,14.19,14.79,0.0,0.0,183.32,4.79,0.589,0.551,STRAIGHT,1.5,1.5,"CMD,0.6,1.50",4.0,0.0162,1.644,0.022,1,0.9351,0,NORMAL,70.711,-3.0,1,1,1,1,2,82.2,68,9,dijkstra,graph,0.23576,0,,,,,,0,,,,145196,70530,1398
1616,356.042555809021,2026-03-06T13:33:28.231506,121.44,0.0,9.66,13.54,11.89,0.0,0.0,178.16,4.8,0.615,0.589,STRAIGHT,1.5,1.5,"CMD,0.6,1.50",4.0,0.0162,1.644,0.022,1,0.9742,0,NORMAL,70.711,-3.0,1,1,1,1,2,82.2,72,10,dijkstra,graph,0.23589,0,,,,,,0,,,,146450,70596,1434
1617,356.25106954574585,2026-03-06T13:33:28.440019,122.19,0.0,9.68,17.85,15.04,0.0,0.0,186.16,4.8,0.632,0.615,STRAIGHT,1.5,1.5,"CMD,0.6,1.50",4.0,0.0162,1.644,0.022,1,0.9633,0,NORMAL,70.711,-3.0,1,1,1,1,2,82.2,94,8,dijkstra,graph,0.24008,0,,,,,,0,,,,148210,71868,1484
1618,356.4627275466919,2026-03-06T13:33:28.651677,124.94,0.0,10.2,17.05,14.53,0.0,0.0,188.86,4.81,0.644,0.632,STRAIGHT,1.5,1.5,"CMD,0.6,1.50",4.0,0.0162,1.644,0.022,1,0.9453,0,NORMAL,70.711,-3.0,1,1,1,1,2,82.2,95,7,dijkstra,graph,0.22756,0,,,,,,0,,,,142828,68022,1408
1619,356.67208075523376,2026-03-06T13:33:28.861030,125.8,0.0,8.02,17.05,14.19,0.0,1.0,187.12,4.82,0.652,0.644,STRAIGHT,1.5,1.5,"CMD,0.6,1.50",4.0,0.0162,1.644,0.022,1,0.9698,0,NORMAL,70.711,-3.0,1,1,1,1,2,82.2,82,9,dijkstra,graph,0.22907,0,,,,,,0,,,,143086,68544,1376
1620,356.8750400543213,2026-03-06T13:33:29.063989,123.44,0.0,9.37,16.03,13.19,0.0,0.0,181.92,4.82,0.67,0.652,STRAIGHT,1.5,1.5,"CMD,0.7,1.50",4.0,0.0171,1.598,0.022,1,0.9501,0,NORMAL,70.711,-3.0,1,1,1,1,2,79.9,98,8,dijkstra,graph,0.23341,0,,,,,,0,,,,145278,69915,1420
1621,357.08111691474915,2026-03-06T13:33:29.270067,124.13,0.0,8.33,18.01,15.35,0.0,0.0,185.98,4.83,0.682,0.67,STRAIGHT,1.5,1.5,"CMD,0.7,1.50",4.0,0.0171,1.598,0.022,1,0.9701,0,NORMAL,70.711,-3.0,1,1,1,1,2,79.9,94,6,dijkstra,graph,0.23209,0,,,,,,0,,,,145448,69428,1463
1622,357.28469491004944,2026-03-06T13:33:29.473645,119.93,0.0,9.02,15.24,15.54,0.0,0.0,182.19,4.83,0.677,0.677,STRAIGHT,1.5,1.5,"CMD,0.7,1.50",4.0,0.0162,1.644,0.022,1,0.9775,0,NORMAL,70.711,-3.0,1,1,1,1,2,82.2,75,9,dijkstra,graph,0.23552,0,,,,,,0,,,,146407,70591,1466
1623,357.49092173576355,2026-03-06T13:33:29.679871,122.4,0.0,9.02,16.46,14.43,0.0,0.0,184.16,4.83,0.674,0.677,STRAIGHT,1.5,1.5,"CMD,0.7,1.50",4.0,0.0162,1.644,0.022,1,0.9467,0,NORMAL,70.711,-3.0,1,1,1,1,2,82.2,85,8,dijkstra,graph,0.24293,0,,,,,,0,,,,144650,72691,1409
1624,357.69294476509094,2026-03-06T13:33:29.881894,119.35,0.0,9.02,17.75,16.03,0.0,0.0,180.98,4.84,0.647,0.674,STRAIGHT,1.5,1.5,"CMD,0.7,1.50",4.0,0.0144,1.735,0.022,1,0.9263,0,NORMAL,70.711,-3.0,1,1,1,1,2,86.8,92,8,dijkstra,graph,0.247,0,,,,,,0,,,,146373,74026,1480
1625,357.89897084236145,2026-03-06T13:33:30.087920,121.9,0.0,9.05,15.03,16.05,0.0,0.0,183.46,4.84,0.609,0.647,STRAIGHT,1.5,1.5,"CMD,0.6,1.50",4.0,0.0129,1.826,0.022,1,0.9171,0,NORMAL,70.711,-3.0,1,1,1,1,2,91.3,71,7,dijkstra,graph,0.24324,0,,,,,,0,,,,143350,72942,1449
1626,358.10082817077637,2026-03-06T13:33:30.289778,120.3,0.0,9.21,14.26,14.64,0.0,0.0,178.51,4.83,-3.571,0.609,STRAIGHT,1.5,1.5,"CMD,0.6,1.50",2.03,-0.2935,1.644,-0.423,1,0.915,0,NORMAL,57.183,-3.0,1,1,1,1,2,91.5,63,11,dijkstra,graph,0.2175,0,,,,,,0,,,,132776,65176,1400
1627,358.3058006763458,2026-03-06T13:33:30.494750,120.09,0.0,8.91,17.16,16.06,0.0,0.0,183.56,4.83,-2.195,-2.195,STRAIGHT,1.5,1.5,"CMD,-2.2,1.50",4.0,0.0135,1.781,0.021,1,0.8969,0,NORMAL,51.692,-3.0,1,1,1,1,2,89.1,86,7,dijkstra,graph,0.23612,0,,,,,,0,,,,147234,70705,1508
1628,358.51218342781067,2026-03-06T13:33:30.701133,121.95,0.0,9.02,14.03,18.21,0.0,0.0,184.39,4.84,-1.278,-2.195,STRAIGHT,1.5,1.5,"CMD,-2.2,1.50",4.0,0.0135,1.781,0.021,1,0.8234,0,NORMAL,70.711,-3.0,1,1,1,1,1,363.5,62,9,dijkstra,fallback_skeleton,0.21543,0,,,,,,0,,,,123886,64446,1378
1629,358.7223732471466,2026-03-06T13:33:30.911323,120.83,0.0,10.14,16.36,16.5,0.0,0.0,184.87,4.84,-0.654,-1.278,STRAIGHT,1.5,1.5,"CMD,-1.3,1.50",4.0,0.0144,1.735,0.022,1,0.6835,0,NORMAL,70.711,-3.0,1,1,1,1,2,86.8,78,8,dijkstra,graph,0.25211,0,,,,,,0,,,,148206,75337,1685
1630,358.93163800239563,2026-03-06T13:33:31.120588,121.8,0.0,9.02,18.49,17.6,0.0,0.0,186.65,4.84,-0.165,-0.654,STRAIGHT,1.5,1.5,"CMD,-0.7,1.50",4.0,0.0197,1.507,0.022,1,0.8869,0,NORMAL,70.711,-3.0,1,1,1,1,2,75.4,97,8,dijkstra,graph,0.27244,0,,,,,,0,,,,153040,81505,1603
1631,359.1438958644867,2026-03-06T13:33:31.332845,124.26,0.0,10.02,18.2,17.24,0.0,0.0,191.62,4.84,0.252,-0.165,STRAIGHT,1.5,1.5,"CMD,-0.2,1.50",4.0,0.0263,1.324,0.023,1,0.8618,0,NORMAL,70.711,-3.0,1,1,1,1,2,66.2,94,9,dijkstra,graph,0.29463,0,,,,,,0,,,,159024,88257,1664
1632,359.3607747554779,2026-03-06T13:33:31.549724,122.29,0.0,10.17,20.57,20.06,0.0,0.0,193.42,4.83,0.592,0.252,STRAIGHT,1.5,1.5,"CMD,0.3,1.50",4.0,0.0308,1.233,0.023,1,0.8516,0,NORMAL,70.711,-3.0,1,1,1,1,2,61.7,109,7,dijkstra,graph,0.32981,0,,,,,,0,,,,167753,98706,1804
1633,359.5778338909149,2026-03-06T13:33:31.766784,124.5,0.0,10.02,20.06,17.71,0.0,0.0,193.77,4.82,0.896,0.592,STRAIGHT,1.5,1.5,"CMD,0.6,1.50",4.0,0.0365,1.142,0.024,1,0.8609,0,NORMAL,70.711,-3.0,1,1,1,1,2,57.1,110,7,dijkstra,graph,0.35349,0,,,,,,0,,,,173575,105930,1770
1634,359.7847652435303,2026-03-06T13:33:31.973715,120.57,0.0,10.59,16.59,16.55,0.0,0.51,185.55,4.82,1.148,0.896,STRAIGHT,1.5,1.5,"CMD,0.9,1.50",4.0,0.0401,1.096,0.024,1,0.8215,0,NORMAL,70.711,-3.0,1,1,1,1,2,54.8,82,9,dijkstra,graph,0.32283,0,,,,,,0,,,,150683,96740,1625
1635,360.0139248371124,2026-03-06T13:33:32.202875,122.94,0.0,9.02,22.98,30.16,0.0,0.0,204.92,4.81,1.317,1.148,STRAIGHT,1.5,1.5,"CMD,1.1,1.50",4.0,0.0401,1.096,0.024,1,0.8339,0,NORMAL,70.711,-3.0,1,1,1,1,1,525.4,128,13,dijkstra,fallback_skeleton,0.35653,0,,,,,,0,,,,162002,106864,2033
1636,360.2491765022278,2026-03-06T13:33:32.438126,121.87,0.0,10.3,24.75,32.32,0.0,0.0,210.64,4.78,1.429,1.317,STRAIGHT,1.5,1.5,"CMD,1.3,1.50",4.0,0.0401,1.096,0.024,1,0.8975,0,NORMAL,70.711,-3.0,1,1,1,1,1,608.8,141,14,dijkstra,fallback_skeleton,0.38938,0,,,,,,0,,,,174257,116584,2229
1637,360.490131855011,2026-03-06T13:33:32.679081,122.81,0.0,8.53,25.64,36.12,0.0,0.0,215.45,4.75,1.504,1.429,STRAIGHT,1.5,1.5,"CMD,1.4,1.50",4.0,0.0401,1.096,0.024,1,0.9466,0,NORMAL,70.711,-3.0,1,1,1,1,1,622.1,143,15,dijkstra,fallback_skeleton,0.40161,0,,,,,,0,,,,176290,120390,2799
1638,360.73276472091675,2026-03-06T13:33:32.921714,123.17,0.0,10.71,25.24,33.74,0.0,1.0,216.45,4.73,1.554,1.504,STRAIGHT,1.5,1.5,"CMD,1.5,1.50",4.0,0.0401,1.096,0.024,1,0.9451,0,NORMAL,70.711,-2.907,1,1,1,1,1,615.8,142,15,dijkstra,fallback_skeleton,0.39043,0,,,,,,0,,,,169677,116848,2728
1639,360.9478557109833,2026-03-06T13:33:33.136806,118.6,0.0,10.02,19.72,22.17,0.0,1.0,192.55,4.72,1.869,1.554,STRAIGHT,1.5,1.5,"CMD,1.6,1.50",2.958,0.0606,2.917,0.26,1,0.9358,0,NORMAL,70.711,-2.507,1,1,1,1,1,172.2,103,13,dijkstra,fallback_centerline,0.37192,0,,,,,,0,,,,165915,111533,2157
1640,361.1599431037903,2026-03-06T13:33:33.348893,123.77,0.0,9.54,20.13,14.28,0.0,0.0,187.81,4.71,2.079,1.869,STRAIGHT,1.5,1.5,"CMD,1.9,1.50",2.958,0.0606,2.917,0.26,1,0.6428,0,NORMAL,70.711,-1.977,1,1,1,1,1,404.2,102,6,dijkstra,fallback_skeleton,0.25052,0,,,,,,0,,,,107179,75235,1692
1641,361.37477254867554,2026-03-06T13:33:33.563722,122.19,0.0,10.52,20.25,20.63,0.0,0.0,193.63,4.7,2.379,2.079,STRAIGHT,1.5,1.5,"CMD,2.1,1.50",2.705,0.0723,2.659,0.258,1,0.6814,0,NORMAL,64.115,-0.455,1,1,1,1,1,178.5,112,7,dijkstra,fallback_centerline,0.32884,0,,,,,,0,,,,157241,98417,2051
1642,361.6071527004242,2026-03-06T13:33:33.796102,127.12,0.0,10.53,20.02,31.25,0.0,0.0,207.7,4.68,2.579,2.379,STRAIGHT,1.5,1.5,"CMD,2.4,1.50",2.705,0.0723,2.659,0.258,1,0.9287,0,NORMAL,57.814,0.438,1,1,1,1,1,529.3,105,9,dijkstra,fallback_skeleton,0.36917,0,,,,,,0,,,,168292,110628,2095
1643,361.84256410598755,2026-03-06T13:33:34.031514,118.95,0.0,11.09,23.93,35.65,0.0,0.0,210.95,4.67,2.712,2.579,STRAIGHT,1.5,1.5,"CMD,2.6,1.50",2.705,0.0723,2.659,0.258,1,0.9468,0,NORMAL,53.718,1.296,1,1,1,1,1,619.8,134,12,dijkstra,fallback_skeleton,0.41219,0,,,,,,0,,,,176481,123331,2949
1644,362.0730061531067,2026-03-06T13:33:34.261956,120.81,0.0,9.2,21.63,32.58,0.0,0.0,204.3,4.65,2.801,2.712,STRAIGHT,1.5,1.5,"CMD,2.7,1.50",2.705,0.0723,2.659,0.258,1,0.9718,0,NORMAL,50.782,1.903,1,1,1,1,1,633.2,127,10,dijkstra,fallback_skeleton,0.40461,0,,,,,,0,,,,177181,121178,2613
1645,362.3085551261902,2026-03-06T13:33:34.497505,124.01,0.0,10.48,21.05,33.46,0.0,0.0,210.48,4.63,2.86,2.801,STRAIGHT,1.5,1.5,"CMD,2.8,1.50",2.705,0.0723,2.659,0.258,1,0.9725,0,NORMAL,50.027,2.393,1,1,1,1,1,616.3,113,12,dijkstra,fallback_skeleton,0.39678,0,,,,,,0,,,,176660,118739,2424
1646,362.5487699508667,2026-03-06T13:33:34.737720,126.95,0.0,10.18,25.78,28.89,0.0,1.0,214.51,4.6,2.9,2.86,STRAIGHT,1.5,1.5,"CMD,2.9,1.50",2.705,0.0723,2.659,0.258,1,0.9361,0,NORMAL,52.587,3.0,1,1,1,1,1,612.6,149,15,dijkstra,fallback_skeleton,0.40587,0,,,,,,0,,,,174453,121490,2850
1647,362.7791705131531,2026-03-06T13:33:34.968120,122.08,0.0,10.22,28.26,25.0,0.0,0.0,207.11,4.59,2.926,2.9,STRAIGHT,1.5,1.5,"CMD,2.9,1.50",2.705,0.0723,2.659,0.258,1,0.7435,0,NORMAL,51.958,3.0,1,1,1,1,1,593.2,164,10,dijkstra,fallback_skeleton,0.40021,0,,,,,,0,,,,139937,120157,2805
1648,363.01789021492004,2026-03-06T13:33:35.206840,123.31,0.0,10.04,32.47,26.63,0.0,0.0,213.61,4.57,2.697,2.9,STRAIGHT,1.5,1.5,"CMD,2.9,1.50",2.98,0.0543,2.962,0.24,1,0.8113,0,NORMAL,53.561,3.0,1,1,1,1,1,190.9,185,14,dijkstra,fallback_centerline,0.44649,0,,,,,,0,,,,171195,133997,3353
1649,363.2659182548523,2026-03-06T13:33:35.454868,121.9,0.0,10.02,29.74,40.13,0.0,0.0,222.86,4.54,2.545,2.697,STRAIGHT,1.5,1.5,"CMD,2.7,1.50",2.98,0.0543,2.962,0.24,1,0.9216,0,NORMAL,56.028,3.0,1,1,1,1,1,603.4,171,13,dijkstra,fallback_skeleton,0.43341,0,,,,,,0,,,,161988,129877,3182
1650,363.50271224975586,2026-03-06T13:33:35.691662,121.51,0.0,10.72,35.49,26.27,0.0,0.0,214.61,4.52,2.599,2.599,STRAIGHT,1.5,1.5,"CMD,2.6,1.50",2.723,0.0657,2.694,0.24,1,0.8912,0,NORMAL,51.664,3.0,1,1,1,1,1,183.7,207,13,dijkstra,fallback_centerline,0.4205,0,,,,,,0,,,,167623,126009,3246
1651,363.7376630306244,2026-03-06T13:33:35.926613,121.06,0.0,10.78,30.08,26.68,0.0,0.0,209.87,4.49,1.662,2.545,STRAIGHT,1.5,1.5,"CMD,2.5,1.50",4.0,-0.0051,4.0,-0.041,1,0.7081,0,NORMAL,51.552,3.0,1,1,1,1,2,500.1,175,10,dijkstra,graph,0.39558,0,,,,,,0,,,,124737,118605,3022
1652,363.97281289100647,2026-03-06T13:33:36.161763,122.48,0.0,10.2,30.9,24.94,0.0,0.0,210.72,4.47,1.079,1.662,STRAIGHT,1.5,1.5,"CMD,1.7,1.50",4.0,-0.0022,4.0,-0.017,1,0.932,0,NORMAL,60.6,3.0,1,1,1,1,2,501.2,189,8,dijkstra,graph,0.38674,0,,,,,,0,,,,119664,115913,2936
1653,364.20427322387695,2026-03-06T13:33:36.393223,121.39,0.0,8.32,29.87,25.05,0.0,0.0,206.68,4.45,1.333,1.333,STRAIGHT,1.5,1.5,"CMD,1.3,1.50",3.282,0.0447,3.27,0.24,1,0.8473,0,NORMAL,69.56,3.0,1,1,1,1,1,211.7,176,10,dijkstra,fallback_centerline,0.41304,0,,,,,,0,,,,140590,123872,3284
1654,364.43908953666687,2026-03-06T13:33:36.628039,123.02,0.0,11.02,29.57,25.4,0.0,1.0,211.29,4.43,2.1,1.333,STRAIGHT,1.5,1.5,"CMD,1.3,1.50",2.511,0.0882,2.421,0.262,1,0.8598,0,NORMAL,66.26,3.0,1,1,1,1,1,195.6,161,10,dijkstra,fallback_centerline,0.4126,0,,,,,,0,,,,146835,123789,2985
1655,364.6897540092468,2026-03-06T13:33:36.878704,139.29,0.0,10.53,31.18,24.52,0.0,1.0,228.62,4.4,2.343,2.1,STRAIGHT,1.5,1.5,"CMD,2.1,1.50",2.784,0.0686,2.739,0.26,1,0.7632,0,NORMAL,62.483,3.0,1,1,1,1,1,214.5,174,11,dijkstra,fallback_centerline,0.44107,0,,,,,,0,,,,178639,132080,3145
1656,364.9170289039612,2026-03-06T13:33:37.105978,120.04,0.0,9.02,26.65,24.95,0.0,1.23,204.13,4.39,2.553,2.343,STRAIGHT,1.5,1.5,"CMD,2.3,1.50",2.714,0.0722,2.666,0.259,1,0.8607,0,NORMAL,59.829,3.0,1,1,1,1,1,178.1,156,14,dijkstra,fallback_centerline,0.42651,0,,,,,,0,,,,161506,127842,3037
1657,365.1520092487335,2026-03-06T13:33:37.340959,121.27,0.0,11.12,30.92,27.08,0.0,0.0,212.94,4.37,2.363,2.363,STRAIGHT,1.5,1.5,"CMD,2.4,1.50",3.159,0.048,3.146,0.239,1,0.8224,0,NORMAL,58.262,3.0,1,1,1,1,1,191.2,189,17,dijkstra,fallback_centerline,0.42926,0,,,,,,0,,,,150260,128755,3197
1658,365.38245129585266,2026-03-06T13:33:37.571401,120.14,0.0,11.03,28.6,24.65,0.0,0.0,205.9,4.35,2.28,2.363,STRAIGHT,1.5,1.5,"CMD,2.4,1.50",3.096,0.0513,3.078,0.245,1,0.8119,0,NORMAL,56.719,3.0,1,1,1,1,1,220.1,203,15,dijkstra,fallback_centerline,0.44967,0,,,,,,0,,,,176873,134730,3138
1659,365.63063287734985,2026-03-06T13:33:37.819582,126.56,0.0,11.33,38.29,27.34,0.0,0.0,223.94,4.33,2.425,2.363,STRAIGHT,1.5,1.5,"CMD,2.4,1.50",2.805,0.0658,2.771,0.255,1,0.8979,0,NORMAL,54.916,3.0,1,1,1,1,1,219.3,238,21,dijkstra,fallback_centerline,0.45275,0,,,,,,0,,,,173066,135513,3584
1660,365.86037588119507,2026-03-06T13:33:38.049325,122.93,0.0,11.01,25.94,23.84,0.0,0.0,204.94,4.32,1.281,2.28,STRAIGHT,1.5,1.5,"CMD,2.3,1.50",4.0,-0.0244,3.995,-0.195,1,0.5225,0,NORMAL,54.393,3.0,1,1,1,1,2,321.8,161,11,dijkstra,graph,0.35438,0,,,,,,0,,,,91669,106135,2565
1661,366.0921721458435,2026-03-06T13:33:38.281122,122.11,0.0,10.01,31.74,22.05,0.0,0.0,208.02,4.31,1.051,1.281,STRAIGHT,1.5,1.5,"CMD,1.3,1.50",4.0,0.0143,3.997,0.114,1,0.6234,0,NORMAL,53.182,3.0,1,1,1,1,2,333.3,188,13,dijkstra,graph,0.46988,0,,,,,,0,,,,146237,140899,3198
1662,366.3218538761139,2026-03-06T13:33:38.510803,124.02,0.0,9.47,30.09,24.72,0.0,0.0,209.14,4.3,0.556,1.051,STRAIGHT,1.5,1.5,"CMD,1.1,1.50",4.0,-0.0105,3.998,-0.084,1,0.803,0,NORMAL,51.654,3.0,1,1,1,1,2,317.9,183,12,dijkstra,graph,0.41843,0,,,,,,0,,,,158761,125338,2636
1663,366.5504639148712,2026-03-06T13:33:38.739414,119.79,0.0,10.02,26.68,23.71,0.0,0.0,203.94,4.29,0.871,0.871,STRAIGHT,1.5,1.5,"CMD,0.9,1.50",4.0,0.0365,1.142,0.024,1,0.8454,0,NORMAL,50.71,3.0,1,1,1,1,2,57.1,148,11,dijkstra,graph,0.44068,0,,,,,,0,,,,181608,131916,2770
1664,366.7767584323883,2026-03-06T13:33:38.965708,126.8,0.0,9.94,24.12,20.21,0.0,0.0,201.62,4.29,1.005,0.871,STRAIGHT,1.5,1.5,"CMD,0.9,1.50",4.0,0.0308,1.233,0.023,1,0.9489,0,NORMAL,50.571,3.0,1,1,1,1,2,61.7,151,9,dijkstra,graph,0.4488,0,,,,,,0,,,,186580,134195,2849
1665,367.0022671222687,2026-03-06T13:33:39.191217,123.8,0.0,9.02,24.78,24.42,0.0,0.0,203.51,4.29,1.005,1.005,STRAIGHT,1.5,1.5,"CMD,1.0,1.50",4.0,0.0244,1.37,0.023,1,0.9551,0,NORMAL,50.293,3.0,1,1,1,1,2,68.5,136,10,dijkstra,graph,0.4601,0,,,,,,0,,,,191012,137627,2886
1666,367.23963475227356,2026-03-06T13:33:39.428584,130.34,0.0,11.15,23.56,25.63,0.0,0.0,212.09,4.3,1.063,1.005,STRAIGHT,1.5,1.5,"CMD,1.0,1.50",4.0,0.0286,1.279,0.023,1,0.9617,0,NORMAL,50.061,3.0,1,1,1,1,2,63.9,124,16,dijkstra,graph,0.44506,0,,,,,,0,,,,184928,133111,2990
1667,367.48125553131104,2026-03-06T13:33:39.670205,124.24,0.0,10.18,35.08,25.42,0.0,0.0,216.49,4.3,1.305,1.063,STRAIGHT,1.5,1.5,"CMD,1.1,1.50",4.0,0.0434,1.05,0.024,1,0.8961,0,NORMAL,50.008,2.821,1,1,1,1,2,52.5,212,16,dijkstra,graph,0.44182,0,,,,,,0,,,,168314,132125,3608
1668,367.72266387939453,2026-03-06T13:33:39.911613,127.87,0.0,10.24,32.11,25.77,0.0,0.0,216.78,4.28,1.122,1.122,STRAIGHT,1.5,1.5,"CMD,1.1,1.50",4.0,0.0183,1.553,0.022,1,0.9133,0,NORMAL,50.164,2.857,1,1,1,1,2,77.6,187,14,dijkstra,graph,0.43087,0,,,,,,0,,,,174617,128933,3156
1669,367.9581506252289,2026-03-06T13:33:40.147100,121.05,0.0,10.77,30.42,26.62,0.0,1.0,210.83,4.27,1.037,1.122,STRAIGHT,1.5,1.5,"CMD,1.1,1.50",4.0,0.021,1.461,0.022,1,0.9349,0,NORMAL,50.644,2.743,1,1,1,1,2,73.1,174,13,dijkstra,graph,0.44281,0,,,,,,0,,,,179999,132425,3435
1670,368.1780295372009,2026-03-06T13:33:40.366979,117.47,0.0,10.52,22.73,24.76,0.0,0.0,196.14,4.26,0.87,1.037,STRAIGHT,1.5,1.5,"CMD,1.0,1.50",4.0,0.0129,1.826,0.022,1,0.9026,0,NORMAL,51.534,2.605,1,1,1,1,2,91.3,115,14,dijkstra,graph,0.43479,0,,,,,,0,,,,186048,130253,2794
1671,368.40234637260437,2026-03-06T13:33:40.591296,122.07,0.0,9.94,22.02,23.29,0.0,0.0,200.06,4.27,0.732,0.87,STRAIGHT,1.5,1.5,"CMD,0.9,1.50",4.0,0.011,1.963,0.021,1,0.9425,0,NORMAL,52.628,2.518,1,1,1,1,2,98.2,116,15,dijkstra,graph,0.43938,0,,,,,,0,,,,189906,131432,2802
1672,368.6377897262573,2026-03-06T13:33:40.826739,130.99,0.0,10.05,21.16,23.63,0.0,0.0,207.89,4.27,0.64,0.732,STRAIGHT,1.5,1.5,"CMD,0.7,1.50",4.0,0.011,1.963,0.021,1,0.9174,0,NORMAL,54.022,2.278,1,1,1,1,2,98.2,120,12,dijkstra,graph,0.41899,0,,,,,,0,,,,192829,125321,2495
1673,368.8621084690094,2026-03-06T13:33:41.051058,121.98,0.0,11.16,25.23,23.03,0.0,0.0,200.27,4.27,0.594,0.64,STRAIGHT,1.5,1.5,"CMD,0.6,1.50",4.0,0.0122,1.872,0.021,1,0.9238,0,NORMAL,56.808,1.791,1,1,1,1,2,93.6,121,9,dijkstra,graph,0.38946,0,,,,,,0,,,,181357,116614,2266
1674,369.0879981517792,2026-03-06T13:33:41.276948,117.4,0.0,10.5,26.65,23.17,0.0,0.0,199.95,4.28,0.574,0.594,STRAIGHT,1.5,1.5,"CMD,0.6,1.50",4.0,0.0129,1.826,0.022,1,0.9299,0,NORMAL,59.53,1.442,1,1,1,1,2,91.3,158,10,dijkstra,graph,0.37545,0,,,,,,0,,,,172384,112397,2608
1675,369.3143129348755,2026-03-06T13:33:41.503263,118.16,0.0,10.99,28.58,22.33,0.0,0.0,201.02,4.29,0.618,0.594,STRAIGHT,1.5,1.5,"CMD,0.6,1.50",4.0,0.0171,1.598,0.022,1,0.8887,0,NORMAL,67.017,0.229,1,1,1,1,2,79.9,170,11,dijkstra,graph,0.3395,0,,,,,,0,,,,156645,101574,2679
1676,369.5397825241089,2026-03-06T13:33:41.728732,118.61,0.0,10.01,28.64,24.62,0.0,0.0,204.0,4.29,0.62,0.618,STRAIGHT,1.5,1.5,"CMD,0.6,1.50",4.0,0.0151,1.689,0.022,1,0.8875,0,NORMAL,68.529,-0.031,1,1,1,1,2,84.5,180,12,dijkstra,graph,0.35289,0,,,,,,0,,,,166811,105619,2924
1677,369.76291251182556,2026-03-06T13:33:41.951862,117.87,0.0,9.02,29.81,23.12,0.0,0.0,201.07,4.3,0.636,0.62,STRAIGHT,1.5,1.5,"CMD,0.6,1.50",4.0,0.0162,1.644,0.022,1,0.9536,0,NORMAL,70.17,-0.178,1,1,1,1,2,82.2,187,12,dijkstra,graph,0.32981,0,,,,,,0,,,,161894,98841,2652
1678,369.9919183254242,2026-03-06T13:33:42.180868,121.2,0.0,10.14,29.24,22.78,0.0,0.0,205.61,4.31,0.646,0.636,STRAIGHT,1.5,1.5,"CMD,0.6,1.50",4.0,0.0162,1.644,0.022,1,0.9741,0,NORMAL,70.711,-0.301,1,1,1,1,2,82.2,177,11,dijkstra,graph,0.32996,0,,,,,,0,,,,160781,98845,2611
1679,370.2100033760071,2026-03-06T13:33:42.398953,116.93,0.0,10.52,26.25,23.05,0.0,0.0,196.95,4.32,0.653,0.646,STRAIGHT,1.5,1.5,"CMD,0.6,1.50",4.0,0.0162,1.644,0.022,1,0.9358,0,NORMAL,70.711,-0.504,1,1,1,1,2,82.2,151,10,dijkstra,graph,0.34273,0,,,,,,0,,,,168170,102594,2522
1680,370.4332184791565,2026-03-06T13:33:42.622168,119.75,0.0,10.02,27.57,21.46,0.0,0.0,198.26,4.33,0.658,0.653,STRAIGHT,1.5,1.5,"CMD,0.7,1.50",4.0,0.0162,1.644,0.022,1,0.943,0,NORMAL,70.711,-1.03,1,1,1,1,2,82.2,168,10,dijkstra,graph,0.32684,0,,,,,,0,,,,167748,97779,2637
1681,370.6554229259491,2026-03-06T13:33:42.844373,130.92,0.0,10.42,18.52,19.89,0.0,0.0,199.59,4.34,0.674,0.658,STRAIGHT,1.5,1.5,"CMD,0.7,1.50",4.0,0.0171,1.598,0.022,1,0.9647,0,NORMAL,70.711,-0.997,1,1,1,1,2,79.9,99,9,dijkstra,graph,0.31095,0,,,,,,0,,,,162175,93017,1993
1682,370.8701288700104,2026-03-06T13:33:43.059078,118.8,0.0,9.59,20.13,22.09,0.0,0.0,191.04,4.35,0.685,0.674,STRAIGHT,1.5,1.5,"CMD,0.7,1.50",4.0,0.0171,1.598,0.022,1,0.9317,0,NORMAL,70.711,-1.374,1,1,1,1,2,79.9,131,12,dijkstra,graph,0.3382,0,,,,,,0,,,,168514,101109,2632
1683,371.10111832618713,2026-03-06T13:33:43.290068,122.02,0.0,10.41,30.1,22.73,0.0,0.0,206.94,4.35,0.708,0.685,STRAIGHT,1.5,1.5,"CMD,0.7,1.50",4.0,0.0183,1.553,0.022,1,0.9636,0,NORMAL,70.711,-1.576,1,1,1,1,2,77.6,178,13,dijkstra,graph,0.34248,0,,,,,,0,,,,169206,102382,2841
1684,371.3271608352661,2026-03-06T13:33:43.516110,118.98,0.0,10.08,31.08,23.09,0.0,0.0,203.05,4.37,0.744,0.708,STRAIGHT,1.5,1.5,"CMD,0.7,1.50",4.0,0.0197,1.507,0.022,1,0.9408,0,NORMAL,70.711,-1.628,1,1,1,1,2,75.4,184,11,dijkstra,graph,0.32944,0,,,,,,0,,,,162268,98547,2836
1685,371.54246497154236,2026-03-06T13:33:43.731415,120.53,0.0,9.02,21.92,19.69,0.0,0.0,192.55,4.38,0.767,0.744,STRAIGHT,1.5,1.5,"CMD,0.7,1.50",4.0,0.0197,1.507,0.022,1,0.9307,0,NORMAL,70.711,-1.667,1,1,1,1,2,75.4,123,9,dijkstra,graph,0.30306,0,,,,,,0,,,,154122,90805,2145
1686,371.7717845439911,2026-03-06T13:33:43.960734,122.05,0.0,11.0,28.48,21.16,0.0,0.0,204.95,4.38,0.801,0.767,STRAIGHT,1.5,1.5,"CMD,0.8,1.50",4.0,0.021,1.461,0.022,1,0.9482,0,NORMAL,70.711,-1.867,1,1,1,1,2,73.1,176,12,dijkstra,graph,0.3095,0,,,,,,0,,,,156793,92695,2449
1687,371.9976923465729,2026-03-06T13:33:44.186642,121.62,0.0,10.05,31.53,20.54,0.0,0.0,202.86,4.38,0.869,0.801,STRAIGHT,1.5,1.5,"CMD,0.8,1.50",4.0,0.0244,1.37,0.023,1,0.8998,0,NORMAL,70.711,-1.825,1,1,1,1,2,68.5,192,8,dijkstra,graph,0.27452,0,,,,,,0,,,,144798,82299,2386
1688,372.2220199108124,2026-03-06T13:33:44.410969,123.71,0.0,10.22,27.21,20.98,0.0,0.0,202.16,4.4,0.941,0.869,STRAIGHT,1.5,1.5,"CMD,0.9,1.50",4.0,0.0263,1.324,0.023,1,0.9573,0,NORMAL,67.56,-1.819,1,1,1,1,2,66.2,179,9,dijkstra,graph,0.28221,0,,,,,,0,,,,143378,84474,2526
1689,372.43229842185974,2026-03-06T13:33:44.621248,119.18,0.0,8.58,20.06,18.62,0.0,0.0,188.43,4.41,0.989,0.941,STRAIGHT,1.5,1.5,"CMD,0.9,1.50",4.0,0.0263,1.324,0.023,1,0.9591,0,NORMAL,68.698,-1.906,1,1,1,1,2,66.2,116,9,dijkstra,graph,0.25713,0,,,,,,0,,,,138049,76940,1950
1690,372.6649396419525,2026-03-06T13:33:44.853889,132.94,0.0,9.17,27.36,20.08,0.0,0.0,209.4,4.41,1.021,0.989,STRAIGHT,1.5,1.5,"CMD,1.0,1.50",4.0,0.0263,1.324,0.023,1,0.9658,0,NORMAL,67.52,-1.852,1,1,1,1,2,66.2,175,10,dijkstra,graph,0.27149,0,,,,,,0,,,,140994,81177,2270
1691,372.87870240211487,2026-03-06T13:33:45.067652,126.15,0.0,10.02,18.05,17.64,0.0,0.0,191.71,4.42,1.043,1.021,STRAIGHT,1.5,1.5,"CMD,1.0,1.50",4.0,0.0263,1.324,0.023,1,0.9783,0,NORMAL,66.804,-1.83,1,1,1,1,2,66.2,92,6,dijkstra,graph,0.27035,0,,,,,,0,,,,141101,81008,1737
1692,373.0904459953308,2026-03-06T13:33:45.279396,122.35,0.0,9.68,16.71,19.05,0.0,0.4,189.59,4.43,1.057,1.043,STRAIGHT,1.5,1.5,"CMD,1.0,1.50",4.0,0.0263,1.324,0.023,1,0.9622,0,NORMAL,63.04,-1.601,1,1,1,1,2,66.2,91,9,dijkstra,graph,0.27457,0,,,,,,0,,,,141761,82285,1785
1693,373.3074014186859,2026-03-06T13:33:45.496351,124.75,0.0,9.94,20.31,19.82,0.0,0.0,195.66,4.44,1.066,1.057,STRAIGHT,1.5,1.5,"CMD,1.1,1.50",4.0,0.0263,1.324,0.023,1,0.8725,0,NORMAL,63.489,-1.698,1,1,1,1,2,66.2,109,8,dijkstra,graph,0.30283,0,,,,,,0,,,,158530,90606,2117
1694,373.5287411212921,2026-03-06T13:33:45.717691,121.15,0.0,9.52,25.27,20.7,0.0,0.0,197.87,4.44,1.352,1.066,STRAIGHT,1.5,1.5,"CMD,1.1,1.50",4.0,0.0467,1.005,0.024,1,0.9381,0,NORMAL,63.915,-1.745,1,1,1,1,2,50.2,144,10,dijkstra,graph,0.29436,0,,,,,,0,,,,150360,88083,2124
1695,373.74044370651245,2026-03-06T13:33:45.929393,121.44,0.0,8.01,21.19,15.61,0.0,1.0,188.28,4.46,1.294,1.294,STRAIGHT,1.5,1.5,"CMD,1.3,1.50",4.0,0.0286,1.279,0.023,1,0.9485,0,NORMAL,62.926,-1.674,1,1,1,1,2,63.9,126,8,dijkstra,graph,0.30289,0,,,,,,0,,,,155827,90705,2078
1696,373.95229291915894,2026-03-06T13:33:46.141242,122.06,0.0,10.02,20.3,20.96,0.0,0.0,192.57,4.48,1.255,1.294,STRAIGHT,1.5,1.5,"CMD,1.3,1.50",4.0,0.0286,1.279,0.023,1,0.8672,0,NORMAL,62.961,-1.66,1,1,1,1,2,63.9,96,11,dijkstra,graph,0.38372,0,,,,,,0,,,,178201,115011,2687
1697,374.17014503479004,2026-03-06T13:33:46.359095,124.75,0.0,9.57,15.52,20.68,0.0,0.0,192.19,4.5,1.23,1.255,STRAIGHT,1.5,1.5,"CMD,1.3,1.50",4.0,0.0286,1.279,0.023,1,0.8738,0,NORMAL,63.024,-1.562,1,1,1,1,2,63.9,89,8,dijkstra,graph,0.32262,0,,,,,,0,,,,166100,96639,2069
1698,374.3799674510956,2026-03-06T13:33:46.568917,118.55,0.0,10.24,18.21,19.24,0.0,0.0,186.09,4.52,1.244,1.244,STRAIGHT,1.5,1.5,"CMD,1.2,1.50",4.0,0.0308,1.233,0.023,1,0.9691,0,NORMAL,63.628,-1.661,1,1,1,1,2,61.7,84,8,dijkstra,graph,0.30992,0,,,,,,0,,,,162526,92785,1870
1699,374.5869662761688,2026-03-06T13:33:46.775916,120.83,0.0,10.02,16.79,17.04,0.0,0.0,183.95,4.52,1.294,1.244,STRAIGHT,1.5,1.5,"CMD,1.2,1.50",4.0,0.0338,1.187,0.024,1,0.9353,0,NORMAL,67.595,-2.317,1,1,1,1,2,59.4,76,6,dijkstra,graph,0.28415,0,,,,,,0,,,,159034,85184,1717
1700,374.795166015625,2026-03-06T13:33:46.984115,118.1,0.0,10.02,17.69,18.39,0.0,0.0,185.67,4.54,1.364,1.294,STRAIGHT,1.5,1.5,"CMD,1.3,1.50",4.0,0.0365,1.142,0.024,1,0.9378,0,NORMAL,70.472,-3.0,1,1,1,1,2,57.1,83,10,dijkstra,graph,0.27589,0,,,,,,0,,,,153240,82600,1834
1701,375.0179135799408,2026-03-06T13:33:47.206863,120.61,0.0,9.71,26.34,22.44,0.0,0.0,200.73,4.54,1.505,1.364,STRAIGHT,1.5,1.5,"CMD,1.4,1.50",4.0,0.0434,1.05,0.024,1,0.8559,0,NORMAL,65.278,-3.0,1,1,1,1,2,52.5,150,16,dijkstra,graph,0.34488,0,,,,,,0,,,,161922,103295,2927
1702,375.24262833595276,2026-03-06T13:33:47.431578,120.11,0.0,10.08,22.22,28.94,0.0,1.0,201.36,4.55,1.6,1.505,STRAIGHT,1.5,1.5,"CMD,1.5,1.50",4.0,0.0434,1.05,0.024,1,0.8486,0,NORMAL,56.804,-3.0,1,1,1,1,1,426.9,120,12,dijkstra,fallback_skeleton,0.28444,0,,,,,,0,,,,151147,85213,2378
1703,375.4755299091339,2026-03-06T13:33:47.664480,120.79,0.0,9.34,28.89,29.19,0.0,0.5,209.45,4.54,1.663,1.6,STRAIGHT,1.5,1.5,"CMD,1.6,1.50",4.0,0.0434,1.05,0.024,1,0.8811,0,NORMAL,39.048,-3.0,1,1,1,1,1,413.2,162,9,dijkstra,fallback_skeleton,0.25459,0,,,,,,0,,,,144187,76095,2408
1704,375.71186423301697,2026-03-06T13:33:47.900814,123.38,0.0,9.94,28.23,29.67,0.0,0.0,212.2,4.53,1.704,1.663,STRAIGHT,1.5,1.5,"CMD,1.7,1.50",4.0,0.0434,1.05,0.024,1,0.94,0,NORMAL,55.319,-3.0,1,1,1,1,1,412.8,169,8,dijkstra,fallback_skeleton,0.25393,0,,,,,,0,,,,143623,76101,2453
1705,375.94075870513916,2026-03-06T13:33:48.129708,121.32,0.0,9.02,26.99,29.63,0.0,0.0,206.5,4.53,1.732,1.704,STRAIGHT,1.5,1.5,"CMD,1.7,1.50",4.0,0.0434,1.05,0.024,1,0.9328,0,NORMAL,66.868,-3.0,1,1,1,1,1,417.0,173,9,dijkstra,fallback_skeleton,0.25981,0,,,,,,0,,,,146326,77727,2413
1706,376.1657569408417,2026-03-06T13:33:48.354707,119.55,0.0,10.13,24.65,27.03,0.0,0.0,201.83,4.53,1.751,1.732,STRAIGHT,1.5,1.5,"CMD,1.7,1.50",4.0,0.0434,1.05,0.024,1,0.9304,0,NORMAL,66.666,-3.0,1,1,1,1,1,387.1,134,7,dijkstra,fallback_skeleton,0.25725,0,,,,,,0,,,,147994,76946,1966
1707,376.37548446655273,2026-03-06T13:33:48.564434,119.84,0.0,9.99,15.03,23.41,0.0,0.0,187.5,4.54,1.764,1.751,STRAIGHT,1.5,1.5,"CMD,1.8,1.50",4.0,0.0434,1.05,0.024,1,0.9612,0,NORMAL,66.729,-3.0,1,1,1,1,1,397.2,62,8,dijkstra,fallback_skeleton,0.25748,0,,,,,,0,,,,147238,77057,1637
1708,376.5887281894684,2026-03-06T13:33:48.777678,123.61,0.0,9.62,19.39,15.53,0.0,0.0,191.14,4.55,1.817,1.764,STRAIGHT,1.5,1.5,"CMD,1.8,1.50",4.0,0.0467,1.005,0.024,1,0.886,0,NORMAL,68.79,-3.0,1,1,1,1,2,50.2,114,8,dijkstra,graph,0.27136,0,,,,,,0,,,,150980,81369,2067
1709,376.80517959594727,2026-03-06T13:33:48.994129,120.27,0.0,9.81,23.61,19.25,0.0,0.0,194.16,4.55,1.712,1.764,STRAIGHT,1.5,1.5,"CMD,1.8,1.50",4.0,0.0365,1.142,0.024,1,0.8788,0,NORMAL,69.745,-3.0,1,1,1,1,2,57.1,117,8,dijkstra,graph,0.27572,0,,,,,,0,,,,154382,82610,2120
1710,377.0207543373108,2026-03-06T13:33:49.209704,121.63,0.0,9.02,21.05,19.7,0.0,0.0,192.7,4.56,1.477,1.712,STRAIGHT,1.5,1.5,"CMD,1.7,1.50",4.0,0.0244,1.37,0.023,1,0.8923,0,NORMAL,69.011,-3.0,1,1,1,1,2,68.5,112,6,dijkstra,graph,0.28523,0,,,,,,0,,,,154110,85367,2000
1711,377.23743963241577,2026-03-06T13:33:49.427390,119.31,0.0,10.13,22.7,20.59,0.0,0.0,193.4,4.55,1.22,1.477,STRAIGHT,1.5,1.5,"CMD,1.5,1.50",4.0,0.0171,1.598,0.022,1,0.9212,0,NORMAL,69.405,-3.0,1,1,1,1,2,79.9,122,8,dijkstra,graph,0.29461,0,,,,,,0,,,,155928,88108,2244
1712,377.4494037628174,2026-03-06T13:33:49.638354,120.62,0.0,10.01,22.33,17.66,0.0,1.0,191.94,4.57,1.011,1.22,STRAIGHT,1.5,1.5,"CMD,1.2,1.50",4.0,0.0144,1.735,0.022,1,0.9359,0,NORMAL,70.025,-3.0,1,1,1,1,2,86.8,121,8,dijkstra,graph,0.30717,0,,,,,,0,,,,158633,91869,2253
1713,377.6863663196564,2026-03-06T13:33:49.875316,137.7,0.0,10.04,24.24,21.63,0.0,0.0,214.18,4.56,0.841,1.011,STRAIGHT,1.5,1.5,"CMD,1.0,1.50",4.0,0.0122,1.872,0.021,1,0.9544,0,NORMAL,67.897,-3.0,1,1,1,1,2,93.6,146,8,dijkstra,graph,0.3038,0,,,,,,0,,,,158025,90971,2505
1714,377.90676832199097,2026-03-06T13:33:50.095718,121.33,0.0,10.52,23.98,21.09,0.0,0.0,197.17,4.56,0.708,0.841,STRAIGHT,1.5,1.5,"CMD,0.8,1.50",4.0,0.0107,2.009,0.022,1,0.9533,0,NORMAL,65.335,-3.0,1,1,1,1,2,100.5,122,7,dijkstra,graph,0.30969,0,,,,,,0,,,,159466,92808,2253
1715,378.1118562221527,2026-03-06T13:33:50.300806,118.96,0.0,9.99,15.97,16.83,0.0,0.0,182.66,4.57,0.619,0.708,STRAIGHT,1.5,1.5,"CMD,0.7,1.50",4.0,0.0107,2.009,0.022,1,0.9605,0,NORMAL,63.887,-3.0,1,1,1,1,2,100.5,82,6,dijkstra,graph,0.31076,0,,,,,,0,,,,158631,93062,2048
1716,378.31961464881897,2026-03-06T13:33:50.508564,116.94,0.0,10.02,17.15,19.61,0.0,1.0,185.53,4.59,0.565,0.619,STRAIGHT,1.5,1.5,"CMD,0.6,1.50",4.0,0.011,1.963,0.021,1,0.9687,0,NORMAL,62.672,-3.0,1,1,1,1,2,98.2,88,5,dijkstra,graph,0.29403,0,,,,,,0,,,,154120,88095,1823
1717,378.5343098640442,2026-03-06T13:33:50.723259,122.19,0.0,8.08,19.85,19.2,0.0,0.0,192.07,4.59,0.928,0.619,STRAIGHT,1.5,1.5,"CMD,0.6,1.50",4.0,0.0401,1.096,0.024,1,0.7855,0,NORMAL,60.538,-2.989,1,1,1,1,2,54.8,101,7,dijkstra,graph,0.2857,0,,,,,,0,,,,133315,85549,2055
1718,378.74786925315857,2026-03-06T13:33:50.936819,121.14,0.0,8.01,20.31,21.71,0.0,0.0,191.95,4.59,0.766,0.766,STRAIGHT,1.5,1.5,"CMD,0.8,1.50",4.0,0.0107,2.009,0.022,1,0.7815,0,NORMAL,62.138,-2.988,1,1,1,1,2,100.5,110,5,dijkstra,graph,0.31512,0,,,,,,0,,,,159370,94478,2337
1719,378.960147857666,2026-03-06T13:33:51.149098,120.06,0.0,9.35,14.76,20.71,0.0,0.0,186.88,4.61,0.658,0.766,STRAIGHT,1.5,1.5,"CMD,0.8,1.50",4.0,0.0107,2.009,0.022,1,0.9798,0,NORMAL,61.576,-2.837,1,1,1,1,2,100.5,65,6,dijkstra,graph,0.31899,0,,,,,,0,,,,159059,95471,2048
1720,379.1631736755371,2026-03-06T13:33:51.352123,124.8,0.0,10.88,8.02,17.13,0.0,0.0,181.05,4.61,0.59,0.658,STRAIGHT,1.5,1.5,"CMD,0.7,1.50",4.0,0.011,1.963,0.021,1,0.9637,0,NORMAL,51.357,-2.817,1,1,1,1,2,98.2,12,3,dijkstra,graph,0.30903,0,,,,,,0,,,,156706,92429,1203
1721,379.37100887298584,2026-03-06T13:33:51.559959,121.38,0.0,10.03,12.89,18.18,0.0,1.0,184.29,4.62,0.545,0.59,STRAIGHT,1.5,1.5,"CMD,0.6,1.50",4.0,0.011,1.963,0.021,1,0.983,0,NORMAL,51.108,-2.449,1,1,1,1,2,98.2,46,4,dijkstra,graph,0.31463,0,,,,,,0,,,,158914,94242,1595
1722,379.57806158065796,2026-03-06T13:33:51.767011,119.72,0.0,10.32,12.33,20.61,0.0,0.0,185.49,4.62,0.511,0.545,STRAIGHT,1.5,1.5,"CMD,0.5,1.50",4.0,0.0107,2.009,0.022,1,0.9587,0,NORMAL,50.722,-2.002,1,1,1,1,2,100.5,47,6,dijkstra,graph,0.3256,0,,,,,,0,,,,158426,97471,1626
1723,379.78274941444397,2026-03-06T13:33:51.971699,118.16,0.0,7.8,14.03,20.71,0.0,0.0,182.13,4.64,0.488,0.511,STRAIGHT,1.5,1.5,"CMD,0.5,1.50",4.0,0.0107,2.009,0.022,1,0.9381,0,NORMAL,50.271,-1.506,1,1,1,1,2,100.5,51,7,dijkstra,graph,0.34868,0,,,,,,0,,,,168001,104417,1840
1724,379.98917841911316,2026-03-06T13:33:52.178128,118.43,0.0,10.01,12.56,20.05,0.0,1.0,184.35,4.64,0.464,0.488,STRAIGHT,1.5,1.5,"CMD,0.5,1.50",4.0,0.0101,2.055,0.021,1,0.9655,0,NORMAL,50.007,-0.885,1,1,1,1,2,102.8,47,9,dijkstra,graph,0.36822,0,,,,,,0,,,,172055,110363,1667
1725,380.2079367637634,2026-03-06T13:33:52.396886,121.56,0.0,10.14,19.98,22.63,0.0,0.0,194.25,4.64,-0.291,0.464,STRAIGHT,1.5,1.5,"CMD,0.5,1.50",2.684,-0.0437,2.237,-0.11,1,0.9264,0,NORMAL,50.546,0.07,1,1,1,1,2,115.3,89,11,dijkstra,graph,0.40041,0,,,,,,0,,,,176795,119894,2663
1726,380.4201431274414,2026-03-06T13:33:52.609093,118.82,0.0,9.53,20.68,23.43,0.0,0.0,193.06,4.64,-1.133,-0.291,STRAIGHT,1.5,1.5,"CMD,-0.3,1.50",2.42,-0.0684,2.283,-0.179,1,0.9433,0,NORMAL,52.059,0.47,1,1,1,1,2,119.7,104,10,dijkstra,graph,0.41754,0,,,,,,0,,,,186167,124994,2748
1727,380.65885281562805,2026-03-06T13:33:52.847802,134.95,0.0,10.52,23.71,25.55,0.0,0.0,216.04,4.62,-1.903,-1.133,STRAIGHT,1.5,1.5,"CMD,-1.1,1.50",2.124,-0.0835,2.087,-0.183,1,0.9291,0,NORMAL,56.0,1.093,1,1,1,1,2,130.7,116,11,dijkstra,graph,0.43676,0,,,,,,0,,,,192530,130941,3057
1728,380.86776208877563,2026-03-06T13:33:53.056712,118.81,0.0,10.42,16.0,23.23,0.0,0.0,187.67,4.62,-2.275,-1.903,STRAIGHT,1.5,1.5,"CMD,-1.9,1.50",2.569,-0.0732,2.42,-0.216,1,0.9514,0,NORMAL,59.717,1.435,1,1,1,1,2,125.3,61,10,dijkstra,graph,0.44961,0,,,,,,0,,,,200020,134811,2729
1729,381.0812997817993,2026-03-06T13:33:53.270249,117.24,0.0,10.0,14.55,24.45,0.0,0.0,188.73,4.61,-1.19,-1.903,STRAIGHT,1.5,1.5,"CMD,-1.9,1.50",4.0,0.0238,2.466,0.072,1,0.9561,0,NORMAL,62.758,1.704,1,1,1,1,2,123.9,47,9,dijkstra,graph,0.44738,0,,,,,,0,,,,193760,134186,2714
1730,381.29907608032227,2026-03-06T13:33:53.488026,122.69,0.0,9.99,13.73,24.57,0.0,0.0,193.17,4.62,-1.934,-1.934,STRAIGHT,1.5,1.5,"CMD,-1.9,1.50",2.387,-0.083,2.341,-0.23,1,0.9501,0,NORMAL,61.957,1.788,1,1,1,1,2,125.6,48,10,dijkstra,graph,0.44744,0,,,,,,0,,,,199698,134079,2689
1731,381.51177072525024,2026-03-06T13:33:53.700720,121.31,0.0,10.71,13.37,23.34,0.0,0.0,188.93,4.63,-2.304,-1.934,STRAIGHT,1.5,1.5,"CMD,-1.9,1.50",2.489,-0.0739,2.374,-0.21,1,0.928,0,NORMAL,60.956,2.052,1,1,1,1,2,123.6,48,8,dijkstra,graph,0.43921,0,,,,,,0,,,,195816,131591,2465
1732,381.73082160949707,2026-03-06T13:33:53.919771,126.36,0.0,9.88,13.08,22.6,0.0,0.0,193.47,4.64,-1.577,-1.934,STRAIGHT,1.5,1.5,"CMD,-1.9,1.50",4.0,-0.003,2.329,-0.008,1,0.9349,0,NORMAL,56.791,2.304,1,1,1,1,2,117.0,44,9,dijkstra,graph,0.42942,0,,,,,,0,,,,188834,128523,2275
1733,381.94246554374695,2026-03-06T13:33:54.131415,120.95,0.0,11.0,10.9,21.66,0.0,0.0,187.75,4.65,-0.938,-1.577,STRAIGHT,1.5,1.5,"CMD,-1.6,1.50",4.0,0.0082,2.283,0.021,1,0.9662,0,NORMAL,53.835,2.462,1,1,1,1,2,114.2,24,6,dijkstra,graph,0.43624,0,,,,,,0,,,,193069,130599,2275
1734,382.15707540512085,2026-03-06T13:33:54.346025,124.18,0.0,10.84,13.52,19.54,0.0,0.0,189.74,4.67,-0.513,-0.938,STRAIGHT,1.5,1.5,"CMD,-0.9,1.50",4.0,0.0082,2.283,0.021,1,0.9455,0,NORMAL,51.514,2.664,1,1,1,1,2,114.2,47,9,dijkstra,graph,0.44769,0,,,,,,0,,,,195735,133949,2480
1735,382.36793422698975,2026-03-06T13:33:54.556884,119.06,0.0,11.02,12.68,23.08,0.0,0.0,186.76,4.68,-0.223,-0.513,STRAIGHT,1.5,1.5,"CMD,-0.5,1.50",4.0,0.0086,2.237,0.022,1,0.9504,0,NORMAL,50.34,3.0,1,1,1,1,2,111.9,31,7,dijkstra,graph,0.45882,0,,,,,,0,,,,202429,137327,2348
1736,382.5897319316864,2026-03-06T13:33:54.778682,122.64,0.0,10.59,15.62,23.65,0.0,0.0,195.68,4.67,-0.01,-0.223,STRAIGHT,1.5,1.5,"CMD,-0.2,1.50",4.0,0.0101,2.055,0.021,1,0.9018,0,NORMAL,50.0,3.0,1,1,1,1,2,102.8,56,13,dijkstra,graph,0.46975,0,,,,,,0,,,,210161,140798,2670
1737,382.8009283542633,2026-03-06T13:33:54.989878,121.28,0.0,10.14,12.64,23.32,0.0,0.0,188.78,4.67,0.115,-0.01,STRAIGHT,1.5,1.5,"CMD,-0.0,1.50",4.0,0.0089,2.192,0.021,1,0.9626,0,NORMAL,50.282,3.0,1,1,1,1,2,109.6,39,9,dijkstra,graph,0.46686,0,,,,,,0,,,,209984,139757,2318
1738,383.01263642311096,2026-03-06T13:33:55.201586,122.35,0.0,10.02,11.46,24.03,0.0,0.0,187.98,4.67,-0.51,-0.01,STRAIGHT,1.5,1.5,"CMD,-0.0,1.50",2.656,-0.0427,2.632,-0.148,1,0.94,0,NORMAL,51.592,3.0,1,1,1,1,1,522.4,32,9,dijkstra,fallback_skeleton,0.45882,0,,,,,,0,,,,203143,137440,2340
1739,383.2249619960785,2026-03-06T13:33:55.413912,119.01,0.0,10.24,11.59,22.88,0.0,0.0,186.2,4.67,-0.776,-0.51,STRAIGHT,1.5,1.5,"CMD,-0.5,1.50",2.734,-0.0317,2.714,-0.117,1,0.9219,0,NORMAL,51.198,3.0,1,1,1,1,1,525.1,29,8,dijkstra,fallback_skeleton,0.44853,0,,,,,,0,,,,200646,134220,2282
1740,383.4375114440918,2026-03-06T13:33:55.626461,123.12,0.0,12.13,11.67,21.06,0.0,0.0,187.11,4.68,-0.742,-0.742,STRAIGHT,1.5,1.5,"CMD,-0.7,1.50",2.886,-0.0164,2.871,-0.068,1,0.9486,0,NORMAL,49.879,3.0,1,1,1,1,1,535.2,33,8,dijkstra,fallback_skeleton,0.43405,0,,,,,,0,,,,194881,129905,2223
1741,383.67608165740967,2026-03-06T13:33:55.865031,139.5,0.0,9.94,16.08,23.87,0.0,0.0,213.35,4.66,-0.184,-0.742,STRAIGHT,1.5,1.5,"CMD,-0.7,1.50",4.0,0.0226,1.416,0.023,1,0.8027,0,NORMAL,51.615,3.0,1,1,1,1,2,70.8,55,8,dijkstra,graph,0.43814,0,,,,,,0,,,,202108,131332,2403
1742,383.8955626487732,2026-03-06T13:33:56.084512,125.74,0.0,10.36,18.25,18.46,0.0,0.0,193.29,4.67,0.519,-0.184,STRAIGHT,1.5,1.5,"CMD,-0.2,1.50",4.0,0.0467,1.005,0.024,1,0.8258,0,NORMAL,53.007,3.0,1,1,1,1,2,50.2,68,6,dijkstra,graph,0.40153,0,,,,,,0,,,,174037,120366,1886
1743,384.1239697933197,2026-03-06T13:33:56.312919,123.33,0.0,9.13,24.46,27.19,0.0,0.0,206.03,4.66,0.468,0.468,STRAIGHT,1.5,1.5,"CMD,0.5,1.50",4.0,0.0089,2.192,0.021,1,0.8128,0,NORMAL,52.314,3.0,1,1,1,1,2,109.6,120,13,dijkstra,graph,0.44436,0,,,,,,0,,,,210264,132844,3392
1744,384.3389434814453,2026-03-06T13:33:56.527893,122.63,0.0,12.1,11.86,22.46,0.0,0.0,190.35,4.66,0.422,0.468,STRAIGHT,1.5,1.5,"CMD,0.5,1.50",4.0,0.008,2.329,0.022,1,0.9101,0,NORMAL,55.237,3.0,1,1,1,1,2,116.5,30,10,dijkstra,graph,0.45473,0,,,,,,0,,,,229080,136216,2553
1745,384.57119965553284,2026-03-06T13:33:56.760149,122.65,0.0,11.87,24.87,26.17,0.0,0.0,206.32,4.64,0.392,0.422,STRAIGHT,1.5,1.5,"CMD,0.4,1.50",4.0,0.008,2.329,0.022,1,0.944,0,NORMAL,53.931,3.0,1,1,1,1,2,116.5,139,11,dijkstra,graph,0.45506,0,,,,,,0,,,,226625,136105,3311
1746,384.80313324928284,2026-03-06T13:33:56.992083,124.94,0.0,11.87,23.17,23.93,0.0,0.0,204.62,4.63,0.374,0.392,STRAIGHT,1.5,1.5,"CMD,0.4,1.50",4.0,0.0082,2.283,0.021,1,0.9647,0,NORMAL,52.63,2.896,1,1,1,1,2,114.2,123,14,dijkstra,graph,0.44535,0,,,,,,0,,,,224928,133336,3289
1747,385.0369396209717,2026-03-06T13:33:57.225889,132.79,0.0,11.21,18.98,25.24,0.0,0.0,208.9,4.61,0.363,0.374,STRAIGHT,1.5,1.5,"CMD,0.4,1.50",4.0,0.0082,2.283,0.021,1,0.9715,0,NORMAL,52.056,2.774,1,1,1,1,2,114.2,81,14,dijkstra,graph,0.44595,0,,,,,,0,,,,225605,133292,3220
1748,385.2541720867157,2026-03-06T13:33:57.443122,126.21,0.0,11.12,14.54,21.43,0.0,0.0,194.0,4.61,0.355,0.363,STRAIGHT,1.5,1.5,"CMD,0.4,1.50",4.0,0.0082,2.283,0.021,1,0.8865,0,NORMAL,51.369,2.611,1,1,1,1,2,114.2,64,8,dijkstra,graph,0.41161,0,,,,,,0,,,,202983,123209,2147
1749,385.48296451568604,2026-03-06T13:33:57.671914,127.02,0.0,9.41,22.77,24.13,0.0,0.0,204.79,4.59,0.355,0.355,STRAIGHT,1.5,1.5,"CMD,0.4,1.50",4.0,0.0086,2.237,0.022,1,0.9567,0,NORMAL,50.874,2.487,1,1,1,1,2,111.9,110,11,dijkstra,graph,0.40626,0,,,,,,0,,,,196256,121515,2732
1750,385.71969199180603,2026-03-06T13:33:57.908642,134.31,0.0,9.17,21.75,22.5,0.0,1.0,211.91,4.57,0.359,0.355,STRAIGHT,1.5,1.5,"CMD,0.4,1.50",4.0,0.0089,2.192,0.021,1,0.9717,0,NORMAL,50.48,2.347,1,1,1,1,2,109.6,109,13,dijkstra,graph,0.40122,0,,,,,,0,,,,192641,119991,2722
1751,385.9414677619934,2026-03-06T13:33:58.130417,131.06,0.0,11.17,13.89,21.43,0.0,0.0,198.29,4.56,0.361,0.359,STRAIGHT,1.5,1.5,"CMD,0.4,1.50",4.0,0.0089,2.192,0.021,1,0.9194,0,NORMAL,50.37,2.22,1,1,1,1,2,109.6,42,6,dijkstra,graph,0.40837,0,,,,,,0,,,,204680,121988,2337
1752,386.16804099082947,2026-03-06T13:33:58.356990,123.73,0.0,9.58,22.53,23.0,0.0,0.0,201.48,4.54,0.369,0.361,STRAIGHT,1.5,1.5,"CMD,0.4,1.50",4.0,0.0093,2.146,0.021,1,0.9365,0,NORMAL,50.202,2.042,1,1,1,1,2,107.3,110,9,dijkstra,graph,0.39252,0,,,,,,0,,,,194684,117427,2496
1753,386.3951303958893,2026-03-06T13:33:58.584080,126.22,0.0,10.6,19.68,24.9,0.0,0.0,202.95,4.53,0.378,0.369,STRAIGHT,1.5,1.5,"CMD,0.4,1.50",4.0,0.0096,2.1,0.021,1,0.9353,0,NORMAL,50.177,1.884,1,1,1,1,2,105.0,91,10,dijkstra,graph,0.39548,0,,,,,,0,,,,201023,118480,2830
1754,386.6209759712219,2026-03-06T13:33:58.809926,125.3,0.0,10.1,19.8,25.48,0.0,0.0,201.9,4.52,0.391,0.378,STRAIGHT,1.5,1.5,"CMD,0.4,1.50",4.0,0.0101,2.055,0.021,1,0.9488,0,NORMAL,50.131,1.737,1,1,1,1,2,102.8,98,9,dijkstra,graph,0.39025,0,,,,,,0,,,,203422,116822,2879
1755,386.83565855026245,2026-03-06T13:33:59.024608,124.37,0.0,9.93,13.62,22.97,0.0,0.0,190.93,4.52,0.408,0.391,STRAIGHT,1.5,1.5,"CMD,0.4,1.50",4.0,0.0107,2.009,0.022,1,0.9446,0,NORMAL,50.097,1.597,1,1,1,1,2,100.5,46,9,dijkstra,graph,0.38025,0,,,,,,0,,,,204143,113965,2547
1756,387.0480716228485,2026-03-06T13:33:59.237021,121.9,0.0,9.43,12.89,22.43,0.0,0.0,187.66,4.54,0.419,0.408,STRAIGHT,1.5,1.5,"CMD,0.4,1.50",4.0,0.0107,2.009,0.022,1,0.9272,0,NORMAL,50.04,1.428,1,1,1,1,2,100.5,49,9,dijkstra,graph,0.36174,0,,,,,,0,,,,193833,108381,2237
1757,387.25972723960876,2026-03-06T13:33:59.448677,122.13,0.0,9.24,13.61,21.05,0.0,0.0,187.51,4.54,0.431,0.419,STRAIGHT,1.5,1.5,"CMD,0.4,1.50",4.0,0.011,1.963,0.021,1,0.9299,0,NORMAL,50.002,1.305,1,1,1,1,2,98.2,54,9,dijkstra,graph,0.3688,0,,,,,,0,,,,203300,110267,2467
1758,387.47017884254456,2026-03-06T13:33:59.659128,117.63,0.0,9.02,15.77,22.61,0.0,0.0,186.25,4.54,0.439,0.431,STRAIGHT,1.5,1.5,"CMD,0.4,1.50",4.0,0.011,1.963,0.021,1,0.9471,0,NORMAL,50.151,1.21,1,1,1,1,2,98.2,69,9,dijkstra,graph,0.36267,0,,,,,,0,,,,205465,108620,2527
1759,387.6911027431488,2026-03-06T13:33:59.880052,128.57,0.0,10.01,14.34,21.04,0.0,0.0,196.21,4.54,0.454,0.439,STRAIGHT,1.5,1.5,"CMD,0.4,1.50",4.0,0.0117,1.918,0.022,1,0.9638,0,NORMAL,50.717,1.062,1,1,1,1,2,95.9,70,10,dijkstra,graph,0.35219,0,,,,,,0,,,,202068,105411,2471
1760,387.90535831451416,2026-03-06T13:34:00.094308,124.31,0.0,9.64,16.6,23.04,0.0,0.0,194.21,4.54,0.464,0.454,STRAIGHT,1.5,1.5,"CMD,0.5,1.50",4.0,0.0117,1.918,0.022,1,0.9585,0,NORMAL,51.442,0.951,1,1,1,1,2,95.9,78,9,dijkstra,graph,0.3413,0,,,,,,0,,,,197773,102142,2506
1761,388.11108136177063,2026-03-06T13:34:00.300031,118.05,0.0,9.21,13.0,20.62,0.0,0.0,182.24,4.55,0.476,0.464,STRAIGHT,1.5,1.5,"CMD,0.5,1.50",4.0,0.0122,1.872,0.021,1,0.9442,0,NORMAL,52.392,0.805,1,1,1,1,2,93.6,55,7,dijkstra,graph,0.32767,0,,,,,,0,,,,188887,98166,2069
1762,388.32305359840393,2026-03-06T13:34:00.512003,119.7,0.0,9.86,14.27,20.72,0.0,0.0,187.61,4.55,0.485,0.476,STRAIGHT,1.5,1.5,"CMD,0.5,1.50",4.0,0.0122,1.872,0.021,1,0.9442,0,NORMAL,53.292,0.817,1,1,1,1,2,93.6,56,6,dijkstra,graph,0.31595,0,,,,,,0,,,,181529,94507,2228
1763,388.5287079811096,2026-03-06T13:34:00.717658,120.39,0.0,10.09,10.01,19.26,0.0,0.0,180.64,4.55,0.501,0.485,STRAIGHT,1.5,1.5,"CMD,0.5,1.50",4.0,0.0129,1.826,0.022,1,0.925,0,NORMAL,54.419,0.633,1,1,1,1,2,91.3,37,6,dijkstra,graph,0.32159,0,,,,,,0,,,,190261,96106,2045
1764,388.7368664741516,2026-03-06T13:34:00.925816,119.59,0.0,8.02,13.95,21.31,0.0,0.0,184.1,4.55,0.512,0.501,STRAIGHT,1.5,1.5,"CMD,0.5,1.50",4.0,0.0129,1.826,0.022,1,0.9621,0,NORMAL,55.126,0.571,1,1,1,1,2,91.3,55,8,dijkstra,graph,0.32457,0,,,,,,0,,,,187332,97128,2323
1765,388.95515990257263,2026-03-06T13:34:01.144110,121.71,0.0,10.11,20.11,19.95,0.0,1.0,194.17,4.56,0.52,0.512,STRAIGHT,1.5,1.5,"CMD,0.5,1.50",4.0,0.0129,1.826,0.022,1,0.9636,0,NORMAL,55.785,0.491,1,1,1,1,2,91.3,99,10,dijkstra,graph,0.31843,0,,,,,,0,,,,184267,95116,2574
1766,389.1597578525543,2026-03-06T13:34:01.348707,119.31,0.0,10.28,12.3,19.71,0.0,0.0,182.85,4.56,0.532,0.52,STRAIGHT,1.5,1.5,"CMD,0.5,1.50",4.0,0.0135,1.781,0.021,1,0.9626,0,NORMAL,56.259,0.435,1,1,1,1,2,89.1,53,8,dijkstra,graph,0.31126,0,,,,,,0,,,,180291,93079,2102
1767,389.3648760318756,2026-03-06T13:34:01.553826,121.15,0.0,9.34,12.48,18.14,0.0,0.0,182.45,4.57,0.54,0.532,STRAIGHT,1.5,1.5,"CMD,0.5,1.50",4.0,0.0135,1.781,0.021,1,0.9588,0,NORMAL,56.642,0.388,1,1,1,1,2,89.1,52,9,dijkstra,graph,0.30566,0,,,,,,0,,,,175624,91316,2313
1768,389.5871367454529,2026-03-06T13:34:01.776086,125.71,0.0,9.02,21.25,21.04,0.0,0.0,198.08,4.56,0.545,0.54,STRAIGHT,1.5,1.5,"CMD,0.5,1.50",4.0,0.0135,1.781,0.021,1,0.9531,0,NORMAL,56.903,0.364,1,1,1,1,2,89.1,105,11,dijkstra,graph,0.3011,0,,,,,,0,,,,173701,89914,2554
1769,389.79576539993286,2026-03-06T13:34:01.984715,121.15,0.0,10.02,13.56,19.23,0.0,0.0,185.76,4.56,0.549,0.545,STRAIGHT,1.5,1.5,"CMD,0.5,1.50",4.0,0.0135,1.781,0.021,1,0.9502,0,NORMAL,57.062,0.324,1,1,1,1,2,89.1,56,6,dijkstra,graph,0.29308,0,,,,,,0,,,,168520,87730,1888
1770,390.0041093826294,2026-03-06T13:34:02.193059,119.47,0.0,9.52,14.02,20.03,0.0,1.5,186.01,4.58,0.551,0.549,STRAIGHT,1.5,1.5,"CMD,0.5,1.50",4.0,0.0135,1.781,0.021,1,0.9184,0,NORMAL,56.93,0.285,1,1,1,1,2,89.1,66,9,dijkstra,graph,0.3005,0,,,,,,0,,,,176067,89891,2328
1771,390.2103536128998,2026-03-06T13:34:02.399303,121.23,0.0,9.68,12.78,19.84,0.0,0.0,183.47,4.59,0.553,0.551,STRAIGHT,1.5,1.5,"CMD,0.6,1.50",4.0,0.0135,1.781,0.021,1,0.9516,0,NORMAL,56.838,0.305,1,1,1,1,2,89.1,46,7,dijkstra,graph,0.30798,0,,,,,,0,,,,177994,92063,2113
1772,390.42618680000305,2026-03-06T13:34:02.615136,120.51,0.0,9.52,21.33,21.04,0.0,0.0,193.1,4.6,0.554,0.553,STRAIGHT,1.5,1.5,"CMD,0.6,1.50",4.0,0.0135,1.781,0.021,1,0.9365,0,NORMAL,56.909,0.263,1,1,1,1,2,89.1,119,11,dijkstra,graph,0.30411,0,,,,,,0,,,,170535,90830,2685
1773,390.65735030174255,2026-03-06T13:34:02.846300,132.82,0.0,9.87,21.62,21.83,0.0,0.0,207.79,4.59,0.555,0.554,STRAIGHT,1.5,1.5,"CMD,0.6,1.50",4.0,0.0135,1.781,0.021,1,0.9568,0,NORMAL,56.798,0.211,1,1,1,1,2,89.1,113,10,dijkstra,graph,0.30184,0,,,,,,0,,,,167876,90185,2566
1774,390.8721146583557,2026-03-06T13:34:03.061064,117.78,0.0,9.59,21.68,21.69,0.0,0.0,191.77,4.6,0.555,0.555,STRAIGHT,1.5,1.5,"CMD,0.6,1.50",4.0,0.0135,1.781,0.021,1,0.9521,0,NORMAL,56.428,0.159,1,1,1,1,2,89.1,112,10,dijkstra,graph,0.29882,0,,,,,,0,,,,164565,89400,2532
1775,391.09229159355164,2026-03-06T13:34:03.281241,120.26,0.0,11.04,25.03,21.92,0.0,0.0,197.41,4.61,0.555,0.555,STRAIGHT,1.5,1.5,"CMD,0.6,1.50",4.0,0.0135,1.781,0.021,1,0.9447,0,NORMAL,56.11,0.104,1,1,1,1,2,89.1,139,12,dijkstra,graph,0.29368,0,,,,,,0,,,,162874,87808,2703
1776,391.30677604675293,2026-03-06T13:34:03.495726,124.3,0.0,9.3,16.09,20.1,0.0,0.0,191.84,4.63,0.556,0.555,STRAIGHT,1.5,1.5,"CMD,0.6,1.50",4.0,0.0135,1.781,0.021,1,0.9435,0,NORMAL,55.625,0.082,1,1,1,1,2,89.1,77,10,dijkstra,graph,0.28738,0,,,,,,0,,,,160095,85892,2128
1777,391.51316571235657,2026-03-06T13:34:03.702115,120.58,0.0,10.02,12.03,19.15,0.0,0.0,184.12,4.63,0.556,0.556,STRAIGHT,1.5,1.5,"CMD,0.6,1.50",4.0,0.0135,1.781,0.021,1,0.9553,0,NORMAL,55.231,0.046,1,1,1,1,2,89.1,49,8,dijkstra,graph,0.28326,0,,,,,,0,,,,158773,84727,1874
1778,391.7209026813507,2026-03-06T13:34:03.909852,119.35,0.0,10.34,12.88,19.7,0.0,0.0,184.18,4.65,0.556,0.556,STRAIGHT,1.5,1.5,"CMD,0.6,1.50",4.0,0.0135,1.781,0.021,1,0.9638,0,NORMAL,54.72,0.01,1,1,1,1,2,89.1,54,8,dijkstra,graph,0.28455,0,,,,,,0,,,,159110,85132,1864
1779,391.9258134365082,2026-03-06T13:34:04.114763,119.83,0.0,10.12,12.52,18.24,0.0,0.0,182.75,4.67,0.452,0.556,STRAIGHT,1.5,1.5,"CMD,0.6,1.50",4.0,0.0059,3.988,0.047,1,0.9638,0,NORMAL,54.149,-0.004,1,1,1,1,1,385.8,62,6,dijkstra,fallback_skeleton,0.28572,0,,,,,,0,,,,161989,85479,1723
1780,392.1371531486511,2026-03-06T13:34:04.326103,123.68,0.0,9.02,14.2,20.04,0.0,0.0,188.56,4.68,0.399,0.452,STRAIGHT,1.5,1.5,"CMD,0.5,1.50",4.0,0.0071,3.985,0.057,1,0.9745,0,NORMAL,53.523,0.003,1,1,1,1,1,390.6,66,7,dijkstra,fallback_skeleton,0.28638,0,,,,,,0,,,,162261,85729,1921
1781,392.34614419937134,2026-03-06T13:34:04.535094,121.06,0.0,10.35,13.87,19.35,0.0,0.0,184.85,4.69,0.464,0.452,STRAIGHT,1.5,1.5,"CMD,0.5,1.50",4.0,0.0144,1.735,0.022,1,0.9719,0,NORMAL,53.514,-0.015,1,1,1,1,2,86.8,71,6,dijkstra,graph,0.28436,0,,,,,,0,,,,161027,85080,1926
1782,392.5679967403412,2026-03-06T13:34:04.756946,134.22,0.0,10.02,13.54,19.33,0.0,0.0,198.81,4.7,0.508,0.464,STRAIGHT,1.5,1.5,"CMD,0.5,1.50",4.0,0.0144,1.735,0.022,1,0.9782,0,NORMAL,52.486,-0.024,1,1,1,1,2,86.8,64,8,dijkstra,graph,0.28329,0,,,,,,0,,,,160015,84686,1880
1783,392.7771186828613,2026-03-06T13:34:04.966068,121.14,0.0,9.8,14.26,19.22,0.0,1.0,186.65,4.71,0.536,0.508,STRAIGHT,1.5,1.5,"CMD,0.5,1.50",4.0,0.0144,1.735,0.022,1,0.9624,0,NORMAL,52.257,-0.01,1,1,1,1,2,86.8,60,10,dijkstra,graph,0.28622,0,,,,,,0,,,,162708,85630,1995
1784,392.9793574810028,2026-03-06T13:34:05.168307,122.35,0.0,9.38,11.01,15.84,0.0,1.0,181.48,4.72,-0.401,0.508,STRAIGHT,1.5,1.5,"CMD,0.5,1.50",2.224,-0.0552,1.963,-0.107,1,0.9718,0,NORMAL,52.052,-0.014,1,1,1,1,2,101.7,57,8,dijkstra,graph,0.28322,0,,,,,,0,,,,160113,84758,1812
1785,393.18215012550354,2026-03-06T13:34:05.371100,121.63,0.0,9.52,14.15,18.13,0.0,0.0,184.99,4.73,-1.186,-0.401,STRAIGHT,1.5,1.5,"CMD,-0.4,1.50",2.106,-0.0669,1.963,-0.129,1,0.9728,0,NORMAL,52.182,-0.018,1,1,1,1,2,103.6,60,7,dijkstra,graph,0.27996,0,,,,,,0,,,,157694,83703,1704
1786,393.3908054828644,2026-03-06T13:34:05.579755,120.23,0.0,9.51,16.59,19.1,0.0,0.0,185.97,4.73,-0.583,-0.583,STRAIGHT,1.5,1.5,"CMD,-0.6,1.50",4.0,0.0151,1.689,0.022,1,0.9794,0,NORMAL,51.936,-0.025,1,1,1,1,2,84.5,81,8,dijkstra,graph,0.27713,0,,,,,,0,,,,157374,83013,1979
1787,393.60207414627075,2026-03-06T13:34:05.791024,131.18,0.0,10.11,12.53,15.11,0.0,0.0,189.68,4.73,-0.181,-0.583,STRAIGHT,1.5,1.5,"CMD,-0.6,1.50",4.0,0.0151,1.689,0.022,1,0.979,0,NORMAL,51.783,-0.053,1,1,1,1,2,84.5,60,8,dijkstra,graph,0.27366,0,,,,,,0,,,,156526,81824,1920
1788,393.8095142841339,2026-03-06T13:34:05.998464,123.09,0.0,9.77,13.16,18.66,0.0,0.0,186.72,4.74,-1.293,-0.583,STRAIGHT,1.5,1.5,"CMD,-0.6,1.50",2.018,-0.0854,1.963,-0.166,1,0.9768,0,NORMAL,51.724,-0.031,1,1,1,1,2,104.4,55,7,dijkstra,graph,0.27587,0,,,,,,0,,,,156604,82671,1742
1789,394.015750169754,2026-03-06T13:34:06.204700,124.27,0.0,9.52,11.05,19.89,0.0,0.0,184.41,4.75,-1.997,-1.293,STRAIGHT,1.5,1.5,"CMD,-1.3,1.50",1.953,-0.0826,1.918,-0.153,1,0.9836,0,NORMAL,51.783,-0.009,1,1,1,1,2,103.2,50,7,dijkstra,graph,0.27568,0,,,,,,0,,,,156417,82541,1756
1790,394.21985721588135,2026-03-06T13:34:06.408807,121.38,0.0,9.32,12.04,19.06,0.0,0.0,182.08,4.75,-1.109,-1.293,STRAIGHT,1.5,1.5,"CMD,-1.3,1.50",3.654,0.0162,1.644,0.022,1,0.9827,0,NORMAL,51.918,-0.019,1,1,1,1,2,82.2,51,8,dijkstra,graph,0.27436,0,,,,,,0,,,,155474,82029,1766
1791,394.4301338195801,2026-03-06T13:34:06.619083,124.81,0.0,10.01,14.02,18.71,0.0,1.0,188.11,4.75,-0.517,-1.109,STRAIGHT,1.5,1.5,"CMD,-1.1,1.50",4.0,0.0162,1.644,0.022,1,0.982,0,NORMAL,52.387,-0.039,1,1,1,1,2,82.2,57,8,dijkstra,graph,0.27114,0,,,,,,0,,,,154358,81125,1889
1792,394.64808535575867,2026-03-06T13:34:06.837035,133.83,0.0,9.1,13.1,20.05,0.0,0.0,196.19,4.74,-0.122,-0.517,STRAIGHT,1.5,1.5,"CMD,-0.5,1.50",4.0,0.0162,1.644,0.022,1,0.9839,0,NORMAL,52.781,-0.041,1,1,1,1,2,82.2,56,7,dijkstra,graph,0.26872,0,,,,,,0,,,,153748,80505,1919
1793,394.85550141334534,2026-03-06T13:34:07.044451,123.17,0.0,10.31,12.05,18.11,0.0,0.5,185.7,4.74,0.126,-0.122,STRAIGHT,1.5,1.5,"CMD,-0.1,1.50",4.0,0.0151,1.689,0.022,1,0.9836,0,NORMAL,53.283,-0.039,1,1,1,1,2,84.5,42,7,dijkstra,graph,0.26669,0,,,,,,0,,,,152671,79914,1641
1794,395.0691990852356,2026-03-06T13:34:07.258149,120.53,0.0,8.8,20.1,19.32,0.0,0.0,190.77,4.74,0.307,0.126,STRAIGHT,1.5,1.5,"CMD,0.1,1.50",4.0,0.0162,1.644,0.022,1,0.9834,0,NORMAL,53.385,-0.037,1,1,1,1,2,82.2,108,8,dijkstra,graph,0.26998,0,,,,,,0,,,,152589,80758,2120
1795,395.2709901332855,2026-03-06T13:34:07.459940,118.82,0.0,10.13,12.54,17.71,0.0,0.0,179.25,4.75,0.427,0.307,STRAIGHT,1.5,1.5,"CMD,0.3,1.50",4.0,0.0162,1.644,0.022,1,0.9847,0,NORMAL,54.089,-0.05,1,1,1,1,2,82.2,52,7,dijkstra,graph,0.26715,0,,,,,,0,,,,152162,79969,1724
1796,395.480162858963,2026-03-06T13:34:07.669112,119.83,0.0,10.16,19.36,18.72,0.0,0.0,190.12,4.74,0.52,0.427,STRAIGHT,1.5,1.5,"CMD,0.4,1.50",4.0,0.0171,1.598,0.022,1,0.9797,0,NORMAL,54.341,-0.076,1,1,1,1,2,79.9,111,9,dijkstra,graph,0.26508,0,,,,,,0,,,,150714,79303,2093
1797,395.70242071151733,2026-03-06T13:34:07.891370,128.75,0.0,10.01,19.94,19.03,0.0,0.0,200.72,4.74,0.582,0.52,STRAIGHT,1.5,1.5,"CMD,0.5,1.50",4.0,0.0171,1.598,0.022,1,0.9802,0,NORMAL,54.549,-0.081,1,1,1,1,2,79.9,105,8,dijkstra,graph,0.26661,0,,,,,,0,,,,150703,79777,2075
1798,395.9117887020111,2026-03-06T13:34:08.100738,123.97,0.0,9.02,13.24,18.54,0.0,1.0,187.53,4.74,0.247,0.52,STRAIGHT,1.5,1.5,"CMD,0.5,1.50",3.862,-0.0103,3.837,-0.076,1,0.9685,0,NORMAL,55.082,-0.083,1,1,1,1,1,382.8,58,6,dijkstra,fallback_skeleton,0.26219,0,,,,,,0,,,,149637,78447,1778
1799,396.11562633514404,2026-03-06T13:34:08.304576,119.49,0.0,10.52,12.84,18.02,0.0,0.52,181.61,4.75,0.038,0.247,STRAIGHT,1.5,1.5,"CMD,0.2,1.50",3.934,-0.0092,3.908,-0.071,1,0.9777,0,NORMAL,55.495,-0.094,1,1,1,1,1,380.5,61,7,dijkstra,fallback_skeleton,0.26213,0,,,,,,0,,,,150156,78366,1729
1800,396.32677149772644,2026-03-06T13:34:08.515721,124.1,0.0,8.77,12.05,18.37,0.0,1.26,187.7,4.74,0.277,0.247,STRAIGHT,1.5,1.5,"CMD,0.2,1.50",4.0,0.0183,1.553,0.022,1,0.9643,0,NORMAL,56.066,-0.077,1,1,1,1,2,77.6,59,10,dijkstra,graph,0.25913,0,,,,,,0,,,,149332,77532,1762
1801,396.53739404678345,2026-03-06T13:34:08.726344,125.34,0.0,10.02,15.08,18.02,0.0,0.0,188.46,4.75,0.42,0.277,STRAIGHT,1.5,1.5,"CMD,0.3,1.50",4.0,0.0171,1.598,0.022,1,0.9729,0,NORMAL,55.936,-0.101,1,1,1,1,2,79.9,69,10,dijkstra,graph,0.25959,0,,,,,,0,,,,148096,77586,1782
1802,396.74840688705444,2026-03-06T13:34:08.937357,124.47,0.0,11.15,13.57,19.03,0.0,0.0,189.47,4.76,0.502,0.42,STRAIGHT,1.5,1.5,"CMD,0.4,1.50",4.0,0.0162,1.644,0.022,1,0.9328,0,NORMAL,55.727,-0.081,1,1,1,1,2,82.2,60,5,dijkstra,graph,0.26362,0,,,,,,0,,,,156639,78802,1763
1803,396.9621741771698,2026-03-06T13:34:09.151124,123.56,0.0,9.08,19.97,19.41,0.0,0.0,190.98,4.76,0.57,0.502,STRAIGHT,1.5,1.5,"CMD,0.5,1.50",4.0,0.0171,1.598,0.022,1,0.9287,0,NORMAL,56.067,-0.051,1,1,1,1,2,79.9,103,8,dijkstra,graph,0.26504,0,,,,,,0,,,,148828,79427,2094
1804,397.1709232330322,2026-03-06T13:34:09.359873,121.5,0.0,9.99,14.8,17.14,0.0,0.0,185.48,4.77,0.616,0.57,STRAIGHT,1.5,1.5,"CMD,0.6,1.50",4.0,0.0171,1.598,0.022,1,0.9762,0,NORMAL,56.592,-0.067,1,1,1,1,2,79.9,73,8,dijkstra,graph,0.26008,0,,,,,,0,,,,147679,77972,1685
1805,397.3889708518982,2026-03-06T13:34:09.577921,123.91,0.0,10.33,20.63,19.21,0.0,1.0,196.37,4.77,0.662,0.616,STRAIGHT,1.5,1.5,"CMD,0.6,1.50",4.0,0.0183,1.553,0.022,1,0.9791,0,NORMAL,57.171,-0.049,1,1,1,1,2,77.6,112,7,dijkstra,graph,0.26465,0,,,,,,0,,,,147851,79186,2158
1806,397.61071133613586,2026-03-06T13:34:09.799661,130.92,0.0,8.25,20.55,17.91,0.0,0.0,200.37,4.76,0.694,0.662,STRAIGHT,1.5,1.5,"CMD,0.7,1.50",4.0,0.0183,1.553,0.022,1,0.9793,0,NORMAL,57.699,-0.054,1,1,1,1,2,77.6,116,9,dijkstra,graph,0.26285,0,,,,,,0,,,,147105,78615,2036
1807,397.82244420051575,2026-03-06T13:34:10.011394,125.5,0.0,10.02,16.03,18.61,0.0,0.0,189.56,4.75,-1.535,0.662,STRAIGHT,1.5,1.5,"CMD,0.7,1.50",2.008,-0.1458,1.872,-0.26,1,0.9791,0,NORMAL,58.262,-0.054,1,1,1,1,2,102.9,76,8,dijkstra,graph,0.26306,0,,,,,,0,,,,146860,78830,1798
1808,398.03178691864014,2026-03-06T13:34:10.220737,120.94,0.0,9.87,14.03,18.98,0.0,0.0,185.27,4.75,-0.752,-0.752,STRAIGHT,1.5,1.5,"CMD,-0.8,1.50",4.0,0.0197,1.507,0.022,1,0.9773,0,NORMAL,58.774,-0.069,1,1,1,1,2,75.4,70,9,dijkstra,graph,0.25919,0,,,,,,0,,,,146050,77630,1898
1809,398.2451310157776,2026-03-06T13:34:10.434081,123.1,0.0,9.14,17.82,18.95,0.0,0.0,192.53,4.75,-0.23,-0.752,STRAIGHT,1.5,1.5,"CMD,-0.8,1.50",4.0,0.0197,1.507,0.022,1,0.9774,0,NORMAL,59.146,-0.089,1,1,1,1,2,75.4,96,10,dijkstra,graph,0.25864,0,,,,,,0,,,,145809,77281,2066
1810,398.45698976516724,2026-03-06T13:34:10.645939,119.37,0.0,9.79,20.37,19.18,0.0,1.2,190.16,4.75,0.118,-0.23,STRAIGHT,1.5,1.5,"CMD,-0.2,1.50",4.0,0.0197,1.507,0.022,1,0.9777,0,NORMAL,59.558,-0.062,1,1,1,1,2,75.4,107,9,dijkstra,graph,0.26068,0,,,,,,0,,,,146324,77930,2099
1811,398.67896580696106,2026-03-06T13:34:10.867915,134.79,0.0,8.15,16.55,18.36,0.0,1.0,200.27,4.75,0.35,0.118,STRAIGHT,1.5,1.5,"CMD,0.1,1.50",4.0,0.0197,1.507,0.022,1,0.97,0,NORMAL,59.833,-0.059,1,1,1,1,2,75.4,104,8,dijkstra,graph,0.258,0,,,,,,0,,,,147079,77248,2050
1812,398.88902282714844,2026-03-06T13:34:11.077972,121.53,0.0,10.03,15.71,19.04,0.0,1.0,188.44,4.74,0.505,0.35,STRAIGHT,1.5,1.5,"CMD,0.4,1.50",4.0,0.0197,1.507,0.022,1,0.9678,0,NORMAL,60.271,-0.065,1,1,1,1,2,75.4,84,8,dijkstra,graph,0.25756,0,,,,,,0,,,,145568,77062,1961
1813,399.0931775569916,2026-03-06T13:34:11.282127,121.08,0.0,9.52,13.23,18.55,0.0,0.0,183.41,4.74,0.626,0.505,STRAIGHT,1.5,1.5,"CMD,0.5,1.50",4.0,0.021,1.461,0.022,1,0.9745,0,NORMAL,60.901,-0.066,1,1,1,1,2,73.1,57,8,dijkstra,graph,0.25638,0,,,,,,0,,,,144891,76657,1791
1814,399.3012788295746,2026-03-06T13:34:11.490228,123.17,0.0,8.82,13.02,18.47,0.0,0.3,185.14,4.74,0.707,0.626,STRAIGHT,1.5,1.5,"CMD,0.6,1.50",4.0,0.021,1.461,0.022,1,0.9349,0,NORMAL,61.632,-0.11,1,1,1,1,2,73.1,57,7,dijkstra,graph,0.2476,0,,,,,,0,,,,137541,74164,1624
1815,399.50670337677,2026-03-06T13:34:11.695653,122.4,0.0,10.12,13.16,16.75,0.0,0.0,184.06,4.74,0.761,0.707,STRAIGHT,1.5,1.5,"CMD,0.7,1.50",4.0,0.021,1.461,0.022,1,0.9473,0,NORMAL,61.934,-0.094,1,1,1,1,2,73.1,63,9,dijkstra,graph,0.2507,0,,,,,,0,,,,142793,75089,1699
1816,399.71479058265686,2026-03-06T13:34:11.903740,123.19,0.0,7.52,13.28,19.17,0.0,0.55,184.99,4.74,-2.07,0.707,STRAIGHT,1.5,1.5,"CMD,0.7,1.50",2.002,-0.1885,1.872,-0.341,1,0.952,0,NORMAL,62.072,-0.043,1,1,1,1,2,103.5,56,7,dijkstra,graph,0.25302,0,,,,,,0,,,,139159,75765,1644
1817,399.9180965423584,2026-03-06T13:34:12.107046,120.1,0.0,10.2,12.33,17.96,0.0,0.0,182.48,4.75,-1.09,-1.09,STRAIGHT,1.5,1.5,"CMD,-1.1,1.50",4.0,0.021,1.461,0.022,1,0.9516,0,NORMAL,61.753,-0.045,1,1,1,1,2,73.1,61,8,dijkstra,graph,0.25153,0,,,,,,0,,,,143987,75474,1639
1818,400.12490487098694,2026-03-06T13:34:12.313855,119.73,0.0,10.14,14.56,19.39,0.0,0.0,184.38,4.75,-1.111,-1.111,STRAIGHT,1.5,1.5,"CMD,-1.1,1.50",4.0,-0.028,3.962,-0.22,1,0.9656,0,NORMAL,61.436,-0.021,1,1,1,1,2,246.6,77,6,dijkstra,graph,0.2593,0,,,,,,0,,,,148162,77548,1708
1819,400.33189940452576,2026-03-06T13:34:12.520849,121.45,0.0,8.49,14.12,17.69,0.0,0.0,183.94,4.74,-1.183,-1.111,STRAIGHT,1.5,1.5,"CMD,-1.1,1.50",4.0,-0.0321,3.964,-0.253,1,0.9815,0,NORMAL,61.62,0.022,1,1,1,1,2,243.8,68,6,dijkstra,graph,0.26006,0,,,,,,0,,,,148091,77846,1773
1820,400.5399832725525,2026-03-06T13:34:12.728933,120.94,0.0,9.52,14.91,18.11,0.0,0.0,185.83,4.75,-1.184,-1.183,STRAIGHT,1.5,1.5,"CMD,-1.2,1.50",4.0,-0.0288,3.959,-0.226,1,0.9839,0,NORMAL,62.083,0.064,1,1,1,1,2,246.8,71,8,dijkstra,graph,0.26488,0,,,,,,0,,,,148711,79385,1810
1821,400.7501120567322,2026-03-06T13:34:12.939061,119.93,0.0,10.03,16.57,19.81,0.0,0.0,185.95,4.75,-0.478,-1.183,STRAIGHT,1.5,1.5,"CMD,-1.2,1.50",4.0,0.0226,1.416,0.023,1,0.971,0,NORMAL,61.796,0.092,1,1,1,1,2,70.8,79,8,dijkstra,graph,0.26539,0,,,,,,0,,,,147028,79436,2019
1822,400.9551513195038,2026-03-06T13:34:13.144101,121.59,0.0,8.25,13.84,18.81,0.0,0.5,184.18,4.75,-3.19,-1.184,STRAIGHT,1.5,1.5,"CMD,-1.2,1.50",2.0,-0.2104,1.861,-0.379,1,0.9725,0,NORMAL,61.191,0.129,1,1,1,1,2,108.0,57,7,dijkstra,graph,0.26733,0,,,,,,0,,,,146557,80056,1928
1823,401.15958619117737,2026-03-06T13:34:13.348536,121.01,0.0,9.89,14.02,19.02,0.0,0.0,184.7,4.76,-1.815,-1.815,STRAIGHT,1.5,1.5,"CMD,-1.8,1.50",4.0,0.0226,1.416,0.023,1,0.9662,0,NORMAL,61.25,0.145,1,1,1,1,2,70.8,73,8,dijkstra,graph,0.26581,0,,,,,,0,,,,146242,79739,1962
1824,401.3670370578766,2026-03-06T13:34:13.555987,120.7,0.0,9.02,15.84,20.25,0.0,0.0,185.02,4.76,-0.921,-1.815,STRAIGHT,1.5,1.5,"CMD,-1.8,1.50",4.0,0.021,1.461,0.022,1,0.9565,0,NORMAL,60.713,0.149,1,1,1,1,2,73.1,79,9,dijkstra,graph,0.2718,0,,,,,,0,,,,151664,81268,1930
1825,401.58301186561584,2026-03-06T13:34:13.771961,125.79,0.0,9.69,16.21,20.11,0.0,0.0,192.86,4.75,-3.378,-1.815,STRAIGHT,1.5,1.5,"CMD,-1.8,1.50",2.002,-0.2024,1.87,-0.368,1,0.9872,0,NORMAL,60.909,0.137,1,1,1,1,2,108.1,88,6,dijkstra,graph,0.27238,0,,,,,,0,,,,152096,81552,2032
1826,401.7871243953705,2026-03-06T13:34:13.976074,120.27,0.0,10.02,14.97,16.04,0.0,0.0,181.3,4.77,-3.867,-3.378,STRAIGHT,1.5,1.5,"CMD,-3.4,1.50",1.661,-0.1177,1.61,-0.154,1,0.9818,0,NORMAL,60.991,0.178,1,1,1,1,2,111.3,79,6,dijkstra,graph,0.27884,0,,,,,,0,,,,153439,83451,2005
1827,401.99280071258545,2026-03-06T13:34:14.181750,120.52,0.0,9.03,14.71,19.62,0.0,0.0,185.63,4.77,-2.266,-3.378,STRAIGHT,1.5,1.5,"CMD,-3.4,1.50",2.002,0.0226,1.416,0.023,1,0.9851,0,NORMAL,61.143,0.127,1,1,1,1,2,70.8,71,7,dijkstra,graph,0.27405,0,,,,,,0,,,,152991,81855,2017
1828,402.2011647224426,2026-03-06T13:34:14.390114,119.99,0.0,9.36,16.98,18.98,0.0,0.0,184.85,4.77,-2.998,-2.998,STRAIGHT,1.5,1.5,"CMD,-3.0,1.50",1.661,-0.1083,1.618,-0.143,1,0.9865,0,NORMAL,61.178,0.117,1,1,1,1,2,109.4,87,7,dijkstra,graph,0.27341,0,,,,,,0,,,,153632,81917,2001
1829,402.4098792076111,2026-03-06T13:34:14.598829,120.39,0.0,9.75,16.62,19.04,0.0,0.0,186.99,4.77,-3.354,-2.998,STRAIGHT,1.5,1.5,"CMD,-3.0,1.50",1.624,-0.0988,1.587,-0.125,1,0.9822,0,NORMAL,61.346,0.119,1,1,1,1,2,109.3,82,9,dijkstra,graph,0.27291,0,,,,,,0,,,,152276,81523,1997
1830,402.63234972953796,2026-03-06T13:34:14.821299,136.62,0.0,8.02,15.13,18.47,0.0,0.0,199.28,4.76,-3.592,-3.354,STRAIGHT,1.5,1.5,"CMD,-3.4,1.50",1.624,-0.0988,1.587,-0.125,1,0.9845,0,NORMAL,60.683,0.122,1,1,1,1,2,109.3,67,6,dijkstra,graph,0.2725,0,,,,,,0,,,,153810,81437,1825
1831,402.84912395477295,2026-03-06T13:34:15.038074,127.02,0.0,10.09,15.6,20.32,0.0,0.0,194.4,4.75,-2.083,-3.354,STRAIGHT,1.5,1.5,"CMD,-3.4,1.50",1.896,0.0226,1.416,0.023,1,0.9819,0,NORMAL,60.486,0.15,1,1,1,1,2,70.8,83,8,dijkstra,graph,0.28285,0,,,,,,0,,,,155563,84665,2047
1832,403.05948519706726,2026-03-06T13:34:15.248435,123.07,0.0,10.08,15.46,18.99,0.0,0.0,188.27,4.76,-2.607,-2.607,STRAIGHT,1.5,1.5,"CMD,-2.6,1.50",1.634,-0.0887,1.599,-0.114,1,0.9865,0,NORMAL,60.469,0.154,1,1,1,1,2,109.3,82,8,dijkstra,graph,0.28126,0,,,,,,0,,,,155857,84070,1946
1833,403.26847529411316,2026-03-06T13:34:15.457425,122.33,0.0,10.02,14.14,19.34,0.0,0.0,186.81,4.76,-2.956,-2.607,STRAIGHT,1.5,1.5,"CMD,-2.6,1.50",1.634,-0.0887,1.599,-0.114,1,0.9859,0,NORMAL,60.447,0.147,1,1,1,1,2,109.3,71,5,dijkstra,graph,0.2814,0,,,,,,0,,,,156149,84201,1741
1834,403.48080611228943,2026-03-06T13:34:15.669756,123.5,0.0,10.02,15.55,20.2,0.0,0.0,189.3,4.76,-3.038,-2.956,STRAIGHT,1.5,1.5,"CMD,-3.0,1.50",1.639,-0.0777,1.607,-0.101,1,0.9869,0,NORMAL,60.428,0.13,1,1,1,1,2,110.0,83,6,dijkstra,graph,0.28198,0,,,,,,0,,,,156395,84382,1807
1835,403.6958837509155,2026-03-06T13:34:15.884833,125.4,0.0,9.35,15.22,19.14,0.0,0.0,191.74,4.77,-3.243,-3.038,STRAIGHT,1.5,1.5,"CMD,-3.0,1.50",1.634,-0.0887,1.599,-0.114,1,0.9882,0,NORMAL,60.703,0.099,1,1,1,1,2,109.3,70,7,dijkstra,graph,0.28331,0,,,,,,0,,,,156040,84748,1950
1836,403.9057126045227,2026-03-06T13:34:16.094662,122.35,0.0,9.72,14.04,19.55,0.0,1.01,188.78,4.77,-3.228,-3.228,STRAIGHT,1.5,1.5,"CMD,-3.2,1.50",1.632,-0.0776,1.6,-0.1,1,0.9744,0,NORMAL,60.584,0.066,1,1,1,1,2,109.9,62,7,dijkstra,graph,0.28649,0,,,,,,0,,,,154381,85699,1857
1837,404.11560106277466,2026-03-06T13:34:16.304551,124.8,0.0,10.02,14.29,18.95,0.0,0.0,189.83,4.77,-3.21,-3.228,STRAIGHT,1.5,1.5,"CMD,-3.2,1.50",1.624,-0.077,1.591,-0.098,1,0.9764,0,NORMAL,60.447,0.108,1,1,1,1,2,110.0,61,5,dijkstra,graph,0.28614,0,,,,,,0,,,,154490,85553,1701
1838,404.3241755962372,2026-03-06T13:34:16.513125,120.05,0.0,9.19,16.71,19.33,0.0,0.0,184.2,4.77,-3.203,-3.21,STRAIGHT,1.5,1.5,"CMD,-3.2,1.50",1.621,-0.0774,1.588,-0.098,1,0.967,0,NORMAL,60.373,0.119,1,1,1,1,2,109.9,80,7,dijkstra,graph,0.29211,0,,,,,,0,,,,158131,87449,1964
1839,404.53915524482727,2026-03-06T13:34:16.728105,123.25,0.0,9.03,17.94,21.05,0.0,0.0,193.5,4.77,-2.113,-3.203,STRAIGHT,1.5,1.5,"CMD,-3.2,1.50",1.888,0.0017,1.607,0.002,1,0.9836,0,NORMAL,60.776,0.065,1,1,1,1,2,113.1,101,5,dijkstra,graph,0.29558,0,,,,,,0,,,,158817,88396,2063
1840,404.74710416793823,2026-03-06T13:34:16.936054,118.92,0.0,9.02,16.69,17.48,0.0,2.01,184.38,4.78,-2.389,-2.389,STRAIGHT,1.5,1.5,"CMD,-2.4,1.50",1.621,-0.0714,1.587,-0.09,1,0.9873,0,NORMAL,60.889,0.027,1,1,1,1,2,111.7,86,6,dijkstra,graph,0.29186,0,,,,,,0,,,,158323,87253,1934
1841,404.95515298843384,2026-03-06T13:34:17.144103,119.06,0.0,10.35,16.53,20.55,0.0,0.0,186.02,4.78,-2.442,-2.389,STRAIGHT,1.5,1.5,"CMD,-2.4,1.50",1.586,-0.0618,1.555,-0.075,1,0.9866,0,NORMAL,60.196,-0.008,1,1,1,1,2,113.2,84,8,dijkstra,graph,0.2961,0,,,,,,0,,,,159441,88656,2044
1842,405.1668221950531,2026-03-06T13:34:17.355772,119.71,0.0,10.03,17.18,20.88,0.0,0.0,187.94,4.77,-1.404,-2.389,STRAIGHT,1.5,1.5,"CMD,-2.4,1.50",1.798,0.0163,1.607,0.021,1,0.9833,0,NORMAL,59.862,-0.012,1,1,1,1,2,116.3,85,7,dijkstra,graph,0.30537,0,,,,,,0,,,,160610,91308,2051
1843,405.3759377002716,2026-03-06T13:34:17.564887,117.88,0.0,10.01,16.99,21.18,0.0,0.0,185.73,4.77,-0.711,-1.404,STRAIGHT,1.5,1.5,"CMD,-1.4,1.50",2.53,0.0163,1.607,0.021,1,0.9874,0,NORMAL,60.328,-0.012,1,1,1,1,2,116.4,89,4,dijkstra,graph,0.30434,0,,,,,,0,,,,160876,91030,1962
1844,405.5910382270813,2026-03-06T13:34:17.779988,122.82,0.0,10.03,17.25,20.04,0.0,1.0,191.85,4.77,-0.25,-0.711,STRAIGHT,1.5,1.5,"CMD,-0.7,1.50",4.0,0.0163,1.607,0.021,1,0.9897,0,NORMAL,60.244,-0.017,1,1,1,1,2,116.3,79,7,dijkstra,graph,0.30333,0,,,,,,0,,,,161341,90767,1951
1845,405.79882049560547,2026-03-06T13:34:17.987770,117.76,0.0,10.52,14.62,21.04,0.0,0.0,185.64,4.77,0.041,-0.25,STRAIGHT,1.5,1.5,"CMD,-0.2,1.50",4.0,0.0151,1.644,0.02,1,0.9781,0,NORMAL,59.771,0.047,1,1,1,1,2,119.6,73,7,dijkstra,graph,0.30944,0,,,,,,0,,,,162886,92801,1918
1846,406.00914883613586,2026-03-06T13:34:18.198099,119.98,0.0,9.66,14.88,21.05,0.0,0.0,186.99,4.76,0.014,0.014,STRAIGHT,1.5,1.5,"CMD,0.0,1.50",3.177,-0.001,1.644,-0.001,1,0.9824,0,NORMAL,59.425,0.027,1,1,1,1,2,118.0,77,8,dijkstra,graph,0.31312,0,,,,,,0,,,,162992,93760,1970
1847,406.2242293357849,2026-03-06T13:34:18.413179,122.06,0.0,10.02,17.55,21.02,0.0,1.0,192.4,4.75,0.261,0.041,STRAIGHT,1.5,1.5,"CMD,0.0,1.50",4.0,0.0183,1.553,0.022,1,0.9831,0,NORMAL,59.062,0.011,1,1,1,1,2,77.6,96,7,dijkstra,graph,0.31341,0,,,,,,0,,,,163537,93733,2049
1848,406.43714332580566,2026-03-06T13:34:18.626093,123.09,0.0,8.8,17.21,20.05,0.0,0.0,190.29,4.75,0.426,0.261,STRAIGHT,1.5,1.5,"CMD,0.3,1.50",4.0,0.0183,1.553,0.022,1,0.9813,0,NORMAL,58.094,0.075,1,1,1,1,2,77.6,83,8,dijkstra,graph,0.32231,0,,,,,,0,,,,165658,96549,2278
1849,406.66570711135864,2026-03-06T13:34:18.854657,137.5,0.0,9.34,17.33,19.79,0.0,0.0,204.69,4.73,-0.177,0.261,STRAIGHT,1.5,1.5,"CMD,0.3,1.50",2.35,-0.0335,1.68,-0.047,1,0.9843,0,NORMAL,58.02,0.112,1,1,1,1,2,121.3,85,5,dijkstra,graph,0.31961,0,,,,,,0,,,,165738,95641,1896
1850,406.8777422904968,2026-03-06T13:34:19.066692,122.68,0.0,10.02,16.24,21.36,0.0,0.0,189.64,4.73,-0.536,-0.177,STRAIGHT,1.5,1.5,"CMD,-0.2,1.50",2.395,-0.0304,1.68,-0.043,1,0.9807,0,NORMAL,57.384,0.145,1,1,1,1,2,119.7,86,5,dijkstra,graph,0.32535,0,,,,,,0,,,,166834,97416,1976
1851,407.0810446739197,2026-03-06T13:34:19.269994,116.41,0.0,8.01,15.55,18.72,0.0,0.0,179.11,4.73,-0.775,-0.536,STRAIGHT,1.5,1.5,"CMD,-0.5,1.50",2.395,-0.0304,1.68,-0.043,1,0.98,0,NORMAL,57.517,0.163,1,1,1,1,2,119.7,81,6,dijkstra,graph,0.32525,0,,,,,,0,,,,166968,97370,2033
1852,407.2907781600952,2026-03-06T13:34:19.479728,118.33,0.0,10.45,17.66,20.55,0.0,0.0,187.69,4.73,-0.978,-0.775,STRAIGHT,1.5,1.5,"CMD,-0.8,1.50",2.35,-0.0335,1.68,-0.047,1,0.9831,0,NORMAL,57.596,0.153,1,1,1,1,2,119.5,85,5,dijkstra,graph,0.32287,0,,,,,,0,,,,166870,96597,2004
1853,407.5069761276245,2026-03-06T13:34:19.695926,123.53,0.0,9.53,19.66,20.32,0.0,1.0,193.96,4.72,-1.113,-0.978,STRAIGHT,1.5,1.5,"CMD,-1.0,1.50",2.35,-0.0335,1.68,-0.047,1,0.9788,0,NORMAL,55.667,0.209,1,1,1,1,2,119.5,84,9,dijkstra,graph,0.32558,0,,,,,,0,,,,167457,97372,2072
1854,407.7171013355255,2026-03-06T13:34:19.906051,121.87,0.0,9.02,16.04,18.17,0.0,0.0,186.28,4.73,-1.16,-1.113,STRAIGHT,1.5,1.5,"CMD,-1.1,1.50",2.395,-0.0304,1.68,-0.043,1,0.9656,0,NORMAL,55.707,0.201,1,1,1,1,2,119.7,73,9,dijkstra,graph,0.32959,0,,,,,,0,,,,165536,98806,2142
1855,407.93005204200745,2026-03-06T13:34:20.119002,123.43,0.0,9.74,16.75,21.62,0.0,0.0,191.91,4.72,-1.191,-1.16,STRAIGHT,1.5,1.5,"CMD,-1.2,1.50",2.395,-0.0304,1.68,-0.043,1,0.9799,0,NORMAL,55.437,0.183,1,1,1,1,2,119.6,85,6,dijkstra,graph,0.33176,0,,,,,,0,,,,165590,99282,2119
1856,408.14564418792725,2026-03-06T13:34:20.334594,119.77,0.0,11.34,16.79,21.7,0.0,0.0,192.11,4.71,-1.212,-1.191,STRAIGHT,1.5,1.5,"CMD,-1.2,1.50",2.395,-0.0304,1.68,-0.043,1,0.966,0,NORMAL,55.0,0.157,1,1,1,1,2,119.6,86,7,dijkstra,graph,0.3351,0,,,,,,0,,,,169810,100402,2048
1857,408.3579931259155,2026-03-06T13:34:20.546943,120.44,0.0,11.6,14.52,22.05,0.0,0.0,189.81,4.71,-2.663,-1.212,STRAIGHT,1.5,1.5,"CMD,-1.2,1.50",1.769,-0.1353,1.707,-0.2,1,0.982,0,NORMAL,55.099,0.091,1,1,1,1,2,119.7,72,10,dijkstra,graph,0.32909,0,,,,,,0,,,,168583,98575,2057
1858,408.56485509872437,2026-03-06T13:34:20.753805,115.26,0.0,10.15,16.64,22.15,0.0,0.0,184.13,4.71,-1.486,-1.486,STRAIGHT,1.5,1.5,"CMD,-1.5,1.50",2.395,0.021,1.461,0.022,1,0.9809,0,NORMAL,55.198,0.145,1,1,1,1,2,73.1,92,8,dijkstra,graph,0.33709,0,,,,,,0,,,,171179,100932,2073
1859,408.7858054637909,2026-03-06T13:34:20.974755,121.13,0.0,8.01,25.21,23.48,0.0,0.0,197.62,4.71,-0.701,-1.486,STRAIGHT,1.5,1.5,"CMD,-1.5,1.50",4.0,0.021,1.461,0.022,1,0.9848,0,NORMAL,54.351,0.185,1,1,1,1,2,73.1,145,9,dijkstra,graph,0.34211,0,,,,,,0,,,,172541,102471,2482
1860,408.9976587295532,2026-03-06T13:34:21.186608,119.87,0.0,10.02,17.23,20.68,0.0,0.0,187.47,4.72,-0.178,-0.701,STRAIGHT,1.5,1.5,"CMD,-0.7,1.50",4.0,0.021,1.461,0.022,1,0.9854,0,NORMAL,54.356,0.104,1,1,1,1,2,73.1,82,9,dijkstra,graph,0.33705,0,,,,,,0,,,,171810,100803,2118
1861,409.2140374183655,2026-03-06T13:34:21.402987,121.61,0.0,10.02,20.0,21.36,0.0,0.0,193.88,4.71,0.153,-0.178,STRAIGHT,1.5,1.5,"CMD,-0.2,1.50",4.0,0.0197,1.507,0.022,1,0.9856,0,NORMAL,54.202,0.141,1,1,1,1,2,75.4,107,8,dijkstra,graph,0.33998,0,,,,,,0,,,,173155,101691,2219
1862,409.43162751197815,2026-03-06T13:34:21.620577,122.74,0.0,9.76,16.05,22.75,0.0,0.0,192.72,4.71,-2.255,-0.178,STRAIGHT,1.5,1.5,"CMD,-0.2,1.50",2.006,-0.1723,1.898,-0.319,1,0.9876,0,NORMAL,53.591,0.136,1,1,1,1,2,121.0,72,7,dijkstra,graph,0.34347,0,,,,,,0,,,,173984,103025,2034
1863,409.66140937805176,2026-03-06T13:34:21.850359,135.39,0.0,10.21,17.17,21.71,0.0,0.0,205.74,4.69,-2.615,-2.255,STRAIGHT,1.5,1.5,"CMD,-2.3,1.50",1.663,-0.0809,1.629,-0.108,1,0.9885,0,NORMAL,52.79,0.109,1,1,1,1,2,121.0,81,9,dijkstra,graph,0.34295,0,,,,,,0,,,,174208,102913,2130
1864,409.8757529258728,2026-03-06T13:34:22.064702,121.11,0.0,10.03,17.71,21.02,0.0,0.0,191.68,4.69,-1.472,-2.255,STRAIGHT,1.5,1.5,"CMD,-2.3,1.50",2.006,0.0197,1.507,0.022,1,0.9872,0,NORMAL,52.732,0.103,1,1,1,1,2,75.4,86,7,dijkstra,graph,0.34316,0,,,,,,0,,,,174729,102754,2087
1865,410.09128403663635,2026-03-06T13:34:22.280234,122.18,0.0,9.68,17.12,21.17,0.0,0.0,193.62,4.69,-0.71,-1.472,STRAIGHT,1.5,1.5,"CMD,-1.5,1.50",4.0,0.0197,1.507,0.022,1,0.9851,0,NORMAL,52.351,0.109,1,1,1,1,2,75.4,83,10,dijkstra,graph,0.35043,0,,,,,,0,,,,176041,104883,2055
1866,410.3070423603058,2026-03-06T13:34:22.495992,122.21,0.0,10.22,15.67,21.24,0.0,0.0,192.11,4.68,-0.494,-0.71,STRAIGHT,1.5,1.5,"CMD,-0.7,1.50",3.25,-0.0015,1.717,-0.002,1,0.9849,0,NORMAL,52.111,0.081,1,1,1,1,2,122.6,75,8,dijkstra,graph,0.35682,0,,,,,,0,,,,177057,106658,2082
1867,410.5249035358429,2026-03-06T13:34:22.713853,120.88,0.0,10.52,19.55,22.11,0.0,0.5,194.76,4.68,-0.077,-0.494,STRAIGHT,1.5,1.5,"CMD,-0.5,1.50",4.0,0.0183,1.553,0.022,1,0.9844,0,NORMAL,51.848,0.047,1,1,1,1,2,77.6,103,8,dijkstra,graph,0.3564,0,,,,,,0,,,,177538,106754,2140
1868,410.73895502090454,2026-03-06T13:34:22.927905,121.43,0.0,10.08,15.06,23.26,0.0,0.0,191.58,4.68,0.201,-0.077,STRAIGHT,1.5,1.5,"CMD,-0.1,1.50",4.0,0.0183,1.553,0.022,1,0.9839,0,NORMAL,51.674,0.053,1,1,1,1,2,77.6,77,8,dijkstra,graph,0.35932,0,,,,,,0,,,,178410,107611,2147
1869,410.9563992023468,2026-03-06T13:34:23.145349,122.43,0.0,10.13,16.91,21.64,0.0,0.0,192.26,4.67,0.369,0.201,STRAIGHT,1.5,1.5,"CMD,0.2,1.50",4.0,0.0171,1.598,0.022,1,0.9808,0,NORMAL,51.355,-0.007,1,1,1,1,2,79.9,81,7,dijkstra,graph,0.35364,0,,,,,,0,,,,177147,105905,2011
1870,411.18272256851196,2026-03-06T13:34:23.371672,119.32,0.0,10.02,27.38,24.24,0.0,0.0,203.02,4.66,0.498,0.369,STRAIGHT,1.5,1.5,"CMD,0.4,1.50",4.0,0.0183,1.553,0.022,1,0.9844,0,NORMAL,51.173,-0.002,1,1,1,1,2,77.6,169,9,dijkstra,graph,0.36048,0,,,,,,0,,,,178163,107927,2687
1871,411.4067425727844,2026-03-06T13:34:23.595692,122.79,0.0,9.96,21.23,23.56,0.0,0.0,198.9,4.65,0.584,0.498,STRAIGHT,1.5,1.5,"CMD,0.5,1.50",4.0,0.0183,1.553,0.022,1,0.985,0,NORMAL,51.724,0.008,1,1,1,1,2,77.6,118,9,dijkstra,graph,0.36021,0,,,,,,0,,,,178790,107917,2534
1872,411.6432693004608,2026-03-06T13:34:23.832219,136.71,0.0,11.02,20.8,23.14,0.0,0.0,212.33,4.63,0.369,0.498,STRAIGHT,1.5,1.5,"CMD,0.5,1.50",3.25,-0.0015,1.717,-0.002,1,0.9808,0,NORMAL,52.096,-0.078,1,1,1,1,2,120.8,114,7,dijkstra,graph,0.35833,0,,,,,,0,,,,177446,107357,2302
1873,411.8702278137207,2026-03-06T13:34:24.059178,124.54,0.0,9.2,25.27,22.03,0.0,0.0,202.09,4.62,-1.423,0.369,STRAIGHT,1.5,1.5,"CMD,0.4,1.50",1.91,-0.1217,1.846,-0.21,1,0.9843,0,NORMAL,51.359,-0.039,1,1,1,1,2,122.4,138,8,dijkstra,graph,0.36174,0,,,,,,0,,,,178867,108334,2342
1874,412.08674120903015,2026-03-06T13:34:24.275691,124.55,0.0,8.17,17.97,21.17,0.0,0.0,193.83,4.61,-1.816,-1.423,STRAIGHT,1.5,1.5,"CMD,-1.4,1.50",1.696,-0.0631,1.668,-0.088,1,0.9843,0,NORMAL,51.463,-0.032,1,1,1,1,2,122.3,81,8,dijkstra,graph,0.36798,0,,,,,,0,,,,179581,110115,2190
1875,412.30574321746826,2026-03-06T13:34:24.494693,122.6,0.0,10.02,21.51,23.43,0.0,0.0,198.88,4.61,-0.988,-1.423,STRAIGHT,1.5,1.5,"CMD,-1.4,1.50",2.112,0.0162,1.644,0.022,1,0.9838,0,NORMAL,51.294,-0.02,1,1,1,1,2,82.2,117,9,dijkstra,graph,0.37068,0,,,,,,0,,,,179872,111033,2215
1876,412.5442063808441,2026-03-06T13:34:24.733156,126.29,0.0,10.01,26.19,28.58,0.0,1.5,214.26,4.59,-2.642,-1.816,STRAIGHT,1.5,1.5,"CMD,-1.8,1.50",2.259,-0.1448,2.178,-0.352,1,0.9742,0,NORMAL,51.043,-0.118,1,1,1,1,2,202.4,137,9,dijkstra,graph,0.36174,0,,,,,,0,,,,177947,108247,2796
1877,412.77558159828186,2026-03-06T13:34:24.964531,120.3,0.0,11.08,29.07,25.15,0.0,0.5,207.82,4.58,-2.587,-2.587,STRAIGHT,1.5,1.5,"CMD,-2.6,1.50",1.736,-0.0601,1.708,-0.088,1,0.9772,0,NORMAL,50.499,-0.047,1,1,1,1,2,121.7,173,10,dijkstra,graph,0.37017,0,,,,,,0,,,,179626,110762,2792
1878,412.9911832809448,2026-03-06T13:34:25.180133,120.46,0.0,10.3,19.57,20.84,0.0,0.0,192.21,4.59,-1.502,-2.587,STRAIGHT,1.5,1.5,"CMD,-2.6,1.50",2.259,0.0162,1.644,0.022,1,0.9823,0,NORMAL,51.075,-0.045,1,1,1,1,2,82.2,104,9,dijkstra,graph,0.37087,0,,,,,,0,,,,179478,110914,2308
1879,413.2109935283661,2026-03-06T13:34:25.399943,121.19,0.0,10.02,23.3,23.16,0.0,1.0,199.27,4.58,-2.891,-2.587,STRAIGHT,1.5,1.5,"CMD,-2.6,1.50",2.167,-0.1378,2.085,-0.306,1,0.9827,0,NORMAL,50.836,-0.052,1,1,1,1,2,205.0,132,12,dijkstra,graph,0.37333,0,,,,,,0,,,,180042,111780,2646
1880,413.4317796230316,2026-03-06T13:34:25.620729,122.25,0.0,11.01,21.16,23.18,0.0,0.0,199.38,4.57,-2.69,-2.69,STRAIGHT,1.5,1.5,"CMD,-2.7,1.50",1.767,-0.0555,1.74,-0.084,1,0.9807,0,NORMAL,50.294,0.01,1,1,1,1,2,123.8,116,8,dijkstra,graph,0.37979,0,,,,,,0,,,,181459,113548,2500
1881,413.67399764060974,2026-03-06T13:34:25.862947,136.6,0.0,8.91,25.84,24.44,0.0,0.0,217.65,4.54,-2.556,-2.69,STRAIGHT,1.5,1.5,"CMD,-2.7,1.50",1.767,-0.0555,1.74,-0.084,1,0.9791,0,NORMAL,50.287,-0.03,1,1,1,1,2,123.8,163,10,dijkstra,graph,0.38331,0,,,,,,0,,,,181710,114609,2799
1882,413.89245200157166,2026-03-06T13:34:26.081402,122.56,0.0,9.46,18.7,22.89,0.0,0.0,196.19,4.54,-1.482,-2.556,STRAIGHT,1.5,1.5,"CMD,-2.6,1.50",2.386,0.0162,1.644,0.022,1,0.9783,0,NORMAL,50.526,-0.081,1,1,1,1,2,82.2,103,12,dijkstra,graph,0.38353,0,,,,,,0,,,,181663,114786,2444
1883,414.1183271408081,2026-03-06T13:34:26.307277,123.35,0.0,9.57,22.99,23.3,0.0,0.0,201.69,4.53,-1.792,-1.792,STRAIGHT,1.5,1.5,"CMD,-1.8,1.50",1.812,-0.0585,1.785,-0.093,1,0.9775,0,NORMAL,50.444,-0.082,1,1,1,1,2,125.2,124,9,dijkstra,graph,0.38798,0,,,,,,0,,,,182599,116248,2386
1884,414.3410565853119,2026-03-06T13:34:26.530006,124.95,0.0,10.04,19.57,22.53,0.0,0.0,198.38,4.52,-0.996,-1.482,STRAIGHT,1.5,1.5,"CMD,-1.5,1.50",2.601,0.0144,1.735,0.022,1,0.9755,0,NORMAL,50.85,-0.098,1,1,1,1,2,86.8,103,10,dijkstra,graph,0.38843,0,,,,,,0,,,,182557,116248,2289
1885,414.56424832344055,2026-03-06T13:34:26.753198,123.95,0.0,10.38,19.71,23.18,0.0,0.0,198.28,4.52,-1.463,-1.463,STRAIGHT,1.5,1.5,"CMD,-1.5,1.50",1.866,-0.0581,1.838,-0.098,1,0.9744,0,NORMAL,51.294,-0.108,1,1,1,1,2,124.3,111,11,dijkstra,graph,0.39025,0,,,,,,0,,,,183002,116778,2379
1886,414.7816240787506,2026-03-06T13:34:26.970574,122.87,0.0,9.8,18.22,22.75,0.0,0.0,193.83,4.51,-1.773,-1.463,STRAIGHT,1.5,1.5,"CMD,-1.5,1.50",1.866,-0.0581,1.838,-0.098,1,0.9708,0,NORMAL,51.563,-0.091,1,1,1,1,2,124.3,91,9,dijkstra,graph,0.39151,0,,,,,,0,,,,182879,117256,2190
1887,415.0040798187256,2026-03-06T13:34:27.193029,123.83,0.0,10.26,19.86,23.76,0.0,0.0,198.58,4.5,-1.957,-1.773,STRAIGHT,1.5,1.5,"CMD,-1.8,1.50",1.859,-0.0564,1.831,-0.095,1,0.9713,0,NORMAL,51.92,-0.128,1,1,1,1,2,127.5,107,7,dijkstra,graph,0.39074,0,,,,,,0,,,,182483,116727,2275
1888,415.2317626476288,2026-03-06T13:34:27.420712,123.71,0.0,9.12,25.35,23.77,0.0,0.0,204.31,4.5,-2.075,-1.957,STRAIGHT,1.5,1.5,"CMD,-2.0,1.50",1.912,-0.056,1.883,-0.1,1,0.9724,0,NORMAL,52.588,-0.159,1,1,1,1,2,126.6,142,8,dijkstra,graph,0.39068,0,,,,,,0,,,,182577,116828,2564
1889,415.4633026123047,2026-03-06T13:34:27.652252,133.45,0.0,10.34,19.09,23.04,0.0,0.0,207.3,4.48,-2.154,-2.075,STRAIGHT,1.5,1.5,"CMD,-2.1,1.50",1.912,-0.056,1.883,-0.1,1,0.9664,0,NORMAL,52.649,-0.17,1,1,1,1,2,126.6,92,10,dijkstra,graph,0.3895,0,,,,,,0,,,,184859,116597,2279
1890,415.70478320121765,2026-03-06T13:34:27.893733,134.32,0.0,10.26,28.05,24.2,0.0,0.0,218.04,4.47,-2.224,-2.154,STRAIGHT,1.5,1.5,"CMD,-2.2,1.50",1.975,-0.0574,1.944,-0.109,1,0.9722,0,NORMAL,52.492,-0.147,1,1,1,1,2,128.8,172,8,dijkstra,graph,0.39502,0,,,,,,0,,,,186048,118101,2656
1891,415.9496443271637,2026-03-06T13:34:28.138594,125.82,0.0,10.19,39.27,25.55,0.0,0.0,221.3,4.45,-2.271,-2.224,STRAIGHT,1.5,1.5,"CMD,-2.2,1.50",1.975,-0.0574,1.944,-0.109,1,0.9691,0,NORMAL,52.651,-0.169,1,1,1,1,2,128.8,252,9,dijkstra,graph,0.40205,0,,,,,,0,,,,187244,120247,3223
1892,416.190856218338,2026-03-06T13:34:28.379806,131.4,0.0,10.02,29.17,25.89,0.0,0.0,218.43,4.44,-2.397,-2.271,STRAIGHT,1.5,1.5,"CMD,-2.3,1.50",2.08,-0.0643,2.045,-0.135,1,0.967,0,NORMAL,53.331,-0.211,1,1,1,1,2,124.7,175,9,dijkstra,graph,0.40064,0,,,,,,0,,,,187027,119723,2749
1893,416.44471049308777,2026-03-06T13:34:28.633660,121.63,0.0,10.55,49.34,28.51,0.0,0.0,232.81,4.41,-2.482,-2.397,STRAIGHT,1.5,1.5,"CMD,-2.4,1.50",2.08,-0.0643,2.045,-0.135,1,0.9711,0,NORMAL,52.944,-0.214,1,1,1,1,2,124.7,330,11,dijkstra,graph,0.40409,0,,,,,,0,,,,187953,120883,3682
1894,416.70881724357605,2026-03-06T13:34:28.897767,132.34,0.0,10.27,48.75,26.64,0.0,1.0,239.68,4.38,-2.538,-2.482,STRAIGHT,1.5,1.5,"CMD,-2.5,1.50",2.08,-0.0643,2.045,-0.135,1,0.9707,0,NORMAL,53.14,-0.189,1,1,1,1,2,124.7,313,9,dijkstra,graph,0.40686,0,,,,,,0,,,,187878,121608,3647
1895,416.9501197338104,2026-03-06T13:34:29.139069,122.78,0.0,10.02,37.76,25.99,0.0,0.0,217.33,4.37,-2.649,-2.538,STRAIGHT,1.5,1.5,"CMD,-2.5,1.50",2.182,-0.0697,2.143,-0.161,1,0.9647,0,NORMAL,51.556,-0.135,1,1,1,1,2,123.6,244,8,dijkstra,graph,0.41688,0,,,,,,0,,,,192733,124816,3263
1896,417.1871335506439,2026-03-06T13:34:29.376083,122.65,0.0,8.37,38.86,21.85,0.0,1.0,213.06,4.35,-2.808,-2.649,STRAIGHT,1.5,1.5,"CMD,-2.6,1.50",2.291,-0.0758,2.237,-0.191,1,0.9764,0,NORMAL,52.86,-0.138,1,1,1,1,2,117.2,280,12,dijkstra,graph,0.41186,0,,,,,,0,,,,192785,123307,3498
1897,417.41988134384155,2026-03-06T13:34:29.608831,121.23,0.0,9.54,33.82,25.55,0.0,0.0,212.09,4.34,-1.732,-2.649,STRAIGHT,1.5,1.5,"CMD,-2.6,1.50",4.0,0.0102,1.973,0.02,1,0.982,0,NORMAL,53.621,-0.166,1,1,1,1,2,140.7,203,9,dijkstra,graph,0.41434,0,,,,,,0,,,,193720,124046,3040
1898,417.67253708839417,2026-03-06T13:34:29.861487,135.37,0.0,11.03,34.57,26.82,0.0,0.0,227.82,4.32,-1.788,-1.788,STRAIGHT,1.5,1.5,"CMD,-1.8,1.50",2.032,-0.0461,1.996,-0.092,1,0.9829,0,NORMAL,53.975,-0.194,1,1,1,1,2,138.4,217,7,dijkstra,graph,0.41506,0,,,,,,0,,,,193696,124188,3143
1899,417.914922952652,2026-03-06T13:34:30.103873,118.49,0.0,10.72,42.07,26.73,0.0,0.5,219.36,4.31,-1.559,-1.732,STRAIGHT,1.5,1.5,"CMD,-1.7,1.50",2.984,-0.0267,2.192,-0.064,1,0.9871,0,NORMAL,54.097,-0.141,1,1,1,1,2,112.0,255,8,dijkstra,graph,0.41979,0,,,,,,0,,,,194866,125599,3422
1900,418.15168857574463,2026-03-06T13:34:30.340638,124.14,0.0,10.24,31.36,25.55,0.0,0.0,212.13,4.3,-0.899,-1.559,STRAIGHT,1.5,1.5,"CMD,-1.6,1.50",4.0,0.0102,1.973,0.02,1,0.9874,0,NORMAL,54.298,-0.142,1,1,1,1,2,143.0,194,8,dijkstra,graph,0.41888,0,,,,,,0,,,,195379,125456,2986
1901,418.39770340919495,2026-03-06T13:34:30.586653,118.76,0.0,10.84,43.22,27.69,0.0,0.0,221.59,4.29,-1.383,-1.383,STRAIGHT,1.5,1.5,"CMD,-1.4,1.50",2.176,-0.057,2.132,-0.13,1,0.9828,0,NORMAL,53.8,-0.13,1,1,1,1,2,145.2,277,11,dijkstra,graph,0.43184,0,,,,,,0,,,,197458,129354,3515
1902,418.65997433662415,2026-03-06T13:34:30.848924,134.72,0.0,10.02,42.69,27.23,0.0,0.0,237.22,4.27,-1.852,-1.383,STRAIGHT,1.5,1.5,"CMD,-1.4,1.50",2.266,-0.0677,2.218,-0.167,1,0.9808,0,NORMAL,54.413,-0.143,1,1,1,1,2,144.3,264,13,dijkstra,graph,0.4414,0,,,,,,0,,,,198161,131925,3601
1903,418.8868889808655,2026-03-06T13:34:31.075839,122.31,0.0,10.02,23.11,23.4,0.0,1.17,202.19,4.26,-2.226,-1.852,STRAIGHT,1.5,1.5,"CMD,-1.9,1.50",2.355,-0.0722,2.297,-0.192,1,0.9807,0,NORMAL,54.057,-0.152,1,1,1,1,2,145.7,157,8,dijkstra,graph,0.44366,0,,,,,,0,,,,199298,132661,2765
1904,419.1139962673187,2026-03-06T13:34:31.302946,121.14,0.0,10.02,26.28,24.72,0.0,0.0,201.93,4.26,-1.351,-1.852,STRAIGHT,1.5,1.5,"CMD,-1.9,1.50",4.0,0.0096,2.046,0.02,1,0.9816,0,NORMAL,53.91,-0.135,1,1,1,1,2,150.3,147,10,dijkstra,graph,0.44291,0,,,,,,0,,,,199759,132514,2849
1905,419.34066677093506,2026-03-06T13:34:31.529616,118.39,0.0,11.03,26.62,25.89,0.0,0.0,203.61,4.27,-1.904,-1.904,STRAIGHT,1.5,1.5,"CMD,-1.9,1.50",2.364,-0.073,2.306,-0.196,1,0.9816,0,NORMAL,53.572,-0.14,1,1,1,1,2,150.2,136,10,dijkstra,graph,0.45033,0,,,,,,0,,,,201099,134865,2983
1906,419.5766279697418,2026-03-06T13:34:31.765578,123.94,0.0,10.02,31.8,24.36,0.0,0.0,209.84,4.26,-2.273,-1.904,STRAIGHT,1.5,1.5,"CMD,-1.9,1.50",2.364,-0.073,2.306,-0.196,1,0.9792,0,NORMAL,54.389,-0.169,1,1,1,1,2,150.2,189,9,dijkstra,graph,0.44529,0,,,,,,0,,,,200832,133278,3180
1907,419.81010580062866,2026-03-06T13:34:31.999056,122.28,0.0,11.2,32.08,24.74,0.0,1.0,211.85,4.25,-1.389,-1.904,STRAIGHT,1.5,1.5,"CMD,-1.9,1.50",4.0,0.0092,2.118,0.021,1,0.9781,0,NORMAL,54.433,-0.159,1,1,1,1,2,158.7,186,8,dijkstra,graph,0.4495,0,,,,,,0,,,,202147,134507,3023
1908,420.04288268089294,2026-03-06T13:34:32.231832,118.72,0.0,10.03,30.91,26.2,0.0,0.0,207.72,4.24,-1.939,-1.939,STRAIGHT,1.5,1.5,"CMD,-1.9,1.50",2.63,-0.0737,2.466,-0.226,1,0.9755,0,NORMAL,54.656,-0.152,1,1,1,1,2,129.5,181,8,dijkstra,graph,0.45601,0,,,,,,0,,,,203969,136529,3041
1909,420.27586460113525,2026-03-06T13:34:32.464814,121.65,0.0,11.02,29.43,25.36,0.0,1.01,207.59,4.24,-2.393,-1.939,STRAIGHT,1.5,1.5,"CMD,-1.9,1.50",2.472,-0.0801,2.403,-0.234,1,0.976,0,NORMAL,54.999,-0.14,1,1,1,1,2,158.6,157,8,dijkstra,graph,0.46287,0,,,,,,0,,,,205488,138566,3055
1910,420.5127487182617,2026-03-06T13:34:32.701698,121.39,0.0,10.57,33.2,26.3,0.0,0.0,211.64,4.24,-1.477,-1.939,STRAIGHT,1.5,1.5,"CMD,-1.9,1.50",4.0,0.0086,2.155,0.02,1,0.9743,0,NORMAL,55.011,-0.182,1,1,1,1,2,162.4,199,8,dijkstra,graph,0.4544,0,,,,,,0,,,,204489,135840,3298
1911,420.74770975112915,2026-03-06T13:34:32.936659,125.48,0.0,8.13,30.47,26.49,0.0,0.0,211.9,4.23,-0.866,-1.477,STRAIGHT,1.5,1.5,"CMD,-1.5,1.50",4.0,0.0086,2.155,0.02,1,0.9691,0,NORMAL,54.912,-0.161,1,1,1,1,2,164.5,179,8,dijkstra,graph,0.45866,0,,,,,,0,,,,204864,137293,3199
1912,420.9941101074219,2026-03-06T13:34:33.183060,118.31,0.0,10.74,42.38,29.32,0.0,0.0,220.84,4.22,-0.41,-0.866,STRAIGHT,1.5,1.5,"CMD,-0.9,1.50",4.0,0.0122,1.872,0.021,1,0.9736,0,NORMAL,54.88,-0.152,1,1,1,1,2,93.6,283,12,dijkstra,graph,0.45921,0,,,,,,0,,,,205877,137534,3942
1913,421.24401116371155,2026-03-06T13:34:33.432961,125.73,0.0,9.88,47.87,25.69,0.0,0.0,228.46,4.2,-0.112,-0.41,STRAIGHT,1.5,1.5,"CMD,-0.4,1.50",4.0,0.0117,1.918,0.022,1,0.9595,0,NORMAL,53.012,-0.151,1,1,1,1,2,95.9,293,11,dijkstra,graph,0.47101,0,,,,,,0,,,,206399,140986,4128
1914,421.5108335018158,2026-03-06T13:34:33.699783,121.79,0.0,11.04,61.21,31.69,0.0,0.0,244.96,4.17,0.092,-0.112,STRAIGHT,1.5,1.5,"CMD,-0.1,1.50",4.0,0.0122,1.872,0.021,1,0.9539,0,NORMAL,51.332,-0.164,1,1,1,1,2,93.6,394,14,dijkstra,graph,0.47161,0,,,,,,0,,,,209708,141079,4749
1915,421.76711916923523,2026-03-06T13:34:33.956069,120.15,0.0,10.2,46.57,29.17,0.0,0.0,228.38,4.15,0.229,0.092,STRAIGHT,1.5,1.5,"CMD,0.1,1.50",4.0,0.0122,1.872,0.021,1,0.966,0,NORMAL,51.781,-0.147,1,1,1,1,2,93.6,296,11,dijkstra,graph,0.47145,0,,,,,,0,,,,210917,141318,4033
1916,422.02382493019104,2026-03-06T13:34:34.212774,120.35,0.0,11.26,47.45,30.55,0.0,0.0,231.17,4.13,0.319,0.229,STRAIGHT,1.5,1.5,"CMD,0.2,1.50",4.0,0.0122,1.872,0.021,1,0.9654,0,NORMAL,51.988,-0.144,1,1,1,1,2,93.6,307,12,dijkstra,graph,0.47521,0,,,,,,0,,,,211392,142307,4345
1917,422.2806661128998,2026-03-06T13:34:34.469616,122.53,0.0,11.4,48.34,30.6,0.0,0.0,230.91,4.11,0.374,0.319,STRAIGHT,1.5,1.5,"CMD,0.3,1.50",4.0,0.0117,1.918,0.022,1,0.9671,0,NORMAL,52.353,-0.167,1,1,1,1,2,95.9,305,12,dijkstra,graph,0.47847,0,,,,,,0,,,,212700,143181,4255
1918,422.54592633247375,2026-03-06T13:34:34.734876,121.44,0.0,10.89,50.3,38.13,0.0,0.0,239.92,4.09,0.411,0.374,STRAIGHT,1.5,1.5,"CMD,0.4,1.50",4.0,0.0117,1.918,0.022,1,0.96,0,NORMAL,52.785,-0.172,1,1,1,1,2,95.9,302,15,dijkstra,graph,0.48095,0,,,,,,0,,,,215032,143930,4655
1919,422.7892243862152,2026-03-06T13:34:34.978174,122.08,0.0,10.01,34.22,27.63,0.0,0.0,216.63,4.09,0.426,0.411,STRAIGHT,1.5,1.5,"CMD,0.4,1.50",4.0,0.011,1.963,0.021,1,0.9584,0,NORMAL,52.839,-0.185,1,1,1,1,2,98.2,206,13,dijkstra,graph,0.48403,0,,,,,,0,,,,215875,144753,3596
1920,423.0230219364166,2026-03-06T13:34:35.211972,115.54,0.0,9.02,35.97,25.11,0.0,0.0,207.19,4.1,0.406,0.411,STRAIGHT,1.5,1.5,"CMD,0.4,1.50",4.0,0.0089,2.192,0.021,1,0.96,0,NORMAL,52.379,-0.151,1,1,1,1,2,109.6,217,12,dijkstra,graph,0.49037,0,,,,,,0,,,,216838,146644,3698
1921,423.2892417907715,2026-03-06T13:34:35.478191,120.87,0.0,10.46,58.85,32.64,0.0,0.0,245.13,4.09,0.422,0.422,STRAIGHT,1.5,1.5,"CMD,0.4,1.50",4.0,0.011,1.963,0.021,1,0.9574,0,NORMAL,52.204,-0.091,1,1,1,1,2,98.2,382,15,dijkstra,graph,0.49236,0,,,,,,0,,,,218556,147254,4932
1922,423.56415271759033,2026-03-06T13:34:35.753102,121.5,0.0,10.3,62.03,32.7,0.0,0.0,248.45,4.07,0.449,0.422,STRAIGHT,1.5,1.5,"CMD,0.4,1.50",4.0,0.0122,1.872,0.021,1,0.9612,0,NORMAL,51.663,-0.116,1,1,1,1,2,93.6,375,18,dijkstra,graph,0.48733,0,,,,,,0,,,,219071,145785,5223
1923,423.8357574939728,2026-03-06T13:34:36.024707,120.36,0.0,11.2,60.99,32.63,0.0,0.0,245.23,4.07,0.466,0.449,STRAIGHT,1.5,1.5,"CMD,0.4,1.50",4.0,0.0122,1.872,0.021,1,0.9598,0,NORMAL,51.476,-0.139,1,1,1,1,2,93.6,375,16,dijkstra,graph,0.48804,0,,,,,,0,,,,220696,145935,5145
1924,424.0823640823364,2026-03-06T13:34:36.271314,119.09,0.0,11.62,39.31,29.25,0.0,1.27,221.1,4.07,0.458,0.458,STRAIGHT,1.5,1.5,"CMD,0.5,1.50",4.0,0.0107,2.009,0.022,1,0.9627,0,NORMAL,50.784,-0.104,1,1,1,1,2,100.5,224,11,dijkstra,graph,0.48729,0,,,,,,0,,,,220646,145605,3835
1925,424.34057879447937,2026-03-06T13:34:36.529528,128.88,0.0,8.81,43.84,24.44,0.0,0.0,232.08,4.05,0.472,0.466,STRAIGHT,1.5,1.5,"CMD,0.5,1.50",4.0,0.0122,1.872,0.021,1,0.9595,0,NORMAL,51.897,-0.095,1,1,1,1,2,93.6,249,11,dijkstra,graph,0.48163,0,,,,,,0,,,,220500,144078,3986
1926,424.5825958251953,2026-03-06T13:34:36.771545,122.71,0.0,10.0,36.25,28.54,0.0,0.0,219.78,4.05,0.482,0.472,STRAIGHT,1.5,1.5,"CMD,0.5,1.50",4.0,0.0122,1.872,0.021,1,0.9532,0,NORMAL,51.248,-0.092,1,1,1,1,2,93.6,203,13,dijkstra,graph,0.48052,0,,,,,,0,,,,224120,143631,3819
1927,424.8208894729614,2026-03-06T13:34:37.009839,125.17,0.0,11.16,26.68,29.11,0.0,0.0,213.45,4.06,0.488,0.482,STRAIGHT,1.5,1.5,"CMD,0.5,1.50",4.0,0.0122,1.872,0.021,1,0.9427,0,NORMAL,51.419,-0.096,1,1,1,1,2,93.6,172,12,dijkstra,graph,0.48368,0,,,,,,0,,,,228282,144464,3779
1928,425.07003355026245,2026-03-06T13:34:37.258983,122.08,0.0,11.33,41.76,28.17,0.0,0.0,223.87,4.05,0.478,0.482,STRAIGHT,1.5,1.5,"CMD,0.5,1.50",4.0,0.011,1.963,0.021,1,0.9404,0,NORMAL,51.116,-0.103,1,1,1,1,2,98.2,240,14,dijkstra,graph,0.48845,0,,,,,,0,,,,233039,146080,4106
1929,425.3050584793091,2026-03-06T13:34:37.494008,124.08,0.0,9.58,27.68,26.65,0.0,1.0,210.02,4.05,0.47,0.478,STRAIGHT,1.5,1.5,"CMD,0.5,1.50",4.0,0.011,1.963,0.021,1,0.9397,0,NORMAL,49.69,-0.084,1,1,1,1,2,98.2,136,11,dijkstra,graph,0.48341,0,,,,,,0,,,,231329,144429,3568
1930,425.5370948314667,2026-03-06T13:34:37.726045,125.09,0.0,10.52,24.19,27.18,0.0,0.0,208.5,4.06,0.475,0.475,STRAIGHT,1.5,1.5,"CMD,0.5,1.50",4.0,0.0117,1.918,0.022,1,0.9493,0,NORMAL,49.182,-0.075,1,1,1,1,2,95.9,137,13,dijkstra,graph,0.47893,0,,,,,,0,,,,229579,143303,3501
1931,425.771696805954,2026-03-06T13:34:37.960647,117.89,0.0,11.03,31.25,28.62,0.0,0.0,209.44,4.08,0.468,0.47,STRAIGHT,1.5,1.5,"CMD,0.5,1.50",4.0,0.011,1.963,0.021,1,0.943,0,NORMAL,49.254,-0.057,1,1,1,1,2,98.2,165,14,dijkstra,graph,0.47723,0,,,,,,0,,,,233303,142579,3716
1932,426.00087118148804,2026-03-06T13:34:38.189821,121.5,0.0,10.11,24.57,25.54,0.0,0.0,202.86,4.08,0.473,0.473,STRAIGHT,1.5,1.5,"CMD,0.5,1.50",4.0,0.0117,1.918,0.022,1,0.9293,0,NORMAL,48.261,-0.131,1,1,1,1,2,95.9,118,11,dijkstra,graph,0.46329,0,,,,,,0,,,,236490,138393,3325
1933,426.21556282043457,2026-03-06T13:34:38.404512,120.31,0.0,9.01,14.44,23.78,0.0,0.41,188.62,4.08,0.468,0.468,STRAIGHT,1.5,1.5,"CMD,0.5,1.50",4.0,0.011,1.963,0.021,1,0.9408,0,NORMAL,50.099,-0.11,1,1,1,1,2,98.2,50,12,dijkstra,graph,0.46312,0,,,,,,0,,,,242026,138408,3083
1934,426.4629166126251,2026-03-06T13:34:38.651866,122.6,0.0,11.13,40.22,28.99,0.0,1.0,225.46,4.07,0.459,0.468,STRAIGHT,1.5,1.5,"CMD,0.5,1.50",4.0,0.0107,2.009,0.022,1,0.9562,0,NORMAL,50.001,-0.01,1,1,1,1,2,100.5,218,13,dijkstra,graph,0.47138,0,,,,,,0,,,,247989,140890,4374
1935,426.68894481658936,2026-03-06T13:34:38.877894,132.02,0.0,10.11,13.72,24.34,0.0,0.0,200.82,4.08,0.438,0.459,STRAIGHT,1.5,1.5,"CMD,0.5,1.50",4.0,0.0096,2.1,0.021,1,0.9451,0,NORMAL,50.065,0.018,1,1,1,1,2,105.0,35,10,dijkstra,graph,0.47711,0,,,,,,0,,,,255836,142459,2851
1936,426.9294083118439,2026-03-06T13:34:39.118358,122.81,0.0,10.02,30.9,28.05,0.0,0.0,214.25,4.07,0.439,0.439,STRAIGHT,1.5,1.5,"CMD,0.4,1.50",4.0,0.0107,2.009,0.022,1,0.9531,0,NORMAL,49.981,0.014,1,1,1,1,2,100.5,155,12,dijkstra,graph,0.46942,0,,,,,,0,,,,259504,140382,3667
1937,427.16814827919006,2026-03-06T13:34:39.357098,120.13,0.0,11.03,31.26,28.04,0.0,0.0,211.5,4.07,0.445,0.439,STRAIGHT,1.5,1.5,"CMD,0.4,1.50",4.0,0.011,1.963,0.021,1,0.9641,0,NORMAL,49.031,0.006,1,1,1,1,2,98.2,170,10,dijkstra,graph,0.46667,0,,,,,,0,,,,261938,139524,3633
1938,427.4053671360016,2026-03-06T13:34:39.594317,126.83,0.0,9.7,24.73,27.25,0.0,0.0,210.6,4.07,0.448,0.445,STRAIGHT,1.5,1.5,"CMD,0.4,1.50",4.0,0.011,1.963,0.021,1,0.9702,0,NORMAL,48.639,-0.014,1,1,1,1,2,98.2,117,11,dijkstra,graph,0.47374,0,,,,,,0,,,,264040,141564,3687
1939,427.65543603897095,2026-03-06T13:34:39.844386,135.24,0.0,10.24,29.08,27.78,0.0,0.0,223.92,4.06,0.451,0.448,STRAIGHT,1.5,1.5,"CMD,0.4,1.50",4.0,0.011,1.963,0.021,1,0.9622,0,NORMAL,47.019,-0.131,1,1,1,1,2,98.2,156,10,dijkstra,graph,0.45946,0,,,,,,0,,,,264323,137287,3601
1940,427.88192534446716,2026-03-06T13:34:40.070875,118.95,0.0,10.75,22.2,27.1,0.0,0.0,200.46,4.06,0.452,0.451,STRAIGHT,1.5,1.5,"CMD,0.5,1.50",4.0,0.011,1.963,0.021,1,0.9726,0,NORMAL,47.2,-0.057,1,1,1,1,2,98.2,98,12,dijkstra,graph,0.46097,0,,,,,,0,,,,267240,137692,3276
1941,428.11081075668335,2026-03-06T13:34:40.299761,119.5,0.0,10.01,22.03,27.43,0.0,0.0,201.05,4.08,0.449,0.451,STRAIGHT,1.5,1.5,"CMD,0.5,1.50",4.0,0.0107,2.009,0.022,1,0.9647,0,NORMAL,46.574,-0.024,1,1,1,1,2,100.5,107,11,dijkstra,graph,0.4581,0,,,,,,0,,,,271800,137022,3389
1942,428.33447456359863,2026-03-06T13:34:40.523424,120.78,0.0,10.01,19.12,26.06,0.0,0.0,196.87,4.09,0.446,0.449,STRAIGHT,1.5,1.5,"CMD,0.4,1.50",4.0,0.0107,2.009,0.022,1,0.9663,0,NORMAL,45.451,-0.064,1,1,1,1,2,100.5,81,9,dijkstra,graph,0.45717,0,,,,,,0,,,,275344,136525,3091
1943,428.5567376613617,2026-03-06T13:34:40.745687,121.8,0.0,10.02,18.35,25.21,0.0,1.15,196.54,4.12,0.445,0.446,STRAIGHT,1.5,1.5,"CMD,0.4,1.50",4.0,0.0107,2.009,0.022,1,0.9591,0,NORMAL,44.363,-0.075,1,1,1,1,2,100.5,79,10,dijkstra,graph,0.45252,0,,,,,,0,,,,280847,135212,3078
1944,428.7784767150879,2026-03-06T13:34:40.967426,117.24,0.0,11.04,22.23,26.44,0.0,0.0,196.17,4.14,0.444,0.445,STRAIGHT,1.5,1.5,"CMD,0.4,1.50",4.0,0.0107,2.009,0.022,1,0.9728,0,NORMAL,43.981,-0.064,1,1,1,1,2,100.5,99,10,dijkstra,graph,0.44829,0,,,,,,0,,,,277284,134009,3172
1945,429.00289154052734,2026-03-06T13:34:41.191841,117.19,0.0,10.02,22.17,26.7,0.0,0.0,198.18,4.16,0.435,0.444,STRAIGHT,1.5,1.5,"CMD,0.4,1.50",4.0,0.0101,2.055,0.021,1,0.9853,0,NORMAL,43.882,-0.072,1,1,1,1,2,102.8,107,12,dijkstra,graph,0.44758,0,,,,,,0,,,,276727,133736,3289
1946,429.23273825645447,2026-03-06T13:34:41.421688,123.83,0.0,10.03,22.63,26.56,0.0,1.0,203.79,4.17,0.429,0.435,STRAIGHT,1.5,1.5,"CMD,0.4,1.50",4.0,0.0101,2.055,0.021,1,0.9829,0,NORMAL,43.211,-0.064,1,1,1,1,2,102.8,107,13,dijkstra,graph,0.44899,0,,,,,,0,,,,276746,134228,3521
1947,429.4416618347168,2026-03-06T13:34:41.630612,120.62,0.0,10.59,10.84,20.04,0.0,0.0,183.66,4.21,0.425,0.429,STRAIGHT,1.5,1.5,"CMD,0.4,1.50",4.0,0.0101,2.055,0.021,1,0.9822,0,NORMAL,42.41,-0.015,1,1,1,1,2,102.8,21,9,dijkstra,graph,0.44506,0,,,,,,0,,,,275818,133025,2769
1948,429.6732723712921,2026-03-06T13:34:41.862222,126.08,0.0,10.12,24.27,26.94,0.0,0.0,205.81,4.21,0.415,0.425,STRAIGHT,1.5,1.5,"CMD,0.4,1.50",4.0,0.0096,2.1,0.021,1,0.976,0,NORMAL,43.835,-0.058,1,1,1,1,2,105.0,108,8,dijkstra,graph,0.44132,0,,,,,,0,,,,273658,131926,3291
1949,429.8942286968231,2026-03-06T13:34:42.083178,118.65,0.0,9.2,19.13,24.6,0.0,1.5,194.24,4.22,0.405,0.415,STRAIGHT,1.5,1.5,"CMD,0.4,1.50",4.0,0.0093,2.146,0.021,1,0.9791,0,NORMAL,43.761,-0.068,1,1,1,1,2,107.3,71,11,dijkstra,graph,0.43816,0,,,,,,0,,,,271601,130984,3229
1950,430.1262893676758,2026-03-06T13:34:42.315239,120.3,0.0,10.01,29.82,25.03,0.0,0.0,206.36,4.24,0.522,0.415,STRAIGHT,1.5,1.5,"CMD,0.4,1.50",4.0,0.0183,1.553,0.022,1,0.8739,0,NORMAL,43.366,-0.17,1,1,1,1,2,77.6,161,14,dijkstra,graph,0.40417,0,,,,,,0,,,,239808,120783,3243
1951,430.3469603061676,2026-03-06T13:34:42.535910,120.39,0.0,11.0,19.1,26.73,0.0,1.0,197.76,4.28,0.495,0.495,STRAIGHT,1.5,1.5,"CMD,0.5,1.50",4.0,0.0107,2.009,0.022,1,0.8816,0,NORMAL,42.048,-0.104,1,1,1,1,2,100.5,88,11,dijkstra,graph,0.43917,0,,,,,,0,,,,269799,131288,3360
1952,430.55679655075073,2026-03-06T13:34:42.745746,119.81,0.0,7.38,13.2,21.68,0.0,0.0,183.79,4.31,1.18,0.522,STRAIGHT,1.5,1.5,"CMD,0.5,1.50",2.245,0.0619,2.188,0.149,1,0.6657,0,NORMAL,41.587,-0.154,1,1,1,1,1,224.8,65,8,dijkstra,fallback_centerline,0.31134,0,,,,,,0,,,,181879,93285,1823
1953,430.77464485168457,2026-03-06T13:34:42.963594,124.04,0.0,8.01,15.33,23.7,0.0,0.0,193.26,4.33,1.009,1.009,STRAIGHT,1.5,1.5,"CMD,1.0,1.50",4.0,0.0162,1.644,0.022,1,0.7913,0,NORMAL,41.616,-0.281,1,1,1,1,2,82.2,66,7,dijkstra,graph,0.3539,0,,,,,,0,,,,194604,105866,2450
1954,430.9932749271393,2026-03-06T13:34:43.182224,121.84,0.0,10.02,20.64,20.7,0.0,0.0,195.58,4.36,1.379,1.18,STRAIGHT,1.5,1.5,"CMD,1.2,1.50",2.448,0.0514,2.402,0.149,1,0.7901,0,NORMAL,41.92,-0.306,1,1,1,1,1,224.9,111,5,dijkstra,fallback_centerline,0.29506,0,,,,,,0,,,,158368,88475,1949
1955,431.2147891521454,2026-03-06T13:34:43.403739,118.55,0.0,10.05,21.55,31.75,0.0,0.0,201.95,4.37,4.62,1.379,STRAIGHT,1.5,1.5,"CMD,1.4,1.50",1.907,0.2725,1.718,0.427,1,0.834,0,NORMAL,42.077,-0.299,1,1,1,1,1,539.8,119,6,dijkstra,fallback_skeleton,0.32574,0,,,,,,0,,,,154481,97411,2253
1956,431.43482065200806,2026-03-06T13:34:43.623770,118.79,0.0,10.31,21.38,24.56,0.0,0.0,195.39,4.39,3.721,3.721,STRAIGHT,1.5,1.5,"CMD,3.7,1.50",3.226,0.0467,1.005,0.024,1,0.8025,0,NORMAL,41.865,-0.251,1,1,1,1,2,50.2,109,9,dijkstra,graph,0.35841,0,,,,,,0,,,,188824,107145,2619
1957,431.661838054657,2026-03-06T13:34:43.850788,127.75,0.0,8.18,20.32,25.55,0.0,0.0,202.83,4.4,2.633,3.721,STRAIGHT,1.5,1.5,"CMD,3.7,1.50",4.0,0.011,1.963,0.021,1,0.7937,0,NORMAL,42.1,-0.274,1,1,1,1,2,98.2,98,9,dijkstra,graph,0.37426,0,,,,,,0,,,,207953,111850,2767
1958,431.8778202533722,2026-03-06T13:34:44.066770,123.0,0.0,11.15,12.52,25.08,0.0,0.0,192.03,4.41,1.902,2.633,STRAIGHT,1.5,1.5,"CMD,2.6,1.50",4.0,0.0107,2.009,0.022,1,0.8322,0,NORMAL,42.075,-0.243,1,1,1,1,2,100.5,39,11,dijkstra,graph,0.41099,0,,,,,,0,,,,247462,122830,2819
1959,432.09780836105347,2026-03-06T13:34:44.286758,118.62,0.0,10.03,16.47,25.73,0.0,0.0,193.77,4.42,1.42,1.902,STRAIGHT,1.5,1.5,"CMD,1.9,1.50",4.0,0.011,1.963,0.021,1,0.9789,0,NORMAL,42.027,-0.231,1,1,1,1,2,98.2,73,11,dijkstra,graph,0.41246,0,,,,,,0,,,,247995,123290,2986
1960,432.3097641468048,2026-03-06T13:34:44.498714,120.18,0.0,10.01,11.03,24.73,0.0,0.0,186.77,4.44,1.099,1.42,STRAIGHT,1.5,1.5,"CMD,1.4,1.50",4.0,0.011,1.963,0.021,1,0.9716,0,NORMAL,42.704,-0.243,1,1,1,1,2,98.2,31,10,dijkstra,graph,0.4125,0,,,,,,0,,,,248791,123399,2630
1961,432.5390269756317,2026-03-06T13:34:44.729060,124.01,0.0,10.67,17.05,30.25,0.0,0.0,204.11,4.44,0.884,1.099,STRAIGHT,1.5,1.5,"CMD,1.1,1.50",4.0,0.011,1.963,0.021,1,0.9739,0,NORMAL,42.555,-0.25,1,1,1,1,2,98.2,71,8,dijkstra,graph,0.40895,0,,,,,,0,,,,247026,122399,2825
1962,432.7576665878296,2026-03-06T13:34:44.946616,119.51,0.0,9.94,17.54,23.8,0.0,0.0,192.5,4.43,0.741,0.884,STRAIGHT,1.5,1.5,"CMD,0.9,1.50",4.0,0.011,1.963,0.021,1,0.815,0,NORMAL,42.361,-0.239,1,1,1,1,2,98.2,78,9,dijkstra,graph,0.37471,0,,,,,,0,,,,203417,112085,2535
1963,432.97274470329285,2026-03-06T13:34:45.161694,123.39,0.0,10.54,10.79,22.54,0.0,0.0,189.53,4.46,0.646,0.741,STRAIGHT,1.5,1.5,"CMD,0.7,1.50",4.0,0.011,1.963,0.021,1,0.8206,0,NORMAL,42.386,-0.191,1,1,1,1,2,98.2,25,10,dijkstra,graph,0.4136,0,,,,,,0,,,,245688,123544,2751
1964,433.1884765625,2026-03-06T13:34:45.377426,122.85,0.0,9.52,13.53,23.06,0.0,0.0,192.34,4.46,0.583,0.646,STRAIGHT,1.5,1.5,"CMD,0.6,1.50",4.0,0.011,1.963,0.021,1,0.9645,0,NORMAL,42.928,-0.192,1,1,1,1,2,98.2,42,9,dijkstra,graph,0.4062,0,,,,,,0,,,,239549,121405,2558
1965,433.41399574279785,2026-03-06T13:34:45.602945,119.74,0.0,10.01,23.65,26.48,0.0,0.0,201.42,4.47,0.611,0.611,STRAIGHT,1.5,1.5,"CMD,0.6,1.50",4.0,0.0162,1.644,0.022,1,0.8125,0,NORMAL,42.89,-0.184,1,1,1,1,2,82.2,127,12,dijkstra,graph,0.3774,0,,,,,,0,,,,197212,112785,3086
1966,433.6368639469147,2026-03-06T13:34:45.825814,133.11,0.0,9.87,13.98,21.26,0.0,0.0,198.13,4.48,0.743,0.611,STRAIGHT,1.5,1.5,"CMD,0.6,1.50",4.0,0.0244,1.37,0.023,1,0.906,0,NORMAL,43.167,-0.305,1,1,1,1,2,68.5,45,9,dijkstra,graph,0.33037,0,,,,,,0,,,,185189,98789,2033
1967,433.8489248752594,2026-03-06T13:34:46.037875,121.13,0.0,9.41,15.54,20.2,0.0,0.0,188.15,4.5,0.647,0.647,STRAIGHT,1.5,1.5,"CMD,0.6,1.50",4.0,0.011,1.963,0.021,1,0.8589,0,NORMAL,43.005,-0.238,1,1,1,1,2,98.2,82,11,dijkstra,graph,0.3849,0,,,,,,0,,,,205789,114992,2658
1968,434.06044483184814,2026-03-06T13:34:46.249395,119.36,0.0,10.12,12.07,24.23,0.0,0.0,186.25,4.53,0.583,0.647,STRAIGHT,1.5,1.5,"CMD,0.6,1.50",4.0,0.011,1.963,0.021,1,0.8667,0,NORMAL,43.576,-0.198,1,1,1,1,2,98.2,35,11,dijkstra,graph,0.4076,0,,,,,,0,,,,231433,121954,2678
1969,434.27589106559753,2026-03-06T13:34:46.464841,120.29,0.0,10.18,14.38,23.62,0.0,0.0,190.01,4.54,0.541,0.583,STRAIGHT,1.5,1.5,"CMD,0.6,1.50",4.0,0.011,1.963,0.021,1,0.9478,0,NORMAL,44.712,-0.229,1,1,1,1,2,98.2,61,13,dijkstra,graph,0.39851,0,,,,,,0,,,,223526,119246,2777
1970,434.4906783103943,2026-03-06T13:34:46.679628,120.57,0.0,10.05,12.76,23.84,0.0,0.0,189.25,4.55,0.522,0.541,STRAIGHT,1.5,1.5,"CMD,0.5,1.50",4.0,0.0117,1.918,0.022,1,0.9474,0,NORMAL,45.531,-0.257,1,1,1,1,2,95.9,49,10,dijkstra,graph,0.39793,0,,,,,,0,,,,220538,119018,2534
1971,434.7089810371399,2026-03-06T13:34:46.897930,121.52,0.0,8.33,19.71,21.09,0.0,0.0,193.61,4.55,0.509,0.522,STRAIGHT,1.5,1.5,"CMD,0.5,1.50",4.0,0.0117,1.918,0.022,1,0.9571,0,NORMAL,45.528,-0.248,1,1,1,1,2,95.9,97,11,dijkstra,graph,0.40165,0,,,,,,0,,,,223936,120052,2910
1972,434.9232814311981,2026-03-06T13:34:47.112231,117.88,0.0,10.27,14.76,23.38,0.0,0.0,187.66,4.56,0.491,0.509,STRAIGHT,1.5,1.5,"CMD,0.5,1.50",4.0,0.011,1.963,0.021,1,0.9659,0,NORMAL,45.41,-0.244,1,1,1,1,2,98.2,61,10,dijkstra,graph,0.40068,0,,,,,,0,,,,221978,119757,2651
1973,435.1381137371063,2026-03-06T13:34:47.327063,121.81,0.0,10.07,13.06,25.22,0.0,0.0,191.09,4.56,0.479,0.491,STRAIGHT,1.5,1.5,"CMD,0.5,1.50",4.0,0.011,1.963,0.021,1,0.953,0,NORMAL,45.026,-0.201,1,1,1,1,2,98.2,51,10,dijkstra,graph,0.40116,0,,,,,,0,,,,218164,120007,2600
1974,435.3597557544708,2026-03-06T13:34:47.548705,123.61,0.0,9.92,17.52,24.75,0.0,0.0,197.33,4.56,0.471,0.479,STRAIGHT,1.5,1.5,"CMD,0.5,1.50",4.0,0.011,1.963,0.021,1,0.9387,0,NORMAL,45.539,-0.241,1,1,1,1,2,98.2,76,11,dijkstra,graph,0.40351,0,,,,,,0,,,,220207,120645,2896
1975,435.5782709121704,2026-03-06T13:34:47.767221,120.74,0.0,11.52,16.23,24.35,0.0,0.0,194.46,4.57,0.466,0.471,STRAIGHT,1.5,1.5,"CMD,0.5,1.50",4.0,0.011,1.963,0.021,1,0.9556,0,NORMAL,44.798,-0.25,1,1,1,1,2,98.2,63,11,dijkstra,graph,0.39913,0,,,,,,0,,,,215819,119458,2836
1976,435.8128433227539,2026-03-06T13:34:48.001793,121.27,0.0,10.03,31.04,26.59,0.0,0.0,210.82,4.55,0.463,0.466,STRAIGHT,1.5,1.5,"CMD,0.5,1.50",4.0,0.011,1.963,0.021,1,0.9544,0,NORMAL,43.467,-0.27,1,1,1,1,2,98.2,184,14,dijkstra,graph,0.40153,0,,,,,,0,,,,212061,120139,3543
1977,436.04036140441895,2026-03-06T13:34:48.229311,120.86,0.0,10.44,26.29,25.15,0.0,0.0,204.23,4.56,0.46,0.463,STRAIGHT,1.5,1.5,"CMD,0.5,1.50",4.0,0.011,1.963,0.021,1,0.9504,0,NORMAL,43.827,-0.271,1,1,1,1,2,98.2,143,11,dijkstra,graph,0.39512,0,,,,,,0,,,,207012,118251,3175
1978,436.2641499042511,2026-03-06T13:34:48.453100,123.05,0.0,10.12,23.17,20.03,0.0,0.0,197.93,4.55,0.459,0.46,STRAIGHT,1.5,1.5,"CMD,0.5,1.50",4.0,0.011,1.963,0.021,1,0.9468,0,NORMAL,45.022,-0.278,1,1,1,1,2,98.2,123,15,dijkstra,graph,0.39322,0,,,,,,0,,,,203089,117682,3139
1979,436.47487211227417,2026-03-06T13:34:48.663822,122.23,0.0,8.29,15.5,24.54,0.0,0.0,190.91,4.57,0.458,0.459,STRAIGHT,1.5,1.5,"CMD,0.5,1.50",4.0,0.011,1.963,0.021,1,0.9471,0,NORMAL,45.47,-0.264,1,1,1,1,2,98.2,64,10,dijkstra,graph,0.39591,0,,,,,,0,,,,204999,118527,2733
1980,436.6943459510803,2026-03-06T13:34:48.883296,122.13,0.0,10.01,15.96,23.76,0.0,0.0,194.39,4.57,0.452,0.458,STRAIGHT,1.5,1.5,"CMD,0.5,1.50",4.0,0.0107,2.009,0.022,1,0.9505,0,NORMAL,45.625,-0.264,1,1,1,1,2,100.5,70,8,dijkstra,graph,0.40269,0,,,,,,0,,,,208910,120433,2680
1981,436.9259297847748,2026-03-06T13:34:49.114879,123.03,0.0,9.25,26.44,27.08,0.0,0.0,207.03,4.55,0.449,0.452,STRAIGHT,1.5,1.5,"CMD,0.5,1.50",4.0,0.0107,2.009,0.022,1,0.9545,0,NORMAL,45.899,-0.264,1,1,1,1,2,100.5,155,14,dijkstra,graph,0.41033,0,,,,,,0,,,,210463,122834,3452
1982,437.1550521850586,2026-03-06T13:34:49.344002,121.76,0.0,9.01,26.04,26.54,0.0,0.0,204.24,4.55,0.446,0.449,STRAIGHT,1.5,1.5,"CMD,0.4,1.50",4.0,0.0107,2.009,0.022,1,0.9553,0,NORMAL,46.419,-0.23,1,1,1,1,2,100.5,160,15,dijkstra,graph,0.40872,0,,,,,,0,,,,209253,122306,3358
1983,437.3895409107208,2026-03-06T13:34:49.578490,120.79,0.0,11.02,30.25,26.72,0.0,0.0,209.37,4.53,0.449,0.449,STRAIGHT,1.5,1.5,"CMD,0.4,1.50",4.0,0.011,1.963,0.021,1,0.9638,0,NORMAL,47.353,-0.251,1,1,1,1,2,98.2,178,16,dijkstra,graph,0.4056,0,,,,,,0,,,,206076,121413,3407
1984,437.618367433548,2026-03-06T13:34:49.807317,131.41,0.0,10.02,16.69,24.3,0.0,0.0,204.42,4.53,0.447,0.447,STRAIGHT,1.5,1.5,"CMD,0.4,1.50",4.0,0.0107,2.009,0.022,1,0.9657,0,NORMAL,47.797,-0.249,1,1,1,1,2,100.5,80,8,dijkstra,graph,0.40331,0,,,,,,0,,,,202369,120661,2649
1985,437.85171484947205,2026-03-06T13:34:50.040664,122.21,0.0,10.2,28.55,25.72,0.0,0.0,209.09,4.52,0.445,0.447,STRAIGHT,1.5,1.5,"CMD,0.4,1.50",4.0,0.0107,2.009,0.022,1,0.9704,0,NORMAL,47.851,-0.232,1,1,1,1,2,100.5,164,12,dijkstra,graph,0.40771,0,,,,,,0,,,,200796,121903,3183
1986,438.08271884918213,2026-03-06T13:34:50.271668,125.64,0.0,10.03,24.64,26.33,0.0,0.0,207.94,4.52,0.444,0.445,STRAIGHT,1.5,1.5,"CMD,0.4,1.50",4.0,0.0107,2.009,0.022,1,0.967,0,NORMAL,48.063,-0.236,1,1,1,1,2,100.5,141,12,dijkstra,graph,0.40676,0,,,,,,0,,,,199469,121777,3163
1987,438.3076260089874,2026-03-06T13:34:50.496576,120.0,0.0,10.01,24.92,25.32,0.0,0.0,200.28,4.51,0.443,0.444,STRAIGHT,1.5,1.5,"CMD,0.4,1.50",4.0,0.0107,2.009,0.022,1,0.9779,0,NORMAL,48.38,-0.252,1,1,1,1,2,100.5,132,12,dijkstra,graph,0.40512,0,,,,,,0,,,,197601,121310,3055
1988,438.5417380332947,2026-03-06T13:34:50.730688,122.37,0.0,10.02,23.8,30.89,0.0,0.0,209.28,4.5,0.443,0.443,STRAIGHT,1.5,1.5,"CMD,0.4,1.50",4.0,0.0107,2.009,0.022,1,0.9781,0,NORMAL,48.399,-0.236,1,1,1,1,2,100.5,128,12,dijkstra,graph,0.40804,0,,,,,,0,,,,196793,122184,3012
1989,438.7687737941742,2026-03-06T13:34:50.957724,124.2,0.0,10.02,25.24,24.62,0.0,0.0,203.61,4.49,0.442,0.443,STRAIGHT,1.5,1.5,"CMD,0.4,1.50",4.0,0.0107,2.009,0.022,1,0.973,0,NORMAL,48.451,-0.236,1,1,1,1,2,100.5,144,13,dijkstra,graph,0.40643,0,,,,,,0,,,,196653,121585,3014
1990,438.9971549510956,2026-03-06T13:34:51.186105,125.24,0.0,10.17,25.04,24.52,0.0,0.0,205.67,4.49,0.442,0.442,STRAIGHT,1.5,1.5,"CMD,0.4,1.50",4.0,0.0107,2.009,0.022,1,0.976,0,NORMAL,49.486,-0.243,1,1,1,1,2,100.5,134,10,dijkstra,graph,0.40252,0,,,,,,0,,,,195438,120384,2945
1991,439.21068000793457,2026-03-06T13:34:51.399630,123.2,0.0,8.18,16.18,20.54,0.0,0.0,188.98,4.49,0.442,0.442,STRAIGHT,1.5,1.5,"CMD,0.4,1.50",4.0,0.0107,2.009,0.022,1,0.972,0,NORMAL,49.886,-0.262,1,1,1,1,2,100.5,82,8,dijkstra,graph,0.4006,0,,,,,,0,,,,193455,119925,2464
1992,439.4309039115906,2026-03-06T13:34:51.619854,121.41,0.0,11.03,22.9,23.04,0.0,0.0,199.8,4.49,0.442,0.442,STRAIGHT,1.5,1.5,"CMD,0.4,1.50",4.0,0.0107,2.009,0.022,1,0.9793,0,NORMAL,49.565,-0.245,1,1,1,1,2,100.5,135,9,dijkstra,graph,0.40409,0,,,,,,0,,,,193407,120937,2785
1993,439.6676959991455,2026-03-06T13:34:51.856646,131.1,0.0,9.66,25.3,25.36,0.0,0.0,212.56,4.48,0.442,0.442,STRAIGHT,1.5,1.5,"CMD,0.4,1.50",4.0,0.0107,2.009,0.022,1,0.9767,0,NORMAL,49.88,-0.207,1,1,1,1,2,100.5,141,9,dijkstra,graph,0.40748,0,,,,,,0,,,,193386,121876,2942
1994,439.8879635334015,2026-03-06T13:34:52.076913,118.75,0.0,10.38,23.9,22.83,0.0,0.0,196.93,4.48,0.442,0.442,STRAIGHT,1.5,1.5,"CMD,0.4,1.50",4.0,0.0107,2.009,0.022,1,0.9751,0,NORMAL,50.415,-0.167,1,1,1,1,2,100.5,138,11,dijkstra,graph,0.41184,0,,,,,,0,,,,192445,123099,2928
1995,440.11117577552795,2026-03-06T13:34:52.300126,120.3,0.0,10.02,21.2,24.19,0.0,1.0,198.39,4.48,0.442,0.442,STRAIGHT,1.5,1.5,"CMD,0.4,1.50",4.0,0.0107,2.009,0.022,1,0.9755,0,NORMAL,51.654,-0.158,1,1,1,1,2,100.5,117,9,dijkstra,graph,0.40843,0,,,,,,0,,,,191130,122063,2628
1996,440.3338665962219,2026-03-06T13:34:52.522816,121.14,0.0,10.62,22.05,24.05,0.0,1.0,199.61,4.47,0.442,0.442,STRAIGHT,1.5,1.5,"CMD,0.4,1.50",4.0,0.0107,2.009,0.022,1,0.9793,0,NORMAL,51.175,-0.125,1,1,1,1,2,100.5,114,9,dijkstra,graph,0.40886,0,,,,,,0,,,,191659,122364,2706
1997,440.55164647102356,2026-03-06T13:34:52.740596,119.49,0.0,10.06,23.06,23.71,0.0,0.0,196.68,4.47,0.441,0.442,STRAIGHT,1.5,1.5,"CMD,0.4,1.50",4.0,0.0107,2.009,0.022,1,0.9767,0,NORMAL,51.628,-0.098,1,1,1,1,2,100.5,124,8,dijkstra,graph,0.4106,0,,,,,,0,,,,190835,122994,2732
1998,440.7704641819,2026-03-06T13:34:52.959414,119.03,0.0,10.52,20.73,24.04,0.0,0.0,194.82,4.47,0.441,0.441,STRAIGHT,1.5,1.5,"CMD,0.4,1.50",4.0,0.0107,2.009,0.022,1,0.9768,0,NORMAL,51.258,-0.124,1,1,1,1,2,100.5,104,11,dijkstra,graph,0.41783,0,,,,,,0,,,,191656,125189,2720
1999,441.00120210647583,2026-03-06T13:34:53.190152,121.31,0.0,10.35,28.83,25.01,0.0,0.0,206.05,4.45,0.433,0.441,STRAIGHT,1.5,1.5,"CMD,0.4,1.50",4.0,0.0101,2.055,0.021,1,0.9725,0,NORMAL,51.364,-0.11,1,1,1,1,2,102.8,189,14,dijkstra,graph,0.42186,0,,,,,,0,,,,191878,126203,3591
2000,441.2211503982544,2026-03-06T13:34:53.410100,119.0,0.0,10.52,20.73,25.19,0.0,1.0,196.13,4.45,0.428,0.433,STRAIGHT,1.5,1.5,"CMD,0.4,1.50",4.0,0.0101,2.055,0.021,1,0.9769,0,NORMAL,51.237,-0.1,1,1,1,1,2,102.8,107,12,dijkstra,graph,0.42308,0,,,,,,0,,,,191585,126615,3030
2001,441.44633960723877,2026-03-06T13:34:53.635289,122.68,0.0,10.46,20.77,25.0,0.0,0.0,201.07,4.45,0.424,0.428,STRAIGHT,1.5,1.5,"CMD,0.4,1.50",4.0,0.0101,2.055,0.021,1,0.9767,0,NORMAL,51.68,-0.095,1,1,1,1,2,102.8,99,12,dijkstra,graph,0.42186,0,,,,,,0,,,,191758,126156,3124
2002,441.67277932167053,2026-03-06T13:34:53.861729,126.76,0.0,11.02,20.05,24.41,0.0,0.0,202.41,4.44,0.43,0.428,STRAIGHT,1.5,1.5,"CMD,0.4,1.50",4.0,0.0107,2.009,0.022,1,0.9778,0,NORMAL,51.843,-0.078,1,1,1,1,2,100.5,99,12,dijkstra,graph,0.42244,0,,,,,,0,,,,191667,126412,3067
2003,441.8894135951996,2026-03-06T13:34:54.078363,121.08,0.0,10.23,18.02,23.98,0.0,0.0,194.36,4.44,0.434,0.43,STRAIGHT,1.5,1.5,"CMD,0.4,1.50",4.0,0.0107,2.009,0.022,1,0.9772,0,NORMAL,51.779,-0.034,1,1,1,1,2,100.5,78,12,dijkstra,graph,0.42399,0,,,,,,0,,,,190918,126836,2919
2004,442.1109621524811,2026-03-06T13:34:54.299912,124.92,0.0,10.07,17.05,24.47,0.0,0.0,196.69,4.44,0.436,0.434,STRAIGHT,1.5,1.5,"CMD,0.4,1.50",4.0,0.0107,2.009,0.022,1,0.9775,0,NORMAL,50.825,-0.022,1,1,1,1,2,100.5,81,11,dijkstra,graph,0.4243,0,,,,,,0,,,,191364,127011,2748
2005,442.3287744522095,2026-03-06T13:34:54.517724,118.39,0.0,9.52,18.21,24.83,0.0,0.0,193.34,4.45,0.438,0.436,STRAIGHT,1.5,1.5,"CMD,0.4,1.50",4.0,0.0107,2.009,0.022,1,0.9765,0,NORMAL,50.24,-0.041,1,1,1,1,2,100.5,87,9,dijkstra,graph,0.42246,0,,,,,,0,,,,190604,126372,2771
2006,442.56117248535156,2026-03-06T13:34:54.750122,121.7,0.0,11.01,24.49,27.08,0.0,0.0,207.33,4.45,0.439,0.438,STRAIGHT,1.5,1.5,"CMD,0.4,1.50",4.0,0.0107,2.009,0.022,1,0.9773,0,NORMAL,49.95,-0.069,1,1,1,1,2,100.5,86,11,dijkstra,graph,0.42132,0,,,,,,0,,,,189704,125975,3067
2007,442.7791018486023,2026-03-06T13:34:54.968052,121.27,0.0,10.12,19.42,24.12,0.0,0.0,194.96,4.45,-0.21,0.438,STRAIGHT,1.5,1.5,"CMD,0.4,1.50",2.893,-0.0365,2.283,-0.095,1,0.9764,0,NORMAL,49.19,-0.105,1,1,1,1,2,117.9,94,6,dijkstra,graph,0.41994,0,,,,,,0,,,,189156,125539,2441
2008,443.0032231807709,2026-03-06T13:34:55.192173,118.67,0.0,9.6,26.6,24.47,0.0,0.0,200.39,4.44,-0.281,-0.21,STRAIGHT,1.5,1.5,"CMD,-0.2,1.50",3.644,-0.0103,2.237,-0.026,1,0.9762,0,NORMAL,48.991,-0.125,1,1,1,1,2,113.4,158,7,dijkstra,graph,0.4201,0,,,,,,0,,,,188097,125618,2742
2009,443.22084188461304,2026-03-06T13:34:55.409792,122.82,0.0,9.01,17.27,22.14,0.0,0.0,193.77,4.44,-0.806,-0.281,STRAIGHT,1.5,1.5,"CMD,-0.3,1.50",2.728,-0.045,2.283,-0.118,1,0.9726,0,NORMAL,49.094,-0.162,1,1,1,1,2,119.8,88,4,dijkstra,graph,0.41244,0,,,,,,0,,,,186770,123367,2206
2010,443.43895983695984,2026-03-06T13:34:55.627909,122.32,0.0,9.25,18.04,24.18,0.0,0.0,194.35,4.45,-1.187,-0.806,STRAIGHT,1.5,1.5,"CMD,-0.8,1.50",2.692,-0.0473,2.283,-0.124,1,0.9725,0,NORMAL,48.807,-0.177,1,1,1,1,2,119.7,93,7,dijkstra,graph,0.4143,0,,,,,,0,,,,185997,123990,2446
2011,443.681893825531,2026-03-06T13:34:55.870843,137.41,0.0,10.01,26.2,24.05,0.0,1.0,219.24,4.44,-0.653,-0.806,STRAIGHT,1.5,1.5,"CMD,-0.8,1.50",4.0,0.0101,2.055,0.021,1,0.9693,0,NORMAL,47.272,-0.178,1,1,1,1,2,102.8,157,7,dijkstra,graph,0.42048,0,,,,,,0,,,,185659,125756,2723
2012,443.8977699279785,2026-03-06T13:34:56.086719,120.81,0.0,9.85,17.82,22.04,0.0,0.0,191.89,4.46,-1.165,-1.165,STRAIGHT,1.5,1.5,"CMD,-1.2,1.50",2.609,-0.0531,2.283,-0.139,1,0.9658,0,NORMAL,47.117,-0.161,1,1,1,1,2,118.5,82,9,dijkstra,graph,0.41562,0,,,,,,0,,,,184412,124216,2362
2013,444.11740827560425,2026-03-06T13:34:56.306358,120.56,0.0,10.39,19.1,24.36,0.0,0.0,194.29,4.46,-0.625,-0.653,STRAIGHT,1.5,1.5,"CMD,-0.7,1.50",4.0,0.011,1.963,0.021,1,0.9658,0,NORMAL,46.972,-0.177,1,1,1,1,2,98.2,90,13,dijkstra,graph,0.41295,0,,,,,,0,,,,183332,123602,2788
2014,444.3327832221985,2026-03-06T13:34:56.521733,120.08,0.0,10.74,17.03,23.12,0.0,0.0,191.02,4.47,-1.146,-1.146,STRAIGHT,1.5,1.5,"CMD,-1.1,1.50",2.609,-0.0531,2.283,-0.139,1,0.9689,0,NORMAL,46.686,-0.163,1,1,1,1,2,118.5,76,5,dijkstra,graph,0.412,0,,,,,,0,,,,183862,123321,2175
2015,444.54712677001953,2026-03-06T13:34:56.736076,118.95,0.0,8.01,17.51,24.89,0.0,0.0,191.48,4.49,-1.548,-1.146,STRAIGHT,1.5,1.5,"CMD,-1.1,1.50",2.912,-0.057,2.511,-0.181,1,0.9507,0,NORMAL,47.064,-0.216,1,1,1,1,2,128.8,97,8,dijkstra,graph,0.40583,0,,,,,,0,,,,178097,121559,2554
2016,444.76237869262695,2026-03-06T13:34:56.951328,122.01,0.0,10.13,19.24,19.03,0.0,1.0,191.2,4.49,-1.764,-1.548,STRAIGHT,1.5,1.5,"CMD,-1.5,1.50",2.67,-0.0533,2.329,-0.145,1,0.9454,0,NORMAL,46.377,-0.206,1,1,1,1,2,121.2,94,8,dijkstra,graph,0.41988,0,,,,,,0,,,,186922,125467,2631
2017,444.98787236213684,2026-03-06T13:34:57.176822,118.93,0.0,11.83,28.78,24.07,0.0,1.0,205.16,4.5,-2.139,-1.764,STRAIGHT,1.5,1.5,"CMD,-1.8,1.50",2.461,-0.0701,2.329,-0.191,1,0.9776,0,NORMAL,46.282,-0.186,1,1,1,1,2,121.7,163,8,dijkstra,graph,0.41851,0,,,,,,0,,,,188850,125274,2802
2018,445.2170023918152,2026-03-06T13:34:57.405952,121.63,0.0,10.02,28.06,25.07,0.0,0.0,205.24,4.5,-1.274,-1.764,STRAIGHT,1.5,1.5,"CMD,-1.8,1.50",4.0,0.011,1.963,0.021,1,0.9824,0,NORMAL,47.703,-0.224,1,1,1,1,2,98.2,161,12,dijkstra,graph,0.4164,0,,,,,,0,,,,188357,124645,2859
2019,445.43578815460205,2026-03-06T13:34:57.624738,122.48,0.0,9.04,17.59,23.06,0.0,0.79,194.49,4.5,-1.812,-1.812,STRAIGHT,1.5,1.5,"CMD,-1.8,1.50",2.461,-0.0701,2.329,-0.191,1,0.9817,0,NORMAL,48.307,-0.209,1,1,1,1,2,121.7,82,9,dijkstra,graph,0.41591,0,,,,,,0,,,,187508,124408,2393
2020,445.6637804508209,2026-03-06T13:34:57.852730,130.43,0.0,10.02,19.43,23.54,0.0,0.0,205.45,4.49,-2.171,-1.812,STRAIGHT,1.5,1.5,"CMD,-1.8,1.50",2.461,-0.0701,2.329,-0.191,1,0.9814,0,NORMAL,49.536,-0.212,1,1,1,1,2,121.7,102,9,dijkstra,graph,0.41855,0,,,,,,0,,,,189007,125179,2421
2021,445.8814232349396,2026-03-06T13:34:58.070373,116.89,0.0,9.01,21.56,24.18,0.0,0.0,194.02,4.5,-2.41,-2.171,STRAIGHT,1.5,1.5,"CMD,-2.2,1.50",2.461,-0.0701,2.329,-0.191,1,0.9832,0,NORMAL,50.139,-0.209,1,1,1,1,2,121.7,115,9,dijkstra,graph,0.41909,0,,,,,,0,,,,189780,125255,2755
2022,446.0940113067627,2026-03-06T13:34:58.282961,115.6,0.0,9.15,19.48,22.34,0.0,0.0,187.1,4.51,-2.569,-2.41,STRAIGHT,1.5,1.5,"CMD,-2.4,1.50",2.461,-0.0701,2.329,-0.191,1,0.9801,0,NORMAL,50.243,-0.186,1,1,1,1,2,121.7,99,8,dijkstra,graph,0.42963,0,,,,,,0,,,,190639,128501,2577
2023,446.325731754303,2026-03-06T13:34:58.514681,120.16,0.0,11.03,28.9,27.07,0.0,0.0,207.87,4.5,-2.053,-2.41,STRAIGHT,1.5,1.5,"CMD,-2.4,1.50",3.187,-0.0247,2.283,-0.065,1,0.9811,0,NORMAL,51.145,-0.198,1,1,1,1,2,116.6,169,9,dijkstra,graph,0.42486,0,,,,,,0,,,,190000,127007,3300
2024,446.5454442501068,2026-03-06T13:34:58.734394,119.72,0.0,10.14,19.69,24.03,0.0,0.0,195.64,4.51,-1.709,-2.053,STRAIGHT,1.5,1.5,"CMD,-2.1,1.50",3.187,-0.0247,2.283,-0.065,1,0.9813,0,NORMAL,50.879,-0.191,1,1,1,1,2,116.6,96,7,dijkstra,graph,0.42694,0,,,,,,0,,,,190839,127734,3027
2025,446.76978302001953,2026-03-06T13:34:58.958733,118.93,0.0,11.18,23.17,24.59,0.0,0.0,198.97,4.51,-0.992,-1.709,STRAIGHT,1.5,1.5,"CMD,-1.7,1.50",4.0,0.0107,2.009,0.022,1,0.9778,0,NORMAL,51.805,-0.175,1,1,1,1,2,100.5,130,10,dijkstra,graph,0.43601,0,,,,,,0,,,,191859,130380,2829
2026,446.9861624240875,2026-03-06T13:34:59.175112,117.12,0.0,11.22,20.03,22.82,0.0,0.0,191.57,4.51,-1.521,-1.521,STRAIGHT,1.5,1.5,"CMD,-1.5,1.50",2.616,-0.0625,2.374,-0.177,1,0.9774,0,NORMAL,52.756,-0.176,1,1,1,1,2,124.4,100,5,dijkstra,graph,0.43459,0,,,,,,0,,,,191702,129999,2261
2027,447.2069697380066,2026-03-06T13:34:59.395920,122.36,0.0,11.02,19.55,22.77,0.0,0.0,196.28,4.51,-1.687,-1.521,STRAIGHT,1.5,1.5,"CMD,-1.5,1.50",2.814,-0.049,2.374,-0.139,1,0.98,0,NORMAL,53.11,-0.16,1,1,1,1,2,123.1,102,6,dijkstra,graph,0.43579,0,,,,,,0,,,,192327,130457,2280
2028,447.4257860183716,2026-03-06T13:34:59.615239,118.67,0.0,11.02,20.71,24.65,0.0,0.0,195.69,4.51,-0.986,-1.521,STRAIGHT,1.5,1.5,"CMD,-1.5,1.50",4.0,0.0101,2.055,0.021,1,0.9815,0,NORMAL,53.083,-0.13,1,1,1,1,2,102.8,108,7,dijkstra,graph,0.43818,0,,,,,,0,,,,193294,131132,2402
2029,447.650906085968,2026-03-06T13:34:59.839856,128.8,0.0,10.01,18.51,22.74,0.0,0.0,201.11,4.51,-1.547,-1.547,STRAIGHT,1.5,1.5,"CMD,-1.5,1.50",2.662,-0.0647,2.42,-0.191,1,0.982,0,NORMAL,52.549,-0.11,1,1,1,1,2,126.3,89,5,dijkstra,graph,0.4382,0,,,,,,0,,,,194378,131157,2307
2030,447.8662016391754,2026-03-06T13:35:00.055151,119.1,0.0,10.02,18.31,23.21,0.0,0.0,189.84,4.52,-0.892,-0.986,STRAIGHT,1.5,1.5,"CMD,-1.0,1.50",4.0,0.0101,2.055,0.021,1,0.9865,0,NORMAL,52.262,-0.112,1,1,1,1,2,102.8,82,8,dijkstra,graph,0.43936,0,,,,,,0,,,,194729,131411,2387
2031,448.08495569229126,2026-03-06T13:35:00.273905,118.54,0.0,9.23,18.66,23.54,0.0,0.0,194.08,4.52,-1.484,-1.484,STRAIGHT,1.5,1.5,"CMD,-1.5,1.50",2.662,-0.0647,2.42,-0.191,1,0.9853,0,NORMAL,51.619,-0.098,1,1,1,1,2,126.3,89,8,dijkstra,graph,0.43473,0,,,,,,0,,,,194511,130066,2627
2032,448.3030688762665,2026-03-06T13:35:00.492019,120.42,0.0,11.02,17.62,23.69,0.0,0.0,194.94,4.52,-1.849,-1.484,STRAIGHT,1.5,1.5,"CMD,-1.5,1.50",2.616,-0.0625,2.374,-0.177,1,0.9816,0,NORMAL,50.748,-0.019,1,1,1,1,2,124.4,91,4,dijkstra,graph,0.43269,0,,,,,,0,,,,194220,129481,2351
2033,448.5286920070648,2026-03-06T13:35:00.717642,121.42,0.0,9.05,23.23,23.63,0.0,0.0,200.59,4.52,-1.085,-1.484,STRAIGHT,1.5,1.5,"CMD,-1.5,1.50",4.0,0.0107,2.009,0.022,1,0.9754,0,NORMAL,50.781,-0.068,1,1,1,1,2,100.5,129,6,dijkstra,graph,0.44043,0,,,,,,0,,,,195775,131690,2659
2034,448.7506968975067,2026-03-06T13:35:00.939647,122.77,0.0,9.8,19.03,23.26,0.0,0.0,196.41,4.52,-1.347,-1.347,STRAIGHT,1.5,1.5,"CMD,-1.3,1.50",3.05,-0.0454,2.466,-0.138,1,0.978,0,NORMAL,50.3,-0.097,1,1,1,1,2,127.7,94,4,dijkstra,graph,0.44455,0,,,,,,0,,,,196445,133000,2303
2035,448.9700846672058,2026-03-06T13:35:01.159034,120.9,0.0,9.81,19.25,23.13,0.0,0.0,194.31,4.52,-1.522,-1.347,STRAIGHT,1.5,1.5,"CMD,-1.3,1.50",3.05,-0.0454,2.466,-0.138,1,0.9803,0,NORMAL,50.364,-0.056,1,1,1,1,2,127.7,96,5,dijkstra,graph,0.44905,0,,,,,,0,,,,197830,134377,2342
2036,449.1893193721771,2026-03-06T13:35:01.378269,121.24,0.0,9.94,19.47,23.05,0.0,0.0,194.45,4.52,-1.44,-1.44,STRAIGHT,1.5,1.5,"CMD,-1.4,1.50",3.276,-0.0309,2.42,-0.091,1,0.9799,0,NORMAL,49.334,-0.03,1,1,1,1,2,124.4,95,5,dijkstra,graph,0.4482,0,,,,,,0,,,,197500,134133,2353
2037,449.4085912704468,2026-03-06T13:35:01.597541,123.45,0.0,10.63,19.19,23.01,0.0,0.0,195.43,4.53,-1.385,-1.44,STRAIGHT,1.5,1.5,"CMD,-1.4,1.50",3.276,-0.0309,2.42,-0.091,1,0.9789,0,NORMAL,48.942,-0.033,1,1,1,1,2,124.4,92,5,dijkstra,graph,0.44864,0,,,,,,0,,,,197149,134340,2338
2038,449.63027715682983,2026-03-06T13:35:01.819227,130.95,0.0,10.79,17.03,20.68,0.0,0.0,199.66,4.52,-1.348,-1.385,STRAIGHT,1.5,1.5,"CMD,-1.4,1.50",3.276,-0.0309,2.42,-0.091,1,0.9782,0,NORMAL,49.341,-0.031,1,1,1,1,2,124.4,91,7,dijkstra,graph,0.4482,0,,,,,,0,,,,196924,134049,2356
2039,449.85908555984497,2026-03-06T13:35:02.048035,120.23,0.0,10.33,28.66,26.28,0.0,0.0,203.96,4.52,-0.767,-1.348,STRAIGHT,1.5,1.5,"CMD,-1.3,1.50",4.0,0.0096,2.1,0.021,1,0.9737,0,NORMAL,50.301,0.027,1,1,1,1,2,105.0,173,10,dijkstra,graph,0.44961,0,,,,,,0,,,,197500,134474,2976
2040,450.07671308517456,2026-03-06T13:35:02.265663,119.4,0.0,10.06,18.73,22.38,0.0,1.17,192.53,4.53,-0.383,-0.767,STRAIGHT,1.5,1.5,"CMD,-0.8,1.50",4.0,0.0093,2.146,0.021,1,0.9735,0,NORMAL,49.378,0.074,1,1,1,1,2,107.3,107,11,dijkstra,graph,0.45605,0,,,,,,0,,,,198666,136355,2705
2041,450.3007264137268,2026-03-06T13:35:02.489676,121.33,0.0,10.68,21.54,23.71,0.0,0.0,200.08,4.53,-0.127,-0.383,STRAIGHT,1.5,1.5,"CMD,-0.4,1.50",4.0,0.0093,2.146,0.021,1,0.9698,0,NORMAL,48.352,0.027,1,1,1,1,2,107.3,112,8,dijkstra,graph,0.4512,0,,,,,,0,,,,197561,134872,2715
2042,450.5273995399475,2026-03-06T13:35:02.716349,119.96,0.0,11.21,23.72,24.81,0.0,0.0,200.02,4.52,0.047,-0.127,STRAIGHT,1.5,1.5,"CMD,-0.1,1.50",4.0,0.0096,2.1,0.021,1,0.9704,0,NORMAL,47.335,-0.007,1,1,1,1,2,105.0,133,9,dijkstra,graph,0.44616,0,,,,,,0,,,,195951,133452,2701
2043,450.75739097595215,2026-03-06T13:35:02.946341,118.91,0.0,10.04,29.54,26.06,0.0,0.0,205.71,4.51,0.163,0.047,STRAIGHT,1.5,1.5,"CMD,0.0,1.50",4.0,0.0096,2.1,0.021,1,0.9706,0,NORMAL,46.576,-0.031,1,1,1,1,2,105.0,172,12,dijkstra,graph,0.44669,0,,,,,,0,,,,195420,133580,3141
2044,450.9813301563263,2026-03-06T13:35:03.170280,120.11,0.0,10.01,21.72,24.52,0.0,0.0,197.11,4.51,0.237,0.163,STRAIGHT,1.5,1.5,"CMD,0.2,1.50",4.0,0.0093,2.146,0.021,1,0.9678,0,NORMAL,46.378,-0.083,1,1,1,1,2,107.3,112,9,dijkstra,graph,0.44512,0,,,,,,0,,,,194958,133320,2793
2045,451.2024188041687,2026-03-06T13:35:03.391368,122.9,0.0,10.01,19.75,21.35,0.0,0.0,195.85,4.5,-0.1,0.163,STRAIGHT,1.5,1.5,"CMD,0.2,1.50",3.643,-0.0187,2.42,-0.055,1,0.9635,0,NORMAL,46.361,-0.128,1,1,1,1,2,123.6,95,6,dijkstra,graph,0.4488,0,,,,,,0,,,,194557,134268,2523
2046,451.42970085144043,2026-03-06T13:35:03.618651,121.35,0.0,9.01,25.83,25.54,0.0,0.0,202.25,4.5,0.055,0.055,STRAIGHT,1.5,1.5,"CMD,0.1,1.50",4.0,0.0089,2.192,0.021,1,0.9528,0,NORMAL,47.851,-0.199,1,1,1,1,2,109.6,146,8,dijkstra,graph,0.44378,0,,,,,,0,,,,193065,132918,3108
2047,451.66112303733826,2026-03-06T13:35:03.850073,130.76,0.0,10.05,24.08,21.23,0.0,1.0,206.7,4.5,0.158,0.055,STRAIGHT,1.5,1.5,"CMD,0.1,1.50",4.0,0.0089,2.192,0.021,1,0.963,0,NORMAL,47.821,-0.182,1,1,1,1,2,109.6,127,9,dijkstra,graph,0.4456,0,,,,,,0,,,,192955,133367,3029
2048,451.88405442237854,2026-03-06T13:35:04.073004,122.7,0.0,10.02,20.89,23.03,0.0,1.5,199.39,4.5,0.224,0.158,STRAIGHT,1.5,1.5,"CMD,0.2,1.50",4.0,0.0086,2.237,0.022,1,0.9102,0,NORMAL,47.375,-0.154,1,1,1,1,2,111.9,110,9,dijkstra,graph,0.43519,0,,,,,,0,,,,179549,130157,2668
2049,452.09667897224426,2026-03-06T13:35:04.285628,118.05,0.0,9.98,15.63,23.07,0.0,0.0,189.57,4.51,0.02,0.158,STRAIGHT,1.5,1.5,"CMD,0.2,1.50",4.0,-0.0094,2.785,-0.036,1,0.9617,0,NORMAL,47.212,-0.188,1,1,1,1,2,140.4,73,8,dijkstra,graph,0.42643,0,,,,,,0,,,,179966,127718,2411
2050,452.3184223175049,2026-03-06T13:35:04.507372,122.79,0.0,9.52,17.78,25.86,0.0,0.0,197.76,4.51,0.212,0.212,STRAIGHT,1.5,1.5,"CMD,0.2,1.50",4.0,0.0144,2.511,0.045,1,0.9635,0,NORMAL,47.253,-0.097,1,1,1,1,2,126.1,80,8,dijkstra,graph,0.43952,0,,,,,,0,,,,184423,131668,2826
2051,452.5358397960663,2026-03-06T13:35:04.724789,122.72,0.0,10.07,17.89,20.2,0.0,0.0,193.14,4.5,0.26,0.212,STRAIGHT,1.5,1.5,"CMD,0.2,1.50",4.0,0.0086,2.237,0.022,1,0.9142,0,NORMAL,47.528,-0.152,1,1,1,1,2,111.9,93,7,dijkstra,graph,0.44341,0,,,,,,0,,,,196594,132679,2637
2052,452.7585713863373,2026-03-06T13:35:04.947521,122.58,0.0,9.01,21.53,23.73,0.0,1.0,196.91,4.51,0.286,0.26,STRAIGHT,1.5,1.5,"CMD,0.3,1.50",4.0,0.0082,2.283,0.021,1,0.9703,0,NORMAL,47.633,-0.196,1,1,1,1,2,114.2,103,5,dijkstra,graph,0.44157,0,,,,,,0,,,,197560,132121,2601
2053,452.9769365787506,2026-03-06T13:35:05.165886,124.58,0.0,10.01,17.06,22.55,0.0,0.0,194.53,4.51,-0.053,0.26,STRAIGHT,1.5,1.5,"CMD,0.3,1.50",3.87,-0.0178,2.511,-0.056,1,0.9797,0,NORMAL,47.45,-0.181,1,1,1,1,2,128.1,86,4,dijkstra,graph,0.44101,0,,,,,,0,,,,198492,131841,2254
2054,453.1977059841156,2026-03-06T13:35:05.386656,119.16,0.0,8.92,22.88,25.05,0.0,0.0,196.07,4.51,0.078,0.078,STRAIGHT,1.5,1.5,"CMD,0.1,1.50",4.0,0.0082,2.283,0.021,1,0.9772,0,NORMAL,47.233,-0.216,1,1,1,1,2,114.2,118,11,dijkstra,graph,0.44907,0,,,,,,0,,,,199420,134443,2944
2055,453.4202194213867,2026-03-06T13:35:05.609169,122.01,0.0,11.27,20.05,24.4,0.0,0.0,198.4,4.51,-0.059,-0.053,STRAIGHT,1.5,1.5,"CMD,-0.1,1.50",4.0,-0.008,2.511,-0.025,1,0.9799,0,NORMAL,46.824,-0.21,1,1,1,1,2,127.2,107,9,dijkstra,graph,0.4506,0,,,,,,0,,,,200620,134911,2597
2056,453.65277004241943,2026-03-06T13:35:05.841720,133.68,0.0,10.01,20.03,21.26,0.0,1.0,206.96,4.5,-0.045,-0.045,STRAIGHT,1.5,1.5,"CMD,-0.0,1.50",4.0,-0.0004,2.511,-0.001,1,0.9735,0,NORMAL,46.777,-0.244,1,1,1,1,2,126.1,103,9,dijkstra,graph,0.44607,0,,,,,,0,,,,200483,133576,2665
