frame_id,timestamp,wall_clock,t_segmentation,t_detection,t_bev,t_skeleton,t_pathfinding,t_gps_fusion,t_command,t_total_pipeline,fps,heading_raw_deg,heading_smoothed_deg,command,speed_raw_mps,speed_smoothed_mps,serial_cmd,pp_lookahead_m,pp_kappa_cmd_m_inv,pp_target_x_m,pp_target_y_m,pp_valid_path,seg_iou,seg_unstable_frames,stability_mode,stab_corr_px,stab_corr_deg,has_candidate_path,has_model_path,has_control_path,has_path,num_paths,best_path_length_px,num_graph_nodes,num_graph_edges,num_detections,min_obstacle_dist_m,detection_classes,detection_distances,gps_lat,gps_lon,gps_fix_quality,gps_wp_name,gps_wp_dist_m,gps_correction_deg,sidewalk_mask_pixels,bev_mask_pixels,skeleton_pixels
0,2.3389081954956055,2026-03-05T17:37:26.598786,2036.93,0.0,5.0,10.0,0.0,0.0,0.0,2085.93,0.0,0.0,0.0,STRAIGHT,0.3,0.3,"CMD,0.0,0.30",1.2,0.0,1.2,0.0,0,1.0,0,NORMAL,0.0,0.0,0,0,0,0,0,0.0,11,5,0,,,,,,0,,,,1034145,111231,2052
1,2.425908088684082,2026-03-05T17:37:26.685786,2.0,0.0,3.0,0.0,0.0,0.0,0.0,46.0,11.36,0.0,0.0,STRAIGHT,0.3,0.3,"CMD,0.0,0.30",1.2,0.0,1.2,0.0,0,1.0,0,NORMAL,0.259,0.013,0,0,0,0,0,0.0,0,0,0,,,,,,0,,,,1036020,110031,0
2,2.4939191341400146,2026-03-05T17:37:26.753797,2.01,0.0,2.0,0.0,0.0,0.0,0.0,42.01,12.82,0.0,0.0,STRAIGHT,0.3,0.3,"CMD,0.0,0.30",1.2,0.0,1.2,0.0,0,1.0,0,NORMAL,0.215,0.029,0,0,0,0,0,0.0,0,0,0,,,,,,0,,,,1036020,109431,0
3,2.56091046333313,2026-03-05T17:37:26.820788,2.0,0.0,2.0,0.0,0.0,0.0,0.0,41.97,13.51,0.0,0.0,STRAIGHT,0.3,0.3,"CMD,0.0,0.30",1.2,0.0,1.2,0.0,0,1.0,0,NORMAL,0.472,0.047,0,0,0,0,0,0.0,0,0,0,,,,,,0,,,,1036020,108831,0
4,2.7349112033843994,2026-03-05T17:37:26.994789,91.04,0.0,6.0,10.98,0.0,0.0,0.0,148.0,10.08,0.0,0.0,STRAIGHT,0.3,0.3,"CMD,0.0,0.30",1.2,0.0,1.2,0.0,0,0.8578,0,NORMAL,0.305,0.064,0,0,0,0,0,0.0,11,5,0,,,,,,0,,,,901731,113806,2085
5,2.8079123497009277,2026-03-05T17:37:27.067790,2.0,0.0,2.0,0.0,0.0,0.0,1.0,47.0,10.64,0.0,0.0,STRAIGHT,0.3,0.3,"CMD,0.0,0.30",1.2,0.0,1.2,0.0,0,0.8578,0,NORMAL,0.783,0.098,0,0,0,0,0,0.0,0,0,0,,,,,,0,,,,903031,112662,0
6,2.873922348022461,2026-03-05T17:37:27.133800,2.01,0.0,3.0,0.0,0.0,0.0,0.0,42.01,11.19,0.0,0.0,STRAIGHT,0.3,0.3,"CMD,0.0,0.30",1.2,0.0,1.2,0.0,0,0.8578,0,NORMAL,0.899,0.112,0,0,0,0,0,0.0,0,0,0,,,,,,0,,,,903031,112056,0
7,2.9409399032592773,2026-03-05T17:37:27.200817,1.04,0.0,3.99,0.0,0.0,0.0,0.0,42.99,11.61,0.0,0.0,STRAIGHT,0.3,0.3,"CMD,0.0,0.30",1.2,0.0,1.2,0.0,0,0.8578,0,NORMAL,1.158,0.116,0,0,0,0,0,0.0,0,0,0,,,,,,0,,,,903031,111418,0
8,3.113919258117676,2026-03-05T17:37:27.373797,84.04,0.0,5.97,18.0,0.0,0.0,0.0,147.98,10.31,0.0,0.0,STRAIGHT,0.3,0.3,"CMD,0.0,0.30",1.2,0.0,1.2,0.0,0,0.9621,0,NORMAL,1.447,0.144,0,0,0,0,0,0.0,114,9,0,,,,,,0,,,,915629,130734,2975
9,3.1809163093566895,2026-03-05T17:37:27.440794,2.0,0.0,3.0,0.0,0.0,0.0,0.0,41.97,10.68,0.0,0.0,STRAIGHT,0.3,0.3,"CMD,0.0,0.30",1.2,0.0,1.2,0.0,0,0.9621,0,NORMAL,1.797,0.173,0,0,0,0,0,0.0,0,0,0,,,,,,0,,,,916930,129551,0
10,3.245915412902832,2026-03-05T17:37:27.505793,1.0,0.0,2.0,0.0,0.0,0.0,1.0,41.0,11.01,0.0,0.0,STRAIGHT,0.3,0.3,"CMD,0.0,0.30",1.2,0.0,1.2,0.0,0,0.9621,0,NORMAL,2.359,0.204,0,0,0,0,0,0.0,0,0,0,,,,,,0,,,,916930,128939,0
11,3.308915138244629,2026-03-05T17:37:27.568793,2.0,0.0,2.0,0.0,0.0,0.0,0.0,41.0,11.33,0.0,0.0,STRAIGHT,0.3,0.3,"CMD,0.0,0.30",1.2,0.0,1.2,0.0,0,0.9621,0,NORMAL,2.589,0.229,0,0,0,0,0,0.0,0,0,0,,,,,,0,,,,916930,128337,0
12,3.479949951171875,2026-03-05T17:37:27.739827,84.03,0.0,4.97,20.0,0.0,0.0,0.0,147.03,10.51,0.0,0.0,STRAIGHT,0.3,0.3,"CMD,0.0,0.30",1.2,0.0,1.2,0.0,0,0.9603,0,NORMAL,5.697,0.336,0,0,0,0,0,0.0,124,9,0,,,,,,0,,,,908506,130403,3057
13,3.5439493656158447,2026-03-05T17:37:27.803827,2.04,0.0,2.0,0.0,0.0,0.0,0.0,40.0,10.78,0.0,0.0,STRAIGHT,0.3,0.3,"CMD,0.0,0.30",1.2,0.0,1.2,0.0,0,0.9603,0,NORMAL,6.265,0.353,0,0,0,0,0,0.0,0,0,0,,,,,,0,,,,909633,129456,0
14,3.6059188842773438,2026-03-05T17:37:27.865796,1.0,0.0,3.0,0.0,0.0,0.0,0.0,38.97,11.04,0.0,0.0,STRAIGHT,0.3,0.3,"CMD,0.0,0.30",1.2,0.0,1.2,0.0,0,0.9603,0,NORMAL,6.879,0.386,0,0,0,0,0,0.0,0,0,0,,,,,,0,,,,909633,128640,0
15,3.66991925239563,2026-03-05T17:37:27.929797,2.0,0.0,3.0,0.0,0.0,0.0,0.0,40.0,11.26,0.0,0.0,STRAIGHT,0.3,0.3,"CMD,0.0,0.30",1.2,0.0,1.2,0.0,0,0.9603,0,NORMAL,7.603,0.427,0,0,0,0,0,0.0,0,0,0,,,,,,0,,,,909633,128013,0
16,3.8449547290802,2026-03-05T17:37:28.104832,84.04,0.0,5.99,19.03,1.0,0.0,1.03,151.04,10.62,0.0,0.0,STRAIGHT,0.3,0.3,"CMD,0.0,0.30",1.2,0.0,1.2,0.0,0,0.9633,0,NORMAL,8.728,0.464,0,0,0,0,0,0.0,127,8,0,,,,,,0,,,,941025,158476,3403
17,3.913954973220825,2026-03-05T17:37:28.173832,1.04,0.0,2.99,0.0,0.0,0.0,0.0,44.01,10.79,0.0,0.0,STRAIGHT,0.3,0.3,"CMD,0.0,0.30",1.2,0.0,1.2,0.0,0,0.9633,0,NORMAL,11.036,0.529,0,0,0,0,0,0.0,0,0,0,,,,,,0,,,,942773,157279,0
18,3.976921558380127,2026-03-05T17:37:28.236799,2.0,0.0,2.0,0.0,0.0,0.0,0.0,39.96,10.98,0.0,0.0,STRAIGHT,0.3,0.3,"CMD,0.0,0.30",1.2,0.0,1.2,0.0,0,0.9633,0,NORMAL,10.243,0.54,0,0,0,0,0,0.0,0,0,0,,,,,,0,,,,942773,156676,0
19,4.042958498001099,2026-03-05T17:37:28.302836,2.0,0.0,3.04,0.0,0.0,0.0,0.0,40.04,11.14,0.0,0.0,STRAIGHT,0.3,0.3,"CMD,0.0,0.30",1.2,0.0,1.2,0.0,0,0.9633,0,NORMAL,10.666,0.55,0,0,0,0,0,0.0,0,0,0,,,,,,0,,,,942773,156076,0
20,4.213956356048584,2026-03-05T17:37:28.473834,86.03,0.0,6.0,18.03,0.0,0.0,0.0,148.03,10.66,0.0,0.0,STRAIGHT,0.3,0.3,"CMD,0.0,0.30",1.2,0.0,1.2,0.0,0,0.98,0,NORMAL,10.631,0.584,0,0,0,0,0,0.0,118,9,0,,,,,,0,,,,940030,151918,3344
21,4.277924537658691,2026-03-05T17:37:28.537802,2.03,0.0,1.99,0.0,0.0,0.0,0.97,38.96,10.82,0.0,0.0,STRAIGHT,0.3,0.3,"CMD,0.0,0.30",1.2,0.0,1.2,0.0,0,0.98,0,NORMAL,11.153,0.632,0,0,0,0,0,0.0,0,0,0,,,,,,0,,,,941771,151075,0
22,4.339925289154053,2026-03-05T17:37:28.599803,1.0,0.0,3.0,0.0,0.0,0.0,0.0,39.0,10.99,0.0,0.0,STRAIGHT,0.3,0.3,"CMD,0.0,0.30",1.2,0.0,1.2,0.0,0,0.98,0,NORMAL,11.663,0.661,0,0,0,0,0,0.0,0,0,0,,,,,,0,,,,941771,150437,0
23,4.402925491333008,2026-03-05T17:37:28.662803,2.0,0.0,2.0,0.0,0.0,0.0,0.0,39.0,11.14,0.0,0.0,STRAIGHT,0.3,0.3,"CMD,0.0,0.30",1.2,0.0,1.2,0.0,0,0.98,0,NORMAL,12.125,0.674,0,0,0,0,0,0.0,0,0,0,,,,,,0,,,,941771,149519,0
24,4.569959402084351,2026-03-05T17:37:28.829837,82.01,0.0,6.0,18.03,0.0,0.0,0.0,144.03,10.75,0.0,0.0,STRAIGHT,0.3,0.3,"CMD,0.0,0.30",1.2,0.0,1.2,0.0,0,0.975,0,NORMAL,12.825,0.704,0,0,0,0,0,0.0,111,10,0,,,,,,0,,,,959309,161638,3335
25,4.633927583694458,2026-03-05T17:37:28.893805,1.97,0.0,2.0,0.0,0.0,0.0,0.0,38.97,10.89,0.0,0.0,STRAIGHT,0.3,0.3,"CMD,0.0,0.30",1.2,0.0,1.2,0.0,0,0.975,0,NORMAL,12.894,0.764,0,0,0,0,0,0.0,0,0,0,,,,,,0,,,,961257,160556,0
26,4.698928117752075,2026-03-05T17:37:28.958806,2.0,0.0,2.0,0.0,0.0,0.0,1.0,39.0,11.01,0.0,0.0,STRAIGHT,0.3,0.3,"CMD,0.0,0.30",1.2,0.0,1.2,0.0,0,0.975,0,NORMAL,14.746,0.799,0,0,0,0,0,0.0,0,0,0,,,,,,0,,,,961257,159857,0
27,4.766928672790527,2026-03-05T17:37:29.026806,0.96,0.0,3.0,0.0,0.0,0.0,0.0,45.0,11.12,0.0,0.0,STRAIGHT,0.3,0.3,"CMD,0.0,0.30",1.2,0.0,1.2,0.0,0,0.975,0,NORMAL,16.274,0.806,0,0,0,0,0,0.0,0,0,0,,,,,,0,,,,961257,159240,0
28,4.9409308433532715,2026-03-05T17:37:29.200808,84.97,0.0,6.0,17.0,1.0,0.0,0.0,147.0,10.76,0.0,0.0,STRAIGHT,0.3,0.3,"CMD,0.0,0.30",1.2,0.0,1.2,0.0,0,0.9718,0,NORMAL,17.469,0.814,0,0,0,0,0,0.0,111,8,0,,,,,,0,,,,964962,150558,3039
29,5.004930734634399,2026-03-05T17:37:29.264808,2.0,0.0,2.0,0.0,0.0,0.0,0.0,39.0,10.87,0.0,0.0,STRAIGHT,0.3,0.3,"CMD,0.0,0.30",1.2,0.0,1.2,0.0,0,0.9718,0,NORMAL,18.096,0.816,0,0,0,0,0,0.0,0,0,0,,,,,,0,,,,966820,149817,0
30,5.06793212890625,2026-03-05T17:37:29.327810,2.01,0.0,1.99,0.0,0.0,0.0,0.0,38.0,10.98,0.0,0.0,STRAIGHT,0.3,0.3,"CMD,0.0,0.30",1.2,0.0,1.2,0.0,0,0.9718,0,NORMAL,19.717,0.86,0,0,0,0,0,0.0,0,0,0,,,,,,0,,,,966820,149184,0
31,5.132932662963867,2026-03-05T17:37:29.392810,2.0,0.0,2.0,0.0,0.0,0.0,0.0,38.99,10.99,0.0,0.0,STRAIGHT,0.3,0.3,"CMD,0.0,0.30",1.2,0.0,1.2,0.0,0,0.9718,0,NORMAL,22.815,0.925,0,0,0,0,0,0.0,0,0,0,,,,,,0,,,,966820,148161,0
32,5.302940368652344,2026-03-05T17:37:29.562818,82.0,0.0,6.0,20.0,0.0,0.0,0.0,146.01,10.57,0.0,0.0,STRAIGHT,0.3,0.3,"CMD,0.0,0.30",1.2,0.0,1.2,0.0,0,0.9669,0,NORMAL,26.441,0.978,0,0,0,0,0,0.0,135,7,0,,,,,,0,,,,942731,125321,2713
33,5.365933895111084,2026-03-05T17:37:29.625811,2.0,0.0,2.0,0.0,0.0,0.0,0.0,38.96,11.02,0.0,0.0,STRAIGHT,0.3,0.3,"CMD,0.0,0.30",1.2,0.0,1.2,0.0,0,0.9669,0,NORMAL,35.482,1.188,0,0,0,0,0,0.0,0,0,0,,,,,,0,,,,944481,124711,0
34,5.430970191955566,2026-03-05T17:37:29.690848,1.04,0.0,3.0,0.0,0.0,0.0,0.0,41.04,11.06,0.0,0.0,STRAIGHT,0.3,0.3,"CMD,0.0,0.30",1.2,0.0,1.2,0.0,0,0.9669,0,NORMAL,36.864,1.2,0,0,0,0,0,0.0,0,0,0,,,,,,0,,,,944481,124074,0
35,5.4939351081848145,2026-03-05T17:37:29.753813,2.0,0.0,2.0,0.0,0.0,0.0,0.0,39.96,11.07,0.0,0.0,STRAIGHT,0.3,0.3,"CMD,0.0,0.30",1.2,0.0,1.2,0.0,0,0.9669,0,NORMAL,39.573,1.225,0,0,0,0,0,0.0,0,0,0,,,,,,0,,,,944481,122922,0
36,5.65394139289856,2026-03-05T17:37:29.913819,82.04,0.0,5.0,9.0,0.0,0.0,0.0,136.01,10.69,0.0,0.0,STRAIGHT,0.3,0.3,"CMD,0.0,0.30",1.2,0.0,1.2,0.0,0,0.9548,0,NORMAL,47.377,1.454,0,0,0,0,0,0.0,11,5,0,,,,,,0,,,,934029,101304,1917
37,5.718937158584595,2026-03-05T17:37:29.978815,2.0,0.0,2.0,0.0,0.0,0.0,0.0,40.0,11.13,0.0,0.0,STRAIGHT,0.3,0.3,"CMD,0.0,0.30",1.2,0.0,1.2,0.0,0,0.9548,0,NORMAL,51.02,1.538,0,0,0,0,0,0.0,0,0,0,,,,,,0,,,,935892,100626,0
38,5.784937381744385,2026-03-05T17:37:30.044815,2.0,0.0,3.0,0.0,0.0,0.0,0.0,42.0,11.14,0.0,0.0,STRAIGHT,0.3,0.3,"CMD,0.0,0.30",1.2,0.0,1.2,0.0,0,0.9548,0,NORMAL,53.258,1.547,0,0,0,0,0,0.0,0,0,0,,,,,,0,,,,935892,99988,0
39,5.849964141845703,2026-03-05T17:37:30.109842,2.03,0.0,3.0,0.0,0.0,0.0,0.0,42.03,11.14,0.0,0.0,STRAIGHT,0.3,0.3,"CMD,0.0,0.30",1.2,0.0,1.2,0.0,0,0.9548,0,NORMAL,55.753,1.564,0,0,0,0,0,0.0,0,0,0,,,,,,0,,,,935892,98904,0
40,6.012939929962158,2026-03-05T17:37:30.272818,84.03,0.0,5.97,9.0,0.0,0.0,0.0,137.96,10.73,0.0,0.0,STRAIGHT,0.3,0.3,"CMD,0.0,0.30",1.2,0.0,1.2,0.0,0,0.9818,0,NORMAL,62.873,1.725,0,0,0,0,0,0.0,14,6,0,,,,,,0,,,,942872,102026,2046
41,6.076975107192993,2026-03-05T17:37:30.336853,2.03,0.0,2.0,0.0,0.0,0.0,0.0,40.04,11.17,0.0,0.0,STRAIGHT,0.3,0.3,"CMD,0.0,0.30",1.2,0.0,1.2,0.0,0,0.9818,0,NORMAL,64.268,1.7,0,0,0,0,0,0.0,0,0,0,,,,,,0,,,,944410,101348,0
42,6.139974117279053,2026-03-05T17:37:30.399852,1.04,0.0,3.0,0.0,0.0,0.0,0.0,39.0,11.17,0.0,0.0,STRAIGHT,0.3,0.3,"CMD,0.0,0.30",1.2,0.0,1.2,0.0,0,0.9818,0,NORMAL,64.058,1.673,0,0,0,0,0,0.0,0,0,0,,,,,,0,,,,944410,100250,0
43,6.202941656112671,2026-03-05T17:37:30.462819,2.0,0.0,2.0,0.0,0.0,0.0,0.0,40.0,11.17,0.0,0.0,STRAIGHT,0.3,0.3,"CMD,0.0,0.30",1.2,0.0,1.2,0.0,0,0.9818,0,NORMAL,64.53,1.656,0,0,0,0,0,0.0,0,0,0,,,,,,0,,,,944410,99646,0
44,6.36494255065918,2026-03-05T17:37:30.624820,83.0,0.0,4.97,10.0,0.0,0.0,0.0,139.0,10.76,0.0,0.0,STRAIGHT,0.3,0.3,"CMD,0.0,0.30",1.2,0.0,1.2,0.0,0,0.9759,0,NORMAL,65.33,1.627,0,0,0,0,0,0.0,24,7,0,,,,,,0,,,,954542,107479,2298
45,6.428944826126099,2026-03-05T17:37:30.688822,1.03,0.0,2.97,0.0,0.0,0.0,0.0,40.0,11.22,0.0,0.0,STRAIGHT,0.3,0.3,"CMD,0.0,0.30",1.2,0.0,1.2,0.0,0,0.9759,0,NORMAL,67.486,1.709,0,0,0,0,0,0.0,0,0,0,,,,,,0,,,,956469,106690,0
46,6.491943836212158,2026-03-05T17:37:30.751821,2.0,0.0,2.0,0.0,0.0,0.0,0.0,38.96,11.25,0.0,0.0,STRAIGHT,0.3,0.3,"CMD,0.0,0.30",1.2,0.0,1.2,0.0,0,0.9759,0,NORMAL,68.23,1.684,0,0,0,0,0,0.0,0,0,0,,,,,,0,,,,956469,105712,0
47,6.554978370666504,2026-03-05T17:37:30.814856,2.05,0.0,1.95,0.0,0.0,0.0,0.0,38.0,11.25,0.0,0.0,STRAIGHT,0.3,0.3,"CMD,0.0,0.30",1.2,0.0,1.2,0.0,0,0.9759,0,NORMAL,68.882,1.646,0,0,0,0,0,0.0,0,0,0,,,,,,0,,,,956469,105079,0
48,6.7219483852386475,2026-03-05T17:37:30.981826,83.04,0.0,4.96,18.0,0.0,0.0,0.0,143.97,10.82,0.0,0.0,STRAIGHT,0.3,0.3,"CMD,0.0,0.30",1.2,0.0,1.2,0.0,0,0.9692,0,NORMAL,69.366,1.606,0,0,0,0,0,0.0,125,6,0,,,,,,0,,,,971885,125806,2623
49,6.7859578132629395,2026-03-05T17:37:31.045835,2.01,0.0,3.0,0.0,0.0,0.0,0.0,39.01,11.28,0.0,0.0,STRAIGHT,0.3,0.3,"CMD,0.0,0.30",1.2,0.0,1.2,0.0,0,0.9692,0,NORMAL,70.468,1.588,0,0,0,0,0,0.0,0,0,0,,,,,,0,,,,973333,125208,0
50,6.855947256088257,2026-03-05T17:37:31.115825,2.0,0.0,2.0,0.0,0.0,0.0,1.0,41.99,11.25,0.0,0.0,STRAIGHT,0.3,0.3,"CMD,0.0,0.30",1.2,0.0,1.2,0.0,0,0.9692,0,NORMAL,70.711,1.548,0,0,0,0,0,0.0,0,0,0,,,,,,0,,,,973333,124035,0
51,6.921947956085205,2026-03-05T17:37:31.181825,2.0,0.0,2.0,0.0,0.0,0.0,0.0,41.0,11.24,0.0,0.0,STRAIGHT,0.3,0.3,"CMD,0.0,0.30",1.2,0.0,1.2,0.0,0,0.9692,0,NORMAL,70.711,1.509,0,0,0,0,0,0.0,0,0,0,,,,,,0,,,,973333,123406,0
52,7.089949131011963,2026-03-05T17:37:31.349827,83.03,0.0,4.97,17.0,0.0,0.0,0.0,144.0,10.79,0.0,0.0,STRAIGHT,0.3,0.3,"CMD,0.0,0.30",1.2,0.0,1.2,0.0,0,0.9794,0,NORMAL,70.711,1.475,0,0,0,0,0,0.0,116,6,0,,,,,,0,,,,976417,131331,2469
53,7.155949354171753,2026-03-05T17:37:31.415827,1.96,0.0,2.0,0.0,0.0,0.0,0.0,40.0,11.21,0.0,0.0,STRAIGHT,0.3,0.3,"CMD,0.0,0.30",1.2,0.0,1.2,0.0,0,0.9794,0,NORMAL,70.711,1.445,0,0,0,0,0,0.0,0,0,0,,,,,,0,,,,977926,130732,0
54,7.220987558364868,2026-03-05T17:37:31.480865,2.0,0.0,3.03,0.0,0.0,0.0,0.0,41.04,11.21,0.0,0.0,STRAIGHT,0.3,0.3,"CMD,0.0,0.30",1.2,0.0,1.2,0.0,0,0.9794,0,NORMAL,70.711,1.418,0,0,0,0,0,0.0,0,0,0,,,,,,0,,,,977926,129603,0
55,7.284950494766235,2026-03-05T17:37:31.544828,1.0,0.0,3.0,0.0,0.0,0.0,0.0,40.0,11.21,0.0,0.0,STRAIGHT,0.3,0.3,"CMD,0.0,0.30",1.2,0.0,1.2,0.0,0,0.9794,0,NORMAL,70.711,1.385,0,0,0,0,0,0.0,0,0,0,,,,,,0,,,,977926,128939,0
56,7.4549877643585205,2026-03-05T17:37:31.714865,83.0,0.0,6.0,19.03,0.0,0.0,0.0,145.04,10.79,0.0,0.0,STRAIGHT,0.3,0.3,"CMD,0.0,0.30",1.2,0.0,1.2,0.0,0,0.9301,0,NORMAL,70.711,1.351,0,0,0,0,0,0.0,139,11,0,,,,,,0,,,,1039604,155411,3090
57,7.52095365524292,2026-03-05T17:37:31.780831,2.0,0.0,2.0,0.0,0.0,0.0,1.0,41.0,11.24,0.0,0.0,STRAIGHT,0.3,0.3,"CMD,0.0,0.30",1.2,0.0,1.2,0.0,0,0.9301,0,NORMAL,70.711,1.327,0,0,0,0,0,0.0,0,0,0,,,,,,0,,,,1042323,154813,0
58,7.589953184127808,2026-03-05T17:37:31.849831,1.0,0.0,3.0,0.0,0.0,0.0,0.0,39.0,11.22,0.0,0.0,STRAIGHT,0.3,0.3,"CMD,0.0,0.30",1.2,0.0,1.2,0.0,0,0.9301,0,NORMAL,70.711,1.3,0,0,0,0,0,0.0,0,0,0,,,,,,0,,,,1042323,153576,0
59,7.659953594207764,2026-03-05T17:37:31.919831,1.99,0.0,2.0,0.0,0.0,0.0,0.0,40.0,11.18,0.0,0.0,STRAIGHT,0.3,0.3,"CMD,0.0,0.30",1.2,0.0,1.2,0.0,0,0.9301,0,NORMAL,70.711,1.268,0,0,0,0,0,0.0,0,0,0,,,,,,0,,,,1042323,153013,0
60,7.838955402374268,2026-03-05T17:37:32.098833,87.0,0.0,6.0,17.0,0.0,0.0,0.0,149.0,10.71,0.0,0.0,STRAIGHT,0.3,0.3,"CMD,0.0,0.30",1.2,0.0,1.2,0.0,0,0.9503,0,NORMAL,70.711,1.238,0,0,0,0,0,0.0,113,9,0,,,,,,0,,,,1041610,136197,2885
61,7.9139564037323,2026-03-05T17:37:32.173834,1.0,0.0,3.0,0.0,0.0,0.0,0.0,43.0,11.11,0.0,0.0,STRAIGHT,0.3,0.3,"CMD,0.0,0.30",1.2,0.0,1.2,0.0,0,0.9503,0,NORMAL,70.711,1.216,0,0,0,0,0,0.0,0,0,0,,,,,,0,,,,1044721,135635,0
62,7.984966039657593,2026-03-05T17:37:32.244844,2.01,0.0,2.0,0.0,0.0,0.0,0.0,41.01,11.07,0.0,0.0,STRAIGHT,0.3,0.3,"CMD,0.0,0.30",1.2,0.0,1.2,0.0,0,0.9503,0,NORMAL,70.711,1.192,0,0,0,0,0,0.0,0,0,0,,,,,,0,,,,1044721,135003,0
63,8.05596661567688,2026-03-05T17:37:32.315844,2.0,0.0,3.01,0.0,0.0,0.0,0.0,41.01,11.05,0.0,0.0,STRAIGHT,0.3,0.3,"CMD,0.0,0.30",1.2,0.0,1.2,0.0,0,0.9503,0,NORMAL,70.711,1.144,0,0,0,0,0,0.0,0,0,0,,,,,,0,,,,1044721,133864,0
64,8.229997634887695,2026-03-05T17:37:32.489875,85.0,0.0,5.0,15.03,0.0,0.0,0.0,144.04,10.6,0.0,0.0,STRAIGHT,0.3,0.3,"CMD,0.0,0.30",1.2,0.0,1.2,0.0,0,0.9613,0,NORMAL,70.711,1.094,0,0,0,0,0,0.0,86,6,0,,,,,,0,,,,1044535,132108,2255
65,8.299962282180786,2026-03-05T17:37:32.559840,2.0,0.0,2.0,0.0,0.0,0.0,0.0,38.0,10.96,0.0,0.0,STRAIGHT,0.3,0.3,"CMD,0.0,0.30",1.2,0.0,1.2,0.0,0,0.9613,0,NORMAL,70.711,1.04,0,0,0,0,0,0.0,0,0,0,,,,,,0,,,,1047494,131531,0
66,8.368993997573853,2026-03-05T17:37:32.628871,1.03,0.0,2.01,0.0,0.0,0.0,0.99,39.03,10.94,0.0,0.0,STRAIGHT,0.3,0.3,"CMD,0.0,0.30",1.2,0.0,1.2,0.0,0,0.9613,0,NORMAL,70.711,1.006,0,0,0,0,0,0.0,0,0,0,,,,,,0,,,,1047494,130612,0
67,8.436994552612305,2026-03-05T17:37:32.696872,2.03,0.0,2.0,0.0,0.0,0.0,0.0,39.0,10.94,0.0,0.0,STRAIGHT,0.3,0.3,"CMD,0.0,0.30",1.2,0.0,1.2,0.0,0,0.9613,0,NORMAL,70.711,0.999,0,0,0,0,0,0.0,0,0,0,,,,,,0,,,,1047494,129783,0
68,8.598962545394897,2026-03-05T17:37:32.858840,82.03,0.0,5.97,7.0,1.0,0.0,0.0,132.97,10.55,0.0,0.0,STRAIGHT,0.3,0.3,"CMD,0.0,0.30",1.2,0.0,1.2,0.0,0,0.9263,0,NORMAL,70.711,0.977,0,0,0,0,0,0.0,13,5,0,,,,,,0,,,,974837,101146,1823
69,8.662962675094604,2026-03-05T17:37:32.922840,2.0,0.0,2.0,0.0,0.0,0.0,0.0,39.0,10.94,0.0,0.0,STRAIGHT,0.3,0.3,"CMD,0.0,0.30",1.2,0.0,1.2,0.0,0,0.9263,0,NORMAL,70.711,0.95,0,0,0,0,0,0.0,0,0,0,,,,,,0,,,,976917,100608,0
70,8.725964069366455,2026-03-05T17:37:32.985841,1.0,0.0,2.0,0.0,0.0,0.0,0.0,39.0,10.95,0.0,0.0,STRAIGHT,0.3,0.3,"CMD,0.0,0.30",1.2,0.0,1.2,0.0,0,0.9263,0,NORMAL,70.506,0.923,0,0,0,0,0,0.0,0,0,0,,,,,,0,,,,976917,99991,0
71,8.790971040725708,2026-03-05T17:37:33.050849,2.0,0.0,2.0,0.0,0.0,0.0,0.0,41.01,10.94,0.0,0.0,STRAIGHT,0.3,0.3,"CMD,0.0,0.30",1.2,0.0,1.2,0.0,0,0.9263,0,NORMAL,70.215,0.907,0,0,0,0,0,0.0,0,0,0,,,,,,0,,,,976917,98933,0
72,8.954965829849243,2026-03-05T17:37:33.214843,85.0,0.0,6.0,8.0,0.0,0.0,0.0,139.97,10.54,0.0,0.0,STRAIGHT,0.3,0.3,"CMD,0.0,0.30",1.2,0.0,1.2,0.0,0,0.887,0,NORMAL,69.957,0.886,0,0,0,0,0,0.0,32,7,0,,,,,,0,,,,867046,66973,1831
73,9.018965721130371,2026-03-05T17:37:33.278843,0.99,0.0,3.0,0.0,0.0,0.0,0.0,40.0,10.93,0.0,0.0,STRAIGHT,0.3,0.3,"CMD,0.0,0.30",1.2,0.0,1.2,0.0,0,0.887,0,NORMAL,69.741,0.865,0,0,0,0,0,0.0,0,0,0,,,,,,0,,,,867936,66405,0
74,9.079972267150879,2026-03-05T17:37:33.339850,2.01,0.0,2.0,0.0,0.0,0.0,0.0,39.01,10.94,0.0,0.0,STRAIGHT,0.3,0.3,"CMD,0.0,0.30",1.2,0.0,1.2,0.0,0,0.887,0,NORMAL,69.82,0.845,0,0,0,0,0,0.0,0,0,0,,,,,,0,,,,867936,65839,0
75,9.140001773834229,2026-03-05T17:37:33.399879,2.03,0.0,2.0,0.0,0.0,0.0,0.0,38.03,10.95,0.0,0.0,STRAIGHT,0.3,0.3,"CMD,0.0,0.30",1.2,0.0,1.2,0.0,0,0.887,0,NORMAL,70.0,0.828,0,0,0,0,0,0.0,0,0,0,,,,,,0,,,,867936,64777,0
76,9.29796838760376,2026-03-05T17:37:33.557846,82.0,0.0,5.0,9.0,0.0,0.0,0.0,135.0,10.57,0.0,0.0,STRAIGHT,0.3,0.3,"CMD,0.0,0.30",1.2,0.0,1.2,0.0,0,0.9436,0,NORMAL,70.471,0.81,0,0,0,0,0,0.0,35,5,0,,,,,,0,,,,825705,63680,1728
77,9.35896921157837,2026-03-05T17:37:33.618847,2.0,0.0,2.0,0.0,0.0,0.0,0.0,38.0,11.0,0.0,0.0,STRAIGHT,0.3,0.3,"CMD,0.0,0.30",1.2,0.0,1.2,0.0,0,0.9436,0,NORMAL,70.711,0.781,0,0,0,0,0,0.0,0,0,0,,,,,,0,,,,826348,63128,0
78,9.421984672546387,2026-03-05T17:37:33.681862,1.04,0.0,2.98,0.0,0.0,0.0,0.0,41.02,11.0,0.0,0.0,STRAIGHT,0.3,0.3,"CMD,0.0,0.30",1.2,0.0,1.2,0.0,0,0.9436,0,NORMAL,70.329,0.74,0,0,0,0,0,0.0,0,0,0,,,,,,0,,,,826348,62166,0
79,9.483997583389282,2026-03-05T17:37:33.743875,2.03,0.0,3.0,0.0,0.0,0.0,0.0,40.02,11.03,0.0,0.0,STRAIGHT,0.3,0.3,"CMD,0.0,0.30",1.2,0.0,1.2,0.0,0,0.9436,0,NORMAL,70.116,0.722,0,0,0,0,0,0.0,0,0,0,,,,,,0,,,,826348,61524,0
80,9.64100980758667,2026-03-05T17:37:33.900887,84.0,0.0,6.0,7.0,1.0,0.0,0.0,135.0,10.66,0.0,0.0,STRAIGHT,0.3,0.3,"CMD,0.0,0.30",1.2,0.0,1.2,0.0,0,0.9267,0,NORMAL,70.294,0.706,0,0,0,0,0,0.0,30,6,0,,,,,,0,,,,836098,73337,1694
81,9.703972101211548,2026-03-05T17:37:33.963850,2.04,0.0,2.96,0.0,0.0,0.0,0.0,41.0,11.09,0.0,0.0,STRAIGHT,0.3,0.3,"CMD,0.0,0.30",1.2,0.0,1.2,0.0,0,0.9267,0,NORMAL,69.736,0.678,0,0,0,0,0,0.0,0,0,0,,,,,,0,,,,836931,72661,0
82,9.764972686767578,2026-03-05T17:37:34.024850,1.0,0.0,3.0,0.0,0.0,0.0,0.0,38.96,11.12,0.0,0.0,STRAIGHT,0.3,0.3,"CMD,0.0,0.30",1.2,0.0,1.2,0.0,0,0.9267,0,NORMAL,69.191,0.653,0,0,0,0,0,0.0,0,0,0,,,,,,0,,,,836931,71781,0
83,9.827979326248169,2026-03-05T17:37:34.087857,2.0,0.0,2.0,0.0,0.0,0.0,0.0,39.01,11.13,0.0,0.0,STRAIGHT,0.3,0.3,"CMD,0.0,0.30",1.2,0.0,1.2,0.0,0,0.9267,0,NORMAL,68.566,0.636,0,0,0,0,0,0.0,0,0,0,,,,,,0,,,,836931,71238,0
84,9.995007038116455,2026-03-05T17:37:34.254884,87.0,0.0,5.0,6.03,0.0,0.0,0.0,145.0,10.7,0.0,0.0,STRAIGHT,0.3,0.3,"CMD,0.0,0.30",1.2,0.0,1.2,0.0,0,0.9613,0,NORMAL,67.625,0.614,0,0,0,0,0,0.0,14,6,0,,,,,,0,,,,812427,64919,1681
85,10.059975385665894,2026-03-05T17:37:34.319853,3.04,0.0,1.96,0.0,0.0,0.0,1.0,42.0,11.13,0.0,0.0,STRAIGHT,0.3,0.3,"CMD,0.0,0.30",1.2,0.0,1.2,0.0,0,0.9613,0,NORMAL,66.709,0.608,0,0,0,0,0,0.0,0,0,0,,,,,,0,,,,813096,64316,0
86,10.120980978012085,2026-03-05T17:37:34.380858,2.01,0.0,1.99,0.0,0.0,0.0,1.01,40.0,11.15,0.0,0.0,STRAIGHT,0.3,0.3,"CMD,0.0,0.30",1.2,0.0,1.2,0.0,0,0.9613,0,NORMAL,65.57,0.601,0,0,0,0,0,0.0,0,0,0,,,,,,0,,,,813096,63682,0
87,10.182976961135864,2026-03-05T17:37:34.442854,2.0,0.0,2.04,0.0,0.0,0.0,0.0,39.04,11.19,0.0,0.0,STRAIGHT,0.3,0.3,"CMD,0.0,0.30",1.2,0.0,1.2,0.0,0,0.9613,0,NORMAL,64.423,0.593,0,0,0,0,0,0.0,0,0,0,,,,,,0,,,,813096,62858,0
88,10.337977647781372,2026-03-05T17:37:34.597855,82.03,0.0,4.97,7.0,1.0,0.0,0.0,133.97,10.83,0.0,0.0,STRAIGHT,0.3,0.3,"CMD,0.0,0.30",1.2,0.0,1.2,0.0,0,0.9334,0,NORMAL,63.034,0.581,0,0,0,0,0,0.0,38,8,0,,,,,,0,,,,762103,52168,1736
89,10.399012565612793,2026-03-05T17:37:34.658890,2.03,0.0,2.0,0.0,0.0,0.0,0.0,39.04,11.33,0.0,0.0,STRAIGHT,0.3,0.3,"CMD,0.0,0.30",1.2,0.0,1.2,0.0,0,0.9334,0,NORMAL,61.975,0.584,0,0,0,0,0,0.0,0,0,0,,,,,,0,,,,762308,51669,0
90,10.460012197494507,2026-03-05T17:37:34.719890,2.03,0.0,2.0,0.0,0.0,0.0,0.0,40.0,11.39,0.0,0.0,STRAIGHT,0.3,0.3,"CMD,0.0,0.30",1.2,0.0,1.2,0.0,0,0.9334,0,NORMAL,60.406,0.573,0,0,0,0,0,0.0,0,0,0,,,,,,0,,,,762308,51094,0
91,10.520010948181152,2026-03-05T17:37:34.779888,2.03,0.0,2.0,0.0,0.0,0.0,0.0,39.03,11.44,0.0,0.0,STRAIGHT,0.3,0.3,"CMD,0.0,0.30",1.2,0.0,1.2,0.0,0,0.9334,0,NORMAL,58.497,0.57,0,0,0,0,0,0.0,0,0,0,,,,,,0,,,,762308,50542,0
92,10.67698073387146,2026-03-05T17:37:34.936858,85.0,0.0,5.03,8.0,0.0,0.0,0.0,135.97,11.06,0.0,0.0,STRAIGHT,0.3,0.3,"CMD,0.0,0.30",1.2,0.0,1.2,0.0,0,0.9421,0,NORMAL,56.81,0.574,0,0,0,0,0,0.0,33,4,0,,,,,,0,,,,788659,63038,1447
93,10.74698281288147,2026-03-05T17:37:35.006860,2.01,0.0,2.99,0.0,0.0,0.0,0.0,44.0,11.53,0.0,0.0,STRAIGHT,0.3,0.3,"CMD,0.0,0.30",1.2,0.0,1.2,0.0,0,0.9421,0,NORMAL,56.634,0.582,0,0,0,0,0,0.0,0,0,0,,,,,,0,,,,788808,62544,0
94,10.81198263168335,2026-03-05T17:37:35.071860,2.0,0.0,3.0,0.0,0.0,0.0,0.0,43.0,11.54,0.0,0.0,STRAIGHT,0.3,0.3,"CMD,0.0,0.30",1.2,0.0,1.2,0.0,0,0.9421,0,NORMAL,56.051,0.588,0,0,0,0,0,0.0,0,0,0,,,,,,0,,,,788808,61547,0
95,10.888985633850098,2026-03-05T17:37:35.148863,3.04,0.0,3.97,0.0,0.0,0.0,0.0,53.0,11.51,0.0,0.0,STRAIGHT,0.3,0.3,"CMD,0.0,0.30",1.2,0.0,1.2,0.0,0,0.9421,0,NORMAL,55.098,0.591,0,0,0,0,0,0.0,0,0,0,,,,,,0,,,,788808,61050,0
96,11.065984964370728,2026-03-05T17:37:35.325863,87.0,0.0,6.0,12.0,0.0,0.0,0.0,151.0,11.03,0.0,0.0,STRAIGHT,0.3,0.3,"CMD,0.0,0.30",1.2,0.0,1.2,0.0,0,0.9731,0,NORMAL,54.255,0.589,0,0,0,0,0,0.0,64,3,0,,,,,,0,,,,782106,62167,1455
97,11.136018514633179,2026-03-05T17:37:35.395896,2.04,0.0,2.99,0.0,0.0,0.0,0.0,43.74,11.43,0.0,0.0,STRAIGHT,0.3,0.3,"CMD,0.0,0.30",1.2,0.0,1.2,0.0,0,0.9731,0,NORMAL,53.587,0.584,0,0,0,0,0,0.0,0,0,0,,,,,,0,,,,782234,61688,0
98,11.202986478805542,2026-03-05T17:37:35.462864,1.99,0.0,2.0,0.0,0.0,0.0,0.0,41.0,11.42,0.0,0.0,STRAIGHT,0.3,0.3,"CMD,0.0,0.30",1.2,0.0,1.2,0.0,0,0.9731,0,NORMAL,52.607,0.565,0,0,0,0,0,0.0,0,0,0,,,,,,0,,,,782234,60706,0
99,11.264988422393799,2026-03-05T17:37:35.524866,1.0,0.0,3.0,0.0,0.0,0.0,0.0,40.0,11.42,0.0,0.0,STRAIGHT,0.3,0.3,"CMD,0.0,0.30",1.2,0.0,1.2,0.0,0,0.9731,0,NORMAL,51.503,0.559,0,0,0,0,0,0.0,0,0,0,,,,,,0,,,,782234,60196,0
100,11.421021938323975,2026-03-05T17:37:35.680899,84.0,0.0,5.0,5.03,0.0,0.0,0.0,132.99,11.03,0.0,0.0,STRAIGHT,0.3,0.3,"CMD,0.0,0.30",1.2,0.0,1.2,0.0,0,0.9089,0,NORMAL,50.787,0.566,0,0,0,0,0,0.0,9,4,0,,,,,,0,,,,710963,45794,1248
101,11.489991903305054,2026-03-05T17:37:35.749869,2.0,0.0,3.0,0.0,0.0,0.0,0.0,45.0,11.44,0.0,0.0,STRAIGHT,0.3,0.3,"CMD,0.0,0.30",1.2,0.0,1.2,0.0,0,0.9089,0,NORMAL,50.092,0.568,0,0,0,0,0,0.0,0,0,0,,,,,,0,,,,710965,45301,0
102,11.554989099502563,2026-03-05T17:37:35.814867,2.0,0.0,3.0,0.0,0.0,0.0,0.0,43.0,11.44,0.0,0.0,STRAIGHT,0.3,0.3,"CMD,0.0,0.30",1.2,0.0,1.2,0.0,0,0.9089,0,NORMAL,49.602,0.569,0,0,0,0,0,0.0,0,0,0,,,,,,0,,,,710965,44750,0
103,11.629990339279175,2026-03-05T17:37:35.889868,1.0,0.0,3.0,0.0,0.0,0.0,0.0,49.0,11.37,0.0,0.0,STRAIGHT,0.3,0.3,"CMD,0.0,0.30",1.2,0.0,1.2,0.0,0,0.9089,0,NORMAL,48.682,0.563,0,0,0,0,0,0.0,0,0,0,,,,,,0,,,,710965,44195,0
104,11.79299020767212,2026-03-05T17:37:36.052868,86.0,0.0,5.0,6.0,0.0,0.0,0.0,140.0,10.93,0.0,0.0,STRAIGHT,0.3,0.3,"CMD,0.0,0.30",1.2,0.0,1.2,0.0,0,0.9572,0,NORMAL,48.052,0.567,0,0,0,0,0,0.0,9,4,0,,,,,,0,,,,728524,46364,1242
105,11.856992244720459,2026-03-05T17:37:36.116870,0.99,0.0,3.0,0.0,0.0,0.0,0.0,41.0,11.34,0.0,0.0,STRAIGHT,0.3,0.3,"CMD,0.0,0.30",1.2,0.0,1.2,0.0,0,0.9572,0,NORMAL,47.166,0.566,0,0,0,0,0,0.0,0,0,0,,,,,,0,,,,728597,45869,0
106,11.92099142074585,2026-03-05T17:37:36.180869,2.0,0.0,3.0,0.0,0.0,0.0,0.0,43.0,11.31,0.0,0.0,STRAIGHT,0.3,0.3,"CMD,0.0,0.30",1.2,0.0,1.2,0.0,0,0.9572,0,NORMAL,46.533,0.561,0,0,0,0,0,0.0,0,0,0,,,,,,0,,,,728597,44981,0
107,11.986998558044434,2026-03-05T17:37:36.246876,1.01,0.0,3.0,0.0,0.0,0.0,0.0,42.01,11.31,0.0,0.0,STRAIGHT,0.3,0.3,"CMD,0.0,0.30",1.2,0.0,1.2,0.0,0,0.9572,0,NORMAL,45.408,0.541,0,0,0,0,0,0.0,0,0,0,,,,,,0,,,,728597,44399,0
108,12.14599347114563,2026-03-05T17:37:36.405871,86.0,0.0,5.0,8.0,0.0,0.0,0.0,138.96,10.89,0.0,0.0,STRAIGHT,0.3,0.3,"CMD,0.0,0.30",1.2,0.0,1.2,0.0,0,0.9721,0,NORMAL,44.615,0.545,0,0,0,0,0,0.0,32,5,0,,,,,,0,,,,725808,44040,1339
109,12.208994388580322,2026-03-05T17:37:36.468872,2.0,0.0,3.0,0.0,0.0,0.0,0.0,41.0,11.29,0.0,0.0,STRAIGHT,0.3,0.3,"CMD,0.0,0.30",1.2,0.0,1.2,0.0,0,0.9721,0,NORMAL,43.948,0.562,0,0,0,0,0,0.0,0,0,0,,,,,,0,,,,725855,43544,0
110,12.271000862121582,2026-03-05T17:37:36.530878,2.01,0.0,2.0,0.0,0.0,0.0,0.0,40.01,11.3,0.0,0.0,STRAIGHT,0.3,0.3,"CMD,0.0,0.30",1.2,0.0,1.2,0.0,0,0.9721,0,NORMAL,45.445,0.554,0,0,0,0,0,0.0,0,0,0,,,,,,0,,,,725855,42611,0
111,12.332995414733887,2026-03-05T17:37:36.592873,1.0,0.0,3.0,0.0,0.0,0.0,0.0,40.99,11.29,0.0,0.0,STRAIGHT,0.3,0.3,"CMD,0.0,0.30",1.2,0.0,1.2,0.0,0,0.9721,0,NORMAL,45.514,0.549,0,0,0,0,0,0.0,0,0,0,,,,,,0,,,,725855,42058,0
112,12.487032890319824,2026-03-05T17:37:36.746910,85.0,0.0,5.03,5.0,0.0,0.0,0.0,134.04,10.9,0.0,0.0,STRAIGHT,0.3,0.3,"CMD,0.0,0.30",1.2,0.0,1.2,0.0,0,0.93,0,NORMAL,45.37,0.529,0,0,0,0,0,0.0,13,4,0,,,,,,0,,,,678640,35767,1146
113,12.547030210494995,2026-03-05T17:37:36.806908,2.03,0.0,2.0,0.0,0.0,0.0,0.0,39.0,11.36,0.0,0.0,STRAIGHT,0.3,0.3,"CMD,0.0,0.30",1.2,0.0,1.2,0.0,0,0.93,0,NORMAL,45.389,0.512,0,0,0,0,0,0.0,0,0,0,,,,,,0,,,,678644,35275,0
114,12.60799765586853,2026-03-05T17:37:36.867875,2.0,0.0,3.0,0.0,0.0,0.0,0.0,39.96,11.38,0.0,0.0,STRAIGHT,0.3,0.3,"CMD,0.0,0.30",1.2,0.0,1.2,0.0,0,0.93,0,NORMAL,44.881,0.494,0,0,0,0,0,0.0,0,0,0,,,,,,0,,,,678644,34706,0
115,12.668031930923462,2026-03-05T17:37:36.927910,1.39,0.0,2.64,0.0,0.0,0.0,0.0,40.04,11.39,0.0,0.0,STRAIGHT,0.3,0.3,"CMD,0.0,0.30",1.2,0.0,1.2,0.0,0,0.93,0,NORMAL,44.643,0.483,0,0,0,0,0,0.0,0,0,0,,,,,,0,,,,678644,33992,0
116,12.82099962234497,2026-03-05T17:37:37.080877,85.04,0.0,4.97,4.0,0.0,0.0,0.0,132.0,10.99,0.0,0.0,STRAIGHT,0.3,0.3,"CMD,0.0,0.30",1.2,0.0,1.2,0.0,0,0.9178,0,NORMAL,43.778,0.47,0,0,0,0,0,0.0,4,2,0,,,,,,0,,,,633212,26075,1008
117,12.883999824523926,2026-03-05T17:37:37.143877,2.0,0.0,2.0,0.0,0.0,0.0,0.0,41.0,11.39,0.0,0.0,STRAIGHT,0.3,0.3,"CMD,0.0,0.30",1.2,0.0,1.2,0.0,0,0.9178,0,NORMAL,43.264,0.46,0,0,0,0,0,0.0,0,0,0,,,,,,0,,,,633214,25593,0
118,12.948000431060791,2026-03-05T17:37:37.207878,2.0,0.0,3.0,0.0,0.0,0.0,0.0,43.96,11.38,0.0,0.0,STRAIGHT,0.3,0.3,"CMD,0.0,0.30",1.2,0.0,1.2,0.0,0,0.9178,0,NORMAL,42.36,0.45,0,0,0,0,0,0.0,0,0,0,,,,,,0,,,,633214,25008,0
119,13.010001182556152,2026-03-05T17:37:37.269879,2.0,0.0,3.0,0.0,0.0,0.0,0.0,41.0,11.37,0.0,0.0,STRAIGHT,0.3,0.3,"CMD,0.0,0.30",1.2,0.0,1.2,0.0,0,0.9178,0,NORMAL,42.046,0.436,0,0,0,0,0,0.0,0,0,0,,,,,,0,,,,633214,24501,0
120,13.172003269195557,2026-03-05T17:37:37.431881,87.0,0.0,7.01,6.0,1.0,0.0,0.0,142.0,10.94,0.0,0.0,STRAIGHT,0.3,0.3,"CMD,0.0,0.30",1.2,0.0,1.2,0.0,0,0.9344,0,NORMAL,41.831,0.431,0,0,0,0,0,0.0,15,4,0,,,,,,0,,,,619667,25651,1115
121,13.239010334014893,2026-03-05T17:37:37.498888,2.03,0.0,2.97,0.0,0.0,0.0,0.0,44.01,11.32,0.0,0.0,STRAIGHT,0.3,0.3,"CMD,0.0,0.30",1.2,0.0,1.2,0.0,0,0.9344,0,NORMAL,41.853,0.428,0,0,0,0,0,0.0,0,0,0,,,,,,0,,,,619667,25174,0
122,13.317007064819336,2026-03-05T17:37:37.576885,2.0,0.0,4.0,0.0,0.0,0.0,0.0,55.0,11.28,0.0,0.0,STRAIGHT,0.3,0.3,"CMD,0.0,0.30",1.2,0.0,1.2,0.0,0,0.9344,0,NORMAL,41.943,0.415,0,0,0,0,0,0.0,0,0,0,,,,,,0,,,,619667,24256,0
123,13.386005163192749,2026-03-05T17:37:37.645883,2.0,0.0,3.0,0.0,0.0,0.0,0.0,45.0,11.27,0.0,0.0,STRAIGHT,0.3,0.3,"CMD,0.0,0.30",1.2,0.0,1.2,0.0,0,0.9344,0,NORMAL,42.473,0.411,0,0,0,0,0,0.0,0,0,0,,,,,,0,,,,619667,23743,0
124,13.567022800445557,2026-03-05T17:37:37.826900,92.0,0.0,5.01,8.0,0.0,0.0,1.01,158.02,10.83,0.0,0.0,STRAIGHT,0.3,0.3,"CMD,0.0,0.30",1.2,0.0,1.2,0.0,0,0.9387,0,NORMAL,42.854,0.404,0,0,0,0,0,0.0,42,7,0,,,,,,0,,,,648580,28498,1372
125,13.631006956100464,2026-03-05T17:37:37.890884,2.0,0.0,2.0,0.0,0.0,0.0,0.0,41.0,11.31,0.0,0.0,STRAIGHT,0.3,0.3,"CMD,0.0,0.30",1.2,0.0,1.2,0.0,0,0.9387,0,NORMAL,43.14,0.399,0,0,0,0,0,0.0,0,0,0,,,,,,0,,,,648581,28009,0
126,13.696053743362427,2026-03-05T17:37:37.955931,2.03,0.0,2.01,0.0,0.0,0.0,0.0,43.05,11.33,0.0,0.0,STRAIGHT,0.3,0.3,"CMD,0.0,0.30",1.2,0.0,1.2,0.0,0,0.9387,0,NORMAL,43.275,0.409,0,0,0,0,0,0.0,0,0,0,,,,,,0,,,,648581,27029,0
127,13.759008884429932,2026-03-05T17:37:38.018886,2.0,0.0,2.0,0.0,0.0,0.0,0.0,42.0,11.34,0.0,0.0,STRAIGHT,0.3,0.3,"CMD,0.0,0.30",1.2,0.0,1.2,0.0,0,0.9387,0,NORMAL,43.52,0.422,0,0,0,0,0,0.0,0,0,0,,,,,,0,,,,648581,26542,0
128,13.928012609481812,2026-03-05T17:37:38.187890,94.0,0.0,5.0,7.99,0.0,0.0,0.0,148.01,10.89,0.0,0.0,STRAIGHT,0.3,0.3,"CMD,0.0,0.30",1.2,0.0,1.2,0.0,0,0.9676,0,NORMAL,43.714,0.411,0,0,0,0,0,0.0,33,4,0,,,,,,0,,,,665788,29781,1226
129,14.000010251998901,2026-03-05T17:37:38.259888,2.0,0.0,3.0,0.0,0.0,0.0,0.0,47.99,11.24,0.0,0.0,STRAIGHT,0.3,0.3,"CMD,0.0,0.30",1.2,0.0,1.2,0.0,0,0.9676,0,NORMAL,43.549,0.365,0,0,0,0,0,0.0,0,0,0,,,,,,0,,,,665790,29289,0
130,14.061010360717773,2026-03-05T17:37:38.320888,2.0,0.0,2.0,0.0,0.0,0.0,0.0,39.0,11.28,0.0,0.0,STRAIGHT,0.3,0.3,"CMD,0.0,0.30",1.2,0.0,1.2,0.0,0,0.9676,0,NORMAL,43.268,0.349,0,0,0,0,0,0.0,0,0,0,,,,,,0,,,,665790,28309,0
131,14.121010541915894,2026-03-05T17:37:38.380888,2.0,0.0,2.0,0.0,0.0,0.0,0.0,39.0,11.3,0.0,0.0,STRAIGHT,0.3,0.3,"CMD,0.0,0.30",1.2,0.0,1.2,0.0,0,0.9676,0,NORMAL,42.978,0.347,0,0,0,0,0,0.0,0,0,0,,,,,,0,,,,665790,27813,0
132,14.280020952224731,2026-03-05T17:37:38.539898,88.0,0.0,5.0,7.01,0.0,0.0,0.0,138.01,10.94,0.0,0.0,STRAIGHT,0.3,0.3,"CMD,0.0,0.30",1.2,0.0,1.2,0.0,0,0.9711,0,NORMAL,42.471,0.353,0,0,0,0,0,0.0,33,4,0,,,,,,0,,,,658958,29225,1242
133,14.343014478683472,2026-03-05T17:37:38.602892,2.0,0.0,3.0,0.0,0.0,0.0,0.0,41.0,11.37,0.0,0.0,STRAIGHT,0.3,0.3,"CMD,0.0,0.30",1.2,0.0,1.2,0.0,0,0.9711,0,NORMAL,42.016,0.35,0,0,0,0,0,0.0,0,0,0,,,,,,0,,,,658959,28726,0
134,14.404013872146606,2026-03-05T17:37:38.663891,2.0,0.0,2.0,0.0,0.0,0.0,1.0,41.0,11.38,0.0,0.0,STRAIGHT,0.3,0.3,"CMD,0.0,0.30",1.2,0.0,1.2,0.0,0,0.9711,0,NORMAL,41.738,0.344,0,0,0,0,0,0.0,0,0,0,,,,,,0,,,,658959,27728,0
135,14.464013814926147,2026-03-05T17:37:38.723891,2.01,0.0,2.99,0.0,0.0,0.0,0.0,40.0,11.4,0.0,0.0,STRAIGHT,0.3,0.3,"CMD,0.0,0.30",1.2,0.0,1.2,0.0,0,0.9711,0,NORMAL,41.088,0.331,0,0,0,0,0,0.0,0,0,0,,,,,,0,,,,658959,27229,0
136,14.61801528930664,2026-03-05T17:37:38.877893,84.0,0.0,6.0,4.99,0.0,0.0,0.0,134.0,11.02,0.0,0.0,STRAIGHT,0.3,0.3,"CMD,0.0,0.30",1.2,0.0,1.2,0.0,0,0.9368,0,NORMAL,40.487,0.331,0,0,0,0,0,0.0,24,4,0,,,,,,0,,,,623403,19336,869
137,14.680023193359375,2026-03-05T17:37:38.939901,2.01,0.0,2.0,0.0,0.0,0.0,0.0,40.01,11.45,0.0,0.0,STRAIGHT,0.3,0.3,"CMD,0.0,0.30",1.2,0.0,1.2,0.0,0,0.9368,0,NORMAL,40.616,0.34,0,0,0,0,0,0.0,0,0,0,,,,,,0,,,,623403,19000,0
138,14.742017269134521,2026-03-05T17:37:39.001895,2.0,0.0,3.0,0.0,0.0,0.0,0.0,43.0,11.45,0.0,0.0,STRAIGHT,0.3,0.3,"CMD,0.0,0.30",1.2,0.0,1.2,0.0,0,0.9368,0,NORMAL,41.157,0.341,0,0,0,0,0,0.0,0,0,0,,,,,,0,,,,623403,18393,0
139,14.813018560409546,2026-03-05T17:37:39.072896,2.01,0.0,5.99,0.0,0.0,0.0,1.0,50.0,11.41,0.0,0.0,STRAIGHT,0.3,0.3,"CMD,0.0,0.30",1.2,0.0,1.2,0.0,0,0.9368,0,NORMAL,41.86,0.334,0,0,0,0,0,0.0,0,0,0,,,,,,0,,,,623403,18004,0
140,14.977055311203003,2026-03-05T17:37:39.236933,90.03,0.0,4.97,5.05,0.99,0.0,0.0,143.03,10.97,0.0,0.0,STRAIGHT,0.3,0.3,"CMD,0.0,0.30",1.2,0.0,1.2,0.0,0,0.9497,0,NORMAL,42.245,0.33,0,0,0,0,0,0.0,24,2,0,,,,,,0,,,,653202,28397,1134
141,15.046019315719604,2026-03-05T17:37:39.305897,2.0,0.0,3.0,0.0,0.0,0.0,0.0,44.96,11.33,0.0,0.0,STRAIGHT,0.3,0.3,"CMD,0.0,0.30",1.2,0.0,1.2,0.0,0,0.9497,0,NORMAL,42.3,0.334,0,0,0,0,0,0.0,0,0,0,,,,,,0,,,,653202,27898,0
142,15.106021642684937,2026-03-05T17:37:39.365899,2.03,0.0,1.97,0.0,0.0,0.0,1.0,39.97,11.33,0.0,0.0,STRAIGHT,0.3,0.3,"CMD,0.0,0.30",1.2,0.0,1.2,0.0,0,0.9497,0,NORMAL,42.498,0.329,0,0,0,0,0,0.0,0,0,0,,,,,,0,,,,653202,26897,0
143,15.16602087020874,2026-03-05T17:37:39.425898,2.0,0.0,2.0,0.0,0.0,0.0,1.0,39.97,11.34,0.0,0.0,STRAIGHT,0.3,0.3,"CMD,0.0,0.30",1.2,0.0,1.2,0.0,0,0.9497,0,NORMAL,42.761,0.315,0,0,0,0,0,0.0,0,0,0,,,,,,0,,,,653202,26401,0
144,15.319057941436768,2026-03-05T17:37:39.578935,85.03,0.0,4.97,5.0,1.0,0.0,0.0,133.01,10.94,0.0,0.0,STRAIGHT,0.3,0.3,"CMD,0.0,0.30",1.2,0.0,1.2,0.0,0,0.9739,0,NORMAL,41.373,0.295,0,0,0,0,0,0.0,17,3,0,,,,,,0,,,,646354,27323,1049
145,15.381058931350708,2026-03-05T17:37:39.640937,2.03,0.0,2.0,0.0,0.0,0.0,0.0,40.01,11.33,0.0,0.0,STRAIGHT,0.3,0.3,"CMD,0.0,0.30",1.2,0.0,1.2,0.0,0,0.9739,0,NORMAL,40.702,0.28,0,0,0,0,0,0.0,0,0,0,,,,,,0,,,,646354,26824,0
146,15.441025018692017,2026-03-05T17:37:39.700903,2.03,0.0,2.0,0.0,0.0,0.0,0.0,39.0,11.35,0.0,0.0,STRAIGHT,0.3,0.3,"CMD,0.0,0.30",1.2,0.0,1.2,0.0,0,0.9739,0,NORMAL,40.106,0.27,0,0,0,0,0,0.0,0,0,0,,,,,,0,,,,646354,25851,0
147,15.499022722244263,2026-03-05T17:37:39.758900,2.0,0.0,2.0,0.0,0.0,0.0,0.0,38.96,11.37,0.0,0.0,STRAIGHT,0.3,0.3,"CMD,0.0,0.30",1.2,0.0,1.2,0.0,0,0.9739,0,NORMAL,39.45,0.25,0,0,0,0,0,0.0,0,0,0,,,,,,0,,,,646354,25327,0
148,15.651058673858643,2026-03-05T17:37:39.910936,82.99,0.0,5.0,6.0,0.0,0.0,0.0,133.0,10.98,0.0,0.0,STRAIGHT,0.3,0.3,"CMD,0.0,0.30",1.2,0.0,1.2,0.0,0,0.9642,0,NORMAL,39.054,0.235,0,0,0,0,0,0.0,31,2,0,,,,,,0,,,,638627,19895,858
149,15.712057113647461,2026-03-05T17:37:39.971935,2.03,0.0,2.0,0.0,0.0,0.0,0.0,39.01,11.42,0.0,0.0,STRAIGHT,0.3,0.3,"CMD,0.0,0.30",1.2,0.0,1.2,0.0,0,0.9642,0,NORMAL,38.188,0.219,0,0,0,0,0,0.0,0,0,0,,,,,,0,,,,638627,19548,0
150,15.771061897277832,2026-03-05T17:37:40.030939,2.04,0.0,3.0,0.0,0.0,0.0,0.0,40.0,11.45,0.0,0.0,STRAIGHT,0.3,0.3,"CMD,0.0,0.30",1.2,0.0,1.2,0.0,0,0.9642,0,NORMAL,37.389,0.206,0,0,0,0,0,0.0,0,0,0,,,,,,0,,,,638627,18903,0
151,15.831026554107666,2026-03-05T17:37:40.090904,1.99,0.0,2.0,0.0,0.0,0.0,1.0,39.97,11.54,0.0,0.0,STRAIGHT,0.3,0.3,"CMD,0.0,0.30",1.2,0.0,1.2,0.0,0,0.9642,0,NORMAL,36.817,0.193,0,0,0,0,0,0.0,0,0,0,,,,,,0,,,,638627,18507,0
152,15.98606252670288,2026-03-05T17:37:40.245940,84.04,0.0,5.0,5.03,0.0,0.0,0.0,136.03,11.15,0.0,0.0,STRAIGHT,0.3,0.3,"CMD,0.0,0.30",1.2,0.0,1.2,0.0,0,0.9501,0,NORMAL,36.474,0.185,0,0,0,0,0,0.0,21,3,0,,,,,,0,,,,659925,27756,971
153,16.053064823150635,2026-03-05T17:37:40.312942,1.0,0.0,3.0,0.0,0.0,0.0,0.0,42.0,11.67,0.0,0.0,STRAIGHT,0.3,0.3,"CMD,0.0,0.30",1.2,0.0,1.2,0.0,0,0.9501,0,NORMAL,36.431,0.191,0,0,0,0,0,0.0,0,0,0,,,,,,0,,,,659925,27340,0
154,16.112061977386475,2026-03-05T17:37:40.371939,2.03,0.0,2.0,0.0,0.0,0.0,0.0,39.03,11.69,0.0,0.0,STRAIGHT,0.3,0.3,"CMD,0.0,0.30",1.2,0.0,1.2,0.0,0,0.9501,0,NORMAL,36.269,0.189,0,0,0,0,0,0.0,0,0,0,,,,,,0,,,,659925,26505,0
155,16.17203116416931,2026-03-05T17:37:40.431909,2.04,0.0,1.97,0.0,0.0,0.0,0.0,40.96,11.71,0.0,0.0,STRAIGHT,0.3,0.3,"CMD,0.0,0.30",1.2,0.0,1.2,0.0,0,0.9501,0,NORMAL,36.421,0.179,0,0,0,0,0,0.0,0,0,0,,,,,,0,,,,659925,26092,0
156,16.328063488006592,2026-03-05T17:37:40.587941,85.0,0.0,4.96,6.97,0.0,0.0,0.0,135.0,11.29,0.0,0.0,STRAIGHT,0.3,0.3,"CMD,0.0,0.30",1.2,0.0,1.2,0.0,0,0.963,0,NORMAL,36.18,0.175,0,0,0,0,0,0.0,43,3,0,,,,,,0,,,,680600,27852,1094
157,16.3900306224823,2026-03-05T17:37:40.649908,2.03,0.0,1.97,0.0,0.0,0.0,0.0,38.96,11.78,0.0,0.0,STRAIGHT,0.3,0.3,"CMD,0.0,0.30",1.2,0.0,1.2,0.0,0,0.963,0,NORMAL,36.6,0.175,0,0,0,0,0,0.0,0,0,0,,,,,,0,,,,680600,27430,0
158,16.449065685272217,2026-03-05T17:37:40.708943,2.03,0.0,2.0,0.0,0.0,0.0,0.0,38.0,11.84,0.0,0.0,STRAIGHT,0.3,0.3,"CMD,0.0,0.30",1.2,0.0,1.2,0.0,0,0.963,0,NORMAL,35.951,0.178,0,0,0,0,0,0.0,0,0,0,,,,,,0,,,,680600,26586,0
159,16.509066581726074,2026-03-05T17:37:40.768944,2.03,0.0,2.0,0.0,0.0,0.0,0.0,39.04,11.85,0.0,0.0,STRAIGHT,0.3,0.3,"CMD,0.0,0.30",1.2,0.0,1.2,0.0,0,0.963,0,NORMAL,35.317,0.176,0,0,0,0,0,0.0,0,0,0,,,,,,0,,,,680600,26164,0
160,16.662065267562866,2026-03-05T17:37:40.921943,83.03,0.0,6.0,6.03,1.0,0.0,0.0,132.0,11.41,0.0,0.0,STRAIGHT,0.3,0.3,"CMD,0.0,0.30",1.2,0.0,1.2,0.0,0,0.9816,0,NORMAL,34.985,0.199,0,0,0,0,0,0.0,38,3,0,,,,,,0,,,,685509,28785,1035
161,16.722039222717285,2026-03-05T17:37:40.981917,1.04,0.0,2.96,0.0,0.0,0.0,0.0,37.97,11.88,0.0,0.0,STRAIGHT,0.3,0.3,"CMD,0.0,0.30",1.2,0.0,1.2,0.0,0,0.9816,0,NORMAL,34.213,0.183,0,0,0,0,0,0.0,0,0,0,,,,,,0,,,,685509,28365,0
162,16.781044960021973,2026-03-05T17:37:41.040923,2.0,0.0,3.01,0.0,0.0,0.0,0.0,39.01,11.89,0.0,0.0,STRAIGHT,0.3,0.3,"CMD,0.0,0.30",1.2,0.0,1.2,0.0,0,0.9816,0,NORMAL,33.218,0.166,0,0,0,0,0,0.0,0,0,0,,,,,,0,,,,685509,27524,0
163,16.841037273406982,2026-03-05T17:37:41.100915,1.01,0.0,2.96,0.0,0.0,0.0,0.0,38.96,11.9,0.0,0.0,STRAIGHT,0.3,0.3,"CMD,0.0,0.30",1.2,0.0,1.2,0.0,0,0.9816,0,NORMAL,32.078,0.158,0,0,0,0,0,0.0,0,0,0,,,,,,0,,,,685509,27105,0
164,17.003037691116333,2026-03-05T17:37:41.262915,87.04,0.0,4.97,8.0,0.0,0.0,0.0,140.97,11.42,0.0,0.0,STRAIGHT,0.3,0.3,"CMD,0.0,0.30",1.2,0.0,1.2,0.0,0,0.963,0,NORMAL,31.123,0.164,0,0,0,0,0,0.0,49,4,0,,,,,,0,,,,672756,27816,1106
165,17.080073595046997,2026-03-05T17:37:41.339951,2.01,0.0,2.0,0.0,0.0,0.0,0.0,51.01,11.78,0.0,0.0,STRAIGHT,0.3,0.3,"CMD,0.0,0.30",1.2,0.0,1.2,0.0,0,0.963,0,NORMAL,30.672,0.162,0,0,0,0,0,0.0,0,0,0,,,,,,0,,,,672756,27396,0
166,17.14203715324402,2026-03-05T17:37:41.401915,0.99,0.0,3.0,0.0,0.0,0.0,0.0,40.99,11.77,0.0,0.0,STRAIGHT,0.3,0.3,"CMD,0.0,0.30",1.2,0.0,1.2,0.0,0,0.963,0,NORMAL,29.659,0.165,0,0,0,0,0,0.0,0,0,0,,,,,,0,,,,672756,26591,0
167,17.206043243408203,2026-03-05T17:37:41.465921,2.03,0.0,2.97,0.0,0.0,0.0,0.0,41.0,11.77,0.0,0.0,STRAIGHT,0.3,0.3,"CMD,0.0,0.30",1.2,0.0,1.2,0.0,0,0.963,0,NORMAL,29.281,0.162,0,0,0,0,0,0.0,0,0,0,,,,,,0,,,,672756,26165,0
168,17.36707091331482,2026-03-05T17:37:41.626948,87.0,0.0,5.0,7.03,0.0,0.0,0.0,139.0,11.35,0.0,0.0,STRAIGHT,0.3,0.3,"CMD,0.0,0.30",1.2,0.0,1.2,0.0,0,0.967,0,NORMAL,29.44,0.152,0,0,0,0,0,0.0,36,3,0,,,,,,0,,,,689052,28991,1032
169,17.443042278289795,2026-03-05T17:37:41.702920,3.0,0.0,3.0,0.0,0.0,0.0,0.0,52.0,11.76,0.0,0.0,STRAIGHT,0.3,0.3,"CMD,0.0,0.30",1.2,0.0,1.2,0.0,0,0.967,0,NORMAL,30.201,0.139,0,0,0,0,0,0.0,0,0,0,,,,,,0,,,,689052,28569,0
170,17.508087873458862,2026-03-05T17:37:41.767965,2.0,0.0,3.0,0.0,0.0,0.0,1.05,42.01,11.78,0.0,0.0,STRAIGHT,0.3,0.3,"CMD,0.0,0.30",1.2,0.0,1.2,0.0,0,0.967,0,NORMAL,30.444,0.14,0,0,0,0,0,0.0,0,0,0,,,,,,0,,,,689052,27718,0
171,17.58307647705078,2026-03-05T17:37:41.842954,1.0,0.0,3.0,0.0,0.0,0.0,0.0,51.03,11.71,0.0,0.0,STRAIGHT,0.3,0.3,"CMD,0.0,0.30",1.2,0.0,1.2,0.0,0,0.967,0,NORMAL,30.826,0.144,0,0,0,0,0,0.0,0,0,0,,,,,,0,,,,689052,27303,0
172,17.741043090820312,2026-03-05T17:37:42.000921,86.03,0.0,5.0,7.0,0.0,0.0,0.0,136.97,11.26,0.0,0.0,STRAIGHT,0.3,0.3,"CMD,0.0,0.30",1.2,0.0,1.2,0.0,0,0.9675,0,NORMAL,31.575,0.135,0,0,0,0,0,0.0,45,3,0,,,,,,0,,,,671676,27007,1090
173,17.804080724716187,2026-03-05T17:37:42.063958,1.0,0.0,3.0,0.0,0.0,0.0,0.0,41.0,11.67,0.0,0.0,STRAIGHT,0.3,0.3,"CMD,0.0,0.30",1.2,0.0,1.2,0.0,0,0.9675,0,NORMAL,32.099,0.133,0,0,0,0,0,0.0,0,0,0,,,,,,0,,,,671676,26582,0
174,17.86608099937439,2026-03-05T17:37:42.125958,2.03,0.0,3.0,0.0,0.0,0.0,0.0,41.0,11.67,0.0,0.0,STRAIGHT,0.3,0.3,"CMD,0.0,0.30",1.2,0.0,1.2,0.0,0,0.9675,0,NORMAL,31.963,0.139,0,0,0,0,0,0.0,0,0,0,,,,,,0,,,,671676,25822,0
175,17.929046154022217,2026-03-05T17:37:42.188924,2.0,0.0,3.0,0.0,0.0,0.0,0.0,41.96,11.65,0.0,0.0,STRAIGHT,0.3,0.3,"CMD,0.0,0.30",1.2,0.0,1.2,0.0,0,0.9675,0,NORMAL,31.879,0.154,0,0,0,0,0,0.0,0,0,0,,,,,,0,,,,671676,25336,0
176,18.08905005455017,2026-03-05T17:37:42.348927,90.04,0.0,5.01,5.03,1.0,0.0,0.0,138.97,11.2,0.0,0.0,STRAIGHT,0.3,0.3,"CMD,0.0,0.30",1.2,0.0,1.2,0.0,0,0.9668,0,NORMAL,32.28,0.133,0,0,0,0,0,0.0,27,2,0,,,,,,0,,,,653351,25683,965
177,18.154046535491943,2026-03-05T17:37:42.413924,2.0,0.0,3.0,0.0,0.0,0.0,0.0,41.96,11.59,0.0,0.0,STRAIGHT,0.3,0.3,"CMD,0.0,0.30",1.2,0.0,1.2,0.0,0,0.9668,0,NORMAL,32.412,0.121,0,0,0,0,0,0.0,0,0,0,,,,,,0,,,,653351,25258,0
178,18.216085195541382,2026-03-05T17:37:42.475963,2.0,0.0,3.03,0.0,0.0,0.0,0.0,41.0,11.58,0.0,0.0,STRAIGHT,0.3,0.3,"CMD,0.0,0.30",1.2,0.0,1.2,0.0,0,0.9668,0,NORMAL,31.35,0.114,0,0,0,0,0,0.0,0,0,0,,,,,,0,,,,653351,24441,0
179,18.277082920074463,2026-03-05T17:37:42.536960,2.03,0.0,3.0,0.0,0.0,0.0,0.0,41.0,11.57,0.0,0.0,STRAIGHT,0.3,0.3,"CMD,0.0,0.30",1.2,0.0,1.2,0.0,0,0.9668,0,NORMAL,30.433,0.103,0,0,0,0,0,0.0,0,0,0,,,,,,0,,,,653351,23999,0
180,18.433083057403564,2026-03-05T17:37:42.692960,85.03,0.0,5.97,5.03,0.0,0.0,0.0,135.0,11.15,0.0,0.0,STRAIGHT,0.3,0.3,"CMD,0.0,0.30",1.2,0.0,1.2,0.0,0,0.9653,0,NORMAL,30.152,0.091,0,0,0,0,0,0.0,28,2,0,,,,,,0,,,,636480,19356,644
181,18.494083642959595,2026-03-05T17:37:42.753961,2.04,0.0,3.0,0.0,0.0,0.0,0.0,40.03,11.56,0.0,0.0,STRAIGHT,0.3,0.3,"CMD,0.0,0.30",1.2,0.0,1.2,0.0,0,0.9653,0,NORMAL,29.494,0.079,0,0,0,0,0,0.0,0,0,0,,,,,,0,,,,636480,19097,0
182,18.55408501625061,2026-03-05T17:37:42.813963,2.03,0.0,3.0,0.0,0.0,0.0,0.0,40.03,11.6,0.0,0.0,STRAIGHT,0.3,0.3,"CMD,0.0,0.30",1.2,0.0,1.2,0.0,0,0.9653,0,NORMAL,29.495,0.071,0,0,0,0,0,0.0,0,0,0,,,,,,0,,,,636480,18588,0
183,18.615086793899536,2026-03-05T17:37:42.874964,2.0,0.0,3.03,0.0,0.0,0.0,0.0,41.0,11.59,0.0,0.0,STRAIGHT,0.3,0.3,"CMD,0.0,0.30",1.2,0.0,1.2,0.0,0,0.9653,0,NORMAL,29.098,0.057,0,0,0,0,0,0.0,0,0,0,,,,,,0,,,,636480,18330,0
184,18.771087408065796,2026-03-05T17:37:43.030965,84.03,0.0,6.98,6.03,0.0,0.0,0.0,136.0,11.16,0.0,0.0,STRAIGHT,0.3,0.3,"CMD,0.0,0.30",1.2,0.0,1.2,0.0,0,0.9764,0,NORMAL,29.092,0.039,0,0,0,0,0,0.0,30,2,0,,,,,,0,,,,632919,19633,664
185,18.834091901779175,2026-03-05T17:37:43.093969,2.0,0.0,4.04,0.0,0.0,0.0,0.0,42.01,11.57,0.0,0.0,STRAIGHT,0.3,0.3,"CMD,0.0,0.30",1.2,0.0,1.2,0.0,0,0.9764,0,NORMAL,29.241,0.025,0,0,0,0,0,0.0,0,0,0,,,,,,0,,,,632919,19367,0
186,18.904053926467896,2026-03-05T17:37:43.163931,2.0,0.0,3.0,0.0,0.0,0.0,1.0,46.99,11.54,0.0,0.0,STRAIGHT,0.3,0.3,"CMD,0.0,0.30",1.2,0.0,1.2,0.0,0,0.9764,0,NORMAL,29.095,0.028,0,0,0,0,0,0.0,0,0,0,,,,,,0,,,,632919,18828,0
187,18.96705412864685,2026-03-05T17:37:43.226931,2.0,0.0,4.0,0.0,0.0,0.0,0.0,41.99,11.52,0.0,0.0,STRAIGHT,0.3,0.3,"CMD,0.0,0.30",1.2,0.0,1.2,0.0,0,0.9764,0,NORMAL,29.459,0.016,0,0,0,0,0,0.0,0,0,0,,,,,,0,,,,632919,18569,0
188,19.135090589523315,2026-03-05T17:37:43.394968,93.01,0.0,5.99,7.04,0.0,0.0,0.0,147.03,11.04,0.0,0.0,STRAIGHT,0.3,0.3,"CMD,0.0,0.30",1.2,0.0,1.2,0.0,0,0.9769,0,NORMAL,30.229,-0.013,0,0,0,0,0,0.0,42,3,0,,,,,,0,,,,633852,25404,1085
189,19.201088905334473,2026-03-05T17:37:43.460966,2.04,0.0,4.0,0.0,0.0,0.0,0.0,42.0,11.42,0.0,0.0,STRAIGHT,0.3,0.3,"CMD,0.0,0.30",1.2,0.0,1.2,0.0,0,0.9769,0,NORMAL,31.058,-0.021,0,0,0,0,0,0.0,0,0,0,,,,,,0,,,,633854,24971,0
190,19.262056350708008,2026-03-05T17:37:43.521934,2.0,0.0,3.0,0.0,0.0,0.0,1.0,40.97,11.42,0.0,0.0,STRAIGHT,0.3,0.3,"CMD,0.0,0.30",1.2,0.0,1.2,0.0,0,0.9769,0,NORMAL,31.054,-0.017,0,0,0,0,0,0.0,0,0,0,,,,,,0,,,,633854,24095,0
191,19.324057579040527,2026-03-05T17:37:43.583935,2.0,0.0,4.0,0.0,0.0,0.0,0.0,41.96,11.4,0.0,0.0,STRAIGHT,0.3,0.3,"CMD,0.0,0.30",1.2,0.0,1.2,0.0,0,0.9769,0,NORMAL,30.704,-0.009,0,0,0,0,0,0.0,0,0,0,,,,,,0,,,,633854,23672,0
192,19.482059955596924,2026-03-05T17:37:43.741937,86.0,0.0,5.03,8.03,0.0,0.0,0.0,137.97,10.98,0.0,0.0,STRAIGHT,0.3,0.3,"CMD,0.0,0.30",1.2,0.0,1.2,0.0,0,0.9683,0,NORMAL,30.263,-0.006,0,0,0,0,0,0.0,59,2,0,,,,,,0,,,,643290,27178,1204
193,19.544092655181885,2026-03-05T17:37:43.803970,2.0,0.0,3.03,0.0,0.0,0.0,0.0,40.0,11.41,0.0,0.0,STRAIGHT,0.3,0.3,"CMD,0.0,0.30",1.2,0.0,1.2,0.0,0,0.9683,0,NORMAL,29.783,-0.01,0,0,0,0,0,0.0,0,0,0,,,,,,0,,,,643328,26732,0
194,19.60506010055542,2026-03-05T17:37:43.864938,0.98,0.0,3.0,0.0,0.0,0.0,0.0,39.96,11.49,0.0,0.0,STRAIGHT,0.3,0.3,"CMD,0.0,0.30",1.2,0.0,1.2,0.0,0,0.9683,0,NORMAL,29.076,-0.025,0,0,0,0,0,0.0,0,0,0,,,,,,0,,,,643328,25825,0
195,19.66506266593933,2026-03-05T17:37:43.924940,2.0,0.0,3.0,0.0,0.0,0.0,0.0,39.97,11.49,0.0,0.0,STRAIGHT,0.3,0.3,"CMD,0.0,0.30",1.2,0.0,1.2,0.0,0,0.9683,0,NORMAL,28.496,-0.028,0,0,0,0,0,0.0,0,0,0,,,,,,0,,,,643328,25392,0
196,19.822064638137817,2026-03-05T17:37:44.081942,84.97,0.0,5.03,6.97,1.0,0.0,0.0,135.97,11.09,0.0,0.0,STRAIGHT,0.3,0.3,"CMD,0.0,0.30",1.2,0.0,1.2,0.0,0,0.9513,0,NORMAL,27.657,-0.02,0,0,0,0,0,0.0,38,3,0,,,,,,0,,,,615950,25940,1050
197,19.885095596313477,2026-03-05T17:37:44.144973,2.04,0.0,3.0,0.0,0.0,0.0,0.0,41.0,11.52,0.0,0.0,STRAIGHT,0.3,0.3,"CMD,0.0,0.30",1.2,0.0,1.2,0.0,0,0.9513,0,NORMAL,27.196,-0.017,0,0,0,0,0,0.0,0,0,0,,,,,,0,,,,615950,25501,0
198,19.94509768486023,2026-03-05T17:37:44.204975,1.03,0.0,3.0,0.0,0.0,0.0,0.0,39.03,11.59,0.0,0.0,STRAIGHT,0.3,0.3,"CMD,0.0,0.30",1.2,0.0,1.2,0.0,0,0.9513,0,NORMAL,26.712,-0.0,0,0,0,0,0,0.0,0,0,0,,,,,,0,,,,615950,24644,0
199,20.00509738922119,2026-03-05T17:37:44.264975,2.03,0.0,3.0,0.0,0.0,0.0,0.0,40.0,11.61,0.0,0.0,STRAIGHT,0.3,0.3,"CMD,0.0,0.30",1.2,0.0,1.2,0.0,0,0.9513,0,NORMAL,26.304,0.031,0,0,0,0,0,0.0,0,0,0,,,,,,0,,,,615950,24182,0
200,20.177100658416748,2026-03-05T17:37:44.436978,97.01,0.0,5.03,10.04,0.96,0.0,0.0,151.03,11.18,0.0,0.0,STRAIGHT,0.3,0.3,"CMD,0.0,0.30",1.2,0.0,1.2,0.0,0,0.8864,0,NORMAL,27.128,0.049,0,0,0,0,0,0.0,55,3,0,,,,,,0,,,,549232,23427,1169
201,20.238097667694092,2026-03-05T17:37:44.497975,2.03,0.0,2.0,0.0,0.0,0.0,0.0,40.0,11.61,0.0,0.0,STRAIGHT,0.3,0.3,"CMD,0.0,0.30",1.2,0.0,1.2,0.0,0,0.8864,0,NORMAL,28.47,0.051,0,0,0,0,0,0.0,0,0,0,,,,,,0,,,,549232,22996,0
202,20.29709815979004,2026-03-05T17:37:44.556976,2.03,0.0,2.0,0.0,0.0,0.0,0.0,40.0,11.63,0.0,0.0,STRAIGHT,0.3,0.3,"CMD,0.0,0.30",1.2,0.0,1.2,0.0,0,0.8864,0,NORMAL,30.298,0.064,0,0,0,0,0,0.0,0,0,0,,,,,,0,,,,549232,22166,0
203,20.355100393295288,2026-03-05T17:37:44.614978,1.0,0.0,2.99,0.0,0.0,0.0,0.0,39.0,11.65,0.0,0.0,STRAIGHT,0.3,0.3,"CMD,0.0,0.30",1.2,0.0,1.2,0.0,0,0.8864,0,NORMAL,32.156,0.096,0,0,0,0,0,0.0,0,0,0,,,,,,0,,,,549232,21716,0
204,20.517101764678955,2026-03-05T17:37:44.776979,90.05,0.0,4.98,7.04,0.0,0.0,0.0,143.03,11.21,0.0,0.0,STRAIGHT,0.3,0.3,"CMD,0.0,0.30",1.2,0.0,1.2,0.0,0,0.9315,0,NORMAL,33.663,0.119,0,0,0,0,0,0.0,53,3,0,,,,,,0,,,,530546,17038,957
205,20.577101945877075,2026-03-05T17:37:44.836979,2.04,0.0,2.0,0.0,0.0,0.0,0.0,40.0,11.65,0.0,0.0,STRAIGHT,0.3,0.3,"CMD,0.0,0.30",1.2,0.0,1.2,0.0,0,0.9315,0,NORMAL,35.29,0.134,0,0,0,0,0,0.0,0,0,0,,,,,,0,,,,530546,16660,0
206,20.634106159210205,2026-03-05T17:37:44.893983,2.03,0.0,2.0,0.0,0.0,0.0,0.0,39.0,11.69,0.0,0.0,STRAIGHT,0.3,0.3,"CMD,0.0,0.30",1.2,0.0,1.2,0.0,0,0.9315,0,NORMAL,36.645,0.152,0,0,0,0,0,0.0,0,0,0,,,,,,0,,,,530546,16177,0
207,20.694072246551514,2026-03-05T17:37:44.953950,2.04,0.0,2.0,0.0,0.0,0.0,0.0,40.03,11.7,0.0,0.0,STRAIGHT,0.3,0.3,"CMD,0.0,0.30",1.2,0.0,1.2,0.0,0,0.9315,0,NORMAL,38.197,0.169,0,0,0,0,0,0.0,0,0,0,,,,,,0,,,,530546,15663,0
208,20.865073442459106,2026-03-05T17:37:45.124951,99.02,0.0,5.02,9.0,0.0,0.0,0.0,152.0,11.21,0.0,0.0,STRAIGHT,0.3,0.3,"CMD,0.0,0.30",1.2,0.0,1.2,0.0,0,0.9267,0,NORMAL,39.335,0.195,0,0,0,0,0,0.0,58,4,0,,,,,,0,,,,514612,15966,999
209,20.92710852622986,2026-03-05T17:37:45.186986,2.0,0.0,3.03,0.0,0.0,0.0,0.0,41.98,11.63,0.0,0.0,STRAIGHT,0.3,0.3,"CMD,0.0,0.30",1.2,0.0,1.2,0.0,0,0.9267,0,NORMAL,39.718,0.203,0,0,0,0,0,0.0,0,0,0,,,,,,0,,,,514612,15603,0
210,20.986104011535645,2026-03-05T17:37:45.245982,2.0,0.0,3.03,0.0,0.0,0.0,0.0,40.0,11.64,0.0,0.0,STRAIGHT,0.3,0.3,"CMD,0.0,0.30",1.2,0.0,1.2,0.0,0,0.9267,0,NORMAL,41.754,0.225,0,0,0,0,0,0.0,0,0,0,,,,,,0,,,,514612,14901,0
211,21.044106006622314,2026-03-05T17:37:45.303983,1.04,0.0,3.0,0.0,0.0,0.0,0.0,39.0,11.65,0.0,0.0,STRAIGHT,0.3,0.3,"CMD,0.0,0.30",1.2,0.0,1.2,0.0,0,0.9267,0,NORMAL,44.27,0.234,0,0,0,0,0,0.0,0,0,0,,,,,,0,,,,514612,14534,0
212,21.20711064338684,2026-03-05T17:37:45.466988,95.03,0.0,5.0,4.03,1.0,0.0,0.0,144.0,11.19,0.0,0.0,STRAIGHT,0.3,0.3,"CMD,0.0,0.30",1.2,0.0,1.2,0.0,0,0.9375,0,NORMAL,47.089,0.247,0,0,0,0,0,0.0,8,3,0,,,,,,0,,,,533752,16546,893
213,21.26807451248169,2026-03-05T17:37:45.527952,2.0,0.0,2.0,0.0,0.0,0.0,0.0,40.96,11.62,0.0,0.0,STRAIGHT,0.3,0.3,"CMD,0.0,0.30",1.2,0.0,1.2,0.0,0,0.9375,0,NORMAL,50.47,0.26,0,0,0,0,0,0.0,0,0,0,,,,,,0,,,,533763,16147,0
214,21.327074766159058,2026-03-05T17:37:45.586952,2.0,0.0,2.0,0.0,0.0,0.0,0.0,38.95,11.64,0.0,0.0,STRAIGHT,0.3,0.3,"CMD,0.0,0.30",1.2,0.0,1.2,0.0,0,0.9375,0,NORMAL,52.262,0.283,0,0,0,0,0,0.0,0,0,0,,,,,,0,,,,533763,15349,0
215,21.38710904121399,2026-03-05T17:37:45.646987,2.03,0.0,3.0,0.0,0.0,0.0,0.0,41.0,11.68,0.0,0.0,STRAIGHT,0.3,0.3,"CMD,0.0,0.30",1.2,0.0,1.2,0.0,0,0.9375,0,NORMAL,53.023,0.31,0,0,0,0,0,0.0,0,0,0,,,,,,0,,,,533763,14951,0
216,21.546112537384033,2026-03-05T17:37:45.805990,93.03,0.0,3.97,4.0,1.03,0.0,0.0,139.0,11.25,0.0,0.0,STRAIGHT,0.3,0.3,"CMD,0.0,0.30",1.2,0.0,1.2,0.0,0,0.8998,0,NORMAL,52.817,0.315,0,0,0,0,0,0.0,4,2,0,,,,,,0,,,,567874,22263,1000
217,21.60807991027832,2026-03-05T17:37:45.867957,2.03,0.0,2.02,0.0,0.0,0.0,0.95,40.97,11.73,0.0,0.0,STRAIGHT,0.3,0.3,"CMD,0.0,0.30",1.2,0.0,1.2,0.0,0,0.8998,0,NORMAL,52.651,0.346,0,0,0,0,0,0.0,0,0,0,,,,,,0,,,,567968,21827,0
218,21.66607689857483,2026-03-05T17:37:45.925954,2.0,0.0,2.0,0.0,0.0,0.0,0.0,39.0,11.76,0.0,0.0,STRAIGHT,0.3,0.3,"CMD,0.0,0.30",1.2,0.0,1.2,0.0,0,0.8998,0,NORMAL,52.322,0.383,0,0,0,0,0,0.0,0,0,0,,,,,,0,,,,567968,20955,0
219,21.724112033843994,2026-03-05T17:37:45.983990,1.98,0.0,2.02,0.0,0.0,0.0,0.0,39.03,11.78,0.0,0.0,STRAIGHT,0.3,0.3,"CMD,0.0,0.30",1.2,0.0,1.2,0.0,0,0.8998,0,NORMAL,52.255,0.408,0,0,0,0,0,0.0,0,0,0,,,,,,0,,,,567968,20519,0
220,21.883118629455566,2026-03-05T17:37:46.142996,92.04,0.0,6.0,4.03,0.0,0.0,0.0,139.04,11.33,0.0,0.0,STRAIGHT,0.3,0.3,"CMD,0.0,0.30",1.2,0.0,1.2,0.0,0,0.919,0,NORMAL,52.258,0.41,0,0,0,0,0,0.0,4,2,0,,,,,,0,,,,566625,19333,968
221,21.94211506843567,2026-03-05T17:37:46.201993,2.03,0.0,2.0,0.0,0.0,0.0,0.0,39.0,11.79,0.0,0.0,STRAIGHT,0.3,0.3,"CMD,0.0,0.30",1.2,0.0,1.2,0.0,0,0.919,0,NORMAL,52.428,0.404,0,0,0,0,0,0.0,0,0,0,,,,,,0,,,,566866,18912,0
222,22.00111746788025,2026-03-05T17:37:46.260995,2.03,0.0,2.0,0.0,0.0,0.0,0.0,39.04,11.8,0.0,0.0,STRAIGHT,0.3,0.3,"CMD,0.0,0.30",1.2,0.0,1.2,0.0,0,0.919,0,NORMAL,52.48,0.43,0,0,0,0,0,0.0,0,0,0,,,,,,0,,,,566866,18149,0
223,22.06011128425598,2026-03-05T17:37:46.319989,2.03,0.0,2.0,0.0,0.0,0.0,0.0,39.0,11.81,0.0,0.0,STRAIGHT,0.3,0.3,"CMD,0.0,0.30",1.2,0.0,1.2,0.0,0,0.919,0,NORMAL,52.371,0.475,0,0,0,0,0,0.0,0,0,0,,,,,,0,,,,566866,17700,0
224,22.21811866760254,2026-03-05T17:37:46.477996,90.0,0.0,7.04,4.02,0.0,0.0,0.0,138.0,11.36,0.0,0.0,STRAIGHT,0.3,0.3,"CMD,0.0,0.30",1.2,0.0,1.2,0.0,0,0.8667,0,NORMAL,51.793,0.458,0,0,0,0,0,0.0,4,2,0,,,,,,0,,,,584589,16114,916
225,22.284087419509888,2026-03-05T17:37:46.543965,2.03,0.0,1.97,0.0,0.0,0.0,0.0,40.97,11.78,0.0,0.0,STRAIGHT,0.3,0.3,"CMD,0.0,0.30",1.2,0.0,1.2,0.0,0,0.8667,0,NORMAL,51.471,0.471,0,0,0,0,0,0.0,0,0,0,,,,,,0,,,,585300,15715,0
226,22.34411859512329,2026-03-05T17:37:46.603996,1.04,0.0,3.0,0.0,0.0,0.0,0.0,40.03,11.79,0.0,0.0,STRAIGHT,0.3,0.3,"CMD,0.0,0.30",1.2,0.0,1.2,0.0,0,0.8667,0,NORMAL,51.089,0.486,0,0,0,0,0,0.0,0,0,0,,,,,,0,,,,585300,15073,0
227,22.40408444404602,2026-03-05T17:37:46.663962,2.0,0.0,2.0,0.0,0.0,0.0,0.0,39.96,11.8,0.0,0.0,STRAIGHT,0.3,0.3,"CMD,0.0,0.30",1.2,0.0,1.2,0.0,0,0.8667,0,NORMAL,50.519,0.496,0,0,0,0,0,0.0,0,0,0,,,,,,0,,,,585300,14651,0
228,22.562087297439575,2026-03-05T17:37:46.821965,91.99,0.0,3.97,4.0,0.0,0.0,0.0,140.0,11.34,0.0,0.0,STRAIGHT,0.3,0.3,"CMD,0.0,0.30",1.2,0.0,1.2,0.0,0,0.8659,0,NORMAL,50.089,0.512,0,0,0,0,0,0.0,4,2,0,,,,,,0,,,,608420,15686,878
229,22.62112069129944,2026-03-05T17:37:46.880998,1.04,0.0,3.0,0.0,0.0,0.0,0.0,38.0,11.86,0.0,0.0,STRAIGHT,0.3,0.3,"CMD,0.0,0.30",1.2,0.0,1.2,0.0,0,0.8659,0,NORMAL,50.01,0.56,0,0,0,0,0,0.0,0,0,0,,,,,,0,,,,608630,15306,0
230,22.679120779037476,2026-03-05T17:37:46.938998,2.03,0.0,2.0,0.0,0.0,0.0,0.0,39.03,11.88,0.0,0.0,STRAIGHT,0.3,0.3,"CMD,0.0,0.30",1.2,0.0,1.2,0.0,0,0.8659,0,NORMAL,50.26,0.548,0,0,0,0,0,0.0,0,0,0,,,,,,0,,,,608630,14632,0
231,22.74009370803833,2026-03-05T17:37:46.999971,1.03,0.0,2.97,0.0,0.0,0.0,0.0,39.97,11.88,0.0,0.0,STRAIGHT,0.3,0.3,"CMD,0.0,0.30",1.2,0.0,1.2,0.0,0,0.8659,0,NORMAL,50.904,0.543,0,0,0,0,0,0.0,0,0,0,,,,,,0,,,,608630,14239,0
232,22.89612102508545,2026-03-05T17:37:47.155999,89.03,0.0,4.97,3.0,1.0,0.0,0.0,136.03,11.41,0.0,0.0,STRAIGHT,0.3,0.3,"CMD,0.0,0.30",1.2,0.0,1.2,0.0,0,0.8767,0,NORMAL,51.641,0.559,0,0,0,0,0,0.0,9,3,0,,,,,,0,,,,639578,16492,812
233,22.9590904712677,2026-03-05T17:37:47.218968,2.0,0.0,3.0,0.0,0.0,0.0,1.0,42.0,11.88,0.0,0.0,STRAIGHT,0.3,0.3,"CMD,0.0,0.30",1.2,0.0,1.2,0.0,0,0.8767,0,NORMAL,52.781,0.573,0,0,0,0,0,0.0,0,0,0,,,,,,0,,,,639594,16145,0
234,23.02009081840515,2026-03-05T17:37:47.279968,2.0,0.0,3.0,0.0,0.0,0.0,0.0,40.99,11.87,0.0,0.0,STRAIGHT,0.3,0.3,"CMD,0.0,0.30",1.2,0.0,1.2,0.0,0,0.8767,0,NORMAL,54.024,0.589,0,0,0,0,0,0.0,0,0,0,,,,,,0,,,,639594,15557,0
235,23.08208990097046,2026-03-05T17:37:47.341968,2.0,0.0,3.0,0.0,0.0,0.0,0.0,40.0,11.85,0.0,0.0,STRAIGHT,0.3,0.3,"CMD,0.0,0.30",1.2,0.0,1.2,0.0,0,0.8767,0,NORMAL,55.301,0.614,0,0,0,0,0,0.0,0,0,0,,,,,,0,,,,639594,15168,0
236,23.248121976852417,2026-03-05T17:37:47.508000,92.0,0.0,7.01,3.03,0.0,0.0,0.0,143.99,11.35,0.0,0.0,STRAIGHT,0.3,0.3,"CMD,0.0,0.30",1.2,0.0,1.2,0.0,0,0.8288,0,NORMAL,56.713,0.589,0,0,0,0,0,0.0,4,2,0,,,,,,0,,,,564150,14821,794
237,23.316123962402344,2026-03-05T17:37:47.576001,2.04,0.0,1.96,0.0,0.0,0.0,1.03,45.03,11.83,0.0,0.0,STRAIGHT,0.3,0.3,"CMD,0.0,0.30",1.2,0.0,1.2,0.0,0,0.8288,0,NORMAL,56.741,0.6,0,0,0,0,0,0.0,0,0,0,,,,,,0,,,,564150,14474,0
238,23.376092433929443,2026-03-05T17:37:47.635970,1.0,0.0,3.0,0.0,0.0,0.0,0.0,41.0,11.84,0.0,0.0,STRAIGHT,0.3,0.3,"CMD,0.0,0.30",1.2,0.0,1.2,0.0,0,0.8288,0,NORMAL,57.208,0.609,0,0,0,0,0,0.0,0,0,0,,,,,,0,,,,564150,13780,0
239,23.435126543045044,2026-03-05T17:37:47.695004,2.03,0.0,1.97,0.0,0.0,0.0,0.0,38.96,11.85,0.0,0.0,STRAIGHT,0.3,0.3,"CMD,0.0,0.30",1.2,0.0,1.2,0.0,0,0.8288,0,NORMAL,57.236,0.628,0,0,0,0,0,0.0,0,0,0,,,,,,0,,,,564150,13433,0
240,23.598095655441284,2026-03-05T17:37:47.857973,91.04,0.0,5.0,5.0,0.0,0.0,0.0,142.97,11.35,0.0,0.0,STRAIGHT,0.3,0.3,"CMD,0.0,0.30",1.2,0.0,1.2,0.0,0,0.7096,0,NORMAL,57.43,0.666,0,0,0,0,0,0.0,4,2,0,,,,,,0,,,,410148,13086,764
241,23.6741042137146,2026-03-05T17:37:47.933982,2.0,0.0,3.0,0.0,0.0,0.0,0.0,52.0,11.76,0.0,0.0,STRAIGHT,0.3,0.3,"CMD,0.0,0.30",1.2,0.0,1.2,0.0,0,0.7096,0,NORMAL,58.306,0.673,0,0,0,0,0,0.0,0,0,0,,,,,,0,,,,410148,12739,0
242,23.735132217407227,2026-03-05T17:37:47.995010,2.0,0.0,2.0,0.0,0.0,0.0,1.04,41.99,11.75,0.0,0.0,STRAIGHT,0.3,0.3,"CMD,0.0,0.30",1.2,0.0,1.2,0.0,0,0.7096,0,NORMAL,59.403,0.689,0,0,0,0,0,0.0,0,0,0,,,,,,0,,,,410148,12048,0
243,23.79313635826111,2026-03-05T17:37:48.053014,2.01,0.0,3.03,0.0,0.0,0.0,0.0,41.01,11.75,0.0,0.0,STRAIGHT,0.3,0.3,"CMD,0.0,0.30",1.2,0.0,1.2,0.0,0,0.7096,0,NORMAL,58.962,0.728,0,0,0,0,0,0.0,0,0,0,,,,,,0,,,,410148,11706,0
244,23.948132514953613,2026-03-05T17:37:48.208010,90.04,0.0,4.96,3.04,0.0,0.0,0.0,137.0,11.32,0.0,0.0,STRAIGHT,0.3,0.3,"CMD,0.0,0.30",1.2,0.0,1.2,0.0,0,0.6629,0,NORMAL,59.525,0.753,0,0,0,0,0,0.0,4,2,0,,,,,,0,,,,324389,11365,728
245,24.008145809173584,2026-03-05T17:37:48.268023,2.03,0.0,2.0,0.0,0.0,0.0,0.0,41.03,11.78,0.0,0.0,STRAIGHT,0.3,0.3,"CMD,0.0,0.30",1.2,0.0,1.2,0.0,0,0.6629,0,NORMAL,60.46,0.747,0,0,0,0,0,0.0,0,0,0,,,,,,0,,,,324389,11026,0
246,24.06613278388977,2026-03-05T17:37:48.326010,2.03,0.0,2.0,0.0,0.0,0.0,0.0,40.99,11.8,0.0,0.0,STRAIGHT,0.3,0.3,"CMD,0.0,0.30",1.2,0.0,1.2,0.0,0,0.6629,0,NORMAL,61.152,0.839,0,0,0,0,0,0.0,0,0,0,,,,,,0,,,,324389,10354,0
247,24.124134302139282,2026-03-05T17:37:48.384012,2.04,0.0,3.0,0.0,0.0,0.0,0.0,41.0,11.8,0.0,0.0,STRAIGHT,0.3,0.3,"CMD,0.0,0.30",1.2,0.0,1.2,0.0,0,0.6629,0,NORMAL,62.499,0.981,0,0,0,0,0,0.0,0,0,0,,,,,,0,,,,324389,10020,0
248,24.283108949661255,2026-03-05T17:37:48.542986,92.04,0.0,6.98,3.01,0.0,0.0,0.0,142.0,11.33,0.0,0.0,STRAIGHT,0.3,0.3,"CMD,0.0,0.30",1.2,0.0,1.2,0.0,0,0.0308,1,WARN,63.413,1.052,0,0,0,0,0,0.0,4,2,0,,,,,,0,,,,324389,9687,682
249,24.367167711257935,2026-03-05T17:37:48.627045,2.0,0.0,3.03,0.0,0.0,0.0,0.0,61.04,11.68,0.0,0.0,STRAIGHT,0.3,0.3,"CMD,0.0,0.30",1.2,0.0,1.2,0.0,0,0.0308,1,WARN,63.821,1.065,0,0,0,0,0,0.0,0,0,0,,,,,,0,,,,11623,9360,0
250,24.42610239982605,2026-03-05T17:37:48.685980,2.0,0.0,3.0,0.0,0.0,0.0,0.0,43.97,11.67,0.0,0.0,STRAIGHT,0.3,0.3,"CMD,0.0,0.30",1.2,0.0,1.2,0.0,0,0.0308,1,WARN,63.37,1.108,0,0,0,0,0,0.0,0,0,0,,,,,,0,,,,11623,8721,0
251,24.483109951019287,2026-03-05T17:37:48.742987,2.01,0.0,3.0,0.0,0.0,0.0,0.0,43.0,11.68,0.0,0.0,STRAIGHT,0.3,0.3,"CMD,0.0,0.30",1.2,0.0,1.2,0.0,0,0.0308,1,WARN,63.174,1.179,0,0,0,0,0,0.0,0,0,0,,,,,,0,,,,11623,8406,0
252,24.63810420036316,2026-03-05T17:37:48.897982,91.03,0.0,5.0,2.04,0.0,0.0,0.0,141.0,11.25,0.0,0.0,STRAIGHT,0.3,0.3,"CMD,0.0,0.30",1.2,0.0,1.2,0.0,0,0.4497,0,NORMAL,61.962,1.204,0,0,0,0,0,0.0,4,2,0,,,,,,0,,,,364397,8095,628
253,24.699137687683105,2026-03-05T17:37:48.959015,2.04,0.0,3.0,0.0,0.0,0.0,0.0,42.0,11.69,0.0,0.0,STRAIGHT,0.3,0.3,"CMD,0.0,0.30",1.2,0.0,1.2,0.0,0,0.4497,0,NORMAL,60.654,1.227,0,0,0,0,0,0.0,0,0,0,,,,,,0,,,,266875,7787,0
254,24.756109714508057,2026-03-05T17:37:49.015987,1.04,0.0,2.97,0.0,0.0,0.0,0.0,40.97,11.73,0.0,0.0,STRAIGHT,0.3,0.3,"CMD,0.0,0.30",1.2,0.0,1.2,0.0,0,0.4497,0,NORMAL,59.634,1.344,0,0,0,0,0,0.0,0,0,0,,,,,,0,,,,266875,7186,0
255,24.814109563827515,2026-03-05T17:37:49.073987,2.0,0.0,2.0,0.0,0.0,0.0,0.0,40.99,11.75,0.0,0.0,STRAIGHT,0.3,0.3,"CMD,0.0,0.30",1.2,0.0,1.2,0.0,0,0.4497,0,NORMAL,58.916,1.444,0,0,0,0,0,0.0,0,0,0,,,,,,0,,,,266875,6894,0
256,24.972116231918335,2026-03-05T17:37:49.231994,94.04,0.0,2.97,2.03,0.0,0.0,0.0,141.97,11.29,0.0,0.0,STRAIGHT,0.3,0.3,"CMD,0.0,0.30",1.2,0.0,1.2,0.0,0,0.6033,0,NORMAL,57.275,1.517,0,0,0,0,0,0.0,4,2,0,,,,,,0,,,,224843,6606,564
257,25.03310775756836,2026-03-05T17:37:49.292985,2.0,0.0,2.0,0.0,0.0,0.0,1.0,44.0,11.74,0.0,0.0,STRAIGHT,0.3,0.3,"CMD,0.0,0.30",1.2,0.0,1.2,0.0,0,0.6033,0,NORMAL,55.669,1.554,0,0,0,0,0,0.0,0,0,0,,,,,,0,,,,224843,6322,0
258,25.09114980697632,2026-03-05T17:37:49.351027,2.0,0.0,2.04,0.0,0.0,0.0,0.0,43.0,11.74,0.0,0.0,STRAIGHT,0.3,0.3,"CMD,0.0,0.30",1.2,0.0,1.2,0.0,0,0.6033,0,NORMAL,54.859,1.588,0,0,0,0,0,0.0,0,0,0,,,,,,0,,,,224843,5768,0
259,25.14914608001709,2026-03-05T17:37:49.409023,2.03,0.0,1.97,0.0,0.0,0.0,1.04,42.0,11.74,0.0,0.0,STRAIGHT,0.3,0.3,"CMD,0.0,0.30",1.2,0.0,1.2,0.0,0,0.6033,0,NORMAL,54.094,1.755,0,0,0,0,0,0.0,0,0,0,,,,,,0,,,,224843,5499,0
260,25.308117866516113,2026-03-05T17:37:49.567995,91.96,0.0,7.0,3.01,0.0,0.0,0.0,142.97,11.29,0.0,0.0,STRAIGHT,0.3,0.3,"CMD,0.0,0.30",1.2,0.0,1.2,0.0,0,0.5596,0,NORMAL,53.734,1.88,0,0,0,0,0,0.0,6,3,0,,,,,,0,,,,126673,5234,480
261,25.371142148971558,2026-03-05T17:37:49.631020,1.03,0.0,3.0,0.0,0.0,0.0,0.0,45.99,11.72,0.0,0.0,STRAIGHT,0.3,0.3,"CMD,0.0,0.30",1.2,0.0,1.2,0.0,0,0.5596,0,NORMAL,53.628,2.032,0,0,0,0,0,0.0,0,0,0,,,,,,0,,,,126673,4973,0
262,25.429144144058228,2026-03-05T17:37:49.689022,2.03,0.0,2.0,0.0,0.0,0.0,0.0,42.99,11.74,0.0,0.0,STRAIGHT,0.3,0.3,"CMD,0.0,0.30",1.2,0.0,1.2,0.0,0,0.5596,0,NORMAL,53.461,2.141,0,0,0,0,0,0.0,0,0,0,,,,,,0,,,,126673,4466,0
263,25.48612880706787,2026-03-05T17:37:49.746006,1.03,0.0,2.98,0.0,0.0,0.0,0.0,41.98,11.76,0.0,0.0,STRAIGHT,0.3,0.3,"CMD,0.0,0.30",1.2,0.0,1.2,0.0,0,0.5596,0,NORMAL,53.469,2.279,0,0,0,0,0,0.0,0,0,0,,,,,,0,,,,126673,4216,0
264,25.64514946937561,2026-03-05T17:37:49.905027,95.03,0.0,3.97,2.03,0.0,0.0,1.04,143.99,11.31,0.0,0.0,STRAIGHT,0.3,0.3,"CMD,0.0,0.30",1.2,0.0,1.2,0.0,0,0.0153,1,WARN,53.271,2.415,0,0,0,0,0,0.0,6,3,0,,,,,,0,,,,126673,3976,394
265,25.703147411346436,2026-03-05T17:37:49.963025,2.03,0.0,3.0,0.0,0.0,0.0,0.0,42.0,11.81,0.0,0.0,STRAIGHT,0.3,0.3,"CMD,0.0,0.30",1.2,0.0,1.2,0.0,0,0.0153,1,WARN,53.023,2.473,0,0,0,0,0,0.0,0,0,0,,,,,,0,,,,6953,3746,0
266,25.7591495513916,2026-03-05T17:37:50.019027,2.0,0.0,3.03,0.0,0.0,0.0,0.0,43.03,11.87,0.0,0.0,STRAIGHT,0.3,0.3,"CMD,0.0,0.30",1.2,0.0,1.2,0.0,0,0.0153,1,WARN,52.836,2.574,0,0,0,0,0,0.0,0,0,0,,,,,,0,,,,6953,3308,0
267,25.81816864013672,2026-03-05T17:37:50.078046,2.03,0.0,1.97,0.0,0.0,0.0,1.05,46.05,11.88,0.0,0.0,STRAIGHT,0.3,0.3,"CMD,0.0,0.30",1.2,0.0,1.2,0.0,0,0.0153,1,WARN,52.486,2.611,0,0,0,0,0,0.0,0,0,0,,,,,,0,,,,6953,3099,0
268,25.971144676208496,2026-03-05T17:37:50.231022,90.0,0.0,4.03,2.03,0.0,0.0,1.03,139.99,11.43,0.0,0.0,STRAIGHT,0.3,0.3,"CMD,0.0,0.30",1.2,0.0,1.2,0.0,0,0.0022,2,WARN,52.212,2.679,0,0,0,0,0,0.0,6,2,0,,,,,,0,,,,126673,2897,320
269,26.02815008163452,2026-03-05T17:37:50.288028,1.03,0.0,3.0,0.0,0.0,0.0,0.0,42.0,11.93,0.0,0.0,STRAIGHT,0.3,0.3,"CMD,0.0,0.30",1.2,0.0,1.2,0.0,0,0.0022,2,WARN,52.075,2.79,0,0,0,0,0,0.0,0,0,0,,,,,,0,,,,114505,2702,0
270,26.08514952659607,2026-03-05T17:37:50.345027,2.03,0.0,2.0,0.0,0.0,0.0,0.0,42.0,12.02,0.0,0.0,STRAIGHT,0.3,0.3,"CMD,0.0,0.30",1.2,0.0,1.2,0.0,0,0.0022,2,WARN,52.038,2.916,0,0,0,0,0,0.0,0,0,0,,,,,,0,,,,114505,2331,0
271,26.144156455993652,2026-03-05T17:37:50.404034,2.04,0.0,1.97,0.0,0.0,0.0,0.0,41.97,12.04,0.0,0.0,STRAIGHT,0.3,0.3,"CMD,0.0,0.30",1.2,0.0,1.2,0.0,0,0.0022,2,WARN,52.109,3.0,0,0,0,0,0,0.0,0,0,0,,,,,,0,,,,114505,2154,0
272,26.294169902801514,2026-03-05T17:37:50.554047,88.0,0.0,5.0,1.25,0.78,0.0,0.0,136.02,11.6,0.0,0.0,STRAIGHT,0.3,0.3,"CMD,0.0,0.30",1.2,0.0,1.2,0.0,0,0.0159,3,WARN,51.587,3.0,0,0,0,0,0,0.0,2,1,0,,,,,,0,,,,126942,1983,158
273,26.35815453529358,2026-03-05T17:37:50.618032,1.04,0.0,4.0,0.0,0.0,0.0,0.0,49.03,12.03,0.0,0.0,STRAIGHT,0.3,0.3,"CMD,0.0,0.30",1.2,0.0,1.2,0.0,0,0.0159,3,WARN,51.08,3.0,0,0,0,0,0,0.0,0,0,0,,,,,,0,,,,297752,1817,0
274,26.419153451919556,2026-03-05T17:37:50.679031,2.05,0.0,1.96,0.0,0.0,0.0,0.0,44.0,12.02,0.0,0.0,STRAIGHT,0.3,0.3,"CMD,0.0,0.30",1.2,0.0,1.2,0.0,0,0.0159,3,WARN,50.841,3.0,0,0,0,0,0,0.0,0,0,0,,,,,,0,,,,297752,1507,0
275,26.48112177848816,2026-03-05T17:37:50.740999,2.0,0.0,2.03,0.0,0.0,0.0,0.0,45.03,12.01,0.0,0.0,STRAIGHT,0.3,0.3,"CMD,0.0,0.30",1.2,0.0,1.2,0.0,0,0.0159,3,WARN,51.157,3.0,0,0,0,0,0,0.0,0,0,0,,,,,,0,,,,297752,1363,0
276,26.63712191581726,2026-03-05T17:37:50.896999,90.0,0.0,4.0,1.01,0.99,0.0,0.0,138.97,11.54,0.0,0.0,STRAIGHT,0.3,0.3,"CMD,0.0,0.30",1.2,0.0,1.2,0.0,0,0.0011,4,WARN,51.451,3.0,0,0,0,0,0,0.0,2,1,0,,,,,,0,,,,132061,1224,120
277,26.697155475616455,2026-03-05T17:37:50.957033,2.0,0.0,3.03,0.0,0.0,0.0,0.0,45.0,12.01,0.0,0.0,STRAIGHT,0.3,0.3,"CMD,0.0,0.30",1.2,0.0,1.2,0.0,0,0.0011,4,WARN,51.564,3.0,0,0,0,0,0,0.0,0,0,0,,,,,,0,,,,360559,1090,0
278,26.759122371673584,2026-03-05T17:37:51.019000,0.97,0.0,3.0,0.0,0.0,0.0,0.0,43.96,12.12,0.0,0.0,STRAIGHT,0.3,0.3,"CMD,0.0,0.30",1.2,0.0,1.2,0.0,0,0.0011,4,WARN,51.545,3.0,0,0,0,0,0,0.0,0,0,0,,,,,,0,,,,360559,839,0
279,26.819124460220337,2026-03-05T17:37:51.079002,2.04,0.0,1.97,0.0,0.0,0.0,1.0,42.96,12.12,0.0,0.0,STRAIGHT,0.3,0.3,"CMD,0.0,0.30",1.2,0.0,1.2,0.0,0,0.0011,4,WARN,51.96,3.0,0,0,0,0,0,0.0,0,0,0,,,,,,0,,,,360559,725,0
280,26.976158618927002,2026-03-05T17:37:51.236036,91.04,0.0,5.0,1.0,0.0,0.0,0.0,139.99,11.63,0.0,0.0,STRAIGHT,0.3,0.3,"CMD,0.0,0.30",1.2,0.0,1.2,0.0,0,0.0182,5,WARN,52.448,3.0,0,0,0,0,0,0.0,0,0,0,,,,,,0,,,,218078,618,66
281,27.038180828094482,2026-03-05T17:37:51.298058,2.04,0.0,1.97,0.0,0.0,0.0,0.0,43.96,12.09,0.0,0.0,STRAIGHT,0.3,0.3,"CMD,0.0,0.30",1.2,0.0,1.2,0.0,0,0.0182,5,WARN,52.946,3.0,0,0,0,0,0,0.0,0,0,0,,,,,,0,,,,575737,518,0
282,27.104161262512207,2026-03-05T17:37:51.364039,2.03,0.0,2.0,0.0,0.0,0.0,0.0,45.0,12.06,0.0,0.0,STRAIGHT,0.3,0.3,"CMD,0.0,0.30",1.2,0.0,1.2,0.0,0,0.0182,5,WARN,53.295,3.0,0,0,0,0,0,0.0,0,0,0,,,,,,0,,,,575737,332,0
283,27.170129537582397,2026-03-05T17:37:51.430007,2.04,0.0,1.96,0.0,0.0,0.0,1.0,45.97,12.01,0.0,0.0,STRAIGHT,0.3,0.3,"CMD,0.0,0.30",1.2,0.0,1.2,0.0,0,0.0182,5,WARN,53.616,3.0,0,0,0,0,0,0.0,0,0,0,,,,,,0,,,,575737,249,0
284,27.33012819290161,2026-03-05T17:37:51.590006,89.04,0.0,4.99,0.0,0.0,0.0,1.0,139.97,11.52,0.0,0.0,STRAIGHT,0.3,0.3,"CMD,0.0,0.30",1.2,0.0,1.2,0.0,0,0.2234,5,WARN,53.791,3.0,0,0,0,0,0,0.0,0,0,0,,,,,,0,,,,365554,173,0
285,27.494136810302734,2026-03-05T17:37:51.754014,91.01,0.0,5.0,0.97,0.0,0.0,0.0,145.97,11.5,0.0,0.0,STRAIGHT,0.3,0.3,"CMD,0.0,0.30",1.2,0.0,1.2,0.0,0,0.7439,4,NORMAL,54.089,3.0,0,0,0,0,0,0.0,0,0,0,,,,,,0,,,,384151,101,0
286,27.6511332988739,2026-03-05T17:37:51.911011,90.04,0.0,5.97,0.0,0.0,0.0,0.0,139.0,11.08,0.0,0.0,STRAIGHT,0.3,0.3,"CMD,0.0,0.30",1.2,0.0,1.2,0.0,0,0.9054,3,NORMAL,54.714,3.0,0,0,0,0,0,0.0,0,0,0,,,,,,0,,,,365797,33,0
287,27.713165283203125,2026-03-05T17:37:51.973043,1.0,0.0,3.04,0.0,0.0,0.0,0.0,44.0,11.06,0.0,0.0,STRAIGHT,0.3,0.3,"CMD,0.0,0.30",1.2,0.0,1.2,0.0,0,0.9054,3,NORMAL,55.062,3.0,0,0,0,0,0,0.0,0,0,0,,,,,,0,,,,367342,15,0
288,27.774165153503418,2026-03-05T17:37:52.034043,2.04,0.0,3.0,0.0,0.0,0.0,0.0,44.0,11.05,0.0,0.0,STRAIGHT,0.3,0.3,"CMD,0.0,0.30",1.2,0.0,1.2,0.0,0,0.9054,3,NORMAL,54.901,3.0,0,0,0,0,0,0.0,0,0,0,,,,,,0,,,,367342,0,0
289,27.838170766830444,2026-03-05T17:37:52.098048,3.0,0.0,2.0,0.0,0.0,0.0,1.0,46.0,11.46,0.0,0.0,STRAIGHT,0.3,0.3,"CMD,0.0,0.30",1.2,0.0,1.2,0.0,0,0.9054,3,NORMAL,54.825,3.0,0,0,0,0,0,0.0,0,0,0,,,,,,0,,,,367342,0,0
290,27.994167804718018,2026-03-05T17:37:52.254045,90.04,0.0,3.97,0.97,0.0,0.0,0.0,139.0,11.06,0.0,0.0,STRAIGHT,0.3,0.3,"CMD,0.0,0.30",1.2,0.0,1.2,0.0,0,0.8296,2,NORMAL,54.745,3.0,0,0,0,0,0,0.0,0,0,0,,,,,,0,,,,394714,0,0
291,28.147169589996338,2026-03-05T17:37:52.407047,88.0,0.0,5.0,0.97,0.0,0.0,0.0,135.03,10.67,0.0,0.0,STRAIGHT,0.3,0.3,"CMD,0.0,0.30",1.2,0.0,1.2,0.0,0,0.9059,1,NORMAL,55.072,3.0,0,0,0,0,0,0.0,0,0,0,,,,,,0,,,,425354,0,0
292,28.29716944694519,2026-03-05T17:37:52.557047,86.03,0.0,3.97,0.97,0.0,0.0,1.03,132.0,10.32,0.0,0.0,STRAIGHT,0.3,0.3,"CMD,0.0,0.30",1.2,0.0,1.2,0.0,0,0.9158,0,NORMAL,55.33,3.0,0,0,0,0,0,0.0,0,0,0,,,,,,0,,,,445802,0,0
293,28.45717144012451,2026-03-05T17:37:52.717049,91.03,0.0,4.97,3.04,0.0,0.0,0.0,142.99,10.31,0.0,0.0,STRAIGHT,0.3,0.3,"CMD,0.0,0.30",1.2,0.0,1.2,0.0,0,0.8061,0,NORMAL,55.327,3.0,0,0,0,0,0,0.0,7,3,0,,,,,,0,,,,366942,13977,636
294,28.51918864250183,2026-03-05T17:37:52.779066,2.03,0.0,1.97,0.0,0.0,0.0,0.0,42.96,10.3,0.0,0.0,STRAIGHT,0.3,0.3,"CMD,0.0,0.30",1.2,0.0,1.2,0.0,0,0.8061,0,NORMAL,55.476,3.0,0,0,0,0,0,0.0,0,0,0,,,,,,0,,,,369049,13708,0
295,28.580172777175903,2026-03-05T17:37:52.840050,2.03,0.0,2.0,0.0,0.0,0.0,0.0,44.0,10.28,0.0,0.0,STRAIGHT,0.3,0.3,"CMD,0.0,0.30",1.2,0.0,1.2,0.0,0,0.8061,0,NORMAL,55.84,2.966,0,0,0,0,0,0.0,0,0,0,,,,,,0,,,,369049,13170,0
296,28.644173860549927,2026-03-05T17:37:52.904051,3.04,0.0,2.99,0.0,0.0,0.0,0.0,45.0,10.26,0.0,0.0,STRAIGHT,0.3,0.3,"CMD,0.0,0.30",1.2,0.0,1.2,0.0,0,0.8061,0,NORMAL,56.34,2.917,0,0,0,0,0,0.0,0,0,0,,,,,,0,,,,369049,12901,0
297,28.806144952774048,2026-03-05T17:37:53.066022,86.0,0.0,4.0,3.99,0.0,0.0,0.0,136.97,10.23,0.0,0.0,STRAIGHT,0.3,0.3,"CMD,0.0,0.30",1.2,0.0,1.2,0.0,0,0.743,0,NORMAL,56.077,2.83,0,0,0,0,0,0.0,7,3,0,,,,,,0,,,,335349,12633,602
298,28.8681743144989,2026-03-05T17:37:53.128052,1.04,0.0,3.0,0.0,0.0,0.0,0.0,43.99,10.21,0.0,0.0,STRAIGHT,0.3,0.3,"CMD,0.0,0.30",1.2,0.0,1.2,0.0,0,0.743,0,NORMAL,55.814,2.74,0,0,0,0,0,0.0,0,0,0,,,,,,0,,,,337076,12104,0
299,28.930176973342896,2026-03-05T17:37:53.190055,1.03,0.0,3.0,0.0,0.0,0.0,0.0,44.0,10.19,0.0,0.0,STRAIGHT,0.3,0.3,"CMD,0.0,0.30",1.2,0.0,1.2,0.0,0,0.743,0,NORMAL,55.565,2.667,0,0,0,0,0,0.0,0,0,0,,,,,,0,,,,337076,11845,0
300,28.992178440093994,2026-03-05T17:37:53.252056,2.0,0.0,2.0,0.0,0.0,0.0,0.0,45.0,10.18,0.0,0.0,STRAIGHT,0.3,0.3,"CMD,0.0,0.30",1.2,0.0,1.2,0.0,0,0.743,0,NORMAL,55.104,2.596,0,0,0,0,0,0.0,0,0,0,,,,,,0,,,,337076,11330,0
301,29.146178722381592,2026-03-05T17:37:53.406056,85.0,0.0,5.03,3.04,0.0,0.0,0.0,136.0,10.17,0.0,0.0,STRAIGHT,0.3,0.3,"CMD,0.0,0.30",1.2,0.0,1.2,0.0,0,0.8459,0,NORMAL,54.428,2.523,0,0,0,0,0,0.0,7,3,0,,,,,,0,,,,328919,11200,567
302,29.209181547164917,2026-03-05T17:37:53.469059,2.01,0.0,3.03,0.0,0.0,0.0,0.0,45.0,10.17,0.0,0.0,STRAIGHT,0.3,0.3,"CMD,0.0,0.30",1.2,0.0,1.2,0.0,0,0.8459,0,NORMAL,53.979,2.436,0,0,0,0,0,0.0,0,0,0,,,,,,0,,,,330433,10695,0
303,29.270177841186523,2026-03-05T17:37:53.530055,2.04,0.0,1.99,0.0,0.0,0.0,0.0,43.0,10.17,0.0,0.0,STRAIGHT,0.3,0.3,"CMD,0.0,0.30",1.2,0.0,1.2,0.0,0,0.8459,0,NORMAL,53.445,2.362,0,0,0,0,0,0.0,0,0,0,,,,,,0,,,,330433,10446,0
304,29.3331778049469,2026-03-05T17:37:53.593055,2.03,0.0,2.0,0.0,0.0,0.0,0.0,44.0,10.17,0.0,0.0,STRAIGHT,0.3,0.3,"CMD,0.0,0.30",1.2,0.0,1.2,0.0,0,0.8459,0,NORMAL,52.938,2.308,0,0,0,0,0,0.0,0,0,0,,,,,,0,,,,330433,9955,0
305,29.491180419921875,2026-03-05T17:37:53.751058,87.05,0.0,4.98,3.0,0.0,0.0,0.0,140.98,10.16,0.0,0.0,STRAIGHT,0.3,0.3,"CMD,0.0,0.30",1.2,0.0,1.2,0.0,0,0.815,0,NORMAL,52.459,2.234,0,0,0,0,0,0.0,7,3,0,,,,,,0,,,,303312,9814,533
306,29.555174827575684,2026-03-05T17:37:53.815052,2.03,0.0,1.97,0.0,0.0,0.0,0.0,43.99,10.15,0.0,0.0,STRAIGHT,0.3,0.3,"CMD,0.0,0.30",1.2,0.0,1.2,0.0,0,0.815,0,NORMAL,51.9,2.15,0,0,0,0,0,0.0,0,0,0,,,,,,0,,,,303916,9332,0
307,29.61618423461914,2026-03-05T17:37:53.876062,2.04,0.0,2.0,0.0,0.0,0.0,0.0,45.0,10.15,0.0,0.0,STRAIGHT,0.3,0.3,"CMD,0.0,0.30",1.2,0.0,1.2,0.0,0,0.815,0,NORMAL,51.328,2.101,0,0,0,0,0,0.0,0,0,0,,,,,,0,,,,303916,9093,0
308,29.679149389266968,2026-03-05T17:37:53.939027,1.0,0.0,3.0,0.0,0.0,0.0,0.0,44.97,10.14,0.0,0.0,STRAIGHT,0.3,0.3,"CMD,0.0,0.30",1.2,0.0,1.2,0.0,0,0.815,0,NORMAL,50.67,2.047,0,0,0,0,0,0.0,0,0,0,,,,,,0,,,,303916,8621,0
309,29.837183713912964,2026-03-05T17:37:54.097061,88.0,0.0,5.0,3.04,0.0,0.0,0.0,138.99,10.14,0.0,0.0,STRAIGHT,0.3,0.3,"CMD,0.0,0.30",1.2,0.0,1.2,0.0,0,0.8998,0,NORMAL,50.484,1.988,0,0,0,0,0,0.0,7,3,0,,,,,,0,,,,319659,8462,490
310,29.904184818267822,2026-03-05T17:37:54.164062,2.04,0.0,3.0,0.0,0.0,0.0,0.0,48.03,10.11,0.0,0.0,STRAIGHT,0.3,0.3,"CMD,0.0,0.30",1.2,0.0,1.2,0.0,0,0.8998,0,NORMAL,50.129,1.88,0,0,0,0,0,0.0,0,0,0,,,,,,0,,,,320639,8000,0
311,29.969199419021606,2026-03-05T17:37:54.229077,2.04,0.0,3.01,0.0,0.0,0.0,0.0,47.02,10.12,0.0,0.0,STRAIGHT,0.3,0.3,"CMD,0.0,0.30",1.2,0.0,1.2,0.0,0,0.8998,0,NORMAL,50.019,1.817,0,0,0,0,0,0.0,0,0,0,,,,,,0,,,,320639,7771,0
312,30.030184507369995,2026-03-05T17:37:54.290062,2.03,0.0,2.0,0.0,0.0,0.0,0.0,43.99,10.14,0.0,0.0,STRAIGHT,0.3,0.3,"CMD,0.0,0.30",1.2,0.0,1.2,0.0,0,0.8998,0,NORMAL,50.0,1.757,0,0,0,0,0,0.0,0,0,0,,,,,,0,,,,320639,7318,0
313,30.18418574333191,2026-03-05T17:37:54.444063,85.03,0.0,5.0,2.0,1.04,0.0,0.0,134.97,10.16,0.0,0.0,STRAIGHT,0.3,0.3,"CMD,0.0,0.30",1.2,0.0,1.2,0.0,0,0.8852,0,NORMAL,50.038,1.702,0,0,0,0,0,0.0,7,3,0,,,,,,0,,,,303059,7151,440
314,30.246163606643677,2026-03-05T17:37:54.506041,2.04,0.0,2.97,0.0,0.0,0.0,0.0,44.97,10.54,0.0,0.0,STRAIGHT,0.3,0.3,"CMD,0.0,0.30",1.2,0.0,1.2,0.0,0,0.8852,0,NORMAL,50.186,1.643,0,0,0,0,0,0.0,0,0,0,,,,,,0,,,,304019,6720,0
315,30.308189153671265,2026-03-05T17:37:54.568067,1.03,0.0,3.0,0.0,0.0,0.0,0.0,45.03,10.91,0.0,0.0,STRAIGHT,0.3,0.3,"CMD,0.0,0.30",1.2,0.0,1.2,0.0,0,0.8852,0,NORMAL,50.476,1.563,0,0,0,0,0,0.0,0,0,0,,,,,,0,,,,304019,6515,0
316,30.3691885471344,2026-03-05T17:37:54.629066,2.04,0.0,2.0,0.0,0.0,0.0,0.0,44.0,10.92,0.0,0.0,STRAIGHT,0.3,0.3,"CMD,0.0,0.30",1.2,0.0,1.2,0.0,0,0.8852,0,NORMAL,50.978,1.496,0,0,0,0,0,0.0,0,0,0,,,,,,0,,,,304019,6313,0
317,30.53815722465515,2026-03-05T17:37:54.798035,91.01,0.0,6.0,3.0,0.0,0.0,0.0,151.0,10.49,0.0,0.0,STRAIGHT,0.3,0.3,"CMD,0.0,0.30",1.2,0.0,1.2,0.0,0,0.7851,0,NORMAL,51.69,1.434,0,0,0,0,0,0.0,7,3,0,,,,,,0,,,,373392,6116,371
318,30.6171612739563,2026-03-05T17:37:54.877039,2.0,0.0,4.0,0.0,0.0,0.0,0.0,59.0,10.44,0.0,0.0,STRAIGHT,0.3,0.3,"CMD,0.0,0.30",1.2,0.0,1.2,0.0,0,0.7851,0,NORMAL,52.528,1.381,0,0,0,0,0,0.0,0,0,0,,,,,,0,,,,374677,5729,0
319,30.68821406364441,2026-03-05T17:37:54.948091,2.0,0.0,3.05,0.0,0.0,0.0,0.0,50.05,10.76,0.0,0.0,STRAIGHT,0.3,0.3,"CMD,0.0,0.30",1.2,0.0,1.2,0.0,0,0.7851,0,NORMAL,53.669,1.329,0,0,0,0,0,0.0,0,0,0,,,,,,0,,,,374677,5538,0
320,30.759158611297607,2026-03-05T17:37:55.019036,2.0,0.0,3.01,0.0,0.0,0.0,0.0,49.01,11.11,0.0,0.0,STRAIGHT,0.3,0.3,"CMD,0.0,0.30",1.2,0.0,1.2,0.0,0,0.7851,0,NORMAL,55.087,1.266,0,0,0,0,0,0.0,0,0,0,,,,,,0,,,,374677,5364,0
321,30.92716097831726,2026-03-05T17:37:55.187038,95.0,0.0,6.0,3.0,0.0,0.0,0.0,148.97,11.03,0.0,0.0,STRAIGHT,0.3,0.3,"CMD,0.0,0.30",1.2,0.0,1.2,0.0,0,0.836,0,NORMAL,56.519,1.189,0,0,0,0,0,0.0,7,2,0,,,,,,0,,,,316883,5192,335
322,31.006162405014038,2026-03-05T17:37:55.266040,2.0,0.0,4.0,0.0,0.0,0.0,0.0,55.01,11.38,0.0,0.0,STRAIGHT,0.3,0.3,"CMD,0.0,0.30",1.2,0.0,1.2,0.0,0,0.836,0,NORMAL,58.279,1.128,0,0,0,0,0,0.0,0,0,0,,,,,,0,,,,317710,5023,0
323,31.079164266586304,2026-03-05T17:37:55.339042,3.04,0.0,2.0,0.0,0.0,0.0,0.0,49.04,11.33,0.0,0.0,STRAIGHT,0.3,0.3,"CMD,0.0,0.30",1.2,0.0,1.2,0.0,0,0.836,0,NORMAL,60.176,1.077,0,0,0,0,0,0.0,0,0,0,,,,,,0,,,,317710,4691,0
324,31.145197868347168,2026-03-05T17:37:55.405075,2.04,0.0,2.0,0.0,0.0,0.0,0.0,46.0,11.31,0.0,0.0,STRAIGHT,0.3,0.3,"CMD,0.0,0.30",1.2,0.0,1.2,0.0,0,0.836,0,NORMAL,62.101,1.022,0,0,0,0,0,0.0,0,0,0,,,,,,0,,,,317710,4528,0
325,31.323166370391846,2026-03-05T17:37:55.583044,100.01,0.0,5.99,2.0,1.0,0.0,0.0,159.0,10.82,0.0,0.0,STRAIGHT,0.3,0.3,"CMD,0.0,0.30",1.2,0.0,1.2,0.0,0,0.8797,0,NORMAL,63.851,0.979,0,0,0,0,0,0.0,7,2,0,,,,,,0,,,,349717,4367,305
326,31.396167993545532,2026-03-05T17:37:55.656045,2.0,0.0,3.0,0.0,0.0,0.0,0.0,51.97,11.2,0.0,0.0,STRAIGHT,0.3,0.3,"CMD,0.0,0.30",1.2,0.0,1.2,0.0,0,0.8797,0,NORMAL,65.756,0.94,0,0,0,0,0,0.0,0,0,0,,,,,,0,,,,350497,4207,0
327,31.473169326782227,2026-03-05T17:37:55.733047,2.0,0.0,3.0,0.0,0.0,0.0,0.0,54.0,11.14,0.0,0.0,STRAIGHT,0.3,0.3,"CMD,0.0,0.30",1.2,0.0,1.2,0.0,0,0.8797,0,NORMAL,67.64,0.887,0,0,0,0,0,0.0,0,0,0,,,,,,0,,,,350497,3898,0
328,31.544168949127197,2026-03-05T17:37:55.804046,2.04,0.0,2.97,0.0,0.0,0.0,0.0,52.01,11.09,0.0,0.0,STRAIGHT,0.3,0.3,"CMD,0.0,0.30",1.2,0.0,1.2,0.0,0,0.8797,0,NORMAL,69.112,0.828,0,0,0,0,0,0.0,0,0,0,,,,,,0,,,,350497,3748,0
329,31.724170684814453,2026-03-05T17:37:55.984048,99.03,0.0,5.0,3.97,0.0,0.0,0.0,158.97,10.62,0.0,0.0,STRAIGHT,0.3,0.3,"CMD,0.0,0.30",1.2,0.0,1.2,0.0,0,0.8595,0,NORMAL,70.711,0.77,0,0,0,0,0,0.0,7,2,0,,,,,,0,,,,306372,3601,257
330,31.7932071685791,2026-03-05T17:37:56.053085,3.01,0.0,3.03,0.0,0.0,0.0,0.0,50.0,10.96,0.0,0.0,STRAIGHT,0.3,0.3,"CMD,0.0,0.30",1.2,0.0,1.2,0.0,0,0.8595,0,NORMAL,70.711,0.708,0,0,0,0,0,0.0,0,0,0,,,,,,0,,,,306818,3313,0
331,31.872173070907593,2026-03-05T17:37:56.132051,2.04,0.0,2.97,0.0,0.0,0.0,0.0,58.0,10.89,0.0,0.0,STRAIGHT,0.3,0.3,"CMD,0.0,0.30",1.2,0.0,1.2,0.0,0,0.8595,0,NORMAL,70.711,0.659,0,0,0,0,0,0.0,0,0,0,,,,,,0,,,,306818,3176,0
332,31.94316816329956,2026-03-05T17:37:56.203046,2.0,0.0,1.96,0.0,0.0,0.0,0.0,51.97,10.85,0.0,0.0,STRAIGHT,0.3,0.3,"CMD,0.0,0.30",1.2,0.0,1.2,0.0,0,0.8595,0,NORMAL,70.711,0.626,0,0,0,0,0,0.0,0,0,0,,,,,,0,,,,306818,3041,0
333,32.11418104171753,2026-03-05T17:37:56.374058,92.01,0.0,4.99,1.99,0.0,0.0,0.0,152.01,10.42,0.0,0.0,STRAIGHT,0.3,0.3,"CMD,0.0,0.30",1.2,0.0,1.2,0.0,0,0.8897,0,NORMAL,70.711,0.601,0,0,0,0,0,0.0,2,1,0,,,,,,0,,,,342001,2908,214
334,32.186206340789795,2026-03-05T17:37:56.446084,2.0,0.0,3.03,0.0,0.0,0.0,0.0,49.04,10.76,0.0,0.0,STRAIGHT,0.3,0.3,"CMD,0.0,0.30",1.2,0.0,1.2,0.0,0,0.8897,0,NORMAL,70.711,0.568,0,0,0,0,0,0.0,0,0,0,,,,,,0,,,,342626,2648,0
335,32.25317144393921,2026-03-05T17:37:56.513049,2.0,0.0,3.0,0.0,0.0,0.0,0.0,47.99,10.74,0.0,0.0,STRAIGHT,0.3,0.3,"CMD,0.0,0.30",1.2,0.0,1.2,0.0,0,0.8897,0,NORMAL,70.711,0.538,0,0,0,0,0,0.0,0,0,0,,,,,,0,,,,342626,2523,0
336,32.31817102432251,2026-03-05T17:37:56.578049,2.01,0.0,1.99,0.0,0.0,0.0,0.0,46.0,10.73,0.0,0.0,STRAIGHT,0.3,0.3,"CMD,0.0,0.30",1.2,0.0,1.2,0.0,0,0.8897,0,NORMAL,70.711,0.515,0,0,0,0,0,0.0,0,0,0,,,,,,0,,,,342626,2402,0
337,32.48817467689514,2026-03-05T17:37:56.748052,95.01,0.0,6.0,2.0,0.0,0.0,0.0,151.0,10.32,0.0,0.0,STRAIGHT,0.3,0.3,"CMD,0.0,0.30",1.2,0.0,1.2,0.0,0,0.8414,0,NORMAL,70.711,0.484,0,0,0,0,0,0.0,2,1,0,,,,,,0,,,,318660,2283,186
338,32.566181659698486,2026-03-05T17:37:56.826059,2.01,0.0,3.0,0.0,0.0,0.0,0.0,55.01,10.62,0.0,0.0,STRAIGHT,0.3,0.3,"CMD,0.0,0.30",1.2,0.0,1.2,0.0,0,0.8414,0,NORMAL,70.711,0.463,0,0,0,0,0,0.0,0,0,0,,,,,,0,,,,319318,2051,0
339,32.63721060752869,2026-03-05T17:37:56.897088,2.03,0.0,1.97,0.0,0.0,0.0,1.03,51.03,10.61,0.0,0.0,STRAIGHT,0.3,0.3,"CMD,0.0,0.30",1.2,0.0,1.2,0.0,0,0.8414,0,NORMAL,70.711,0.427,0,0,0,0,0,0.0,0,0,0,,,,,,0,,,,319318,1939,0
340,32.708219051361084,2026-03-05T17:37:56.968097,2.0,0.0,3.01,0.0,0.0,0.0,0.0,51.01,10.59,0.0,0.0,STRAIGHT,0.3,0.3,"CMD,0.0,0.30",1.2,0.0,1.2,0.0,0,0.8414,0,NORMAL,70.711,0.387,0,0,0,0,0,0.0,0,0,0,,,,,,0,,,,319318,1830,0
341,32.86820936203003,2026-03-05T17:37:57.128087,89.01,0.0,4.96,1.96,0.0,0.0,0.0,141.03,10.22,0.0,0.0,STRAIGHT,0.3,0.3,"CMD,0.0,0.30",1.2,0.0,1.2,0.0,0,0.9579,0,NORMAL,70.711,0.39,0,0,0,0,0,0.0,2,1,0,,,,,,0,,,,327349,1722,130
342,32.93617844581604,2026-03-05T17:37:57.196056,3.0,0.0,3.0,0.0,0.0,0.0,0.0,48.97,10.53,0.0,0.0,STRAIGHT,0.3,0.3,"CMD,0.0,0.30",1.2,0.0,1.2,0.0,0,0.9579,0,NORMAL,65.684,0.388,0,0,0,0,0,0.0,0,0,0,,,,,,0,,,,328089,1512,0
343,33.00822329521179,2026-03-05T17:37:57.268101,2.0,0.0,3.03,0.0,0.0,0.0,0.0,49.02,10.5,0.0,0.0,STRAIGHT,0.3,0.3,"CMD,0.0,0.30",1.2,0.0,1.2,0.0,0,0.9579,0,NORMAL,61.471,0.346,0,0,0,0,0,0.0,0,0,0,,,,,,0,,,,328089,1416,0
344,33.069212913513184,2026-03-05T17:37:57.329090,2.03,0.0,2.0,0.0,0.0,0.0,0.0,44.03,10.5,0.0,0.0,STRAIGHT,0.3,0.3,"CMD,0.0,0.30",1.2,0.0,1.2,0.0,0,0.9579,0,NORMAL,57.803,0.329,0,0,0,0,0,0.0,0,0,0,,,,,,0,,,,328089,1245,0
345,33.220213890075684,2026-03-05T17:37:57.480091,84.03,0.0,3.97,1.97,0.0,0.0,0.0,132.0,10.18,0.0,0.0,STRAIGHT,0.3,0.3,"CMD,0.0,0.30",1.2,0.0,1.2,0.0,0,0.9056,0,NORMAL,54.964,0.332,0,0,0,0,0,0.0,2,1,0,,,,,,0,,,,348473,1169,98
346,33.28221774101257,2026-03-05T17:37:57.542095,2.01,0.0,1.99,0.0,0.0,0.0,0.0,43.96,10.57,0.0,0.0,STRAIGHT,0.3,0.3,"CMD,0.0,0.30",1.2,0.0,1.2,0.0,0,0.9056,0,NORMAL,52.864,0.306,0,0,0,0,0,0.0,0,0,0,,,,,,0,,,,349123,1032,0
347,33.34321331977844,2026-03-05T17:37:57.603091,2.03,0.0,1.97,0.0,0.0,0.0,1.03,44.0,10.64,0.0,0.0,STRAIGHT,0.3,0.3,"CMD,0.0,0.30",1.2,0.0,1.2,0.0,0,0.9056,0,NORMAL,51.161,0.279,0,0,0,0,0,0.0,0,0,0,,,,,,0,,,,349123,969,0
348,33.40521502494812,2026-03-05T17:37:57.665092,2.04,0.0,1.97,0.0,0.0,0.0,0.0,43.97,10.68,0.0,0.0,STRAIGHT,0.3,0.3,"CMD,0.0,0.30",1.2,0.0,1.2,0.0,0,0.9056,0,NORMAL,50.186,0.287,0,0,0,0,0,0.0,0,0,0,,,,,,0,,,,349123,909,0
349,33.564183712005615,2026-03-05T17:37:57.824061,92.03,0.0,5.0,1.97,0.0,0.0,0.0,141.0,10.33,0.0,0.0,STRAIGHT,0.3,0.3,"CMD,0.0,0.30",1.2,0.0,1.2,0.0,0,0.9268,0,NORMAL,50.023,0.28,0,0,0,0,0,0.0,2,1,0,,,,,,0,,,,338164,849,94
350,33.62821865081787,2026-03-05T17:37:57.888096,2.04,0.0,3.0,0.0,0.0,0.0,0.0,45.99,10.74,0.0,0.0,STRAIGHT,0.3,0.3,"CMD,0.0,0.30",1.2,0.0,1.2,0.0,0,0.9268,0,NORMAL,50.594,0.254,0,0,0,0,0,0.0,0,0,0,,,,,,0,,,,338519,732,0
351,33.689186811447144,2026-03-05T17:37:57.949064,1.0,0.0,2.97,0.0,0.0,0.0,0.0,43.96,10.8,0.0,0.0,STRAIGHT,0.3,0.3,"CMD,0.0,0.30",1.2,0.0,1.2,0.0,0,0.9268,0,NORMAL,51.774,0.243,0,0,0,0,0,0.0,0,0,0,,,,,,0,,,,338519,675,0
352,33.750186920166016,2026-03-05T17:37:58.010064,2.01,0.0,3.0,0.0,0.0,0.0,0.0,43.97,10.85,0.0,0.0,STRAIGHT,0.3,0.3,"CMD,0.0,0.30",1.2,0.0,1.2,0.0,0,0.9268,0,NORMAL,53.635,0.246,0,0,0,0,0,0.0,0,0,0,,,,,,0,,,,338519,619,0
353,33.90321969985962,2026-03-05T17:37:58.163097,86.03,0.0,5.02,0.94,1.06,0.0,0.0,134.98,10.51,0.0,0.0,STRAIGHT,0.3,0.3,"CMD,0.0,0.30",1.2,0.0,1.2,0.0,0,0.9278,0,NORMAL,55.812,0.237,0,0,0,0,0,0.0,2,1,0,,,,,,0,,,,357551,563,70
354,33.96921896934509,2026-03-05T17:37:58.229097,1.0,0.0,3.0,0.0,0.0,0.0,0.0,47.99,10.96,0.0,0.0,STRAIGHT,0.3,0.3,"CMD,0.0,0.30",1.2,0.0,1.2,0.0,0,0.9278,0,NORMAL,58.587,0.215,0,0,0,0,0,0.0,0,0,0,,,,,,0,,,,358104,455,0
355,34.029221057891846,2026-03-05T17:37:58.289098,2.0,0.0,2.0,0.0,0.0,0.0,0.0,44.0,11.01,0.0,0.0,STRAIGHT,0.3,0.3,"CMD,0.0,0.30",1.2,0.0,1.2,0.0,0,0.9278,0,NORMAL,61.702,0.197,0,0,0,0,0,0.0,0,0,0,,,,,,0,,,,358104,403,0
356,34.08918857574463,2026-03-05T17:37:58.349066,2.03,0.0,1.97,0.0,0.0,0.0,0.0,42.96,11.08,0.0,0.0,STRAIGHT,0.3,0.3,"CMD,0.0,0.30",1.2,0.0,1.2,0.0,0,0.9278,0,NORMAL,64.98,0.195,0,0,0,0,0,0.0,0,0,0,,,,,,0,,,,358104,352,0
357,34.23722243309021,2026-03-05T17:37:58.497100,84.04,0.0,4.99,1.0,0.0,0.0,1.03,131.03,10.77,0.0,0.0,STRAIGHT,0.3,0.3,"CMD,0.0,0.30",1.2,0.0,1.2,0.0,0,0.9311,0,NORMAL,68.256,0.185,0,0,0,0,0,0.0,0,0,0,,,,,,0,,,,382506,302,32
358,34.2982439994812,2026-03-05T17:37:58.558122,2.03,0.0,1.97,0.0,0.0,0.0,0.0,41.97,11.27,0.0,0.0,STRAIGHT,0.3,0.3,"CMD,0.0,0.30",1.2,0.0,1.2,0.0,0,0.9311,0,NORMAL,70.711,0.181,0,0,0,0,0,0.0,0,0,0,,,,,,0,,,,383083,217,0
359,34.35823082923889,2026-03-05T17:37:58.618108,2.0,0.0,2.04,0.0,0.0,0.0,0.0,43.01,11.31,0.0,0.0,STRAIGHT,0.3,0.3,"CMD,0.0,0.30",1.2,0.0,1.2,0.0,0,0.9311,0,NORMAL,70.711,0.182,0,0,0,0,0,0.0,0,0,0,,,,,,0,,,,383083,181,0
360,34.419228315353394,2026-03-05T17:37:58.679106,1.04,0.0,3.0,0.0,0.0,0.0,0.0,43.0,11.39,0.0,0.0,STRAIGHT,0.3,0.3,"CMD,0.0,0.30",1.2,0.0,1.2,0.0,0,0.9311,0,NORMAL,70.711,0.181,0,0,0,0,0,0.0,0,0,0,,,,,,0,,,,383083,147,0
361,34.57622480392456,2026-03-05T17:37:58.836102,89.03,0.0,5.97,0.96,0.0,0.0,0.0,138.02,11.01,0.0,0.0,STRAIGHT,0.3,0.3,"CMD,0.0,0.30",1.2,0.0,1.2,0.0,0,0.9753,0,NORMAL,70.711,0.158,0,0,0,0,0,0.0,0,0,0,,,,,,0,,,,384519,117,0
362,34.72519373893738,2026-03-05T17:37:58.985071,84.03,0.0,4.97,1.0,0.0,0.0,0.0,130.97,11.11,0.0,0.0,STRAIGHT,0.3,0.3,"CMD,0.0,0.30",1.2,0.0,1.2,0.0,0,0.9916,0,NORMAL,70.711,0.148,0,0,0,0,0,0.0,0,0,0,,,,,,0,,,,383969,92,0
363,34.786226987838745,2026-03-05T17:37:59.046104,2.04,0.0,2.0,0.0,0.0,0.0,0.0,44.0,11.15,0.0,0.0,STRAIGHT,0.3,0.3,"CMD,0.0,0.30",1.2,0.0,1.2,0.0,0,0.9916,0,NORMAL,70.711,0.149,0,0,0,0,0,0.0,0,0,0,,,,,,0,,,,384349,70,0
364,34.8482232093811,2026-03-05T17:37:59.108101,1.99,0.0,2.0,0.0,0.0,0.0,0.0,43.99,11.18,0.0,0.0,STRAIGHT,0.3,0.3,"CMD,0.0,0.30",1.2,0.0,1.2,0.0,0,0.9916,0,NORMAL,70.711,0.155,0,0,0,0,0,0.0,0,0,0,,,,,,0,,,,384349,37,0
365,34.90921998023987,2026-03-05T17:37:59.169097,2.0,0.0,3.02,0.0,0.0,0.0,0.0,43.99,11.19,0.0,0.0,STRAIGHT,0.3,0.3,"CMD,0.0,0.30",1.2,0.0,1.2,0.0,0,0.9916,0,NORMAL,70.711,0.172,0,0,0,0,0,0.0,0,0,0,,,,,,0,,,,384349,24,0
366,35.05720019340515,2026-03-05T17:37:59.317078,84.04,0.0,5.0,1.0,0.0,0.0,0.0,130.98,11.29,0.0,0.0,STRAIGHT,0.3,0.3,"CMD,0.0,0.30",1.2,0.0,1.2,0.0,0,0.957,0,NORMAL,70.711,0.192,0,0,0,0,0,0.0,0,0,0,,,,,,0,,,,373373,12,0
367,35.208197593688965,2026-03-05T17:37:59.468075,85.0,0.0,5.0,1.0,0.0,0.0,0.0,132.95,10.98,0.0,0.0,STRAIGHT,0.3,0.3,"CMD,0.0,0.30",1.2,0.0,1.2,0.0,0,0.9892,0,NORMAL,70.711,0.19,0,0,0,0,0,0.0,0,0,0,,,,,,0,,,,372941,4,0
368,35.35622525215149,2026-03-05T17:37:59.616103,84.05,0.0,3.96,0.97,0.0,0.0,0.0,130.97,10.67,0.0,0.0,STRAIGHT,0.3,0.3,"CMD,0.0,0.30",1.2,0.0,1.2,0.0,0,0.9838,0,NORMAL,70.711,0.18,0,0,0,0,0,0.0,0,0,0,,,,,,0,,,,377565,1,0
369,35.5102322101593,2026-03-05T17:37:59.770110,84.0,0.0,4.99,5.03,0.0,0.0,0.0,135.99,10.35,0.0,0.0,STRAIGHT,0.3,0.3,"CMD,0.0,0.30",1.2,0.0,1.2,0.0,0,0.984,0,NORMAL,70.711,0.181,0,0,0,0,0,0.0,18,4,0,,,,,,0,,,,372741,20180,770
370,35.57323360443115,2026-03-05T17:37:59.833111,2.03,0.0,2.97,0.0,0.0,0.0,0.0,46.0,10.72,0.0,0.0,STRAIGHT,0.3,0.3,"CMD,0.0,0.30",1.2,0.0,1.2,0.0,0,0.984,0,NORMAL,70.711,0.202,0,0,0,0,0,0.0,0,0,0,,,,,,0,,,,372962,19891,0
371,35.64023780822754,2026-03-05T17:37:59.900115,1.0,0.0,3.0,0.0,0.0,0.0,0.0,49.0,10.72,0.0,0.0,STRAIGHT,0.3,0.3,"CMD,0.0,0.30",1.2,0.0,1.2,0.0,0,0.984,0,NORMAL,70.705,0.22,0,0,0,0,0,0.0,0,0,0,,,,,,0,,,,372962,19313,0
372,35.70223069190979,2026-03-05T17:37:59.962108,2.05,0.0,2.98,0.0,0.0,0.0,0.0,44.99,10.76,0.0,0.0,STRAIGHT,0.3,0.3,"CMD,0.0,0.30",1.2,0.0,1.2,0.0,0,0.984,0,NORMAL,69.562,0.227,0,0,0,0,0,0.0,0,0,0,,,,,,0,,,,372962,19024,0
373,35.86023807525635,2026-03-05T17:38:00.120116,86.03,0.0,4.97,5.04,0.0,0.0,0.0,140.0,10.39,0.0,0.0,STRAIGHT,0.3,0.3,"CMD,0.0,0.30",1.2,0.0,1.2,0.0,0,0.9586,0,NORMAL,68.326,0.23,0,0,0,0,0,0.0,25,3,0,,,,,,0,,,,381437,23836,758
374,35.923238039016724,2026-03-05T17:38:00.183116,1.01,0.0,3.0,0.0,0.0,0.0,0.0,44.0,10.72,0.0,0.0,STRAIGHT,0.3,0.3,"CMD,0.0,0.30",1.2,0.0,1.2,0.0,0,0.9586,0,NORMAL,66.969,0.242,0,0,0,0,0,0.0,0,0,0,,,,,,0,,,,381628,23267,0
375,35.9862380027771,2026-03-05T17:38:00.246115,2.03,0.0,2.0,0.0,0.0,0.0,0.0,45.0,10.72,0.0,0.0,STRAIGHT,0.3,0.3,"CMD,0.0,0.30",1.2,0.0,1.2,0.0,0,0.9586,0,NORMAL,65.592,0.252,0,0,0,0,0,0.0,0,0,0,,,,,,0,,,,381628,22978,0
376,36.04624152183533,2026-03-05T17:38:00.306119,2.03,0.0,2.01,0.0,0.0,0.0,0.0,43.0,10.73,0.0,0.0,STRAIGHT,0.3,0.3,"CMD,0.0,0.30",1.2,0.0,1.2,0.0,0,0.9586,0,NORMAL,64.431,0.259,0,0,0,0,0,0.0,0,0,0,,,,,,0,,,,381628,22685,0
377,36.20021033287048,2026-03-05T17:38:00.460088,84.03,0.0,5.0,4.03,1.0,0.0,0.0,135.0,10.38,0.0,0.0,STRAIGHT,0.3,0.3,"CMD,0.0,0.30",1.2,0.0,1.2,0.0,0,0.9398,0,NORMAL,62.909,0.26,0,0,0,0,0,0.0,14,4,0,,,,,,0,,,,389379,25061,735
378,36.26024007797241,2026-03-05T17:38:00.520117,2.04,0.0,2.0,0.0,0.0,0.0,0.0,42.0,10.76,0.0,0.0,STRAIGHT,0.3,0.3,"CMD,0.0,0.30",1.2,0.0,1.2,0.0,0,0.9398,0,NORMAL,61.377,0.254,0,0,0,0,0,0.0,0,0,0,,,,,,0,,,,389704,24531,0
379,36.32123851776123,2026-03-05T17:38:00.581116,2.04,0.0,3.0,0.0,0.0,0.0,0.0,43.0,10.77,0.0,0.0,STRAIGHT,0.3,0.3,"CMD,0.0,0.30",1.2,0.0,1.2,0.0,0,0.9398,0,NORMAL,60.072,0.242,0,0,0,0,0,0.0,0,0,0,,,,,,0,,,,389704,24238,0
380,36.38123917579651,2026-03-05T17:38:00.641117,2.03,0.0,2.0,0.0,0.0,0.0,0.0,42.99,10.77,0.0,0.0,STRAIGHT,0.3,0.3,"CMD,0.0,0.30",1.2,0.0,1.2,0.0,0,0.9398,0,NORMAL,58.8,0.233,0,0,0,0,0,0.0,0,0,0,,,,,,0,,,,389704,23951,0
381,36.5352418422699,2026-03-05T17:38:00.795119,83.04,0.0,4.99,6.0,0.0,0.0,0.0,136.0,10.41,0.0,0.0,STRAIGHT,0.3,0.3,"CMD,0.0,0.30",1.2,0.0,1.2,0.0,0,0.9505,0,NORMAL,57.578,0.232,0,0,0,0,0,0.0,27,4,0,,,,,,0,,,,392701,26245,799
382,36.598249435424805,2026-03-05T17:38:00.858127,1.0,0.0,3.01,0.0,0.0,0.0,0.0,45.0,10.76,0.0,0.0,STRAIGHT,0.3,0.3,"CMD,0.0,0.30",1.2,0.0,1.2,0.0,0,0.9505,0,NORMAL,56.362,0.234,0,0,0,0,0,0.0,0,0,0,,,,,,0,,,,392990,25707,0
383,36.663244009017944,2026-03-05T17:38:00.923121,2.03,0.0,1.97,0.0,0.0,0.0,0.0,44.96,10.77,0.0,0.0,STRAIGHT,0.3,0.3,"CMD,0.0,0.30",1.2,0.0,1.2,0.0,0,0.9505,0,NORMAL,55.345,0.232,0,0,0,0,0,0.0,0,0,0,,,,,,0,,,,392990,25416,0
384,36.72321128845215,2026-03-05T17:38:00.983089,0.95,0.0,3.0,0.0,0.0,0.0,0.0,42.96,10.76,0.0,0.0,STRAIGHT,0.3,0.3,"CMD,0.0,0.30",1.2,0.0,1.2,0.0,0,0.9505,0,NORMAL,54.486,0.232,0,0,0,0,0,0.0,0,0,0,,,,,,0,,,,392990,25128,0
385,36.87925171852112,2026-03-05T17:38:01.139129,87.04,0.0,5.0,5.03,0.0,0.0,0.0,138.01,10.39,0.0,0.0,STRAIGHT,0.3,0.3,"CMD,0.0,0.30",1.2,0.0,1.2,0.0,0,0.9602,0,NORMAL,53.743,0.235,0,0,0,0,0,0.0,21,4,0,,,,,,0,,,,392066,26472,794
386,36.94324517250061,2026-03-05T17:38:01.203123,1.01,0.0,2.99,0.0,0.0,0.0,0.0,44.0,10.72,0.0,0.0,STRAIGHT,0.3,0.3,"CMD,0.0,0.30",1.2,0.0,1.2,0.0,0,0.9602,0,NORMAL,53.121,0.234,0,0,0,0,0,0.0,0,0,0,,,,,,0,,,,392514,25929,0
387,37.00324749946594,2026-03-05T17:38:01.263125,2.04,0.0,2.0,0.0,0.0,0.0,0.0,43.0,10.72,0.0,0.0,STRAIGHT,0.3,0.3,"CMD,0.0,0.30",1.2,0.0,1.2,0.0,0,0.9602,0,NORMAL,52.512,0.24,0,0,0,0,0,0.0,0,0,0,,,,,,0,,,,392514,25634,0
388,37.06421685218811,2026-03-05T17:38:01.324094,2.03,0.0,2.97,0.0,0.0,0.0,0.0,42.97,10.72,0.0,0.0,STRAIGHT,0.3,0.3,"CMD,0.0,0.30",1.2,0.0,1.2,0.0,0,0.9602,0,NORMAL,52.07,0.244,0,0,0,0,0,0.0,0,0,0,,,,,,0,,,,392514,25337,0
389,37.217246770858765,2026-03-05T17:38:01.477124,83.03,0.0,4.97,5.03,0.0,0.0,0.0,135.03,10.36,0.0,0.0,STRAIGHT,0.3,0.3,"CMD,0.0,0.30",1.2,0.0,1.2,0.0,0,0.9595,0,NORMAL,51.719,0.244,0,0,0,0,0,0.0,27,4,0,,,,,,0,,,,394615,27092,867
390,37.28024744987488,2026-03-05T17:38:01.540125,2.03,0.0,3.0,0.0,0.0,0.0,0.0,44.0,10.72,0.0,0.0,STRAIGHT,0.3,0.3,"CMD,0.0,0.30",1.2,0.0,1.2,0.0,0,0.9595,0,NORMAL,51.331,0.249,0,0,0,0,0,0.0,0,0,0,,,,,,0,,,,395156,26561,0
391,37.34124827384949,2026-03-05T17:38:01.601126,2.04,0.0,2.0,0.0,0.0,0.0,0.0,42.0,11.09,0.0,0.0,STRAIGHT,0.3,0.3,"CMD,0.0,0.30",1.2,0.0,1.2,0.0,0,0.9595,0,NORMAL,50.988,0.26,0,0,0,0,0,0.0,0,0,0,,,,,,0,,,,395156,26270,0
392,37.40125060081482,2026-03-05T17:38:01.661128,1.0,0.0,3.0,0.0,0.0,0.0,0.0,43.0,11.09,0.0,0.0,STRAIGHT,0.3,0.3,"CMD,0.0,0.30",1.2,0.0,1.2,0.0,0,0.9595,0,NORMAL,50.797,0.265,0,0,0,0,0,0.0,0,0,0,,,,,,0,,,,395156,25970,0
393,37.553250789642334,2026-03-05T17:38:01.813128,84.03,0.0,5.0,5.02,0.0,0.0,0.0,134.0,10.72,0.0,0.0,STRAIGHT,0.3,0.3,"CMD,0.0,0.30",1.2,0.0,1.2,0.0,0,0.9691,0,NORMAL,50.628,0.251,0,0,0,0,0,0.0,23,4,0,,,,,,0,,,,395936,27427,840
394,37.61524987220764,2026-03-05T17:38:01.875127,2.0,0.0,3.03,0.0,0.0,0.0,0.0,44.0,10.72,0.0,0.0,STRAIGHT,0.3,0.3,"CMD,0.0,0.30",1.2,0.0,1.2,0.0,0,0.9691,0,NORMAL,50.301,0.282,0,0,0,0,0,0.0,0,0,0,,,,,,0,,,,396179,26895,0
395,37.6812527179718,2026-03-05T17:38:01.941130,2.03,0.0,2.0,0.0,0.0,0.0,0.0,47.0,11.06,0.0,0.0,STRAIGHT,0.3,0.3,"CMD,0.0,0.30",1.2,0.0,1.2,0.0,0,0.9691,0,NORMAL,50.137,0.3,0,0,0,0,0,0.0,0,0,0,,,,,,0,,,,396179,26585,0
396,37.741251945495605,2026-03-05T17:38:02.001130,2.04,0.0,1.96,0.0,0.0,0.0,0.0,43.0,11.45,0.0,0.0,STRAIGHT,0.3,0.3,"CMD,0.0,0.30",1.2,0.0,1.2,0.0,0,0.9691,0,NORMAL,50.039,0.314,0,0,0,0,0,0.0,0,0,0,,,,,,0,,,,396179,26298,0
397,37.900254249572754,2026-03-05T17:38:02.160132,87.0,0.0,5.04,6.03,0.0,0.0,0.0,140.0,11.4,0.0,0.0,STRAIGHT,0.3,0.3,"CMD,0.0,0.30",1.2,0.0,1.2,0.0,0,0.9702,0,NORMAL,50.001,0.323,0,0,0,0,0,0.0,21,4,0,,,,,,0,,,,388384,27132,828
398,37.96025347709656,2026-03-05T17:38:02.220131,1.03,0.0,3.0,0.0,0.0,0.0,0.0,42.0,11.83,0.0,0.0,STRAIGHT,0.3,0.3,"CMD,0.0,0.30",1.2,0.0,1.2,0.0,0,0.9702,0,NORMAL,50.028,0.34,0,0,0,0,0,0.0,0,0,0,,,,,,0,,,,388491,26866,0
399,38.021228551864624,2026-03-05T17:38:02.281106,2.0,0.0,2.01,0.0,0.0,0.0,1.0,43.96,11.85,0.0,0.0,STRAIGHT,0.3,0.3,"CMD,0.0,0.30",1.2,0.0,1.2,0.0,0,0.9702,0,NORMAL,50.125,0.363,0,0,0,0,0,0.0,0,0,0,,,,,,0,,,,388491,26332,0
400,38.08222317695618,2026-03-05T17:38:02.342100,2.04,0.0,1.97,0.0,0.0,0.0,1.0,43.0,11.88,0.0,0.0,STRAIGHT,0.3,0.3,"CMD,0.0,0.30",1.2,0.0,1.2,0.0,0,0.9702,0,NORMAL,50.252,0.375,0,0,0,0,0,0.0,0,0,0,,,,,,0,,,,388491,26044,0
401,38.23625564575195,2026-03-05T17:38:02.496133,85.0,0.0,5.04,5.03,0.0,0.0,0.0,136.0,11.44,0.0,0.0,STRAIGHT,0.3,0.3,"CMD,0.0,0.30",1.2,0.0,1.2,0.0,0,0.9595,0,NORMAL,50.394,0.389,0,0,0,0,0,0.0,17,4,0,,,,,,0,,,,384470,26682,792
402,38.29726028442383,2026-03-05T17:38:02.557138,1.03,0.0,3.0,0.0,0.0,0.0,0.0,43.01,11.9,0.0,0.0,STRAIGHT,0.3,0.3,"CMD,0.0,0.30",1.2,0.0,1.2,0.0,0,0.9595,0,NORMAL,50.49,0.397,0,0,0,0,0,0.0,0,0,0,,,,,,0,,,,384623,26421,0
403,38.35826516151428,2026-03-05T17:38:02.618142,2.0,0.0,3.04,0.0,0.0,0.0,0.0,43.01,11.91,0.0,0.0,STRAIGHT,0.3,0.3,"CMD,0.0,0.30",1.2,0.0,1.2,0.0,0,0.9595,0,NORMAL,50.639,0.41,0,0,0,0,0,0.0,0,0,0,,,,,,0,,,,384623,25911,0
404,38.41826009750366,2026-03-05T17:38:02.678138,2.03,0.0,2.0,0.0,0.0,0.0,0.0,43.0,11.92,0.0,0.0,STRAIGHT,0.3,0.3,"CMD,0.0,0.30",1.2,0.0,1.2,0.0,0,0.9595,0,NORMAL,50.776,0.426,0,0,0,0,0,0.0,0,0,0,,,,,,0,,,,384623,25631,0
405,38.572235345840454,2026-03-05T17:38:02.832113,83.03,0.0,5.0,5.04,1.0,0.0,0.0,135.0,11.49,0.0,0.0,STRAIGHT,0.3,0.3,"CMD,0.0,0.30",1.2,0.0,1.2,0.0,0,0.9733,0,NORMAL,50.901,0.437,0,0,0,0,0,0.0,23,3,0,,,,,,0,,,,383658,25758,779
406,38.63523006439209,2026-03-05T17:38:02.895108,1.04,0.0,3.97,0.0,0.0,0.0,0.0,44.97,11.9,0.0,0.0,STRAIGHT,0.3,0.3,"CMD,0.0,0.30",1.2,0.0,1.2,0.0,0,0.9733,0,NORMAL,51.013,0.442,0,0,0,0,0,0.0,0,0,0,,,,,,0,,,,383852,25494,0
407,38.69826102256775,2026-03-05T17:38:02.958139,1.0,0.0,2.99,0.0,0.0,0.0,0.0,44.03,11.89,0.0,0.0,STRAIGHT,0.3,0.3,"CMD,0.0,0.30",1.2,0.0,1.2,0.0,0,0.9733,0,NORMAL,51.126,0.448,0,0,0,0,0,0.0,0,0,0,,,,,,0,,,,383852,24988,0
408,38.75826954841614,2026-03-05T17:38:03.018147,1.99,0.0,2.04,0.0,0.0,0.0,0.0,42.01,11.9,0.0,0.0,STRAIGHT,0.3,0.3,"CMD,0.0,0.30",1.2,0.0,1.2,0.0,0,0.9733,0,NORMAL,51.435,0.477,0,0,0,0,0,0.0,0,0,0,,,,,,0,,,,383852,24707,0
409,38.91426634788513,2026-03-05T17:38:03.174144,87.03,0.0,4.97,4.03,1.0,0.0,0.0,136.0,11.45,0.0,0.0,STRAIGHT,0.3,0.3,"CMD,0.0,0.30",1.2,0.0,1.2,0.0,0,0.958,0,NORMAL,51.603,0.474,0,0,0,0,0,0.0,14,4,0,,,,,,0,,,,379314,24682,751
410,38.97528266906738,2026-03-05T17:38:03.235160,2.0,0.0,3.05,0.0,0.0,0.0,0.0,44.02,11.89,0.0,0.0,STRAIGHT,0.3,0.3,"CMD,0.0,0.30",1.2,0.0,1.2,0.0,0,0.958,0,NORMAL,51.447,0.447,0,0,0,0,0,0.0,0,0,0,,,,,,0,,,,379451,24415,0
411,39.03627061843872,2026-03-05T17:38:03.296148,2.03,0.0,2.0,0.0,0.0,0.0,0.0,42.0,11.9,0.0,0.0,STRAIGHT,0.3,0.3,"CMD,0.0,0.30",1.2,0.0,1.2,0.0,0,0.958,0,NORMAL,51.528,0.456,0,0,0,0,0,0.0,0,0,0,,,,,,0,,,,379451,23902,0
412,39.09626364707947,2026-03-05T17:38:03.356141,1.04,0.0,3.0,0.0,0.0,0.0,0.0,43.0,11.91,0.0,0.0,STRAIGHT,0.3,0.3,"CMD,0.0,0.30",1.2,0.0,1.2,0.0,0,0.958,0,NORMAL,51.828,0.482,0,0,0,0,0,0.0,0,0,0,,,,,,0,,,,379451,23614,0
413,39.24926567077637,2026-03-05T17:38:03.509143,83.04,0.0,5.0,6.0,0.0,0.0,1.03,136.0,11.48,0.0,0.0,STRAIGHT,0.3,0.3,"CMD,0.0,0.30",1.2,0.0,1.2,0.0,0,0.9609,0,NORMAL,51.938,0.475,0,0,0,0,0,0.0,25,4,0,,,,,,0,,,,366688,22997,746
414,39.30926489830017,2026-03-05T17:38:03.569142,2.04,0.0,2.0,0.0,0.0,0.0,0.0,42.0,11.93,0.0,0.0,STRAIGHT,0.3,0.3,"CMD,0.0,0.30",1.2,0.0,1.2,0.0,0,0.9609,0,NORMAL,51.92,0.463,0,0,0,0,0,0.0,0,0,0,,,,,,0,,,,366912,22734,0
415,39.369287729263306,2026-03-05T17:38:03.629165,1.02,0.0,1.98,0.0,0.0,0.0,0.0,41.0,11.96,0.0,0.0,STRAIGHT,0.3,0.3,"CMD,0.0,0.30",1.2,0.0,1.2,0.0,0,0.9609,0,NORMAL,52.033,0.474,0,0,0,0,0,0.0,0,0,0,,,,,,0,,,,366912,22230,0
416,39.42923331260681,2026-03-05T17:38:03.689111,1.96,0.0,2.0,0.0,0.0,0.0,0.0,42.63,11.95,0.0,0.0,STRAIGHT,0.3,0.3,"CMD,0.0,0.30",1.2,0.0,1.2,0.0,0,0.9609,0,NORMAL,52.101,0.48,0,0,0,0,0,0.0,0,0,0,,,,,,0,,,,366912,21953,0
417,39.582257986068726,2026-03-05T17:38:03.842135,85.04,0.0,4.99,4.02,1.01,0.0,0.0,135.01,11.52,0.0,0.0,STRAIGHT,0.3,0.3,"CMD,0.0,0.30",1.2,0.0,1.2,0.0,0,0.9638,0,NORMAL,52.13,0.48,0,0,0,0,0,0.0,17,4,0,,,,,,0,,,,356354,21535,691
418,39.644278049468994,2026-03-05T17:38:03.904156,2.04,0.0,3.01,0.0,0.0,0.0,0.0,44.01,11.95,0.0,0.0,STRAIGHT,0.3,0.3,"CMD,0.0,0.30",1.2,0.0,1.2,0.0,0,0.9638,0,NORMAL,52.078,0.48,0,0,0,0,0,0.0,0,0,0,,,,,,0,,,,356656,21273,0
419,39.70823788642883,2026-03-05T17:38:03.968115,2.03,0.0,2.97,0.0,0.0,0.0,0.0,46.0,11.94,0.0,0.0,STRAIGHT,0.3,0.3,"CMD,0.0,0.30",1.2,0.0,1.2,0.0,0,0.9638,0,NORMAL,51.936,0.484,0,0,0,0,0,0.0,0,0,0,,,,,,0,,,,356656,20786,0
420,39.76827001571655,2026-03-05T17:38:04.028148,2.03,0.0,1.97,0.0,0.0,0.0,1.03,43.0,11.94,0.0,0.0,STRAIGHT,0.3,0.3,"CMD,0.0,0.30",1.2,0.0,1.2,0.0,0,0.9638,0,NORMAL,51.725,0.485,0,0,0,0,0,0.0,0,0,0,,,,,,0,,,,356656,20507,0
421,39.92427039146423,2026-03-05T17:38:04.184148,85.03,0.0,5.01,4.98,0.0,0.0,0.0,138.0,11.49,0.0,0.0,STRAIGHT,0.3,0.3,"CMD,0.0,0.30",1.2,0.0,1.2,0.0,0,0.9718,0,NORMAL,51.511,0.476,0,0,0,0,0,0.0,16,3,0,,,,,,0,,,,354485,20687,673
422,39.985271692276,2026-03-05T17:38:04.245149,1.04,0.0,3.0,0.0,0.0,0.0,0.0,44.0,11.92,0.0,0.0,STRAIGHT,0.3,0.3,"CMD,0.0,0.30",1.2,0.0,1.2,0.0,0,0.9718,0,NORMAL,51.326,0.472,0,0,0,0,0,0.0,0,0,0,,,,,,0,,,,355002,20428,0
423,40.044241428375244,2026-03-05T17:38:04.304119,2.04,0.0,1.97,0.0,0.0,0.0,1.0,41.96,11.94,0.0,0.0,STRAIGHT,0.3,0.3,"CMD,0.0,0.30",1.2,0.0,1.2,0.0,0,0.9718,0,NORMAL,51.122,0.474,0,0,0,0,0,0.0,0,0,0,,,,,,0,,,,355002,19912,0
424,40.10327696800232,2026-03-05T17:38:04.363155,2.03,0.0,2.0,0.0,0.0,0.0,0.0,42.0,11.97,0.0,0.0,STRAIGHT,0.3,0.3,"CMD,0.0,0.30",1.2,0.0,1.2,0.0,0,0.9718,0,NORMAL,50.907,0.462,0,0,0,0,0,0.0,0,0,0,,,,,,0,,,,355002,19651,0
425,40.256311893463135,2026-03-05T17:38:04.516189,84.1,0.0,4.97,5.0,0.0,0.0,0.0,135.04,11.53,0.0,0.0,STRAIGHT,0.3,0.3,"CMD,0.0,0.30",1.2,0.0,1.2,0.0,0,0.9777,0,NORMAL,50.704,0.446,0,0,0,0,0,0.0,28,2,0,,,,,,0,,,,349695,19575,685
426,40.3163104057312,2026-03-05T17:38:04.576188,2.0,0.0,2.0,0.0,0.0,0.0,0.0,41.0,12.01,0.0,0.0,STRAIGHT,0.3,0.3,"CMD,0.0,0.30",1.2,0.0,1.2,0.0,0,0.9777,0,NORMAL,50.521,0.449,0,0,0,0,0,0.0,0,0,0,,,,,,0,,,,350159,19318,0
427,40.37631154060364,2026-03-05T17:38:04.636189,0.99,0.0,3.0,0.0,0.0,0.0,0.0,43.0,12.0,0.0,0.0,STRAIGHT,0.3,0.3,"CMD,0.0,0.30",1.2,0.0,1.2,0.0,0,0.9777,0,NORMAL,50.436,0.474,0,0,0,0,0,0.0,0,0,0,,,,,,0,,,,350159,18810,0
428,40.43731141090393,2026-03-05T17:38:04.697189,1.0,0.0,3.0,0.0,0.0,0.0,0.0,43.0,12.0,0.0,0.0,STRAIGHT,0.3,0.3,"CMD,0.0,0.30",1.2,0.0,1.2,0.0,0,0.9777,0,NORMAL,50.427,0.481,0,0,0,0,0,0.0,0,0,0,,,,,,0,,,,350159,18550,0
429,40.59231400489807,2026-03-05T17:38:04.852192,86.0,0.0,5.0,4.0,1.0,0.0,0.0,136.0,11.56,0.0,0.0,STRAIGHT,0.3,0.3,"CMD,0.0,0.30",1.2,0.0,1.2,0.0,0,0.9591,0,NORMAL,50.356,0.482,0,0,0,0,0,0.0,17,4,0,,,,,,0,,,,336317,18258,641
430,40.65632462501526,2026-03-05T17:38:04.916202,3.01,0.0,3.0,0.0,0.0,0.0,0.0,46.01,11.98,0.0,0.0,STRAIGHT,0.3,0.3,"CMD,0.0,0.30",1.2,0.0,1.2,0.0,0,0.9591,0,NORMAL,50.274,0.48,0,0,0,0,0,0.0,0,0,0,,,,,,0,,,,336857,18016,0
431,40.72332406044006,2026-03-05T17:38:04.983202,2.01,0.0,2.0,0.0,0.0,0.0,1.0,47.01,11.95,0.0,0.0,STRAIGHT,0.3,0.3,"CMD,0.0,0.30",1.2,0.0,1.2,0.0,0,0.9591,0,NORMAL,50.217,0.484,0,0,0,0,0,0.0,0,0,0,,,,,,0,,,,336857,17537,0
432,40.78231453895569,2026-03-05T17:38:05.042192,0.97,0.0,3.0,0.0,0.0,0.0,0.0,42.99,11.96,0.0,0.0,STRAIGHT,0.3,0.3,"CMD,0.0,0.30",1.2,0.0,1.2,0.0,0,0.9591,0,NORMAL,50.147,0.481,0,0,0,0,0,0.0,0,0,0,,,,,,0,,,,336857,17291,0
433,40.93531560897827,2026-03-05T17:38:05.195193,86.0,0.0,4.0,5.0,0.0,0.0,0.0,135.0,11.52,0.0,0.0,STRAIGHT,0.3,0.3,"CMD,0.0,0.30",1.2,0.0,1.2,0.0,0,0.9485,0,NORMAL,50.082,0.477,0,0,0,0,0,0.0,16,4,0,,,,,,0,,,,319946,16402,615
434,40.99531626701355,2026-03-05T17:38:05.255194,2.0,0.0,2.0,0.0,0.0,0.0,0.0,42.0,11.96,0.0,0.0,STRAIGHT,0.3,0.3,"CMD,0.0,0.30",1.2,0.0,1.2,0.0,0,0.9485,0,NORMAL,50.025,0.48,0,0,0,0,0,0.0,0,0,0,,,,,,0,,,,320163,16165,0
435,41.05731701850891,2026-03-05T17:38:05.317195,2.0,0.0,2.0,0.0,0.0,0.0,1.0,45.0,11.97,0.0,0.0,STRAIGHT,0.3,0.3,"CMD,0.0,0.30",1.2,0.0,1.2,0.0,0,0.9485,0,NORMAL,50.001,0.485,0,0,0,0,0,0.0,0,0,0,,,,,,0,,,,320163,15738,0
436,41.11631679534912,2026-03-05T17:38:05.376194,2.0,0.0,2.0,0.0,0.0,0.0,0.0,42.0,11.99,0.0,0.0,STRAIGHT,0.3,0.3,"CMD,0.0,0.30",1.2,0.0,1.2,0.0,0,0.9485,0,NORMAL,50.018,0.48,0,0,0,0,0,0.0,0,0,0,,,,,,0,,,,320163,15462,0
437,41.26831841468811,2026-03-05T17:38:05.528196,84.0,0.0,5.0,4.0,0.0,0.0,0.0,135.0,11.55,0.0,0.0,STRAIGHT,0.3,0.3,"CMD,0.0,0.30",1.2,0.0,1.2,0.0,0,0.9764,0,NORMAL,50.101,0.475,0,0,0,0,0,0.0,19,3,0,,,,,,0,,,,316792,15554,592
438,41.33031940460205,2026-03-05T17:38:05.590197,2.0,0.0,2.0,0.0,0.0,0.0,0.0,42.0,12.0,0.0,0.0,STRAIGHT,0.3,0.3,"CMD,0.0,0.30",1.2,0.0,1.2,0.0,0,0.9764,0,NORMAL,50.221,0.479,0,0,0,0,0,0.0,0,0,0,,,,,,0,,,,316990,15324,0
439,41.389319896698,2026-03-05T17:38:05.649197,2.0,0.0,2.0,0.0,0.0,0.0,0.0,42.0,12.01,0.0,0.0,STRAIGHT,0.3,0.3,"CMD,0.0,0.30",1.2,0.0,1.2,0.0,0,0.9764,0,NORMAL,50.42,0.473,0,0,0,0,0,0.0,0,0,0,,,,,,0,,,,316990,14855,0
440,41.449323415756226,2026-03-05T17:38:05.709201,2.01,0.0,2.99,0.0,0.0,0.0,0.0,43.0,12.01,0.0,0.0,STRAIGHT,0.3,0.3,"CMD,0.0,0.30",1.2,0.0,1.2,0.0,0,0.9764,0,NORMAL,50.761,0.449,0,0,0,0,0,0.0,0,0,0,,,,,,0,,,,316990,14622,0
441,41.599355936050415,2026-03-05T17:38:05.859233,84.0,0.0,5.0,4.03,0.0,0.0,0.0,134.03,11.59,0.0,0.0,STRAIGHT,0.3,0.3,"CMD,0.0,0.30",1.2,0.0,1.2,0.0,0,0.982,0,NORMAL,51.028,0.453,0,0,0,0,0,0.0,22,2,0,,,,,,0,,,,316886,15047,595
442,41.659356117248535,2026-03-05T17:38:05.919234,3.05,0.0,2.99,0.0,0.0,0.0,0.0,43.0,12.03,0.0,0.0,STRAIGHT,0.3,0.3,"CMD,0.0,0.30",1.2,0.0,1.2,0.0,0,0.982,0,NORMAL,51.04,0.477,0,0,0,0,0,0.0,0,0,0,,,,,,0,,,,317099,14818,0
443,41.7253258228302,2026-03-05T17:38:05.985203,2.0,0.0,3.01,0.0,0.0,0.0,1.0,48.0,12.0,0.0,0.0,STRAIGHT,0.3,0.3,"CMD,0.0,0.30",1.2,0.0,1.2,0.0,0,0.982,0,NORMAL,50.087,0.445,0,0,0,0,0,0.0,0,0,0,,,,,,0,,,,317099,14354,0
444,41.79732632637024,2026-03-05T17:38:06.057204,2.0,0.0,2.0,0.0,0.0,0.0,0.0,49.0,11.94,0.0,0.0,STRAIGHT,0.3,0.3,"CMD,0.0,0.30",1.2,0.0,1.2,0.0,0,0.982,0,NORMAL,48.793,0.42,0,0,0,0,0,0.0,0,0,0,,,,,,0,,,,317099,14124,0
445,41.95235800743103,2026-03-05T17:38:06.212236,85.03,0.0,5.0,6.0,0.0,0.0,0.0,137.03,11.49,0.0,0.0,STRAIGHT,0.3,0.3,"CMD,0.0,0.30",1.2,0.0,1.2,0.0,0,0.9819,0,NORMAL,46.589,0.44,0,0,0,0,0,0.0,36,3,0,,,,,,0,,,,313479,14378,682
446,42.0133581161499,2026-03-05T17:38:06.273236,2.04,0.0,2.99,0.0,0.0,0.0,0.0,43.0,11.92,0.0,0.0,STRAIGHT,0.3,0.3,"CMD,0.0,0.30",1.2,0.0,1.2,0.0,0,0.9819,0,NORMAL,45.882,0.433,0,0,0,0,0,0.0,0,0,0,,,,,,0,,,,313643,14160,0
447,42.07233023643494,2026-03-05T17:38:06.332208,2.0,0.0,2.0,0.0,0.0,0.0,0.0,41.97,11.94,0.0,0.0,STRAIGHT,0.3,0.3,"CMD,0.0,0.30",1.2,0.0,1.2,0.0,0,0.9819,0,NORMAL,46.558,0.413,0,0,0,0,0,0.0,0,0,0,,,,,,0,,,,313643,13709,0
448,42.1303608417511,2026-03-05T17:38:06.390238,2.04,0.0,1.99,0.0,0.0,0.0,0.0,42.03,11.97,0.0,0.0,STRAIGHT,0.3,0.3,"CMD,0.0,0.30",1.2,0.0,1.2,0.0,0,0.9819,0,NORMAL,46.052,0.403,0,0,0,0,0,0.0,0,0,0,,,,,,0,,,,313643,13485,0
449,42.280364990234375,2026-03-05T17:38:06.540242,84.0,0.0,5.03,4.03,0.0,0.0,0.0,134.0,11.54,0.0,0.0,STRAIGHT,0.3,0.3,"CMD,0.0,0.30",1.2,0.0,1.2,0.0,0,0.9709,0,NORMAL,46.237,0.399,0,0,0,0,0,0.0,19,2,0,,,,,,0,,,,305874,13681,518
450,42.340362787246704,2026-03-05T17:38:06.600240,2.03,0.0,2.0,0.0,0.0,0.0,0.0,42.0,12.01,0.0,0.0,STRAIGHT,0.3,0.3,"CMD,0.0,0.30",1.2,0.0,1.2,0.0,0,0.9709,0,NORMAL,45.523,0.396,0,0,0,0,0,0.0,0,0,0,,,,,,0,,,,306021,13472,0
451,42.40233063697815,2026-03-05T17:38:06.662208,2.0,0.0,3.0,0.0,0.0,0.0,1.0,45.97,12.0,0.0,0.0,STRAIGHT,0.3,0.3,"CMD,0.0,0.30",1.2,0.0,1.2,0.0,0,0.9709,0,NORMAL,45.071,0.377,0,0,0,0,0,0.0,0,0,0,,,,,,0,,,,306021,13040,0
452,42.464361906051636,2026-03-05T17:38:06.724240,2.03,0.0,2.0,0.0,0.0,0.0,0.0,44.03,11.98,0.0,0.0,STRAIGHT,0.3,0.3,"CMD,0.0,0.30",1.2,0.0,1.2,0.0,0,0.9709,0,NORMAL,45.535,0.352,0,0,0,0,0,0.0,0,0,0,,,,,,0,,,,306021,12826,0
453,42.61637043952942,2026-03-05T17:38:06.876248,84.0,0.0,5.03,5.0,0.0,0.0,0.0,135.0,11.54,0.0,0.0,STRAIGHT,0.3,0.3,"CMD,0.0,0.30",1.2,0.0,1.2,0.0,0,0.9844,0,NORMAL,45.697,0.352,0,0,0,0,0,0.0,22,2,0,,,,,,0,,,,305877,13298,522
454,42.67633557319641,2026-03-05T17:38:06.936213,2.04,0.0,2.97,0.0,0.0,0.0,0.0,42.97,11.98,0.0,0.0,STRAIGHT,0.3,0.3,"CMD,0.0,0.30",1.2,0.0,1.2,0.0,0,0.9844,0,NORMAL,46.002,0.334,0,0,0,0,0,0.0,0,0,0,,,,,,0,,,,306016,13088,0
455,42.74037146568298,2026-03-05T17:38:07.000249,2.04,0.0,3.0,0.0,0.0,0.0,0.0,46.04,11.96,0.0,0.0,STRAIGHT,0.3,0.3,"CMD,0.0,0.30",1.2,0.0,1.2,0.0,0,0.9844,0,NORMAL,47.142,0.295,0,0,0,0,0,0.0,0,0,0,,,,,,0,,,,306016,12656,0
456,42.79936766624451,2026-03-05T17:38:07.059245,2.03,0.0,2.0,0.0,0.0,0.0,0.0,43.0,11.97,0.0,0.0,STRAIGHT,0.3,0.3,"CMD,0.0,0.30",1.2,0.0,1.2,0.0,0,0.9844,0,NORMAL,48.189,0.269,0,0,0,0,0,0.0,0,0,0,,,,,,0,,,,306016,12440,0
457,42.955366373062134,2026-03-05T17:38:07.215244,87.04,0.0,4.99,4.0,0.0,0.0,0.0,138.99,11.52,0.0,0.0,STRAIGHT,0.3,0.3,"CMD,0.0,0.30",1.2,0.0,1.2,0.0,0,0.9731,0,NORMAL,48.717,0.242,0,0,0,0,0,0.0,15,3,0,,,,,,0,,,,303388,12586,506
458,43.015371322631836,2026-03-05T17:38:07.275249,2.03,0.0,2.0,0.0,0.0,0.0,0.0,42.0,11.96,0.0,0.0,STRAIGHT,0.3,0.3,"CMD,0.0,0.30",1.2,0.0,1.2,0.0,0,0.9731,0,NORMAL,49.142,0.238,0,0,0,0,0,0.0,0,0,0,,,,,,0,,,,303559,12377,0
459,43.075337648391724,2026-03-05T17:38:07.335215,2.0,0.0,2.0,0.0,0.0,0.0,0.0,41.97,11.99,0.0,0.0,STRAIGHT,0.3,0.3,"CMD,0.0,0.30",1.2,0.0,1.2,0.0,0,0.9731,0,NORMAL,49.761,0.221,0,0,0,0,0,0.0,0,0,0,,,,,,0,,,,303559,11952,0
460,43.13337326049805,2026-03-05T17:38:07.393251,2.04,0.0,1.99,0.0,0.0,0.0,0.0,41.03,12.04,0.0,0.0,STRAIGHT,0.3,0.3,"CMD,0.0,0.30",1.2,0.0,1.2,0.0,0,0.9731,0,NORMAL,49.226,0.204,0,0,0,0,0,0.0,0,0,0,,,,,,0,,,,303559,11732,0
461,43.285382986068726,2026-03-05T17:38:07.545260,86.0,0.0,5.03,4.03,0.0,0.0,0.0,136.01,11.59,0.0,0.0,STRAIGHT,0.3,0.3,"CMD,0.0,0.30",1.2,0.0,1.2,0.0,0,0.9853,0,NORMAL,49.063,0.208,0,0,0,0,0,0.0,12,3,0,,,,,,0,,,,301597,12745,496
462,43.34537601470947,2026-03-05T17:38:07.605253,2.05,0.0,1.98,0.0,0.0,0.0,0.0,43.01,12.03,0.0,0.0,STRAIGHT,0.3,0.3,"CMD,0.0,0.30",1.2,0.0,1.2,0.0,0,0.9853,0,NORMAL,48.869,0.226,0,0,0,0,0,0.0,0,0,0,,,,,,0,,,,301774,12533,0
463,43.404369831085205,2026-03-05T17:38:07.664247,2.03,0.0,2.0,0.0,0.0,0.0,0.0,43.0,12.04,0.0,0.0,STRAIGHT,0.3,0.3,"CMD,0.0,0.30",1.2,0.0,1.2,0.0,0,0.9853,0,NORMAL,48.53,0.221,0,0,0,0,0,0.0,0,0,0,,,,,,0,,,,301774,12101,0
464,43.46437168121338,2026-03-05T17:38:07.724249,1.03,0.0,3.0,0.0,0.0,0.0,0.0,43.0,12.05,0.0,0.0,STRAIGHT,0.3,0.3,"CMD,0.0,0.30",1.2,0.0,1.2,0.0,0,0.9853,0,NORMAL,48.316,0.231,0,0,0,0,0,0.0,0,0,0,,,,,,0,,,,301774,11885,0
465,43.615381479263306,2026-03-05T17:38:07.875259,84.04,0.0,4.99,3.03,1.0,0.0,0.0,132.99,11.61,0.0,0.0,STRAIGHT,0.3,0.3,"CMD,0.0,0.30",1.2,0.0,1.2,0.0,0,0.9856,0,NORMAL,47.725,0.25,0,0,0,0,0,0.0,14,3,0,,,,,,0,,,,302656,13106,530
466,43.675339698791504,2026-03-05T17:38:07.935217,2.0,0.0,2.0,0.0,0.0,0.0,1.0,42.96,12.05,0.0,0.0,STRAIGHT,0.3,0.3,"CMD,0.0,0.30",1.2,0.0,1.2,0.0,0,0.9856,0,NORMAL,47.575,0.254,0,0,0,0,0,0.0,0,0,0,,,,,,0,,,,302663,12885,0
467,43.73737645149231,2026-03-05T17:38:07.997254,2.03,0.0,3.0,0.0,0.0,0.0,0.0,45.03,12.04,0.0,0.0,STRAIGHT,0.3,0.3,"CMD,0.0,0.30",1.2,0.0,1.2,0.0,0,0.9856,0,NORMAL,47.519,0.251,0,0,0,0,0,0.0,0,0,0,,,,,,0,,,,302663,12439,0
468,43.799373626708984,2026-03-05T17:38:08.059251,2.03,0.0,2.0,0.0,0.0,0.0,0.0,44.99,12.03,0.0,0.0,STRAIGHT,0.3,0.3,"CMD,0.0,0.30",1.2,0.0,1.2,0.0,0,0.9856,0,NORMAL,47.489,0.257,0,0,0,0,0,0.0,0,0,0,,,,,,0,,,,302663,12217,0
469,43.95337653160095,2026-03-05T17:38:08.213254,86.03,0.0,5.0,4.04,0.0,0.0,0.0,137.0,11.58,0.0,0.0,STRAIGHT,0.3,0.3,"CMD,0.0,0.30",1.2,0.0,1.2,0.0,0,0.9748,0,NORMAL,47.452,0.271,0,0,0,0,0,0.0,17,2,0,,,,,,0,,,,301050,13032,532
470,44.01337790489197,2026-03-05T17:38:08.273255,1.03,0.0,3.0,0.0,0.0,0.0,0.0,43.0,12.01,0.0,0.0,STRAIGHT,0.3,0.3,"CMD,0.0,0.30",1.2,0.0,1.2,0.0,0,0.9748,0,NORMAL,47.929,0.27,0,0,0,0,0,0.0,0,0,0,,,,,,0,,,,301069,12811,0
471,44.07234787940979,2026-03-05T17:38:08.332225,2.0,0.0,2.0,0.0,0.0,0.0,0.0,41.97,12.02,0.0,0.0,STRAIGHT,0.3,0.3,"CMD,0.0,0.30",1.2,0.0,1.2,0.0,0,0.9748,0,NORMAL,48.153,0.275,0,0,0,0,0,0.0,0,0,0,,,,,,0,,,,301069,12370,0
472,44.13037943840027,2026-03-05T17:38:08.390257,1.03,0.0,3.0,0.0,0.0,0.0,0.0,42.03,12.06,0.0,0.0,STRAIGHT,0.3,0.3,"CMD,0.0,0.30",1.2,0.0,1.2,0.0,0,0.9748,0,NORMAL,47.967,0.287,0,0,0,0,0,0.0,0,0,0,,,,,,0,,,,301069,12148,0
473,44.279380559921265,2026-03-05T17:38:08.539258,83.04,0.0,5.0,5.0,0.0,0.0,0.0,132.99,11.68,0.0,0.0,STRAIGHT,0.3,0.3,"CMD,0.0,0.30",1.2,0.0,1.2,0.0,0,0.9842,0,NORMAL,48.538,0.282,0,0,0,0,0,0.0,20,2,0,,,,,,0,,,,302498,12847,528
474,44.339380741119385,2026-03-05T17:38:08.599258,3.04,0.0,2.0,0.0,0.0,0.0,0.0,42.01,12.15,0.0,0.0,STRAIGHT,0.3,0.3,"CMD,0.0,0.30",1.2,0.0,1.2,0.0,0,0.9842,0,NORMAL,48.286,0.306,0,0,0,0,0,0.0,0,0,0,,,,,,0,,,,302537,12629,0
475,44.397380352020264,2026-03-05T17:38:08.657258,2.04,0.0,1.99,0.0,0.0,0.0,0.0,42.0,12.16,0.0,0.0,STRAIGHT,0.3,0.3,"CMD,0.0,0.30",1.2,0.0,1.2,0.0,0,0.9842,0,NORMAL,49.801,0.314,0,0,0,0,0,0.0,0,0,0,,,,,,0,,,,302537,12192,0
476,44.456393003463745,2026-03-05T17:38:08.716270,1.04,0.0,3.01,0.0,0.0,0.0,0.0,42.01,12.16,0.0,0.0,STRAIGHT,0.3,0.3,"CMD,0.0,0.30",1.2,0.0,1.2,0.0,0,0.9842,0,NORMAL,49.197,0.311,0,0,0,0,0,0.0,0,0,0,,,,,,0,,,,302537,11970,0
477,44.60738706588745,2026-03-05T17:38:08.867265,83.03,0.0,5.0,4.04,0.0,0.0,0.0,133.0,11.71,0.0,0.0,STRAIGHT,0.3,0.3,"CMD,0.0,0.30",1.2,0.0,1.2,0.0,0,0.9835,0,NORMAL,48.695,0.301,0,0,0,0,0,0.0,24,2,0,,,,,,0,,,,301044,12997,551
478,44.66638660430908,2026-03-05T17:38:08.926264,2.03,0.0,2.0,0.0,0.0,0.0,0.0,41.99,12.15,0.0,0.0,STRAIGHT,0.3,0.3,"CMD,0.0,0.30",1.2,0.0,1.2,0.0,0,0.9835,0,NORMAL,47.884,0.332,0,0,0,0,0,0.0,0,0,0,,,,,,0,,,,301061,12777,0
479,44.72738289833069,2026-03-05T17:38:08.987261,2.03,0.0,2.0,0.0,0.0,0.0,0.0,44.0,12.14,0.0,0.0,STRAIGHT,0.3,0.3,"CMD,0.0,0.30",1.2,0.0,1.2,0.0,0,0.9835,0,NORMAL,46.767,0.347,0,0,0,0,0,0.0,0,0,0,,,,,,0,,,,301061,12332,0
480,44.79135465621948,2026-03-05T17:38:09.051232,1.0,0.0,3.0,0.0,0.0,0.0,0.0,46.97,12.14,0.0,0.0,STRAIGHT,0.3,0.3,"CMD,0.0,0.30",1.2,0.0,1.2,0.0,0,0.9835,0,NORMAL,46.832,0.35,0,0,0,0,0,0.0,0,0,0,,,,,,0,,,,301061,12106,0
481,44.94338893890381,2026-03-05T17:38:09.203266,86.03,0.0,4.0,3.04,1.0,0.0,0.0,135.04,11.7,0.0,0.0,STRAIGHT,0.3,0.3,"CMD,0.0,0.30",1.2,0.0,1.2,0.0,0,0.97,0,NORMAL,47.407,0.351,0,0,0,0,0,0.0,11,3,0,,,,,,0,,,,293904,12657,539
482,45.004396200180054,2026-03-05T17:38:09.264274,1.03,0.0,3.01,0.0,0.0,0.0,0.0,44.01,12.14,0.0,0.0,STRAIGHT,0.3,0.3,"CMD,0.0,0.30",1.2,0.0,1.2,0.0,0,0.97,0,NORMAL,47.408,0.354,0,0,0,0,0,0.0,0,0,0,,,,,,0,,,,293915,12441,0
483,45.063384771347046,2026-03-05T17:38:09.323262,2.03,0.0,2.0,0.0,0.0,0.0,0.0,41.99,12.15,0.0,0.0,STRAIGHT,0.3,0.3,"CMD,0.0,0.30",1.2,0.0,1.2,0.0,0,0.97,0,NORMAL,47.337,0.364,0,0,0,0,0,0.0,0,0,0,,,,,,0,,,,293915,12009,0
484,45.123393297195435,2026-03-05T17:38:09.383271,2.04,0.0,3.0,0.0,0.0,0.0,0.0,43.01,12.17,0.0,0.0,STRAIGHT,0.3,0.3,"CMD,0.0,0.30",1.2,0.0,1.2,0.0,0,0.97,0,NORMAL,47.994,0.365,0,0,0,0,0,0.0,0,0,0,,,,,,0,,,,293915,11789,0
485,45.27338933944702,2026-03-05T17:38:09.533267,82.96,0.0,5.04,4.03,0.0,0.0,0.0,133.99,11.72,0.0,0.0,STRAIGHT,0.3,0.3,"CMD,0.0,0.30",1.2,0.0,1.2,0.0,0,0.9783,0,NORMAL,48.983,0.357,0,0,0,0,0,0.0,27,2,0,,,,,,0,,,,294722,12835,577
486,45.33238625526428,2026-03-05T17:38:09.592264,1.03,0.0,2.0,0.0,0.0,0.0,0.0,41.99,12.2,0.0,0.0,STRAIGHT,0.3,0.3,"CMD,0.0,0.30",1.2,0.0,1.2,0.0,0,0.9783,0,NORMAL,49.471,0.346,0,0,0,0,0,0.0,0,0,0,,,,,,0,,,,294727,12616,0
487,45.3913950920105,2026-03-05T17:38:09.651273,1.0,0.0,3.01,0.0,0.0,0.0,0.0,43.0,12.21,0.0,0.0,STRAIGHT,0.3,0.3,"CMD,0.0,0.30",1.2,0.0,1.2,0.0,0,0.9783,0,NORMAL,49.689,0.347,0,0,0,0,0,0.0,0,0,0,,,,,,0,,,,294727,12175,0
488,45.45039105415344,2026-03-05T17:38:09.710268,2.03,0.0,2.0,0.0,0.0,0.0,0.0,43.0,12.21,0.0,0.0,STRAIGHT,0.3,0.3,"CMD,0.0,0.30",1.2,0.0,1.2,0.0,0,0.9783,0,NORMAL,49.843,0.355,0,0,0,0,0,0.0,0,0,0,,,,,,0,,,,294727,11953,0
489,45.60335683822632,2026-03-05T17:38:09.863234,85.0,0.0,5.0,4.0,0.0,0.0,0.0,135.97,11.74,0.0,0.0,STRAIGHT,0.3,0.3,"CMD,0.0,0.30",1.2,0.0,1.2,0.0,0,0.9751,0,NORMAL,50.606,0.349,0,0,0,0,0,0.0,21,2,0,,,,,,0,,,,301981,13323,543
490,45.663392543792725,2026-03-05T17:38:09.923270,2.03,0.0,2.0,0.0,0.0,0.0,0.0,44.04,12.2,0.0,0.0,STRAIGHT,0.3,0.3,"CMD,0.0,0.30",1.2,0.0,1.2,0.0,0,0.9751,0,NORMAL,50.629,0.34,0,0,0,0,0,0.0,0,0,0,,,,,,0,,,,301993,13097,0
491,45.72336387634277,2026-03-05T17:38:09.983241,2.05,0.0,1.96,0.0,0.0,0.0,0.0,42.98,12.2,0.0,0.0,STRAIGHT,0.3,0.3,"CMD,0.0,0.30",1.2,0.0,1.2,0.0,0,0.9751,0,NORMAL,51.098,0.335,0,0,0,0,0,0.0,0,0,0,,,,,,0,,,,301993,12641,0
492,45.7923948764801,2026-03-05T17:38:10.052272,2.03,0.0,3.01,0.0,0.0,0.0,0.0,49.99,12.15,0.0,0.0,STRAIGHT,0.3,0.3,"CMD,0.0,0.30",1.2,0.0,1.2,0.0,0,0.9751,0,NORMAL,51.509,0.34,0,0,0,0,0,0.0,0,0,0,,,,,,0,,,,301993,12415,0
493,45.950422525405884,2026-03-05T17:38:10.210300,86.01,0.0,5.0,5.0,0.0,0.0,1.0,141.03,11.67,0.0,0.0,STRAIGHT,0.3,0.3,"CMD,0.0,0.30",1.2,0.0,1.2,0.0,0,0.9667,0,NORMAL,50.681,0.353,0,0,0,0,0,0.0,19,2,0,,,,,,0,,,,301436,13622,537
494,46.01236152648926,2026-03-05T17:38:10.272239,2.0,0.0,2.0,0.0,0.0,0.0,0.0,43.94,12.1,0.0,0.0,STRAIGHT,0.3,0.3,"CMD,0.0,0.30",1.2,0.0,1.2,0.0,0,0.9667,0,NORMAL,50.517,0.361,0,0,0,0,0,0.0,0,0,0,,,,,,0,,,,301450,13393,0
495,46.073397636413574,2026-03-05T17:38:10.333275,1.02,0.0,2.98,0.0,0.0,0.0,0.0,44.04,12.09,0.0,0.0,STRAIGHT,0.3,0.3,"CMD,0.0,0.30",1.2,0.0,1.2,0.0,0,0.9667,0,NORMAL,51.021,0.37,0,0,0,0,0,0.0,0,0,0,,,,,,0,,,,301450,12931,0
496,46.13239812850952,2026-03-05T17:38:10.392276,2.05,0.0,1.99,0.0,0.0,0.0,1.0,43.0,12.11,0.0,0.0,STRAIGHT,0.3,0.3,"CMD,0.0,0.30",1.2,0.0,1.2,0.0,0,0.9667,0,NORMAL,51.292,0.362,0,0,0,0,0,0.0,0,0,0,,,,,,0,,,,301450,12702,0
497,46.28336310386658,2026-03-05T17:38:10.543241,84.0,0.0,4.0,4.0,0.0,0.0,0.0,134.96,11.67,0.0,0.0,STRAIGHT,0.3,0.3,"CMD,0.0,0.30",1.2,0.0,1.2,0.0,0,0.9416,0,NORMAL,51.398,0.349,0,0,0,0,0,0.0,24,2,0,,,,,,0,,,,284627,13562,567
498,46.343395948410034,2026-03-05T17:38:10.603273,2.04,0.0,3.0,0.0,0.0,0.0,0.0,43.03,12.13,0.0,0.0,STRAIGHT,0.3,0.3,"CMD,0.0,0.30",1.2,0.0,1.2,0.0,0,0.9416,0,NORMAL,50.937,0.357,0,0,0,0,0,0.0,0,0,0,,,,,,0,,,,284650,13337,0
499,46.401402950286865,2026-03-05T17:38:10.661280,2.03,0.0,3.01,0.0,0.0,0.0,0.0,42.03,12.14,0.0,0.0,STRAIGHT,0.3,0.3,"CMD,0.0,0.30",1.2,0.0,1.2,0.0,0,0.9416,0,NORMAL,51.087,0.383,0,0,0,0,0,0.0,0,0,0,,,,,,0,,,,284650,12890,0
500,46.46039819717407,2026-03-05T17:38:10.720276,2.03,0.0,2.0,0.0,0.0,0.0,0.0,41.99,12.15,0.0,0.0,STRAIGHT,0.3,0.3,"CMD,0.0,0.30",1.2,0.0,1.2,0.0,0,0.9416,0,NORMAL,51.514,0.397,0,0,0,0,0,0.0,0,0,0,,,,,,0,,,,284650,12665,0
501,46.61040186882019,2026-03-05T17:38:10.870279,84.04,0.0,4.0,5.0,0.0,0.0,0.0,133.01,11.7,0.0,0.0,STRAIGHT,0.3,0.3,"CMD,0.0,0.30",1.2,0.0,1.2,0.0,0,0.9629,0,NORMAL,52.095,0.384,0,0,0,0,0,0.0,18,3,0,,,,,,0,,,,281358,13852,563
502,46.67039942741394,2026-03-05T17:38:10.930277,2.03,0.0,2.0,0.0,0.0,0.0,0.0,42.0,12.13,0.0,0.0,STRAIGHT,0.3,0.3,"CMD,0.0,0.30",1.2,0.0,1.2,0.0,0,0.9629,0,NORMAL,52.032,0.377,0,0,0,0,0,0.0,0,0,0,,,,,,0,,,,281506,13624,0
503,46.729411602020264,2026-03-05T17:38:10.989289,2.03,0.0,2.0,0.0,0.0,0.0,1.01,43.01,12.13,0.0,0.0,STRAIGHT,0.3,0.3,"CMD,0.0,0.30",1.2,0.0,1.2,0.0,0,0.9629,0,NORMAL,52.52,0.39,0,0,0,0,0,0.0,0,0,0,,,,,,0,,,,281506,13166,0
504,46.789401054382324,2026-03-05T17:38:11.049278,2.04,0.0,3.0,0.0,0.0,0.0,0.0,44.0,12.12,0.0,0.0,STRAIGHT,0.3,0.3,"CMD,0.0,0.30",1.2,0.0,1.2,0.0,0,0.9629,0,NORMAL,53.629,0.401,0,0,0,0,0,0.0,0,0,0,,,,,,0,,,,281506,12936,0
505,46.94540596008301,2026-03-05T17:38:11.205283,87.03,0.0,5.0,4.03,1.01,0.0,0.0,139.0,11.65,0.0,0.0,STRAIGHT,0.3,0.3,"CMD,0.0,0.30",1.2,0.0,1.2,0.0,0,0.9719,0,NORMAL,54.533,0.387,0,0,0,0,0,0.0,22,2,0,,,,,,0,,,,277903,13989,579
506,47.005369901657104,2026-03-05T17:38:11.265247,2.0,0.0,2.0,0.0,0.0,0.0,0.0,41.97,12.09,0.0,0.0,STRAIGHT,0.3,0.3,"CMD,0.0,0.30",1.2,0.0,1.2,0.0,0,0.9719,0,NORMAL,54.904,0.368,0,0,0,0,0,0.0,0,0,0,,,,,,0,,,,277958,13759,0
507,47.06440186500549,2026-03-05T17:38:11.324279,1.03,0.0,3.0,0.0,0.0,0.0,0.0,42.03,12.09,0.0,0.0,STRAIGHT,0.3,0.3,"CMD,0.0,0.30",1.2,0.0,1.2,0.0,0,0.9719,0,NORMAL,55.118,0.386,0,0,0,0,0,0.0,0,0,0,,,,,,0,,,,277958,13295,0
508,47.122403621673584,2026-03-05T17:38:11.382281,1.0,0.0,3.03,0.0,0.0,0.0,0.0,42.0,12.11,0.0,0.0,STRAIGHT,0.3,0.3,"CMD,0.0,0.30",1.2,0.0,1.2,0.0,0,0.9719,0,NORMAL,55.025,0.398,0,0,0,0,0,0.0,0,0,0,,,,,,0,,,,277958,13066,0
509,47.272406816482544,2026-03-05T17:38:11.532284,83.0,0.0,5.0,3.99,0.0,0.0,0.0,133.01,11.69,0.0,0.0,STRAIGHT,0.3,0.3,"CMD,0.0,0.30",1.2,0.0,1.2,0.0,0,0.9411,0,NORMAL,55.45,0.363,0,0,0,0,0,0.0,22,2,0,,,,,,0,,,,294289,14074,562
510,47.33040475845337,2026-03-05T17:38:11.590282,2.0,0.0,2.03,0.0,0.0,0.0,0.0,40.99,12.15,0.0,0.0,STRAIGHT,0.3,0.3,"CMD,0.0,0.30",1.2,0.0,1.2,0.0,0,0.9411,0,NORMAL,55.698,0.337,0,0,0,0,0,0.0,0,0,0,,,,,,0,,,,294331,13842,0
511,47.38940787315369,2026-03-05T17:38:11.649286,1.0,0.0,3.0,0.0,0.0,0.0,0.0,43.0,12.16,0.0,0.0,STRAIGHT,0.3,0.3,"CMD,0.0,0.30",1.2,0.0,1.2,0.0,0,0.9411,0,NORMAL,55.219,0.332,0,0,0,0,0,0.0,0,0,0,,,,,,0,,,,294331,13379,0
512,47.448406457901,2026-03-05T17:38:11.708284,1.04,0.0,3.0,0.0,0.0,0.0,0.0,42.0,12.16,0.0,0.0,STRAIGHT,0.3,0.3,"CMD,0.0,0.30",1.2,0.0,1.2,0.0,0,0.9411,0,NORMAL,55.468,0.328,0,0,0,0,0,0.0,0,0,0,,,,,,0,,,,294331,13146,0
513,47.600374698638916,2026-03-05T17:38:11.860252,85.0,0.0,5.0,4.0,0.0,0.0,0.0,134.96,11.71,0.0,0.0,STRAIGHT,0.3,0.3,"CMD,0.0,0.30",1.2,0.0,1.2,0.0,0,0.9648,0,NORMAL,55.554,0.325,0,0,0,0,0,0.0,21,3,0,,,,,,0,,,,285435,13696,575
514,47.661381006240845,2026-03-05T17:38:11.921259,1.0,0.0,3.0,0.0,0.0,0.0,0.0,44.01,12.14,0.0,0.0,STRAIGHT,0.3,0.3,"CMD,0.0,0.30",1.2,0.0,1.2,0.0,0,0.9648,0,NORMAL,55.317,0.315,0,0,0,0,0,0.0,0,0,0,,,,,,0,,,,285470,13467,0
515,47.71937584877014,2026-03-05T17:38:11.979253,2.0,0.0,2.0,0.0,0.0,0.0,0.0,41.99,12.15,0.0,0.0,STRAIGHT,0.3,0.3,"CMD,0.0,0.30",1.2,0.0,1.2,0.0,0,0.9648,0,NORMAL,55.887,0.294,0,0,0,0,0,0.0,0,0,0,,,,,,0,,,,285470,13004,0
516,47.777382135391235,2026-03-05T17:38:12.037260,2.01,0.0,2.0,0.0,0.0,0.0,0.0,43.01,12.15,0.0,0.0,STRAIGHT,0.3,0.3,"CMD,0.0,0.30",1.2,0.0,1.2,0.0,0,0.9648,0,NORMAL,56.753,0.265,0,0,0,0,0,0.0,0,0,0,,,,,,0,,,,285470,12770,0
517,47.93841218948364,2026-03-05T17:38:12.198290,86.0,0.0,6.03,4.03,1.0,0.0,0.0,141.01,11.66,0.0,0.0,STRAIGHT,0.3,0.3,"CMD,0.0,0.30",1.2,0.0,1.2,0.0,0,0.9628,0,NORMAL,57.454,0.227,0,0,0,0,0,0.0,22,2,0,,,,,,0,,,,277985,13299,562
518,47.998411655426025,2026-03-05T17:38:12.258289,1.04,0.0,3.0,0.0,0.0,0.0,0.0,44.0,12.11,0.0,0.0,STRAIGHT,0.3,0.3,"CMD,0.0,0.30",1.2,0.0,1.2,0.0,0,0.9628,0,NORMAL,58.203,0.193,0,0,0,0,0,0.0,0,0,0,,,,,,0,,,,278029,13070,0
519,48.058382749557495,2026-03-05T17:38:12.318260,2.03,0.0,1.97,0.0,0.0,0.0,0.0,43.96,12.11,0.0,0.0,STRAIGHT,0.3,0.3,"CMD,0.0,0.30",1.2,0.0,1.2,0.0,0,0.9628,0,NORMAL,59.055,0.164,0,0,0,0,0,0.0,0,0,0,,,,,,0,,,,278029,12603,0
520,48.117414474487305,2026-03-05T17:38:12.377292,2.03,0.0,3.0,0.0,0.0,0.0,0.0,43.0,12.11,0.0,0.0,STRAIGHT,0.3,0.3,"CMD,0.0,0.30",1.2,0.0,1.2,0.0,0,0.9628,0,NORMAL,60.263,0.136,0,0,0,0,0,0.0,0,0,0,,,,,,0,,,,278029,12366,0
521,48.26741409301758,2026-03-05T17:38:12.527291,84.04,0.0,5.0,4.03,0.0,0.0,0.0,134.0,11.71,0.0,0.0,STRAIGHT,0.3,0.3,"CMD,0.0,0.30",1.2,0.0,1.2,0.0,0,0.9619,0,NORMAL,61.597,0.097,0,0,0,0,0,0.0,17,3,0,,,,,,0,,,,284758,13018,551
522,48.330413818359375,2026-03-05T17:38:12.590291,2.04,0.0,2.0,0.0,0.0,0.0,0.0,46.0,12.18,0.0,0.0,STRAIGHT,0.3,0.3,"CMD,0.0,0.30",1.2,0.0,1.2,0.0,0,0.9619,0,NORMAL,62.773,0.068,0,0,0,0,0,0.0,0,0,0,,,,,,0,,,,284824,12785,0
523,48.39038419723511,2026-03-05T17:38:12.650262,2.0,0.0,2.0,0.0,0.0,0.0,0.0,41.97,12.2,0.0,0.0,STRAIGHT,0.3,0.3,"CMD,0.0,0.30",1.2,0.0,1.2,0.0,0,0.9619,0,NORMAL,63.735,0.045,0,0,0,0,0,0.0,0,0,0,,,,,,0,,,,284824,12316,0
524,48.44738745689392,2026-03-05T17:38:12.707265,2.0,0.0,2.0,0.0,0.0,0.0,0.0,41.0,12.22,0.0,0.0,STRAIGHT,0.3,0.3,"CMD,0.0,0.30",1.2,0.0,1.2,0.0,0,0.9619,0,NORMAL,64.892,0.017,0,0,0,0,0,0.0,0,0,0,,,,,,0,,,,284824,12082,0
525,48.598395586013794,2026-03-05T17:38:12.858273,83.0,0.0,6.0,4.01,1.0,0.0,0.0,133.01,11.76,0.0,0.0,STRAIGHT,0.3,0.3,"CMD,0.0,0.30",1.2,0.0,1.2,0.0,0,0.968,0,NORMAL,66.355,-0.024,0,0,0,0,0,0.0,23,2,0,,,,,,0,,,,289934,13561,608
526,48.656397581100464,2026-03-05T17:38:12.916275,2.01,0.0,2.0,0.0,0.0,0.0,0.0,41.0,12.23,0.0,0.0,STRAIGHT,0.3,0.3,"CMD,0.0,0.30",1.2,0.0,1.2,0.0,0,0.968,0,NORMAL,67.272,-0.021,0,0,0,0,0,0.0,0,0,0,,,,,,0,,,,289968,13307,0
527,48.71538710594177,2026-03-05T17:38:12.975264,2.0,0.0,3.0,0.0,0.0,0.0,0.0,42.99,12.23,0.0,0.0,STRAIGHT,0.3,0.3,"CMD,0.0,0.30",1.2,0.0,1.2,0.0,0,0.968,0,NORMAL,68.158,-0.034,0,0,0,0,0,0.0,0,0,0,,,,,,0,,,,289968,12794,0
528,48.77438926696777,2026-03-05T17:38:13.034267,2.0,0.0,2.0,0.0,0.0,0.0,0.0,42.0,12.22,0.0,0.0,STRAIGHT,0.3,0.3,"CMD,0.0,0.30",1.2,0.0,1.2,0.0,0,0.968,0,NORMAL,68.754,-0.03,0,0,0,0,0,0.0,0,0,0,,,,,,0,,,,289968,12538,0
529,48.92842078208923,2026-03-05T17:38:13.188298,85.01,0.0,6.0,4.03,0.0,0.0,0.0,137.03,11.75,0.0,0.0,STRAIGHT,0.3,0.3,"CMD,0.0,0.30",1.2,0.0,1.2,0.0,0,0.955,0,NORMAL,69.25,-0.045,0,0,0,0,0,0.0,15,2,0,,,,,,0,,,,284721,14013,611
530,48.987389087677,2026-03-05T17:38:13.247267,2.0,0.0,2.0,0.0,0.0,0.0,0.0,41.96,12.2,0.0,0.0,STRAIGHT,0.3,0.3,"CMD,0.0,0.30",1.2,0.0,1.2,0.0,0,0.955,0,NORMAL,69.863,-0.062,0,0,0,0,0,0.0,0,0,0,,,,,,0,,,,284773,13752,0
531,49.0473895072937,2026-03-05T17:38:13.307267,2.0,0.0,2.0,0.0,0.0,0.0,1.0,43.0,12.2,0.0,0.0,STRAIGHT,0.3,0.3,"CMD,0.0,0.30",1.2,0.0,1.2,0.0,0,0.955,0,NORMAL,70.524,-0.047,0,0,0,0,0,0.0,0,0,0,,,,,,0,,,,284773,13224,0
532,49.105390310287476,2026-03-05T17:38:13.365268,2.0,0.0,3.0,0.0,0.0,0.0,0.0,42.0,12.21,0.0,0.0,STRAIGHT,0.3,0.3,"CMD,0.0,0.30",1.2,0.0,1.2,0.0,0,0.955,0,NORMAL,70.711,-0.035,0,0,0,0,0,0.0,0,0,0,,,,,,0,,,,284773,12963,0
533,49.25439143180847,2026-03-05T17:38:13.514269,83.0,0.0,5.0,4.0,0.0,0.0,0.0,133.0,11.76,0.0,0.0,STRAIGHT,0.3,0.3,"CMD,0.0,0.30",1.2,0.0,1.2,0.0,0,0.958,0,NORMAL,70.711,-0.036,0,0,0,0,0,0.0,14,3,0,,,,,,0,,,,295531,14211,590
534,49.31339454650879,2026-03-05T17:38:13.573272,2.0,0.0,2.0,0.0,0.0,0.0,0.0,42.0,12.25,0.0,0.0,STRAIGHT,0.3,0.3,"CMD,0.0,0.30",1.2,0.0,1.2,0.0,0,0.958,0,NORMAL,70.711,-0.041,0,0,0,0,0,0.0,0,0,0,,,,,,0,,,,295574,13954,0
535,49.37139272689819,2026-03-05T17:38:13.631270,2.0,0.0,2.0,0.0,0.0,0.0,0.0,42.0,12.25,0.0,0.0,STRAIGHT,0.3,0.3,"CMD,0.0,0.30",1.2,0.0,1.2,0.0,0,0.958,0,NORMAL,70.711,-0.029,0,0,0,0,0,0.0,0,0,0,,,,,,0,,,,295574,13438,0
536,49.430394649505615,2026-03-05T17:38:13.690272,2.0,0.0,2.0,0.0,0.0,0.0,0.0,42.0,12.26,0.0,0.0,STRAIGHT,0.3,0.3,"CMD,0.0,0.30",1.2,0.0,1.2,0.0,0,0.958,0,NORMAL,70.711,-0.017,0,0,0,0,0,0.0,0,0,0,,,,,,0,,,,295574,13181,0
537,49.58040118217468,2026-03-05T17:38:13.840279,84.0,0.0,5.0,4.01,1.0,0.0,0.0,134.01,11.8,0.0,0.0,STRAIGHT,0.3,0.3,"CMD,0.0,0.30",1.2,0.0,1.2,0.0,0,0.965,0,NORMAL,70.711,-0.018,0,0,0,0,0,0.0,23,2,0,,,,,,0,,,,299025,15442,628
538,49.64139485359192,2026-03-05T17:38:13.901272,2.0,0.0,2.0,0.0,0.0,0.0,0.0,42.98,12.24,0.0,0.0,STRAIGHT,0.3,0.3,"CMD,0.0,0.30",1.2,0.0,1.2,0.0,0,0.965,0,NORMAL,70.711,-0.027,0,0,0,0,0,0.0,0,0,0,,,,,,0,,,,299053,15185,0
539,49.69939565658569,2026-03-05T17:38:13.959273,1.0,0.0,3.0,0.0,0.0,0.0,0.0,42.0,12.24,0.0,0.0,STRAIGHT,0.3,0.3,"CMD,0.0,0.30",1.2,0.0,1.2,0.0,0,0.965,0,NORMAL,70.711,-0.012,0,0,0,0,0,0.0,0,0,0,,,,,,0,,,,299053,14664,0
540,49.75739860534668,2026-03-05T17:38:14.017276,2.0,0.0,2.0,0.0,0.0,0.0,0.0,41.0,12.25,0.0,0.0,STRAIGHT,0.3,0.3,"CMD,0.0,0.30",1.2,0.0,1.2,0.0,0,0.965,0,NORMAL,70.711,0.021,0,0,0,0,0,0.0,0,0,0,,,,,,0,,,,299053,14407,0
541,49.91642904281616,2026-03-05T17:38:14.176307,91.0,0.0,5.0,5.03,0.0,0.0,0.0,141.03,11.75,0.0,0.0,STRAIGHT,0.3,0.3,"CMD,0.0,0.30",1.2,0.0,1.2,0.0,0,0.9291,0,NORMAL,70.597,-0.002,0,0,0,0,0,0.0,23,2,0,,,,,,0,,,,319754,15857,611
542,49.97639775276184,2026-03-05T17:38:14.236275,2.0,0.0,2.0,0.0,0.0,0.0,0.0,41.97,12.21,0.0,0.0,STRAIGHT,0.3,0.3,"CMD,0.0,0.30",1.2,0.0,1.2,0.0,0,0.9291,0,NORMAL,69.897,-0.024,0,0,0,0,0,0.0,0,0,0,,,,,,0,,,,319772,15606,0
543,50.03539848327637,2026-03-05T17:38:14.295276,2.0,0.0,2.0,0.0,0.0,0.0,0.0,42.0,12.22,0.0,0.0,STRAIGHT,0.3,0.3,"CMD,0.0,0.30",1.2,0.0,1.2,0.0,0,0.9291,0,NORMAL,69.245,0.002,0,0,0,0,0,0.0,0,0,0,,,,,,0,,,,319772,15105,0
544,50.09440755844116,2026-03-05T17:38:14.354285,2.01,0.0,2.0,0.0,0.0,0.0,1.0,43.01,12.21,0.0,0.0,STRAIGHT,0.3,0.3,"CMD,0.0,0.30",1.2,0.0,1.2,0.0,0,0.9291,0,NORMAL,67.972,0.024,0,0,0,0,0,0.0,0,0,0,,,,,,0,,,,319772,14854,0
545,50.244401931762695,2026-03-05T17:38:14.504279,84.0,0.0,4.0,6.0,0.0,0.0,0.0,134.0,11.76,0.0,0.0,STRAIGHT,0.3,0.3,"CMD,0.0,0.30",1.2,0.0,1.2,0.0,0,0.9581,0,NORMAL,67.167,0.003,0,0,0,0,0,0.0,37,3,0,,,,,,0,,,,333327,17332,796
546,50.30440092086792,2026-03-05T17:38:14.564278,2.0,0.0,2.0,0.0,0.0,0.0,0.0,42.0,12.26,0.0,0.0,STRAIGHT,0.3,0.3,"CMD,0.0,0.30",1.2,0.0,1.2,0.0,0,0.9581,0,NORMAL,67.214,0.023,0,0,0,0,0,0.0,0,0,0,,,,,,0,,,,333340,17065,0
547,50.36340117454529,2026-03-05T17:38:14.623279,2.0,0.0,3.0,0.0,0.0,0.0,0.0,43.0,12.26,0.0,0.0,STRAIGHT,0.3,0.3,"CMD,0.0,0.30",1.2,0.0,1.2,0.0,0,0.9581,0,NORMAL,67.05,0.06,0,0,0,0,0,0.0,0,0,0,,,,,,0,,,,333340,16536,0
548,50.42340350151062,2026-03-05T17:38:14.683281,2.0,0.0,2.0,0.0,0.0,0.0,0.0,42.0,12.27,0.0,0.0,STRAIGHT,0.3,0.3,"CMD,0.0,0.30",1.2,0.0,1.2,0.0,0,0.9581,0,NORMAL,66.931,0.063,0,0,0,0,0,0.0,0,0,0,,,,,,0,,,,333340,16266,0
549,50.57342481613159,2026-03-05T17:38:14.833302,83.01,0.0,5.0,5.01,0.0,0.0,0.0,134.02,11.81,0.0,0.0,STRAIGHT,0.3,0.3,"CMD,0.0,0.30",1.2,0.0,1.2,0.0,0,0.9545,0,NORMAL,66.123,0.062,0,0,0,0,0,0.0,19,3,0,,,,,,0,,,,330169,18196,683
550,50.632404804229736,2026-03-05T17:38:14.892282,2.0,0.0,3.0,0.0,0.0,0.0,0.0,41.99,12.26,0.0,0.0,STRAIGHT,0.3,0.3,"CMD,0.0,0.30",1.2,0.0,1.2,0.0,0,0.9545,0,NORMAL,65.668,0.064,0,0,0,0,0,0.0,0,0,0,,,,,,0,,,,330178,17923,0
551,50.69140410423279,2026-03-05T17:38:14.951282,2.0,0.0,3.0,0.0,0.0,0.0,0.0,42.0,12.28,0.0,0.0,STRAIGHT,0.3,0.3,"CMD,0.0,0.30",1.2,0.0,1.2,0.0,0,0.9545,0,NORMAL,65.532,0.069,0,0,0,0,0,0.0,0,0,0,,,,,,0,,,,330178,17376,0
552,50.750407457351685,2026-03-05T17:38:15.010285,2.0,0.0,2.0,0.0,0.0,0.0,0.0,42.0,12.28,0.0,0.0,STRAIGHT,0.3,0.3,"CMD,0.0,0.30",1.2,0.0,1.2,0.0,0,0.9545,0,NORMAL,65.654,0.085,0,0,0,0,0,0.0,0,0,0,,,,,,0,,,,330178,17099,0
553,50.91340899467468,2026-03-05T17:38:15.173287,90.99,0.0,7.0,6.0,0.0,0.0,0.0,145.0,11.76,0.0,0.0,STRAIGHT,0.3,0.3,"CMD,0.0,0.30",1.2,0.0,1.2,0.0,0,0.9373,0,NORMAL,65.922,0.1,0,0,0,0,0,0.0,41,3,0,,,,,,0,,,,351171,19295,863
554,50.97640895843506,2026-03-05T17:38:15.236287,1.99,0.0,2.0,0.0,0.0,0.0,0.0,44.0,12.19,0.0,0.0,STRAIGHT,0.3,0.3,"CMD,0.0,0.30",1.2,0.0,1.2,0.0,0,0.9373,0,NORMAL,65.738,0.108,0,0,0,0,0,0.0,0,0,0,,,,,,0,,,,351186,19015,0
555,51.03541445732117,2026-03-05T17:38:15.295292,2.01,0.0,2.0,0.0,0.0,0.0,0.0,42.01,12.18,0.0,0.0,STRAIGHT,0.3,0.3,"CMD,0.0,0.30",1.2,0.0,1.2,0.0,0,0.9373,0,NORMAL,65.408,0.12,0,0,0,0,0,0.0,0,0,0,,,,,,0,,,,351186,18455,0
556,51.09544491767883,2026-03-05T17:38:15.355322,2.04,0.0,2.01,0.0,0.0,0.0,0.99,43.03,12.18,0.0,0.0,STRAIGHT,0.3,0.3,"CMD,0.0,0.30",1.2,0.0,1.2,0.0,0,0.9373,0,NORMAL,65.447,0.131,0,0,0,0,0,0.0,0,0,0,,,,,,0,,,,351186,18174,0
557,51.25044226646423,2026-03-05T17:38:15.510320,85.04,0.0,5.0,6.0,0.0,0.0,0.0,138.04,11.71,0.0,0.0,STRAIGHT,0.3,0.3,"CMD,0.0,0.30",1.2,0.0,1.2,0.0,0,0.9541,0,NORMAL,65.184,0.16,0,0,0,0,0,0.0,29,4,0,,,,,,0,,,,367990,21175,876
558,51.31140971183777,2026-03-05T17:38:15.571287,2.0,0.0,2.0,0.0,0.0,0.0,0.0,42.96,12.17,0.0,0.0,STRAIGHT,0.3,0.3,"CMD,0.0,0.30",1.2,0.0,1.2,0.0,0,0.9541,0,NORMAL,65.019,0.181,0,0,0,0,0,0.0,0,0,0,,,,,,0,,,,368164,20880,0
559,51.372411251068115,2026-03-05T17:38:15.632289,2.0,0.0,2.0,0.0,0.0,0.0,0.0,42.0,12.16,0.0,0.0,STRAIGHT,0.3,0.3,"CMD,0.0,0.30",1.2,0.0,1.2,0.0,0,0.9541,0,NORMAL,65.103,0.21,0,0,0,0,0,0.0,0,0,0,,,,,,0,,,,368164,20288,0
560,51.43341422080994,2026-03-05T17:38:15.693292,2.0,0.0,2.0,0.0,0.0,0.0,0.0,43.0,12.15,0.0,0.0,STRAIGHT,0.3,0.3,"CMD,0.0,0.30",1.2,0.0,1.2,0.0,0,0.9541,0,NORMAL,64.83,0.222,0,0,0,0,0,0.0,0,0,0,,,,,,0,,,,368164,19992,0
561,51.587411880493164,2026-03-05T17:38:15.847289,83.99,0.0,4.0,6.0,0.0,0.0,0.0,136.0,11.68,0.0,0.0,STRAIGHT,0.3,0.3,"CMD,0.0,0.30",1.2,0.0,1.2,0.0,0,0.9738,0,NORMAL,64.397,0.24,0,0,0,0,0,0.0,28,3,0,,,,,,0,,,,374906,22838,833
562,51.64641237258911,2026-03-05T17:38:15.906290,2.0,0.0,2.0,0.0,0.0,0.0,0.0,41.0,12.12,0.0,0.0,STRAIGHT,0.3,0.3,"CMD,0.0,0.30",1.2,0.0,1.2,0.0,0,0.9738,0,NORMAL,64.168,0.264,0,0,0,0,0,0.0,0,0,0,,,,,,0,,,,374909,22534,0
563,51.7074134349823,2026-03-05T17:38:15.967291,2.0,0.0,2.0,0.0,0.0,0.0,0.0,42.0,12.12,0.0,0.0,STRAIGHT,0.3,0.3,"CMD,0.0,0.30",1.2,0.0,1.2,0.0,0,0.9738,0,NORMAL,64.042,0.293,0,0,0,0,0,0.0,0,0,0,,,,,,0,,,,374909,21923,0
564,51.76741337776184,2026-03-05T17:38:16.027291,2.0,0.0,3.0,0.0,0.0,0.0,0.0,43.0,12.1,0.0,0.0,STRAIGHT,0.3,0.3,"CMD,0.0,0.30",1.2,0.0,1.2,0.0,0,0.9738,0,NORMAL,63.979,0.327,0,0,0,0,0,0.0,0,0,0,,,,,,0,,,,374909,21618,0
565,51.92742443084717,2026-03-05T17:38:16.187302,88.01,0.0,6.0,6.0,0.0,0.0,1.0,142.01,11.61,0.0,0.0,STRAIGHT,0.3,0.3,"CMD,0.0,0.30",1.2,0.0,1.2,0.0,0,0.9842,0,NORMAL,63.79,0.358,0,0,0,0,0,0.0,35,4,0,,,,,,0,,,,376056,23511,933
566,51.989413022994995,2026-03-05T17:38:16.249290,0.96,0.0,3.0,0.0,0.0,0.0,0.0,42.99,12.04,0.0,0.0,STRAIGHT,0.3,0.3,"CMD,0.0,0.30",1.2,0.0,1.2,0.0,0,0.9842,0,NORMAL,63.532,0.375,0,0,0,0,0,0.0,0,0,0,,,,,,0,,,,376056,23203,0
567,52.04844617843628,2026-03-05T17:38:16.308324,2.05,0.0,1.98,0.0,0.0,0.0,0.0,42.03,12.05,0.0,0.0,STRAIGHT,0.3,0.3,"CMD,0.0,0.30",1.2,0.0,1.2,0.0,0,0.9842,0,NORMAL,63.37,0.402,0,0,0,0,0,0.0,0,0,0,,,,,,0,,,,376056,22587,0
568,52.107414960861206,2026-03-05T17:38:16.367292,2.04,0.0,1.96,0.0,0.0,0.0,0.0,40.96,12.05,0.0,0.0,STRAIGHT,0.3,0.3,"CMD,0.0,0.30",1.2,0.0,1.2,0.0,0,0.9842,0,NORMAL,63.475,0.426,0,0,0,0,0,0.0,0,0,0,,,,,,0,,,,376056,22276,0
569,52.26342415809631,2026-03-05T17:38:16.523302,85.97,0.0,5.0,6.01,0.0,0.0,0.0,140.01,11.57,0.0,0.0,STRAIGHT,0.3,0.3,"CMD,0.0,0.30",1.2,0.0,1.2,0.0,0,0.9749,0,NORMAL,63.273,0.448,0,0,0,0,0,0.0,26,4,0,,,,,,0,,,,378898,24206,915
570,52.32241630554199,2026-03-05T17:38:16.582294,2.0,0.0,2.0,0.0,0.0,0.0,0.0,41.0,12.05,0.0,0.0,STRAIGHT,0.3,0.3,"CMD,0.0,0.30",1.2,0.0,1.2,0.0,0,0.9749,0,NORMAL,62.648,0.466,0,0,0,0,0,0.0,0,0,0,,,,,,0,,,,378898,23895,0
571,52.38141632080078,2026-03-05T17:38:16.641294,2.0,0.0,2.0,0.0,0.0,0.0,0.0,42.0,12.05,0.0,0.0,STRAIGHT,0.3,0.3,"CMD,0.0,0.30",1.2,0.0,1.2,0.0,0,0.9749,0,NORMAL,62.156,0.485,0,0,0,0,0,0.0,0,0,0,,,,,,0,,,,378898,23271,0
572,52.44041705131531,2026-03-05T17:38:16.700294,1.0,0.0,3.0,0.0,0.0,0.0,0.0,42.0,12.05,0.0,0.0,STRAIGHT,0.3,0.3,"CMD,0.0,0.30",1.2,0.0,1.2,0.0,0,0.9749,0,NORMAL,61.493,0.495,0,0,0,0,0,0.0,0,0,0,,,,,,0,,,,378898,22955,0
573,52.5924186706543,2026-03-05T17:38:16.852296,83.01,0.0,5.0,7.03,0.0,0.0,0.0,134.0,11.61,0.0,0.0,STRAIGHT,0.3,0.3,"CMD,0.0,0.30",1.2,0.0,1.2,0.0,0,0.9505,0,NORMAL,60.44,0.507,0,0,0,0,0,0.0,48,4,0,,,,,,0,,,,398495,26676,1024
574,52.65142226219177,2026-03-05T17:38:16.911300,1.0,0.0,3.0,0.0,0.0,0.0,0.0,41.0,12.05,0.0,0.0,STRAIGHT,0.3,0.3,"CMD,0.0,0.30",1.2,0.0,1.2,0.0,0,0.9505,0,NORMAL,58.889,0.536,0,0,0,0,0,0.0,0,0,0,,,,,,0,,,,398495,26359,0
575,52.71041917800903,2026-03-05T17:38:16.970297,2.0,0.0,2.0,0.0,0.0,0.0,0.0,41.0,12.05,0.0,0.0,STRAIGHT,0.3,0.3,"CMD,0.0,0.30",1.2,0.0,1.2,0.0,0,0.9505,0,NORMAL,58.524,0.531,0,0,0,0,0,0.0,0,0,0,,,,,,0,,,,398495,25715,0
576,52.76841950416565,2026-03-05T17:38:17.028297,2.0,0.0,2.0,0.0,0.0,0.0,0.0,41.0,12.06,0.0,0.0,STRAIGHT,0.3,0.3,"CMD,0.0,0.30",1.2,0.0,1.2,0.0,0,0.9505,0,NORMAL,58.126,0.518,0,0,0,0,0,0.0,0,0,0,,,,,,0,,,,398495,25392,0
577,52.92642164230347,2026-03-05T17:38:17.186299,84.0,0.0,5.0,7.0,0.0,0.0,0.0,138.0,11.59,0.0,0.0,STRAIGHT,0.3,0.3,"CMD,0.0,0.30",1.2,0.0,1.2,0.0,0,0.9652,0,NORMAL,56.955,0.511,0,0,0,0,0,0.0,39,4,0,,,,,,0,,,,405793,28219,1022
578,52.992422103881836,2026-03-05T17:38:17.252300,2.0,0.0,2.0,0.0,0.0,0.0,0.0,46.0,11.99,0.0,0.0,STRAIGHT,0.3,0.3,"CMD,0.0,0.30",1.2,0.0,1.2,0.0,0,0.9652,0,NORMAL,56.382,0.506,0,0,0,0,0,0.0,0,0,0,,,,,,0,,,,405797,27894,0
579,53.05342221260071,2026-03-05T17:38:17.313300,0.99,0.0,3.0,0.0,0.0,0.0,0.0,43.0,11.98,0.0,0.0,STRAIGHT,0.3,0.3,"CMD,0.0,0.30",1.2,0.0,1.2,0.0,0,0.9652,0,NORMAL,55.412,0.509,0,0,0,0,0,0.0,0,0,0,,,,,,0,,,,405797,27239,0
580,53.115423917770386,2026-03-05T17:38:17.375301,3.0,0.0,2.0,0.0,0.0,0.0,0.0,42.0,11.97,0.0,0.0,STRAIGHT,0.3,0.3,"CMD,0.0,0.30",1.2,0.0,1.2,0.0,0,0.9652,0,NORMAL,54.907,0.515,0,0,0,0,0,0.0,0,0,0,,,,,,0,,,,405797,26911,0
581,53.27242469787598,2026-03-05T17:38:17.532302,87.0,0.0,5.0,7.0,0.0,0.0,1.0,139.0,11.5,0.0,0.0,STRAIGHT,0.3,0.3,"CMD,0.0,0.30",1.2,0.0,1.2,0.0,0,0.9753,0,NORMAL,54.988,0.507,0,0,0,0,0,0.0,39,6,0,,,,,,0,,,,409592,28180,1031
582,53.33143091201782,2026-03-05T17:38:17.591308,2.01,0.0,2.0,0.0,0.0,0.0,0.0,41.01,11.99,0.0,0.0,STRAIGHT,0.3,0.3,"CMD,0.0,0.30",1.2,0.0,1.2,0.0,0,0.9753,0,NORMAL,54.419,0.497,0,0,0,0,0,0.0,0,0,0,,,,,,0,,,,409592,27862,0
583,53.3914258480072,2026-03-05T17:38:17.651303,2.0,0.0,2.0,0.0,0.0,0.0,0.0,40.99,12.01,0.0,0.0,STRAIGHT,0.3,0.3,"CMD,0.0,0.30",1.2,0.0,1.2,0.0,0,0.9753,0,NORMAL,54.18,0.495,0,0,0,0,0,0.0,0,0,0,,,,,,0,,,,409592,27198,0
584,53.45042681694031,2026-03-05T17:38:17.710304,2.0,0.0,3.0,0.0,0.0,0.0,0.0,42.0,12.01,0.0,0.0,STRAIGHT,0.3,0.3,"CMD,0.0,0.30",1.2,0.0,1.2,0.0,0,0.9753,0,NORMAL,54.155,0.492,0,0,0,0,0,0.0,0,0,0,,,,,,0,,,,409592,26871,0
585,53.6074275970459,2026-03-05T17:38:17.867305,85.03,0.0,5.0,6.03,0.0,0.0,0.0,138.0,11.55,0.0,0.0,STRAIGHT,0.3,0.3,"CMD,0.0,0.30",1.2,0.0,1.2,0.0,0,0.9637,0,NORMAL,54.175,0.479,0,0,0,0,0,0.0,36,6,0,,,,,,0,,,,421741,30036,1072
586,53.66942811012268,2026-03-05T17:38:17.929306,2.0,0.0,2.0,0.0,0.0,0.0,1.0,43.0,11.99,0.0,0.0,STRAIGHT,0.3,0.3,"CMD,0.0,0.30",1.2,0.0,1.2,0.0,0,0.9637,0,NORMAL,54.528,0.455,0,0,0,0,0,0.0,0,0,0,,,,,,0,,,,421741,29704,0
587,53.729429483413696,2026-03-05T17:38:17.989307,2.0,0.0,2.0,0.0,0.0,0.0,0.0,41.0,12.0,0.0,0.0,STRAIGHT,0.3,0.3,"CMD,0.0,0.30",1.2,0.0,1.2,0.0,0,0.9637,0,NORMAL,55.053,0.441,0,0,0,0,0,0.0,0,0,0,,,,,,0,,,,421741,28994,0
588,53.790430545806885,2026-03-05T17:38:18.050308,2.0,0.0,2.0,0.0,0.0,0.0,1.0,43.0,11.99,0.0,0.0,STRAIGHT,0.3,0.3,"CMD,0.0,0.30",1.2,0.0,1.2,0.0,0,0.9637,0,NORMAL,55.464,0.433,0,0,0,0,0,0.0,0,0,0,,,,,,0,,,,421741,28656,0
589,53.945430278778076,2026-03-05T17:38:18.205308,85.0,0.0,5.0,6.0,0.0,0.0,0.0,136.0,11.54,0.0,0.0,STRAIGHT,0.3,0.3,"CMD,0.0,0.30",1.2,0.0,1.2,0.0,0,0.9647,0,NORMAL,55.934,0.417,0,0,0,0,0,0.0,28,5,0,,,,,,0,,,,436502,31920,1121
590,54.012431144714355,2026-03-05T17:38:18.272309,2.0,0.0,3.0,0.0,0.0,0.0,0.0,47.0,11.96,0.0,0.0,STRAIGHT,0.3,0.3,"CMD,0.0,0.30",1.2,0.0,1.2,0.0,0,0.9647,0,NORMAL,55.588,0.404,0,0,0,0,0,0.0,0,0,0,,,,,,0,,,,436502,31573,0
591,54.07443165779114,2026-03-05T17:38:18.334309,2.0,0.0,2.0,0.0,0.0,0.0,1.0,43.0,11.94,0.0,0.0,STRAIGHT,0.3,0.3,"CMD,0.0,0.30",1.2,0.0,1.2,0.0,0,0.9647,0,NORMAL,55.091,0.376,0,0,0,0,0,0.0,0,0,0,,,,,,0,,,,436502,30837,0
592,54.13343167304993,2026-03-05T17:38:18.393309,1.0,0.0,2.0,0.0,0.0,0.0,0.0,41.0,11.95,0.0,0.0,STRAIGHT,0.3,0.3,"CMD,0.0,0.30",1.2,0.0,1.2,0.0,0,0.9647,0,NORMAL,54.903,0.331,0,0,0,0,0,0.0,0,0,0,,,,,,0,,,,436502,30484,0
593,54.302433252334595,2026-03-05T17:38:18.562311,89.0,0.0,7.0,7.0,0.0,0.0,0.0,152.0,11.44,0.0,0.0,STRAIGHT,0.3,0.3,"CMD,0.0,0.30",1.2,0.0,1.2,0.0,0,0.9719,0,NORMAL,54.253,0.288,0,0,0,0,0,0.0,38,5,0,,,,,,0,,,,425990,31534,1112
594,54.365434646606445,2026-03-05T17:38:18.625312,2.0,0.0,2.0,0.0,0.0,0.0,0.0,43.0,11.9,0.0,0.0,STRAIGHT,0.3,0.3,"CMD,0.0,0.30",1.2,0.0,1.2,0.0,0,0.9719,0,NORMAL,53.746,0.282,0,0,0,0,0,0.0,0,0,0,,,,,,0,,,,425990,31214,0
595,54.425434827804565,2026-03-05T17:38:18.685312,0.99,0.0,3.0,0.0,0.0,0.0,0.0,42.0,11.9,0.0,0.0,STRAIGHT,0.3,0.3,"CMD,0.0,0.30",1.2,0.0,1.2,0.0,0,0.9719,0,NORMAL,52.987,0.29,0,0,0,0,0,0.0,0,0,0,,,,,,0,,,,425990,30522,0
596,54.485434770584106,2026-03-05T17:38:18.745312,2.0,0.0,3.0,0.0,0.0,0.0,0.0,42.0,11.9,0.0,0.0,STRAIGHT,0.3,0.3,"CMD,0.0,0.30",1.2,0.0,1.2,0.0,0,0.9719,0,NORMAL,52.369,0.274,0,0,0,0,0,0.0,0,0,0,,,,,,0,,,,425990,30179,0
597,54.64043664932251,2026-03-05T17:38:18.900314,86.0,0.0,5.0,5.0,1.0,0.0,1.0,137.0,11.44,0.0,0.0,STRAIGHT,0.3,0.3,"CMD,0.0,0.30",1.2,0.0,1.2,0.0,0,0.8666,0,NORMAL,51.938,0.251,0,0,0,0,0,0.0,29,6,0,,,,,,0,,,,369208,28591,1003
598,54.70043730735779,2026-03-05T17:38:18.960315,2.0,0.0,2.0,0.0,0.0,0.0,0.0,41.0,11.9,0.0,0.0,STRAIGHT,0.3,0.3,"CMD,0.0,0.30",1.2,0.0,1.2,0.0,0,0.8666,0,NORMAL,51.651,0.221,0,0,0,0,0,0.0,0,0,0,,,,,,0,,,,369208,28297,0
599,54.762444496154785,2026-03-05T17:38:19.022322,2.0,0.0,1.99,0.0,0.0,0.0,1.01,44.01,11.89,0.0,0.0,STRAIGHT,0.3,0.3,"CMD,0.0,0.30",1.2,0.0,1.2,0.0,0,0.8666,0,NORMAL,51.428,0.199,0,0,0,0,0,0.0,0,0,0,,,,,,0,,,,369208,27708,0
600,54.82544732093811,2026-03-05T17:38:19.085325,2.0,0.0,4.01,0.0,0.0,0.0,0.0,45.01,11.87,0.0,0.0,STRAIGHT,0.3,0.3,"CMD,0.0,0.30",1.2,0.0,1.2,0.0,0,0.8666,0,NORMAL,51.188,0.19,0,0,0,0,0,0.0,0,0,0,,,,,,0,,,,369208,27389,0
601,54.98643922805786,2026-03-05T17:38:19.246317,88.0,0.0,5.0,5.0,0.0,0.0,0.0,142.0,11.39,0.0,0.0,STRAIGHT,0.3,0.3,"CMD,0.0,0.30",1.2,0.0,1.2,0.0,0,0.8202,0,NORMAL,51.041,0.173,0,0,0,0,0,0.0,21,5,0,,,,,,0,,,,316196,19695,743
602,55.05043983459473,2026-03-05T17:38:19.310317,2.0,0.0,2.0,0.0,0.0,0.0,0.0,44.0,11.8,0.0,0.0,STRAIGHT,0.3,0.3,"CMD,0.0,0.30",1.2,0.0,1.2,0.0,0,0.8202,0,NORMAL,50.961,0.147,0,0,0,0,0,0.0,0,0,0,,,,,,0,,,,316196,19461,0
603,55.110440731048584,2026-03-05T17:38:19.370318,1.0,0.0,3.0,0.0,0.0,0.0,0.0,43.0,11.79,0.0,0.0,STRAIGHT,0.3,0.3,"CMD,0.0,0.30",1.2,0.0,1.2,0.0,0,0.8202,0,NORMAL,50.92,0.117,0,0,0,0,0,0.0,0,0,0,,,,,,0,,,,316196,19207,0
604,55.169448375701904,2026-03-05T17:38:19.429326,1.01,0.0,3.0,0.0,0.0,0.0,0.0,42.01,11.79,0.0,0.0,STRAIGHT,0.3,0.3,"CMD,0.0,0.30",1.2,0.0,1.2,0.0,0,0.8202,0,NORMAL,50.829,0.09,0,0,0,0,0,0.0,0,0,0,,,,,,0,,,,316196,18965,0
605,55.32244944572449,2026-03-05T17:38:19.582327,86.01,0.0,5.0,5.0,1.0,0.0,0.0,136.0,11.36,0.0,0.0,STRAIGHT,0.3,0.3,"CMD,0.0,0.30",1.2,0.0,1.2,0.0,0,0.8345,0,NORMAL,50.629,0.09,0,0,0,0,0,0.0,22,5,0,,,,,,0,,,,373932,28503,870
606,55.38148641586304,2026-03-05T17:38:19.641364,1.01,0.0,3.0,0.0,0.0,0.0,0.0,42.04,11.81,0.0,0.0,STRAIGHT,0.3,0.3,"CMD,0.0,0.30",1.2,0.0,1.2,0.0,0,0.8345,0,NORMAL,50.602,0.063,0,0,0,0,0,0.0,0,0,0,,,,,,0,,,,373932,28201,0
607,55.44147610664368,2026-03-05T17:38:19.701354,2.03,0.0,2.01,0.0,0.0,0.0,0.0,42.02,11.85,0.0,0.0,STRAIGHT,0.3,0.3,"CMD,0.0,0.30",1.2,0.0,1.2,0.0,0,0.8345,0,NORMAL,50.644,0.016,0,0,0,0,0,0.0,0,0,0,,,,,,0,,,,373932,27585,0
608,55.5004780292511,2026-03-05T17:38:19.760355,2.03,0.0,2.0,0.0,0.0,0.0,0.0,40.99,11.86,0.0,0.0,STRAIGHT,0.3,0.3,"CMD,0.0,0.30",1.2,0.0,1.2,0.0,0,0.8345,0,NORMAL,50.652,-0.021,0,0,0,0,0,0.0,0,0,0,,,,,,0,,,,373932,27295,0
609,55.65548658370972,2026-03-05T17:38:19.915364,87.04,0.0,4.99,6.03,0.0,0.0,0.0,139.01,11.41,0.0,0.0,STRAIGHT,0.3,0.3,"CMD,0.0,0.30",1.2,0.0,1.2,0.0,0,0.889,0,NORMAL,50.487,-0.048,0,0,0,0,0,0.0,30,4,0,,,,,,0,,,,398414,28229,882
610,55.716485023498535,2026-03-05T17:38:19.976363,1.04,0.0,3.0,0.0,0.0,0.0,0.0,41.98,11.87,0.0,0.0,STRAIGHT,0.3,0.3,"CMD,0.0,0.30",1.2,0.0,1.2,0.0,0,0.889,0,NORMAL,50.461,-0.095,0,0,0,0,0,0.0,0,0,0,,,,,,0,,,,398414,27932,0
611,55.77848434448242,2026-03-05T17:38:20.038362,2.0,0.0,2.0,0.0,0.0,0.0,0.0,41.99,11.86,0.0,0.0,STRAIGHT,0.3,0.3,"CMD,0.0,0.30",1.2,0.0,1.2,0.0,0,0.889,0,NORMAL,50.498,-0.131,0,0,0,0,0,0.0,0,0,0,,,,,,0,,,,398414,27357,0
612,55.83748126029968,2026-03-05T17:38:20.097359,2.03,0.0,2.0,0.0,0.0,0.0,0.0,41.0,11.85,0.0,0.0,STRAIGHT,0.3,0.3,"CMD,0.0,0.30",1.2,0.0,1.2,0.0,0,0.889,0,NORMAL,50.444,-0.151,0,0,0,0,0,0.0,0,0,0,,,,,,0,,,,398414,27051,0
613,55.99548006057739,2026-03-05T17:38:20.255357,85.0,0.0,6.99,5.03,0.0,0.0,0.0,137.99,11.39,0.0,0.0,STRAIGHT,0.3,0.3,"CMD,0.0,0.30",1.2,0.0,1.2,0.0,0,0.8231,0,NORMAL,50.434,-0.184,0,0,0,0,0,0.0,20,4,0,,,,,,0,,,,328050,24351,777
614,56.063481092453,2026-03-05T17:38:20.323358,2.03,0.0,2.99,0.0,0.0,0.0,0.0,46.0,11.8,0.0,0.0,STRAIGHT,0.3,0.3,"CMD,0.0,0.30",1.2,0.0,1.2,0.0,0,0.8231,0,NORMAL,50.514,-0.226,0,0,0,0,0,0.0,0,0,0,,,,,,0,,,,328050,24077,0
615,56.123483419418335,2026-03-05T17:38:20.383361,2.03,0.0,3.0,0.0,0.0,0.0,0.0,43.0,11.82,0.0,0.0,STRAIGHT,0.3,0.3,"CMD,0.0,0.30",1.2,0.0,1.2,0.0,0,0.8231,0,NORMAL,50.588,-0.254,0,0,0,0,0,0.0,0,0,0,,,,,,0,,,,328050,23625,0
616,56.18448233604431,2026-03-05T17:38:20.444360,2.03,0.0,3.0,0.0,0.0,0.0,0.0,44.0,11.81,0.0,0.0,STRAIGHT,0.3,0.3,"CMD,0.0,0.30",1.2,0.0,1.2,0.0,0,0.8231,0,NORMAL,50.748,-0.282,0,0,0,0,0,0.0,0,0,0,,,,,,0,,,,328050,23307,0
617,56.34248685836792,2026-03-05T17:38:20.602364,90.0,0.0,5.0,5.04,0.0,0.0,0.0,141.0,11.36,0.0,0.0,STRAIGHT,0.3,0.3,"CMD,0.0,0.30",1.2,0.0,1.2,0.0,0,0.8741,0,NORMAL,50.893,-0.304,0,0,0,0,0,0.0,15,4,0,,,,,,0,,,,372815,25883,773
618,56.405454874038696,2026-03-05T17:38:20.665332,2.04,0.0,2.97,0.0,0.0,0.0,0.0,43.97,11.79,0.0,0.0,STRAIGHT,0.3,0.3,"CMD,0.0,0.30",1.2,0.0,1.2,0.0,0,0.8741,0,NORMAL,51.066,-0.337,0,0,0,0,0,0.0,0,0,0,,,,,,0,,,,372827,25600,0
619,56.47145748138428,2026-03-05T17:38:20.731335,2.0,0.0,3.0,0.0,0.0,0.0,0.0,44.96,11.8,0.0,0.0,STRAIGHT,0.3,0.3,"CMD,0.0,0.30",1.2,0.0,1.2,0.0,0,0.8741,0,NORMAL,51.306,-0.374,0,0,0,0,0,0.0,0,0,0,,,,,,0,,,,372827,25023,0
620,56.533456563949585,2026-03-05T17:38:20.793334,2.0,0.0,2.0,0.0,0.0,0.0,0.0,41.96,11.8,0.0,0.0,STRAIGHT,0.3,0.3,"CMD,0.0,0.30",1.2,0.0,1.2,0.0,0,0.8741,0,NORMAL,51.457,-0.402,0,0,0,0,0,0.0,0,0,0,,,,,,0,,,,372827,24751,0
621,56.6914598941803,2026-03-05T17:38:20.951337,88.0,0.0,5.0,6.0,0.0,0.0,1.0,141.0,11.34,0.0,0.0,STRAIGHT,0.3,0.3,"CMD,0.0,0.30",1.2,0.0,1.2,0.0,0,0.9034,0,NORMAL,51.643,-0.42,0,0,0,0,0,0.0,29,4,0,,,,,,0,,,,349361,26121,899
622,56.75447082519531,2026-03-05T17:38:21.014348,2.0,0.0,2.0,0.0,0.0,0.0,0.0,43.0,11.83,0.0,0.0,STRAIGHT,0.3,0.3,"CMD,0.0,0.30",1.2,0.0,1.2,0.0,0,0.9034,0,NORMAL,51.813,-0.443,0,0,0,0,0,0.0,0,0,0,,,,,,0,,,,349361,25840,0
623,56.817458629608154,2026-03-05T17:38:21.077336,2.0,0.0,3.0,0.0,0.0,0.0,0.0,45.99,11.82,0.0,0.0,STRAIGHT,0.3,0.3,"CMD,0.0,0.30",1.2,0.0,1.2,0.0,0,0.9034,0,NORMAL,52.274,-0.474,0,0,0,0,0,0.0,0,0,0,,,,,,0,,,,349361,25286,0
624,56.881465911865234,2026-03-05T17:38:21.141343,2.01,0.0,3.0,0.0,0.0,0.0,0.0,46.01,11.81,0.0,0.0,STRAIGHT,0.3,0.3,"CMD,0.0,0.30",1.2,0.0,1.2,0.0,0,0.9034,0,NORMAL,52.532,-0.481,0,0,0,0,0,0.0,0,0,0,,,,,,0,,,,349361,25003,0
625,57.048457622528076,2026-03-05T17:38:21.308335,94.03,0.0,6.01,7.0,0.0,0.0,0.0,148.0,11.31,0.0,0.0,STRAIGHT,0.3,0.3,"CMD,0.0,0.30",1.2,0.0,1.2,0.0,0,0.8608,0,NORMAL,52.476,-0.482,0,0,0,0,0,0.0,37,3,0,,,,,,0,,,,321045,25632,903
626,57.10849165916443,2026-03-05T17:38:21.368369,2.03,0.0,2.0,0.0,0.0,0.0,0.0,42.03,11.75,0.0,0.0,STRAIGHT,0.3,0.3,"CMD,0.0,0.30",1.2,0.0,1.2,0.0,0,0.8608,0,NORMAL,52.479,-0.49,0,0,0,0,0,0.0,0,0,0,,,,,,0,,,,321045,25371,0
627,57.168508529663086,2026-03-05T17:38:21.428386,2.04,0.0,1.97,0.0,0.0,0.0,1.05,43.01,11.75,0.0,0.0,STRAIGHT,0.3,0.3,"CMD,0.0,0.30",1.2,0.0,1.2,0.0,0,0.8608,0,NORMAL,52.553,-0.487,0,0,0,0,0,0.0,0,0,0,,,,,,0,,,,321045,24841,0
628,57.227494955062866,2026-03-05T17:38:21.487372,2.03,0.0,2.0,0.0,0.0,0.0,0.0,42.0,11.76,0.0,0.0,STRAIGHT,0.3,0.3,"CMD,0.0,0.30",1.2,0.0,1.2,0.0,0,0.8608,0,NORMAL,52.435,-0.481,0,0,0,0,0,0.0,0,0,0,,,,,,0,,,,321045,24555,0
629,57.38249182701111,2026-03-05T17:38:21.642369,87.03,0.0,4.97,6.0,0.0,0.0,0.0,138.0,11.34,0.0,0.0,STRAIGHT,0.3,0.3,"CMD,0.0,0.30",1.2,0.0,1.2,0.0,0,0.8771,0,NORMAL,52.407,-0.48,0,0,0,0,0,0.0,32,4,0,,,,,,0,,,,337321,24547,871
630,57.44350075721741,2026-03-05T17:38:21.703378,2.03,0.0,2.01,0.0,0.0,0.0,0.0,43.0,11.8,0.0,0.0,STRAIGHT,0.3,0.3,"CMD,0.0,0.30",1.2,0.0,1.2,0.0,0,0.8771,0,NORMAL,52.561,-0.485,0,0,0,0,0,0.0,0,0,0,,,,,,0,,,,337321,24290,0
631,57.503495931625366,2026-03-05T17:38:21.763373,2.03,0.0,2.01,0.0,0.0,0.0,1.0,42.99,11.82,0.0,0.0,STRAIGHT,0.3,0.3,"CMD,0.0,0.30",1.2,0.0,1.2,0.0,0,0.8771,0,NORMAL,52.737,-0.488,0,0,0,0,0,0.0,0,0,0,,,,,,0,,,,337321,23771,0
632,57.562498331069946,2026-03-05T17:38:21.822376,2.03,0.0,2.0,0.0,0.0,0.0,0.0,42.0,11.83,0.0,0.0,STRAIGHT,0.3,0.3,"CMD,0.0,0.30",1.2,0.0,1.2,0.0,0,0.8771,0,NORMAL,52.912,-0.491,0,0,0,0,0,0.0,0,0,0,,,,,,0,,,,337321,23489,0
633,57.71749687194824,2026-03-05T17:38:21.977374,85.02,0.0,6.01,7.03,0.0,0.0,0.0,138.99,11.38,0.0,0.0,STRAIGHT,0.3,0.3,"CMD,0.0,0.30",1.2,0.0,1.2,0.0,0,0.9045,0,NORMAL,53.137,-0.486,0,0,0,0,0,0.0,39,3,0,,,,,,0,,,,370432,25611,906
634,57.77946758270264,2026-03-05T17:38:22.039345,1.0,0.0,3.0,0.0,0.0,0.0,0.0,42.96,11.8,0.0,0.0,STRAIGHT,0.3,0.3,"CMD,0.0,0.30",1.2,0.0,1.2,0.0,0,0.9045,0,NORMAL,53.373,-0.474,0,0,0,0,0,0.0,0,0,0,,,,,,0,,,,370478,25349,0
635,57.841474771499634,2026-03-05T17:38:22.101352,2.01,0.0,2.99,0.0,0.0,0.0,0.0,43.0,11.79,0.0,0.0,STRAIGHT,0.3,0.3,"CMD,0.0,0.30",1.2,0.0,1.2,0.0,0,0.9045,0,NORMAL,53.709,-0.468,0,0,0,0,0,0.0,0,0,0,,,,,,0,,,,370478,24785,0
636,57.90349793434143,2026-03-05T17:38:22.163375,2.03,0.0,3.0,0.0,0.0,0.0,0.0,44.02,11.77,0.0,0.0,STRAIGHT,0.3,0.3,"CMD,0.0,0.30",1.2,0.0,1.2,0.0,0,0.9045,0,NORMAL,54.155,-0.478,0,0,0,0,0,0.0,0,0,0,,,,,,0,,,,370478,24515,0
637,58.06650114059448,2026-03-05T17:38:22.326379,93.05,0.0,4.99,6.0,0.0,0.0,0.0,143.99,11.3,0.0,0.0,STRAIGHT,0.3,0.3,"CMD,0.0,0.30",1.2,0.0,1.2,0.0,0,0.8002,0,NORMAL,54.424,-0.466,0,0,0,0,0,0.0,27,3,0,,,,,,0,,,,447437,24936,763
638,58.12950253486633,2026-03-05T17:38:22.389380,1.03,0.0,3.0,0.0,0.0,0.0,0.0,44.0,11.72,0.0,0.0,STRAIGHT,0.3,0.3,"CMD,0.0,0.30",1.2,0.0,1.2,0.0,0,0.8002,0,NORMAL,54.347,-0.425,0,0,0,0,0,0.0,0,0,0,,,,,,0,,,,447523,24679,0
639,58.189505100250244,2026-03-05T17:38:22.449382,1.03,0.0,3.01,0.0,0.0,0.0,0.0,42.01,11.73,0.0,0.0,STRAIGHT,0.3,0.3,"CMD,0.0,0.30",1.2,0.0,1.2,0.0,0,0.8002,0,NORMAL,54.673,-0.433,0,0,0,0,0,0.0,0,0,0,,,,,,0,,,,447523,24143,0
640,58.25146842002869,2026-03-05T17:38:22.511346,2.04,0.0,2.96,0.0,0.0,0.0,0.0,43.96,11.72,0.0,0.0,STRAIGHT,0.3,0.3,"CMD,0.0,0.30",1.2,0.0,1.2,0.0,0,0.8002,0,NORMAL,55.316,-0.461,0,0,0,0,0,0.0,0,0,0,,,,,,0,,,,447523,23855,0
641,58.417471170425415,2026-03-05T17:38:22.677349,91.0,0.0,7.01,6.01,0.0,0.0,0.0,146.96,11.24,0.0,0.0,STRAIGHT,0.3,0.3,"CMD,0.0,0.30",1.2,0.0,1.2,0.0,0,0.8745,0,NORMAL,55.393,-0.446,0,0,0,0,0,0.0,20,3,0,,,,,,0,,,,400768,24265,754
642,58.487505197525024,2026-03-05T17:38:22.747383,2.04,0.0,3.0,0.0,0.0,0.0,0.0,47.03,11.64,0.0,0.0,STRAIGHT,0.3,0.3,"CMD,0.0,0.30",1.2,0.0,1.2,0.0,0,0.8745,0,NORMAL,55.265,-0.44,0,0,0,0,0,0.0,0,0,0,,,,,,0,,,,400796,24013,0
643,58.554476737976074,2026-03-05T17:38:22.814354,2.0,0.0,3.0,0.0,0.0,0.0,0.0,47.0,11.64,0.0,0.0,STRAIGHT,0.3,0.3,"CMD,0.0,0.30",1.2,0.0,1.2,0.0,0,0.8745,0,NORMAL,55.54,-0.444,0,0,0,0,0,0.0,0,0,0,,,,,,0,,,,400796,23479,0
644,58.62547302246094,2026-03-05T17:38:22.885350,3.0,0.0,3.0,0.0,0.0,0.0,0.0,48.95,11.59,0.0,0.0,STRAIGHT,0.3,0.3,"CMD,0.0,0.30",1.2,0.0,1.2,0.0,0,0.8745,0,NORMAL,55.524,-0.415,0,0,0,0,0,0.0,0,0,0,,,,,,0,,,,400796,23202,0
645,58.79048037528992,2026-03-05T17:38:23.050358,87.01,0.0,5.0,6.01,0.0,0.0,0.0,145.01,11.13,0.0,0.0,STRAIGHT,0.3,0.3,"CMD,0.0,0.30",1.2,0.0,1.2,0.0,0,0.8215,0,NORMAL,55.312,-0.382,0,0,0,0,0,0.0,34,3,0,,,,,,0,,,,479826,24119,836
646,58.859476804733276,2026-03-05T17:38:23.119354,2.0,0.0,2.0,0.0,0.0,0.0,1.0,48.0,11.52,0.0,0.0,STRAIGHT,0.3,0.3,"CMD,0.0,0.30",1.2,0.0,1.2,0.0,0,0.8215,0,NORMAL,55.087,-0.374,0,0,0,0,0,0.0,0,0,0,,,,,,0,,,,479865,23871,0
647,58.93247580528259,2026-03-05T17:38:23.192353,2.0,0.0,3.0,0.0,0.0,0.0,1.0,53.0,11.47,0.0,0.0,STRAIGHT,0.3,0.3,"CMD,0.0,0.30",1.2,0.0,1.2,0.0,0,0.8215,0,NORMAL,55.065,-0.376,0,0,0,0,0,0.0,0,0,0,,,,,,0,,,,479865,23325,0
648,58.997477531433105,2026-03-05T17:38:23.257355,2.0,0.0,3.0,0.0,0.0,0.0,0.0,45.0,11.48,0.0,0.0,STRAIGHT,0.3,0.3,"CMD,0.0,0.30",1.2,0.0,1.2,0.0,0,0.8215,0,NORMAL,55.33,-0.367,0,0,0,0,0,0.0,0,0,0,,,,,,0,,,,479865,23060,0
649,59.179481983184814,2026-03-05T17:38:23.439360,98.0,0.0,6.01,7.0,0.0,0.0,0.0,161.0,10.96,0.0,0.0,STRAIGHT,0.3,0.3,"CMD,0.0,0.30",1.2,0.0,1.2,0.0,0,0.9329,0,NORMAL,55.575,-0.354,0,0,0,0,0,0.0,29,3,0,,,,,,0,,,,484519,24578,822
650,59.24450945854187,2026-03-05T17:38:23.504387,2.04,0.0,2.99,0.0,0.0,0.0,0.0,44.0,11.36,0.0,0.0,STRAIGHT,0.3,0.3,"CMD,0.0,0.30",1.2,0.0,1.2,0.0,0,0.9329,0,NORMAL,55.848,-0.335,0,0,0,0,0,0.0,0,0,0,,,,,,0,,,,484581,24330,0
651,59.306514739990234,2026-03-05T17:38:23.566392,2.04,0.0,2.0,0.0,0.0,0.0,0.0,43.04,11.36,0.0,0.0,STRAIGHT,0.3,0.3,"CMD,0.0,0.30",1.2,0.0,1.2,0.0,0,0.9329,0,NORMAL,56.2,-0.33,0,0,0,0,0,0.0,0,0,0,,,,,,0,,,,484581,23781,0
652,59.36651396751404,2026-03-05T17:38:23.626391,1.99,0.0,2.01,0.0,0.0,0.0,0.0,41.99,11.38,0.0,0.0,STRAIGHT,0.3,0.3,"CMD,0.0,0.30",1.2,0.0,1.2,0.0,0,0.9329,0,NORMAL,56.693,-0.324,0,0,0,0,0,0.0,0,0,0,,,,,,0,,,,484581,23519,0
653,59.521480083465576,2026-03-05T17:38:23.781358,85.0,0.0,4.0,6.0,0.0,0.0,0.0,135.97,10.98,0.0,0.0,STRAIGHT,0.3,0.3,"CMD,0.0,0.30",1.2,0.0,1.2,0.0,0,0.8102,0,NORMAL,57.099,-0.312,0,0,0,0,0,0.0,25,3,0,,,,,,0,,,,405494,24762,762
654,59.58148717880249,2026-03-05T17:38:23.841365,2.01,0.0,2.0,0.0,0.0,0.0,0.0,42.01,11.45,0.0,0.0,STRAIGHT,0.3,0.3,"CMD,0.0,0.30",1.2,0.0,1.2,0.0,0,0.8102,0,NORMAL,57.233,-0.294,0,0,0,0,0,0.0,0,0,0,,,,,,0,,,,405521,24516,0
655,59.64250922203064,2026-03-05T17:38:23.902387,2.04,0.0,1.96,0.0,0.0,0.0,0.0,42.99,11.45,0.0,0.0,STRAIGHT,0.3,0.3,"CMD,0.0,0.30",1.2,0.0,1.2,0.0,0,0.8102,0,NORMAL,57.154,-0.278,0,0,0,0,0,0.0,0,0,0,,,,,,0,,,,405521,23965,0
656,59.70552325248718,2026-03-05T17:38:23.965401,2.04,0.0,1.99,0.0,0.0,0.0,1.01,46.01,11.43,0.0,0.0,STRAIGHT,0.3,0.3,"CMD,0.0,0.30",1.2,0.0,1.2,0.0,0,0.8102,0,NORMAL,57.606,-0.277,0,0,0,0,0,0.0,0,0,0,,,,,,0,,,,405521,23700,0
657,59.864490032196045,2026-03-05T17:38:24.124367,87.0,0.0,6.01,5.01,0.0,0.0,0.0,142.0,11.0,0.0,0.0,STRAIGHT,0.3,0.3,"CMD,0.0,0.30",1.2,0.0,1.2,0.0,0,0.928,0,NORMAL,57.618,-0.28,0,0,0,0,0,0.0,18,3,0,,,,,,0,,,,432479,24682,745
658,59.933494091033936,2026-03-05T17:38:24.193371,2.0,0.0,4.01,0.0,0.0,0.0,0.0,50.01,11.37,0.0,0.0,STRAIGHT,0.3,0.3,"CMD,0.0,0.30",1.2,0.0,1.2,0.0,0,0.928,0,NORMAL,56.933,-0.274,0,0,0,0,0,0.0,0,0,0,,,,,,0,,,,432531,24435,0
659,60.00049424171448,2026-03-05T17:38:24.260372,2.0,0.0,3.01,0.0,0.0,0.0,0.0,47.01,11.34,0.0,0.0,STRAIGHT,0.3,0.3,"CMD,0.0,0.30",1.2,0.0,1.2,0.0,0,0.928,0,NORMAL,55.424,-0.24,0,0,0,0,0,0.0,0,0,0,,,,,,0,,,,432531,23887,0
660,60.067487955093384,2026-03-05T17:38:24.327365,2.0,0.0,3.0,0.0,0.0,0.0,0.0,46.0,11.31,0.0,0.0,STRAIGHT,0.3,0.3,"CMD,0.0,0.30",1.2,0.0,1.2,0.0,0,0.928,0,NORMAL,54.018,-0.217,0,0,0,0,0,0.0,0,0,0,,,,,,0,,,,432531,23620,0
661,60.23949575424194,2026-03-05T17:38:24.499373,89.0,0.0,5.0,6.03,0.0,0.0,0.0,151.01,10.83,0.0,0.0,STRAIGHT,0.3,0.3,"CMD,0.0,0.30",1.2,0.0,1.2,0.0,0,0.9386,0,NORMAL,51.698,-0.206,0,0,0,0,0,0.0,20,3,0,,,,,,0,,,,429160,24957,757
662,60.30452370643616,2026-03-05T17:38:24.564401,2.04,0.0,3.0,0.0,0.0,0.0,0.0,45.0,11.21,0.0,0.0,STRAIGHT,0.3,0.3,"CMD,0.0,0.30",1.2,0.0,1.2,0.0,0,0.9386,0,NORMAL,49.738,-0.18,0,0,0,0,0,0.0,0,0,0,,,,,,0,,,,429189,24714,0
663,60.36852407455444,2026-03-05T17:38:24.628401,2.04,0.0,2.0,0.0,0.0,0.0,0.0,44.99,11.2,0.0,0.0,STRAIGHT,0.3,0.3,"CMD,0.0,0.30",1.2,0.0,1.2,0.0,0,0.9386,0,NORMAL,47.832,-0.159,0,0,0,0,0,0.0,0,0,0,,,,,,0,,,,429189,24169,0
664,60.432523012161255,2026-03-05T17:38:24.692400,2.0,0.0,2.0,0.0,0.0,0.0,0.0,44.04,11.19,0.0,0.0,STRAIGHT,0.3,0.3,"CMD,0.0,0.30",1.2,0.0,1.2,0.0,0,0.9386,0,NORMAL,45.814,-0.138,0,0,0,0,0,0.0,0,0,0,,,,,,0,,,,429189,23926,0
665,60.593523025512695,2026-03-05T17:38:24.853400,86.03,0.0,4.97,5.04,0.0,0.0,0.0,141.03,10.78,0.0,0.0,STRAIGHT,0.3,0.3,"CMD,0.0,0.30",1.2,0.0,1.2,0.0,0,0.894,0,NORMAL,43.926,-0.116,0,0,0,0,0,0.0,14,3,0,,,,,,0,,,,391802,25407,752
666,60.65753197669983,2026-03-05T17:38:24.917409,2.04,0.0,2.0,0.0,0.0,0.0,0.0,43.99,11.2,0.0,0.0,STRAIGHT,0.3,0.3,"CMD,0.0,0.30",1.2,0.0,1.2,0.0,0,0.894,0,NORMAL,42.234,-0.09,0,0,0,0,0,0.0,0,0,0,,,,,,0,,,,391859,24882,0
667,60.7195348739624,2026-03-05T17:38:24.979412,1.03,0.0,3.01,0.0,0.0,0.0,0.0,44.01,11.2,0.0,0.0,STRAIGHT,0.3,0.3,"CMD,0.0,0.30",1.2,0.0,1.2,0.0,0,0.894,0,NORMAL,40.491,-0.067,0,0,0,0,0,0.0,0,0,0,,,,,,0,,,,391859,24606,0
668,60.78252649307251,2026-03-05T17:38:25.042404,2.04,0.0,2.0,0.0,0.0,0.0,0.0,43.03,11.19,0.0,0.0,STRAIGHT,0.3,0.3,"CMD,0.0,0.30",1.2,0.0,1.2,0.0,0,0.894,0,NORMAL,38.277,-0.054,0,0,0,0,0,0.0,0,0,0,,,,,,0,,,,391859,24355,0
669,60.94152474403381,2026-03-05T17:38:25.201402,87.04,0.0,5.0,6.0,0.0,0.0,0.0,140.99,10.78,0.0,0.0,STRAIGHT,0.3,0.3,"CMD,0.0,0.30",1.2,0.0,1.2,0.0,0,0.8849,0,NORMAL,36.21,-0.045,0,0,0,0,0,0.0,23,3,0,,,,,,0,,,,433939,25514,822
670,61.00452661514282,2026-03-05T17:38:25.264404,2.04,0.0,1.99,0.0,0.0,0.0,0.0,44.03,11.21,0.0,0.0,STRAIGHT,0.3,0.3,"CMD,0.0,0.30",1.2,0.0,1.2,0.0,0,0.8849,0,NORMAL,33.852,-0.019,0,0,0,0,0,0.0,0,0,0,,,,,,0,,,,433977,24990,0
671,61.06549263000488,2026-03-05T17:38:25.325370,2.0,0.0,2.0,0.0,0.0,0.0,0.0,41.96,11.25,0.0,0.0,STRAIGHT,0.3,0.3,"CMD,0.0,0.30",1.2,0.0,1.2,0.0,0,0.8849,0,NORMAL,31.525,0.005,0,0,0,0,0,0.0,0,0,0,,,,,,0,,,,433977,24714,0
672,61.13352632522583,2026-03-05T17:38:25.393404,3.03,0.0,2.0,0.0,0.0,0.0,0.0,48.03,11.24,0.0,0.0,STRAIGHT,0.3,0.3,"CMD,0.0,0.30",1.2,0.0,1.2,0.0,0,0.8849,0,NORMAL,30.028,-0.005,0,0,0,0,0,0.0,0,0,0,,,,,,0,,,,433977,24464,0
673,61.292526960372925,2026-03-05T17:38:25.552404,87.0,0.0,5.03,6.02,0.0,0.0,0.99,140.0,10.87,0.0,0.0,STRAIGHT,0.3,0.3,"CMD,0.0,0.30",1.2,0.0,1.2,0.0,0,0.9004,0,NORMAL,27.967,-0.013,0,0,0,0,0,0.0,30,3,0,,,,,,0,,,,457682,26380,832
674,61.35353136062622,2026-03-05T17:38:25.613409,2.0,0.0,2.03,0.0,0.0,0.0,0.0,43.0,11.31,0.0,0.0,STRAIGHT,0.3,0.3,"CMD,0.0,0.30",1.2,0.0,1.2,0.0,0,0.9004,0,NORMAL,25.72,0.004,0,0,0,0,0,0.0,0,0,0,,,,,,0,,,,457848,26130,0
675,61.414530754089355,2026-03-05T17:38:25.674408,2.03,0.0,2.0,0.0,0.0,0.0,0.0,41.99,11.35,0.0,0.0,STRAIGHT,0.3,0.3,"CMD,0.0,0.30",1.2,0.0,1.2,0.0,0,0.9004,0,NORMAL,23.312,0.002,0,0,0,0,0,0.0,0,0,0,,,,,,0,,,,457848,25576,0
676,61.47649669647217,2026-03-05T17:38:25.736374,2.0,0.0,2.0,0.0,0.0,0.0,1.0,42.96,11.4,0.0,0.0,STRAIGHT,0.3,0.3,"CMD,0.0,0.30",1.2,0.0,1.2,0.0,0,0.9004,0,NORMAL,21.724,0.0,0,0,0,0,0,0.0,0,0,0,,,,,,0,,,,457848,25312,0
677,61.63053107261658,2026-03-05T17:38:25.890408,84.04,0.0,5.0,6.03,0.0,0.0,0.0,136.03,11.01,0.0,0.0,STRAIGHT,0.3,0.3,"CMD,0.0,0.30",1.2,0.0,1.2,0.0,0,0.936,0,NORMAL,19.65,0.011,0,0,0,0,0,0.0,32,3,0,,,,,,0,,,,461502,26188,846
678,61.693530559539795,2026-03-05T17:38:25.953408,1.06,0.0,2.97,0.0,0.0,0.0,0.0,44.0,11.53,0.0,0.0,STRAIGHT,0.3,0.3,"CMD,0.0,0.30",1.2,0.0,1.2,0.0,0,0.936,0,NORMAL,17.467,0.016,0,0,0,0,0,0.0,0,0,0,,,,,,0,,,,461577,25944,0
679,61.75453233718872,2026-03-05T17:38:26.014410,2.04,0.0,2.01,0.0,0.0,0.0,0.98,43.0,11.55,0.0,0.0,STRAIGHT,0.3,0.3,"CMD,0.0,0.30",1.2,0.0,1.2,0.0,0,0.936,0,NORMAL,15.66,0.015,0,0,0,0,0,0.0,0,0,0,,,,,,0,,,,461577,25388,0
680,61.814534187316895,2026-03-05T17:38:26.074412,1.0,0.0,3.0,0.0,0.0,0.0,0.0,42.0,11.56,0.0,0.0,STRAIGHT,0.3,0.3,"CMD,0.0,0.30",1.2,0.0,1.2,0.0,0,0.936,0,NORMAL,14.354,0.01,0,0,0,0,0,0.0,0,0,0,,,,,,0,,,,461577,25121,0
681,61.972543239593506,2026-03-05T17:38:26.232421,86.04,0.0,5.0,6.05,0.0,0.0,0.0,140.0,11.13,0.0,0.0,STRAIGHT,0.3,0.3,"CMD,0.0,0.30",1.2,0.0,1.2,0.0,0,0.9721,0,NORMAL,13.833,0.004,0,0,0,0,0,0.0,25,5,0,,,,,,0,,,,453576,26170,832
682,62.03453803062439,2026-03-05T17:38:26.294416,2.04,0.0,2.0,0.0,0.0,0.0,0.0,43.0,11.54,0.0,0.0,STRAIGHT,0.3,0.3,"CMD,0.0,0.30",1.2,0.0,1.2,0.0,0,0.9721,0,NORMAL,13.651,0.001,0,0,0,0,0,0.0,0,0,0,,,,,,0,,,,453742,25928,0
683,62.098538398742676,2026-03-05T17:38:26.358416,2.05,0.0,3.99,0.0,0.0,0.0,0.0,45.0,11.52,0.0,0.0,STRAIGHT,0.3,0.3,"CMD,0.0,0.30",1.2,0.0,1.2,0.0,0,0.9721,0,NORMAL,13.832,-0.001,0,0,0,0,0,0.0,0,0,0,,,,,,0,,,,453742,25374,0
684,62.17055058479309,2026-03-05T17:38:26.430428,2.03,0.0,2.01,0.0,0.0,0.0,1.0,50.01,11.47,0.0,0.0,STRAIGHT,0.3,0.3,"CMD,0.0,0.30",1.2,0.0,1.2,0.0,0,0.9721,0,NORMAL,14.689,-0.019,0,0,0,0,0,0.0,0,0,0,,,,,,0,,,,453742,25107,0
685,62.32753562927246,2026-03-05T17:38:26.587413,85.04,0.0,5.0,5.03,0.0,0.0,0.0,136.0,11.06,0.0,0.0,STRAIGHT,0.3,0.3,"CMD,0.0,0.30",1.2,0.0,1.2,0.0,0,0.9644,0,NORMAL,15.194,-0.029,0,0,0,0,0,0.0,18,4,0,,,,,,0,,,,449477,27278,765
686,62.38953876495361,2026-03-05T17:38:26.649416,2.03,0.0,2.0,0.0,0.0,0.0,0.0,42.99,11.48,0.0,0.0,STRAIGHT,0.3,0.3,"CMD,0.0,0.30",1.2,0.0,1.2,0.0,0,0.9644,0,NORMAL,15.608,-0.034,0,0,0,0,0,0.0,0,0,0,,,,,,0,,,,449666,27019,0
687,62.450557231903076,2026-03-05T17:38:26.710435,2.04,0.0,1.99,0.0,0.0,0.0,0.0,42.0,11.53,0.0,0.0,STRAIGHT,0.3,0.3,"CMD,0.0,0.30",1.2,0.0,1.2,0.0,0,0.9644,0,NORMAL,16.119,-0.048,0,0,0,0,0,0.0,0,0,0,,,,,,0,,,,449666,26468,0
688,62.51154017448425,2026-03-05T17:38:26.771418,2.04,0.0,2.0,0.0,0.0,0.0,0.0,42.0,11.55,0.0,0.0,STRAIGHT,0.3,0.3,"CMD,0.0,0.30",1.2,0.0,1.2,0.0,0,0.9644,0,NORMAL,16.657,-0.052,0,0,0,0,0,0.0,0,0,0,,,,,,0,,,,449666,26210,0
689,62.66351127624512,2026-03-05T17:38:26.923389,83.0,0.0,5.0,6.0,0.0,0.0,0.0,135.0,11.17,0.0,0.0,STRAIGHT,0.3,0.3,"CMD,0.0,0.30",1.2,0.0,1.2,0.0,0,0.948,0,NORMAL,16.435,-0.038,0,0,0,0,0,0.0,28,3,0,,,,,,0,,,,430525,26784,853
690,62.72451114654541,2026-03-05T17:38:26.984389,1.0,0.0,3.0,0.0,0.0,0.0,0.0,42.0,11.67,0.0,0.0,STRAIGHT,0.3,0.3,"CMD,0.0,0.30",1.2,0.0,1.2,0.0,0,0.948,0,NORMAL,16.455,-0.056,0,0,0,0,0,0.0,0,0,0,,,,,,0,,,,430847,26532,0
691,62.784510135650635,2026-03-05T17:38:27.044388,2.0,0.0,2.0,0.0,0.0,0.0,0.0,42.0,11.69,0.0,0.0,STRAIGHT,0.3,0.3,"CMD,0.0,0.30",1.2,0.0,1.2,0.0,0,0.948,0,NORMAL,17.443,-0.077,0,0,0,0,0,0.0,0,0,0,,,,,,0,,,,430847,25982,0
692,62.84451103210449,2026-03-05T17:38:27.104388,1.0,0.0,3.0,0.0,0.0,0.0,0.0,42.0,11.71,0.0,0.0,STRAIGHT,0.3,0.3,"CMD,0.0,0.30",1.2,0.0,1.2,0.0,0,0.948,0,NORMAL,18.217,-0.09,0,0,0,0,0,0.0,0,0,0,,,,,,0,,,,430847,25716,0
693,63.00051236152649,2026-03-05T17:38:27.260390,84.0,0.0,5.0,6.0,0.0,0.0,0.0,137.0,11.3,0.0,0.0,STRAIGHT,0.3,0.3,"CMD,0.0,0.30",1.2,0.0,1.2,0.0,0,0.9537,0,NORMAL,18.38,-0.086,0,0,0,0,0,0.0,26,4,0,,,,,,0,,,,417234,25479,810
694,63.06051301956177,2026-03-05T17:38:27.320391,1.0,0.0,3.0,0.0,0.0,0.0,0.0,42.0,11.76,0.0,0.0,STRAIGHT,0.3,0.3,"CMD,0.0,0.30",1.2,0.0,1.2,0.0,0,0.9537,0,NORMAL,18.522,-0.075,0,0,0,0,0,0.0,0,0,0,,,,,,0,,,,417851,25239,0
695,63.12252235412598,2026-03-05T17:38:27.382400,3.01,0.0,3.0,0.0,0.0,0.0,0.0,44.01,11.76,0.0,0.0,STRAIGHT,0.3,0.3,"CMD,0.0,0.30",1.2,0.0,1.2,0.0,0,0.9537,0,NORMAL,19.172,-0.079,0,0,0,0,0,0.0,0,0,0,,,,,,0,,,,417851,24727,0
696,63.186514139175415,2026-03-05T17:38:27.446392,2.0,0.0,2.0,0.0,0.0,0.0,0.0,45.0,11.76,0.0,0.0,STRAIGHT,0.3,0.3,"CMD,0.0,0.30",1.2,0.0,1.2,0.0,0,0.9537,0,NORMAL,19.753,-0.088,0,0,0,0,0,0.0,0,0,0,,,,,,0,,,,417851,24428,0
697,63.34151768684387,2026-03-05T17:38:27.601395,83.0,0.0,5.0,6.0,0.0,0.0,0.0,137.0,11.33,0.0,0.0,STRAIGHT,0.3,0.3,"CMD,0.0,0.30",1.2,0.0,1.2,0.0,0,0.9486,0,NORMAL,20.069,-0.092,0,0,0,0,0,0.0,30,5,0,,,,,,0,,,,404551,26179,831
698,63.40451622009277,2026-03-05T17:38:27.664394,1.0,0.0,3.0,0.0,0.0,0.0,0.0,44.0,11.77,0.0,0.0,STRAIGHT,0.3,0.3,"CMD,0.0,0.30",1.2,0.0,1.2,0.0,0,0.9486,0,NORMAL,20.31,-0.093,0,0,0,0,0,0.0,0,0,0,,,,,,0,,,,405210,25920,0
699,63.464516401290894,2026-03-05T17:38:27.724394,1.99,0.0,2.0,0.0,0.0,0.0,0.0,42.0,11.79,0.0,0.0,STRAIGHT,0.3,0.3,"CMD,0.0,0.30",1.2,0.0,1.2,0.0,0,0.9486,0,NORMAL,20.474,-0.086,0,0,0,0,0,0.0,0,0,0,,,,,,0,,,,405210,25374,0
700,63.52552604675293,2026-03-05T17:38:27.785404,2.01,0.0,2.0,0.0,0.0,0.0,1.0,42.0,11.79,0.0,0.0,STRAIGHT,0.3,0.3,"CMD,0.0,0.30",1.2,0.0,1.2,0.0,0,0.9486,0,NORMAL,20.67,-0.082,0,0,0,0,0,0.0,0,0,0,,,,,,0,,,,405210,25131,0
701,63.678526878356934,2026-03-05T17:38:27.938404,84.0,0.0,5.0,6.01,0.0,0.0,0.0,136.0,11.39,0.0,0.0,STRAIGHT,0.3,0.3,"CMD,0.0,0.30",1.2,0.0,1.2,0.0,0,0.954,0,NORMAL,20.483,-0.081,0,0,0,0,0,0.0,25,4,0,,,,,,0,,,,399467,26500,842
702,63.74055457115173,2026-03-05T17:38:28.000432,2.01,0.0,2.0,0.0,0.0,0.0,0.0,44.04,11.85,0.0,0.0,STRAIGHT,0.3,0.3,"CMD,0.0,0.30",1.2,0.0,1.2,0.0,0,0.954,0,NORMAL,20.004,-0.085,0,0,0,0,0,0.0,0,0,0,,,,,,0,,,,400238,26253,0
703,63.80052351951599,2026-03-05T17:38:28.060401,2.0,0.0,2.0,0.0,0.0,0.0,0.0,42.01,11.85,0.0,0.0,STRAIGHT,0.3,0.3,"CMD,0.0,0.30",1.2,0.0,1.2,0.0,0,0.954,0,NORMAL,20.078,-0.064,0,0,0,0,0,0.0,0,0,0,,,,,,0,,,,400238,25712,0
704,63.862531661987305,2026-03-05T17:38:28.122409,1.01,0.0,3.0,0.0,0.0,0.0,0.0,44.01,11.85,0.0,0.0,STRAIGHT,0.3,0.3,"CMD,0.0,0.30",1.2,0.0,1.2,0.0,0,0.954,0,NORMAL,19.865,-0.075,0,0,0,0,0,0.0,0,0,0,,,,,,0,,,,400238,25459,0
705,64.01751899719238,2026-03-05T17:38:28.277397,83.99,0.0,5.0,5.0,0.0,0.0,0.0,136.99,11.41,0.0,0.0,STRAIGHT,0.3,0.3,"CMD,0.0,0.30",1.2,0.0,1.2,0.0,0,0.9415,0,NORMAL,18.586,-0.102,0,0,0,0,0,0.0,21,4,0,,,,,,0,,,,383832,25815,805
706,64.07852149009705,2026-03-05T17:38:28.338399,0.97,0.0,3.0,0.0,0.0,0.0,0.0,43.0,11.85,0.0,0.0,STRAIGHT,0.3,0.3,"CMD,0.0,0.30",1.2,0.0,1.2,0.0,0,0.9415,0,NORMAL,18.514,-0.095,0,0,0,0,0,0.0,0,0,0,,,,,,0,,,,384771,25582,0
707,64.13952255249023,2026-03-05T17:38:28.399400,2.0,0.0,2.0,0.0,0.0,0.0,0.0,44.0,11.86,0.0,0.0,STRAIGHT,0.3,0.3,"CMD,0.0,0.30",1.2,0.0,1.2,0.0,0,0.9415,0,NORMAL,17.352,-0.067,0,0,0,0,0,0.0,0,0,0,,,,,,0,,,,384771,25077,0
708,64.20653510093689,2026-03-05T17:38:28.466413,2.01,0.0,2.0,0.0,0.0,0.0,0.0,47.01,11.83,0.0,0.0,STRAIGHT,0.3,0.3,"CMD,0.0,0.30",1.2,0.0,1.2,0.0,0,0.9415,0,NORMAL,17.166,-0.091,0,0,0,0,0,0.0,0,0,0,,,,,,0,,,,384771,24800,0
709,64.35852718353271,2026-03-05T17:38:28.618405,83.0,0.0,5.01,5.0,0.0,0.0,0.0,135.0,11.4,0.0,0.0,STRAIGHT,0.3,0.3,"CMD,0.0,0.30",1.2,0.0,1.2,0.0,0,0.9402,0,NORMAL,16.752,-0.112,0,0,0,0,0,0.0,19,4,0,,,,,,0,,,,367421,25568,789
710,64.42052626609802,2026-03-05T17:38:28.680404,2.0,0.0,2.0,0.0,0.0,0.0,0.0,42.0,11.85,0.0,0.0,STRAIGHT,0.3,0.3,"CMD,0.0,0.30",1.2,0.0,1.2,0.0,0,0.9402,0,NORMAL,15.661,-0.103,0,0,0,0,0,0.0,0,0,0,,,,,,0,,,,368009,25345,0
711,64.48053455352783,2026-03-05T17:38:28.740412,2.01,0.0,2.01,0.0,0.0,0.0,0.99,43.01,11.86,0.0,0.0,STRAIGHT,0.3,0.3,"CMD,0.0,0.30",1.2,0.0,1.2,0.0,0,0.9402,0,NORMAL,14.561,-0.094,0,0,0,0,0,0.0,0,0,0,,,,,,0,,,,368009,24818,0
712,64.5405285358429,2026-03-05T17:38:28.800406,2.0,0.0,2.0,0.0,0.0,0.0,0.0,44.0,11.88,0.0,0.0,STRAIGHT,0.3,0.3,"CMD,0.0,0.30",1.2,0.0,1.2,0.0,0,0.9402,0,NORMAL,13.938,-0.103,0,0,0,0,0,0.0,0,0,0,,,,,,0,,,,368009,24570,0
713,64.69252753257751,2026-03-05T17:38:28.952405,84.0,0.0,5.0,4.0,1.01,0.0,0.0,134.0,11.5,0.0,0.0,STRAIGHT,0.3,0.3,"CMD,0.0,0.30",1.2,0.0,1.2,0.0,0,0.9616,0,NORMAL,13.483,-0.117,0,0,0,0,0,0.0,14,3,0,,,,,,0,,,,359969,23879,764
714,64.75253534317017,2026-03-05T17:38:29.012413,2.01,0.0,2.0,0.0,0.0,0.0,0.0,42.01,11.96,0.0,0.0,STRAIGHT,0.3,0.3,"CMD,0.0,0.30",1.2,0.0,1.2,0.0,0,0.9616,0,NORMAL,12.76,-0.117,0,0,0,0,0,0.0,0,0,0,,,,,,0,,,,360714,23668,0
715,64.81253671646118,2026-03-05T17:38:29.072414,2.01,0.0,2.0,0.0,0.0,0.0,0.0,43.01,11.97,0.0,0.0,STRAIGHT,0.3,0.3,"CMD,0.0,0.30",1.2,0.0,1.2,0.0,0,0.9616,0,NORMAL,12.392,-0.113,0,0,0,0,0,0.0,0,0,0,,,,,,0,,,,360714,23216,0
716,64.87252902984619,2026-03-05T17:38:29.132407,2.0,0.0,2.0,0.0,0.0,0.0,0.0,43.0,11.97,0.0,0.0,STRAIGHT,0.3,0.3,"CMD,0.0,0.30",1.2,0.0,1.2,0.0,0,0.9616,0,NORMAL,12.851,-0.126,0,0,0,0,0,0.0,0,0,0,,,,,,0,,,,360714,22908,0
717,65.0315306186676,2026-03-05T17:38:29.291408,90.0,0.0,5.0,4.73,0.0,0.0,0.0,141.0,11.5,0.0,0.0,STRAIGHT,0.3,0.3,"CMD,0.0,0.30",1.2,0.0,1.2,0.0,0,0.9572,0,NORMAL,13.512,-0.131,0,0,0,0,0,0.0,19,5,0,,,,,,0,,,,360997,24322,790
718,65.09053134918213,2026-03-05T17:38:29.350409,2.0,0.0,2.0,0.0,0.0,0.0,0.0,42.0,11.95,0.0,0.0,STRAIGHT,0.3,0.3,"CMD,0.0,0.30",1.2,0.0,1.2,0.0,0,0.9572,0,NORMAL,13.926,-0.125,0,0,0,0,0,0.0,0,0,0,,,,,,0,,,,361882,24073,0
719,65.14953112602234,2026-03-05T17:38:29.409409,1.0,0.0,3.0,0.0,0.0,0.0,0.0,42.0,11.96,0.0,0.0,STRAIGHT,0.3,0.3,"CMD,0.0,0.30",1.2,0.0,1.2,0.0,0,0.9572,0,NORMAL,14.697,-0.131,0,0,0,0,0,0.0,0,0,0,,,,,,0,,,,361882,23559,0
720,65.21553206443787,2026-03-05T17:38:29.475410,1.99,0.0,2.0,0.0,0.0,0.0,0.0,47.0,11.93,0.0,0.0,STRAIGHT,0.3,0.3,"CMD,0.0,0.30",1.2,0.0,1.2,0.0,0,0.9572,0,NORMAL,16.99,-0.13,0,0,0,0,0,0.0,0,0,0,,,,,,0,,,,361882,23305,0
721,65.37553286552429,2026-03-05T17:38:29.635410,92.03,0.0,4.97,4.0,0.0,0.0,0.0,141.0,11.46,0.0,0.0,STRAIGHT,0.3,0.3,"CMD,0.0,0.30",1.2,0.0,1.2,0.0,0,0.9534,0,NORMAL,18.384,-0.128,0,0,0,0,0,0.0,17,4,0,,,,,,0,,,,361484,24779,843
722,65.43456840515137,2026-03-05T17:38:29.694446,2.03,0.0,2.0,0.0,0.0,0.0,0.0,41.03,11.91,0.0,0.0,STRAIGHT,0.3,0.3,"CMD,0.0,0.30",1.2,0.0,1.2,0.0,0,0.9534,0,NORMAL,19.161,-0.113,0,0,0,0,0,0.0,0,0,0,,,,,,0,,,,362326,24545,0
723,65.49453473091125,2026-03-05T17:38:29.754412,2.0,0.0,3.0,0.0,0.0,0.0,0.0,41.96,11.91,0.0,0.0,STRAIGHT,0.3,0.3,"CMD,0.0,0.30",1.2,0.0,1.2,0.0,0,0.9534,0,NORMAL,19.238,-0.128,0,0,0,0,0,0.0,0,0,0,,,,,,0,,,,362326,23978,0
724,65.55253601074219,2026-03-05T17:38:29.812413,2.0,0.0,2.0,0.0,0.0,0.0,1.0,41.0,11.93,0.0,0.0,STRAIGHT,0.3,0.3,"CMD,0.0,0.30",1.2,0.0,1.2,0.0,0,0.9534,0,NORMAL,20.409,-0.077,0,0,0,0,0,0.0,0,0,0,,,,,,0,,,,362326,23739,0
725,65.71053409576416,2026-03-05T17:38:29.970412,91.0,0.0,5.0,5.0,0.0,0.0,0.0,141.0,11.49,0.0,0.0,STRAIGHT,0.3,0.3,"CMD,0.0,0.30",1.2,0.0,1.2,0.0,0,0.9581,0,NORMAL,21.161,-0.061,0,0,0,0,0,0.0,15,4,0,,,,,,0,,,,358535,24876,859
726,65.76953887939453,2026-03-05T17:38:30.029416,1.0,0.0,3.0,0.0,0.0,0.0,0.0,42.01,11.94,0.0,0.0,STRAIGHT,0.3,0.3,"CMD,0.0,0.30",1.2,0.0,1.2,0.0,0,0.9581,0,NORMAL,21.918,-0.044,0,0,0,0,0,0.0,0,0,0,,,,,,0,,,,359622,24649,0
727,65.82853531837463,2026-03-05T17:38:30.088413,2.0,0.0,2.0,0.0,0.0,0.0,0.0,42.0,11.96,0.0,0.0,STRAIGHT,0.3,0.3,"CMD,0.0,0.30",1.2,0.0,1.2,0.0,0,0.9581,0,NORMAL,23.323,-0.032,0,0,0,0,0,0.0,0,0,0,,,,,,0,,,,359622,24071,0
728,65.89053583145142,2026-03-05T17:38:30.150413,2.0,0.0,3.0,0.0,0.0,0.0,0.0,44.0,11.95,0.0,0.0,STRAIGHT,0.3,0.3,"CMD,0.0,0.30",1.2,0.0,1.2,0.0,0,0.9581,0,NORMAL,24.955,-0.027,0,0,0,0,0,0.0,0,0,0,,,,,,0,,,,359622,23816,0
729,66.04853677749634,2026-03-05T17:38:30.308414,90.0,0.0,5.0,4.0,0.0,0.0,0.0,141.0,11.49,0.0,0.0,STRAIGHT,0.3,0.3,"CMD,0.0,0.30",1.2,0.0,1.2,0.0,0,0.962,0,NORMAL,26.537,-0.012,0,0,0,0,0,0.0,9,4,0,,,,,,0,,,,350674,23479,819
730,66.1075370311737,2026-03-05T17:38:30.367415,1.0,0.0,3.0,0.0,0.0,0.0,0.0,41.0,11.94,0.0,0.0,STRAIGHT,0.3,0.3,"CMD,0.0,0.30",1.2,0.0,1.2,0.0,0,0.962,0,NORMAL,28.38,0.004,0,0,0,0,0,0.0,0,0,0,,,,,,0,,,,351989,23264,0
731,66.17253828048706,2026-03-05T17:38:30.432416,2.0,0.0,5.0,0.0,0.0,0.0,0.0,48.0,11.92,0.0,0.0,STRAIGHT,0.3,0.3,"CMD,0.0,0.30",1.2,0.0,1.2,0.0,0,0.962,0,NORMAL,29.971,0.018,0,0,0,0,0,0.0,0,0,0,,,,,,0,,,,351989,22712,0
732,66.2485466003418,2026-03-05T17:38:30.508424,2.0,0.0,3.01,0.0,0.0,0.0,0.0,54.01,11.85,0.0,0.0,STRAIGHT,0.3,0.3,"CMD,0.0,0.30",1.2,0.0,1.2,0.0,0,0.962,0,NORMAL,32.065,0.045,0,0,0,0,0,0.0,0,0,0,,,,,,0,,,,351989,22431,0
733,66.4105396270752,2026-03-05T17:38:30.670417,93.0,0.0,5.0,5.0,0.0,0.0,0.0,144.99,11.38,0.0,0.0,STRAIGHT,0.3,0.3,"CMD,0.0,0.30",1.2,0.0,1.2,0.0,0,0.9612,0,NORMAL,34.356,0.065,0,0,0,0,0,0.0,18,5,0,,,,,,0,,,,347168,23417,849
734,66.47054076194763,2026-03-05T17:38:30.730418,1.96,0.0,2.0,0.0,0.0,0.0,0.0,43.0,11.82,0.0,0.0,STRAIGHT,0.3,0.3,"CMD,0.0,0.30",1.2,0.0,1.2,0.0,0,0.9612,0,NORMAL,36.949,0.076,0,0,0,0,0,0.0,0,0,0,,,,,,0,,,,348631,23198,0
735,66.53054118156433,2026-03-05T17:38:30.790419,2.0,0.0,3.0,0.0,0.0,0.0,0.0,43.0,11.83,0.0,0.0,STRAIGHT,0.3,0.3,"CMD,0.0,0.30",1.2,0.0,1.2,0.0,0,0.9612,0,NORMAL,38.806,0.085,0,0,0,0,0,0.0,0,0,0,,,,,,0,,,,348631,22612,0
736,66.5905499458313,2026-03-05T17:38:30.850427,2.01,0.0,2.0,0.0,0.0,0.0,0.0,42.01,11.84,0.0,0.0,STRAIGHT,0.3,0.3,"CMD,0.0,0.30",1.2,0.0,1.2,0.0,0,0.9612,0,NORMAL,40.611,0.123,0,0,0,0,0,0.0,0,0,0,,,,,,0,,,,348631,22345,0
737,66.74754285812378,2026-03-05T17:38:31.007420,90.0,0.0,5.0,5.0,0.0,0.0,0.0,141.0,11.41,0.0,0.0,STRAIGHT,0.3,0.3,"CMD,0.0,0.30",1.2,0.0,1.2,0.0,0,0.9773,0,NORMAL,41.397,0.121,0,0,0,0,0,0.0,16,4,0,,,,,,0,,,,344576,22887,860
738,66.80754375457764,2026-03-05T17:38:31.067421,2.0,0.0,2.0,0.0,0.0,0.0,1.0,43.0,11.84,0.0,0.0,STRAIGHT,0.3,0.3,"CMD,0.0,0.30",1.2,0.0,1.2,0.0,0,0.9773,0,NORMAL,44.535,0.101,0,0,0,0,0,0.0,0,0,0,,,,,,0,,,,346362,22662,0
739,66.86854434013367,2026-03-05T17:38:31.128422,2.0,0.0,2.0,0.0,0.0,0.0,1.0,44.0,11.84,0.0,0.0,STRAIGHT,0.3,0.3,"CMD,0.0,0.30",1.2,0.0,1.2,0.0,0,0.9773,0,NORMAL,45.627,0.101,0,0,0,0,0,0.0,0,0,0,,,,,,0,,,,346362,22084,0
740,66.92854428291321,2026-03-05T17:38:31.188422,2.0,0.0,2.0,0.0,0.0,0.0,0.0,43.0,11.85,0.0,0.0,STRAIGHT,0.3,0.3,"CMD,0.0,0.30",1.2,0.0,1.2,0.0,0,0.9773,0,NORMAL,47.484,0.108,0,0,0,0,0,0.0,0,0,0,,,,,,0,,,,346362,21805,0
741,67.08554601669312,2026-03-05T17:38:31.345424,91.0,0.0,4.0,4.0,0.0,0.0,0.0,140.0,11.39,0.0,0.0,STRAIGHT,0.3,0.3,"CMD,0.0,0.30",1.2,0.0,1.2,0.0,0,0.9635,0,NORMAL,49.962,0.107,0,0,0,0,0,0.0,13,5,0,,,,,,0,,,,335698,16920,726
742,67.14454579353333,2026-03-05T17:38:31.404423,2.0,0.0,2.0,0.0,0.0,0.0,0.0,42.0,11.83,0.0,0.0,STRAIGHT,0.3,0.3,"CMD,0.0,0.30",1.2,0.0,1.2,0.0,0,0.9635,0,NORMAL,52.217,0.11,0,0,0,0,0,0.0,0,0,0,,,,,,0,,,,337565,16734,0
743,67.206547498703,2026-03-05T17:38:31.466425,2.75,0.0,3.0,0.0,0.0,0.0,0.0,44.0,11.82,0.0,0.0,STRAIGHT,0.3,0.3,"CMD,0.0,0.30",1.2,0.0,1.2,0.0,0,0.9635,0,NORMAL,52.446,0.119,0,0,0,0,0,0.0,0,0,0,,,,,,0,,,,337565,16489,0
744,67.2735493183136,2026-03-05T17:38:31.533427,2.0,0.0,2.0,0.0,0.0,0.0,0.0,49.0,11.78,0.0,0.0,STRAIGHT,0.3,0.3,"CMD,0.0,0.30",1.2,0.0,1.2,0.0,0,0.9635,0,NORMAL,52.503,0.124,0,0,0,0,0,0.0,0,0,0,,,,,,0,,,,337565,16227,0
745,67.43455004692078,2026-03-05T17:38:31.694427,92.0,0.0,5.0,2.99,1.0,0.0,0.0,142.0,11.32,0.0,0.0,STRAIGHT,0.3,0.3,"CMD,0.0,0.30",1.2,0.0,1.2,0.0,0,0.9735,0,NORMAL,52.579,0.128,0,0,0,0,0,0.0,7,3,0,,,,,,0,,,,330025,16621,684
746,67.49754977226257,2026-03-05T17:38:31.757427,2.0,0.0,2.0,0.0,0.0,0.0,0.0,45.0,11.76,0.0,0.0,STRAIGHT,0.3,0.3,"CMD,0.0,0.30",1.2,0.0,1.2,0.0,0,0.9735,0,NORMAL,52.744,0.129,0,0,0,0,0,0.0,0,0,0,,,,,,0,,,,331983,16442,0
747,67.55855083465576,2026-03-05T17:38:31.818428,2.0,0.0,2.0,0.0,0.0,0.0,0.0,43.0,11.76,0.0,0.0,STRAIGHT,0.3,0.3,"CMD,0.0,0.30",1.2,0.0,1.2,0.0,0,0.9735,0,NORMAL,52.956,0.135,0,0,0,0,0,0.0,0,0,0,,,,,,0,,,,331983,15951,0
748,67.61755752563477,2026-03-05T17:38:31.877435,2.01,0.0,3.0,0.0,0.0,0.0,0.0,43.01,11.75,0.0,0.0,STRAIGHT,0.3,0.3,"CMD,0.0,0.30",1.2,0.0,1.2,0.0,0,0.9735,0,NORMAL,53.152,0.143,0,0,0,0,0,0.0,0,0,0,,,,,,0,,,,331983,15723,0
749,67.77255201339722,2026-03-05T17:38:32.032429,89.0,0.0,5.0,4.0,0.0,0.0,0.0,139.0,11.34,0.0,0.0,STRAIGHT,0.3,0.3,"CMD,0.0,0.30",1.2,0.0,1.2,0.0,0,0.9768,0,NORMAL,53.46,0.142,0,0,0,0,0,0.0,14,4,0,,,,,,0,,,,327496,19717,800
750,67.83255243301392,2026-03-05T17:38:32.092430,2.0,0.0,2.0,0.0,0.0,0.0,0.0,42.0,11.81,0.0,0.0,STRAIGHT,0.3,0.3,"CMD,0.0,0.30",1.2,0.0,1.2,0.0,0,0.9768,0,NORMAL,53.711,0.133,0,0,0,0,0,0.0,0,0,0,,,,,,0,,,,329464,19464,0
751,67.89355373382568,2026-03-05T17:38:32.153431,2.0,0.0,2.0,0.0,0.0,0.0,0.0,43.0,11.8,0.0,0.0,STRAIGHT,0.3,0.3,"CMD,0.0,0.30",1.2,0.0,1.2,0.0,0,0.9768,0,NORMAL,53.88,0.139,0,0,0,0,0,0.0,0,0,0,,,,,,0,,,,329464,18949,0
752,67.9535539150238,2026-03-05T17:38:32.213431,2.0,0.0,2.0,0.0,0.0,0.0,1.0,43.0,11.79,0.0,0.0,STRAIGHT,0.3,0.3,"CMD,0.0,0.30",1.2,0.0,1.2,0.0,0,0.9768,0,NORMAL,53.802,0.155,0,0,0,0,0,0.0,0,0,0,,,,,,0,,,,329464,18705,0
753,68.11055493354797,2026-03-05T17:38:32.370432,90.0,0.0,5.0,5.0,0.0,0.0,0.0,141.0,11.34,0.0,0.0,STRAIGHT,0.3,0.3,"CMD,0.0,0.30",1.2,0.0,1.2,0.0,0,0.9759,0,NORMAL,54.063,0.166,0,0,0,0,0,0.0,21,5,0,,,,,,0,,,,328936,20213,777
754,68.16855502128601,2026-03-05T17:38:32.428433,2.0,0.0,2.0,0.0,0.0,0.0,0.0,41.0,11.8,0.0,0.0,STRAIGHT,0.3,0.3,"CMD,0.0,0.30",1.2,0.0,1.2,0.0,0,0.9759,0,NORMAL,54.42,0.169,0,0,0,0,0,0.0,0,0,0,,,,,,0,,,,330555,20006,0
755,68.22855544090271,2026-03-05T17:38:32.488433,1.99,0.0,2.0,0.0,0.0,0.0,0.0,43.0,11.79,0.0,0.0,STRAIGHT,0.3,0.3,"CMD,0.0,0.30",1.2,0.0,1.2,0.0,0,0.9759,0,NORMAL,54.513,0.172,0,0,0,0,0,0.0,0,0,0,,,,,,0,,,,330555,19457,0
756,68.2935562133789,2026-03-05T17:38:32.553434,1.0,0.0,3.0,0.0,0.0,0.0,0.0,47.0,11.76,0.0,0.0,STRAIGHT,0.3,0.3,"CMD,0.0,0.30",1.2,0.0,1.2,0.0,0,0.9759,0,NORMAL,54.428,0.171,0,0,0,0,0,0.0,0,0,0,,,,,,0,,,,330555,19207,0
757,68.45155763626099,2026-03-05T17:38:32.711435,90.03,0.0,4.97,5.0,0.0,0.0,0.0,141.0,11.32,0.0,0.0,STRAIGHT,0.3,0.3,"CMD,0.0,0.30",1.2,0.0,1.2,0.0,0,0.965,0,NORMAL,54.038,0.185,0,0,0,0,0,0.0,19,4,0,,,,,,0,,,,333153,20829,796
758,68.51156568527222,2026-03-05T17:38:32.771443,2.0,0.0,3.0,0.0,0.0,0.0,0.0,44.01,11.77,0.0,0.0,STRAIGHT,0.3,0.3,"CMD,0.0,0.30",1.2,0.0,1.2,0.0,0,0.965,0,NORMAL,53.831,0.209,0,0,0,0,0,0.0,0,0,0,,,,,,0,,,,334569,20628,0
759,68.56855845451355,2026-03-05T17:38:32.828436,2.0,0.0,2.0,0.0,0.0,0.0,0.0,40.99,11.78,0.0,0.0,STRAIGHT,0.3,0.3,"CMD,0.0,0.30",1.2,0.0,1.2,0.0,0,0.965,0,NORMAL,53.616,0.219,0,0,0,0,0,0.0,0,0,0,,,,,,0,,,,334569,20086,0
760,68.6275589466095,2026-03-05T17:38:32.887436,2.0,0.0,2.0,0.0,0.0,0.0,0.0,41.0,11.81,0.0,0.0,STRAIGHT,0.3,0.3,"CMD,0.0,0.30",1.2,0.0,1.2,0.0,0,0.965,0,NORMAL,53.69,0.221,0,0,0,0,0,0.0,0,0,0,,,,,,0,,,,334569,19838,0
761,68.79156064987183,2026-03-05T17:38:33.051438,97.0,0.0,4.0,4.0,0.0,0.0,0.0,147.0,11.4,0.0,0.0,STRAIGHT,0.3,0.3,"CMD,0.0,0.30",1.2,0.0,1.2,0.0,0,0.9742,0,NORMAL,53.576,0.231,0,0,0,0,0,0.0,11,4,0,,,,,,0,,,,328643,19983,753
762,68.85056161880493,2026-03-05T17:38:33.110439,2.0,0.0,2.0,0.0,0.0,0.0,0.0,42.0,11.89,0.0,0.0,STRAIGHT,0.3,0.3,"CMD,0.0,0.30",1.2,0.0,1.2,0.0,0,0.9742,0,NORMAL,53.635,0.241,0,0,0,0,0,0.0,0,0,0,,,,,,0,,,,330174,19784,0
763,68.91056156158447,2026-03-05T17:38:33.170439,2.0,0.0,2.0,0.0,0.0,0.0,0.0,43.0,11.89,0.0,0.0,STRAIGHT,0.3,0.3,"CMD,0.0,0.30",1.2,0.0,1.2,0.0,0,0.9742,0,NORMAL,53.747,0.246,0,0,0,0,0,0.0,0,0,0,,,,,,0,,,,330174,19248,0
764,68.969562292099,2026-03-05T17:38:33.229440,2.0,0.0,3.0,0.0,0.0,0.0,0.0,42.0,11.89,0.0,0.0,STRAIGHT,0.3,0.3,"CMD,0.0,0.30",1.2,0.0,1.2,0.0,0,0.9742,0,NORMAL,53.725,0.252,0,0,0,0,0,0.0,0,0,0,,,,,,0,,,,330174,19003,0
765,69.132563829422,2026-03-05T17:38:33.392441,96.0,0.0,5.0,5.0,0.0,0.0,0.0,147.0,11.4,0.0,0.0,STRAIGHT,0.3,0.3,"CMD,0.0,0.30",1.2,0.0,1.2,0.0,0,0.9716,0,NORMAL,53.668,0.266,0,0,0,0,0,0.0,20,4,0,,,,,,0,,,,326862,19366,708
766,69.19056391716003,2026-03-05T17:38:33.450441,2.0,0.0,2.0,0.0,0.0,0.0,0.0,41.0,11.87,0.0,0.0,STRAIGHT,0.3,0.3,"CMD,0.0,0.30",1.2,0.0,1.2,0.0,0,0.9716,0,NORMAL,53.896,0.263,0,0,0,0,0,0.0,0,0,0,,,,,,0,,,,328783,19169,0
767,69.25156450271606,2026-03-05T17:38:33.511442,2.0,0.0,3.0,0.0,0.0,0.0,0.0,44.0,11.87,0.0,0.0,STRAIGHT,0.3,0.3,"CMD,0.0,0.30",1.2,0.0,1.2,0.0,0,0.9716,0,NORMAL,53.947,0.266,0,0,0,0,0,0.0,0,0,0,,,,,,0,,,,328783,18656,0
768,69.31357264518738,2026-03-05T17:38:33.573450,2.01,0.0,2.0,0.0,0.0,0.0,0.0,44.01,11.87,0.0,0.0,STRAIGHT,0.3,0.3,"CMD,0.0,0.30",1.2,0.0,1.2,0.0,0,0.9716,0,NORMAL,53.599,0.284,0,0,0,0,0,0.0,0,0,0,,,,,,0,,,,328783,18406,0
769,69.47760248184204,2026-03-05T17:38:33.737480,99.03,0.0,5.0,4.01,0.99,0.0,0.0,148.03,11.38,0.0,0.0,STRAIGHT,0.3,0.3,"CMD,0.0,0.30",1.2,0.0,1.2,0.0,0,0.9733,0,NORMAL,53.633,0.279,0,0,0,0,0,0.0,17,6,0,,,,,,0,,,,327732,19439,719
770,69.53760194778442,2026-03-05T17:38:33.797479,2.04,0.0,2.0,0.0,0.0,0.0,0.0,43.0,11.83,0.0,0.0,STRAIGHT,0.3,0.3,"CMD,0.0,0.30",1.2,0.0,1.2,0.0,0,0.9733,0,NORMAL,53.61,0.276,0,0,0,0,0,0.0,0,0,0,,,,,,0,,,,330098,19243,0
771,69.59660482406616,2026-03-05T17:38:33.856482,2.01,0.0,2.0,0.0,0.0,0.0,0.0,42.0,11.83,0.0,0.0,STRAIGHT,0.3,0.3,"CMD,0.0,0.30",1.2,0.0,1.2,0.0,0,0.9733,0,NORMAL,53.525,0.274,0,0,0,0,0,0.0,0,0,0,,,,,,0,,,,330098,18716,0
772,69.6555712223053,2026-03-05T17:38:33.915449,2.0,0.0,2.0,0.0,0.0,0.0,1.0,42.97,11.84,0.0,0.0,STRAIGHT,0.3,0.3,"CMD,0.0,0.30",1.2,0.0,1.2,0.0,0,0.9733,0,NORMAL,53.54,0.267,0,0,0,0,0,0.0,0,0,0,,,,,,0,,,,330098,18471,0
773,69.81660437583923,2026-03-05T17:38:34.076482,94.0,0.0,5.03,5.0,0.0,0.0,0.0,145.03,11.4,0.0,0.0,STRAIGHT,0.3,0.3,"CMD,0.0,0.30",1.2,0.0,1.2,0.0,0,0.9512,0,NORMAL,53.455,0.257,0,0,0,0,0,0.0,20,4,0,,,,,,0,,,,313341,18124,745
774,69.87660598754883,2026-03-05T17:38:34.136483,2.03,0.0,2.01,0.0,0.0,0.0,0.0,41.99,11.88,0.0,0.0,STRAIGHT,0.3,0.3,"CMD,0.0,0.30",1.2,0.0,1.2,0.0,0,0.9512,0,NORMAL,53.231,0.267,0,0,0,0,0,0.0,0,0,0,,,,,,0,,,,315155,17928,0
775,69.93560361862183,2026-03-05T17:38:34.195481,1.04,0.0,2.99,0.0,0.0,0.0,0.0,42.99,11.89,0.0,0.0,STRAIGHT,0.3,0.3,"CMD,0.0,0.30",1.2,0.0,1.2,0.0,0,0.9512,0,NORMAL,52.954,0.277,0,0,0,0,0,0.0,0,0,0,,,,,,0,,,,315155,17417,0
776,69.9936032295227,2026-03-05T17:38:34.253481,2.0,0.0,3.03,0.0,0.0,0.0,0.0,41.99,11.9,0.0,0.0,STRAIGHT,0.3,0.3,"CMD,0.0,0.30",1.2,0.0,1.2,0.0,0,0.9512,0,NORMAL,52.845,0.265,0,0,0,0,0,0.0,0,0,0,,,,,,0,,,,315155,17174,0
777,70.15657567977905,2026-03-05T17:38:34.416453,96.0,0.0,4.0,5.0,0.0,0.0,0.0,145.97,11.43,0.0,0.0,STRAIGHT,0.3,0.3,"CMD,0.0,0.30",1.2,0.0,1.2,0.0,0,0.9583,0,NORMAL,52.826,0.264,0,0,0,0,0,0.0,26,3,0,,,,,,0,,,,306501,16526,695
778,70.21462750434875,2026-03-05T17:38:34.474505,2.03,0.0,2.0,0.0,0.0,0.0,0.0,41.03,11.88,0.0,0.0,STRAIGHT,0.3,0.3,"CMD,0.0,0.30",1.2,0.0,1.2,0.0,0,0.9583,0,NORMAL,52.89,0.267,0,0,0,0,0,0.0,0,0,0,,,,,,0,,,,308918,16326,0
779,70.27360796928406,2026-03-05T17:38:34.533485,2.03,0.0,3.01,0.0,0.0,0.0,0.0,44.0,11.88,0.0,0.0,STRAIGHT,0.3,0.3,"CMD,0.0,0.30",1.2,0.0,1.2,0.0,0,0.9583,0,NORMAL,53.125,0.262,0,0,0,0,0,0.0,0,0,0,,,,,,0,,,,308918,15846,0
780,70.33261847496033,2026-03-05T17:38:34.592496,1.0,0.0,2.0,0.0,0.0,0.0,1.0,42.01,11.88,0.0,0.0,STRAIGHT,0.3,0.3,"CMD,0.0,0.30",1.2,0.0,1.2,0.0,0,0.9583,0,NORMAL,53.472,0.252,0,0,0,0,0,0.0,0,0,0,,,,,,0,,,,308918,15583,0
781,70.49461388587952,2026-03-05T17:38:34.754491,96.03,0.0,5.0,4.03,0.0,0.0,0.0,145.0,11.41,0.0,0.0,STRAIGHT,0.3,0.3,"CMD,0.0,0.30",1.2,0.0,1.2,0.0,0,0.9641,0,NORMAL,53.762,0.253,0,0,0,0,0,0.0,13,3,0,,,,,,0,,,,314980,18014,592
782,70.55362129211426,2026-03-05T17:38:34.813499,2.04,0.0,2.0,0.0,0.0,0.0,1.01,42.0,11.87,0.0,0.0,STRAIGHT,0.3,0.3,"CMD,0.0,0.30",1.2,0.0,1.2,0.0,0,0.9641,0,NORMAL,54.111,0.241,0,0,0,0,0,0.0,0,0,0,,,,,,0,,,,318057,17784,0
783,70.6106104850769,2026-03-05T17:38:34.870488,2.03,0.0,1.99,0.0,0.0,0.0,0.0,40.99,11.88,0.0,0.0,STRAIGHT,0.3,0.3,"CMD,0.0,0.30",1.2,0.0,1.2,0.0,0,0.9641,0,NORMAL,54.508,0.234,0,0,0,0,0,0.0,0,0,0,,,,,,0,,,,318057,17277,0
784,70.66860628128052,2026-03-05T17:38:34.928484,1.03,0.0,3.0,0.0,0.0,0.0,0.0,40.99,11.88,0.0,0.0,STRAIGHT,0.3,0.3,"CMD,0.0,0.30",1.2,0.0,1.2,0.0,0,0.9641,0,NORMAL,54.705,0.231,0,0,0,0,0,0.0,0,0,0,,,,,,0,,,,318057,17066,0
785,70.82861137390137,2026-03-05T17:38:35.088489,95.05,0.0,4.99,4.03,0.0,0.0,0.0,143.99,11.44,0.0,0.0,STRAIGHT,0.3,0.3,"CMD,0.0,0.30",1.2,0.0,1.2,0.0,0,0.9703,0,NORMAL,54.968,0.22,0,0,0,0,0,0.0,12,3,0,,,,,,0,,,,308466,16701,598
786,70.88857984542847,2026-03-05T17:38:35.148457,1.0,0.0,2.96,0.0,0.0,0.0,0.0,42.96,11.9,0.0,0.0,STRAIGHT,0.3,0.3,"CMD,0.0,0.30",1.2,0.0,1.2,0.0,0,0.9703,0,NORMAL,55.147,0.217,0,0,0,0,0,0.0,0,0,0,,,,,,0,,,,309949,16492,0
787,70.94661235809326,2026-03-05T17:38:35.206490,2.04,0.0,1.99,0.0,0.0,0.0,0.0,40.99,11.91,0.0,0.0,STRAIGHT,0.3,0.3,"CMD,0.0,0.30",1.2,0.0,1.2,0.0,0,0.9703,0,NORMAL,55.546,0.211,0,0,0,0,0,0.0,0,0,0,,,,,,0,,,,309949,16002,0
788,71.00362157821655,2026-03-05T17:38:35.263499,2.03,0.0,2.01,0.0,0.0,0.0,0.0,41.01,11.91,0.0,0.0,STRAIGHT,0.3,0.3,"CMD,0.0,0.30",1.2,0.0,1.2,0.0,0,0.9703,0,NORMAL,55.576,0.206,0,0,0,0,0,0.0,0,0,0,,,,,,0,,,,309949,15756,0
789,71.16361331939697,2026-03-05T17:38:35.423491,94.03,0.0,4.0,3.03,1.01,0.0,0.0,142.99,11.44,0.0,0.0,STRAIGHT,0.3,0.3,"CMD,0.0,0.30",1.2,0.0,1.2,0.0,0,0.9714,0,NORMAL,55.349,0.194,0,0,0,0,0,0.0,14,3,0,,,,,,0,,,,303725,16234,595
790,71.22159218788147,2026-03-05T17:38:35.481470,2.01,0.0,2.0,0.0,0.0,0.0,1.0,41.98,11.93,0.0,0.0,STRAIGHT,0.3,0.3,"CMD,0.0,0.30",1.2,0.0,1.2,0.0,0,0.9714,0,NORMAL,55.188,0.195,0,0,0,0,0,0.0,0,0,0,,,,,,0,,,,305962,16026,0
791,71.28200387954712,2026-03-05T17:38:35.541881,1.0,0.0,3.39,0.0,0.0,0.0,0.0,43.42,11.93,0.0,0.0,STRAIGHT,0.3,0.3,"CMD,0.0,0.30",1.2,0.0,1.2,0.0,0,0.9714,0,NORMAL,55.006,0.2,0,0,0,0,0,0.0,0,0,0,,,,,,0,,,,305962,15522,0
792,71.34161734580994,2026-03-05T17:38:35.601495,2.03,0.0,2.0,0.0,0.0,0.0,0.0,42.0,11.93,0.0,0.0,STRAIGHT,0.3,0.3,"CMD,0.0,0.30",1.2,0.0,1.2,0.0,0,0.9714,0,NORMAL,54.998,0.21,0,0,0,0,0,0.0,0,0,0,,,,,,0,,,,305962,15283,0
793,71.50461721420288,2026-03-05T17:38:35.764495,97.04,0.0,5.0,4.01,0.0,0.0,0.0,147.0,11.44,0.0,0.0,STRAIGHT,0.3,0.3,"CMD,0.0,0.30",1.2,0.0,1.2,0.0,0,0.9689,0,NORMAL,54.984,0.214,0,0,0,0,0,0.0,12,4,0,,,,,,0,,,,305607,16842,655
794,71.56361937522888,2026-03-05T17:38:35.823497,2.03,0.0,2.0,0.0,0.0,0.0,0.0,40.99,11.93,0.0,0.0,STRAIGHT,0.3,0.3,"CMD,0.0,0.30",1.2,0.0,1.2,0.0,0,0.9689,0,NORMAL,55.189,0.208,0,0,0,0,0,0.0,0,0,0,,,,,,0,,,,307648,16613,0
795,71.61962246894836,2026-03-05T17:38:35.879500,1.04,0.0,3.0,0.0,0.0,0.0,0.0,40.99,11.94,0.0,0.0,STRAIGHT,0.3,0.3,"CMD,0.0,0.30",1.2,0.0,1.2,0.0,0,0.9689,0,NORMAL,55.358,0.223,0,0,0,0,0,0.0,0,0,0,,,,,,0,,,,307648,16104,0
796,71.67662024497986,2026-03-05T17:38:35.936498,2.03,0.0,2.0,0.0,0.0,0.0,0.0,40.99,11.96,0.0,0.0,STRAIGHT,0.3,0.3,"CMD,0.0,0.30",1.2,0.0,1.2,0.0,0,0.9689,0,NORMAL,55.484,0.24,0,0,0,0,0,0.0,0,0,0,,,,,,0,,,,307648,15887,0
797,71.83762335777283,2026-03-05T17:38:36.097501,95.0,0.0,5.05,4.03,0.0,0.0,0.0,143.99,11.48,0.0,0.0,STRAIGHT,0.3,0.3,"CMD,0.0,0.30",1.2,0.0,1.2,0.0,0,0.9678,0,NORMAL,55.638,0.247,0,0,0,0,0,0.0,16,4,0,,,,,,0,,,,313131,17776,681
798,71.89762163162231,2026-03-05T17:38:36.157499,2.03,0.0,2.0,0.0,0.0,0.0,0.0,43.0,11.98,0.0,0.0,STRAIGHT,0.3,0.3,"CMD,0.0,0.30",1.2,0.0,1.2,0.0,0,0.9678,0,NORMAL,55.993,0.241,0,0,0,0,0,0.0,0,0,0,,,,,,0,,,,315040,17541,0
799,71.95561575889587,2026-03-05T17:38:36.215493,2.03,0.0,2.0,0.0,0.0,0.0,0.0,40.99,11.99,0.0,0.0,STRAIGHT,0.3,0.3,"CMD,0.0,0.30",1.2,0.0,1.2,0.0,0,0.9678,0,NORMAL,56.23,0.244,0,0,0,0,0,0.0,0,0,0,,,,,,0,,,,315040,17031,0
800,72.01362133026123,2026-03-05T17:38:36.273499,1.04,0.0,2.99,0.0,0.0,0.0,0.0,41.99,12.0,0.0,0.0,STRAIGHT,0.3,0.3,"CMD,0.0,0.30",1.2,0.0,1.2,0.0,0,0.9678,0,NORMAL,55.957,0.275,0,0,0,0,0,0.0,0,0,0,,,,,,0,,,,315040,16805,0
801,72.17559313774109,2026-03-05T17:38:36.435471,94.97,0.0,5.0,5.0,0.0,0.0,0.0,145.95,11.51,0.0,0.0,STRAIGHT,0.3,0.3,"CMD,0.0,0.30",1.2,0.0,1.2,0.0,0,0.9739,0,NORMAL,55.689,0.273,0,0,0,0,0,0.0,20,4,0,,,,,,0,,,,310513,16699,684
802,72.23260307312012,2026-03-05T17:38:36.492481,2.01,0.0,2.0,0.0,0.0,0.0,0.0,40.01,12.0,0.0,0.0,STRAIGHT,0.3,0.3,"CMD,0.0,0.30",1.2,0.0,1.2,0.0,0,0.9739,0,NORMAL,55.975,0.249,0,0,0,0,0,0.0,0,0,0,,,,,,0,,,,313215,16482,0
803,72.29162406921387,2026-03-05T17:38:36.551502,2.03,0.0,3.0,0.0,0.0,0.0,0.0,43.02,12.0,0.0,0.0,STRAIGHT,0.3,0.3,"CMD,0.0,0.30",1.2,0.0,1.2,0.0,0,0.9739,0,NORMAL,56.055,0.241,0,0,0,0,0,0.0,0,0,0,,,,,,0,,,,313215,15975,0
804,72.35562920570374,2026-03-05T17:38:36.615507,1.03,0.0,3.0,0.0,0.0,0.0,0.0,46.0,11.98,0.0,0.0,STRAIGHT,0.3,0.3,"CMD,0.0,0.30",1.2,0.0,1.2,0.0,0,0.9739,0,NORMAL,55.999,0.232,0,0,0,0,0,0.0,0,0,0,,,,,,0,,,,313215,15726,0
805,72.5165958404541,2026-03-05T17:38:36.776473,94.0,0.0,5.0,4.0,1.0,0.0,0.0,143.97,11.49,0.0,0.0,STRAIGHT,0.3,0.3,"CMD,0.0,0.30",1.2,0.0,1.2,0.0,0,0.9692,0,NORMAL,56.061,0.218,0,0,0,0,0,0.0,16,4,0,,,,,,0,,,,306629,17042,672
806,72.57659864425659,2026-03-05T17:38:36.836476,2.0,0.0,1.97,0.0,0.0,0.0,1.0,43.0,11.98,0.0,0.0,STRAIGHT,0.3,0.3,"CMD,0.0,0.30",1.2,0.0,1.2,0.0,0,0.9692,0,NORMAL,56.011,0.213,0,0,0,0,0,0.0,0,0,0,,,,,,0,,,,308084,16815,0
807,72.63563013076782,2026-03-05T17:38:36.895508,1.04,0.0,3.0,0.0,0.0,0.0,0.0,42.0,11.97,0.0,0.0,STRAIGHT,0.3,0.3,"CMD,0.0,0.30",1.2,0.0,1.2,0.0,0,0.9692,0,NORMAL,56.019,0.207,0,0,0,0,0,0.0,0,0,0,,,,,,0,,,,308084,16295,0
808,72.69564461708069,2026-03-05T17:38:36.955522,2.06,0.0,1.99,0.0,0.0,0.0,0.0,42.01,11.98,0.0,0.0,STRAIGHT,0.3,0.3,"CMD,0.0,0.30",1.2,0.0,1.2,0.0,0,0.9692,0,NORMAL,56.185,0.194,0,0,0,0,0,0.0,0,0,0,,,,,,0,,,,308084,16051,0
809,72.86059856414795,2026-03-05T17:38:37.120476,98.03,0.0,5.0,4.03,0.0,0.0,0.0,147.97,11.47,0.0,0.0,STRAIGHT,0.3,0.3,"CMD,0.0,0.30",1.2,0.0,1.2,0.0,0,0.9546,0,NORMAL,56.349,0.183,0,0,0,0,0,0.0,7,3,0,,,,,,0,,,,293373,15054,515
810,72.92263603210449,2026-03-05T17:38:37.182513,2.04,0.0,3.0,0.0,0.0,0.0,0.0,43.99,11.94,0.0,0.0,STRAIGHT,0.3,0.3,"CMD,0.0,0.30",1.2,0.0,1.2,0.0,0,0.9546,0,NORMAL,56.704,0.177,0,0,0,0,0,0.0,0,0,0,,,,,,0,,,,294495,14830,0
811,72.98164176940918,2026-03-05T17:38:37.241519,2.04,0.0,2.0,0.0,0.0,0.0,0.0,41.99,11.94,0.0,0.0,STRAIGHT,0.3,0.3,"CMD,0.0,0.30",1.2,0.0,1.2,0.0,0,0.9546,0,NORMAL,57.131,0.176,0,0,0,0,0,0.0,0,0,0,,,,,,0,,,,294495,14331,0
812,73.03963160514832,2026-03-05T17:38:37.299509,1.05,0.0,2.99,0.0,0.0,0.0,0.0,41.0,11.94,0.0,0.0,STRAIGHT,0.3,0.3,"CMD,0.0,0.30",1.2,0.0,1.2,0.0,0,0.9546,0,NORMAL,57.506,0.177,0,0,0,0,0,0.0,0,0,0,,,,,,0,,,,294495,14081,0
813,73.199631690979,2026-03-05T17:38:37.459509,95.04,0.0,4.99,3.03,1.0,0.0,0.0,143.0,11.46,0.0,0.0,STRAIGHT,0.3,0.3,"CMD,0.0,0.30",1.2,0.0,1.2,0.0,0,0.9536,0,NORMAL,57.829,0.176,0,0,0,0,0,0.0,12,2,0,,,,,,0,,,,287657,15323,518
814,73.25765800476074,2026-03-05T17:38:37.517536,2.0,0.0,3.05,0.0,0.0,0.0,0.0,42.05,11.94,0.0,0.0,STRAIGHT,0.3,0.3,"CMD,0.0,0.30",1.2,0.0,1.2,0.0,0,0.9536,0,NORMAL,58.388,0.169,0,0,0,0,0,0.0,0,0,0,,,,,,0,,,,289108,15079,0
815,73.3166389465332,2026-03-05T17:38:37.576516,2.04,0.0,3.0,0.0,0.0,0.0,0.0,42.97,11.94,0.0,0.0,STRAIGHT,0.3,0.3,"CMD,0.0,0.30",1.2,0.0,1.2,0.0,0,0.9536,0,NORMAL,58.852,0.162,0,0,0,0,0,0.0,0,0,0,,,,,,0,,,,289108,14569,0
816,73.3776342868805,2026-03-05T17:38:37.637512,2.04,0.0,2.02,0.0,0.0,0.0,0.98,45.0,11.93,0.0,0.0,STRAIGHT,0.3,0.3,"CMD,0.0,0.30",1.2,0.0,1.2,0.0,0,0.9536,0,NORMAL,59.06,0.165,0,0,0,0,0,0.0,0,0,0,,,,,,0,,,,289108,14333,0
817,73.54260277748108,2026-03-05T17:38:37.802480,98.0,0.0,4.0,6.0,0.0,0.0,0.0,147.97,11.42,0.0,0.0,STRAIGHT,0.3,0.3,"CMD,0.0,0.30",1.2,0.0,1.2,0.0,0,0.9638,0,NORMAL,58.992,0.163,0,0,0,0,0,0.0,39,2,0,,,,,,0,,,,287308,15235,709
818,73.59960293769836,2026-03-05T17:38:37.859480,2.0,0.0,2.0,0.0,0.0,0.0,0.0,41.0,11.9,0.0,0.0,STRAIGHT,0.3,0.3,"CMD,0.0,0.30",1.2,0.0,1.2,0.0,0,0.9638,0,NORMAL,59.102,0.153,0,0,0,0,0,0.0,0,0,0,,,,,,0,,,,288454,14983,0
819,73.65760350227356,2026-03-05T17:38:37.917481,2.01,0.0,1.99,0.0,0.0,0.0,0.0,42.0,11.9,0.0,0.0,STRAIGHT,0.3,0.3,"CMD,0.0,0.30",1.2,0.0,1.2,0.0,0,0.9638,0,NORMAL,59.272,0.127,0,0,0,0,0,0.0,0,0,0,,,,,,0,,,,288454,14473,0
820,73.71561002731323,2026-03-05T17:38:37.975488,2.01,0.0,2.0,0.0,0.0,0.0,0.0,41.99,11.92,0.0,0.0,STRAIGHT,0.3,0.3,"CMD,0.0,0.30",1.2,0.0,1.2,0.0,0,0.9638,0,NORMAL,59.407,0.106,0,0,0,0,0,0.0,0,0,0,,,,,,0,,,,288454,14225,0
821,73.886638879776,2026-03-05T17:38:38.146516,100.03,0.0,5.0,5.0,1.0,0.0,0.0,154.03,11.39,0.0,0.0,STRAIGHT,0.3,0.3,"CMD,0.0,0.30",1.2,0.0,1.2,0.0,0,0.9697,0,NORMAL,59.375,0.101,0,0,0,0,0,0.0,32,3,0,,,,,,0,,,,283173,11234,588
822,73.94465851783752,2026-03-05T17:38:38.204536,2.04,0.0,3.01,0.0,0.0,0.0,0.0,41.01,11.89,0.0,0.0,STRAIGHT,0.3,0.3,"CMD,0.0,0.30",1.2,0.0,1.2,0.0,0,0.9697,0,NORMAL,59.083,0.101,0,0,0,0,0,0.0,0,0,0,,,,,,0,,,,284976,11041,0
823,74.00365996360779,2026-03-05T17:38:38.263537,1.0,0.0,3.05,0.0,0.0,0.0,0.0,42.02,11.88,0.0,0.0,STRAIGHT,0.3,0.3,"CMD,0.0,0.30",1.2,0.0,1.2,0.0,0,0.9697,0,NORMAL,58.877,0.106,0,0,0,0,0,0.0,0,0,0,,,,,,0,,,,284976,10789,0
824,74.0656418800354,2026-03-05T17:38:38.325519,2.04,0.0,2.0,0.0,0.0,0.0,0.0,43.03,11.86,0.0,0.0,STRAIGHT,0.3,0.3,"CMD,0.0,0.30",1.2,0.0,1.2,0.0,0,0.9697,0,NORMAL,58.642,0.106,0,0,0,0,0,0.0,0,0,0,,,,,,0,,,,284976,10500,0
825,74.22160840034485,2026-03-05T17:38:38.481486,92.0,0.0,4.0,3.0,1.0,0.0,0.0,139.96,11.39,0.0,0.0,STRAIGHT,0.3,0.3,"CMD,0.0,0.30",1.2,0.0,1.2,0.0,0,0.9335,0,NORMAL,58.683,0.102,0,0,0,0,0,0.0,7,2,0,,,,,,0,,,,265201,9360,352
826,74.27863550186157,2026-03-05T17:38:38.538513,2.03,0.0,2.0,0.0,0.0,0.0,0.0,40.03,11.88,0.0,0.0,STRAIGHT,0.3,0.3,"CMD,0.0,0.30",1.2,0.0,1.2,0.0,0,0.9335,0,NORMAL,58.974,0.094,0,0,0,0,0,0.0,0,0,0,,,,,,0,,,,265824,9182,0
827,74.33664274215698,2026-03-05T17:38:38.596520,3.03,0.0,2.0,0.0,0.0,0.0,0.0,42.99,11.89,0.0,0.0,STRAIGHT,0.3,0.3,"CMD,0.0,0.30",1.2,0.0,1.2,0.0,0,0.9335,0,NORMAL,58.74,0.105,0,0,0,0,0,0.0,0,0,0,,,,,,0,,,,265824,8784,0
828,74.39660978317261,2026-03-05T17:38:38.656487,2.0,0.0,2.0,0.0,0.0,0.0,0.0,42.95,11.88,0.0,0.0,STRAIGHT,0.3,0.3,"CMD,0.0,0.30",1.2,0.0,1.2,0.0,0,0.9335,0,NORMAL,58.755,0.116,0,0,0,0,0,0.0,0,0,0,,,,,,0,,,,265824,8592,0
829,74.55161190032959,2026-03-05T17:38:38.811489,91.0,0.0,5.0,3.0,0.0,0.0,0.0,138.0,11.43,0.0,0.0,STRAIGHT,0.3,0.3,"CMD,0.0,0.30",1.2,0.0,1.2,0.0,0,0.8955,0,NORMAL,58.401,0.094,0,0,0,0,0,0.0,7,2,0,,,,,,0,,,,238283,6389,333
830,74.60765600204468,2026-03-05T17:38:38.867533,0.97,0.0,3.01,0.0,0.0,0.0,0.0,41.05,11.92,0.0,0.0,STRAIGHT,0.3,0.3,"CMD,0.0,0.30",1.2,0.0,1.2,0.0,0,0.8955,0,NORMAL,57.901,0.076,0,0,0,0,0,0.0,0,0,0,,,,,,0,,,,238429,6217,0
831,74.66564559936523,2026-03-05T17:38:38.925523,3.03,0.0,1.97,0.0,0.0,0.0,0.0,40.96,11.92,0.0,0.0,STRAIGHT,0.3,0.3,"CMD,0.0,0.30",1.2,0.0,1.2,0.0,0,0.8955,0,NORMAL,57.176,0.087,0,0,0,0,0,0.0,0,0,0,,,,,,0,,,,238429,5985,0
832,74.72161364555359,2026-03-05T17:38:38.981491,1.02,0.0,2.95,0.0,0.0,0.0,0.0,40.96,11.93,0.0,0.0,STRAIGHT,0.3,0.3,"CMD,0.0,0.30",1.2,0.0,1.2,0.0,0,0.8955,0,NORMAL,55.926,0.1,0,0,0,0,0,0.0,0,0,0,,,,,,0,,,,238429,5799,0
833,74.87764716148376,2026-03-05T17:38:39.137525,93.03,0.0,5.0,2.0,0.0,0.0,0.0,139.99,11.5,0.0,0.0,STRAIGHT,0.3,0.3,"CMD,0.0,0.30",1.2,0.0,1.2,0.0,0,0.9314,0,NORMAL,55.515,0.076,0,0,0,0,0,0.0,2,1,0,,,,,,0,,,,255706,7616,310
834,74.93565726280212,2026-03-05T17:38:39.195535,1.0,0.0,3.01,0.0,0.0,0.0,0.0,42.0,11.99,0.0,0.0,STRAIGHT,0.3,0.3,"CMD,0.0,0.30",1.2,0.0,1.2,0.0,0,0.9314,0,NORMAL,55.458,0.059,0,0,0,0,0,0.0,0,0,0,,,,,,0,,,,256108,7437,0
835,74.99261569976807,2026-03-05T17:38:39.252493,2.0,0.0,3.0,0.0,0.0,0.0,0.0,41.97,12.0,0.0,0.0,STRAIGHT,0.3,0.3,"CMD,0.0,0.30",1.2,0.0,1.2,0.0,0,0.9314,0,NORMAL,54.031,0.069,0,0,0,0,0,0.0,0,0,0,,,,,,0,,,,256108,7079,0
836,75.04865264892578,2026-03-05T17:38:39.308530,2.03,0.0,2.0,0.0,0.0,0.0,0.0,40.03,12.02,0.0,0.0,STRAIGHT,0.3,0.3,"CMD,0.0,0.30",1.2,0.0,1.2,0.0,0,0.9314,0,NORMAL,51.812,0.062,0,0,0,0,0,0.0,0,0,0,,,,,,0,,,,256108,6900,0
837,75.1996579170227,2026-03-05T17:38:39.459535,90.03,0.0,5.0,1.99,1.04,0.0,0.0,136.0,11.58,0.0,0.0,STRAIGHT,0.3,0.3,"CMD,0.0,0.30",1.2,0.0,1.2,0.0,0,0.9541,0,NORMAL,50.801,0.037,0,0,0,0,0,0.0,2,1,0,,,,,,0,,,,260729,7950,306
838,75.25764966011047,2026-03-05T17:38:39.517527,2.03,0.0,3.0,0.0,0.0,0.0,0.0,40.99,12.1,0.0,0.0,STRAIGHT,0.3,0.3,"CMD,0.0,0.30",1.2,0.0,1.2,0.0,0,0.9541,0,NORMAL,50.281,0.04,0,0,0,0,0,0.0,0,0,0,,,,,,0,,,,260731,7773,0
839,75.31566619873047,2026-03-05T17:38:39.575544,2.03,0.0,2.01,0.0,0.0,0.0,1.01,43.02,12.12,0.0,0.0,STRAIGHT,0.3,0.3,"CMD,0.0,0.30",1.2,0.0,1.2,0.0,0,0.9541,0,NORMAL,48.949,0.049,0,0,0,0,0,0.0,0,0,0,,,,,,0,,,,260731,7419,0
840,75.38162207603455,2026-03-05T17:38:39.641499,2.0,0.0,3.99,0.0,0.0,0.0,0.0,50.96,12.08,0.0,0.0,STRAIGHT,0.3,0.3,"CMD,0.0,0.30",1.2,0.0,1.2,0.0,0,0.9541,0,NORMAL,48.0,0.031,0,0,0,0,0,0.0,0,0,0,,,,,,0,,,,260731,7242,0
841,75.5536561012268,2026-03-05T17:38:39.813533,93.05,0.0,4.99,3.05,0.0,0.0,0.0,150.03,11.54,0.0,0.0,STRAIGHT,0.3,0.3,"CMD,0.0,0.30",1.2,0.0,1.2,0.0,0,0.9656,0,NORMAL,46.923,0.019,0,0,0,0,0,0.0,7,2,0,,,,,,0,,,,259992,7099,298
842,75.61165618896484,2026-03-05T17:38:39.871534,2.04,0.0,2.0,0.0,0.0,0.0,0.0,41.0,12.02,0.0,0.0,STRAIGHT,0.3,0.3,"CMD,0.0,0.30",1.2,0.0,1.2,0.0,0,0.9656,0,NORMAL,46.411,0.017,0,0,0,0,0,0.0,0,0,0,,,,,,0,,,,260005,6928,0
843,75.66968107223511,2026-03-05T17:38:39.929559,2.03,0.0,2.0,0.0,0.0,0.0,0.0,41.0,12.03,0.0,0.0,STRAIGHT,0.3,0.3,"CMD,0.0,0.30",1.2,0.0,1.2,0.0,0,0.9656,0,NORMAL,47.175,0.018,0,0,0,0,0,0.0,0,0,0,,,,,,0,,,,260005,6604,0
844,75.72666335105896,2026-03-05T17:38:39.986541,2.04,0.0,2.0,0.0,0.0,0.0,0.0,41.0,12.03,0.0,0.0,STRAIGHT,0.3,0.3,"CMD,0.0,0.30",1.2,0.0,1.2,0.0,0,0.9656,0,NORMAL,47.53,0.016,0,0,0,0,0,0.0,0,0,0,,,,,,0,,,,260005,6428,0
845,75.88462352752686,2026-03-05T17:38:40.144501,93.0,0.0,5.0,3.0,0.0,0.0,0.0,139.97,11.57,0.0,0.0,STRAIGHT,0.3,0.3,"CMD,0.0,0.30",1.2,0.0,1.2,0.0,0,0.9214,0,NORMAL,47.666,0.021,0,0,0,0,0,0.0,2,1,0,,,,,,0,,,,250860,7660,290
846,75.9436571598053,2026-03-05T17:38:40.203535,1.04,0.0,3.0,0.0,0.0,0.0,0.0,42.03,12.08,0.0,0.0,STRAIGHT,0.3,0.3,"CMD,0.0,0.30",1.2,0.0,1.2,0.0,0,0.9214,0,NORMAL,48.054,0.009,0,0,0,0,0,0.0,0,0,0,,,,,,0,,,,250885,7489,0
847,75.99962401390076,2026-03-05T17:38:40.259501,2.0,0.0,3.0,0.0,0.0,0.0,0.0,40.96,12.08,0.0,0.0,STRAIGHT,0.3,0.3,"CMD,0.0,0.30",1.2,0.0,1.2,0.0,0,0.9214,0,NORMAL,47.844,0.013,0,0,0,0,0,0.0,0,0,0,,,,,,0,,,,250885,7145,0
848,76.05665993690491,2026-03-05T17:38:40.316537,2.03,0.0,2.0,0.0,0.0,0.0,0.0,41.03,12.09,0.0,0.0,STRAIGHT,0.3,0.3,"CMD,0.0,0.30",1.2,0.0,1.2,0.0,0,0.9214,0,NORMAL,46.936,0.008,0,0,0,0,0,0.0,0,0,0,,,,,,0,,,,250885,6975,0
849,76.2096619606018,2026-03-05T17:38:40.469539,91.0,0.0,6.03,2.0,0.0,0.0,0.0,138.0,11.63,0.0,0.0,STRAIGHT,0.3,0.3,"CMD,0.0,0.30",1.2,0.0,1.2,0.0,0,0.8972,0,NORMAL,46.6,0.009,0,0,0,0,0,0.0,2,1,0,,,,,,0,,,,226692,6409,266
850,76.2656307220459,2026-03-05T17:38:40.525508,2.0,0.0,2.0,0.0,0.0,0.0,0.0,39.97,12.18,0.0,0.0,STRAIGHT,0.3,0.3,"CMD,0.0,0.30",1.2,0.0,1.2,0.0,0,0.8972,0,NORMAL,45.404,-0.007,0,0,0,0,0,0.0,0,0,0,,,,,,0,,,,226693,6250,0
851,76.32162976264954,2026-03-05T17:38:40.581507,0.97,0.0,2.0,0.0,0.0,0.0,1.0,41.0,12.2,0.0,0.0,STRAIGHT,0.3,0.3,"CMD,0.0,0.30",1.2,0.0,1.2,0.0,0,0.8972,0,NORMAL,44.358,-0.002,0,0,0,0,0,0.0,0,0,0,,,,,,0,,,,226693,5945,0
852,76.37863039970398,2026-03-05T17:38:40.638508,1.99,0.0,2.0,0.0,0.0,0.0,1.0,42.0,12.21,0.0,0.0,STRAIGHT,0.3,0.3,"CMD,0.0,0.30",1.2,0.0,1.2,0.0,0,0.8972,0,NORMAL,42.903,0.015,0,0,0,0,0,0.0,0,0,0,,,,,,0,,,,226693,5786,0
853,76.53563141822815,2026-03-05T17:38:40.795509,91.0,0.0,5.0,3.0,0.0,0.0,1.0,141.0,11.74,0.0,0.0,STRAIGHT,0.3,0.3,"CMD,0.0,0.30",1.2,0.0,1.2,0.0,0,0.9491,0,NORMAL,41.858,0.039,0,0,0,0,0,0.0,2,1,0,,,,,,0,,,,220964,6011,266
854,76.59263229370117,2026-03-05T17:38:40.852510,2.0,0.0,2.0,0.0,0.0,0.0,0.0,40.0,12.24,0.0,0.0,STRAIGHT,0.3,0.3,"CMD,0.0,0.30",1.2,0.0,1.2,0.0,0,0.9491,0,NORMAL,40.501,0.051,0,0,0,0,0,0.0,0,0,0,,,,,,0,,,,220999,5852,0
855,76.64763498306274,2026-03-05T17:38:40.907512,2.0,0.0,2.0,0.0,0.0,0.0,0.0,41.0,12.24,0.0,0.0,STRAIGHT,0.3,0.3,"CMD,0.0,0.30",1.2,0.0,1.2,0.0,0,0.9491,0,NORMAL,38.713,0.053,0,0,0,0,0,0.0,0,0,0,,,,,,0,,,,220999,5544,0
856,76.70263314247131,2026-03-05T17:38:40.962511,1.0,0.0,3.0,0.0,0.0,0.0,0.0,40.0,12.26,0.0,0.0,STRAIGHT,0.3,0.3,"CMD,0.0,0.30",1.2,0.0,1.2,0.0,0,0.9491,0,NORMAL,38.219,0.053,0,0,0,0,0,0.0,0,0,0,,,,,,0,,,,220999,5375,0
857,76.85666966438293,2026-03-05T17:38:41.116547,93.0,0.0,5.0,2.0,1.04,0.0,1.0,140.04,11.79,0.0,0.0,STRAIGHT,0.3,0.3,"CMD,0.0,0.30",1.2,0.0,1.2,0.0,0,0.9324,0,NORMAL,38.519,0.061,0,0,0,0,0,0.0,7,2,0,,,,,,0,,,,222318,5106,295
858,76.91563582420349,2026-03-05T17:38:41.175513,2.0,0.0,2.0,0.0,0.0,0.0,0.0,41.95,12.27,0.0,0.0,STRAIGHT,0.3,0.3,"CMD,0.0,0.30",1.2,0.0,1.2,0.0,0,0.9324,0,NORMAL,38.24,0.071,0,0,0,0,0,0.0,0,0,0,,,,,,0,,,,222325,4953,0
859,76.97063541412354,2026-03-05T17:38:41.230513,2.0,0.0,2.0,0.0,0.0,0.0,0.0,40.0,12.27,0.0,0.0,STRAIGHT,0.3,0.3,"CMD,0.0,0.30",1.2,0.0,1.2,0.0,0,0.9324,0,NORMAL,37.336,0.085,0,0,0,0,0,0.0,0,0,0,,,,,,0,,,,222325,4680,0
860,77.0266466140747,2026-03-05T17:38:41.286524,2.01,0.0,3.0,0.0,0.0,0.0,0.0,41.01,12.28,0.0,0.0,STRAIGHT,0.3,0.3,"CMD,0.0,0.30",1.2,0.0,1.2,0.0,0,0.9324,0,NORMAL,37.209,0.095,0,0,0,0,0,0.0,0,0,0,,,,,,0,,,,222325,4508,0
861,77.17863726615906,2026-03-05T17:38:41.438515,90.0,0.0,5.0,3.0,0.0,0.0,0.0,136.99,11.8,0.0,0.0,STRAIGHT,0.3,0.3,"CMD,0.0,0.30",1.2,0.0,1.2,0.0,0,0.9339,0,NORMAL,38.146,0.093,0,0,0,0,0,0.0,7,2,0,,,,,,0,,,,237733,7544,313
862,77.2346408367157,2026-03-05T17:38:41.494518,2.0,0.0,2.0,0.0,0.0,0.0,0.0,40.0,12.3,0.0,0.0,STRAIGHT,0.3,0.3,"CMD,0.0,0.30",1.2,0.0,1.2,0.0,0,0.9339,0,NORMAL,39.0,0.098,0,0,0,0,0,0.0,0,0,0,,,,,,0,,,,237737,7378,0
863,77.29163908958435,2026-03-05T17:38:41.551517,1.0,0.0,3.0,0.0,0.0,0.0,0.0,41.0,12.31,0.0,0.0,STRAIGHT,0.3,0.3,"CMD,0.0,0.30",1.2,0.0,1.2,0.0,0,0.9339,0,NORMAL,38.546,0.131,0,0,0,0,0,0.0,0,0,0,,,,,,0,,,,237737,7044,0
864,77.34763860702515,2026-03-05T17:38:41.607516,2.0,0.0,2.0,0.0,0.0,0.0,0.0,41.0,12.31,0.0,0.0,STRAIGHT,0.3,0.3,"CMD,0.0,0.30",1.2,0.0,1.2,0.0,0,0.9339,0,NORMAL,36.482,0.129,0,0,0,0,0,0.0,0,0,0,,,,,,0,,,,237737,6878,0
865,77.51064014434814,2026-03-05T17:38:41.770518,92.0,0.0,5.0,2.0,1.0,0.0,0.0,146.0,11.78,0.0,0.0,STRAIGHT,0.3,0.3,"CMD,0.0,0.30",1.2,0.0,1.2,0.0,0,0.8792,0,NORMAL,39.195,0.091,0,0,0,0,0,0.0,2,1,0,,,,,,0,,,,209156,5636,240
866,77.56664037704468,2026-03-05T17:38:41.826518,0.97,0.0,3.0,0.0,0.0,0.0,0.0,40.0,12.25,0.0,0.0,STRAIGHT,0.3,0.3,"CMD,0.0,0.30",1.2,0.0,1.2,0.0,0,0.8792,0,NORMAL,39.67,0.127,0,0,0,0,0,0.0,0,0,0,,,,,,0,,,,209156,5492,0
867,77.62264132499695,2026-03-05T17:38:41.882519,2.0,0.0,2.0,0.0,0.0,0.0,0.0,40.0,12.27,0.0,0.0,STRAIGHT,0.3,0.3,"CMD,0.0,0.30",1.2,0.0,1.2,0.0,0,0.8792,0,NORMAL,40.167,0.166,0,0,0,0,0,0.0,0,0,0,,,,,,0,,,,209156,5304,0
868,77.67764186859131,2026-03-05T17:38:41.937519,0.99,0.0,2.0,0.0,0.0,0.0,1.0,41.0,12.28,0.0,0.0,STRAIGHT,0.3,0.3,"CMD,0.0,0.30",1.2,0.0,1.2,0.0,0,0.8792,0,NORMAL,39.271,0.15,0,0,0,0,0,0.0,0,0,0,,,,,,0,,,,209156,5087,0
869,77.82864665985107,2026-03-05T17:38:42.088524,90.0,0.0,5.01,2.0,0.0,0.0,0.0,136.01,11.85,0.0,0.0,STRAIGHT,0.3,0.3,"CMD,0.0,0.30",1.2,0.0,1.2,0.0,0,0.8162,0,NORMAL,38.702,0.145,0,0,0,0,0,0.0,2,1,0,,,,,,0,,,,171247,5561,234
870,77.88664388656616,2026-03-05T17:38:42.146521,2.0,0.0,3.0,0.0,0.0,0.0,0.0,43.0,12.43,0.0,0.0,STRAIGHT,0.3,0.3,"CMD,0.0,0.30",1.2,0.0,1.2,0.0,0,0.8162,0,NORMAL,38.894,0.168,0,0,0,0,0,0.0,0,0,0,,,,,,0,,,,171247,5420,0
871,77.94364333152771,2026-03-05T17:38:42.203521,2.0,0.0,3.0,0.0,0.0,0.0,0.0,43.0,12.43,0.0,0.0,STRAIGHT,0.3,0.3,"CMD,0.0,0.30",1.2,0.0,1.2,0.0,0,0.8162,0,NORMAL,39.719,0.174,0,0,0,0,0,0.0,0,0,0,,,,,,0,,,,171247,5140,0
872,77.99964475631714,2026-03-05T17:38:42.259522,2.0,0.0,3.0,0.0,0.0,0.0,0.0,41.0,12.44,0.0,0.0,STRAIGHT,0.3,0.3,"CMD,0.0,0.30",1.2,0.0,1.2,0.0,0,0.8162,0,NORMAL,40.386,0.166,0,0,0,0,0,0.0,0,0,0,,,,,,0,,,,171247,4997,0
873,78.15364623069763,2026-03-05T17:38:42.413524,92.0,0.0,5.0,2.0,0.0,0.0,0.0,139.0,11.95,0.0,0.0,STRAIGHT,0.3,0.3,"CMD,0.0,0.30",1.2,0.0,1.2,0.0,0,0.7777,0,NORMAL,41.784,0.154,0,0,0,0,0,0.0,2,1,0,,,,,,0,,,,133643,3582,208
874,78.21064925193787,2026-03-05T17:38:42.470527,1.0,0.0,3.0,0.0,0.0,0.0,0.0,42.0,12.46,0.0,0.0,STRAIGHT,0.3,0.3,"CMD,0.0,0.30",1.2,0.0,1.2,0.0,0,0.7777,0,NORMAL,43.82,0.153,0,0,0,0,0,0.0,0,0,0,,,,,,0,,,,133643,3454,0
875,78.26664781570435,2026-03-05T17:38:42.526525,1.0,0.0,3.0,0.0,0.0,0.0,0.0,41.0,12.48,0.0,0.0,STRAIGHT,0.3,0.3,"CMD,0.0,0.30",1.2,0.0,1.2,0.0,0,0.7777,0,NORMAL,45.879,0.164,0,0,0,0,0,0.0,0,0,0,,,,,,0,,,,133643,3316,0
876,78.32366299629211,2026-03-05T17:38:42.583541,2.01,0.0,2.0,0.0,0.0,0.0,1.01,42.02,12.48,0.0,0.0,STRAIGHT,0.3,0.3,"CMD,0.0,0.30",1.2,0.0,1.2,0.0,0,0.7777,0,NORMAL,47.883,0.174,0,0,0,0,0,0.0,0,0,0,,,,,,0,,,,133643,3184,0
877,78.48164868354797,2026-03-05T17:38:42.741526,93.0,0.0,5.0,2.0,0.0,0.0,0.0,143.0,11.95,0.0,0.0,STRAIGHT,0.3,0.3,"CMD,0.0,0.30",1.2,0.0,1.2,0.0,0,0.8106,0,NORMAL,49.646,0.165,0,0,0,0,0,0.0,2,1,0,,,,,,0,,,,164828,5498,244
878,78.53964900970459,2026-03-05T17:38:42.799526,1.0,0.0,3.0,0.0,0.0,0.0,0.0,43.0,12.45,0.0,0.0,STRAIGHT,0.3,0.3,"CMD,0.0,0.30",1.2,0.0,1.2,0.0,0,0.8106,0,NORMAL,51.014,0.151,0,0,0,0,0,0.0,0,0,0,,,,,,0,,,,164828,5351,0
879,78.59464907646179,2026-03-05T17:38:42.854527,1.99,0.0,2.0,0.0,0.0,0.0,0.0,40.0,12.45,0.0,0.0,STRAIGHT,0.3,0.3,"CMD,0.0,0.30",1.2,0.0,1.2,0.0,0,0.8106,0,NORMAL,52.505,0.167,0,0,0,0,0,0.0,0,0,0,,,,,,0,,,,164828,5055,0
880,78.65068531036377,2026-03-05T17:38:42.910563,2.03,0.0,2.0,0.0,0.0,0.0,0.0,40.04,12.46,0.0,0.0,STRAIGHT,0.3,0.3,"CMD,0.0,0.30",1.2,0.0,1.2,0.0,0,0.8106,0,NORMAL,54.635,0.179,0,0,0,0,0,0.0,0,0,0,,,,,,0,,,,164828,4908,0
881,78.8026511669159,2026-03-05T17:38:43.062529,91.0,0.0,4.0,2.0,0.0,0.0,0.0,137.0,11.97,0.0,0.0,STRAIGHT,0.3,0.3,"CMD,0.0,0.30",1.2,0.0,1.2,0.0,0,0.5624,0,NORMAL,55.783,0.185,0,0,0,0,0,0.0,2,1,0,,,,,,0,,,,92693,4761,234
882,78.85765194892883,2026-03-05T17:38:43.117529,2.0,0.0,2.0,0.0,0.0,0.0,0.0,41.0,12.49,0.0,0.0,STRAIGHT,0.3,0.3,"CMD,0.0,0.30",1.2,0.0,1.2,0.0,0,0.5624,0,NORMAL,57.361,0.172,0,0,0,0,0,0.0,0,0,0,,,,,,0,,,,92693,4616,0
883,78.91566061973572,2026-03-05T17:38:43.175538,2.01,0.0,2.01,0.0,0.0,0.0,0.0,44.01,12.48,0.0,0.0,STRAIGHT,0.3,0.3,"CMD,0.0,0.30",1.2,0.0,1.2,0.0,0,0.5624,0,NORMAL,56.472,0.164,0,0,0,0,0,0.0,0,0,0,,,,,,0,,,,92693,4475,0
884,78.96965479850769,2026-03-05T17:38:43.229532,2.0,0.0,3.0,0.0,0.0,0.0,0.0,39.99,12.49,0.0,0.0,STRAIGHT,0.3,0.3,"CMD,0.0,0.30",1.2,0.0,1.2,0.0,0,0.5624,0,NORMAL,57.645,0.194,0,0,0,0,0,0.0,0,0,0,,,,,,0,,,,92693,4190,0
885,79.12065601348877,2026-03-05T17:38:43.380534,91.0,0.0,5.0,2.0,0.0,0.0,0.0,137.0,11.99,0.0,0.0,STRAIGHT,0.3,0.3,"CMD,0.0,0.30",1.2,0.0,1.2,0.0,0,0.7024,0,NORMAL,57.331,0.214,0,0,0,0,0,0.0,2,1,0,,,,,,0,,,,129942,4062,224
886,79.1756546497345,2026-03-05T17:38:43.435532,2.0,0.0,3.0,0.0,0.0,0.0,0.0,41.0,12.51,0.0,0.0,STRAIGHT,0.3,0.3,"CMD,0.0,0.30",1.2,0.0,1.2,0.0,0,0.7024,0,NORMAL,57.322,0.204,0,0,0,0,0,0.0,0,0,0,,,,,,0,,,,129942,3923,0
887,79.2306547164917,2026-03-05T17:38:43.490532,1.0,0.0,3.0,0.0,0.0,0.0,0.0,41.0,12.52,0.0,0.0,STRAIGHT,0.3,0.3,"CMD,0.0,0.30",1.2,0.0,1.2,0.0,0,0.7024,0,NORMAL,57.397,0.191,0,0,0,0,0,0.0,0,0,0,,,,,,0,,,,129942,3786,0
888,79.28466248512268,2026-03-05T17:38:43.544540,2.01,0.0,2.0,0.0,0.0,0.0,0.0,40.01,12.53,0.0,0.0,STRAIGHT,0.3,0.3,"CMD,0.0,0.30",1.2,0.0,1.2,0.0,0,0.7024,0,NORMAL,57.332,0.206,0,0,0,0,0,0.0,0,0,0,,,,,,0,,,,129942,3512,0
889,79.44365620613098,2026-03-05T17:38:43.703534,97.0,0.0,5.0,1.0,1.0,0.0,0.0,143.99,12.0,0.0,0.0,STRAIGHT,0.3,0.3,"CMD,0.0,0.30",1.2,0.0,1.2,0.0,0,0.7561,0,NORMAL,57.395,0.207,0,0,0,0,0,0.0,2,1,0,,,,,,0,,,,98305,3389,212
890,79.50065875053406,2026-03-05T17:38:43.760536,2.0,0.0,2.0,0.0,0.0,0.0,0.0,41.0,12.49,0.0,0.0,STRAIGHT,0.3,0.3,"CMD,0.0,0.30",1.2,0.0,1.2,0.0,0,0.7561,0,NORMAL,57.73,0.206,0,0,0,0,0,0.0,0,0,0,,,,,,0,,,,98305,3255,0
891,79.5546567440033,2026-03-05T17:38:43.814534,2.0,0.0,2.0,0.0,0.0,0.0,0.0,40.0,12.5,0.0,0.0,STRAIGHT,0.3,0.3,"CMD,0.0,0.30",1.2,0.0,1.2,0.0,0,0.7561,0,NORMAL,58.162,0.204,0,0,0,0,0,0.0,0,0,0,,,,,,0,,,,98305,3123,0
892,79.6116590499878,2026-03-05T17:38:43.871536,2.0,0.0,3.0,0.0,0.0,0.0,0.0,42.0,12.51,0.0,0.0,STRAIGHT,0.3,0.3,"CMD,0.0,0.30",1.2,0.0,1.2,0.0,0,0.7561,0,NORMAL,58.633,0.21,0,0,0,0,0,0.0,0,0,0,,,,,,0,,,,98305,2861,0
893,79.76565670967102,2026-03-05T17:38:44.025534,92.0,0.0,5.0,2.0,0.0,0.0,0.0,138.0,12.0,0.0,0.0,STRAIGHT,0.3,0.3,"CMD,0.0,0.30",1.2,0.0,1.2,0.0,0,0.4231,0,NORMAL,59.19,0.202,0,0,0,0,0,0.0,2,1,0,,,,,,0,,,,98305,2743,202
894,79.82065749168396,2026-03-05T17:38:44.080535,2.0,0.0,2.0,0.0,0.0,0.0,0.0,40.0,12.55,0.0,0.0,STRAIGHT,0.3,0.3,"CMD,0.0,0.30",1.2,0.0,1.2,0.0,0,0.4231,0,NORMAL,60.005,0.187,0,0,0,0,0,0.0,0,0,0,,,,,,0,,,,41597,2626,0
895,79.875657081604,2026-03-05T17:38:44.135535,2.0,0.0,2.0,0.0,0.0,0.0,0.0,42.0,12.56,0.0,0.0,STRAIGHT,0.3,0.3,"CMD,0.0,0.30",1.2,0.0,1.2,0.0,0,0.4231,0,NORMAL,60.279,0.186,0,0,0,0,0,0.0,0,0,0,,,,,,0,,,,41597,2510,0
896,79.93165826797485,2026-03-05T17:38:44.191536,2.0,0.0,2.0,0.0,0.0,0.0,0.0,41.0,12.56,0.0,0.0,STRAIGHT,0.3,0.3,"CMD,0.0,0.30",1.2,0.0,1.2,0.0,0,0.4231,0,NORMAL,60.233,0.201,0,0,0,0,0,0.0,0,0,0,,,,,,0,,,,41597,2281,0
897,80.08065843582153,2026-03-05T17:38:44.340536,91.0,0.0,5.0,1.0,1.0,0.0,0.0,136.0,12.07,0.0,0.0,STRAIGHT,0.3,0.3,"CMD,0.0,0.30",1.2,0.0,1.2,0.0,0,0.3086,0,WARN,60.431,0.196,0,0,0,0,0,0.0,2,1,0,,,,,,0,,,,79224,2209,190
898,80.1356589794159,2026-03-05T17:38:44.395536,1.0,0.0,3.0,0.0,0.0,0.0,0.0,40.0,12.57,0.0,0.0,STRAIGHT,0.3,0.3,"CMD,0.0,0.30",1.2,0.0,1.2,0.0,0,0.3086,0,WARN,60.426,0.189,0,0,0,0,0,0.0,0,0,0,,,,,,0,,,,30339,2098,0
899,80.18966007232666,2026-03-05T17:38:44.449538,2.0,0.0,2.0,0.0,0.0,0.0,1.0,41.0,12.59,0.0,0.0,STRAIGHT,0.3,0.3,"CMD,0.0,0.30",1.2,0.0,1.2,0.0,0,0.3086,0,WARN,60.082,0.188,0,0,0,0,0,0.0,0,0,0,,,,,,0,,,,30339,1988,0
900,80.242666721344,2026-03-05T17:38:44.502544,2.01,0.0,2.0,0.0,0.0,0.0,0.0,40.01,12.61,0.0,0.0,STRAIGHT,0.3,0.3,"CMD,0.0,0.30",1.2,0.0,1.2,0.0,0,0.3086,0,WARN,60.078,0.167,0,0,0,0,0,0.0,0,0,0,,,,,,0,,,,30339,1774,0
901,80.39170742034912,2026-03-05T17:38:44.651585,90.03,0.0,4.0,1.99,0.0,0.0,0.0,134.05,12.13,0.0,0.0,STRAIGHT,0.3,0.3,"CMD,0.0,0.30",1.2,0.0,1.2,0.0,0,0.7826,0,NORMAL,60.125,0.16,0,0,0,0,0,0.0,2,1,0,,,,,,0,,,,52704,1699,168
902,80.44670248031616,2026-03-05T17:38:44.706580,2.03,0.0,3.01,0.0,0.0,0.0,0.0,42.01,12.65,0.0,0.0,STRAIGHT,0.3,0.3,"CMD,0.0,0.30",1.2,0.0,1.2,0.0,0,0.7826,0,NORMAL,59.979,0.167,0,0,0,0,0,0.0,0,0,0,,,,,,0,,,,52704,1593,0
903,80.50666189193726,2026-03-05T17:38:44.766539,2.0,0.0,3.0,0.0,0.0,0.0,0.0,45.96,12.63,0.0,0.0,STRAIGHT,0.3,0.3,"CMD,0.0,0.30",1.2,0.0,1.2,0.0,0,0.7826,0,NORMAL,60.172,0.153,0,0,0,0,0,0.0,0,0,0,,,,,,0,,,,52704,1488,0
904,80.56066226959229,2026-03-05T17:38:44.820540,0.97,0.0,3.0,0.0,0.0,0.0,0.0,41.0,12.64,0.0,0.0,STRAIGHT,0.3,0.3,"CMD,0.0,0.30",1.2,0.0,1.2,0.0,0,0.7826,0,NORMAL,60.526,0.137,0,0,0,0,0,0.0,0,0,0,,,,,,0,,,,52704,1282,0
905,80.71066331863403,2026-03-05T17:38:44.970541,91.99,0.0,5.0,1.0,1.0,0.0,0.0,137.0,12.15,0.0,0.0,STRAIGHT,0.3,0.3,"CMD,0.0,0.30",1.2,0.0,1.2,0.0,0,0.3452,0,WARN,60.799,0.121,0,0,0,0,0,0.0,2,1,0,,,,,,0,,,,52704,1221,152
906,80.76566362380981,2026-03-05T17:38:45.025541,1.0,0.0,3.0,0.0,0.0,0.0,0.0,41.0,12.7,0.0,0.0,STRAIGHT,0.3,0.3,"CMD,0.0,0.30",1.2,0.0,1.2,0.0,0,0.3452,0,WARN,61.244,0.112,0,0,0,0,0,0.0,0,0,0,,,,,,0,,,,18196,1121,0
907,80.81866407394409,2026-03-05T17:38:45.078542,0.99,0.0,3.0,0.0,0.0,0.0,0.0,41.0,12.72,0.0,0.0,STRAIGHT,0.3,0.3,"CMD,0.0,0.30",1.2,0.0,1.2,0.0,0,0.3452,0,WARN,62.027,0.103,0,0,0,0,0,0.0,0,0,0,,,,,,0,,,,18196,1023,0
908,80.8736662864685,2026-03-05T17:38:45.133544,1.99,0.0,2.0,0.0,0.0,0.0,0.0,41.0,12.73,0.0,0.0,STRAIGHT,0.3,0.3,"CMD,0.0,0.30",1.2,0.0,1.2,0.0,0,0.3452,0,WARN,62.773,0.084,0,0,0,0,0,0.0,0,0,0,,,,,,0,,,,18196,838,0
909,81.02367281913757,2026-03-05T17:38:45.283550,92.01,0.0,5.0,1.0,0.0,0.0,0.0,137.01,12.22,0.0,0.0,STRAIGHT,0.3,0.3,"CMD,0.0,0.30",1.2,0.0,1.2,0.0,0,0.7392,0,NORMAL,63.525,0.069,0,0,0,0,0,0.0,2,1,0,,,,,,0,,,,49741,783,120
910,81.07866716384888,2026-03-05T17:38:45.338545,1.97,0.0,2.0,0.0,0.0,0.0,0.0,39.99,12.74,0.0,0.0,STRAIGHT,0.3,0.3,"CMD,0.0,0.30",1.2,0.0,1.2,0.0,0,0.7392,0,NORMAL,64.309,0.065,0,0,0,0,0,0.0,0,0,0,,,,,,0,,,,49741,694,0
911,81.13266706466675,2026-03-05T17:38:45.392545,2.0,0.0,2.0,0.0,0.0,0.0,0.0,40.0,12.75,0.0,0.0,STRAIGHT,0.3,0.3,"CMD,0.0,0.30",1.2,0.0,1.2,0.0,0,0.7392,0,NORMAL,65.109,0.056,0,0,0,0,0,0.0,0,0,0,,,,,,0,,,,49741,607,0
912,81.18567538261414,2026-03-05T17:38:45.445553,1.01,0.0,3.0,0.0,0.0,0.0,0.0,40.01,12.78,0.0,0.0,STRAIGHT,0.3,0.3,"CMD,0.0,0.30",1.2,0.0,1.2,0.0,0,0.7392,0,NORMAL,65.707,0.055,0,0,0,0,0,0.0,0,0,0,,,,,,0,,,,49741,445,0
913,81.33466839790344,2026-03-05T17:38:45.594546,90.0,0.0,5.0,1.0,0.0,0.0,0.0,136.0,12.26,0.0,0.0,STRAIGHT,0.3,0.3,"CMD,0.0,0.30",1.2,0.0,1.2,0.0,0,0.6507,0,NORMAL,66.571,0.05,0,0,0,0,0,0.0,0,0,0,,,,,,0,,,,76446,428,44
914,81.38866925239563,2026-03-05T17:38:45.648547,1.0,0.0,3.0,0.0,0.0,0.0,0.0,40.0,12.79,0.0,0.0,STRAIGHT,0.3,0.3,"CMD,0.0,0.30",1.2,0.0,1.2,0.0,0,0.6507,0,NORMAL,67.088,0.076,0,0,0,0,0,0.0,0,0,0,,,,,,0,,,,76446,353,0
915,81.44266939163208,2026-03-05T17:38:45.702547,1.0,0.0,4.0,0.0,0.0,0.0,0.0,41.0,12.79,0.0,0.0,STRAIGHT,0.3,0.3,"CMD,0.0,0.30",1.2,0.0,1.2,0.0,0,0.6507,0,NORMAL,66.411,0.051,0,0,0,0,0,0.0,0,0,0,,,,,,0,,,,76446,282,0
916,81.50468158721924,2026-03-05T17:38:45.764559,2.01,0.0,3.01,0.0,0.0,0.0,0.0,46.01,12.75,0.0,0.0,STRAIGHT,0.3,0.3,"CMD,0.0,0.30",1.2,0.0,1.2,0.0,0,0.6507,0,NORMAL,65.644,0.094,0,0,0,0,0,0.0,0,0,0,,,,,,0,,,,76446,160,0
917,81.65367150306702,2026-03-05T17:38:45.913549,92.0,0.0,5.0,0.0,0.0,0.0,0.0,136.0,12.24,0.0,0.0,STRAIGHT,0.3,0.3,"CMD,0.0,0.30",1.2,0.0,1.2,0.0,0,0.833,0,NORMAL,65.239,0.105,0,0,0,0,0,0.0,0,0,0,,,,,,0,,,,76286,160,0
918,81.79967880249023,2026-03-05T17:38:46.059556,88.01,0.0,5.0,0.98,0.0,0.0,0.0,131.0,12.31,0.0,0.0,STRAIGHT,0.3,0.3,"CMD,0.0,0.30",1.2,0.0,1.2,0.0,0,0.9289,0,NORMAL,65.108,0.106,0,0,0,0,0,0.0,0,0,0,,,,,,0,,,,71271,111,0
919,81.94067358970642,2026-03-05T17:38:46.200551,85.0,0.0,5.0,1.0,0.0,0.0,0.0,128.0,11.89,0.0,0.0,STRAIGHT,0.3,0.3,"CMD,0.0,0.30",1.2,0.0,1.2,0.0,0,0.8341,0,NORMAL,64.647,0.112,0,0,0,0,0,0.0,0,0,0,,,,,,0,,,,77661,66,0
920,81.99667382240295,2026-03-05T17:38:46.256551,1.0,0.0,3.0,0.0,0.0,0.0,0.0,42.0,11.88,0.0,0.0,STRAIGHT,0.3,0.3,"CMD,0.0,0.30",1.2,0.0,1.2,0.0,0,0.8341,0,NORMAL,64.179,0.123,0,0,0,0,0,0.0,0,0,0,,,,,,0,,,,77661,34,0
921,82.05067467689514,2026-03-05T17:38:46.310552,2.0,0.0,2.0,0.0,0.0,0.0,0.0,40.0,11.89,0.0,0.0,STRAIGHT,0.3,0.3,"CMD,0.0,0.30",1.2,0.0,1.2,0.0,0,0.8341,0,NORMAL,63.961,0.123,0,0,0,0,0,0.0,0,0,0,,,,,,0,,,,77661,14,0
922,82.10367512702942,2026-03-05T17:38:46.363553,2.0,0.0,2.0,0.0,0.0,0.0,0.0,39.0,12.4,0.0,0.0,STRAIGHT,0.3,0.3,"CMD,0.0,0.30",1.2,0.0,1.2,0.0,0,0.8341,0,NORMAL,64.07,0.124,0,0,0,0,0,0.0,0,0,0,,,,,,0,,,,77661,0,0
923,82.24367618560791,2026-03-05T17:38:46.503554,84.0,0.0,4.0,1.0,0.0,0.0,0.0,127.0,11.96,0.0,0.0,STRAIGHT,0.3,0.3,"CMD,0.0,0.30",1.2,0.0,1.2,0.0,0,0.6671,0,NORMAL,63.985,0.135,0,0,0,0,0,0.0,0,0,0,,,,,,0,,,,101664,0,0
924,82.38371181488037,2026-03-05T17:38:46.643589,84.03,0.0,4.0,0.97,0.0,0.0,0.0,127.04,11.56,0.0,0.0,STRAIGHT,0.3,0.3,"CMD,0.0,0.30",1.2,0.0,1.2,0.0,0,0.8648,0,NORMAL,63.902,0.145,0,0,0,0,0,0.0,0,0,0,,,,,,0,,,,87921,0,0
925,82.53167843818665,2026-03-05T17:38:46.791556,91.0,0.0,5.0,1.0,0.0,0.0,0.0,132.97,11.15,0.0,0.0,STRAIGHT,0.3,0.3,"CMD,0.0,0.30",1.2,0.0,1.2,0.0,0,0.8142,0,NORMAL,63.725,0.157,0,0,0,0,0,0.0,0,0,0,,,,,,0,,,,107991,0,0
926,82.67567920684814,2026-03-05T17:38:46.935557,84.0,0.0,5.0,1.0,1.0,0.0,0.0,130.0,11.18,0.0,0.0,STRAIGHT,0.3,0.3,"CMD,0.0,0.30",1.2,0.0,1.2,0.0,0,0.8137,0,NORMAL,64.145,0.15,0,0,0,0,0,0.0,2,1,0,,,,,,0,,,,87873,1277,136
927,82.73067951202393,2026-03-05T17:38:46.990557,2.0,0.0,2.0,0.0,0.0,0.0,0.0,40.0,11.18,0.0,0.0,STRAIGHT,0.3,0.3,"CMD,0.0,0.30",1.2,0.0,1.2,0.0,0,0.8137,0,NORMAL,64.206,0.163,0,0,0,0,0,0.0,0,0,0,,,,,,0,,,,87873,1176,0
928,82.78468036651611,2026-03-05T17:38:47.044558,2.0,0.0,3.0,0.0,0.0,0.0,0.0,41.0,11.18,0.0,0.0,STRAIGHT,0.3,0.3,"CMD,0.0,0.30",1.2,0.0,1.2,0.0,0,0.8137,0,NORMAL,64.002,0.183,0,0,0,0,0,0.0,0,0,0,,,,,,0,,,,87873,975,0
929,82.83768081665039,2026-03-05T17:38:47.097558,1.99,0.0,2.0,0.0,0.0,0.0,0.0,40.0,11.18,0.0,0.0,STRAIGHT,0.3,0.3,"CMD,0.0,0.30",1.2,0.0,1.2,0.0,0,0.8137,0,NORMAL,63.71,0.175,0,0,0,0,0,0.0,0,0,0,,,,,,0,,,,87873,877,0
930,82.98268151283264,2026-03-05T17:38:47.242559,84.0,0.0,4.0,1.0,0.0,0.0,0.0,131.0,11.19,0.0,0.0,STRAIGHT,0.3,0.3,"CMD,0.0,0.30",1.2,0.0,1.2,0.0,0,0.7497,0,NORMAL,63.962,0.173,0,0,0,0,0,0.0,2,1,0,,,,,,0,,,,85369,786,104
931,83.03668189048767,2026-03-05T17:38:47.296559,2.0,0.0,2.0,0.0,0.0,0.0,0.0,40.0,11.2,0.0,0.0,STRAIGHT,0.3,0.3,"CMD,0.0,0.30",1.2,0.0,1.2,0.0,0,0.7497,0,NORMAL,63.682,0.184,0,0,0,0,0,0.0,0,0,0,,,,,,0,,,,85369,698,0
932,83.09168243408203,2026-03-05T17:38:47.351560,2.0,0.0,2.0,0.0,0.0,0.0,0.0,40.99,11.22,0.0,0.0,STRAIGHT,0.3,0.3,"CMD,0.0,0.30",1.2,0.0,1.2,0.0,0,0.7497,0,NORMAL,62.973,0.187,0,0,0,0,0,0.0,0,0,0,,,,,,0,,,,85369,528,0
933,83.14568376541138,2026-03-05T17:38:47.405561,2.0,0.0,2.0,0.0,0.0,0.0,0.0,39.0,11.22,0.0,0.0,STRAIGHT,0.3,0.3,"CMD,0.0,0.30",1.2,0.0,1.2,0.0,0,0.7497,0,NORMAL,62.924,0.18,0,0,0,0,0,0.0,0,0,0,,,,,,0,,,,85369,446,0
934,83.2856855392456,2026-03-05T17:38:47.545563,84.0,0.0,4.0,1.0,0.0,0.0,0.0,127.0,11.26,0.0,0.0,STRAIGHT,0.3,0.3,"CMD,0.0,0.30",1.2,0.0,1.2,0.0,0,0.8615,0,NORMAL,62.616,0.191,0,0,0,0,0,0.0,0,0,0,,,,,,0,,,,97237,366,34
935,83.42869067192078,2026-03-05T17:38:47.688568,84.0,0.0,5.0,1.0,0.0,0.0,0.0,128.01,10.89,0.0,0.0,STRAIGHT,0.3,0.3,"CMD,0.0,0.30",1.2,0.0,1.2,0.0,0,0.8076,0,NORMAL,61.752,0.224,0,0,0,0,0,0.0,0,0,0,,,,,,0,,,,97509,299,28
936,83.48469686508179,2026-03-05T17:38:47.744574,2.01,0.0,2.0,0.0,0.0,0.0,0.0,40.97,10.88,0.0,0.0,STRAIGHT,0.3,0.3,"CMD,0.0,0.30",1.2,0.0,1.2,0.0,0,0.8076,0,NORMAL,61.455,0.219,0,0,0,0,0,0.0,0,0,0,,,,,,0,,,,97509,234,0
937,83.5447268486023,2026-03-05T17:38:47.804604,2.04,0.0,2.0,0.0,0.0,0.0,1.0,45.03,10.85,0.0,0.0,STRAIGHT,0.3,0.3,"CMD,0.0,0.30",1.2,0.0,1.2,0.0,0,0.8076,0,NORMAL,61.625,0.207,0,0,0,0,0,0.0,0,0,0,,,,,,0,,,,97509,130,0
938,83.60372352600098,2026-03-05T17:38:47.863601,1.04,0.0,2.99,0.0,0.0,0.0,0.0,44.0,11.24,0.0,0.0,STRAIGHT,0.3,0.3,"CMD,0.0,0.30",1.2,0.0,1.2,0.0,0,0.8076,0,NORMAL,61.678,0.22,0,0,0,0,0,0.0,0,0,0,,,,,,0,,,,97509,93,0
939,83.75072455406189,2026-03-05T17:38:48.010602,87.04,0.0,4.0,0.97,0.0,0.0,0.0,133.0,10.85,0.0,0.0,STRAIGHT,0.3,0.3,"CMD,0.0,0.30",1.2,0.0,1.2,0.0,0,0.8637,0,NORMAL,61.687,0.239,0,0,0,0,0,0.0,0,0,0,,,,,,0,,,,102139,61,0
940,83.89471745491028,2026-03-05T17:38:48.154595,86.04,0.0,4.99,0.97,0.0,0.0,0.0,129.0,10.5,0.0,0.0,STRAIGHT,0.3,0.3,"CMD,0.0,0.30",1.2,0.0,1.2,0.0,0,0.7658,0,NORMAL,61.7,0.246,0,0,0,0,0,0.0,0,0,0,,,,,,0,,,,133367,37,0
941,84.03572392463684,2026-03-05T17:38:48.295601,84.03,0.0,5.0,0.0,0.0,0.0,0.0,126.99,10.18,0.0,0.0,STRAIGHT,0.3,0.3,"CMD,0.0,0.30",1.2,0.0,1.2,0.0,0,0.8608,0,NORMAL,62.032,0.238,0,0,0,0,0,0.0,0,0,0,,,,,,0,,,,114800,37,0
942,84.17772793769836,2026-03-05T17:38:48.437605,84.03,0.0,4.99,1.0,1.04,0.0,0.0,128.0,10.2,0.0,0.0,STRAIGHT,0.3,0.3,"CMD,0.0,0.30",1.2,0.0,1.2,0.0,0,0.9197,0,NORMAL,62.528,0.246,0,0,0,0,0,0.0,2,1,0,,,,,,0,,,,119414,2230,212
943,84.2327253818512,2026-03-05T17:38:48.492603,2.04,0.0,2.0,0.0,0.0,0.0,0.0,39.99,10.2,0.0,0.0,STRAIGHT,0.3,0.3,"CMD,0.0,0.30",1.2,0.0,1.2,0.0,0,0.9197,0,NORMAL,62.549,0.264,0,0,0,0,0,0.0,0,0,0,,,,,,0,,,,119414,2102,0
944,84.28672552108765,2026-03-05T17:38:48.546603,2.04,0.0,1.99,0.0,0.0,0.0,0.0,39.99,10.2,0.0,0.0,STRAIGHT,0.3,0.3,"CMD,0.0,0.30",1.2,0.0,1.2,0.0,0,0.9197,0,NORMAL,62.499,0.253,0,0,0,0,0,0.0,0,0,0,,,,,,0,,,,119414,1848,0
945,84.3416953086853,2026-03-05T17:38:48.601573,2.0,0.0,2.0,0.0,0.0,0.0,1.0,40.97,10.22,0.0,0.0,STRAIGHT,0.3,0.3,"CMD,0.0,0.30",1.2,0.0,1.2,0.0,0,0.9197,0,NORMAL,62.435,0.246,0,0,0,0,0,0.0,0,0,0,,,,,,0,,,,119414,1721,0
946,84.48369598388672,2026-03-05T17:38:48.743573,84.0,0.0,4.0,2.0,0.0,0.0,0.0,129.0,10.25,0.0,0.0,STRAIGHT,0.3,0.3,"CMD,0.0,0.30",1.2,0.0,1.2,0.0,0,0.826,0,NORMAL,62.56,0.232,0,0,0,0,0,0.0,2,1,0,,,,,,0,,,,114003,1594,186
947,84.5377287864685,2026-03-05T17:38:48.797606,1.04,0.0,3.0,0.0,0.0,0.0,0.0,40.03,10.59,0.0,0.0,STRAIGHT,0.3,0.3,"CMD,0.0,0.30",1.2,0.0,1.2,0.0,0,0.826,0,NORMAL,61.995,0.265,0,0,0,0,0,0.0,0,0,0,,,,,,0,,,,114003,1345,0
948,84.59972810745239,2026-03-05T17:38:48.859605,2.04,0.0,2.0,0.0,0.0,0.0,0.99,45.99,10.91,0.0,0.0,STRAIGHT,0.3,0.3,"CMD,0.0,0.30",1.2,0.0,1.2,0.0,0,0.826,0,NORMAL,61.379,0.246,0,0,0,0,0,0.0,0,0,0,,,,,,0,,,,114003,1222,0
949,84.65472912788391,2026-03-05T17:38:48.914607,2.03,0.0,2.0,0.0,0.0,0.0,0.0,40.99,10.91,0.0,0.0,STRAIGHT,0.3,0.3,"CMD,0.0,0.30",1.2,0.0,1.2,0.0,0,0.826,0,NORMAL,61.003,0.242,0,0,0,0,0,0.0,0,0,0,,,,,,0,,,,114003,1100,0
950,84.79773259162903,2026-03-05T17:38:49.057610,84.0,0.0,4.0,2.0,0.0,0.0,0.0,129.0,10.55,0.0,0.0,STRAIGHT,0.3,0.3,"CMD,0.0,0.30",1.2,0.0,1.2,0.0,0,0.371,0,NORMAL,60.276,0.267,0,0,0,0,0,0.0,2,1,0,,,,,,0,,,,109715,980,124
951,84.85373520851135,2026-03-05T17:38:49.113613,2.04,0.0,2.0,0.0,0.0,0.0,0.0,42.0,10.54,0.0,0.0,STRAIGHT,0.3,0.3,"CMD,0.0,0.30",1.2,0.0,1.2,0.0,0,0.371,0,NORMAL,59.423,0.272,0,0,0,0,0,0.0,0,0,0,,,,,,0,,,,42300,771,0
952,84.91173100471497,2026-03-05T17:38:49.171608,2.04,0.0,1.99,0.0,0.0,0.0,0.0,44.03,10.87,0.0,0.0,STRAIGHT,0.3,0.3,"CMD,0.0,0.30",1.2,0.0,1.2,0.0,0,0.371,0,NORMAL,58.877,0.293,0,0,0,0,0,0.0,0,0,0,,,,,,0,,,,42300,674,0
953,84.96775388717651,2026-03-05T17:38:49.227631,2.04,0.0,3.02,0.0,0.0,0.0,0.0,42.02,11.22,0.0,0.0,STRAIGHT,0.3,0.3,"CMD,0.0,0.30",1.2,0.0,1.2,0.0,0,0.371,0,NORMAL,58.838,0.291,0,0,0,0,0,0.0,0,0,0,,,,,,0,,,,42300,580,0
954,85.11969923973083,2026-03-05T17:38:49.379577,85.0,0.0,6.0,1.0,0.0,0.0,0.0,136.95,11.2,0.0,0.0,STRAIGHT,0.3,0.3,"CMD,0.0,0.30",1.2,0.0,1.2,0.0,0,0.4445,0,NORMAL,58.806,0.294,0,0,0,0,0,0.0,0,0,0,,,,,,0,,,,93273,490,76
955,85.27370500564575,2026-03-05T17:38:49.533582,90.0,0.0,5.01,1.0,0.0,0.0,0.0,138.0,11.16,0.0,0.0,STRAIGHT,0.3,0.3,"CMD,0.0,0.30",1.2,0.0,1.2,0.0,0,0.7127,0,NORMAL,58.348,0.305,0,0,0,0,0,0.0,0,0,0,,,,,,0,,,,77883,410,70
956,85.33770442008972,2026-03-05T17:38:49.597582,2.0,0.0,2.0,0.0,0.0,0.0,0.0,47.0,11.13,0.0,0.0,STRAIGHT,0.3,0.3,"CMD,0.0,0.30",1.2,0.0,1.2,0.0,0,0.7127,0,NORMAL,58.533,0.312,0,0,0,0,0,0.0,0,0,0,,,,,,0,,,,77883,340,0
957,85.39570093154907,2026-03-05T17:38:49.655578,2.0,0.0,3.0,0.0,0.0,0.0,0.0,43.99,11.11,0.0,0.0,STRAIGHT,0.3,0.3,"CMD,0.0,0.30",1.2,0.0,1.2,0.0,0,0.7127,0,NORMAL,58.643,0.321,0,0,0,0,0,0.0,0,0,0,,,,,,0,,,,77883,223,0
958,85.45872211456299,2026-03-05T17:38:49.718599,2.0,0.0,3.02,0.0,0.0,0.0,0.0,48.02,11.06,0.0,0.0,STRAIGHT,0.3,0.3,"CMD,0.0,0.30",1.2,0.0,1.2,0.0,0,0.7127,0,NORMAL,58.794,0.325,0,0,0,0,0,0.0,0,0,0,,,,,,0,,,,77883,170,0
959,85.6297059059143,2026-03-05T17:38:49.889583,101.0,0.0,6.0,0.0,0.0,0.0,0.0,155.0,10.96,0.0,0.0,STRAIGHT,0.3,0.3,"CMD,0.0,0.30",1.2,0.0,1.2,0.0,0,0.1526,1,WARN,59.025,0.315,0,0,0,0,0,0.0,0,0,0,,,,,,0,,,,77883,119,0
960,85.78070855140686,2026-03-05T17:38:50.040586,87.0,0.0,5.0,1.01,0.0,0.0,0.0,135.0,10.57,0.0,0.0,STRAIGHT,0.3,0.3,"CMD,0.0,0.30",1.2,0.0,1.2,0.0,0,0.4608,0,NORMAL,58.72,0.336,0,0,0,0,0,0.0,0,0,0,,,,,,0,,,,76191,70,0
961,85.92670702934265,2026-03-05T17:38:50.186584,84.0,0.0,5.0,1.0,0.0,0.0,0.0,130.0,10.23,0.0,0.0,STRAIGHT,0.3,0.3,"CMD,0.0,0.30",1.2,0.0,1.2,0.0,0,0.7453,0,NORMAL,58.246,0.329,0,0,0,0,0,0.0,0,0,0,,,,,,0,,,,53890,56,0
962,86.07476830482483,2026-03-05T17:38:50.334646,88.04,0.0,4.01,2.02,0.0,0.0,0.0,134.03,9.9,0.0,0.0,STRAIGHT,0.3,0.3,"CMD,0.0,0.30",1.2,0.0,1.2,0.0,0,0.8338,0,NORMAL,58.435,0.298,0,0,0,0,0,0.0,2,1,0,,,,,,0,,,,47295,660,66
963,86.13274097442627,2026-03-05T17:38:50.392619,2.03,0.0,2.0,0.0,0.0,0.0,0.0,44.0,10.19,0.0,0.0,STRAIGHT,0.3,0.3,"CMD,0.0,0.30",1.2,0.0,1.2,0.0,0,0.8338,0,NORMAL,58.679,0.274,0,0,0,0,0,0.0,0,0,0,,,,,,0,,,,47295,549,0
964,86.19071221351624,2026-03-05T17:38:50.450590,1.04,0.0,3.0,0.0,0.0,0.0,0.0,42.01,10.5,0.0,0.0,STRAIGHT,0.3,0.3,"CMD,0.0,0.30",1.2,0.0,1.2,0.0,0,0.8338,0,NORMAL,58.022,0.254,0,0,0,0,0,0.0,0,0,0,,,,,,0,,,,47295,474,0
965,86.24774241447449,2026-03-05T17:38:50.507620,2.04,0.0,2.0,0.0,0.0,0.0,0.0,44.0,10.5,0.0,0.0,STRAIGHT,0.3,0.3,"CMD,0.0,0.30",1.2,0.0,1.2,0.0,0,0.8338,0,NORMAL,57.576,0.243,0,0,0,0,0,0.0,0,0,0,,,,,,0,,,,47295,413,0
966,86.39675116539001,2026-03-05T17:38:50.656628,87.99,0.0,5.01,1.0,0.0,0.0,0.0,136.01,10.17,0.0,0.0,STRAIGHT,0.3,0.3,"CMD,0.0,0.30",1.2,0.0,1.2,0.0,0,0.6866,0,NORMAL,57.428,0.229,0,0,0,0,0,0.0,0,0,0,,,,,,0,,,,68873,357,44
967,86.54671335220337,2026-03-05T17:38:50.806591,88.0,0.0,6.01,1.0,0.0,0.0,0.0,134.0,9.86,0.0,0.0,STRAIGHT,0.3,0.3,"CMD,0.0,0.30",1.2,0.0,1.2,0.0,0,0.5929,0,NORMAL,57.203,0.217,0,0,0,0,0,0.0,0,0,0,,,,,,0,,,,116162,302,22
968,86.60271310806274,2026-03-05T17:38:50.862591,2.0,0.0,2.0,0.0,0.0,0.0,0.0,42.0,10.17,0.0,0.0,STRAIGHT,0.3,0.3,"CMD,0.0,0.30",1.2,0.0,1.2,0.0,0,0.5929,0,NORMAL,56.965,0.207,0,0,0,0,0,0.0,0,0,0,,,,,,0,,,,116162,248,0
969,86.6687228679657,2026-03-05T17:38:50.928600,2.01,0.0,3.0,0.0,0.0,0.0,0.0,51.01,10.45,0.0,0.0,STRAIGHT,0.3,0.3,"CMD,0.0,0.30",1.2,0.0,1.2,0.0,0,0.5929,0,NORMAL,56.834,0.18,0,0,0,0,0,0.0,0,0,0,,,,,,0,,,,116162,140,0
970,86.72775530815125,2026-03-05T17:38:50.987633,2.06,0.0,1.94,0.0,0.0,0.0,0.0,40.99,10.78,0.0,0.0,STRAIGHT,0.3,0.3,"CMD,0.0,0.30",1.2,0.0,1.2,0.0,0,0.5929,0,NORMAL,57.098,0.089,0,0,0,0,0,0.0,0,0,0,,,,,,0,,,,116162,89,0
971,86.88371586799622,2026-03-05T17:38:51.143593,93.0,0.0,5.01,1.0,0.0,0.0,0.0,140.96,10.72,0.0,0.0,STRAIGHT,0.3,0.3,"CMD,0.0,0.30",1.2,0.0,1.2,0.0,0,0.4109,0,NORMAL,57.667,0.059,0,0,0,0,0,0.0,0,0,0,,,,,,0,,,,69462,52,0
972,87.03971481323242,2026-03-05T17:38:51.299592,89.0,0.0,6.0,1.0,0.0,0.0,0.0,140.0,10.33,0.0,0.0,STRAIGHT,0.3,0.3,"CMD,0.0,0.30",1.2,0.0,1.2,0.0,0,0.7698,0,NORMAL,58.024,0.034,0,0,0,0,0,0.0,0,0,0,,,,,,0,,,,54333,20,0
973,87.18971633911133,2026-03-05T17:38:51.449594,87.03,0.0,4.97,0.0,1.0,0.0,0.0,133.0,9.99,0.0,0.0,STRAIGHT,0.3,0.3,"CMD,0.0,0.30",1.2,0.0,1.2,0.0,0,0.4083,0,NORMAL,58.741,-0.065,0,0,0,0,0,0.0,0,0,0,,,,,,0,,,,54333,0,0
974,87.33975028991699,2026-03-05T17:38:51.599628,87.96,0.0,4.04,0.98,0.0,0.0,0.0,136.03,9.67,0.0,0.0,STRAIGHT,0.3,0.3,"CMD,0.0,0.30",1.2,0.0,1.2,0.0,0,0.8136,0,NORMAL,59.843,-0.119,0,0,0,0,0,0.0,0,0,0,,,,,,0,,,,64189,471,0
975,87.39475202560425,2026-03-05T17:38:51.654629,1.04,0.0,2.99,0.0,0.0,0.0,0.0,42.0,9.96,0.0,0.0,STRAIGHT,0.3,0.3,"CMD,0.0,0.30",1.2,0.0,1.2,0.0,0,0.8136,0,NORMAL,60.367,-0.137,0,0,0,0,0,0.0,0,0,0,,,,,,0,,,,64189,295,0
976,87.44975399971008,2026-03-05T17:38:51.709632,1.05,0.0,2.99,0.0,0.0,0.0,0.0,40.99,9.96,0.0,0.0,STRAIGHT,0.3,0.3,"CMD,0.0,0.30",1.2,0.0,1.2,0.0,0,0.8136,0,NORMAL,60.781,-0.17,0,0,0,0,0,0.0,0,0,0,,,,,,0,,,,64189,213,0
977,87.50475358963013,2026-03-05T17:38:51.764631,1.03,0.0,3.0,0.0,0.0,0.0,0.0,41.0,9.98,0.0,0.0,STRAIGHT,0.3,0.3,"CMD,0.0,0.30",1.2,0.0,1.2,0.0,0,0.8136,0,NORMAL,61.564,-0.251,0,0,0,0,0,0.0,0,0,0,,,,,,0,,,,64189,62,0
978,87.65375232696533,2026-03-05T17:38:51.913630,90.0,0.0,6.04,0.97,0.0,0.0,0.0,135.0,9.67,0.0,0.0,STRAIGHT,0.3,0.3,"CMD,0.0,0.30",1.2,0.0,1.2,0.0,0,0.4542,0,NORMAL,62.256,-0.298,0,0,0,0,0,0.0,0,0,0,,,,,,0,,,,64189,24,0
979,87.81172108650208,2026-03-05T17:38:52.071599,95.97,0.0,5.01,0.99,0.0,0.0,0.0,143.96,9.62,0.0,0.0,STRAIGHT,0.3,0.3,"CMD,0.0,0.30",1.2,0.0,1.2,0.0,0,0.0243,1,WARN,62.644,-0.306,0,0,0,0,0,0.0,0,0,0,,,,,,0,,,,53528,0,0
980,87.95272254943848,2026-03-05T17:38:52.212600,84.04,0.0,4.01,1.0,0.0,0.0,0.0,127.96,9.36,0.0,0.0,STRAIGHT,0.3,0.3,"CMD,0.0,0.30",1.2,0.0,1.2,0.0,0,0.6146,0,NORMAL,63.219,-0.326,0,0,0,0,0,0.0,0,0,0,,,,,,0,,,,35166,0,0
981,88.0967264175415,2026-03-05T17:38:52.356604,87.0,0.0,4.0,0.0,0.0,0.0,0.0,130.96,9.11,0.0,0.0,STRAIGHT,0.3,0.3,"CMD,0.0,0.30",1.2,0.0,1.2,0.0,0,0.8349,0,NORMAL,63.622,-0.339,0,0,0,0,0,0.0,0,0,0,,,,,,0,,,,38211,0,0
982,88.16177225112915,2026-03-05T17:38:52.421650,1.0,0.0,2.99,0.0,0.0,0.0,0.0,50.03,9.08,0.0,0.0,STRAIGHT,0.3,0.3,"CMD,0.0,0.30",1.2,0.0,1.2,0.0,0,0.8349,0,NORMAL,63.866,-0.328,0,0,0,0,0,0.0,0,0,0,,,,,,0,,,,38211,0,0
983,88.21575784683228,2026-03-05T17:38:52.475635,1.04,0.0,3.0,0.0,0.0,0.0,0.0,41.0,9.37,0.0,0.0,STRAIGHT,0.3,0.3,"CMD,0.0,0.30",1.2,0.0,1.2,0.0,0,0.8349,0,NORMAL,63.67,-0.317,0,0,0,0,0,0.0,0,0,0,,,,,,0,,,,38211,0,0
984,88.26975989341736,2026-03-05T17:38:52.529637,2.03,0.0,2.0,0.0,0.0,0.0,0.0,41.0,9.68,0.0,0.0,STRAIGHT,0.3,0.3,"CMD,0.0,0.30",1.2,0.0,1.2,0.0,0,0.8349,0,NORMAL,63.746,-0.321,0,0,0,0,0,0.0,0,0,0,,,,,,0,,,,38211,0,0
985,88.41275787353516,2026-03-05T17:38:52.672635,85.04,0.0,5.0,0.0,0.0,0.0,0.0,128.99,9.43,0.0,0.0,STRAIGHT,0.3,0.3,"CMD,0.0,0.30",1.2,0.0,1.2,0.0,0,0.2067,1,WARN,63.848,-0.328,0,0,0,0,0,0.0,0,0,0,,,,,,0,,,,37718,0,0
986,88.55572700500488,2026-03-05T17:38:52.815605,85.04,0.0,4.0,0.0,1.0,0.0,0.0,128.97,9.18,0.0,0.0,STRAIGHT,0.3,0.3,"CMD,0.0,0.30",1.2,0.0,1.2,0.0,0,0.7066,0,NORMAL,64.008,-0.327,0,0,0,0,0,0.0,0,0,0,,,,,,0,,,,39871,0,0
987,88.70872855186462,2026-03-05T17:38:52.968606,93.01,0.0,5.99,0.0,1.0,0.0,0.0,138.97,8.93,0.0,0.0,STRAIGHT,0.3,0.3,"CMD,0.0,0.30",1.2,0.0,1.2,0.0,0,0.5212,0,NORMAL,64.462,-0.334,0,0,0,0,0,0.0,0,0,0,,,,,,0,,,,20785,0,0
988,88.86076974868774,2026-03-05T17:38:53.120647,90.04,0.0,4.99,1.0,0.0,0.0,0.0,136.0,8.98,0.0,0.0,STRAIGHT,0.3,0.3,"CMD,0.0,0.30",1.2,0.0,1.2,0.0,0,0.2173,1,WARN,65.666,-0.343,0,0,0,0,0,0.0,0,0,0,,,,,,0,,,,20782,0,0
989,88.91776657104492,2026-03-05T17:38:53.177644,2.05,0.0,1.99,0.0,0.0,0.0,0.0,42.0,9.25,0.0,0.0,STRAIGHT,0.3,0.3,"CMD,0.0,0.30",1.2,0.0,1.2,0.0,0,0.2173,1,WARN,67.211,-0.364,0,0,0,0,0,0.0,0,0,0,,,,,,0,,,,4516,0,0
990,88.97373294830322,2026-03-05T17:38:53.233610,2.04,0.0,2.0,0.0,0.0,0.0,0.97,42.97,9.52,0.0,0.0,STRAIGHT,0.3,0.3,"CMD,0.0,0.30",1.2,0.0,1.2,0.0,0,0.2173,1,WARN,68.665,-0.369,0,0,0,0,0,0.0,0,0,0,,,,,,0,,,,4516,0,0
991,89.02877569198608,2026-03-05T17:38:53.288653,2.04,0.0,2.01,0.0,0.0,0.0,0.0,42.0,9.81,0.0,0.0,STRAIGHT,0.3,0.3,"CMD,0.0,0.30",1.2,0.0,1.2,0.0,0,0.2173,1,WARN,70.424,-0.386,0,0,0,0,0,0.0,0,0,0,,,,,,0,,,,4516,0,0
992,89.17073082923889,2026-03-05T17:38:53.430608,83.98,0.0,4.0,0.0,1.0,0.0,0.0,128.96,9.55,0.0,0.0,STRAIGHT,0.3,0.3,"CMD,0.0,0.30",1.2,0.0,1.2,0.0,0,0.0,2,WARN,70.711,-0.402,0,0,0,0,0,0.0,0,0,0,,,,,,0,,,,20782,0,0
993,89.30974698066711,2026-03-05T17:38:53.569624,84.01,0.0,4.0,0.0,0.0,0.0,0.0,126.02,9.29,0.0,0.0,STRAIGHT,0.3,0.3,"CMD,0.0,0.30",1.2,0.0,1.2,0.0,0,0.0,3,WARN,70.711,-0.402,0,0,0,0,0,0.0,0,0,0,,,,,,0,,,,18413,0,0
994,89.44977045059204,2026-03-05T17:38:53.709648,83.0,0.0,5.04,1.0,0.0,0.0,0.0,127.0,9.06,0.0,0.0,STRAIGHT,0.3,0.3,"CMD,0.0,0.30",1.2,0.0,1.2,0.0,0,0.0,4,WARN,70.711,-0.404,0,0,0,0,0,0.0,0,0,0,,,,,,0,,,,4516,0,0
995,89.5057361125946,2026-03-05T17:38:53.765614,2.0,0.0,2.0,0.0,0.0,0.0,1.0,42.0,9.33,0.0,0.0,STRAIGHT,0.3,0.3,"CMD,0.0,0.30",1.2,0.0,1.2,0.0,0,0.0,4,WARN,70.711,-0.431,0,0,0,0,0,0.0,0,0,0,,,,,,0,,,,0,0,0
996,89.55973792076111,2026-03-05T17:38:53.819615,2.0,0.0,2.0,0.0,0.0,0.0,0.0,43.0,9.62,0.0,0.0,STRAIGHT,0.3,0.3,"CMD,0.0,0.30",1.2,0.0,1.2,0.0,0,0.0,4,WARN,70.711,-0.454,0,0,0,0,0,0.0,0,0,0,,,,,,0,,,,0,0,0
997,89.62874507904053,2026-03-05T17:38:53.888623,2.0,0.0,3.01,0.0,0.0,0.0,0.0,53.01,9.59,0.0,0.0,STRAIGHT,0.3,0.3,"CMD,0.0,0.30",1.2,0.0,1.2,0.0,0,0.0,4,WARN,70.711,-0.457,0,0,0,0,0,0.0,0,0,0,,,,,,0,,,,0,0,0
998,89.7847363948822,2026-03-05T17:38:54.044614,97.0,0.0,5.0,1.0,0.0,0.0,0.0,146.0,9.31,0.0,0.0,STRAIGHT,0.3,0.3,"CMD,0.0,0.30",1.2,0.0,1.2,0.0,0,0.0,5,WARN,70.711,-0.469,0,0,0,0,0,0.0,0,0,0,,,,,,0,,,,4516,0,0
999,89.94074082374573,2026-03-05T17:38:54.200618,94.96,0.0,4.0,1.0,0.0,0.0,0.0,143.01,9.02,0.0,0.0,STRAIGHT,0.3,0.2,"CMD,0.0,0.20",1.2,0.0,1.2,0.0,0,0.0,6,LIMITED,70.711,-0.486,0,0,0,0,0,0.0,0,0,0,,,,,,0,,,,0,0,0
1000,90.09273982048035,2026-03-05T17:38:54.352617,93.0,0.0,6.0,1.0,0.0,0.0,0.0,141.0,9.03,0.0,0.0,STRAIGHT,0.3,0.2,"CMD,0.0,0.20",1.2,0.0,1.2,0.0,0,0.0,7,LIMITED,70.711,-0.492,0,0,0,0,0,0.0,0,0,0,,,,,,0,,,,966,0,0
1001,90.24274277687073,2026-03-05T17:38:54.502620,89.01,0.0,4.0,0.0,0.0,0.0,0.0,136.0,9.05,0.0,0.0,STRAIGHT,0.3,0.2,"CMD,0.0,0.20",1.2,0.0,1.2,0.0,0,0.0,8,LIMITED,70.711,-0.613,0,0,0,0,0,0.0,0,0,0,,,,,,0,,,,735,0,0
1002,90.30278944969177,2026-03-05T17:38:54.562667,2.0,0.0,2.0,0.0,0.0,0.0,1.05,48.04,9.31,0.0,0.0,STRAIGHT,0.3,0.2,"CMD,0.0,0.20",1.2,0.0,1.2,0.0,0,0.0,8,LIMITED,70.711,-0.626,0,0,0,0,0,0.0,0,0,0,,,,,,0,,,,765,0,0
1003,90.36477255821228,2026-03-05T17:38:54.624650,2.03,0.0,3.0,0.0,0.0,0.0,0.0,48.03,9.59,0.0,0.0,STRAIGHT,0.3,0.2,"CMD,0.0,0.20",1.2,0.0,1.2,0.0,0,0.0,8,LIMITED,70.711,-0.66,0,0,0,0,0,0.0,0,0,0,,,,,,0,,,,765,0,0
1004,90.42075371742249,2026-03-05T17:38:54.680631,2.02,0.0,1.99,0.0,0.0,0.0,0.0,41.01,9.59,0.0,0.0,STRAIGHT,0.3,0.2,"CMD,0.0,0.20",1.2,0.0,1.2,0.0,0,0.0,8,LIMITED,70.711,-0.758,0,0,0,0,0,0.0,0,0,0,,,,,,0,,,,765,0,0
1005,90.56775307655334,2026-03-05T17:38:54.827631,89.01,0.0,4.0,0.99,0.0,0.0,0.0,135.0,9.3,0.0,0.0,STRAIGHT,0.3,0.2,"CMD,0.0,0.20",1.2,0.0,1.2,0.0,0,0.0,9,LIMITED,70.711,-0.768,0,0,0,0,0,0.0,0,0,0,,,,,,0,,,,1716,0,0
1006,90.70974373817444,2026-03-05T17:38:54.969621,86.01,0.0,4.01,1.0,0.0,0.0,0.0,129.99,9.05,0.0,0.0,STRAIGHT,0.3,0.2,"CMD,0.0,0.20",1.2,0.0,1.2,0.0,0,0.0148,10,LIMITED,70.711,-0.781,0,0,0,0,0,0.0,0,0,0,,,,,,0,,,,9097,0,0
1007,90.86175680160522,2026-03-05T17:38:55.121634,93.0,0.0,6.0,0.0,0.0,0.0,0.0,138.99,9.04,0.0,0.0,STRAIGHT,0.3,0.2,"CMD,0.0,0.20",1.2,0.0,1.2,0.0,0,0.0901,11,LIMITED,70.711,-0.795,0,0,0,0,0,0.0,0,0,0,,,,,,0,,,,19578,0,0
1008,91.00774621963501,2026-03-05T17:38:55.267624,85.0,0.0,4.0,0.0,0.0,0.0,0.0,132.0,9.07,0.0,0.0,STRAIGHT,0.3,0.2,"CMD,0.0,0.20",1.2,0.0,1.2,0.0,0,0.2319,11,LIMITED,70.711,-0.822,0,0,0,0,0,0.0,0,0,0,,,,,,0,,,,79276,0,0
1009,91.0647509098053,2026-03-05T17:38:55.324628,2.0,0.0,2.0,0.0,0.0,0.0,0.0,43.01,9.32,0.0,0.0,STRAIGHT,0.3,0.2,"CMD,0.0,0.20",1.2,0.0,1.2,0.0,0,0.2319,11,LIMITED,70.711,-0.775,0,0,0,0,0,0.0,0,0,0,,,,,,0,,,,81723,0,0
1010,91.12074947357178,2026-03-05T17:38:55.380627,2.0,0.0,3.0,0.0,0.0,0.0,0.0,42.0,9.59,0.0,0.0,STRAIGHT,0.3,0.2,"CMD,0.0,0.20",1.2,0.0,1.2,0.0,0,0.2319,11,LIMITED,70.711,-0.781,0,0,0,0,0,0.0,0,0,0,,,,,,0,,,,81723,0,0
1011,91.17675924301147,2026-03-05T17:38:55.436637,2.01,0.0,2.0,0.0,0.0,0.0,0.0,41.01,9.62,0.0,0.0,STRAIGHT,0.3,0.2,"CMD,0.0,0.20",1.2,0.0,1.2,0.0,0,0.2319,11,LIMITED,70.711,-0.824,0,0,0,0,0,0.0,0,0,0,,,,,,0,,,,81723,0,0
1012,91.32075119018555,2026-03-05T17:38:55.580628,86.01,0.0,4.0,0.0,1.0,0.0,0.0,131.0,9.34,0.0,0.0,STRAIGHT,0.3,0.2,"CMD,0.0,0.20",1.2,0.0,1.2,0.0,0,0.1465,12,LIMITED,70.711,-0.798,0,0,0,0,0,0.0,0,0,0,,,,,,0,,,,43247,0,0
1013,91.46578598022461,2026-03-05T17:38:55.725663,88.0,0.0,4.0,1.0,0.0,0.0,0.0,132.04,9.07,0.0,0.0,STRAIGHT,0.3,0.2,"CMD,0.0,0.20",1.2,0.0,1.2,0.0,0,0.4792,11,LIMITED,70.711,-0.833,0,0,0,0,0,0.0,0,0,0,,,,,,0,,,,64186,0,0
1014,91.60875296592712,2026-03-05T17:38:55.868630,85.04,0.0,4.97,0.0,1.0,0.0,0.0,130.0,9.07,0.0,0.0,STRAIGHT,0.3,0.2,"CMD,0.0,0.20",1.2,0.0,1.2,0.0,0,0.6422,10,LIMITED,70.711,-0.789,0,0,0,0,0,0.0,0,0,0,,,,,,0,,,,41573,0,0
1015,91.75204825401306,2026-03-05T17:38:56.011926,86.0,0.0,3.0,1.0,0.0,0.0,0.0,130.0,9.07,0.0,0.0,STRAIGHT,0.3,0.2,"CMD,0.0,0.20",1.2,0.0,1.2,0.0,0,0.2509,10,LIMITED,70.711,-0.733,0,0,0,0,0,0.0,0,0,0,,,,,,0,,,,41573,0,0
1016,91.80876231193542,2026-03-05T17:38:56.068640,2.01,0.0,3.0,0.0,0.0,0.0,0.0,44.01,9.35,0.0,0.0,STRAIGHT,0.3,0.2,"CMD,0.0,0.20",1.2,0.0,1.2,0.0,0,0.2509,10,LIMITED,70.711,-0.716,0,0,0,0,0,0.0,0,0,0,,,,,,0,,,,10429,0,0
1017,91.86675548553467,2026-03-05T17:38:56.126633,2.0,0.0,3.0,0.0,0.0,0.0,0.0,43.99,9.64,0.0,0.0,STRAIGHT,0.3,0.2,"CMD,0.0,0.20",1.2,0.0,1.2,0.0,0,0.2509,10,LIMITED,70.711,-0.694,0,0,0,0,0,0.0,0,0,0,,,,,,0,,,,10429,0,0
1018,91.9237608909607,2026-03-05T17:38:56.183638,2.0,0.0,3.01,0.0,0.0,0.0,0.0,44.01,9.64,0.0,0.0,STRAIGHT,0.3,0.2,"CMD,0.0,0.20",1.2,0.0,1.2,0.0,0,0.2509,10,LIMITED,70.711,-0.728,0,0,0,0,0,0.0,0,0,0,,,,,,0,,,,10429,0,0
1019,92.07175827026367,2026-03-05T17:38:56.331636,88.0,0.0,4.0,0.0,0.0,0.0,0.0,136.0,9.36,0.0,0.0,STRAIGHT,0.3,0.2,"CMD,0.0,0.20",1.2,0.0,1.2,0.0,0,0.3138,10,LIMITED,70.711,-0.7,0,0,0,0,0,0.0,0,0,0,,,,,,0,,,,41573,0,0
1020,92.2147581577301,2026-03-05T17:38:56.474636,84.0,0.0,4.0,1.0,0.0,0.0,0.0,129.0,9.1,0.0,0.0,STRAIGHT,0.3,0.2,"CMD,0.0,0.20",1.2,0.0,1.2,0.0,0,0.2704,10,LIMITED,70.711,-0.662,0,0,0,0,0,0.0,0,0,0,,,,,,0,,,,132054,0,0
1021,92.35980105400085,2026-03-05T17:38:56.619679,86.03,0.0,4.01,0.96,0.0,0.0,1.04,130.04,9.09,0.0,0.0,STRAIGHT,0.3,0.2,"CMD,0.0,0.20",1.2,0.0,1.2,0.0,0,0.7795,9,LIMITED,70.711,-0.661,0,0,0,0,0,0.0,0,0,0,,,,,,0,,,,105227,0,0
1022,92.50176072120667,2026-03-05T17:38:56.761638,85.0,0.0,4.0,1.0,0.0,0.0,0.0,127.95,9.09,0.0,0.0,STRAIGHT,0.3,0.2,"CMD,0.0,0.20",1.2,0.0,1.2,0.0,0,0.8492,8,LIMITED,70.711,-0.661,0,0,0,0,0,0.0,0,0,0,,,,,,0,,,,90127,0,0
1023,92.55776357650757,2026-03-05T17:38:56.817641,2.0,0.0,3.0,0.0,0.0,0.0,0.0,43.0,9.33,0.0,0.0,STRAIGHT,0.3,0.2,"CMD,0.0,0.20",1.2,0.0,1.2,0.0,0,0.8492,8,LIMITED,70.711,-0.654,0,0,0,0,0,0.0,0,0,0,,,,,,0,,,,90127,0,0
1024,92.61276149749756,2026-03-05T17:38:56.872639,2.0,0.0,2.0,0.0,0.0,0.0,0.0,41.0,9.34,0.0,0.0,STRAIGHT,0.3,0.2,"CMD,0.0,0.20",1.2,0.0,1.2,0.0,0,0.8492,8,LIMITED,70.711,-0.665,0,0,0,0,0,0.0,0,0,0,,,,,,0,,,,90127,0,0
1025,92.66676163673401,2026-03-05T17:38:56.926639,1.0,0.0,2.0,0.0,0.0,0.0,1.0,41.0,9.33,0.0,0.0,STRAIGHT,0.3,0.2,"CMD,0.0,0.20",1.2,0.0,1.2,0.0,0,0.8492,8,LIMITED,70.711,-0.586,0,0,0,0,0,0.0,0,0,0,,,,,,0,,,,90127,0,0
1026,92.81677079200745,2026-03-05T17:38:57.076648,91.01,0.0,3.99,1.0,0.0,0.0,0.0,136.01,9.09,0.0,0.0,STRAIGHT,0.3,0.2,"CMD,0.0,0.20",1.2,0.0,1.2,0.0,0,0.7093,7,LIMITED,70.711,-0.537,0,0,0,0,0,0.0,0,0,0,,,,,,0,,,,126918,0,0
1027,92.96776127815247,2026-03-05T17:38:57.227639,90.0,0.0,4.0,0.0,1.0,0.0,0.0,135.99,9.11,0.0,0.0,STRAIGHT,0.3,0.2,"CMD,0.0,0.20",1.2,0.0,1.2,0.0,0,0.9107,6,LIMITED,69.616,-0.535,0,0,0,0,0,0.0,0,0,0,,,,,,0,,,,118335,0,0
1028,93.12576413154602,2026-03-05T17:38:57.385641,88.97,0.0,5.0,0.0,0.0,0.0,0.0,143.0,9.11,0.0,0.0,STRAIGHT,0.3,0.3,"CMD,0.0,0.30",1.2,0.0,1.2,0.0,0,0.6673,5,NORMAL,67.556,-0.502,0,0,0,0,0,0.0,0,0,0,,,,,,0,,,,80711,0,0
1029,93.18076610565186,2026-03-05T17:38:57.440644,2.0,0.0,2.0,0.0,0.0,0.0,0.0,40.99,9.39,0.0,0.0,STRAIGHT,0.3,0.3,"CMD,0.0,0.30",1.2,0.0,1.2,0.0,0,0.6673,5,NORMAL,65.476,-0.497,0,0,0,0,0,0.0,0,0,0,,,,,,0,,,,80711,0,0
1030,93.23576617240906,2026-03-05T17:38:57.495644,1.0,0.0,3.0,0.0,0.0,0.0,0.0,41.0,9.69,0.0,0.0,STRAIGHT,0.3,0.3,"CMD,0.0,0.30",1.2,0.0,1.2,0.0,0,0.6673,5,NORMAL,63.013,-0.455,0,0,0,0,0,0.0,0,0,0,,,,,,0,,,,80711,0,0
1031,93.2917742729187,2026-03-05T17:38:57.551652,2.0,0.0,3.01,0.0,0.0,0.0,0.0,43.01,9.7,0.0,0.0,STRAIGHT,0.3,0.3,"CMD,0.0,0.30",1.2,0.0,1.2,0.0,0,0.6673,5,NORMAL,60.665,-0.429,0,0,0,0,0,0.0,0,0,0,,,,,,0,,,,80711,0,0
1032,93.43376970291138,2026-03-05T17:38:57.693647,84.99,0.0,4.0,1.0,0.0,0.0,0.0,128.0,9.45,0.0,0.0,STRAIGHT,0.3,0.3,"CMD,0.0,0.30",1.2,0.0,1.2,0.0,0,0.2465,5,WARN,58.105,-0.375,0,0,0,0,0,0.0,0,0,0,,,,,,0,,,,80275,0,0
1033,93.57677698135376,2026-03-05T17:38:57.836654,86.0,0.0,4.0,1.0,0.0,0.0,0.0,129.0,9.19,0.0,0.0,STRAIGHT,0.3,0.3,"CMD,0.0,0.30",1.2,0.0,1.2,0.0,0,0.72,4,NORMAL,55.115,-0.357,0,0,0,0,0,0.0,0,0,0,,,,,,0,,,,58300,0,0
1034,93.71676778793335,2026-03-05T17:38:57.976645,85.0,0.0,4.0,1.0,0.0,0.0,0.0,127.99,9.21,0.0,0.0,STRAIGHT,0.3,0.3,"CMD,0.0,0.30",1.2,0.0,1.2,0.0,0,0.2172,5,WARN,53.188,-0.341,0,0,0,0,0,0.0,0,0,0,,,,,,0,,,,58300,0,0
1035,93.8667688369751,2026-03-05T17:38:58.126646,91.0,0.0,4.0,1.0,0.0,0.0,0.0,137.0,9.19,0.0,0.0,STRAIGHT,0.3,0.2,"CMD,0.0,0.20",1.2,0.0,1.2,0.0,0,0.0113,6,LIMITED,51.449,-0.324,0,0,0,0,0,0.0,0,0,0,,,,,,0,,,,57763,0,0
1036,93.92278599739075,2026-03-05T17:38:58.182664,2.01,0.0,2.0,0.0,0.0,0.0,0.0,41.0,9.48,0.0,0.0,STRAIGHT,0.3,0.2,"CMD,0.0,0.20",1.2,0.0,1.2,0.0,0,0.0113,6,LIMITED,50.87,-0.299,0,0,0,0,0,0.0,0,0,0,,,,,,0,,,,652,0,0
1037,93.97778296470642,2026-03-05T17:38:58.237661,2.0,0.0,4.01,0.0,0.0,0.0,0.0,43.01,9.76,0.0,0.0,STRAIGHT,0.3,0.2,"CMD,0.0,0.20",1.2,0.0,1.2,0.0,0,0.0113,6,LIMITED,50.554,-0.275,0,0,0,0,0,0.0,0,0,0,,,,,,0,,,,652,0,0
1038,94.03277015686035,2026-03-05T17:38:58.292648,2.0,0.0,2.0,0.0,0.0,0.0,1.0,43.0,9.77,0.0,0.0,STRAIGHT,0.3,0.2,"CMD,0.0,0.20",1.2,0.0,1.2,0.0,0,0.0113,6,LIMITED,50.541,-0.261,0,0,0,0,0,0.0,0,0,0,,,,,,0,,,,652,0,0
1039,94.17377138137817,2026-03-05T17:38:58.433649,84.0,0.0,5.0,1.0,0.0,0.0,0.0,129.0,9.5,0.0,0.0,STRAIGHT,0.3,0.2,"CMD,0.0,0.20",1.2,0.0,1.2,0.0,0,0.0367,7,LIMITED,50.604,-0.255,0,0,0,0,0,0.0,0,0,0,,,,,,0,,,,21081,0,0
1040,94.3187735080719,2026-03-05T17:38:58.578651,86.0,0.0,4.0,1.0,0.0,0.0,0.0,130.0,9.23,0.0,0.0,STRAIGHT,0.3,0.2,"CMD,0.0,0.20",1.2,0.0,1.2,0.0,0,0.0117,8,LIMITED,50.118,-0.236,0,0,0,0,0,0.0,0,0,0,,,,,,0,,,,12705,0,0
1041,94.46077370643616,2026-03-05T17:38:58.720651,85.3,0.0,4.71,0.0,0.0,0.0,0.0,129.0,9.24,0.0,0.0,STRAIGHT,0.3,0.2,"CMD,0.0,0.20",1.2,0.0,1.2,0.0,0,0.0,9,LIMITED,49.274,-0.215,0,0,0,0,0,0.0,0,0,0,,,,,,0,,,,12660,0,0
1042,94.60477471351624,2026-03-05T17:38:58.864652,87.0,0.0,4.0,0.0,0.0,0.0,0.0,130.0,9.24,0.0,0.0,STRAIGHT,0.3,0.2,"CMD,0.0,0.20",1.2,0.0,1.2,0.0,0,0.0,10,LIMITED,48.747,-0.188,0,0,0,0,0,0.0,0,0,0,,,,,,0,,,,2377,0,0
1043,94.65877532958984,2026-03-05T17:38:58.918653,2.0,0.0,3.0,0.0,0.0,0.0,0.0,41.0,9.51,0.0,0.0,STRAIGHT,0.3,0.2,"CMD,0.0,0.20",1.2,0.0,1.2,0.0,0,0.0,10,LIMITED,48.207,-0.172,0,0,0,0,0,0.0,0,0,0,,,,,,0,,,,0,0,0
1044,94.71077585220337,2026-03-05T17:38:58.970653,2.0,0.0,3.0,0.0,0.0,0.0,0.0,43.0,9.8,0.0,0.0,STRAIGHT,0.3,0.2,"CMD,0.0,0.20",1.2,0.0,1.2,0.0,0,0.0,10,LIMITED,47.98,-0.121,0,0,0,0,0,0.0,0,0,0,,,,,,0,,,,0,0,0
1045,94.76278328895569,2026-03-05T17:38:59.022661,2.01,0.0,2.0,0.0,0.0,0.0,0.0,41.01,9.82,0.0,0.0,STRAIGHT,0.3,0.2,"CMD,0.0,0.20",1.2,0.0,1.2,0.0,0,0.0,10,LIMITED,48.266,-0.124,0,0,0,0,0,0.0,0,0,0,,,,,,0,,,,0,0,0
1046,94.90977835655212,2026-03-05T17:38:59.169656,93.0,0.0,5.0,0.0,0.0,0.0,0.0,139.0,9.53,0.0,0.0,STRAIGHT,0.3,0.2,"CMD,0.0,0.20",1.2,0.0,1.2,0.0,0,0.036,11,LIMITED,48.451,-0.085,0,0,0,0,0,0.0,0,0,0,,,,,,0,,,,11767,0,0
1047,95.05382752418518,2026-03-05T17:38:59.313705,86.04,0.0,4.0,0.0,0.0,0.0,0.0,129.05,9.26,0.0,0.0,STRAIGHT,0.3,0.2,"CMD,0.0,0.20",1.2,0.0,1.2,0.0,0,0.1279,12,LIMITED,47.861,-0.059,0,0,0,0,0,0.0,0,0,0,,,,,,0,,,,47038,0,0
1048,95.19581460952759,2026-03-05T17:38:59.455692,85.03,0.0,5.0,0.0,0.0,0.0,0.0,129.0,9.28,0.0,0.0,STRAIGHT,0.3,0.2,"CMD,0.0,0.20",1.2,0.0,1.2,0.0,0,0.159,13,LIMITED,47.574,-0.021,0,0,0,0,0,0.0,0,0,0,,,,,,0,,,,52775,0,0
1049,95.33778715133667,2026-03-05T17:38:59.597665,85.0,0.0,5.0,0.0,0.0,0.0,0.0,127.96,9.29,0.0,0.0,STRAIGHT,0.3,0.2,"CMD,0.0,0.20",1.2,0.0,1.2,0.0,0,0.3903,12,LIMITED,47.36,0.025,0,0,0,0,0,0.0,0,0,0,,,,,,0,,,,75308,0,0
1050,95.39378333091736,2026-03-05T17:38:59.653661,2.0,0.0,2.0,0.0,0.0,0.0,1.0,42.0,9.56,0.0,0.0,STRAIGHT,0.3,0.2,"CMD,0.0,0.20",1.2,0.0,1.2,0.0,0,0.3903,12,LIMITED,49.24,0.072,0,0,0,0,0,0.0,0,0,0,,,,,,0,,,,118776,0,0
1051,95.4477813243866,2026-03-05T17:38:59.707659,2.0,0.0,2.0,0.0,0.0,0.0,0.0,39.99,9.84,0.0,0.0,STRAIGHT,0.3,0.2,"CMD,0.0,0.20",1.2,0.0,1.2,0.0,0,0.3903,12,LIMITED,49.498,0.096,0,0,0,0,0,0.0,0,0,0,,,,,,0,,,,118776,0,0
1052,95.50278186798096,2026-03-05T17:38:59.762659,1.0,0.0,3.0,0.0,0.0,0.0,0.0,40.0,9.85,0.0,0.0,STRAIGHT,0.3,0.2,"CMD,0.0,0.20",1.2,0.0,1.2,0.0,0,0.3903,12,LIMITED,50.08,0.117,0,0,0,0,0,0.0,0,0,0,,,,,,0,,,,118776,0,0
1053,95.64478278160095,2026-03-05T17:38:59.904660,84.0,0.0,4.0,0.0,0.0,0.0,0.0,129.0,9.56,0.0,0.0,STRAIGHT,0.3,0.2,"CMD,0.0,0.20",1.2,0.0,1.2,0.0,0,0.3492,12,LIMITED,51.89,0.163,0,0,0,0,0,0.0,0,0,0,,,,,,0,,,,119711,0,0
1054,95.78578400611877,2026-03-05T17:39:00.045661,85.01,0.0,3.99,1.0,0.0,0.0,0.0,127.0,9.3,0.0,0.0,STRAIGHT,0.3,0.2,"CMD,0.0,0.20",1.2,0.0,1.2,0.0,0,0.4909,11,LIMITED,52.605,0.195,0,0,0,0,0,0.0,0,0,0,,,,,,0,,,,215246,0,0
1055,95.93878555297852,2026-03-05T17:39:00.198663,92.0,0.0,5.0,1.0,0.0,0.0,1.0,137.0,9.29,0.0,0.0,STRAIGHT,0.3,0.2,"CMD,0.0,0.20",1.2,0.0,1.2,0.0,0,0.8422,10,LIMITED,54.168,0.233,0,0,0,0,0,0.0,0,0,0,,,,,,0,,,,255590,0,0
1056,96.08378648757935,2026-03-05T17:39:00.343664,85.0,0.0,4.0,0.0,1.0,0.0,0.0,130.0,9.31,0.0,0.0,STRAIGHT,0.3,0.2,"CMD,0.0,0.20",1.2,0.0,1.2,0.0,0,0.948,9,LIMITED,55.316,0.233,0,0,0,0,0,0.0,0,0,0,,,,,,0,,,,243068,0,0
1057,96.14178729057312,2026-03-05T17:39:00.401665,1.0,0.0,3.0,0.0,0.0,0.0,0.0,42.0,9.62,0.0,0.0,STRAIGHT,0.3,0.2,"CMD,0.0,0.20",1.2,0.0,1.2,0.0,0,0.948,9,LIMITED,56.281,0.233,0,0,0,0,0,0.0,0,0,0,,,,,,0,,,,243068,0,0
1058,96.1987874507904,2026-03-05T17:39:00.458665,2.01,0.0,1.99,0.0,0.0,0.0,0.0,41.0,9.61,0.0,0.0,STRAIGHT,0.3,0.2,"CMD,0.0,0.20",1.2,0.0,1.2,0.0,0,0.948,9,LIMITED,57.636,0.283,0,0,0,0,0,0.0,0,0,0,,,,,,0,,,,243068,0,0
1059,96.26279902458191,2026-03-05T17:39:00.522676,3.0,0.0,3.01,0.0,0.0,0.0,0.0,48.01,9.58,0.0,0.0,STRAIGHT,0.3,0.2,"CMD,0.0,0.20",1.2,0.0,1.2,0.0,0,0.948,9,LIMITED,58.703,0.286,0,0,0,0,0,0.0,0,0,0,,,,,,0,,,,243068,0,0
1060,96.40679001808167,2026-03-05T17:39:00.666668,83.01,0.0,3.99,1.0,0.0,0.0,0.0,128.0,9.31,0.0,0.0,STRAIGHT,0.3,0.2,"CMD,0.0,0.20",1.2,0.0,1.2,0.0,0,0.882,8,LIMITED,60.215,0.275,0,0,0,0,0,0.0,0,0,0,,,,,,0,,,,238197,0,0
1061,96.55182600021362,2026-03-05T17:39:00.811703,86.04,0.0,3.99,0.94,0.0,0.0,0.0,129.0,9.3,0.0,0.0,STRAIGHT,0.3,0.2,"CMD,0.0,0.20",1.2,0.0,1.2,0.0,0,0.9155,7,LIMITED,60.311,0.298,0,0,0,0,0,0.0,0,0,0,,,,,,0,,,,259135,0,0
1062,96.69382309913635,2026-03-05T17:39:00.953701,85.03,0.0,4.0,0.97,0.0,0.0,0.0,126.99,9.3,0.0,0.0,STRAIGHT,0.3,0.2,"CMD,0.0,0.20",1.2,0.0,1.2,0.0,0,0.9453,6,LIMITED,60.119,0.31,0,0,0,0,0,0.0,0,0,0,,,,,,0,,,,250787,0,0
1063,96.74879264831543,2026-03-05T17:39:01.008670,2.0,0.0,2.0,0.0,0.0,0.0,0.0,39.96,9.57,0.0,0.0,STRAIGHT,0.3,0.2,"CMD,0.0,0.20",1.2,0.0,1.2,0.0,0,0.9453,6,LIMITED,60.384,0.298,0,0,0,0,0,0.0,0,0,0,,,,,,0,,,,250787,0,0
1064,96.80382680892944,2026-03-05T17:39:01.063704,2.03,0.0,2.0,0.0,0.0,0.0,0.0,41.04,9.87,0.0,0.0,STRAIGHT,0.3,0.2,"CMD,0.0,0.20",1.2,0.0,1.2,0.0,0,0.9453,6,LIMITED,60.289,0.311,0,0,0,0,0,0.0,0,0,0,,,,,,0,,,,250787,0,0
1065,96.86179304122925,2026-03-05T17:39:01.121671,1.94,0.0,2.0,0.0,0.0,0.0,0.0,42.97,9.86,0.0,0.0,STRAIGHT,0.3,0.2,"CMD,0.0,0.20",1.2,0.0,1.2,0.0,0,0.9453,6,LIMITED,59.949,0.328,0,0,0,0,0,0.0,0,0,0,,,,,,0,,,,250787,0,0
1066,97.01479363441467,2026-03-05T17:39:01.274671,91.0,0.0,4.0,0.0,1.0,0.0,0.0,136.0,9.55,0.0,0.0,STRAIGHT,0.3,0.3,"CMD,0.0,0.30",1.2,0.0,1.2,0.0,0,0.8681,5,NORMAL,59.973,0.329,0,0,0,0,0,0.0,0,0,0,,,,,,0,,,,218457,0,0
1067,97.1597957611084,2026-03-05T17:39:01.419673,84.0,0.0,5.01,0.0,0.0,0.0,0.0,130.0,9.27,0.0,0.0,STRAIGHT,0.3,0.3,"CMD,0.0,0.30",1.2,0.0,1.2,0.0,0,0.866,4,NORMAL,59.999,0.331,0,0,0,0,0,0.0,0,0,0,,,,,,0,,,,226280,0,0
1068,97.30279779434204,2026-03-05T17:39:01.562675,84.01,0.0,4.99,0.99,0.0,0.0,0.0,127.0,9.27,0.0,0.0,STRAIGHT,0.3,0.3,"CMD,0.0,0.30",1.2,0.0,1.2,0.0,0,0.8633,3,NORMAL,60.301,0.333,0,0,0,0,0,0.0,0,0,0,,,,,,0,,,,262112,0,0
1069,97.44583106040955,2026-03-05T17:39:01.705709,84.0,0.0,4.03,0.96,0.0,0.0,0.0,125.99,9.27,0.0,0.0,STRAIGHT,0.3,0.3,"CMD,0.0,0.30",1.2,0.0,1.2,0.0,0,0.953,2,NORMAL,60.77,0.32,0,0,0,0,0,0.0,0,0,0,,,,,,0,,,,249818,0,0
1070,97.50083136558533,2026-03-05T17:39:01.760709,2.04,0.0,2.01,0.0,0.0,0.0,0.0,39.01,9.54,0.0,0.0,STRAIGHT,0.3,0.3,"CMD,0.0,0.30",1.2,0.0,1.2,0.0,0,0.953,2,NORMAL,61.499,0.298,0,0,0,0,0,0.0,0,0,0,,,,,,0,,,,249818,0,0
1071,97.55680131912231,2026-03-05T17:39:01.816679,2.0,0.0,3.0,0.0,0.0,0.0,0.0,41.97,9.82,0.0,0.0,STRAIGHT,0.3,0.3,"CMD,0.0,0.30",1.2,0.0,1.2,0.0,0,0.953,2,NORMAL,61.982,0.289,0,0,0,0,0,0.0,0,0,0,,,,,,0,,,,249818,0,0
1072,97.61182761192322,2026-03-05T17:39:01.871705,2.03,0.0,2.01,0.0,0.0,0.0,1.0,40.03,9.82,0.0,0.0,STRAIGHT,0.3,0.3,"CMD,0.0,0.30",1.2,0.0,1.2,0.0,0,0.953,2,NORMAL,62.648,0.263,0,0,0,0,0,0.0,0,0,0,,,,,,0,,,,249818,0,0
1073,97.7658371925354,2026-03-05T17:39:02.025715,86.04,0.0,5.0,0.97,0.0,0.0,0.0,137.04,9.49,0.0,0.0,STRAIGHT,0.3,0.3,"CMD,0.0,0.30",1.2,0.0,1.2,0.0,0,0.9004,1,NORMAL,63.56,0.235,0,0,0,0,0,0.0,0,0,0,,,,,,0,,,,226105,0,0
1074,97.90780401229858,2026-03-05T17:39:02.167682,84.04,0.0,3.99,0.95,0.0,0.0,1.0,126.96,9.22,0.0,0.0,STRAIGHT,0.3,0.3,"CMD,0.0,0.30",1.2,0.0,1.2,0.0,0,0.7896,0,NORMAL,64.052,0.244,0,0,0,0,0,0.0,0,0,0,,,,,,0,,,,178535,0,0
1075,98.05680346488953,2026-03-05T17:39:02.316681,92.01,0.0,5.0,0.99,0.0,0.0,0.0,135.0,9.22,0.0,0.0,STRAIGHT,0.3,0.3,"CMD,0.0,0.30",1.2,0.0,1.2,0.0,0,0.9066,0,NORMAL,64.425,0.242,0,0,0,0,0,0.0,0,0,0,,,,,,0,,,,179351,0,0
1076,98.20082092285156,2026-03-05T17:39:02.460698,86.0,0.0,4.0,1.0,0.0,0.0,0.0,129.02,9.22,0.0,0.0,STRAIGHT,0.3,0.3,"CMD,0.0,0.30",1.2,0.0,1.2,0.0,0,0.9341,0,NORMAL,64.232,0.268,0,0,0,0,0,0.0,0,0,0,,,,,,0,,,,169224,0,0
1077,98.26381587982178,2026-03-05T17:39:02.523693,3.0,0.0,2.01,0.0,0.0,0.0,0.0,45.01,9.46,0.0,0.0,STRAIGHT,0.3,0.3,"CMD,0.0,0.30",1.2,0.0,1.2,0.0,0,0.9341,0,NORMAL,64.669,0.257,0,0,0,0,0,0.0,0,0,0,,,,,,0,,,,169224,0,0
1078,98.32380890846252,2026-03-05T17:39:02.583686,2.0,0.0,2.0,0.0,0.0,0.0,0.0,43.99,9.72,0.0,0.0,STRAIGHT,0.3,0.3,"CMD,0.0,0.30",1.2,0.0,1.2,0.0,0,0.9341,0,NORMAL,65.248,0.24,0,0,0,0,0,0.0,0,0,0,,,,,,0,,,,169224,0,0
1079,98.37980508804321,2026-03-05T17:39:02.639683,2.0,0.0,3.0,0.0,0.0,0.0,0.0,41.97,9.71,0.0,0.0,STRAIGHT,0.3,0.3,"CMD,0.0,0.30",1.2,0.0,1.2,0.0,0,0.9341,0,NORMAL,65.774,0.255,0,0,0,0,0,0.0,0,0,0,,,,,,0,,,,169224,0,0
1080,98.52384400367737,2026-03-05T17:39:02.783722,85.03,0.0,3.99,0.0,1.0,0.0,0.0,129.04,9.43,0.0,0.0,STRAIGHT,0.3,0.3,"CMD,0.0,0.30",1.2,0.0,1.2,0.0,0,0.5603,0,NORMAL,65.919,0.245,0,0,0,0,0,0.0,0,0,0,,,,,,0,,,,98934,0,0
1081,98.66580653190613,2026-03-05T17:39:02.925684,85.0,0.0,4.0,0.0,1.0,0.0,0.0,126.96,9.17,0.0,0.0,STRAIGHT,0.3,0.3,"CMD,0.0,0.30",1.2,0.0,1.2,0.0,0,0.8087,0,NORMAL,65.508,0.241,0,0,0,0,0,0.0,0,0,0,,,,,,0,,,,92798,0,0
1082,98.80781960487366,2026-03-05T17:39:03.067697,84.0,0.0,4.0,0.0,1.01,0.0,0.0,127.01,9.17,0.0,0.0,STRAIGHT,0.3,0.3,"CMD,0.0,0.30",1.2,0.0,1.2,0.0,0,0.8758,0,NORMAL,65.607,0.239,0,0,0,0,0,0.0,0,0,0,,,,,,0,,,,102576,0,0
1083,98.95681405067444,2026-03-05T17:39:03.216691,89.0,0.0,5.0,0.0,1.0,0.0,0.0,135.0,9.15,0.0,0.0,STRAIGHT,0.3,0.3,"CMD,0.0,0.30",1.2,0.0,1.2,0.0,0,0.8284,0,NORMAL,65.711,0.244,0,0,0,0,0,0.0,0,0,0,,,,,,0,,,,117911,0,0
1084,99.01082181930542,2026-03-05T17:39:03.270699,2.0,0.0,2.0,0.0,0.0,0.0,0.0,41.01,9.44,0.0,0.0,STRAIGHT,0.3,0.3,"CMD,0.0,0.30",1.2,0.0,1.2,0.0,0,0.8284,0,NORMAL,66.461,0.242,0,0,0,0,0,0.0,0,0,0,,,,,,0,,,,117911,0,0
1085,99.06781005859375,2026-03-05T17:39:03.327688,1.96,0.0,3.0,0.0,0.0,0.0,0.0,42.99,9.72,0.0,0.0,STRAIGHT,0.3,0.3,"CMD,0.0,0.30",1.2,0.0,1.2,0.0,0,0.8284,0,NORMAL,66.479,0.237,0,0,0,0,0,0.0,0,0,0,,,,,,0,,,,117911,0,0
1086,99.12384510040283,2026-03-05T17:39:03.383723,2.03,0.0,2.01,0.0,0.0,0.0,0.0,41.01,9.73,0.0,0.0,STRAIGHT,0.3,0.3,"CMD,0.0,0.30",1.2,0.0,1.2,0.0,0,0.8284,0,NORMAL,66.536,0.238,0,0,0,0,0,0.0,0,0,0,,,,,,0,,,,117911,0,0
1087,99.26681470870972,2026-03-05T17:39:03.526692,85.0,0.0,4.0,1.0,0.0,0.0,1.0,128.97,9.45,0.0,0.0,STRAIGHT,0.3,0.3,"CMD,0.0,0.30",1.2,0.0,1.2,0.0,0,0.6455,0,NORMAL,66.933,0.211,0,0,0,0,0,0.0,0,0,0,,,,,,0,,,,124547,0,0
1088,99.4098482131958,2026-03-05T17:39:03.669726,85.04,0.0,3.96,0.96,0.0,0.0,0.0,130.03,9.21,0.0,0.0,STRAIGHT,0.3,0.3,"CMD,0.0,0.30",1.2,0.0,1.2,0.0,0,0.8514,0,NORMAL,67.532,0.187,0,0,0,0,0,0.0,0,0,0,,,,,,0,,,,142226,0,0
1089,99.55484414100647,2026-03-05T17:39:03.814722,88.04,0.0,3.99,0.97,0.0,0.0,0.0,129.97,9.22,0.0,0.0,STRAIGHT,0.3,0.3,"CMD,0.0,0.30",1.2,0.0,1.2,0.0,0,0.6007,0,NORMAL,68.113,0.159,0,0,0,0,0,0.0,0,0,0,,,,,,0,,,,90943,0,0
1090,99.69781565666199,2026-03-05T17:39:03.957693,86.0,0.0,4.0,0.0,0.0,0.0,0.0,128.96,9.22,0.0,0.0,STRAIGHT,0.3,0.3,"CMD,0.0,0.30",1.2,0.0,1.2,0.0,0,0.5554,0,NORMAL,68.312,0.149,0,0,0,0,0,0.0,0,0,0,,,,,,0,,,,152545,0,0
1091,99.75581979751587,2026-03-05T17:39:04.015697,2.0,0.0,2.0,0.0,0.0,0.0,0.0,41.0,9.47,0.0,0.0,STRAIGHT,0.3,0.3,"CMD,0.0,0.30",1.2,0.0,1.2,0.0,0,0.5554,0,NORMAL,67.867,0.159,0,0,0,0,0,0.0,0,0,0,,,,,,0,,,,152545,0,0
1092,99.81285429000854,2026-03-05T17:39:04.073731,1.99,0.0,2.0,0.0,0.0,0.0,0.0,43.04,9.46,0.0,0.0,STRAIGHT,0.3,0.3,"CMD,0.0,0.30",1.2,0.0,1.2,0.0,0,0.5554,0,NORMAL,68.502,0.103,0,0,0,0,0,0.0,0,0,0,,,,,,0,,,,152545,0,0
1093,99.87185072898865,2026-03-05T17:39:04.132704,1.0,0.0,3.0,0.0,0.0,0.0,0.0,43.0,9.45,0.0,0.0,STRAIGHT,0.3,0.3,"CMD,0.0,0.30",1.2,0.0,1.2,0.0,0,0.5554,0,NORMAL,69.114,0.072,0,0,0,0,0,0.0,0,0,0,,,,,,0,,,,152545,0,0
1094,100.017822265625,2026-03-05T17:39:04.277700,85.0,0.0,4.0,1.0,0.0,0.0,0.0,129.96,9.19,0.0,0.0,STRAIGHT,0.3,0.3,"CMD,0.0,0.30",1.2,0.0,1.2,0.0,0,0.556,0,NORMAL,68.699,0.078,0,0,0,0,0,0.0,0,0,0,,,,,,0,,,,274349,0,0
1095,100.16585397720337,2026-03-05T17:39:04.425731,89.0,0.0,5.01,0.0,1.03,0.0,0.0,132.03,9.2,0.0,0.0,STRAIGHT,0.3,0.3,"CMD,0.0,0.30",1.2,0.0,1.2,0.0,0,0.8642,0,NORMAL,68.552,0.047,0,0,0,0,0,0.0,0,0,0,,,,,,0,,,,293696,0,0
1096,100.31782174110413,2026-03-05T17:39:04.577699,87.99,0.0,3.96,0.0,1.0,0.0,0.0,133.96,9.19,0.0,0.0,STRAIGHT,0.3,0.3,"CMD,0.0,0.30",1.2,0.0,1.2,0.0,0,0.8735,0,NORMAL,68.891,0.008,0,0,0,0,0,0.0,0,0,0,,,,,,0,,,,322099,0,0
1097,100.377858877182,2026-03-05T17:39:04.637736,2.05,0.0,2.99,0.0,0.0,0.0,1.0,43.0,9.43,0.0,0.0,STRAIGHT,0.3,0.3,"CMD,0.0,0.30",1.2,0.0,1.2,0.0,0,0.8735,0,NORMAL,68.798,0.007,0,0,0,0,0,0.0,0,0,0,,,,,,0,,,,322099,0,0
1098,100.43385696411133,2026-03-05T17:39:04.693734,2.03,0.0,2.0,0.0,0.0,0.0,0.0,40.0,9.7,0.0,0.0,STRAIGHT,0.3,0.3,"CMD,0.0,0.30",1.2,0.0,1.2,0.0,0,0.8735,0,NORMAL,68.582,-0.0,0,0,0,0,0,0.0,0,0,0,,,,,,0,,,,322099,0,0
1099,100.49385094642639,2026-03-05T17:39:04.753728,2.03,0.0,2.0,0.0,0.0,0.0,0.0,44.0,9.69,0.0,0.0,STRAIGHT,0.3,0.3,"CMD,0.0,0.30",1.2,0.0,1.2,0.0,0,0.8735,0,NORMAL,69.118,-0.036,0,0,0,0,0,0.0,0,0,0,,,,,,0,,,,322099,0,0
1100,100.64082336425781,2026-03-05T17:39:04.900701,84.96,0.0,4.0,1.0,0.0,0.0,0.0,129.96,9.4,0.0,0.0,STRAIGHT,0.3,0.3,"CMD,0.0,0.30",1.2,0.0,1.2,0.0,0,0.7837,0,NORMAL,69.669,-0.063,0,0,0,0,0,0.0,0,0,0,,,,,,0,,,,252441,0,0
1101,100.78782439231873,2026-03-05T17:39:05.047702,85.0,0.0,5.0,1.0,0.0,0.0,1.0,131.0,9.13,0.0,0.0,STRAIGHT,0.3,0.3,"CMD,0.0,0.30",1.2,0.0,1.2,0.0,0,0.9372,0,NORMAL,70.023,-0.074,0,0,0,0,0,0.0,0,0,0,,,,,,0,,,,236913,0,0
1102,100.93182563781738,2026-03-05T17:39:05.191703,87.0,0.0,3.0,1.0,0.0,0.0,0.0,128.96,9.16,0.0,0.0,STRAIGHT,0.3,0.3,"CMD,0.0,0.30",1.2,0.0,1.2,0.0,0,0.9662,0,NORMAL,70.711,-0.097,0,0,0,0,0,0.0,0,0,0,,,,,,0,,,,238262,0,0
1103,101.07586193084717,2026-03-05T17:39:05.335739,86.0,0.0,4.05,0.96,0.0,0.0,0.0,128.0,9.16,0.0,0.0,STRAIGHT,0.3,0.3,"CMD,0.0,0.30",1.2,0.0,1.2,0.0,0,0.8811,0,NORMAL,70.711,-0.14,0,0,0,0,0,0.0,0,0,0,,,,,,0,,,,210145,0,0
1104,101.13885498046875,2026-03-05T17:39:05.398732,2.05,0.0,2.98,0.0,0.0,0.0,0.99,47.98,9.41,0.0,0.0,STRAIGHT,0.3,0.3,"CMD,0.0,0.30",1.2,0.0,1.2,0.0,0,0.8811,0,NORMAL,70.711,-0.138,0,0,0,0,0,0.0,0,0,0,,,,,,0,,,,210145,0,0
1105,101.19686150550842,2026-03-05T17:39:05.456739,1.01,0.0,3.0,0.0,0.0,0.0,0.0,43.0,9.68,0.0,0.0,STRAIGHT,0.3,0.3,"CMD,0.0,0.30",1.2,0.0,1.2,0.0,0,0.8811,0,NORMAL,70.711,-0.134,0,0,0,0,0,0.0,0,0,0,,,,,,0,,,,210145,0,0
1106,101.25382781028748,2026-03-05T17:39:05.513705,2.0,0.0,2.0,0.0,0.0,0.0,0.0,42.0,9.7,0.0,0.0,STRAIGHT,0.3,0.3,"CMD,0.0,0.30",1.2,0.0,1.2,0.0,0,0.8811,0,NORMAL,70.711,-0.154,0,0,0,0,0,0.0,0,0,0,,,,,,0,,,,210145,0,0
1107,101.39682912826538,2026-03-05T17:39:05.656707,86.0,0.0,4.0,0.0,0.0,0.0,0.0,129.0,9.43,0.0,0.0,STRAIGHT,0.3,0.3,"CMD,0.0,0.30",1.2,0.0,1.2,0.0,0,0.5752,0,NORMAL,70.711,-0.2,0,0,0,0,0,0.0,0,0,0,,,,,,0,,,,122260,0,0
1108,101.5418312549591,2026-03-05T17:39:05.801709,88.0,0.0,4.0,1.0,0.0,0.0,0.0,130.96,9.17,0.0,0.0,STRAIGHT,0.3,0.3,"CMD,0.0,0.30",1.2,0.0,1.2,0.0,0,0.8451,0,NORMAL,70.711,-0.215,0,0,0,0,0,0.0,0,0,0,,,,,,0,,,,106941,0,0
1109,101.68486309051514,2026-03-05T17:39:05.944741,85.04,0.0,4.0,0.97,0.0,0.0,0.0,128.99,9.17,0.0,0.0,STRAIGHT,0.3,0.3,"CMD,0.0,0.30",1.2,0.0,1.2,0.0,0,0.5149,0,NORMAL,70.711,-0.211,0,0,0,0,0,0.0,0,0,0,,,,,,0,,,,207705,0,0
1110,101.82586669921875,2026-03-05T17:39:06.085744,85.04,0.0,4.02,0.0,0.0,0.0,0.0,126.99,9.18,0.0,0.0,STRAIGHT,0.3,0.3,"CMD,0.0,0.30",1.2,0.0,1.2,0.0,0,0.4646,0,NORMAL,70.711,-0.219,0,0,0,0,0,0.0,0,0,0,,,,,,0,,,,191533,0,0
1111,101.8838620185852,2026-03-05T17:39:06.143739,1.0,0.0,2.99,0.0,0.0,0.0,0.0,42.99,9.43,0.0,0.0,STRAIGHT,0.3,0.3,"CMD,0.0,0.30",1.2,0.0,1.2,0.0,0,0.4646,0,NORMAL,70.711,-0.24,0,0,0,0,0,0.0,0,0,0,,,,,,0,,,,96506,0,0
1112,101.93986868858337,2026-03-05T17:39:06.199746,2.04,0.0,3.0,0.0,0.0,0.0,0.0,41.0,9.72,0.0,0.0,STRAIGHT,0.3,0.3,"CMD,0.0,0.30",1.2,0.0,1.2,0.0,0,0.4646,0,NORMAL,70.711,-0.236,0,0,0,0,0,0.0,0,0,0,,,,,,0,,,,96506,0,0
1113,101.99386978149414,2026-03-05T17:39:06.253747,2.03,0.0,2.0,0.0,0.0,0.0,0.0,40.0,9.72,0.0,0.0,STRAIGHT,0.3,0.3,"CMD,0.0,0.30",1.2,0.0,1.2,0.0,0,0.4646,0,NORMAL,70.711,-0.237,0,0,0,0,0,0.0,0,0,0,,,,,,0,,,,96506,0,0
1114,102.1408679485321,2026-03-05T17:39:06.400746,89.03,0.0,4.0,0.97,0.0,0.0,0.0,133.0,9.43,0.0,0.0,STRAIGHT,0.3,0.3,"CMD,0.0,0.30",1.2,0.0,1.2,0.0,0,0.5561,0,NORMAL,70.711,-0.24,0,0,0,0,0,0.0,0,0,0,,,,,,0,,,,222108,0,0
1115,102.28683686256409,2026-03-05T17:39:06.546714,87.04,0.0,4.0,0.0,1.0,0.0,0.0,128.96,9.17,0.0,0.0,STRAIGHT,0.3,0.3,"CMD,0.0,0.30",1.2,0.0,1.2,0.0,0,0.8063,0,NORMAL,70.711,-0.241,0,0,0,0,0,0.0,0,0,0,,,,,,0,,,,227233,0,0
1116,102.42883706092834,2026-03-05T17:39:06.688715,85.0,0.0,4.0,0.0,0.0,0.0,0.0,126.0,9.17,0.0,0.0,STRAIGHT,0.3,0.3,"CMD,0.0,0.30",1.2,0.0,1.2,0.0,0,0.6901,0,NORMAL,70.711,-0.244,0,0,0,0,0,0.0,0,0,0,,,,,,0,,,,157223,0,0
1117,102.57183837890625,2026-03-05T17:39:06.831716,87.0,0.0,4.0,1.0,0.0,0.0,0.0,128.0,9.17,0.0,0.0,STRAIGHT,0.3,0.3,"CMD,0.0,0.30",1.2,0.0,1.2,0.0,0,0.8076,0,NORMAL,70.711,-0.249,0,0,0,0,0,0.0,0,0,0,,,,,,0,,,,129251,0,0
1118,102.63184595108032,2026-03-05T17:39:06.891723,2.01,0.0,2.0,0.0,0.0,0.0,0.0,45.0,9.42,0.0,0.0,STRAIGHT,0.3,0.3,"CMD,0.0,0.30",1.2,0.0,1.2,0.0,0,0.8076,0,NORMAL,70.711,-0.229,0,0,0,0,0,0.0,0,0,0,,,,,,0,,,,129251,0,0
1119,102.68587183952332,2026-03-05T17:39:06.945749,1.03,0.0,3.0,0.0,0.0,0.0,0.0,40.03,9.71,0.0,0.0,STRAIGHT,0.3,0.3,"CMD,0.0,0.30",1.2,0.0,1.2,0.0,0,0.8076,0,NORMAL,70.711,-0.213,0,0,0,0,0,0.0,0,0,0,,,,,,0,,,,129251,0,0
1120,102.73887586593628,2026-03-05T17:39:06.998753,2.04,0.0,2.0,0.0,0.0,0.0,0.0,39.0,9.72,0.0,0.0,STRAIGHT,0.3,0.3,"CMD,0.0,0.30",1.2,0.0,1.2,0.0,0,0.8076,0,NORMAL,70.711,-0.218,0,0,0,0,0,0.0,0,0,0,,,,,,0,,,,129251,0,0
1121,102.884840965271,2026-03-05T17:39:07.144718,87.0,0.0,5.0,0.0,0.0,0.0,0.0,131.97,9.44,0.0,0.0,STRAIGHT,0.3,0.3,"CMD,0.0,0.30",1.2,0.0,1.2,0.0,0,0.5316,0,NORMAL,70.711,-0.232,0,0,0,0,0,0.0,0,0,0,,,,,,0,,,,232522,0,0
1122,103.02884984016418,2026-03-05T17:39:07.288727,86.0,0.0,5.01,0.99,0.0,0.0,0.0,128.01,9.19,0.0,0.0,STRAIGHT,0.3,0.3,"CMD,0.0,0.30",1.2,0.0,1.2,0.0,0,0.8993,0,NORMAL,70.711,-0.227,0,0,0,0,0,0.0,0,0,0,,,,,,0,,,,238617,0,0
1123,103.18688702583313,2026-03-05T17:39:07.446765,96.0,0.0,6.04,0.99,0.0,0.0,0.0,141.99,9.15,0.0,0.0,STRAIGHT,0.3,0.3,"CMD,0.0,0.30",1.2,0.0,1.2,0.0,0,0.8693,0,NORMAL,70.711,-0.201,0,0,0,0,0,0.0,0,0,0,,,,,,0,,,,271614,0,0
1124,103.33487820625305,2026-03-05T17:39:07.594756,86.04,0.0,4.0,0.97,0.0,0.0,0.0,129.99,9.15,0.0,0.0,STRAIGHT,0.3,0.3,"CMD,0.0,0.30",1.2,0.0,1.2,0.0,0,0.9272,0,NORMAL,70.711,-0.201,0,0,0,0,0,0.0,0,0,0,,,,,,0,,,,292367,0,0
1125,103.38987994194031,2026-03-05T17:39:07.649757,2.03,0.0,2.0,0.0,0.0,0.0,0.0,39.0,9.44,0.0,0.0,STRAIGHT,0.3,0.3,"CMD,0.0,0.30",1.2,0.0,1.2,0.0,0,0.9272,0,NORMAL,70.711,-0.202,0,0,0,0,0,0.0,0,0,0,,,,,,0,,,,292367,0,0
1126,103.44488501548767,2026-03-05T17:39:07.704762,2.03,0.0,2.01,0.0,0.0,0.0,0.0,40.0,9.46,0.0,0.0,STRAIGHT,0.3,0.3,"CMD,0.0,0.30",1.2,0.0,1.2,0.0,0,0.9272,0,NORMAL,70.711,-0.178,0,0,0,0,0,0.0,0,0,0,,,,,,0,,,,292367,0,0
1127,103.49984574317932,2026-03-05T17:39:07.759723,2.0,0.0,2.0,0.0,0.0,0.0,0.0,38.95,9.46,0.0,0.0,STRAIGHT,0.3,0.3,"CMD,0.0,0.30",1.2,0.0,1.2,0.0,0,0.9272,0,NORMAL,70.139,-0.165,0,0,0,0,0,0.0,0,0,0,,,,,,0,,,,292367,0,0
1128,103.64385437965393,2026-03-05T17:39:07.903732,82.01,0.0,5.0,1.01,0.0,0.0,0.0,127.01,9.21,0.0,0.0,STRAIGHT,0.3,0.3,"CMD,0.0,0.30",1.2,0.0,1.2,0.0,0,0.8694,0,NORMAL,69.894,-0.18,0,0,0,0,0,0.0,0,0,0,,,,,,0,,,,314663,0,0
1129,103.78884887695312,2026-03-05T17:39:08.048726,86.0,0.0,4.0,1.0,0.0,0.0,0.0,130.0,9.21,0.0,0.0,STRAIGHT,0.3,0.3,"CMD,0.0,0.30",1.2,0.0,1.2,0.0,0,0.908,0,NORMAL,69.436,-0.168,0,0,0,0,0,0.0,0,0,0,,,,,,0,,,,323731,12,0
1130,103.93388414382935,2026-03-05T17:39:08.193762,85.03,0.0,5.0,0.97,0.0,0.0,0.0,128.0,9.22,0.0,0.0,STRAIGHT,0.3,0.3,"CMD,0.0,0.30",1.2,0.0,1.2,0.0,0,0.9234,0,NORMAL,68.524,-0.139,0,0,0,0,0,0.0,0,0,0,,,,,,0,,,,308199,36,0
1131,103.9918851852417,2026-03-05T17:39:08.251763,2.0,0.0,2.0,0.0,0.0,0.0,0.0,41.0,9.48,0.0,0.0,STRAIGHT,0.3,0.3,"CMD,0.0,0.30",1.2,0.0,1.2,0.0,0,0.9234,0,NORMAL,68.443,-0.154,0,0,0,0,0,0.0,0,0,0,,,,,,0,,,,308199,12,0
1132,104.04788637161255,2026-03-05T17:39:08.307764,2.03,0.0,2.0,0.0,0.0,0.0,0.0,39.99,9.76,0.0,0.0,STRAIGHT,0.3,0.3,"CMD,0.0,0.30",1.2,0.0,1.2,0.0,0,0.9234,0,NORMAL,67.432,-0.156,0,0,0,0,0,0.0,0,0,0,,,,,,0,,,,308199,0,0
1133,104.1028528213501,2026-03-05T17:39:08.362730,2.0,0.0,2.0,0.0,0.0,0.0,0.0,39.98,9.78,0.0,0.0,STRAIGHT,0.3,0.3,"CMD,0.0,0.30",1.2,0.0,1.2,0.0,0,0.9234,0,NORMAL,67.228,-0.156,0,0,0,0,0,0.0,0,0,0,,,,,,0,,,,308199,0,0
1134,104.25385451316833,2026-03-05T17:39:08.513732,91.0,0.0,6.0,0.0,0.0,0.0,0.0,136.0,9.49,0.0,0.0,STRAIGHT,0.3,0.3,"CMD,0.0,0.30",1.2,0.0,1.2,0.0,0,0.8376,0,NORMAL,67.189,-0.172,0,0,0,0,0,0.0,0,0,0,,,,,,0,,,,367975,0,0
1135,104.40385580062866,2026-03-05T17:39:08.663733,84.0,0.0,5.0,1.0,0.0,0.0,1.0,133.0,9.21,0.0,0.0,STRAIGHT,0.3,0.3,"CMD,0.0,0.30",1.2,0.0,1.2,0.0,0,0.9704,0,NORMAL,67.138,-0.174,0,0,0,0,0,0.0,0,0,0,,,,,,0,,,,367665,0,0
1136,104.54688906669617,2026-03-05T17:39:08.806767,84.0,0.0,5.0,1.0,0.0,0.0,0.0,127.03,9.21,0.0,0.0,STRAIGHT,0.3,0.3,"CMD,0.0,0.30",1.2,0.0,1.2,0.0,0,0.9272,0,NORMAL,66.824,-0.193,0,0,0,0,0,0.0,0,0,0,,,,,,0,,,,344873,55,0
1137,104.68988347053528,2026-03-05T17:39:08.949761,85.0,0.0,4.0,0.99,0.0,0.0,0.0,126.99,9.21,0.0,0.0,STRAIGHT,0.3,0.3,"CMD,0.0,0.30",1.2,0.0,1.2,0.0,0,0.9694,0,NORMAL,66.976,-0.214,0,0,0,0,0,0.0,0,0,0,,,,,,0,,,,335264,231,0
1138,104.7458848953247,2026-03-05T17:39:09.005762,2.0,0.0,2.0,0.0,0.0,0.0,0.0,39.0,9.47,0.0,0.0,STRAIGHT,0.3,0.3,"CMD,0.0,0.30",1.2,0.0,1.2,0.0,0,0.9694,0,NORMAL,67.064,-0.231,0,0,0,0,0,0.0,0,0,0,,,,,,0,,,,335264,61,0
1139,104.80288553237915,2026-03-05T17:39:09.062763,2.0,0.0,2.0,0.0,0.0,0.0,0.0,40.0,9.74,0.0,0.0,STRAIGHT,0.3,0.3,"CMD,0.0,0.30",1.2,0.0,1.2,0.0,0,0.9694,0,NORMAL,66.831,-0.222,0,0,0,0,0,0.0,0,0,0,,,,,,0,,,,335264,21,0
1140,104.86088538169861,2026-03-05T17:39:09.120763,2.0,0.0,2.0,0.0,0.0,0.0,0.0,42.0,9.74,0.0,0.0,STRAIGHT,0.3,0.3,"CMD,0.0,0.30",1.2,0.0,1.2,0.0,0,0.9694,0,NORMAL,66.533,-0.222,0,0,0,0,0,0.0,0,0,0,,,,,,0,,,,335264,0,0
1141,105.0138943195343,2026-03-05T17:39:09.273772,86.0,0.0,5.0,0.0,1.0,0.0,0.0,134.01,9.44,0.0,0.0,STRAIGHT,0.3,0.3,"CMD,0.0,0.30",1.2,0.0,1.2,0.0,0,0.8796,0,NORMAL,66.737,-0.246,0,0,0,0,0,0.0,0,0,0,,,,,,0,,,,295131,0,0
1142,105.15988683700562,2026-03-05T17:39:09.419764,84.98,0.0,5.0,0.0,0.0,0.0,0.0,129.99,9.16,0.0,0.0,STRAIGHT,0.3,0.3,"CMD,0.0,0.30",1.2,0.0,1.2,0.0,0,0.9335,0,NORMAL,66.521,-0.203,0,0,0,0,0,0.0,0,0,0,,,,,,0,,,,305283,12,0
1143,105.31288766860962,2026-03-05T17:39:09.572765,92.0,0.0,5.01,1.0,0.0,0.0,0.0,136.0,9.14,0.0,0.0,STRAIGHT,0.3,0.3,"CMD,0.0,0.30",1.2,0.0,1.2,0.0,0,0.7817,0,NORMAL,65.528,-0.182,0,0,0,0,0,0.0,0,0,0,,,,,,0,,,,243294,36,0
1144,105.45693373680115,2026-03-05T17:39:09.716811,83.03,0.0,5.0,0.0,1.05,0.0,0.0,127.04,9.15,0.0,0.0,STRAIGHT,0.3,0.3,"CMD,0.0,0.30",1.2,0.0,1.2,0.0,0,0.9134,0,NORMAL,64.005,-0.181,0,0,0,0,0,0.0,0,0,0,,,,,,0,,,,241662,36,0
1145,105.51295685768127,2026-03-05T17:39:09.772834,2.03,0.0,3.04,0.0,0.0,0.0,0.0,39.04,9.4,0.0,0.0,STRAIGHT,0.3,0.3,"CMD,0.0,0.30",1.2,0.0,1.2,0.0,0,0.9134,0,NORMAL,62.495,-0.167,0,0,0,0,0,0.0,0,0,0,,,,,,0,,,,241662,12,0
1146,105.56794333457947,2026-03-05T17:39:09.827821,2.07,0.0,1.97,0.0,0.0,0.0,1.02,40.02,9.68,0.0,0.0,STRAIGHT,0.3,0.3,"CMD,0.0,0.30",1.2,0.0,1.2,0.0,0,0.9134,0,NORMAL,61.588,-0.154,0,0,0,0,0,0.0,0,0,0,,,,,,0,,,,241662,0,0
1147,105.62289094924927,2026-03-05T17:39:09.882769,2.0,0.0,2.0,0.0,0.0,0.0,0.0,41.0,9.7,0.0,0.0,STRAIGHT,0.3,0.3,"CMD,0.0,0.30",1.2,0.0,1.2,0.0,0,0.9134,0,NORMAL,60.456,-0.134,0,0,0,0,0,0.0,0,0,0,,,,,,0,,,,241662,0,0
1148,105.76689052581787,2026-03-05T17:39:10.026768,85.0,0.0,4.0,1.0,0.0,0.0,1.0,129.0,9.41,0.0,0.0,STRAIGHT,0.3,0.3,"CMD,0.0,0.30",1.2,0.0,1.2,0.0,0,0.7996,0,NORMAL,59.709,-0.137,0,0,0,0,0,0.0,0,0,0,,,,,,0,,,,225106,0,0
1149,105.9078905582428,2026-03-05T17:39:10.167768,83.01,0.0,5.0,1.0,0.0,0.0,0.0,126.0,9.15,0.0,0.0,STRAIGHT,0.3,0.3,"CMD,0.0,0.30",1.2,0.0,1.2,0.0,0,0.8816,0,NORMAL,59.413,-0.152,0,0,0,0,0,0.0,0,0,0,,,,,,0,,,,203269,12,0
1150,106.04994130134583,2026-03-05T17:39:10.309819,84.0,0.0,5.0,0.0,0.0,0.0,0.0,127.04,9.16,0.0,0.0,STRAIGHT,0.3,0.3,"CMD,0.0,0.30",1.2,0.0,1.2,0.0,0,0.8794,0,NORMAL,59.187,-0.157,0,0,0,0,0,0.0,0,0,0,,,,,,0,,,,223632,36,0
1151,106.19293189048767,2026-03-05T17:39:10.452809,85.03,0.0,5.0,0.0,0.0,0.0,0.0,127.01,9.17,0.0,0.0,STRAIGHT,0.3,0.3,"CMD,0.0,0.30",1.2,0.0,1.2,0.0,0,0.9207,0,NORMAL,58.883,-0.157,0,0,0,0,0,0.0,0,0,0,,,,,,0,,,,211031,36,0
1152,106.24889469146729,2026-03-05T17:39:10.508772,2.0,0.0,2.0,0.0,0.0,0.0,0.0,40.96,9.47,0.0,0.0,STRAIGHT,0.3,0.3,"CMD,0.0,0.30",1.2,0.0,1.2,0.0,0,0.9207,0,NORMAL,58.536,-0.173,0,0,0,0,0,0.0,0,0,0,,,,,,0,,,,211031,12,0
1153,106.30789566040039,2026-03-05T17:39:10.567773,2.0,0.0,5.0,0.0,0.0,0.0,0.0,43.0,9.75,0.0,0.0,STRAIGHT,0.3,0.3,"CMD,0.0,0.30",1.2,0.0,1.2,0.0,0,0.9207,0,NORMAL,58.145,-0.163,0,0,0,0,0,0.0,0,0,0,,,,,,0,,,,211031,0,0
1154,106.36889553070068,2026-03-05T17:39:10.628773,2.0,0.0,3.0,0.0,0.0,0.0,0.0,43.0,9.73,0.0,0.0,STRAIGHT,0.3,0.3,"CMD,0.0,0.30",1.2,0.0,1.2,0.0,0,0.9207,0,NORMAL,57.963,-0.171,0,0,0,0,0,0.0,0,0,0,,,,,,0,,,,211031,0,0
1155,106.51389718055725,2026-03-05T17:39:10.773775,83.0,0.0,5.32,1.0,0.0,0.0,0.0,131.0,9.45,0.0,0.0,STRAIGHT,0.3,0.3,"CMD,0.0,0.30",1.2,0.0,1.2,0.0,0,0.3513,0,NORMAL,57.71,-0.183,0,0,0,0,0,0.0,0,0,0,,,,,,0,,,,209051,0,0
1156,106.6558985710144,2026-03-05T17:39:10.915776,83.0,0.0,5.0,1.01,0.0,0.0,0.0,127.01,9.19,0.0,0.0,STRAIGHT,0.3,0.3,"CMD,0.0,0.30",1.2,0.0,1.2,0.0,0,0.4201,0,NORMAL,56.863,-0.159,0,0,0,0,0,0.0,0,0,0,,,,,,0,,,,187715,12,0
1157,106.79589796066284,2026-03-05T17:39:11.055776,84.04,0.0,3.97,1.0,0.0,0.0,0.0,125.0,9.2,0.0,0.0,STRAIGHT,0.3,0.3,"CMD,0.0,0.30",1.2,0.0,1.2,0.0,0,0.8631,0,NORMAL,56.494,-0.177,0,0,0,0,0,0.0,0,0,0,,,,,,0,,,,78076,0,0
1158,106.93690538406372,2026-03-05T17:39:11.196783,85.0,0.0,4.0,0.0,0.0,0.0,0.0,127.01,9.21,0.0,0.0,STRAIGHT,0.3,0.3,"CMD,0.0,0.30",1.2,0.0,1.2,0.0,0,0.508,0,NORMAL,56.227,-0.2,0,0,0,0,0,0.0,0,0,0,,,,,,0,,,,39659,0,0
1159,106.98991394042969,2026-03-05T17:39:11.249791,1.02,0.0,3.0,0.0,0.0,0.0,0.0,40.01,9.49,0.0,0.0,STRAIGHT,0.3,0.3,"CMD,0.0,0.30",1.2,0.0,1.2,0.0,0,0.508,0,NORMAL,55.702,-0.196,0,0,0,0,0,0.0,0,0,0,,,,,,0,,,,39659,0,0
1160,107.04390549659729,2026-03-05T17:39:11.303783,2.02,0.0,2.99,0.0,0.0,0.0,0.0,41.0,9.5,0.0,0.0,STRAIGHT,0.3,0.3,"CMD,0.0,0.30",1.2,0.0,1.2,0.0,0,0.508,0,NORMAL,55.185,-0.171,0,0,0,0,0,0.0,0,0,0,,,,,,0,,,,39659,0,0
1161,107.09890413284302,2026-03-05T17:39:11.358782,2.0,0.0,2.0,0.0,0.0,0.0,0.0,42.0,9.5,0.0,0.0,STRAIGHT,0.3,0.3,"CMD,0.0,0.30",1.2,0.0,1.2,0.0,0,0.508,0,NORMAL,54.736,-0.179,0,0,0,0,0,0.0,0,0,0,,,,,,0,,,,39659,0,0
1162,107.23990631103516,2026-03-05T17:39:11.499784,84.0,0.0,3.0,1.0,0.0,0.0,0.0,128.01,9.24,0.0,0.0,STRAIGHT,0.3,0.3,"CMD,0.0,0.30",1.2,0.0,1.2,0.0,0,0.3933,0,NORMAL,54.096,-0.178,0,0,0,0,0,0.0,0,0,0,,,,,,0,,,,39659,0,0
1163,107.38490414619446,2026-03-05T17:39:11.644782,90.01,0.0,3.99,1.0,0.0,0.0,1.0,133.0,9.26,0.0,0.0,STRAIGHT,0.3,0.3,"CMD,0.0,0.30",1.2,0.0,1.2,0.0,0,0.1658,1,WARN,53.738,-0.182,0,0,0,0,0,0.0,0,0,0,,,,,,0,,,,39659,0,0
1164,107.52690505981445,2026-03-05T17:39:11.786783,84.0,0.0,4.0,1.0,0.0,0.0,0.0,129.0,9.29,0.0,0.0,STRAIGHT,0.3,0.3,"CMD,0.0,0.30",1.2,0.0,1.2,0.0,0,0.2392,1,WARN,53.524,-0.187,0,0,0,0,0,0.0,0,0,0,,,,,,0,,,,16100,0,0
1165,107.57991313934326,2026-03-05T17:39:11.839791,2.01,0.0,2.0,0.0,0.0,0.0,0.0,41.01,9.56,0.0,0.0,STRAIGHT,0.3,0.3,"CMD,0.0,0.30",1.2,0.0,1.2,0.0,0,0.2392,1,WARN,53.379,-0.205,0,0,0,0,0,0.0,0,0,0,,,,,,0,,,,9485,0,0
1166,107.6319031715393,2026-03-05T17:39:11.891781,2.0,0.0,2.0,0.0,0.0,0.0,0.0,39.99,9.86,0.0,0.0,STRAIGHT,0.3,0.3,"CMD,0.0,0.30",1.2,0.0,1.2,0.0,0,0.2392,1,WARN,53.407,-0.226,0,0,0,0,0,0.0,0,0,0,,,,,,0,,,,9485,0,0
1167,107.68490386009216,2026-03-05T17:39:11.944781,2.0,0.0,2.0,0.0,0.0,0.0,0.0,40.0,9.87,0.0,0.0,STRAIGHT,0.3,0.3,"CMD,0.0,0.30",1.2,0.0,1.2,0.0,0,0.2392,1,WARN,53.427,-0.243,0,0,0,0,0,0.0,0,0,0,,,,,,0,,,,9485,0,0
1168,107.82291197776794,2026-03-05T17:39:12.082790,83.0,0.0,3.0,1.0,0.0,0.0,0.0,125.01,9.6,0.0,0.0,STRAIGHT,0.3,0.3,"CMD,0.0,0.30",1.2,0.0,1.2,0.0,0,0.0402,2,WARN,53.427,-0.248,0,0,0,0,0,0.0,0,0,0,,,,,,0,,,,16100,0,0
1169,107.97591400146484,2026-03-05T17:39:12.235791,87.01,0.0,4.0,0.0,0.0,0.0,0.0,140.01,9.31,0.0,0.0,STRAIGHT,0.3,0.3,"CMD,0.0,0.30",1.2,0.0,1.2,0.0,0,0.0003,3,WARN,53.86,-0.292,0,0,0,0,0,0.0,0,0,0,,,,,,0,,,,9534,0,0
1170,108.11390733718872,2026-03-05T17:39:12.373785,83.0,0.0,4.0,1.0,0.0,0.0,0.0,124.0,9.35,0.0,0.0,STRAIGHT,0.3,0.3,"CMD,0.0,0.30",1.2,0.0,1.2,0.0,0,0.153,4,WARN,54.32,-0.318,0,0,0,0,0,0.0,0,0,0,,,,,,0,,,,8982,0,0
1171,108.25390863418579,2026-03-05T17:39:12.513786,83.99,0.0,4.0,1.0,0.0,0.0,0.0,127.0,9.38,0.0,0.0,STRAIGHT,0.3,0.3,"CMD,0.0,0.30",1.2,0.0,1.2,0.0,0,0.2018,5,WARN,54.332,-0.307,0,0,0,0,0,0.0,0,0,0,,,,,,0,,,,1939,0,0
1172,108.30591583251953,2026-03-05T17:39:12.565793,2.01,0.0,2.0,0.0,0.0,0.0,0.0,40.01,9.69,0.0,0.0,STRAIGHT,0.3,0.3,"CMD,0.0,0.30",1.2,0.0,1.2,0.0,0,0.2018,5,WARN,54.49,-0.332,0,0,0,0,0,0.0,0,0,0,,,,,,0,,,,1813,0,0
1173,108.3589096069336,2026-03-05T17:39:12.618787,2.0,0.0,2.0,0.0,0.0,0.0,1.0,41.0,9.99,0.0,0.0,STRAIGHT,0.3,0.3,"CMD,0.0,0.30",1.2,0.0,1.2,0.0,0,0.2018,5,WARN,54.749,-0.356,0,0,0,0,0,0.0,0,0,0,,,,,,0,,,,1813,0,0
1174,108.41490983963013,2026-03-05T17:39:12.674787,2.0,0.0,2.0,0.0,0.0,0.0,0.0,44.0,9.99,0.0,0.0,STRAIGHT,0.3,0.3,"CMD,0.0,0.30",1.2,0.0,1.2,0.0,0,0.2018,5,WARN,54.794,-0.346,0,0,0,0,0,0.0,0,0,0,,,,,,0,,,,1813,0,0
1175,108.55591106414795,2026-03-05T17:39:12.815789,83.0,0.0,4.0,1.0,0.0,0.0,1.0,128.0,9.71,0.0,0.0,STRAIGHT,0.3,0.2,"CMD,0.0,0.20",1.2,0.0,1.2,0.0,0,0.0,6,LIMITED,54.844,-0.349,0,0,0,0,0,0.0,0,0,0,,,,,,0,,,,1813,0,0
1176,108.6989119052887,2026-03-05T17:39:12.958789,85.0,0.0,4.0,0.0,0.0,0.0,0.0,131.0,9.43,0.0,0.0,STRAIGHT,0.3,0.2,"CMD,0.0,0.20",1.2,0.0,1.2,0.0,0,0.0,7,LIMITED,54.663,-0.365,0,0,0,0,0,0.0,0,0,0,,,,,,0,,,,1813,0,0
1177,108.85391449928284,2026-03-05T17:39:13.113792,96.0,0.0,5.0,1.0,0.0,0.0,0.0,140.0,9.4,0.0,0.0,STRAIGHT,0.3,0.2,"CMD,0.0,0.20",1.2,0.0,1.2,0.0,0,0.4516,6,LIMITED,54.92,-0.391,0,0,0,0,0,0.0,0,0,0,,,,,,0,,,,2168,0,0
1178,109.00092124938965,2026-03-05T17:39:13.260799,84.99,0.0,4.0,1.0,0.0,0.0,0.0,132.0,9.38,0.0,0.0,STRAIGHT,0.3,0.2,"CMD,0.0,0.20",1.2,0.0,1.2,0.0,0,0.1832,7,LIMITED,54.858,-0.395,0,0,0,0,0,0.0,0,0,0,,,,,,0,,,,2605,0,0
1179,109.05391526222229,2026-03-05T17:39:13.313793,2.0,0.0,2.0,0.0,0.0,0.0,0.0,39.99,9.66,0.0,0.0,STRAIGHT,0.3,0.2,"CMD,0.0,0.20",1.2,0.0,1.2,0.0,0,0.1832,7,LIMITED,54.673,-0.389,0,0,0,0,0,0.0,0,0,0,,,,,,0,,,,11494,0,0
1180,109.10791563987732,2026-03-05T17:39:13.367793,2.0,0.0,3.0,0.0,0.0,0.0,0.0,42.0,9.95,0.0,0.0,STRAIGHT,0.3,0.2,"CMD,0.0,0.20",1.2,0.0,1.2,0.0,0,0.1832,7,LIMITED,54.548,-0.391,0,0,0,0,0,0.0,0,0,0,,,,,,0,,,,11494,0,0
1181,109.16191530227661,2026-03-05T17:39:13.421793,1.0,0.0,3.0,0.0,0.0,0.0,0.0,41.0,9.96,0.0,0.0,STRAIGHT,0.3,0.2,"CMD,0.0,0.20",1.2,0.0,1.2,0.0,0,0.1832,7,LIMITED,54.874,-0.424,0,0,0,0,0,0.0,0,0,0,,,,,,0,,,,11494,0,0
1182,109.30291652679443,2026-03-05T17:39:13.562794,85.0,0.0,4.0,0.0,0.0,0.0,0.0,128.0,9.68,0.0,0.0,STRAIGHT,0.3,0.2,"CMD,0.0,0.20",1.2,0.0,1.2,0.0,0,0.0361,8,LIMITED,55.363,-0.445,0,0,0,0,0,0.0,0,0,0,,,,,,0,,,,2873,0,0
1183,109.45191860198975,2026-03-05T17:39:13.711796,91.0,0.0,5.0,1.0,0.0,0.0,0.0,135.0,9.41,0.0,0.0,STRAIGHT,0.3,0.2,"CMD,0.0,0.20",1.2,0.0,1.2,0.0,0,0.0258,9,LIMITED,55.666,-0.462,0,0,0,0,0,0.0,0,0,0,,,,,,0,,,,11494,0,0
1184,109.5949194431305,2026-03-05T17:39:13.854797,86.0,0.0,4.0,0.0,1.0,0.0,0.0,129.0,9.41,0.0,0.0,STRAIGHT,0.3,0.2,"CMD,0.0,0.20",1.2,0.0,1.2,0.0,0,0.0563,10,LIMITED,56.336,-0.471,0,0,0,0,0,0.0,0,0,0,,,,,,0,,,,16288,0,0
1185,109.73592042922974,2026-03-05T17:39:13.995798,82.99,0.0,5.0,0.0,0.0,0.0,0.0,128.0,9.41,0.0,0.0,STRAIGHT,0.3,0.2,"CMD,0.0,0.20",1.2,0.0,1.2,0.0,0,0.0829,11,LIMITED,57.09,-0.486,0,0,0,0,0,0.0,0,0,0,,,,,,0,,,,65424,0,0
1186,109.78992462158203,2026-03-05T17:39:14.049802,2.0,0.0,2.0,0.0,0.0,0.0,0.0,40.0,9.69,0.0,0.0,STRAIGHT,0.3,0.2,"CMD,0.0,0.20",1.2,0.0,1.2,0.0,0,0.0829,11,LIMITED,58.244,-0.494,0,0,0,0,0,0.0,0,0,0,,,,,,0,,,,138989,0,0
1187,109.84692096710205,2026-03-05T17:39:14.106798,2.0,0.0,3.0,0.0,0.0,0.0,0.0,43.0,9.97,0.0,0.0,STRAIGHT,0.3,0.2,"CMD,0.0,0.20",1.2,0.0,1.2,0.0,0,0.0829,11,LIMITED,59.138,-0.489,0,0,0,0,0,0.0,0,0,0,,,,,,0,,,,138989,0,0
1188,109.90593028068542,2026-03-05T17:39:14.165808,2.0,0.0,3.01,0.0,0.0,0.0,0.0,44.01,9.95,0.0,0.0,STRAIGHT,0.3,0.2,"CMD,0.0,0.20",1.2,0.0,1.2,0.0,0,0.0829,11,LIMITED,59.413,-0.468,0,0,0,0,0,0.0,0,0,0,,,,,,0,,,,138989,0,0
1189,110.04992246627808,2026-03-05T17:39:14.309800,85.0,0.0,4.0,1.0,0.0,0.0,0.0,128.0,9.65,0.0,0.0,STRAIGHT,0.3,0.2,"CMD,0.0,0.20",1.2,0.0,1.2,0.0,0,0.3207,11,LIMITED,59.203,-0.479,0,0,0,0,0,0.0,0,0,0,,,,,,0,,,,138416,0,0
1190,110.19192361831665,2026-03-05T17:39:14.451801,85.0,0.0,5.0,0.0,1.0,0.0,0.0,128.0,9.38,0.0,0.0,STRAIGHT,0.3,0.2,"CMD,0.0,0.20",1.2,0.0,1.2,0.0,0,0.686,10,LIMITED,60.351,-0.508,0,0,0,0,0,0.0,0,0,0,,,,,,0,,,,199801,0,0
1191,110.3379259109497,2026-03-05T17:39:14.597803,87.04,0.0,4.95,1.0,0.0,0.0,0.0,130.0,9.36,0.0,0.0,STRAIGHT,0.3,0.2,"CMD,0.0,0.20",1.2,0.0,1.2,0.0,0,0.8548,9,LIMITED,60.885,-0.516,0,0,0,0,0,0.0,0,0,0,,,,,,0,,,,170796,0,0
1192,110.49092769622803,2026-03-05T17:39:14.750805,94.0,0.0,5.0,1.0,0.0,0.0,0.0,139.0,9.34,0.0,0.0,STRAIGHT,0.3,0.2,"CMD,0.0,0.20",1.2,0.0,1.2,0.0,0,0.8125,8,LIMITED,61.377,-0.534,0,0,0,0,0,0.0,0,0,0,,,,,,0,,,,138779,36,0
1193,110.54892659187317,2026-03-05T17:39:14.808804,2.0,0.0,2.0,0.0,0.0,0.0,0.0,43.0,9.6,0.0,0.0,STRAIGHT,0.3,0.2,"CMD,0.0,0.20",1.2,0.0,1.2,0.0,0,0.8125,8,LIMITED,62.324,-0.558,0,0,0,0,0,0.0,0,0,0,,,,,,0,,,,138779,12,0
1194,110.60492849349976,2026-03-05T17:39:14.864806,1.01,0.0,2.99,0.0,0.0,0.0,0.0,41.0,9.59,0.0,0.0,STRAIGHT,0.3,0.2,"CMD,0.0,0.20",1.2,0.0,1.2,0.0,0,0.8125,8,LIMITED,63.251,-0.561,0,0,0,0,0,0.0,0,0,0,,,,,,0,,,,138779,0,0
1195,110.65992760658264,2026-03-05T17:39:14.919805,2.0,0.0,3.0,0.0,0.0,0.0,0.0,41.0,9.58,0.0,0.0,STRAIGHT,0.3,0.2,"CMD,0.0,0.20",1.2,0.0,1.2,0.0,0,0.8125,8,LIMITED,63.215,-0.549,0,0,0,0,0,0.0,0,0,0,,,,,,0,,,,138779,0,0
1196,110.8029294013977,2026-03-05T17:39:15.062807,84.01,0.0,4.0,1.0,0.0,0.0,0.0,129.0,9.3,0.0,0.0,STRAIGHT,0.3,0.2,"CMD,0.0,0.20",1.2,0.0,1.2,0.0,0,0.5464,7,LIMITED,63.638,-0.556,0,0,0,0,0,0.0,0,0,0,,,,,,0,,,,91154,0,0
1197,110.9489381313324,2026-03-05T17:39:15.208816,87.01,0.0,4.0,0.99,0.0,0.0,0.0,131.0,9.28,0.0,0.0,STRAIGHT,0.3,0.2,"CMD,0.0,0.20",1.2,0.0,1.2,0.0,0,0.7011,6,LIMITED,64.695,-0.574,0,0,0,0,0,0.0,0,0,0,,,,,,0,,,,65644,0,0
1198,111.08993339538574,2026-03-05T17:39:15.349811,84.94,0.0,4.01,1.0,0.0,0.0,0.0,127.96,9.31,0.0,0.0,STRAIGHT,0.3,0.3,"CMD,0.0,0.30",1.2,0.0,1.2,0.0,0,0.6518,5,NORMAL,65.772,-0.595,0,0,0,0,0,0.0,0,0,0,,,,,,0,,,,92911,0,0
1199,111.14493894577026,2026-03-05T17:39:15.404816,2.0,0.0,2.0,0.0,0.0,0.0,0.0,41.01,9.56,0.0,0.0,STRAIGHT,0.3,0.3,"CMD,0.0,0.30",1.2,0.0,1.2,0.0,0,0.6518,5,NORMAL,67.224,-0.599,0,0,0,0,0,0.0,0,0,0,,,,,,0,,,,92911,0,0
1200,111.19896697998047,2026-03-05T17:39:15.458844,2.04,0.0,2.0,0.0,0.0,0.0,0.0,39.03,9.84,0.0,0.0,STRAIGHT,0.3,0.3,"CMD,0.0,0.30",1.2,0.0,1.2,0.0,0,0.6518,5,NORMAL,68.522,-0.593,0,0,0,0,0,0.0,0,0,0,,,,,,0,,,,92911,0,0
1201,111.25397658348083,2026-03-05T17:39:15.513854,2.03,0.0,2.01,0.0,0.0,0.0,0.0,41.04,9.84,0.0,0.0,STRAIGHT,0.3,0.3,"CMD,0.0,0.30",1.2,0.0,1.2,0.0,0,0.6518,5,NORMAL,70.078,-0.618,0,0,0,0,0,0.0,0,0,0,,,,,,0,,,,92911,0,0
1202,111.3959367275238,2026-03-05T17:39:15.655814,83.0,0.0,4.0,1.0,0.0,0.0,0.0,127.98,9.55,0.0,0.0,STRAIGHT,0.3,0.3,"CMD,0.0,0.30",1.2,0.0,1.2,0.0,0,0.6284,4,NORMAL,70.711,-0.635,0,0,0,0,0,0.0,0,0,0,,,,,,0,,,,133220,0,0
1203,111.54296875,2026-03-05T17:39:15.802846,90.0,0.0,5.03,0.97,0.0,0.0,0.0,133.03,9.27,0.0,0.0,STRAIGHT,0.3,0.3,"CMD,0.0,0.30",1.2,0.0,1.2,0.0,0,0.8038,3,NORMAL,70.711,-0.644,0,0,0,0,0,0.0,0,0,0,,,,,,0,,,,107081,0,0
1204,111.68697023391724,2026-03-05T17:39:15.946848,85.0,0.0,4.03,0.98,0.0,0.0,1.02,130.03,9.26,0.0,0.0,STRAIGHT,0.3,0.3,"CMD,0.0,0.30",1.2,0.0,1.2,0.0,0,0.7493,2,NORMAL,70.711,-0.628,0,0,0,0,0,0.0,0,0,0,,,,,,0,,,,142901,0,0
1205,111.83097243309021,2026-03-05T17:39:16.090850,86.01,0.0,5.05,0.96,0.0,0.0,1.03,131.0,9.26,0.0,0.0,STRAIGHT,0.3,0.3,"CMD,0.0,0.30",1.2,0.0,1.2,0.0,0,0.882,1,NORMAL,70.711,-0.639,0,0,0,0,0,0.0,0,0,0,,,,,,0,,,,159349,0,0
1206,111.89094090461731,2026-03-05T17:39:16.150818,2.0,0.0,2.0,0.0,0.0,0.0,0.0,43.0,9.55,0.0,0.0,STRAIGHT,0.3,0.3,"CMD,0.0,0.30",1.2,0.0,1.2,0.0,0,0.882,1,NORMAL,70.711,-0.629,0,0,0,0,0,0.0,0,0,0,,,,,,0,,,,159349,0,0
1207,111.95094585418701,2026-03-05T17:39:16.210823,2.03,0.0,2.97,0.0,0.0,0.0,0.0,44.98,9.83,0.0,0.0,STRAIGHT,0.3,0.3,"CMD,0.0,0.30",1.2,0.0,1.2,0.0,0,0.882,1,NORMAL,70.711,-0.622,0,0,0,0,0,0.0,0,0,0,,,,,,0,,,,159349,0,0
1208,112.00994300842285,2026-03-05T17:39:16.269821,2.0,0.0,3.0,0.0,0.0,0.0,0.0,41.0,9.81,0.0,0.0,STRAIGHT,0.3,0.3,"CMD,0.0,0.30",1.2,0.0,1.2,0.0,0,0.882,1,NORMAL,70.711,-0.631,0,0,0,0,0,0.0,0,0,0,,,,,,0,,,,159349,0,0
1209,112.16094589233398,2026-03-05T17:39:16.420823,87.01,0.0,5.0,0.0,1.0,0.0,0.0,135.01,9.5,0.0,0.0,STRAIGHT,0.3,0.3,"CMD,0.0,0.30",1.2,0.0,1.2,0.0,0,0.8442,0,NORMAL,70.711,-0.633,0,0,0,0,0,0.0,0,0,0,,,,,,0,,,,186872,0,0
1210,112.30194115638733,2026-03-05T17:39:16.561819,85.01,0.0,5.0,0.0,1.0,0.0,0.0,126.99,9.24,0.0,0.0,STRAIGHT,0.3,0.3,"CMD,0.0,0.30",1.2,0.0,1.2,0.0,0,0.9593,0,NORMAL,70.711,-0.633,0,0,0,0,0,0.0,0,0,0,,,,,,0,,,,183505,0,0
1211,112.44294285774231,2026-03-05T17:39:16.702820,84.0,0.0,5.03,1.0,0.0,0.0,0.0,125.99,9.24,0.0,0.0,STRAIGHT,0.3,0.3,"CMD,0.0,0.30",1.2,0.0,1.2,0.0,0,0.917,0,NORMAL,70.711,-0.627,0,0,0,0,0,0.0,0,0,0,,,,,,0,,,,199951,36,0
1212,112.59297585487366,2026-03-05T17:39:16.852853,91.03,0.0,4.97,0.97,0.0,0.0,0.0,135.0,9.23,0.0,0.0,STRAIGHT,0.3,0.3,"CMD,0.0,0.30",1.2,0.0,1.2,0.0,0,0.8305,0,NORMAL,70.711,-0.621,0,0,0,0,0,0.0,0,0,0,,,,,,0,,,,240756,36,0
1213,112.6509792804718,2026-03-05T17:39:16.910857,2.03,0.0,2.0,0.0,0.0,0.0,0.0,41.01,9.49,0.0,0.0,STRAIGHT,0.3,0.3,"CMD,0.0,0.30",1.2,0.0,1.2,0.0,0,0.8305,0,NORMAL,70.711,-0.609,0,0,0,0,0,0.0,0,0,0,,,,,,0,,,,240756,12,0
1214,112.70696926116943,2026-03-05T17:39:16.966847,2.04,0.0,2.0,0.0,0.0,0.0,0.99,40.99,9.76,0.0,0.0,STRAIGHT,0.3,0.3,"CMD,0.0,0.30",1.2,0.0,1.2,0.0,0,0.8305,0,NORMAL,70.711,-0.602,0,0,0,0,0,0.0,0,0,0,,,,,,0,,,,240756,0,0
1215,112.76194906234741,2026-03-05T17:39:17.021827,2.03,0.0,2.97,0.0,0.0,0.0,0.0,40.97,9.75,0.0,0.0,STRAIGHT,0.3,0.3,"CMD,0.0,0.30",1.2,0.0,1.2,0.0,0,0.8305,0,NORMAL,70.711,-0.638,0,0,0,0,0,0.0,0,0,0,,,,,,0,,,,240756,0,0
1216,112.90394806861877,2026-03-05T17:39:17.163825,83.0,0.0,5.0,0.0,0.0,0.0,0.0,126.98,9.49,0.0,0.0,STRAIGHT,0.3,0.3,"CMD,0.0,0.30",1.2,0.0,1.2,0.0,0,0.8567,0,NORMAL,70.711,-0.625,0,0,0,0,0,0.0,0,0,0,,,,,,0,,,,280131,0,0
1217,113.04898071289062,2026-03-05T17:39:17.308858,86.04,0.0,4.0,0.97,0.0,0.0,0.0,129.03,9.23,0.0,0.0,STRAIGHT,0.3,0.3,"CMD,0.0,0.30",1.2,0.0,1.2,0.0,0,0.9469,0,NORMAL,70.711,-0.613,0,0,0,0,0,0.0,0,0,0,,,,,,0,,,,294334,12,0
1218,113.19197535514832,2026-03-05T17:39:17.451853,84.03,0.0,4.0,0.94,0.0,0.0,0.0,125.97,9.23,0.0,0.0,STRAIGHT,0.3,0.3,"CMD,0.0,0.30",1.2,0.0,1.2,0.0,0,0.9126,0,NORMAL,70.711,-0.59,0,0,0,0,0,0.0,0,0,0,,,,,,0,,,,280401,36,0
1219,113.3349494934082,2026-03-05T17:39:17.594827,85.0,0.0,4.0,1.0,0.0,0.0,1.0,127.97,9.23,0.0,0.0,STRAIGHT,0.3,0.3,"CMD,0.0,0.30",1.2,0.0,1.2,0.0,0,0.9607,0,NORMAL,70.711,-0.619,0,0,0,0,0,0.0,0,0,0,,,,,,0,,,,286228,36,0
1220,113.39195227622986,2026-03-05T17:39:17.651830,2.0,0.0,3.0,0.0,0.0,0.0,0.0,40.97,9.49,0.0,0.0,STRAIGHT,0.3,0.3,"CMD,0.0,0.30",1.2,0.0,1.2,0.0,0,0.9607,0,NORMAL,70.711,-0.593,0,0,0,0,0,0.0,0,0,0,,,,,,0,,,,286228,12,0
1221,113.44898653030396,2026-03-05T17:39:17.708864,1.03,0.0,4.0,0.0,0.0,0.0,0.0,41.03,9.8,0.0,0.0,STRAIGHT,0.3,0.3,"CMD,0.0,0.30",1.2,0.0,1.2,0.0,0,0.9607,0,NORMAL,70.711,-0.553,0,0,0,0,0,0.0,0,0,0,,,,,,0,,,,286228,0,0
1222,113.50598549842834,2026-03-05T17:39:17.765863,2.04,0.0,2.0,0.0,0.0,0.0,0.0,41.0,9.81,0.0,0.0,STRAIGHT,0.3,0.3,"CMD,0.0,0.30",1.2,0.0,1.2,0.0,0,0.9607,0,NORMAL,70.711,-0.591,0,0,0,0,0,0.0,0,0,0,,,,,,0,,,,286228,0,0
1223,113.65795350074768,2026-03-05T17:39:17.917831,92.0,0.0,4.0,0.0,0.0,0.0,0.0,135.97,9.5,0.0,0.0,STRAIGHT,0.3,0.3,"CMD,0.0,0.30",1.2,0.0,1.2,0.0,0,0.9149,0,NORMAL,70.711,-0.584,0,0,0,0,0,0.0,0,0,0,,,,,,0,,,,301523,0,0
1224,113.80499029159546,2026-03-05T17:39:18.064868,84.03,0.0,5.0,0.98,0.0,0.0,0.0,130.0,9.22,0.0,0.0,STRAIGHT,0.3,0.3,"CMD,0.0,0.30",1.2,0.0,1.2,0.0,0,0.939,0,NORMAL,70.711,-0.575,0,0,0,0,0,0.0,0,0,0,,,,,,0,,,,321110,12,0
1225,113.95099067687988,2026-03-05T17:39:18.210868,86.03,0.0,5.0,0.0,0.0,0.0,0.0,130.0,9.21,0.0,0.0,STRAIGHT,0.3,0.3,"CMD,0.0,0.30",1.2,0.0,1.2,0.0,0,0.9837,0,NORMAL,70.711,-0.577,0,0,0,0,0,0.0,0,0,0,,,,,,0,,,,318187,36,0
1226,114.09495782852173,2026-03-05T17:39:18.354835,84.0,0.0,5.0,1.0,0.0,0.0,0.0,128.0,9.22,0.0,0.0,STRAIGHT,0.3,0.3,"CMD,0.0,0.30",1.2,0.0,1.2,0.0,0,0.9741,0,NORMAL,70.711,-0.582,0,0,0,0,0,0.0,0,0,0,,,,,,0,,,,326529,36,0
1227,114.1539580821991,2026-03-05T17:39:18.413836,1.99,0.0,2.0,0.0,0.0,0.0,0.0,42.0,9.47,0.0,0.0,STRAIGHT,0.3,0.3,"CMD,0.0,0.30",1.2,0.0,1.2,0.0,0,0.9741,0,NORMAL,70.711,-0.562,0,0,0,0,0,0.0,0,0,0,,,,,,0,,,,326529,12,0
1228,114.21198415756226,2026-03-05T17:39:18.471861,1.03,0.0,3.0,0.0,0.0,0.0,0.0,41.99,9.46,0.0,0.0,STRAIGHT,0.3,0.3,"CMD,0.0,0.30",1.2,0.0,1.2,0.0,0,0.9741,0,NORMAL,70.711,-0.523,0,0,0,0,0,0.0,0,0,0,,,,,,0,,,,326529,0,0
1229,114.267991065979,2026-03-05T17:39:18.527868,2.04,0.0,2.01,0.0,0.0,0.0,0.99,39.99,9.45,0.0,0.0,STRAIGHT,0.3,0.3,"CMD,0.0,0.30",1.2,0.0,1.2,0.0,0,0.9741,0,NORMAL,70.711,-0.531,0,0,0,0,0,0.0,0,0,0,,,,,,0,,,,326529,0,0
1230,114.41095995903015,2026-03-05T17:39:18.670837,83.0,0.0,5.0,1.0,0.0,0.0,0.0,127.96,9.19,0.0,0.0,STRAIGHT,0.3,0.3,"CMD,0.0,0.30",1.2,0.0,1.2,0.0,0,0.9673,0,NORMAL,70.711,-0.552,0,0,0,0,0,0.0,0,0,0,,,,,,0,,,,324125,0,0
1231,114.55396938323975,2026-03-05T17:39:18.813847,84.01,0.0,5.0,0.99,0.0,0.0,0.0,127.01,9.18,0.0,0.0,STRAIGHT,0.3,0.3,"CMD,0.0,0.30",1.2,0.0,1.2,0.0,0,0.9838,0,NORMAL,70.711,-0.559,0,0,0,0,0,0.0,0,0,0,,,,,,0,,,,321254,12,0
1232,114.7049617767334,2026-03-05T17:39:18.964839,90.02,0.0,4.98,1.0,0.0,0.0,0.0,134.99,9.17,0.0,0.0,STRAIGHT,0.3,0.3,"CMD,0.0,0.30",1.2,0.0,1.2,0.0,0,0.9794,0,NORMAL,70.711,-0.565,0,0,0,0,0,0.0,0,0,0,,,,,,0,,,,317779,205,10
1233,114.76499652862549,2026-03-05T17:39:19.024874,2.0,0.0,2.03,0.0,0.0,0.0,0.0,42.0,9.42,0.0,0.0,STRAIGHT,0.3,0.3,"CMD,0.0,0.30",1.2,0.0,1.2,0.0,0,0.9794,0,NORMAL,70.711,-0.586,0,0,0,0,0,0.0,0,0,0,,,,,,0,,,,317779,124,0
1234,114.82300305366516,2026-03-05T17:39:19.082880,2.03,0.0,2.0,0.0,0.0,0.0,0.0,41.04,9.7,0.0,0.0,STRAIGHT,0.3,0.3,"CMD,0.0,0.30",1.2,0.0,1.2,0.0,0,0.9794,0,NORMAL,70.711,-0.608,0,0,0,0,0,0.0,0,0,0,,,,,,0,,,,317779,86,0
1235,114.8809962272644,2026-03-05T17:39:19.140874,2.04,0.0,2.0,0.0,0.0,0.0,0.0,41.0,9.7,0.0,0.0,STRAIGHT,0.3,0.3,"CMD,0.0,0.30",1.2,0.0,1.2,0.0,0,0.9794,0,NORMAL,70.711,-0.627,0,0,0,0,0,0.0,0,0,0,,,,,,0,,,,317779,42,0
1236,115.02796292304993,2026-03-05T17:39:19.287840,85.0,0.0,5.0,0.0,0.0,0.0,0.0,129.0,9.42,0.0,0.0,STRAIGHT,0.3,0.3,"CMD,0.0,0.30",1.2,0.0,1.2,0.0,0,0.9768,0,NORMAL,70.711,-0.645,0,0,0,0,0,0.0,0,0,0,,,,,,0,,,,319844,10,0
1237,115.17196369171143,2026-03-05T17:39:19.431841,85.0,0.0,5.0,0.0,0.0,0.0,0.0,127.0,9.17,0.0,0.0,STRAIGHT,0.3,0.3,"CMD,0.0,0.30",1.2,0.0,1.2,0.0,0,0.9855,0,NORMAL,70.711,-0.643,0,0,0,0,0,0.0,0,0,0,,,,,,0,,,,321522,0,0
1238,115.3159728050232,2026-03-05T17:39:19.575850,85.01,0.0,5.0,0.0,0.0,0.0,0.0,128.01,9.19,0.0,0.0,STRAIGHT,0.3,0.3,"CMD,0.0,0.30",1.2,0.0,1.2,0.0,0,0.9894,0,NORMAL,70.711,-0.643,0,0,0,0,0,0.0,0,0,0,,,,,,0,,,,321474,0,0
1239,115.46200203895569,2026-03-05T17:39:19.721880,85.04,0.0,5.0,1.0,0.0,0.0,0.0,130.03,9.18,0.0,0.0,STRAIGHT,0.3,0.3,"CMD,0.0,0.30",1.2,0.0,1.2,0.0,0,0.9731,0,NORMAL,70.711,-0.612,0,0,0,0,0,0.0,2,1,0,,,,,,0,,,,313109,406,44
1240,115.51796889305115,2026-03-05T17:39:19.777846,1.0,0.0,3.0,0.0,0.0,0.0,0.0,39.97,9.43,0.0,0.0,STRAIGHT,0.3,0.3,"CMD,0.0,0.30",1.2,0.0,1.2,0.0,0,0.9731,0,NORMAL,70.711,-0.592,0,0,0,0,0,0.0,0,0,0,,,,,,0,,,,313109,296,0
1241,115.57497143745422,2026-03-05T17:39:19.834849,2.0,0.0,2.0,0.0,0.0,0.0,0.0,39.97,9.73,0.0,0.0,STRAIGHT,0.3,0.3,"CMD,0.0,0.30",1.2,0.0,1.2,0.0,0,0.9731,0,NORMAL,70.711,-0.584,0,0,0,0,0,0.0,0,0,0,,,,,,0,,,,313109,244,0
1242,115.63300561904907,2026-03-05T17:39:19.892883,1.03,0.0,3.0,0.0,0.0,0.0,0.0,42.0,9.72,0.0,0.0,STRAIGHT,0.3,0.3,"CMD,0.0,0.30",1.2,0.0,1.2,0.0,0,0.9731,0,NORMAL,70.711,-0.559,0,0,0,0,0,0.0,0,0,0,,,,,,0,,,,313109,169,0
1243,115.78502368927002,2026-03-05T17:39:20.044901,90.03,0.0,5.0,0.96,0.0,0.0,0.0,136.02,9.42,0.0,0.0,STRAIGHT,0.3,0.3,"CMD,0.0,0.30",1.2,0.0,1.2,0.0,0,0.9273,0,NORMAL,70.711,-0.509,0,0,0,0,0,0.0,0,0,0,,,,,,0,,,,292146,106,0
1244,115.93600678443909,2026-03-05T17:39:20.195884,86.04,0.0,5.0,0.99,0.0,0.0,0.0,131.96,9.14,0.0,0.0,STRAIGHT,0.3,0.3,"CMD,0.0,0.30",1.2,0.0,1.2,0.0,0,0.989,0,NORMAL,70.711,-0.466,0,0,0,0,0,0.0,0,0,0,,,,,,0,,,,289640,61,0
1245,116.08003282546997,2026-03-05T17:39:20.339910,85.0,0.0,5.04,0.0,0.0,0.0,0.0,128.03,9.13,0.0,0.0,STRAIGHT,0.3,0.3,"CMD,0.0,0.30",1.2,0.0,1.2,0.0,0,0.9732,0,NORMAL,70.711,-0.449,0,0,0,0,0,0.0,0,0,0,,,,,,0,,,,296947,25,0
1246,116.13697385787964,2026-03-05T17:39:20.396851,2.0,0.0,2.0,0.0,0.0,0.0,0.0,39.96,9.39,0.0,0.0,STRAIGHT,0.3,0.3,"CMD,0.0,0.30",1.2,0.0,1.2,0.0,0,0.9732,0,NORMAL,70.711,-0.44,0,0,0,0,0,0.0,0,0,0,,,,,,0,,,,296947,0,0
1247,116.19400691986084,2026-03-05T17:39:20.453885,2.03,0.0,2.0,0.0,0.0,0.0,1.0,40.99,9.66,0.0,0.0,STRAIGHT,0.3,0.3,"CMD,0.0,0.30",1.2,0.0,1.2,0.0,0,0.9732,0,NORMAL,70.711,-0.424,0,0,0,0,0,0.0,0,0,0,,,,,,0,,,,296947,0,0
1248,116.2480080127716,2026-03-05T17:39:20.507885,2.04,0.0,1.99,0.0,0.0,0.0,0.0,38.99,9.96,0.0,0.0,STRAIGHT,0.3,0.3,"CMD,0.0,0.30",1.2,0.0,1.2,0.0,0,0.9732,0,NORMAL,70.711,-0.411,0,0,0,0,0,0.0,0,0,0,,,,,,0,,,,296947,0,0
1249,116.39197325706482,2026-03-05T17:39:20.651851,85.0,0.0,5.0,0.0,1.0,0.0,0.0,127.97,9.67,0.0,0.0,STRAIGHT,0.3,0.3,"CMD,0.0,0.30",1.2,0.0,1.2,0.0,0,0.9597,0,NORMAL,70.711,-0.4,0,0,0,0,0,0.0,0,0,0,,,,,,0,,,,295126,0,0
1250,116.53497505187988,2026-03-05T17:39:20.794852,83.0,0.0,5.0,1.0,0.0,0.0,0.0,126.0,9.4,0.0,0.0,STRAIGHT,0.3,0.3,"CMD,0.0,0.30",1.2,0.0,1.2,0.0,0,0.9944,0,NORMAL,70.711,-0.401,0,0,0,0,0,0.0,0,0,0,,,,,,0,,,,294026,21,0
1251,116.67901420593262,2026-03-05T17:39:20.938892,84.06,0.0,4.98,0.96,0.0,0.0,0.0,128.04,9.14,0.0,0.0,STRAIGHT,0.3,0.3,"CMD,0.0,0.30",1.2,0.0,1.2,0.0,0,0.9887,0,NORMAL,70.711,-0.401,0,0,0,0,0,0.0,2,1,0,,,,,,0,,,,297386,346,44
1252,116.83100891113281,2026-03-05T17:39:21.090886,91.05,0.0,4.98,1.03,0.0,0.0,0.0,136.01,9.14,0.0,0.0,STRAIGHT,0.3,0.3,"CMD,0.0,0.30",1.2,0.0,1.2,0.0,0,0.9927,0,NORMAL,70.711,-0.389,0,0,0,0,0,0.0,2,1,0,,,,,,0,,,,295536,404,50
1253,116.89301300048828,2026-03-05T17:39:21.152890,2.04,0.0,3.0,0.0,0.0,0.0,0.0,44.0,9.39,0.0,0.0,STRAIGHT,0.3,0.3,"CMD,0.0,0.30",1.2,0.0,1.2,0.0,0,0.9927,0,NORMAL,70.711,-0.359,0,0,0,0,0,0.0,0,0,0,,,,,,0,,,,295536,292,0
1254,116.94901394844055,2026-03-05T17:39:21.208891,2.04,0.0,3.0,0.0,0.0,0.0,0.0,39.0,9.67,0.0,0.0,STRAIGHT,0.3,0.3,"CMD,0.0,0.30",1.2,0.0,1.2,0.0,0,0.9927,0,NORMAL,70.711,-0.341,0,0,0,0,0,0.0,0,0,0,,,,,,0,,,,295536,239,0
1255,117.00401306152344,2026-03-05T17:39:21.263890,1.03,0.0,3.0,0.0,0.0,0.0,0.0,39.0,9.97,0.0,0.0,STRAIGHT,0.3,0.3,"CMD,0.0,0.30",1.2,0.0,1.2,0.0,0,0.9927,0,NORMAL,70.711,-0.32,0,0,0,0,0,0.0,0,0,0,,,,,,0,,,,295536,164,0
1256,117.14997935295105,2026-03-05T17:39:21.409857,85.0,0.0,5.0,1.0,0.0,0.0,0.0,129.97,9.68,0.0,0.0,STRAIGHT,0.3,0.3,"CMD,0.0,0.30",1.2,0.0,1.2,0.0,0,0.9761,0,NORMAL,70.711,-0.316,0,0,0,0,0,0.0,0,0,0,,,,,,0,,,,297933,102,0
1257,117.29098844528198,2026-03-05T17:39:21.550866,84.01,0.0,4.01,0.99,0.0,0.0,0.0,125.01,9.42,0.0,0.0,STRAIGHT,0.3,0.3,"CMD,0.0,0.30",1.2,0.0,1.2,0.0,0,0.9905,0,NORMAL,70.711,-0.295,0,0,0,0,0,0.0,0,0,0,,,,,,0,,,,296390,53,0
1258,117.43501663208008,2026-03-05T17:39:21.694894,85.04,0.0,5.0,0.97,0.0,0.0,0.0,127.99,9.16,0.0,0.0,STRAIGHT,0.3,0.3,"CMD,0.0,0.30",1.2,0.0,1.2,0.0,0,0.9924,0,NORMAL,70.711,-0.273,0,0,0,0,0,0.0,0,0,0,,,,,,0,,,,294815,14,0
1259,117.49698376655579,2026-03-05T17:39:21.756861,2.0,0.0,3.0,0.0,0.0,0.0,0.0,45.96,9.4,0.0,0.0,STRAIGHT,0.3,0.3,"CMD,0.0,0.30",1.2,0.0,1.2,0.0,0,0.9924,0,NORMAL,70.711,-0.248,0,0,0,0,0,0.0,0,0,0,,,,,,0,,,,294815,0,0
1260,117.55898880958557,2026-03-05T17:39:21.818866,2.01,0.0,4.0,0.0,0.0,0.0,0.0,46.01,9.65,0.0,0.0,STRAIGHT,0.3,0.3,"CMD,0.0,0.30",1.2,0.0,1.2,0.0,0,0.9924,0,NORMAL,70.711,-0.216,0,0,0,0,0,0.0,0,0,0,,,,,,0,,,,294815,0,0
1261,117.61800146102905,2026-03-05T17:39:21.877879,2.01,0.0,3.01,0.0,0.0,0.0,0.0,41.02,9.96,0.0,0.0,STRAIGHT,0.3,0.3,"CMD,0.0,0.30",1.2,0.0,1.2,0.0,0,0.9924,0,NORMAL,70.711,-0.191,0,0,0,0,0,0.0,0,0,0,,,,,,0,,,,294815,0,0
1262,117.76101803779602,2026-03-05T17:39:22.020895,84.04,0.0,5.0,0.0,0.0,0.0,0.0,127.03,9.68,0.0,0.0,STRAIGHT,0.3,0.3,"CMD,0.0,0.30",1.2,0.0,1.2,0.0,0,0.9854,0,NORMAL,70.711,-0.185,0,0,0,0,0,0.0,0,0,0,,,,,,0,,,,293245,0,0
1263,117.90901803970337,2026-03-05T17:39:22.168896,90.0,0.0,5.0,0.0,0.0,0.0,0.0,132.99,9.39,0.0,0.0,STRAIGHT,0.3,0.3,"CMD,0.0,0.30",1.2,0.0,1.2,0.0,0,0.9923,0,NORMAL,70.711,-0.179,0,0,0,0,0,0.0,0,0,0,,,,,,0,,,,295154,0,0
1264,118.05299091339111,2026-03-05T17:39:22.312868,85.0,0.0,5.0,1.0,0.0,0.0,0.0,127.97,9.14,0.0,0.0,STRAIGHT,0.3,0.3,"CMD,0.0,0.30",1.2,0.0,1.2,0.0,0,0.9928,0,NORMAL,70.711,-0.162,0,0,0,0,0,0.0,2,1,0,,,,,,0,,,,295999,743,76
1265,118.19998812675476,2026-03-05T17:39:22.459866,85.0,0.0,4.01,2.0,0.0,0.0,1.0,130.0,9.14,0.0,0.0,STRAIGHT,0.3,0.3,"CMD,0.0,0.30",1.2,0.0,1.2,0.0,0,0.9919,0,NORMAL,70.711,-0.154,0,0,0,0,0,0.0,2,1,0,,,,,,0,,,,295968,698,70
1266,118.25599002838135,2026-03-05T17:39:22.515867,1.0,0.0,3.0,0.0,0.0,0.0,0.0,40.0,9.4,0.0,0.0,STRAIGHT,0.3,0.3,"CMD,0.0,0.30",1.2,0.0,1.2,0.0,0,0.9919,0,NORMAL,70.711,-0.159,0,0,0,0,0,0.0,0,0,0,,,,,,0,,,,295968,564,0
1267,118.31199336051941,2026-03-05T17:39:22.571871,2.0,0.0,2.0,0.0,0.0,0.0,0.0,41.0,9.68,0.0,0.0,STRAIGHT,0.3,0.3,"CMD,0.0,0.30",1.2,0.0,1.2,0.0,0,0.9919,0,NORMAL,70.711,-0.164,0,0,0,0,0,0.0,0,0,0,,,,,,0,,,,295968,499,0
1268,118.36800074577332,2026-03-05T17:39:22.627878,2.01,0.0,2.0,0.0,0.0,0.0,0.0,39.01,9.98,0.0,0.0,STRAIGHT,0.3,0.3,"CMD,0.0,0.30",1.2,0.0,1.2,0.0,0,0.9919,0,NORMAL,70.711,-0.178,0,0,0,0,0,0.0,0,0,0,,,,,,0,,,,295968,402,0
1269,118.51199436187744,2026-03-05T17:39:22.771872,83.01,0.0,5.99,1.0,0.0,0.0,0.0,129.0,9.69,0.0,0.0,STRAIGHT,0.3,0.3,"CMD,0.0,0.30",1.2,0.0,1.2,0.0,0,0.9619,0,NORMAL,70.711,-0.166,0,0,0,0,0,0.0,0,0,0,,,,,,0,,,,305671,314,44
1270,118.56899380683899,2026-03-05T17:39:22.828871,2.0,0.0,2.0,0.0,0.0,0.0,0.0,39.0,9.69,0.0,0.0,STRAIGHT,0.3,0.3,"CMD,0.0,0.30",1.2,0.0,1.2,0.0,0,0.9619,0,NORMAL,70.711,-0.158,0,0,0,0,0,0.0,0,0,0,,,,,,0,,,,305671,234,0
1271,118.62699723243713,2026-03-05T17:39:22.886875,0.98,0.0,3.0,0.0,0.0,0.0,0.0,41.0,9.69,0.0,0.0,STRAIGHT,0.3,0.3,"CMD,0.0,0.30",1.2,0.0,1.2,0.0,0,0.9619,0,NORMAL,70.711,-0.146,0,0,0,0,0,0.0,0,0,0,,,,,,0,,,,305671,197,0
1272,118.68299436569214,2026-03-05T17:39:22.942872,2.0,0.0,3.0,0.0,0.0,0.0,0.0,40.0,10.01,0.0,0.0,STRAIGHT,0.3,0.3,"CMD,0.0,0.30",1.2,0.0,1.2,0.0,0,0.9619,0,NORMAL,70.711,-0.124,0,0,0,0,0,0.0,0,0,0,,,,,,0,,,,305671,130,0
1273,118.82899737358093,2026-03-05T17:39:23.088875,85.0,0.0,5.0,1.0,0.0,0.0,0.0,129.0,10.02,0.0,0.0,STRAIGHT,0.3,0.3,"CMD,0.0,0.30",1.2,0.0,1.2,0.0,0,0.9858,0,NORMAL,70.711,-0.084,0,0,0,0,0,0.0,0,0,0,,,,,,0,,,,305468,100,0
1274,118.9829969406128,2026-03-05T17:39:23.242875,85.0,0.0,5.0,1.0,0.0,0.0,0.0,135.0,9.99,0.0,0.0,STRAIGHT,0.3,0.3,"CMD,0.0,0.30",1.2,0.0,1.2,0.0,0,0.993,0,NORMAL,70.711,-0.063,0,0,0,0,0,0.0,0,0,0,,,,,,0,,,,304037,73,0
1275,119.12400603294373,2026-03-05T17:39:23.383884,83.01,0.0,4.0,0.99,0.0,0.0,0.0,126.01,9.71,0.0,0.0,STRAIGHT,0.3,0.3,"CMD,0.0,0.30",1.2,0.0,1.2,0.0,0,0.9941,0,NORMAL,70.711,-0.031,0,0,0,0,0,0.0,0,0,0,,,,,,0,,,,303904,29,0
1276,119.26600670814514,2026-03-05T17:39:23.525884,84.0,0.0,4.0,2.0,0.0,0.0,0.0,124.97,9.44,0.0,0.0,STRAIGHT,0.3,0.3,"CMD,0.0,0.30",1.2,0.0,1.2,0.0,0,0.9941,0,NORMAL,70.711,0.007,0,0,0,0,0,0.0,2,1,0,,,,,,0,,,,303485,1171,104
1277,119.32000732421875,2026-03-05T17:39:23.579885,2.01,0.0,2.0,0.0,0.0,0.0,0.0,38.0,9.44,0.0,0.0,STRAIGHT,0.3,0.3,"CMD,0.0,0.30",1.2,0.0,1.2,0.0,0,0.9941,0,NORMAL,70.711,0.044,0,0,0,0,0,0.0,0,0,0,,,,,,0,,,,303485,1016,0
1278,119.37399983406067,2026-03-05T17:39:23.633877,2.0,0.0,2.0,0.0,0.0,0.0,0.0,37.99,9.72,0.0,0.0,STRAIGHT,0.3,0.3,"CMD,0.0,0.30",1.2,0.0,1.2,0.0,0,0.9941,0,NORMAL,70.711,0.058,0,0,0,0,0,0.0,0,0,0,,,,,,0,,,,303485,940,0
1279,119.42900800704956,2026-03-05T17:39:23.688886,2.01,0.0,2.0,0.0,0.0,0.0,0.0,39.01,10.02,0.0,0.0,STRAIGHT,0.3,0.3,"CMD,0.0,0.30",1.2,0.0,1.2,0.0,0,0.9941,0,NORMAL,70.711,0.034,0,0,0,0,0,0.0,0,0,0,,,,,,0,,,,303485,793,0
1280,119.57501101493835,2026-03-05T17:39:23.834889,85.01,0.0,5.0,1.0,0.0,0.0,0.0,129.01,10.01,0.0,0.0,STRAIGHT,0.3,0.3,"CMD,0.0,0.30",1.2,0.0,1.2,0.0,0,0.9869,0,NORMAL,70.711,0.036,0,0,0,0,0,0.0,2,1,0,,,,,,0,,,,303309,734,78
1281,119.63203477859497,2026-03-05T17:39:23.891912,1.04,0.0,3.0,0.0,0.0,0.0,0.0,41.02,10.35,0.0,0.0,STRAIGHT,0.3,0.3,"CMD,0.0,0.30",1.2,0.0,1.2,0.0,0,0.9869,0,NORMAL,70.711,0.041,0,0,0,0,0,0.0,0,0,0,,,,,,0,,,,303309,621,0
1282,119.69000315666199,2026-03-05T17:39:23.949881,2.0,0.0,2.0,0.0,0.0,0.0,0.0,41.96,10.37,0.0,0.0,STRAIGHT,0.3,0.3,"CMD,0.0,0.30",1.2,0.0,1.2,0.0,0,0.9869,0,NORMAL,70.711,0.029,0,0,0,0,0,0.0,0,0,0,,,,,,0,,,,303309,567,0
1283,119.7460355758667,2026-03-05T17:39:24.005913,2.04,0.0,3.0,0.0,0.0,0.0,0.0,40.03,10.37,0.0,0.0,STRAIGHT,0.3,0.3,"CMD,0.0,0.30",1.2,0.0,1.2,0.0,0,0.9869,0,NORMAL,70.711,0.002,0,0,0,0,0,0.0,0,0,0,,,,,,0,,,,303309,466,0
1284,119.89800453186035,2026-03-05T17:39:24.157882,91.0,0.0,5.0,1.0,0.0,0.0,0.0,136.0,10.02,0.0,0.0,STRAIGHT,0.3,0.3,"CMD,0.0,0.30",1.2,0.0,1.2,0.0,0,0.9793,0,NORMAL,70.711,-0.025,0,0,0,0,0,0.0,2,1,0,,,,,,0,,,,309511,466,54
1285,119.9590048789978,2026-03-05T17:39:24.218882,2.0,0.0,3.0,0.0,0.0,0.0,0.0,43.0,10.32,0.0,0.0,STRAIGHT,0.3,0.3,"CMD,0.0,0.30",1.2,0.0,1.2,0.0,0,0.9793,0,NORMAL,70.711,-0.029,0,0,0,0,0,0.0,0,0,0,,,,,,0,,,,309511,374,0
1286,120.0210063457489,2026-03-05T17:39:24.280884,2.0,0.0,2.0,0.0,0.0,0.0,0.0,43.0,10.62,0.0,0.0,STRAIGHT,0.3,0.3,"CMD,0.0,0.30",1.2,0.0,1.2,0.0,0,0.9793,0,NORMAL,70.711,-0.025,0,0,0,0,0,0.0,0,0,0,,,,,,0,,,,309511,331,0
1287,120.07900547981262,2026-03-05T17:39:24.338883,2.0,0.0,3.0,0.0,0.0,0.0,0.0,42.0,10.96,0.0,0.0,STRAIGHT,0.3,0.3,"CMD,0.0,0.30",1.2,0.0,1.2,0.0,0,0.9793,0,NORMAL,70.711,-0.058,0,0,0,0,0,0.0,0,0,0,,,,,,0,,,,309511,249,0
1288,120.22501635551453,2026-03-05T17:39:24.484894,85.01,0.0,4.0,1.99,0.0,0.0,0.0,129.01,10.63,0.0,0.0,STRAIGHT,0.3,0.3,"CMD,0.0,0.30",1.2,0.0,1.2,0.0,0,0.9835,0,NORMAL,70.711,-0.019,0,0,0,0,0,0.0,0,0,0,,,,,,0,,,,311895,249,22
1289,120.36800813674927,2026-03-05T17:39:24.627886,84.0,0.0,5.01,1.0,0.0,0.0,0.0,126.99,10.32,0.0,0.0,STRAIGHT,0.3,0.3,"CMD,0.0,0.30",1.2,0.0,1.2,0.0,0,0.9945,0,NORMAL,70.711,-0.023,0,0,0,0,0,0.0,0,0,0,,,,,,0,,,,310973,210,16
1290,120.42401003837585,2026-03-05T17:39:24.683887,2.0,0.0,2.0,0.0,0.0,0.0,0.0,39.0,10.33,0.0,0.0,STRAIGHT,0.3,0.3,"CMD,0.0,0.30",1.2,0.0,1.2,0.0,0,0.9945,0,NORMAL,70.711,-0.032,0,0,0,0,0,0.0,0,0,0,,,,,,0,,,,310973,172,0
1291,120.479008436203,2026-03-05T17:39:24.738886,0.99,0.0,3.0,0.0,0.0,0.0,0.0,39.0,10.67,0.0,0.0,STRAIGHT,0.3,0.3,"CMD,0.0,0.30",1.2,0.0,1.2,0.0,0,0.9945,0,NORMAL,70.711,-0.008,0,0,0,0,0,0.0,0,0,0,,,,,,0,,,,310973,103,0
1292,120.53301739692688,2026-03-05T17:39:24.792895,2.01,0.0,2.0,0.0,0.0,0.0,0.0,39.01,11.05,0.0,0.0,STRAIGHT,0.3,0.3,"CMD,0.0,0.30",1.2,0.0,1.2,0.0,0,0.9945,0,NORMAL,70.711,0.027,0,0,0,0,0,0.0,0,0,0,,,,,,0,,,,310973,74,0
1293,120.6760106086731,2026-03-05T17:39:24.935888,84.0,0.0,4.0,1.0,0.0,0.0,0.0,125.99,11.06,0.0,0.0,STRAIGHT,0.3,0.3,"CMD,0.0,0.30",1.2,0.0,1.2,0.0,0,0.9895,0,NORMAL,70.711,0.041,0,0,0,0,0,0.0,0,0,0,,,,,,0,,,,309421,49,0
1294,120.81801152229309,2026-03-05T17:39:25.077889,84.01,0.0,4.99,0.0,0.0,0.0,0.0,126.0,11.08,0.0,0.0,STRAIGHT,0.3,0.3,"CMD,0.0,0.30",1.2,0.0,1.2,0.0,0,0.9932,0,NORMAL,70.711,0.018,0,0,0,0,0,0.0,0,0,0,,,,,,0,,,,309338,27,0
1295,120.97302198410034,2026-03-05T17:39:25.232899,90.99,0.0,6.0,1.0,0.0,0.0,0.0,139.01,10.67,0.0,0.0,STRAIGHT,0.3,0.3,"CMD,0.0,0.30",1.2,0.0,1.2,0.0,0,0.9927,0,NORMAL,70.711,-0.002,0,0,0,0,0,0.0,0,0,0,,,,,,0,,,,311507,27,0
1296,121.1230206489563,2026-03-05T17:39:25.382898,87.0,0.0,4.0,3.0,0.0,0.0,0.0,131.98,10.32,0.0,0.0,STRAIGHT,0.3,0.3,"CMD,0.0,0.30",1.2,0.0,1.2,0.0,0,0.993,0,NORMAL,70.711,-0.012,0,0,0,0,0,0.0,7,1,0,,,,,,0,,,,313348,1949,146
1297,121.18402433395386,2026-03-05T17:39:25.443902,2.0,0.0,3.01,0.0,0.0,0.0,0.0,43.01,10.29,0.0,0.0,STRAIGHT,0.3,0.3,"CMD,0.0,0.30",1.2,0.0,1.2,0.0,0,0.993,0,NORMAL,70.711,-0.033,0,0,0,0,0,0.0,0,0,0,,,,,,0,,,,313348,1855,0
1298,121.24201989173889,2026-03-05T17:39:25.501897,2.01,0.0,2.0,0.0,0.0,0.0,0.0,41.01,10.62,0.0,0.0,STRAIGHT,0.3,0.3,"CMD,0.0,0.30",1.2,0.0,1.2,0.0,0,0.993,0,NORMAL,70.711,-0.076,0,0,0,0,0,0.0,0,0,0,,,,,,0,,,,313348,1675,0
1299,121.30102920532227,2026-03-05T17:39:25.560907,2.0,0.0,3.01,0.0,0.0,0.0,0.0,42.01,10.61,0.0,0.0,STRAIGHT,0.3,0.3,"CMD,0.0,0.30",1.2,0.0,1.2,0.0,0,0.993,0,NORMAL,70.711,-0.117,0,0,0,0,0,0.0,0,0,0,,,,,,0,,,,313348,1588,0
1300,121.4540183544159,2026-03-05T17:39:25.713896,88.0,0.0,6.01,2.0,0.0,0.0,0.0,136.01,10.26,0.0,0.0,STRAIGHT,0.3,0.3,"CMD,0.0,0.30",1.2,0.0,1.2,0.0,0,0.9788,0,NORMAL,70.711,-0.156,0,0,0,0,0,0.0,7,3,0,,,,,,0,,,,318562,2990,223
1301,121.60304951667786,2026-03-05T17:39:25.862927,84.03,0.0,5.0,2.03,0.0,0.0,0.0,131.03,9.93,0.0,0.0,STRAIGHT,0.3,0.3,"CMD,0.0,0.30",1.2,0.0,1.2,0.0,0,0.9923,0,NORMAL,70.711,-0.182,0,0,0,0,0,0.0,7,3,0,,,,,,0,,,,321038,3029,229
1302,121.66001772880554,2026-03-05T17:39:25.919895,2.0,0.0,2.01,0.0,0.0,0.0,0.99,41.97,10.24,0.0,0.0,STRAIGHT,0.3,0.3,"CMD,0.0,0.30",1.2,0.0,1.2,0.0,0,0.9923,0,NORMAL,70.711,-0.196,0,0,0,0,0,0.0,0,0,0,,,,,,0,,,,321038,2903,0
1303,121.71605086326599,2026-03-05T17:39:25.975928,1.04,0.0,3.0,0.0,0.0,0.0,0.0,40.04,10.61,0.0,0.0,STRAIGHT,0.3,0.3,"CMD,0.0,0.30",1.2,0.0,1.2,0.0,0,0.9923,0,NORMAL,70.711,-0.217,0,0,0,0,0,0.0,0,0,0,,,,,,0,,,,321038,2651,0
1304,121.77201652526855,2026-03-05T17:39:26.031894,2.0,0.0,2.0,0.0,0.0,0.0,1.0,39.97,10.95,0.0,0.0,STRAIGHT,0.3,0.3,"CMD,0.0,0.30",1.2,0.0,1.2,0.0,0,0.9923,0,NORMAL,70.711,-0.235,0,0,0,0,0,0.0,0,0,0,,,,,,0,,,,321038,2526,0
1305,121.91601824760437,2026-03-05T17:39:26.175896,83.01,0.0,5.0,2.0,0.0,0.0,0.0,128.0,10.94,0.0,0.0,STRAIGHT,0.3,0.3,"CMD,0.0,0.30",1.2,0.0,1.2,0.0,0,0.9821,0,NORMAL,70.711,-0.223,0,0,0,0,0,0.0,11,3,0,,,,,,0,,,,315784,2735,224
1306,121.97401762008667,2026-03-05T17:39:26.233895,1.99,0.0,4.0,0.0,0.0,0.0,0.0,42.0,10.93,0.0,0.0,STRAIGHT,0.3,0.3,"CMD,0.0,0.30",1.2,0.0,1.2,0.0,0,0.9821,0,NORMAL,70.711,-0.209,0,0,0,0,0,0.0,0,0,0,,,,,,0,,,,315784,2627,0
1307,122.0380187034607,2026-03-05T17:39:26.297896,2.0,0.0,3.0,0.0,0.0,0.0,0.0,46.0,10.89,0.0,0.0,STRAIGHT,0.3,0.3,"CMD,0.0,0.30",1.2,0.0,1.2,0.0,0,0.9821,0,NORMAL,70.711,-0.198,0,0,0,0,0,0.0,0,0,0,,,,,,0,,,,315784,2415,0
1308,122.09401869773865,2026-03-05T17:39:26.353896,2.01,0.0,2.99,0.0,0.0,0.0,0.0,40.0,10.88,0.0,0.0,STRAIGHT,0.3,0.3,"CMD,0.0,0.30",1.2,0.0,1.2,0.0,0,0.9821,0,NORMAL,70.711,-0.174,0,0,0,0,0,0.0,0,0,0,,,,,,0,,,,315784,2308,0
1309,122.24502086639404,2026-03-05T17:39:26.504898,86.0,0.0,4.0,2.0,0.0,0.0,1.0,135.0,10.86,0.0,0.0,STRAIGHT,0.3,0.3,"CMD,0.0,0.30",1.2,0.0,1.2,0.0,0,0.983,0,NORMAL,70.711,-0.149,0,0,0,0,0,0.0,7,3,0,,,,,,0,,,,313046,2699,208
1310,122.30202054977417,2026-03-05T17:39:26.561898,2.0,0.0,2.0,0.0,0.0,0.0,0.0,41.0,10.86,0.0,0.0,STRAIGHT,0.3,0.3,"CMD,0.0,0.30",1.2,0.0,1.2,0.0,0,0.983,0,NORMAL,70.711,-0.136,0,0,0,0,0,0.0,0,0,0,,,,,,0,,,,313046,2588,0
1311,122.35902833938599,2026-03-05T17:39:26.618906,2.01,0.0,2.0,0.0,0.0,0.0,0.0,40.01,10.87,0.0,0.0,STRAIGHT,0.3,0.3,"CMD,0.0,0.30",1.2,0.0,1.2,0.0,0,0.983,0,NORMAL,70.711,-0.138,0,0,0,0,0,0.0,0,0,0,,,,,,0,,,,313046,2369,0
1312,122.4140214920044,2026-03-05T17:39:26.673899,2.0,0.0,2.0,0.0,0.0,0.0,1.0,39.99,10.87,0.0,0.0,STRAIGHT,0.3,0.3,"CMD,0.0,0.30",1.2,0.0,1.2,0.0,0,0.983,0,NORMAL,70.711,-0.152,0,0,0,0,0,0.0,0,0,0,,,,,,0,,,,313046,2259,0
1313,122.55902338027954,2026-03-05T17:39:26.818901,83.0,0.0,5.0,2.0,0.0,0.0,0.0,129.0,10.9,0.0,0.0,STRAIGHT,0.3,0.3,"CMD,0.0,0.30",1.2,0.0,1.2,0.0,0,0.983,0,NORMAL,70.711,-0.175,0,0,0,0,0,0.0,7,2,0,,,,,,0,,,,311193,2871,196
1314,122.61602330207825,2026-03-05T17:39:26.875901,1.0,0.0,3.0,0.0,0.0,0.0,0.0,40.0,10.91,0.0,0.0,STRAIGHT,0.3,0.3,"CMD,0.0,0.30",1.2,0.0,1.2,0.0,0,0.983,0,NORMAL,70.711,-0.173,0,0,0,0,0,0.0,0,0,0,,,,,,0,,,,311193,2749,0
1315,122.67305183410645,2026-03-05T17:39:26.932929,2.01,0.0,2.0,0.0,0.0,0.0,1.02,41.03,10.93,0.0,0.0,STRAIGHT,0.3,0.3,"CMD,0.0,0.30",1.2,0.0,1.2,0.0,0,0.983,0,NORMAL,70.711,-0.164,0,0,0,0,0,0.0,0,0,0,,,,,,0,,,,311193,2505,0
1316,122.72902417182922,2026-03-05T17:39:26.988902,2.0,0.0,2.0,0.0,0.0,0.0,0.0,40.99,10.94,0.0,0.0,STRAIGHT,0.3,0.3,"CMD,0.0,0.30",1.2,0.0,1.2,0.0,0,0.983,0,NORMAL,70.711,-0.209,0,0,0,0,0,0.0,0,0,0,,,,,,0,,,,311193,2398,0
1317,122.87902593612671,2026-03-05T17:39:27.138903,86.0,0.0,5.0,3.0,0.0,0.0,0.0,134.0,10.92,0.0,0.0,STRAIGHT,0.3,0.3,"CMD,0.0,0.30",1.2,0.0,1.2,0.0,0,0.9785,0,NORMAL,70.711,-0.205,0,0,0,0,0,0.0,11,2,0,,,,,,0,,,,317005,2961,236
1318,122.93702554702759,2026-03-05T17:39:27.196903,2.0,0.0,2.0,0.0,0.0,0.0,0.0,40.0,11.29,0.0,0.0,STRAIGHT,0.3,0.3,"CMD,0.0,0.30",1.2,0.0,1.2,0.0,0,0.9785,0,NORMAL,70.711,-0.192,0,0,0,0,0,0.0,0,0,0,,,,,,0,,,,317005,2849,0
1319,122.99503302574158,2026-03-05T17:39:27.254910,3.0,0.0,3.0,0.0,0.0,0.0,0.0,42.01,11.28,0.0,0.0,STRAIGHT,0.3,0.3,"CMD,0.0,0.30",1.2,0.0,1.2,0.0,0,0.9785,0,NORMAL,70.711,-0.196,0,0,0,0,0,0.0,0,0,0,,,,,,0,,,,317005,2628,0
1320,123.06303405761719,2026-03-05T17:39:27.322912,2.01,0.0,3.0,0.0,0.0,0.0,0.0,50.01,11.22,0.0,0.0,STRAIGHT,0.3,0.3,"CMD,0.0,0.30",1.2,0.0,1.2,0.0,0,0.9785,0,NORMAL,70.711,-0.177,0,0,0,0,0,0.0,0,0,0,,,,,,0,,,,317005,2513,0
1321,123.21603608131409,2026-03-05T17:39:27.475914,88.01,0.0,4.0,1.0,0.0,0.0,0.0,136.0,10.81,0.0,0.0,STRAIGHT,0.3,0.3,"CMD,0.0,0.30",1.2,0.0,1.2,0.0,0,0.975,0,NORMAL,70.711,-0.166,0,0,0,0,0,0.0,2,1,0,,,,,,0,,,,318153,2566,170
1322,123.2740478515625,2026-03-05T17:39:27.533926,2.01,0.0,3.01,0.0,0.0,0.0,0.0,40.01,11.16,0.0,0.0,STRAIGHT,0.3,0.3,"CMD,0.0,0.30",1.2,0.0,1.2,0.0,0,0.975,0,NORMAL,70.711,-0.16,0,0,0,0,0,0.0,0,0,0,,,,,,0,,,,318153,2455,0
1323,123.33003115653992,2026-03-05T17:39:27.589909,2.0,0.0,3.0,0.0,0.0,0.0,0.0,39.97,11.54,0.0,0.0,STRAIGHT,0.3,0.3,"CMD,0.0,0.30",1.2,0.0,1.2,0.0,0,0.975,0,NORMAL,70.711,-0.168,0,0,0,0,0,0.0,0,0,0,,,,,,0,,,,318153,2250,0
1324,123.3860297203064,2026-03-05T17:39:27.645907,0.95,0.0,3.0,0.0,0.0,0.0,0.0,40.0,12.02,0.0,0.0,STRAIGHT,0.3,0.3,"CMD,0.0,0.30",1.2,0.0,1.2,0.0,0,0.975,0,NORMAL,70.711,-0.148,0,0,0,0,0,0.0,0,0,0,,,,,,0,,,,318153,2122,0
1325,123.53103017807007,2026-03-05T17:39:27.790908,84.0,0.0,4.0,2.0,0.0,0.0,0.0,129.0,12.04,0.0,0.0,STRAIGHT,0.3,0.3,"CMD,0.0,0.30",1.2,0.0,1.2,0.0,0,0.9837,0,NORMAL,68.793,-0.114,0,0,0,0,0,0.0,2,1,0,,,,,,0,,,,318027,2537,160
1326,123.58803129196167,2026-03-05T17:39:27.847909,0.99,0.0,3.0,0.0,0.0,0.0,0.0,40.0,12.06,0.0,0.0,STRAIGHT,0.3,0.3,"CMD,0.0,0.30",1.2,0.0,1.2,0.0,0,0.9837,0,NORMAL,67.901,-0.117,0,0,0,0,0,0.0,0,0,0,,,,,,0,,,,318027,2434,0
1327,123.64603853225708,2026-03-05T17:39:27.905916,2.01,0.0,2.0,0.0,0.0,0.0,0.0,40.01,12.07,0.0,0.0,STRAIGHT,0.3,0.3,"CMD,0.0,0.30",1.2,0.0,1.2,0.0,0,0.9837,0,NORMAL,67.817,-0.136,0,0,0,0,0,0.0,0,0,0,,,,,,0,,,,318027,2238,0
1328,123.70303225517273,2026-03-05T17:39:27.962910,1.0,0.0,3.0,0.0,0.0,0.0,0.0,41.0,12.07,0.0,0.0,STRAIGHT,0.3,0.3,"CMD,0.0,0.30",1.2,0.0,1.2,0.0,0,0.9837,0,NORMAL,66.771,-0.116,0,0,0,0,0,0.0,0,0,0,,,,,,0,,,,318027,2125,0
1329,123.85503363609314,2026-03-05T17:39:28.114911,88.98,0.0,5.0,2.0,0.0,0.0,1.0,136.0,12.08,0.0,0.0,STRAIGHT,0.3,0.3,"CMD,0.0,0.30",1.2,0.0,1.2,0.0,0,0.964,0,NORMAL,66.576,-0.115,0,0,0,0,0,0.0,7,2,0,,,,,,0,,,,310512,1675,132
1330,123.91403412818909,2026-03-05T17:39:28.173912,2.0,0.0,2.0,0.0,0.0,0.0,1.0,42.0,12.54,0.0,0.0,STRAIGHT,0.3,0.3,"CMD,0.0,0.30",1.2,0.0,1.2,0.0,0,0.964,0,NORMAL,66.828,-0.137,0,0,0,0,0,0.0,0,0,0,,,,,,0,,,,310512,1588,0
1331,123.97004079818726,2026-03-05T17:39:28.229918,1.01,0.0,3.0,0.0,0.0,0.0,0.0,40.01,12.55,0.0,0.0,STRAIGHT,0.3,0.3,"CMD,0.0,0.30",1.2,0.0,1.2,0.0,0,0.964,0,NORMAL,65.922,-0.115,0,0,0,0,0,0.0,0,0,0,,,,,,0,,,,310512,1501,0
1332,124.0280408859253,2026-03-05T17:39:28.287918,2.0,0.0,3.0,0.0,0.0,0.0,0.0,42.01,12.55,0.0,0.0,STRAIGHT,0.3,0.3,"CMD,0.0,0.30",1.2,0.0,1.2,0.0,0,0.964,0,NORMAL,65.7,-0.117,0,0,0,0,0,0.0,0,0,0,,,,,,0,,,,310512,1360,0
1333,124.1900372505188,2026-03-05T17:39:28.449915,93.0,0.0,6.0,3.0,0.0,0.0,0.0,145.0,11.99,0.0,0.0,STRAIGHT,0.3,0.3,"CMD,0.0,0.30",1.2,0.0,1.2,0.0,0,0.9621,0,NORMAL,64.234,-0.079,0,0,0,0,0,0.0,7,3,0,,,,,,0,,,,318312,2426,179
1334,124.25803852081299,2026-03-05T17:39:28.517916,2.0,0.0,4.0,0.0,0.0,0.0,0.0,49.0,12.38,0.0,0.0,STRAIGHT,0.3,0.3,"CMD,0.0,0.30",1.2,0.0,1.2,0.0,0,0.9621,0,NORMAL,63.037,-0.044,0,0,0,0,0,0.0,0,0,0,,,,,,0,,,,318312,2334,0
1335,124.32603979110718,2026-03-05T17:39:28.585917,2.01,0.0,3.0,0.0,0.0,0.0,0.0,47.01,12.34,0.0,0.0,STRAIGHT,0.3,0.3,"CMD,0.0,0.30",1.2,0.0,1.2,0.0,0,0.9621,0,NORMAL,62.415,-0.031,0,0,0,0,0,0.0,0,0,0,,,,,,0,,,,318312,2155,0
1336,124.3910391330719,2026-03-05T17:39:28.650917,2.0,0.0,4.0,0.0,0.0,0.0,0.0,46.0,12.32,0.0,0.0,STRAIGHT,0.3,0.3,"CMD,0.0,0.30",1.2,0.0,1.2,0.0,0,0.9621,0,NORMAL,61.491,-0.014,0,0,0,0,0,0.0,0,0,0,,,,,,0,,,,318312,2058,0
1337,124.5490391254425,2026-03-05T17:39:28.808916,91.0,0.0,5.0,3.0,0.0,0.0,0.0,139.0,11.81,0.0,0.0,STRAIGHT,0.3,0.3,"CMD,0.0,0.30",1.2,0.0,1.2,0.0,0,0.9733,0,NORMAL,61.556,-0.01,0,0,0,0,0,0.0,7,3,0,,,,,,0,,,,320378,2747,220
1338,124.61108946800232,2026-03-05T17:39:28.870967,2.0,0.0,3.0,0.0,0.0,0.0,0.0,43.0,12.26,0.0,0.0,STRAIGHT,0.3,0.3,"CMD,0.0,0.30",1.2,0.0,1.2,0.0,0,0.9733,0,NORMAL,60.955,-0.007,0,0,0,0,0,0.0,0,0,0,,,,,,0,,,,320378,2641,0
1339,124.66804027557373,2026-03-05T17:39:28.927918,1.96,0.0,2.0,0.0,0.0,0.0,0.0,40.0,12.26,0.0,0.0,STRAIGHT,0.3,0.3,"CMD,0.0,0.30",1.2,0.0,1.2,0.0,0,0.9733,0,NORMAL,60.672,0.002,0,0,0,0,0,0.0,0,0,0,,,,,,0,,,,320378,2431,0
1340,124.72604084014893,2026-03-05T17:39:28.985918,2.0,0.0,3.0,0.0,0.0,0.0,0.0,40.97,12.25,0.0,0.0,STRAIGHT,0.3,0.3,"CMD,0.0,0.30",1.2,0.0,1.2,0.0,0,0.9733,0,NORMAL,60.292,0.017,0,0,0,0,0,0.0,0,0,0,,,,,,0,,,,320378,2325,0
1341,124.88107705116272,2026-03-05T17:39:29.140954,91.03,0.0,5.0,2.0,1.03,0.0,1.0,138.04,11.75,0.0,0.0,STRAIGHT,0.3,0.3,"CMD,0.0,0.30",1.2,0.0,1.2,0.0,0,0.9591,0,NORMAL,59.863,0.022,0,0,0,0,0,0.0,11,3,0,,,,,,0,,,,322146,2822,238
1342,124.95008397102356,2026-03-05T17:39:29.209961,2.0,0.0,3.04,0.0,0.0,0.0,0.0,51.0,12.13,0.0,0.0,STRAIGHT,0.3,0.3,"CMD,0.0,0.30",1.2,0.0,1.2,0.0,0,0.9591,0,NORMAL,59.302,0.029,0,0,0,0,0,0.0,0,0,0,,,,,,0,,,,322146,2700,0
1343,125.01204633712769,2026-03-05T17:39:29.271924,2.0,0.0,2.0,0.0,0.0,0.0,0.0,44.0,12.1,0.0,0.0,STRAIGHT,0.3,0.3,"CMD,0.0,0.30",1.2,0.0,1.2,0.0,0,0.9591,0,NORMAL,58.455,0.05,0,0,0,0,0,0.0,0,0,0,,,,,,0,,,,322146,2460,0
1344,125.0780463218689,2026-03-05T17:39:29.337924,2.0,0.0,4.0,0.0,0.0,0.0,0.0,45.97,12.06,0.0,0.0,STRAIGHT,0.3,0.3,"CMD,0.0,0.30",1.2,0.0,1.2,0.0,0,0.9591,0,NORMAL,58.535,0.04,0,0,0,0,0,0.0,0,0,0,,,,,,0,,,,322146,2357,0
1345,125.24104833602905,2026-03-05T17:39:29.500926,91.0,0.0,4.0,3.0,0.0,0.0,0.0,142.0,11.54,0.0,0.0,STRAIGHT,0.3,0.3,"CMD,0.0,0.30",1.2,0.0,1.2,0.0,0,0.9757,0,NORMAL,57.993,0.052,0,0,0,0,0,0.0,14,2,0,,,,,,0,,,,319255,2187,218
1346,125.30304789543152,2026-03-05T17:39:29.562925,1.0,0.0,3.0,0.0,0.0,0.0,0.0,45.0,11.96,0.0,0.0,STRAIGHT,0.3,0.3,"CMD,0.0,0.30",1.2,0.0,1.2,0.0,0,0.9757,0,NORMAL,57.486,0.081,0,0,0,0,0,0.0,0,0,0,,,,,,0,,,,319255,2095,0
1347,125.36504602432251,2026-03-05T17:39:29.624923,2.0,0.0,3.0,0.0,0.0,0.0,0.0,43.97,11.94,0.0,0.0,STRAIGHT,0.3,0.3,"CMD,0.0,0.30",1.2,0.0,1.2,0.0,0,0.9757,0,NORMAL,56.871,0.119,0,0,0,0,0,0.0,0,0,0,,,,,,0,,,,319255,1920,0
1348,125.42304849624634,2026-03-05T17:39:29.682926,2.0,0.0,2.0,0.0,0.0,0.0,0.0,40.0,11.94,0.0,0.0,STRAIGHT,0.3,0.3,"CMD,0.0,0.30",1.2,0.0,1.2,0.0,0,0.9757,0,NORMAL,56.239,0.146,0,0,0,0,0,0.0,0,0,0,,,,,,0,,,,319255,1829,0
1349,125.5770492553711,2026-03-05T17:39:29.836927,87.0,0.0,5.0,3.0,0.0,0.0,0.0,136.0,11.54,0.0,0.0,STRAIGHT,0.3,0.3,"CMD,0.0,0.30",1.2,0.0,1.2,0.0,0,0.9182,0,NORMAL,55.988,0.165,0,0,0,0,0,0.0,10,2,0,,,,,,0,,,,309502,2098,164
1350,125.63605785369873,2026-03-05T17:39:29.895935,1.01,0.0,3.0,0.0,0.0,0.0,0.0,42.01,11.98,0.0,0.0,STRAIGHT,0.3,0.3,"CMD,0.0,0.30",1.2,0.0,1.2,0.0,0,0.9182,0,NORMAL,56.444,0.157,0,0,0,0,0,0.0,0,0,0,,,,,,0,,,,309502,1974,0
1351,125.69906067848206,2026-03-05T17:39:29.958938,2.02,0.0,3.0,0.0,0.0,0.0,0.0,46.01,11.96,0.0,0.0,STRAIGHT,0.3,0.3,"CMD,0.0,0.30",1.2,0.0,1.2,0.0,0,0.9182,0,NORMAL,55.6,0.19,0,0,0,0,0,0.0,0,0,0,,,,,,0,,,,309502,1739,0
1352,125.75805997848511,2026-03-05T17:39:30.017938,2.01,0.0,2.0,0.0,0.0,0.0,0.0,40.01,11.95,0.0,0.0,STRAIGHT,0.3,0.3,"CMD,0.0,0.30",1.2,0.0,1.2,0.0,0,0.9182,0,NORMAL,55.414,0.168,0,0,0,0,0,0.0,0,0,0,,,,,,0,,,,309502,1616,0
1353,125.90405440330505,2026-03-05T17:39:30.163932,86.0,0.0,5.0,2.0,0.0,0.0,0.0,131.0,11.52,0.0,0.0,STRAIGHT,0.3,0.3,"CMD,0.0,0.30",1.2,0.0,1.2,0.0,0,0.937,0,NORMAL,55.237,0.153,0,0,0,0,0,0.0,11,3,0,,,,,,0,,,,322690,2056,226
1354,125.96005535125732,2026-03-05T17:39:30.219933,1.0,0.0,3.0,0.0,0.0,0.0,0.0,40.0,11.94,0.0,0.0,STRAIGHT,0.3,0.3,"CMD,0.0,0.30",1.2,0.0,1.2,0.0,0,0.937,0,NORMAL,54.881,0.151,0,0,0,0,0,0.0,0,0,0,,,,,,0,,,,322690,1957,0
1355,126.01405549049377,2026-03-05T17:39:30.273933,2.0,0.0,2.0,0.0,0.0,0.0,0.0,38.0,11.95,0.0,0.0,STRAIGHT,0.3,0.3,"CMD,0.0,0.30",1.2,0.0,1.2,0.0,0,0.937,0,NORMAL,54.919,0.132,0,0,0,0,0,0.0,0,0,0,,,,,,0,,,,322690,1764,0
1356,126.06906127929688,2026-03-05T17:39:30.328939,2.01,0.0,2.0,0.0,0.0,0.0,0.0,38.01,11.97,0.0,0.0,STRAIGHT,0.3,0.3,"CMD,0.0,0.30",1.2,0.0,1.2,0.0,0,0.937,0,NORMAL,54.817,0.111,0,0,0,0,0,0.0,0,0,0,,,,,,0,,,,322690,1667,0
1357,126.23105430603027,2026-03-05T17:39:30.490932,89.0,0.0,7.0,3.0,0.0,0.0,1.0,143.99,11.47,0.0,0.0,STRAIGHT,0.3,0.3,"CMD,0.0,0.30",1.2,0.0,1.2,0.0,0,0.9294,0,NORMAL,54.542,0.108,0,0,0,0,0,0.0,7,2,0,,,,,,0,,,,323853,1575,169
1358,126.30105757713318,2026-03-05T17:39:30.560935,2.0,0.0,2.0,0.0,0.0,0.0,1.0,51.0,11.86,0.0,0.0,STRAIGHT,0.3,0.3,"CMD,0.0,0.30",1.2,0.0,1.2,0.0,0,0.9294,0,NORMAL,54.235,0.104,0,0,0,0,0,0.0,0,0,0,,,,,,0,,,,323853,1485,0
1359,126.36405968666077,2026-03-05T17:39:30.623937,2.0,0.0,2.0,0.0,0.0,0.0,0.0,44.0,11.84,0.0,0.0,STRAIGHT,0.3,0.3,"CMD,0.0,0.30",1.2,0.0,1.2,0.0,0,0.9294,0,NORMAL,54.159,0.078,0,0,0,0,0,0.0,0,0,0,,,,,,0,,,,323853,1315,0
1360,126.42605924606323,2026-03-05T17:39:30.685937,2.0,0.0,3.0,0.0,0.0,0.0,0.0,42.0,11.81,0.0,0.0,STRAIGHT,0.3,0.3,"CMD,0.0,0.30",1.2,0.0,1.2,0.0,0,0.9294,0,NORMAL,54.181,0.059,0,0,0,0,0,0.0,0,0,0,,,,,,0,,,,323853,1238,0
1361,126.58005928993225,2026-03-05T17:39:30.839937,90.0,0.0,4.0,2.0,0.0,0.0,0.0,137.0,11.36,0.0,0.0,STRAIGHT,0.3,0.3,"CMD,0.0,0.30",1.2,0.0,1.2,0.0,0,0.9534,0,NORMAL,54.097,0.063,0,0,0,0,0,0.0,7,2,0,,,,,,0,,,,309782,1164,131
1362,126.64607071876526,2026-03-05T17:39:30.905948,2.01,0.0,3.0,0.0,0.0,0.0,0.0,48.01,11.81,0.0,0.0,STRAIGHT,0.3,0.3,"CMD,0.0,0.30",1.2,0.0,1.2,0.0,0,0.9534,0,NORMAL,54.029,0.072,0,0,0,0,0,0.0,0,0,0,,,,,,0,,,,309782,1092,0
1363,126.70506167411804,2026-03-05T17:39:30.964939,2.04,0.0,2.97,0.0,0.0,0.0,0.0,42.0,11.85,0.0,0.0,STRAIGHT,0.3,0.3,"CMD,0.0,0.30",1.2,0.0,1.2,0.0,0,0.9534,0,NORMAL,53.923,0.076,0,0,0,0,0,0.0,0,0,0,,,,,,0,,,,309782,961,0
1364,126.76209115982056,2026-03-05T17:39:31.021969,2.04,0.0,2.0,0.0,0.0,0.0,0.0,41.0,11.9,0.0,0.0,STRAIGHT,0.3,0.3,"CMD,0.0,0.30",1.2,0.0,1.2,0.0,0,0.9534,0,NORMAL,53.948,0.071,0,0,0,0,0,0.0,0,0,0,,,,,,0,,,,309782,898,0
1365,126.90609049797058,2026-03-05T17:39:31.165968,84.04,0.0,3.99,1.0,0.0,0.0,0.0,127.99,11.53,0.0,0.0,STRAIGHT,0.3,0.3,"CMD,0.0,0.30",1.2,0.0,1.2,0.0,0,0.9783,0,NORMAL,53.842,0.076,0,0,0,0,0,0.0,7,1,0,,,,,,0,,,,314806,836,91
1366,126.96209001541138,2026-03-05T17:39:31.221967,2.03,0.0,3.0,0.0,0.0,0.0,0.0,39.0,12.02,0.0,0.0,STRAIGHT,0.3,0.3,"CMD,0.0,0.30",1.2,0.0,1.2,0.0,0,0.9783,0,NORMAL,53.625,0.097,0,0,0,0,0,0.0,0,0,0,,,,,,0,,,,314806,776,0
1367,127.01609539985657,2026-03-05T17:39:31.275973,1.03,0.0,3.0,0.0,0.0,0.0,0.0,39.01,12.05,0.0,0.0,STRAIGHT,0.3,0.3,"CMD,0.0,0.30",1.2,0.0,1.2,0.0,0,0.9783,0,NORMAL,53.694,0.085,0,0,0,0,0,0.0,0,0,0,,,,,,0,,,,314806,671,0
1368,127.07109498977661,2026-03-05T17:39:31.330973,2.04,0.0,2.0,0.0,0.0,0.0,0.0,38.0,12.07,0.0,0.0,STRAIGHT,0.3,0.3,"CMD,0.0,0.30",1.2,0.0,1.2,0.0,0,0.9783,0,NORMAL,53.963,0.069,0,0,0,0,0,0.0,0,0,0,,,,,,0,,,,314806,625,0
1369,127.22506093978882,2026-03-05T17:39:31.484938,86.03,0.0,6.0,1.0,1.0,0.0,0.0,137.0,11.6,0.0,0.0,STRAIGHT,0.3,0.3,"CMD,0.0,0.30",1.2,0.0,1.2,0.0,0,0.9747,0,NORMAL,54.022,0.056,0,0,0,0,0,0.0,0,0,0,,,,,,0,,,,308758,580,77
1370,127.28308820724487,2026-03-05T17:39:31.542965,2.0,0.0,3.03,0.0,0.0,0.0,0.0,41.03,12.07,0.0,0.0,STRAIGHT,0.3,0.3,"CMD,0.0,0.30",1.2,0.0,1.2,0.0,0,0.9747,0,NORMAL,53.953,0.042,0,0,0,0,0,0.0,0,0,0,,,,,,0,,,,308758,536,0
1371,127.33909511566162,2026-03-05T17:39:31.598972,1.03,0.0,3.0,0.0,0.0,0.0,0.0,39.99,12.14,0.0,0.0,STRAIGHT,0.3,0.3,"CMD,0.0,0.30",1.2,0.0,1.2,0.0,0,0.9747,0,NORMAL,53.766,0.038,0,0,0,0,0,0.0,0,0,0,,,,,,0,,,,308758,452,0
1372,127.39409589767456,2026-03-05T17:39:31.653973,2.03,0.0,2.0,0.0,0.0,0.0,0.0,39.03,12.17,0.0,0.0,STRAIGHT,0.3,0.3,"CMD,0.0,0.30",1.2,0.0,1.2,0.0,0,0.9747,0,NORMAL,53.555,0.036,0,0,0,0,0,0.0,0,0,0,,,,,,0,,,,308758,412,0
1373,127.5360951423645,2026-03-05T17:39:31.795973,83.04,0.0,3.0,2.0,0.0,0.0,0.0,126.03,11.8,0.0,0.0,STRAIGHT,0.3,0.3,"CMD,0.0,0.30",1.2,0.0,1.2,0.0,0,0.956,0,NORMAL,53.43,0.023,0,0,0,0,0,0.0,0,0,0,,,,,,0,,,,298454,373,46
1374,127.59109854698181,2026-03-05T17:39:31.850976,2.04,0.0,2.0,0.0,0.0,0.0,0.0,39.0,12.35,0.0,0.0,STRAIGHT,0.3,0.3,"CMD,0.0,0.30",1.2,0.0,1.2,0.0,0,0.956,0,NORMAL,53.241,0.011,0,0,0,0,0,0.0,0,0,0,,,,,,0,,,,298454,335,0
1375,127.64509844779968,2026-03-05T17:39:31.904976,0.99,0.0,2.99,0.0,0.0,0.0,0.0,38.99,12.38,0.0,0.0,STRAIGHT,0.3,0.3,"CMD,0.0,0.30",1.2,0.0,1.2,0.0,0,0.956,0,NORMAL,53.05,0.006,0,0,0,0,0,0.0,0,0,0,,,,,,0,,,,298454,268,0
1376,127.69909143447876,2026-03-05T17:39:31.958969,2.03,0.0,2.99,0.0,0.0,0.0,0.0,39.0,12.42,0.0,0.0,STRAIGHT,0.3,0.3,"CMD,0.0,0.30",1.2,0.0,1.2,0.0,0,0.956,0,NORMAL,53.045,0.004,0,0,0,0,0,0.0,0,0,0,,,,,,0,,,,298454,238,0
1377,127.84111380577087,2026-03-05T17:39:32.100991,83.0,0.0,4.03,0.97,1.03,0.0,0.0,127.01,11.99,0.0,0.0,STRAIGHT,0.3,0.3,"CMD,0.0,0.30",1.2,0.0,1.2,0.0,0,0.9407,0,NORMAL,52.992,0.003,0,0,0,0,0,0.0,0,0,0,,,,,,0,,,,315580,210,18
1378,127.89810061454773,2026-03-05T17:39:32.157978,2.04,0.0,2.0,0.0,0.0,0.0,0.0,41.0,12.49,0.0,0.0,STRAIGHT,0.3,0.3,"CMD,0.0,0.30",1.2,0.0,1.2,0.0,0,0.9407,0,NORMAL,52.948,0.008,0,0,0,0,0,0.0,0,0,0,,,,,,0,,,,315580,184,0
1379,127.95310187339783,2026-03-05T17:39:32.212979,2.04,0.0,2.0,0.0,0.0,0.0,1.0,39.0,12.52,0.0,0.0,STRAIGHT,0.3,0.3,"CMD,0.0,0.30",1.2,0.0,1.2,0.0,0,0.9407,0,NORMAL,52.859,0.019,0,0,0,0,0,0.0,0,0,0,,,,,,0,,,,315580,159,0
1380,128.00711512565613,2026-03-05T17:39:32.266993,1.03,0.0,3.01,0.0,0.0,0.0,0.0,39.02,12.56,0.0,0.0,STRAIGHT,0.3,0.3,"CMD,0.0,0.30",1.2,0.0,1.2,0.0,0,0.9407,0,NORMAL,52.674,0.017,0,0,0,0,0,0.0,0,0,0,,,,,,0,,,,315580,116,0
1381,128.1621015071869,2026-03-05T17:39:32.421979,94.03,0.0,4.97,0.0,0.99,0.0,0.0,138.0,12.06,0.0,0.0,STRAIGHT,0.3,0.3,"CMD,0.0,0.30",1.2,0.0,1.2,0.0,0,0.9775,0,NORMAL,51.586,0.013,0,0,0,0,0,0.0,0,0,0,,,,,,0,,,,309463,97,0
1382,128.21809434890747,2026-03-05T17:39:32.477972,1.04,0.0,2.99,0.0,0.0,0.0,0.0,39.99,12.53,0.0,0.0,STRAIGHT,0.3,0.3,"CMD,0.0,0.30",1.2,0.0,1.2,0.0,0,0.9775,0,NORMAL,50.044,0.015,0,0,0,0,0,0.0,0,0,0,,,,,,0,,,,309463,80,0
1383,128.27307271957397,2026-03-05T17:39:32.532950,2.06,0.0,2.95,0.0,0.0,0.0,0.0,39.97,12.54,0.0,0.0,STRAIGHT,0.3,0.3,"CMD,0.0,0.30",1.2,0.0,1.2,0.0,0,0.9775,0,NORMAL,48.746,0.012,0,0,0,0,0,0.0,0,0,0,,,,,,0,,,,309463,64,0
1384,128.32910323143005,2026-03-05T17:39:32.588981,2.04,0.0,2.99,0.0,0.0,0.0,0.0,40.0,12.53,0.0,0.0,STRAIGHT,0.3,0.3,"CMD,0.0,0.30",1.2,0.0,1.2,0.0,0,0.9775,0,NORMAL,47.493,-0.016,0,0,0,0,0,0.0,0,0,0,,,,,,0,,,,309463,35,0
1385,128.48107075691223,2026-03-05T17:39:32.740948,91.01,0.0,3.99,1.0,0.0,0.0,0.0,135.97,12.02,0.0,0.0,STRAIGHT,0.3,0.3,"CMD,0.0,0.30",1.2,0.0,1.2,0.0,0,0.9686,0,NORMAL,46.165,-0.04,0,0,0,0,0,0.0,0,0,0,,,,,,0,,,,317389,22,0
1386,128.62710452079773,2026-03-05T17:39:32.886982,88.03,0.0,4.03,0.97,0.0,0.0,0.0,129.0,12.11,0.0,0.0,STRAIGHT,0.3,0.3,"CMD,0.0,0.30",1.2,0.0,1.2,0.0,0,0.9909,0,NORMAL,43.618,-0.063,0,0,0,0,0,0.0,0,0,0,,,,,,0,,,,315450,10,0
1387,128.769104719162,2026-03-05T17:39:33.028982,85.0,0.0,4.0,0.97,0.0,0.0,1.03,126.99,11.75,0.0,0.0,STRAIGHT,0.3,0.3,"CMD,0.0,0.30",1.2,0.0,1.2,0.0,0,0.9874,0,NORMAL,41.733,-0.103,0,0,0,0,0,0.0,0,0,0,,,,,,0,,,,312954,0,0
1388,128.8241138458252,2026-03-05T17:39:33.083991,1.03,0.0,3.01,0.0,0.0,0.0,0.0,40.01,11.79,0.0,0.0,STRAIGHT,0.3,0.3,"CMD,0.0,0.30",1.2,0.0,1.2,0.0,0,0.9874,0,NORMAL,41.117,-0.123,0,0,0,0,0,0.0,0,0,0,,,,,,0,,,,312954,0,0
1389,128.88111066818237,2026-03-05T17:39:33.140988,2.03,0.0,3.0,0.0,0.0,0.0,0.0,42.04,11.81,0.0,0.0,STRAIGHT,0.3,0.3,"CMD,0.0,0.30",1.2,0.0,1.2,0.0,0,0.9874,0,NORMAL,39.916,-0.128,0,0,0,0,0,0.0,0,0,0,,,,,,0,,,,312954,0,0
1390,128.93610882759094,2026-03-05T17:39:33.195986,0.99,0.0,2.0,0.0,0.0,0.0,1.0,40.0,12.31,0.0,0.0,STRAIGHT,0.3,0.3,"CMD,0.0,0.30",1.2,0.0,1.2,0.0,0,0.9874,0,NORMAL,38.349,-0.152,0,0,0,0,0,0.0,0,0,0,,,,,,0,,,,312954,0,0
1391,129.07710719108582,2026-03-05T17:39:33.336985,84.01,0.0,4.0,0.97,0.0,0.0,0.0,125.99,11.93,0.0,0.0,STRAIGHT,0.3,0.3,"CMD,0.0,0.30",1.2,0.0,1.2,0.0,0,0.946,0,NORMAL,37.582,-0.187,0,0,0,0,0,0.0,0,0,0,,,,,,0,,,,298583,0,0
1392,129.22811150550842,2026-03-05T17:39:33.487989,91.96,0.0,5.03,0.97,0.0,0.0,0.0,135.0,11.5,0.0,0.0,STRAIGHT,0.3,0.3,"CMD,0.0,0.30",1.2,0.0,1.2,0.0,0,0.9416,0,NORMAL,36.262,-0.198,0,0,0,0,0,0.0,0,0,0,,,,,,0,,,,282025,0,0
1393,129.3710789680481,2026-03-05T17:39:33.630956,85.04,0.0,4.0,1.0,0.0,0.0,0.0,126.97,11.12,0.0,0.0,STRAIGHT,0.3,0.3,"CMD,0.0,0.30",1.2,0.0,1.2,0.0,0,0.9259,0,NORMAL,36.39,-0.211,0,0,0,0,0,0.0,0,0,0,,,,,,0,,,,300740,0,0
1394,129.51907968521118,2026-03-05T17:39:33.778957,92.05,0.0,3.96,1.0,0.0,0.0,0.0,132.97,11.1,0.0,0.0,STRAIGHT,0.3,0.3,"CMD,0.0,0.30",1.2,0.0,1.2,0.0,0,0.9796,0,NORMAL,36.054,-0.219,0,0,0,0,0,0.0,0,0,0,,,,,,0,,,,302007,0,0
1395,129.58308148384094,2026-03-05T17:39:33.842959,2.0,0.0,3.0,0.0,0.0,0.0,0.0,48.0,11.06,0.0,0.0,STRAIGHT,0.3,0.3,"CMD,0.0,0.30",1.2,0.0,1.2,0.0,0,0.9796,0,NORMAL,35.727,-0.221,0,0,0,0,0,0.0,0,0,0,,,,,,0,,,,302007,0,0
1396,129.64007949829102,2026-03-05T17:39:33.899957,2.0,0.0,3.0,0.0,0.0,0.0,0.0,41.0,11.05,0.0,0.0,STRAIGHT,0.3,0.3,"CMD,0.0,0.30",1.2,0.0,1.2,0.0,0,0.9796,0,NORMAL,35.267,-0.224,0,0,0,0,0,0.0,0,0,0,,,,,,0,,,,302007,0,0
1397,129.69708037376404,2026-03-05T17:39:33.956958,1.0,0.0,3.0,0.0,0.0,0.0,0.0,40.0,11.04,0.0,0.0,STRAIGHT,0.3,0.3,"CMD,0.0,0.30",1.2,0.0,1.2,0.0,0,0.9796,0,NORMAL,34.856,-0.213,0,0,0,0,0,0.0,0,0,0,,,,,,0,,,,302007,0,0
1398,129.8440806865692,2026-03-05T17:39:34.103958,85.0,0.0,4.01,0.0,0.0,0.0,1.0,131.0,11.07,0.0,0.0,STRAIGHT,0.3,0.3,"CMD,0.0,0.30",1.2,0.0,1.2,0.0,0,0.9729,0,NORMAL,34.051,-0.212,0,0,0,0,0,0.0,0,0,0,,,,,,0,,,,294231,0,0
1399,129.99508213996887,2026-03-05T17:39:34.254960,88.0,0.0,6.0,1.0,0.0,0.0,0.0,135.0,10.7,0.0,0.0,STRAIGHT,0.3,0.3,"CMD,0.0,0.30",1.2,0.0,1.2,0.0,0,0.9843,0,NORMAL,34.021,-0.234,0,0,0,0,0,0.0,0,0,0,,,,,,0,,,,289617,0,0
1400,130.14208340644836,2026-03-05T17:39:34.401961,85.0,0.0,4.0,1.0,0.0,0.0,0.0,131.99,10.35,0.0,0.0,STRAIGHT,0.3,0.3,"CMD,0.0,0.30",1.2,0.0,1.2,0.0,0,0.986,0,NORMAL,32.589,-0.216,0,0,0,0,0,0.0,0,0,0,,,,,,0,,,,288011,0,0
1401,130.2930850982666,2026-03-05T17:39:34.552963,90.0,0.0,5.0,0.0,1.0,0.0,0.0,135.0,10.01,0.0,0.0,STRAIGHT,0.3,0.3,"CMD,0.0,0.30",1.2,0.0,1.2,0.0,0,0.9829,0,NORMAL,32.712,-0.224,0,0,0,0,0,0.0,0,0,0,,,,,,0,,,,290606,0,0
1402,130.35308480262756,2026-03-05T17:39:34.612962,2.0,0.0,3.0,0.0,0.0,0.0,0.0,45.0,10.29,0.0,0.0,STRAIGHT,0.3,0.3,"CMD,0.0,0.30",1.2,0.0,1.2,0.0,0,0.9829,0,NORMAL,32.388,-0.245,0,0,0,0,0,0.0,0,0,0,,,,,,0,,,,290606,0,0
1403,130.4090850353241,2026-03-05T17:39:34.668963,2.0,0.0,2.0,0.0,0.0,0.0,1.0,41.0,10.29,0.0,0.0,STRAIGHT,0.3,0.3,"CMD,0.0,0.30",1.2,0.0,1.2,0.0,0,0.9829,0,NORMAL,32.446,-0.247,0,0,0,0,0,0.0,0,0,0,,,,,,0,,,,290606,0,0
1404,130.46608710289001,2026-03-05T17:39:34.725965,2.0,0.0,2.0,0.0,0.0,0.0,0.0,41.0,10.28,0.0,0.0,STRAIGHT,0.3,0.3,"CMD,0.0,0.30",1.2,0.0,1.2,0.0,0,0.9829,0,NORMAL,31.653,-0.241,0,0,0,0,0,0.0,0,0,0,,,,,,0,,,,290606,0,0
1405,130.62209010124207,2026-03-05T17:39:34.881968,92.01,0.0,4.0,0.0,0.0,0.0,0.0,140.0,9.92,0.0,0.0,STRAIGHT,0.3,0.3,"CMD,0.0,0.30",1.2,0.0,1.2,0.0,0,0.9286,0,NORMAL,30.653,-0.24,0,0,0,0,0,0.0,0,0,0,,,,,,0,,,,276570,0,0
1406,130.7730906009674,2026-03-05T17:39:35.032968,91.03,0.0,4.0,0.95,0.0,0.0,1.0,135.0,9.89,0.0,0.0,STRAIGHT,0.3,0.3,"CMD,0.0,0.30",1.2,0.0,1.2,0.0,0,0.8412,0,NORMAL,29.65,-0.231,0,0,0,0,0,0.0,0,0,0,,,,,,0,,,,233030,0,0
1407,130.9180896282196,2026-03-05T17:39:35.177967,88.98,0.0,4.0,0.0,0.0,0.0,0.0,131.0,9.6,0.0,0.0,STRAIGHT,0.3,0.3,"CMD,0.0,0.30",1.2,0.0,1.2,0.0,0,0.8322,0,NORMAL,29.341,-0.23,0,0,0,0,0,0.0,0,0,0,,,,,,0,,,,279755,0,0
1408,131.06213188171387,2026-03-05T17:39:35.322009,86.04,0.0,4.03,0.97,0.0,0.0,0.0,129.04,9.33,0.0,0.0,STRAIGHT,0.3,0.3,"CMD,0.0,0.30",1.2,0.0,1.2,0.0,0,0.9782,0,NORMAL,28.904,-0.231,0,0,0,0,0,0.0,0,0,0,,,,,,0,,,,277486,0,0
1409,131.1161241531372,2026-03-05T17:39:35.376002,2.03,0.0,2.0,0.0,0.0,0.0,0.0,39.0,9.33,0.0,0.0,STRAIGHT,0.3,0.3,"CMD,0.0,0.30",1.2,0.0,1.2,0.0,0,0.9782,0,NORMAL,28.412,-0.22,0,0,0,0,0,0.0,0,0,0,,,,,,0,,,,277486,0,0
1410,131.16912579536438,2026-03-05T17:39:35.429003,2.05,0.0,1.99,0.0,0.0,0.0,0.0,38.98,9.64,0.0,0.0,STRAIGHT,0.3,0.3,"CMD,0.0,0.30",1.2,0.0,1.2,0.0,0,0.9782,0,NORMAL,28.11,-0.197,0,0,0,0,0,0.0,0,0,0,,,,,,0,,,,277486,0,0
1411,131.22412943840027,2026-03-05T17:39:35.484007,2.03,0.0,3.01,0.0,0.0,0.0,0.0,40.0,9.65,0.0,0.0,STRAIGHT,0.3,0.3,"CMD,0.0,0.30",1.2,0.0,1.2,0.0,0,0.9782,0,NORMAL,27.657,-0.191,0,0,0,0,0,0.0,0,0,0,,,,,,0,,,,277486,0,0
1412,131.37512707710266,2026-03-05T17:39:35.635005,93.05,0.0,3.99,0.97,0.0,0.0,0.0,137.0,9.35,0.0,0.0,STRAIGHT,0.3,0.3,"CMD,0.0,0.30",1.2,0.0,1.2,0.0,0,0.9516,0,NORMAL,28.354,-0.192,0,0,0,0,0,0.0,0,0,0,,,,,,0,,,,290598,0,0
1413,131.5150945186615,2026-03-05T17:39:35.774972,84.0,0.0,4.0,1.0,0.0,0.0,1.0,124.96,9.1,0.0,0.0,STRAIGHT,0.3,0.3,"CMD,0.0,0.30",1.2,0.0,1.2,0.0,0,0.9779,0,NORMAL,29.297,-0.179,0,0,0,0,0,0.0,0,0,0,,,,,,0,,,,284188,0,0
1414,131.65612721443176,2026-03-05T17:39:35.916005,84.01,0.0,4.0,0.96,0.0,0.0,0.0,127.03,9.13,0.0,0.0,STRAIGHT,0.3,0.3,"CMD,0.0,0.30",1.2,0.0,1.2,0.0,0,0.994,0,NORMAL,27.724,-0.141,0,0,0,0,0,0.0,0,0,0,,,,,,0,,,,283803,0,0
1415,131.71012997627258,2026-03-05T17:39:35.970007,1.99,0.0,2.0,0.0,0.0,0.0,0.0,39.0,9.4,0.0,0.0,STRAIGHT,0.3,0.3,"CMD,0.0,0.30",1.2,0.0,1.2,0.0,0,0.994,0,NORMAL,25.909,-0.139,0,0,0,0,0,0.0,0,0,0,,,,,,0,,,,283803,0,0
1416,131.7641317844391,2026-03-05T17:39:36.024009,3.03,0.0,2.0,0.0,0.0,0.0,0.0,39.0,9.68,0.0,0.0,STRAIGHT,0.3,0.3,"CMD,0.0,0.30",1.2,0.0,1.2,0.0,0,0.994,0,NORMAL,27.476,-0.165,0,0,0,0,0,0.0,0,0,0,,,,,,0,,,,283803,0,0
1417,131.8201277256012,2026-03-05T17:39:36.080005,2.03,0.0,2.0,0.0,0.0,0.0,0.0,39.96,9.68,0.0,0.0,STRAIGHT,0.3,0.3,"CMD,0.0,0.30",1.2,0.0,1.2,0.0,0,0.994,0,NORMAL,25.739,-0.149,0,0,0,0,0,0.0,0,0,0,,,,,,0,,,,283803,0,0
1418,131.96613430976868,2026-03-05T17:39:36.226012,85.04,0.0,3.99,0.97,0.0,0.0,0.0,131.0,9.4,0.0,0.0,STRAIGHT,0.3,0.3,"CMD,0.0,0.30",1.2,0.0,1.2,0.0,0,0.8774,0,NORMAL,24.661,-0.135,0,0,0,0,0,0.0,0,0,0,,,,,,0,,,,253121,0,0
1419,132.10713529586792,2026-03-05T17:39:36.367013,83.99,0.0,3.02,0.95,0.0,0.0,0.0,126.04,9.15,0.0,0.0,STRAIGHT,0.3,0.3,"CMD,0.0,0.30",1.2,0.0,1.2,0.0,0,0.7237,0,NORMAL,24.766,-0.138,0,0,0,0,0,0.0,0,0,0,,,,,,0,,,,183178,0,0
1420,132.24610137939453,2026-03-05T17:39:36.505979,83.03,0.0,5.01,0.0,1.0,0.0,0.0,124.97,9.15,0.0,0.0,STRAIGHT,0.3,0.3,"CMD,0.0,0.30",1.2,0.0,1.2,0.0,0,0.8264,0,NORMAL,26.143,-0.132,0,0,0,0,0,0.0,0,0,0,,,,,,0,,,,218454,0,0
1421,132.3931016921997,2026-03-05T17:39:36.652979,91.0,0.0,5.0,0.0,0.0,0.0,0.0,132.97,9.16,0.0,0.0,STRAIGHT,0.3,0.3,"CMD,0.0,0.30",1.2,0.0,1.2,0.0,0,0.8839,0,NORMAL,25.917,-0.096,0,0,0,0,0,0.0,0,0,0,,,,,,0,,,,198664,0,0
1422,132.45110630989075,2026-03-05T17:39:36.710984,2.0,0.0,2.0,0.0,0.0,0.0,0.0,42.01,9.42,0.0,0.0,STRAIGHT,0.3,0.3,"CMD,0.0,0.30",1.2,0.0,1.2,0.0,0,0.8839,0,NORMAL,25.734,-0.085,0,0,0,0,0,0.0,0,0,0,,,,,,0,,,,198664,0,0
1423,132.50416040420532,2026-03-05T17:39:36.764038,2.06,0.0,2.0,0.0,0.0,0.0,0.0,39.06,9.71,0.0,0.0,STRAIGHT,0.3,0.3,"CMD,0.0,0.30",1.2,0.0,1.2,0.0,0,0.8839,0,NORMAL,25.99,-0.085,0,0,0,0,0,0.0,0,0,0,,,,,,0,,,,198664,0,0
1424,132.55710768699646,2026-03-05T17:39:36.816985,2.0,0.0,2.0,0.0,0.0,0.0,0.0,38.0,9.75,0.0,0.0,STRAIGHT,0.3,0.3,"CMD,0.0,0.30",1.2,0.0,1.2,0.0,0,0.8839,0,NORMAL,26.726,-0.066,0,0,0,0,0,0.0,0,0,0,,,,,,0,,,,198664,0,0
1425,132.69710636138916,2026-03-05T17:39:36.956984,83.0,0.0,5.0,1.0,0.0,0.0,0.0,126.0,9.49,0.0,0.0,STRAIGHT,0.3,0.3,"CMD,0.0,0.30",1.2,0.0,1.2,0.0,0,0.767,0,NORMAL,27.906,-0.041,0,0,0,0,0,0.0,0,0,0,,,,,,0,,,,255177,0,0
1426,132.83910989761353,2026-03-05T17:39:37.098987,84.0,0.0,5.0,1.0,0.0,0.0,0.0,127.0,9.23,0.0,0.0,STRAIGHT,0.3,0.3,"CMD,0.0,0.30",1.2,0.0,1.2,0.0,0,0.9148,0,NORMAL,28.838,-0.025,0,0,0,0,0,0.0,0,0,0,,,,,,0,,,,233432,0,0
1427,132.98310899734497,2026-03-05T17:39:37.242986,85.0,0.0,4.0,1.0,0.0,0.0,0.0,128.0,9.24,0.0,0.0,STRAIGHT,0.3,0.3,"CMD,0.0,0.30",1.2,0.0,1.2,0.0,0,0.9664,0,NORMAL,29.618,-0.012,0,0,0,0,0,0.0,0,0,0,,,,,,0,,,,235468,0,0
1428,133.12211751937866,2026-03-05T17:39:37.381995,84.01,0.0,5.0,0.0,0.0,0.0,0.0,125.01,9.27,0.0,0.0,STRAIGHT,0.3,0.3,"CMD,0.0,0.30",1.2,0.0,1.2,0.0,0,0.97,0,NORMAL,30.071,0.017,0,0,0,0,0,0.0,0,0,0,,,,,,0,,,,235987,0,0
1429,133.17611074447632,2026-03-05T17:39:37.435988,2.01,0.0,2.0,0.0,0.0,0.0,0.0,37.99,9.56,0.0,0.0,STRAIGHT,0.3,0.3,"CMD,0.0,0.30",1.2,0.0,1.2,0.0,0,0.97,0,NORMAL,30.152,0.042,0,0,0,0,0,0.0,0,0,0,,,,,,0,,,,235987,0,0
1430,133.22911071777344,2026-03-05T17:39:37.488988,2.0,0.0,2.0,0.0,0.0,0.0,0.0,38.0,9.88,0.0,0.0,STRAIGHT,0.3,0.3,"CMD,0.0,0.30",1.2,0.0,1.2,0.0,0,0.97,0,NORMAL,30.667,0.054,0,0,0,0,0,0.0,0,0,0,,,,,,0,,,,235987,0,0
1431,133.28211116790771,2026-03-05T17:39:37.541989,2.0,0.0,2.0,0.0,0.0,0.0,1.0,39.0,9.9,0.0,0.0,STRAIGHT,0.3,0.3,"CMD,0.0,0.30",1.2,0.0,1.2,0.0,0,0.97,0,NORMAL,31.62,0.056,0,0,0,0,0,0.0,0,0,0,,,,,,0,,,,235987,0,0
1432,133.42911219596863,2026-03-05T17:39:37.688990,91.0,0.0,5.0,1.0,0.0,0.0,0.0,134.0,9.6,0.0,0.0,STRAIGHT,0.3,0.3,"CMD,0.0,0.30",1.2,0.0,1.2,0.0,0,0.8963,0,NORMAL,33.777,0.095,0,0,0,0,0,0.0,0,0,0,,,,,,0,,,,233162,0,0
1433,133.57511472702026,2026-03-05T17:39:37.834992,87.01,0.0,5.0,1.0,0.0,0.0,0.0,130.0,9.33,0.0,0.0,STRAIGHT,0.3,0.3,"CMD,0.0,0.30",1.2,0.0,1.2,0.0,0,0.9589,0,NORMAL,35.045,0.105,0,0,0,0,0,0.0,0,0,0,,,,,,0,,,,229133,12,0
1434,133.72311520576477,2026-03-05T17:39:37.982993,86.0,0.0,5.0,1.0,0.0,0.0,0.0,132.0,9.35,0.0,0.0,STRAIGHT,0.3,0.3,"CMD,0.0,0.30",1.2,0.0,1.2,0.0,0,0.9723,0,NORMAL,35.288,0.104,0,0,0,0,0,0.0,0,0,0,,,,,,0,,,,230395,36,0
1435,133.8681139945984,2026-03-05T17:39:38.127991,85.01,0.0,5.0,1.0,0.0,0.0,0.0,128.99,9.37,0.0,0.0,STRAIGHT,0.3,0.3,"CMD,0.0,0.30",1.2,0.0,1.2,0.0,0,0.9533,0,NORMAL,36.795,0.122,0,0,0,0,0,0.0,0,0,0,,,,,,0,,,,219778,36,0
1436,133.92415308952332,2026-03-05T17:39:38.184030,2.03,0.0,3.01,0.0,0.0,0.0,0.0,40.0,9.65,0.0,0.0,STRAIGHT,0.3,0.3,"CMD,0.0,0.30",1.2,0.0,1.2,0.0,0,0.9533,0,NORMAL,37.844,0.157,0,0,0,0,0,0.0,0,0,0,,,,,,0,,,,219778,12,0
1437,133.979154586792,2026-03-05T17:39:38.239032,2.03,0.0,2.0,0.0,0.0,0.0,1.01,40.01,9.94,0.0,0.0,STRAIGHT,0.3,0.3,"CMD,0.0,0.30",1.2,0.0,1.2,0.0,0,0.9533,0,NORMAL,38.244,0.187,0,0,0,0,0,0.0,0,0,0,,,,,,0,,,,219778,0,0
1438,134.0321171283722,2026-03-05T17:39:38.291995,2.0,0.0,3.0,0.0,0.0,0.0,0.0,38.96,9.94,0.0,0.0,STRAIGHT,0.3,0.3,"CMD,0.0,0.30",1.2,0.0,1.2,0.0,0,0.9533,0,NORMAL,38.911,0.203,0,0,0,0,0,0.0,0,0,0,,,,,,0,,,,219778,0,0
1439,134.1741189956665,2026-03-05T17:39:38.433996,84.0,0.0,5.0,1.0,0.0,0.0,0.0,128.0,9.65,0.0,0.0,STRAIGHT,0.3,0.3,"CMD,0.0,0.30",1.2,0.0,1.2,0.0,0,0.927,0,NORMAL,39.824,0.22,0,0,0,0,0,0.0,0,0,0,,,,,,0,,,,234497,0,0
1440,134.31211972236633,2026-03-05T17:39:38.571997,82.0,0.0,5.0,1.0,0.0,0.0,1.0,124.0,9.39,0.0,0.0,STRAIGHT,0.3,0.3,"CMD,0.0,0.30",1.2,0.0,1.2,0.0,0,0.9571,0,NORMAL,41.182,0.25,0,0,0,0,0,0.0,0,0,0,,,,,,0,,,,243614,73,0
1441,134.4601185321808,2026-03-05T17:39:38.719996,89.0,0.0,5.01,1.0,0.0,0.0,0.0,132.0,9.4,0.0,0.0,STRAIGHT,0.3,0.3,"CMD,0.0,0.30",1.2,0.0,1.2,0.0,0,0.9418,0,NORMAL,41.77,0.283,0,0,0,0,0,0.0,0,0,0,,,,,,0,,,,229521,151,0
1442,134.60511922836304,2026-03-05T17:39:38.864997,86.01,0.0,5.0,0.0,1.0,0.0,0.0,129.0,9.39,0.0,0.0,STRAIGHT,0.3,0.3,"CMD,0.0,0.30",1.2,0.0,1.2,0.0,0,0.9637,0,NORMAL,42.778,0.317,0,0,0,0,0,0.0,0,0,0,,,,,,0,,,,238118,161,0
1443,134.66312289237976,2026-03-05T17:39:38.923000,2.0,0.0,2.0,0.0,0.0,0.0,0.0,41.0,9.65,0.0,0.0,STRAIGHT,0.3,0.3,"CMD,0.0,0.30",1.2,0.0,1.2,0.0,0,0.9637,0,NORMAL,44.177,0.345,0,0,0,0,0,0.0,0,0,0,,,,,,0,,,,238118,99,0
1444,134.71913075447083,2026-03-05T17:39:38.979008,2.01,0.0,2.0,0.0,0.0,0.0,0.0,41.01,9.64,0.0,0.0,STRAIGHT,0.3,0.3,"CMD,0.0,0.30",1.2,0.0,1.2,0.0,0,0.9637,0,NORMAL,45.571,0.368,0,0,0,0,0,0.0,0,0,0,,,,,,0,,,,238118,69,0
1445,134.77612352371216,2026-03-05T17:39:39.036001,2.0,0.0,2.0,0.0,0.0,0.0,1.0,41.0,9.63,0.0,0.0,STRAIGHT,0.3,0.3,"CMD,0.0,0.30",1.2,0.0,1.2,0.0,0,0.9637,0,NORMAL,46.421,0.398,0,0,0,0,0,0.0,0,0,0,,,,,,0,,,,238118,36,0
1446,134.92312240600586,2026-03-05T17:39:39.183000,87.0,0.0,6.0,0.0,0.0,0.0,0.0,132.0,9.35,0.0,0.0,STRAIGHT,0.3,0.3,"CMD,0.0,0.30",1.2,0.0,1.2,0.0,0,0.9552,0,NORMAL,47.013,0.454,0,0,0,0,0,0.0,0,0,0,,,,,,0,,,,239411,9,0
1447,135.07412767410278,2026-03-05T17:39:39.334005,86.97,0.0,5.01,1.0,0.0,0.0,1.0,134.01,9.33,0.0,0.0,STRAIGHT,0.3,0.3,"CMD,0.0,0.30",1.2,0.0,1.2,0.0,0,0.9102,0,NORMAL,47.373,0.47,0,0,0,0,0,0.0,0,0,0,,,,,,0,,,,263037,0,0
1448,135.22412586212158,2026-03-05T17:39:39.484003,89.0,0.0,5.0,1.0,0.0,0.0,0.0,134.0,9.3,0.0,0.0,STRAIGHT,0.3,0.3,"CMD,0.0,0.30",1.2,0.0,1.2,0.0,0,0.9755,0,NORMAL,48.501,0.448,0,0,0,0,0,0.0,0,0,0,,,,,,0,,,,262786,0,0
1449,135.28015637397766,2026-03-05T17:39:39.540034,2.04,0.0,1.99,0.0,0.0,0.0,0.0,41.03,9.56,0.0,0.0,STRAIGHT,0.3,0.3,"CMD,0.0,0.30",1.2,0.0,1.2,0.0,0,0.9755,0,NORMAL,48.735,0.452,0,0,0,0,0,0.0,0,0,0,,,,,,0,,,,262786,0,0
1450,135.33616089820862,2026-03-05T17:39:39.596038,2.03,0.0,2.0,0.0,0.0,0.0,0.0,40.0,9.85,0.0,0.0,STRAIGHT,0.3,0.3,"CMD,0.0,0.30",1.2,0.0,1.2,0.0,0,0.9755,0,NORMAL,49.473,0.476,0,0,0,0,0,0.0,0,0,0,,,,,,0,,,,262786,0,0
1451,135.39212799072266,2026-03-05T17:39:39.652005,2.0,0.0,3.0,0.0,0.0,0.0,0.0,40.0,9.86,0.0,0.0,STRAIGHT,0.3,0.3,"CMD,0.0,0.30",1.2,0.0,1.2,0.0,0,0.9755,0,NORMAL,50.032,0.48,0,0,0,0,0,0.0,0,0,0,,,,,,0,,,,262786,0,0
1452,135.53912663459778,2026-03-05T17:39:39.799004,89.03,0.0,5.97,0.0,1.0,0.0,0.0,133.0,9.56,0.0,0.0,STRAIGHT,0.3,0.3,"CMD,0.0,0.30",1.2,0.0,1.2,0.0,0,0.8454,0,NORMAL,49.992,0.483,0,0,0,0,0,0.0,0,0,0,,,,,,0,,,,222449,0,0
1453,135.68212795257568,2026-03-05T17:39:39.942005,85.0,0.0,5.0,0.0,0.0,0.0,0.0,127.0,9.28,0.0,0.0,STRAIGHT,0.3,0.3,"CMD,0.0,0.30",1.2,0.0,1.2,0.0,0,0.8997,0,NORMAL,50.092,0.495,0,0,0,0,0,0.0,0,0,0,,,,,,0,,,,225675,0,0
1454,135.8201289176941,2026-03-05T17:39:40.080007,83.02,0.0,3.99,0.99,0.0,0.0,0.0,124.0,9.29,0.0,0.0,STRAIGHT,0.3,0.3,"CMD,0.0,0.30",1.2,0.0,1.2,0.0,0,0.8638,0,NORMAL,50.174,0.506,0,0,0,0,0,0.0,0,0,0,,,,,,0,,,,197530,335,33
1455,135.9651300907135,2026-03-05T17:39:40.225008,85.01,0.0,5.0,0.99,0.0,0.0,1.0,130.0,9.28,0.0,0.0,STRAIGHT,0.3,0.3,"CMD,0.0,0.30",1.2,0.0,1.2,0.0,0,0.4581,0,NORMAL,50.207,0.508,0,0,0,0,0,0.0,0,0,0,,,,,,0,,,,197530,447,33
1456,136.01818084716797,2026-03-05T17:39:40.278058,1.01,0.0,2.0,0.0,0.0,0.0,0.0,38.05,9.55,0.0,0.0,STRAIGHT,0.3,0.3,"CMD,0.0,0.30",1.2,0.0,1.2,0.0,0,0.4581,0,NORMAL,50.016,0.509,0,0,0,0,0,0.0,0,0,0,,,,,,0,,,,90487,395,0
1457,136.0702154636383,2026-03-05T17:39:40.330093,1.03,0.0,3.0,0.0,0.0,0.0,0.0,39.04,9.84,0.0,0.0,STRAIGHT,0.3,0.3,"CMD,0.0,0.30",1.2,0.0,1.2,0.0,0,0.4581,0,NORMAL,50.552,0.519,0,0,0,0,0,0.0,0,0,0,,,,,,0,,,,90487,369,0
1458,136.12418127059937,2026-03-05T17:39:40.384059,1.0,0.0,3.0,0.0,0.0,0.0,0.0,40.97,9.83,0.0,0.0,STRAIGHT,0.3,0.3,"CMD,0.0,0.30",1.2,0.0,1.2,0.0,0,0.4581,0,NORMAL,50.669,0.527,0,0,0,0,0,0.0,0,0,0,,,,,,0,,,,90487,317,0
1459,136.26418948173523,2026-03-05T17:39:40.524067,83.01,0.0,5.0,0.99,0.0,0.0,0.0,126.01,9.55,0.0,0.0,STRAIGHT,0.3,0.3,"CMD,0.0,0.30",1.2,0.0,1.2,0.0,0,0.431,0,NORMAL,50.259,0.533,0,0,0,0,0,0.0,0,0,0,,,,,,0,,,,188054,265,6
1460,136.31821727752686,2026-03-05T17:39:40.578095,2.03,0.0,1.97,0.0,0.0,0.0,0.0,39.03,9.55,0.0,0.0,STRAIGHT,0.3,0.3,"CMD,0.0,0.30",1.2,0.0,1.2,0.0,0,0.431,0,NORMAL,49.854,0.544,0,0,0,0,0,0.0,0,0,0,,,,,,0,,,,88501,213,0
1461,136.37221884727478,2026-03-05T17:39:40.632096,1.01,0.0,2.0,0.0,0.0,0.0,0.99,39.99,9.85,0.0,0.0,STRAIGHT,0.3,0.3,"CMD,0.0,0.30",1.2,0.0,1.2,0.0,0,0.431,0,NORMAL,49.116,0.556,0,0,0,0,0,0.0,0,0,0,,,,,,0,,,,88501,187,0
1462,136.42422676086426,2026-03-05T17:39:40.684104,0.98,0.0,3.01,0.0,0.0,0.0,0.0,39.01,10.18,0.0,0.0,STRAIGHT,0.3,0.3,"CMD,0.0,0.30",1.2,0.0,1.2,0.0,0,0.431,0,NORMAL,48.151,0.56,0,0,0,0,0,0.0,0,0,0,,,,,,0,,,,88501,135,0
1463,136.57221913337708,2026-03-05T17:39:40.832097,89.0,0.0,5.0,1.0,0.0,0.0,1.0,135.0,10.18,0.0,0.0,STRAIGHT,0.3,0.3,"CMD,0.0,0.30",1.2,0.0,1.2,0.0,0,0.4662,0,NORMAL,47.986,0.548,0,0,0,0,0,0.0,0,0,0,,,,,,0,,,,107290,109,0
1464,136.62618494033813,2026-03-05T17:39:40.886062,2.0,0.0,2.0,0.0,0.0,0.0,0.0,39.96,10.51,0.0,0.0,STRAIGHT,0.3,0.3,"CMD,0.0,0.30",1.2,0.0,1.2,0.0,0,0.4662,0,NORMAL,49.328,0.557,0,0,0,0,0,0.0,0,0,0,,,,,,0,,,,52321,81,0
1465,136.6792187690735,2026-03-05T17:39:40.939096,1.0,0.0,3.0,0.0,0.0,0.0,0.0,39.03,10.53,0.0,0.0,STRAIGHT,0.3,0.3,"CMD,0.0,0.30",1.2,0.0,1.2,0.0,0,0.4662,0,NORMAL,49.05,0.563,0,0,0,0,0,0.0,0,0,0,,,,,,0,,,,52321,68,0
1466,136.73124980926514,2026-03-05T17:39:40.991127,2.03,0.0,2.0,0.0,0.0,0.0,0.0,37.99,10.54,0.0,0.0,STRAIGHT,0.3,0.3,"CMD,0.0,0.30",1.2,0.0,1.2,0.0,0,0.4662,0,NORMAL,48.33,0.541,0,0,0,0,0,0.0,0,0,0,,,,,,0,,,,52321,45,0
1467,136.87224626541138,2026-03-05T17:39:41.132124,85.0,0.0,5.0,1.0,0.0,0.0,1.05,129.02,10.21,0.0,0.0,STRAIGHT,0.3,0.3,"CMD,0.0,0.30",1.2,0.0,1.2,0.0,0,0.73,0,NORMAL,48.494,0.535,0,0,0,0,0,0.0,0,0,0,,,,,,0,,,,108453,45,0
1468,137.01323628425598,2026-03-05T17:39:41.273114,84.04,0.0,5.0,0.0,0.0,0.0,0.0,127.01,10.21,0.0,0.0,STRAIGHT,0.3,0.3,"CMD,0.0,0.30",1.2,0.0,1.2,0.0,0,0.8921,0,NORMAL,47.123,0.541,0,0,0,0,0,0.0,0,0,0,,,,,,0,,,,97235,35,0
1469,137.15219163894653,2026-03-05T17:39:41.412069,84.04,0.0,5.0,0.0,1.0,0.0,0.0,124.97,10.21,0.0,0.0,STRAIGHT,0.3,0.3,"CMD,0.0,0.30",1.2,0.0,1.2,0.0,0,0.8949,0,NORMAL,45.862,0.548,0,0,0,0,0,0.0,0,0,0,,,,,,0,,,,87073,26,0
1470,137.20622491836548,2026-03-05T17:39:41.466102,1.03,0.0,3.0,0.0,0.0,0.0,0.0,39.03,10.56,0.0,0.0,STRAIGHT,0.3,0.3,"CMD,0.0,0.30",1.2,0.0,1.2,0.0,0,0.8949,0,NORMAL,44.188,0.548,0,0,0,0,0,0.0,0,0,0,,,,,,0,,,,87073,18,0
1471,137.26122379302979,2026-03-05T17:39:41.521101,2.03,0.0,3.0,0.0,0.0,0.0,0.0,40.99,10.92,0.0,0.0,STRAIGHT,0.3,0.3,"CMD,0.0,0.30",1.2,0.0,1.2,0.0,0,0.8949,0,NORMAL,42.924,0.546,0,0,0,0,0,0.0,0,0,0,,,,,,0,,,,87073,11,0
1472,137.31519079208374,2026-03-05T17:39:41.575068,2.0,0.0,2.0,0.0,0.0,0.0,0.0,39.96,10.93,0.0,0.0,STRAIGHT,0.3,0.3,"CMD,0.0,0.30",1.2,0.0,1.2,0.0,0,0.8949,0,NORMAL,41.803,0.548,0,0,0,0,0,0.0,0,0,0,,,,,,0,,,,87073,5,0
1473,137.46019220352173,2026-03-05T17:39:41.720070,86.0,0.0,5.0,1.0,0.0,0.0,0.0,131.0,10.58,0.0,0.0,STRAIGHT,0.3,0.3,"CMD,0.0,0.30",1.2,0.0,1.2,0.0,0,0.8992,0,NORMAL,40.367,0.552,0,0,0,0,0,0.0,0,0,0,,,,,,0,,,,88393,0,0
1474,137.61619353294373,2026-03-05T17:39:41.876071,98.0,0.0,7.0,0.0,0.0,0.0,0.0,143.0,10.21,0.0,0.0,STRAIGHT,0.3,0.3,"CMD,0.0,0.30",1.2,0.0,1.2,0.0,0,0.952,0,NORMAL,38.934,0.553,0,0,0,0,0,0.0,0,0,0,,,,,,0,,,,86764,0,0
1475,137.7692310810089,2026-03-05T17:39:42.029109,90.0,0.0,6.0,1.0,0.0,0.0,0.0,139.04,10.19,0.0,0.0,STRAIGHT,0.3,0.3,"CMD,0.0,0.30",1.2,0.0,1.2,0.0,0,0.8981,0,NORMAL,37.436,0.548,0,0,0,0,0,0.0,0,0,0,,,,,,0,,,,94915,0,0
1476,137.91223621368408,2026-03-05T17:39:42.172114,86.03,0.0,3.99,1.99,0.0,0.0,0.0,128.99,10.22,0.0,0.0,STRAIGHT,0.3,0.3,"CMD,0.0,0.30",1.2,0.0,1.2,0.0,0,0.8459,0,NORMAL,35.804,0.542,0,0,0,0,0,0.0,0,0,0,,,,,,0,,,,90942,494,36
1477,137.966233253479,2026-03-05T17:39:42.226111,2.03,0.0,2.0,0.0,0.0,0.0,0.0,39.99,10.58,0.0,0.0,STRAIGHT,0.3,0.3,"CMD,0.0,0.30",1.2,0.0,1.2,0.0,0,0.8459,0,NORMAL,34.066,0.536,0,0,0,0,0,0.0,0,0,0,,,,,,0,,,,90942,459,0
1478,138.01922750473022,2026-03-05T17:39:42.279105,1.03,0.0,3.0,0.0,0.0,0.0,0.0,39.99,10.59,0.0,0.0,STRAIGHT,0.3,0.3,"CMD,0.0,0.30",1.2,0.0,1.2,0.0,0,0.8459,0,NORMAL,32.309,0.546,0,0,0,0,0,0.0,0,0,0,,,,,,0,,,,90942,389,0
1479,138.07123136520386,2026-03-05T17:39:42.331109,2.03,0.0,2.0,0.0,0.0,0.0,0.0,39.0,10.6,0.0,0.0,STRAIGHT,0.3,0.3,"CMD,0.0,0.30",1.2,0.0,1.2,0.0,0,0.8459,0,NORMAL,28.986,0.528,0,0,0,0,0,0.0,0,0,0,,,,,,0,,,,90942,354,0
1480,138.21123099327087,2026-03-05T17:39:42.471108,83.04,0.0,4.02,0.97,0.0,0.0,0.0,126.0,10.29,0.0,0.0,STRAIGHT,0.3,0.3,"CMD,0.0,0.30",1.2,0.0,1.2,0.0,0,0.7241,0,NORMAL,27.635,0.482,0,0,0,0,0,0.0,0,0,0,,,,,,0,,,,65850,319,16
1481,138.264230966568,2026-03-05T17:39:42.524108,2.03,0.0,2.0,0.0,0.0,0.0,0.0,39.99,10.64,0.0,0.0,STRAIGHT,0.3,0.3,"CMD,0.0,0.30",1.2,0.0,1.2,0.0,0,0.7241,0,NORMAL,26.053,0.449,0,0,0,0,0,0.0,0,0,0,,,,,,0,,,,65850,254,0
1482,138.31623148918152,2026-03-05T17:39:42.576109,1.04,0.0,2.99,0.0,0.0,0.0,0.0,39.03,11.01,0.0,0.0,STRAIGHT,0.3,0.3,"CMD,0.0,0.30",1.2,0.0,1.2,0.0,0,0.7241,0,NORMAL,23.011,0.441,0,0,0,0,0,0.0,0,0,0,,,,,,0,,,,65850,222,0
1483,138.36819887161255,2026-03-05T17:39:42.628076,2.0,0.0,2.0,0.0,0.0,0.0,0.0,38.97,11.38,0.0,0.0,STRAIGHT,0.3,0.3,"CMD,0.0,0.30",1.2,0.0,1.2,0.0,0,0.7241,0,NORMAL,20.863,0.428,0,0,0,0,0,0.0,0,0,0,,,,,,0,,,,65850,191,0
1484,138.50823593139648,2026-03-05T17:39:42.768113,84.0,0.0,3.0,0.0,0.0,0.0,0.0,126.04,11.4,0.0,0.0,STRAIGHT,0.3,0.3,"CMD,0.0,0.30",1.2,0.0,1.2,0.0,0,0.4589,0,NORMAL,19.475,0.382,0,0,0,0,0,0.0,0,0,0,,,,,,0,,,,82817,160,0
1485,138.65323519706726,2026-03-05T17:39:42.913113,88.03,0.0,5.0,0.97,0.0,0.0,0.0,130.99,11.0,0.0,0.0,STRAIGHT,0.3,0.3,"CMD,0.0,0.30",1.2,0.0,1.2,0.0,0,0.4868,0,NORMAL,17.404,0.356,0,0,0,0,0,0.0,0,0,0,,,,,,0,,,,136396,141,0
1486,138.71123790740967,2026-03-05T17:39:42.971115,2.03,0.0,1.99,0.0,0.0,0.0,0.0,41.99,10.98,0.0,0.0,STRAIGHT,0.3,0.3,"CMD,0.0,0.30",1.2,0.0,1.2,0.0,0,0.4868,0,NORMAL,15.024,0.338,0,0,0,0,0,0.0,0,0,0,,,,,,0,,,,140697,122,0
1487,138.76420140266418,2026-03-05T17:39:43.024079,2.0,0.0,2.0,0.0,0.0,0.0,0.0,38.97,10.98,0.0,0.0,STRAIGHT,0.3,0.3,"CMD,0.0,0.30",1.2,0.0,1.2,0.0,0,0.4868,0,NORMAL,13.091,0.302,0,0,0,0,0,0.0,0,0,0,,,,,,0,,,,140697,84,0
1488,138.8212342262268,2026-03-05T17:39:43.081112,1.0,0.0,2.03,0.0,0.0,0.0,0.0,42.03,11.35,0.0,0.0,STRAIGHT,0.3,0.3,"CMD,0.0,0.30",1.2,0.0,1.2,0.0,0,0.4868,0,NORMAL,11.355,0.268,0,0,0,0,0,0.0,0,0,0,,,,,,0,,,,140697,66,0
1489,138.96523809432983,2026-03-05T17:39:43.225115,83.0,0.0,4.99,0.0,0.0,0.0,0.0,130.03,10.96,0.0,0.0,STRAIGHT,0.3,0.3,"CMD,0.0,0.30",1.2,0.0,1.2,0.0,0,0.6173,0,NORMAL,10.169,0.243,0,0,0,0,0,0.0,0,0,0,,,,,,0,,,,190393,51,0
1490,139.1072132587433,2026-03-05T17:39:43.367091,86.03,0.0,4.0,0.0,1.01,0.0,0.0,126.98,10.6,0.0,0.0,STRAIGHT,0.3,0.3,"CMD,0.0,0.30",1.2,0.0,1.2,0.0,0,0.7972,0,NORMAL,8.992,0.223,0,0,0,0,0,0.0,0,0,0,,,,,,0,,,,151786,38,0
1491,139.24920916557312,2026-03-05T17:39:43.509086,84.0,0.0,4.0,1.0,0.0,0.0,0.0,128.0,10.27,0.0,0.0,STRAIGHT,0.3,0.3,"CMD,0.0,0.30",1.2,0.0,1.2,0.0,0,0.9382,0,NORMAL,8.4,0.201,0,0,0,0,0,0.0,0,0,0,,,,,,0,,,,155493,27,0
1492,139.30221724510193,2026-03-05T17:39:43.562095,2.01,0.0,2.0,0.0,0.0,0.0,0.0,39.01,10.62,0.0,0.0,STRAIGHT,0.3,0.3,"CMD,0.0,0.30",1.2,0.0,1.2,0.0,0,0.9382,0,NORMAL,8.797,0.178,0,0,0,0,0,0.0,0,0,0,,,,,,0,,,,155498,17,0
1493,139.35526847839355,2026-03-05T17:39:43.615146,2.06,0.0,2.0,0.0,0.0,0.0,0.0,39.05,10.63,0.0,0.0,STRAIGHT,0.3,0.3,"CMD,0.0,0.30",1.2,0.0,1.2,0.0,0,0.9382,0,NORMAL,9.359,0.162,0,0,0,0,0,0.0,0,0,0,,,,,,0,,,,155498,8,0
1494,139.41021132469177,2026-03-05T17:39:43.670089,2.0,0.0,3.0,0.0,0.0,0.0,0.0,41.0,10.62,0.0,0.0,STRAIGHT,0.3,0.3,"CMD,0.0,0.30",1.2,0.0,1.2,0.0,0,0.9382,0,NORMAL,9.932,0.156,0,0,0,0,0,0.0,0,0,0,,,,,,0,,,,155498,0,0
1495,139.5522129535675,2026-03-05T17:39:43.812090,83.0,0.0,5.0,0.0,0.0,0.0,0.0,129.0,10.28,0.0,0.0,STRAIGHT,0.3,0.3,"CMD,0.0,0.30",1.2,0.0,1.2,0.0,0,0.8703,0,NORMAL,10.973,0.133,0,0,0,0,0,0.0,0,0,0,,,,,,0,,,,167339,0,0
1496,139.695209980011,2026-03-05T17:39:43.955087,87.0,0.0,6.0,0.0,1.0,0.0,0.0,130.0,10.27,0.0,0.0,STRAIGHT,0.3,0.3,"CMD,0.0,0.30",1.2,0.0,1.2,0.0,0,0.8822,0,NORMAL,11.96,0.106,0,0,0,0,0,0.0,0,0,0,,,,,,0,,,,150279,0,0
1497,139.83621263504028,2026-03-05T17:39:44.096090,83.0,0.0,5.0,0.0,1.0,0.0,0.0,127.0,10.27,0.0,0.0,STRAIGHT,0.3,0.3,"CMD,0.0,0.30",1.2,0.0,1.2,0.0,0,0.7638,0,NORMAL,13.133,0.089,0,0,0,0,0,0.0,0,0,0,,,,,,0,,,,196493,0,0
1498,139.97821187973022,2026-03-05T17:39:44.238089,84.01,0.0,5.0,1.0,0.0,0.0,0.0,127.68,10.26,0.0,0.0,STRAIGHT,0.3,0.3,"CMD,0.0,0.30",1.2,0.0,1.2,0.0,0,0.8031,0,NORMAL,14.753,0.053,0,0,0,0,0,0.0,0,0,0,,,,,,0,,,,194371,96,0
1499,140.03221702575684,2026-03-05T17:39:44.292094,2.0,0.0,2.0,0.0,0.0,0.0,0.0,40.01,10.26,0.0,0.0,STRAIGHT,0.3,0.3,"CMD,0.0,0.30",1.2,0.0,1.2,0.0,0,0.8031,0,NORMAL,16.933,0.023,0,0,0,0,0,0.0,0,0,0,,,,,,0,,,,194782,84,0
1500,140.08521580696106,2026-03-05T17:39:44.345093,1.0,0.0,3.0,0.0,0.0,0.0,0.0,38.0,10.27,0.0,0.0,STRAIGHT,0.3,0.3,"CMD,0.0,0.30",1.2,0.0,1.2,0.0,0,0.8031,0,NORMAL,18.064,0.005,0,0,0,0,0,0.0,0,0,0,,,,,,0,,,,194782,60,0
1501,140.1402304172516,2026-03-05T17:39:44.400108,2.0,0.0,2.02,0.0,0.0,0.0,0.0,40.02,10.27,0.0,0.0,STRAIGHT,0.3,0.3,"CMD,0.0,0.30",1.2,0.0,1.2,0.0,0,0.8031,0,NORMAL,18.68,-0.017,0,0,0,0,0,0.0,0,0,0,,,,,,0,,,,194782,48,0
1502,140.28321480751038,2026-03-05T17:39:44.543092,84.01,0.0,4.0,0.99,0.0,0.0,0.0,129.0,10.27,0.0,0.0,STRAIGHT,0.3,0.3,"CMD,0.0,0.30",1.2,0.0,1.2,0.0,0,0.6867,0,NORMAL,19.777,-0.047,0,0,0,0,0,0.0,0,0,0,,,,,,0,,,,234294,36,0
1503,140.4222288131714,2026-03-05T17:39:44.682106,82.01,0.0,4.0,0.99,0.0,0.0,0.0,123.0,10.34,0.0,0.0,STRAIGHT,0.3,0.3,"CMD,0.0,0.30",1.2,0.0,1.2,0.0,0,0.9311,0,NORMAL,21.406,-0.065,0,0,0,0,0,0.0,0,0,0,,,,,,0,,,,229968,24,0
1504,140.5622193813324,2026-03-05T17:39:44.822097,83.0,0.0,4.0,1.0,0.0,0.0,0.0,124.99,10.39,0.0,0.0,STRAIGHT,0.3,0.3,"CMD,0.0,0.30",1.2,0.0,1.2,0.0,0,0.7142,0,NORMAL,22.258,-0.071,0,0,0,0,0,0.0,0,0,0,,,,,,0,,,,300416,12,0
1505,140.70622086524963,2026-03-05T17:39:44.966098,85.0,0.0,5.0,1.0,0.0,0.0,1.0,129.0,10.38,0.0,0.0,STRAIGHT,0.3,0.3,"CMD,0.0,0.30",1.2,0.0,1.2,0.0,0,0.8761,0,NORMAL,23.451,-0.094,0,0,0,0,0,0.0,0,0,0,,,,,,0,,,,329540,0,0
1506,140.76322078704834,2026-03-05T17:39:45.023098,2.0,0.0,2.0,0.0,0.0,0.0,0.0,40.0,10.37,0.0,0.0,STRAIGHT,0.3,0.3,"CMD,0.0,0.30",1.2,0.0,1.2,0.0,0,0.8761,0,NORMAL,24.657,-0.115,0,0,0,0,0,0.0,0,0,0,,,,,,0,,,,334389,0,0
1507,140.8182773590088,2026-03-05T17:39:45.078155,2.06,0.0,2.0,0.0,0.0,0.0,0.0,39.06,10.36,0.0,0.0,STRAIGHT,0.3,0.3,"CMD,0.0,0.30",1.2,0.0,1.2,0.0,0,0.8761,0,NORMAL,25.709,-0.133,0,0,0,0,0,0.0,0,0,0,,,,,,0,,,,334389,0,0
1508,140.8752212524414,2026-03-05T17:39:45.135099,2.0,0.0,3.0,0.0,0.0,0.0,0.0,41.0,10.34,0.0,0.0,STRAIGHT,0.3,0.3,"CMD,0.0,0.30",1.2,0.0,1.2,0.0,0,0.8761,0,NORMAL,26.476,-0.142,0,0,0,0,0,0.0,0,0,0,,,,,,0,,,,334389,0,0
1509,141.01823115348816,2026-03-05T17:39:45.278109,83.01,0.0,5.0,0.99,0.0,0.0,0.0,128.01,10.33,0.0,0.0,STRAIGHT,0.3,0.3,"CMD,0.0,0.30",1.2,0.0,1.2,0.0,0,0.6808,0,NORMAL,27.839,-0.17,0,0,0,0,0,0.0,0,0,0,,,,,,0,,,,250887,0,0
1510,141.1592242717743,2026-03-05T17:39:45.419102,83.0,0.0,5.0,1.0,0.0,0.0,0.0,126.99,10.02,0.0,0.0,STRAIGHT,0.3,0.3,"CMD,0.0,0.30",1.2,0.0,1.2,0.0,0,0.6733,0,NORMAL,28.632,-0.19,0,0,0,0,0,0.0,0,0,0,,,,,,0,,,,186536,0,0
1511,141.30022549629211,2026-03-05T17:39:45.560103,85.01,0.0,4.0,0.99,0.0,0.0,0.0,127.0,9.72,0.0,0.0,STRAIGHT,0.3,0.3,"CMD,0.0,0.30",1.2,0.0,1.2,0.0,0,0.6845,0,NORMAL,29.888,-0.191,0,0,0,0,0,0.0,0,0,0,,,,,,0,,,,271615,0,0
1512,141.3542263507843,2026-03-05T17:39:45.614104,2.0,0.0,2.0,0.0,0.0,0.0,0.0,39.0,9.72,0.0,0.0,STRAIGHT,0.3,0.3,"CMD,0.0,0.30",1.2,0.0,1.2,0.0,0,0.6845,0,NORMAL,31.006,-0.226,0,0,0,0,0,0.0,0,0,0,,,,,,0,,,,275047,0,0
1513,141.40923404693604,2026-03-05T17:39:45.669112,2.0,0.0,3.01,0.0,0.0,0.0,0.0,40.01,10.0,0.0,0.0,STRAIGHT,0.3,0.3,"CMD,0.0,0.30",1.2,0.0,1.2,0.0,0,0.6845,0,NORMAL,31.735,-0.267,0,0,0,0,0,0.0,0,0,0,,,,,,0,,,,275047,0,0
1514,141.46422719955444,2026-03-05T17:39:45.724105,2.0,0.0,2.0,0.0,0.0,0.0,0.0,39.0,10.32,0.0,0.0,STRAIGHT,0.3,0.3,"CMD,0.0,0.30",1.2,0.0,1.2,0.0,0,0.6845,0,NORMAL,33.898,-0.302,0,0,0,0,0,0.0,0,0,0,,,,,,0,,,,275047,0,0
1515,141.6042275428772,2026-03-05T17:39:45.864105,84.0,0.0,4.0,1.01,0.0,0.0,0.0,125.0,10.02,0.0,0.0,STRAIGHT,0.3,0.3,"CMD,0.0,0.30",1.2,0.0,1.2,0.0,0,0.7519,0,NORMAL,34.572,-0.313,0,0,0,0,0,0.0,0,0,0,,,,,,0,,,,303305,0,0
1516,141.75422954559326,2026-03-05T17:39:46.014107,92.0,0.0,5.0,1.0,0.0,0.0,0.0,134.0,9.7,0.0,0.0,STRAIGHT,0.3,0.3,"CMD,0.0,0.30",1.2,0.0,1.2,0.0,0,0.7358,0,NORMAL,35.426,-0.341,0,0,0,0,0,0.0,0,0,0,,,,,,0,,,,351939,115,0
1517,141.90223097801208,2026-03-05T17:39:46.162108,86.01,0.0,5.0,1.0,0.0,0.0,0.0,131.0,9.41,0.0,0.0,STRAIGHT,0.3,0.3,"CMD,0.0,0.30",1.2,0.0,1.2,0.0,0,0.8551,0,NORMAL,36.218,-0.361,0,0,0,0,0,0.0,0,0,0,,,,,,0,,,,357055,579,65
1518,142.05023312568665,2026-03-05T17:39:46.310111,87.0,0.0,5.0,1.0,0.0,0.0,0.0,132.0,9.4,0.0,0.0,STRAIGHT,0.3,0.3,"CMD,0.0,0.30",1.2,0.0,1.2,0.0,0,0.8706,0,NORMAL,37.13,-0.376,0,0,0,0,0,0.0,0,0,0,,,,,,0,,,,329480,572,54
1519,142.10623145103455,2026-03-05T17:39:46.366109,2.0,0.0,3.0,0.0,0.0,0.0,0.0,40.0,9.67,0.0,0.0,STRAIGHT,0.3,0.3,"CMD,0.0,0.30",1.2,0.0,1.2,0.0,0,0.8706,0,NORMAL,37.953,-0.402,0,0,0,0,0,0.0,0,0,0,,,,,,0,,,,334871,481,0
1520,142.16123175621033,2026-03-05T17:39:46.421109,1.0,0.0,3.0,0.0,0.0,0.0,0.0,40.0,9.96,0.0,0.0,STRAIGHT,0.3,0.3,"CMD,0.0,0.30",1.2,0.0,1.2,0.0,0,0.8706,0,NORMAL,38.961,-0.431,0,0,0,0,0,0.0,0,0,0,,,,,,0,,,,334871,436,0
1521,142.21724438667297,2026-03-05T17:39:46.477122,1.99,0.0,2.01,0.0,0.0,0.0,0.0,41.01,9.95,0.0,0.0,STRAIGHT,0.3,0.3,"CMD,0.0,0.30",1.2,0.0,1.2,0.0,0,0.8706,0,NORMAL,39.945,-0.444,0,0,0,0,0,0.0,0,0,0,,,,,,0,,,,334871,348,0
1522,142.36124205589294,2026-03-05T17:39:46.621119,83.01,0.0,4.0,0.98,0.0,0.0,0.0,128.01,9.65,0.0,0.0,STRAIGHT,0.3,0.3,"CMD,0.0,0.30",1.2,0.0,1.2,0.0,0,0.4965,0,NORMAL,40.904,-0.451,0,0,0,0,0,0.0,0,0,0,,,,,,0,,,,328178,287,28
1523,142.4172432422638,2026-03-05T17:39:46.677121,2.01,0.0,2.0,0.0,0.0,0.0,0.0,39.0,9.65,0.0,0.0,STRAIGHT,0.3,0.3,"CMD,0.0,0.30",1.2,0.0,1.2,0.0,0,0.4965,0,NORMAL,41.785,-0.471,0,0,0,0,0,0.0,0,0,0,,,,,,0,,,,164734,231,0
1524,142.4712324142456,2026-03-05T17:39:46.731110,0.99,0.0,3.0,0.0,0.0,0.0,0.0,40.99,9.93,0.0,0.0,STRAIGHT,0.3,0.3,"CMD,0.0,0.30",1.2,0.0,1.2,0.0,0,0.4965,0,NORMAL,42.766,-0.485,0,0,0,0,0,0.0,0,0,0,,,,,,0,,,,164734,205,0
1525,142.53223538398743,2026-03-05T17:39:46.792113,1.99,0.0,3.0,0.0,0.0,0.0,0.0,43.97,10.22,0.0,0.0,STRAIGHT,0.3,0.3,"CMD,0.0,0.30",1.2,0.0,1.2,0.0,0,0.4965,0,NORMAL,43.826,-0.501,0,0,0,0,0,0.0,0,0,0,,,,,,0,,,,164734,156,0
1526,142.6862382888794,2026-03-05T17:39:46.946116,90.0,0.0,5.0,1.0,0.0,0.0,0.0,137.01,10.18,0.0,0.0,STRAIGHT,0.3,0.3,"CMD,0.0,0.30",1.2,0.0,1.2,0.0,0,0.5018,0,NORMAL,45.104,-0.511,0,0,0,0,0,0.0,0,0,0,,,,,,0,,,,174600,133,0
1527,142.84623527526855,2026-03-05T17:39:47.106113,96.0,0.0,7.0,0.0,0.0,0.0,0.0,144.0,10.11,0.0,0.0,STRAIGHT,0.3,0.3,"CMD,0.0,0.30",1.2,0.0,1.2,0.0,0,0.9251,0,NORMAL,46.223,-0.51,0,0,0,0,0,0.0,0,0,0,,,,,,0,,,,187544,110,0
1528,142.91024160385132,2026-03-05T17:39:47.170119,2.0,0.0,3.0,0.0,0.0,0.0,0.0,47.01,10.08,0.0,0.0,STRAIGHT,0.3,0.3,"CMD,0.0,0.30",1.2,0.0,1.2,0.0,0,0.9251,0,NORMAL,47.106,-0.525,0,0,0,0,0,0.0,0,0,0,,,,,,0,,,,187612,88,0
1529,142.9682378768921,2026-03-05T17:39:47.228115,2.0,0.0,2.0,0.0,0.0,0.0,0.0,42.0,10.06,0.0,0.0,STRAIGHT,0.3,0.3,"CMD,0.0,0.30",1.2,0.0,1.2,0.0,0,0.9251,0,NORMAL,48.595,-0.524,0,0,0,0,0,0.0,0,0,0,,,,,,0,,,,187612,46,0
1530,143.02723789215088,2026-03-05T17:39:47.287115,2.0,0.0,3.0,0.0,0.0,0.0,0.0,43.01,10.05,0.0,0.0,STRAIGHT,0.3,0.3,"CMD,0.0,0.30",1.2,0.0,1.2,0.0,0,0.9251,0,NORMAL,49.91,-0.53,0,0,0,0,0,0.0,0,0,0,,,,,,0,,,,187612,28,0
1531,143.17924046516418,2026-03-05T17:39:47.439118,86.99,0.0,5.01,1.0,0.0,0.0,0.0,136.0,10.01,0.0,0.0,STRAIGHT,0.3,0.3,"CMD,0.0,0.30",1.2,0.0,1.2,0.0,0,0.8395,0,NORMAL,51.051,-0.543,0,0,0,0,0,0.0,0,0,0,,,,,,0,,,,159627,12,0
1532,143.32124209403992,2026-03-05T17:39:47.581119,85.0,0.0,5.0,1.0,0.0,0.0,0.0,128.0,10.0,0.0,0.0,STRAIGHT,0.3,0.3,"CMD,0.0,0.30",1.2,0.0,1.2,0.0,0,0.838,0,NORMAL,52.308,-0.542,0,0,0,0,0,0.0,0,0,0,,,,,,0,,,,188488,0,0
1533,143.46124815940857,2026-03-05T17:39:47.721126,83.01,0.0,5.0,0.0,0.0,0.0,0.0,126.01,10.0,0.0,0.0,STRAIGHT,0.3,0.3,"CMD,0.0,0.30",1.2,0.0,1.2,0.0,0,0.9431,0,NORMAL,53.987,-0.541,0,0,0,0,0,0.0,0,0,0,,,,,,0,,,,181622,0,0
1534,143.60224151611328,2026-03-05T17:39:47.862119,84.0,0.0,4.0,2.0,0.0,0.0,0.0,125.99,10.02,0.0,0.0,STRAIGHT,0.3,0.3,"CMD,0.0,0.30",1.2,0.0,1.2,0.0,0,0.9577,0,NORMAL,55.457,-0.543,0,0,0,0,0,0.0,2,1,0,,,,,,0,,,,176292,1011,88
1535,143.65625023841858,2026-03-05T17:39:47.916128,2.01,0.0,2.0,0.0,0.0,0.0,0.0,40.01,10.02,0.0,0.0,STRAIGHT,0.3,0.3,"CMD,0.0,0.30",1.2,0.0,1.2,0.0,0,0.9577,0,NORMAL,56.357,-0.518,0,0,0,0,0,0.0,0,0,0,,,,,,0,,,,176393,939,0
1536,143.72124981880188,2026-03-05T17:39:47.981127,3.01,0.0,2.0,0.0,0.0,0.0,0.0,49.01,9.99,0.0,0.0,STRAIGHT,0.3,0.3,"CMD,0.0,0.30",1.2,0.0,1.2,0.0,0,0.9577,0,NORMAL,58.014,-0.498,0,0,0,0,0,0.0,0,0,0,,,,,,0,,,,176393,795,0
1537,143.7782428264618,2026-03-05T17:39:48.038120,1.0,0.0,3.0,0.0,0.0,0.0,0.0,42.0,9.99,0.0,0.0,STRAIGHT,0.3,0.3,"CMD,0.0,0.30",1.2,0.0,1.2,0.0,0,0.9577,0,NORMAL,60.387,-0.491,0,0,0,0,0,0.0,0,0,0,,,,,,0,,,,176393,724,0
1538,143.9252450466156,2026-03-05T17:39:48.185123,86.0,0.0,4.0,1.99,0.0,0.0,0.0,132.0,9.98,0.0,0.0,STRAIGHT,0.3,0.3,"CMD,0.0,0.30",1.2,0.0,1.2,0.0,0,0.7952,0,NORMAL,62.305,-0.474,0,0,0,0,0,0.0,2,1,0,,,,,,0,,,,214532,585,54
1539,143.98124384880066,2026-03-05T17:39:48.241121,1.0,0.0,3.0,0.0,0.0,0.0,0.0,40.0,10.28,0.0,0.0,STRAIGHT,0.3,0.3,"CMD,0.0,0.30",1.2,0.0,1.2,0.0,0,0.7952,0,NORMAL,62.875,-0.451,0,0,0,0,0,0.0,0,0,0,,,,,,0,,,,214588,464,0
1540,144.0362527370453,2026-03-05T17:39:48.296130,2.01,0.0,2.0,0.0,0.0,0.0,0.0,41.01,10.6,0.0,0.0,STRAIGHT,0.3,0.3,"CMD,0.0,0.30",1.2,0.0,1.2,0.0,0,0.7952,0,NORMAL,63.118,-0.432,0,0,0,0,0,0.0,0,0,0,,,,,,0,,,,214588,425,0
1541,144.0912446975708,2026-03-05T17:39:48.351122,2.0,0.0,2.0,0.0,0.0,0.0,0.0,41.0,10.59,0.0,0.0,STRAIGHT,0.3,0.3,"CMD,0.0,0.30",1.2,0.0,1.2,0.0,0,0.7952,0,NORMAL,63.435,-0.42,0,0,0,0,0,0.0,0,0,0,,,,,,0,,,,214588,352,0
1542,144.2352478504181,2026-03-05T17:39:48.495125,84.01,0.0,5.0,1.0,0.0,0.0,0.0,129.0,10.26,0.0,0.0,STRAIGHT,0.3,0.3,"CMD,0.0,0.30",1.2,0.0,1.2,0.0,0,0.8023,0,NORMAL,63.627,-0.404,0,0,0,0,0,0.0,0,0,0,,,,,,0,,,,232671,348,38
1543,144.29024648666382,2026-03-05T17:39:48.550124,2.0,0.0,2.0,0.0,0.0,0.0,0.0,39.0,10.26,0.0,0.0,STRAIGHT,0.3,0.3,"CMD,0.0,0.30",1.2,0.0,1.2,0.0,0,0.8023,0,NORMAL,63.626,-0.371,0,0,0,0,0,0.0,0,0,0,,,,,,0,,,,232913,281,0
1544,144.34524726867676,2026-03-05T17:39:48.605125,2.0,0.0,2.0,0.0,0.0,0.0,0.0,40.0,10.58,0.0,0.0,STRAIGHT,0.3,0.3,"CMD,0.0,0.30",1.2,0.0,1.2,0.0,0,0.8023,0,NORMAL,63.365,-0.364,0,0,0,0,0,0.0,0,0,0,,,,,,0,,,,232913,249,0
1545,144.40024781227112,2026-03-05T17:39:48.660125,2.0,0.0,2.0,0.0,0.0,0.0,0.0,39.0,10.96,0.0,0.0,STRAIGHT,0.3,0.3,"CMD,0.0,0.30",1.2,0.0,1.2,0.0,0,0.8023,0,NORMAL,63.655,-0.369,0,0,0,0,0,0.0,0,0,0,,,,,,0,,,,232913,187,0
1546,144.54124855995178,2026-03-05T17:39:48.801126,83.01,0.0,3.99,1.0,0.0,0.0,0.0,127.0,10.99,0.0,0.0,STRAIGHT,0.3,0.3,"CMD,0.0,0.30",1.2,0.0,1.2,0.0,0,0.6875,0,NORMAL,63.996,-0.358,0,0,0,0,0,0.0,0,0,0,,,,,,0,,,,290632,174,10
1547,144.68324947357178,2026-03-05T17:39:48.943127,82.0,0.0,5.0,1.0,0.0,0.0,1.0,125.0,11.01,0.0,0.0,STRAIGHT,0.3,0.3,"CMD,0.0,0.30",1.2,0.0,1.2,0.0,0,0.9248,0,NORMAL,63.525,-0.348,0,0,0,0,0,0.0,0,0,0,,,,,,0,,,,274867,145,0
1548,144.7382504940033,2026-03-05T17:39:48.998128,2.0,0.0,3.0,0.0,0.0,0.0,0.0,40.0,11.02,0.0,0.0,STRAIGHT,0.3,0.3,"CMD,0.0,0.30",1.2,0.0,1.2,0.0,0,0.9248,0,NORMAL,63.2,-0.35,0,0,0,0,0,0.0,0,0,0,,,,,,0,,,,274972,119,0
1549,144.79531741142273,2026-03-05T17:39:49.055195,1.07,0.0,2.99,0.0,0.0,0.0,0.0,41.07,11.01,0.0,0.0,STRAIGHT,0.3,0.3,"CMD,0.0,0.30",1.2,0.0,1.2,0.0,0,0.9248,0,NORMAL,63.113,-0.34,0,0,0,0,0,0.0,0,0,0,,,,,,0,,,,274972,77,0
1550,144.85325074195862,2026-03-05T17:39:49.113128,2.0,0.0,2.0,0.0,0.0,0.0,0.0,42.0,11.0,0.0,0.0,STRAIGHT,0.3,0.3,"CMD,0.0,0.30",1.2,0.0,1.2,0.0,0,0.9248,0,NORMAL,63.209,-0.324,0,0,0,0,0,0.0,0,0,0,,,,,,0,,,,274972,60,0
1551,145.0032548904419,2026-03-05T17:39:49.263133,87.04,0.0,5.0,0.95,0.0,0.0,1.0,134.0,10.98,0.0,0.0,STRAIGHT,0.3,0.3,"CMD,0.0,0.30",1.2,0.0,1.2,0.0,0,0.7477,0,NORMAL,62.937,-0.3,0,0,0,0,0,0.0,0,0,0,,,,,,0,,,,262497,45,0
1552,145.1462540626526,2026-03-05T17:39:49.406132,82.98,0.0,5.0,1.0,0.0,0.0,0.0,127.0,10.63,0.0,0.0,STRAIGHT,0.3,0.3,"CMD,0.0,0.30",1.2,0.0,1.2,0.0,0,0.9023,0,NORMAL,62.941,-0.298,0,0,0,0,0,0.0,0,0,0,,,,,,0,,,,273233,31,0
1553,145.28725504875183,2026-03-05T17:39:49.547133,83.98,0.0,3.99,1.0,0.0,0.0,0.0,125.0,10.3,0.0,0.0,STRAIGHT,0.3,0.3,"CMD,0.0,0.30",1.2,0.0,1.2,0.0,0,0.9017,0,NORMAL,62.788,-0.292,0,0,0,0,0,0.0,0,0,0,,,,,,0,,,,257101,18,0
1554,145.430255651474,2026-03-05T17:39:49.690133,83.01,0.0,5.0,3.0,0.0,0.0,0.0,129.0,10.01,0.0,0.0,STRAIGHT,0.3,0.3,"CMD,0.0,0.30",1.2,0.0,1.2,0.0,0,0.8627,0,NORMAL,62.73,-0.271,0,0,0,0,0,0.0,20,1,0,,,,,,0,,,,275260,1966,225
1555,145.4862561225891,2026-03-05T17:39:49.746134,0.99,0.0,2.0,0.0,0.0,0.0,0.0,41.0,10.36,0.0,0.0,STRAIGHT,0.3,0.3,"CMD,0.0,0.30",1.2,0.0,1.2,0.0,0,0.8627,0,NORMAL,62.733,-0.25,0,0,0,0,0,0.0,0,0,0,,,,,,0,,,,275951,1898,0
1556,145.54325675964355,2026-03-05T17:39:49.803134,1.99,0.0,2.0,0.0,0.0,0.0,0.0,42.0,10.75,0.0,0.0,STRAIGHT,0.3,0.3,"CMD,0.0,0.30",1.2,0.0,1.2,0.0,0,0.8627,0,NORMAL,64.058,-0.246,0,0,0,0,0,0.0,0,0,0,,,,,,0,,,,275951,1715,0
1557,145.59825682640076,2026-03-05T17:39:49.858134,0.99,0.0,2.0,0.0,0.0,0.0,1.0,40.0,10.79,0.0,0.0,STRAIGHT,0.3,0.3,"CMD,0.0,0.30",1.2,0.0,1.2,0.0,0,0.8627,0,NORMAL,64.464,-0.233,0,0,0,0,0,0.0,0,0,0,,,,,,0,,,,275951,1634,0
1558,145.74425792694092,2026-03-05T17:39:50.004136,85.01,0.0,5.0,2.0,0.0,0.0,0.0,131.0,10.44,0.0,0.0,STRAIGHT,0.3,0.3,"CMD,0.0,0.30",1.2,0.0,1.2,0.0,0,0.806,0,NORMAL,65.172,-0.229,0,0,0,0,0,0.0,13,1,0,,,,,,0,,,,276173,1553,172
1559,145.80125832557678,2026-03-05T17:39:50.061136,2.0,0.0,4.0,0.0,0.0,0.0,0.0,41.0,10.45,0.0,0.0,STRAIGHT,0.3,0.3,"CMD,0.0,0.30",1.2,0.0,1.2,0.0,0,0.806,0,NORMAL,65.635,-0.203,0,0,0,0,0,0.0,0,0,0,,,,,,0,,,,279610,1381,0
1560,145.86525869369507,2026-03-05T17:39:50.125136,2.0,0.0,3.0,0.0,0.0,0.0,0.0,47.0,10.8,0.0,0.0,STRAIGHT,0.3,0.3,"CMD,0.0,0.30",1.2,0.0,1.2,0.0,0,0.806,0,NORMAL,65.569,-0.164,0,0,0,0,0,0.0,0,0,0,,,,,,0,,,,279610,1319,0
1561,145.92426180839539,2026-03-05T17:39:50.184139,2.01,0.0,2.0,0.0,0.0,0.0,0.0,43.0,11.14,0.0,0.0,STRAIGHT,0.3,0.3,"CMD,0.0,0.30",1.2,0.0,1.2,0.0,0,0.806,0,NORMAL,65.138,-0.133,0,0,0,0,0,0.0,0,0,0,,,,,,0,,,,279610,1265,0
1562,146.08129286766052,2026-03-05T17:39:50.341170,87.0,0.0,5.0,2.0,0.0,0.0,0.0,140.03,11.07,0.0,0.0,STRAIGHT,0.3,0.3,"CMD,0.0,0.30",1.2,0.0,1.2,0.0,0,0.7271,0,NORMAL,64.676,-0.122,0,0,0,0,0,0.0,11,1,0,,,,,,0,,,,293197,1191,151
1563,146.14226484298706,2026-03-05T17:39:50.402142,2.0,0.0,3.0,0.0,0.0,0.0,0.0,42.97,11.41,0.0,0.0,STRAIGHT,0.3,0.3,"CMD,0.0,0.30",1.2,0.0,1.2,0.0,0,0.7271,0,NORMAL,63.971,-0.095,0,0,0,0,0,0.0,0,0,0,,,,,,0,,,,297114,1150,0
1564,146.1982958316803,2026-03-05T17:39:50.458173,2.04,0.0,2.99,0.0,0.0,0.0,0.0,40.03,11.41,0.0,0.0,STRAIGHT,0.3,0.3,"CMD,0.0,0.30",1.2,0.0,1.2,0.0,0,0.7271,0,NORMAL,64.151,-0.07,0,0,0,0,0,0.0,0,0,0,,,,,,0,,,,297114,1008,0
1565,146.25427293777466,2026-03-05T17:39:50.514151,1.01,0.0,3.0,0.0,0.0,0.0,0.0,40.01,11.44,0.0,0.0,STRAIGHT,0.3,0.3,"CMD,0.0,0.30",1.2,0.0,1.2,0.0,0,0.7271,0,NORMAL,64.085,-0.036,0,0,0,0,0,0.0,0,0,0,,,,,,0,,,,297114,953,0
1566,146.39827418327332,2026-03-05T17:39:50.658152,83.0,0.0,5.0,2.0,0.0,0.0,0.0,128.0,11.07,0.0,0.0,STRAIGHT,0.3,0.3,"CMD,0.0,0.30",1.2,0.0,1.2,0.0,0,0.725,0,NORMAL,65.045,-0.017,0,0,0,0,0,0.0,2,1,0,,,,,,0,,,,288096,896,108
1567,146.5412700176239,2026-03-05T17:39:50.801147,84.0,0.0,4.0,2.0,0.0,0.0,0.0,128.0,11.09,0.0,0.0,STRAIGHT,0.3,0.3,"CMD,0.0,0.30",1.2,0.0,1.2,0.0,0,0.8924,0,NORMAL,66.304,0.019,0,0,0,0,0,0.0,2,1,0,,,,,,0,,,,281427,840,104
1568,146.59727692604065,2026-03-05T17:39:50.857154,2.01,0.0,2.0,0.0,0.0,0.0,0.0,40.01,11.09,0.0,0.0,STRAIGHT,0.3,0.3,"CMD,0.0,0.30",1.2,0.0,1.2,0.0,0,0.8924,0,NORMAL,64.776,0.051,0,0,0,0,0,0.0,0,0,0,,,,,,0,,,,286697,785,0
1569,146.65329766273499,2026-03-05T17:39:50.913175,2.04,0.0,2.0,0.0,0.0,0.0,0.0,39.03,11.09,0.0,0.0,STRAIGHT,0.3,0.3,"CMD,0.0,0.30",1.2,0.0,1.2,0.0,0,0.8924,0,NORMAL,65.712,0.059,0,0,0,0,0,0.0,0,0,0,,,,,,0,,,,286697,669,0
1570,146.7093014717102,2026-03-05T17:39:50.969179,2.04,0.0,2.0,0.0,0.0,0.0,0.0,41.0,11.08,0.0,0.0,STRAIGHT,0.3,0.3,"CMD,0.0,0.30",1.2,0.0,1.2,0.0,0,0.8924,0,NORMAL,66.466,0.075,0,0,0,0,0,0.0,0,0,0,,,,,,0,,,,286697,601,0
1571,146.8623011112213,2026-03-05T17:39:51.122179,92.0,0.0,5.03,1.0,0.0,0.0,1.0,137.03,11.04,0.0,0.0,STRAIGHT,0.3,0.3,"CMD,0.0,0.30",1.2,0.0,1.2,0.0,0,0.6698,0,NORMAL,67.936,0.079,0,0,0,0,0,0.0,0,0,0,,,,,,0,,,,285578,534,50
1572,147.01026916503906,2026-03-05T17:39:51.270147,84.04,0.0,4.96,1.0,0.0,0.0,0.0,130.97,10.66,0.0,0.0,STRAIGHT,0.3,0.3,"CMD,0.0,0.30",1.2,0.0,1.2,0.0,0,0.876,0,NORMAL,69.2,0.112,0,0,0,0,0,0.0,0,0,0,,,,,,0,,,,277039,467,44
1573,147.06827092170715,2026-03-05T17:39:51.328148,1.0,0.0,3.0,0.0,0.0,0.0,0.0,40.97,10.65,0.0,0.0,STRAIGHT,0.3,0.3,"CMD,0.0,0.30",1.2,0.0,1.2,0.0,0,0.876,0,NORMAL,70.162,0.128,0,0,0,0,0,0.0,0,0,0,,,,,,0,,,,282049,401,0
1574,147.125305891037,2026-03-05T17:39:51.385183,2.04,0.0,2.0,0.0,0.0,0.0,0.0,41.04,10.64,0.0,0.0,STRAIGHT,0.3,0.3,"CMD,0.0,0.30",1.2,0.0,1.2,0.0,0,0.876,0,NORMAL,69.134,0.132,0,0,0,0,0,0.0,0,0,0,,,,,,0,,,,282049,301,0
1575,147.1823091506958,2026-03-05T17:39:51.442186,2.06,0.0,2.0,0.0,0.0,0.0,0.0,40.01,10.98,0.0,0.0,STRAIGHT,0.3,0.3,"CMD,0.0,0.30",1.2,0.0,1.2,0.0,0,0.876,0,NORMAL,68.975,0.103,0,0,0,0,0,0.0,0,0,0,,,,,,0,,,,282049,251,0
1576,147.32949829101562,2026-03-05T17:39:51.589376,84.99,0.0,5.0,0.0,0.0,0.0,0.0,132.04,10.96,0.0,0.0,STRAIGHT,0.3,0.3,"CMD,0.0,0.30",1.2,0.0,1.2,0.0,0,0.6796,0,NORMAL,70.139,0.128,0,0,0,0,0,0.0,0,0,0,,,,,,0,,,,285753,203,0
1577,147.472501039505,2026-03-05T17:39:51.732378,84.03,0.0,3.97,0.97,0.0,0.0,0.0,127.0,10.61,0.0,0.0,STRAIGHT,0.3,0.3,"CMD,0.0,0.30",1.2,0.0,1.2,0.0,0,0.9115,0,NORMAL,70.236,0.166,0,0,0,0,0,0.0,0,0,0,,,,,,0,,,,283307,150,0
1578,147.61746501922607,2026-03-05T17:39:51.877343,85.03,0.0,5.0,0.0,0.0,0.0,0.0,128.97,10.28,0.0,0.0,STRAIGHT,0.3,0.3,"CMD,0.0,0.30",1.2,0.0,1.2,0.0,0,0.8862,0,NORMAL,68.809,0.167,0,0,0,0,0,0.0,0,0,0,,,,,,0,,,,285254,97,0
1579,147.76046657562256,2026-03-05T17:39:52.020344,83.04,0.0,5.0,1.0,0.0,0.0,0.0,127.97,9.98,0.0,0.0,STRAIGHT,0.3,0.3,"CMD,0.0,0.30",1.2,0.0,1.2,0.0,0,0.9216,0,NORMAL,68.555,0.207,0,0,0,0,0,0.0,0,0,0,,,,,,0,,,,283428,172,6
1580,147.8185031414032,2026-03-05T17:39:52.078381,2.03,0.0,1.97,0.0,0.0,0.0,0.0,40.97,10.3,0.0,0.0,STRAIGHT,0.3,0.3,"CMD,0.0,0.30",1.2,0.0,1.2,0.0,0,0.9216,0,NORMAL,67.255,0.265,0,0,0,0,0,0.0,0,0,0,,,,,,0,,,,289154,128,0
1581,147.87850284576416,2026-03-05T17:39:52.138380,3.04,0.0,2.0,0.0,0.0,0.0,0.0,44.0,10.61,0.0,0.0,STRAIGHT,0.3,0.3,"CMD,0.0,0.30",1.2,0.0,1.2,0.0,0,0.9216,0,NORMAL,65.596,0.283,0,0,0,0,0,0.0,0,0,0,,,,,,0,,,,289154,92,0
1582,147.93750309944153,2026-03-05T17:39:52.197381,2.04,0.0,2.0,0.0,0.0,0.0,0.0,43.0,10.94,0.0,0.0,STRAIGHT,0.3,0.3,"CMD,0.0,0.30",1.2,0.0,1.2,0.0,0,0.9216,0,NORMAL,63.381,0.335,0,0,0,0,0,0.0,0,0,0,,,,,,0,,,,289154,72,0
1583,148.0884771347046,2026-03-05T17:39:52.348355,89.01,0.0,4.99,1.0,0.0,0.0,0.0,133.97,10.91,0.0,0.0,STRAIGHT,0.3,0.3,"CMD,0.0,0.30",1.2,0.0,1.2,0.0,0,0.6696,0,NORMAL,62.526,0.425,0,0,0,0,0,0.0,0,0,0,,,,,,0,,,,277596,60,0
1584,148.23947930335999,2026-03-05T17:39:52.499357,86.01,0.0,4.99,0.99,0.0,0.0,0.0,132.99,10.54,0.0,0.0,STRAIGHT,0.3,0.3,"CMD,0.0,0.30",1.2,0.0,1.2,0.0,0,0.9069,0,NORMAL,61.686,0.491,0,0,0,0,0,0.0,0,0,0,,,,,,0,,,,281407,48,0
1585,148.39048314094543,2026-03-05T17:39:52.650361,86.0,0.0,5.0,1.0,0.0,0.0,1.01,134.01,10.19,0.0,0.0,STRAIGHT,0.3,0.3,"CMD,0.0,0.30",1.2,0.0,1.2,0.0,0,0.905,0,NORMAL,60.841,0.543,0,0,0,0,0,0.0,0,0,0,,,,,,0,,,,277129,36,0
1586,148.54147291183472,2026-03-05T17:39:52.801350,85.0,0.0,5.0,1.0,0.0,0.0,0.0,128.97,9.85,0.0,0.0,STRAIGHT,0.3,0.3,"CMD,0.0,0.30",1.2,0.0,1.2,0.0,0,0.8876,0,NORMAL,60.314,0.604,0,0,0,0,0,0.0,0,0,0,,,,,,0,,,,263833,130,0
1587,148.6054766178131,2026-03-05T17:39:52.865354,2.0,0.0,3.0,0.0,0.0,0.0,0.0,46.01,10.14,0.0,0.0,STRAIGHT,0.3,0.3,"CMD,0.0,0.30",1.2,0.0,1.2,0.0,0,0.8876,0,NORMAL,59.222,0.641,0,0,0,0,0,0.0,0,0,0,,,,,,0,,,,271478,96,0
1588,148.66947221755981,2026-03-05T17:39:52.929350,2.06,0.0,2.94,0.0,0.0,0.0,0.0,46.0,10.11,0.0,0.0,STRAIGHT,0.3,0.3,"CMD,0.0,0.30",1.2,0.0,1.2,0.0,0,0.8876,0,NORMAL,59.088,0.686,0,0,0,0,0,0.0,0,0,0,,,,,,0,,,,271478,72,0
1589,148.72947573661804,2026-03-05T17:39:52.989353,2.0,0.0,3.0,0.0,0.0,0.0,0.0,42.97,10.12,0.0,0.0,STRAIGHT,0.3,0.3,"CMD,0.0,0.30",1.2,0.0,1.2,0.0,0,0.8876,0,NORMAL,58.752,0.729,0,0,0,0,0,0.0,0,0,0,,,,,,0,,,,271478,60,0
1590,148.88847470283508,2026-03-05T17:39:53.148352,91.0,0.0,7.0,0.0,1.0,0.0,0.0,142.0,9.78,0.0,0.0,STRAIGHT,0.3,0.3,"CMD,0.0,0.30",1.2,0.0,1.2,0.0,0,0.6748,0,NORMAL,58.358,0.769,0,0,0,0,0,0.0,0,0,0,,,,,,0,,,,236561,48,0
1591,149.05247592926025,2026-03-05T17:39:53.312353,93.0,0.0,6.0,1.0,0.0,0.0,1.0,142.97,9.76,0.0,0.0,STRAIGHT,0.3,0.3,"CMD,0.0,0.30",1.2,0.0,1.2,0.0,0,0.9018,0,NORMAL,58.002,0.821,0,0,0,0,0,0.0,0,0,0,,,,,,0,,,,226277,24,0
1592,149.21247720718384,2026-03-05T17:39:53.472355,90.0,0.0,5.01,0.0,1.0,0.0,0.0,141.0,9.45,0.0,0.0,STRAIGHT,0.3,0.3,"CMD,0.0,0.30",1.2,0.0,1.2,0.0,0,0.886,0,NORMAL,57.369,0.868,0,0,0,0,0,0.0,0,0,0,,,,,,0,,,,217863,0,0
1593,149.38648056983948,2026-03-05T17:39:53.646358,93.0,0.0,5.0,1.0,0.0,0.0,0.0,152.0,9.1,0.0,0.0,STRAIGHT,0.3,0.3,"CMD,0.0,0.30",1.2,0.0,1.2,0.0,0,0.8664,0,NORMAL,56.696,0.911,0,0,0,0,0,0.0,0,0,0,,,,,,0,,,,198426,214,0
1594,149.49248433113098,2026-03-05T17:39:53.752362,3.0,0.0,6.0,0.0,0.0,0.0,0.0,84.0,8.96,0.0,0.0,STRAIGHT,0.3,0.3,"CMD,0.0,0.30",1.2,0.0,1.2,0.0,0,0.8664,0,NORMAL,55.585,0.955,0,0,0,0,0,0.0,0,0,0,,,,,,0,,,,203343,142,0
1595,149.5904815196991,2026-03-05T17:39:53.850359,2.0,0.0,4.0,0.0,0.0,0.0,0.0,70.0,9.08,0.0,0.0,STRAIGHT,0.3,0.3,"CMD,0.0,0.30",1.2,0.0,1.2,0.0,0,0.8664,0,NORMAL,54.832,1.013,0,0,0,0,0,0.0,0,0,0,,,,,,0,,,,203343,106,0
1596,149.6764838695526,2026-03-05T17:39:53.936361,3.0,0.0,4.0,0.0,0.0,0.0,1.0,65.0,9.25,0.0,0.0,STRAIGHT,0.3,0.3,"CMD,0.0,0.30",1.2,0.0,1.2,0.0,0,0.8664,0,NORMAL,54.27,1.077,0,0,0,0,0,0.0,0,0,0,,,,,,0,,,,203343,35,0
1597,149.88348484039307,2026-03-05T17:39:54.143362,112.0,0.0,7.0,0.0,1.0,0.0,0.0,181.0,8.82,0.0,0.0,STRAIGHT,0.3,0.3,"CMD,0.0,0.30",1.2,0.0,1.2,0.0,0,0.4537,0,NORMAL,53.475,1.128,0,0,0,0,0,0.0,0,0,0,,,,,,0,,,,198737,0,0
1598,150.08348488807678,2026-03-05T17:39:54.343362,99.01,0.0,8.0,1.0,0.0,0.0,1.0,175.0,8.45,0.0,0.0,STRAIGHT,0.3,0.3,"CMD,0.0,0.30",1.2,0.0,1.2,0.0,0,0.391,0,NORMAL,52.998,1.177,0,0,0,0,0,0.0,0,0,0,,,,,,0,,,,213610,0,0
1599,150.2554898262024,2026-03-05T17:39:54.515367,99.0,0.0,5.99,1.0,0.0,0.0,0.0,152.96,8.18,0.0,0.0,STRAIGHT,0.3,0.3,"CMD,0.0,0.30",1.2,0.0,1.2,0.0,0,0.7784,0,NORMAL,52.63,1.238,0,0,0,0,0,0.0,0,0,0,,,,,,0,,,,124293,0,0
1600,150.33549165725708,2026-03-05T17:39:54.595369,3.0,0.0,5.0,0.0,0.0,0.0,0.0,63.0,8.35,0.0,0.0,STRAIGHT,0.3,0.3,"CMD,0.0,0.30",1.2,0.0,1.2,0.0,0,0.7784,0,NORMAL,52.278,1.302,0,0,0,0,0,0.0,0,0,0,,,,,,0,,,,128459,0,0
1601,150.43149209022522,2026-03-05T17:39:54.691370,4.0,0.0,5.0,0.0,0.0,0.0,0.0,74.0,8.48,0.0,0.0,STRAIGHT,0.3,0.3,"CMD,0.0,0.30",1.2,0.0,1.2,0.0,0,0.7784,0,NORMAL,51.677,1.363,0,0,0,0,0,0.0,0,0,0,,,,,,0,,,,128459,0,0
1602,150.5224895477295,2026-03-05T17:39:54.782367,3.0,0.0,4.0,0.0,0.0,0.0,0.0,66.0,8.4,0.0,0.0,STRAIGHT,0.3,0.3,"CMD,0.0,0.30",1.2,0.0,1.2,0.0,0,0.7784,0,NORMAL,51.346,1.406,0,0,0,0,0,0.0,0,0,0,,,,,,0,,,,128459,0,0
1603,150.70749258995056,2026-03-05T17:39:54.968630,102.0,0.0,8.0,1.0,0.0,0.0,0.0,165.0,8.1,0.0,0.0,STRAIGHT,0.3,0.3,"CMD,0.0,0.30",1.2,0.0,1.2,0.0,0,0.7415,0,NORMAL,51.233,1.461,0,0,0,0,0,0.0,0,0,0,,,,,,0,,,,137832,0,0
1604,150.89749670028687,2026-03-05T17:39:55.157374,99.0,0.0,9.0,1.0,0.0,0.0,0.0,166.0,7.81,0.0,0.0,STRAIGHT,0.3,0.3,"CMD,0.0,0.30",1.2,0.0,1.2,0.0,0,0.919,0,NORMAL,51.045,1.505,0,0,0,0,0,0.0,0,0,0,,,,,,0,,,,138080,0,0
1605,151.10049486160278,2026-03-05T17:39:55.361373,103.0,0.0,9.0,3.0,0.0,0.0,0.0,180.0,7.69,0.0,0.0,STRAIGHT,0.3,0.3,"CMD,0.0,0.30",1.2,0.0,1.2,0.0,0,0.924,0,NORMAL,50.944,1.541,0,0,0,0,0,0.0,7,1,0,,,,,,0,,,,137150,1094,110
1606,151.3154957294464,2026-03-05T17:39:55.575373,109.0,0.0,9.0,3.0,0.0,0.0,0.0,188.0,7.55,0.0,0.0,STRAIGHT,0.3,0.3,"CMD,0.0,0.30",1.2,0.0,1.2,0.0,0,0.9215,0,NORMAL,50.756,1.59,0,0,0,0,0,0.0,7,1,0,,,,,,0,,,,139725,1539,123
1607,151.385502576828,2026-03-05T17:39:55.645380,2.01,0.0,2.0,0.0,0.0,0.0,0.0,49.99,7.7,0.0,0.0,STRAIGHT,0.3,0.3,"CMD,0.0,0.30",1.2,0.0,1.2,0.0,0,0.9215,0,NORMAL,50.668,1.619,0,0,0,0,0,0.0,0,0,0,,,,,,0,,,,146243,1416,0
1608,151.4544951915741,2026-03-05T17:39:55.714373,2.05,0.0,2.95,0.0,0.0,0.0,1.0,53.0,7.85,0.0,0.0,STRAIGHT,0.3,0.3,"CMD,0.0,0.30",1.2,0.0,1.2,0.0,0,0.9215,0,NORMAL,50.676,1.642,0,0,0,0,0,0.0,0,0,0,,,,,,0,,,,146243,1297,0
1609,151.51549768447876,2026-03-05T17:39:55.775375,2.03,0.0,2.97,0.0,0.0,0.0,0.0,44.0,7.84,0.0,0.0,STRAIGHT,0.3,0.3,"CMD,0.0,0.30",1.2,0.0,1.2,0.0,0,0.9215,0,NORMAL,50.63,1.668,0,0,0,0,0,0.0,0,0,0,,,,,,0,,,,146243,1179,0
1610,151.66053199768066,2026-03-05T17:39:55.920409,84.0,0.0,3.96,1.0,0.0,0.0,0.0,131.0,7.67,0.0,0.0,STRAIGHT,0.3,0.3,"CMD,0.0,0.30",1.2,0.0,1.2,0.0,0,0.8017,0,NORMAL,50.559,1.704,0,0,0,0,0,0.0,2,1,0,,,,,,0,,,,146686,1063,92
1611,151.7165322303772,2026-03-05T17:39:55.976410,2.03,0.0,2.0,0.0,0.0,0.0,0.0,40.99,7.67,0.0,0.0,STRAIGHT,0.3,0.3,"CMD,0.0,0.30",1.2,0.0,1.2,0.0,0,0.8017,0,NORMAL,50.476,1.719,0,0,0,0,0,0.0,0,0,0,,,,,,0,,,,154344,947,0
1612,151.7755310535431,2026-03-05T17:39:56.035408,2.03,0.0,3.0,0.0,0.0,0.0,0.0,44.0,7.87,0.0,0.0,STRAIGHT,0.3,0.3,"CMD,0.0,0.30",1.2,0.0,1.2,0.0,0,0.8017,0,NORMAL,50.556,1.727,0,0,0,0,0,0.0,0,0,0,,,,,,0,,,,154344,831,0
1613,151.8325309753418,2026-03-05T17:39:56.092408,1.04,0.0,2.99,0.0,0.0,0.0,0.0,42.03,8.07,0.0,0.0,STRAIGHT,0.3,0.3,"CMD,0.0,0.30",1.2,0.0,1.2,0.0,0,0.8017,0,NORMAL,50.542,1.745,0,0,0,0,0,0.0,0,0,0,,,,,,0,,,,154344,715,0
1614,152.00150203704834,2026-03-05T17:39:56.261379,97.0,0.0,7.0,1.0,0.0,0.0,0.0,151.97,8.03,0.0,0.0,STRAIGHT,0.3,0.3,"CMD,0.0,0.30",1.2,0.0,1.2,0.0,0,0.8077,0,NORMAL,50.384,1.759,0,0,0,0,0,0.0,2,1,0,,,,,,0,,,,144219,599,76
1615,152.07850432395935,2026-03-05T17:39:56.338382,3.0,0.0,4.0,0.0,0.0,0.0,0.0,56.0,8.2,0.0,0.0,STRAIGHT,0.3,0.3,"CMD,0.0,0.30",1.2,0.0,1.2,0.0,0,0.8077,0,NORMAL,50.364,1.754,0,0,0,0,0,0.0,0,0,0,,,,,,0,,,,149169,483,0
1616,152.16250324249268,2026-03-05T17:39:56.422381,3.01,0.0,2.99,0.0,0.0,0.0,0.0,58.0,8.15,0.0,0.0,STRAIGHT,0.3,0.3,"CMD,0.0,0.30",1.2,0.0,1.2,0.0,0,0.8077,0,NORMAL,50.361,1.77,0,0,0,0,0,0.0,0,0,0,,,,,,0,,,,149169,367,0
1617,152.2275013923645,2026-03-05T17:39:56.487379,2.0,0.0,4.0,0.0,0.0,0.0,0.0,46.96,8.15,0.0,0.0,STRAIGHT,0.3,0.3,"CMD,0.0,0.30",1.2,0.0,1.2,0.0,0,0.8077,0,NORMAL,50.302,1.796,0,0,0,0,0,0.0,0,0,0,,,,,,0,,,,149169,259,0
1618,152.38851237297058,2026-03-05T17:39:56.648390,90.01,0.0,5.0,0.95,0.0,0.0,0.0,145.01,7.93,0.0,0.0,STRAIGHT,0.3,0.3,"CMD,0.0,0.30",1.2,0.0,1.2,0.0,0,0.8489,0,NORMAL,50.311,1.785,0,0,0,0,0,0.0,0,0,0,,,,,,0,,,,148015,184,10
1619,152.53450417518616,2026-03-05T17:39:56.794382,84.0,0.0,5.03,0.97,0.0,0.0,0.0,130.0,7.95,0.0,0.0,STRAIGHT,0.3,0.3,"CMD,0.0,0.30",1.2,0.0,1.2,0.0,0,0.9605,0,NORMAL,50.329,1.753,0,0,0,0,0,0.0,0,0,0,,,,,,0,,,,149024,133,0
1620,152.58954119682312,2026-03-05T17:39:56.849419,2.03,0.0,2.0,0.0,0.0,0.0,0.0,40.0,8.2,0.0,0.0,STRAIGHT,0.3,0.3,"CMD,0.0,0.30",1.2,0.0,1.2,0.0,0,0.9605,0,NORMAL,50.547,1.72,0,0,0,0,0,0.0,0,0,0,,,,,,0,,,,156439,85,0
1621,152.64650511741638,2026-03-05T17:39:56.906383,2.03,0.0,1.97,0.0,0.0,0.0,0.0,41.97,8.44,0.0,0.0,STRAIGHT,0.3,0.3,"CMD,0.0,0.30",1.2,0.0,1.2,0.0,0,0.9605,0,NORMAL,50.734,1.692,0,0,0,0,0,0.0,0,0,0,,,,,,0,,,,156439,40,0
1622,152.70350813865662,2026-03-05T17:39:56.963386,2.04,0.0,1.97,0.0,0.0,0.0,0.0,41.96,8.74,0.0,0.0,STRAIGHT,0.3,0.3,"CMD,0.0,0.30",1.2,0.0,1.2,0.0,0,0.9605,0,NORMAL,50.966,1.651,0,0,0,0,0,0.0,0,0,0,,,,,,0,,,,156439,0,0
1623,152.8475091457367,2026-03-05T17:39:57.107387,84.01,0.0,5.03,0.0,1.0,0.0,0.0,128.97,8.64,0.0,0.0,STRAIGHT,0.3,0.3,"CMD,0.0,0.30",1.2,0.0,1.2,0.0,0,0.8524,0,NORMAL,51.306,1.601,0,0,0,0,0,0.0,0,0,0,,,,,,0,,,,156295,0,0
1624,152.99450755119324,2026-03-05T17:39:57.254385,84.03,0.0,5.0,1.0,0.0,0.0,0.0,131.96,8.52,0.0,0.0,STRAIGHT,0.3,0.3,"CMD,0.0,0.30",1.2,0.0,1.2,0.0,0,0.9538,0,NORMAL,51.784,1.553,0,0,0,0,0,0.0,0,0,0,,,,,,0,,,,159902,0,0
1625,153.14854764938354,2026-03-05T17:39:57.408425,86.03,0.0,5.0,1.0,0.0,0.0,1.04,138.01,8.35,0.0,0.0,STRAIGHT,0.3,0.3,"CMD,0.0,0.30",1.2,0.0,1.2,0.0,0,0.9369,0,NORMAL,52.25,1.512,0,0,0,0,0,0.0,0,0,0,,,,,,0,,,,157846,0,0
1626,153.29455089569092,2026-03-05T17:39:57.554428,84.01,0.0,4.99,2.0,0.0,0.0,0.0,132.0,8.5,0.0,0.0,STRAIGHT,0.3,0.3,"CMD,0.0,0.30",1.2,0.0,1.2,0.0,0,0.9573,0,NORMAL,52.568,1.483,0,0,0,0,0,0.0,2,1,0,,,,,,0,,,,158093,3741,180
1627,153.3515431880951,2026-03-05T17:39:57.611421,1.04,0.0,3.0,0.0,0.0,0.0,0.0,42.0,8.87,0.0,0.0,STRAIGHT,0.3,0.3,"CMD,0.0,0.30",1.2,0.0,1.2,0.0,0,0.9573,0,NORMAL,52.828,1.436,0,0,0,0,0,0.0,0,0,0,,,,,,0,,,,170874,3515,0
1628,153.42051243782043,2026-03-05T17:39:57.680390,2.0,0.0,3.0,0.0,0.0,0.0,0.0,53.0,9.16,0.0,0.0,STRAIGHT,0.3,0.3,"CMD,0.0,0.30",1.2,0.0,1.2,0.0,0,0.9573,0,NORMAL,53.178,1.376,0,0,0,0,0,0.0,0,0,0,,,,,,0,,,,170874,3418,0
1629,153.49755024909973,2026-03-05T17:39:57.757428,1.96,0.0,2.04,0.0,0.0,0.0,0.0,56.04,9.17,0.0,0.0,STRAIGHT,0.3,0.3,"CMD,0.0,0.30",1.2,0.0,1.2,0.0,0,0.9573,0,NORMAL,53.644,1.326,0,0,0,0,0,0.0,0,0,0,,,,,,0,,,,170874,3178,0
1630,153.64954900741577,2026-03-05T17:39:57.909426,84.03,0.0,5.0,2.0,0.0,0.0,0.0,136.0,9.01,0.0,0.0,STRAIGHT,0.3,0.3,"CMD,0.0,0.30",1.2,0.0,1.2,0.0,0,0.8774,0,NORMAL,53.838,1.281,0,0,0,0,0,0.0,2,1,0,,,,,,0,,,,157151,2960,160
1631,153.70755124092102,2026-03-05T17:39:57.967429,1.04,0.0,3.0,0.0,0.0,0.0,0.0,43.04,9.11,0.0,0.0,STRAIGHT,0.3,0.3,"CMD,0.0,0.30",1.2,0.0,1.2,0.0,0,0.8774,0,NORMAL,53.807,1.247,0,0,0,0,0,0.0,0,0,0,,,,,,0,,,,167756,2748,0
1632,153.76454734802246,2026-03-05T17:39:58.024425,2.03,0.0,2.0,0.0,0.0,0.0,0.0,42.0,9.49,0.0,0.0,STRAIGHT,0.3,0.3,"CMD,0.0,0.30",1.2,0.0,1.2,0.0,0,0.8774,0,NORMAL,53.972,1.2,0,0,0,0,0,0.0,0,0,0,,,,,,0,,,,167756,2538,0
1633,153.82552242279053,2026-03-05T17:39:58.085400,2.0,0.0,2.01,0.0,0.0,0.0,0.0,43.97,9.9,0.0,0.0,STRAIGHT,0.3,0.3,"CMD,0.0,0.30",1.2,0.0,1.2,0.0,0,0.8774,0,NORMAL,53.99,1.156,0,0,0,0,0,0.0,0,0,0,,,,,,0,,,,167756,2458,0
1634,153.97455048561096,2026-03-05T17:39:58.234428,84.03,0.0,5.0,2.03,0.0,0.0,0.0,133.0,10.09,0.0,0.0,STRAIGHT,0.3,0.3,"CMD,0.0,0.30",1.2,0.0,1.2,0.0,0,0.9141,0,NORMAL,53.869,1.115,0,0,0,0,0,0.0,2,1,0,,,,,,0,,,,157286,2275,164
1635,154.03351831436157,2026-03-05T17:39:58.293396,3.0,0.0,2.0,0.0,0.0,0.0,1.0,44.97,10.67,0.0,0.0,STRAIGHT,0.3,0.3,"CMD,0.0,0.30",1.2,0.0,1.2,0.0,0,0.9141,0,NORMAL,53.986,1.078,0,0,0,0,0,0.0,0,0,0,,,,,,0,,,,168247,2083,0
1636,154.09754276275635,2026-03-05T17:39:58.357420,1.03,0.0,2.99,0.0,0.0,0.0,0.0,47.99,10.69,0.0,0.0,STRAIGHT,0.3,0.3,"CMD,0.0,0.30",1.2,0.0,1.2,0.0,0,0.9141,0,NORMAL,53.897,1.045,0,0,0,0,0,0.0,0,0,0,,,,,,0,,,,168247,1996,0
1637,154.15655183792114,2026-03-05T17:39:58.416429,2.0,0.0,2.0,0.0,0.0,0.0,1.03,44.0,10.73,0.0,0.0,STRAIGHT,0.3,0.3,"CMD,0.0,0.30",1.2,0.0,1.2,0.0,0,0.9141,0,NORMAL,53.961,1.007,0,0,0,0,0,0.0,0,0,0,,,,,,0,,,,168247,1799,0
1638,154.3045518398285,2026-03-05T17:39:58.564429,84.0,0.0,5.05,1.0,1.04,0.0,0.0,131.97,10.4,0.0,0.0,STRAIGHT,0.3,0.3,"CMD,0.0,0.30",1.2,0.0,1.2,0.0,0,0.9484,0,NORMAL,54.126,0.969,0,0,0,0,0,0.0,2,1,0,,,,,,0,,,,158892,1776,164
1639,154.36555981636047,2026-03-05T17:39:58.625437,2.0,0.0,3.0,0.0,0.0,0.0,1.04,46.01,10.72,0.0,0.0,STRAIGHT,0.3,0.3,"CMD,0.0,0.30",1.2,0.0,1.2,0.0,0,0.9484,0,NORMAL,54.311,0.92,0,0,0,0,0,0.0,0,0,0,,,,,,0,,,,168625,1579,0
1640,154.42555332183838,2026-03-05T17:39:58.685431,2.03,0.0,3.0,0.0,0.0,0.0,0.0,46.0,10.7,0.0,0.0,STRAIGHT,0.3,0.3,"CMD,0.0,0.30",1.2,0.0,1.2,0.0,0,0.9484,0,NORMAL,54.588,0.862,0,0,0,0,0,0.0,0,0,0,,,,,,0,,,,168625,1494,0
1641,154.48652386665344,2026-03-05T17:39:58.746401,1.97,0.0,2.0,0.0,0.0,0.0,0.0,45.99,10.7,0.0,0.0,STRAIGHT,0.3,0.3,"CMD,0.0,0.30",1.2,0.0,1.2,0.0,0,0.9484,0,NORMAL,54.835,0.802,0,0,0,0,0,0.0,0,0,0,,,,,,0,,,,168625,1402,0
1642,154.64155435562134,2026-03-05T17:39:58.901432,87.0,0.0,5.0,1.0,1.0,0.0,0.0,140.0,10.32,0.0,0.0,STRAIGHT,0.3,0.3,"CMD,0.0,0.30",1.2,0.0,1.2,0.0,0,0.9664,0,NORMAL,55.01,0.745,0,0,0,0,0,0.0,2,1,0,,,,,,0,,,,161607,1308,168
1643,154.6995575428009,2026-03-05T17:39:58.959435,2.0,0.0,2.0,0.0,0.0,0.0,0.0,41.95,10.75,0.0,0.0,STRAIGHT,0.3,0.3,"CMD,0.0,0.30",1.2,0.0,1.2,0.0,0,0.9664,0,NORMAL,52.398,0.689,0,0,0,0,0,0.0,0,0,0,,,,,,0,,,,172334,1111,0
1644,154.7555546760559,2026-03-05T17:39:59.015432,2.03,0.0,2.0,0.0,0.0,0.0,0.0,41.99,10.83,0.0,0.0,STRAIGHT,0.3,0.3,"CMD,0.0,0.30",1.2,0.0,1.2,0.0,0,0.9664,0,NORMAL,48.432,0.615,0,0,0,0,0,0.0,0,0,0,,,,,,0,,,,172334,1024,0
1645,154.81455659866333,2026-03-05T17:39:59.074434,2.04,0.0,1.96,0.0,0.0,0.0,0.0,42.97,10.94,0.0,0.0,STRAIGHT,0.3,0.3,"CMD,0.0,0.30",1.2,0.0,1.2,0.0,0,0.9664,0,NORMAL,42.606,0.583,0,0,0,0,0,0.0,0,0,0,,,,,,0,,,,172334,921,0
1646,154.96256017684937,2026-03-05T17:39:59.222438,84.04,0.0,4.97,1.96,0.0,0.0,0.0,132.97,10.61,0.0,0.0,STRAIGHT,0.3,0.3,"CMD,0.0,0.30",1.2,0.0,1.2,0.0,0,0.8799,0,NORMAL,38.454,0.524,0,0,0,0,0,0.0,2,1,0,,,,,,0,,,,160374,818,120
1647,155.02055835723877,2026-03-05T17:39:59.280436,1.02,0.0,1.97,0.0,0.0,0.0,1.03,43.0,11.02,0.0,0.0,STRAIGHT,0.3,0.3,"CMD,0.0,0.30",1.2,0.0,1.2,0.0,0,0.8799,0,NORMAL,34.949,0.462,0,0,0,0,0,0.0,0,0,0,,,,,,0,,,,170470,626,0
1648,155.08255887031555,2026-03-05T17:39:59.342436,3.04,0.0,2.97,0.0,0.0,0.0,0.0,45.97,11.39,0.0,0.0,STRAIGHT,0.3,0.3,"CMD,0.0,0.30",1.2,0.0,1.2,0.0,0,0.8799,0,NORMAL,32.138,0.386,0,0,0,0,0,0.0,0,0,0,,,,,,0,,,,170470,538,0
1649,155.14155793190002,2026-03-05T17:39:59.401435,1.04,0.0,3.0,0.0,0.0,0.0,0.0,44.0,11.36,0.0,0.0,STRAIGHT,0.3,0.3,"CMD,0.0,0.30",1.2,0.0,1.2,0.0,0,0.8799,0,NORMAL,29.419,0.326,0,0,0,0,0,0.0,0,0,0,,,,,,0,,,,170470,457,0
1650,155.2945635318756,2026-03-05T17:39:59.554441,88.03,0.0,4.97,1.0,0.0,0.0,0.0,137.97,10.95,0.0,0.0,STRAIGHT,0.3,0.3,"CMD,0.0,0.30",1.2,0.0,1.2,0.0,0,0.9006,0,NORMAL,26.744,0.283,0,0,0,0,0,0.0,0,0,0,,,,,,0,,,,161070,384,38
1651,155.44152784347534,2026-03-05T17:39:59.701405,84.03,0.0,5.01,0.97,0.0,0.0,0.0,130.97,10.59,0.0,0.0,STRAIGHT,0.3,0.3,"CMD,0.0,0.30",1.2,0.0,1.2,0.0,0,0.9724,0,NORMAL,25.441,0.213,0,0,0,0,0,0.0,0,0,0,,,,,,0,,,,160202,313,22
1652,155.49856090545654,2026-03-05T17:39:59.758438,2.04,0.0,1.96,0.0,0.0,0.0,1.03,41.99,10.94,0.0,0.0,STRAIGHT,0.3,0.3,"CMD,0.0,0.30",1.2,0.0,1.2,0.0,0,0.9724,0,NORMAL,25.18,0.137,0,0,0,0,0,0.0,0,0,0,,,,,,0,,,,172108,243,0
1653,155.55656266212463,2026-03-05T17:39:59.816440,2.04,0.0,3.0,0.0,0.0,0.0,0.0,43.0,11.32,0.0,0.0,STRAIGHT,0.3,0.3,"CMD,0.0,0.30",1.2,0.0,1.2,0.0,0,0.9724,0,NORMAL,25.396,0.075,0,0,0,0,0,0.0,0,0,0,,,,,,0,,,,172108,130,0
1654,155.61556124687195,2026-03-05T17:39:59.875439,2.04,0.0,1.97,0.0,0.0,0.0,0.0,42.97,11.76,0.0,0.0,STRAIGHT,0.3,0.3,"CMD,0.0,0.30",1.2,0.0,1.2,0.0,0,0.9724,0,NORMAL,26.161,0.017,0,0,0,0,0,0.0,0,0,0,,,,,,0,,,,172108,90,0
1655,155.7635338306427,2026-03-05T17:40:00.023411,84.03,0.0,5.97,1.0,0.0,0.0,0.0,134.97,11.75,0.0,0.0,STRAIGHT,0.3,0.3,"CMD,0.0,0.30",1.2,0.0,1.2,0.0,0,0.9212,0,NORMAL,27.626,-0.055,0,0,0,0,0,0.0,0,0,0,,,,,,0,,,,159821,58,0
1656,155.9105315208435,2026-03-05T17:40:00.170409,85.01,0.0,5.03,0.0,1.0,0.0,0.0,131.97,11.33,0.0,0.0,STRAIGHT,0.3,0.3,"CMD,0.0,0.30",1.2,0.0,1.2,0.0,0,0.9793,0,NORMAL,29.307,-0.128,0,0,0,0,0,0.0,0,0,0,,,,,,0,,,,159471,34,0
1657,156.05753231048584,2026-03-05T17:40:00.317410,85.04,0.0,4.99,0.0,0.0,0.0,0.0,130.97,11.0,0.0,0.0,STRAIGHT,0.3,0.3,"CMD,0.0,0.30",1.2,0.0,1.2,0.0,0,0.9798,0,NORMAL,30.763,-0.188,0,0,0,0,0,0.0,0,0,0,,,,,,0,,,,159473,33,0
1658,156.21457290649414,2026-03-05T17:40:00.474450,84.04,0.0,6.0,3.03,0.0,0.0,0.0,141.03,10.68,0.0,0.0,STRAIGHT,0.3,0.3,"CMD,0.0,0.30",1.2,0.0,1.2,0.0,0,0.9804,0,NORMAL,32.411,-0.253,0,0,0,0,0,0.0,11,2,0,,,,,,0,,,,159990,4791,243
1659,156.27353525161743,2026-03-05T17:40:00.533413,2.04,0.0,2.96,0.0,0.0,0.0,0.0,43.97,11.05,0.0,0.0,STRAIGHT,0.3,0.3,"CMD,0.0,0.30",1.2,0.0,1.2,0.0,0,0.9804,0,NORMAL,33.897,-0.318,0,0,0,0,0,0.0,0,0,0,,,,,,0,,,,171195,4664,0
1660,156.3295669555664,2026-03-05T17:40:00.589444,2.03,0.0,2.0,0.0,0.0,0.0,0.0,42.0,11.06,0.0,0.0,STRAIGHT,0.3,0.3,"CMD,0.0,0.30",1.2,0.0,1.2,0.0,0,0.9804,0,NORMAL,35.047,-0.369,0,0,0,0,0,0.0,0,0,0,,,,,,0,,,,171195,4410,0
1661,156.3855700492859,2026-03-05T17:40:00.645447,1.0,0.0,3.0,0.0,0.0,0.0,0.0,42.0,11.06,0.0,0.0,STRAIGHT,0.3,0.3,"CMD,0.0,0.30",1.2,0.0,1.2,0.0,0,0.9804,0,NORMAL,37.412,-0.413,0,0,0,0,0,0.0,0,0,0,,,,,,0,,,,171195,4284,0
1662,156.53256916999817,2026-03-05T17:40:00.792447,83.03,0.0,3.97,3.0,0.0,0.0,0.0,132.0,10.71,0.0,0.0,STRAIGHT,0.3,0.3,"CMD,0.0,0.30",1.2,0.0,1.2,0.0,0,0.9238,0,NORMAL,38.536,-0.443,0,0,0,0,0,0.0,2,1,0,,,,,,0,,,,154768,5446,212
1663,156.5935378074646,2026-03-05T17:40:00.853415,2.03,0.0,2.98,0.0,0.0,0.0,0.99,45.96,11.07,0.0,0.0,STRAIGHT,0.3,0.3,"CMD,0.0,0.30",1.2,0.0,1.2,0.0,0,0.9238,0,NORMAL,40.228,-0.489,0,0,0,0,0,0.0,0,0,0,,,,,,0,,,,164673,5174,0
1664,156.65157318115234,2026-03-05T17:40:00.911451,2.04,0.0,3.0,0.0,0.0,0.0,0.0,43.04,11.08,0.0,0.0,STRAIGHT,0.3,0.3,"CMD,0.0,0.30",1.2,0.0,1.2,0.0,0,0.9238,0,NORMAL,41.406,-0.518,0,0,0,0,0,0.0,0,0,0,,,,,,0,,,,164673,5056,0
1665,156.7095708847046,2026-03-05T17:40:00.969448,2.03,0.0,1.97,0.0,0.0,0.0,1.03,43.0,11.1,0.0,0.0,STRAIGHT,0.3,0.3,"CMD,0.0,0.30",1.2,0.0,1.2,0.0,0,0.9238,0,NORMAL,42.929,-0.54,0,0,0,0,0,0.0,0,0,0,,,,,,0,,,,164673,4927,0
1666,156.8605728149414,2026-03-05T17:40:01.120450,88.04,0.0,4.0,4.0,0.0,0.0,0.0,137.04,10.72,0.0,0.0,STRAIGHT,0.3,0.3,"CMD,0.0,0.30",1.2,0.0,1.2,0.0,0,0.9406,0,NORMAL,44.082,-0.547,0,0,0,0,0,0.0,25,2,0,,,,,,0,,,,148787,4897,317
1667,156.91957187652588,2026-03-05T17:40:01.179449,1.03,0.0,3.0,0.0,0.0,0.0,0.0,44.0,11.09,0.0,0.0,STRAIGHT,0.3,0.3,"CMD,0.0,0.30",1.2,0.0,1.2,0.0,0,0.9406,0,NORMAL,45.04,-0.559,0,0,0,0,0,0.0,0,0,0,,,,,,0,,,,156245,4655,0
1668,156.97557520866394,2026-03-05T17:40:01.235453,1.03,0.0,3.0,0.0,0.0,0.0,0.0,42.0,11.11,0.0,0.0,STRAIGHT,0.3,0.3,"CMD,0.0,0.30",1.2,0.0,1.2,0.0,0,0.9406,0,NORMAL,45.929,-0.578,0,0,0,0,0,0.0,0,0,0,,,,,,0,,,,156245,4543,0
1669,157.0315752029419,2026-03-05T17:40:01.291453,2.04,0.0,1.99,0.0,0.0,0.0,1.0,41.0,11.13,0.0,0.0,STRAIGHT,0.3,0.3,"CMD,0.0,0.30",1.2,0.0,1.2,0.0,0,0.9406,0,NORMAL,46.752,-0.598,0,0,0,0,0,0.0,0,0,0,,,,,,0,,,,156245,4425,0
1670,157.18359088897705,2026-03-05T17:40:01.443468,88.99,0.0,5.0,3.0,0.0,0.0,0.0,138.01,10.75,0.0,0.0,STRAIGHT,0.3,0.3,"CMD,0.0,0.30",1.2,0.0,1.2,0.0,0,0.9774,0,NORMAL,47.578,-0.622,0,0,0,0,0,0.0,7,2,0,,,,,,0,,,,147633,4748,211
1671,157.24357414245605,2026-03-05T17:40:01.503452,1.0,0.0,3.03,0.0,0.0,0.0,0.0,43.99,11.15,0.0,0.0,STRAIGHT,0.3,0.3,"CMD,0.0,0.30",1.2,0.0,1.2,0.0,0,0.9774,0,NORMAL,49.087,-0.642,0,0,0,0,0,0.0,0,0,0,,,,,,0,,,,153898,4505,0
1672,157.30057501792908,2026-03-05T17:40:01.560452,2.03,0.0,1.97,0.0,0.0,0.0,0.0,42.0,11.15,0.0,0.0,STRAIGHT,0.3,0.3,"CMD,0.0,0.30",1.2,0.0,1.2,0.0,0,0.9774,0,NORMAL,49.81,-0.657,0,0,0,0,0,0.0,0,0,0,,,,,,0,,,,153898,4394,0
1673,157.3575837612152,2026-03-05T17:40:01.617461,2.04,0.0,2.01,0.0,0.0,0.0,0.0,42.01,11.15,0.0,0.0,STRAIGHT,0.3,0.3,"CMD,0.0,0.30",1.2,0.0,1.2,0.0,0,0.9774,0,NORMAL,51.015,-0.68,0,0,0,0,0,0.0,0,0,0,,,,,,0,,,,153898,4276,0
1674,157.50557613372803,2026-03-05T17:40:01.765454,83.03,0.0,5.0,4.95,0.0,0.0,0.0,134.0,10.77,0.0,0.0,STRAIGHT,0.3,0.3,"CMD,0.0,0.30",1.2,0.0,1.2,0.0,0,0.9596,0,NORMAL,52.339,-0.701,0,0,0,0,0,0.0,28,2,0,,,,,,0,,,,150161,4690,340
1675,157.56458020210266,2026-03-05T17:40:01.824458,2.03,0.0,3.0,0.0,0.0,0.0,0.0,44.0,11.14,0.0,0.0,STRAIGHT,0.3,0.3,"CMD,0.0,0.30",1.2,0.0,1.2,0.0,0,0.9596,0,NORMAL,52.629,-0.716,0,0,0,0,0,0.0,0,0,0,,,,,,0,,,,157025,4434,0
1676,157.6205792427063,2026-03-05T17:40:01.880457,1.04,0.0,1.97,0.0,0.0,0.0,0.0,40.96,11.16,0.0,0.0,STRAIGHT,0.3,0.3,"CMD,0.0,0.30",1.2,0.0,1.2,0.0,0,0.9596,0,NORMAL,54.02,-0.726,0,0,0,0,0,0.0,0,0,0,,,,,,0,,,,157025,4330,0
1677,157.67657732963562,2026-03-05T17:40:01.936455,2.04,0.0,1.99,0.0,0.0,0.0,0.0,42.0,11.18,0.0,0.0,STRAIGHT,0.3,0.3,"CMD,0.0,0.30",1.2,0.0,1.2,0.0,0,0.9596,0,NORMAL,54.495,-0.702,0,0,0,0,0,0.0,0,0,0,,,,,,0,,,,157025,4210,0
1678,157.8235466480255,2026-03-05T17:40:02.083424,84.03,0.0,4.0,4.0,0.0,0.0,1.0,132.97,10.81,0.0,0.0,STRAIGHT,0.3,0.3,"CMD,0.0,0.30",1.2,0.0,1.2,0.0,0,0.9499,0,NORMAL,54.629,-0.741,0,0,0,0,0,0.0,22,2,0,,,,,,0,,,,144239,4154,298
1679,157.88358354568481,2026-03-05T17:40:02.143461,2.03,0.0,3.0,0.0,0.0,0.0,0.0,45.0,11.2,0.0,0.0,STRAIGHT,0.3,0.3,"CMD,0.0,0.30",1.2,0.0,1.2,0.0,0,0.9499,0,NORMAL,54.625,-0.749,0,0,0,0,0,0.0,0,0,0,,,,,,0,,,,147347,4049,0
1680,157.94458723068237,2026-03-05T17:40:02.204465,2.03,0.0,1.97,0.0,0.0,0.0,0.0,44.96,11.59,0.0,0.0,STRAIGHT,0.3,0.3,"CMD,0.0,0.30",1.2,0.0,1.2,0.0,0,0.9499,0,NORMAL,54.13,-0.738,0,0,0,0,0,0.0,0,0,0,,,,,,0,,,,147347,3817,0
1681,158.00158023834229,2026-03-05T17:40:02.261458,1.0,0.0,3.0,0.0,0.0,0.0,0.0,43.0,11.59,0.0,0.0,STRAIGHT,0.3,0.3,"CMD,0.0,0.30",1.2,0.0,1.2,0.0,0,0.9499,0,NORMAL,53.901,-0.746,0,0,0,0,0,0.0,0,0,0,,,,,,0,,,,147347,3713,0
1682,158.149582862854,2026-03-05T17:40:02.409460,83.04,0.0,4.99,3.03,1.0,0.0,0.0,134.0,11.18,0.0,0.0,STRAIGHT,0.3,0.3,"CMD,0.0,0.30",1.2,0.0,1.2,0.0,0,0.9516,0,NORMAL,53.855,-0.759,0,0,0,0,0,0.0,24,2,0,,,,,,0,,,,144082,3841,284
1683,158.21458983421326,2026-03-05T17:40:02.474467,2.0,0.0,2.0,0.0,0.0,0.0,0.0,49.03,11.16,0.0,0.0,STRAIGHT,0.3,0.3,"CMD,0.0,0.30",1.2,0.0,1.2,0.0,0,0.9516,0,NORMAL,53.582,-0.755,0,0,0,0,0,0.0,0,0,0,,,,,,0,,,,148163,3741,0
1684,158.2705841064453,2026-03-05T17:40:02.530461,0.99,0.0,1.97,0.0,0.0,0.0,0.0,42.0,11.57,0.0,0.0,STRAIGHT,0.3,0.3,"CMD,0.0,0.30",1.2,0.0,1.2,0.0,0,0.9516,0,NORMAL,53.305,-0.748,0,0,0,0,0,0.0,0,0,0,,,,,,0,,,,148163,3525,0
1685,158.3295841217041,2026-03-05T17:40:02.589462,2.03,0.0,2.0,0.0,0.0,0.0,0.0,45.0,11.99,0.0,0.0,STRAIGHT,0.3,0.3,"CMD,0.0,0.30",1.2,0.0,1.2,0.0,0,0.9516,0,NORMAL,53.24,-0.757,0,0,0,0,0,0.0,0,0,0,,,,,,0,,,,148163,3421,0
1686,158.47758603096008,2026-03-05T17:40:02.737464,84.04,0.0,5.0,3.03,0.0,0.0,0.0,133.0,11.98,0.0,0.0,STRAIGHT,0.3,0.3,"CMD,0.0,0.30",1.2,0.0,1.2,0.0,0,0.9414,0,NORMAL,53.291,-0.775,0,0,0,0,0,0.0,22,2,0,,,,,,0,,,,136145,3526,269
1687,158.53458786010742,2026-03-05T17:40:02.794465,2.04,0.0,2.0,0.0,0.0,0.0,0.0,43.0,12.49,0.0,0.0,STRAIGHT,0.3,0.3,"CMD,0.0,0.30",1.2,0.0,1.2,0.0,0,0.9414,0,NORMAL,53.605,-0.775,0,0,0,0,0,0.0,0,0,0,,,,,,0,,,,139497,3424,0
1688,158.59058666229248,2026-03-05T17:40:02.850464,2.03,0.0,2.0,0.0,0.0,0.0,0.0,42.03,12.52,0.0,0.0,STRAIGHT,0.3,0.3,"CMD,0.0,0.30",1.2,0.0,1.2,0.0,0,0.9414,0,NORMAL,53.914,-0.781,0,0,0,0,0,0.0,0,0,0,,,,,,0,,,,139497,3331,0
1689,158.64758491516113,2026-03-05T17:40:02.907462,2.0,0.0,3.03,0.0,0.0,0.0,0.0,42.0,12.51,0.0,0.0,STRAIGHT,0.3,0.3,"CMD,0.0,0.30",1.2,0.0,1.2,0.0,0,0.9414,0,NORMAL,54.235,-0.791,0,0,0,0,0,0.0,0,0,0,,,,,,0,,,,139497,3110,0
1690,158.79555487632751,2026-03-05T17:40:03.055432,85.03,0.0,5.01,3.03,0.0,0.0,0.0,133.97,12.03,0.0,0.0,STRAIGHT,0.3,0.3,"CMD,0.0,0.30",1.2,0.0,1.2,0.0,0,0.9774,0,NORMAL,54.553,-0.807,0,0,0,0,0,0.0,24,2,0,,,,,,0,,,,136046,3293,273
1691,158.85559129714966,2026-03-05T17:40:03.115469,2.03,0.0,1.97,0.0,0.0,0.0,0.0,41.97,12.49,0.0,0.0,STRAIGHT,0.3,0.3,"CMD,0.0,0.30",1.2,0.0,1.2,0.0,0,0.9774,0,NORMAL,54.485,-0.797,0,0,0,0,0,0.0,0,0,0,,,,,,0,,,,139377,3194,0
1692,158.91459345817566,2026-03-05T17:40:03.174471,2.04,0.0,3.0,0.0,0.0,0.0,0.0,44.0,12.49,0.0,0.0,STRAIGHT,0.3,0.3,"CMD,0.0,0.30",1.2,0.0,1.2,0.0,0,0.9774,0,NORMAL,53.927,-0.777,0,0,0,0,0,0.0,0,0,0,,,,,,0,,,,139377,3104,0
1693,158.97659254074097,2026-03-05T17:40:03.236470,2.03,0.0,2.0,0.0,0.0,0.0,0.0,45.03,12.48,0.0,0.0,STRAIGHT,0.3,0.3,"CMD,0.0,0.30",1.2,0.0,1.2,0.0,0,0.9774,0,NORMAL,53.782,-0.778,0,0,0,0,0,0.0,0,0,0,,,,,,0,,,,139377,2889,0
1694,159.12459254264832,2026-03-05T17:40:03.384470,85.03,0.0,4.0,4.0,0.0,0.0,0.0,134.04,12.01,0.0,0.0,STRAIGHT,0.3,0.3,"CMD,0.0,0.30",1.2,0.0,1.2,0.0,0,0.9663,0,NORMAL,52.779,-0.77,0,0,0,0,0,0.0,24,2,0,,,,,,0,,,,139269,3394,291
1695,159.18259000778198,2026-03-05T17:40:03.442467,2.0,0.0,2.03,0.0,0.0,0.0,0.0,43.0,12.49,0.0,0.0,STRAIGHT,0.3,0.3,"CMD,0.0,0.30",1.2,0.0,1.2,0.0,0,0.9663,0,NORMAL,53.351,-0.759,0,0,0,0,0,0.0,0,0,0,,,,,,0,,,,141999,3294,0
1696,159.2465579509735,2026-03-05T17:40:03.506435,2.03,0.0,2.0,0.0,0.0,0.0,0.0,47.0,12.47,0.0,0.0,STRAIGHT,0.3,0.3,"CMD,0.0,0.30",1.2,0.0,1.2,0.0,0,0.9663,0,NORMAL,51.997,-0.749,0,0,0,0,0,0.0,0,0,0,,,,,,0,,,,141999,3203,0
1697,159.30459070205688,2026-03-05T17:40:03.564468,1.99,0.0,2.0,0.0,0.0,0.0,0.0,44.0,12.45,0.0,0.0,STRAIGHT,0.3,0.3,"CMD,0.0,0.30",1.2,0.0,1.2,0.0,0,0.9663,0,NORMAL,52.08,-0.717,0,0,0,0,0,0.0,0,0,0,,,,,,0,,,,141999,2976,0
1698,159.4525933265686,2026-03-05T17:40:03.712471,84.03,0.0,5.01,4.04,0.0,0.0,0.0,134.0,11.98,0.0,0.0,STRAIGHT,0.3,0.3,"CMD,0.0,0.30",1.2,0.0,1.2,0.0,0,0.965,0,NORMAL,51.23,-0.698,0,0,0,0,0,0.0,24,2,0,,,,,,0,,,,136414,3545,294
1699,159.51259398460388,2026-03-05T17:40:03.772471,1.03,0.0,3.0,0.0,0.0,0.0,0.0,44.0,12.45,0.0,0.0,STRAIGHT,0.3,0.3,"CMD,0.0,0.30",1.2,0.0,1.2,0.0,0,0.965,0,NORMAL,50.36,-0.666,0,0,0,0,0,0.0,0,0,0,,,,,,0,,,,138555,3446,0
1700,159.5685920715332,2026-03-05T17:40:03.828470,2.03,0.0,2.0,0.0,0.0,0.0,0.0,42.0,12.47,0.0,0.0,STRAIGHT,0.3,0.3,"CMD,0.0,0.30",1.2,0.0,1.2,0.0,0,0.965,0,NORMAL,49.638,-0.644,0,0,0,0,0,0.0,0,0,0,,,,,,0,,,,138555,3223,0
1701,159.62659358978271,2026-03-05T17:40:03.886471,1.98,0.0,2.02,0.0,0.0,0.0,0.0,43.03,12.46,0.0,0.0,STRAIGHT,0.3,0.3,"CMD,0.0,0.30",1.2,0.0,1.2,0.0,0,0.965,0,NORMAL,48.858,-0.63,0,0,0,0,0,0.0,0,0,0,,,,,,0,,,,138555,3138,0
1702,159.7765953540802,2026-03-05T17:40:04.036473,85.03,0.0,5.0,4.05,0.0,0.0,0.0,135.0,11.99,0.0,0.0,STRAIGHT,0.3,0.3,"CMD,0.0,0.30",1.2,0.0,1.2,0.0,0,0.9517,0,NORMAL,48.229,-0.605,0,0,0,0,0,0.0,23,2,0,,,,,,0,,,,140900,3748,269
1703,159.8345983028412,2026-03-05T17:40:04.094476,2.03,0.0,2.0,0.0,0.0,0.0,0.0,43.04,12.45,0.0,0.0,STRAIGHT,0.3,0.3,"CMD,0.0,0.30",1.2,0.0,1.2,0.0,0,0.9517,0,NORMAL,47.967,-0.595,0,0,0,0,0,0.0,0,0,0,,,,,,0,,,,144040,3649,0
1704,159.89159655570984,2026-03-05T17:40:04.151474,2.03,0.0,2.0,0.0,0.0,0.0,0.0,42.0,12.46,0.0,0.0,STRAIGHT,0.3,0.3,"CMD,0.0,0.30",1.2,0.0,1.2,0.0,0,0.9517,0,NORMAL,47.877,-0.591,0,0,0,0,0,0.0,0,0,0,,,,,,0,,,,144040,3432,0
1705,159.94859671592712,2026-03-05T17:40:04.208474,2.0,0.0,2.03,0.0,0.0,0.0,0.0,42.0,12.45,0.0,0.0,STRAIGHT,0.3,0.3,"CMD,0.0,0.30",1.2,0.0,1.2,0.0,0,0.9517,0,NORMAL,47.781,-0.585,0,0,0,0,0,0.0,0,0,0,,,,,,0,,,,144040,3345,0
1706,160.09860110282898,2026-03-05T17:40:04.358479,84.03,0.0,4.0,3.96,0.0,0.0,0.0,133.99,11.98,0.0,0.0,STRAIGHT,0.3,0.3,"CMD,0.0,0.30",1.2,0.0,1.2,0.0,0,0.9453,0,NORMAL,47.945,-0.585,0,0,0,0,0,0.0,28,3,0,,,,,,0,,,,144274,3522,325
1707,160.1566026210785,2026-03-05T17:40:04.416480,2.04,0.0,2.0,0.0,0.0,0.0,0.0,42.0,12.44,0.0,0.0,STRAIGHT,0.3,0.3,"CMD,0.0,0.30",1.2,0.0,1.2,0.0,0,0.9453,0,NORMAL,48.152,-0.585,0,0,0,0,0,0.0,0,0,0,,,,,,0,,,,147578,3422,0
1708,160.2185661792755,2026-03-05T17:40:04.478444,1.01,0.0,4.96,0.0,0.0,0.0,0.0,45.96,12.43,0.0,0.0,STRAIGHT,0.3,0.3,"CMD,0.0,0.30",1.2,0.0,1.2,0.0,0,0.9453,0,NORMAL,48.156,-0.57,0,0,0,0,0,0.0,0,0,0,,,,,,0,,,,147578,3206,0
1709,160.28360104560852,2026-03-05T17:40:04.543479,2.03,0.0,2.0,0.0,0.0,0.0,0.0,50.0,12.39,0.0,0.0,STRAIGHT,0.3,0.3,"CMD,0.0,0.30",1.2,0.0,1.2,0.0,0,0.9453,0,NORMAL,47.679,-0.571,0,0,0,0,0,0.0,0,0,0,,,,,,0,,,,147578,3112,0
1710,160.43460035324097,2026-03-05T17:40:04.694478,86.0,0.0,5.03,3.03,0.0,0.0,0.0,136.0,11.92,0.0,0.0,STRAIGHT,0.3,0.3,"CMD,0.0,0.30",1.2,0.0,1.2,0.0,0,0.9458,0,NORMAL,47.999,-0.573,0,0,0,0,0,0.0,21,2,0,,,,,,0,,,,138031,3528,307
1711,160.49560260772705,2026-03-05T17:40:04.755480,1.99,0.0,2.03,0.0,0.0,0.0,0.0,46.0,12.36,0.0,0.0,STRAIGHT,0.3,0.3,"CMD,0.0,0.30",1.2,0.0,1.2,0.0,0,0.9458,0,NORMAL,47.229,-0.561,0,0,0,0,0,0.0,0,0,0,,,,,,0,,,,140524,3405,0
1712,160.55261254310608,2026-03-05T17:40:04.812490,2.03,0.0,2.01,0.0,0.0,0.0,0.0,42.01,12.4,0.0,0.0,STRAIGHT,0.3,0.3,"CMD,0.0,0.30",1.2,0.0,1.2,0.0,0,0.9458,0,NORMAL,45.726,-0.554,0,0,0,0,0,0.0,0,0,0,,,,,,0,,,,140524,3155,0
1713,160.60960507392883,2026-03-05T17:40:04.869482,2.04,0.0,1.99,0.0,0.0,0.0,0.0,42.0,12.4,0.0,0.0,STRAIGHT,0.3,0.3,"CMD,0.0,0.30",1.2,0.0,1.2,0.0,0,0.9458,0,NORMAL,45.384,-0.563,0,0,0,0,0,0.0,0,0,0,,,,,,0,,,,140524,3034,0
1714,160.75560402870178,2026-03-05T17:40:05.015481,83.04,0.0,4.99,3.04,0.0,0.0,0.0,132.03,11.95,0.0,0.0,STRAIGHT,0.3,0.3,"CMD,0.0,0.30",1.2,0.0,1.2,0.0,0,0.9308,0,NORMAL,45.452,-0.555,0,0,0,0,0,0.0,18,2,0,,,,,,0,,,,129576,3174,286
1715,160.81267857551575,2026-03-05T17:40:05.072556,2.07,0.0,2.04,0.0,0.0,0.0,0.0,41.08,12.42,0.0,0.0,STRAIGHT,0.3,0.3,"CMD,0.0,0.30",1.2,0.0,1.2,0.0,0,0.9308,0,NORMAL,45.328,-0.53,0,0,0,0,0,0.0,0,0,0,,,,,,0,,,,130279,3053,0
1716,160.87168216705322,2026-03-05T17:40:05.131560,2.03,0.0,1.97,0.0,0.0,0.0,0.0,43.97,12.41,0.0,0.0,STRAIGHT,0.3,0.3,"CMD,0.0,0.30",1.2,0.0,1.2,0.0,0,0.9308,0,NORMAL,45.036,-0.533,0,0,0,0,0,0.0,0,0,0,,,,,,0,,,,130279,2809,0
1717,160.9336495399475,2026-03-05T17:40:05.193527,2.0,0.0,4.0,0.0,0.0,0.0,0.0,45.97,12.38,0.0,0.0,STRAIGHT,0.3,0.3,"CMD,0.0,0.30",1.2,0.0,1.2,0.0,0,0.9308,0,NORMAL,44.731,-0.543,0,0,0,0,0,0.0,0,0,0,,,,,,0,,,,130279,2689,0
1718,161.08668160438538,2026-03-05T17:40:05.346559,85.0,0.0,4.03,1.96,0.0,0.0,0.0,135.03,11.89,0.0,0.0,STRAIGHT,0.3,0.3,"CMD,0.0,0.30",1.2,0.0,1.2,0.0,0,0.9584,0,NORMAL,44.457,-0.544,0,0,0,0,0,0.0,2,1,0,,,,,,0,,,,131638,3116,202
1719,161.146653175354,2026-03-05T17:40:05.406531,1.03,0.0,2.97,0.0,0.0,0.0,0.0,44.97,12.33,0.0,0.0,STRAIGHT,0.3,0.3,"CMD,0.0,0.30",1.2,0.0,1.2,0.0,0,0.9584,0,NORMAL,44.478,-0.548,0,0,0,0,0,0.0,0,0,0,,,,,,0,,,,133393,2993,0
1720,161.20665287971497,2026-03-05T17:40:05.466530,2.0,0.0,2.0,0.0,0.0,0.0,1.0,44.97,12.33,0.0,0.0,STRAIGHT,0.3,0.3,"CMD,0.0,0.30",1.2,0.0,1.2,0.0,0,0.9584,0,NORMAL,45.08,-0.555,0,0,0,0,0,0.0,0,0,0,,,,,,0,,,,133393,2745,0
1721,161.2726981639862,2026-03-05T17:40:05.532575,2.04,0.0,3.01,0.0,0.0,0.0,0.0,52.01,12.3,0.0,0.0,STRAIGHT,0.3,0.3,"CMD,0.0,0.30",1.2,0.0,1.2,0.0,0,0.9584,0,NORMAL,45.975,-0.573,0,0,0,0,0,0.0,0,0,0,,,,,,0,,,,133393,2624,0
1722,161.4286527633667,2026-03-05T17:40:05.688530,87.02,0.0,5.0,3.03,0.0,0.0,0.0,139.96,11.82,0.0,0.0,STRAIGHT,0.3,0.3,"CMD,0.0,0.30",1.2,0.0,1.2,0.0,0,0.9598,0,NORMAL,46.835,-0.593,0,0,0,0,0,0.0,17,1,0,,,,,,0,,,,131814,2792,264
1723,161.48769855499268,2026-03-05T17:40:05.747576,2.05,0.0,3.0,0.0,0.0,0.0,0.0,44.01,12.27,0.0,0.0,STRAIGHT,0.3,0.3,"CMD,0.0,0.30",1.2,0.0,1.2,0.0,0,0.9598,0,NORMAL,47.443,-0.6,0,0,0,0,0,0.0,0,0,0,,,,,,0,,,,132939,2673,0
1724,161.54565715789795,2026-03-05T17:40:05.805534,1.0,0.0,3.0,0.0,0.0,0.0,0.0,43.96,12.27,0.0,0.0,STRAIGHT,0.3,0.3,"CMD,0.0,0.30",1.2,0.0,1.2,0.0,0,0.9598,0,NORMAL,47.325,-0.603,0,0,0,0,0,0.0,0,0,0,,,,,,0,,,,132939,2435,0
1725,161.60265469551086,2026-03-05T17:40:05.862532,0.96,0.0,3.0,0.0,0.0,0.0,0.0,42.97,12.3,0.0,0.0,STRAIGHT,0.3,0.3,"CMD,0.0,0.30",1.2,0.0,1.2,0.0,0,0.9598,0,NORMAL,47.604,-0.614,0,0,0,0,0,0.0,0,0,0,,,,,,0,,,,132939,2316,0
1726,161.7476897239685,2026-03-05T17:40:06.007567,83.03,0.0,5.0,2.0,0.0,0.0,0.0,130.99,11.87,0.0,0.0,STRAIGHT,0.3,0.3,"CMD,0.0,0.30",1.2,0.0,1.2,0.0,0,0.9801,0,NORMAL,47.995,-0.625,0,0,0,0,0,0.0,2,1,0,,,,,,0,,,,131850,2621,196
1727,161.80469036102295,2026-03-05T17:40:06.064568,2.03,0.0,1.97,0.0,0.0,0.0,1.03,42.0,12.33,0.0,0.0,STRAIGHT,0.3,0.3,"CMD,0.0,0.30",1.2,0.0,1.2,0.0,0,0.9801,0,NORMAL,48.951,-0.626,0,0,0,0,0,0.0,0,0,0,,,,,,0,,,,132489,2501,0
1728,161.86369395256042,2026-03-05T17:40:06.123571,2.03,0.0,1.97,0.0,0.0,0.0,0.0,45.01,12.33,0.0,0.0,STRAIGHT,0.3,0.3,"CMD,0.0,0.30",1.2,0.0,1.2,0.0,0,0.9801,0,NORMAL,48.2,-0.628,0,0,0,0,0,0.0,0,0,0,,,,,,0,,,,132489,2260,0
1729,161.92366790771484,2026-03-05T17:40:06.183545,1.0,0.0,2.98,0.0,0.0,0.0,0.0,43.98,12.31,0.0,0.0,STRAIGHT,0.3,0.3,"CMD,0.0,0.30",1.2,0.0,1.2,0.0,0,0.9801,0,NORMAL,48.23,-0.607,0,0,0,0,0,0.0,0,0,0,,,,,,0,,,,132489,2141,0
1730,162.06969237327576,2026-03-05T17:40:06.329570,83.03,0.0,5.0,1.97,0.0,0.0,0.0,132.0,11.87,0.0,0.0,STRAIGHT,0.3,0.3,"CMD,0.0,0.30",1.2,0.0,1.2,0.0,0,0.9786,0,NORMAL,47.968,-0.584,0,0,0,0,0,0.0,2,1,0,,,,,,0,,,,130798,2574,202
1731,162.12769222259521,2026-03-05T17:40:06.387570,2.04,0.0,2.0,0.0,0.0,0.0,0.0,43.04,12.33,0.0,0.0,STRAIGHT,0.3,0.3,"CMD,0.0,0.30",1.2,0.0,1.2,0.0,0,0.9786,0,NORMAL,47.162,-0.557,0,0,0,0,0,0.0,0,0,0,,,,,,0,,,,131590,2450,0
1732,162.18569350242615,2026-03-05T17:40:06.445571,2.03,0.0,2.0,0.0,0.0,0.0,0.0,42.0,12.34,0.0,0.0,STRAIGHT,0.3,0.3,"CMD,0.0,0.30",1.2,0.0,1.2,0.0,0,0.9786,0,NORMAL,46.649,-0.538,0,0,0,0,0,0.0,0,0,0,,,,,,0,,,,131590,2199,0
1733,162.24169278144836,2026-03-05T17:40:06.501570,1.03,0.0,3.0,0.0,0.0,0.0,0.0,42.0,12.34,0.0,0.0,STRAIGHT,0.3,0.3,"CMD,0.0,0.30",1.2,0.0,1.2,0.0,0,0.9786,0,NORMAL,46.875,-0.525,0,0,0,0,0,0.0,0,0,0,,,,,,0,,,,131590,2077,0
1734,162.39569354057312,2026-03-05T17:40:06.655571,85.03,0.0,3.97,1.0,0.0,0.0,0.0,138.99,11.86,0.0,0.0,STRAIGHT,0.3,0.3,"CMD,0.0,0.30",1.2,0.0,1.2,0.0,0,0.9803,0,NORMAL,46.636,-0.511,0,0,0,0,0,0.0,2,1,0,,,,,,0,,,,132950,2659,212
1735,162.45566606521606,2026-03-05T17:40:06.715544,2.01,0.0,2.0,0.0,0.0,0.0,1.0,44.97,12.3,0.0,0.0,STRAIGHT,0.3,0.3,"CMD,0.0,0.30",1.2,0.0,1.2,0.0,0,0.9803,0,NORMAL,46.647,-0.49,0,0,0,0,0,0.0,0,0,0,,,,,,0,,,,134539,2530,0
1736,162.51271104812622,2026-03-05T17:40:06.772589,2.0,0.0,2.0,0.0,0.0,0.0,1.05,43.01,12.3,0.0,0.0,STRAIGHT,0.3,0.3,"CMD,0.0,0.30",1.2,0.0,1.2,0.0,0,0.9803,0,NORMAL,46.687,-0.475,0,0,0,0,0,0.0,0,0,0,,,,,,0,,,,134539,2269,0
1737,162.5696988105774,2026-03-05T17:40:06.829576,2.04,0.0,2.0,0.0,0.0,0.0,0.0,41.99,12.33,0.0,0.0,STRAIGHT,0.3,0.3,"CMD,0.0,0.30",1.2,0.0,1.2,0.0,0,0.9803,0,NORMAL,47.076,-0.463,0,0,0,0,0,0.0,0,0,0,,,,,,0,,,,134539,2142,0
1738,162.7146966457367,2026-03-05T17:40:06.974574,83.04,0.0,5.0,2.03,0.0,0.0,1.03,131.0,11.93,0.0,0.0,STRAIGHT,0.3,0.3,"CMD,0.0,0.30",1.2,0.0,1.2,0.0,0,0.9876,0,NORMAL,47.62,-0.453,0,0,0,0,0,0.0,2,1,0,,,,,,0,,,,133083,2652,208
1739,162.77069544792175,2026-03-05T17:40:07.030573,2.04,0.0,2.0,0.0,0.0,0.0,0.0,42.0,12.41,0.0,0.0,STRAIGHT,0.3,0.3,"CMD,0.0,0.30",1.2,0.0,1.2,0.0,0,0.9876,0,NORMAL,48.235,-0.452,0,0,0,0,0,0.0,0,0,0,,,,,,0,,,,134241,2520,0
1740,162.8296971321106,2026-03-05T17:40:07.089575,2.02,0.0,2.0,0.0,0.0,0.0,0.0,43.0,12.43,0.0,0.0,STRAIGHT,0.3,0.3,"CMD,0.0,0.30",1.2,0.0,1.2,0.0,0,0.9876,0,NORMAL,48.381,-0.439,0,0,0,0,0,0.0,0,0,0,,,,,,0,,,,134241,2253,0
1741,162.88869738578796,2026-03-05T17:40:07.148575,1.0,0.0,3.0,0.0,0.0,0.0,0.0,45.0,12.41,0.0,0.0,STRAIGHT,0.3,0.3,"CMD,0.0,0.30",1.2,0.0,1.2,0.0,0,0.9876,0,NORMAL,48.783,-0.406,0,0,0,0,0,0.0,0,0,0,,,,,,0,,,,134241,2123,0
1742,163.03769540786743,2026-03-05T17:40:07.297573,86.03,0.0,4.0,1.97,0.0,0.0,0.0,135.0,11.94,0.0,0.0,STRAIGHT,0.3,0.3,"CMD,0.0,0.30",1.2,0.0,1.2,0.0,0,0.9836,0,NORMAL,49.324,-0.402,0,0,0,0,0,0.0,2,1,0,,,,,,0,,,,134239,2738,202
1743,163.09370183944702,2026-03-05T17:40:07.353579,2.03,0.0,2.0,0.0,0.0,0.0,0.0,41.0,12.4,0.0,0.0,STRAIGHT,0.3,0.3,"CMD,0.0,0.30",1.2,0.0,1.2,0.0,0,0.9836,0,NORMAL,50.292,-0.421,0,0,0,0,0,0.0,0,0,0,,,,,,0,,,,135413,2593,0
1744,163.14969730377197,2026-03-05T17:40:07.409575,2.0,0.0,2.0,0.0,0.0,0.0,0.0,42.0,12.41,0.0,0.0,STRAIGHT,0.3,0.3,"CMD,0.0,0.30",1.2,0.0,1.2,0.0,0,0.9836,0,NORMAL,50.657,-0.402,0,0,0,0,0,0.0,0,0,0,,,,,,0,,,,135413,2300,0
1745,163.20569825172424,2026-03-05T17:40:07.465576,2.03,0.0,2.0,0.0,0.0,0.0,0.0,42.0,12.42,0.0,0.0,STRAIGHT,0.3,0.3,"CMD,0.0,0.30",1.2,0.0,1.2,0.0,0,0.9836,0,NORMAL,50.65,-0.355,0,0,0,0,0,0.0,0,0,0,,,,,,0,,,,135413,2157,0
1746,163.35569858551025,2026-03-05T17:40:07.615576,87.04,0.0,6.0,2.04,0.0,0.0,0.0,134.97,11.97,0.0,0.0,STRAIGHT,0.3,0.3,"CMD,0.0,0.30",1.2,0.0,1.2,0.0,0,0.9535,0,NORMAL,50.952,-0.358,0,0,0,0,0,0.0,2,1,0,,,,,,0,,,,138721,2018,198
1747,163.41470050811768,2026-03-05T17:40:07.674578,2.03,0.0,3.0,0.0,0.0,0.0,0.0,45.0,12.46,0.0,0.0,STRAIGHT,0.3,0.3,"CMD,0.0,0.30",1.2,0.0,1.2,0.0,0,0.9535,0,NORMAL,51.725,-0.363,0,0,0,0,0,0.0,0,0,0,,,,,,0,,,,140282,1885,0
1748,163.47070384025574,2026-03-05T17:40:07.730581,2.04,0.0,1.96,0.0,0.0,0.0,0.0,40.97,12.48,0.0,0.0,STRAIGHT,0.3,0.3,"CMD,0.0,0.30",1.2,0.0,1.2,0.0,0,0.9535,0,NORMAL,52.055,-0.329,0,0,0,0,0,0.0,0,0,0,,,,,,0,,,,140282,1631,0
1749,163.52671432495117,2026-03-05T17:40:07.786592,2.0,0.0,3.05,0.0,0.0,0.0,0.0,42.01,12.5,0.0,0.0,STRAIGHT,0.3,0.3,"CMD,0.0,0.30",1.2,0.0,1.2,0.0,0,0.9535,0,NORMAL,52.101,-0.307,0,0,0,0,0,0.0,0,0,0,,,,,,0,,,,140282,1508,0
1750,163.67670369148254,2026-03-05T17:40:07.936581,84.04,0.0,4.99,1.0,1.03,0.0,0.0,133.0,12.06,0.0,0.0,STRAIGHT,0.3,0.3,"CMD,0.0,0.30",1.2,0.0,1.2,0.0,0,0.9592,0,NORMAL,52.331,-0.305,0,0,0,0,0,0.0,2,1,0,,,,,,0,,,,142812,1385,162
1751,163.73470377922058,2026-03-05T17:40:07.994581,2.04,0.0,2.0,0.0,0.0,0.0,0.0,43.0,12.58,0.0,0.0,STRAIGHT,0.3,0.3,"CMD,0.0,0.30",1.2,0.0,1.2,0.0,0,0.9592,0,NORMAL,53.294,-0.309,0,0,0,0,0,0.0,0,0,0,,,,,,0,,,,144966,1262,0
1752,163.79666948318481,2026-03-05T17:40:08.056547,2.0,0.0,3.0,0.0,0.0,0.0,0.0,45.96,12.56,0.0,0.0,STRAIGHT,0.3,0.3,"CMD,0.0,0.30",1.2,0.0,1.2,0.0,0,0.9592,0,NORMAL,54.293,-0.296,0,0,0,0,0,0.0,0,0,0,,,,,,0,,,,144966,1143,0
1753,163.85470414161682,2026-03-05T17:40:08.114582,2.04,0.0,2.0,0.0,0.0,0.0,0.0,43.02,12.56,0.0,0.0,STRAIGHT,0.3,0.3,"CMD,0.0,0.30",1.2,0.0,1.2,0.0,0,0.9592,0,NORMAL,55.841,-0.292,0,0,0,0,0,0.0,0,0,0,,,,,,0,,,,144966,909,0
1754,164.0027039051056,2026-03-05T17:40:08.262581,84.04,0.0,3.97,1.0,0.0,0.0,0.0,132.97,12.09,0.0,0.0,STRAIGHT,0.3,0.3,"CMD,0.0,0.30",1.2,0.0,1.2,0.0,0,0.957,0,NORMAL,56.409,-0.299,0,0,0,0,0,0.0,2,1,0,,,,,,0,,,,138601,907,120
1755,164.06070852279663,2026-03-05T17:40:08.320586,2.01,0.0,1.99,0.0,0.0,0.0,0.0,42.97,12.54,0.0,0.0,STRAIGHT,0.3,0.3,"CMD,0.0,0.30",1.2,0.0,1.2,0.0,0,0.957,0,NORMAL,56.693,-0.294,0,0,0,0,0,0.0,0,0,0,,,,,,0,,,,139362,798,0
1756,164.11670565605164,2026-03-05T17:40:08.376583,2.03,0.0,2.0,0.0,0.0,0.0,0.0,43.03,12.54,0.0,0.0,STRAIGHT,0.3,0.3,"CMD,0.0,0.30",1.2,0.0,1.2,0.0,0,0.957,0,NORMAL,56.737,-0.275,0,0,0,0,0,0.0,0,0,0,,,,,,0,,,,139362,691,0
1757,164.17367482185364,2026-03-05T17:40:08.433552,2.03,0.0,2.0,0.0,0.0,0.0,0.0,40.98,12.56,0.0,0.0,STRAIGHT,0.3,0.3,"CMD,0.0,0.30",1.2,0.0,1.2,0.0,0,0.957,0,NORMAL,56.633,-0.261,0,0,0,0,0,0.0,0,0,0,,,,,,0,,,,139362,502,0
1758,164.32074284553528,2026-03-05T17:40:08.580620,85.03,0.0,5.0,0.96,1.01,0.0,0.0,133.04,12.1,0.0,0.0,STRAIGHT,0.3,0.3,"CMD,0.0,0.30",1.2,0.0,1.2,0.0,0,0.9672,0,NORMAL,56.722,-0.259,0,0,0,0,0,0.0,2,1,0,,,,,,0,,,,139748,499,60
1759,164.38067603111267,2026-03-05T17:40:08.640553,2.03,0.0,2.97,0.0,0.0,0.0,0.0,43.97,12.55,0.0,0.0,STRAIGHT,0.3,0.3,"CMD,0.0,0.30",1.2,0.0,1.2,0.0,0,0.9672,0,NORMAL,56.754,-0.242,0,0,0,0,0,0.0,0,0,0,,,,,,0,,,,140765,419,0
1760,164.44067668914795,2026-03-05T17:40:08.700554,2.03,0.0,2.97,0.0,0.0,0.0,0.0,45.0,12.54,0.0,0.0,STRAIGHT,0.3,0.3,"CMD,0.0,0.30",1.2,0.0,1.2,0.0,0,0.9672,0,NORMAL,56.342,-0.222,0,0,0,0,0,0.0,0,0,0,,,,,,0,,,,140765,344,0
1761,164.49770832061768,2026-03-05T17:40:08.757586,2.0,0.0,3.03,0.0,0.0,0.0,0.0,43.0,12.54,0.0,0.0,STRAIGHT,0.3,0.3,"CMD,0.0,0.30",1.2,0.0,1.2,0.0,0,0.9672,0,NORMAL,56.079,-0.207,0,0,0,0,0,0.0,0,0,0,,,,,,0,,,,140765,215,0
1762,164.6437108516693,2026-03-05T17:40:08.903588,85.03,0.0,5.0,1.0,0.0,0.0,0.0,132.0,12.07,0.0,0.0,STRAIGHT,0.3,0.3,"CMD,0.0,0.30",1.2,0.0,1.2,0.0,0,0.9682,0,NORMAL,55.83,-0.186,0,0,0,0,0,0.0,0,0,0,,,,,,0,,,,137567,215,16
1763,164.78971147537231,2026-03-05T17:40:09.049589,83.03,0.0,4.0,0.96,0.0,0.0,0.0,129.0,12.11,0.0,0.0,STRAIGHT,0.3,0.3,"CMD,0.0,0.30",1.2,0.0,1.2,0.0,0,0.976,0,NORMAL,55.638,-0.158,0,0,0,0,0,0.0,0,0,0,,,,,,0,,,,137885,168,0
1764,164.93367958068848,2026-03-05T17:40:09.193557,84.03,0.0,5.0,1.0,0.0,0.0,0.0,129.97,11.7,0.0,0.0,STRAIGHT,0.3,0.3,"CMD,0.0,0.30",1.2,0.0,1.2,0.0,0,0.9648,0,NORMAL,55.066,-0.108,0,0,0,0,0,0.0,0,0,0,,,,,,0,,,,133426,128,0
1765,164.99168062210083,2026-03-05T17:40:09.251558,2.04,0.0,2.97,0.0,0.0,0.0,0.0,42.97,11.7,0.0,0.0,STRAIGHT,0.3,0.3,"CMD,0.0,0.30",1.2,0.0,1.2,0.0,0,0.9648,0,NORMAL,54.589,-0.067,0,0,0,0,0,0.0,0,0,0,,,,,,0,,,,133660,94,0
1766,165.05272364616394,2026-03-05T17:40:09.312601,3.01,0.0,3.03,0.0,0.0,0.0,0.0,46.04,11.68,0.0,0.0,STRAIGHT,0.3,0.3,"CMD,0.0,0.30",1.2,0.0,1.2,0.0,0,0.9648,0,NORMAL,54.324,-0.066,0,0,0,0,0,0.0,0,0,0,,,,,,0,,,,133660,63,0
1767,165.1206829547882,2026-03-05T17:40:09.380560,2.0,0.0,3.0,0.0,0.0,0.0,0.0,51.95,12.06,0.0,0.0,STRAIGHT,0.3,0.3,"CMD,0.0,0.30",1.2,0.0,1.2,0.0,0,0.9648,0,NORMAL,54.724,-0.057,0,0,0,0,0,0.0,0,0,0,,,,,,0,,,,133660,39,0
1768,165.27671265602112,2026-03-05T17:40:09.536590,90.03,0.0,3.97,0.0,0.0,0.0,1.02,140.99,11.57,0.0,0.0,STRAIGHT,0.3,0.3,"CMD,0.0,0.30",1.2,0.0,1.2,0.0,0,0.953,0,NORMAL,54.739,-0.027,0,0,0,0,0,0.0,0,0,0,,,,,,0,,,,137452,18,0
1769,165.43271780014038,2026-03-05T17:40:09.692595,94.0,0.0,6.04,1.01,0.0,0.0,0.0,141.01,11.14,0.0,0.0,STRAIGHT,0.3,0.3,"CMD,0.0,0.30",1.2,0.0,1.2,0.0,0,0.9718,0,NORMAL,54.733,-0.011,0,0,0,0,0,0.0,0,0,0,,,,,,0,,,,137014,0,0
1770,165.5857174396515,2026-03-05T17:40:09.845595,92.03,0.0,4.97,0.0,0.0,0.0,0.0,139.03,10.75,0.0,0.0,STRAIGHT,0.3,0.3,"CMD,0.0,0.30",1.2,0.0,1.2,0.0,0,0.956,0,NORMAL,54.876,0.002,0,0,0,0,0,0.0,0,0,0,,,,,,0,,,,141959,0,0
1771,165.73568749427795,2026-03-05T17:40:09.995565,87.0,0.0,4.0,1.97,0.0,0.0,0.0,133.97,10.75,0.0,0.0,STRAIGHT,0.3,0.3,"CMD,0.0,0.30",1.2,0.0,1.2,0.0,0,0.9803,0,NORMAL,55.012,0.015,0,0,0,0,0,0.0,2,1,0,,,,,,0,,,,142522,1527,176
1772,165.7937216758728,2026-03-05T17:40:10.053599,2.0,0.0,3.03,0.0,0.0,0.0,0.0,42.99,10.74,0.0,0.0,STRAIGHT,0.3,0.3,"CMD,0.0,0.30",1.2,0.0,1.2,0.0,0,0.9803,0,NORMAL,55.192,0.02,0,0,0,0,0,0.0,0,0,0,,,,,,0,,,,143338,1370,0
1773,165.85172057151794,2026-03-05T17:40:10.111598,2.04,0.0,2.0,0.0,0.0,0.0,0.0,42.03,10.74,0.0,0.0,STRAIGHT,0.3,0.3,"CMD,0.0,0.30",1.2,0.0,1.2,0.0,0,0.9803,0,NORMAL,55.284,0.034,0,0,0,0,0,0.0,0,0,0,,,,,,0,,,,143338,1122,0
1774,165.9107208251953,2026-03-05T17:40:10.170598,3.0,0.0,2.03,0.0,0.0,0.0,0.0,45.0,10.72,0.0,0.0,STRAIGHT,0.3,0.3,"CMD,0.0,0.30",1.2,0.0,1.2,0.0,0,0.9803,0,NORMAL,55.184,0.057,0,0,0,0,0,0.0,0,0,0,,,,,,0,,,,143338,1003,0
1775,166.05869102478027,2026-03-05T17:40:10.318568,86.03,0.0,4.0,1.98,0.0,0.0,0.0,132.97,10.72,0.0,0.0,STRAIGHT,0.3,0.3,"CMD,0.0,0.30",1.2,0.0,1.2,0.0,0,0.9513,0,NORMAL,55.141,0.064,0,0,0,0,0,0.0,2,1,0,,,,,,0,,,,142412,887,120
1776,166.20469093322754,2026-03-05T17:40:10.464568,84.01,0.0,5.03,1.0,0.0,0.0,0.0,131.0,10.39,0.0,0.0,STRAIGHT,0.3,0.3,"CMD,0.0,0.30",1.2,0.0,1.2,0.0,0,0.9442,0,NORMAL,55.382,0.063,0,0,0,0,0,0.0,2,1,0,,,,,,0,,,,150175,775,114
1777,166.26369190216064,2026-03-05T17:40:10.523570,2.03,0.0,1.97,0.0,0.0,0.0,1.0,43.97,10.38,0.0,0.0,STRAIGHT,0.3,0.3,"CMD,0.0,0.30",1.2,0.0,1.2,0.0,0,0.9442,0,NORMAL,55.062,0.082,0,0,0,0,0,0.0,0,0,0,,,,,,0,,,,152068,668,0
1778,166.32669305801392,2026-03-05T17:40:10.586571,1.97,0.0,3.0,0.0,0.0,0.0,0.0,48.0,10.36,0.0,0.0,STRAIGHT,0.3,0.3,"CMD,0.0,0.30",1.2,0.0,1.2,0.0,0,0.9442,0,NORMAL,54.547,0.113,0,0,0,0,0,0.0,0,0,0,,,,,,0,,,,152068,471,0
1779,166.38769149780273,2026-03-05T17:40:10.647569,2.0,0.0,3.0,0.0,0.0,0.0,0.0,45.98,10.7,0.0,0.0,STRAIGHT,0.3,0.3,"CMD,0.0,0.30",1.2,0.0,1.2,0.0,0,0.9442,0,NORMAL,54.589,0.12,0,0,0,0,0,0.0,0,0,0,,,,,,0,,,,152068,378,0
1780,166.54572701454163,2026-03-05T17:40:10.805604,93.03,0.0,4.98,1.0,0.0,0.0,0.0,143.0,10.32,0.0,0.0,STRAIGHT,0.3,0.3,"CMD,0.0,0.30",1.2,0.0,1.2,0.0,0,0.942,0,NORMAL,54.647,0.12,0,0,0,0,0,0.0,0,0,0,,,,,,0,,,,143782,300,12
1781,166.69769477844238,2026-03-05T17:40:10.957572,87.0,0.0,5.38,1.0,0.0,0.0,0.0,135.99,10.0,0.0,0.0,STRAIGHT,0.3,0.3,"CMD,0.0,0.30",1.2,0.0,1.2,0.0,0,0.9793,0,NORMAL,54.664,0.14,0,0,0,0,0,0.0,0,0,0,,,,,,0,,,,141795,225,0
1782,166.84572839736938,2026-03-05T17:40:11.105606,85.05,0.0,4.95,0.97,0.0,0.0,0.0,132.0,9.7,0.0,0.0,STRAIGHT,0.3,0.3,"CMD,0.0,0.30",1.2,0.0,1.2,0.0,0,0.9813,0,NORMAL,54.735,0.149,0,0,0,0,0,0.0,0,0,0,,,,,,0,,,,142381,152,0
1783,166.90869569778442,2026-03-05T17:40:11.168573,2.03,0.0,2.0,0.0,0.0,0.0,0.0,47.0,9.98,0.0,0.0,STRAIGHT,0.3,0.3,"CMD,0.0,0.30",1.2,0.0,1.2,0.0,0,0.9813,0,NORMAL,54.983,0.141,0,0,0,0,0,0.0,0,0,0,,,,,,0,,,,144350,101,0
1784,166.9687283039093,2026-03-05T17:40:11.228606,1.03,0.0,3.0,0.0,0.0,0.0,0.0,45.03,9.97,0.0,0.0,STRAIGHT,0.3,0.3,"CMD,0.0,0.30",1.2,0.0,1.2,0.0,0,0.9813,0,NORMAL,55.268,0.131,0,0,0,0,0,0.0,0,0,0,,,,,,0,,,,144350,37,0
1785,167.02869749069214,2026-03-05T17:40:11.288575,2.03,0.0,1.97,0.0,0.0,0.0,0.0,45.0,9.96,0.0,0.0,STRAIGHT,0.3,0.3,"CMD,0.0,0.30",1.2,0.0,1.2,0.0,0,0.9813,0,NORMAL,55.779,0.132,0,0,0,0,0,0.0,0,0,0,,,,,,0,,,,144350,0,0
1786,167.17569994926453,2026-03-05T17:40:11.435577,85.03,0.0,5.0,0.96,0.0,0.0,0.0,131.97,9.66,0.0,0.0,STRAIGHT,0.3,0.3,"CMD,0.0,0.30",1.2,0.0,1.2,0.0,0,0.9485,0,NORMAL,56.166,0.126,0,0,0,0,0,0.0,0,0,0,,,,,,0,,,,136158,0,0
1787,167.32473969459534,2026-03-05T17:40:11.584617,88.04,0.0,3.97,0.97,0.0,0.0,0.0,134.99,9.65,0.0,0.0,STRAIGHT,0.3,0.3,"CMD,0.0,0.30",1.2,0.0,1.2,0.0,0,0.9826,0,NORMAL,56.927,0.104,0,0,0,0,0,0.0,0,0,0,,,,,,0,,,,137646,0,0
1788,167.4747006893158,2026-03-05T17:40:11.734578,91.03,0.0,5.0,0.0,1.0,0.0,0.0,135.97,9.37,0.0,0.0,STRAIGHT,0.3,0.3,"CMD,0.0,0.30",1.2,0.0,1.2,0.0,0,0.9776,0,NORMAL,57.627,0.078,0,0,0,0,0,0.0,0,0,0,,,,,,0,,,,140491,0,0
1789,167.6247034072876,2026-03-05T17:40:11.884581,86.0,0.0,6.03,1.0,0.0,0.0,0.0,134.0,9.11,0.0,0.0,STRAIGHT,0.3,0.3,"CMD,0.0,0.30",1.2,0.0,1.2,0.0,0,0.9859,0,NORMAL,58.248,0.067,0,0,0,0,0,0.0,2,1,0,,,,,,0,,,,140163,838,98
1790,167.68473386764526,2026-03-05T17:40:11.944611,2.03,0.0,1.97,0.0,0.0,0.0,0.0,44.0,9.1,0.0,0.0,STRAIGHT,0.3,0.3,"CMD,0.0,0.30",1.2,0.0,1.2,0.0,0,0.9859,0,NORMAL,58.783,0.084,0,0,0,0,0,0.0,0,0,0,,,,,,0,,,,141859,606,0
1791,167.741703748703,2026-03-05T17:40:12.001581,1.04,0.0,2.97,0.0,0.0,0.0,0.0,42.97,9.36,0.0,0.0,STRAIGHT,0.3,0.3,"CMD,0.0,0.30",1.2,0.0,1.2,0.0,0,0.9859,0,NORMAL,59.348,0.08,0,0,0,0,0,0.0,0,0,0,,,,,,0,,,,141859,495,0
1792,167.79973459243774,2026-03-05T17:40:12.059612,2.03,0.0,2.0,0.0,0.0,0.0,0.0,43.99,9.63,0.0,0.0,STRAIGHT,0.3,0.3,"CMD,0.0,0.30",1.2,0.0,1.2,0.0,0,0.9859,0,NORMAL,59.873,0.077,0,0,0,0,0,0.0,0,0,0,,,,,,0,,,,141859,313,0
1793,167.96273612976074,2026-03-05T17:40:12.222614,93.03,0.0,5.0,1.0,0.0,0.0,1.0,148.03,9.57,0.0,0.0,STRAIGHT,0.3,0.3,"CMD,0.0,0.30",1.2,0.0,1.2,0.0,0,0.952,0,NORMAL,60.246,0.084,0,0,0,0,0,0.0,0,0,0,,,,,,0,,,,144947,170,0
1794,168.11073899269104,2026-03-05T17:40:12.370616,88.0,0.0,5.04,0.0,0.0,0.0,0.0,133.0,9.3,0.0,0.0,STRAIGHT,0.3,0.3,"CMD,0.0,0.30",1.2,0.0,1.2,0.0,0,0.9847,0,NORMAL,60.196,0.105,0,0,0,0,0,0.0,0,0,0,,,,,,0,,,,146690,80,0
1795,168.26070761680603,2026-03-05T17:40:12.520585,87.03,0.0,5.01,0.97,0.0,0.0,0.0,135.0,9.04,0.0,0.0,STRAIGHT,0.3,0.3,"CMD,0.0,0.30",1.2,0.0,1.2,0.0,0,0.9878,0,NORMAL,60.178,0.125,0,0,0,0,0,0.0,0,0,0,,,,,,0,,,,147609,21,0
1796,168.32071471214294,2026-03-05T17:40:12.580592,2.0,0.0,2.01,0.0,0.0,0.0,0.0,44.0,9.06,0.0,0.0,STRAIGHT,0.3,0.3,"CMD,0.0,0.30",1.2,0.0,1.2,0.0,0,0.9878,0,NORMAL,60.23,0.132,0,0,0,0,0,0.0,0,0,0,,,,,,0,,,,149800,0,0
1797,168.3777413368225,2026-03-05T17:40:12.637619,3.0,0.0,2.03,0.0,0.0,0.0,0.0,43.0,9.35,0.0,0.0,STRAIGHT,0.3,0.3,"CMD,0.0,0.30",1.2,0.0,1.2,0.0,0,0.9878,0,NORMAL,60.235,0.139,0,0,0,0,0,0.0,0,0,0,,,,,,0,,,,149800,0,0
1798,168.43474102020264,2026-03-05T17:40:12.694618,2.03,0.0,2.0,0.0,0.0,0.0,0.0,42.0,9.66,0.0,0.0,STRAIGHT,0.3,0.3,"CMD,0.0,0.30",1.2,0.0,1.2,0.0,0,0.9878,0,NORMAL,60.087,0.174,0,0,0,0,0,0.0,0,0,0,,,,,,0,,,,149800,0,0
1799,168.58674383163452,2026-03-05T17:40:12.846621,86.03,0.0,6.0,0.0,1.0,0.0,0.0,137.0,9.67,0.0,0.0,STRAIGHT,0.3,0.3,"CMD,0.0,0.30",1.2,0.0,1.2,0.0,0,0.9733,0,NORMAL,60.33,0.195,0,0,0,0,0,0.0,0,0,0,,,,,,0,,,,149249,0,0
1800,168.73374390602112,2026-03-05T17:40:12.993621,86.04,0.0,3.97,0.97,0.0,0.0,0.0,133.0,9.67,0.0,0.0,STRAIGHT,0.3,0.3,"CMD,0.0,0.30",1.2,0.0,1.2,0.0,0,0.9834,0,NORMAL,60.779,0.205,0,0,0,0,0,0.0,0,0,0,,,,,,0,,,,148477,0,0
1801,168.88574600219727,2026-03-05T17:40:13.145623,88.03,0.0,5.0,1.0,0.0,0.0,0.0,137.04,9.38,0.0,0.0,STRAIGHT,0.3,0.3,"CMD,0.0,0.30",1.2,0.0,1.2,0.0,0,0.9821,0,NORMAL,61.081,0.217,0,0,0,0,0,0.0,2,1,0,,,,,,0,,,,147742,818,110
1802,169.03274869918823,2026-03-05T17:40:13.292626,85.0,0.0,5.03,1.0,0.0,0.0,0.0,132.0,9.11,0.0,0.0,STRAIGHT,0.3,0.3,"CMD,0.0,0.30",1.2,0.0,1.2,0.0,0,0.9728,0,NORMAL,61.553,0.229,0,0,0,0,0,0.0,2,1,0,,,,,,0,,,,151498,798,104
1803,169.09071326255798,2026-03-05T17:40:13.350591,1.04,0.0,2.96,0.0,0.0,0.0,0.0,42.96,9.12,0.0,0.0,STRAIGHT,0.3,0.3,"CMD,0.0,0.30",1.2,0.0,1.2,0.0,0,0.9728,0,NORMAL,62.188,0.222,0,0,0,0,0,0.0,0,0,0,,,,,,0,,,,154032,555,0
1804,169.14874958992004,2026-03-05T17:40:13.408627,2.04,0.0,3.0,0.0,0.0,0.0,0.0,43.0,9.38,0.0,0.0,STRAIGHT,0.3,0.3,"CMD,0.0,0.30",1.2,0.0,1.2,0.0,0,0.9728,0,NORMAL,62.931,0.215,0,0,0,0,0,0.0,0,0,0,,,,,,0,,,,154032,446,0
1805,169.20671367645264,2026-03-05T17:40:13.466591,2.04,0.0,1.96,0.0,0.0,0.0,0.0,43.97,9.66,0.0,0.0,STRAIGHT,0.3,0.3,"CMD,0.0,0.30",1.2,0.0,1.2,0.0,0,0.9728,0,NORMAL,63.541,0.21,0,0,0,0,0,0.0,0,0,0,,,,,,0,,,,154032,267,0
1806,169.35474944114685,2026-03-05T17:40:13.614627,85.04,0.0,5.0,1.0,0.0,0.0,0.0,131.97,9.39,0.0,0.0,STRAIGHT,0.3,0.3,"CMD,0.0,0.30",1.2,0.0,1.2,0.0,0,0.9715,0,NORMAL,63.991,0.217,0,0,0,0,0,0.0,0,0,0,,,,,,0,,,,151378,127,0
1807,169.50472116470337,2026-03-05T17:40:13.764599,90.0,0.0,6.03,0.0,1.0,0.0,0.0,135.97,9.13,0.0,0.0,STRAIGHT,0.3,0.3,"CMD,0.0,0.30",1.2,0.0,1.2,0.0,0,0.9803,0,NORMAL,63.992,0.225,0,0,0,0,0,0.0,0,0,0,,,,,,0,,,,154049,50,0
1808,169.6547520160675,2026-03-05T17:40:13.914630,86.04,0.0,4.0,0.97,0.0,0.0,0.0,132.97,8.88,0.0,0.0,STRAIGHT,0.3,0.3,"CMD,0.0,0.30",1.2,0.0,1.2,0.0,0,0.9825,0,NORMAL,64.55,0.205,0,0,0,0,0,0.0,0,0,0,,,,,,0,,,,151694,0,0
1809,169.80271935462952,2026-03-05T17:40:14.062597,86.03,0.0,5.0,1.0,0.0,0.0,0.0,133.97,8.9,0.0,0.0,STRAIGHT,0.3,0.3,"CMD,0.0,0.30",1.2,0.0,1.2,0.0,0,0.9554,0,NORMAL,65.087,0.211,0,0,0,0,0,0.0,2,1,0,,,,,,0,,,,145518,1003,162
1810,169.86271977424622,2026-03-05T17:40:14.122597,2.03,0.0,2.97,0.0,0.0,0.0,0.0,43.96,9.16,0.0,0.0,STRAIGHT,0.3,0.3,"CMD,0.0,0.30",1.2,0.0,1.2,0.0,0,0.9554,0,NORMAL,65.152,0.216,0,0,0,0,0,0.0,0,0,0,,,,,,0,,,,147568,750,0
1811,169.922753572464,2026-03-05T17:40:14.182631,2.03,0.0,2.0,0.0,0.0,0.0,0.0,44.0,9.42,0.0,0.0,STRAIGHT,0.3,0.3,"CMD,0.0,0.30",1.2,0.0,1.2,0.0,0,0.9554,0,NORMAL,65.54,0.215,0,0,0,0,0,0.0,0,0,0,,,,,,0,,,,147568,629,0
1812,169.98072218894958,2026-03-05T17:40:14.240600,0.97,0.0,2.0,0.0,0.0,0.0,1.0,42.97,9.44,0.0,0.0,STRAIGHT,0.3,0.3,"CMD,0.0,0.30",1.2,0.0,1.2,0.0,0,0.9554,0,NORMAL,65.757,0.212,0,0,0,0,0,0.0,0,0,0,,,,,,0,,,,147568,427,0
1813,170.1317536830902,2026-03-05T17:40:14.391631,88.97,0.0,4.0,0.96,0.0,0.0,0.0,136.0,9.17,0.0,0.0,STRAIGHT,0.3,0.3,"CMD,0.0,0.30",1.2,0.0,1.2,0.0,0,0.9453,0,NORMAL,65.744,0.229,0,0,0,0,0,0.0,0,0,0,,,,,,0,,,,150608,246,0
1814,170.28175687789917,2026-03-05T17:40:14.541634,87.04,0.0,5.0,0.97,0.0,0.0,0.0,135.02,8.91,0.0,0.0,STRAIGHT,0.3,0.3,"CMD,0.0,0.30",1.2,0.0,1.2,0.0,0,0.98,0,NORMAL,66.011,0.231,0,0,0,0,0,0.0,0,0,0,,,,,,0,,,,149710,112,0
1815,170.441725730896,2026-03-05T17:40:14.701603,96.97,0.0,6.0,0.0,1.0,0.0,0.0,144.97,8.88,0.0,0.0,STRAIGHT,0.3,0.3,"CMD,0.0,0.30",1.2,0.0,1.2,0.0,0,0.9835,0,NORMAL,66.836,0.214,0,0,0,0,0,0.0,0,0,0,,,,,,0,,,,151164,33,0
1816,170.50972723960876,2026-03-05T17:40:14.769605,2.01,0.0,3.99,0.0,0.0,0.0,0.0,51.0,9.11,0.0,0.0,STRAIGHT,0.3,0.3,"CMD,0.0,0.30",1.2,0.0,1.2,0.0,0,0.9835,0,NORMAL,67.735,0.201,0,0,0,0,0,0.0,0,0,0,,,,,,0,,,,153195,0,0
1817,170.57876420021057,2026-03-05T17:40:14.838642,2.0,0.0,3.0,0.0,0.0,0.0,0.0,52.0,9.35,0.0,0.0,STRAIGHT,0.3,0.3,"CMD,0.0,0.30",1.2,0.0,1.2,0.0,0,0.9835,0,NORMAL,68.452,0.194,0,0,0,0,0,0.0,0,0,0,,,,,,0,,,,153195,0,0
1818,170.6387596130371,2026-03-05T17:40:14.898637,2.03,0.0,1.97,0.0,0.0,0.0,0.0,44.0,9.62,0.0,0.0,STRAIGHT,0.3,0.3,"CMD,0.0,0.30",1.2,0.0,1.2,0.0,0,0.9835,0,NORMAL,69.389,0.174,0,0,0,0,0,0.0,0,0,0,,,,,,0,,,,153195,0,0
1819,170.7897663116455,2026-03-05T17:40:15.049644,89.04,0.0,5.0,0.0,0.0,0.0,0.0,137.01,9.34,0.0,0.0,STRAIGHT,0.3,0.3,"CMD,0.0,0.30",1.2,0.0,1.2,0.0,0,0.9732,0,NORMAL,70.711,0.14,0,0,0,0,0,0.0,0,0,0,,,,,,0,,,,151745,0,0
1820,170.93572902679443,2026-03-05T17:40:15.195607,85.03,0.0,5.0,0.0,0.0,0.0,0.0,130.97,9.08,0.0,0.0,STRAIGHT,0.3,0.3,"CMD,0.0,0.30",1.2,0.0,1.2,0.0,0,0.9755,0,NORMAL,70.711,0.115,0,0,0,0,0,0.0,0,0,0,,,,,,0,,,,152219,0,0
1821,171.08177614212036,2026-03-05T17:40:15.341654,86.01,0.0,3.99,1.0,1.05,0.0,0.0,132.02,8.84,0.0,0.0,STRAIGHT,0.3,0.3,"CMD,0.0,0.30",1.2,0.0,1.2,0.0,0,0.9687,0,NORMAL,70.711,0.112,0,0,0,0,0,0.0,2,1,0,,,,,,0,,,,156623,1005,152
1822,171.2277626991272,2026-03-05T17:40:15.487640,85.03,0.0,5.01,0.97,1.03,0.0,0.0,131.03,8.88,0.0,0.0,STRAIGHT,0.3,0.3,"CMD,0.0,0.30",1.2,0.0,1.2,0.0,0,0.9594,0,NORMAL,70.599,0.098,0,0,0,0,0,0.0,2,1,0,,,,,,0,,,,163019,997,162
1823,171.28476309776306,2026-03-05T17:40:15.544641,2.03,0.0,2.0,0.0,0.0,0.0,0.0,41.99,9.14,0.0,0.0,STRAIGHT,0.3,0.3,"CMD,0.0,0.30",1.2,0.0,1.2,0.0,0,0.9594,0,NORMAL,70.178,0.077,0,0,0,0,0,0.0,0,0,0,,,,,,0,,,,164622,745,0
1824,171.3417673110962,2026-03-05T17:40:15.601645,1.03,0.0,3.0,0.0,0.0,0.0,0.0,42.0,9.41,0.0,0.0,STRAIGHT,0.3,0.3,"CMD,0.0,0.30",1.2,0.0,1.2,0.0,0,0.9594,0,NORMAL,69.808,0.073,0,0,0,0,0,0.0,0,0,0,,,,,,0,,,,164622,627,0
1825,171.39876437187195,2026-03-05T17:40:15.658642,2.0,0.0,2.03,0.0,0.0,0.0,0.0,41.03,9.42,0.0,0.0,STRAIGHT,0.3,0.3,"CMD,0.0,0.30",1.2,0.0,1.2,0.0,0,0.9594,0,NORMAL,69.64,0.072,0,0,0,0,0,0.0,0,0,0,,,,,,0,,,,164622,422,0
1826,171.55577278137207,2026-03-05T17:40:15.815650,95.0,0.0,5.0,0.97,0.0,0.0,0.0,143.01,9.13,0.0,0.0,STRAIGHT,0.3,0.3,"CMD,0.0,0.30",1.2,0.0,1.2,0.0,0,0.9301,0,NORMAL,68.925,0.079,0,0,0,0,0,0.0,0,0,0,,,,,,0,,,,163026,237,0
1827,171.70577788352966,2026-03-05T17:40:15.965655,86.03,0.0,4.97,0.0,1.04,0.0,0.0,135.0,8.87,0.0,0.0,STRAIGHT,0.3,0.3,"CMD,0.0,0.30",1.2,0.0,1.2,0.0,0,0.983,0,NORMAL,67.405,0.081,0,0,0,0,0,0.0,0,0,0,,,,,,0,,,,165190,106,0
1828,171.8497350215912,2026-03-05T17:40:16.109613,85.03,0.0,4.97,0.0,0.0,0.0,0.0,130.0,8.88,0.0,0.0,STRAIGHT,0.3,0.3,"CMD,0.0,0.30",1.2,0.0,1.2,0.0,0,0.9717,0,NORMAL,67.649,0.103,0,0,0,0,0,0.0,0,0,0,,,,,,0,,,,162218,31,0
1829,171.9087724685669,2026-03-05T17:40:16.168650,2.0,0.0,2.04,0.0,0.0,0.0,0.0,44.0,9.13,0.0,0.0,STRAIGHT,0.3,0.3,"CMD,0.0,0.30",1.2,0.0,1.2,0.0,0,0.9717,0,NORMAL,66.974,0.138,0,0,0,0,0,0.0,0,0,0,,,,,,0,,,,163194,0,0
1830,171.96576952934265,2026-03-05T17:40:16.225647,2.03,0.0,2.0,0.0,0.0,0.0,1.0,42.03,9.42,0.0,0.0,STRAIGHT,0.3,0.3,"CMD,0.0,0.30",1.2,0.0,1.2,0.0,0,0.9717,0,NORMAL,66.193,0.164,0,0,0,0,0,0.0,0,0,0,,,,,,0,,,,163194,0,0
1831,172.02177000045776,2026-03-05T17:40:16.281647,1.03,0.0,3.0,0.0,0.0,0.0,0.0,43.0,9.7,0.0,0.0,STRAIGHT,0.3,0.3,"CMD,0.0,0.30",1.2,0.0,1.2,0.0,0,0.9717,0,NORMAL,65.495,0.172,0,0,0,0,0,0.0,0,0,0,,,,,,0,,,,163194,0,0
1832,172.1667697429657,2026-03-05T17:40:16.426647,87.03,0.0,4.0,0.96,0.0,0.0,0.0,132.0,9.43,0.0,0.0,STRAIGHT,0.3,0.3,"CMD,0.0,0.30",1.2,0.0,1.2,0.0,0,0.9443,0,NORMAL,64.784,0.165,0,0,0,0,0,0.0,0,0,0,,,,,,0,,,,158226,0,0
1833,172.3127725124359,2026-03-05T17:40:16.572650,84.0,0.0,4.99,0.97,0.0,0.0,0.0,130.97,9.17,0.0,0.0,STRAIGHT,0.3,0.3,"CMD,0.0,0.30",1.2,0.0,1.2,0.0,0,0.9494,0,NORMAL,64.367,0.157,0,0,0,0,0,0.0,0,0,0,,,,,,0,,,,161926,0,0
1834,172.45974111557007,2026-03-05T17:40:16.719619,87.03,0.0,4.0,2.0,0.0,0.0,0.0,132.97,8.91,0.0,0.0,STRAIGHT,0.3,0.3,"CMD,0.0,0.30",1.2,0.0,1.2,0.0,0,0.9676,0,NORMAL,64.095,0.159,0,0,0,0,0,0.0,2,1,0,,,,,,0,,,,163710,2975,222
1835,172.6207754611969,2026-03-05T17:40:16.880653,91.99,0.0,6.0,2.0,0.0,0.0,0.0,142.03,8.88,0.0,0.0,STRAIGHT,0.3,0.3,"CMD,0.0,0.30",1.2,0.0,1.2,0.0,0,0.976,0,NORMAL,63.976,0.179,0,0,0,0,0,0.0,2,1,0,,,,,,0,,,,165841,3275,252
1836,172.68077659606934,2026-03-05T17:40:16.940654,2.03,0.0,2.0,0.0,0.0,0.0,1.01,44.0,9.13,0.0,0.0,STRAIGHT,0.3,0.3,"CMD,0.0,0.30",1.2,0.0,1.2,0.0,0,0.976,0,NORMAL,63.9,0.179,0,0,0,0,0,0.0,0,0,0,,,,,,0,,,,166130,2838,0
1837,172.7387764453888,2026-03-05T17:40:16.998654,1.0,0.0,3.03,0.0,0.0,0.0,0.0,43.03,9.4,0.0,0.0,STRAIGHT,0.3,0.3,"CMD,0.0,0.30",1.2,0.0,1.2,0.0,0,0.976,0,NORMAL,63.719,0.16,0,0,0,0,0,0.0,0,0,0,,,,,,0,,,,166130,2645,0
1838,172.79674291610718,2026-03-05T17:40:17.056620,2.0,0.0,3.0,0.0,0.0,0.0,0.0,43.97,9.69,0.0,0.0,STRAIGHT,0.3,0.3,"CMD,0.0,0.30",1.2,0.0,1.2,0.0,0,0.976,0,NORMAL,63.591,0.158,0,0,0,0,0,0.0,0,0,0,,,,,,0,,,,166130,2240,0
1839,172.95674347877502,2026-03-05T17:40:17.216621,94.03,0.0,3.97,1.0,0.0,0.0,0.0,142.97,9.37,0.0,0.0,STRAIGHT,0.3,0.3,"CMD,0.0,0.30",1.2,0.0,1.2,0.0,0,0.9284,0,NORMAL,63.111,0.159,0,0,0,0,0,0.0,2,1,0,,,,,,0,,,,175264,1896,230
1840,173.0147774219513,2026-03-05T17:40:17.274655,1.03,0.0,2.01,0.0,0.0,0.0,0.0,41.99,9.38,0.0,0.0,STRAIGHT,0.3,0.3,"CMD,0.0,0.30",1.2,0.0,1.2,0.0,0,0.9284,0,NORMAL,63.709,0.161,0,0,0,0,0,0.0,0,0,0,,,,,,0,,,,175306,1591,0
1841,173.07174730300903,2026-03-05T17:40:17.331625,1.0,0.0,2.97,0.0,0.0,0.0,0.0,42.97,9.38,0.0,0.0,STRAIGHT,0.3,0.3,"CMD,0.0,0.30",1.2,0.0,1.2,0.0,0,0.9284,0,NORMAL,63.868,0.172,0,0,0,0,0,0.0,0,0,0,,,,,,0,,,,175306,1440,0
1842,173.12774753570557,2026-03-05T17:40:17.387625,2.03,0.0,2.97,0.0,0.0,0.0,0.0,40.97,9.68,0.0,0.0,STRAIGHT,0.3,0.3,"CMD,0.0,0.30",1.2,0.0,1.2,0.0,0,0.9284,0,NORMAL,63.351,0.178,0,0,0,0,0,0.0,0,0,0,,,,,,0,,,,175306,1170,0
1843,173.27278017997742,2026-03-05T17:40:17.532658,85.0,0.0,4.03,0.99,1.01,0.0,0.0,131.0,9.7,0.0,0.0,STRAIGHT,0.3,0.3,"CMD,0.0,0.30",1.2,0.0,1.2,0.0,0,0.9756,0,NORMAL,62.432,0.176,0,0,0,0,0,0.0,2,1,0,,,,,,0,,,,177563,918,154
1844,173.3307809829712,2026-03-05T17:40:17.590658,1.03,0.0,2.0,0.0,0.0,0.0,1.0,43.03,10.03,0.0,0.0,STRAIGHT,0.3,0.3,"CMD,0.0,0.30",1.2,0.0,1.2,0.0,0,0.9756,0,NORMAL,62.416,0.167,0,0,0,0,0,0.0,0,0,0,,,,,,0,,,,177630,679,0
1845,173.38874650001526,2026-03-05T17:40:17.648624,2.03,0.0,2.97,0.0,0.0,0.0,0.0,42.97,10.07,0.0,0.0,STRAIGHT,0.3,0.3,"CMD,0.0,0.30",1.2,0.0,1.2,0.0,0,0.9756,0,NORMAL,63.096,0.182,0,0,0,0,0,0.0,0,0,0,,,,,,0,,,,177630,567,0
1846,173.4477834701538,2026-03-05T17:40:17.707661,2.01,0.0,2.03,0.0,0.0,0.0,0.0,43.04,10.1,0.0,0.0,STRAIGHT,0.3,0.3,"CMD,0.0,0.30",1.2,0.0,1.2,0.0,0,0.9756,0,NORMAL,63.246,0.178,0,0,0,0,0,0.0,0,0,0,,,,,,0,,,,177630,355,0
1847,173.59478402137756,2026-03-05T17:40:17.854662,86.03,0.0,5.0,0.0,0.0,0.0,0.0,132.0,9.81,0.0,0.0,STRAIGHT,0.3,0.3,"CMD,0.0,0.30",1.2,0.0,1.2,0.0,0,0.9514,0,NORMAL,62.87,0.156,0,0,0,0,0,0.0,0,0,0,,,,,,0,,,,174815,355,0
1848,173.74778580665588,2026-03-05T17:40:18.007663,86.01,0.0,5.03,0.97,0.0,0.0,0.0,138.0,9.8,0.0,0.0,STRAIGHT,0.3,0.3,"CMD,0.0,0.30",1.2,0.0,1.2,0.0,0,0.9693,0,NORMAL,62.69,0.124,0,0,0,0,0,0.0,0,0,0,,,,,,0,,,,169736,164,0
1849,173.89678764343262,2026-03-05T17:40:18.156665,85.96,0.0,5.01,0.99,0.0,0.0,0.0,131.97,9.8,0.0,0.0,STRAIGHT,0.3,0.3,"CMD,0.0,0.30",1.2,0.0,1.2,0.0,0,0.9722,0,NORMAL,63.33,0.095,0,0,0,0,0,0.0,0,0,0,,,,,,0,,,,167518,61,0
1850,173.9547872543335,2026-03-05T17:40:18.214665,2.0,0.0,2.04,0.0,0.0,0.0,0.0,43.01,10.1,0.0,0.0,STRAIGHT,0.3,0.3,"CMD,0.0,0.30",1.2,0.0,1.2,0.0,0,0.9722,0,NORMAL,63.53,0.063,0,0,0,0,0,0.0,0,0,0,,,,,,0,,,,167531,26,0
1851,174.0107867717743,2026-03-05T17:40:18.270664,1.03,0.0,3.0,0.0,0.0,0.0,0.0,42.0,10.42,0.0,0.0,STRAIGHT,0.3,0.3,"CMD,0.0,0.30",1.2,0.0,1.2,0.0,0,0.9722,0,NORMAL,64.279,0.022,0,0,0,0,0,0.0,0,0,0,,,,,,0,,,,167531,0,0
1852,174.06579089164734,2026-03-05T17:40:18.325668,2.0,0.0,2.04,0.0,0.0,0.0,0.0,41.01,10.43,0.0,0.0,STRAIGHT,0.3,0.3,"CMD,0.0,0.30",1.2,0.0,1.2,0.0,0,0.9722,0,NORMAL,64.714,-0.015,0,0,0,0,0,0.0,0,0,0,,,,,,0,,,,167531,0,0
1853,174.21078610420227,2026-03-05T17:40:18.470663,84.04,0.0,4.97,0.0,1.0,0.0,0.0,130.0,10.11,0.0,0.0,STRAIGHT,0.3,0.3,"CMD,0.0,0.30",1.2,0.0,1.2,0.0,0,0.8524,0,NORMAL,64.765,-0.043,0,0,0,0,0,0.0,0,0,0,,,,,,0,,,,196511,0,0
1854,174.3547556400299,2026-03-05T17:40:18.614633,85.04,0.0,5.0,0.0,1.0,0.0,0.0,128.96,9.81,0.0,0.0,STRAIGHT,0.3,0.3,"CMD,0.0,0.30",1.2,0.0,1.2,0.0,0,0.9517,0,NORMAL,65.134,-0.075,0,0,0,0,0,0.0,0,0,0,,,,,,0,,,,206310,0,0
1855,174.49979186058044,2026-03-05T17:40:18.759669,84.04,0.0,3.97,3.99,0.0,0.0,0.0,129.0,9.85,0.0,0.0,STRAIGHT,0.3,0.3,"CMD,0.0,0.30",1.2,0.0,1.2,0.0,0,0.9748,0,NORMAL,65.08,-0.102,0,0,0,0,0,0.0,19,2,0,,,,,,0,,,,210249,6095,534
1856,174.65575909614563,2026-03-05T17:40:18.915637,92.04,0.0,5.0,3.03,0.0,0.0,0.0,139.97,9.83,0.0,0.0,STRAIGHT,0.3,0.3,"CMD,0.0,0.30",1.2,0.0,1.2,0.0,0,0.9733,0,NORMAL,65.16,-0.128,0,0,0,0,0,0.0,21,2,0,,,,,,0,,,,215283,7430,572
1857,174.71879601478577,2026-03-05T17:40:18.978673,2.0,0.0,2.0,0.0,0.0,0.0,1.04,47.04,10.11,0.0,0.0,STRAIGHT,0.3,0.3,"CMD,0.0,0.30",1.2,0.0,1.2,0.0,0,0.9733,0,NORMAL,65.636,-0.152,0,0,0,0,0,0.0,0,0,0,,,,,,0,,,,216634,7180,0
1858,174.7757601737976,2026-03-05T17:40:19.035638,2.0,0.0,2.0,0.0,0.0,0.0,0.0,41.96,10.12,0.0,0.0,STRAIGHT,0.3,0.3,"CMD,0.0,0.30",1.2,0.0,1.2,0.0,0,0.9733,0,NORMAL,65.866,-0.169,0,0,0,0,0,0.0,0,0,0,,,,,,0,,,,216634,6639,0
1859,174.83176136016846,2026-03-05T17:40:19.091639,2.03,0.0,1.97,0.0,0.0,0.0,0.0,41.0,10.12,0.0,0.0,STRAIGHT,0.3,0.3,"CMD,0.0,0.30",1.2,0.0,1.2,0.0,0,0.9733,0,NORMAL,66.235,-0.159,0,0,0,0,0,0.0,0,0,0,,,,,,0,,,,216634,6388,0
1860,174.98079419136047,2026-03-05T17:40:19.240672,84.04,0.0,5.0,2.03,0.0,0.0,0.0,133.0,9.8,0.0,0.0,STRAIGHT,0.3,0.3,"CMD,0.0,0.30",1.2,0.0,1.2,0.0,0,0.9368,0,NORMAL,67.169,-0.149,0,0,0,0,0,0.0,2,1,0,,,,,,0,,,,225945,6129,464
1861,175.0387945175171,2026-03-05T17:40:19.298672,2.04,0.0,2.0,0.0,0.0,0.0,0.0,42.0,10.1,0.0,0.0,STRAIGHT,0.3,0.3,"CMD,0.0,0.30",1.2,0.0,1.2,0.0,0,0.9368,0,NORMAL,67.591,-0.154,0,0,0,0,0,0.0,0,0,0,,,,,,0,,,,228747,5621,0
1862,175.09776830673218,2026-03-05T17:40:19.357646,1.94,0.0,3.01,0.0,0.0,0.0,0.0,43.97,10.41,0.0,0.0,STRAIGHT,0.3,0.3,"CMD,0.0,0.30",1.2,0.0,1.2,0.0,0,0.9368,0,NORMAL,68.047,-0.158,0,0,0,0,0,0.0,0,0,0,,,,,,0,,,,228747,5374,0
1863,175.15479445457458,2026-03-05T17:40:19.414672,2.04,0.0,2.0,0.0,0.0,0.0,0.0,42.0,10.76,0.0,0.0,STRAIGHT,0.3,0.3,"CMD,0.0,0.30",1.2,0.0,1.2,0.0,0,0.9368,0,NORMAL,68.184,-0.149,0,0,0,0,0,0.0,0,0,0,,,,,,0,,,,228747,4880,0
1864,175.30479550361633,2026-03-05T17:40:19.564673,86.05,0.0,4.99,2.03,0.0,0.0,0.0,134.0,10.8,0.0,0.0,STRAIGHT,0.3,0.3,"CMD,0.0,0.30",1.2,0.0,1.2,0.0,0,0.9403,0,NORMAL,68.275,-0.158,0,0,0,0,0,0.0,2,1,0,,,,,,0,,,,237001,4883,354
1865,175.36479997634888,2026-03-05T17:40:19.624677,2.01,0.0,2.03,0.0,0.0,0.0,0.0,43.03,10.8,0.0,0.0,STRAIGHT,0.3,0.3,"CMD,0.0,0.30",1.2,0.0,1.2,0.0,0,0.9403,0,NORMAL,68.667,-0.173,0,0,0,0,0,0.0,0,0,0,,,,,,0,,,,239008,4635,0
1866,175.42179918289185,2026-03-05T17:40:19.681677,2.03,0.0,2.0,0.0,0.0,0.0,0.0,42.0,10.81,0.0,0.0,STRAIGHT,0.3,0.3,"CMD,0.0,0.30",1.2,0.0,1.2,0.0,0,0.9403,0,NORMAL,69.195,-0.19,0,0,0,0,0,0.0,0,0,0,,,,,,0,,,,239008,4143,0
1867,175.4787986278534,2026-03-05T17:40:19.738676,2.0,0.0,2.0,0.0,0.0,0.0,0.0,42.0,10.81,0.0,0.0,STRAIGHT,0.3,0.3,"CMD,0.0,0.30",1.2,0.0,1.2,0.0,0,0.9403,0,NORMAL,70.102,-0.203,0,0,0,0,0,0.0,0,0,0,,,,,,0,,,,239008,3912,0
1868,175.6268002986908,2026-03-05T17:40:19.886678,84.03,0.0,5.0,2.03,0.0,0.0,0.0,130.99,10.87,0.0,0.0,STRAIGHT,0.3,0.3,"CMD,0.0,0.30",1.2,0.0,1.2,0.0,0,0.9187,0,NORMAL,70.388,-0.226,0,0,0,0,0,0.0,2,1,0,,,,,,0,,,,256024,3707,316
1869,175.68980073928833,2026-03-05T17:40:19.949678,2.04,0.0,3.0,0.0,0.0,0.0,0.0,47.0,10.84,0.0,0.0,STRAIGHT,0.3,0.3,"CMD,0.0,0.30",1.2,0.0,1.2,0.0,0,0.9187,0,NORMAL,70.711,-0.255,0,0,0,0,0,0.0,0,0,0,,,,,,0,,,,259093,3505,0
1870,175.74679899215698,2026-03-05T17:40:20.006677,2.04,0.0,2.0,0.0,0.0,0.0,0.0,41.99,10.84,0.0,0.0,STRAIGHT,0.3,0.3,"CMD,0.0,0.30",1.2,0.0,1.2,0.0,0,0.9187,0,NORMAL,70.711,-0.274,0,0,0,0,0,0.0,0,0,0,,,,,,0,,,,259093,3142,0
1871,175.80280184745789,2026-03-05T17:40:20.062679,2.03,0.0,2.0,0.0,0.0,0.0,0.0,41.0,10.84,0.0,0.0,STRAIGHT,0.3,0.3,"CMD,0.0,0.30",1.2,0.0,1.2,0.0,0,0.9187,0,NORMAL,70.711,-0.273,0,0,0,0,0,0.0,0,0,0,,,,,,0,,,,259093,2968,0
1872,175.95380234718323,2026-03-05T17:40:20.213680,88.04,0.0,3.99,1.97,0.0,0.0,0.0,134.99,10.82,0.0,0.0,STRAIGHT,0.3,0.3,"CMD,0.0,0.30",1.2,0.0,1.2,0.0,0,0.9635,0,NORMAL,70.711,-0.278,0,0,0,0,0,0.0,2,1,0,,,,,,0,,,,260208,2797,284
1873,176.01280236244202,2026-03-05T17:40:20.272680,2.04,0.0,3.0,0.0,0.0,0.0,0.0,42.0,10.81,0.0,0.0,STRAIGHT,0.3,0.3,"CMD,0.0,0.30",1.2,0.0,1.2,0.0,0,0.9635,0,NORMAL,70.711,-0.298,0,0,0,0,0,0.0,0,0,0,,,,,,0,,,,262872,2628,0
1874,176.06980323791504,2026-03-05T17:40:20.329681,2.03,0.0,2.0,0.0,0.0,0.0,1.0,42.0,10.82,0.0,0.0,STRAIGHT,0.3,0.3,"CMD,0.0,0.30",1.2,0.0,1.2,0.0,0,0.9635,0,NORMAL,70.711,-0.345,0,0,0,0,0,0.0,0,0,0,,,,,,0,,,,262872,2300,0
1875,176.12580347061157,2026-03-05T17:40:20.385681,2.04,0.0,2.0,0.0,0.0,0.0,0.0,41.0,10.83,0.0,0.0,STRAIGHT,0.3,0.3,"CMD,0.0,0.30",1.2,0.0,1.2,0.0,0,0.9635,0,NORMAL,70.711,-0.387,0,0,0,0,0,0.0,0,0,0,,,,,,0,,,,262872,2140,0
1876,176.26980257034302,2026-03-05T17:40:20.529680,84.04,0.0,5.0,1.0,1.04,0.0,0.0,129.03,10.84,0.0,0.0,STRAIGHT,0.3,0.3,"CMD,0.0,0.30",1.2,0.0,1.2,0.0,0,0.9383,0,NORMAL,70.711,-0.375,0,0,0,0,0,0.0,2,1,0,,,,,,0,,,,251711,1984,256
1877,176.32780385017395,2026-03-05T17:40:20.587681,2.04,0.0,2.01,0.0,0.0,0.0,0.0,41.01,11.24,0.0,0.0,STRAIGHT,0.3,0.3,"CMD,0.0,0.30",1.2,0.0,1.2,0.0,0,0.9383,0,NORMAL,70.711,-0.361,0,0,0,0,0,0.0,0,0,0,,,,,,0,,,,253474,1830,0
1878,176.38280487060547,2026-03-05T17:40:20.642682,1.04,0.0,3.0,0.0,0.0,0.0,0.0,40.0,11.66,0.0,0.0,STRAIGHT,0.3,0.3,"CMD,0.0,0.30",1.2,0.0,1.2,0.0,0,0.9383,0,NORMAL,70.711,-0.362,0,0,0,0,0,0.0,0,0,0,,,,,,0,,,,253474,1531,0
1879,176.43881106376648,2026-03-05T17:40:20.698689,2.04,0.0,3.0,0.0,0.0,0.0,0.0,41.01,11.67,0.0,0.0,STRAIGHT,0.3,0.3,"CMD,0.0,0.30",1.2,0.0,1.2,0.0,0,0.9383,0,NORMAL,70.565,-0.37,0,0,0,0,0,0.0,0,0,0,,,,,,0,,,,253474,1385,0
1880,176.58380651474,2026-03-05T17:40:20.843684,82.96,0.0,5.03,1.0,1.03,0.0,0.0,127.97,11.28,0.0,0.0,STRAIGHT,0.3,0.3,"CMD,0.0,0.30",1.2,0.0,1.2,0.0,0,0.9526,0,NORMAL,69.626,-0.376,0,0,0,0,0,0.0,2,1,0,,,,,,0,,,,257626,1241,218
1881,176.63980913162231,2026-03-05T17:40:20.899687,2.03,0.0,2.0,0.0,0.0,0.0,0.0,41.0,11.27,0.0,0.0,STRAIGHT,0.3,0.3,"CMD,0.0,0.30",1.2,0.0,1.2,0.0,0,0.9526,0,NORMAL,69.138,-0.391,0,0,0,0,0,0.0,0,0,0,,,,,,0,,,,259927,1099,0
1882,176.70280838012695,2026-03-05T17:40:20.962686,2.04,0.0,2.0,0.0,0.0,0.0,0.0,46.03,11.64,0.0,0.0,STRAIGHT,0.3,0.3,"CMD,0.0,0.30",1.2,0.0,1.2,0.0,0,0.9526,0,NORMAL,69.131,-0.421,0,0,0,0,0,0.0,0,0,0,,,,,,0,,,,259927,831,0
1883,176.75980687141418,2026-03-05T17:40:21.019684,2.01,0.0,1.99,0.0,0.0,0.0,0.0,40.96,12.06,0.0,0.0,STRAIGHT,0.3,0.3,"CMD,0.0,0.30",1.2,0.0,1.2,0.0,0,0.9526,0,NORMAL,69.078,-0.451,0,0,0,0,0,0.0,0,0,0,,,,,,0,,,,259927,701,0
1884,176.90677452087402,2026-03-05T17:40:21.166652,86.04,0.0,5.0,0.96,1.05,0.0,0.0,131.96,12.04,0.0,0.0,STRAIGHT,0.3,0.3,"CMD,0.0,0.30",1.2,0.0,1.2,0.0,0,0.9627,0,NORMAL,68.841,-0.467,0,0,0,0,0,0.0,0,0,0,,,,,,0,,,,264897,574,66
1885,176.9638113975525,2026-03-05T17:40:21.223689,2.03,0.0,3.0,0.0,0.0,0.0,0.0,41.0,12.56,0.0,0.0,STRAIGHT,0.3,0.3,"CMD,0.0,0.30",1.2,0.0,1.2,0.0,0,0.9627,0,NORMAL,68.531,-0.479,0,0,0,0,0,0.0,0,0,0,,,,,,0,,,,267443,451,0
1886,177.018812417984,2026-03-05T17:40:21.278690,2.03,0.0,2.0,0.0,0.0,0.0,0.0,40.0,12.61,0.0,0.0,STRAIGHT,0.3,0.3,"CMD,0.0,0.30",1.2,0.0,1.2,0.0,0,0.9627,0,NORMAL,68.32,-0.506,0,0,0,0,0,0.0,0,0,0,,,,,,0,,,,267443,332,0
1887,177.07481145858765,2026-03-05T17:40:21.334689,2.03,0.0,1.97,0.0,0.0,0.0,0.0,41.0,12.61,0.0,0.0,STRAIGHT,0.3,0.3,"CMD,0.0,0.30",1.2,0.0,1.2,0.0,0,0.9627,0,NORMAL,67.703,-0.515,0,0,0,0,0,0.0,0,0,0,,,,,,0,,,,267443,204,0
1888,177.21781396865845,2026-03-05T17:40:21.477692,83.04,0.0,5.0,1.0,0.0,0.0,0.0,127.0,12.16,0.0,0.0,STRAIGHT,0.3,0.3,"CMD,0.0,0.30",1.2,0.0,1.2,0.0,0,0.956,0,NORMAL,67.177,-0.518,0,0,0,0,0,0.0,0,0,0,,,,,,0,,,,256528,204,0
1889,177.36381077766418,2026-03-05T17:40:21.623688,87.97,0.0,4.03,0.97,0.0,0.0,0.0,130.96,12.17,0.0,0.0,STRAIGHT,0.3,0.3,"CMD,0.0,0.30",1.2,0.0,1.2,0.0,0,0.9827,0,NORMAL,66.632,-0.525,0,0,0,0,0,0.0,0,0,0,,,,,,0,,,,257616,152,0
1890,177.5088243484497,2026-03-05T17:40:21.768702,88.04,0.0,4.98,0.0,1.04,0.0,0.0,130.01,11.74,0.0,0.0,STRAIGHT,0.3,0.3,"CMD,0.0,0.30",1.2,0.0,1.2,0.0,0,0.9784,0,NORMAL,65.484,-0.529,0,0,0,0,0,0.0,0,0,0,,,,,,0,,,,257872,106,0
1891,177.56481337547302,2026-03-05T17:40:21.824691,2.03,0.0,2.0,0.0,0.0,0.0,0.0,41.03,11.75,0.0,0.0,STRAIGHT,0.3,0.3,"CMD,0.0,0.30",1.2,0.0,1.2,0.0,0,0.9784,0,NORMAL,63.924,-0.479,0,0,0,0,0,0.0,0,0,0,,,,,,0,,,,259247,64,0
1892,177.6208152770996,2026-03-05T17:40:21.880693,1.04,0.0,2.99,0.0,0.0,0.0,0.0,41.0,11.76,0.0,0.0,STRAIGHT,0.3,0.3,"CMD,0.0,0.30",1.2,0.0,1.2,0.0,0,0.9784,0,NORMAL,62.622,-0.441,0,0,0,0,0,0.0,0,0,0,,,,,,0,,,,259247,27,0
1893,177.67681646347046,2026-03-05T17:40:21.936694,2.0,0.0,2.0,0.0,0.0,0.0,1.04,40.99,12.23,0.0,0.0,STRAIGHT,0.3,0.3,"CMD,0.0,0.30",1.2,0.0,1.2,0.0,0,0.9784,0,NORMAL,61.346,-0.417,0,0,0,0,0,0.0,0,0,0,,,,,,0,,,,259247,0,0
1894,177.8318169116974,2026-03-05T17:40:22.091694,88.04,0.0,5.01,0.96,0.0,0.0,1.03,138.0,11.76,0.0,0.0,STRAIGHT,0.3,0.3,"CMD,0.0,0.30",1.2,0.0,1.2,0.0,0,0.9543,0,NORMAL,59.923,-0.39,0,0,0,0,0,0.0,0,0,0,,,,,,0,,,,265750,0,0
1895,177.9797842502594,2026-03-05T17:40:22.239662,87.04,0.0,4.99,0.0,0.0,0.0,0.0,131.97,11.34,0.0,0.0,STRAIGHT,0.3,0.3,"CMD,0.0,0.30",1.2,0.0,1.2,0.0,0,0.9801,0,NORMAL,58.813,-0.364,0,0,0,0,0,0.0,0,0,0,,,,,,0,,,,262053,0,0
1896,178.12078547477722,2026-03-05T17:40:22.380663,83.04,0.0,5.02,1.0,0.0,0.0,0.0,126.96,10.98,0.0,0.0,STRAIGHT,0.3,0.3,"CMD,0.0,0.30",1.2,0.0,1.2,0.0,0,0.9815,0,NORMAL,58.21,-0.357,0,0,0,0,0,0.0,0,0,0,,,,,,0,,,,263880,0,0
1897,178.26881885528564,2026-03-05T17:40:22.528696,84.03,0.0,5.01,5.03,0.0,0.0,0.0,133.0,10.97,0.0,0.0,STRAIGHT,0.3,0.3,"CMD,0.0,0.30",1.2,0.0,1.2,0.0,0,0.9875,0,NORMAL,57.626,-0.343,0,0,0,0,0,0.0,29,3,0,,,,,,0,,,,262943,15659,859
1898,178.3258204460144,2026-03-05T17:40:22.585698,1.03,0.0,3.0,0.0,0.0,0.0,0.0,41.0,11.0,0.0,0.0,STRAIGHT,0.3,0.3,"CMD,0.0,0.30",1.2,0.0,1.2,0.0,0,0.9875,0,NORMAL,57.08,-0.327,0,0,0,0,0,0.0,0,0,0,,,,,,0,,,,264283,15326,0
1899,178.38281965255737,2026-03-05T17:40:22.642697,1.03,0.0,3.0,0.0,0.0,0.0,0.0,42.03,11.0,0.0,0.0,STRAIGHT,0.3,0.3,"CMD,0.0,0.30",1.2,0.0,1.2,0.0,0,0.9875,0,NORMAL,56.53,-0.312,0,0,0,0,0,0.0,0,0,0,,,,,,0,,,,264283,14660,0
1900,178.4438018798828,2026-03-05T17:40:22.703679,3.0,0.0,4.01,0.0,0.0,0.0,0.0,45.98,10.98,0.0,0.0,STRAIGHT,0.3,0.3,"CMD,0.0,0.30",1.2,0.0,1.2,0.0,0,0.9875,0,NORMAL,56.214,-0.314,0,0,0,0,0,0.0,0,0,0,,,,,,0,,,,264283,14330,0
1901,178.608788728714,2026-03-05T17:40:22.868666,89.0,0.0,5.0,7.0,1.0,0.0,0.0,144.0,10.92,0.0,0.0,STRAIGHT,0.3,0.3,"CMD,0.0,0.30",1.2,0.0,1.2,0.0,0,0.9596,0,NORMAL,56.063,-0.317,0,0,0,0,0,0.0,51,3,0,,,,,,0,,,,272561,19184,1047
1902,178.68079590797424,2026-03-05T17:40:22.940673,4.0,0.0,3.01,0.0,0.0,0.0,0.0,53.01,10.87,0.0,0.0,STRAIGHT,0.3,0.3,"CMD,0.0,0.30",1.2,0.0,1.2,0.0,0,0.9596,0,NORMAL,55.68,-0.313,0,0,0,0,0,0.0,0,0,0,,,,,,0,,,,274146,18875,0
1903,178.75579118728638,2026-03-05T17:40:23.015669,1.99,0.0,3.0,0.0,0.0,0.0,0.0,54.0,10.8,0.0,0.0,STRAIGHT,0.3,0.3,"CMD,0.0,0.30",1.2,0.0,1.2,0.0,0,0.9596,0,NORMAL,55.178,-0.288,0,0,0,0,0,0.0,0,0,0,,,,,,0,,,,274146,18148,0
1904,178.81879019737244,2026-03-05T17:40:23.078668,2.0,0.0,3.0,0.0,0.0,0.0,0.0,45.0,10.76,0.0,0.0,STRAIGHT,0.3,0.3,"CMD,0.0,0.30",1.2,0.0,1.2,0.0,0,0.9596,0,NORMAL,54.601,-0.266,0,0,0,0,0,0.0,0,0,0,,,,,,0,,,,274146,17834,0
1905,178.98182487487793,2026-03-05T17:40:23.241703,88.04,0.0,5.0,6.02,0.0,0.0,0.0,146.03,10.69,0.0,0.0,STRAIGHT,0.3,0.3,"CMD,0.0,0.30",1.2,0.0,1.2,0.0,0,0.9476,0,NORMAL,54.182,-0.259,0,0,0,0,0,0.0,42,4,0,,,,,,0,,,,278665,19189,1060
1906,179.0417947769165,2026-03-05T17:40:23.301672,2.0,0.0,2.0,0.0,0.0,0.0,0.0,41.99,10.68,0.0,0.0,STRAIGHT,0.3,0.3,"CMD,0.0,0.30",1.2,0.0,1.2,0.0,0,0.9476,0,NORMAL,53.467,-0.245,0,0,0,0,0,0.0,0,0,0,,,,,,0,,,,280248,18489,0
1907,179.10679292678833,2026-03-05T17:40:23.366670,2.02,0.0,2.98,0.0,0.0,0.0,0.0,47.96,10.65,0.0,0.0,STRAIGHT,0.3,0.3,"CMD,0.0,0.30",1.2,0.0,1.2,0.0,0,0.9476,0,NORMAL,52.809,-0.233,0,0,0,0,0,0.0,0,0,0,,,,,,0,,,,280248,18144,0
1908,179.16880202293396,2026-03-05T17:40:23.428679,2.01,0.0,3.0,0.0,0.0,0.0,0.0,44.01,10.62,0.0,0.0,STRAIGHT,0.3,0.3,"CMD,0.0,0.30",1.2,0.0,1.2,0.0,0,0.9476,0,NORMAL,52.372,-0.222,0,0,0,0,0,0.0,0,0,0,,,,,,0,,,,280248,17830,0
1909,179.32283329963684,2026-03-05T17:40:23.582711,85.0,0.0,3.97,5.03,0.0,0.0,0.0,137.0,10.58,0.0,0.0,STRAIGHT,0.3,0.3,"CMD,0.0,0.30",1.2,0.0,1.2,0.0,0,0.9257,0,NORMAL,51.874,-0.194,0,0,0,0,0,0.0,31,2,0,,,,,,0,,,,264519,16507,845
1910,179.381831407547,2026-03-05T17:40:23.641709,2.03,0.0,2.0,0.0,0.0,0.0,0.0,42.0,10.58,0.0,0.0,STRAIGHT,0.3,0.3,"CMD,0.0,0.30",1.2,0.0,1.2,0.0,0,0.9257,0,NORMAL,51.39,-0.172,0,0,0,0,0,0.0,0,0,0,,,,,,0,,,,266511,15829,0
1911,179.44183230400085,2026-03-05T17:40:23.701710,2.03,0.0,2.0,0.0,0.0,0.0,0.0,42.01,10.59,0.0,0.0,STRAIGHT,0.3,0.3,"CMD,0.0,0.30",1.2,0.0,1.2,0.0,0,0.9257,0,NORMAL,51.043,-0.16,0,0,0,0,0,0.0,0,0,0,,,,,,0,,,,266511,15468,0
1912,179.49981021881104,2026-03-05T17:40:23.759688,2.06,0.0,2.95,0.0,0.0,0.0,0.0,41.98,10.58,0.0,0.0,STRAIGHT,0.3,0.3,"CMD,0.0,0.30",1.2,0.0,1.2,0.0,0,0.9257,0,NORMAL,50.829,-0.154,0,0,0,0,0,0.0,0,0,0,,,,,,0,,,,266511,15133,0
1913,179.65083241462708,2026-03-05T17:40:23.910710,84.03,0.0,5.0,3.03,0.0,0.0,0.0,132.0,10.57,0.0,0.0,STRAIGHT,0.3,0.3,"CMD,0.0,0.30",1.2,0.0,1.2,0.0,0,0.8652,0,NORMAL,50.679,-0.138,0,0,0,0,0,0.0,2,1,0,,,,,,0,,,,229703,11655,622
1914,179.7077991962433,2026-03-05T17:40:23.967677,2.03,0.0,3.97,0.0,0.0,0.0,0.0,41.97,10.57,0.0,0.0,STRAIGHT,0.3,0.3,"CMD,0.0,0.30",1.2,0.0,1.2,0.0,0,0.8652,0,NORMAL,50.545,-0.122,0,0,0,0,0,0.0,0,0,0,,,,,,0,,,,230176,11227,0
1915,179.7718002796173,2026-03-05T17:40:24.031678,2.0,0.0,2.0,0.0,0.0,0.0,1.0,46.97,10.53,0.0,0.0,STRAIGHT,0.3,0.3,"CMD,0.0,0.30",1.2,0.0,1.2,0.0,0,0.8652,0,NORMAL,50.493,-0.121,0,0,0,0,0,0.0,0,0,0,,,,,,0,,,,230176,10770,0
1916,179.8278317451477,2026-03-05T17:40:24.087709,1.03,0.0,1.97,0.0,0.0,0.0,0.0,40.0,10.54,0.0,0.0,STRAIGHT,0.3,0.3,"CMD,0.0,0.30",1.2,0.0,1.2,0.0,0,0.8652,0,NORMAL,50.526,-0.129,0,0,0,0,0,0.0,0,0,0,,,,,,0,,,,230176,10363,0
1917,179.97483801841736,2026-03-05T17:40:24.234715,85.04,0.0,5.0,1.0,0.0,0.0,0.0,131.01,10.51,0.0,0.0,STRAIGHT,0.3,0.3,"CMD,0.0,0.30",1.2,0.0,1.2,0.0,0,0.8717,0,NORMAL,50.549,-0.135,0,0,0,0,0,0.0,2,1,0,,,,,,0,,,,211809,5112,202
1918,180.030832529068,2026-03-05T17:40:24.290710,2.04,0.0,3.0,0.0,0.0,0.0,0.0,40.0,10.87,0.0,0.0,STRAIGHT,0.3,0.3,"CMD,0.0,0.30",1.2,0.0,1.2,0.0,0,0.8717,0,NORMAL,50.545,-0.144,0,0,0,0,0,0.0,0,0,0,,,,,,0,,,,212182,4848,0
1919,180.08784794807434,2026-03-05T17:40:24.347725,2.04,0.0,2.01,0.0,0.0,0.0,0.0,42.0,11.24,0.0,0.0,STRAIGHT,0.3,0.3,"CMD,0.0,0.30",1.2,0.0,1.2,0.0,0,0.8717,0,NORMAL,50.482,-0.125,0,0,0,0,0,0.0,0,0,0,,,,,,0,,,,212182,4554,0
1920,180.14584684371948,2026-03-05T17:40:24.405724,2.04,0.0,2.01,0.0,0.0,0.0,0.0,42.03,11.24,0.0,0.0,STRAIGHT,0.3,0.3,"CMD,0.0,0.30",1.2,0.0,1.2,0.0,0,0.8717,0,NORMAL,50.405,-0.114,0,0,0,0,0,0.0,0,0,0,,,,,,0,,,,212182,4056,0
1921,180.2918357849121,2026-03-05T17:40:24.551713,86.03,0.0,4.0,0.97,1.03,0.0,0.0,130.0,10.86,0.0,0.0,STRAIGHT,0.3,0.3,"CMD,0.0,0.30",1.2,0.0,1.2,0.0,0,0.8811,0,NORMAL,50.367,-0.134,0,0,0,0,0,0.0,2,1,0,,,,,,0,,,,214256,4026,136
1922,180.34683895111084,2026-03-05T17:40:24.606716,2.04,0.0,2.0,0.0,0.0,0.0,0.0,40.03,10.86,0.0,0.0,STRAIGHT,0.3,0.3,"CMD,0.0,0.30",1.2,0.0,1.2,0.0,0,0.8811,0,NORMAL,50.292,-0.121,0,0,0,0,0,0.0,0,0,0,,,,,,0,,,,214350,3765,0
1923,180.402836561203,2026-03-05T17:40:24.662714,2.03,0.0,2.0,0.0,0.0,0.0,0.0,41.0,11.28,0.0,0.0,STRAIGHT,0.3,0.3,"CMD,0.0,0.30",1.2,0.0,1.2,0.0,0,0.8811,0,NORMAL,50.204,-0.115,0,0,0,0,0,0.0,0,0,0,,,,,,0,,,,214350,3255,0
1924,180.45883917808533,2026-03-05T17:40:24.718717,1.03,0.0,3.0,0.0,0.0,0.0,0.0,41.0,11.7,0.0,0.0,STRAIGHT,0.3,0.3,"CMD,0.0,0.30",1.2,0.0,1.2,0.0,0,0.8811,0,NORMAL,50.084,-0.063,0,0,0,0,0,0.0,0,0,0,,,,,,0,,,,214350,3016,0
1925,180.60184025764465,2026-03-05T17:40:24.861718,84.04,0.0,3.97,1.97,0.0,0.0,0.0,129.0,11.69,0.0,0.0,STRAIGHT,0.3,0.3,"CMD,0.0,0.30",1.2,0.0,1.2,0.0,0,0.859,0,NORMAL,50.035,-0.038,0,0,0,0,0,0.0,2,1,0,,,,,,0,,,,240938,2785,246
1926,180.6608386039734,2026-03-05T17:40:24.920716,1.04,0.0,3.0,0.0,0.0,0.0,0.0,44.03,12.12,0.0,0.0,STRAIGHT,0.3,0.3,"CMD,0.0,0.30",1.2,0.0,1.2,0.0,0,0.859,0,NORMAL,50.004,-0.016,0,0,0,0,0,0.0,0,0,0,,,,,,0,,,,241438,2567,0
1927,180.71784114837646,2026-03-05T17:40:24.977719,2.03,0.0,1.97,0.0,0.0,0.0,0.0,40.97,12.13,0.0,0.0,STRAIGHT,0.3,0.3,"CMD,0.0,0.30",1.2,0.0,1.2,0.0,0,0.859,0,NORMAL,50.001,0.005,0,0,0,0,0,0.0,0,0,0,,,,,,0,,,,241438,2148,0
1928,180.77983951568604,2026-03-05T17:40:25.039717,1.0,0.0,1.97,0.0,0.0,0.0,1.03,47.0,12.1,0.0,0.0,STRAIGHT,0.3,0.3,"CMD,0.0,0.30",1.2,0.0,1.2,0.0,0,0.859,0,NORMAL,50.005,0.014,0,0,0,0,0,0.0,0,0,0,,,,,,0,,,,241438,1949,0
1929,180.92884254455566,2026-03-05T17:40:25.188720,86.03,1.0,3.97,1.97,0.0,0.0,0.0,135.0,11.67,0.0,0.0,STRAIGHT,0.3,0.3,"CMD,0.0,0.30",1.2,0.0,1.2,0.0,0,0.7818,0,NORMAL,50.005,0.027,0,0,0,0,0,0.0,2,1,0,,,,,,0,,,,242590,1779,224
1930,180.98484325408936,2026-03-05T17:40:25.244721,1.04,0.0,2.99,0.0,0.0,0.0,0.0,40.0,12.21,0.0,0.0,STRAIGHT,0.3,0.3,"CMD,0.0,0.30",1.2,0.0,1.2,0.0,0,0.7818,0,NORMAL,50.004,0.031,0,0,0,0,0,0.0,0,0,0,,,,,,0,,,,242590,1613,0
1931,181.04184365272522,2026-03-05T17:40:25.301721,1.03,0.0,3.0,0.0,0.0,0.0,0.0,42.0,12.28,0.0,0.0,STRAIGHT,0.3,0.3,"CMD,0.0,0.30",1.2,0.0,1.2,0.0,0,0.7818,0,NORMAL,50.003,0.04,0,0,0,0,0,0.0,0,0,0,,,,,,0,,,,242590,1299,0
1932,181.0978422164917,2026-03-05T17:40:25.357720,1.03,0.0,3.0,0.0,0.0,0.0,0.0,41.01,12.38,0.0,0.0,STRAIGHT,0.3,0.3,"CMD,0.0,0.30",1.2,0.0,1.2,0.0,0,0.7818,0,NORMAL,50.001,0.041,0,0,0,0,0,0.0,0,0,0,,,,,,0,,,,242590,1172,0
1933,181.24184441566467,2026-03-05T17:40:25.501722,83.03,0.0,5.0,1.0,0.0,0.0,0.0,127.99,11.97,0.0,0.0,STRAIGHT,0.3,0.3,"CMD,0.0,0.30",1.2,0.0,1.2,0.0,0,0.7467,0,NORMAL,50.002,0.035,0,0,0,0,0,0.0,2,1,0,,,,,,0,,,,192464,1047,158
1934,181.29784607887268,2026-03-05T17:40:25.557723,1.03,0.0,3.0,0.0,0.0,0.0,0.0,40.0,12.52,0.0,0.0,STRAIGHT,0.3,0.3,"CMD,0.0,0.30",1.2,0.0,1.2,0.0,0,0.7467,0,NORMAL,50.021,0.019,0,0,0,0,0,0.0,0,0,0,,,,,,0,,,,192464,925,0
1935,181.353844165802,2026-03-05T17:40:25.613722,2.04,0.0,2.0,0.0,0.0,0.0,0.0,41.0,12.54,0.0,0.0,STRAIGHT,0.3,0.3,"CMD,0.0,0.30",1.2,0.0,1.2,0.0,0,0.7467,0,NORMAL,50.027,0.025,0,0,0,0,0,0.0,0,0,0,,,,,,0,,,,192464,807,0
1936,181.40984654426575,2026-03-05T17:40:25.669724,2.03,0.0,2.01,0.0,0.0,0.0,0.0,40.0,12.6,0.0,0.0,STRAIGHT,0.3,0.3,"CMD,0.0,0.30",1.2,0.0,1.2,0.0,0,0.7467,0,NORMAL,50.017,0.062,0,0,0,0,0,0.0,0,0,0,,,,,,0,,,,192464,584,0
1937,181.55284571647644,2026-03-05T17:40:25.812723,85.03,0.0,4.0,1.0,0.0,0.0,1.03,129.03,12.16,0.0,0.0,STRAIGHT,0.3,0.3,"CMD,0.0,0.30",1.2,0.0,1.2,0.0,0,0.8392,0,NORMAL,50.014,0.072,0,0,0,0,0,0.0,0,0,0,,,,,,0,,,,196610,584,60
1938,181.60784769058228,2026-03-05T17:40:25.867725,2.03,0.0,1.97,0.0,0.0,0.0,1.03,41.0,12.69,0.0,0.0,STRAIGHT,0.3,0.3,"CMD,0.0,0.30",1.2,0.0,1.2,0.0,0,0.8392,0,NORMAL,50.043,0.041,0,0,0,0,0,0.0,0,0,0,,,,,,0,,,,196610,481,0
1939,181.66384935379028,2026-03-05T17:40:25.923727,2.0,0.0,2.0,0.0,0.0,0.0,0.0,41.0,12.71,0.0,0.0,STRAIGHT,0.3,0.3,"CMD,0.0,0.30",1.2,0.0,1.2,0.0,0,0.8392,0,NORMAL,50.056,0.045,0,0,0,0,0,0.0,0,0,0,,,,,,0,,,,196610,388,0
1940,181.7188527584076,2026-03-05T17:40:25.978730,2.04,0.0,1.96,0.0,0.0,0.0,0.0,39.97,12.74,0.0,0.0,STRAIGHT,0.3,0.3,"CMD,0.0,0.30",1.2,0.0,1.2,0.0,0,0.8392,0,NORMAL,50.022,0.065,0,0,0,0,0,0.0,0,0,0,,,,,,0,,,,196610,221,0
1941,181.86585068702698,2026-03-05T17:40:26.125728,86.34,0.0,4.7,0.96,0.0,0.0,0.0,132.0,12.26,0.0,0.0,STRAIGHT,0.3,0.3,"CMD,0.0,0.30",1.2,0.0,1.2,0.0,0,0.4186,0,NORMAL,50.029,0.033,0,0,0,0,0,0.0,0,0,0,,,,,,0,,,,194432,221,0
1942,182.00885272026062,2026-03-05T17:40:26.268730,83.04,0.0,3.97,0.98,0.0,0.0,0.0,129.0,12.29,0.0,0.0,STRAIGHT,0.3,0.3,"CMD,0.0,0.30",1.2,0.0,1.2,0.0,0,0.3926,0,NORMAL,50.081,0.016,0,0,0,0,0,0.0,0,0,0,,,,,,0,,,,163924,142,0
1943,182.1508505344391,2026-03-05T17:40:26.410728,83.99,0.0,3.97,0.97,0.0,0.0,0.0,128.0,11.87,0.0,0.0,STRAIGHT,0.3,0.3,"CMD,0.0,0.30",1.2,0.0,1.2,0.0,0,0.3029,0,WARN,50.058,0.046,0,0,0,0,0,0.0,0,0,0,,,,,,0,,,,91137,79,0
1944,182.29281902313232,2026-03-05T17:40:26.552696,84.04,0.0,4.97,1.0,0.0,0.0,0.0,128.96,11.5,0.0,0.0,STRAIGHT,0.3,0.3,"CMD,0.0,0.30",1.2,0.0,1.2,0.0,0,0.3731,0,NORMAL,50.054,0.032,0,0,0,0,0,0.0,0,0,0,,,,,,0,,,,167722,238,18
1945,182.34785318374634,2026-03-05T17:40:26.607731,1.04,0.0,3.0,0.0,0.0,0.0,0.0,39.0,11.5,0.0,0.0,STRAIGHT,0.3,0.3,"CMD,0.0,0.30",1.2,0.0,1.2,0.0,0,0.3731,0,NORMAL,50.171,-0.017,0,0,0,0,0,0.0,0,0,0,,,,,,0,,,,214203,191,0
1946,182.40285325050354,2026-03-05T17:40:26.662731,1.03,0.0,3.0,0.0,0.0,0.0,0.0,40.0,11.94,0.0,0.0,STRAIGHT,0.3,0.3,"CMD,0.0,0.30",1.2,0.0,1.2,0.0,0,0.3731,0,NORMAL,50.338,-0.042,0,0,0,0,0,0.0,0,0,0,,,,,,0,,,,214203,156,0
1947,182.45885634422302,2026-03-05T17:40:26.718734,2.01,0.0,2.03,0.0,0.0,0.0,0.0,41.0,11.94,0.0,0.0,STRAIGHT,0.3,0.3,"CMD,0.0,0.30",1.2,0.0,1.2,0.0,0,0.3731,0,NORMAL,50.485,-0.053,0,0,0,0,0,0.0,0,0,0,,,,,,0,,,,214203,132,0
1948,182.60285568237305,2026-03-05T17:40:26.862733,86.05,0.0,3.96,1.01,0.0,0.0,0.0,129.04,11.53,0.0,0.0,STRAIGHT,0.3,0.3,"CMD,0.0,0.30",1.2,0.0,1.2,0.0,0,0.0,1,WARN,50.69,-0.074,0,0,0,0,0,0.0,0,0,0,,,,,,0,,,,93116,225,27
1949,182.74685502052307,2026-03-05T17:40:27.006733,87.0,0.0,5.03,1.03,0.0,0.0,0.0,130.0,11.15,0.0,0.0,STRAIGHT,0.3,0.3,"CMD,0.0,0.30",1.2,0.0,1.2,0.0,0,0.0,2,WARN,51.039,-0.104,0,0,0,0,0,0.0,0,0,0,,,,,,0,,,,79926,204,27
1950,182.80485725402832,2026-03-05T17:40:27.064735,1.0,0.0,2.99,0.0,0.0,0.0,0.0,43.0,11.54,0.0,0.0,STRAIGHT,0.3,0.3,"CMD,0.0,0.30",1.2,0.0,1.2,0.0,0,0.0,2,WARN,51.563,-0.142,0,0,0,0,0,0.0,0,0,0,,,,,,0,,,,0,192,0
1951,182.8578245639801,2026-03-05T17:40:27.117702,2.04,0.0,1.96,0.0,0.0,0.0,1.0,42.97,11.55,0.0,0.0,STRAIGHT,0.3,0.3,"CMD,0.0,0.30",1.2,0.0,1.2,0.0,0,0.0,2,WARN,52.189,-0.167,0,0,0,0,0,0.0,0,0,0,,,,,,0,,,,0,180,0
1952,182.91182613372803,2026-03-05T17:40:27.171704,1.03,0.0,2.97,0.0,0.0,0.0,0.0,43.97,11.55,0.0,0.0,STRAIGHT,0.3,0.3,"CMD,0.0,0.30",1.2,0.0,1.2,0.0,0,0.0,2,WARN,52.596,-0.182,0,0,0,0,0,0.0,0,0,0,,,,,,0,,,,0,156,0
1953,183.05385756492615,2026-03-05T17:40:27.313735,87.04,0.0,5.0,1.0,0.0,0.0,0.0,132.0,11.18,0.0,0.0,STRAIGHT,0.3,0.3,"CMD,0.0,0.30",1.2,0.0,1.2,0.0,0,0.0612,3,WARN,52.921,-0.191,0,0,0,0,0,0.0,0,0,0,,,,,,0,,,,76872,204,27
1954,183.10782670974731,2026-03-05T17:40:27.367704,2.03,0.0,1.98,0.0,0.0,0.0,0.0,38.98,11.58,0.0,0.0,STRAIGHT,0.3,0.3,"CMD,0.0,0.30",1.2,0.0,1.2,0.0,0,0.0612,3,WARN,53.242,-0.183,0,0,0,0,0,0.0,0,0,0,,,,,,0,,,,18381,192,0
1955,183.16086053848267,2026-03-05T17:40:27.420738,2.0,0.0,2.05,0.0,0.0,0.0,0.0,39.02,11.6,0.0,0.0,STRAIGHT,0.3,0.3,"CMD,0.0,0.30",1.2,0.0,1.2,0.0,0,0.0612,3,WARN,53.66,-0.197,0,0,0,0,0,0.0,0,0,0,,,,,,0,,,,18381,168,0
1956,183.2128598690033,2026-03-05T17:40:27.472737,2.03,0.0,2.0,0.0,0.0,0.0,0.0,40.0,11.62,0.0,0.0,STRAIGHT,0.3,0.3,"CMD,0.0,0.30",1.2,0.0,1.2,0.0,0,0.0612,3,WARN,53.741,-0.225,0,0,0,0,0,0.0,0,0,0,,,,,,0,,,,18381,156,0
1957,183.3548607826233,2026-03-05T17:40:27.614738,86.01,0.0,2.99,0.0,1.02,0.0,0.0,129.0,11.26,0.0,0.0,STRAIGHT,0.3,0.3,"CMD,0.0,0.30",1.2,0.0,1.2,0.0,0,0.0856,4,WARN,53.81,-0.218,0,0,0,0,0,0.0,0,0,0,,,,,,0,,,,33491,144,6
1958,183.4108304977417,2026-03-05T17:40:27.670708,2.0,0.0,2.0,0.0,0.0,0.0,1.0,42.0,11.68,0.0,0.0,STRAIGHT,0.3,0.3,"CMD,0.0,0.30",1.2,0.0,1.2,0.0,0,0.0856,4,WARN,54.103,-0.198,0,0,0,0,0,0.0,0,0,0,,,,,,0,,,,6690,132,0
1959,183.46583318710327,2026-03-05T17:40:27.725711,2.0,0.0,3.01,0.0,0.0,0.0,0.0,42.01,11.69,0.0,0.0,STRAIGHT,0.3,0.3,"CMD,0.0,0.30",1.2,0.0,1.2,0.0,0,0.0856,4,WARN,54.304,-0.199,0,0,0,0,0,0.0,0,0,0,,,,,,0,,,,6690,108,0
1960,183.52086210250854,2026-03-05T17:40:27.780740,2.03,0.0,2.0,0.0,0.0,0.0,0.0,41.02,11.7,0.0,0.0,STRAIGHT,0.3,0.3,"CMD,0.0,0.30",1.2,0.0,1.2,0.0,0,0.0856,4,WARN,54.336,-0.19,0,0,0,0,0,0.0,0,0,0,,,,,,0,,,,6690,96,0
1961,183.6658661365509,2026-03-05T17:40:27.925744,84.03,0.0,4.0,1.0,0.0,0.0,1.04,131.03,11.29,0.0,0.0,STRAIGHT,0.3,0.3,"CMD,0.0,0.30",1.2,0.0,1.2,0.0,0,0.0615,5,WARN,54.615,-0.183,0,0,0,0,0,0.0,0,0,0,,,,,,0,,,,42977,84,0
1962,183.71786427497864,2026-03-05T17:40:27.977742,2.03,0.0,2.0,0.0,0.0,0.0,0.0,40.0,11.71,0.0,0.0,STRAIGHT,0.3,0.3,"CMD,0.0,0.30",1.2,0.0,1.2,0.0,0,0.0615,5,WARN,55.156,-0.186,0,0,0,0,0,0.0,0,0,0,,,,,,0,,,,111922,72,0
1963,183.77383136749268,2026-03-05T17:40:28.033709,2.04,0.0,1.97,0.0,0.0,0.0,0.0,41.98,11.71,0.0,0.0,STRAIGHT,0.3,0.3,"CMD,0.0,0.30",1.2,0.0,1.2,0.0,0,0.0615,5,WARN,55.783,-0.191,0,0,0,0,0,0.0,0,0,0,,,,,,0,,,,111922,48,0
1964,183.83483624458313,2026-03-05T17:40:28.094714,2.0,0.0,3.0,0.0,0.0,0.0,0.0,45.97,11.69,0.0,0.0,STRAIGHT,0.3,0.3,"CMD,0.0,0.30",1.2,0.0,1.2,0.0,0,0.0615,5,WARN,56.437,-0.191,0,0,0,0,0,0.0,0,0,0,,,,,,0,,,,111922,36,0
1965,183.97886443138123,2026-03-05T17:40:28.238742,85.02,0.0,4.02,1.0,0.0,0.0,0.0,129.0,11.29,0.0,0.0,STRAIGHT,0.3,0.2,"CMD,0.0,0.20",1.2,0.0,1.2,0.0,0,0.0991,6,LIMITED,57.199,-0.195,0,0,0,0,0,0.0,0,0,0,,,,,,0,,,,76776,24,0
1966,184.12083387374878,2026-03-05T17:40:28.380711,83.03,0.0,4.0,1.0,0.0,0.0,0.0,127.97,11.29,0.0,0.0,STRAIGHT,0.3,0.2,"CMD,0.0,0.20",1.2,0.0,1.2,0.0,0,0.3062,6,LIMITED,58.103,-0.205,0,0,0,0,0,0.0,0,0,0,,,,,,0,,,,147114,12,0
1967,184.2618670463562,2026-03-05T17:40:28.521745,83.03,0.0,4.0,0.96,0.0,0.0,1.02,127.0,10.93,0.0,0.0,STRAIGHT,0.3,0.3,"CMD,0.0,0.30",1.2,0.0,1.2,0.0,0,0.6562,5,NORMAL,59.008,-0.225,0,0,0,0,0,0.0,0,0,0,,,,,,0,,,,204706,0,0
1968,184.39886689186096,2026-03-05T17:40:28.658744,83.04,0.0,2.96,0.97,0.0,0.0,0.0,123.0,10.6,0.0,0.0,STRAIGHT,0.3,0.3,"CMD,0.0,0.30",1.2,0.0,1.2,0.0,0,0.8873,4,NORMAL,60.011,-0.239,0,0,0,0,0,0.0,0,0,0,,,,,,0,,,,220964,0,0
1969,184.45487213134766,2026-03-05T17:40:28.714750,2.0,0.0,2.01,0.0,0.0,0.0,0.0,40.0,10.6,0.0,0.0,STRAIGHT,0.3,0.3,"CMD,0.0,0.30",1.2,0.0,1.2,0.0,0,0.8873,4,NORMAL,60.161,-0.219,0,0,0,0,0,0.0,0,0,0,,,,,,0,,,,220964,0,0
1970,184.51283717155457,2026-03-05T17:40:28.772715,2.03,0.0,2.97,0.0,0.0,0.0,0.0,42.99,10.95,0.0,0.0,STRAIGHT,0.3,0.3,"CMD,0.0,0.30",1.2,0.0,1.2,0.0,0,0.8873,4,NORMAL,60.333,-0.22,0,0,0,0,0,0.0,0,0,0,,,,,,0,,,,220964,0,0
1971,184.56986904144287,2026-03-05T17:40:28.829746,1.0,0.0,3.0,0.0,0.0,0.0,0.0,41.03,11.32,0.0,0.0,STRAIGHT,0.3,0.3,"CMD,0.0,0.30",1.2,0.0,1.2,0.0,0,0.8873,4,NORMAL,61.003,-0.234,0,0,0,0,0,0.0,0,0,0,,,,,,0,,,,220964,0,0
1972,184.71384477615356,2026-03-05T17:40:28.973722,85.0,0.0,4.0,0.99,0.0,0.0,1.01,128.97,11.31,0.0,0.0,STRAIGHT,0.3,0.3,"CMD,0.0,0.30",1.2,0.0,1.2,0.0,0,0.5923,3,NORMAL,61.155,-0.231,0,0,0,0,0,0.0,0,0,0,,,,,,0,,,,373061,0,0
1973,184.8658742904663,2026-03-05T17:40:29.125752,91.01,0.0,6.02,1.0,0.0,0.0,0.0,135.96,11.28,0.0,0.0,STRAIGHT,0.3,0.3,"CMD,0.0,0.30",1.2,0.0,1.2,0.0,0,0.9734,2,NORMAL,61.258,-0.234,0,0,0,0,0,0.0,0,0,0,,,,,,0,,,,379404,0,0
1974,185.0108766555786,2026-03-05T17:40:29.270754,84.04,0.0,5.0,0.0,1.04,0.0,0.0,127.99,10.89,0.0,0.0,STRAIGHT,0.3,0.3,"CMD,0.0,0.30",1.2,0.0,1.2,0.0,0,0.9567,1,NORMAL,61.536,-0.238,0,0,0,0,0,0.0,0,0,0,,,,,,0,,,,388180,0,0
1975,185.15287590026855,2026-03-05T17:40:29.412753,83.02,0.0,3.97,0.97,0.0,0.0,0.0,125.0,10.55,0.0,0.0,STRAIGHT,0.3,0.3,"CMD,0.0,0.30",1.2,0.0,1.2,0.0,0,0.9702,0,NORMAL,61.348,-0.222,0,0,0,0,0,0.0,0,0,0,,,,,,0,,,,379683,0,0
1976,185.20784449577332,2026-03-05T17:40:29.467722,1.03,0.0,2.97,0.0,0.0,0.0,0.0,39.0,10.55,0.0,0.0,STRAIGHT,0.3,0.3,"CMD,0.0,0.30",1.2,0.0,1.2,0.0,0,0.9702,0,NORMAL,61.016,-0.216,0,0,0,0,0,0.0,0,0,0,,,,,,0,,,,379769,0,0
1977,185.2638454437256,2026-03-05T17:40:29.523723,1.01,0.0,2.97,0.0,0.0,0.0,0.0,40.0,10.9,0.0,0.0,STRAIGHT,0.3,0.3,"CMD,0.0,0.30",1.2,0.0,1.2,0.0,0,0.9702,0,NORMAL,61.48,-0.24,0,0,0,0,0,0.0,0,0,0,,,,,,0,,,,379769,0,0
1978,185.3198754787445,2026-03-05T17:40:29.579753,2.03,0.0,1.97,0.0,0.0,0.0,0.0,39.0,11.28,0.0,0.0,STRAIGHT,0.3,0.3,"CMD,0.0,0.30",1.2,0.0,1.2,0.0,0,0.9702,0,NORMAL,62.196,-0.26,0,0,0,0,0,0.0,0,0,0,,,,,,0,,,,379769,0,0
1979,185.46384644508362,2026-03-05T17:40:29.723724,84.0,0.0,5.03,0.0,0.0,0.0,0.0,127.97,10.91,0.0,0.0,STRAIGHT,0.3,0.3,"CMD,0.0,0.30",1.2,0.0,1.2,0.0,0,0.925,0,NORMAL,62.967,-0.273,0,0,0,0,0,0.0,0,0,0,,,,,,0,,,,384710,0,0
1980,185.60984468460083,2026-03-05T17:40:29.869722,85.01,0.0,4.99,1.0,0.0,0.0,0.0,128.96,10.54,0.0,0.0,STRAIGHT,0.3,0.3,"CMD,0.0,0.30",1.2,0.0,1.2,0.0,0,0.9164,0,NORMAL,63.788,-0.281,0,0,0,0,0,0.0,4,1,0,,,,,,0,,,,352560,605,78
1981,185.75784754753113,2026-03-05T17:40:30.017725,85.04,0.0,5.0,1.97,0.0,0.0,1.0,130.97,10.19,0.0,0.0,STRAIGHT,0.3,0.3,"CMD,0.0,0.30",1.2,0.0,1.2,0.0,0,0.954,0,NORMAL,64.535,-0.293,0,0,0,0,0,0.0,4,1,0,,,,,,0,,,,369339,742,94
1982,185.91186332702637,2026-03-05T17:40:30.171741,92.03,0.0,6.01,1.0,0.0,0.0,0.0,137.01,10.15,0.0,0.0,STRAIGHT,0.3,0.3,"CMD,0.0,0.30",1.2,0.0,1.2,0.0,0,0.9581,0,NORMAL,65.695,-0.321,0,0,0,0,0,0.0,4,1,0,,,,,,0,,,,357259,1011,128
1983,185.97288179397583,2026-03-05T17:40:30.232759,2.03,0.0,1.97,0.0,0.0,0.0,0.0,41.96,10.12,0.0,0.0,STRAIGHT,0.3,0.3,"CMD,0.0,0.30",1.2,0.0,1.2,0.0,0,0.9581,0,NORMAL,67.175,-0.355,0,0,0,0,0,0.0,0,0,0,,,,,,0,,,,357259,912,0
1984,186.03089451789856,2026-03-05T17:40:30.290772,2.04,0.0,2.02,0.0,0.0,0.0,0.0,41.02,10.1,0.0,0.0,STRAIGHT,0.3,0.3,"CMD,0.0,0.30",1.2,0.0,1.2,0.0,0,0.9581,0,NORMAL,68.591,-0.381,0,0,0,0,0,0.0,0,0,0,,,,,,0,,,,357259,714,0
1985,186.0858817100525,2026-03-05T17:40:30.345759,2.04,0.0,2.0,0.0,0.0,0.0,0.0,39.0,10.09,0.0,0.0,STRAIGHT,0.3,0.3,"CMD,0.0,0.30",1.2,0.0,1.2,0.0,0,0.9581,0,NORMAL,69.17,-0.376,0,0,0,0,0,0.0,0,0,0,,,,,,0,,,,357259,618,0
1986,186.23088431358337,2026-03-05T17:40:30.490762,84.03,0.0,5.0,0.97,1.04,0.0,0.0,128.0,10.08,0.0,0.0,STRAIGHT,0.3,0.3,"CMD,0.0,0.30",1.2,0.0,1.2,0.0,0,0.7136,0,NORMAL,69.51,-0.387,0,0,0,0,0,0.0,0,0,0,,,,,,0,,,,264559,590,64
1987,186.37388396263123,2026-03-05T17:40:30.633761,83.05,0.0,4.98,1.0,0.0,0.0,0.0,127.0,9.79,0.0,0.0,STRAIGHT,0.3,0.3,"CMD,0.0,0.30",1.2,0.0,1.2,0.0,0,0.7594,0,NORMAL,69.924,-0.384,0,0,0,0,0,0.0,4,1,0,,,,,,0,,,,348383,688,84
1988,186.42988395690918,2026-03-05T17:40:30.689761,2.04,0.0,2.0,0.0,0.0,0.0,0.0,39.03,9.78,0.0,0.0,STRAIGHT,0.3,0.3,"CMD,0.0,0.30",1.2,0.0,1.2,0.0,0,0.7594,0,NORMAL,70.491,-0.397,0,0,0,0,0,0.0,0,0,0,,,,,,0,,,,348383,616,0
1989,186.487854719162,2026-03-05T17:40:30.747732,1.03,0.0,1.97,0.0,0.0,0.0,1.0,40.0,9.77,0.0,0.0,STRAIGHT,0.3,0.3,"CMD,0.0,0.30",1.2,0.0,1.2,0.0,0,0.7594,0,NORMAL,69.922,-0.412,0,0,0,0,0,0.0,0,0,0,,,,,,0,,,,348383,472,0
1990,186.542884349823,2026-03-05T17:40:30.802762,2.03,0.0,2.0,0.0,0.0,0.0,0.0,39.03,10.08,0.0,0.0,STRAIGHT,0.3,0.3,"CMD,0.0,0.30",1.2,0.0,1.2,0.0,0,0.7594,0,NORMAL,69.992,-0.407,0,0,0,0,0,0.0,0,0,0,,,,,,0,,,,348383,402,0
1991,186.68785643577576,2026-03-05T17:40:30.947734,84.04,0.0,3.97,2.0,0.0,0.0,0.0,126.97,9.77,0.0,0.0,STRAIGHT,0.3,0.3,"CMD,0.0,0.30",1.2,0.0,1.2,0.0,0,0.8398,0,NORMAL,69.77,-0.401,0,0,0,0,0,0.0,0,0,0,,,,,,0,,,,397736,587,64
1992,186.82985401153564,2026-03-05T17:40:31.089731,83.04,0.0,4.0,0.97,0.0,0.0,0.0,126.0,9.49,0.0,0.0,STRAIGHT,0.3,0.3,"CMD,0.0,0.30",1.2,0.0,1.2,0.0,0,0.9746,0,NORMAL,69.078,-0.374,0,0,0,0,0,0.0,0,0,0,,,,,,0,,,,400552,533,46
1993,186.98288917541504,2026-03-05T17:40:31.242767,90.03,0.0,5.0,0.0,1.03,0.0,0.0,135.0,9.21,0.0,0.0,STRAIGHT,0.3,0.3,"CMD,0.0,0.30",1.2,0.0,1.2,0.0,0,0.9718,0,NORMAL,68.479,-0.357,0,0,0,0,0,0.0,0,0,0,,,,,,0,,,,406647,503,27
1994,187.04685640335083,2026-03-05T17:40:31.306734,2.0,0.0,2.04,0.0,0.0,0.0,0.96,44.0,9.45,0.0,0.0,STRAIGHT,0.3,0.3,"CMD,0.0,0.30",1.2,0.0,1.2,0.0,0,0.9718,0,NORMAL,67.553,-0.351,0,0,0,0,0,0.0,0,0,0,,,,,,0,,,,406647,387,0
1995,187.10489082336426,2026-03-05T17:40:31.364768,2.03,0.0,1.97,0.0,0.0,0.0,0.0,40.03,9.72,0.0,0.0,STRAIGHT,0.3,0.3,"CMD,0.0,0.30",1.2,0.0,1.2,0.0,0,0.9718,0,NORMAL,66.848,-0.358,0,0,0,0,0,0.0,0,0,0,,,,,,0,,,,406647,329,0
1996,187.1598892211914,2026-03-05T17:40:31.419767,2.04,0.0,2.0,0.0,0.0,0.0,0.0,39.0,10.01,0.0,0.0,STRAIGHT,0.3,0.3,"CMD,0.0,0.30",1.2,0.0,1.2,0.0,0,0.9718,0,NORMAL,65.995,-0.36,0,0,0,0,0,0.0,0,0,0,,,,,,0,,,,406647,225,0
1997,187.30289268493652,2026-03-05T17:40:31.562770,82.04,0.0,5.0,1.0,0.0,0.0,0.0,126.0,9.99,0.0,0.0,STRAIGHT,0.3,0.3,"CMD,0.0,0.30",1.2,0.0,1.2,0.0,0,0.9209,0,NORMAL,65.351,-0.355,0,0,0,0,0,0.0,0,0,0,,,,,,0,,,,397057,286,27
1998,187.4458601474762,2026-03-05T17:40:31.705738,83.0,0.0,3.97,0.97,0.0,0.0,0.0,125.97,9.7,0.0,0.0,STRAIGHT,0.3,0.3,"CMD,0.0,0.30",1.2,0.0,1.2,0.0,0,0.9677,0,NORMAL,64.391,-0.353,0,0,0,0,0,0.0,0,0,0,,,,,,0,,,,395605,265,27
1999,187.58789443969727,2026-03-05T17:40:31.847772,82.03,0.0,5.0,1.0,0.0,0.0,0.0,125.0,9.43,0.0,0.0,STRAIGHT,0.3,0.3,"CMD,0.0,0.30",1.2,0.0,1.2,0.0,0,0.9346,0,NORMAL,63.047,-0.347,0,0,0,0,0,0.0,0,0,0,,,,,,0,,,,423303,354,27
2000,187.64489555358887,2026-03-05T17:40:31.904773,1.0,0.0,3.0,0.0,0.0,0.0,0.0,40.0,9.43,0.0,0.0,STRAIGHT,0.3,0.3,"CMD,0.0,0.30",1.2,0.0,1.2,0.0,0,0.9346,0,NORMAL,61.781,-0.36,0,0,0,0,0,0.0,0,0,0,,,,,,0,,,,423303,268,0
2001,187.70086216926575,2026-03-05T17:40:31.960740,2.04,0.0,1.97,0.0,0.0,0.0,0.0,38.96,9.71,0.0,0.0,STRAIGHT,0.3,0.3,"CMD,0.0,0.30",1.2,0.0,1.2,0.0,0,0.9346,0,NORMAL,60.371,-0.367,0,0,0,0,0,0.0,0,0,0,,,,,,0,,,,423303,225,0
2002,187.7578980922699,2026-03-05T17:40:32.017776,1.03,0.0,3.0,0.0,0.0,0.0,0.0,40.0,10.02,0.0,0.0,STRAIGHT,0.3,0.3,"CMD,0.0,0.30",1.2,0.0,1.2,0.0,0,0.9346,0,NORMAL,58.517,-0.38,0,0,0,0,0,0.0,0,0,0,,,,,,0,,,,423303,159,0
2003,187.90189838409424,2026-03-05T17:40:32.161776,84.04,0.0,4.99,1.0,0.0,0.0,0.0,125.97,10.03,0.0,0.0,STRAIGHT,0.3,0.3,"CMD,0.0,0.30",1.2,0.0,1.2,0.0,0,0.8845,0,NORMAL,57.953,-0.396,0,0,0,0,0,0.0,0,0,0,,,,,,0,,,,465530,137,6
2004,187.9588975906372,2026-03-05T17:40:32.218775,1.0,0.0,3.0,0.0,0.0,0.0,0.0,39.0,10.33,0.0,0.0,STRAIGHT,0.3,0.3,"CMD,0.0,0.30",1.2,0.0,1.2,0.0,0,0.8845,0,NORMAL,56.779,-0.382,0,0,0,0,0,0.0,0,0,0,,,,,,0,,,,465639,108,0
2005,188.02389907836914,2026-03-05T17:40:32.283776,2.03,0.0,3.0,0.0,0.0,0.0,0.0,46.0,10.3,0.0,0.0,STRAIGHT,0.3,0.3,"CMD,0.0,0.30",1.2,0.0,1.2,0.0,0,0.8845,0,NORMAL,55.762,-0.384,0,0,0,0,0,0.0,0,0,0,,,,,,0,,,,465639,96,0
2006,188.08189821243286,2026-03-05T17:40:32.341776,1.0,0.0,1.97,0.0,0.0,0.0,0.0,41.0,10.29,0.0,0.0,STRAIGHT,0.3,0.3,"CMD,0.0,0.30",1.2,0.0,1.2,0.0,0,0.8845,0,NORMAL,54.569,-0.417,0,0,0,0,0,0.0,0,0,0,,,,,,0,,,,465639,72,0
2007,188.22490048408508,2026-03-05T17:40:32.484778,83.03,0.0,2.97,0.97,0.0,0.0,0.0,127.0,9.98,0.0,0.0,STRAIGHT,0.3,0.3,"CMD,0.0,0.30",1.2,0.0,1.2,0.0,0,0.8431,0,NORMAL,53.693,-0.43,0,0,0,0,0,0.0,0,0,0,,,,,,0,,,,431916,60,0
2008,188.36786794662476,2026-03-05T17:40:32.627745,83.01,0.0,4.0,1.0,0.0,0.0,0.0,125.97,9.99,0.0,0.0,STRAIGHT,0.3,0.3,"CMD,0.0,0.30",1.2,0.0,1.2,0.0,0,0.9416,0,NORMAL,52.936,-0.407,0,0,0,0,0,0.0,0,0,0,,,,,,0,,,,453188,48,0
2009,188.5128722190857,2026-03-05T17:40:32.772750,84.04,0.0,4.96,1.0,0.0,0.0,0.0,126.97,9.99,0.0,0.0,STRAIGHT,0.3,0.3,"CMD,0.0,0.30",1.2,0.0,1.2,0.0,0,0.9698,0,NORMAL,52.251,-0.411,0,0,0,0,0,0.0,0,0,0,,,,,,0,,,,439520,12,0
2010,188.65887117385864,2026-03-05T17:40:32.918749,84.03,0.0,4.0,0.0,1.0,0.0,0.0,128.0,10.0,0.0,0.0,STRAIGHT,0.3,0.3,"CMD,0.0,0.30",1.2,0.0,1.2,0.0,0,0.9848,0,NORMAL,51.315,-0.433,0,0,0,0,0,0.0,0,0,0,,,,,,0,,,,433583,0,0
2011,188.71587204933167,2026-03-05T17:40:32.975749,2.0,0.0,2.0,0.0,0.0,0.0,0.0,40.97,10.34,0.0,0.0,STRAIGHT,0.3,0.3,"CMD,0.0,0.30",1.2,0.0,1.2,0.0,0,0.9848,0,NORMAL,50.518,-0.447,0,0,0,0,0,0.0,0,0,0,,,,,,0,,,,433583,0,0
2012,188.7738757133484,2026-03-05T17:40:33.033753,2.0,0.0,2.0,0.0,0.0,0.0,0.0,40.0,10.35,0.0,0.0,STRAIGHT,0.3,0.3,"CMD,0.0,0.30",1.2,0.0,1.2,0.0,0,0.9848,0,NORMAL,50.13,-0.45,0,0,0,0,0,0.0,0,0,0,,,,,,0,,,,433583,0,0
2013,188.83187532424927,2026-03-05T17:40:33.091753,2.0,0.0,2.0,0.0,0.0,0.0,0.0,41.0,10.35,0.0,0.0,STRAIGHT,0.3,0.3,"CMD,0.0,0.30",1.2,0.0,1.2,0.0,0,0.9848,0,NORMAL,50.0,-0.461,0,0,0,0,0,0.0,0,0,0,,,,,,0,,,,433583,0,0
2014,188.97887301445007,2026-03-05T17:40:33.238751,82.82,0.0,4.0,1.0,0.0,0.0,0.0,129.0,10.02,0.0,0.0,STRAIGHT,0.3,0.3,"CMD,0.0,0.30",1.2,0.0,1.2,0.0,0,0.9657,0,NORMAL,50.138,-0.501,0,0,0,0,0,0.0,0,0,0,,,,,,0,,,,426254,0,0
2015,189.1249315738678,2026-03-05T17:40:33.384809,86.0,0.0,5.0,0.0,0.0,0.0,0.0,129.06,10.02,0.0,0.0,STRAIGHT,0.3,0.3,"CMD,0.0,0.30",1.2,0.0,1.2,0.0,0,0.9705,0,NORMAL,50.498,-0.529,0,0,0,0,0,0.0,0,0,0,,,,,,0,,,,437135,0,0
2016,189.26893615722656,2026-03-05T17:40:33.528814,82.04,0.0,3.97,0.97,0.0,0.0,0.0,127.01,10.02,0.0,0.0,STRAIGHT,0.3,0.3,"CMD,0.0,0.30",1.2,0.0,1.2,0.0,0,0.9924,0,NORMAL,51.149,-0.527,0,0,0,0,0,0.0,0,0,0,,,,,,0,,,,437233,0,0
2017,189.32594084739685,2026-03-05T17:40:33.585819,2.0,0.0,2.0,0.0,0.0,0.0,0.0,39.0,10.01,0.0,0.0,STRAIGHT,0.3,0.3,"CMD,0.0,0.30",1.2,0.0,1.2,0.0,0,0.9924,0,NORMAL,51.913,-0.543,0,0,0,0,0,0.0,0,0,0,,,,,,0,,,,437233,0,0
2018,189.38293981552124,2026-03-05T17:40:33.642817,2.0,0.0,2.0,0.0,0.0,0.0,1.0,40.0,10.02,0.0,0.0,STRAIGHT,0.3,0.3,"CMD,0.0,0.30",1.2,0.0,1.2,0.0,0,0.9924,0,NORMAL,53.599,-0.568,0,0,0,0,0,0.0,0,0,0,,,,,,0,,,,437233,0,0
2019,189.43794870376587,2026-03-05T17:40:33.697826,2.01,0.0,2.0,0.0,0.0,0.0,0.0,39.01,10.02,0.0,0.0,STRAIGHT,0.3,0.3,"CMD,0.0,0.30",1.2,0.0,1.2,0.0,0,0.9924,0,NORMAL,55.691,-0.586,0,0,0,0,0,0.0,0,0,0,,,,,,0,,,,437233,0,0
2020,189.58097386360168,2026-03-05T17:40:33.840851,82.03,0.0,4.0,0.96,0.0,0.0,0.0,125.99,10.02,0.0,0.0,STRAIGHT,0.3,0.3,"CMD,0.0,0.30",1.2,0.0,1.2,0.0,0,0.7024,0,NORMAL,58.084,-0.584,0,0,0,0,0,0.0,0,0,0,,,,,,0,,,,307129,0,0
2021,189.7199409008026,2026-03-05T17:40:33.979818,83.03,0.0,4.0,0.0,1.0,0.0,0.0,123.96,10.03,0.0,0.0,STRAIGHT,0.3,0.3,"CMD,0.0,0.30",1.2,0.0,1.2,0.0,0,0.288,0,WARN,60.327,-0.574,0,0,0,0,0,0.0,0,0,0,,,,,,0,,,,307129,0,0
2022,189.86001777648926,2026-03-05T17:40:34.119895,83.07,0.0,4.01,0.0,1.03,0.0,0.0,125.04,10.08,0.0,0.0,STRAIGHT,0.3,0.3,"CMD,0.0,0.30",1.2,0.0,1.2,0.0,0,0.4511,0,NORMAL,63.479,-0.563,0,0,0,0,0,0.0,0,0,0,,,,,,0,,,,307145,0,0
2023,190.0010416507721,2026-03-05T17:40:34.260919,82.01,0.0,4.0,0.0,1.0,0.0,0.0,125.02,9.82,0.0,0.0,STRAIGHT,0.3,0.3,"CMD,0.0,0.30",1.2,0.0,1.2,0.0,0,0.6669,0,NORMAL,67.103,-0.563,0,0,0,0,0,0.0,0,0,0,,,,,,0,,,,205621,0,0
2024,190.05904364585876,2026-03-05T17:40:34.318921,0.99,0.0,3.0,0.0,0.0,0.0,0.0,42.0,9.82,0.0,0.0,STRAIGHT,0.3,0.3,"CMD,0.0,0.30",1.2,0.0,1.2,0.0,0,0.6669,0,NORMAL,70.711,-0.561,0,0,0,0,0,0.0,0,0,0,,,,,,0,,,,205621,0,0
2025,190.11405324935913,2026-03-05T17:40:34.373931,2.0,0.0,2.0,0.0,0.0,0.0,0.0,41.01,9.82,0.0,0.0,STRAIGHT,0.3,0.3,"CMD,0.0,0.30",1.2,0.0,1.2,0.0,0,0.6669,0,NORMAL,70.711,-0.54,0,0,0,0,0,0.0,0,0,0,,,,,,0,,,,205621,0,0
2026,190.168053150177,2026-03-05T17:40:34.427931,1.0,0.0,3.0,0.0,0.0,0.0,0.0,40.0,10.12,0.0,0.0,STRAIGHT,0.3,0.3,"CMD,0.0,0.30",1.2,0.0,1.2,0.0,0,0.6669,0,NORMAL,70.711,-0.509,0,0,0,0,0,0.0,0,0,0,,,,,,0,,,,205621,0,0
2027,190.30806827545166,2026-03-05T17:40:34.567946,83.03,0.0,2.99,0.99,0.0,0.0,0.0,126.02,10.13,0.0,0.0,STRAIGHT,0.3,0.3,"CMD,0.0,0.30",1.2,0.0,1.2,0.0,0,0.5723,0,NORMAL,70.711,-0.498,0,0,0,0,0,0.0,0,0,0,,,,,,0,,,,347214,0,0
2028,190.45006942749023,2026-03-05T17:40:34.709947,82.96,0.0,3.0,1.0,0.0,0.0,0.0,126.0,10.13,0.0,0.0,STRAIGHT,0.3,0.3,"CMD,0.0,0.30",1.2,0.0,1.2,0.0,0,0.9591,0,NORMAL,70.711,-0.512,0,0,0,0,0,0.0,0,0,0,,,,,,0,,,,348552,0,0
2029,190.5910840034485,2026-03-05T17:40:34.850962,83.05,0.0,2.97,1.0,0.0,0.0,0.0,125.02,9.84,0.0,0.0,STRAIGHT,0.3,0.3,"CMD,0.0,0.30",1.2,0.0,1.2,0.0,0,0.8702,0,NORMAL,70.711,-0.502,0,0,0,0,0,0.0,0,0,0,,,,,,0,,,,307866,0,0
2030,190.73009061813354,2026-03-05T17:40:34.989968,82.01,0.0,4.0,1.0,0.0,0.0,0.0,124.01,9.57,0.0,0.0,STRAIGHT,0.3,0.3,"CMD,0.0,0.30",1.2,0.0,1.2,0.0,0,0.9545,0,NORMAL,70.711,-0.518,0,0,0,0,0,0.0,0,0,0,,,,,,0,,,,301217,0,0
2031,190.78520131111145,2026-03-05T17:40:35.045079,2.01,0.0,2.1,0.0,0.0,0.0,0.0,39.11,9.58,0.0,0.0,STRAIGHT,0.3,0.3,"CMD,0.0,0.30",1.2,0.0,1.2,0.0,0,0.9545,0,NORMAL,70.711,-0.549,0,0,0,0,0,0.0,0,0,0,,,,,,0,,,,301217,0,0
2032,190.84112334251404,2026-03-05T17:40:35.101001,0.96,0.0,3.0,0.0,0.0,0.0,0.0,40.99,9.86,0.0,0.0,STRAIGHT,0.3,0.3,"CMD,0.0,0.30",1.2,0.0,1.2,0.0,0,0.9545,0,NORMAL,70.711,-0.598,0,0,0,0,0,0.0,0,0,0,,,,,,0,,,,301217,0,0
2033,190.89913201332092,2026-03-05T17:40:35.159010,2.0,0.0,3.0,0.0,0.0,0.0,0.0,42.01,9.86,0.0,0.0,STRAIGHT,0.3,0.3,"CMD,0.0,0.30",1.2,0.0,1.2,0.0,0,0.9545,0,NORMAL,70.711,-0.656,0,0,0,0,0,0.0,0,0,0,,,,,,0,,,,301217,0,0
2034,191.0401418209076,2026-03-05T17:40:35.300019,83.01,0.0,4.0,1.0,0.0,0.0,0.0,125.01,9.61,0.0,0.0,STRAIGHT,0.3,0.3,"CMD,0.0,0.30",1.2,0.0,1.2,0.0,0,0.4047,0,NORMAL,70.711,-0.66,0,0,0,0,0,0.0,0,0,0,,,,,,0,,,,305658,0,0
2035,191.18719244003296,2026-03-05T17:40:35.447070,82.04,0.0,4.0,0.93,0.0,0.0,0.0,129.05,9.34,0.0,0.0,STRAIGHT,0.3,0.3,"CMD,0.0,0.30",1.2,0.0,1.2,0.0,0,0.1761,1,WARN,70.711,-0.658,0,0,0,0,0,0.0,0,0,0,,,,,,0,,,,301650,0,0
2036,191.32919096946716,2026-03-05T17:40:35.589068,83.0,0.0,4.0,1.0,0.0,0.0,0.0,127.0,9.34,0.0,0.0,STRAIGHT,0.3,0.3,"CMD,0.0,0.30",1.2,0.0,1.2,0.0,0,0.0667,2,WARN,70.711,-0.683,0,0,0,0,0,0.0,0,0,0,,,,,,0,,,,299466,0,0
2037,191.47119450569153,2026-03-05T17:40:35.731072,81.97,0.0,3.0,1.0,0.0,0.0,0.0,125.0,9.34,0.0,0.0,STRAIGHT,0.3,0.3,"CMD,0.0,0.30",1.2,0.0,1.2,0.0,0,0.2556,2,WARN,70.711,-0.705,0,0,0,0,0,0.0,0,0,0,,,,,,0,,,,133372,0,0
2038,191.52519488334656,2026-03-05T17:40:35.785073,2.0,0.0,2.0,0.0,0.0,0.0,1.0,40.0,9.62,0.0,0.0,STRAIGHT,0.3,0.3,"CMD,0.0,0.30",1.2,0.0,1.2,0.0,0,0.2556,2,WARN,70.711,-0.751,0,0,0,0,0,0.0,0,0,0,,,,,,0,,,,34714,0,0
2039,191.57719540596008,2026-03-05T17:40:35.837073,1.0,0.0,3.0,0.0,0.0,0.0,0.0,39.65,9.94,0.0,0.0,STRAIGHT,0.3,0.3,"CMD,0.0,0.30",1.2,0.0,1.2,0.0,0,0.2556,2,WARN,70.711,-0.819,0,0,0,0,0,0.0,0,0,0,,,,,,0,,,,34714,0,0
2040,191.62919759750366,2026-03-05T17:40:35.889075,2.0,0.0,2.0,0.0,0.0,0.0,0.0,39.0,9.95,0.0,0.0,STRAIGHT,0.3,0.3,"CMD,0.0,0.30",1.2,0.0,1.2,0.0,0,0.2556,2,WARN,70.711,-0.827,0,0,0,0,0,0.0,0,0,0,,,,,,0,,,,34714,0,0
2041,191.76823091506958,2026-03-05T17:40:36.028108,82.03,0.0,3.97,0.97,0.0,0.0,1.04,126.04,9.68,0.0,0.0,STRAIGHT,0.3,0.3,"CMD,0.0,0.30",1.2,0.0,1.2,0.0,0,0.28,2,WARN,70.711,-0.91,0,0,0,0,0,0.0,0,0,0,,,,,,0,,,,41660,0,0
2042,191.90419793128967,2026-03-05T17:40:36.164075,82.0,0.0,4.0,1.0,0.0,0.0,0.0,123.96,9.44,0.0,0.0,STRAIGHT,0.3,0.3,"CMD,0.0,0.30",1.2,0.0,1.2,0.0,0,0.5412,1,NORMAL,70.711,-0.94,0,0,0,0,0,0.0,0,0,0,,,,,,0,,,,52015,0,0
2043,192.04020047187805,2026-03-05T17:40:36.300078,81.99,0.0,4.0,0.0,0.0,0.0,0.0,124.0,9.47,0.0,0.0,STRAIGHT,0.3,0.3,"CMD,0.0,0.30",1.2,0.0,1.2,0.0,0,0.2288,1,WARN,70.711,-0.887,0,0,0,0,0,0.0,0,0,0,,,,,,0,,,,52330,0,0
2044,192.18219995498657,2026-03-05T17:40:36.442078,85.99,0.0,4.0,1.0,0.0,0.0,0.0,129.0,9.49,0.0,0.0,STRAIGHT,0.3,0.3,"CMD,0.0,0.30",1.2,0.0,1.2,0.0,0,0.4181,0,NORMAL,70.711,-0.941,0,0,0,0,0,0.0,0,0,0,,,,,,0,,,,41102,0,0
2045,192.23920130729675,2026-03-05T17:40:36.499079,2.0,0.0,2.01,0.0,0.0,0.0,0.99,44.0,9.76,0.0,0.0,STRAIGHT,0.3,0.3,"CMD,0.0,0.30",1.2,0.0,1.2,0.0,0,0.4181,0,NORMAL,70.711,-1.014,0,0,0,0,0,0.0,0,0,0,,,,,,0,,,,45220,0,0
2046,192.29620218276978,2026-03-05T17:40:36.556080,3.0,0.0,2.0,0.0,0.0,0.0,0.0,43.0,9.77,0.0,0.0,STRAIGHT,0.3,0.3,"CMD,0.0,0.30",1.2,0.0,1.2,0.0,0,0.4181,0,NORMAL,70.711,-1.062,0,0,0,0,0,0.0,0,0,0,,,,,,0,,,,45220,0,0
2047,192.3511986732483,2026-03-05T17:40:36.611076,2.0,0.0,2.0,0.0,0.0,0.0,0.0,41.0,9.77,0.0,0.0,STRAIGHT,0.3,0.3,"CMD,0.0,0.30",1.2,0.0,1.2,0.0,0,0.4181,0,NORMAL,70.711,-1.082,0,0,0,0,0,0.0,0,0,0,,,,,,0,,,,45220,0,0
2048,192.49120330810547,2026-03-05T17:40:36.751081,83.0,0.0,4.0,0.0,0.0,0.0,0.0,126.0,9.5,0.0,0.0,STRAIGHT,0.3,0.3,"CMD,0.0,0.30",1.2,0.0,1.2,0.0,0,0.1573,1,WARN,70.711,-1.097,0,0,0,0,0,0.0,0,0,0,,,,,,0,,,,40251,0,0
2049,192.62820076942444,2026-03-05T17:40:36.888078,82.03,0.0,3.97,1.0,0.0,0.0,0.0,124.0,9.51,0.0,0.0,STRAIGHT,0.3,0.3,"CMD,0.0,0.30",1.2,0.0,1.2,0.0,0,0.1286,2,WARN,70.711,-1.143,0,0,0,0,0,0.0,0,0,0,,,,,,0,,,,43876,0,0
2050,192.76620411872864,2026-03-05T17:40:37.026082,82.0,0.0,4.0,0.0,1.0,0.0,0.0,125.0,9.52,0.0,0.0,STRAIGHT,0.3,0.3,"CMD,0.0,0.30",1.2,0.0,1.2,0.0,0,0.0485,3,WARN,70.711,-1.327,0,0,0,0,0,0.0,0,0,0,,,,,,0,,,,35354,0,0
2051,192.81920504570007,2026-03-05T17:40:37.079082,2.0,0.0,2.0,0.0,0.0,0.0,0.0,40.0,9.8,0.0,0.0,STRAIGHT,0.3,0.3,"CMD,0.0,0.30",1.2,0.0,1.2,0.0,0,0.0485,3,WARN,70.711,-1.336,0,0,0,0,0,0.0,0,0,0,,,,,,0,,,,95558,0,0
2052,192.8752086162567,2026-03-05T17:40:37.135086,1.0,0.0,3.0,0.0,0.0,0.0,0.0,42.0,10.09,0.0,0.0,STRAIGHT,0.3,0.3,"CMD,0.0,0.30",1.2,0.0,1.2,0.0,0,0.0485,3,WARN,70.711,-1.533,0,0,0,0,0,0.0,0,0,0,,,,,,0,,,,95558,0,0
2053,192.93120574951172,2026-03-05T17:40:37.191083,2.0,0.0,3.0,0.0,0.0,0.0,0.0,41.0,10.09,0.0,0.0,STRAIGHT,0.3,0.3,"CMD,0.0,0.30",1.2,0.0,1.2,0.0,0,0.0485,3,WARN,70.711,-1.657,0,0,0,0,0,0.0,0,0,0,,,,,,0,,,,95558,0,0
2054,193.07020902633667,2026-03-05T17:40:37.330087,82.0,0.0,4.0,0.0,0.0,0.0,0.0,126.0,9.81,0.0,0.0,STRAIGHT,0.3,0.3,"CMD,0.0,0.30",1.2,0.0,1.2,0.0,0,0.03,4,WARN,70.711,-1.402,0,0,0,0,0,0.0,0,0,0,,,,,,0,,,,35081,0,0
2055,193.2172086238861,2026-03-05T17:40:37.477086,86.0,0.0,5.0,0.0,1.01,0.0,0.0,133.01,9.51,0.0,0.0,STRAIGHT,0.3,0.3,"CMD,0.0,0.30",1.2,0.0,1.2,0.0,0,0.152,5,WARN,70.711,-1.274,0,0,0,0,0,0.0,0,0,0,,,,,,0,,,,45876,0,0
2056,193.3622341156006,2026-03-05T17:40:37.622112,84.03,0.0,4.0,0.97,0.0,0.0,0.0,130.03,9.5,0.0,0.0,STRAIGHT,0.3,0.2,"CMD,0.0,0.20",1.2,0.0,1.2,0.0,0,0.1256,6,LIMITED,70.711,-1.089,0,0,0,0,0,0.0,0,0,0,,,,,,0,,,,39811,0,0
2057,193.50021171569824,2026-03-05T17:40:37.760089,83.0,0.0,4.0,1.0,0.0,0.0,0.0,124.97,9.51,0.0,0.0,STRAIGHT,0.3,0.2,"CMD,0.0,0.20",1.2,0.0,1.2,0.0,0,0.1621,7,LIMITED,70.711,-0.834,0,0,0,0,0,0.0,0,0,0,,,,,,0,,,,68873,0,0
2058,193.55423641204834,2026-03-05T17:40:37.814114,2.03,0.0,2.0,0.0,0.0,0.0,0.0,41.03,9.79,0.0,0.0,STRAIGHT,0.3,0.2,"CMD,0.0,0.20",1.2,0.0,1.2,0.0,0,0.1621,7,LIMITED,70.711,-0.731,0,0,0,0,0,0.0,0,0,0,,,,,,0,,,,170495,0,0
2059,193.61021447181702,2026-03-05T17:40:37.870092,2.0,0.0,2.0,0.0,0.0,0.0,0.0,40.96,10.07,0.0,0.0,STRAIGHT,0.3,0.2,"CMD,0.0,0.20",1.2,0.0,1.2,0.0,0,0.1621,7,LIMITED,70.711,-0.474,0,0,0,0,0,0.0,0,0,0,,,,,,0,,,,170495,0,0
2060,193.66621232032776,2026-03-05T17:40:37.926090,2.0,0.0,2.01,0.0,0.0,0.0,0.99,42.0,10.07,0.0,0.0,STRAIGHT,0.3,0.2,"CMD,0.0,0.20",1.2,0.0,1.2,0.0,0,0.1621,7,LIMITED,70.711,-0.367,0,0,0,0,0,0.0,0,0,0,,,,,,0,,,,170495,0,0
2061,193.80921077728271,2026-03-05T17:40:38.069088,84.0,0.0,4.0,1.0,0.0,0.0,0.0,129.0,9.77,0.0,0.0,STRAIGHT,0.3,0.2,"CMD,0.0,0.20",1.2,0.0,1.2,0.0,0,0.2784,7,LIMITED,67.604,-0.178,0,0,0,0,0,0.0,0,0,0,,,,,,0,,,,72878,0,0
2062,193.95222449302673,2026-03-05T17:40:38.212102,83.0,0.0,4.0,1.0,0.0,0.0,1.01,130.01,9.5,0.0,0.0,STRAIGHT,0.3,0.2,"CMD,0.0,0.20",1.2,0.0,1.2,0.0,0,0.592,6,LIMITED,67.246,0.223,0,0,0,0,0,0.0,0,0,0,,,,,,0,,,,57543,0,0
2063,194.0932159423828,2026-03-05T17:40:38.353093,84.0,0.0,4.0,0.99,0.0,0.0,0.0,128.99,9.5,0.0,0.0,STRAIGHT,0.3,0.3,"CMD,0.0,0.30",1.2,0.0,1.2,0.0,0,0.6343,5,NORMAL,54.279,0.584,0,0,0,0,0,0.0,0,0,0,,,,,,0,,,,73958,0,0
2064,194.2402172088623,2026-03-05T17:40:38.500095,88.03,0.0,4.01,0.0,0.0,0.0,0.0,132.0,9.5,0.0,0.0,STRAIGHT,0.3,0.3,"CMD,0.0,0.30",1.2,0.0,1.2,0.0,0,0.3659,4,NORMAL,55.38,1.092,0,0,0,0,0,0.0,0,0,0,,,,,,0,,,,73576,0,0
2065,194.29625415802002,2026-03-05T17:40:38.556132,2.03,0.0,2.01,0.0,0.0,0.0,0.0,42.04,9.77,0.0,0.0,STRAIGHT,0.3,0.3,"CMD,0.0,0.30",1.2,0.0,1.2,0.0,0,0.3659,4,NORMAL,49.364,1.297,0,0,0,0,0,0.0,0,0,0,,,,,,0,,,,27061,0,0
2066,194.3532178401947,2026-03-05T17:40:38.613095,1.96,0.0,2.0,0.0,0.0,0.0,0.0,42.97,10.07,0.0,0.0,STRAIGHT,0.3,0.3,"CMD,0.0,0.30",1.2,0.0,1.2,0.0,0,0.3659,4,NORMAL,43.06,1.591,0,0,0,0,0,0.0,0,0,0,,,,,,0,,,,27061,0,0
2067,194.40821766853333,2026-03-05T17:40:38.668095,2.0,0.0,2.0,0.0,0.0,0.0,1.0,43.0,10.06,0.0,0.0,STRAIGHT,0.3,0.3,"CMD,0.0,0.30",1.2,0.0,1.2,0.0,0,0.3659,4,NORMAL,34.901,1.967,0,0,0,0,0,0.0,0,0,0,,,,,,0,,,,27061,0,0
2068,194.54925107955933,2026-03-05T17:40:38.809128,83.03,0.0,3.97,0.95,0.0,0.0,1.03,128.03,9.76,0.0,0.0,STRAIGHT,0.3,0.3,"CMD,0.0,0.30",1.2,0.0,1.2,0.0,0,0.2026,5,WARN,26.028,2.189,0,0,0,0,0,0.0,0,0,0,,,,,,0,,,,43961,0,0
2069,194.69024562835693,2026-03-05T17:40:38.950123,84.0,0.0,4.0,1.0,0.0,0.0,1.03,128.0,9.47,0.0,0.0,STRAIGHT,0.3,0.2,"CMD,0.0,0.20",1.2,0.0,1.2,0.0,0,0.0002,6,LIMITED,19.229,2.45,0,0,0,0,0,0.0,0,0,0,,,,,,0,,,,43903,0,0
2070,194.8342216014862,2026-03-05T17:40:39.094099,83.0,0.0,4.0,0.0,0.0,0.0,0.0,129.0,9.46,0.0,0.0,STRAIGHT,0.3,0.2,"CMD,0.0,0.20",1.2,0.0,1.2,0.0,0,0.0,7,LIMITED,10.073,2.726,0,0,0,0,0,0.0,0,0,0,,,,,,0,,,,36152,0,0
2071,194.97823095321655,2026-03-05T17:40:39.238108,83.01,0.0,3.99,0.98,0.0,0.0,1.01,130.01,9.43,0.0,0.0,STRAIGHT,0.3,0.2,"CMD,0.0,0.20",1.2,0.0,1.2,0.0,0,0.0,8,LIMITED,9.084,3.0,0,0,0,0,0,0.0,0,0,0,,,,,,0,,,,10987,0,0
2072,195.0342252254486,2026-03-05T17:40:39.294103,2.0,0.0,2.0,0.0,0.0,0.0,0.0,42.99,9.69,0.0,0.0,STRAIGHT,0.3,0.2,"CMD,0.0,0.20",1.2,0.0,1.2,0.0,0,0.0,8,LIMITED,21.693,3.0,0,0,0,0,0,0.0,0,0,0,,,,,,0,,,,0,0,0
2073,195.08722376823425,2026-03-05T17:40:39.347101,2.0,0.0,2.0,0.0,0.0,0.0,0.0,42.0,9.99,0.0,0.0,STRAIGHT,0.3,0.2,"CMD,0.0,0.20",1.2,0.0,1.2,0.0,0,0.0,8,LIMITED,18.134,2.603,0,0,0,0,0,0.0,0,0,0,,,,,,0,,,,0,0,0
2074,195.14822363853455,2026-03-05T17:40:39.408101,2.0,0.0,4.0,0.0,0.0,0.0,0.0,51.0,9.97,0.0,0.0,STRAIGHT,0.3,0.2,"CMD,0.0,0.20",1.2,0.0,1.2,0.0,0,0.0,8,LIMITED,13.968,2.522,0,0,0,0,0,0.0,0,0,0,,,,,,0,,,,0,0,0
2075,195.29822731018066,2026-03-05T17:40:39.558105,86.0,0.0,5.0,1.0,0.0,0.0,0.0,138.0,9.66,0.0,0.0,STRAIGHT,0.3,0.2,"CMD,0.0,0.20",1.2,0.0,1.2,0.0,0,0.0,9,LIMITED,18.539,2.402,0,0,0,0,0,0.0,0,0,0,,,,,,0,,,,8233,0,0
2076,195.44222402572632,2026-03-05T17:40:39.702101,84.01,0.0,5.02,0.0,0.0,0.0,0.0,131.0,9.38,0.0,0.0,STRAIGHT,0.3,0.2,"CMD,0.0,0.20",1.2,0.0,1.2,0.0,0,0.0,10,LIMITED,24.823,2.248,0,0,0,0,0,0.0,0,0,0,,,,,,0,,,,8,0,0
2077,195.58522820472717,2026-03-05T17:40:39.845106,83.0,0.0,4.0,1.0,0.0,0.0,0.0,128.99,9.38,0.0,0.0,STRAIGHT,0.3,0.2,"CMD,0.0,0.20",1.2,0.0,1.2,0.0,0,0.0,11,LIMITED,32.49,2.049,0,0,0,0,0,0.0,0,0,0,,,,,,0,,,,0,0,0
2078,195.72422623634338,2026-03-05T17:40:39.984104,84.0,0.0,4.0,0.0,0.0,0.0,0.0,130.0,9.37,0.0,0.0,STRAIGHT,0.3,0.2,"CMD,0.0,0.20",1.2,0.0,1.2,0.0,0,0.0,12,LIMITED,22.28,0.694,0,0,0,0,0,0.0,0,0,0,,,,,,0,,,,0,0,0
2079,195.77823638916016,2026-03-05T17:40:40.038114,2.01,0.0,1.99,0.0,0.0,0.0,0.0,42.99,9.63,0.0,0.0,STRAIGHT,0.3,0.2,"CMD,0.0,0.20",1.2,0.0,1.2,0.0,0,0.0,12,LIMITED,11.823,0.337,0,0,0,0,0,0.0,0,0,0,,,,,,0,,,,14297,0,0
2080,195.83426189422607,2026-03-05T17:40:40.094139,1.04,0.0,1.95,0.0,0.0,0.0,1.03,44.02,9.62,0.0,0.0,STRAIGHT,0.3,0.2,"CMD,0.0,0.20",1.2,0.0,1.2,0.0,0,0.0,12,LIMITED,38.312,-0.634,0,0,0,0,0,0.0,0,0,0,,,,,,0,,,,14297,0,0
2081,195.89222955703735,2026-03-05T17:40:40.152107,2.0,0.0,2.0,0.0,0.0,0.0,0.0,44.97,9.61,0.0,0.0,STRAIGHT,0.3,0.2,"CMD,0.0,0.20",1.2,0.0,1.2,0.0,0,0.0,12,LIMITED,43.391,-0.679,0,0,0,0,0,0.0,0,0,0,,,,,,0,,,,14297,0,0
2082,196.03623723983765,2026-03-05T17:40:40.296115,83.97,0.0,4.0,0.0,0.0,0.0,0.0,131.01,9.34,0.0,0.0,STRAIGHT,0.3,0.2,"CMD,0.0,0.20",1.2,0.0,1.2,0.0,0,0.0,13,LIMITED,35.549,-0.771,0,0,0,0,0,0.0,0,0,0,,,,,,0,,,,0,0,0
2083,196.18723011016846,2026-03-05T17:40:40.447108,93.04,0.0,3.96,0.0,0.0,0.0,0.0,140.99,9.3,0.0,0.0,STRAIGHT,0.3,0.2,"CMD,0.0,0.20",1.2,0.0,1.2,0.0,0,0.0,14,LIMITED,54.392,-0.659,0,0,0,0,0,0.0,0,0,0,,,,,,0,,,,0,0,0
2084,196.33026885986328,2026-03-05T17:40:40.590146,85.0,0.0,3.0,1.0,0.0,0.0,0.0,132.01,9.31,0.0,0.0,STRAIGHT,0.3,0.2,"CMD,0.0,0.20",1.2,0.0,1.2,0.0,0,0.0,15,LIMITED,54.085,-0.578,0,0,0,0,0,0.0,0,0,0,,,,,,0,,,,170,0,0
2085,196.3882336616516,2026-03-05T17:40:40.648111,2.0,0.0,2.0,0.0,0.0,0.0,0.0,44.96,9.59,0.0,0.0,STRAIGHT,0.3,0.2,"CMD,0.0,0.20",1.2,0.0,1.2,0.0,0,0.0,15,LIMITED,53.751,-0.455,0,0,0,0,0,0.0,0,0,0,,,,,,0,,,,27409,0,0
2086,196.44723534584045,2026-03-05T17:40:40.707113,2.0,0.0,3.0,0.0,0.0,0.0,0.0,47.0,9.84,0.0,0.0,STRAIGHT,0.3,0.2,"CMD,0.0,0.20",1.2,0.0,1.2,0.0,0,0.0,15,LIMITED,53.181,-0.336,0,0,0,0,0,0.0,0,0,0,,,,,,0,,,,27409,0,0
2087,196.50823521614075,2026-03-05T17:40:40.768113,2.0,0.0,3.0,0.0,0.0,0.0,0.0,48.0,9.82,0.0,0.0,STRAIGHT,0.3,0.2,"CMD,0.0,0.20",1.2,0.0,1.2,0.0,0,0.0,15,LIMITED,54.077,-0.241,0,0,0,0,0,0.0,0,0,0,,,,,,0,,,,27409,0,0
2088,196.65523600578308,2026-03-05T17:40:40.915113,84.0,0.0,4.0,1.0,0.0,0.0,0.0,133.0,9.52,0.0,0.0,STRAIGHT,0.3,0.2,"CMD,0.0,0.20",1.2,0.0,1.2,0.0,0,0.0,16,LIMITED,54.586,-0.134,0,0,0,0,0,0.0,0,0,0,,,,,,0,,,,6914,0,0
2089,196.795236825943,2026-03-05T17:40:41.055114,82.0,0.0,4.0,1.0,0.0,0.0,0.0,127.0,9.27,0.0,0.0,STRAIGHT,0.3,0.2,"CMD,0.0,0.20",1.2,0.0,1.2,0.0,0,0.0471,17,LIMITED,55.468,0.009,0,0,0,0,0,0.0,0,0,0,,,,,,0,,,,16084,0,0
2090,196.9362382888794,2026-03-05T17:40:41.196116,83.0,0.0,4.0,1.0,0.0,0.0,0.0,128.0,9.28,0.0,0.0,STRAIGHT,0.3,0.2,"CMD,0.0,0.20",1.2,0.0,1.2,0.0,0,0.0544,18,LIMITED,56.124,0.108,0,0,0,0,0,0.0,0,0,0,,,,,,0,,,,31219,0,0
2091,197.07623934745789,2026-03-05T17:40:41.336117,82.0,0.0,5.0,0.0,0.0,0.0,0.0,128.0,9.28,0.0,0.0,STRAIGHT,0.3,0.2,"CMD,0.0,0.20",1.2,0.0,1.2,0.0,0,0.1304,19,LIMITED,58.328,0.122,0,0,0,0,0,0.0,0,0,0,,,,,,0,,,,113385,0,0
2092,197.13124012947083,2026-03-05T17:40:41.391118,1.01,0.0,2.99,0.0,0.0,0.0,0.0,41.0,9.55,0.0,0.0,STRAIGHT,0.3,0.2,"CMD,0.0,0.20",1.2,0.0,1.2,0.0,0,0.1304,19,LIMITED,60.813,0.187,0,0,0,0,0,0.0,0,0,0,,,,,,0,,,,181264,0,0
2093,197.18824005126953,2026-03-05T17:40:41.448118,2.0,0.0,3.0,0.0,0.0,0.0,0.0,43.0,9.84,0.0,0.0,STRAIGHT,0.3,0.2,"CMD,0.0,0.20",1.2,0.0,1.2,0.0,0,0.1304,19,LIMITED,62.701,0.279,0,0,0,0,0,0.0,0,0,0,,,,,,0,,,,181264,0,0
2094,197.25024104118347,2026-03-05T17:40:41.510118,2.0,0.0,2.0,0.0,0.0,0.0,1.0,46.0,9.82,0.0,0.0,STRAIGHT,0.3,0.2,"CMD,0.0,0.20",1.2,0.0,1.2,0.0,0,0.1304,19,LIMITED,64.897,0.318,0,0,0,0,0,0.0,0,0,0,,,,,,0,,,,181264,0,0
2095,197.39627385139465,2026-03-05T17:40:41.656151,85.04,0.0,3.97,0.97,0.0,0.0,0.0,132.03,9.53,0.0,0.0,STRAIGHT,0.3,0.2,"CMD,0.0,0.20",1.2,0.0,1.2,0.0,0,0.3433,19,LIMITED,68.224,0.365,0,0,0,0,0,0.0,0,0,0,,,,,,0,,,,136986,0,0
2096,197.53724575042725,2026-03-05T17:40:41.797123,83.0,0.0,5.0,0.0,0.0,0.0,0.0,127.97,9.27,0.0,0.0,STRAIGHT,0.3,0.2,"CMD,0.0,0.20",1.2,0.0,1.2,0.0,0,0.5636,18,LIMITED,70.711,0.419,0,0,0,0,0,0.0,0,0,0,,,,,,0,,,,198818,0,0
2097,197.67824149131775,2026-03-05T17:40:41.939122,83.0,0.0,5.0,0.99,0.0,0.0,0.0,127.0,9.27,0.0,0.0,STRAIGHT,0.3,0.2,"CMD,0.0,0.20",1.2,0.0,1.2,0.0,0,0.8038,17,LIMITED,70.711,0.496,0,0,0,0,0,0.0,0,0,0,,,,,,0,,,,231653,0,0
2098,197.82127833366394,2026-03-05T17:40:42.081156,82.03,0.0,3.97,1.0,0.0,0.0,1.04,128.03,9.26,0.0,0.0,STRAIGHT,0.3,0.2,"CMD,0.0,0.20",1.2,0.0,1.2,0.0,0,0.849,16,LIMITED,70.711,0.652,0,0,0,0,0,0.0,0,0,0,,,,,,0,,,,230680,36,0
2099,197.87924551963806,2026-03-05T17:40:42.139123,2.0,0.0,2.0,0.0,0.0,0.0,0.0,42.96,9.52,0.0,0.0,STRAIGHT,0.3,0.2,"CMD,0.0,0.20",1.2,0.0,1.2,0.0,0,0.849,16,LIMITED,70.711,0.739,0,0,0,0,0,0.0,0,0,0,,,,,,0,,,,230720,12,0
2100,197.938246011734,2026-03-05T17:40:42.198124,2.0,0.0,2.0,0.0,0.0,0.0,1.0,43.0,9.8,0.0,0.0,STRAIGHT,0.3,0.2,"CMD,0.0,0.20",1.2,0.0,1.2,0.0,0,0.849,16,LIMITED,70.711,0.838,0,0,0,0,0,0.0,0,0,0,,,,,,0,,,,230720,0,0
2101,197.99724769592285,2026-03-05T17:40:42.257125,2.0,0.0,2.0,0.0,0.0,0.0,0.0,44.0,9.79,0.0,0.0,STRAIGHT,0.3,0.2,"CMD,0.0,0.20",1.2,0.0,1.2,0.0,0,0.849,16,LIMITED,70.711,0.995,0,0,0,0,0,0.0,0,0,0,,,,,,0,,,,230720,0,0
2102,198.14425778388977,2026-03-05T17:40:42.404135,85.01,0.0,4.99,1.0,0.0,0.0,0.0,132.01,9.48,0.0,0.0,STRAIGHT,0.3,0.2,"CMD,0.0,0.20",1.2,0.0,1.2,0.0,0,0.5779,15,LIMITED,70.711,1.121,0,0,0,0,0,0.0,0,0,0,,,,,,0,,,,218702,0,0
2103,198.29627799987793,2026-03-05T17:40:42.556156,89.03,0.0,4.97,0.97,0.0,0.0,1.03,137.03,9.21,0.0,0.0,STRAIGHT,0.3,0.2,"CMD,0.0,0.20",1.2,0.0,1.2,0.0,0,0.7923,14,LIMITED,70.711,1.332,0,0,0,0,0,0.0,0,0,0,,,,,,0,,,,198047,12,0
2104,198.44228410720825,2026-03-05T17:40:42.702162,82.97,0.0,5.0,1.0,0.0,0.0,0.0,131.0,9.22,0.0,0.0,STRAIGHT,0.3,0.2,"CMD,0.0,0.20",1.2,0.0,1.2,0.0,0,0.8037,13,LIMITED,70.711,1.437,0,0,0,0,0,0.0,0,0,0,,,,,,0,,,,226816,368,32
2105,198.59125018119812,2026-03-05T17:40:42.851128,86.0,0.0,5.0,1.0,0.0,0.0,0.0,133.97,9.21,0.0,0.0,STRAIGHT,0.3,0.2,"CMD,0.0,0.20",1.2,0.0,1.2,0.0,0,0.777,12,LIMITED,70.711,1.542,0,0,0,0,0,0.0,0,0,0,,,,,,0,,,,191201,443,38
2106,198.65226006507874,2026-03-05T17:40:42.912138,2.01,0.0,1.99,0.0,0.0,0.0,0.0,44.0,9.46,0.0,0.0,STRAIGHT,0.3,0.2,"CMD,0.0,0.20",1.2,0.0,1.2,0.0,0,0.777,12,LIMITED,70.711,1.682,0,0,0,0,0,0.0,0,0,0,,,,,,0,,,,191239,343,0
2107,198.7142527103424,2026-03-05T17:40:42.974130,2.0,0.0,4.0,0.0,0.0,0.0,0.0,46.99,9.7,0.0,0.0,STRAIGHT,0.3,0.2,"CMD,0.0,0.20",1.2,0.0,1.2,0.0,0,0.777,12,LIMITED,70.711,1.808,0,0,0,0,0,0.0,0,0,0,,,,,,0,,,,191239,295,0
2108,198.77625393867493,2026-03-05T17:40:43.036131,2.0,0.0,2.01,0.0,0.0,0.0,1.0,46.0,9.67,0.0,0.0,STRAIGHT,0.3,0.2,"CMD,0.0,0.20",1.2,0.0,1.2,0.0,0,0.777,12,LIMITED,70.711,1.844,0,0,0,0,0,0.0,0,0,0,,,,,,0,,,,191239,228,0
2109,198.93125295639038,2026-03-05T17:40:43.191130,87.0,0.0,6.01,0.0,1.01,0.0,0.0,139.0,9.36,0.0,0.0,STRAIGHT,0.3,0.2,"CMD,0.0,0.20",1.2,0.0,1.2,0.0,0,0.6028,11,LIMITED,70.711,1.876,0,0,0,0,0,0.0,0,0,0,,,,,,0,,,,219143,167,0
2110,198.9952518939972,2026-03-05T17:40:43.255129,2.04,0.0,1.96,0.0,0.0,0.0,0.0,45.99,9.35,0.0,0.0,STRAIGHT,0.3,0.2,"CMD,0.0,0.20",1.2,0.0,1.2,0.0,0,0.6028,11,LIMITED,70.711,1.96,0,0,0,0,0,0.0,0,0,0,,,,,,0,,,,219224,111,0
2111,199.05726027488708,2026-03-05T17:40:43.317138,0.99,0.0,3.0,0.0,0.0,0.0,0.0,44.98,9.6,0.0,0.0,STRAIGHT,0.3,0.2,"CMD,0.0,0.20",1.2,0.0,1.2,0.0,0,0.6028,11,LIMITED,70.711,1.991,0,0,0,0,0,0.0,0,0,0,,,,,,0,,,,219224,87,0
2112,199.12025547027588,2026-03-05T17:40:43.380133,2.0,0.0,3.0,0.0,0.0,0.0,0.0,46.0,9.89,0.0,0.0,STRAIGHT,0.3,0.2,"CMD,0.0,0.20",1.2,0.0,1.2,0.0,0,0.6028,11,LIMITED,70.711,2.092,0,0,0,0,0,0.0,0,0,0,,,,,,0,,,,219224,49,0
2113,199.2792570590973,2026-03-05T17:40:43.539135,91.99,0.0,4.97,0.96,0.0,0.0,0.0,142.0,9.83,0.0,0.0,STRAIGHT,0.3,0.2,"CMD,0.0,0.20",1.2,0.0,1.2,0.0,0,0.7112,10,LIMITED,70.711,2.166,0,0,0,0,0,0.0,0,0,0,,,,,,0,,,,221646,18,0
2114,199.4302580356598,2026-03-05T17:40:43.690136,85.0,0.0,5.0,1.0,0.0,0.0,0.0,133.96,9.53,0.0,0.0,STRAIGHT,0.3,0.2,"CMD,0.0,0.20",1.2,0.0,1.2,0.0,0,0.9325,9,LIMITED,70.711,2.246,0,0,0,0,0,0.0,0,0,0,,,,,,0,,,,227347,3,0
2115,199.57826042175293,2026-03-05T17:40:43.838138,85.04,0.0,4.96,1.0,0.0,0.0,0.0,131.97,9.26,0.0,0.0,STRAIGHT,0.3,0.2,"CMD,0.0,0.20",1.2,0.0,1.2,0.0,0,0.9234,8,LIMITED,70.711,2.345,0,0,0,0,0,0.0,0,0,0,,,,,,0,,,,219992,0,0
2116,199.72726130485535,2026-03-05T17:40:43.987139,85.0,0.0,5.0,2.0,0.0,0.0,0.0,133.97,9.01,0.0,0.0,STRAIGHT,0.3,0.2,"CMD,0.0,0.20",1.2,0.0,1.2,0.0,0,0.9389,7,LIMITED,70.711,2.443,0,0,0,0,0,0.0,7,2,0,,,,,,0,,,,225746,2670,218
2117,199.78926134109497,2026-03-05T17:40:44.049139,2.0,0.0,2.0,0.0,0.0,0.0,0.0,44.0,9.26,0.0,0.0,STRAIGHT,0.3,0.2,"CMD,0.0,0.20",1.2,0.0,1.2,0.0,0,0.9389,7,LIMITED,70.711,2.503,0,0,0,0,0,0.0,0,0,0,,,,,,0,,,,226332,2471,0
2118,199.8492705821991,2026-03-05T17:40:44.109148,1.01,0.0,3.0,0.0,0.0,0.0,0.0,44.01,9.5,0.0,0.0,STRAIGHT,0.3,0.2,"CMD,0.0,0.20",1.2,0.0,1.2,0.0,0,0.9389,7,LIMITED,70.711,2.56,0,0,0,0,0,0.0,0,0,0,,,,,,0,,,,226332,2376,0
2119,199.91026258468628,2026-03-05T17:40:44.170140,2.0,0.0,3.0,0.0,0.0,0.0,0.0,44.99,9.75,0.0,0.0,STRAIGHT,0.3,0.2,"CMD,0.0,0.20",1.2,0.0,1.2,0.0,0,0.9389,7,LIMITED,70.711,2.566,0,0,0,0,0,0.0,0,0,0,,,,,,0,,,,226332,2189,0
2120,200.06126642227173,2026-03-05T17:40:44.321144,84.01,0.0,5.0,2.0,0.0,0.0,0.0,135.0,9.72,0.0,0.0,STRAIGHT,0.3,0.2,"CMD,0.0,0.20",1.2,0.0,1.2,0.0,0,0.8443,6,LIMITED,70.711,2.57,0,0,0,0,0,0.0,7,2,0,,,,,,0,,,,241346,2003,185
2121,200.1212718486786,2026-03-05T17:40:44.381149,2.01,0.0,1.99,0.0,0.0,0.0,1.01,44.01,9.7,0.0,0.0,STRAIGHT,0.3,0.2,"CMD,0.0,0.20",1.2,0.0,1.2,0.0,0,0.8443,6,LIMITED,70.711,2.536,0,0,0,0,0,0.0,0,0,0,,,,,,0,,,,242254,1820,0
2122,200.1822645664215,2026-03-05T17:40:44.442142,1.99,0.0,2.0,0.0,0.0,0.0,0.0,43.97,9.69,0.0,0.0,STRAIGHT,0.3,0.2,"CMD,0.0,0.20",1.2,0.0,1.2,0.0,0,0.8443,6,LIMITED,70.711,2.494,0,0,0,0,0,0.0,0,0,0,,,,,,0,,,,242254,1730,0
2123,200.2412657737732,2026-03-05T17:40:44.501143,2.0,0.0,2.0,0.0,0.0,0.0,1.0,44.0,9.7,0.0,0.0,STRAIGHT,0.3,0.2,"CMD,0.0,0.20",1.2,0.0,1.2,0.0,0,0.8443,6,LIMITED,70.711,2.418,0,0,0,0,0,0.0,0,0,0,,,,,,0,,,,242254,1552,0
2124,200.3932683467865,2026-03-05T17:40:44.653146,87.0,0.0,4.0,2.0,0.0,0.0,0.0,136.01,9.68,0.0,0.0,STRAIGHT,0.3,0.3,"CMD,0.0,0.30",1.2,0.0,1.2,0.0,0,0.9034,5,NORMAL,70.711,2.332,0,0,0,0,0,0.0,2,1,0,,,,,,0,,,,241167,1376,124
2125,200.4552664756775,2026-03-05T17:40:44.715144,0.99,0.0,3.0,0.0,0.0,0.0,0.0,44.0,9.94,0.0,0.0,STRAIGHT,0.3,0.3,"CMD,0.0,0.30",1.2,0.0,1.2,0.0,0,0.9034,5,NORMAL,70.407,2.283,0,0,0,0,0,0.0,0,0,0,,,,,,0,,,,242669,1203,0
2126,200.51227855682373,2026-03-05T17:40:44.772156,2.01,0.0,2.0,0.0,0.0,0.0,0.0,42.01,10.23,0.0,0.0,STRAIGHT,0.3,0.3,"CMD,0.0,0.30",1.2,0.0,1.2,0.0,0,0.9034,5,NORMAL,68.87,2.223,0,0,0,0,0,0.0,0,0,0,,,,,,0,,,,242669,1119,0
2127,200.56926774978638,2026-03-05T17:40:44.829145,2.0,0.0,3.0,0.0,0.0,0.0,0.0,41.99,10.55,0.0,0.0,STRAIGHT,0.3,0.3,"CMD,0.0,0.30",1.2,0.0,1.2,0.0,0,0.9034,5,NORMAL,66.988,2.166,0,0,0,0,0,0.0,0,0,0,,,,,,0,,,,242669,957,0
2128,200.71527099609375,2026-03-05T17:40:44.975148,83.99,0.0,5.0,2.0,0.0,0.0,0.0,131.0,10.23,0.0,0.0,STRAIGHT,0.3,0.3,"CMD,0.0,0.30",1.2,0.0,1.2,0.0,0,0.934,4,NORMAL,64.95,2.115,0,0,0,0,0,0.0,0,0,0,,,,,,0,,,,244433,878,95
2129,200.77626943588257,2026-03-05T17:40:45.036147,2.0,0.0,2.0,0.0,0.0,0.0,0.0,43.0,10.22,0.0,0.0,STRAIGHT,0.3,0.3,"CMD,0.0,0.30",1.2,0.0,1.2,0.0,0,0.934,4,NORMAL,63.602,2.053,0,0,0,0,0,0.0,0,0,0,,,,,,0,,,,246415,740,0
2130,200.83426904678345,2026-03-05T17:40:45.094147,2.0,0.0,2.0,0.0,0.0,0.0,0.0,44.0,10.22,0.0,0.0,STRAIGHT,0.3,0.3,"CMD,0.0,0.30",1.2,0.0,1.2,0.0,0,0.934,4,NORMAL,62.36,1.988,0,0,0,0,0,0.0,0,0,0,,,,,,0,,,,246415,682,0
2131,200.895272731781,2026-03-05T17:40:45.155150,2.0,0.0,2.0,0.0,0.0,0.0,0.0,45.0,10.54,0.0,0.0,STRAIGHT,0.3,0.3,"CMD,0.0,0.30",1.2,0.0,1.2,0.0,0,0.934,4,NORMAL,61.048,1.926,0,0,0,0,0,0.0,0,0,0,,,,,,0,,,,246415,581,0
2132,201.0413019657135,2026-03-05T17:40:45.301179,83.04,0.0,5.0,1.0,0.0,0.0,0.0,130.03,10.56,0.0,0.0,STRAIGHT,0.3,0.3,"CMD,0.0,0.30",1.2,0.0,1.2,0.0,0,0.9295,3,NORMAL,59.919,1.861,0,0,0,0,0,0.0,2,1,0,,,,,,0,,,,261843,581,60
2133,201.09830141067505,2026-03-05T17:40:45.358179,2.03,0.0,2.0,0.0,0.0,0.0,0.0,41.03,10.92,0.0,0.0,STRAIGHT,0.3,0.3,"CMD,0.0,0.30",1.2,0.0,1.2,0.0,0,0.9295,3,NORMAL,58.893,1.789,0,0,0,0,0,0.0,0,0,0,,,,,,0,,,,264185,490,0
2134,201.15627241134644,2026-03-05T17:40:45.416150,2.0,0.0,2.0,0.0,0.0,0.0,1.0,41.96,11.31,0.0,0.0,STRAIGHT,0.3,0.3,"CMD,0.0,0.30",1.2,0.0,1.2,0.0,0,0.9295,3,NORMAL,57.848,1.722,0,0,0,0,0,0.0,0,0,0,,,,,,0,,,,264185,448,0
2135,201.2142722606659,2026-03-05T17:40:45.474150,2.0,0.0,2.0,0.0,0.0,0.0,0.0,42.0,11.32,0.0,0.0,STRAIGHT,0.3,0.3,"CMD,0.0,0.30",1.2,0.0,1.2,0.0,0,0.9295,3,NORMAL,56.861,1.656,0,0,0,0,0,0.0,0,0,0,,,,,,0,,,,264185,407,0
2136,201.36728358268738,2026-03-05T17:40:45.627161,90.0,0.0,5.01,0.99,0.0,0.0,0.0,138.01,10.93,0.0,0.0,STRAIGHT,0.3,0.3,"CMD,0.0,0.30",1.2,0.0,1.2,0.0,0,0.9492,2,NORMAL,55.758,1.583,0,0,0,0,0,0.0,2,1,0,,,,,,0,,,,275227,367,44
2137,201.43030786514282,2026-03-05T17:40:45.690185,2.04,0.0,1.96,0.0,0.0,0.0,0.0,44.97,10.93,0.0,0.0,STRAIGHT,0.3,0.3,"CMD,0.0,0.30",1.2,0.0,1.2,0.0,0,0.9492,2,NORMAL,55.0,1.523,0,0,0,0,0,0.0,0,0,0,,,,,,0,,,,278061,328,0
2138,201.48830771446228,2026-03-05T17:40:45.748185,1.03,0.0,3.0,0.0,0.0,0.0,0.0,42.0,11.34,0.0,0.0,STRAIGHT,0.3,0.3,"CMD,0.0,0.30",1.2,0.0,1.2,0.0,0,0.9492,2,NORMAL,54.42,1.457,0,0,0,0,0,0.0,0,0,0,,,,,,0,,,,278061,252,0
2139,201.54630613327026,2026-03-05T17:40:45.806183,2.03,0.0,2.0,0.0,0.0,0.0,0.0,42.0,11.37,0.0,0.0,STRAIGHT,0.3,0.3,"CMD,0.0,0.30",1.2,0.0,1.2,0.0,0,0.9492,2,NORMAL,53.983,1.375,0,0,0,0,0,0.0,0,0,0,,,,,,0,,,,278061,216,0
2140,201.6913070678711,2026-03-05T17:40:45.951184,84.04,0.0,5.0,0.0,1.05,0.0,0.0,130.0,11.01,0.0,0.0,STRAIGHT,0.3,0.3,"CMD,0.0,0.30",1.2,0.0,1.2,0.0,0,0.9644,1,NORMAL,53.613,1.304,0,0,0,0,0,0.0,0,0,0,,,,,,0,,,,278070,180,10
2141,201.75031065940857,2026-03-05T17:40:46.010188,2.03,0.0,1.97,0.0,0.0,0.0,0.0,42.0,11.03,0.0,0.0,STRAIGHT,0.3,0.3,"CMD,0.0,0.30",1.2,0.0,1.2,0.0,0,0.9644,1,NORMAL,52.805,1.26,0,0,0,0,0,0.0,0,0,0,,,,,,0,,,,282203,147,0
2142,201.8062767982483,2026-03-05T17:40:46.066154,1.0,0.0,3.0,0.0,0.0,0.0,0.0,40.97,11.48,0.0,0.0,STRAIGHT,0.3,0.3,"CMD,0.0,0.30",1.2,0.0,1.2,0.0,0,0.9644,1,NORMAL,47.639,1.201,0,0,0,0,0,0.0,0,0,0,,,,,,0,,,,282203,95,0
2143,201.86530923843384,2026-03-05T17:40:46.125187,2.05,0.0,1.96,0.0,0.0,0.0,0.0,43.0,11.9,0.0,0.0,STRAIGHT,0.3,0.3,"CMD,0.0,0.30",1.2,0.0,1.2,0.0,0,0.9644,1,NORMAL,40.897,1.144,0,0,0,0,0,0.0,0,0,0,,,,,,0,,,,282203,73,0
2144,202.01130890846252,2026-03-05T17:40:46.271186,83.04,0.0,5.01,0.97,0.0,0.0,0.0,130.0,11.92,0.0,0.0,STRAIGHT,0.3,0.3,"CMD,0.0,0.30",1.2,0.0,1.2,0.0,0,0.9191,0,NORMAL,34.322,1.107,0,0,0,0,0,0.0,0,0,0,,,,,,0,,,,281101,53,0
2145,202.1553111076355,2026-03-05T17:40:46.415188,84.01,0.0,3.96,0.97,0.0,0.0,0.0,129.0,11.94,0.0,0.0,STRAIGHT,0.3,0.3,"CMD,0.0,0.30",1.2,0.0,1.2,0.0,0,0.968,0,NORMAL,28.475,1.064,0,0,0,0,0,0.0,0,0,0,,,,,,0,,,,279874,34,0
2146,202.29828000068665,2026-03-05T17:40:46.558157,83.04,0.0,5.0,0.0,0.0,0.0,0.0,127.97,11.55,0.0,0.0,STRAIGHT,0.3,0.3,"CMD,0.0,0.30",1.2,0.0,1.2,0.0,0,0.9732,0,NORMAL,23.244,1.025,0,0,0,0,0,0.0,0,0,0,,,,,,0,,,,281406,19,0
2147,202.45028114318848,2026-03-05T17:40:46.710159,90.03,0.0,4.0,3.0,0.0,0.0,0.0,136.97,11.15,0.0,0.0,STRAIGHT,0.3,0.3,"CMD,0.0,0.30",1.2,0.0,1.2,0.0,0,0.9719,0,NORMAL,18.184,0.996,0,0,0,0,0,0.0,7,3,0,,,,,,0,,,,281488,7636,381
2148,202.51131510734558,2026-03-05T17:40:46.771193,1.04,0.0,2.99,0.0,0.0,0.0,0.0,44.0,11.15,0.0,0.0,STRAIGHT,0.3,0.3,"CMD,0.0,0.30",1.2,0.0,1.2,0.0,0,0.9719,0,NORMAL,13.547,0.973,0,0,0,0,0,0.0,0,0,0,,,,,,0,,,,284963,7445,0
2149,202.57031512260437,2026-03-05T17:40:46.830193,2.03,0.0,1.98,0.0,0.0,0.0,0.0,40.98,11.56,0.0,0.0,STRAIGHT,0.3,0.3,"CMD,0.0,0.30",1.2,0.0,1.2,0.0,0,0.9719,0,NORMAL,10.465,0.942,0,0,0,0,0,0.0,0,0,0,,,,,,0,,,,284963,7074,0
2150,202.62832403182983,2026-03-05T17:40:46.888201,2.04,0.0,3.01,0.0,0.0,0.0,0.0,42.0,11.57,0.0,0.0,STRAIGHT,0.3,0.3,"CMD,0.0,0.30",1.2,0.0,1.2,0.0,0,0.9719,0,NORMAL,10.311,0.908,0,0,0,0,0,0.0,0,0,0,,,,,,0,,,,284963,6889,0
2151,202.77731442451477,2026-03-05T17:40:47.037192,84.03,0.0,3.97,3.04,0.0,0.0,0.0,132.03,11.17,0.0,0.0,STRAIGHT,0.3,0.3,"CMD,0.0,0.30",1.2,0.0,1.2,0.0,0,0.9183,0,NORMAL,12.352,0.885,0,0,0,0,0,0.0,7,3,0,,,,,,0,,,,286344,9682,428
2152,202.83631658554077,2026-03-05T17:40:47.096194,1.03,0.0,3.0,0.0,0.0,0.0,0.0,43.0,11.18,0.0,0.0,STRAIGHT,0.3,0.3,"CMD,0.0,0.30",1.2,0.0,1.2,0.0,0,0.9183,0,NORMAL,14.688,0.868,0,0,0,0,0,0.0,0,0,0,,,,,,0,,,,290311,9481,0
2153,202.89928555488586,2026-03-05T17:40:47.159163,2.04,0.0,2.96,0.0,0.0,0.0,0.0,44.96,11.58,0.0,0.0,STRAIGHT,0.3,0.3,"CMD,0.0,0.30",1.2,0.0,1.2,0.0,0,0.9183,0,NORMAL,16.864,0.843,0,0,0,0,0,0.0,0,0,0,,,,,,0,,,,290311,9090,0
2154,202.9593186378479,2026-03-05T17:40:47.219196,2.05,0.0,1.95,0.0,0.0,0.0,1.03,43.99,11.58,0.0,0.0,STRAIGHT,0.3,0.3,"CMD,0.0,0.30",1.2,0.0,1.2,0.0,0,0.9183,0,NORMAL,19.783,0.81,0,0,0,0,0,0.0,0,0,0,,,,,,0,,,,290311,8881,0
2155,203.11131978034973,2026-03-05T17:40:47.371197,86.03,0.0,4.97,3.0,1.04,0.0,0.0,134.96,11.16,0.0,0.0,STRAIGHT,0.3,0.3,"CMD,0.0,0.30",1.2,0.0,1.2,0.0,0,0.9347,0,NORMAL,23.297,0.766,0,0,0,0,0,0.0,7,3,0,,,,,,0,,,,291719,9898,441
2156,203.1722960472107,2026-03-05T17:40:47.432174,2.0,0.0,3.01,0.0,0.0,0.0,0.0,44.0,11.14,0.0,0.0,STRAIGHT,0.3,0.3,"CMD,0.0,0.30",1.2,0.0,1.2,0.0,0,0.9347,0,NORMAL,27.526,0.75,0,0,0,0,0,0.0,0,0,0,,,,,,0,,,,295935,9694,0
2157,203.23428630828857,2026-03-05T17:40:47.494164,1.96,0.0,3.0,0.0,0.0,0.0,0.0,44.99,11.51,0.0,0.0,STRAIGHT,0.3,0.3,"CMD,0.0,0.30",1.2,0.0,1.2,0.0,0,0.9347,0,NORMAL,29.601,0.675,0,0,0,0,0,0.0,0,0,0,,,,,,0,,,,295935,9290,0
2158,203.29332304000854,2026-03-05T17:40:47.553200,2.04,0.0,1.97,0.0,0.0,0.0,0.0,41.97,11.52,0.0,0.0,STRAIGHT,0.3,0.3,"CMD,0.0,0.30",1.2,0.0,1.2,0.0,0,0.9347,0,NORMAL,33.455,0.661,0,0,0,0,0,0.0,0,0,0,,,,,,0,,,,295935,9082,0
2159,203.4503252506256,2026-03-05T17:40:47.710203,91.03,0.0,5.0,2.96,1.0,0.0,0.0,141.0,11.09,0.0,0.0,STRAIGHT,0.3,0.3,"CMD,0.0,0.30",1.2,0.0,1.2,0.0,0,0.9462,0,NORMAL,35.763,0.633,0,0,0,0,0,0.0,7,2,0,,,,,,0,,,,285889,9478,401
2160,203.51032161712646,2026-03-05T17:40:47.770199,1.0,0.0,3.03,0.0,0.0,0.0,0.0,44.0,11.09,0.0,0.0,STRAIGHT,0.3,0.3,"CMD,0.0,0.30",1.2,0.0,1.2,0.0,0,0.9462,0,NORMAL,38.453,0.601,0,0,0,0,0,0.0,0,0,0,,,,,,0,,,,289855,9277,0
2161,203.5693256855011,2026-03-05T17:40:47.829203,3.04,0.0,2.0,0.0,0.0,0.0,0.0,42.0,11.47,0.0,0.0,STRAIGHT,0.3,0.3,"CMD,0.0,0.30",1.2,0.0,1.2,0.0,0,0.9462,0,NORMAL,40.87,0.575,0,0,0,0,0,0.0,0,0,0,,,,,,0,,,,289855,8876,0
2162,203.62732529640198,2026-03-05T17:40:47.887203,2.04,0.0,1.99,0.0,0.0,0.0,0.0,42.0,11.47,0.0,0.0,STRAIGHT,0.3,0.3,"CMD,0.0,0.30",1.2,0.0,1.2,0.0,0,0.9462,0,NORMAL,43.138,0.542,0,0,0,0,0,0.0,0,0,0,,,,,,0,,,,289855,8674,0
2163,203.77632594108582,2026-03-05T17:40:48.036203,85.03,0.0,4.0,2.97,0.0,0.0,0.0,133.0,11.07,0.0,0.0,STRAIGHT,0.3,0.3,"CMD,0.0,0.30",1.2,0.0,1.2,0.0,0,0.9571,0,NORMAL,45.066,0.512,0,0,0,0,0,0.0,2,1,0,,,,,,0,,,,279098,8942,350
2164,203.83432602882385,2026-03-05T17:40:48.094203,2.04,0.0,2.0,0.0,0.0,0.0,0.0,42.0,11.06,0.0,0.0,STRAIGHT,0.3,0.3,"CMD,0.0,0.30",1.2,0.0,1.2,0.0,0,0.9571,0,NORMAL,46.94,0.483,0,0,0,0,0,0.0,0,0,0,,,,,,0,,,,283605,8744,0
2165,203.89532709121704,2026-03-05T17:40:48.155205,2.04,0.0,2.0,0.0,0.0,0.0,0.0,45.0,11.47,0.0,0.0,STRAIGHT,0.3,0.3,"CMD,0.0,0.30",1.2,0.0,1.2,0.0,0,0.9571,0,NORMAL,49.342,0.46,0,0,0,0,0,0.0,0,0,0,,,,,,0,,,,283605,8348,0
2166,203.95433402061462,2026-03-05T17:40:48.214211,2.04,0.0,1.96,0.0,0.0,0.0,0.0,41.97,11.49,0.0,0.0,STRAIGHT,0.3,0.3,"CMD,0.0,0.30",1.2,0.0,1.2,0.0,0,0.9571,0,NORMAL,51.059,0.427,0,0,0,0,0,0.0,0,0,0,,,,,,0,,,,283605,8150,0
2167,204.1023268699646,2026-03-05T17:40:48.362204,83.04,0.0,3.97,3.03,0.0,0.0,0.0,132.99,11.09,0.0,0.0,STRAIGHT,0.3,0.3,"CMD,0.0,0.30",1.2,0.0,1.2,0.0,0,0.9677,0,NORMAL,51.283,0.397,0,0,0,0,0,0.0,11,3,0,,,,,,0,,,,274435,8488,406
2168,204.16133213043213,2026-03-05T17:40:48.421210,2.03,0.0,2.0,0.0,0.0,0.0,0.0,43.0,11.09,0.0,0.0,STRAIGHT,0.3,0.3,"CMD,0.0,0.30",1.2,0.0,1.2,0.0,0,0.9677,0,NORMAL,51.429,0.368,0,0,0,0,0,0.0,0,0,0,,,,,,0,,,,278737,8295,0
2169,204.21933269500732,2026-03-05T17:40:48.479210,2.03,0.0,2.01,0.0,0.0,0.0,0.0,42.01,11.47,0.0,0.0,STRAIGHT,0.3,0.3,"CMD,0.0,0.30",1.2,0.0,1.2,0.0,0,0.9677,0,NORMAL,51.63,0.327,0,0,0,0,0,0.0,0,0,0,,,,,,0,,,,278737,7915,0
2170,204.27732801437378,2026-03-05T17:40:48.537206,2.03,0.0,2.0,0.0,0.0,0.0,0.0,42.0,11.47,0.0,0.0,STRAIGHT,0.3,0.3,"CMD,0.0,0.30",1.2,0.0,1.2,0.0,0,0.9677,0,NORMAL,51.713,0.304,0,0,0,0,0,0.0,0,0,0,,,,,,0,,,,278737,7716,0
2171,204.4263277053833,2026-03-05T17:40:48.686205,84.04,0.0,3.97,2.96,0.0,0.0,0.0,132.98,11.07,0.0,0.0,STRAIGHT,0.3,0.3,"CMD,0.0,0.30",1.2,0.0,1.2,0.0,0,0.9494,0,NORMAL,51.74,0.268,0,0,0,0,0,0.0,7,2,0,,,,,,0,,,,270819,8305,346
2172,204.49130129814148,2026-03-05T17:40:48.751179,1.0,0.0,3.0,0.0,0.0,0.0,0.0,46.97,11.04,0.0,0.0,STRAIGHT,0.3,0.3,"CMD,0.0,0.30",1.2,0.0,1.2,0.0,0,0.9494,0,NORMAL,52.106,0.209,0,0,0,0,0,0.0,0,0,0,,,,,,0,,,,274464,8115,0
2173,204.55233311653137,2026-03-05T17:40:48.812211,0.96,0.0,3.0,0.0,0.0,0.0,0.0,43.01,11.41,0.0,0.0,STRAIGHT,0.3,0.3,"CMD,0.0,0.30",1.2,0.0,1.2,0.0,0,0.9494,0,NORMAL,52.152,0.169,0,0,0,0,0,0.0,0,0,0,,,,,,0,,,,274464,7746,0
2174,204.6113314628601,2026-03-05T17:40:48.871209,1.04,0.0,3.0,0.0,0.0,0.0,0.0,44.0,11.81,0.0,0.0,STRAIGHT,0.3,0.3,"CMD,0.0,0.30",1.2,0.0,1.2,0.0,0,0.9494,0,NORMAL,51.98,0.128,0,0,0,0,0,0.0,0,0,0,,,,,,0,,,,274464,7547,0
2175,204.75933361053467,2026-03-05T17:40:49.019211,85.04,0.0,3.97,2.96,0.0,0.0,0.0,133.0,11.78,0.0,0.0,STRAIGHT,0.3,0.3,"CMD,0.0,0.30",1.2,0.0,1.2,0.0,0,0.9501,0,NORMAL,52.14,0.061,0,0,0,0,0,0.0,7,2,0,,,,,,0,,,,259678,7682,343
2176,204.8173325061798,2026-03-05T17:40:49.077210,1.04,0.0,2.99,0.0,0.0,0.0,0.0,43.03,12.25,0.0,0.0,STRAIGHT,0.3,0.3,"CMD,0.0,0.30",1.2,0.0,1.2,0.0,0,0.9501,0,NORMAL,52.323,0.014,0,0,0,0,0,0.0,0,0,0,,,,,,0,,,,262716,7497,0
2177,204.8776638507843,2026-03-05T17:40:49.137541,2.0,0.0,2.0,0.0,0.0,0.0,0.0,44.0,12.26,0.0,0.0,STRAIGHT,0.3,0.3,"CMD,0.0,0.30",1.2,0.0,1.2,0.0,0,0.9501,0,NORMAL,52.225,-0.016,0,0,0,0,0,0.0,0,0,0,,,,,,0,,,,262716,7150,0
2178,204.9363362789154,2026-03-05T17:40:49.196214,2.03,0.0,1.97,0.0,0.0,0.0,0.0,41.97,12.26,0.0,0.0,STRAIGHT,0.3,0.3,"CMD,0.0,0.30",1.2,0.0,1.2,0.0,0,0.9501,0,NORMAL,52.284,-0.055,0,0,0,0,0,0.0,0,0,0,,,,,,0,,,,262716,6960,0
2179,205.08333706855774,2026-03-05T17:40:49.343215,84.03,0.0,4.0,3.0,0.0,0.0,0.0,132.0,11.81,0.0,0.0,STRAIGHT,0.3,0.3,"CMD,0.0,0.30",1.2,0.0,1.2,0.0,0,0.9614,0,NORMAL,52.497,-0.1,0,0,0,0,0,0.0,7,2,0,,,,,,0,,,,252520,7179,345
2180,205.14233827590942,2026-03-05T17:40:49.402216,2.06,0.0,1.98,0.0,0.0,0.0,0.0,43.0,12.26,0.0,0.0,STRAIGHT,0.3,0.3,"CMD,0.0,0.30",1.2,0.0,1.2,0.0,0,0.9614,0,NORMAL,52.825,-0.136,0,0,0,0,0,0.0,0,0,0,,,,,,0,,,,256227,7000,0
2181,205.201336145401,2026-03-05T17:40:49.461214,2.04,0.0,2.0,0.0,0.0,0.0,0.0,43.0,12.26,0.0,0.0,STRAIGHT,0.3,0.3,"CMD,0.0,0.30",1.2,0.0,1.2,0.0,0,0.9614,0,NORMAL,53.138,-0.164,0,0,0,0,0,0.0,0,0,0,,,,,,0,,,,256227,6649,0
2182,205.25933575630188,2026-03-05T17:40:49.519213,2.0,0.0,2.03,0.0,0.0,0.0,0.0,42.0,12.28,0.0,0.0,STRAIGHT,0.3,0.3,"CMD,0.0,0.30",1.2,0.0,1.2,0.0,0,0.9614,0,NORMAL,53.537,-0.193,0,0,0,0,0,0.0,0,0,0,,,,,,0,,,,256227,6466,0
2183,205.40933847427368,2026-03-05T17:40:49.669216,84.03,0.0,5.0,3.0,0.0,0.0,0.0,133.0,11.84,0.0,0.0,STRAIGHT,0.3,0.3,"CMD,0.0,0.30",1.2,0.0,1.2,0.0,0,0.9596,0,NORMAL,53.97,-0.213,0,0,0,0,0,0.0,7,2,0,,,,,,0,,,,248803,6443,318
2184,205.46933913230896,2026-03-05T17:40:49.729217,2.04,0.0,3.0,0.0,0.0,0.0,0.0,43.99,12.29,0.0,0.0,STRAIGHT,0.3,0.3,"CMD,0.0,0.30",1.2,0.0,1.2,0.0,0,0.9596,0,NORMAL,54.494,-0.242,0,0,0,0,0,0.0,0,0,0,,,,,,0,,,,252967,6265,0
2185,205.5343382358551,2026-03-05T17:40:49.794216,2.03,0.0,2.0,0.0,0.0,0.0,0.0,47.99,12.28,0.0,0.0,STRAIGHT,0.3,0.3,"CMD,0.0,0.30",1.2,0.0,1.2,0.0,0,0.9596,0,NORMAL,54.926,-0.254,0,0,0,0,0,0.0,0,0,0,,,,,,0,,,,252967,5933,0
2186,205.5933392047882,2026-03-05T17:40:49.853217,2.05,0.0,1.95,0.0,0.0,0.0,0.0,41.96,12.3,0.0,0.0,STRAIGHT,0.3,0.3,"CMD,0.0,0.30",1.2,0.0,1.2,0.0,0,0.9596,0,NORMAL,55.409,-0.276,0,0,0,0,0,0.0,0,0,0,,,,,,0,,,,252967,5750,0
2187,205.7413079738617,2026-03-05T17:40:50.001185,83.01,0.0,5.0,2.0,0.0,0.0,0.0,132.97,11.84,0.0,0.0,STRAIGHT,0.3,0.3,"CMD,0.0,0.30",1.2,0.0,1.2,0.0,0,0.9665,0,NORMAL,55.935,-0.298,0,0,0,0,0,0.0,2,1,0,,,,,,0,,,,248280,6071,300
2188,205.79934072494507,2026-03-05T17:40:50.059218,2.03,0.0,2.0,0.0,0.0,0.0,0.0,42.03,12.34,0.0,0.0,STRAIGHT,0.3,0.3,"CMD,0.0,0.30",1.2,0.0,1.2,0.0,0,0.9665,0,NORMAL,56.517,-0.325,0,0,0,0,0,0.0,0,0,0,,,,,,0,,,,252874,5894,0
2189,205.85834193229675,2026-03-05T17:40:50.118219,2.03,0.0,3.0,0.0,0.0,0.0,0.0,44.0,12.35,0.0,0.0,STRAIGHT,0.3,0.3,"CMD,0.0,0.30",1.2,0.0,1.2,0.0,0,0.9665,0,NORMAL,56.615,-0.325,0,0,0,0,0,0.0,0,0,0,,,,,,0,,,,252874,5550,0
2190,205.91831302642822,2026-03-05T17:40:50.178190,2.0,0.0,2.0,0.0,0.0,0.0,0.0,44.97,12.35,0.0,0.0,STRAIGHT,0.3,0.3,"CMD,0.0,0.30",1.2,0.0,1.2,0.0,0,0.9665,0,NORMAL,56.954,-0.341,0,0,0,0,0,0.0,0,0,0,,,,,,0,,,,252874,5364,0
2191,206.06735110282898,2026-03-05T17:40:50.327228,84.0,0.0,5.03,2.0,0.0,0.0,0.0,133.01,11.89,0.0,0.0,STRAIGHT,0.3,0.3,"CMD,0.0,0.30",1.2,0.0,1.2,0.0,0,0.958,0,NORMAL,57.087,-0.356,0,0,0,0,0,0.0,7,2,0,,,,,,0,,,,242391,5665,307
2192,206.12634348869324,2026-03-05T17:40:50.386221,2.03,0.0,2.0,0.0,0.0,0.0,0.0,43.0,12.34,0.0,0.0,STRAIGHT,0.3,0.3,"CMD,0.0,0.30",1.2,0.0,1.2,0.0,0,0.958,0,NORMAL,57.16,-0.358,0,0,0,0,0,0.0,0,0,0,,,,,,0,,,,245928,5495,0
2193,206.1843466758728,2026-03-05T17:40:50.444224,2.03,0.0,2.0,0.0,0.0,0.0,0.0,42.0,12.34,0.0,0.0,STRAIGHT,0.3,0.3,"CMD,0.0,0.30",1.2,0.0,1.2,0.0,0,0.958,0,NORMAL,56.968,-0.351,0,0,0,0,0,0.0,0,0,0,,,,,,0,,,,245928,5166,0
2194,206.24334526062012,2026-03-05T17:40:50.503223,2.04,0.0,1.96,0.0,0.0,0.0,0.0,41.96,12.36,0.0,0.0,STRAIGHT,0.3,0.3,"CMD,0.0,0.30",1.2,0.0,1.2,0.0,0,0.958,0,NORMAL,56.82,-0.352,0,0,0,0,0,0.0,0,0,0,,,,,,0,,,,245928,4989,0
2195,206.39134573936462,2026-03-05T17:40:50.651223,85.03,0.0,5.0,2.0,1.04,0.0,0.0,133.0,11.89,0.0,0.0,STRAIGHT,0.3,0.3,"CMD,0.0,0.30",1.2,0.0,1.2,0.0,0,0.9619,0,NORMAL,57.133,-0.368,0,0,0,0,0,0.0,7,2,0,,,,,,0,,,,236694,5562,284
2196,206.4503457546234,2026-03-05T17:40:50.710223,2.04,0.0,1.96,0.0,0.0,0.0,0.0,42.0,12.36,0.0,0.0,STRAIGHT,0.3,0.3,"CMD,0.0,0.30",1.2,0.0,1.2,0.0,0,0.9619,0,NORMAL,57.336,-0.359,0,0,0,0,0,0.0,0,0,0,,,,,,0,,,,239437,5396,0
2197,206.51134991645813,2026-03-05T17:40:50.771227,2.03,0.0,3.0,0.0,0.0,0.0,0.0,46.0,12.34,0.0,0.0,STRAIGHT,0.3,0.3,"CMD,0.0,0.30",1.2,0.0,1.2,0.0,0,0.9619,0,NORMAL,57.426,-0.343,0,0,0,0,0,0.0,0,0,0,,,,,,0,,,,239437,5064,0
2198,206.57134890556335,2026-03-05T17:40:50.831226,3.04,0.0,2.0,0.0,0.0,0.0,0.0,44.0,12.33,0.0,0.0,STRAIGHT,0.3,0.3,"CMD,0.0,0.30",1.2,0.0,1.2,0.0,0,0.9619,0,NORMAL,57.699,-0.332,0,0,0,0,0,0.0,0,0,0,,,,,,0,,,,239437,4898,0
2199,206.72034788131714,2026-03-05T17:40:50.980225,84.03,0.0,4.97,3.04,0.0,0.0,0.0,134.0,11.87,0.0,0.0,STRAIGHT,0.3,0.3,"CMD,0.0,0.30",1.2,0.0,1.2,0.0,0,0.9705,0,NORMAL,57.94,-0.314,0,0,0,0,0,0.0,7,2,0,,,,,,0,,,,239288,5485,280
2200,206.78034806251526,2026-03-05T17:40:51.040226,2.03,0.0,2.0,0.0,0.0,0.0,0.0,44.0,12.32,0.0,0.0,STRAIGHT,0.3,0.3,"CMD,0.0,0.30",1.2,0.0,1.2,0.0,0,0.9705,0,NORMAL,57.83,-0.29,0,0,0,0,0,0.0,0,0,0,,,,,,0,,,,242424,5321,0
2201,206.83834958076477,2026-03-05T17:40:51.098227,2.03,0.0,2.0,0.0,0.0,0.0,0.0,43.0,12.36,0.0,0.0,STRAIGHT,0.3,0.3,"CMD,0.0,0.30",1.2,0.0,1.2,0.0,0,0.9705,0,NORMAL,58.243,-0.292,0,0,0,0,0,0.0,0,0,0,,,,,,0,,,,242424,4994,0
2202,206.89835023880005,2026-03-05T17:40:51.158228,2.04,0.0,2.0,0.0,0.0,0.0,0.0,44.0,12.36,0.0,0.0,STRAIGHT,0.3,0.3,"CMD,0.0,0.30",1.2,0.0,1.2,0.0,0,0.9705,0,NORMAL,58.545,-0.273,0,0,0,0,0,0.0,0,0,0,,,,,,0,,,,242424,4830,0
2203,207.04635381698608,2026-03-05T17:40:51.306231,84.03,0.0,4.0,3.0,0.0,0.0,1.04,132.0,11.91,0.0,0.0,STRAIGHT,0.3,0.3,"CMD,0.0,0.30",1.2,0.0,1.2,0.0,0,0.9701,0,NORMAL,58.684,-0.258,0,0,0,0,0,0.0,10,2,0,,,,,,0,,,,237023,5260,282
2204,207.10435128211975,2026-03-05T17:40:51.364229,2.0,0.0,2.0,0.0,0.0,0.0,0.0,42.0,12.37,0.0,0.0,STRAIGHT,0.3,0.3,"CMD,0.0,0.30",1.2,0.0,1.2,0.0,0,0.9701,0,NORMAL,58.877,-0.283,0,0,0,0,0,0.0,0,0,0,,,,,,0,,,,240112,5100,0
2205,207.16234874725342,2026-03-05T17:40:51.422226,2.04,0.0,2.0,0.0,0.0,0.0,0.0,42.99,12.37,0.0,0.0,STRAIGHT,0.3,0.3,"CMD,0.0,0.30",1.2,0.0,1.2,0.0,0,0.9701,0,NORMAL,59.14,-0.29,0,0,0,0,0,0.0,0,0,0,,,,,,0,,,,240112,4785,0
2206,207.22035241127014,2026-03-05T17:40:51.480230,2.04,0.0,2.0,0.0,0.0,0.0,0.0,42.0,12.38,0.0,0.0,STRAIGHT,0.3,0.3,"CMD,0.0,0.30",1.2,0.0,1.2,0.0,0,0.9701,0,NORMAL,58.887,-0.269,0,0,0,0,0,0.0,0,0,0,,,,,,0,,,,240112,4622,0
2207,207.3663547039032,2026-03-05T17:40:51.626232,81.98,0.0,5.01,1.97,0.0,0.0,0.0,131.0,11.93,0.0,0.0,STRAIGHT,0.3,0.3,"CMD,0.0,0.30",1.2,0.0,1.2,0.0,0,0.9651,0,NORMAL,58.15,-0.271,0,0,0,0,0,0.0,2,1,0,,,,,,0,,,,231681,4924,252
2208,207.42535424232483,2026-03-05T17:40:51.685232,1.03,0.0,3.0,0.0,0.0,0.0,0.0,43.0,12.38,0.0,0.0,STRAIGHT,0.3,0.3,"CMD,0.0,0.30",1.2,0.0,1.2,0.0,0,0.9651,0,NORMAL,57.582,-0.287,0,0,0,0,0,0.0,0,0,0,,,,,,0,,,,235375,4769,0
2209,207.484356880188,2026-03-05T17:40:51.744234,2.04,0.0,1.99,0.0,0.0,0.0,0.0,42.0,12.38,0.0,0.0,STRAIGHT,0.3,0.3,"CMD,0.0,0.30",1.2,0.0,1.2,0.0,0,0.9651,0,NORMAL,57.03,-0.299,0,0,0,0,0,0.0,0,0,0,,,,,,0,,,,235375,4472,0
2210,207.5513255596161,2026-03-05T17:40:51.811203,2.0,0.0,2.0,0.0,0.0,0.0,0.0,49.97,12.34,0.0,0.0,STRAIGHT,0.3,0.3,"CMD,0.0,0.30",1.2,0.0,1.2,0.0,0,0.9651,0,NORMAL,56.742,-0.297,0,0,0,0,0,0.0,0,0,0,,,,,,0,,,,235375,4316,0
2211,207.7064905166626,2026-03-05T17:40:51.966368,88.17,0.0,5.0,2.0,1.03,0.0,0.0,140.13,11.85,0.0,0.0,STRAIGHT,0.3,0.3,"CMD,0.0,0.30",1.2,0.0,1.2,0.0,0,0.967,0,NORMAL,56.12,-0.292,0,0,0,0,0,0.0,11,2,0,,,,,,0,,,,227984,4718,299
2212,207.7664930820465,2026-03-05T17:40:52.026371,2.0,0.0,2.0,0.0,0.0,0.0,0.0,45.0,12.3,0.0,0.0,STRAIGHT,0.3,0.3,"CMD,0.0,0.30",1.2,0.0,1.2,0.0,0,0.967,0,NORMAL,55.919,-0.291,0,0,0,0,0,0.0,0,0,0,,,,,,0,,,,231772,4568,0
2213,207.82649111747742,2026-03-05T17:40:52.086369,2.0,0.0,2.03,0.0,0.0,0.0,0.0,44.0,12.3,0.0,0.0,STRAIGHT,0.3,0.3,"CMD,0.0,0.30",1.2,0.0,1.2,0.0,0,0.967,0,NORMAL,56.297,-0.295,0,0,0,0,0,0.0,0,0,0,,,,,,0,,,,231772,4268,0
2214,207.88749265670776,2026-03-05T17:40:52.147370,2.03,0.0,1.97,0.0,0.0,0.0,0.0,43.97,12.33,0.0,0.0,STRAIGHT,0.3,0.3,"CMD,0.0,0.30",1.2,0.0,1.2,0.0,0,0.967,0,NORMAL,57.035,-0.307,0,0,0,0,0,0.0,0,0,0,,,,,,0,,,,231772,4119,0
2215,208.03649616241455,2026-03-05T17:40:52.296374,84.03,0.0,5.0,2.03,0.0,0.0,0.0,133.99,11.86,0.0,0.0,STRAIGHT,0.3,0.3,"CMD,0.0,0.30",1.2,0.0,1.2,0.0,0,0.9709,0,NORMAL,57.617,-0.303,0,0,0,0,0,0.0,7,2,0,,,,,,0,,,,227589,4655,268
2216,208.0944607257843,2026-03-05T17:40:52.354338,2.04,0.0,1.96,0.0,0.0,0.0,0.0,42.97,12.32,0.0,0.0,STRAIGHT,0.3,0.3,"CMD,0.0,0.30",1.2,0.0,1.2,0.0,0,0.9709,0,NORMAL,58.358,-0.294,0,0,0,0,0,0.0,0,0,0,,,,,,0,,,,231388,4506,0
2217,208.1534948348999,2026-03-05T17:40:52.413372,2.03,0.0,2.0,0.0,0.0,0.0,0.0,44.0,12.32,0.0,0.0,STRAIGHT,0.3,0.3,"CMD,0.0,0.30",1.2,0.0,1.2,0.0,0,0.9709,0,NORMAL,58.909,-0.291,0,0,0,0,0,0.0,0,0,0,,,,,,0,,,,231388,4208,0
2218,208.2114930152893,2026-03-05T17:40:52.471370,1.03,0.0,3.0,0.0,0.0,0.0,0.0,42.99,12.32,0.0,0.0,STRAIGHT,0.3,0.3,"CMD,0.0,0.30",1.2,0.0,1.2,0.0,0,0.9709,0,NORMAL,58.667,-0.278,0,0,0,0,0,0.0,0,0,0,,,,,,0,,,,231388,4059,0
2219,208.3594970703125,2026-03-05T17:40:52.619375,84.04,0.0,4.0,2.96,0.0,0.0,0.0,133.0,11.88,0.0,0.0,STRAIGHT,0.3,0.3,"CMD,0.0,0.30",1.2,0.0,1.2,0.0,0,0.9706,0,NORMAL,58.944,-0.279,0,0,0,0,0,0.0,7,2,0,,,,,,0,,,,229298,4592,266
2220,208.41750073432922,2026-03-05T17:40:52.677378,2.03,0.0,1.97,0.0,0.0,0.0,0.0,40.97,12.35,0.0,0.0,STRAIGHT,0.3,0.3,"CMD,0.0,0.30",1.2,0.0,1.2,0.0,0,0.9706,0,NORMAL,59.067,-0.277,0,0,0,0,0,0.0,0,0,0,,,,,,0,,,,232931,4442,0
2221,208.4754958152771,2026-03-05T17:40:52.735373,1.03,0.0,3.0,0.0,0.0,0.0,0.0,43.0,12.34,0.0,0.0,STRAIGHT,0.3,0.3,"CMD,0.0,0.30",1.2,0.0,1.2,0.0,0,0.9706,0,NORMAL,59.762,-0.27,0,0,0,0,0,0.0,0,0,0,,,,,,0,,,,232931,4142,0
2222,208.5355098247528,2026-03-05T17:40:52.795387,2.03,0.0,3.01,0.0,0.0,0.0,0.0,45.05,12.33,0.0,0.0,STRAIGHT,0.3,0.3,"CMD,0.0,0.30",1.2,0.0,1.2,0.0,0,0.9706,0,NORMAL,60.391,-0.264,0,0,0,0,0,0.0,0,0,0,,,,,,0,,,,232931,3992,0
2223,208.6894998550415,2026-03-05T17:40:52.949377,84.04,0.0,5.0,3.03,0.0,0.0,0.0,135.96,11.86,0.0,0.0,STRAIGHT,0.3,0.3,"CMD,0.0,0.30",1.2,0.0,1.2,0.0,0,0.9657,0,NORMAL,60.753,-0.281,0,0,0,0,0,0.0,13,2,0,,,,,,0,,,,226934,4321,290
2224,208.75050139427185,2026-03-05T17:40:53.010379,2.04,0.0,2.0,0.0,0.0,0.0,0.0,44.0,12.3,0.0,0.0,STRAIGHT,0.3,0.3,"CMD,0.0,0.30",1.2,0.0,1.2,0.0,0,0.9657,0,NORMAL,60.343,-0.263,0,0,0,0,0,0.0,0,0,0,,,,,,0,,,,229690,4174,0
2225,208.8115005493164,2026-03-05T17:40:53.071378,2.04,0.0,1.96,0.0,0.0,0.0,0.0,44.0,12.28,0.0,0.0,STRAIGHT,0.3,0.3,"CMD,0.0,0.30",1.2,0.0,1.2,0.0,0,0.9657,0,NORMAL,60.594,-0.245,0,0,0,0,0,0.0,0,0,0,,,,,,0,,,,229690,3882,0
2226,208.87051367759705,2026-03-05T17:40:53.130391,2.03,0.0,1.98,0.0,0.0,0.0,0.0,44.01,12.29,0.0,0.0,STRAIGHT,0.3,0.3,"CMD,0.0,0.30",1.2,0.0,1.2,0.0,0,0.9657,0,NORMAL,60.076,-0.226,0,0,0,0,0,0.0,0,0,0,,,,,,0,,,,229690,3735,0
2227,209.02050065994263,2026-03-05T17:40:53.280378,82.99,0.0,4.97,3.03,0.0,0.0,0.0,135.0,11.84,0.0,0.0,STRAIGHT,0.3,0.3,"CMD,0.0,0.30",1.2,0.0,1.2,0.0,0,0.9715,0,NORMAL,60.737,-0.212,0,0,0,0,0,0.0,11,2,0,,,,,,0,,,,226533,4441,289
2228,209.07950019836426,2026-03-05T17:40:53.339378,2.03,0.0,1.97,0.0,0.0,0.0,0.0,42.97,12.3,0.0,0.0,STRAIGHT,0.3,0.3,"CMD,0.0,0.30",1.2,0.0,1.2,0.0,0,0.9715,0,NORMAL,60.719,-0.196,0,0,0,0,0,0.0,0,0,0,,,,,,0,,,,230071,4293,0
2229,209.1365020275116,2026-03-05T17:40:53.396379,2.03,0.0,1.97,0.0,0.0,0.0,1.03,43.0,12.31,0.0,0.0,STRAIGHT,0.3,0.3,"CMD,0.0,0.30",1.2,0.0,1.2,0.0,0,0.9715,0,NORMAL,60.588,-0.182,0,0,0,0,0,0.0,0,0,0,,,,,,0,,,,230071,3997,0
2230,209.19451475143433,2026-03-05T17:40:53.454392,1.04,0.0,1.96,0.0,0.0,0.0,1.05,43.0,12.31,0.0,0.0,STRAIGHT,0.3,0.3,"CMD,0.0,0.30",1.2,0.0,1.2,0.0,0,0.9715,0,NORMAL,61.062,-0.17,0,0,0,0,0,0.0,0,0,0,,,,,,0,,,,230071,3849,0
2231,209.3425064086914,2026-03-05T17:40:53.602384,84.03,0.0,4.0,3.0,0.0,0.0,0.0,131.97,11.87,0.0,0.0,STRAIGHT,0.3,0.3,"CMD,0.0,0.30",1.2,0.0,1.2,0.0,0,0.9784,0,NORMAL,61.848,-0.159,0,0,0,0,0,0.0,11,2,0,,,,,,0,,,,227483,4456,289
2232,209.3994710445404,2026-03-05T17:40:53.659349,2.03,0.0,1.97,0.0,0.0,0.0,0.0,42.0,12.32,0.0,0.0,STRAIGHT,0.3,0.3,"CMD,0.0,0.30",1.2,0.0,1.2,0.0,0,0.9784,0,NORMAL,62.518,-0.139,0,0,0,0,0,0.0,0,0,0,,,,,,0,,,,231600,4306,0
2233,209.45950603485107,2026-03-05T17:40:53.719384,2.03,0.0,3.0,0.0,0.0,0.0,0.0,42.99,12.31,0.0,0.0,STRAIGHT,0.3,0.3,"CMD,0.0,0.30",1.2,0.0,1.2,0.0,0,0.9784,0,NORMAL,63.211,-0.126,0,0,0,0,0,0.0,0,0,0,,,,,,0,,,,231600,4006,0
2234,209.5165069103241,2026-03-05T17:40:53.776384,2.03,0.0,2.0,0.0,0.0,0.0,0.0,42.0,12.32,0.0,0.0,STRAIGHT,0.3,0.3,"CMD,0.0,0.30",1.2,0.0,1.2,0.0,0,0.9784,0,NORMAL,63.124,-0.111,0,0,0,0,0,0.0,0,0,0,,,,,,0,,,,231600,3856,0
2235,209.66850686073303,2026-03-05T17:40:53.928384,85.97,0.0,5.03,3.0,0.0,0.0,0.0,137.0,11.85,0.0,0.0,STRAIGHT,0.3,0.3,"CMD,0.0,0.30",1.2,0.0,1.2,0.0,0,0.9746,0,NORMAL,62.727,-0.088,0,0,0,0,0,0.0,7,2,0,,,,,,0,,,,230204,4626,271
2236,209.72850847244263,2026-03-05T17:40:53.988386,2.04,0.0,1.96,0.0,0.0,0.0,0.0,41.97,12.28,0.0,0.0,STRAIGHT,0.3,0.3,"CMD,0.0,0.30",1.2,0.0,1.2,0.0,0,0.9746,0,NORMAL,62.33,-0.081,0,0,0,0,0,0.0,0,0,0,,,,,,0,,,,233947,4474,0
2237,209.7855064868927,2026-03-05T17:40:54.045384,2.03,0.0,2.0,0.0,0.0,0.0,0.0,42.0,12.29,0.0,0.0,STRAIGHT,0.3,0.3,"CMD,0.0,0.30",1.2,0.0,1.2,0.0,0,0.9746,0,NORMAL,62.85,-0.107,0,0,0,0,0,0.0,0,0,0,,,,,,0,,,,233947,4170,0
2238,209.84451508522034,2026-03-05T17:40:54.104393,2.04,0.0,3.01,0.0,0.0,0.0,0.0,44.01,12.29,0.0,0.0,STRAIGHT,0.3,0.3,"CMD,0.0,0.30",1.2,0.0,1.2,0.0,0,0.9746,0,NORMAL,62.476,-0.085,0,0,0,0,0,0.0,0,0,0,,,,,,0,,,,233947,4018,0
2239,209.9935073852539,2026-03-05T17:40:54.253385,82.03,0.0,4.97,2.0,0.0,0.0,0.0,133.0,11.87,0.0,0.0,STRAIGHT,0.3,0.3,"CMD,0.0,0.30",1.2,0.0,1.2,0.0,0,0.9683,0,NORMAL,61.994,-0.072,0,0,0,0,0,0.0,2,1,0,,,,,,0,,,,228565,4559,250
2240,210.0515103340149,2026-03-05T17:40:54.311388,2.04,0.0,2.0,0.0,0.0,0.0,0.0,43.0,12.37,0.0,0.0,STRAIGHT,0.3,0.3,"CMD,0.0,0.30",1.2,0.0,1.2,0.0,0,0.9683,0,NORMAL,62.32,-0.109,0,0,0,0,0,0.0,0,0,0,,,,,,0,,,,232496,4409,0
2241,210.10951590538025,2026-03-05T17:40:54.369394,2.0,0.0,2.04,0.0,0.0,0.0,0.0,43.01,12.38,0.0,0.0,STRAIGHT,0.3,0.3,"CMD,0.0,0.30",1.2,0.0,1.2,0.0,0,0.9683,0,NORMAL,62.609,-0.127,0,0,0,0,0,0.0,0,0,0,,,,,,0,,,,232496,4110,0
2242,210.16747903823853,2026-03-05T17:40:54.427356,0.97,0.0,3.0,0.0,0.0,0.0,0.0,43.0,12.39,0.0,0.0,STRAIGHT,0.3,0.3,"CMD,0.0,0.30",1.2,0.0,1.2,0.0,0,0.9683,0,NORMAL,62.179,-0.097,0,0,0,0,0,0.0,0,0,0,,,,,,0,,,,232496,3959,0
2243,210.31451082229614,2026-03-05T17:40:54.574388,83.03,0.0,5.0,2.0,0.0,0.0,0.0,130.99,11.94,0.0,0.0,STRAIGHT,0.3,0.3,"CMD,0.0,0.30",1.2,0.0,1.2,0.0,0,0.9673,0,NORMAL,61.923,-0.096,0,0,0,0,0,0.0,2,1,0,,,,,,0,,,,224704,4591,240
2244,210.373517036438,2026-03-05T17:40:54.633395,2.04,0.0,3.0,0.0,0.0,0.0,0.0,43.01,12.41,0.0,0.0,STRAIGHT,0.3,0.3,"CMD,0.0,0.30",1.2,0.0,1.2,0.0,0,0.9673,0,NORMAL,62.152,-0.109,0,0,0,0,0,0.0,0,0,0,,,,,,0,,,,227795,4445,0
2245,210.4345142841339,2026-03-05T17:40:54.694392,1.03,0.0,3.0,0.0,0.0,0.0,0.0,43.99,12.39,0.0,0.0,STRAIGHT,0.3,0.3,"CMD,0.0,0.30",1.2,0.0,1.2,0.0,0,0.9673,0,NORMAL,62.483,-0.102,0,0,0,0,0,0.0,0,0,0,,,,,,0,,,,227795,4155,0
2246,210.49251103401184,2026-03-05T17:40:54.752388,2.03,0.0,3.0,0.0,0.0,0.0,0.0,42.99,12.4,0.0,0.0,STRAIGHT,0.3,0.3,"CMD,0.0,0.30",1.2,0.0,1.2,0.0,0,0.9673,0,NORMAL,62.843,-0.09,0,0,0,0,0,0.0,0,0,0,,,,,,0,,,,227795,4008,0
2247,210.64652466773987,2026-03-05T17:40:54.906402,90.03,0.0,4.97,2.03,0.0,0.0,0.0,139.05,11.91,0.0,0.0,STRAIGHT,0.3,0.3,"CMD,0.0,0.30",1.2,0.0,1.2,0.0,0,0.9701,0,NORMAL,63.405,-0.099,0,0,0,0,0,0.0,2,1,0,,,,,,0,,,,225218,4430,240
2248,210.7055163383484,2026-03-05T17:40:54.965394,2.03,0.0,2.0,0.0,0.0,0.0,0.0,43.0,12.36,0.0,0.0,STRAIGHT,0.3,0.3,"CMD,0.0,0.30",1.2,0.0,1.2,0.0,0,0.9701,0,NORMAL,64.19,-0.105,0,0,0,0,0,0.0,0,0,0,,,,,,0,,,,228560,4285,0
2249,210.76352095603943,2026-03-05T17:40:55.023398,2.03,0.0,2.01,0.0,0.0,0.0,0.0,42.01,12.36,0.0,0.0,STRAIGHT,0.3,0.3,"CMD,0.0,0.30",1.2,0.0,1.2,0.0,0,0.9701,0,NORMAL,64.767,-0.098,0,0,0,0,0,0.0,0,0,0,,,,,,0,,,,228560,4001,0
2250,210.82151675224304,2026-03-05T17:40:55.081394,1.04,0.0,1.95,0.0,0.0,0.0,0.0,43.0,12.36,0.0,0.0,STRAIGHT,0.3,0.3,"CMD,0.0,0.30",1.2,0.0,1.2,0.0,0,0.9701,0,NORMAL,65.156,-0.089,0,0,0,0,0,0.0,0,0,0,,,,,,0,,,,228560,3853,0
2251,210.97251892089844,2026-03-05T17:40:55.232396,84.0,0.0,5.04,2.0,0.0,0.0,1.04,136.0,11.9,0.0,0.0,STRAIGHT,0.3,0.3,"CMD,0.0,0.30",1.2,0.0,1.2,0.0,0,0.9686,0,NORMAL,65.393,-0.082,0,0,0,0,0,0.0,2,1,0,,,,,,0,,,,228913,4463,240
2252,211.0304856300354,2026-03-05T17:40:55.290363,2.0,0.0,2.0,0.0,0.0,0.0,0.0,41.97,12.38,0.0,0.0,STRAIGHT,0.3,0.3,"CMD,0.0,0.30",1.2,0.0,1.2,0.0,0,0.9686,0,NORMAL,65.817,-0.097,0,0,0,0,0,0.0,0,0,0,,,,,,0,,,,231918,4319,0
2253,211.08852410316467,2026-03-05T17:40:55.348401,2.03,0.0,1.97,0.0,0.0,0.0,1.04,42.01,12.4,0.0,0.0,STRAIGHT,0.3,0.3,"CMD,0.0,0.30",1.2,0.0,1.2,0.0,0,0.9686,0,NORMAL,66.063,-0.084,0,0,0,0,0,0.0,0,0,0,,,,,,0,,,,231918,4032,0
2254,211.14551639556885,2026-03-05T17:40:55.405394,2.05,0.0,1.98,0.0,0.0,0.0,0.0,42.0,12.42,0.0,0.0,STRAIGHT,0.3,0.3,"CMD,0.0,0.30",1.2,0.0,1.2,0.0,0,0.9686,0,NORMAL,65.554,-0.048,0,0,0,0,0,0.0,0,0,0,,,,,,0,,,,231918,3888,0
2255,211.29248642921448,2026-03-05T17:40:55.552364,83.04,0.0,5.0,2.0,1.03,0.0,0.0,131.97,11.97,0.0,0.0,STRAIGHT,0.3,0.3,"CMD,0.0,0.30",1.2,0.0,1.2,0.0,0,0.9709,0,NORMAL,65.595,-0.063,0,0,0,0,0,0.0,7,2,0,,,,,,0,,,,228472,4360,257
2256,211.35052061080933,2026-03-05T17:40:55.610398,2.03,0.0,2.0,0.0,0.0,0.0,0.0,42.0,12.45,0.0,0.0,STRAIGHT,0.3,0.3,"CMD,0.0,0.30",1.2,0.0,1.2,0.0,0,0.9709,0,NORMAL,65.585,-0.057,0,0,0,0,0,0.0,0,0,0,,,,,,0,,,,231261,4219,0
2257,211.4085190296173,2026-03-05T17:40:55.668397,2.03,0.0,2.0,0.0,0.0,0.0,0.0,42.0,12.45,0.0,0.0,STRAIGHT,0.3,0.3,"CMD,0.0,0.30",1.2,0.0,1.2,0.0,0,0.9709,0,NORMAL,65.572,-0.04,0,0,0,0,0,0.0,0,0,0,,,,,,0,,,,231261,3942,0
2258,211.46652007102966,2026-03-05T17:40:55.726398,2.04,0.0,2.0,0.0,0.0,0.0,0.0,43.0,12.45,0.0,0.0,STRAIGHT,0.3,0.3,"CMD,0.0,0.30",1.2,0.0,1.2,0.0,0,0.9709,0,NORMAL,64.974,-0.004,0,0,0,0,0,0.0,0,0,0,,,,,,0,,,,231261,3801,0
2259,211.61452198028564,2026-03-05T17:40:55.874399,83.04,0.0,3.96,2.03,0.0,0.0,0.0,131.0,11.98,0.0,0.0,STRAIGHT,0.3,0.3,"CMD,0.0,0.30",1.2,0.0,1.2,0.0,0,0.9593,0,NORMAL,64.41,0.019,0,0,0,0,0,0.0,7,2,0,,,,,,0,,,,230116,4646,273
2260,211.67552280426025,2026-03-05T17:40:55.935400,2.04,0.0,3.0,0.0,0.0,0.0,0.0,45.0,12.42,0.0,0.0,STRAIGHT,0.3,0.3,"CMD,0.0,0.30",1.2,0.0,1.2,0.0,0,0.9593,0,NORMAL,64.583,0.012,0,0,0,0,0,0.0,0,0,0,,,,,,0,,,,232876,4504,0
2261,211.73652505874634,2026-03-05T17:40:55.996403,1.03,0.0,3.0,0.0,0.0,0.0,0.0,45.0,12.41,0.0,0.0,STRAIGHT,0.3,0.3,"CMD,0.0,0.30",1.2,0.0,1.2,0.0,0,0.9593,0,NORMAL,64.653,0.033,0,0,0,0,0,0.0,0,0,0,,,,,,0,,,,232876,4220,0
2262,211.7955243587494,2026-03-05T17:40:56.055402,2.03,0.0,3.0,0.0,0.0,0.0,0.0,43.0,12.41,0.0,0.0,STRAIGHT,0.3,0.3,"CMD,0.0,0.30",1.2,0.0,1.2,0.0,0,0.9593,0,NORMAL,64.432,0.067,0,0,0,0,0,0.0,0,0,0,,,,,,0,,,,232876,4078,0
2263,211.94452786445618,2026-03-05T17:40:56.204405,85.03,0.0,3.97,3.0,0.0,0.0,0.0,133.0,11.94,0.0,0.0,STRAIGHT,0.3,0.3,"CMD,0.0,0.30",1.2,0.0,1.2,0.0,0,0.9732,0,NORMAL,64.768,0.077,0,0,0,0,0,0.0,7,2,0,,,,,,0,,,,230887,4700,261
2264,212.0044960975647,2026-03-05T17:40:56.264374,0.97,0.0,3.0,0.0,0.0,0.0,0.0,42.97,12.41,0.0,0.0,STRAIGHT,0.3,0.3,"CMD,0.0,0.30",1.2,0.0,1.2,0.0,0,0.9732,0,NORMAL,65.132,0.094,0,0,0,0,0,0.0,0,0,0,,,,,,0,,,,233806,4556,0
2265,212.0625193119049,2026-03-05T17:40:56.322397,1.03,0.0,3.0,0.0,0.0,0.0,0.0,42.99,12.42,0.0,0.0,STRAIGHT,0.3,0.3,"CMD,0.0,0.30",1.2,0.0,1.2,0.0,0,0.9732,0,NORMAL,65.228,0.115,0,0,0,0,0,0.0,0,0,0,,,,,,0,,,,233806,4270,0
2266,212.11949181556702,2026-03-05T17:40:56.379369,2.0,0.0,2.0,0.0,0.0,0.0,0.0,41.97,12.43,0.0,0.0,STRAIGHT,0.3,0.3,"CMD,0.0,0.30",1.2,0.0,1.2,0.0,0,0.9732,0,NORMAL,65.549,0.125,0,0,0,0,0,0.0,0,0,0,,,,,,0,,,,233806,4126,0
2267,212.2665274143219,2026-03-05T17:40:56.526405,84.03,0.0,3.97,2.04,0.0,0.0,0.0,129.97,11.98,0.0,0.0,STRAIGHT,0.3,0.3,"CMD,0.0,0.30",1.2,0.0,1.2,0.0,0,0.961,0,NORMAL,65.721,0.145,0,0,0,0,0,0.0,2,1,0,,,,,,0,,,,233914,4698,252
2268,212.3245289325714,2026-03-05T17:40:56.584406,2.03,0.0,3.0,0.0,0.0,0.0,0.0,42.0,12.44,0.0,0.0,STRAIGHT,0.3,0.3,"CMD,0.0,0.30",1.2,0.0,1.2,0.0,0,0.961,0,NORMAL,65.361,0.148,0,0,0,0,0,0.0,0,0,0,,,,,,0,,,,237111,4550,0
2269,212.38452887535095,2026-03-05T17:40:56.644406,2.03,0.0,2.0,0.0,0.0,0.0,0.0,43.0,12.44,0.0,0.0,STRAIGHT,0.3,0.3,"CMD,0.0,0.30",1.2,0.0,1.2,0.0,0,0.961,0,NORMAL,65.695,0.137,0,0,0,0,0,0.0,0,0,0,,,,,,0,,,,237111,4262,0
2270,212.442533493042,2026-03-05T17:40:56.702411,2.03,0.0,3.0,0.0,0.0,0.0,0.0,43.0,12.43,0.0,0.0,STRAIGHT,0.3,0.3,"CMD,0.0,0.30",1.2,0.0,1.2,0.0,0,0.961,0,NORMAL,65.443,0.146,0,0,0,0,0,0.0,0,0,0,,,,,,0,,,,237111,4114,0
2271,212.5985312461853,2026-03-05T17:40:56.858409,88.04,0.0,5.0,3.01,0.0,0.0,0.0,141.04,11.93,0.0,0.0,STRAIGHT,0.3,0.3,"CMD,0.0,0.30",1.2,0.0,1.2,0.0,0,0.9657,0,NORMAL,64.891,0.151,0,0,0,0,0,0.0,7,2,0,,,,,,0,,,,234853,4894,281
2272,212.6595320701599,2026-03-05T17:40:56.919409,1.0,0.0,4.0,0.0,0.0,0.0,0.0,45.0,12.37,0.0,0.0,STRAIGHT,0.3,0.3,"CMD,0.0,0.30",1.2,0.0,1.2,0.0,0,0.9657,0,NORMAL,64.842,0.145,0,0,0,0,0,0.0,0,0,0,,,,,,0,,,,238082,4745,0
2273,212.7235004901886,2026-03-05T17:40:56.983378,2.03,0.0,2.97,0.0,0.0,0.0,0.0,46.97,12.34,0.0,0.0,STRAIGHT,0.3,0.3,"CMD,0.0,0.30",1.2,0.0,1.2,0.0,0,0.9657,0,NORMAL,64.429,0.161,0,0,0,0,0,0.0,0,0,0,,,,,,0,,,,238082,4450,0
2274,212.7845025062561,2026-03-05T17:40:57.044380,1.97,0.0,2.0,0.0,0.0,0.0,0.0,45.97,12.34,0.0,0.0,STRAIGHT,0.3,0.3,"CMD,0.0,0.30",1.2,0.0,1.2,0.0,0,0.9657,0,NORMAL,63.91,0.178,0,0,0,0,0,0.0,0,0,0,,,,,,0,,,,238082,4300,0
2275,212.93553185462952,2026-03-05T17:40:57.195409,87.03,0.0,3.97,2.03,0.0,0.0,0.0,135.99,11.87,0.0,0.0,STRAIGHT,0.3,0.3,"CMD,0.0,0.30",1.2,0.0,1.2,0.0,0,0.9704,0,NORMAL,63.531,0.186,0,0,0,0,0,0.0,7,2,0,,,,,,0,,,,233322,4896,271
2276,212.99453377723694,2026-03-05T17:40:57.254411,2.03,0.0,1.97,0.0,0.0,0.0,0.0,42.96,12.36,0.0,0.0,STRAIGHT,0.3,0.3,"CMD,0.0,0.30",1.2,0.0,1.2,0.0,0,0.9704,0,NORMAL,63.735,0.183,0,0,0,0,0,0.0,0,0,0,,,,,,0,,,,235993,4746,0
2277,213.05253863334656,2026-03-05T17:40:57.312416,0.99,0.0,3.0,0.0,0.0,0.0,0.0,44.04,12.36,0.0,0.0,STRAIGHT,0.3,0.3,"CMD,0.0,0.30",1.2,0.0,1.2,0.0,0,0.9704,0,NORMAL,63.956,0.194,0,0,0,0,0,0.0,0,0,0,,,,,,0,,,,235993,4446,0
2278,213.1105477809906,2026-03-05T17:40:57.370425,1.0,0.0,3.05,0.0,0.0,0.0,0.0,43.01,12.36,0.0,0.0,STRAIGHT,0.3,0.3,"CMD,0.0,0.30",1.2,0.0,1.2,0.0,0,0.9704,0,NORMAL,63.988,0.207,0,0,0,0,0,0.0,0,0,0,,,,,,0,,,,235993,4296,0
2279,213.2595362663269,2026-03-05T17:40:57.519414,84.04,0.0,5.01,3.01,0.0,0.0,1.03,134.0,11.89,0.0,0.0,STRAIGHT,0.3,0.3,"CMD,0.0,0.30",1.2,0.0,1.2,0.0,0,0.9715,0,NORMAL,64.556,0.205,0,0,0,0,0,0.0,7,2,0,,,,,,0,,,,232973,4781,277
2280,213.3165385723114,2026-03-05T17:40:57.576416,2.03,0.0,2.0,0.0,0.0,0.0,0.0,42.04,12.37,0.0,0.0,STRAIGHT,0.3,0.3,"CMD,0.0,0.30",1.2,0.0,1.2,0.0,0,0.9715,0,NORMAL,65.072,0.21,0,0,0,0,0,0.0,0,0,0,,,,,,0,,,,235386,4630,0
2281,213.3755383491516,2026-03-05T17:40:57.635416,2.03,0.0,2.0,0.0,0.0,0.0,0.0,43.0,12.37,0.0,0.0,STRAIGHT,0.3,0.3,"CMD,0.0,0.30",1.2,0.0,1.2,0.0,0,0.9715,0,NORMAL,65.593,0.222,0,0,0,0,0,0.0,0,0,0,,,,,,0,,,,235386,4334,0
2282,213.43353867530823,2026-03-05T17:40:57.693416,1.0,0.0,2.01,0.0,0.0,0.0,0.99,43.04,12.37,0.0,0.0,STRAIGHT,0.3,0.3,"CMD,0.0,0.30",1.2,0.0,1.2,0.0,0,0.9715,0,NORMAL,65.732,0.237,0,0,0,0,0,0.0,0,0,0,,,,,,0,,,,235386,4182,0
2283,213.58253717422485,2026-03-05T17:40:57.842415,86.01,0.0,4.0,3.0,0.0,0.0,1.03,134.0,11.9,0.0,0.0,STRAIGHT,0.3,0.3,"CMD,0.0,0.30",1.2,0.0,1.2,0.0,0,0.9759,0,NORMAL,65.937,0.238,0,0,0,0,0,0.0,7,2,0,,,,,,0,,,,235861,4845,275
2284,213.6435420513153,2026-03-05T17:40:57.903419,1.0,0.0,3.04,0.0,0.0,0.0,0.0,45.03,12.33,0.0,0.0,STRAIGHT,0.3,0.3,"CMD,0.0,0.30",1.2,0.0,1.2,0.0,0,0.9759,0,NORMAL,66.196,0.227,0,0,0,0,0,0.0,0,0,0,,,,,,0,,,,238372,4692,0
2285,213.70651268959045,2026-03-05T17:40:57.966390,2.0,0.0,3.01,0.0,0.0,0.0,0.0,47.0,12.31,0.0,0.0,STRAIGHT,0.3,0.3,"CMD,0.0,0.30",1.2,0.0,1.2,0.0,0,0.9759,0,NORMAL,66.251,0.231,0,0,0,0,0,0.0,0,0,0,,,,,,0,,,,238372,4393,0
2286,213.76850771903992,2026-03-05T17:40:58.028385,3.0,0.0,3.0,0.0,0.0,0.0,0.0,46.0,12.29,0.0,0.0,STRAIGHT,0.3,0.3,"CMD,0.0,0.30",1.2,0.0,1.2,0.0,0,0.9759,0,NORMAL,66.391,0.241,0,0,0,0,0,0.0,0,0,0,,,,,,0,,,,238372,4240,0
2287,213.9225413799286,2026-03-05T17:40:58.182419,86.04,0.0,4.0,3.01,0.0,0.0,0.0,137.04,11.81,0.0,0.0,STRAIGHT,0.3,0.3,"CMD,0.0,0.30",1.2,0.0,1.2,0.0,0,0.9738,0,NORMAL,66.48,0.238,0,0,0,0,0,0.0,7,2,0,,,,,,0,,,,236816,4861,285
2288,213.9795422554016,2026-03-05T17:40:58.239420,2.04,0.0,1.96,0.0,0.0,0.0,0.0,40.97,12.27,0.0,0.0,STRAIGHT,0.3,0.3,"CMD,0.0,0.30",1.2,0.0,1.2,0.0,0,0.9738,0,NORMAL,65.914,0.234,0,0,0,0,0,0.0,0,0,0,,,,,,0,,,,239436,4709,0
2289,214.035542011261,2026-03-05T17:40:58.295419,2.03,0.0,2.0,0.0,0.0,0.0,0.0,41.0,12.29,0.0,0.0,STRAIGHT,0.3,0.3,"CMD,0.0,0.30",1.2,0.0,1.2,0.0,0,0.9738,0,NORMAL,65.469,0.258,0,0,0,0,0,0.0,0,0,0,,,,,,0,,,,239436,4414,0
2290,214.0925419330597,2026-03-05T17:40:58.352419,1.04,0.0,2.0,0.0,0.0,0.0,1.0,42.0,12.31,0.0,0.0,STRAIGHT,0.3,0.3,"CMD,0.0,0.30",1.2,0.0,1.2,0.0,0,0.9738,0,NORMAL,64.716,0.288,0,0,0,0,0,0.0,0,0,0,,,,,,0,,,,239436,4262,0
2291,214.23654317855835,2026-03-05T17:40:58.496421,83.03,0.0,4.0,2.0,0.0,0.0,0.0,130.0,11.88,0.0,0.0,STRAIGHT,0.3,0.3,"CMD,0.0,0.30",1.2,0.0,1.2,0.0,0,0.9712,0,NORMAL,64.069,0.308,0,0,0,0,0,0.0,2,1,0,,,,,,0,,,,235439,5132,256
2292,214.29354453086853,2026-03-05T17:40:58.553422,0.98,0.0,2.0,0.0,0.0,0.0,0.0,42.0,12.35,0.0,0.0,STRAIGHT,0.3,0.3,"CMD,0.0,0.30",1.2,0.0,1.2,0.0,0,0.9712,0,NORMAL,63.927,0.312,0,0,0,0,0,0.0,0,0,0,,,,,,0,,,,238072,4980,0
2293,214.351544380188,2026-03-05T17:40:58.611422,2.03,0.0,2.0,0.0,0.0,0.0,0.0,41.0,12.36,0.0,0.0,STRAIGHT,0.3,0.3,"CMD,0.0,0.30",1.2,0.0,1.2,0.0,0,0.9712,0,NORMAL,63.905,0.322,0,0,0,0,0,0.0,0,0,0,,,,,,0,,,,238072,4676,0
2294,214.40954446792603,2026-03-05T17:40:58.669422,2.04,0.0,2.0,0.0,0.0,0.0,0.0,43.0,12.36,0.0,0.0,STRAIGHT,0.3,0.3,"CMD,0.0,0.30",1.2,0.0,1.2,0.0,0,0.9712,0,NORMAL,63.903,0.336,0,0,0,0,0,0.0,0,0,0,,,,,,0,,,,238072,4524,0
2295,214.55554747581482,2026-03-05T17:40:58.815425,83.03,0.0,5.0,1.99,0.0,0.0,0.0,131.0,11.9,0.0,0.0,STRAIGHT,0.3,0.3,"CMD,0.0,0.30",1.2,0.0,1.2,0.0,0,0.9774,0,NORMAL,63.807,0.353,0,0,0,0,0,0.0,2,1,0,,,,,,0,,,,237273,5402,262
2296,214.61354660987854,2026-03-05T17:40:58.873424,1.03,0.0,3.0,0.0,0.0,0.0,0.0,43.0,12.35,0.0,0.0,STRAIGHT,0.3,0.3,"CMD,0.0,0.30",1.2,0.0,1.2,0.0,0,0.9774,0,NORMAL,63.845,0.367,0,0,0,0,0,0.0,0,0,0,,,,,,0,,,,240393,5246,0
2297,214.6715476512909,2026-03-05T17:40:58.931425,1.04,0.0,2.0,0.0,0.0,0.0,0.0,44.0,12.36,0.0,0.0,STRAIGHT,0.3,0.3,"CMD,0.0,0.30",1.2,0.0,1.2,0.0,0,0.9774,0,NORMAL,63.697,0.378,0,0,0,0,0,0.0,0,0,0,,,,,,0,,,,240393,4934,0
2298,214.7365472316742,2026-03-05T17:40:58.996425,2.04,0.0,3.0,0.0,0.0,0.0,0.0,50.0,12.32,0.0,0.0,STRAIGHT,0.3,0.3,"CMD,0.0,0.30",1.2,0.0,1.2,0.0,0,0.9774,0,NORMAL,63.639,0.385,0,0,0,0,0,0.0,0,0,0,,,,,,0,,,,240393,4778,0
2299,214.8865509033203,2026-03-05T17:40:59.146429,84.03,0.0,5.0,2.96,0.0,0.0,0.0,133.0,11.87,0.0,0.0,STRAIGHT,0.3,0.3,"CMD,0.0,0.30",1.2,0.0,1.2,0.0,0,0.9758,0,NORMAL,63.154,0.403,0,0,0,0,0,0.0,2,1,0,,,,,,0,,,,240515,5645,274
2300,214.94754910469055,2026-03-05T17:40:59.207427,1.03,0.0,3.0,0.0,0.0,0.0,0.0,43.0,12.35,0.0,0.0,STRAIGHT,0.3,0.3,"CMD,0.0,0.30",1.2,0.0,1.2,0.0,0,0.9758,0,NORMAL,63.201,0.408,0,0,0,0,0,0.0,0,0,0,,,,,,0,,,,243973,5486,0
2301,215.0045201778412,2026-03-05T17:40:59.264398,1.03,0.0,2.97,0.0,0.0,0.0,0.0,41.97,12.37,0.0,0.0,STRAIGHT,0.3,0.3,"CMD,0.0,0.30",1.2,0.0,1.2,0.0,0,0.9758,0,NORMAL,63.13,0.399,0,0,0,0,0,0.0,0,0,0,,,,,,0,,,,243973,5168,0
2302,215.06154918670654,2026-03-05T17:40:59.321427,1.04,0.0,3.0,0.0,0.0,0.0,0.0,42.0,12.4,0.0,0.0,STRAIGHT,0.3,0.3,"CMD,0.0,0.30",1.2,0.0,1.2,0.0,0,0.9758,0,NORMAL,63.149,0.385,0,0,0,0,0,0.0,0,0,0,,,,,,0,,,,243973,5009,0
2303,215.20755553245544,2026-03-05T17:40:59.467433,83.03,0.0,4.0,3.0,0.0,0.0,0.0,129.0,11.97,0.0,0.0,STRAIGHT,0.3,0.3,"CMD,0.0,0.30",1.2,0.0,1.2,0.0,0,0.9762,0,NORMAL,62.854,0.394,0,0,0,0,0,0.0,2,1,0,,,,,,0,,,,238519,5680,274
2304,215.26555752754211,2026-03-05T17:40:59.525435,1.0,0.0,3.01,0.0,0.0,0.0,0.0,43.01,12.45,0.0,0.0,STRAIGHT,0.3,0.3,"CMD,0.0,0.30",1.2,0.0,1.2,0.0,0,0.9762,0,NORMAL,62.515,0.378,0,0,0,0,0,0.0,0,0,0,,,,,,0,,,,241530,5520,0
2305,215.32355570793152,2026-03-05T17:40:59.583433,2.04,0.0,2.0,0.0,0.0,0.0,0.0,41.0,12.45,0.0,0.0,STRAIGHT,0.3,0.3,"CMD,0.0,0.30",1.2,0.0,1.2,0.0,0,0.9762,0,NORMAL,62.4,0.359,0,0,0,0,0,0.0,0,0,0,,,,,,0,,,,241530,5200,0
2306,215.37955856323242,2026-03-05T17:40:59.639436,2.04,0.0,2.0,0.0,0.0,0.0,0.0,42.01,12.46,0.0,0.0,STRAIGHT,0.3,0.3,"CMD,0.0,0.30",1.2,0.0,1.2,0.0,0,0.9762,0,NORMAL,61.854,0.371,0,0,0,0,0,0.0,0,0,0,,,,,,0,,,,241530,5040,0
2307,215.52655506134033,2026-03-05T17:40:59.786432,83.04,0.0,4.01,3.0,0.0,0.0,0.0,130.0,12.01,0.0,0.0,STRAIGHT,0.3,0.3,"CMD,0.0,0.30",1.2,0.0,1.2,0.0,0,0.9714,0,NORMAL,61.411,0.373,0,0,0,0,0,0.0,2,1,0,,,,,,0,,,,236613,5562,268
2308,215.5835554599762,2026-03-05T17:40:59.843433,2.04,0.0,2.0,0.0,0.0,0.0,0.0,42.0,12.48,0.0,0.0,STRAIGHT,0.3,0.3,"CMD,0.0,0.30",1.2,0.0,1.2,0.0,0,0.9714,0,NORMAL,61.455,0.357,0,0,0,0,0,0.0,0,0,0,,,,,,0,,,,239954,5405,0
2309,215.6455638408661,2026-03-05T17:40:59.905441,1.01,0.0,2.0,0.0,0.0,0.0,1.04,45.98,12.45,0.0,0.0,STRAIGHT,0.3,0.3,"CMD,0.0,0.30",1.2,0.0,1.2,0.0,0,0.9714,0,NORMAL,61.579,0.36,0,0,0,0,0,0.0,0,0,0,,,,,,0,,,,239954,5248,0
2310,215.70255422592163,2026-03-05T17:40:59.962432,2.03,0.0,2.0,0.0,0.0,0.0,0.0,42.0,12.46,0.0,0.0,STRAIGHT,0.3,0.3,"CMD,0.0,0.30",1.2,0.0,1.2,0.0,0,0.9714,0,NORMAL,61.594,0.363,0,0,0,0,0,0.0,0,0,0,,,,,,0,,,,239954,4934,0
2311,215.85355758666992,2026-03-05T17:41:00.113435,83.0,0.0,5.0,3.0,0.0,0.0,0.0,136.0,11.98,0.0,0.0,STRAIGHT,0.3,0.3,"CMD,0.0,0.30",1.2,0.0,1.2,0.0,0,0.9713,0,NORMAL,61.869,0.356,0,0,0,0,0,0.0,7,2,0,,,,,,0,,,,236119,5522,299
2312,215.91455721855164,2026-03-05T17:41:00.174435,1.03,0.0,3.0,0.0,0.0,0.0,0.0,45.0,12.44,0.0,0.0,STRAIGHT,0.3,0.3,"CMD,0.0,0.30",1.2,0.0,1.2,0.0,0,0.9713,0,NORMAL,62.112,0.354,0,0,0,0,0,0.0,0,0,0,,,,,,0,,,,239393,5362,0
2313,215.97255682945251,2026-03-05T17:41:00.232434,2.03,0.0,2.0,0.0,0.0,0.0,0.0,42.0,12.45,0.0,0.0,STRAIGHT,0.3,0.3,"CMD,0.0,0.30",1.2,0.0,1.2,0.0,0,0.9713,0,NORMAL,62.52,0.359,0,0,0,0,0,0.0,0,0,0,,,,,,0,,,,239393,5042,0
2314,216.02955746650696,2026-03-05T17:41:00.289435,1.03,0.0,3.0,0.0,0.0,0.0,0.0,42.0,12.48,0.0,0.0,STRAIGHT,0.3,0.3,"CMD,0.0,0.30",1.2,0.0,1.2,0.0,0,0.9713,0,NORMAL,62.708,0.36,0,0,0,0,0,0.0,0,0,0,,,,,,0,,,,239393,4882,0
2315,216.1755609512329,2026-03-05T17:41:00.435438,83.04,0.0,5.0,2.0,0.0,0.0,0.0,131.0,12.05,0.0,0.0,STRAIGHT,0.3,0.3,"CMD,0.0,0.30",1.2,0.0,1.2,0.0,0,0.9666,0,NORMAL,62.733,0.359,0,0,0,0,0,0.0,2,1,0,,,,,,0,,,,238686,5424,274
2316,216.23456025123596,2026-03-05T17:41:00.494438,2.03,0.0,2.0,0.0,0.0,0.0,0.0,42.0,12.55,0.0,0.0,STRAIGHT,0.3,0.3,"CMD,0.0,0.30",1.2,0.0,1.2,0.0,0,0.9666,0,NORMAL,62.759,0.355,0,0,0,0,0,0.0,0,0,0,,,,,,0,,,,241574,5264,0
2317,216.29156041145325,2026-03-05T17:41:00.551438,1.01,0.0,3.0,0.0,0.0,0.0,0.0,42.0,12.54,0.0,0.0,STRAIGHT,0.3,0.3,"CMD,0.0,0.30",1.2,0.0,1.2,0.0,0,0.9666,0,NORMAL,62.672,0.372,0,0,0,0,0,0.0,0,0,0,,,,,,0,,,,241574,5104,0
2318,216.3485608100891,2026-03-05T17:41:00.608438,2.03,0.0,2.0,0.0,0.0,0.0,0.0,41.04,12.54,0.0,0.0,STRAIGHT,0.3,0.3,"CMD,0.0,0.30",1.2,0.0,1.2,0.0,0,0.9666,0,NORMAL,62.189,0.364,0,0,0,0,0,0.0,0,0,0,,,,,,0,,,,241574,4785,0
2319,216.4935278892517,2026-03-05T17:41:00.753405,82.0,0.0,4.0,3.0,0.0,0.0,1.0,129.96,12.08,0.0,0.0,STRAIGHT,0.3,0.3,"CMD,0.0,0.30",1.2,0.0,1.2,0.0,0,0.9711,0,NORMAL,62.044,0.348,0,0,0,0,0,0.0,2,1,0,,,,,,0,,,,241491,5534,280
2320,216.55056428909302,2026-03-05T17:41:00.810442,1.03,0.0,3.0,0.0,0.0,0.0,0.0,42.0,12.53,0.0,0.0,STRAIGHT,0.3,0.3,"CMD,0.0,0.30",1.2,0.0,1.2,0.0,0,0.9711,0,NORMAL,61.892,0.336,0,0,0,0,0,0.0,0,0,0,,,,,,0,,,,244145,5372,0
2321,216.608562707901,2026-03-05T17:41:00.868440,2.03,0.0,2.0,0.0,0.0,0.0,0.0,43.0,12.53,0.0,0.0,STRAIGHT,0.3,0.3,"CMD,0.0,0.30",1.2,0.0,1.2,0.0,0,0.9711,0,NORMAL,61.958,0.334,0,0,0,0,0,0.0,0,0,0,,,,,,0,,,,244145,5210,0
2322,216.66656184196472,2026-03-05T17:41:00.926439,2.03,0.0,2.0,0.0,0.0,0.0,0.0,41.0,12.53,0.0,0.0,STRAIGHT,0.3,0.3,"CMD,0.0,0.30",1.2,0.0,1.2,0.0,0,0.9711,0,NORMAL,61.415,0.33,0,0,0,0,0,0.0,0,0,0,,,,,,0,,,,244145,4886,0
2323,216.82056546211243,2026-03-05T17:41:01.080443,89.04,0.0,6.99,2.0,0.0,0.0,0.0,139.0,12.03,0.0,0.0,STRAIGHT,0.3,0.3,"CMD,0.0,0.30",1.2,0.0,1.2,0.0,0,0.9625,0,NORMAL,60.772,0.341,0,0,0,0,0,0.0,7,2,0,,,,,,0,,,,241690,5484,289
2324,216.88256549835205,2026-03-05T17:41:01.142443,2.04,0.0,3.0,0.0,0.0,0.0,0.0,46.0,12.46,0.0,0.0,STRAIGHT,0.3,0.3,"CMD,0.0,0.30",1.2,0.0,1.2,0.0,0,0.9625,0,NORMAL,60.292,0.335,0,0,0,0,0,0.0,0,0,0,,,,,,0,,,,244405,5323,0
2325,216.94156551361084,2026-03-05T17:41:01.201443,2.0,0.0,2.04,0.0,0.0,0.0,0.0,43.0,12.46,0.0,0.0,STRAIGHT,0.3,0.3,"CMD,0.0,0.30",1.2,0.0,1.2,0.0,0,0.9625,0,NORMAL,60.638,0.318,0,0,0,0,0,0.0,0,0,0,,,,,,0,,,,244405,5001,0
2326,216.99956893920898,2026-03-05T17:41:01.259446,2.03,0.0,2.0,0.0,0.0,0.0,0.0,42.0,12.46,0.0,0.0,STRAIGHT,0.3,0.3,"CMD,0.0,0.30",1.2,0.0,1.2,0.0,0,0.9625,0,NORMAL,60.675,0.33,0,0,0,0,0,0.0,0,0,0,,,,,,0,,,,244405,4840,0
2327,217.14656686782837,2026-03-05T17:41:01.406444,82.0,0.0,5.0,2.0,0.0,0.0,0.0,132.0,12.03,0.0,0.0,STRAIGHT,0.3,0.3,"CMD,0.0,0.30",1.2,0.0,1.2,0.0,0,0.9565,0,NORMAL,59.862,0.348,0,0,0,0,0,0.0,2,1,0,,,,,,0,,,,243551,5480,278
2328,217.20456886291504,2026-03-05T17:41:01.464446,2.03,0.0,2.0,0.0,0.0,0.0,0.0,42.0,12.51,0.0,0.0,STRAIGHT,0.3,0.3,"CMD,0.0,0.30",1.2,0.0,1.2,0.0,0,0.9565,0,NORMAL,59.085,0.351,0,0,0,0,0,0.0,0,0,0,,,,,,0,,,,247201,5317,0
2329,217.2645673751831,2026-03-05T17:41:01.524445,1.03,0.0,3.0,0.0,0.0,0.0,0.0,44.0,12.52,0.0,0.0,STRAIGHT,0.3,0.3,"CMD,0.0,0.30",1.2,0.0,1.2,0.0,0,0.9565,0,NORMAL,58.7,0.341,0,0,0,0,0,0.0,0,0,0,,,,,,0,,,,247201,5154,0
2330,217.32156825065613,2026-03-05T17:41:01.581446,1.0,0.0,1.97,0.0,0.0,0.0,0.0,43.0,12.52,0.0,0.0,STRAIGHT,0.3,0.3,"CMD,0.0,0.30",1.2,0.0,1.2,0.0,0,0.9565,0,NORMAL,58.029,0.341,0,0,0,0,0,0.0,0,0,0,,,,,,0,,,,247201,4828,0
2331,217.4675693511963,2026-03-05T17:41:01.727447,83.04,0.0,5.0,2.0,0.0,0.0,0.0,131.0,12.05,0.0,0.0,STRAIGHT,0.3,0.3,"CMD,0.0,0.30",1.2,0.0,1.2,0.0,0,0.9764,0,NORMAL,56.338,0.356,0,0,0,0,0,0.0,7,2,0,,,,,,0,,,,243873,5471,295
2332,217.52456974983215,2026-03-05T17:41:01.784447,2.03,0.0,2.0,0.0,0.0,0.0,0.0,42.0,12.51,0.0,0.0,STRAIGHT,0.3,0.3,"CMD,0.0,0.30",1.2,0.0,1.2,0.0,0,0.9764,0,NORMAL,54.509,0.357,0,0,0,0,0,0.0,0,0,0,,,,,,0,,,,247260,5307,0
2333,217.58257055282593,2026-03-05T17:41:01.842448,1.03,0.0,3.0,0.0,0.0,0.0,0.0,43.0,12.52,0.0,0.0,STRAIGHT,0.3,0.3,"CMD,0.0,0.30",1.2,0.0,1.2,0.0,0,0.9764,0,NORMAL,54.713,0.338,0,0,0,0,0,0.0,0,0,0,,,,,,0,,,,247260,5143,0
2334,217.63957452774048,2026-03-05T17:41:01.899452,2.03,0.0,2.0,0.0,0.0,0.0,0.0,42.0,12.52,0.0,0.0,STRAIGHT,0.3,0.3,"CMD,0.0,0.30",1.2,0.0,1.2,0.0,0,0.9764,0,NORMAL,53.622,0.327,0,0,0,0,0,0.0,0,0,0,,,,,,0,,,,247260,4815,0
2335,217.78557181358337,2026-03-05T17:41:02.045449,82.04,0.0,4.0,2.0,1.04,0.0,0.0,129.0,12.06,0.0,0.0,STRAIGHT,0.3,0.3,"CMD,0.0,0.30",1.2,0.0,1.2,0.0,0,0.9654,0,NORMAL,51.935,0.342,0,0,0,0,0,0.0,7,2,0,,,,,,0,,,,243920,5596,282
2336,217.85057592391968,2026-03-05T17:41:02.110453,2.03,0.0,3.0,0.0,0.0,0.0,0.0,50.0,12.47,0.0,0.0,STRAIGHT,0.3,0.3,"CMD,0.0,0.30",1.2,0.0,1.2,0.0,0,0.9654,0,NORMAL,49.953,0.331,0,0,0,0,0,0.0,0,0,0,,,,,,0,,,,246699,5433,0
2337,217.91057205200195,2026-03-05T17:41:02.170449,2.04,0.0,2.0,0.0,0.0,0.0,0.0,44.0,12.46,0.0,0.0,STRAIGHT,0.3,0.3,"CMD,0.0,0.30",1.2,0.0,1.2,0.0,0,0.9654,0,NORMAL,49.296,0.316,0,0,0,0,0,0.0,0,0,0,,,,,,0,,,,246699,5270,0
2338,217.9685730934143,2026-03-05T17:41:02.228451,2.04,0.0,2.0,0.0,0.0,0.0,0.0,41.0,12.49,0.0,0.0,STRAIGHT,0.3,0.3,"CMD,0.0,0.30",1.2,0.0,1.2,0.0,0,0.9654,0,NORMAL,48.749,0.325,0,0,0,0,0,0.0,0,0,0,,,,,,0,,,,246699,4944,0
2339,218.1135721206665,2026-03-05T17:41:02.373450,83.04,0.0,4.0,2.0,1.03,0.0,0.0,130.0,12.03,0.0,0.0,STRAIGHT,0.3,0.3,"CMD,0.0,0.30",1.2,0.0,1.2,0.0,0,0.9698,0,NORMAL,47.528,0.329,0,0,0,0,0,0.0,7,2,0,,,,,,0,,,,241276,5382,286
2340,218.17157196998596,2026-03-05T17:41:02.431449,2.03,0.0,3.0,0.0,0.0,0.0,0.0,42.0,12.51,0.0,0.0,STRAIGHT,0.3,0.3,"CMD,0.0,0.30",1.2,0.0,1.2,0.0,0,0.9698,0,NORMAL,46.767,0.317,0,0,0,0,0,0.0,0,0,0,,,,,,0,,,,243189,5220,0
2341,218.22957491874695,2026-03-05T17:41:02.489452,2.03,0.0,2.0,0.0,0.0,0.0,0.0,42.0,12.53,0.0,0.0,STRAIGHT,0.3,0.3,"CMD,0.0,0.30",1.2,0.0,1.2,0.0,0,0.9698,0,NORMAL,46.297,0.304,0,0,0,0,0,0.0,0,0,0,,,,,,0,,,,243189,5058,0
2342,218.28557682037354,2026-03-05T17:41:02.545454,2.03,0.0,2.0,0.0,0.0,0.0,0.0,41.0,12.54,0.0,0.0,STRAIGHT,0.3,0.3,"CMD,0.0,0.30",1.2,0.0,1.2,0.0,0,0.9698,0,NORMAL,46.256,0.308,0,0,0,0,0,0.0,0,0,0,,,,,,0,,,,243189,4734,0
2343,218.43157505989075,2026-03-05T17:41:02.691452,83.04,0.0,5.0,2.0,1.03,0.0,0.0,130.0,12.07,0.0,0.0,STRAIGHT,0.3,0.3,"CMD,0.0,0.30",1.2,0.0,1.2,0.0,0,0.9585,0,NORMAL,46.395,0.299,0,0,0,0,0,0.0,7,2,0,,,,,,0,,,,236651,5182,288
2344,218.49057960510254,2026-03-05T17:41:02.750457,2.03,0.0,3.0,0.0,0.0,0.0,0.0,42.0,12.53,0.0,0.0,STRAIGHT,0.3,0.3,"CMD,0.0,0.30",1.2,0.0,1.2,0.0,0,0.9585,0,NORMAL,47.33,0.283,0,0,0,0,0,0.0,0,0,0,,,,,,0,,,,238116,5024,0
2345,218.54857921600342,2026-03-05T17:41:02.808457,1.0,0.0,3.0,0.0,0.0,0.0,0.0,43.0,12.53,0.0,0.0,STRAIGHT,0.3,0.3,"CMD,0.0,0.30",1.2,0.0,1.2,0.0,0,0.9585,0,NORMAL,48.702,0.279,0,0,0,0,0,0.0,0,0,0,,,,,,0,,,,238116,4866,0
2346,218.60557913780212,2026-03-05T17:41:02.865457,2.04,0.0,2.0,0.0,0.0,0.0,0.0,42.0,12.53,0.0,0.0,STRAIGHT,0.3,0.3,"CMD,0.0,0.30",1.2,0.0,1.2,0.0,0,0.9585,0,NORMAL,48.936,0.287,0,0,0,0,0,0.0,0,0,0,,,,,,0,,,,238116,4551,0
2347,218.754554271698,2026-03-05T17:41:03.014432,84.96,0.0,5.0,1.99,0.0,0.0,0.0,132.97,12.05,0.0,0.0,STRAIGHT,0.3,0.3,"CMD,0.0,0.30",1.2,0.0,1.2,0.0,0,0.9585,0,NORMAL,48.751,0.304,0,0,0,0,0,0.0,2,1,0,,,,,,0,,,,236311,5295,262
2348,218.8155801296234,2026-03-05T17:41:03.075458,2.03,0.0,3.0,0.0,0.0,0.0,0.0,45.0,12.49,0.0,0.0,STRAIGHT,0.3,0.3,"CMD,0.0,0.30",1.2,0.0,1.2,0.0,0,0.9585,0,NORMAL,49.488,0.294,0,0,0,0,0,0.0,0,0,0,,,,,,0,,,,237610,5140,0
2349,218.88158249855042,2026-03-05T17:41:03.141460,2.04,0.0,2.0,0.0,0.0,0.0,0.0,47.0,12.44,0.0,0.0,STRAIGHT,0.3,0.3,"CMD,0.0,0.30",1.2,0.0,1.2,0.0,0,0.9585,0,NORMAL,50.199,0.294,0,0,0,0,0,0.0,0,0,0,,,,,,0,,,,237610,4985,0
2350,218.9405813217163,2026-03-05T17:41:03.200459,2.03,0.0,2.0,0.0,0.0,0.0,0.0,43.0,12.44,0.0,0.0,STRAIGHT,0.3,0.3,"CMD,0.0,0.30",1.2,0.0,1.2,0.0,0,0.9585,0,NORMAL,48.598,0.304,0,0,0,0,0,0.0,0,0,0,,,,,,0,,,,237610,4675,0
2351,219.08658075332642,2026-03-05T17:41:03.346458,82.04,0.0,5.0,1.97,1.03,0.0,0.0,131.0,11.98,0.0,0.0,STRAIGHT,0.3,0.3,"CMD,0.0,0.30",1.2,0.0,1.2,0.0,0,0.97,0,NORMAL,48.889,0.288,0,0,0,0,0,0.0,2,1,0,,,,,,0,,,,238643,5359,272
2352,219.1455841064453,2026-03-05T17:41:03.405462,1.0,0.0,3.0,0.0,0.0,0.0,0.0,42.0,12.47,0.0,0.0,STRAIGHT,0.3,0.3,"CMD,0.0,0.30",1.2,0.0,1.2,0.0,0,0.97,0,NORMAL,50.305,0.303,0,0,0,0,0,0.0,0,0,0,,,,,,0,,,,239645,5201,0
2353,219.2035517692566,2026-03-05T17:41:03.463429,2.0,0.0,3.0,0.0,0.0,0.0,0.0,41.97,12.49,0.0,0.0,STRAIGHT,0.3,0.3,"CMD,0.0,0.30",1.2,0.0,1.2,0.0,0,0.97,0,NORMAL,51.911,0.321,0,0,0,0,0,0.0,0,0,0,,,,,,0,,,,239645,5043,0
2354,219.26058268547058,2026-03-05T17:41:03.520460,2.03,0.0,2.0,0.0,0.0,0.0,0.0,41.0,12.51,0.0,0.0,STRAIGHT,0.3,0.3,"CMD,0.0,0.30",1.2,0.0,1.2,0.0,0,0.97,0,NORMAL,51.996,0.336,0,0,0,0,0,0.0,0,0,0,,,,,,0,,,,239645,4727,0
2355,219.4055848121643,2026-03-05T17:41:03.665462,82.0,0.0,5.03,2.0,0.0,0.0,0.0,131.0,12.05,0.0,0.0,STRAIGHT,0.3,0.3,"CMD,0.0,0.30",1.2,0.0,1.2,0.0,0,0.965,0,NORMAL,52.305,0.35,0,0,0,0,0,0.0,2,1,0,,,,,,0,,,,237705,5441,262
2356,219.46358513832092,2026-03-05T17:41:03.723463,1.04,0.0,2.99,0.0,0.0,0.0,0.0,43.0,12.52,0.0,0.0,STRAIGHT,0.3,0.3,"CMD,0.0,0.30",1.2,0.0,1.2,0.0,0,0.965,0,NORMAL,53.889,0.382,0,0,0,0,0,0.0,0,0,0,,,,,,0,,,,238767,5286,0
2357,219.521586894989,2026-03-05T17:41:03.781464,2.03,0.0,2.0,0.0,0.0,0.0,0.0,42.0,12.52,0.0,0.0,STRAIGHT,0.3,0.3,"CMD,0.0,0.30",1.2,0.0,1.2,0.0,0,0.965,0,NORMAL,54.747,0.385,0,0,0,0,0,0.0,0,0,0,,,,,,0,,,,238767,5131,0
2358,219.57758593559265,2026-03-05T17:41:03.837463,1.04,0.0,3.0,0.0,0.0,0.0,0.0,42.0,12.54,0.0,0.0,STRAIGHT,0.3,0.3,"CMD,0.0,0.30",1.2,0.0,1.2,0.0,0,0.965,0,NORMAL,55.794,0.404,0,0,0,0,0,0.0,0,0,0,,,,,,0,,,,238767,4821,0
2359,219.72358751296997,2026-03-05T17:41:03.983465,83.0,0.0,3.99,3.0,0.0,0.0,0.0,130.0,12.08,0.0,0.0,STRAIGHT,0.3,0.3,"CMD,0.0,0.30",1.2,0.0,1.2,0.0,0,0.9673,0,NORMAL,56.933,0.429,0,0,0,0,0,0.0,2,1,0,,,,,,0,,,,235683,5386,268
2360,219.78058767318726,2026-03-05T17:41:04.040465,2.03,0.0,3.0,0.0,0.0,0.0,0.0,42.0,12.54,0.0,0.0,STRAIGHT,0.3,0.3,"CMD,0.0,0.30",1.2,0.0,1.2,0.0,0,0.9673,0,NORMAL,59.01,0.447,0,0,0,0,0,0.0,0,0,0,,,,,,0,,,,236440,5229,0
2361,219.8405885696411,2026-03-05T17:41:04.100466,2.03,0.0,2.0,0.0,0.0,0.0,0.0,44.0,12.53,0.0,0.0,STRAIGHT,0.3,0.3,"CMD,0.0,0.30",1.2,0.0,1.2,0.0,0,0.9673,0,NORMAL,59.742,0.456,0,0,0,0,0,0.0,0,0,0,,,,,,0,,,,236440,5072,0
2362,219.90659832954407,2026-03-05T17:41:04.166476,2.04,0.0,2.0,0.0,0.0,0.0,1.01,50.01,12.48,0.0,0.0,STRAIGHT,0.3,0.3,"CMD,0.0,0.30",1.2,0.0,1.2,0.0,0,0.9673,0,NORMAL,60.653,0.45,0,0,0,0,0,0.0,0,0,0,,,,,,0,,,,236440,4758,0
2363,220.05259108543396,2026-03-05T17:41:04.312469,83.04,0.0,4.0,2.03,0.0,0.0,0.0,131.0,12.02,0.0,0.0,STRAIGHT,0.3,0.3,"CMD,0.0,0.30",1.2,0.0,1.2,0.0,0,0.9757,0,NORMAL,61.277,0.452,0,0,0,0,0,0.0,2,1,0,,,,,,0,,,,233264,4897,262
2364,220.11058950424194,2026-03-05T17:41:04.370467,1.03,0.0,3.0,0.0,0.0,0.0,0.0,43.0,12.47,0.0,0.0,STRAIGHT,0.3,0.3,"CMD,0.0,0.30",1.2,0.0,1.2,0.0,0,0.9757,0,NORMAL,61.412,0.491,0,0,0,0,0,0.0,0,0,0,,,,,,0,,,,233868,4744,0
2365,220.16856145858765,2026-03-05T17:41:04.428439,2.0,0.0,2.0,0.0,0.0,0.0,0.0,42.97,12.51,0.0,0.0,STRAIGHT,0.3,0.3,"CMD,0.0,0.30",1.2,0.0,1.2,0.0,0,0.9757,0,NORMAL,61.109,0.509,0,0,0,0,0,0.0,0,0,0,,,,,,0,,,,233868,4591,0
2366,220.22555923461914,2026-03-05T17:41:04.485437,2.0,0.0,3.0,0.0,0.0,0.0,0.0,41.97,12.53,0.0,0.0,STRAIGHT,0.3,0.3,"CMD,0.0,0.30",1.2,0.0,1.2,0.0,0,0.9757,0,NORMAL,61.211,0.494,0,0,0,0,0,0.0,0,0,0,,,,,,0,,,,233868,4291,0
2367,220.3685920238495,2026-03-05T17:41:04.628470,81.04,0.0,5.0,1.99,0.0,0.0,0.0,129.0,12.08,0.0,0.0,STRAIGHT,0.3,0.3,"CMD,0.0,0.30",1.2,0.0,1.2,0.0,0,0.9868,0,NORMAL,61.006,0.501,0,0,0,0,0,0.0,2,1,0,,,,,,0,,,,231221,4671,256
2368,220.4265959262848,2026-03-05T17:41:04.686473,1.0,0.0,2.01,0.0,0.0,0.0,0.0,42.01,12.54,0.0,0.0,STRAIGHT,0.3,0.3,"CMD,0.0,0.30",1.2,0.0,1.2,0.0,0,0.9868,0,NORMAL,60.492,0.505,0,0,0,0,0,0.0,0,0,0,,,,,,0,,,,231775,4519,0
2369,220.48459339141846,2026-03-05T17:41:04.744471,1.04,0.0,3.0,0.0,0.0,0.0,0.0,43.0,12.54,0.0,0.0,STRAIGHT,0.3,0.3,"CMD,0.0,0.30",1.2,0.0,1.2,0.0,0,0.9868,0,NORMAL,60.452,0.487,0,0,0,0,0,0.0,0,0,0,,,,,,0,,,,231775,4367,0
2370,220.5415952205658,2026-03-05T17:41:04.801472,1.0,0.0,2.01,0.0,0.0,0.0,0.0,41.01,12.55,0.0,0.0,STRAIGHT,0.3,0.3,"CMD,0.0,0.30",1.2,0.0,1.2,0.0,0,0.9868,0,NORMAL,60.31,0.489,0,0,0,0,0,0.0,0,0,0,,,,,,0,,,,231775,4067,0
2371,220.6855969429016,2026-03-05T17:41:04.945474,83.04,0.0,4.0,1.99,0.0,0.0,0.0,130.0,12.08,0.0,0.0,STRAIGHT,0.3,0.3,"CMD,0.0,0.30",1.2,0.0,1.2,0.0,0,0.9827,0,NORMAL,59.869,0.502,0,0,0,0,0,0.0,2,1,0,,,,,,0,,,,232605,4771,256
2372,220.74359822273254,2026-03-05T17:41:05.003476,1.04,0.0,3.0,0.0,0.0,0.0,0.0,43.0,12.54,0.0,0.0,STRAIGHT,0.3,0.3,"CMD,0.0,0.30",1.2,0.0,1.2,0.0,0,0.9827,0,NORMAL,59.906,0.485,0,0,0,0,0,0.0,0,0,0,,,,,,0,,,,233327,4621,0
2373,220.7995960712433,2026-03-05T17:41:05.059473,2.04,0.0,2.0,0.0,0.0,0.0,0.0,41.0,12.56,0.0,0.0,STRAIGHT,0.3,0.3,"CMD,0.0,0.30",1.2,0.0,1.2,0.0,0,0.9827,0,NORMAL,60.423,0.46,0,0,0,0,0,0.0,0,0,0,,,,,,0,,,,233327,4471,0
2374,220.85959839820862,2026-03-05T17:41:05.119476,2.04,0.0,2.0,0.0,0.0,0.0,0.0,45.0,12.55,0.0,0.0,STRAIGHT,0.3,0.3,"CMD,0.0,0.30",1.2,0.0,1.2,0.0,0,0.9827,0,NORMAL,61.027,0.445,0,0,0,0,0,0.0,0,0,0,,,,,,0,,,,233327,4170,0
2375,221.00959730148315,2026-03-05T17:41:05.269475,82.03,0.0,5.0,2.03,0.0,0.0,0.0,133.0,12.07,0.0,0.0,STRAIGHT,0.3,0.3,"CMD,0.0,0.30",1.2,0.0,1.2,0.0,0,0.9752,0,NORMAL,61.612,0.436,0,0,0,0,0,0.0,2,1,0,,,,,,0,,,,228260,4471,244
2376,221.0695993900299,2026-03-05T17:41:05.329477,2.04,0.0,2.0,0.0,0.0,0.0,0.0,44.0,12.53,0.0,0.0,STRAIGHT,0.3,0.3,"CMD,0.0,0.30",1.2,0.0,1.2,0.0,0,0.9752,0,NORMAL,62.171,0.425,0,0,0,0,0,0.0,0,0,0,,,,,,0,,,,228684,4324,0
2377,221.12659883499146,2026-03-05T17:41:05.386476,2.03,0.0,2.0,0.0,0.0,0.0,0.0,42.0,12.55,0.0,0.0,STRAIGHT,0.3,0.3,"CMD,0.0,0.30",1.2,0.0,1.2,0.0,0,0.9752,0,NORMAL,63.245,0.4,0,0,0,0,0,0.0,0,0,0,,,,,,0,,,,228684,4179,0
2378,221.18359923362732,2026-03-05T17:41:05.443477,1.03,0.0,3.0,0.0,0.0,0.0,0.0,42.0,12.6,0.0,0.0,STRAIGHT,0.3,0.3,"CMD,0.0,0.30",1.2,0.0,1.2,0.0,0,0.9752,0,NORMAL,64.331,0.369,0,0,0,0,0,0.0,0,0,0,,,,,,0,,,,228684,3884,0
2379,221.32960104942322,2026-03-05T17:41:05.589478,83.03,0.0,5.0,2.0,0.0,0.0,0.0,131.0,12.14,0.0,0.0,STRAIGHT,0.3,0.3,"CMD,0.0,0.30",1.2,0.0,1.2,0.0,0,0.9833,0,NORMAL,65.15,0.361,0,0,0,0,0,0.0,2,1,0,,,,,,0,,,,227116,4400,250
2380,221.3865990638733,2026-03-05T17:41:05.646477,2.03,0.0,2.0,0.0,0.0,0.0,0.0,42.0,12.61,0.0,0.0,STRAIGHT,0.3,0.3,"CMD,0.0,0.30",1.2,0.0,1.2,0.0,0,0.9833,0,NORMAL,65.509,0.351,0,0,0,0,0,0.0,0,0,0,,,,,,0,,,,227575,4252,0
2381,221.4436058998108,2026-03-05T17:41:05.703484,2.04,0.0,2.0,0.0,0.0,0.0,0.0,42.0,12.62,0.0,0.0,STRAIGHT,0.3,0.3,"CMD,0.0,0.30",1.2,0.0,1.2,0.0,0,0.9833,0,NORMAL,65.989,0.334,0,0,0,0,0,0.0,0,0,0,,,,,,0,,,,227575,4106,0
2382,221.50060105323792,2026-03-05T17:41:05.760479,1.04,0.0,3.0,0.0,0.0,0.0,0.0,42.0,12.62,0.0,0.0,STRAIGHT,0.3,0.3,"CMD,0.0,0.30",1.2,0.0,1.2,0.0,0,0.9833,0,NORMAL,67.049,0.304,0,0,0,0,0,0.0,0,0,0,,,,,,0,,,,227575,3807,0
2383,221.64660167694092,2026-03-05T17:41:05.906479,84.04,0.0,5.0,2.0,0.0,0.0,1.0,131.0,12.15,0.0,0.0,STRAIGHT,0.3,0.3,"CMD,0.0,0.30",1.2,0.0,1.2,0.0,0,0.9751,0,NORMAL,66.871,0.312,0,0,0,0,0,0.0,2,1,0,,,,,,0,,,,223949,4308,246
2384,221.70460200309753,2026-03-05T17:41:05.964480,2.04,0.0,3.0,0.0,0.0,0.0,0.0,43.0,12.61,0.0,0.0,STRAIGHT,0.3,0.3,"CMD,0.0,0.30",1.2,0.0,1.2,0.0,0,0.9751,0,NORMAL,66.668,0.289,0,0,0,0,0,0.0,0,0,0,,,,,,0,,,,224390,4161,0
2385,221.76060557365417,2026-03-05T17:41:06.020483,2.03,0.0,2.0,0.0,0.0,0.0,0.0,42.0,12.63,0.0,0.0,STRAIGHT,0.3,0.3,"CMD,0.0,0.30",1.2,0.0,1.2,0.0,0,0.9751,0,NORMAL,66.755,0.282,0,0,0,0,0,0.0,0,0,0,,,,,,0,,,,224390,4016,0
2386,221.81760430335999,2026-03-05T17:41:06.077482,1.04,0.0,2.0,0.0,0.0,0.0,1.0,42.0,12.63,0.0,0.0,STRAIGHT,0.3,0.3,"CMD,0.0,0.30",1.2,0.0,1.2,0.0,0,0.9751,0,NORMAL,66.57,0.285,0,0,0,0,0,0.0,0,0,0,,,,,,0,,,,224390,3720,0
2387,221.96760249137878,2026-03-05T17:41:06.227480,84.04,0.0,5.0,1.96,0.0,0.0,0.0,135.0,12.13,0.0,0.0,STRAIGHT,0.3,0.3,"CMD,0.0,0.30",1.2,0.0,1.2,0.0,0,0.9816,0,NORMAL,66.017,0.292,0,0,0,0,0,0.0,2,1,0,,,,,,0,,,,222696,4337,246
2388,222.02660584449768,2026-03-05T17:41:06.286483,2.03,0.0,2.0,0.0,0.0,0.0,0.0,44.0,12.59,0.0,0.0,STRAIGHT,0.3,0.3,"CMD,0.0,0.30",1.2,0.0,1.2,0.0,0,0.9816,0,NORMAL,65.632,0.284,0,0,0,0,0,0.0,0,0,0,,,,,,0,,,,223124,4190,0
2389,222.08460521697998,2026-03-05T17:41:06.344483,2.04,0.0,3.0,0.0,0.0,0.0,0.0,42.0,12.59,0.0,0.0,STRAIGHT,0.3,0.3,"CMD,0.0,0.30",1.2,0.0,1.2,0.0,0,0.9816,0,NORMAL,66.171,0.257,0,0,0,0,0,0.0,0,0,0,,,,,,0,,,,223124,4044,0
2390,222.1406066417694,2026-03-05T17:41:06.400484,2.03,0.0,2.0,0.0,0.0,0.0,0.0,41.0,12.6,0.0,0.0,STRAIGHT,0.3,0.3,"CMD,0.0,0.30",1.2,0.0,1.2,0.0,0,0.9816,0,NORMAL,66.721,0.241,0,0,0,0,0,0.0,0,0,0,,,,,,0,,,,223124,3748,0
2391,222.28460669517517,2026-03-05T17:41:06.544484,83.04,0.0,4.0,1.96,0.0,0.0,0.0,129.0,12.2,0.0,0.0,STRAIGHT,0.3,0.3,"CMD,0.0,0.30",1.2,0.0,1.2,0.0,0,0.983,0,NORMAL,67.05,0.236,0,0,0,0,0,0.0,2,1,0,,,,,,0,,,,225557,4403,252
2392,222.34260630607605,2026-03-05T17:41:06.602484,2.04,0.0,1.97,0.0,0.0,0.0,1.03,42.0,12.66,0.0,0.0,STRAIGHT,0.3,0.3,"CMD,0.0,0.30",1.2,0.0,1.2,0.0,0,0.983,0,NORMAL,67.718,0.218,0,0,0,0,0,0.0,0,0,0,,,,,,0,,,,226149,4254,0
2393,222.39860939979553,2026-03-05T17:41:06.658487,2.03,0.0,2.0,0.0,0.0,0.0,0.0,42.0,12.67,0.0,0.0,STRAIGHT,0.3,0.3,"CMD,0.0,0.30",1.2,0.0,1.2,0.0,0,0.983,0,NORMAL,68.396,0.202,0,0,0,0,0,0.0,0,0,0,,,,,,0,,,,226149,4106,0
2394,222.45560956001282,2026-03-05T17:41:06.715487,2.03,0.0,2.0,0.0,0.0,0.0,0.0,41.0,12.69,0.0,0.0,STRAIGHT,0.3,0.3,"CMD,0.0,0.30",1.2,0.0,1.2,0.0,0,0.983,0,NORMAL,69.116,0.178,0,0,0,0,0,0.0,0,0,0,,,,,,0,,,,226149,3805,0
2395,222.59958004951477,2026-03-05T17:41:06.859458,83.0,0.0,4.01,2.0,1.0,0.0,0.0,129.97,12.22,0.0,0.0,STRAIGHT,0.3,0.3,"CMD,0.0,0.30",1.2,0.0,1.2,0.0,0,0.988,0,NORMAL,69.502,0.149,0,0,0,0,0,0.0,2,1,0,,,,,,0,,,,226340,4490,258
2396,222.6576111316681,2026-03-05T17:41:06.917489,2.03,0.0,2.0,0.0,0.0,0.0,0.0,41.03,12.67,0.0,0.0,STRAIGHT,0.3,0.3,"CMD,0.0,0.30",1.2,0.0,1.2,0.0,0,0.988,0,NORMAL,70.711,0.12,0,0,0,0,0,0.0,0,0,0,,,,,,0,,,,226889,4339,0
2397,222.71358156204224,2026-03-05T17:41:06.973459,2.0,0.0,2.0,0.0,0.0,0.0,0.0,40.96,12.67,0.0,0.0,STRAIGHT,0.3,0.3,"CMD,0.0,0.30",1.2,0.0,1.2,0.0,0,0.988,0,NORMAL,70.711,0.113,0,0,0,0,0,0.0,0,0,0,,,,,,0,,,,226889,4189,0
2398,222.7695813179016,2026-03-05T17:41:07.029459,1.0,0.0,3.0,0.0,0.0,0.0,0.0,41.0,12.69,0.0,0.0,STRAIGHT,0.3,0.3,"CMD,0.0,0.30",1.2,0.0,1.2,0.0,0,0.988,0,NORMAL,70.711,0.072,0,0,0,0,0,0.0,0,0,0,,,,,,0,,,,226889,3886,0
2399,222.9215807914734,2026-03-05T17:41:07.181458,89.0,0.0,6.0,2.0,0.0,0.0,0.0,137.0,12.18,0.0,0.0,STRAIGHT,0.3,0.3,"CMD,0.0,0.30",1.2,0.0,1.2,0.0,0,0.9834,0,NORMAL,70.711,0.041,0,0,0,0,0,0.0,2,1,0,,,,,,0,,,,228701,4515,256
2400,222.98059129714966,2026-03-05T17:41:07.240469,2.01,0.0,2.0,0.0,0.0,0.0,0.0,43.01,12.64,0.0,0.0,STRAIGHT,0.3,0.3,"CMD,0.0,0.30",1.2,0.0,1.2,0.0,0,0.9834,0,NORMAL,70.711,0.001,0,0,0,0,0,0.0,0,0,0,,,,,,0,,,,229272,4362,0
2401,223.03858280181885,2026-03-05T17:41:07.298460,2.0,0.0,2.0,0.0,0.0,0.0,0.0,41.99,12.64,0.0,0.0,STRAIGHT,0.3,0.3,"CMD,0.0,0.30",1.2,0.0,1.2,0.0,0,0.9834,0,NORMAL,70.711,-0.015,0,0,0,0,0,0.0,0,0,0,,,,,,0,,,,229272,4209,0
2402,223.09559202194214,2026-03-05T17:41:07.355469,2.0,0.0,2.0,0.0,0.0,0.0,0.0,42.01,12.63,0.0,0.0,STRAIGHT,0.3,0.3,"CMD,0.0,0.30",1.2,0.0,1.2,0.0,0,0.9834,0,NORMAL,70.711,-0.027,0,0,0,0,0,0.0,0,0,0,,,,,,0,,,,229272,3900,0
2403,223.24658632278442,2026-03-05T17:41:07.506464,89.0,0.0,5.0,2.0,0.0,0.0,0.0,136.0,12.15,0.0,0.0,STRAIGHT,0.3,0.3,"CMD,0.0,0.30",1.2,0.0,1.2,0.0,0,0.9833,0,NORMAL,70.711,-0.058,0,0,0,0,0,0.0,2,1,0,,,,,,0,,,,229841,4509,256
2404,223.30358695983887,2026-03-05T17:41:07.563464,2.0,0.0,2.0,0.0,0.0,0.0,0.0,41.0,12.64,0.0,0.0,STRAIGHT,0.3,0.3,"CMD,0.0,0.30",1.2,0.0,1.2,0.0,0,0.9833,0,NORMAL,70.711,-0.064,0,0,0,0,0,0.0,0,0,0,,,,,,0,,,,230519,4356,0
2405,223.3605933189392,2026-03-05T17:41:07.620471,2.01,0.0,2.0,0.0,0.0,0.0,0.0,42.01,12.65,0.0,0.0,STRAIGHT,0.3,0.3,"CMD,0.0,0.30",1.2,0.0,1.2,0.0,0,0.9833,0,NORMAL,70.678,-0.084,0,0,0,0,0,0.0,0,0,0,,,,,,0,,,,230519,4205,0
2406,223.41658520698547,2026-03-05T17:41:07.676463,2.0,0.0,2.0,0.0,0.0,0.0,0.0,40.99,12.66,0.0,0.0,STRAIGHT,0.3,0.3,"CMD,0.0,0.30",1.2,0.0,1.2,0.0,0,0.9833,0,NORMAL,70.711,-0.114,0,0,0,0,0,0.0,0,0,0,,,,,,0,,,,230519,3897,0
2407,223.56858611106873,2026-03-05T17:41:07.828464,89.0,0.0,5.0,2.0,0.0,0.0,0.0,136.0,12.16,0.0,0.0,STRAIGHT,0.3,0.3,"CMD,0.0,0.30",1.2,0.0,1.2,0.0,0,0.9623,0,NORMAL,70.711,-0.136,0,0,0,0,0,0.0,2,1,0,,,,,,0,,,,233443,4334,256
2408,223.6255955696106,2026-03-05T17:41:07.885473,1.01,0.0,3.0,0.0,0.0,0.0,0.0,42.01,12.63,0.0,0.0,STRAIGHT,0.3,0.3,"CMD,0.0,0.30",1.2,0.0,1.2,0.0,0,0.9623,0,NORMAL,70.711,-0.147,0,0,0,0,0,0.0,0,0,0,,,,,,0,,,,234008,4181,0
2409,223.6825897693634,2026-03-05T17:41:07.942467,2.0,0.0,2.0,0.0,0.0,0.0,0.0,42.0,12.63,0.0,0.0,STRAIGHT,0.3,0.3,"CMD,0.0,0.30",1.2,0.0,1.2,0.0,0,0.9623,0,NORMAL,70.711,-0.173,0,0,0,0,0,0.0,0,0,0,,,,,,0,,,,234008,4028,0
2410,223.73959040641785,2026-03-05T17:41:07.999468,2.0,0.0,2.0,0.0,0.0,0.0,0.0,42.0,12.63,0.0,0.0,STRAIGHT,0.3,0.3,"CMD,0.0,0.30",1.2,0.0,1.2,0.0,0,0.9623,0,NORMAL,70.711,-0.203,0,0,0,0,0,0.0,0,0,0,,,,,,0,,,,234008,3724,0
2411,223.89558911323547,2026-03-05T17:41:08.155467,91.0,0.0,5.0,2.0,0.0,0.0,1.0,140.0,12.11,0.0,0.0,STRAIGHT,0.3,0.3,"CMD,0.0,0.30",1.2,0.0,1.2,0.0,0,0.9751,0,NORMAL,70.711,-0.201,0,0,0,0,0,0.0,2,1,0,,,,,,0,,,,237482,4602,268
2412,223.95859789848328,2026-03-05T17:41:08.218475,1.01,0.0,3.0,0.0,0.0,0.0,0.0,47.01,12.54,0.0,0.0,STRAIGHT,0.3,0.3,"CMD,0.0,0.30",1.2,0.0,1.2,0.0,0,0.9751,0,NORMAL,70.711,-0.189,0,0,0,0,0,0.0,0,0,0,,,,,,0,,,,238123,4444,0
2413,224.0175895690918,2026-03-05T17:41:08.278468,2.0,0.0,2.0,0.0,0.0,0.0,0.0,43.0,12.54,0.0,0.0,STRAIGHT,0.3,0.3,"CMD,0.0,0.30",1.2,0.0,1.2,0.0,0,0.9751,0,NORMAL,70.711,-0.212,0,0,0,0,0,0.0,0,0,0,,,,,,0,,,,238123,4286,0
2414,224.0735900402069,2026-03-05T17:41:08.333467,2.0,0.0,2.0,0.0,0.0,0.0,0.0,40.96,12.54,0.0,0.0,STRAIGHT,0.3,0.3,"CMD,0.0,0.30",1.2,0.0,1.2,0.0,0,0.9751,0,NORMAL,70.711,-0.237,0,0,0,0,0,0.0,0,0,0,,,,,,0,,,,238123,3966,0
2415,224.22659373283386,2026-03-05T17:41:08.486471,90.0,0.0,5.0,2.0,0.0,0.0,0.0,138.0,12.04,0.0,0.0,STRAIGHT,0.3,0.3,"CMD,0.0,0.30",1.2,0.0,1.2,0.0,0,0.9839,0,NORMAL,70.711,-0.235,0,0,0,0,0,0.0,2,1,0,,,,,,0,,,,239470,4665,272
2416,224.28359174728394,2026-03-05T17:41:08.543469,1.0,0.0,3.0,0.0,0.0,0.0,0.0,41.0,12.52,0.0,0.0,STRAIGHT,0.3,0.3,"CMD,0.0,0.30",1.2,0.0,1.2,0.0,0,0.9839,0,NORMAL,70.711,-0.249,0,0,0,0,0,0.0,0,0,0,,,,,,0,,,,240090,4503,0
2417,224.33959221839905,2026-03-05T17:41:08.599470,1.0,0.0,3.0,0.0,0.0,0.0,0.0,41.0,12.54,0.0,0.0,STRAIGHT,0.3,0.3,"CMD,0.0,0.30",1.2,0.0,1.2,0.0,0,0.9839,0,NORMAL,70.711,-0.259,0,0,0,0,0,0.0,0,0,0,,,,,,0,,,,240090,4341,0
2418,224.39559268951416,2026-03-05T17:41:08.655470,1.0,0.0,3.0,0.0,0.0,0.0,0.0,41.0,12.55,0.0,0.0,STRAIGHT,0.3,0.3,"CMD,0.0,0.30",1.2,0.0,1.2,0.0,0,0.9839,0,NORMAL,70.711,-0.263,0,0,0,0,0,0.0,0,0,0,,,,,,0,,,,240090,4018,0
2419,224.54659366607666,2026-03-05T17:41:08.806471,88.99,0.0,4.0,2.0,1.0,0.0,0.0,136.0,12.05,0.0,0.0,STRAIGHT,0.3,0.3,"CMD,0.0,0.30",1.2,0.0,1.2,0.0,0,0.9666,0,NORMAL,70.711,-0.255,0,0,0,0,0,0.0,2,1,0,,,,,,0,,,,236729,4600,272
2420,224.6036036014557,2026-03-05T17:41:08.863481,1.01,0.0,3.0,0.0,0.0,0.0,0.0,41.01,12.51,0.0,0.0,STRAIGHT,0.3,0.3,"CMD,0.0,0.30",1.2,0.0,1.2,0.0,0,0.9666,0,NORMAL,70.711,-0.26,0,0,0,0,0,0.0,0,0,0,,,,,,0,,,,237186,4439,0
2421,224.66059494018555,2026-03-05T17:41:08.920472,2.0,0.0,3.0,0.0,0.0,0.0,0.0,41.99,12.51,0.0,0.0,STRAIGHT,0.3,0.3,"CMD,0.0,0.30",1.2,0.0,1.2,0.0,0,0.9666,0,NORMAL,70.065,-0.253,0,0,0,0,0,0.0,0,0,0,,,,,,0,,,,237186,4279,0
2422,224.71759295463562,2026-03-05T17:41:08.977470,2.0,0.0,2.0,0.0,0.0,0.0,1.0,42.0,12.51,0.0,0.0,STRAIGHT,0.3,0.3,"CMD,0.0,0.30",1.2,0.0,1.2,0.0,0,0.9666,0,NORMAL,69.297,-0.242,0,0,0,0,0,0.0,0,0,0,,,,,,0,,,,237186,3954,0
2423,224.8695991039276,2026-03-05T17:41:09.129477,90.03,0.0,4.98,2.0,0.0,0.0,0.0,137.01,12.01,0.0,0.0,STRAIGHT,0.3,0.3,"CMD,0.0,0.30",1.2,0.0,1.2,0.0,0,0.9817,0,NORMAL,69.006,-0.245,0,0,0,0,0,0.0,2,1,0,,,,,,0,,,,235205,4360,266
2424,224.92959666252136,2026-03-05T17:41:09.189474,1.94,0.0,3.0,0.0,0.0,0.0,0.0,44.0,12.45,0.0,0.0,STRAIGHT,0.3,0.3,"CMD,0.0,0.30",1.2,0.0,1.2,0.0,0,0.9817,0,NORMAL,68.846,-0.25,0,0,0,0,0,0.0,0,0,0,,,,,,0,,,,235695,4201,0
2425,224.9935963153839,2026-03-05T17:41:09.253474,2.01,0.0,1.99,0.0,0.0,0.0,0.0,46.0,12.41,0.0,0.0,STRAIGHT,0.3,0.3,"CMD,0.0,0.30",1.2,0.0,1.2,0.0,0,0.9817,0,NORMAL,68.396,-0.239,0,0,0,0,0,0.0,0,0,0,,,,,,0,,,,235695,3881,0
2426,225.05159878730774,2026-03-05T17:41:09.311476,2.0,0.0,2.0,0.0,0.0,0.0,0.0,41.99,12.41,0.0,0.0,STRAIGHT,0.3,0.3,"CMD,0.0,0.30",1.2,0.0,1.2,0.0,0,0.9817,0,NORMAL,68.593,-0.245,0,0,0,0,0,0.0,0,0,0,,,,,,0,,,,235695,3724,0
2427,225.20359659194946,2026-03-05T17:41:09.463474,91.0,0.0,4.0,2.0,1.0,0.0,0.0,137.0,11.91,0.0,0.0,STRAIGHT,0.3,0.3,"CMD,0.0,0.30",1.2,0.0,1.2,0.0,0,0.9861,0,NORMAL,68.671,-0.253,0,0,0,0,0,0.0,2,1,0,,,,,,0,,,,234052,4357,266
2428,225.262601852417,2026-03-05T17:41:09.522479,2.0,0.0,2.0,0.0,0.0,0.0,0.0,43.01,12.39,0.0,0.0,STRAIGHT,0.3,0.3,"CMD,0.0,0.30",1.2,0.0,1.2,0.0,0,0.9861,0,NORMAL,68.985,-0.261,0,0,0,0,0,0.0,0,0,0,,,,,,0,,,,234424,4198,0
2429,225.31860995292664,2026-03-05T17:41:09.578487,2.01,0.0,2.0,0.0,0.0,0.0,0.0,41.01,12.4,0.0,0.0,STRAIGHT,0.3,0.3,"CMD,0.0,0.30",1.2,0.0,1.2,0.0,0,0.9861,0,NORMAL,69.492,-0.267,0,0,0,0,0,0.0,0,0,0,,,,,,0,,,,234424,3879,0
2430,225.37463235855103,2026-03-05T17:41:09.634510,2.03,0.0,2.0,0.0,0.0,0.0,0.0,41.02,12.41,0.0,0.0,STRAIGHT,0.3,0.3,"CMD,0.0,0.30",1.2,0.0,1.2,0.0,0,0.9861,0,NORMAL,68.897,-0.246,0,0,0,0,0,0.0,0,0,0,,,,,,0,,,,234424,3720,0
2431,225.52663373947144,2026-03-05T17:41:09.786511,89.03,0.0,4.0,1.99,0.0,0.0,0.0,137.0,11.93,0.0,0.0,STRAIGHT,0.3,0.3,"CMD,0.0,0.30",1.2,0.0,1.2,0.0,0,0.9725,0,NORMAL,68.572,-0.264,0,0,0,0,0,0.0,2,1,0,,,,,,0,,,,236556,4122,266
2432,225.58360505104065,2026-03-05T17:41:09.843482,1.97,0.0,2.0,0.0,0.0,0.0,0.0,41.97,12.41,0.0,0.0,STRAIGHT,0.3,0.3,"CMD,0.0,0.30",1.2,0.0,1.2,0.0,0,0.9725,0,NORMAL,68.311,-0.274,0,0,0,0,0,0.0,0,0,0,,,,,,0,,,,236830,3961,0
2433,225.63960528373718,2026-03-05T17:41:09.899483,2.0,0.0,2.0,0.0,0.0,0.0,0.0,41.0,12.41,0.0,0.0,STRAIGHT,0.3,0.3,"CMD,0.0,0.30",1.2,0.0,1.2,0.0,0,0.9725,0,NORMAL,67.509,-0.254,0,0,0,0,0,0.0,0,0,0,,,,,,0,,,,236830,3641,0
2434,225.69660305976868,2026-03-05T17:41:09.956481,1.0,0.0,3.0,0.0,0.0,0.0,0.0,42.0,12.41,0.0,0.0,STRAIGHT,0.3,0.3,"CMD,0.0,0.30",1.2,0.0,1.2,0.0,0,0.9725,0,NORMAL,66.876,-0.239,0,0,0,0,0,0.0,0,0,0,,,,,,0,,,,236830,3480,0
2435,225.84762978553772,2026-03-05T17:41:10.107507,89.0,0.0,5.03,1.97,0.0,0.0,0.0,136.03,11.93,0.0,0.0,STRAIGHT,0.3,0.3,"CMD,0.0,0.30",1.2,0.0,1.2,0.0,0,0.9862,0,NORMAL,66.477,-0.246,0,0,0,0,0,0.0,2,1,0,,,,,,0,,,,235599,4086,262
2436,225.90760493278503,2026-03-05T17:41:10.167482,0.97,0.0,3.0,0.0,0.0,0.0,0.0,43.98,12.39,0.0,0.0,STRAIGHT,0.3,0.3,"CMD,0.0,0.30",1.2,0.0,1.2,0.0,0,0.9862,0,NORMAL,65.54,-0.23,0,0,0,0,0,0.0,0,0,0,,,,,,0,,,,235938,3927,0
2437,225.96760511398315,2026-03-05T17:41:10.227483,2.0,0.0,2.0,0.0,0.0,0.0,0.0,44.0,12.38,0.0,0.0,STRAIGHT,0.3,0.3,"CMD,0.0,0.30",1.2,0.0,1.2,0.0,0,0.9862,0,NORMAL,64.535,-0.212,0,0,0,0,0,0.0,0,0,0,,,,,,0,,,,235938,3608,0
2438,226.02760434150696,2026-03-05T17:41:10.287482,2.0,0.0,2.0,0.0,0.0,0.0,0.0,44.0,12.37,0.0,0.0,STRAIGHT,0.3,0.3,"CMD,0.0,0.30",1.2,0.0,1.2,0.0,0,0.9862,0,NORMAL,63.945,-0.204,0,0,0,0,0,0.0,0,0,0,,,,,,0,,,,235938,3450,0
2439,226.18063879013062,2026-03-05T17:41:10.440516,89.0,0.0,5.03,2.03,0.0,0.0,1.03,138.03,11.88,0.0,0.0,STRAIGHT,0.3,0.3,"CMD,0.0,0.30",1.2,0.0,1.2,0.0,0,0.9753,0,NORMAL,63.447,-0.197,0,0,0,0,0,0.0,2,1,0,,,,,,0,,,,230858,4115,268
2440,226.23860812187195,2026-03-05T17:41:10.498486,2.0,0.0,2.0,0.0,0.0,0.0,0.0,40.96,12.38,0.0,0.0,STRAIGHT,0.3,0.3,"CMD,0.0,0.30",1.2,0.0,1.2,0.0,0,0.9753,0,NORMAL,63.294,-0.19,0,0,0,0,0,0.0,0,0,0,,,,,,0,,,,231197,3955,0
2441,226.29560780525208,2026-03-05T17:41:10.555485,0.98,0.0,2.0,0.0,0.0,0.0,0.0,43.0,12.41,0.0,0.0,STRAIGHT,0.3,0.3,"CMD,0.0,0.30",1.2,0.0,1.2,0.0,0,0.9753,0,NORMAL,63.365,-0.185,0,0,0,0,0,0.0,0,0,0,,,,,,0,,,,231197,3637,0
2442,226.3526086807251,2026-03-05T17:41:10.612486,1.0,0.0,2.01,0.0,0.0,0.0,0.0,41.01,12.42,0.0,0.0,STRAIGHT,0.3,0.3,"CMD,0.0,0.30",1.2,0.0,1.2,0.0,0,0.9753,0,NORMAL,63.781,-0.192,0,0,0,0,0,0.0,0,0,0,,,,,,0,,,,231197,3478,0
2443,226.5046103000641,2026-03-05T17:41:10.764488,90.0,0.0,5.0,2.0,0.0,0.0,1.0,137.0,11.93,0.0,0.0,STRAIGHT,0.3,0.3,"CMD,0.0,0.30",1.2,0.0,1.2,0.0,0,0.9614,0,NORMAL,64.028,-0.185,0,0,0,0,0,0.0,2,1,0,,,,,,0,,,,229329,3760,250
2444,226.560613155365,2026-03-05T17:41:10.820490,2.0,0.0,2.0,0.0,0.0,0.0,0.0,41.0,12.42,0.0,0.0,STRAIGHT,0.3,0.3,"CMD,0.0,0.30",1.2,0.0,1.2,0.0,0,0.9614,0,NORMAL,63.981,-0.173,0,0,0,0,0,0.0,0,0,0,,,,,,0,,,,229746,3608,0
2445,226.61762118339539,2026-03-05T17:41:10.877499,1.01,0.0,3.0,0.0,0.0,0.0,0.0,42.01,12.42,0.0,0.0,STRAIGHT,0.3,0.3,"CMD,0.0,0.30",1.2,0.0,1.2,0.0,0,0.9614,0,NORMAL,63.498,-0.165,0,0,0,0,0,0.0,0,0,0,,,,,,0,,,,229746,3305,0
2446,226.67361092567444,2026-03-05T17:41:10.933488,2.0,0.0,2.0,0.0,0.0,0.0,0.0,40.99,12.42,0.0,0.0,STRAIGHT,0.3,0.3,"CMD,0.0,0.30",1.2,0.0,1.2,0.0,0,0.9614,0,NORMAL,63.215,-0.16,0,0,0,0,0,0.0,0,0,0,,,,,,0,,,,229746,3153,0
2447,226.82464790344238,2026-03-05T17:41:11.084525,89.04,0.0,3.97,1.96,1.02,0.0,0.0,136.04,11.94,0.0,0.0,STRAIGHT,0.3,0.3,"CMD,0.0,0.30",1.2,0.0,1.2,0.0,0,0.978,0,NORMAL,62.521,-0.153,0,0,0,0,0,0.0,2,1,0,,,,,,0,,,,230407,3724,262
2448,226.88463854789734,2026-03-05T17:41:11.144516,2.03,0.0,2.0,0.0,0.0,0.0,0.0,43.03,12.41,0.0,0.0,STRAIGHT,0.3,0.3,"CMD,0.0,0.30",1.2,0.0,1.2,0.0,0,0.978,0,NORMAL,61.894,-0.137,0,0,0,0,0,0.0,0,0,0,,,,,,0,,,,230838,3570,0
2449,226.9436137676239,2026-03-05T17:41:11.203491,2.0,0.0,2.0,0.0,0.0,0.0,0.0,41.97,12.4,0.0,0.0,STRAIGHT,0.3,0.3,"CMD,0.0,0.30",1.2,0.0,1.2,0.0,0,0.978,0,NORMAL,61.397,-0.125,0,0,0,0,0,0.0,0,0,0,,,,,,0,,,,230838,3262,0
2450,227.0076150894165,2026-03-05T17:41:11.267493,1.97,0.0,2.0,0.0,0.0,0.0,0.0,49.0,12.36,0.0,0.0,STRAIGHT,0.3,0.3,"CMD,0.0,0.30",1.2,0.0,1.2,0.0,0,0.978,0,NORMAL,60.784,-0.102,0,0,0,0,0,0.0,0,0,0,,,,,,0,,,,230838,3108,0
2451,227.1606161594391,2026-03-05T17:41:11.420494,90.0,0.0,4.0,2.0,0.0,0.0,0.0,137.0,11.87,0.0,0.0,STRAIGHT,0.3,0.3,"CMD,0.0,0.30",1.2,0.0,1.2,0.0,0,0.9803,0,NORMAL,59.73,-0.063,0,0,0,0,0,0.0,2,1,0,,,,,,0,,,,228188,3553,246
2452,227.2186152935028,2026-03-05T17:41:11.478493,2.0,0.0,2.0,0.0,0.0,0.0,0.0,42.0,12.35,0.0,0.0,STRAIGHT,0.3,0.3,"CMD,0.0,0.30",1.2,0.0,1.2,0.0,0,0.9803,0,NORMAL,58.603,-0.034,0,0,0,0,0,0.0,0,0,0,,,,,,0,,,,228571,3407,0
2453,227.2756187915802,2026-03-05T17:41:11.535496,2.0,0.0,2.0,0.0,0.0,0.0,0.0,41.0,12.36,0.0,0.0,STRAIGHT,0.3,0.3,"CMD,0.0,0.30",1.2,0.0,1.2,0.0,0,0.9803,0,NORMAL,57.943,-0.012,0,0,0,0,0,0.0,0,0,0,,,,,,0,,,,228571,3115,0
2454,227.33261609077454,2026-03-05T17:41:11.592494,2.0,0.0,2.0,0.0,0.0,0.0,1.0,42.0,12.4,0.0,0.0,STRAIGHT,0.3,0.3,"CMD,0.0,0.30",1.2,0.0,1.2,0.0,0,0.9803,0,NORMAL,57.442,0.009,0,0,0,0,0,0.0,0,0,0,,,,,,0,,,,228571,2969,0
2455,227.4826500415802,2026-03-05T17:41:11.742527,88.04,0.0,5.0,2.0,0.0,0.0,0.0,136.03,11.92,0.0,0.0,STRAIGHT,0.3,0.3,"CMD,0.0,0.30",1.2,0.0,1.2,0.0,0,0.9642,0,NORMAL,57.28,0.023,0,0,0,0,0,0.0,2,1,0,,,,,,0,,,,222005,3592,258
2456,227.53865218162537,2026-03-05T17:41:11.798530,1.03,0.0,3.0,0.0,0.0,0.0,0.0,41.0,12.42,0.0,0.0,STRAIGHT,0.3,0.3,"CMD,0.0,0.30",1.2,0.0,1.2,0.0,0,0.9642,0,NORMAL,57.281,0.037,0,0,0,0,0,0.0,0,0,0,,,,,,0,,,,222477,3442,0
2457,227.59664392471313,2026-03-05T17:41:11.856521,1.03,0.0,3.0,0.0,0.0,0.0,0.0,42.99,12.42,0.0,0.0,STRAIGHT,0.3,0.3,"CMD,0.0,0.30",1.2,0.0,1.2,0.0,0,0.9642,0,NORMAL,57.009,0.061,0,0,0,0,0,0.0,0,0,0,,,,,,0,,,,222477,3142,0
2458,227.65164995193481,2026-03-05T17:41:11.911528,2.03,0.0,2.0,0.0,0.0,0.0,0.0,41.03,12.43,0.0,0.0,STRAIGHT,0.3,0.3,"CMD,0.0,0.30",1.2,0.0,1.2,0.0,0,0.9642,0,NORMAL,56.578,0.097,0,0,0,0,0,0.0,0,0,0,,,,,,0,,,,222477,2992,0
2459,227.80162286758423,2026-03-05T17:41:12.061500,90.0,0.0,4.0,2.0,0.0,0.0,0.0,134.97,11.95,0.0,0.0,STRAIGHT,0.3,0.3,"CMD,0.0,0.30",1.2,0.0,1.2,0.0,0,0.9865,0,NORMAL,56.189,0.111,0,0,0,0,0,0.0,2,1,0,,,,,,0,,,,222620,3485,252
2460,227.85862040519714,2026-03-05T17:41:12.118498,2.0,0.0,3.0,0.0,0.0,0.0,0.0,42.0,12.44,0.0,0.0,STRAIGHT,0.3,0.3,"CMD,0.0,0.30",1.2,0.0,1.2,0.0,0,0.9865,0,NORMAL,56.658,0.094,0,0,0,0,0,0.0,0,0,0,,,,,,0,,,,223090,3337,0
2461,227.918621301651,2026-03-05T17:41:12.178499,2.0,0.0,2.0,0.0,0.0,0.0,0.0,43.0,12.42,0.0,0.0,STRAIGHT,0.3,0.3,"CMD,0.0,0.30",1.2,0.0,1.2,0.0,0,0.9865,0,NORMAL,56.274,0.114,0,0,0,0,0,0.0,0,0,0,,,,,,0,,,,223090,3041,0
2462,227.9736213684082,2026-03-05T17:41:12.233499,2.0,0.0,2.0,0.0,0.0,0.0,0.0,40.0,12.42,0.0,0.0,STRAIGHT,0.3,0.3,"CMD,0.0,0.30",1.2,0.0,1.2,0.0,0,0.9865,0,NORMAL,56.462,0.148,0,0,0,0,0,0.0,0,0,0,,,,,,0,,,,223090,2893,0
2463,228.13165426254272,2026-03-05T17:41:12.391532,89.03,0.0,3.97,1.97,0.0,0.0,0.0,141.03,11.91,0.0,0.0,STRAIGHT,0.3,0.3,"CMD,0.0,0.30",1.2,0.0,1.2,0.0,0,0.9783,0,NORMAL,56.153,0.148,0,0,0,0,0,0.0,2,1,0,,,,,,0,,,,219382,3430,252
2464,228.18962359428406,2026-03-05T17:41:12.449501,1.0,0.0,3.0,0.0,0.0,0.0,0.0,42.96,12.38,0.0,0.0,STRAIGHT,0.3,0.3,"CMD,0.0,0.30",1.2,0.0,1.2,0.0,0,0.9783,0,NORMAL,56.476,0.1,0,0,0,0,0,0.0,0,0,0,,,,,,0,,,,219939,3282,0
2465,228.24662375450134,2026-03-05T17:41:12.506501,2.0,0.0,2.0,0.0,0.0,0.0,0.0,41.0,12.4,0.0,0.0,STRAIGHT,0.3,0.3,"CMD,0.0,0.30",1.2,0.0,1.2,0.0,0,0.9783,0,NORMAL,56.418,0.112,0,0,0,0,0,0.0,0,0,0,,,,,,0,,,,219939,2987,0
2466,228.30262422561646,2026-03-05T17:41:12.562502,0.99,0.0,2.0,0.0,0.0,0.0,1.0,42.0,12.42,0.0,0.0,STRAIGHT,0.3,0.3,"CMD,0.0,0.30",1.2,0.0,1.2,0.0,0,0.9783,0,NORMAL,55.825,0.166,0,0,0,0,0,0.0,0,0,0,,,,,,0,,,,219939,2839,0
2467,228.45462822914124,2026-03-05T17:41:12.714506,91.0,0.0,4.0,2.0,0.0,0.0,0.0,137.0,11.95,0.0,0.0,STRAIGHT,0.3,0.3,"CMD,0.0,0.30",1.2,0.0,1.2,0.0,0,0.9705,0,NORMAL,55.384,0.167,0,0,0,0,0,0.0,2,1,0,,,,,,0,,,,214269,3388,252
2468,228.51162552833557,2026-03-05T17:41:12.771503,1.0,0.0,3.0,0.0,0.0,0.0,0.0,42.0,12.44,0.0,0.0,STRAIGHT,0.3,0.3,"CMD,0.0,0.30",1.2,0.0,1.2,0.0,0,0.9705,0,NORMAL,55.255,0.157,0,0,0,0,0,0.0,0,0,0,,,,,,0,,,,214799,3241,0
2469,228.5686264038086,2026-03-05T17:41:12.828504,2.0,0.0,2.0,0.0,0.0,0.0,0.0,41.0,12.45,0.0,0.0,STRAIGHT,0.3,0.3,"CMD,0.0,0.30",1.2,0.0,1.2,0.0,0,0.9705,0,NORMAL,55.189,0.159,0,0,0,0,0,0.0,0,0,0,,,,,,0,,,,214799,2947,0
2470,228.6236264705658,2026-03-05T17:41:12.883504,2.0,0.0,2.0,0.0,0.0,0.0,0.0,41.0,12.46,0.0,0.0,STRAIGHT,0.3,0.3,"CMD,0.0,0.30",1.2,0.0,1.2,0.0,0,0.9705,0,NORMAL,55.426,0.168,0,0,0,0,0,0.0,0,0,0,,,,,,0,,,,214799,2800,0
2471,228.77562880516052,2026-03-05T17:41:13.035506,89.0,0.0,5.0,2.0,0.0,0.0,1.0,137.0,11.96,0.0,0.0,STRAIGHT,0.3,0.3,"CMD,0.0,0.30",1.2,0.0,1.2,0.0,0,0.9774,0,NORMAL,55.492,0.165,0,0,0,0,0,0.0,2,1,0,,,,,,0,,,,213261,3298,252
2472,228.8336386680603,2026-03-05T17:41:13.093516,2.0,0.0,2.0,0.0,0.0,0.0,0.0,43.01,12.45,0.0,0.0,STRAIGHT,0.3,0.3,"CMD,0.0,0.30",1.2,0.0,1.2,0.0,0,0.9774,0,NORMAL,55.715,0.169,0,0,0,0,0,0.0,0,0,0,,,,,,0,,,,213978,3146,0
2473,228.89363145828247,2026-03-05T17:41:13.153509,1.0,0.0,2.0,0.0,0.0,0.0,0.0,44.0,12.43,0.0,0.0,STRAIGHT,0.3,0.3,"CMD,0.0,0.30",1.2,0.0,1.2,0.0,0,0.9774,0,NORMAL,56.009,0.185,0,0,0,0,0,0.0,0,0,0,,,,,,0,,,,213978,2842,0
2474,228.94963192939758,2026-03-05T17:41:13.209509,2.0,0.0,2.0,0.0,0.0,0.0,0.0,41.0,12.44,0.0,0.0,STRAIGHT,0.3,0.3,"CMD,0.0,0.30",1.2,0.0,1.2,0.0,0,0.9774,0,NORMAL,56.553,0.188,0,0,0,0,0,0.0,0,0,0,,,,,,0,,,,213978,2690,0
2475,229.10966420173645,2026-03-05T17:41:13.369542,97.03,0.0,4.97,1.96,0.0,0.0,0.0,145.04,11.9,0.0,0.0,STRAIGHT,0.3,0.3,"CMD,0.0,0.30",1.2,0.0,1.2,0.0,0,0.9811,0,NORMAL,57.053,0.197,0,0,0,0,0,0.0,2,1,0,,,,,,0,,,,214468,3228,252
2476,229.167631149292,2026-03-05T17:41:13.427509,2.0,0.0,2.0,0.0,0.0,0.0,0.0,41.97,12.38,0.0,0.0,STRAIGHT,0.3,0.3,"CMD,0.0,0.30",1.2,0.0,1.2,0.0,0,0.9811,0,NORMAL,57.532,0.205,0,0,0,0,0,0.0,0,0,0,,,,,,0,,,,215241,3077,0
2477,229.2236316204071,2026-03-05T17:41:13.483509,2.0,0.0,2.0,0.0,0.0,0.0,0.0,41.0,12.39,0.0,0.0,STRAIGHT,0.3,0.3,"CMD,0.0,0.30",1.2,0.0,1.2,0.0,0,0.9811,0,NORMAL,57.659,0.229,0,0,0,0,0,0.0,0,0,0,,,,,,0,,,,215241,2775,0
2478,229.27963256835938,2026-03-05T17:41:13.539510,2.0,0.0,2.0,0.0,0.0,0.0,0.0,41.0,12.41,0.0,0.0,STRAIGHT,0.3,0.3,"CMD,0.0,0.30",1.2,0.0,1.2,0.0,0,0.9811,0,NORMAL,57.792,0.239,0,0,0,0,0,0.0,0,0,0,,,,,,0,,,,215241,2624,0
2479,229.4296338558197,2026-03-05T17:41:13.689511,87.99,0.0,5.0,2.0,0.0,0.0,1.0,135.0,11.97,0.0,0.0,STRAIGHT,0.3,0.3,"CMD,0.0,0.30",1.2,0.0,1.2,0.0,0,0.9846,0,NORMAL,58.403,0.228,0,0,0,0,0,0.0,2,1,0,,,,,,0,,,,213829,3007,240
2480,229.48563361167908,2026-03-05T17:41:13.745511,2.0,0.0,3.0,0.0,0.0,0.0,0.0,41.0,12.47,0.0,0.0,STRAIGHT,0.3,0.3,"CMD,0.0,0.30",1.2,0.0,1.2,0.0,0,0.9846,0,NORMAL,58.595,0.246,0,0,0,0,0,0.0,0,0,0,,,,,,0,,,,214457,2860,0
2481,229.54063391685486,2026-03-05T17:41:13.800511,2.0,0.0,2.0,0.0,0.0,0.0,0.0,40.0,12.49,0.0,0.0,STRAIGHT,0.3,0.3,"CMD,0.0,0.30",1.2,0.0,1.2,0.0,0,0.9846,0,NORMAL,58.654,0.248,0,0,0,0,0,0.0,0,0,0,,,,,,0,,,,214457,2713,0
2482,229.59663653373718,2026-03-05T17:41:13.856514,2.0,0.0,2.0,0.0,0.0,0.0,0.0,41.0,12.49,0.0,0.0,STRAIGHT,0.3,0.3,"CMD,0.0,0.30",1.2,0.0,1.2,0.0,0,0.9846,0,NORMAL,58.632,0.246,0,0,0,0,0,0.0,0,0,0,,,,,,0,,,,214457,2423,0
2483,229.74663758277893,2026-03-05T17:41:14.006515,89.0,0.0,4.0,2.0,0.0,0.0,0.0,135.0,12.01,0.0,0.0,STRAIGHT,0.3,0.3,"CMD,0.0,0.30",1.2,0.0,1.2,0.0,0,0.966,0,NORMAL,58.647,0.256,0,0,0,0,0,0.0,2,1,0,,,,,,0,,,,217947,3055,246
2484,229.80263900756836,2026-03-05T17:41:14.062517,0.99,0.0,3.0,0.0,0.0,0.0,0.0,41.0,12.5,0.0,0.0,STRAIGHT,0.3,0.3,"CMD,0.0,0.30",1.2,0.0,1.2,0.0,0,0.966,0,NORMAL,58.58,0.27,0,0,0,0,0,0.0,0,0,0,,,,,,0,,,,218793,2899,0
2485,229.85964560508728,2026-03-05T17:41:14.119523,1.01,0.0,3.0,0.0,0.0,0.0,0.0,41.01,12.49,0.0,0.0,STRAIGHT,0.3,0.3,"CMD,0.0,0.30",1.2,0.0,1.2,0.0,0,0.966,0,NORMAL,58.492,0.281,0,0,0,0,0,0.0,0,0,0,,,,,,0,,,,218793,2743,0
2486,229.9176685810089,2026-03-05T17:41:14.177546,1.03,0.0,3.0,0.0,0.0,0.0,0.0,43.02,12.49,0.0,0.0,STRAIGHT,0.3,0.3,"CMD,0.0,0.30",1.2,0.0,1.2,0.0,0,0.966,0,NORMAL,58.435,0.277,0,0,0,0,0,0.0,0,0,0,,,,,,0,,,,218793,2431,0
2487,230.07266974449158,2026-03-05T17:41:14.332547,94.04,0.0,4.99,2.03,0.0,0.0,0.0,140.0,11.98,0.0,0.0,STRAIGHT,0.3,0.3,"CMD,0.0,0.30",1.2,0.0,1.2,0.0,0,0.9547,0,NORMAL,58.861,0.28,0,0,0,0,0,0.0,2,1,0,,,,,,0,,,,219284,2930,236
2488,230.13063859939575,2026-03-05T17:41:14.390516,2.0,0.0,2.0,0.0,0.0,0.0,0.0,41.96,12.45,0.0,0.0,STRAIGHT,0.3,0.3,"CMD,0.0,0.30",1.2,0.0,1.2,0.0,0,0.9547,0,NORMAL,59.195,0.289,0,0,0,0,0,0.0,0,0,0,,,,,,0,,,,220242,2776,0
2489,230.18663930892944,2026-03-05T17:41:14.446517,2.0,0.0,2.0,0.0,0.0,0.0,0.0,40.0,12.46,0.0,0.0,STRAIGHT,0.3,0.3,"CMD,0.0,0.30",1.2,0.0,1.2,0.0,0,0.9547,0,NORMAL,59.451,0.308,0,0,0,0,0,0.0,0,0,0,,,,,,0,,,,220242,2468,0
2490,230.24164819717407,2026-03-05T17:41:14.501526,1.01,0.0,3.0,0.0,0.0,0.0,0.0,41.01,12.48,0.0,0.0,STRAIGHT,0.3,0.3,"CMD,0.0,0.30",1.2,0.0,1.2,0.0,0,0.9547,0,NORMAL,59.717,0.324,0,0,0,0,0,0.0,0,0,0,,,,,,0,,,,220242,2315,0
2491,230.3906409740448,2026-03-05T17:41:14.650518,89.0,0.0,4.0,2.0,0.0,0.0,0.0,134.99,12.0,0.0,0.0,STRAIGHT,0.3,0.3,"CMD,0.0,0.30",1.2,0.0,1.2,0.0,0,0.9815,0,NORMAL,60.132,0.334,0,0,0,0,0,0.0,2,1,0,,,,,,0,,,,219606,2839,236
2492,230.44764161109924,2026-03-05T17:41:14.707519,2.0,0.0,2.0,0.0,0.0,0.0,1.0,42.0,12.52,0.0,0.0,STRAIGHT,0.3,0.3,"CMD,0.0,0.30",1.2,0.0,1.2,0.0,0,0.9815,0,NORMAL,60.609,0.34,0,0,0,0,0,0.0,0,0,0,,,,,,0,,,,220420,2686,0
2493,230.5036416053772,2026-03-05T17:41:14.763519,2.0,0.0,3.0,0.0,0.0,0.0,0.0,41.0,12.53,0.0,0.0,STRAIGHT,0.3,0.3,"CMD,0.0,0.30",1.2,0.0,1.2,0.0,0,0.9815,0,NORMAL,60.854,0.348,0,0,0,0,0,0.0,0,0,0,,,,,,0,,,,220420,2533,0
2494,230.55864191055298,2026-03-05T17:41:14.818519,2.0,0.0,2.0,0.0,0.0,0.0,0.0,40.0,12.54,0.0,0.0,STRAIGHT,0.3,0.3,"CMD,0.0,0.30",1.2,0.0,1.2,0.0,0,0.9815,0,NORMAL,60.789,0.364,0,0,0,0,0,0.0,0,0,0,,,,,,0,,,,220420,2233,0
2495,230.7086431980133,2026-03-05T17:41:14.968521,89.0,0.0,5.0,1.0,1.01,0.0,0.0,135.0,12.05,0.0,0.0,STRAIGHT,0.3,0.3,"CMD,0.0,0.30",1.2,0.0,1.2,0.0,0,0.9678,0,NORMAL,60.945,0.341,0,0,0,0,0,0.0,2,1,0,,,,,,0,,,,224567,2921,236
2496,230.76464366912842,2026-03-05T17:41:15.024521,1.0,0.0,3.0,0.0,0.0,0.0,0.0,40.0,12.55,0.0,0.0,STRAIGHT,0.3,0.3,"CMD,0.0,0.30",1.2,0.0,1.2,0.0,0,0.9678,0,NORMAL,61.06,0.355,0,0,0,0,0,0.0,0,0,0,,,,,,0,,,,225581,2763,0
2497,230.82065343856812,2026-03-05T17:41:15.080531,2.01,0.0,2.0,0.0,0.0,0.0,0.0,41.01,12.56,0.0,0.0,STRAIGHT,0.3,0.3,"CMD,0.0,0.30",1.2,0.0,1.2,0.0,0,0.9678,0,NORMAL,61.315,0.327,0,0,0,0,0,0.0,0,0,0,,,,,,0,,,,225581,2605,0
2498,230.87967038154602,2026-03-05T17:41:15.139548,2.03,0.0,2.0,0.0,0.0,0.0,0.0,43.02,12.55,0.0,0.0,STRAIGHT,0.3,0.3,"CMD,0.0,0.30",1.2,0.0,1.2,0.0,0,0.9678,0,NORMAL,61.0,0.32,0,0,0,0,0,0.0,0,0,0,,,,,,0,,,,225581,2294,0
2499,231.0296721458435,2026-03-05T17:41:15.289550,88.03,0.0,4.97,1.97,0.0,0.0,0.0,135.0,12.05,0.0,0.0,STRAIGHT,0.3,0.3,"CMD,0.0,0.30",1.2,0.0,1.2,0.0,0,0.8741,0,NORMAL,61.184,0.305,0,0,0,0,0,0.0,2,1,0,,,,,,0,,,,253506,2920,230
2500,231.08764576911926,2026-03-05T17:41:15.347523,2.0,0.0,3.0,0.0,0.0,0.0,0.0,41.97,12.54,0.0,0.0,STRAIGHT,0.3,0.3,"CMD,0.0,0.30",1.2,0.0,1.2,0.0,0,0.8741,0,NORMAL,61.316,0.3,0,0,0,0,0,0.0,0,0,0,,,,,,0,,,,254536,2756,0
2501,231.1466782093048,2026-03-05T17:41:15.406556,1.04,0.0,3.0,0.0,0.0,0.0,0.0,43.03,12.54,0.0,0.0,STRAIGHT,0.3,0.3,"CMD,0.0,0.30",1.2,0.0,1.2,0.0,0,0.8741,0,NORMAL,61.644,0.282,0,0,0,0,0,0.0,0,0,0,,,,,,0,,,,254536,2592,0
2502,231.2026469707489,2026-03-05T17:41:15.462525,2.0,0.0,2.0,0.0,0.0,0.0,0.0,40.97,12.56,0.0,0.0,STRAIGHT,0.3,0.3,"CMD,0.0,0.30",1.2,0.0,1.2,0.0,0,0.8741,0,NORMAL,62.038,0.272,0,0,0,0,0,0.0,0,0,0,,,,,,0,,,,254536,2275,0
2503,231.35365653038025,2026-03-05T17:41:15.613534,88.01,0.0,3.99,1.99,1.01,0.0,0.0,134.0,12.07,0.0,0.0,STRAIGHT,0.3,0.3,"CMD,0.0,0.30",1.2,0.0,1.2,0.0,0,0.8158,0,NORMAL,62.559,0.261,0,0,0,0,0,0.0,2,1,0,,,,,,0,,,,305970,2768,220
2504,231.4116494655609,2026-03-05T17:41:15.671527,1.97,0.0,2.0,0.0,0.0,0.0,0.0,41.99,12.6,0.0,0.0,STRAIGHT,0.3,0.3,"CMD,0.0,0.30",1.2,0.0,1.2,0.0,0,0.8158,0,NORMAL,63.222,0.253,0,0,0,0,0,0.0,0,0,0,,,,,,0,,,,306785,2622,0
2505,231.46864914894104,2026-03-05T17:41:15.728527,2.0,0.0,2.0,0.0,0.0,0.0,0.0,41.0,12.6,0.0,0.0,STRAIGHT,0.3,0.3,"CMD,0.0,0.30",1.2,0.0,1.2,0.0,0,0.8158,0,NORMAL,64.044,0.244,0,0,0,0,0,0.0,0,0,0,,,,,,0,,,,306785,2476,0
2506,231.52464985847473,2026-03-05T17:41:15.784528,2.0,0.0,2.0,0.0,0.0,0.0,0.0,41.0,12.6,0.0,0.0,STRAIGHT,0.3,0.3,"CMD,0.0,0.30",1.2,0.0,1.2,0.0,0,0.8158,0,NORMAL,65.055,0.242,0,0,0,0,0,0.0,0,0,0,,,,,,0,,,,306785,2198,0
2507,231.6756820678711,2026-03-05T17:41:15.935560,89.03,0.0,3.97,1.0,0.0,0.0,0.0,135.03,12.1,0.0,0.0,STRAIGHT,0.3,0.3,"CMD,0.0,0.30",1.2,0.0,1.2,0.0,0,0.8978,0,NORMAL,65.849,0.242,0,0,0,0,0,0.0,2,1,0,,,,,,0,,,,314448,2506,202
2508,231.73265266418457,2026-03-05T17:41:15.992530,1.97,0.0,2.0,0.0,0.0,0.0,0.0,40.97,12.59,0.0,0.0,STRAIGHT,0.3,0.3,"CMD,0.0,0.30",1.2,0.0,1.2,0.0,0,0.8978,0,NORMAL,66.532,0.247,0,0,0,0,0,0.0,0,0,0,,,,,,0,,,,315066,2379,0
2509,231.78968334197998,2026-03-05T17:41:16.049561,2.03,0.0,2.0,0.0,0.0,0.0,0.0,40.03,12.59,0.0,0.0,STRAIGHT,0.3,0.3,"CMD,0.0,0.30",1.2,0.0,1.2,0.0,0,0.8978,0,NORMAL,66.837,0.261,0,0,0,0,0,0.0,0,0,0,,,,,,0,,,,315066,2252,0
2510,231.84567737579346,2026-03-05T17:41:16.105555,2.03,0.0,2.0,0.0,0.0,0.0,0.0,39.99,12.58,0.0,0.0,STRAIGHT,0.3,0.3,"CMD,0.0,0.30",1.2,0.0,1.2,0.0,0,0.8978,0,NORMAL,67.202,0.26,0,0,0,0,0,0.0,0,0,0,,,,,,0,,,,315066,2000,0
2511,231.99865341186523,2026-03-05T17:41:16.258531,89.0,0.0,4.0,2.0,0.0,0.0,0.0,136.98,12.07,0.0,0.0,STRAIGHT,0.3,0.3,"CMD,0.0,0.30",1.2,0.0,1.2,0.0,0,0.9638,0,NORMAL,67.716,0.253,0,0,0,0,0,0.0,2,1,0,,,,,,0,,,,322598,2697,214
2512,232.05568718910217,2026-03-05T17:41:16.315565,1.04,0.0,1.96,0.0,0.0,0.0,1.03,41.03,12.56,0.0,0.0,STRAIGHT,0.3,0.3,"CMD,0.0,0.30",1.2,0.0,1.2,0.0,0,0.9638,0,NORMAL,67.788,0.254,0,0,0,0,0,0.0,0,0,0,,,,,,0,,,,323309,2564,0
2513,232.11365461349487,2026-03-05T17:41:16.373532,0.97,0.0,3.0,0.0,0.0,0.0,0.0,41.96,12.55,0.0,0.0,STRAIGHT,0.3,0.3,"CMD,0.0,0.30",1.2,0.0,1.2,0.0,0,0.9638,0,NORMAL,67.88,0.229,0,0,0,0,0,0.0,0,0,0,,,,,,0,,,,323309,2431,0
2514,232.17268991470337,2026-03-05T17:41:16.432567,1.03,0.0,3.0,0.0,0.0,0.0,0.0,43.04,12.54,0.0,0.0,STRAIGHT,0.3,0.3,"CMD,0.0,0.30",1.2,0.0,1.2,0.0,0,0.9638,0,NORMAL,67.456,0.239,0,0,0,0,0,0.0,0,0,0,,,,,,0,,,,323309,2166,0
2515,232.32365655899048,2026-03-05T17:41:16.583534,89.0,0.0,5.0,1.0,1.0,0.0,0.0,134.97,12.06,0.0,0.0,STRAIGHT,0.3,0.3,"CMD,0.0,0.30",1.2,0.0,1.2,0.0,0,0.9473,0,NORMAL,67.382,0.245,0,0,0,0,0,0.0,2,1,0,,,,,,0,,,,327471,2764,214
2516,232.3806917667389,2026-03-05T17:41:16.640569,2.03,0.0,2.0,0.0,0.0,0.0,0.0,40.04,12.56,0.0,0.0,STRAIGHT,0.3,0.3,"CMD,0.0,0.30",1.2,0.0,1.2,0.0,0,0.9473,0,NORMAL,66.989,0.241,0,0,0,0,0,0.0,0,0,0,,,,,,0,,,,328160,2629,0
2517,232.43665719032288,2026-03-05T17:41:16.696535,2.0,0.0,2.0,0.0,0.0,0.0,0.0,39.96,12.58,0.0,0.0,STRAIGHT,0.3,0.3,"CMD,0.0,0.30",1.2,0.0,1.2,0.0,0,0.9473,0,NORMAL,66.596,0.236,0,0,0,0,0,0.0,0,0,0,,,,,,0,,,,328160,2494,0
2518,232.4936604499817,2026-03-05T17:41:16.753538,2.0,0.0,2.0,0.0,0.0,0.0,0.0,40.0,12.56,0.0,0.0,STRAIGHT,0.3,0.3,"CMD,0.0,0.30",1.2,0.0,1.2,0.0,0,0.9473,0,NORMAL,66.767,0.227,0,0,0,0,0,0.0,0,0,0,,,,,,0,,,,328160,2227,0
2519,232.64365911483765,2026-03-05T17:41:16.903537,88.0,0.0,5.0,1.0,1.0,0.0,0.0,133.0,12.07,0.0,0.0,STRAIGHT,0.3,0.3,"CMD,0.0,0.30",1.2,0.0,1.2,0.0,0,0.9338,0,NORMAL,67.068,0.221,0,0,0,0,0,0.0,2,1,0,,,,,,0,,,,329975,2954,224
2520,232.70165944099426,2026-03-05T17:41:16.961537,2.0,0.0,2.0,0.0,0.0,0.0,0.0,40.0,12.55,0.0,0.0,STRAIGHT,0.3,0.3,"CMD,0.0,0.30",1.2,0.0,1.2,0.0,0,0.9338,0,NORMAL,67.064,0.234,0,0,0,0,0,0.0,0,0,0,,,,,,0,,,,330851,2799,0
2521,232.75965976715088,2026-03-05T17:41:17.019537,1.0,0.0,2.01,0.0,0.0,0.0,0.99,41.0,12.54,0.0,0.0,STRAIGHT,0.3,0.3,"CMD,0.0,0.30",1.2,0.0,1.2,0.0,0,0.9338,0,NORMAL,67.179,0.247,0,0,0,0,0,0.0,0,0,0,,,,,,0,,,,330851,2644,0
2522,232.8156623840332,2026-03-05T17:41:17.075540,2.0,0.0,2.0,0.0,0.0,0.0,0.0,40.0,12.54,0.0,0.0,STRAIGHT,0.3,0.3,"CMD,0.0,0.30",1.2,0.0,1.2,0.0,0,0.9338,0,NORMAL,67.481,0.26,0,0,0,0,0,0.0,0,0,0,,,,,,0,,,,330851,2350,0
2523,232.96766424179077,2026-03-05T17:41:17.227542,89.0,0.0,4.0,2.0,0.0,0.0,0.0,136.0,12.04,0.0,0.0,STRAIGHT,0.3,0.3,"CMD,0.0,0.30",1.2,0.0,1.2,0.0,0,0.9416,0,NORMAL,67.844,0.27,0,0,0,0,0,0.0,2,1,0,,,,,,0,,,,339748,3209,234
2524,233.0256621837616,2026-03-05T17:41:17.285540,2.0,0.0,2.0,0.0,0.0,0.0,1.0,41.0,12.52,0.0,0.0,STRAIGHT,0.3,0.3,"CMD,0.0,0.30",1.2,0.0,1.2,0.0,0,0.9416,0,NORMAL,68.135,0.273,0,0,0,0,0,0.0,0,0,0,,,,,,0,,,,340699,3030,0
2525,233.08166480064392,2026-03-05T17:41:17.341542,2.0,0.0,2.0,0.0,0.0,0.0,0.0,40.0,12.52,0.0,0.0,STRAIGHT,0.3,0.3,"CMD,0.0,0.30",1.2,0.0,1.2,0.0,0,0.9416,0,NORMAL,68.105,0.29,0,0,0,0,0,0.0,0,0,0,,,,,,0,,,,340699,2851,0
2526,233.13866567611694,2026-03-05T17:41:17.398543,1.0,0.0,3.0,0.0,0.0,0.0,0.0,41.0,12.51,0.0,0.0,STRAIGHT,0.3,0.3,"CMD,0.0,0.30",1.2,0.0,1.2,0.0,0,0.9416,0,NORMAL,68.518,0.279,0,0,0,0,0,0.0,0,0,0,,,,,,0,,,,340699,2496,0
2527,233.29466462135315,2026-03-05T17:41:17.554542,90.03,0.0,4.97,1.0,1.0,0.0,0.0,138.0,12.01,0.0,0.0,STRAIGHT,0.3,0.3,"CMD,0.0,0.30",1.2,0.0,1.2,0.0,0,0.9589,0,NORMAL,68.65,0.266,0,0,0,0,0,0.0,2,1,0,,,,,,0,,,,349742,3236,234
2528,233.35066437721252,2026-03-05T17:41:17.610542,2.0,0.0,2.0,0.0,0.0,0.0,0.0,40.0,12.49,0.0,0.0,STRAIGHT,0.3,0.3,"CMD,0.0,0.30",1.2,0.0,1.2,0.0,0,0.9589,0,NORMAL,68.718,0.263,0,0,0,0,0,0.0,0,0,0,,,,,,0,,,,350629,3056,0
2529,233.4076747894287,2026-03-05T17:41:17.667552,2.01,0.0,2.0,0.0,0.0,0.0,0.0,40.01,12.5,0.0,0.0,STRAIGHT,0.3,0.3,"CMD,0.0,0.30",1.2,0.0,1.2,0.0,0,0.9589,0,NORMAL,68.31,0.241,0,0,0,0,0,0.0,0,0,0,,,,,,0,,,,350629,2876,0
2530,233.4646656513214,2026-03-05T17:41:17.724543,2.0,0.0,2.0,0.0,0.0,0.0,0.0,39.99,12.52,0.0,0.0,STRAIGHT,0.3,0.3,"CMD,0.0,0.30",1.2,0.0,1.2,0.0,0,0.9589,0,NORMAL,68.173,0.214,0,0,0,0,0,0.0,0,0,0,,,,,,0,,,,350629,2527,0
2531,233.61466789245605,2026-03-05T17:41:17.874545,89.0,0.0,4.0,2.0,0.0,0.0,0.0,134.0,12.02,0.0,0.0,STRAIGHT,0.3,0.3,"CMD,0.0,0.30",1.2,0.0,1.2,0.0,0,0.939,0,NORMAL,68.524,0.198,0,0,0,0,0,0.0,2,1,0,,,,,,0,,,,348201,3468,240
2532,233.67167711257935,2026-03-05T17:41:17.931555,1.01,0.0,3.0,0.0,0.0,0.0,0.0,41.01,12.51,0.0,0.0,STRAIGHT,0.3,0.3,"CMD,0.0,0.30",1.2,0.0,1.2,0.0,0,0.939,0,NORMAL,68.169,0.224,0,0,0,0,0,0.0,0,0,0,,,,,,0,,,,349482,3277,0
2533,233.7286672592163,2026-03-05T17:41:17.988545,2.0,0.0,2.0,0.0,0.0,0.0,0.0,39.97,12.52,0.0,0.0,STRAIGHT,0.3,0.3,"CMD,0.0,0.30",1.2,0.0,1.2,0.0,0,0.939,0,NORMAL,67.97,0.221,0,0,0,0,0,0.0,0,0,0,,,,,,0,,,,349482,3086,0
2534,233.78866839408875,2026-03-05T17:41:18.048546,1.0,0.0,2.0,0.0,0.0,0.0,1.0,42.0,12.5,0.0,0.0,STRAIGHT,0.3,0.3,"CMD,0.0,0.30",1.2,0.0,1.2,0.0,0,0.939,0,NORMAL,68.438,0.191,0,0,0,0,0,0.0,0,0,0,,,,,,0,,,,349482,2705,0
2535,233.93869352340698,2026-03-05T17:41:18.198571,89.03,0.0,3.98,1.0,0.0,0.0,0.0,134.03,12.01,0.0,0.0,STRAIGHT,0.3,0.3,"CMD,0.0,0.30",1.2,0.0,1.2,0.0,0,0.9601,0,NORMAL,69.164,0.181,0,0,0,0,0,0.0,2,1,0,,,,,,0,,,,338516,3207,230
2536,233.99670147895813,2026-03-05T17:41:18.256579,1.03,0.0,3.0,0.0,0.0,0.0,0.0,41.0,12.49,0.0,0.0,STRAIGHT,0.3,0.3,"CMD,0.0,0.30",1.2,0.0,1.2,0.0,0,0.9601,0,NORMAL,69.581,0.195,0,0,0,0,0,0.0,0,0,0,,,,,,0,,,,339558,3033,0
2537,234.05367040634155,2026-03-05T17:41:18.313548,2.0,0.0,2.0,0.0,0.0,0.0,0.0,39.96,12.5,0.0,0.0,STRAIGHT,0.3,0.3,"CMD,0.0,0.30",1.2,0.0,1.2,0.0,0,0.9601,0,NORMAL,70.129,0.206,0,0,0,0,0,0.0,0,0,0,,,,,,0,,,,339558,2859,0
2538,234.1097013950348,2026-03-05T17:41:18.369579,1.04,0.0,3.0,0.0,0.0,0.0,0.0,40.03,12.5,0.0,0.0,STRAIGHT,0.3,0.3,"CMD,0.0,0.30",1.2,0.0,1.2,0.0,0,0.9601,0,NORMAL,70.711,0.208,0,0,0,0,0,0.0,0,0,0,,,,,,0,,,,339558,2525,0
2539,234.26567196846008,2026-03-05T17:41:18.525549,92.0,0.0,5.0,2.0,0.0,0.0,1.0,139.97,11.98,0.0,0.0,STRAIGHT,0.3,0.3,"CMD,0.0,0.30",1.2,0.0,1.2,0.0,0,0.9391,0,NORMAL,70.711,0.211,0,0,0,0,0,0.0,2,1,0,,,,,,0,,,,350922,4010,278
2540,234.32470440864563,2026-03-05T17:41:18.584582,2.03,0.0,1.97,0.0,0.0,0.0,0.0,42.0,12.47,0.0,0.0,STRAIGHT,0.3,0.3,"CMD,0.0,0.30",1.2,0.0,1.2,0.0,0,0.9391,0,NORMAL,70.711,0.246,0,0,0,0,0,0.0,0,0,0,,,,,,0,,,,352141,3804,0
2541,234.37967252731323,2026-03-05T17:41:18.639550,2.0,0.0,2.0,0.0,0.0,0.0,0.0,38.96,12.48,0.0,0.0,STRAIGHT,0.3,0.3,"CMD,0.0,0.30",1.2,0.0,1.2,0.0,0,0.9391,0,NORMAL,70.711,0.275,0,0,0,0,0,0.0,0,0,0,,,,,,0,,,,352141,3598,0
2542,234.4366729259491,2026-03-05T17:41:18.696551,2.06,0.0,1.95,0.0,0.0,0.0,1.0,41.0,12.48,0.0,0.0,STRAIGHT,0.3,0.3,"CMD,0.0,0.30",1.2,0.0,1.2,0.0,0,0.9391,0,NORMAL,70.711,0.262,0,0,0,0,0,0.0,0,0,0,,,,,,0,,,,352141,3186,0
2543,234.58567595481873,2026-03-05T17:41:18.845553,88.0,0.0,4.0,2.0,0.0,0.0,0.0,133.0,12.02,0.0,0.0,STRAIGHT,0.3,0.3,"CMD,0.0,0.30",1.2,0.0,1.2,0.0,0,0.937,0,NORMAL,70.711,0.258,0,0,0,0,0,0.0,2,1,0,,,,,,0,,,,353907,4365,380
2544,234.64268469810486,2026-03-05T17:41:18.902562,1.01,0.0,3.0,0.0,0.0,0.0,0.0,40.01,12.5,0.0,0.0,STRAIGHT,0.3,0.3,"CMD,0.0,0.30",1.2,0.0,1.2,0.0,0,0.937,0,NORMAL,70.711,0.27,0,0,0,0,0,0.0,0,0,0,,,,,,0,,,,355459,4155,0
2545,234.69970655441284,2026-03-05T17:41:18.959584,2.03,0.0,2.0,0.0,0.0,0.0,0.0,40.02,12.51,0.0,0.0,STRAIGHT,0.3,0.3,"CMD,0.0,0.30",1.2,0.0,1.2,0.0,0,0.937,0,NORMAL,70.711,0.256,0,0,0,0,0,0.0,0,0,0,,,,,,0,,,,355459,3945,0
2546,234.7576756477356,2026-03-05T17:41:19.017553,2.0,0.0,2.0,0.0,0.0,0.0,1.0,41.97,12.49,0.0,0.0,STRAIGHT,0.3,0.3,"CMD,0.0,0.30",1.2,0.0,1.2,0.0,0,0.937,0,NORMAL,70.711,0.261,0,0,0,0,0,0.0,0,0,0,,,,,,0,,,,355459,3525,0
2547,234.9086787700653,2026-03-05T17:41:19.168556,90.0,0.0,4.0,2.0,0.0,0.0,0.0,135.0,12.01,0.0,0.0,STRAIGHT,0.3,0.3,"CMD,0.0,0.30",1.2,0.0,1.2,0.0,0,0.905,0,NORMAL,70.711,0.248,0,0,0,0,0,0.0,2,1,0,,,,,,0,,,,323625,4220,310
2548,234.9656777381897,2026-03-05T17:41:19.225555,2.0,0.0,2.0,0.0,0.0,0.0,0.0,40.0,12.49,0.0,0.0,STRAIGHT,0.3,0.3,"CMD,0.0,0.30",1.2,0.0,1.2,0.0,0,0.905,0,NORMAL,70.711,0.244,0,0,0,0,0,0.0,0,0,0,,,,,,0,,,,324194,4037,0
2549,235.02267742156982,2026-03-05T17:41:19.282555,1.0,0.0,3.0,0.0,0.0,0.0,0.0,40.0,12.49,0.0,0.0,STRAIGHT,0.3,0.3,"CMD,0.0,0.30",1.2,0.0,1.2,0.0,0,0.905,0,NORMAL,70.711,0.243,0,0,0,0,0,0.0,0,0,0,,,,,,0,,,,324194,3854,0
2550,235.078688621521,2026-03-05T17:41:19.338566,2.01,0.0,2.0,0.0,0.0,0.0,0.0,40.01,12.51,0.0,0.0,STRAIGHT,0.3,0.3,"CMD,0.0,0.30",1.2,0.0,1.2,0.0,0,0.905,0,NORMAL,70.711,0.237,0,0,0,0,0,0.0,0,0,0,,,,,,0,,,,324194,3491,0
2551,235.23767948150635,2026-03-05T17:41:19.497557,93.0,0.0,5.0,3.0,0.0,0.0,0.0,141.99,11.98,0.0,0.0,STRAIGHT,0.3,0.3,"CMD,0.0,0.30",1.2,0.0,1.2,0.0,0,0.9406,0,NORMAL,70.711,0.237,0,0,0,0,0,0.0,2,1,0,,,,,,0,,,,327276,4597,338
2552,235.29668068885803,2026-03-05T17:41:19.556558,2.0,0.0,2.0,0.0,0.0,0.0,1.0,42.0,12.45,0.0,0.0,STRAIGHT,0.3,0.3,"CMD,0.0,0.30",1.2,0.0,1.2,0.0,0,0.9406,0,NORMAL,70.711,0.245,0,0,0,0,0,0.0,0,0,0,,,,,,0,,,,327922,4395,0
2553,235.35468125343323,2026-03-05T17:41:19.614559,2.0,0.0,2.0,0.0,0.0,0.0,0.0,41.0,12.46,0.0,0.0,STRAIGHT,0.3,0.3,"CMD,0.0,0.30",1.2,0.0,1.2,0.0,0,0.9406,0,NORMAL,70.711,0.255,0,0,0,0,0,0.0,0,0,0,,,,,,0,,,,327922,3991,0
2554,235.41069102287292,2026-03-05T17:41:19.670568,2.01,0.0,2.0,0.0,0.0,0.0,0.0,40.01,12.45,0.0,0.0,STRAIGHT,0.3,0.3,"CMD,0.0,0.30",1.2,0.0,1.2,0.0,0,0.9406,0,NORMAL,70.711,0.257,0,0,0,0,0,0.0,0,0,0,,,,,,0,,,,327922,3789,0
2555,235.56168389320374,2026-03-05T17:41:19.821561,89.0,0.0,5.0,2.0,0.0,0.0,0.0,135.0,11.97,0.0,0.0,STRAIGHT,0.3,0.3,"CMD,0.0,0.30",1.2,0.0,1.2,0.0,0,0.9477,0,NORMAL,70.711,0.27,0,0,0,0,0,0.0,2,1,0,,,,,,0,,,,336344,4811,344
2556,235.61868238449097,2026-03-05T17:41:19.878560,2.0,0.0,2.0,0.0,0.0,0.0,0.0,41.0,12.47,0.0,0.0,STRAIGHT,0.3,0.3,"CMD,0.0,0.30",1.2,0.0,1.2,0.0,0,0.9477,0,NORMAL,70.711,0.275,0,0,0,0,0,0.0,0,0,0,,,,,,0,,,,336888,4612,0
2557,235.67569160461426,2026-03-05T17:41:19.935569,1.01,0.0,1.99,0.0,0.0,0.0,0.0,40.01,12.47,0.0,0.0,STRAIGHT,0.3,0.3,"CMD,0.0,0.30",1.2,0.0,1.2,0.0,0,0.9477,0,NORMAL,70.711,0.28,0,0,0,0,0,0.0,0,0,0,,,,,,0,,,,336888,4413,0
2558,235.73368334770203,2026-03-05T17:41:19.993561,2.0,0.0,2.0,0.0,0.0,0.0,1.0,41.99,12.47,0.0,0.0,STRAIGHT,0.3,0.3,"CMD,0.0,0.30",1.2,0.0,1.2,0.0,0,0.9477,0,NORMAL,70.711,0.289,0,0,0,0,0,0.0,0,0,0,,,,,,0,,,,336888,4016,0
2559,235.884685754776,2026-03-05T17:41:20.144563,90.0,0.0,4.0,2.0,0.0,0.0,0.0,134.01,11.98,0.0,0.0,STRAIGHT,0.3,0.3,"CMD,0.0,0.30",1.2,0.0,1.2,0.0,0,0.9373,0,NORMAL,70.711,0.278,0,0,0,0,0,0.0,2,1,0,,,,,,0,,,,326273,4746,318
2560,235.94268774986267,2026-03-05T17:41:20.202565,2.0,0.0,2.0,0.0,0.0,0.0,0.0,39.99,12.46,0.0,0.0,STRAIGHT,0.3,0.3,"CMD,0.0,0.30",1.2,0.0,1.2,0.0,0,0.9373,0,NORMAL,70.711,0.241,0,0,0,0,0,0.0,0,0,0,,,,,,0,,,,326623,4564,0
2561,235.99968767166138,2026-03-05T17:41:20.259565,2.0,0.0,2.0,0.0,0.0,0.0,0.0,41.0,12.46,0.0,0.0,STRAIGHT,0.3,0.3,"CMD,0.0,0.30",1.2,0.0,1.2,0.0,0,0.9373,0,NORMAL,70.711,0.227,0,0,0,0,0,0.0,0,0,0,,,,,,0,,,,326623,4200,0
2562,236.0556960105896,2026-03-05T17:41:20.315573,2.01,0.0,2.0,0.0,0.0,0.0,0.0,40.01,12.46,0.0,0.0,STRAIGHT,0.3,0.3,"CMD,0.0,0.30",1.2,0.0,1.2,0.0,0,0.9373,0,NORMAL,70.711,0.212,0,0,0,0,0,0.0,0,0,0,,,,,,0,,,,326623,4018,0
2563,236.2057168483734,2026-03-05T17:41:20.465595,88.03,0.0,5.0,2.0,0.0,0.0,0.0,134.02,12.0,0.0,0.0,STRAIGHT,0.3,0.3,"CMD,0.0,0.30",1.2,0.0,1.2,0.0,0,0.945,0,NORMAL,70.711,0.197,0,0,0,0,0,0.0,2,1,0,,,,,,0,,,,331545,5096,326
2564,236.26368808746338,2026-03-05T17:41:20.523566,1.0,0.0,3.0,0.0,0.0,0.0,0.0,40.96,12.47,0.0,0.0,STRAIGHT,0.3,0.3,"CMD,0.0,0.30",1.2,0.0,1.2,0.0,0,0.945,0,NORMAL,70.711,0.195,0,0,0,0,0,0.0,0,0,0,,,,,,0,,,,331892,4908,0
2565,236.32268905639648,2026-03-05T17:41:20.582566,2.0,0.0,2.0,0.0,0.0,0.0,0.0,42.0,12.47,0.0,0.0,STRAIGHT,0.3,0.3,"CMD,0.0,0.30",1.2,0.0,1.2,0.0,0,0.945,0,NORMAL,70.711,0.177,0,0,0,0,0,0.0,0,0,0,,,,,,0,,,,331892,4720,0
2566,236.37868857383728,2026-03-05T17:41:20.638566,1.0,0.0,3.0,0.0,0.0,0.0,0.0,40.0,12.47,0.0,0.0,STRAIGHT,0.3,0.3,"CMD,0.0,0.30",1.2,0.0,1.2,0.0,0,0.945,0,NORMAL,70.711,0.158,0,0,0,0,0,0.0,0,0,0,,,,,,0,,,,331892,4344,0
2567,236.52869033813477,2026-03-05T17:41:20.788568,89.0,0.0,5.0,2.0,0.0,0.0,1.0,134.0,11.99,0.0,0.0,STRAIGHT,0.3,0.3,"CMD,0.0,0.30",1.2,0.0,1.2,0.0,0,0.9519,0,NORMAL,70.711,0.137,0,0,0,0,0,0.0,2,1,0,,,,,,0,,,,323901,4992,322
2568,236.5856897830963,2026-03-05T17:41:20.845567,1.0,0.0,3.0,0.0,0.0,0.0,0.0,40.0,12.5,0.0,0.0,STRAIGHT,0.3,0.3,"CMD,0.0,0.30",1.2,0.0,1.2,0.0,0,0.9519,0,NORMAL,70.711,0.126,0,0,0,0,0,0.0,0,0,0,,,,,,0,,,,324221,4807,0
2569,236.64269089698792,2026-03-05T17:41:20.902568,2.0,0.0,2.0,0.0,0.0,0.0,1.0,40.0,12.51,0.0,0.0,STRAIGHT,0.3,0.3,"CMD,0.0,0.30",1.2,0.0,1.2,0.0,0,0.9519,0,NORMAL,70.711,0.119,0,0,0,0,0,0.0,0,0,0,,,,,,0,,,,324221,4622,0
2570,236.69869136810303,2026-03-05T17:41:20.958569,2.0,0.0,2.0,0.0,0.0,0.0,1.0,40.0,12.51,0.0,0.0,STRAIGHT,0.3,0.3,"CMD,0.0,0.30",1.2,0.0,1.2,0.0,0,0.9519,0,NORMAL,70.711,0.136,0,0,0,0,0,0.0,0,0,0,,,,,,0,,,,324221,4255,0
2571,236.84870219230652,2026-03-05T17:41:21.108580,88.0,0.0,5.0,2.0,0.0,0.0,0.0,135.01,12.02,0.0,0.0,STRAIGHT,0.3,0.3,"CMD,0.0,0.30",1.2,0.0,1.2,0.0,0,0.9425,0,NORMAL,70.711,0.118,0,0,0,0,0,0.0,2,1,0,,,,,,0,,,,333022,5346,322
2572,236.9067029953003,2026-03-05T17:41:21.166581,2.01,0.0,2.0,0.0,0.0,0.0,0.0,41.01,12.49,0.0,0.0,STRAIGHT,0.3,0.3,"CMD,0.0,0.30",1.2,0.0,1.2,0.0,0,0.9425,0,NORMAL,70.711,0.111,0,0,0,0,0,0.0,0,0,0,,,,,,0,,,,333376,5161,0
2573,236.96370387077332,2026-03-05T17:41:21.223581,1.01,0.0,3.0,0.0,0.0,0.0,0.0,40.0,12.49,0.0,0.0,STRAIGHT,0.3,0.3,"CMD,0.0,0.30",1.2,0.0,1.2,0.0,0,0.9425,0,NORMAL,70.711,0.096,0,0,0,0,0,0.0,0,0,0,,,,,,0,,,,333376,4976,0
2574,237.01872944831848,2026-03-05T17:41:21.278607,1.03,0.0,3.0,0.0,0.0,0.0,0.0,39.03,12.51,0.0,0.0,STRAIGHT,0.3,0.3,"CMD,0.0,0.30",1.2,0.0,1.2,0.0,0,0.9425,0,NORMAL,70.711,0.082,0,0,0,0,0,0.0,0,0,0,,,,,,0,,,,333376,4607,0
2575,237.16872763633728,2026-03-05T17:41:21.428605,89.0,0.0,4.0,2.0,1.04,0.0,0.0,132.97,12.03,0.0,0.0,STRAIGHT,0.3,0.3,"CMD,0.0,0.30",1.2,0.0,1.2,0.0,0,0.9169,0,NORMAL,70.711,0.058,0,0,0,0,0,0.0,2,1,0,,,,,,0,,,,352549,5594,338
2576,237.22369742393494,2026-03-05T17:41:21.483575,2.0,0.0,2.0,0.0,0.0,0.0,0.0,38.97,12.53,0.0,0.0,STRAIGHT,0.3,0.3,"CMD,0.0,0.30",1.2,0.0,1.2,0.0,0,0.9169,0,NORMAL,70.711,0.029,0,0,0,0,0,0.0,0,0,0,,,,,,0,,,,352895,5401,0
2577,237.2816960811615,2026-03-05T17:41:21.541573,2.0,0.0,2.0,0.0,0.0,0.0,0.0,41.0,12.53,0.0,0.0,STRAIGHT,0.3,0.3,"CMD,0.0,0.30",1.2,0.0,1.2,0.0,0,0.9169,0,NORMAL,70.711,-0.023,0,0,0,0,0,0.0,0,0,0,,,,,,0,,,,352895,5208,0
2578,237.33669638633728,2026-03-05T17:41:21.596574,2.0,0.0,2.0,0.0,0.0,0.0,0.0,38.0,12.54,0.0,0.0,STRAIGHT,0.3,0.3,"CMD,0.0,0.30",1.2,0.0,1.2,0.0,0,0.9169,0,NORMAL,70.711,-0.092,0,0,0,0,0,0.0,0,0,0,,,,,,0,,,,352895,4823,0
2579,237.48569750785828,2026-03-05T17:41:21.745575,90.0,0.0,4.0,2.0,0.0,0.0,0.0,134.0,12.05,0.0,0.0,STRAIGHT,0.3,0.3,"CMD,0.0,0.30",1.2,0.0,1.2,0.0,0,0.8848,0,NORMAL,70.711,-0.144,0,0,0,0,0,0.0,2,1,0,,,,,,0,,,,378392,6163,366
2580,237.54170727729797,2026-03-05T17:41:21.801585,2.01,0.0,2.0,0.0,0.0,0.0,0.0,38.01,12.58,0.0,0.0,STRAIGHT,0.3,0.3,"CMD,0.0,0.30",1.2,0.0,1.2,0.0,0,0.8848,0,NORMAL,70.711,-0.198,0,0,0,0,0,0.0,0,0,0,,,,,,0,,,,378788,5955,0
2581,237.59772849082947,2026-03-05T17:41:21.857606,1.05,0.0,2.98,0.0,0.0,0.0,0.0,39.02,12.6,0.0,0.0,STRAIGHT,0.3,0.3,"CMD,0.0,0.30",1.2,0.0,1.2,0.0,0,0.8848,0,NORMAL,70.711,-0.258,0,0,0,0,0,0.0,0,0,0,,,,,,0,,,,378788,5747,0
2582,237.6516990661621,2026-03-05T17:41:21.911577,2.0,0.0,2.0,0.0,0.0,0.0,0.0,37.97,12.63,0.0,0.0,STRAIGHT,0.3,0.3,"CMD,0.0,0.30",1.2,0.0,1.2,0.0,0,0.8848,0,NORMAL,70.711,-0.309,0,0,0,0,0,0.0,0,0,0,,,,,,0,,,,378788,5331,0
2583,237.79970026016235,2026-03-05T17:41:22.059578,88.0,0.0,5.0,2.0,0.0,0.0,0.0,132.0,12.14,0.0,0.0,STRAIGHT,0.3,0.3,"CMD,0.0,0.30",1.2,0.0,1.2,0.0,0,0.9519,0,NORMAL,70.711,-0.324,0,0,0,0,0,0.0,2,1,0,,,,,,0,,,,367063,6197,354
2584,237.85570096969604,2026-03-05T17:41:22.115578,2.0,0.0,2.0,0.0,0.0,0.0,0.0,39.0,12.64,0.0,0.0,STRAIGHT,0.3,0.3,"CMD,0.0,0.30",1.2,0.0,1.2,0.0,0,0.9519,0,NORMAL,70.711,-0.329,0,0,0,0,0,0.0,0,0,0,,,,,,0,,,,367525,5993,0
2585,237.91171073913574,2026-03-05T17:41:22.171588,1.01,0.0,3.0,0.0,0.0,0.0,0.0,40.01,12.65,0.0,0.0,STRAIGHT,0.3,0.3,"CMD,0.0,0.30",1.2,0.0,1.2,0.0,0,0.9519,0,NORMAL,70.711,-0.324,0,0,0,0,0,0.0,0,0,0,,,,,,0,,,,367525,5789,0
2586,237.96570253372192,2026-03-05T17:41:22.225580,2.0,0.0,2.0,0.0,0.0,0.0,0.0,36.99,12.67,0.0,0.0,STRAIGHT,0.3,0.3,"CMD,0.0,0.30",1.2,0.0,1.2,0.0,0,0.9519,0,NORMAL,70.711,-0.303,0,0,0,0,0,0.0,0,0,0,,,,,,0,,,,367525,5381,0
2587,238.11370205879211,2026-03-05T17:41:22.373580,88.0,0.0,4.0,2.0,0.0,0.0,0.0,132.0,12.18,0.0,0.0,STRAIGHT,0.3,0.3,"CMD,0.0,0.30",1.2,0.0,1.2,0.0,0,0.9253,0,NORMAL,70.711,-0.267,0,0,0,0,0,0.0,2,1,0,,,,,,0,,,,376191,6768,356
2588,238.1677029132843,2026-03-05T17:41:22.427580,2.0,0.0,2.0,0.0,0.0,0.0,0.0,38.0,12.7,0.0,0.0,STRAIGHT,0.3,0.3,"CMD,0.0,0.30",1.2,0.0,1.2,0.0,0,0.9253,0,NORMAL,70.711,-0.261,0,0,0,0,0,0.0,0,0,0,,,,,,0,,,,376905,6566,0
2589,238.2227029800415,2026-03-05T17:41:22.482580,1.0,0.0,3.0,0.0,0.0,0.0,0.0,39.0,12.72,0.0,0.0,STRAIGHT,0.3,0.3,"CMD,0.0,0.30",1.2,0.0,1.2,0.0,0,0.9253,0,NORMAL,70.711,-0.256,0,0,0,0,0,0.0,0,0,0,,,,,,0,,,,376905,6364,0
2590,238.2797040939331,2026-03-05T17:41:22.539581,2.0,0.0,2.0,0.0,0.0,0.0,0.0,40.0,12.72,0.0,0.0,STRAIGHT,0.3,0.3,"CMD,0.0,0.30",1.2,0.0,1.2,0.0,0,0.9253,0,NORMAL,70.711,-0.235,0,0,0,0,0,0.0,0,0,0,,,,,,0,,,,376905,5960,0
2591,238.43370532989502,2026-03-05T17:41:22.693583,90.0,0.0,5.0,2.0,0.0,0.0,0.0,136.0,12.2,0.0,0.0,STRAIGHT,0.3,0.3,"CMD,0.0,0.30",1.2,0.0,1.2,0.0,0,0.9397,0,NORMAL,70.711,-0.265,0,0,0,0,0,0.0,2,1,0,,,,,,0,,,,376482,6768,392
2592,238.48970699310303,2026-03-05T17:41:22.749584,1.0,0.0,3.0,0.0,0.0,0.0,0.0,39.0,12.7,0.0,0.0,STRAIGHT,0.3,0.3,"CMD,0.0,0.30",1.2,0.0,1.2,0.0,0,0.9397,0,NORMAL,70.711,-0.327,0,0,0,0,0,0.0,0,0,0,,,,,,0,,,,377344,6537,0
2593,238.54670643806458,2026-03-05T17:41:22.806584,2.0,0.0,2.0,0.0,0.0,0.0,0.0,39.0,12.71,0.0,0.0,STRAIGHT,0.3,0.3,"CMD,0.0,0.30",1.2,0.0,1.2,0.0,0,0.9397,0,NORMAL,70.711,-0.385,0,0,0,0,0,0.0,0,0,0,,,,,,0,,,,377344,6306,0
2594,238.60171723365784,2026-03-05T17:41:22.861595,1.01,0.0,3.0,0.0,0.0,0.0,0.0,39.01,12.72,0.0,0.0,STRAIGHT,0.3,0.3,"CMD,0.0,0.30",1.2,0.0,1.2,0.0,0,0.9397,0,NORMAL,70.711,-0.441,0,0,0,0,0,0.0,0,0,0,,,,,,0,,,,377344,5850,0
2595,238.75270748138428,2026-03-05T17:41:23.012585,89.0,0.0,5.0,3.0,0.0,0.0,0.0,134.99,12.22,0.0,0.0,STRAIGHT,0.3,0.3,"CMD,0.0,0.30",1.2,0.0,1.2,0.0,0,0.8985,0,NORMAL,70.711,-0.482,0,0,0,0,0,0.0,4,1,0,,,,,,0,,,,358373,6686,438
2596,238.81170797348022,2026-03-05T17:41:23.071585,1.0,0.0,3.0,0.0,0.0,0.0,0.0,42.0,12.7,0.0,0.0,STRAIGHT,0.3,0.3,"CMD,0.0,0.30",1.2,0.0,1.2,0.0,0,0.8985,0,NORMAL,70.711,-0.494,0,0,0,0,0,0.0,0,0,0,,,,,,0,,,,359879,6452,0
2597,238.86870861053467,2026-03-05T17:41:23.128586,2.0,0.0,2.0,0.0,0.0,0.0,0.0,41.0,12.7,0.0,0.0,STRAIGHT,0.3,0.3,"CMD,0.0,0.30",1.2,0.0,1.2,0.0,0,0.8985,0,NORMAL,70.711,-0.466,0,0,0,0,0,0.0,0,0,0,,,,,,0,,,,359879,6218,0
2598,238.9307119846344,2026-03-05T17:41:23.190589,2.0,0.0,2.0,0.0,0.0,0.0,0.0,45.0,12.67,0.0,0.0,STRAIGHT,0.3,0.3,"CMD,0.0,0.30",1.2,0.0,1.2,0.0,0,0.8985,0,NORMAL,70.711,-0.467,0,0,0,0,0,0.0,0,0,0,,,,,,0,,,,359879,5753,0
2599,239.0817105770111,2026-03-05T17:41:23.341588,89.0,0.0,4.0,3.0,0.0,0.0,1.0,134.0,12.17,0.0,0.0,STRAIGHT,0.3,0.3,"CMD,0.0,0.30",1.2,0.0,1.2,0.0,0,0.901,0,NORMAL,70.711,-0.49,0,0,0,0,0,0.0,2,1,0,,,,,,0,,,,339336,6345,360
2600,239.13772082328796,2026-03-05T17:41:23.397598,2.01,0.0,2.0,0.0,0.0,0.0,0.0,40.01,12.67,0.0,0.0,STRAIGHT,0.3,0.3,"CMD,0.0,0.30",1.2,0.0,1.2,0.0,0,0.901,0,NORMAL,70.711,-0.503,0,0,0,0,0,0.0,0,0,0,,,,,,0,,,,340889,6142,0
2601,239.19471096992493,2026-03-05T17:41:23.454589,1.0,0.0,3.0,0.0,0.0,0.0,0.0,40.99,12.67,0.0,0.0,STRAIGHT,0.3,0.3,"CMD,0.0,0.30",1.2,0.0,1.2,0.0,0,0.901,0,NORMAL,70.711,-0.513,0,0,0,0,0,0.0,0,0,0,,,,,,0,,,,340889,5939,0
2602,239.2507221698761,2026-03-05T17:41:23.510600,2.0,0.0,2.0,0.0,0.0,0.0,0.0,40.01,12.68,0.0,0.0,STRAIGHT,0.3,0.3,"CMD,0.0,0.30",1.2,0.0,1.2,0.0,0,0.901,0,NORMAL,70.711,-0.532,0,0,0,0,0,0.0,0,0,0,,,,,,0,,,,340889,5534,0
2603,239.40771341323853,2026-03-05T17:41:23.667591,92.0,0.0,5.0,2.0,1.01,0.0,0.0,139.99,12.14,0.0,0.0,STRAIGHT,0.3,0.3,"CMD,0.0,0.30",1.2,0.0,1.2,0.0,0,0.9408,0,NORMAL,70.711,-0.546,0,0,0,0,0,0.0,2,1,0,,,,,,0,,,,328228,6078,348
2604,239.46471285820007,2026-03-05T17:41:23.724590,2.0,0.0,2.0,0.0,0.0,0.0,0.0,41.0,12.63,0.0,0.0,STRAIGHT,0.3,0.3,"CMD,0.0,0.30",1.2,0.0,1.2,0.0,0,0.9408,0,NORMAL,70.711,-0.561,0,0,0,0,0,0.0,0,0,0,,,,,,0,,,,329396,5879,0
2605,239.52171397209167,2026-03-05T17:41:23.781591,2.0,0.0,2.0,0.0,0.0,0.0,0.0,40.0,12.62,0.0,0.0,STRAIGHT,0.3,0.3,"CMD,0.0,0.30",1.2,0.0,1.2,0.0,0,0.9408,0,NORMAL,70.711,-0.561,0,0,0,0,0,0.0,0,0,0,,,,,,0,,,,329396,5680,0
2606,239.5787217617035,2026-03-05T17:41:23.838599,2.01,0.0,2.01,0.0,0.0,0.0,0.0,40.01,12.62,0.0,0.0,STRAIGHT,0.3,0.3,"CMD,0.0,0.30",1.2,0.0,1.2,0.0,0,0.9408,0,NORMAL,70.711,-0.566,0,0,0,0,0,0.0,0,0,0,,,,,,0,,,,329396,5284,0
2607,239.72771525382996,2026-03-05T17:41:23.987593,88.0,0.0,5.0,2.0,0.0,0.0,0.0,133.99,12.12,0.0,0.0,STRAIGHT,0.3,0.3,"CMD,0.0,0.30",1.2,0.0,1.2,0.0,0,0.945,0,NORMAL,70.711,-0.578,0,0,0,0,0,0.0,2,1,0,,,,,,0,,,,336851,5900,354
2608,239.78571701049805,2026-03-05T17:41:24.045594,2.0,0.0,2.0,0.0,0.0,0.0,0.0,40.0,12.61,0.0,0.0,STRAIGHT,0.3,0.3,"CMD,0.0,0.30",1.2,0.0,1.2,0.0,0,0.945,0,NORMAL,70.711,-0.592,0,0,0,0,0,0.0,0,0,0,,,,,,0,,,,338037,5694,0
2609,239.84172558784485,2026-03-05T17:41:24.101603,2.01,0.0,2.0,0.0,0.0,0.0,0.0,41.01,12.61,0.0,0.0,STRAIGHT,0.3,0.3,"CMD,0.0,0.30",1.2,0.0,1.2,0.0,0,0.945,0,NORMAL,70.711,-0.587,0,0,0,0,0,0.0,0,0,0,,,,,,0,,,,338037,5488,0
2610,239.90071725845337,2026-03-05T17:41:24.160595,1.0,0.0,3.0,0.0,0.0,0.0,0.0,41.99,12.59,0.0,0.0,STRAIGHT,0.3,0.3,"CMD,0.0,0.30",1.2,0.0,1.2,0.0,0,0.945,0,NORMAL,70.711,-0.563,0,0,0,0,0,0.0,0,0,0,,,,,,0,,,,338037,5079,0
2611,240.05171847343445,2026-03-05T17:41:24.311596,89.0,0.0,5.0,2.0,0.0,0.0,0.0,135.0,12.08,0.0,0.0,STRAIGHT,0.3,0.3,"CMD,0.0,0.30",1.2,0.0,1.2,0.0,0,0.9352,0,NORMAL,70.711,-0.561,0,0,0,0,0,0.0,2,1,0,,,,,,0,,,,318133,5417,322
2612,240.1087191104889,2026-03-05T17:41:24.368596,2.0,0.0,2.01,0.0,0.0,0.0,0.99,41.0,12.56,0.0,0.0,STRAIGHT,0.3,0.3,"CMD,0.0,0.30",1.2,0.0,1.2,0.0,0,0.9352,0,NORMAL,70.711,-0.541,0,0,0,0,0,0.0,0,0,0,,,,,,0,,,,318788,5227,0
2613,240.163729429245,2026-03-05T17:41:24.423607,2.01,0.0,2.0,0.0,0.0,0.0,0.0,39.0,12.56,0.0,0.0,STRAIGHT,0.3,0.3,"CMD,0.0,0.30",1.2,0.0,1.2,0.0,0,0.9352,0,NORMAL,70.711,-0.517,0,0,0,0,0,0.0,0,0,0,,,,,,0,,,,318788,5037,0
2614,240.21973037719727,2026-03-05T17:41:24.479608,2.01,0.0,2.0,0.0,0.0,0.0,0.0,40.0,12.56,0.0,0.0,STRAIGHT,0.3,0.3,"CMD,0.0,0.30",1.2,0.0,1.2,0.0,0,0.9352,0,NORMAL,70.711,-0.492,0,0,0,0,0,0.0,0,0,0,,,,,,0,,,,318788,4660,0
2615,240.37575221061707,2026-03-05T17:41:24.635630,94.03,0.0,4.0,2.04,0.0,0.0,0.0,140.03,12.03,0.0,0.0,STRAIGHT,0.3,0.3,"CMD,0.0,0.30",1.2,0.0,1.2,0.0,0,0.919,0,NORMAL,70.649,-0.491,0,0,0,0,0,0.0,2,1,0,,,,,,0,,,,301600,5404,326
2616,240.434752702713,2026-03-05T17:41:24.694630,2.04,0.0,2.0,0.0,0.0,0.0,0.0,41.0,12.49,0.0,0.0,STRAIGHT,0.3,0.3,"CMD,0.0,0.30",1.2,0.0,1.2,0.0,0,0.919,0,NORMAL,69.917,-0.498,0,0,0,0,0,0.0,0,0,0,,,,,,0,,,,302470,5212,0
2617,240.49172139167786,2026-03-05T17:41:24.751599,0.97,0.0,3.0,0.0,0.0,0.0,0.0,40.96,12.48,0.0,0.0,STRAIGHT,0.3,0.3,"CMD,0.0,0.30",1.2,0.0,1.2,0.0,0,0.919,0,NORMAL,69.297,-0.52,0,0,0,0,0,0.0,0,0,0,,,,,,0,,,,302470,5020,0
2618,240.54672169685364,2026-03-05T17:41:24.806599,2.0,0.0,2.0,0.0,0.0,0.0,0.0,40.0,12.48,0.0,0.0,STRAIGHT,0.3,0.3,"CMD,0.0,0.30",1.2,0.0,1.2,0.0,0,0.919,0,NORMAL,68.373,-0.516,0,0,0,0,0,0.0,0,0,0,,,,,,0,,,,302470,4636,0
2619,240.69772291183472,2026-03-05T17:41:24.957600,89.0,0.0,4.0,3.0,0.0,0.0,0.0,135.0,11.99,0.0,0.0,STRAIGHT,0.3,0.3,"CMD,0.0,0.30",1.2,0.0,1.2,0.0,0,0.8997,0,NORMAL,67.65,-0.518,0,0,0,0,0,0.0,2,1,0,,,,,,0,,,,321290,5684,356
2620,240.75472402572632,2026-03-05T17:41:25.014602,1.0,0.0,2.0,0.0,0.0,0.0,0.0,41.0,12.49,0.0,0.0,STRAIGHT,0.3,0.3,"CMD,0.0,0.30",1.2,0.0,1.2,0.0,0,0.8997,0,NORMAL,67.1,-0.523,0,0,0,0,0,0.0,0,0,0,,,,,,0,,,,322482,5471,0
2621,240.81072402000427,2026-03-05T17:41:25.070602,2.0,0.0,2.0,0.0,0.0,0.0,0.0,40.0,12.49,0.0,0.0,STRAIGHT,0.3,0.3,"CMD,0.0,0.30",1.2,0.0,1.2,0.0,0,0.8997,0,NORMAL,66.421,-0.533,0,0,0,0,0,0.0,0,0,0,,,,,,0,,,,322482,5258,0
2622,240.86872482299805,2026-03-05T17:41:25.128602,2.0,0.0,2.0,0.0,0.0,0.0,0.0,39.99,12.49,0.0,0.0,STRAIGHT,0.3,0.3,"CMD,0.0,0.30",1.2,0.0,1.2,0.0,0,0.8997,0,NORMAL,65.582,-0.542,0,0,0,0,0,0.0,0,0,0,,,,,,0,,,,322482,4837,0
2623,241.01972723007202,2026-03-05T17:41:25.279605,88.01,0.0,5.0,2.0,1.01,0.0,0.0,135.0,11.99,0.0,0.0,STRAIGHT,0.3,0.3,"CMD,0.0,0.30",1.2,0.0,1.2,0.0,0,0.9101,0,NORMAL,65.288,-0.556,0,0,0,0,0,0.0,2,1,0,,,,,,0,,,,325978,6091,360
2624,241.07672595977783,2026-03-05T17:41:25.336603,2.0,0.0,2.0,0.0,0.0,0.0,1.0,39.99,12.48,0.0,0.0,STRAIGHT,0.3,0.3,"CMD,0.0,0.30",1.2,0.0,1.2,0.0,0,0.9101,0,NORMAL,64.741,-0.567,0,0,0,0,0,0.0,0,0,0,,,,,,0,,,,327151,5878,0
2625,241.13272619247437,2026-03-05T17:41:25.392604,1.0,0.0,3.0,0.0,0.0,0.0,0.0,41.0,12.49,0.0,0.0,STRAIGHT,0.3,0.3,"CMD,0.0,0.30",1.2,0.0,1.2,0.0,0,0.9101,0,NORMAL,64.534,-0.582,0,0,0,0,0,0.0,0,0,0,,,,,,0,,,,327151,5665,0
2626,241.18872952461243,2026-03-05T17:41:25.448607,1.99,0.0,2.0,0.0,0.0,0.0,0.0,40.0,12.5,0.0,0.0,STRAIGHT,0.3,0.3,"CMD,0.0,0.30",1.2,0.0,1.2,0.0,0,0.9101,0,NORMAL,64.115,-0.594,0,0,0,0,0,0.0,0,0,0,,,,,,0,,,,327151,5239,0
2627,241.3397285938263,2026-03-05T17:41:25.599606,88.01,0.0,4.99,2.0,1.0,0.0,0.0,134.0,12.04,0.0,0.0,STRAIGHT,0.3,0.3,"CMD,0.0,0.30",1.2,0.0,1.2,0.0,0,0.866,0,NORMAL,63.02,-0.603,0,0,0,0,0,0.0,2,1,0,,,,,,0,,,,327221,6220,420
2628,241.39874053001404,2026-03-05T17:41:25.658618,2.0,0.0,3.01,0.0,0.0,0.0,0.0,43.01,12.52,0.0,0.0,STRAIGHT,0.3,0.3,"CMD,0.0,0.30",1.2,0.0,1.2,0.0,0,0.866,0,NORMAL,62.293,-0.629,0,0,0,0,0,0.0,0,0,0,,,,,,0,,,,327924,5987,0
2629,241.45672965049744,2026-03-05T17:41:25.716607,2.0,0.0,2.0,0.0,0.0,0.0,0.0,40.99,12.51,0.0,0.0,STRAIGHT,0.3,0.3,"CMD,0.0,0.30",1.2,0.0,1.2,0.0,0,0.866,0,NORMAL,61.834,-0.64,0,0,0,0,0,0.0,0,0,0,,,,,,0,,,,327924,5754,0
2630,241.51372981071472,2026-03-05T17:41:25.773607,2.0,0.0,3.0,0.0,0.0,0.0,0.0,41.0,12.51,0.0,0.0,STRAIGHT,0.3,0.3,"CMD,0.0,0.30",1.2,0.0,1.2,0.0,0,0.866,0,NORMAL,61.239,-0.642,0,0,0,0,0,0.0,0,0,0,,,,,,0,,,,327924,5288,0
2631,241.66673183441162,2026-03-05T17:41:25.926609,90.03,0.0,4.0,1.96,1.03,0.0,0.0,136.0,12.01,0.0,0.0,STRAIGHT,0.3,0.3,"CMD,0.0,0.30",1.2,0.0,1.2,0.0,0,0.8678,0,NORMAL,60.521,-0.649,0,0,0,0,0,0.0,2,1,0,,,,,,0,,,,286490,6102,350
2632,241.72273111343384,2026-03-05T17:41:25.982609,2.0,0.0,2.0,0.0,0.0,0.0,0.0,40.0,12.52,0.0,0.0,STRAIGHT,0.3,0.3,"CMD,0.0,0.30",1.2,0.0,1.2,0.0,0,0.8678,0,NORMAL,59.172,-0.683,0,0,0,0,0,0.0,0,0,0,,,,,,0,,,,286964,5884,0
2633,241.77973175048828,2026-03-05T17:41:26.039609,1.0,0.0,3.0,0.0,0.0,0.0,0.0,41.0,12.53,0.0,0.0,STRAIGHT,0.3,0.3,"CMD,0.0,0.30",1.2,0.0,1.2,0.0,0,0.8678,0,NORMAL,58.577,-0.71,0,0,0,0,0,0.0,0,0,0,,,,,,0,,,,286964,5666,0
2634,241.8357322216034,2026-03-05T17:41:26.095610,2.0,0.0,3.0,0.0,0.0,0.0,0.0,41.0,12.53,0.0,0.0,STRAIGHT,0.3,0.3,"CMD,0.0,0.30",1.2,0.0,1.2,0.0,0,0.8678,0,NORMAL,58.967,-0.735,0,0,0,0,0,0.0,0,0,0,,,,,,0,,,,286964,5230,0
2635,241.98773574829102,2026-03-05T17:41:26.247613,88.0,0.0,5.0,2.0,0.0,0.0,0.0,136.0,12.03,0.0,0.0,STRAIGHT,0.3,0.3,"CMD,0.0,0.30",1.2,0.0,1.2,0.0,0,0.8817,0,NORMAL,58.875,-0.771,0,0,0,0,0,0.0,2,1,0,,,,,,0,,,,301555,5316,312
2636,242.04474258422852,2026-03-05T17:41:26.304620,2.01,0.0,2.0,0.0,0.0,0.0,0.0,40.01,12.52,0.0,0.0,STRAIGHT,0.3,0.3,"CMD,0.0,0.30",1.2,0.0,1.2,0.0,0,0.8817,0,NORMAL,59.621,-0.814,0,0,0,0,0,0.0,0,0,0,,,,,,0,,,,301703,5113,0
2637,242.10173726081848,2026-03-05T17:41:26.361615,1.0,0.0,2.0,0.0,0.0,0.0,0.0,41.0,12.52,0.0,0.0,STRAIGHT,0.3,0.3,"CMD,0.0,0.30",1.2,0.0,1.2,0.0,0,0.8817,0,NORMAL,60.176,-0.851,0,0,0,0,0,0.0,0,0,0,,,,,,0,,,,301703,4910,0
2638,242.15876460075378,2026-03-05T17:41:26.418642,1.04,0.0,2.0,0.0,0.0,0.0,0.0,42.03,12.52,0.0,0.0,STRAIGHT,0.3,0.3,"CMD,0.0,0.30",1.2,0.0,1.2,0.0,0,0.8817,0,NORMAL,60.857,-0.896,0,0,0,0,0,0.0,0,0,0,,,,,,0,,,,301703,4527,0
2639,242.30876779556274,2026-03-05T17:41:26.568645,89.03,0.0,4.0,1.95,0.0,0.0,0.0,134.0,12.04,0.0,0.0,STRAIGHT,0.3,0.3,"CMD,0.0,0.30",1.2,0.0,1.2,0.0,0,0.8925,0,NORMAL,60.24,-0.903,0,0,0,0,0,0.0,2,1,0,,,,,,0,,,,272920,4217,262
2640,242.3647701740265,2026-03-05T17:41:26.624648,2.04,0.0,2.0,0.0,0.0,0.0,0.0,40.0,12.54,0.0,0.0,STRAIGHT,0.3,0.3,"CMD,0.0,0.30",1.2,0.0,1.2,0.0,0,0.8925,0,NORMAL,60.159,-0.909,0,0,0,0,0,0.0,0,0,0,,,,,,0,,,,272938,4054,0
2641,242.42473673820496,2026-03-05T17:41:26.684614,1.97,0.0,3.0,0.0,0.0,0.0,0.0,43.96,12.52,0.0,0.0,STRAIGHT,0.3,0.3,"CMD,0.0,0.30",1.2,0.0,1.2,0.0,0,0.8925,0,NORMAL,60.455,-0.95,0,0,0,0,0,0.0,0,0,0,,,,,,0,,,,272938,3891,0
2642,242.48373699188232,2026-03-05T17:41:26.743615,1.0,0.0,3.0,0.0,0.0,0.0,0.0,43.0,12.5,0.0,0.0,STRAIGHT,0.3,0.3,"CMD,0.0,0.30",1.2,0.0,1.2,0.0,0,0.8925,0,NORMAL,60.644,-0.986,0,0,0,0,0,0.0,0,0,0,,,,,,0,,,,272938,3591,0
2643,242.635746717453,2026-03-05T17:41:26.895624,90.01,0.0,3.99,2.0,0.0,0.0,0.0,136.01,12.01,0.0,0.0,STRAIGHT,0.3,0.3,"CMD,0.0,0.30",1.2,0.0,1.2,0.0,0,0.9172,0,NORMAL,59.715,-0.958,0,0,0,0,0,0.0,2,1,0,,,,,,0,,,,253657,3831,246
2644,242.69076871871948,2026-03-05T17:41:26.950646,2.03,0.0,2.0,0.0,0.0,0.0,0.0,40.02,12.53,0.0,0.0,STRAIGHT,0.3,0.3,"CMD,0.0,0.30",1.2,0.0,1.2,0.0,0,0.9172,0,NORMAL,60.315,-0.992,0,0,0,0,0,0.0,0,0,0,,,,,,0,,,,253677,3680,0
2645,242.74677276611328,2026-03-05T17:41:27.006650,1.03,0.0,3.0,0.0,0.0,0.0,0.0,40.99,12.54,0.0,0.0,STRAIGHT,0.3,0.3,"CMD,0.0,0.30",1.2,0.0,1.2,0.0,0,0.9172,0,NORMAL,60.446,-1.017,0,0,0,0,0,0.0,0,0,0,,,,,,0,,,,253677,3529,0
2646,242.80277109146118,2026-03-05T17:41:27.062649,2.03,0.0,2.0,0.0,0.0,0.0,0.0,40.99,12.55,0.0,0.0,STRAIGHT,0.3,0.3,"CMD,0.0,0.30",1.2,0.0,1.2,0.0,0,0.9172,0,NORMAL,60.688,-1.038,0,0,0,0,0,0.0,0,0,0,,,,,,0,,,,253677,3232,0
2647,242.95474123954773,2026-03-05T17:41:27.214619,90.04,0.0,3.97,2.0,1.0,0.0,0.0,136.96,12.04,0.0,0.0,STRAIGHT,0.3,0.3,"CMD,0.0,0.30",1.2,0.0,1.2,0.0,0,0.957,0,NORMAL,59.954,-1.023,0,0,0,0,0,0.0,2,1,0,,,,,,0,,,,244283,3892,246
2648,243.01174139976501,2026-03-05T17:41:27.271619,1.0,0.0,2.0,0.0,0.0,0.0,1.0,41.0,12.53,0.0,0.0,STRAIGHT,0.3,0.3,"CMD,0.0,0.30",1.2,0.0,1.2,0.0,0,0.957,0,NORMAL,59.793,-1.009,0,0,0,0,0,0.0,0,0,0,,,,,,0,,,,244314,3747,0
2649,243.06774425506592,2026-03-05T17:41:27.327622,2.0,0.0,2.0,0.0,0.0,0.0,0.0,41.0,12.54,0.0,0.0,STRAIGHT,0.3,0.3,"CMD,0.0,0.30",1.2,0.0,1.2,0.0,0,0.957,0,NORMAL,58.92,-1.014,0,0,0,0,0,0.0,0,0,0,,,,,,0,,,,244314,3602,0
2650,243.12474393844604,2026-03-05T17:41:27.384621,1.0,0.0,3.0,0.0,0.0,0.0,0.0,41.0,12.53,0.0,0.0,STRAIGHT,0.3,0.3,"CMD,0.0,0.30",1.2,0.0,1.2,0.0,0,0.957,0,NORMAL,58.33,-1.041,0,0,0,0,0,0.0,0,0,0,,,,,,0,,,,244314,3312,0
2651,243.27477717399597,2026-03-05T17:41:27.534654,88.03,0.0,5.0,1.97,0.0,0.0,0.0,135.03,12.05,0.0,0.0,STRAIGHT,0.3,0.3,"CMD,0.0,0.30",1.2,0.0,1.2,0.0,0,0.9424,0,NORMAL,59.541,-1.052,0,0,0,0,0,0.0,2,1,0,,,,,,0,,,,230290,3388,222
2652,243.33074736595154,2026-03-05T17:41:27.590625,2.0,0.0,2.0,0.0,0.0,0.0,0.0,40.97,12.55,0.0,0.0,STRAIGHT,0.3,0.3,"CMD,0.0,0.30",1.2,0.0,1.2,0.0,0,0.9424,0,NORMAL,60.225,-1.054,0,0,0,0,0,0.0,0,0,0,,,,,,0,,,,230290,3252,0
2653,243.38674592971802,2026-03-05T17:41:27.646623,2.0,0.0,2.0,0.0,0.0,0.0,0.0,40.0,12.55,0.0,0.0,STRAIGHT,0.3,0.3,"CMD,0.0,0.30",1.2,0.0,1.2,0.0,0,0.9424,0,NORMAL,60.034,-1.069,0,0,0,0,0,0.0,0,0,0,,,,,,0,,,,230290,3116,0
2654,243.44474530220032,2026-03-05T17:41:27.704623,2.0,0.0,2.0,0.0,0.0,0.0,1.0,43.0,12.54,0.0,0.0,STRAIGHT,0.3,0.3,"CMD,0.0,0.30",1.2,0.0,1.2,0.0,0,0.9424,0,NORMAL,61.232,-1.1,0,0,0,0,0,0.0,0,0,0,,,,,,0,,,,230290,2844,0
2655,243.59674715995789,2026-03-05T17:41:27.856625,90.0,0.0,5.0,2.0,0.0,0.0,0.0,136.0,12.05,0.0,0.0,STRAIGHT,0.3,0.3,"CMD,0.0,0.30",1.2,0.0,1.2,0.0,0,0.9621,0,NORMAL,61.026,-1.113,0,0,0,0,0,0.0,2,1,0,,,,,,0,,,,238722,4012,228
2656,243.65374660491943,2026-03-05T17:41:27.913624,2.0,0.0,2.0,0.0,0.0,0.0,0.0,41.0,12.53,0.0,0.0,STRAIGHT,0.3,0.3,"CMD,0.0,0.30",1.2,0.0,1.2,0.0,0,0.9621,0,NORMAL,61.656,-1.137,0,0,0,0,0,0.0,0,0,0,,,,,,0,,,,238722,3871,0
2657,243.71074724197388,2026-03-05T17:41:27.970625,0.99,0.0,2.0,0.0,0.0,0.0,1.0,41.0,12.54,0.0,0.0,STRAIGHT,0.3,0.3,"CMD,0.0,0.30",1.2,0.0,1.2,0.0,0,0.9621,0,NORMAL,61.811,-1.152,0,0,0,0,0,0.0,0,0,0,,,,,,0,,,,238722,3730,0
2658,243.76575899124146,2026-03-05T17:41:28.025636,2.01,0.0,2.0,0.0,0.0,0.0,0.0,40.01,12.56,0.0,0.0,STRAIGHT,0.3,0.3,"CMD,0.0,0.30",1.2,0.0,1.2,0.0,0,0.9621,0,NORMAL,62.284,-1.171,0,0,0,0,0,0.0,0,0,0,,,,,,0,,,,238722,3447,0
2659,243.9197838306427,2026-03-05T17:41:28.179661,90.03,0.0,3.97,1.97,1.02,0.0,0.0,138.04,12.05,0.0,0.0,STRAIGHT,0.3,0.3,"CMD,0.0,0.30",1.2,0.0,1.2,0.0,0,0.9691,0,NORMAL,63.592,-1.193,0,0,0,0,0,0.0,2,1,0,,,,,,0,,,,243373,4126,246
2660,243.97675228118896,2026-03-05T17:41:28.236630,1.97,0.0,2.0,0.0,0.0,0.0,0.0,40.97,12.55,0.0,0.0,STRAIGHT,0.3,0.3,"CMD,0.0,0.30",1.2,0.0,1.2,0.0,0,0.9691,0,NORMAL,63.436,-1.167,0,0,0,0,0,0.0,0,0,0,,,,,,0,,,,243386,3979,0
2661,244.03375220298767,2026-03-05T17:41:28.293630,2.0,0.0,2.0,0.0,0.0,0.0,0.0,41.0,12.55,0.0,0.0,STRAIGHT,0.3,0.3,"CMD,0.0,0.30",1.2,0.0,1.2,0.0,0,0.9691,0,NORMAL,63.356,-1.193,0,0,0,0,0,0.0,0,0,0,,,,,,0,,,,243386,3832,0
2662,244.08975052833557,2026-03-05T17:41:28.349628,1.0,0.0,3.0,0.0,0.0,0.0,0.0,41.0,12.55,0.0,0.0,STRAIGHT,0.3,0.3,"CMD,0.0,0.30",1.2,0.0,1.2,0.0,0,0.9691,0,NORMAL,64.334,-1.217,0,0,0,0,0,0.0,0,0,0,,,,,,0,,,,243386,3538,0
2663,244.2387535572052,2026-03-05T17:41:28.498631,89.0,0.0,4.0,2.0,0.0,0.0,0.0,134.0,12.07,0.0,0.0,STRAIGHT,0.3,0.3,"CMD,0.0,0.30",1.2,0.0,1.2,0.0,0,0.9554,0,NORMAL,64.827,-1.203,0,0,0,0,0,0.0,2,1,0,,,,,,0,,,,233979,3627,228
2664,244.29576182365417,2026-03-05T17:41:28.555639,2.01,0.0,1.99,0.0,0.0,0.0,0.0,40.0,12.57,0.0,0.0,STRAIGHT,0.3,0.3,"CMD,0.0,0.30",1.2,0.0,1.2,0.0,0,0.9554,0,NORMAL,65.046,-1.198,0,0,0,0,0,0.0,0,0,0,,,,,,0,,,,233979,3488,0
2665,244.35175251960754,2026-03-05T17:41:28.611630,1.0,0.0,2.0,0.0,0.0,0.0,1.0,40.99,12.57,0.0,0.0,STRAIGHT,0.3,0.3,"CMD,0.0,0.30",1.2,0.0,1.2,0.0,0,0.9554,0,NORMAL,65.677,-1.212,0,0,0,0,0,0.0,0,0,0,,,,,,0,,,,233979,3350,0
2666,244.40775322914124,2026-03-05T17:41:28.667631,1.0,0.0,2.0,0.0,0.0,0.0,1.0,41.0,12.58,0.0,0.0,STRAIGHT,0.3,0.3,"CMD,0.0,0.30",1.2,0.0,1.2,0.0,0,0.9554,0,NORMAL,66.437,-1.207,0,0,0,0,0,0.0,0,0,0,,,,,,0,,,,233979,3075,0
2667,244.56178903579712,2026-03-05T17:41:28.821667,90.03,0.0,6.0,2.0,0.0,0.0,0.0,139.04,12.07,0.0,0.0,STRAIGHT,0.3,0.3,"CMD,0.0,0.30",1.2,0.0,1.2,0.0,0,0.9685,0,NORMAL,67.352,-1.228,0,0,0,0,0,0.0,2,1,0,,,,,,0,,,,228260,3497,218
2668,244.61875677108765,2026-03-05T17:41:28.878634,2.0,0.0,2.0,0.0,0.0,0.0,0.0,40.97,12.55,0.0,0.0,STRAIGHT,0.3,0.3,"CMD,0.0,0.30",1.2,0.0,1.2,0.0,0,0.9685,0,NORMAL,67.607,-1.25,0,0,0,0,0,0.0,0,0,0,,,,,,0,,,,228260,3365,0
2669,244.6747806072235,2026-03-05T17:41:28.934658,1.03,0.0,2.99,0.0,0.0,0.0,0.0,41.03,12.55,0.0,0.0,STRAIGHT,0.3,0.3,"CMD,0.0,0.30",1.2,0.0,1.2,0.0,0,0.9685,0,NORMAL,68.361,-1.216,0,0,0,0,0,0.0,0,0,0,,,,,,0,,,,228260,3233,0
2670,244.73075532913208,2026-03-05T17:41:28.990633,2.0,0.0,2.0,0.0,0.0,0.0,1.0,40.96,12.58,0.0,0.0,STRAIGHT,0.3,0.3,"CMD,0.0,0.30",1.2,0.0,1.2,0.0,0,0.9685,0,NORMAL,69.258,-1.234,0,0,0,0,0,0.0,0,0,0,,,,,,0,,,,228260,2969,0
2671,244.88175511360168,2026-03-05T17:41:29.141633,90.0,0.0,5.0,2.0,0.0,0.0,0.0,135.0,12.1,0.0,0.0,STRAIGHT,0.3,0.3,"CMD,0.0,0.30",1.2,0.0,1.2,0.0,0,0.9619,0,NORMAL,69.725,-1.244,0,0,0,0,0,0.0,2,1,0,,,,,,0,,,,233929,3247,218
2672,244.93775939941406,2026-03-05T17:41:29.197637,1.95,0.0,2.0,0.0,0.0,0.0,0.0,41.01,12.59,0.0,0.0,STRAIGHT,0.3,0.3,"CMD,0.0,0.30",1.2,0.0,1.2,0.0,0,0.9619,0,NORMAL,69.838,-1.236,0,0,0,0,0,0.0,0,0,0,,,,,,0,,,,233929,3113,0
2673,244.99376702308655,2026-03-05T17:41:29.253645,1.01,0.0,3.0,0.0,0.0,0.0,0.0,41.01,12.59,0.0,0.0,STRAIGHT,0.3,0.3,"CMD,0.0,0.30",1.2,0.0,1.2,0.0,0,0.9619,0,NORMAL,70.711,-1.215,0,0,0,0,0,0.0,0,0,0,,,,,,0,,,,233929,2979,0
2674,245.04875922203064,2026-03-05T17:41:29.308637,2.0,0.0,2.0,0.0,0.0,0.0,0.0,39.99,12.6,0.0,0.0,STRAIGHT,0.3,0.3,"CMD,0.0,0.30",1.2,0.0,1.2,0.0,0,0.9619,0,NORMAL,70.711,-1.196,0,0,0,0,0,0.0,0,0,0,,,,,,0,,,,233929,2711,0
2675,245.1987910270691,2026-03-05T17:41:29.458669,88.0,0.0,5.03,2.0,0.0,0.0,1.03,135.03,12.1,0.0,0.0,STRAIGHT,0.3,0.3,"CMD,0.0,0.30",1.2,0.0,1.2,0.0,0,0.9706,0,NORMAL,70.711,-1.2,0,0,0,0,0,0.0,2,1,0,,,,,,0,,,,240327,3697,224
2676,245.25375699996948,2026-03-05T17:41:29.513634,2.0,0.0,2.0,0.0,0.0,0.0,0.0,39.96,12.61,0.0,0.0,STRAIGHT,0.3,0.3,"CMD,0.0,0.30",1.2,0.0,1.2,0.0,0,0.9706,0,NORMAL,70.711,-1.2,0,0,0,0,0,0.0,0,0,0,,,,,,0,,,,240327,3560,0
2677,245.30979084968567,2026-03-05T17:41:29.569668,2.03,0.0,2.0,0.0,0.0,0.0,0.0,40.03,12.62,0.0,0.0,STRAIGHT,0.3,0.3,"CMD,0.0,0.30",1.2,0.0,1.2,0.0,0,0.9706,0,NORMAL,70.711,-1.201,0,0,0,0,0,0.0,0,0,0,,,,,,0,,,,240327,3423,0
2678,245.36576080322266,2026-03-05T17:41:29.625638,2.0,0.0,2.0,0.0,0.0,0.0,1.0,40.97,12.62,0.0,0.0,STRAIGHT,0.3,0.3,"CMD,0.0,0.30",1.2,0.0,1.2,0.0,0,0.9706,0,NORMAL,70.711,-1.191,0,0,0,0,0,0.0,0,0,0,,,,,,0,,,,240327,3145,0
2679,245.52376246452332,2026-03-05T17:41:29.783640,95.0,0.0,5.0,3.0,1.0,0.0,0.0,142.0,12.09,0.0,0.0,STRAIGHT,0.3,0.3,"CMD,0.0,0.30",1.2,0.0,1.2,0.0,0,0.9628,0,NORMAL,70.711,-1.17,0,0,0,0,0,0.0,16,2,0,,,,,,0,,,,241781,4310,316
2680,245.58176231384277,2026-03-05T17:41:29.841640,2.0,0.0,2.0,0.0,0.0,0.0,0.0,42.0,12.57,0.0,0.0,STRAIGHT,0.3,0.3,"CMD,0.0,0.30",1.2,0.0,1.2,0.0,0,0.9628,0,NORMAL,70.711,-1.141,0,0,0,0,0,0.0,0,0,0,,,,,,0,,,,241781,4179,0
2681,245.637770652771,2026-03-05T17:41:29.897648,1.01,0.0,3.0,0.0,0.0,0.0,0.0,40.01,12.57,0.0,0.0,STRAIGHT,0.3,0.3,"CMD,0.0,0.30",1.2,0.0,1.2,0.0,0,0.9628,0,NORMAL,70.711,-1.112,0,0,0,0,0,0.0,0,0,0,,,,,,0,,,,241781,4056,0
2682,245.69276452064514,2026-03-05T17:41:29.952642,1.97,0.0,2.0,0.0,0.0,0.0,0.0,39.99,12.58,0.0,0.0,STRAIGHT,0.3,0.3,"CMD,0.0,0.30",1.2,0.0,1.2,0.0,0,0.9628,0,NORMAL,70.711,-1.082,0,0,0,0,0,0.0,0,0,0,,,,,,0,,,,241781,3782,0
2683,245.84377217292786,2026-03-05T17:41:30.103650,89.0,0.0,4.0,3.0,1.0,0.0,0.0,136.01,12.09,0.0,0.0,STRAIGHT,0.3,0.3,"CMD,0.0,0.30",1.2,0.0,1.2,0.0,0,0.9018,0,NORMAL,70.711,-1.059,0,0,0,0,0,0.0,13,3,0,,,,,,0,,,,256004,3857,320
2684,245.90276718139648,2026-03-05T17:41:30.162645,2.0,0.0,2.0,0.0,0.0,0.0,0.0,42.0,12.57,0.0,0.0,STRAIGHT,0.3,0.3,"CMD,0.0,0.30",1.2,0.0,1.2,0.0,0,0.9018,0,NORMAL,70.711,-1.026,0,0,0,0,0,0.0,0,0,0,,,,,,0,,,,256004,3727,0
2685,245.9587686061859,2026-03-05T17:41:30.218646,2.0,0.0,2.0,0.0,0.0,0.0,0.0,40.0,12.58,0.0,0.0,STRAIGHT,0.3,0.3,"CMD,0.0,0.30",1.2,0.0,1.2,0.0,0,0.9018,0,NORMAL,70.711,-1.0,0,0,0,0,0,0.0,0,0,0,,,,,,0,,,,256004,3599,0
