frame_id,timestamp,wall_clock,t_segmentation,t_detection,t_bev,t_skeleton,t_pathfinding,t_gps_fusion,t_command,t_total_pipeline,fps,heading_raw_deg,heading_smoothed_deg,command,speed_raw_mps,speed_smoothed_mps,serial_cmd,pp_lookahead_m,pp_kappa_cmd_m_inv,pp_target_x_m,pp_target_y_m,pp_valid_path,seg_iou,seg_unstable_frames,stability_mode,stab_corr_px,stab_corr_deg,has_candidate_path,has_model_path,has_control_path,has_path,num_paths,best_path_length_px,num_graph_nodes,num_graph_edges,planner_mode,path_source,bev_mask_occ_ratio,num_detections,min_obstacle_dist_m,detection_classes,detection_distances,gps_lat,gps_lon,gps_fix_quality,gps_wp_name,gps_wp_dist_m,gps_correction_deg,sidewalk_mask_pixels,bev_mask_pixels,skeleton_pixels
0,0.33667635917663574,2026-03-06T12:44:18.221983,139.59,0.0,13.36,26.84,13.86,0.0,0.0,212.54,0.0,0.271,0.271,STRAIGHT,1.5,1.5,"CMD,0.3,1.50",3.067,0.0197,3.06,0.092,1,1.0,0,NORMAL,0.0,0.0,1,1,1,1,1,224.7,123,12,dijkstra,fallback_centerline,0.62973,0,,,,,,0,,,,285973,188320,4543
1,0.5611703395843506,2026-03-06T12:44:18.446477,120.49,0.0,13.28,25.09,14.02,0.0,0.0,192.83,4.45,0.452,0.361,STRAIGHT,1.5,1.5,"CMD,0.4,1.50",3.428,0.0197,3.421,0.115,1,0.9494,0,NORMAL,2.595,-0.068,1,1,1,1,1,224.8,116,9,dijkstra,fallback_centerline,0.61686,0,,,,,,0,,,,275006,184570,4359
2,0.7748072147369385,2026-03-06T12:44:18.660114,119.66,0.0,12.46,24.31,13.69,0.0,0.0,189.24,4.55,0.6,0.452,STRAIGHT,1.5,1.5,"CMD,0.5,1.50",3.344,0.0217,3.335,0.121,1,0.9539,0,NORMAL,6.142,-0.139,1,1,1,1,1,224.9,115,11,dijkstra,fallback_centerline,0.62388,0,,,,,,0,,,,282699,186629,4203
3,0.985295295715332,2026-03-06T12:44:18.870602,120.35,0.0,11.5,23.78,15.26,0.0,0.78,189.56,4.62,0.714,0.6,STRAIGHT,1.5,1.5,"CMD,0.6,1.50",3.287,0.0228,3.278,0.123,1,0.9759,0,NORMAL,8.447,-0.095,1,1,1,1,1,224.9,120,10,dijkstra,fallback_centerline,0.6263,0,,,,,,0,,,,283233,187447,4348
4,1.1968145370483398,2026-03-06T12:44:19.082121,119.58,0.0,12.18,24.75,13.23,0.0,1.03,189.28,4.64,0.797,0.714,STRAIGHT,1.5,1.5,"CMD,0.7,1.50",3.228,0.0234,3.217,0.121,1,0.968,0,NORMAL,9.224,-0.087,1,1,1,1,1,224.9,111,11,dijkstra,fallback_centerline,0.61254,0,,,,,,0,,,,276198,183373,4280
5,1.4086222648620605,2026-03-06T12:44:19.293929,119.17,0.0,12.04,25.9,13.45,0.0,0.0,189.49,4.66,0.857,0.797,STRAIGHT,1.5,1.5,"CMD,0.8,1.50",3.244,0.0237,3.234,0.124,1,0.9631,0,NORMAL,11.876,-0.009,1,1,1,1,1,224.9,111,9,dijkstra,fallback_centerline,0.61448,0,,,,,,0,,,,279873,183773,4291
6,1.6211493015289307,2026-03-06T12:44:19.506456,120.39,0.0,14.32,25.5,12.98,0.0,0.0,192.38,4.67,0.94,0.857,STRAIGHT,1.5,1.5,"CMD,0.9,1.50",3.046,0.0268,3.033,0.123,1,0.9653,0,NORMAL,15.547,0.029,1,1,1,1,1,224.9,119,10,dijkstra,fallback_centerline,0.62316,0,,,,,,0,,,,281026,186440,4537
7,1.8366420269012451,2026-03-06T12:44:19.721949,120.65,0.0,12.59,25.82,14.05,0.0,0.0,191.79,4.66,1.039,0.94,STRAIGHT,1.5,1.5,"CMD,0.9,1.50",2.884,0.03,2.868,0.124,1,0.9705,0,NORMAL,19.901,0.066,1,1,1,1,1,224.9,118,10,dijkstra,fallback_centerline,0.62233,0,,,,,,0,,,,278841,186187,4238
8,2.0457286834716797,2026-03-06T12:44:19.931036,118.23,0.0,10.79,25.03,14.04,0.0,0.0,186.55,4.68,1.124,1.039,STRAIGHT,1.5,1.5,"CMD,1.0,1.50",2.844,0.0314,2.826,0.126,1,0.9549,0,NORMAL,22.382,0.153,1,1,1,1,1,224.9,119,11,dijkstra,fallback_centerline,0.60928,0,,,,,,0,,,,269374,182274,4316
9,2.259188175201416,2026-03-06T12:44:20.144495,121.97,0.0,10.13,27.16,14.04,0.0,0.0,191.71,4.68,1.182,1.124,STRAIGHT,1.5,1.5,"CMD,1.1,1.50",2.853,0.0314,2.836,0.127,1,0.9574,0,NORMAL,22.308,0.191,1,1,1,1,1,224.8,100,8,dijkstra,fallback_centerline,0.61715,0,,,,,,0,,,,275216,184743,4377
10,2.467686891555786,2026-03-06T12:44:20.352994,121.07,0.0,9.51,24.98,10.26,0.0,0.0,185.39,4.69,1.218,1.182,STRAIGHT,1.5,1.5,"CMD,1.2,1.50",2.881,0.0313,2.864,0.129,1,0.9126,0,NORMAL,24.093,0.198,1,1,1,1,1,224.8,123,13,dijkstra,fallback_centerline,0.58798,0,,,,,,0,,,,254195,175828,4051
11,2.678194046020508,2026-03-06T12:44:20.563501,118.28,0.0,12.58,25.83,11.19,0.0,0.0,185.45,4.7,1.241,1.218,STRAIGHT,1.5,1.5,"CMD,1.2,1.50",2.906,0.0312,2.89,0.131,1,0.9187,0,NORMAL,26.949,0.151,1,1,1,1,1,224.7,129,8,dijkstra,fallback_centerline,0.60043,0,,,,,,0,,,,268445,179472,3907
12,2.8965654373168945,2026-03-06T12:44:20.781872,121.54,0.0,10.08,36.01,14.57,0.0,0.0,198.58,4.69,1.244,1.241,STRAIGHT,1.5,1.5,"CMD,1.2,1.50",2.972,0.0303,2.957,0.133,1,0.9053,0,NORMAL,27.608,-0.033,1,1,1,1,1,224.8,211,11,dijkstra,fallback_centerline,0.66244,0,,,,,,0,,,,290871,198202,5293
13,3.1111958026885986,2026-03-06T12:44:20.996503,122.16,0.0,10.11,28.29,14.25,0.0,0.0,191.36,4.69,1.231,1.241,STRAIGHT,1.5,1.5,"CMD,1.2,1.50",3.08,0.0292,3.066,0.138,1,0.9772,0,NORMAL,27.28,-0.129,1,1,1,1,1,224.9,120,9,dijkstra,fallback_centerline,0.67318,0,,,,,,0,,,,290413,201307,4840
14,3.333796501159668,2026-03-06T12:44:21.219104,121.26,0.0,10.34,38.79,14.61,0.0,0.0,202.62,4.67,1.201,1.231,STRAIGHT,1.5,1.5,"CMD,1.2,1.50",3.219,0.0277,3.207,0.143,1,0.9651,0,NORMAL,27.009,-0.247,1,1,1,1,1,224.9,213,9,dijkstra,fallback_centerline,0.6795,0,,,,,,0,,,,292563,203381,5361
15,3.56160569190979,2026-03-06T12:44:21.446913,121.83,0.0,11.77,38.33,14.63,0.0,0.0,204.12,4.65,1.174,1.201,STRAIGHT,1.5,1.5,"CMD,1.2,1.50",3.272,0.0271,3.261,0.144,1,0.9677,0,NORMAL,28.283,-0.337,1,1,1,1,1,224.9,218,10,dijkstra,fallback_centerline,0.68105,0,,,,,,0,,,,291729,203631,5308
16,3.7855446338653564,2026-03-06T12:44:21.670852,118.95,0.0,10.04,35.59,15.94,0.0,0.33,200.11,4.64,1.159,1.174,STRAIGHT,1.5,1.5,"CMD,1.2,1.50",3.248,0.0274,3.236,0.144,1,0.9523,0,NORMAL,29.803,-0.353,1,1,1,1,1,224.9,211,10,dijkstra,fallback_centerline,0.68017,0,,,,,,0,,,,290091,203422,5300
17,4.0199198722839355,2026-03-06T12:44:21.905227,121.14,0.0,11.64,46.02,13.15,0.0,0.0,211.9,4.61,1.148,1.159,STRAIGHT,1.5,1.5,"CMD,1.2,1.50",3.264,0.0273,3.252,0.145,1,0.9497,0,NORMAL,30.69,-0.371,1,1,1,1,1,224.9,272,15,dijkstra,fallback_centerline,0.66163,0,,,,,,0,,,,277277,198097,5598
18,4.25464653968811,2026-03-06T12:44:22.139954,120.87,0.0,10.31,46.39,13.79,0.0,0.51,210.96,4.59,1.143,1.148,STRAIGHT,1.5,1.5,"CMD,1.1,1.50",3.275,0.0274,3.263,0.146,1,0.9407,0,NORMAL,29.983,-0.402,1,1,1,1,1,224.9,265,13,dijkstra,fallback_centerline,0.68205,0,,,,,,0,,,,278167,203981,5526
19,4.48435115814209,2026-03-06T12:44:22.369658,116.13,0.0,10.21,42.31,15.42,0.0,0.5,206.1,4.58,1.133,1.143,STRAIGHT,1.5,1.5,"CMD,1.1,1.50",3.313,0.027,3.302,0.147,1,0.9262,0,NORMAL,30.981,-0.397,1,1,1,1,1,224.9,254,12,dijkstra,fallback_centerline,0.65376,0,,,,,,0,,,,259192,195593,5349
20,4.718669652938843,2026-03-06T12:44:22.603977,119.05,0.0,11.01,47.66,14.5,0.0,0.0,211.96,4.56,1.124,1.133,STRAIGHT,1.5,1.5,"CMD,1.1,1.50",3.309,0.0269,3.297,0.146,1,0.9044,0,NORMAL,33.188,-0.369,1,1,1,1,1,224.9,272,18,dijkstra,fallback_centerline,0.68514,0,,,,,,0,,,,281440,204838,5957
21,4.957831382751465,2026-03-06T12:44:22.843138,122.73,0.0,12.27,47.01,13.98,0.0,0.0,215.12,4.54,1.119,1.124,STRAIGHT,1.5,1.5,"CMD,1.1,1.50",3.293,0.0268,3.281,0.145,1,0.9677,0,NORMAL,34.278,-0.344,1,1,1,1,1,224.9,266,18,dijkstra,fallback_centerline,0.68802,0,,,,,,0,,,,281241,205782,6052
22,5.185255527496338,2026-03-06T12:44:23.070563,118.37,0.0,10.19,41.24,15.27,0.0,0.73,204.49,4.54,1.117,1.119,STRAIGHT,1.5,1.5,"CMD,1.1,1.50",3.257,0.027,3.245,0.143,1,0.9541,0,NORMAL,34.987,-0.407,1,1,1,1,1,224.8,239,14,dijkstra,fallback_centerline,0.68258,0,,,,,,0,,,,271229,204201,5660
23,5.41654634475708,2026-03-06T12:44:23.301853,121.61,0.0,10.49,43.48,13.88,0.0,0.0,207.85,4.53,1.113,1.117,STRAIGHT,1.5,1.5,"CMD,1.1,1.50",3.303,0.0268,3.291,0.145,1,0.9236,0,NORMAL,36.76,-0.43,1,1,1,1,1,224.9,234,13,dijkstra,fallback_centerline,0.66486,0,,,,,,0,,,,254744,199087,5405
24,5.64053201675415,2026-03-06T12:44:23.525839,118.97,0.0,9.8,26.78,28.21,0.0,0.0,202.87,4.52,1.157,1.117,STRAIGHT,1.5,1.5,"CMD,1.1,1.50",4.0,0.0302,3.99,0.241,1,0.8078,0,NORMAL,40.886,-0.509,1,1,1,1,1,224.9,139,18,dijkstra,fallback_centerline,0.60196,0,,,,,,0,,,,206638,180651,4515
25,5.84157133102417,2026-03-06T12:44:23.726878,118.46,0.0,10.41,19.16,14.17,0.0,0.0,179.5,4.54,1.187,1.157,STRAIGHT,1.5,1.5,"CMD,1.2,1.50",4.0,0.0302,3.99,0.242,1,0.8468,0,NORMAL,44.675,-0.713,1,1,1,1,1,224.8,78,15,dijkstra,fallback_centerline,0.59432,0,,,,,,0,,,,194308,178371,3669
26,6.0437846183776855,2026-03-06T12:44:23.929092,119.57,0.0,10.03,19.96,11.06,0.0,0.0,178.84,4.55,1.251,1.187,STRAIGHT,1.5,1.5,"CMD,1.2,1.50",3.643,0.0335,3.632,0.222,1,0.7595,0,NORMAL,45.365,-0.528,1,1,1,1,1,224.9,89,15,dijkstra,fallback_centerline,0.60738,0,,,,,,0,,,,228521,181941,4065
27,6.24555230140686,2026-03-06T12:44:24.130859,118.2,0.0,10.5,21.22,13.91,0.0,0.0,181.72,4.57,1.325,1.251,STRAIGHT,1.5,1.5,"CMD,1.3,1.50",3.218,0.0357,3.205,0.184,1,0.8984,0,NORMAL,47.866,-0.298,1,1,1,1,1,224.8,81,13,dijkstra,fallback_centerline,0.6394,0,,,,,,0,,,,239761,191641,4349
28,6.455830097198486,2026-03-06T12:44:24.341137,119.86,0.0,10.13,25.31,14.92,0.0,0.0,187.61,4.57,1.383,1.325,STRAIGHT,1.5,1.5,"CMD,1.3,1.50",3.001,0.0363,2.986,0.162,1,0.9139,0,NORMAL,51.406,-0.258,1,1,1,1,1,224.6,115,16,dijkstra,fallback_centerline,0.64331,0,,,,,,0,,,,251352,192825,4656
29,6.663996458053589,2026-03-06T12:44:24.549304,121.35,0.0,10.5,20.58,13.93,0.0,0.0,185.55,4.58,1.398,1.383,STRAIGHT,1.5,1.5,"CMD,1.4,1.50",2.968,0.0346,2.953,0.151,1,0.9516,0,NORMAL,51.071,-0.206,1,1,1,1,1,224.8,77,15,dijkstra,fallback_centerline,0.63944,0,,,,,,0,,,,246341,191458,4266
30,6.877935171127319,2026-03-06T12:44:24.763242,123.71,0.0,10.13,24.07,14.05,0.0,0.0,190.58,4.59,1.381,1.383,STRAIGHT,1.5,1.5,"CMD,1.4,1.50",2.987,0.0326,2.972,0.145,1,0.9247,0,NORMAL,50.971,-0.102,1,1,1,1,1,224.9,116,14,dijkstra,fallback_centerline,0.62802,0,,,,,,0,,,,239198,188056,4241
31,7.0841224193573,2026-03-06T12:44:24.969430,118.82,0.0,9.85,20.3,15.84,0.0,0.0,183.27,4.6,1.341,1.381,STRAIGHT,1.5,1.5,"CMD,1.4,1.50",3.076,0.0306,3.062,0.144,1,0.9556,0,NORMAL,50.835,-0.057,1,1,1,1,1,224.9,101,14,dijkstra,fallback_centerline,0.62587,0,,,,,,0,,,,235673,187437,4334
32,7.284683465957642,2026-03-06T12:44:25.169990,116.12,0.0,9.33,15.8,16.37,0.0,0.0,177.88,4.6,1.288,1.341,STRAIGHT,1.5,1.5,"CMD,1.3,1.50",3.185,0.0287,3.173,0.145,1,0.9367,0,NORMAL,50.621,-0.039,1,1,1,1,1,224.9,73,15,dijkstra,fallback_centerline,0.62789,0,,,,,,0,,,,233917,188179,4415
33,7.492481708526611,2026-03-06T12:44:25.377789,124.05,0.0,10.26,19.6,12.54,0.0,1.07,185.61,4.61,1.241,1.288,STRAIGHT,1.5,1.5,"CMD,1.3,1.50",3.267,0.0279,3.256,0.148,1,0.9553,0,NORMAL,50.381,-0.054,1,1,1,1,1,224.9,73,17,dijkstra,fallback_centerline,0.62403,0,,,,,,0,,,,236086,186926,4491
34,7.7064361572265625,2026-03-06T12:44:25.591743,121.97,0.0,10.56,24.13,14.24,0.0,0.0,189.88,4.61,1.184,1.241,STRAIGHT,1.5,1.5,"CMD,1.2,1.50",3.497,0.0259,3.487,0.158,1,0.9259,0,NORMAL,50.144,-0.099,1,1,1,1,1,225.0,115,14,dijkstra,fallback_centerline,0.61554,0,,,,,,0,,,,237271,184314,4393
35,7.914124011993408,2026-03-06T12:44:25.799431,120.77,0.0,8.99,21.06,18.19,0.0,0.0,186.5,4.61,1.131,1.184,STRAIGHT,1.5,1.5,"CMD,1.2,1.50",3.7,0.0249,3.69,0.17,1,0.9699,0,NORMAL,50.045,-0.109,1,1,1,1,1,225.0,108,15,dijkstra,fallback_centerline,0.61463,0,,,,,,0,,,,239861,183960,4145
36,8.127121686935425,2026-03-06T12:44:26.012429,120.24,0.0,14.49,23.98,15.0,0.0,0.0,191.65,4.61,1.081,1.131,STRAIGHT,1.5,1.5,"CMD,1.1,1.50",3.807,0.0238,3.798,0.172,1,0.97,0,NORMAL,50.0,-0.152,1,1,1,1,1,225.0,119,14,dijkstra,fallback_centerline,0.61469,0,,,,,,0,,,,239634,183998,4292
37,8.336524248123169,2026-03-06T12:44:26.221831,121.13,0.0,9.05,24.15,13.3,0.0,1.24,187.47,4.61,1.041,1.081,STRAIGHT,1.5,1.5,"CMD,1.1,1.50",3.957,0.0233,3.947,0.182,1,0.969,0,NORMAL,50.038,-0.135,1,1,1,1,1,225.0,113,16,dijkstra,fallback_centerline,0.61773,0,,,,,,0,,,,242862,184899,4767
38,8.547966718673706,2026-03-06T12:44:26.433274,123.34,0.0,11.05,21.71,14.28,0.0,0.0,189.33,4.61,0.998,1.041,STRAIGHT,1.5,1.5,"CMD,1.0,1.50",4.0,0.0221,3.991,0.176,1,0.9675,0,NORMAL,50.135,-0.096,1,1,1,1,1,225.0,99,16,dijkstra,fallback_centerline,0.62089,0,,,,,,0,,,,243691,185887,4558
39,8.76062297821045,2026-03-06T12:44:26.645930,122.71,0.0,10.97,23.26,14.44,0.0,0.0,191.34,4.61,0.952,0.998,STRAIGHT,1.5,1.5,"CMD,1.0,1.50",4.0,0.0208,3.992,0.166,1,0.9648,0,NORMAL,50.361,-0.127,1,1,1,1,1,225.0,108,20,dijkstra,fallback_centerline,0.62393,0,,,,,,0,,,,247138,186740,4769
40,8.96927523612976,2026-03-06T12:44:26.854582,121.64,0.0,9.94,22.56,13.85,0.0,0.0,186.2,4.61,0.905,0.952,STRAIGHT,1.5,1.5,"CMD,1.0,1.50",4.0,0.0197,3.993,0.157,1,0.9577,0,NORMAL,50.723,-0.141,1,1,1,1,1,225.0,97,20,dijkstra,fallback_centerline,0.62986,0,,,,,,0,,,,252211,188748,4721
41,9.175817251205444,2026-03-06T12:44:27.061124,118.88,0.0,9.2,23.59,13.04,0.0,0.0,184.37,4.62,0.856,0.905,STRAIGHT,1.5,1.5,"CMD,0.9,1.50",4.0,0.0184,3.994,0.147,1,0.9774,0,NORMAL,50.949,-0.107,1,1,1,1,1,225.0,105,18,dijkstra,fallback_centerline,0.63207,0,,,,,,0,,,,253328,189276,4799
42,9.388725757598877,2026-03-06T12:44:27.274033,121.93,0.0,11.8,23.22,14.01,0.0,0.0,189.71,4.62,0.799,0.856,STRAIGHT,1.5,1.5,"CMD,0.9,1.50",4.0,0.0166,3.994,0.132,1,0.9445,0,NORMAL,51.553,-0.156,1,1,1,1,1,225.0,120,15,dijkstra,fallback_centerline,0.61244,0,,,,,,0,,,,245451,183317,4475
43,9.596015214920044,2026-03-06T12:44:27.481322,117.87,0.0,10.33,22.11,13.97,0.0,0.0,184.27,4.63,0.725,0.799,STRAIGHT,1.5,1.5,"CMD,0.8,1.50",4.0,0.014,3.995,0.112,1,0.9095,0,NORMAL,51.763,0.094,1,1,1,1,1,225.0,108,12,dijkstra,fallback_centerline,0.5663,0,,,,,,0,,,,227357,169307,4023
44,9.810386896133423,2026-03-06T12:44:27.695694,124.47,0.0,9.17,27.09,14.02,0.0,0.0,191.34,4.64,0.659,0.725,STRAIGHT,1.5,1.5,"CMD,0.7,1.50",4.0,0.0128,3.996,0.102,1,0.9607,0,NORMAL,51.825,0.185,1,1,1,1,1,225.0,145,13,dijkstra,fallback_centerline,0.58643,0,,,,,,0,,,,230031,175301,4141
45,10.018669843673706,2026-03-06T12:44:27.903977,118.2,0.0,9.98,22.49,14.9,0.0,0.0,183.91,4.65,0.608,0.659,STRAIGHT,1.5,1.5,"CMD,0.7,1.50",4.0,0.0123,3.996,0.098,1,0.8887,0,NORMAL,52.017,0.211,1,1,1,1,1,225.0,107,15,dijkstra,fallback_centerline,0.64444,0,,,,,,0,,,,255125,192935,4634
46,10.22559380531311,2026-03-06T12:44:28.110901,115.4,0.0,11.65,23.24,13.64,0.0,1.01,183.56,4.67,0.57,0.608,STRAIGHT,1.5,1.5,"CMD,0.6,1.50",4.0,0.012,3.996,0.096,1,0.9176,0,NORMAL,52.263,0.219,1,1,1,1,1,225.0,113,15,dijkstra,fallback_centerline,0.61393,0,,,,,,0,,,,239174,183647,4484
47,10.42969536781311,2026-03-06T12:44:28.315002,117.43,0.0,10.01,20.22,14.85,0.0,0.0,180.81,4.7,0.544,0.57,STRAIGHT,1.5,1.5,"CMD,0.6,1.50",4.0,0.012,3.997,0.096,1,0.9174,0,NORMAL,52.2,0.246,1,1,1,1,1,225.0,83,16,dijkstra,fallback_centerline,0.64364,0,,,,,,0,,,,256265,192704,4664
48,10.633793592453003,2026-03-06T12:44:28.519101,118.12,0.0,9.78,21.39,14.63,0.0,0.0,182.07,4.72,0.511,0.544,STRAIGHT,1.5,1.5,"CMD,0.5,1.50",4.0,0.0107,3.997,0.086,1,0.9577,0,NORMAL,52.353,0.217,1,1,1,1,1,225.0,99,16,dijkstra,fallback_centerline,0.6336,0,,,,,,0,,,,251393,189793,4579
49,10.842002868652344,2026-03-06T12:44:28.727310,118.2,0.0,10.72,21.44,14.11,0.0,0.0,184.58,4.74,0.47,0.511,STRAIGHT,1.5,1.5,"CMD,0.5,1.50",4.0,0.0094,3.997,0.075,1,0.9477,0,NORMAL,52.286,0.278,1,1,1,1,1,225.0,85,18,dijkstra,fallback_centerline,0.6555,0,,,,,,0,,,,261294,196381,4896
50,11.043080806732178,2026-03-06T12:44:28.928388,114.99,0.0,11.93,19.4,14.16,0.0,0.0,178.33,4.77,0.435,0.47,STRAIGHT,1.5,1.5,"CMD,0.5,1.50",4.0,0.0088,3.997,0.071,1,0.961,0,NORMAL,53.423,0.215,1,1,1,1,1,225.0,81,15,dijkstra,fallback_centerline,0.64295,0,,,,,,0,,,,256793,192600,4402
51,11.245691061019897,2026-03-06T12:44:29.130998,118.02,0.0,10.07,19.03,14.03,0.0,0.0,179.88,4.79,0.399,0.435,STRAIGHT,1.5,1.5,"CMD,0.4,1.50",4.0,0.0079,3.997,0.064,1,0.9761,0,NORMAL,53.6,0.207,1,1,1,1,1,225.0,79,14,dijkstra,fallback_centerline,0.64684,0,,,,,,0,,,,257559,193755,4226
52,11.448122024536133,2026-03-06T12:44:29.333429,116.55,0.0,11.39,22.02,13.43,0.0,0.0,181.54,4.81,0.353,0.399,STRAIGHT,1.5,1.5,"CMD,0.4,1.50",4.0,0.0063,3.997,0.051,1,0.9628,0,NORMAL,53.761,0.238,1,1,1,1,1,224.9,95,14,dijkstra,fallback_centerline,0.64833,0,,,,,,0,,,,260851,194400,4269
53,11.664116859436035,2026-03-06T12:44:29.549424,123.23,0.0,12.09,22.09,13.58,0.0,0.0,194.58,4.82,0.315,0.353,STRAIGHT,1.5,1.5,"CMD,0.4,1.50",4.0,0.0058,3.997,0.046,1,0.9745,0,NORMAL,54.071,0.234,1,1,1,1,1,225.0,94,15,dijkstra,fallback_centerline,0.65029,0,,,,,,0,,,,261393,194766,4309
54,11.867828845977783,2026-03-06T12:44:29.753136,116.14,0.0,13.45,21.03,11.23,0.0,0.0,179.66,4.81,0.278,0.315,STRAIGHT,1.5,1.5,"CMD,0.3,1.50",4.0,0.0049,3.997,0.039,1,0.9839,0,NORMAL,54.128,0.248,1,1,1,1,1,225.0,81,17,dijkstra,fallback_centerline,0.65056,0,,,,,,0,,,,261506,194761,4526
55,12.067975997924805,2026-03-06T12:44:29.953283,113.75,0.0,10.17,20.29,13.1,0.0,0.0,175.39,4.81,0.239,0.278,STRAIGHT,1.5,1.5,"CMD,0.3,1.50",4.0,0.0039,3.997,0.031,1,0.9791,0,NORMAL,54.229,0.282,1,1,1,1,1,225.0,79,16,dijkstra,fallback_centerline,0.65419,0,,,,,,0,,,,263279,195831,4292
56,12.268018960952759,2026-03-06T12:44:30.153326,117.22,0.0,10.0,20.6,9.43,0.0,0.0,175.57,4.82,0.197,0.239,STRAIGHT,1.5,1.5,"CMD,0.2,1.50",4.0,0.0027,3.997,0.022,1,0.9691,0,NORMAL,54.511,0.254,1,1,1,1,1,225.0,99,14,dijkstra,fallback_centerline,0.65207,0,,,,,,0,,,,261233,195277,4592
57,12.468210458755493,2026-03-06T12:44:30.353518,113.15,0.0,10.35,19.95,10.08,0.0,0.0,171.61,4.82,0.174,0.197,STRAIGHT,1.5,1.5,"CMD,0.2,1.50",4.0,0.0031,3.997,0.025,1,0.9573,0,NORMAL,55.749,0.24,1,1,1,1,1,225.0,110,16,dijkstra,fallback_centerline,0.66188,0,,,,,,0,,,,264229,198270,4679
58,12.668922424316406,2026-03-06T12:44:30.554229,116.59,0.0,10.87,20.84,13.12,0.0,0.0,180.06,4.83,0.152,0.174,STRAIGHT,1.5,1.5,"CMD,0.2,1.50",4.0,0.0026,3.996,0.021,1,0.9775,0,NORMAL,55.951,0.23,1,1,1,1,1,225.0,94,13,dijkstra,fallback_centerline,0.65791,0,,,,,,0,,,,264170,197401,4239
59,12.875574350357056,2026-03-06T12:44:30.760882,120.42,0.0,9.55,18.34,12.6,0.0,0.0,179.94,4.84,0.13,0.152,STRAIGHT,1.5,1.5,"CMD,0.2,1.50",4.0,0.0021,3.996,0.017,1,0.9754,0,NORMAL,55.703,0.236,1,1,1,1,1,225.0,79,14,dijkstra,fallback_centerline,0.65366,0,,,,,,0,,,,264804,195992,3836
60,13.079265356063843,2026-03-06T12:44:30.965594,118.4,0.0,8.7,19.27,13.52,0.0,0.0,179.08,4.84,0.091,0.13,STRAIGHT,1.5,1.5,"CMD,0.1,1.50",4.0,0.0003,3.996,0.003,1,0.9777,0,NORMAL,54.838,0.218,1,1,1,1,1,225.0,80,13,dijkstra,fallback_centerline,0.64349,0,,,,,,0,,,,263145,192818,3626
61,13.281566619873047,2026-03-06T12:44:31.166874,117.44,0.0,9.29,20.32,13.47,0.0,0.0,178.04,4.84,0.008,0.091,STRAIGHT,1.5,1.5,"CMD,0.1,1.50",3.831,-0.0038,3.827,-0.028,1,0.9809,0,NORMAL,54.205,0.203,1,1,1,1,1,224.9,82,13,dijkstra,fallback_centerline,0.63789,0,,,,,,0,,,,262401,191151,3888
62,13.488919496536255,2026-03-06T12:44:31.374226,122.73,0.0,10.03,20.07,13.09,0.0,1.0,185.15,4.84,-0.139,0.008,STRAIGHT,1.5,1.5,"CMD,0.0,1.50",3.582,-0.0105,3.577,-0.067,1,0.9763,0,NORMAL,53.225,0.192,1,1,1,1,1,224.9,89,13,dijkstra,fallback_centerline,0.63562,0,,,,,,0,,,,260934,190569,3828
63,13.6962571144104,2026-03-06T12:44:31.581564,123.05,0.0,10.47,18.32,14.25,0.0,0.0,185.52,4.84,-0.264,-0.139,STRAIGHT,1.5,1.5,"CMD,-0.1,1.50",3.53,-0.0125,3.525,-0.077,1,0.973,0,NORMAL,53.334,0.166,1,1,1,1,1,224.9,94,14,dijkstra,fallback_centerline,0.61886,0,,,,,,0,,,,257879,185511,3902
64,13.909937620162964,2026-03-06T12:44:31.795245,120.65,0.0,9.01,27.22,15.36,0.0,0.0,189.63,4.84,-0.375,-0.264,STRAIGHT,1.5,1.5,"CMD,-0.3,1.50",3.467,-0.0145,3.461,-0.087,1,0.9717,0,NORMAL,52.688,0.138,1,1,1,1,1,224.9,139,15,dijkstra,fallback_centerline,0.62599,0,,,,,,0,,,,260573,187625,4085
65,14.126253843307495,2026-03-06T12:44:32.011561,119.85,0.0,10.62,30.3,13.58,0.0,0.0,193.28,4.83,-0.482,-0.375,STRAIGHT,1.5,1.5,"CMD,-0.4,1.50",3.395,-0.0169,3.389,-0.097,1,0.9667,0,NORMAL,52.614,0.109,1,1,1,1,1,224.9,166,16,dijkstra,fallback_centerline,0.62519,0,,,,,,0,,,,264335,187486,4591
66,14.338470697402954,2026-03-06T12:44:32.223778,118.0,0.0,10.05,28.62,13.91,0.0,0.0,189.78,4.83,-0.537,-0.482,STRAIGHT,1.5,1.5,"CMD,-0.5,1.50",3.447,-0.0157,3.441,-0.093,1,0.9606,0,NORMAL,53.96,0.045,1,1,1,1,1,224.9,146,17,dijkstra,fallback_centerline,0.62014,0,,,,,,0,,,,266213,185840,4349
67,14.545578479766846,2026-03-06T12:44:32.430886,121.05,0.0,10.08,22.26,11.61,0.0,0.31,184.02,4.84,-0.542,-0.537,STRAIGHT,1.5,1.5,"CMD,-0.5,1.50",3.536,-0.0134,3.531,-0.083,1,0.9602,0,NORMAL,55.299,0.012,1,1,1,1,1,224.9,115,17,dijkstra,fallback_centerline,0.60946,0,,,,,,0,,,,264191,182793,4518
68,14.753724098205566,2026-03-06T12:44:32.639031,121.53,0.0,10.28,21.03,14.76,0.0,0.0,185.74,4.84,-0.534,-0.537,STRAIGHT,1.5,1.5,"CMD,-0.5,1.50",3.569,-0.0126,3.564,-0.08,1,0.9652,0,NORMAL,54.364,-0.011,1,1,1,1,1,224.9,106,17,dijkstra,fallback_centerline,0.61202,0,,,,,,0,,,,267739,183420,4472
69,14.969778299331665,2026-03-06T12:44:32.855085,121.91,0.0,9.55,27.24,14.25,0.0,0.0,194.09,4.83,-0.559,-0.542,STRAIGHT,1.5,1.5,"CMD,-0.5,1.50",3.491,-0.0147,3.485,-0.09,1,0.9736,0,NORMAL,53.449,-0.034,1,1,1,1,1,224.9,142,15,dijkstra,fallback_centerline,0.61031,0,,,,,,0,,,,270435,183006,4519
70,15.182938814163208,2026-03-06T12:44:33.068246,122.62,0.0,10.0,27.21,14.57,0.0,0.0,192.3,4.83,-0.606,-0.559,STRAIGHT,1.5,1.5,"CMD,-0.6,1.50",3.459,-0.0169,3.452,-0.101,1,0.9453,0,NORMAL,52.244,-0.041,1,1,1,1,1,224.9,146,18,dijkstra,fallback_centerline,0.61605,0,,,,,,0,,,,282081,184568,4670
71,15.399438381195068,2026-03-06T12:44:33.284745,121.4,0.0,10.0,27.62,13.78,0.0,1.03,193.56,4.82,-0.691,-0.606,STRAIGHT,1.5,1.5,"CMD,-0.6,1.50",3.362,-0.0209,3.355,-0.118,1,0.9671,0,NORMAL,51.169,-0.066,1,1,1,1,1,224.9,148,18,dijkstra,fallback_centerline,0.6211,0,,,,,,0,,,,286924,186104,4536
72,15.611644983291626,2026-03-06T12:44:33.496952,119.16,0.0,9.23,28.71,13.03,0.0,1.0,189.56,4.82,-0.804,-0.691,STRAIGHT,1.5,1.5,"CMD,-0.7,1.50",3.271,-0.0249,3.262,-0.133,1,0.9679,0,NORMAL,50.087,-0.095,1,1,1,1,1,224.9,148,17,dijkstra,fallback_centerline,0.605,0,,,,,,0,,,,284753,181413,4488
73,15.830158233642578,2026-03-06T12:44:33.715465,122.32,0.0,10.19,33.17,12.41,0.0,0.0,196.2,4.82,-0.943,-0.804,STRAIGHT,1.5,1.5,"CMD,-0.8,1.50",3.137,-0.0296,3.125,-0.145,1,0.9689,0,NORMAL,49.005,-0.12,1,1,1,1,1,224.9,184,16,dijkstra,fallback_centerline,0.58539,0,,,,,,0,,,,284602,175619,4339
74,16.041431665420532,2026-03-06T12:44:33.926739,120.09,0.0,9.75,28.76,12.78,0.0,0.0,188.88,4.82,-1.075,-0.943,STRAIGHT,1.5,1.5,"CMD,-0.9,1.50",3.067,-0.0324,3.055,-0.152,1,0.9723,0,NORMAL,48.356,-0.15,1,1,1,1,1,224.9,151,13,dijkstra,fallback_centerline,0.58893,0,,,,,,0,,,,287913,176660,3853
75,16.25800085067749,2026-03-06T12:44:34.143308,120.78,0.0,9.26,30.51,12.83,0.0,0.0,193.07,4.81,-1.194,-1.075,STRAIGHT,1.5,1.5,"CMD,-1.1,1.50",2.989,-0.0348,2.975,-0.154,1,0.9728,0,NORMAL,48.314,-0.155,1,1,1,1,1,224.8,176,14,dijkstra,fallback_centerline,0.58521,0,,,,,,0,,,,290152,175472,3895
76,16.46807837486267,2026-03-06T12:44:34.353386,117.29,0.0,8.85,29.83,12.19,0.0,0.0,186.84,4.8,-1.341,-1.194,STRAIGHT,1.5,1.5,"CMD,-1.2,1.50",2.817,-0.0396,2.799,-0.156,1,0.9522,0,NORMAL,47.832,-0.145,1,1,1,1,1,224.9,159,14,dijkstra,fallback_centerline,0.56921,0,,,,,,0,,,,285044,170619,3827
77,16.69190526008606,2026-03-06T12:44:34.577212,116.4,0.0,10.06,43.62,11.73,0.0,0.0,200.35,4.79,-1.406,-1.341,STRAIGHT,1.5,1.5,"CMD,-1.3,1.50",3.011,-0.0372,2.997,-0.168,1,0.9561,0,NORMAL,47.074,-0.062,1,1,1,1,1,224.8,264,14,dijkstra,fallback_centerline,0.5625,0,,,,,,0,,,,288472,168636,4508
78,16.905792236328125,2026-03-06T12:44:34.791099,123.12,0.0,11.69,28.68,13.47,0.0,0.0,194.13,4.78,-1.401,-1.401,STRAIGHT,1.5,1.5,"CMD,-1.4,1.50",3.1,-0.0337,3.087,-0.161,1,0.965,0,NORMAL,50.439,-0.084,1,1,1,1,1,224.9,157,14,dijkstra,fallback_centerline,0.56915,0,,,,,,0,,,,290157,170626,4320
79,17.119882345199585,2026-03-06T12:44:35.005190,121.79,0.0,8.2,28.41,12.76,0.0,0.0,191.96,4.77,-1.384,-1.401,STRAIGHT,1.5,1.5,"CMD,-1.4,1.50",3.081,-0.0327,3.069,-0.154,1,0.9749,0,NORMAL,49.855,-0.065,1,1,1,1,1,224.9,155,11,dijkstra,fallback_centerline,0.5636,0,,,,,,0,,,,290526,168853,3926
80,17.3256733417511,2026-03-06T12:44:35.210980,117.1,0.0,10.02,24.3,12.22,0.0,0.84,181.89,4.77,-1.38,-1.384,STRAIGHT,1.5,1.5,"CMD,-1.4,1.50",3.034,-0.0333,3.021,-0.152,1,0.9737,0,NORMAL,49.438,-0.045,1,1,1,1,1,224.9,144,12,dijkstra,fallback_centerline,0.56196,0,,,,,,0,,,,292460,168443,3751
81,17.53404998779297,2026-03-06T12:44:35.419357,118.19,0.0,11.13,27.01,11.19,0.0,0.0,184.9,4.77,-1.382,-1.382,STRAIGHT,1.5,1.5,"CMD,-1.4,1.50",3.004,-0.0336,2.991,-0.151,1,0.9727,0,NORMAL,48.202,-0.008,1,1,1,1,1,224.9,135,11,dijkstra,fallback_centerline,0.58062,0,,,,,,0,,,,296635,173957,3932
82,17.744301080703735,2026-03-06T12:44:35.629608,118.63,0.0,8.95,28.91,12.15,0.0,0.0,186.57,4.77,-1.409,-1.382,STRAIGHT,1.5,1.5,"CMD,-1.4,1.50",2.881,-0.0355,2.865,-0.146,1,0.972,0,NORMAL,47.408,0.042,1,1,1,1,1,224.9,153,11,dijkstra,fallback_centerline,0.57213,0,,,,,,0,,,,294246,171411,3580
83,17.95958924293518,2026-03-06T12:44:35.844896,123.16,0.0,9.07,28.85,11.74,0.0,0.0,192.82,4.76,-1.438,-1.409,STRAIGHT,1.5,1.5,"CMD,-1.4,1.50",2.845,-0.0362,2.828,-0.145,1,0.9633,0,NORMAL,46.879,0.083,1,1,1,1,1,224.6,155,12,dijkstra,fallback_centerline,0.58645,0,,,,,,0,,,,298050,175601,3985
84,18.175503492355347,2026-03-06T12:44:36.060811,125.8,0.0,9.52,29.03,9.82,0.0,0.0,193.42,4.75,-1.383,-1.409,STRAIGHT,1.5,1.5,"CMD,-1.4,1.50",3.16,-0.0309,3.148,-0.153,1,0.9677,0,NORMAL,45.453,0.129,1,1,1,1,1,224.9,165,11,dijkstra,fallback_centerline,0.60058,0,,,,,,0,,,,301145,179651,3604
85,18.392566204071045,2026-03-06T12:44:36.277873,118.71,0.0,9.49,32.37,12.19,0.0,0.0,191.88,4.74,-1.342,-1.383,STRAIGHT,1.5,1.5,"CMD,-1.4,1.50",3.331,-0.0305,3.32,-0.169,1,0.9624,0,NORMAL,44.344,0.138,1,1,1,1,1,224.0,175,12,dijkstra,fallback_centerline,0.59335,0,,,,,,0,,,,297520,177552,3847
86,18.61379885673523,2026-03-06T12:44:36.499106,121.39,0.0,10.76,32.23,13.02,0.0,1.0,197.45,4.72,-1.347,-1.347,STRAIGHT,1.5,1.5,"CMD,-1.3,1.50",3.173,-0.0329,3.161,-0.165,1,0.9682,0,NORMAL,43.282,0.193,1,1,1,1,1,224.7,184,12,dijkstra,fallback_centerline,0.6161,0,,,,,,0,,,,301984,184547,3678
87,18.85360312461853,2026-03-06T12:44:36.738910,121.01,0.0,14.36,48.78,13.07,0.0,1.5,216.86,4.69,-1.386,-1.347,STRAIGHT,1.5,1.5,"CMD,-1.3,1.50",3.002,-0.0355,2.987,-0.159,1,0.9673,0,NORMAL,42.323,0.234,1,1,1,1,1,224.7,304,13,dijkstra,fallback_centerline,0.64694,0,,,,,,0,,,,303583,193618,4654
88,19.087110996246338,2026-03-06T12:44:36.972418,123.75,0.0,11.25,38.2,19.07,0.0,0.0,212.17,4.67,-1.433,-1.386,STRAIGHT,1.5,1.5,"CMD,-1.4,1.50",2.912,-0.037,2.896,-0.156,1,0.9642,0,NORMAL,41.473,0.248,1,1,1,1,1,224.6,249,16,dijkstra,fallback_centerline,0.67254,0,,,,,,0,,,,305537,201221,5055
89,19.314516305923462,2026-03-06T12:44:37.199824,122.34,0.0,9.06,38.88,14.13,0.0,0.0,203.16,4.65,-1.474,-1.433,STRAIGHT,1.5,1.5,"CMD,-1.4,1.50",2.848,-0.0377,2.831,-0.152,1,0.9421,0,NORMAL,40.747,0.213,1,1,1,1,1,224.9,217,13,dijkstra,fallback_centerline,0.6964,0,,,,,,0,,,,315977,208377,4942
90,19.531978368759155,2026-03-06T12:44:37.417286,117.2,0.0,10.01,35.03,14.22,0.0,0.0,194.11,4.64,-1.512,-1.474,STRAIGHT,1.5,1.5,"CMD,-1.5,1.50",2.799,-0.0385,2.78,-0.149,1,0.9677,0,NORMAL,40.117,0.168,1,1,1,1,1,224.6,190,16,dijkstra,fallback_centerline,0.70899,0,,,,,,0,,,,317939,212160,5285
91,19.751813411712646,2026-03-06T12:44:37.637121,116.61,0.0,9.92,34.83,14.28,0.0,0.0,195.52,4.63,-1.542,-1.512,STRAIGHT,1.5,1.5,"CMD,-1.5,1.50",2.776,-0.0388,2.756,-0.148,1,0.9625,0,NORMAL,38.962,0.103,1,1,1,1,1,224.6,178,14,dijkstra,fallback_centerline,0.71986,0,,,,,,0,,,,319582,215537,5261
92,19.97203278541565,2026-03-06T12:44:37.857340,123.42,0.0,11.45,29.45,13.57,0.0,0.0,197.33,4.62,-1.564,-1.542,STRAIGHT,1.5,1.5,"CMD,-1.5,1.50",2.764,-0.039,2.744,-0.147,1,0.9665,0,NORMAL,38.096,0.061,1,1,1,1,1,224.6,142,11,dijkstra,fallback_centerline,0.73178,0,,,,,,0,,,,318617,219204,5005
93,20.191859006881714,2026-03-06T12:44:38.077166,121.56,0.0,10.48,25.19,16.36,0.0,0.0,193.46,4.62,-1.587,-1.564,STRAIGHT,1.5,1.5,"CMD,-1.6,1.50",2.711,-0.0396,2.69,-0.144,1,0.9707,0,NORMAL,37.897,0.012,1,1,1,1,1,224.7,143,11,dijkstra,fallback_centerline,0.74322,0,,,,,,0,,,,319066,222539,4902
94,20.408576250076294,2026-03-06T12:44:38.293884,123.07,0.0,10.81,27.15,14.65,0.0,0.0,193.25,4.62,-1.61,-1.587,STRAIGHT,1.5,1.5,"CMD,-1.6,1.50",2.713,-0.0402,2.691,-0.146,1,0.9726,0,NORMAL,37.198,-0.02,1,1,1,1,1,224.5,122,12,dijkstra,fallback_centerline,0.75488,0,,,,,,0,,,,319767,225918,4528
95,20.624032258987427,2026-03-06T12:44:38.509340,119.46,0.0,8.67,27.9,15.08,0.0,0.0,189.77,4.61,-1.619,-1.61,STRAIGHT,1.5,1.5,"CMD,-1.6,1.50",2.723,-0.0397,2.702,-0.145,1,0.9751,0,NORMAL,36.701,-0.066,1,1,1,1,1,224.7,132,11,dijkstra,fallback_centerline,0.77023,0,,,,,,0,,,,321295,230509,4787
96,20.849549055099487,2026-03-06T12:44:38.734856,117.33,0.0,10.02,43.68,14.63,0.0,0.0,202.02,4.6,-1.621,-1.619,STRAIGHT,1.5,1.5,"CMD,-1.6,1.50",2.729,-0.0394,2.708,-0.145,1,0.9777,0,NORMAL,35.81,-0.101,1,1,1,1,1,224.7,240,18,dijkstra,fallback_centerline,0.77839,0,,,,,,0,,,,320419,232803,5707
97,21.068148851394653,2026-03-06T12:44:38.953456,122.7,0.0,11.03,28.57,11.87,0.0,0.0,192.66,4.59,-1.618,-1.619,STRAIGHT,1.5,1.5,"CMD,-1.6,1.50",2.761,-0.0391,2.741,-0.147,1,0.9703,0,NORMAL,34.964,-0.147,1,1,1,1,1,224.7,130,12,dijkstra,fallback_centerline,0.78165,0,,,,,,0,,,,322195,234134,5060
98,21.289592266082764,2026-03-06T12:44:39.174899,119.66,0.0,11.02,28.43,13.87,0.0,1.0,193.76,4.59,-1.606,-1.618,STRAIGHT,1.5,1.5,"CMD,-1.6,1.50",2.765,-0.0384,2.746,-0.145,1,0.9702,0,NORMAL,32.221,-0.187,1,1,1,1,1,224.8,128,11,dijkstra,fallback_centerline,0.78033,0,,,,,,0,,,,323772,233726,4940
99,21.50576901435852,2026-03-06T12:44:39.391076,119.78,0.0,9.02,29.41,13.95,0.0,0.86,191.77,4.59,-1.59,-1.606,STRAIGHT,1.5,1.5,"CMD,-1.6,1.50",2.772,-0.0377,2.753,-0.143,1,0.9659,0,NORMAL,31.254,-0.227,1,1,1,1,1,224.7,128,11,dijkstra,fallback_centerline,0.77715,0,,,,,,0,,,,327657,232698,5230
100,21.722527980804443,2026-03-06T12:44:39.607835,120.96,0.0,10.4,29.31,14.12,0.0,0.0,193.54,4.59,-1.575,-1.59,STRAIGHT,1.5,1.5,"CMD,-1.6,1.50",2.774,-0.0375,2.755,-0.143,1,0.9643,0,NORMAL,30.331,-0.261,1,1,1,1,1,224.5,130,12,dijkstra,fallback_centerline,0.77455,0,,,,,,0,,,,332827,231908,5206
101,21.945598602294922,2026-03-06T12:44:39.830906,127.64,0.0,10.87,28.66,13.18,0.0,0.0,199.63,4.58,-1.567,-1.575,STRAIGHT,1.5,1.5,"CMD,-1.6,1.50",2.77,-0.0376,2.75,-0.143,1,0.9719,0,NORMAL,29.913,-0.271,1,1,1,1,1,224.5,122,13,dijkstra,fallback_centerline,0.77626,0,,,,,,0,,,,337695,232386,5129
102,22.166560173034668,2026-03-06T12:44:40.051867,123.39,0.0,10.19,27.83,14.03,0.0,1.02,197.23,4.58,-1.56,-1.567,STRAIGHT,1.5,1.5,"CMD,-1.6,1.50",2.773,-0.0374,2.753,-0.142,1,0.9667,0,NORMAL,29.768,-0.268,1,1,1,1,1,224.3,135,11,dijkstra,fallback_centerline,0.77971,0,,,,,,0,,,,345772,233503,5160
103,22.384830713272095,2026-03-06T12:44:40.270138,120.44,0.0,12.54,29.8,14.53,0.0,0.0,195.09,4.57,-1.557,-1.56,STRAIGHT,1.5,1.5,"CMD,-1.6,1.50",2.769,-0.0376,2.75,-0.142,1,0.964,0,NORMAL,29.113,-0.285,1,1,1,1,1,224.3,134,11,dijkstra,fallback_centerline,0.78411,0,,,,,,0,,,,354885,234980,5245
104,22.609426498413086,2026-03-06T12:44:40.494734,128.04,0.0,11.31,29.74,13.71,0.0,0.0,201.26,4.57,-1.556,-1.557,STRAIGHT,1.5,1.5,"CMD,-1.6,1.50",2.768,-0.0377,2.748,-0.143,1,0.9654,0,NORMAL,28.662,-0.282,1,1,1,1,1,224.1,127,13,dijkstra,fallback_centerline,0.79081,0,,,,,,0,,,,364507,237017,5020
105,22.82698917388916,2026-03-06T12:44:40.712296,119.34,0.0,8.54,28.41,16.06,0.0,1.23,193.08,4.56,-1.551,-1.556,STRAIGHT,1.5,1.5,"CMD,-1.6,1.50",2.774,-0.0374,2.754,-0.142,1,0.9693,0,NORMAL,28.534,-0.313,1,1,1,1,1,224.2,142,11,dijkstra,fallback_centerline,0.7918,0,,,,,,0,,,,365949,237178,5281
106,23.038739919662476,2026-03-06T12:44:40.924047,120.99,0.0,13.5,25.68,10.93,0.0,0.0,187.57,4.57,-1.547,-1.551,STRAIGHT,1.5,1.5,"CMD,-1.6,1.50",2.774,-0.0373,2.755,-0.142,1,0.9811,0,NORMAL,28.976,-0.263,1,1,1,1,1,224.1,123,11,dijkstra,fallback_centerline,0.7818,0,,,,,,0,,,,364407,234243,5060
107,23.234755277633667,2026-03-06T12:44:41.120062,120.15,0.0,8.83,15.82,12.15,0.0,0.5,179.79,4.58,-1.542,-1.547,STRAIGHT,1.5,1.5,"CMD,-1.5,1.50",2.777,-0.0372,2.757,-0.142,1,0.9829,0,NORMAL,29.225,-0.305,1,1,1,1,1,224.3,35,11,dijkstra,fallback_centerline,0.78715,0,,,,,,0,,,,368750,235781,4484
108,23.440097093582153,2026-03-06T12:44:41.325404,117.73,0.0,9.23,26.85,10.8,0.0,0.0,182.63,4.59,-1.522,-1.542,STRAIGHT,1.5,1.5,"CMD,-1.5,1.50",2.794,-0.036,2.775,-0.139,1,0.9803,0,NORMAL,30.408,-0.212,1,1,1,1,1,224.4,133,12,dijkstra,fallback_centerline,0.78659,0,,,,,,0,,,,371944,235527,5117
109,23.64982509613037,2026-03-06T12:44:41.535132,118.58,0.0,9.02,27.95,14.29,0.0,0.0,187.48,4.59,-1.497,-1.522,STRAIGHT,1.5,1.5,"CMD,-1.5,1.50",2.809,-0.0351,2.791,-0.137,1,0.9913,0,NORMAL,31.484,-0.193,1,1,1,1,1,224.3,114,12,dijkstra,fallback_centerline,0.7881,0,,,,,,0,,,,374375,235962,5016
110,23.854914665222168,2026-03-06T12:44:41.740222,121.95,0.0,11.32,16.02,14.15,0.0,0.0,183.99,4.59,-1.449,-1.497,STRAIGHT,1.5,1.5,"CMD,-1.5,1.50",2.873,-0.0328,2.856,-0.134,1,0.9854,0,NORMAL,32.449,-0.181,1,1,1,1,1,224.4,32,11,dijkstra,fallback_centerline,0.78694,0,,,,,,0,,,,375469,235663,4529
111,24.090014219284058,2026-03-06T12:44:41.975321,140.61,0.0,10.22,17.77,14.25,0.0,0.0,204.81,4.57,-1.387,-1.449,STRAIGHT,1.5,1.5,"CMD,-1.4,1.50",2.946,-0.0306,2.93,-0.132,1,0.9832,0,NORMAL,33.465,-0.11,1,1,1,1,1,224.4,35,11,dijkstra,fallback_centerline,0.79793,0,,,,,,0,,,,379630,239029,4479
112,24.31575083732605,2026-03-06T12:44:42.201058,124.56,0.0,11.87,28.86,12.31,0.0,0.0,198.3,4.56,-1.312,-1.387,STRAIGHT,1.5,1.5,"CMD,-1.4,1.50",3.119,-0.0281,3.106,-0.136,1,0.9854,0,NORMAL,35.481,0.02,1,1,1,1,1,224.4,139,12,dijkstra,fallback_centerline,0.80638,0,,,,,,0,,,,384848,241599,5084
113,24.526990175247192,2026-03-06T12:44:42.412297,125.43,0.0,9.8,21.38,11.34,0.0,0.0,188.59,4.57,-1.243,-1.312,STRAIGHT,1.5,1.5,"CMD,-1.3,1.50",3.166,-0.0268,3.153,-0.133,1,0.9764,0,NORMAL,37.666,0.182,1,1,1,1,1,224.4,72,11,dijkstra,fallback_centerline,0.81341,0,,,,,,0,,,,393514,243769,4766
114,24.732055187225342,2026-03-06T12:44:42.617362,121.35,0.0,10.17,18.88,14.28,0.0,0.0,184.67,4.57,-1.188,-1.243,STRAIGHT,1.5,1.5,"CMD,-1.2,1.50",3.218,-0.0261,3.206,-0.135,1,0.977,0,NORMAL,39.696,0.274,1,1,1,1,1,224.2,51,11,dijkstra,fallback_centerline,0.82333,0,,,,,,0,,,,399397,246547,4695
115,24.9490385055542,2026-03-06T12:44:42.834346,124.09,0.0,10.93,23.64,13.41,0.0,0.0,191.55,4.58,-1.14,-1.188,STRAIGHT,1.5,1.5,"CMD,-1.2,1.50",3.589,-0.0253,3.578,-0.162,1,0.9751,0,NORMAL,40.601,0.289,1,1,1,1,1,224.1,74,13,dijkstra,fallback_centerline,0.8269,0,,,,,,0,,,,405396,247658,4862
116,25.16465187072754,2026-03-06T12:44:43.049959,122.82,0.0,12.22,22.66,14.09,0.0,0.0,190.74,4.6,-1.108,-1.14,STRAIGHT,1.5,1.5,"CMD,-1.1,1.50",3.586,-0.0253,3.575,-0.162,1,0.9729,0,NORMAL,40.98,0.315,1,1,1,1,1,224.0,61,11,dijkstra,fallback_centerline,0.83415,0,,,,,,0,,,,415716,249944,5108
117,25.373920440673828,2026-03-06T12:44:43.259227,116.95,0.0,10.11,21.74,14.29,0.0,0.0,182.18,4.61,-1.092,-1.108,STRAIGHT,1.5,1.5,"CMD,-1.1,1.50",4.0,-0.0257,3.987,-0.205,1,0.978,0,NORMAL,42.068,0.283,1,1,1,1,1,224.4,52,11,dijkstra,fallback_centerline,0.83428,0,,,,,,0,,,,417601,250030,5044
118,25.585535764694214,2026-03-06T12:44:43.470843,119.35,0.0,9.62,19.83,15.92,0.0,0.0,185.62,4.62,-1.049,-1.092,STRAIGHT,1.5,1.5,"CMD,-1.1,1.50",4.0,-0.0234,3.988,-0.186,1,0.9823,0,NORMAL,43.325,0.285,1,1,1,1,1,224.3,65,11,dijkstra,fallback_centerline,0.83213,0,,,,,,0,,,,418270,249305,4789
119,25.79625368118286,2026-03-06T12:44:43.681561,118.89,0.0,9.59,23.53,14.61,0.0,0.0,184.93,4.63,-0.923,-1.049,STRAIGHT,1.5,1.5,"CMD,-1.0,1.50",4.0,-0.0163,3.993,-0.13,1,0.9847,0,NORMAL,44.687,0.321,1,1,1,1,1,225.0,76,12,dijkstra,fallback_centerline,0.84267,0,,,,,,0,,,,424342,252462,4933
120,26.095919132232666,2026-03-06T12:44:43.981226,119.69,0.0,10.73,117.48,9.14,0.0,0.0,272.9,4.57,-0.744,-0.923,STRAIGHT,1.5,1.5,"CMD,-0.9,1.50",4.0,-0.0093,3.998,-0.075,1,0.9821,0,NORMAL,46.314,0.294,1,1,1,1,1,225.0,111,12,dijkstra,fallback_centerline,0.83969,0,,,,,,0,,,,426373,251548,4915
121,26.316603660583496,2026-03-06T12:44:44.201911,122.31,0.0,10.41,21.76,14.57,0.0,0.0,187.64,4.57,-0.566,-0.744,STRAIGHT,1.5,1.5,"CMD,-0.7,1.50",4.0,-0.0051,3.999,-0.041,1,0.981,0,NORMAL,46.509,0.303,1,1,1,1,1,225.0,52,12,dijkstra,fallback_centerline,0.84535,0,,,,,,0,,,,434033,253205,5058
122,26.53455400466919,2026-03-06T12:44:44.419861,124.2,0.0,9.53,23.22,14.13,0.0,0.0,192.06,4.57,-0.412,-0.566,STRAIGHT,1.5,1.5,"CMD,-0.6,1.50",4.0,-0.0025,4.0,-0.02,1,0.9755,0,NORMAL,47.657,0.281,1,1,1,1,1,225.0,59,11,dijkstra,fallback_centerline,0.85502,0,,,,,,0,,,,444608,256164,5035
123,26.75171995162964,2026-03-06T12:44:44.637027,124.12,0.0,13.95,21.3,13.78,0.0,1.18,191.18,4.57,-0.272,-0.412,STRAIGHT,1.5,1.5,"CMD,-0.4,1.50",4.0,0.0002,4.0,0.002,1,0.9699,0,NORMAL,49.44,0.259,1,1,1,1,1,224.9,47,11,dijkstra,fallback_centerline,0.86099,0,,,,,,0,,,,457193,257897,4857
124,26.960721492767334,2026-03-06T12:44:44.846029,122.37,0.0,10.06,17.01,12.8,0.0,0.0,185.02,4.58,-0.225,-0.272,STRAIGHT,1.5,1.5,"CMD,-0.3,1.50",4.0,-0.0032,3.999,-0.025,1,0.8997,0,NORMAL,49.513,0.428,1,1,1,1,1,224.9,30,7,dijkstra,fallback_centerline,0.79492,0,,,,,,0,,,,417354,238288,3820
125,27.16588568687439,2026-03-06T12:44:45.051193,117.81,0.0,10.55,19.26,14.76,0.0,0.0,179.8,4.59,-0.144,-0.225,STRAIGHT,1.5,1.5,"CMD,-0.2,1.50",4.0,0.0004,4.0,0.003,1,0.8832,0,NORMAL,48.869,0.399,1,1,1,1,1,224.9,31,12,dijkstra,fallback_centerline,0.86178,0,,,,,,0,,,,472248,257988,4943
126,27.391374826431274,2026-03-06T12:44:45.276682,120.81,0.0,11.15,30.39,15.62,0.0,0.0,196.69,4.59,-0.096,-0.144,STRAIGHT,1.5,1.5,"CMD,-0.1,1.50",4.0,0.0,4.0,0.0,1,0.972,0,NORMAL,48.271,0.402,1,1,1,1,1,225.0,122,13,dijkstra,fallback_centerline,0.88153,0,,,,,,0,,,,485826,264039,5450
127,27.614140510559082,2026-03-06T12:44:45.499448,120.23,0.0,11.62,30.43,13.59,0.0,0.0,194.74,4.59,-0.067,-0.096,STRAIGHT,1.5,1.5,"CMD,-0.1,1.50",4.0,-0.0003,4.0,-0.002,1,0.9862,0,NORMAL,48.465,0.394,1,1,1,1,1,225.0,113,11,dijkstra,fallback_centerline,0.87994,0,,,,,,0,,,,489981,263540,5251
128,27.82569408416748,2026-03-06T12:44:45.711001,120.06,0.0,11.49,20.18,14.72,0.0,0.0,184.47,4.59,-0.048,-0.067,STRAIGHT,1.5,1.5,"CMD,-0.1,1.50",4.0,-0.0002,4.0,-0.002,1,0.9869,0,NORMAL,48.725,0.388,1,1,1,1,1,225.0,39,12,dijkstra,fallback_centerline,0.88339,0,,,,,,0,,,,495823,264514,5352
129,28.03791046142578,2026-03-06T12:44:45.923217,118.91,0.0,10.66,19.97,16.55,0.0,0.0,183.89,4.59,-0.035,-0.048,STRAIGHT,1.5,1.5,"CMD,-0.0,1.50",4.0,-0.0002,4.0,-0.002,1,0.9874,0,NORMAL,49.388,0.401,1,1,1,1,1,225.0,31,11,dijkstra,fallback_centerline,0.88795,0,,,,,,0,,,,501451,265791,5046
130,28.25000762939453,2026-03-06T12:44:46.135315,119.16,0.0,13.24,18.44,14.13,0.0,0.0,183.84,4.6,-0.025,-0.035,STRAIGHT,1.5,1.5,"CMD,-0.0,1.50",4.0,-0.0001,4.0,-0.001,1,0.9491,0,NORMAL,49.61,0.372,1,1,1,1,1,225.0,25,10,dijkstra,fallback_centerline,0.87587,0,,,,,,0,,,,483801,262159,5156
131,28.46314787864685,2026-03-06T12:44:46.348455,121.5,0.0,10.16,19.7,13.72,0.0,1.04,185.65,4.61,-0.013,-0.025,STRAIGHT,1.5,1.5,"CMD,-0.0,1.50",4.0,0.0003,4.0,0.002,1,0.9602,0,NORMAL,49.616,0.352,1,1,1,1,1,225.0,32,11,dijkstra,fallback_centerline,0.8725,0,,,,,,0,,,,501150,261149,5042
132,28.674952030181885,2026-03-06T12:44:46.560259,119.42,0.0,11.22,20.68,13.5,0.0,1.16,184.22,4.61,-0.005,-0.013,STRAIGHT,1.5,1.5,"CMD,-0.0,1.50",4.0,0.0003,4.0,0.002,1,0.9912,0,NORMAL,51.063,0.356,1,1,1,1,1,225.0,30,11,dijkstra,fallback_centerline,0.88686,0,,,,,,0,,,,505524,265479,5155
133,28.8810772895813,2026-03-06T12:44:46.766384,116.92,0.0,9.58,20.82,13.24,0.0,1.01,178.0,4.62,-0.003,-0.005,STRAIGHT,1.5,1.5,"CMD,-0.0,1.50",4.0,0.0,4.0,0.0,1,0.9949,0,NORMAL,51.385,0.372,1,1,1,1,1,225.0,29,11,dijkstra,fallback_centerline,0.88068,0,,,,,,0,,,,503015,263652,5022
134,29.08825922012329,2026-03-06T12:44:46.973566,116.76,0.0,11.33,17.97,15.2,0.0,1.0,180.61,4.63,0.003,-0.003,STRAIGHT,1.5,1.5,"CMD,-0.0,1.50",4.0,0.0004,4.0,0.003,1,0.9934,0,NORMAL,52.622,0.34,1,1,1,1,1,225.0,29,11,dijkstra,fallback_centerline,0.87267,0,,,,,,0,,,,499741,261163,5107
135,29.303980112075806,2026-03-06T12:44:47.189287,121.93,0.0,11.52,21.86,14.55,0.0,0.0,188.45,4.63,0.007,0.003,STRAIGHT,1.5,1.5,"CMD,0.0,1.50",4.0,0.0003,4.0,0.003,1,0.9893,0,NORMAL,53.137,0.381,1,1,1,1,1,225.0,29,11,dijkstra,fallback_centerline,0.88715,0,,,,,,0,,,,505073,265632,5157
136,29.516536951065063,2026-03-06T12:44:47.401844,120.05,0.0,12.17,20.54,13.89,0.0,0.0,184.48,4.62,0.008,0.007,STRAIGHT,1.5,1.5,"CMD,0.0,1.50",4.0,0.0003,4.0,0.002,1,0.9975,0,NORMAL,53.67,0.395,1,1,1,1,1,225.0,28,11,dijkstra,fallback_centerline,0.88506,0,,,,,,0,,,,505011,264892,5164
137,29.724875688552856,2026-03-06T12:44:47.610183,117.59,0.0,10.77,20.6,13.78,0.0,0.0,180.37,4.61,0.011,0.008,STRAIGHT,1.5,1.5,"CMD,0.0,1.50",4.0,0.0004,4.0,0.003,1,0.9983,0,NORMAL,54.217,0.429,1,1,1,1,1,225.0,31,11,dijkstra,fallback_centerline,0.88684,0,,,,,,0,,,,504888,265420,5042
138,29.93760371208191,2026-03-06T12:44:47.822911,119.44,0.0,11.44,20.47,13.91,0.0,1.02,185.37,4.61,0.01,0.01,STRAIGHT,1.5,1.5,"CMD,0.0,1.50",4.0,0.0002,4.0,0.002,1,0.9943,0,NORMAL,54.412,0.454,1,1,1,1,1,225.0,32,11,dijkstra,fallback_centerline,0.892,0,,,,,,0,,,,507791,267068,5200
139,30.157426595687866,2026-03-06T12:44:48.042734,120.31,0.0,11.02,29.15,13.41,0.0,0.0,191.83,4.6,0.012,0.011,STRAIGHT,1.5,1.5,"CMD,0.0,1.50",4.0,0.0004,4.0,0.003,1,0.994,0,NORMAL,55.408,0.435,1,1,1,1,1,225.0,95,12,dijkstra,fallback_centerline,0.88273,0,,,,,,0,,,,505290,264246,5373
140,30.373625993728638,2026-03-06T12:44:48.258933,122.65,0.0,11.84,20.61,11.1,0.0,4.31,188.36,4.62,0.012,0.012,STRAIGHT,1.5,1.5,"CMD,0.0,1.50",4.0,0.0003,4.0,0.002,1,0.9975,0,NORMAL,55.122,0.465,1,1,1,1,1,225.0,41,13,dijkstra,fallback_centerline,0.88411,0,,,,,,0,,,,505565,264660,5191
141,30.589229583740234,2026-03-06T12:44:48.474537,120.34,0.0,13.21,20.99,14.28,0.0,0.0,187.3,4.62,0.013,0.012,STRAIGHT,1.5,1.5,"CMD,0.0,1.50",4.0,0.0004,4.0,0.003,1,0.9974,0,NORMAL,54.929,0.461,1,1,1,1,1,225.0,30,11,dijkstra,fallback_centerline,0.88653,0,,,,,,0,,,,506866,265352,5193
142,30.798624277114868,2026-03-06T12:44:48.683931,115.8,0.0,11.68,19.44,13.54,0.0,1.0,180.34,4.62,0.015,0.013,STRAIGHT,1.5,1.5,"CMD,0.0,1.50",4.0,0.0004,4.0,0.003,1,0.9971,0,NORMAL,55.872,0.47,1,1,1,1,1,225.0,30,11,dijkstra,fallback_centerline,0.88579,0,,,,,,0,,,,505571,265133,5188
143,31.011424779891968,2026-03-06T12:44:48.896732,122.89,0.0,10.07,21.99,13.68,0.0,0.0,185.14,4.62,0.018,0.015,STRAIGHT,1.5,1.5,"CMD,0.0,1.50",4.0,0.0006,4.0,0.005,1,0.9973,0,NORMAL,56.263,0.496,1,1,1,1,1,225.0,31,11,dijkstra,fallback_centerline,0.88667,0,,,,,,0,,,,506555,265451,5198
144,31.22592806816101,2026-03-06T12:44:49.111235,119.95,0.0,13.62,19.54,14.05,0.0,1.01,185.95,4.62,0.021,0.018,STRAIGHT,1.5,1.5,"CMD,0.0,1.50",4.0,0.0006,4.0,0.005,1,0.9945,0,NORMAL,56.758,0.465,1,1,1,1,1,225.0,31,11,dijkstra,fallback_centerline,0.88849,0,,,,,,0,,,,505177,265937,5195
145,31.442770957946777,2026-03-06T12:44:49.328078,124.29,0.0,11.45,20.61,14.52,0.0,0.0,188.8,4.62,0.023,0.021,STRAIGHT,1.5,1.5,"CMD,0.0,1.50",4.0,0.0007,4.0,0.005,1,0.9941,0,NORMAL,56.375,0.487,1,1,1,1,1,225.0,43,11,dijkstra,fallback_centerline,0.89207,0,,,,,,0,,,,508158,266957,5195
146,31.65478491783142,2026-03-06T12:44:49.540092,119.7,0.0,10.25,19.56,14.12,0.0,0.0,187.0,4.62,0.025,0.023,STRAIGHT,1.5,1.5,"CMD,0.0,1.50",4.0,0.0007,4.0,0.005,1,0.9976,0,NORMAL,56.559,0.398,1,1,1,1,1,225.0,26,10,dijkstra,fallback_centerline,0.89114,0,,,,,,0,,,,507018,266658,5127
147,31.86607575416565,2026-03-06T12:44:49.751383,120.94,0.0,11.2,19.69,11.05,0.0,1.13,183.63,4.62,0.026,0.025,STRAIGHT,1.5,1.5,"CMD,0.0,1.50",4.0,0.0007,4.0,0.006,1,0.9978,0,NORMAL,56.336,0.354,1,1,1,1,1,225.0,35,12,dijkstra,fallback_centerline,0.88853,0,,,,,,0,,,,506015,265926,5472
148,32.07811498641968,2026-03-06T12:44:49.963422,120.34,0.0,11.02,20.65,14.39,0.0,0.0,185.08,4.62,0.026,0.026,STRAIGHT,1.5,1.5,"CMD,0.0,1.50",4.0,0.0006,4.0,0.005,1,0.9937,0,NORMAL,56.3,0.465,1,1,1,1,1,225.0,32,11,dijkstra,fallback_centerline,0.89597,0,,,,,,0,,,,509245,268110,5283
149,32.291033029556274,2026-03-06T12:44:50.176340,118.73,0.0,10.78,20.16,13.79,0.0,0.0,182.05,4.68,0.027,0.026,STRAIGHT,1.5,1.5,"CMD,0.0,1.50",4.0,0.0007,4.0,0.006,1,0.9972,0,NORMAL,57.938,0.44,1,1,1,1,1,225.0,32,11,dijkstra,fallback_centerline,0.89535,0,,,,,,0,,,,508470,267910,5260
150,32.506898641586304,2026-03-06T12:44:50.392206,120.12,0.0,12.0,21.18,13.49,0.0,1.0,187.23,4.68,0.028,0.027,STRAIGHT,1.5,1.5,"CMD,0.0,1.50",4.0,0.0007,4.0,0.006,1,0.9981,0,NORMAL,57.582,0.472,1,1,1,1,1,225.0,31,11,dijkstra,fallback_centerline,0.8937,0,,,,,,0,,,,508184,267511,5162
151,32.71567916870117,2026-03-06T12:44:50.600986,119.76,0.0,11.16,20.12,14.42,0.0,0.0,184.37,4.69,0.027,0.027,STRAIGHT,1.5,1.5,"CMD,0.0,1.50",4.0,0.0006,4.0,0.005,1,0.993,0,NORMAL,55.614,0.549,1,1,1,1,1,225.0,26,11,dijkstra,fallback_centerline,0.90095,0,,,,,,0,,,,511670,269558,5463
152,32.92693543434143,2026-03-06T12:44:50.812243,118.52,0.0,11.21,20.5,14.17,0.0,0.0,182.26,4.7,0.027,0.027,STRAIGHT,1.5,1.5,"CMD,0.0,1.50",4.0,0.0007,4.0,0.005,1,0.9947,0,NORMAL,51.762,0.516,1,1,1,1,1,225.0,28,10,dijkstra,fallback_centerline,0.89469,0,,,,,,0,,,,509107,267784,5145
153,33.137868881225586,2026-03-06T12:44:51.023176,121.73,0.0,10.27,20.19,13.83,0.0,0.0,183.16,4.69,0.027,0.027,STRAIGHT,1.5,1.5,"CMD,0.0,1.50",4.0,0.0006,4.0,0.005,1,0.9952,0,NORMAL,49.495,0.576,1,1,1,1,1,225.0,31,11,dijkstra,fallback_centerline,0.9001,0,,,,,,0,,,,511534,269326,5210
154,33.34868335723877,2026-03-06T12:44:51.233990,118.08,0.0,10.01,20.72,14.1,0.0,0.0,182.44,4.69,0.029,0.027,STRAIGHT,1.5,1.5,"CMD,0.0,1.50",4.0,0.0008,4.0,0.007,1,0.9949,0,NORMAL,48.939,0.585,1,1,1,1,1,225.0,30,11,dijkstra,fallback_centerline,0.89072,0,,,,,,0,,,,510332,266552,5174
155,33.56252670288086,2026-03-06T12:44:51.447834,121.13,0.0,11.55,18.73,15.24,0.0,0.0,186.79,4.7,0.039,0.029,STRAIGHT,1.5,1.5,"CMD,0.0,1.50",4.0,0.0014,4.0,0.011,1,0.9943,0,NORMAL,48.571,0.588,1,1,1,1,1,224.9,27,11,dijkstra,fallback_centerline,0.88529,0,,,,,,0,,,,508274,265033,5370
156,33.773680448532104,2026-03-06T12:44:51.658988,119.28,0.0,9.69,19.03,13.98,0.0,0.0,182.51,4.71,0.047,0.039,STRAIGHT,1.5,1.5,"CMD,0.0,1.50",4.0,0.0016,4.0,0.012,1,0.9945,0,NORMAL,48.259,0.557,1,1,1,1,1,224.9,30,11,dijkstra,fallback_centerline,0.88004,0,,,,,,0,,,,506127,263295,5665
157,33.99091053009033,2026-03-06T12:44:51.876218,125.68,0.0,11.07,19.3,13.85,0.0,0.0,188.37,4.7,0.061,0.047,STRAIGHT,1.5,1.5,"CMD,0.0,1.50",4.0,0.0021,3.999,0.017,1,0.995,0,NORMAL,47.597,0.538,1,1,1,1,1,224.9,27,11,dijkstra,fallback_centerline,0.87568,0,,,,,,0,,,,504237,262090,5364
158,34.198406457901,2026-03-06T12:44:52.083714,116.97,0.0,10.63,18.54,13.54,0.0,1.0,180.57,4.71,0.082,0.061,STRAIGHT,1.5,1.5,"CMD,0.1,1.50",4.0,0.003,3.999,0.024,1,0.9922,0,NORMAL,47.482,0.422,1,1,1,1,1,224.9,32,11,dijkstra,fallback_centerline,0.86705,0,,,,,,0,,,,500746,259437,5274
159,34.41013550758362,2026-03-06T12:44:52.295443,120.85,0.0,11.34,20.84,13.5,0.0,1.02,184.29,4.71,0.118,0.082,STRAIGHT,1.5,1.5,"CMD,0.1,1.50",4.0,0.0047,3.997,0.037,1,0.9943,0,NORMAL,47.199,0.368,1,1,1,1,1,224.9,36,12,dijkstra,fallback_centerline,0.85822,0,,,,,,0,,,,498084,256880,5434
160,34.62453818321228,2026-03-06T12:44:52.509845,122.75,0.0,10.69,19.55,13.92,0.0,0.0,187.05,4.71,0.146,0.118,STRAIGHT,1.5,1.5,"CMD,0.1,1.50",4.0,0.0049,3.997,0.039,1,0.9963,0,NORMAL,47.149,0.362,1,1,1,1,1,224.9,32,11,dijkstra,fallback_centerline,0.85496,0,,,,,,0,,,,497150,255872,5119
161,34.82905960083008,2026-03-06T12:44:52.714367,118.31,0.0,9.58,18.47,13.67,0.0,0.0,177.02,4.71,0.178,0.146,STRAIGHT,1.5,1.5,"CMD,0.1,1.50",4.0,0.0059,3.995,0.047,1,0.9952,0,NORMAL,47.946,0.391,1,1,1,1,1,224.8,33,11,dijkstra,fallback_centerline,0.8506,0,,,,,,0,,,,494985,254654,5135
162,35.041420459747314,2026-03-06T12:44:52.926727,123.03,0.0,10.28,19.18,14.11,0.0,0.0,184.19,4.71,0.187,0.178,STRAIGHT,1.5,1.5,"CMD,0.2,1.50",3.809,0.005,3.804,0.036,1,0.994,0,NORMAL,49.255,0.384,1,1,1,1,1,224.8,31,11,dijkstra,fallback_centerline,0.84182,0,,,,,,0,,,,492248,251927,5065
163,35.25224733352661,2026-03-06T12:44:53.137555,123.27,0.0,10.63,18.04,11.7,0.0,0.0,184.72,4.7,0.187,0.187,STRAIGHT,1.5,1.5,"CMD,0.2,1.50",3.698,0.0046,3.692,0.031,1,0.9924,0,NORMAL,50.201,0.379,1,1,1,1,1,224.7,38,12,dijkstra,fallback_centerline,0.83488,0,,,,,,0,,,,489328,249789,5075
164,35.46404266357422,2026-03-06T12:44:53.349350,122.72,0.0,10.49,18.59,13.49,0.0,0.0,183.26,4.71,0.202,0.187,STRAIGHT,1.5,1.5,"CMD,0.2,1.50",3.692,0.0056,3.685,0.038,1,0.9945,0,NORMAL,50.28,0.347,1,1,1,1,1,224.5,39,12,dijkstra,fallback_centerline,0.82651,0,,,,,,0,,,,486901,247281,5052
165,35.67473077774048,2026-03-06T12:44:53.560038,120.21,0.0,11.69,18.74,14.11,0.0,0.0,184.18,4.71,0.25,0.202,STRAIGHT,1.5,1.5,"CMD,0.2,1.50",3.762,0.0084,3.754,0.059,1,0.9885,0,NORMAL,50.024,0.327,1,1,1,1,1,224.7,33,11,dijkstra,fallback_centerline,0.81339,0,,,,,,0,,,,481649,243311,5005
166,35.88477039337158,2026-03-06T12:44:53.770077,120.17,0.0,10.61,15.32,16.92,0.0,0.0,182.82,4.71,0.346,0.25,STRAIGHT,1.5,1.5,"CMD,0.2,1.50",3.891,0.0131,3.88,0.099,1,0.9946,0,NORMAL,50.124,0.32,1,1,1,1,1,224.0,36,12,dijkstra,fallback_centerline,0.81095,0,,,,,,0,,,,481266,242604,5293
167,36.08784556388855,2026-03-06T12:44:53.973152,119.09,0.0,9.98,15.8,14.1,0.0,0.0,176.39,4.72,0.467,0.346,STRAIGHT,1.5,1.5,"CMD,0.3,1.50",4.0,0.0172,3.986,0.137,1,0.9901,0,NORMAL,50.032,0.293,1,1,1,1,1,223.8,26,11,dijkstra,fallback_centerline,0.80138,0,,,,,,0,,,,476644,239765,4988
168,36.29675889015198,2026-03-06T12:44:54.182066,120.71,0.0,9.85,17.84,14.44,0.0,0.0,181.86,4.72,0.558,0.467,STRAIGHT,1.5,1.5,"CMD,0.5,1.50",4.0,0.0179,3.986,0.143,1,0.9941,0,NORMAL,50.007,0.292,1,1,1,1,1,223.9,31,12,dijkstra,fallback_centerline,0.80052,0,,,,,,0,,,,474805,239479,5007
169,36.5032434463501,2026-03-06T12:44:54.388551,118.91,0.0,9.33,21.01,6.98,0.0,7.28,179.15,4.73,0.633,0.558,STRAIGHT,1.5,1.5,"CMD,0.6,1.50",4.0,0.019,3.986,0.151,1,0.9949,0,NORMAL,50.153,0.354,1,1,1,1,1,223.8,31,12,dijkstra,fallback_centerline,0.79736,0,,,,,,0,,,,473578,238609,5154
170,36.71760320663452,2026-03-06T12:44:54.602910,121.6,0.0,14.51,18.44,13.53,0.0,1.03,187.63,4.73,0.704,0.633,STRAIGHT,1.5,1.5,"CMD,0.6,1.50",4.0,0.0205,3.987,0.163,1,0.9883,0,NORMAL,50.009,0.31,1,1,1,1,1,223.0,31,12,dijkstra,fallback_centerline,0.78583,0,,,,,,0,,,,468294,235045,4923
171,36.927037477493286,2026-03-06T12:44:54.812345,120.8,0.0,10.29,16.15,14.66,0.0,0.0,180.58,4.73,0.767,0.704,STRAIGHT,1.5,1.5,"CMD,0.7,1.50",4.0,0.0217,3.987,0.172,1,0.983,0,NORMAL,50.023,0.249,1,1,1,1,1,223.5,27,11,dijkstra,fallback_centerline,0.77174,0,,,,,,0,,,,460553,230914,4991
172,37.13347768783569,2026-03-06T12:44:55.018785,117.65,0.0,12.61,17.3,13.18,0.0,1.41,181.31,4.74,0.829,0.767,STRAIGHT,1.5,1.5,"CMD,0.8,1.50",4.0,0.0231,3.987,0.184,1,0.9884,0,NORMAL,50.107,0.218,1,1,1,1,1,223.6,27,11,dijkstra,fallback_centerline,0.7632,0,,,,,,0,,,,455794,228181,4804
173,37.33989405632019,2026-03-06T12:44:55.225201,122.51,0.0,10.6,15.89,14.29,0.0,0.0,180.66,4.74,0.892,0.829,STRAIGHT,1.5,1.5,"CMD,0.8,1.50",4.0,0.0246,3.986,0.196,1,0.9881,0,NORMAL,50.229,0.173,1,1,1,1,1,223.3,27,11,dijkstra,fallback_centerline,0.75056,0,,,,,,0,,,,450822,224446,4853
174,37.54672861099243,2026-03-06T12:44:55.432036,122.04,0.0,10.07,16.09,13.37,0.0,0.0,180.68,4.75,0.95,0.892,STRAIGHT,1.5,1.5,"CMD,0.9,1.50",4.0,0.0258,3.986,0.206,1,0.9923,0,NORMAL,50.335,0.174,1,1,1,1,1,223.1,31,12,dijkstra,fallback_centerline,0.74636,0,,,,,,0,,,,447976,223283,4809
175,37.75579905509949,2026-03-06T12:44:55.641106,123.1,0.0,10.08,16.25,14.21,0.0,0.0,186.49,4.75,0.985,0.95,STRAIGHT,1.5,1.5,"CMD,0.9,1.50",3.904,0.0255,3.89,0.194,1,0.9913,0,NORMAL,50.575,0.116,1,1,1,1,1,222.2,27,11,dijkstra,fallback_centerline,0.74134,0,,,,,,0,,,,444628,221693,4797
176,37.962050914764404,2026-03-06T12:44:55.847358,120.9,0.0,9.61,15.53,14.81,0.0,0.0,179.81,4.76,0.996,0.985,STRAIGHT,1.5,1.5,"CMD,1.0,1.50",3.659,0.0247,3.648,0.165,1,0.9862,0,NORMAL,50.846,0.069,1,1,1,1,1,223.4,31,12,dijkstra,fallback_centerline,0.73097,0,,,,,,0,,,,438832,218560,4664
177,38.168102979660034,2026-03-06T12:44:56.053410,122.88,0.0,10.31,15.74,14.12,0.0,0.0,180.69,4.76,1.002,0.996,STRAIGHT,1.5,1.5,"CMD,1.0,1.50",3.504,0.0246,3.493,0.15,1,0.9862,0,NORMAL,51.318,0.01,1,1,1,1,1,223.0,34,10,dijkstra,fallback_centerline,0.72388,0,,,,,,0,,,,433453,216615,4611
178,38.36858892440796,2026-03-06T12:44:56.253896,117.23,0.0,10.35,15.03,13.56,0.0,1.01,174.37,4.77,1.031,1.002,STRAIGHT,1.5,1.5,"CMD,1.0,1.50",3.159,0.0264,3.146,0.131,1,0.9798,0,NORMAL,51.574,-0.003,1,1,1,1,1,221.8,31,11,dijkstra,fallback_centerline,0.71184,0,,,,,,0,,,,424976,212787,4768
179,38.56932020187378,2026-03-06T12:44:56.454627,119.37,0.0,10.91,15.16,11.15,0.0,0.0,175.49,4.78,1.054,1.031,STRAIGHT,1.5,1.5,"CMD,1.0,1.50",3.126,0.0267,3.113,0.129,1,0.9921,0,NORMAL,51.74,0.015,1,1,1,1,1,222.2,42,12,dijkstra,fallback_centerline,0.70742,0,,,,,,0,,,,422621,211451,4646
180,38.78406643867493,2026-03-06T12:44:56.669373,124.16,0.0,10.29,16.6,13.75,0.0,0.0,184.78,4.78,1.076,1.054,STRAIGHT,1.5,1.5,"CMD,1.1,1.50",3.085,0.0272,3.072,0.128,1,0.9921,0,NORMAL,52.045,0.01,1,1,1,1,1,222.2,43,12,dijkstra,fallback_centerline,0.70335,0,,,,,,0,,,,419904,210312,4451
181,38.99269366264343,2026-03-06T12:44:56.878001,122.23,0.0,9.51,16.05,13.68,0.0,0.0,182.11,4.78,1.104,1.076,STRAIGHT,1.5,1.5,"CMD,1.1,1.50",3.019,0.0281,3.004,0.127,1,0.9837,0,NORMAL,52.843,-0.062,1,1,1,1,1,222.9,39,12,dijkstra,fallback_centerline,0.69207,0,,,,,,0,,,,413363,207001,4316
182,39.1957049369812,2026-03-06T12:44:57.081012,120.68,0.0,10.04,14.4,14.44,0.0,0.0,177.74,4.79,1.127,1.104,STRAIGHT,1.5,1.5,"CMD,1.1,1.50",3.0,0.0284,2.986,0.127,1,0.9882,0,NORMAL,53.169,-0.121,1,1,1,1,1,223.2,36,11,dijkstra,fallback_centerline,0.68961,0,,,,,,0,,,,410226,206171,4758
183,39.40296983718872,2026-03-06T12:44:57.288277,121.55,0.0,10.81,15.17,14.08,0.0,0.0,181.18,4.79,1.148,1.127,STRAIGHT,1.5,1.5,"CMD,1.1,1.50",2.975,0.0289,2.959,0.127,1,0.9912,0,NORMAL,53.095,-0.052,1,1,1,1,1,222.7,36,10,dijkstra,fallback_centerline,0.68787,0,,,,,,0,,,,408345,205639,4587
184,39.6055371761322,2026-03-06T12:44:57.490844,118.37,0.0,7.05,16.89,14.75,0.0,0.0,177.97,4.8,1.17,1.148,STRAIGHT,1.5,1.5,"CMD,1.1,1.50",2.948,0.0294,2.932,0.127,1,0.9866,0,NORMAL,53.155,-0.034,1,1,1,1,1,222.5,43,10,dijkstra,fallback_centerline,0.68196,0,,,,,,0,,,,403909,203831,4281
185,39.81073522567749,2026-03-06T12:44:57.696042,121.12,0.0,9.42,16.44,14.28,0.0,0.0,180.08,4.8,1.205,1.17,STRAIGHT,1.5,1.5,"CMD,1.2,1.50",2.889,0.0309,2.872,0.128,1,0.9776,0,NORMAL,54.056,-0.09,1,1,1,1,1,222.9,42,11,dijkstra,fallback_centerline,0.67638,0,,,,,,0,,,,396479,202224,4618
186,40.01469421386719,2026-03-06T12:44:57.900001,120.36,0.0,10.61,18.06,14.59,0.0,0.0,180.69,4.81,1.24,1.205,STRAIGHT,1.5,1.5,"CMD,1.2,1.50",2.864,0.0318,2.846,0.129,1,0.9819,0,NORMAL,54.6,-0.124,1,1,1,1,1,223.0,59,11,dijkstra,fallback_centerline,0.66868,0,,,,,,0,,,,390114,199923,4427
187,40.21582078933716,2026-03-06T12:44:58.101128,112.51,0.0,12.33,17.13,14.5,0.0,0.0,175.84,4.82,1.281,1.24,STRAIGHT,1.5,1.5,"CMD,1.2,1.50",2.83,0.033,2.812,0.131,1,0.9816,0,NORMAL,54.736,-0.167,1,1,1,1,1,223.1,55,11,dijkstra,fallback_centerline,0.66114,0,,,,,,0,,,,383709,197686,4263
188,40.41991853713989,2026-03-06T12:44:58.305226,118.17,0.0,10.27,17.12,14.55,0.0,0.0,179.21,4.83,1.321,1.281,STRAIGHT,1.5,1.5,"CMD,1.3,1.50",2.811,0.034,2.793,0.133,1,0.9811,0,NORMAL,55.202,-0.189,1,1,1,1,1,223.2,59,11,dijkstra,fallback_centerline,0.65409,0,,,,,,0,,,,376966,195560,4270
189,40.61946892738342,2026-03-06T12:44:58.504776,114.74,0.0,10.37,18.54,12.75,0.0,0.0,174.28,4.84,1.371,1.321,STRAIGHT,1.5,1.5,"CMD,1.3,1.50",2.783,0.0357,2.764,0.137,1,0.9749,0,NORMAL,55.919,-0.114,1,1,1,1,1,222.9,57,11,dijkstra,fallback_centerline,0.64469,0,,,,,,0,,,,368263,192622,4144
190,40.82553052902222,2026-03-06T12:44:58.710838,113.69,0.0,15.07,19.37,14.36,0.0,0.0,180.55,4.84,1.445,1.371,STRAIGHT,1.5,1.5,"CMD,1.4,1.50",2.754,0.0387,2.734,0.145,1,0.9693,0,NORMAL,56.324,-0.129,1,1,1,1,1,222.5,65,12,dijkstra,fallback_centerline,0.63056,0,,,,,,0,,,,357325,188526,4149
191,41.02945828437805,2026-03-06T12:44:58.914765,117.16,0.0,10.2,18.08,13.34,0.0,1.0,178.85,4.84,1.485,1.445,STRAIGHT,1.5,1.5,"CMD,1.4,1.50",2.761,0.0379,2.741,0.143,1,0.9804,0,NORMAL,56.436,-0.075,1,1,1,1,1,223.7,67,11,dijkstra,fallback_centerline,0.62961,0,,,,,,0,,,,352704,188142,4374
192,41.22765016555786,2026-03-06T12:44:59.112957,114.98,0.0,10.28,17.69,15.12,0.0,0.0,174.64,4.85,1.542,1.485,STRAIGHT,1.5,1.5,"CMD,1.5,1.50",2.745,0.0402,2.725,0.149,1,0.9626,0,NORMAL,56.425,-0.009,1,1,1,1,1,223.2,65,12,dijkstra,fallback_centerline,0.61667,0,,,,,,0,,,,340336,184204,4158
193,41.431400299072266,2026-03-06T12:44:59.316707,119.31,0.0,8.87,17.99,14.44,0.0,0.0,180.03,4.86,1.603,1.542,STRAIGHT,1.5,1.5,"CMD,1.5,1.50",2.745,0.0418,2.724,0.156,1,0.9679,0,NORMAL,56.164,0.037,1,1,1,1,1,223.2,65,12,dijkstra,fallback_centerline,0.60341,0,,,,,,0,,,,329868,180337,4101
194,41.638972759246826,2026-03-06T12:44:59.524280,123.74,0.0,10.34,18.3,14.05,0.0,0.0,184.47,4.86,1.642,1.603,STRAIGHT,1.5,1.5,"CMD,1.6,1.50",2.745,0.0417,2.724,0.155,1,0.9772,0,NORMAL,55.665,0.124,1,1,1,1,1,223.1,74,12,dijkstra,fallback_centerline,0.60785,0,,,,,,0,,,,328194,181662,4165
195,41.845192193984985,2026-03-06T12:44:59.730499,118.89,0.0,9.75,21.77,13.26,0.0,1.43,182.21,4.87,1.637,1.637,STRAIGHT,1.5,1.5,"CMD,1.6,1.50",2.758,0.0395,2.738,0.148,1,0.9546,0,NORMAL,54.695,0.192,1,1,1,1,1,223.9,86,9,dijkstra,fallback_centerline,0.60184,0,,,,,,0,,,,317177,179765,3990
196,42.04904580116272,2026-03-06T12:44:59.934353,116.29,0.0,9.05,21.3,13.5,0.0,0.0,181.21,4.86,1.619,1.637,STRAIGHT,1.5,1.5,"CMD,1.6,1.50",2.763,0.0383,2.743,0.145,1,0.9378,0,NORMAL,54.838,0.2,1,1,1,1,1,223.7,92,8,dijkstra,fallback_centerline,0.58438,0,,,,,,0,,,,298384,174520,3888
197,42.25459885597229,2026-03-06T12:45:00.139906,118.94,0.0,10.2,19.41,14.13,0.0,0.5,186.75,4.87,1.594,1.619,STRAIGHT,1.5,1.5,"CMD,1.6,1.50",2.768,0.0374,2.749,0.142,1,0.8831,0,NORMAL,54.822,0.25,1,1,1,1,1,223.9,85,9,dijkstra,fallback_centerline,0.57455,0,,,,,,0,,,,268431,171713,3708
198,42.455414056777954,2026-03-06T12:45:00.340721,115.81,0.0,9.44,20.24,14.12,0.0,0.0,178.49,4.87,1.573,1.594,STRAIGHT,1.5,1.5,"CMD,1.6,1.50",2.769,0.0371,2.749,0.141,1,0.9323,0,NORMAL,54.843,0.249,1,1,1,1,1,223.8,92,10,dijkstra,fallback_centerline,0.57357,0,,,,,,0,,,,263186,171534,3807
199,42.65687537193298,2026-03-06T12:45:00.542182,116.24,0.0,9.74,19.9,13.3,0.0,1.24,178.48,4.88,1.566,1.573,STRAIGHT,1.5,1.5,"CMD,1.6,1.50",2.762,0.0376,2.742,0.142,1,0.8975,0,NORMAL,55.257,0.222,1,1,1,1,1,223.2,74,9,dijkstra,fallback_centerline,0.57244,0,,,,,,0,,,,277353,171139,3600
200,42.85840082168579,2026-03-06T12:45:00.743708,119.09,0.0,9.84,17.6,13.84,0.0,0.0,179.49,4.89,1.577,1.573,STRAIGHT,1.5,1.5,"CMD,1.6,1.50",2.753,0.0388,2.733,0.145,1,0.8274,0,NORMAL,54.902,0.212,1,1,1,1,1,223.3,79,7,dijkstra,fallback_centerline,0.54128,0,,,,,,0,,,,231540,161753,2818
201,43.05889129638672,2026-03-06T12:45:00.944199,119.95,0.0,10.22,16.36,13.27,0.0,1.0,179.03,4.89,1.595,1.577,STRAIGHT,1.5,1.5,"CMD,1.6,1.50",2.75,0.0395,2.73,0.148,1,0.9034,0,NORMAL,50.824,0.137,1,1,1,1,1,223.6,56,5,dijkstra,fallback_centerline,0.52457,0,,,,,,0,,,,210331,156834,2557
202,43.252480030059814,2026-03-06T12:45:01.137787,116.92,0.0,9.19,14.54,13.58,0.0,0.0,171.44,4.9,1.616,1.595,STRAIGHT,1.5,1.5,"CMD,1.6,1.50",2.745,0.0402,2.725,0.15,1,0.9642,0,NORMAL,50.204,0.1,1,1,1,1,1,223.8,52,5,dijkstra,fallback_centerline,0.50709,0,,,,,,0,,,,203856,151642,2344
203,43.44892430305481,2026-03-06T12:45:01.334231,120.19,0.0,9.47,13.54,12.95,0.0,0.0,174.07,4.91,1.634,1.616,STRAIGHT,1.5,1.5,"CMD,1.6,1.50",2.744,0.0405,2.724,0.151,1,0.9667,0,NORMAL,50.282,0.073,1,1,1,1,1,224.1,39,5,dijkstra,fallback_centerline,0.50725,0,,,,,,0,,,,201400,151633,2340
204,43.64195895195007,2026-03-06T12:45:01.527266,117.17,0.0,9.52,14.12,13.75,0.0,0.0,174.51,4.93,1.654,1.634,STRAIGHT,1.5,1.5,"CMD,1.6,1.50",2.743,0.0411,2.723,0.153,1,0.9806,0,NORMAL,50.346,0.047,1,1,1,1,1,223.8,44,5,dijkstra,fallback_centerline,0.51329,0,,,,,,0,,,,203409,153445,2342
205,43.83762216567993,2026-03-06T12:45:01.722929,116.05,0.0,8.65,16.5,14.58,0.0,0.0,173.95,4.94,1.675,1.654,STRAIGHT,1.5,1.5,"CMD,1.7,1.50",2.743,0.0416,2.723,0.155,1,0.964,0,NORMAL,50.163,-0.002,1,1,1,1,1,223.8,59,6,dijkstra,fallback_centerline,0.51581,0,,,,,,0,,,,207781,154302,2618
206,44.042359828948975,2026-03-06T12:45:01.927667,120.58,0.0,11.78,17.47,13.49,0.0,0.0,182.76,4.94,-1.65,1.654,STRAIGHT,1.5,1.5,"CMD,1.7,1.50",2.03,-0.2026,1.94,-0.397,1,0.8752,0,NORMAL,50.108,0.016,1,1,1,1,2,113.0,71,9,dijkstra,graph,0.51603,0,,,,,,0,,,,187161,154481,2859
207,44.2378306388855,2026-03-06T12:45:02.123138,113.13,0.0,9.99,15.62,15.22,0.0,0.0,174.38,4.94,-2.082,-1.65,STRAIGHT,1.5,1.5,"CMD,-1.6,1.50",2.291,-0.0715,2.236,-0.18,1,0.8668,0,NORMAL,50.12,0.077,1,1,1,1,1,224.9,61,8,dijkstra,fallback_centerline,0.54128,0,,,,,,0,,,,212161,161886,2819
208,44.437976598739624,2026-03-06T12:45:02.323284,116.17,0.0,9.95,21.27,13.73,0.0,0.0,179.0,4.94,-1.637,-1.65,STRAIGHT,1.5,1.5,"CMD,-1.6,1.50",2.311,-0.0181,2.267,-0.047,1,0.937,0,NORMAL,50.178,0.102,1,1,1,1,1,224.9,93,10,dijkstra,fallback_centerline,0.56833,0,,,,,,0,,,,225072,169973,3491
209,44.6386616230011,2026-03-06T12:45:02.523969,116.53,0.0,9.85,20.75,13.15,0.0,1.0,179.3,4.95,-0.933,-1.637,STRAIGHT,1.5,1.5,"CMD,-1.6,1.50",2.338,0.0115,2.3,0.03,1,0.9426,0,NORMAL,50.267,0.081,1,1,1,1,1,224.8,89,8,dijkstra,fallback_centerline,0.56787,0,,,,,,0,,,,219368,169782,3446
210,44.84280300140381,2026-03-06T12:45:02.728110,121.52,0.0,9.45,19.06,14.07,0.0,0.0,182.03,4.96,-0.233,-0.933,STRAIGHT,1.5,1.5,"CMD,-0.9,1.50",2.503,0.0283,2.475,0.087,1,0.9376,0,NORMAL,50.277,0.047,1,1,1,1,1,224.3,73,4,dijkstra,fallback_centerline,0.54614,0,,,,,,0,,,,216317,163455,2601
211,45.050254583358765,2026-03-06T12:45:02.935562,117.84,0.0,10.0,24.45,14.17,0.0,0.0,184.8,4.95,0.318,-0.233,STRAIGHT,1.5,1.5,"CMD,-0.2,1.50",2.606,0.0344,2.582,0.115,1,0.9236,0,NORMAL,50.002,0.033,1,1,1,1,1,224.4,113,9,dijkstra,fallback_centerline,0.58479,0,,,,,,0,,,,231910,174845,3881
212,45.25580644607544,2026-03-06T12:45:03.141114,120.05,0.0,10.18,21.29,13.06,0.0,0.0,188.22,4.95,0.705,0.318,STRAIGHT,1.5,1.5,"CMD,0.3,1.50",2.702,0.0358,2.681,0.129,1,0.9578,0,NORMAL,50.015,0.068,1,1,1,1,1,224.7,97,9,dijkstra,fallback_centerline,0.56486,0,,,,,,0,,,,225498,168992,3563
213,45.455519914627075,2026-03-06T12:45:03.340827,120.02,0.0,9.16,19.51,10.93,0.0,0.0,177.24,4.96,0.961,0.705,STRAIGHT,1.5,1.5,"CMD,0.7,1.50",2.789,0.0357,2.77,0.137,1,0.9709,0,NORMAL,50.059,0.057,1,1,1,1,1,224.7,96,8,dijkstra,fallback_centerline,0.55983,0,,,,,,0,,,,223736,167508,3120
214,45.65552306175232,2026-03-06T12:45:03.540830,115.09,0.0,11.0,23.42,14.3,0.0,0.0,181.81,4.96,1.104,0.961,STRAIGHT,1.5,1.5,"CMD,1.0,1.50",2.966,0.0337,2.95,0.147,1,0.9582,0,NORMAL,50.099,0.055,1,1,1,1,1,224.8,115,7,dijkstra,fallback_centerline,0.55329,0,,,,,,0,,,,218605,165344,3050
215,45.859562397003174,2026-03-06T12:45:03.744869,119.03,0.0,8.88,22.35,14.37,0.0,0.0,182.73,4.96,1.155,1.104,STRAIGHT,1.5,1.5,"CMD,1.1,1.50",3.126,0.0305,3.113,0.148,1,0.9675,0,NORMAL,50.038,0.043,1,1,1,1,1,224.8,101,6,dijkstra,fallback_centerline,0.55946,0,,,,,,0,,,,221097,167362,3069
216,46.067577838897705,2026-03-06T12:45:03.952885,118.81,0.0,11.46,24.71,13.02,0.0,0.0,184.91,4.96,1.171,1.155,STRAIGHT,1.5,1.5,"CMD,1.2,1.50",3.223,0.0292,3.212,0.151,1,0.9709,0,NORMAL,50.09,0.101,1,1,1,1,1,224.8,120,7,dijkstra,fallback_centerline,0.5536,0,,,,,,0,,,,215474,165627,3284
217,46.273778676986694,2026-03-06T12:45:04.159086,116.29,0.0,9.39,26.05,13.94,0.0,0.0,183.91,4.95,1.122,1.155,STRAIGHT,1.5,1.5,"CMD,1.2,1.50",3.801,0.0248,3.791,0.179,1,0.9177,0,NORMAL,50.022,0.383,1,1,1,1,1,224.7,124,9,dijkstra,fallback_centerline,0.57122,0,,,,,,0,,,,211104,170807,3705
218,46.4678111076355,2026-03-06T12:45:04.353118,119.08,0.0,10.28,14.56,9.26,0.0,0.0,172.01,4.96,1.098,1.122,STRAIGHT,1.5,1.5,"CMD,1.1,1.50",4.0,0.0255,3.988,0.203,1,0.8229,0,NORMAL,50.077,-0.395,1,1,1,1,1,224.7,38,8,dijkstra,fallback_centerline,0.59793,0,,,,,,0,,,,253555,178828,3260
219,46.69702410697937,2026-03-06T12:45:04.582331,117.68,0.0,9.02,25.3,29.23,0.0,0.0,201.06,4.94,1.113,1.113,STRAIGHT,1.5,1.5,"CMD,1.1,1.50",4.0,0.0277,3.992,0.221,1,0.8031,0,NORMAL,50.258,-0.854,1,1,1,1,1,224.4,145,11,dijkstra,fallback_centerline,0.55138,0,,,,,,0,,,,205670,165185,4096
220,46.89807868003845,2026-03-06T12:45:04.783386,121.69,0.0,10.15,14.31,13.57,0.0,0.0,178.53,4.94,1.135,1.113,STRAIGHT,1.5,1.5,"CMD,1.1,1.50",4.0,0.0286,1.279,0.023,1,0.7294,0,NORMAL,55.139,-1.118,1,1,1,1,2,63.9,64,9,dijkstra,graph,0.48285,0,,,,,,0,,,,150023,144525,2962
221,47.096027851104736,2026-03-06T12:45:04.981335,121.52,0.0,9.53,15.46,13.04,0.0,0.0,179.14,4.94,0.939,1.113,STRAIGHT,1.5,1.5,"CMD,1.1,1.50",4.0,0.0133,3.995,0.106,1,0.8921,0,NORMAL,56.412,-1.087,1,1,1,1,1,225.0,46,9,dijkstra,fallback_centerline,0.46957,0,,,,,,0,,,,147958,140652,2479
222,47.29579973220825,2026-03-06T12:45:05.181107,120.37,0.0,8.52,16.21,14.18,0.0,0.0,179.06,4.95,1.536,1.135,STRAIGHT,1.5,1.5,"CMD,1.1,1.50",2.835,0.0662,2.794,0.261,1,0.7476,0,NORMAL,62.77,-1.131,1,1,1,1,1,212.8,78,7,dijkstra,fallback_centerline,0.42041,0,,,,,,0,,,,110620,125999,2370
223,47.490241289138794,2026-03-06T12:45:05.375548,120.06,0.0,9.53,17.21,11.94,0.0,0.0,176.35,4.96,2.196,1.536,STRAIGHT,1.5,1.5,"CMD,1.5,1.50",2.53,0.0854,2.469,0.263,1,0.7546,0,NORMAL,63.819,-1.087,1,1,1,1,1,199.6,86,6,dijkstra,fallback_centerline,0.47287,0,,,,,,0,,,,146468,141772,2691
224,47.680158376693726,2026-03-06T12:45:05.565465,117.71,0.0,5.39,18.43,12.85,0.0,0.0,173.46,4.97,1.505,1.536,STRAIGHT,1.5,1.5,"CMD,1.5,1.50",3.816,0.003,3.783,0.021,1,0.6778,0,NORMAL,62.819,-1.068,1,1,1,1,1,224.9,93,5,dijkstra,fallback_centerline,0.36572,0,,,,,,0,,,,100810,109527,2219
225,47.87989568710327,2026-03-06T12:45:05.765203,119.48,0.0,8.86,20.01,14.1,0.0,0.0,181.01,4.97,1.045,1.505,STRAIGHT,1.5,1.5,"CMD,1.5,1.50",3.816,0.003,3.783,0.021,1,0.6085,0,NORMAL,70.711,-1.008,1,1,1,1,2,187.5,103,7,dijkstra,graph,0.47033,0,,,,,,0,,,,162332,140924,2609
226,48.0791130065918,2026-03-06T12:45:05.964420,118.74,0.0,9.82,17.17,13.93,0.0,0.0,178.16,4.98,1.977,1.505,STRAIGHT,1.5,1.5,"CMD,1.5,1.50",2.284,0.0933,2.221,0.233,1,0.5541,0,NORMAL,70.711,-0.966,1,1,1,1,1,222.2,72,8,dijkstra,fallback_centerline,0.50413,0,,,,,,0,,,,267660,150677,2928
227,48.28378891944885,2026-03-06T12:45:06.169096,119.5,0.0,8.04,17.55,14.77,0.0,0.0,181.62,4.98,1.627,1.627,STRAIGHT,1.5,1.5,"CMD,1.6,1.50",3.152,0.0224,3.137,0.111,1,0.7361,0,NORMAL,70.711,-0.913,1,1,1,1,1,224.9,116,8,dijkstra,fallback_centerline,0.46483,0,,,,,,0,,,,203365,139157,2934
228,48.49098324775696,2026-03-06T12:45:06.376290,122.23,0.0,7.36,22.22,12.98,0.0,0.0,185.02,4.97,1.741,1.741,STRAIGHT,1.5,1.5,"CMD,1.7,1.50",2.838,0.0478,2.805,0.189,1,0.7797,0,NORMAL,70.711,-0.845,1,1,1,1,1,225.0,119,13,dijkstra,fallback_centerline,0.47562,0,,,,,,0,,,,219113,142476,3914
229,48.696584701538086,2026-03-06T12:45:06.581892,115.96,0.0,10.08,24.43,14.41,0.0,0.0,183.91,4.97,5.906,1.741,STRAIGHT,1.5,1.5,"CMD,1.7,1.50",1.853,0.3523,1.279,0.305,1,0.8274,0,NORMAL,70.711,-0.783,1,1,1,1,2,66.3,139,11,dijkstra,graph,0.43632,0,,,,,,0,,,,188552,130666,2942
230,48.89993476867676,2026-03-06T12:45:06.785242,119.34,0.0,8.52,22.88,14.43,0.0,0.0,183.47,4.96,4.75,4.75,STRAIGHT,1.5,1.5,"CMD,4.7,1.50",2.756,0.0591,2.732,0.222,1,0.6915,0,NORMAL,70.711,-0.688,1,1,1,1,1,224.3,126,9,dijkstra,fallback_centerline,0.41541,0,,,,,,0,,,,163783,124737,2894
231,49.10807275772095,2026-03-06T12:45:06.993380,120.5,0.0,6.05,26.07,14.16,0.0,0.0,186.89,4.95,3.474,4.75,STRAIGHT,1.5,1.5,"CMD,4.7,1.50",4.0,0.0223,3.995,0.179,1,0.6445,0,NORMAL,70.711,-0.636,1,1,1,1,1,224.9,100,10,dijkstra,fallback_centerline,0.47938,0,,,,,,0,,,,243882,143482,3335
232,49.31095290184021,2026-03-06T12:45:07.196260,119.31,0.0,9.06,19.72,13.65,0.0,0.0,181.29,4.95,0.419,3.474,STRAIGHT,1.5,1.5,"CMD,3.5,1.50",2.098,-0.1384,1.851,-0.241,1,0.7106,0,NORMAL,70.711,-0.583,1,1,1,1,1,217.4,93,7,dijkstra,fallback_centerline,0.43209,0,,,,,,0,,,,176645,129521,2543
233,49.51867413520813,2026-03-06T12:45:07.403981,118.86,0.0,9.38,23.43,17.28,0.0,0.0,186.84,4.94,0.085,0.419,STRAIGHT,1.5,1.5,"CMD,0.4,1.50",2.604,-0.0141,2.573,-0.047,1,0.6773,0,NORMAL,70.711,-0.576,1,1,1,1,1,224.8,100,10,dijkstra,fallback_centerline,0.50062,0,,,,,,0,,,,257231,149790,3491
234,49.72368860244751,2026-03-06T12:45:07.608996,118.92,0.0,9.82,20.09,13.85,0.0,0.0,180.66,4.93,0.189,0.189,STRAIGHT,1.5,1.5,"CMD,0.2,1.50",2.896,0.0096,2.879,0.04,1,0.8888,0,NORMAL,68.031,-0.559,1,1,1,1,1,224.9,92,9,dijkstra,fallback_centerline,0.46236,0,,,,,,0,,,,233165,138361,2713
235,49.92767572402954,2026-03-06T12:45:07.812983,121.28,0.0,9.76,19.13,13.89,0.0,0.0,182.23,4.93,0.299,0.189,STRAIGHT,1.5,1.5,"CMD,0.2,1.50",2.995,0.0126,2.979,0.056,1,0.9254,0,NORMAL,65.764,-0.496,1,1,1,1,1,224.8,88,10,dijkstra,fallback_centerline,0.44748,0,,,,,,0,,,,219311,133838,2557
236,50.136900186538696,2026-03-06T12:45:08.022207,122.67,0.0,9.31,19.51,14.23,0.0,0.0,185.72,4.92,0.479,0.299,STRAIGHT,1.5,1.5,"CMD,0.3,1.50",3.128,0.0204,3.115,0.099,1,0.7763,0,NORMAL,58.285,-0.368,1,1,1,1,1,224.9,101,8,dijkstra,fallback_centerline,0.42663,0,,,,,,0,,,,175673,127744,2555
237,50.337695837020874,2026-03-06T12:45:08.223003,120.12,0.0,8.39,19.13,13.03,0.0,0.0,179.78,4.92,0.523,0.479,STRAIGHT,1.5,1.5,"CMD,0.5,1.50",2.769,0.0148,2.748,0.056,1,0.849,0,NORMAL,56.577,-0.328,1,1,1,1,1,224.9,96,5,dijkstra,fallback_centerline,0.39576,0,,,,,,0,,,,156482,118803,2172
238,50.55785632133484,2026-03-06T12:45:08.443163,122.95,0.0,9.01,22.71,26.41,0.0,1.0,200.44,4.9,0.151,0.479,STRAIGHT,1.5,1.5,"CMD,0.5,1.50",1.842,-0.0144,1.753,-0.022,1,0.8551,0,NORMAL,55.112,-0.241,1,1,1,1,1,149.4,126,7,dijkstra,fallback_centerline,0.3781,0,,,,,,0,,,,137060,113345,2230
239,50.758912563323975,2026-03-06T12:45:08.644220,121.41,0.0,8.89,20.53,13.71,0.0,0.0,183.53,4.9,0.956,0.523,STRAIGHT,1.5,1.5,"CMD,0.5,1.50",2.769,0.0623,2.75,0.237,1,0.8583,0,NORMAL,53.79,-0.147,1,1,1,1,1,207.9,116,5,dijkstra,fallback_centerline,0.37326,0,,,,,,0,,,,137870,111877,2258
240,50.949896812438965,2026-03-06T12:45:08.835204,121.95,0.0,5.87,15.55,13.21,0.0,0.0,173.17,4.92,1.224,0.956,STRAIGHT,1.5,1.5,"CMD,1.0,1.50",4.0,0.0427,3.984,0.341,1,0.7967,0,NORMAL,52.741,-0.113,1,1,1,1,2,470.0,72,6,dijkstra,graph,0.29893,0,,,,,,0,,,,109849,89637,1510
241,51.1548490524292,2026-03-06T12:45:09.040156,119.52,0.0,9.4,20.06,14.24,0.0,0.0,185.53,4.92,1.452,1.224,STRAIGHT,1.5,1.5,"CMD,1.2,1.50",3.204,0.0462,3.191,0.237,1,0.7301,0,NORMAL,52.587,-0.061,1,1,1,1,1,217.7,110,5,dijkstra,fallback_centerline,0.36554,0,,,,,,0,,,,149342,109725,1903
242,51.34848356246948,2026-03-06T12:45:09.233791,119.03,0.0,9.11,12.9,14.6,0.0,0.0,173.85,4.92,1.392,1.392,STRAIGHT,1.5,1.5,"CMD,1.4,1.50",4.0,0.0308,3.995,0.247,1,0.8033,0,NORMAL,52.004,0.025,1,1,1,1,1,224.3,47,3,dijkstra,fallback_centerline,0.39622,0,,,,,,0,,,,183252,118521,1754
243,51.54538440704346,2026-03-06T12:45:09.430691,122.72,0.0,8.3,13.19,13.47,0.0,0.0,177.47,4.92,1.4,1.4,STRAIGHT,1.5,1.5,"CMD,1.4,1.50",3.789,0.0343,3.781,0.246,1,0.96,0,NORMAL,51.422,0.023,1,1,1,1,1,224.8,51,4,dijkstra,fallback_centerline,0.37905,0,,,,,,0,,,,177244,113536,1617
244,51.74384689331055,2026-03-06T12:45:09.629154,120.47,0.0,10.09,16.01,13.19,0.0,0.0,178.36,4.93,1.486,1.4,STRAIGHT,1.5,1.5,"CMD,1.4,1.50",3.222,0.0402,3.21,0.208,1,0.9582,0,NORMAL,50.851,-0.043,1,1,1,1,1,224.8,71,4,dijkstra,fallback_centerline,0.36924,0,,,,,,0,,,,180375,110599,1655
245,51.94158697128296,2026-03-06T12:45:09.826894,120.49,0.0,8.53,16.76,12.88,0.0,0.0,178.96,4.94,1.545,1.486,STRAIGHT,1.5,1.5,"CMD,1.5,1.50",3.025,0.0403,3.01,0.183,1,0.9888,0,NORMAL,50.566,0.073,1,1,1,1,1,224.8,75,4,dijkstra,fallback_centerline,0.36738,0,,,,,,0,,,,180765,109982,1673
246,52.148343086242676,2026-03-06T12:45:10.033650,123.97,0.0,10.0,16.61,12.61,0.0,0.0,184.15,4.94,1.577,1.545,STRAIGHT,1.5,1.5,"CMD,1.5,1.50",2.919,0.0398,2.902,0.168,1,0.9802,0,NORMAL,50.06,0.081,1,1,1,1,1,224.8,77,5,dijkstra,fallback_centerline,0.36103,0,,,,,,0,,,,181046,108242,1701
247,52.34126830101013,2026-03-06T12:45:10.226575,121.21,0.0,8.81,13.06,12.6,0.0,0.0,173.44,4.94,1.587,1.577,STRAIGHT,1.5,1.5,"CMD,1.6,1.50",2.893,0.0389,2.876,0.161,1,0.9797,0,NORMAL,50.138,0.073,1,1,1,1,1,224.9,56,5,dijkstra,fallback_centerline,0.34824,0,,,,,,0,,,,178036,104264,1522
248,52.53231954574585,2026-03-06T12:45:10.417627,119.67,0.0,9.11,13.21,12.32,0.0,0.0,172.86,4.97,1.58,1.58,STRAIGHT,1.5,1.5,"CMD,1.6,1.50",2.892,0.038,2.875,0.158,1,0.9904,0,NORMAL,50.506,0.202,1,1,1,1,1,224.9,56,4,dijkstra,fallback_centerline,0.3463,0,,,,,,0,,,,177803,103709,1559
249,52.72952580451965,2026-03-06T12:45:10.614833,122.75,0.0,9.06,15.14,12.07,0.0,0.0,177.73,4.97,1.59,1.587,STRAIGHT,1.5,1.5,"CMD,1.6,1.50",2.841,0.039,2.823,0.156,1,0.9884,0,NORMAL,51.09,0.295,1,1,1,1,1,224.9,65,5,dijkstra,fallback_centerline,0.34438,0,,,,,,0,,,,177786,102995,1756
250,52.92384338378906,2026-03-06T12:45:10.809151,119.73,0.0,8.92,15.06,12.71,0.0,0.0,174.83,4.98,1.599,1.59,STRAIGHT,1.5,1.5,"CMD,1.6,1.50",2.839,0.0392,2.821,0.156,1,0.9867,0,NORMAL,52.079,0.322,1,1,1,1,1,224.9,69,4,dijkstra,fallback_centerline,0.34043,0,,,,,,0,,,,177281,101817,1796
251,53.12303590774536,2026-03-06T12:45:11.008343,122.13,0.0,9.77,15.67,11.13,0.0,1.01,180.08,4.98,1.618,1.599,STRAIGHT,1.5,1.5,"CMD,1.6,1.50",2.825,0.0402,2.807,0.159,1,0.9836,0,NORMAL,53.275,0.347,1,1,1,1,1,224.9,68,3,dijkstra,fallback_centerline,0.3314,0,,,,,,0,,,,175130,99146,1585
252,53.31672286987305,2026-03-06T12:45:11.202030,121.38,0.0,9.07,12.48,11.94,0.0,0.0,174.73,4.98,1.644,1.618,STRAIGHT,1.5,1.5,"CMD,1.6,1.50",2.818,0.0411,2.799,0.162,1,0.9897,0,NORMAL,53.784,0.44,1,1,1,1,1,224.8,51,5,dijkstra,fallback_centerline,0.33008,0,,,,,,0,,,,175061,98765,1579
253,53.51060104370117,2026-03-06T12:45:11.395908,117.37,0.0,10.03,17.75,11.77,0.0,0.0,174.83,4.97,1.684,1.644,STRAIGHT,1.5,1.5,"CMD,1.6,1.50",2.777,0.0428,2.757,0.163,1,0.988,0,NORMAL,54.707,0.5,1,1,1,1,1,224.8,81,3,dijkstra,fallback_centerline,0.32804,0,,,,,,0,,,,174916,98179,1622
254,53.7046000957489,2026-03-06T12:45:11.589907,120.28,0.0,9.27,15.7,11.31,0.0,0.0,175.67,4.98,1.729,1.684,STRAIGHT,1.5,1.5,"CMD,1.7,1.50",2.761,0.0441,2.74,0.166,1,0.9866,0,NORMAL,55.704,0.557,1,1,1,1,1,224.8,70,4,dijkstra,fallback_centerline,0.3236,0,,,,,,0,,,,174570,96834,1605
255,53.89673662185669,2026-03-06T12:45:11.782044,120.69,0.0,8.53,13.49,11.13,0.0,0.0,172.7,4.98,1.759,1.729,STRAIGHT,1.5,1.5,"CMD,1.7,1.50",2.768,0.0441,2.748,0.167,1,0.9726,0,NORMAL,57.578,0.551,1,1,1,1,1,224.8,54,3,dijkstra,fallback_centerline,0.31124,0,,,,,,0,,,,170069,93154,1438
256,54.091487407684326,2026-03-06T12:45:11.976794,121.38,0.0,9.74,14.38,11.92,0.0,0.0,176.05,4.99,1.776,1.759,STRAIGHT,1.5,1.5,"CMD,1.8,1.50",2.777,0.0439,2.757,0.167,1,0.986,0,NORMAL,58.919,0.656,1,1,1,1,1,224.8,63,3,dijkstra,fallback_centerline,0.30564,0,,,,,,0,,,,169323,91403,1455
257,54.2875874042511,2026-03-06T12:45:12.172895,123.33,0.0,9.05,15.01,11.26,0.0,0.0,178.55,5.0,1.805,1.776,STRAIGHT,1.5,1.5,"CMD,1.8,1.50",2.771,0.0452,2.751,0.172,1,0.9914,0,NORMAL,60.208,0.737,1,1,1,1,1,224.8,69,4,dijkstra,fallback_centerline,0.30595,0,,,,,,0,,,,169593,91526,1585
258,54.49407720565796,2026-03-06T12:45:12.379384,118.55,0.0,9.47,13.89,26.31,0.0,0.0,187.4,5.0,1.105,1.776,STRAIGHT,1.5,1.5,"CMD,1.8,1.50",2.463,-0.0072,2.43,-0.021,1,0.8563,0,NORMAL,61.543,0.779,1,1,1,1,1,180.8,110,5,dijkstra,fallback_centerline,0.28907,0,,,,,,0,,,,145264,86565,1801
259,54.685436487197876,2026-03-06T12:45:12.570744,119.79,0.0,8.84,14.83,10.71,0.0,0.86,172.72,5.01,0.898,1.105,STRAIGHT,1.5,1.5,"CMD,1.1,1.50",4.0,0.0117,1.918,0.022,1,0.8621,0,NORMAL,65.832,0.56,1,1,1,1,2,95.9,69,3,dijkstra,graph,0.29506,0,,,,,,0,,,,165604,88300,1520
260,54.877291440963745,2026-03-06T12:45:12.762598,121.53,0.0,7.69,14.0,11.15,0.0,0.0,172.74,5.03,0.76,0.898,STRAIGHT,1.5,1.5,"CMD,0.9,1.50",4.0,0.0117,1.918,0.022,1,0.9618,0,NORMAL,66.226,0.608,1,1,1,1,2,95.9,77,3,dijkstra,graph,0.28777,0,,,,,,0,,,,159755,86181,1521
261,55.072105169296265,2026-03-06T12:45:12.957412,125.57,0.0,8.67,14.71,5.66,0.0,0.0,173.1,5.04,0.668,0.76,STRAIGHT,1.5,1.5,"CMD,0.8,1.50",4.0,0.0117,1.918,0.022,1,0.9656,0,NORMAL,65.211,0.658,1,1,1,1,2,95.9,69,3,dijkstra,graph,0.29583,0,,,,,,0,,,,164596,88531,1430
262,55.267879247665405,2026-03-06T12:45:13.153186,125.64,0.0,8.79,13.87,11.16,0.0,0.0,178.94,5.04,0.606,0.668,STRAIGHT,1.5,1.5,"CMD,0.7,1.50",4.0,0.0117,1.918,0.022,1,0.9782,0,NORMAL,65.065,0.747,1,1,1,1,2,95.9,69,3,dijkstra,graph,0.30124,0,,,,,,0,,,,167859,90160,1581
263,55.4591600894928,2026-03-06T12:45:13.344467,119.1,0.0,9.03,14.09,10.44,0.0,1.0,171.88,5.06,0.565,0.606,STRAIGHT,1.5,1.5,"CMD,0.6,1.50",4.0,0.0117,1.918,0.022,1,0.9893,0,NORMAL,64.998,0.779,1,1,1,1,2,95.9,55,4,dijkstra,graph,0.30275,0,,,,,,0,,,,168522,90705,1506
264,55.649996280670166,2026-03-06T12:45:13.535303,122.43,0.0,9.1,12.02,11.01,0.0,0.0,175.46,5.07,0.765,0.606,STRAIGHT,1.5,1.5,"CMD,0.6,1.50",3.508,0.0283,3.499,0.173,1,0.9775,0,NORMAL,65.256,0.768,1,1,1,1,1,225.0,43,2,dijkstra,fallback_centerline,0.29932,0,,,,,,0,,,,165778,89603,1307
265,55.84194540977478,2026-03-06T12:45:13.727253,118.3,0.0,9.05,15.37,11.14,0.0,0.0,174.16,5.08,1.133,0.765,STRAIGHT,1.5,1.5,"CMD,0.8,1.50",2.844,0.0453,2.825,0.182,1,0.9796,0,NORMAL,65.601,0.793,1,1,1,1,1,224.8,69,3,dijkstra,fallback_centerline,0.30537,0,,,,,,0,,,,168319,91362,1580
266,56.034544706344604,2026-03-06T12:45:13.919852,117.75,0.0,9.77,13.96,12.21,0.0,0.0,172.3,5.09,1.418,1.133,STRAIGHT,1.5,1.5,"CMD,1.1,1.50",2.82,0.0482,2.8,0.19,1,0.9789,0,NORMAL,66.58,0.715,1,1,1,1,1,224.6,71,3,dijkstra,fallback_centerline,0.3019,0,,,,,,0,,,,168901,90418,1596
267,56.23066711425781,2026-03-06T12:45:14.115974,123.99,0.0,9.05,13.17,12.77,0.0,0.0,177.05,5.11,1.615,1.418,STRAIGHT,1.5,1.5,"CMD,1.4,1.50",2.811,0.0487,2.791,0.191,1,0.9868,0,NORMAL,66.507,0.689,1,1,1,1,1,224.5,70,4,dijkstra,fallback_centerline,0.30496,0,,,,,,0,,,,169133,91199,1617
268,56.42884588241577,2026-03-06T12:45:14.314153,125.0,0.0,8.1,15.15,11.22,0.0,0.0,178.69,5.11,1.746,1.615,STRAIGHT,1.5,1.5,"CMD,1.6,1.50",2.804,0.0487,2.784,0.189,1,0.9818,0,NORMAL,66.095,0.694,1,1,1,1,1,224.3,62,4,dijkstra,fallback_centerline,0.31163,0,,,,,,0,,,,170969,93140,1660
269,56.62542772293091,2026-03-06T12:45:14.510735,123.38,0.0,9.53,15.12,10.58,0.0,0.0,177.63,5.11,1.832,1.746,STRAIGHT,1.5,1.5,"CMD,1.7,1.50",2.8,0.0486,2.78,0.189,1,0.9816,0,NORMAL,65.771,0.707,1,1,1,1,1,224.5,71,4,dijkstra,fallback_centerline,0.3136,0,,,,,,0,,,,172356,93751,1713
270,56.825737714767456,2026-03-06T12:45:14.711045,125.55,0.0,7.16,17.47,11.21,0.0,0.0,181.86,5.11,1.891,1.832,STRAIGHT,1.5,1.5,"CMD,1.8,1.50",2.799,0.0487,2.778,0.189,1,0.9833,0,NORMAL,65.124,0.695,1,1,1,1,1,224.2,86,3,dijkstra,fallback_centerline,0.31252,0,,,,,,0,,,,171480,93534,1712
271,57.0178918838501,2026-03-06T12:45:14.903199,120.19,0.0,10.12,14.11,8.24,0.0,0.0,172.71,5.12,1.929,1.891,STRAIGHT,1.5,1.5,"CMD,1.9,1.50",2.797,0.0486,2.776,0.188,1,0.9829,0,NORMAL,64.982,0.697,1,1,1,1,1,224.3,68,3,dijkstra,fallback_centerline,0.31845,0,,,,,,0,,,,171866,95225,1701
272,57.217828035354614,2026-03-06T12:45:15.103135,123.66,0.0,8.87,13.55,12.45,0.0,0.0,176.92,5.11,1.954,1.929,STRAIGHT,1.5,1.5,"CMD,1.9,1.50",2.796,0.0486,2.776,0.188,1,0.9875,0,NORMAL,64.626,0.68,1,1,1,1,1,224.4,67,3,dijkstra,fallback_centerline,0.31723,0,,,,,,0,,,,171282,94847,1578
273,57.41064763069153,2026-03-06T12:45:15.295955,116.27,0.0,10.4,15.47,11.46,0.0,0.0,173.12,5.12,1.97,1.954,STRAIGHT,1.5,1.5,"CMD,2.0,1.50",2.796,0.0486,2.775,0.188,1,0.9766,0,NORMAL,63.716,0.702,1,1,1,1,1,224.5,75,4,dijkstra,fallback_centerline,0.32783,0,,,,,,0,,,,175084,98070,1763
274,57.60148358345032,2026-03-06T12:45:15.486791,117.84,0.0,8.67,14.23,11.35,0.0,0.0,171.05,5.12,1.979,1.97,STRAIGHT,1.5,1.5,"CMD,2.0,1.50",2.793,0.0484,2.772,0.187,1,0.9836,0,NORMAL,63.457,0.719,1,1,1,1,1,224.2,57,3,dijkstra,fallback_centerline,0.32723,0,,,,,,0,,,,174535,98044,1602
275,57.81559157371521,2026-03-06T12:45:15.700899,132.37,0.0,11.32,20.7,9.36,0.0,0.0,193.75,5.12,1.984,1.979,STRAIGHT,1.5,1.5,"CMD,2.0,1.50",2.791,0.0483,2.77,0.186,1,0.9789,0,NORMAL,63.12,0.703,1,1,1,1,1,224.2,90,3,dijkstra,fallback_centerline,0.33471,0,,,,,,0,,,,177524,100234,1858
276,58.01703381538391,2026-03-06T12:45:15.902341,121.84,0.0,8.4,16.96,11.04,0.0,1.1,178.31,5.11,1.981,1.981,STRAIGHT,1.5,1.5,"CMD,2.0,1.50",2.782,0.0479,2.761,0.184,1,0.9876,0,NORMAL,62.994,0.693,1,1,1,1,1,224.2,83,3,dijkstra,fallback_centerline,0.33506,0,,,,,,0,,,,177461,100427,1820
277,58.22007083892822,2026-03-06T12:45:16.105378,125.08,0.0,8.7,17.81,11.91,0.0,0.0,183.01,5.1,1.977,1.981,STRAIGHT,1.5,1.5,"CMD,2.0,1.50",2.777,0.0477,2.756,0.182,1,0.9857,0,NORMAL,62.39,0.707,1,1,1,1,1,224.2,86,3,dijkstra,fallback_centerline,0.33994,0,,,,,,0,,,,178339,101702,1834
278,58.42300271987915,2026-03-06T12:45:16.308310,126.11,0.0,8.94,14.69,12.17,0.0,0.0,183.09,5.09,1.964,1.977,STRAIGHT,1.5,1.5,"CMD,2.0,1.50",2.772,0.047,2.751,0.179,1,0.9846,0,NORMAL,61.892,0.73,1,1,1,1,1,224.1,62,3,dijkstra,fallback_centerline,0.34318,0,,,,,,0,,,,178796,102794,1724
279,58.61831307411194,2026-03-06T12:45:16.503620,120.55,0.0,7.95,16.78,11.87,0.0,0.0,175.26,5.09,1.954,1.964,STRAIGHT,1.5,1.5,"CMD,2.0,1.50",2.768,0.0469,2.747,0.178,1,0.9865,0,NORMAL,61.235,0.75,1,1,1,1,1,223.9,84,3,dijkstra,fallback_centerline,0.34581,0,,,,,,0,,,,179996,103589,1870
280,58.81396842002869,2026-03-06T12:45:16.699276,120.17,0.0,9.17,15.32,12.11,0.0,0.0,175.98,5.1,1.947,1.954,STRAIGHT,1.5,1.5,"CMD,2.0,1.50",2.767,0.0468,2.746,0.177,1,0.9862,0,NORMAL,60.34,0.795,1,1,1,1,1,223.9,77,3,dijkstra,fallback_centerline,0.35155,0,,,,,,0,,,,181351,105235,1832
281,59.01937913894653,2026-03-06T12:45:16.904686,119.37,0.0,14.42,18.92,14.65,0.0,0.0,185.42,5.09,1.941,1.947,STRAIGHT,1.5,1.5,"CMD,1.9,1.50",2.766,0.0468,2.745,0.177,1,0.9874,0,NORMAL,60.801,0.757,1,1,1,1,1,223.9,76,3,dijkstra,fallback_centerline,0.35233,0,,,,,,0,,,,181332,105421,1855
282,59.2507107257843,2026-03-06T12:45:17.136018,149.34,0.0,9.17,16.04,12.74,0.0,0.0,208.32,5.05,1.937,1.941,STRAIGHT,1.5,1.5,"CMD,1.9,1.50",2.765,0.0468,2.744,0.177,1,0.9865,0,NORMAL,60.654,0.769,1,1,1,1,1,223.7,79,3,dijkstra,fallback_centerline,0.35457,0,,,,,,0,,,,181810,106068,1801
283,59.45157432556152,2026-03-06T12:45:17.336881,122.44,0.0,9.01,16.77,12.02,0.0,0.0,181.06,5.05,1.94,1.94,STRAIGHT,1.5,1.5,"CMD,1.9,1.50",2.767,0.0472,2.746,0.179,1,0.9885,0,NORMAL,60.592,0.841,1,1,1,1,1,223.6,86,3,dijkstra,fallback_centerline,0.35643,0,,,,,,0,,,,182281,106601,1598
284,59.64597940444946,2026-03-06T12:45:17.531287,118.86,0.0,9.02,16.25,12.85,0.0,0.0,174.12,5.04,1.944,1.94,STRAIGHT,1.5,1.5,"CMD,1.9,1.50",2.769,0.0473,2.748,0.179,1,0.9862,0,NORMAL,61.907,0.731,1,1,1,1,1,223.7,76,3,dijkstra,fallback_centerline,0.35818,0,,,,,,0,,,,182719,107169,1888
285,59.84574294090271,2026-03-06T12:45:17.731050,124.08,0.0,9.52,16.05,11.23,0.0,0.0,179.15,5.04,1.952,1.944,STRAIGHT,1.5,1.5,"CMD,1.9,1.50",2.777,0.0478,2.756,0.182,1,0.9885,0,NORMAL,62.584,0.693,1,1,1,1,1,223.4,85,2,dijkstra,fallback_centerline,0.35713,0,,,,,,0,,,,182087,106860,1583
286,60.04175162315369,2026-03-06T12:45:17.927059,121.5,0.0,7.95,15.83,12.13,0.0,0.0,174.83,5.04,1.956,1.952,STRAIGHT,1.5,1.5,"CMD,2.0,1.50",2.774,0.0476,2.753,0.181,1,0.9845,0,NORMAL,62.316,0.861,1,1,1,1,1,223.4,75,2,dijkstra,fallback_centerline,0.36351,0,,,,,,0,,,,184482,108805,1555
287,60.240230321884155,2026-03-06T12:45:18.125537,121.63,0.0,10.73,15.9,12.01,0.0,0.0,178.89,5.05,1.971,1.956,STRAIGHT,1.5,1.5,"CMD,2.0,1.50",2.791,0.0485,2.77,0.187,1,0.9841,0,NORMAL,64.32,0.703,1,1,1,1,1,222.9,85,2,dijkstra,fallback_centerline,0.36293,0,,,,,,0,,,,183176,108598,1595
288,60.437782764434814,2026-03-06T12:45:18.323090,121.61,0.0,9.56,16.88,12.71,0.0,0.0,178.1,5.04,1.989,1.971,STRAIGHT,1.5,1.5,"CMD,2.0,1.50",2.801,0.0491,2.78,0.191,1,0.9853,0,NORMAL,64.412,0.643,1,1,1,1,1,223.0,79,2,dijkstra,fallback_centerline,0.37097,0,,,,,,0,,,,185114,111013,1620
289,60.635486364364624,2026-03-06T12:45:18.520793,119.9,0.0,7.87,16.66,13.34,0.0,0.0,177.89,5.04,2.006,1.989,STRAIGHT,1.5,1.5,"CMD,2.0,1.50",2.807,0.0495,2.787,0.193,1,0.986,0,NORMAL,65.45,0.658,1,1,1,1,1,222.6,72,2,dijkstra,fallback_centerline,0.3744,0,,,,,,0,,,,186041,112177,1600
290,60.84835910797119,2026-03-06T12:45:18.733666,132.39,0.0,10.67,18.09,12.71,0.0,0.0,193.23,5.02,2.02,2.006,STRAIGHT,1.5,1.5,"CMD,2.0,1.50",2.811,0.0497,2.79,0.194,1,0.9878,0,NORMAL,64.766,0.643,1,1,1,1,1,222.4,79,3,dijkstra,fallback_centerline,0.37798,0,,,,,,0,,,,186838,113153,1660
291,61.046172857284546,2026-03-06T12:45:18.931480,122.49,0.0,8.49,15.32,10.72,0.0,0.0,177.77,5.02,2.034,2.02,STRAIGHT,1.5,1.5,"CMD,2.0,1.50",2.815,0.05,2.795,0.196,1,0.9896,0,NORMAL,64.956,0.635,1,1,1,1,1,222.5,80,2,dijkstra,fallback_centerline,0.37864,0,,,,,,0,,,,187007,113372,1596
292,61.2518048286438,2026-03-06T12:45:19.137112,128.68,0.0,10.92,16.57,12.52,0.0,0.0,188.58,5.01,2.051,2.034,STRAIGHT,1.5,1.5,"CMD,2.0,1.50",2.827,0.0506,2.806,0.2,1,0.9876,0,NORMAL,66.279,0.551,1,1,1,1,1,222.0,83,2,dijkstra,fallback_centerline,0.37678,0,,,,,,0,,,,185953,112864,1684
293,61.464884757995605,2026-03-06T12:45:19.350192,133.2,0.0,11.03,16.44,12.66,0.0,0.0,197.48,4.99,2.065,2.051,STRAIGHT,1.5,1.5,"CMD,2.1,1.50",2.834,0.0508,2.813,0.202,1,0.9863,0,NORMAL,65.237,0.581,1,1,1,1,1,221.9,93,2,dijkstra,fallback_centerline,0.38324,0,,,,,,0,,,,187502,114713,1715
294,61.66464924812317,2026-03-06T12:45:19.549956,123.37,0.0,8.13,15.74,12.69,0.0,1.01,180.06,4.98,2.08,2.065,STRAIGHT,1.5,1.5,"CMD,2.1,1.50",2.844,0.0512,2.823,0.205,1,0.9885,0,NORMAL,65.438,0.593,1,1,1,1,1,221.4,77,3,dijkstra,fallback_centerline,0.38671,0,,,,,,0,,,,188529,115867,1705
295,61.866214752197266,2026-03-06T12:45:19.751522,123.08,0.0,8.55,17.87,12.9,0.0,0.64,181.69,4.97,2.096,2.08,STRAIGHT,1.5,1.5,"CMD,2.1,1.50",2.863,0.0516,2.842,0.21,1,0.9876,0,NORMAL,66.185,0.514,1,1,1,1,1,221.3,91,2,dijkstra,fallback_centerline,0.38682,0,,,,,,0,,,,188499,115769,1723
296,62.0562584400177,2026-03-06T12:45:19.941566,112.72,0.0,9.16,16.77,13.85,0.0,0.0,170.79,4.98,2.113,2.096,STRAIGHT,1.5,1.5,"CMD,2.1,1.50",2.88,0.0521,2.86,0.214,1,0.99,0,NORMAL,66.688,0.445,1,1,1,1,1,221.5,88,2,dijkstra,fallback_centerline,0.38554,0,,,,,,0,,,,187756,115366,1700
297,62.26713728904724,2026-03-06T12:45:20.152444,127.49,0.0,11.44,19.03,12.36,0.0,1.1,191.72,4.97,2.129,2.113,STRAIGHT,1.5,1.5,"CMD,2.1,1.50",2.887,0.0524,2.867,0.216,1,0.9888,0,NORMAL,65.822,0.45,1,1,1,1,1,221.2,86,2,dijkstra,fallback_centerline,0.38882,0,,,,,,0,,,,188930,116349,1663
298,62.50053572654724,2026-03-06T12:45:20.385843,149.9,0.0,10.34,18.81,13.6,0.0,0.0,212.88,4.94,2.142,2.129,STRAIGHT,1.5,1.5,"CMD,2.1,1.50",2.906,0.0526,2.886,0.22,1,0.9916,0,NORMAL,66.013,0.452,1,1,1,1,1,221.4,90,2,dijkstra,fallback_centerline,0.38764,0,,,,,,0,,,,188881,116032,1669
299,62.70227885246277,2026-03-06T12:45:20.587586,122.48,0.0,8.21,17.64,12.62,0.0,0.0,182.13,4.93,2.154,2.142,STRAIGHT,1.5,1.5,"CMD,2.1,1.50",2.914,0.0528,2.894,0.222,1,0.9896,0,NORMAL,66.153,0.399,1,1,1,1,1,221.2,85,2,dijkstra,fallback_centerline,0.39196,0,,,,,,0,,,,189613,117376,1629
300,62.92240357398987,2026-03-06T12:45:20.807711,136.04,0.0,8.84,21.66,12.54,0.0,1.0,200.2,4.91,2.163,2.154,STRAIGHT,1.5,1.5,"CMD,2.2,1.50",2.922,0.0529,2.902,0.224,1,0.9904,0,NORMAL,66.024,0.363,1,1,1,1,1,220.9,86,3,dijkstra,fallback_centerline,0.392,0,,,,,,0,,,,189776,117306,1840
301,63.143044233322144,2026-03-06T12:45:21.028351,136.31,0.0,9.27,20.61,13.22,0.0,0.0,198.98,4.89,2.17,2.163,STRAIGHT,1.5,1.5,"CMD,2.2,1.50",2.926,0.053,2.906,0.225,1,0.9882,0,NORMAL,65.775,0.385,1,1,1,1,1,220.9,78,2,dijkstra,fallback_centerline,0.3955,0,,,,,,0,,,,190033,118442,1619
302,63.37759065628052,2026-03-06T12:45:21.262898,148.43,0.0,9.55,20.06,13.41,0.0,0.0,212.03,4.86,2.174,2.17,STRAIGHT,1.5,1.5,"CMD,2.2,1.50",2.923,0.0529,2.903,0.224,1,0.9881,0,NORMAL,65.007,0.445,1,1,1,1,1,220.7,98,2,dijkstra,fallback_centerline,0.40196,0,,,,,,0,,,,192045,120360,1648
303,63.601611375808716,2026-03-06T12:45:21.486918,141.63,0.0,10.03,15.08,12.58,0.0,1.0,202.44,4.83,2.177,2.174,STRAIGHT,1.5,1.5,"CMD,2.2,1.50",2.922,0.0529,2.902,0.224,1,0.9862,0,NORMAL,65.009,0.449,1,1,1,1,1,220.5,66,2,dijkstra,fallback_centerline,0.40335,0,,,,,,0,,,,190980,120875,1472
304,63.81983733177185,2026-03-06T12:45:21.705144,136.99,0.0,10.13,19.68,12.89,0.0,0.0,198.65,4.83,2.181,2.177,STRAIGHT,1.5,1.5,"CMD,2.2,1.50",2.925,0.0531,2.905,0.225,1,0.9855,0,NORMAL,64.743,0.466,1,1,1,1,1,220.3,94,3,dijkstra,fallback_centerline,0.40775,0,,,,,,0,,,,193252,122056,1693
305,64.04091215133667,2026-03-06T12:45:21.926219,134.32,0.0,9.19,20.57,14.04,0.0,0.0,199.49,4.81,2.183,2.181,STRAIGHT,1.5,1.5,"CMD,2.2,1.50",2.927,0.0531,2.907,0.226,1,0.9927,0,NORMAL,64.598,0.505,1,1,1,1,1,220.3,86,2,dijkstra,fallback_centerline,0.41178,0,,,,,,0,,,,194301,123278,1628
306,64.28729963302612,2026-03-06T12:45:22.172607,153.31,0.0,11.59,22.59,13.16,0.0,0.0,223.3,4.78,2.185,2.183,STRAIGHT,1.5,1.5,"CMD,2.2,1.50",2.928,0.0531,2.908,0.226,1,0.9914,0,NORMAL,64.268,0.521,1,1,1,1,1,220.3,96,3,dijkstra,fallback_centerline,0.41405,0,,,,,,0,,,,195192,124042,1797
307,64.5065553188324,2026-03-06T12:45:22.391862,131.34,0.0,10.35,18.06,12.91,0.0,0.0,195.07,4.77,2.186,2.185,STRAIGHT,1.5,1.5,"CMD,2.2,1.50",2.928,0.0531,2.908,0.226,1,0.9849,0,NORMAL,63.6,0.565,1,1,1,1,1,220.1,91,2,dijkstra,fallback_centerline,0.42618,0,,,,,,0,,,,197611,127747,1778
308,64.72460722923279,2026-03-06T12:45:22.609915,130.06,0.0,11.15,20.55,17.03,0.0,0.0,197.55,4.75,2.187,2.186,STRAIGHT,1.5,1.5,"CMD,2.2,1.50",2.928,0.0531,2.908,0.226,1,0.9905,0,NORMAL,63.469,0.569,1,1,1,1,1,220.0,95,2,dijkstra,fallback_centerline,0.42841,0,,,,,,0,,,,197518,128368,1752
309,64.9406189918518,2026-03-06T12:45:22.825926,128.76,0.0,9.02,20.11,13.87,0.0,1.0,192.05,4.73,2.195,2.187,STRAIGHT,1.5,1.5,"CMD,2.2,1.50",2.888,0.0536,2.868,0.222,1,0.9853,0,NORMAL,63.13,0.593,1,1,1,1,1,220.0,93,2,dijkstra,fallback_centerline,0.43855,0,,,,,,0,,,,200080,131313,1777
310,65.16090798377991,2026-03-06T12:45:23.046215,127.67,0.0,8.65,29.07,14.14,0.0,0.0,198.88,4.72,2.202,2.195,STRAIGHT,1.5,1.5,"CMD,2.2,1.50",2.888,0.0537,2.867,0.222,1,0.9892,0,NORMAL,63.293,0.541,1,1,1,1,1,219.7,170,3,dijkstra,fallback_centerline,0.44029,0,,,,,,0,,,,201004,131909,2242
311,65.42260122299194,2026-03-06T12:45:23.307908,160.14,0.0,10.57,31.05,13.96,0.0,0.0,239.14,4.7,2.209,2.202,STRAIGHT,1.5,1.5,"CMD,2.2,1.50",2.9,0.0539,2.88,0.225,1,0.9913,0,NORMAL,63.288,0.48,1,1,1,1,1,219.6,174,4,dijkstra,fallback_centerline,0.43876,0,,,,,,0,,,,200824,131508,2264
312,65.64556932449341,2026-03-06T12:45:23.530877,129.21,0.0,9.21,22.1,18.03,0.0,0.0,200.9,4.68,2.212,2.209,STRAIGHT,1.5,1.5,"CMD,2.2,1.50",2.895,0.0538,2.875,0.224,1,0.9901,0,NORMAL,63.044,0.464,1,1,1,1,1,219.6,90,2,dijkstra,fallback_centerline,0.44074,0,,,,,,0,,,,201394,131881,1730
313,65.8698353767395,2026-03-06T12:45:23.755142,133.69,0.0,9.56,22.69,16.04,0.0,0.0,202.31,4.66,2.216,2.212,STRAIGHT,1.5,1.5,"CMD,2.2,1.50",2.903,0.0539,2.882,0.225,1,0.9906,0,NORMAL,62.837,0.451,1,1,1,1,1,219.4,94,2,dijkstra,fallback_centerline,0.44205,0,,,,,,0,,,,201756,132369,1900
314,66.09302186965942,2026-03-06T12:45:23.978329,132.09,0.0,9.97,23.06,17.28,0.0,0.0,202.23,4.64,2.218,2.216,STRAIGHT,1.5,1.5,"CMD,2.2,1.50",2.895,0.0539,2.874,0.224,1,0.9862,0,NORMAL,62.704,0.443,1,1,1,1,1,219.2,95,2,dijkstra,fallback_centerline,0.44988,0,,,,,,0,,,,203592,134709,1853
315,66.32685804367065,2026-03-06T12:45:24.212165,130.09,0.0,8.93,32.99,16.1,0.0,0.0,210.23,4.61,2.218,2.218,STRAIGHT,1.5,1.5,"CMD,2.2,1.50",2.888,0.0538,2.868,0.222,1,0.985,0,NORMAL,62.381,0.453,1,1,1,1,1,219.3,150,6,dijkstra,fallback_centerline,0.45996,0,,,,,,0,,,,205603,137591,2472
316,66.54578280448914,2026-03-06T12:45:24.431090,122.1,0.0,9.63,30.75,13.93,0.0,0.79,197.84,4.6,2.219,2.218,STRAIGHT,1.5,1.5,"CMD,2.2,1.50",2.877,0.0539,2.857,0.221,1,0.9791,0,NORMAL,62.09,0.455,1,1,1,1,1,218.3,171,6,dijkstra,fallback_centerline,0.47248,0,,,,,,0,,,,208547,141401,2583
317,66.76497268676758,2026-03-06T12:45:24.650280,127.49,0.0,7.56,27.82,13.47,0.0,1.0,198.42,4.58,2.222,2.219,STRAIGHT,1.5,1.5,"CMD,2.2,1.50",2.882,0.0541,2.861,0.223,1,0.9819,0,NORMAL,62.552,0.443,1,1,1,1,1,218.1,160,6,dijkstra,fallback_centerline,0.48089,0,,,,,,0,,,,210609,143866,2567
318,66.99063849449158,2026-03-06T12:45:24.875945,128.95,0.0,9.06,30.9,14.12,0.0,0.0,204.57,4.56,2.224,2.222,STRAIGHT,1.5,1.5,"CMD,2.2,1.50",2.881,0.054,2.86,0.222,1,0.9879,0,NORMAL,62.051,0.426,1,1,1,1,1,218.1,152,5,dijkstra,fallback_centerline,0.47719,0,,,,,,0,,,,210426,142864,2515
319,67.20823431015015,2026-03-06T12:45:25.093541,124.49,0.0,8.99,29.43,14.52,0.0,0.0,197.47,4.56,2.225,2.224,STRAIGHT,1.5,1.5,"CMD,2.2,1.50",2.88,0.054,2.859,0.222,1,0.9863,0,NORMAL,61.273,0.451,1,1,1,1,1,218.1,171,7,dijkstra,fallback_centerline,0.48446,0,,,,,,0,,,,212434,144993,2620
320,67.42387127876282,2026-03-06T12:45:25.309178,122.66,0.0,10.47,27.12,14.23,0.0,0.0,193.65,4.55,2.224,2.224,STRAIGHT,1.5,1.5,"CMD,2.2,1.50",2.874,0.0539,2.853,0.221,1,0.9745,0,NORMAL,60.62,0.492,1,1,1,1,1,217.8,148,9,dijkstra,fallback_centerline,0.50019,0,,,,,,0,,,,217057,149858,2665
321,67.64964818954468,2026-03-06T12:45:25.534955,128.15,0.0,10.79,29.99,14.04,0.0,1.0,203.47,4.53,2.223,2.224,STRAIGHT,1.5,1.5,"CMD,2.2,1.50",2.872,0.0539,2.851,0.22,1,0.9822,0,NORMAL,60.446,0.545,1,1,1,1,1,217.8,171,12,dijkstra,fallback_centerline,0.50316,0,,,,,,0,,,,219361,150782,2723
322,67.87598752975464,2026-03-06T12:45:25.761295,132.12,0.0,10.06,28.84,13.33,0.0,0.0,204.5,4.52,2.219,2.223,STRAIGHT,1.5,1.5,"CMD,2.2,1.50",2.858,0.0536,2.837,0.217,1,0.9815,0,NORMAL,59.829,0.561,1,1,1,1,1,217.6,156,9,dijkstra,fallback_centerline,0.51041,0,,,,,,0,,,,222162,152936,2679
323,68.09666585922241,2026-03-06T12:45:25.981973,123.99,0.0,9.07,33.36,12.69,0.0,0.0,199.35,4.51,2.21,2.219,STRAIGHT,1.5,1.5,"CMD,2.2,1.50",2.845,0.0532,2.824,0.213,1,0.9802,0,NORMAL,59.684,0.573,1,1,1,1,1,217.2,172,11,dijkstra,fallback_centerline,0.51924,0,,,,,,0,,,,225111,155568,3225
324,68.31367349624634,2026-03-06T12:45:26.198981,127.59,0.0,9.09,28.77,14.07,0.0,0.0,198.38,4.5,2.202,2.21,STRAIGHT,1.5,1.5,"CMD,2.2,1.50",2.838,0.053,2.817,0.212,1,0.9829,0,NORMAL,59.357,0.569,1,1,1,1,1,217.2,162,9,dijkstra,fallback_centerline,0.51946,0,,,,,,0,,,,225223,155652,2759
325,68.52927088737488,2026-03-06T12:45:26.414578,121.96,0.0,10.41,27.42,13.94,0.0,0.0,193.07,4.48,2.193,2.202,STRAIGHT,1.5,1.5,"CMD,2.2,1.50",2.821,0.0527,2.8,0.208,1,0.9811,0,NORMAL,59.278,0.565,1,1,1,1,1,216.7,151,9,dijkstra,fallback_centerline,0.52192,0,,,,,,0,,,,226615,156269,2652
326,68.74864220619202,2026-03-06T12:45:26.633949,122.82,0.0,10.01,29.85,13.02,0.0,0.0,197.73,4.47,2.187,2.193,STRAIGHT,1.5,1.5,"CMD,2.2,1.50",2.826,0.0527,2.805,0.209,1,0.9803,0,NORMAL,59.12,0.542,1,1,1,1,1,217.1,160,9,dijkstra,fallback_centerline,0.51457,0,,,,,,0,,,,224283,154094,2705
327,68.96510934829712,2026-03-06T12:45:26.850416,125.47,0.0,9.68,28.08,14.64,0.0,0.0,195.68,4.49,2.178,2.187,STRAIGHT,1.5,1.5,"CMD,2.2,1.50",2.815,0.0524,2.794,0.206,1,0.9853,0,NORMAL,58.847,0.58,1,1,1,1,1,217.0,151,10,dijkstra,fallback_centerline,0.51764,0,,,,,,0,,,,225170,155071,2737
328,69.18556571006775,2026-03-06T12:45:27.070873,130.86,0.0,9.41,25.48,13.16,0.0,0.0,199.21,4.47,2.168,2.178,STRAIGHT,1.5,1.5,"CMD,2.2,1.50",2.803,0.052,2.782,0.202,1,0.9817,0,NORMAL,58.506,0.611,1,1,1,1,1,216.9,157,8,dijkstra,fallback_centerline,0.52457,0,,,,,,0,,,,226961,157038,2778
329,69.41645622253418,2026-03-06T12:45:27.301763,134.65,0.0,8.01,28.92,16.46,0.0,0.64,208.89,4.47,2.156,2.168,STRAIGHT,1.5,1.5,"CMD,2.2,1.50",2.798,0.0517,2.777,0.2,1,0.9813,0,NORMAL,58.452,0.618,1,1,1,1,1,217.4,164,8,dijkstra,fallback_centerline,0.52291,0,,,,,,0,,,,226486,156623,2842
330,69.64224362373352,2026-03-06T12:45:27.527551,124.98,0.0,10.03,31.45,14.49,0.0,0.0,202.29,4.46,2.146,2.156,STRAIGHT,1.5,1.5,"CMD,2.2,1.50",2.795,0.0516,2.774,0.199,1,0.9747,0,NORMAL,58.111,0.644,1,1,1,1,1,217.6,183,7,dijkstra,fallback_centerline,0.5149,0,,,,,,0,,,,223902,154081,2945
331,69.85864639282227,2026-03-06T12:45:27.743953,120.26,0.0,10.18,29.79,13.24,0.0,0.0,192.65,4.48,2.139,2.146,STRAIGHT,1.5,1.5,"CMD,2.1,1.50",2.792,0.0515,2.771,0.199,1,0.9793,0,NORMAL,58.221,0.653,1,1,1,1,1,217.5,158,9,dijkstra,fallback_centerline,0.51605,0,,,,,,0,,,,224677,154500,2868
332,70.07656526565552,2026-03-06T12:45:27.961872,124.57,0.0,9.01,29.45,13.81,0.0,0.0,195.93,4.48,2.13,2.139,STRAIGHT,1.5,1.5,"CMD,2.1,1.50",2.784,0.0513,2.762,0.197,1,0.9761,0,NORMAL,58.171,0.656,1,1,1,1,1,217.4,165,7,dijkstra,fallback_centerline,0.51773,0,,,,,,0,,,,225786,155039,2869
333,70.29848003387451,2026-03-06T12:45:28.183787,126.1,0.0,8.96,31.12,14.59,0.0,0.0,200.7,4.48,2.124,2.13,STRAIGHT,1.5,1.5,"CMD,2.1,1.50",2.78,0.0512,2.759,0.196,1,0.9708,0,NORMAL,58.373,0.641,1,1,1,1,1,217.5,184,8,dijkstra,fallback_centerline,0.5124,0,,,,,,0,,,,223956,153365,3066
334,70.52040648460388,2026-03-06T12:45:28.405713,125.4,0.0,10.35,28.96,13.78,0.0,1.13,199.86,4.48,2.118,2.124,STRAIGHT,1.5,1.5,"CMD,2.1,1.50",2.778,0.0511,2.757,0.195,1,0.9809,0,NORMAL,58.427,0.653,1,1,1,1,1,217.6,168,8,dijkstra,fallback_centerline,0.51287,0,,,,,,0,,,,225539,153608,2902
335,70.7356071472168,2026-03-06T12:45:28.620914,119.29,0.0,8.3,30.87,14.87,0.0,0.0,193.17,4.5,2.117,2.118,STRAIGHT,1.5,1.5,"CMD,2.1,1.50",2.782,0.0513,2.76,0.196,1,0.9799,0,NORMAL,58.614,0.634,1,1,1,1,1,217.2,158,8,dijkstra,fallback_centerline,0.51473,0,,,,,,0,,,,227226,154148,2842
336,70.95194268226624,2026-03-06T12:45:28.837250,123.43,0.0,9.67,26.23,14.12,0.0,0.0,193.86,4.5,2.12,2.118,STRAIGHT,1.5,1.5,"CMD,2.1,1.50",2.786,0.0515,2.764,0.198,1,0.9817,0,NORMAL,58.377,0.592,1,1,1,1,1,217.1,146,9,dijkstra,fallback_centerline,0.51275,0,,,,,,0,,,,228741,153535,2871
337,71.17399311065674,2026-03-06T12:45:29.059300,128.12,0.0,9.01,29.29,13.3,0.0,1.05,200.29,4.5,2.123,2.12,STRAIGHT,1.5,1.5,"CMD,2.1,1.50",2.786,0.0516,2.764,0.198,1,0.9684,0,NORMAL,58.34,0.596,1,1,1,1,1,216.6,161,8,dijkstra,fallback_centerline,0.51667,0,,,,,,0,,,,234647,154801,3053
338,71.38840913772583,2026-03-06T12:45:29.273716,122.16,0.0,9.99,28.54,13.87,0.0,0.0,193.47,4.5,2.126,2.123,STRAIGHT,1.5,1.5,"CMD,2.1,1.50",2.788,0.0517,2.766,0.199,1,0.9797,0,NORMAL,58.067,0.558,1,1,1,1,1,216.7,160,8,dijkstra,fallback_centerline,0.51326,0,,,,,,0,,,,231867,153645,2928
339,71.60680937767029,2026-03-06T12:45:29.492117,124.45,0.0,9.67,26.23,13.82,0.0,0.0,195.58,4.5,2.127,2.126,STRAIGHT,1.5,1.5,"CMD,2.1,1.50",2.79,0.0517,2.768,0.199,1,0.9774,0,NORMAL,56.873,0.518,1,1,1,1,1,217.0,146,9,dijkstra,fallback_centerline,0.51076,0,,,,,,0,,,,229364,153060,2967
340,71.82663226127625,2026-03-06T12:45:29.711939,125.44,0.0,9.78,27.54,13.9,0.0,0.0,198.4,4.53,2.129,2.127,STRAIGHT,1.5,1.5,"CMD,2.1,1.50",2.79,0.0517,2.768,0.199,1,0.9611,0,NORMAL,54.853,0.468,1,1,1,1,1,216.8,149,8,dijkstra,fallback_centerline,0.51295,0,,,,,,0,,,,236661,153640,2959
341,72.04185056686401,2026-03-06T12:45:29.927157,131.01,0.0,9.35,21.54,10.68,0.0,1.07,193.16,4.53,2.13,2.129,STRAIGHT,1.5,1.5,"CMD,2.1,1.50",2.79,0.0517,2.769,0.199,1,0.9703,0,NORMAL,53.532,0.426,1,1,1,1,1,217.0,127,9,dijkstra,fallback_centerline,0.50428,0,,,,,,0,,,,234925,151187,2931
342,72.24579238891602,2026-03-06T12:45:30.131099,118.36,0.0,9.6,23.45,13.85,0.0,0.0,184.8,4.55,2.13,2.13,STRAIGHT,1.5,1.5,"CMD,2.1,1.50",2.793,0.0517,2.772,0.199,1,0.9685,0,NORMAL,51.274,0.381,1,1,1,1,1,217.5,113,9,dijkstra,fallback_centerline,0.4999,0,,,,,,0,,,,235656,149672,2932
343,72.45028614997864,2026-03-06T12:45:30.335593,122.79,0.0,9.24,19.98,12.82,0.0,0.0,182.7,4.56,2.13,2.13,STRAIGHT,1.5,1.5,"CMD,2.1,1.50",2.794,0.0516,2.773,0.2,1,0.9671,0,NORMAL,51.276,0.412,1,1,1,1,1,217.7,114,9,dijkstra,fallback_centerline,0.50089,0,,,,,,0,,,,239868,149993,2951
344,72.6794102191925,2026-03-06T12:45:30.564717,136.93,0.0,9.28,23.62,14.91,0.0,0.0,208.71,4.57,2.129,2.13,STRAIGHT,1.5,1.5,"CMD,2.1,1.50",2.796,0.0516,2.775,0.2,1,0.9641,0,NORMAL,51.318,0.432,1,1,1,1,1,218.1,113,8,dijkstra,fallback_centerline,0.4989,0,,,,,,0,,,,238790,149579,2876
345,72.8980803489685,2026-03-06T12:45:30.783387,126.06,0.0,10.6,23.02,15.47,0.0,0.0,196.19,4.57,2.128,2.129,STRAIGHT,1.5,1.5,"CMD,2.1,1.50",2.794,0.0515,2.773,0.199,1,0.952,0,NORMAL,50.784,0.369,1,1,1,1,1,218.1,127,8,dijkstra,fallback_centerline,0.49382,0,,,,,,0,,,,232754,147942,2859
346,73.11570501327515,2026-03-06T12:45:31.001012,126.41,0.0,8.81,25.19,15.09,0.0,0.0,196.6,4.57,2.126,2.128,STRAIGHT,1.5,1.5,"CMD,2.1,1.50",2.795,0.0514,2.774,0.199,1,0.9704,0,NORMAL,50.562,0.356,1,1,1,1,1,218.4,107,8,dijkstra,fallback_centerline,0.48764,0,,,,,,0,,,,230735,146174,2706
347,73.33572435379028,2026-03-06T12:45:31.221031,129.19,0.0,10.15,23.55,14.37,0.0,0.91,197.88,4.57,2.12,2.126,STRAIGHT,1.5,1.5,"CMD,2.1,1.50",2.793,0.0512,2.772,0.198,1,0.9623,0,NORMAL,50.781,0.373,1,1,1,1,1,219.3,124,8,dijkstra,fallback_centerline,0.47857,0,,,,,,0,,,,228953,143319,2903
348,73.56090641021729,2026-03-06T12:45:31.446213,136.34,0.0,11.13,23.66,13.65,0.0,1.03,204.83,4.57,2.115,2.12,STRAIGHT,1.5,1.5,"CMD,2.1,1.50",2.792,0.051,2.771,0.197,1,0.9591,0,NORMAL,50.901,0.395,1,1,1,1,1,219.8,111,9,dijkstra,fallback_centerline,0.47027,0,,,,,,0,,,,223789,140794,2822
349,73.78957056999207,2026-03-06T12:45:31.674878,134.27,0.0,9.57,26.07,13.88,0.0,0.0,206.49,4.56,1.995,2.115,STRAIGHT,1.5,1.5,"CMD,2.1,1.50",2.614,0.0426,2.59,0.143,1,0.9533,0,NORMAL,51.109,0.433,1,1,1,1,1,220.6,134,10,dijkstra,fallback_centerline,0.47264,0,,,,,,0,,,,224126,141586,2913
350,74.02757239341736,2026-03-06T12:45:31.912879,145.94,0.0,11.33,22.28,15.08,0.0,0.0,216.61,4.55,1.816,1.995,STRAIGHT,1.5,1.5,"CMD,2.0,1.50",2.499,0.0354,2.47,0.108,1,0.9611,0,NORMAL,51.385,0.468,1,1,1,1,1,220.6,109,10,dijkstra,fallback_centerline,0.468,0,,,,,,0,,,,227807,140155,2805
351,74.262460231781,2026-03-06T12:45:32.147767,142.76,0.0,9.48,23.05,14.06,0.0,0.0,208.66,4.54,1.822,1.822,STRAIGHT,1.5,1.5,"CMD,1.8,1.50",2.605,0.0445,2.58,0.149,1,0.9664,0,NORMAL,51.646,0.455,1,1,1,1,1,219.6,110,8,dijkstra,fallback_centerline,0.46738,0,,,,,,0,,,,231899,140087,2827
352,74.51284623146057,2026-03-06T12:45:32.398153,156.5,0.0,10.9,23.01,14.03,0.0,0.0,227.01,4.52,1.868,1.822,STRAIGHT,1.5,1.5,"CMD,1.8,1.50",2.682,0.0475,2.659,0.169,1,0.9707,0,NORMAL,51.81,0.462,1,1,1,1,1,219.8,109,8,dijkstra,fallback_centerline,0.46746,0,,,,,,0,,,,229892,140122,2764
353,74.75536298751831,2026-03-06T12:45:32.640670,145.89,0.0,10.03,22.02,16.71,0.0,0.82,218.3,4.5,1.905,1.868,STRAIGHT,1.5,1.5,"CMD,1.9,1.50",2.739,0.048,2.718,0.178,1,0.9699,0,NORMAL,52.18,0.522,1,1,1,1,1,220.1,107,9,dijkstra,fallback_centerline,0.46413,0,,,,,,0,,,,227467,139043,2581
354,74.961350440979,2026-03-06T12:45:32.846658,122.69,0.0,8.96,19.42,14.34,0.0,0.0,184.51,4.51,1.938,1.905,STRAIGHT,1.5,1.5,"CMD,1.9,1.50",2.762,0.0486,2.741,0.183,1,0.9875,0,NORMAL,52.177,0.594,1,1,1,1,1,220.1,99,7,dijkstra,fallback_centerline,0.46756,0,,,,,,0,,,,228848,139954,2531
355,75.16231298446655,2026-03-06T12:45:33.047620,118.19,0.0,10.95,17.89,13.67,0.0,0.0,179.49,4.52,1.966,1.938,STRAIGHT,1.5,1.5,"CMD,1.9,1.50",2.753,0.0491,2.732,0.184,1,0.9868,0,NORMAL,52.492,0.583,1,1,1,1,1,219.9,89,8,dijkstra,fallback_centerline,0.46973,0,,,,,,0,,,,230608,140739,2502
356,75.36797618865967,2026-03-06T12:45:33.253283,120.93,0.0,9.28,21.06,13.97,0.0,0.0,183.1,4.53,1.979,1.966,STRAIGHT,1.5,1.5,"CMD,2.0,1.50",2.78,0.0486,2.759,0.186,1,0.9836,0,NORMAL,52.472,0.629,1,1,1,1,1,220.2,109,8,dijkstra,fallback_centerline,0.46475,0,,,,,,0,,,,229866,139168,2707
357,75.57784938812256,2026-03-06T12:45:33.463157,123.78,0.0,9.81,20.95,14.61,0.0,0.0,187.56,4.54,1.981,1.979,STRAIGHT,1.5,1.5,"CMD,2.0,1.50",2.774,0.0482,2.753,0.183,1,0.9875,0,NORMAL,52.738,0.653,1,1,1,1,1,220.4,109,7,dijkstra,fallback_centerline,0.46014,0,,,,,,0,,,,228143,137818,2832
358,75.77688407897949,2026-03-06T12:45:33.662191,115.77,0.0,8.53,19.37,14.75,0.0,0.0,177.9,4.56,1.979,1.979,STRAIGHT,1.5,1.5,"CMD,2.0,1.50",2.77,0.0479,2.749,0.182,1,0.9913,0,NORMAL,52.952,0.686,1,1,1,1,1,220.4,108,8,dijkstra,fallback_centerline,0.46004,0,,,,,,0,,,,227869,137694,2873
359,75.98071074485779,2026-03-06T12:45:33.866018,119.39,0.0,8.84,20.08,13.93,0.0,1.0,182.16,4.58,1.977,1.979,STRAIGHT,1.5,1.5,"CMD,2.0,1.50",2.769,0.0478,2.748,0.181,1,0.9815,0,NORMAL,53.035,0.699,1,1,1,1,1,220.9,102,7,dijkstra,fallback_centerline,0.45318,0,,,,,,0,,,,224078,135659,2716
360,76.17757320404053,2026-03-06T12:45:34.062880,113.54,0.0,7.8,21.76,13.71,0.0,0.0,175.49,4.59,1.978,1.978,STRAIGHT,1.5,1.5,"CMD,2.0,1.50",2.771,0.048,2.75,0.182,1,0.9859,0,NORMAL,53.284,0.676,1,1,1,1,1,221.1,110,8,dijkstra,fallback_centerline,0.44942,0,,,,,,0,,,,221432,134553,2689
361,76.3996901512146,2026-03-06T12:45:34.284997,137.16,0.0,9.57,20.27,13.82,0.0,0.0,199.85,4.59,1.986,1.978,STRAIGHT,1.5,1.5,"CMD,2.0,1.50",2.781,0.0485,2.76,0.186,1,0.9866,0,NORMAL,53.64,0.672,1,1,1,1,1,221.3,100,7,dijkstra,fallback_centerline,0.44198,0,,,,,,0,,,,218604,132390,2663
362,76.6086072921753,2026-03-06T12:45:34.493914,124.94,0.0,10.18,20.69,11.72,0.0,0.0,188.24,4.6,1.999,1.986,STRAIGHT,1.5,1.5,"CMD,2.0,1.50",2.796,0.0491,2.775,0.19,1,0.9887,0,NORMAL,53.817,0.697,1,1,1,1,1,221.6,108,8,dijkstra,fallback_centerline,0.43988,0,,,,,,0,,,,216771,131642,2683
363,76.81488871574402,2026-03-06T12:45:34.700196,122.57,0.0,8.94,20.49,13.66,0.0,0.0,186.28,4.61,2.012,1.999,STRAIGHT,1.5,1.5,"CMD,2.0,1.50",2.805,0.0495,2.784,0.193,1,0.9909,0,NORMAL,54.037,0.745,1,1,1,1,1,222.0,96,6,dijkstra,fallback_centerline,0.43998,0,,,,,,0,,,,215976,131651,2537
364,77.01915454864502,2026-03-06T12:45:34.904462,120.83,0.0,9.2,19.21,13.46,0.0,0.0,182.91,4.62,2.027,2.012,STRAIGHT,1.5,1.5,"CMD,2.0,1.50",2.812,0.0499,2.791,0.195,1,0.9872,0,NORMAL,54.029,0.768,1,1,1,1,1,222.0,88,6,dijkstra,fallback_centerline,0.43438,0,,,,,,0,,,,213425,129946,2511
365,77.2298583984375,2026-03-06T12:45:35.115166,127.11,0.0,9.27,19.99,14.07,0.0,0.0,188.99,4.62,2.039,2.027,STRAIGHT,1.5,1.5,"CMD,2.0,1.50",2.816,0.05,2.795,0.196,1,0.9855,0,NORMAL,54.002,0.778,1,1,1,1,1,222.2,99,5,dijkstra,fallback_centerline,0.4299,0,,,,,,0,,,,210747,128669,2571
366,77.43806219100952,2026-03-06T12:45:35.323369,127.06,0.0,9.49,16.93,14.62,0.0,0.0,186.58,4.63,2.054,2.039,STRAIGHT,1.5,1.5,"CMD,2.0,1.50",2.824,0.0505,2.804,0.199,1,0.9447,0,NORMAL,54.365,0.581,1,1,1,1,1,221.8,59,5,dijkstra,fallback_centerline,0.44002,0,,,,,,0,,,,206073,131761,2276
367,77.64761233329773,2026-03-06T12:45:35.532919,128.14,0.0,11.07,14.03,13.67,0.0,0.0,186.86,4.63,2.067,2.054,STRAIGHT,1.5,1.5,"CMD,2.1,1.50",2.831,0.0508,2.81,0.201,1,0.934,0,NORMAL,54.569,0.494,1,1,1,1,1,221.5,48,4,dijkstra,fallback_centerline,0.41514,0,,,,,,0,,,,193348,124214,2139
368,77.85122084617615,2026-03-06T12:45:35.736528,124.26,0.0,8.94,14.05,13.6,0.0,0.0,182.1,4.64,2.077,2.067,STRAIGHT,1.5,1.5,"CMD,2.1,1.50",2.834,0.0509,2.814,0.202,1,0.9516,0,NORMAL,53.982,0.556,1,1,1,1,1,221.3,54,3,dijkstra,fallback_centerline,0.40432,0,,,,,,0,,,,194314,120938,2014
369,78.04622149467468,2026-03-06T12:45:35.931529,121.27,0.0,9.53,12.22,13.46,0.0,0.64,177.97,4.66,2.086,2.077,STRAIGHT,1.5,1.5,"CMD,2.1,1.50",2.839,0.051,2.819,0.204,1,0.9579,0,NORMAL,53.204,0.596,1,1,1,1,1,221.4,31,3,dijkstra,fallback_centerline,0.38981,0,,,,,,0,,,,187157,116639,1500
370,78.24092173576355,2026-03-06T12:45:36.126229,117.68,0.0,10.16,16.48,13.5,0.0,0.0,174.84,4.68,2.1,2.086,STRAIGHT,1.5,1.5,"CMD,2.1,1.50",2.864,0.0516,2.844,0.21,1,0.9587,0,NORMAL,52.458,0.586,1,1,1,1,1,221.7,74,3,dijkstra,fallback_centerline,0.38099,0,,,,,,0,,,,189176,114032,1781
371,78.44459533691406,2026-03-06T12:45:36.329902,123.61,0.0,9.25,18.62,15.21,0.0,0.51,183.56,4.68,2.116,2.1,STRAIGHT,1.5,1.5,"CMD,2.1,1.50",2.882,0.0521,2.862,0.214,1,0.9783,0,NORMAL,51.956,0.612,1,1,1,1,1,221.9,80,3,dijkstra,fallback_centerline,0.37479,0,,,,,,0,,,,186300,112103,1801
372,78.65855813026428,2026-03-06T12:45:36.543865,130.71,0.0,9.66,16.75,13.62,0.0,0.0,191.06,4.67,2.129,2.116,STRAIGHT,1.5,1.5,"CMD,2.1,1.50",2.891,0.0523,2.871,0.217,1,0.979,0,NORMAL,51.519,0.629,1,1,1,1,1,221.9,62,4,dijkstra,fallback_centerline,0.37169,0,,,,,,0,,,,186609,111324,1768
373,78.86941242218018,2026-03-06T12:45:36.754720,130.26,0.0,8.33,17.15,12.89,0.0,0.43,191.87,4.68,2.144,2.129,STRAIGHT,1.5,1.5,"CMD,2.1,1.50",2.914,0.0527,2.894,0.222,1,0.9829,0,NORMAL,51.049,0.627,1,1,1,1,1,222.0,84,3,dijkstra,fallback_centerline,0.37147,0,,,,,,0,,,,188238,111180,1926
374,79.07212376594543,2026-03-06T12:45:36.957431,126.95,0.0,9.12,15.56,12.53,0.0,0.0,183.89,4.7,2.156,2.144,STRAIGHT,1.5,1.5,"CMD,2.1,1.50",2.924,0.0529,2.904,0.224,1,0.9819,0,NORMAL,50.652,0.646,1,1,1,1,1,221.7,86,3,dijkstra,fallback_centerline,0.36715,0,,,,,,0,,,,185413,109889,1768
375,79.27399110794067,2026-03-06T12:45:37.159298,126.01,0.0,8.89,15.6,13.19,0.0,1.06,184.38,4.71,2.165,2.156,STRAIGHT,1.5,1.5,"CMD,2.2,1.50",2.93,0.0529,2.911,0.226,1,0.9767,0,NORMAL,50.377,0.634,1,1,1,1,1,221.6,69,3,dijkstra,fallback_centerline,0.35833,0,,,,,,0,,,,184689,107227,1827
376,79.4662446975708,2026-03-06T12:45:37.351552,120.28,0.0,9.13,15.63,11.52,0.0,0.0,175.65,4.73,2.175,2.165,STRAIGHT,1.5,1.5,"CMD,2.2,1.50",2.947,0.0532,2.927,0.229,1,0.9796,0,NORMAL,50.154,0.636,1,1,1,1,1,221.1,63,3,dijkstra,fallback_centerline,0.35884,0,,,,,,0,,,,184713,107285,1691
377,79.67674541473389,2026-03-06T12:45:37.562052,130.72,0.0,8.86,16.71,12.08,0.0,0.0,187.93,4.74,2.182,2.175,STRAIGHT,1.5,1.5,"CMD,2.2,1.50",2.964,0.0533,2.944,0.232,1,0.9627,0,NORMAL,50.024,0.652,1,1,1,1,1,221.6,77,3,dijkstra,fallback_centerline,0.34329,0,,,,,,0,,,,178948,102745,1891
378,79.87557435035706,2026-03-06T12:45:37.760881,118.79,0.0,9.75,15.03,13.38,0.0,0.0,177.54,4.77,2.188,2.182,STRAIGHT,1.5,1.5,"CMD,2.2,1.50",2.985,0.0533,2.966,0.236,1,0.9803,0,NORMAL,50.016,0.644,1,1,1,1,1,221.9,66,3,dijkstra,fallback_centerline,0.33312,0,,,,,,0,,,,176020,99770,1850
379,80.07070636749268,2026-03-06T12:45:37.956013,119.96,0.0,8.03,16.04,11.87,0.0,0.0,174.89,4.8,2.193,2.188,STRAIGHT,1.5,1.5,"CMD,2.2,1.50",3.0,0.0534,2.98,0.239,1,0.9822,0,NORMAL,50.137,0.622,1,1,1,1,1,222.0,76,3,dijkstra,fallback_centerline,0.32837,0,,,,,,0,,,,173385,98239,1808
380,80.26496839523315,2026-03-06T12:45:38.150275,121.01,0.0,8.72,15.28,12.04,0.0,0.0,175.98,4.83,2.197,2.193,STRAIGHT,1.5,1.5,"CMD,2.2,1.50",3.016,0.0534,2.997,0.242,1,0.9775,0,NORMAL,50.374,0.622,1,1,1,1,1,222.5,71,3,dijkstra,fallback_centerline,0.31872,0,,,,,,0,,,,169681,95278,1600
381,80.46163892745972,2026-03-06T12:45:38.346946,121.55,0.0,9.1,14.33,11.46,0.0,1.01,176.9,4.87,2.198,2.197,STRAIGHT,1.5,1.5,"CMD,2.2,1.50",3.045,0.0534,3.026,0.246,1,0.9878,0,NORMAL,50.749,0.574,1,1,1,1,1,222.5,60,5,dijkstra,fallback_centerline,0.31566,0,,,,,,0,,,,169781,94500,1641
382,80.66064882278442,2026-03-06T12:45:38.545956,122.96,0.0,10.02,14.75,12.18,0.0,0.0,179.85,4.91,2.198,2.198,STRAIGHT,1.5,1.5,"CMD,2.2,1.50",3.06,0.0533,3.041,0.248,1,0.9793,0,NORMAL,51.235,0.56,1,1,1,1,1,222.7,70,4,dijkstra,fallback_centerline,0.30787,0,,,,,,0,,,,166449,92056,1614
383,80.85922861099243,2026-03-06T12:45:38.744536,121.81,0.0,8.54,15.11,10.97,0.0,1.0,178.39,4.92,2.195,2.198,STRAIGHT,1.5,1.5,"CMD,2.2,1.50",3.087,0.0531,3.068,0.251,1,0.9871,0,NORMAL,51.75,0.52,1,1,1,1,1,222.3,72,4,dijkstra,fallback_centerline,0.30434,0,,,,,,0,,,,165400,91147,1579
384,81.0523190498352,2026-03-06T12:45:38.937626,120.12,0.0,8.78,13.49,11.16,0.0,0.0,173.67,4.92,2.193,2.195,STRAIGHT,1.5,1.5,"CMD,2.2,1.50",3.082,0.0531,3.063,0.251,1,0.9874,0,NORMAL,51.996,0.507,1,1,1,1,1,222.5,62,3,dijkstra,fallback_centerline,0.30277,0,,,,,,0,,,,163780,90623,1593
385,81.2448160648346,2026-03-06T12:45:39.130123,122.08,0.0,8.93,11.23,11.66,0.0,0.0,174.78,4.93,2.192,2.193,STRAIGHT,1.5,1.5,"CMD,2.2,1.50",3.082,0.0531,3.063,0.251,1,0.972,0,NORMAL,52.373,0.487,1,1,1,1,1,222.4,42,2,dijkstra,fallback_centerline,0.29541,0,,,,,,0,,,,159495,88501,1292
386,81.43835043907166,2026-03-06T12:45:39.323658,121.79,0.0,8.02,13.55,11.92,0.0,0.0,174.5,4.95,2.189,2.192,STRAIGHT,1.5,1.5,"CMD,2.2,1.50",3.11,0.0529,3.091,0.255,1,0.9659,0,NORMAL,52.711,0.495,1,1,1,1,1,222.5,63,3,dijkstra,fallback_centerline,0.2963,0,,,,,,0,,,,162653,88685,1522
387,81.64232206344604,2026-03-06T12:45:39.527629,128.94,0.0,9.24,14.86,11.88,0.0,0.0,185.0,4.94,2.185,2.189,STRAIGHT,1.5,1.5,"CMD,2.2,1.50",3.127,0.0528,3.108,0.257,1,0.9795,0,NORMAL,53.159,0.454,1,1,1,1,1,222.4,68,4,dijkstra,fallback_centerline,0.29068,0,,,,,,0,,,,159655,87086,1529
388,81.837073802948,2026-03-06T12:45:39.722381,119.6,0.0,8.39,14.55,10.81,0.0,0.0,174.65,4.95,2.184,2.185,STRAIGHT,1.5,1.5,"CMD,2.2,1.50",3.116,0.0529,3.097,0.256,1,0.9828,0,NORMAL,53.578,0.46,1,1,1,1,1,222.4,71,3,dijkstra,fallback_centerline,0.29434,0,,,,,,0,,,,162018,87998,1535
389,82.03608441352844,2026-03-06T12:45:39.921391,125.5,0.0,9.09,14.99,11.26,0.0,0.0,179.61,4.95,2.184,2.184,STRAIGHT,1.5,1.5,"CMD,2.2,1.50",3.11,0.053,3.091,0.255,1,0.9915,0,NORMAL,53.968,0.506,1,1,1,1,1,222.5,67,3,dijkstra,fallback_centerline,0.29279,0,,,,,,0,,,,161661,87621,1487
390,82.22587370872498,2026-03-06T12:45:40.111181,118.72,0.0,8.35,14.53,10.87,0.0,0.92,171.11,4.98,2.185,2.184,STRAIGHT,1.5,1.5,"CMD,2.2,1.50",3.097,0.053,3.079,0.253,1,0.9885,0,NORMAL,54.373,0.53,1,1,1,1,1,222.5,74,3,dijkstra,fallback_centerline,0.29231,0,,,,,,0,,,,161397,87436,1517
391,82.41996192932129,2026-03-06T12:45:40.305269,121.77,0.0,8.24,14.1,11.11,0.0,1.0,176.08,4.99,2.186,2.185,STRAIGHT,1.5,1.5,"CMD,2.2,1.50",3.099,0.053,3.08,0.253,1,0.9817,0,NORMAL,54.979,0.538,1,1,1,1,1,223.0,69,4,dijkstra,fallback_centerline,0.28802,0,,,,,,0,,,,160856,86241,1519
392,82.60990524291992,2026-03-06T12:45:40.495212,118.78,0.0,6.81,13.01,12.18,0.0,0.0,170.64,5.0,2.186,2.186,STRAIGHT,1.5,1.5,"CMD,2.2,1.50",3.099,0.053,3.08,0.253,1,0.982,0,NORMAL,55.528,0.563,1,1,1,1,1,223.0,67,3,dijkstra,fallback_centerline,0.28599,0,,,,,,0,,,,159740,85465,1527
393,82.80238366127014,2026-03-06T12:45:40.687691,120.62,0.0,10.63,13.91,8.42,0.0,0.0,172.81,5.01,2.188,2.186,STRAIGHT,1.5,1.5,"CMD,2.2,1.50",3.078,0.0531,3.059,0.25,1,0.9836,0,NORMAL,56.286,0.589,1,1,1,1,1,223.4,81,3,dijkstra,fallback_centerline,0.2845,0,,,,,,0,,,,159831,85113,1623
394,82.99260425567627,2026-03-06T12:45:40.877911,117.9,0.0,8.06,14.5,11.52,0.0,0.0,171.08,5.03,2.189,2.188,STRAIGHT,1.5,1.5,"CMD,2.2,1.50",3.08,0.0531,3.061,0.251,1,0.9798,0,NORMAL,56.921,0.61,1,1,1,1,1,223.0,75,3,dijkstra,fallback_centerline,0.28252,0,,,,,,0,,,,158777,84517,1581
395,83.18489956855774,2026-03-06T12:45:41.070207,121.01,0.0,8.2,9.3,16.98,0.0,0.0,172.75,5.05,2.19,2.189,STRAIGHT,1.5,1.5,"CMD,2.2,1.50",3.071,0.0532,3.052,0.249,1,0.9894,0,NORMAL,57.843,0.624,1,1,1,1,1,223.1,70,3,dijkstra,fallback_centerline,0.28285,0,,,,,,0,,,,158953,84535,1607
396,83.38257646560669,2026-03-06T12:45:41.267884,124.63,0.0,9.03,11.19,14.63,0.0,0.0,178.36,5.06,2.191,2.19,STRAIGHT,1.5,1.5,"CMD,2.2,1.50",3.067,0.0532,3.047,0.249,1,0.9806,0,NORMAL,58.795,0.605,1,1,1,1,1,223.2,73,3,dijkstra,fallback_centerline,0.27711,0,,,,,,0,,,,156949,82826,1663
397,83.58566975593567,2026-03-06T12:45:41.470977,129.88,0.0,8.5,13.59,10.78,0.0,0.0,183.31,5.06,2.192,2.191,STRAIGHT,1.5,1.5,"CMD,2.2,1.50",3.064,0.0532,3.045,0.248,1,0.9791,0,NORMAL,59.523,0.621,1,1,1,1,1,223.4,55,3,dijkstra,fallback_centerline,0.27138,0,,,,,,0,,,,155152,81177,1576
398,83.7895724773407,2026-03-06T12:45:41.674880,125.54,0.0,10.53,16.26,10.79,0.0,0.0,183.88,5.05,2.193,2.192,STRAIGHT,1.5,1.5,"CMD,2.2,1.50",3.065,0.0532,3.046,0.249,1,0.9844,0,NORMAL,60.012,0.638,1,1,1,1,1,223.1,77,3,dijkstra,fallback_centerline,0.26959,0,,,,,,0,,,,154620,80691,1644
399,84.00482678413391,2026-03-06T12:45:41.890134,139.72,0.0,9.67,13.68,11.09,0.0,0.0,194.36,5.03,2.384,2.193,STRAIGHT,1.5,1.5,"CMD,2.2,1.50",2.546,0.0671,2.507,0.212,1,0.9718,0,NORMAL,59.989,0.613,1,1,1,1,1,211.7,64,3,dijkstra,fallback_centerline,0.27486,0,,,,,,0,,,,155486,82222,1499
400,84.20729422569275,2026-03-06T12:45:42.092601,129.09,0.0,11.22,13.22,11.03,0.0,0.0,184.26,5.03,2.303,2.303,STRAIGHT,1.5,1.5,"CMD,2.3,1.50",2.139,0.052,2.073,0.112,1,0.9381,0,NORMAL,61.643,0.676,1,1,1,1,1,206.3,62,3,dijkstra,fallback_centerline,0.25787,0,,,,,,0,,,,147346,77123,1419
401,84.40830636024475,2026-03-06T12:45:42.293613,122.72,0.0,12.87,14.54,11.4,0.0,0.0,181.55,5.04,2.362,2.362,STRAIGHT,1.5,1.5,"CMD,2.4,1.50",2.693,0.0601,2.663,0.215,1,0.9655,0,NORMAL,61.765,0.697,1,1,1,1,1,223.4,62,2,dijkstra,fallback_centerline,0.26471,0,,,,,,0,,,,152589,79239,1404
402,84.59936809539795,2026-03-06T12:45:42.484675,119.31,0.0,9.17,11.94,11.75,0.0,0.0,170.91,5.06,2.369,2.362,STRAIGHT,1.5,1.5,"CMD,2.4,1.50",2.883,0.0578,2.858,0.238,1,0.983,0,NORMAL,62.941,0.727,1,1,1,1,1,223.5,69,3,dijkstra,fallback_centerline,0.2612,0,,,,,,0,,,,151514,78150,1655
403,84.79236173629761,2026-03-06T12:45:42.677669,120.3,0.0,9.74,15.38,11.14,0.0,0.0,173.64,5.07,2.346,2.362,STRAIGHT,1.5,1.5,"CMD,2.4,1.50",2.972,0.0558,2.95,0.244,1,0.9706,0,NORMAL,62.953,0.748,1,1,1,1,1,223.6,77,3,dijkstra,fallback_centerline,0.27285,0,,,,,,0,,,,156091,81653,1704
404,84.99093914031982,2026-03-06T12:45:42.876246,120.55,0.0,9.01,14.83,11.03,0.0,0.0,176.25,5.07,2.315,2.346,STRAIGHT,1.5,1.5,"CMD,2.3,1.50",3.03,0.0546,3.01,0.249,1,0.9734,0,NORMAL,64.636,0.818,1,1,1,1,1,223.5,70,4,dijkstra,fallback_centerline,0.26481,0,,,,,,0,,,,152115,79287,1622
405,85.17555236816406,2026-03-06T12:45:43.060859,117.25,0.0,7.68,10.54,10.85,0.0,0.0,166.03,5.08,2.285,2.315,STRAIGHT,1.5,1.5,"CMD,2.3,1.50",3.061,0.0539,3.041,0.251,1,0.9776,0,NORMAL,65.587,0.836,1,1,1,1,1,223.8,50,3,dijkstra,fallback_centerline,0.25374,0,,,,,,0,,,,148978,75926,1480
406,85.3675446510315,2026-03-06T12:45:43.252852,122.69,0.0,8.09,12.19,11.47,0.0,0.0,172.63,5.1,2.259,2.285,STRAIGHT,1.5,1.5,"CMD,2.3,1.50",3.078,0.0535,3.058,0.252,1,0.9722,0,NORMAL,65.378,0.893,1,1,1,1,1,223.6,55,2,dijkstra,fallback_centerline,0.26676,0,,,,,,0,,,,153169,79742,1296
407,85.56222772598267,2026-03-06T12:45:43.447535,123.26,0.0,9.02,13.46,10.01,0.0,0.0,174.81,5.1,2.239,2.259,STRAIGHT,1.5,1.5,"CMD,2.3,1.50",3.087,0.0533,3.068,0.253,1,0.981,0,NORMAL,66.069,0.881,1,1,1,1,1,223.8,61,3,dijkstra,fallback_centerline,0.26017,0,,,,,,0,,,,152146,77871,1484
408,85.75167489051819,2026-03-06T12:45:43.636982,117.38,0.0,9.57,13.03,11.27,0.0,0.0,170.53,5.1,2.224,2.239,STRAIGHT,1.5,1.5,"CMD,2.2,1.50",3.092,0.0532,3.073,0.253,1,0.9875,0,NORMAL,67.095,0.879,1,1,1,1,1,223.8,62,4,dijkstra,fallback_centerline,0.2581,0,,,,,,0,,,,150730,77313,1507
409,85.94403600692749,2026-03-06T12:45:43.829343,121.97,0.0,8.12,12.13,10.4,0.0,1.0,176.35,5.11,2.213,2.224,STRAIGHT,1.5,1.5,"CMD,2.2,1.50",3.086,0.0532,3.067,0.252,1,0.9771,0,NORMAL,67.684,0.821,1,1,1,1,1,224.0,53,2,dijkstra,fallback_centerline,0.2499,0,,,,,,0,,,,147511,74649,1312
410,86.12985587120056,2026-03-06T12:45:44.015163,116.78,0.0,9.06,11.34,12.06,0.0,0.0,167.56,5.12,2.206,2.213,STRAIGHT,1.5,1.5,"CMD,2.2,1.50",3.084,0.0531,3.065,0.251,1,0.9902,0,NORMAL,67.655,0.819,1,1,1,1,1,224.0,55,3,dijkstra,fallback_centerline,0.25174,0,,,,,,0,,,,148615,75347,1387
411,86.31953692436218,2026-03-06T12:45:44.204844,120.73,0.0,8.79,12.06,9.55,0.0,1.02,170.62,5.12,2.201,2.206,STRAIGHT,1.5,1.5,"CMD,2.2,1.50",3.082,0.0532,3.063,0.251,1,0.9849,0,NORMAL,67.992,0.792,1,1,1,1,1,223.9,67,3,dijkstra,fallback_centerline,0.25632,0,,,,,,0,,,,150624,76619,1449
412,86.51486706733704,2026-03-06T12:45:44.400174,125.54,0.0,8.24,13.94,10.54,0.0,0.0,177.27,5.13,2.198,2.201,STRAIGHT,1.5,1.5,"CMD,2.2,1.50",3.082,0.0532,3.063,0.251,1,0.9851,0,NORMAL,68.82,0.772,1,1,1,1,1,223.8,66,3,dijkstra,fallback_centerline,0.2632,0,,,,,,0,,,,151645,78714,1549
413,86.711354970932,2026-03-06T12:45:44.596662,127.53,0.0,8.19,13.05,10.52,0.0,1.0,177.66,5.12,2.195,2.198,STRAIGHT,1.5,1.5,"CMD,2.2,1.50",3.091,0.0531,3.072,0.252,1,0.9856,0,NORMAL,69.318,0.702,1,1,1,1,1,223.8,62,4,dijkstra,fallback_centerline,0.25709,0,,,,,,0,,,,150671,76897,1515
414,86.90917420387268,2026-03-06T12:45:44.794481,123.64,0.0,11.0,12.85,11.99,0.0,0.0,179.62,5.12,2.194,2.195,STRAIGHT,1.5,1.5,"CMD,2.2,1.50",3.086,0.0531,3.067,0.251,1,0.9922,0,NORMAL,69.343,0.672,1,1,1,1,1,223.9,69,4,dijkstra,fallback_centerline,0.25872,0,,,,,,0,,,,150792,77463,1567
415,87.10270380973816,2026-03-06T12:45:44.988011,121.35,0.0,8.66,12.02,10.93,0.0,1.0,174.41,5.12,2.193,2.194,STRAIGHT,1.5,1.5,"CMD,2.2,1.50",3.086,0.0531,3.067,0.252,1,0.9914,0,NORMAL,69.608,0.655,1,1,1,1,1,223.6,60,4,dijkstra,fallback_centerline,0.25957,0,,,,,,0,,,,151294,77663,1479
416,87.29194235801697,2026-03-06T12:45:45.177249,121.6,0.0,7.48,10.82,11.14,0.0,0.0,170.49,5.13,2.192,2.193,STRAIGHT,1.5,1.5,"CMD,2.2,1.50",3.083,0.0531,3.064,0.251,1,0.9715,0,NORMAL,69.869,0.651,1,1,1,1,1,223.9,39,3,dijkstra,fallback_centerline,0.25514,0,,,,,,0,,,,147389,76366,1360
417,87.48169279098511,2026-03-06T12:45:45.367000,121.07,0.0,8.02,10.96,10.85,0.0,1.0,171.04,5.14,2.192,2.192,STRAIGHT,1.5,1.5,"CMD,2.2,1.50",3.082,0.0531,3.063,0.251,1,0.9805,0,NORMAL,69.934,0.593,1,1,1,1,1,223.8,53,3,dijkstra,fallback_centerline,0.25843,0,,,,,,0,,,,150022,77429,1406
418,87.66664028167725,2026-03-06T12:45:45.551947,114.96,0.0,9.03,12.95,10.18,0.0,1.09,166.44,5.15,2.192,2.192,STRAIGHT,1.5,1.5,"CMD,2.2,1.50",3.082,0.0531,3.063,0.251,1,0.9839,0,NORMAL,70.083,0.623,1,1,1,1,1,223.8,55,3,dijkstra,fallback_centerline,0.26372,0,,,,,,0,,,,150622,78965,1442
419,87.85235047340393,2026-03-06T12:45:45.737658,118.76,0.0,8.59,9.02,11.72,0.0,0.0,167.76,5.15,2.191,2.192,STRAIGHT,1.5,1.5,"CMD,2.2,1.50",3.091,0.0531,3.072,0.252,1,0.9684,0,NORMAL,70.38,0.533,1,1,1,1,1,223.8,34,3,dijkstra,fallback_centerline,0.25589,0,,,,,,0,,,,146198,76554,1143
420,88.04175233840942,2026-03-06T12:45:45.927059,121.58,0.0,8.23,11.54,10.65,0.0,0.0,174.31,5.16,2.19,2.191,STRAIGHT,1.5,1.5,"CMD,2.2,1.50",3.095,0.0531,3.076,0.253,1,0.9566,0,NORMAL,70.634,0.5,1,1,1,1,1,223.8,47,3,dijkstra,fallback_centerline,0.26217,0,,,,,,0,,,,152445,78467,1447
421,88.23217606544495,2026-03-06T12:45:46.117483,118.45,0.0,7.88,10.32,14.27,0.0,0.0,170.59,5.16,2.192,2.191,STRAIGHT,1.5,1.5,"CMD,2.2,1.50",3.069,0.0533,3.05,0.249,1,0.972,0,NORMAL,70.711,0.465,1,1,1,1,1,223.8,74,4,dijkstra,fallback_centerline,0.26488,0,,,,,,0,,,,152487,79290,1555
422,88.4236478805542,2026-03-06T12:45:46.308955,119.75,0.0,9.13,14.06,11.07,0.0,0.0,173.24,5.16,2.192,2.192,STRAIGHT,1.5,1.5,"CMD,2.2,1.50",3.084,0.0532,3.065,0.251,1,0.9729,0,NORMAL,70.711,0.456,1,1,1,1,1,223.5,67,4,dijkstra,fallback_centerline,0.27128,0,,,,,,0,,,,156535,81149,1669
423,88.61264896392822,2026-03-06T12:45:46.497956,120.16,0.0,7.9,13.03,10.02,0.0,0.0,170.91,5.16,2.192,2.192,STRAIGHT,1.5,1.5,"CMD,2.2,1.50",3.07,0.0532,3.051,0.249,1,0.9838,0,NORMAL,70.711,0.471,1,1,1,1,1,224.0,55,5,dijkstra,fallback_centerline,0.26816,0,,,,,,0,,,,155057,80334,1568
424,88.8080484867096,2026-03-06T12:45:46.693356,119.86,0.0,12.41,13.73,11.31,0.0,0.0,176.84,5.16,2.193,2.192,STRAIGHT,1.5,1.5,"CMD,2.2,1.50",3.042,0.0533,3.023,0.245,1,0.979,0,NORMAL,70.711,0.446,1,1,1,1,1,223.9,71,2,dijkstra,fallback_centerline,0.27397,0,,,,,,0,,,,155665,81987,1374
425,89.00593209266663,2026-03-06T12:45:46.891239,123.95,0.0,9.05,14.17,11.12,0.0,0.0,177.35,5.16,2.195,2.193,STRAIGHT,1.5,1.5,"CMD,2.2,1.50",3.027,0.0533,3.007,0.243,1,0.981,0,NORMAL,70.711,0.434,1,1,1,1,1,223.8,64,3,dijkstra,fallback_centerline,0.27062,0,,,,,,0,,,,153728,81016,1523
426,89.20040965080261,2026-03-06T12:45:47.085717,120.16,0.0,9.76,15.16,10.67,0.0,0.0,174.81,5.16,2.195,2.195,STRAIGHT,1.5,1.5,"CMD,2.2,1.50",3.007,0.0533,2.987,0.239,1,0.9863,0,NORMAL,70.711,0.439,1,1,1,1,1,223.8,58,4,dijkstra,fallback_centerline,0.268,0,,,,,,0,,,,152385,80154,1514
427,89.38972067832947,2026-03-06T12:45:47.275028,120.03,0.0,8.97,11.23,10.84,0.0,0.0,170.03,5.18,2.195,2.195,STRAIGHT,1.5,1.5,"CMD,2.2,1.50",2.996,0.0532,2.976,0.237,1,0.9884,0,NORMAL,70.711,0.41,1,1,1,1,1,223.8,38,5,dijkstra,fallback_centerline,0.27002,0,,,,,,0,,,,153475,80724,1480
428,89.57796025276184,2026-03-06T12:45:47.463267,116.61,0.0,8.9,11.76,9.62,0.0,2.52,168.98,5.2,2.194,2.195,STRAIGHT,1.5,1.5,"CMD,2.2,1.50",2.978,0.0532,2.958,0.234,1,0.9835,0,NORMAL,70.711,0.406,1,1,1,1,1,223.8,53,5,dijkstra,fallback_centerline,0.27236,0,,,,,,0,,,,155421,81562,1539
429,89.77206444740295,2026-03-06T12:45:47.657371,120.72,0.0,9.25,12.89,10.18,0.0,3.23,177.37,5.21,2.194,2.194,STRAIGHT,1.5,1.5,"CMD,2.2,1.50",2.98,0.0532,2.96,0.235,1,0.9856,0,NORMAL,70.711,0.38,1,1,1,1,1,223.4,52,4,dijkstra,fallback_centerline,0.2757,0,,,,,,0,,,,156847,82524,1418
430,89.9623327255249,2026-03-06T12:45:47.847640,120.6,0.0,8.52,11.64,11.2,0.0,0.0,171.04,5.22,2.192,2.194,STRAIGHT,1.5,1.5,"CMD,2.2,1.50",2.964,0.0531,2.944,0.231,1,0.9774,0,NORMAL,70.711,0.456,1,1,1,1,1,223.8,52,3,dijkstra,fallback_centerline,0.28283,0,,,,,,0,,,,158729,84591,1356
431,90.15523481369019,2026-03-06T12:45:48.040542,117.37,0.0,9.01,14.72,11.84,0.0,0.0,172.65,5.22,2.189,2.192,STRAIGHT,1.5,1.5,"CMD,2.2,1.50",2.95,0.0529,2.931,0.229,1,0.9836,0,NORMAL,70.711,0.503,1,1,1,1,1,224.3,70,4,dijkstra,fallback_centerline,0.28405,0,,,,,,0,,,,158606,84951,1509
432,90.34870505332947,2026-03-06T12:45:48.234012,120.61,0.0,9.01,14.54,11.2,0.0,0.63,174.66,5.22,2.186,2.189,STRAIGHT,1.5,1.5,"CMD,2.2,1.50",2.944,0.0529,2.924,0.227,1,0.9812,0,NORMAL,70.711,0.529,1,1,1,1,1,224.3,64,5,dijkstra,fallback_centerline,0.28853,0,,,,,,0,,,,160701,86223,1705
433,90.54255104064941,2026-03-06T12:45:48.427858,124.17,0.0,9.2,13.59,11.08,0.0,1.06,175.29,5.22,2.182,2.186,STRAIGHT,1.5,1.5,"CMD,2.2,1.50",2.934,0.0527,2.914,0.225,1,0.9763,0,NORMAL,70.711,0.567,1,1,1,1,1,224.3,64,4,dijkstra,fallback_centerline,0.2895,0,,,,,,0,,,,159977,86565,1596
434,90.7337236404419,2026-03-06T12:45:48.619031,119.76,0.0,9.01,11.99,11.26,0.0,0.0,172.04,5.22,2.174,2.182,STRAIGHT,1.5,1.5,"CMD,2.2,1.50",2.915,0.0523,2.895,0.221,1,0.983,0,NORMAL,70.711,0.604,1,1,1,1,1,224.5,49,5,dijkstra,fallback_centerline,0.28616,0,,,,,,0,,,,159189,85644,1578
435,90.92618584632874,2026-03-06T12:45:48.811493,120.73,0.0,8.92,13.61,10.81,0.0,0.77,173.49,5.22,2.159,2.174,STRAIGHT,1.5,1.5,"CMD,2.2,1.50",2.883,0.0516,2.863,0.213,1,0.9812,0,NORMAL,70.711,0.686,1,1,1,1,1,224.8,60,5,dijkstra,fallback_centerline,0.29324,0,,,,,,0,,,,160977,87728,1544
436,91.12043309211731,2026-03-06T12:45:49.005740,122.35,0.0,9.07,14.15,11.7,0.0,0.0,176.49,5.22,2.144,2.159,STRAIGHT,1.5,1.5,"CMD,2.2,1.50",2.867,0.0513,2.846,0.209,1,0.9825,0,NORMAL,70.711,0.655,1,1,1,1,1,224.8,55,5,dijkstra,fallback_centerline,0.28946,0,,,,,,0,,,,160936,86696,1748
437,91.31236791610718,2026-03-06T12:45:49.197675,121.55,0.0,9.48,12.06,10.02,0.0,0.0,171.83,5.22,2.132,2.144,STRAIGHT,1.5,1.5,"CMD,2.1,1.50",2.858,0.0511,2.838,0.207,1,0.9875,0,NORMAL,70.711,0.682,1,1,1,1,1,224.8,49,6,dijkstra,fallback_centerline,0.29147,0,,,,,,0,,,,162005,87238,1633
438,91.50294303894043,2026-03-06T12:45:49.388250,118.72,0.0,8.5,13.02,12.15,0.0,0.0,172.21,5.22,2.119,2.132,STRAIGHT,1.5,1.5,"CMD,2.1,1.50",2.847,0.0507,2.826,0.204,1,0.9779,0,NORMAL,70.711,0.701,1,1,1,1,1,224.8,55,4,dijkstra,fallback_centerline,0.2993,0,,,,,,0,,,,164622,89643,1528
439,91.69480395317078,2026-03-06T12:45:49.580111,120.57,0.0,7.95,15.95,10.97,0.0,0.0,172.86,5.21,2.103,2.119,STRAIGHT,1.5,1.5,"CMD,2.1,1.50",2.838,0.0502,2.818,0.2,1,0.9807,0,NORMAL,70.711,0.818,1,1,1,1,1,224.8,54,5,dijkstra,fallback_centerline,0.2989,0,,,,,,0,,,,164821,89496,1674
440,91.88462209701538,2026-03-06T12:45:49.769929,118.67,0.0,8.75,10.47,14.57,0.0,0.0,171.83,5.21,2.093,2.103,STRAIGHT,1.5,1.5,"CMD,2.1,1.50",2.836,0.0502,2.815,0.2,1,0.9623,0,NORMAL,70.711,0.821,1,1,1,1,1,224.7,56,4,dijkstra,fallback_centerline,0.29969,0,,,,,,0,,,,164086,89711,1696
441,92.06747817993164,2026-03-06T12:45:49.952785,119.03,0.0,7.23,13.02,5.47,0.0,0.0,162.78,5.22,2.079,2.093,STRAIGHT,1.5,1.5,"CMD,2.1,1.50",2.832,0.0497,2.811,0.197,1,0.9713,0,NORMAL,70.711,0.813,1,1,1,1,1,224.8,66,5,dijkstra,fallback_centerline,0.29833,0,,,,,,0,,,,163937,89252,1732
442,92.2595226764679,2026-03-06T12:45:50.144830,114.48,0.0,6.92,14.98,11.52,0.0,0.0,168.98,5.23,1.525,2.079,STRAIGHT,1.5,1.5,"CMD,2.1,1.50",4.0,0.0101,2.055,0.021,1,0.9686,0,NORMAL,70.711,0.83,1,1,1,1,2,102.8,71,4,dijkstra,graph,0.30091,0,,,,,,0,,,,162545,90153,1802
443,92.45459032058716,2026-03-06T12:45:50.339897,124.57,0.0,9.4,12.63,9.88,0.0,0.0,176.22,5.23,1.322,1.525,STRAIGHT,1.5,1.5,"CMD,1.5,1.50",3.817,0.0222,3.811,0.161,1,0.9571,0,NORMAL,70.711,0.815,1,1,1,1,1,224.9,61,3,dijkstra,fallback_centerline,0.30593,0,,,,,,0,,,,168154,91497,1566
444,92.64715385437012,2026-03-06T12:45:50.532461,120.96,0.0,9.07,14.55,11.0,0.0,0.0,178.81,5.23,1.392,1.392,STRAIGHT,1.5,1.5,"CMD,1.4,1.50",3.178,0.0371,3.165,0.187,1,0.9864,0,NORMAL,70.711,0.81,1,1,1,1,1,224.9,68,4,dijkstra,fallback_centerline,0.30566,0,,,,,,0,,,,167843,91466,1745
445,92.84172248840332,2026-03-06T12:45:50.727029,121.3,0.0,8.99,13.31,12.75,0.0,0.0,175.11,5.23,1.537,1.392,STRAIGHT,1.5,1.5,"CMD,1.4,1.50",2.9,0.0443,2.882,0.185,1,0.9851,0,NORMAL,70.711,0.745,1,1,1,1,1,224.8,59,4,dijkstra,fallback_centerline,0.3119,0,,,,,,0,,,,168664,93382,1546
446,93.03393316268921,2026-03-06T12:45:50.919240,118.71,0.0,8.64,13.77,12.25,0.0,0.0,171.87,5.22,1.674,1.537,STRAIGHT,1.5,1.5,"CMD,1.5,1.50",2.816,0.0472,2.796,0.185,1,0.9794,0,NORMAL,70.711,0.718,1,1,1,1,1,224.8,60,5,dijkstra,fallback_centerline,0.32008,0,,,,,,0,,,,171217,95851,1769
447,93.22845029830933,2026-03-06T12:45:51.113758,121.33,0.0,9.09,15.11,10.07,0.0,0.0,174.53,5.21,1.769,1.674,STRAIGHT,1.5,1.5,"CMD,1.7,1.50",2.814,0.0475,2.794,0.186,1,0.9861,0,NORMAL,70.711,0.755,1,1,1,1,1,224.8,66,7,dijkstra,fallback_centerline,0.31919,0,,,,,,0,,,,170630,95546,1790
448,93.42785286903381,2026-03-06T12:45:51.313160,125.09,0.0,8.8,14.9,12.21,0.0,0.0,180.55,5.2,1.825,1.769,STRAIGHT,1.5,1.5,"CMD,1.8,1.50",2.815,0.047,2.795,0.184,1,0.989,0,NORMAL,70.711,0.76,1,1,1,1,1,224.8,65,3,dijkstra,fallback_centerline,0.3207,0,,,,,,0,,,,171004,96083,1621
449,93.62139749526978,2026-03-06T12:45:51.506705,121.78,0.0,8.82,14.03,11.28,0.0,0.0,174.42,5.2,1.855,1.825,STRAIGHT,1.5,1.5,"CMD,1.8,1.50",2.822,0.0464,2.802,0.183,1,0.9856,0,NORMAL,70.711,0.738,1,1,1,1,1,224.8,70,4,dijkstra,fallback_centerline,0.31961,0,,,,,,0,,,,170550,95772,1598
450,93.81498837471008,2026-03-06T12:45:51.700295,120.37,0.0,8.39,13.21,13.38,0.0,0.0,174.1,5.19,1.837,1.837,STRAIGHT,1.5,1.5,"CMD,1.8,1.50",2.851,0.0437,2.832,0.176,1,0.9819,0,NORMAL,70.711,0.784,1,1,1,1,1,224.8,54,5,dijkstra,fallback_centerline,0.32729,0,,,,,,0,,,,172186,97912,1554
451,94.01151084899902,2026-03-06T12:45:51.896818,115.4,0.0,12.15,14.24,14.02,0.0,0.0,175.25,5.19,1.805,1.837,STRAIGHT,1.5,1.5,"CMD,1.8,1.50",2.866,0.0422,2.848,0.172,1,0.9849,0,NORMAL,70.711,0.76,1,1,1,1,1,224.9,57,3,dijkstra,fallback_centerline,0.32919,0,,,,,,0,,,,172272,98553,1535
452,94.20578527450562,2026-03-06T12:45:52.091092,123.12,0.0,9.08,13.19,13.4,0.0,0.0,177.14,5.18,1.781,1.805,STRAIGHT,1.5,1.5,"CMD,1.8,1.50",2.851,0.042,2.833,0.169,1,0.9825,0,NORMAL,70.711,0.797,1,1,1,1,1,224.8,55,5,dijkstra,fallback_centerline,0.33246,0,,,,,,0,,,,174162,99484,1628
453,94.39553713798523,2026-03-06T12:45:52.280844,118.08,0.0,9.34,13.97,9.94,0.0,0.0,169.59,5.19,1.754,1.781,STRAIGHT,1.5,1.5,"CMD,1.8,1.50",2.874,0.0412,2.856,0.169,1,0.979,0,NORMAL,70.711,0.82,1,1,1,1,1,224.9,58,5,dijkstra,fallback_centerline,0.33926,0,,,,,,0,,,,176217,101542,1787
454,94.59216332435608,2026-03-06T12:45:52.477470,119.49,0.0,9.16,14.14,12.49,0.0,0.0,174.89,5.19,1.724,1.754,STRAIGHT,1.5,1.5,"CMD,1.8,1.50",2.903,0.0403,2.886,0.169,1,0.978,0,NORMAL,70.711,0.766,1,1,1,1,1,224.9,60,4,dijkstra,fallback_centerline,0.33136,0,,,,,,0,,,,173333,99205,1571
455,94.78026533126831,2026-03-06T12:45:52.665572,115.87,0.0,9.02,13.65,12.23,0.0,0.0,168.72,5.2,1.696,1.724,STRAIGHT,1.5,1.5,"CMD,1.7,1.50",2.904,0.0398,2.887,0.166,1,0.9866,0,NORMAL,70.711,0.777,1,1,1,1,1,224.9,55,4,dijkstra,fallback_centerline,0.33271,0,,,,,,0,,,,173771,99657,1577
456,94.97172045707703,2026-03-06T12:45:52.857028,119.67,0.0,7.61,13.37,9.89,0.0,0.0,172.05,5.2,1.675,1.696,STRAIGHT,1.5,1.5,"CMD,1.7,1.50",2.887,0.0396,2.869,0.164,1,0.9862,0,NORMAL,70.711,0.763,1,1,1,1,1,224.9,57,5,dijkstra,fallback_centerline,0.33479,0,,,,,,0,,,,173959,100303,1614
457,95.16251587867737,2026-03-06T12:45:53.047823,117.6,0.0,9.03,9.88,17.16,0.0,0.0,171.47,5.19,1.658,1.675,STRAIGHT,1.5,1.5,"CMD,1.7,1.50",2.865,0.0393,2.847,0.16,1,0.9885,0,NORMAL,70.711,0.76,1,1,1,1,1,224.9,66,4,dijkstra,fallback_centerline,0.33603,0,,,,,,0,,,,173517,100687,1599
458,95.35789823532104,2026-03-06T12:45:53.243205,119.23,0.0,8.41,14.66,12.94,0.0,0.0,176.4,5.19,1.626,1.658,STRAIGHT,1.5,1.5,"CMD,1.7,1.50",2.893,0.0379,2.876,0.157,1,0.9867,0,NORMAL,70.427,0.779,1,1,1,1,1,224.9,60,2,dijkstra,fallback_centerline,0.33713,0,,,,,,0,,,,173400,100910,1631
459,95.55231142044067,2026-03-06T12:45:53.437619,118.76,0.0,9.46,13.8,12.65,0.0,0.0,175.06,5.19,1.593,1.626,STRAIGHT,1.5,1.5,"CMD,1.6,1.50",2.918,0.037,2.902,0.156,1,0.9897,0,NORMAL,70.524,0.79,1,1,1,1,1,224.9,65,2,dijkstra,fallback_centerline,0.33917,0,,,,,,0,,,,174368,101623,1639
460,95.74778628349304,2026-03-06T12:45:53.633093,119.24,0.0,10.04,16.46,12.82,0.0,0.0,179.83,5.19,1.563,1.593,STRAIGHT,1.5,1.5,"CMD,1.6,1.50",2.913,0.0365,2.897,0.153,1,0.9843,0,NORMAL,70.361,0.754,1,1,1,1,1,224.8,73,5,dijkstra,fallback_centerline,0.34709,0,,,,,,0,,,,176462,103940,1757
461,95.94839668273926,2026-03-06T12:45:53.833704,122.92,0.0,9.02,17.1,13.66,0.0,0.0,180.32,5.18,1.545,1.563,STRAIGHT,1.5,1.5,"CMD,1.6,1.50",2.883,0.0366,2.866,0.151,1,0.9805,0,NORMAL,70.131,0.739,1,1,1,1,1,224.9,75,3,dijkstra,fallback_centerline,0.35252,0,,,,,,0,,,,176515,105593,1897
462,96.14563012123108,2026-03-06T12:45:54.030937,120.68,0.0,9.07,16.14,13.02,0.0,0.0,177.69,5.18,1.521,1.545,STRAIGHT,1.5,1.5,"CMD,1.5,1.50",2.907,0.0357,2.89,0.15,1,0.987,0,NORMAL,69.894,0.693,1,1,1,1,1,224.9,68,3,dijkstra,fallback_centerline,0.35326,0,,,,,,0,,,,177337,105784,1754
463,96.33965563774109,2026-03-06T12:45:54.224963,121.47,0.0,8.92,13.5,12.89,0.0,0.0,173.66,5.17,1.496,1.521,STRAIGHT,1.5,1.5,"CMD,1.5,1.50",2.918,0.0351,2.902,0.148,1,0.9691,0,NORMAL,68.516,0.708,1,1,1,1,1,224.8,54,4,dijkstra,fallback_centerline,0.36271,0,,,,,,0,,,,177389,108601,1723
464,96.53874373435974,2026-03-06T12:45:54.424051,118.94,0.0,9.02,16.98,14.77,0.0,0.0,178.44,5.17,1.459,1.496,STRAIGHT,1.5,1.5,"CMD,1.5,1.50",3.001,0.0336,2.986,0.15,1,0.9679,0,NORMAL,67.74,0.915,1,1,1,1,1,224.9,86,3,dijkstra,fallback_centerline,0.37632,0,,,,,,0,,,,181602,112714,2106
465,96.73287415504456,2026-03-06T12:45:54.618181,116.3,0.0,9.58,13.45,14.54,0.0,0.0,173.09,5.17,1.428,1.459,STRAIGHT,1.5,1.5,"CMD,1.5,1.50",3.033,0.0331,3.019,0.151,1,0.9855,0,NORMAL,66.981,0.905,1,1,1,1,1,224.9,55,7,dijkstra,fallback_centerline,0.37876,0,,,,,,0,,,,183286,113344,2026
466,96.92994499206543,2026-03-06T12:45:54.815252,118.69,0.0,8.89,17.31,13.41,0.0,0.0,176.28,5.16,1.397,1.428,STRAIGHT,1.5,1.5,"CMD,1.4,1.50",3.079,0.0324,3.066,0.152,1,0.9811,0,NORMAL,66.181,0.868,1,1,1,1,1,224.9,76,5,dijkstra,fallback_centerline,0.38806,0,,,,,,0,,,,186230,116209,2138
467,97.12227487564087,2026-03-06T12:45:55.007582,116.12,0.0,9.11,14.7,13.93,0.0,0.0,171.97,5.16,1.401,1.401,STRAIGHT,1.5,1.5,"CMD,1.4,1.50",2.975,0.0342,2.96,0.15,1,0.982,0,NORMAL,65.962,0.814,1,1,1,1,1,224.8,66,6,dijkstra,fallback_centerline,0.39731,0,,,,,,0,,,,189058,118865,1955
468,97.33009576797485,2026-03-06T12:45:55.215403,126.73,0.0,9.96,16.18,14.64,0.0,0.0,187.45,5.15,1.396,1.397,STRAIGHT,1.5,1.5,"CMD,1.4,1.50",2.982,0.0336,2.966,0.148,1,0.9834,0,NORMAL,66.349,0.737,1,1,1,1,1,224.9,72,5,dijkstra,fallback_centerline,0.39217,0,,,,,,0,,,,187572,117325,2250
469,97.53098273277283,2026-03-06T12:45:55.416290,121.4,0.0,9.22,15.86,14.43,0.0,0.0,180.78,5.14,1.403,1.401,STRAIGHT,1.5,1.5,"CMD,1.4,1.50",2.936,0.0344,2.92,0.147,1,0.9801,0,NORMAL,66.07,0.71,1,1,1,1,1,224.8,80,3,dijkstra,fallback_centerline,0.40068,0,,,,,,0,,,,190454,119971,2029
470,97.72892546653748,2026-03-06T12:45:55.614233,120.41,0.0,7.58,15.83,15.1,0.0,0.0,177.53,5.12,1.405,1.403,STRAIGHT,1.5,1.5,"CMD,1.4,1.50",2.934,0.0342,2.918,0.146,1,0.9797,0,NORMAL,65.56,0.697,1,1,1,1,1,224.8,74,4,dijkstra,fallback_centerline,0.39942,0,,,,,,0,,,,190932,119620,2239
471,97.92604088783264,2026-03-06T12:45:55.811348,118.05,0.0,8.41,16.02,14.53,0.0,0.0,176.14,5.12,1.381,1.403,STRAIGHT,1.5,1.5,"CMD,1.4,1.50",3.034,0.0323,3.019,0.148,1,0.9861,0,NORMAL,65.765,0.656,1,1,1,1,1,224.9,83,5,dijkstra,fallback_centerline,0.39729,0,,,,,,0,,,,189633,119016,2289
472,98.12921118736267,2026-03-06T12:45:56.014518,121.28,0.0,9.38,19.06,13.63,0.0,0.0,182.75,5.11,1.34,1.381,STRAIGHT,1.5,1.5,"CMD,1.4,1.50",3.096,0.0304,3.082,0.145,1,0.9618,0,NORMAL,64.406,0.713,1,1,1,1,1,225.0,93,6,dijkstra,fallback_centerline,0.41219,0,,,,,,0,,,,193812,123292,2205
473,98.3348650932312,2026-03-06T12:45:56.220172,123.52,0.0,11.12,17.77,14.5,0.0,0.0,185.38,5.1,1.288,1.34,STRAIGHT,1.5,1.5,"CMD,1.3,1.50",3.172,0.0287,3.16,0.144,1,0.9843,0,NORMAL,63.803,0.852,1,1,1,1,1,225.0,82,7,dijkstra,fallback_centerline,0.41488,0,,,,,,0,,,,193587,124011,2144
474,98.53525829315186,2026-03-06T12:45:56.420565,119.1,0.0,11.06,15.6,13.85,0.0,0.0,179.79,5.09,1.195,1.288,STRAIGHT,1.5,1.5,"CMD,1.3,1.50",3.399,0.0245,3.39,0.141,1,0.9789,0,NORMAL,63.687,0.91,1,1,1,1,1,224.9,69,5,dijkstra,fallback_centerline,0.40919,0,,,,,,0,,,,193428,122267,2021
475,98.73659682273865,2026-03-06T12:45:56.621904,121.79,0.0,9.15,17.58,14.01,0.0,0.0,180.29,5.09,1.117,1.195,STRAIGHT,1.5,1.5,"CMD,1.2,1.50",3.523,0.0233,3.515,0.144,1,0.9775,0,NORMAL,63.113,0.919,1,1,1,1,1,225.0,78,6,dijkstra,fallback_centerline,0.4205,0,,,,,,0,,,,196321,125798,2176
476,98.94226622581482,2026-03-06T12:45:56.827573,122.51,0.0,10.48,17.18,14.57,0.0,0.0,183.52,5.08,1.048,1.117,STRAIGHT,1.5,1.5,"CMD,1.1,1.50",3.629,0.0221,3.622,0.145,1,0.9886,0,NORMAL,63.288,0.928,1,1,1,1,1,224.9,83,7,dijkstra,fallback_centerline,0.42151,0,,,,,,0,,,,196778,126058,2332
477,99.14284443855286,2026-03-06T12:45:57.028152,121.2,0.0,9.01,17.81,14.46,0.0,0.36,180.25,5.07,0.985,1.048,STRAIGHT,1.5,1.5,"CMD,1.0,1.50",3.664,0.0208,3.657,0.139,1,0.978,0,NORMAL,63.411,0.923,1,1,1,1,1,225.0,89,8,dijkstra,fallback_centerline,0.42079,0,,,,,,0,,,,195625,125816,2211
478,99.34053111076355,2026-03-06T12:45:57.225838,119.54,0.0,9.19,17.3,13.47,0.0,1.0,178.61,5.07,0.925,0.985,STRAIGHT,1.5,1.5,"CMD,1.0,1.50",3.873,0.0195,3.867,0.146,1,0.9781,0,NORMAL,63.61,0.911,1,1,1,1,1,225.0,78,6,dijkstra,fallback_centerline,0.42374,0,,,,,,0,,,,198134,126685,2093
479,99.5398120880127,2026-03-06T12:45:57.425119,117.32,0.0,9.23,16.98,12.95,0.0,1.02,178.14,5.07,0.878,0.925,STRAIGHT,1.5,1.5,"CMD,0.9,1.50",3.919,0.019,3.912,0.146,1,0.9861,0,NORMAL,63.117,0.948,1,1,1,1,1,225.0,88,4,dijkstra,fallback_centerline,0.42878,0,,,,,,0,,,,199855,128067,2151
480,99.73936009407043,2026-03-06T12:45:57.624667,119.6,0.0,9.08,17.63,13.35,0.0,1.08,179.19,5.06,0.794,0.878,STRAIGHT,1.5,1.5,"CMD,0.9,1.50",4.0,0.0152,3.996,0.121,1,0.9827,0,NORMAL,63.192,0.924,1,1,1,1,1,225.0,80,7,dijkstra,fallback_centerline,0.42252,0,,,,,,0,,,,198097,126358,2210
481,99.93705368041992,2026-03-06T12:45:57.822361,118.31,0.0,9.99,16.39,13.9,0.0,0.0,176.45,5.06,0.729,0.794,STRAIGHT,1.5,1.5,"CMD,0.8,1.50",4.0,0.0145,3.996,0.116,1,0.9699,0,NORMAL,62.659,0.967,1,1,1,1,1,225.0,72,7,dijkstra,fallback_centerline,0.43754,0,,,,,,0,,,,203489,130901,2278
482,100.13219022750854,2026-03-06T12:45:58.017497,113.27,0.0,8.54,18.87,14.47,0.0,0.0,173.96,5.06,0.696,0.729,STRAIGHT,1.5,1.5,"CMD,0.7,1.50",4.0,0.0153,3.996,0.122,1,0.9824,0,NORMAL,63.495,0.924,1,1,1,1,1,225.0,100,6,dijkstra,fallback_centerline,0.4381,0,,,,,,0,,,,203224,131058,2426
483,100.33303308486938,2026-03-06T12:45:58.218340,123.37,0.0,7.62,18.32,12.68,0.0,0.0,180.06,5.05,0.681,0.696,STRAIGHT,1.5,1.5,"CMD,0.7,1.50",4.0,0.0158,3.995,0.126,1,0.9812,0,NORMAL,62.717,0.977,1,1,1,1,1,225.0,91,7,dijkstra,fallback_centerline,0.44579,0,,,,,,0,,,,205912,133353,2360
484,100.5300018787384,2026-03-06T12:45:58.415309,116.68,0.0,10.33,17.0,14.67,0.0,0.0,178.64,5.04,0.663,0.681,STRAIGHT,1.5,1.5,"CMD,0.7,1.50",4.0,0.0152,3.995,0.121,1,0.9796,0,NORMAL,63.532,0.959,1,1,1,1,1,225.0,82,7,dijkstra,fallback_centerline,0.44349,0,,,,,,0,,,,203786,132539,2293
485,100.72852683067322,2026-03-06T12:45:58.613834,117.65,0.0,8.52,17.53,14.02,0.0,0.0,176.99,5.04,0.661,0.663,STRAIGHT,1.5,1.5,"CMD,0.7,1.50",4.0,0.0159,3.995,0.127,1,0.9793,0,NORMAL,63.017,0.943,1,1,1,1,1,225.0,88,5,dijkstra,fallback_centerline,0.44019,0,,,,,,0,,,,204754,131724,2210
486,100.93219923973083,2026-03-06T12:45:58.817506,122.32,0.0,8.2,19.95,13.43,0.0,0.0,183.02,5.03,0.689,0.663,STRAIGHT,1.5,1.5,"CMD,0.7,1.50",4.0,0.0181,3.994,0.144,1,0.965,0,NORMAL,63.004,1.093,1,1,1,1,1,225.0,98,5,dijkstra,fallback_centerline,0.46236,0,,,,,,0,,,,210334,138283,2414
487,101.13381242752075,2026-03-06T12:45:59.019119,118.94,0.0,9.81,19.69,14.16,0.0,0.0,180.09,5.02,0.691,0.689,STRAIGHT,1.5,1.5,"CMD,0.7,1.50",4.0,0.0168,3.993,0.134,1,0.9678,0,NORMAL,63.99,0.992,1,1,1,1,1,225.0,94,5,dijkstra,fallback_centerline,0.46188,0,,,,,,0,,,,210440,138107,2517
488,101.33909058570862,2026-03-06T12:45:59.224398,122.24,0.0,8.53,20.93,13.65,0.0,0.0,184.42,5.01,0.635,0.689,STRAIGHT,1.5,1.5,"CMD,0.7,1.50",4.0,0.0127,3.993,0.101,1,0.9644,0,NORMAL,64.104,0.996,1,1,1,1,1,225.0,101,5,dijkstra,fallback_centerline,0.447,0,,,,,,0,,,,204582,133631,2484
489,101.5409038066864,2026-03-06T12:45:59.426211,117.02,0.0,10.65,19.55,13.1,0.0,1.0,179.36,5.01,0.595,0.635,STRAIGHT,1.5,1.5,"CMD,0.6,1.50",4.0,0.0125,3.993,0.1,1,0.9724,0,NORMAL,64.422,0.965,1,1,1,1,1,225.0,95,5,dijkstra,fallback_centerline,0.45386,0,,,,,,0,,,,208346,135750,2472
490,101.74214816093445,2026-03-06T12:45:59.627455,120.89,0.0,10.02,16.36,15.09,0.0,0.0,179.96,5.01,0.549,0.595,STRAIGHT,1.5,1.5,"CMD,0.6,1.50",4.0,0.011,3.992,0.088,1,0.9627,0,NORMAL,64.597,0.839,1,1,1,1,1,225.0,71,6,dijkstra,fallback_centerline,0.44781,0,,,,,,0,,,,202370,134006,2410
491,101.94307088851929,2026-03-06T12:45:59.828378,120.13,0.0,7.63,17.76,13.59,0.0,0.0,179.28,5.0,0.484,0.549,STRAIGHT,1.5,1.5,"CMD,0.5,1.50",4.0,0.0086,3.993,0.068,1,0.9762,0,NORMAL,64.715,0.83,1,1,1,1,1,225.0,81,5,dijkstra,fallback_centerline,0.44634,0,,,,,,0,,,,203863,133536,2444
492,102.14243125915527,2026-03-06T12:46:00.027739,116.99,0.0,9.65,18.08,14.57,0.0,0.0,178.65,5.0,0.463,0.484,STRAIGHT,1.5,1.5,"CMD,0.5,1.50",4.0,0.0102,3.992,0.081,1,0.9848,0,NORMAL,64.919,0.784,1,1,1,1,1,225.0,90,5,dijkstra,fallback_centerline,0.44921,0,,,,,,0,,,,204750,134308,2466
493,102.34561204910278,2026-03-06T12:46:00.230919,121.97,0.0,8.05,18.38,15.05,0.0,0.0,181.86,4.99,0.461,0.463,STRAIGHT,1.5,1.5,"CMD,0.5,1.50",4.0,0.0111,3.992,0.088,1,0.9865,0,NORMAL,65.417,0.725,1,1,1,1,1,225.0,90,6,dijkstra,fallback_centerline,0.44707,0,,,,,,0,,,,203815,133772,2566
494,102.55059337615967,2026-03-06T12:46:00.435900,119.45,0.0,10.89,16.89,14.21,0.0,0.0,181.76,4.98,0.471,0.463,STRAIGHT,1.5,1.5,"CMD,0.5,1.50",4.0,0.0119,3.992,0.095,1,0.9869,0,NORMAL,65.954,0.695,1,1,1,1,1,225.0,80,6,dijkstra,fallback_centerline,0.44601,0,,,,,,0,,,,203005,133417,2275
495,102.75020265579224,2026-03-06T12:46:00.635510,118.4,0.0,9.18,17.88,14.59,0.0,0.0,178.78,4.98,0.469,0.469,STRAIGHT,1.5,1.5,"CMD,0.5,1.50",4.0,0.0113,3.992,0.09,1,0.9904,0,NORMAL,65.687,0.691,1,1,1,1,1,225.0,81,5,dijkstra,fallback_centerline,0.45064,0,,,,,,0,,,,203580,134742,2328
496,102.94854950904846,2026-03-06T12:46:00.833856,118.45,0.0,10.08,17.47,13.98,0.0,0.0,180.5,4.98,0.469,0.469,STRAIGHT,1.5,1.5,"CMD,0.5,1.50",4.0,0.0114,3.992,0.091,1,0.99,0,NORMAL,66.292,0.631,1,1,1,1,1,225.0,79,6,dijkstra,fallback_centerline,0.44955,0,,,,,,0,,,,203046,134412,2519
497,103.14524292945862,2026-03-06T12:46:01.030550,116.6,0.0,11.03,16.48,14.18,0.0,0.0,177.48,4.99,0.478,0.469,STRAIGHT,1.5,1.5,"CMD,0.5,1.50",4.0,0.012,3.992,0.096,1,0.9906,0,NORMAL,66.178,0.582,1,1,1,1,1,225.0,82,6,dijkstra,fallback_centerline,0.4525,0,,,,,,0,,,,203787,135430,2395
498,103.34825348854065,2026-03-06T12:46:01.233561,120.26,0.0,8.5,19.91,13.8,0.0,0.0,181.66,4.99,0.496,0.478,STRAIGHT,1.5,1.5,"CMD,0.5,1.50",4.0,0.0129,3.992,0.103,1,0.9863,0,NORMAL,66.826,0.513,1,1,1,1,1,225.0,99,5,dijkstra,fallback_centerline,0.45273,0,,,,,,0,,,,203890,135499,2306
499,103.55470252037048,2026-03-06T12:46:01.440010,121.26,0.0,9.05,18.55,13.26,0.0,1.0,185.42,4.98,0.528,0.496,STRAIGHT,1.5,1.5,"CMD,0.5,1.50",4.0,0.0143,3.993,0.114,1,0.9872,0,NORMAL,67.119,0.461,1,1,1,1,1,225.0,90,7,dijkstra,fallback_centerline,0.4543,0,,,,,,0,,,,203515,135936,2498
500,103.75712275505066,2026-03-06T12:46:01.642430,118.34,0.0,9.29,18.88,14.29,0.0,0.0,181.52,4.97,0.568,0.528,STRAIGHT,1.5,1.5,"CMD,0.5,1.50",4.0,0.0157,3.992,0.125,1,0.9871,0,NORMAL,67.746,0.408,1,1,1,1,1,225.0,94,6,dijkstra,fallback_centerline,0.45182,0,,,,,,0,,,,202693,135199,2540
501,103.95206427574158,2026-03-06T12:46:01.837372,115.76,0.0,10.27,17.54,12.15,0.0,0.0,173.72,4.98,0.664,0.568,STRAIGHT,1.5,1.5,"CMD,0.6,1.50",4.0,0.0208,3.991,0.166,1,0.9743,0,NORMAL,66.918,0.428,1,1,1,1,1,224.8,88,6,dijkstra,fallback_centerline,0.46816,0,,,,,,0,,,,207394,139933,2433
502,104.15303921699524,2026-03-06T12:46:02.038346,119.61,0.0,9.29,17.95,14.18,0.0,0.0,179.18,4.98,0.758,0.664,STRAIGHT,1.5,1.5,"CMD,0.7,1.50",4.0,0.023,3.99,0.183,1,0.9871,0,NORMAL,68.157,0.378,1,1,1,1,1,224.8,86,5,dijkstra,fallback_centerline,0.46589,0,,,,,,0,,,,205720,139171,2410
503,104.35379195213318,2026-03-06T12:46:02.239099,119.35,0.0,9.17,18.64,13.65,0.0,0.0,178.3,4.98,0.835,0.758,STRAIGHT,1.5,1.5,"CMD,0.8,1.50",4.0,0.024,3.989,0.191,1,0.9894,0,NORMAL,68.535,0.362,1,1,1,1,1,224.8,88,5,dijkstra,fallback_centerline,0.46415,0,,,,,,0,,,,205126,138759,2241
504,104.55873417854309,2026-03-06T12:46:02.444041,120.68,0.0,9.68,19.89,13.15,0.0,1.0,184.09,4.98,0.884,0.835,STRAIGHT,1.5,1.5,"CMD,0.8,1.50",4.0,0.0238,3.989,0.19,1,0.9759,0,NORMAL,69.799,0.257,1,1,1,1,1,224.9,89,5,dijkstra,fallback_centerline,0.44754,0,,,,,,0,,,,200741,133936,2326
505,104.75663232803345,2026-03-06T12:46:02.641940,115.93,0.0,8.25,19.2,13.46,0.0,1.03,176.71,4.99,0.938,0.884,STRAIGHT,1.5,1.5,"CMD,0.9,1.50",3.987,0.0253,3.975,0.201,1,0.9841,0,NORMAL,69.255,0.262,1,1,1,1,1,224.8,92,5,dijkstra,fallback_centerline,0.45698,0,,,,,,0,,,,203472,136655,2388
506,104.95543432235718,2026-03-06T12:46:02.840741,116.96,0.0,8.76,19.13,13.87,0.0,0.0,177.82,4.99,0.949,0.938,STRAIGHT,1.5,1.5,"CMD,0.9,1.50",4.0,0.0235,3.989,0.188,1,0.9875,0,NORMAL,69.677,0.252,1,1,1,1,1,224.9,98,5,dijkstra,fallback_centerline,0.45705,0,,,,,,0,,,,202606,136711,2375
507,105.16075611114502,2026-03-06T12:46:03.046063,122.47,0.0,10.97,18.55,14.48,0.0,0.0,185.29,4.98,0.943,0.943,STRAIGHT,1.5,1.5,"CMD,0.9,1.50",4.0,0.0226,3.99,0.18,1,0.9867,0,NORMAL,69.445,0.22,1,1,1,1,1,224.9,95,5,dijkstra,fallback_centerline,0.45198,0,,,,,,0,,,,202452,135146,2374
508,105.36254453659058,2026-03-06T12:46:03.247852,119.9,0.0,10.02,18.49,14.52,0.0,0.0,181.77,4.98,0.944,0.944,STRAIGHT,1.5,1.5,"CMD,0.9,1.50",4.0,0.0229,3.99,0.182,1,0.9793,0,NORMAL,68.435,0.305,1,1,1,1,1,224.8,82,6,dijkstra,fallback_centerline,0.46424,0,,,,,,0,,,,205334,138770,2357
509,105.56494736671448,2026-03-06T12:46:03.450254,121.2,0.0,8.48,18.54,14.3,0.0,0.0,181.57,4.98,0.921,0.943,STRAIGHT,1.5,1.5,"CMD,0.9,1.50",4.0,0.0213,3.991,0.17,1,0.983,0,NORMAL,68.178,0.388,1,1,1,1,1,224.9,82,6,dijkstra,fallback_centerline,0.4713,0,,,,,,0,,,,206955,141066,2501
510,105.76865720748901,2026-03-06T12:46:03.653964,121.32,0.0,9.6,20.05,13.99,0.0,0.0,183.94,4.97,0.924,0.924,STRAIGHT,1.5,1.5,"CMD,0.9,1.50",4.0,0.0225,3.99,0.179,1,0.9818,0,NORMAL,68.793,0.424,1,1,1,1,1,224.8,93,5,dijkstra,fallback_centerline,0.47107,0,,,,,,0,,,,207541,140982,2389
511,105.96819233894348,2026-03-06T12:46:03.853499,118.48,0.0,9.01,19.11,13.3,0.0,1.0,178.7,4.97,0.91,0.921,STRAIGHT,1.5,1.5,"CMD,0.9,1.50",4.0,0.0214,3.991,0.171,1,0.9812,0,NORMAL,68.351,0.386,1,1,1,1,1,224.9,83,5,dijkstra,fallback_centerline,0.46643,0,,,,,,0,,,,207132,139445,2404
512,106.1754379272461,2026-03-06T12:46:04.060745,127.33,0.0,8.58,19.62,13.27,0.0,0.0,186.84,4.96,0.93,0.924,STRAIGHT,1.5,1.5,"CMD,0.9,1.50",4.0,0.0235,3.99,0.187,1,0.9771,0,NORMAL,67.206,0.43,1,1,1,1,1,224.8,92,5,dijkstra,fallback_centerline,0.47581,0,,,,,,0,,,,211535,142205,2423
513,106.39529466629028,2026-03-06T12:46:04.280602,135.55,0.0,9.76,18.06,14.37,0.0,0.5,201.32,4.94,0.944,0.93,STRAIGHT,1.5,1.5,"CMD,0.9,1.50",4.0,0.0236,3.989,0.188,1,0.9859,0,NORMAL,67.092,0.433,1,1,1,1,1,224.9,67,5,dijkstra,fallback_centerline,0.4745,0,,,,,,0,,,,210664,141829,2261
514,106.60576844215393,2026-03-06T12:46:04.491076,126.1,0.0,5.0,15.96,14.31,0.0,0.0,188.43,4.93,0.976,0.944,STRAIGHT,1.5,1.5,"CMD,0.9,1.50",3.945,0.0252,3.933,0.195,1,0.9755,0,NORMAL,67.543,0.398,1,1,1,1,1,224.8,59,5,dijkstra,fallback_centerline,0.48264,0,,,,,,0,,,,214392,144465,2164
515,106.80966782569885,2026-03-06T12:46:04.694975,118.98,0.0,4.93,23.81,18.25,0.0,0.0,182.47,4.93,1.001,0.976,STRAIGHT,1.5,1.5,"CMD,1.0,1.50",3.57,0.0254,3.559,0.161,1,0.9654,0,NORMAL,64.808,0.549,1,1,1,1,1,224.8,71,5,dijkstra,fallback_centerline,0.50256,0,,,,,,0,,,,221298,150348,2348
516,107.02386856079102,2026-03-06T12:46:04.909176,126.37,0.0,9.19,19.56,17.32,0.0,0.0,190.8,4.92,1.02,1.001,STRAIGHT,1.5,1.5,"CMD,1.0,1.50",3.478,0.0257,3.467,0.154,1,0.9731,0,NORMAL,64.483,0.547,1,1,1,1,1,224.9,80,5,dijkstra,fallback_centerline,0.5019,0,,,,,,0,,,,218516,150085,2410
517,107.23201537132263,2026-03-06T12:46:05.117323,125.41,0.0,8.99,19.2,13.66,0.0,1.45,187.04,4.92,1.034,1.02,STRAIGHT,1.5,1.5,"CMD,1.0,1.50",3.425,0.0257,3.413,0.15,1,0.9731,0,NORMAL,63.326,0.624,1,1,1,1,1,224.9,88,5,dijkstra,fallback_centerline,0.51304,0,,,,,,0,,,,224078,153420,2369
518,107.4372091293335,2026-03-06T12:46:05.322516,123.51,0.0,8.77,18.67,13.35,0.0,0.0,184.17,4.92,1.044,1.034,STRAIGHT,1.5,1.5,"CMD,1.0,1.50",3.378,0.0258,3.366,0.147,1,0.9789,0,NORMAL,60.058,0.623,1,1,1,1,1,224.9,80,6,dijkstra,fallback_centerline,0.51083,0,,,,,,0,,,,224807,152796,2368
519,107.64559435844421,2026-03-06T12:46:05.530902,125.42,0.0,9.81,18.85,10.98,0.0,0.0,185.32,4.91,1.045,1.044,STRAIGHT,1.5,1.5,"CMD,1.0,1.50",3.539,0.0253,3.528,0.158,1,0.9701,0,NORMAL,59.303,0.713,1,1,1,1,1,224.9,91,4,dijkstra,fallback_centerline,0.51591,0,,,,,,0,,,,223737,154352,2486
520,107.85463047027588,2026-03-06T12:46:05.739938,122.05,0.0,8.46,20.39,13.79,0.0,0.0,186.3,4.91,1.057,1.045,STRAIGHT,1.5,1.5,"CMD,1.0,1.50",3.189,0.0262,3.177,0.133,1,0.9511,0,NORMAL,60.04,0.712,1,1,1,1,1,224.8,86,5,dijkstra,fallback_centerline,0.52083,0,,,,,,0,,,,224960,155701,2537
521,108.06489276885986,2026-03-06T12:46:05.950200,125.04,0.0,10.24,21.45,14.78,0.0,0.0,188.9,4.9,1.059,1.057,STRAIGHT,1.5,1.5,"CMD,1.1,1.50",3.247,0.0258,3.235,0.135,1,0.9662,0,NORMAL,58.842,0.8,1,1,1,1,1,224.8,105,6,dijkstra,fallback_centerline,0.52149,0,,,,,,0,,,,224724,156018,2539
522,108.27143597602844,2026-03-06T12:46:06.156743,123.78,0.0,9.44,19.57,14.6,0.0,0.0,185.7,4.89,1.063,1.059,STRAIGHT,1.5,1.5,"CMD,1.1,1.50",3.214,0.026,3.202,0.133,1,0.9683,0,NORMAL,58.266,0.779,1,1,1,1,1,224.8,96,5,dijkstra,fallback_centerline,0.52783,0,,,,,,0,,,,228968,157892,2662
523,108.48964381217957,2026-03-06T12:46:06.374951,128.88,0.0,10.77,22.61,13.72,0.0,1.0,197.01,4.88,1.075,1.063,STRAIGHT,1.5,1.5,"CMD,1.1,1.50",3.131,0.0266,3.118,0.13,1,0.9639,0,NORMAL,56.967,0.827,1,1,1,1,1,224.5,101,5,dijkstra,fallback_centerline,0.5381,0,,,,,,0,,,,235168,160823,2646
524,108.7016429901123,2026-03-06T12:46:06.586950,125.94,0.0,9.24,19.9,13.87,0.0,0.0,189.3,4.87,1.071,1.071,STRAIGHT,1.5,1.5,"CMD,1.1,1.50",3.251,0.0258,3.239,0.135,1,0.9732,0,NORMAL,57.142,0.804,1,1,1,1,1,224.9,108,5,dijkstra,fallback_centerline,0.52496,0,,,,,,0,,,,231269,156956,2742
525,108.91069102287292,2026-03-06T12:46:06.795998,124.11,0.0,10.57,22.57,13.4,0.0,0.0,191.36,4.86,1.074,1.074,STRAIGHT,1.5,1.5,"CMD,1.1,1.50",3.18,0.0262,3.167,0.131,1,0.9553,0,NORMAL,55.922,0.82,1,1,1,1,1,224.8,117,5,dijkstra,fallback_centerline,0.54064,0,,,,,,0,,,,235115,161738,2643
526,109.12399530410767,2026-03-06T12:46:07.009302,125.86,0.0,10.14,21.72,13.65,0.0,0.0,191.28,4.85,1.071,1.071,STRAIGHT,1.5,1.5,"CMD,1.1,1.50",3.224,0.0258,3.212,0.133,1,0.9742,0,NORMAL,54.844,0.861,1,1,1,1,1,224.8,106,5,dijkstra,fallback_centerline,0.53289,0,,,,,,0,,,,229810,159387,2737
527,109.3355872631073,2026-03-06T12:46:07.220894,129.25,0.0,9.95,20.75,12.63,0.0,0.0,189.72,4.84,1.056,1.071,STRAIGHT,1.5,1.5,"CMD,1.1,1.50",3.41,0.0249,3.399,0.144,1,0.967,0,NORMAL,54.858,0.834,1,1,1,1,1,224.8,114,5,dijkstra,fallback_centerline,0.53831,0,,,,,,0,,,,232977,160903,2905
528,109.54472661018372,2026-03-06T12:46:07.430034,121.06,0.0,11.15,22.07,13.89,0.0,0.0,187.28,4.84,1.05,1.056,STRAIGHT,1.5,1.5,"CMD,1.1,1.50",3.65,0.0252,3.639,0.167,1,0.9714,0,NORMAL,54.897,0.87,1,1,1,1,1,224.9,111,4,dijkstra,fallback_centerline,0.52833,0,,,,,,0,,,,227541,158151,2564
529,109.74950098991394,2026-03-06T12:46:07.634808,119.12,0.0,8.92,21.35,14.19,0.0,0.0,181.84,4.84,1.003,1.05,STRAIGHT,1.5,1.5,"CMD,1.0,1.50",4.0,0.0221,3.99,0.176,1,0.9776,0,NORMAL,55.11,0.927,1,1,1,1,1,224.9,120,4,dijkstra,fallback_centerline,0.52056,0,,,,,,0,,,,227805,155728,2698
530,109.95995879173279,2026-03-06T12:46:07.845266,125.7,0.0,9.38,21.24,13.95,0.0,1.02,191.92,4.83,0.909,1.003,STRAIGHT,1.5,1.5,"CMD,1.0,1.50",4.0,0.0175,3.994,0.14,1,0.9907,0,NORMAL,54.732,0.942,1,1,1,1,1,225.0,109,5,dijkstra,fallback_centerline,0.51994,0,,,,,,0,,,,228092,155469,2803
531,110.184734582901,2026-03-06T12:46:08.070042,134.53,0.0,10.74,23.4,13.11,0.0,0.0,202.25,4.81,0.806,0.909,STRAIGHT,1.5,1.5,"CMD,0.9,1.50",4.0,0.0146,3.995,0.116,1,0.9889,0,NORMAL,54.685,0.922,1,1,1,1,1,225.0,114,4,dijkstra,fallback_centerline,0.52205,0,,,,,,0,,,,227952,156098,2723
532,110.42781662940979,2026-03-06T12:46:08.313124,146.47,0.0,10.05,23.48,17.03,0.0,0.0,220.57,4.77,0.721,0.806,STRAIGHT,1.5,1.5,"CMD,0.8,1.50",4.0,0.0134,3.995,0.107,1,0.9838,0,NORMAL,54.624,0.99,1,1,1,1,1,225.0,121,4,dijkstra,fallback_centerline,0.52901,0,,,,,,0,,,,228362,158119,2712
533,110.65021109580994,2026-03-06T12:46:08.535518,133.61,0.0,10.14,22.0,15.48,0.0,0.0,204.31,4.76,0.644,0.721,STRAIGHT,1.5,1.5,"CMD,0.7,1.50",4.0,0.0119,3.996,0.095,1,0.9767,0,NORMAL,54.728,1.026,1,1,1,1,1,225.0,107,4,dijkstra,fallback_centerline,0.51756,0,,,,,,0,,,,229029,154740,2593
534,110.87557983398438,2026-03-06T12:46:08.760887,132.65,0.0,11.91,23.14,14.33,0.0,0.0,207.13,4.74,0.547,0.644,STRAIGHT,1.5,1.5,"CMD,0.6,1.50",4.0,0.0086,3.997,0.069,1,0.985,0,NORMAL,54.071,1.052,1,1,1,1,1,225.0,120,4,dijkstra,fallback_centerline,0.51405,0,,,,,,0,,,,227469,153823,2607
535,111.08121991157532,2026-03-06T12:46:08.966527,120.75,0.0,9.7,21.04,14.36,0.0,0.0,184.4,4.73,0.515,0.547,STRAIGHT,1.5,1.5,"CMD,0.5,1.50",4.0,0.0109,3.997,0.087,1,0.9803,0,NORMAL,52.261,1.024,1,1,1,1,1,225.0,102,4,dijkstra,fallback_centerline,0.52707,0,,,,,,0,,,,229824,157516,2611
536,111.28698873519897,2026-03-06T12:46:09.172296,118.62,0.0,9.51,17.72,19.23,0.0,0.0,184.49,4.73,0.495,0.515,STRAIGHT,1.5,1.5,"CMD,0.5,1.50",4.0,0.011,3.997,0.088,1,0.9893,0,NORMAL,52.493,1.011,1,1,1,1,1,225.0,115,4,dijkstra,fallback_centerline,0.52535,0,,,,,,0,,,,230122,157089,2717
537,111.49488973617554,2026-03-06T12:46:09.380197,124.02,0.0,9.31,20.91,13.91,0.0,0.0,186.78,4.73,0.489,0.495,STRAIGHT,1.5,1.5,"CMD,0.5,1.50",4.0,0.0116,3.997,0.092,1,0.9643,0,NORMAL,52.901,1.004,1,1,1,1,1,225.0,105,4,dijkstra,fallback_centerline,0.53302,0,,,,,,0,,,,236991,159450,2667
538,111.71708917617798,2026-03-06T12:46:09.602396,133.53,0.0,10.39,20.87,12.86,0.0,0.0,197.72,4.71,0.486,0.489,STRAIGHT,1.5,1.5,"CMD,0.5,1.50",4.0,0.0116,3.996,0.093,1,0.9734,0,NORMAL,52.852,1.028,1,1,1,1,1,225.0,110,4,dijkstra,fallback_centerline,0.52709,0,,,,,,0,,,,232008,157638,2700
539,111.9462661743164,2026-03-06T12:46:09.831573,138.9,0.0,8.73,22.46,13.81,0.0,0.0,208.01,4.69,0.49,0.489,STRAIGHT,1.5,1.5,"CMD,0.5,1.50",4.0,0.0121,3.996,0.097,1,0.992,0,NORMAL,52.067,1.009,1,1,1,1,1,225.0,105,4,dijkstra,fallback_centerline,0.52971,0,,,,,,0,,,,233119,158392,2705
540,112.16367149353027,2026-03-06T12:46:10.048979,131.54,0.0,9.24,21.65,14.7,0.0,0.0,195.77,4.68,0.517,0.49,STRAIGHT,1.5,1.5,"CMD,0.5,1.50",4.0,0.0138,3.995,0.11,1,0.9871,0,NORMAL,52.412,0.992,1,1,1,1,1,225.0,87,4,dijkstra,fallback_centerline,0.52707,0,,,,,,0,,,,232190,157631,2586
541,112.38237643241882,2026-03-06T12:46:10.267684,134.76,0.0,8.87,20.13,14.38,0.0,0.0,196.8,4.67,0.546,0.517,STRAIGHT,1.5,1.5,"CMD,0.5,1.50",4.0,0.0147,3.995,0.117,1,0.9892,0,NORMAL,52.552,0.975,1,1,1,1,1,225.0,104,4,dijkstra,fallback_centerline,0.52033,0,,,,,,0,,,,230808,155524,2599
542,112.59862947463989,2026-03-06T12:46:10.483937,130.03,0.0,8.89,21.91,13.97,0.0,0.0,194.05,4.67,0.592,0.546,STRAIGHT,1.5,1.5,"CMD,0.5,1.50",4.0,0.0166,3.994,0.132,1,0.9858,0,NORMAL,51.415,0.997,1,1,1,1,1,225.0,115,4,dijkstra,fallback_centerline,0.52975,0,,,,,,0,,,,231492,158331,2755
543,112.8122205734253,2026-03-06T12:46:10.697528,128.17,0.0,11.04,21.04,14.49,0.0,0.0,192.52,4.67,0.617,0.592,STRAIGHT,1.5,1.5,"CMD,0.6,1.50",4.0,0.0162,3.994,0.129,1,0.9871,0,NORMAL,50.417,0.969,1,1,1,1,1,225.0,106,4,dijkstra,fallback_centerline,0.5218,0,,,,,,0,,,,229803,156059,2678
544,113.02040028572083,2026-03-06T12:46:10.905707,122.67,0.0,9.17,20.01,14.93,0.0,0.0,186.01,4.67,0.615,0.615,STRAIGHT,1.5,1.5,"CMD,0.6,1.50",4.0,0.0148,3.995,0.118,1,0.9826,0,NORMAL,50.188,0.952,1,1,1,1,1,225.0,100,4,dijkstra,fallback_centerline,0.51304,0,,,,,,0,,,,227976,153461,2559
545,113.2298526763916,2026-03-06T12:46:11.115160,123.52,0.0,9.69,22.44,13.5,0.0,0.0,187.99,4.67,0.63,0.617,STRAIGHT,1.5,1.5,"CMD,0.6,1.50",4.0,0.016,3.994,0.128,1,0.9885,0,NORMAL,50.004,1.052,1,1,1,1,1,225.0,107,4,dijkstra,fallback_centerline,0.51988,0,,,,,,0,,,,228970,155394,2692
546,113.43194699287415,2026-03-06T12:46:11.317254,119.25,0.0,9.68,20.02,14.27,0.0,0.0,180.84,4.68,0.619,0.619,STRAIGHT,1.5,1.5,"CMD,0.6,1.50",4.0,0.0145,3.996,0.116,1,0.9822,0,NORMAL,50.104,0.92,1,1,1,1,1,225.0,94,5,dijkstra,fallback_centerline,0.51085,0,,,,,,0,,,,226164,152696,2587
547,113.63673448562622,2026-03-06T12:46:11.522042,123.0,0.0,10.14,18.59,14.08,0.0,0.0,184.53,4.68,0.643,0.63,STRAIGHT,1.5,1.5,"CMD,0.6,1.50",4.0,0.0168,3.994,0.134,1,0.9855,0,NORMAL,50.021,0.931,1,1,1,1,1,225.0,89,6,dijkstra,fallback_centerline,0.51345,0,,,,,,0,,,,226188,153499,2548
548,113.84483933448792,2026-03-06T12:46:11.730146,123.51,0.0,8.77,19.8,14.12,0.0,0.0,186.12,4.68,0.64,0.64,STRAIGHT,1.5,1.5,"CMD,0.6,1.50",4.0,0.0154,3.995,0.123,1,0.9808,0,NORMAL,50.02,0.877,1,1,1,1,1,225.0,89,4,dijkstra,fallback_centerline,0.50122,0,,,,,,0,,,,221993,149856,2416
549,114.04819107055664,2026-03-06T12:46:11.933498,117.77,0.0,9.02,20.92,13.34,0.0,1.15,181.93,4.68,0.657,0.643,STRAIGHT,1.5,1.5,"CMD,0.6,1.50",4.0,0.0167,3.994,0.133,1,0.9884,0,NORMAL,50.157,0.865,1,1,1,1,1,225.0,105,4,dijkstra,fallback_centerline,0.49971,0,,,,,,0,,,,220429,149468,2546
550,114.25119352340698,2026-03-06T12:46:12.136501,120.99,0.0,9.37,19.08,13.55,0.0,1.01,183.55,4.69,0.692,0.657,STRAIGHT,1.5,1.5,"CMD,0.7,1.50",4.0,0.0185,3.993,0.147,1,0.9834,0,NORMAL,50.435,0.818,1,1,1,1,1,225.0,102,4,dijkstra,fallback_centerline,0.49671,0,,,,,,0,,,,220784,148552,2468
551,114.48362326622009,2026-03-06T12:46:12.368930,147.32,0.0,9.91,18.82,13.14,0.0,0.0,210.67,4.67,0.706,0.692,STRAIGHT,1.5,1.5,"CMD,0.7,1.50",4.0,0.0178,3.994,0.142,1,0.9764,0,NORMAL,50.901,0.8,1,1,1,1,1,225.0,89,4,dijkstra,fallback_centerline,0.49103,0,,,,,,0,,,,216443,146831,2377
552,114.69877338409424,2026-03-06T12:46:12.584080,131.34,0.0,9.11,19.96,14.22,0.0,0.0,194.11,4.67,0.737,0.706,STRAIGHT,1.5,1.5,"CMD,0.7,1.50",3.82,0.0194,3.812,0.141,1,0.9777,0,NORMAL,51.327,0.718,1,1,1,1,1,225.0,94,5,dijkstra,fallback_centerline,0.4861,0,,,,,,0,,,,217039,145409,2505
553,114.91883969306946,2026-03-06T12:46:12.804147,131.85,0.0,9.16,19.94,13.65,0.0,1.16,195.91,4.66,0.788,0.737,STRAIGHT,1.5,1.5,"CMD,0.7,1.50",3.636,0.0216,3.628,0.142,1,0.9688,0,NORMAL,51.26,0.616,1,1,1,1,1,225.0,87,4,dijkstra,fallback_centerline,0.49864,0,,,,,,0,,,,223101,149077,2383
554,115.1323094367981,2026-03-06T12:46:13.017616,127.89,0.0,8.75,20.58,13.84,0.0,1.0,191.4,4.66,0.859,0.788,STRAIGHT,1.5,1.5,"CMD,0.8,1.50",3.387,0.0243,3.377,0.139,1,0.977,0,NORMAL,51.587,0.617,1,1,1,1,1,225.0,102,5,dijkstra,fallback_centerline,0.49116,0,,,,,,0,,,,219438,147070,2500
555,115.34485507011414,2026-03-06T12:46:13.230162,130.03,0.0,8.01,18.32,14.53,0.0,0.0,190.5,4.66,0.877,0.859,STRAIGHT,1.5,1.5,"CMD,0.9,1.50",3.528,0.0222,3.52,0.137,1,0.9734,0,NORMAL,52.307,0.661,1,1,1,1,1,225.0,85,5,dijkstra,fallback_centerline,0.47322,0,,,,,,0,,,,213644,141579,2251
556,115.56276750564575,2026-03-06T12:46:13.448075,134.36,0.0,9.0,19.32,14.2,0.0,0.0,198.07,4.66,0.877,0.877,STRAIGHT,1.5,1.5,"CMD,0.9,1.50",3.646,0.0213,3.638,0.141,1,0.9902,0,NORMAL,52.49,0.598,1,1,1,1,1,225.0,88,6,dijkstra,fallback_centerline,0.47593,0,,,,,,0,,,,214272,142368,2457
557,115.77290987968445,2026-03-06T12:46:13.658217,127.02,0.0,10.02,19.56,13.47,0.0,0.0,189.77,4.66,0.851,0.877,STRAIGHT,1.5,1.5,"CMD,0.9,1.50",3.951,0.0193,3.944,0.151,1,0.981,0,NORMAL,53.202,0.598,1,1,1,1,1,225.0,93,5,dijkstra,fallback_centerline,0.46971,0,,,,,,0,,,,210479,140465,2401
558,115.9847354888916,2026-03-06T12:46:13.870043,127.12,0.0,9.48,19.27,14.31,0.0,0.0,191.0,4.65,0.803,0.851,STRAIGHT,1.5,1.5,"CMD,0.9,1.50",4.0,0.0172,3.995,0.137,1,0.9849,0,NORMAL,53.763,0.659,1,1,1,1,1,225.0,97,5,dijkstra,fallback_centerline,0.46895,0,,,,,,0,,,,210841,140295,2474
559,116.19807362556458,2026-03-06T12:46:14.083381,130.11,0.0,7.4,20.76,13.34,0.0,0.0,191.07,4.65,0.764,0.803,STRAIGHT,1.5,1.5,"CMD,0.8,1.50",4.0,0.0166,3.995,0.133,1,0.9904,0,NORMAL,53.89,0.681,1,1,1,1,1,225.0,87,6,dijkstra,fallback_centerline,0.46583,0,,,,,,0,,,,210502,139257,2328
560,116.40671706199646,2026-03-06T12:46:14.292024,127.24,0.0,9.35,18.16,14.04,0.0,0.0,188.09,4.66,0.727,0.764,STRAIGHT,1.5,1.5,"CMD,0.8,1.50",4.0,0.0158,3.996,0.126,1,0.9886,0,NORMAL,54.293,0.716,1,1,1,1,1,225.0,97,5,dijkstra,fallback_centerline,0.46176,0,,,,,,0,,,,208935,138141,2381
561,116.61919927597046,2026-03-06T12:46:14.504506,130.97,0.0,9.61,19.44,13.97,0.0,0.0,192.02,4.68,0.673,0.727,STRAIGHT,1.5,1.5,"CMD,0.7,1.50",4.0,0.0137,3.997,0.11,1,0.9802,0,NORMAL,55.357,0.653,1,1,1,1,1,225.0,93,5,dijkstra,fallback_centerline,0.45217,0,,,,,,0,,,,205481,135224,2312
562,116.83902621269226,2026-03-06T12:46:14.724333,128.45,0.0,10.42,23.68,16.32,0.0,0.0,198.62,4.69,0.691,0.691,STRAIGHT,1.5,1.5,"CMD,0.7,1.50",4.0,0.0176,3.995,0.141,1,0.9759,0,NORMAL,56.146,0.627,1,1,1,1,1,225.0,95,6,dijkstra,fallback_centerline,0.45855,0,,,,,,0,,,,208547,137107,2204
563,117.05260896682739,2026-03-06T12:46:14.937916,125.94,0.0,10.02,20.5,13.54,0.0,0.0,191.94,4.69,0.703,0.691,STRAIGHT,1.5,1.5,"CMD,0.7,1.50",4.0,0.0177,3.995,0.141,1,0.9841,0,NORMAL,56.528,0.637,1,1,1,1,1,225.0,103,5,dijkstra,fallback_centerline,0.45979,0,,,,,,0,,,,207524,137564,2435
564,117.26077008247375,2026-03-06T12:46:15.146077,124.01,0.0,9.41,19.86,14.34,0.0,0.0,186.82,4.69,0.742,0.703,STRAIGHT,1.5,1.5,"CMD,0.7,1.50",4.0,0.0198,3.993,0.158,1,0.9624,0,NORMAL,58.951,0.539,1,1,1,1,1,225.0,98,6,dijkstra,fallback_centerline,0.46136,0,,,,,,0,,,,208010,138094,2480
565,117.46402740478516,2026-03-06T12:46:15.349335,125.78,0.0,8.51,15.78,13.7,0.0,0.0,182.73,4.69,0.776,0.742,STRAIGHT,1.5,1.5,"CMD,0.7,1.50",4.0,0.0205,3.992,0.164,1,0.9819,0,NORMAL,59.776,0.511,1,1,1,1,1,224.9,91,5,dijkstra,fallback_centerline,0.45248,0,,,,,,0,,,,205426,135420,2344
566,117.67498993873596,2026-03-06T12:46:15.560297,129.5,0.0,9.01,19.68,14.96,0.0,0.0,191.0,4.69,0.84,0.776,STRAIGHT,1.5,1.5,"CMD,0.8,1.50",4.0,0.0235,3.99,0.187,1,0.9699,0,NORMAL,60.207,0.459,1,1,1,1,1,224.8,93,6,dijkstra,fallback_centerline,0.43983,0,,,,,,0,,,,203949,131633,2228
567,117.91230344772339,2026-03-06T12:46:15.797610,149.96,0.0,9.95,21.22,13.56,0.0,1.05,214.66,4.68,0.878,0.84,STRAIGHT,1.5,1.5,"CMD,0.8,1.50",4.0,0.0231,3.99,0.185,1,0.9853,0,NORMAL,60.716,0.445,1,1,1,1,1,224.9,96,5,dijkstra,fallback_centerline,0.43913,0,,,,,,0,,,,202368,131470,2353
568,118.11927628517151,2026-03-06T12:46:16.004583,124.86,0.0,9.57,18.03,13.02,0.0,0.0,184.3,4.7,0.892,0.878,STRAIGHT,1.5,1.5,"CMD,0.9,1.50",4.0,0.0223,3.991,0.178,1,0.9823,0,NORMAL,61.753,0.394,1,1,1,1,1,224.9,97,5,dijkstra,fallback_centerline,0.42919,0,,,,,,0,,,,199110,128332,2391
569,118.31375074386597,2026-03-06T12:46:16.199058,113.03,0.0,12.25,17.26,13.07,0.0,0.0,174.52,4.72,0.876,0.878,STRAIGHT,1.5,1.5,"CMD,0.9,1.50",4.0,0.0204,3.992,0.163,1,0.9869,0,NORMAL,62.236,0.374,1,1,1,1,1,225.0,87,3,dijkstra,fallback_centerline,0.41965,0,,,,,,0,,,,197067,125645,2265
570,118.51187682151794,2026-03-06T12:46:16.397184,119.1,0.0,10.04,15.63,16.09,0.0,0.0,179.46,4.73,0.873,0.876,STRAIGHT,1.5,1.5,"CMD,0.9,1.50",4.0,0.021,3.992,0.168,1,0.9869,0,NORMAL,63.329,0.345,1,1,1,1,1,224.8,87,3,dijkstra,fallback_centerline,0.42562,0,,,,,,0,,,,197959,127222,2216
571,118.70652914047241,2026-03-06T12:46:16.591836,115.82,0.0,8.3,17.69,13.97,0.0,0.0,174.2,4.75,0.864,0.873,STRAIGHT,1.5,1.5,"CMD,0.9,1.50",4.0,0.0205,3.991,0.164,1,0.9875,0,NORMAL,63.462,0.401,1,1,1,1,1,224.9,90,3,dijkstra,fallback_centerline,0.41915,0,,,,,,0,,,,196285,125488,1951
572,118.91702151298523,2026-03-06T12:46:16.802329,129.42,0.0,10.04,17.46,13.32,0.0,0.0,189.34,4.75,0.865,0.865,STRAIGHT,1.5,1.5,"CMD,0.9,1.50",4.0,0.021,3.991,0.168,1,0.9884,0,NORMAL,64.263,0.388,1,1,1,1,1,224.9,81,3,dijkstra,fallback_centerline,0.41353,0,,,,,,0,,,,195062,123888,2042
573,119.12512946128845,2026-03-06T12:46:17.010437,126.27,0.0,9.08,18.09,14.15,0.0,0.0,187.55,4.75,0.89,0.865,STRAIGHT,1.5,1.5,"CMD,0.9,1.50",4.0,0.0228,3.99,0.182,1,0.9812,0,NORMAL,64.917,0.383,1,1,1,1,1,224.8,103,2,dijkstra,fallback_centerline,0.41961,0,,,,,,0,,,,197925,125648,1903
574,119.3219108581543,2026-03-06T12:46:17.207218,120.69,0.0,9.05,16.6,11.3,0.0,0.0,175.31,4.76,0.897,0.89,STRAIGHT,1.5,1.5,"CMD,0.9,1.50",4.0,0.0221,3.991,0.176,1,0.9772,0,NORMAL,64.007,0.5,1,1,1,1,1,224.9,97,2,dijkstra,fallback_centerline,0.42438,0,,,,,,0,,,,197368,127044,1846
575,119.53017973899841,2026-03-06T12:46:17.415487,125.38,0.0,8.7,19.39,14.18,0.0,0.0,188.55,4.76,0.884,0.89,STRAIGHT,1.5,1.5,"CMD,0.9,1.50",4.0,0.0208,3.991,0.166,1,0.9828,0,NORMAL,62.653,0.524,1,1,1,1,1,224.9,101,3,dijkstra,fallback_centerline,0.42576,0,,,,,,0,,,,195141,127461,2343
576,119.7361569404602,2026-03-06T12:46:17.621464,125.98,0.0,8.27,17.54,13.92,0.0,0.0,185.01,4.75,0.88,0.884,STRAIGHT,1.5,1.5,"CMD,0.9,1.50",4.0,0.0211,3.991,0.169,1,0.9828,0,NORMAL,63.304,0.603,1,1,1,1,1,224.9,88,3,dijkstra,fallback_centerline,0.41074,0,,,,,,0,,,,192159,122912,1937
577,119.93834495544434,2026-03-06T12:46:17.823652,125.66,0.0,9.88,15.67,13.38,0.0,0.0,182.54,4.76,0.889,0.884,STRAIGHT,1.5,1.5,"CMD,0.9,1.50",4.0,0.022,3.99,0.175,1,0.9864,0,NORMAL,63.767,0.538,1,1,1,1,1,224.8,72,2,dijkstra,fallback_centerline,0.40645,0,,,,,,0,,,,191032,121777,1625
578,120.14027047157288,2026-03-06T12:46:18.025578,120.24,0.0,8.59,18.35,11.99,0.0,1.48,179.6,4.76,0.908,0.889,STRAIGHT,1.5,1.5,"CMD,0.9,1.50",4.0,0.0229,3.99,0.183,1,0.9851,0,NORMAL,64.083,0.548,1,1,1,1,1,224.8,85,2,dijkstra,fallback_centerline,0.41357,0,,,,,,0,,,,192387,123857,1781
579,120.34281086921692,2026-03-06T12:46:18.228118,123.88,0.0,9.31,17.59,14.24,0.0,0.0,182.87,4.76,0.926,0.908,STRAIGHT,1.5,1.5,"CMD,0.9,1.50",4.0,0.0233,3.99,0.186,1,0.9815,0,NORMAL,64.978,0.515,1,1,1,1,1,224.9,81,3,dijkstra,fallback_centerline,0.40936,0,,,,,,0,,,,192129,122556,1867
580,120.54744172096252,2026-03-06T12:46:18.432749,125.11,0.0,10.03,17.89,13.75,0.0,0.0,184.44,4.78,0.948,0.926,STRAIGHT,1.5,1.5,"CMD,0.9,1.50",4.0,0.024,3.989,0.192,1,0.9822,0,NORMAL,64.57,0.484,1,1,1,1,1,224.7,84,2,dijkstra,fallback_centerline,0.4119,0,,,,,,0,,,,192684,123360,1730
581,120.75484466552734,2026-03-06T12:46:18.640152,126.08,0.0,8.87,18.28,13.04,0.0,1.0,186.21,4.79,1.005,0.948,STRAIGHT,1.5,1.5,"CMD,0.9,1.50",3.306,0.0271,3.294,0.148,1,0.9679,0,NORMAL,64.251,0.453,1,1,1,1,1,224.7,89,2,dijkstra,fallback_centerline,0.42657,0,,,,,,0,,,,198951,127723,1823
582,120.9552834033966,2026-03-06T12:46:18.840590,122.02,0.0,9.81,16.03,13.55,0.0,0.0,179.9,4.8,1.075,1.005,STRAIGHT,1.5,1.5,"CMD,1.0,1.50",3.062,0.0294,3.048,0.137,1,0.9718,0,NORMAL,64.311,0.491,1,1,1,1,1,224.3,92,2,dijkstra,fallback_centerline,0.44845,0,,,,,,0,,,,202479,134373,1698
583,121.15926766395569,2026-03-06T12:46:19.044575,121.96,0.0,10.12,18.64,12.57,0.0,1.0,182.44,4.81,1.122,1.075,STRAIGHT,1.5,1.5,"CMD,1.1,1.50",3.014,0.0295,2.999,0.133,1,0.9767,0,NORMAL,64.416,0.512,1,1,1,1,1,224.6,93,2,dijkstra,fallback_centerline,0.43112,0,,,,,,0,,,,199301,129179,1808
584,121.36389446258545,2026-03-06T12:46:19.249201,121.86,0.0,8.67,19.52,13.83,0.0,0.0,182.69,4.82,1.135,1.122,STRAIGHT,1.5,1.5,"CMD,1.1,1.50",3.168,0.0281,3.156,0.14,1,0.9762,0,NORMAL,64.525,0.483,1,1,1,1,1,224.8,91,2,dijkstra,fallback_centerline,0.43118,0,,,,,,0,,,,200023,129128,1724
585,121.57158184051514,2026-03-06T12:46:19.456889,124.91,0.0,9.02,19.18,13.67,0.0,0.0,186.03,4.83,1.143,1.135,STRAIGHT,1.5,1.5,"CMD,1.1,1.50",3.143,0.0281,3.13,0.138,1,0.9817,0,NORMAL,64.736,0.484,1,1,1,1,1,224.8,95,2,dijkstra,fallback_centerline,0.42934,0,,,,,,0,,,,201437,128542,1820
586,121.77245879173279,2026-03-06T12:46:19.657766,120.49,0.0,8.77,19.25,13.41,0.0,0.0,180.91,4.83,1.148,1.143,STRAIGHT,1.5,1.5,"CMD,1.1,1.50",3.141,0.0281,3.128,0.138,1,0.9877,0,NORMAL,64.778,0.523,1,1,1,1,1,224.8,97,2,dijkstra,fallback_centerline,0.43374,0,,,,,,0,,,,202744,129916,1888
587,122.01200985908508,2026-03-06T12:46:19.897317,146.96,0.0,11.02,27.52,15.31,0.0,0.0,219.52,4.81,1.144,1.144,STRAIGHT,1.5,1.5,"CMD,1.1,1.50",3.203,0.0275,3.191,0.14,1,0.9879,0,NORMAL,63.601,0.518,1,1,1,1,1,224.7,105,2,dijkstra,fallback_centerline,0.43843,0,,,,,,0,,,,204052,131376,1878
588,122.25687527656555,2026-03-06T12:46:20.142182,155.8,0.0,10.02,19.33,13.81,0.0,0.0,222.19,4.79,1.132,1.144,STRAIGHT,1.5,1.5,"CMD,1.1,1.50",3.268,0.0269,3.257,0.143,1,0.981,0,NORMAL,62.633,0.5,1,1,1,1,1,225.0,93,5,dijkstra,fallback_centerline,0.44025,0,,,,,,0,,,,204640,131729,2109
589,122.46570420265198,2026-03-06T12:46:20.351011,126.53,0.0,9.59,21.09,14.14,0.0,0.0,189.15,4.79,1.165,1.144,STRAIGHT,1.5,1.5,"CMD,1.1,1.50",2.954,0.0298,2.939,0.129,1,0.971,0,NORMAL,60.885,0.497,1,1,1,1,1,224.6,93,4,dijkstra,fallback_centerline,0.4588,0,,,,,,0,,,,209971,137226,2124
590,122.67593884468079,2026-03-06T12:46:20.561246,126.97,0.0,9.22,18.54,14.5,0.0,0.0,189.06,4.79,1.186,1.165,STRAIGHT,1.5,1.5,"CMD,1.2,1.50",2.959,0.0298,2.943,0.129,1,0.9821,0,NORMAL,60.977,0.517,1,1,1,1,1,224.9,93,4,dijkstra,fallback_centerline,0.4556,0,,,,,,0,,,,208766,136386,2139
591,122.8893096446991,2026-03-06T12:46:20.774617,129.17,0.0,9.12,19.77,13.3,0.0,0.0,190.61,4.79,1.196,1.186,STRAIGHT,1.5,1.5,"CMD,1.2,1.50",2.979,0.0295,2.964,0.13,1,0.9851,0,NORMAL,59.423,0.503,1,1,1,1,1,224.8,93,4,dijkstra,fallback_centerline,0.4575,0,,,,,,0,,,,209500,136823,2149
592,123.10302424430847,2026-03-06T12:46:20.988331,127.99,0.0,9.59,20.11,14.26,0.0,1.0,193.34,4.79,1.155,1.186,STRAIGHT,1.5,1.5,"CMD,1.2,1.50",3.35,0.026,3.339,0.145,1,0.9761,0,NORMAL,57.936,0.481,1,1,1,1,1,225.0,98,4,dijkstra,fallback_centerline,0.44684,0,,,,,,0,,,,208121,133633,2060
593,123.32032465934753,2026-03-06T12:46:21.205632,127.93,0.0,9.5,19.61,17.25,0.0,1.12,195.8,4.79,1.103,1.155,STRAIGHT,1.5,1.5,"CMD,1.2,1.50",3.637,0.0242,3.627,0.16,1,0.9845,0,NORMAL,57.883,0.503,1,1,1,1,1,225.0,80,4,dijkstra,fallback_centerline,0.44444,0,,,,,,0,,,,206315,132947,1881
594,123.5437331199646,2026-03-06T12:46:21.429040,136.74,0.0,10.13,21.33,14.01,0.0,0.0,202.23,4.77,1.093,1.103,STRAIGHT,1.5,1.5,"CMD,1.1,1.50",3.421,0.026,3.41,0.152,1,0.9748,0,NORMAL,57.396,0.563,1,1,1,1,1,225.0,101,3,dijkstra,fallback_centerline,0.44903,0,,,,,,0,,,,210548,134475,2139
595,123.74925088882446,2026-03-06T12:46:21.634558,122.29,0.0,8.57,19.48,13.53,0.0,0.0,183.52,4.78,1.072,1.093,STRAIGHT,1.5,1.5,"CMD,1.1,1.50",3.494,0.025,3.484,0.152,1,0.9864,0,NORMAL,57.021,0.525,1,1,1,1,1,225.0,93,2,dijkstra,fallback_centerline,0.44643,0,,,,,,0,,,,209022,133638,2037
596,123.96215534210205,2026-03-06T12:46:21.847462,132.01,0.0,8.99,19.44,13.79,0.0,1.0,194.49,4.79,1.063,1.072,STRAIGHT,1.5,1.5,"CMD,1.1,1.50",3.385,0.0253,3.374,0.144,1,0.9845,0,NORMAL,56.799,0.585,1,1,1,1,1,225.0,89,4,dijkstra,fallback_centerline,0.45138,0,,,,,,0,,,,209102,135011,2019
597,124.17381191253662,2026-03-06T12:46:22.059119,123.84,0.0,9.02,21.03,14.19,0.0,0.0,190.69,4.79,1.033,1.063,STRAIGHT,1.5,1.5,"CMD,1.1,1.50",3.721,0.0236,3.711,0.163,1,0.9813,0,NORMAL,56.139,0.604,1,1,1,1,1,225.0,106,3,dijkstra,fallback_centerline,0.44727,0,,,,,,0,,,,207108,133912,2084
598,124.37758469581604,2026-03-06T12:46:22.262892,119.8,0.0,9.21,20.95,13.61,0.0,0.0,182.94,4.78,1.005,1.033,STRAIGHT,1.5,1.5,"CMD,1.0,1.50",3.903,0.0231,3.893,0.175,1,0.9815,0,NORMAL,55.745,0.623,1,1,1,1,1,225.0,101,5,dijkstra,fallback_centerline,0.45455,0,,,,,,0,,,,209666,136078,2222
599,124.5905830860138,2026-03-06T12:46:22.475890,121.91,0.0,8.73,24.01,16.73,0.0,0.0,190.39,4.77,1.014,1.014,STRAIGHT,1.5,1.5,"CMD,1.0,1.50",3.782,0.025,3.771,0.178,1,0.9761,0,NORMAL,54.685,0.707,1,1,1,1,1,224.9,102,5,dijkstra,fallback_centerline,0.47014,0,,,,,,0,,,,211889,140697,2336
600,124.79496145248413,2026-03-06T12:46:22.680269,119.57,0.0,9.2,18.75,14.41,0.0,0.0,181.28,4.76,0.989,1.005,STRAIGHT,1.5,1.5,"CMD,1.0,1.50",4.0,0.0227,3.99,0.181,1,0.9722,0,NORMAL,54.566,0.649,1,1,1,1,1,225.0,92,4,dijkstra,fallback_centerline,0.452,0,,,,,,0,,,,208387,135214,2080
601,125.00552582740784,2026-03-06T12:46:22.890833,125.22,0.0,10.05,20.34,13.37,0.0,0.0,189.36,4.76,0.985,0.989,STRAIGHT,1.5,1.5,"CMD,1.0,1.50",3.806,0.0237,3.796,0.171,1,0.9721,0,NORMAL,52.833,0.752,1,1,1,1,1,225.0,98,5,dijkstra,fallback_centerline,0.46725,0,,,,,,0,,,,213647,139791,2296
602,125.2146680355072,2026-03-06T12:46:23.100852,123.03,0.0,10.01,20.86,14.1,0.0,0.0,187.78,4.76,0.952,0.985,STRAIGHT,1.5,1.5,"CMD,1.0,1.50",4.0,0.0215,3.991,0.172,1,0.9761,0,NORMAL,52.983,0.735,1,1,1,1,1,225.0,101,5,dijkstra,fallback_centerline,0.45647,0,,,,,,0,,,,209281,136562,2308
603,125.42109179496765,2026-03-06T12:46:23.306399,124.41,0.0,9.03,21.01,14.29,0.0,0.0,187.26,4.75,0.979,0.979,STRAIGHT,1.5,1.5,"CMD,1.0,1.50",3.6,0.025,3.589,0.161,1,0.9681,0,NORMAL,52.795,0.833,1,1,1,1,1,224.9,100,5,dijkstra,fallback_centerline,0.47382,0,,,,,,0,,,,214853,141841,2338
604,125.62265038490295,2026-03-06T12:46:23.507957,118.55,0.0,8.16,18.86,14.14,0.0,0.0,179.46,4.76,0.933,0.952,STRAIGHT,1.5,1.5,"CMD,1.0,1.50",4.0,0.0204,3.992,0.163,1,0.9612,0,NORMAL,51.363,0.685,1,1,1,1,1,225.0,92,5,dijkstra,fallback_centerline,0.44444,0,,,,,,0,,,,206968,132805,2273
605,125.82710480690002,2026-03-06T12:46:23.712412,122.73,0.0,8.21,18.28,14.95,0.0,0.0,183.4,4.76,0.903,0.933,STRAIGHT,1.5,1.5,"CMD,0.9,1.50",4.0,0.0204,3.992,0.163,1,0.9733,0,NORMAL,51.749,0.553,1,1,1,1,1,225.0,96,4,dijkstra,fallback_centerline,0.44417,0,,,,,,0,,,,208955,132992,2128
606,126.03423929214478,2026-03-06T12:46:23.919546,127.85,0.0,8.94,17.8,14.23,0.0,0.0,186.13,4.76,0.884,0.903,STRAIGHT,1.5,1.5,"CMD,0.9,1.50",4.0,0.0205,3.992,0.164,1,0.9887,0,NORMAL,51.671,0.457,1,1,1,1,1,225.0,98,5,dijkstra,fallback_centerline,0.44326,0,,,,,,0,,,,207811,132779,2193
607,126.23868751525879,2026-03-06T12:46:24.123995,123.04,0.0,9.54,18.4,14.03,0.0,0.0,184.1,4.76,0.876,0.884,STRAIGHT,1.5,1.5,"CMD,0.9,1.50",4.0,0.0208,3.992,0.166,1,0.9926,0,NORMAL,51.627,0.483,1,1,1,1,1,225.0,87,5,dijkstra,fallback_centerline,0.44884,0,,,,,,0,,,,208478,134253,2201
608,126.44402050971985,2026-03-06T12:46:24.329328,123.82,0.0,10.05,18.42,13.99,0.0,0.0,184.31,4.75,0.903,0.884,STRAIGHT,1.5,1.5,"CMD,0.9,1.50",4.0,0.0232,3.99,0.185,1,0.9875,0,NORMAL,51.839,0.478,1,1,1,1,1,225.0,88,3,dijkstra,fallback_centerline,0.44853,0,,,,,,0,,,,209522,134189,2059
609,126.6446464061737,2026-03-06T12:46:24.529954,120.27,0.0,8.73,19.12,14.53,0.0,0.0,182.34,4.76,0.926,0.903,STRAIGHT,1.5,1.5,"CMD,0.9,1.50",4.0,0.0236,3.99,0.188,1,0.9895,0,NORMAL,52.007,0.499,1,1,1,1,1,225.0,99,5,dijkstra,fallback_centerline,0.44744,0,,,,,,0,,,,209158,133882,2204
610,126.84853196144104,2026-03-06T12:46:24.733839,119.71,0.0,9.02,18.84,13.85,0.0,1.0,180.95,4.76,0.952,0.926,STRAIGHT,1.5,1.5,"CMD,0.9,1.50",3.879,0.0244,3.869,0.183,1,0.9905,0,NORMAL,52.457,0.502,1,1,1,1,1,224.9,89,4,dijkstra,fallback_centerline,0.44424,0,,,,,,0,,,,208284,132959,2249
611,127.06210565567017,2026-03-06T12:46:24.947413,129.31,0.0,12.22,19.61,14.31,0.0,0.0,194.67,4.75,0.98,0.952,STRAIGHT,1.5,1.5,"CMD,1.0,1.50",3.635,0.0251,3.625,0.165,1,0.9886,0,NORMAL,53.111,0.469,1,1,1,1,1,224.9,87,3,dijkstra,fallback_centerline,0.44273,0,,,,,,0,,,,208588,132404,2122
612,127.26400971412659,2026-03-06T12:46:25.149317,121.42,0.0,9.1,17.52,14.73,0.0,0.0,180.91,4.75,1.012,0.98,STRAIGHT,1.5,1.5,"CMD,1.0,1.50",3.455,0.0261,3.444,0.155,1,0.9869,0,NORMAL,53.431,0.447,1,1,1,1,1,224.9,77,3,dijkstra,fallback_centerline,0.4382,0,,,,,,0,,,,208591,131178,1959
613,127.46932888031006,2026-03-06T12:46:25.354636,123.11,0.0,8.52,19.56,14.07,0.0,0.0,183.77,4.75,1.043,1.012,STRAIGHT,1.5,1.5,"CMD,1.0,1.50",3.298,0.0268,3.287,0.145,1,0.9886,0,NORMAL,53.583,0.436,1,1,1,1,1,225.0,104,3,dijkstra,fallback_centerline,0.44198,0,,,,,,0,,,,209945,132114,2215
614,127.67310643196106,2026-03-06T12:46:25.558414,120.29,0.0,9.7,19.66,14.46,0.0,0.36,183.42,4.75,1.073,1.043,STRAIGHT,1.5,1.5,"CMD,1.0,1.50",3.234,0.0275,3.222,0.143,1,0.9871,0,NORMAL,54.232,0.411,1,1,1,1,1,224.9,96,2,dijkstra,fallback_centerline,0.43853,0,,,,,,0,,,,207796,131217,2046
615,127.87874174118042,2026-03-06T12:46:25.764049,123.76,0.0,9.15,20.07,12.98,0.0,0.0,184.77,4.75,1.095,1.073,STRAIGHT,1.5,1.5,"CMD,1.1,1.50",3.216,0.0276,3.204,0.142,1,0.9816,0,NORMAL,55.034,0.397,1,1,1,1,1,224.9,108,3,dijkstra,fallback_centerline,0.43151,0,,,,,,0,,,,207072,129136,2288
616,128.0890564918518,2026-03-06T12:46:25.974364,126.76,0.0,12.25,20.07,13.57,0.0,0.0,191.19,4.77,1.148,1.095,STRAIGHT,1.5,1.5,"CMD,1.1,1.50",2.977,0.0304,2.962,0.134,1,0.9623,0,NORMAL,55.135,0.368,1,1,1,1,1,224.9,100,4,dijkstra,fallback_centerline,0.43764,0,,,,,,0,,,,212971,130899,2135
617,128.30110478401184,2026-03-06T12:46:26.186412,125.5,0.0,10.05,19.35,14.16,0.0,0.0,189.5,4.8,1.187,1.148,STRAIGHT,1.5,1.5,"CMD,1.1,1.50",2.966,0.0307,2.95,0.134,1,0.9757,0,NORMAL,54.951,0.422,1,1,1,1,1,224.9,93,3,dijkstra,fallback_centerline,0.43353,0,,,,,,0,,,,208941,129785,2103
618,128.51609897613525,2026-03-06T12:46:26.401406,129.45,0.0,11.31,20.31,13.03,0.0,0.0,194.02,4.79,1.199,1.187,STRAIGHT,1.5,1.5,"CMD,1.2,1.50",3.056,0.0296,3.042,0.137,1,0.9797,0,NORMAL,54.991,0.42,1,1,1,1,1,224.9,100,3,dijkstra,fallback_centerline,0.43045,0,,,,,,0,,,,205689,128846,2305
619,128.71683883666992,2026-03-06T12:46:26.602146,121.3,0.0,7.09,18.12,14.25,0.0,0.0,180.14,4.8,1.184,1.187,STRAIGHT,1.5,1.5,"CMD,1.2,1.50",3.23,0.028,3.218,0.145,1,0.9828,0,NORMAL,55.837,0.386,1,1,1,1,1,224.9,97,3,dijkstra,fallback_centerline,0.42062,0,,,,,,0,,,,203046,125934,2158
620,128.92949080467224,2026-03-06T12:46:26.814798,129.28,0.0,8.22,20.42,14.14,0.0,0.0,192.17,4.8,1.217,1.199,STRAIGHT,1.5,1.5,"CMD,1.2,1.50",2.968,0.0311,2.953,0.136,1,0.98,0,NORMAL,55.747,0.372,1,1,1,1,1,224.8,117,3,dijkstra,fallback_centerline,0.42837,0,,,,,,0,,,,206307,128240,2114
621,129.14280939102173,2026-03-06T12:46:27.028117,131.68,0.0,9.61,18.78,14.3,0.0,0.0,192.07,4.8,1.258,1.217,STRAIGHT,1.5,1.5,"CMD,1.2,1.50",2.88,0.0325,2.864,0.133,1,0.9841,0,NORMAL,54.335,0.458,1,1,1,1,1,224.8,89,4,dijkstra,fallback_centerline,0.43862,0,,,,,,0,,,,206875,131315,2075
622,129.3637659549713,2026-03-06T12:46:27.249073,134.82,0.0,8.16,20.08,13.83,0.0,0.0,198.86,4.8,1.275,1.258,STRAIGHT,1.5,1.5,"CMD,1.3,1.50",2.935,0.0318,2.919,0.136,1,0.9787,0,NORMAL,54.813,0.437,1,1,1,1,1,224.9,101,3,dijkstra,fallback_centerline,0.42145,0,,,,,,0,,,,202659,126128,1984
623,129.5673234462738,2026-03-06T12:46:27.452631,126.54,0.0,9.02,17.23,11.46,0.0,0.0,182.94,4.81,1.305,1.275,STRAIGHT,1.5,1.5,"CMD,1.3,1.50",2.862,0.0331,2.845,0.134,1,0.9861,0,NORMAL,55.502,0.433,1,1,1,1,1,224.8,86,3,dijkstra,fallback_centerline,0.42014,0,,,,,,0,,,,202796,125833,1881
624,129.76790714263916,2026-03-06T12:46:27.653214,120.02,0.0,8.02,17.57,12.74,0.0,0.0,176.15,4.82,1.34,1.305,STRAIGHT,1.5,1.5,"CMD,1.3,1.50",2.824,0.0342,2.806,0.135,1,0.9896,0,NORMAL,55.754,0.395,1,1,1,1,1,224.8,82,2,dijkstra,fallback_centerline,0.41483,0,,,,,,0,,,,201175,124256,1697
625,129.97507286071777,2026-03-06T12:46:27.860380,127.56,0.0,9.0,18.89,12.8,0.0,0.0,187.25,4.82,1.377,1.34,STRAIGHT,1.5,1.5,"CMD,1.3,1.50",2.797,0.0352,2.778,0.136,1,0.9617,0,NORMAL,54.773,0.454,1,1,1,1,1,224.6,96,3,dijkstra,fallback_centerline,0.43273,0,,,,,,0,,,,207708,129485,1797
626,130.18042826652527,2026-03-06T12:46:28.065735,122.24,0.0,9.96,18.85,13.51,0.0,0.0,184.12,4.83,1.405,1.377,STRAIGHT,1.5,1.5,"CMD,1.4,1.50",2.793,0.0354,2.774,0.137,1,0.974,0,NORMAL,55.152,0.492,1,1,1,1,1,224.7,99,3,dijkstra,fallback_centerline,0.42194,0,,,,,,0,,,,203261,126273,1921
627,130.38105463981628,2026-03-06T12:46:28.266362,118.93,0.0,9.34,17.84,13.84,0.0,0.0,178.49,4.83,1.42,1.405,STRAIGHT,1.5,1.5,"CMD,1.4,1.50",2.811,0.0352,2.793,0.138,1,0.9801,0,NORMAL,55.268,0.527,1,1,1,1,1,224.8,90,2,dijkstra,fallback_centerline,0.41095,0,,,,,,0,,,,199971,122989,1801
628,130.57978868484497,2026-03-06T12:46:28.465096,117.93,0.0,8.7,19.09,13.77,0.0,0.0,178.31,4.84,1.433,1.42,STRAIGHT,1.5,1.5,"CMD,1.4,1.50",2.803,0.0354,2.785,0.137,1,0.9848,0,NORMAL,53.843,0.567,1,1,1,1,1,224.8,105,3,dijkstra,fallback_centerline,0.41252,0,,,,,,0,,,,200445,123415,2049
629,130.77676820755005,2026-03-06T12:46:28.662075,116.83,0.0,9.12,18.54,12.74,0.0,0.0,176.21,4.85,1.435,1.433,STRAIGHT,1.5,1.5,"CMD,1.4,1.50",2.834,0.0349,2.816,0.139,1,0.9873,0,NORMAL,53.861,0.72,1,1,1,1,1,224.9,92,4,dijkstra,fallback_centerline,0.41074,0,,,,,,0,,,,200342,122845,2015
630,130.97380471229553,2026-03-06T12:46:28.860214,119.61,0.0,9.05,16.86,13.16,0.0,0.0,176.18,4.86,1.407,1.433,STRAIGHT,1.5,1.5,"CMD,1.4,1.50",2.97,0.0328,2.955,0.143,1,0.9803,0,NORMAL,54.085,0.726,1,1,1,1,1,224.9,87,3,dijkstra,fallback_centerline,0.40802,0,,,,,,0,,,,197334,122196,1907
631,131.16795587539673,2026-03-06T12:46:29.053263,117.94,0.0,9.3,17.86,9.83,0.0,0.0,173.37,4.87,1.387,1.407,STRAIGHT,1.5,1.5,"CMD,1.4,1.50",2.965,0.0326,2.949,0.142,1,0.9875,0,NORMAL,55.14,0.73,1,1,1,1,1,224.9,90,3,dijkstra,fallback_centerline,0.40178,0,,,,,,0,,,,195670,120116,2102
632,131.36819577217102,2026-03-06T12:46:29.253503,119.0,0.0,9.39,15.84,11.35,0.0,0.0,174.43,4.88,1.367,1.387,STRAIGHT,1.5,1.5,"CMD,1.4,1.50",3.025,0.0322,3.01,0.146,1,0.9839,0,NORMAL,55.671,0.695,1,1,1,1,1,224.9,90,3,dijkstra,fallback_centerline,0.3914,0,,,,,,0,,,,193298,117206,1951
633,131.56484818458557,2026-03-06T12:46:29.450155,119.99,0.0,9.36,14.79,13.07,0.0,0.0,175.15,4.88,1.368,1.368,STRAIGHT,1.5,1.5,"CMD,1.4,1.50",2.965,0.0332,2.949,0.145,1,0.985,0,NORMAL,55.82,0.661,1,1,1,1,1,224.9,82,3,dijkstra,fallback_centerline,0.39236,0,,,,,,0,,,,194259,117441,1905
634,131.76090264320374,2026-03-06T12:46:29.646210,114.98,0.0,9.58,18.18,13.47,0.0,0.0,174.71,4.89,1.35,1.367,STRAIGHT,1.5,1.5,"CMD,1.4,1.50",3.055,0.0319,3.042,0.148,1,0.9911,0,NORMAL,55.691,0.694,1,1,1,1,1,224.9,100,3,dijkstra,fallback_centerline,0.39349,0,,,,,,0,,,,194472,117730,2036
635,131.96042919158936,2026-03-06T12:46:29.845736,120.41,0.0,9.16,17.94,13.24,0.0,0.0,178.18,4.89,1.365,1.365,STRAIGHT,1.5,1.5,"CMD,1.4,1.50",2.927,0.0338,2.911,0.144,1,0.9782,0,NORMAL,56.489,0.675,1,1,1,1,1,224.9,86,3,dijkstra,fallback_centerline,0.39564,0,,,,,,0,,,,192289,118311,1973
636,132.15658283233643,2026-03-06T12:46:30.041890,119.72,0.0,9.2,18.37,12.82,0.0,0.0,175.06,4.9,1.365,1.365,STRAIGHT,1.5,1.5,"CMD,1.4,1.50",2.994,0.0331,2.979,0.147,1,0.9825,0,NORMAL,57.256,0.636,1,1,1,1,1,224.9,82,3,dijkstra,fallback_centerline,0.38901,0,,,,,,0,,,,191273,116414,1902
637,132.34922647476196,2026-03-06T12:46:30.234534,114.07,0.0,9.16,15.05,13.42,0.0,0.0,171.17,4.91,1.378,1.365,STRAIGHT,1.5,1.5,"CMD,1.4,1.50",2.954,0.034,2.939,0.147,1,0.983,0,NORMAL,58.145,0.603,1,1,1,1,1,224.8,90,3,dijkstra,fallback_centerline,0.39182,0,,,,,,0,,,,191478,117297,1967
638,132.54521107673645,2026-03-06T12:46:30.430518,114.13,0.0,8.61,21.97,11.26,0.0,1.29,176.85,4.91,0.471,1.365,STRAIGHT,1.5,1.5,"CMD,1.4,1.50",1.932,-0.0325,1.838,-0.055,1,0.9749,0,NORMAL,58.785,0.542,1,1,1,1,1,213.1,145,3,dijkstra,fallback_centerline,0.38469,0,,,,,,0,,,,188372,115086,2100
639,132.7372922897339,2026-03-06T12:46:30.622599,114.77,0.0,8.88,16.97,13.31,0.0,0.0,171.66,4.92,0.717,0.717,STRAIGHT,1.5,1.5,"CMD,0.7,1.50",2.328,0.0293,2.29,0.077,1,0.9732,0,NORMAL,59.657,0.48,1,1,1,1,1,224.2,91,3,dijkstra,fallback_centerline,0.3782,0,,,,,,0,,,,190218,113186,1911
640,132.93289351463318,2026-03-06T12:46:30.818201,120.67,0.0,8.39,18.05,13.02,0.0,0.0,176.43,4.94,0.97,0.717,STRAIGHT,1.5,1.5,"CMD,0.7,1.50",2.501,0.0357,2.472,0.109,1,0.9841,0,NORMAL,59.911,0.488,1,1,1,1,1,224.6,93,3,dijkstra,fallback_centerline,0.38692,0,,,,,,0,,,,192227,115873,1935
641,133.12602138519287,2026-03-06T12:46:31.011329,118.37,0.0,8.9,16.02,11.42,0.0,0.0,173.4,4.95,1.172,0.97,STRAIGHT,1.5,1.5,"CMD,1.0,1.50",2.607,0.0382,2.582,0.128,1,0.982,0,NORMAL,60.163,0.466,1,1,1,1,1,224.8,81,3,dijkstra,fallback_centerline,0.37556,0,,,,,,0,,,,189479,112514,1879
642,133.32852411270142,2026-03-06T12:46:31.213831,123.88,0.0,8.29,16.02,13.26,0.0,0.0,183.96,4.95,1.31,1.172,STRAIGHT,1.5,1.5,"CMD,1.2,1.50",2.685,0.0385,2.663,0.137,1,0.9844,0,NORMAL,60.223,0.438,1,1,1,1,1,224.8,82,3,dijkstra,fallback_centerline,0.37876,0,,,,,,0,,,,191123,113452,1891
643,133.52250981330872,2026-03-06T12:46:31.407817,117.37,0.0,9.27,15.16,12.52,0.0,1.0,174.38,4.96,1.413,1.31,STRAIGHT,1.5,1.5,"CMD,1.3,1.50",2.712,0.0392,2.691,0.142,1,0.9846,0,NORMAL,61.109,0.44,1,1,1,1,1,224.8,70,2,dijkstra,fallback_centerline,0.37521,0,,,,,,0,,,,188948,112375,1678
644,133.71992421150208,2026-03-06T12:46:31.605231,118.51,0.0,8.85,18.07,13.29,0.0,0.0,177.73,4.96,1.447,1.413,STRAIGHT,1.5,1.5,"CMD,1.4,1.50",2.809,0.0367,2.791,0.143,1,0.985,0,NORMAL,61.517,0.475,1,1,1,1,1,224.8,100,3,dijkstra,fallback_centerline,0.38198,0,,,,,,0,,,,189090,114362,1869
645,133.91623544692993,2026-03-06T12:46:31.801542,119.05,0.0,9.18,16.43,14.04,0.0,0.0,176.44,4.98,1.443,1.443,STRAIGHT,1.5,1.5,"CMD,1.4,1.50",2.914,0.0348,2.898,0.147,1,0.9862,0,NORMAL,60.549,0.541,1,1,1,1,1,224.8,74,3,dijkstra,fallback_centerline,0.38531,0,,,,,,0,,,,191277,115322,2060
646,134.10757660865784,2026-03-06T12:46:31.992884,114.92,0.0,7.89,16.09,12.41,0.0,1.0,171.35,4.99,1.458,1.447,STRAIGHT,1.5,1.5,"CMD,1.4,1.50",2.842,0.0361,2.824,0.144,1,0.9793,0,NORMAL,60.645,0.517,1,1,1,1,1,224.7,79,3,dijkstra,fallback_centerline,0.38919,0,,,,,,0,,,,194404,116444,1729
647,134.30259442329407,2026-03-06T12:46:32.187902,116.5,0.0,10.14,16.21,11.68,0.0,0.0,173.27,5.01,1.491,1.458,STRAIGHT,1.5,1.5,"CMD,1.5,1.50",2.778,0.0378,2.759,0.144,1,0.9859,0,NORMAL,60.902,0.53,1,1,1,1,1,224.8,83,3,dijkstra,fallback_centerline,0.38397,0,,,,,,0,,,,192838,115010,1746
648,134.5030539035797,2026-03-06T12:46:32.388361,123.58,0.0,8.72,14.66,12.82,0.0,0.0,178.44,5.01,1.505,1.491,STRAIGHT,1.5,1.5,"CMD,1.5,1.50",2.797,0.0371,2.778,0.144,1,0.9877,0,NORMAL,61.139,0.527,1,1,1,1,1,224.8,71,3,dijkstra,fallback_centerline,0.38004,0,,,,,,0,,,,191662,113878,1665
649,134.7011740207672,2026-03-06T12:46:32.586481,119.72,0.0,8.8,17.17,13.35,0.0,0.0,177.18,5.02,1.511,1.505,STRAIGHT,1.5,1.5,"CMD,1.5,1.50",2.819,0.0369,2.8,0.145,1,0.9867,0,NORMAL,61.568,0.542,1,1,1,1,1,224.7,87,3,dijkstra,fallback_centerline,0.38256,0,,,,,,0,,,,191871,114542,1760
650,134.90260124206543,2026-03-06T12:46:32.787908,123.09,0.0,9.72,18.86,12.43,0.0,1.0,181.64,5.03,1.517,1.511,STRAIGHT,1.5,1.5,"CMD,1.5,1.50",2.809,0.0371,2.79,0.145,1,0.9917,0,NORMAL,62.378,0.503,1,1,1,1,1,224.8,90,3,dijkstra,fallback_centerline,0.38285,0,,,,,,0,,,,191587,114684,1890
651,135.09718918800354,2026-03-06T12:46:32.982496,116.35,0.0,9.23,17.95,12.62,0.0,0.0,174.31,5.06,1.505,1.511,STRAIGHT,1.5,1.5,"CMD,1.5,1.50",2.862,0.0359,2.845,0.146,1,0.9897,0,NORMAL,62.377,0.46,1,1,1,1,1,224.7,99,3,dijkstra,fallback_centerline,0.37748,0,,,,,,0,,,,190906,113080,1704
652,135.29789924621582,2026-03-06T12:46:33.183206,121.06,0.0,9.05,17.84,13.11,0.0,0.0,180.82,5.06,1.498,1.505,STRAIGHT,1.5,1.5,"CMD,1.5,1.50",2.849,0.036,2.832,0.145,1,0.9887,0,NORMAL,63.109,0.459,1,1,1,1,1,224.8,92,3,dijkstra,fallback_centerline,0.38256,0,,,,,,0,,,,191966,114352,1811
653,135.4952118396759,2026-03-06T12:46:33.380519,118.35,0.0,9.94,17.46,12.36,0.0,0.0,176.08,5.06,1.499,1.499,STRAIGHT,1.5,1.5,"CMD,1.5,1.50",2.837,0.0364,2.82,0.145,1,0.9898,0,NORMAL,63.19,0.443,1,1,1,1,1,224.7,83,3,dijkstra,fallback_centerline,0.37785,0,,,,,,0,,,,191568,113119,1777
654,135.6919813156128,2026-03-06T12:46:33.577289,119.38,0.0,8.65,16.49,12.14,0.0,1.09,176.29,5.07,1.511,1.499,STRAIGHT,1.5,1.5,"CMD,1.5,1.50",2.789,0.0372,2.77,0.143,1,0.9853,0,NORMAL,62.718,0.48,1,1,1,1,1,224.7,82,2,dijkstra,fallback_centerline,0.38748,0,,,,,,0,,,,194288,115925,1708
655,135.8841154575348,2026-03-06T12:46:33.769423,115.07,0.0,8.52,13.9,15.49,0.0,1.0,172.58,5.08,1.513,1.511,STRAIGHT,1.5,1.5,"CMD,1.5,1.50",2.804,0.0368,2.785,0.143,1,0.9857,0,NORMAL,63.568,0.498,1,1,1,1,1,224.8,85,2,dijkstra,fallback_centerline,0.38446,0,,,,,,0,,,,193506,115088,1819
656,136.08457159996033,2026-03-06T12:46:33.970689,124.19,0.0,9.04,17.56,12.49,0.0,0.0,180.59,5.08,1.493,1.511,STRAIGHT,1.5,1.5,"CMD,1.5,1.50",2.88,0.0352,2.863,0.145,1,0.9911,0,NORMAL,63.199,0.533,1,1,1,1,1,224.8,86,3,dijkstra,fallback_centerline,0.38176,0,,,,,,0,,,,193183,114305,1906
657,136.2792453765869,2026-03-06T12:46:34.164553,118.46,0.0,8.51,16.85,13.29,0.0,0.0,174.45,5.09,1.479,1.493,STRAIGHT,1.5,1.5,"CMD,1.5,1.50",2.849,0.0352,2.832,0.141,1,0.9856,0,NORMAL,62.912,0.478,1,1,1,1,1,224.8,84,3,dijkstra,fallback_centerline,0.38928,0,,,,,,0,,,,195436,116643,1930
658,136.46781182289124,2026-03-06T12:46:34.353119,116.9,0.0,9.46,14.13,8.87,0.0,0.0,167.1,5.1,1.494,1.493,STRAIGHT,1.5,1.5,"CMD,1.5,1.50",2.785,0.037,2.766,0.142,1,0.977,0,NORMAL,63.031,0.443,1,1,1,1,1,224.6,75,3,dijkstra,fallback_centerline,0.40176,0,,,,,,0,,,,199767,120304,1758
659,136.6641068458557,2026-03-06T12:46:34.549414,116.99,0.0,9.87,16.54,12.33,0.0,0.0,174.29,5.1,1.497,1.494,STRAIGHT,1.5,1.5,"CMD,1.5,1.50",2.796,0.0364,2.777,0.141,1,0.9769,0,NORMAL,62.231,0.381,1,1,1,1,1,224.8,81,3,dijkstra,fallback_centerline,0.3905,0,,,,,,0,,,,196525,116751,1924
660,136.85963606834412,2026-03-06T12:46:34.744943,119.31,0.0,8.98,15.86,14.74,0.0,0.0,175.03,5.1,1.503,1.497,STRAIGHT,1.5,1.5,"CMD,1.5,1.50",2.792,0.0367,2.773,0.142,1,0.9869,0,NORMAL,62.31,0.388,1,1,1,1,1,224.8,88,4,dijkstra,fallback_centerline,0.3944,0,,,,,,0,,,,196587,118069,1861
661,137.0556447505951,2026-03-06T12:46:34.940952,119.17,0.0,8.96,15.64,13.45,0.0,0.8,179.16,5.1,1.506,1.503,STRAIGHT,1.5,1.5,"CMD,1.5,1.50",2.798,0.0367,2.779,0.142,1,0.9845,0,NORMAL,62.71,0.36,1,1,1,1,1,224.8,83,4,dijkstra,fallback_centerline,0.38826,0,,,,,,0,,,,193888,116215,1805
662,137.2523078918457,2026-03-06T12:46:35.137615,119.9,0.0,6.11,21.9,13.04,0.0,0.0,177.44,5.1,1.486,1.503,STRAIGHT,1.5,1.5,"CMD,1.5,1.50",2.843,0.035,2.826,0.14,1,0.9864,0,NORMAL,62.675,0.309,1,1,1,1,1,224.7,86,4,dijkstra,fallback_centerline,0.39349,0,,,,,,0,,,,195353,117755,1752
663,137.45156002044678,2026-03-06T12:46:35.336867,119.37,0.0,8.51,16.89,13.03,0.0,1.0,184.07,5.1,1.457,1.486,STRAIGHT,1.5,1.5,"CMD,1.5,1.50",2.888,0.0339,2.871,0.14,1,0.9809,0,NORMAL,63.091,0.279,1,1,1,1,1,224.7,82,3,dijkstra,fallback_centerline,0.39924,0,,,,,,0,,,,198238,119411,1912
664,137.64488863945007,2026-03-06T12:46:35.530196,121.12,0.0,8.92,15.8,8.66,0.0,0.0,173.48,5.1,1.412,1.457,STRAIGHT,1.5,1.5,"CMD,1.5,1.50",2.989,0.032,2.974,0.142,1,0.9776,0,NORMAL,62.763,0.306,1,1,1,1,1,224.7,78,3,dijkstra,fallback_centerline,0.39696,0,,,,,,0,,,,195384,118722,1812
665,137.84207773208618,2026-03-06T12:46:35.727385,119.32,0.0,8.02,15.55,12.54,0.0,0.0,173.95,5.1,1.337,1.412,STRAIGHT,1.5,1.5,"CMD,1.4,1.50",3.245,0.0288,3.234,0.151,1,0.9817,0,NORMAL,62.786,0.284,1,1,1,1,1,224.9,74,6,dijkstra,fallback_centerline,0.3912,0,,,,,,0,,,,195473,117108,1863
666,138.0395176410675,2026-03-06T12:46:35.924825,118.3,0.0,8.09,16.68,13.63,0.0,0.0,175.7,5.1,1.263,1.337,STRAIGHT,1.5,1.5,"CMD,1.3,1.50",3.417,0.0271,3.407,0.157,1,0.9858,0,NORMAL,62.547,0.298,1,1,1,1,1,224.8,72,3,dijkstra,fallback_centerline,0.39349,0,,,,,,0,,,,195047,117853,1903
667,138.2393536567688,2026-03-06T12:46:36.124661,123.25,0.0,8.02,16.33,13.06,0.0,1.0,179.77,5.09,1.237,1.263,STRAIGHT,1.5,1.5,"CMD,1.3,1.50",3.266,0.0287,3.255,0.153,1,0.9817,0,NORMAL,62.51,0.285,1,1,1,1,1,224.7,89,4,dijkstra,fallback_centerline,0.40395,0,,,,,,0,,,,197597,120872,1874
668,138.4419445991516,2026-03-06T12:46:36.327252,119.68,0.0,12.22,18.37,13.72,0.0,0.0,182.97,5.08,1.212,1.237,STRAIGHT,1.5,1.5,"CMD,1.2,1.50",3.322,0.0282,3.31,0.155,1,0.989,0,NORMAL,62.904,0.242,1,1,1,1,1,224.6,95,3,dijkstra,fallback_centerline,0.40163,0,,,,,,0,,,,196236,120291,1844
669,138.64100885391235,2026-03-06T12:46:36.526316,114.7,0.0,14.44,15.98,13.18,0.0,0.0,177.3,5.08,1.192,1.212,STRAIGHT,1.5,1.5,"CMD,1.2,1.50",3.332,0.028,3.32,0.154,1,0.9901,0,NORMAL,62.318,0.221,1,1,1,1,1,224.7,77,4,dijkstra,fallback_centerline,0.40446,0,,,,,,0,,,,197112,121151,1850
670,138.83166766166687,2026-03-06T12:46:36.716975,117.67,0.0,8.98,17.39,10.28,0.0,0.0,171.88,5.08,1.174,1.192,STRAIGHT,1.5,1.5,"CMD,1.2,1.50",3.363,0.0276,3.352,0.155,1,0.9863,0,NORMAL,62.524,0.207,1,1,1,1,1,224.7,80,3,dijkstra,fallback_centerline,0.40957,0,,,,,,0,,,,197676,122690,1764
671,139.02646589279175,2026-03-06T12:46:36.911773,119.34,0.0,8.61,14.43,14.02,0.0,0.0,174.34,5.09,1.171,1.174,STRAIGHT,1.5,1.5,"CMD,1.2,1.50",3.276,0.0283,3.264,0.151,1,0.984,0,NORMAL,61.705,0.255,1,1,1,1,1,224.7,72,3,dijkstra,fallback_centerline,0.40754,0,,,,,,0,,,,198409,121961,1762
672,139.22821068763733,2026-03-06T12:46:37.113518,123.22,0.0,8.19,17.3,13.45,0.0,0.0,181.13,5.08,1.133,1.171,STRAIGHT,1.5,1.5,"CMD,1.2,1.50",3.559,0.0256,3.549,0.162,1,0.9729,0,NORMAL,61.21,0.512,1,1,1,1,1,224.9,79,3,dijkstra,fallback_centerline,0.40973,0,,,,,,0,,,,197305,122796,1846
673,139.42972803115845,2026-03-06T12:46:37.315035,122.71,0.0,8.13,18.05,13.09,0.0,1.02,181.24,5.08,1.104,1.133,STRAIGHT,1.5,1.5,"CMD,1.1,1.50",3.683,0.0253,3.673,0.171,1,0.9813,0,NORMAL,61.326,0.611,1,1,1,1,1,224.9,82,3,dijkstra,fallback_centerline,0.41986,0,,,,,,0,,,,200353,125593,1850
674,139.63091278076172,2026-03-06T12:46:37.516220,118.7,0.0,9.12,16.34,13.35,0.0,0.0,177.81,5.08,1.084,1.104,STRAIGHT,1.5,1.5,"CMD,1.1,1.50",3.881,0.0253,3.87,0.19,1,0.9876,0,NORMAL,61.598,0.548,1,1,1,1,1,224.7,74,3,dijkstra,fallback_centerline,0.42008,0,,,,,,0,,,,200127,125766,1817
675,139.83086824417114,2026-03-06T12:46:37.716175,119.42,0.0,8.12,19.14,14.14,0.0,0.0,179.76,5.07,1.069,1.084,STRAIGHT,1.5,1.5,"CMD,1.1,1.50",3.84,0.0252,3.829,0.185,1,0.9841,0,NORMAL,61.496,0.551,1,1,1,1,1,225.0,91,3,dijkstra,fallback_centerline,0.41248,0,,,,,,0,,,,199354,123537,2062
676,140.0287802219391,2026-03-06T12:46:37.914087,119.77,0.0,9.24,17.02,12.2,0.0,0.0,177.14,5.06,1.031,1.069,STRAIGHT,1.5,1.5,"CMD,1.1,1.50",4.0,0.0232,3.99,0.185,1,0.9848,0,NORMAL,61.139,0.587,1,1,1,1,1,225.0,77,4,dijkstra,fallback_centerline,0.41525,0,,,,,,0,,,,200291,124358,1821
677,140.22397089004517,2026-03-06T12:46:38.110338,117.56,0.0,9.26,15.82,13.62,0.0,0.0,173.98,5.07,0.978,1.031,STRAIGHT,1.5,1.5,"CMD,1.0,1.50",4.0,0.0211,3.992,0.169,1,0.9871,0,NORMAL,60.705,0.602,1,1,1,1,1,225.0,74,3,dijkstra,fallback_centerline,0.41647,0,,,,,,0,,,,200593,124742,1826
678,140.41623997688293,2026-03-06T12:46:38.301547,116.91,0.0,9.88,17.49,11.72,0.0,1.5,174.2,5.07,0.877,0.978,STRAIGHT,1.5,1.5,"CMD,1.0,1.50",4.0,0.0163,3.994,0.131,1,0.9846,0,NORMAL,60.527,0.584,1,1,1,1,1,225.0,93,3,dijkstra,fallback_centerline,0.41306,0,,,,,,0,,,,199869,123647,2067
679,140.61700320243835,2026-03-06T12:46:38.502310,119.95,0.0,9.97,17.58,13.27,0.0,0.0,180.77,5.07,0.779,0.877,STRAIGHT,1.5,1.5,"CMD,0.9,1.50",4.0,0.0141,3.995,0.113,1,0.9866,0,NORMAL,60.326,0.61,1,1,1,1,1,225.0,77,4,dijkstra,fallback_centerline,0.41335,0,,,,,,0,,,,199931,123765,1845
680,140.81863141059875,2026-03-06T12:46:38.703939,120.7,0.0,9.95,18.21,12.24,0.0,0.0,178.88,5.07,0.691,0.779,STRAIGHT,1.5,1.5,"CMD,0.8,1.50",4.0,0.0125,3.996,0.1,1,0.985,0,NORMAL,60.072,0.614,1,1,1,1,1,225.0,84,5,dijkstra,fallback_centerline,0.41622,0,,,,,,0,,,,201221,124641,2074
681,141.0121350288391,2026-03-06T12:46:38.898946,119.14,0.0,10.01,16.46,10.19,0.0,0.0,173.24,5.08,0.603,0.691,STRAIGHT,1.5,1.5,"CMD,0.7,1.50",4.0,0.0104,3.996,0.083,1,0.981,0,NORMAL,59.196,0.593,1,1,1,1,1,225.0,77,5,dijkstra,fallback_centerline,0.41378,0,,,,,,0,,,,199459,123992,2008
682,141.20741963386536,2026-03-06T12:46:39.092727,119.76,0.0,8.52,18.28,13.66,0.0,0.0,176.07,5.08,0.568,0.603,STRAIGHT,1.5,1.5,"CMD,0.6,1.50",4.0,0.012,3.995,0.096,1,0.9836,0,NORMAL,56.712,0.57,1,1,1,1,1,225.0,84,3,dijkstra,fallback_centerline,0.41397,0,,,,,,0,,,,199436,123925,1870
683,141.40487265586853,2026-03-06T12:46:39.290180,117.01,0.0,4.46,17.09,12.84,0.0,0.0,173.1,5.08,0.543,0.568,STRAIGHT,1.5,1.5,"CMD,0.6,1.50",4.0,0.012,3.995,0.096,1,0.9848,0,NORMAL,56.689,0.487,1,1,1,1,1,225.0,72,4,dijkstra,fallback_centerline,0.41231,0,,,,,,0,,,,199810,123471,1808
684,141.60074281692505,2026-03-06T12:46:39.486050,114.75,0.0,8.74,16.6,12.9,0.0,0.0,173.67,5.07,0.551,0.551,STRAIGHT,1.5,1.5,"CMD,0.6,1.50",4.0,0.0137,3.995,0.109,1,0.985,0,NORMAL,57.564,0.393,1,1,1,1,1,225.0,75,2,dijkstra,fallback_centerline,0.41039,0,,,,,,0,,,,199152,122885,1802
685,141.79693508148193,2026-03-06T12:46:39.682242,121.41,0.0,8.53,16.73,13.29,0.0,0.0,176.4,5.08,0.523,0.543,STRAIGHT,1.5,1.5,"CMD,0.5,1.50",4.0,0.0113,3.995,0.09,1,0.9761,0,NORMAL,57.771,0.633,1,1,1,1,1,225.0,69,4,dijkstra,fallback_centerline,0.40822,0,,,,,,0,,,,197057,122236,1825
686,141.99852299690247,2026-03-06T12:46:39.883830,123.5,0.0,7.87,16.87,13.72,0.0,0.0,180.34,5.07,0.5,0.523,STRAIGHT,1.5,1.5,"CMD,0.5,1.50",4.0,0.011,3.996,0.088,1,0.981,0,NORMAL,57.589,0.464,1,1,1,1,1,225.0,71,5,dijkstra,fallback_centerline,0.41002,0,,,,,,0,,,,198773,122803,1865
687,142.19864583015442,2026-03-06T12:46:40.083953,121.41,0.0,8.33,17.15,12.92,0.0,1.01,179.43,5.06,0.497,0.5,STRAIGHT,1.5,1.5,"CMD,0.5,1.50",4.0,0.0119,3.996,0.095,1,0.9839,0,NORMAL,57.582,0.537,1,1,1,1,1,225.0,75,6,dijkstra,fallback_centerline,0.41492,0,,,,,,0,,,,200621,124197,2028
688,142.39692902565002,2026-03-06T12:46:40.282236,121.91,0.0,8.77,14.39,14.62,0.0,0.0,178.37,5.06,0.498,0.498,STRAIGHT,1.5,1.5,"CMD,0.5,1.50",4.0,0.0121,3.997,0.097,1,0.9829,0,NORMAL,57.655,0.529,1,1,1,1,1,225.0,67,5,dijkstra,fallback_centerline,0.41293,0,,,,,,0,,,,199761,123698,1770
689,142.60055017471313,2026-03-06T12:46:40.485857,122.91,0.0,9.21,17.06,15.6,0.0,0.0,183.01,5.05,0.539,0.498,STRAIGHT,1.5,1.5,"CMD,0.5,1.50",4.0,0.0151,3.995,0.12,1,0.9845,0,NORMAL,57.895,0.535,1,1,1,1,1,225.0,58,5,dijkstra,fallback_centerline,0.41915,0,,,,,,0,,,,200845,125430,1811
690,142.80013751983643,2026-03-06T12:46:40.685445,120.56,0.0,7.91,18.18,13.46,0.0,0.0,177.75,5.05,0.551,0.539,STRAIGHT,1.5,1.5,"CMD,0.5,1.50",4.0,0.014,3.996,0.112,1,0.9814,0,NORMAL,57.95,0.57,1,1,1,1,1,225.0,60,5,dijkstra,fallback_centerline,0.41498,0,,,,,,0,,,,199484,124210,1753
691,142.9906542301178,2026-03-06T12:46:40.875961,115.43,0.0,9.02,14.7,12.16,0.0,0.0,169.57,5.05,0.55,0.55,STRAIGHT,1.5,1.5,"CMD,0.5,1.50",4.0,0.0133,3.996,0.106,1,0.9822,0,NORMAL,57.774,0.596,1,1,1,1,1,225.0,67,5,dijkstra,fallback_centerline,0.42052,0,,,,,,0,,,,200424,125860,1833
692,143.18263244628906,2026-03-06T12:46:41.067940,119.08,0.0,8.65,15.41,13.46,0.0,0.0,175.01,5.06,0.512,0.55,STRAIGHT,1.5,1.5,"CMD,0.5,1.50",4.0,0.0106,3.997,0.084,1,0.9792,0,NORMAL,58.403,0.541,1,1,1,1,1,225.0,71,4,dijkstra,fallback_centerline,0.40851,0,,,,,,0,,,,198336,122263,1996
693,143.38723587989807,2026-03-06T12:46:41.272543,127.76,0.0,9.01,15.49,13.34,0.0,0.0,184.71,5.05,0.459,0.512,STRAIGHT,1.5,1.5,"CMD,0.5,1.50",4.0,0.0086,3.998,0.069,1,0.981,0,NORMAL,58.232,0.6,1,1,1,1,1,225.0,70,6,dijkstra,fallback_centerline,0.41496,0,,,,,,0,,,,200563,124241,1943
694,143.58686923980713,2026-03-06T12:46:41.472176,117.39,0.0,9.51,16.93,14.58,0.0,0.0,176.22,5.05,0.392,0.459,STRAIGHT,1.5,1.5,"CMD,0.5,1.50",4.0,0.0062,3.998,0.05,1,0.9743,0,NORMAL,58.65,0.558,1,1,1,1,1,225.0,74,5,dijkstra,fallback_centerline,0.40072,0,,,,,,0,,,,196490,120031,1931
695,143.79151844978333,2026-03-06T12:46:41.676826,123.04,0.0,10.61,15.15,14.94,0.0,1.1,183.25,5.04,0.358,0.392,STRAIGHT,1.5,1.5,"CMD,0.4,1.50",4.0,0.0071,3.998,0.056,1,0.9776,0,NORMAL,57.507,0.56,1,1,1,1,1,225.0,83,3,dijkstra,fallback_centerline,0.40901,0,,,,,,0,,,,199388,122493,2003
696,143.99762892723083,2026-03-06T12:46:41.882936,124.0,0.0,8.22,19.92,11.49,0.0,0.0,185.08,5.04,0.32,0.358,STRAIGHT,1.5,1.5,"CMD,0.4,1.50",4.0,0.0059,3.998,0.047,1,0.9799,0,NORMAL,57.901,0.562,1,1,1,1,1,225.0,84,5,dijkstra,fallback_centerline,0.40095,0,,,,,,0,,,,197401,120048,1985
697,144.1954789161682,2026-03-06T12:46:42.080786,122.55,0.0,8.14,17.63,12.92,0.0,0.0,178.68,5.04,0.303,0.32,STRAIGHT,1.5,1.5,"CMD,0.3,1.50",4.0,0.0065,3.998,0.052,1,0.9808,0,NORMAL,58.222,0.542,1,1,1,1,1,225.0,80,3,dijkstra,fallback_centerline,0.40698,0,,,,,,0,,,,198346,122029,1870
698,144.39211130142212,2026-03-06T12:46:42.277418,121.45,0.0,8.81,16.55,12.47,0.0,0.0,174.95,5.04,0.279,0.303,STRAIGHT,1.5,1.5,"CMD,0.3,1.50",4.0,0.0056,3.998,0.045,1,0.9776,0,NORMAL,58.828,0.521,1,1,1,1,1,225.0,70,4,dijkstra,fallback_centerline,0.39884,0,,,,,,0,,,,195756,119364,1830
699,144.58850002288818,2026-03-06T12:46:42.473807,121.27,0.0,8.92,14.62,12.14,0.0,0.0,175.62,5.04,0.293,0.293,STRAIGHT,1.5,1.5,"CMD,0.3,1.50",4.0,0.0077,3.999,0.062,1,0.9835,0,NORMAL,59.463,0.544,1,1,1,1,1,225.0,62,5,dijkstra,fallback_centerline,0.40264,0,,,,,,0,,,,196703,120462,1874
700,144.78969740867615,2026-03-06T12:46:42.675004,128.16,0.0,7.52,16.24,12.92,0.0,0.0,183.91,5.03,0.373,0.293,STRAIGHT,1.5,1.5,"CMD,0.3,1.50",4.0,0.013,3.997,0.104,1,0.9687,0,NORMAL,59.58,0.509,1,1,1,1,1,225.0,73,3,dijkstra,fallback_centerline,0.41399,0,,,,,,0,,,,201480,123947,1864
701,145.01368761062622,2026-03-06T12:46:42.898995,138.24,0.0,11.17,15.87,13.13,0.0,0.0,201.88,5.01,0.405,0.373,STRAIGHT,1.5,1.5,"CMD,0.4,1.50",4.0,0.0113,3.998,0.091,1,0.9678,0,NORMAL,60.047,0.497,1,1,1,1,1,225.0,69,5,dijkstra,fallback_centerline,0.39957,0,,,,,,0,,,,197252,119624,1788
702,145.2131152153015,2026-03-06T12:46:43.098422,118.8,0.0,10.73,15.38,13.01,0.0,0.0,178.16,5.02,0.409,0.405,STRAIGHT,1.5,1.5,"CMD,0.4,1.50",4.0,0.0101,3.998,0.081,1,0.9808,0,NORMAL,59.766,0.53,1,1,1,1,1,225.0,67,4,dijkstra,fallback_centerline,0.40207,0,,,,,,0,,,,197060,120465,1801
703,145.41864466667175,2026-03-06T12:46:43.303952,123.99,0.0,9.33,17.05,12.53,0.0,0.0,184.87,5.01,0.42,0.409,STRAIGHT,1.5,1.5,"CMD,0.4,1.50",4.0,0.0107,3.998,0.086,1,0.9791,0,NORMAL,58.864,0.483,1,1,1,1,1,225.0,68,6,dijkstra,fallback_centerline,0.39899,0,,,,,,0,,,,196681,119307,2025
704,145.61730313301086,2026-03-06T12:46:43.502610,122.47,0.0,9.15,15.58,15.09,0.0,0.0,180.61,5.01,0.473,0.42,STRAIGHT,1.5,1.5,"CMD,0.4,1.50",4.0,0.014,3.996,0.112,1,0.9752,0,NORMAL,59.511,0.411,1,1,1,1,1,225.0,66,4,dijkstra,fallback_centerline,0.40124,0,,,,,,0,,,,198037,120196,1830
705,145.82381892204285,2026-03-06T12:46:43.709126,128.04,0.0,9.0,15.92,13.3,0.0,0.0,184.84,5.0,0.516,0.473,STRAIGHT,1.5,1.5,"CMD,0.5,1.50",4.0,0.0146,3.996,0.117,1,0.977,0,NORMAL,59.836,0.396,1,1,1,1,1,225.0,65,4,dijkstra,fallback_centerline,0.39076,0,,,,,,0,,,,195065,117107,1711
706,146.02816772460938,2026-03-06T12:46:43.913475,127.95,0.0,9.39,15.78,13.22,0.0,0.0,183.53,5.0,0.52,0.516,STRAIGHT,1.5,1.5,"CMD,0.5,1.50",4.0,0.0128,3.997,0.102,1,0.9839,0,NORMAL,57.318,0.434,1,1,1,1,1,225.0,62,4,dijkstra,fallback_centerline,0.38678,0,,,,,,0,,,,194024,115772,1820
707,146.23462533950806,2026-03-06T12:46:44.119932,129.79,0.0,8.95,16.29,13.16,0.0,0.51,187.07,4.98,0.525,0.52,STRAIGHT,1.5,1.5,"CMD,0.5,1.50",4.0,0.013,3.997,0.104,1,0.9824,0,NORMAL,57.017,0.392,1,1,1,1,1,225.0,71,5,dijkstra,fallback_centerline,0.38343,0,,,,,,0,,,,193991,114769,1953
708,146.43127989768982,2026-03-06T12:46:44.316587,123.46,0.0,9.77,13.38,13.09,0.0,0.0,176.49,4.99,0.543,0.525,STRAIGHT,1.5,1.5,"CMD,0.5,1.50",4.0,0.014,3.997,0.112,1,0.9804,0,NORMAL,57.132,0.387,1,1,1,1,1,225.0,50,5,dijkstra,fallback_centerline,0.38442,0,,,,,,0,,,,195616,115079,1709
709,146.63684177398682,2026-03-06T12:46:44.522149,127.04,0.0,10.17,16.24,12.85,0.0,0.0,184.84,4.98,0.57,0.543,STRAIGHT,1.5,1.5,"CMD,0.5,1.50",4.0,0.0151,3.996,0.121,1,0.9792,0,NORMAL,57.618,0.332,1,1,1,1,1,225.0,76,5,dijkstra,fallback_centerline,0.37975,0,,,,,,0,,,,193141,113697,1956
710,146.8449399471283,2026-03-06T12:46:44.730247,130.15,0.0,9.71,15.66,12.88,0.0,0.0,187.5,4.97,0.583,0.57,STRAIGHT,1.5,1.5,"CMD,0.6,1.50",4.0,0.0147,3.996,0.118,1,0.9753,0,NORMAL,56.499,0.315,1,1,1,1,1,225.0,62,4,dijkstra,fallback_centerline,0.37502,0,,,,,,0,,,,189742,112371,1875
711,147.04025864601135,2026-03-06T12:46:44.925566,120.86,0.0,9.02,14.62,13.02,0.0,0.0,175.52,4.97,0.613,0.583,STRAIGHT,1.5,1.5,"CMD,0.6,1.50",4.0,0.0163,3.996,0.131,1,0.9787,0,NORMAL,57.298,0.283,1,1,1,1,1,225.0,65,6,dijkstra,fallback_centerline,0.37211,0,,,,,,0,,,,189520,111414,1894
712,147.2406177520752,2026-03-06T12:46:45.125925,122.43,0.0,9.01,16.37,14.04,0.0,0.0,180.01,4.97,0.648,0.613,STRAIGHT,1.5,1.5,"CMD,0.6,1.50",4.0,0.0174,3.995,0.139,1,0.9777,0,NORMAL,57.966,0.257,1,1,1,1,1,225.0,72,2,dijkstra,fallback_centerline,0.36988,0,,,,,,0,,,,187948,110752,1646
713,147.44002771377563,2026-03-06T12:46:45.325335,123.58,0.0,7.78,15.31,12.66,0.0,0.0,178.74,4.97,0.73,0.648,STRAIGHT,1.5,1.5,"CMD,0.6,1.50",3.734,0.0217,3.727,0.151,1,0.9764,0,NORMAL,58.312,0.261,1,1,1,1,1,225.0,68,4,dijkstra,fallback_centerline,0.37622,0,,,,,,0,,,,189295,112585,1741
714,147.63867044448853,2026-03-06T12:46:45.523978,123.42,0.0,10.52,13.56,11.59,0.0,0.0,176.25,4.96,0.808,0.73,STRAIGHT,1.5,1.5,"CMD,0.7,1.50",3.592,0.0234,3.584,0.15,1,0.9735,0,NORMAL,59.41,0.278,1,1,1,1,1,225.0,59,3,dijkstra,fallback_centerline,0.36612,0,,,,,,0,,,,185894,109626,1658
715,147.8366084098816,2026-03-06T12:46:45.721915,123.39,0.0,8.26,14.35,12.81,0.0,0.0,177.54,4.97,0.852,0.808,STRAIGHT,1.5,1.5,"CMD,0.8,1.50",3.693,0.0228,3.685,0.155,1,0.9775,0,NORMAL,59.861,0.24,1,1,1,1,1,225.0,64,4,dijkstra,fallback_centerline,0.36893,0,,,,,,0,,,,185735,110406,1905
716,148.03266525268555,2026-03-06T12:46:45.917972,121.8,0.0,8.5,17.06,12.02,0.0,0.0,175.7,4.97,0.947,0.852,STRAIGHT,1.5,1.5,"CMD,0.9,1.50",3.412,0.0275,3.402,0.16,1,0.963,0,NORMAL,60.735,0.216,1,1,1,1,1,224.9,69,4,dijkstra,fallback_centerline,0.37519,0,,,,,,0,,,,189260,112315,1901
717,148.2239191532135,2026-03-06T12:46:46.109226,118.49,0.0,8.44,13.49,12.41,0.0,0.0,172.09,4.98,1.007,0.947,STRAIGHT,1.5,1.5,"CMD,0.9,1.50",3.428,0.0273,3.418,0.16,1,0.9634,0,NORMAL,62.288,0.139,1,1,1,1,1,224.9,60,4,dijkstra,fallback_centerline,0.3637,0,,,,,,0,,,,186182,108923,1821
718,148.4189488887787,2026-03-06T12:46:46.304256,119.54,0.0,9.31,15.69,12.6,0.0,1.0,175.25,4.98,1.089,1.007,STRAIGHT,1.5,1.5,"CMD,1.0,1.50",3.237,0.0304,3.225,0.158,1,0.9677,0,NORMAL,63.246,0.085,1,1,1,1,1,224.9,67,4,dijkstra,fallback_centerline,0.36236,0,,,,,,0,,,,184314,108419,1807
719,148.61051058769226,2026-03-06T12:46:46.495818,115.26,0.0,11.9,15.58,12.04,0.0,1.0,171.51,4.99,1.135,1.089,STRAIGHT,1.5,1.5,"CMD,1.1,1.50",3.261,0.0298,3.25,0.158,1,0.959,0,NORMAL,64.332,0.027,1,1,1,1,1,224.9,65,4,dijkstra,fallback_centerline,0.34959,0,,,,,,0,,,,179984,104726,1704
720,148.80887413024902,2026-03-06T12:46:46.694181,121.65,0.0,9.47,15.65,12.72,0.0,0.0,178.29,4.98,-0.89,1.089,STRAIGHT,1.5,1.5,"CMD,1.1,1.50",1.973,-0.1201,1.871,-0.213,1,0.9424,0,NORMAL,64.903,-0.007,1,1,1,1,1,223.4,77,5,dijkstra,fallback_centerline,0.34211,0,,,,,,0,,,,173216,102479,1695
721,149.00070309638977,2026-03-06T12:46:46.886010,117.2,0.0,8.39,18.06,12.07,0.0,0.0,173.44,4.99,-2.442,-0.89,STRAIGHT,1.5,1.5,"CMD,-0.9,1.50",2.012,-0.1349,1.917,-0.252,1,0.9496,0,NORMAL,65.405,-0.017,1,1,1,1,1,218.4,85,5,dijkstra,fallback_centerline,0.34541,0,,,,,,0,,,,170121,103496,1759
722,149.19486904144287,2026-03-06T12:46:47.080176,118.25,0.0,9.8,16.58,11.75,0.0,1.0,174.74,4.99,-3.859,-2.442,STRAIGHT,1.5,1.5,"CMD,-2.4,1.50",1.943,-0.163,1.825,-0.278,1,0.9652,0,NORMAL,66.333,-0.041,1,1,1,1,1,219.9,87,4,dijkstra,fallback_centerline,0.33349,0,,,,,,0,,,,165733,99915,1782
723,149.38927221298218,2026-03-06T12:46:47.274579,118.26,0.0,9.77,16.91,12.74,0.0,0.0,176.2,5.0,-4.098,-3.859,STRAIGHT,1.5,1.5,"CMD,-3.9,1.50",2.09,-0.1111,2.021,-0.23,1,0.965,0,NORMAL,66.881,-0.068,1,1,1,1,1,220.3,91,4,dijkstra,fallback_centerline,0.32973,0,,,,,,0,,,,165330,98750,1808
724,149.6019630432129,2026-03-06T12:46:47.487270,136.89,0.0,8.99,16.63,12.37,0.0,0.0,193.69,4.99,-4.715,-4.098,STRAIGHT,1.5,1.5,"CMD,-4.1,1.50",1.942,-0.1447,1.836,-0.248,1,0.9405,0,NORMAL,67.252,-0.004,1,1,1,1,1,222.7,85,3,dijkstra,fallback_centerline,0.33674,0,,,,,,0,,,,174370,100869,1694
725,149.8009204864502,2026-03-06T12:46:47.686227,119.51,0.0,9.49,17.36,12.18,0.0,0.0,179.09,5.0,-5.179,-4.715,STRAIGHT,1.5,1.5,"CMD,-4.7,1.50",1.919,-0.1486,1.808,-0.247,1,0.9687,0,NORMAL,68.078,-0.265,1,1,1,1,1,221.9,90,4,dijkstra,fallback_centerline,0.33252,0,,,,,,0,,,,174254,99589,1776
726,150.01587986946106,2026-03-06T12:46:47.901187,130.76,0.0,7.16,23.37,13.26,0.0,0.0,194.28,4.98,-3.925,-4.715,STRAIGHT,1.5,1.5,"CMD,-4.7,1.50",2.143,-0.0344,2.086,-0.075,1,0.962,0,NORMAL,68.684,-0.258,1,1,1,1,1,224.8,87,3,dijkstra,fallback_centerline,0.3414,0,,,,,,0,,,,179353,102189,1636
727,150.2204852104187,2026-03-06T12:46:48.105792,124.24,0.0,10.02,15.9,11.57,0.0,0.0,183.34,4.97,-2.474,-3.925,STRAIGHT,1.5,1.5,"CMD,-3.9,1.50",2.345,0.0104,2.308,0.028,1,0.9806,0,NORMAL,69.612,-0.301,1,1,1,1,1,224.9,79,3,dijkstra,fallback_centerline,0.34304,0,,,,,,0,,,,179885,102615,1727
728,150.4198236465454,2026-03-06T12:46:48.305131,124.64,0.0,8.58,15.27,12.06,0.0,0.0,179.2,4.97,-1.253,-2.474,STRAIGHT,1.5,1.5,"CMD,-2.5,1.50",2.506,0.0288,2.478,0.089,1,0.9829,0,NORMAL,70.028,-0.298,1,1,1,1,1,224.9,78,3,dijkstra,fallback_centerline,0.33671,0,,,,,,0,,,,178059,100765,1679
729,150.6168088912964,2026-03-06T12:46:48.502116,123.03,0.0,8.98,15.05,13.02,0.0,0.0,176.83,4.98,-0.35,-1.253,STRAIGHT,1.5,1.5,"CMD,-1.3,1.50",2.64,0.0353,2.617,0.121,1,0.9898,0,NORMAL,70.711,-0.344,1,1,1,1,1,224.9,72,3,dijkstra,fallback_centerline,0.33527,0,,,,,,0,,,,177259,100296,1716
730,150.82501196861267,2026-03-06T12:46:48.710319,125.83,0.0,8.22,15.04,11.37,0.0,0.0,185.4,4.99,0.282,-0.35,STRAIGHT,1.5,1.5,"CMD,-0.3,1.50",2.751,0.0375,2.731,0.14,1,0.9885,0,NORMAL,70.711,-0.366,1,1,1,1,1,224.9,72,3,dijkstra,fallback_centerline,0.33343,0,,,,,,0,,,,176752,99819,1626
731,151.03462886810303,2026-03-06T12:46:48.919936,132.32,0.0,7.51,16.11,13.04,0.0,0.0,190.05,4.98,0.736,0.282,STRAIGHT,1.5,1.5,"CMD,0.3,1.50",2.745,0.0399,2.724,0.148,1,0.9893,0,NORMAL,70.711,-0.352,1,1,1,1,1,224.9,78,3,dijkstra,fallback_centerline,0.3368,0,,,,,,0,,,,178175,100797,1641
732,151.23472666740417,2026-03-06T12:46:49.120034,123.91,0.0,8.91,15.81,12.52,0.0,0.5,180.14,4.99,1.051,0.736,STRAIGHT,1.5,1.5,"CMD,0.7,1.50",2.764,0.0407,2.744,0.154,1,0.9906,0,NORMAL,70.711,-0.306,1,1,1,1,1,224.9,81,3,dijkstra,fallback_centerline,0.34128,0,,,,,,0,,,,179259,102071,1666
733,151.43023991584778,2026-03-06T12:46:49.315547,119.89,0.0,8.83,17.42,11.3,0.0,1.0,176.51,4.99,1.259,1.051,STRAIGHT,1.5,1.5,"CMD,1.1,1.50",2.783,0.0406,2.764,0.156,1,0.9903,0,NORMAL,70.711,-0.316,1,1,1,1,1,224.9,86,3,dijkstra,fallback_centerline,0.34126,0,,,,,,0,,,,180070,102184,1851
734,151.6295509338379,2026-03-06T12:46:49.514858,123.98,0.0,8.96,17.25,12.7,0.0,0.0,181.67,5.0,1.405,1.259,STRAIGHT,1.5,1.5,"CMD,1.3,1.50",2.784,0.0411,2.764,0.158,1,0.9901,0,NORMAL,70.711,-0.313,1,1,1,1,1,224.8,79,3,dijkstra,fallback_centerline,0.3457,0,,,,,,0,,,,180483,103407,1700
735,151.83187317848206,2026-03-06T12:46:49.717180,126.45,0.0,8.73,16.88,11.57,0.0,0.0,183.22,5.0,1.509,1.405,STRAIGHT,1.5,1.5,"CMD,1.4,1.50",2.795,0.0416,2.776,0.161,1,0.9887,0,NORMAL,70.711,-0.295,1,1,1,1,1,224.8,72,2,dijkstra,fallback_centerline,0.34333,0,,,,,,0,,,,180170,102700,1542
736,152.03545451164246,2026-03-06T12:46:49.920762,128.85,0.0,8.47,15.57,12.89,0.0,0.0,184.5,5.0,1.588,1.509,STRAIGHT,1.5,1.5,"CMD,1.5,1.50",2.783,0.0423,2.763,0.162,1,0.9906,0,NORMAL,70.711,-0.285,1,1,1,1,1,224.9,74,3,dijkstra,fallback_centerline,0.34246,0,,,,,,0,,,,180395,102514,1844
737,152.263836145401,2026-03-06T12:46:50.149143,148.57,0.0,9.03,17.12,13.84,0.0,0.0,207.95,4.97,1.649,1.588,STRAIGHT,1.5,1.5,"CMD,1.6,1.50",2.78,0.043,2.76,0.164,1,0.9886,0,NORMAL,70.711,-0.304,1,1,1,1,1,224.8,68,4,dijkstra,fallback_centerline,0.35037,0,,,,,,0,,,,181231,104822,1804
738,152.46786093711853,2026-03-06T12:46:50.353168,130.42,0.0,10.03,14.96,9.08,0.0,0.0,183.54,4.97,1.702,1.649,STRAIGHT,1.5,1.5,"CMD,1.6,1.50",2.762,0.0439,2.741,0.165,1,0.9864,0,NORMAL,70.711,-0.229,1,1,1,1,1,224.8,66,4,dijkstra,fallback_centerline,0.3511,0,,,,,,0,,,,182602,105122,1728
739,152.68202829360962,2026-03-06T12:46:50.567336,133.18,0.0,10.29,15.29,12.69,0.0,0.0,190.11,4.97,1.744,1.702,STRAIGHT,1.5,1.5,"CMD,1.7,1.50",2.758,0.0443,2.737,0.167,1,0.9882,0,NORMAL,70.711,-0.207,1,1,1,1,1,224.6,76,3,dijkstra,fallback_centerline,0.35676,0,,,,,,0,,,,183876,106716,1718
740,152.90367197990417,2026-03-06T12:46:50.788979,137.65,0.0,9.88,16.92,12.25,0.0,1.5,199.44,4.95,1.773,1.744,STRAIGHT,1.5,1.5,"CMD,1.7,1.50",2.754,0.0444,2.733,0.166,1,0.989,0,NORMAL,70.711,-0.089,1,1,1,1,1,224.5,86,3,dijkstra,fallback_centerline,0.35481,0,,,,,,0,,,,183565,106225,1846
741,153.1117181777954,2026-03-06T12:46:50.997025,128.37,0.0,10.22,18.11,11.97,0.0,0.0,186.94,4.94,1.788,1.773,STRAIGHT,1.5,1.5,"CMD,1.8,1.50",2.753,0.0441,2.732,0.165,1,0.9891,0,NORMAL,70.711,-0.047,1,1,1,1,1,224.5,79,3,dijkstra,fallback_centerline,0.36091,0,,,,,,0,,,,184897,108081,1839
742,153.31726098060608,2026-03-06T12:46:51.202568,126.71,0.0,9.62,18.0,12.62,0.0,0.0,185.27,4.93,1.798,1.788,STRAIGHT,1.5,1.5,"CMD,1.8,1.50",2.751,0.0441,2.73,0.165,1,0.9831,0,NORMAL,70.711,-0.017,1,1,1,1,1,224.2,80,2,dijkstra,fallback_centerline,0.37097,0,,,,,,0,,,,187428,111109,1693
743,153.51809287071228,2026-03-06T12:46:51.403400,122.26,0.0,8.82,17.01,13.13,0.0,0.0,179.67,4.93,1.802,1.798,STRAIGHT,1.5,1.5,"CMD,1.8,1.50",2.752,0.0439,2.731,0.164,1,0.9853,0,NORMAL,70.711,-0.086,1,1,1,1,1,224.4,81,4,dijkstra,fallback_centerline,0.36585,0,,,,,,0,,,,185706,109501,1891
744,153.71893882751465,2026-03-06T12:46:51.604246,124.26,0.0,8.02,15.93,13.25,0.0,0.0,181.08,4.93,1.804,1.802,STRAIGHT,1.5,1.5,"CMD,1.8,1.50",2.751,0.0438,2.731,0.164,1,0.9907,0,NORMAL,70.711,-0.034,1,1,1,1,1,224.4,73,3,dijkstra,fallback_centerline,0.36643,0,,,,,,0,,,,185522,109661,1691
745,153.92081713676453,2026-03-06T12:46:51.806124,126.51,0.0,9.01,15.06,11.19,0.0,0.0,181.84,4.92,1.81,1.804,STRAIGHT,1.5,1.5,"CMD,1.8,1.50",2.754,0.0442,2.733,0.166,1,0.9889,0,NORMAL,70.711,-0.056,1,1,1,1,1,224.5,84,4,dijkstra,fallback_centerline,0.36409,0,,,,,,0,,,,184766,108964,1957
746,154.1183466911316,2026-03-06T12:46:52.003654,123.44,0.0,7.21,17.57,12.4,0.0,0.0,177.62,4.92,1.811,1.81,STRAIGHT,1.5,1.5,"CMD,1.8,1.50",2.753,0.044,2.732,0.165,1,0.9879,0,NORMAL,70.711,-0.026,1,1,1,1,1,224.4,88,3,dijkstra,fallback_centerline,0.36783,0,,,,,,0,,,,185807,110060,1979
747,154.3188033103943,2026-03-06T12:46:52.204110,121.01,0.0,8.47,18.87,11.99,0.0,1.0,180.17,4.92,1.813,1.811,STRAIGHT,1.5,1.5,"CMD,1.8,1.50",2.751,0.0441,2.73,0.165,1,0.9835,0,NORMAL,70.711,-0.046,1,1,1,1,1,224.3,95,3,dijkstra,fallback_centerline,0.37025,0,,,,,,0,,,,187268,110823,1949
748,154.51767778396606,2026-03-06T12:46:52.402985,123.09,0.0,9.33,16.84,10.82,0.0,0.0,178.83,4.91,1.815,1.813,STRAIGHT,1.5,1.5,"CMD,1.8,1.50",2.75,0.0441,2.729,0.165,1,0.9855,0,NORMAL,70.711,-0.062,1,1,1,1,1,224.3,72,3,dijkstra,fallback_centerline,0.36895,0,,,,,,0,,,,186609,110479,1841
749,154.71796369552612,2026-03-06T12:46:52.603271,119.27,0.0,8.28,18.07,13.18,0.0,0.0,178.35,4.91,1.813,1.813,STRAIGHT,1.5,1.5,"CMD,1.8,1.50",2.751,0.0439,2.731,0.164,1,0.984,0,NORMAL,70.711,-0.056,1,1,1,1,1,224.5,78,3,dijkstra,fallback_centerline,0.36671,0,,,,,,0,,,,184843,109740,1924
750,154.92325592041016,2026-03-06T12:46:52.808563,121.64,0.0,10.07,17.82,11.23,0.0,1.46,184.53,4.9,1.806,1.813,STRAIGHT,1.5,1.5,"CMD,1.8,1.50",2.752,0.0435,2.731,0.163,1,0.9826,0,NORMAL,70.711,-0.042,1,1,1,1,1,224.5,83,3,dijkstra,fallback_centerline,0.3712,0,,,,,,0,,,,186567,111076,1946
751,155.12306022644043,2026-03-06T12:46:53.008367,122.86,0.0,9.1,17.38,12.37,0.0,1.01,180.18,4.89,1.802,1.806,STRAIGHT,1.5,1.5,"CMD,1.8,1.50",2.75,0.0435,2.73,0.163,1,0.9807,0,NORMAL,70.711,-0.064,1,1,1,1,1,224.2,77,3,dijkstra,fallback_centerline,0.37969,0,,,,,,0,,,,188828,113649,1679
752,155.32911777496338,2026-03-06T12:46:53.214425,127.96,0.0,8.8,18.04,13.14,0.0,0.0,186.39,4.88,1.796,1.802,STRAIGHT,1.5,1.5,"CMD,1.8,1.50",2.751,0.0433,2.731,0.162,1,0.9833,0,NORMAL,70.711,-0.052,1,1,1,1,1,224.3,89,2,dijkstra,fallback_centerline,0.37378,0,,,,,,0,,,,187477,111869,1792
753,155.52863025665283,2026-03-06T12:46:53.413937,119.15,0.0,8.33,18.26,12.3,0.0,0.0,177.4,4.89,1.794,1.796,STRAIGHT,1.5,1.5,"CMD,1.8,1.50",2.75,0.0434,2.729,0.162,1,0.9835,0,NORMAL,70.711,-0.043,1,1,1,1,1,224.2,90,3,dijkstra,fallback_centerline,0.37147,0,,,,,,0,,,,187725,111211,1840
754,155.72695803642273,2026-03-06T12:46:53.612265,121.17,0.0,9.43,17.71,12.32,0.0,0.0,179.51,4.89,1.788,1.794,STRAIGHT,1.5,1.5,"CMD,1.8,1.50",2.747,0.043,2.726,0.161,1,0.9736,0,NORMAL,70.655,-0.122,1,1,1,1,1,223.9,77,3,dijkstra,fallback_centerline,0.38855,0,,,,,,0,,,,191781,116331,1648
755,155.93493247032166,2026-03-06T12:46:53.820240,126.59,0.0,10.07,16.22,13.52,0.0,0.0,186.57,4.9,1.778,1.788,STRAIGHT,1.5,1.5,"CMD,1.8,1.50",2.747,0.0426,2.726,0.159,1,0.9771,0,NORMAL,68.394,-0.015,1,1,1,1,1,224.1,85,3,dijkstra,fallback_centerline,0.39167,0,,,,,,0,,,,191049,117211,1718
756,156.13411784172058,2026-03-06T12:46:54.019425,121.08,0.0,8.43,16.03,12.41,0.0,1.0,179.0,4.9,1.765,1.778,STRAIGHT,1.5,1.5,"CMD,1.8,1.50",2.746,0.0421,2.725,0.157,1,0.9853,0,NORMAL,66.157,-0.012,1,1,1,1,1,224.1,72,3,dijkstra,fallback_centerline,0.39444,0,,,,,,0,,,,191899,118049,1955
757,156.34012913703918,2026-03-06T12:46:54.225436,127.09,0.0,8.74,18.11,13.67,0.0,0.0,186.15,4.9,1.75,1.765,STRAIGHT,1.5,1.5,"CMD,1.8,1.50",2.746,0.0417,2.726,0.156,1,0.9841,0,NORMAL,64.904,0.007,1,1,1,1,1,224.4,86,3,dijkstra,fallback_centerline,0.39583,0,,,,,,0,,,,193344,118598,1830
758,156.53648805618286,2026-03-06T12:46:54.421795,117.74,0.0,8.09,16.66,13.03,0.0,1.03,175.88,4.9,1.729,1.75,STRAIGHT,1.5,1.5,"CMD,1.8,1.50",2.75,0.0409,2.73,0.153,1,0.9792,0,NORMAL,64.89,0.006,1,1,1,1,1,224.6,82,3,dijkstra,fallback_centerline,0.38847,0,,,,,,0,,,,190759,116384,1858
759,156.73464941978455,2026-03-06T12:46:54.619957,121.81,0.0,9.22,17.15,11.54,0.0,0.0,179.3,4.91,1.712,1.729,STRAIGHT,1.5,1.5,"CMD,1.7,1.50",2.75,0.0407,2.73,0.152,1,0.982,0,NORMAL,64.863,0.022,1,1,1,1,1,224.5,79,2,dijkstra,fallback_centerline,0.39568,0,,,,,,0,,,,191371,118427,1716
760,156.93542790412903,2026-03-06T12:46:54.820735,123.08,0.0,9.11,16.8,13.13,0.0,0.0,181.58,4.91,1.687,1.712,STRAIGHT,1.5,1.5,"CMD,1.7,1.50",2.763,0.0397,2.743,0.15,1,0.9871,0,NORMAL,64.536,-0.012,1,1,1,1,1,224.8,80,2,dijkstra,fallback_centerline,0.38934,0,,,,,,0,,,,190216,116480,1693
761,157.13670110702515,2026-03-06T12:46:55.022008,121.02,0.0,9.18,18.04,14.03,0.0,0.0,180.43,4.91,1.661,1.687,STRAIGHT,1.5,1.5,"CMD,1.7,1.50",2.767,0.039,2.748,0.148,1,0.9823,0,NORMAL,61.732,-0.042,1,1,1,1,1,224.8,90,3,dijkstra,fallback_centerline,0.39541,0,,,,,,0,,,,192040,118347,1839
762,157.33860397338867,2026-03-06T12:46:55.223911,122.99,0.0,8.91,17.05,13.03,0.0,0.0,181.65,4.91,1.627,1.661,STRAIGHT,1.5,1.5,"CMD,1.7,1.50",2.791,0.0378,2.772,0.146,1,0.9874,0,NORMAL,62.699,0.038,1,1,1,1,1,224.8,81,3,dijkstra,fallback_centerline,0.39624,0,,,,,,0,,,,191522,118791,1737
763,157.54012632369995,2026-03-06T12:46:55.425433,125.03,0.0,9.38,15.62,13.48,0.0,0.0,181.59,4.91,1.584,1.627,STRAIGHT,1.5,1.5,"CMD,1.6,1.50",2.818,0.0363,2.799,0.143,1,0.9819,0,NORMAL,61.616,0.059,1,1,1,1,1,224.9,69,3,dijkstra,fallback_centerline,0.39709,0,,,,,,0,,,,192627,118739,1778
764,157.74303269386292,2026-03-06T12:46:55.628340,123.47,0.0,8.51,17.1,14.07,0.0,0.0,182.99,4.91,1.53,1.584,STRAIGHT,1.5,1.5,"CMD,1.6,1.50",2.887,0.0345,2.87,0.142,1,0.9869,0,NORMAL,63.025,-0.107,1,1,1,1,1,224.9,84,3,dijkstra,fallback_centerline,0.39502,0,,,,,,0,,,,191196,118169,1850
765,157.9516007900238,2026-03-06T12:46:55.836908,129.96,0.0,8.24,18.05,11.93,0.0,0.0,187.27,4.9,1.451,1.53,STRAIGHT,1.5,1.5,"CMD,1.5,1.50",3.087,0.0313,3.074,0.148,1,0.9826,0,NORMAL,62.778,0.001,1,1,1,1,1,224.9,77,3,dijkstra,fallback_centerline,0.39182,0,,,,,,0,,,,192428,117441,1907
766,158.14734411239624,2026-03-06T12:46:56.032651,119.64,0.0,9.22,17.77,12.01,0.0,0.0,175.74,4.93,1.357,1.451,STRAIGHT,1.5,1.5,"CMD,1.5,1.50",3.287,0.0283,3.275,0.152,1,0.9843,0,NORMAL,62.299,0.026,1,1,1,1,1,224.9,78,2,dijkstra,fallback_centerline,0.39438,0,,,,,,0,,,,193090,117902,1748
767,158.3459255695343,2026-03-06T12:46:56.231233,119.57,0.0,8.18,16.59,13.92,0.0,0.0,177.7,4.93,1.283,1.357,STRAIGHT,1.5,1.5,"CMD,1.4,1.50",3.38,0.0275,3.37,0.156,1,0.9869,0,NORMAL,62.798,-0.001,1,1,1,1,1,224.9,88,2,dijkstra,fallback_centerline,0.4006,0,,,,,,0,,,,194808,119957,1783
768,158.53844785690308,2026-03-06T12:46:56.423755,119.5,0.0,9.02,14.46,11.37,0.0,0.0,171.88,4.95,1.206,1.283,STRAIGHT,1.5,1.5,"CMD,1.3,1.50",3.583,0.0255,3.574,0.163,1,0.9872,0,NORMAL,62.678,-0.028,1,1,1,1,1,224.9,65,2,dijkstra,fallback_centerline,0.39527,0,,,,,,0,,,,194155,118364,1624
769,158.73200011253357,2026-03-06T12:46:56.617307,123.42,0.0,9.02,15.02,10.77,0.0,0.0,177.39,4.98,1.127,1.206,STRAIGHT,1.5,1.5,"CMD,1.2,1.50",3.902,0.0235,3.893,0.178,1,0.9866,0,NORMAL,62.552,-0.017,1,1,1,1,1,225.0,77,2,dijkstra,fallback_centerline,0.39688,0,,,,,,0,,,,194635,118804,1778
770,158.934565782547,2026-03-06T12:46:56.819873,125.35,0.0,9.03,16.54,13.53,0.0,0.51,184.58,4.98,1.059,1.127,STRAIGHT,1.5,1.5,"CMD,1.1,1.50",4.0,0.0224,3.991,0.179,1,0.9845,0,NORMAL,62.063,-0.071,1,1,1,1,1,225.0,73,2,dijkstra,fallback_centerline,0.40781,0,,,,,,0,,,,196865,122210,1801
771,159.13848662376404,2026-03-06T12:46:57.023794,125.03,0.0,8.81,18.07,13.06,0.0,0.0,183.05,4.98,0.985,1.059,STRAIGHT,1.5,1.5,"CMD,1.1,1.50",4.0,0.0202,3.993,0.162,1,0.985,0,NORMAL,62.413,-0.042,1,1,1,1,1,225.0,84,3,dijkstra,fallback_centerline,0.40498,0,,,,,,0,,,,195941,121334,2014
772,159.33982348442078,2026-03-06T12:46:57.225131,121.69,0.0,8.81,16.75,14.07,0.0,0.0,181.25,4.98,0.9,0.985,STRAIGHT,1.5,1.5,"CMD,1.0,1.50",4.0,0.0177,3.994,0.142,1,0.9853,0,NORMAL,62.261,-0.007,1,1,1,1,1,225.0,79,4,dijkstra,fallback_centerline,0.40719,0,,,,,,0,,,,196565,121949,1892
773,159.53798389434814,2026-03-06T12:46:57.423291,120.62,0.0,9.01,16.73,14.28,0.0,0.0,178.53,4.98,0.836,0.9,STRAIGHT,1.5,1.5,"CMD,0.9,1.50",4.0,0.0172,3.995,0.137,1,0.9868,0,NORMAL,61.969,0.019,1,1,1,1,1,225.0,79,4,dijkstra,fallback_centerline,0.40921,0,,,,,,0,,,,198160,122543,2047
774,159.74028491973877,2026-03-06T12:46:57.625592,122.91,0.0,9.11,16.16,14.28,0.0,0.0,182.21,4.98,0.766,0.836,STRAIGHT,1.5,1.5,"CMD,0.8,1.50",4.0,0.0152,3.996,0.121,1,0.9885,0,NORMAL,61.459,0.077,1,1,1,1,1,225.0,82,3,dijkstra,fallback_centerline,0.4156,0,,,,,,0,,,,199050,124357,2094
775,159.94544053077698,2026-03-06T12:46:57.830748,115.27,0.0,16.57,16.24,13.18,0.0,0.79,183.83,4.98,0.702,0.766,STRAIGHT,1.5,1.5,"CMD,0.8,1.50",4.0,0.0139,3.996,0.111,1,0.9869,0,NORMAL,61.157,0.142,1,1,1,1,1,225.0,82,4,dijkstra,fallback_centerline,0.41928,0,,,,,,0,,,,199851,125512,1988
776,160.1394612789154,2026-03-06T12:46:58.024768,118.92,0.0,8.61,15.01,13.85,0.0,0.0,174.62,4.98,0.69,0.702,STRAIGHT,1.5,1.5,"CMD,0.7,1.50",4.0,0.0162,3.995,0.129,1,0.9834,0,NORMAL,60.835,0.165,1,1,1,1,1,225.0,76,4,dijkstra,fallback_centerline,0.42537,0,,,,,,0,,,,201334,127217,2071
777,160.3366014957428,2026-03-06T12:46:58.221908,118.51,0.0,8.32,17.75,13.9,0.0,1.19,177.6,4.98,0.678,0.69,STRAIGHT,1.5,1.5,"CMD,0.7,1.50",4.0,0.0159,3.995,0.127,1,0.984,0,NORMAL,61.151,0.183,1,1,1,1,1,225.0,82,4,dijkstra,fallback_centerline,0.42393,0,,,,,,0,,,,202382,126816,2098
778,160.53648614883423,2026-03-06T12:46:58.421793,116.21,0.0,9.15,19.17,15.9,0.0,0.0,179.85,4.98,0.71,0.69,STRAIGHT,1.5,1.5,"CMD,0.7,1.50",4.0,0.0188,3.993,0.15,1,0.9773,0,NORMAL,60.579,0.225,1,1,1,1,1,225.0,79,2,dijkstra,fallback_centerline,0.43686,0,,,,,,0,,,,206048,130813,2028
779,160.7361719608307,2026-03-06T12:46:58.621479,118.13,0.0,8.08,17.57,13.86,0.0,0.0,176.53,4.99,0.753,0.71,STRAIGHT,1.5,1.5,"CMD,0.7,1.50",4.0,0.0204,3.992,0.162,1,0.9701,0,NORMAL,55.941,0.141,1,1,1,1,1,225.0,85,3,dijkstra,fallback_centerline,0.43388,0,,,,,,0,,,,202229,129834,2004
780,160.948983669281,2026-03-06T12:46:58.834291,129.99,0.0,9.47,19.13,12.94,0.0,0.0,191.55,4.98,0.792,0.753,STRAIGHT,1.5,1.5,"CMD,0.8,1.50",4.0,0.0211,3.992,0.168,1,0.974,0,NORMAL,56.79,0.053,1,1,1,1,1,225.0,84,5,dijkstra,fallback_centerline,0.42618,0,,,,,,0,,,,202310,127598,2033
781,161.1436858177185,2026-03-06T12:46:59.028993,112.65,0.0,9.44,18.09,13.93,0.0,0.0,172.7,4.99,0.811,0.792,STRAIGHT,1.5,1.5,"CMD,0.8,1.50",4.0,0.0206,3.992,0.164,1,0.9834,0,NORMAL,56.202,-0.162,1,1,1,1,1,225.0,83,5,dijkstra,fallback_centerline,0.42514,0,,,,,,0,,,,202184,127276,2047
782,161.3354845046997,2026-03-06T12:46:59.220792,111.27,0.0,9.69,17.76,13.58,0.0,0.0,170.83,4.99,0.845,0.811,STRAIGHT,1.5,1.5,"CMD,0.8,1.50",4.0,0.0222,3.991,0.177,1,0.984,0,NORMAL,57.41,-0.082,1,1,1,1,1,225.0,86,3,dijkstra,fallback_centerline,0.42157,0,,,,,,0,,,,200929,126220,1889
783,161.53204917907715,2026-03-06T12:46:59.417356,117.03,0.0,9.82,18.45,13.0,0.0,0.0,174.48,5.0,0.837,0.837,STRAIGHT,1.5,1.5,"CMD,0.8,1.50",4.0,0.0199,3.993,0.159,1,0.9752,0,NORMAL,57.843,-0.202,1,1,1,1,1,225.0,87,5,dijkstra,fallback_centerline,0.40368,0,,,,,,0,,,,197003,120949,1875
784,161.73236918449402,2026-03-06T12:46:59.617676,119.77,0.0,8.24,18.51,15.24,0.0,0.0,179.52,5.0,0.836,0.837,STRAIGHT,1.5,1.5,"CMD,0.8,1.50",4.0,0.0202,3.993,0.161,1,0.9722,0,NORMAL,57.869,-0.155,1,1,1,1,1,225.0,89,5,dijkstra,fallback_centerline,0.41789,0,,,,,,0,,,,201161,125108,2080
785,161.94790768623352,2026-03-06T12:46:59.833215,136.83,0.0,9.07,19.33,11.79,0.0,0.7,195.09,4.99,0.831,0.836,STRAIGHT,1.5,1.5,"CMD,0.8,1.50",4.0,0.0199,3.993,0.159,1,0.9823,0,NORMAL,58.297,-0.136,1,1,1,1,1,225.0,91,3,dijkstra,fallback_centerline,0.41079,0,,,,,,0,,,,200545,122813,2057
786,162.14568424224854,2026-03-06T12:47:00.030991,119.33,0.0,9.64,19.28,13.76,0.0,0.0,180.69,5.0,0.821,0.831,STRAIGHT,1.5,1.5,"CMD,0.8,1.50",4.0,0.0194,3.993,0.155,1,0.9866,0,NORMAL,58.621,-0.085,1,1,1,1,1,225.0,93,2,dijkstra,fallback_centerline,0.4114,0,,,,,,0,,,,200592,123138,1867
787,162.33643507957458,2026-03-06T12:47:00.221742,117.53,0.0,8.31,15.22,10.92,0.0,0.0,171.01,5.0,0.828,0.828,STRAIGHT,1.5,1.5,"CMD,0.8,1.50",4.0,0.0204,3.993,0.163,1,0.9815,0,NORMAL,59.474,-0.126,1,1,1,1,1,225.0,74,4,dijkstra,fallback_centerline,0.40829,0,,,,,,0,,,,199115,122236,1886
788,162.52933382987976,2026-03-06T12:47:00.414641,113.6,0.0,9.44,16.31,14.03,0.0,0.0,171.53,5.0,0.849,0.828,STRAIGHT,1.5,1.5,"CMD,0.8,1.50",4.0,0.0216,3.992,0.172,1,0.987,0,NORMAL,59.563,-0.083,1,1,1,1,1,225.0,83,4,dijkstra,fallback_centerline,0.41004,0,,,,,,0,,,,199492,122825,1994
789,162.71792078018188,2026-03-06T12:47:00.603228,114.9,0.0,8.43,16.38,8.55,0.0,0.0,166.05,5.02,0.873,0.849,STRAIGHT,1.5,1.5,"CMD,0.8,1.50",3.973,0.0224,3.964,0.176,1,0.9863,0,NORMAL,60.092,-0.077,1,1,1,1,1,225.0,81,4,dijkstra,fallback_centerline,0.41281,0,,,,,,0,,,,199997,123624,2036
790,162.92474675178528,2026-03-06T12:47:00.810054,125.3,0.0,10.07,10.99,18.84,0.0,0.0,182.8,5.01,0.89,0.873,STRAIGHT,1.5,1.5,"CMD,0.9,1.50",4.0,0.0224,3.991,0.179,1,0.9841,0,NORMAL,60.686,-0.071,1,1,1,1,1,225.0,63,3,dijkstra,fallback_centerline,0.40576,0,,,,,,0,,,,198203,121465,1764
791,163.12571692466736,2026-03-06T12:47:01.011024,119.71,0.0,11.04,19.34,10.82,0.0,0.0,180.21,5.01,0.942,0.89,STRAIGHT,1.5,1.5,"CMD,0.9,1.50",3.597,0.0253,3.587,0.163,1,0.9775,0,NORMAL,61.349,-0.075,1,1,1,1,1,224.9,82,2,dijkstra,fallback_centerline,0.40603,0,,,,,,0,,,,200026,121576,1716
792,163.32293391227722,2026-03-06T12:47:01.208241,114.12,0.0,10.52,16.93,13.29,0.0,0.0,178.34,5.01,0.953,0.942,STRAIGHT,1.5,1.5,"CMD,0.9,1.50",3.732,0.0237,3.723,0.164,1,0.9747,0,NORMAL,61.535,0.004,1,1,1,1,1,225.0,76,3,dijkstra,fallback_centerline,0.40229,0,,,,,,0,,,,197239,120481,1794
793,163.51863884925842,2026-03-06T12:47:01.403946,115.98,0.0,8.98,17.14,12.7,0.0,0.0,173.42,5.02,0.938,0.942,STRAIGHT,1.5,1.5,"CMD,0.9,1.50",3.819,0.022,3.811,0.16,1,0.9876,0,NORMAL,61.752,0.02,1,1,1,1,1,225.0,80,3,dijkstra,fallback_centerline,0.4013,0,,,,,,0,,,,197159,120258,1775
794,163.7160108089447,2026-03-06T12:47:01.601318,119.88,0.0,8.82,16.71,13.88,0.0,0.0,177.29,5.03,0.94,0.94,STRAIGHT,1.5,1.5,"CMD,0.9,1.50",3.735,0.0229,3.727,0.159,1,0.9834,0,NORMAL,62.693,0.03,1,1,1,1,1,225.0,77,4,dijkstra,fallback_centerline,0.40506,0,,,,,,0,,,,197270,121248,1878
795,163.91652703285217,2026-03-06T12:47:01.801834,115.44,0.0,14.58,10.11,20.78,0.0,0.0,179.83,5.03,0.922,0.938,STRAIGHT,1.5,1.5,"CMD,0.9,1.50",3.886,0.0215,3.879,0.162,1,0.9821,0,NORMAL,64.602,-0.014,1,1,1,1,1,225.0,82,2,dijkstra,fallback_centerline,0.40128,0,,,,,,0,,,,195975,120272,1837
796,164.11469292640686,2026-03-06T12:47:02,117.25,0.0,8.5,10.95,18.85,0.0,0.0,175.68,5.03,0.927,0.927,STRAIGHT,1.5,1.5,"CMD,0.9,1.50",3.756,0.0227,3.747,0.16,1,0.9853,0,NORMAL,64.442,-0.029,1,1,1,1,1,224.9,85,3,dijkstra,fallback_centerline,0.39694,0,,,,,,0,,,,195591,118846,2019
797,164.31370401382446,2026-03-06T12:47:02.199011,114.87,0.0,12.37,18.23,13.25,0.0,0.0,177.09,5.02,0.926,0.926,STRAIGHT,1.5,1.5,"CMD,0.9,1.50",3.83,0.0224,3.822,0.164,1,0.9792,0,NORMAL,66.019,-0.039,1,1,1,1,1,225.0,98,3,dijkstra,fallback_centerline,0.38572,0,,,,,,0,,,,192859,115466,1960
798,164.50667190551758,2026-03-06T12:47:02.391979,113.43,0.0,3.64,17.56,14.01,0.0,0.0,172.74,5.02,0.947,0.927,STRAIGHT,1.5,1.5,"CMD,0.9,1.50",3.605,0.024,3.596,0.155,1,0.9828,0,NORMAL,66.334,-0.086,1,1,1,1,1,225.0,96,2,dijkstra,fallback_centerline,0.38686,0,,,,,,0,,,,193714,115992,1892
799,164.70663046836853,2026-03-06T12:47:02.591938,120.51,0.0,5.35,18.64,13.26,0.0,0.0,179.76,5.03,0.975,0.947,STRAIGHT,1.5,1.5,"CMD,0.9,1.50",3.639,0.025,3.63,0.165,1,0.9795,0,NORMAL,64.558,0.006,1,1,1,1,1,224.9,93,3,dijkstra,fallback_centerline,0.39583,0,,,,,,0,,,,195682,118467,1978
800,164.90263175964355,2026-03-06T12:47:02.787939,117.95,0.0,6.05,21.01,13.66,0.0,0.0,176.07,5.03,1.012,0.975,STRAIGHT,1.5,1.5,"CMD,1.0,1.50",3.501,0.0264,3.491,0.161,1,0.9728,0,NORMAL,65.54,-0.068,1,1,1,1,1,224.9,83,3,dijkstra,fallback_centerline,0.38461,0,,,,,,0,,,,191714,115069,1826
801,165.10136651992798,2026-03-06T12:47:02.986674,116.89,0.0,7.9,19.04,14.73,0.0,0.0,178.51,5.03,1.087,1.012,STRAIGHT,1.5,1.5,"CMD,1.0,1.50",3.134,0.03,3.121,0.146,1,0.9634,0,NORMAL,64.98,-0.025,1,1,1,1,1,224.8,101,2,dijkstra,fallback_centerline,0.40345,0,,,,,,0,,,,197215,120657,1842
802,165.297696352005,2026-03-06T12:47:03.183003,117.49,0.0,9.89,18.06,12.31,0.0,0.0,175.28,5.03,1.175,1.087,STRAIGHT,1.5,1.5,"CMD,1.1,1.50",2.909,0.0327,2.893,0.137,1,0.9812,0,NORMAL,66.172,-0.064,1,1,1,1,1,224.8,85,3,dijkstra,fallback_centerline,0.39934,0,,,,,,0,,,,196225,119649,1832
803,165.49252104759216,2026-03-06T12:47:03.377828,113.65,0.0,9.3,18.31,12.45,0.0,0.0,172.56,5.04,1.241,1.175,STRAIGHT,1.5,1.5,"CMD,1.2,1.50",2.91,0.0333,2.894,0.14,1,0.9787,0,NORMAL,66.266,-0.094,1,1,1,1,1,224.8,94,3,dijkstra,fallback_centerline,0.39465,0,,,,,,0,,,,195050,118286,1893
804,165.68540143966675,2026-03-06T12:47:03.570709,114.73,0.0,10.5,13.22,16.89,0.0,0.0,173.25,5.05,1.278,1.241,STRAIGHT,1.5,1.5,"CMD,1.2,1.50",2.945,0.0328,2.929,0.141,1,0.9792,0,NORMAL,66.62,-0.088,1,1,1,1,1,224.9,92,3,dijkstra,fallback_centerline,0.39176,0,,,,,,0,,,,193567,117112,1832
805,165.87959694862366,2026-03-06T12:47:03.764904,115.89,0.0,8.43,18.35,12.6,0.0,0.0,173.6,5.05,1.276,1.276,STRAIGHT,1.5,1.5,"CMD,1.3,1.50",3.093,0.0309,3.08,0.147,1,0.9767,0,NORMAL,66.911,-0.145,1,1,1,1,1,224.9,97,2,dijkstra,fallback_centerline,0.38138,0,,,,,,0,,,,191414,114177,1756
806,166.0767183303833,2026-03-06T12:47:03.962026,116.58,0.0,8.91,16.91,12.75,0.0,1.03,176.01,5.05,1.294,1.278,STRAIGHT,1.5,1.5,"CMD,1.3,1.50",3.005,0.0322,2.991,0.144,1,0.9772,0,NORMAL,66.342,-0.078,1,1,1,1,1,224.8,85,2,dijkstra,fallback_centerline,0.39686,0,,,,,,0,,,,195162,118873,1688
807,166.26803612709045,2026-03-06T12:47:04.153343,113.81,0.0,9.07,16.84,12.63,0.0,0.0,171.21,5.06,1.306,1.294,STRAIGHT,1.5,1.5,"CMD,1.3,1.50",2.992,0.0323,2.977,0.143,1,0.9818,0,NORMAL,67.451,-0.135,1,1,1,1,1,224.8,83,2,dijkstra,fallback_centerline,0.39465,0,,,,,,0,,,,196468,118196,1746
808,166.46812391281128,2026-03-06T12:47:04.353431,121.38,0.0,9.65,19.33,10.22,0.0,0.0,177.64,5.06,1.319,1.306,STRAIGHT,1.5,1.5,"CMD,1.3,1.50",2.967,0.0326,2.952,0.142,1,0.9855,0,NORMAL,67.156,-0.111,1,1,1,1,1,224.8,94,3,dijkstra,fallback_centerline,0.4045,0,,,,,,0,,,,197846,121161,2006
809,166.6627480983734,2026-03-06T12:47:04.548055,113.03,0.0,8.61,17.15,13.81,0.0,0.0,170.45,5.08,1.313,1.313,STRAIGHT,1.5,1.5,"CMD,1.3,1.50",3.05,0.0316,3.036,0.146,1,0.9768,0,NORMAL,66.753,-0.22,1,1,1,1,1,224.8,88,3,dijkstra,fallback_centerline,0.38676,0,,,,,,0,,,,193349,115712,1963
810,166.85755515098572,2026-03-06T12:47:04.742862,117.46,0.0,8.32,17.16,11.94,0.0,1.0,173.17,5.07,1.303,1.313,STRAIGHT,1.5,1.5,"CMD,1.3,1.50",3.107,0.0311,3.093,0.149,1,0.9812,0,NORMAL,67.982,-0.311,1,1,1,1,1,224.9,89,3,dijkstra,fallback_centerline,0.37853,0,,,,,,0,,,,192679,113263,1979
811,167.0566647052765,2026-03-06T12:47:04.941972,117.47,0.0,10.12,17.62,14.07,0.0,0.0,178.7,5.07,1.291,1.303,STRAIGHT,1.5,1.5,"CMD,1.3,1.50",3.123,0.0307,3.11,0.149,1,0.9864,0,NORMAL,67.199,-0.256,1,1,1,1,1,224.8,89,2,dijkstra,fallback_centerline,0.38647,0,,,,,,0,,,,194939,115610,1712
812,167.25614476203918,2026-03-06T12:47:05.141452,118.22,0.0,9.0,16.81,13.44,0.0,0.0,176.69,5.07,1.243,1.291,STRAIGHT,1.5,1.5,"CMD,1.3,1.50",3.351,0.0278,3.34,0.155,1,0.9842,0,NORMAL,67.661,-0.28,1,1,1,1,1,224.9,94,3,dijkstra,fallback_centerline,0.37593,0,,,,,,0,,,,192712,112437,1882
813,167.451993227005,2026-03-06T12:47:05.337300,118.4,0.0,8.9,17.8,12.96,0.0,0.0,176.59,5.07,1.2,1.243,STRAIGHT,1.5,1.5,"CMD,1.2,1.50",3.395,0.0271,3.385,0.155,1,0.9818,0,NORMAL,66.969,-0.239,1,1,1,1,1,224.9,99,2,dijkstra,fallback_centerline,0.38512,0,,,,,,0,,,,194418,115228,1825
814,167.64528036117554,2026-03-06T12:47:05.530587,119.33,0.0,8.61,19.11,8.74,0.0,0.0,177.24,5.09,1.193,1.2,STRAIGHT,1.5,1.5,"CMD,1.2,1.50",3.278,0.0285,3.266,0.153,1,0.9855,0,NORMAL,68.301,-0.242,1,1,1,1,1,224.8,93,3,dijkstra,fallback_centerline,0.38562,0,,,,,,0,,,,195731,115414,1838
815,167.84758734703064,2026-03-06T12:47:05.732895,119.88,0.0,8.22,19.38,11.96,0.0,0.0,178.44,5.09,1.168,1.193,STRAIGHT,1.5,1.5,"CMD,1.2,1.50",3.388,0.0271,3.378,0.155,1,0.979,0,NORMAL,68.244,-0.187,1,1,1,1,1,224.9,90,3,dijkstra,fallback_centerline,0.37548,0,,,,,,0,,,,192977,112451,1783
816,168.0514829158783,2026-03-06T12:47:05.936790,123.45,0.0,9.17,18.06,12.13,0.0,1.02,183.92,5.07,1.14,1.168,STRAIGHT,1.5,1.5,"CMD,1.2,1.50",3.461,0.0263,3.451,0.157,1,0.9807,0,NORMAL,67.295,-0.145,1,1,1,1,1,224.9,92,2,dijkstra,fallback_centerline,0.38632,0,,,,,,0,,,,196323,115550,1754
817,168.24991011619568,2026-03-06T12:47:06.135217,119.48,0.0,9.23,17.39,12.97,0.0,0.0,182.22,5.07,1.143,1.143,STRAIGHT,1.5,1.5,"CMD,1.1,1.50",3.323,0.0279,3.312,0.153,1,0.984,0,NORMAL,66.95,-0.071,1,1,1,1,1,224.8,95,2,dijkstra,fallback_centerline,0.39576,0,,,,,,0,,,,199036,118452,1734
818,168.44844317436218,2026-03-06T12:47:06.333750,120.27,0.0,9.75,18.39,12.61,0.0,0.0,180.22,5.06,1.144,1.143,STRAIGHT,1.5,1.5,"CMD,1.1,1.50",3.327,0.0277,3.316,0.153,1,0.9829,0,NORMAL,66.663,-0.002,1,1,1,1,1,224.9,93,2,dijkstra,fallback_centerline,0.38798,0,,,,,,0,,,,197165,116316,1744
819,168.6450960636139,2026-03-06T12:47:06.530403,116.47,0.0,9.82,18.0,13.2,0.0,0.0,177.51,5.07,1.131,1.143,STRAIGHT,1.5,1.5,"CMD,1.1,1.50",3.414,0.0268,3.404,0.156,1,0.989,0,NORMAL,66.428,0.064,1,1,1,1,1,224.9,101,3,dijkstra,fallback_centerline,0.39541,0,,,,,,0,,,,198254,118327,1979
820,168.84366250038147,2026-03-06T12:47:06.728969,113.8,0.0,13.2,19.44,12.72,0.0,1.0,178.44,5.07,1.131,1.131,STRAIGHT,1.5,1.5,"CMD,1.1,1.50",3.322,0.0274,3.311,0.151,1,0.9885,0,NORMAL,65.61,0.131,1,1,1,1,1,224.9,107,3,dijkstra,fallback_centerline,0.40101,0,,,,,,0,,,,199632,120086,1837
821,169.04217910766602,2026-03-06T12:47:06.927486,117.99,0.0,8.88,19.38,13.04,0.0,1.0,178.58,5.07,1.126,1.131,STRAIGHT,1.5,1.5,"CMD,1.1,1.50",3.358,0.0271,3.347,0.152,1,0.9866,0,NORMAL,59.536,0.274,1,1,1,1,1,224.9,93,3,dijkstra,fallback_centerline,0.41081,0,,,,,,0,,,,201928,122828,2034
822,169.24375748634338,2026-03-06T12:47:07.129065,121.98,0.0,8.89,18.2,12.44,0.0,0.0,179.76,5.07,1.108,1.126,STRAIGHT,1.5,1.5,"CMD,1.1,1.50",3.513,0.0259,3.502,0.159,1,0.9855,0,NORMAL,60.122,0.202,1,1,1,1,1,224.9,90,2,dijkstra,fallback_centerline,0.39729,0,,,,,,0,,,,199226,118933,1730
823,169.44515585899353,2026-03-06T12:47:07.330463,122.63,0.0,9.98,19.31,13.19,0.0,0.0,181.48,5.06,1.11,1.11,STRAIGHT,1.5,1.5,"CMD,1.1,1.50",3.34,0.0271,3.329,0.15,1,0.9827,0,NORMAL,59.254,0.231,1,1,1,1,1,224.9,94,2,dijkstra,fallback_centerline,0.40994,0,,,,,,0,,,,202683,122579,1799
824,169.6421308517456,2026-03-06T12:47:07.527438,118.11,0.0,9.63,19.1,12.37,0.0,0.0,176.19,5.06,1.127,1.11,STRAIGHT,1.5,1.5,"CMD,1.1,1.50",3.201,0.0281,3.189,0.143,1,0.9865,0,NORMAL,56.679,0.371,1,1,1,1,1,224.9,92,2,dijkstra,fallback_centerline,0.41562,0,,,,,,0,,,,204958,124400,1788
825,169.8409583568573,2026-03-06T12:47:07.726265,117.97,0.0,9.02,17.39,12.83,0.0,0.0,176.24,5.07,1.128,1.127,STRAIGHT,1.5,1.5,"CMD,1.1,1.50",3.254,0.0274,3.243,0.145,1,0.9822,0,NORMAL,55.873,0.376,1,1,1,1,1,224.9,81,3,dijkstra,fallback_centerline,0.40508,0,,,,,,0,,,,201360,121203,1759
826,170.03960299491882,2026-03-06T12:47:07.924910,118.26,0.0,9.67,18.33,14.04,0.0,0.0,178.75,5.06,1.134,1.128,STRAIGHT,1.5,1.5,"CMD,1.1,1.50",3.22,0.0278,3.208,0.143,1,0.9899,0,NORMAL,55.942,0.401,1,1,1,1,1,224.9,91,2,dijkstra,fallback_centerline,0.4064,0,,,,,,0,,,,201930,121712,1827
827,170.24374842643738,2026-03-06T12:47:08.129056,124.19,0.0,9.01,17.64,13.9,0.0,0.0,184.02,5.05,1.158,1.134,STRAIGHT,1.5,1.5,"CMD,1.1,1.50",3.055,0.0292,3.041,0.135,1,0.983,0,NORMAL,55.675,0.441,1,1,1,1,1,224.9,94,2,dijkstra,fallback_centerline,0.41554,0,,,,,,0,,,,205319,124328,1834
828,170.4456660747528,2026-03-06T12:47:08.330973,121.38,0.0,10.01,17.73,12.96,0.0,0.0,181.15,5.05,1.181,1.158,STRAIGHT,1.5,1.5,"CMD,1.2,1.50",3.018,0.0297,3.004,0.134,1,0.9909,0,NORMAL,55.402,0.504,1,1,1,1,1,224.9,99,2,dijkstra,fallback_centerline,0.41124,0,,,,,,0,,,,203654,123100,1802
829,170.6447398662567,2026-03-06T12:47:08.530047,119.31,0.0,8.97,18.72,12.91,0.0,0.0,179.24,5.05,1.197,1.181,STRAIGHT,1.5,1.5,"CMD,1.2,1.50",3.022,0.0298,3.008,0.135,1,0.9905,0,NORMAL,55.617,0.5,1,1,1,1,1,224.8,100,2,dijkstra,fallback_centerline,0.40762,0,,,,,,0,,,,202359,121896,1795
830,170.8448407649994,2026-03-06T12:47:08.730148,119.73,0.0,9.02,18.23,13.13,0.0,0.51,179.28,5.05,1.214,1.197,STRAIGHT,1.5,1.5,"CMD,1.2,1.50",2.979,0.0302,2.964,0.133,1,0.9908,0,NORMAL,54.984,0.558,1,1,1,1,1,224.8,93,2,dijkstra,fallback_centerline,0.41149,0,,,,,,0,,,,203558,123166,1826
831,171.0399522781372,2026-03-06T12:47:08.925259,116.79,0.0,8.99,16.9,13.43,0.0,0.0,175.14,5.05,1.243,1.214,STRAIGHT,1.5,1.5,"CMD,1.2,1.50",2.88,0.0316,2.863,0.13,1,0.9878,0,NORMAL,55.288,0.523,1,1,1,1,1,224.7,76,2,dijkstra,fallback_centerline,0.41066,0,,,,,,0,,,,203999,122911,1707
832,171.24105763435364,2026-03-06T12:47:09.126365,118.8,0.0,8.98,19.74,13.39,0.0,0.0,180.47,5.04,1.266,1.243,STRAIGHT,1.5,1.5,"CMD,1.2,1.50",2.871,0.0318,2.854,0.13,1,0.9896,0,NORMAL,54.611,0.628,1,1,1,1,1,224.7,103,2,dijkstra,fallback_centerline,0.41874,0,,,,,,0,,,,204584,125404,1852
833,171.4420874118805,2026-03-06T12:47:09.327395,120.48,0.0,9.79,18.07,13.81,0.0,0.0,181.25,5.04,1.289,1.266,STRAIGHT,1.5,1.5,"CMD,1.3,1.50",2.853,0.0323,2.835,0.13,1,0.9858,0,NORMAL,55.133,0.596,1,1,1,1,1,224.4,95,2,dijkstra,fallback_centerline,0.4113,0,,,,,,0,,,,204162,123182,1815
834,171.64383959770203,2026-03-06T12:47:09.529147,119.89,0.0,10.26,18.29,13.84,0.0,0.0,180.09,5.03,1.321,1.289,STRAIGHT,1.5,1.5,"CMD,1.3,1.50",2.822,0.0336,2.804,0.132,1,0.98,0,NORMAL,53.411,0.431,1,1,1,1,1,223.9,96,2,dijkstra,fallback_centerline,0.41395,0,,,,,,0,,,,204828,124110,1839
835,171.8510503768921,2026-03-06T12:47:09.736358,126.38,0.0,7.94,20.23,13.21,0.0,0.0,185.92,5.02,1.349,1.321,STRAIGHT,1.5,1.5,"CMD,1.3,1.50",2.777,0.0341,2.757,0.13,1,0.9776,0,NORMAL,53.777,0.426,1,1,1,1,1,224.3,99,2,dijkstra,fallback_centerline,0.39713,0,,,,,,0,,,,201680,118957,1824
836,172.05121850967407,2026-03-06T12:47:09.936526,120.06,0.0,8.5,19.08,13.4,0.0,0.0,179.81,5.01,1.378,1.349,STRAIGHT,1.5,1.5,"CMD,1.3,1.50",2.742,0.0348,2.722,0.129,1,0.9903,0,NORMAL,54.24,0.39,1,1,1,1,1,224.4,98,2,dijkstra,fallback_centerline,0.39366,0,,,,,,0,,,,200746,117875,1850
837,172.25797390937805,2026-03-06T12:47:10.143281,125.58,0.0,9.31,18.72,12.87,0.0,0.0,185.69,5.01,1.404,1.378,STRAIGHT,1.5,1.5,"CMD,1.4,1.50",2.696,0.0353,2.675,0.126,1,0.9881,0,NORMAL,54.439,0.443,1,1,1,1,1,224.4,95,2,dijkstra,fallback_centerline,0.39269,0,,,,,,0,,,,199277,117564,1820
838,172.45822978019714,2026-03-06T12:47:10.343537,121.3,0.0,9.13,18.57,13.28,0.0,0.0,181.73,5.0,1.427,1.404,STRAIGHT,1.5,1.5,"CMD,1.4,1.50",2.67,0.0357,2.648,0.126,1,0.9849,0,NORMAL,54.658,0.458,1,1,1,1,1,224.3,90,2,dijkstra,fallback_centerline,0.39293,0,,,,,,0,,,,200555,117416,1761
839,172.6648759841919,2026-03-06T12:47:10.550183,127.07,0.0,8.92,19.17,12.8,0.0,0.0,186.82,4.99,1.447,1.427,STRAIGHT,1.5,1.5,"CMD,1.4,1.50",2.652,0.036,2.629,0.125,1,0.9859,0,NORMAL,54.866,0.572,1,1,1,1,1,224.4,89,2,dijkstra,fallback_centerline,0.39783,0,,,,,,0,,,,200848,119115,1839
840,172.86574816703796,2026-03-06T12:47:10.751055,120.0,0.0,8.56,18.7,13.25,0.0,0.0,180.37,4.99,1.468,1.447,STRAIGHT,1.5,1.5,"CMD,1.4,1.50",2.612,0.0366,2.588,0.123,1,0.9741,0,NORMAL,55.807,0.482,1,1,1,1,1,224.4,97,3,dijkstra,fallback_centerline,0.38564,0,,,,,,0,,,,199353,115444,1829
841,173.06604099273682,2026-03-06T12:47:10.951348,119.62,0.0,9.6,20.03,13.75,0.0,0.0,180.53,4.99,1.481,1.468,STRAIGHT,1.5,1.5,"CMD,1.5,1.50",2.609,0.0366,2.585,0.122,1,0.9816,0,NORMAL,55.36,0.505,1,1,1,1,1,224.2,97,3,dijkstra,fallback_centerline,0.39415,0,,,,,,0,,,,202401,117968,2002
842,173.2668435573578,2026-03-06T12:47:11.152151,122.09,0.0,7.84,18.49,12.78,0.0,0.0,180.21,4.99,1.487,1.481,STRAIGHT,1.5,1.5,"CMD,1.5,1.50",2.608,0.0363,2.584,0.122,1,0.9801,0,NORMAL,55.394,0.584,1,1,1,1,1,224.3,94,2,dijkstra,fallback_centerline,0.39302,0,,,,,,0,,,,201241,117637,1801
843,173.47247099876404,2026-03-06T12:47:11.357778,126.18,0.0,8.64,17.4,13.15,0.0,0.0,185.07,4.98,1.484,1.484,STRAIGHT,1.5,1.5,"CMD,1.5,1.50",2.61,0.0358,2.586,0.12,1,0.9732,0,NORMAL,56.008,0.578,1,1,1,1,1,224.8,86,3,dijkstra,fallback_centerline,0.37913,0,,,,,,0,,,,196963,113494,1787
844,173.67216849327087,2026-03-06T12:47:11.557476,121.26,0.0,9.48,16.6,13.13,0.0,0.0,178.73,4.98,1.482,1.484,STRAIGHT,1.5,1.5,"CMD,1.5,1.50",2.604,0.0359,2.58,0.12,1,0.9874,0,NORMAL,56.227,0.562,1,1,1,1,1,224.6,79,3,dijkstra,fallback_centerline,0.37808,0,,,,,,0,,,,196335,113146,1847
845,173.8716471195221,2026-03-06T12:47:11.756954,121.97,0.0,7.42,19.05,12.95,0.0,0.0,179.47,4.98,1.485,1.484,STRAIGHT,1.5,1.5,"CMD,1.5,1.50",2.602,0.0362,2.578,0.12,1,0.984,0,NORMAL,56.768,0.595,1,1,1,1,1,224.5,98,2,dijkstra,fallback_centerline,0.37988,0,,,,,,0,,,,197233,113784,1785
846,174.06933069229126,2026-03-06T12:47:11.954638,120.67,0.0,8.74,17.01,11.74,0.0,0.0,177.17,4.98,1.487,1.485,STRAIGHT,1.5,1.5,"CMD,1.5,1.50",2.614,0.0362,2.591,0.122,1,0.9911,0,NORMAL,56.96,0.597,1,1,1,1,1,224.5,90,2,dijkstra,fallback_centerline,0.37789,0,,,,,,0,,,,197594,113121,1722
847,174.27594685554504,2026-03-06T12:47:12.161254,121.84,0.0,9.77,18.22,13.39,0.0,0.0,184.03,4.98,1.485,1.485,STRAIGHT,1.5,1.5,"CMD,1.5,1.50",2.637,0.0359,2.614,0.123,1,0.9887,0,NORMAL,57.634,0.636,1,1,1,1,1,224.5,90,2,dijkstra,fallback_centerline,0.38083,0,,,,,,0,,,,198935,114012,1753
848,174.4877073764801,2026-03-06T12:47:12.373015,118.95,0.0,8.42,31.76,12.79,0.0,0.0,191.3,4.96,1.462,1.485,STRAIGHT,1.5,1.5,"CMD,1.5,1.50",2.716,0.0343,2.696,0.125,1,0.9854,0,NORMAL,58.092,0.785,1,1,1,1,1,224.8,194,2,dijkstra,fallback_centerline,0.37868,0,,,,,,0,,,,197779,113277,2353
849,174.7016260623932,2026-03-06T12:47:12.586933,123.3,0.0,8.52,30.43,12.61,0.0,0.0,193.09,4.95,1.431,1.462,STRAIGHT,1.5,1.5,"CMD,1.5,1.50",2.757,0.0332,2.738,0.125,1,0.9901,0,NORMAL,57.502,0.78,1,1,1,1,1,224.8,191,2,dijkstra,fallback_centerline,0.38264,0,,,,,,0,,,,199462,114553,2369
850,174.91381764411926,2026-03-06T12:47:12.799125,122.95,0.0,8.68,29.5,12.89,0.0,0.0,192.26,4.94,1.375,1.431,STRAIGHT,1.5,1.5,"CMD,1.4,1.50",2.856,0.0306,2.839,0.124,1,0.9864,0,NORMAL,57.735,0.907,1,1,1,1,1,224.8,181,2,dijkstra,fallback_centerline,0.38498,0,,,,,,0,,,,198884,115151,2310
851,175.12167191505432,2026-03-06T12:47:13.006979,115.7,0.0,11.4,29.45,12.2,0.0,0.0,186.98,4.93,1.274,1.375,STRAIGHT,1.5,1.5,"CMD,1.4,1.50",3.025,0.026,3.013,0.118,1,0.9886,0,NORMAL,58.16,0.882,1,1,1,1,1,224.8,184,2,dijkstra,fallback_centerline,0.37907,0,,,,,,0,,,,198417,113579,2369
852,175.3337733745575,2026-03-06T12:47:13.219081,120.66,0.0,9.05,28.83,13.14,0.0,0.0,190.68,4.92,1.139,1.274,STRAIGHT,1.5,1.5,"CMD,1.3,1.50",3.175,0.0211,3.166,0.106,1,0.986,0,NORMAL,57.974,0.968,1,1,1,1,1,224.8,176,3,dijkstra,fallback_centerline,0.38347,0,,,,,,0,,,,200949,114727,2300
853,175.54639506340027,2026-03-06T12:47:13.431702,122.63,0.0,8.52,29.12,12.59,0.0,0.0,191.75,4.91,1.028,1.139,STRAIGHT,1.5,1.5,"CMD,1.1,1.50",3.244,0.0196,3.236,0.102,1,0.9849,0,NORMAL,58.833,0.968,1,1,1,1,1,224.8,177,3,dijkstra,fallback_centerline,0.37913,0,,,,,,0,,,,199475,113317,2352
854,175.74905514717102,2026-03-06T12:47:13.634362,120.7,0.0,10.01,19.86,11.95,0.0,1.0,181.43,4.91,0.948,1.028,STRAIGHT,1.5,1.5,"CMD,1.0,1.50",3.278,0.0191,3.27,0.102,1,0.9898,0,NORMAL,58.929,0.97,1,1,1,1,1,224.8,96,3,dijkstra,fallback_centerline,0.37556,0,,,,,,0,,,,198001,112434,1801
855,175.95906567573547,2026-03-06T12:47:13.844373,124.45,0.0,9.08,26.09,12.87,0.0,0.0,190.88,4.9,0.751,0.948,STRAIGHT,1.5,1.5,"CMD,0.9,1.50",3.719,0.0086,3.715,0.059,1,0.9868,0,NORMAL,59.217,0.964,1,1,1,1,1,224.8,160,3,dijkstra,fallback_centerline,0.37424,0,,,,,,0,,,,196494,111906,2224
856,176.16940021514893,2026-03-06T12:47:14.054707,124.48,0.0,8.85,26.34,10.04,0.0,0.0,187.28,4.9,0.524,0.751,STRAIGHT,1.5,1.5,"CMD,0.8,1.50",4.0,0.0017,3.997,0.014,1,0.9833,0,NORMAL,59.787,0.944,1,1,1,1,1,224.9,159,4,dijkstra,fallback_centerline,0.36717,0,,,,,,0,,,,195429,109881,2168
857,176.37365198135376,2026-03-06T12:47:14.258959,118.17,0.0,9.03,25.36,11.67,0.0,0.0,184.71,4.89,0.359,0.524,STRAIGHT,1.5,1.5,"CMD,0.5,1.50",4.0,0.0007,3.999,0.005,1,0.988,0,NORMAL,60.219,0.912,1,1,1,1,1,224.9,150,4,dijkstra,fallback_centerline,0.36242,0,,,,,,0,,,,194617,108468,2182
858,176.58536529541016,2026-03-06T12:47:14.470672,125.86,0.0,7.18,21.88,17.67,0.0,0.0,190.8,4.88,0.26,0.359,STRAIGHT,1.5,1.5,"CMD,0.4,1.50",4.0,0.0015,3.999,0.012,1,0.9647,0,NORMAL,56.15,0.928,1,1,1,1,1,224.9,154,5,dijkstra,fallback_centerline,0.38483,0,,,,,,0,,,,201173,115134,2306
859,176.79585981369019,2026-03-06T12:47:14.681167,122.84,0.0,10.71,24.14,12.22,0.0,0.93,189.9,4.87,0.186,0.26,STRAIGHT,1.5,1.5,"CMD,0.3,1.50",4.0,0.0009,4.0,0.007,1,0.9786,0,NORMAL,56.632,0.847,1,1,1,1,1,224.9,134,5,dijkstra,fallback_centerline,0.37707,0,,,,,,0,,,,197700,112841,2158
860,176.99977231025696,2026-03-06T12:47:14.885079,118.74,0.0,8.38,26.18,12.37,0.0,0.0,184.3,4.87,0.134,0.186,STRAIGHT,1.5,1.5,"CMD,0.2,1.50",4.0,0.0007,4.0,0.006,1,0.9829,0,NORMAL,57.31,0.8,1,1,1,1,1,224.9,150,4,dijkstra,fallback_centerline,0.37207,0,,,,,,0,,,,196018,111421,2376
861,177.20763874053955,2026-03-06T12:47:15.092946,123.15,0.0,8.45,26.0,12.11,0.0,0.0,187.27,4.86,0.097,0.134,STRAIGHT,1.5,1.5,"CMD,0.1,1.50",4.0,0.0005,4.0,0.004,1,0.9879,0,NORMAL,57.736,0.847,1,1,1,1,1,225.0,150,6,dijkstra,fallback_centerline,0.37132,0,,,,,,0,,,,194751,111143,2453
862,177.41524934768677,2026-03-06T12:47:15.300556,121.05,0.0,10.87,13.8,20.54,0.0,0.0,186.22,4.86,0.086,0.097,STRAIGHT,1.5,1.5,"CMD,0.1,1.50",4.0,0.0015,3.999,0.012,1,0.9836,0,NORMAL,57.411,0.861,1,1,1,1,1,225.0,129,4,dijkstra,fallback_centerline,0.36457,0,,,,,,0,,,,194501,109055,2182
863,177.62127566337585,2026-03-06T12:47:15.506583,114.5,0.0,12.44,28.21,10.96,0.0,0.0,185.06,4.85,0.08,0.086,STRAIGHT,1.5,1.5,"CMD,0.1,1.50",4.0,0.0017,3.998,0.014,1,0.9852,0,NORMAL,56.563,0.873,1,1,1,1,1,225.0,197,5,dijkstra,fallback_centerline,0.37324,0,,,,,,0,,,,196574,111749,2754
864,177.83489894866943,2026-03-06T12:47:15.720206,120.27,0.0,8.06,34.89,12.39,0.0,0.0,193.62,4.85,0.086,0.086,STRAIGHT,1.5,1.5,"CMD,0.1,1.50",4.0,0.0023,3.997,0.019,1,0.9818,0,NORMAL,57.228,0.855,1,1,1,1,1,225.0,212,5,dijkstra,fallback_centerline,0.37512,0,,,,,,0,,,,196490,112450,3144
865,178.04295301437378,2026-03-06T12:47:15.928260,117.54,0.0,9.2,31.61,12.77,0.0,0.0,187.5,4.84,0.109,0.086,STRAIGHT,1.5,1.5,"CMD,0.1,1.50",4.0,0.0038,3.997,0.03,1,0.9833,0,NORMAL,57.537,0.807,1,1,1,1,1,225.0,196,7,dijkstra,fallback_centerline,0.36694,0,,,,,,0,,,,194527,109833,2951
866,178.2536599636078,2026-03-06T12:47:16.138967,122.37,0.0,10.13,26.96,11.86,0.0,0.0,189.69,4.84,0.136,0.109,STRAIGHT,1.5,1.5,"CMD,0.1,1.50",4.0,0.0046,3.997,0.037,1,0.9845,0,NORMAL,56.499,0.846,1,1,1,1,1,225.0,192,7,dijkstra,fallback_centerline,0.36421,0,,,,,,0,,,,193492,109113,2814
867,178.4566512107849,2026-03-06T12:47:16.341958,120.9,0.0,5.89,26.76,11.93,0.0,0.0,180.56,4.83,0.188,0.136,STRAIGHT,1.5,1.5,"CMD,0.1,1.50",4.0,0.0071,3.997,0.057,1,0.9662,0,NORMAL,57.992,0.692,1,1,1,1,1,225.0,117,5,dijkstra,fallback_centerline,0.35903,0,,,,,,0,,,,193160,107488,2291
868,178.65278100967407,2026-03-06T12:47:16.538088,115.09,0.0,9.03,19.88,12.02,0.0,0.0,174.76,4.84,0.252,0.188,STRAIGHT,1.5,1.5,"CMD,0.2,1.50",4.0,0.0092,3.996,0.073,1,0.9883,0,NORMAL,58.304,0.641,1,1,1,1,1,225.0,105,7,dijkstra,fallback_centerline,0.35612,0,,,,,,0,,,,192584,106579,2236
869,178.85113334655762,2026-03-06T12:47:16.736440,118.4,0.0,9.75,19.91,11.96,0.0,0.0,182.93,4.85,0.319,0.252,STRAIGHT,1.5,1.5,"CMD,0.3,1.50",4.0,0.011,3.995,0.088,1,0.9668,0,NORMAL,59.208,0.6,1,1,1,1,1,225.0,107,5,dijkstra,fallback_centerline,0.35979,0,,,,,,0,,,,194717,107652,2389
870,179.05211925506592,2026-03-06T12:47:16.937426,119.14,0.0,7.91,23.09,11.46,0.0,0.0,177.54,4.84,0.385,0.319,STRAIGHT,1.5,1.5,"CMD,0.3,1.50",4.0,0.0126,3.994,0.1,1,0.9818,0,NORMAL,59.378,0.556,1,1,1,1,1,225.0,109,4,dijkstra,fallback_centerline,0.35736,0,,,,,,0,,,,193277,106970,2404
871,179.2616982460022,2026-03-06T12:47:17.147005,120.7,0.0,9.34,29.45,12.56,0.0,0.0,189.64,4.84,0.441,0.385,STRAIGHT,1.5,1.5,"CMD,0.4,1.50",4.0,0.0134,3.994,0.107,1,0.9654,0,NORMAL,58.267,0.717,1,1,1,1,1,225.0,181,9,dijkstra,fallback_centerline,0.37097,0,,,,,,0,,,,199599,111173,2899
872,179.4688756465912,2026-03-06T12:47:17.354183,120.12,0.0,9.61,28.34,9.92,0.0,0.0,186.82,4.84,0.485,0.441,STRAIGHT,1.5,1.5,"CMD,0.4,1.50",4.0,0.0139,3.992,0.111,1,0.9591,0,NORMAL,58.345,0.801,1,1,1,1,1,225.0,177,8,dijkstra,fallback_centerline,0.37779,0,,,,,,0,,,,204685,113247,2920
873,179.67464089393616,2026-03-06T12:47:17.559948,119.56,0.0,8.89,24.06,10.11,0.0,0.62,182.62,4.83,0.536,0.485,STRAIGHT,1.5,1.5,"CMD,0.5,1.50",4.0,0.0155,3.991,0.123,1,0.9575,0,NORMAL,58.998,0.734,1,1,1,1,1,225.0,158,9,dijkstra,fallback_centerline,0.37384,0,,,,,,0,,,,207357,112135,2838
874,179.88006162643433,2026-03-06T12:47:17.765369,118.99,0.0,9.5,26.48,12.21,0.0,0.0,185.19,4.83,0.584,0.536,STRAIGHT,1.5,1.5,"CMD,0.5,1.50",4.0,0.0164,3.991,0.131,1,0.9792,0,NORMAL,58.447,0.674,1,1,1,1,1,224.9,159,7,dijkstra,fallback_centerline,0.37128,0,,,,,,0,,,,206279,111329,2862
875,180.09004855155945,2026-03-06T12:47:17.975356,120.72,0.0,8.26,26.7,13.16,0.0,1.04,194.09,4.82,0.64,0.584,STRAIGHT,1.5,1.5,"CMD,0.6,1.50",4.0,0.0183,3.99,0.146,1,0.9502,0,NORMAL,58.188,0.839,1,1,1,1,1,224.8,162,7,dijkstra,fallback_centerline,0.37924,0,,,,,,0,,,,214099,113675,2923
876,180.29141974449158,2026-03-06T12:47:18.176727,119.15,0.0,10.15,21.59,12.16,0.0,0.0,181.4,4.82,0.697,0.64,STRAIGHT,1.5,1.5,"CMD,0.6,1.50",4.0,0.0197,3.989,0.157,1,0.9701,0,NORMAL,59.185,0.752,1,1,1,1,1,224.8,122,6,dijkstra,fallback_centerline,0.36514,0,,,,,,0,,,,208133,109539,2710
877,180.48925375938416,2026-03-06T12:47:18.374561,116.77,0.0,10.15,19.1,12.48,0.0,0.0,176.79,4.83,0.749,0.697,STRAIGHT,1.5,1.5,"CMD,0.7,1.50",4.0,0.0207,3.989,0.165,1,0.9644,0,NORMAL,60.455,0.718,1,1,1,1,1,224.9,118,9,dijkstra,fallback_centerline,0.36231,0,,,,,,0,,,,207087,108630,2689
878,180.68275380134583,2026-03-06T12:47:18.568061,118.04,0.0,8.08,13.51,13.82,0.0,1.0,173.27,4.85,0.806,0.749,STRAIGHT,1.5,1.5,"CMD,0.7,1.50",4.0,0.0223,3.989,0.178,1,0.9508,0,NORMAL,61.018,0.626,1,1,1,1,1,224.9,77,7,dijkstra,fallback_centerline,0.34512,0,,,,,,0,,,,197208,103414,2393
879,180.87858247756958,2026-03-06T12:47:18.763890,120.11,0.0,8.85,17.12,11.97,0.0,0.0,175.74,4.86,0.872,0.806,STRAIGHT,1.5,1.5,"CMD,0.8,1.50",4.0,0.0243,3.988,0.194,1,0.9694,0,NORMAL,61.33,0.618,1,1,1,1,1,224.9,79,9,dijkstra,fallback_centerline,0.34337,0,,,,,,0,,,,198048,102919,2442
880,181.07727932929993,2026-03-06T12:47:18.962586,121.92,0.0,9.15,17.15,12.45,0.0,0.0,178.87,4.87,0.936,0.872,STRAIGHT,1.5,1.5,"CMD,0.9,1.50",4.0,0.0258,3.987,0.206,1,0.9375,0,NORMAL,61.212,0.667,1,1,1,1,1,225.0,82,7,dijkstra,fallback_centerline,0.35519,0,,,,,,0,,,,207511,106425,2438
881,181.26904702186584,2026-03-06T12:47:19.154354,116.65,0.0,9.98,16.03,9.21,0.0,0.0,170.76,4.89,0.983,0.936,STRAIGHT,1.5,1.5,"CMD,0.9,1.50",3.582,0.0261,3.571,0.167,1,0.9524,0,NORMAL,62.492,0.6,1,1,1,1,1,224.9,77,5,dijkstra,fallback_centerline,0.35099,0,,,,,,0,,,,207486,105142,2385
882,181.4713900089264,2026-03-06T12:47:19.356697,121.23,0.0,7.7,14.65,12.41,0.0,0.0,176.19,4.89,1.036,0.983,STRAIGHT,1.5,1.5,"CMD,1.0,1.50",3.377,0.0277,3.366,0.157,1,0.9707,0,NORMAL,62.654,0.609,1,1,1,1,1,224.9,79,5,dijkstra,fallback_centerline,0.34628,0,,,,,,0,,,,204710,103721,2336
883,181.66375851631165,2026-03-06T12:47:19.549066,117.13,0.0,10.02,17.14,11.9,0.0,0.0,172.8,4.9,1.098,1.036,STRAIGHT,1.5,1.5,"CMD,1.0,1.50",3.207,0.0296,3.195,0.151,1,0.986,0,NORMAL,62.524,0.602,1,1,1,1,1,224.9,83,5,dijkstra,fallback_centerline,0.34419,0,,,,,,0,,,,203463,103135,2416
884,181.8599853515625,2026-03-06T12:47:19.745292,121.16,0.0,9.21,15.54,11.77,0.0,0.0,175.94,4.91,1.167,1.098,STRAIGHT,1.5,1.5,"CMD,1.1,1.50",3.106,0.0316,3.093,0.152,1,0.98,0,NORMAL,62.376,0.634,1,1,1,1,1,224.9,82,6,dijkstra,fallback_centerline,0.34283,0,,,,,,0,,,,200446,102695,2356
885,182.05868482589722,2026-03-06T12:47:19.943992,122.66,0.0,8.02,16.79,11.84,0.0,0.0,177.86,4.92,1.241,1.167,STRAIGHT,1.5,1.5,"CMD,1.2,1.50",3.027,0.0337,3.013,0.153,1,0.9761,0,NORMAL,63.169,0.634,1,1,1,1,1,224.9,87,5,dijkstra,fallback_centerline,0.3344,0,,,,,,0,,,,196241,100173,2288
886,182.25686597824097,2026-03-06T12:47:20.142173,122.42,0.0,8.45,17.74,11.5,0.0,0.0,179.01,4.93,1.317,1.241,STRAIGHT,1.5,1.5,"CMD,1.2,1.50",2.984,0.0356,2.969,0.158,1,0.9806,0,NORMAL,62.968,0.6,1,1,1,1,1,224.9,83,4,dijkstra,fallback_centerline,0.33287,0,,,,,,0,,,,193667,99610,2335
887,182.45697593688965,2026-03-06T12:47:20.342283,123.12,0.0,7.32,17.02,11.78,0.0,0.0,181.14,4.94,1.4,1.317,STRAIGHT,1.5,1.5,"CMD,1.3,1.50",2.943,0.038,2.927,0.163,1,0.9685,0,NORMAL,63.864,0.605,1,1,1,1,1,224.9,83,6,dijkstra,fallback_centerline,0.3264,0,,,,,,0,,,,188153,97614,2280
888,182.65244150161743,2026-03-06T12:47:20.537749,118.65,0.0,7.97,17.48,11.83,0.0,0.0,177.63,4.95,1.507,1.4,STRAIGHT,1.5,1.5,"CMD,1.4,1.50",2.834,0.0417,2.815,0.166,1,0.9726,0,NORMAL,63.687,0.566,1,1,1,1,1,224.8,85,4,dijkstra,fallback_centerline,0.32671,0,,,,,,0,,,,185835,97833,2240
889,182.8475694656372,2026-03-06T12:47:20.732877,119.94,0.0,8.97,15.08,12.77,0.0,0.0,176.72,4.96,1.611,1.507,STRAIGHT,1.5,1.5,"CMD,1.5,1.50",2.807,0.0441,2.788,0.172,1,0.9772,0,NORMAL,63.309,0.519,1,1,1,1,1,224.8,80,3,dijkstra,fallback_centerline,0.32366,0,,,,,,0,,,,183186,96731,2152
890,183.04046535491943,2026-03-06T12:47:20.925772,118.45,0.0,8.62,14.11,12.7,0.0,0.0,172.99,4.97,1.676,1.611,STRAIGHT,1.5,1.5,"CMD,1.6,1.50",2.839,0.0438,2.82,0.175,1,0.9726,0,NORMAL,63.514,0.541,1,1,1,1,1,224.9,75,4,dijkstra,fallback_centerline,0.31537,0,,,,,,0,,,,178835,94342,2144
891,183.22950887680054,2026-03-06T12:47:21.114816,120.71,0.0,8.34,13.13,11.43,0.0,0.0,170.96,4.99,1.743,1.676,STRAIGHT,1.5,1.5,"CMD,1.7,1.50",2.823,0.0455,2.803,0.179,1,0.9703,0,NORMAL,63.538,0.516,1,1,1,1,1,224.9,53,6,dijkstra,fallback_centerline,0.31331,0,,,,,,0,,,,175360,93724,2142
892,183.42535209655762,2026-03-06T12:47:21.310659,121.85,0.0,9.2,14.56,11.61,0.0,0.0,177.84,5.0,1.804,1.743,STRAIGHT,1.5,1.5,"CMD,1.7,1.50",2.834,0.0467,2.814,0.186,1,0.9693,0,NORMAL,64.162,0.528,1,1,1,1,1,224.9,72,4,dijkstra,fallback_centerline,0.30762,0,,,,,,0,,,,170857,91960,1986
893,183.6202690601349,2026-03-06T12:47:21.505576,122.56,0.0,8.57,14.23,12.05,0.0,0.0,176.46,5.01,1.854,1.804,STRAIGHT,1.5,1.5,"CMD,1.8,1.50",2.833,0.0474,2.814,0.189,1,0.97,0,NORMAL,64.126,0.509,1,1,1,1,1,224.8,59,4,dijkstra,fallback_centerline,0.30014,0,,,,,,0,,,,167093,89767,2077
894,183.8146960735321,2026-03-06T12:47:21.700003,121.65,0.0,9.09,15.65,12.52,0.0,0.0,175.26,5.02,1.906,1.854,STRAIGHT,1.5,1.5,"CMD,1.9,1.50",2.832,0.0487,2.812,0.194,1,0.9706,0,NORMAL,64.37,0.462,1,1,1,1,1,224.8,83,3,dijkstra,fallback_centerline,0.2969,0,,,,,,0,,,,163959,88855,2052
895,184.01165461540222,2026-03-06T12:47:21.896962,119.26,0.0,11.95,14.8,13.79,0.0,1.01,185.17,5.04,1.948,1.906,STRAIGHT,1.5,1.5,"CMD,1.9,1.50",2.835,0.0492,2.815,0.196,1,0.9525,0,NORMAL,64.326,0.513,1,1,1,1,1,224.8,76,3,dijkstra,fallback_centerline,0.28946,0,,,,,,0,,,,157540,86666,1887
896,184.20171666145325,2026-03-06T12:47:22.087024,118.19,0.0,3.62,15.25,12.76,0.0,0.0,171.5,5.05,1.978,1.948,STRAIGHT,1.5,1.5,"CMD,1.9,1.50",2.837,0.0495,2.817,0.197,1,0.9798,0,NORMAL,64.583,0.57,1,1,1,1,1,224.8,73,3,dijkstra,fallback_centerline,0.28841,0,,,,,,0,,,,155829,86302,1924
897,184.39752340316772,2026-03-06T12:47:22.282830,122.3,0.0,8.11,17.32,11.64,0.0,1.08,177.16,5.05,1.984,1.978,STRAIGHT,1.5,1.5,"CMD,2.0,1.50",2.871,0.0483,2.852,0.198,1,0.9802,0,NORMAL,64.524,0.549,1,1,1,1,1,224.9,68,3,dijkstra,fallback_centerline,0.28308,0,,,,,,0,,,,154172,84705,1793
898,184.59208583831787,2026-03-06T12:47:22.477393,120.45,0.0,8.47,15.09,12.48,0.0,0.0,176.2,5.05,2.02,1.984,STRAIGHT,1.5,1.5,"CMD,2.0,1.50",2.86,0.0508,2.84,0.206,1,0.9743,0,NORMAL,66.001,0.475,1,1,1,1,1,224.8,72,3,dijkstra,fallback_centerline,0.2886,0,,,,,,0,,,,153776,86325,1791
899,184.78186917304993,2026-03-06T12:47:22.667176,118.6,0.0,8.71,14.04,11.63,0.0,0.0,170.13,5.06,2.052,2.02,STRAIGHT,1.5,1.5,"CMD,2.0,1.50",2.872,0.0513,2.852,0.21,1,0.9836,0,NORMAL,66.499,0.52,1,1,1,1,1,224.8,70,2,dijkstra,fallback_centerline,0.28591,0,,,,,,0,,,,153159,85567,1574
900,184.96767473220825,2026-03-06T12:47:22.852982,121.27,0.0,8.52,12.23,8.99,0.0,0.0,169.43,5.08,2.041,2.041,STRAIGHT,1.5,1.5,"CMD,2.0,1.50",2.945,0.049,2.927,0.211,1,0.973,0,NORMAL,66.089,0.49,1,1,1,1,1,224.9,55,2,dijkstra,fallback_centerline,0.27407,0,,,,,,0,,,,150580,82007,1537
901,185.16538286209106,2026-03-06T12:47:23.050690,120.99,0.0,8.83,14.58,12.41,0.0,0.73,175.44,5.09,2.072,2.052,STRAIGHT,1.5,1.5,"CMD,2.1,1.50",2.884,0.0517,2.863,0.213,1,0.958,0,NORMAL,64.518,0.68,1,1,1,1,1,224.6,75,3,dijkstra,fallback_centerline,0.29783,0,,,,,,0,,,,156924,88979,1650
902,185.35844683647156,2026-03-06T12:47:23.243754,120.74,0.0,7.73,15.21,13.65,0.0,0.0,174.0,5.1,2.081,2.072,STRAIGHT,1.5,1.5,"CMD,2.1,1.50",2.868,0.0509,2.848,0.208,1,0.9743,0,NORMAL,62.828,0.875,1,1,1,1,1,224.8,75,3,dijkstra,fallback_centerline,0.30721,0,,,,,,0,,,,158712,91885,1708
903,185.55886220932007,2026-03-06T12:47:23.444169,125.17,0.0,9.02,14.85,12.32,0.0,0.0,181.47,5.11,2.048,2.072,STRAIGHT,1.5,1.5,"CMD,2.1,1.50",2.881,0.0481,2.862,0.198,1,0.9824,0,NORMAL,62.923,1.043,1,1,1,1,1,224.8,76,2,dijkstra,fallback_centerline,0.30281,0,,,,,,0,,,,158294,90595,1590
904,185.75220203399658,2026-03-06T12:47:23.637509,120.13,0.0,8.2,14.46,12.1,0.0,0.0,173.54,5.12,2.019,2.048,STRAIGHT,1.5,1.5,"CMD,2.0,1.50",2.896,0.0476,2.877,0.198,1,0.9844,0,NORMAL,63.467,0.962,1,1,1,1,1,224.8,75,4,dijkstra,fallback_centerline,0.2987,0,,,,,,0,,,,158208,89314,1764
905,185.94943523406982,2026-03-06T12:47:23.834742,122.56,0.0,9.28,15.04,11.95,0.0,0.0,177.97,5.13,1.996,2.019,STRAIGHT,1.5,1.5,"CMD,2.0,1.50",2.904,0.0473,2.885,0.198,1,0.986,0,NORMAL,63.63,0.909,1,1,1,1,1,224.8,73,3,dijkstra,fallback_centerline,0.2981,0,,,,,,0,,,,157867,89149,1656
906,186.14099597930908,2026-03-06T12:47:24.026303,117.93,0.0,8.58,13.69,12.39,0.0,0.0,173.35,5.13,1.999,1.999,STRAIGHT,1.5,1.5,"CMD,2.0,1.50",2.857,0.0486,2.838,0.197,1,0.9863,0,NORMAL,64.038,0.864,1,1,1,1,1,224.8,63,4,dijkstra,fallback_centerline,0.29812,0,,,,,,0,,,,158707,89180,1685
907,186.33459639549255,2026-03-06T12:47:24.219904,121.18,0.0,8.95,14.83,12.15,0.0,0.5,175.23,5.13,2.007,1.999,STRAIGHT,1.5,1.5,"CMD,2.0,1.50",2.847,0.0491,2.827,0.197,1,0.9902,0,NORMAL,63.708,0.772,1,1,1,1,1,224.8,64,3,dijkstra,fallback_centerline,0.29826,0,,,,,,0,,,,159372,89279,1637
908,186.52798342704773,2026-03-06T12:47:24.413291,120.05,0.0,8.16,14.8,11.43,0.0,0.0,175.34,5.13,2.014,2.007,STRAIGHT,1.5,1.5,"CMD,2.0,1.50",2.845,0.0492,2.825,0.197,1,0.9893,0,NORMAL,63.458,0.754,1,1,1,1,1,224.8,70,3,dijkstra,fallback_centerline,0.29957,0,,,,,,0,,,,159314,89635,1689
909,186.72451257705688,2026-03-06T12:47:24.609820,122.46,0.0,8.13,14.58,12.52,0.0,0.0,177.23,5.14,2.023,2.014,STRAIGHT,1.5,1.5,"CMD,2.0,1.50",2.856,0.0495,2.836,0.2,1,0.9896,0,NORMAL,63.471,0.752,1,1,1,1,1,224.8,79,3,dijkstra,fallback_centerline,0.29862,0,,,,,,0,,,,158791,89394,1708
910,186.91755294799805,2026-03-06T12:47:24.802860,120.07,0.0,9.25,15.19,12.18,0.0,0.0,173.6,5.13,2.031,2.023,STRAIGHT,1.5,1.5,"CMD,2.0,1.50",2.862,0.0496,2.842,0.202,1,0.9895,0,NORMAL,63.747,0.732,1,1,1,1,1,224.8,72,4,dijkstra,fallback_centerline,0.29996,0,,,,,,0,,,,159026,89746,1837
911,187.1071174144745,2026-03-06T12:47:24.992424,118.14,0.0,9.32,15.09,12.41,0.0,0.0,172.18,5.15,2.043,2.031,STRAIGHT,1.5,1.5,"CMD,2.0,1.50",2.85,0.0501,2.83,0.202,1,0.9868,0,NORMAL,63.138,0.681,1,1,1,1,1,224.8,75,3,dijkstra,fallback_centerline,0.30475,0,,,,,,0,,,,160614,91226,1740
912,187.30090069770813,2026-03-06T12:47:25.186208,119.38,0.0,6.09,20.71,11.96,0.0,0.0,174.97,5.14,2.048,2.043,STRAIGHT,1.5,1.5,"CMD,2.0,1.50",2.846,0.0499,2.825,0.2,1,0.9873,0,NORMAL,63.399,0.667,1,1,1,1,1,224.8,76,2,dijkstra,fallback_centerline,0.30651,0,,,,,,0,,,,160251,91782,1636
913,187.50210809707642,2026-03-06T12:47:25.387415,123.6,0.0,10.14,17.75,13.44,0.0,0.0,184.4,5.14,2.046,2.046,STRAIGHT,1.5,1.5,"CMD,2.0,1.50",2.837,0.0495,2.817,0.197,1,0.9625,0,NORMAL,62.594,0.783,1,1,1,1,1,224.8,71,3,dijkstra,fallback_centerline,0.34099,0,,,,,,0,,,,165920,102066,1781
914,187.69654822349548,2026-03-06T12:47:25.581855,121.88,0.0,8.02,15.82,12.92,0.0,0.0,178.99,5.14,2.046,2.046,STRAIGHT,1.5,1.5,"CMD,2.0,1.50",2.832,0.0496,2.811,0.197,1,0.9743,0,NORMAL,63.467,0.518,1,1,1,1,1,224.8,57,2,dijkstra,fallback_centerline,0.32756,0,,,,,,0,,,,163737,97972,1583
915,187.8939344882965,2026-03-06T12:47:25.779241,122.77,0.0,9.18,13.99,13.32,0.0,0.0,177.56,5.14,2.011,2.046,STRAIGHT,1.5,1.5,"CMD,2.0,1.50",2.893,0.047,2.874,0.195,1,0.9676,0,NORMAL,63.161,0.423,1,1,1,1,1,224.9,68,3,dijkstra,fallback_centerline,0.30475,0,,,,,,0,,,,159255,91157,1707
916,188.09156227111816,2026-03-06T12:47:25.976870,122.97,0.0,8.21,12.09,15.09,0.0,0.0,177.57,5.15,1.943,2.011,STRAIGHT,1.5,1.5,"CMD,2.0,1.50",3.008,0.0439,2.991,0.197,1,0.9812,0,NORMAL,62.541,0.459,1,1,1,1,1,224.9,65,4,dijkstra,fallback_centerline,0.31006,0,,,,,,0,,,,160534,92762,1813
917,188.2849645614624,2026-03-06T12:47:26.170271,120.08,0.0,8.77,14.52,13.09,0.0,0.0,174.26,5.15,1.946,1.946,STRAIGHT,1.5,1.5,"CMD,1.9,1.50",2.865,0.0473,2.845,0.192,1,0.9834,0,NORMAL,62.551,0.451,1,1,1,1,1,224.9,75,3,dijkstra,fallback_centerline,0.31333,0,,,,,,0,,,,161854,93804,1787
918,188.48391699790955,2026-03-06T12:47:26.369224,123.74,0.0,7.63,13.83,13.55,0.0,0.0,178.34,5.15,1.899,1.943,STRAIGHT,1.5,1.5,"CMD,1.9,1.50",2.947,0.0438,2.93,0.189,1,0.9747,0,NORMAL,62.412,0.473,1,1,1,1,1,224.9,75,2,dijkstra,fallback_centerline,0.30446,0,,,,,,0,,,,159680,91151,1693
919,188.67860913276672,2026-03-06T12:47:26.563916,119.89,0.0,8.98,12.83,13.19,0.0,0.0,174.59,5.14,1.865,1.899,STRAIGHT,1.5,1.5,"CMD,1.9,1.50",2.979,0.0436,2.962,0.192,1,0.9734,0,NORMAL,63.198,0.475,1,1,1,1,1,224.9,65,3,dijkstra,fallback_centerline,0.31579,0,,,,,,0,,,,161935,94491,1779
920,188.8715455532074,2026-03-06T12:47:26.756852,122.07,0.0,8.01,13.93,10.38,0.0,0.0,172.82,5.14,1.784,1.865,STRAIGHT,1.5,1.5,"CMD,1.9,1.50",3.096,0.0393,3.082,0.188,1,0.9775,0,NORMAL,63.223,0.445,1,1,1,1,1,224.9,70,2,dijkstra,fallback_centerline,0.3106,0,,,,,,0,,,,160953,92833,1651
921,189.06436419487,2026-03-06T12:47:26.949671,120.97,0.0,8.16,14.52,13.27,0.0,0.0,175.74,5.14,1.757,1.784,STRAIGHT,1.5,1.5,"CMD,1.8,1.50",3.032,0.0413,3.017,0.189,1,0.972,0,NORMAL,62.953,0.415,1,1,1,1,1,224.9,79,3,dijkstra,fallback_centerline,0.32256,0,,,,,,0,,,,164748,96590,1875
922,189.25387048721313,2026-03-06T12:47:27.139178,117.21,0.0,9.37,15.12,12.27,0.0,0.0,171.04,5.15,1.712,1.757,STRAIGHT,1.5,1.5,"CMD,1.8,1.50",3.128,0.0394,3.114,0.192,1,0.9862,0,NORMAL,62.883,0.463,1,1,1,1,1,224.9,72,3,dijkstra,fallback_centerline,0.32145,0,,,,,,0,,,,165520,96298,1798
923,189.447820186615,2026-03-06T12:47:27.333127,119.04,0.0,9.08,15.04,11.94,0.0,0.0,174.03,5.15,1.654,1.712,STRAIGHT,1.5,1.5,"CMD,1.7,1.50",3.152,0.0373,3.138,0.184,1,0.9882,0,NORMAL,63.313,0.433,1,1,1,1,1,224.9,77,3,dijkstra,fallback_centerline,0.31731,0,,,,,,0,,,,164542,95019,1863
924,189.64679312705994,2026-03-06T12:47:27.532100,122.57,0.0,8.49,16.01,12.9,0.0,1.01,180.04,5.15,1.597,1.654,STRAIGHT,1.5,1.5,"CMD,1.7,1.50",3.185,0.0359,3.172,0.181,1,0.9843,0,NORMAL,63.677,0.49,1,1,1,1,1,224.9,85,3,dijkstra,fallback_centerline,0.33035,0,,,,,,0,,,,166940,99074,1828
925,189.83904266357422,2026-03-06T12:47:27.724350,120.21,0.0,9.28,13.52,11.77,0.0,0.0,173.55,5.14,1.597,1.597,STRAIGHT,1.5,1.5,"CMD,1.6,1.50",3.119,0.0387,3.105,0.187,1,0.9883,0,NORMAL,63.469,0.488,1,1,1,1,1,224.9,75,3,dijkstra,fallback_centerline,0.33535,0,,,,,,0,,,,168634,100347,1796
926,190.0239737033844,2026-03-06T12:47:27.909281,115.05,0.0,7.88,15.35,13.33,0.0,0.0,168.61,5.15,1.641,1.597,STRAIGHT,1.5,1.5,"CMD,1.6,1.50",2.984,0.0419,2.968,0.185,1,0.9867,0,NORMAL,62.824,0.464,1,1,1,1,1,224.9,82,3,dijkstra,fallback_centerline,0.33529,0,,,,,,0,,,,169828,100433,1911
927,190.21162152290344,2026-03-06T12:47:28.096929,114.98,0.0,8.22,13.27,13.65,0.0,0.0,169.3,5.16,1.645,1.641,STRAIGHT,1.5,1.5,"CMD,1.6,1.50",2.989,0.0401,2.973,0.178,1,0.9781,0,NORMAL,62.383,0.651,1,1,1,1,1,224.9,62,2,dijkstra,fallback_centerline,0.34787,0,,,,,,0,,,,171050,104137,1628
928,190.40699076652527,2026-03-06T12:47:28.292298,119.38,0.0,9.22,15.49,14.05,0.0,0.0,175.52,5.16,1.676,1.645,STRAIGHT,1.5,1.5,"CMD,1.6,1.50",2.886,0.0422,2.868,0.174,1,0.9791,0,NORMAL,62.157,0.705,1,1,1,1,1,224.9,77,3,dijkstra,fallback_centerline,0.35917,0,,,,,,0,,,,174570,107597,1824
929,190.606586933136,2026-03-06T12:47:28.491894,121.03,0.0,9.42,16.09,12.78,0.0,0.0,177.84,5.14,1.656,1.656,STRAIGHT,1.5,1.5,"CMD,1.7,1.50",2.975,0.0392,2.959,0.172,1,0.9785,0,NORMAL,63.658,0.661,1,1,1,1,1,224.9,74,3,dijkstra,fallback_centerline,0.34917,0,,,,,,0,,,,171176,104595,1970
930,190.80194187164307,2026-03-06T12:47:28.687249,118.87,0.0,8.99,15.96,12.55,0.0,0.0,175.09,5.15,1.638,1.656,STRAIGHT,1.5,1.5,"CMD,1.7,1.50",2.954,0.0388,2.938,0.168,1,0.9805,0,NORMAL,64.126,0.693,1,1,1,1,1,224.9,82,3,dijkstra,fallback_centerline,0.34124,0,,,,,,0,,,,169483,102230,1790
931,190.99866271018982,2026-03-06T12:47:28.883970,119.16,0.0,9.09,16.57,13.11,0.0,0.0,176.09,5.14,1.596,1.638,STRAIGHT,1.5,1.5,"CMD,1.6,1.50",3.04,0.0366,3.026,0.168,1,0.9887,0,NORMAL,64.014,0.673,1,1,1,1,1,224.9,84,3,dijkstra,fallback_centerline,0.34091,0,,,,,,0,,,,170080,102061,1807
932,191.19017148017883,2026-03-06T12:47:29.075479,117.32,0.0,7.98,15.89,13.41,0.0,0.0,171.69,5.15,1.582,1.596,STRAIGHT,1.5,1.5,"CMD,1.6,1.50",3.014,0.0377,2.999,0.17,1,0.9838,0,NORMAL,64.694,0.7,1,1,1,1,1,224.9,79,3,dijkstra,fallback_centerline,0.35072,0,,,,,,0,,,,171672,105025,1865
933,191.3753719329834,2026-03-06T12:47:29.260679,111.29,0.0,8.38,17.99,11.34,0.0,0.0,166.05,5.16,1.591,1.591,STRAIGHT,1.5,1.5,"CMD,1.6,1.50",2.968,0.039,2.952,0.17,1,0.9891,0,NORMAL,64.779,0.707,1,1,1,1,1,224.9,83,2,dijkstra,fallback_centerline,0.34775,0,,,,,,0,,,,171784,104123,1694
934,191.56397151947021,2026-03-06T12:47:29.449278,113.81,0.0,9.46,14.08,12.82,0.0,0.0,167.97,5.17,1.611,1.591,STRAIGHT,1.5,1.5,"CMD,1.6,1.50",2.941,0.0401,2.924,0.172,1,0.9901,0,NORMAL,65.063,0.729,1,1,1,1,1,224.9,78,3,dijkstra,fallback_centerline,0.3474,0,,,,,,0,,,,171423,104069,1879
935,191.75901460647583,2026-03-06T12:47:29.644322,115.5,0.0,10.26,16.55,12.36,0.0,1.0,174.24,5.16,1.634,1.611,STRAIGHT,1.5,1.5,"CMD,1.6,1.50",2.917,0.0407,2.9,0.172,1,0.9861,0,NORMAL,65.241,0.737,1,1,1,1,1,224.9,77,2,dijkstra,fallback_centerline,0.34548,0,,,,,,0,,,,170198,103429,1662
936,191.95383834838867,2026-03-06T12:47:29.839146,116.28,0.0,9.21,16.55,13.18,0.0,1.0,173.8,5.16,1.655,1.634,STRAIGHT,1.5,1.5,"CMD,1.6,1.50",2.909,0.0412,2.892,0.173,1,0.9856,0,NORMAL,66.093,0.688,1,1,1,1,1,224.9,82,3,dijkstra,fallback_centerline,0.34777,0,,,,,,0,,,,171605,104108,1729
937,192.1453640460968,2026-03-06T12:47:30.030671,118.52,0.0,8.34,15.09,12.87,0.0,0.0,177.55,5.16,1.697,1.655,STRAIGHT,1.5,1.5,"CMD,1.7,1.50",2.804,0.0432,2.785,0.168,1,0.9814,0,NORMAL,65.939,0.697,1,1,1,1,1,224.8,78,4,dijkstra,fallback_centerline,0.36401,0,,,,,,0,,,,174549,108905,2002
938,192.34027552604675,2026-03-06T12:47:30.225583,115.05,0.0,9.02,16.51,13.43,0.0,0.0,172.23,5.16,1.686,1.686,STRAIGHT,1.5,1.5,"CMD,1.7,1.50",2.883,0.0403,2.865,0.166,1,0.9856,0,NORMAL,66.949,0.722,1,1,1,1,1,224.9,80,2,dijkstra,fallback_centerline,0.35888,0,,,,,,0,,,,173029,107587,1800
939,192.52989196777344,2026-03-06T12:47:30.415199,114.45,0.0,8.98,15.57,13.37,0.0,0.0,170.69,5.17,1.634,1.686,STRAIGHT,1.5,1.5,"CMD,1.7,1.50",3.032,0.0371,3.017,0.17,1,0.9806,0,NORMAL,67.896,0.668,1,1,1,1,1,224.9,79,3,dijkstra,fallback_centerline,0.34568,0,,,,,,0,,,,170065,103505,1776
940,192.7253556251526,2026-03-06T12:47:30.610663,118.79,0.0,8.65,15.76,13.41,0.0,0.0,175.73,5.16,1.599,1.634,STRAIGHT,1.5,1.5,"CMD,1.6,1.50",2.998,0.0371,2.983,0.165,1,0.986,0,NORMAL,67.376,0.694,1,1,1,1,1,225.0,82,2,dijkstra,fallback_centerline,0.35163,0,,,,,,0,,,,172281,105271,1727
941,192.9194312095642,2026-03-06T12:47:30.804738,117.62,0.0,9.15,16.94,13.35,0.0,0.0,175.84,5.16,1.606,1.606,STRAIGHT,1.5,1.5,"CMD,1.6,1.50",2.91,0.0392,2.893,0.165,1,0.9898,0,NORMAL,68.732,0.642,1,1,1,1,1,224.9,82,3,dijkstra,fallback_centerline,0.34952,0,,,,,,0,,,,171757,104596,1797
942,193.11364793777466,2026-03-06T12:47:30.998955,111.9,0.0,12.51,18.03,13.33,0.0,0.0,173.18,5.17,1.664,1.606,STRAIGHT,1.5,1.5,"CMD,1.6,1.50",2.78,0.0432,2.76,0.165,1,0.9646,0,NORMAL,68.771,0.639,1,1,1,1,1,224.8,96,2,dijkstra,fallback_centerline,0.36833,0,,,,,,0,,,,177601,110205,1823
943,193.30607223510742,2026-03-06T12:47:31.191379,115.59,0.0,9.17,17.27,13.18,0.0,0.0,171.88,5.17,1.699,1.664,STRAIGHT,1.5,1.5,"CMD,1.7,1.50",2.786,0.0429,2.767,0.165,1,0.9832,0,NORMAL,69.142,0.719,1,1,1,1,1,224.8,79,3,dijkstra,fallback_centerline,0.36205,0,,,,,,0,,,,175255,108491,1886
944,193.49835348129272,2026-03-06T12:47:31.383661,113.61,0.0,9.76,16.84,13.39,0.0,0.0,171.97,5.17,1.718,1.699,STRAIGHT,1.5,1.5,"CMD,1.7,1.50",2.797,0.0425,2.778,0.165,1,0.9868,0,NORMAL,69.07,0.767,1,1,1,1,1,224.9,88,3,dijkstra,fallback_centerline,0.36605,0,,,,,,0,,,,176273,109690,1992
945,193.6959137916565,2026-03-06T12:47:31.581221,119.01,0.0,8.07,16.9,13.92,0.0,0.85,177.9,5.17,1.73,1.718,STRAIGHT,1.5,1.5,"CMD,1.7,1.50",2.794,0.0426,2.774,0.164,1,0.9879,0,NORMAL,69.431,0.715,1,1,1,1,1,224.8,88,3,dijkstra,fallback_centerline,0.3651,0,,,,,,0,,,,176513,109285,1796
946,193.89369535446167,2026-03-06T12:47:31.779003,119.82,0.0,11.19,8.85,18.39,0.0,0.0,177.94,5.17,1.741,1.73,STRAIGHT,1.5,1.5,"CMD,1.7,1.50",2.785,0.0428,2.765,0.164,1,0.9901,0,NORMAL,70.002,0.735,1,1,1,1,1,224.8,73,2,dijkstra,fallback_centerline,0.36756,0,,,,,,0,,,,177250,110002,1679
947,194.08691954612732,2026-03-06T12:47:31.972227,118.61,0.0,9.16,10.86,18.34,0.0,1.01,175.38,5.17,1.747,1.741,STRAIGHT,1.5,1.5,"CMD,1.7,1.50",2.789,0.0426,2.77,0.164,1,0.9915,0,NORMAL,70.538,0.676,1,1,1,1,1,224.8,85,3,dijkstra,fallback_centerline,0.36457,0,,,,,,0,,,,176400,109109,1886
948,194.27791118621826,2026-03-06T12:47:32.163218,117.35,0.0,9.15,16.44,11.45,0.0,0.0,171.17,5.18,1.756,1.747,STRAIGHT,1.5,1.5,"CMD,1.7,1.50",2.766,0.043,2.745,0.163,1,0.9854,0,NORMAL,70.516,0.68,1,1,1,1,1,224.9,85,3,dijkstra,fallback_centerline,0.37258,0,,,,,,0,,,,178085,111598,1950
949,194.46771335601807,2026-03-06T12:47:32.353020,116.63,0.0,8.52,19.46,12.16,0.0,0.0,173.17,5.18,1.761,1.756,STRAIGHT,1.5,1.5,"CMD,1.8,1.50",2.759,0.0429,2.738,0.162,1,0.979,0,NORMAL,69.628,0.827,1,1,1,1,1,224.8,98,2,dijkstra,fallback_centerline,0.38405,0,,,,,,0,,,,181050,114939,2022
950,194.6609525680542,2026-03-06T12:47:32.546260,114.91,0.0,10.25,18.9,11.89,0.0,0.0,172.77,5.18,1.764,1.761,STRAIGHT,1.5,1.5,"CMD,1.8,1.50",2.755,0.0429,2.734,0.161,1,0.9813,0,NORMAL,70.711,0.8,1,1,1,1,1,224.7,96,3,dijkstra,fallback_centerline,0.38707,0,,,,,,0,,,,182895,115856,2115
951,194.85239696502686,2026-03-06T12:47:32.737704,123.13,0.0,9.35,13.8,11.44,0.0,0.0,176.98,5.18,1.749,1.761,STRAIGHT,1.5,1.5,"CMD,1.8,1.50",2.786,0.0417,2.767,0.16,1,0.974,0,NORMAL,70.711,0.779,1,1,1,1,1,224.8,76,3,dijkstra,fallback_centerline,0.37659,0,,,,,,0,,,,179203,112750,1787
952,195.0371241569519,2026-03-06T12:47:32.922431,110.11,0.0,9.51,15.25,14.84,0.0,0.0,169.59,5.19,1.739,1.749,STRAIGHT,1.5,1.5,"CMD,1.7,1.50",2.756,0.0417,2.736,0.157,1,0.9696,0,NORMAL,70.711,0.8,1,1,1,1,1,224.8,83,4,dijkstra,fallback_centerline,0.39789,0,,,,,,0,,,,184305,119044,2069
953,195.23487734794617,2026-03-06T12:47:33.120184,117.66,0.0,10.64,17.7,13.47,0.0,0.0,176.9,5.19,1.728,1.739,STRAIGHT,1.5,1.5,"CMD,1.7,1.50",2.753,0.0414,2.733,0.155,1,0.9776,0,NORMAL,70.711,0.646,1,1,1,1,1,224.7,93,5,dijkstra,fallback_centerline,0.39289,0,,,,,,0,,,,185095,117538,2121
954,195.42990708351135,2026-03-06T12:47:33.315214,120.65,0.0,8.76,16.98,13.56,0.0,0.0,174.98,5.19,1.717,1.728,STRAIGHT,1.5,1.5,"CMD,1.7,1.50",2.752,0.0412,2.732,0.154,1,0.98,0,NORMAL,70.711,0.622,1,1,1,1,1,224.7,82,3,dijkstra,fallback_centerline,0.39316,0,,,,,,0,,,,186203,117627,2026
955,195.62861347198486,2026-03-06T12:47:33.513921,118.59,0.0,10.69,18.07,12.9,0.0,1.0,178.45,5.17,1.695,1.717,STRAIGHT,1.5,1.5,"CMD,1.7,1.50",2.8,0.04,2.781,0.155,1,0.9823,0,NORMAL,70.711,0.65,1,1,1,1,1,224.8,99,5,dijkstra,fallback_centerline,0.39552,0,,,,,,0,,,,185858,118276,2107
956,195.82532048225403,2026-03-06T12:47:33.710628,117.33,0.0,9.27,17.84,13.82,0.0,0.0,175.19,5.17,1.691,1.695,STRAIGHT,1.5,1.5,"CMD,1.7,1.50",2.754,0.0408,2.734,0.153,1,0.9821,0,NORMAL,70.711,0.556,1,1,1,1,1,224.8,96,3,dijkstra,fallback_centerline,0.3957,0,,,,,,0,,,,187573,118406,2044
957,196.01973700523376,2026-03-06T12:47:33.905044,118.78,0.0,9.31,16.46,12.13,0.0,0.0,174.52,5.17,1.671,1.691,STRAIGHT,1.5,1.5,"CMD,1.7,1.50",2.8,0.0396,2.781,0.153,1,0.9788,0,NORMAL,70.711,0.504,1,1,1,1,1,224.8,86,5,dijkstra,fallback_centerline,0.39397,0,,,,,,0,,,,185699,117971,2011
958,196.21015095710754,2026-03-06T12:47:34.095458,114.28,0.0,9.93,18.2,13.06,0.0,0.0,173.77,5.17,1.658,1.671,STRAIGHT,1.5,1.5,"CMD,1.7,1.50",2.776,0.0396,2.757,0.151,1,0.9685,0,NORMAL,70.711,0.477,1,1,1,1,1,224.8,92,5,dijkstra,fallback_centerline,0.4064,0,,,,,,0,,,,190283,121526,2127
959,196.40848779678345,2026-03-06T12:47:34.293795,117.43,0.0,8.31,18.03,13.62,0.0,0.0,174.91,5.17,1.641,1.658,STRAIGHT,1.5,1.5,"CMD,1.7,1.50",2.782,0.039,2.762,0.149,1,0.9836,0,NORMAL,70.711,0.441,1,1,1,1,1,224.8,97,3,dijkstra,fallback_centerline,0.40095,0,,,,,,0,,,,189121,119945,2156
960,196.598228931427,2026-03-06T12:47:34.483536,115.72,0.0,7.61,18.59,11.41,0.0,0.0,170.49,5.18,1.623,1.641,STRAIGHT,1.5,1.5,"CMD,1.6,1.50",2.778,0.0385,2.759,0.147,1,0.9754,0,NORMAL,70.711,0.428,1,1,1,1,1,224.8,87,5,dijkstra,fallback_centerline,0.40665,0,,,,,,0,,,,191527,121656,2058
961,196.795485496521,2026-03-06T12:47:34.680793,120.12,0.0,11.13,17.61,13.89,0.0,0.0,179.91,5.17,1.596,1.623,STRAIGHT,1.5,1.5,"CMD,1.6,1.50",2.805,0.0374,2.786,0.145,1,0.9767,0,NORMAL,70.711,0.43,1,1,1,1,1,224.8,78,5,dijkstra,fallback_centerline,0.40969,0,,,,,,0,,,,191724,122597,2067
962,196.9960744380951,2026-03-06T12:47:34.881382,117.15,0.0,9.52,17.61,13.94,0.0,0.0,178.32,5.16,1.572,1.596,STRAIGHT,1.5,1.5,"CMD,1.6,1.50",2.81,0.0369,2.792,0.144,1,0.9838,0,NORMAL,70.711,0.434,1,1,1,1,1,224.9,99,5,dijkstra,fallback_centerline,0.40878,0,,,,,,0,,,,192834,122451,2054
963,197.19244170188904,2026-03-06T12:47:35.077749,115.71,0.0,9.88,18.85,13.67,0.0,0.0,175.02,5.15,1.556,1.572,STRAIGHT,1.5,1.5,"CMD,1.6,1.50",2.782,0.037,2.763,0.142,1,0.9803,0,NORMAL,70.711,0.424,1,1,1,1,1,224.8,85,5,dijkstra,fallback_centerline,0.41833,0,,,,,,0,,,,196704,125116,2122
964,197.39433026313782,2026-03-06T12:47:35.279637,122.49,0.0,9.18,16.92,14.41,0.0,0.0,181.54,5.15,1.525,1.556,STRAIGHT,1.5,1.5,"CMD,1.6,1.50",2.831,0.0354,2.813,0.14,1,0.9765,0,NORMAL,70.711,0.487,1,1,1,1,1,224.9,86,5,dijkstra,fallback_centerline,0.4276,0,,,,,,0,,,,199232,127990,2226
965,197.59903979301453,2026-03-06T12:47:35.484347,128.45,0.0,9.32,17.65,12.54,0.0,1.0,185.13,5.14,1.51,1.525,STRAIGHT,1.5,1.5,"CMD,1.5,1.50",2.796,0.0359,2.778,0.139,1,0.9837,0,NORMAL,70.504,0.527,1,1,1,1,1,224.8,93,5,dijkstra,fallback_centerline,0.4362,0,,,,,,0,,,,202429,130519,2263
966,197.79994988441467,2026-03-06T12:47:35.685257,121.61,0.0,9.34,17.44,15.03,0.0,0.0,180.55,5.13,1.504,1.51,STRAIGHT,1.5,1.5,"CMD,1.5,1.50",2.786,0.0362,2.767,0.139,1,0.9894,0,NORMAL,70.711,0.361,1,1,1,1,1,224.8,80,6,dijkstra,fallback_centerline,0.43479,0,,,,,,0,,,,201031,130085,2242
967,198.00510931015015,2026-03-06T12:47:35.890416,121.35,0.0,8.55,20.67,14.59,0.0,0.51,184.13,5.12,1.496,1.504,STRAIGHT,1.5,1.5,"CMD,1.5,1.50",2.794,0.0359,2.775,0.138,1,0.9847,0,NORMAL,70.711,0.314,1,1,1,1,1,224.8,96,5,dijkstra,fallback_centerline,0.43386,0,,,,,,0,,,,202516,129844,2319
968,198.20171356201172,2026-03-06T12:47:36.087021,116.67,0.0,9.12,19.53,14.13,0.0,0.0,175.98,5.11,1.482,1.496,STRAIGHT,1.5,1.5,"CMD,1.5,1.50",2.82,0.0353,2.802,0.139,1,0.9884,0,NORMAL,70.711,0.263,1,1,1,1,1,224.8,87,4,dijkstra,fallback_centerline,0.43533,0,,,,,,0,,,,202149,130183,2164
969,198.40140557289124,2026-03-06T12:47:36.286713,122.54,0.0,9.16,15.35,14.23,0.0,0.0,179.32,5.11,1.461,1.482,STRAIGHT,1.5,1.5,"CMD,1.5,1.50",2.858,0.0344,2.84,0.139,1,0.9852,0,NORMAL,70.711,0.234,1,1,1,1,1,224.9,72,4,dijkstra,fallback_centerline,0.43045,0,,,,,,0,,,,200948,128689,1894
970,198.60372686386108,2026-03-06T12:47:36.489034,122.14,0.0,9.22,18.34,13.74,0.0,0.0,182.12,5.1,1.431,1.461,STRAIGHT,1.5,1.5,"CMD,1.5,1.50",2.894,0.0332,2.877,0.138,1,0.9769,0,NORMAL,60.118,0.341,1,1,1,1,1,224.8,93,5,dijkstra,fallback_centerline,0.44979,0,,,,,,0,,,,204368,134559,2213
971,198.80464220046997,2026-03-06T12:47:36.689949,120.11,0.0,7.03,21.8,14.96,0.0,0.0,180.12,5.1,1.415,1.431,STRAIGHT,1.5,1.5,"CMD,1.4,1.50",2.873,0.0335,2.856,0.137,1,0.9846,0,NORMAL,61.252,0.288,1,1,1,1,1,224.8,93,5,dijkstra,fallback_centerline,0.44159,0,,,,,,0,,,,203573,132082,2316
972,199.01464462280273,2026-03-06T12:47:36.899952,126.65,0.0,8.82,18.63,13.75,0.0,0.0,186.12,5.08,1.408,1.415,STRAIGHT,1.5,1.5,"CMD,1.4,1.50",2.883,0.0338,2.866,0.139,1,0.9858,0,NORMAL,61.087,0.176,1,1,1,1,1,224.8,91,5,dijkstra,fallback_centerline,0.4301,0,,,,,,0,,,,202210,128748,2190
973,199.21798372268677,2026-03-06T12:47:37.103291,121.06,0.0,9.12,17.74,13.92,0.0,1.0,182.66,5.07,1.39,1.408,STRAIGHT,1.5,1.5,"CMD,1.4,1.50",2.937,0.0328,2.921,0.14,1,0.9888,0,NORMAL,60.759,0.169,1,1,1,1,1,224.8,95,5,dijkstra,fallback_centerline,0.43291,0,,,,,,0,,,,201815,129480,2050
974,199.41823720932007,2026-03-06T12:47:37.303544,120.49,0.0,7.57,18.75,14.18,0.0,0.0,181.17,5.07,1.397,1.397,STRAIGHT,1.5,1.5,"CMD,1.4,1.50",2.849,0.0342,2.832,0.137,1,0.978,0,NORMAL,60.727,-0.031,1,1,1,1,1,224.8,93,4,dijkstra,fallback_centerline,0.44847,0,,,,,,0,,,,205256,134167,2192
975,199.62138557434082,2026-03-06T12:47:37.506693,122.13,0.0,8.21,19.9,14.51,0.0,0.0,182.34,5.06,1.4,1.397,STRAIGHT,1.5,1.5,"CMD,1.4,1.50",2.847,0.0341,2.829,0.137,1,0.9816,0,NORMAL,58.971,0.001,1,1,1,1,1,224.8,106,5,dijkstra,fallback_centerline,0.44122,0,,,,,,0,,,,202152,132015,2258
976,199.81778860092163,2026-03-06T12:47:37.703096,115.27,0.0,9.06,19.21,13.33,0.0,0.0,175.94,5.06,1.375,1.397,STRAIGHT,1.5,1.5,"CMD,1.4,1.50",2.95,0.0321,2.934,0.139,1,0.983,0,NORMAL,58.621,0.193,1,1,1,1,1,224.9,97,5,dijkstra,fallback_centerline,0.43886,0,,,,,,0,,,,202922,131380,2148
977,200.0257911682129,2026-03-06T12:47:37.911098,117.76,0.0,14.72,20.19,14.07,0.0,0.0,186.49,5.05,1.337,1.375,STRAIGHT,1.5,1.5,"CMD,1.4,1.50",3.066,0.0306,3.052,0.143,1,0.9886,0,NORMAL,58.535,0.173,1,1,1,1,1,224.9,90,4,dijkstra,fallback_centerline,0.43366,0,,,,,,0,,,,201785,129768,2024
978,200.22478365898132,2026-03-06T12:47:38.110091,120.99,0.0,9.02,17.31,14.39,0.0,0.0,180.81,5.04,1.281,1.337,STRAIGHT,1.5,1.5,"CMD,1.3,1.50",3.202,0.0283,3.19,0.144,1,0.9838,0,NORMAL,58.601,0.172,1,1,1,1,1,224.9,87,5,dijkstra,fallback_centerline,0.43591,0,,,,,,0,,,,201236,130444,2145
979,200.4229986667633,2026-03-06T12:47:38.308306,120.71,0.0,8.38,17.6,14.44,0.0,0.0,178.1,5.03,1.228,1.281,STRAIGHT,1.5,1.5,"CMD,1.3,1.50",3.292,0.0272,3.281,0.147,1,0.9875,0,NORMAL,59.891,0.136,1,1,1,1,1,224.9,98,4,dijkstra,fallback_centerline,0.42899,0,,,,,,0,,,,198976,128430,2137
980,200.63185453414917,2026-03-06T12:47:38.517162,122.99,0.0,9.2,22.08,15.6,0.0,0.0,188.8,5.02,1.195,1.228,STRAIGHT,1.5,1.5,"CMD,1.2,1.50",3.295,0.0274,3.284,0.148,1,0.9883,0,NORMAL,60.14,0.163,1,1,1,1,1,224.9,89,5,dijkstra,fallback_centerline,0.43157,0,,,,,,0,,,,200628,129290,2304
981,200.8547134399414,2026-03-06T12:47:38.740021,141.76,0.0,9.01,18.99,14.08,0.0,1.01,203.03,4.98,1.152,1.195,STRAIGHT,1.5,1.5,"CMD,1.2,1.50",3.4,0.0259,3.39,0.149,1,0.9882,0,NORMAL,60.011,0.188,1,1,1,1,1,224.9,92,5,dijkstra,fallback_centerline,0.42839,0,,,,,,0,,,,200343,128163,2272
982,201.06154918670654,2026-03-06T12:47:38.946856,124.91,0.0,9.63,19.84,14.03,0.0,0.0,191.81,4.98,1.111,1.152,STRAIGHT,1.5,1.5,"CMD,1.2,1.50",3.492,0.0249,3.482,0.151,1,0.9865,0,NORMAL,59.886,0.299,1,1,1,1,1,224.9,95,5,dijkstra,fallback_centerline,0.43467,0,,,,,,0,,,,201920,130172,2340
983,201.27286839485168,2026-03-06T12:47:39.158176,128.99,0.0,11.02,18.04,14.12,0.0,0.0,191.25,4.96,1.058,1.111,STRAIGHT,1.5,1.5,"CMD,1.1,1.50",3.699,0.0231,3.691,0.158,1,0.9877,0,NORMAL,59.792,0.326,1,1,1,1,1,225.0,90,5,dijkstra,fallback_centerline,0.43574,0,,,,,,0,,,,202265,130378,2268
984,201.48696064949036,2026-03-06T12:47:39.372268,132.04,0.0,8.47,20.56,13.99,0.0,0.0,193.08,4.95,1.064,1.064,STRAIGHT,1.5,1.5,"CMD,1.1,1.50",3.489,0.026,3.478,0.158,1,0.9779,0,NORMAL,59.453,0.299,1,1,1,1,1,224.8,88,4,dijkstra,fallback_centerline,0.45269,0,,,,,,0,,,,206096,135552,2173
985,201.70429134368896,2026-03-06T12:47:39.589599,128.06,0.0,11.85,22.21,15.02,0.0,0.0,196.21,4.93,1.044,1.058,STRAIGHT,1.5,1.5,"CMD,1.1,1.50",3.739,0.0244,3.729,0.17,1,0.9784,0,NORMAL,59.602,0.281,1,1,1,1,1,224.9,97,5,dijkstra,fallback_centerline,0.4388,0,,,,,,0,,,,204122,131222,2432
986,201.93615436553955,2026-03-06T12:47:39.821462,144.76,0.0,12.0,21.07,13.79,0.0,1.0,213.17,4.9,1.033,1.044,STRAIGHT,1.5,1.5,"CMD,1.0,1.50",3.738,0.0245,3.729,0.171,1,0.9793,0,NORMAL,59.053,0.289,1,1,1,1,1,224.9,97,4,dijkstra,fallback_centerline,0.45217,0,,,,,,0,,,,205564,135265,2175
987,202.14692211151123,2026-03-06T12:47:40.032229,128.31,0.0,8.62,19.14,13.86,0.0,0.0,189.3,4.88,1.015,1.033,STRAIGHT,1.5,1.5,"CMD,1.0,1.50",3.967,0.0237,3.957,0.186,1,0.9875,0,NORMAL,59.068,0.294,1,1,1,1,1,224.9,100,5,dijkstra,fallback_centerline,0.45229,0,,,,,,0,,,,206100,135207,2314
988,202.35176253318787,2026-03-06T12:47:40.237070,120.99,0.0,10.0,20.11,14.1,0.0,0.0,183.73,4.88,0.992,1.015,STRAIGHT,1.5,1.5,"CMD,1.0,1.50",4.0,0.0229,3.991,0.183,1,0.989,0,NORMAL,59.597,0.261,1,1,1,1,1,224.9,101,4,dijkstra,fallback_centerline,0.44837,0,,,,,,0,,,,205223,134177,2217
989,202.55583333969116,2026-03-06T12:47:40.441141,121.26,0.0,8.69,21.97,13.85,0.0,0.0,185.27,4.87,1.014,1.014,STRAIGHT,1.5,1.5,"CMD,1.0,1.50",3.5,0.0257,3.49,0.157,1,0.9633,0,NORMAL,58.983,0.32,1,1,1,1,1,224.8,118,5,dijkstra,fallback_centerline,0.47083,0,,,,,,0,,,,211881,140957,2409
990,202.76844024658203,2026-03-06T12:47:40.653747,129.14,0.0,9.43,18.94,14.54,0.0,0.0,191.84,4.86,0.986,0.992,STRAIGHT,1.5,1.5,"CMD,1.0,1.50",3.987,0.0225,3.978,0.179,1,0.9625,0,NORMAL,59.103,0.268,1,1,1,1,1,225.0,101,5,dijkstra,fallback_centerline,0.44996,0,,,,,,0,,,,205655,134618,2402
991,202.96968054771423,2026-03-06T12:47:40.854988,120.14,0.0,9.52,18.82,14.52,0.0,0.0,180.78,4.85,0.972,0.986,STRAIGHT,1.5,1.5,"CMD,1.0,1.50",4.0,0.0229,3.99,0.183,1,0.9817,0,NORMAL,59.108,0.298,1,1,1,1,1,225.0,95,5,dijkstra,fallback_centerline,0.45845,0,,,,,,0,,,,206865,137158,2353
992,203.1721897125244,2026-03-06T12:47:41.057497,122.12,0.0,7.93,19.45,13.19,0.0,0.0,181.28,4.85,0.986,0.986,STRAIGHT,1.5,1.5,"CMD,1.0,1.50",3.626,0.0246,3.616,0.161,1,0.9751,0,NORMAL,61.115,0.248,1,1,1,1,1,225.0,98,4,dijkstra,fallback_centerline,0.45461,0,,,,,,0,,,,207252,136022,2191
993,203.3767969608307,2026-03-06T12:47:41.262104,125.42,0.0,7.9,18.35,13.6,0.0,1.03,182.94,4.85,0.994,0.986,STRAIGHT,1.5,1.5,"CMD,1.0,1.50",3.458,0.0245,3.449,0.146,1,0.9846,0,NORMAL,61.293,0.301,1,1,1,1,1,225.0,98,5,dijkstra,fallback_centerline,0.4536,0,,,,,,0,,,,207821,135650,2298
994,203.58571481704712,2026-03-06T12:47:41.471022,121.87,0.0,9.29,22.93,14.62,0.0,0.0,188.0,4.84,0.928,0.986,STRAIGHT,1.5,1.5,"CMD,1.0,1.50",3.693,0.0193,3.687,0.131,1,0.9673,0,NORMAL,60.932,0.306,1,1,1,1,1,225.0,105,5,dijkstra,fallback_centerline,0.4406,0,,,,,,0,,,,203216,131796,2416
995,203.78848147392273,2026-03-06T12:47:41.673789,119.88,0.0,8.75,20.95,13.65,0.0,0.0,182.07,4.84,0.81,0.928,STRAIGHT,1.5,1.5,"CMD,0.9,1.50",4.0,0.0139,3.996,0.111,1,0.9848,0,NORMAL,61.307,0.33,1,1,1,1,1,225.0,111,5,dijkstra,fallback_centerline,0.44287,0,,,,,,0,,,,202665,132484,2472
996,203.9928207397461,2026-03-06T12:47:41.878128,124.18,0.0,9.51,16.81,12.11,0.0,0.0,182.84,4.84,0.687,0.81,STRAIGHT,1.5,1.5,"CMD,0.8,1.50",4.0,0.0107,3.998,0.086,1,0.9794,0,NORMAL,60.6,0.4,1,1,1,1,1,225.0,98,4,dijkstra,fallback_centerline,0.437,0,,,,,,0,,,,201040,130666,2223
997,204.19058418273926,2026-03-06T12:47:42.075891,121.86,0.0,8.54,17.14,12.07,0.0,0.0,176.62,4.84,0.639,0.687,STRAIGHT,1.5,1.5,"CMD,0.7,1.50",4.0,0.0132,3.997,0.105,1,0.9634,0,NORMAL,60.334,0.485,1,1,1,1,1,225.0,99,4,dijkstra,fallback_centerline,0.45723,0,,,,,,0,,,,207161,136911,2205
998,204.38903760910034,2026-03-06T12:47:42.274345,119.1,0.0,9.85,19.15,13.38,0.0,1.0,179.36,4.84,0.568,0.639,STRAIGHT,1.5,1.5,"CMD,0.6,1.50",4.0,0.0103,3.998,0.083,1,0.9755,0,NORMAL,61.01,0.482,1,1,1,1,1,225.0,90,4,dijkstra,fallback_centerline,0.4494,0,,,,,,0,,,,204120,134455,2227
999,204.59379625320435,2026-03-06T12:47:42.479103,119.98,0.0,9.01,20.99,15.92,0.0,0.0,184.67,4.84,0.472,0.568,STRAIGHT,1.5,1.5,"CMD,0.6,1.50",4.0,0.0068,3.999,0.054,1,0.9767,0,NORMAL,61.214,0.478,1,1,1,1,1,225.0,95,5,dijkstra,fallback_centerline,0.44029,0,,,,,,0,,,,201403,131746,2376
1000,204.802161693573,2026-03-06T12:47:42.687469,122.73,0.0,9.1,20.36,13.57,0.0,0.0,185.65,4.84,0.39,0.472,STRAIGHT,1.5,1.5,"CMD,0.5,1.50",4.0,0.0055,3.999,0.044,1,0.9717,0,NORMAL,60.981,0.507,1,1,1,1,1,225.0,84,4,dijkstra,fallback_centerline,0.45357,0,,,,,,0,,,,203958,135739,2179
1001,205.03239607810974,2026-03-06T12:47:42.917703,139.43,0.0,10.64,22.35,15.09,0.0,0.0,208.44,4.82,0.338,0.39,STRAIGHT,1.5,1.5,"CMD,0.4,1.50",4.0,0.0057,3.999,0.045,1,0.959,0,NORMAL,62.97,0.351,1,1,1,1,1,225.0,104,5,dijkstra,fallback_centerline,0.43919,0,,,,,,0,,,,198463,131393,2421
1002,205.24632668495178,2026-03-06T12:47:43.131634,130.78,0.0,8.51,17.99,14.16,0.0,0.0,192.19,4.81,0.341,0.341,STRAIGHT,1.5,1.5,"CMD,0.3,1.50",4.0,0.0084,3.998,0.067,1,0.9565,0,NORMAL,61.641,0.385,1,1,1,1,1,225.0,88,5,dijkstra,fallback_centerline,0.45847,0,,,,,,0,,,,207159,137137,2228
1003,205.45383429527283,2026-03-06T12:47:43.339141,124.24,0.0,9.58,20.54,12.77,0.0,0.0,184.71,4.81,0.304,0.338,STRAIGHT,1.5,1.5,"CMD,0.3,1.50",4.0,0.0056,3.998,0.045,1,0.9719,0,NORMAL,61.535,0.372,1,1,1,1,1,225.0,102,4,dijkstra,fallback_centerline,0.45481,0,,,,,,0,,,,204791,136147,2267
1004,205.65688943862915,2026-03-06T12:47:43.542197,121.84,0.0,9.01,18.13,14.04,0.0,0.0,182.2,4.8,0.23,0.304,STRAIGHT,1.5,1.5,"CMD,0.3,1.50",4.0,0.002,3.997,0.016,1,0.9859,0,NORMAL,62.259,0.356,1,1,1,1,1,225.0,91,4,dijkstra,fallback_centerline,0.44341,0,,,,,,0,,,,202978,132618,2257
1005,205.8625044822693,2026-03-06T12:47:43.747812,125.72,0.0,10.03,17.8,13.86,0.0,0.0,185.11,4.8,0.17,0.23,STRAIGHT,1.5,1.5,"CMD,0.2,1.50",4.0,0.0012,3.998,0.01,1,0.9899,0,NORMAL,62.694,0.338,1,1,1,1,1,225.0,91,4,dijkstra,fallback_centerline,0.44624,0,,,,,,0,,,,203139,133412,2242
1006,206.065815448761,2026-03-06T12:47:43.951122,121.15,0.0,9.21,18.83,13.87,0.0,0.0,182.19,4.8,0.136,0.17,STRAIGHT,1.5,1.5,"CMD,0.2,1.50",4.0,0.0017,3.999,0.013,1,0.9901,0,NORMAL,62.833,0.365,1,1,1,1,1,225.0,95,4,dijkstra,fallback_centerline,0.45083,0,,,,,,0,,,,204529,134843,2227
1007,206.27293276786804,2026-03-06T12:47:44.158240,121.76,0.0,9.18,20.1,14.51,0.0,0.0,185.23,4.79,0.061,0.136,STRAIGHT,1.5,1.5,"CMD,0.1,1.50",4.0,-0.0022,3.998,-0.017,1,0.9832,0,NORMAL,62.972,0.378,1,1,1,1,1,225.0,108,5,dijkstra,fallback_centerline,0.43915,0,,,,,,0,,,,202666,131274,2379
1008,206.48202252388,2026-03-06T12:47:44.367330,126.19,0.0,9.53,18.98,14.8,0.0,0.0,188.02,4.79,-0.08,0.061,STRAIGHT,1.5,1.5,"CMD,0.1,1.50",3.74,-0.0088,3.736,-0.062,1,0.9886,0,NORMAL,62.761,0.424,1,1,1,1,1,224.9,97,4,dijkstra,fallback_centerline,0.44236,0,,,,,,0,,,,202614,132384,2190
1009,206.68748235702515,2026-03-06T12:47:44.572790,122.97,0.0,9.5,19.32,13.47,0.0,0.0,184.48,4.79,-0.128,-0.08,STRAIGHT,1.5,1.5,"CMD,-0.1,1.50",3.793,-0.0054,3.789,-0.039,1,0.9782,0,NORMAL,62.692,0.501,1,1,1,1,1,224.9,100,4,dijkstra,fallback_centerline,0.45126,0,,,,,,0,,,,206434,134966,2198
1010,206.90219473838806,2026-03-06T12:47:44.787502,132.44,0.0,9.11,18.68,14.16,0.0,0.0,193.15,4.8,-0.155,-0.128,STRAIGHT,1.5,1.5,"CMD,-0.1,1.50",3.851,-0.0051,3.848,-0.038,1,0.9876,0,NORMAL,59.844,0.548,1,1,1,1,1,225.0,97,5,dijkstra,fallback_centerline,0.45225,0,,,,,,0,,,,206169,135296,2382
1011,207.1078531742096,2026-03-06T12:47:44.993160,122.11,0.0,7.03,19.16,13.66,0.0,0.0,184.35,4.8,-0.2,-0.155,STRAIGHT,1.5,1.5,"CMD,-0.2,1.50",3.822,-0.007,3.819,-0.051,1,0.9923,0,NORMAL,60.567,0.543,1,1,1,1,1,225.0,96,4,dijkstra,fallback_centerline,0.44977,0,,,,,,0,,,,205797,134484,2157
1012,207.30956721305847,2026-03-06T12:47:45.194874,118.41,0.0,9.94,19.32,14.24,0.0,0.0,180.62,4.8,-0.262,-0.2,STRAIGHT,1.5,1.5,"CMD,-0.2,1.50",3.75,-0.0094,3.746,-0.066,1,0.9859,0,NORMAL,61.046,0.481,1,1,1,1,1,224.9,95,4,dijkstra,fallback_centerline,0.43791,0,,,,,,0,,,,203088,130930,2169
1013,207.51496839523315,2026-03-06T12:47:45.400275,119.88,0.0,11.9,18.05,14.15,0.0,0.0,183.27,4.81,-0.349,-0.262,STRAIGHT,1.5,1.5,"CMD,-0.3,1.50",3.547,-0.0127,3.542,-0.08,1,0.9903,0,NORMAL,61.248,0.457,1,1,1,1,1,224.9,92,4,dijkstra,fallback_centerline,0.44145,0,,,,,,0,,,,202826,132064,2131
1014,207.714702129364,2026-03-06T12:47:45.600009,119.6,0.0,9.33,18.69,12.94,0.0,1.0,179.1,4.82,-0.3,-0.3,STRAIGHT,1.5,1.5,"CMD,-0.3,1.50",3.989,-0.0049,3.986,-0.039,1,0.9683,0,NORMAL,61.421,0.45,1,1,1,1,1,225.0,102,4,dijkstra,fallback_centerline,0.45727,0,,,,,,0,,,,209370,136748,2241
1015,207.9158525466919,2026-03-06T12:47:45.801160,123.8,0.0,8.51,17.67,13.36,0.0,0.0,181.71,4.85,-0.199,-0.3,STRAIGHT,1.5,1.5,"CMD,-0.3,1.50",4.0,0.0001,3.998,0.001,1,0.9821,0,NORMAL,61.916,0.413,1,1,1,1,1,225.0,90,6,dijkstra,fallback_centerline,0.4632,0,,,,,,0,,,,208876,138726,2242
1016,208.11798572540283,2026-03-06T12:47:46.003293,116.1,0.0,14.01,20.68,13.32,0.0,0.0,181.33,4.86,-0.067,-0.199,STRAIGHT,1.5,1.5,"CMD,-0.2,1.50",4.0,0.0048,3.998,0.039,1,0.9772,0,NORMAL,61.172,0.307,1,1,1,1,1,225.0,108,4,dijkstra,fallback_centerline,0.46789,0,,,,,,0,,,,212601,140025,2289
1017,208.32294511795044,2026-03-06T12:47:46.208252,111.27,0.0,14.44,23.39,13.68,0.0,0.0,182.48,4.86,0.249,-0.067,STRAIGHT,1.5,1.5,"CMD,-0.1,1.50",4.0,0.0213,3.991,0.17,1,0.9458,0,NORMAL,61.256,0.473,1,1,1,1,1,224.9,128,8,dijkstra,fallback_centerline,0.51424,0,,,,,,0,,,,223924,153929,2773
1018,208.52871966362,2026-03-06T12:47:46.414027,120.76,0.0,8.92,21.88,13.99,0.0,0.0,183.88,4.86,0.514,0.249,STRAIGHT,1.5,1.5,"CMD,0.2,1.50",4.0,0.0254,3.987,0.202,1,0.965,0,NORMAL,61.444,0.491,1,1,1,1,1,224.9,121,5,dijkstra,fallback_centerline,0.49864,0,,,,,,0,,,,217201,149268,2354
1019,208.7349615097046,2026-03-06T12:47:46.620269,122.83,0.0,9.12,16.53,17.18,0.0,0.0,185.29,4.86,0.557,0.514,STRAIGHT,1.5,1.5,"CMD,0.5,1.50",4.0,0.0156,3.994,0.124,1,0.9704,0,NORMAL,61.619,0.466,1,1,1,1,1,225.0,97,4,dijkstra,fallback_centerline,0.47481,0,,,,,,0,,,,211353,142108,2261
1020,208.93682765960693,2026-03-06T12:47:46.822135,120.88,0.0,9.08,17.45,14.09,0.0,0.0,180.91,4.86,0.521,0.521,STRAIGHT,1.5,1.5,"CMD,0.5,1.50",4.0,0.0109,3.994,0.087,1,0.9824,0,NORMAL,61.104,0.488,1,1,1,1,1,225.0,84,4,dijkstra,fallback_centerline,0.48651,0,,,,,,0,,,,213709,145603,2222
1021,209.14491820335388,2026-03-06T12:47:47.030225,125.78,0.0,9.42,19.35,14.08,0.0,0.0,186.06,4.86,0.428,0.521,STRAIGHT,1.5,1.5,"CMD,0.5,1.50",4.0,0.0059,3.998,0.047,1,0.9615,0,NORMAL,61.877,0.447,1,1,1,1,1,225.0,94,5,dijkstra,fallback_centerline,0.47017,0,,,,,,0,,,,214535,140687,2414
1022,209.3475239276886,2026-03-06T12:47:47.232831,121.6,0.0,9.53,17.14,15.04,0.0,0.0,181.2,4.86,0.248,0.428,STRAIGHT,1.5,1.5,"CMD,0.4,1.50",4.0,-0.0027,3.998,-0.022,1,0.9666,0,NORMAL,61.392,0.491,1,1,1,1,1,225.0,88,4,dijkstra,fallback_centerline,0.45576,0,,,,,,0,,,,209283,136341,2236
1023,209.54785323143005,2026-03-06T12:47:47.433160,116.8,0.0,9.15,19.39,14.03,0.0,0.0,180.06,4.86,0.055,0.248,STRAIGHT,1.5,1.5,"CMD,0.2,1.50",4.0,-0.008,2.511,-0.025,1,0.9864,0,NORMAL,61.587,0.487,1,1,1,1,2,127.2,97,4,dijkstra,graph,0.44872,0,,,,,,0,,,,206945,134223,2293
1024,209.7553038597107,2026-03-06T12:47:47.640611,122.89,0.0,9.81,20.55,13.97,0.0,0.0,187.49,4.86,0.133,0.133,STRAIGHT,1.5,1.5,"CMD,0.1,1.50",4.0,0.007,2.511,0.022,1,0.9542,0,NORMAL,58.888,0.54,1,1,1,1,2,125.6,94,4,dijkstra,graph,0.48537,0,,,,,,0,,,,216677,145225,2244
1025,209.9597990512848,2026-03-06T12:47:47.845106,123.64,0.0,9.07,18.21,14.02,0.0,0.0,184.29,4.86,0.185,0.133,STRAIGHT,1.5,1.5,"CMD,0.1,1.50",4.0,0.007,2.511,0.022,1,0.9811,0,NORMAL,59.897,0.474,1,1,1,1,2,125.6,87,4,dijkstra,graph,0.47461,0,,,,,,0,,,,214285,141846,2204
1026,210.1585190296173,2026-03-06T12:47:48.043826,122.18,0.0,9.96,16.59,12.09,0.0,0.0,178.16,4.86,0.023,0.133,STRAIGHT,1.5,1.5,"CMD,0.1,1.50",3.878,-0.0073,3.875,-0.055,1,0.9598,0,NORMAL,59.853,0.505,1,1,1,1,1,225.0,89,5,dijkstra,fallback_centerline,0.45238,0,,,,,,0,,,,206623,135345,2340
1027,210.36292433738708,2026-03-06T12:47:48.248232,119.87,0.0,9.1,19.5,15.29,0.0,0.0,184.32,4.85,-0.13,0.023,STRAIGHT,1.5,1.5,"CMD,0.0,1.50",3.662,-0.0106,3.658,-0.071,1,0.9766,0,NORMAL,57.369,0.544,1,1,1,1,1,225.0,102,4,dijkstra,fallback_centerline,0.46324,0,,,,,,0,,,,210956,138592,2331
1028,210.55980038642883,2026-03-06T12:47:48.445108,118.43,0.0,8.46,17.99,14.35,0.0,0.0,176.74,4.86,-0.283,-0.13,STRAIGHT,1.5,1.5,"CMD,-0.1,1.50",3.448,-0.0142,3.442,-0.084,1,0.9793,0,NORMAL,55.465,0.473,1,1,1,1,1,225.0,85,4,dijkstra,fallback_centerline,0.46227,0,,,,,,0,,,,208186,138225,2132
1029,210.7624866962433,2026-03-06T12:47:48.647794,124.84,0.0,8.4,17.11,13.11,0.0,0.0,182.09,4.87,-0.434,-0.283,STRAIGHT,1.5,1.5,"CMD,-0.3,1.50",3.317,-0.0179,3.309,-0.098,1,0.9824,0,NORMAL,55.803,0.408,1,1,1,1,1,224.9,81,4,dijkstra,fallback_centerline,0.45083,0,,,,,,0,,,,206863,134852,2145
1030,210.9668390750885,2026-03-06T12:47:48.852146,119.1,0.0,10.49,18.95,14.05,0.0,0.0,182.3,4.89,-0.548,-0.434,STRAIGHT,1.5,1.5,"CMD,-0.4,1.50",3.254,-0.0188,3.245,-0.099,1,0.9801,0,NORMAL,56.053,0.381,1,1,1,1,1,224.9,87,5,dijkstra,fallback_centerline,0.46221,0,,,,,,0,,,,210230,138186,2329
1031,211.1682894229889,2026-03-06T12:47:49.053597,122.55,0.0,9.39,18.58,13.0,0.0,0.0,180.0,4.9,-0.633,-0.548,STRAIGHT,1.5,1.5,"CMD,-0.5,1.50",3.227,-0.0195,3.219,-0.101,1,0.9865,0,NORMAL,56.757,0.4,1,1,1,1,1,224.9,92,4,dijkstra,fallback_centerline,0.46233,0,,,,,,0,,,,209116,138216,2233
1032,211.3679027557373,2026-03-06T12:47:49.253210,122.41,0.0,8.92,18.97,9.99,0.0,0.0,177.55,4.9,-0.69,-0.633,STRAIGHT,1.5,1.5,"CMD,-0.6,1.50",3.203,-0.0195,3.194,-0.099,1,0.9858,0,NORMAL,57.804,0.357,1,1,1,1,1,224.9,88,4,dijkstra,fallback_centerline,0.45919,0,,,,,,0,,,,208604,137395,2139
1033,211.57472014427185,2026-03-06T12:47:49.460027,119.75,0.0,11.02,18.05,14.37,0.0,0.0,181.91,4.9,-0.775,-0.69,STRAIGHT,1.5,1.5,"CMD,-0.7,1.50",3.091,-0.0229,3.08,-0.109,1,0.9813,0,NORMAL,57.523,0.339,1,1,1,1,1,224.9,99,5,dijkstra,fallback_centerline,0.45374,0,,,,,,0,,,,206496,135803,2401
1034,211.7778880596161,2026-03-06T12:47:49.663195,123.96,0.0,8.87,17.97,14.2,0.0,0.0,183.91,4.9,-0.811,-0.775,STRAIGHT,1.5,1.5,"CMD,-0.8,1.50",3.162,-0.0214,3.152,-0.106,1,0.9835,0,NORMAL,57.788,0.321,1,1,1,1,1,224.9,92,4,dijkstra,fallback_centerline,0.45405,0,,,,,,0,,,,206599,135771,2212
1035,211.9822862148285,2026-03-06T12:47:49.867593,121.63,0.0,9.54,20.6,14.33,0.0,0.0,185.27,4.9,-0.856,-0.811,STRAIGHT,1.5,1.5,"CMD,-0.8,1.50",3.089,-0.0229,3.078,-0.109,1,0.9819,0,NORMAL,57.918,0.297,1,1,1,1,1,224.9,99,4,dijkstra,fallback_centerline,0.45101,0,,,,,,0,,,,206426,134778,2233
1036,212.18579983711243,2026-03-06T12:47:50.071107,120.37,0.0,9.58,19.99,14.29,0.0,0.0,183.72,4.9,-0.863,-0.856,STRAIGHT,1.5,1.5,"CMD,-0.9,1.50",3.148,-0.0213,3.138,-0.105,1,0.9784,0,NORMAL,58.183,0.309,1,1,1,1,1,224.9,99,5,dijkstra,fallback_centerline,0.45217,0,,,,,,0,,,,207570,135183,2382
1037,212.39179277420044,2026-03-06T12:47:50.277100,120.99,0.0,10.11,19.4,13.75,0.0,1.04,185.26,4.91,-0.857,-0.857,STRAIGHT,1.5,1.5,"CMD,-0.9,1.50",3.151,-0.0205,3.141,-0.101,1,0.9808,0,NORMAL,58.389,0.252,1,1,1,1,1,224.9,103,5,dijkstra,fallback_centerline,0.4501,0,,,,,,0,,,,207093,134534,2237
1038,212.60102033615112,2026-03-06T12:47:50.486327,118.34,0.0,14.6,21.64,15.47,0.0,0.0,188.71,4.9,-0.782,-0.857,STRAIGHT,1.5,1.5,"CMD,-0.9,1.50",3.293,-0.0153,3.286,-0.083,1,0.972,0,NORMAL,58.206,0.276,1,1,1,1,1,224.9,112,5,dijkstra,fallback_centerline,0.46601,0,,,,,,0,,,,210126,139393,2292
1039,212.80841398239136,2026-03-06T12:47:50.693721,123.82,0.0,4.44,20.11,13.72,0.0,0.0,185.91,4.91,-0.499,-0.782,STRAIGHT,1.5,1.5,"CMD,-0.8,1.50",4.0,0.0016,2.557,0.005,1,0.9678,0,NORMAL,58.698,0.29,1,1,1,1,2,128.7,104,4,dijkstra,graph,0.45161,0,,,,,,0,,,,205991,135041,2203
1040,213.00862288475037,2026-03-06T12:47:50.893930,119.56,0.0,7.52,19.13,13.53,0.0,1.0,178.47,4.91,-1.508,-0.782,STRAIGHT,1.5,1.5,"CMD,-0.8,1.50",2.349,-0.0855,2.292,-0.227,1,0.9714,0,NORMAL,58.918,0.266,1,1,1,1,1,223.0,92,6,dijkstra,fallback_centerline,0.44413,0,,,,,,0,,,,204199,132834,2272
1041,213.21576046943665,2026-03-06T12:47:51.101068,122.38,0.0,12.39,18.59,14.89,0.0,0.0,186.21,4.91,-2.256,-1.508,STRAIGHT,1.5,1.5,"CMD,-1.5,1.50",2.331,-0.0911,2.275,-0.238,1,0.9789,0,NORMAL,58.703,0.287,1,1,1,1,1,220.3,88,5,dijkstra,fallback_centerline,0.45393,0,,,,,,0,,,,207098,135767,2277
1042,213.4168758392334,2026-03-06T12:47:51.302183,120.76,0.0,7.56,18.07,14.02,0.0,0.0,179.74,4.91,-1.764,-1.764,STRAIGHT,1.5,1.5,"CMD,-1.8,1.50",3.123,-0.0189,3.108,-0.091,1,0.9759,0,NORMAL,58.597,0.425,1,1,1,1,1,224.9,88,4,dijkstra,fallback_centerline,0.45324,0,,,,,,0,,,,209457,135502,2231
1043,213.6165075302124,2026-03-06T12:47:51.501815,113.39,0.0,14.2,18.09,13.99,0.0,0.0,179.21,4.91,-1.218,-1.764,STRAIGHT,1.5,1.5,"CMD,-1.8,1.50",4.0,-0.0031,3.996,-0.025,1,0.9874,0,NORMAL,57.994,0.487,1,1,1,1,1,225.0,88,4,dijkstra,fallback_centerline,0.46161,0,,,,,,0,,,,211838,138109,2263
1044,213.8248155117035,2026-03-06T12:47:51.710122,123.21,0.0,9.02,21.92,14.17,0.0,0.0,188.03,4.91,-0.712,-1.218,STRAIGHT,1.5,1.5,"CMD,-1.2,1.50",4.0,0.0073,3.995,0.058,1,0.9691,0,NORMAL,55.27,0.512,1,1,1,1,1,225.0,113,5,dijkstra,fallback_centerline,0.48738,0,,,,,,0,,,,217929,145724,2302
1045,214.0306041240692,2026-03-06T12:47:51.915911,122.37,0.0,9.16,20.5,14.2,0.0,0.0,184.63,4.9,-0.253,-0.712,STRAIGHT,1.5,1.5,"CMD,-0.7,1.50",4.0,0.0161,3.992,0.129,1,0.9864,0,NORMAL,54.512,0.552,1,1,1,1,1,225.0,110,5,dijkstra,fallback_centerline,0.49095,0,,,,,,0,,,,219377,146812,2286
1046,214.23797392845154,2026-03-06T12:47:52.123281,123.12,0.0,4.41,20.21,14.03,0.0,0.0,185.7,4.9,0.025,-0.253,STRAIGHT,1.5,1.5,"CMD,-0.3,1.50",4.0,0.0141,3.994,0.113,1,0.9771,0,NORMAL,55.193,0.562,1,1,1,1,1,225.0,105,4,dijkstra,fallback_centerline,0.47428,0,,,,,,0,,,,214641,141894,2319
1047,214.44192504882812,2026-03-06T12:47:52.327232,118.72,0.0,10.18,19.6,14.07,0.0,0.0,182.36,4.9,0.213,0.025,STRAIGHT,1.5,1.5,"CMD,0.0,1.50",4.0,0.0143,3.995,0.114,1,0.9834,0,NORMAL,56.143,0.526,1,1,1,1,1,225.0,98,4,dijkstra,fallback_centerline,0.47275,0,,,,,,0,,,,215620,141435,2300
1048,214.64396214485168,2026-03-06T12:47:52.529269,118.36,0.0,11.03,19.54,13.98,0.0,0.0,181.06,4.91,0.345,0.213,STRAIGHT,1.5,1.5,"CMD,0.2,1.50",4.0,0.0148,3.995,0.118,1,0.9888,0,NORMAL,56.933,0.479,1,1,1,1,1,225.0,106,5,dijkstra,fallback_centerline,0.46994,0,,,,,,0,,,,214368,140535,2361
1049,214.8497176170349,2026-03-06T12:47:52.735025,122.58,0.0,9.52,18.81,14.11,0.0,0.0,182.33,4.91,0.381,0.345,STRAIGHT,1.5,1.5,"CMD,0.3,1.50",4.0,0.011,3.997,0.088,1,0.985,0,NORMAL,57.796,0.468,1,1,1,1,1,225.0,100,5,dijkstra,fallback_centerline,0.46167,0,,,,,,0,,,,211579,138144,2339
1050,215.05104207992554,2026-03-06T12:47:52.936349,120.1,0.0,8.82,18.88,13.86,0.0,0.0,179.61,4.91,0.331,0.345,STRAIGHT,1.5,1.5,"CMD,0.3,1.50",4.0,0.0056,3.999,0.045,1,0.9759,0,NORMAL,57.91,0.461,1,1,1,1,1,225.0,91,5,dijkstra,fallback_centerline,0.44502,0,,,,,,0,,,,206790,133079,2343
1051,215.25550627708435,2026-03-06T12:47:53.140813,120.64,0.0,10.26,20.11,13.84,0.0,0.0,184.57,4.91,0.324,0.331,STRAIGHT,1.5,1.5,"CMD,0.3,1.50",4.0,0.0075,3.998,0.06,1,0.9607,0,NORMAL,56.732,0.539,1,1,1,1,1,225.0,99,5,dijkstra,fallback_centerline,0.46698,0,,,,,,0,,,,214661,139810,2296
1052,215.45982098579407,2026-03-06T12:47:53.345128,121.49,0.0,9.34,18.17,14.12,0.0,1.01,184.49,4.91,0.317,0.324,STRAIGHT,1.5,1.5,"CMD,0.3,1.50",4.0,0.0074,3.998,0.059,1,0.9734,0,NORMAL,55.375,0.708,1,1,1,1,1,225.0,92,5,dijkstra,fallback_centerline,0.46893,0,,,,,,0,,,,212330,140334,2231
1053,215.65996742248535,2026-03-06T12:47:53.545274,118.41,0.0,8.95,20.46,13.95,0.0,0.0,179.38,4.91,0.274,0.317,STRAIGHT,1.5,1.5,"CMD,0.3,1.50",4.0,0.0045,3.999,0.036,1,0.9812,0,NORMAL,54.062,1.126,1,1,1,1,1,225.0,98,5,dijkstra,fallback_centerline,0.47304,0,,,,,,0,,,,215155,141579,2423
1054,215.86055445671082,2026-03-06T12:47:53.745862,121.86,0.0,10.08,19.3,14.07,0.0,0.0,182.08,4.91,0.232,0.274,STRAIGHT,1.5,1.5,"CMD,0.3,1.50",4.0,0.0036,3.999,0.029,1,0.9884,0,NORMAL,53.438,1.09,1,1,1,1,1,225.0,93,5,dijkstra,fallback_centerline,0.47421,0,,,,,,0,,,,215408,141860,2356
1055,216.06463289260864,2026-03-06T12:47:53.949940,119.97,0.0,11.05,19.02,14.71,0.0,0.0,182.49,4.91,0.176,0.232,STRAIGHT,1.5,1.5,"CMD,0.2,1.50",4.0,0.0016,3.998,0.013,1,0.9891,0,NORMAL,53.069,1.225,1,1,1,1,1,225.0,96,4,dijkstra,fallback_centerline,0.47424,0,,,,,,0,,,,215864,141778,2358
1056,216.26806902885437,2026-03-06T12:47:54.153376,122.07,0.0,8.14,18.66,14.25,0.0,0.0,182.95,4.91,0.145,0.176,STRAIGHT,1.5,1.5,"CMD,0.2,1.50",4.0,0.002,3.998,0.016,1,0.9847,0,NORMAL,52.849,1.331,1,1,1,1,1,225.0,82,4,dijkstra,fallback_centerline,0.48256,0,,,,,,0,,,,217650,144431,2250
1057,216.47464179992676,2026-03-06T12:47:54.359949,116.68,0.0,8.05,19.57,14.41,0.0,0.0,178.63,4.9,0.133,0.145,STRAIGHT,1.5,1.5,"CMD,0.1,1.50",4.0,0.0026,3.998,0.021,1,0.9878,0,NORMAL,53.228,1.444,1,1,1,1,1,225.0,95,4,dijkstra,fallback_centerline,0.48531,0,,,,,,0,,,,217630,145132,2297
1058,216.67539191246033,2026-03-06T12:47:54.560699,117.55,0.0,10.01,20.44,13.41,0.0,0.0,180.13,4.9,0.154,0.145,STRAIGHT,1.5,1.5,"CMD,0.1,1.50",4.0,0.0048,3.998,0.038,1,0.9824,0,NORMAL,53.021,1.451,1,1,1,1,1,225.0,99,4,dijkstra,fallback_centerline,0.48946,0,,,,,,0,,,,220516,146397,2385
1059,216.87529134750366,2026-03-06T12:47:54.760598,119.15,0.0,9.08,19.65,10.79,0.0,0.0,177.19,4.91,0.136,0.136,STRAIGHT,1.5,1.5,"CMD,0.1,1.50",4.0,0.0024,3.998,0.019,1,0.9856,0,NORMAL,53.179,1.478,1,1,1,1,1,225.0,98,5,dijkstra,fallback_centerline,0.48021,0,,,,,,0,,,,218237,143508,2505
1060,217.0829827785492,2026-03-06T12:47:54.968290,123.71,0.0,9.46,16.62,15.32,0.0,0.0,183.22,4.9,0.158,0.154,STRAIGHT,1.5,1.5,"CMD,0.2,1.50",4.0,0.0049,3.998,0.039,1,0.9863,0,NORMAL,53.409,1.511,1,1,1,1,1,225.0,96,5,dijkstra,fallback_centerline,0.48684,0,,,,,,0,,,,220744,145608,2370
1061,217.28774881362915,2026-03-06T12:47:55.173056,121.24,0.0,10.02,18.45,13.7,0.0,0.0,181.36,4.9,0.203,0.158,STRAIGHT,1.5,1.5,"CMD,0.2,1.50",4.0,0.0071,3.999,0.057,1,0.9795,0,NORMAL,54.059,1.509,1,1,1,1,1,225.0,92,4,dijkstra,fallback_centerline,0.48205,0,,,,,,0,,,,220693,144315,2325
1062,217.48751640319824,2026-03-06T12:47:55.372824,115.6,0.0,10.36,19.16,12.7,0.0,0.0,178.42,4.9,0.257,0.203,STRAIGHT,1.5,1.5,"CMD,0.2,1.50",4.0,0.0088,3.998,0.071,1,0.9756,0,NORMAL,53.69,1.608,1,1,1,1,1,225.0,97,5,dijkstra,fallback_centerline,0.49457,0,,,,,,0,,,,224911,147973,2260
1063,217.69244146347046,2026-03-06T12:47:55.577749,119.84,0.0,9.37,20.44,13.94,0.0,0.0,181.71,4.9,0.286,0.257,STRAIGHT,1.5,1.5,"CMD,0.3,1.50",4.0,0.0083,3.997,0.067,1,0.9791,0,NORMAL,54.642,1.578,1,1,1,1,1,225.0,105,4,dijkstra,fallback_centerline,0.49244,0,,,,,,0,,,,222391,147329,2320
1064,217.89764189720154,2026-03-06T12:47:55.782949,123.17,0.0,8.02,21.22,12.67,0.0,0.0,183.08,4.9,0.285,0.285,STRAIGHT,1.5,1.5,"CMD,0.3,1.50",4.0,0.0069,3.997,0.055,1,0.9777,0,NORMAL,55.141,1.543,1,1,1,1,1,225.0,104,4,dijkstra,fallback_centerline,0.47746,0,,,,,,0,,,,217955,142812,2282
1065,218.09625029563904,2026-03-06T12:47:55.981557,119.04,0.0,9.45,20.44,12.38,0.0,0.0,179.88,4.91,0.219,0.285,STRAIGHT,1.5,1.5,"CMD,0.3,1.50",4.0,0.0021,3.996,0.017,1,0.9784,0,NORMAL,55.081,1.559,1,1,1,1,1,225.0,103,4,dijkstra,fallback_centerline,0.46463,0,,,,,,0,,,,214374,139041,2330
1066,218.29962682724,2026-03-06T12:47:56.184934,121.05,0.0,7.67,18.73,13.36,0.0,1.0,182.62,4.91,0.119,0.219,STRAIGHT,1.5,1.5,"CMD,0.2,1.50",3.844,-0.002,3.84,-0.014,1,0.9835,0,NORMAL,55.31,1.53,1,1,1,1,1,225.0,93,4,dijkstra,fallback_centerline,0.48,0,,,,,,0,,,,217127,143623,2333
1067,218.5012333393097,2026-03-06T12:47:56.386540,118.6,0.0,10.16,19.96,14.24,0.0,0.0,179.84,4.92,-0.009,0.119,STRAIGHT,1.5,1.5,"CMD,0.1,1.50",3.722,-0.0065,3.718,-0.045,1,0.9874,0,NORMAL,55.874,1.556,1,1,1,1,1,225.0,95,4,dijkstra,fallback_centerline,0.47345,0,,,,,,0,,,,215621,141625,2291
1068,218.70263576507568,2026-03-06T12:47:56.587943,121.72,0.0,8.13,21.47,13.33,0.0,0.0,180.97,4.92,-0.108,-0.009,STRAIGHT,1.5,1.5,"CMD,-0.0,1.50",3.714,-0.0074,3.71,-0.051,1,0.9797,0,NORMAL,55.567,1.525,1,1,1,1,1,225.0,95,4,dijkstra,fallback_centerline,0.46192,0,,,,,,0,,,,212021,138155,2324
1069,218.91088008880615,2026-03-06T12:47:56.796187,126.05,0.0,8.52,21.58,13.58,0.0,0.0,186.96,4.91,-0.2,-0.108,STRAIGHT,1.5,1.5,"CMD,-0.1,1.50",3.619,-0.0093,3.615,-0.061,1,0.98,0,NORMAL,55.591,1.502,1,1,1,1,1,225.0,105,4,dijkstra,fallback_centerline,0.47477,0,,,,,,0,,,,215733,141965,2371
1070,219.11094212532043,2026-03-06T12:47:56.996249,117.69,0.0,9.13,21.98,13.11,0.0,0.0,178.4,4.92,-0.198,-0.198,STRAIGHT,1.5,1.5,"CMD,-0.2,1.50",3.916,-0.0047,3.913,-0.036,1,0.9829,0,NORMAL,54.443,1.539,1,1,1,1,1,225.0,98,5,dijkstra,fallback_centerline,0.47725,0,,,,,,0,,,,216305,142744,2317
1071,219.31213998794556,2026-03-06T12:47:57.197447,121.14,0.0,10.04,17.82,12.99,0.0,0.0,180.48,4.92,-0.213,-0.2,STRAIGHT,1.5,1.5,"CMD,-0.2,1.50",3.944,-0.0059,3.941,-0.046,1,0.9825,0,NORMAL,54.986,1.494,1,1,1,1,1,225.0,84,4,dijkstra,fallback_centerline,0.46568,0,,,,,,0,,,,213671,139264,2171
1072,219.51265501976013,2026-03-06T12:47:57.397962,116.44,0.0,12.23,17.36,13.94,0.0,0.0,177.97,4.92,-0.329,-0.213,STRAIGHT,1.5,1.5,"CMD,-0.2,1.50",3.585,-0.0136,3.58,-0.087,1,0.9717,0,NORMAL,54.861,1.495,1,1,1,1,1,225.0,88,5,dijkstra,fallback_centerline,0.45382,0,,,,,,0,,,,208779,135808,2270
1073,219.71295166015625,2026-03-06T12:47:57.598259,122.98,0.0,8.81,19.79,14.08,0.0,0.0,181.99,4.93,-0.299,-0.299,STRAIGHT,1.5,1.5,"CMD,-0.3,1.50",4.0,-0.0058,3.999,-0.046,1,0.9591,0,NORMAL,53.675,1.422,1,1,1,1,1,225.0,97,5,dijkstra,fallback_centerline,0.4794,0,,,,,,0,,,,216334,143376,2336
1074,219.91532611846924,2026-03-06T12:47:57.800633,124.45,0.0,7.12,18.27,14.5,0.0,0.0,181.69,4.93,-0.34,-0.329,STRAIGHT,1.5,1.5,"CMD,-0.3,1.50",4.0,-0.0102,3.997,-0.082,1,0.9696,0,NORMAL,52.706,1.428,1,1,1,1,1,225.0,78,6,dijkstra,fallback_centerline,0.46715,0,,,,,,0,,,,211613,139702,2238
1075,220.11200332641602,2026-03-06T12:47:57.997310,114.41,0.0,12.33,18.11,12.06,0.0,0.0,175.73,4.94,-0.474,-0.34,STRAIGHT,1.5,1.5,"CMD,-0.3,1.50",3.549,-0.0179,3.542,-0.113,1,0.9688,0,NORMAL,53.332,1.371,1,1,1,1,1,225.0,106,6,dijkstra,fallback_centerline,0.45295,0,,,,,,0,,,,208871,135401,2362
1076,220.31047773361206,2026-03-06T12:47:58.195785,117.85,0.0,10.38,19.94,14.02,0.0,0.0,179.73,4.94,-0.574,-0.474,STRAIGHT,1.5,1.5,"CMD,-0.5,1.50",3.471,-0.0188,3.464,-0.113,1,0.9777,0,NORMAL,54.066,1.29,1,1,1,1,1,225.0,105,6,dijkstra,fallback_centerline,0.4505,0,,,,,,0,,,,209243,134801,2366
1077,220.5166254043579,2026-03-06T12:47:58.401933,122.56,0.0,8.95,19.25,13.15,0.0,0.0,183.89,4.94,-0.666,-0.574,STRAIGHT,1.5,1.5,"CMD,-0.6,1.50",3.376,-0.0206,3.367,-0.117,1,0.9819,0,NORMAL,54.381,1.293,1,1,1,1,1,225.0,92,5,dijkstra,fallback_centerline,0.4499,0,,,,,,0,,,,209449,134578,2304
1078,220.72294878959656,2026-03-06T12:47:58.608256,123.53,0.0,7.07,19.43,14.64,0.0,0.0,183.89,4.94,-0.769,-0.666,STRAIGHT,1.5,1.5,"CMD,-0.7,1.50",3.214,-0.0236,3.204,-0.121,1,0.974,0,NORMAL,54.55,1.198,1,1,1,1,1,224.9,98,6,dijkstra,fallback_centerline,0.44306,0,,,,,,0,,,,206069,132535,2278
1079,220.92879676818848,2026-03-06T12:47:58.814104,124.57,0.0,8.25,18.37,13.93,0.0,1.0,185.0,4.93,-0.776,-0.769,STRAIGHT,1.5,1.5,"CMD,-0.8,1.50",3.396,-0.0191,3.389,-0.11,1,0.965,0,NORMAL,54.635,1.116,1,1,1,1,1,225.0,89,6,dijkstra,fallback_centerline,0.45126,0,,,,,,0,,,,208599,134906,2426
1080,221.1292598247528,2026-03-06T12:47:59.014567,118.69,0.0,8.69,19.65,13.5,0.0,0.0,179.63,4.94,-0.808,-0.776,STRAIGHT,1.5,1.5,"CMD,-0.8,1.50",3.285,-0.0211,3.276,-0.114,1,0.969,0,NORMAL,54.238,1.183,1,1,1,1,1,225.0,95,5,dijkstra,fallback_centerline,0.45048,0,,,,,,0,,,,207488,134811,2249
1081,221.33965682983398,2026-03-06T12:47:59.224964,127.43,0.0,9.57,19.26,14.86,0.0,0.0,189.42,4.93,-0.873,-0.808,STRAIGHT,1.5,1.5,"CMD,-0.8,1.50",3.168,-0.0243,3.158,-0.121,1,0.9663,0,NORMAL,55.066,1.066,1,1,1,1,1,224.9,98,5,dijkstra,fallback_centerline,0.43475,0,,,,,,0,,,,203288,130187,2190
1082,221.53570699691772,2026-03-06T12:47:59.421014,116.25,0.0,8.52,17.49,11.78,0.0,0.0,174.84,4.94,-0.985,-0.873,STRAIGHT,1.5,1.5,"CMD,-0.9,1.50",2.93,-0.0293,2.915,-0.125,1,0.9713,0,NORMAL,56.036,0.942,1,1,1,1,1,224.9,97,4,dijkstra,fallback_centerline,0.41758,0,,,,,,0,,,,198215,124954,2107
1083,221.74032926559448,2026-03-06T12:47:59.625636,123.28,0.0,8.6,20.93,14.02,0.0,0.0,184.68,4.93,-1.078,-0.985,STRAIGHT,1.5,1.5,"CMD,-1.0,1.50",2.909,-0.0306,2.894,-0.128,1,0.9708,0,NORMAL,55.956,0.945,1,1,1,1,1,224.9,111,5,dijkstra,fallback_centerline,0.43027,0,,,,,,0,,,,204012,128773,2235
1084,221.94275546073914,2026-03-06T12:47:59.828063,120.62,0.0,8.36,19.55,14.29,0.0,0.0,181.52,4.93,-1.191,-1.078,STRAIGHT,1.5,1.5,"CMD,-1.1,1.50",2.797,-0.0344,2.779,-0.133,1,0.9868,0,NORMAL,56.271,0.96,1,1,1,1,1,224.9,106,5,dijkstra,fallback_centerline,0.43027,0,,,,,,0,,,,202869,128693,2188
1085,222.1376006603241,2026-03-06T12:48:00.022908,118.16,0.0,8.13,14.99,14.57,0.0,0.0,175.18,4.94,-1.277,-1.191,STRAIGHT,1.5,1.5,"CMD,-1.2,1.50",2.787,-0.0352,2.769,-0.135,1,0.9762,0,NORMAL,57.653,0.856,1,1,1,1,1,224.9,68,4,dijkstra,fallback_centerline,0.41866,0,,,,,,0,,,,198333,125302,1931
1086,222.33058834075928,2026-03-06T12:48:00.215895,112.35,0.0,11.02,14.95,13.77,0.0,0.0,172.1,4.95,-1.348,-1.277,STRAIGHT,1.5,1.5,"CMD,-1.3,1.50",2.766,-0.0361,2.747,-0.137,1,0.9902,0,NORMAL,57.423,0.807,1,1,1,1,1,224.9,76,4,dijkstra,fallback_centerline,0.42093,0,,,,,,0,,,,199862,126053,2034
1087,222.5295445919037,2026-03-06T12:48:00.414852,118.26,0.0,8.68,18.05,14.18,0.0,0.0,177.25,4.95,-1.417,-1.348,STRAIGHT,1.5,1.5,"CMD,-1.3,1.50",2.7,-0.0377,2.679,-0.136,1,0.9781,0,NORMAL,57.54,0.884,1,1,1,1,1,224.9,91,5,dijkstra,fallback_centerline,0.42281,0,,,,,,0,,,,197631,126496,2068
1088,222.72292351722717,2026-03-06T12:48:00.608231,116.98,0.0,7.06,16.4,13.66,0.0,0.0,172.56,4.96,-1.458,-1.417,STRAIGHT,1.5,1.5,"CMD,-1.4,1.50",2.748,-0.0373,2.728,-0.139,1,0.981,0,NORMAL,58.366,0.817,1,1,1,1,1,224.9,75,6,dijkstra,fallback_centerline,0.417,0,,,,,,0,,,,198093,124776,2025
1089,222.9181845188141,2026-03-06T12:48:00.803492,115.58,0.0,9.16,17.6,13.25,0.0,0.0,174.38,4.97,-1.499,-1.458,STRAIGHT,1.5,1.5,"CMD,-1.5,1.50",2.734,-0.0384,2.714,-0.142,1,0.9811,0,NORMAL,58.604,0.761,1,1,1,1,1,224.9,88,3,dijkstra,fallback_centerline,0.40486,0,,,,,,0,,,,196117,121252,1798
1090,223.11878204345703,2026-03-06T12:48:01.004089,121.72,0.0,9.34,20.25,13.24,0.0,0.0,180.11,4.97,-1.533,-1.499,STRAIGHT,1.5,1.5,"CMD,-1.5,1.50",2.722,-0.0388,2.701,-0.142,1,0.979,0,NORMAL,55.624,0.756,1,1,1,1,1,224.8,103,4,dijkstra,fallback_centerline,0.41599,0,,,,,,0,,,,200183,124466,1991
1091,223.31777501106262,2026-03-06T12:48:01.203082,117.4,0.0,10.31,19.25,13.86,0.0,0.0,178.32,4.97,-1.568,-1.533,STRAIGHT,1.5,1.5,"CMD,-1.5,1.50",2.701,-0.0397,2.68,-0.143,1,0.9775,0,NORMAL,56.531,0.725,1,1,1,1,1,224.4,98,5,dijkstra,fallback_centerline,0.41116,0,,,,,,0,,,,196079,122986,1996
1092,223.51888704299927,2026-03-06T12:48:01.404194,119.02,0.0,10.39,16.85,13.35,0.0,0.0,179.52,4.98,-1.559,-1.559,STRAIGHT,1.5,1.5,"CMD,-1.6,1.50",2.798,-0.0373,2.779,-0.145,1,0.9773,0,NORMAL,56.819,0.622,1,1,1,1,1,224.9,83,5,dijkstra,fallback_centerline,0.415,0,,,,,,0,,,,199101,124126,2137
1093,223.71636867523193,2026-03-06T12:48:01.601676,112.0,0.0,12.79,20.76,14.39,0.0,0.0,176.93,4.98,-1.514,-1.559,STRAIGHT,1.5,1.5,"CMD,-1.6,1.50",2.862,-0.0345,2.845,-0.14,1,0.9757,0,NORMAL,56.304,0.404,1,1,1,1,1,224.9,109,4,dijkstra,fallback_centerline,0.42314,0,,,,,,0,,,,201890,126634,2020
1094,223.91637587547302,2026-03-06T12:48:01.801683,115.52,0.0,12.73,18.91,13.83,0.0,1.05,179.86,4.98,-1.47,-1.514,STRAIGHT,1.5,1.5,"CMD,-1.5,1.50",2.948,-0.0335,2.933,-0.144,1,0.9779,0,NORMAL,53.825,0.51,1,1,1,1,1,224.9,103,3,dijkstra,fallback_centerline,0.42469,0,,,,,,0,,,,201861,127071,2090
1095,224.11076283454895,2026-03-06T12:48:01.996070,114.22,0.0,10.73,16.06,13.77,0.0,0.0,173.15,4.99,-1.514,-1.514,STRAIGHT,1.5,1.5,"CMD,-1.5,1.50",2.765,-0.0388,2.746,-0.147,1,0.9416,0,NORMAL,55.241,0.292,1,1,1,1,1,224.8,78,2,dijkstra,fallback_centerline,0.38409,0,,,,,,0,,,,190390,115067,1703
1096,224.30195999145508,2026-03-06T12:48:02.187267,116.24,0.0,6.38,20.42,13.61,0.0,0.0,170.59,5.0,-1.541,-1.514,STRAIGHT,1.5,1.5,"CMD,-1.5,1.50",2.787,-0.0387,2.768,-0.149,1,0.9747,0,NORMAL,57.218,0.172,1,1,1,1,1,224.8,88,3,dijkstra,fallback_centerline,0.38054,0,,,,,,0,,,,189344,113914,1745
1097,224.5015003681183,2026-03-06T12:48:02.386807,119.96,0.0,6.71,21.11,13.05,0.0,0.0,178.83,5.0,-1.546,-1.541,STRAIGHT,1.5,1.5,"CMD,-1.5,1.50",2.849,-0.0377,2.832,-0.152,1,0.9762,0,NORMAL,57.778,0.06,1,1,1,1,1,224.8,84,2,dijkstra,fallback_centerline,0.37469,0,,,,,,0,,,,188873,112213,1770
1098,224.69474744796753,2026-03-06T12:48:02.580055,115.42,0.0,8.51,16.21,13.81,0.0,0.0,173.09,5.01,-1.521,-1.541,STRAIGHT,1.5,1.5,"CMD,-1.5,1.50",2.899,-0.0357,2.883,-0.149,1,0.9868,0,NORMAL,58.607,0.016,1,1,1,1,1,224.9,84,2,dijkstra,fallback_centerline,0.37952,0,,,,,,0,,,,190172,113549,1790
1099,224.8947570323944,2026-03-06T12:48:02.780064,121.83,0.0,9.05,18.2,13.6,0.0,0.5,179.83,5.01,-1.518,-1.521,STRAIGHT,1.5,1.5,"CMD,-1.5,1.50",2.831,-0.0366,2.813,-0.145,1,0.9849,0,NORMAL,58.325,0.064,1,1,1,1,1,224.9,89,3,dijkstra,fallback_centerline,0.38099,0,,,,,,0,,,,189854,113969,1839
1100,225.0894227027893,2026-03-06T12:48:02.974730,115.66,0.0,9.01,17.45,12.67,0.0,0.0,174.03,5.02,-1.482,-1.518,STRAIGHT,1.5,1.5,"CMD,-1.5,1.50",2.895,-0.0342,2.879,-0.142,1,0.97,0,NORMAL,58.776,0.104,1,1,1,1,1,224.9,97,3,dijkstra,fallback_centerline,0.39353,0,,,,,,0,,,,191706,117748,1830
1101,225.28408074378967,2026-03-06T12:48:03.169388,118.89,0.0,8.4,14.55,15.66,0.0,0.0,176.68,5.03,-1.416,-1.482,STRAIGHT,1.5,1.5,"CMD,-1.5,1.50",2.974,-0.0311,2.96,-0.137,1,0.9747,0,NORMAL,59.743,0.029,1,1,1,1,1,224.9,87,3,dijkstra,fallback_centerline,0.38293,0,,,,,,0,,,,188942,114703,1717
1102,225.49401807785034,2026-03-06T12:48:03.379325,124.3,0.0,11.13,22.05,14.06,0.0,0.0,189.45,5.02,-1.125,-1.416,STRAIGHT,1.5,1.5,"CMD,-1.4,1.50",2.012,-0.0131,1.927,-0.024,1,0.9654,0,NORMAL,59.448,0.085,1,1,1,1,1,206.6,121,4,dijkstra,fallback_centerline,0.38072,0,,,,,,0,,,,185189,114076,1874
1103,225.69096755981445,2026-03-06T12:48:03.576275,118.33,0.0,8.98,16.74,12.82,0.0,0.0,176.16,5.02,-1.349,-1.349,STRAIGHT,1.5,1.5,"CMD,-1.3,1.50",2.467,-0.0436,2.435,-0.13,1,0.9653,0,NORMAL,59.756,0.111,1,1,1,1,1,224.7,85,4,dijkstra,fallback_centerline,0.38211,0,,,,,,0,,,,188595,114347,1724
1104,225.88951873779297,2026-03-06T12:48:03.774826,121.79,0.0,9.27,14.49,14.08,0.0,0.0,177.8,5.02,-1.643,-1.349,STRAIGHT,1.5,1.5,"CMD,-1.3,1.50",3.034,-0.0541,3.009,-0.247,1,0.9355,0,NORMAL,59.686,0.172,1,1,1,1,1,218.9,76,4,dijkstra,fallback_centerline,0.37411,0,,,,,,0,,,,178226,111960,1745
1105,226.09364342689514,2026-03-06T12:48:03.978950,114.96,0.0,9.12,16.42,26.28,0.0,0.0,185.19,5.01,-1.808,-1.643,STRAIGHT,1.5,1.5,"CMD,-1.6,1.50",2.992,-0.0518,2.972,-0.23,1,0.9538,0,NORMAL,59.93,0.213,1,1,1,1,1,218.1,78,4,dijkstra,fallback_centerline,0.39099,0,,,,,,0,,,,181103,117056,1850
1106,226.28891277313232,2026-03-06T12:48:04.174220,115.52,0.0,8.94,17.94,13.43,0.0,0.0,173.4,5.02,-1.894,-1.808,STRAIGHT,1.5,1.5,"CMD,-1.8,1.50",2.993,-0.0501,2.974,-0.223,1,0.9564,0,NORMAL,59.815,0.207,1,1,1,1,1,219.0,86,4,dijkstra,fallback_centerline,0.38874,0,,,,,,0,,,,185361,116468,1915
1107,226.48278737068176,2026-03-06T12:48:04.368094,114.62,0.0,9.06,13.93,15.22,0.0,0.0,171.09,5.03,-1.946,-1.894,STRAIGHT,1.5,1.5,"CMD,-1.9,1.50",3.018,-0.0497,3.0,-0.225,1,0.9751,0,NORMAL,60.05,0.252,1,1,1,1,1,219.5,75,5,dijkstra,fallback_centerline,0.38378,0,,,,,,0,,,,183831,114974,1938
1108,226.6799864768982,2026-03-06T12:48:04.565294,118.91,0.0,9.82,17.23,13.37,0.0,0.0,177.05,5.04,-1.953,-1.946,STRAIGHT,1.5,1.5,"CMD,-1.9,1.50",3.061,-0.0477,3.044,-0.222,1,0.9732,0,NORMAL,60.701,0.239,1,1,1,1,1,219.3,83,6,dijkstra,fallback_centerline,0.39211,0,,,,,,0,,,,187396,117568,1870
1109,226.88883543014526,2026-03-06T12:48:04.774142,121.6,0.0,10.08,13.32,24.01,0.0,0.0,187.19,5.03,-2.147,-1.953,STRAIGHT,1.5,1.5,"CMD,-2.0,1.50",2.794,-0.0615,2.764,-0.236,1,0.9629,0,NORMAL,60.892,0.184,1,1,1,1,1,222.3,62,5,dijkstra,fallback_centerline,0.38202,0,,,,,,0,,,,188689,114400,1848
1110,227.08870148658752,2026-03-06T12:48:04.974009,120.88,0.0,8.7,18.36,13.83,0.0,0.0,179.33,5.04,-1.731,-1.953,STRAIGHT,1.5,1.5,"CMD,-2.0,1.50",4.0,-0.0218,3.994,-0.174,1,0.9601,0,NORMAL,60.603,0.263,1,1,1,1,1,224.9,79,3,dijkstra,fallback_centerline,0.39663,0,,,,,,0,,,,196444,118695,1749
1111,227.28789043426514,2026-03-06T12:48:05.173198,123.43,0.0,9.19,14.17,12.18,0.0,0.0,177.43,5.04,-1.454,-1.731,STRAIGHT,1.5,1.5,"CMD,-1.7,1.50",4.0,-0.0218,3.996,-0.174,1,0.9885,0,NORMAL,61.261,0.255,1,1,1,1,1,224.9,79,4,dijkstra,fallback_centerline,0.39669,0,,,,,,0,,,,197072,118804,1850
1112,227.4890329837799,2026-03-06T12:48:05.374340,122.01,0.0,9.27,18.08,13.12,0.0,0.0,181.53,5.04,-1.416,-1.454,STRAIGHT,1.5,1.5,"CMD,-1.5,1.50",3.358,-0.0325,3.349,-0.183,1,0.9876,0,NORMAL,61.552,0.273,1,1,1,1,1,224.9,86,4,dijkstra,fallback_centerline,0.39364,0,,,,,,0,,,,195607,117945,1904
1113,227.69052600860596,2026-03-06T12:48:05.575833,121.28,0.0,9.08,17.67,13.02,0.0,0.0,180.45,5.05,-1.453,-1.453,STRAIGHT,1.5,1.5,"CMD,-1.5,1.50",3.01,-0.037,2.996,-0.167,1,0.9851,0,NORMAL,61.27,0.267,1,1,1,1,1,224.9,76,5,dijkstra,fallback_centerline,0.39818,0,,,,,,0,,,,197099,119106,1880
1114,227.894038438797,2026-03-06T12:48:05.779346,123.92,0.0,9.02,18.07,14.23,0.0,0.0,184.27,5.04,-1.515,-1.453,STRAIGHT,1.5,1.5,"CMD,-1.5,1.50",2.839,-0.0398,2.821,-0.159,1,0.9839,0,NORMAL,61.738,0.325,1,1,1,1,1,224.8,84,5,dijkstra,fallback_centerline,0.39481,0,,,,,,0,,,,195405,118181,2034
1115,228.08923482894897,2026-03-06T12:48:05.974542,117.7,0.0,8.52,17.16,13.61,0.0,0.0,174.62,5.04,-1.557,-1.515,STRAIGHT,1.5,1.5,"CMD,-1.5,1.50",2.803,-0.0398,2.784,-0.155,1,0.9853,0,NORMAL,62.006,0.322,1,1,1,1,1,224.7,75,5,dijkstra,fallback_centerline,0.39099,0,,,,,,0,,,,193447,117049,1798
1116,228.28996396064758,2026-03-06T12:48:06.175271,121.87,0.0,9.66,16.47,12.22,0.0,1.0,179.37,5.03,-1.598,-1.557,STRAIGHT,1.5,1.5,"CMD,-1.6,1.50",2.746,-0.0407,2.726,-0.152,1,0.9892,0,NORMAL,62.138,0.322,1,1,1,1,1,224.7,79,6,dijkstra,fallback_centerline,0.38634,0,,,,,,0,,,,192438,115603,1842
1117,228.48951315879822,2026-03-06T12:48:06.374820,121.0,0.0,11.11,17.21,12.72,0.0,1.06,181.4,5.03,-1.616,-1.598,STRAIGHT,1.5,1.5,"CMD,-1.6,1.50",2.746,-0.0401,2.726,-0.149,1,0.9853,0,NORMAL,59.987,0.313,1,1,1,1,1,224.8,82,3,dijkstra,fallback_centerline,0.38975,0,,,,,,0,,,,194863,116656,1800
1118,228.68898153305054,2026-03-06T12:48:06.574289,120.7,0.0,9.02,16.32,12.96,0.0,0.0,180.38,5.03,-1.625,-1.616,STRAIGHT,1.5,1.5,"CMD,-1.6,1.50",2.76,-0.0398,2.74,-0.15,1,0.9856,0,NORMAL,60.73,0.387,1,1,1,1,1,224.7,74,4,dijkstra,fallback_centerline,0.38936,0,,,,,,0,,,,193843,116457,1789
1119,228.88875889778137,2026-03-06T12:48:06.774066,120.69,0.0,8.58,18.18,13.28,0.0,0.0,178.88,5.03,-1.626,-1.625,STRAIGHT,1.5,1.5,"CMD,-1.6,1.50",2.747,-0.0395,2.726,-0.147,1,0.9868,0,NORMAL,60.608,0.371,1,1,1,1,1,224.7,87,4,dijkstra,fallback_centerline,0.39529,0,,,,,,0,,,,196007,118396,1992
1120,229.08604264259338,2026-03-06T12:48:06.971350,122.74,0.0,8.68,17.38,13.14,0.0,0.0,179.1,5.03,-1.621,-1.625,STRAIGHT,1.5,1.5,"CMD,-1.6,1.50",2.745,-0.0391,2.725,-0.146,1,0.9885,0,NORMAL,58.86,0.344,1,1,1,1,1,224.8,77,4,dijkstra,fallback_centerline,0.39585,0,,,,,,0,,,,196271,118696,1964
1121,229.2812683582306,2026-03-06T12:48:07.166575,119.45,0.0,7.83,15.54,13.71,0.0,0.0,174.86,5.03,-1.515,-1.621,STRAIGHT,1.5,1.5,"CMD,-1.6,1.50",3.26,-0.0316,2.42,-0.093,1,0.9845,0,NORMAL,57.836,0.306,1,1,1,1,2,125.5,71,4,dijkstra,graph,0.39289,0,,,,,,0,,,,194982,117634,1721
1122,229.48072791099548,2026-03-06T12:48:07.366035,122.53,0.0,9.01,15.11,14.22,0.0,0.0,180.7,5.03,-1.494,-1.515,STRAIGHT,1.5,1.5,"CMD,-1.5,1.50",2.867,-0.0352,2.851,-0.143,1,0.9814,0,NORMAL,58.921,0.242,1,1,1,1,1,224.9,77,4,dijkstra,fallback_centerline,0.38341,0,,,,,,0,,,,193519,114679,1749
1123,229.68225502967834,2026-03-06T12:48:07.567562,119.81,0.0,9.11,18.74,12.7,0.0,0.0,179.39,5.03,-1.507,-1.507,STRAIGHT,1.5,1.5,"CMD,-1.5,1.50",2.809,-0.0372,2.791,-0.145,1,0.989,0,NORMAL,59.515,0.234,1,1,1,1,1,224.9,88,4,dijkstra,fallback_centerline,0.38256,0,,,,,,0,,,,193586,114407,1840
1124,229.88440346717834,2026-03-06T12:48:07.769711,122.2,0.0,3.94,16.54,14.59,0.0,0.5,181.66,5.02,-1.533,-1.507,STRAIGHT,1.5,1.5,"CMD,-1.5,1.50",2.789,-0.0384,2.77,-0.148,1,0.9832,0,NORMAL,60.429,0.197,1,1,1,1,1,224.8,86,4,dijkstra,fallback_centerline,0.3761,0,,,,,,0,,,,191595,112635,2075
1125,230.07655596733093,2026-03-06T12:48:07.961863,118.59,0.0,9.3,15.98,8.98,0.0,0.0,172.67,5.02,-1.563,-1.533,STRAIGHT,1.5,1.5,"CMD,-1.5,1.50",2.759,-0.0393,2.739,-0.148,1,0.9858,0,NORMAL,60.192,0.254,1,1,1,1,1,224.7,76,5,dijkstra,fallback_centerline,0.38031,0,,,,,,0,,,,193261,113863,2031
1126,230.27531933784485,2026-03-06T12:48:08.160626,122.88,0.0,8.25,16.68,12.55,0.0,0.0,178.3,5.02,-1.583,-1.563,STRAIGHT,1.5,1.5,"CMD,-1.6,1.50",2.754,-0.0394,2.734,-0.148,1,0.9849,0,NORMAL,61.472,0.231,1,1,1,1,1,224.8,74,5,dijkstra,fallback_centerline,0.37835,0,,,,,,0,,,,192498,113250,1875
1127,230.47366905212402,2026-03-06T12:48:08.358976,119.26,0.0,8.06,18.47,8.38,0.0,0.0,178.05,5.02,-1.566,-1.566,STRAIGHT,1.5,1.5,"CMD,-1.6,1.50",2.822,-0.0371,2.804,-0.146,1,0.9772,0,NORMAL,62.077,0.233,1,1,1,1,1,224.9,75,4,dijkstra,fallback_centerline,0.38488,0,,,,,,0,,,,194955,115390,1820
1128,230.67859363555908,2026-03-06T12:48:08.563901,122.48,0.0,9.5,19.07,12.63,0.0,0.0,183.53,5.01,-1.496,-1.566,STRAIGHT,1.5,1.5,"CMD,-1.6,1.50",2.963,-0.0329,2.949,-0.143,1,0.9796,0,NORMAL,62.559,0.245,1,1,1,1,1,224.9,85,5,dijkstra,fallback_centerline,0.37888,0,,,,,,0,,,,194485,113536,2044
1129,230.88455295562744,2026-03-06T12:48:08.769860,126.44,0.0,11.95,13.12,16.33,0.0,0.5,186.96,5.0,-1.47,-1.496,STRAIGHT,1.5,1.5,"CMD,-1.5,1.50",2.905,-0.0344,2.889,-0.144,1,0.9734,0,NORMAL,63.425,0.236,1,1,1,1,1,224.9,83,5,dijkstra,fallback_centerline,0.37019,0,,,,,,0,,,,190612,110862,1959
1130,231.07254767417908,2026-03-06T12:48:08.957855,118.52,0.0,8.87,12.07,11.82,0.0,0.0,168.14,5.01,-1.444,-1.47,STRAIGHT,1.5,1.5,"CMD,-1.5,1.50",2.93,-0.0337,2.915,-0.144,1,0.9718,0,NORMAL,64.031,0.215,1,1,1,1,1,224.9,51,3,dijkstra,fallback_centerline,0.37095,0,,,,,,0,,,,187689,111012,1513
1131,231.26779174804688,2026-03-06T12:48:09.153099,120.79,0.0,9.52,13.82,11.29,0.0,0.0,173.35,5.02,-1.473,-1.47,STRAIGHT,1.5,1.5,"CMD,-1.5,1.50",2.855,-0.0371,2.838,-0.15,1,0.9709,0,NORMAL,65.541,0.186,1,1,1,1,1,224.9,55,4,dijkstra,fallback_centerline,0.35659,0,,,,,,0,,,,186181,106658,1615
1132,231.46149039268494,2026-03-06T12:48:09.346797,119.35,0.0,8.2,13.63,12.13,0.0,0.0,172.62,5.03,-1.507,-1.473,STRAIGHT,1.5,1.5,"CMD,-1.5,1.50",2.822,-0.0382,2.804,-0.151,1,0.9684,0,NORMAL,66.484,0.12,1,1,1,1,1,224.9,48,6,dijkstra,fallback_centerline,0.3506,0,,,,,,0,,,,185694,104997,1649
1133,231.6639654636383,2026-03-06T12:48:09.549273,127.28,0.0,9.05,9.45,18.18,0.0,0.0,182.23,5.02,-1.497,-1.497,STRAIGHT,1.5,1.5,"CMD,-1.5,1.50",2.899,-0.0358,2.883,-0.149,1,0.9664,0,NORMAL,65.118,0.245,1,1,1,1,1,224.9,60,4,dijkstra,fallback_centerline,0.36459,0,,,,,,0,,,,189540,109046,1594
1134,231.86547136306763,2026-03-06T12:48:09.750778,125.57,0.0,8.5,14.59,12.88,0.0,0.0,180.65,5.02,-1.48,-1.497,STRAIGHT,1.5,1.5,"CMD,-1.5,1.50",2.911,-0.035,2.896,-0.147,1,0.9787,0,NORMAL,65.696,0.288,1,1,1,1,1,224.9,61,5,dijkstra,fallback_centerline,0.37132,0,,,,,,0,,,,191356,111167,1832
1135,232.05843424797058,2026-03-06T12:48:09.943741,120.23,0.0,8.54,14.56,11.39,0.0,0.0,173.1,5.03,-1.436,-1.48,STRAIGHT,1.5,1.5,"CMD,-1.5,1.50",2.969,-0.0327,2.955,-0.143,1,0.9848,0,NORMAL,65.996,0.27,1,1,1,1,1,224.9,60,4,dijkstra,fallback_centerline,0.36855,0,,,,,,0,,,,190841,110369,1732
1136,232.25166130065918,2026-03-06T12:48:10.136968,122.02,0.0,10.07,14.07,12.74,0.0,0.0,175.98,5.03,-1.398,-1.436,STRAIGHT,1.5,1.5,"CMD,-1.4,1.50",3.002,-0.032,2.988,-0.143,1,0.98,0,NORMAL,66.218,0.286,1,1,1,1,1,224.8,59,4,dijkstra,fallback_centerline,0.36554,0,,,,,,0,,,,189106,109379,1737
1137,232.44678735733032,2026-03-06T12:48:10.332095,117.82,0.0,9.05,16.5,12.78,0.0,0.0,178.67,5.03,-1.376,-1.398,STRAIGHT,1.5,1.5,"CMD,-1.4,1.50",2.987,-0.0323,2.973,-0.143,1,0.9759,0,NORMAL,66.126,0.316,1,1,1,1,1,224.9,73,4,dijkstra,fallback_centerline,0.3706,0,,,,,,0,,,,191294,110923,1769
1138,232.6469430923462,2026-03-06T12:48:10.532250,122.06,0.0,9.02,16.39,12.44,0.0,0.0,179.18,5.04,-1.382,-1.382,STRAIGHT,1.5,1.5,"CMD,-1.4,1.50",2.938,-0.0338,2.923,-0.145,1,0.9742,0,NORMAL,66.058,0.284,1,1,1,1,1,224.9,71,4,dijkstra,fallback_centerline,0.36498,0,,,,,,0,,,,190862,109160,1852
1139,232.8436245918274,2026-03-06T12:48:10.728932,117.3,0.0,8.16,18.03,12.65,0.0,0.0,176.7,5.04,-1.346,-1.376,STRAIGHT,1.5,1.5,"CMD,-1.4,1.50",3.033,-0.0309,3.02,-0.141,1,0.962,0,NORMAL,65.745,0.348,1,1,1,1,1,224.9,74,3,dijkstra,fallback_centerline,0.37692,0,,,,,,0,,,,196233,112763,1860
1140,233.03721165657043,2026-03-06T12:48:10.922519,118.33,0.0,8.28,15.54,11.39,0.0,0.0,172.33,5.04,-1.212,-1.346,STRAIGHT,1.5,1.5,"CMD,-1.3,1.50",3.214,-0.0229,3.205,-0.118,1,0.9576,0,NORMAL,65.493,0.386,1,1,1,1,1,224.9,86,3,dijkstra,fallback_centerline,0.38973,0,,,,,,0,,,,200800,116622,1805
1141,233.23223614692688,2026-03-06T12:48:11.117543,118.32,0.0,8.76,16.03,12.52,0.0,0.0,174.6,5.05,-1.117,-1.212,STRAIGHT,1.5,1.5,"CMD,-1.2,1.50",3.229,-0.0225,3.22,-0.117,1,0.9667,0,NORMAL,66.208,0.4,1,1,1,1,1,224.9,82,3,dijkstra,fallback_centerline,0.37983,0,,,,,,0,,,,196181,113571,1730
1142,233.4308750629425,2026-03-06T12:48:11.316182,119.18,0.0,8.91,19.12,12.16,0.0,0.0,176.92,5.05,-1.099,-1.117,STRAIGHT,1.5,1.5,"CMD,-1.1,1.50",3.18,-0.0258,3.17,-0.13,1,0.9694,0,NORMAL,66.807,0.382,1,1,1,1,1,224.9,94,4,dijkstra,fallback_centerline,0.37064,0,,,,,,0,,,,191402,110834,1885
1143,233.6310429573059,2026-03-06T12:48:11.516350,121.64,0.0,8.15,18.13,13.12,0.0,0.0,181.84,5.05,-1.073,-1.099,STRAIGHT,1.5,1.5,"CMD,-1.1,1.50",3.212,-0.0247,3.202,-0.127,1,0.9797,0,NORMAL,66.942,0.412,1,1,1,1,1,224.9,95,3,dijkstra,fallback_centerline,0.37459,0,,,,,,0,,,,191482,112105,1927
1144,233.83104705810547,2026-03-06T12:48:11.716354,122.03,0.0,7.52,17.53,12.53,0.0,1.0,180.2,5.05,-0.994,-1.073,STRAIGHT,1.5,1.5,"CMD,-1.1,1.50",3.309,-0.0202,3.301,-0.11,1,0.9722,0,NORMAL,66.9,0.395,1,1,1,1,1,224.9,88,3,dijkstra,fallback_centerline,0.38599,0,,,,,,0,,,,193493,115605,1730
1145,234.02571511268616,2026-03-06T12:48:11.911022,122.38,0.0,9.36,15.45,12.89,0.0,0.0,178.71,5.06,-0.96,-0.994,STRAIGHT,1.5,1.5,"CMD,-1.0,1.50",3.252,-0.0216,3.243,-0.114,1,0.9817,0,NORMAL,66.726,0.447,1,1,1,1,1,224.9,75,2,dijkstra,fallback_centerline,0.38277,0,,,,,,0,,,,191684,114585,1589
1146,234.21908473968506,2026-03-06T12:48:12.104392,117.12,0.0,9.2,15.19,12.97,0.0,0.0,173.12,5.06,-0.76,-0.96,STRAIGHT,1.5,1.5,"CMD,-1.0,1.50",4.0,-0.0087,2.42,-0.026,1,0.9844,0,NORMAL,66.868,0.493,1,1,1,1,2,122.6,82,2,dijkstra,graph,0.38302,0,,,,,,0,,,,193114,114672,1669
1147,234.41475629806519,2026-03-06T12:48:12.300063,118.03,0.0,8.83,17.12,13.11,0.0,0.0,175.29,5.06,-0.805,-0.805,STRAIGHT,1.5,1.5,"CMD,-0.8,1.50",3.284,-0.0217,3.275,-0.117,1,0.9809,0,NORMAL,66.719,0.525,1,1,1,1,1,224.9,89,3,dijkstra,fallback_centerline,0.37791,0,,,,,,0,,,,190870,113157,1837
1148,234.6085398197174,2026-03-06T12:48:12.493847,114.99,0.0,9.18,16.95,12.55,0.0,0.0,173.18,5.07,-0.859,-0.805,STRAIGHT,1.5,1.5,"CMD,-0.8,1.50",3.254,-0.0235,3.245,-0.124,1,0.9788,0,NORMAL,67.121,0.548,1,1,1,1,1,224.9,84,3,dijkstra,fallback_centerline,0.38221,0,,,,,,0,,,,193523,114517,1800
1149,234.8101601600647,2026-03-06T12:48:12.695467,119.69,0.0,9.56,15.94,13.16,0.0,1.0,180.52,5.07,-0.837,-0.837,STRAIGHT,1.5,1.5,"CMD,-0.8,1.50",3.347,-0.0192,3.339,-0.107,1,0.9831,0,NORMAL,65.33,0.553,1,1,1,1,2,421.4,79,2,dijkstra,graph,0.39012,0,,,,,,0,,,,195059,116852,1714
1150,235.00901293754578,2026-03-06T12:48:12.894320,119.26,0.0,8.94,17.95,13.33,0.0,0.0,177.09,5.06,-0.91,-0.859,STRAIGHT,1.5,1.5,"CMD,-0.9,1.50",3.126,-0.0256,3.115,-0.124,1,0.9756,0,NORMAL,65.899,0.561,1,1,1,1,1,224.9,94,2,dijkstra,fallback_centerline,0.37955,0,,,,,,0,,,,191203,113525,1724
1151,235.21680212020874,2026-03-06T12:48:13.102109,129.05,0.0,8.98,16.08,13.13,0.0,0.0,187.77,5.06,-0.986,-0.91,STRAIGHT,1.5,1.5,"CMD,-0.9,1.50",3.087,-0.0276,3.076,-0.131,1,0.988,0,NORMAL,66.34,0.584,1,1,1,1,1,224.9,83,2,dijkstra,fallback_centerline,0.37775,0,,,,,,0,,,,190522,113018,1683
1152,235.4138045310974,2026-03-06T12:48:13.299112,121.03,0.0,9.01,16.16,12.47,0.0,0.5,179.22,5.06,-1.069,-0.986,STRAIGHT,1.5,1.5,"CMD,-1.0,1.50",3.208,-0.03,2.374,-0.085,1,0.9833,0,NORMAL,66.694,0.598,1,1,1,1,2,123.0,86,2,dijkstra,graph,0.37719,0,,,,,,0,,,,190469,112833,1695
1153,235.61022567749023,2026-03-06T12:48:13.495533,118.56,0.0,10.35,17.14,13.82,0.0,0.0,177.36,5.06,-1.141,-1.069,STRAIGHT,1.5,1.5,"CMD,-1.1,1.50",3.06,-0.0312,3.047,-0.145,1,0.979,0,NORMAL,66.831,0.639,1,1,1,1,1,224.8,86,2,dijkstra,fallback_centerline,0.38054,0,,,,,,0,,,,189465,113906,1747
1154,235.81219601631165,2026-03-06T12:48:13.697503,119.78,0.0,12.06,17.59,13.31,0.0,0.0,181.69,5.06,-1.155,-1.141,STRAIGHT,1.5,1.5,"CMD,-1.1,1.50",3.141,-0.0286,3.129,-0.141,1,0.9743,0,NORMAL,67.591,0.563,1,1,1,1,1,224.9,88,2,dijkstra,fallback_centerline,0.37048,0,,,,,,0,,,,187774,110948,1732
1155,236.00566029548645,2026-03-06T12:48:13.890967,116.1,0.0,9.57,16.74,12.73,0.0,0.0,172.43,5.06,-1.183,-1.155,STRAIGHT,1.5,1.5,"CMD,-1.2,1.50",3.08,-0.0301,3.067,-0.142,1,0.9814,0,NORMAL,66.759,0.58,1,1,1,1,1,224.9,70,2,dijkstra,fallback_centerline,0.37153,0,,,,,,0,,,,187328,111297,1542
1156,236.2065131664276,2026-03-06T12:48:14.091820,117.64,0.0,7.89,26.25,11.54,0.0,0.0,180.38,5.06,-0.458,-1.155,STRAIGHT,1.5,1.5,"CMD,-1.2,1.50",2.275,0.0241,2.225,0.06,1,0.9688,0,NORMAL,60.662,0.561,1,1,1,1,1,224.8,136,4,dijkstra,fallback_centerline,0.37376,0,,,,,,0,,,,185909,112083,1882
1157,236.41682958602905,2026-03-06T12:48:14.302137,124.42,0.0,11.44,22.78,12.07,0.0,1.04,189.44,5.05,1.204,-0.458,STRAIGHT,1.5,1.5,"CMD,-0.5,1.50",2.019,0.11,1.94,0.209,1,0.9433,0,NORMAL,61.443,0.576,1,1,1,1,1,220.6,134,3,dijkstra,fallback_centerline,0.36502,0,,,,,,0,,,,181811,109324,1806
1158,236.62162494659424,2026-03-06T12:48:14.506932,126.21,0.0,10.12,17.03,13.17,0.0,0.0,184.19,5.05,1.055,1.055,STRAIGHT,1.5,1.5,"CMD,1.1,1.50",2.284,0.0184,2.241,0.046,1,0.9465,0,NORMAL,58.557,0.63,1,1,1,1,1,224.9,91,2,dijkstra,fallback_centerline,0.37428,0,,,,,,0,,,,188681,112038,1641
1159,236.8257851600647,2026-03-06T12:48:14.711092,126.46,0.0,9.29,15.03,13.06,0.0,0.0,183.39,5.04,0.445,1.055,STRAIGHT,1.5,1.5,"CMD,1.1,1.50",3.548,-0.0188,2.374,-0.053,1,0.9796,0,NORMAL,59.89,0.536,1,1,1,1,2,122.2,64,2,dijkstra,graph,0.36618,0,,,,,,0,,,,186511,109571,1466
1160,237.02058744430542,2026-03-06T12:48:14.905895,119.15,0.0,7.35,16.96,11.99,0.0,1.01,174.76,5.04,-0.058,0.445,STRAIGHT,1.5,1.5,"CMD,0.4,1.50",3.19,-0.0258,3.18,-0.131,1,0.9881,0,NORMAL,59.972,0.551,1,1,1,1,1,224.9,83,2,dijkstra,fallback_centerline,0.36725,0,,,,,,0,,,,187169,110036,1570
1161,237.22207307815552,2026-03-06T12:48:15.107380,121.32,0.0,8.77,19.17,13.28,0.0,0.0,181.8,5.03,-0.397,-0.058,STRAIGHT,1.5,1.5,"CMD,-0.1,1.50",3.2,-0.0261,3.19,-0.133,1,0.9833,0,NORMAL,59.963,0.461,1,1,1,1,1,224.9,87,3,dijkstra,fallback_centerline,0.37597,0,,,,,,0,,,,189549,112407,1712
1162,237.4194576740265,2026-03-06T12:48:15.304765,120.2,0.0,8.68,19.88,12.8,0.0,0.0,177.45,5.04,-0.591,-0.397,STRAIGHT,1.5,1.5,"CMD,-0.4,1.50",3.269,-0.0237,3.259,-0.126,1,0.9873,0,NORMAL,60.007,0.469,1,1,1,1,1,224.9,105,3,dijkstra,fallback_centerline,0.38419,0,,,,,,0,,,,191778,114970,1920
1163,237.61482310295105,2026-03-06T12:48:15.500130,118.6,0.0,8.67,15.81,13.24,0.0,0.0,175.08,5.04,-0.737,-0.591,STRAIGHT,1.5,1.5,"CMD,-0.6,1.50",3.241,-0.0249,3.231,-0.13,1,0.9844,0,NORMAL,60.228,0.39,1,1,1,1,1,224.9,77,3,dijkstra,fallback_centerline,0.38211,0,,,,,,0,,,,191037,114318,1698
1164,237.81933546066284,2026-03-06T12:48:15.704643,123.71,0.0,9.61,18.66,13.51,0.0,0.0,182.97,5.03,-0.826,-0.737,STRAIGHT,1.5,1.5,"CMD,-0.7,1.50",3.238,-0.0244,3.229,-0.127,1,0.9789,0,NORMAL,60.02,0.413,1,1,1,1,1,224.9,96,3,dijkstra,fallback_centerline,0.39581,0,,,,,,0,,,,194930,118568,1938
1165,238.01597476005554,2026-03-06T12:48:15.901282,118.03,0.0,10.17,15.52,12.95,0.0,0.0,175.34,5.03,-0.878,-0.826,STRAIGHT,1.5,1.5,"CMD,-0.8,1.50",3.299,-0.0238,3.29,-0.129,1,0.9808,0,NORMAL,59.45,0.372,1,1,1,1,1,224.9,77,2,dijkstra,fallback_centerline,0.3856,0,,,,,,0,,,,191468,115352,1665
1166,238.2117190361023,2026-03-06T12:48:16.097026,113.81,0.0,11.84,17.04,13.02,0.0,0.0,174.74,5.03,-0.882,-0.878,STRAIGHT,1.5,1.5,"CMD,-0.9,1.50",3.363,-0.0216,3.356,-0.122,1,0.9861,0,NORMAL,59.676,0.321,1,1,1,1,1,224.9,78,3,dijkstra,fallback_centerline,0.39211,0,,,,,,0,,,,192933,117351,1814
1167,238.40389585494995,2026-03-06T12:48:16.289203,121.03,0.0,8.88,14.29,11.04,0.0,0.0,173.49,5.04,-0.883,-0.882,STRAIGHT,1.5,1.5,"CMD,-0.9,1.50",3.386,-0.0215,3.378,-0.123,1,0.9907,0,NORMAL,59.675,0.297,1,1,1,1,1,224.9,66,3,dijkstra,fallback_centerline,0.38564,0,,,,,,0,,,,191884,115503,1627
1168,238.6054847240448,2026-03-06T12:48:16.490792,122.39,0.0,8.12,26.12,11.31,0.0,0.0,183.97,5.03,1.216,-0.882,STRAIGHT,1.5,1.5,"CMD,-0.9,1.50",1.93,0.1317,1.807,0.218,1,0.9681,0,NORMAL,58.526,0.31,1,1,1,1,1,224.0,148,2,dijkstra,fallback_centerline,0.39114,0,,,,,,0,,,,192184,117032,1899
1169,238.80262207984924,2026-03-06T12:48:16.687929,120.59,0.0,8.93,16.42,13.76,0.0,0.0,176.38,5.03,1.057,1.057,STRAIGHT,1.5,1.5,"CMD,1.1,1.50",2.367,0.0179,2.328,0.049,1,0.9619,0,NORMAL,58.248,0.252,1,1,1,1,1,224.9,87,2,dijkstra,fallback_centerline,0.39267,0,,,,,,0,,,,193022,117647,1641
1170,239.00858736038208,2026-03-06T12:48:16.893895,122.95,0.0,8.77,17.75,14.56,0.0,0.0,184.71,5.02,0.592,1.057,STRAIGHT,1.5,1.5,"CMD,1.1,1.50",2.687,-0.0082,2.665,-0.029,1,0.9737,0,NORMAL,58.958,0.283,1,1,1,1,1,224.9,91,4,dijkstra,fallback_centerline,0.40715,0,,,,,,0,,,,197061,122002,2105
1171,239.20567798614502,2026-03-06T12:48:17.090985,121.87,0.0,8.5,16.97,13.2,0.0,1.01,177.25,5.02,0.247,0.592,STRAIGHT,1.5,1.5,"CMD,0.6,1.50",3.251,-0.0107,3.242,-0.056,1,0.982,0,NORMAL,59.702,0.088,1,1,1,1,1,225.0,78,3,dijkstra,fallback_centerline,0.39488,0,,,,,,0,,,,196701,118184,1709
1172,239.41016626358032,2026-03-06T12:48:17.295473,121.81,0.0,8.99,19.64,13.56,0.0,0.0,183.57,5.02,0.054,0.247,STRAIGHT,1.5,1.5,"CMD,0.2,1.50",3.629,-0.008,3.624,-0.053,1,0.9839,0,NORMAL,59.334,0.066,1,1,1,1,1,225.0,107,4,dijkstra,fallback_centerline,0.40855,0,,,,,,0,,,,197424,122251,2056
1173,239.61527800559998,2026-03-06T12:48:17.500585,119.23,0.0,10.99,19.66,14.53,0.0,0.0,184.23,5.01,-0.027,0.054,STRAIGHT,1.5,1.5,"CMD,0.1,1.50",3.908,-0.0046,3.905,-0.035,1,0.9893,0,NORMAL,59.626,0.065,1,1,1,1,1,224.9,108,5,dijkstra,fallback_centerline,0.41626,0,,,,,,0,,,,198697,124574,2209
1174,239.8187940120697,2026-03-06T12:48:17.704101,120.34,0.0,2.85,20.27,14.67,0.0,0.0,183.41,5.01,-0.052,-0.027,STRAIGHT,1.5,1.5,"CMD,-0.0,1.50",4.0,-0.0025,3.999,-0.02,1,0.9867,0,NORMAL,59.921,0.061,1,1,1,1,1,225.0,100,8,dijkstra,fallback_centerline,0.42926,0,,,,,,0,,,,199929,128430,2483
1175,240.02237558364868,2026-03-06T12:48:17.907683,122.03,0.0,8.8,20.65,13.18,0.0,1.0,184.95,5.0,-0.044,-0.044,STRAIGHT,1.5,1.5,"CMD,-0.0,1.50",4.0,-0.0007,3.999,-0.005,1,0.9894,0,NORMAL,59.857,-0.016,1,1,1,1,1,225.0,103,7,dijkstra,fallback_centerline,0.43217,0,,,,,,0,,,,200791,129371,2485
1176,240.2239122390747,2026-03-06T12:48:18.109219,117.81,0.0,9.1,22.29,13.89,0.0,1.0,181.94,4.99,-0.033,-0.044,STRAIGHT,1.5,1.5,"CMD,-0.0,1.50",4.0,-0.0003,3.999,-0.002,1,0.9867,0,NORMAL,59.821,-0.014,1,1,1,1,1,225.0,126,8,dijkstra,fallback_centerline,0.42944,0,,,,,,0,,,,200183,128463,2665
1177,240.4257035255432,2026-03-06T12:48:18.311011,117.95,0.0,9.02,21.06,13.88,0.0,0.0,180.92,4.99,-0.028,-0.033,STRAIGHT,1.5,1.5,"CMD,-0.0,1.50",4.0,-0.0004,4.0,-0.003,1,0.9822,0,NORMAL,60.962,-0.104,1,1,1,1,1,225.0,113,7,dijkstra,fallback_centerline,0.42521,0,,,,,,0,,,,198448,127204,2420
1178,240.62982082366943,2026-03-06T12:48:18.515128,119.23,0.0,9.02,23.21,14.55,0.0,0.0,185.07,4.98,-0.026,-0.028,STRAIGHT,1.5,1.5,"CMD,-0.0,1.50",4.0,-0.0005,4.0,-0.004,1,0.9857,0,NORMAL,60.607,-0.114,1,1,1,1,1,225.0,133,7,dijkstra,fallback_centerline,0.4419,0,,,,,,0,,,,200230,132244,2786
1179,240.8340790271759,2026-03-06T12:48:18.719386,118.42,0.0,9.73,22.29,15.03,0.0,0.0,184.51,4.98,-0.028,-0.028,STRAIGHT,1.5,1.5,"CMD,-0.0,1.50",4.0,-0.0008,4.0,-0.006,1,0.9822,0,NORMAL,60.337,-0.142,1,1,1,1,1,225.0,129,5,dijkstra,fallback_centerline,0.42374,0,,,,,,0,,,,198780,126874,2370
1180,241.0328245162964,2026-03-06T12:48:18.918132,117.23,0.0,9.5,18.8,14.6,0.0,0.0,178.13,4.99,-0.018,-0.026,STRAIGHT,1.5,1.5,"CMD,-0.0,1.50",4.0,0.0,4.0,0.0,1,0.9818,0,NORMAL,61.202,-0.137,1,1,1,1,1,225.0,97,7,dijkstra,fallback_centerline,0.43959,0,,,,,,0,,,,201315,131476,2557
1181,241.23237371444702,2026-03-06T12:48:19.117681,118.24,0.0,9.34,20.91,12.52,0.0,0.0,177.91,4.98,-0.027,-0.027,STRAIGHT,1.5,1.5,"CMD,-0.0,1.50",4.0,-0.001,4.0,-0.008,1,0.9779,0,NORMAL,61.644,-0.164,1,1,1,1,1,225.0,111,6,dijkstra,fallback_centerline,0.42812,0,,,,,,0,,,,200444,128037,2461
1182,241.43213295936584,2026-03-06T12:48:19.317440,121.97,0.0,8.11,19.74,13.64,0.0,0.0,180.51,4.98,-0.033,-0.027,STRAIGHT,1.5,1.5,"CMD,-0.0,1.50",4.0,-0.0011,3.998,-0.009,1,0.9733,0,NORMAL,62.339,-0.342,1,1,1,1,1,225.0,90,4,dijkstra,fallback_centerline,0.42781,0,,,,,,0,,,,199704,128135,2049
1183,241.63090085983276,2026-03-06T12:48:19.516208,122.05,0.0,9.73,15.34,13.43,0.0,0.0,178.77,4.98,-0.048,-0.033,STRAIGHT,1.5,1.5,"CMD,-0.0,1.50",4.0,-0.0019,3.997,-0.015,1,0.981,0,NORMAL,63.786,-0.303,1,1,1,1,1,225.0,73,2,dijkstra,fallback_centerline,0.41145,0,,,,,,0,,,,198606,123226,1638
1184,241.83684659004211,2026-03-06T12:48:19.722154,119.91,0.0,9.6,22.73,14.51,0.0,0.0,184.8,4.97,-0.077,-0.048,STRAIGHT,1.5,1.5,"CMD,-0.0,1.50",4.0,-0.0033,3.996,-0.026,1,0.9791,0,NORMAL,62.534,-0.42,1,1,1,1,1,225.0,127,5,dijkstra,fallback_centerline,0.4345,0,,,,,,0,,,,201459,130037,2566
1185,242.04645681381226,2026-03-06T12:48:19.931764,123.12,0.0,10.22,23.15,13.23,0.0,0.0,189.0,4.96,-0.123,-0.077,STRAIGHT,1.5,1.5,"CMD,-0.1,1.50",4.0,-0.0052,3.995,-0.042,1,0.9727,0,NORMAL,63.151,-0.406,1,1,1,1,1,225.0,126,9,dijkstra,fallback_centerline,0.46105,0,,,,,,0,,,,199866,138043,3031
1186,242.24863862991333,2026-03-06T12:48:20.133946,121.81,0.0,10.6,19.59,11.66,0.0,0.0,181.19,4.97,-0.183,-0.123,STRAIGHT,1.5,1.5,"CMD,-0.1,1.50",4.0,-0.0073,3.996,-0.058,1,0.9816,0,NORMAL,63.054,-0.392,1,1,1,1,1,225.0,113,6,dijkstra,fallback_centerline,0.45256,0,,,,,,0,,,,199998,135516,2573
1187,242.45568346977234,2026-03-06T12:48:20.340990,120.13,0.0,11.59,23.7,13.17,0.0,0.0,186.92,4.97,-0.244,-0.183,STRAIGHT,1.5,1.5,"CMD,-0.2,1.50",4.0,-0.0089,3.996,-0.071,1,0.9836,0,NORMAL,63.291,-0.417,1,1,1,1,1,225.0,133,10,dijkstra,fallback_centerline,0.46,0,,,,,,0,,,,201391,137673,2951
1188,242.65969395637512,2026-03-06T12:48:20.545001,119.54,0.0,10.45,22.84,14.22,0.0,0.0,184.37,4.97,-0.303,-0.244,STRAIGHT,1.5,1.5,"CMD,-0.2,1.50",4.0,-0.0101,3.996,-0.081,1,0.9801,0,NORMAL,62.964,-0.398,1,1,1,1,1,225.0,126,13,dijkstra,fallback_centerline,0.46659,0,,,,,,0,,,,203956,139725,3217
1189,242.86563277244568,2026-03-06T12:48:20.750940,121.76,0.0,9.01,22.41,13.81,0.0,0.0,184.88,4.96,-0.356,-0.303,STRAIGHT,1.5,1.5,"CMD,-0.3,1.50",4.0,-0.0112,3.996,-0.09,1,0.9819,0,NORMAL,63.592,-0.406,1,1,1,1,1,225.0,111,10,dijkstra,fallback_centerline,0.4639,0,,,,,,0,,,,202387,138932,3096
1190,243.07502126693726,2026-03-06T12:48:20.960328,119.15,0.0,8.52,25.24,14.22,0.0,0.0,187.23,4.95,-0.426,-0.356,STRAIGHT,1.5,1.5,"CMD,-0.4,1.50",4.0,-0.0137,3.996,-0.11,1,0.9833,0,NORMAL,63.38,-0.394,1,1,1,1,1,225.0,148,11,dijkstra,fallback_centerline,0.4668,0,,,,,,0,,,,201694,139597,3240
1191,243.28274393081665,2026-03-06T12:48:21.168051,118.72,0.0,11.41,23.17,14.07,0.0,1.0,186.77,4.95,-0.481,-0.426,STRAIGHT,1.5,1.5,"CMD,-0.4,1.50",4.0,-0.0143,3.996,-0.114,1,0.9818,0,NORMAL,63.018,-0.436,1,1,1,1,1,225.0,135,10,dijkstra,fallback_centerline,0.46535,0,,,,,,0,,,,200935,139267,3270
1192,243.4879264831543,2026-03-06T12:48:21.373234,120.24,0.0,11.07,21.37,13.86,0.0,0.0,185.62,4.94,-0.542,-0.481,STRAIGHT,1.5,1.5,"CMD,-0.5,1.50",4.0,-0.0161,3.995,-0.129,1,0.966,0,NORMAL,62.907,-0.482,1,1,1,1,1,225.0,118,6,dijkstra,fallback_centerline,0.44085,0,,,,,,0,,,,202086,131894,2282
1193,243.70263123512268,2026-03-06T12:48:21.587938,124.19,0.0,8.52,29.09,13.99,0.0,0.0,194.1,4.93,-0.603,-0.542,STRAIGHT,1.5,1.5,"CMD,-0.5,1.50",3.984,-0.0175,3.978,-0.139,1,0.96,0,NORMAL,64.5,-0.601,1,1,1,1,1,225.0,172,12,dijkstra,fallback_centerline,0.47806,0,,,,,,0,,,,204735,142851,3582
1194,243.9130117893219,2026-03-06T12:48:21.798319,128.17,0.0,10.0,17.27,15.06,0.0,0.0,189.33,4.92,-0.668,-0.603,STRAIGHT,1.5,1.5,"CMD,-0.6,1.50",3.755,-0.0194,3.748,-0.136,1,0.9683,0,NORMAL,63.875,-0.522,1,1,1,1,1,225.0,107,3,dijkstra,fallback_centerline,0.43068,0,,,,,,0,,,,200944,128818,2048
1195,244.1288034915924,2026-03-06T12:48:22.014110,123.76,0.0,9.52,28.36,13.52,0.0,0.0,193.96,4.9,-0.755,-0.668,STRAIGHT,1.5,1.5,"CMD,-0.7,1.50",3.453,-0.0225,3.445,-0.134,1,0.9731,0,NORMAL,63.894,-0.555,1,1,1,1,1,224.9,166,10,dijkstra,fallback_centerline,0.46853,0,,,,,,0,,,,201825,140263,3239
1196,244.3458766937256,2026-03-06T12:48:22.231184,120.52,0.0,9.2,35.98,13.94,0.0,0.0,196.44,4.88,-0.85,-0.755,STRAIGHT,1.5,1.5,"CMD,-0.8,1.50",3.228,-0.0253,3.217,-0.131,1,0.9819,0,NORMAL,64.598,-0.582,1,1,1,1,1,225.0,244,11,dijkstra,fallback_centerline,0.47618,0,,,,,,0,,,,203575,142587,3907
1197,244.56183624267578,2026-03-06T12:48:22.447143,120.1,0.0,9.24,34.79,14.51,0.0,0.0,196.45,4.87,-0.938,-0.85,STRAIGHT,1.5,1.5,"CMD,-0.9,1.50",3.103,-0.027,3.091,-0.129,1,0.9674,0,NORMAL,61.739,-0.48,1,1,1,1,1,225.0,215,12,dijkstra,fallback_centerline,0.47955,0,,,,,,0,,,,206738,143386,3990
1198,244.76759243011475,2026-03-06T12:48:22.652900,119.13,0.0,7.82,28.67,10.6,0.0,0.0,185.33,4.86,-1.035,-0.938,STRAIGHT,1.5,1.5,"CMD,-0.9,1.50",2.936,-0.0297,2.921,-0.127,1,0.9774,0,NORMAL,61.157,-0.394,1,1,1,1,1,224.9,167,8,dijkstra,fallback_centerline,0.45558,0,,,,,,0,,,,206428,136160,3299
1199,244.98082089424133,2026-03-06T12:48:22.866128,120.93,0.0,9.97,25.03,14.58,0.0,0.0,189.58,4.85,-1.124,-1.035,STRAIGHT,1.5,1.5,"CMD,-1.0,1.50",2.848,-0.0316,2.831,-0.127,1,0.9803,0,NORMAL,60.492,-0.36,1,1,1,1,1,224.9,145,6,dijkstra,fallback_centerline,0.47287,0,,,,,,0,,,,209668,141287,3298
1200,245.18895363807678,2026-03-06T12:48:23.074261,120.05,0.0,8.58,23.63,14.23,0.0,0.0,185.14,4.85,-1.205,-1.124,STRAIGHT,1.5,1.5,"CMD,-1.1,1.50",2.788,-0.0331,2.769,-0.127,1,0.9747,0,NORMAL,59.87,-0.352,1,1,1,1,1,224.8,142,7,dijkstra,fallback_centerline,0.46215,0,,,,,,0,,,,211408,138151,3086
1201,245.40225863456726,2026-03-06T12:48:23.287566,121.74,0.0,10.03,28.06,13.61,0.0,0.0,192.68,4.84,-1.271,-1.205,STRAIGHT,1.5,1.5,"CMD,-1.2,1.50",2.769,-0.034,2.75,-0.129,1,0.9901,0,NORMAL,59.822,-0.357,1,1,1,1,1,224.8,165,9,dijkstra,fallback_centerline,0.4599,0,,,,,,0,,,,211068,137576,3243
1202,245.61779356002808,2026-03-06T12:48:23.503101,123.0,0.0,9.98,29.09,13.85,0.0,0.0,194.05,4.83,-1.337,-1.271,STRAIGHT,1.5,1.5,"CMD,-1.3,1.50",2.781,-0.0356,2.762,-0.136,1,0.9841,0,NORMAL,58.109,-0.311,1,1,1,1,1,224.6,154,8,dijkstra,fallback_centerline,0.458,0,,,,,,0,,,,209886,136818,3162
1203,245.8263647556305,2026-03-06T12:48:23.711672,119.87,0.0,8.6,24.65,14.34,0.0,0.0,186.46,4.83,-1.396,-1.337,STRAIGHT,1.5,1.5,"CMD,-1.3,1.50",2.772,-0.0367,2.753,-0.139,1,0.9871,0,NORMAL,57.912,-0.307,1,1,1,1,1,224.5,142,8,dijkstra,fallback_centerline,0.45853,0,,,,,,0,,,,210017,137204,3115
1204,246.0375030040741,2026-03-06T12:48:23.922810,121.26,0.0,11.12,27.25,14.58,0.0,0.0,190.95,4.82,-1.448,-1.396,STRAIGHT,1.5,1.5,"CMD,-1.4,1.50",2.761,-0.0376,2.741,-0.142,1,0.978,0,NORMAL,57.263,-0.244,1,1,1,1,1,224.0,165,9,dijkstra,fallback_centerline,0.46163,0,,,,,,0,,,,211675,138145,3318
1205,246.24746870994568,2026-03-06T12:48:24.132776,119.82,0.0,10.03,26.98,13.8,0.0,0.0,188.52,4.81,-1.496,-1.448,STRAIGHT,1.5,1.5,"CMD,-1.4,1.50",2.754,-0.0386,2.734,-0.145,1,0.9849,0,NORMAL,56.519,-0.256,1,1,1,1,1,224.1,153,7,dijkstra,fallback_centerline,0.4644,0,,,,,,0,,,,212050,138910,3243
1206,246.45754861831665,2026-03-06T12:48:24.342856,120.55,0.0,9.18,25.62,15.19,0.0,0.0,190.0,4.81,-1.547,-1.496,STRAIGHT,1.5,1.5,"CMD,-1.5,1.50",2.748,-0.04,2.728,-0.149,1,0.9796,0,NORMAL,54.025,-0.239,1,1,1,1,1,224.2,153,7,dijkstra,fallback_centerline,0.47048,0,,,,,,0,,,,215467,140535,3247
1207,246.6667275428772,2026-03-06T12:48:24.552035,121.61,0.0,8.97,25.1,12.88,0.0,0.0,188.56,4.8,-1.59,-1.547,STRAIGHT,1.5,1.5,"CMD,-1.5,1.50",2.745,-0.0407,2.725,-0.151,1,0.9788,0,NORMAL,53.824,-0.242,1,1,1,1,1,224.4,143,6,dijkstra,fallback_centerline,0.46552,0,,,,,,0,,,,213720,139075,3176
1208,246.87212014198303,2026-03-06T12:48:24.757427,120.64,0.0,9.08,23.03,13.05,0.0,0.0,184.62,4.8,-1.624,-1.59,STRAIGHT,1.5,1.5,"CMD,-1.6,1.50",2.745,-0.041,2.724,-0.153,1,0.9791,0,NORMAL,52.587,-0.239,1,1,1,1,1,224.4,128,7,dijkstra,fallback_centerline,0.46388,0,,,,,,0,,,,214502,138695,3136
1209,247.08021211624146,2026-03-06T12:48:24.965519,123.39,0.0,9.62,23.74,14.54,0.0,0.0,188.63,4.8,-1.648,-1.624,STRAIGHT,1.5,1.5,"CMD,-1.6,1.50",2.745,-0.0411,2.724,-0.153,1,0.9731,0,NORMAL,52.828,-0.214,1,1,1,1,1,224.3,130,10,dijkstra,fallback_centerline,0.47068,0,,,,,,0,,,,217580,140686,3387
1210,247.28678822517395,2026-03-06T12:48:25.172095,119.34,0.0,8.69,21.55,14.57,0.0,0.0,183.29,4.79,-1.667,-1.648,STRAIGHT,1.5,1.5,"CMD,-1.6,1.50",2.744,-0.0414,2.724,-0.154,1,0.974,0,NORMAL,52.659,-0.253,1,1,1,1,1,224.2,138,10,dijkstra,fallback_centerline,0.47124,0,,,,,,0,,,,217778,140817,3470
1211,247.49538254737854,2026-03-06T12:48:25.380690,122.97,0.0,9.51,26.13,13.31,0.0,0.0,188.58,4.78,-1.679,-1.667,STRAIGHT,1.5,1.5,"CMD,-1.7,1.50",2.745,-0.0413,2.725,-0.154,1,0.9802,0,NORMAL,52.28,-0.239,1,1,1,1,1,224.3,148,10,dijkstra,fallback_centerline,0.47072,0,,,,,,0,,,,216761,140621,3623
1212,247.70228385925293,2026-03-06T12:48:25.587591,123.09,0.0,8.52,23.95,13.03,0.0,0.0,185.86,4.78,-1.689,-1.679,STRAIGHT,1.5,1.5,"CMD,-1.7,1.50",2.744,-0.0415,2.724,-0.154,1,0.9613,0,NORMAL,52.452,-0.277,1,1,1,1,1,224.2,141,10,dijkstra,fallback_centerline,0.47787,0,,,,,,0,,,,219944,142633,3606
1213,247.91394901275635,2026-03-06T12:48:25.799256,126.01,0.0,9.38,22.7,13.8,0.0,0.0,189.97,4.77,-1.697,-1.689,STRAIGHT,1.5,1.5,"CMD,-1.7,1.50",2.744,-0.0415,2.724,-0.155,1,0.9632,0,NORMAL,52.334,-0.256,1,1,1,1,1,224.2,114,7,dijkstra,fallback_centerline,0.48519,0,,,,,,0,,,,225133,144920,3498
1214,248.12934470176697,2026-03-06T12:48:26.014652,123.06,0.0,9.53,28.15,15.46,0.0,0.0,193.73,4.77,-1.703,-1.697,STRAIGHT,1.5,1.5,"CMD,-1.7,1.50",2.744,-0.0416,2.724,-0.155,1,0.9664,0,NORMAL,52.525,-0.249,1,1,1,1,1,224.2,167,9,dijkstra,fallback_centerline,0.49862,0,,,,,,0,,,,226749,148723,4141
1215,248.33285093307495,2026-03-06T12:48:26.218158,117.69,0.0,9.82,23.34,12.55,0.0,0.0,182.31,4.77,-1.707,-1.703,STRAIGHT,1.5,1.5,"CMD,-1.7,1.50",2.744,-0.0416,2.724,-0.155,1,0.9681,0,NORMAL,51.127,-0.213,1,1,1,1,1,224.2,131,11,dijkstra,fallback_centerline,0.4856,0,,,,,,0,,,,223955,144985,3545
1216,248.53750252723694,2026-03-06T12:48:26.422810,122.7,0.0,9.2,21.17,13.91,0.0,0.0,185.73,4.77,-1.71,-1.707,STRAIGHT,1.5,1.5,"CMD,-1.7,1.50",2.744,-0.0416,2.724,-0.155,1,0.9658,0,NORMAL,51.223,-0.222,1,1,1,1,1,224.2,110,7,dijkstra,fallback_centerline,0.4762,0,,,,,,0,,,,221864,142245,3298
1217,248.75056290626526,2026-03-06T12:48:26.635870,121.03,0.0,9.79,27.79,14.13,0.0,1.0,192.89,4.76,-1.712,-1.71,STRAIGHT,1.5,1.5,"CMD,-1.7,1.50",2.744,-0.0416,2.724,-0.155,1,0.9229,0,NORMAL,50.901,-0.213,1,1,1,1,1,224.2,162,11,dijkstra,fallback_centerline,0.49502,0,,,,,,0,,,,235046,147956,3988
1218,248.95361852645874,2026-03-06T12:48:26.838926,123.27,0.0,9.87,19.08,12.58,0.0,0.0,183.11,4.76,-1.72,-1.712,STRAIGHT,1.5,1.5,"CMD,-1.7,1.50",2.743,-0.0421,2.723,-0.156,1,0.9242,0,NORMAL,50.921,-0.216,1,1,1,1,1,224.0,112,8,dijkstra,fallback_centerline,0.49004,0,,,,,,0,,,,238971,146425,3499
1219,249.17090892791748,2026-03-06T12:48:27.056216,130.32,0.0,9.9,22.45,13.61,0.0,0.0,196.04,4.76,-1.731,-1.72,STRAIGHT,1.5,1.5,"CMD,-1.7,1.50",2.747,-0.0426,2.726,-0.159,1,0.9699,0,NORMAL,50.632,-0.206,1,1,1,1,1,224.2,116,9,dijkstra,fallback_centerline,0.48919,0,,,,,,0,,,,239451,146140,3578
1220,249.38566327095032,2026-03-06T12:48:27.270971,120.88,0.0,9.16,29.65,14.12,0.0,0.0,192.98,4.75,-1.746,-1.731,STRAIGHT,1.5,1.5,"CMD,-1.7,1.50",2.743,-0.043,2.722,-0.16,1,0.9026,0,NORMAL,50.82,-0.242,1,1,1,1,1,224.1,171,8,dijkstra,fallback_centerline,0.4705,0,,,,,,0,,,,218945,140595,3815
1221,249.6001353263855,2026-03-06T12:48:27.485442,119.78,0.0,10.25,31.18,13.51,0.0,0.0,193.57,4.74,-1.759,-1.746,STRAIGHT,1.5,1.5,"CMD,-1.7,1.50",2.734,-0.0433,2.713,-0.16,1,0.9182,0,NORMAL,50.882,-0.257,1,1,1,1,1,224.3,193,9,dijkstra,fallback_centerline,0.48012,0,,,,,,0,,,,230499,143450,3988
1222,249.80555367469788,2026-03-06T12:48:27.690861,118.97,0.0,9.12,23.1,14.66,0.0,0.0,184.12,4.75,-1.77,-1.759,STRAIGHT,1.5,1.5,"CMD,-1.8,1.50",2.729,-0.0435,2.708,-0.16,1,0.9038,0,NORMAL,50.939,-0.232,1,1,1,1,1,224.2,127,10,dijkstra,fallback_centerline,0.45986,0,,,,,,0,,,,209976,137431,3468
1223,250.01195096969604,2026-03-06T12:48:27.897258,121.77,0.0,9.1,22.98,13.75,0.0,0.0,185.01,4.75,-1.776,-1.77,STRAIGHT,1.5,1.5,"CMD,-1.8,1.50",2.726,-0.0433,2.704,-0.159,1,0.9426,0,NORMAL,50.396,-0.226,1,1,1,1,1,224.5,116,9,dijkstra,fallback_centerline,0.45068,0,,,,,,0,,,,203244,134818,3466
1224,250.2164170742035,2026-03-06T12:48:28.101724,119.06,0.0,12.41,20.04,14.02,0.0,0.0,183.42,4.76,-1.783,-1.776,STRAIGHT,1.5,1.5,"CMD,-1.8,1.50",2.727,-0.0436,2.706,-0.16,1,0.9616,0,NORMAL,50.278,-0.225,1,1,1,1,1,224.5,104,6,dijkstra,fallback_centerline,0.44095,0,,,,,,0,,,,197019,131906,2737
1225,250.41929697990417,2026-03-06T12:48:28.304604,117.73,0.0,8.74,25.65,10.53,0.0,0.0,181.85,4.77,-1.786,-1.783,STRAIGHT,1.5,1.5,"CMD,-1.8,1.50",2.727,-0.0434,2.705,-0.159,1,0.9659,0,NORMAL,50.419,-0.249,1,1,1,1,1,224.5,150,9,dijkstra,fallback_centerline,0.44163,0,,,,,,0,,,,200165,132012,3065
1226,250.62711429595947,2026-03-06T12:48:28.512421,117.65,0.0,9.45,24.09,13.13,0.0,1.01,184.8,4.78,-1.782,-1.783,STRAIGHT,1.5,1.5,"CMD,-1.8,1.50",2.727,-0.0431,2.706,-0.158,1,0.9554,0,NORMAL,50.084,-0.232,1,1,1,1,1,224.8,132,10,dijkstra,fallback_centerline,0.45116,0,,,,,,0,,,,205577,134866,3390
1227,250.83667063713074,2026-03-06T12:48:28.721978,125.65,0.0,8.7,20.49,13.32,0.0,0.0,187.57,4.78,-1.77,-1.782,STRAIGHT,1.5,1.5,"CMD,-1.8,1.50",2.75,-0.0423,2.73,-0.158,1,0.9594,0,NORMAL,50.085,-0.226,1,1,1,1,1,224.8,117,9,dijkstra,fallback_centerline,0.43702,0,,,,,,0,,,,199636,130728,2723
1228,251.06778955459595,2026-03-06T12:48:28.953097,142.1,0.0,9.49,26.11,12.18,0.0,0.0,210.31,4.76,-1.754,-1.77,STRAIGHT,1.5,1.5,"CMD,-1.8,1.50",2.746,-0.0417,2.726,-0.156,1,0.9748,0,NORMAL,50.268,-0.242,1,1,1,1,1,224.9,177,14,dijkstra,fallback_centerline,0.4606,0,,,,,,0,,,,199184,137565,3791
1229,251.31069350242615,2026-03-06T12:48:29.196000,144.88,0.0,9.58,30.56,14.13,0.0,0.0,218.81,4.74,-1.726,-1.754,STRAIGHT,1.5,1.5,"CMD,-1.8,1.50",2.789,-0.0405,2.77,-0.156,1,0.9788,0,NORMAL,50.168,-0.23,1,1,1,1,1,224.9,181,12,dijkstra,fallback_centerline,0.45893,0,,,,,,0,,,,198902,137261,3758
1230,251.5356719493866,2026-03-06T12:48:29.420979,132.88,0.0,8.61,29.44,14.31,0.0,0.0,203.05,4.73,-1.69,-1.726,STRAIGHT,1.5,1.5,"CMD,-1.7,1.50",2.833,-0.0392,2.815,-0.156,1,0.9747,0,NORMAL,50.338,-0.251,1,1,1,1,1,224.9,167,9,dijkstra,fallback_centerline,0.4549,0,,,,,,0,,,,196850,136137,3593
1231,251.73128366470337,2026-03-06T12:48:29.616591,111.95,0.0,9.16,21.3,14.12,0.0,0.0,174.45,4.74,-1.642,-1.69,STRAIGHT,1.5,1.5,"CMD,-1.7,1.50",2.886,-0.0375,2.869,-0.155,1,0.9656,0,NORMAL,50.651,-0.282,1,1,1,1,1,224.9,132,6,dijkstra,fallback_centerline,0.42876,0,,,,,,0,,,,195268,128378,2449
1232,251.9540102481842,2026-03-06T12:48:29.839317,145.28,0.0,9.06,16.53,11.07,0.0,0.0,202.0,4.73,-1.464,-1.642,STRAIGHT,1.5,1.5,"CMD,-1.6,1.50",3.283,-0.0269,3.274,-0.144,1,0.9673,0,NORMAL,50.964,-0.303,1,1,1,1,2,420.6,95,4,dijkstra,graph,0.41564,0,,,,,,0,,,,193055,124514,2150
1233,252.16167879104614,2026-03-06T12:48:30.046986,129.04,0.0,8.57,19.14,13.02,0.0,0.0,189.33,4.74,-1.379,-1.464,STRAIGHT,1.5,1.5,"CMD,-1.5,1.50",3.186,-0.0293,3.175,-0.148,1,0.966,0,NORMAL,50.219,-0.226,1,1,1,1,1,224.9,95,5,dijkstra,fallback_centerline,0.4201,0,,,,,,0,,,,194212,125890,2334
1234,252.3638198375702,2026-03-06T12:48:30.249127,118.85,0.0,9.28,21.21,13.78,0.0,0.0,180.78,4.74,-1.313,-1.379,STRAIGHT,1.5,1.5,"CMD,-1.4,1.50",3.192,-0.0286,3.181,-0.145,1,0.9604,0,NORMAL,50.714,-0.298,1,1,1,1,1,224.9,125,5,dijkstra,fallback_centerline,0.41428,0,,,,,,0,,,,195115,124041,2206
1235,252.568687915802,2026-03-06T12:48:30.453995,119.0,0.0,8.61,22.82,13.17,0.0,0.0,183.86,4.75,-1.222,-1.313,STRAIGHT,1.5,1.5,"CMD,-1.3,1.50",3.292,-0.0252,3.283,-0.136,1,0.9687,0,NORMAL,51.103,-0.363,1,1,1,1,1,225.0,125,8,dijkstra,fallback_centerline,0.42271,0,,,,,,0,,,,191857,126343,2513
1236,252.77391028404236,2026-03-06T12:48:30.659217,116.57,0.0,9.39,27.54,13.44,0.0,0.0,184.98,4.75,-1.121,-1.222,STRAIGHT,1.5,1.5,"CMD,-1.2,1.50",3.39,-0.0223,3.382,-0.128,1,0.9775,0,NORMAL,51.47,-0.374,1,1,1,1,1,225.0,163,11,dijkstra,fallback_centerline,0.44353,0,,,,,,0,,,,192342,132800,3513
1237,252.97956252098083,2026-03-06T12:48:30.864870,122.21,0.0,8.25,23.33,12.81,0.0,1.01,185.81,4.75,-0.99,-1.121,STRAIGHT,1.5,1.5,"CMD,-1.1,1.50",3.572,-0.0177,3.567,-0.112,1,0.9724,0,NORMAL,52.195,-0.458,1,1,1,1,1,225.0,123,8,dijkstra,fallback_centerline,0.39535,0,,,,,,0,,,,189363,118294,2442
1238,253.19762110710144,2026-03-06T12:48:31.082928,130.67,0.0,8.75,26.9,13.69,0.0,0.0,198.34,4.74,-0.856,-0.99,STRAIGHT,1.5,1.5,"CMD,-1.0,1.50",3.69,-0.0142,3.686,-0.097,1,0.9702,0,NORMAL,52.905,-0.437,1,1,1,1,1,225.0,149,12,dijkstra,fallback_centerline,0.46107,0,,,,,,0,,,,192464,137832,3431
1239,253.42305421829224,2026-03-06T12:48:31.308361,133.17,0.0,10.05,33.53,13.14,0.0,0.0,207.66,4.73,-0.725,-0.856,STRAIGHT,1.5,1.5,"CMD,-0.9,1.50",3.828,-0.0112,3.825,-0.082,1,0.9803,0,NORMAL,53.539,-0.447,1,1,1,1,1,225.0,197,12,dijkstra,fallback_centerline,0.44806,0,,,,,,0,,,,190999,133885,3613
1240,253.64216351509094,2026-03-06T12:48:31.527471,132.96,0.0,9.99,21.47,12.93,0.0,0.0,197.18,4.72,-0.607,-0.725,STRAIGHT,1.5,1.5,"CMD,-0.7,1.50",3.955,-0.009,3.952,-0.07,1,0.9619,0,NORMAL,54.12,-0.446,1,1,1,1,1,225.0,125,6,dijkstra,fallback_centerline,0.37721,0,,,,,,0,,,,185058,112923,2409
1241,253.86183094978333,2026-03-06T12:48:31.747138,135.59,0.0,9.97,19.92,12.59,0.0,0.0,199.26,4.71,-0.502,-0.607,STRAIGHT,1.5,1.5,"CMD,-0.6,1.50",4.0,-0.0071,3.998,-0.057,1,0.9887,0,NORMAL,54.463,-0.377,1,1,1,1,1,225.0,107,5,dijkstra,fallback_centerline,0.37521,0,,,,,,0,,,,184843,112361,2094
1242,254.07889604568481,2026-03-06T12:48:31.964203,136.46,0.0,8.85,17.06,13.02,0.0,1.01,196.62,4.7,-0.288,-0.502,STRAIGHT,1.5,1.5,"CMD,-0.5,1.50",4.0,0.0034,3.999,0.027,1,0.9839,0,NORMAL,55.004,-0.331,1,1,1,1,2,365.2,98,5,dijkstra,graph,0.37895,0,,,,,,0,,,,185485,113301,2179
1243,254.3025028705597,2026-03-06T12:48:32.187810,142.31,0.0,9.33,20.77,12.54,0.0,0.0,202.1,4.7,-0.17,-0.288,STRAIGHT,1.5,1.5,"CMD,-0.3,1.50",4.0,0.0016,3.999,0.013,1,0.9811,0,NORMAL,56.084,-0.353,1,1,1,1,1,224.9,118,7,dijkstra,fallback_centerline,0.37789,0,,,,,,0,,,,185281,113002,2383
1244,254.53372645378113,2026-03-06T12:48:32.419034,145.48,0.0,9.87,24.34,12.66,0.0,0.0,211.74,4.68,-0.093,-0.17,STRAIGHT,1.5,1.5,"CMD,-0.2,1.50",4.0,0.0014,4.0,0.011,1,0.9747,0,NORMAL,57.415,-0.399,1,1,1,1,1,225.0,138,7,dijkstra,fallback_centerline,0.372,0,,,,,,0,,,,184809,111047,2416
1245,254.7549479007721,2026-03-06T12:48:32.640255,132.67,0.0,9.3,22.85,13.14,0.0,0.0,199.98,4.66,-0.043,-0.093,STRAIGHT,1.5,1.5,"CMD,-0.1,1.50",4.0,0.0014,4.0,0.011,1,0.9814,0,NORMAL,57.736,-0.357,1,1,1,1,1,225.0,136,9,dijkstra,fallback_centerline,0.35764,0,,,,,,0,,,,183333,106889,2431
1246,254.96388053894043,2026-03-06T12:48:32.849188,127.92,0.0,9.03,20.35,11.45,0.0,1.5,188.97,4.67,0.019,-0.043,STRAIGHT,1.5,1.5,"CMD,-0.0,1.50",4.0,0.0035,4.0,0.028,1,0.9794,0,NORMAL,58.242,-0.254,1,1,1,1,1,225.0,113,5,dijkstra,fallback_centerline,0.35479,0,,,,,,0,,,,185116,106192,2171
1247,255.1603662967682,2026-03-06T12:48:33.045673,118.25,0.0,8.15,20.49,11.91,0.0,0.0,177.97,4.67,0.083,0.019,STRAIGHT,1.5,1.5,"CMD,0.0,1.50",4.0,0.0051,4.0,0.041,1,0.9678,0,NORMAL,60.983,-0.406,1,1,1,1,1,225.0,115,5,dijkstra,fallback_centerline,0.36031,0,,,,,,0,,,,183902,107597,2174
1248,255.35559606552124,2026-03-06T12:48:33.240903,116.25,0.0,9.16,19.39,12.08,0.0,0.0,174.51,4.69,0.14,0.083,STRAIGHT,1.5,1.5,"CMD,0.1,1.50",4.0,0.0062,3.999,0.049,1,0.9681,0,NORMAL,62.91,-0.518,1,1,1,1,1,225.0,114,7,dijkstra,fallback_centerline,0.35744,0,,,,,,0,,,,180921,106982,2206
1249,255.55528807640076,2026-03-06T12:48:33.440595,118.23,0.0,8.83,21.17,12.67,0.0,0.0,179.58,4.7,0.211,0.14,STRAIGHT,1.5,1.5,"CMD,0.1,1.50",4.0,0.0085,3.999,0.068,1,0.9779,0,NORMAL,63.323,-0.565,1,1,1,1,1,225.0,125,6,dijkstra,fallback_centerline,0.36134,0,,,,,,0,,,,182957,108030,2317
1250,255.75720858573914,2026-03-06T12:48:33.642516,120.52,0.0,9.1,21.09,12.02,0.0,0.0,181.63,4.71,0.279,0.211,STRAIGHT,1.5,1.5,"CMD,0.2,1.50",4.0,0.01,3.998,0.08,1,0.9848,0,NORMAL,63.594,-0.573,1,1,1,1,1,225.0,112,8,dijkstra,fallback_centerline,0.36628,0,,,,,,0,,,,183181,109652,2373
1251,255.95254826545715,2026-03-06T12:48:33.837855,117.76,0.0,10.06,18.85,10.36,0.0,1.12,176.02,4.72,0.347,0.279,STRAIGHT,1.5,1.5,"CMD,0.3,1.50",4.0,0.0117,3.998,0.094,1,0.9875,0,NORMAL,64.476,-0.592,1,1,1,1,1,225.0,123,8,dijkstra,fallback_centerline,0.35926,0,,,,,,0,,,,182538,107468,2316
1252,256.1444306373596,2026-03-06T12:48:34.029738,122.75,0.0,9.02,18.9,10.37,0.0,0.32,175.84,4.73,0.402,0.347,STRAIGHT,1.5,1.5,"CMD,0.3,1.50",4.0,0.0124,3.998,0.099,1,0.979,0,NORMAL,65.308,-0.6,1,1,1,1,1,225.0,125,6,dijkstra,fallback_centerline,0.36023,0,,,,,,0,,,,184152,107565,2158
1253,256.3412685394287,2026-03-06T12:48:34.226576,119.01,0.0,9.52,21.03,10.82,0.0,0.0,177.63,4.73,0.458,0.402,STRAIGHT,1.5,1.5,"CMD,0.4,1.50",4.0,0.0138,3.997,0.11,1,0.9861,0,NORMAL,65.288,-0.589,1,1,1,1,1,225.0,109,5,dijkstra,fallback_centerline,0.35775,0,,,,,,0,,,,183301,106913,1917
1254,256.54168581962585,2026-03-06T12:48:34.426993,119.09,0.0,8.51,21.45,11.78,0.0,0.0,180.24,4.74,0.509,0.458,STRAIGHT,1.5,1.5,"CMD,0.5,1.50",4.0,0.0148,3.996,0.118,1,0.9825,0,NORMAL,65.155,-0.539,1,1,1,1,1,225.0,122,7,dijkstra,fallback_centerline,0.35595,0,,,,,,0,,,,183055,106306,2149
1255,256.74000787734985,2026-03-06T12:48:34.625315,118.38,0.0,9.05,19.75,12.28,0.0,0.0,178.19,4.74,0.551,0.509,STRAIGHT,1.5,1.5,"CMD,0.5,1.50",4.0,0.0154,3.996,0.123,1,0.983,0,NORMAL,65.387,-0.538,1,1,1,1,1,225.0,110,5,dijkstra,fallback_centerline,0.36357,0,,,,,,0,,,,184392,108636,1955
1256,256.9393367767334,2026-03-06T12:48:34.824644,118.16,0.0,9.94,20.26,11.7,0.0,0.0,178.56,4.75,0.583,0.551,STRAIGHT,1.5,1.5,"CMD,0.6,1.50",4.0,0.0157,3.996,0.125,1,0.9849,0,NORMAL,65.591,-0.528,1,1,1,1,1,225.0,124,7,dijkstra,fallback_centerline,0.36023,0,,,,,,0,,,,183266,107732,2221
1257,257.13660526275635,2026-03-06T12:48:35.021912,118.11,0.0,9.36,20.05,11.93,0.0,0.0,178.19,4.78,0.607,0.583,STRAIGHT,1.5,1.5,"CMD,0.6,1.50",4.0,0.0159,3.996,0.127,1,0.9893,0,NORMAL,65.962,-0.51,1,1,1,1,1,225.0,115,6,dijkstra,fallback_centerline,0.36,0,,,,,,0,,,,184077,107610,2014
1258,257.338835477829,2026-03-06T12:48:35.224143,121.94,0.0,10.93,19.57,12.57,0.0,0.0,183.53,4.81,0.627,0.607,STRAIGHT,1.5,1.5,"CMD,0.6,1.50",4.0,0.0162,3.996,0.129,1,0.9874,0,NORMAL,66.351,-0.513,1,1,1,1,1,225.0,108,6,dijkstra,fallback_centerline,0.36081,0,,,,,,0,,,,184384,108024,2136
1259,257.55370593070984,2026-03-06T12:48:35.439013,129.23,0.0,9.34,27.77,11.95,0.0,0.0,196.96,4.82,0.661,0.627,STRAIGHT,1.5,1.5,"CMD,0.6,1.50",3.828,0.0177,3.823,0.129,1,0.9867,0,NORMAL,66.302,-0.475,1,1,1,1,1,225.0,161,7,dijkstra,fallback_centerline,0.36955,0,,,,,,0,,,,185623,110658,2778
1260,257.7548463344574,2026-03-06T12:48:35.640153,118.27,0.0,9.95,21.82,13.0,0.0,0.0,180.99,4.81,0.701,0.661,STRAIGHT,1.5,1.5,"CMD,0.7,1.50",3.711,0.0189,3.706,0.13,1,0.9853,0,NORMAL,66.279,-0.474,1,1,1,1,1,225.0,126,8,dijkstra,fallback_centerline,0.37748,0,,,,,,0,,,,187461,113036,2839
1261,257.96391677856445,2026-03-06T12:48:35.849224,124.77,0.0,8.35,23.44,11.01,0.0,0.0,185.91,4.83,0.737,0.701,STRAIGHT,1.5,1.5,"CMD,0.7,1.50",3.668,0.0196,3.662,0.132,1,0.979,0,NORMAL,66.211,-0.469,1,1,1,1,1,225.0,131,9,dijkstra,fallback_centerline,0.40031,0,,,,,,0,,,,190165,119917,3157
1262,258.17492055892944,2026-03-06T12:48:36.060228,121.36,0.0,9.01,30.27,12.13,0.0,0.0,191.98,4.82,0.761,0.737,STRAIGHT,1.5,1.5,"CMD,0.7,1.50",3.654,0.0196,3.648,0.131,1,0.9792,0,NORMAL,65.828,-0.457,1,1,1,1,1,225.0,186,8,dijkstra,fallback_centerline,0.39083,0,,,,,,0,,,,189214,117069,3209
1263,258.3804383277893,2026-03-06T12:48:36.265745,122.8,0.0,9.37,23.27,11.55,0.0,1.02,185.86,4.82,0.782,0.761,STRAIGHT,1.5,1.5,"CMD,0.8,1.50",3.638,0.02,3.632,0.132,1,0.9774,0,NORMAL,65.981,-0.413,1,1,1,1,1,225.0,140,7,dijkstra,fallback_centerline,0.37021,0,,,,,,0,,,,187553,110833,2414
1264,258.5925672054291,2026-03-06T12:48:36.477874,122.72,0.0,8.44,22.88,16.63,0.0,0.0,191.25,4.82,0.794,0.782,STRAIGHT,1.5,1.5,"CMD,0.8,1.50",3.659,0.0198,3.653,0.132,1,0.9779,0,NORMAL,65.986,-0.412,1,1,1,1,1,225.0,176,10,dijkstra,fallback_centerline,0.39455,0,,,,,,0,,,,190541,118325,3152
1265,258.80037569999695,2026-03-06T12:48:36.685683,119.38,0.0,9.42,29.47,12.15,0.0,0.0,189.94,4.81,0.813,0.794,STRAIGHT,1.5,1.5,"CMD,0.8,1.50",3.583,0.0207,3.576,0.132,1,0.9867,0,NORMAL,65.996,-0.414,1,1,1,1,1,225.0,177,7,dijkstra,fallback_centerline,0.38952,0,,,,,,0,,,,190341,116612,2898
1266,259.00828742980957,2026-03-06T12:48:36.893594,120.18,0.0,9.36,28.68,12.13,0.0,0.0,188.24,4.81,0.83,0.813,STRAIGHT,1.5,1.5,"CMD,0.8,1.50",3.543,0.0209,3.536,0.131,1,0.9896,0,NORMAL,66.015,-0.4,1,1,1,1,1,225.0,178,9,dijkstra,fallback_centerline,0.39638,0,,,,,,0,,,,191268,118701,2997
1267,259.2165012359619,2026-03-06T12:48:37.101808,120.53,0.0,8.95,29.12,11.52,0.0,1.0,188.09,4.82,0.843,0.83,STRAIGHT,1.5,1.5,"CMD,0.8,1.50",3.529,0.021,3.522,0.131,1,0.985,0,NORMAL,65.667,-0.378,1,1,1,1,1,225.0,175,7,dijkstra,fallback_centerline,0.38614,0,,,,,,0,,,,191985,115486,2834
1268,259.4230434894562,2026-03-06T12:48:37.308350,114.59,0.0,14.23,28.22,11.95,0.0,0.0,187.35,4.83,0.852,0.843,STRAIGHT,1.5,1.5,"CMD,0.8,1.50",3.516,0.0211,3.509,0.13,1,0.9737,0,NORMAL,64.565,-0.34,1,1,1,1,1,225.0,170,6,dijkstra,fallback_centerline,0.37207,0,,,,,,0,,,,190051,111518,2566
1269,259.6355404853821,2026-03-06T12:48:37.520848,121.1,0.0,10.15,27.42,13.32,0.0,0.0,191.81,4.84,0.856,0.852,STRAIGHT,1.5,1.5,"CMD,0.9,1.50",3.522,0.0209,3.515,0.13,1,0.9664,0,NORMAL,63.413,-0.234,1,1,1,1,1,225.0,166,9,dijkstra,fallback_centerline,0.40364,0,,,,,,0,,,,196049,120898,2919
1270,259.84562253952026,2026-03-06T12:48:37.730930,117.68,0.0,9.74,31.13,12.95,0.0,0.0,189.09,4.85,0.858,0.856,STRAIGHT,1.5,1.5,"CMD,0.9,1.50",3.507,0.0209,3.5,0.128,1,0.9796,0,NORMAL,64.063,-0.207,1,1,1,1,1,225.0,193,8,dijkstra,fallback_centerline,0.40868,0,,,,,,0,,,,197548,122414,3047
1271,260.0586459636688,2026-03-06T12:48:37.943953,122.46,0.0,8.62,30.79,13.1,0.0,0.0,193.28,4.85,0.86,0.858,STRAIGHT,1.5,1.5,"CMD,0.9,1.50",3.501,0.0209,3.494,0.128,1,0.9874,0,NORMAL,64.111,-0.207,1,1,1,1,1,225.0,194,8,dijkstra,fallback_centerline,0.4026,0,,,,,,0,,,,196531,120637,2936
1272,260.2619688510895,2026-03-06T12:48:38.147276,119.14,0.0,9.19,25.68,10.8,0.0,0.0,183.08,4.87,0.868,0.86,STRAIGHT,1.5,1.5,"CMD,0.9,1.50",3.483,0.0214,3.476,0.13,1,0.9828,0,NORMAL,63.578,-0.162,1,1,1,1,1,225.0,174,7,dijkstra,fallback_centerline,0.39793,0,,,,,,0,,,,196062,119185,2762
1273,260.47399067878723,2026-03-06T12:48:38.359298,120.73,0.0,12.03,27.77,12.52,0.0,0.0,190.23,4.88,0.897,0.868,STRAIGHT,1.5,1.5,"CMD,0.9,1.50",3.433,0.0232,3.425,0.136,1,0.9731,0,NORMAL,64.611,-0.161,1,1,1,1,1,224.9,169,5,dijkstra,fallback_centerline,0.37764,0,,,,,,0,,,,196083,113077,2176
1274,260.68257999420166,2026-03-06T12:48:38.567887,121.35,0.0,8.98,26.24,11.65,0.0,0.0,187.61,4.89,0.911,0.897,STRAIGHT,1.5,1.5,"CMD,0.9,1.50",3.493,0.0227,3.485,0.138,1,0.9504,0,NORMAL,66.772,-0.314,1,1,1,1,1,224.9,157,8,dijkstra,fallback_centerline,0.40304,0,,,,,,0,,,,192073,120626,2959
1275,260.8982927799225,2026-03-06T12:48:38.783600,123.05,0.0,8.97,30.9,13.74,0.0,0.0,194.32,4.89,0.94,0.911,STRAIGHT,1.5,1.5,"CMD,0.9,1.50",3.418,0.0242,3.409,0.141,1,0.9437,0,NORMAL,64.425,-0.233,1,1,1,1,1,224.9,194,8,dijkstra,fallback_centerline,0.42748,0,,,,,,0,,,,201071,127996,3252
1276,261.10563230514526,2026-03-06T12:48:38.990939,119.14,0.0,8.0,28.56,12.67,0.0,0.0,187.69,4.88,0.97,0.94,STRAIGHT,1.5,1.5,"CMD,0.9,1.50",3.391,0.025,3.382,0.143,1,0.9693,0,NORMAL,63.5,-0.16,1,1,1,1,1,224.9,166,8,dijkstra,fallback_centerline,0.41502,0,,,,,,0,,,,200377,124393,2957
1277,261.3147978782654,2026-03-06T12:48:39.200105,117.94,0.0,6.89,32.74,13.66,0.0,0.0,188.43,4.87,1.002,0.97,STRAIGHT,1.5,1.5,"CMD,1.0,1.50",3.345,0.0258,3.336,0.144,1,0.9787,0,NORMAL,62.908,-0.135,1,1,1,1,1,224.9,176,7,dijkstra,fallback_centerline,0.43566,0,,,,,,0,,,,203285,130567,3031
1278,261.52967143058777,2026-03-06T12:48:39.414979,124.26,0.0,9.46,29.51,13.23,0.0,0.0,194.31,4.85,1.046,1.002,STRAIGHT,1.5,1.5,"CMD,1.0,1.50",3.25,0.0275,3.239,0.144,1,0.9859,0,NORMAL,62.927,-0.162,1,1,1,1,1,224.9,174,7,dijkstra,fallback_centerline,0.4464,0,,,,,,0,,,,204766,133666,3225
1279,261.74619603157043,2026-03-06T12:48:39.631503,121.15,0.0,8.66,31.49,13.81,0.0,0.0,194.52,4.84,1.091,1.046,STRAIGHT,1.5,1.5,"CMD,1.0,1.50",3.198,0.0287,3.187,0.146,1,0.9716,0,NORMAL,63.108,-0.161,1,1,1,1,1,224.9,193,7,dijkstra,fallback_centerline,0.44374,0,,,,,,0,,,,201627,133003,3169
1280,261.9618353843689,2026-03-06T12:48:39.847142,122.36,0.0,10.67,31.61,12.53,0.0,0.0,195.62,4.83,1.136,1.091,STRAIGHT,1.5,1.5,"CMD,1.1,1.50",3.149,0.0297,3.137,0.147,1,0.9738,0,NORMAL,63.024,-0.221,1,1,1,1,1,224.9,189,7,dijkstra,fallback_centerline,0.45632,0,,,,,,0,,,,204972,136866,3410
1281,262.1678464412689,2026-03-06T12:48:40.053154,119.65,0.0,8.58,29.03,10.94,0.0,0.0,186.03,4.81,1.169,1.136,STRAIGHT,1.5,1.5,"CMD,1.1,1.50",3.145,0.0299,3.133,0.147,1,0.9806,0,NORMAL,62.392,-0.218,1,1,1,1,1,224.9,170,7,dijkstra,fallback_centerline,0.44566,0,,,,,,0,,,,203398,133536,3147
1282,262.3798530101776,2026-03-06T12:48:40.265160,121.72,0.0,9.22,26.71,12.23,0.0,0.0,188.64,4.8,1.198,1.169,STRAIGHT,1.5,1.5,"CMD,1.2,1.50",3.121,0.0304,3.109,0.147,1,0.9752,0,NORMAL,62.215,-0.244,1,1,1,1,1,224.9,159,7,dijkstra,fallback_centerline,0.42413,0,,,,,,0,,,,199763,127207,2860
1283,262.5915186405182,2026-03-06T12:48:40.476826,121.79,0.0,9.89,28.5,13.92,0.0,0.0,192.23,4.79,1.221,1.198,STRAIGHT,1.5,1.5,"CMD,1.2,1.50",3.109,0.0307,3.096,0.148,1,0.9731,0,NORMAL,62.359,-0.263,1,1,1,1,1,224.9,169,8,dijkstra,fallback_centerline,0.44897,0,,,,,,0,,,,204691,134503,3147
1284,262.8023009300232,2026-03-06T12:48:40.687608,120.02,0.0,9.62,28.74,13.03,0.0,0.0,189.63,4.78,1.229,1.221,STRAIGHT,1.5,1.5,"CMD,1.2,1.50",3.113,0.0302,3.1,0.145,1,0.9804,0,NORMAL,62.25,-0.282,1,1,1,1,1,224.9,166,6,dijkstra,fallback_centerline,0.45155,0,,,,,,0,,,,205927,135247,2777
1285,263.0089967250824,2026-03-06T12:48:40.894304,118.66,0.0,9.39,29.04,11.12,0.0,0.0,185.46,4.78,1.236,1.229,STRAIGHT,1.5,1.5,"CMD,1.2,1.50",3.107,0.0303,3.095,0.145,1,0.9825,0,NORMAL,62.215,-0.304,1,1,1,1,1,224.9,177,9,dijkstra,fallback_centerline,0.47289,0,,,,,,0,,,,208419,141684,3374
1286,263.21628737449646,2026-03-06T12:48:41.101595,118.92,0.0,7.65,30.52,13.43,0.0,0.66,189.91,4.77,1.245,1.236,STRAIGHT,1.5,1.5,"CMD,1.2,1.50",3.101,0.0306,3.089,0.146,1,0.9897,0,NORMAL,62.033,-0.31,1,1,1,1,1,224.9,180,8,dijkstra,fallback_centerline,0.47742,0,,,,,,0,,,,209050,143123,3338
1287,263.4290146827698,2026-03-06T12:48:41.314322,115.08,0.0,14.67,29.98,13.62,0.0,0.0,192.11,4.76,1.222,1.236,STRAIGHT,1.5,1.5,"CMD,1.2,1.50",3.187,0.0286,3.176,0.144,1,0.9829,0,NORMAL,61.781,-0.309,1,1,1,1,1,224.9,179,10,dijkstra,fallback_centerline,0.47663,0,,,,,,0,,,,210212,142916,3293
1288,263.6482050418854,2026-03-06T12:48:41.533512,125.53,0.0,10.66,31.76,11.51,0.0,1.02,198.84,4.76,1.204,1.222,STRAIGHT,1.5,1.5,"CMD,1.2,1.50",3.195,0.0283,3.184,0.144,1,0.9801,0,NORMAL,61.074,-0.294,1,1,1,1,1,225.0,189,10,dijkstra,fallback_centerline,0.47494,0,,,,,,0,,,,209989,142414,3300
1289,263.8614020347595,2026-03-06T12:48:41.746709,120.05,0.0,11.6,28.88,13.22,0.0,1.01,193.42,4.75,1.169,1.204,STRAIGHT,1.5,1.5,"CMD,1.2,1.50",3.267,0.0266,3.257,0.142,1,0.9665,0,NORMAL,60.745,-0.283,1,1,1,1,1,224.9,200,14,dijkstra,fallback_centerline,0.51952,0,,,,,,0,,,,216653,155624,4115
1290,264.0673797130585,2026-03-06T12:48:41.952687,116.87,0.0,9.02,32.1,13.49,0.0,0.0,189.35,4.75,1.136,1.169,STRAIGHT,1.5,1.5,"CMD,1.2,1.50",3.25,0.026,3.24,0.137,1,0.9797,0,NORMAL,60.325,-0.249,1,1,1,1,1,224.9,191,12,dijkstra,fallback_centerline,0.51124,0,,,,,,0,,,,214967,153162,3910
1291,264.282431602478,2026-03-06T12:48:42.167739,117.71,0.0,10.08,32.67,13.19,0.0,1.03,193.27,4.75,1.097,1.136,STRAIGHT,1.5,1.5,"CMD,1.1,1.50",3.364,0.0247,3.354,0.139,1,0.9838,0,NORMAL,59.743,-0.212,1,1,1,1,1,224.9,192,13,dijkstra,fallback_centerline,0.51936,0,,,,,,0,,,,216841,155604,4255
1292,264.49499678611755,2026-03-06T12:48:42.380304,119.0,0.0,8.67,31.79,13.69,0.0,0.0,191.18,4.74,1.053,1.097,STRAIGHT,1.5,1.5,"CMD,1.1,1.50",3.398,0.0234,3.389,0.135,1,0.9846,0,NORMAL,60.055,-0.23,1,1,1,1,1,225.0,192,12,dijkstra,fallback_centerline,0.51496,0,,,,,,0,,,,215994,154234,3843
1293,264.70590472221375,2026-03-06T12:48:42.591212,117.42,0.0,10.47,33.25,11.95,0.0,0.0,191.03,4.74,1.011,1.053,STRAIGHT,1.5,1.5,"CMD,1.1,1.50",3.42,0.0224,3.412,0.131,1,0.9841,0,NORMAL,60.274,-0.256,1,1,1,1,1,224.9,191,15,dijkstra,fallback_centerline,0.52207,0,,,,,,0,,,,216242,156419,3983
1294,264.9299635887146,2026-03-06T12:48:42.815271,125.57,0.0,8.48,37.86,13.94,0.0,0.0,205.22,4.73,0.975,1.011,STRAIGHT,1.5,1.5,"CMD,1.0,1.50",3.433,0.0219,3.425,0.129,1,0.9852,0,NORMAL,60.948,-0.312,1,1,1,1,1,224.9,231,15,dijkstra,fallback_centerline,0.52043,0,,,,,,0,,,,215904,155841,4150
1295,265.1498079299927,2026-03-06T12:48:43.035115,120.89,0.0,7.51,40.66,13.95,0.0,0.0,199.07,4.72,0.947,0.975,STRAIGHT,1.5,1.5,"CMD,1.0,1.50",3.44,0.0216,3.433,0.127,1,0.9885,0,NORMAL,61.226,-0.372,1,1,1,1,1,224.9,227,13,dijkstra,fallback_centerline,0.5188,0,,,,,,0,,,,216288,155358,4359
1296,265.3666408061981,2026-03-06T12:48:43.251948,119.2,0.0,9.14,35.0,14.02,0.0,0.0,198.75,4.72,0.926,0.947,STRAIGHT,1.5,1.5,"CMD,0.9,1.50",3.444,0.0214,3.437,0.127,1,0.9847,0,NORMAL,61.198,-0.364,1,1,1,1,1,224.9,198,13,dijkstra,fallback_centerline,0.50696,0,,,,,,0,,,,215077,151816,3792
1297,265.5788218975067,2026-03-06T12:48:43.464129,121.13,0.0,7.67,32.96,13.42,0.0,0.0,191.54,4.71,0.892,0.926,STRAIGHT,1.5,1.5,"CMD,0.9,1.50",3.532,0.02,3.525,0.124,1,0.9856,0,NORMAL,61.431,-0.385,1,1,1,1,1,224.9,194,12,dijkstra,fallback_centerline,0.4976,0,,,,,,0,,,,213510,149080,3745
1298,265.79469776153564,2026-03-06T12:48:43.680005,119.88,0.0,9.47,29.94,16.69,0.0,0.0,199.35,4.71,0.849,0.892,STRAIGHT,1.5,1.5,"CMD,0.9,1.50",3.654,0.0185,3.648,0.123,1,0.9827,0,NORMAL,61.453,-0.428,1,1,1,1,1,224.9,195,9,dijkstra,fallback_centerline,0.50895,0,,,,,,0,,,,214807,152541,3192
1299,266.0012369155884,2026-03-06T12:48:43.886544,114.8,0.0,9.83,28.12,12.66,0.0,0.0,184.54,4.71,0.826,0.849,STRAIGHT,1.5,1.5,"CMD,0.8,1.50",3.611,0.0189,3.604,0.123,1,0.98,0,NORMAL,62.334,-0.498,1,1,1,1,1,225.0,176,10,dijkstra,fallback_centerline,0.50845,0,,,,,,0,,,,214824,152189,3438
1300,266.2161154747009,2026-03-06T12:48:44.101423,123.44,0.0,9.57,26.36,13.81,0.0,0.0,191.17,4.71,0.793,0.826,STRAIGHT,1.5,1.5,"CMD,0.8,1.50",3.621,0.0176,3.615,0.115,1,0.9835,0,NORMAL,61.346,-0.39,1,1,1,1,1,225.0,188,10,dijkstra,fallback_centerline,0.51072,0,,,,,,0,,,,216046,152931,3706
1301,266.42662477493286,2026-03-06T12:48:44.311932,113.91,0.0,13.93,28.48,14.34,0.0,0.0,188.33,4.7,0.754,0.793,STRAIGHT,1.5,1.5,"CMD,0.8,1.50",3.656,0.0164,3.651,0.11,1,0.968,0,NORMAL,62.076,-0.659,1,1,1,1,1,225.0,173,10,dijkstra,fallback_centerline,0.50062,0,,,,,,0,,,,215713,150238,3102
1302,266.63768339157104,2026-03-06T12:48:44.522990,123.42,0.0,9.12,29.72,12.18,0.0,0.0,190.94,4.7,0.704,0.754,STRAIGHT,1.5,1.5,"CMD,0.8,1.50",3.776,0.0146,3.772,0.104,1,0.9645,0,NORMAL,63.432,-0.973,1,1,1,1,1,225.0,185,11,dijkstra,fallback_centerline,0.48364,0,,,,,,0,,,,213270,144946,3164
1303,266.85678243637085,2026-03-06T12:48:44.742090,122.89,0.0,11.12,31.66,13.01,0.0,0.0,197.75,4.7,0.656,0.704,STRAIGHT,1.5,1.5,"CMD,0.7,1.50",3.87,0.0136,3.866,0.102,1,0.9851,0,NORMAL,63.421,-0.996,1,1,1,1,1,225.0,191,10,dijkstra,fallback_centerline,0.48448,0,,,,,,0,,,,212217,145122,3322
1304,267.07550954818726,2026-03-06T12:48:44.960817,124.73,0.0,8.68,32.09,13.4,0.0,0.0,197.21,4.69,0.616,0.656,STRAIGHT,1.5,1.5,"CMD,0.7,1.50",3.935,0.013,3.931,0.101,1,0.9866,0,NORMAL,63.69,-1.07,1,1,1,1,1,225.0,194,10,dijkstra,fallback_centerline,0.4801,0,,,,,,0,,,,211513,143863,3138
1305,267.2897734642029,2026-03-06T12:48:45.175080,119.65,0.0,9.08,31.81,14.27,0.0,0.0,193.45,4.69,0.587,0.616,STRAIGHT,1.5,1.5,"CMD,0.6,1.50",3.987,0.0128,3.983,0.102,1,0.9853,0,NORMAL,63.435,-1.066,1,1,1,1,1,225.0,187,10,dijkstra,fallback_centerline,0.48994,0,,,,,,0,,,,212826,146808,3575
1306,267.50799918174744,2026-03-06T12:48:45.393306,126.4,0.0,8.52,29.95,12.47,0.0,0.0,197.49,4.68,0.567,0.587,STRAIGHT,1.5,1.5,"CMD,0.6,1.50",4.0,0.0128,3.997,0.102,1,0.9742,0,NORMAL,63.955,-1.073,1,1,1,1,1,225.0,173,8,dijkstra,fallback_centerline,0.46882,0,,,,,,0,,,,211597,140492,2830
1307,267.72002124786377,2026-03-06T12:48:45.605328,121.27,0.0,9.32,30.27,13.26,0.0,0.0,192.8,4.68,0.604,0.587,STRAIGHT,1.5,1.5,"CMD,0.6,1.50",3.816,0.0165,3.811,0.12,1,0.9654,0,NORMAL,65.291,-1.304,1,1,1,1,1,225.0,175,8,dijkstra,fallback_centerline,0.48,0,,,,,,0,,,,208589,143817,2688
1308,267.93431401252747,2026-03-06T12:48:45.819621,127.7,0.0,8.37,28.01,10.52,0.0,0.0,193.33,4.69,0.66,0.604,STRAIGHT,1.5,1.5,"CMD,0.6,1.50",3.639,0.0187,3.633,0.123,1,0.9458,0,NORMAL,66.489,-1.643,1,1,1,1,1,225.0,162,7,dijkstra,fallback_centerline,0.41988,0,,,,,,0,,,,198705,125753,2515
1309,268.1398854255676,2026-03-06T12:48:46.025193,116.55,0.0,10.13,32.46,12.05,0.0,0.0,189.13,4.69,0.722,0.66,STRAIGHT,1.5,1.5,"CMD,0.7,1.50",3.572,0.0205,3.566,0.131,1,0.9594,0,NORMAL,61.726,-1.829,1,1,1,1,1,225.0,191,10,dijkstra,fallback_centerline,0.4611,0,,,,,,0,,,,204686,138216,2959
1310,268.3539023399353,2026-03-06T12:48:46.239210,120.5,0.0,9.02,31.82,14.56,0.0,0.0,194.75,4.69,0.782,0.722,STRAIGHT,1.5,1.5,"CMD,0.7,1.50",3.566,0.0219,3.559,0.139,1,0.9765,0,NORMAL,55.637,-1.904,1,1,1,1,1,225.0,189,9,dijkstra,fallback_centerline,0.46643,0,,,,,,0,,,,205074,139810,3145
1311,268.56931495666504,2026-03-06T12:48:46.454622,121.9,0.0,9.02,31.31,13.65,0.0,0.0,194.81,4.68,0.884,0.782,STRAIGHT,1.5,1.5,"CMD,0.8,1.50",3.341,0.0264,3.332,0.147,1,0.9739,0,NORMAL,52.81,-1.865,1,1,1,1,1,224.9,183,10,dijkstra,fallback_centerline,0.46647,0,,,,,,0,,,,203668,139842,3093
1312,268.78560519218445,2026-03-06T12:48:46.670912,122.87,0.0,8.69,32.07,13.36,0.0,0.84,195.01,4.68,0.991,0.884,STRAIGHT,1.5,1.5,"CMD,0.9,1.50",3.226,0.0292,3.215,0.151,1,0.9775,0,NORMAL,44.037,-1.713,1,1,1,1,1,224.9,182,11,dijkstra,fallback_centerline,0.47585,0,,,,,,0,,,,205747,142375,3423
1313,269.0063190460205,2026-03-06T12:48:46.891626,123.15,0.0,10.61,32.48,12.86,0.0,0.6,199.05,4.67,1.133,0.991,STRAIGHT,1.5,1.5,"CMD,1.0,1.50",3.039,0.0344,3.025,0.158,1,0.9593,0,NORMAL,42.943,-1.75,1,1,1,1,1,224.9,186,8,dijkstra,fallback_centerline,0.46903,0,,,,,,0,,,,206205,140564,2895
1314,269.2296597957611,2026-03-06T12:48:47.114967,127.0,0.0,9.69,32.23,12.85,0.0,0.0,201.99,4.66,1.265,1.133,STRAIGHT,1.5,1.5,"CMD,1.1,1.50",2.943,0.037,2.927,0.159,1,0.9706,0,NORMAL,44.201,-1.764,1,1,1,1,1,224.9,193,8,dijkstra,fallback_centerline,0.46853,0,,,,,,0,,,,206111,140486,3220
1315,269.43947529792786,2026-03-06T12:48:47.324782,120.35,0.0,9.96,29.48,12.01,0.0,0.0,188.37,4.66,1.409,1.265,STRAIGHT,1.5,1.5,"CMD,1.3,1.50",2.79,0.0412,2.771,0.158,1,0.9455,0,NORMAL,50.223,-1.718,1,1,1,1,1,224.8,172,8,dijkstra,fallback_centerline,0.44209,0,,,,,,0,,,,201860,132385,2936
1316,269.6491906642914,2026-03-06T12:48:47.534498,124.8,0.0,8.48,26.72,10.97,0.0,0.0,188.67,4.66,1.526,1.409,STRAIGHT,1.5,1.5,"CMD,1.4,1.50",2.755,0.0427,2.735,0.16,1,0.9444,0,NORMAL,51.445,-1.592,1,1,1,1,1,224.8,180,9,dijkstra,fallback_centerline,0.46182,0,,,,,,0,,,,197763,138441,3193
1317,269.8494312763214,2026-03-06T12:48:47.734739,115.91,0.0,9.02,25.4,11.38,0.0,0.0,180.36,4.68,1.594,1.526,STRAIGHT,1.5,1.5,"CMD,1.5,1.50",2.766,0.042,2.746,0.159,1,0.9166,0,NORMAL,52.638,-1.687,1,1,1,1,1,224.9,156,3,dijkstra,fallback_centerline,0.37814,0,,,,,,0,,,,190664,113222,1911
1318,270.0622797012329,2026-03-06T12:48:47.947587,122.91,0.0,9.21,29.97,11.52,0.0,0.0,190.76,4.68,1.624,1.594,STRAIGHT,1.5,1.5,"CMD,1.6,1.50",2.77,0.0408,2.75,0.155,1,0.9374,0,NORMAL,50.583,-1.604,1,1,1,1,1,224.8,173,8,dijkstra,fallback_centerline,0.43269,0,,,,,,0,,,,195996,129696,2618
1319,270.27745151519775,2026-03-06T12:48:48.162759,122.67,0.0,9.53,31.67,12.11,0.0,0.0,195.14,4.67,1.636,1.624,STRAIGHT,1.5,1.5,"CMD,1.6,1.50",2.772,0.0402,2.752,0.153,1,0.9492,0,NORMAL,50.811,-1.549,1,1,1,1,1,224.8,183,8,dijkstra,fallback_centerline,0.47529,0,,,,,,0,,,,203399,142516,3052
1320,270.49235582351685,2026-03-06T12:48:48.377663,125.02,0.0,9.17,29.56,11.89,0.0,0.0,192.67,4.67,1.642,1.636,STRAIGHT,1.5,1.5,"CMD,1.6,1.50",2.767,0.0401,2.747,0.152,1,0.9188,0,NORMAL,52.694,-1.58,1,1,1,1,1,224.8,166,9,dijkstra,fallback_centerline,0.43576,0,,,,,,0,,,,195054,130404,3127
1321,270.70162653923035,2026-03-06T12:48:48.586934,121.46,0.0,9.57,27.28,11.79,0.0,1.01,189.46,4.67,1.664,1.642,STRAIGHT,1.5,1.5,"CMD,1.6,1.50",2.757,0.0414,2.736,0.156,1,0.9005,0,NORMAL,55.604,-1.622,1,1,1,1,1,224.7,156,6,dijkstra,fallback_centerline,0.45037,0,,,,,,0,,,,199882,134936,2674
1322,270.91096901893616,2026-03-06T12:48:48.796276,118.74,0.0,8.01,29.68,13.03,0.0,0.0,188.09,4.67,1.689,1.664,STRAIGHT,1.5,1.5,"CMD,1.7,1.50",2.753,0.0422,2.732,0.158,1,0.9232,0,NORMAL,53.947,-1.557,1,1,1,1,1,224.7,169,11,dijkstra,fallback_centerline,0.48804,0,,,,,,0,,,,205878,146408,3438
1323,271.11719703674316,2026-03-06T12:48:49.002504,118.11,0.0,10.31,23.75,13.46,0.0,0.0,184.69,4.69,1.706,1.689,STRAIGHT,1.5,1.5,"CMD,1.7,1.50",2.753,0.0422,2.732,0.158,1,0.9589,0,NORMAL,53.896,-1.477,1,1,1,1,1,224.7,150,5,dijkstra,fallback_centerline,0.45178,0,,,,,,0,,,,200183,135356,2451
1324,271.33164143562317,2026-03-06T12:48:49.216948,125.15,0.0,7.37,29.06,11.45,0.0,0.0,192.64,4.69,1.709,1.706,STRAIGHT,1.5,1.5,"CMD,1.7,1.50",2.751,0.0416,2.731,0.155,1,0.945,0,NORMAL,52.988,-1.365,1,1,1,1,1,224.5,154,10,dijkstra,fallback_centerline,0.47897,0,,,,,,0,,,,207339,143462,3412
1325,271.5508885383606,2026-03-06T12:48:49.436196,129.31,0.0,9.63,30.21,12.03,0.0,1.01,201.56,4.69,1.706,1.706,STRAIGHT,1.5,1.5,"CMD,1.7,1.50",2.75,0.0412,2.73,0.154,1,0.9568,0,NORMAL,53.418,-1.288,1,1,1,1,1,224.5,157,10,dijkstra,fallback_centerline,0.498,0,,,,,,0,,,,210580,149316,3818
1326,271.769234418869,2026-03-06T12:48:49.654542,128.88,0.0,9.28,29.37,11.76,0.0,0.0,201.12,4.68,1.69,1.706,STRAIGHT,1.5,1.5,"CMD,1.7,1.50",2.756,0.0402,2.736,0.151,1,0.9296,0,NORMAL,52.801,-1.191,1,1,1,1,1,224.6,160,8,dijkstra,fallback_centerline,0.44868,0,,,,,,0,,,,203760,134421,2743
1327,271.9868893623352,2026-03-06T12:48:49.872196,124.68,0.0,10.47,23.99,16.96,0.0,0.0,194.83,4.68,1.668,1.69,STRAIGHT,1.5,1.5,"CMD,1.7,1.50",2.756,0.0394,2.736,0.148,1,0.9203,0,NORMAL,52.766,-1.145,1,1,1,1,1,224.2,151,11,dijkstra,fallback_centerline,0.52262,0,,,,,,0,,,,218725,156507,3816
1328,272.1988081932068,2026-03-06T12:48:50.084115,124.85,0.0,9.13,28.17,13.19,0.0,1.0,192.25,4.68,1.646,1.668,STRAIGHT,1.5,1.5,"CMD,1.7,1.50",2.757,0.0388,2.737,0.146,1,0.9678,0,NORMAL,52.241,-1.069,1,1,1,1,1,224.3,151,13,dijkstra,fallback_centerline,0.54002,0,,,,,,0,,,,221170,161754,3722
1329,272.4153354167938,2026-03-06T12:48:50.300643,121.73,0.0,10.53,33.12,12.29,0.0,0.0,195.85,4.68,1.628,1.646,STRAIGHT,1.5,1.5,"CMD,1.6,1.50",2.756,0.0386,2.736,0.145,1,0.9412,0,NORMAL,51.619,-0.977,1,1,1,1,1,224.0,180,17,dijkstra,fallback_centerline,0.59281,0,,,,,,0,,,,233582,177624,4556
1330,272.6381895542145,2026-03-06T12:48:50.523497,127.01,0.0,10.04,30.08,14.02,0.0,0.0,202.27,4.67,1.619,1.628,STRAIGHT,1.5,1.5,"CMD,1.6,1.50",2.753,0.0388,2.733,0.145,1,0.9473,0,NORMAL,51.756,-0.946,1,1,1,1,1,224.0,159,15,dijkstra,fallback_centerline,0.59723,0,,,,,,0,,,,241072,178782,4624
1331,272.84381914138794,2026-03-06T12:48:50.729126,123.09,0.0,8.41,20.18,12.24,0.0,0.0,182.59,4.67,1.623,1.623,STRAIGHT,1.5,1.5,"CMD,1.6,1.50",2.751,0.0395,2.731,0.148,1,0.8261,0,NORMAL,51.253,-0.925,1,1,1,1,1,224.4,126,10,dijkstra,fallback_centerline,0.51671,0,,,,,,0,,,,209870,154980,3039
1332,273.05245661735535,2026-03-06T12:48:50.937764,121.76,0.0,10.43,24.54,13.02,0.0,0.0,186.86,4.68,1.622,1.622,STRAIGHT,1.5,1.5,"CMD,1.6,1.50",2.751,0.0393,2.73,0.147,1,0.8364,0,NORMAL,49.26,-0.809,1,1,1,1,1,224.1,126,10,dijkstra,fallback_centerline,0.5237,0,,,,,,0,,,,224174,157006,3028
1333,273.2679159641266,2026-03-06T12:48:51.153223,126.16,0.0,10.09,28.69,10.25,0.0,0.0,192.93,4.68,1.613,1.622,STRAIGHT,1.5,1.5,"CMD,1.6,1.50",2.755,0.0387,2.735,0.145,1,0.9218,0,NORMAL,48.662,-0.708,1,1,1,1,1,224.3,155,13,dijkstra,fallback_centerline,0.59812,0,,,,,,0,,,,241559,179273,4022
1334,273.50030159950256,2026-03-06T12:48:51.385609,130.0,0.0,10.06,28.85,13.5,0.0,0.0,204.93,4.67,1.613,1.613,STRAIGHT,1.5,1.5,"CMD,1.6,1.50",2.753,0.0391,2.733,0.146,1,0.877,0,NORMAL,49.347,-0.699,1,1,1,1,1,224.3,146,15,dijkstra,fallback_centerline,0.58572,0,,,,,,0,,,,250235,175596,4142
1335,273.7169237136841,2026-03-06T12:48:51.602231,122.38,0.0,10.37,28.97,14.15,0.0,0.0,193.95,4.67,1.633,1.613,STRAIGHT,1.5,1.5,"CMD,1.6,1.50",2.745,0.0405,2.724,0.151,1,0.9247,0,NORMAL,49.59,-0.741,1,1,1,1,1,224.3,154,17,dijkstra,fallback_centerline,0.59002,0,,,,,,0,,,,242465,176947,3936
1336,273.93840646743774,2026-03-06T12:48:51.823714,127.23,0.0,9.56,28.92,14.56,0.0,0.0,199.6,4.66,1.653,1.633,STRAIGHT,1.5,1.5,"CMD,1.6,1.50",2.744,0.0411,2.723,0.153,1,0.8925,0,NORMAL,48.405,-0.63,1,1,1,1,1,224.2,160,20,dijkstra,fallback_centerline,0.64246,0,,,,,,0,,,,270502,192608,5053
1337,274.15426874160767,2026-03-06T12:48:52.039576,123.94,0.0,12.94,22.46,13.59,0.0,0.0,191.73,4.66,1.666,1.653,STRAIGHT,1.5,1.5,"CMD,1.7,1.50",2.744,0.041,2.723,0.153,1,0.8913,0,NORMAL,48.516,-0.504,1,1,1,1,1,224.2,105,20,dijkstra,fallback_centerline,0.69095,0,,,,,,0,,,,299992,206947,4903
1338,274.36799335479736,2026-03-06T12:48:52.253301,128.77,0.0,11.47,20.43,11.86,0.0,0.0,192.45,4.66,1.678,1.666,STRAIGHT,1.5,1.5,"CMD,1.7,1.50",2.744,0.0413,2.723,0.154,1,0.9232,0,NORMAL,49.476,-0.406,1,1,1,1,1,224.0,89,17,dijkstra,fallback_centerline,0.65839,0,,,,,,0,,,,302230,197334,4243
1339,274.5840940475464,2026-03-06T12:48:52.469401,126.36,0.0,9.77,20.57,13.42,0.0,0.0,190.67,4.66,1.688,1.678,STRAIGHT,1.5,1.5,"CMD,1.7,1.50",2.744,0.0415,2.723,0.154,1,0.8862,0,NORMAL,49.455,-0.258,1,1,1,1,1,223.9,86,17,dijkstra,fallback_centerline,0.65178,0,,,,,,0,,,,277937,195265,4168
1340,274.7946627140045,2026-03-06T12:48:52.679970,122.83,0.0,9.84,24.19,12.74,0.0,0.54,189.37,4.66,1.694,1.688,STRAIGHT,1.5,1.5,"CMD,1.7,1.50",2.745,0.0414,2.724,0.154,1,0.9075,0,NORMAL,49.671,-0.131,1,1,1,1,1,224.0,105,20,dijkstra,fallback_centerline,0.67155,0,,,,,,0,,,,301041,201225,4762
1341,275.00020480155945,2026-03-06T12:48:52.885512,120.01,0.0,9.78,21.96,14.04,0.0,0.0,184.88,4.67,1.7,1.694,STRAIGHT,1.5,1.5,"CMD,1.7,1.50",2.744,0.0415,2.724,0.154,1,0.9336,0,NORMAL,49.945,-0.062,1,1,1,1,1,223.8,96,17,dijkstra,fallback_centerline,0.66775,0,,,,,,0,,,,305154,200033,4455
1342,275.2108826637268,2026-03-06T12:48:53.096190,121.16,0.0,6.77,23.19,14.65,0.0,0.0,187.07,4.67,1.699,1.699,STRAIGHT,1.5,1.5,"CMD,1.7,1.50",2.745,0.0411,2.724,0.153,1,0.8913,0,NORMAL,49.887,0.031,1,1,1,1,1,224.0,102,20,dijkstra,fallback_centerline,0.74731,0,,,,,,0,,,,336419,223699,5643
1343,275.4302840232849,2026-03-06T12:48:53.315591,122.0,0.0,13.03,23.54,14.89,0.0,0.0,193.13,4.68,1.695,1.699,STRAIGHT,1.5,1.5,"CMD,1.7,1.50",2.745,0.0409,2.725,0.152,1,0.9432,0,NORMAL,49.036,0.115,1,1,1,1,1,224.0,105,19,dijkstra,fallback_centerline,0.75686,0,,,,,,0,,,,339875,226671,5507
1344,275.6416907310486,2026-03-06T12:48:53.526998,119.63,0.0,9.6,24.27,14.05,0.0,0.0,185.98,4.68,1.683,1.695,STRAIGHT,1.5,1.5,"CMD,1.7,1.50",2.748,0.0402,2.727,0.15,1,0.9104,0,NORMAL,48.292,0.364,1,1,1,1,1,223.8,100,20,dijkstra,fallback_centerline,0.78981,0,,,,,,0,,,,370106,236512,5771
1345,275.85911226272583,2026-03-06T12:48:53.744419,125.04,0.0,9.01,26.34,14.34,0.0,0.0,191.76,4.67,1.666,1.683,STRAIGHT,1.5,1.5,"CMD,1.7,1.50",2.752,0.0396,2.731,0.148,1,0.9301,0,NORMAL,47.941,0.904,1,1,1,1,1,223.4,113,19,dijkstra,fallback_centerline,0.8238,0,,,,,,0,,,,385966,246625,6220
1346,276.0757019519806,2026-03-06T12:48:53.961009,120.96,0.0,10.02,28.24,12.85,0.0,0.0,190.06,4.66,1.64,1.666,STRAIGHT,1.5,1.5,"CMD,1.7,1.50",2.759,0.0385,2.739,0.145,1,0.9491,0,NORMAL,48.333,1.356,1,1,1,1,1,223.1,100,16,dijkstra,fallback_centerline,0.84839,0,,,,,,0,,,,399759,253573,6610
1347,276.30397486686707,2026-03-06T12:48:54.189282,119.4,0.0,12.92,34.09,15.06,0.0,0.0,200.21,4.65,1.614,1.64,STRAIGHT,1.5,1.5,"CMD,1.6,1.50",2.762,0.0379,2.743,0.143,1,0.9124,0,NORMAL,48.135,1.592,1,1,1,1,1,222.9,162,17,dijkstra,fallback_centerline,0.77926,0,,,,,,0,,,,389658,233278,6066
1348,276.5286202430725,2026-03-06T12:48:54.413927,121.7,0.0,11.83,29.94,13.81,0.0,0.0,196.87,4.64,1.592,1.614,STRAIGHT,1.5,1.5,"CMD,1.6,1.50",2.764,0.0376,2.744,0.142,1,0.9093,0,NORMAL,49.235,1.77,1,1,1,1,1,223.1,114,16,dijkstra,fallback_centerline,0.84988,0,,,,,,0,,,,418801,254056,6687
1349,276.76591777801514,2026-03-06T12:48:54.651225,123.58,0.0,10.52,44.34,14.94,0.0,0.0,210.68,4.62,1.576,1.592,STRAIGHT,1.5,1.5,"CMD,1.6,1.50",2.765,0.0374,2.745,0.141,1,0.9455,0,NORMAL,50.69,1.892,1,1,1,1,1,222.8,202,14,dijkstra,fallback_centerline,0.85944,0,,,,,,0,,,,432365,256892,6469
1350,276.99988198280334,2026-03-06T12:48:54.885189,119.83,0.0,11.01,43.4,13.52,0.0,1.0,207.27,4.6,1.558,1.576,STRAIGHT,1.5,1.5,"CMD,1.6,1.50",2.77,0.0369,2.751,0.14,1,0.9653,0,NORMAL,50.286,2.125,1,1,1,1,1,223.2,198,14,dijkstra,fallback_centerline,0.85384,0,,,,,,0,,,,425185,255238,6657
1351,277.2313280105591,2026-03-06T12:48:55.116635,119.1,0.0,11.48,43.32,14.02,0.0,0.0,205.47,4.59,1.533,1.558,STRAIGHT,1.5,1.5,"CMD,1.6,1.50",2.783,0.036,2.764,0.138,1,0.95,0,NORMAL,50.0,2.524,1,1,1,1,1,222.9,201,15,dijkstra,fallback_centerline,0.85816,0,,,,,,0,,,,435672,256514,6316
1352,277.47550868988037,2026-03-06T12:48:55.360816,125.78,0.0,11.59,43.79,15.38,0.0,0.0,216.08,4.56,1.511,1.533,STRAIGHT,1.5,1.5,"CMD,1.5,1.50",2.789,0.0355,2.77,0.137,1,0.9724,0,NORMAL,50.053,2.571,1,1,1,1,1,222.7,198,13,dijkstra,fallback_centerline,0.85335,0,,,,,,0,,,,432910,254992,6262
1353,277.7129690647125,2026-03-06T12:48:55.598276,125.44,0.0,10.02,40.9,14.38,0.0,0.0,210.82,4.54,1.492,1.511,STRAIGHT,1.5,1.5,"CMD,1.5,1.50",2.793,0.0352,2.775,0.136,1,0.9661,0,NORMAL,50.15,2.597,1,1,1,1,1,223.0,184,13,dijkstra,fallback_centerline,0.84934,0,,,,,,0,,,,421783,253756,6269
1354,277.9488067626953,2026-03-06T12:48:55.834114,123.42,0.0,10.12,42.12,13.68,0.0,1.0,208.85,4.53,1.477,1.492,STRAIGHT,1.5,1.5,"CMD,1.5,1.50",2.795,0.0351,2.777,0.136,1,0.9611,0,NORMAL,50.163,2.565,1,1,1,1,1,223.1,185,12,dijkstra,fallback_centerline,0.85444,0,,,,,,0,,,,421177,255204,6358
1355,278.1836531162262,2026-03-06T12:48:56.068960,121.98,0.0,10.49,43.43,13.7,0.0,0.0,208.96,4.52,1.458,1.477,STRAIGHT,1.5,1.5,"CMD,1.5,1.50",2.806,0.0345,2.787,0.134,1,0.9637,0,NORMAL,50.233,2.545,1,1,1,1,1,223.1,202,14,dijkstra,fallback_centerline,0.85583,0,,,,,,0,,,,411757,255716,6389
1356,278.4253306388855,2026-03-06T12:48:56.310638,127.03,0.0,11.24,44.33,14.3,0.0,0.0,215.85,4.5,1.449,1.458,STRAIGHT,1.5,1.5,"CMD,1.5,1.50",2.8,0.0347,2.782,0.135,1,0.9638,0,NORMAL,50.219,2.459,1,1,1,1,1,222.9,204,11,dijkstra,fallback_centerline,0.85376,0,,,,,,0,,,,410097,255188,6452
1357,278.66095447540283,2026-03-06T12:48:56.546262,122.88,0.0,9.77,41.27,14.54,0.0,0.0,207.27,4.49,1.453,1.453,STRAIGHT,1.5,1.5,"CMD,1.5,1.50",2.789,0.0354,2.77,0.136,1,0.9661,0,NORMAL,50.109,2.336,1,1,1,1,1,223.0,182,13,dijkstra,fallback_centerline,0.85095,0,,,,,,0,,,,403388,254266,6322
1358,278.88753938674927,2026-03-06T12:48:56.772846,119.18,0.0,10.04,39.88,13.57,0.0,0.0,201.33,4.48,1.458,1.453,STRAIGHT,1.5,1.5,"CMD,1.5,1.50",2.788,0.0356,2.769,0.137,1,0.9617,0,NORMAL,50.038,2.245,1,1,1,1,1,223.3,170,12,dijkstra,fallback_centerline,0.85603,0,,,,,,0,,,,400295,255803,6182
1359,279.1188337802887,2026-03-06T12:48:57.004141,123.15,0.0,11.06,39.12,14.2,0.0,0.0,204.96,4.47,1.462,1.458,STRAIGHT,1.5,1.5,"CMD,1.5,1.50",2.787,0.0357,2.768,0.137,1,0.9533,0,NORMAL,50.003,2.142,1,1,1,1,1,223.3,156,12,dijkstra,fallback_centerline,0.86198,0,,,,,,0,,,,399292,257615,6112
1360,279.34622049331665,2026-03-06T12:48:57.231528,118.25,0.0,10.34,38.82,14.09,0.0,0.0,200.92,4.46,1.457,1.458,STRAIGHT,1.5,1.5,"CMD,1.5,1.50",2.796,0.0351,2.778,0.136,1,0.9577,0,NORMAL,50.121,2.038,1,1,1,1,1,223.5,161,10,dijkstra,fallback_centerline,0.86376,0,,,,,,0,,,,390196,258099,6274
1361,279.5749080181122,2026-03-06T12:48:57.460215,119.14,0.0,11.39,37.1,14.42,0.0,0.0,201.34,4.45,1.438,1.457,STRAIGHT,1.5,1.5,"CMD,1.5,1.50",2.82,0.0339,2.802,0.133,1,0.9368,0,NORMAL,50.097,1.932,1,1,1,1,1,223.8,139,12,dijkstra,fallback_centerline,0.86409,0,,,,,,0,,,,379023,258220,6149
1362,279.8005940914154,2026-03-06T12:48:57.685901,122.17,0.0,10.58,33.86,14.3,0.0,0.0,197.96,4.44,1.415,1.438,STRAIGHT,1.5,1.5,"CMD,1.4,1.50",2.835,0.0332,2.817,0.132,1,0.9234,0,NORMAL,50.049,1.841,1,1,1,1,1,223.9,119,7,dijkstra,fallback_centerline,0.84186,0,,,,,,0,,,,363816,251608,5568
1363,280.02145051956177,2026-03-06T12:48:57.906758,115.86,0.0,9.61,38.05,14.14,0.0,1.03,195.78,4.45,1.394,1.415,STRAIGHT,1.5,1.5,"CMD,1.4,1.50",2.843,0.0328,2.826,0.131,1,0.9353,0,NORMAL,50.0,1.756,1,1,1,1,1,223.9,154,8,dijkstra,fallback_centerline,0.84667,0,,,,,,0,,,,359341,253092,5772
1364,280.2474272251129,2026-03-06T12:48:58.132734,116.37,0.0,10.15,43.14,13.64,0.0,0.0,200.86,4.44,1.373,1.394,STRAIGHT,1.5,1.5,"CMD,1.4,1.50",2.855,0.0323,2.838,0.13,1,0.941,0,NORMAL,50.006,1.698,1,1,1,1,1,223.8,188,7,dijkstra,fallback_centerline,0.84988,0,,,,,,0,,,,364253,254008,5458
1365,280.48487401008606,2026-03-06T12:48:58.370181,118.71,0.0,10.81,49.53,14.44,0.0,0.0,210.37,4.43,1.353,1.373,STRAIGHT,1.5,1.5,"CMD,1.4,1.50",2.867,0.0318,2.85,0.13,1,0.9447,0,NORMAL,50.105,1.562,1,1,1,1,1,224.3,235,7,dijkstra,fallback_centerline,0.85738,0,,,,,,0,,,,369708,256304,5633
1366,280.7412865161896,2026-03-06T12:48:58.626594,115.77,0.0,10.62,69.59,14.2,0.0,1.06,229.2,4.4,1.328,1.353,STRAIGHT,1.5,1.5,"CMD,1.4,1.50",2.897,0.031,2.88,0.129,1,0.959,0,NORMAL,50.2,1.47,1,1,1,1,1,224.2,403,12,dijkstra,fallback_centerline,0.86116,0,,,,,,0,,,,368039,257466,7422
1367,281.0008406639099,2026-03-06T12:48:58.886148,118.49,0.0,10.31,73.39,13.48,0.0,1.0,234.23,4.37,1.299,1.328,STRAIGHT,1.5,1.5,"CMD,1.3,1.50",2.933,0.0301,2.918,0.128,1,0.9537,0,NORMAL,50.298,1.465,1,1,1,1,1,224.6,397,10,dijkstra,fallback_centerline,0.86564,0,,,,,,0,,,,363887,258939,6679
1368,281.26012778282166,2026-03-06T12:48:59.145435,116.05,0.0,10.65,78.26,13.31,0.0,1.02,233.48,4.34,1.26,1.299,STRAIGHT,1.5,1.5,"CMD,1.3,1.50",3.0,0.0287,2.986,0.128,1,0.9723,0,NORMAL,50.372,1.338,1,1,1,1,1,224.7,411,9,dijkstra,fallback_centerline,0.8675,0,,,,,,0,,,,369448,259537,6834
1369,281.5265259742737,2026-03-06T12:48:59.411833,119.93,0.0,12.53,75.75,15.17,0.0,0.0,240.95,4.31,1.208,1.26,STRAIGHT,1.5,1.5,"CMD,1.3,1.50",3.14,0.0268,3.128,0.131,1,0.9532,0,NORMAL,50.197,1.175,1,1,1,1,1,224.9,405,8,dijkstra,fallback_centerline,0.87019,0,,,,,,0,,,,379008,260262,6946
1370,281.7577464580536,2026-03-06T12:48:59.643054,114.41,0.0,10.99,45.01,13.79,0.0,0.0,202.41,4.29,1.149,1.208,STRAIGHT,1.5,1.5,"CMD,1.2,1.50",3.39,0.025,3.379,0.143,1,0.9697,0,NORMAL,50.003,1.057,1,1,1,1,1,224.9,176,8,dijkstra,fallback_centerline,0.87351,0,,,,,,0,,,,381744,261347,5808
1371,281.9883921146393,2026-03-06T12:48:59.873699,116.67,0.0,10.82,45.33,13.37,0.0,0.0,204.72,4.28,1.117,1.149,STRAIGHT,1.5,1.5,"CMD,1.1,1.50",3.781,0.0256,3.769,0.182,1,0.9643,0,NORMAL,50.104,0.922,1,1,1,1,1,224.9,184,8,dijkstra,fallback_centerline,0.87694,0,,,,,,0,,,,385334,262238,5611
1372,282.21730756759644,2026-03-06T12:49:00.102615,117.7,0.0,10.96,46.76,11.14,0.0,0.0,203.16,4.27,1.092,1.117,STRAIGHT,1.5,1.5,"CMD,1.1,1.50",3.947,0.0252,3.934,0.196,1,0.9616,0,NORMAL,50.089,0.816,1,1,1,1,1,224.9,192,9,dijkstra,fallback_centerline,0.87506,0,,,,,,0,,,,389216,261833,5559
1373,282.43571519851685,2026-03-06T12:49:00.321022,117.74,0.0,11.09,28.97,15.04,0.0,0.0,190.94,4.27,1.058,1.092,STRAIGHT,1.5,1.5,"CMD,1.1,1.50",4.0,0.024,3.987,0.191,1,0.9672,0,NORMAL,50.282,0.697,1,1,1,1,1,225.0,118,17,dijkstra,fallback_centerline,0.8707,0,,,,,,0,,,,383719,260555,6131
1374,282.65048813819885,2026-03-06T12:49:00.535795,116.51,0.0,16.4,20.64,13.54,0.0,1.0,186.55,4.27,0.992,1.058,STRAIGHT,1.5,1.5,"CMD,1.1,1.50",4.0,0.0208,3.99,0.166,1,0.9623,0,NORMAL,50.864,0.586,1,1,1,1,1,225.0,57,12,dijkstra,fallback_centerline,0.85605,0,,,,,,0,,,,375827,256603,4904
1375,282.85665464401245,2026-03-06T12:49:00.741962,120.3,0.0,10.61,18.91,14.71,0.0,0.0,180.92,4.28,0.889,0.992,STRAIGHT,1.5,1.5,"CMD,1.0,1.50",4.0,0.0166,3.993,0.132,1,0.9652,0,NORMAL,50.758,0.467,1,1,1,1,1,225.0,44,11,dijkstra,fallback_centerline,0.85874,0,,,,,,0,,,,381950,257298,4744
1376,283.0625627040863,2026-03-06T12:49:00.947870,119.29,0.0,11.04,19.64,14.32,0.0,0.0,180.4,4.29,0.776,0.889,STRAIGHT,1.5,1.5,"CMD,0.9,1.50",4.0,0.0133,3.995,0.106,1,0.9736,0,NORMAL,50.317,0.419,1,1,1,1,1,225.0,39,11,dijkstra,fallback_centerline,0.86019,0,,,,,,0,,,,384415,257832,4713
1377,283.27137184143066,2026-03-06T12:49:01.156679,121.41,0.0,10.22,18.01,14.49,0.0,0.0,182.82,4.3,0.666,0.776,STRAIGHT,1.5,1.5,"CMD,0.8,1.50",4.0,0.0108,3.996,0.086,1,0.9713,0,NORMAL,50.113,0.383,1,1,1,1,1,225.0,34,11,dijkstra,fallback_centerline,0.85188,0,,,,,,0,,,,382978,255251,4625
1378,283.4800672531128,2026-03-06T12:49:01.365374,118.18,0.0,11.53,17.04,14.5,0.0,0.0,180.54,4.32,0.562,0.666,STRAIGHT,1.5,1.5,"CMD,0.7,1.50",4.0,0.0086,3.996,0.069,1,0.9718,0,NORMAL,50.032,0.361,1,1,1,1,1,225.0,28,11,dijkstra,fallback_centerline,0.85457,0,,,,,,0,,,,388586,256085,4909
1379,283.6876411437988,2026-03-06T12:49:01.572948,117.95,0.0,10.84,17.93,14.18,0.0,0.0,181.13,4.34,0.44,0.562,STRAIGHT,1.5,1.5,"CMD,0.6,1.50",4.0,0.0047,3.999,0.038,1,0.9618,0,NORMAL,50.0,0.336,1,1,1,1,1,225.0,31,10,dijkstra,fallback_centerline,0.84895,0,,,,,,0,,,,396565,254411,4718
1380,283.90257263183594,2026-03-06T12:49:01.787880,120.9,0.0,10.18,25.63,13.96,0.0,0.0,188.84,4.35,0.897,0.562,STRAIGHT,1.5,1.5,"CMD,0.6,1.50",3.306,0.044,3.294,0.24,1,0.8877,0,NORMAL,50.042,0.33,1,1,1,1,1,211.9,96,12,dijkstra,fallback_centerline,0.81847,0,,,,,,0,,,,358820,245477,4980
1381,284.10806584358215,2026-03-06T12:49:01.993373,117.33,0.0,11.35,17.03,14.48,0.0,0.0,177.76,4.37,0.801,0.801,STRAIGHT,1.5,1.5,"CMD,0.8,1.50",4.0,0.0148,3.995,0.118,1,0.8796,0,NORMAL,50.074,0.31,1,1,1,1,1,224.1,37,10,dijkstra,fallback_centerline,0.85188,0,,,,,,0,,,,407520,255255,5073
1382,284.3108012676239,2026-03-06T12:49:02.196108,116.21,0.0,9.82,18.69,13.38,0.0,0.0,176.24,4.4,0.585,0.801,STRAIGHT,1.5,1.5,"CMD,0.8,1.50",4.0,0.0037,3.997,0.03,1,0.9811,0,NORMAL,50.204,0.256,1,1,1,1,1,224.7,35,11,dijkstra,fallback_centerline,0.85182,0,,,,,,0,,,,410927,255316,4809
1383,284.52015233039856,2026-03-06T12:49:02.405459,115.68,0.0,13.73,20.17,12.1,0.0,2.45,182.14,4.41,0.379,0.585,STRAIGHT,1.5,1.5,"CMD,0.6,1.50",4.0,-0.0008,3.996,-0.006,1,0.9627,0,NORMAL,50.272,0.251,1,1,1,1,1,224.8,36,11,dijkstra,fallback_centerline,0.86008,0,,,,,,0,,,,423846,257703,5166
1384,284.72787141799927,2026-03-06T12:49:02.613178,117.74,0.0,11.9,17.52,14.5,0.0,0.0,180.61,4.43,0.164,0.379,STRAIGHT,1.5,1.5,"CMD,0.4,1.50",3.97,-0.0065,3.962,-0.051,1,0.933,0,NORMAL,51.33,-0.241,1,1,1,1,1,218.3,36,12,dijkstra,fallback_centerline,0.83899,0,,,,,,0,,,,436436,251390,4679
1385,284.93984961509705,2026-03-06T12:49:02.825157,120.98,0.0,11.79,18.58,13.57,0.0,0.0,183.57,4.45,0.008,0.164,STRAIGHT,1.5,1.5,"CMD,0.2,1.50",3.705,-0.0073,3.695,-0.05,1,0.9559,0,NORMAL,52.147,-0.456,1,1,1,1,1,210.9,33,11,dijkstra,fallback_centerline,0.8226,0,,,,,,0,,,,442829,246562,4825
1386,285.1459093093872,2026-03-06T12:49:03.031216,124.33,0.0,9.96,19.14,8.01,0.0,0.0,179.26,4.47,-0.133,0.008,STRAIGHT,1.5,1.5,"CMD,0.0,1.50",3.714,-0.0101,3.704,-0.069,1,0.9459,0,NORMAL,52.845,-0.644,1,1,1,1,1,209.1,39,10,dijkstra,fallback_centerline,0.81062,0,,,,,,0,,,,457542,243067,4342
1387,285.3585591316223,2026-03-06T12:49:03.243866,116.37,0.0,12.17,20.65,13.35,0.0,0.0,179.66,4.48,-0.208,-0.133,STRAIGHT,1.5,1.5,"CMD,-0.1,1.50",3.634,-0.0087,3.625,-0.057,1,0.9682,0,NORMAL,52.858,-0.704,1,1,1,1,1,210.7,31,11,dijkstra,fallback_centerline,0.83112,0,,,,,,0,,,,470703,249061,4584
1388,285.5748190879822,2026-03-06T12:49:03.460126,120.46,0.0,11.61,20.71,14.82,0.0,0.0,187.54,4.49,-0.279,-0.208,STRAIGHT,1.5,1.5,"CMD,-0.2,1.50",3.679,-0.0102,3.669,-0.069,1,0.9804,0,NORMAL,53.108,-0.766,1,1,1,1,1,209.7,46,12,dijkstra,fallback_centerline,0.83514,0,,,,,,0,,,,477821,250189,4695
1389,285.78392457962036,2026-03-06T12:49:03.669232,120.11,0.0,10.47,17.81,14.91,0.0,0.0,181.57,4.5,-0.327,-0.279,STRAIGHT,1.5,1.5,"CMD,-0.3,1.50",3.67,-0.0103,3.66,-0.069,1,0.9847,0,NORMAL,53.547,-0.806,1,1,1,1,1,209.4,41,11,dijkstra,fallback_centerline,0.83023,0,,,,,,0,,,,481617,248603,4849
1390,285.98646092414856,2026-03-06T12:49:03.871768,117.02,0.0,10.29,14.48,18.89,0.0,0.0,178.77,4.52,-0.362,-0.327,STRAIGHT,1.5,1.5,"CMD,-0.3,1.50",3.659,-0.0104,3.649,-0.07,1,0.9938,0,NORMAL,53.864,-0.858,1,1,1,1,1,208.4,40,11,dijkstra,fallback_centerline,0.82227,0,,,,,,0,,,,480814,246284,4547
1391,286.1880977153778,2026-03-06T12:49:04.073405,116.28,0.0,9.84,18.91,11.37,0.0,0.0,175.03,4.54,-0.391,-0.362,STRAIGHT,1.5,1.5,"CMD,-0.4,1.50",3.653,-0.0109,3.642,-0.072,1,0.9953,0,NORMAL,53.015,-0.905,1,1,1,1,1,207.6,41,12,dijkstra,fallback_centerline,0.81814,0,,,,,,0,,,,479577,245102,4476
1392,286.3867156505585,2026-03-06T12:49:04.272023,118.94,0.0,10.05,18.07,12.66,0.0,0.0,176.08,4.56,-0.427,-0.391,STRAIGHT,1.5,1.5,"CMD,-0.4,1.50",3.641,-0.0122,3.629,-0.08,1,0.9916,0,NORMAL,53.559,-0.921,1,1,1,1,1,205.6,25,9,dijkstra,fallback_centerline,0.78589,0,,,,,,0,,,,476320,235525,4276
1393,286.5865776538849,2026-03-06T12:49:04.471885,115.89,0.0,10.99,16.01,11.95,0.0,0.0,172.74,4.57,-0.241,-0.391,STRAIGHT,1.5,1.5,"CMD,-0.4,1.50",4.0,0.0032,3.881,0.024,1,0.9919,0,NORMAL,52.986,-0.94,1,1,1,1,2,194.1,21,8,dijkstra,graph,0.75558,0,,,,,,0,,,,473422,226410,3600
1394,286.7882342338562,2026-03-06T12:49:04.673542,116.96,0.0,10.45,16.62,12.6,0.0,0.0,174.44,4.6,-0.116,-0.241,STRAIGHT,1.5,1.5,"CMD,-0.2,1.50",4.0,0.0033,3.836,0.024,1,0.9938,0,NORMAL,53.42,-1.007,1,1,1,1,2,191.8,26,9,dijkstra,graph,0.76076,0,,,,,,0,,,,472617,227947,3773
1395,286.98994493484497,2026-03-06T12:49:04.875252,119.96,0.0,9.96,13.57,14.33,0.0,0.0,175.34,4.64,-0.032,-0.116,STRAIGHT,1.5,1.5,"CMD,-0.1,1.50",4.0,0.0033,3.836,0.024,1,0.9955,0,NORMAL,54.779,-1.037,1,1,1,1,2,191.8,25,9,dijkstra,graph,0.75643,0,,,,,,0,,,,472104,226620,3684
1396,287.1916768550873,2026-03-06T12:49:05.076984,117.65,0.0,10.5,16.19,11.78,0.0,0.0,175.08,4.68,0.023,-0.032,STRAIGHT,1.5,1.5,"CMD,-0.0,1.50",4.0,0.0033,3.836,0.024,1,0.9956,0,NORMAL,55.823,-0.98,1,1,1,1,2,191.8,26,8,dijkstra,graph,0.76882,0,,,,,,0,,,,473320,230411,3755
1397,287.40192222595215,2026-03-06T12:49:05.287229,121.44,0.0,10.79,18.94,14.14,0.0,0.0,180.85,4.72,0.06,0.023,STRAIGHT,1.5,1.5,"CMD,0.0,1.50",4.0,0.0032,3.881,0.024,1,0.9917,0,NORMAL,56.416,-0.899,1,1,1,1,2,194.1,26,9,dijkstra,graph,0.80537,0,,,,,,0,,,,476223,241349,4292
1398,287.6109962463379,2026-03-06T12:49:05.496303,121.94,0.0,10.17,18.46,14.43,0.0,0.0,182.43,4.77,0.084,0.06,STRAIGHT,1.5,1.5,"CMD,0.1,1.50",4.0,0.0032,3.881,0.024,1,0.9977,0,NORMAL,56.615,-0.812,1,1,1,1,2,194.1,30,10,dijkstra,graph,0.80143,0,,,,,,0,,,,475960,240155,4298
1399,287.8230218887329,2026-03-06T12:49:05.708329,122.84,0.0,11.29,17.44,13.73,0.0,0.0,183.78,4.78,0.099,0.084,STRAIGHT,1.5,1.5,"CMD,0.1,1.50",4.0,0.0031,3.927,0.024,1,0.9956,0,NORMAL,56.493,-0.727,1,1,1,1,2,196.4,32,9,dijkstra,graph,0.81374,0,,,,,,0,,,,476772,243678,4376
1400,288.02383399009705,2026-03-06T12:49:05.909141,120.75,0.0,9.51,15.02,11.53,0.0,0.0,178.05,4.8,0.109,0.099,STRAIGHT,1.5,1.5,"CMD,0.1,1.50",4.0,0.0031,3.927,0.024,1,0.9909,0,NORMAL,55.8,-0.733,1,1,1,1,2,196.4,21,8,dijkstra,graph,0.77258,0,,,,,,0,,,,472680,231477,3490
1401,288.2280638217926,2026-03-06T12:49:06.113371,118.8,0.0,11.11,16.98,12.36,0.0,1.01,177.24,4.82,0.116,0.109,STRAIGHT,1.5,1.5,"CMD,0.1,1.50",4.0,0.0031,3.927,0.024,1,0.9928,0,NORMAL,55.13,-0.712,1,1,1,1,2,196.4,26,9,dijkstra,graph,0.8055,0,,,,,,0,,,,475132,241354,4087
1402,288.433961391449,2026-03-06T12:49:06.319268,119.9,0.0,10.08,19.03,14.99,0.0,0.0,180.03,4.83,0.12,0.116,STRAIGHT,1.5,1.5,"CMD,0.1,1.50",4.0,0.0031,3.927,0.024,1,0.9881,0,NORMAL,54.859,-0.612,1,1,1,1,2,196.4,36,13,dijkstra,graph,0.83671,0,,,,,,0,,,,480765,250624,4926
1403,288.63856387138367,2026-03-06T12:49:06.523871,123.76,0.0,11.19,14.71,12.0,0.0,0.0,177.71,4.84,0.128,0.12,STRAIGHT,1.5,1.5,"CMD,0.1,1.50",4.0,0.0035,3.699,0.024,1,0.9798,0,NORMAL,54.713,-0.774,1,1,1,1,2,184.9,17,7,dijkstra,graph,0.75738,0,,,,,,0,,,,471185,226879,3558
1404,288.8439612388611,2026-03-06T12:49:06.729268,121.1,0.0,10.7,15.0,11.74,0.0,0.0,177.59,4.84,0.136,0.128,STRAIGHT,1.5,1.5,"CMD,0.1,1.50",4.0,0.0036,3.607,0.024,1,0.9883,0,NORMAL,53.897,-0.852,1,1,1,1,2,180.4,21,8,dijkstra,graph,0.72215,0,,,,,,0,,,,465861,216268,3684
1405,289.05315923690796,2026-03-06T12:49:06.938466,126.26,0.0,10.48,15.39,12.37,0.0,0.0,185.27,4.84,0.139,0.136,STRAIGHT,1.5,1.5,"CMD,0.1,1.50",4.0,0.0035,3.699,0.024,1,0.9917,0,NORMAL,52.775,-0.751,1,1,1,1,2,184.9,21,8,dijkstra,graph,0.74492,0,,,,,,0,,,,469648,223179,3545
1406,289.2607612609863,2026-03-06T12:49:07.146068,120.75,0.0,10.91,18.2,13.04,0.0,2.0,181.32,4.84,0.139,0.139,STRAIGHT,1.5,1.5,"CMD,0.1,1.50",4.0,0.0034,3.79,0.024,1,0.9848,0,NORMAL,50.693,-0.693,1,1,1,1,2,189.5,30,12,dijkstra,graph,0.81262,0,,,,,,0,,,,475662,243369,4580
1407,289.4612216949463,2026-03-06T12:49:07.346529,120.25,0.0,9.83,14.36,11.15,0.0,0.0,174.4,4.85,0.147,0.139,STRAIGHT,1.5,1.5,"CMD,0.1,1.50",4.0,0.0039,3.47,0.024,1,0.9707,0,NORMAL,49.992,-0.952,1,1,1,1,2,173.5,22,8,dijkstra,graph,0.7036,0,,,,,,0,,,,461931,210792,3491
1408,289.67483949661255,2026-03-06T12:49:07.560146,124.33,0.0,10.11,20.32,14.29,0.0,0.0,187.55,4.84,0.146,0.146,STRAIGHT,1.5,1.5,"CMD,0.1,1.50",4.0,0.0035,3.699,0.024,1,0.9683,0,NORMAL,50.057,-1.326,1,1,1,1,2,184.9,46,14,dijkstra,graph,0.81926,0,,,,,,0,,,,470536,245178,4982
1409,289.88541889190674,2026-03-06T12:49:07.770726,123.4,0.0,9.92,11.67,18.1,0.0,0.0,182.57,4.85,0.154,0.147,STRAIGHT,1.5,1.5,"CMD,0.1,1.50",4.0,0.0041,3.379,0.024,1,0.9642,0,NORMAL,52.74,-1.67,1,1,1,1,2,169.0,32,10,dijkstra,graph,0.71506,0,,,,,,0,,,,453795,214088,4097
1410,290.0869607925415,2026-03-06T12:49:07.972268,120.98,0.0,9.52,13.67,10.23,0.0,0.0,172.84,4.85,0.162,0.154,STRAIGHT,1.5,1.5,"CMD,0.2,1.50",4.0,0.0043,3.288,0.023,1,0.9684,0,NORMAL,55.59,-2.25,1,1,1,1,2,164.4,21,8,dijkstra,graph,0.64893,0,,,,,,0,,,,442839,194381,3358
1411,290.29491329193115,2026-03-06T12:49:08.180220,120.06,0.0,10.15,20.21,14.67,0.0,0.0,182.23,4.85,0.161,0.161,STRAIGHT,1.5,1.5,"CMD,0.2,1.50",4.0,0.0038,3.516,0.024,1,0.9567,0,NORMAL,44.587,-1.647,1,1,1,1,2,175.8,54,16,dijkstra,graph,0.7886,0,,,,,,0,,,,461367,235974,4888
1412,290.49515104293823,2026-03-06T12:49:08.380458,120.01,0.0,10.08,15.93,11.52,0.0,0.0,172.53,4.85,0.165,0.162,STRAIGHT,1.5,1.5,"CMD,0.2,1.50",4.0,0.0042,3.333,0.023,1,0.9659,0,NORMAL,33.743,-1.757,1,1,1,1,2,166.7,21,8,dijkstra,graph,0.66564,0,,,,,,0,,,,446847,199473,3171
1413,290.69855093955994,2026-03-06T12:49:08.583858,122.1,0.0,10.98,17.11,11.79,0.0,1.0,177.44,4.86,0.168,0.165,STRAIGHT,1.5,1.5,"CMD,0.2,1.50",4.0,0.0042,3.333,0.023,1,0.9917,0,NORMAL,23.021,-1.581,1,1,1,1,2,166.7,26,10,dijkstra,graph,0.6795,0,,,,,,0,,,,449709,203557,3477
1414,290.89974665641785,2026-03-06T12:49:08.785054,123.63,0.0,10.97,14.22,9.03,0.0,1.02,176.79,4.87,0.169,0.168,STRAIGHT,1.5,1.5,"CMD,0.2,1.50",4.0,0.0041,3.379,0.024,1,0.985,0,NORMAL,25.51,-1.441,1,1,1,1,2,169.0,17,7,dijkstra,graph,0.66145,0,,,,,,0,,,,446400,198204,3196
1415,291.096556186676,2026-03-06T12:49:08.981863,117.63,0.0,7.6,16.58,10.96,0.0,1.02,172.03,4.87,0.171,0.169,STRAIGHT,1.5,1.5,"CMD,0.2,1.50",4.0,0.0042,3.333,0.023,1,0.9788,0,NORMAL,39.229,-1.338,1,1,1,1,2,166.7,35,11,dijkstra,graph,0.68785,0,,,,,,0,,,,450145,206085,3770
1416,291.2947664260864,2026-03-06T12:49:09.180073,118.09,0.0,10.03,18.49,14.07,0.0,0.0,176.42,4.89,0.169,0.169,STRAIGHT,1.5,1.5,"CMD,0.2,1.50",4.0,0.004,3.425,0.024,1,0.9761,0,NORMAL,59.702,-1.043,1,1,1,1,2,171.2,39,12,dijkstra,graph,0.76122,0,,,,,,0,,,,459721,227984,4197
1417,291.49661803245544,2026-03-06T12:49:09.381925,121.5,0.0,8.51,15.42,9.89,0.0,0.0,174.01,4.9,0.175,0.171,STRAIGHT,1.5,1.5,"CMD,0.2,1.50",4.0,0.0046,3.196,0.023,1,0.9585,0,NORMAL,70.711,-1.332,1,1,1,1,2,159.8,24,8,dijkstra,graph,0.65027,0,,,,,,0,,,,442352,194806,3312
1418,291.69756531715393,2026-03-06T12:49:09.582872,120.07,0.0,11.03,15.68,13.6,0.0,0.0,179.99,4.9,0.183,0.175,STRAIGHT,1.5,1.5,"CMD,0.2,1.50",4.0,0.0048,3.105,0.023,1,0.9808,0,NORMAL,70.711,-1.226,1,1,1,1,2,155.3,27,9,dijkstra,graph,0.67397,0,,,,,,0,,,,441416,201917,3935
1419,291.9076383113861,2026-03-06T12:49:09.792946,123.62,0.0,9.94,17.6,13.56,0.0,1.0,183.4,4.9,0.186,0.183,STRAIGHT,1.5,1.5,"CMD,0.2,1.50",4.0,0.0047,3.151,0.023,1,0.987,0,NORMAL,70.711,-1.267,1,1,1,1,2,157.5,34,11,dijkstra,graph,0.69147,0,,,,,,0,,,,440424,207082,3779
1420,292.1039385795593,2026-03-06T12:49:09.989246,117.22,0.0,10.0,15.76,11.59,0.0,1.0,171.8,4.9,0.197,0.186,STRAIGHT,1.5,1.5,"CMD,0.2,1.50",4.0,0.0053,2.922,0.023,1,0.9787,0,NORMAL,66.71,-1.435,1,1,1,1,2,146.1,30,10,dijkstra,graph,0.64921,0,,,,,,0,,,,431868,194468,3695
1421,292.3011600971222,2026-03-06T12:49:10.186467,119.35,0.0,4.51,14.18,12.46,0.0,0.0,172.37,4.9,0.209,0.197,STRAIGHT,1.5,1.5,"CMD,0.2,1.50",4.0,0.0056,2.831,0.023,1,0.9672,0,NORMAL,64.022,-1.45,1,1,1,1,2,141.6,23,9,dijkstra,graph,0.63256,0,,,,,,0,,,,418474,189463,3656
1422,292.498468875885,2026-03-06T12:49:10.383776,118.84,0.0,6.75,19.01,11.48,0.0,0.0,172.38,4.91,0.217,0.209,STRAIGHT,1.5,1.5,"CMD,0.2,1.50",4.0,0.0056,2.831,0.023,1,0.9708,0,NORMAL,61.578,-1.416,1,1,1,1,2,141.6,26,10,dijkstra,graph,0.62023,0,,,,,,0,,,,421254,185811,3381
1423,292.6996989250183,2026-03-06T12:49:10.585006,119.67,0.0,7.13,19.94,11.2,0.0,1.01,175.62,4.91,0.227,0.217,STRAIGHT,1.5,1.5,"CMD,0.2,1.50",4.0,0.006,2.74,0.022,1,0.9898,0,NORMAL,58.614,-1.397,1,1,1,1,2,137.0,26,10,dijkstra,graph,0.60808,0,,,,,,0,,,,417571,181999,3368
1424,292.9018795490265,2026-03-06T12:49:10.787187,122.95,0.0,11.07,13.4,10.95,0.0,0.0,177.35,4.91,0.236,0.227,STRAIGHT,1.5,1.5,"CMD,0.2,1.50",4.0,0.0061,2.694,0.022,1,0.9898,0,NORMAL,56.098,-1.249,1,1,1,1,2,134.7,25,10,dijkstra,graph,0.5999,0,,,,,,0,,,,413701,179616,3307
1425,293.1008126735687,2026-03-06T12:49:10.986120,121.05,0.0,10.15,14.36,10.09,0.0,0.0,174.26,4.91,0.241,0.236,STRAIGHT,1.5,1.5,"CMD,0.2,1.50",4.0,0.0061,2.694,0.022,1,0.9776,0,NORMAL,55.648,-1.095,1,1,1,1,2,134.7,27,9,dijkstra,graph,0.62591,0,,,,,,0,,,,417376,187410,3462
1426,293.3001914024353,2026-03-06T12:49:11.185498,119.99,0.0,9.87,13.96,12.06,0.0,0.0,173.35,4.92,0.251,0.241,STRAIGHT,1.5,1.5,"CMD,0.2,1.50",4.0,0.0066,2.603,0.022,1,0.9589,0,NORMAL,57.618,-1.235,1,1,1,1,2,130.2,33,9,dijkstra,graph,0.58802,0,,,,,,0,,,,401165,175880,3682
1427,293.4977812767029,2026-03-06T12:49:11.383088,119.47,0.0,8.25,12.46,11.01,0.0,1.19,171.91,4.93,0.258,0.251,STRAIGHT,1.5,1.5,"CMD,0.3,1.50",4.0,0.0066,2.603,0.022,1,0.9818,0,NORMAL,56.592,-1.08,1,1,1,1,2,130.2,26,9,dijkstra,graph,0.58178,0,,,,,,0,,,,403753,173996,3349
1428,293.6964888572693,2026-03-06T12:49:11.581796,120.81,0.0,7.99,16.88,11.72,0.0,0.0,174.77,4.94,0.268,0.258,STRAIGHT,1.5,1.5,"CMD,0.3,1.50",4.0,0.007,2.511,0.022,1,0.9854,0,NORMAL,57.503,-0.936,1,1,1,1,2,125.6,31,11,dijkstra,graph,0.57256,0,,,,,,0,,,,399666,171207,3341
1429,293.89575934410095,2026-03-06T12:49:11.781066,119.81,0.0,7.02,15.98,11.19,0.0,0.85,172.78,4.94,0.282,0.268,STRAIGHT,1.5,1.5,"CMD,0.3,1.50",4.0,0.0075,2.42,0.022,1,0.9537,0,NORMAL,57.833,-0.829,1,1,1,1,2,121.0,26,11,dijkstra,graph,0.5657,0,,,,,,0,,,,383508,169285,3470
1430,294.09268021583557,2026-03-06T12:49:11.977987,118.59,0.0,9.27,13.73,11.12,0.0,0.0,171.99,4.94,0.287,0.282,STRAIGHT,1.5,1.5,"CMD,0.3,1.50",4.0,0.0072,2.466,0.022,1,0.956,0,NORMAL,56.076,-0.763,1,1,1,1,2,123.3,30,11,dijkstra,graph,0.5611,0,,,,,,0,,,,393896,167817,3366
1431,294.2882161140442,2026-03-06T12:49:12.173523,119.71,0.0,9.1,11.18,10.89,0.0,0.0,170.56,4.95,-0.28,0.282,STRAIGHT,1.5,1.5,"CMD,0.3,1.50",2.683,-0.0343,2.662,-0.122,1,0.8438,0,NORMAL,56.297,-0.722,1,1,1,1,1,223.6,26,10,dijkstra,fallback_centerline,0.50651,0,,,,,,0,,,,333327,151669,2934
1432,294.4805543422699,2026-03-06T12:49:12.365861,119.35,0.0,9.01,8.87,13.21,0.0,0.0,169.37,4.96,-0.687,-0.28,STRAIGHT,1.5,1.5,"CMD,-0.3,1.50",2.709,-0.0364,2.688,-0.132,1,0.9031,0,NORMAL,56.947,-0.601,1,1,1,1,1,220.3,19,8,dijkstra,fallback_centerline,0.52893,0,,,,,,0,,,,349132,158363,3136
1433,294.6673574447632,2026-03-06T12:49:12.552665,120.29,0.0,7.49,11.64,5.61,0.0,0.0,162.61,4.98,-0.988,-0.687,STRAIGHT,1.5,1.5,"CMD,-0.7,1.50",2.715,-0.0385,2.694,-0.14,1,0.9055,0,NORMAL,56.602,-0.622,1,1,1,1,1,220.5,22,9,dijkstra,fallback_centerline,0.51264,0,,,,,,0,,,,367792,153471,3237
1434,294.8677976131439,2026-03-06T12:49:12.753105,120.23,0.0,9.17,12.9,6.95,0.0,0.0,170.2,4.99,-1.188,-0.988,STRAIGHT,1.5,1.5,"CMD,-1.0,1.50",2.733,-0.0385,2.713,-0.142,1,0.9589,0,NORMAL,55.975,-0.645,1,1,1,1,1,222.7,29,11,dijkstra,fallback_centerline,0.48909,0,,,,,,0,,,,362901,146381,3041
1435,295.0654203891754,2026-03-06T12:49:12.950727,118.56,0.0,10.02,12.38,10.88,0.0,0.0,169.45,5.0,-1.323,-1.188,STRAIGHT,1.5,1.5,"CMD,-1.2,1.50",2.742,-0.0386,2.722,-0.143,1,0.9175,0,NORMAL,54.96,-0.691,1,1,1,1,1,223.5,18,8,dijkstra,fallback_centerline,0.48818,0,,,,,,0,,,,344970,146076,2977
1436,295.26456117630005,2026-03-06T12:49:13.149868,119.75,0.0,7.13,19.58,10.41,0.0,0.0,174.89,5.0,-1.422,-1.323,STRAIGHT,1.5,1.5,"CMD,-1.3,1.50",2.743,-0.0393,2.723,-0.146,1,0.9568,0,NORMAL,54.385,-0.655,1,1,1,1,1,223.7,75,12,dijkstra,fallback_centerline,0.4761,0,,,,,,0,,,,332563,142588,3185
1437,295.45957708358765,2026-03-06T12:49:13.344884,120.16,0.0,8.52,13.16,10.42,0.0,1.01,171.4,5.01,-1.511,-1.422,STRAIGHT,1.5,1.5,"CMD,-1.4,1.50",2.74,-0.041,2.719,-0.152,1,0.9515,0,NORMAL,53.773,-0.616,1,1,1,1,1,223.7,37,9,dijkstra,fallback_centerline,0.45723,0,,,,,,0,,,,322544,136944,3019
1438,295.64709997177124,2026-03-06T12:49:13.532407,117.27,0.0,8.93,9.88,11.46,0.0,0.0,165.22,5.03,-1.598,-1.511,STRAIGHT,1.5,1.5,"CMD,-1.5,1.50",2.742,-0.0429,2.721,-0.16,1,0.9133,0,NORMAL,52.58,-0.64,1,1,1,1,1,223.5,21,9,dijkstra,fallback_centerline,0.44661,0,,,,,,0,,,,316924,133722,2805
1439,295.843674659729,2026-03-06T12:49:13.728982,123.59,0.0,10.17,11.03,11.32,0.0,0.0,175.11,5.04,-1.7,-1.598,STRAIGHT,1.5,1.5,"CMD,-1.6,1.50",2.757,-0.0462,2.736,-0.174,1,0.894,0,NORMAL,51.45,-0.667,1,1,1,1,1,223.0,34,10,dijkstra,fallback_centerline,0.43341,0,,,,,,0,,,,329511,129597,2919
1440,296.03283309936523,2026-03-06T12:49:13.918140,116.62,0.0,10.27,11.28,9.9,0.0,0.0,167.01,5.05,-1.775,-1.7,STRAIGHT,1.5,1.5,"CMD,-1.7,1.50",2.76,-0.0467,2.739,-0.176,1,0.9671,0,NORMAL,50.453,-0.584,1,1,1,1,1,223.3,22,9,dijkstra,fallback_centerline,0.44031,0,,,,,,0,,,,339378,131614,2979
1441,296.2238907814026,2026-03-06T12:49:14.109198,117.79,0.0,8.88,11.13,9.8,0.0,1.5,168.21,5.06,-1.758,-1.758,STRAIGHT,1.5,1.5,"CMD,-1.8,1.50",2.819,-0.0418,2.8,-0.164,1,0.9764,0,NORMAL,44.528,-0.534,1,1,1,1,1,223.8,27,8,dijkstra,fallback_centerline,0.42868,0,,,,,,0,,,,333686,128249,2812
1442,296.41540026664734,2026-03-06T12:49:14.300707,118.31,0.0,10.72,11.59,10.11,0.0,0.0,168.41,5.07,-1.645,-1.758,STRAIGHT,1.5,1.5,"CMD,-1.8,1.50",3.142,-0.0344,3.129,-0.169,1,0.8576,0,NORMAL,38.561,-0.455,1,1,1,1,1,224.5,28,8,dijkstra,fallback_centerline,0.41841,0,,,,,,0,,,,288413,125096,2576
1443,296.60995078086853,2026-03-06T12:49:14.495258,121.66,0.0,9.97,12.66,9.85,0.0,0.0,172.29,5.08,-1.517,-1.645,STRAIGHT,1.5,1.5,"CMD,-1.6,1.50",3.234,-0.0306,3.221,-0.159,1,0.8499,0,NORMAL,33.051,-0.484,1,1,1,1,1,224.0,29,8,dijkstra,fallback_centerline,0.43818,0,,,,,,0,,,,338270,131136,2695
1444,296.80381321907043,2026-03-06T12:49:14.689120,122.69,0.0,8.71,11.13,9.83,0.0,0.0,169.88,5.08,-1.481,-1.517,STRAIGHT,1.5,1.5,"CMD,-1.5,1.50",3.123,-0.0341,3.109,-0.165,1,0.8804,0,NORMAL,28.114,-0.381,1,1,1,1,1,223.4,30,8,dijkstra,fallback_centerline,0.39397,0,,,,,,0,,,,298006,117790,2548
1445,297.00103211402893,2026-03-06T12:49:14.886339,123.6,0.0,9.41,12.02,10.27,0.0,0.0,173.36,5.08,-1.483,-1.483,STRAIGHT,1.5,1.5,"CMD,-1.5,1.50",3.079,-0.0361,3.065,-0.17,1,0.1645,1,WARN,29.164,-0.283,1,1,1,1,1,223.4,30,8,dijkstra,fallback_centerline,0.39502,0,,,,,,0,,,,298484,118086,2584
1446,297.1974813938141,2026-03-06T12:49:15.082788,118.7,0.0,7.75,20.5,8.82,0.0,0.0,174.92,5.09,-0.558,-1.481,STRAIGHT,1.5,1.5,"CMD,-1.5,1.50",2.314,0.0313,2.267,0.08,1,0.8288,0,NORMAL,22.355,-0.278,1,1,1,1,1,223.4,103,13,dijkstra,fallback_centerline,0.35143,0,,,,,,0,,,,281851,105212,2960
1447,297.39539670944214,2026-03-06T12:49:15.280704,121.32,0.0,9.38,18.33,8.95,0.0,0.8,175.87,5.09,-0.392,-0.558,STRAIGHT,1.5,1.5,"CMD,-0.6,1.50",3.145,-0.0014,3.127,-0.007,1,0.8893,0,NORMAL,13.183,-0.281,1,1,1,1,1,224.4,78,10,dijkstra,fallback_centerline,0.38194,0,,,,,,0,,,,312445,114222,2774
1448,297.58586597442627,2026-03-06T12:49:15.471173,119.87,0.0,8.52,11.68,10.01,0.0,0.0,168.27,5.11,-0.531,-0.531,STRAIGHT,1.5,1.5,"CMD,-0.5,1.50",4.0,-0.0196,3.971,-0.155,1,0.9736,0,NORMAL,5.97,-0.219,1,1,1,1,1,224.0,38,10,dijkstra,fallback_centerline,0.36477,0,,,,,,0,,,,304795,109068,2734
1449,297.7778515815735,2026-03-06T12:49:15.663159,119.36,0.0,8.29,11.05,10.05,0.0,0.0,168.06,5.11,-0.604,-0.531,STRAIGHT,1.5,1.5,"CMD,-0.5,1.50",4.0,-0.0182,3.968,-0.143,1,0.9451,0,NORMAL,2.893,-0.163,1,1,1,1,1,224.0,40,9,dijkstra,fallback_centerline,0.35287,0,,,,,,0,,,,290269,105414,2425
1450,297.967809677124,2026-03-06T12:49:15.853117,120.13,0.0,8.9,12.04,7.1,0.0,0.0,167.78,5.12,-0.615,-0.604,STRAIGHT,1.5,1.5,"CMD,-0.6,1.50",4.0,-0.0154,3.96,-0.121,1,0.8556,0,NORMAL,5.901,-0.123,1,1,1,1,1,224.2,45,7,dijkstra,fallback_centerline,0.32407,0,,,,,,0,,,,248543,96878,2249
1451,298.1615836620331,2026-03-06T12:49:16.046891,119.98,0.0,9.06,13.59,9.46,0.0,0.0,169.85,5.12,-0.125,-0.604,STRAIGHT,1.5,1.5,"CMD,-0.6,1.50",3.423,0.0207,3.407,0.12,1,0.9287,0,NORMAL,10.99,-0.169,1,1,1,1,1,223.4,59,8,dijkstra,fallback_centerline,0.31114,0,,,,,,0,,,,236011,92915,2111
1452,298.3505058288574,2026-03-06T12:49:16.235813,121.02,0.0,8.53,12.1,8.85,0.0,0.0,167.45,5.13,0.389,-0.125,STRAIGHT,1.5,1.5,"CMD,-0.1,1.50",3.24,0.0344,3.225,0.179,1,0.8802,0,NORMAL,17.25,-0.203,1,1,1,1,1,223.2,53,6,dijkstra,fallback_centerline,0.32048,0,,,,,,0,,,,262152,95719,2332
1453,298.5384113788605,2026-03-06T12:49:16.423718,119.97,0.0,9.0,12.08,8.67,0.0,0.0,168.4,5.15,0.839,0.389,STRAIGHT,1.5,1.5,"CMD,0.4,1.50",3.248,0.0422,3.231,0.221,1,0.945,0,NORMAL,22.608,-0.171,1,1,1,1,1,222.0,43,9,dijkstra,fallback_centerline,0.31236,0,,,,,,0,,,,265376,93308,2370
1454,298.72787141799927,2026-03-06T12:49:16.613178,119.28,0.0,8.99,11.41,10.39,0.0,0.0,168.0,5.15,1.138,0.839,STRAIGHT,1.5,1.5,"CMD,0.8,1.50",3.29,0.0421,3.273,0.226,1,0.8939,0,NORMAL,26.604,-0.184,1,1,1,1,1,221.4,52,8,dijkstra,fallback_centerline,0.28329,0,,,,,,0,,,,237238,84656,2246
1455,298.9138307571411,2026-03-06T12:49:16.799138,119.46,0.0,8.85,12.53,6.9,0.0,0.0,165.23,5.17,0.978,0.978,STRAIGHT,1.5,1.5,"CMD,1.0,1.50",3.761,0.016,3.402,0.093,1,0.8243,0,NORMAL,33.705,-0.254,1,1,1,1,1,185.6,65,10,dijkstra,fallback_centerline,0.272,0,,,,,,0,,,,230086,81226,2360
1456,299.105806350708,2026-03-06T12:49:16.991113,118.72,0.0,10.08,18.88,6.93,0.0,0.0,173.38,5.17,3.923,1.138,STRAIGHT,1.5,1.5,"CMD,1.1,1.50",2.257,0.2402,1.78,0.4,1,0.6136,0,NORMAL,37.079,-0.225,1,1,1,1,1,139.5,114,14,dijkstra,fallback_centerline,0.18407,0,,,,,,0,,,,141240,55016,2367
1457,299.29721236228943,2026-03-06T12:49:17.182519,123.0,0.0,5.51,18.45,7.09,0.0,0.0,174.17,5.18,4.826,3.923,STRAIGHT,1.5,1.5,"CMD,3.9,1.50",3.362,0.1615,2.074,0.358,1,0.7368,0,NORMAL,38.424,-0.036,1,1,1,1,1,144.3,109,11,dijkstra,fallback_centerline,0.22165,0,,,,,,0,,,,188990,66282,2522
1458,299.4854543209076,2026-03-06T12:49:17.370761,116.28,0.0,7.77,19.07,6.51,0.0,0.0,168.24,5.19,5.643,4.826,STRAIGHT,1.5,1.5,"CMD,4.8,1.50",3.8,0.1774,1.902,0.331,1,0.7085,0,NORMAL,41.891,-0.091,1,1,1,1,1,141.9,116,10,dijkstra,fallback_centerline,0.19186,0,,,,,,0,,,,140852,57274,2109
1459,299.6745398044586,2026-03-06T12:49:17.559847,121.34,0.0,8.27,18.22,6.38,0.0,0.0,170.9,5.2,6.226,5.643,STRAIGHT,1.5,1.5,"CMD,5.6,1.50",3.414,0.1802,1.89,0.332,1,0.2969,0,WARN,45.406,-0.077,1,1,1,1,1,142.9,116,10,dijkstra,fallback_centerline,0.19215,0,,,,,,0,,,,141009,57390,2109
1460,299.8622577190399,2026-03-06T12:49:17.747565,121.14,0.0,8.52,14.14,7.51,0.0,0.0,168.17,5.2,4.801,5.643,STRAIGHT,1.5,1.5,"CMD,5.6,1.50",3.351,0.0473,3.305,0.26,1,0.6321,0,NORMAL,47.931,-0.11,1,1,1,1,1,219.6,54,8,dijkstra,fallback_centerline,0.26033,0,,,,,,0,,,,207114,77537,2218
1461,300.05065536499023,2026-03-06T12:49:17.935962,121.71,0.0,9.25,12.62,6.95,0.0,0.0,167.84,5.21,3.956,4.801,STRAIGHT,1.5,1.5,"CMD,4.8,1.50",2.449,0.055,2.408,0.16,1,0.719,0,NORMAL,48.231,0.137,1,1,1,1,1,219.3,79,11,dijkstra,fallback_centerline,0.19285,0,,,,,,0,,,,151105,57493,1793
1462,300.2404305934906,2026-03-06T12:49:18.125738,117.29,0.0,8.43,19.27,7.38,0.0,0.0,171.12,5.2,3.197,3.956,STRAIGHT,1.5,1.5,"CMD,4.0,1.50",4.0,0.0407,3.024,0.187,1,0.634,0,NORMAL,50.566,-0.32,1,1,1,1,1,171.5,128,10,dijkstra,fallback_centerline,0.20167,0,,,,,,0,,,,142758,60216,2291
1463,300.42787289619446,2026-03-06T12:49:18.313180,116.32,0.0,9.22,16.19,7.84,0.0,0.0,167.16,5.22,2.459,3.197,STRAIGHT,1.5,1.5,"CMD,3.2,1.50",4.0,0.0238,3.964,0.188,1,0.6694,0,NORMAL,51.928,-0.159,1,1,1,1,1,221.5,81,7,dijkstra,fallback_centerline,0.22246,0,,,,,,0,,,,157404,66379,2214
1464,300.6128661632538,2026-03-06T12:49:18.498173,117.66,0.0,8.93,15.03,7.07,0.0,0.0,165.72,5.23,2.511,2.511,STRAIGHT,1.5,1.5,"CMD,2.5,1.50",2.528,0.0634,2.485,0.197,1,0.0,1,WARN,52.089,0.014,1,1,1,1,1,222.4,81,7,dijkstra,fallback_centerline,0.22246,0,,,,,,0,,,,157404,66379,2214
1465,300.7974545955658,2026-03-06T12:49:18.682762,115.5,0.0,7.12,20.09,7.76,0.0,0.0,166.63,5.24,2.319,2.459,STRAIGHT,1.5,1.5,"CMD,2.5,1.50",2.224,0.0469,2.166,0.11,1,0.0747,2,WARN,52.496,-0.007,1,1,1,1,1,221.3,81,7,dijkstra,fallback_centerline,0.22246,0,,,,,,0,,,,157404,66379,2214
1466,300.97606348991394,2026-03-06T12:49:18.861371,117.75,0.0,8.21,10.97,6.33,0.0,0.0,160.33,5.26,2.549,2.511,STRAIGHT,1.5,1.5,"CMD,2.5,1.50",2.923,0.0731,2.885,0.307,1,0.7367,1,NORMAL,55.786,-0.08,1,1,1,1,1,199.9,56,4,dijkstra,fallback_centerline,0.1664,0,,,,,,0,,,,155345,49715,1113
1467,301.16771173477173,2026-03-06T12:49:19.053019,122.34,0.0,8.96,19.93,7.07,0.0,0.0,174.02,5.25,2.421,2.421,STRAIGHT,1.5,1.5,"CMD,2.4,1.50",3.183,0.0525,3.146,0.262,1,0.7583,0,NORMAL,56.259,-0.079,1,1,1,1,1,221.0,120,5,dijkstra,fallback_centerline,0.18372,0,,,,,,0,,,,145131,54990,1415
1468,301.3616433143616,2026-03-06T12:49:19.246950,119.95,0.0,8.01,19.51,7.54,0.0,0.0,174.01,5.26,2.492,2.492,STRAIGHT,1.5,1.5,"CMD,2.5,1.50",2.876,0.0639,2.838,0.259,1,0.0,1,WARN,56.433,-0.14,1,1,1,1,1,222.5,120,5,dijkstra,fallback_centerline,0.18372,0,,,,,,0,,,,145131,54990,1415
1469,301.54611992836,2026-03-06T12:49:19.431427,120.58,0.0,7.75,14.09,5.9,0.0,0.0,166.84,5.26,2.477,2.477,STRAIGHT,1.5,1.5,"CMD,2.5,1.50",2.972,0.0594,2.936,0.258,1,0.8018,0,NORMAL,56.281,-0.237,1,1,1,1,1,222.7,69,5,dijkstra,fallback_centerline,0.19136,0,,,,,,0,,,,139045,57309,1208
1470,301.73189067840576,2026-03-06T12:49:19.617198,118.91,0.0,7.5,13.23,8.01,0.0,0.0,165.04,5.27,2.229,2.477,STRAIGHT,1.5,1.5,"CMD,2.5,1.50",3.407,0.042,3.377,0.241,1,0.896,0,NORMAL,56.264,-0.187,1,1,1,1,1,222.4,62,3,dijkstra,fallback_centerline,0.19917,0,,,,,,0,,,,134217,59494,1129
1471,301.92262077331543,2026-03-06T12:49:19.807928,122.12,0.0,8.27,15.53,7.92,0.0,0.0,172.0,5.27,1.731,2.229,STRAIGHT,1.5,1.5,"CMD,2.2,1.50",3.941,0.0178,3.912,0.136,1,0.8072,0,NORMAL,56.442,-0.122,1,1,1,1,1,222.2,75,4,dijkstra,fallback_centerline,0.22347,0,,,,,,0,,,,159456,66815,1456
1472,302.1122364997864,2026-03-06T12:49:19.997544,121.3,0.0,8.79,13.87,8.44,0.0,0.0,170.32,5.27,1.586,1.731,STRAIGHT,1.5,1.5,"CMD,1.7,1.50",4.0,0.0314,3.979,0.25,1,0.9336,0,NORMAL,56.771,-0.094,1,1,1,1,1,222.4,69,4,dijkstra,fallback_centerline,0.20636,0,,,,,,0,,,,149770,61729,1349
1473,302.30270981788635,2026-03-06T12:49:20.188017,122.45,0.0,8.38,13.41,7.86,0.0,0.0,170.81,5.27,1.501,1.586,STRAIGHT,1.5,1.5,"CMD,1.6,1.50",4.0,0.0323,3.981,0.257,1,0.9543,0,NORMAL,57.123,-0.054,1,1,1,1,1,222.1,61,4,dijkstra,fallback_centerline,0.20581,0,,,,,,0,,,,145780,61509,1431
1474,302.4819850921631,2026-03-06T12:49:20.367292,118.24,0.0,7.51,8.65,7.02,0.0,0.0,163.12,5.29,1.331,1.501,STRAIGHT,1.5,1.5,"CMD,1.5,1.50",4.0,0.024,3.979,0.191,1,0.9157,0,NORMAL,57.562,-0.017,1,1,1,1,1,222.1,26,3,dijkstra,fallback_centerline,0.19221,0,,,,,,0,,,,133730,57541,926
1475,302.66400957107544,2026-03-06T12:49:20.549317,121.19,0.0,8.71,8.85,7.35,0.0,0.0,164.06,5.31,1.177,1.331,STRAIGHT,1.5,1.5,"CMD,1.3,1.50",4.0,0.0211,3.975,0.167,1,0.8996,0,NORMAL,57.749,0.064,1,1,1,1,1,221.5,27,3,dijkstra,fallback_centerline,0.18333,0,,,,,,0,,,,123195,54863,1036
1476,302.84555768966675,2026-03-06T12:49:20.730865,121.97,0.0,8.06,7.08,7.63,0.0,0.9,163.78,5.32,1.089,1.177,STRAIGHT,1.5,1.5,"CMD,1.2,1.50",4.0,0.0221,3.976,0.175,1,0.9023,0,NORMAL,59.139,0.113,1,1,1,1,1,221.7,19,3,dijkstra,fallback_centerline,0.19085,0,,,,,,0,,,,134378,57035,923
1477,303.0246322154999,2026-03-06T12:49:20.909939,119.43,0.0,7.87,10.15,7.88,0.0,0.0,161.67,5.33,1.145,1.145,STRAIGHT,1.5,1.5,"CMD,1.1,1.50",4.0,0.0305,3.981,0.242,1,0.9259,0,NORMAL,59.765,0.215,1,1,1,1,1,220.3,30,3,dijkstra,fallback_centerline,0.19091,0,,,,,,0,,,,134481,57076,1059
1478,303.2109606266022,2026-03-06T12:49:21.096268,122.29,0.0,8.74,11.26,8.21,0.0,0.0,169.84,5.34,1.163,1.145,STRAIGHT,1.5,1.5,"CMD,1.1,1.50",4.0,0.0291,3.989,0.232,1,0.9052,0,NORMAL,61.128,0.213,1,1,1,1,1,223.3,37,3,dijkstra,fallback_centerline,0.21835,0,,,,,,0,,,,147112,65364,1176
1479,303.39571595191956,2026-03-06T12:49:21.281023,119.15,0.0,7.72,16.26,7.98,0.0,0.0,168.09,5.34,1.134,1.145,STRAIGHT,1.5,1.5,"CMD,1.1,1.50",4.0,0.0261,3.991,0.208,1,0.9781,0,NORMAL,61.346,0.206,1,1,1,1,1,224.4,74,5,dijkstra,fallback_centerline,0.21314,0,,,,,,0,,,,144568,63768,1474
1480,303.58186435699463,2026-03-06T12:49:21.467171,118.26,0.0,7.14,17.67,7.88,0.0,0.0,167.23,5.35,1.084,1.134,STRAIGHT,1.5,1.5,"CMD,1.1,1.50",4.0,0.0239,3.99,0.19,1,0.9737,0,NORMAL,62.056,0.253,1,1,1,1,1,223.3,93,4,dijkstra,fallback_centerline,0.21928,0,,,,,,0,,,,147689,65567,1557
1481,303.76544070243835,2026-03-06T12:49:21.651841,120.46,0.0,7.53,12.27,7.45,0.0,0.0,164.76,5.35,1.054,1.084,STRAIGHT,1.5,1.5,"CMD,1.1,1.50",4.0,0.0241,3.991,0.192,1,0.9793,0,NORMAL,62.373,0.268,1,1,1,1,1,222.1,38,4,dijkstra,fallback_centerline,0.21576,0,,,,,,0,,,,147005,64528,1292
1482,303.94953179359436,2026-03-06T12:49:21.834839,123.52,0.0,7.51,6.64,7.66,0.0,0.0,163.93,5.36,1.012,1.054,STRAIGHT,1.5,1.5,"CMD,1.1,1.50",4.0,0.0225,3.99,0.18,1,0.9727,0,NORMAL,62.658,0.251,1,1,1,1,1,221.1,11,3,dijkstra,fallback_centerline,0.22068,0,,,,,,0,,,,149639,65970,994
1483,304.1313695907593,2026-03-06T12:49:22.016677,120.84,0.0,7.7,9.15,7.57,0.0,0.0,164.04,5.37,1.035,1.035,STRAIGHT,1.5,1.5,"CMD,1.0,1.50",4.0,0.0262,3.991,0.209,1,0.9738,0,NORMAL,62.747,0.279,1,1,1,1,1,223.1,33,4,dijkstra,fallback_centerline,0.2282,0,,,,,,0,,,,151808,68196,1258
1484,304.3186469078064,2026-03-06T12:49:22.203954,121.5,0.0,9.27,11.65,8.01,0.0,0.0,167.94,5.37,1.053,1.035,STRAIGHT,1.5,1.5,"CMD,1.0,1.50",4.0,0.0264,3.99,0.211,1,0.975,0,NORMAL,62.841,0.3,1,1,1,1,1,223.6,43,4,dijkstra,fallback_centerline,0.22936,0,,,,,,0,,,,153233,68509,1273
1485,304.5042860507965,2026-03-06T12:49:22.389593,119.43,0.0,8.58,11.12,8.1,0.0,0.0,166.93,5.37,1.069,1.053,STRAIGHT,1.5,1.5,"CMD,1.1,1.50",4.0,0.0267,3.989,0.213,1,0.9807,0,NORMAL,62.921,0.32,1,1,1,1,1,223.5,39,4,dijkstra,fallback_centerline,0.22812,0,,,,,,0,,,,153716,68328,1283
1486,304.69604754447937,2026-03-06T12:49:22.581354,118.98,0.0,8.98,19.64,8.47,0.0,0.0,173.46,5.37,1.497,1.069,STRAIGHT,1.5,1.5,"CMD,1.1,1.50",2.355,0.0571,2.306,0.153,1,0.7364,0,NORMAL,61.907,0.406,1,1,1,1,1,224.6,117,8,dijkstra,fallback_centerline,0.1844,0,,,,,,0,,,,113357,55233,1636
1487,304.87750792503357,2026-03-06T12:49:22.762815,119.31,0.0,8.48,7.34,9.55,0.0,0.0,162.14,5.38,1.176,1.176,STRAIGHT,1.5,1.5,"CMD,1.2,1.50",4.0,0.0129,1.826,0.022,1,0.7384,0,NORMAL,60.488,0.45,1,1,1,1,2,91.3,29,5,dijkstra,graph,0.17409,0,,,,,,0,,,,96586,52182,1167
1488,305.0596492290497,2026-03-06T12:49:22.944956,116.76,0.0,8.87,12.25,7.9,0.0,1.02,164.89,5.39,1.292,1.292,STRAIGHT,1.5,1.5,"CMD,1.3,1.50",2.957,0.0369,2.941,0.16,1,0.603,0,NORMAL,59.7,0.3,1,1,1,1,1,224.0,47,4,dijkstra,fallback_centerline,0.24209,0,,,,,,0,,,,159134,72401,1254
1489,305.2509822845459,2026-03-06T12:49:23.136289,125.83,0.0,9.1,13.13,8.47,0.0,0.0,174.12,5.38,1.324,1.292,STRAIGHT,1.5,1.5,"CMD,1.3,1.50",3.79,0.0336,1.963,0.065,1,0.6644,0,NORMAL,58.691,0.236,1,1,1,1,2,98.3,67,6,dijkstra,graph,0.17364,0,,,,,,0,,,,105795,52101,1331
1490,305.4388210773468,2026-03-06T12:49:23.324128,121.17,0.0,9.1,16.96,7.41,0.0,0.0,172.81,5.38,1.313,1.313,STRAIGHT,1.5,1.5,"CMD,1.3,1.50",2.519,0.0313,2.482,0.097,1,0.7609,0,NORMAL,56.398,0.14,1,1,1,1,1,224.9,92,6,dijkstra,fallback_centerline,0.20715,0,,,,,,0,,,,135777,61959,1407
1491,305.61559796333313,2026-03-06T12:49:23.500905,119.35,0.0,8.09,6.51,7.58,0.0,0.0,157.98,5.4,1.074,1.313,STRAIGHT,1.5,1.5,"CMD,1.3,1.50",4.0,0.0144,1.735,0.022,1,0.8418,0,NORMAL,57.258,0.068,1,1,1,1,2,86.8,10,4,dijkstra,graph,0.22793,0,,,,,,0,,,,158859,68248,973
1492,305.7968032360077,2026-03-06T12:49:23.682110,115.85,0.0,10.0,10.04,8.1,0.0,0.0,162.25,5.4,0.938,1.074,STRAIGHT,1.5,1.5,"CMD,1.1,1.50",4.0,0.0162,1.644,0.022,1,0.8857,0,NORMAL,56.952,0.069,1,1,1,1,2,82.2,36,3,dijkstra,graph,0.20043,0,,,,,,0,,,,140813,59910,1037
1493,305.97461318969727,2026-03-06T12:49:23.859920,118.28,0.0,8.37,7.12,7.14,0.0,0.0,159.74,5.41,0.811,0.938,STRAIGHT,1.5,1.5,"CMD,0.9,1.50",4.0,0.0135,1.781,0.021,1,0.9337,0,NORMAL,56.373,0.102,1,1,1,1,2,89.1,12,3,dijkstra,graph,0.21583,0,,,,,,0,,,,148849,64477,826
1494,306.1554253101349,2026-03-06T12:49:24.040732,122.04,0.0,8.04,7.6,7.41,0.0,0.0,162.19,5.41,0.739,0.811,STRAIGHT,1.5,1.5,"CMD,0.8,1.50",4.0,0.0144,1.735,0.022,1,0.9449,0,NORMAL,55.683,0.098,1,1,1,1,2,86.8,10,3,dijkstra,graph,0.21145,0,,,,,,0,,,,146583,63196,789
1495,306.3355929851532,2026-03-06T12:49:24.220900,119.81,0.0,9.38,6.36,7.85,0.0,0.0,161.57,5.41,0.69,0.739,STRAIGHT,1.5,1.5,"CMD,0.7,1.50",4.0,0.0144,1.735,0.022,1,0.9677,0,NORMAL,55.721,0.156,1,1,1,1,2,86.8,9,4,dijkstra,graph,0.21707,0,,,,,,0,,,,150187,64943,787
1496,306.5155465602875,2026-03-06T12:49:24.400854,118.58,0.0,7.96,8.03,7.01,0.0,0.88,160.88,5.42,0.658,0.69,STRAIGHT,1.5,1.5,"CMD,0.7,1.50",4.0,0.0144,1.735,0.022,1,0.9354,0,NORMAL,55.142,0.133,1,1,1,1,2,86.8,12,4,dijkstra,graph,0.22419,0,,,,,,0,,,,154263,67093,741
1497,306.6936423778534,2026-03-06T12:49:24.578949,117.11,0.0,9.04,7.66,8.14,0.0,0.0,159.76,5.44,-0.187,0.658,STRAIGHT,1.5,1.5,"CMD,0.7,1.50",2.689,-0.0455,2.666,-0.162,1,0.8901,0,NORMAL,53.67,0.238,1,1,1,1,1,221.2,12,4,dijkstra,fallback_centerline,0.25593,0,,,,,,0,,,,173294,76616,1120
1498,306.87482213974,2026-03-06T12:49:24.760129,123.05,0.0,8.21,6.11,6.58,0.0,0.0,160.69,5.44,0.061,0.061,STRAIGHT,1.5,1.5,"CMD,0.1,1.50",4.0,0.0135,1.781,0.021,1,0.9222,0,NORMAL,52.99,0.438,1,1,1,1,2,89.1,13,5,dijkstra,graph,0.24795,0,,,,,,0,,,,168984,74039,1139
1499,307.0563886165619,2026-03-06T12:49:24.941696,120.55,0.0,9.18,7.01,7.96,0.0,1.02,163.82,5.45,0.226,0.061,STRAIGHT,1.5,1.5,"CMD,0.1,1.50",4.0,0.0135,1.781,0.021,1,0.9439,0,NORMAL,52.239,0.529,1,1,1,1,2,89.1,11,4,dijkstra,graph,0.24128,0,,,,,,0,,,,160682,72128,994
1500,307.23484563827515,2026-03-06T12:49:25.120153,118.22,0.0,7.97,9.01,8.09,0.0,0.0,159.3,5.46,0.359,0.226,STRAIGHT,1.5,1.5,"CMD,0.2,1.50",4.0,0.0151,1.689,0.022,1,0.9495,0,NORMAL,51.861,0.518,1,1,1,1,2,84.5,9,4,dijkstra,graph,0.23345,0,,,,,,0,,,,163206,69905,876
1501,307.41686940193176,2026-03-06T12:49:25.302177,122.5,0.0,8.65,8.41,7.27,0.0,0.0,164.59,5.47,0.391,0.359,STRAIGHT,1.5,1.5,"CMD,0.4,1.50",4.0,0.011,1.963,0.021,1,0.805,0,NORMAL,51.9,0.294,1,1,1,1,2,98.2,19,3,dijkstra,graph,0.2474,0,,,,,,0,,,,171986,74102,842
1502,307.5957090854645,2026-03-06T12:49:25.481016,118.61,0.0,8.41,9.82,5.24,0.0,0.0,159.33,5.48,0.439,0.391,STRAIGHT,1.5,1.5,"CMD,0.4,1.50",4.0,0.0129,1.826,0.022,1,0.8727,0,NORMAL,51.323,0.482,1,1,1,1,2,91.3,22,4,dijkstra,graph,0.24112,0,,,,,,0,,,,163075,72095,858
1503,307.77506971359253,2026-03-06T12:49:25.660377,118.25,0.0,7.69,7.11,7.27,0.0,0.0,158.88,5.48,0.491,0.439,STRAIGHT,1.5,1.5,"CMD,0.4,1.50",4.0,0.0144,1.735,0.022,1,0.9375,0,NORMAL,50.624,0.654,1,1,1,1,2,86.8,9,3,dijkstra,graph,0.22702,0,,,,,,0,,,,157182,67994,854
1504,307.9649381637573,2026-03-06T12:49:25.850245,125.59,0.0,9.05,12.25,5.54,0.0,0.0,171.28,5.47,0.562,0.491,STRAIGHT,1.5,1.5,"CMD,0.5,1.50",4.0,0.0171,1.598,0.022,1,0.8948,0,NORMAL,50.232,0.831,1,1,1,1,2,79.9,65,5,dijkstra,graph,0.23231,0,,,,,,0,,,,167737,69467,1290
1505,308.13949060440063,2026-03-06T12:49:26.024798,118.17,0.0,7.46,10.02,7.01,0.0,0.0,159.61,5.48,0.61,0.562,STRAIGHT,1.5,1.5,"CMD,0.6,1.50",4.0,0.0171,1.598,0.022,1,0.9159,0,NORMAL,50.061,0.943,1,1,1,1,2,79.9,23,4,dijkstra,graph,0.25254,0,,,,,,0,,,,182242,75410,1070
1506,308.3211576938629,2026-03-06T12:49:26.206465,119.98,0.0,9.07,7.91,7.54,0.0,0.0,161.19,5.48,0.659,0.61,STRAIGHT,1.5,1.5,"CMD,0.6,1.50",4.0,0.0183,1.553,0.022,1,0.9173,0,NORMAL,50.676,0.981,1,1,1,1,2,77.6,15,6,dijkstra,graph,0.23678,0,,,,,,0,,,,168915,70829,1043
1507,308.51555705070496,2026-03-06T12:49:26.400864,122.13,0.0,8.06,15.12,11.05,0.0,0.0,175.56,5.47,0.912,0.659,STRAIGHT,1.5,1.5,"CMD,0.7,1.50",2.202,0.0344,2.138,0.079,1,0.5259,0,NORMAL,51.538,0.93,1,1,1,1,1,181.9,77,4,dijkstra,fallback_centerline,0.15132,0,,,,,,0,,,,88829,45512,1112
1508,308.6953647136688,2026-03-06T12:49:26.580672,118.86,0.0,7.83,9.87,5.98,0.0,0.0,162.87,5.47,1.574,0.912,STRAIGHT,1.5,1.5,"CMD,0.9,1.50",2.191,0.0703,2.122,0.159,1,0.6583,0,NORMAL,52.718,0.858,1,1,1,1,1,181.6,50,3,dijkstra,fallback_centerline,0.1144,0,,,,,,0,,,,60946,34257,955
1509,308.8776195049286,2026-03-06T12:49:26.762927,120.81,0.0,8.55,8.4,9.33,0.0,0.0,165.02,5.48,2.17,1.574,STRAIGHT,1.5,1.5,"CMD,1.6,1.50",2.279,0.0816,2.216,0.202,1,0.8174,0,NORMAL,54.027,0.724,1,1,1,1,1,201.4,58,3,dijkstra,fallback_centerline,0.1031,0,,,,,,0,,,,51114,30896,996
1510,309.05808448791504,2026-03-06T12:49:26.943392,119.19,0.0,8.33,12.46,6.67,0.0,0.0,163.42,5.48,2.46,2.17,STRAIGHT,1.5,1.5,"CMD,2.2,1.50",2.351,0.0737,2.298,0.196,1,0.3826,0,NORMAL,54.6,0.671,1,1,1,1,1,182.4,73,3,dijkstra,fallback_centerline,0.11552,0,,,,,,0,,,,61203,34615,1042
1511,309.2388565540314,2026-03-06T12:49:27.124164,119.88,0.0,8.59,12.05,6.02,0.0,0.0,165.06,5.48,2.213,2.213,STRAIGHT,1.5,1.5,"CMD,2.2,1.50",2.712,0.0417,2.682,0.15,1,0.5083,0,NORMAL,54.634,0.597,1,1,1,1,1,191.2,67,3,dijkstra,fallback_centerline,0.15099,0,,,,,,0,,,,105973,45247,895
1512,309.42622351646423,2026-03-06T12:49:27.311531,120.14,0.0,7.62,16.64,6.38,0.0,0.0,168.98,5.48,1.26,2.213,STRAIGHT,1.5,1.5,"CMD,2.2,1.50",2.499,-0.0157,2.436,-0.046,1,0.8044,0,NORMAL,54.335,0.533,1,1,1,1,1,188.4,92,4,dijkstra,fallback_centerline,0.13684,0,,,,,,0,,,,93314,40969,1050
1513,309.60489797592163,2026-03-06T12:49:27.490205,121.27,0.0,9.22,7.29,6.02,0.0,0.0,162.19,5.49,1.603,1.603,STRAIGHT,1.5,1.5,"CMD,1.6,1.50",4.0,0.0555,3.562,0.356,1,0.8331,0,NORMAL,54.141,0.52,1,1,1,1,1,186.1,15,4,dijkstra,fallback_centerline,0.14628,0,,,,,,0,,,,109109,43864,755
1514,309.7829031944275,2026-03-06T12:49:27.668210,119.8,0.0,7.97,9.15,6.25,0.0,0.0,160.59,5.49,1.63,1.603,STRAIGHT,1.5,1.5,"CMD,1.6,1.50",3.034,0.0409,3.014,0.186,1,0.1544,1,WARN,53.788,0.436,1,1,1,1,1,181.6,15,4,dijkstra,fallback_centerline,0.14628,0,,,,,,0,,,,109109,43864,755
1515,309.9682152271271,2026-03-06T12:49:27.853522,120.4,0.0,7.07,14.62,5.82,0.0,0.0,168.36,5.5,1.903,1.63,STRAIGHT,1.5,1.5,"CMD,1.6,1.50",4.0,0.0594,3.562,0.381,1,0.4952,0,NORMAL,53.242,0.429,1,1,1,1,1,191.5,73,4,dijkstra,fallback_centerline,0.1362,0,,,,,,0,,,,93761,40819,1008
1516,310.1438694000244,2026-03-06T12:49:28.029176,116.31,0.0,7.15,11.02,6.08,0.0,0.0,158.23,5.51,1.888,1.888,STRAIGHT,1.5,1.5,"CMD,1.9,1.50",3.062,0.045,3.042,0.209,1,0.2315,0,WARN,53.219,0.44,1,1,1,1,1,173.3,52,5,dijkstra,fallback_centerline,0.09149,0,,,,,,0,,,,54536,27432,964
1517,310.31736493110657,2026-03-06T12:49:28.202672,118.14,0.0,7.27,8.03,6.07,0.0,1.02,157.44,5.52,2.239,1.903,STRAIGHT,1.5,1.5,"CMD,1.9,1.50",2.554,0.0714,2.517,0.228,1,0.232,0,WARN,52.914,0.411,1,1,1,1,1,168.7,43,5,dijkstra,fallback_centerline,0.05331,0,,,,,,0,,,,24301,16014,850
1518,310.4865400791168,2026-03-06T12:49:28.371847,118.03,0.0,7.12,4.51,5.91,0.0,0.0,154.09,5.54,2.48,2.239,STRAIGHT,1.5,1.5,"CMD,2.2,1.50",2.604,0.0719,2.569,0.239,1,0.4308,0,NORMAL,52.265,0.364,1,1,1,1,1,160.1,28,4,dijkstra,fallback_centerline,0.04496,0,,,,,,0,,,,17537,13510,685
1519,310.6577067375183,2026-03-06T12:49:28.543014,116.11,0.0,9.01,5.21,5.01,0.0,0.0,156.02,5.56,2.634,2.48,STRAIGHT,1.5,1.5,"CMD,2.5,1.50",2.591,0.0713,2.557,0.235,1,0.2555,0,WARN,52.005,0.317,1,1,1,1,1,147.6,29,3,dijkstra,fallback_centerline,0.04386,0,,,,,,0,,,,13163,13218,710
1520,310.83055424690247,2026-03-06T12:49:28.715861,117.9,0.0,9.3,6.53,5.14,0.0,0.0,162.98,5.56,1.085,2.48,STRAIGHT,1.5,1.5,"CMD,2.5,1.50",2.769,-0.0488,2.603,-0.166,1,0.3931,0,NORMAL,51.38,0.328,1,1,1,1,1,132.1,34,4,dijkstra,fallback_centerline,0.04035,0,,,,,,0,,,,7976,12157,727
1521,310.99454522132874,2026-03-06T12:49:28.879852,115.38,0.0,8.27,4.24,4.11,0.0,0.0,149.31,5.58,-0.66,1.085,STRAIGHT,1.5,1.5,"CMD,1.1,1.50",3.079,-0.1007,2.329,-0.277,1,0.349,0,WARN,50.862,0.238,1,1,1,1,1,118.1,19,5,dijkstra,fallback_centerline,0.03698,0,,,,,,0,,,,5898,11314,676
1522,311.16270780563354,2026-03-06T12:49:29.048015,119.83,0.0,7.35,4.07,4.05,0.0,0.0,153.38,5.59,-0.912,-0.66,STRAIGHT,1.5,1.5,"CMD,-0.7,1.50",4.0,-0.0343,1.918,-0.063,1,0.0,1,WARN,50.32,0.251,1,1,1,1,1,96.5,15,4,dijkstra,fallback_centerline,0.03198,0,,,,,,0,,,,5066,9644,647
1523,311.3315634727478,2026-03-06T12:49:29.216871,120.04,0.0,8.4,5.02,4.0,0.0,0.0,154.2,5.6,-0.617,-0.66,STRAIGHT,1.5,1.5,"CMD,-0.7,1.50",2.477,-0.0007,1.644,-0.001,1,0.0408,2,WARN,50.177,0.195,1,1,1,1,1,82.9,21,5,dijkstra,fallback_centerline,0.02826,0,,,,,,0,,,,4350,8614,600
1524,311.4951648712158,2026-03-06T12:49:29.380472,117.86,0.0,7.04,2.08,3.77,0.0,0.0,149.4,5.62,-1.564,-0.912,STRAIGHT,1.5,1.5,"CMD,-0.9,1.50",2.989,-0.0839,1.331,-0.075,1,0.0,3,WARN,50.025,0.134,1,1,1,1,1,67.4,7,2,dijkstra,fallback_centerline,0.01056,0,,,,,,0,,,,2251,3289,212
1525,311.6592061519623,2026-03-06T12:49:29.544513,117.95,0.0,7.21,2.51,3.01,0.0,0.0,150.52,5.64,0.353,-0.617,STRAIGHT,1.5,1.5,"CMD,-0.6,1.50",1.952,0.1017,1.359,0.094,1,0.0,4,WARN,50.951,0.053,1,1,1,1,1,68.6,11,1,dijkstra,fallback_centerline,0.00862,0,,,,,,0,,,,864,2710,203
1526,311.8198404312134,2026-03-06T12:49:29.705147,116.63,0.0,5.01,3.25,2.01,0.0,0.0,145.93,5.66,3.71,0.353,STRAIGHT,1.5,1.5,"CMD,0.4,1.50",2.213,0.2555,1.377,0.25,1,0.0,5,WARN,52.733,-0.018,1,1,1,1,1,70.3,7,2,dijkstra,fallback_centerline,0.00525,0,,,,,,0,,,,0,1685,121
1527,311.97807812690735,2026-03-06T12:49:29.863385,119.3,0.0,0.0,1.91,2.44,0.0,0.0,146.62,5.68,5.228,3.71,STRAIGHT,1.5,0.2,"CMD,3.7,0.20",4.0,0.2018,1.363,0.191,1,0.0,6,LIMITED,55.297,-0.064,1,1,1,1,1,68.8,2,1,dijkstra,fallback_centerline,0.00281,0,,,,,,0,,,,0,908,72
1528,312.12987899780273,2026-03-06T12:49:30.015186,113.1,0.0,5.01,1.0,1.13,0.0,0.0,140.19,5.72,5.924,5.228,STRAIGHT,1.5,0.2,"CMD,5.2,0.20",4.0,0.1783,1.363,0.168,1,0.0,7,LIMITED,59.344,-0.164,1,1,1,1,1,68.7,0,0,dijkstra,fallback_hold,0.00048,0,,,,,,0,,,,0,187,16
1529,312.2848298549652,2026-03-06T12:49:30.170137,117.56,0.0,5.66,1.0,1.01,0.0,0.0,142.96,5.74,6.105,5.924,STRAIGHT,1.5,0.2,"CMD,5.9,0.20",4.0,0.1575,1.363,0.148,1,0.0,8,LIMITED,62.612,-0.226,1,1,1,1,1,68.6,0,0,dijkstra,fallback_hold,0.0,0,,,,,,0,,,,0,0,0
1530,312.43487572669983,2026-03-06T12:49:30.320183,114.96,0.0,4.41,1.0,0.5,0.0,0.0,139.47,5.78,5.974,5.974,STRAIGHT,1.5,0.2,"CMD,6.0,0.20",4.0,0.1389,1.363,0.13,1,0.0,9,LIMITED,65.502,-0.366,1,1,1,1,1,68.5,0,0,dijkstra,fallback_hold,0.0,0,,,,,,0,,,,0,0,0
1531,312.58243441581726,2026-03-06T12:49:30.467741,114.48,0.0,3.89,1.03,1.0,0.0,0.0,138.43,5.82,5.663,5.974,STRAIGHT,1.5,0.2,"CMD,6.0,0.20",4.0,0.1225,1.363,0.115,1,0.0,10,LIMITED,67.307,-0.394,1,1,1,1,1,68.4,0,0,dijkstra,fallback_hold,0.0,0,,,,,,0,,,,0,0,0
1532,312.7358009815216,2026-03-06T12:49:30.621108,117.21,0.0,6.18,0.5,0.86,0.0,0.0,143.29,5.85,5.257,5.663,STRAIGHT,1.5,0.2,"CMD,5.7,0.20",4.0,0.108,1.363,0.101,1,0.0,11,LIMITED,67.447,-0.315,1,1,1,1,1,68.4,0,0,dijkstra,fallback_hold,0.0,0,,,,,,0,,,,0,0,0
1533,312.89164447784424,2026-03-06T12:49:30.776952,117.53,0.0,5.39,1.0,0.0,0.0,1.45,144.39,5.89,4.811,5.257,STRAIGHT,1.5,0.2,"CMD,5.3,0.20",4.0,0.0951,1.363,0.089,1,0.0,12,LIMITED,67.382,-0.09,1,1,1,1,1,68.3,0,0,dijkstra,fallback_hold,0.0,0,,,,,,0,,,,0,0,0
1534,313.042884349823,2026-03-06T12:49:30.928191,117.02,0.0,5.01,0.0,1.0,0.0,0.0,141.64,5.91,4.358,4.811,STRAIGHT,1.5,0.2,"CMD,4.8,0.20",4.0,0.0838,1.363,0.078,1,0.0,13,LIMITED,59.914,0.055,1,1,1,1,1,68.3,0,0,dijkstra,fallback_hold,0.0,0,,,,,,0,,,,0,0,0
1535,313.1954529285431,2026-03-06T12:49:31.080760,119.86,0.0,5.2,0.0,0.82,0.0,0.0,141.5,5.95,3.919,4.358,STRAIGHT,1.5,0.2,"CMD,4.4,0.20",4.0,0.0738,1.363,0.069,1,0.0,14,LIMITED,51.507,0.137,1,1,1,1,1,68.3,0,0,dijkstra,fallback_hold,0.0,0,,,,,,0,,,,0,0,0
1536,313.34876441955566,2026-03-06T12:49:31.234072,116.3,0.0,5.78,1.0,1.0,0.0,0.0,142.06,6.0,3.505,3.919,STRAIGHT,1.5,0.2,"CMD,3.9,0.20",4.0,0.065,1.363,0.06,1,0.0,15,LIMITED,52.492,0.11,1,1,1,1,1,68.2,0,0,dijkstra,fallback_hold,0.0,0,,,,,,0,,,,0,0,0
1537,313.5010221004486,2026-03-06T12:49:31.386329,116.75,0.0,6.1,1.0,0.0,0.0,0.0,141.24,6.04,3.123,3.505,STRAIGHT,1.5,0.2,"CMD,3.5,0.20",4.0,0.0572,1.363,0.053,1,0.0,16,LIMITED,53.438,0.019,1,1,1,1,1,68.2,0,0,dijkstra,fallback_hold,0.0,0,,,,,,0,,,,0,0,0
1538,313.6525695323944,2026-03-06T12:49:31.537877,118.43,0.0,4.38,0.0,1.0,0.0,0.0,144.03,6.07,2.774,3.123,STRAIGHT,1.5,0.2,"CMD,3.1,0.20",4.0,0.0504,1.363,0.047,1,0.0,17,LIMITED,54.081,0.092,1,1,1,1,1,68.2,0,0,dijkstra,fallback_hold,0.0,0,,,,,,0,,,,0,0,0
1539,313.80672335624695,2026-03-06T12:49:31.692031,118.8,0.0,5.03,0.86,0.0,0.0,1.15,144.13,6.11,2.459,2.774,STRAIGHT,1.5,0.2,"CMD,2.8,0.20",4.0,0.0443,1.363,0.041,1,0.0,18,LIMITED,54.711,0.157,1,1,1,1,1,68.2,0,0,dijkstra,fallback_hold,0.0,0,,,,,,0,,,,0,0,0
1540,313.9589738845825,2026-03-06T12:49:31.844281,117.0,0.0,5.26,1.0,1.0,0.0,0.0,141.25,6.14,2.176,2.459,STRAIGHT,1.5,0.2,"CMD,2.5,0.20",4.0,0.039,1.363,0.036,1,0.0,19,LIMITED,55.836,0.233,1,1,1,1,1,68.2,0,0,dijkstra,fallback_hold,0.0,0,,,,,,0,,,,0,0,0
1541,314.1138925552368,2026-03-06T12:49:31.999200,118.25,0.0,5.32,1.0,0.0,0.0,1.0,146.3,6.19,1.922,2.176,STRAIGHT,1.5,0.2,"CMD,2.2,0.20",4.0,0.0343,1.363,0.032,1,0.0,20,LIMITED,58.918,0.689,1,1,1,1,1,68.2,0,0,dijkstra,fallback_hold,0.0,0,,,,,,0,,,,0,0,0
1542,314.2619950771332,2026-03-06T12:49:32.147302,115.91,0.0,5.71,1.0,0.0,0.0,0.0,139.46,6.23,1.697,1.922,STRAIGHT,1.5,0.2,"CMD,1.9,0.20",4.0,0.0302,1.363,0.028,1,0.0,21,LIMITED,60.724,0.927,1,1,1,1,1,68.2,0,0,dijkstra,fallback_hold,0.0,0,,,,,,0,,,,0,0,0
1543,314.41373562812805,2026-03-06T12:49:32.299043,117.59,0.0,5.0,0.0,1.5,0.0,0.0,146.18,6.26,1.497,1.697,STRAIGHT,1.5,0.2,"CMD,1.7,0.20",4.0,0.0266,1.363,0.025,1,0.0,22,LIMITED,61.497,1.05,1,1,1,1,1,68.2,0,0,dijkstra,fallback_hold,0.0,0,,,,,,0,,,,0,0,0
1544,314.56523728370667,2026-03-06T12:49:32.450545,116.55,0.0,5.04,0.0,1.5,0.0,0.0,140.31,6.31,1.32,1.497,STRAIGHT,1.5,0.2,"CMD,1.5,0.20",4.0,0.0234,1.363,0.022,1,0.0,23,LIMITED,63.738,1.162,1,1,1,1,1,68.2,0,0,dijkstra,fallback_hold,0.0,0,,,,,,0,,,,0,0,0
1545,314.71551060676575,2026-03-06T12:49:32.600818,116.04,0.0,5.07,0.5,0.84,0.0,0.0,139.77,6.34,1.163,1.32,STRAIGHT,1.5,0.2,"CMD,1.3,0.20",4.0,0.0206,1.363,0.019,1,0.0,24,LIMITED,63.926,1.263,1,1,1,1,1,68.2,0,0,dijkstra,fallback_hold,0.0,0,,,,,,0,,,,0,0,0
1546,314.87235045433044,2026-03-06T12:49:32.757658,119.72,0.0,5.01,0.0,4.78,0.0,0.0,145.71,6.37,1.025,1.163,STRAIGHT,1.5,0.2,"CMD,1.2,0.20",4.0,0.0181,1.363,0.017,1,0.0,25,LIMITED,63.746,1.396,1,1,1,1,1,68.2,0,0,dijkstra,fallback_hold,0.0,0,,,,,,0,,,,0,0,0
1547,315.0259220600128,2026-03-06T12:49:32.911229,116.97,0.0,1.0,1.01,0.86,0.0,0.0,142.52,6.39,0.902,1.025,STRAIGHT,1.5,0.2,"CMD,1.0,0.20",4.0,0.016,1.363,0.015,1,0.0,26,LIMITED,64.142,1.452,1,1,1,1,1,68.2,0,0,dijkstra,fallback_hold,0.0,0,,,,,,0,,,,0,0,0
1548,315.1740083694458,2026-03-06T12:49:33.059315,111.87,0.0,2.13,0.0,6.38,0.0,0.0,136.65,6.42,0.795,0.902,STRAIGHT,1.5,0.2,"CMD,0.9,0.20",4.0,0.014,1.363,0.013,1,0.0,27,LIMITED,64.303,1.684,1,1,1,1,1,68.2,0,0,dijkstra,fallback_hold,0.0,0,,,,,,0,,,,0,0,0
1549,315.32752442359924,2026-03-06T12:49:33.212832,117.11,0.0,6.11,0.0,1.0,0.0,0.0,142.58,6.45,0.7,0.795,STRAIGHT,1.5,0.2,"CMD,0.8,0.20",4.0,0.0124,1.363,0.011,1,0.0,28,LIMITED,65.545,1.872,1,1,1,1,1,68.2,0,0,dijkstra,fallback_hold,0.0,0,,,,,,0,,,,0,0,0
1550,315.4770419597626,2026-03-06T12:49:33.362349,113.35,0.0,6.37,0.0,1.25,0.0,0.0,139.5,6.47,0.616,0.7,STRAIGHT,1.5,0.2,"CMD,0.7,0.20",4.0,0.0109,1.363,0.01,1,0.0,29,LIMITED,65.047,2.165,1,1,1,1,1,68.2,0,0,dijkstra,fallback_hold,0.0,0,,,,,,0,,,,0,0,0
1551,315.630957365036,2026-03-06T12:49:33.516264,119.86,0.0,5.17,1.0,1.0,0.0,0.0,143.84,6.49,0.542,0.616,STRAIGHT,1.5,0.2,"CMD,0.6,0.20",4.0,0.0096,1.363,0.009,1,0.0,30,LIMITED,62.595,2.416,1,1,1,1,1,68.2,0,0,dijkstra,fallback_hold,0.0,0,,,,,,0,,,,0,0,0
1552,315.78365659713745,2026-03-06T12:49:33.668964,117.55,0.0,5.36,1.0,1.0,0.0,0.0,142.13,6.51,0.477,0.542,STRAIGHT,1.5,0.2,"CMD,0.5,0.20",4.0,0.0084,1.363,0.008,1,0.0,31,LIMITED,59.491,2.795,1,1,1,1,1,68.2,0,0,dijkstra,fallback_hold,0.0,0,,,,,,0,,,,60,0,0
1553,315.93886280059814,2026-03-06T12:49:33.824170,117.06,0.0,5.32,1.0,0.0,0.0,1.0,143.59,6.53,0.42,0.477,STRAIGHT,1.5,0.2,"CMD,0.5,0.20",4.0,0.0074,1.363,0.007,1,0.0025,32,LIMITED,58.284,2.997,1,1,1,1,1,68.2,0,0,dijkstra,fallback_hold,0.0,0,,,,,,0,,,,201,0,0
1554,316.0893259048462,2026-03-06T12:49:33.974633,113.89,0.0,5.03,1.0,0.0,0.0,1.0,137.37,6.55,0.37,0.42,STRAIGHT,1.5,0.2,"CMD,0.4,0.20",4.0,0.0065,1.363,0.006,1,0.0379,33,LIMITED,54.423,3.0,1,1,1,1,1,68.2,0,0,dijkstra,fallback_hold,0.0,0,,,,,,0,,,,406,0,0
1555,316.2402775287628,2026-03-06T12:49:34.125585,114.52,0.0,5.01,0.0,1.5,0.0,0.0,138.93,6.56,0.325,0.37,STRAIGHT,1.5,0.2,"CMD,0.4,0.20",4.0,0.0057,1.363,0.005,1,0.0,34,LIMITED,52.613,3.0,1,1,1,1,1,68.2,0,0,dijkstra,fallback_hold,0.0,0,,,,,,0,,,,52,0,0
1556,316.39221000671387,2026-03-06T12:49:34.277517,115.77,0.0,5.32,0.0,1.12,0.0,0.0,139.4,6.57,0.286,0.325,STRAIGHT,1.5,0.2,"CMD,0.3,0.20",4.0,0.005,1.363,0.005,1,0.0,35,LIMITED,52.343,3.0,1,1,1,1,1,68.2,0,0,dijkstra,fallback_hold,0.0,0,,,,,,0,,,,0,0,0
1557,316.5432720184326,2026-03-06T12:49:34.428579,116.83,0.0,5.04,1.13,0.0,0.0,1.15,141.02,6.57,0.252,0.286,STRAIGHT,1.5,0.2,"CMD,0.3,0.20",4.0,0.0044,1.363,0.004,1,0.0,36,LIMITED,51.305,3.0,1,1,1,1,1,68.2,0,0,dijkstra,fallback_hold,0.0,0,,,,,,0,,,,420,0,0
1558,316.69660806655884,2026-03-06T12:49:34.581915,116.76,0.0,5.79,0.0,1.1,0.0,0.0,142.02,6.57,0.222,0.252,STRAIGHT,1.5,0.2,"CMD,0.3,0.20",4.0,0.0039,1.363,0.004,1,0.0076,37,LIMITED,50.843,3.0,1,1,1,1,1,68.2,0,0,dijkstra,fallback_hold,0.0,0,,,,,,0,,,,1102,0,0
1559,316.8521959781647,2026-03-06T12:49:34.737503,119.48,0.0,5.02,0.0,1.0,0.0,0.0,142.66,6.57,0.195,0.222,STRAIGHT,1.5,0.2,"CMD,0.2,0.20",4.0,0.0034,1.363,0.003,1,0.087,38,LIMITED,50.17,3.0,1,1,1,1,1,68.2,0,0,dijkstra,fallback_hold,0.0,0,,,,,,0,,,,1838,0,0
1560,317.0067808628082,2026-03-06T12:49:34.892088,117.26,0.0,5.01,0.0,2.01,0.0,0.0,141.4,6.55,0.172,0.195,STRAIGHT,1.5,0.2,"CMD,0.2,0.20",4.0,0.003,1.363,0.003,1,0.0843,39,LIMITED,50.039,3.0,1,1,1,1,1,68.2,0,0,dijkstra,fallback_hold,0.0,0,,,,,,0,,,,4175,0,0
1561,317.16656494140625,2026-03-06T12:49:35.051872,122.67,0.0,6.28,0.0,1.81,0.0,0.0,147.76,6.55,0.151,0.172,STRAIGHT,1.5,0.2,"CMD,0.2,0.20",4.0,0.0027,1.363,0.002,1,0.0334,40,LIMITED,50.115,3.0,1,1,1,1,1,68.2,0,0,dijkstra,fallback_hold,0.0,0,,,,,,0,,,,5407,0,0
1562,317.32682847976685,2026-03-06T12:49:35.212136,118.92,0.0,8.28,2.01,0.0,0.0,0.0,147.3,6.54,0.133,0.151,STRAIGHT,1.5,0.2,"CMD,0.2,0.20",4.0,0.0023,1.363,0.002,1,0.0376,41,LIMITED,50.086,3.0,1,1,1,1,1,68.2,0,0,dijkstra,fallback_hold,0.0,0,,,,,,0,,,,8155,0,0
1563,317.4895176887512,2026-03-06T12:49:35.374825,121.73,0.0,7.5,0.0,1.0,0.0,0.0,148.66,6.52,0.117,0.133,STRAIGHT,1.5,0.2,"CMD,0.1,0.20",4.0,0.0021,1.363,0.002,1,0.0548,42,LIMITED,50.145,3.0,1,1,1,1,1,68.2,0,0,dijkstra,fallback_hold,0.0,0,,,,,,0,,,,17519,0,0
1564,317.6503300666809,2026-03-06T12:49:35.535637,120.78,0.0,8.01,1.0,1.0,0.0,0.0,148.15,6.51,0.103,0.117,STRAIGHT,1.5,0.2,"CMD,0.1,0.20",4.0,0.0018,1.363,0.002,1,0.1179,43,LIMITED,50.056,3.0,1,1,1,1,1,68.2,0,0,dijkstra,fallback_hold,0.0,0,,,,,,0,,,,116848,0,0
1565,317.8082127571106,2026-03-06T12:49:35.693520,114.51,0.0,9.02,1.0,0.0,0.0,0.0,142.54,6.5,0.091,0.103,STRAIGHT,1.5,0.2,"CMD,0.1,0.20",4.0,0.0016,1.363,0.001,1,0.676,42,LIMITED,50.037,3.0,1,1,1,1,1,68.2,0,0,dijkstra,fallback_hold,0.0,0,,,,,,0,,,,101376,0,0
1566,317.97578048706055,2026-03-06T12:49:35.861088,125.03,0.0,3.22,1.12,1.01,0.0,0.0,153.6,6.48,0.08,0.091,STRAIGHT,1.5,0.2,"CMD,0.1,0.20",4.0,0.0014,1.363,0.001,1,0.7466,41,LIMITED,50.005,3.0,1,1,1,1,1,68.2,0,0,dijkstra,fallback_hold,0.0,0,,,,,,0,,,,122415,1,0
1567,318.15027832984924,2026-03-06T12:49:36.035585,122.26,0.0,8.21,2.51,3.0,0.0,0.0,157.33,6.45,2.351,0.091,STRAIGHT,1.5,0.2,"CMD,0.1,0.20",2.084,0.1679,1.616,0.223,1,0.8848,40,LIMITED,50.057,3.0,1,1,1,1,1,71.9,13,1,dijkstra,fallback_centerline,0.01072,0,,,,,,0,,,,134853,3320,253
1568,318.33071994781494,2026-03-06T12:49:36.216027,121.68,0.0,8.94,9.66,5.82,0.0,0.0,163.23,6.41,2.567,2.351,STRAIGHT,1.5,0.2,"CMD,2.4,0.20",2.629,0.0727,2.595,0.247,1,0.8636,39,LIMITED,50.175,3.0,1,1,1,1,1,140.4,65,6,dijkstra,fallback_centerline,0.07045,0,,,,,,0,,,,121567,21182,1082
1569,318.50986790657043,2026-03-06T12:49:36.395175,120.42,0.0,7.01,12.08,5.64,0.0,0.0,162.45,6.37,2.64,2.567,STRAIGHT,1.5,0.2,"CMD,2.6,0.20",2.712,0.0676,2.68,0.245,1,0.855,38,LIMITED,50.519,3.0,1,1,1,1,1,173.2,66,8,dijkstra,fallback_centerline,0.09533,0,,,,,,0,,,,110093,29015,1380
1570,318.69894456863403,2026-03-06T12:49:36.584252,118.21,0.0,5.81,12.64,13.22,0.0,0.0,171.41,6.32,4.061,2.64,STRAIGHT,1.5,0.2,"CMD,2.6,0.20",1.97,0.1681,1.8,0.279,1,0.1725,39,LIMITED,51.219,3.0,1,1,1,1,1,171.8,74,12,dijkstra,fallback_centerline,0.1276,0,,,,,,0,,,,110390,38559,1541
1571,318.8862009048462,2026-03-06T12:49:36.771508,120.47,0.0,8.61,15.85,7.62,0.0,0.0,170.17,6.27,3.486,3.486,STRAIGHT,1.5,0.2,"CMD,3.5,0.20",3.031,0.0566,2.998,0.256,1,0.6847,38,LIMITED,50.079,3.0,1,1,1,1,1,206.8,85,9,dijkstra,fallback_centerline,0.14275,0,,,,,,0,,,,88140,43115,1627
1572,319.06564140319824,2026-03-06T12:49:36.950948,119.81,0.0,5.58,9.35,9.13,0.0,0.0,160.84,6.24,3.109,3.486,STRAIGHT,1.5,0.2,"CMD,3.5,0.20",2.903,0.0571,2.882,0.239,1,0.5986,37,LIMITED,50.126,3.0,1,1,1,1,1,180.5,42,7,dijkstra,fallback_centerline,0.12461,0,,,,,,0,,,,53033,37852,1233
1573,319.24262619018555,2026-03-06T12:49:37.127933,116.88,0.0,5.24,11.52,8.63,0.0,0.0,160.85,6.2,2.89,3.109,STRAIGHT,1.5,0.2,"CMD,3.1,0.20",2.905,0.0594,2.879,0.248,1,0.5723,36,LIMITED,50.173,3.0,1,1,1,1,1,213.8,56,7,dijkstra,fallback_centerline,0.11368,0,,,,,,0,,,,32866,34428,1307
1574,319.41945934295654,2026-03-06T12:49:37.304766,119.01,0.0,5.85,9.28,7.56,0.0,1.08,160.7,6.17,2.656,2.89,STRAIGHT,1.5,0.2,"CMD,2.9,0.20",3.117,0.0531,3.086,0.254,1,0.3778,35,LIMITED,50.146,3.0,1,1,1,1,1,215.2,43,6,dijkstra,fallback_centerline,0.08643,0,,,,,,0,,,,50051,26451,915
1575,319.5986952781677,2026-03-06T12:49:37.484002,118.76,0.0,5.39,10.64,8.48,0.0,0.0,164.12,6.14,2.805,2.805,STRAIGHT,1.5,0.2,"CMD,2.8,0.20",2.656,0.0753,2.61,0.259,1,0.3322,35,LIMITED,50.117,3.0,1,1,1,1,1,185.4,56,7,dijkstra,fallback_centerline,0.16326,0,,,,,,0,,,,91454,49327,1505
1576,319.7863304615021,2026-03-06T12:49:37.671638,120.14,0.0,8.68,11.77,9.3,0.0,0.5,168.89,6.09,2.738,2.738,STRAIGHT,1.5,0.2,"CMD,2.7,0.20",2.901,0.0632,2.86,0.26,1,0.5446,34,LIMITED,50.06,3.0,1,1,1,1,1,180.5,60,8,dijkstra,fallback_centerline,0.2256,0,,,,,,0,,,,159685,67849,1654
1577,319.9812707901001,2026-03-06T12:49:37.866578,119.19,0.0,7.53,12.93,18.79,0.0,0.0,177.3,6.03,2.569,2.738,STRAIGHT,1.5,0.2,"CMD,2.7,0.20",3.129,0.0541,3.092,0.261,1,0.9507,33,LIMITED,50.056,3.0,1,1,1,1,1,179.8,52,8,dijkstra,fallback_centerline,0.23182,0,,,,,,0,,,,160951,69694,1670
1578,320.1676592826843,2026-03-06T12:49:38.052966,122.87,0.0,8.99,12.52,5.11,0.0,0.0,166.85,5.99,2.397,2.569,STRAIGHT,1.5,0.2,"CMD,2.6,0.20",3.103,0.0498,3.088,0.239,1,0.7911,32,LIMITED,50.009,3.0,1,1,1,1,1,191.1,64,6,dijkstra,fallback_centerline,0.21742,0,,,,,,0,,,,131614,65515,1688
1579,320.3678402900696,2026-03-06T12:49:38.253147,119.4,0.0,9.04,20.56,9.16,0.0,0.0,177.4,5.93,2.565,2.565,STRAIGHT,1.5,0.2,"CMD,2.6,0.20",2.684,0.0703,2.647,0.249,1,0.8731,31,LIMITED,50.098,3.0,1,1,1,1,1,186.8,127,7,dijkstra,fallback_centerline,0.23378,0,,,,,,0,,,,144823,70237,1903
1580,320.5605788230896,2026-03-06T12:49:38.445886,119.02,0.0,7.49,15.88,10.96,0.0,0.0,172.69,5.88,2.519,2.519,STRAIGHT,1.5,0.2,"CMD,2.5,0.20",2.963,0.0589,2.93,0.255,1,0.9193,30,LIMITED,50.022,2.783,1,1,1,1,1,188.6,75,9,dijkstra,fallback_centerline,0.23979,0,,,,,,0,,,,147407,72138,1669
1581,320.7554347515106,2026-03-06T12:49:38.640742,116.51,0.0,8.04,21.85,9.89,0.0,0.83,176.33,5.83,2.4,2.519,STRAIGHT,1.5,0.2,"CMD,2.5,0.20",3.166,0.0524,3.135,0.259,1,0.915,29,LIMITED,50.396,2.547,1,1,1,1,1,191.8,124,9,dijkstra,fallback_centerline,0.2514,0,,,,,,0,,,,147604,75493,2022
1582,320.95125460624695,2026-03-06T12:49:38.836562,120.58,0.0,4.97,18.37,7.92,0.0,1.01,177.41,5.79,2.29,2.4,STRAIGHT,1.5,0.2,"CMD,2.4,0.20",3.248,0.0502,3.216,0.261,1,0.8822,28,LIMITED,50.042,2.446,1,1,1,1,1,195.7,103,11,dijkstra,fallback_centerline,0.26711,0,,,,,,0,,,,155352,80142,2090
1583,321.14080715179443,2026-03-06T12:49:39.026114,117.34,0.0,8.52,17.3,9.88,0.0,0.0,172.87,5.74,2.155,2.29,STRAIGHT,1.5,0.2,"CMD,2.3,0.20",3.401,0.0457,3.37,0.261,1,0.9514,27,LIMITED,50.001,2.332,1,1,1,1,1,197.3,89,12,dijkstra,fallback_centerline,0.26981,0,,,,,,0,,,,154755,80873,2098
1584,321.3356137275696,2026-03-06T12:49:39.220921,122.61,0.0,9.43,13.74,9.77,0.0,0.0,174.07,5.69,2.008,2.155,STRAIGHT,1.5,0.2,"CMD,2.2,0.20",3.548,0.0415,3.518,0.258,1,0.952,26,LIMITED,50.031,2.117,1,1,1,1,1,198.8,76,11,dijkstra,fallback_centerline,0.27591,0,,,,,,0,,,,157764,82761,2142
1585,321.5285563468933,2026-03-06T12:49:39.413863,116.41,0.0,8.59,18.66,9.61,0.0,1.01,173.52,5.65,1.9,2.008,STRAIGHT,1.5,0.2,"CMD,2.0,0.20",3.586,0.0408,3.556,0.259,1,0.944,25,LIMITED,50.009,2.053,1,1,1,1,1,201.6,105,12,dijkstra,fallback_centerline,0.28616,0,,,,,,0,,,,158684,85787,2092
1586,321.727796792984,2026-03-06T12:49:39.613104,120.41,0.0,8.62,21.25,9.93,0.0,0.0,180.21,5.59,1.77,1.9,STRAIGHT,1.5,0.2,"CMD,1.9,0.20",3.738,0.0366,3.709,0.253,1,0.8604,24,LIMITED,50.004,1.883,1,1,1,1,1,200.5,129,14,dijkstra,fallback_centerline,0.30314,0,,,,,,0,,,,177159,90922,2463
1587,321.92868161201477,2026-03-06T12:49:39.813989,119.45,0.0,9.06,23.7,10.14,0.0,0.0,181.26,5.54,1.592,1.77,STRAIGHT,1.5,0.2,"CMD,1.8,0.20",4.0,0.03,3.973,0.237,1,0.8501,23,LIMITED,50.034,1.8,1,1,1,1,1,204.7,150,11,dijkstra,fallback_centerline,0.30105,0,,,,,,0,,,,163380,89936,2243
1588,322.1240451335907,2026-03-06T12:49:40.009352,120.29,0.0,8.71,17.46,10.08,0.0,0.0,175.37,5.5,1.485,1.592,STRAIGHT,1.5,0.2,"CMD,1.6,0.20",4.0,0.0308,3.976,0.244,1,0.8987,22,LIMITED,50.019,1.689,1,1,1,1,1,208.1,88,9,dijkstra,fallback_centerline,0.28554,0,,,,,,0,,,,156547,85427,1666
1589,322.3311219215393,2026-03-06T12:49:40.216429,122.16,0.0,8.1,25.82,9.42,0.0,0.0,186.94,5.45,1.414,1.485,STRAIGHT,1.5,0.2,"CMD,1.5,0.20",4.0,0.0308,3.977,0.245,1,0.9305,21,LIMITED,50.073,1.713,1,1,1,1,1,209.8,160,9,dijkstra,fallback_centerline,0.28242,0,,,,,,0,,,,159045,84481,2216
1590,322.5260798931122,2026-03-06T12:49:40.411387,119.8,0.0,8.98,18.47,9.63,0.0,0.74,174.78,5.41,1.378,1.414,STRAIGHT,1.5,0.2,"CMD,1.4,0.20",4.0,0.0317,3.979,0.252,1,0.8987,20,LIMITED,50.33,1.558,1,1,1,1,1,211.6,99,13,dijkstra,fallback_centerline,0.2812,0,,,,,,0,,,,158081,84285,1742
1591,322.71414732933044,2026-03-06T12:49:40.599455,118.1,0.0,9.45,14.12,9.56,0.0,0.0,168.45,5.38,1.359,1.378,STRAIGHT,1.5,0.2,"CMD,1.4,0.20",4.0,0.032,3.981,0.255,1,0.9208,19,LIMITED,50.621,1.453,1,1,1,1,1,212.4,59,9,dijkstra,fallback_centerline,0.26905,0,,,,,,0,,,,158033,80464,1375
1592,322.90941429138184,2026-03-06T12:49:40.794721,119.0,0.0,7.27,21.81,9.08,0.0,0.0,175.28,5.35,1.353,1.359,STRAIGHT,1.5,0.2,"CMD,1.4,0.20",4.0,0.0325,3.983,0.259,1,0.8911,18,LIMITED,51.497,1.299,1,1,1,1,1,214.6,129,6,dijkstra,fallback_centerline,0.26238,0,,,,,,0,,,,153991,78386,1707
1593,323.1078300476074,2026-03-06T12:49:40.993137,122.11,0.0,8.07,21.14,7.88,0.0,1.0,179.24,5.31,1.496,1.359,STRAIGHT,1.5,0.2,"CMD,1.4,0.20",3.624,0.0432,3.607,0.283,1,0.9205,17,LIMITED,52.863,1.063,1,1,1,1,1,215.7,131,12,dijkstra,fallback_centerline,0.25775,0,,,,,,0,,,,152130,77152,1769
1594,323.29856157302856,2026-03-06T12:49:41.183869,119.22,0.0,3.96,14.32,10.27,0.0,0.0,172.11,5.28,1.689,1.496,STRAIGHT,1.5,0.2,"CMD,1.5,0.20",3.323,0.0503,3.306,0.277,1,0.9001,16,LIMITED,54.335,0.96,1,1,1,1,1,218.1,65,6,dijkstra,fallback_centerline,0.27279,0,,,,,,0,,,,153172,81643,1303
1595,323.4940857887268,2026-03-06T12:49:41.379393,116.73,0.0,7.44,22.14,7.77,0.0,1.52,176.4,5.26,2.028,1.689,STRAIGHT,1.5,0.2,"CMD,1.7,0.20",2.715,0.0656,2.688,0.239,1,0.9116,15,LIMITED,59.087,0.74,1,1,1,1,1,221.0,131,8,dijkstra,fallback_centerline,0.24347,0,,,,,,0,,,,147194,72855,1739
1596,323.6766719818115,2026-03-06T12:49:41.561979,118.57,0.0,7.56,11.11,8.95,0.0,0.0,163.81,5.25,2.325,2.028,STRAIGHT,1.5,0.2,"CMD,2.0,0.20",2.435,0.0708,2.396,0.205,1,0.9044,14,LIMITED,61.712,0.964,1,1,1,1,1,224.0,45,7,dijkstra,fallback_centerline,0.2351,0,,,,,,0,,,,143806,70330,1261
1597,323.8624873161316,2026-03-06T12:49:41.747794,119.51,0.0,9.02,12.1,8.55,0.0,0.0,167.25,5.24,2.25,2.25,STRAIGHT,1.5,0.2,"CMD,2.3,0.20",2.753,0.0509,2.729,0.191,1,0.9388,13,LIMITED,62.944,0.865,1,1,1,1,1,220.3,50,8,dijkstra,fallback_centerline,0.23165,0,,,,,,0,,,,143159,69287,1203
1598,324.0486810207367,2026-03-06T12:49:41.933988,119.32,0.0,9.09,14.49,6.02,0.0,0.0,167.48,5.24,1.215,2.25,STRAIGHT,1.5,0.2,"CMD,2.3,0.20",4.0,-0.0207,3.963,-0.163,1,0.9272,12,LIMITED,64.675,0.789,1,1,1,1,1,219.3,69,6,dijkstra,fallback_centerline,0.24213,0,,,,,,0,,,,150044,72438,1463
1599,324.2523629665375,2026-03-06T12:49:42.137670,117.57,0.0,9.6,27.26,8.51,0.0,0.0,183.57,5.22,0.439,1.215,STRAIGHT,1.5,0.2,"CMD,1.2,0.20",4.0,-0.027,3.979,-0.214,1,0.9333,11,LIMITED,66.619,0.723,1,1,1,1,1,219.0,160,7,dijkstra,fallback_centerline,0.24924,0,,,,,,0,,,,155559,74605,2150
1600,324.4520261287689,2026-03-06T12:49:42.337333,119.53,0.0,9.33,22.66,8.38,0.0,0.0,179.6,5.21,-0.104,0.439,STRAIGHT,1.5,0.2,"CMD,0.4,0.20",3.129,-0.0289,3.116,-0.14,1,0.9222,10,LIMITED,67.824,0.743,1,1,1,1,1,218.6,126,7,dijkstra,fallback_centerline,0.23981,0,,,,,,0,,,,148155,71546,1658
1601,324.63918805122375,2026-03-06T12:49:42.524495,116.16,0.0,9.03,15.42,9.03,0.0,0.0,171.54,5.2,-0.636,-0.104,STRAIGHT,1.5,0.2,"CMD,-0.1,0.20",2.904,-0.0412,2.886,-0.172,1,0.9684,9,LIMITED,68.825,0.693,1,1,1,1,1,218.4,72,7,dijkstra,fallback_centerline,0.23963,0,,,,,,0,,,,148271,71746,1456
1602,324.83572268486023,2026-03-06T12:49:42.721030,116.4,0.0,9.5,22.55,9.06,0.0,0.33,177.14,5.18,-1.051,-0.636,STRAIGHT,1.5,0.2,"CMD,-0.6,0.20",2.861,-0.0456,2.842,-0.185,1,0.9752,8,LIMITED,70.711,0.39,1,1,1,1,1,218.7,136,8,dijkstra,fallback_centerline,0.24039,0,,,,,,0,,,,147625,71953,1855
1603,325.03004145622253,2026-03-06T12:49:42.915349,120.66,0.0,9.05,18.6,8.06,0.0,1.0,174.51,5.17,-1.357,-1.051,STRAIGHT,1.5,0.2,"CMD,-1.1,0.20",2.865,-0.0478,2.846,-0.194,1,0.9808,7,LIMITED,70.711,-0.527,1,1,1,1,1,218.9,90,8,dijkstra,fallback_centerline,0.2375,0,,,,,,0,,,,147145,71065,1628
1604,325.2173204421997,2026-03-06T12:49:43.102628,117.47,0.0,8.98,14.41,9.1,0.0,0.0,168.85,5.16,-1.585,-1.357,STRAIGHT,1.5,0.2,"CMD,-1.4,0.20",2.866,-0.0495,2.847,-0.202,1,0.975,6,LIMITED,70.711,-1.296,1,1,1,1,1,219.0,63,6,dijkstra,fallback_centerline,0.23339,0,,,,,,0,,,,145880,69808,1327
1605,325.410786151886,2026-03-06T12:49:43.296093,121.5,0.0,10.05,14.08,8.15,0.0,1.0,174.24,5.16,-1.761,-1.585,STRAIGHT,1.5,1.5,"CMD,-1.6,1.50",2.861,-0.0513,2.841,-0.208,1,0.9687,5,NORMAL,70.711,-2.111,1,1,1,1,1,218.9,62,6,dijkstra,fallback_centerline,0.2287,0,,,,,,0,,,,146227,68462,1246
1606,325.61060404777527,2026-03-06T12:49:43.495911,119.75,0.0,10.19,23.48,9.52,0.0,0.0,181.19,5.15,-1.867,-1.761,STRAIGHT,1.5,1.5,"CMD,-1.8,1.50",2.86,-0.0504,2.84,-0.204,1,0.9733,4,NORMAL,70.711,-2.625,1,1,1,1,1,218.7,139,9,dijkstra,fallback_centerline,0.2381,0,,,,,,0,,,,148020,71254,1820
1607,325.79801177978516,2026-03-06T12:49:43.683319,118.19,0.0,3.6,15.13,9.1,0.0,0.0,169.06,5.15,-1.932,-1.867,STRAIGHT,1.5,1.5,"CMD,-1.9,1.50",2.853,-0.05,2.833,-0.202,1,0.9747,3,NORMAL,70.711,-3.0,1,1,1,1,1,219.0,73,5,dijkstra,fallback_centerline,0.23727,0,,,,,,0,,,,147816,71052,1464
1608,325.9890561103821,2026-03-06T12:49:43.874363,123.19,0.0,7.23,15.35,8.17,0.0,0.0,173.08,5.16,-1.987,-1.932,STRAIGHT,1.5,1.5,"CMD,-1.9,1.50",2.849,-0.0509,2.829,-0.205,1,0.959,2,NORMAL,70.711,-3.0,1,1,1,1,1,218.5,75,6,dijkstra,fallback_centerline,0.22607,0,,,,,,0,,,,143716,67783,1413
1609,326.17793130874634,2026-03-06T12:49:44.063238,119.55,0.0,8.53,13.77,10.09,0.0,0.0,169.48,5.16,-2.032,-1.987,STRAIGHT,1.5,1.5,"CMD,-2.0,1.50",2.848,-0.0515,2.828,-0.207,1,0.9688,1,NORMAL,70.711,-3.0,1,1,1,1,1,218.4,82,6,dijkstra,fallback_centerline,0.22779,0,,,,,,0,,,,146321,68121,1405
1610,326.3681843280792,2026-03-06T12:49:44.253491,119.94,0.0,9.6,16.18,6.42,0.0,0.0,171.45,5.17,-2.072,-2.032,STRAIGHT,1.5,1.5,"CMD,-2.0,1.50",2.867,-0.0522,2.847,-0.213,1,0.9727,0,NORMAL,70.711,-3.0,1,1,1,1,1,218.7,77,10,dijkstra,fallback_centerline,0.23174,0,,,,,,0,,,,145666,69422,1476
1611,326.5668728351593,2026-03-06T12:49:44.452180,125.44,0.0,9.54,14.1,8.62,0.0,0.0,176.7,5.16,-2.111,-2.072,STRAIGHT,1.5,1.5,"CMD,-2.1,1.50",2.89,-0.0531,2.87,-0.22,1,0.9755,0,NORMAL,70.711,-3.0,1,1,1,1,1,218.8,67,6,dijkstra,fallback_centerline,0.23448,0,,,,,,0,,,,146839,70016,1381
1612,326.75641894340515,2026-03-06T12:49:44.641726,121.2,0.0,8.39,12.7,9.02,0.0,1.0,169.97,5.16,-2.145,-2.111,STRAIGHT,1.5,1.5,"CMD,-2.1,1.50",2.907,-0.0537,2.887,-0.225,1,0.9722,0,NORMAL,70.711,-3.0,1,1,1,1,1,218.8,60,7,dijkstra,fallback_centerline,0.23132,0,,,,,,0,,,,144352,69152,1385
1613,326.95128178596497,2026-03-06T12:49:44.836589,123.79,0.0,8.05,16.55,9.08,0.0,0.0,176.66,5.16,-2.173,-2.145,STRAIGHT,1.5,1.5,"CMD,-2.1,1.50",2.918,-0.054,2.898,-0.228,1,0.9649,0,NORMAL,70.711,-3.0,1,1,1,1,1,218.8,80,9,dijkstra,fallback_centerline,0.24122,0,,,,,,0,,,,147462,72255,1476
1614,327.14137053489685,2026-03-06T12:49:45.026677,117.73,0.0,8.38,17.44,9.1,0.0,0.0,173.63,5.17,-2.19,-2.173,STRAIGHT,1.5,1.5,"CMD,-2.2,1.50",2.916,-0.0539,2.896,-0.227,1,0.9758,0,NORMAL,70.711,-3.0,1,1,1,1,1,218.4,95,10,dijkstra,fallback_centerline,0.24184,0,,,,,,0,,,,147950,72412,1565
1615,327.3322489261627,2026-03-06T12:49:45.217556,119.37,0.0,8.01,15.06,9.41,0.0,0.0,171.73,5.17,-2.212,-2.19,STRAIGHT,1.5,1.5,"CMD,-2.2,1.50",2.965,-0.0548,2.944,-0.239,1,0.9351,0,NORMAL,70.711,-3.0,1,1,1,1,1,217.9,68,9,dijkstra,fallback_centerline,0.23576,0,,,,,,0,,,,145196,70530,1398
1616,327.5226700305939,2026-03-06T12:49:45.407977,119.8,0.0,8.27,15.09,8.63,0.0,1.01,172.45,5.18,-2.225,-2.212,STRAIGHT,1.5,1.5,"CMD,-2.2,1.50",2.976,-0.0546,2.956,-0.24,1,0.9742,0,NORMAL,70.711,-3.0,1,1,1,1,1,217.9,72,10,dijkstra,fallback_centerline,0.23589,0,,,,,,0,,,,146450,70596,1434
1617,327.7181074619293,2026-03-06T12:49:45.603415,123.48,0.0,8.19,16.96,9.26,0.0,0.0,177.21,5.18,-2.232,-2.225,STRAIGHT,1.5,1.5,"CMD,-2.2,1.50",3.0,-0.0544,2.981,-0.243,1,0.9633,0,NORMAL,70.711,-3.0,1,1,1,1,1,219.0,94,8,dijkstra,fallback_centerline,0.24008,0,,,,,,0,,,,148210,71868,1484
1618,327.9066472053528,2026-03-06T12:49:45.791954,119.96,0.0,7.22,15.09,6.57,0.0,1.01,169.24,5.2,-2.24,-2.232,STRAIGHT,1.5,1.5,"CMD,-2.2,1.50",2.977,-0.0547,2.957,-0.241,1,0.9453,0,NORMAL,70.711,-3.0,1,1,1,1,1,218.1,95,7,dijkstra,fallback_centerline,0.22756,0,,,,,,0,,,,142828,68022,1408
1619,328.09569549560547,2026-03-06T12:49:45.981003,121.36,0.0,6.22,21.34,6.98,0.0,0.0,171.93,5.21,-2.245,-2.24,STRAIGHT,1.5,1.5,"CMD,-2.2,1.50",2.998,-0.0547,2.978,-0.244,1,0.9698,0,NORMAL,70.711,-3.0,1,1,1,1,1,218.5,82,9,dijkstra,fallback_centerline,0.22907,0,,,,,,0,,,,143086,68544,1376
1620,328.28904008865356,2026-03-06T12:49:46.174347,117.83,0.0,9.21,16.76,10.21,0.0,0.0,173.14,5.2,-2.251,-2.245,STRAIGHT,1.5,1.5,"CMD,-2.2,1.50",3.003,-0.0548,2.983,-0.246,1,0.9501,0,NORMAL,70.711,-3.0,1,1,1,1,1,217.8,98,8,dijkstra,fallback_centerline,0.23341,0,,,,,,0,,,,145278,69915,1420
1621,328.48874711990356,2026-03-06T12:49:46.374054,117.57,0.0,15.18,18.06,9.02,0.0,0.0,179.95,5.2,-2.253,-2.251,STRAIGHT,1.5,1.5,"CMD,-2.3,1.50",3.058,-0.0547,3.038,-0.254,1,0.9701,0,NORMAL,70.711,-3.0,1,1,1,1,1,217.4,94,6,dijkstra,fallback_centerline,0.23209,0,,,,,,0,,,,145448,69428,1463
1622,328.67494893074036,2026-03-06T12:49:46.560256,116.83,0.0,8.99,14.93,8.48,0.0,0.0,167.4,5.21,-2.254,-2.253,STRAIGHT,1.5,1.5,"CMD,-2.3,1.50",3.07,-0.0547,3.051,-0.256,1,0.9775,0,NORMAL,70.711,-3.0,1,1,1,1,1,217.4,75,9,dijkstra,fallback_centerline,0.23552,0,,,,,,0,,,,146407,70591,1466
1623,328.86292147636414,2026-03-06T12:49:46.748229,118.56,0.0,7.84,15.14,10.02,0.0,0.0,169.91,5.21,-2.249,-2.253,STRAIGHT,1.5,1.5,"CMD,-2.3,1.50",3.112,-0.0543,3.093,-0.262,1,0.9467,0,NORMAL,70.711,-3.0,1,1,1,1,1,217.6,85,8,dijkstra,fallback_centerline,0.24293,0,,,,,,0,,,,144650,72691,1409
1624,329.05238103866577,2026-03-06T12:49:46.937688,119.74,0.0,8.28,16.36,9.2,0.0,0.0,170.1,5.22,-2.245,-2.249,STRAIGHT,1.5,1.5,"CMD,-2.2,1.50",3.077,-0.0542,3.058,-0.255,1,0.9263,0,NORMAL,70.711,-3.0,1,1,1,1,1,218.8,92,8,dijkstra,fallback_centerline,0.247,0,,,,,,0,,,,146373,74026,1480
1625,329.23979091644287,2026-03-06T12:49:47.125098,118.11,0.0,8.23,14.86,9.24,0.0,0.0,168.37,5.21,-2.232,-2.245,STRAIGHT,1.5,1.5,"CMD,-2.2,1.50",2.989,-0.0535,2.969,-0.237,1,0.9171,0,NORMAL,70.711,-3.0,1,1,1,1,1,220.0,71,7,dijkstra,fallback_centerline,0.24324,0,,,,,,0,,,,143350,72942,1449
1626,329.4296860694885,2026-03-06T12:49:47.314993,120.59,0.0,9.01,14.6,9.32,0.0,0.0,171.09,5.21,-2.218,-2.232,STRAIGHT,1.5,1.5,"CMD,-2.2,1.50",2.942,-0.0531,2.923,-0.228,1,0.915,0,NORMAL,57.183,-3.0,1,1,1,1,1,219.9,63,11,dijkstra,fallback_centerline,0.2175,0,,,,,,0,,,,132776,65176,1400
1627,329.6211211681366,2026-03-06T12:49:47.506428,120.01,0.0,9.0,16.31,9.22,0.0,0.0,173.8,5.21,-2.214,-2.218,STRAIGHT,1.5,1.5,"CMD,-2.2,1.50",2.937,-0.0535,2.917,-0.229,1,0.8969,0,NORMAL,51.692,-3.0,1,1,1,1,1,219.9,86,7,dijkstra,fallback_centerline,0.23612,0,,,,,,0,,,,147234,70705,1508
1628,329.8083508014679,2026-03-06T12:49:47.693658,119.77,0.0,8.43,12.51,9.98,0.0,0.0,169.26,5.22,-2.157,-2.214,STRAIGHT,1.5,1.5,"CMD,-2.2,1.50",3.188,-0.0495,3.161,-0.249,1,0.8234,0,NORMAL,70.711,-3.0,1,1,1,1,1,220.5,62,9,dijkstra,fallback_centerline,0.21543,0,,,,,,0,,,,123886,64446,1378
1629,329.9954743385315,2026-03-06T12:49:47.880781,115.75,0.0,9.12,18.31,9.84,0.0,0.0,168.34,5.23,-1.839,-2.157,STRAIGHT,1.5,1.5,"CMD,-2.2,1.50",4.0,-0.0292,3.993,-0.234,1,0.6835,0,NORMAL,70.711,-3.0,1,1,1,1,1,222.6,78,8,dijkstra,fallback_centerline,0.25211,0,,,,,,0,,,,148206,75337,1685
1630,330.18824887275696,2026-03-06T12:49:48.073556,118.97,0.0,8.02,17.46,10.15,0.0,0.0,172.79,5.23,-1.506,-1.839,STRAIGHT,1.5,1.5,"CMD,-1.8,1.50",4.0,-0.0204,3.967,-0.161,1,0.8869,0,NORMAL,70.711,-3.0,1,1,1,1,1,223.7,97,8,dijkstra,fallback_centerline,0.27244,0,,,,,,0,,,,153040,81505,1603
1631,330.3787741661072,2026-03-06T12:49:48.264081,116.99,0.0,8.74,18.57,11.46,0.0,0.0,172.04,5.23,-0.182,-1.506,STRAIGHT,1.5,1.5,"CMD,-1.5,1.50",2.891,0.0599,2.865,0.248,1,0.8618,0,NORMAL,70.711,-3.0,1,1,1,1,1,217.3,94,9,dijkstra,fallback_centerline,0.29463,0,,,,,,0,,,,159024,88257,1664
1632,330.58207273483276,2026-03-06T12:49:48.467380,120.0,0.0,9.78,18.54,13.85,0.0,0.0,182.08,5.22,0.433,-0.182,STRAIGHT,1.5,1.5,"CMD,-0.2,1.50",3.658,0.0403,3.638,0.268,1,0.8516,0,NORMAL,70.711,-3.0,1,1,1,1,1,212.6,109,7,dijkstra,fallback_centerline,0.32981,0,,,,,,0,,,,167753,98706,1804
1633,330.777446269989,2026-03-06T12:49:48.662753,117.03,0.0,7.63,19.54,12.92,0.0,0.0,176.52,5.22,0.722,0.433,STRAIGHT,1.5,1.5,"CMD,0.4,1.50",4.0,0.0315,3.979,0.251,1,0.8609,0,NORMAL,70.711,-3.0,1,1,1,1,1,212.1,110,7,dijkstra,fallback_centerline,0.35349,0,,,,,,0,,,,173575,105930,1770
1634,330.96785593032837,2026-03-06T12:49:48.853163,115.64,0.0,8.01,16.22,11.17,0.0,0.0,169.57,5.22,0.913,0.722,STRAIGHT,1.5,1.5,"CMD,0.7,1.50",4.0,0.0314,3.976,0.249,1,0.8215,0,NORMAL,70.711,-3.0,1,1,1,1,1,211.0,82,9,dijkstra,fallback_centerline,0.32283,0,,,,,,0,,,,150683,96740,1625
1635,331.170841217041,2026-03-06T12:49:49.056148,119.27,0.0,9.08,22.53,12.91,0.0,0.0,181.16,5.22,1.094,0.913,STRAIGHT,1.5,1.5,"CMD,0.9,1.50",3.818,0.0353,3.79,0.255,1,0.8339,0,NORMAL,70.711,-3.0,1,1,1,1,1,208.4,128,13,dijkstra,fallback_centerline,0.35653,0,,,,,,0,,,,162002,106864,2033
1636,331.3757531642914,2026-03-06T12:49:49.261060,117.99,0.0,8.76,24.53,13.71,0.0,0.0,183.65,5.2,1.322,1.094,STRAIGHT,1.5,1.5,"CMD,1.1,1.50",3.518,0.0431,3.487,0.264,1,0.8975,0,NORMAL,70.711,-3.0,1,1,1,1,1,208.4,141,14,dijkstra,fallback_centerline,0.38938,0,,,,,,0,,,,174257,116584,2229
1637,331.5841119289398,2026-03-06T12:49:49.469419,119.79,0.0,9.45,23.89,14.85,0.0,1.0,188.71,5.18,1.541,1.322,STRAIGHT,1.5,1.5,"CMD,1.3,1.50",3.345,0.048,3.312,0.265,1,0.9466,0,NORMAL,70.711,-3.0,1,1,1,1,1,207.9,143,15,dijkstra,fallback_centerline,0.40161,0,,,,,,0,,,,176290,120390,2799
1638,331.7915852069855,2026-03-06T12:49:49.676892,120.41,0.0,9.57,25.85,13.83,0.0,0.0,186.88,5.17,1.757,1.541,STRAIGHT,1.5,1.5,"CMD,1.5,1.50",3.179,0.0531,3.143,0.264,1,0.9451,0,NORMAL,70.711,-2.907,1,1,1,1,1,208.2,142,15,dijkstra,fallback_centerline,0.39043,0,,,,,,0,,,,169677,116848,2728
1639,331.99065923690796,2026-03-06T12:49:49.875966,117.83,0.0,8.85,18.4,15.02,0.0,0.0,179.85,5.16,1.98,1.757,STRAIGHT,1.5,1.5,"CMD,1.8,1.50",3.014,0.0589,2.974,0.262,1,0.9358,0,NORMAL,70.711,-2.507,1,1,1,1,1,208.7,103,13,dijkstra,fallback_centerline,0.37192,0,,,,,,0,,,,165915,111533,2157
1640,332.1856920719147,2026-03-06T12:49:50.070999,119.87,0.0,8.12,18.13,10.71,0.0,1.04,175.02,5.16,1.974,1.974,STRAIGHT,1.5,1.5,"CMD,2.0,1.50",3.176,0.0476,3.163,0.239,1,0.6428,0,NORMAL,70.711,-1.977,1,1,1,1,1,190.8,102,6,dijkstra,fallback_centerline,0.25052,0,,,,,,0,,,,107179,75235,1692
1641,332.38451766967773,2026-03-06T12:49:50.269825,118.89,0.0,5.12,21.35,12.53,0.0,0.0,180.58,5.15,2.169,1.98,STRAIGHT,1.5,1.5,"CMD,2.0,1.50",2.87,0.0621,2.839,0.252,1,0.6814,0,NORMAL,64.115,-0.455,1,1,1,1,1,211.0,112,7,dijkstra,fallback_centerline,0.32884,0,,,,,,0,,,,157241,98417,2051
1642,332.5956792831421,2026-03-06T12:49:50.480986,127.3,0.0,10.07,21.11,13.57,0.0,0.0,190.22,5.14,2.255,2.169,STRAIGHT,1.5,1.5,"CMD,2.2,1.50",2.972,0.0588,2.939,0.256,1,0.9287,0,NORMAL,57.814,0.438,1,1,1,1,1,211.3,105,9,dijkstra,fallback_centerline,0.36917,0,,,,,,0,,,,168292,110628,2095
1643,332.8004381656647,2026-03-06T12:49:50.685745,117.82,0.0,9.03,23.6,14.04,0.0,0.0,183.15,5.13,2.256,2.255,STRAIGHT,1.5,1.5,"CMD,2.3,1.50",3.099,0.0548,3.065,0.259,1,0.9468,0,NORMAL,53.718,1.296,1,1,1,1,1,211.8,134,12,dijkstra,fallback_centerline,0.41219,0,,,,,,0,,,,176481,123331,2949
1644,333.0039601325989,2026-03-06T12:49:50.889267,119.49,0.0,9.6,21.24,13.7,0.0,0.0,181.36,5.11,2.183,2.255,STRAIGHT,1.5,1.5,"CMD,2.3,1.50",3.281,0.0494,3.249,0.262,1,0.9718,0,NORMAL,50.782,1.903,1,1,1,1,1,210.4,127,10,dijkstra,fallback_centerline,0.40461,0,,,,,,0,,,,177181,121178,2613
1645,333.20544934272766,2026-03-06T12:49:51.090756,121.89,0.0,6.1,21.85,12.55,0.0,0.0,181.57,5.1,2.11,2.183,STRAIGHT,1.5,1.5,"CMD,2.2,1.50",3.349,0.0476,3.318,0.264,1,0.9725,0,NORMAL,50.027,2.393,1,1,1,1,1,211.5,113,12,dijkstra,fallback_centerline,0.39678,0,,,,,,0,,,,176660,118739,2424
1646,333.4177167415619,2026-03-06T12:49:51.303024,126.24,0.0,7.9,27.8,13.33,0.0,0.0,192.04,5.09,2.06,2.11,STRAIGHT,1.5,1.5,"CMD,2.1,1.50",3.355,0.0476,3.323,0.264,1,0.9361,0,NORMAL,52.587,3.0,1,1,1,1,1,211.8,149,15,dijkstra,fallback_centerline,0.40587,0,,,,,,0,,,,174453,121490,2850
1647,333.6560184955597,2026-03-06T12:49:51.541326,145.75,0.0,9.01,29.5,14.19,0.0,0.0,218.41,5.04,2.547,2.11,STRAIGHT,1.5,1.5,"CMD,2.1,1.50",2.551,0.0854,2.488,0.268,1,0.7435,0,NORMAL,51.958,3.0,1,1,1,1,1,195.6,164,10,dijkstra,fallback_centerline,0.40021,0,,,,,,0,,,,139937,120157,2805
1648,333.88594603538513,2026-03-06T12:49:51.771253,132.3,0.0,8.5,33.19,13.98,0.0,0.0,210.26,5.01,2.355,2.355,STRAIGHT,1.5,1.5,"CMD,2.4,1.50",3.181,0.0479,3.167,0.241,1,0.8113,0,NORMAL,53.561,3.0,1,1,1,1,1,213.4,185,14,dijkstra,fallback_centerline,0.44649,0,,,,,,0,,,,171195,133997,3353
1649,334.1158652305603,2026-03-06T12:49:52.001172,129.3,0.0,9.84,33.3,16.01,0.0,0.92,209.79,4.98,2.258,2.355,STRAIGHT,1.5,1.5,"CMD,2.4,1.50",3.101,0.05,3.086,0.24,1,0.9216,0,NORMAL,56.028,3.0,1,1,1,1,1,182.1,171,13,dijkstra,fallback_centerline,0.43341,0,,,,,,0,,,,161988,129877,3182
1650,334.3536958694458,2026-03-06T12:49:52.239003,136.9,0.0,8.53,35.41,13.42,0.0,0.0,214.42,4.95,2.3,2.3,STRAIGHT,1.5,1.5,"CMD,2.3,1.50",2.895,0.0579,2.874,0.241,1,0.8912,0,NORMAL,51.664,3.0,1,1,1,1,1,213.4,207,13,dijkstra,fallback_centerline,0.4205,0,,,,,,0,,,,167623,126009,3246
1651,334.5805199146271,2026-03-06T12:49:52.465827,132.3,0.0,9.79,30.93,14.68,0.0,0.0,206.46,4.91,2.622,2.3,STRAIGHT,1.5,1.5,"CMD,2.3,1.50",2.597,0.0793,2.548,0.26,1,0.7081,0,NORMAL,51.552,3.0,1,1,1,1,1,200.1,175,10,dijkstra,fallback_centerline,0.39558,0,,,,,,0,,,,124737,118605,3022
1652,334.7978618144989,2026-03-06T12:49:52.683169,122.94,0.0,9.46,31.15,14.19,0.0,0.0,197.15,4.89,2.865,2.622,STRAIGHT,1.5,1.5,"CMD,2.6,1.50",2.577,0.0813,2.524,0.262,1,0.932,0,NORMAL,60.6,3.0,1,1,1,1,1,203.2,189,8,dijkstra,fallback_centerline,0.38674,0,,,,,,0,,,,119664,115913,2936
1653,335.0036532878876,2026-03-06T12:49:52.888960,115.85,0.0,8.7,29.18,14.34,0.0,0.0,185.8,4.87,2.534,2.622,STRAIGHT,1.5,1.5,"CMD,2.6,1.50",3.254,0.0454,3.241,0.24,1,0.8473,0,NORMAL,69.56,3.0,1,1,1,1,1,209.8,176,10,dijkstra,fallback_centerline,0.41304,0,,,,,,0,,,,140590,123872,3284
1654,335.217652797699,2026-03-06T12:49:53.102960,125.35,0.0,9.23,28.6,13.1,0.0,0.0,195.21,4.85,2.901,2.865,STRAIGHT,1.5,1.5,"CMD,2.9,1.50",2.511,0.0882,2.421,0.262,1,0.8598,0,NORMAL,66.26,3.0,1,1,1,1,1,195.6,161,10,dijkstra,fallback_centerline,0.4126,0,,,,,,0,,,,146835,123789,2985
1655,335.42826414108276,2026-03-06T12:49:53.313571,118.85,0.0,2.01,30.42,12.81,0.0,1.0,190.93,4.83,2.877,2.877,STRAIGHT,1.5,1.5,"CMD,2.9,1.50",2.784,0.0686,2.739,0.26,1,0.7632,0,NORMAL,62.483,3.0,1,1,1,1,1,214.5,174,11,dijkstra,fallback_centerline,0.44107,0,,,,,,0,,,,178639,132080,3145
1656,335.64572739601135,2026-03-06T12:49:53.531035,127.63,0.0,9.37,27.47,13.4,0.0,0.0,196.6,4.81,2.909,2.901,STRAIGHT,1.5,1.5,"CMD,2.9,1.50",2.714,0.0722,2.666,0.259,1,0.8607,0,NORMAL,59.829,3.0,1,1,1,1,1,178.1,156,14,dijkstra,fallback_centerline,0.42651,0,,,,,,0,,,,161506,127842,3037
1657,335.86724376678467,2026-03-06T12:49:53.752551,124.44,0.0,9.69,31.71,14.33,0.0,0.35,201.16,4.79,2.6,2.877,STRAIGHT,1.5,1.5,"CMD,2.9,1.50",3.159,0.048,3.146,0.239,1,0.8224,0,NORMAL,58.262,3.0,1,1,1,1,1,191.2,189,17,dijkstra,fallback_centerline,0.42926,0,,,,,,0,,,,150260,128755,3197
1658,336.0937569141388,2026-03-06T12:49:53.979064,133.49,0.0,9.26,33.14,13.16,0.0,0.0,207.37,4.76,2.439,2.6,STRAIGHT,1.5,1.5,"CMD,2.6,1.50",3.096,0.0513,3.078,0.245,1,0.8119,0,NORMAL,56.719,3.0,1,1,1,1,1,220.1,203,15,dijkstra,fallback_centerline,0.44967,0,,,,,,0,,,,176873,134730,3138
1659,336.32187604904175,2026-03-06T12:49:54.207183,128.65,0.0,8.21,38.25,13.42,0.0,0.0,207.59,4.73,2.53,2.53,STRAIGHT,1.5,1.5,"CMD,2.5,1.50",2.805,0.0658,2.771,0.255,1,0.8979,0,NORMAL,54.916,3.0,1,1,1,1,1,219.3,238,21,dijkstra,fallback_centerline,0.45275,0,,,,,,0,,,,173066,135513,3584
1660,336.5265362262726,2026-03-06T12:49:54.411843,121.66,0.0,8.74,23.48,10.99,0.0,1.0,184.18,4.72,2.51,2.51,STRAIGHT,1.5,1.5,"CMD,2.5,1.50",2.937,0.0599,2.905,0.255,1,0.5225,0,NORMAL,54.393,3.0,1,1,1,1,1,221.4,161,11,dijkstra,fallback_centerline,0.35438,0,,,,,,0,,,,91669,106135,2565
1661,336.7458453178406,2026-03-06T12:49:54.631153,128.61,0.0,11.64,30.94,14.82,0.0,0.0,203.56,4.7,2.398,2.51,STRAIGHT,1.5,1.5,"CMD,2.5,1.50",3.101,0.0527,3.079,0.252,1,0.6234,0,NORMAL,53.182,3.0,1,1,1,1,1,209.6,188,13,dijkstra,fallback_centerline,0.46988,0,,,,,,0,,,,146237,140899,3198
1662,336.9621641635895,2026-03-06T12:49:54.847471,123.62,0.0,8.81,31.24,12.02,0.0,0.0,194.6,4.69,2.371,2.398,STRAIGHT,1.5,1.5,"CMD,2.4,1.50",3.042,0.0562,3.016,0.257,1,0.803,0,NORMAL,51.654,3.0,1,1,1,1,1,220.9,183,12,dijkstra,fallback_centerline,0.41843,0,,,,,,0,,,,158761,125338,2636
1663,337.1747555732727,2026-03-06T12:49:55.060063,127.74,0.0,10.02,24.66,12.23,0.0,0.0,193.7,4.67,1.901,2.371,STRAIGHT,1.5,1.5,"CMD,2.4,1.50",4.0,0.0233,3.976,0.185,1,0.8454,0,NORMAL,50.71,3.0,1,1,1,1,1,220.7,148,11,dijkstra,fallback_centerline,0.44068,0,,,,,,0,,,,181608,131916,2770
1664,337.3817286491394,2026-03-06T12:49:55.267036,120.86,0.0,8.05,25.95,14.13,0.0,0.0,186.79,4.67,1.511,1.901,STRAIGHT,1.5,1.5,"CMD,1.9,1.50",4.0,0.0177,3.974,0.14,1,0.9489,0,NORMAL,50.571,3.0,1,1,1,1,1,222.5,151,9,dijkstra,fallback_centerline,0.4488,0,,,,,,0,,,,186580,134195,2849
1665,337.5919907093048,2026-03-06T12:49:55.477298,122.69,0.0,9.96,24.23,14.15,0.0,0.0,189.59,4.66,1.413,1.511,STRAIGHT,1.5,1.5,"CMD,1.5,1.50",3.605,0.0295,3.584,0.19,1,0.9551,0,NORMAL,50.293,3.0,1,1,1,1,1,223.2,136,10,dijkstra,fallback_centerline,0.4601,0,,,,,,0,,,,191012,137627,2886
1666,337.8030619621277,2026-03-06T12:49:55.688369,122.14,0.0,10.02,25.03,13.71,0.0,0.0,190.0,4.66,1.411,1.413,STRAIGHT,1.5,1.5,"CMD,1.4,1.50",3.421,0.0341,3.4,0.198,1,0.9617,0,NORMAL,50.061,3.0,1,1,1,1,1,222.9,124,16,dijkstra,fallback_centerline,0.44506,0,,,,,,0,,,,184928,133111,2990
1667,338.0285494327545,2026-03-06T12:49:55.913857,126.58,0.0,9.42,37.78,13.91,0.0,0.0,203.96,4.65,1.172,1.411,STRAIGHT,1.5,1.5,"CMD,1.4,1.50",3.721,0.0168,3.685,0.114,1,0.8961,0,NORMAL,50.008,2.821,1,1,1,1,1,221.1,212,16,dijkstra,fallback_centerline,0.44182,0,,,,,,0,,,,168314,132125,3608
1668,338.2447340488434,2026-03-06T12:49:56.130041,122.44,0.0,9.16,30.65,13.61,0.0,1.0,195.88,4.64,0.916,1.172,STRAIGHT,1.5,1.5,"CMD,1.2,1.50",3.726,0.0098,3.693,0.067,1,0.9133,0,NORMAL,50.164,2.857,1,1,1,1,1,222.3,187,14,dijkstra,fallback_centerline,0.43087,0,,,,,,0,,,,174617,128933,3156
1669,338.45658111572266,2026-03-06T12:49:56.341888,121.06,0.0,10.01,30.32,14.12,0.0,0.0,192.15,4.62,0.44,0.916,STRAIGHT,1.5,1.5,"CMD,0.9,1.50",4.0,-0.0124,3.951,-0.097,1,0.9349,0,NORMAL,50.644,2.743,1,1,1,1,1,222.3,174,13,dijkstra,fallback_centerline,0.44281,0,,,,,,0,,,,179999,132425,3435
1670,338.65933418273926,2026-03-06T12:49:56.544641,119.77,0.0,9.59,21.78,13.67,0.0,0.0,182.22,4.62,0.042,0.44,STRAIGHT,1.5,1.5,"CMD,0.4,1.50",4.0,-0.0182,3.96,-0.143,1,0.9026,0,NORMAL,51.534,2.605,1,1,1,1,1,222.9,115,14,dijkstra,fallback_centerline,0.43479,0,,,,,,0,,,,186048,130253,2794
1671,338.8700807094574,2026-03-06T12:49:56.755388,124.02,0.0,9.47,21.54,14.71,0.0,0.0,189.71,4.62,-0.227,0.042,STRAIGHT,1.5,1.5,"CMD,0.0,1.50",3.797,-0.0185,3.773,-0.132,1,0.9425,0,NORMAL,52.628,2.518,1,1,1,1,1,221.9,116,15,dijkstra,fallback_centerline,0.43938,0,,,,,,0,,,,189906,131432,2802
1672,339.0682520866394,2026-03-06T12:49:56.953559,120.75,0.0,9.0,20.26,9.02,0.0,0.0,178.32,4.63,-0.361,-0.227,STRAIGHT,1.5,1.5,"CMD,-0.2,1.50",3.219,-0.0153,3.205,-0.078,1,0.9174,0,NORMAL,54.022,2.278,1,1,1,1,1,222.1,120,12,dijkstra,fallback_centerline,0.41899,0,,,,,,0,,,,192829,125321,2495
1673,339.27567315101624,2026-03-06T12:49:57.160980,120.9,0.0,9.15,22.11,13.0,0.0,0.0,184.4,4.62,-0.503,-0.361,STRAIGHT,1.5,1.5,"CMD,-0.4,1.50",2.975,-0.0191,2.959,-0.084,1,0.9238,0,NORMAL,56.808,1.791,1,1,1,1,1,222.3,121,9,dijkstra,fallback_centerline,0.38946,0,,,,,,0,,,,181357,116614,2266
1674,339.4791350364685,2026-03-06T12:49:57.364442,119.55,0.0,9.01,24.18,11.54,0.0,1.0,183.46,4.62,-0.706,-0.503,STRAIGHT,1.5,1.5,"CMD,-0.5,1.50",2.803,-0.027,2.785,-0.105,1,0.9299,0,NORMAL,59.53,1.442,1,1,1,1,1,221.6,158,10,dijkstra,fallback_centerline,0.37545,0,,,,,,0,,,,172384,112397,2608
1675,339.6809332370758,2026-03-06T12:49:57.566240,116.62,0.0,8.55,25.24,13.24,0.0,0.0,181.94,4.63,-0.895,-0.706,STRAIGHT,1.5,1.5,"CMD,-0.7,1.50",2.633,-0.0309,2.61,-0.105,1,0.8887,0,NORMAL,67.017,0.229,1,1,1,1,1,221.3,170,11,dijkstra,fallback_centerline,0.3395,0,,,,,,0,,,,156645,101574,2679
1676,339.8893837928772,2026-03-06T12:49:57.774691,117.59,0.0,8.28,31.56,12.61,0.0,0.0,188.52,4.65,-1.247,-0.895,STRAIGHT,1.5,1.5,"CMD,-0.9,1.50",2.752,-0.0473,2.73,-0.177,1,0.8875,0,NORMAL,68.529,-0.031,1,1,1,1,1,220.6,180,12,dijkstra,fallback_centerline,0.35289,0,,,,,,0,,,,166811,105619,2924
1677,340.0969099998474,2026-03-06T12:49:57.982217,116.9,0.0,8.22,30.11,12.11,0.0,0.0,187.05,4.67,-1.55,-1.247,STRAIGHT,1.5,1.5,"CMD,-1.2,1.50",2.872,-0.0523,2.852,-0.214,1,0.9536,0,NORMAL,70.17,-0.178,1,1,1,1,1,220.6,187,12,dijkstra,fallback_centerline,0.32981,0,,,,,,0,,,,161894,98841,2652
1678,340.29827189445496,2026-03-06T12:49:58.183579,114.67,0.0,9.18,28.11,11.56,0.0,0.0,181.9,4.69,-1.768,-1.55,STRAIGHT,1.5,1.5,"CMD,-1.5,1.50",2.96,-0.0535,2.94,-0.232,1,0.9741,0,NORMAL,70.711,-0.301,1,1,1,1,1,220.2,177,11,dijkstra,fallback_centerline,0.32996,0,,,,,,0,,,,160781,98845,2611
1679,340.4960353374481,2026-03-06T12:49:58.381342,116.77,0.0,8.51,24.64,9.89,0.0,0.0,178.36,4.72,-1.915,-1.768,STRAIGHT,1.5,1.5,"CMD,-1.8,1.50",3.058,-0.0536,3.039,-0.249,1,0.9358,0,NORMAL,70.711,-0.504,1,1,1,1,1,220.3,151,10,dijkstra,fallback_centerline,0.34273,0,,,,,,0,,,,168170,102594,2522
1680,340.7030396461487,2026-03-06T12:49:58.588347,115.49,0.0,10.19,27.81,11.42,0.0,0.0,183.85,4.74,-2.03,-1.915,STRAIGHT,1.5,1.5,"CMD,-1.9,1.50",3.034,-0.0548,3.014,-0.251,1,0.943,0,NORMAL,70.711,-1.03,1,1,1,1,1,219.0,168,10,dijkstra,fallback_centerline,0.32684,0,,,,,,0,,,,167748,97779,2637
1681,340.9082636833191,2026-03-06T12:49:58.793571,130.75,0.0,8.81,17.79,10.52,0.0,0.0,186.09,4.75,-2.098,-2.03,STRAIGHT,1.5,1.5,"CMD,-2.0,1.50",3.092,-0.0542,3.072,-0.258,1,0.9647,0,NORMAL,70.711,-0.997,1,1,1,1,1,220.0,99,9,dijkstra,fallback_centerline,0.31095,0,,,,,,0,,,,162175,93017,1993
1682,341.1076114177704,2026-03-06T12:49:58.992919,120.68,0.0,6.17,27.52,11.41,0.0,0.0,181.69,4.75,-2.143,-2.098,STRAIGHT,1.5,1.5,"CMD,-2.1,1.50",3.128,-0.0541,3.109,-0.263,1,0.9317,0,NORMAL,70.711,-1.374,1,1,1,1,1,218.0,131,12,dijkstra,fallback_centerline,0.3382,0,,,,,,0,,,,168514,101109,2632
1683,341.3123195171356,2026-03-06T12:49:59.197627,117.64,0.0,6.8,32.13,12.64,0.0,0.0,185.35,4.76,-2.171,-2.143,STRAIGHT,1.5,1.5,"CMD,-2.1,1.50",3.147,-0.054,3.128,-0.266,1,0.9636,0,NORMAL,70.711,-1.576,1,1,1,1,1,216.9,178,13,dijkstra,fallback_centerline,0.34248,0,,,,,,0,,,,169206,102382,2841
1684,341.52212262153625,2026-03-06T12:49:59.407430,120.09,0.0,9.05,30.31,12.36,0.0,0.0,190.01,4.76,-2.161,-2.161,STRAIGHT,1.5,1.5,"CMD,-2.2,1.50",3.276,-0.0519,3.257,-0.277,1,0.9408,0,NORMAL,70.711,-1.628,1,1,1,1,1,216.9,184,11,dijkstra,fallback_centerline,0.32944,0,,,,,,0,,,,162268,98547,2836
1685,341.7156136035919,2026-03-06T12:49:59.600921,115.86,0.0,10.98,19.25,10.81,0.0,0.0,173.44,4.78,-2.126,-2.161,STRAIGHT,1.5,1.5,"CMD,-2.2,1.50",3.37,-0.0499,3.352,-0.282,1,0.9307,0,NORMAL,70.711,-1.667,1,1,1,1,1,216.3,123,9,dijkstra,fallback_centerline,0.30306,0,,,,,,0,,,,154122,90805,2145
1686,341.93308687210083,2026-03-06T12:49:59.818394,124.34,0.0,10.75,28.68,11.38,0.0,0.0,198.33,4.78,-2.074,-2.126,STRAIGHT,1.5,1.5,"CMD,-2.1,1.50",3.459,-0.0478,3.442,-0.285,1,0.9482,0,NORMAL,70.711,-1.867,1,1,1,1,1,215.7,176,12,dijkstra,fallback_centerline,0.3095,0,,,,,,0,,,,156793,92695,2449
1687,342.13880729675293,2026-03-06T12:50:00.024114,118.34,0.0,8.53,29.51,11.01,0.0,0.0,186.06,4.8,-1.952,-2.074,STRAIGHT,1.5,1.5,"CMD,-2.1,1.50",3.684,-0.0414,3.666,-0.28,1,0.8998,0,NORMAL,70.711,-1.825,1,1,1,1,1,214.2,192,8,dijkstra,fallback_centerline,0.27452,0,,,,,,0,,,,144798,82299,2386
1688,342.35081815719604,2026-03-06T12:50:00.236125,123.25,0.0,9.02,28.98,11.25,0.0,0.0,191.51,4.81,-1.757,-1.952,STRAIGHT,1.5,1.5,"CMD,-2.0,1.50",3.963,-0.0331,3.945,-0.259,1,0.9573,0,NORMAL,67.56,-1.819,1,1,1,1,1,214.6,179,9,dijkstra,fallback_centerline,0.28221,0,,,,,,0,,,,143378,84474,2526
1689,342.5457754135132,2026-03-06T12:50:00.431082,119.56,0.0,9.01,20.16,9.25,0.0,0.0,176.39,4.82,-1.611,-1.757,STRAIGHT,1.5,1.5,"CMD,-1.8,1.50",4.0,-0.032,3.982,-0.254,1,0.9591,0,NORMAL,68.698,-1.906,1,1,1,1,1,214.6,116,9,dijkstra,fallback_centerline,0.25713,0,,,,,,0,,,,138049,76940,1950
1690,342.74598836898804,2026-03-06T12:50:00.631296,117.89,0.0,9.01,29.21,10.32,0.0,0.0,183.17,4.83,-1.513,-1.611,STRAIGHT,1.5,1.5,"CMD,-1.6,1.50",4.0,-0.0319,3.982,-0.254,1,0.9658,0,NORMAL,67.52,-1.852,1,1,1,1,1,214.4,175,10,dijkstra,fallback_centerline,0.27149,0,,,,,,0,,,,140994,81177,2270
1691,342.9418706893921,2026-03-06T12:50:00.827178,119.62,0.0,9.13,17.19,11.97,0.0,0.0,176.58,4.85,-1.448,-1.513,STRAIGHT,1.5,1.5,"CMD,-1.5,1.50",4.0,-0.0319,3.982,-0.254,1,0.9783,0,NORMAL,66.804,-1.83,1,1,1,1,1,214.4,92,6,dijkstra,fallback_centerline,0.27035,0,,,,,,0,,,,141101,81008,1737
1692,343.1327486038208,2026-03-06T12:50:01.018056,116.61,0.0,9.9,15.2,12.12,0.0,0.0,172.0,4.87,-1.405,-1.448,STRAIGHT,1.5,1.5,"CMD,-1.4,1.50",4.0,-0.032,3.982,-0.254,1,0.9622,0,NORMAL,63.04,-1.601,1,1,1,1,1,214.8,91,9,dijkstra,fallback_centerline,0.27457,0,,,,,,0,,,,141761,82285,1785
1693,343.3456561565399,2026-03-06T12:50:01.230963,131.72,0.0,8.22,20.57,11.11,0.0,0.0,192.89,4.86,-1.372,-1.405,STRAIGHT,1.5,1.5,"CMD,-1.4,1.50",4.0,-0.0317,3.981,-0.252,1,0.8725,0,NORMAL,63.489,-1.698,1,1,1,1,1,212.1,109,8,dijkstra,fallback_centerline,0.30283,0,,,,,,0,,,,158530,90606,2117
1694,343.5490162372589,2026-03-06T12:50:01.434323,119.46,0.0,9.54,24.68,12.71,0.0,0.0,184.17,4.87,-1.355,-1.372,STRAIGHT,1.5,1.5,"CMD,-1.4,1.50",4.0,-0.0321,3.982,-0.255,1,0.9381,0,NORMAL,63.915,-1.745,1,1,1,1,1,213.7,144,10,dijkstra,fallback_centerline,0.29436,0,,,,,,0,,,,150360,88083,2124
1695,343.74827098846436,2026-03-06T12:50:01.633578,120.29,0.0,8.21,21.08,11.77,0.0,0.0,180.92,4.88,-1.34,-1.355,STRAIGHT,1.5,1.5,"CMD,-1.4,1.50",4.0,-0.0318,3.981,-0.253,1,0.9485,0,NORMAL,62.926,-1.674,1,1,1,1,1,213.1,126,8,dijkstra,fallback_centerline,0.30289,0,,,,,,0,,,,155827,90705,2078
1696,343.9463200569153,2026-03-06T12:50:01.831627,118.92,0.0,10.46,20.84,11.47,0.0,0.0,177.9,4.9,-1.328,-1.34,STRAIGHT,1.5,1.5,"CMD,-1.3,1.50",4.0,-0.0316,3.981,-0.252,1,0.8672,0,NORMAL,62.961,-1.66,1,1,1,1,1,211.4,96,11,dijkstra,fallback_centerline,0.38372,0,,,,,,0,,,,178201,115011,2687
1697,344.1430027484894,2026-03-06T12:50:02.028310,118.24,0.0,9.18,17.82,12.92,0.0,0.0,176.68,4.92,-0.493,-1.328,STRAIGHT,1.5,1.5,"CMD,-1.3,1.50",4.0,0.0286,1.279,0.023,1,0.8738,0,NORMAL,63.024,-1.562,1,1,1,1,2,63.9,89,8,dijkstra,graph,0.32262,0,,,,,,0,,,,166100,96639,2069
1698,344.3422574996948,2026-03-06T12:50:02.227565,121.27,0.0,9.02,19.29,11.59,0.0,1.15,179.86,4.93,0.095,-0.493,STRAIGHT,1.5,1.5,"CMD,-0.5,1.50",4.0,0.0308,1.233,0.023,1,0.9691,0,NORMAL,63.628,-1.661,1,1,1,1,2,61.7,84,8,dijkstra,graph,0.30992,0,,,,,,0,,,,162526,92785,1870
1699,344.53137707710266,2026-03-06T12:50:02.416684,116.06,0.0,8.92,16.11,9.37,0.0,0.0,169.62,4.94,0.528,0.095,STRAIGHT,1.5,1.5,"CMD,0.1,1.50",4.0,0.0338,1.187,0.024,1,0.9353,0,NORMAL,67.595,-2.317,1,1,1,1,2,59.4,76,6,dijkstra,graph,0.28415,0,,,,,,0,,,,159034,85184,1717
1700,344.7198944091797,2026-03-06T12:50:02.605202,117.7,0.0,8.98,17.41,11.17,0.0,0.0,173.26,4.96,0.853,0.528,STRAIGHT,1.5,1.5,"CMD,0.5,1.50",4.0,0.0365,1.142,0.024,1,0.9378,0,NORMAL,70.472,-3.0,1,1,1,1,2,57.1,83,10,dijkstra,graph,0.27589,0,,,,,,0,,,,153240,82600,1834
1701,344.92172479629517,2026-03-06T12:50:02.807032,111.81,0.0,13.62,26.23,11.46,0.0,1.04,181.14,4.95,1.165,0.853,STRAIGHT,1.5,1.5,"CMD,0.9,1.50",4.0,0.0434,1.05,0.024,1,0.8559,0,NORMAL,65.278,-3.0,1,1,1,1,2,52.5,150,16,dijkstra,graph,0.34488,0,,,,,,0,,,,161922,103295,2927
1702,345.13265919685364,2026-03-06T12:50:03.017966,120.1,0.0,9.52,22.67,20.42,0.0,0.0,190.83,4.95,0.257,0.853,STRAIGHT,1.5,1.5,"CMD,0.9,1.50",3.74,-0.0378,3.711,-0.262,1,0.8486,0,NORMAL,56.804,-3.0,1,1,1,1,1,214.9,120,12,dijkstra,fallback_centerline,0.28444,0,,,,,,0,,,,151147,85213,2378
1703,345.3429431915283,2026-03-06T12:50:03.228250,117.08,0.0,8.82,26.92,19.29,0.0,1.0,190.94,4.95,-0.531,0.257,STRAIGHT,1.5,1.5,"CMD,0.3,1.50",3.244,-0.0511,3.208,-0.265,1,0.8811,0,NORMAL,39.048,-3.0,1,1,1,1,1,209.9,162,9,dijkstra,fallback_centerline,0.25459,0,,,,,,0,,,,144187,76095,2408
1704,345.5538294315338,2026-03-06T12:50:03.439136,118.59,0.0,9.17,28.19,19.82,0.0,1.0,191.86,4.94,-1.146,-0.531,STRAIGHT,1.5,1.5,"CMD,-0.5,1.50",3.048,-0.0576,3.009,-0.263,1,0.94,0,NORMAL,55.319,-3.0,1,1,1,1,1,210.5,169,8,dijkstra,fallback_centerline,0.25393,0,,,,,,0,,,,143623,76101,2453
1705,345.76072216033936,2026-03-06T12:50:03.646029,113.85,0.0,8.01,28.74,20.59,0.0,0.0,192.51,4.94,-1.548,-1.146,STRAIGHT,1.5,1.5,"CMD,-1.1,1.50",3.061,-0.0571,3.023,-0.263,1,0.9328,0,NORMAL,66.868,-3.0,1,1,1,1,1,211.6,173,9,dijkstra,fallback_centerline,0.25981,0,,,,,,0,,,,146326,77727,2413
1706,345.975688457489,2026-03-06T12:50:03.860996,121.63,0.0,11.2,24.26,19.84,0.0,0.0,196.0,4.93,-1.794,-1.548,STRAIGHT,1.5,1.5,"CMD,-1.5,1.50",3.107,-0.0554,3.069,-0.263,1,0.9304,0,NORMAL,66.666,-3.0,1,1,1,1,1,213.6,134,7,dijkstra,fallback_centerline,0.25725,0,,,,,,0,,,,147994,76946,1966
1707,346.1747353076935,2026-03-06T12:50:04.060042,117.14,0.0,8.51,14.65,19.79,0.0,0.0,179.04,4.93,-1.928,-1.794,STRAIGHT,1.5,1.5,"CMD,-1.8,1.50",3.171,-0.0533,3.134,-0.264,1,0.9612,0,NORMAL,66.729,-3.0,1,1,1,1,1,214.5,62,8,dijkstra,fallback_centerline,0.25748,0,,,,,,0,,,,147238,77057,1637
1708,346.36775064468384,2026-03-06T12:50:04.253058,116.66,0.0,8.05,20.49,10.34,0.0,0.0,174.86,4.94,-0.644,-1.794,STRAIGHT,1.5,1.5,"CMD,-1.8,1.50",4.0,0.0467,1.005,0.024,1,0.886,0,NORMAL,68.79,-3.0,1,1,1,1,2,50.2,114,8,dijkstra,graph,0.27136,0,,,,,,0,,,,150980,81369,2067
1709,346.5648400783539,2026-03-06T12:50:04.450147,113.76,0.0,13.65,19.99,11.09,0.0,0.0,176.97,4.95,-0.89,-0.89,STRAIGHT,1.5,1.5,"CMD,-0.9,1.50",4.0,-0.0335,3.981,-0.267,1,0.8788,0,NORMAL,69.745,-3.0,1,1,1,1,1,220.9,117,8,dijkstra,fallback_centerline,0.27572,0,,,,,,0,,,,154382,82610,2120
1710,346.76939845085144,2026-03-06T12:50:04.654706,120.69,0.0,9.02,24.51,12.35,0.0,0.0,184.21,4.95,-1.052,-0.89,STRAIGHT,1.5,1.5,"CMD,-0.9,1.50",4.0,-0.0334,3.981,-0.266,1,0.8923,0,NORMAL,69.011,-3.0,1,1,1,1,1,220.4,112,6,dijkstra,fallback_centerline,0.28523,0,,,,,,0,,,,154110,85367,2000
1711,346.9673924446106,2026-03-06T12:50:04.852699,118.42,0.0,8.8,23.58,10.11,0.0,0.0,181.67,4.95,-1.165,-1.052,STRAIGHT,1.5,1.5,"CMD,-1.1,1.50",4.0,-0.0337,3.983,-0.269,1,0.9212,0,NORMAL,69.405,-3.0,1,1,1,1,1,221.6,122,8,dijkstra,fallback_centerline,0.29461,0,,,,,,0,,,,155928,88108,2244
1712,347.17495608329773,2026-03-06T12:50:05.060263,124.29,0.0,8.02,21.93,11.05,0.0,0.0,185.97,4.95,-1.245,-1.165,STRAIGHT,1.5,1.5,"CMD,-1.2,1.50",4.0,-0.034,3.984,-0.271,1,0.9359,0,NORMAL,70.025,-3.0,1,1,1,1,1,222.5,121,8,dijkstra,fallback_centerline,0.30717,0,,,,,,0,,,,158633,91869,2253
1713,347.381108045578,2026-03-06T12:50:05.266415,120.69,0.0,8.41,25.68,13.22,0.0,0.0,185.59,4.95,-1.449,-1.245,STRAIGHT,1.5,1.5,"CMD,-1.2,1.50",3.548,-0.045,3.532,-0.282,1,0.9544,0,NORMAL,67.897,-3.0,1,1,1,1,1,222.9,146,8,dijkstra,fallback_centerline,0.3038,0,,,,,,0,,,,158025,90971,2505
1714,347.5858099460602,2026-03-06T12:50:05.471117,122.03,0.0,5.62,28.4,11.88,0.0,0.0,185.0,4.94,-1.663,-1.449,STRAIGHT,1.5,1.5,"CMD,-1.4,1.50",3.214,-0.0507,3.196,-0.261,1,0.9533,0,NORMAL,65.335,-3.0,1,1,1,1,1,223.4,122,7,dijkstra,fallback_centerline,0.30969,0,,,,,,0,,,,159466,92808,2253
1715,347.77974820137024,2026-03-06T12:50:05.665055,116.9,0.0,9.13,17.0,12.19,0.0,0.0,174.16,4.96,-1.818,-1.663,STRAIGHT,1.5,1.5,"CMD,-1.7,1.50",3.03,-0.0516,3.011,-0.236,1,0.9605,0,NORMAL,63.887,-3.0,1,1,1,1,1,223.7,82,6,dijkstra,fallback_centerline,0.31076,0,,,,,,0,,,,158631,93062,2048
1716,347.986665725708,2026-03-06T12:50:05.871973,127.47,0.0,8.28,18.03,12.83,0.0,0.0,185.73,4.96,-1.923,-1.818,STRAIGHT,1.5,1.5,"CMD,-1.8,1.50",2.967,-0.0517,2.947,-0.226,1,0.9687,0,NORMAL,62.672,-3.0,1,1,1,1,1,223.8,88,5,dijkstra,fallback_centerline,0.29403,0,,,,,,0,,,,154120,88095,1823
1717,348.19361305236816,2026-03-06T12:50:06.078920,124.66,0.0,9.03,19.17,12.55,0.0,0.0,185.84,4.96,-1.242,-1.818,STRAIGHT,1.5,1.5,"CMD,-1.8,1.50",2.253,0.0029,2.206,0.007,1,0.7855,0,NORMAL,60.538,-2.989,1,1,1,1,1,224.1,101,7,dijkstra,fallback_centerline,0.2857,0,,,,,,0,,,,133315,85549,2055
1718,348.4025888442993,2026-03-06T12:50:06.287896,126.89,0.0,9.21,21.43,12.25,0.0,0.0,189.54,4.95,-1.255,-1.255,STRAIGHT,1.5,1.5,"CMD,-1.3,1.50",2.419,-0.031,2.386,-0.088,1,0.7815,0,NORMAL,62.138,-2.988,1,1,1,1,1,223.0,110,5,dijkstra,fallback_centerline,0.31512,0,,,,,,0,,,,159370,94478,2337
1719,348.60002613067627,2026-03-06T12:50:06.485333,121.62,0.0,8.55,16.86,12.08,0.0,0.0,176.43,4.95,-1.42,-1.255,STRAIGHT,1.5,1.5,"CMD,-1.3,1.50",2.562,-0.0424,2.535,-0.137,1,0.9798,0,NORMAL,61.576,-2.837,1,1,1,1,1,222.6,65,6,dijkstra,fallback_centerline,0.31899,0,,,,,,0,,,,159059,95471,2048
1720,348.7929337024689,2026-03-06T12:50:06.678241,124.52,0.0,9.61,7.7,12.18,0.0,1.0,174.27,4.96,-1.606,-1.42,STRAIGHT,1.5,1.5,"CMD,-1.4,1.50",2.674,-0.048,2.65,-0.169,1,0.9637,0,NORMAL,51.357,-2.817,1,1,1,1,1,222.0,12,3,dijkstra,fallback_centerline,0.30903,0,,,,,,0,,,,156706,92429,1203
1721,348.98990869522095,2026-03-06T12:50:06.875216,121.7,0.0,9.01,15.3,12.3,0.0,0.0,178.02,4.95,-1.753,-1.606,STRAIGHT,1.5,1.5,"CMD,-1.6,1.50",2.737,-0.0496,2.714,-0.184,1,0.983,0,NORMAL,51.108,-2.449,1,1,1,1,1,222.1,46,4,dijkstra,fallback_centerline,0.31463,0,,,,,,0,,,,158914,94242,1595
1722,349.19215202331543,2026-03-06T12:50:07.077459,125.77,0.0,10.02,13.47,12.46,0.0,0.0,181.83,4.96,-1.85,-1.753,STRAIGHT,1.5,1.5,"CMD,-1.8,1.50",2.764,-0.0496,2.743,-0.187,1,0.9587,0,NORMAL,50.722,-2.002,1,1,1,1,1,222.0,47,6,dijkstra,fallback_centerline,0.3256,0,,,,,,0,,,,158426,97471,1626
1723,349.3884859085083,2026-03-06T12:50:07.273793,121.59,0.0,8.58,14.67,13.07,0.0,0.0,177.04,4.97,-1.905,-1.85,STRAIGHT,1.5,1.5,"CMD,-1.8,1.50",2.771,-0.0489,2.75,-0.186,1,0.9381,0,NORMAL,50.271,-1.506,1,1,1,1,1,221.7,51,7,dijkstra,fallback_centerline,0.34868,0,,,,,,0,,,,168001,104417,1840
1724,349.58728647232056,2026-03-06T12:50:07.472593,126.19,0.0,9.02,13.3,13.38,0.0,0.0,179.73,4.97,-1.928,-1.905,STRAIGHT,1.5,1.5,"CMD,-1.9,1.50",2.768,-0.0479,2.747,-0.182,1,0.9655,0,NORMAL,50.007,-0.885,1,1,1,1,1,222.0,47,9,dijkstra,fallback_centerline,0.36822,0,,,,,,0,,,,172055,110363,1667
1725,349.79183769226074,2026-03-06T12:50:07.677145,122.89,0.0,9.14,17.96,14.26,0.0,0.0,182.72,4.96,-1.913,-1.913,STRAIGHT,1.5,1.5,"CMD,-1.9,1.50",2.758,-0.0456,2.737,-0.172,1,0.9264,0,NORMAL,50.546,0.07,1,1,1,1,1,222.2,89,11,dijkstra,fallback_centerline,0.40041,0,,,,,,0,,,,176795,119894,2663
1726,349.997487783432,2026-03-06T12:50:07.882795,121.74,0.0,8.97,21.1,14.59,0.0,0.0,186.07,4.95,-1.882,-1.913,STRAIGHT,1.5,1.5,"CMD,-1.9,1.50",2.748,-0.0442,2.728,-0.165,1,0.9433,0,NORMAL,52.059,0.47,1,1,1,1,1,222.3,104,10,dijkstra,fallback_centerline,0.41754,0,,,,,,0,,,,186167,124994,2748
1727,350.20569038391113,2026-03-06T12:50:08.090998,120.35,0.0,8.56,24.22,13.85,0.0,0.0,186.7,4.95,-1.832,-1.882,STRAIGHT,1.5,1.5,"CMD,-1.9,1.50",2.749,-0.042,2.728,-0.157,1,0.9291,0,NORMAL,56.0,1.093,1,1,1,1,1,222.0,116,11,dijkstra,fallback_centerline,0.43676,0,,,,,,0,,,,192530,130941,3057
1728,350.4067807197571,2026-03-06T12:50:08.292088,123.42,0.0,10.12,14.17,11.77,0.0,0.0,179.07,4.94,-1.783,-1.832,STRAIGHT,1.5,1.5,"CMD,-1.8,1.50",2.746,-0.0409,2.726,-0.152,1,0.9514,0,NORMAL,59.717,1.435,1,1,1,1,1,221.6,61,10,dijkstra,fallback_centerline,0.44961,0,,,,,,0,,,,200020,134811,2729
1729,350.6055176258087,2026-03-06T12:50:08.490825,122.59,0.0,9.92,14.06,13.77,0.0,0.0,181.83,4.93,-1.745,-1.783,STRAIGHT,1.5,1.5,"CMD,-1.8,1.50",2.742,-0.0404,2.722,-0.15,1,0.9561,0,NORMAL,62.758,1.704,1,1,1,1,1,221.3,47,9,dijkstra,fallback_centerline,0.44738,0,,,,,,0,,,,193760,134186,2714
1730,350.8029501438141,2026-03-06T12:50:08.688257,121.88,0.0,9.52,14.06,14.02,0.0,0.0,177.49,4.93,-1.716,-1.745,STRAIGHT,1.5,1.5,"CMD,-1.7,1.50",2.741,-0.0402,2.72,-0.149,1,0.9501,0,NORMAL,61.957,1.788,1,1,1,1,1,221.3,48,10,dijkstra,fallback_centerline,0.44744,0,,,,,,0,,,,199698,134079,2689
1731,351.0052559375763,2026-03-06T12:50:08.890563,125.17,0.0,10.15,13.62,14.03,0.0,0.0,182.29,4.94,-1.693,-1.716,STRAIGHT,1.5,1.5,"CMD,-1.7,1.50",2.743,-0.0399,2.722,-0.148,1,0.928,0,NORMAL,60.956,2.052,1,1,1,1,1,222.7,48,8,dijkstra,fallback_centerline,0.43921,0,,,,,,0,,,,195816,131591,2465
1732,351.20137572288513,2026-03-06T12:50:09.086683,117.93,0.0,9.51,13.02,14.4,0.0,0.0,174.56,4.95,-1.667,-1.693,STRAIGHT,1.5,1.5,"CMD,-1.7,1.50",2.749,-0.0392,2.729,-0.146,1,0.9349,0,NORMAL,56.791,2.304,1,1,1,1,1,222.9,44,9,dijkstra,fallback_centerline,0.42942,0,,,,,,0,,,,188834,128523,2275
1733,351.39371395111084,2026-03-06T12:50:09.279021,119.42,0.0,8.27,11.08,14.32,0.0,0.0,171.75,4.97,-1.639,-1.667,STRAIGHT,1.5,1.5,"CMD,-1.7,1.50",2.756,-0.0384,2.736,-0.144,1,0.9662,0,NORMAL,53.835,2.462,1,1,1,1,1,223.1,24,6,dijkstra,fallback_centerline,0.43624,0,,,,,,0,,,,193069,130599,2275
1734,351.58708238601685,2026-03-06T12:50:09.472389,118.03,0.0,8.62,8.12,18.76,0.0,0.0,172.29,4.98,-1.61,-1.639,STRAIGHT,1.5,1.5,"CMD,-1.6,1.50",2.763,-0.0376,2.743,-0.142,1,0.9455,0,NORMAL,51.514,2.664,1,1,1,1,1,223.3,47,9,dijkstra,fallback_centerline,0.44769,0,,,,,,0,,,,195735,133949,2480
1735,351.7746226787567,2026-03-06T12:50:09.659930,117.56,0.0,9.26,11.2,8.45,0.0,0.0,165.59,5.0,-1.568,-1.61,STRAIGHT,1.5,1.5,"CMD,-1.6,1.50",2.784,-0.036,2.765,-0.138,1,0.9504,0,NORMAL,50.34,3.0,1,1,1,1,1,223.9,31,7,dijkstra,fallback_centerline,0.45882,0,,,,,,0,,,,202429,137327,2348
1736,351.9770541191101,2026-03-06T12:50:09.862361,119.82,0.0,8.81,13.1,14.4,0.0,0.0,179.0,5.0,-1.529,-1.568,STRAIGHT,1.5,1.5,"CMD,-1.6,1.50",2.795,-0.0352,2.777,-0.136,1,0.9018,0,NORMAL,50.0,3.0,1,1,1,1,1,224.3,56,13,dijkstra,fallback_centerline,0.46975,0,,,,,,0,,,,210161,140798,2670
1737,352.1679575443268,2026-03-06T12:50:10.053265,117.88,0.0,10.17,12.53,11.08,0.0,0.0,168.25,5.0,-1.493,-1.529,STRAIGHT,1.5,1.5,"CMD,-1.5,1.50",2.809,-0.0344,2.79,-0.134,1,0.9626,0,NORMAL,50.282,3.0,1,1,1,1,1,224.6,39,9,dijkstra,fallback_centerline,0.46686,0,,,,,,0,,,,209984,139757,2318
1738,352.36368060112,2026-03-06T12:50:10.248988,119.25,0.0,9.13,11.73,14.02,0.0,1.0,175.42,5.0,-1.452,-1.493,STRAIGHT,1.5,1.5,"CMD,-1.5,1.50",2.826,-0.0332,2.808,-0.131,1,0.94,0,NORMAL,51.592,3.0,1,1,1,1,1,224.8,32,9,dijkstra,fallback_centerline,0.45882,0,,,,,,0,,,,203143,137440,2340
1739,352.56146788597107,2026-03-06T12:50:10.446775,122.65,0.0,8.81,12.18,13.46,0.0,1.01,177.81,5.01,-1.406,-1.452,STRAIGHT,1.5,1.5,"CMD,-1.5,1.50",2.833,-0.0319,2.816,-0.127,1,0.9219,0,NORMAL,51.198,3.0,1,1,1,1,1,224.8,29,8,dijkstra,fallback_centerline,0.44853,0,,,,,,0,,,,200646,134220,2282
1740,352.75930881500244,2026-03-06T12:50:10.644616,122.95,0.0,8.06,12.45,14.04,0.0,0.0,177.63,5.01,-1.324,-1.406,STRAIGHT,1.5,1.5,"CMD,-1.4,1.50",3.0,-0.0281,2.986,-0.125,1,0.9486,0,NORMAL,49.879,3.0,1,1,1,1,1,224.9,33,8,dijkstra,fallback_centerline,0.43405,0,,,,,,0,,,,194881,129905,2223
1741,352.9571874141693,2026-03-06T12:50:10.842495,120.17,0.0,9.1,15.02,14.02,0.0,0.0,176.51,5.02,-1.132,-1.324,STRAIGHT,1.5,1.5,"CMD,-1.3,1.50",3.369,-0.0181,3.361,-0.103,1,0.8027,0,NORMAL,51.615,3.0,1,1,1,1,1,225.0,55,8,dijkstra,fallback_centerline,0.43814,0,,,,,,0,,,,202108,131332,2403
1742,353.1565570831299,2026-03-06T12:50:11.041864,119.21,0.0,10.24,16.26,13.76,0.0,1.0,178.03,5.02,-0.806,-1.132,STRAIGHT,1.5,1.5,"CMD,-1.1,1.50",3.144,-0.0038,3.132,-0.018,1,0.8258,0,NORMAL,53.007,3.0,1,1,1,1,1,224.9,68,6,dijkstra,fallback_centerline,0.40153,0,,,,,,0,,,,174037,120366,1886
1743,353.3666582107544,2026-03-06T12:50:11.251965,123.05,0.0,9.45,23.41,14.04,0.0,0.0,190.12,5.02,-0.562,-0.806,STRAIGHT,1.5,1.5,"CMD,-0.8,1.50",3.488,-0.0018,3.482,-0.011,1,0.8128,0,NORMAL,52.314,3.0,1,1,1,1,1,225.0,120,13,dijkstra,fallback_centerline,0.44436,0,,,,,,0,,,,210264,132844,3392
1744,353.56555104255676,2026-03-06T12:50:11.450858,121.57,0.0,9.39,12.45,13.9,0.0,0.0,177.19,5.01,-0.264,-0.562,STRAIGHT,1.5,1.5,"CMD,-0.6,1.50",3.878,0.008,3.872,0.06,1,0.9101,0,NORMAL,55.237,3.0,1,1,1,1,1,225.0,30,10,dijkstra,fallback_centerline,0.45473,0,,,,,,0,,,,229080,136216,2553
1745,353.77770352363586,2026-03-06T12:50:11.663011,121.87,0.0,9.24,25.93,13.94,0.0,0.0,189.53,5.01,0.001,-0.264,STRAIGHT,1.5,1.5,"CMD,-0.3,1.50",3.978,0.0129,3.969,0.102,1,0.944,0,NORMAL,53.931,3.0,1,1,1,1,1,225.0,139,11,dijkstra,fallback_centerline,0.45506,0,,,,,,0,,,,226625,136105,3311
1746,353.9926071166992,2026-03-06T12:50:11.877914,121.88,0.0,10.16,27.78,14.08,0.0,0.0,191.82,5.0,0.204,0.001,STRAIGHT,1.5,1.5,"CMD,0.0,1.50",4.0,0.0148,3.989,0.118,1,0.9647,0,NORMAL,52.63,2.896,1,1,1,1,1,224.9,123,14,dijkstra,fallback_centerline,0.44535,0,,,,,,0,,,,224928,133336,3289
1747,354.20303750038147,2026-03-06T12:50:12.088345,125.91,0.0,10.08,19.81,14.52,0.0,1.0,189.33,5.0,0.346,0.204,STRAIGHT,1.5,1.5,"CMD,0.2,1.50",4.0,0.0153,3.988,0.122,1,0.9715,0,NORMAL,52.056,2.774,1,1,1,1,1,224.9,81,14,dijkstra,fallback_centerline,0.44595,0,,,,,,0,,,,225605,133292,3220
1748,354.40238070487976,2026-03-06T12:50:12.287688,120.89,0.0,8.75,16.33,13.05,0.0,0.0,178.44,5.0,0.428,0.346,STRAIGHT,1.5,1.5,"CMD,0.3,1.50",3.999,0.0144,3.986,0.114,1,0.8865,0,NORMAL,51.369,2.611,1,1,1,1,1,224.9,64,8,dijkstra,fallback_centerline,0.41161,0,,,,,,0,,,,202983,123209,2147
1749,354.6078042984009,2026-03-06T12:50:12.493111,122.2,0.0,8.77,21.77,13.03,0.0,0.0,183.85,4.99,0.487,0.428,STRAIGHT,1.5,1.5,"CMD,0.4,1.50",4.0,0.0146,3.987,0.116,1,0.9567,0,NORMAL,50.874,2.487,1,1,1,1,1,224.9,110,11,dijkstra,fallback_centerline,0.40626,0,,,,,,0,,,,196256,121515,2732
1750,354.8163414001465,2026-03-06T12:50:12.701648,123.33,0.0,10.55,21.68,14.52,0.0,0.0,187.55,4.98,0.531,0.487,STRAIGHT,1.5,1.5,"CMD,0.5,1.50",4.0,0.015,3.987,0.119,1,0.9717,0,NORMAL,50.48,2.347,1,1,1,1,1,225.0,109,13,dijkstra,fallback_centerline,0.40122,0,,,,,,0,,,,192641,119991,2722
1751,355.0118064880371,2026-03-06T12:50:12.897114,119.11,0.0,8.5,13.78,14.21,0.0,0.0,175.52,4.98,0.554,0.531,STRAIGHT,1.5,1.5,"CMD,0.5,1.50",4.0,0.0146,3.987,0.116,1,0.9194,0,NORMAL,50.37,2.22,1,1,1,1,1,225.0,42,6,dijkstra,fallback_centerline,0.40837,0,,,,,,0,,,,204680,121988,2337
1752,355.21995997428894,2026-03-06T12:50:13.105267,122.86,0.0,10.08,22.8,13.5,0.0,0.0,187.61,4.97,0.584,0.554,STRAIGHT,1.5,1.5,"CMD,0.6,1.50",4.0,0.0156,3.988,0.124,1,0.9365,0,NORMAL,50.202,2.042,1,1,1,1,1,225.0,110,9,dijkstra,fallback_centerline,0.39252,0,,,,,,0,,,,194684,117427,2496
1753,355.4219899177551,2026-03-06T12:50:13.307297,121.22,0.0,9.04,19.46,12.8,0.0,0.0,180.94,4.97,0.582,0.582,STRAIGHT,1.5,1.5,"CMD,0.6,1.50",4.0,0.014,3.989,0.112,1,0.9353,0,NORMAL,50.177,1.884,1,1,1,1,1,224.9,91,10,dijkstra,fallback_centerline,0.39548,0,,,,,,0,,,,201023,118480,2830
1754,355.62853026390076,2026-03-06T12:50:13.513837,124.2,0.0,8.52,19.66,14.83,0.0,0.0,186.19,4.97,0.576,0.582,STRAIGHT,1.5,1.5,"CMD,0.6,1.50",4.0,0.0137,3.989,0.109,1,0.9488,0,NORMAL,50.131,1.737,1,1,1,1,1,224.9,98,9,dijkstra,fallback_centerline,0.39025,0,,,,,,0,,,,203422,116822,2879
1755,355.82071590423584,2026-03-06T12:50:13.706023,119.43,0.0,9.36,13.39,12.54,0.0,1.0,172.82,4.98,0.563,0.576,STRAIGHT,1.5,1.5,"CMD,0.6,1.50",4.0,0.013,3.99,0.104,1,0.9446,0,NORMAL,50.097,1.597,1,1,1,1,1,224.9,46,9,dijkstra,fallback_centerline,0.38025,0,,,,,,0,,,,204143,113965,2547
1756,356.0121991634369,2026-03-06T12:50:13.897506,120.21,0.0,8.01,12.71,12.44,0.0,0.0,171.49,4.99,0.542,0.563,STRAIGHT,1.5,1.5,"CMD,0.6,1.50",4.0,0.0121,3.991,0.096,1,0.9272,0,NORMAL,50.04,1.428,1,1,1,1,1,224.9,49,9,dijkstra,fallback_centerline,0.36174,0,,,,,,0,,,,193833,108381,2237
1757,356.20990324020386,2026-03-06T12:50:14.095210,121.46,0.0,9.4,13.9,13.24,0.0,1.0,177.54,5.0,0.519,0.542,STRAIGHT,1.5,1.5,"CMD,0.5,1.50",4.0,0.0115,3.991,0.091,1,0.9299,0,NORMAL,50.002,1.305,1,1,1,1,1,224.9,54,9,dijkstra,fallback_centerline,0.3688,0,,,,,,0,,,,203300,110267,2467
1758,356.4088397026062,2026-03-06T12:50:14.294147,119.78,0.0,11.3,15.96,11.55,0.0,0.0,178.16,5.0,0.496,0.519,STRAIGHT,1.5,1.5,"CMD,0.5,1.50",4.0,0.0109,3.992,0.087,1,0.9471,0,NORMAL,50.151,1.21,1,1,1,1,1,224.9,69,9,dijkstra,fallback_centerline,0.36267,0,,,,,,0,,,,205465,108620,2527
1759,356.6057767868042,2026-03-06T12:50:14.491084,122.01,0.0,8.61,15.15,12.81,0.0,0.0,177.04,5.0,0.486,0.496,STRAIGHT,1.5,1.5,"CMD,0.5,1.50",4.0,0.0113,3.992,0.09,1,0.9638,0,NORMAL,50.717,1.062,1,1,1,1,1,224.9,70,10,dijkstra,fallback_centerline,0.35219,0,,,,,,0,,,,202068,105411,2471
1760,356.80034255981445,2026-03-06T12:50:14.685650,118.35,0.0,7.1,19.5,13.38,0.0,0.0,174.59,5.0,0.482,0.486,STRAIGHT,1.5,1.5,"CMD,0.5,1.50",4.0,0.0114,3.992,0.091,1,0.9585,0,NORMAL,51.442,0.951,1,1,1,1,1,224.9,78,9,dijkstra,fallback_centerline,0.3413,0,,,,,,0,,,,197773,102142,2506
1761,356.9904270172119,2026-03-06T12:50:14.875734,115.15,0.0,10.15,13.69,11.77,0.0,0.0,169.78,5.01,0.461,0.482,STRAIGHT,1.5,1.5,"CMD,0.5,1.50",4.0,0.0102,3.992,0.081,1,0.9442,0,NORMAL,52.392,0.805,1,1,1,1,1,224.9,55,7,dijkstra,fallback_centerline,0.32767,0,,,,,,0,,,,188887,98166,2069
1762,357.19040298461914,2026-03-06T12:50:15.075710,122.49,0.0,9.97,14.7,12.71,0.0,0.0,178.99,5.0,0.451,0.461,STRAIGHT,1.5,1.5,"CMD,0.5,1.50",4.0,0.0104,3.994,0.083,1,0.9442,0,NORMAL,53.292,0.817,1,1,1,1,1,224.9,56,6,dijkstra,fallback_centerline,0.31595,0,,,,,,0,,,,181529,94507,2228
1763,357.38560009002686,2026-03-06T12:50:15.270907,123.18,0.0,8.02,11.6,12.59,0.0,0.0,175.17,5.0,0.444,0.451,STRAIGHT,1.5,1.5,"CMD,0.5,1.50",4.0,0.0104,3.994,0.083,1,0.925,0,NORMAL,54.419,0.633,1,1,1,1,1,224.9,37,6,dijkstra,fallback_centerline,0.32159,0,,,,,,0,,,,190261,96106,2045
1764,357.5796682834625,2026-03-06T12:50:15.464975,123.49,0.0,8.95,12.53,11.15,0.0,0.0,173.84,5.0,0.419,0.444,STRAIGHT,1.5,1.5,"CMD,0.4,1.50",4.0,0.0089,3.993,0.071,1,0.9621,0,NORMAL,55.126,0.571,1,1,1,1,1,224.9,55,8,dijkstra,fallback_centerline,0.32457,0,,,,,,0,,,,187332,97128,2323
1765,357.78004336357117,2026-03-06T12:50:15.665351,123.28,0.0,8.64,18.88,11.69,0.0,0.0,180.26,5.0,0.393,0.419,STRAIGHT,1.5,1.5,"CMD,0.4,1.50",4.0,0.0083,3.993,0.066,1,0.9636,0,NORMAL,55.785,0.491,1,1,1,1,1,224.9,99,10,dijkstra,fallback_centerline,0.31843,0,,,,,,0,,,,184267,95116,2574
1766,357.97138833999634,2026-03-06T12:50:15.856695,121.84,0.0,8.41,13.07,11.19,0.0,0.0,172.49,5.0,0.353,0.393,STRAIGHT,1.5,1.5,"CMD,0.4,1.50",4.0,0.0066,3.993,0.053,1,0.9626,0,NORMAL,56.259,0.435,1,1,1,1,1,224.9,53,8,dijkstra,fallback_centerline,0.31126,0,,,,,,0,,,,180291,93079,2102
1767,358.160724401474,2026-03-06T12:50:16.046032,119.59,0.0,8.31,12.81,11.72,0.0,0.0,171.47,5.0,0.298,0.353,STRAIGHT,1.5,1.5,"CMD,0.4,1.50",4.0,0.0046,3.993,0.037,1,0.9588,0,NORMAL,56.642,0.388,1,1,1,1,1,224.9,52,9,dijkstra,fallback_centerline,0.30566,0,,,,,,0,,,,175624,91316,2313
1768,358.3694667816162,2026-03-06T12:50:16.254774,124.94,0.0,9.58,20.71,12.14,0.0,0.0,188.76,4.99,0.241,0.298,STRAIGHT,1.5,1.5,"CMD,0.3,1.50",4.0,0.0031,3.993,0.025,1,0.9531,0,NORMAL,56.903,0.364,1,1,1,1,1,224.9,105,11,dijkstra,fallback_centerline,0.3011,0,,,,,,0,,,,173701,89914,2554
1769,358.5600564479828,2026-03-06T12:50:16.445364,117.86,0.0,9.13,9.71,14.74,0.0,0.0,170.55,5.0,0.181,0.241,STRAIGHT,1.5,1.5,"CMD,0.2,1.50",4.0,0.0015,3.993,0.012,1,0.9502,0,NORMAL,57.062,0.324,1,1,1,1,1,224.9,56,6,dijkstra,fallback_centerline,0.29308,0,,,,,,0,,,,168520,87730,1888
1770,358.75659132003784,2026-03-06T12:50:16.641898,123.76,0.0,8.1,14.25,11.67,0.0,1.0,176.94,5.0,0.114,0.181,STRAIGHT,1.5,1.5,"CMD,0.2,1.50",4.0,-0.0005,3.992,-0.004,1,0.9184,0,NORMAL,56.93,0.285,1,1,1,1,1,224.8,66,9,dijkstra,fallback_centerline,0.3005,0,,,,,,0,,,,176067,89891,2328
1771,358.95466017723083,2026-03-06T12:50:16.839967,124.9,0.0,9.94,12.61,12.04,0.0,0.0,178.59,5.0,0.045,0.114,STRAIGHT,1.5,1.5,"CMD,0.1,1.50",4.0,-0.0023,3.991,-0.018,1,0.9516,0,NORMAL,56.838,0.305,1,1,1,1,1,224.8,46,7,dijkstra,fallback_centerline,0.30798,0,,,,,,0,,,,177994,92063,2113
1772,359.15455055236816,2026-03-06T12:50:17.039858,120.43,0.0,9.47,21.68,11.79,0.0,0.0,180.88,5.01,-0.022,0.045,STRAIGHT,1.5,1.5,"CMD,0.0,1.50",4.0,-0.0037,3.991,-0.03,1,0.9365,0,NORMAL,56.909,0.263,1,1,1,1,1,224.9,119,11,dijkstra,fallback_centerline,0.30411,0,,,,,,0,,,,170535,90830,2685
1773,359.35640811920166,2026-03-06T12:50:17.241715,123.19,0.0,9.95,20.99,12.61,0.0,0.0,184.19,5.01,-0.099,-0.022,STRAIGHT,1.5,1.5,"CMD,-0.0,1.50",3.962,-0.0061,3.952,-0.048,1,0.9568,0,NORMAL,56.798,0.211,1,1,1,1,1,224.9,113,10,dijkstra,fallback_centerline,0.30184,0,,,,,,0,,,,167876,90185,2566
1774,359.55924940109253,2026-03-06T12:50:17.444557,120.19,0.0,9.18,21.39,11.33,0.0,1.0,182.56,5.02,-0.171,-0.099,STRAIGHT,1.5,1.5,"CMD,-0.1,1.50",3.943,-0.0077,3.934,-0.059,1,0.9521,0,NORMAL,56.428,0.159,1,1,1,1,1,224.9,112,10,dijkstra,fallback_centerline,0.29882,0,,,,,,0,,,,164565,89400,2532
1775,359.75866961479187,2026-03-06T12:50:17.643977,119.18,0.0,7.49,22.73,12.02,0.0,0.0,180.48,5.03,-0.246,-0.171,STRAIGHT,1.5,1.5,"CMD,-0.2,1.50",3.905,-0.0096,3.895,-0.073,1,0.9447,0,NORMAL,56.11,0.104,1,1,1,1,1,224.9,139,12,dijkstra,fallback_centerline,0.29368,0,,,,,,0,,,,162874,87808,2703
1776,359.9540684223175,2026-03-06T12:50:17.839375,121.16,0.0,9.1,15.66,11.65,0.0,0.0,175.28,5.04,-0.318,-0.246,STRAIGHT,1.5,1.5,"CMD,-0.2,1.50",3.867,-0.0112,3.857,-0.083,1,0.9435,0,NORMAL,55.625,0.082,1,1,1,1,1,224.9,77,10,dijkstra,fallback_centerline,0.28738,0,,,,,,0,,,,160095,85892,2128
1777,360.14768075942993,2026-03-06T12:50:18.032988,124.1,0.0,8.33,13.05,11.09,0.0,0.0,179.98,5.05,-0.402,-0.318,STRAIGHT,1.5,1.5,"CMD,-0.3,1.50",3.827,-0.0138,3.818,-0.101,1,0.9553,0,NORMAL,55.231,0.046,1,1,1,1,1,224.9,49,8,dijkstra,fallback_centerline,0.28326,0,,,,,,0,,,,158773,84727,1874
1778,360.34240889549255,2026-03-06T12:50:18.227716,124.0,0.0,9.07,13.05,12.13,0.0,0.0,176.19,5.06,-0.457,-0.402,STRAIGHT,1.5,1.5,"CMD,-0.4,1.50",3.868,-0.0137,3.859,-0.102,1,0.9638,0,NORMAL,54.72,0.01,1,1,1,1,1,224.9,54,8,dijkstra,fallback_centerline,0.28455,0,,,,,,0,,,,159110,85132,1864
1779,360.5347013473511,2026-03-06T12:50:18.420009,119.38,0.0,9.08,14.56,9.76,0.0,1.0,173.47,5.07,-0.527,-0.457,STRAIGHT,1.5,1.5,"CMD,-0.5,1.50",3.819,-0.0162,3.809,-0.118,1,0.9638,0,NORMAL,54.149,-0.004,1,1,1,1,1,224.9,62,6,dijkstra,fallback_centerline,0.28572,0,,,,,,0,,,,161989,85479,1723
1780,360.7209949493408,2026-03-06T12:50:18.606302,118.01,0.0,8.4,14.04,11.76,0.0,0.0,170.65,5.08,-0.649,-0.527,STRAIGHT,1.5,1.5,"CMD,-0.5,1.50",3.675,-0.0216,3.665,-0.145,1,0.9745,0,NORMAL,53.523,0.003,1,1,1,1,1,224.8,66,7,dijkstra,fallback_centerline,0.28638,0,,,,,,0,,,,162261,85729,1921
1781,360.9112238883972,2026-03-06T12:50:18.796531,116.98,0.0,9.28,14.2,12.52,0.0,0.0,170.81,5.09,-0.781,-0.649,STRAIGHT,1.5,1.5,"CMD,-0.6,1.50",3.582,-0.0253,3.572,-0.162,1,0.9719,0,NORMAL,53.514,-0.015,1,1,1,1,1,224.8,71,6,dijkstra,fallback_centerline,0.28436,0,,,,,,0,,,,161027,85080,1926
1782,361.1022882461548,2026-03-06T12:50:18.987595,118.45,0.0,8.63,14.1,11.01,0.0,1.0,172.63,5.11,-0.894,-0.781,STRAIGHT,1.5,1.5,"CMD,-0.8,1.50",3.542,-0.0272,3.531,-0.17,1,0.9782,0,NORMAL,52.486,-0.024,1,1,1,1,1,224.5,64,8,dijkstra,fallback_centerline,0.28329,0,,,,,,0,,,,160015,84686,1880
1783,361.2981758117676,2026-03-06T12:50:19.183483,125.96,0.0,9.33,13.14,12.4,0.0,0.0,178.0,5.11,-1.022,-0.894,STRAIGHT,1.5,1.5,"CMD,-0.9,1.50",3.46,-0.031,3.448,-0.185,1,0.9624,0,NORMAL,52.257,-0.01,1,1,1,1,1,224.6,60,10,dijkstra,fallback_centerline,0.28622,0,,,,,,0,,,,162708,85630,1995
1784,361.5076012611389,2026-03-06T12:50:19.392908,129.13,0.0,9.14,14.2,15.05,0.0,0.0,187.82,5.1,-1.148,-1.022,STRAIGHT,1.5,1.5,"CMD,-1.0,1.50",3.409,-0.034,3.397,-0.197,1,0.9718,0,NORMAL,52.052,-0.014,1,1,1,1,1,224.5,57,8,dijkstra,fallback_centerline,0.28322,0,,,,,,0,,,,160113,84758,1812
1785,361.7061574459076,2026-03-06T12:50:19.591464,122.67,0.0,10.48,14.52,11.42,0.0,0.0,179.46,5.09,-1.287,-1.148,STRAIGHT,1.5,1.5,"CMD,-1.1,1.50",3.33,-0.038,3.317,-0.21,1,0.9728,0,NORMAL,52.182,-0.018,1,1,1,1,1,224.3,60,7,dijkstra,fallback_centerline,0.27996,0,,,,,,0,,,,157694,83703,1704
1786,361.92065358161926,2026-03-06T12:50:19.805961,140.09,0.0,8.45,16.54,11.02,0.0,0.0,195.22,5.08,-1.408,-1.287,STRAIGHT,1.5,1.5,"CMD,-1.3,1.50",3.298,-0.04,3.284,-0.217,1,0.9794,0,NORMAL,51.936,-0.025,1,1,1,1,1,224.3,81,8,dijkstra,fallback_centerline,0.27713,0,,,,,,0,,,,157374,83013,1979
1787,362.11564087867737,2026-03-06T12:50:20.000948,121.86,0.0,10.88,12.11,11.72,0.0,0.0,175.81,5.08,-1.492,-1.408,STRAIGHT,1.5,1.5,"CMD,-1.4,1.50",3.303,-0.0403,3.289,-0.219,1,0.979,0,NORMAL,51.783,-0.053,1,1,1,1,1,224.5,60,8,dijkstra,fallback_centerline,0.27366,0,,,,,,0,,,,156526,81824,1920
1788,362.3053574562073,2026-03-06T12:50:20.190664,115.02,0.0,13.98,11.78,9.04,0.0,0.85,168.92,5.09,-1.578,-1.492,STRAIGHT,1.5,1.5,"CMD,-1.5,1.50",3.27,-0.0424,3.255,-0.226,1,0.9768,0,NORMAL,51.724,-0.031,1,1,1,1,1,224.6,55,7,dijkstra,fallback_centerline,0.27587,0,,,,,,0,,,,156604,82671,1742
1789,362.50921654701233,2026-03-06T12:50:20.394524,128.01,0.0,8.74,13.68,13.05,0.0,0.0,183.65,5.08,-1.647,-1.578,STRAIGHT,1.5,1.5,"CMD,-1.6,1.50",3.281,-0.0433,3.265,-0.232,1,0.9836,0,NORMAL,51.783,-0.009,1,1,1,1,1,224.4,50,7,dijkstra,fallback_centerline,0.27568,0,,,,,,0,,,,156417,82541,1756
1790,362.70456409454346,2026-03-06T12:50:20.589871,123.19,0.0,8.12,12.29,12.65,0.0,0.0,175.79,5.08,-1.698,-1.647,STRAIGHT,1.5,1.5,"CMD,-1.6,1.50",3.288,-0.0437,3.272,-0.235,1,0.9827,0,NORMAL,51.918,-0.019,1,1,1,1,1,224.4,51,8,dijkstra,fallback_centerline,0.27436,0,,,,,,0,,,,155474,82029,1766
1791,362.90483570098877,2026-03-06T12:50:20.790143,127.62,0.0,8.18,13.42,13.25,0.0,0.5,182.11,5.07,-1.709,-1.698,STRAIGHT,1.5,1.5,"CMD,-1.7,1.50",3.332,-0.042,3.317,-0.232,1,0.982,0,NORMAL,52.387,-0.039,1,1,1,1,1,224.3,57,8,dijkstra,fallback_centerline,0.27114,0,,,,,,0,,,,154358,81125,1889
1792,363.1037781238556,2026-03-06T12:50:20.989085,125.28,0.0,8.69,13.78,11.81,0.0,0.0,179.05,5.07,-1.701,-1.701,STRAIGHT,1.5,1.5,"CMD,-1.7,1.50",3.372,-0.0408,3.357,-0.231,1,0.9839,0,NORMAL,52.781,-0.041,1,1,1,1,1,224.3,56,7,dijkstra,fallback_centerline,0.26872,0,,,,,,0,,,,153748,80505,1919
1793,363.2911419868469,2026-03-06T12:50:21.176449,119.72,0.0,9.54,11.19,11.04,0.0,0.0,169.34,5.08,-1.747,-1.709,STRAIGHT,1.5,1.5,"CMD,-1.7,1.50",3.291,-0.0446,3.275,-0.24,1,0.9836,0,NORMAL,53.283,-0.039,1,1,1,1,1,224.3,42,7,dijkstra,fallback_centerline,0.26669,0,,,,,,0,,,,152671,79914,1641
1794,363.49189376831055,2026-03-06T12:50:21.377201,119.73,0.0,13.5,19.54,11.48,0.0,0.0,182.33,5.08,-1.801,-1.747,STRAIGHT,1.5,1.5,"CMD,-1.7,1.50",3.254,-0.0463,3.237,-0.244,1,0.9834,0,NORMAL,53.385,-0.037,1,1,1,1,1,224.3,108,8,dijkstra,fallback_centerline,0.26998,0,,,,,,0,,,,152589,80758,2120
1795,363.6826648712158,2026-03-06T12:50:21.567972,121.67,0.0,8.06,10.13,13.68,0.0,1.0,171.55,5.08,-1.862,-1.801,STRAIGHT,1.5,1.5,"CMD,-1.8,1.50",3.223,-0.0481,3.206,-0.249,1,0.9847,0,NORMAL,54.089,-0.05,1,1,1,1,1,224.3,52,7,dijkstra,fallback_centerline,0.26715,0,,,,,,0,,,,152162,79969,1724
1796,363.8793189525604,2026-03-06T12:50:21.764626,120.42,0.0,9.09,19.72,10.42,0.0,0.0,179.11,5.07,-1.921,-1.862,STRAIGHT,1.5,1.5,"CMD,-1.9,1.50",3.19,-0.0495,3.172,-0.25,1,0.9797,0,NORMAL,54.341,-0.076,1,1,1,1,1,223.9,111,9,dijkstra,fallback_centerline,0.26508,0,,,,,,0,,,,150714,79303,2093
1797,364.0700216293335,2026-03-06T12:50:21.955329,119.06,0.0,8.02,18.03,10.0,0.0,0.0,172.17,5.09,-1.993,-1.921,STRAIGHT,1.5,1.5,"CMD,-1.9,1.50",3.123,-0.0518,3.104,-0.251,1,0.9802,0,NORMAL,54.549,-0.081,1,1,1,1,1,224.3,105,8,dijkstra,fallback_centerline,0.26661,0,,,,,,0,,,,150703,79777,2075
1798,364.2619504928589,2026-03-06T12:50:22.147258,120.82,0.0,8.21,13.87,12.33,0.0,0.0,172.38,5.09,-2.064,-1.993,STRAIGHT,1.5,1.5,"CMD,-2.0,1.50",3.1,-0.0535,3.081,-0.256,1,0.9685,0,NORMAL,55.082,-0.083,1,1,1,1,1,223.8,58,6,dijkstra,fallback_centerline,0.26219,0,,,,,,0,,,,149637,78447,1778
1799,364.4645709991455,2026-03-06T12:50:22.349878,129.37,0.0,8.95,13.24,12.53,0.0,0.0,183.34,5.08,-2.116,-2.064,STRAIGHT,1.5,1.5,"CMD,-2.1,1.50",3.105,-0.0539,3.085,-0.258,1,0.9777,0,NORMAL,55.495,-0.094,1,1,1,1,1,223.8,61,7,dijkstra,fallback_centerline,0.26213,0,,,,,,0,,,,150156,78366,1729
1800,364.6557607650757,2026-03-06T12:50:22.541068,119.65,0.0,8.15,12.48,12.72,0.0,0.0,171.44,5.09,-2.179,-2.116,STRAIGHT,1.5,1.5,"CMD,-2.1,1.50",3.065,-0.0559,3.045,-0.261,1,0.9643,0,NORMAL,56.066,-0.077,1,1,1,1,1,223.9,59,10,dijkstra,fallback_centerline,0.25913,0,,,,,,0,,,,149332,77532,1762
1801,364.8476631641388,2026-03-06T12:50:22.732970,120.36,0.0,9.04,13.28,12.03,0.0,0.0,172.99,5.09,-2.21,-2.179,STRAIGHT,1.5,1.5,"CMD,-2.2,1.50",3.11,-0.0551,3.09,-0.265,1,0.9729,0,NORMAL,55.936,-0.101,1,1,1,1,1,224.1,69,10,dijkstra,fallback_centerline,0.25959,0,,,,,,0,,,,148096,77586,1782
1802,365.0384817123413,2026-03-06T12:50:22.923789,123.26,0.0,8.88,13.09,11.02,0.0,0.0,172.93,5.1,-2.235,-2.21,STRAIGHT,1.5,1.5,"CMD,-2.2,1.50",3.115,-0.0554,3.094,-0.267,1,0.9328,0,NORMAL,55.727,-0.081,1,1,1,1,1,224.0,60,5,dijkstra,fallback_centerline,0.26362,0,,,,,,0,,,,156639,78802,1763
1803,365.23373341560364,2026-03-06T12:50:23.119040,119.03,0.0,8.47,19.84,11.31,0.0,0.0,176.26,5.11,-2.26,-2.235,STRAIGHT,1.5,1.5,"CMD,-2.2,1.50",3.093,-0.056,3.073,-0.266,1,0.9287,0,NORMAL,56.067,-0.051,1,1,1,1,1,224.0,103,8,dijkstra,fallback_centerline,0.26504,0,,,,,,0,,,,148828,79427,2094
1804,365.4277980327606,2026-03-06T12:50:23.313105,119.46,0.0,9.17,16.03,12.44,0.0,0.0,175.13,5.12,-2.265,-2.26,STRAIGHT,1.5,1.5,"CMD,-2.3,1.50",3.129,-0.0552,3.109,-0.269,1,0.9762,0,NORMAL,56.592,-0.067,1,1,1,1,1,223.7,73,8,dijkstra,fallback_centerline,0.26008,0,,,,,,0,,,,147679,77972,1685
1805,365.6339280605316,2026-03-06T12:50:23.519235,125.04,0.0,9.02,18.26,11.86,0.0,0.0,185.9,5.1,-2.27,-2.265,STRAIGHT,1.5,1.5,"CMD,-2.3,1.50",3.126,-0.0553,3.106,-0.269,1,0.9791,0,NORMAL,57.171,-0.049,1,1,1,1,1,223.6,112,7,dijkstra,fallback_centerline,0.26465,0,,,,,,0,,,,147851,79186,2158
1806,365.83281540870667,2026-03-06T12:50:23.718122,122.13,0.0,9.33,21.04,11.02,0.0,0.0,181.12,5.1,-2.256,-2.265,STRAIGHT,1.5,1.5,"CMD,-2.3,1.50",3.173,-0.054,3.153,-0.271,1,0.9793,0,NORMAL,57.699,-0.054,1,1,1,1,1,223.3,116,9,dijkstra,fallback_centerline,0.26285,0,,,,,,0,,,,147105,78615,2036
1807,366.02766942977905,2026-03-06T12:50:23.912976,121.69,0.0,9.01,15.52,11.43,0.0,0.0,175.74,5.1,-2.247,-2.256,STRAIGHT,1.5,1.5,"CMD,-2.3,1.50",3.182,-0.0541,3.163,-0.272,1,0.9791,0,NORMAL,58.262,-0.054,1,1,1,1,1,223.5,76,8,dijkstra,fallback_centerline,0.26306,0,,,,,,0,,,,146860,78830,1798
1808,366.22099351882935,2026-03-06T12:50:24.106301,121.48,0.0,8.42,14.52,11.78,0.0,0.0,175.41,5.1,-2.217,-2.247,STRAIGHT,1.5,1.5,"CMD,-2.2,1.50",3.239,-0.0523,3.22,-0.273,1,0.9773,0,NORMAL,58.774,-0.069,1,1,1,1,1,223.4,70,9,dijkstra,fallback_centerline,0.25919,0,,,,,,0,,,,146050,77630,1898
1809,366.4161880016327,2026-03-06T12:50:24.301495,121.39,0.0,7.96,17.88,10.91,0.0,0.0,177.04,5.09,-2.205,-2.217,STRAIGHT,1.5,1.5,"CMD,-2.2,1.50",3.237,-0.0529,3.218,-0.276,1,0.9774,0,NORMAL,59.146,-0.089,1,1,1,1,1,223.2,96,10,dijkstra,fallback_centerline,0.25864,0,,,,,,0,,,,145809,77281,2066
1810,366.6162347793579,2026-03-06T12:50:24.501542,118.88,0.0,11.84,18.83,12.56,0.0,0.0,181.81,5.08,-2.183,-2.205,STRAIGHT,1.5,1.5,"CMD,-2.2,1.50",3.279,-0.0519,3.26,-0.278,1,0.9777,0,NORMAL,59.558,-0.062,1,1,1,1,1,223.1,107,9,dijkstra,fallback_centerline,0.26068,0,,,,,,0,,,,146324,77930,2099
1811,366.8128864765167,2026-03-06T12:50:24.698193,115.5,0.0,11.95,19.02,10.8,0.0,0.0,175.81,5.08,-2.142,-2.183,STRAIGHT,1.5,1.5,"CMD,-2.2,1.50",3.348,-0.05,3.33,-0.279,1,0.97,0,NORMAL,59.833,-0.059,1,1,1,1,1,223.1,104,8,dijkstra,fallback_centerline,0.258,0,,,,,,0,,,,147079,77248,2050
1812,366.99876046180725,2026-03-06T12:50:24.884068,115.31,0.0,6.1,19.39,11.12,0.0,0.0,167.09,5.09,-2.089,-2.142,STRAIGHT,1.5,1.5,"CMD,-2.1,1.50",3.418,-0.0481,3.4,-0.28,1,0.9678,0,NORMAL,60.271,-0.065,1,1,1,1,1,223.0,84,8,dijkstra,fallback_centerline,0.25756,0,,,,,,0,,,,145568,77062,1961
1813,367.1873276233673,2026-03-06T12:50:25.072635,119.82,0.0,8.39,12.97,11.6,0.0,0.0,168.43,5.11,-2.046,-2.089,STRAIGHT,1.5,1.5,"CMD,-2.1,1.50",3.447,-0.0475,3.429,-0.281,1,0.9745,0,NORMAL,60.901,-0.066,1,1,1,1,1,222.9,57,8,dijkstra,fallback_centerline,0.25638,0,,,,,,0,,,,144891,76657,1791
1814,367.3676598072052,2026-03-06T12:50:25.252967,116.55,0.0,7.37,14.63,7.46,0.0,0.0,163.0,5.12,-1.985,-2.046,STRAIGHT,1.5,1.5,"CMD,-2.0,1.50",3.535,-0.0452,3.517,-0.281,1,0.9349,0,NORMAL,61.632,-0.11,1,1,1,1,1,223.1,57,7,dijkstra,fallback_centerline,0.2476,0,,,,,,0,,,,137541,74164,1624
1815,367.5626473426819,2026-03-06T12:50:25.447954,121.01,0.0,9.15,14.2,11.72,0.0,0.0,172.57,5.14,-1.899,-1.985,STRAIGHT,1.5,1.5,"CMD,-2.0,1.50",3.662,-0.0419,3.645,-0.28,1,0.9473,0,NORMAL,61.934,-0.094,1,1,1,1,1,223.2,63,9,dijkstra,fallback_centerline,0.2507,0,,,,,,0,,,,142793,75089,1699
1816,367.75403571128845,2026-03-06T12:50:25.639343,119.98,0.0,8.61,13.14,10.5,0.0,1.0,172.76,5.14,-1.817,-1.899,STRAIGHT,1.5,1.5,"CMD,-1.9,1.50",3.736,-0.0401,3.719,-0.279,1,0.952,0,NORMAL,62.072,-0.043,1,1,1,1,1,223.3,56,7,dijkstra,fallback_centerline,0.25302,0,,,,,,0,,,,139159,75765,1644
1817,367.9439551830292,2026-03-06T12:50:25.829262,120.71,0.0,8.28,14.13,11.68,0.0,0.0,172.99,5.14,-1.746,-1.817,STRAIGHT,1.5,1.5,"CMD,-1.8,1.50",3.787,-0.0388,3.77,-0.277,1,0.9516,0,NORMAL,61.753,-0.045,1,1,1,1,1,223.1,61,8,dijkstra,fallback_centerline,0.25153,0,,,,,,0,,,,143987,75474,1639
1818,368.1376733779907,2026-03-06T12:50:26.022980,122.22,0.0,8.02,14.52,11.34,0.0,1.0,175.12,5.15,-1.548,-1.746,STRAIGHT,1.5,1.5,"CMD,-1.7,1.50",4.0,-0.028,3.962,-0.22,1,0.9656,0,NORMAL,61.436,-0.021,1,1,1,1,2,246.6,77,6,dijkstra,graph,0.2593,0,,,,,,0,,,,148162,77548,1708
1819,368.3295977115631,2026-03-06T12:50:26.214905,120.26,0.0,9.1,14.98,11.3,0.0,0.0,172.43,5.16,-1.474,-1.548,STRAIGHT,1.5,1.5,"CMD,-1.5,1.50",4.0,-0.0321,3.964,-0.253,1,0.9815,0,NORMAL,61.62,0.022,1,1,1,1,2,243.8,68,6,dijkstra,graph,0.26006,0,,,,,,0,,,,148091,77846,1773
1820,368.5249719619751,2026-03-06T12:50:26.410279,122.6,0.0,8.18,14.05,12.83,0.0,0.0,176.22,5.16,-1.378,-1.474,STRAIGHT,1.5,1.5,"CMD,-1.5,1.50",4.0,-0.0288,3.959,-0.226,1,0.9839,0,NORMAL,62.083,0.064,1,1,1,1,2,246.8,71,8,dijkstra,graph,0.26488,0,,,,,,0,,,,148711,79385,1810
1821,368.7316129207611,2026-03-06T12:50:26.616920,128.93,0.0,8.53,17.05,12.01,0.0,0.0,187.17,5.15,-1.34,-1.378,STRAIGHT,1.5,1.5,"CMD,-1.4,1.50",4.0,-0.0306,3.98,-0.244,1,0.971,0,NORMAL,61.796,0.092,1,1,1,1,1,219.4,79,8,dijkstra,fallback_centerline,0.26539,0,,,,,,0,,,,147028,79436,2019
1822,368.93121910095215,2026-03-06T12:50:26.816526,126.55,0.0,8.93,14.9,11.78,0.0,0.0,180.0,5.14,-1.348,-1.348,STRAIGHT,1.5,1.5,"CMD,-1.3,1.50",4.0,-0.0331,3.982,-0.263,1,0.9725,0,NORMAL,61.191,0.129,1,1,1,1,1,222.6,57,7,dijkstra,fallback_centerline,0.26733,0,,,,,,0,,,,146557,80056,1928
1823,369.1251890659332,2026-03-06T12:50:27.010496,122.16,0.0,7.95,15.02,11.01,0.0,1.42,175.2,5.15,-1.363,-1.348,STRAIGHT,1.5,1.5,"CMD,-1.3,1.50",4.0,-0.0338,3.983,-0.269,1,0.9662,0,NORMAL,61.25,0.145,1,1,1,1,1,222.4,73,8,dijkstra,fallback_centerline,0.26581,0,,,,,,0,,,,146242,79739,1962
1824,369.31749749183655,2026-03-06T12:50:27.202805,119.25,0.0,8.92,16.31,11.43,0.0,0.0,175.19,5.15,-1.375,-1.363,STRAIGHT,1.5,1.5,"CMD,-1.4,1.50",4.0,-0.0339,3.983,-0.27,1,0.9565,0,NORMAL,60.713,0.149,1,1,1,1,1,222.3,79,9,dijkstra,fallback_centerline,0.2718,0,,,,,,0,,,,151664,81268,1930
1825,369.5096092224121,2026-03-06T12:50:27.394916,114.81,0.0,12.52,16.6,11.54,0.0,0.0,171.83,5.15,-1.382,-1.375,STRAIGHT,1.5,1.5,"CMD,-1.4,1.50",4.0,-0.0339,3.983,-0.27,1,0.9872,0,NORMAL,60.909,0.137,1,1,1,1,1,222.4,88,6,dijkstra,fallback_centerline,0.27238,0,,,,,,0,,,,152096,81552,2032
1826,369.71229362487793,2026-03-06T12:50:27.597601,125.41,0.0,8.24,16.9,12.16,0.0,0.0,183.35,5.14,-1.387,-1.382,STRAIGHT,1.5,1.5,"CMD,-1.4,1.50",4.0,-0.0338,3.983,-0.27,1,0.9818,0,NORMAL,60.991,0.178,1,1,1,1,1,222.1,79,6,dijkstra,fallback_centerline,0.27884,0,,,,,,0,,,,153439,83451,2005
1827,369.9087471961975,2026-03-06T12:50:27.794054,122.5,0.0,10.3,14.62,12.02,0.0,0.0,178.17,5.14,-1.39,-1.387,STRAIGHT,1.5,1.5,"CMD,-1.4,1.50",4.0,-0.0338,3.983,-0.27,1,0.9851,0,NORMAL,61.143,0.127,1,1,1,1,1,222.1,71,7,dijkstra,fallback_centerline,0.27405,0,,,,,,0,,,,152991,81855,2017
1828,370.102561712265,2026-03-06T12:50:27.987869,119.64,0.0,3.34,15.94,11.83,0.0,0.0,173.43,5.14,-1.391,-1.39,STRAIGHT,1.5,1.5,"CMD,-1.4,1.50",4.0,-0.0338,3.983,-0.269,1,0.9865,0,NORMAL,61.178,0.117,1,1,1,1,1,222.3,87,7,dijkstra,fallback_centerline,0.27341,0,,,,,,0,,,,153632,81917,2001
1829,370.29468870162964,2026-03-06T12:50:28.179996,118.49,0.0,9.12,14.83,12.03,0.0,0.0,172.13,5.14,-1.391,-1.391,STRAIGHT,1.5,1.5,"CMD,-1.4,1.50",4.0,-0.0337,3.983,-0.269,1,0.9822,0,NORMAL,61.346,0.119,1,1,1,1,1,222.2,82,9,dijkstra,fallback_centerline,0.27291,0,,,,,,0,,,,152276,81523,1997
1830,370.48043847084045,2026-03-06T12:50:28.365745,116.81,0.0,7.42,14.04,11.59,0.0,0.0,167.72,5.15,-1.391,-1.391,STRAIGHT,1.5,1.5,"CMD,-1.4,1.50",4.0,-0.0337,3.983,-0.269,1,0.9845,0,NORMAL,60.683,0.122,1,1,1,1,1,222.3,67,6,dijkstra,fallback_centerline,0.2725,0,,,,,,0,,,,153810,81437,1825
1831,370.67960810661316,2026-03-06T12:50:28.564915,122.26,0.0,9.2,16.21,11.83,0.0,0.0,177.55,5.14,-1.391,-1.391,STRAIGHT,1.5,1.5,"CMD,-1.4,1.50",4.0,-0.0337,3.983,-0.269,1,0.9819,0,NORMAL,60.486,0.15,1,1,1,1,1,222.3,83,8,dijkstra,fallback_centerline,0.28285,0,,,,,,0,,,,155563,84665,2047
1832,370.86584186553955,2026-03-06T12:50:28.751149,116.81,0.0,8.91,14.13,11.18,0.0,0.0,170.54,5.15,-1.391,-1.391,STRAIGHT,1.5,1.5,"CMD,-1.4,1.50",4.0,-0.0337,3.983,-0.269,1,0.9865,0,NORMAL,60.469,0.154,1,1,1,1,1,222.3,82,8,dijkstra,fallback_centerline,0.28126,0,,,,,,0,,,,155857,84070,1946
1833,371.0596013069153,2026-03-06T12:50:28.944908,121.91,0.0,8.15,14.61,12.02,0.0,0.0,174.75,5.15,-1.391,-1.391,STRAIGHT,1.5,1.5,"CMD,-1.4,1.50",4.0,-0.0337,3.983,-0.269,1,0.9859,0,NORMAL,60.447,0.147,1,1,1,1,1,222.1,71,5,dijkstra,fallback_centerline,0.2814,0,,,,,,0,,,,156149,84201,1741
1834,371.2520580291748,2026-03-06T12:50:29.137365,118.16,0.0,8.46,15.59,12.79,0.0,0.0,173.42,5.16,-1.391,-1.391,STRAIGHT,1.5,1.5,"CMD,-1.4,1.50",4.0,-0.0337,3.983,-0.269,1,0.9869,0,NORMAL,60.428,0.13,1,1,1,1,1,222.0,83,6,dijkstra,fallback_centerline,0.28198,0,,,,,,0,,,,156395,84382,1807
1835,371.44186758995056,2026-03-06T12:50:29.327175,118.54,0.0,6.99,14.69,11.74,0.0,0.0,171.41,5.17,-1.391,-1.391,STRAIGHT,1.5,1.5,"CMD,-1.4,1.50",4.0,-0.0337,3.983,-0.269,1,0.9882,0,NORMAL,60.703,0.099,1,1,1,1,1,222.0,70,7,dijkstra,fallback_centerline,0.28331,0,,,,,,0,,,,156040,84748,1950
1836,371.63254737854004,2026-03-06T12:50:29.517855,119.66,0.0,8.36,14.63,11.4,0.0,0.0,171.81,5.17,-1.391,-1.391,STRAIGHT,1.5,1.5,"CMD,-1.4,1.50",4.0,-0.0337,3.983,-0.269,1,0.9744,0,NORMAL,60.584,0.066,1,1,1,1,1,222.2,62,7,dijkstra,fallback_centerline,0.28649,0,,,,,,0,,,,154381,85699,1857
1837,371.8319125175476,2026-03-06T12:50:29.717220,120.72,0.0,8.36,14.34,10.96,0.0,1.33,178.29,5.17,-1.391,-1.391,STRAIGHT,1.5,1.5,"CMD,-1.4,1.50",4.0,-0.0338,3.983,-0.269,1,0.9764,0,NORMAL,60.447,0.108,1,1,1,1,1,222.0,61,5,dijkstra,fallback_centerline,0.28614,0,,,,,,0,,,,154490,85553,1701
1838,372.04545521736145,2026-03-06T12:50:29.930762,139.74,0.0,8.01,16.33,11.72,0.0,0.91,195.53,5.15,-1.391,-1.391,STRAIGHT,1.5,1.5,"CMD,-1.4,1.50",4.0,-0.0337,3.983,-0.269,1,0.967,0,NORMAL,60.373,0.119,1,1,1,1,1,222.3,80,7,dijkstra,fallback_centerline,0.29211,0,,,,,,0,,,,158131,87449,1964
1839,372.24756813049316,2026-03-06T12:50:30.132875,126.98,0.0,9.52,19.08,11.66,0.0,1.0,186.87,5.15,-1.391,-1.391,STRAIGHT,1.5,1.5,"CMD,-1.4,1.50",4.0,-0.0337,3.983,-0.269,1,0.9836,0,NORMAL,60.776,0.065,1,1,1,1,1,222.3,101,5,dijkstra,fallback_centerline,0.29558,0,,,,,,0,,,,158817,88396,2063
1840,372.44641041755676,2026-03-06T12:50:30.331717,123.11,0.0,8.02,15.55,12.89,0.0,1.03,179.8,5.15,-1.392,-1.391,STRAIGHT,1.5,1.5,"CMD,-1.4,1.50",4.0,-0.0338,3.983,-0.269,1,0.9873,0,NORMAL,60.889,0.027,1,1,1,1,1,222.1,86,6,dijkstra,fallback_centerline,0.29186,0,,,,,,0,,,,158323,87253,1934
1841,372.6385726928711,2026-03-06T12:50:30.523880,117.83,0.0,8.4,16.33,12.46,0.0,0.0,173.19,5.14,-1.393,-1.392,STRAIGHT,1.5,1.5,"CMD,-1.4,1.50",4.0,-0.0338,3.983,-0.269,1,0.9866,0,NORMAL,60.196,-0.008,1,1,1,1,1,222.1,84,8,dijkstra,fallback_centerline,0.2961,0,,,,,,0,,,,159441,88656,2044
1842,372.8422677516937,2026-03-06T12:50:30.727575,122.42,0.0,10.23,17.59,13.34,0.0,0.0,184.31,5.13,-1.393,-1.393,STRAIGHT,1.5,1.5,"CMD,-1.4,1.50",4.0,-0.0338,3.983,-0.27,1,0.9833,0,NORMAL,59.862,-0.012,1,1,1,1,1,222.1,85,7,dijkstra,fallback_centerline,0.30537,0,,,,,,0,,,,160610,91308,2051
1843,373.0422751903534,2026-03-06T12:50:30.927582,126.82,0.0,10.1,14.34,10.61,0.0,0.0,181.05,5.11,-1.394,-1.393,STRAIGHT,1.5,1.5,"CMD,-1.4,1.50",4.0,-0.0338,3.983,-0.269,1,0.9874,0,NORMAL,60.328,-0.012,1,1,1,1,1,222.1,89,4,dijkstra,fallback_centerline,0.30434,0,,,,,,0,,,,160876,91030,1962
1844,373.23191595077515,2026-03-06T12:50:31.117223,117.48,0.0,7.57,16.08,12.05,0.0,1.0,172.49,5.11,-1.394,-1.394,STRAIGHT,1.5,1.5,"CMD,-1.4,1.50",4.0,-0.0338,3.983,-0.27,1,0.9897,0,NORMAL,60.244,-0.017,1,1,1,1,1,222.1,79,7,dijkstra,fallback_centerline,0.30333,0,,,,,,0,,,,161341,90767,1951
1845,373.42060232162476,2026-03-06T12:50:31.305909,114.1,0.0,8.05,15.15,12.63,0.0,0.0,169.07,5.12,-1.394,-1.394,STRAIGHT,1.5,1.5,"CMD,-1.4,1.50",4.0,-0.0338,3.983,-0.269,1,0.9781,0,NORMAL,59.771,0.047,1,1,1,1,1,221.9,73,7,dijkstra,fallback_centerline,0.30944,0,,,,,,0,,,,162886,92801,1918
1846,373.6069531440735,2026-03-06T12:50:31.492260,111.39,0.0,13.26,15.0,10.09,0.0,0.0,167.18,5.12,-1.394,-1.394,STRAIGHT,1.5,1.5,"CMD,-1.4,1.50",4.0,-0.0338,3.983,-0.269,1,0.9824,0,NORMAL,59.425,0.027,1,1,1,1,1,222.1,77,8,dijkstra,fallback_centerline,0.31312,0,,,,,,0,,,,162992,93760,1970
1847,373.80462074279785,2026-03-06T12:50:31.689928,123.42,0.0,5.45,23.83,13.3,0.0,0.0,181.75,5.12,-1.394,-1.394,STRAIGHT,1.5,1.5,"CMD,-1.4,1.50",4.0,-0.0338,3.983,-0.269,1,0.9831,0,NORMAL,59.062,0.011,1,1,1,1,1,222.4,96,7,dijkstra,fallback_centerline,0.31341,0,,,,,,0,,,,163537,93733,2049
1848,373.9963307380676,2026-03-06T12:50:31.881638,114.97,0.0,9.29,16.73,12.68,0.0,1.03,172.34,5.12,-1.393,-1.394,STRAIGHT,1.5,1.5,"CMD,-1.4,1.50",4.0,-0.0337,3.983,-0.269,1,0.9813,0,NORMAL,58.094,0.075,1,1,1,1,1,222.3,83,8,dijkstra,fallback_centerline,0.32231,0,,,,,,0,,,,165658,96549,2278
1849,374.1896607875824,2026-03-06T12:50:32.074968,118.01,0.0,9.57,16.93,13.15,0.0,0.0,174.44,5.12,-1.39,-1.393,STRAIGHT,1.5,1.5,"CMD,-1.4,1.50",2.35,-0.0335,1.68,-0.047,1,0.9843,0,NORMAL,58.02,0.112,1,1,1,1,2,121.3,85,5,dijkstra,graph,0.31961,0,,,,,,0,,,,165738,95641,1896
1850,374.38217973709106,2026-03-06T12:50:32.267487,116.13,0.0,8.73,14.74,14.67,0.0,0.0,173.69,5.13,-1.378,-1.39,STRAIGHT,1.5,1.5,"CMD,-1.4,1.50",4.0,-0.0329,3.981,-0.262,1,0.9807,0,NORMAL,57.384,0.145,1,1,1,1,1,216.1,86,5,dijkstra,fallback_centerline,0.32535,0,,,,,,0,,,,166834,97416,1976
1851,374.57270884513855,2026-03-06T12:50:32.458016,114.54,0.0,9.57,16.07,12.96,0.0,0.0,171.2,5.14,-1.384,-1.384,STRAIGHT,1.5,1.5,"CMD,-1.4,1.50",4.0,-0.0338,3.983,-0.269,1,0.98,0,NORMAL,57.517,0.163,1,1,1,1,1,222.3,81,6,dijkstra,fallback_centerline,0.32525,0,,,,,,0,,,,166968,97370,2033
1852,374.7669286727905,2026-03-06T12:50:32.652236,116.09,0.0,8.85,16.19,14.68,0.0,0.0,174.8,5.14,-1.388,-1.384,STRAIGHT,1.5,1.5,"CMD,-1.4,1.50",4.0,-0.0338,3.983,-0.27,1,0.9831,0,NORMAL,57.596,0.153,1,1,1,1,1,222.4,85,5,dijkstra,fallback_centerline,0.32287,0,,,,,,0,,,,166870,96597,2004
1853,374.9676501750946,2026-03-06T12:50:32.852957,120.59,0.0,9.39,17.13,11.66,0.0,0.0,180.28,5.13,-1.391,-1.388,STRAIGHT,1.5,1.5,"CMD,-1.4,1.50",4.0,-0.0339,3.983,-0.27,1,0.9788,0,NORMAL,55.667,0.209,1,1,1,1,1,222.0,84,9,dijkstra,fallback_centerline,0.32558,0,,,,,,0,,,,167457,97372,2072
1854,375.1596932411194,2026-03-06T12:50:33.045000,114.23,0.0,9.21,15.96,13.14,0.0,0.0,169.93,5.13,-1.394,-1.391,STRAIGHT,1.5,1.5,"CMD,-1.4,1.50",4.0,-0.034,3.983,-0.271,1,0.9656,0,NORMAL,55.707,0.201,1,1,1,1,1,221.9,73,9,dijkstra,fallback_centerline,0.32959,0,,,,,,0,,,,165536,98806,2142
1855,375.35385394096375,2026-03-06T12:50:33.239161,116.82,0.0,9.31,17.08,13.1,0.0,0.0,175.07,5.14,-1.397,-1.394,STRAIGHT,1.5,1.5,"CMD,-1.4,1.50",4.0,-0.034,3.983,-0.271,1,0.9799,0,NORMAL,55.437,0.183,1,1,1,1,1,221.7,85,6,dijkstra,fallback_centerline,0.33176,0,,,,,,0,,,,165590,99282,2119
1856,375.54939675331116,2026-03-06T12:50:33.434704,118.52,0.0,9.11,16.85,12.56,0.0,0.0,175.25,5.14,-1.401,-1.397,STRAIGHT,1.5,1.5,"CMD,-1.4,1.50",3.991,-0.0342,3.974,-0.271,1,0.966,0,NORMAL,55.0,0.157,1,1,1,1,1,221.6,86,7,dijkstra,fallback_centerline,0.3351,0,,,,,,0,,,,169810,100402,2048
1857,375.74041080474854,2026-03-06T12:50:33.625718,116.05,0.0,10.1,15.33,12.11,0.0,1.01,172.93,5.14,-1.405,-1.401,STRAIGHT,1.5,1.5,"CMD,-1.4,1.50",3.989,-0.0342,3.972,-0.271,1,0.982,0,NORMAL,55.099,0.091,1,1,1,1,1,221.2,72,10,dijkstra,fallback_centerline,0.32909,0,,,,,,0,,,,168583,98575,2057
1858,375.95084142684937,2026-03-06T12:50:33.836148,126.12,0.0,11.05,18.45,14.62,0.0,0.0,189.61,5.13,-1.414,-1.405,STRAIGHT,1.5,1.5,"CMD,-1.4,1.50",3.968,-0.0348,3.952,-0.273,1,0.9809,0,NORMAL,55.198,0.145,1,1,1,1,1,221.5,92,8,dijkstra,fallback_centerline,0.33709,0,,,,,,0,,,,171179,100932,2073
1859,376.1677703857422,2026-03-06T12:50:34.053078,128.72,0.0,9.76,25.42,13.04,0.0,0.0,196.16,5.1,-1.426,-1.414,STRAIGHT,1.5,1.5,"CMD,-1.4,1.50",3.955,-0.0351,3.938,-0.274,1,0.9848,0,NORMAL,54.351,0.185,1,1,1,1,1,221.4,145,9,dijkstra,fallback_centerline,0.34211,0,,,,,,0,,,,172541,102471,2482
1860,376.3677570819855,2026-03-06T12:50:34.253064,122.89,0.0,8.82,15.52,13.79,0.0,0.0,179.87,5.1,-1.435,-1.426,STRAIGHT,1.5,1.5,"CMD,-1.4,1.50",3.952,-0.0352,3.935,-0.274,1,0.9854,0,NORMAL,54.356,0.104,1,1,1,1,1,221.5,82,9,dijkstra,fallback_centerline,0.33705,0,,,,,,0,,,,171810,100803,2118
1861,376.5680441856384,2026-03-06T12:50:34.453351,119.62,0.0,8.6,19.23,13.9,0.0,0.0,180.21,5.09,-1.442,-1.435,STRAIGHT,1.5,1.5,"CMD,-1.4,1.50",3.948,-0.0353,3.931,-0.274,1,0.9856,0,NORMAL,54.202,0.141,1,1,1,1,1,221.4,107,8,dijkstra,fallback_centerline,0.33998,0,,,,,,0,,,,173155,101691,2219
1862,376.76516485214233,2026-03-06T12:50:34.650472,119.3,0.0,10.03,16.35,13.22,0.0,0.0,176.71,5.08,-1.45,-1.442,STRAIGHT,1.5,1.5,"CMD,-1.4,1.50",3.939,-0.0355,3.922,-0.275,1,0.9876,0,NORMAL,53.591,0.136,1,1,1,1,1,221.3,72,7,dijkstra,fallback_centerline,0.34347,0,,,,,,0,,,,173984,103025,2034
1863,376.97382521629333,2026-03-06T12:50:34.859132,126.39,0.0,9.02,17.05,14.76,0.0,0.0,188.28,5.07,-1.452,-1.45,STRAIGHT,1.5,1.5,"CMD,-1.4,1.50",3.947,-0.0353,3.93,-0.274,1,0.9885,0,NORMAL,52.79,0.109,1,1,1,1,1,221.6,81,9,dijkstra,fallback_centerline,0.34295,0,,,,,,0,,,,174208,102913,2130
1864,377.19214034080505,2026-03-06T12:50:35.077447,137.56,0.0,9.07,17.61,13.25,0.0,0.0,197.45,5.04,-1.456,-1.452,STRAIGHT,1.5,1.5,"CMD,-1.5,1.50",3.942,-0.0355,3.926,-0.275,1,0.9872,0,NORMAL,52.732,0.103,1,1,1,1,1,221.7,86,7,dijkstra,fallback_centerline,0.34316,0,,,,,,0,,,,174729,102754,2087
1865,377.3894488811493,2026-03-06T12:50:35.274756,121.78,0.0,8.02,16.26,12.4,0.0,0.0,177.43,5.04,-1.459,-1.456,STRAIGHT,1.5,1.5,"CMD,-1.5,1.50",3.939,-0.0356,3.922,-0.275,1,0.9851,0,NORMAL,52.351,0.109,1,1,1,1,1,221.7,83,10,dijkstra,fallback_centerline,0.35043,0,,,,,,0,,,,176041,104883,2055
1866,377.59047985076904,2026-03-06T12:50:35.475787,125.83,0.0,8.78,15.84,13.43,0.0,0.0,181.25,5.04,-1.462,-1.459,STRAIGHT,1.5,1.5,"CMD,-1.5,1.50",3.938,-0.0356,3.922,-0.275,1,0.9849,0,NORMAL,52.111,0.081,1,1,1,1,1,221.9,75,8,dijkstra,fallback_centerline,0.35682,0,,,,,,0,,,,177057,106658,2082
1867,377.7906267642975,2026-03-06T12:50:35.675934,120.41,0.0,9.17,18.38,14.02,0.0,0.0,181.08,5.05,-1.464,-1.462,STRAIGHT,1.5,1.5,"CMD,-1.5,1.50",3.938,-0.0356,3.921,-0.275,1,0.9844,0,NORMAL,51.848,0.047,1,1,1,1,1,221.7,103,8,dijkstra,fallback_centerline,0.3564,0,,,,,,0,,,,177538,106754,2140
1868,377.99004554748535,2026-03-06T12:50:35.875353,122.33,0.0,9.02,15.16,13.47,0.0,0.0,178.39,5.05,-1.478,-1.464,STRAIGHT,1.5,1.5,"CMD,-1.5,1.50",3.901,-0.0366,3.884,-0.277,1,0.9839,0,NORMAL,51.674,0.053,1,1,1,1,1,221.7,77,8,dijkstra,fallback_centerline,0.35932,0,,,,,,0,,,,178410,107611,2147
1869,378.1875514984131,2026-03-06T12:50:36.072859,119.6,0.0,8.75,16.22,12.75,0.0,0.0,177.85,5.05,-1.48,-1.478,STRAIGHT,1.5,1.5,"CMD,-1.5,1.50",3.923,-0.036,3.906,-0.276,1,0.9808,0,NORMAL,51.355,-0.007,1,1,1,1,1,221.8,81,7,dijkstra,fallback_centerline,0.35364,0,,,,,,0,,,,177147,105905,2011
1870,378.39202547073364,2026-03-06T12:50:36.277333,117.68,0.0,8.9,26.55,14.29,0.0,0.0,185.31,5.04,-1.492,-1.48,STRAIGHT,1.5,1.5,"CMD,-1.5,1.50",3.893,-0.0367,3.877,-0.278,1,0.9844,0,NORMAL,51.173,-0.002,1,1,1,1,1,222.1,169,9,dijkstra,fallback_centerline,0.36048,0,,,,,,0,,,,178163,107927,2687
1871,378.59879517555237,2026-03-06T12:50:36.484102,122.33,0.0,10.03,22.68,13.49,0.0,0.0,187.08,5.04,-1.523,-1.492,STRAIGHT,1.5,1.5,"CMD,-1.5,1.50",3.826,-0.0385,3.81,-0.281,1,0.985,0,NORMAL,51.724,0.008,1,1,1,1,1,222.0,118,9,dijkstra,fallback_centerline,0.36021,0,,,,,,0,,,,178790,107917,2534
1872,378.7945022583008,2026-03-06T12:50:36.679809,112.93,0.0,9.23,20.78,13.33,0.0,0.0,175.71,5.04,-1.526,-1.523,STRAIGHT,1.5,1.5,"CMD,-1.5,1.50",3.879,-0.0371,3.863,-0.278,1,0.9808,0,NORMAL,52.096,-0.078,1,1,1,1,1,222.2,114,7,dijkstra,fallback_centerline,0.35833,0,,,,,,0,,,,177446,107357,2302
1873,379.0041604042053,2026-03-06T12:50:36.889467,120.95,0.0,9.51,23.24,15.43,0.0,0.0,188.77,5.02,-1.555,-1.526,STRAIGHT,1.5,1.5,"CMD,-1.5,1.50",3.8,-0.0391,3.783,-0.282,1,0.9843,0,NORMAL,51.359,-0.039,1,1,1,1,1,222.2,138,8,dijkstra,fallback_centerline,0.36174,0,,,,,,0,,,,178867,108334,2342
1874,379.19905376434326,2026-03-06T12:50:37.084361,117.79,0.0,8.01,17.19,13.06,0.0,0.0,175.11,5.02,-1.588,-1.555,STRAIGHT,1.5,1.5,"CMD,-1.6,1.50",3.763,-0.0401,3.746,-0.283,1,0.9843,0,NORMAL,51.463,-0.032,1,1,1,1,1,222.3,81,8,dijkstra,fallback_centerline,0.36798,0,,,,,,0,,,,179581,110115,2190
1875,379.394953250885,2026-03-06T12:50:37.280260,110.57,0.0,13.34,19.63,14.17,0.0,0.0,176.08,5.01,-1.633,-1.588,STRAIGHT,1.5,1.5,"CMD,-1.6,1.50",3.694,-0.0418,3.677,-0.284,1,0.9838,0,NORMAL,51.294,-0.02,1,1,1,1,1,222.3,117,9,dijkstra,fallback_centerline,0.37068,0,,,,,,0,,,,179872,111033,2215
1876,379.59766483306885,2026-03-06T12:50:37.482972,115.94,0.0,8.42,24.78,13.69,0.0,0.0,180.19,5.01,-3.072,-1.633,STRAIGHT,1.5,1.5,"CMD,-1.6,1.50",2.259,-0.1448,2.178,-0.352,1,0.9742,0,NORMAL,51.043,-0.118,1,1,1,1,2,202.4,137,9,dijkstra,graph,0.36174,0,,,,,,0,,,,177947,108247,2796
1877,379.8046803474426,2026-03-06T12:50:37.689987,118.01,0.0,8.57,28.84,14.67,0.0,0.0,187.83,4.99,-2.672,-2.672,STRAIGHT,1.5,1.5,"CMD,-2.7,1.50",3.562,-0.0454,3.543,-0.287,1,0.9772,0,NORMAL,50.499,-0.047,1,1,1,1,1,218.7,173,10,dijkstra,fallback_centerline,0.37017,0,,,,,,0,,,,179626,110762,2792
1878,380.0067343711853,2026-03-06T12:50:37.892042,119.99,0.0,7.13,24.6,14.1,0.0,0.0,182.36,4.99,-2.4,-2.672,STRAIGHT,1.5,1.5,"CMD,-2.7,1.50",3.57,-0.045,3.553,-0.286,1,0.9823,0,NORMAL,51.075,-0.045,1,1,1,1,1,222.2,104,9,dijkstra,fallback_centerline,0.37087,0,,,,,,0,,,,179478,110914,2308
1879,380.21385526657104,2026-03-06T12:50:38.099162,121.83,0.0,8.98,24.92,14.43,0.0,0.0,186.47,4.97,-3.489,-2.672,STRAIGHT,1.5,1.5,"CMD,-2.7,1.50",2.167,-0.1378,2.085,-0.306,1,0.9827,0,NORMAL,50.836,-0.052,1,1,1,1,2,205.0,132,12,dijkstra,graph,0.37333,0,,,,,,0,,,,180042,111780,2646
1880,380.4138572216034,2026-03-06T12:50:38.299164,117.92,0.0,7.46,21.3,12.61,0.0,1.5,180.18,4.96,-3.033,-3.033,STRAIGHT,1.5,1.5,"CMD,-3.0,1.50",3.314,-0.0515,3.295,-0.281,1,0.9807,0,NORMAL,50.294,0.01,1,1,1,1,1,218.4,116,8,dijkstra,fallback_centerline,0.37979,0,,,,,,0,,,,181459,113548,2500
1881,380.61799025535583,2026-03-06T12:50:38.503297,117.77,0.0,8.91,29.1,13.12,0.0,0.0,184.12,4.96,-2.693,-3.033,STRAIGHT,1.5,1.5,"CMD,-3.0,1.50",3.402,-0.0488,3.384,-0.281,1,0.9791,0,NORMAL,50.287,-0.03,1,1,1,1,1,222.3,163,10,dijkstra,fallback_centerline,0.38331,0,,,,,,0,,,,181710,114609,2799
1882,380.82162499427795,2026-03-06T12:50:38.706932,120.08,0.0,8.9,19.37,15.65,0.0,0.0,182.28,4.95,-2.461,-2.693,STRAIGHT,1.5,1.5,"CMD,-2.7,1.50",3.414,-0.0484,3.396,-0.281,1,0.9783,0,NORMAL,50.526,-0.081,1,1,1,1,1,222.3,103,12,dijkstra,fallback_centerline,0.38353,0,,,,,,0,,,,181663,114786,2444
1883,381.028751373291,2026-03-06T12:50:38.914058,120.14,0.0,9.05,23.09,14.76,0.0,0.0,187.22,4.94,-2.32,-2.461,STRAIGHT,1.5,1.5,"CMD,-2.5,1.50",3.36,-0.0494,3.343,-0.278,1,0.9775,0,NORMAL,50.444,-0.082,1,1,1,1,1,222.3,124,9,dijkstra,fallback_centerline,0.38798,0,,,,,,0,,,,182599,116248,2386
1884,381.23038268089294,2026-03-06T12:50:39.115690,120.74,0.0,9.35,20.32,13.35,0.0,0.0,180.31,4.94,-2.224,-2.32,STRAIGHT,1.5,1.5,"CMD,-2.3,1.50",3.36,-0.0493,3.343,-0.277,1,0.9755,0,NORMAL,50.85,-0.098,1,1,1,1,1,222.3,103,10,dijkstra,fallback_centerline,0.38843,0,,,,,,0,,,,182557,116248,2289
1885,381.43115735054016,2026-03-06T12:50:39.316465,118.99,0.0,8.73,21.04,13.17,0.0,0.0,179.54,4.93,-2.173,-2.224,STRAIGHT,1.5,1.5,"CMD,-2.2,1.50",3.312,-0.0502,3.294,-0.274,1,0.9744,0,NORMAL,51.294,-0.108,1,1,1,1,1,222.4,111,11,dijkstra,fallback_centerline,0.39025,0,,,,,,0,,,,183002,116778,2379
1886,381.6340341567993,2026-03-06T12:50:39.519845,123.41,0.0,7.59,18.88,14.49,0.0,0.0,181.39,4.92,-2.144,-2.173,STRAIGHT,1.5,1.5,"CMD,-2.2,1.50",3.288,-0.0506,3.27,-0.272,1,0.9708,0,NORMAL,51.563,-0.091,1,1,1,1,1,222.7,91,9,dijkstra,fallback_centerline,0.39151,0,,,,,,0,,,,182879,117256,2190
1887,381.833744764328,2026-03-06T12:50:39.719052,117.01,0.0,9.57,20.44,15.47,0.0,0.0,180.8,4.93,-2.128,-2.144,STRAIGHT,1.5,1.5,"CMD,-2.1,1.50",3.275,-0.0508,3.257,-0.272,1,0.9713,0,NORMAL,51.92,-0.128,1,1,1,1,1,222.6,107,7,dijkstra,fallback_centerline,0.39074,0,,,,,,0,,,,182483,116727,2275
1888,382.0496506690979,2026-03-06T12:50:39.934958,125.78,0.0,9.17,25.87,13.94,0.0,0.0,194.97,4.93,-2.12,-2.128,STRAIGHT,1.5,1.5,"CMD,-2.1,1.50",3.262,-0.051,3.244,-0.27,1,0.9724,0,NORMAL,52.588,-0.159,1,1,1,1,1,222.6,142,8,dijkstra,fallback_centerline,0.39068,0,,,,,,0,,,,182577,116828,2564
1889,382.2542026042938,2026-03-06T12:50:40.139510,123.9,0.0,9.25,19.55,13.75,0.0,0.0,184.23,4.93,-2.123,-2.123,STRAIGHT,1.5,1.5,"CMD,-2.1,1.50",3.223,-0.0516,3.205,-0.267,1,0.9664,0,NORMAL,52.649,-0.17,1,1,1,1,1,222.8,92,10,dijkstra,fallback_centerline,0.3895,0,,,,,,0,,,,184859,116597,2279
1890,382.4606246948242,2026-03-06T12:50:40.345932,119.67,0.0,9.22,25.36,14.51,0.0,0.0,186.52,4.92,-2.13,-2.123,STRAIGHT,1.5,1.5,"CMD,-2.1,1.50",3.193,-0.052,3.174,-0.264,1,0.9722,0,NORMAL,52.492,-0.147,1,1,1,1,1,222.5,172,8,dijkstra,fallback_centerline,0.39502,0,,,,,,0,,,,186048,118101,2656
1891,382.68005990982056,2026-03-06T12:50:40.565367,118.03,0.0,9.12,38.72,13.59,0.0,1.01,199.11,4.9,-2.14,-2.13,STRAIGHT,1.5,1.5,"CMD,-2.1,1.50",3.158,-0.0524,3.14,-0.26,1,0.9691,0,NORMAL,52.651,-0.169,1,1,1,1,1,222.4,252,9,dijkstra,fallback_centerline,0.40205,0,,,,,,0,,,,187244,120247,3223
1892,382.88810658454895,2026-03-06T12:50:40.773414,119.53,0.0,10.26,19.06,19.61,0.0,0.0,187.37,4.9,-2.146,-2.14,STRAIGHT,1.5,1.5,"CMD,-2.1,1.50",3.158,-0.0524,3.139,-0.26,1,0.967,0,NORMAL,53.331,-0.211,1,1,1,1,1,222.5,175,9,dijkstra,fallback_centerline,0.40064,0,,,,,,0,,,,187027,119723,2749
1893,383.12555265426636,2026-03-06T12:50:41.010860,123.04,0.0,9.96,49.18,14.64,0.0,0.0,217.83,4.89,-2.151,-2.146,STRAIGHT,1.5,1.5,"CMD,-2.1,1.50",3.158,-0.0524,3.139,-0.26,1,0.9711,0,NORMAL,52.944,-0.214,1,1,1,1,1,222.4,330,11,dijkstra,fallback_centerline,0.40409,0,,,,,,0,,,,187953,120883,3682
1894,383.3455214500427,2026-03-06T12:50:41.230829,117.1,0.0,10.94,47.96,6.48,0.0,0.0,199.15,4.87,-2.156,-2.151,STRAIGHT,1.5,1.5,"CMD,-2.2,1.50",3.138,-0.0526,3.12,-0.258,1,0.9707,0,NORMAL,53.14,-0.189,1,1,1,1,1,222.3,313,9,dijkstra,fallback_centerline,0.40686,0,,,,,,0,,,,187878,121608,3647
1895,383.56677770614624,2026-03-06T12:50:41.452085,111.39,0.0,15.95,34.62,16.91,0.0,1.09,200.34,4.85,-2.165,-2.156,STRAIGHT,1.5,1.5,"CMD,-2.2,1.50",3.099,-0.0529,3.08,-0.253,1,0.9647,0,NORMAL,51.556,-0.135,1,1,1,1,1,222.6,244,8,dijkstra,fallback_centerline,0.41688,0,,,,,,0,,,,192733,124816,3263
1896,383.79370045661926,2026-03-06T12:50:41.679007,120.3,0.0,8.89,42.92,13.55,0.0,0.0,205.55,4.83,-2.172,-2.165,STRAIGHT,1.5,1.5,"CMD,-2.2,1.50",3.088,-0.053,3.07,-0.251,1,0.9764,0,NORMAL,52.86,-0.138,1,1,1,1,1,222.7,280,12,dijkstra,fallback_centerline,0.41186,0,,,,,,0,,,,192785,123307,3498
1897,384.0124742984772,2026-03-06T12:50:41.897781,122.93,0.0,10.04,33.86,14.01,0.0,0.0,198.64,4.82,-2.178,-2.172,STRAIGHT,1.5,1.5,"CMD,-2.2,1.50",3.073,-0.0531,3.054,-0.249,1,0.982,0,NORMAL,53.621,-0.166,1,1,1,1,1,222.7,203,9,dijkstra,fallback_centerline,0.41434,0,,,,,,0,,,,193720,124046,3040
1898,384.2327723503113,2026-03-06T12:50:42.118080,117.83,0.0,13.43,35.28,13.33,0.0,0.0,199.07,4.8,-2.182,-2.178,STRAIGHT,1.5,1.5,"CMD,-2.2,1.50",3.059,-0.0531,3.04,-0.247,1,0.9829,0,NORMAL,53.975,-0.194,1,1,1,1,1,223.2,217,7,dijkstra,fallback_centerline,0.41506,0,,,,,,0,,,,193696,124188,3143
1899,384.4537568092346,2026-03-06T12:50:42.339064,119.72,0.0,8.66,40.86,13.28,0.0,0.0,201.28,4.78,-2.183,-2.182,STRAIGHT,1.5,1.5,"CMD,-2.2,1.50",3.035,-0.053,3.015,-0.243,1,0.9871,0,NORMAL,54.097,-0.141,1,1,1,1,1,223.3,255,8,dijkstra,fallback_centerline,0.41979,0,,,,,,0,,,,194866,125599,3422
1900,384.6627399921417,2026-03-06T12:50:42.548047,115.57,0.0,9.4,30.52,14.86,0.0,0.0,188.69,4.78,-2.183,-2.183,STRAIGHT,1.5,1.5,"CMD,-2.2,1.50",3.02,-0.053,3.001,-0.24,1,0.9874,0,NORMAL,54.298,-0.142,1,1,1,1,1,223.3,194,8,dijkstra,fallback_centerline,0.41888,0,,,,,,0,,,,195379,125456,2986
1901,384.8837642669678,2026-03-06T12:50:42.769071,118.91,0.0,8.68,38.24,16.09,0.0,0.0,201.35,4.76,-2.182,-2.183,STRAIGHT,1.5,1.5,"CMD,-2.2,1.50",3.007,-0.0529,2.988,-0.238,1,0.9828,0,NORMAL,53.8,-0.13,1,1,1,1,1,223.3,277,11,dijkstra,fallback_centerline,0.43184,0,,,,,,0,,,,197458,129354,3515
1902,385.10756611824036,2026-03-06T12:50:42.992873,121.7,0.0,9.06,39.96,13.47,0.0,0.0,202.79,4.75,-2.181,-2.182,STRAIGHT,1.5,1.5,"CMD,-2.2,1.50",2.999,-0.0528,2.98,-0.236,1,0.9808,0,NORMAL,54.413,-0.143,1,1,1,1,1,223.6,264,13,dijkstra,fallback_centerline,0.4414,0,,,,,,0,,,,198161,131925,3601
1903,385.3179898262024,2026-03-06T12:50:43.203297,121.64,0.0,11.47,26.51,10.1,0.0,0.0,188.71,4.74,-2.17,-2.181,STRAIGHT,1.5,1.5,"CMD,-2.2,1.50",2.935,-0.0521,2.915,-0.222,1,0.9807,0,NORMAL,54.057,-0.152,1,1,1,1,1,223.4,157,8,dijkstra,fallback_centerline,0.44366,0,,,,,,0,,,,199298,132661,2765
1904,385.52864813804626,2026-03-06T12:50:43.413955,118.41,0.0,10.1,23.1,13.86,0.0,1.01,186.04,4.73,-2.156,-2.17,STRAIGHT,1.5,1.5,"CMD,-2.2,1.50",2.9,-0.0516,2.88,-0.215,1,0.9816,0,NORMAL,53.91,-0.135,1,1,1,1,1,223.1,147,10,dijkstra,fallback_centerline,0.44291,0,,,,,,0,,,,199759,132514,2849
1905,385.73671865463257,2026-03-06T12:50:43.622026,121.41,0.0,8.64,25.15,13.98,0.0,0.0,186.81,4.72,-2.138,-2.156,STRAIGHT,1.5,1.5,"CMD,-2.2,1.50",2.867,-0.051,2.847,-0.208,1,0.9816,0,NORMAL,53.572,-0.14,1,1,1,1,1,223.2,136,10,dijkstra,fallback_centerline,0.45033,0,,,,,,0,,,,201099,134865,2983
1906,385.9542427062988,2026-03-06T12:50:43.839550,122.33,0.0,9.31,32.73,14.25,0.0,0.0,195.84,4.72,-2.12,-2.138,STRAIGHT,1.5,1.5,"CMD,-2.1,1.50",2.855,-0.0505,2.835,-0.204,1,0.9792,0,NORMAL,54.389,-0.169,1,1,1,1,1,223.5,189,9,dijkstra,fallback_centerline,0.44529,0,,,,,,0,,,,200832,133278,3180
1907,386.16826462745667,2026-03-06T12:50:44.053572,119.97,0.0,10.32,32.21,13.07,0.0,0.0,193.23,4.71,-2.096,-2.12,STRAIGHT,1.5,1.5,"CMD,-2.1,1.50",2.833,-0.0497,2.812,-0.197,1,0.9781,0,NORMAL,54.433,-0.159,1,1,1,1,1,222.9,186,8,dijkstra,fallback_centerline,0.4495,0,,,,,,0,,,,202147,134507,3023
1908,386.3857214450836,2026-03-06T12:50:44.271029,120.19,0.0,9.52,28.56,16.82,0.0,0.0,193.56,4.7,-2.04,-2.096,STRAIGHT,1.5,1.5,"CMD,-2.1,1.50",2.797,-0.0468,2.777,-0.181,1,0.9755,0,NORMAL,54.656,-0.152,1,1,1,1,1,222.8,181,8,dijkstra,fallback_centerline,0.45601,0,,,,,,0,,,,203969,136529,3041
1909,386.60579895973206,2026-03-06T12:50:44.491106,126.1,0.0,11.25,29.93,13.85,0.0,0.0,200.18,4.68,-1.978,-2.04,STRAIGHT,1.5,1.5,"CMD,-2.0,1.50",2.776,-0.0449,2.756,-0.171,1,0.976,0,NORMAL,54.999,-0.14,1,1,1,1,1,222.5,157,8,dijkstra,fallback_centerline,0.46287,0,,,,,,0,,,,205488,138566,3055
1910,386.8281774520874,2026-03-06T12:50:44.713485,126.39,0.0,10.11,35.3,14.18,0.0,0.0,203.46,4.67,-1.93,-1.978,STRAIGHT,1.5,1.5,"CMD,-2.0,1.50",2.762,-0.0444,2.742,-0.168,1,0.9743,0,NORMAL,55.011,-0.182,1,1,1,1,1,221.5,199,8,dijkstra,fallback_centerline,0.4544,0,,,,,,0,,,,204489,135840,3298
1911,387.03896856307983,2026-03-06T12:50:44.924276,116.24,0.0,9.41,32.43,14.12,0.0,0.0,190.45,4.66,-1.89,-1.93,STRAIGHT,1.5,1.5,"CMD,-1.9,1.50",2.758,-0.0439,2.737,-0.165,1,0.9691,0,NORMAL,54.912,-0.161,1,1,1,1,1,221.7,179,8,dijkstra,fallback_centerline,0.45866,0,,,,,,0,,,,204864,137293,3199
1912,387.26773977279663,2026-03-06T12:50:45.153047,120.19,0.0,9.79,45.59,13.64,0.0,0.0,208.0,4.65,-1.93,-1.93,STRAIGHT,1.5,1.5,"CMD,-1.9,1.50",2.792,-0.0487,2.771,-0.188,1,0.9736,0,NORMAL,54.88,-0.152,1,1,1,1,1,220.5,283,12,dijkstra,fallback_centerline,0.45921,0,,,,,,0,,,,205877,137534,3942
1913,387.5003008842468,2026-03-06T12:50:45.385608,121.29,0.0,9.15,46.86,14.74,0.0,0.0,210.08,4.62,-1.982,-1.93,STRAIGHT,1.5,1.5,"CMD,-1.9,1.50",2.821,-0.0506,2.8,-0.199,1,0.9595,0,NORMAL,53.012,-0.151,1,1,1,1,1,221.0,293,11,dijkstra,fallback_centerline,0.47101,0,,,,,,0,,,,206399,140986,4128
1914,387.74364614486694,2026-03-06T12:50:45.628953,120.34,0.0,9.01,59.0,15.01,0.0,0.0,222.32,4.59,-2.025,-1.982,STRAIGHT,1.5,1.5,"CMD,-2.0,1.50",2.833,-0.0512,2.812,-0.203,1,0.9539,0,NORMAL,51.332,-0.164,1,1,1,1,1,220.0,394,14,dijkstra,fallback_centerline,0.47161,0,,,,,,0,,,,209708,141079,4749
1915,387.96577167510986,2026-03-06T12:50:45.851079,114.27,0.0,15.06,39.92,12.73,0.0,0.0,201.22,4.58,-2.062,-2.025,STRAIGHT,1.5,1.5,"CMD,-2.0,1.50",2.86,-0.0518,2.84,-0.21,1,0.966,0,NORMAL,51.781,-0.147,1,1,1,1,1,220.2,296,11,dijkstra,fallback_centerline,0.47145,0,,,,,,0,,,,210917,141318,4033
1916,388.19266748428345,2026-03-06T12:50:46.077975,119.47,0.0,8.17,50.45,12.96,0.0,0.0,210.27,4.56,-2.102,-2.062,STRAIGHT,1.5,1.5,"CMD,-2.1,1.50",2.854,-0.0529,2.834,-0.213,1,0.9654,0,NORMAL,51.988,-0.144,1,1,1,1,1,219.9,307,12,dijkstra,fallback_centerline,0.47521,0,,,,,,0,,,,211392,142307,4345
1917,388.4280767440796,2026-03-06T12:50:46.313384,120.04,0.0,10.55,49.29,13.97,0.0,0.0,213.36,4.55,-2.126,-2.102,STRAIGHT,1.5,1.5,"CMD,-2.1,1.50",2.85,-0.0527,2.829,-0.212,1,0.9671,0,NORMAL,52.353,-0.167,1,1,1,1,1,219.8,305,12,dijkstra,fallback_centerline,0.47847,0,,,,,,0,,,,212700,143181,4255
1918,388.66388058662415,2026-03-06T12:50:46.549188,124.58,0.0,9.37,50.09,13.23,0.0,0.0,214.52,4.52,-2.148,-2.126,STRAIGHT,1.5,1.5,"CMD,-2.1,1.50",2.862,-0.0531,2.841,-0.216,1,0.96,0,NORMAL,52.785,-0.172,1,1,1,1,1,219.5,302,15,dijkstra,fallback_centerline,0.48095,0,,,,,,0,,,,215032,143930,4655
1919,388.88614892959595,2026-03-06T12:50:46.771456,122.03,0.0,10.16,35.67,13.12,0.0,1.0,200.58,4.51,-2.164,-2.148,STRAIGHT,1.5,1.5,"CMD,-2.1,1.50",2.872,-0.0533,2.851,-0.218,1,0.9584,0,NORMAL,52.839,-0.185,1,1,1,1,1,219.8,206,13,dijkstra,fallback_centerline,0.48403,0,,,,,,0,,,,215875,144753,3596
1920,389.10826873779297,2026-03-06T12:50:46.993576,120.66,0.0,11.86,36.4,14.22,0.0,0.0,200.8,4.51,-2.146,-2.148,STRAIGHT,1.5,1.5,"CMD,-2.1,1.50",2.869,-0.0511,2.849,-0.209,1,0.96,0,NORMAL,52.379,-0.151,1,1,1,1,1,222.0,217,12,dijkstra,fallback_centerline,0.49037,0,,,,,,0,,,,216838,146644,3698
1921,389.35555815696716,2026-03-06T12:50:47.240865,121.41,0.0,11.07,59.89,14.86,0.0,0.0,226.5,4.48,-2.158,-2.158,STRAIGHT,1.5,1.5,"CMD,-2.2,1.50",2.851,-0.0529,2.83,-0.213,1,0.9574,0,NORMAL,52.204,-0.091,1,1,1,1,1,218.9,382,15,dijkstra,fallback_centerline,0.49236,0,,,,,,0,,,,218556,147254,4932
1922,389.5995318889618,2026-03-06T12:50:47.484839,116.63,0.0,11.83,59.75,13.86,0.0,0.0,222.09,4.48,-2.176,-2.158,STRAIGHT,1.5,1.5,"CMD,-2.2,1.50",2.864,-0.0537,2.844,-0.218,1,0.9612,0,NORMAL,51.663,-0.116,1,1,1,1,1,218.6,375,18,dijkstra,fallback_centerline,0.48733,0,,,,,,0,,,,219071,145785,5223
1923,389.8436613082886,2026-03-06T12:50:47.728968,120.61,0.0,9.82,58.55,14.62,0.0,0.0,222.15,4.46,-2.192,-2.176,STRAIGHT,1.5,1.5,"CMD,-2.2,1.50",2.883,-0.054,2.862,-0.222,1,0.9598,0,NORMAL,51.476,-0.139,1,1,1,1,1,218.4,375,16,dijkstra,fallback_centerline,0.48804,0,,,,,,0,,,,220696,145935,5145
1924,390.0645718574524,2026-03-06T12:50:47.949879,123.22,0.0,8.11,35.54,14.02,0.0,0.51,199.68,4.46,-2.188,-2.188,STRAIGHT,1.5,1.5,"CMD,-2.2,1.50",2.927,-0.0528,2.907,-0.225,1,0.9627,0,NORMAL,50.784,-0.104,1,1,1,1,1,220.8,224,11,dijkstra,fallback_centerline,0.48729,0,,,,,,0,,,,220646,145605,3835
1925,390.2897102832794,2026-03-06T12:50:48.175017,120.03,0.0,9.55,42.91,14.73,0.0,0.0,205.03,4.46,-2.195,-2.192,STRAIGHT,1.5,1.5,"CMD,-2.2,1.50",2.891,-0.0536,2.87,-0.222,1,0.9595,0,NORMAL,51.897,-0.095,1,1,1,1,1,219.2,249,11,dijkstra,fallback_centerline,0.48163,0,,,,,,0,,,,220500,144078,3986
1926,390.5138964653015,2026-03-06T12:50:48.399204,122.96,0.0,9.18,35.42,14.59,0.0,0.0,202.71,4.46,-2.194,-2.194,STRAIGHT,1.5,1.5,"CMD,-2.2,1.50",2.88,-0.0532,2.859,-0.219,1,0.9532,0,NORMAL,51.248,-0.092,1,1,1,1,1,219.3,203,13,dijkstra,fallback_centerline,0.48052,0,,,,,,0,,,,224120,143631,3819
1927,390.7308704853058,2026-03-06T12:50:48.616177,115.73,0.0,14.7,31.43,13.84,0.0,0.0,195.37,4.46,-2.183,-2.194,STRAIGHT,1.5,1.5,"CMD,-2.2,1.50",2.855,-0.0524,2.835,-0.212,1,0.9427,0,NORMAL,51.419,-0.096,1,1,1,1,1,219.3,172,12,dijkstra,fallback_centerline,0.48368,0,,,,,,0,,,,228282,144464,3779
1928,390.9525194168091,2026-03-06T12:50:48.837827,119.99,0.0,9.4,40.33,13.26,0.0,0.0,199.26,4.46,-2.166,-2.183,STRAIGHT,1.5,1.5,"CMD,-2.2,1.50",2.823,-0.0517,2.802,-0.204,1,0.9404,0,NORMAL,51.116,-0.103,1,1,1,1,1,219.3,240,14,dijkstra,fallback_centerline,0.48845,0,,,,,,0,,,,233039,146080,4106
1929,391.1703050136566,2026-03-06T12:50:49.055612,126.06,0.0,9.31,28.54,13.94,0.0,0.0,196.43,4.46,-2.153,-2.166,STRAIGHT,1.5,1.5,"CMD,-2.2,1.50",2.816,-0.0516,2.795,-0.202,1,0.9397,0,NORMAL,49.69,-0.084,1,1,1,1,1,219.7,136,11,dijkstra,fallback_centerline,0.48341,0,,,,,,0,,,,231329,144429,3568
1930,391.3939366340637,2026-03-06T12:50:49.279244,128.55,0.0,11.19,28.55,15.58,0.0,0.0,200.72,4.46,-2.147,-2.153,STRAIGHT,1.5,1.5,"CMD,-2.2,1.50",2.814,-0.0518,2.793,-0.203,1,0.9493,0,NORMAL,49.182,-0.075,1,1,1,1,1,219.3,137,13,dijkstra,fallback_centerline,0.47893,0,,,,,,0,,,,229579,143303,3501
1931,391.61384177207947,2026-03-06T12:50:49.499149,123.54,0.0,10.01,31.48,14.14,0.0,0.0,197.16,4.46,-2.141,-2.147,STRAIGHT,1.5,1.5,"CMD,-2.1,1.50",2.811,-0.0516,2.79,-0.202,1,0.943,0,NORMAL,49.254,-0.057,1,1,1,1,1,219.6,165,14,dijkstra,fallback_centerline,0.47723,0,,,,,,0,,,,233303,142579,3716
1932,391.8355715274811,2026-03-06T12:50:49.720879,129.68,0.0,10.36,26.89,14.54,0.0,0.0,200.8,4.45,-2.144,-2.144,STRAIGHT,1.5,1.5,"CMD,-2.1,1.50",2.827,-0.0521,2.806,-0.206,1,0.9293,0,NORMAL,48.261,-0.131,1,1,1,1,1,219.6,118,11,dijkstra,fallback_centerline,0.46329,0,,,,,,0,,,,236490,138393,3325
1933,392.0541317462921,2026-03-06T12:50:49.939439,136.72,0.0,9.15,15.87,14.23,0.0,0.0,196.27,4.44,-2.148,-2.144,STRAIGHT,1.5,1.5,"CMD,-2.1,1.50",2.885,-0.0523,2.865,-0.216,1,0.9408,0,NORMAL,50.099,-0.11,1,1,1,1,1,220.2,50,12,dijkstra,fallback_centerline,0.46312,0,,,,,,0,,,,242026,138408,3083
1934,392.28269505500793,2026-03-06T12:50:50.168002,124.01,0.0,9.2,41.03,15.03,0.0,0.0,207.14,4.43,-2.148,-2.148,STRAIGHT,1.5,1.5,"CMD,-2.1,1.50",2.885,-0.0521,2.865,-0.215,1,0.9562,0,NORMAL,50.001,-0.01,1,1,1,1,1,220.8,218,13,dijkstra,fallback_centerline,0.47138,0,,,,,,0,,,,247989,140890,4374
1935,392.5037372112274,2026-03-06T12:50:50.389044,141.23,0.0,9.32,14.03,13.49,0.0,0.0,196.69,4.43,-2.14,-2.148,STRAIGHT,1.5,1.5,"CMD,-2.1,1.50",2.863,-0.0515,2.843,-0.209,1,0.9451,0,NORMAL,50.065,0.018,1,1,1,1,1,221.2,35,10,dijkstra,fallback_centerline,0.47711,0,,,,,,0,,,,255836,142459,2851
1936,392.7254955768585,2026-03-06T12:50:50.610803,127.98,0.0,10.25,28.94,13.58,0.0,0.0,198.91,4.42,-2.14,-2.14,STRAIGHT,1.5,1.5,"CMD,-2.1,1.50",2.85,-0.0519,2.83,-0.209,1,0.9531,0,NORMAL,49.981,0.014,1,1,1,1,1,221.7,155,12,dijkstra,fallback_centerline,0.46942,0,,,,,,0,,,,259504,140382,3667
1937,392.95258474349976,2026-03-06T12:50:50.837892,132.07,0.0,9.52,32.26,13.65,0.0,0.0,207.07,4.42,-2.148,-2.14,STRAIGHT,1.5,1.5,"CMD,-2.1,1.50",2.827,-0.0524,2.806,-0.208,1,0.9641,0,NORMAL,49.031,0.006,1,1,1,1,1,222.0,170,10,dijkstra,fallback_centerline,0.46667,0,,,,,,0,,,,261938,139524,3633
1938,393.17153906822205,2026-03-06T12:50:51.056846,134.61,0.0,8.54,24.95,13.32,0.0,1.01,201.71,4.42,-2.165,-2.148,STRAIGHT,1.5,1.5,"CMD,-2.1,1.50",2.775,-0.0534,2.753,-0.203,1,0.9702,0,NORMAL,48.639,-0.014,1,1,1,1,1,222.0,117,11,dijkstra,fallback_centerline,0.47374,0,,,,,,0,,,,264040,141564,3687
1939,393.38998341560364,2026-03-06T12:50:51.275290,122.75,0.0,9.47,31.7,15.29,0.0,0.0,197.96,4.42,-2.181,-2.165,STRAIGHT,1.5,1.5,"CMD,-2.2,1.50",2.772,-0.0537,2.75,-0.204,1,0.9622,0,NORMAL,47.019,-0.131,1,1,1,1,1,222.2,156,10,dijkstra,fallback_centerline,0.45946,0,,,,,,0,,,,264323,137287,3601
1940,393.60615253448486,2026-03-06T12:50:51.491460,123.15,0.0,7.75,24.39,14.71,0.0,0.0,192.26,4.42,-2.173,-2.173,STRAIGHT,1.5,1.5,"CMD,-2.2,1.50",2.729,-0.0523,2.706,-0.193,1,0.9726,0,NORMAL,47.2,-0.057,1,1,1,1,1,221.9,98,12,dijkstra,fallback_centerline,0.46097,0,,,,,,0,,,,267240,137692,3276
1941,393.81297850608826,2026-03-06T12:50:51.698286,119.36,0.0,10.02,22.0,14.15,0.0,0.0,184.79,4.43,-2.156,-2.173,STRAIGHT,1.5,1.5,"CMD,-2.2,1.50",2.715,-0.0514,2.692,-0.187,1,0.9647,0,NORMAL,46.574,-0.024,1,1,1,1,1,222.3,107,11,dijkstra,fallback_centerline,0.4581,0,,,,,,0,,,,271800,137022,3389
1942,394.0205178260803,2026-03-06T12:50:51.905825,126.09,0.0,10.72,20.14,14.36,0.0,0.0,187.55,4.45,-2.141,-2.156,STRAIGHT,1.5,1.5,"CMD,-2.2,1.50",2.71,-0.0512,2.687,-0.186,1,0.9663,0,NORMAL,45.451,-0.064,1,1,1,1,1,222.2,81,9,dijkstra,fallback_centerline,0.45717,0,,,,,,0,,,,275344,136525,3091
1943,394.2267632484436,2026-03-06T12:50:52.112070,123.2,0.0,9.16,18.54,14.03,0.0,0.0,184.56,4.47,-2.131,-2.141,STRAIGHT,1.5,1.5,"CMD,-2.1,1.50",2.707,-0.0512,2.684,-0.185,1,0.9591,0,NORMAL,44.363,-0.075,1,1,1,1,1,222.4,79,10,dijkstra,fallback_centerline,0.45252,0,,,,,,0,,,,280847,135212,3078
1944,394.435662984848,2026-03-06T12:50:52.320970,122.28,0.0,10.26,22.4,14.13,0.0,0.9,188.09,4.48,-2.122,-2.131,STRAIGHT,1.5,1.5,"CMD,-2.1,1.50",2.718,-0.051,2.695,-0.186,1,0.9728,0,NORMAL,43.981,-0.064,1,1,1,1,1,222.3,99,10,dijkstra,fallback_centerline,0.44829,0,,,,,,0,,,,277284,134009,3172
1945,394.64265871047974,2026-03-06T12:50:52.527966,120.12,0.0,9.75,21.92,14.18,0.0,0.0,185.99,4.5,-2.109,-2.122,STRAIGHT,1.5,1.5,"CMD,-2.1,1.50",2.736,-0.0505,2.713,-0.187,1,0.9853,0,NORMAL,43.882,-0.072,1,1,1,1,1,222.8,107,12,dijkstra,fallback_centerline,0.44758,0,,,,,,0,,,,276727,133736,3289
1946,394.84905910491943,2026-03-06T12:50:52.734366,120.16,0.0,9.06,21.59,14.51,0.0,0.0,185.29,4.52,-2.098,-2.109,STRAIGHT,1.5,1.5,"CMD,-2.1,1.50",2.742,-0.0503,2.72,-0.187,1,0.9829,0,NORMAL,43.211,-0.064,1,1,1,1,1,222.6,107,13,dijkstra,fallback_centerline,0.44899,0,,,,,,0,,,,276746,134228,3521
1947,395.04228830337524,2026-03-06T12:50:52.927595,118.64,0.0,9.93,12.25,13.59,0.0,0.0,171.75,4.55,-2.105,-2.105,STRAIGHT,1.5,1.5,"CMD,-2.1,1.50",2.709,-0.0514,2.686,-0.186,1,0.9822,0,NORMAL,42.41,-0.015,1,1,1,1,1,222.6,21,9,dijkstra,fallback_centerline,0.44506,0,,,,,,0,,,,275818,133025,2769
1948,395.24547505378723,2026-03-06T12:50:53.130782,117.71,0.0,9.24,22.14,13.66,0.0,0.0,180.82,4.56,-2.109,-2.105,STRAIGHT,1.5,1.5,"CMD,-2.1,1.50",2.696,-0.0513,2.673,-0.184,1,0.976,0,NORMAL,43.835,-0.058,1,1,1,1,1,222.9,108,8,dijkstra,fallback_centerline,0.44132,0,,,,,,0,,,,273658,131926,3291
1949,395.4484632015228,2026-03-06T12:50:53.333770,123.04,0.0,9.74,16.53,11.92,0.0,1.0,181.26,4.57,-2.103,-2.105,STRAIGHT,1.5,1.5,"CMD,-2.1,1.50",2.687,-0.0507,2.664,-0.181,1,0.9791,0,NORMAL,43.761,-0.068,1,1,1,1,1,223.3,71,11,dijkstra,fallback_centerline,0.43816,0,,,,,,0,,,,271601,130984,3229
1950,395.6595687866211,2026-03-06T12:50:53.544876,119.54,0.0,8.46,29.66,14.04,0.0,0.0,191.06,4.6,-2.01,-2.103,STRAIGHT,1.5,1.5,"CMD,-2.1,1.50",2.749,-0.0443,2.729,-0.165,1,0.8739,0,NORMAL,43.366,-0.17,1,1,1,1,1,224.8,161,14,dijkstra,fallback_centerline,0.40417,0,,,,,,0,,,,239808,120783,3243
1951,395.86472392082214,2026-03-06T12:50:53.750031,121.71,0.0,9.16,20.55,14.52,0.0,0.0,184.02,4.63,-2.026,-2.026,STRAIGHT,1.5,1.5,"CMD,-2.0,1.50",2.636,-0.0499,2.611,-0.171,1,0.8816,0,NORMAL,42.048,-0.104,1,1,1,1,1,224.2,88,11,dijkstra,fallback_centerline,0.43917,0,,,,,,0,,,,269799,131288,3360
1952,396.06082701683044,2026-03-06T12:50:53.946134,120.2,0.0,8.16,14.44,12.78,0.0,1.06,174.05,4.66,-0.391,-2.01,STRAIGHT,1.5,1.5,"CMD,-2.0,1.50",2.023,0.0698,1.941,0.132,1,0.6657,0,NORMAL,41.587,-0.154,1,1,1,1,1,224.9,65,8,dijkstra,fallback_centerline,0.31134,0,,,,,,0,,,,181879,93285,1823
1953,396.25764989852905,2026-03-06T12:50:54.142957,121.31,0.0,8.11,15.93,13.57,0.0,0.0,177.58,4.68,0.072,-0.391,STRAIGHT,1.5,1.5,"CMD,-0.4,1.50",2.486,0.0242,2.451,0.073,1,0.7913,0,NORMAL,41.616,-0.281,1,1,1,1,1,224.9,66,7,dijkstra,fallback_centerline,0.3539,0,,,,,,0,,,,194604,105866,2450
1954,396.4617977142334,2026-03-06T12:50:54.347105,121.27,0.0,8.04,19.97,13.74,0.0,0.0,182.72,4.7,1.231,0.072,STRAIGHT,1.5,1.5,"CMD,0.1,1.50",2.211,0.0861,2.14,0.199,1,0.7901,0,NORMAL,41.92,-0.306,1,1,1,1,1,223.8,111,5,dijkstra,fallback_centerline,0.29506,0,,,,,,0,,,,158368,88475,1949
1955,396.66406750679016,2026-03-06T12:50:54.549375,120.37,0.0,8.43,16.47,18.41,0.0,0.0,183.38,4.72,1.625,1.231,STRAIGHT,1.5,1.5,"CMD,1.2,1.50",2.525,0.0585,2.476,0.18,1,0.834,0,NORMAL,42.077,-0.299,1,1,1,1,1,224.4,119,6,dijkstra,fallback_centerline,0.32574,0,,,,,,0,,,,154481,97411,2253
1956,396.8625416755676,2026-03-06T12:50:54.747849,117.01,0.0,9.12,19.57,14.02,0.0,1.0,178.8,4.73,1.578,1.578,STRAIGHT,1.5,1.5,"CMD,1.6,1.50",2.797,0.036,2.763,0.138,1,0.8025,0,NORMAL,41.865,-0.251,1,1,1,1,1,224.6,109,9,dijkstra,fallback_centerline,0.35841,0,,,,,,0,,,,188824,107145,2619
1957,397.063764333725,2026-03-06T12:50:54.949072,118.66,0.0,8.85,21.13,12.48,0.0,0.0,179.88,4.75,1.047,1.578,STRAIGHT,1.5,1.5,"CMD,1.6,1.50",2.637,-0.0004,2.612,-0.001,1,0.7937,0,NORMAL,42.1,-0.274,1,1,1,1,1,224.9,98,9,dijkstra,fallback_centerline,0.37426,0,,,,,,0,,,,207953,111850,2767
1958,397.2629454135895,2026-03-06T12:50:55.148252,124.28,0.0,8.95,13.61,13.61,0.0,0.0,178.37,4.76,0.344,1.047,STRAIGHT,1.5,1.5,"CMD,1.0,1.50",2.565,-0.0258,2.54,-0.083,1,0.8322,0,NORMAL,42.075,-0.243,1,1,1,1,1,224.9,39,11,dijkstra,fallback_centerline,0.41099,0,,,,,,0,,,,247462,122830,2819
1959,397.46786880493164,2026-03-06T12:50:55.353176,121.05,0.0,11.43,16.89,13.97,0.0,1.28,184.02,4.77,-0.325,0.344,STRAIGHT,1.5,1.5,"CMD,0.3,1.50",2.522,-0.0403,2.494,-0.126,1,0.9789,0,NORMAL,42.027,-0.231,1,1,1,1,1,224.7,73,11,dijkstra,fallback_centerline,0.41246,0,,,,,,0,,,,247995,123290,2986
1960,397.66460967063904,2026-03-06T12:50:55.549917,123.32,0.0,8.26,11.11,11.38,0.0,0.5,176.33,4.79,-0.838,-0.325,STRAIGHT,1.5,1.5,"CMD,-0.3,1.50",2.574,-0.0452,2.548,-0.147,1,0.9716,0,NORMAL,42.704,-0.243,1,1,1,1,1,224.2,31,10,dijkstra,fallback_centerline,0.4125,0,,,,,,0,,,,248791,123399,2630
1961,397.8572373390198,2026-03-06T12:50:55.742544,115.9,0.0,8.62,16.55,15.04,0.0,0.0,173.27,4.82,-1.201,-0.838,STRAIGHT,1.5,1.5,"CMD,-0.8,1.50",2.639,-0.0468,2.615,-0.16,1,0.9739,0,NORMAL,42.555,-0.25,1,1,1,1,1,224.4,71,8,dijkstra,fallback_centerline,0.40895,0,,,,,,0,,,,247026,122399,2825
1962,398.05157136917114,2026-03-06T12:50:55.936878,117.83,0.0,9.36,16.07,11.34,0.0,0.0,172.14,4.84,-1.458,-1.201,STRAIGHT,1.5,1.5,"CMD,-1.2,1.50",2.658,-0.0478,2.634,-0.166,1,0.815,0,NORMAL,42.361,-0.239,1,1,1,1,1,224.4,78,9,dijkstra,fallback_centerline,0.37471,0,,,,,,0,,,,203417,112085,2535
1963,398.2445538043976,2026-03-06T12:50:56.129861,120.79,0.0,8.25,11.38,13.59,0.0,0.0,176.41,4.86,-1.635,-1.458,STRAIGHT,1.5,1.5,"CMD,-1.5,1.50",2.67,-0.0483,2.646,-0.17,1,0.8206,0,NORMAL,42.386,-0.191,1,1,1,1,1,224.4,25,10,dijkstra,fallback_centerline,0.4136,0,,,,,,0,,,,245688,123544,2751
1964,398.4377052783966,2026-03-06T12:50:56.323012,118.08,0.0,9.37,11.96,14.05,0.0,0.0,171.28,4.89,-1.76,-1.635,STRAIGHT,1.5,1.5,"CMD,-1.6,1.50",2.666,-0.0487,2.643,-0.171,1,0.9645,0,NORMAL,42.928,-0.192,1,1,1,1,1,224.4,42,9,dijkstra,fallback_centerline,0.4062,0,,,,,,0,,,,239549,121405,2558
1965,398.64944791793823,2026-03-06T12:50:56.534755,122.02,0.0,9.02,23.67,13.88,0.0,1.0,189.16,4.89,-1.837,-1.76,STRAIGHT,1.5,1.5,"CMD,-1.8,1.50",2.687,-0.0483,2.664,-0.172,1,0.8125,0,NORMAL,42.89,-0.184,1,1,1,1,1,224.5,127,12,dijkstra,fallback_centerline,0.3774,0,,,,,,0,,,,197212,112785,3086
1966,398.84547185897827,2026-03-06T12:50:56.730779,122.9,0.0,8.14,12.26,13.3,0.0,0.0,175.95,4.92,-1.883,-1.837,STRAIGHT,1.5,1.5,"CMD,-1.8,1.50",2.706,-0.0479,2.683,-0.173,1,0.906,0,NORMAL,43.167,-0.305,1,1,1,1,1,224.7,45,9,dijkstra,fallback_centerline,0.33037,0,,,,,,0,,,,185189,98789,2033
1967,399.0401771068573,2026-03-06T12:50:56.925484,115.08,0.0,10.69,17.03,14.53,0.0,0.0,174.71,4.94,-1.916,-1.883,STRAIGHT,1.5,1.5,"CMD,-1.9,1.50",2.721,-0.048,2.699,-0.176,1,0.8589,0,NORMAL,43.005,-0.238,1,1,1,1,1,224.6,82,11,dijkstra,fallback_centerline,0.3849,0,,,,,,0,,,,205789,114992,2658
1968,399.23226404190063,2026-03-06T12:50:57.117571,117.57,0.0,8.94,12.83,14.08,0.0,0.0,171.24,4.96,-1.928,-1.916,STRAIGHT,1.5,1.5,"CMD,-1.9,1.50",2.74,-0.0474,2.719,-0.176,1,0.8667,0,NORMAL,43.576,-0.198,1,1,1,1,1,224.6,35,11,dijkstra,fallback_centerline,0.4076,0,,,,,,0,,,,231433,121954,2678
1969,399.42927384376526,2026-03-06T12:50:57.314581,120.08,0.0,9.99,16.34,14.11,0.0,0.0,176.65,4.98,-1.929,-1.928,STRAIGHT,1.5,1.5,"CMD,-1.9,1.50",2.765,-0.0468,2.744,-0.177,1,0.9478,0,NORMAL,44.712,-0.229,1,1,1,1,1,224.4,61,13,dijkstra,fallback_centerline,0.39851,0,,,,,,0,,,,223526,119246,2777
1970,399.63145899772644,2026-03-06T12:50:57.516766,122.03,0.0,9.87,14.02,15.14,0.0,0.0,181.28,4.98,-1.899,-1.928,STRAIGHT,1.5,1.5,"CMD,-1.9,1.50",2.834,-0.0446,2.815,-0.177,1,0.9474,0,NORMAL,45.531,-0.257,1,1,1,1,1,224.7,49,10,dijkstra,fallback_centerline,0.39793,0,,,,,,0,,,,220538,119018,2534
1971,399.8278193473816,2026-03-06T12:50:57.713126,117.9,0.0,9.11,18.83,13.26,0.0,0.0,175.59,4.99,-1.89,-1.899,STRAIGHT,1.5,1.5,"CMD,-1.9,1.50",2.814,-0.0454,2.795,-0.178,1,0.9571,0,NORMAL,45.528,-0.248,1,1,1,1,1,224.6,97,11,dijkstra,fallback_centerline,0.40165,0,,,,,,0,,,,223936,120052,2910
1972,400.01896953582764,2026-03-06T12:50:57.904277,115.8,0.0,8.14,14.85,14.13,0.0,0.0,170.78,5.01,-1.864,-1.89,STRAIGHT,1.5,1.5,"CMD,-1.9,1.50",2.854,-0.0439,2.836,-0.177,1,0.9659,0,NORMAL,45.41,-0.244,1,1,1,1,1,224.7,61,10,dijkstra,fallback_centerline,0.40068,0,,,,,,0,,,,221978,119757,2651
1973,400.2148313522339,2026-03-06T12:50:58.100139,119.26,0.0,8.76,13.79,14.52,0.0,0.5,174.09,5.02,-1.842,-1.864,STRAIGHT,1.5,1.5,"CMD,-1.9,1.50",2.866,-0.0436,2.848,-0.177,1,0.953,0,NORMAL,45.026,-0.201,1,1,1,1,1,224.5,51,10,dijkstra,fallback_centerline,0.40116,0,,,,,,0,,,,218164,120007,2600
1974,400.41257548332214,2026-03-06T12:50:58.297883,118.6,0.0,8.9,17.39,13.54,0.0,0.0,176.39,5.03,-1.847,-1.847,STRAIGHT,1.5,1.5,"CMD,-1.8,1.50",2.842,-0.045,2.823,-0.18,1,0.9387,0,NORMAL,45.539,-0.241,1,1,1,1,1,224.6,76,11,dijkstra,fallback_centerline,0.40351,0,,,,,,0,,,,220207,120645,2896
1975,400.60946130752563,2026-03-06T12:50:58.494768,120.68,0.0,11.34,15.35,13.02,0.0,0.0,177.91,5.03,-1.841,-1.842,STRAIGHT,1.5,1.5,"CMD,-1.8,1.50",2.846,-0.0443,2.828,-0.178,1,0.9556,0,NORMAL,44.798,-0.25,1,1,1,1,1,224.7,63,11,dijkstra,fallback_centerline,0.39913,0,,,,,,0,,,,215819,119458,2836
1976,400.8145761489868,2026-03-06T12:50:58.699883,116.17,0.0,8.42,26.13,12.98,0.0,0.0,183.02,5.02,-1.835,-1.841,STRAIGHT,1.5,1.5,"CMD,-1.8,1.50",2.837,-0.0443,2.818,-0.176,1,0.9544,0,NORMAL,43.467,-0.27,1,1,1,1,1,224.7,184,14,dijkstra,fallback_centerline,0.40153,0,,,,,,0,,,,212061,120139,3543
1977,401.0189995765686,2026-03-06T12:50:58.904307,116.04,0.0,9.55,26.63,14.3,0.0,0.0,184.11,5.02,-1.836,-1.836,STRAIGHT,1.5,1.5,"CMD,-1.8,1.50",2.82,-0.0446,2.801,-0.176,1,0.9504,0,NORMAL,43.827,-0.271,1,1,1,1,1,224.7,143,11,dijkstra,fallback_centerline,0.39512,0,,,,,,0,,,,207012,118251,3175
1978,401.22128796577454,2026-03-06T12:50:59.106595,115.99,0.0,9.09,24.52,14.02,0.0,0.0,181.24,5.02,-1.815,-1.835,STRAIGHT,1.5,1.5,"CMD,-1.8,1.50",2.852,-0.043,2.833,-0.173,1,0.9468,0,NORMAL,45.022,-0.278,1,1,1,1,1,224.8,123,15,dijkstra,fallback_centerline,0.39322,0,,,,,,0,,,,203089,117682,3139
1979,401.41562485694885,2026-03-06T12:50:59.300932,118.16,0.0,8.65,14.7,13.75,0.0,0.0,173.7,5.04,-1.79,-1.815,STRAIGHT,1.5,1.5,"CMD,-1.8,1.50",2.869,-0.0422,2.851,-0.172,1,0.9471,0,NORMAL,45.47,-0.264,1,1,1,1,1,224.8,64,10,dijkstra,fallback_centerline,0.39591,0,,,,,,0,,,,204999,118527,2733
1980,401.6147005558014,2026-03-06T12:50:59.500008,120.64,0.0,9.61,16.86,14.95,0.0,0.0,178.99,5.04,-1.745,-1.79,STRAIGHT,1.5,1.5,"CMD,-1.8,1.50",2.923,-0.0402,2.907,-0.17,1,0.9505,0,NORMAL,45.625,-0.264,1,1,1,1,1,224.8,70,8,dijkstra,fallback_centerline,0.40269,0,,,,,,0,,,,208910,120433,2680
1981,401.82069396972656,2026-03-06T12:50:59.706001,116.13,0.0,9.04,26.83,14.21,0.0,0.0,186.01,5.03,-1.71,-1.745,STRAIGHT,1.5,1.5,"CMD,-1.7,1.50",2.891,-0.0398,2.874,-0.165,1,0.9545,0,NORMAL,45.899,-0.264,1,1,1,1,1,224.9,155,14,dijkstra,fallback_centerline,0.41033,0,,,,,,0,,,,210463,122834,3452
1982,402.0312089920044,2026-03-06T12:50:59.916516,120.06,0.0,8.93,28.63,13.18,0.0,0.0,188.82,5.02,-1.707,-1.71,STRAIGHT,1.5,1.5,"CMD,-1.7,1.50",2.863,-0.0412,2.846,-0.167,1,0.9553,0,NORMAL,46.419,-0.23,1,1,1,1,1,224.8,160,15,dijkstra,fallback_centerline,0.40872,0,,,,,,0,,,,209253,122306,3358
1983,402.24138474464417,2026-03-06T12:51:00.126692,119.21,0.0,9.17,29.65,13.7,0.0,0.0,189.98,5.02,-1.704,-1.707,STRAIGHT,1.5,1.5,"CMD,-1.7,1.50",2.863,-0.0412,2.846,-0.167,1,0.9638,0,NORMAL,47.353,-0.251,1,1,1,1,1,224.8,178,16,dijkstra,fallback_centerline,0.4056,0,,,,,,0,,,,206076,121413,3407
1984,402.434419631958,2026-03-06T12:51:00.319727,114.21,0.0,8.05,17.5,14.22,0.0,0.5,172.63,5.03,-1.693,-1.704,STRAIGHT,1.5,1.5,"CMD,-1.7,1.50",2.896,-0.0405,2.88,-0.169,1,0.9657,0,NORMAL,47.797,-0.249,1,1,1,1,1,224.8,80,8,dijkstra,fallback_centerline,0.40331,0,,,,,,0,,,,202369,120661,2649
1985,402.64623284339905,2026-03-06T12:51:00.531540,120.36,0.0,9.65,28.09,14.54,0.0,0.77,192.26,5.01,-1.711,-1.704,STRAIGHT,1.5,1.5,"CMD,-1.7,1.50",2.861,-0.0423,2.843,-0.172,1,0.9704,0,NORMAL,47.851,-0.232,1,1,1,1,1,224.8,164,12,dijkstra,fallback_centerline,0.40771,0,,,,,,0,,,,200796,121903,3183
1986,402.8520972728729,2026-03-06T12:51:00.737404,116.11,0.0,9.79,26.26,14.32,0.0,0.0,185.79,5.01,-1.731,-1.711,STRAIGHT,1.5,1.5,"CMD,-1.7,1.50",2.839,-0.043,2.821,-0.172,1,0.967,0,NORMAL,48.063,-0.236,1,1,1,1,1,224.8,141,12,dijkstra,fallback_centerline,0.40676,0,,,,,,0,,,,199469,121777,3163
1987,403.05538749694824,2026-03-06T12:51:00.940695,117.65,0.0,8.52,24.18,14.43,0.0,0.0,182.31,5.01,-1.757,-1.731,STRAIGHT,1.5,1.5,"CMD,-1.7,1.50",2.807,-0.0439,2.788,-0.171,1,0.9779,0,NORMAL,48.38,-0.252,1,1,1,1,1,224.8,132,12,dijkstra,fallback_centerline,0.40512,0,,,,,,0,,,,197601,121310,3055
1988,403.25651121139526,2026-03-06T12:51:01.141818,117.95,0.0,9.36,22.99,14.23,0.0,0.0,181.87,5.01,-1.791,-1.757,STRAIGHT,1.5,1.5,"CMD,-1.8,1.50",2.767,-0.0451,2.747,-0.171,1,0.9781,0,NORMAL,48.399,-0.236,1,1,1,1,1,224.8,128,12,dijkstra,fallback_centerline,0.40804,0,,,,,,0,,,,196793,122184,3012
1989,403.4675860404968,2026-03-06T12:51:01.352893,125.7,0.0,8.1,24.57,14.94,0.0,0.0,192.14,5.0,-1.845,-1.791,STRAIGHT,1.5,1.5,"CMD,-1.8,1.50",2.703,-0.0473,2.68,-0.171,1,0.973,0,NORMAL,48.451,-0.236,1,1,1,1,1,224.8,144,13,dijkstra,fallback_centerline,0.40643,0,,,,,,0,,,,196653,121585,3014
1990,403.667706489563,2026-03-06T12:51:01.553014,121.54,0.0,9.04,22.39,9.94,0.0,0.0,180.51,4.99,-1.876,-1.845,STRAIGHT,1.5,1.5,"CMD,-1.8,1.50",2.703,-0.047,2.681,-0.17,1,0.976,0,NORMAL,49.486,-0.243,1,1,1,1,1,224.8,134,10,dijkstra,fallback_centerline,0.40252,0,,,,,,0,,,,195438,120384,2945
1991,403.86751317977905,2026-03-06T12:51:01.752820,120.85,0.0,8.02,18.35,8.93,0.0,0.0,176.66,4.99,-1.896,-1.876,STRAIGHT,1.5,1.5,"CMD,-1.9,1.50",2.719,-0.047,2.698,-0.172,1,0.972,0,NORMAL,49.886,-0.262,1,1,1,1,1,224.8,82,8,dijkstra,fallback_centerline,0.4006,0,,,,,,0,,,,193455,119925,2464
1992,404.07808899879456,2026-03-06T12:51:01.963396,119.3,0.0,8.74,24.63,14.16,0.0,0.0,184.36,4.97,-1.918,-1.896,STRAIGHT,1.5,1.5,"CMD,-1.9,1.50",2.698,-0.0476,2.676,-0.171,1,0.9793,0,NORMAL,49.565,-0.245,1,1,1,1,1,224.7,135,9,dijkstra,fallback_centerline,0.40409,0,,,,,,0,,,,193407,120937,2785
1993,404.28569769859314,2026-03-06T12:51:02.171005,118.72,0.0,11.32,21.31,17.39,0.0,0.0,186.65,4.96,-1.944,-1.918,STRAIGHT,1.5,1.5,"CMD,-1.9,1.50",2.663,-0.0484,2.64,-0.169,1,0.9767,0,NORMAL,49.88,-0.207,1,1,1,1,1,224.7,141,9,dijkstra,fallback_centerline,0.40748,0,,,,,,0,,,,193386,121876,2942
1994,404.49652457237244,2026-03-06T12:51:02.381832,121.99,0.0,9.59,24.34,13.81,0.0,1.02,188.48,4.96,-1.969,-1.944,STRAIGHT,1.5,1.5,"CMD,-1.9,1.50",2.66,-0.049,2.636,-0.171,1,0.9751,0,NORMAL,50.415,-0.167,1,1,1,1,1,224.5,138,11,dijkstra,fallback_centerline,0.41184,0,,,,,,0,,,,192445,123099,2928
1995,404.7001166343689,2026-03-06T12:51:02.585424,117.92,0.0,8.92,22.8,13.49,0.0,0.0,183.51,4.95,-1.986,-1.969,STRAIGHT,1.5,1.5,"CMD,-2.0,1.50",2.65,-0.049,2.625,-0.169,1,0.9755,0,NORMAL,51.654,-0.158,1,1,1,1,1,224.6,117,9,dijkstra,fallback_centerline,0.40843,0,,,,,,0,,,,191130,122063,2628
1996,404.9057173728943,2026-03-06T12:51:02.791024,119.9,0.0,9.24,20.44,13.91,0.0,1.01,187.51,4.94,-1.999,-1.986,STRAIGHT,1.5,1.5,"CMD,-2.0,1.50",2.641,-0.0492,2.616,-0.169,1,0.9793,0,NORMAL,51.175,-0.125,1,1,1,1,1,224.6,114,9,dijkstra,fallback_centerline,0.40886,0,,,,,,0,,,,191659,122364,2706
1997,405.1122841835022,2026-03-06T12:51:02.997591,124.41,0.0,8.39,22.83,13.95,0.0,0.0,187.36,4.93,-2.024,-1.999,STRAIGHT,1.5,1.5,"CMD,-2.0,1.50",2.635,-0.0503,2.61,-0.172,1,0.9767,0,NORMAL,51.628,-0.098,1,1,1,1,1,224.3,124,8,dijkstra,fallback_centerline,0.4106,0,,,,,,0,,,,190835,122994,2732
1998,405.313871383667,2026-03-06T12:51:03.199179,119.65,0.0,9.51,20.87,13.46,0.0,0.0,181.1,4.93,-2.043,-2.024,STRAIGHT,1.5,1.5,"CMD,-2.0,1.50",2.633,-0.0505,2.608,-0.172,1,0.9768,0,NORMAL,51.258,-0.124,1,1,1,1,1,224.3,104,11,dijkstra,fallback_centerline,0.41783,0,,,,,,0,,,,191656,125189,2720
1999,405.5297017097473,2026-03-06T12:51:03.415009,122.08,0.0,9.05,32.09,12.89,0.0,0.0,196.01,4.92,-2.057,-2.043,STRAIGHT,1.5,1.5,"CMD,-2.0,1.50",2.658,-0.0505,2.634,-0.176,1,0.9725,0,NORMAL,51.364,-0.11,1,1,1,1,1,224.3,189,14,dijkstra,fallback_centerline,0.42186,0,,,,,,0,,,,191878,126203,3591
2000,405.7340795993805,2026-03-06T12:51:03.619387,119.85,0.0,9.29,19.46,15.11,0.0,1.5,183.27,4.91,-2.063,-2.057,STRAIGHT,1.5,1.5,"CMD,-2.1,1.50",2.681,-0.0503,2.658,-0.178,1,0.9769,0,NORMAL,51.237,-0.1,1,1,1,1,1,224.3,107,12,dijkstra,fallback_centerline,0.42308,0,,,,,,0,,,,191585,126615,3030
2001,405.93752002716064,2026-03-06T12:51:03.822827,124.85,0.0,9.01,19.82,13.76,0.0,0.0,182.63,4.9,-2.076,-2.063,STRAIGHT,1.5,1.5,"CMD,-2.1,1.50",2.659,-0.0509,2.635,-0.178,1,0.9767,0,NORMAL,51.68,-0.095,1,1,1,1,1,224.1,99,12,dijkstra,fallback_centerline,0.42186,0,,,,,,0,,,,191758,126156,3124
2002,406.13753938674927,2026-03-06T12:51:04.022846,119.66,0.0,7.64,20.65,13.43,0.0,1.02,180.04,4.9,-2.083,-2.076,STRAIGHT,1.5,1.5,"CMD,-2.1,1.50",2.67,-0.0509,2.646,-0.179,1,0.9778,0,NORMAL,51.843,-0.078,1,1,1,1,1,224.2,99,12,dijkstra,fallback_centerline,0.42244,0,,,,,,0,,,,191667,126412,3067
2003,406.33599400520325,2026-03-06T12:51:04.221301,119.98,0.0,8.39,16.4,14.62,0.0,0.0,178.83,4.9,-2.089,-2.083,STRAIGHT,1.5,1.5,"CMD,-2.1,1.50",2.671,-0.0509,2.647,-0.179,1,0.9772,0,NORMAL,51.779,-0.034,1,1,1,1,1,224.2,78,12,dijkstra,fallback_centerline,0.42399,0,,,,,,0,,,,190918,126836,2919
2004,406.5354964733124,2026-03-06T12:51:04.420804,121.34,0.0,9.62,17.19,13.58,0.0,0.0,178.39,4.89,-2.096,-2.089,STRAIGHT,1.5,1.5,"CMD,-2.1,1.50",2.671,-0.0512,2.647,-0.18,1,0.9775,0,NORMAL,50.825,-0.022,1,1,1,1,1,223.9,81,11,dijkstra,fallback_centerline,0.4243,0,,,,,,0,,,,191364,127011,2748
2005,406.73863697052,2026-03-06T12:51:04.623944,119.76,0.0,9.67,19.06,13.9,0.0,0.0,179.99,4.9,-2.103,-2.096,STRAIGHT,1.5,1.5,"CMD,-2.1,1.50",2.67,-0.0513,2.646,-0.181,1,0.9765,0,NORMAL,50.24,-0.041,1,1,1,1,1,223.9,87,9,dijkstra,fallback_centerline,0.42246,0,,,,,,0,,,,190604,126372,2771
2006,406.93703985214233,2026-03-06T12:51:04.822347,116.71,0.0,10.13,17.37,14.84,0.0,0.0,177.92,4.9,-2.109,-2.103,STRAIGHT,1.5,1.5,"CMD,-2.1,1.50",2.671,-0.0514,2.647,-0.181,1,0.9773,0,NORMAL,49.95,-0.069,1,1,1,1,1,223.9,86,11,dijkstra,fallback_centerline,0.42132,0,,,,,,0,,,,189704,125975,3067
2007,407.13070797920227,2026-03-06T12:51:05.016015,115.35,0.0,8.61,18.88,13.99,0.0,0.0,173.17,4.91,-2.113,-2.109,STRAIGHT,1.5,1.5,"CMD,-2.1,1.50",2.673,-0.0515,2.649,-0.181,1,0.9764,0,NORMAL,49.19,-0.105,1,1,1,1,1,223.9,94,6,dijkstra,fallback_centerline,0.41994,0,,,,,,0,,,,189156,125539,2441
2008,407.34210896492004,2026-03-06T12:51:05.227416,123.1,0.0,9.36,26.3,14.59,0.0,0.0,190.49,4.89,-2.123,-2.113,STRAIGHT,1.5,1.5,"CMD,-2.1,1.50",2.691,-0.052,2.667,-0.186,1,0.9762,0,NORMAL,48.991,-0.125,1,1,1,1,1,224.0,158,7,dijkstra,fallback_centerline,0.4201,0,,,,,,0,,,,188097,125618,2742
2009,407.5390362739563,2026-03-06T12:51:05.424343,117.89,0.0,9.32,18.42,13.66,0.0,0.0,177.24,4.9,-2.139,-2.123,STRAIGHT,1.5,1.5,"CMD,-2.1,1.50",2.681,-0.0526,2.657,-0.187,1,0.9726,0,NORMAL,49.094,-0.162,1,1,1,1,1,224.1,88,4,dijkstra,fallback_centerline,0.41244,0,,,,,,0,,,,186770,123367,2206
2010,407.741806268692,2026-03-06T12:51:05.627113,121.77,0.0,10.18,18.55,14.16,0.0,0.0,182.78,4.9,-2.153,-2.139,STRAIGHT,1.5,1.5,"CMD,-2.1,1.50",2.672,-0.0529,2.648,-0.186,1,0.9725,0,NORMAL,48.807,-0.177,1,1,1,1,1,224.0,93,7,dijkstra,fallback_centerline,0.4143,0,,,,,,0,,,,185997,123990,2446
2011,407.95032024383545,2026-03-06T12:51:05.835627,118.24,0.0,8.04,26.66,14.02,0.0,0.0,188.14,4.9,-2.162,-2.153,STRAIGHT,1.5,1.5,"CMD,-2.2,1.50",2.674,-0.0529,2.65,-0.187,1,0.9693,0,NORMAL,47.272,-0.178,1,1,1,1,1,224.2,157,7,dijkstra,fallback_centerline,0.42048,0,,,,,,0,,,,185659,125756,2723
2012,408.14221811294556,2026-03-06T12:51:06.027525,116.95,0.0,8.17,15.7,12.67,0.0,0.0,174.32,4.91,-2.178,-2.162,STRAIGHT,1.5,1.5,"CMD,-2.2,1.50",2.668,-0.0536,2.643,-0.188,1,0.9658,0,NORMAL,47.117,-0.161,1,1,1,1,1,224.0,82,9,dijkstra,fallback_centerline,0.41562,0,,,,,,0,,,,184412,124216,2362
2013,408.3415551185608,2026-03-06T12:51:06.226862,119.13,0.0,9.55,18.81,13.02,0.0,0.0,179.41,4.91,-2.19,-2.178,STRAIGHT,1.5,1.5,"CMD,-2.2,1.50",2.675,-0.0537,2.651,-0.19,1,0.9658,0,NORMAL,46.972,-0.177,1,1,1,1,1,224.1,90,13,dijkstra,fallback_centerline,0.41295,0,,,,,,0,,,,183332,123602,2788
2014,408.5349473953247,2026-03-06T12:51:06.420255,116.92,0.0,9.16,14.18,14.09,0.0,0.0,173.68,4.92,-2.199,-2.19,STRAIGHT,1.5,1.5,"CMD,-2.2,1.50",2.684,-0.0537,2.66,-0.191,1,0.9689,0,NORMAL,46.686,-0.163,1,1,1,1,1,224.1,76,5,dijkstra,fallback_centerline,0.412,0,,,,,,0,,,,183862,123321,2175
2015,408.7376446723938,2026-03-06T12:51:06.622952,120.72,0.0,8.67,19.76,14.74,0.0,0.0,182.66,4.93,-2.249,-2.199,STRAIGHT,1.5,1.5,"CMD,-2.2,1.50",2.912,-0.057,2.511,-0.181,1,0.9507,0,NORMAL,47.064,-0.216,1,1,1,1,2,128.8,97,8,dijkstra,graph,0.40583,0,,,,,,0,,,,178097,121559,2554
2016,408.94559812545776,2026-03-06T12:51:06.830905,123.7,0.0,9.01,19.13,13.88,0.0,0.0,186.42,4.92,-2.221,-2.221,STRAIGHT,1.5,1.5,"CMD,-2.2,1.50",2.64,-0.0525,2.614,-0.18,1,0.9454,0,NORMAL,46.377,-0.206,1,1,1,1,1,224.0,94,8,dijkstra,fallback_centerline,0.41988,0,,,,,,0,,,,186922,125467,2631
2017,409.1550588607788,2026-03-06T12:51:07.040366,119.6,0.0,9.04,27.26,12.79,0.0,1.32,187.99,4.92,-2.212,-2.221,STRAIGHT,1.5,1.5,"CMD,-2.2,1.50",2.699,-0.0533,2.675,-0.192,1,0.9776,0,NORMAL,46.282,-0.186,1,1,1,1,1,223.5,163,8,dijkstra,fallback_centerline,0.41851,0,,,,,,0,,,,188850,125274,2802
2018,409.360799074173,2026-03-06T12:51:07.246106,119.5,0.0,8.01,26.04,14.37,0.0,0.0,185.96,4.92,-2.213,-2.213,STRAIGHT,1.5,1.5,"CMD,-2.2,1.50",2.725,-0.0537,2.702,-0.197,1,0.9824,0,NORMAL,47.703,-0.224,1,1,1,1,1,223.4,161,12,dijkstra,fallback_centerline,0.4164,0,,,,,,0,,,,188357,124645,2859
2019,409.5601568222046,2026-03-06T12:51:07.445464,120.76,0.0,8.85,18.5,14.0,0.0,0.0,179.85,4.92,-2.438,-2.213,STRAIGHT,1.5,1.5,"CMD,-2.2,1.50",2.461,-0.0701,2.329,-0.191,1,0.9817,0,NORMAL,48.307,-0.209,1,1,1,1,2,121.7,82,9,dijkstra,graph,0.41591,0,,,,,,0,,,,187508,124408,2393
2020,409.7606475353241,2026-03-06T12:51:07.645955,118.46,0.0,8.97,17.65,14.21,0.0,0.0,179.41,4.92,-2.588,-2.438,STRAIGHT,1.5,1.5,"CMD,-2.4,1.50",2.461,-0.0701,2.329,-0.191,1,0.9814,0,NORMAL,49.536,-0.212,1,1,1,1,2,121.7,102,9,dijkstra,graph,0.41855,0,,,,,,0,,,,189007,125179,2421
2021,409.96499514579773,2026-03-06T12:51:07.850302,120.21,0.0,9.85,20.67,14.33,0.0,0.0,184.2,4.93,-2.688,-2.588,STRAIGHT,1.5,1.5,"CMD,-2.6,1.50",2.461,-0.0701,2.329,-0.191,1,0.9832,0,NORMAL,50.139,-0.209,1,1,1,1,2,121.7,115,9,dijkstra,graph,0.41909,0,,,,,,0,,,,189780,125255,2755
2022,410.1640245914459,2026-03-06T12:51:08.049332,120.6,0.0,8.1,18.94,11.51,0.0,1.5,179.33,4.93,-2.755,-2.688,STRAIGHT,1.5,1.5,"CMD,-2.7,1.50",2.461,-0.0701,2.329,-0.191,1,0.9801,0,NORMAL,50.243,-0.186,1,1,1,1,2,121.7,99,8,dijkstra,graph,0.42963,0,,,,,,0,,,,190639,128501,2577
2023,410.367449760437,2026-03-06T12:51:08.252757,117.09,0.0,9.3,28.16,11.77,0.0,0.0,183.73,4.94,-2.568,-2.688,STRAIGHT,1.5,1.5,"CMD,-2.7,1.50",2.791,-0.0532,2.769,-0.205,1,0.9811,0,NORMAL,51.145,-0.198,1,1,1,1,1,223.6,169,9,dijkstra,fallback_centerline,0.42486,0,,,,,,0,,,,190000,127007,3300
2024,410.56734466552734,2026-03-06T12:51:08.452652,121.87,0.0,8.11,19.52,9.15,0.0,0.0,177.32,4.94,-2.441,-2.568,STRAIGHT,1.5,1.5,"CMD,-2.6,1.50",2.777,-0.053,2.754,-0.202,1,0.9813,0,NORMAL,50.879,-0.191,1,1,1,1,1,223.4,96,7,dijkstra,fallback_centerline,0.42694,0,,,,,,0,,,,190839,127734,3027
2025,410.78487396240234,2026-03-06T12:51:08.670181,122.74,0.0,12.61,22.14,16.48,0.0,0.0,190.24,4.93,-2.385,-2.441,STRAIGHT,1.5,1.5,"CMD,-2.4,1.50",2.651,-0.0552,2.626,-0.191,1,0.9778,0,NORMAL,51.805,-0.175,1,1,1,1,1,223.3,130,10,dijkstra,fallback_centerline,0.43601,0,,,,,,0,,,,191859,130380,2829
2026,410.9912226200104,2026-03-06T12:51:08.876530,121.48,0.0,9.38,19.94,13.47,0.0,1.01,184.72,4.93,-2.366,-2.385,STRAIGHT,1.5,1.5,"CMD,-2.4,1.50",2.584,-0.0565,2.556,-0.185,1,0.9774,0,NORMAL,52.756,-0.176,1,1,1,1,1,223.1,100,5,dijkstra,fallback_centerline,0.43459,0,,,,,,0,,,,191702,129999,2261
2027,411.191956281662,2026-03-06T12:51:09.077263,120.26,0.0,8.52,19.73,14.28,0.0,0.0,181.36,4.93,-2.359,-2.366,STRAIGHT,1.5,1.5,"CMD,-2.4,1.50",2.539,-0.0569,2.509,-0.18,1,0.98,0,NORMAL,53.11,-0.16,1,1,1,1,1,223.4,102,6,dijkstra,fallback_centerline,0.43579,0,,,,,,0,,,,192327,130457,2280
2028,411.3990087509155,2026-03-06T12:51:09.284316,123.52,0.0,8.96,21.23,13.64,0.0,0.0,186.53,4.94,-2.361,-2.361,STRAIGHT,1.5,1.5,"CMD,-2.4,1.50",2.532,-0.0573,2.502,-0.18,1,0.9815,0,NORMAL,53.083,-0.13,1,1,1,1,1,223.3,108,7,dijkstra,fallback_centerline,0.43818,0,,,,,,0,,,,193294,131132,2402
2029,411.5967552661896,2026-03-06T12:51:09.482062,117.62,0.0,8.57,18.15,13.95,0.0,0.0,176.81,4.95,-2.463,-2.361,STRAIGHT,1.5,1.5,"CMD,-2.4,1.50",2.662,-0.0647,2.42,-0.191,1,0.982,0,NORMAL,52.549,-0.11,1,1,1,1,2,126.3,89,5,dijkstra,graph,0.4382,0,,,,,,0,,,,194378,131157,2307
2030,411.80762100219727,2026-03-06T12:51:09.692928,128.6,0.0,9.64,18.19,13.84,0.0,0.0,188.77,4.94,-2.364,-2.364,STRAIGHT,1.5,1.5,"CMD,-2.4,1.50",2.628,-0.0525,2.602,-0.179,1,0.9865,0,NORMAL,52.262,-0.112,1,1,1,1,1,223.0,82,8,dijkstra,fallback_centerline,0.43936,0,,,,,,0,,,,194729,131411,2387
2031,412.0077087879181,2026-03-06T12:51:09.893016,117.7,0.0,7.71,18.7,13.68,0.0,0.0,176.98,4.94,-2.466,-2.463,STRAIGHT,1.5,1.5,"CMD,-2.5,1.50",2.662,-0.0647,2.42,-0.191,1,0.9853,0,NORMAL,51.619,-0.098,1,1,1,1,2,126.3,89,8,dijkstra,graph,0.43473,0,,,,,,0,,,,194511,130066,2627
2032,412.21142983436584,2026-03-06T12:51:10.096737,123.7,0.0,8.51,18.02,14.69,0.0,0.0,183.78,4.94,-2.34,-2.364,STRAIGHT,1.5,1.5,"CMD,-2.4,1.50",2.718,-0.0506,2.695,-0.185,1,0.9816,0,NORMAL,50.748,-0.019,1,1,1,1,1,223.9,91,4,dijkstra,fallback_centerline,0.43269,0,,,,,,0,,,,194220,129481,2351
2033,412.41709780693054,2026-03-06T12:51:10.302405,118.75,0.0,9.07,24.82,13.43,0.0,0.0,184.23,4.93,-2.267,-2.34,STRAIGHT,1.5,1.5,"CMD,-2.3,1.50",2.692,-0.0515,2.668,-0.184,1,0.9754,0,NORMAL,50.781,-0.068,1,1,1,1,1,224.0,129,6,dijkstra,fallback_centerline,0.44043,0,,,,,,0,,,,195775,131690,2659
2034,412.61986470222473,2026-03-06T12:51:10.505172,120.86,0.0,8.25,19.15,14.24,0.0,0.0,181.2,4.93,-2.135,-2.267,STRAIGHT,1.5,1.5,"CMD,-2.3,1.50",3.05,-0.0454,2.466,-0.138,1,0.978,0,NORMAL,50.3,-0.097,1,1,1,1,2,127.7,94,4,dijkstra,graph,0.44455,0,,,,,,0,,,,196445,133000,2303
2035,412.833669424057,2026-03-06T12:51:10.718976,130.1,0.0,9.36,19.74,14.29,0.0,1.05,193.83,4.92,-2.047,-2.135,STRAIGHT,1.5,1.5,"CMD,-2.1,1.50",3.05,-0.0454,2.466,-0.138,1,0.9803,0,NORMAL,50.364,-0.056,1,1,1,1,2,127.7,96,5,dijkstra,graph,0.44905,0,,,,,,0,,,,197830,134377,2342
2036,413.03891372680664,2026-03-06T12:51:10.924221,122.05,0.0,10.02,18.83,14.38,0.0,0.0,184.52,4.91,-1.79,-2.047,STRAIGHT,1.5,1.5,"CMD,-2.0,1.50",3.276,-0.0309,2.42,-0.091,1,0.9799,0,NORMAL,49.334,-0.03,1,1,1,1,2,124.4,95,5,dijkstra,graph,0.4482,0,,,,,,0,,,,197500,134133,2353
2037,413.2402548789978,2026-03-06T12:51:11.125562,122.04,0.0,10.37,16.9,14.15,0.0,0.0,181.38,4.92,-1.618,-1.79,STRAIGHT,1.5,1.5,"CMD,-1.8,1.50",3.276,-0.0309,2.42,-0.091,1,0.9789,0,NORMAL,48.942,-0.033,1,1,1,1,2,124.4,92,5,dijkstra,graph,0.44864,0,,,,,,0,,,,197149,134340,2338
2038,413.4439785480499,2026-03-06T12:51:11.329286,125.25,0.0,9.02,18.11,13.94,0.0,0.0,183.46,4.91,-1.504,-1.618,STRAIGHT,1.5,1.5,"CMD,-1.6,1.50",3.276,-0.0309,2.42,-0.091,1,0.9782,0,NORMAL,49.341,-0.031,1,1,1,1,2,124.4,91,7,dijkstra,graph,0.4482,0,,,,,,0,,,,196924,134049,2356
2039,413.65150475502014,2026-03-06T12:51:11.536812,113.74,0.0,15.99,27.22,11.71,0.0,0.0,187.25,4.91,-1.647,-1.618,STRAIGHT,1.5,1.5,"CMD,-1.6,1.50",2.555,-0.0469,2.528,-0.15,1,0.9737,0,NORMAL,50.301,0.027,1,1,1,1,1,224.4,173,10,dijkstra,fallback_centerline,0.44961,0,,,,,,0,,,,197500,134474,2976
2040,413.8556845188141,2026-03-06T12:51:11.740991,121.75,0.0,9.46,19.98,14.69,0.0,0.76,187.78,4.91,-1.761,-1.647,STRAIGHT,1.5,1.5,"CMD,-1.6,1.50",2.511,-0.0482,2.482,-0.149,1,0.9735,0,NORMAL,49.378,0.074,1,1,1,1,1,223.4,107,11,dijkstra,fallback_centerline,0.45605,0,,,,,,0,,,,198666,136355,2705
2041,414.05752182006836,2026-03-06T12:51:11.942829,119.97,0.0,8.26,20.81,12.04,0.0,0.0,180.86,4.9,-1.858,-1.761,STRAIGHT,1.5,1.5,"CMD,-1.8,1.50",2.499,-0.0498,2.469,-0.152,1,0.9698,0,NORMAL,48.352,0.027,1,1,1,1,1,223.6,112,8,dijkstra,fallback_centerline,0.4512,0,,,,,,0,,,,197561,134872,2715
2042,414.25908637046814,2026-03-06T12:51:12.144394,117.27,0.0,9.42,24.2,13.32,0.0,0.0,183.51,4.9,-1.94,-1.858,STRAIGHT,1.5,1.5,"CMD,-1.9,1.50",2.527,-0.051,2.498,-0.16,1,0.9704,0,NORMAL,47.335,-0.007,1,1,1,1,1,223.4,133,9,dijkstra,fallback_centerline,0.44616,0,,,,,,0,,,,195951,133452,2701
2043,414.4675419330597,2026-03-06T12:51:12.352849,121.36,0.0,10.07,29.62,9.95,0.0,0.0,188.67,4.89,-2.008,-1.94,STRAIGHT,1.5,1.5,"CMD,-1.9,1.50",2.535,-0.052,2.506,-0.164,1,0.9706,0,NORMAL,46.576,-0.031,1,1,1,1,1,223.0,172,12,dijkstra,fallback_centerline,0.44669,0,,,,,,0,,,,195420,133580,3141
2044,414.6673228740692,2026-03-06T12:51:12.552630,116.94,0.0,9.01,21.66,10.09,0.0,0.0,175.62,4.89,-2.063,-2.008,STRAIGHT,1.5,1.5,"CMD,-2.0,1.50",2.542,-0.0527,2.513,-0.167,1,0.9678,0,NORMAL,46.378,-0.083,1,1,1,1,1,223.1,112,9,dijkstra,fallback_centerline,0.44512,0,,,,,,0,,,,194958,133320,2793
2045,414.86736583709717,2026-03-06T12:51:12.752673,121.12,0.0,9.01,18.12,10.14,0.0,0.0,176.42,4.9,-1.922,-2.008,STRAIGHT,1.5,1.5,"CMD,-2.0,1.50",2.755,-0.0398,2.735,-0.149,1,0.9635,0,NORMAL,46.361,-0.128,1,1,1,1,1,224.9,95,6,dijkstra,fallback_centerline,0.4488,0,,,,,,0,,,,194557,134268,2523
2046,415.07959842681885,2026-03-06T12:51:12.964906,118.92,0.0,10.18,26.23,14.09,0.0,0.0,186.93,4.89,-1.92,-1.922,STRAIGHT,1.5,1.5,"CMD,-1.9,1.50",2.701,-0.0464,2.679,-0.167,1,0.9528,0,NORMAL,47.851,-0.199,1,1,1,1,1,224.5,146,8,dijkstra,fallback_centerline,0.44378,0,,,,,,0,,,,193065,132918,3108
2047,415.2866072654724,2026-03-06T12:51:13.171914,120.93,0.0,9.2,23.35,14.26,0.0,0.0,191.7,4.89,-1.931,-1.922,STRAIGHT,1.5,1.5,"CMD,-1.9,1.50",2.715,-0.0474,2.693,-0.172,1,0.963,0,NORMAL,47.821,-0.182,1,1,1,1,1,223.9,127,9,dijkstra,fallback_centerline,0.4456,0,,,,,,0,,,,192955,133367,3029
2048,415.48969984054565,2026-03-06T12:51:13.375007,119.9,0.0,9.06,20.63,14.23,0.0,0.0,182.69,4.89,-1.911,-1.92,STRAIGHT,1.5,1.5,"CMD,-1.9,1.50",2.768,-0.0454,2.748,-0.172,1,0.9102,0,NORMAL,47.375,-0.154,1,1,1,1,1,224.5,110,9,dijkstra,fallback_centerline,0.43519,0,,,,,,0,,,,179549,130157,2668
2049,415.6950981616974,2026-03-06T12:51:13.580405,130.83,0.0,9.04,16.42,12.54,0.0,0.0,185.09,4.89,-1.879,-1.911,STRAIGHT,1.5,1.5,"CMD,-1.9,1.50",2.778,-0.044,2.758,-0.168,1,0.9617,0,NORMAL,47.212,-0.188,1,1,1,1,1,224.4,73,8,dijkstra,fallback_centerline,0.42643,0,,,,,,0,,,,179966,127718,2411
2050,415.8955225944519,2026-03-06T12:51:13.780830,125.23,0.0,10.11,18.34,9.55,0.0,0.0,182.62,4.89,-1.7,-1.879,STRAIGHT,1.5,1.5,"CMD,-1.9,1.50",2.931,-0.0325,2.917,-0.139,1,0.9635,0,NORMAL,47.253,-0.097,1,1,1,1,1,225.0,80,8,dijkstra,fallback_centerline,0.43952,0,,,,,,0,,,,184423,131668,2826
2051,416.10067772865295,2026-03-06T12:51:13.985985,119.53,0.0,9.73,19.97,14.21,0.0,0.0,181.45,4.88,-1.618,-1.7,STRAIGHT,1.5,1.5,"CMD,-1.7,1.50",2.897,-0.0353,2.881,-0.147,1,0.9142,0,NORMAL,47.528,-0.152,1,1,1,1,1,224.9,93,7,dijkstra,fallback_centerline,0.44341,0,,,,,,0,,,,196594,132679,2637
2052,416.3065969944,2026-03-06T12:51:14.191904,121.11,0.0,11.01,21.16,13.7,0.0,1.03,185.41,4.88,-1.523,-1.618,STRAIGHT,1.5,1.5,"CMD,-1.6,1.50",2.966,-0.0323,2.952,-0.141,1,0.9703,0,NORMAL,47.633,-0.196,1,1,1,1,1,224.8,103,5,dijkstra,fallback_centerline,0.44157,0,,,,,,0,,,,197560,132121,2601
2053,416.5120985507965,2026-03-06T12:51:14.397406,124.74,0.0,8.72,19.1,13.48,0.0,1.0,185.65,4.88,-1.259,-1.523,STRAIGHT,1.5,1.5,"CMD,-1.5,1.50",3.87,-0.0178,2.511,-0.056,1,0.9797,0,NORMAL,47.45,-0.181,1,1,1,1,2,128.1,86,4,dijkstra,graph,0.44101,0,,,,,,0,,,,198492,131841,2254
2054,416.72146248817444,2026-03-06T12:51:14.606770,124.79,0.0,8.7,22.08,13.68,0.0,0.0,188.45,4.89,-1.138,-1.259,STRAIGHT,1.5,1.5,"CMD,-1.3,1.50",3.178,-0.0217,3.168,-0.109,1,0.9772,0,NORMAL,47.233,-0.216,1,1,1,1,1,224.9,118,11,dijkstra,fallback_centerline,0.44907,0,,,,,,0,,,,199420,134443,2944
2055,416.9324586391449,2026-03-06T12:51:14.817766,126.55,0.0,10.08,20.78,13.63,0.0,1.0,190.63,4.88,-1.047,-1.138,STRAIGHT,1.5,1.5,"CMD,-1.1,1.50",3.146,-0.0209,3.136,-0.103,1,0.9799,0,NORMAL,46.824,-0.21,1,1,1,1,1,224.9,107,9,dijkstra,fallback_centerline,0.4506,0,,,,,,0,,,,200620,134911,2597
2056,417.1377773284912,2026-03-06T12:51:15.023084,121.6,0.0,9.6,21.04,14.04,0.0,0.0,185.43,4.88,-0.998,-1.047,STRAIGHT,1.5,1.5,"CMD,-1.0,1.50",3.123,-0.0218,3.113,-0.106,1,0.9735,0,NORMAL,46.777,-0.244,1,1,1,1,1,224.9,103,9,dijkstra,fallback_centerline,0.44607,0,,,,,,0,,,,200483,133576,2665
