frame_id,timestamp,wall_clock,t_segmentation,t_detection,t_bev,t_skeleton,t_pathfinding,t_gps_fusion,t_command,t_total_pipeline,fps,heading_raw_deg,heading_smoothed_deg,command,speed_raw_mps,speed_smoothed_mps,serial_cmd,pp_lookahead_m,pp_kappa_cmd_m_inv,pp_target_x_m,pp_target_y_m,pp_valid_path,seg_iou,seg_unstable_frames,stability_mode,stab_corr_px,stab_corr_deg,has_candidate_path,has_model_path,has_control_path,has_path,num_paths,best_path_length_px,num_graph_nodes,num_graph_edges,planner_mode,path_source,bev_mask_occ_ratio,num_detections,min_obstacle_dist_m,detection_classes,detection_distances,gps_lat,gps_lon,gps_fix_quality,gps_wp_name,gps_wp_dist_m,gps_correction_deg,sidewalk_mask_pixels,bev_mask_pixels,skeleton_pixels
0,0.2953472137451172,2026-03-06T01:43:17.190735,126.8,0.0,10.01,14.44,10.05,0.0,0.0,183.83,0.0,0.1,0.1,STRAIGHT,1.5,1.5,"CMD,0.1,1.50",4.0,0.0072,2.511,0.023,1,1.0,0,NORMAL,0.0,0.0,1,1,1,1,1,125.6,123,12,dijkstra,graph,0.62973,0,,,,,,0,,,,285973,188320,4543
1,0.4856870174407959,2026-03-06T01:43:17.381075,104.32,0.0,10.09,27.78,0.0,0.0,0.0,169.61,5.25,0.166,0.133,STRAIGHT,1.5,1.5,"CMD,0.1,1.50",4.0,0.0072,2.511,0.023,1,0.9494,0,NORMAL,2.595,-0.068,1,1,1,1,1,125.6,116,9,dijkstra,graph,0.61686,0,,,,,,0,,,,275006,184570,4359
2,0.6724486351013184,2026-03-06T01:43:17.567837,112.59,0.0,8.01,22.03,0.0,0.0,0.0,164.73,5.3,0.21,0.166,STRAIGHT,1.5,1.5,"CMD,0.2,1.50",4.0,0.0072,2.511,0.023,1,0.9539,0,NORMAL,6.142,-0.139,1,1,1,1,1,125.6,115,11,dijkstra,graph,0.62388,0,,,,,,0,,,,282699,186629,4203
3,0.8506479263305664,2026-03-06T01:43:17.746036,107.15,0.0,10.21,20.79,0.0,0.0,0.0,154.17,5.4,0.24,0.21,STRAIGHT,1.5,1.5,"CMD,0.2,1.50",4.0,0.0072,2.511,0.023,1,0.9759,0,NORMAL,8.447,-0.095,1,1,1,1,1,125.6,120,10,dijkstra,graph,0.6263,0,,,,,,0,,,,283233,187447,4348
4,1.033785343170166,2026-03-06T01:43:17.929173,112.9,0.0,7.75,16.23,0.0,0.0,0.0,162.91,5.42,0.259,0.24,STRAIGHT,1.5,1.5,"CMD,0.2,1.50",4.0,0.0072,2.511,0.023,1,0.968,0,NORMAL,9.224,-0.087,1,1,1,1,1,125.6,111,11,dijkstra,graph,0.61254,0,,,,,,0,,,,276198,183373,4280
5,1.2246980667114258,2026-03-06T01:43:18.120086,111.42,0.0,10.05,26.26,2.0,0.0,0.0,170.47,5.38,0.273,0.259,STRAIGHT,1.5,1.5,"CMD,0.3,1.50",4.0,0.0072,2.511,0.023,1,0.9631,0,NORMAL,11.876,-0.009,1,1,1,1,1,125.6,111,9,dijkstra,graph,0.61448,0,,,,,,0,,,,279873,183773,4291
6,1.400691270828247,2026-03-06T01:43:18.296080,107.9,0.0,6.01,22.03,2.0,0.0,0.0,155.97,5.43,0.281,0.273,STRAIGHT,1.5,1.5,"CMD,0.3,1.50",4.0,0.0072,2.511,0.023,1,0.9653,0,NORMAL,15.547,0.029,1,1,1,1,1,125.6,119,10,dijkstra,graph,0.62316,0,,,,,,0,,,,281026,186440,4537
7,1.5802021026611328,2026-03-06T01:43:18.475590,109.29,0.0,8.01,20.09,2.0,0.0,0.0,157.42,5.45,0.291,0.281,STRAIGHT,1.5,1.5,"CMD,0.3,1.50",4.0,0.0075,2.466,0.023,1,0.9705,0,NORMAL,19.901,0.066,1,1,1,1,1,123.3,118,10,dijkstra,graph,0.62233,0,,,,,,0,,,,278841,186187,4238
8,1.7614076137542725,2026-03-06T01:43:18.656796,111.18,0.0,8.01,24.03,2.0,0.0,0.0,163.18,5.46,0.293,0.291,STRAIGHT,1.5,1.5,"CMD,0.3,1.50",4.0,0.0072,2.511,0.023,1,0.9549,0,NORMAL,22.382,0.153,1,1,1,1,1,125.6,119,11,dijkstra,graph,0.60928,0,,,,,,0,,,,269374,182274,4316
9,1.9325706958770752,2026-03-06T01:43:18.827959,106.28,0.0,8.02,20.56,0.0,0.0,0.0,151.09,5.5,0.295,0.293,STRAIGHT,1.5,1.5,"CMD,0.3,1.50",4.0,0.0072,2.511,0.023,1,0.9574,0,NORMAL,22.308,0.191,1,1,1,1,1,125.6,100,8,dijkstra,graph,0.61715,0,,,,,,0,,,,275216,184743,4377
10,2.1207175254821777,2026-03-06T01:43:19.016106,109.42,0.0,10.42,20.16,2.0,0.0,0.0,167.88,5.48,0.293,0.293,STRAIGHT,1.5,1.5,"CMD,0.3,1.50",4.0,0.007,2.557,0.023,1,0.9126,0,NORMAL,24.093,0.198,1,1,1,1,1,127.9,123,13,dijkstra,graph,0.58798,0,,,,,,0,,,,254195,175828,4051
11,2.2979023456573486,2026-03-06T01:43:19.193291,109.06,0.0,8.01,14.02,0.0,0.0,0.0,147.11,5.52,0.288,0.293,STRAIGHT,1.5,1.5,"CMD,0.3,1.50",4.0,0.0067,2.603,0.023,1,0.9187,0,NORMAL,26.949,0.151,1,1,1,1,1,130.1,129,8,dijkstra,graph,0.60043,0,,,,,,0,,,,268445,179472,3907
12,2.4898922443389893,2026-03-06T01:43:19.385280,116.94,0.0,0.0,30.57,0.0,0.0,0.0,181.9,5.47,0.285,0.288,STRAIGHT,1.5,1.5,"CMD,0.3,1.50",4.0,0.0067,2.603,0.023,1,0.9053,0,NORMAL,27.608,-0.033,1,1,1,1,1,130.1,211,11,dijkstra,graph,0.66244,0,,,,,,0,,,,290871,198202,5293
13,2.6695027351379395,2026-03-06T01:43:19.564891,103.15,0.0,10.24,24.51,0.0,0.0,2.0,159.49,5.48,0.282,0.285,STRAIGHT,1.5,1.5,"CMD,0.3,1.50",4.0,0.0067,2.603,0.023,1,0.9772,0,NORMAL,27.28,-0.129,1,1,1,1,1,130.1,120,9,dijkstra,graph,0.67318,0,,,,,,0,,,,290413,201307,4840
14,2.867062568664551,2026-03-06T01:43:19.762451,114.7,0.0,7.66,38.05,2.0,0.0,0.0,181.54,5.44,0.281,0.282,STRAIGHT,1.5,1.5,"CMD,0.3,1.50",4.0,0.0067,2.603,0.023,1,0.9651,0,NORMAL,27.009,-0.247,1,1,1,1,1,130.1,213,9,dijkstra,graph,0.6795,0,,,,,,0,,,,292563,203381,5361
15,3.0493221282958984,2026-03-06T01:43:19.944710,113.32,0.0,8.01,26.42,0.0,0.0,0.0,163.77,5.45,0.283,0.282,STRAIGHT,1.5,1.5,"CMD,0.3,1.50",4.0,0.007,2.557,0.023,1,0.9677,0,NORMAL,28.283,-0.337,1,1,1,1,1,127.9,218,10,dijkstra,graph,0.68105,0,,,,,,0,,,,291729,203631,5308
16,3.241079807281494,2026-03-06T01:43:20.136468,111.78,0.0,8.01,24.56,0.0,0.0,0.0,164.25,5.43,0.288,0.283,STRAIGHT,1.5,1.5,"CMD,0.3,1.50",4.0,0.0072,2.511,0.023,1,0.9523,0,NORMAL,29.803,-0.353,1,1,1,1,1,125.6,211,10,dijkstra,graph,0.68017,0,,,,,,0,,,,290091,203422,5300
17,3.4538350105285645,2026-03-06T01:43:20.349223,112.09,0.0,12.02,40.05,0.0,0.0,2.0,182.2,5.38,0.292,0.288,STRAIGHT,1.5,1.5,"CMD,0.3,1.50",4.0,0.0072,2.511,0.023,1,0.9497,0,NORMAL,30.69,-0.371,1,1,1,1,1,125.6,272,15,dijkstra,graph,0.66163,0,,,,,,0,,,,277277,198097,5598
18,3.6347997188568115,2026-03-06T01:43:20.530188,104.44,0.0,2.0,33.2,0.0,0.0,0.0,162.94,5.39,0.298,0.292,STRAIGHT,1.5,1.5,"CMD,0.3,1.50",4.0,0.0075,2.466,0.023,1,0.9407,0,NORMAL,29.983,-0.402,1,1,1,1,1,123.3,265,13,dijkstra,graph,0.68205,0,,,,,,0,,,,278167,203981,5526
19,3.837860345840454,2026-03-06T01:43:20.733249,111.99,0.0,8.01,36.05,2.0,0.0,0.0,182.48,5.36,0.306,0.298,STRAIGHT,1.5,1.5,"CMD,0.3,1.50",4.0,0.0078,2.42,0.023,1,0.9262,0,NORMAL,30.981,-0.397,1,1,1,1,1,121.0,254,12,dijkstra,graph,0.65376,0,,,,,,0,,,,259192,195593,5349
20,4.03397798538208,2026-03-06T01:43:20.929366,105.56,0.0,10.26,41.73,0.0,0.0,0.0,186.1,5.35,0.315,0.306,STRAIGHT,1.5,1.5,"CMD,0.3,1.50",4.0,0.0081,2.374,0.023,1,0.9044,0,NORMAL,33.188,-0.369,1,1,1,1,1,118.7,272,18,dijkstra,graph,0.68514,0,,,,,,0,,,,281440,204838,5957
21,4.231877088546753,2026-03-06T01:43:21.127265,109.22,0.0,0.0,40.03,0.0,0.0,0.0,176.8,5.33,0.326,0.315,STRAIGHT,1.5,1.5,"CMD,0.3,1.50",4.0,0.0084,2.329,0.023,1,0.9677,0,NORMAL,34.278,-0.344,1,1,1,1,1,116.4,266,18,dijkstra,graph,0.68802,0,,,,,,0,,,,281241,205782,6052
22,4.4236979484558105,2026-03-06T01:43:21.319086,113.37,0.0,4.01,40.31,0.0,0.0,0.0,181.52,5.33,0.333,0.326,STRAIGHT,1.5,1.5,"CMD,0.3,1.50",4.0,0.0084,2.329,0.023,1,0.9541,0,NORMAL,34.987,-0.407,1,1,1,1,1,116.4,239,14,dijkstra,graph,0.68258,0,,,,,,0,,,,271229,204201,5660
23,4.612462997436523,2026-03-06T01:43:21.507851,104.89,0.0,8.58,34.14,2.0,0.0,0.0,168.7,5.33,0.338,0.333,STRAIGHT,1.5,1.5,"CMD,0.3,1.50",4.0,0.0084,2.329,0.023,1,0.9236,0,NORMAL,36.76,-0.43,1,1,1,1,1,116.4,234,13,dijkstra,graph,0.66486,0,,,,,,0,,,,254744,199087,5405
24,4.801199674606323,2026-03-06T01:43:21.696588,100.02,0.0,14.22,25.95,12.01,0.0,0.0,167.97,5.33,0.428,0.338,STRAIGHT,1.5,1.5,"CMD,0.3,1.50",4.0,0.0148,3.993,0.118,1,0.8078,0,NORMAL,40.886,-0.509,1,1,1,1,1,224.9,139,18,dijkstra,fallback_centerline,0.60196,0,,,,,,0,,,,206638,180651,4515
25,4.981081008911133,2026-03-06T01:43:21.876469,115.77,0.0,10.04,16.03,2.0,0.0,0.0,161.86,5.34,0.669,0.428,STRAIGHT,1.5,1.5,"CMD,0.4,1.50",4.0,0.0279,1.279,0.023,1,0.8468,0,NORMAL,44.675,-0.713,1,1,1,1,1,63.9,78,15,dijkstra,graph,0.59432,0,,,,,,0,,,,194308,178371,3669
26,5.159891605377197,2026-03-06T01:43:22.055280,113.13,0.0,7.01,20.43,2.0,0.0,0.0,160.79,5.34,0.567,0.567,STRAIGHT,1.5,1.5,"CMD,0.6,1.50",4.0,0.0088,2.283,0.023,1,0.7595,0,NORMAL,45.365,-0.528,1,1,1,1,1,114.2,89,15,dijkstra,graph,0.60738,0,,,,,,0,,,,228521,181941,4065
27,5.331376791000366,2026-03-06T01:43:22.226765,100.58,0.0,14.24,18.51,2.0,0.0,0.0,153.46,5.36,0.508,0.567,STRAIGHT,1.5,1.5,"CMD,0.6,1.50",4.0,0.0095,2.192,0.023,1,0.8984,0,NORMAL,47.866,-0.298,1,1,1,1,1,109.6,81,13,dijkstra,graph,0.6394,0,,,,,,0,,,,239761,191641,4349
28,5.5066516399383545,2026-03-06T01:43:22.402040,111.07,0.0,7.75,12.41,10.19,0.0,0.0,159.25,5.37,0.464,0.508,STRAIGHT,1.5,1.5,"CMD,0.5,1.50",4.0,0.0091,2.237,0.023,1,0.9139,0,NORMAL,51.406,-0.258,1,1,1,1,1,111.9,115,16,dijkstra,graph,0.64331,0,,,,,,0,,,,251352,192825,4656
29,5.6785829067230225,2026-03-06T01:43:22.573971,107.37,0.0,8.01,16.04,2.0,0.0,0.0,151.75,5.39,0.435,0.464,STRAIGHT,1.5,1.5,"CMD,0.5,1.50",4.0,0.0091,2.237,0.023,1,0.9516,0,NORMAL,51.071,-0.206,1,1,1,1,1,111.9,77,15,dijkstra,graph,0.63944,0,,,,,,0,,,,246341,191458,4266
30,5.85120701789856,2026-03-06T01:43:22.746595,108.31,0.0,6.01,24.26,0.0,0.0,0.0,154.6,5.4,0.416,0.435,STRAIGHT,1.5,1.5,"CMD,0.4,1.50",4.0,0.0091,2.237,0.023,1,0.9247,0,NORMAL,50.971,-0.102,1,1,1,1,1,111.9,116,14,dijkstra,graph,0.62802,0,,,,,,0,,,,239198,188056,4241
31,6.035593271255493,2026-03-06T01:43:22.930981,114.07,0.0,8.01,22.03,0.0,0.0,0.0,162.14,5.41,0.397,0.416,STRAIGHT,1.5,1.5,"CMD,0.4,1.50",4.0,0.0088,2.283,0.023,1,0.9556,0,NORMAL,50.835,-0.057,1,1,1,1,1,114.2,101,14,dijkstra,graph,0.62587,0,,,,,,0,,,,235673,187437,4334
32,6.2168591022491455,2026-03-06T01:43:23.112247,104.8,0.0,10.05,24.36,0.0,0.0,0.0,155.23,5.41,0.385,0.397,STRAIGHT,1.5,1.5,"CMD,0.4,1.50",4.0,0.0088,2.283,0.023,1,0.9367,0,NORMAL,50.621,-0.039,1,1,1,1,1,114.2,73,15,dijkstra,graph,0.62789,0,,,,,,0,,,,233917,188179,4415
33,6.3919477462768555,2026-03-06T01:43:23.287336,110.61,0.0,10.01,18.18,0.0,0.0,0.0,157.07,5.41,0.377,0.385,STRAIGHT,1.5,1.5,"CMD,0.4,1.50",4.0,0.0088,2.283,0.023,1,0.9553,0,NORMAL,50.381,-0.054,1,1,1,1,1,114.2,73,17,dijkstra,graph,0.62403,0,,,,,,0,,,,236086,186926,4491
34,6.567083835601807,2026-03-06T01:43:23.462472,112.74,0.0,6.01,16.48,0.0,0.0,0.0,153.1,5.43,0.372,0.377,STRAIGHT,1.5,1.5,"CMD,0.4,1.50",4.0,0.0088,2.283,0.023,1,0.9259,0,NORMAL,50.144,-0.099,1,1,1,1,1,114.2,115,14,dijkstra,graph,0.61554,0,,,,,,0,,,,237271,184314,4393
35,6.73888635635376,2026-03-06T01:43:23.634275,105.68,0.0,8.01,17.97,0.0,0.0,0.0,145.68,5.43,0.368,0.372,STRAIGHT,1.5,1.5,"CMD,0.4,1.50",4.0,0.0088,2.283,0.023,1,0.9699,0,NORMAL,50.045,-0.109,1,1,1,1,1,114.2,108,15,dijkstra,graph,0.61463,0,,,,,,0,,,,239861,183960,4145
36,6.921162128448486,2026-03-06T01:43:23.816550,113.44,0.0,8.01,18.39,0.0,0.0,0.0,159.81,5.43,0.366,0.368,STRAIGHT,1.5,1.5,"CMD,0.4,1.50",4.0,0.0088,2.283,0.023,1,0.97,0,NORMAL,50.0,-0.152,1,1,1,1,1,114.2,119,14,dijkstra,graph,0.61469,0,,,,,,0,,,,239634,183998,4292
37,7.102097272872925,2026-03-06T01:43:23.997485,110.53,0.0,2.0,20.23,0.0,0.0,0.0,160.63,5.43,0.365,0.366,STRAIGHT,1.5,1.5,"CMD,0.4,1.50",4.0,0.0088,2.283,0.023,1,0.969,0,NORMAL,50.038,-0.135,1,1,1,1,1,114.2,113,16,dijkstra,graph,0.61773,0,,,,,,0,,,,242862,184899,4767
38,7.281192779541016,2026-03-06T01:43:24.176581,114.56,0.0,6.01,20.03,0.0,0.0,0.0,158.62,5.42,0.368,0.366,STRAIGHT,1.5,1.5,"CMD,0.4,1.50",4.0,0.0091,2.237,0.023,1,0.9675,0,NORMAL,50.135,-0.096,1,1,1,1,1,111.9,99,16,dijkstra,graph,0.62089,0,,,,,,0,,,,243691,185887,4558
39,7.460101127624512,2026-03-06T01:43:24.355489,111.79,0.0,8.45,24.63,0.0,0.0,0.0,160.89,5.43,0.371,0.368,STRAIGHT,1.5,1.5,"CMD,0.4,1.50",4.0,0.0091,2.237,0.023,1,0.9648,0,NORMAL,50.361,-0.127,1,1,1,1,1,111.9,108,20,dijkstra,graph,0.62393,0,,,,,,0,,,,247138,186740,4769
40,7.636455297470093,2026-03-06T01:43:24.531843,108.15,0.0,8.01,22.04,0.0,0.0,0.0,156.39,5.42,0.373,0.371,STRAIGHT,1.5,1.5,"CMD,0.4,1.50",4.0,0.0091,2.237,0.023,1,0.9577,0,NORMAL,50.723,-0.141,1,1,1,1,1,111.9,97,20,dijkstra,graph,0.62986,0,,,,,,0,,,,252211,188748,4721
41,7.807379961013794,2026-03-06T01:43:24.702768,110.84,0.0,6.01,20.03,0.0,0.0,0.0,154.9,5.45,0.374,0.373,STRAIGHT,1.5,1.5,"CMD,0.4,1.50",4.0,0.0091,2.237,0.023,1,0.9774,0,NORMAL,50.949,-0.107,1,1,1,1,1,111.9,105,18,dijkstra,graph,0.63207,0,,,,,,0,,,,253328,189276,4799
42,7.979003190994263,2026-03-06T01:43:24.874391,106.85,0.0,10.17,14.02,0.0,0.0,0.0,153.6,5.46,0.375,0.374,STRAIGHT,1.5,1.5,"CMD,0.4,1.50",4.0,0.0091,2.237,0.023,1,0.9445,0,NORMAL,51.553,-0.156,1,1,1,1,1,111.9,120,15,dijkstra,graph,0.61244,0,,,,,,0,,,,245451,183317,4475
43,8.158749103546143,2026-03-06T01:43:25.054137,108.49,0.0,0.0,28.48,0.0,0.0,0.0,152.73,5.48,0.37,0.374,STRAIGHT,1.5,1.5,"CMD,0.4,1.50",4.0,0.0088,2.283,0.023,1,0.9095,0,NORMAL,51.763,0.094,1,1,1,1,1,114.2,108,12,dijkstra,graph,0.5663,0,,,,,,0,,,,227357,169307,4023
44,8.336276054382324,2026-03-06T01:43:25.231664,109.01,0.0,8.69,22.04,2.0,0.0,0.0,157.5,5.49,0.367,0.37,STRAIGHT,1.5,1.5,"CMD,0.4,1.50",4.0,0.0088,2.283,0.023,1,0.9607,0,NORMAL,51.825,0.185,1,1,1,1,1,114.2,145,13,dijkstra,graph,0.58643,0,,,,,,0,,,,230031,175301,4141
45,8.513879776000977,2026-03-06T01:43:25.409268,113.77,0.0,8.11,20.33,0.0,0.0,0.0,161.58,5.5,0.365,0.367,STRAIGHT,1.5,1.5,"CMD,0.4,1.50",4.0,0.0088,2.283,0.023,1,0.8887,0,NORMAL,52.017,0.211,1,1,1,1,1,114.2,107,15,dijkstra,graph,0.64444,0,,,,,,0,,,,255125,192935,4634
46,8.699803352355957,2026-03-06T01:43:25.595192,115.35,0.0,6.01,22.14,2.0,0.0,0.0,161.52,5.53,0.369,0.367,STRAIGHT,1.5,1.5,"CMD,0.4,1.50",4.0,0.0091,2.237,0.023,1,0.9176,0,NORMAL,52.263,0.219,1,1,1,1,1,111.9,113,15,dijkstra,graph,0.61393,0,,,,,,0,,,,239174,183647,4484
47,8.87276005744934,2026-03-06T01:43:25.768148,100.3,0.0,10.22,17.03,2.0,0.0,0.0,152.93,5.54,0.371,0.369,STRAIGHT,1.5,1.5,"CMD,0.4,1.50",4.0,0.0091,2.237,0.023,1,0.9174,0,NORMAL,52.2,0.246,1,1,1,1,1,111.9,83,16,dijkstra,graph,0.64364,0,,,,,,0,,,,256265,192704,4664
48,9.052189111709595,2026-03-06T01:43:25.947577,113.34,0.0,6.01,20.03,0.0,0.0,0.0,157.4,5.56,0.373,0.371,STRAIGHT,1.5,1.5,"CMD,0.4,1.50",4.0,0.0091,2.237,0.023,1,0.9577,0,NORMAL,52.353,0.217,1,1,1,1,1,111.9,99,16,dijkstra,graph,0.6336,0,,,,,,0,,,,251393,189793,4579
49,9.225744247436523,2026-03-06T01:43:26.121132,105.25,0.0,14.18,20.07,0.0,0.0,0.0,155.53,5.59,0.369,0.371,STRAIGHT,1.5,1.5,"CMD,0.4,1.50",4.0,0.0088,2.283,0.023,1,0.9477,0,NORMAL,52.286,0.278,1,1,1,1,1,114.2,85,18,dijkstra,graph,0.6555,0,,,,,,0,,,,261294,196381,4896
50,9.406478881835938,2026-03-06T01:43:26.301867,108.37,0.0,6.01,26.3,0.0,0.0,0.0,156.71,5.6,0.372,0.372,STRAIGHT,1.5,1.5,"CMD,0.4,1.50",4.0,0.0091,2.237,0.023,1,0.961,0,NORMAL,53.423,0.215,1,1,1,1,1,111.9,81,15,dijkstra,graph,0.64295,0,,,,,,0,,,,256793,192600,4402
51,9.58901047706604,2026-03-06T01:43:26.484399,115.49,0.0,4.01,24.13,2.0,0.0,0.0,168.51,5.61,0.378,0.372,STRAIGHT,1.5,1.5,"CMD,0.4,1.50",4.0,0.0095,2.192,0.023,1,0.9761,0,NORMAL,53.6,0.207,1,1,1,1,1,109.6,79,14,dijkstra,graph,0.64684,0,,,,,,0,,,,257559,193755,4226
52,9.763037919998169,2026-03-06T01:43:26.658426,110.37,0.0,8.01,19.6,0.0,0.0,0.0,156.0,5.63,0.383,0.378,STRAIGHT,1.5,1.5,"CMD,0.4,1.50",4.0,0.0095,2.192,0.023,1,0.9628,0,NORMAL,53.761,0.238,1,1,1,1,1,109.6,95,14,dijkstra,graph,0.64833,0,,,,,,0,,,,260851,194400,4269
53,9.934557914733887,2026-03-06T01:43:26.829946,109.31,0.0,8.01,10.4,10.25,0.0,0.0,153.5,5.65,0.386,0.383,STRAIGHT,1.5,1.5,"CMD,0.4,1.50",4.0,0.0095,2.192,0.023,1,0.9745,0,NORMAL,54.071,0.234,1,1,1,1,1,109.6,94,15,dijkstra,graph,0.65029,0,,,,,,0,,,,261393,194766,4309
54,10.105211973190308,2026-03-06T01:43:27.000600,100.21,0.0,18.09,18.03,2.0,0.0,0.0,160.54,5.66,0.388,0.386,STRAIGHT,1.5,1.5,"CMD,0.4,1.50",4.0,0.0095,2.192,0.023,1,0.9839,0,NORMAL,54.128,0.248,1,1,1,1,1,109.6,81,17,dijkstra,graph,0.65056,0,,,,,,0,,,,261506,194761,4526
55,10.280044555664062,2026-03-06T01:43:27.175433,102.78,0.0,10.09,21.91,0.0,0.0,0.0,150.8,5.66,0.384,0.386,STRAIGHT,1.5,1.5,"CMD,0.4,1.50",4.0,0.0091,2.237,0.023,1,0.9791,0,NORMAL,54.229,0.282,1,1,1,1,1,111.9,79,16,dijkstra,graph,0.65419,0,,,,,,0,,,,263279,195831,4292
56,10.459076404571533,2026-03-06T01:43:27.354464,116.91,0.0,6.01,12.02,0.0,0.0,8.05,159.01,5.66,0.382,0.384,STRAIGHT,1.5,1.5,"CMD,0.4,1.50",4.0,0.0091,2.237,0.023,1,0.9691,0,NORMAL,54.511,0.254,1,1,1,1,1,111.9,99,14,dijkstra,graph,0.65207,0,,,,,,0,,,,261233,195277,4592
57,10.63237452507019,2026-03-06T01:43:27.527763,111.96,0.0,6.32,20.8,0.0,0.0,0.0,163.1,5.66,0.385,0.384,STRAIGHT,1.5,1.5,"CMD,0.4,1.50",4.0,0.0095,2.192,0.023,1,0.9573,0,NORMAL,55.749,0.24,1,1,1,1,1,109.6,110,16,dijkstra,graph,0.66188,0,,,,,,0,,,,264229,198270,4679
58,10.807104110717773,2026-03-06T01:43:27.702492,105.87,0.0,10.45,18.03,0.0,0.0,0.0,154.59,5.65,0.387,0.385,STRAIGHT,1.5,1.5,"CMD,0.4,1.50",4.0,0.0095,2.192,0.023,1,0.9775,0,NORMAL,55.951,0.23,1,1,1,1,1,109.6,94,13,dijkstra,graph,0.65791,0,,,,,,0,,,,264170,197401,4239
59,10.98227572441101,2026-03-06T01:43:27.877664,98.53,0.0,16.93,15.77,2.0,0.0,0.0,151.26,5.65,0.384,0.385,STRAIGHT,1.5,1.5,"CMD,0.4,1.50",4.0,0.0091,2.237,0.023,1,0.9754,0,NORMAL,55.703,0.236,1,1,1,1,1,111.9,79,14,dijkstra,graph,0.65366,0,,,,,,0,,,,264804,195992,3836
60,11.161926507949829,2026-03-06T01:43:28.057315,119.56,0.0,8.01,16.02,0.0,0.0,0.0,161.62,5.66,0.381,0.384,STRAIGHT,1.5,1.5,"CMD,0.4,1.50",4.0,0.0091,2.237,0.023,1,0.9777,0,NORMAL,54.838,0.218,1,1,1,1,1,111.9,80,13,dijkstra,graph,0.64349,0,,,,,,0,,,,263145,192818,3626
61,11.330637693405151,2026-03-06T01:43:28.226026,112.18,0.0,0.0,10.17,0.0,0.0,0.0,146.68,5.67,0.38,0.381,STRAIGHT,1.5,1.5,"CMD,0.4,1.50",4.0,0.0091,2.237,0.023,1,0.9809,0,NORMAL,54.205,0.203,1,1,1,1,1,111.9,82,13,dijkstra,graph,0.63789,0,,,,,,0,,,,262401,191151,3888
62,11.514093160629272,2026-03-06T01:43:28.409481,115.69,0.0,7.01,18.35,0.0,0.0,0.0,157.07,5.66,0.379,0.38,STRAIGHT,1.5,1.5,"CMD,0.4,1.50",4.0,0.0091,2.237,0.023,1,0.9763,0,NORMAL,53.225,0.192,1,1,1,1,1,111.9,89,13,dijkstra,graph,0.63562,0,,,,,,0,,,,260934,190569,3828
63,11.68764591217041,2026-03-06T01:43:28.583034,109.26,0.0,8.01,18.03,0.0,0.0,0.0,153.79,5.66,0.373,0.379,STRAIGHT,1.5,1.5,"CMD,0.4,1.50",4.0,0.0088,2.283,0.023,1,0.973,0,NORMAL,53.334,0.166,1,1,1,1,1,114.2,94,14,dijkstra,graph,0.61886,0,,,,,,0,,,,257879,185511,3902
64,11.865095376968384,2026-03-06T01:43:28.760484,113.08,0.0,8.01,20.31,0.0,0.0,0.0,159.43,5.66,0.364,0.373,STRAIGHT,1.5,1.5,"CMD,0.4,1.50",4.0,0.0084,2.329,0.023,1,0.9717,0,NORMAL,52.688,0.138,1,1,1,1,1,116.4,139,15,dijkstra,graph,0.62599,0,,,,,,0,,,,260573,187625,4085
65,12.050487518310547,2026-03-06T01:43:28.945876,112.1,0.0,6.01,26.03,0.0,0.0,2.0,164.83,5.65,0.363,0.364,STRAIGHT,1.5,1.5,"CMD,0.4,1.50",4.0,0.0088,2.283,0.023,1,0.9667,0,NORMAL,52.614,0.109,1,1,1,1,1,114.2,166,16,dijkstra,graph,0.62519,0,,,,,,0,,,,264335,187486,4591
66,12.229955434799194,2026-03-06T01:43:29.125343,113.38,0.0,8.01,24.03,2.0,0.0,0.0,161.45,5.66,0.363,0.363,STRAIGHT,1.5,1.5,"CMD,0.4,1.50",4.0,0.0088,2.283,0.023,1,0.9606,0,NORMAL,53.96,0.045,1,1,1,1,1,114.2,146,17,dijkstra,graph,0.62014,0,,,,,,0,,,,266213,185840,4349
67,12.40371036529541,2026-03-06T01:43:29.299098,109.68,0.0,4.01,20.03,2.0,0.0,0.0,155.73,5.66,0.358,0.363,STRAIGHT,1.5,1.5,"CMD,0.4,1.50",4.0,0.0084,2.329,0.023,1,0.9602,0,NORMAL,55.299,0.012,1,1,1,1,1,116.4,115,17,dijkstra,graph,0.60946,0,,,,,,0,,,,264191,182793,4518
68,12.572893619537354,2026-03-06T01:43:29.468282,106.77,0.0,10.01,20.36,0.0,0.0,0.0,151.16,5.67,0.354,0.358,STRAIGHT,1.5,1.5,"CMD,0.4,1.50",4.0,0.0084,2.329,0.023,1,0.9652,0,NORMAL,54.364,-0.011,1,1,1,1,1,116.4,106,17,dijkstra,graph,0.61202,0,,,,,,0,,,,267739,183420,4472
69,12.758200883865356,2026-03-06T01:43:29.653589,113.4,0.0,6.01,24.03,0.0,0.0,0.0,165.11,5.66,0.352,0.354,STRAIGHT,1.5,1.5,"CMD,0.4,1.50",4.0,0.0084,2.329,0.023,1,0.9736,0,NORMAL,53.449,-0.034,1,1,1,1,1,116.4,142,15,dijkstra,graph,0.61031,0,,,,,,0,,,,270435,183006,4519
70,12.939111471176147,2026-03-06T01:43:29.834500,106.5,0.0,8.01,28.35,0.0,0.0,2.0,160.88,5.65,0.35,0.352,STRAIGHT,1.5,1.5,"CMD,0.4,1.50",4.0,0.0084,2.329,0.023,1,0.9453,0,NORMAL,52.244,-0.041,1,1,1,1,1,116.4,146,18,dijkstra,graph,0.61605,0,,,,,,0,,,,282081,184568,4670
71,13.116374015808105,2026-03-06T01:43:30.011762,104.29,0.0,10.2,28.41,0.0,0.0,0.0,158.91,5.64,0.354,0.352,STRAIGHT,1.5,1.5,"CMD,0.4,1.50",4.0,0.0088,2.283,0.023,1,0.9671,0,NORMAL,51.169,-0.066,1,1,1,1,1,114.2,148,18,dijkstra,graph,0.6211,0,,,,,,0,,,,286924,186104,4536
72,13.299905061721802,2026-03-06T01:43:30.195293,113.43,0.0,6.01,28.04,0.0,0.0,0.0,163.51,5.64,0.356,0.354,STRAIGHT,1.5,1.5,"CMD,0.4,1.50",4.0,0.0088,2.283,0.023,1,0.9679,0,NORMAL,50.087,-0.095,1,1,1,1,1,114.2,148,17,dijkstra,graph,0.605,0,,,,,,0,,,,284753,181413,4488
73,13.480772733688354,2026-03-06T01:43:30.376161,110.27,0.0,6.01,28.4,0.0,0.0,0.0,160.84,5.64,0.358,0.356,STRAIGHT,1.5,1.5,"CMD,0.4,1.50",4.0,0.0088,2.283,0.023,1,0.9689,0,NORMAL,49.005,-0.12,1,1,1,1,1,114.2,184,16,dijkstra,graph,0.58539,0,,,,,,0,,,,284602,175619,4339
74,13.66683840751648,2026-03-06T01:43:30.562227,113.09,0.0,6.01,24.42,0.0,0.0,0.0,163.84,5.63,0.359,0.358,STRAIGHT,1.5,1.5,"CMD,0.4,1.50",4.0,0.0088,2.283,0.023,1,0.9723,0,NORMAL,48.356,-0.15,1,1,1,1,1,114.2,151,13,dijkstra,graph,0.58893,0,,,,,,0,,,,287913,176660,3853
75,13.85627269744873,2026-03-06T01:43:30.751661,104.68,0.0,16.66,32.04,2.0,0.0,0.0,169.41,5.62,0.36,0.359,STRAIGHT,1.5,1.5,"CMD,0.4,1.50",4.0,0.0088,2.283,0.023,1,0.9728,0,NORMAL,48.314,-0.155,1,1,1,1,1,114.2,176,14,dijkstra,graph,0.58521,0,,,,,,0,,,,290152,175472,3895
76,14.038884162902832,2026-03-06T01:43:30.934272,106.31,0.0,9.51,32.5,0.0,0.0,0.0,172.15,5.61,0.36,0.36,STRAIGHT,1.5,1.5,"CMD,0.4,1.50",4.0,0.0088,2.283,0.023,1,0.9522,0,NORMAL,47.832,-0.145,1,1,1,1,1,114.2,159,14,dijkstra,graph,0.56921,0,,,,,,0,,,,285044,170619,3827
77,14.231334209442139,2026-03-06T01:43:31.126722,108.13,0.0,14.22,36.05,2.0,0.0,0.0,172.42,5.6,0.361,0.36,STRAIGHT,1.5,1.5,"CMD,0.4,1.50",4.0,0.0088,2.283,0.023,1,0.9561,0,NORMAL,47.074,-0.062,1,1,1,1,1,114.2,264,14,dijkstra,graph,0.5625,0,,,,,,0,,,,288472,168636,4508
78,14.415014505386353,2026-03-06T01:43:31.310403,113.05,0.0,8.01,26.15,0.0,0.0,0.0,165.8,5.59,0.356,0.36,STRAIGHT,1.5,1.5,"CMD,0.4,1.50",4.0,0.0084,2.329,0.023,1,0.965,0,NORMAL,50.439,-0.084,1,1,1,1,1,116.4,157,14,dijkstra,graph,0.56915,0,,,,,,0,,,,290157,170626,4320
79,14.59808897972107,2026-03-06T01:43:31.493477,114.68,0.0,6.01,25.64,0.0,0.0,0.0,165.05,5.59,0.009,0.356,STRAIGHT,1.5,1.5,"CMD,0.4,1.50",4.0,-0.0166,2.603,-0.056,1,0.9749,0,NORMAL,49.855,-0.065,1,1,1,1,1,132.6,155,11,dijkstra,graph,0.5636,0,,,,,,0,,,,290526,168853,3926
80,14.773486614227295,2026-03-06T01:43:31.668875,105.31,0.0,6.01,26.03,2.0,0.0,0.0,157.38,5.59,-0.222,0.009,STRAIGHT,1.5,1.5,"CMD,0.0,1.50",4.0,-0.0166,2.603,-0.056,1,0.9737,0,NORMAL,49.438,-0.045,1,1,1,1,1,132.6,144,12,dijkstra,graph,0.56196,0,,,,,,0,,,,292460,168443,3751
81,14.956861972808838,2026-03-06T01:43:31.852250,112.8,0.0,6.01,24.36,2.0,0.0,0.0,162.87,5.58,-0.037,-0.037,STRAIGHT,1.5,1.5,"CMD,-0.0,1.50",4.0,0.0081,2.374,0.023,1,0.9727,0,NORMAL,48.202,-0.008,1,1,1,1,1,118.7,135,11,dijkstra,graph,0.58062,0,,,,,,0,,,,296635,173957,3932
82,15.135832786560059,2026-03-06T01:43:32.031221,107.92,0.0,8.01,24.49,0.0,0.0,0.0,158.94,5.58,-0.416,-0.222,STRAIGHT,1.5,1.5,"CMD,-0.2,1.50",4.0,-0.0285,2.648,-0.1,1,0.972,0,NORMAL,47.408,0.042,1,1,1,1,1,135.9,153,11,dijkstra,graph,0.57213,0,,,,,,0,,,,294246,171411,3580
83,15.316118240356445,2026-03-06T01:43:32.211506,108.45,0.0,8.01,23.91,2.0,0.0,0.0,160.26,5.57,-0.166,-0.166,STRAIGHT,1.5,1.5,"CMD,-0.2,1.50",4.0,0.0081,2.374,0.023,1,0.9633,0,NORMAL,46.879,0.083,1,1,1,1,1,118.7,155,12,dijkstra,graph,0.58645,0,,,,,,0,,,,298050,175601,3985
84,15.493828535079956,2026-03-06T01:43:32.389217,109.43,0.0,7.52,24.23,2.0,0.0,0.0,165.7,5.56,-0.443,-0.416,STRAIGHT,1.5,1.5,"CMD,-0.4,1.50",4.0,-0.0242,2.694,-0.088,1,0.9677,0,NORMAL,45.453,0.129,1,1,1,1,1,138.3,165,11,dijkstra,graph,0.60058,0,,,,,,0,,,,301145,179651,3604
85,15.672663450241089,2026-03-06T01:43:32.568051,100.68,0.0,13.53,26.43,2.0,0.0,0.0,160.81,5.56,-0.188,-0.188,STRAIGHT,1.5,1.5,"CMD,-0.2,1.50",4.0,0.0078,2.42,0.023,1,0.9624,0,NORMAL,44.344,0.138,1,1,1,1,1,121.0,175,12,dijkstra,graph,0.59335,0,,,,,,0,,,,297520,177552,3847
86,15.85807490348816,2026-03-06T01:43:32.753463,113.62,0.0,0.0,37.75,0.0,0.0,0.0,167.39,5.55,-0.621,-0.443,STRAIGHT,1.5,1.5,"CMD,-0.4,1.50",4.0,-0.0361,2.74,-0.136,1,0.9682,0,NORMAL,43.282,0.193,1,1,1,1,1,141.6,184,12,dijkstra,graph,0.6161,0,,,,,,0,,,,301984,184547,3678
87,16.05493450164795,2026-03-06T01:43:32.950323,110.84,0.0,6.01,42.05,0.0,0.0,0.0,176.83,5.53,-0.91,-0.621,STRAIGHT,1.5,1.5,"CMD,-0.6,1.50",4.0,-0.0361,2.74,-0.136,1,0.9673,0,NORMAL,42.323,0.234,1,1,1,1,1,141.6,304,13,dijkstra,graph,0.64694,0,,,,,,0,,,,303583,193618,4654
88,16.249629020690918,2026-03-06T01:43:33.145017,112.58,0.0,8.01,36.05,2.0,0.0,0.0,176.67,5.51,-0.5,-0.621,STRAIGHT,1.5,1.5,"CMD,-0.6,1.50",4.0,0.0078,2.42,0.023,1,0.9642,0,NORMAL,41.473,0.248,1,1,1,1,1,121.0,249,16,dijkstra,graph,0.67254,0,,,,,,0,,,,305537,201221,5055
89,16.44265103340149,2026-03-06T01:43:33.338039,114.38,0.0,10.01,32.04,0.0,0.0,0.0,180.58,5.49,-0.783,-0.783,STRAIGHT,1.5,1.5,"CMD,-0.8,1.50",4.0,-0.0328,2.785,-0.127,1,0.9421,0,NORMAL,40.747,0.213,1,1,1,1,1,143.6,217,13,dijkstra,graph,0.6964,0,,,,,,0,,,,315977,208377,4942
90,16.633602142333984,2026-03-06T01:43:33.528990,112.55,0.0,8.01,22.25,0.0,0.0,0.0,160.84,5.48,-0.419,-0.5,STRAIGHT,1.5,1.5,"CMD,-0.5,1.50",4.0,0.0075,2.466,0.023,1,0.9677,0,NORMAL,40.117,0.168,1,1,1,1,1,123.3,190,16,dijkstra,graph,0.70899,0,,,,,,0,,,,317939,212160,5285
91,16.81475019454956,2026-03-06T01:43:33.710139,110.38,0.0,8.01,24.58,0.0,0.0,0.0,161.0,5.47,-0.172,-0.419,STRAIGHT,1.5,1.5,"CMD,-0.4,1.50",4.0,0.0078,2.42,0.023,1,0.9625,0,NORMAL,38.962,0.103,1,1,1,1,1,121.0,178,14,dijkstra,graph,0.71986,0,,,,,,0,,,,319582,215537,5261
92,17.009661436080933,2026-03-06T01:43:33.905050,112.28,0.0,8.01,28.03,0.0,0.0,0.0,164.42,5.45,-0.699,-0.419,STRAIGHT,1.5,1.5,"CMD,-0.4,1.50",4.0,-0.0425,2.785,-0.165,1,0.9665,0,NORMAL,38.096,0.061,1,1,1,1,1,144.8,142,11,dijkstra,graph,0.73178,0,,,,,,0,,,,318617,219204,5005
93,17.188143253326416,2026-03-06T01:43:34.083531,106.73,0.0,8.01,25.69,2.0,0.0,0.0,156.45,5.45,-1.074,-0.699,STRAIGHT,1.5,1.5,"CMD,-0.7,1.50",4.0,-0.0443,2.831,-0.178,1,0.9707,0,NORMAL,37.897,0.012,1,1,1,1,1,146.9,143,11,dijkstra,graph,0.74322,0,,,,,,0,,,,319066,222539,4902
94,17.374491453170776,2026-03-06T01:43:34.269880,107.87,0.0,10.13,32.3,2.0,0.0,0.0,168.32,5.45,-1.463,-1.074,STRAIGHT,1.5,1.5,"CMD,-1.1,1.50",4.0,-0.0544,2.831,-0.219,1,0.9726,0,NORMAL,37.198,-0.02,1,1,1,1,1,148.0,122,12,dijkstra,graph,0.75488,0,,,,,,0,,,,319767,225918,4528
95,17.562798738479614,2026-03-06T01:43:34.458187,111.86,0.0,12.33,22.23,0.0,0.0,0.0,172.28,5.44,-1.74,-1.463,STRAIGHT,1.5,1.5,"CMD,-1.5,1.50",4.0,-0.0556,2.877,-0.232,1,0.9751,0,NORMAL,36.701,-0.066,1,1,1,1,1,150.1,132,11,dijkstra,graph,0.77023,0,,,,,,0,,,,321295,230509,4787
96,17.773470163345337,2026-03-06T01:43:34.668858,114.52,0.0,8.01,44.06,0.0,0.0,0.0,184.62,5.4,-1.924,-1.74,STRAIGHT,1.5,1.5,"CMD,-1.7,1.50",4.0,-0.0556,2.877,-0.232,1,0.9777,0,NORMAL,35.81,-0.101,1,1,1,1,1,150.1,240,18,dijkstra,graph,0.77839,0,,,,,,0,,,,320419,232803,5707
97,17.962974309921265,2026-03-06T01:43:34.858363,112.31,0.0,10.4,26.24,2.51,0.0,0.0,167.48,5.38,-2.188,-1.924,STRAIGHT,1.5,1.5,"CMD,-1.9,1.50",4.0,-0.0659,2.877,-0.275,1,0.9703,0,NORMAL,34.964,-0.147,1,1,1,1,1,151.3,130,12,dijkstra,graph,0.78165,0,,,,,,0,,,,322195,234134,5060
98,18.148688077926636,2026-03-06T01:43:35.044076,113.03,0.0,8.11,26.77,2.0,0.0,0.0,165.94,5.38,-2.365,-2.188,STRAIGHT,1.5,1.5,"CMD,-2.2,1.50",4.0,-0.0659,2.877,-0.275,1,0.9702,0,NORMAL,32.221,-0.187,1,1,1,1,1,151.3,128,11,dijkstra,graph,0.78033,0,,,,,,0,,,,323772,233726,4940
99,18.33877658843994,2026-03-06T01:43:35.234165,116.23,0.0,6.01,26.41,1.74,0.0,0.0,171.81,5.37,-2.482,-2.365,STRAIGHT,1.5,1.5,"CMD,-2.4,1.50",4.0,-0.0659,2.877,-0.275,1,0.9659,0,NORMAL,31.254,-0.227,1,1,1,1,1,151.3,128,11,dijkstra,graph,0.77715,0,,,,,,0,,,,327657,232698,5230
100,18.524824380874634,2026-03-06T01:43:35.420212,108.94,0.0,9.01,26.04,0.0,0.0,0.0,162.01,5.36,-2.65,-2.482,STRAIGHT,1.5,1.5,"CMD,-2.5,1.50",4.0,-0.0725,2.922,-0.313,1,0.9643,0,NORMAL,30.331,-0.261,1,1,1,1,1,154.5,130,12,dijkstra,graph,0.77455,0,,,,,,0,,,,332827,231908,5206
101,18.712513208389282,2026-03-06T01:43:35.607901,113.66,0.0,6.01,15.89,10.06,0.0,0.0,163.66,5.36,-2.832,-2.65,STRAIGHT,1.5,1.5,"CMD,-2.7,1.50",3.929,-0.0775,2.877,-0.325,1,0.9719,0,NORMAL,29.913,-0.271,1,1,1,1,1,152.0,122,13,dijkstra,graph,0.77626,0,,,,,,0,,,,337695,232386,5129
102,18.8938946723938,2026-03-06T01:43:35.789283,112.31,0.0,8.26,26.58,0.0,0.0,0.0,171.07,5.36,-3.251,-2.832,STRAIGHT,1.5,1.5,"CMD,-2.8,1.50",3.691,-0.0993,2.922,-0.433,1,0.9667,0,NORMAL,29.768,-0.268,1,1,1,1,1,156.3,135,11,dijkstra,graph,0.77971,0,,,,,,0,,,,345772,233503,5160
103,19.07673478126526,2026-03-06T01:43:35.972123,108.37,0.0,8.01,26.47,0.0,0.0,0.0,158.86,5.36,-3.53,-3.251,STRAIGHT,1.5,1.5,"CMD,-3.3,1.50",3.691,-0.0993,2.922,-0.433,1,0.964,0,NORMAL,29.113,-0.285,1,1,1,1,1,156.3,134,11,dijkstra,graph,0.78411,0,,,,,,0,,,,354885,234980,5245
104,19.266181230545044,2026-03-06T01:43:36.161569,113.65,0.0,10.01,30.13,0.0,0.0,0.0,171.08,5.36,-3.876,-3.53,STRAIGHT,1.5,1.5,"CMD,-3.5,1.50",3.437,-0.111,2.922,-0.487,1,0.9654,0,NORMAL,28.662,-0.282,1,1,1,1,1,157.2,127,13,dijkstra,graph,0.79081,0,,,,,,0,,,,364507,237017,5020
105,19.45444416999817,2026-03-06T01:43:36.349832,111.75,0.0,12.02,26.03,2.0,0.0,0.0,167.73,5.35,-3.711,-3.711,STRAIGHT,1.5,1.5,"CMD,-3.7,1.50",2.423,-0.0821,2.355,-0.23,1,0.9693,0,NORMAL,28.534,-0.313,1,1,1,1,1,153.4,142,11,dijkstra,graph,0.7918,0,,,,,,0,,,,365949,237178,5281
106,19.632195949554443,2026-03-06T01:43:36.527584,106.44,0.0,4.01,30.53,0.0,0.0,0.0,163.73,5.37,-3.601,-3.711,STRAIGHT,1.5,1.5,"CMD,-3.7,1.50",2.423,-0.0821,2.355,-0.23,1,0.9811,0,NORMAL,28.976,-0.263,1,1,1,1,1,153.4,123,11,dijkstra,graph,0.7818,0,,,,,,0,,,,364407,234243,5060
107,19.81143307685852,2026-03-06T01:43:36.706821,114.68,0.0,6.48,18.03,2.0,0.0,0.0,157.21,5.37,-3.132,-3.601,STRAIGHT,1.5,1.5,"CMD,-3.6,1.50",2.015,-0.0532,1.947,-0.101,1,0.9829,0,NORMAL,29.225,-0.305,1,1,1,1,1,224.2,35,11,dijkstra,graph,0.78715,0,,,,,,0,,,,368750,235781,4484
108,19.994855642318726,2026-03-06T01:43:36.890244,106.5,0.0,10.48,25.77,2.0,0.0,0.0,163.4,5.37,-3.752,-3.601,STRAIGHT,1.5,1.5,"CMD,-3.6,1.50",3.013,-0.1213,2.838,-0.504,1,0.9803,0,NORMAL,30.408,-0.212,1,1,1,1,1,159.1,133,12,dijkstra,graph,0.78659,0,,,,,,0,,,,371944,235527,5117
109,20.17672348022461,2026-03-06T01:43:37.072112,108.75,0.0,6.01,24.61,0.0,0.0,0.0,163.63,5.37,-4.165,-3.752,STRAIGHT,1.5,1.5,"CMD,-3.8,1.50",3.013,-0.1213,2.838,-0.504,1,0.9913,0,NORMAL,31.484,-0.193,1,1,1,1,1,159.1,114,12,dijkstra,graph,0.7881,0,,,,,,0,,,,374375,235962,5016
110,20.341455221176147,2026-03-06T01:43:37.236843,104.33,0.0,0.0,24.36,0.0,0.0,0.0,142.7,5.39,-3.502,-3.752,STRAIGHT,1.5,1.5,"CMD,-3.8,1.50",1.963,-0.0528,1.886,-0.094,1,0.9854,0,NORMAL,32.449,-0.181,1,1,1,1,1,223.5,32,11,dijkstra,graph,0.78694,0,,,,,,0,,,,375469,235663,4529
111,20.518038034439087,2026-03-06T01:43:37.413426,114.48,0.0,8.01,18.03,0.0,0.0,0.0,156.56,5.39,-3.31,-3.502,STRAIGHT,1.5,1.5,"CMD,-3.5,1.50",1.888,-0.071,1.785,-0.114,1,0.9832,0,NORMAL,33.465,-0.11,1,1,1,1,1,222.5,35,11,dijkstra,graph,0.79793,0,,,,,,0,,,,379630,239029,4479
112,20.708707809448242,2026-03-06T01:43:37.604096,108.78,0.0,10.11,31.72,0.0,0.0,0.0,166.64,5.38,-3.178,-3.31,STRAIGHT,1.5,1.5,"CMD,-3.3,1.50",2.152,-0.0707,2.112,-0.159,1,0.9854,0,NORMAL,35.481,0.02,1,1,1,1,1,159.2,139,12,dijkstra,graph,0.80638,0,,,,,,0,,,,384848,241599,5084
113,20.883535623550415,2026-03-06T01:43:37.778924,107.83,0.0,8.01,20.03,0.0,0.0,0.0,156.8,5.38,-3.14,-3.178,STRAIGHT,1.5,1.5,"CMD,-3.2,1.50",1.863,-0.0743,1.752,-0.114,1,0.9764,0,NORMAL,37.666,0.182,1,1,1,1,1,222.7,72,11,dijkstra,graph,0.81341,0,,,,,,0,,,,393514,243769,4766
114,21.06119680404663,2026-03-06T01:43:37.956585,112.4,0.0,8.01,17.96,2.0,0.0,0.0,159.64,5.38,-3.01,-3.14,STRAIGHT,1.5,1.5,"CMD,-3.1,1.50",1.876,-0.0667,1.773,-0.105,1,0.977,0,NORMAL,39.696,0.274,1,1,1,1,1,222.3,51,11,dijkstra,graph,0.82333,0,,,,,,0,,,,399397,246547,4695
115,21.247398614883423,2026-03-06T01:43:38.142787,112.1,0.0,8.01,20.03,2.0,0.0,0.0,164.18,5.38,-3.086,-3.086,STRAIGHT,1.5,1.5,"CMD,-3.1,1.50",1.888,-0.0786,1.786,-0.126,1,0.9751,0,NORMAL,40.601,0.289,1,1,1,1,1,222.3,74,13,dijkstra,graph,0.8269,0,,,,,,0,,,,405396,247658,4862
116,21.42616844177246,2026-03-06T01:43:38.321557,106.33,0.0,12.13,19.03,0.0,0.0,0.0,156.74,5.4,-2.98,-3.01,STRAIGHT,1.5,1.5,"CMD,-3.0,1.50",1.839,-0.0672,1.722,-0.1,1,0.9729,0,NORMAL,40.98,0.315,1,1,1,1,1,222.5,61,11,dijkstra,graph,0.83415,0,,,,,,0,,,,415716,249944,5108
117,21.606146335601807,2026-03-06T01:43:38.501535,115.08,0.0,10.01,14.44,0.0,0.0,0.0,157.16,5.41,-2.917,-2.98,STRAIGHT,1.5,1.5,"CMD,-3.0,1.50",1.882,-0.0677,1.782,-0.108,1,0.978,0,NORMAL,42.068,0.283,1,1,1,1,1,221.3,52,11,dijkstra,graph,0.83428,0,,,,,,0,,,,417601,250030,5044
118,21.783462047576904,2026-03-06T01:43:38.678850,107.35,0.0,7.55,20.04,0.0,0.0,0.0,151.06,5.43,-3.145,-2.98,STRAIGHT,1.5,1.5,"CMD,-3.0,1.50",1.94,-0.0874,1.85,-0.151,1,0.9823,0,NORMAL,43.325,0.285,1,1,1,1,1,222.3,65,11,dijkstra,graph,0.83213,0,,,,,,0,,,,418270,249305,4789
119,21.969940900802612,2026-03-06T01:43:38.865329,116.56,0.0,8.01,20.03,2.0,0.0,0.0,164.45,5.42,-3.2,-3.145,STRAIGHT,1.5,1.5,"CMD,-3.1,1.50",1.954,-0.0803,1.868,-0.141,1,0.9847,0,NORMAL,44.687,0.321,1,1,1,1,1,222.6,76,12,dijkstra,graph,0.84267,0,,,,,,0,,,,424342,252462,4933
120,22.230696201324463,2026-03-06T01:43:39.126084,112.12,0.0,10.17,100.42,0.0,0.0,0.0,238.73,5.35,-3.25,-3.2,STRAIGHT,1.5,1.5,"CMD,-3.2,1.50",2.063,-0.0813,1.999,-0.163,1,0.9821,0,NORMAL,46.314,0.294,1,1,1,1,1,192.2,111,12,dijkstra,graph,0.83969,0,,,,,,0,,,,426373,251548,4915
121,22.403865337371826,2026-03-06T01:43:39.299254,102.3,0.0,8.01,20.03,2.0,0.0,0.0,154.81,5.38,-3.203,-3.203,STRAIGHT,1.5,1.5,"CMD,-3.2,1.50",2.1,-0.0755,2.042,-0.158,1,0.981,0,NORMAL,46.509,0.303,1,1,1,1,1,192.5,52,12,dijkstra,graph,0.84535,0,,,,,,0,,,,434033,253205,5058
122,22.582435607910156,2026-03-06T01:43:39.477824,110.95,0.0,7.51,12.02,10.07,0.0,0.0,158.55,5.38,-2.968,-3.203,STRAIGHT,1.5,1.5,"CMD,-3.2,1.50",2.092,-0.0606,2.032,-0.126,1,0.9755,0,NORMAL,47.657,0.281,1,1,1,1,1,209.8,59,11,dijkstra,graph,0.85502,0,,,,,,0,,,,444608,256164,5035
123,22.763460397720337,2026-03-06T01:43:39.658849,112.34,0.0,12.02,16.37,0.0,0.0,0.0,160.89,5.38,-2.624,-2.968,STRAIGHT,1.5,1.5,"CMD,-3.0,1.50",2.49,-0.0469,2.459,-0.142,1,0.9699,0,NORMAL,49.44,0.259,1,1,1,1,1,205.4,47,11,dijkstra,graph,0.86099,0,,,,,,0,,,,457193,257897,4857
124,22.943475246429443,2026-03-06T01:43:39.838864,104.73,0.0,10.85,15.96,0.0,0.0,0.0,149.75,5.39,-2.599,-2.624,STRAIGHT,1.5,1.5,"CMD,-2.6,1.50",3.817,-0.0619,3.744,-0.44,1,0.8997,0,NORMAL,49.513,0.428,1,1,1,1,1,195.6,30,7,dijkstra,graph,0.79492,0,,,,,,0,,,,417354,238288,3820
125,23.125301837921143,2026-03-06T01:43:40.020690,116.74,0.0,0.0,18.03,0.0,0.0,0.0,159.37,5.42,-1.689,-2.599,STRAIGHT,1.5,1.5,"CMD,-2.6,1.50",4.0,0.0032,3.79,0.023,1,0.8832,0,NORMAL,48.869,0.399,1,1,1,1,1,189.5,31,12,dijkstra,graph,0.86178,0,,,,,,0,,,,472248,257988,4943
126,23.314800024032593,2026-03-06T01:43:40.210188,111.75,0.0,8.01,27.7,2.0,0.0,0.0,167.47,5.42,-1.084,-1.689,STRAIGHT,1.5,1.5,"CMD,-1.7,1.50",4.0,0.003,3.881,0.023,1,0.972,0,NORMAL,48.271,0.402,1,1,1,1,1,194.1,122,13,dijkstra,graph,0.88153,0,,,,,,0,,,,485826,264039,5450
127,23.49132490158081,2026-03-06T01:43:40.386713,105.68,0.0,10.32,20.47,0.0,0.0,0.0,152.49,5.43,-0.684,-1.084,STRAIGHT,1.5,1.5,"CMD,-1.1,1.50",4.0,0.0029,4.0,0.023,1,0.9862,0,NORMAL,48.465,0.394,1,1,1,1,1,216.9,113,11,dijkstra,graph,0.87994,0,,,,,,0,,,,489981,263540,5251
128,23.68348741531372,2026-03-06T01:43:40.578875,105.34,0.0,10.1,12.34,0.0,0.0,0.0,161.9,5.43,-0.417,-0.684,STRAIGHT,1.5,1.5,"CMD,-0.7,1.50",4.0,0.0029,4.0,0.023,1,0.9869,0,NORMAL,48.725,0.388,1,1,1,1,1,216.9,39,12,dijkstra,graph,0.88339,0,,,,,,0,,,,495823,264514,5352
129,23.866611003875732,2026-03-06T01:43:40.761999,101.71,0.0,14.22,24.45,2.0,0.0,0.0,162.69,5.43,-0.238,-0.417,STRAIGHT,1.5,1.5,"CMD,-0.4,1.50",4.0,0.0029,4.0,0.023,1,0.9874,0,NORMAL,49.388,0.401,1,1,1,1,1,219.2,31,11,dijkstra,graph,0.88795,0,,,,,,0,,,,501451,265791,5046
130,24.047586917877197,2026-03-06T01:43:40.942975,106.85,0.0,12.3,17.77,0.0,0.0,0.0,152.94,5.44,-0.12,-0.238,STRAIGHT,1.5,1.5,"CMD,-0.2,1.50",4.0,0.0029,4.0,0.023,1,0.9491,0,NORMAL,49.61,0.372,1,1,1,1,1,212.3,25,10,dijkstra,graph,0.87587,0,,,,,,0,,,,483801,262159,5156
131,24.228511810302734,2026-03-06T01:43:41.123900,110.02,0.0,10.01,20.39,2.0,0.0,0.0,156.89,5.44,-0.041,-0.12,STRAIGHT,1.5,1.5,"CMD,-0.1,1.50",4.0,0.0029,4.0,0.023,1,0.9602,0,NORMAL,49.616,0.352,1,1,1,1,1,210.0,32,11,dijkstra,graph,0.8725,0,,,,,,0,,,,501150,261149,5042
132,24.410863637924194,2026-03-06T01:43:41.306252,116.26,0.0,8.01,12.02,0.0,0.0,0.0,152.31,5.44,0.012,-0.041,STRAIGHT,1.5,1.5,"CMD,-0.0,1.50",4.0,0.0029,4.0,0.023,1,0.9912,0,NORMAL,51.063,0.356,1,1,1,1,1,219.2,30,11,dijkstra,graph,0.88686,0,,,,,,0,,,,505524,265479,5155
133,24.597726345062256,2026-03-06T01:43:41.493114,102.37,0.0,16.68,15.76,2.0,0.0,0.0,154.6,5.44,0.047,0.012,STRAIGHT,1.5,1.5,"CMD,0.0,1.50",4.0,0.0029,4.0,0.023,1,0.9949,0,NORMAL,51.385,0.372,1,1,1,1,1,216.9,29,11,dijkstra,graph,0.88068,0,,,,,,0,,,,503015,263652,5022
134,24.77833080291748,2026-03-06T01:43:41.673719,112.43,0.0,8.01,18.03,0.0,0.0,0.0,154.49,5.45,0.071,0.047,STRAIGHT,1.5,1.5,"CMD,0.0,1.50",4.0,0.0029,4.0,0.023,1,0.9934,0,NORMAL,52.622,0.34,1,1,1,1,1,212.3,29,11,dijkstra,graph,0.87267,0,,,,,,0,,,,499741,261163,5107
135,24.95519733428955,2026-03-06T01:43:41.850585,106.84,0.0,8.01,18.03,2.0,0.0,0.0,152.84,5.45,0.086,0.071,STRAIGHT,1.5,1.5,"CMD,0.1,1.50",4.0,0.0029,4.0,0.023,1,0.9893,0,NORMAL,53.137,0.381,1,1,1,1,1,216.9,29,11,dijkstra,graph,0.88715,0,,,,,,0,,,,505073,265632,5157
136,25.139689445495605,2026-03-06T01:43:42.035078,106.6,0.0,14.42,18.44,0.0,0.0,0.0,156.14,5.44,0.097,0.086,STRAIGHT,1.5,1.5,"CMD,0.1,1.50",4.0,0.0029,4.0,0.023,1,0.9975,0,NORMAL,53.67,0.395,1,1,1,1,1,216.9,28,11,dijkstra,graph,0.88506,0,,,,,,0,,,,505011,264892,5164
137,25.321818113327026,2026-03-06T01:43:42.217206,105.65,0.0,10.22,22.2,2.0,0.0,0.0,154.09,5.44,0.104,0.097,STRAIGHT,1.5,1.5,"CMD,0.1,1.50",4.0,0.0029,4.0,0.023,1,0.9983,0,NORMAL,54.217,0.429,1,1,1,1,1,216.9,31,11,dijkstra,graph,0.88684,0,,,,,,0,,,,504888,265420,5042
138,25.49670147895813,2026-03-06T01:43:42.392090,108.8,0.0,6.01,20.03,0.0,0.0,0.0,152.86,5.45,0.108,0.104,STRAIGHT,1.5,1.5,"CMD,0.1,1.50",4.0,0.0029,4.0,0.023,1,0.9943,0,NORMAL,54.412,0.454,1,1,1,1,1,219.2,32,11,dijkstra,graph,0.892,0,,,,,,0,,,,507791,267068,5200
139,25.68357563018799,2026-03-06T01:43:42.578964,111.15,0.0,10.01,26.04,0.0,0.0,0.0,164.85,5.43,0.112,0.108,STRAIGHT,1.5,1.5,"CMD,0.1,1.50",4.0,0.0029,4.0,0.023,1,0.994,0,NORMAL,55.408,0.435,1,1,1,1,1,212.3,95,12,dijkstra,graph,0.88273,0,,,,,,0,,,,505290,264246,5373
140,25.864468812942505,2026-03-06T01:43:42.759857,110.55,0.0,8.01,18.28,2.0,0.0,0.0,156.86,5.42,0.114,0.112,STRAIGHT,1.5,1.5,"CMD,0.1,1.50",4.0,0.0029,4.0,0.023,1,0.9975,0,NORMAL,55.122,0.465,1,1,1,1,1,214.6,41,13,dijkstra,graph,0.88411,0,,,,,,0,,,,505565,264660,5191
141,26.03688073158264,2026-03-06T01:43:42.932269,108.18,0.0,8.01,18.03,0.0,0.0,0.0,150.38,5.44,0.115,0.114,STRAIGHT,1.5,1.5,"CMD,0.1,1.50",4.0,0.0029,4.0,0.023,1,0.9974,0,NORMAL,54.929,0.461,1,1,1,1,1,216.9,30,11,dijkstra,graph,0.88653,0,,,,,,0,,,,506866,265352,5193
142,26.21423029899597,2026-03-06T01:43:43.109619,111.04,0.0,8.01,18.24,0.0,0.0,0.0,153.32,5.44,0.116,0.115,STRAIGHT,1.5,1.5,"CMD,0.1,1.50",4.0,0.0029,4.0,0.023,1,0.9971,0,NORMAL,55.872,0.47,1,1,1,1,1,216.9,30,11,dijkstra,graph,0.88579,0,,,,,,0,,,,505571,265133,5188
143,26.40008521080017,2026-03-06T01:43:43.295473,119.5,0.0,7.75,20.03,0.0,0.0,0.0,163.04,5.43,0.117,0.116,STRAIGHT,1.5,1.5,"CMD,0.1,1.50",4.0,0.0029,4.0,0.023,1,0.9973,0,NORMAL,56.263,0.496,1,1,1,1,1,216.9,31,11,dijkstra,graph,0.88667,0,,,,,,0,,,,506555,265451,5198
144,26.584784269332886,2026-03-06T01:43:43.480172,114.39,0.0,2.51,27.74,0.0,0.0,0.0,160.67,5.43,0.117,0.117,STRAIGHT,1.5,1.5,"CMD,0.1,1.50",4.0,0.0029,4.0,0.023,1,0.9945,0,NORMAL,56.758,0.465,1,1,1,1,1,216.9,31,11,dijkstra,graph,0.88849,0,,,,,,0,,,,505177,265937,5195
145,26.77551579475403,2026-03-06T01:43:43.670904,115.65,0.0,13.02,21.78,0.0,0.0,0.0,168.47,5.42,0.117,0.117,STRAIGHT,1.5,1.5,"CMD,0.1,1.50",4.0,0.0029,4.0,0.023,1,0.9941,0,NORMAL,56.375,0.487,1,1,1,1,1,216.9,43,11,dijkstra,graph,0.89207,0,,,,,,0,,,,508158,266957,5195
146,26.963520765304565,2026-03-06T01:43:43.858909,118.01,0.0,10.02,19.92,0.0,0.0,0.0,161.97,5.41,0.117,0.117,STRAIGHT,1.5,1.5,"CMD,0.1,1.50",4.0,0.0029,4.0,0.023,1,0.9976,0,NORMAL,56.559,0.398,1,1,1,1,1,216.9,26,10,dijkstra,graph,0.89114,0,,,,,,0,,,,507018,266658,5127
147,27.151952743530273,2026-03-06T01:43:44.047341,117.13,0.0,8.01,20.03,0.0,0.0,0.0,163.18,5.4,0.117,0.117,STRAIGHT,1.5,1.5,"CMD,0.1,1.50",4.0,0.0029,4.0,0.023,1,0.9978,0,NORMAL,56.336,0.354,1,1,1,1,1,214.6,35,12,dijkstra,graph,0.88853,0,,,,,,0,,,,506015,265926,5472
148,27.324962854385376,2026-03-06T01:43:44.220351,114.53,0.0,2.0,18.25,0.0,0.0,0.0,150.97,5.42,0.118,0.117,STRAIGHT,1.5,1.5,"CMD,0.1,1.50",4.0,0.0029,4.0,0.023,1,0.9937,0,NORMAL,56.3,0.465,1,1,1,1,1,216.9,32,11,dijkstra,graph,0.89597,0,,,,,,0,,,,509245,268110,5283
149,27.521300792694092,2026-03-06T01:43:44.416689,117.97,0.0,6.31,21.42,0.0,0.0,0.0,164.08,5.48,0.118,0.118,STRAIGHT,1.5,1.5,"CMD,0.1,1.50",4.0,0.0029,4.0,0.023,1,0.9972,0,NORMAL,57.938,0.44,1,1,1,1,1,216.9,32,11,dijkstra,graph,0.89535,0,,,,,,0,,,,508470,267910,5260
150,27.711150884628296,2026-03-06T01:43:44.606539,115.56,0.0,10.21,18.03,0.0,0.0,2.0,163.81,5.46,0.118,0.118,STRAIGHT,1.5,1.5,"CMD,0.1,1.50",4.0,0.0029,4.0,0.023,1,0.9981,0,NORMAL,57.582,0.472,1,1,1,1,1,216.9,31,11,dijkstra,graph,0.8937,0,,,,,,0,,,,508184,267511,5162
151,27.880185842514038,2026-03-06T01:43:44.775574,106.7,0.0,10.02,10.02,0.0,0.0,0.0,147.0,5.47,0.118,0.118,STRAIGHT,1.5,1.5,"CMD,0.1,1.50",4.0,0.0029,4.0,0.023,1,0.993,0,NORMAL,55.614,0.549,1,1,1,1,1,216.9,26,11,dijkstra,graph,0.90095,0,,,,,,0,,,,511670,269558,5463
152,28.07102608680725,2026-03-06T01:43:44.966414,112.41,0.0,8.01,20.17,0.0,0.0,0.0,158.61,5.46,0.118,0.118,STRAIGHT,1.5,1.5,"CMD,0.1,1.50",4.0,0.0029,4.0,0.023,1,0.9947,0,NORMAL,51.762,0.516,1,1,1,1,1,216.9,28,10,dijkstra,graph,0.89469,0,,,,,,0,,,,509107,267784,5145
153,28.25670862197876,2026-03-06T01:43:45.152097,118.0,0.0,8.01,18.03,0.0,0.0,0.0,163.66,5.46,0.118,0.118,STRAIGHT,1.5,1.5,"CMD,0.1,1.50",4.0,0.0029,4.0,0.023,1,0.9952,0,NORMAL,49.495,0.576,1,1,1,1,1,216.9,31,11,dijkstra,graph,0.9001,0,,,,,,0,,,,511534,269326,5210
154,28.431055545806885,2026-03-06T01:43:45.326444,110.24,0.0,8.01,14.04,0.0,0.0,0.0,148.31,5.47,0.118,0.118,STRAIGHT,1.5,1.5,"CMD,0.1,1.50",4.0,0.0029,4.0,0.023,1,0.9949,0,NORMAL,48.939,0.585,1,1,1,1,1,210.0,30,11,dijkstra,graph,0.89072,0,,,,,,0,,,,510332,266552,5174
155,28.611096620559692,2026-03-06T01:43:45.506485,97.5,0.0,16.04,18.03,2.0,0.0,0.0,149.37,5.48,0.118,0.118,STRAIGHT,1.5,1.5,"CMD,0.1,1.50",4.0,0.0029,4.0,0.023,1,0.9943,0,NORMAL,48.571,0.588,1,1,1,1,1,207.8,27,11,dijkstra,graph,0.88529,0,,,,,,0,,,,508274,265033,5370
156,28.78845238685608,2026-03-06T01:43:45.683840,104.22,0.0,14.16,18.03,0.0,0.0,0.0,155.32,5.47,0.118,0.118,STRAIGHT,1.5,1.5,"CMD,0.1,1.50",4.0,0.0029,4.0,0.023,1,0.9945,0,NORMAL,48.259,0.557,1,1,1,1,1,205.5,30,11,dijkstra,graph,0.88004,0,,,,,,0,,,,506127,263295,5665
157,28.964923620224,2026-03-06T01:43:45.860312,106.37,0.0,8.01,20.03,0.0,0.0,0.0,152.44,5.49,0.118,0.118,STRAIGHT,1.5,1.5,"CMD,0.1,1.50",4.0,0.0029,4.0,0.023,1,0.995,0,NORMAL,47.597,0.538,1,1,1,1,1,203.2,27,11,dijkstra,graph,0.87568,0,,,,,,0,,,,504237,262090,5364
158,29.14752459526062,2026-03-06T01:43:46.042913,107.91,0.0,10.25,18.38,2.0,0.0,0.0,154.57,5.49,0.118,0.118,STRAIGHT,1.5,1.5,"CMD,0.1,1.50",4.0,0.0029,4.0,0.023,1,0.9922,0,NORMAL,47.482,0.422,1,1,1,1,1,200.9,32,11,dijkstra,graph,0.86705,0,,,,,,0,,,,500746,259437,5274
159,29.323270320892334,2026-03-06T01:43:46.218658,109.85,0.0,7.8,20.03,0.0,0.0,0.0,153.72,5.49,0.119,0.118,STRAIGHT,1.5,1.5,"CMD,0.1,1.50",4.0,0.003,3.927,0.023,1,0.9943,0,NORMAL,47.199,0.368,1,1,1,1,1,196.3,36,12,dijkstra,graph,0.85822,0,,,,,,0,,,,498084,256880,5434
160,29.503939867019653,2026-03-06T01:43:46.399328,106.71,0.0,10.14,19.76,2.0,0.0,0.0,154.64,5.5,0.121,0.119,STRAIGHT,1.5,1.5,"CMD,0.1,1.50",4.0,0.003,3.881,0.023,1,0.9963,0,NORMAL,47.149,0.362,1,1,1,1,1,194.1,32,11,dijkstra,graph,0.85496,0,,,,,,0,,,,497150,255872,5119
161,29.68468403816223,2026-03-06T01:43:46.580072,114.34,0.0,8.01,18.39,2.0,0.0,0.0,158.72,5.5,0.122,0.121,STRAIGHT,1.5,1.5,"CMD,0.1,1.50",4.0,0.003,3.881,0.023,1,0.9952,0,NORMAL,47.946,0.391,1,1,1,1,1,194.1,33,11,dijkstra,graph,0.8506,0,,,,,,0,,,,494985,254654,5135
162,29.867974281311035,2026-03-06T01:43:46.763362,112.97,0.0,12.17,16.02,2.0,0.0,0.0,161.19,5.5,0.125,0.122,STRAIGHT,1.5,1.5,"CMD,0.1,1.50",4.0,0.0032,3.79,0.023,1,0.994,0,NORMAL,49.255,0.384,1,1,1,1,1,189.5,31,11,dijkstra,graph,0.84182,0,,,,,,0,,,,492248,251927,5065
163,30.04624629020691,2026-03-06T01:43:46.941634,113.29,0.0,8.01,18.75,0.0,0.0,0.0,154.24,5.51,0.129,0.125,STRAIGHT,1.5,1.5,"CMD,0.1,1.50",4.0,0.0033,3.699,0.023,1,0.9924,0,NORMAL,50.201,0.379,1,1,1,1,1,184.9,38,12,dijkstra,graph,0.83488,0,,,,,,0,,,,489328,249789,5075
164,30.232130765914917,2026-03-06T01:43:47.127519,113.06,0.0,8.01,18.03,0.0,0.0,0.0,155.4,5.5,0.133,0.129,STRAIGHT,1.5,1.5,"CMD,0.1,1.50",4.0,0.0034,3.653,0.023,1,0.9945,0,NORMAL,50.28,0.347,1,1,1,1,1,182.6,39,12,dijkstra,graph,0.82651,0,,,,,,0,,,,486901,247281,5052
165,30.401193380355835,2026-03-06T01:43:47.296582,98.7,0.0,10.02,22.3,0.0,0.0,0.0,145.03,5.51,0.14,0.133,STRAIGHT,1.5,1.5,"CMD,0.1,1.50",4.0,0.0037,3.516,0.023,1,0.9885,0,NORMAL,50.024,0.327,1,1,1,1,1,175.8,33,11,dijkstra,graph,0.81339,0,,,,,,0,,,,481649,243311,5005
166,30.5755774974823,2026-03-06T01:43:47.470966,110.3,0.0,8.01,16.02,2.0,0.0,0.0,152.36,5.52,0.145,0.14,STRAIGHT,1.5,1.5,"CMD,0.1,1.50",4.0,0.0038,3.47,0.023,1,0.9946,0,NORMAL,50.124,0.32,1,1,1,1,1,173.5,36,12,dijkstra,graph,0.81095,0,,,,,,0,,,,481266,242604,5293
167,30.75485610961914,2026-03-06T01:43:47.650244,109.18,0.0,10.01,14.02,2.0,0.0,0.0,153.24,5.52,0.152,0.145,STRAIGHT,1.5,1.5,"CMD,0.1,1.50",4.0,0.004,3.379,0.023,1,0.9901,0,NORMAL,50.032,0.293,1,1,1,1,1,168.9,26,11,dijkstra,graph,0.80138,0,,,,,,0,,,,476644,239765,4988
168,30.929443359375,2026-03-06T01:43:47.824832,108.5,0.0,8.01,16.02,2.0,0.0,0.0,152.56,5.53,0.156,0.152,STRAIGHT,1.5,1.5,"CMD,0.2,1.50",4.0,0.004,3.379,0.023,1,0.9941,0,NORMAL,50.007,0.292,1,1,1,1,1,168.9,31,12,dijkstra,graph,0.80052,0,,,,,,0,,,,474805,239479,5007
169,31.10755443572998,2026-03-06T01:43:48.002943,114.76,0.0,7.01,14.02,2.0,0.0,0.0,160.09,5.53,0.161,0.156,STRAIGHT,1.5,1.5,"CMD,0.2,1.50",4.0,0.0041,3.333,0.023,1,0.9949,0,NORMAL,50.153,0.354,1,1,1,1,1,166.7,31,12,dijkstra,graph,0.79736,0,,,,,,0,,,,473578,238609,5154
170,31.287114143371582,2026-03-06T01:43:48.182502,109.36,0.0,10.03,18.37,0.0,0.0,0.0,155.53,5.52,0.169,0.161,STRAIGHT,1.5,1.5,"CMD,0.2,1.50",4.0,0.0045,3.196,0.023,1,0.9883,0,NORMAL,50.009,0.31,1,1,1,1,1,159.8,31,12,dijkstra,graph,0.78583,0,,,,,,0,,,,468294,235045,4923
171,31.448078870773315,2026-03-06T01:43:48.343467,106.69,0.0,10.22,8.01,0.0,0.0,0.0,140.94,5.54,0.178,0.169,STRAIGHT,1.5,1.5,"CMD,0.2,1.50",4.0,0.0047,3.105,0.023,1,0.983,0,NORMAL,50.023,0.249,1,1,1,1,1,155.3,27,11,dijkstra,graph,0.77174,0,,,,,,0,,,,460553,230914,4991
172,31.619163036346436,2026-03-06T01:43:48.514551,106.28,0.0,8.01,8.47,0.0,0.0,0.0,140.58,5.56,0.185,0.178,STRAIGHT,1.5,1.5,"CMD,0.2,1.50",4.0,0.0049,3.059,0.023,1,0.9884,0,NORMAL,50.107,0.218,1,1,1,1,1,153.0,27,11,dijkstra,graph,0.7632,0,,,,,,0,,,,455794,228181,4804
173,31.792064905166626,2026-03-06T01:43:48.687453,107.05,0.0,8.01,12.38,0.0,0.0,0.0,152.69,5.57,0.199,0.185,STRAIGHT,1.5,1.5,"CMD,0.2,1.50",4.0,0.0055,2.877,0.023,1,0.9881,0,NORMAL,50.229,0.173,1,1,1,1,1,143.8,27,11,dijkstra,graph,0.75056,0,,,,,,0,,,,450822,224446,4853
174,31.97422504425049,2026-03-06T01:43:48.869613,112.58,0.0,6.61,13.78,2.0,0.0,0.0,162.08,5.58,0.211,0.199,STRAIGHT,1.5,1.5,"CMD,0.2,1.50",4.0,0.0057,2.831,0.023,1,0.9923,0,NORMAL,50.335,0.174,1,1,1,1,1,141.6,31,12,dijkstra,graph,0.74636,0,,,,,,0,,,,447976,223283,4809
175,32.14503812789917,2026-03-06T01:43:49.040426,110.36,0.0,10.39,10.0,0.0,0.0,0.0,148.78,5.6,0.222,0.211,STRAIGHT,1.5,1.5,"CMD,0.2,1.50",4.0,0.0059,2.785,0.023,1,0.9913,0,NORMAL,50.575,0.116,1,1,1,1,1,139.3,27,11,dijkstra,graph,0.74134,0,,,,,,0,,,,444628,221693,4797
176,32.31899905204773,2026-03-06T01:43:49.214387,108.98,0.0,8.64,12.02,0.0,0.0,0.0,153.83,5.61,0.232,0.222,STRAIGHT,1.5,1.5,"CMD,0.2,1.50",4.0,0.0061,2.74,0.023,1,0.9862,0,NORMAL,50.846,0.069,1,1,1,1,1,137.0,31,12,dijkstra,graph,0.73097,0,,,,,,0,,,,438832,218560,4664
177,32.49054312705994,2026-03-06T01:43:49.385931,110.67,0.0,8.01,8.01,0.0,0.0,0.0,153.09,5.61,0.247,0.232,STRAIGHT,1.5,1.5,"CMD,0.2,1.50",4.0,0.0067,2.603,0.023,1,0.9862,0,NORMAL,51.318,0.01,1,1,1,1,1,130.1,34,10,dijkstra,graph,0.72388,0,,,,,,0,,,,433453,216615,4611
178,32.67168092727661,2026-03-06T01:43:49.567069,112.31,0.0,6.01,14.02,2.0,0.0,0.0,152.37,5.63,0.268,0.247,STRAIGHT,1.5,1.5,"CMD,0.2,1.50",4.0,0.0075,2.466,0.023,1,0.9798,0,NORMAL,51.574,-0.003,1,1,1,1,1,123.3,31,11,dijkstra,graph,0.71184,0,,,,,,0,,,,424976,212787,4768
179,32.83123326301575,2026-03-06T01:43:49.726621,105.48,0.0,12.02,8.01,0.0,0.0,0.0,139.53,5.66,0.286,0.268,STRAIGHT,1.5,1.5,"CMD,0.3,1.50",4.0,0.0078,2.42,0.023,1,0.9921,0,NORMAL,51.74,0.015,1,1,1,1,1,121.0,42,12,dijkstra,graph,0.70742,0,,,,,,0,,,,422621,211451,4646
180,33.02486181259155,2026-03-06T01:43:49.920250,116.22,0.0,10.01,14.38,0.0,0.0,0.0,162.82,5.64,0.298,0.286,STRAIGHT,1.5,1.5,"CMD,0.3,1.50",4.0,0.0078,2.42,0.023,1,0.9921,0,NORMAL,52.045,0.01,1,1,1,1,1,121.0,43,12,dijkstra,graph,0.70335,0,,,,,,0,,,,419904,210312,4451
181,33.20564007759094,2026-03-06T01:43:50.101028,114.69,0.0,8.01,14.02,0.0,0.0,0.0,156.75,5.65,0.31,0.298,STRAIGHT,1.5,1.5,"CMD,0.3,1.50",4.0,0.0081,2.374,0.023,1,0.9837,0,NORMAL,52.843,-0.062,1,1,1,1,1,118.7,39,12,dijkstra,graph,0.69207,0,,,,,,0,,,,413363,207001,4316
182,33.37311339378357,2026-03-06T01:43:50.268502,105.48,0.0,8.01,14.13,0.0,0.0,0.0,145.65,5.67,0.318,0.31,STRAIGHT,1.5,1.5,"CMD,0.3,1.50",4.0,0.0081,2.374,0.023,1,0.9882,0,NORMAL,53.169,-0.121,1,1,1,1,1,118.7,36,11,dijkstra,graph,0.68961,0,,,,,,0,,,,410226,206171,4758
183,33.5399374961853,2026-03-06T01:43:50.435326,106.74,0.0,8.01,14.02,2.0,0.0,0.0,146.8,5.68,0.323,0.318,STRAIGHT,1.5,1.5,"CMD,0.3,1.50",4.0,0.0081,2.374,0.023,1,0.9912,0,NORMAL,53.095,-0.052,1,1,1,1,1,118.7,36,10,dijkstra,graph,0.68787,0,,,,,,0,,,,408345,205639,4587
184,33.70878720283508,2026-03-06T01:43:50.604175,106.99,0.0,8.01,15.8,0.0,0.0,0.0,146.82,5.69,0.331,0.323,STRAIGHT,1.5,1.5,"CMD,0.3,1.50",4.0,0.0084,2.329,0.023,1,0.9866,0,NORMAL,53.155,-0.034,1,1,1,1,1,116.4,43,10,dijkstra,graph,0.68196,0,,,,,,0,,,,403909,203831,4281
185,33.880449533462524,2026-03-06T01:43:50.775838,105.54,0.0,11.95,16.02,0.0,0.0,0.0,151.64,5.7,0.337,0.331,STRAIGHT,1.5,1.5,"CMD,0.3,1.50",4.0,0.0084,2.329,0.023,1,0.9776,0,NORMAL,54.056,-0.09,1,1,1,1,1,116.4,42,11,dijkstra,graph,0.67638,0,,,,,,0,,,,396479,202224,4618
186,34.0586838722229,2026-03-06T01:43:50.954072,112.95,0.0,7.76,18.03,0.0,0.0,0.0,156.21,5.69,0.345,0.337,STRAIGHT,1.5,1.5,"CMD,0.3,1.50",4.0,0.0088,2.283,0.023,1,0.9819,0,NORMAL,54.6,-0.124,1,1,1,1,1,114.2,59,11,dijkstra,graph,0.66868,0,,,,,,0,,,,390114,199923,4427
187,34.23575401306152,2026-03-06T01:43:51.131142,112.52,0.0,6.01,18.03,0.0,0.0,0.0,152.58,5.7,0.35,0.345,STRAIGHT,1.5,1.5,"CMD,0.3,1.50",4.0,0.0088,2.283,0.023,1,0.9816,0,NORMAL,54.736,-0.167,1,1,1,1,1,114.2,55,11,dijkstra,graph,0.66114,0,,,,,,0,,,,383709,197686,4263
188,34.40873193740845,2026-03-06T01:43:51.304120,111.29,0.0,8.01,16.02,2.0,0.0,0.0,154.9,5.7,0.359,0.35,STRAIGHT,1.5,1.5,"CMD,0.4,1.50",4.0,0.0091,2.237,0.023,1,0.9811,0,NORMAL,55.202,-0.189,1,1,1,1,1,111.9,59,11,dijkstra,graph,0.65409,0,,,,,,0,,,,376966,195560,4270
189,34.581655502319336,2026-03-06T01:43:51.477044,112.43,0.0,6.01,16.43,0.0,0.0,0.0,150.9,5.71,0.37,0.359,STRAIGHT,1.5,1.5,"CMD,0.4,1.50",4.0,0.0095,2.192,0.023,1,0.9749,0,NORMAL,55.919,-0.114,1,1,1,1,1,109.6,57,11,dijkstra,graph,0.64469,0,,,,,,0,,,,368263,192622,4144
190,34.748706579208374,2026-03-06T01:43:51.644095,106.52,0.0,6.01,12.46,0.0,0.0,0.0,143.02,5.73,0.383,0.37,STRAIGHT,1.5,1.5,"CMD,0.4,1.50",4.0,0.0099,2.146,0.023,1,0.9693,0,NORMAL,56.324,-0.129,1,1,1,1,1,107.3,65,12,dijkstra,graph,0.63056,0,,,,,,0,,,,357325,188526,4149
191,34.92001175880432,2026-03-06T01:43:51.815400,106.37,0.0,6.01,16.28,0.0,0.0,0.0,151.19,5.74,0.386,0.383,STRAIGHT,1.5,1.5,"CMD,0.4,1.50",4.0,0.0095,2.192,0.023,1,0.9804,0,NORMAL,56.436,-0.075,1,1,1,1,1,109.6,67,11,dijkstra,graph,0.62961,0,,,,,,0,,,,352704,188142,4374
192,35.0937602519989,2026-03-06T01:43:51.989149,113.88,0.0,8.01,16.03,0.0,0.0,0.0,153.94,5.75,0.388,0.386,STRAIGHT,1.5,1.5,"CMD,0.4,1.50",4.0,0.0095,2.192,0.023,1,0.9626,0,NORMAL,56.425,-0.009,1,1,1,1,1,109.6,65,12,dijkstra,graph,0.61667,0,,,,,,0,,,,340336,184204,4158
193,35.2623393535614,2026-03-06T01:43:52.157727,104.35,0.0,8.01,17.99,0.0,0.0,0.0,150.53,5.77,0.395,0.388,STRAIGHT,1.5,1.5,"CMD,0.4,1.50",4.0,0.0099,2.146,0.023,1,0.9679,0,NORMAL,56.164,0.037,1,1,1,1,1,107.3,65,12,dijkstra,graph,0.60341,0,,,,,,0,,,,329868,180337,4101
194,35.43758177757263,2026-03-06T01:43:52.332970,103.28,0.0,10.26,23.6,0.0,0.0,0.0,151.15,5.76,0.394,0.394,STRAIGHT,1.5,1.5,"CMD,0.4,1.50",4.0,0.0095,2.192,0.023,1,0.9772,0,NORMAL,55.665,0.124,1,1,1,1,1,109.6,74,12,dijkstra,graph,0.60785,0,,,,,,0,,,,328194,181662,4165
195,35.61179828643799,2026-03-06T01:43:52.507186,111.96,0.0,6.44,17.76,0.0,0.0,0.0,152.19,5.76,0.388,0.394,STRAIGHT,1.5,1.5,"CMD,0.4,1.50",4.0,0.0091,2.237,0.023,1,0.9546,0,NORMAL,54.695,0.192,1,1,1,1,1,111.9,86,9,dijkstra,graph,0.60184,0,,,,,,0,,,,317177,179765,3990
196,35.79040575027466,2026-03-06T01:43:52.685794,110.78,0.0,5.75,22.03,0.0,0.0,0.0,156.58,5.76,0.389,0.389,STRAIGHT,1.5,1.5,"CMD,0.4,1.50",4.0,0.0095,2.192,0.023,1,0.9378,0,NORMAL,54.838,0.2,1,1,1,1,1,109.6,92,8,dijkstra,graph,0.58438,0,,,,,,0,,,,298384,174520,3888
197,35.963966369628906,2026-03-06T01:43:52.859355,109.18,0.0,8.01,18.03,2.0,0.0,0.0,155.54,5.76,0.39,0.389,STRAIGHT,1.5,1.5,"CMD,0.4,1.50",4.0,0.0095,2.192,0.023,1,0.8831,0,NORMAL,54.822,0.25,1,1,1,1,1,109.6,85,9,dijkstra,graph,0.57455,0,,,,,,0,,,,268431,171713,3708
198,36.13857316970825,2026-03-06T01:43:53.033961,116.16,0.0,8.01,14.3,0.0,0.0,0.0,156.58,5.76,0.391,0.39,STRAIGHT,1.5,1.5,"CMD,0.4,1.50",4.0,0.0095,2.192,0.023,1,0.9323,0,NORMAL,54.843,0.249,1,1,1,1,1,109.6,92,10,dijkstra,graph,0.57357,0,,,,,,0,,,,263186,171534,3807
199,36.32544994354248,2026-03-06T01:43:53.220838,114.37,0.0,6.01,16.28,2.0,0.0,0.0,156.69,5.76,0.391,0.391,STRAIGHT,1.5,1.5,"CMD,0.4,1.50",4.0,0.0095,2.192,0.023,1,0.8975,0,NORMAL,55.257,0.222,1,1,1,1,1,109.6,74,9,dijkstra,graph,0.57244,0,,,,,,0,,,,277353,171139,3600
200,36.500712871551514,2026-03-06T01:43:53.396101,117.0,0.0,6.01,20.81,0.0,0.0,0.0,157.19,5.74,0.391,0.391,STRAIGHT,1.5,1.5,"CMD,0.4,1.50",4.0,0.0095,2.192,0.023,1,0.8274,0,NORMAL,54.902,0.212,1,1,1,1,1,109.6,79,7,dijkstra,graph,0.54128,0,,,,,,0,,,,231540,161753,2818
201,36.67269325256348,2026-03-06T01:43:53.568081,111.79,0.0,8.01,14.55,1.5,0.0,0.0,149.87,5.74,0.392,0.391,STRAIGHT,1.5,1.5,"CMD,0.4,1.50",4.0,0.0095,2.192,0.023,1,0.9034,0,NORMAL,50.824,0.137,1,1,1,1,1,109.6,56,5,dijkstra,graph,0.52457,0,,,,,,0,,,,210331,156834,2557
202,36.843607664108276,2026-03-06T01:43:53.738996,105.41,0.0,10.28,16.26,2.0,0.0,0.0,150.45,5.74,0.403,0.392,STRAIGHT,1.5,1.5,"CMD,0.4,1.50",4.0,0.0104,2.1,0.023,1,0.9642,0,NORMAL,50.204,0.1,1,1,1,1,1,105.0,52,5,dijkstra,graph,0.50709,0,,,,,,0,,,,203856,151642,2344
203,37.012577533721924,2026-03-06T01:43:53.907966,114.89,0.0,6.01,12.03,2.0,0.0,0.0,152.95,5.76,0.4,0.4,STRAIGHT,1.5,1.5,"CMD,0.4,1.50",4.0,0.0095,2.192,0.023,1,0.9667,0,NORMAL,50.282,0.073,1,1,1,1,1,109.6,39,5,dijkstra,graph,0.50725,0,,,,,,0,,,,201400,151633,2340
204,37.175355195999146,2026-03-06T01:43:54.070743,112.89,0.0,8.01,13.84,0.0,0.0,0.0,146.75,5.77,0.409,0.403,STRAIGHT,1.5,1.5,"CMD,0.4,1.50",4.0,0.0104,2.1,0.023,1,0.9806,0,NORMAL,50.346,0.047,1,1,1,1,1,105.0,44,5,dijkstra,graph,0.51329,0,,,,,,0,,,,203409,153445,2342
205,37.3493869304657,2026-03-06T01:43:54.244775,113.6,0.0,6.01,18.11,0.0,0.0,0.0,156.01,5.76,0.415,0.409,STRAIGHT,1.5,1.5,"CMD,0.4,1.50",4.0,0.0104,2.1,0.023,1,0.964,0,NORMAL,50.163,-0.002,1,1,1,1,1,105.0,59,6,dijkstra,graph,0.51581,0,,,,,,0,,,,207781,154302,2618
206,37.52548289299011,2026-03-06T01:43:54.420871,110.7,0.0,0.0,27.03,0.0,0.0,0.0,154.07,5.76,-2.313,0.409,STRAIGHT,1.5,1.5,"CMD,0.4,1.50",2.084,-0.1894,1.975,-0.383,1,0.8752,0,NORMAL,50.108,0.016,1,1,1,1,1,114.4,71,9,dijkstra,graph,0.51603,0,,,,,,0,,,,187161,154481,2859
207,37.70369029045105,2026-03-06T01:43:54.599078,117.03,0.0,8.01,14.02,0.0,0.0,2.0,157.04,5.76,-1.411,-1.411,STRAIGHT,1.5,1.5,"CMD,-1.4,1.50",4.0,0.0095,2.192,0.023,1,0.8668,0,NORMAL,50.12,0.077,1,1,1,1,1,109.6,61,8,dijkstra,graph,0.54128,0,,,,,,0,,,,212161,161886,2819
208,37.87811088562012,2026-03-06T01:43:54.773499,114.56,0.0,6.01,19.81,0.0,0.0,2.0,158.4,5.75,-0.825,-1.411,STRAIGHT,1.5,1.5,"CMD,-1.4,1.50",4.0,0.0084,2.329,0.023,1,0.937,0,NORMAL,50.178,0.102,1,1,1,1,1,116.4,93,10,dijkstra,graph,0.56833,0,,,,,,0,,,,225072,169973,3491
209,38.04989147186279,2026-03-06T01:43:54.945280,102.94,0.0,10.39,24.14,2.0,0.0,0.0,155.51,5.77,-0.429,-0.825,STRAIGHT,1.5,1.5,"CMD,-0.8,1.50",4.0,0.0088,2.283,0.023,1,0.9426,0,NORMAL,50.267,0.081,1,1,1,1,1,114.2,89,8,dijkstra,graph,0.56787,0,,,,,,0,,,,219368,169782,3446
210,38.219836711883545,2026-03-06T01:43:55.115225,106.77,0.0,7.46,23.67,0.0,0.0,0.0,153.93,5.78,-0.175,-0.429,STRAIGHT,1.5,1.5,"CMD,-0.4,1.50",4.0,0.0081,2.374,0.023,1,0.9376,0,NORMAL,50.277,0.047,1,1,1,1,1,118.7,73,4,dijkstra,graph,0.54614,0,,,,,,0,,,,216317,163455,2601
211,38.39789032936096,2026-03-06T01:43:55.293279,113.39,0.0,0.0,20.22,0.0,0.0,0.0,160.03,5.77,-0.009,-0.175,STRAIGHT,1.5,1.5,"CMD,-0.2,1.50",4.0,0.0078,2.42,0.023,1,0.9236,0,NORMAL,50.002,0.033,1,1,1,1,1,121.0,113,9,dijkstra,graph,0.58479,0,,,,,,0,,,,231910,174845,3881
212,38.57625865936279,2026-03-06T01:43:55.471647,115.5,0.0,6.01,22.03,2.0,0.0,0.0,157.91,5.76,0.093,-0.009,STRAIGHT,1.5,1.5,"CMD,-0.0,1.50",4.0,0.0072,2.511,0.023,1,0.9578,0,NORMAL,50.015,0.068,1,1,1,1,1,125.6,97,9,dijkstra,graph,0.56486,0,,,,,,0,,,,225498,168992,3563
213,38.75615835189819,2026-03-06T01:43:55.651546,107.73,0.0,10.49,22.42,2.0,0.0,0.0,159.88,5.75,0.162,0.093,STRAIGHT,1.5,1.5,"CMD,0.1,1.50",4.0,0.0072,2.511,0.023,1,0.9709,0,NORMAL,50.059,0.057,1,1,1,1,1,125.6,96,8,dijkstra,graph,0.55983,0,,,,,,0,,,,223736,167508,3120
214,38.93088388442993,2026-03-06T01:43:55.826272,104.09,0.0,10.46,27.75,0.0,0.0,0.0,158.71,5.74,0.207,0.162,STRAIGHT,1.5,1.5,"CMD,0.2,1.50",4.0,0.0072,2.511,0.023,1,0.9582,0,NORMAL,50.099,0.055,1,1,1,1,1,125.6,115,7,dijkstra,graph,0.55329,0,,,,,,0,,,,218605,165344,3050
215,39.108041763305664,2026-03-06T01:43:56.003430,112.38,0.0,10.48,20.07,2.0,0.0,0.0,159.14,5.74,0.231,0.207,STRAIGHT,1.5,1.5,"CMD,0.2,1.50",4.0,0.0067,2.603,0.023,1,0.9675,0,NORMAL,50.038,0.043,1,1,1,1,1,130.1,101,6,dijkstra,graph,0.55946,0,,,,,,0,,,,221097,167362,3069
216,39.27710962295532,2026-03-06T01:43:56.172498,106.78,0.0,10.07,20.16,0.0,0.0,0.0,153.04,5.75,0.25,0.231,STRAIGHT,1.5,1.5,"CMD,0.2,1.50",4.0,0.007,2.557,0.023,1,0.9709,0,NORMAL,50.09,0.101,1,1,1,1,1,127.9,120,7,dijkstra,graph,0.5536,0,,,,,,0,,,,215474,165627,3284
217,39.450023889541626,2026-03-06T01:43:56.345412,101.36,0.0,8.33,20.27,0.0,0.0,0.0,152.47,5.75,0.058,0.231,STRAIGHT,1.5,1.5,"CMD,0.2,1.50",4.0,-0.0079,2.877,-0.033,1,0.9177,0,NORMAL,50.022,0.383,1,1,1,1,1,144.1,124,9,dijkstra,graph,0.57122,0,,,,,,0,,,,211104,170807,3705
218,39.61810541152954,2026-03-06T01:43:56.513493,108.06,0.0,8.02,12.02,2.0,0.0,0.0,147.7,5.76,0.131,0.131,STRAIGHT,1.5,1.5,"CMD,0.1,1.50",4.0,0.0067,2.603,0.023,1,0.8229,0,NORMAL,50.077,-0.395,1,1,1,1,1,130.1,38,8,dijkstra,graph,0.59793,0,,,,,,0,,,,253555,178828,3260
219,39.805649280548096,2026-03-06T01:43:56.701037,104.64,0.0,10.49,29.35,11.01,0.0,0.0,169.51,5.73,0.326,0.131,STRAIGHT,1.5,1.5,"CMD,0.1,1.50",4.0,0.0174,3.995,0.139,1,0.8031,0,NORMAL,50.258,-0.854,1,1,1,1,1,224.9,145,11,dijkstra,fallback_centerline,0.55138,0,,,,,,0,,,,205670,165185,4096
220,39.97658061981201,2026-03-06T01:43:56.871969,111.34,0.0,8.01,10.11,0.0,0.0,0.0,148.9,5.74,0.601,0.326,STRAIGHT,1.5,1.5,"CMD,0.3,1.50",4.0,0.0279,1.279,0.023,1,0.7294,0,NORMAL,55.139,-1.118,1,1,1,1,1,63.9,64,9,dijkstra,graph,0.48285,0,,,,,,0,,,,150023,144525,2962
221,40.139129638671875,2026-03-06T01:43:57.034518,95.8,0.0,10.27,19.81,0.0,0.0,0.0,139.9,5.75,0.647,0.601,STRAIGHT,1.5,1.5,"CMD,0.6,1.50",4.0,0.0179,2.603,0.061,1,0.8921,0,NORMAL,56.412,-1.087,1,1,1,1,1,130.7,46,9,dijkstra,graph,0.46957,0,,,,,,0,,,,147958,140652,2479
222,40.312016248703,2026-03-06T01:43:57.207404,114.95,0.0,8.01,15.88,0.0,0.0,0.0,156.87,5.74,5.389,0.647,STRAIGHT,1.5,1.5,"CMD,0.6,1.50",2.752,0.3688,1.233,0.297,1,0.7476,0,NORMAL,62.77,-1.131,1,1,1,1,1,61.5,78,7,dijkstra,graph,0.42041,0,,,,,,0,,,,110620,125999,2370
223,40.49074101448059,2026-03-06T01:43:57.386129,108.61,0.0,7.22,16.02,12.02,0.0,0.0,162.7,5.74,4.647,4.647,STRAIGHT,1.5,1.5,"CMD,4.6,1.50",2.633,0.0767,2.575,0.257,1,0.7546,0,NORMAL,63.819,-1.087,1,1,1,1,1,200.5,86,6,dijkstra,fallback_centerline,0.47287,0,,,,,,0,,,,146468,141772,2691
224,40.66795301437378,2026-03-06T01:43:57.563341,111.38,0.0,3.74,16.02,10.01,0.0,0.0,161.19,5.74,3.226,4.647,STRAIGHT,1.5,1.5,"CMD,4.6,1.50",3.611,0.0093,3.579,0.06,1,0.6778,0,NORMAL,62.819,-1.068,1,1,1,1,1,224.9,93,5,dijkstra,fallback_centerline,0.36572,0,,,,,,0,,,,100810,109527,2219
225,40.835100412368774,2026-03-06T01:43:57.730489,107.51,0.0,7.75,18.02,2.0,0.0,0.0,153.13,5.75,2.279,3.226,STRAIGHT,1.5,1.5,"CMD,3.2,1.50",3.611,0.0093,3.579,0.06,1,0.6085,0,NORMAL,70.711,-1.008,1,1,1,1,2,104.6,103,7,dijkstra,graph,0.47033,0,,,,,,0,,,,162332,140924,2609
226,41.00179171562195,2026-03-06T01:43:57.897180,106.61,0.0,8.01,16.02,2.0,0.0,0.0,150.67,5.76,-0.108,2.279,STRAIGHT,1.5,1.5,"CMD,2.3,1.50",1.949,-0.1186,1.889,-0.214,1,0.5541,0,NORMAL,70.711,-0.966,1,1,1,1,1,114.1,72,8,dijkstra,graph,0.50413,0,,,,,,0,,,,267660,150677,2928
227,41.18330979347229,2026-03-06T01:43:58.078698,114.71,0.0,6.47,19.94,0.0,0.0,0.0,157.49,5.75,-3.501,-0.108,STRAIGHT,1.5,1.5,"CMD,-0.1,1.50",2.097,-0.2521,1.964,-0.52,1,0.7361,0,NORMAL,70.711,-0.913,1,1,1,1,1,115.6,116,8,dijkstra,graph,0.46483,0,,,,,,0,,,,203365,139157,2934
228,41.37801790237427,2026-03-06T01:43:58.273406,118.41,0.0,0.0,22.19,14.02,0.0,0.0,176.68,5.74,-2.718,-2.718,STRAIGHT,1.5,1.5,"CMD,-2.7,1.50",3.868,-0.0279,3.857,-0.209,1,0.7797,0,NORMAL,70.711,-0.845,1,1,1,1,1,224.9,119,13,dijkstra,fallback_centerline,0.47562,0,,,,,,0,,,,219113,142476,3914
229,41.58377194404602,2026-03-06T01:43:58.479160,128.8,0.0,6.01,22.39,10.5,0.0,0.0,185.73,5.71,-1.724,-2.718,STRAIGHT,1.5,1.5,"CMD,-2.7,1.50",2.72,0.0064,2.695,0.023,1,0.8274,0,NORMAL,70.711,-0.783,1,1,1,1,1,177.2,139,11,dijkstra,fallback_centerline,0.43632,0,,,,,,0,,,,188552,130666,2942
230,41.79615759849548,2026-03-06T01:43:58.691546,133.07,0.0,8.01,22.51,0.0,0.0,0.0,192.15,5.66,-0.021,-1.724,STRAIGHT,1.5,1.5,"CMD,-1.7,1.50",3.368,0.0822,2.374,0.234,1,0.6915,0,NORMAL,70.711,-0.688,1,1,1,1,1,101.0,126,9,dijkstra,graph,0.41541,0,,,,,,0,,,,163783,124737,2894
231,41.97818112373352,2026-03-06T01:43:58.873569,113.27,0.0,8.01,18.45,0.0,0.0,0.0,157.75,5.65,1.115,-0.021,STRAIGHT,1.5,1.5,"CMD,-0.0,1.50",3.368,0.0822,2.374,0.234,1,0.6445,0,NORMAL,70.711,-0.636,1,1,1,1,1,106.8,100,10,dijkstra,graph,0.47938,0,,,,,,0,,,,243882,143482,3335
232,42.1541543006897,2026-03-06T01:43:59.049542,107.41,0.0,14.18,18.03,0.0,0.0,0.0,155.58,5.64,1.872,1.115,STRAIGHT,1.5,1.5,"CMD,1.1,1.50",3.368,0.0822,2.374,0.234,1,0.7106,0,NORMAL,70.711,-0.583,1,1,1,1,1,121.2,93,7,dijkstra,graph,0.43209,0,,,,,,0,,,,176645,129521,2543
233,42.323140144348145,2026-03-06T01:43:59.218528,108.11,0.0,10.38,20.11,0.0,0.0,0.0,152.63,5.63,0.124,1.115,STRAIGHT,1.5,1.5,"CMD,1.1,1.50",2.194,-0.0818,2.146,-0.19,1,0.6773,0,NORMAL,70.711,-0.576,1,1,1,1,1,112.7,100,10,dijkstra,graph,0.50062,0,,,,,,0,,,,257231,149790,3491
234,42.505075216293335,2026-03-06T01:43:59.400463,112.19,0.0,10.01,20.03,2.0,0.0,0.0,161.91,5.62,-0.462,0.124,STRAIGHT,1.5,1.5,"CMD,0.1,1.50",2.8,-0.0396,2.192,-0.095,1,0.8888,0,NORMAL,68.031,-0.559,1,1,1,1,1,113.2,92,9,dijkstra,graph,0.46236,0,,,,,,0,,,,233165,138361,2713
235,42.6773247718811,2026-03-06T01:43:59.572713,113.93,0.0,6.02,10.0,10.25,0.0,0.0,154.23,5.63,-4.916,-0.462,STRAIGHT,1.5,1.5,"CMD,-0.5,1.50",1.847,-0.3418,1.66,-0.517,1,0.9254,0,NORMAL,65.764,-0.496,1,1,1,1,1,106.4,88,10,dijkstra,graph,0.44748,0,,,,,,0,,,,219311,133838,2557
236,42.84605956077576,2026-03-06T01:43:59.741448,109.63,0.0,8.01,18.02,0.0,0.0,0.0,158.39,5.64,-3.059,-3.059,STRAIGHT,1.5,1.5,"CMD,-3.1,1.50",2.8,0.0159,2.603,0.054,1,0.7763,0,NORMAL,58.285,-0.368,1,1,1,1,1,131.1,101,8,dijkstra,graph,0.42663,0,,,,,,0,,,,175673,127744,2555
237,43.00973033905029,2026-03-06T01:43:59.905118,112.33,0.0,6.01,10.3,0.0,0.0,0.0,151.51,5.65,-1.94,-3.059,STRAIGHT,1.5,1.5,"CMD,-3.1,1.50",4.0,0.0072,2.511,0.023,1,0.849,0,NORMAL,56.577,-0.328,1,1,1,1,1,125.6,96,5,dijkstra,graph,0.39576,0,,,,,,0,,,,156482,118803,2172
238,43.20657229423523,2026-03-06T01:44:00.101960,110.91,0.0,10.41,22.12,12.02,0.0,0.0,176.33,5.62,-0.732,-1.94,STRAIGHT,1.5,1.5,"CMD,-1.9,1.50",2.084,0.0409,1.972,0.08,1,0.8551,0,NORMAL,55.112,-0.241,1,1,1,1,1,149.4,126,7,dijkstra,fallback_centerline,0.3781,0,,,,,,0,,,,137060,113345,2230
239,43.38527989387512,2026-03-06T01:44:00.280668,108.51,0.0,14.13,14.06,10.04,0.0,0.0,162.68,5.61,-0.076,-0.732,STRAIGHT,1.5,1.5,"CMD,-0.7,1.50",4.0,0.0299,3.98,0.238,1,0.8583,0,NORMAL,53.79,-0.147,1,1,1,1,1,207.9,116,5,dijkstra,fallback_centerline,0.37326,0,,,,,,0,,,,137870,111877,2258
240,43.56637644767761,2026-03-06T01:44:00.461765,112.14,0.0,4.01,16.25,12.02,0.0,0.0,158.93,5.61,-0.563,-0.563,STRAIGHT,1.5,1.5,"CMD,-0.6,1.50",2.479,-0.0373,2.45,-0.112,1,0.7967,0,NORMAL,52.741,-0.113,1,1,1,1,1,221.9,72,6,dijkstra,fallback_centerline,0.29893,0,,,,,,0,,,,109849,89637,1510
241,43.74823021888733,2026-03-06T01:44:00.643618,111.83,0.0,7.01,14.46,10.1,0.0,0.0,171.83,5.61,0.921,-0.076,STRAIGHT,1.5,1.5,"CMD,-0.1,1.50",2.171,0.0944,2.111,0.212,1,0.7301,0,NORMAL,52.587,-0.061,1,1,1,1,1,218.2,110,5,dijkstra,fallback_centerline,0.36554,0,,,,,,0,,,,149342,109725,1903
242,43.92642951011658,2026-03-06T01:44:00.821818,111.49,0.0,10.31,13.88,2.0,0.0,0.0,157.95,5.61,0.756,0.756,STRAIGHT,1.5,1.5,"CMD,0.8,1.50",4.0,0.0104,2.1,0.023,1,0.8033,0,NORMAL,52.004,0.025,1,1,1,1,1,105.0,47,3,dijkstra,graph,0.39622,0,,,,,,0,,,,183252,118521,1754
243,44.08393335342407,2026-03-06T01:44:00.979321,105.98,0.0,7.72,14.02,0.0,0.0,0.0,141.75,5.63,0.653,0.756,STRAIGHT,1.5,1.5,"CMD,0.8,1.50",4.0,0.0108,2.055,0.023,1,0.96,0,NORMAL,51.422,0.023,1,1,1,1,1,102.7,51,4,dijkstra,graph,0.37905,0,,,,,,0,,,,177244,113536,1617
244,44.243900775909424,2026-03-06T01:44:01.139289,103.7,0.0,8.01,15.68,0.0,0.0,0.0,143.95,5.65,0.584,0.653,STRAIGHT,1.5,1.5,"CMD,0.7,1.50",4.0,0.0108,2.055,0.023,1,0.9582,0,NORMAL,50.851,-0.043,1,1,1,1,1,102.7,71,4,dijkstra,graph,0.36924,0,,,,,,0,,,,180375,110599,1655
245,44.410672664642334,2026-03-06T01:44:01.306061,110.65,0.0,6.01,16.07,0.0,0.0,0.0,148.75,5.65,0.538,0.584,STRAIGHT,1.5,1.5,"CMD,0.6,1.50",4.0,0.0108,2.055,0.023,1,0.9888,0,NORMAL,50.566,0.073,1,1,1,1,1,102.7,75,4,dijkstra,graph,0.36738,0,,,,,,0,,,,180765,109982,1673
246,44.577069997787476,2026-03-06T01:44:01.472458,110.32,0.0,8.01,16.02,0.0,0.0,0.0,150.38,5.66,0.507,0.538,STRAIGHT,1.5,1.5,"CMD,0.5,1.50",4.0,0.0108,2.055,0.023,1,0.9802,0,NORMAL,50.06,0.081,1,1,1,1,1,102.7,77,5,dijkstra,graph,0.36103,0,,,,,,0,,,,181046,108242,1701
247,44.73633646965027,2026-03-06T01:44:01.631725,97.74,0.0,14.72,7.75,6.02,0.0,0.0,143.25,5.67,0.487,0.507,STRAIGHT,1.5,1.5,"CMD,0.5,1.50",4.0,0.0108,2.055,0.023,1,0.9797,0,NORMAL,50.138,0.073,1,1,1,1,1,102.7,56,5,dijkstra,graph,0.34824,0,,,,,,0,,,,178036,104264,1522
248,44.89072108268738,2026-03-06T01:44:01.786109,102.1,0.0,10.34,12.32,0.0,0.0,0.0,144.35,5.7,0.473,0.487,STRAIGHT,1.5,1.5,"CMD,0.5,1.50",4.0,0.0108,2.055,0.023,1,0.9904,0,NORMAL,50.506,0.202,1,1,1,1,1,102.7,56,4,dijkstra,graph,0.3463,0,,,,,,0,,,,177803,103709,1559
249,45.06285262107849,2026-03-06T01:44:01.958241,111.02,0.0,4.01,19.84,0.0,0.0,0.0,151.68,5.7,0.471,0.473,STRAIGHT,1.5,1.5,"CMD,0.5,1.50",4.0,0.0113,2.009,0.023,1,0.9884,0,NORMAL,51.09,0.295,1,1,1,1,1,100.5,65,5,dijkstra,graph,0.34438,0,,,,,,0,,,,177786,102995,1756
250,45.23073434829712,2026-03-06T01:44:02.126122,109.03,0.0,10.45,13.52,0.0,0.0,0.0,149.86,5.7,0.47,0.471,STRAIGHT,1.5,1.5,"CMD,0.5,1.50",4.0,0.0113,2.009,0.023,1,0.9867,0,NORMAL,52.079,0.322,1,1,1,1,1,100.5,69,4,dijkstra,graph,0.34043,0,,,,,,0,,,,177281,101817,1796
251,45.39743494987488,2026-03-06T01:44:02.292823,112.4,0.0,0.0,24.26,0.0,0.0,0.0,150.68,5.7,0.469,0.47,STRAIGHT,1.5,1.5,"CMD,0.5,1.50",4.0,0.0113,2.009,0.023,1,0.9836,0,NORMAL,53.275,0.347,1,1,1,1,1,100.5,68,3,dijkstra,graph,0.3314,0,,,,,,0,,,,175130,99146,1585
252,45.57026124000549,2026-03-06T01:44:02.465649,114.74,0.0,8.01,12.02,2.0,0.0,0.0,154.8,5.71,0.468,0.469,STRAIGHT,1.5,1.5,"CMD,0.5,1.50",4.0,0.0113,2.009,0.023,1,0.9897,0,NORMAL,53.784,0.44,1,1,1,1,1,100.5,51,5,dijkstra,graph,0.33008,0,,,,,,0,,,,175061,98765,1579
253,45.740681648254395,2026-03-06T01:44:02.636070,114.34,0.0,6.01,16.02,2.0,0.0,0.0,154.4,5.72,0.468,0.468,STRAIGHT,1.5,1.5,"CMD,0.5,1.50",4.0,0.0113,2.009,0.023,1,0.988,0,NORMAL,54.707,0.5,1,1,1,1,1,100.5,81,3,dijkstra,graph,0.32804,0,,,,,,0,,,,174916,98179,1622
254,45.907999992370605,2026-03-06T01:44:02.803388,113.23,0.0,6.01,12.02,2.0,0.0,0.0,151.3,5.72,0.475,0.468,STRAIGHT,1.5,1.5,"CMD,0.5,1.50",4.0,0.0118,1.963,0.023,1,0.9866,0,NORMAL,55.704,0.557,1,1,1,1,1,98.2,70,4,dijkstra,graph,0.3236,0,,,,,,0,,,,174570,96834,1605
255,46.066895723342896,2026-03-06T01:44:02.962284,106.41,0.0,8.01,11.66,2.0,0.0,0.0,142.88,5.73,0.479,0.475,STRAIGHT,1.5,1.5,"CMD,0.5,1.50",4.0,0.0118,1.963,0.023,1,0.9726,0,NORMAL,57.578,0.551,1,1,1,1,1,98.2,54,3,dijkstra,graph,0.31124,0,,,,,,0,,,,170069,93154,1438
256,46.228734731674194,2026-03-06T01:44:03.124123,111.51,0.0,6.01,12.27,0.0,0.0,0.0,145.82,5.75,0.482,0.479,STRAIGHT,1.5,1.5,"CMD,0.5,1.50",4.0,0.0118,1.963,0.023,1,0.986,0,NORMAL,58.919,0.656,1,1,1,1,1,98.2,63,3,dijkstra,graph,0.30564,0,,,,,,0,,,,169323,91403,1455
257,46.393420696258545,2026-03-06T01:44:03.288809,110.49,0.0,8.01,12.02,2.0,0.0,0.0,148.55,5.78,0.485,0.482,STRAIGHT,1.5,1.5,"CMD,0.5,1.50",4.0,0.0118,1.963,0.023,1,0.9914,0,NORMAL,60.208,0.737,1,1,1,1,1,98.2,69,4,dijkstra,graph,0.30595,0,,,,,,0,,,,169593,91526,1585
258,46.563624143600464,2026-03-06T01:44:03.459012,112.06,0.0,4.01,18.02,0.0,0.0,0.0,154.18,5.82,0.486,0.485,STRAIGHT,1.5,1.5,"CMD,0.5,1.50",4.0,0.0118,1.963,0.023,1,0.8563,0,NORMAL,61.543,0.779,1,1,1,1,1,102.7,110,5,dijkstra,graph,0.28907,0,,,,,,0,,,,145264,86565,1801
259,46.72058129310608,2026-03-06T01:44:03.615969,110.15,0.0,6.01,8.02,0.0,0.0,0.0,140.94,5.89,0.495,0.486,STRAIGHT,1.5,1.5,"CMD,0.5,1.50",4.0,0.0124,1.918,0.023,1,0.8621,0,NORMAL,65.832,0.56,1,1,1,1,1,95.9,69,3,dijkstra,graph,0.29506,0,,,,,,0,,,,165604,88300,1520
260,46.88215112686157,2026-03-06T01:44:03.777539,104.98,0.0,10.07,8.0,0.0,0.0,0.0,141.15,5.91,0.5,0.495,STRAIGHT,1.5,1.5,"CMD,0.5,1.50",4.0,0.0124,1.918,0.023,1,0.9618,0,NORMAL,66.226,0.608,1,1,1,1,1,95.9,77,3,dijkstra,graph,0.28777,0,,,,,,0,,,,159755,86181,1521
261,47.05217981338501,2026-03-06T01:44:03.947568,113.35,0.0,6.01,12.02,2.0,0.0,0.0,149.81,5.92,0.504,0.5,STRAIGHT,1.5,1.5,"CMD,0.5,1.50",4.0,0.0124,1.918,0.023,1,0.9656,0,NORMAL,65.211,0.658,1,1,1,1,1,95.9,69,3,dijkstra,graph,0.29583,0,,,,,,0,,,,164596,88531,1430
262,47.21729397773743,2026-03-06T01:44:04.112682,117.05,0.0,6.01,14.02,0.0,0.0,0.0,151.1,5.93,0.507,0.504,STRAIGHT,1.5,1.5,"CMD,0.5,1.50",4.0,0.0124,1.918,0.023,1,0.9782,0,NORMAL,65.065,0.747,1,1,1,1,1,95.9,69,3,dijkstra,graph,0.30124,0,,,,,,0,,,,167859,90160,1581
263,47.38443088531494,2026-03-06T01:44:04.279819,112.38,0.0,8.01,14.02,0.0,0.0,0.0,151.12,5.94,0.509,0.507,STRAIGHT,1.5,1.5,"CMD,0.5,1.50",4.0,0.0124,1.918,0.023,1,0.9893,0,NORMAL,64.998,0.779,1,1,1,1,1,95.9,55,4,dijkstra,graph,0.30275,0,,,,,,0,,,,168522,90705,1506
264,47.539403438568115,2026-03-06T01:44:04.434792,104.49,0.0,6.01,10.01,2.0,0.0,0.0,142.96,5.96,0.518,0.509,STRAIGHT,1.5,1.5,"CMD,0.5,1.50",4.0,0.013,1.872,0.023,1,0.9775,0,NORMAL,65.256,0.768,1,1,1,1,1,93.6,43,2,dijkstra,graph,0.29932,0,,,,,,0,,,,165778,89603,1307
265,47.70971179008484,2026-03-06T01:44:04.605100,113.75,0.0,7.01,16.27,0.0,0.0,0.0,152.29,5.96,0.525,0.518,STRAIGHT,1.5,1.5,"CMD,0.5,1.50",4.0,0.013,1.872,0.023,1,0.9796,0,NORMAL,65.601,0.793,1,1,1,1,1,93.6,69,3,dijkstra,graph,0.30537,0,,,,,,0,,,,168319,91362,1580
266,47.873494148254395,2026-03-06T01:44:04.768882,105.56,0.0,10.12,10.02,0.0,0.0,0.0,143.31,5.96,0.529,0.525,STRAIGHT,1.5,1.5,"CMD,0.5,1.50",4.0,0.013,1.872,0.023,1,0.9789,0,NORMAL,66.58,0.715,1,1,1,1,1,93.6,71,3,dijkstra,graph,0.3019,0,,,,,,0,,,,168901,90418,1596
267,48.0523476600647,2026-03-06T01:44:04.947736,114.74,0.0,7.01,14.02,0.0,0.0,0.0,160.75,5.98,0.532,0.529,STRAIGHT,1.5,1.5,"CMD,0.5,1.50",4.0,0.013,1.872,0.023,1,0.9868,0,NORMAL,66.507,0.689,1,1,1,1,1,93.6,70,4,dijkstra,graph,0.30496,0,,,,,,0,,,,169133,91199,1617
268,48.21280312538147,2026-03-06T01:44:05.108191,108.38,0.0,8.01,12.02,0.0,0.0,0.0,144.43,6.01,0.534,0.532,STRAIGHT,1.5,1.5,"CMD,0.5,1.50",4.0,0.013,1.872,0.023,1,0.9818,0,NORMAL,66.095,0.694,1,1,1,1,1,93.6,62,4,dijkstra,graph,0.31163,0,,,,,,0,,,,170969,93140,1660
269,48.38544201850891,2026-03-06T01:44:05.280830,112.09,0.0,6.01,14.02,0.0,0.0,0.0,148.14,6.02,0.535,0.534,STRAIGHT,1.5,1.5,"CMD,0.5,1.50",4.0,0.013,1.872,0.023,1,0.9816,0,NORMAL,65.771,0.707,1,1,1,1,1,93.6,71,4,dijkstra,graph,0.3136,0,,,,,,0,,,,172356,93751,1713
270,48.55453944206238,2026-03-06T01:44:05.449928,112.55,0.0,6.01,14.49,0.0,0.0,0.0,151.07,6.03,0.536,0.535,STRAIGHT,1.5,1.5,"CMD,0.5,1.50",4.0,0.013,1.872,0.023,1,0.9833,0,NORMAL,65.124,0.695,1,1,1,1,1,93.6,86,3,dijkstra,graph,0.31252,0,,,,,,0,,,,171480,93534,1712
271,48.723875761032104,2026-03-06T01:44:05.619264,113.42,0.0,6.01,12.02,2.0,0.0,0.0,149.47,6.04,0.528,0.535,STRAIGHT,1.5,1.5,"CMD,0.5,1.50",4.0,0.0124,1.918,0.023,1,0.9829,0,NORMAL,64.982,0.697,1,1,1,1,1,95.9,68,3,dijkstra,graph,0.31845,0,,,,,,0,,,,171866,95225,1701
272,48.8848135471344,2026-03-06T01:44:05.780202,103.86,0.0,12.09,12.02,2.0,0.0,0.0,146.92,6.04,0.523,0.528,STRAIGHT,1.5,1.5,"CMD,0.5,1.50",4.0,0.0124,1.918,0.023,1,0.9875,0,NORMAL,64.626,0.68,1,1,1,1,1,95.9,67,3,dijkstra,graph,0.31723,0,,,,,,0,,,,171282,94847,1578
273,49.04837250709534,2026-03-06T01:44:05.943761,103.29,0.0,10.06,18.16,2.0,0.0,0.0,147.54,6.04,0.519,0.523,STRAIGHT,1.5,1.5,"CMD,0.5,1.50",4.0,0.0124,1.918,0.023,1,0.9766,0,NORMAL,63.716,0.702,1,1,1,1,1,95.9,75,4,dijkstra,graph,0.32783,0,,,,,,0,,,,175084,98070,1763
274,49.20310068130493,2026-03-06T01:44:06.098489,108.34,0.0,8.01,6.33,0.0,0.0,0.0,138.71,6.05,0.517,0.519,STRAIGHT,1.5,1.5,"CMD,0.5,1.50",4.0,0.0124,1.918,0.023,1,0.9836,0,NORMAL,63.457,0.719,1,1,1,1,1,95.9,57,3,dijkstra,graph,0.32723,0,,,,,,0,,,,174535,98044,1602
275,49.363858461380005,2026-03-06T01:44:06.259247,103.89,0.0,9.69,10.34,0.0,0.0,0.0,142.24,6.06,0.507,0.517,STRAIGHT,1.5,1.5,"CMD,0.5,1.50",4.0,0.0118,1.963,0.023,1,0.9789,0,NORMAL,63.12,0.703,1,1,1,1,1,98.2,90,3,dijkstra,graph,0.33471,0,,,,,,0,,,,177524,100234,1858
276,49.53927206993103,2026-03-06T01:44:06.434660,113.07,0.0,6.01,14.02,2.0,0.0,0.0,153.13,6.04,0.509,0.509,STRAIGHT,1.5,1.5,"CMD,0.5,1.50",4.0,0.0124,1.918,0.023,1,0.9876,0,NORMAL,62.994,0.693,1,1,1,1,1,95.9,83,3,dijkstra,graph,0.33506,0,,,,,,0,,,,177461,100427,1820
277,49.70569705963135,2026-03-06T01:44:06.601085,106.25,0.0,6.01,8.01,10.1,0.0,0.0,148.4,6.02,0.51,0.509,STRAIGHT,1.5,1.5,"CMD,0.5,1.50",4.0,0.0124,1.918,0.023,1,0.9857,0,NORMAL,62.39,0.707,1,1,1,1,1,95.9,86,3,dijkstra,graph,0.33994,0,,,,,,0,,,,178339,101702,1834
278,49.87422180175781,2026-03-06T01:44:06.769610,111.25,0.0,10.03,14.02,0.0,0.0,2.0,158.03,6.02,0.503,0.509,STRAIGHT,1.5,1.5,"CMD,0.5,1.50",4.0,0.0118,1.963,0.023,1,0.9846,0,NORMAL,61.892,0.73,1,1,1,1,1,98.2,62,3,dijkstra,graph,0.34318,0,,,,,,0,,,,178796,102794,1724
279,50.03865170478821,2026-03-06T01:44:06.934040,110.28,0.0,8.01,6.01,10.09,0.0,0.0,150.41,6.03,0.506,0.506,STRAIGHT,1.5,1.5,"CMD,0.5,1.50",4.0,0.0124,1.918,0.023,1,0.9865,0,NORMAL,61.235,0.75,1,1,1,1,1,95.9,84,3,dijkstra,graph,0.34581,0,,,,,,0,,,,179996,103589,1870
280,50.2084379196167,2026-03-06T01:44:07.103826,112.87,0.0,6.01,14.02,2.0,0.0,0.0,153.84,6.03,0.508,0.506,STRAIGHT,1.5,1.5,"CMD,0.5,1.50",4.0,0.0124,1.918,0.023,1,0.9862,0,NORMAL,60.34,0.795,1,1,1,1,1,95.9,77,3,dijkstra,graph,0.35155,0,,,,,,0,,,,181351,105235,1832
281,50.371495485305786,2026-03-06T01:44:07.266884,108.66,0.0,6.55,5.75,10.05,0.0,0.0,147.04,6.04,0.502,0.506,STRAIGHT,1.5,1.5,"CMD,0.5,1.50",4.0,0.0118,1.963,0.023,1,0.9874,0,NORMAL,60.801,0.757,1,1,1,1,1,98.2,76,3,dijkstra,graph,0.35233,0,,,,,,0,,,,181332,105421,1855
282,50.53328323364258,2026-03-06T01:44:07.428671,110.75,0.0,8.15,10.32,0.0,0.0,0.0,151.51,6.05,0.497,0.502,STRAIGHT,1.5,1.5,"CMD,0.5,1.50",4.0,0.0118,1.963,0.023,1,0.9865,0,NORMAL,60.654,0.769,1,1,1,1,1,98.2,79,3,dijkstra,graph,0.35457,0,,,,,,0,,,,181810,106068,1801
283,50.7089786529541,2026-03-06T01:44:07.604367,113.82,0.0,2.16,21.47,0.0,0.0,0.0,151.21,6.04,0.494,0.497,STRAIGHT,1.5,1.5,"CMD,0.5,1.50",4.0,0.0118,1.963,0.023,1,0.9885,0,NORMAL,60.592,0.841,1,1,1,1,1,98.2,86,3,dijkstra,graph,0.35643,0,,,,,,0,,,,182281,106601,1598
284,50.87626814842224,2026-03-06T01:44:07.771656,106.35,0.0,11.53,14.02,2.0,0.0,0.0,151.27,6.03,0.493,0.494,STRAIGHT,1.5,1.5,"CMD,0.5,1.50",4.0,0.0118,1.963,0.023,1,0.9862,0,NORMAL,61.907,0.731,1,1,1,1,1,98.2,76,3,dijkstra,graph,0.35818,0,,,,,,0,,,,182719,107169,1888
285,51.03721237182617,2026-03-06T01:44:07.932601,110.0,0.0,6.01,10.43,0.0,0.0,0.0,142.87,6.03,0.499,0.494,STRAIGHT,1.5,1.5,"CMD,0.5,1.50",4.0,0.0124,1.918,0.023,1,0.9885,0,NORMAL,62.584,0.693,1,1,1,1,1,95.9,85,2,dijkstra,graph,0.35713,0,,,,,,0,,,,182087,106860,1583
286,51.20880436897278,2026-03-06T01:44:08.104192,102.56,0.0,10.02,18.5,2.0,0.0,0.0,151.37,6.02,0.496,0.496,STRAIGHT,1.5,1.5,"CMD,0.5,1.50",4.0,0.0118,1.963,0.023,1,0.9845,0,NORMAL,62.316,0.861,1,1,1,1,1,98.2,75,2,dijkstra,graph,0.36351,0,,,,,,0,,,,184482,108805,1555
287,51.36950612068176,2026-03-06T01:44:08.264894,110.29,0.0,7.87,10.22,0.0,0.0,0.0,144.68,6.03,0.501,0.499,STRAIGHT,1.5,1.5,"CMD,0.5,1.50",4.0,0.0124,1.918,0.023,1,0.9841,0,NORMAL,64.32,0.703,1,1,1,1,1,95.9,85,2,dijkstra,graph,0.36293,0,,,,,,0,,,,183176,108598,1595
288,51.54737138748169,2026-03-06T01:44:08.442760,110.83,0.0,8.01,16.3,0.0,0.0,0.0,157.56,6.01,0.505,0.501,STRAIGHT,1.5,1.5,"CMD,0.5,1.50",4.0,0.0124,1.918,0.023,1,0.9853,0,NORMAL,64.412,0.643,1,1,1,1,1,95.9,79,2,dijkstra,graph,0.37097,0,,,,,,0,,,,185114,111013,1620
289,51.712934494018555,2026-03-06T01:44:08.608323,107.06,0.0,8.01,6.01,8.43,0.0,0.0,145.54,6.0,0.516,0.505,STRAIGHT,1.5,1.5,"CMD,0.5,1.50",4.0,0.013,1.872,0.023,1,0.986,0,NORMAL,65.45,0.658,1,1,1,1,1,93.6,72,2,dijkstra,graph,0.3744,0,,,,,,0,,,,186041,112177,1600
290,51.87605023384094,2026-03-06T01:44:08.771438,111.34,0.0,7.01,14.02,0.0,0.0,0.0,152.82,6.01,0.523,0.516,STRAIGHT,1.5,1.5,"CMD,0.5,1.50",4.0,0.013,1.872,0.023,1,0.9878,0,NORMAL,64.766,0.643,1,1,1,1,1,93.6,79,3,dijkstra,graph,0.37798,0,,,,,,0,,,,186838,113153,1660
291,52.038400650024414,2026-03-06T01:44:08.933789,113.63,0.0,6.01,10.26,0.0,0.0,0.0,146.32,6.02,0.528,0.523,STRAIGHT,1.5,1.5,"CMD,0.5,1.50",4.0,0.013,1.872,0.023,1,0.9896,0,NORMAL,64.956,0.635,1,1,1,1,1,93.6,80,2,dijkstra,graph,0.37864,0,,,,,,0,,,,187007,113372,1596
292,52.21751403808594,2026-03-06T01:44:09.112902,114.62,0.0,8.01,14.02,2.0,0.0,0.0,154.68,6.0,0.54,0.528,STRAIGHT,1.5,1.5,"CMD,0.5,1.50",4.0,0.0137,1.826,0.023,1,0.9876,0,NORMAL,66.279,0.551,1,1,1,1,1,91.3,83,2,dijkstra,graph,0.37678,0,,,,,,0,,,,185953,112864,1684
293,52.3908588886261,2026-03-06T01:44:09.286247,114.52,0.0,6.27,15.76,2.0,0.0,0.0,155.32,5.98,0.548,0.54,STRAIGHT,1.5,1.5,"CMD,0.5,1.50",4.0,0.0137,1.826,0.023,1,0.9863,0,NORMAL,65.237,0.581,1,1,1,1,1,91.3,93,2,dijkstra,graph,0.38324,0,,,,,,0,,,,187502,114713,1715
294,52.559855937957764,2026-03-06T01:44:09.455244,110.65,0.0,8.01,14.28,2.0,0.0,0.0,152.98,5.98,0.554,0.548,STRAIGHT,1.5,1.5,"CMD,0.5,1.50",4.0,0.0137,1.826,0.023,1,0.9885,0,NORMAL,65.438,0.593,1,1,1,1,1,91.3,77,3,dijkstra,graph,0.38671,0,,,,,,0,,,,188529,115867,1705
295,52.72512197494507,2026-03-06T01:44:09.620510,113.45,0.0,7.75,8.01,0.0,0.0,0.0,145.24,5.98,0.558,0.554,STRAIGHT,1.5,1.5,"CMD,0.6,1.50",4.0,0.0137,1.826,0.023,1,0.9876,0,NORMAL,66.185,0.514,1,1,1,1,1,91.3,91,2,dijkstra,graph,0.38682,0,,,,,,0,,,,188499,115769,1723
296,52.89632964134216,2026-03-06T01:44:09.791718,106.78,0.0,8.01,18.04,0.0,0.0,0.0,151.0,5.99,0.57,0.558,STRAIGHT,1.5,1.5,"CMD,0.6,1.50",4.0,0.0144,1.781,0.023,1,0.99,0,NORMAL,66.688,0.445,1,1,1,1,1,89.0,88,2,dijkstra,graph,0.38554,0,,,,,,0,,,,187756,115366,1700
297,53.07298231124878,2026-03-06T01:44:09.968371,118.13,0.0,6.01,16.29,0.0,0.0,0.0,158.45,5.97,0.578,0.57,STRAIGHT,1.5,1.5,"CMD,0.6,1.50",4.0,0.0144,1.781,0.023,1,0.9888,0,NORMAL,65.822,0.45,1,1,1,1,1,89.0,86,2,dijkstra,graph,0.38882,0,,,,,,0,,,,188930,116349,1663
298,53.24021673202515,2026-03-06T01:44:10.135605,118.85,0.0,6.01,8.01,0.0,0.0,0.0,148.89,5.97,0.583,0.578,STRAIGHT,1.5,1.5,"CMD,0.6,1.50",4.0,0.0144,1.781,0.023,1,0.9916,0,NORMAL,66.013,0.452,1,1,1,1,1,89.0,90,2,dijkstra,graph,0.38764,0,,,,,,0,,,,188881,116032,1669
299,53.42180609703064,2026-03-06T01:44:10.317194,115.3,0.0,6.01,16.02,0.0,0.0,0.0,153.5,5.96,0.587,0.583,STRAIGHT,1.5,1.5,"CMD,0.6,1.50",4.0,0.0144,1.781,0.023,1,0.9896,0,NORMAL,66.153,0.399,1,1,1,1,1,89.0,85,2,dijkstra,graph,0.39196,0,,,,,,0,,,,189613,117376,1629
300,53.59205961227417,2026-03-06T01:44:10.487448,110.22,0.0,8.01,16.11,0.0,0.0,0.0,150.05,5.96,0.589,0.587,STRAIGHT,1.5,1.5,"CMD,0.6,1.50",4.0,0.0144,1.781,0.023,1,0.9904,0,NORMAL,66.024,0.363,1,1,1,1,1,89.0,86,3,dijkstra,graph,0.392,0,,,,,,0,,,,189776,117306,1840
301,53.76343584060669,2026-03-06T01:44:10.658824,111.14,0.0,8.01,14.02,0.0,0.0,0.0,153.15,5.94,0.591,0.589,STRAIGHT,1.5,1.5,"CMD,0.6,1.50",4.0,0.0144,1.781,0.023,1,0.9882,0,NORMAL,65.775,0.385,1,1,1,1,1,89.0,78,2,dijkstra,graph,0.3955,0,,,,,,0,,,,190033,118442,1619
302,53.935465812683105,2026-03-06T01:44:10.830854,116.3,0.0,5.75,14.73,0.0,0.0,0.0,154.01,5.93,0.592,0.591,STRAIGHT,1.5,1.5,"CMD,0.6,1.50",4.0,0.0144,1.781,0.023,1,0.9881,0,NORMAL,65.007,0.445,1,1,1,1,1,89.0,98,2,dijkstra,graph,0.40196,0,,,,,,0,,,,192045,120360,1648
303,54.10623383522034,2026-03-06T01:44:11.001622,106.99,0.0,8.01,14.7,0.0,0.0,0.0,148.23,5.92,0.592,0.592,STRAIGHT,1.5,1.5,"CMD,0.6,1.50",4.0,0.0144,1.781,0.023,1,0.9862,0,NORMAL,65.009,0.449,1,1,1,1,1,89.0,66,2,dijkstra,graph,0.40335,0,,,,,,0,,,,190980,120875,1472
304,54.27334928512573,2026-03-06T01:44:11.168737,111.22,0.0,6.01,16.09,2.0,0.0,0.0,151.35,5.91,0.593,0.592,STRAIGHT,1.5,1.5,"CMD,0.6,1.50",4.0,0.0144,1.781,0.023,1,0.9855,0,NORMAL,64.743,0.466,1,1,1,1,1,89.0,94,3,dijkstra,graph,0.40775,0,,,,,,0,,,,193252,122056,1693
305,54.439945936203,2026-03-06T01:44:11.335334,108.36,0.0,6.01,18.18,0.0,0.0,2.0,148.57,5.92,0.593,0.593,STRAIGHT,1.5,1.5,"CMD,0.6,1.50",4.0,0.0144,1.781,0.023,1,0.9927,0,NORMAL,64.598,0.505,1,1,1,1,1,89.0,86,2,dijkstra,graph,0.41178,0,,,,,,0,,,,194301,123278,1628
306,54.612104415893555,2026-03-06T01:44:11.507493,113.6,0.0,6.01,15.76,0.0,0.0,2.0,156.13,5.91,0.593,0.593,STRAIGHT,1.5,1.5,"CMD,0.6,1.50",4.0,0.0144,1.781,0.023,1,0.9914,0,NORMAL,64.268,0.521,1,1,1,1,1,89.0,96,3,dijkstra,graph,0.41405,0,,,,,,0,,,,195192,124042,1797
307,54.785017013549805,2026-03-06T01:44:11.680405,114.83,0.0,8.01,16.02,0.0,0.0,2.0,156.89,5.91,0.593,0.593,STRAIGHT,1.5,1.5,"CMD,0.6,1.50",4.0,0.0144,1.781,0.023,1,0.9849,0,NORMAL,63.6,0.565,1,1,1,1,1,89.0,91,2,dijkstra,graph,0.42618,0,,,,,,0,,,,197611,127747,1778
308,54.953598737716675,2026-03-06T01:44:11.848987,110.51,0.0,6.01,16.02,0.0,0.0,0.0,150.56,5.9,0.594,0.593,STRAIGHT,1.5,1.5,"CMD,0.6,1.50",4.0,0.0144,1.781,0.023,1,0.9905,0,NORMAL,63.469,0.569,1,1,1,1,1,89.0,95,2,dijkstra,graph,0.42841,0,,,,,,0,,,,197518,128368,1752
309,55.120837688446045,2026-03-06T01:44:12.016226,105.06,0.0,8.36,20.3,2.0,0.0,0.0,154.8,5.9,0.584,0.593,STRAIGHT,1.5,1.5,"CMD,0.6,1.50",4.0,0.0137,1.826,0.023,1,0.9853,0,NORMAL,63.13,0.593,1,1,1,1,1,91.3,93,2,dijkstra,graph,0.43855,0,,,,,,0,,,,200080,131313,1777
310,55.29830574989319,2026-03-06T01:44:12.193694,113.0,0.0,6.01,26.42,0.0,0.0,0.0,161.45,5.89,0.578,0.584,STRAIGHT,1.5,1.5,"CMD,0.6,1.50",4.0,0.0137,1.826,0.023,1,0.9892,0,NORMAL,63.293,0.541,1,1,1,1,1,91.3,170,3,dijkstra,graph,0.44029,0,,,,,,0,,,,201004,131909,2242
311,55.48158621788025,2026-03-06T01:44:12.376974,114.91,0.0,6.01,26.04,2.0,0.0,0.0,165.26,5.86,0.583,0.583,STRAIGHT,1.5,1.5,"CMD,0.6,1.50",4.0,0.0144,1.781,0.023,1,0.9913,0,NORMAL,63.288,0.48,1,1,1,1,1,89.0,174,4,dijkstra,graph,0.43876,0,,,,,,0,,,,200824,131508,2264
312,55.644599199295044,2026-03-06T01:44:12.539987,108.27,0.0,2.0,18.7,0.0,0.0,0.0,146.99,5.88,0.577,0.578,STRAIGHT,1.5,1.5,"CMD,0.6,1.50",4.0,0.0137,1.826,0.023,1,0.9901,0,NORMAL,63.044,0.464,1,1,1,1,1,91.3,90,2,dijkstra,graph,0.44074,0,,,,,,0,,,,201394,131881,1730
313,55.82015347480774,2026-03-06T01:44:12.715542,111.25,0.0,6.01,18.03,0.0,0.0,0.0,155.41,5.87,0.583,0.583,STRAIGHT,1.5,1.5,"CMD,0.6,1.50",4.0,0.0144,1.781,0.023,1,0.9906,0,NORMAL,62.837,0.451,1,1,1,1,1,89.0,94,2,dijkstra,graph,0.44205,0,,,,,,0,,,,201756,132369,1900
314,55.98941469192505,2026-03-06T01:44:12.884803,108.72,0.0,8.02,15.79,2.0,0.0,0.0,153.24,5.86,0.586,0.583,STRAIGHT,1.5,1.5,"CMD,0.6,1.50",4.0,0.0144,1.781,0.023,1,0.9862,0,NORMAL,62.704,0.443,1,1,1,1,1,89.0,95,2,dijkstra,graph,0.44988,0,,,,,,0,,,,203592,134709,1853
315,56.15958642959595,2026-03-06T01:44:13.054974,105.8,0.0,6.01,23.06,2.0,0.0,0.0,154.15,5.86,0.589,0.586,STRAIGHT,1.5,1.5,"CMD,0.6,1.50",4.0,0.0144,1.781,0.023,1,0.985,0,NORMAL,62.381,0.453,1,1,1,1,1,89.0,150,6,dijkstra,graph,0.45996,0,,,,,,0,,,,205603,137591,2472
316,56.34499502182007,2026-03-06T01:44:13.240383,115.31,0.0,8.01,26.04,2.0,0.0,0.0,169.39,5.83,0.59,0.589,STRAIGHT,1.5,1.5,"CMD,0.6,1.50",4.0,0.0144,1.781,0.023,1,0.9791,0,NORMAL,62.09,0.455,1,1,1,1,1,89.0,171,6,dijkstra,graph,0.47248,0,,,,,,0,,,,208547,141401,2583
317,56.52879309654236,2026-03-06T01:44:13.424181,117.64,0.0,6.01,25.85,0.0,0.0,0.0,175.34,5.82,0.592,0.59,STRAIGHT,1.5,1.5,"CMD,0.6,1.50",4.0,0.0144,1.781,0.023,1,0.9819,0,NORMAL,62.552,0.443,1,1,1,1,1,89.0,160,6,dijkstra,graph,0.48089,0,,,,,,0,,,,210609,143866,2567
318,56.708542585372925,2026-03-06T01:44:13.603931,119.45,0.0,6.01,18.24,0.0,0.0,0.0,161.72,5.81,0.592,0.592,STRAIGHT,1.5,1.5,"CMD,0.6,1.50",4.0,0.0144,1.781,0.023,1,0.9879,0,NORMAL,62.051,0.426,1,1,1,1,1,89.0,152,5,dijkstra,graph,0.47719,0,,,,,,0,,,,210426,142864,2515
319,56.9043653011322,2026-03-06T01:44:13.799754,113.03,0.0,10.09,34.5,0.0,0.0,0.0,173.96,5.77,0.593,0.592,STRAIGHT,1.5,1.5,"CMD,0.6,1.50",4.0,0.0144,1.781,0.023,1,0.9863,0,NORMAL,61.273,0.451,1,1,1,1,1,89.0,171,7,dijkstra,graph,0.48446,0,,,,,,0,,,,212434,144993,2620
320,57.091808795928955,2026-03-06T01:44:13.987197,107.66,0.0,10.04,24.08,0.0,0.0,0.0,163.15,5.74,0.583,0.592,STRAIGHT,1.5,1.5,"CMD,0.6,1.50",4.0,0.0137,1.826,0.023,1,0.9745,0,NORMAL,60.62,0.492,1,1,1,1,1,91.3,148,9,dijkstra,graph,0.50019,0,,,,,,0,,,,217057,149858,2665
321,57.284356355667114,2026-03-06T01:44:14.179745,118.25,0.0,8.05,25.54,2.35,0.0,0.0,182.34,5.72,0.577,0.583,STRAIGHT,1.5,1.5,"CMD,0.6,1.50",4.0,0.0137,1.826,0.023,1,0.9822,0,NORMAL,60.446,0.545,1,1,1,1,1,91.3,171,12,dijkstra,graph,0.50316,0,,,,,,0,,,,219361,150782,2723
322,57.470294713974,2026-03-06T01:44:14.365683,115.06,0.0,8.01,26.04,0.0,0.0,0.0,167.61,5.71,0.573,0.577,STRAIGHT,1.5,1.5,"CMD,0.6,1.50",4.0,0.0137,1.826,0.023,1,0.9815,0,NORMAL,59.829,0.561,1,1,1,1,1,91.3,156,9,dijkstra,graph,0.51041,0,,,,,,0,,,,222162,152936,2679
323,57.66011714935303,2026-03-06T01:44:14.555505,116.47,0.0,8.01,26.72,0.0,0.0,0.0,173.53,5.69,0.57,0.573,STRAIGHT,1.5,1.5,"CMD,0.6,1.50",4.0,0.0137,1.826,0.023,1,0.9802,0,NORMAL,59.684,0.573,1,1,1,1,1,91.3,172,11,dijkstra,graph,0.51924,0,,,,,,0,,,,225111,155568,3225
324,57.84969639778137,2026-03-06T01:44:14.745084,116.33,0.0,8.01,26.44,0.0,0.0,0.0,167.01,5.66,0.569,0.57,STRAIGHT,1.5,1.5,"CMD,0.6,1.50",4.0,0.0137,1.826,0.023,1,0.9829,0,NORMAL,59.357,0.569,1,1,1,1,1,91.3,162,9,dijkstra,graph,0.51946,0,,,,,,0,,,,225223,155652,2759
325,58.03122162818909,2026-03-06T01:44:14.926610,103.58,0.0,10.19,24.03,0.0,0.0,0.0,159.35,5.65,0.558,0.569,STRAIGHT,1.5,1.5,"CMD,0.6,1.50",4.0,0.013,1.872,0.023,1,0.9811,0,NORMAL,59.278,0.565,1,1,1,1,1,93.6,151,9,dijkstra,graph,0.52192,0,,,,,,0,,,,226615,156269,2652
326,58.21312665939331,2026-03-06T01:44:15.108515,112.4,0.0,8.01,24.22,0.0,0.0,0.0,161.08,5.64,0.56,0.56,STRAIGHT,1.5,1.5,"CMD,0.6,1.50",4.0,0.0137,1.826,0.023,1,0.9803,0,NORMAL,59.12,0.542,1,1,1,1,1,91.3,160,9,dijkstra,graph,0.51457,0,,,,,,0,,,,224283,154094,2705
327,58.394885540008545,2026-03-06T01:44:15.290274,107.32,0.0,12.59,23.77,2.0,0.0,0.0,161.72,5.63,0.553,0.558,STRAIGHT,1.5,1.5,"CMD,0.6,1.50",4.0,0.013,1.872,0.023,1,0.9853,0,NORMAL,58.847,0.58,1,1,1,1,1,93.6,151,10,dijkstra,graph,0.51764,0,,,,,,0,,,,225170,155071,2737
328,58.5761513710022,2026-03-06T01:44:15.471539,110.59,0.0,12.58,24.04,0.0,0.0,0.0,163.24,5.62,0.548,0.553,STRAIGHT,1.5,1.5,"CMD,0.6,1.50",4.0,0.013,1.872,0.023,1,0.9817,0,NORMAL,58.506,0.611,1,1,1,1,1,93.6,157,8,dijkstra,graph,0.52457,0,,,,,,0,,,,226961,157038,2778
329,58.77059316635132,2026-03-06T01:44:15.665981,121.9,0.0,8.01,28.04,2.0,0.0,0.0,182.42,5.6,0.544,0.548,STRAIGHT,1.5,1.5,"CMD,0.5,1.50",4.0,0.013,1.872,0.023,1,0.9813,0,NORMAL,58.452,0.618,1,1,1,1,1,93.6,164,8,dijkstra,graph,0.52291,0,,,,,,0,,,,226486,156623,2842
330,58.971320390701294,2026-03-06T01:44:15.866709,120.19,0.0,8.05,36.27,0.0,0.0,0.0,180.7,5.57,0.542,0.544,STRAIGHT,1.5,1.5,"CMD,0.5,1.50",4.0,0.013,1.872,0.023,1,0.9747,0,NORMAL,58.111,0.644,1,1,1,1,1,93.6,183,7,dijkstra,graph,0.5149,0,,,,,,0,,,,223902,154081,2945
331,59.16519784927368,2026-03-06T01:44:16.060586,117.35,0.0,8.04,30.43,0.0,0.0,0.0,171.84,5.55,0.54,0.542,STRAIGHT,1.5,1.5,"CMD,0.5,1.50",4.0,0.013,1.872,0.023,1,0.9793,0,NORMAL,58.221,0.653,1,1,1,1,1,93.6,158,9,dijkstra,graph,0.51605,0,,,,,,0,,,,224677,154500,2868
332,59.33718919754028,2026-03-06T01:44:16.232577,107.64,0.0,9.58,20.41,0.0,0.0,0.0,151.65,5.54,0.539,0.54,STRAIGHT,1.5,1.5,"CMD,0.5,1.50",4.0,0.013,1.872,0.023,1,0.9761,0,NORMAL,58.171,0.656,1,1,1,1,1,93.6,165,7,dijkstra,graph,0.51773,0,,,,,,0,,,,225786,155039,2869
333,59.53036952018738,2026-03-06T01:44:16.425758,102.7,0.0,10.44,40.17,0.0,0.0,0.0,172.77,5.52,0.539,0.539,STRAIGHT,1.5,1.5,"CMD,0.5,1.50",4.0,0.013,1.872,0.023,1,0.9708,0,NORMAL,58.373,0.641,1,1,1,1,1,93.6,184,8,dijkstra,graph,0.5124,0,,,,,,0,,,,223956,153365,3066
334,59.71304750442505,2026-03-06T01:44:16.608436,110.31,0.0,8.01,26.04,0.0,0.0,0.0,162.35,5.5,0.538,0.539,STRAIGHT,1.5,1.5,"CMD,0.5,1.50",4.0,0.013,1.872,0.023,1,0.9809,0,NORMAL,58.427,0.653,1,1,1,1,1,93.6,168,8,dijkstra,graph,0.51287,0,,,,,,0,,,,225539,153608,2902
335,59.88986587524414,2026-03-06T01:44:16.785254,108.72,0.0,8.01,24.03,0.0,0.0,0.0,158.79,5.49,0.538,0.538,STRAIGHT,1.5,1.5,"CMD,0.5,1.50",4.0,0.013,1.872,0.023,1,0.9799,0,NORMAL,58.614,0.634,1,1,1,1,1,93.6,158,8,dijkstra,graph,0.51473,0,,,,,,0,,,,227226,154148,2842
336,60.07437038421631,2026-03-06T01:44:16.969758,117.67,0.0,6.01,24.42,2.0,0.0,0.0,172.49,5.48,0.538,0.538,STRAIGHT,1.5,1.5,"CMD,0.5,1.50",4.0,0.013,1.872,0.023,1,0.9817,0,NORMAL,58.377,0.592,1,1,1,1,1,93.6,146,9,dijkstra,graph,0.51275,0,,,,,,0,,,,228741,153535,2871
337,60.256617069244385,2026-03-06T01:44:17.152005,107.6,0.0,10.35,26.05,2.0,0.0,0.0,162.22,5.47,0.547,0.538,STRAIGHT,1.5,1.5,"CMD,0.5,1.50",4.0,0.0137,1.826,0.023,1,0.9684,0,NORMAL,58.34,0.596,1,1,1,1,1,91.3,161,8,dijkstra,graph,0.51667,0,,,,,,0,,,,234647,154801,3053
338,60.43725061416626,2026-03-06T01:44:17.332639,106.86,0.0,10.38,26.11,2.0,0.0,0.0,160.35,5.45,0.544,0.544,STRAIGHT,1.5,1.5,"CMD,0.5,1.50",4.0,0.013,1.872,0.023,1,0.9797,0,NORMAL,58.067,0.558,1,1,1,1,1,93.6,160,8,dijkstra,graph,0.51326,0,,,,,,0,,,,231867,153645,2928
339,60.61664152145386,2026-03-06T01:44:17.512030,111.3,0.0,8.01,24.03,0.0,0.0,0.0,159.37,5.45,0.542,0.544,STRAIGHT,1.5,1.5,"CMD,0.5,1.50",4.0,0.013,1.872,0.023,1,0.9774,0,NORMAL,56.873,0.518,1,1,1,1,1,93.6,146,9,dijkstra,graph,0.51076,0,,,,,,0,,,,229364,153060,2967
340,60.787177324295044,2026-03-06T01:44:17.682565,104.48,0.0,8.01,24.0,0.0,0.0,0.0,154.52,5.47,0.54,0.542,STRAIGHT,1.5,1.5,"CMD,0.5,1.50",4.0,0.013,1.872,0.023,1,0.9611,0,NORMAL,54.853,0.468,1,1,1,1,1,93.6,149,8,dijkstra,graph,0.51295,0,,,,,,0,,,,236661,153640,2959
341,60.968767404556274,2026-03-06T01:44:17.864155,114.91,0.0,8.01,22.26,0.0,0.0,2.0,165.57,5.45,0.539,0.54,STRAIGHT,1.5,1.5,"CMD,0.5,1.50",4.0,0.013,1.872,0.023,1,0.9703,0,NORMAL,53.532,0.426,1,1,1,1,1,93.6,127,9,dijkstra,graph,0.50428,0,,,,,,0,,,,234925,151187,2931
342,61.14472198486328,2026-03-06T01:44:18.040110,100.55,0.0,10.28,20.65,0.0,0.0,0.0,151.88,5.46,0.548,0.54,STRAIGHT,1.5,1.5,"CMD,0.5,1.50",4.0,0.0137,1.826,0.023,1,0.9685,0,NORMAL,51.274,0.381,1,1,1,1,1,91.3,113,9,dijkstra,graph,0.4999,0,,,,,,0,,,,235656,149672,2932
343,61.307738065719604,2026-03-06T01:44:18.203126,100.23,0.0,12.29,16.08,0.0,0.0,0.0,152.96,5.45,0.544,0.544,STRAIGHT,1.5,1.5,"CMD,0.5,1.50",4.0,0.013,1.872,0.023,1,0.9671,0,NORMAL,51.276,0.412,1,1,1,1,1,93.6,114,9,dijkstra,graph,0.50089,0,,,,,,0,,,,239868,149993,2951
344,61.489463806152344,2026-03-06T01:44:18.384852,113.3,0.0,6.01,22.03,0.0,0.0,2.0,161.04,5.44,0.542,0.544,STRAIGHT,1.5,1.5,"CMD,0.5,1.50",4.0,0.013,1.872,0.023,1,0.9641,0,NORMAL,51.318,0.432,1,1,1,1,1,93.6,113,8,dijkstra,graph,0.4989,0,,,,,,0,,,,238790,149579,2876
345,61.66762638092041,2026-03-06T01:44:18.563014,107.14,0.0,14.01,22.03,0.0,0.0,0.0,162.14,5.45,0.541,0.542,STRAIGHT,1.5,1.5,"CMD,0.5,1.50",4.0,0.013,1.872,0.023,1,0.952,0,NORMAL,50.784,0.369,1,1,1,1,1,93.6,127,8,dijkstra,graph,0.49382,0,,,,,,0,,,,232754,147942,2859
346,61.83891773223877,2026-03-06T01:44:18.734306,110.04,0.0,8.01,20.03,0.0,0.0,0.0,153.27,5.46,0.539,0.541,STRAIGHT,1.5,1.5,"CMD,0.5,1.50",4.0,0.013,1.872,0.023,1,0.9704,0,NORMAL,50.562,0.356,1,1,1,1,1,93.6,107,8,dijkstra,graph,0.48764,0,,,,,,0,,,,230735,146174,2706
347,62.01263880729675,2026-03-06T01:44:18.908027,109.32,0.0,8.01,22.1,0.0,0.0,0.0,153.7,5.47,0.539,0.539,STRAIGHT,1.5,1.5,"CMD,0.5,1.50",4.0,0.013,1.872,0.023,1,0.9623,0,NORMAL,50.781,0.373,1,1,1,1,1,93.6,124,8,dijkstra,graph,0.47857,0,,,,,,0,,,,228953,143319,2903
348,62.18790817260742,2026-03-06T01:44:19.083296,110.98,0.0,10.2,18.03,2.0,0.0,0.0,157.25,5.49,0.538,0.539,STRAIGHT,1.5,1.5,"CMD,0.5,1.50",4.0,0.013,1.872,0.023,1,0.9591,0,NORMAL,50.901,0.395,1,1,1,1,1,93.6,111,9,dijkstra,graph,0.47027,0,,,,,,0,,,,223789,140794,2822
349,62.36659383773804,2026-03-06T01:44:19.261982,111.56,0.0,3.06,20.47,0.0,0.0,10.06,160.66,5.5,-5.079,0.538,STRAIGHT,1.5,1.5,"CMD,0.5,1.50",2.084,-0.4065,1.598,-0.59,1,0.9533,0,NORMAL,51.109,0.433,1,1,1,1,1,92.1,134,10,dijkstra,graph,0.47264,0,,,,,,0,,,,224126,141586,2913
350,62.53805732727051,2026-03-06T01:44:19.433445,114.84,0.0,8.01,16.37,0.0,0.0,0.0,161.35,5.52,-9.6,-5.079,STRAIGHT,1.5,1.5,"CMD,-5.1,1.50",1.731,-0.4685,1.494,-0.61,1,0.9611,0,NORMAL,51.385,0.468,1,1,1,1,1,91.5,109,10,dijkstra,graph,0.468,0,,,,,,0,,,,227807,140155,2805
351,62.71126461029053,2026-03-06T01:44:19.606653,109.0,0.0,6.01,20.03,0.0,0.0,0.0,161.14,5.54,-12.613,-9.6,STRAIGHT,1.5,1.5,"CMD,-9.6,1.50",1.731,-0.4685,1.494,-0.61,1,0.9664,0,NORMAL,51.646,0.455,1,1,1,1,1,93.6,110,8,dijkstra,graph,0.46738,0,,,,,,0,,,,231899,140087,2827
352,62.880261182785034,2026-03-06T01:44:19.775649,110.51,0.0,6.01,18.04,0.0,0.0,0.0,152.98,5.56,-14.622,-12.613,LEFT,1.485,1.498,"CMD,-12.6,1.50",1.731,-0.4685,1.494,-0.61,1,0.9707,0,NORMAL,51.81,0.462,1,1,1,1,1,93.6,109,8,dijkstra,graph,0.46746,0,,,,,,0,,,,229892,140122,2764
353,63.05898427963257,2026-03-06T01:44:19.954372,103.65,0.0,10.29,24.36,0.0,0.0,0.0,154.32,5.57,-15.957,-14.622,LEFT,1.434,1.49,"CMD,-14.6,1.49",1.728,-0.4681,1.493,-0.608,1,0.9699,0,NORMAL,52.18,0.522,1,1,1,1,1,95.9,107,9,dijkstra,graph,0.46413,0,,,,,,0,,,,227467,139043,2581
354,63.229719400405884,2026-03-06T01:44:20.125108,108.59,0.0,4.01,22.09,2.0,0.0,0.0,152.71,5.58,-16.833,-15.957,LEFT,1.401,1.478,"CMD,-16.0,1.48",1.72,-0.467,1.488,-0.601,1,0.9875,0,NORMAL,52.177,0.594,1,1,1,1,1,95.9,99,7,dijkstra,graph,0.46756,0,,,,,,0,,,,228848,139954,2531
355,63.39515042304993,2026-03-06T01:44:20.290539,113.3,0.0,6.01,10.44,0.0,0.0,0.0,147.41,5.6,-17.407,-16.833,LEFT,1.379,1.462,"CMD,-16.8,1.46",1.714,-0.4662,1.485,-0.597,1,0.9868,0,NORMAL,52.492,0.583,1,1,1,1,1,95.9,89,8,dijkstra,graph,0.46973,0,,,,,,0,,,,230608,140739,2502
356,63.573641300201416,2026-03-06T01:44:20.469029,108.62,0.0,8.01,18.02,2.0,0.0,0.0,158.27,5.6,-17.784,-17.407,LEFT,1.365,1.446,"CMD,-17.4,1.45",1.711,-0.4657,1.483,-0.594,1,0.9836,0,NORMAL,52.472,0.629,1,1,1,1,1,95.9,109,8,dijkstra,graph,0.46475,0,,,,,,0,,,,229866,139168,2707
357,63.74520969390869,2026-03-06T01:44:20.640598,109.31,0.0,8.01,20.03,2.0,0.0,0.0,157.55,5.61,-18.031,-17.784,LEFT,1.355,1.427,"CMD,-17.8,1.43",1.708,-0.4654,1.481,-0.592,1,0.9875,0,NORMAL,52.738,0.653,1,1,1,1,1,95.9,109,7,dijkstra,graph,0.46014,0,,,,,,0,,,,228143,137818,2832
358,63.90980315208435,2026-03-06T01:44:20.805191,102.47,0.0,8.01,18.04,0.0,0.0,0.0,146.57,5.64,-18.193,-18.031,LEFT,1.349,1.409,"CMD,-18.0,1.41",1.707,-0.4651,1.48,-0.591,1,0.9913,0,NORMAL,52.952,0.686,1,1,1,1,1,95.9,108,8,dijkstra,graph,0.46004,0,,,,,,0,,,,227869,137694,2873
359,64.08200240135193,2026-03-06T01:44:20.977391,107.61,0.0,6.01,18.02,2.0,0.0,0.0,151.79,5.67,-11.958,-18.031,LEFT,1.349,1.39,"CMD,-18.0,1.39",2.19,0.0124,1.918,0.023,1,0.9815,0,NORMAL,53.035,0.699,1,1,1,1,1,95.9,102,7,dijkstra,graph,0.45318,0,,,,,,0,,,,224078,135659,2716
360,64.25636792182922,2026-03-06T01:44:21.151756,109.81,0.0,12.48,20.03,0.0,0.0,0.0,156.34,5.7,-7.801,-11.958,STRAIGHT,1.5,1.392,"CMD,-12.0,1.39",4.0,0.0124,1.918,0.023,1,0.9859,0,NORMAL,53.284,0.676,1,1,1,1,1,95.9,110,8,dijkstra,graph,0.44942,0,,,,,,0,,,,221432,134553,2689
361,64.42771172523499,2026-03-06T01:44:21.323100,105.3,0.0,10.08,22.18,0.0,0.0,0.0,153.32,5.7,-5.022,-7.801,STRAIGHT,1.5,1.4,"CMD,-7.8,1.40",4.0,0.013,1.872,0.023,1,0.9866,0,NORMAL,53.64,0.672,1,1,1,1,1,93.6,100,7,dijkstra,graph,0.44198,0,,,,,,0,,,,218604,132390,2663
362,64.60001397132874,2026-03-06T01:44:21.495402,107.51,0.0,7.04,21.7,2.0,0.0,0.0,154.28,5.72,-3.169,-5.022,STRAIGHT,1.5,1.412,"CMD,-5.0,1.41",4.0,0.013,1.872,0.023,1,0.9887,0,NORMAL,53.817,0.697,1,1,1,1,1,93.6,108,8,dijkstra,graph,0.43988,0,,,,,,0,,,,216771,131642,2683
363,64.76648879051208,2026-03-06T01:44:21.661877,114.25,0.0,6.01,14.15,0.0,0.0,0.0,150.45,5.74,-1.933,-3.169,STRAIGHT,1.5,1.427,"CMD,-3.2,1.43",4.0,0.013,1.872,0.023,1,0.9909,0,NORMAL,54.037,0.745,1,1,1,1,1,93.6,96,6,dijkstra,graph,0.43998,0,,,,,,0,,,,215976,131651,2537
364,64.93732762336731,2026-03-06T01:44:21.832716,108.3,0.0,6.01,18.03,0.0,0.0,0.0,148.36,5.75,-1.11,-1.933,STRAIGHT,1.5,1.444,"CMD,-1.9,1.44",4.0,0.013,1.872,0.023,1,0.9872,0,NORMAL,54.029,0.768,1,1,1,1,1,93.6,88,6,dijkstra,graph,0.43438,0,,,,,,0,,,,213425,129946,2511
365,65.10898661613464,2026-03-06T01:44:22.004375,108.51,0.0,10.24,20.22,0.0,0.0,0.0,153.64,5.76,-0.569,-1.11,STRAIGHT,1.5,1.462,"CMD,-1.1,1.46",4.0,0.0124,1.918,0.023,1,0.9855,0,NORMAL,54.002,0.778,1,1,1,1,1,95.9,99,5,dijkstra,graph,0.4299,0,,,,,,0,,,,210747,128669,2571
366,65.27757668495178,2026-03-06T01:44:22.172965,109.54,0.0,0.0,14.26,0.0,0.0,0.0,148.57,5.78,-0.209,-0.569,STRAIGHT,1.5,1.481,"CMD,-0.6,1.48",4.0,0.0124,1.918,0.023,1,0.9447,0,NORMAL,54.365,0.581,1,1,1,1,1,95.9,59,5,dijkstra,graph,0.44002,0,,,,,,0,,,,206073,131761,2276
367,65.4426200389862,2026-03-06T01:44:22.338008,113.98,0.0,6.01,14.57,0.0,0.0,0.0,149.02,5.79,0.031,-0.209,STRAIGHT,1.5,1.5,"CMD,-0.2,1.50",4.0,0.0124,1.918,0.023,1,0.934,0,NORMAL,54.569,0.494,1,1,1,1,1,95.9,48,4,dijkstra,graph,0.41514,0,,,,,,0,,,,193348,124214,2139
368,65.61099910736084,2026-03-06T01:44:22.506387,112.32,0.0,8.01,12.02,0.0,0.0,2.0,150.37,5.8,0.209,0.031,STRAIGHT,1.5,1.5,"CMD,0.0,1.50",4.0,0.0137,1.826,0.023,1,0.9516,0,NORMAL,53.982,0.556,1,1,1,1,1,91.3,54,3,dijkstra,graph,0.40432,0,,,,,,0,,,,194314,120938,2014
369,65.77518105506897,2026-03-06T01:44:22.670569,112.46,0.0,8.01,9.97,2.0,0.0,0.0,148.16,5.81,0.319,0.209,STRAIGHT,1.5,1.5,"CMD,0.2,1.50",4.0,0.013,1.872,0.023,1,0.9579,0,NORMAL,53.204,0.596,1,1,1,1,1,93.6,31,3,dijkstra,graph,0.38981,0,,,,,,0,,,,187157,116639,1500
370,65.9484007358551,2026-03-06T01:44:22.843789,106.73,0.0,15.17,15.76,0.0,0.0,0.0,155.19,5.82,0.401,0.319,STRAIGHT,1.5,1.5,"CMD,0.3,1.50",4.0,0.0137,1.826,0.023,1,0.9587,0,NORMAL,52.458,0.586,1,1,1,1,1,91.3,74,3,dijkstra,graph,0.38099,0,,,,,,0,,,,189176,114032,1781
371,66.11668300628662,2026-03-06T01:44:23.012071,108.33,0.0,6.05,18.09,0.0,0.0,0.0,146.25,5.82,0.465,0.401,STRAIGHT,1.5,1.5,"CMD,0.4,1.50",4.0,0.0144,1.781,0.023,1,0.9783,0,NORMAL,51.956,0.612,1,1,1,1,1,89.0,80,3,dijkstra,graph,0.37479,0,,,,,,0,,,,186300,112103,1801
372,66.28752946853638,2026-03-06T01:44:23.182918,112.3,0.0,12.28,14.02,0.0,0.0,2.0,156.83,5.82,0.508,0.465,STRAIGHT,1.5,1.5,"CMD,0.5,1.50",4.0,0.0144,1.781,0.023,1,0.979,0,NORMAL,51.519,0.629,1,1,1,1,1,89.0,62,4,dijkstra,graph,0.37169,0,,,,,,0,,,,186609,111324,1768
373,66.45179510116577,2026-03-06T01:44:23.347183,108.19,0.0,6.01,16.02,0.0,0.0,0.0,148.25,5.84,0.537,0.508,STRAIGHT,1.5,1.5,"CMD,0.5,1.50",4.0,0.0144,1.781,0.023,1,0.9829,0,NORMAL,51.049,0.627,1,1,1,1,1,89.0,84,3,dijkstra,graph,0.37147,0,,,,,,0,,,,188238,111180,1926
374,66.61767601966858,2026-03-06T01:44:23.513064,109.81,0.0,8.01,18.03,0.0,0.0,0.0,149.86,5.86,0.556,0.537,STRAIGHT,1.5,1.5,"CMD,0.5,1.50",4.0,0.0144,1.781,0.023,1,0.9819,0,NORMAL,50.652,0.646,1,1,1,1,1,89.0,86,3,dijkstra,graph,0.36715,0,,,,,,0,,,,185413,109889,1768
375,66.78720211982727,2026-03-06T01:44:23.682590,112.17,0.0,0.0,13.97,0.0,0.0,0.0,157.5,5.86,0.579,0.556,STRAIGHT,1.5,1.5,"CMD,0.6,1.50",4.0,0.0152,1.735,0.023,1,0.9767,0,NORMAL,50.377,0.634,1,1,1,1,1,86.8,69,3,dijkstra,graph,0.35833,0,,,,,,0,,,,184689,107227,1827
376,66.95370173454285,2026-03-06T01:44:23.849090,112.29,0.0,7.75,14.68,0.0,0.0,0.0,148.74,5.87,0.595,0.579,STRAIGHT,1.5,1.5,"CMD,0.6,1.50",4.0,0.0152,1.735,0.023,1,0.9796,0,NORMAL,50.154,0.636,1,1,1,1,1,86.8,63,3,dijkstra,graph,0.35884,0,,,,,,0,,,,184713,107285,1691
377,67.12320613861084,2026-03-06T01:44:24.018594,111.15,0.0,0.0,14.3,0.0,0.0,0.0,151.61,5.88,0.616,0.595,STRAIGHT,1.5,1.5,"CMD,0.6,1.50",4.0,0.016,1.689,0.023,1,0.9627,0,NORMAL,50.024,0.652,1,1,1,1,1,84.5,77,3,dijkstra,graph,0.34329,0,,,,,,0,,,,178948,102745,1891
378,67.28769850730896,2026-03-06T01:44:24.183087,110.42,0.0,6.01,14.02,0.0,0.0,2.0,150.48,5.89,0.631,0.616,STRAIGHT,1.5,1.5,"CMD,0.6,1.50",4.0,0.016,1.689,0.023,1,0.9803,0,NORMAL,50.016,0.644,1,1,1,1,1,84.5,66,3,dijkstra,graph,0.33312,0,,,,,,0,,,,176020,99770,1850
379,67.45427417755127,2026-03-06T01:44:24.349662,107.14,0.0,4.01,14.03,2.0,0.0,0.0,146.55,5.9,0.641,0.631,STRAIGHT,1.5,1.5,"CMD,0.6,1.50",4.0,0.016,1.689,0.023,1,0.9822,0,NORMAL,50.137,0.622,1,1,1,1,1,84.5,76,3,dijkstra,graph,0.32837,0,,,,,,0,,,,173385,98239,1808
380,67.61958456039429,2026-03-06T01:44:24.514973,112.62,0.0,7.54,10.4,0.0,0.0,0.0,151.28,5.91,0.647,0.641,STRAIGHT,1.5,1.5,"CMD,0.6,1.50",4.0,0.016,1.689,0.023,1,0.9775,0,NORMAL,50.374,0.622,1,1,1,1,1,84.5,71,3,dijkstra,graph,0.31872,0,,,,,,0,,,,169681,95278,1600
381,67.79707336425781,2026-03-06T01:44:24.692462,113.62,0.0,10.26,14.16,2.0,0.0,0.0,155.4,5.9,0.652,0.647,STRAIGHT,1.5,1.5,"CMD,0.6,1.50",4.0,0.016,1.689,0.023,1,0.9878,0,NORMAL,50.749,0.574,1,1,1,1,1,84.5,60,5,dijkstra,graph,0.31566,0,,,,,,0,,,,169781,94500,1641
382,67.95799112319946,2026-03-06T01:44:24.853379,107.34,0.0,7.51,14.02,0.0,0.0,0.0,144.9,5.92,0.654,0.652,STRAIGHT,1.5,1.5,"CMD,0.7,1.50",4.0,0.016,1.689,0.023,1,0.9793,0,NORMAL,51.235,0.56,1,1,1,1,1,84.5,70,4,dijkstra,graph,0.30787,0,,,,,,0,,,,166449,92056,1614
383,68.11255049705505,2026-03-06T01:44:25.007939,106.34,0.0,6.01,8.01,0.0,0.0,0.0,138.54,5.94,0.656,0.654,STRAIGHT,1.5,1.5,"CMD,0.7,1.50",4.0,0.016,1.689,0.023,1,0.9871,0,NORMAL,51.75,0.52,1,1,1,1,1,84.5,72,4,dijkstra,graph,0.30434,0,,,,,,0,,,,165400,91147,1579
384,68.28160214424133,2026-03-06T01:44:25.176990,108.65,0.0,6.01,12.02,0.0,0.0,0.0,148.79,5.93,0.658,0.656,STRAIGHT,1.5,1.5,"CMD,0.7,1.50",4.0,0.016,1.689,0.023,1,0.9874,0,NORMAL,51.996,0.507,1,1,1,1,1,84.5,62,3,dijkstra,graph,0.30277,0,,,,,,0,,,,163780,90623,1593
385,68.44193005561829,2026-03-06T01:44:25.337318,108.26,0.0,8.01,10.01,2.0,0.0,0.0,144.31,5.96,0.658,0.658,STRAIGHT,1.5,1.5,"CMD,0.7,1.50",4.0,0.016,1.689,0.023,1,0.972,0,NORMAL,52.373,0.487,1,1,1,1,1,84.5,42,2,dijkstra,graph,0.29541,0,,,,,,0,,,,159495,88501,1292
386,68.60279560089111,2026-03-06T01:44:25.498184,108.8,0.0,6.01,12.02,0.0,0.0,0.0,144.85,5.97,0.659,0.658,STRAIGHT,1.5,1.5,"CMD,0.7,1.50",4.0,0.016,1.689,0.023,1,0.9659,0,NORMAL,52.711,0.495,1,1,1,1,1,84.5,63,3,dijkstra,graph,0.2963,0,,,,,,0,,,,162653,88685,1522
387,68.7621476650238,2026-03-06T01:44:25.657536,101.07,0.0,10.21,16.03,0.0,0.0,0.0,143.33,5.98,0.672,0.659,STRAIGHT,1.5,1.5,"CMD,0.7,1.50",4.0,0.0169,1.644,0.023,1,0.9795,0,NORMAL,53.159,0.454,1,1,1,1,1,82.2,68,4,dijkstra,graph,0.29068,0,,,,,,0,,,,159655,87086,1529
388,68.92552542686462,2026-03-06T01:44:25.820913,101.53,0.0,10.02,17.78,0.0,0.0,0.0,143.35,5.99,0.68,0.672,STRAIGHT,1.5,1.5,"CMD,0.7,1.50",4.0,0.0169,1.644,0.023,1,0.9828,0,NORMAL,53.578,0.46,1,1,1,1,1,82.2,71,3,dijkstra,graph,0.29434,0,,,,,,0,,,,162018,87998,1535
389,69.08503651618958,2026-03-06T01:44:25.980425,102.7,0.0,10.28,16.49,0.0,0.0,0.0,143.49,6.01,0.686,0.68,STRAIGHT,1.5,1.5,"CMD,0.7,1.50",4.0,0.0169,1.644,0.023,1,0.9915,0,NORMAL,53.968,0.506,1,1,1,1,1,82.2,67,3,dijkstra,graph,0.29279,0,,,,,,0,,,,161661,87621,1487
390,69.25027227401733,2026-03-06T01:44:26.145661,106.1,0.0,10.43,16.05,2.0,0.0,0.0,149.21,6.01,0.689,0.686,STRAIGHT,1.5,1.5,"CMD,0.7,1.50",4.0,0.0169,1.644,0.023,1,0.9885,0,NORMAL,54.373,0.53,1,1,1,1,1,82.2,74,3,dijkstra,graph,0.29231,0,,,,,,0,,,,161397,87436,1517
391,69.42042469978333,2026-03-06T01:44:26.315813,112.06,0.0,6.01,12.02,2.0,0.0,0.0,150.12,6.02,0.68,0.686,STRAIGHT,1.5,1.5,"CMD,0.7,1.50",4.0,0.016,1.689,0.023,1,0.9817,0,NORMAL,54.979,0.538,1,1,1,1,1,84.5,69,4,dijkstra,graph,0.28802,0,,,,,,0,,,,160856,86241,1519
392,69.58168029785156,2026-03-06T01:44:26.477068,104.71,0.0,10.48,12.02,2.0,0.0,0.0,145.24,6.02,0.673,0.68,STRAIGHT,1.5,1.5,"CMD,0.7,1.50",4.0,0.016,1.689,0.023,1,0.982,0,NORMAL,55.528,0.563,1,1,1,1,1,84.5,67,3,dijkstra,graph,0.28599,0,,,,,,0,,,,159740,85465,1527
393,69.75243902206421,2026-03-06T01:44:26.647827,114.68,0.0,8.01,14.02,0.0,0.0,0.0,154.74,6.02,0.657,0.673,STRAIGHT,1.5,1.5,"CMD,0.7,1.50",4.0,0.0152,1.735,0.023,1,0.9836,0,NORMAL,56.286,0.589,1,1,1,1,1,86.8,81,3,dijkstra,graph,0.2845,0,,,,,,0,,,,159831,85113,1623
394,69.91806840896606,2026-03-06T01:44:26.813456,104.81,0.0,10.23,16.42,0.0,0.0,2.0,149.61,6.03,0.658,0.658,STRAIGHT,1.5,1.5,"CMD,0.7,1.50",4.0,0.016,1.689,0.023,1,0.9798,0,NORMAL,56.921,0.61,1,1,1,1,1,84.5,75,3,dijkstra,graph,0.28252,0,,,,,,0,,,,158777,84517,1581
395,70.08159637451172,2026-03-06T01:44:26.976985,111.48,0.0,7.52,10.48,0.0,0.0,0.0,147.51,6.03,0.659,0.658,STRAIGHT,1.5,1.5,"CMD,0.7,1.50",4.0,0.016,1.689,0.023,1,0.9894,0,NORMAL,57.843,0.624,1,1,1,1,1,84.5,70,3,dijkstra,graph,0.28285,0,,,,,,0,,,,158953,84535,1607
396,70.24739098548889,2026-03-06T01:44:27.142779,111.13,0.0,0.0,11.91,2.0,0.0,0.0,147.04,6.04,0.659,0.659,STRAIGHT,1.5,1.5,"CMD,0.7,1.50",4.0,0.016,1.689,0.023,1,0.9806,0,NORMAL,58.795,0.605,1,1,1,1,1,84.5,73,3,dijkstra,graph,0.27711,0,,,,,,0,,,,156949,82826,1663
397,70.4048125743866,2026-03-06T01:44:27.300201,104.17,0.0,12.15,6.01,0.0,0.0,0.0,141.4,6.05,0.66,0.659,STRAIGHT,1.5,1.5,"CMD,0.7,1.50",4.0,0.016,1.689,0.023,1,0.9791,0,NORMAL,59.523,0.621,1,1,1,1,1,84.5,55,3,dijkstra,graph,0.27138,0,,,,,,0,,,,155152,81177,1576
398,70.5767867565155,2026-03-06T01:44:27.472175,104.69,0.0,10.44,19.68,0.0,0.0,0.0,151.77,6.04,0.672,0.66,STRAIGHT,1.5,1.5,"CMD,0.7,1.50",4.0,0.0169,1.644,0.023,1,0.9844,0,NORMAL,60.012,0.638,1,1,1,1,1,82.2,77,3,dijkstra,graph,0.26959,0,,,,,,0,,,,154620,80691,1644
399,70.73841214179993,2026-03-06T01:44:27.633800,106.32,0.0,7.96,10.35,0.0,0.0,0.0,151.29,6.05,0.68,0.672,STRAIGHT,1.5,1.5,"CMD,0.7,1.50",4.0,0.0169,1.644,0.023,1,0.9718,0,NORMAL,59.989,0.613,1,1,1,1,1,80.8,64,3,dijkstra,graph,0.27486,0,,,,,,0,,,,155486,82222,1499
400,70.90602231025696,2026-03-06T01:44:27.801410,113.19,0.0,6.01,12.02,2.0,0.0,0.0,151.25,6.05,0.686,0.68,STRAIGHT,1.5,1.5,"CMD,0.7,1.50",4.0,0.0169,1.644,0.023,1,0.9381,0,NORMAL,61.643,0.676,1,1,1,1,1,74.3,62,3,dijkstra,graph,0.25787,0,,,,,,0,,,,147346,77123,1419
401,71.06746482849121,2026-03-06T01:44:27.962853,107.03,0.0,6.01,12.02,2.0,0.0,0.0,145.42,6.07,0.677,0.68,STRAIGHT,1.5,1.5,"CMD,0.7,1.50",4.0,0.016,1.689,0.023,1,0.9655,0,NORMAL,61.765,0.697,1,1,1,1,1,84.5,62,2,dijkstra,graph,0.26471,0,,,,,,0,,,,152589,79239,1404
402,71.22681474685669,2026-03-06T01:44:28.122203,105.27,0.0,8.01,14.02,0.0,0.0,0.0,143.33,6.08,0.684,0.684,STRAIGHT,1.5,1.5,"CMD,0.7,1.50",4.0,0.0169,1.644,0.023,1,0.983,0,NORMAL,62.941,0.727,1,1,1,1,1,82.2,69,3,dijkstra,graph,0.2612,0,,,,,,0,,,,151514,78150,1655
403,71.38648581504822,2026-03-06T01:44:28.281874,98.23,0.0,10.23,20.49,0.0,0.0,2.0,145.65,6.08,0.676,0.677,STRAIGHT,1.5,1.5,"CMD,0.7,1.50",4.0,0.016,1.689,0.023,1,0.9706,0,NORMAL,62.953,0.748,1,1,1,1,1,84.5,77,3,dijkstra,graph,0.27285,0,,,,,,0,,,,156091,81653,1704
404,71.55392360687256,2026-03-06T01:44:28.449312,111.5,0.0,5.75,14.02,0.0,0.0,0.0,149.42,6.08,0.683,0.683,STRAIGHT,1.5,1.5,"CMD,0.7,1.50",4.0,0.0169,1.644,0.023,1,0.9734,0,NORMAL,64.636,0.818,1,1,1,1,1,82.2,70,4,dijkstra,graph,0.26481,0,,,,,,0,,,,152115,79287,1622
405,71.71934103965759,2026-03-06T01:44:28.614729,113.1,0.0,0.0,20.28,0.0,0.0,0.0,147.39,6.09,0.687,0.683,STRAIGHT,1.5,1.5,"CMD,0.7,1.50",4.0,0.0169,1.644,0.023,1,0.9776,0,NORMAL,65.587,0.836,1,1,1,1,1,82.2,50,3,dijkstra,graph,0.25374,0,,,,,,0,,,,148978,75926,1480
406,71.87789058685303,2026-03-06T01:44:28.773279,114.49,0.0,8.01,6.01,0.0,0.0,0.0,142.53,6.1,0.678,0.683,STRAIGHT,1.5,1.5,"CMD,0.7,1.50",4.0,0.016,1.689,0.023,1,0.9722,0,NORMAL,65.378,0.893,1,1,1,1,1,84.5,55,2,dijkstra,graph,0.26676,0,,,,,,0,,,,153169,79742,1296
407,72.05982089042664,2026-03-06T01:44:28.955209,110.82,0.0,10.31,12.28,8.2,0.0,0.0,157.64,6.08,0.672,0.678,STRAIGHT,1.5,1.5,"CMD,0.7,1.50",4.0,0.016,1.689,0.023,1,0.981,0,NORMAL,66.069,0.881,1,1,1,1,1,84.5,61,3,dijkstra,graph,0.26017,0,,,,,,0,,,,152146,77871,1484
408,72.22800636291504,2026-03-06T01:44:29.123395,109.39,0.0,0.0,12.19,2.0,0.0,0.0,150.11,6.07,0.668,0.672,STRAIGHT,1.5,1.5,"CMD,0.7,1.50",4.0,0.016,1.689,0.023,1,0.9875,0,NORMAL,67.095,0.879,1,1,1,1,1,84.5,62,4,dijkstra,graph,0.2581,0,,,,,,0,,,,150730,77313,1507
409,72.39079713821411,2026-03-06T01:44:29.286185,112.32,0.0,6.01,12.02,0.0,0.0,0.0,146.77,6.08,0.666,0.668,STRAIGHT,1.5,1.5,"CMD,0.7,1.50",4.0,0.016,1.689,0.023,1,0.9771,0,NORMAL,67.684,0.821,1,1,1,1,1,84.5,53,2,dijkstra,graph,0.2499,0,,,,,,0,,,,147511,74649,1312
410,72.55237817764282,2026-03-06T01:44:29.447766,109.5,0.0,8.01,10.02,2.0,0.0,0.0,145.56,6.1,0.676,0.668,STRAIGHT,1.5,1.5,"CMD,0.7,1.50",4.0,0.0169,1.644,0.023,1,0.9902,0,NORMAL,67.655,0.819,1,1,1,1,1,82.2,55,3,dijkstra,graph,0.25174,0,,,,,,0,,,,148615,75347,1387
411,72.71360635757446,2026-03-06T01:44:29.608995,109.93,0.0,6.01,13.25,0.0,0.0,0.0,145.21,6.1,0.671,0.671,STRAIGHT,1.5,1.5,"CMD,0.7,1.50",4.0,0.016,1.689,0.023,1,0.9849,0,NORMAL,67.992,0.792,1,1,1,1,1,84.5,67,3,dijkstra,graph,0.25632,0,,,,,,0,,,,150624,76619,1449
412,72.87284517288208,2026-03-06T01:44:29.768233,106.45,0.0,6.01,12.02,2.0,0.0,0.0,144.11,6.09,0.667,0.671,STRAIGHT,1.5,1.5,"CMD,0.7,1.50",4.0,0.016,1.689,0.023,1,0.9851,0,NORMAL,68.82,0.772,1,1,1,1,1,84.5,66,3,dijkstra,graph,0.2632,0,,,,,,0,,,,151645,78714,1549
413,73.04311156272888,2026-03-06T01:44:29.938500,118.44,0.0,6.01,12.02,0.0,0.0,0.0,154.24,6.09,0.665,0.667,STRAIGHT,1.5,1.5,"CMD,0.7,1.50",4.0,0.016,1.689,0.023,1,0.9856,0,NORMAL,69.318,0.702,1,1,1,1,1,84.5,62,4,dijkstra,graph,0.25709,0,,,,,,0,,,,150671,76897,1515
414,73.20386576652527,2026-03-06T01:44:30.099254,106.57,0.0,8.01,14.02,0.0,0.0,0.0,144.42,6.09,0.663,0.665,STRAIGHT,1.5,1.5,"CMD,0.7,1.50",4.0,0.016,1.689,0.023,1,0.9922,0,NORMAL,69.343,0.672,1,1,1,1,1,84.5,69,4,dijkstra,graph,0.25872,0,,,,,,0,,,,150792,77463,1567
415,73.3622236251831,2026-03-06T01:44:30.257612,108.29,0.0,6.01,12.02,0.0,0.0,0.0,142.34,6.09,0.674,0.665,STRAIGHT,1.5,1.5,"CMD,0.7,1.50",4.0,0.0169,1.644,0.023,1,0.9914,0,NORMAL,69.608,0.655,1,1,1,1,1,82.2,60,4,dijkstra,graph,0.25957,0,,,,,,0,,,,151294,77663,1479
416,73.52861475944519,2026-03-06T01:44:30.424003,110.94,0.0,5.75,10.01,0.0,0.0,0.0,144.36,6.09,0.682,0.674,STRAIGHT,1.5,1.5,"CMD,0.7,1.50",4.0,0.0169,1.644,0.023,1,0.9715,0,NORMAL,69.869,0.651,1,1,1,1,1,82.2,39,3,dijkstra,graph,0.25514,0,,,,,,0,,,,147389,76366,1360
417,73.69265055656433,2026-03-06T01:44:30.588039,112.12,0.0,7.75,12.12,0.0,0.0,0.0,150.02,6.08,0.687,0.682,STRAIGHT,1.5,1.5,"CMD,0.7,1.50",4.0,0.0169,1.644,0.023,1,0.9805,0,NORMAL,69.934,0.593,1,1,1,1,1,82.2,53,3,dijkstra,graph,0.25843,0,,,,,,0,,,,150022,77429,1406
418,73.85300803184509,2026-03-06T01:44:30.748396,106.33,0.0,6.01,12.02,2.0,0.0,0.0,142.33,6.08,0.69,0.687,STRAIGHT,1.5,1.5,"CMD,0.7,1.50",4.0,0.0169,1.644,0.023,1,0.9839,0,NORMAL,70.083,0.623,1,1,1,1,1,82.2,55,3,dijkstra,graph,0.26372,0,,,,,,0,,,,150622,78965,1442
419,74.01717877388,2026-03-06T01:44:30.912567,112.46,0.0,8.01,10.02,2.0,0.0,0.0,150.15,6.08,0.692,0.69,STRAIGHT,1.5,1.5,"CMD,0.7,1.50",4.0,0.0169,1.644,0.023,1,0.9684,0,NORMAL,70.38,0.533,1,1,1,1,1,82.2,34,3,dijkstra,graph,0.25589,0,,,,,,0,,,,146198,76554,1143
420,74.17842483520508,2026-03-06T01:44:31.073813,106.98,0.0,0.0,10.02,2.0,0.0,0.0,145.22,6.09,0.682,0.69,STRAIGHT,1.5,1.5,"CMD,0.7,1.50",4.0,0.016,1.689,0.023,1,0.9566,0,NORMAL,70.634,0.5,1,1,1,1,1,84.5,47,3,dijkstra,graph,0.26217,0,,,,,,0,,,,152445,78467,1447
421,74.34020185470581,2026-03-06T01:44:31.235590,97.8,0.0,15.9,16.03,0.0,0.0,0.0,145.76,6.09,0.674,0.682,STRAIGHT,1.5,1.5,"CMD,0.7,1.50",4.0,0.016,1.689,0.023,1,0.972,0,NORMAL,70.711,0.465,1,1,1,1,1,84.5,74,4,dijkstra,graph,0.26488,0,,,,,,0,,,,152487,79290,1555
422,74.51260089874268,2026-03-06T01:44:31.407989,116.2,0.0,6.01,16.02,0.0,0.0,0.0,152.25,6.09,0.67,0.674,STRAIGHT,1.5,1.5,"CMD,0.7,1.50",4.0,0.016,1.689,0.023,1,0.9729,0,NORMAL,70.711,0.456,1,1,1,1,1,84.5,67,4,dijkstra,graph,0.27128,0,,,,,,0,,,,156535,81149,1669
423,74.67587327957153,2026-03-06T01:44:31.571261,109.2,0.0,6.01,12.02,0.0,0.0,2.0,145.25,6.1,0.667,0.67,STRAIGHT,1.5,1.5,"CMD,0.7,1.50",4.0,0.016,1.689,0.023,1,0.9838,0,NORMAL,70.711,0.471,1,1,1,1,1,84.5,55,5,dijkstra,graph,0.26816,0,,,,,,0,,,,155057,80334,1568
424,74.83310651779175,2026-03-06T01:44:31.728495,106.42,0.0,6.01,12.02,0.0,0.0,2.0,143.21,6.1,0.653,0.667,STRAIGHT,1.5,1.5,"CMD,0.7,1.50",4.0,0.0152,1.735,0.023,1,0.979,0,NORMAL,70.711,0.446,1,1,1,1,1,86.8,71,2,dijkstra,graph,0.27397,0,,,,,,0,,,,155665,81987,1374
425,75.00219011306763,2026-03-06T01:44:31.897578,113.95,0.0,6.01,8.07,0.0,0.0,0.0,144.86,6.11,0.655,0.655,STRAIGHT,1.5,1.5,"CMD,0.7,1.50",4.0,0.016,1.689,0.023,1,0.981,0,NORMAL,70.711,0.434,1,1,1,1,1,84.5,64,3,dijkstra,graph,0.27062,0,,,,,,0,,,,153728,81016,1523
426,75.16522026062012,2026-03-06T01:44:32.060608,111.62,0.0,6.01,10.36,0.0,0.0,0.0,152.93,6.09,0.657,0.655,STRAIGHT,1.5,1.5,"CMD,0.7,1.50",4.0,0.016,1.689,0.023,1,0.9863,0,NORMAL,70.711,0.439,1,1,1,1,1,84.5,58,4,dijkstra,graph,0.268,0,,,,,,0,,,,152385,80154,1514
427,75.32695198059082,2026-03-06T01:44:32.222340,108.38,0.0,6.01,6.01,6.43,0.0,0.0,151.31,6.11,0.658,0.657,STRAIGHT,1.5,1.5,"CMD,0.7,1.50",4.0,0.016,1.689,0.023,1,0.9884,0,NORMAL,70.711,0.41,1,1,1,1,1,84.5,38,5,dijkstra,graph,0.27002,0,,,,,,0,,,,153475,80724,1480
428,75.48937702178955,2026-03-06T01:44:32.384765,108.99,0.0,6.01,10.01,2.0,0.0,0.0,151.92,6.1,0.659,0.658,STRAIGHT,1.5,1.5,"CMD,0.7,1.50",4.0,0.016,1.689,0.023,1,0.9835,0,NORMAL,70.711,0.406,1,1,1,1,1,84.5,53,5,dijkstra,graph,0.27236,0,,,,,,0,,,,155421,81562,1539
429,75.63828873634338,2026-03-06T01:44:32.533677,98.85,0.0,6.01,12.02,0.0,0.0,0.0,134.89,6.13,0.659,0.659,STRAIGHT,1.5,1.5,"CMD,0.7,1.50",4.0,0.016,1.689,0.023,1,0.9856,0,NORMAL,70.711,0.38,1,1,1,1,1,84.5,52,4,dijkstra,graph,0.2757,0,,,,,,0,,,,156847,82524,1418
430,75.79063200950623,2026-03-06T01:44:32.686020,104.28,0.0,6.01,8.01,0.0,0.0,0.0,136.32,6.14,0.648,0.659,STRAIGHT,1.5,1.5,"CMD,0.7,1.50",4.0,0.0152,1.735,0.023,1,0.9774,0,NORMAL,70.711,0.456,1,1,1,1,1,86.8,52,3,dijkstra,graph,0.28283,0,,,,,,0,,,,158729,84591,1356
431,75.95871496200562,2026-03-06T01:44:32.854103,109.4,0.0,6.01,12.02,0.0,0.0,2.0,147.86,6.13,0.641,0.648,STRAIGHT,1.5,1.5,"CMD,0.6,1.50",4.0,0.0152,1.735,0.023,1,0.9836,0,NORMAL,70.711,0.503,1,1,1,1,1,86.8,70,4,dijkstra,graph,0.28405,0,,,,,,0,,,,158606,84951,1509
432,76.12828397750854,2026-03-06T01:44:33.023672,112.93,0.0,0.0,12.41,0.0,0.0,0.0,149.54,6.12,0.625,0.641,STRAIGHT,1.5,1.5,"CMD,0.6,1.50",4.0,0.0144,1.781,0.023,1,0.9812,0,NORMAL,70.711,0.529,1,1,1,1,1,89.0,64,5,dijkstra,graph,0.28853,0,,,,,,0,,,,160701,86223,1705
433,76.28721499443054,2026-03-06T01:44:33.182603,107.72,0.0,10.39,7.51,0.0,0.0,0.0,144.91,6.13,0.615,0.625,STRAIGHT,1.5,1.5,"CMD,0.6,1.50",4.0,0.0144,1.781,0.023,1,0.9763,0,NORMAL,70.711,0.567,1,1,1,1,1,89.0,64,4,dijkstra,graph,0.2895,0,,,,,,0,,,,159977,86565,1596
434,76.44907355308533,2026-03-06T01:44:33.344462,100.42,0.0,10.04,10.49,0.0,0.0,0.0,141.39,6.13,0.608,0.615,STRAIGHT,1.5,1.5,"CMD,0.6,1.50",4.0,0.0144,1.781,0.023,1,0.983,0,NORMAL,70.711,0.604,1,1,1,1,1,89.0,49,5,dijkstra,graph,0.28616,0,,,,,,0,,,,159189,85644,1578
435,76.62395477294922,2026-03-06T01:44:33.519343,111.91,0.0,8.01,12.02,0.0,0.0,0.0,154.7,6.11,0.603,0.608,STRAIGHT,1.5,1.5,"CMD,0.6,1.50",4.0,0.0144,1.781,0.023,1,0.9812,0,NORMAL,70.711,0.686,1,1,1,1,1,89.0,60,5,dijkstra,graph,0.29324,0,,,,,,0,,,,160977,87728,1544
436,76.7895565032959,2026-03-06T01:44:33.684945,108.65,0.0,7.75,12.02,2.0,0.0,0.0,145.58,6.13,0.6,0.603,STRAIGHT,1.5,1.5,"CMD,0.6,1.50",4.0,0.0144,1.781,0.023,1,0.9825,0,NORMAL,70.711,0.655,1,1,1,1,1,89.0,55,5,dijkstra,graph,0.28946,0,,,,,,0,,,,160936,86696,1748
437,76.94995999336243,2026-03-06T01:44:33.845348,108.44,0.0,6.01,14.02,0.0,0.0,0.0,146.39,6.14,0.588,0.6,STRAIGHT,1.5,1.5,"CMD,0.6,1.50",4.0,0.0137,1.826,0.023,1,0.9875,0,NORMAL,70.711,0.682,1,1,1,1,1,91.3,49,6,dijkstra,graph,0.29147,0,,,,,,0,,,,162005,87238,1633
438,77.11756730079651,2026-03-06T01:44:34.012956,111.79,0.0,7.75,14.02,0.0,0.0,0.0,149.58,6.14,0.58,0.588,STRAIGHT,1.5,1.5,"CMD,0.6,1.50",4.0,0.0137,1.826,0.023,1,0.9779,0,NORMAL,70.711,0.701,1,1,1,1,1,91.3,55,4,dijkstra,graph,0.2993,0,,,,,,0,,,,164622,89643,1528
439,77.28699445724487,2026-03-06T01:44:34.182383,111.13,0.0,8.01,12.4,0.0,0.0,0.0,151.4,6.13,0.575,0.58,STRAIGHT,1.5,1.5,"CMD,0.6,1.50",4.0,0.0137,1.826,0.023,1,0.9807,0,NORMAL,70.711,0.818,1,1,1,1,1,91.3,54,5,dijkstra,graph,0.2989,0,,,,,,0,,,,164821,89496,1674
440,77.44846963882446,2026-03-06T01:44:34.343858,105.65,0.0,10.11,10.15,0.0,0.0,0.0,141.94,6.12,0.563,0.575,STRAIGHT,1.5,1.5,"CMD,0.6,1.50",4.0,0.013,1.872,0.023,1,0.9623,0,NORMAL,70.711,0.821,1,1,1,1,1,93.6,56,4,dijkstra,graph,0.29969,0,,,,,,0,,,,164086,89711,1696
441,77.61577224731445,2026-03-06T01:44:34.511160,109.63,0.0,6.01,12.02,2.0,0.0,0.0,146.36,6.11,0.563,0.563,STRAIGHT,1.5,1.5,"CMD,0.6,1.50",4.0,0.0137,1.826,0.023,1,0.9713,0,NORMAL,70.711,0.813,1,1,1,1,1,91.3,66,5,dijkstra,graph,0.29833,0,,,,,,0,,,,163937,89252,1732
442,77.78343915939331,2026-03-06T01:44:34.678827,115.52,0.0,0.0,20.1,2.0,0.0,0.0,153.65,6.12,0.524,0.563,STRAIGHT,1.5,1.5,"CMD,0.6,1.50",4.0,0.0108,2.055,0.023,1,0.9686,0,NORMAL,70.711,0.83,1,1,1,1,1,102.7,71,4,dijkstra,graph,0.30091,0,,,,,,0,,,,162545,90153,1802
443,77.94844770431519,2026-03-06T01:44:34.843836,112.61,0.0,6.04,16.32,0.0,0.0,0.0,148.99,6.11,0.529,0.529,STRAIGHT,1.5,1.5,"CMD,0.5,1.50",4.0,0.013,1.872,0.023,1,0.9571,0,NORMAL,70.711,0.815,1,1,1,1,1,93.6,61,3,dijkstra,graph,0.30593,0,,,,,,0,,,,168154,91497,1566
444,78.11622309684753,2026-03-06T01:44:35.011611,111.95,0.0,5.75,14.02,0.0,0.0,2.0,151.75,6.1,0.532,0.529,STRAIGHT,1.5,1.5,"CMD,0.5,1.50",4.0,0.013,1.872,0.023,1,0.9864,0,NORMAL,70.711,0.81,1,1,1,1,1,93.6,68,4,dijkstra,graph,0.30566,0,,,,,,0,,,,167843,91466,1745
445,78.29620838165283,2026-03-06T01:44:35.191597,119.37,0.0,10.01,16.51,0.0,0.0,0.0,163.96,6.08,0.534,0.532,STRAIGHT,1.5,1.5,"CMD,0.5,1.50",4.0,0.013,1.872,0.023,1,0.9851,0,NORMAL,70.711,0.745,1,1,1,1,1,93.6,59,4,dijkstra,graph,0.3119,0,,,,,,0,,,,168664,93382,1546
446,78.46810388565063,2026-03-06T01:44:35.363492,111.58,0.0,5.99,12.31,0.0,0.0,0.0,149.87,6.07,0.535,0.534,STRAIGHT,1.5,1.5,"CMD,0.5,1.50",4.0,0.013,1.872,0.023,1,0.9794,0,NORMAL,70.711,0.718,1,1,1,1,1,93.6,60,5,dijkstra,graph,0.32008,0,,,,,,0,,,,171217,95851,1769
447,78.63218593597412,2026-03-06T01:44:35.527574,110.01,0.0,6.01,14.02,0.0,0.0,0.0,148.06,6.07,0.536,0.535,STRAIGHT,1.5,1.5,"CMD,0.5,1.50",4.0,0.013,1.872,0.023,1,0.9861,0,NORMAL,70.711,0.755,1,1,1,1,1,93.6,66,7,dijkstra,graph,0.31919,0,,,,,,0,,,,170630,95546,1790
448,78.78995251655579,2026-03-06T01:44:35.685341,113.7,0.0,6.01,6.01,0.0,0.0,0.0,141.74,6.08,0.536,0.536,STRAIGHT,1.5,1.5,"CMD,0.5,1.50",4.0,0.013,1.872,0.023,1,0.989,0,NORMAL,70.711,0.76,1,1,1,1,1,93.6,65,3,dijkstra,graph,0.3207,0,,,,,,0,,,,171004,96083,1621
449,78.96452689170837,2026-03-06T01:44:35.859915,112.66,0.0,5.51,14.02,0.0,0.0,0.0,150.22,6.06,0.537,0.536,STRAIGHT,1.5,1.5,"CMD,0.5,1.50",4.0,0.013,1.872,0.023,1,0.9856,0,NORMAL,70.711,0.738,1,1,1,1,1,93.6,70,4,dijkstra,graph,0.31961,0,,,,,,0,,,,170550,95772,1598
450,79.13211870193481,2026-03-06T01:44:36.027507,115.51,0.0,6.01,14.03,0.0,0.0,0.0,153.57,6.05,0.528,0.536,STRAIGHT,1.5,1.5,"CMD,0.5,1.50",4.0,0.0124,1.918,0.023,1,0.9819,0,NORMAL,70.711,0.784,1,1,1,1,1,95.9,54,5,dijkstra,graph,0.32729,0,,,,,,0,,,,172186,97912,1554
451,79.29533910751343,2026-03-06T01:44:36.190727,103.2,0.0,10.29,18.5,0.0,0.0,0.0,147.2,6.06,0.523,0.528,STRAIGHT,1.5,1.5,"CMD,0.5,1.50",4.0,0.0124,1.918,0.023,1,0.9849,0,NORMAL,70.711,0.76,1,1,1,1,1,95.9,57,3,dijkstra,graph,0.32919,0,,,,,,0,,,,172272,98553,1535
452,79.45866703987122,2026-03-06T01:44:36.354055,114.41,0.0,6.01,10.12,0.0,0.0,0.0,149.37,6.06,0.512,0.523,STRAIGHT,1.5,1.5,"CMD,0.5,1.50",4.0,0.0118,1.963,0.023,1,0.9825,0,NORMAL,70.711,0.797,1,1,1,1,1,98.2,55,5,dijkstra,graph,0.33246,0,,,,,,0,,,,174162,99484,1628
453,79.63220882415771,2026-03-06T01:44:36.527597,117.05,0.0,6.01,12.02,2.0,0.0,0.0,155.11,6.04,0.504,0.512,STRAIGHT,1.5,1.5,"CMD,0.5,1.50",4.0,0.0118,1.963,0.023,1,0.979,0,NORMAL,70.711,0.82,1,1,1,1,1,98.2,58,5,dijkstra,graph,0.33926,0,,,,,,0,,,,176217,101542,1787
454,79.8005154132843,2026-03-06T01:44:36.695904,112.59,0.0,8.01,12.02,2.0,0.0,0.0,152.29,6.04,0.499,0.504,STRAIGHT,1.5,1.5,"CMD,0.5,1.50",4.0,0.0118,1.963,0.023,1,0.978,0,NORMAL,70.711,0.766,1,1,1,1,1,98.2,60,4,dijkstra,graph,0.33136,0,,,,,,0,,,,173333,99205,1571
455,79.96714568138123,2026-03-06T01:44:36.862534,114.33,0.0,6.01,14.02,0.0,0.0,0.0,150.61,6.04,0.496,0.499,STRAIGHT,1.5,1.5,"CMD,0.5,1.50",4.0,0.0118,1.963,0.023,1,0.9866,0,NORMAL,70.711,0.777,1,1,1,1,1,98.2,55,4,dijkstra,graph,0.33271,0,,,,,,0,,,,173771,99657,1577
456,80.13902354240417,2026-03-06T01:44:37.034412,114.94,0.0,6.35,16.14,0.0,0.0,0.0,153.85,6.03,0.493,0.496,STRAIGHT,1.5,1.5,"CMD,0.5,1.50",4.0,0.0118,1.963,0.023,1,0.9862,0,NORMAL,70.711,0.763,1,1,1,1,1,98.2,57,5,dijkstra,graph,0.33479,0,,,,,,0,,,,173959,100303,1614
457,80.31292629241943,2026-03-06T01:44:37.208315,113.7,0.0,10.01,14.02,0.0,0.0,0.0,155.88,6.01,0.492,0.493,STRAIGHT,1.5,1.5,"CMD,0.5,1.50",4.0,0.0118,1.963,0.023,1,0.9885,0,NORMAL,70.711,0.76,1,1,1,1,1,98.2,66,4,dijkstra,graph,0.33603,0,,,,,,0,,,,173517,100687,1599
458,80.47997641563416,2026-03-06T01:44:37.375365,112.68,0.0,6.01,12.32,2.0,0.0,0.0,149.03,5.99,0.491,0.492,STRAIGHT,1.5,1.5,"CMD,0.5,1.50",4.0,0.0118,1.963,0.023,1,0.9867,0,NORMAL,70.427,0.779,1,1,1,1,1,98.2,60,2,dijkstra,graph,0.33713,0,,,,,,0,,,,173400,100910,1631
459,80.64676117897034,2026-03-06T01:44:37.542149,112.56,0.0,6.01,6.01,8.16,0.0,0.0,150.76,5.97,0.483,0.491,STRAIGHT,1.5,1.5,"CMD,0.5,1.50",4.0,0.0113,2.009,0.023,1,0.9897,0,NORMAL,70.524,0.79,1,1,1,1,1,100.5,65,2,dijkstra,graph,0.33917,0,,,,,,0,,,,174368,101623,1639
460,80.8132848739624,2026-03-06T01:44:37.708673,108.64,0.0,10.06,14.02,0.0,0.0,0.0,150.74,5.97,0.477,0.483,STRAIGHT,1.5,1.5,"CMD,0.5,1.50",4.0,0.0113,2.009,0.023,1,0.9843,0,NORMAL,70.361,0.754,1,1,1,1,1,100.5,73,5,dijkstra,graph,0.34709,0,,,,,,0,,,,176462,103940,1757
461,80.98926544189453,2026-03-06T01:44:37.884654,116.54,0.0,5.75,17.32,0.0,0.0,0.0,159.96,5.96,0.474,0.477,STRAIGHT,1.5,1.5,"CMD,0.5,1.50",4.0,0.0113,2.009,0.023,1,0.9805,0,NORMAL,70.131,0.739,1,1,1,1,1,100.5,75,3,dijkstra,graph,0.35252,0,,,,,,0,,,,176515,105593,1897
462,81.16338634490967,2026-03-06T01:44:38.058775,111.11,0.0,8.01,14.02,0.0,0.0,0.0,153.77,5.95,0.471,0.474,STRAIGHT,1.5,1.5,"CMD,0.5,1.50",4.0,0.0113,2.009,0.023,1,0.987,0,NORMAL,69.894,0.693,1,1,1,1,1,100.5,68,3,dijkstra,graph,0.35326,0,,,,,,0,,,,177337,105784,1754
463,81.32771348953247,2026-03-06T01:44:38.223102,107.72,0.0,10.06,14.43,0.0,0.0,0.0,148.31,5.94,0.463,0.471,STRAIGHT,1.5,1.5,"CMD,0.5,1.50",4.0,0.0108,2.055,0.023,1,0.9691,0,NORMAL,68.516,0.708,1,1,1,1,1,102.7,54,4,dijkstra,graph,0.36271,0,,,,,,0,,,,177389,108601,1723
464,81.50804471969604,2026-03-06T01:44:38.403433,113.98,0.0,10.07,22.24,0.0,0.0,0.0,162.31,5.94,0.457,0.463,STRAIGHT,1.5,1.5,"CMD,0.5,1.50",4.0,0.0108,2.055,0.023,1,0.9679,0,NORMAL,67.74,0.915,1,1,1,1,1,102.7,86,3,dijkstra,graph,0.37632,0,,,,,,0,,,,181602,112714,2106
465,81.6879506111145,2026-03-06T01:44:38.583339,121.83,0.0,6.01,14.02,0.0,0.0,0.0,161.88,5.92,0.454,0.457,STRAIGHT,1.5,1.5,"CMD,0.5,1.50",4.0,0.0108,2.055,0.023,1,0.9855,0,NORMAL,66.981,0.905,1,1,1,1,1,102.7,55,7,dijkstra,graph,0.37876,0,,,,,,0,,,,183286,113344,2026
466,81.8497109413147,2026-03-06T01:44:38.745099,112.98,0.0,6.01,10.02,0.0,0.0,0.0,144.77,5.92,0.445,0.454,STRAIGHT,1.5,1.5,"CMD,0.5,1.50",4.0,0.0104,2.1,0.023,1,0.9811,0,NORMAL,66.181,0.868,1,1,1,1,1,105.0,76,5,dijkstra,graph,0.38806,0,,,,,,0,,,,186230,116209,2138
467,82.02081847190857,2026-03-06T01:44:38.916207,110.96,0.0,6.01,14.02,0.0,0.0,2.0,150.94,5.91,0.439,0.445,STRAIGHT,1.5,1.5,"CMD,0.4,1.50",4.0,0.0104,2.1,0.023,1,0.982,0,NORMAL,65.962,0.814,1,1,1,1,1,105.0,66,6,dijkstra,graph,0.39731,0,,,,,,0,,,,189058,118865,1955
468,82.1955635547638,2026-03-06T01:44:39.090952,108.58,0.0,16.09,16.03,2.0,0.0,0.0,158.72,5.91,0.435,0.439,STRAIGHT,1.5,1.5,"CMD,0.4,1.50",4.0,0.0104,2.1,0.023,1,0.9834,0,NORMAL,66.349,0.737,1,1,1,1,1,105.0,72,5,dijkstra,graph,0.39217,0,,,,,,0,,,,187572,117325,2250
469,82.36640501022339,2026-03-06T01:44:39.261793,114.39,0.0,6.01,16.02,2.0,0.0,0.0,154.46,5.9,0.432,0.435,STRAIGHT,1.5,1.5,"CMD,0.4,1.50",4.0,0.0104,2.1,0.023,1,0.9801,0,NORMAL,66.07,0.71,1,1,1,1,1,105.0,80,3,dijkstra,graph,0.40068,0,,,,,,0,,,,190454,119971,2029
470,82.53722357749939,2026-03-06T01:44:39.432612,103.4,0.0,14.63,14.02,2.0,0.0,0.0,154.68,5.89,0.431,0.432,STRAIGHT,1.5,1.5,"CMD,0.4,1.50",4.0,0.0104,2.1,0.023,1,0.9797,0,NORMAL,65.56,0.697,1,1,1,1,1,105.0,74,4,dijkstra,graph,0.39942,0,,,,,,0,,,,190932,119620,2239
471,82.70622873306274,2026-03-06T01:44:39.601617,109.91,0.0,7.75,14.31,1.74,0.0,0.0,150.98,5.89,0.429,0.431,STRAIGHT,1.5,1.5,"CMD,0.4,1.50",4.0,0.0104,2.1,0.023,1,0.9861,0,NORMAL,65.765,0.656,1,1,1,1,1,105.0,83,5,dijkstra,graph,0.39729,0,,,,,,0,,,,189633,119016,2289
472,82.87773633003235,2026-03-06T01:44:39.773124,107.35,0.0,0.0,18.03,0.0,0.0,2.0,153.48,5.88,0.423,0.429,STRAIGHT,1.5,1.5,"CMD,0.4,1.50",4.0,0.0099,2.146,0.023,1,0.9618,0,NORMAL,64.406,0.713,1,1,1,1,1,107.3,93,6,dijkstra,graph,0.41219,0,,,,,,0,,,,193812,123292,2205
473,83.05887055397034,2026-03-06T01:44:39.954259,124.91,0.0,6.01,20.18,0.0,0.0,0.0,165.11,5.87,0.412,0.423,STRAIGHT,1.5,1.5,"CMD,0.4,1.50",4.0,0.0095,2.192,0.023,1,0.9843,0,NORMAL,63.803,0.852,1,1,1,1,1,109.6,82,7,dijkstra,graph,0.41488,0,,,,,,0,,,,193587,124011,2144
474,83.22078394889832,2026-03-06T01:44:40.116172,109.13,0.0,10.5,10.24,0.0,0.0,0.0,143.89,5.89,0.406,0.412,STRAIGHT,1.5,1.5,"CMD,0.4,1.50",4.0,0.0095,2.192,0.023,1,0.9789,0,NORMAL,63.687,0.91,1,1,1,1,1,109.6,69,5,dijkstra,graph,0.40919,0,,,,,,0,,,,193428,122267,2021
475,83.40326523780823,2026-03-06T01:44:40.298653,116.43,0.0,7.01,16.02,0.0,0.0,0.0,162.02,5.88,0.401,0.406,STRAIGHT,1.5,1.5,"CMD,0.4,1.50",4.0,0.0095,2.192,0.023,1,0.9775,0,NORMAL,63.113,0.919,1,1,1,1,1,109.6,78,6,dijkstra,graph,0.4205,0,,,,,,0,,,,196321,125798,2176
476,83.56846618652344,2026-03-06T01:44:40.463854,100.72,0.0,12.21,20.41,0.0,0.0,0.0,147.18,5.87,0.398,0.401,STRAIGHT,1.5,1.5,"CMD,0.4,1.50",4.0,0.0095,2.192,0.023,1,0.9886,0,NORMAL,63.288,0.928,1,1,1,1,1,109.6,83,7,dijkstra,graph,0.42151,0,,,,,,0,,,,196778,126058,2332
477,83.74171137809753,2026-03-06T01:44:40.637100,108.67,0.0,6.18,22.35,0.0,0.0,2.0,155.22,5.86,0.396,0.398,STRAIGHT,1.5,1.5,"CMD,0.4,1.50",4.0,0.0095,2.192,0.023,1,0.978,0,NORMAL,63.411,0.923,1,1,1,1,1,109.6,89,8,dijkstra,graph,0.42079,0,,,,,,0,,,,195625,125816,2211
478,83.90863156318665,2026-03-06T01:44:40.804020,110.47,0.0,6.01,18.4,0.0,0.0,0.0,150.9,5.87,0.395,0.396,STRAIGHT,1.5,1.5,"CMD,0.4,1.50",4.0,0.0095,2.192,0.023,1,0.9781,0,NORMAL,63.61,0.911,1,1,1,1,1,109.6,78,6,dijkstra,graph,0.42374,0,,,,,,0,,,,198134,126685,2093
479,84.0751211643219,2026-03-06T01:44:40.970509,108.33,0.0,6.72,15.39,2.0,0.0,0.0,150.47,5.87,0.389,0.395,STRAIGHT,1.5,1.5,"CMD,0.4,1.50",4.0,0.0091,2.237,0.023,1,0.9861,0,NORMAL,63.117,0.948,1,1,1,1,1,111.9,88,4,dijkstra,graph,0.42878,0,,,,,,0,,,,199855,128067,2151
480,84.25027084350586,2026-03-06T01:44:41.145659,120.28,0.0,7.01,14.24,0.0,0.0,0.0,159.13,5.85,0.385,0.389,STRAIGHT,1.5,1.5,"CMD,0.4,1.50",4.0,0.0091,2.237,0.023,1,0.9827,0,NORMAL,63.192,0.924,1,1,1,1,1,111.9,80,7,dijkstra,graph,0.42252,0,,,,,,0,,,,198097,126358,2210
481,84.42678833007812,2026-03-06T01:44:41.322176,111.26,0.0,6.01,16.02,0.0,0.0,0.0,156.12,5.84,0.377,0.385,STRAIGHT,1.5,1.5,"CMD,0.4,1.50",4.0,0.0088,2.283,0.023,1,0.9699,0,NORMAL,62.659,0.967,1,1,1,1,1,114.2,72,7,dijkstra,graph,0.43754,0,,,,,,0,,,,203489,130901,2278
482,84.59438705444336,2026-03-06T01:44:41.489775,109.21,0.0,6.01,16.6,1.74,0.0,0.0,149.58,5.84,0.377,0.377,STRAIGHT,1.5,1.5,"CMD,0.4,1.50",4.0,0.0091,2.237,0.023,1,0.9824,0,NORMAL,63.495,0.924,1,1,1,1,1,111.9,100,6,dijkstra,graph,0.4381,0,,,,,,0,,,,203224,131058,2426
483,84.7692437171936,2026-03-06T01:44:41.664632,106.8,0.0,10.04,21.97,2.0,0.0,0.0,156.83,5.84,0.372,0.377,STRAIGHT,1.5,1.5,"CMD,0.4,1.50",4.0,0.0088,2.283,0.023,1,0.9812,0,NORMAL,62.717,0.977,1,1,1,1,1,114.2,91,7,dijkstra,graph,0.44579,0,,,,,,0,,,,205912,133353,2360
484,84.94621896743774,2026-03-06T01:44:41.841607,114.61,0.0,8.01,14.3,0.0,0.0,0.0,156.94,5.82,0.368,0.372,STRAIGHT,1.5,1.5,"CMD,0.4,1.50",4.0,0.0088,2.283,0.023,1,0.9796,0,NORMAL,63.532,0.959,1,1,1,1,1,114.2,82,7,dijkstra,graph,0.44349,0,,,,,,0,,,,203786,132539,2293
485,85.11540508270264,2026-03-06T01:44:42.010793,106.57,0.0,6.01,17.56,0.0,0.0,0.0,148.36,5.83,0.361,0.368,STRAIGHT,1.5,1.5,"CMD,0.4,1.50",4.0,0.0084,2.329,0.023,1,0.9793,0,NORMAL,63.017,0.943,1,1,1,1,1,116.4,88,5,dijkstra,graph,0.44019,0,,,,,,0,,,,204754,131724,2210
486,85.28637456893921,2026-03-06T01:44:42.181763,110.47,0.0,6.01,18.02,2.0,0.0,0.0,152.94,5.83,0.352,0.361,STRAIGHT,1.5,1.5,"CMD,0.4,1.50",4.0,0.0081,2.374,0.023,1,0.965,0,NORMAL,63.004,1.093,1,1,1,1,1,118.7,98,5,dijkstra,graph,0.46236,0,,,,,,0,,,,210334,138283,2414
487,85.45233249664307,2026-03-06T01:44:42.347721,110.24,0.0,6.01,13.66,0.0,0.0,0.0,147.93,5.83,0.342,0.352,STRAIGHT,1.5,1.5,"CMD,0.4,1.50",4.0,0.0078,2.42,0.023,1,0.9678,0,NORMAL,63.99,0.992,1,1,1,1,1,121.0,94,5,dijkstra,graph,0.46188,0,,,,,,0,,,,210440,138107,2517
488,85.62808775901794,2026-03-06T01:44:42.523476,110.58,0.0,0.0,28.09,0.0,0.0,0.0,159.03,5.82,0.331,0.342,STRAIGHT,1.5,1.5,"CMD,0.3,1.50",4.0,0.0075,2.466,0.023,1,0.9644,0,NORMAL,64.104,0.996,1,1,1,1,1,123.3,101,5,dijkstra,graph,0.447,0,,,,,,0,,,,204582,133631,2484
489,85.79851961135864,2026-03-06T01:44:42.693908,112.36,0.0,6.01,16.02,2.0,0.0,0.0,152.41,5.82,0.328,0.331,STRAIGHT,1.5,1.5,"CMD,0.3,1.50",4.0,0.0078,2.42,0.023,1,0.9724,0,NORMAL,64.422,0.965,1,1,1,1,1,121.0,95,5,dijkstra,graph,0.45386,0,,,,,,0,,,,208346,135750,2472
490,85.97037148475647,2026-03-06T01:44:42.865759,111.77,0.0,6.01,16.02,0.0,0.0,0.0,149.82,5.82,0.33,0.33,STRAIGHT,1.5,1.5,"CMD,0.3,1.50",4.0,0.0081,2.374,0.023,1,0.9627,0,NORMAL,64.597,0.839,1,1,1,1,1,118.7,71,6,dijkstra,graph,0.44781,0,,,,,,0,,,,202370,134006,2410
491,86.14318013191223,2026-03-06T01:44:43.038568,114.33,0.0,8.01,14.42,0.0,0.0,0.0,154.79,5.82,0.331,0.33,STRAIGHT,1.5,1.5,"CMD,0.3,1.50",4.0,0.0081,2.374,0.023,1,0.9762,0,NORMAL,64.715,0.83,1,1,1,1,1,118.7,81,5,dijkstra,graph,0.44634,0,,,,,,0,,,,203863,133536,2444
492,86.32343411445618,2026-03-06T01:44:43.218822,116.46,0.0,9.56,8.01,10.13,0.0,0.0,160.18,5.8,0.337,0.331,STRAIGHT,1.5,1.5,"CMD,0.3,1.50",4.0,0.0084,2.329,0.023,1,0.9848,0,NORMAL,64.919,0.784,1,1,1,1,1,116.4,90,5,dijkstra,graph,0.44921,0,,,,,,0,,,,204750,134308,2466
493,86.50577139854431,2026-03-06T01:44:43.401159,121.78,0.0,5.32,17.77,0.0,0.0,0.0,166.27,5.8,0.34,0.337,STRAIGHT,1.5,1.5,"CMD,0.3,1.50",4.0,0.0084,2.329,0.023,1,0.9865,0,NORMAL,65.417,0.725,1,1,1,1,1,116.4,90,6,dijkstra,graph,0.44707,0,,,,,,0,,,,203815,133772,2566
494,86.6760106086731,2026-03-06T01:44:43.571399,114.53,0.0,8.01,16.02,0.0,0.0,0.0,153.83,5.81,0.347,0.34,STRAIGHT,1.5,1.5,"CMD,0.3,1.50",4.0,0.0088,2.283,0.023,1,0.9869,0,NORMAL,65.954,0.695,1,1,1,1,1,114.2,80,6,dijkstra,graph,0.44601,0,,,,,,0,,,,203005,133417,2275
495,86.85138893127441,2026-03-06T01:44:43.746777,117.36,0.0,6.45,16.35,2.0,0.0,0.0,160.69,5.8,0.352,0.347,STRAIGHT,1.5,1.5,"CMD,0.3,1.50",4.0,0.0088,2.283,0.023,1,0.9904,0,NORMAL,65.687,0.691,1,1,1,1,1,114.2,81,5,dijkstra,graph,0.45064,0,,,,,,0,,,,203580,134742,2328
496,87.0340576171875,2026-03-06T01:44:43.929446,117.58,0.0,6.06,17.69,0.0,0.0,2.0,162.64,5.78,0.355,0.352,STRAIGHT,1.5,1.5,"CMD,0.4,1.50",4.0,0.0088,2.283,0.023,1,0.99,0,NORMAL,66.292,0.631,1,1,1,1,1,114.2,79,6,dijkstra,graph,0.44955,0,,,,,,0,,,,203046,134412,2519
497,87.20741605758667,2026-03-06T01:44:44.102804,118.59,0.0,6.01,18.66,0.0,0.0,0.0,157.33,5.79,0.357,0.355,STRAIGHT,1.5,1.5,"CMD,0.4,1.50",4.0,0.0088,2.283,0.023,1,0.9906,0,NORMAL,66.178,0.582,1,1,1,1,1,114.2,82,6,dijkstra,graph,0.4525,0,,,,,,0,,,,203787,135430,2395
498,87.38611960411072,2026-03-06T01:44:44.281508,107.79,0.0,10.48,24.55,2.0,0.0,0.0,158.84,5.78,0.359,0.357,STRAIGHT,1.5,1.5,"CMD,0.4,1.50",4.0,0.0088,2.283,0.023,1,0.9863,0,NORMAL,66.826,0.513,1,1,1,1,1,114.2,99,5,dijkstra,graph,0.45273,0,,,,,,0,,,,203890,135499,2306
499,87.56627821922302,2026-03-06T01:44:44.461666,117.74,0.0,8.01,16.02,2.0,0.0,0.0,162.13,5.77,0.36,0.359,STRAIGHT,1.5,1.5,"CMD,0.4,1.50",4.0,0.0088,2.283,0.023,1,0.9872,0,NORMAL,67.119,0.461,1,1,1,1,1,114.2,90,7,dijkstra,graph,0.4543,0,,,,,,0,,,,203515,135936,2498
500,87.7414014339447,2026-03-06T01:44:44.636790,114.78,0.0,6.01,18.17,0.0,0.0,2.0,159.1,5.76,0.36,0.36,STRAIGHT,1.5,1.5,"CMD,0.4,1.50",4.0,0.0088,2.283,0.023,1,0.9871,0,NORMAL,67.746,0.408,1,1,1,1,1,114.2,94,6,dijkstra,graph,0.45182,0,,,,,,0,,,,202693,135199,2540
501,87.91964054107666,2026-03-06T01:44:44.815029,113.82,0.0,8.01,18.09,0.0,0.0,2.0,162.22,5.75,0.361,0.36,STRAIGHT,1.5,1.5,"CMD,0.4,1.50",4.0,0.0088,2.283,0.023,1,0.9743,0,NORMAL,66.918,0.428,1,1,1,1,1,114.2,88,6,dijkstra,graph,0.46816,0,,,,,,0,,,,207394,139933,2433
502,88.08721542358398,2026-03-06T01:44:44.982604,112.12,0.0,2.0,20.65,0.0,0.0,0.0,149.55,5.77,0.361,0.361,STRAIGHT,1.5,1.5,"CMD,0.4,1.50",4.0,0.0088,2.283,0.023,1,0.9871,0,NORMAL,68.157,0.378,1,1,1,1,1,114.2,86,5,dijkstra,graph,0.46589,0,,,,,,0,,,,205720,139171,2410
503,88.2642560005188,2026-03-06T01:44:45.159644,114.79,0.0,6.01,16.02,2.0,0.0,0.0,156.72,5.75,0.361,0.361,STRAIGHT,1.5,1.5,"CMD,0.4,1.50",4.0,0.0088,2.283,0.023,1,0.9894,0,NORMAL,68.535,0.362,1,1,1,1,1,114.2,88,5,dijkstra,graph,0.46415,0,,,,,,0,,,,205126,138759,2241
504,88.43022871017456,2026-03-06T01:44:45.325617,104.08,0.0,14.28,14.36,0.0,0.0,0.0,149.95,5.77,0.366,0.361,STRAIGHT,1.5,1.5,"CMD,0.4,1.50",4.0,0.0091,2.237,0.023,1,0.9759,0,NORMAL,69.799,0.257,1,1,1,1,1,111.9,89,5,dijkstra,graph,0.44754,0,,,,,,0,,,,200741,133936,2326
505,88.59422492980957,2026-03-06T01:44:45.489613,108.41,0.0,0.0,20.73,0.0,0.0,0.0,143.56,5.77,0.365,0.365,STRAIGHT,1.5,1.5,"CMD,0.4,1.50",4.0,0.0088,2.283,0.023,1,0.9841,0,NORMAL,69.255,0.262,1,1,1,1,1,114.2,92,5,dijkstra,graph,0.45698,0,,,,,,0,,,,203472,136655,2388
506,88.76693868637085,2026-03-06T01:44:45.662327,113.94,0.0,0.0,20.35,0.0,0.0,0.0,148.31,5.77,0.363,0.365,STRAIGHT,1.5,1.5,"CMD,0.4,1.50",4.0,0.0088,2.283,0.023,1,0.9875,0,NORMAL,69.677,0.252,1,1,1,1,1,114.2,98,5,dijkstra,graph,0.45705,0,,,,,,0,,,,202606,136711,2375
507,88.95001745223999,2026-03-06T01:44:45.845406,114.05,0.0,6.01,18.03,0.0,0.0,0.0,156.99,5.75,0.363,0.363,STRAIGHT,1.5,1.5,"CMD,0.4,1.50",4.0,0.0088,2.283,0.023,1,0.9867,0,NORMAL,69.445,0.22,1,1,1,1,1,114.2,95,5,dijkstra,graph,0.45198,0,,,,,,0,,,,202452,135146,2374
508,89.12052083015442,2026-03-06T01:44:46.015909,109.1,0.0,10.11,18.37,0.0,0.0,0.0,152.48,5.75,0.358,0.363,STRAIGHT,1.5,1.5,"CMD,0.4,1.50",4.0,0.0084,2.329,0.023,1,0.9793,0,NORMAL,68.435,0.305,1,1,1,1,1,116.4,82,6,dijkstra,graph,0.46424,0,,,,,,0,,,,205334,138770,2357
509,89.28355860710144,2026-03-06T01:44:46.178947,98.59,0.0,12.01,15.77,2.0,0.0,0.0,147.02,5.76,0.354,0.358,STRAIGHT,1.5,1.5,"CMD,0.4,1.50",4.0,0.0084,2.329,0.023,1,0.983,0,NORMAL,68.178,0.388,1,1,1,1,1,116.4,82,6,dijkstra,graph,0.4713,0,,,,,,0,,,,206955,141066,2501
510,89.45590615272522,2026-03-06T01:44:46.351294,112.54,0.0,8.01,18.5,1.77,0.0,0.0,156.32,5.77,0.352,0.354,STRAIGHT,1.5,1.5,"CMD,0.4,1.50",4.0,0.0084,2.329,0.023,1,0.9818,0,NORMAL,68.793,0.424,1,1,1,1,1,116.4,93,5,dijkstra,graph,0.47107,0,,,,,,0,,,,207541,140982,2389
511,89.62566924095154,2026-03-06T01:44:46.521057,113.57,0.0,8.01,14.36,0.0,0.0,0.0,153.74,5.76,0.35,0.352,STRAIGHT,1.5,1.5,"CMD,0.4,1.50",4.0,0.0084,2.329,0.023,1,0.9812,0,NORMAL,68.351,0.386,1,1,1,1,1,116.4,83,5,dijkstra,graph,0.46643,0,,,,,,0,,,,207132,139445,2404
512,89.79833793640137,2026-03-06T01:44:46.693726,112.98,0.0,6.01,18.02,0.0,0.0,0.0,153.1,5.77,0.345,0.35,STRAIGHT,1.5,1.5,"CMD,0.4,1.50",4.0,0.0081,2.374,0.023,1,0.9771,0,NORMAL,67.206,0.43,1,1,1,1,1,118.7,92,5,dijkstra,graph,0.47581,0,,,,,,0,,,,211535,142205,2423
513,89.96484613418579,2026-03-06T01:44:46.860234,106.12,0.0,10.12,14.21,2.0,0.0,0.0,148.48,5.78,0.341,0.345,STRAIGHT,1.5,1.5,"CMD,0.3,1.50",4.0,0.0081,2.374,0.023,1,0.9859,0,NORMAL,67.092,0.433,1,1,1,1,1,118.7,67,5,dijkstra,graph,0.4745,0,,,,,,0,,,,210664,141829,2261
514,90.1297402381897,2026-03-06T01:44:47.025128,109.04,0.0,6.01,15.8,2.0,0.0,0.0,148.87,5.78,0.339,0.341,STRAIGHT,1.5,1.5,"CMD,0.3,1.50",4.0,0.0081,2.374,0.023,1,0.9755,0,NORMAL,67.543,0.398,1,1,1,1,1,118.7,59,5,dijkstra,graph,0.48264,0,,,,,,0,,,,214392,144465,2164
515,90.30260992050171,2026-03-06T01:44:47.197998,104.32,0.0,10.1,20.36,0.0,0.0,0.0,150.84,5.78,0.333,0.339,STRAIGHT,1.5,1.5,"CMD,0.3,1.50",4.0,0.0078,2.42,0.023,1,0.9654,0,NORMAL,64.808,0.549,1,1,1,1,1,121.0,71,5,dijkstra,graph,0.50256,0,,,,,,0,,,,221298,150348,2348
516,90.47495245933533,2026-03-06T01:44:47.370341,113.05,0.0,8.01,14.02,2.0,0.0,0.0,162.32,5.77,0.329,0.333,STRAIGHT,1.5,1.5,"CMD,0.3,1.50",4.0,0.0078,2.42,0.023,1,0.9731,0,NORMAL,64.483,0.547,1,1,1,1,1,121.0,80,5,dijkstra,graph,0.5019,0,,,,,,0,,,,218516,150085,2410
517,90.64561176300049,2026-03-06T01:44:47.541000,116.33,0.0,6.01,16.28,0.0,0.0,0.0,154.64,5.78,0.323,0.329,STRAIGHT,1.5,1.5,"CMD,0.3,1.50",4.0,0.0075,2.466,0.023,1,0.9731,0,NORMAL,63.326,0.624,1,1,1,1,1,123.3,88,5,dijkstra,graph,0.51304,0,,,,,,0,,,,224078,153420,2369
518,90.82013297080994,2026-03-06T01:44:47.715521,110.05,0.0,8.01,16.02,0.0,0.0,0.0,152.11,5.78,0.318,0.323,STRAIGHT,1.5,1.5,"CMD,0.3,1.50",4.0,0.0075,2.466,0.023,1,0.9789,0,NORMAL,60.058,0.623,1,1,1,1,1,123.3,80,6,dijkstra,graph,0.51083,0,,,,,,0,,,,224807,152796,2368
519,90.99063396453857,2026-03-06T01:44:47.886022,105.83,0.0,7.45,20.18,0.0,0.0,0.0,152.48,5.78,0.312,0.318,STRAIGHT,1.5,1.5,"CMD,0.3,1.50",4.0,0.0072,2.511,0.023,1,0.9701,0,NORMAL,59.303,0.713,1,1,1,1,1,125.6,91,4,dijkstra,graph,0.51591,0,,,,,,0,,,,223737,154352,2486
520,91.16161584854126,2026-03-06T01:44:48.057004,110.32,0.0,6.01,18.02,0.0,0.0,0.0,150.28,5.78,0.311,0.312,STRAIGHT,1.5,1.5,"CMD,0.3,1.50",4.0,0.0075,2.466,0.023,1,0.9511,0,NORMAL,60.04,0.712,1,1,1,1,1,123.3,86,5,dijkstra,graph,0.52083,0,,,,,,0,,,,224960,155701,2537
521,91.33523797988892,2026-03-06T01:44:48.230626,109.13,0.0,10.39,20.19,2.0,0.0,0.0,155.6,5.79,0.311,0.311,STRAIGHT,1.5,1.5,"CMD,0.3,1.50",4.0,0.0075,2.466,0.023,1,0.9662,0,NORMAL,58.842,0.8,1,1,1,1,1,123.3,105,6,dijkstra,graph,0.52149,0,,,,,,0,,,,224724,156018,2539
522,91.50500512123108,2026-03-06T01:44:48.400393,111.42,0.0,8.01,16.23,0.0,0.0,0.0,151.55,5.8,0.307,0.311,STRAIGHT,1.5,1.5,"CMD,0.3,1.50",4.0,0.0072,2.511,0.023,1,0.9683,0,NORMAL,58.266,0.779,1,1,1,1,1,125.6,96,5,dijkstra,graph,0.52783,0,,,,,,0,,,,228968,157892,2662
523,91.68765592575073,2026-03-06T01:44:48.583044,112.67,0.0,8.01,18.08,0.0,0.0,2.0,162.3,5.79,0.304,0.307,STRAIGHT,1.5,1.5,"CMD,0.3,1.50",4.0,0.0072,2.511,0.023,1,0.9639,0,NORMAL,56.967,0.827,1,1,1,1,1,125.6,101,5,dijkstra,graph,0.5381,0,,,,,,0,,,,235168,160823,2646
524,91.86011552810669,2026-03-06T01:44:48.755504,110.38,0.0,6.01,20.03,0.0,0.0,0.0,156.44,5.79,0.302,0.304,STRAIGHT,1.5,1.5,"CMD,0.3,1.50",4.0,0.0072,2.511,0.023,1,0.9732,0,NORMAL,57.142,0.804,1,1,1,1,1,125.6,108,5,dijkstra,graph,0.52496,0,,,,,,0,,,,231269,156956,2742
525,92.03773903846741,2026-03-06T01:44:48.933127,117.57,0.0,5.51,18.5,0.0,0.0,0.0,157.6,5.8,0.298,0.302,STRAIGHT,1.5,1.5,"CMD,0.3,1.50",4.0,0.007,2.557,0.023,1,0.9553,0,NORMAL,55.922,0.82,1,1,1,1,1,127.9,117,5,dijkstra,graph,0.54064,0,,,,,,0,,,,235115,161738,2643
526,92.2052047252655,2026-03-06T01:44:49.100593,104.86,0.0,5.75,18.18,2.0,0.0,0.0,147.14,5.8,0.298,0.298,STRAIGHT,1.5,1.5,"CMD,0.3,1.50",4.0,0.0072,2.511,0.023,1,0.9742,0,NORMAL,54.844,0.861,1,1,1,1,1,125.6,106,5,dijkstra,graph,0.53289,0,,,,,,0,,,,229810,159387,2737
527,92.3862247467041,2026-03-06T01:44:49.281613,114.56,0.0,6.01,20.4,0.0,0.0,0.0,158.99,5.8,0.295,0.298,STRAIGHT,1.5,1.5,"CMD,0.3,1.50",4.0,0.007,2.557,0.023,1,0.967,0,NORMAL,54.858,0.834,1,1,1,1,1,127.9,114,5,dijkstra,graph,0.53831,0,,,,,,0,,,,232977,160903,2905
528,92.56539559364319,2026-03-06T01:44:49.460784,114.68,0.0,8.01,20.43,2.0,0.0,0.0,161.15,5.8,0.292,0.295,STRAIGHT,1.5,1.5,"CMD,0.3,1.50",4.0,0.007,2.557,0.023,1,0.9714,0,NORMAL,54.897,0.87,1,1,1,1,1,127.9,111,4,dijkstra,graph,0.52833,0,,,,,,0,,,,227541,158151,2564
529,92.74505376815796,2026-03-06T01:44:49.640442,114.1,0.0,7.51,18.02,2.0,0.0,0.0,159.89,5.8,0.291,0.292,STRAIGHT,1.5,1.5,"CMD,0.3,1.50",4.0,0.007,2.557,0.023,1,0.9776,0,NORMAL,55.11,0.927,1,1,1,1,1,127.9,120,4,dijkstra,graph,0.52056,0,,,,,,0,,,,227805,155728,2698
530,92.9155924320221,2026-03-06T01:44:49.810981,108.27,0.0,6.01,20.03,2.0,0.0,0.0,154.52,5.8,0.287,0.291,STRAIGHT,1.5,1.5,"CMD,0.3,1.50",4.0,0.0067,2.603,0.023,1,0.9907,0,NORMAL,54.732,0.942,1,1,1,1,1,130.1,109,5,dijkstra,graph,0.51994,0,,,,,,0,,,,228092,155469,2803
531,93.090017080307,2026-03-06T01:44:49.985405,110.33,0.0,8.01,18.03,2.0,0.0,0.0,156.4,5.8,0.284,0.287,STRAIGHT,1.5,1.5,"CMD,0.3,1.50",4.0,0.0067,2.603,0.023,1,0.9889,0,NORMAL,54.685,0.922,1,1,1,1,1,130.1,114,4,dijkstra,graph,0.52205,0,,,,,,0,,,,227952,156098,2723
532,93.25913071632385,2026-03-06T01:44:50.154519,109.02,0.0,8.01,22.03,0.0,0.0,0.0,153.09,5.81,0.282,0.284,STRAIGHT,1.5,1.5,"CMD,0.3,1.50",4.0,0.0067,2.603,0.023,1,0.9838,0,NORMAL,54.624,0.99,1,1,1,1,1,130.1,121,4,dijkstra,graph,0.52901,0,,,,,,0,,,,228362,158119,2712
533,93.43183588981628,2026-03-06T01:44:50.327224,111.01,0.0,2.0,23.64,2.0,0.0,0.0,154.68,5.8,0.281,0.282,STRAIGHT,1.5,1.5,"CMD,0.3,1.50",4.0,0.0067,2.603,0.023,1,0.9767,0,NORMAL,54.728,1.026,1,1,1,1,1,130.1,107,4,dijkstra,graph,0.51756,0,,,,,,0,,,,229029,154740,2593
534,93.60934209823608,2026-03-06T01:44:50.504730,112.55,0.0,8.01,22.09,2.0,0.0,0.0,161.49,5.78,0.28,0.281,STRAIGHT,1.5,1.5,"CMD,0.3,1.50",4.0,0.0067,2.603,0.023,1,0.985,0,NORMAL,54.071,1.052,1,1,1,1,1,130.1,120,4,dijkstra,graph,0.51405,0,,,,,,0,,,,227469,153823,2607
535,93.78470635414124,2026-03-06T01:44:50.680094,105.09,0.0,13.7,18.02,0.0,0.0,2.0,157.11,5.78,0.279,0.28,STRAIGHT,1.5,1.5,"CMD,0.3,1.50",4.0,0.0067,2.603,0.023,1,0.9803,0,NORMAL,52.261,1.024,1,1,1,1,1,130.1,102,4,dijkstra,graph,0.52707,0,,,,,,0,,,,229824,157516,2611
536,93.96163129806519,2026-03-06T01:44:50.857019,110.76,0.0,7.0,22.03,0.0,0.0,0.0,162.79,5.79,0.279,0.279,STRAIGHT,1.5,1.5,"CMD,0.3,1.50",4.0,0.0067,2.603,0.023,1,0.9893,0,NORMAL,52.493,1.011,1,1,1,1,1,130.1,115,4,dijkstra,graph,0.52535,0,,,,,,0,,,,230122,157089,2717
537,94.12978768348694,2026-03-06T01:44:51.025176,104.47,0.0,8.01,19.62,0.0,0.0,0.0,148.13,5.79,0.278,0.279,STRAIGHT,1.5,1.5,"CMD,0.3,1.50",4.0,0.0067,2.603,0.023,1,0.9643,0,NORMAL,52.901,1.004,1,1,1,1,1,130.1,105,4,dijkstra,graph,0.53302,0,,,,,,0,,,,236991,159450,2667
538,94.30502915382385,2026-03-06T01:44:51.200417,108.52,0.0,10.34,18.33,2.0,0.0,0.0,157.22,5.78,0.278,0.278,STRAIGHT,1.5,1.5,"CMD,0.3,1.50",4.0,0.0067,2.603,0.023,1,0.9734,0,NORMAL,52.852,1.028,1,1,1,1,1,130.1,110,4,dijkstra,graph,0.52709,0,,,,,,0,,,,232008,157638,2700
539,94.47695326805115,2026-03-06T01:44:51.372341,110.33,0.0,6.01,17.89,2.0,0.0,0.0,153.9,5.78,0.278,0.278,STRAIGHT,1.5,1.5,"CMD,0.3,1.50",4.0,0.0067,2.603,0.023,1,0.992,0,NORMAL,52.067,1.009,1,1,1,1,1,130.1,105,4,dijkstra,graph,0.52971,0,,,,,,0,,,,233119,158392,2705
540,94.64853978157043,2026-03-06T01:44:51.543928,111.51,0.0,8.01,16.02,2.0,0.0,0.0,153.56,5.77,0.278,0.278,STRAIGHT,1.5,1.5,"CMD,0.3,1.50",4.0,0.0067,2.603,0.023,1,0.9871,0,NORMAL,52.412,0.992,1,1,1,1,1,130.1,87,4,dijkstra,graph,0.52707,0,,,,,,0,,,,232190,157631,2586
541,94.82207345962524,2026-03-06T01:44:51.717461,100.85,0.0,10.28,26.36,0.0,0.0,0.0,155.51,5.77,0.278,0.278,STRAIGHT,1.5,1.5,"CMD,0.3,1.50",4.0,0.0067,2.603,0.023,1,0.9892,0,NORMAL,52.552,0.975,1,1,1,1,1,130.1,104,4,dijkstra,graph,0.52033,0,,,,,,0,,,,230808,155524,2599
542,94.99536299705505,2026-03-06T01:44:51.890751,104.28,0.0,6.37,20.03,0.0,0.0,0.0,155.27,5.76,0.278,0.278,STRAIGHT,1.5,1.5,"CMD,0.3,1.50",4.0,0.0067,2.603,0.023,1,0.9858,0,NORMAL,51.415,0.997,1,1,1,1,1,130.1,115,4,dijkstra,graph,0.52975,0,,,,,,0,,,,231492,158331,2755
543,95.16924715042114,2026-03-06T01:44:52.064635,111.4,0.0,6.01,18.43,0.0,0.0,0.0,151.86,5.75,0.278,0.278,STRAIGHT,1.5,1.5,"CMD,0.3,1.50",4.0,0.0067,2.603,0.023,1,0.9871,0,NORMAL,50.417,0.969,1,1,1,1,1,130.1,106,4,dijkstra,graph,0.5218,0,,,,,,0,,,,229803,156059,2678
544,95.34375381469727,2026-03-06T01:44:52.239142,106.8,0.0,10.06,22.38,0.0,0.0,0.0,153.63,5.75,0.281,0.278,STRAIGHT,1.5,1.5,"CMD,0.3,1.50",4.0,0.007,2.557,0.023,1,0.9826,0,NORMAL,50.188,0.952,1,1,1,1,1,127.9,100,4,dijkstra,graph,0.51304,0,,,,,,0,,,,227976,153461,2559
545,95.51344394683838,2026-03-06T01:44:52.408832,102.92,0.0,10.24,20.5,0.0,0.0,0.0,149.67,5.76,0.28,0.28,STRAIGHT,1.5,1.5,"CMD,0.3,1.50",4.0,0.0067,2.603,0.023,1,0.9885,0,NORMAL,50.004,1.052,1,1,1,1,1,130.1,107,4,dijkstra,graph,0.51988,0,,,,,,0,,,,228970,155394,2692
546,95.69164156913757,2026-03-06T01:44:52.587030,118.12,0.0,8.01,18.02,0.0,0.0,0.0,160.18,5.75,0.286,0.281,STRAIGHT,1.5,1.5,"CMD,0.3,1.50",4.0,0.0072,2.511,0.023,1,0.9822,0,NORMAL,50.104,0.92,1,1,1,1,1,125.6,94,5,dijkstra,graph,0.51085,0,,,,,,0,,,,226164,152696,2587
547,95.85519242286682,2026-03-06T01:44:52.750581,107.28,0.0,8.01,14.02,0.0,0.0,0.0,149.53,5.76,0.291,0.286,STRAIGHT,1.5,1.5,"CMD,0.3,1.50",4.0,0.0072,2.511,0.023,1,0.9855,0,NORMAL,50.021,0.931,1,1,1,1,1,125.6,89,6,dijkstra,graph,0.51345,0,,,,,,0,,,,226188,153499,2548
548,96.03784012794495,2026-03-06T01:44:52.933228,120.21,0.0,6.01,16.02,0.0,0.0,0.0,159.26,5.75,0.297,0.291,STRAIGHT,1.5,1.5,"CMD,0.3,1.50",4.0,0.0075,2.466,0.023,1,0.9808,0,NORMAL,50.02,0.877,1,1,1,1,1,123.3,89,4,dijkstra,graph,0.50122,0,,,,,,0,,,,221993,149856,2416
549,96.207683801651,2026-03-06T01:44:53.103072,113.41,0.0,6.01,16.38,0.0,0.0,0.0,151.82,5.75,0.301,0.297,STRAIGHT,1.5,1.5,"CMD,0.3,1.50",4.0,0.0075,2.466,0.023,1,0.9884,0,NORMAL,50.157,0.865,1,1,1,1,1,123.3,105,4,dijkstra,graph,0.49971,0,,,,,,0,,,,220429,149468,2546
550,96.38674736022949,2026-03-06T01:44:53.282136,112.38,0.0,6.01,18.02,0.0,0.0,0.0,158.75,5.74,0.308,0.301,STRAIGHT,1.5,1.5,"CMD,0.3,1.50",4.0,0.0078,2.42,0.023,1,0.9834,0,NORMAL,50.435,0.818,1,1,1,1,1,121.0,102,4,dijkstra,graph,0.49671,0,,,,,,0,,,,220784,148552,2468
551,96.55124592781067,2026-03-06T01:44:53.446634,111.87,0.0,10.29,10.3,0.0,0.0,0.0,146.48,5.75,0.313,0.308,STRAIGHT,1.5,1.5,"CMD,0.3,1.50",4.0,0.0078,2.42,0.023,1,0.9764,0,NORMAL,50.901,0.8,1,1,1,1,1,121.0,89,4,dijkstra,graph,0.49103,0,,,,,,0,,,,216443,146831,2377
552,96.73173928260803,2026-03-06T01:44:53.627127,113.36,0.0,8.01,14.02,0.0,0.0,0.0,152.41,5.75,0.32,0.313,STRAIGHT,1.5,1.5,"CMD,0.3,1.50",4.0,0.0081,2.374,0.023,1,0.9777,0,NORMAL,51.327,0.718,1,1,1,1,1,118.7,94,5,dijkstra,graph,0.4861,0,,,,,,0,,,,217039,145409,2505
553,96.90050792694092,2026-03-06T01:44:53.795896,102.87,0.0,8.01,17.95,0.0,0.0,0.0,148.26,5.75,0.325,0.32,STRAIGHT,1.5,1.5,"CMD,0.3,1.50",4.0,0.0081,2.374,0.023,1,0.9688,0,NORMAL,51.26,0.616,1,1,1,1,1,118.7,87,4,dijkstra,graph,0.49864,0,,,,,,0,,,,223101,149077,2383
554,97.07431745529175,2026-03-06T01:44:53.969706,104.84,0.0,10.34,20.58,0.0,0.0,0.0,151.78,5.76,0.328,0.325,STRAIGHT,1.5,1.5,"CMD,0.3,1.50",4.0,0.0081,2.374,0.023,1,0.977,0,NORMAL,51.587,0.617,1,1,1,1,1,118.7,102,5,dijkstra,graph,0.49116,0,,,,,,0,,,,219438,147070,2500
555,97.24951577186584,2026-03-06T01:44:54.144904,107.76,0.0,10.56,21.58,0.0,0.0,0.0,154.63,5.75,0.334,0.328,STRAIGHT,1.5,1.5,"CMD,0.3,1.50",4.0,0.0084,2.329,0.023,1,0.9734,0,NORMAL,52.307,0.661,1,1,1,1,1,116.4,85,5,dijkstra,graph,0.47322,0,,,,,,0,,,,213644,141579,2251
556,97.42425179481506,2026-03-06T01:44:54.319640,114.66,0.0,6.01,16.02,0.0,0.0,2.0,156.71,5.75,0.339,0.334,STRAIGHT,1.5,1.5,"CMD,0.3,1.50",4.0,0.0084,2.329,0.023,1,0.9902,0,NORMAL,52.49,0.598,1,1,1,1,1,116.4,88,6,dijkstra,graph,0.47593,0,,,,,,0,,,,214272,142368,2457
557,97.5908420085907,2026-03-06T01:44:54.486230,103.95,0.0,10.44,20.16,0.0,0.0,0.0,150.57,5.77,0.337,0.337,STRAIGHT,1.5,1.5,"CMD,0.3,1.50",4.0,0.0081,2.374,0.023,1,0.981,0,NORMAL,53.202,0.598,1,1,1,1,1,118.7,93,5,dijkstra,graph,0.46971,0,,,,,,0,,,,210479,140465,2401
558,97.76222777366638,2026-03-06T01:44:54.657616,114.23,0.0,8.01,16.18,0.0,0.0,0.0,161.37,5.78,0.34,0.339,STRAIGHT,1.5,1.5,"CMD,0.3,1.50",4.0,0.0084,2.329,0.023,1,0.9849,0,NORMAL,53.763,0.659,1,1,1,1,1,116.4,97,5,dijkstra,graph,0.46895,0,,,,,,0,,,,210841,140295,2474
559,97.93910622596741,2026-03-06T01:44:54.834494,103.75,0.0,17.03,17.92,0.0,0.0,0.0,154.73,5.77,0.343,0.34,STRAIGHT,1.5,1.5,"CMD,0.3,1.50",4.0,0.0084,2.329,0.023,1,0.9904,0,NORMAL,53.89,0.681,1,1,1,1,1,116.4,87,6,dijkstra,graph,0.46583,0,,,,,,0,,,,210502,139257,2328
560,98.11094856262207,2026-03-06T01:44:55.006337,110.72,0.0,8.01,16.28,2.0,0.0,0.0,153.82,5.78,0.344,0.343,STRAIGHT,1.5,1.5,"CMD,0.3,1.50",4.0,0.0084,2.329,0.023,1,0.9886,0,NORMAL,54.293,0.716,1,1,1,1,1,116.4,97,5,dijkstra,graph,0.46176,0,,,,,,0,,,,208935,138141,2381
561,98.27815556526184,2026-03-06T01:44:55.173544,110.73,0.0,6.01,16.02,0.0,0.0,0.0,149.18,5.78,0.345,0.344,STRAIGHT,1.5,1.5,"CMD,0.3,1.50",4.0,0.0084,2.329,0.023,1,0.9802,0,NORMAL,55.357,0.653,1,1,1,1,1,116.4,93,5,dijkstra,graph,0.45217,0,,,,,,0,,,,205481,135224,2312
562,98.43921732902527,2026-03-06T01:44:55.334605,108.28,0.0,8.01,8.27,0.0,0.0,0.0,150.66,5.79,0.346,0.345,STRAIGHT,1.5,1.5,"CMD,0.3,1.50",4.0,0.0084,2.329,0.023,1,0.9759,0,NORMAL,56.146,0.627,1,1,1,1,1,116.4,95,6,dijkstra,graph,0.45855,0,,,,,,0,,,,208547,137107,2204
563,98.62295866012573,2026-03-06T01:44:55.518347,113.49,0.0,6.01,20.07,2.0,0.0,0.0,157.6,5.78,0.346,0.346,STRAIGHT,1.5,1.5,"CMD,0.3,1.50",4.0,0.0084,2.329,0.023,1,0.9841,0,NORMAL,56.528,0.637,1,1,1,1,1,116.4,103,5,dijkstra,graph,0.45979,0,,,,,,0,,,,207524,137564,2435
564,98.79456782341003,2026-03-06T01:44:55.689956,109.2,0.0,10.21,20.16,2.0,0.0,0.0,155.59,5.79,0.351,0.346,STRAIGHT,1.5,1.5,"CMD,0.3,1.50",4.0,0.0088,2.283,0.023,1,0.9624,0,NORMAL,58.951,0.539,1,1,1,1,1,114.2,98,6,dijkstra,graph,0.46136,0,,,,,,0,,,,208010,138094,2480
565,98.96359610557556,2026-03-06T01:44:55.858984,108.29,0.0,6.01,18.03,2.0,0.0,0.0,151.0,5.8,0.355,0.351,STRAIGHT,1.5,1.5,"CMD,0.4,1.50",4.0,0.0088,2.283,0.023,1,0.9819,0,NORMAL,59.776,0.511,1,1,1,1,1,114.2,91,5,dijkstra,graph,0.45248,0,,,,,,0,,,,205426,135420,2344
566,99.12596011161804,2026-03-06T01:44:56.021348,106.49,0.0,7.75,14.07,0.0,0.0,0.0,146.34,5.8,0.357,0.355,STRAIGHT,1.5,1.5,"CMD,0.4,1.50",4.0,0.0088,2.283,0.023,1,0.9699,0,NORMAL,60.207,0.459,1,1,1,1,1,114.2,93,6,dijkstra,graph,0.43983,0,,,,,,0,,,,203949,131633,2228
567,99.28847050666809,2026-03-06T01:44:56.183859,107.57,0.0,0.0,10.02,0.0,0.0,0.0,142.14,5.82,0.358,0.357,STRAIGHT,1.5,1.5,"CMD,0.4,1.50",4.0,0.0088,2.283,0.023,1,0.9853,0,NORMAL,60.716,0.445,1,1,1,1,1,114.2,96,5,dijkstra,graph,0.43913,0,,,,,,0,,,,202368,131470,2353
568,99.47008872032166,2026-03-06T01:44:56.365477,110.84,0.0,0.0,10.19,10.1,0.0,0.0,157.23,5.81,0.359,0.358,STRAIGHT,1.5,1.5,"CMD,0.4,1.50",4.0,0.0088,2.283,0.023,1,0.9823,0,NORMAL,61.753,0.394,1,1,1,1,1,114.2,97,5,dijkstra,graph,0.42919,0,,,,,,0,,,,199110,128332,2391
569,99.64503335952759,2026-03-06T01:44:56.540422,114.06,0.0,4.31,19.65,2.0,0.0,0.0,154.51,5.8,0.365,0.359,STRAIGHT,1.5,1.5,"CMD,0.4,1.50",4.0,0.0091,2.237,0.023,1,0.9869,0,NORMAL,62.236,0.374,1,1,1,1,1,111.9,87,3,dijkstra,graph,0.41965,0,,,,,,0,,,,197067,125645,2265
570,99.81596088409424,2026-03-06T01:44:56.711349,108.98,0.0,8.01,21.98,2.0,0.0,0.0,154.91,5.81,0.364,0.364,STRAIGHT,1.5,1.5,"CMD,0.4,1.50",4.0,0.0088,2.283,0.023,1,0.9869,0,NORMAL,63.329,0.345,1,1,1,1,1,114.2,87,3,dijkstra,graph,0.42562,0,,,,,,0,,,,197959,127222,2216
571,99.9910740852356,2026-03-06T01:44:56.886462,115.18,0.0,8.01,18.03,0.0,0.0,0.0,159.09,5.8,0.363,0.364,STRAIGHT,1.5,1.5,"CMD,0.4,1.50",4.0,0.0088,2.283,0.023,1,0.9875,0,NORMAL,63.462,0.401,1,1,1,1,1,114.2,90,3,dijkstra,graph,0.41915,0,,,,,,0,,,,196285,125488,1951
572,100.15474367141724,2026-03-06T01:44:57.050132,109.34,0.0,8.12,12.16,0.0,0.0,0.0,145.64,5.82,0.362,0.363,STRAIGHT,1.5,1.5,"CMD,0.4,1.50",4.0,0.0088,2.283,0.023,1,0.9884,0,NORMAL,64.263,0.388,1,1,1,1,1,114.2,81,3,dijkstra,graph,0.41353,0,,,,,,0,,,,195062,123888,2042
573,100.32610416412354,2026-03-06T01:44:57.221492,108.04,0.0,0.0,16.17,2.0,0.0,0.0,151.17,5.82,0.362,0.362,STRAIGHT,1.5,1.5,"CMD,0.4,1.50",4.0,0.0088,2.283,0.023,1,0.9812,0,NORMAL,64.917,0.383,1,1,1,1,1,114.2,103,2,dijkstra,graph,0.41961,0,,,,,,0,,,,197925,125648,1903
574,100.48867130279541,2026-03-06T01:44:57.384059,104.59,0.0,8.01,17.72,0.0,0.0,0.0,146.55,5.83,0.362,0.362,STRAIGHT,1.5,1.5,"CMD,0.4,1.50",4.0,0.0088,2.283,0.023,1,0.9772,0,NORMAL,64.007,0.5,1,1,1,1,1,114.2,97,2,dijkstra,graph,0.42438,0,,,,,,0,,,,197368,127044,1846
575,100.65151906013489,2026-03-06T01:44:57.546907,107.87,0.0,0.0,10.4,0.0,0.0,0.0,152.62,5.85,0.353,0.362,STRAIGHT,1.5,1.5,"CMD,0.4,1.50",4.0,0.0081,2.374,0.023,1,0.9828,0,NORMAL,62.653,0.524,1,1,1,1,1,118.7,101,3,dijkstra,graph,0.42576,0,,,,,,0,,,,195141,127461,2343
576,100.83516001701355,2026-03-06T01:44:57.730548,116.9,0.0,8.01,15.73,2.0,0.0,0.0,163.3,5.82,0.356,0.356,STRAIGHT,1.5,1.5,"CMD,0.4,1.50",4.0,0.0088,2.283,0.023,1,0.9828,0,NORMAL,63.304,0.603,1,1,1,1,1,114.2,88,3,dijkstra,graph,0.41074,0,,,,,,0,,,,192159,122912,1937
577,100.9950921535492,2026-03-06T01:44:57.890480,107.75,0.0,6.01,14.13,0.0,0.0,0.0,141.91,5.85,0.357,0.356,STRAIGHT,1.5,1.5,"CMD,0.4,1.50",4.0,0.0088,2.283,0.023,1,0.9864,0,NORMAL,63.767,0.538,1,1,1,1,1,114.2,72,2,dijkstra,graph,0.40645,0,,,,,,0,,,,191032,121777,1625
578,101.17087244987488,2026-03-06T01:44:58.066260,113.27,0.0,6.01,16.19,0.0,0.0,0.0,155.63,5.84,0.359,0.357,STRAIGHT,1.5,1.5,"CMD,0.4,1.50",4.0,0.0088,2.283,0.023,1,0.9851,0,NORMAL,64.083,0.548,1,1,1,1,1,114.2,85,2,dijkstra,graph,0.41357,0,,,,,,0,,,,192387,123857,1781
579,101.33560228347778,2026-03-06T01:44:58.230990,106.05,0.0,0.0,16.17,0.0,0.0,0.0,146.71,5.86,0.36,0.359,STRAIGHT,1.5,1.5,"CMD,0.4,1.50",4.0,0.0088,2.283,0.023,1,0.9815,0,NORMAL,64.978,0.515,1,1,1,1,1,114.2,81,3,dijkstra,graph,0.40936,0,,,,,,0,,,,192129,122556,1867
580,101.51024174690247,2026-03-06T01:44:58.405630,110.54,0.0,8.01,16.03,2.0,0.0,0.0,154.61,5.85,0.36,0.36,STRAIGHT,1.5,1.5,"CMD,0.4,1.50",4.0,0.0088,2.283,0.023,1,0.9822,0,NORMAL,64.57,0.484,1,1,1,1,1,114.2,84,2,dijkstra,graph,0.4119,0,,,,,,0,,,,192684,123360,1730
581,101.68343758583069,2026-03-06T01:44:58.578826,114.67,0.0,8.01,16.47,0.0,0.0,0.0,155.17,5.86,0.361,0.36,STRAIGHT,1.5,1.5,"CMD,0.4,1.50",4.0,0.0088,2.283,0.023,1,0.9679,0,NORMAL,64.251,0.453,1,1,1,1,1,114.2,89,2,dijkstra,graph,0.42657,0,,,,,,0,,,,198951,127723,1823
582,101.8536376953125,2026-03-06T01:44:58.749026,108.67,0.0,8.01,19.86,0.0,0.0,0.0,150.56,5.85,0.361,0.361,STRAIGHT,1.5,1.5,"CMD,0.4,1.50",4.0,0.0088,2.283,0.023,1,0.9718,0,NORMAL,64.311,0.491,1,1,1,1,1,114.2,92,2,dijkstra,graph,0.44845,0,,,,,,0,,,,202479,134373,1698
583,102.03002452850342,2026-03-06T01:44:58.925413,112.36,0.0,8.01,16.02,2.0,0.0,0.0,156.43,5.85,0.361,0.361,STRAIGHT,1.5,1.5,"CMD,0.4,1.50",4.0,0.0088,2.283,0.023,1,0.9767,0,NORMAL,64.416,0.512,1,1,1,1,1,114.2,93,2,dijkstra,graph,0.43112,0,,,,,,0,,,,199301,129179,1808
584,102.19716143608093,2026-03-06T01:44:59.092550,108.69,0.0,5.86,15.52,2.0,0.0,0.0,149.11,5.86,0.361,0.361,STRAIGHT,1.5,1.5,"CMD,0.4,1.50",4.0,0.0088,2.283,0.023,1,0.9762,0,NORMAL,64.525,0.483,1,1,1,1,1,114.2,91,2,dijkstra,graph,0.43118,0,,,,,,0,,,,200023,129128,1724
585,102.37343001365662,2026-03-06T01:44:59.268818,112.18,0.0,8.01,18.03,0.0,0.0,0.0,156.24,5.86,0.357,0.361,STRAIGHT,1.5,1.5,"CMD,0.4,1.50",4.0,0.0084,2.329,0.023,1,0.9817,0,NORMAL,64.736,0.484,1,1,1,1,1,116.4,95,2,dijkstra,graph,0.42934,0,,,,,,0,,,,201437,128542,1820
586,102.54793047904968,2026-03-06T01:44:59.443319,109.35,0.0,13.7,19.03,0.0,0.0,0.0,164.23,5.85,0.353,0.357,STRAIGHT,1.5,1.5,"CMD,0.4,1.50",4.0,0.0084,2.329,0.023,1,0.9877,0,NORMAL,64.778,0.523,1,1,1,1,1,116.4,97,2,dijkstra,graph,0.43374,0,,,,,,0,,,,202744,129916,1888
587,102.71944642066956,2026-03-06T01:44:59.614834,114.49,0.0,6.01,18.03,0.0,0.0,0.0,155.5,5.85,0.351,0.353,STRAIGHT,1.5,1.5,"CMD,0.4,1.50",4.0,0.0084,2.329,0.023,1,0.9879,0,NORMAL,63.601,0.518,1,1,1,1,1,116.4,105,2,dijkstra,graph,0.43843,0,,,,,,0,,,,204052,131376,1878
588,102.89524817466736,2026-03-06T01:44:59.790636,114.2,0.0,8.01,16.02,0.0,0.0,0.0,155.78,5.85,0.35,0.351,STRAIGHT,1.5,1.5,"CMD,0.4,1.50",4.0,0.0084,2.329,0.023,1,0.981,0,NORMAL,62.633,0.5,1,1,1,1,1,116.4,93,5,dijkstra,graph,0.44025,0,,,,,,0,,,,204640,131729,2109
589,103.06671166419983,2026-03-06T01:44:59.962100,110.95,0.0,6.01,18.46,0.0,0.0,0.0,153.44,5.85,0.345,0.35,STRAIGHT,1.5,1.5,"CMD,0.3,1.50",4.0,0.0081,2.374,0.023,1,0.971,0,NORMAL,60.885,0.497,1,1,1,1,1,118.7,93,4,dijkstra,graph,0.4588,0,,,,,,0,,,,209971,137226,2124
590,103.23673295974731,2026-03-06T01:45:00.132121,101.16,0.0,14.4,18.42,0.0,0.0,0.0,150.0,5.85,0.341,0.345,STRAIGHT,1.5,1.5,"CMD,0.3,1.50",4.0,0.0081,2.374,0.023,1,0.9821,0,NORMAL,60.977,0.517,1,1,1,1,1,118.7,93,4,dijkstra,graph,0.4556,0,,,,,,0,,,,208766,136386,2139
591,103.40250039100647,2026-03-06T01:45:00.297889,112.14,0.0,6.01,14.05,0.0,0.0,0.0,149.75,5.84,0.339,0.341,STRAIGHT,1.5,1.5,"CMD,0.3,1.50",4.0,0.0081,2.374,0.023,1,0.9851,0,NORMAL,59.423,0.503,1,1,1,1,1,118.7,93,4,dijkstra,graph,0.4575,0,,,,,,0,,,,209500,136823,2149
592,103.57872152328491,2026-03-06T01:45:00.474110,111.08,0.0,6.01,18.43,2.0,0.0,0.0,155.77,5.85,0.337,0.339,STRAIGHT,1.5,1.5,"CMD,0.3,1.50",4.0,0.0081,2.374,0.023,1,0.9761,0,NORMAL,57.936,0.481,1,1,1,1,1,118.7,98,4,dijkstra,graph,0.44684,0,,,,,,0,,,,208121,133633,2060
593,103.74788975715637,2026-03-06T01:45:00.643278,105.01,0.0,8.01,22.1,0.0,0.0,0.0,151.15,5.85,0.336,0.337,STRAIGHT,1.5,1.5,"CMD,0.3,1.50",4.0,0.0081,2.374,0.023,1,0.9845,0,NORMAL,57.883,0.503,1,1,1,1,1,118.7,80,4,dijkstra,graph,0.44444,0,,,,,,0,,,,206315,132947,1881
594,103.91684222221375,2026-03-06T01:45:00.812231,112.64,0.0,8.01,12.31,0.0,0.0,0.0,150.93,5.85,0.336,0.336,STRAIGHT,1.5,1.5,"CMD,0.3,1.50",4.0,0.0081,2.374,0.023,1,0.9748,0,NORMAL,57.396,0.563,1,1,1,1,1,118.7,101,3,dijkstra,graph,0.44903,0,,,,,,0,,,,210548,134475,2139
595,104.09460973739624,2026-03-06T01:45:00.989998,108.84,0.0,0.0,26.38,0.0,0.0,0.0,155.5,5.84,0.335,0.336,STRAIGHT,1.5,1.5,"CMD,0.3,1.50",4.0,0.0081,2.374,0.023,1,0.9864,0,NORMAL,57.021,0.525,1,1,1,1,1,118.7,93,2,dijkstra,graph,0.44643,0,,,,,,0,,,,209022,133638,2037
596,104.25984930992126,2026-03-06T01:45:01.155237,102.78,0.0,7.73,20.68,0.0,0.0,0.0,145.22,5.83,0.335,0.335,STRAIGHT,1.5,1.5,"CMD,0.3,1.50",4.0,0.0081,2.374,0.023,1,0.9845,0,NORMAL,56.799,0.585,1,1,1,1,1,118.7,89,4,dijkstra,graph,0.45138,0,,,,,,0,,,,209102,135011,2019
597,104.42288064956665,2026-03-06T01:45:01.318269,109.58,0.0,6.67,14.2,0.0,0.0,0.0,152.94,5.86,0.335,0.335,STRAIGHT,1.5,1.5,"CMD,0.3,1.50",4.0,0.0081,2.374,0.023,1,0.9813,0,NORMAL,56.139,0.604,1,1,1,1,1,118.7,106,3,dijkstra,graph,0.44727,0,,,,,,0,,,,207108,133912,2084
598,104.6005654335022,2026-03-06T01:45:01.495954,104.31,0.0,14.44,18.46,0.0,0.0,0.0,155.59,5.85,0.33,0.335,STRAIGHT,1.5,1.5,"CMD,0.3,1.50",4.0,0.0078,2.42,0.023,1,0.9815,0,NORMAL,55.745,0.623,1,1,1,1,1,121.0,101,5,dijkstra,graph,0.45455,0,,,,,,0,,,,209666,136078,2222
599,104.7655873298645,2026-03-06T01:45:01.660975,110.67,0.0,8.01,14.29,0.0,0.0,0.0,149.0,5.86,0.327,0.33,STRAIGHT,1.5,1.5,"CMD,0.3,1.50",4.0,0.0078,2.42,0.023,1,0.9761,0,NORMAL,54.685,0.707,1,1,1,1,1,121.0,102,5,dijkstra,graph,0.47014,0,,,,,,0,,,,211889,140697,2336
600,104.95301699638367,2026-03-06T01:45:01.848405,118.35,0.0,6.01,18.39,2.0,0.0,0.0,167.17,5.84,0.33,0.33,STRAIGHT,1.5,1.5,"CMD,0.3,1.50",4.0,0.0081,2.374,0.023,1,0.9722,0,NORMAL,54.566,0.649,1,1,1,1,1,118.7,92,4,dijkstra,graph,0.452,0,,,,,,0,,,,208387,135214,2080
601,105.12965226173401,2026-03-06T01:45:02.025041,114.24,0.0,6.01,14.03,6.01,0.0,0.0,158.61,5.83,0.327,0.327,STRAIGHT,1.5,1.5,"CMD,0.3,1.50",4.0,0.0078,2.42,0.023,1,0.9721,0,NORMAL,52.833,0.752,1,1,1,1,1,121.0,98,5,dijkstra,graph,0.46725,0,,,,,,0,,,,213647,139791,2296
602,105.29220223426819,2026-03-06T01:45:02.187590,109.66,0.0,7.75,14.39,0.0,0.0,0.0,145.32,5.84,0.325,0.327,STRAIGHT,1.5,1.5,"CMD,0.3,1.50",4.0,0.0078,2.42,0.023,1,0.9761,0,NORMAL,52.983,0.735,1,1,1,1,1,121.0,101,5,dijkstra,graph,0.45647,0,,,,,,0,,,,209281,136562,2308
603,105.46547746658325,2026-03-06T01:45:02.360866,104.31,0.0,8.01,18.02,2.0,0.0,0.0,152.83,5.83,0.328,0.327,STRAIGHT,1.5,1.5,"CMD,0.3,1.50",4.0,0.0081,2.374,0.023,1,0.9681,0,NORMAL,52.795,0.833,1,1,1,1,1,118.7,100,5,dijkstra,graph,0.47382,0,,,,,,0,,,,214853,141841,2338
604,105.6343994140625,2026-03-06T01:45:02.529787,103.28,0.0,10.31,12.14,8.11,0.0,0.0,148.9,5.82,0.33,0.328,STRAIGHT,1.5,1.5,"CMD,0.3,1.50",4.0,0.0081,2.374,0.023,1,0.9612,0,NORMAL,51.363,0.685,1,1,1,1,1,118.7,92,5,dijkstra,graph,0.44444,0,,,,,,0,,,,206968,132805,2273
605,105.80630660057068,2026-03-06T01:45:02.701695,108.86,0.0,10.45,17.52,0.0,0.0,0.0,161.82,5.83,0.332,0.33,STRAIGHT,1.5,1.5,"CMD,0.3,1.50",4.0,0.0081,2.374,0.023,1,0.9733,0,NORMAL,51.749,0.553,1,1,1,1,1,118.7,96,4,dijkstra,graph,0.44417,0,,,,,,0,,,,208955,132992,2128
606,105.98003673553467,2026-03-06T01:45:02.875425,108.71,0.0,10.45,22.29,0.0,0.0,0.0,155.47,5.82,0.337,0.332,STRAIGHT,1.5,1.5,"CMD,0.3,1.50",4.0,0.0084,2.329,0.023,1,0.9887,0,NORMAL,51.671,0.457,1,1,1,1,1,116.4,98,5,dijkstra,graph,0.44326,0,,,,,,0,,,,207811,132779,2193
607,106.15098166465759,2026-03-06T01:45:03.046370,110.85,0.0,6.01,16.02,0.0,0.0,2.0,150.92,5.82,0.34,0.337,STRAIGHT,1.5,1.5,"CMD,0.3,1.50",4.0,0.0084,2.329,0.023,1,0.9926,0,NORMAL,51.627,0.483,1,1,1,1,1,116.4,87,5,dijkstra,graph,0.44884,0,,,,,,0,,,,208478,134253,2201
608,106.32045269012451,2026-03-06T01:45:03.215841,108.98,0.0,14.18,14.27,0.0,0.0,0.0,153.45,5.82,0.343,0.34,STRAIGHT,1.5,1.5,"CMD,0.3,1.50",4.0,0.0084,2.329,0.023,1,0.9875,0,NORMAL,51.839,0.478,1,1,1,1,1,116.4,88,3,dijkstra,graph,0.44853,0,,,,,,0,,,,209522,134189,2059
609,106.4922947883606,2026-03-06T01:45:03.387683,106.99,0.0,10.36,18.19,0.0,0.0,0.0,149.7,5.82,0.34,0.34,STRAIGHT,1.5,1.5,"CMD,0.3,1.50",4.0,0.0081,2.374,0.023,1,0.9895,0,NORMAL,52.007,0.499,1,1,1,1,1,118.7,99,5,dijkstra,graph,0.44744,0,,,,,,0,,,,209158,133882,2204
610,106.66187310218811,2026-03-06T01:45:03.557261,109.5,0.0,8.01,18.03,2.0,0.0,0.0,153.56,5.83,0.342,0.342,STRAIGHT,1.5,1.5,"CMD,0.3,1.50",4.0,0.0084,2.329,0.023,1,0.9905,0,NORMAL,52.457,0.502,1,1,1,1,1,116.4,89,4,dijkstra,graph,0.44424,0,,,,,,0,,,,208284,132959,2249
611,106.83548498153687,2026-03-06T01:45:03.730873,111.03,0.0,8.01,17.9,0.0,0.0,0.0,157.66,5.82,0.344,0.342,STRAIGHT,1.5,1.5,"CMD,0.3,1.50",4.0,0.0084,2.329,0.023,1,0.9886,0,NORMAL,53.111,0.469,1,1,1,1,1,116.4,87,3,dijkstra,graph,0.44273,0,,,,,,0,,,,208588,132404,2122
612,107.01907134056091,2026-03-06T01:45:03.914459,121.5,0.0,8.01,16.02,0.0,0.0,2.0,165.56,5.81,0.345,0.344,STRAIGHT,1.5,1.5,"CMD,0.3,1.50",4.0,0.0084,2.329,0.023,1,0.9869,0,NORMAL,53.431,0.447,1,1,1,1,1,116.4,77,3,dijkstra,graph,0.4382,0,,,,,,0,,,,208591,131178,1959
613,107.19334197044373,2026-03-06T01:45:04.088730,106.43,0.0,10.24,25.56,0.0,0.0,0.0,158.25,5.8,0.346,0.345,STRAIGHT,1.5,1.5,"CMD,0.3,1.50",4.0,0.0084,2.329,0.023,1,0.9886,0,NORMAL,53.583,0.436,1,1,1,1,1,116.4,104,3,dijkstra,graph,0.44198,0,,,,,,0,,,,209945,132114,2215
614,107.36374545097351,2026-03-06T01:45:04.259134,109.64,0.0,6.01,18.02,0.0,0.0,0.0,156.32,5.81,0.346,0.346,STRAIGHT,1.5,1.5,"CMD,0.3,1.50",4.0,0.0084,2.329,0.023,1,0.9871,0,NORMAL,54.232,0.411,1,1,1,1,1,116.4,96,2,dijkstra,graph,0.43853,0,,,,,,0,,,,207796,131217,2046
615,107.5344922542572,2026-03-06T01:45:04.429880,111.31,0.0,6.01,18.02,0.0,0.0,2.0,154.73,5.82,0.351,0.346,STRAIGHT,1.5,1.5,"CMD,0.3,1.50",4.0,0.0088,2.283,0.023,1,0.9816,0,NORMAL,55.034,0.397,1,1,1,1,1,114.2,108,3,dijkstra,graph,0.43151,0,,,,,,0,,,,207072,129136,2288
616,107.70095992088318,2026-03-06T01:45:04.596348,112.39,0.0,8.01,12.02,0.0,0.0,0.0,150.45,5.82,0.355,0.351,STRAIGHT,1.5,1.5,"CMD,0.4,1.50",4.0,0.0088,2.283,0.023,1,0.9623,0,NORMAL,55.135,0.368,1,1,1,1,1,114.2,100,4,dijkstra,graph,0.43764,0,,,,,,0,,,,212971,130899,2135
617,107.86317825317383,2026-03-06T01:45:04.758566,101.69,0.0,10.36,8.02,0.0,0.0,0.0,138.1,5.84,0.357,0.355,STRAIGHT,1.5,1.5,"CMD,0.4,1.50",4.0,0.0088,2.283,0.023,1,0.9757,0,NORMAL,54.951,0.422,1,1,1,1,1,114.2,93,3,dijkstra,graph,0.43353,0,,,,,,0,,,,208941,129785,2103
618,108.04740190505981,2026-03-06T01:45:04.942790,113.58,0.0,8.01,20.19,0.0,0.0,0.0,162.09,5.82,0.358,0.357,STRAIGHT,1.5,1.5,"CMD,0.4,1.50",4.0,0.0088,2.283,0.023,1,0.9797,0,NORMAL,54.991,0.42,1,1,1,1,1,114.2,100,3,dijkstra,graph,0.43045,0,,,,,,0,,,,205689,128846,2305
619,108.21609497070312,2026-03-06T01:45:05.111483,110.61,0.0,6.01,16.02,2.0,0.0,0.0,152.67,5.82,0.359,0.358,STRAIGHT,1.5,1.5,"CMD,0.4,1.50",4.0,0.0088,2.283,0.023,1,0.9828,0,NORMAL,55.837,0.386,1,1,1,1,1,114.2,97,3,dijkstra,graph,0.42062,0,,,,,,0,,,,203046,125934,2158
620,108.38499546051025,2026-03-06T01:45:05.280384,108.38,0.0,4.01,24.47,0.0,0.0,0.0,150.88,5.82,0.36,0.359,STRAIGHT,1.5,1.5,"CMD,0.4,1.50",4.0,0.0088,2.283,0.023,1,0.98,0,NORMAL,55.747,0.372,1,1,1,1,1,114.2,117,3,dijkstra,graph,0.42837,0,,,,,,0,,,,206307,128240,2114
621,108.55431056022644,2026-03-06T01:45:05.449699,113.04,0.0,0.0,26.24,0.0,0.0,0.0,153.29,5.83,0.36,0.36,STRAIGHT,1.5,1.5,"CMD,0.4,1.50",4.0,0.0088,2.283,0.023,1,0.9841,0,NORMAL,54.335,0.458,1,1,1,1,1,114.2,89,4,dijkstra,graph,0.43862,0,,,,,,0,,,,206875,131315,2075
622,108.72211694717407,2026-03-06T01:45:05.617505,107.03,0.0,7.75,16.02,0.0,0.0,0.0,147.78,5.83,0.366,0.36,STRAIGHT,1.5,1.5,"CMD,0.4,1.50",4.0,0.0091,2.237,0.023,1,0.9787,0,NORMAL,54.813,0.437,1,1,1,1,1,111.9,101,3,dijkstra,graph,0.42145,0,,,,,,0,,,,202659,126128,1984
623,108.88240885734558,2026-03-06T01:45:05.777797,97.92,0.0,10.26,16.02,0.0,0.0,0.0,144.27,5.84,0.369,0.366,STRAIGHT,1.5,1.5,"CMD,0.4,1.50",4.0,0.0091,2.237,0.023,1,0.9861,0,NORMAL,55.502,0.433,1,1,1,1,1,111.9,86,3,dijkstra,graph,0.42014,0,,,,,,0,,,,202796,125833,1881
624,109.05516529083252,2026-03-06T01:45:05.950553,114.66,0.0,6.01,14.03,0.0,0.0,2.0,154.73,5.85,0.377,0.369,STRAIGHT,1.5,1.5,"CMD,0.4,1.50",4.0,0.0095,2.192,0.023,1,0.9896,0,NORMAL,55.754,0.395,1,1,1,1,1,109.6,82,2,dijkstra,graph,0.41483,0,,,,,,0,,,,201175,124256,1697
625,109.22955107688904,2026-03-06T01:45:06.124939,112.3,0.0,8.01,18.03,2.0,0.0,0.0,156.36,5.84,0.382,0.377,STRAIGHT,1.5,1.5,"CMD,0.4,1.50",4.0,0.0095,2.192,0.023,1,0.9617,0,NORMAL,54.773,0.454,1,1,1,1,1,109.6,96,3,dijkstra,graph,0.43273,0,,,,,,0,,,,207708,129485,1797
626,109.40528106689453,2026-03-06T01:45:06.300669,111.35,0.0,0.0,18.25,2.0,0.0,0.0,155.7,5.82,0.385,0.382,STRAIGHT,1.5,1.5,"CMD,0.4,1.50",4.0,0.0095,2.192,0.023,1,0.974,0,NORMAL,55.152,0.492,1,1,1,1,1,109.6,99,3,dijkstra,graph,0.42194,0,,,,,,0,,,,203261,126273,1921
627,109.57033634185791,2026-03-06T01:45:06.465725,104.46,0.0,8.01,18.02,2.0,0.0,0.0,146.6,5.83,0.388,0.385,STRAIGHT,1.5,1.5,"CMD,0.4,1.50",4.0,0.0095,2.192,0.023,1,0.9801,0,NORMAL,55.268,0.527,1,1,1,1,1,109.6,90,2,dijkstra,graph,0.41095,0,,,,,,0,,,,199971,122989,1801
628,109.74304866790771,2026-03-06T01:45:06.638437,111.35,0.0,8.01,18.02,0.0,0.0,0.0,154.69,5.83,0.389,0.388,STRAIGHT,1.5,1.5,"CMD,0.4,1.50",4.0,0.0095,2.192,0.023,1,0.9848,0,NORMAL,53.843,0.567,1,1,1,1,1,109.6,105,3,dijkstra,graph,0.41252,0,,,,,,0,,,,200445,123415,2049
629,109.8999035358429,2026-03-06T01:45:06.795292,106.02,0.0,6.01,10.01,0.0,0.0,0.0,142.84,5.86,0.39,0.389,STRAIGHT,1.5,1.5,"CMD,0.4,1.50",4.0,0.0095,2.192,0.023,1,0.9873,0,NORMAL,53.861,0.72,1,1,1,1,1,109.6,92,4,dijkstra,graph,0.41074,0,,,,,,0,,,,200342,122845,2015
630,110.09203314781189,2026-03-06T01:45:06.987421,117.51,0.0,10.48,19.82,2.0,0.0,0.0,173.83,5.84,0.391,0.39,STRAIGHT,1.5,1.5,"CMD,0.4,1.50",4.0,0.0095,2.192,0.023,1,0.9803,0,NORMAL,54.085,0.726,1,1,1,1,1,109.6,87,3,dijkstra,graph,0.40802,0,,,,,,0,,,,197334,122196,1907
631,110.25967931747437,2026-03-06T01:45:07.155067,107.69,0.0,9.58,16.33,0.0,0.0,0.0,149.62,5.84,0.391,0.391,STRAIGHT,1.5,1.5,"CMD,0.4,1.50",4.0,0.0095,2.192,0.023,1,0.9875,0,NORMAL,55.14,0.73,1,1,1,1,1,109.6,90,3,dijkstra,graph,0.40178,0,,,,,,0,,,,195670,120116,2102
632,110.42454051971436,2026-03-06T01:45:07.319929,109.0,0.0,6.01,16.02,0.0,0.0,2.0,147.05,5.85,0.391,0.391,STRAIGHT,1.5,1.5,"CMD,0.4,1.50",4.0,0.0095,2.192,0.023,1,0.9839,0,NORMAL,55.671,0.695,1,1,1,1,1,109.6,90,3,dijkstra,graph,0.3914,0,,,,,,0,,,,193298,117206,1951
633,110.59282302856445,2026-03-06T01:45:07.488211,111.82,0.0,8.24,16.18,2.0,0.0,0.0,152.26,5.85,0.392,0.391,STRAIGHT,1.5,1.5,"CMD,0.4,1.50",4.0,0.0095,2.192,0.023,1,0.985,0,NORMAL,55.82,0.661,1,1,1,1,1,109.6,82,3,dijkstra,graph,0.39236,0,,,,,,0,,,,194259,117441,1905
634,110.76983880996704,2026-03-06T01:45:07.665227,114.99,0.0,8.01,16.02,2.0,0.0,0.0,156.99,5.84,0.392,0.392,STRAIGHT,1.5,1.5,"CMD,0.4,1.50",4.0,0.0095,2.192,0.023,1,0.9911,0,NORMAL,55.691,0.694,1,1,1,1,1,109.6,100,3,dijkstra,graph,0.39349,0,,,,,,0,,,,194472,117730,2036
635,110.93658518791199,2026-03-06T01:45:07.831974,112.68,0.0,6.01,16.02,0.0,0.0,0.0,150.73,5.85,0.397,0.392,STRAIGHT,1.5,1.5,"CMD,0.4,1.50",4.0,0.0099,2.146,0.023,1,0.9782,0,NORMAL,56.489,0.675,1,1,1,1,1,107.3,86,3,dijkstra,graph,0.39564,0,,,,,,0,,,,192289,118311,1973
636,111.1095290184021,2026-03-06T01:45:08.004917,111.31,0.0,7.51,14.06,2.0,0.0,0.0,154.92,5.85,0.401,0.397,STRAIGHT,1.5,1.5,"CMD,0.4,1.50",4.0,0.0099,2.146,0.023,1,0.9825,0,NORMAL,57.256,0.636,1,1,1,1,1,107.3,82,3,dijkstra,graph,0.38901,0,,,,,,0,,,,191273,116414,1902
637,111.26936912536621,2026-03-06T01:45:08.164757,105.01,0.0,10.24,7.75,0.0,0.0,0.0,141.82,5.86,0.404,0.401,STRAIGHT,1.5,1.5,"CMD,0.4,1.50",4.0,0.0099,2.146,0.023,1,0.983,0,NORMAL,58.145,0.603,1,1,1,1,1,107.3,90,3,dijkstra,graph,0.39182,0,,,,,,0,,,,191478,117297,1967
638,111.45841884613037,2026-03-06T01:45:08.353807,112.73,0.0,10.17,24.04,0.0,0.0,0.0,162.97,5.84,0.406,0.404,STRAIGHT,1.5,1.5,"CMD,0.4,1.50",4.0,0.0099,2.146,0.023,1,0.9749,0,NORMAL,58.785,0.542,1,1,1,1,1,81.9,145,3,dijkstra,graph,0.38469,0,,,,,,0,,,,188372,115086,2100
639,111.62322187423706,2026-03-06T01:45:08.518610,110.06,0.0,4.39,17.44,0.0,0.0,0.0,150.54,5.85,0.413,0.406,STRAIGHT,1.5,1.5,"CMD,0.4,1.50",4.0,0.0104,2.1,0.023,1,0.9732,0,NORMAL,59.657,0.48,1,1,1,1,1,105.0,91,3,dijkstra,graph,0.3782,0,,,,,,0,,,,190218,113186,1911
640,111.80001091957092,2026-03-06T01:45:08.695399,112.54,0.0,8.01,18.04,2.0,0.0,0.0,156.63,5.84,0.411,0.411,STRAIGHT,1.5,1.5,"CMD,0.4,1.50",4.0,0.0099,2.146,0.023,1,0.9841,0,NORMAL,59.911,0.488,1,1,1,1,1,107.3,93,3,dijkstra,graph,0.38692,0,,,,,,0,,,,192227,115873,1935
641,111.9671721458435,2026-03-06T01:45:08.862560,109.08,0.0,6.01,16.02,0.0,0.0,0.0,149.14,5.86,0.417,0.413,STRAIGHT,1.5,1.5,"CMD,0.4,1.50",4.0,0.0104,2.1,0.023,1,0.982,0,NORMAL,60.163,0.466,1,1,1,1,1,105.0,81,3,dijkstra,graph,0.37556,0,,,,,,0,,,,189479,112514,1879
642,112.13982796669006,2026-03-06T01:45:09.035216,108.06,0.0,14.77,13.63,2.0,0.0,0.0,154.63,5.86,0.42,0.417,STRAIGHT,1.5,1.5,"CMD,0.4,1.50",4.0,0.0104,2.1,0.023,1,0.9844,0,NORMAL,60.223,0.438,1,1,1,1,1,105.0,82,3,dijkstra,graph,0.37876,0,,,,,,0,,,,191123,113452,1891
643,112.30406332015991,2026-03-06T01:45:09.199451,111.47,0.0,7.21,14.03,0.0,0.0,0.0,149.23,5.87,0.422,0.42,STRAIGHT,1.5,1.5,"CMD,0.4,1.50",4.0,0.0104,2.1,0.023,1,0.9846,0,NORMAL,61.109,0.44,1,1,1,1,1,105.0,70,2,dijkstra,graph,0.37521,0,,,,,,0,,,,188948,112375,1678
644,112.46068859100342,2026-03-06T01:45:09.356077,108.28,0.0,6.01,8.01,0.0,0.0,0.0,138.32,5.89,0.424,0.422,STRAIGHT,1.5,1.5,"CMD,0.4,1.50",4.0,0.0104,2.1,0.023,1,0.985,0,NORMAL,61.517,0.475,1,1,1,1,1,105.0,100,3,dijkstra,graph,0.38198,0,,,,,,0,,,,189090,114362,1869
645,112.63641238212585,2026-03-06T01:45:09.531801,114.87,0.0,6.04,14.21,0.0,0.0,0.0,155.43,5.88,0.419,0.422,STRAIGHT,1.5,1.5,"CMD,0.4,1.50",4.0,0.0099,2.146,0.023,1,0.9862,0,NORMAL,60.549,0.541,1,1,1,1,1,107.3,74,3,dijkstra,graph,0.38531,0,,,,,,0,,,,191277,115322,2060
646,112.81133437156677,2026-03-06T01:45:09.706723,113.24,0.0,8.01,14.02,2.0,0.0,0.0,152.8,5.86,0.416,0.419,STRAIGHT,1.5,1.5,"CMD,0.4,1.50",4.0,0.0099,2.146,0.023,1,0.9793,0,NORMAL,60.645,0.517,1,1,1,1,1,107.3,79,3,dijkstra,graph,0.38919,0,,,,,,0,,,,194404,116444,1729
647,112.97998881340027,2026-03-06T01:45:09.875377,112.58,0.0,6.01,16.03,2.0,0.0,0.0,152.63,5.88,0.419,0.419,STRAIGHT,1.5,1.5,"CMD,0.4,1.50",4.0,0.0104,2.1,0.023,1,0.9859,0,NORMAL,60.902,0.53,1,1,1,1,1,105.0,83,3,dijkstra,graph,0.38397,0,,,,,,0,,,,192838,115010,1746
648,113.17098236083984,2026-03-06T01:45:10.066371,124.15,0.0,8.01,16.41,0.0,0.0,2.0,166.98,5.85,0.416,0.416,STRAIGHT,1.5,1.5,"CMD,0.4,1.50",4.0,0.0099,2.146,0.023,1,0.9877,0,NORMAL,61.139,0.527,1,1,1,1,1,107.3,71,3,dijkstra,graph,0.38004,0,,,,,,0,,,,191662,113878,1665
649,113.34755659103394,2026-03-06T01:45:10.242945,116.76,0.0,5.51,6.01,10.25,0.0,0.0,158.55,5.84,0.42,0.419,STRAIGHT,1.5,1.5,"CMD,0.4,1.50",4.0,0.0104,2.1,0.023,1,0.9867,0,NORMAL,61.568,0.542,1,1,1,1,1,105.0,87,3,dijkstra,graph,0.38256,0,,,,,,0,,,,191871,114542,1760
650,113.51922512054443,2026-03-06T01:45:10.414613,111.13,0.0,8.01,16.02,0.0,0.0,0.0,153.6,5.84,0.416,0.416,STRAIGHT,1.5,1.5,"CMD,0.4,1.50",4.0,0.0099,2.146,0.023,1,0.9917,0,NORMAL,62.378,0.503,1,1,1,1,1,107.3,90,3,dijkstra,graph,0.38285,0,,,,,,0,,,,191587,114684,1890
651,113.68077826499939,2026-03-06T01:45:10.576166,104.64,0.0,8.01,14.43,0.0,0.0,0.0,143.53,5.85,0.414,0.416,STRAIGHT,1.5,1.5,"CMD,0.4,1.50",4.0,0.0099,2.146,0.023,1,0.9897,0,NORMAL,62.377,0.46,1,1,1,1,1,107.3,99,3,dijkstra,graph,0.37748,0,,,,,,0,,,,190906,113080,1704
652,113.85327315330505,2026-03-06T01:45:10.748661,110.81,0.0,8.01,15.79,2.0,0.0,0.0,162.0,5.83,0.412,0.414,STRAIGHT,1.5,1.5,"CMD,0.4,1.50",4.0,0.0099,2.146,0.023,1,0.9887,0,NORMAL,63.109,0.459,1,1,1,1,1,107.3,92,3,dijkstra,graph,0.38256,0,,,,,,0,,,,191966,114352,1811
653,114.01450991630554,2026-03-06T01:45:10.909898,109.17,0.0,6.01,12.02,0.0,0.0,0.0,145.22,5.85,0.411,0.412,STRAIGHT,1.5,1.5,"CMD,0.4,1.50",4.0,0.0099,2.146,0.023,1,0.9898,0,NORMAL,63.19,0.443,1,1,1,1,1,107.3,83,3,dijkstra,graph,0.37785,0,,,,,,0,,,,191568,113119,1777
654,114.18612957000732,2026-03-06T01:45:11.081518,112.74,0.0,6.01,10.46,0.0,0.0,0.0,145.23,5.85,0.41,0.411,STRAIGHT,1.5,1.5,"CMD,0.4,1.50",4.0,0.0099,2.146,0.023,1,0.9853,0,NORMAL,62.718,0.48,1,1,1,1,1,107.3,82,2,dijkstra,graph,0.38748,0,,,,,,0,,,,194288,115925,1708
655,114.36008787155151,2026-03-06T01:45:11.255476,103.54,0.0,10.42,20.05,0.0,0.0,2.0,153.72,5.85,0.41,0.41,STRAIGHT,1.5,1.5,"CMD,0.4,1.50",4.0,0.0099,2.146,0.023,1,0.9857,0,NORMAL,63.568,0.498,1,1,1,1,1,107.3,85,2,dijkstra,graph,0.38446,0,,,,,,0,,,,193506,115088,1819
656,114.52896976470947,2026-03-06T01:45:11.424358,114.38,0.0,6.01,14.45,0.0,0.0,0.0,152.86,5.85,0.404,0.41,STRAIGHT,1.5,1.5,"CMD,0.4,1.50",4.0,0.0095,2.192,0.023,1,0.9911,0,NORMAL,63.199,0.533,1,1,1,1,1,109.6,86,3,dijkstra,graph,0.38176,0,,,,,,0,,,,193183,114305,1906
657,114.69313764572144,2026-03-06T01:45:11.588526,109.69,0.0,6.01,16.02,0.0,0.0,0.0,154.08,5.86,0.4,0.404,STRAIGHT,1.5,1.5,"CMD,0.4,1.50",4.0,0.0095,2.192,0.023,1,0.9856,0,NORMAL,62.912,0.478,1,1,1,1,1,109.6,84,3,dijkstra,graph,0.38928,0,,,,,,0,,,,195436,116643,1930
658,114.86306357383728,2026-03-06T01:45:11.758452,113.08,0.0,6.01,14.02,2.0,0.0,0.0,153.91,5.84,0.397,0.4,STRAIGHT,1.5,1.5,"CMD,0.4,1.50",4.0,0.0095,2.192,0.023,1,0.977,0,NORMAL,63.031,0.443,1,1,1,1,1,109.6,75,3,dijkstra,graph,0.40176,0,,,,,,0,,,,199767,120304,1758
659,115.03140020370483,2026-03-06T01:45:11.926788,110.26,0.0,8.01,16.02,2.0,0.0,0.0,152.32,5.87,0.396,0.397,STRAIGHT,1.5,1.5,"CMD,0.4,1.50",4.0,0.0095,2.192,0.023,1,0.9769,0,NORMAL,62.231,0.381,1,1,1,1,1,109.6,81,3,dijkstra,graph,0.3905,0,,,,,,0,,,,196525,116751,1924
660,115.19458079338074,2026-03-06T01:45:12.089969,106.53,0.0,8.01,15.92,2.0,0.0,0.0,147.16,5.88,0.394,0.396,STRAIGHT,1.5,1.5,"CMD,0.4,1.50",4.0,0.0095,2.192,0.023,1,0.9869,0,NORMAL,62.31,0.388,1,1,1,1,1,109.6,88,4,dijkstra,graph,0.3944,0,,,,,,0,,,,196587,118069,1861
661,115.3661642074585,2026-03-06T01:45:12.261553,102.22,0.0,10.43,20.88,0.0,0.0,0.0,149.55,5.87,0.399,0.396,STRAIGHT,1.5,1.5,"CMD,0.4,1.50",4.0,0.0099,2.146,0.023,1,0.9845,0,NORMAL,62.71,0.36,1,1,1,1,1,107.3,83,4,dijkstra,graph,0.38826,0,,,,,,0,,,,193888,116215,1805
662,115.52769994735718,2026-03-06T01:45:12.423088,111.18,0.0,2.0,10.01,0.0,0.0,0.0,151.44,5.88,0.402,0.399,STRAIGHT,1.5,1.5,"CMD,0.4,1.50",4.0,0.0099,2.146,0.023,1,0.9864,0,NORMAL,62.675,0.309,1,1,1,1,1,107.3,86,4,dijkstra,graph,0.39349,0,,,,,,0,,,,195353,117755,1752
663,115.69808912277222,2026-03-06T01:45:12.593477,110.32,0.0,6.01,12.19,0.0,0.0,0.0,150.07,5.88,0.405,0.402,STRAIGHT,1.5,1.5,"CMD,0.4,1.50",4.0,0.0099,2.146,0.023,1,0.9809,0,NORMAL,63.091,0.279,1,1,1,1,1,107.3,82,3,dijkstra,graph,0.39924,0,,,,,,0,,,,198238,119411,1912
664,115.87259340286255,2026-03-06T01:45:12.767982,105.9,0.0,10.44,21.7,0.0,0.0,0.0,152.06,5.88,0.4,0.402,STRAIGHT,1.5,1.5,"CMD,0.4,1.50",4.0,0.0095,2.192,0.023,1,0.9776,0,NORMAL,62.763,0.306,1,1,1,1,1,109.6,78,3,dijkstra,graph,0.39696,0,,,,,,0,,,,195384,118722,1812
665,116.04218435287476,2026-03-06T01:45:12.937572,111.54,0.0,6.7,17.87,0.0,0.0,0.0,151.57,5.88,0.398,0.4,STRAIGHT,1.5,1.5,"CMD,0.4,1.50",4.0,0.0095,2.192,0.023,1,0.9817,0,NORMAL,62.786,0.284,1,1,1,1,1,109.6,74,6,dijkstra,graph,0.3912,0,,,,,,0,,,,195473,117108,1863
666,116.21430945396423,2026-03-06T01:45:13.109698,107.17,0.0,10.5,20.05,0.0,0.0,0.0,161.72,5.86,0.396,0.398,STRAIGHT,1.5,1.5,"CMD,0.4,1.50",4.0,0.0095,2.192,0.023,1,0.9858,0,NORMAL,62.547,0.298,1,1,1,1,1,109.6,72,3,dijkstra,graph,0.39349,0,,,,,,0,,,,195047,117853,1903
667,116.38849210739136,2026-03-06T01:45:13.283880,108.68,0.0,7.66,17.53,0.0,0.0,0.0,163.94,5.88,0.394,0.396,STRAIGHT,1.5,1.5,"CMD,0.4,1.50",4.0,0.0095,2.192,0.023,1,0.9817,0,NORMAL,62.51,0.285,1,1,1,1,1,109.6,89,4,dijkstra,graph,0.40395,0,,,,,,0,,,,197597,120872,1874
668,116.56640410423279,2026-03-06T01:45:13.461792,117.47,0.0,6.01,18.48,2.0,0.0,0.0,159.99,5.87,0.388,0.394,STRAIGHT,1.5,1.5,"CMD,0.4,1.50",4.0,0.0091,2.237,0.023,1,0.989,0,NORMAL,62.904,0.242,1,1,1,1,1,111.9,95,3,dijkstra,graph,0.40163,0,,,,,,0,,,,196236,120291,1844
669,116.74109959602356,2026-03-06T01:45:13.636488,116.43,0.0,6.01,14.2,2.0,0.0,0.0,156.67,5.87,0.384,0.388,STRAIGHT,1.5,1.5,"CMD,0.4,1.50",4.0,0.0091,2.237,0.023,1,0.9901,0,NORMAL,62.318,0.221,1,1,1,1,1,111.9,77,4,dijkstra,graph,0.40446,0,,,,,,0,,,,197112,121151,1850
670,116.91510915756226,2026-03-06T01:45:13.810497,116.02,0.0,6.01,16.02,0.0,0.0,0.0,155.98,5.86,0.382,0.384,STRAIGHT,1.5,1.5,"CMD,0.4,1.50",4.0,0.0091,2.237,0.023,1,0.9863,0,NORMAL,62.524,0.207,1,1,1,1,1,111.9,80,3,dijkstra,graph,0.40957,0,,,,,,0,,,,197676,122690,1764
671,117.08131146430969,2026-03-06T01:45:13.976700,117.15,0.0,6.01,10.46,0.0,0.0,0.0,152.06,5.87,0.37,0.382,STRAIGHT,1.5,1.5,"CMD,0.4,1.50",4.0,0.0084,2.329,0.023,1,0.984,0,NORMAL,61.705,0.255,1,1,1,1,1,116.4,72,3,dijkstra,graph,0.40754,0,,,,,,0,,,,198409,121961,1762
672,117.2676751613617,2026-03-06T01:45:14.163063,113.19,0.0,10.04,22.49,0.0,0.0,2.0,165.83,5.84,0.367,0.37,STRAIGHT,1.5,1.5,"CMD,0.4,1.50",4.0,0.0088,2.283,0.023,1,0.9729,0,NORMAL,61.21,0.512,1,1,1,1,1,114.2,79,3,dijkstra,graph,0.40973,0,,,,,,0,,,,197305,122796,1846
673,117.44597840309143,2026-03-06T01:45:14.341367,118.47,0.0,7.75,16.02,0.0,0.0,2.0,162.28,5.82,0.361,0.367,STRAIGHT,1.5,1.5,"CMD,0.4,1.50",4.0,0.0084,2.329,0.023,1,0.9813,0,NORMAL,61.326,0.611,1,1,1,1,1,116.4,82,3,dijkstra,graph,0.41986,0,,,,,,0,,,,200353,125593,1850
674,117.61839127540588,2026-03-06T01:45:14.513780,114.59,0.0,7.01,18.38,0.0,0.0,0.0,156.39,5.82,0.361,0.361,STRAIGHT,1.5,1.5,"CMD,0.4,1.50",4.0,0.0088,2.283,0.023,1,0.9876,0,NORMAL,61.598,0.548,1,1,1,1,1,114.2,74,3,dijkstra,graph,0.42008,0,,,,,,0,,,,200127,125766,1817
675,117.78860521316528,2026-03-06T01:45:14.683993,110.92,0.0,8.01,10.5,0.0,0.0,0.0,150.18,5.83,0.361,0.361,STRAIGHT,1.5,1.5,"CMD,0.4,1.50",4.0,0.0088,2.283,0.023,1,0.9841,0,NORMAL,61.496,0.551,1,1,1,1,1,114.2,91,3,dijkstra,graph,0.41248,0,,,,,,0,,,,199354,123537,2062
676,117.96405100822449,2026-03-06T01:45:14.859439,108.34,0.0,8.01,14.47,3.87,0.0,0.0,150.72,5.82,0.361,0.361,STRAIGHT,1.5,1.5,"CMD,0.4,1.50",4.0,0.0088,2.283,0.023,1,0.9848,0,NORMAL,61.139,0.587,1,1,1,1,1,114.2,77,4,dijkstra,graph,0.41525,0,,,,,,0,,,,200291,124358,1821
677,118.13254952430725,2026-03-06T01:45:15.027938,110.76,0.0,6.01,16.02,0.0,0.0,0.0,152.45,5.84,0.357,0.361,STRAIGHT,1.5,1.5,"CMD,0.4,1.50",4.0,0.0084,2.329,0.023,1,0.9871,0,NORMAL,60.705,0.602,1,1,1,1,1,116.4,74,3,dijkstra,graph,0.41647,0,,,,,,0,,,,200593,124742,1826
678,118.30597186088562,2026-03-06T01:45:15.201360,113.34,0.0,8.01,16.02,2.0,0.0,0.0,155.4,5.85,0.353,0.357,STRAIGHT,1.5,1.5,"CMD,0.4,1.50",4.0,0.0084,2.329,0.023,1,0.9846,0,NORMAL,60.527,0.584,1,1,1,1,1,116.4,93,3,dijkstra,graph,0.41306,0,,,,,,0,,,,199869,123647,2067
679,118.47541499137878,2026-03-06T01:45:15.370803,110.19,0.0,4.01,15.03,2.0,0.0,0.0,151.09,5.85,0.351,0.353,STRAIGHT,1.5,1.5,"CMD,0.4,1.50",4.0,0.0084,2.329,0.023,1,0.9866,0,NORMAL,60.326,0.61,1,1,1,1,1,116.4,77,4,dijkstra,graph,0.41335,0,,,,,,0,,,,199931,123765,1845
680,118.64635229110718,2026-03-06T01:45:15.541740,112.75,0.0,6.01,16.01,2.0,0.0,0.0,156.92,5.84,0.346,0.351,STRAIGHT,1.5,1.5,"CMD,0.4,1.50",4.0,0.0081,2.374,0.023,1,0.985,0,NORMAL,60.072,0.614,1,1,1,1,1,118.7,84,5,dijkstra,graph,0.41622,0,,,,,,0,,,,201221,124641,2074
681,118.8076901435852,2026-03-06T01:45:15.703078,99.53,0.0,10.4,15.02,2.0,0.0,0.0,145.32,5.85,0.342,0.346,STRAIGHT,1.5,1.5,"CMD,0.3,1.50",4.0,0.0081,2.374,0.023,1,0.981,0,NORMAL,59.196,0.593,1,1,1,1,1,118.7,77,5,dijkstra,graph,0.41378,0,,,,,,0,,,,199459,123992,2008
682,118.97623562812805,2026-03-06T01:45:15.871624,109.07,0.0,6.01,18.41,2.0,0.0,0.0,151.52,5.84,0.344,0.344,STRAIGHT,1.5,1.5,"CMD,0.3,1.50",4.0,0.0084,2.329,0.023,1,0.9836,0,NORMAL,56.712,0.57,1,1,1,1,1,116.4,84,3,dijkstra,graph,0.41397,0,,,,,,0,,,,199436,123925,1870
683,119.14548945426941,2026-03-06T01:45:16.040878,112.27,0.0,9.33,13.02,2.0,0.0,0.0,153.23,5.85,0.345,0.344,STRAIGHT,1.5,1.5,"CMD,0.3,1.50",4.0,0.0084,2.329,0.023,1,0.9848,0,NORMAL,56.689,0.487,1,1,1,1,1,116.4,72,4,dijkstra,graph,0.41231,0,,,,,,0,,,,199810,123471,1808
684,119.31348729133606,2026-03-06T01:45:16.208875,114.15,0.0,6.01,13.79,0.0,0.0,0.0,149.97,5.85,0.346,0.345,STRAIGHT,1.5,1.5,"CMD,0.3,1.50",4.0,0.0084,2.329,0.023,1,0.985,0,NORMAL,57.564,0.393,1,1,1,1,1,116.4,75,2,dijkstra,graph,0.41039,0,,,,,,0,,,,199152,122885,1802
685,119.48452925682068,2026-03-06T01:45:16.379917,114.38,0.0,8.01,12.04,0.0,0.0,0.0,150.13,5.85,0.346,0.346,STRAIGHT,1.5,1.5,"CMD,0.3,1.50",4.0,0.0084,2.329,0.023,1,0.9761,0,NORMAL,57.771,0.633,1,1,1,1,1,116.4,69,4,dijkstra,graph,0.40822,0,,,,,,0,,,,197057,122236,1825
686,119.65609240531921,2026-03-06T01:45:16.551481,111.51,0.0,6.01,14.02,2.0,0.0,0.0,150.89,5.84,0.347,0.346,STRAIGHT,1.5,1.5,"CMD,0.3,1.50",4.0,0.0084,2.329,0.023,1,0.981,0,NORMAL,57.589,0.464,1,1,1,1,1,116.4,71,5,dijkstra,graph,0.41002,0,,,,,,0,,,,198773,122803,1865
687,119.81775736808777,2026-03-06T01:45:16.713145,109.6,0.0,6.01,10.01,0.0,0.0,0.0,143.64,5.85,0.351,0.347,STRAIGHT,1.5,1.5,"CMD,0.3,1.50",4.0,0.0088,2.283,0.023,1,0.9839,0,NORMAL,57.582,0.537,1,1,1,1,1,114.2,75,6,dijkstra,graph,0.41492,0,,,,,,0,,,,200621,124197,2028
688,119.98977589607239,2026-03-06T01:45:16.885164,108.58,0.0,6.01,13.67,2.0,0.0,0.0,151.87,5.85,0.355,0.351,STRAIGHT,1.5,1.5,"CMD,0.4,1.50",4.0,0.0088,2.283,0.023,1,0.9829,0,NORMAL,57.655,0.529,1,1,1,1,1,114.2,67,5,dijkstra,graph,0.41293,0,,,,,,0,,,,199761,123698,1770
689,120.15301966667175,2026-03-06T01:45:17.048408,111.18,0.0,6.01,14.02,0.0,0.0,0.0,147.22,5.85,0.357,0.355,STRAIGHT,1.5,1.5,"CMD,0.4,1.50",4.0,0.0088,2.283,0.023,1,0.9845,0,NORMAL,57.895,0.535,1,1,1,1,1,114.2,58,5,dijkstra,graph,0.41915,0,,,,,,0,,,,200845,125430,1811
690,120.31486248970032,2026-03-06T01:45:17.210250,107.72,0.0,6.01,14.07,0.0,0.0,0.0,143.82,5.86,0.358,0.357,STRAIGHT,1.5,1.5,"CMD,0.4,1.50",4.0,0.0088,2.283,0.023,1,0.9814,0,NORMAL,57.95,0.57,1,1,1,1,1,114.2,60,5,dijkstra,graph,0.41498,0,,,,,,0,,,,199484,124210,1753
691,120.47818398475647,2026-03-06T01:45:17.373572,106.65,0.0,6.01,14.41,2.0,0.0,0.0,147.3,5.86,0.359,0.358,STRAIGHT,1.5,1.5,"CMD,0.4,1.50",4.0,0.0088,2.283,0.023,1,0.9822,0,NORMAL,57.774,0.596,1,1,1,1,1,114.2,67,5,dijkstra,graph,0.42052,0,,,,,,0,,,,200424,125860,1833
692,120.63972234725952,2026-03-06T01:45:17.535110,107.41,0.0,0.0,14.03,0.0,0.0,0.0,145.52,5.87,0.36,0.359,STRAIGHT,1.5,1.5,"CMD,0.4,1.50",4.0,0.0088,2.283,0.023,1,0.9792,0,NORMAL,58.403,0.541,1,1,1,1,1,114.2,71,4,dijkstra,graph,0.40851,0,,,,,,0,,,,198336,122263,1996
693,120.80628824234009,2026-03-06T01:45:17.701676,110.49,0.0,6.01,14.02,2.0,0.0,0.0,150.55,5.88,0.36,0.36,STRAIGHT,1.5,1.5,"CMD,0.4,1.50",4.0,0.0088,2.283,0.023,1,0.981,0,NORMAL,58.232,0.6,1,1,1,1,1,114.2,70,6,dijkstra,graph,0.41496,0,,,,,,0,,,,200563,124241,1943
694,120.97250366210938,2026-03-06T01:45:17.867892,110.59,0.0,0.0,14.02,2.0,0.0,0.0,150.16,5.88,0.361,0.36,STRAIGHT,1.5,1.5,"CMD,0.4,1.50",4.0,0.0088,2.283,0.023,1,0.9743,0,NORMAL,58.65,0.558,1,1,1,1,1,114.2,74,5,dijkstra,graph,0.40072,0,,,,,,0,,,,196490,120031,1931
695,121.13614392280579,2026-03-06T01:45:18.031532,107.57,0.0,8.01,16.02,0.0,0.0,0.0,147.62,5.89,0.361,0.361,STRAIGHT,1.5,1.5,"CMD,0.4,1.50",4.0,0.0088,2.283,0.023,1,0.9776,0,NORMAL,57.507,0.56,1,1,1,1,1,114.2,83,3,dijkstra,graph,0.40901,0,,,,,,0,,,,199388,122493,2003
696,121.31312322616577,2026-03-06T01:45:18.208511,118.46,0.0,6.01,18.47,2.0,0.0,0.0,158.96,5.89,0.361,0.361,STRAIGHT,1.5,1.5,"CMD,0.4,1.50",4.0,0.0088,2.283,0.023,1,0.9799,0,NORMAL,57.901,0.562,1,1,1,1,1,114.2,84,5,dijkstra,graph,0.40095,0,,,,,,0,,,,197401,120048,1985
697,121.48418712615967,2026-03-06T01:45:18.379575,106.45,0.0,10.37,22.2,0.0,0.0,0.0,155.04,5.9,0.361,0.361,STRAIGHT,1.5,1.5,"CMD,0.4,1.50",4.0,0.0088,2.283,0.023,1,0.9808,0,NORMAL,58.222,0.542,1,1,1,1,1,114.2,80,3,dijkstra,graph,0.40698,0,,,,,,0,,,,198346,122029,1870
698,121.64498782157898,2026-03-06T01:45:18.540376,105.49,0.0,4.01,18.78,0.0,0.0,0.0,152.79,5.91,0.361,0.361,STRAIGHT,1.5,1.5,"CMD,0.4,1.50",4.0,0.0088,2.283,0.023,1,0.9776,0,NORMAL,58.828,0.521,1,1,1,1,1,114.2,70,4,dijkstra,graph,0.39884,0,,,,,,0,,,,195756,119364,1830
699,121.81607508659363,2026-03-06T01:45:18.711463,115.08,0.0,6.01,14.11,0.0,0.0,0.0,153.28,5.91,0.366,0.361,STRAIGHT,1.5,1.5,"CMD,0.4,1.50",4.0,0.0091,2.237,0.023,1,0.9835,0,NORMAL,59.463,0.544,1,1,1,1,1,111.9,62,5,dijkstra,graph,0.40264,0,,,,,,0,,,,196703,120462,1874
700,121.98457884788513,2026-03-06T01:45:18.879967,106.14,0.0,10.15,16.88,0.0,0.0,0.0,148.5,5.91,0.37,0.366,STRAIGHT,1.5,1.5,"CMD,0.4,1.50",4.0,0.0091,2.237,0.023,1,0.9687,0,NORMAL,59.58,0.509,1,1,1,1,1,111.9,73,3,dijkstra,graph,0.41399,0,,,,,,0,,,,201480,123947,1864
701,122.14862942695618,2026-03-06T01:45:19.044018,116.4,0.0,6.01,15.99,2.0,0.0,0.0,146.53,5.94,0.372,0.37,STRAIGHT,1.5,1.5,"CMD,0.4,1.50",4.0,0.0091,2.237,0.023,1,0.9678,0,NORMAL,60.047,0.497,1,1,1,1,1,111.9,69,5,dijkstra,graph,0.39957,0,,,,,,0,,,,197252,119624,1788
702,122.31266403198242,2026-03-06T01:45:19.208052,113.68,0.0,2.0,16.32,0.0,0.0,0.0,148.02,5.96,0.373,0.372,STRAIGHT,1.5,1.5,"CMD,0.4,1.50",4.0,0.0091,2.237,0.023,1,0.9808,0,NORMAL,59.766,0.53,1,1,1,1,1,111.9,67,4,dijkstra,graph,0.40207,0,,,,,,0,,,,197060,120465,1801
703,122.48484754562378,2026-03-06T01:45:19.380236,112.43,0.0,6.01,14.02,0.0,0.0,0.0,150.38,5.96,0.374,0.373,STRAIGHT,1.5,1.5,"CMD,0.4,1.50",4.0,0.0091,2.237,0.023,1,0.9791,0,NORMAL,58.864,0.483,1,1,1,1,1,111.9,68,6,dijkstra,graph,0.39899,0,,,,,,0,,,,196681,119307,2025
704,122.65727019309998,2026-03-06T01:45:19.552658,105.57,0.0,10.46,12.1,8.24,0.0,0.0,150.39,5.96,0.38,0.374,STRAIGHT,1.5,1.5,"CMD,0.4,1.50",4.0,0.0095,2.192,0.023,1,0.9752,0,NORMAL,59.511,0.411,1,1,1,1,1,109.6,66,4,dijkstra,graph,0.40124,0,,,,,,0,,,,198037,120196,1830
705,122.82131767272949,2026-03-06T01:45:19.716706,106.74,0.0,6.01,14.66,0.0,0.0,0.0,153.81,5.97,0.384,0.38,STRAIGHT,1.5,1.5,"CMD,0.4,1.50",4.0,0.0095,2.192,0.023,1,0.977,0,NORMAL,59.836,0.396,1,1,1,1,1,109.6,65,4,dijkstra,graph,0.39076,0,,,,,,0,,,,195065,117107,1711
706,122.99303913116455,2026-03-06T01:45:19.888427,110.22,0.0,6.29,19.8,0.0,0.0,2.0,153.96,5.97,0.387,0.384,STRAIGHT,1.5,1.5,"CMD,0.4,1.50",4.0,0.0095,2.192,0.023,1,0.9839,0,NORMAL,57.318,0.434,1,1,1,1,1,109.6,62,4,dijkstra,graph,0.38678,0,,,,,,0,,,,194024,115772,1820
707,123.15150475502014,2026-03-06T01:45:20.046893,104.31,0.0,6.01,12.09,0.0,0.0,0.0,140.44,5.98,0.389,0.387,STRAIGHT,1.5,1.5,"CMD,0.4,1.50",4.0,0.0095,2.192,0.023,1,0.9824,0,NORMAL,57.017,0.392,1,1,1,1,1,109.6,71,5,dijkstra,graph,0.38343,0,,,,,,0,,,,193991,114769,1953
708,123.32512879371643,2026-03-06T01:45:20.220517,112.45,0.0,2.65,19.8,0.0,0.0,0.0,151.13,5.98,0.39,0.389,STRAIGHT,1.5,1.5,"CMD,0.4,1.50",4.0,0.0095,2.192,0.023,1,0.9804,0,NORMAL,57.132,0.387,1,1,1,1,1,109.6,50,5,dijkstra,graph,0.38442,0,,,,,,0,,,,195616,115079,1709
709,123.49473071098328,2026-03-06T01:45:20.390119,112.75,0.0,6.01,16.37,0.0,0.0,0.0,151.58,5.98,0.39,0.39,STRAIGHT,1.5,1.5,"CMD,0.4,1.50",4.0,0.0095,2.192,0.023,1,0.9792,0,NORMAL,57.618,0.332,1,1,1,1,1,109.6,76,5,dijkstra,graph,0.37975,0,,,,,,0,,,,193141,113697,1956
710,123.65553569793701,2026-03-06T01:45:20.550924,108.27,0.0,6.01,10.13,0.0,0.0,0.0,142.43,5.98,0.391,0.39,STRAIGHT,1.5,1.5,"CMD,0.4,1.50",4.0,0.0095,2.192,0.023,1,0.9753,0,NORMAL,56.499,0.315,1,1,1,1,1,109.6,62,4,dijkstra,graph,0.37502,0,,,,,,0,,,,189742,112371,1875
711,123.82500720024109,2026-03-06T01:45:20.720395,104.52,0.0,10.43,18.25,0.0,0.0,0.0,149.37,5.98,0.397,0.391,STRAIGHT,1.5,1.5,"CMD,0.4,1.50",4.0,0.0099,2.146,0.023,1,0.9787,0,NORMAL,57.298,0.283,1,1,1,1,1,107.3,65,6,dijkstra,graph,0.37211,0,,,,,,0,,,,189520,111414,1894
712,123.98851752281189,2026-03-06T01:45:20.883906,110.31,0.0,10.05,10.31,0.0,0.0,0.0,151.28,5.99,0.401,0.397,STRAIGHT,1.5,1.5,"CMD,0.4,1.50",4.0,0.0099,2.146,0.023,1,0.9777,0,NORMAL,57.966,0.257,1,1,1,1,1,107.3,72,2,dijkstra,graph,0.36988,0,,,,,,0,,,,187948,110752,1646
713,124.15560746192932,2026-03-06T01:45:21.050995,106.3,0.0,8.01,14.41,0.0,0.0,0.0,144.74,5.99,0.404,0.401,STRAIGHT,1.5,1.5,"CMD,0.4,1.50",4.0,0.0099,2.146,0.023,1,0.9764,0,NORMAL,58.312,0.261,1,1,1,1,1,107.3,68,4,dijkstra,graph,0.37622,0,,,,,,0,,,,189295,112585,1741
714,124.31091356277466,2026-03-06T01:45:21.206302,109.42,0.0,8.01,6.01,0.0,0.0,0.0,139.29,6.01,0.405,0.404,STRAIGHT,1.5,1.5,"CMD,0.4,1.50",4.0,0.0099,2.146,0.023,1,0.9735,0,NORMAL,59.41,0.278,1,1,1,1,1,107.3,59,3,dijkstra,graph,0.36612,0,,,,,,0,,,,185894,109626,1658
715,124.48325490951538,2026-03-06T01:45:21.378643,101.54,0.0,15.04,13.02,0.0,0.0,0.0,145.62,6.01,0.407,0.405,STRAIGHT,1.5,1.5,"CMD,0.4,1.50",4.0,0.0099,2.146,0.023,1,0.9775,0,NORMAL,59.861,0.24,1,1,1,1,1,107.3,64,4,dijkstra,graph,0.36893,0,,,,,,0,,,,185735,110406,1905
716,124.65427660942078,2026-03-06T01:45:21.549665,112.6,0.0,12.36,14.02,0.0,0.0,0.0,155.0,6.0,0.407,0.407,STRAIGHT,1.5,1.5,"CMD,0.4,1.50",4.0,0.0099,2.146,0.023,1,0.963,0,NORMAL,60.735,0.216,1,1,1,1,1,107.3,69,4,dijkstra,graph,0.37519,0,,,,,,0,,,,189260,112315,1901
717,124.82044529914856,2026-03-06T01:45:21.715833,101.33,0.0,10.46,20.33,2.0,0.0,0.0,150.15,6.0,0.414,0.407,STRAIGHT,1.5,1.5,"CMD,0.4,1.50",4.0,0.0104,2.1,0.023,1,0.9634,0,NORMAL,62.288,0.139,1,1,1,1,1,105.0,60,4,dijkstra,graph,0.3637,0,,,,,,0,,,,186182,108923,1821
718,124.98090863227844,2026-03-06T01:45:21.876297,110.45,0.0,6.01,8.01,0.0,0.0,0.0,142.37,6.01,0.418,0.414,STRAIGHT,1.5,1.5,"CMD,0.4,1.50",4.0,0.0104,2.1,0.023,1,0.9677,0,NORMAL,63.246,0.085,1,1,1,1,1,105.0,67,4,dijkstra,graph,0.36236,0,,,,,,0,,,,184314,108419,1807
719,125.15042471885681,2026-03-06T01:45:22.045813,107.76,0.0,6.01,14.02,0.0,0.0,0.0,149.24,6.0,0.421,0.418,STRAIGHT,1.5,1.5,"CMD,0.4,1.50",4.0,0.0104,2.1,0.023,1,0.959,0,NORMAL,64.332,0.027,1,1,1,1,1,105.0,65,4,dijkstra,graph,0.34959,0,,,,,,0,,,,179984,104726,1704
720,125.31170892715454,2026-03-06T01:45:22.207097,105.1,0.0,10.05,16.08,0.0,0.0,0.0,145.27,6.0,0.423,0.421,STRAIGHT,1.5,1.5,"CMD,0.4,1.50",4.0,0.0104,2.1,0.023,1,0.9424,0,NORMAL,64.903,-0.007,1,1,1,1,1,94.7,77,5,dijkstra,graph,0.34211,0,,,,,,0,,,,173216,102479,1695
721,125.47415041923523,2026-03-06T01:45:22.369539,106.36,0.0,6.01,14.02,2.0,0.0,0.0,146.42,6.0,0.424,0.423,STRAIGHT,1.5,1.5,"CMD,0.4,1.50",4.0,0.0104,2.1,0.023,1,0.9496,0,NORMAL,65.405,-0.017,1,1,1,1,1,95.4,85,5,dijkstra,graph,0.34541,0,,,,,,0,,,,170121,103496,1759
722,125.63935136795044,2026-03-06T01:45:22.534740,107.15,0.0,6.01,18.0,0.0,0.0,0.0,149.18,6.0,0.425,0.424,STRAIGHT,1.5,1.5,"CMD,0.4,1.50",4.0,0.0104,2.1,0.023,1,0.9652,0,NORMAL,66.333,-0.041,1,1,1,1,1,93.7,87,4,dijkstra,graph,0.33349,0,,,,,,0,,,,165733,99915,1782
723,125.79896521568298,2026-03-06T01:45:22.694353,105.51,0.0,10.32,10.08,0.0,0.0,0.0,141.59,6.01,0.426,0.425,STRAIGHT,1.5,1.5,"CMD,0.4,1.50",4.0,0.0104,2.1,0.023,1,0.965,0,NORMAL,66.881,-0.068,1,1,1,1,1,89.0,91,4,dijkstra,graph,0.32973,0,,,,,,0,,,,165330,98750,1808
724,125.96667551994324,2026-03-06T01:45:22.862064,101.6,0.0,8.01,14.02,0.0,0.0,0.0,141.66,6.0,0.426,0.426,STRAIGHT,1.5,1.5,"CMD,0.4,1.50",4.0,0.0104,2.1,0.023,1,0.9405,0,NORMAL,67.252,-0.004,1,1,1,1,1,94.7,85,3,dijkstra,graph,0.33674,0,,,,,,0,,,,174370,100869,1694
725,126.13273596763611,2026-03-06T01:45:23.028124,109.7,0.0,10.17,15.02,0.0,0.0,2.0,150.04,6.02,0.427,0.426,STRAIGHT,1.5,1.5,"CMD,0.4,1.50",4.0,0.0104,2.1,0.023,1,0.9687,0,NORMAL,68.078,-0.265,1,1,1,1,1,95.4,90,4,dijkstra,graph,0.33252,0,,,,,,0,,,,174254,99589,1776
726,126.29613041877747,2026-03-06T01:45:23.191519,109.02,0.0,0.0,15.52,0.0,0.0,0.0,145.37,6.03,0.433,0.427,STRAIGHT,1.5,1.5,"CMD,0.4,1.50",4.0,0.0108,2.055,0.023,1,0.962,0,NORMAL,68.684,-0.258,1,1,1,1,1,102.7,87,3,dijkstra,graph,0.3414,0,,,,,,0,,,,179353,102189,1636
727,126.45738577842712,2026-03-06T01:45:23.352774,105.68,0.0,7.51,14.02,0.0,0.0,0.0,143.23,6.03,0.444,0.433,STRAIGHT,1.5,1.5,"CMD,0.4,1.50",4.0,0.0113,2.009,0.023,1,0.9806,0,NORMAL,69.612,-0.301,1,1,1,1,1,100.5,79,3,dijkstra,graph,0.34304,0,,,,,,0,,,,179885,102615,1727
728,126.62910318374634,2026-03-06T01:45:23.524491,108.56,0.0,10.45,20.41,0.0,0.0,0.0,153.44,6.03,0.452,0.444,STRAIGHT,1.5,1.5,"CMD,0.4,1.50",4.0,0.0113,2.009,0.023,1,0.9829,0,NORMAL,70.028,-0.298,1,1,1,1,1,100.5,78,3,dijkstra,graph,0.33671,0,,,,,,0,,,,178059,100765,1679
729,126.7918164730072,2026-03-06T01:45:23.687205,111.3,0.0,6.01,12.08,0.0,0.0,0.0,152.33,6.03,0.457,0.452,STRAIGHT,1.5,1.5,"CMD,0.5,1.50",4.0,0.0113,2.009,0.023,1,0.9898,0,NORMAL,70.711,-0.344,1,1,1,1,1,100.5,72,3,dijkstra,graph,0.33527,0,,,,,,0,,,,177259,100296,1716
730,126.96553826332092,2026-03-06T01:45:23.860926,108.75,0.0,14.42,14.21,0.0,0.0,0.0,153.41,6.02,0.46,0.457,STRAIGHT,1.5,1.5,"CMD,0.5,1.50",4.0,0.0113,2.009,0.023,1,0.9885,0,NORMAL,70.711,-0.366,1,1,1,1,1,100.5,72,3,dijkstra,graph,0.33343,0,,,,,,0,,,,176752,99819,1626
731,127.13644886016846,2026-03-06T01:45:24.031837,112.3,0.0,7.75,14.02,2.0,0.0,0.0,150.52,6.01,0.462,0.46,STRAIGHT,1.5,1.5,"CMD,0.5,1.50",4.0,0.0113,2.009,0.023,1,0.9893,0,NORMAL,70.711,-0.352,1,1,1,1,1,100.5,78,3,dijkstra,graph,0.3368,0,,,,,,0,,,,178175,100797,1641
732,127.3000807762146,2026-03-06T01:45:24.195469,107.22,0.0,6.01,14.03,2.0,0.0,0.0,147.61,6.02,0.464,0.462,STRAIGHT,1.5,1.5,"CMD,0.5,1.50",4.0,0.0113,2.009,0.023,1,0.9906,0,NORMAL,70.711,-0.306,1,1,1,1,1,100.5,81,3,dijkstra,graph,0.34128,0,,,,,,0,,,,179259,102071,1666
733,127.46857333183289,2026-03-06T01:45:24.363961,112.34,0.0,0.0,23.71,2.0,0.0,0.0,153.07,6.03,0.465,0.464,STRAIGHT,1.5,1.5,"CMD,0.5,1.50",4.0,0.0113,2.009,0.023,1,0.9903,0,NORMAL,70.711,-0.316,1,1,1,1,1,100.5,86,3,dijkstra,graph,0.34126,0,,,,,,0,,,,180070,102184,1851
734,127.63791418075562,2026-03-06T01:45:24.533302,110.26,0.0,7.01,14.02,0.0,0.0,0.0,151.32,6.02,0.465,0.465,STRAIGHT,1.5,1.5,"CMD,0.5,1.50",4.0,0.0113,2.009,0.023,1,0.9901,0,NORMAL,70.711,-0.313,1,1,1,1,1,100.5,79,3,dijkstra,graph,0.3457,0,,,,,,0,,,,180483,103407,1700
735,127.80215406417847,2026-03-06T01:45:24.697542,107.71,0.0,8.2,13.76,0.0,0.0,0.0,148.22,6.03,0.466,0.465,STRAIGHT,1.5,1.5,"CMD,0.5,1.50",4.0,0.0113,2.009,0.023,1,0.9887,0,NORMAL,70.711,-0.295,1,1,1,1,1,100.5,72,2,dijkstra,graph,0.34333,0,,,,,,0,,,,180170,102700,1542
736,127.96687531471252,2026-03-06T01:45:24.862263,112.43,0.0,6.01,14.24,0.0,0.0,0.0,148.7,6.02,0.466,0.466,STRAIGHT,1.5,1.5,"CMD,0.5,1.50",4.0,0.0113,2.009,0.023,1,0.9906,0,NORMAL,70.711,-0.285,1,1,1,1,1,100.5,74,3,dijkstra,graph,0.34246,0,,,,,,0,,,,180395,102514,1844
737,128.1384313106537,2026-03-06T01:45:25.033819,110.89,0.0,6.01,6.01,10.05,0.0,0.0,151.36,6.02,0.466,0.466,STRAIGHT,1.5,1.5,"CMD,0.5,1.50",4.0,0.0113,2.009,0.023,1,0.9886,0,NORMAL,70.711,-0.304,1,1,1,1,1,100.5,68,4,dijkstra,graph,0.35037,0,,,,,,0,,,,181231,104822,1804
738,128.30041980743408,2026-03-06T01:45:25.195808,111.66,0.0,7.75,8.01,0.0,0.0,0.0,141.82,6.03,0.466,0.466,STRAIGHT,1.5,1.5,"CMD,0.5,1.50",4.0,0.0113,2.009,0.023,1,0.9864,0,NORMAL,70.711,-0.229,1,1,1,1,1,100.5,66,4,dijkstra,graph,0.3511,0,,,,,,0,,,,182602,105122,1728
739,128.47982478141785,2026-03-06T01:45:25.375213,117.18,0.0,8.01,16.05,0.0,0.0,0.0,155.32,6.01,0.466,0.466,STRAIGHT,1.5,1.5,"CMD,0.5,1.50",4.0,0.0113,2.009,0.023,1,0.9882,0,NORMAL,70.711,-0.207,1,1,1,1,1,100.5,76,3,dijkstra,graph,0.35676,0,,,,,,0,,,,183876,106716,1718
740,128.6519935131073,2026-03-06T01:45:25.547381,111.34,0.0,8.01,16.3,0.0,0.0,2.0,154.15,6.01,0.467,0.466,STRAIGHT,1.5,1.5,"CMD,0.5,1.50",4.0,0.0113,2.009,0.023,1,0.989,0,NORMAL,70.711,-0.089,1,1,1,1,1,100.5,86,3,dijkstra,graph,0.35481,0,,,,,,0,,,,183565,106225,1846
741,128.82266306877136,2026-03-06T01:45:25.718051,112.59,0.0,8.01,18.03,0.0,0.0,0.0,154.65,6.0,0.467,0.467,STRAIGHT,1.5,1.5,"CMD,0.5,1.50",4.0,0.0113,2.009,0.023,1,0.9891,0,NORMAL,70.711,-0.047,1,1,1,1,1,100.5,79,3,dijkstra,graph,0.36091,0,,,,,,0,,,,184897,108081,1839
742,128.98606824874878,2026-03-06T01:45:25.881456,112.69,0.0,4.01,10.24,0.0,0.0,0.0,145.38,6.0,0.467,0.467,STRAIGHT,1.5,1.5,"CMD,0.5,1.50",4.0,0.0113,2.009,0.023,1,0.9831,0,NORMAL,70.711,-0.017,1,1,1,1,1,100.5,80,2,dijkstra,graph,0.37097,0,,,,,,0,,,,187428,111109,1693
743,129.16005659103394,2026-03-06T01:45:26.055445,112.82,0.0,8.01,14.01,0.0,0.0,0.0,153.41,5.98,0.467,0.467,STRAIGHT,1.5,1.5,"CMD,0.5,1.50",4.0,0.0113,2.009,0.023,1,0.9853,0,NORMAL,70.711,-0.086,1,1,1,1,1,100.5,81,4,dijkstra,graph,0.36585,0,,,,,,0,,,,185706,109501,1891
744,129.32111382484436,2026-03-06T01:45:26.216502,107.48,0.0,6.01,13.53,2.0,0.0,0.0,145.04,5.99,0.467,0.467,STRAIGHT,1.5,1.5,"CMD,0.5,1.50",4.0,0.0113,2.009,0.023,1,0.9907,0,NORMAL,70.711,-0.034,1,1,1,1,1,100.5,73,3,dijkstra,graph,0.36643,0,,,,,,0,,,,185522,109661,1691
745,129.4812753200531,2026-03-06T01:45:26.376663,107.97,0.0,8.01,12.14,0.0,0.0,0.0,144.14,6.01,0.467,0.467,STRAIGHT,1.5,1.5,"CMD,0.5,1.50",4.0,0.0113,2.009,0.023,1,0.9889,0,NORMAL,70.711,-0.056,1,1,1,1,1,100.5,84,4,dijkstra,graph,0.36409,0,,,,,,0,,,,184766,108964,1957
746,129.6530466079712,2026-03-06T01:45:26.548435,108.05,0.0,8.01,16.02,0.0,0.0,0.0,150.26,6.0,0.467,0.467,STRAIGHT,1.5,1.5,"CMD,0.5,1.50",4.0,0.0113,2.009,0.023,1,0.9879,0,NORMAL,70.711,-0.026,1,1,1,1,1,100.5,88,3,dijkstra,graph,0.36783,0,,,,,,0,,,,185807,110060,1979
747,129.82025718688965,2026-03-06T01:45:26.715645,110.89,0.0,8.01,18.25,0.0,0.0,0.0,151.19,5.99,0.467,0.467,STRAIGHT,1.5,1.5,"CMD,0.5,1.50",4.0,0.0113,2.009,0.023,1,0.9835,0,NORMAL,70.711,-0.046,1,1,1,1,1,100.5,95,3,dijkstra,graph,0.37025,0,,,,,,0,,,,187268,110823,1949
748,129.99173951148987,2026-03-06T01:45:26.887128,113.4,0.0,6.01,14.02,2.0,0.0,0.0,153.46,5.99,0.467,0.467,STRAIGHT,1.5,1.5,"CMD,0.5,1.50",4.0,0.0113,2.009,0.023,1,0.9855,0,NORMAL,70.711,-0.062,1,1,1,1,1,100.5,72,3,dijkstra,graph,0.36895,0,,,,,,0,,,,186609,110479,1841
749,130.15834522247314,2026-03-06T01:45:27.053734,106.26,0.0,11.27,15.02,0.0,0.0,0.0,150.59,5.98,0.467,0.467,STRAIGHT,1.5,1.5,"CMD,0.5,1.50",4.0,0.0113,2.009,0.023,1,0.984,0,NORMAL,70.711,-0.056,1,1,1,1,1,100.5,78,3,dijkstra,graph,0.36671,0,,,,,,0,,,,184843,109740,1924
750,130.32803964614868,2026-03-06T01:45:27.223428,107.35,0.0,10.35,9.51,10.43,0.0,0.0,151.67,5.97,0.46,0.467,STRAIGHT,1.5,1.5,"CMD,0.5,1.50",4.0,0.0108,2.055,0.023,1,0.9826,0,NORMAL,70.711,-0.042,1,1,1,1,1,102.7,83,3,dijkstra,graph,0.3712,0,,,,,,0,,,,186567,111076,1946
751,130.5013885498047,2026-03-06T01:45:27.396777,111.14,0.0,10.11,21.7,0.0,0.0,0.0,163.25,5.96,0.455,0.46,STRAIGHT,1.5,1.5,"CMD,0.5,1.50",4.0,0.0108,2.055,0.023,1,0.9807,0,NORMAL,70.711,-0.064,1,1,1,1,1,102.7,77,3,dijkstra,graph,0.37969,0,,,,,,0,,,,188828,113649,1679
752,130.6675567626953,2026-03-06T01:45:27.562945,113.86,0.0,6.01,16.03,0.0,0.0,0.0,150.15,5.96,0.452,0.455,STRAIGHT,1.5,1.5,"CMD,0.5,1.50",4.0,0.0108,2.055,0.023,1,0.9833,0,NORMAL,70.711,-0.052,1,1,1,1,1,102.7,89,2,dijkstra,graph,0.37378,0,,,,,,0,,,,187477,111869,1792
753,130.8368275165558,2026-03-06T01:45:27.732216,110.63,0.0,8.01,16.28,0.0,0.0,0.0,152.45,5.95,0.45,0.452,STRAIGHT,1.5,1.5,"CMD,0.5,1.50",4.0,0.0108,2.055,0.023,1,0.9835,0,NORMAL,70.711,-0.043,1,1,1,1,1,102.7,90,3,dijkstra,graph,0.37147,0,,,,,,0,,,,187725,111211,1840
754,131.0026524066925,2026-03-06T01:45:27.898041,103.21,0.0,10.2,20.35,0.0,0.0,0.0,149.8,5.95,0.449,0.45,STRAIGHT,1.5,1.5,"CMD,0.5,1.50",4.0,0.0108,2.055,0.023,1,0.9736,0,NORMAL,70.655,-0.122,1,1,1,1,1,102.7,77,3,dijkstra,graph,0.38855,0,,,,,,0,,,,191781,116331,1648
755,131.17054629325867,2026-03-06T01:45:28.065934,113.29,0.0,6.01,14.01,2.0,0.0,0.0,157.73,5.95,0.448,0.449,STRAIGHT,1.5,1.5,"CMD,0.4,1.50",4.0,0.0108,2.055,0.023,1,0.9771,0,NORMAL,68.394,-0.015,1,1,1,1,1,102.7,85,3,dijkstra,graph,0.39167,0,,,,,,0,,,,191049,117211,1718
756,131.33569812774658,2026-03-06T01:45:28.231086,114.4,0.0,10.36,10.36,0.0,0.0,0.0,149.13,5.94,0.441,0.448,STRAIGHT,1.5,1.5,"CMD,0.4,1.50",4.0,0.0104,2.1,0.023,1,0.9853,0,NORMAL,66.157,-0.012,1,1,1,1,1,105.0,72,3,dijkstra,graph,0.39444,0,,,,,,0,,,,191899,118049,1955
757,131.5139582157135,2026-03-06T01:45:28.409346,114.93,0.0,0.0,26.47,0.0,0.0,0.0,155.43,5.94,0.436,0.441,STRAIGHT,1.5,1.5,"CMD,0.4,1.50",4.0,0.0104,2.1,0.023,1,0.9841,0,NORMAL,64.904,0.007,1,1,1,1,1,105.0,86,3,dijkstra,graph,0.39583,0,,,,,,0,,,,193344,118598,1830
758,131.68100094795227,2026-03-06T01:45:28.576389,102.88,0.0,10.33,18.12,2.0,0.0,0.0,153.02,5.93,0.433,0.436,STRAIGHT,1.5,1.5,"CMD,0.4,1.50",4.0,0.0104,2.1,0.023,1,0.9792,0,NORMAL,64.89,0.006,1,1,1,1,1,105.0,82,3,dijkstra,graph,0.38847,0,,,,,,0,,,,190759,116384,1858
759,131.844899892807,2026-03-06T01:45:28.740288,109.34,0.0,6.01,16.09,0.0,0.0,0.0,147.88,5.94,0.425,0.433,STRAIGHT,1.5,1.5,"CMD,0.4,1.50",4.0,0.0099,2.146,0.023,1,0.982,0,NORMAL,64.863,0.022,1,1,1,1,1,107.3,79,2,dijkstra,graph,0.39568,0,,,,,,0,,,,191371,118427,1716
760,132.02241706848145,2026-03-06T01:45:28.917805,116.47,0.0,2.0,22.51,2.0,0.0,0.0,157.01,5.94,0.42,0.425,STRAIGHT,1.5,1.5,"CMD,0.4,1.50",4.0,0.0099,2.146,0.023,1,0.9871,0,NORMAL,64.536,-0.012,1,1,1,1,1,107.3,80,2,dijkstra,graph,0.38934,0,,,,,,0,,,,190216,116480,1693
761,132.19060254096985,2026-03-06T01:45:29.085991,104.53,0.0,11.54,18.07,0.0,0.0,0.0,152.17,5.93,0.416,0.42,STRAIGHT,1.5,1.5,"CMD,0.4,1.50",4.0,0.0099,2.146,0.023,1,0.9823,0,NORMAL,61.732,-0.042,1,1,1,1,1,107.3,90,3,dijkstra,graph,0.39541,0,,,,,,0,,,,192040,118347,1839
762,132.36112236976624,2026-03-06T01:45:29.256511,108.34,0.0,8.01,16.03,2.0,0.0,0.0,152.5,5.93,0.414,0.416,STRAIGHT,1.5,1.5,"CMD,0.4,1.50",4.0,0.0099,2.146,0.023,1,0.9874,0,NORMAL,62.699,0.038,1,1,1,1,1,107.3,81,3,dijkstra,graph,0.39624,0,,,,,,0,,,,191522,118791,1737
763,132.53175401687622,2026-03-06T01:45:29.427142,106.43,0.0,10.31,19.84,2.0,0.0,0.0,152.61,5.93,0.407,0.414,STRAIGHT,1.5,1.5,"CMD,0.4,1.50",4.0,0.0095,2.192,0.023,1,0.9819,0,NORMAL,61.616,0.059,1,1,1,1,1,109.6,69,3,dijkstra,graph,0.39709,0,,,,,,0,,,,192627,118739,1778
764,132.69672012329102,2026-03-06T01:45:29.592108,108.49,0.0,0.0,14.02,2.0,0.0,0.0,146.94,5.92,0.402,0.407,STRAIGHT,1.5,1.5,"CMD,0.4,1.50",4.0,0.0095,2.192,0.023,1,0.9869,0,NORMAL,63.025,-0.107,1,1,1,1,1,109.6,84,3,dijkstra,graph,0.39502,0,,,,,,0,,,,191196,118169,1850
765,132.86273097991943,2026-03-06T01:45:29.758119,113.74,0.0,0.0,10.06,0.0,0.0,0.0,149.99,5.92,0.398,0.402,STRAIGHT,1.5,1.5,"CMD,0.4,1.50",4.0,0.0095,2.192,0.023,1,0.9826,0,NORMAL,62.778,0.001,1,1,1,1,1,109.6,77,3,dijkstra,graph,0.39182,0,,,,,,0,,,,192428,117441,1907
766,133.02380776405334,2026-03-06T01:45:29.919196,110.1,0.0,6.01,8.01,0.0,0.0,0.0,140.75,5.94,0.396,0.398,STRAIGHT,1.5,1.5,"CMD,0.4,1.50",4.0,0.0095,2.192,0.023,1,0.9843,0,NORMAL,62.299,0.026,1,1,1,1,1,109.6,78,2,dijkstra,graph,0.39438,0,,,,,,0,,,,193090,117902,1748
767,133.20474481582642,2026-03-06T01:45:30.100133,112.35,0.0,8.01,16.02,0.0,0.0,0.0,152.88,5.92,0.39,0.396,STRAIGHT,1.5,1.5,"CMD,0.4,1.50",4.0,0.0091,2.237,0.023,1,0.9869,0,NORMAL,62.798,-0.001,1,1,1,1,1,111.9,88,2,dijkstra,graph,0.4006,0,,,,,,0,,,,194808,119957,1783
768,133.362806558609,2026-03-06T01:45:30.258195,100.96,0.0,0.0,14.02,2.0,0.0,0.0,144.04,5.94,0.385,0.39,STRAIGHT,1.5,1.5,"CMD,0.4,1.50",4.0,0.0091,2.237,0.023,1,0.9872,0,NORMAL,62.678,-0.028,1,1,1,1,1,111.9,65,2,dijkstra,graph,0.39527,0,,,,,,0,,,,194155,118364,1624
769,133.536283493042,2026-03-06T01:45:30.431672,111.07,0.0,10.34,14.02,2.0,0.0,0.0,155.45,5.94,0.382,0.385,STRAIGHT,1.5,1.5,"CMD,0.4,1.50",4.0,0.0091,2.237,0.023,1,0.9866,0,NORMAL,62.552,-0.017,1,1,1,1,1,111.9,77,2,dijkstra,graph,0.39688,0,,,,,,0,,,,194635,118804,1778
770,133.70305728912354,2026-03-06T01:45:30.598445,108.69,0.0,8.01,14.02,2.0,0.0,0.0,150.75,5.94,0.38,0.382,STRAIGHT,1.5,1.5,"CMD,0.4,1.50",4.0,0.0091,2.237,0.023,1,0.9845,0,NORMAL,62.063,-0.071,1,1,1,1,1,111.9,73,2,dijkstra,graph,0.40781,0,,,,,,0,,,,196865,122210,1801
771,133.87920784950256,2026-03-06T01:45:30.774596,115.52,0.0,6.01,18.49,0.0,0.0,0.0,158.13,5.93,0.374,0.38,STRAIGHT,1.5,1.5,"CMD,0.4,1.50",4.0,0.0088,2.283,0.023,1,0.985,0,NORMAL,62.413,-0.042,1,1,1,1,1,114.2,84,3,dijkstra,graph,0.40498,0,,,,,,0,,,,195941,121334,2014
772,134.05097150802612,2026-03-06T01:45:30.946360,109.12,0.0,8.01,16.02,0.0,0.0,0.0,149.74,5.93,0.37,0.374,STRAIGHT,1.5,1.5,"CMD,0.4,1.50",4.0,0.0088,2.283,0.023,1,0.9853,0,NORMAL,62.261,-0.007,1,1,1,1,1,114.2,79,4,dijkstra,graph,0.40719,0,,,,,,0,,,,196565,121949,1892
773,134.2162744998932,2026-03-06T01:45:31.111663,106.57,0.0,10.05,10.41,0.0,0.0,0.0,143.06,5.92,0.367,0.37,STRAIGHT,1.5,1.5,"CMD,0.4,1.50",4.0,0.0088,2.283,0.023,1,0.9868,0,NORMAL,61.969,0.019,1,1,1,1,1,114.2,79,4,dijkstra,graph,0.40921,0,,,,,,0,,,,198160,122543,2047
774,134.39541792869568,2026-03-06T01:45:31.290806,111.51,0.0,6.01,16.18,0.0,0.0,0.0,151.89,5.9,0.36,0.367,STRAIGHT,1.5,1.5,"CMD,0.4,1.50",4.0,0.0084,2.329,0.023,1,0.9885,0,NORMAL,61.459,0.077,1,1,1,1,1,116.4,82,3,dijkstra,graph,0.4156,0,,,,,,0,,,,199050,124357,2094
775,134.56806874275208,2026-03-06T01:45:31.463457,114.78,0.0,8.01,16.02,0.0,0.0,0.0,156.63,5.9,0.356,0.36,STRAIGHT,1.5,1.5,"CMD,0.4,1.50",4.0,0.0084,2.329,0.023,1,0.9869,0,NORMAL,61.157,0.142,1,1,1,1,1,116.4,82,4,dijkstra,graph,0.41928,0,,,,,,0,,,,199851,125512,1988
776,134.7326157093048,2026-03-06T01:45:31.628004,109.69,0.0,0.0,20.81,0.0,0.0,0.0,146.52,5.9,0.353,0.356,STRAIGHT,1.5,1.5,"CMD,0.4,1.50",4.0,0.0084,2.329,0.023,1,0.9834,0,NORMAL,60.835,0.165,1,1,1,1,1,116.4,76,4,dijkstra,graph,0.42537,0,,,,,,0,,,,201334,127217,2071
777,134.89595913887024,2026-03-06T01:45:31.791347,104.65,0.0,0.0,10.23,0.0,0.0,0.0,141.35,5.91,0.351,0.353,STRAIGHT,1.5,1.5,"CMD,0.4,1.50",4.0,0.0084,2.329,0.023,1,0.984,0,NORMAL,61.151,0.183,1,1,1,1,1,116.4,82,4,dijkstra,graph,0.42393,0,,,,,,0,,,,202382,126816,2098
778,135.07793426513672,2026-03-06T01:45:31.973322,111.21,0.0,8.01,14.5,0.0,0.0,0.0,151.3,5.89,0.35,0.351,STRAIGHT,1.5,1.5,"CMD,0.4,1.50",4.0,0.0084,2.329,0.023,1,0.9773,0,NORMAL,60.579,0.225,1,1,1,1,1,116.4,79,2,dijkstra,graph,0.43686,0,,,,,,0,,,,206048,130813,2028
779,135.25024676322937,2026-03-06T01:45:32.145635,106.42,0.0,10.16,16.02,0.0,0.0,0.0,149.76,5.89,0.345,0.35,STRAIGHT,1.5,1.5,"CMD,0.3,1.50",4.0,0.0081,2.374,0.023,1,0.9701,0,NORMAL,55.941,0.141,1,1,1,1,1,118.7,85,3,dijkstra,graph,0.43388,0,,,,,,0,,,,202229,129834,2004
780,135.41680669784546,2026-03-06T01:45:32.312195,108.33,0.0,6.01,16.02,2.0,0.0,0.0,150.54,5.9,0.345,0.345,STRAIGHT,1.5,1.5,"CMD,0.3,1.50",4.0,0.0084,2.329,0.023,1,0.974,0,NORMAL,56.79,0.053,1,1,1,1,1,116.4,84,5,dijkstra,graph,0.42618,0,,,,,,0,,,,202310,127598,2033
781,135.58279132843018,2026-03-06T01:45:32.478179,101.63,0.0,10.11,20.53,0.0,0.0,0.0,147.96,5.9,0.346,0.345,STRAIGHT,1.5,1.5,"CMD,0.3,1.50",4.0,0.0084,2.329,0.023,1,0.9834,0,NORMAL,56.202,-0.162,1,1,1,1,1,116.4,83,5,dijkstra,graph,0.42514,0,,,,,,0,,,,202184,127276,2047
782,135.75598526000977,2026-03-06T01:45:32.651373,108.7,0.0,6.01,16.02,2.0,0.0,0.0,148.76,5.9,0.346,0.346,STRAIGHT,1.5,1.5,"CMD,0.3,1.50",4.0,0.0084,2.329,0.023,1,0.984,0,NORMAL,57.41,-0.082,1,1,1,1,1,116.4,86,3,dijkstra,graph,0.42157,0,,,,,,0,,,,200929,126220,1889
783,135.91528153419495,2026-03-06T01:45:32.810670,108.6,0.0,6.01,12.02,0.0,0.0,0.0,143.28,5.9,0.351,0.346,STRAIGHT,1.5,1.5,"CMD,0.3,1.50",4.0,0.0088,2.283,0.023,1,0.9752,0,NORMAL,57.843,-0.202,1,1,1,1,1,114.2,87,5,dijkstra,graph,0.40368,0,,,,,,0,,,,197003,120949,1875
784,136.08983612060547,2026-03-06T01:45:32.985224,108.32,0.0,8.01,14.51,3.4,0.0,0.0,152.27,5.9,0.355,0.351,STRAIGHT,1.5,1.5,"CMD,0.4,1.50",4.0,0.0088,2.283,0.023,1,0.9722,0,NORMAL,57.869,-0.155,1,1,1,1,1,114.2,89,5,dijkstra,graph,0.41789,0,,,,,,0,,,,201161,125108,2080
785,136.25904440879822,2026-03-06T01:45:33.154432,114.02,0.0,6.01,12.13,0.0,0.0,0.0,148.18,5.89,0.357,0.355,STRAIGHT,1.5,1.5,"CMD,0.4,1.50",4.0,0.0088,2.283,0.023,1,0.9823,0,NORMAL,58.297,-0.136,1,1,1,1,1,114.2,91,3,dijkstra,graph,0.41079,0,,,,,,0,,,,200545,122813,2057
786,136.43129301071167,2026-03-06T01:45:33.326681,111.49,0.0,6.01,14.51,0.0,0.0,0.0,151.79,5.9,0.358,0.357,STRAIGHT,1.5,1.5,"CMD,0.4,1.50",4.0,0.0088,2.283,0.023,1,0.9866,0,NORMAL,58.621,-0.085,1,1,1,1,1,114.2,93,2,dijkstra,graph,0.4114,0,,,,,,0,,,,200592,123138,1867
787,136.60835719108582,2026-03-06T01:45:33.503745,113.89,0.0,6.01,13.76,2.0,0.0,0.0,156.6,5.89,0.359,0.358,STRAIGHT,1.5,1.5,"CMD,0.4,1.50",4.0,0.0088,2.283,0.023,1,0.9815,0,NORMAL,59.474,-0.126,1,1,1,1,1,114.2,74,4,dijkstra,graph,0.40829,0,,,,,,0,,,,199115,122236,1886
788,136.78333687782288,2026-03-06T01:45:33.678725,118.94,0.0,6.01,15.99,0.0,0.0,0.0,156.96,5.87,0.36,0.359,STRAIGHT,1.5,1.5,"CMD,0.4,1.50",4.0,0.0088,2.283,0.023,1,0.987,0,NORMAL,59.563,-0.083,1,1,1,1,1,114.2,83,4,dijkstra,graph,0.41004,0,,,,,,0,,,,199492,122825,1994
789,136.95336818695068,2026-03-06T01:45:33.848756,112.0,0.0,7.82,16.03,0.0,0.0,0.0,152.01,5.88,0.36,0.36,STRAIGHT,1.5,1.5,"CMD,0.4,1.50",4.0,0.0088,2.283,0.023,1,0.9863,0,NORMAL,60.092,-0.077,1,1,1,1,1,114.2,81,4,dijkstra,graph,0.41281,0,,,,,,0,,,,199997,123624,2036
790,137.11859488487244,2026-03-06T01:45:34.013983,110.42,0.0,6.01,12.13,0.0,0.0,0.0,151.14,5.88,0.361,0.36,STRAIGHT,1.5,1.5,"CMD,0.4,1.50",4.0,0.0088,2.283,0.023,1,0.9841,0,NORMAL,60.686,-0.071,1,1,1,1,1,114.2,63,3,dijkstra,graph,0.40576,0,,,,,,0,,,,198203,121465,1764
791,137.28789043426514,2026-03-06T01:45:34.183279,107.79,0.0,0.0,24.33,2.0,0.0,0.0,158.98,5.89,0.361,0.361,STRAIGHT,1.5,1.5,"CMD,0.4,1.50",4.0,0.0088,2.283,0.023,1,0.9775,0,NORMAL,61.349,-0.075,1,1,1,1,1,114.2,82,2,dijkstra,graph,0.40603,0,,,,,,0,,,,200026,121576,1716
792,137.45485258102417,2026-03-06T01:45:34.350241,112.89,0.0,8.01,16.02,0.0,0.0,0.0,150.94,5.89,0.361,0.361,STRAIGHT,1.5,1.5,"CMD,0.4,1.50",4.0,0.0088,2.283,0.023,1,0.9747,0,NORMAL,61.535,0.004,1,1,1,1,1,114.2,76,3,dijkstra,graph,0.40229,0,,,,,,0,,,,197239,120481,1794
793,137.62779927253723,2026-03-06T01:45:34.523187,116.3,0.0,6.01,16.02,0.0,0.0,0.0,154.92,5.88,0.361,0.361,STRAIGHT,1.5,1.5,"CMD,0.4,1.50",4.0,0.0088,2.283,0.023,1,0.9876,0,NORMAL,61.752,0.02,1,1,1,1,1,114.2,80,3,dijkstra,graph,0.4013,0,,,,,,0,,,,197159,120258,1775
794,137.79395413398743,2026-03-06T01:45:34.689342,103.4,0.0,10.37,18.39,0.0,0.0,0.0,148.13,5.88,0.361,0.361,STRAIGHT,1.5,1.5,"CMD,0.4,1.50",4.0,0.0088,2.283,0.023,1,0.9834,0,NORMAL,62.693,0.03,1,1,1,1,1,114.2,77,4,dijkstra,graph,0.40506,0,,,,,,0,,,,197270,121248,1878
795,137.96767568588257,2026-03-06T01:45:34.863064,115.09,0.0,8.35,14.48,1.74,0.0,0.0,157.7,5.87,0.361,0.361,STRAIGHT,1.5,1.5,"CMD,0.4,1.50",4.0,0.0088,2.283,0.023,1,0.9821,0,NORMAL,64.602,-0.014,1,1,1,1,1,114.2,82,2,dijkstra,graph,0.40128,0,,,,,,0,,,,195975,120272,1837
796,138.13658809661865,2026-03-06T01:45:35.031976,112.78,0.0,8.01,16.08,0.0,0.0,0.0,152.89,5.88,0.366,0.361,STRAIGHT,1.5,1.5,"CMD,0.4,1.50",4.0,0.0091,2.237,0.023,1,0.9853,0,NORMAL,64.442,-0.029,1,1,1,1,1,111.9,85,3,dijkstra,graph,0.39694,0,,,,,,0,,,,195591,118846,2019
797,138.3066701889038,2026-03-06T01:45:35.202058,113.05,0.0,7.8,16.46,0.0,0.0,0.0,154.06,5.87,0.37,0.366,STRAIGHT,1.5,1.5,"CMD,0.4,1.50",4.0,0.0091,2.237,0.023,1,0.9792,0,NORMAL,66.019,-0.039,1,1,1,1,1,111.9,98,3,dijkstra,graph,0.38572,0,,,,,,0,,,,192859,115466,1960
798,138.47204208374023,2026-03-06T01:45:35.367430,106.78,0.0,0.0,20.54,0.0,0.0,0.0,143.34,5.88,0.372,0.37,STRAIGHT,1.5,1.5,"CMD,0.4,1.50",4.0,0.0091,2.237,0.023,1,0.9828,0,NORMAL,66.334,-0.086,1,1,1,1,1,111.9,96,2,dijkstra,graph,0.38686,0,,,,,,0,,,,193714,115992,1892
799,138.64868259429932,2026-03-06T01:45:35.544071,114.57,0.0,6.01,16.02,0.0,0.0,0.0,154.63,5.86,0.373,0.372,STRAIGHT,1.5,1.5,"CMD,0.4,1.50",4.0,0.0091,2.237,0.023,1,0.9795,0,NORMAL,64.558,0.006,1,1,1,1,1,111.9,93,3,dijkstra,graph,0.39583,0,,,,,,0,,,,195682,118467,1978
800,138.81310558319092,2026-03-06T01:45:35.708494,112.35,0.0,8.01,8.01,0.0,0.0,0.0,146.4,5.88,0.374,0.373,STRAIGHT,1.5,1.5,"CMD,0.4,1.50",4.0,0.0091,2.237,0.023,1,0.9728,0,NORMAL,65.54,-0.068,1,1,1,1,1,111.9,83,3,dijkstra,graph,0.38461,0,,,,,,0,,,,191714,115069,1826
801,138.995197057724,2026-03-06T01:45:35.890585,110.86,0.0,7.75,10.01,0.0,0.0,10.07,155.32,5.87,0.375,0.374,STRAIGHT,1.5,1.5,"CMD,0.4,1.50",4.0,0.0091,2.237,0.023,1,0.9634,0,NORMAL,64.98,-0.025,1,1,1,1,1,111.9,101,2,dijkstra,graph,0.40345,0,,,,,,0,,,,197215,120657,1842
802,139.16658639907837,2026-03-06T01:45:36.061975,112.55,0.0,6.01,6.21,10.05,0.0,0.0,161.32,5.86,0.381,0.375,STRAIGHT,1.5,1.5,"CMD,0.4,1.50",4.0,0.0095,2.192,0.023,1,0.9812,0,NORMAL,66.172,-0.064,1,1,1,1,1,109.6,85,3,dijkstra,graph,0.39934,0,,,,,,0,,,,196225,119649,1832
803,139.3321304321289,2026-03-06T01:45:36.227518,99.29,0.0,10.17,23.67,0.0,0.0,0.0,149.16,5.87,0.384,0.381,STRAIGHT,1.5,1.5,"CMD,0.4,1.50",4.0,0.0095,2.192,0.023,1,0.9787,0,NORMAL,66.266,-0.094,1,1,1,1,1,109.6,94,3,dijkstra,graph,0.39465,0,,,,,,0,,,,195050,118286,1893
804,139.49969148635864,2026-03-06T01:45:36.395080,105.27,0.0,12.03,16.21,0.0,0.0,0.0,151.54,5.88,0.387,0.384,STRAIGHT,1.5,1.5,"CMD,0.4,1.50",4.0,0.0095,2.192,0.023,1,0.9792,0,NORMAL,66.62,-0.088,1,1,1,1,1,109.6,92,3,dijkstra,graph,0.39176,0,,,,,,0,,,,193567,117112,1832
805,139.67442083358765,2026-03-06T01:45:36.569809,113.29,0.0,8.01,17.6,0.0,0.0,0.0,156.92,5.87,0.389,0.387,STRAIGHT,1.5,1.5,"CMD,0.4,1.50",4.0,0.0095,2.192,0.023,1,0.9767,0,NORMAL,66.911,-0.145,1,1,1,1,1,109.6,97,2,dijkstra,graph,0.38138,0,,,,,,0,,,,191414,114177,1756
806,139.84193301200867,2026-03-06T01:45:36.737321,109.21,0.0,6.01,14.24,0.0,0.0,0.0,147.48,5.86,0.385,0.387,STRAIGHT,1.5,1.5,"CMD,0.4,1.50",4.0,0.0091,2.237,0.023,1,0.9772,0,NORMAL,66.342,-0.078,1,1,1,1,1,111.9,85,2,dijkstra,graph,0.39686,0,,,,,,0,,,,195162,118873,1688
807,140.01584649085999,2026-03-06T01:45:36.911235,113.44,0.0,7.75,16.02,0.0,0.0,2.0,154.44,5.87,0.387,0.387,STRAIGHT,1.5,1.5,"CMD,0.4,1.50",4.0,0.0095,2.192,0.023,1,0.9818,0,NORMAL,67.451,-0.135,1,1,1,1,1,109.6,83,2,dijkstra,graph,0.39465,0,,,,,,0,,,,196468,118196,1746
808,140.17451071739197,2026-03-06T01:45:37.069899,110.47,0.0,6.01,8.14,0.0,0.0,0.0,142.64,5.89,0.383,0.385,STRAIGHT,1.5,1.5,"CMD,0.4,1.50",4.0,0.0091,2.237,0.023,1,0.9855,0,NORMAL,67.156,-0.111,1,1,1,1,1,111.9,94,3,dijkstra,graph,0.4045,0,,,,,,0,,,,197846,121161,2006
809,140.34670448303223,2026-03-06T01:45:37.242093,111.58,0.0,0.0,10.33,0.0,0.0,0.0,150.38,5.88,0.386,0.386,STRAIGHT,1.5,1.5,"CMD,0.4,1.50",4.0,0.0095,2.192,0.023,1,0.9768,0,NORMAL,66.753,-0.22,1,1,1,1,1,109.6,88,3,dijkstra,graph,0.38676,0,,,,,,0,,,,193349,115712,1963
810,140.52077293395996,2026-03-06T01:45:37.416161,110.51,0.0,8.01,6.01,10.47,0.0,0.0,153.75,5.87,0.388,0.386,STRAIGHT,1.5,1.5,"CMD,0.4,1.50",4.0,0.0095,2.192,0.023,1,0.9812,0,NORMAL,67.982,-0.311,1,1,1,1,1,109.6,89,3,dijkstra,graph,0.37853,0,,,,,,0,,,,192679,113263,1979
811,140.69086027145386,2026-03-06T01:45:37.586248,109.45,0.0,8.01,15.8,2.0,0.0,0.0,159.71,5.88,0.389,0.388,STRAIGHT,1.5,1.5,"CMD,0.4,1.50",4.0,0.0095,2.192,0.023,1,0.9864,0,NORMAL,67.199,-0.256,1,1,1,1,1,109.6,89,2,dijkstra,graph,0.38647,0,,,,,,0,,,,194939,115610,1712
812,140.85464549064636,2026-03-06T01:45:37.750034,109.25,0.0,6.01,14.48,0.0,0.0,0.0,147.77,5.87,0.39,0.389,STRAIGHT,1.5,1.5,"CMD,0.4,1.50",4.0,0.0095,2.192,0.023,1,0.9842,0,NORMAL,67.661,-0.28,1,1,1,1,1,109.6,94,3,dijkstra,graph,0.37593,0,,,,,,0,,,,192712,112437,1882
813,141.02886724472046,2026-03-06T01:45:37.924255,111.88,0.0,5.75,18.49,0.0,0.0,0.0,153.38,5.87,0.386,0.389,STRAIGHT,1.5,1.5,"CMD,0.4,1.50",4.0,0.0091,2.237,0.023,1,0.9818,0,NORMAL,66.969,-0.239,1,1,1,1,1,111.9,99,2,dijkstra,graph,0.38512,0,,,,,,0,,,,194418,115228,1825
814,141.19433283805847,2026-03-06T01:45:38.089721,106.99,0.0,10.02,13.76,0.0,0.0,0.0,147.44,5.88,0.388,0.388,STRAIGHT,1.5,1.5,"CMD,0.4,1.50",4.0,0.0095,2.192,0.023,1,0.9855,0,NORMAL,68.301,-0.242,1,1,1,1,1,109.6,93,3,dijkstra,graph,0.38562,0,,,,,,0,,,,195731,115414,1838
815,141.36029648780823,2026-03-06T01:45:38.255685,100.92,0.0,12.23,16.34,0.0,0.0,0.0,147.02,5.88,0.384,0.386,STRAIGHT,1.5,1.5,"CMD,0.4,1.50",4.0,0.0091,2.237,0.023,1,0.979,0,NORMAL,68.244,-0.187,1,1,1,1,1,111.9,90,3,dijkstra,graph,0.37548,0,,,,,,0,,,,192977,112451,1783
816,141.53144454956055,2026-03-06T01:45:38.426833,110.43,0.0,10.21,17.89,2.0,0.0,0.0,160.82,5.89,0.381,0.384,STRAIGHT,1.5,1.5,"CMD,0.4,1.50",4.0,0.0091,2.237,0.023,1,0.9807,0,NORMAL,67.295,-0.145,1,1,1,1,1,111.9,92,2,dijkstra,graph,0.38632,0,,,,,,0,,,,196323,115550,1754
817,141.7026264667511,2026-03-06T01:45:38.598015,114.92,0.0,8.01,7.75,0.0,0.0,10.33,157.17,5.9,0.38,0.381,STRAIGHT,1.5,1.5,"CMD,0.4,1.50",4.0,0.0091,2.237,0.023,1,0.984,0,NORMAL,66.95,-0.071,1,1,1,1,1,111.9,95,2,dijkstra,graph,0.39576,0,,,,,,0,,,,199036,118452,1734
818,141.8800084590912,2026-03-06T01:45:38.775397,122.45,0.0,6.01,14.02,0.0,0.0,0.0,167.29,5.89,0.374,0.38,STRAIGHT,1.5,1.5,"CMD,0.4,1.50",4.0,0.0088,2.283,0.023,1,0.9829,0,NORMAL,66.663,-0.002,1,1,1,1,1,114.2,93,2,dijkstra,graph,0.38798,0,,,,,,0,,,,197165,116316,1744
819,142.0635392665863,2026-03-06T01:45:38.958927,116.57,0.0,8.01,18.37,0.0,0.0,0.0,167.33,5.86,0.37,0.374,STRAIGHT,1.5,1.5,"CMD,0.4,1.50",4.0,0.0088,2.283,0.023,1,0.989,0,NORMAL,66.428,0.064,1,1,1,1,1,114.2,101,3,dijkstra,graph,0.39541,0,,,,,,0,,,,198254,118327,1979
820,142.23691391944885,2026-03-06T01:45:39.132302,110.64,0.0,0.0,18.35,0.0,0.0,0.0,155.35,5.86,0.367,0.37,STRAIGHT,1.5,1.5,"CMD,0.4,1.50",4.0,0.0088,2.283,0.023,1,0.9885,0,NORMAL,65.61,0.131,1,1,1,1,1,114.2,107,3,dijkstra,graph,0.40101,0,,,,,,0,,,,199632,120086,1837
821,142.4075312614441,2026-03-06T01:45:39.302919,110.39,0.0,6.01,16.02,2.0,0.0,0.0,152.59,5.86,0.36,0.367,STRAIGHT,1.5,1.5,"CMD,0.4,1.50",4.0,0.0084,2.329,0.023,1,0.9866,0,NORMAL,59.536,0.274,1,1,1,1,1,116.4,93,3,dijkstra,graph,0.41081,0,,,,,,0,,,,201928,122828,2034
822,142.5781512260437,2026-03-06T01:45:39.473539,114.45,0.0,6.01,16.02,0.0,0.0,0.0,154.25,5.86,0.361,0.361,STRAIGHT,1.5,1.5,"CMD,0.4,1.50",4.0,0.0088,2.283,0.023,1,0.9855,0,NORMAL,60.122,0.202,1,1,1,1,1,114.2,90,2,dijkstra,graph,0.39729,0,,,,,,0,,,,199226,118933,1730
823,142.7521367073059,2026-03-06T01:45:39.647525,111.9,0.0,8.01,18.03,0.0,0.0,2.0,157.96,5.85,0.356,0.36,STRAIGHT,1.5,1.5,"CMD,0.4,1.50",4.0,0.0084,2.329,0.023,1,0.9827,0,NORMAL,59.254,0.231,1,1,1,1,1,116.4,94,2,dijkstra,graph,0.40994,0,,,,,,0,,,,202683,122579,1799
824,142.92513227462769,2026-03-06T01:45:39.820521,114.66,0.0,4.01,17.53,0.0,0.0,0.0,156.97,5.85,0.353,0.356,STRAIGHT,1.5,1.5,"CMD,0.4,1.50",4.0,0.0084,2.329,0.023,1,0.9865,0,NORMAL,56.679,0.371,1,1,1,1,1,116.4,92,2,dijkstra,graph,0.41562,0,,,,,,0,,,,204958,124400,1788
825,143.10557794570923,2026-03-06T01:45:40.000966,120.8,0.0,6.24,14.43,6.28,0.0,0.0,164.42,5.84,0.351,0.353,STRAIGHT,1.5,1.5,"CMD,0.4,1.50",4.0,0.0084,2.329,0.023,1,0.9822,0,NORMAL,55.873,0.376,1,1,1,1,1,116.4,81,3,dijkstra,graph,0.40508,0,,,,,,0,,,,201360,121203,1759
826,143.2826852798462,2026-03-06T01:45:40.178073,114.84,0.0,6.01,20.21,2.0,0.0,0.0,159.08,5.83,0.35,0.351,STRAIGHT,1.5,1.5,"CMD,0.4,1.50",4.0,0.0084,2.329,0.023,1,0.9899,0,NORMAL,55.942,0.401,1,1,1,1,1,116.4,91,2,dijkstra,graph,0.4064,0,,,,,,0,,,,201930,121712,1827
827,143.45009636878967,2026-03-06T01:45:40.345485,102.53,0.0,10.17,20.33,0.0,0.0,0.0,151.39,5.83,0.349,0.35,STRAIGHT,1.5,1.5,"CMD,0.3,1.50",4.0,0.0084,2.329,0.023,1,0.983,0,NORMAL,55.675,0.441,1,1,1,1,1,116.4,94,2,dijkstra,graph,0.41554,0,,,,,,0,,,,205319,124328,1834
828,143.62534737586975,2026-03-06T01:45:40.520735,104.53,0.0,8.01,20.03,0.0,0.0,0.0,151.05,5.83,0.348,0.349,STRAIGHT,1.5,1.5,"CMD,0.3,1.50",4.0,0.0084,2.329,0.023,1,0.9909,0,NORMAL,55.402,0.504,1,1,1,1,1,116.4,99,2,dijkstra,graph,0.41124,0,,,,,,0,,,,203654,123100,1802
829,143.7949457168579,2026-03-06T01:45:40.690334,111.79,0.0,7.75,12.01,0.0,0.0,0.0,147.57,5.82,0.348,0.348,STRAIGHT,1.5,1.5,"CMD,0.3,1.50",4.0,0.0084,2.329,0.023,1,0.9905,0,NORMAL,55.617,0.5,1,1,1,1,1,116.4,100,2,dijkstra,graph,0.40762,0,,,,,,0,,,,202359,121896,1795
830,143.96559381484985,2026-03-06T01:45:40.860982,107.83,0.0,6.01,18.44,0.0,0.0,0.0,150.49,5.83,0.348,0.348,STRAIGHT,1.5,1.5,"CMD,0.3,1.50",4.0,0.0084,2.329,0.023,1,0.9908,0,NORMAL,54.984,0.558,1,1,1,1,1,116.4,93,2,dijkstra,graph,0.41149,0,,,,,,0,,,,203558,123166,1826
831,144.1339466571808,2026-03-06T01:45:41.029335,112.3,0.0,8.01,16.0,0.0,0.0,0.0,150.33,5.84,0.348,0.348,STRAIGHT,1.5,1.5,"CMD,0.3,1.50",4.0,0.0084,2.329,0.023,1,0.9878,0,NORMAL,55.288,0.523,1,1,1,1,1,116.4,76,2,dijkstra,graph,0.41066,0,,,,,,0,,,,203999,122911,1707
832,144.30863285064697,2026-03-06T01:45:41.204021,114.34,0.0,8.01,20.03,0.0,0.0,0.0,156.66,5.83,0.347,0.348,STRAIGHT,1.5,1.5,"CMD,0.3,1.50",4.0,0.0084,2.329,0.023,1,0.9896,0,NORMAL,54.611,0.628,1,1,1,1,1,116.4,103,2,dijkstra,graph,0.41874,0,,,,,,0,,,,204584,125404,1852
833,144.4849350452423,2026-03-06T01:45:41.380323,112.38,0.0,8.01,18.03,2.0,0.0,0.0,166.05,5.82,0.352,0.348,STRAIGHT,1.5,1.5,"CMD,0.3,1.50",4.0,0.0088,2.283,0.023,1,0.9858,0,NORMAL,55.133,0.596,1,1,1,1,1,114.2,95,2,dijkstra,graph,0.4113,0,,,,,,0,,,,204162,123182,1815
834,144.65669512748718,2026-03-06T01:45:41.552083,103.33,0.0,15.68,18.03,0.0,0.0,0.0,153.74,5.82,0.355,0.352,STRAIGHT,1.5,1.5,"CMD,0.4,1.50",4.0,0.0088,2.283,0.023,1,0.98,0,NORMAL,53.411,0.431,1,1,1,1,1,114.2,96,2,dijkstra,graph,0.41395,0,,,,,,0,,,,204828,124110,1839
835,144.8353087902069,2026-03-06T01:45:41.730697,110.23,0.0,10.09,22.21,0.0,0.0,0.0,164.58,5.81,0.357,0.355,STRAIGHT,1.5,1.5,"CMD,0.4,1.50",4.0,0.0088,2.283,0.023,1,0.9776,0,NORMAL,53.777,0.426,1,1,1,1,1,114.2,99,2,dijkstra,graph,0.39713,0,,,,,,0,,,,201680,118957,1824
836,145.0115189552307,2026-03-06T01:45:41.906907,112.82,0.0,4.01,17.37,0.0,0.0,0.0,154.18,5.81,0.364,0.357,STRAIGHT,1.5,1.5,"CMD,0.4,1.50",4.0,0.0091,2.237,0.023,1,0.9903,0,NORMAL,54.24,0.39,1,1,1,1,1,111.9,98,2,dijkstra,graph,0.39366,0,,,,,,0,,,,200746,117875,1850
837,145.18350481987,2026-03-06T01:45:42.078893,104.18,0.0,12.26,18.37,0.0,0.0,0.0,154.96,5.79,0.368,0.364,STRAIGHT,1.5,1.5,"CMD,0.4,1.50",4.0,0.0091,2.237,0.023,1,0.9881,0,NORMAL,54.439,0.443,1,1,1,1,1,111.9,95,2,dijkstra,graph,0.39269,0,,,,,,0,,,,199277,117564,1820
838,145.35205698013306,2026-03-06T01:45:42.247445,110.19,0.0,8.01,16.31,0.0,0.0,0.0,150.53,5.79,0.371,0.368,STRAIGHT,1.5,1.5,"CMD,0.4,1.50",4.0,0.0091,2.237,0.023,1,0.9849,0,NORMAL,54.658,0.458,1,1,1,1,1,111.9,90,2,dijkstra,graph,0.39293,0,,,,,,0,,,,200555,117416,1761
839,145.51993417739868,2026-03-06T01:45:42.415323,107.39,0.0,10.22,16.02,0.0,0.0,0.0,149.85,5.8,0.368,0.368,STRAIGHT,1.5,1.5,"CMD,0.4,1.50",4.0,0.0088,2.283,0.023,1,0.9859,0,NORMAL,54.866,0.572,1,1,1,1,1,114.2,89,2,dijkstra,graph,0.39783,0,,,,,,0,,,,200848,119115,1839
840,145.68380403518677,2026-03-06T01:45:42.579192,107.51,0.0,8.01,14.3,0.0,0.0,0.0,147.85,5.81,0.371,0.371,STRAIGHT,1.5,1.5,"CMD,0.4,1.50",4.0,0.0091,2.237,0.023,1,0.9741,0,NORMAL,55.807,0.482,1,1,1,1,1,111.9,97,3,dijkstra,graph,0.38564,0,,,,,,0,,,,199353,115444,1829
841,145.85644698143005,2026-03-06T01:45:42.751835,109.9,0.0,6.01,14.18,0.0,0.0,0.0,147.85,5.8,0.372,0.371,STRAIGHT,1.5,1.5,"CMD,0.4,1.50",4.0,0.0091,2.237,0.023,1,0.9816,0,NORMAL,55.36,0.505,1,1,1,1,1,111.9,97,3,dijkstra,graph,0.39415,0,,,,,,0,,,,202401,117968,2002
842,146.03670048713684,2026-03-06T01:45:42.932089,112.79,0.0,8.01,16.02,0.0,0.0,0.0,159.93,5.79,0.374,0.372,STRAIGHT,1.5,1.5,"CMD,0.4,1.50",4.0,0.0091,2.237,0.023,1,0.9801,0,NORMAL,55.394,0.584,1,1,1,1,1,111.9,94,2,dijkstra,graph,0.39302,0,,,,,,0,,,,201241,117637,1801
843,146.20602679252625,2026-03-06T01:45:43.101415,112.32,0.0,6.01,16.73,2.0,0.0,0.0,153.09,5.79,0.375,0.374,STRAIGHT,1.5,1.5,"CMD,0.4,1.50",4.0,0.0091,2.237,0.023,1,0.9732,0,NORMAL,56.008,0.578,1,1,1,1,1,111.9,86,3,dijkstra,graph,0.37913,0,,,,,,0,,,,196963,113494,1787
844,146.38205862045288,2026-03-06T01:45:43.277447,114.12,0.0,8.01,13.15,0.0,0.0,4.96,156.27,5.77,0.375,0.375,STRAIGHT,1.5,1.5,"CMD,0.4,1.50",4.0,0.0091,2.237,0.023,1,0.9874,0,NORMAL,56.227,0.562,1,1,1,1,1,111.9,79,3,dijkstra,graph,0.37808,0,,,,,,0,,,,196335,113146,1847
845,146.56052923202515,2026-03-06T01:45:43.455917,115.68,0.0,8.01,18.03,2.0,0.0,0.0,168.41,5.77,0.376,0.375,STRAIGHT,1.5,1.5,"CMD,0.4,1.50",4.0,0.0091,2.237,0.023,1,0.984,0,NORMAL,56.768,0.595,1,1,1,1,1,111.9,98,2,dijkstra,graph,0.37988,0,,,,,,0,,,,197233,113784,1785
846,146.73279690742493,2026-03-06T01:45:43.628185,111.97,0.0,8.01,16.03,2.0,0.0,0.0,156.04,5.77,0.376,0.376,STRAIGHT,1.5,1.5,"CMD,0.4,1.50",4.0,0.0091,2.237,0.023,1,0.9911,0,NORMAL,56.96,0.597,1,1,1,1,1,111.9,90,2,dijkstra,graph,0.37789,0,,,,,,0,,,,197594,113121,1722
847,146.9098241329193,2026-03-06T01:45:43.805212,118.76,0.0,6.01,18.21,0.0,0.0,0.0,161.0,5.77,0.376,0.376,STRAIGHT,1.5,1.5,"CMD,0.4,1.50",4.0,0.0091,2.237,0.023,1,0.9887,0,NORMAL,57.634,0.636,1,1,1,1,1,111.9,90,2,dijkstra,graph,0.38083,0,,,,,,0,,,,198935,114012,1753
848,147.10480499267578,2026-03-06T01:45:44.000193,119.34,0.0,6.01,30.05,2.0,0.0,0.0,175.43,5.75,0.381,0.376,STRAIGHT,1.5,1.5,"CMD,0.4,1.50",4.0,0.0095,2.192,0.023,1,0.9854,0,NORMAL,58.092,0.785,1,1,1,1,1,109.6,194,2,dijkstra,graph,0.37868,0,,,,,,0,,,,197779,113277,2353
849,147.2899203300476,2026-03-06T01:45:44.185309,116.68,0.0,8.01,26.38,0.0,0.0,0.0,167.09,5.74,0.38,0.38,STRAIGHT,1.5,1.5,"CMD,0.4,1.50",4.0,0.0091,2.237,0.023,1,0.9901,0,NORMAL,57.502,0.78,1,1,1,1,1,111.9,191,2,dijkstra,graph,0.38264,0,,,,,,0,,,,199462,114553,2369
850,147.47375178337097,2026-03-06T01:45:44.369140,114.35,0.0,6.69,22.11,0.0,0.0,0.0,161.17,5.72,0.379,0.38,STRAIGHT,1.5,1.5,"CMD,0.4,1.50",4.0,0.0091,2.237,0.023,1,0.9864,0,NORMAL,57.735,0.907,1,1,1,1,1,111.9,181,2,dijkstra,graph,0.38498,0,,,,,,0,,,,198884,115151,2310
851,147.66493821144104,2026-03-06T01:45:44.560326,114.77,0.0,10.46,28.16,0.0,0.0,0.0,171.0,5.7,0.383,0.38,STRAIGHT,1.5,1.5,"CMD,0.4,1.50",4.0,0.0095,2.192,0.023,1,0.9886,0,NORMAL,58.16,0.882,1,1,1,1,1,109.6,184,2,dijkstra,graph,0.37907,0,,,,,,0,,,,198417,113579,2369
852,147.8526964187622,2026-03-06T01:45:44.748085,102.93,0.0,16.62,25.78,2.0,0.0,0.0,165.35,5.69,0.381,0.381,STRAIGHT,1.5,1.5,"CMD,0.4,1.50",4.0,0.0091,2.237,0.023,1,0.986,0,NORMAL,57.974,0.968,1,1,1,1,1,111.9,176,3,dijkstra,graph,0.38347,0,,,,,,0,,,,200949,114727,2300
853,148.02929973602295,2026-03-06T01:45:44.924688,101.56,0.0,16.63,24.31,0.0,0.0,0.0,158.58,5.68,0.385,0.383,STRAIGHT,1.5,1.5,"CMD,0.4,1.50",4.0,0.0095,2.192,0.023,1,0.9849,0,NORMAL,58.833,0.968,1,1,1,1,1,109.6,177,3,dijkstra,graph,0.37913,0,,,,,,0,,,,199475,113317,2352
854,148.20291686058044,2026-03-06T01:45:45.098305,104.89,0.0,14.65,17.77,0.0,0.0,0.0,151.33,5.69,0.387,0.385,STRAIGHT,1.5,1.5,"CMD,0.4,1.50",4.0,0.0095,2.192,0.023,1,0.9898,0,NORMAL,58.929,0.97,1,1,1,1,1,109.6,96,3,dijkstra,graph,0.37556,0,,,,,,0,,,,198001,112434,1801
855,148.38227105140686,2026-03-06T01:45:45.277659,114.55,0.0,8.01,24.03,0.0,0.0,0.0,160.61,5.69,0.389,0.387,STRAIGHT,1.5,1.5,"CMD,0.4,1.50",4.0,0.0095,2.192,0.023,1,0.9868,0,NORMAL,59.217,0.964,1,1,1,1,1,109.6,160,3,dijkstra,graph,0.37424,0,,,,,,0,,,,196494,111906,2224
856,148.5617220401764,2026-03-06T01:45:45.457110,112.74,0.0,6.01,24.65,2.0,0.0,0.0,161.43,5.67,0.39,0.389,STRAIGHT,1.5,1.5,"CMD,0.4,1.50",4.0,0.0095,2.192,0.023,1,0.9833,0,NORMAL,59.787,0.944,1,1,1,1,1,109.6,159,4,dijkstra,graph,0.36717,0,,,,,,0,,,,195429,109881,2168
857,148.73660898208618,2026-03-06T01:45:45.631997,109.04,0.0,8.01,22.03,0.0,0.0,0.0,157.04,5.67,0.391,0.39,STRAIGHT,1.5,1.5,"CMD,0.4,1.50",4.0,0.0095,2.192,0.023,1,0.988,0,NORMAL,60.219,0.912,1,1,1,1,1,109.6,150,4,dijkstra,graph,0.36242,0,,,,,,0,,,,194617,108468,2182
858,148.91179776191711,2026-03-06T01:45:45.807186,106.63,0.0,6.01,24.03,0.0,0.0,0.0,154.7,5.67,0.391,0.391,STRAIGHT,1.5,1.5,"CMD,0.4,1.50",4.0,0.0095,2.192,0.023,1,0.9647,0,NORMAL,56.15,0.928,1,1,1,1,1,109.6,154,5,dijkstra,graph,0.38483,0,,,,,,0,,,,201173,115134,2306
859,149.08566617965698,2026-03-06T01:45:45.981054,108.04,0.0,7.75,20.03,2.0,0.0,0.0,155.84,5.66,0.391,0.391,STRAIGHT,1.5,1.5,"CMD,0.4,1.50",4.0,0.0095,2.192,0.023,1,0.9786,0,NORMAL,56.632,0.847,1,1,1,1,1,109.6,134,5,dijkstra,graph,0.37707,0,,,,,,0,,,,197700,112841,2158
860,149.26058888435364,2026-03-06T01:45:46.155977,108.75,0.0,8.01,14.04,10.07,0.0,0.0,158.9,5.66,0.397,0.391,STRAIGHT,1.5,1.5,"CMD,0.4,1.50",4.0,0.0099,2.146,0.023,1,0.9829,0,NORMAL,57.31,0.8,1,1,1,1,1,107.3,150,4,dijkstra,graph,0.37207,0,,,,,,0,,,,196018,111421,2376
861,149.43160486221313,2026-03-06T01:45:46.326993,112.64,0.0,6.01,16.32,0.0,0.0,0.0,150.99,5.66,0.395,0.395,STRAIGHT,1.5,1.5,"CMD,0.4,1.50",4.0,0.0095,2.192,0.023,1,0.9879,0,NORMAL,57.736,0.847,1,1,1,1,1,109.6,150,6,dijkstra,graph,0.37132,0,,,,,,0,,,,194751,111143,2453
862,149.6093671321869,2026-03-06T01:45:46.504755,108.22,0.0,10.02,22.03,0.0,0.0,0.0,155.83,5.66,0.4,0.397,STRAIGHT,1.5,1.5,"CMD,0.4,1.50",4.0,0.0099,2.146,0.023,1,0.9836,0,NORMAL,57.411,0.861,1,1,1,1,1,107.3,129,4,dijkstra,graph,0.36457,0,,,,,,0,,,,194501,109055,2182
863,149.78796553611755,2026-03-06T01:45:46.683354,104.41,0.0,12.2,28.04,0.0,0.0,0.0,160.66,5.65,0.403,0.4,STRAIGHT,1.5,1.5,"CMD,0.4,1.50",4.0,0.0099,2.146,0.023,1,0.9852,0,NORMAL,56.563,0.873,1,1,1,1,1,107.3,197,5,dijkstra,graph,0.37324,0,,,,,,0,,,,196574,111749,2754
864,149.97925901412964,2026-03-06T01:45:46.874647,113.19,0.0,8.01,32.04,0.0,0.0,2.0,175.27,5.64,0.405,0.403,STRAIGHT,1.5,1.5,"CMD,0.4,1.50",4.0,0.0099,2.146,0.023,1,0.9818,0,NORMAL,57.228,0.855,1,1,1,1,1,107.3,212,5,dijkstra,graph,0.37512,0,,,,,,0,,,,196490,112450,3144
865,150.1646454334259,2026-03-06T01:45:47.060034,113.29,0.0,6.01,28.04,0.0,0.0,0.0,165.36,5.63,0.412,0.405,STRAIGHT,1.5,1.5,"CMD,0.4,1.50",4.0,0.0104,2.1,0.023,1,0.9833,0,NORMAL,57.537,0.807,1,1,1,1,1,105.0,196,7,dijkstra,graph,0.36694,0,,,,,,0,,,,194527,109833,2951
866,150.34051752090454,2026-03-06T01:45:47.235906,113.13,0.0,6.01,22.44,0.0,0.0,0.0,156.6,5.62,0.417,0.412,STRAIGHT,1.5,1.5,"CMD,0.4,1.50",4.0,0.0104,2.1,0.023,1,0.9845,0,NORMAL,56.499,0.846,1,1,1,1,1,105.0,192,7,dijkstra,graph,0.36421,0,,,,,,0,,,,193492,109113,2814
867,150.5130569934845,2026-03-06T01:45:47.408445,103.89,0.0,10.15,17.03,0.0,0.0,0.0,152.56,5.62,0.427,0.417,STRAIGHT,1.5,1.5,"CMD,0.4,1.50",4.0,0.0108,2.055,0.023,1,0.9662,0,NORMAL,57.992,0.692,1,1,1,1,1,102.7,117,5,dijkstra,graph,0.35903,0,,,,,,0,,,,193160,107488,2291
868,150.69126749038696,2026-03-06T01:45:47.586655,111.23,0.0,6.01,20.68,2.0,0.0,0.0,155.94,5.61,0.433,0.427,STRAIGHT,1.5,1.5,"CMD,0.4,1.50",4.0,0.0108,2.055,0.023,1,0.9883,0,NORMAL,58.304,0.641,1,1,1,1,1,102.7,105,7,dijkstra,graph,0.35612,0,,,,,,0,,,,192584,106579,2236
869,150.85638213157654,2026-03-06T01:45:47.751770,104.46,0.0,8.01,16.2,0.0,0.0,0.0,147.09,5.61,0.444,0.433,STRAIGHT,1.5,1.5,"CMD,0.4,1.50",4.0,0.0113,2.009,0.023,1,0.9668,0,NORMAL,59.208,0.6,1,1,1,1,1,100.5,107,5,dijkstra,graph,0.35979,0,,,,,,0,,,,194717,107652,2389
870,151.03426218032837,2026-03-06T01:45:47.929650,115.29,0.0,5.75,18.02,2.0,0.0,0.0,157.21,5.6,0.452,0.444,STRAIGHT,1.5,1.5,"CMD,0.4,1.50",4.0,0.0113,2.009,0.023,1,0.9818,0,NORMAL,59.378,0.556,1,1,1,1,1,100.5,109,4,dijkstra,graph,0.35736,0,,,,,,0,,,,193277,106970,2404
871,151.20875358581543,2026-03-06T01:45:48.104142,104.71,0.0,0.0,26.04,2.0,0.0,0.0,160.47,5.61,0.457,0.452,STRAIGHT,1.5,1.5,"CMD,0.5,1.50",4.0,0.0113,2.009,0.023,1,0.9654,0,NORMAL,58.267,0.717,1,1,1,1,1,100.5,181,9,dijkstra,graph,0.37097,0,,,,,,0,,,,199599,111173,2899
872,151.38152384757996,2026-03-06T01:45:48.276912,106.45,0.0,8.01,24.25,0.0,0.0,0.0,156.75,5.6,0.453,0.453,STRAIGHT,1.5,1.5,"CMD,0.5,1.50",4.0,0.0108,2.055,0.023,1,0.9591,0,NORMAL,58.345,0.801,1,1,1,1,1,102.7,177,8,dijkstra,graph,0.37779,0,,,,,,0,,,,204685,113247,2920
873,151.55555605888367,2026-03-06T01:45:48.450944,106.25,0.0,12.37,16.12,0.0,0.0,0.0,151.61,5.61,0.458,0.457,STRAIGHT,1.5,1.5,"CMD,0.5,1.50",4.0,0.0113,2.009,0.023,1,0.9575,0,NORMAL,58.998,0.734,1,1,1,1,1,100.5,158,9,dijkstra,graph,0.37384,0,,,,,,0,,,,207357,112135,2838
874,151.73778581619263,2026-03-06T01:45:48.633174,100.82,0.0,8.13,20.67,0.0,0.0,0.0,151.91,5.61,0.461,0.458,STRAIGHT,1.5,1.5,"CMD,0.5,1.50",4.0,0.0113,2.009,0.023,1,0.9792,0,NORMAL,58.447,0.674,1,1,1,1,1,100.5,159,7,dijkstra,graph,0.37128,0,,,,,,0,,,,206279,111329,2862
875,151.90027594566345,2026-03-06T01:45:48.795664,101.56,0.0,10.33,16.17,0.0,0.0,0.0,152.32,5.61,0.463,0.461,STRAIGHT,1.5,1.5,"CMD,0.5,1.50",4.0,0.0113,2.009,0.023,1,0.9502,0,NORMAL,58.188,0.839,1,1,1,1,1,100.5,162,7,dijkstra,graph,0.37924,0,,,,,,0,,,,214099,113675,2923
876,152.08113932609558,2026-03-06T01:45:48.976528,112.42,0.0,8.01,16.12,0.0,0.0,0.0,160.75,5.61,0.471,0.463,STRAIGHT,1.5,1.5,"CMD,0.5,1.50",4.0,0.0118,1.963,0.023,1,0.9701,0,NORMAL,59.185,0.752,1,1,1,1,1,98.2,122,6,dijkstra,graph,0.36514,0,,,,,,0,,,,208133,109539,2710
877,152.25709915161133,2026-03-06T01:45:49.152487,108.34,0.0,4.0,23.62,0.0,0.0,2.0,155.91,5.63,0.477,0.471,STRAIGHT,1.5,1.5,"CMD,0.5,1.50",4.0,0.0118,1.963,0.023,1,0.9644,0,NORMAL,60.455,0.718,1,1,1,1,1,98.2,118,9,dijkstra,graph,0.36231,0,,,,,,0,,,,207087,108630,2689
878,152.42422151565552,2026-03-06T01:45:49.319610,112.59,0.0,6.01,16.48,2.0,0.0,0.0,151.1,5.65,0.481,0.477,STRAIGHT,1.5,1.5,"CMD,0.5,1.50",4.0,0.0118,1.963,0.023,1,0.9508,0,NORMAL,61.018,0.626,1,1,1,1,1,98.2,77,7,dijkstra,graph,0.34512,0,,,,,,0,,,,197208,103414,2393
879,152.5851652622223,2026-03-06T01:45:49.480554,106.69,0.0,8.45,12.02,0.0,0.0,0.0,144.92,5.67,0.484,0.481,STRAIGHT,1.5,1.5,"CMD,0.5,1.50",4.0,0.0118,1.963,0.023,1,0.9694,0,NORMAL,61.33,0.618,1,1,1,1,1,98.2,79,9,dijkstra,graph,0.34337,0,,,,,,0,,,,198048,102919,2442
880,152.754812002182,2026-03-06T01:45:49.650200,104.93,0.0,10.04,17.78,0.0,0.0,0.0,151.1,5.7,0.485,0.484,STRAIGHT,1.5,1.5,"CMD,0.5,1.50",4.0,0.0118,1.963,0.023,1,0.9375,0,NORMAL,61.212,0.667,1,1,1,1,1,98.2,82,7,dijkstra,graph,0.35519,0,,,,,,0,,,,207511,106425,2438
881,152.92781949043274,2026-03-06T01:45:49.823208,109.38,0.0,10.38,16.8,2.0,0.0,0.0,154.98,5.71,0.494,0.485,STRAIGHT,1.5,1.5,"CMD,0.5,1.50",4.0,0.0124,1.918,0.023,1,0.9524,0,NORMAL,62.492,0.6,1,1,1,1,1,95.9,77,5,dijkstra,graph,0.35099,0,,,,,,0,,,,207486,105142,2385
882,153.10097122192383,2026-03-06T01:45:49.996360,107.46,0.0,10.44,15.76,0.0,0.0,0.0,157.39,5.72,0.5,0.494,STRAIGHT,1.5,1.5,"CMD,0.5,1.50",4.0,0.0124,1.918,0.023,1,0.9707,0,NORMAL,62.654,0.609,1,1,1,1,1,95.9,79,5,dijkstra,graph,0.34628,0,,,,,,0,,,,204710,103721,2336
883,153.2628297805786,2026-03-06T01:45:50.158218,101.23,0.0,10.41,18.17,0.0,0.0,0.0,143.83,5.73,0.504,0.5,STRAIGHT,1.5,1.5,"CMD,0.5,1.50",4.0,0.0124,1.918,0.023,1,0.986,0,NORMAL,62.524,0.602,1,1,1,1,1,95.9,83,5,dijkstra,graph,0.34419,0,,,,,,0,,,,203463,103135,2416
884,153.42620086669922,2026-03-06T01:45:50.321589,109.05,0.0,6.01,16.27,0.0,0.0,0.0,147.35,5.75,0.507,0.504,STRAIGHT,1.5,1.5,"CMD,0.5,1.50",4.0,0.0124,1.918,0.023,1,0.98,0,NORMAL,62.376,0.634,1,1,1,1,1,95.9,82,6,dijkstra,graph,0.34283,0,,,,,,0,,,,200446,102695,2356
885,153.59977889060974,2026-03-06T01:45:50.495167,114.74,0.0,8.01,16.02,0.0,0.0,0.0,161.45,5.76,0.517,0.507,STRAIGHT,1.5,1.5,"CMD,0.5,1.50",4.0,0.013,1.872,0.023,1,0.9761,0,NORMAL,63.169,0.634,1,1,1,1,1,93.6,87,5,dijkstra,graph,0.3344,0,,,,,,0,,,,196241,100173,2288
886,153.76638865470886,2026-03-06T01:45:50.661777,108.53,0.0,6.01,16.02,0.0,0.0,0.0,146.58,5.77,0.524,0.517,STRAIGHT,1.5,1.5,"CMD,0.5,1.50",4.0,0.013,1.872,0.023,1,0.9806,0,NORMAL,62.968,0.6,1,1,1,1,1,93.6,83,4,dijkstra,graph,0.33287,0,,,,,,0,,,,193667,99610,2335
887,153.93723964691162,2026-03-06T01:45:50.832628,110.77,0.0,6.01,16.02,2.0,0.0,0.0,152.83,5.77,0.528,0.524,STRAIGHT,1.5,1.5,"CMD,0.5,1.50",4.0,0.013,1.872,0.023,1,0.9685,0,NORMAL,63.864,0.605,1,1,1,1,1,93.6,83,6,dijkstra,graph,0.3264,0,,,,,,0,,,,188153,97614,2280
888,154.10990691184998,2026-03-06T01:45:51.005295,111.38,0.0,8.01,14.75,2.0,0.0,0.0,158.65,5.77,0.531,0.528,STRAIGHT,1.5,1.5,"CMD,0.5,1.50",4.0,0.013,1.872,0.023,1,0.9726,0,NORMAL,63.687,0.566,1,1,1,1,1,93.6,85,4,dijkstra,graph,0.32671,0,,,,,,0,,,,185835,97833,2240
889,154.26540279388428,2026-03-06T01:45:51.160791,106.02,0.0,9.02,8.02,0.0,0.0,0.0,139.74,5.79,0.533,0.531,STRAIGHT,1.5,1.5,"CMD,0.5,1.50",4.0,0.013,1.872,0.023,1,0.9772,0,NORMAL,63.309,0.519,1,1,1,1,1,93.6,80,3,dijkstra,graph,0.32366,0,,,,,,0,,,,183186,96731,2152
890,154.4395728111267,2026-03-06T01:45:51.334961,113.46,0.0,6.01,14.02,0.0,0.0,0.0,149.51,5.79,0.535,0.533,STRAIGHT,1.5,1.5,"CMD,0.5,1.50",4.0,0.013,1.872,0.023,1,0.9726,0,NORMAL,63.514,0.541,1,1,1,1,1,93.6,75,4,dijkstra,graph,0.31537,0,,,,,,0,,,,178835,94342,2144
891,154.6028037071228,2026-03-06T01:45:51.498192,107.87,0.0,0.0,11.71,2.0,0.0,0.0,155.22,5.81,0.545,0.535,STRAIGHT,1.5,1.5,"CMD,0.5,1.50",4.0,0.0137,1.826,0.023,1,0.9703,0,NORMAL,63.538,0.516,1,1,1,1,1,91.3,53,6,dijkstra,graph,0.31331,0,,,,,,0,,,,175360,93724,2142
892,154.77369165420532,2026-03-06T01:45:51.669080,114.63,0.0,0.0,15.03,2.0,0.0,0.0,154.87,5.82,0.551,0.545,STRAIGHT,1.5,1.5,"CMD,0.5,1.50",4.0,0.0137,1.826,0.023,1,0.9693,0,NORMAL,64.162,0.528,1,1,1,1,1,91.3,72,4,dijkstra,graph,0.30762,0,,,,,,0,,,,170857,91960,1986
893,154.93636083602905,2026-03-06T01:45:51.831749,106.27,0.0,8.01,12.02,2.0,0.0,0.0,146.22,5.85,0.556,0.551,STRAIGHT,1.5,1.5,"CMD,0.6,1.50",4.0,0.0137,1.826,0.023,1,0.97,0,NORMAL,64.126,0.509,1,1,1,1,1,91.3,59,4,dijkstra,graph,0.30014,0,,,,,,0,,,,167093,89767,2077
894,155.10899329185486,2026-03-06T01:45:52.004382,114.47,0.0,6.01,14.02,0.0,0.0,0.0,156.61,5.87,0.559,0.556,STRAIGHT,1.5,1.5,"CMD,0.6,1.50",4.0,0.0137,1.826,0.023,1,0.9706,0,NORMAL,64.37,0.462,1,1,1,1,1,91.3,83,3,dijkstra,graph,0.2969,0,,,,,,0,,,,163959,88855,2052
895,155.27716326713562,2026-03-06T01:45:52.172551,112.36,0.0,6.01,16.02,0.0,0.0,0.0,156.06,5.87,0.561,0.559,STRAIGHT,1.5,1.5,"CMD,0.6,1.50",4.0,0.0137,1.826,0.023,1,0.9525,0,NORMAL,64.326,0.513,1,1,1,1,1,91.3,76,3,dijkstra,graph,0.28946,0,,,,,,0,,,,157540,86666,1887
896,155.44459533691406,2026-03-06T01:45:52.339983,111.17,0.0,8.01,16.21,0.0,0.0,0.0,151.41,5.88,0.562,0.561,STRAIGHT,1.5,1.5,"CMD,0.6,1.50",4.0,0.0137,1.826,0.023,1,0.9798,0,NORMAL,64.583,0.57,1,1,1,1,1,91.3,73,3,dijkstra,graph,0.28841,0,,,,,,0,,,,155829,86302,1924
897,155.60289192199707,2026-03-06T01:45:52.498280,112.23,0.0,6.01,6.01,0.0,0.0,0.0,142.28,5.9,0.573,0.562,STRAIGHT,1.5,1.5,"CMD,0.6,1.50",4.0,0.0144,1.781,0.023,1,0.9802,0,NORMAL,64.524,0.549,1,1,1,1,1,89.0,68,3,dijkstra,graph,0.28308,0,,,,,,0,,,,154172,84705,1793
898,155.76998782157898,2026-03-06T01:45:52.665376,104.05,0.0,6.01,14.02,2.0,0.0,0.0,146.67,5.9,0.58,0.573,STRAIGHT,1.5,1.5,"CMD,0.6,1.50",4.0,0.0144,1.781,0.023,1,0.9743,0,NORMAL,66.001,0.475,1,1,1,1,1,89.0,72,3,dijkstra,graph,0.2886,0,,,,,,0,,,,153776,86325,1791
899,155.92434549331665,2026-03-06T01:45:52.819734,106.97,0.0,6.01,6.01,0.0,0.0,0.0,136.33,5.93,0.584,0.58,STRAIGHT,1.5,1.5,"CMD,0.6,1.50",4.0,0.0144,1.781,0.023,1,0.9836,0,NORMAL,66.499,0.52,1,1,1,1,1,89.0,70,2,dijkstra,graph,0.28591,0,,,,,,0,,,,153159,85567,1574
900,156.09780836105347,2026-03-06T01:45:52.993197,114.57,0.0,6.01,11.83,0.0,0.0,0.0,153.3,5.93,0.588,0.584,STRAIGHT,1.5,1.5,"CMD,0.6,1.50",4.0,0.0144,1.781,0.023,1,0.973,0,NORMAL,66.089,0.49,1,1,1,1,1,89.0,55,2,dijkstra,graph,0.27407,0,,,,,,0,,,,150580,82007,1537
901,156.2690532207489,2026-03-06T01:45:53.164441,112.5,0.0,4.0,16.03,0.0,0.0,0.0,159.23,5.94,0.59,0.588,STRAIGHT,1.5,1.5,"CMD,0.6,1.50",4.0,0.0144,1.781,0.023,1,0.958,0,NORMAL,64.518,0.68,1,1,1,1,1,89.0,75,3,dijkstra,graph,0.29783,0,,,,,,0,,,,156924,88979,1650
902,156.44120526313782,2026-03-06T01:45:53.336594,115.52,0.0,8.01,14.02,0.0,0.0,0.0,152.13,5.94,0.581,0.588,STRAIGHT,1.5,1.5,"CMD,0.6,1.50",4.0,0.0137,1.826,0.023,1,0.9743,0,NORMAL,62.828,0.875,1,1,1,1,1,91.3,75,3,dijkstra,graph,0.30721,0,,,,,,0,,,,158712,91885,1708
903,156.5986292362213,2026-03-06T01:45:53.494017,109.37,0.0,6.01,10.01,0.0,0.0,0.0,143.41,5.95,0.576,0.581,STRAIGHT,1.5,1.5,"CMD,0.6,1.50",4.0,0.0137,1.826,0.023,1,0.9824,0,NORMAL,62.923,1.043,1,1,1,1,1,91.3,76,2,dijkstra,graph,0.30281,0,,,,,,0,,,,158294,90595,1590
904,156.76205825805664,2026-03-06T01:45:53.657446,102.15,0.0,0.0,10.17,0.0,0.0,0.0,140.53,5.96,0.572,0.576,STRAIGHT,1.5,1.5,"CMD,0.6,1.50",4.0,0.0137,1.826,0.023,1,0.9844,0,NORMAL,63.467,0.962,1,1,1,1,1,91.3,75,4,dijkstra,graph,0.2987,0,,,,,,0,,,,158208,89314,1764
905,156.93314385414124,2026-03-06T01:45:53.828532,114.72,0.0,8.01,14.12,0.0,0.0,0.0,160.98,5.98,0.579,0.576,STRAIGHT,1.5,1.5,"CMD,0.6,1.50",4.0,0.0144,1.781,0.023,1,0.986,0,NORMAL,63.63,0.909,1,1,1,1,1,89.0,73,3,dijkstra,graph,0.2981,0,,,,,,0,,,,157867,89149,1656
906,157.09959506988525,2026-03-06T01:45:53.994983,109.75,0.0,6.01,12.02,2.0,0.0,0.0,156.22,5.99,0.584,0.579,STRAIGHT,1.5,1.5,"CMD,0.6,1.50",4.0,0.0144,1.781,0.023,1,0.9863,0,NORMAL,64.038,0.864,1,1,1,1,1,89.0,63,4,dijkstra,graph,0.29812,0,,,,,,0,,,,158707,89180,1685
907,157.25821471214294,2026-03-06T01:45:54.153603,106.0,0.0,10.22,10.04,0.0,0.0,0.0,142.6,6.0,0.578,0.579,STRAIGHT,1.5,1.5,"CMD,0.6,1.50",4.0,0.0137,1.826,0.023,1,0.9902,0,NORMAL,63.708,0.772,1,1,1,1,1,91.3,64,3,dijkstra,graph,0.29826,0,,,,,,0,,,,159372,89279,1637
908,157.42919039726257,2026-03-06T01:45:54.324579,109.53,0.0,7.75,14.02,2.0,0.0,0.0,150.86,5.99,0.573,0.578,STRAIGHT,1.5,1.5,"CMD,0.6,1.50",4.0,0.0137,1.826,0.023,1,0.9893,0,NORMAL,63.458,0.754,1,1,1,1,1,91.3,70,3,dijkstra,graph,0.29957,0,,,,,,0,,,,159314,89635,1689
909,157.59817361831665,2026-03-06T01:45:54.493562,112.45,0.0,8.01,14.02,2.0,0.0,0.0,152.0,5.99,0.571,0.573,STRAIGHT,1.5,1.5,"CMD,0.6,1.50",4.0,0.0137,1.826,0.023,1,0.9896,0,NORMAL,63.471,0.752,1,1,1,1,1,91.3,79,3,dijkstra,graph,0.29862,0,,,,,,0,,,,158791,89394,1708
910,157.76267862319946,2026-03-06T01:45:54.658067,106.43,0.0,8.01,12.02,2.0,0.0,0.0,146.48,6.0,0.578,0.573,STRAIGHT,1.5,1.5,"CMD,0.6,1.50",4.0,0.0144,1.781,0.023,1,0.9895,0,NORMAL,63.747,0.732,1,1,1,1,1,89.0,72,4,dijkstra,graph,0.29996,0,,,,,,0,,,,159026,89746,1837
911,157.9284884929657,2026-03-06T01:45:54.823877,111.73,0.0,6.01,14.02,0.0,0.0,0.0,149.79,6.01,0.574,0.574,STRAIGHT,1.5,1.5,"CMD,0.6,1.50",4.0,0.0137,1.826,0.023,1,0.9868,0,NORMAL,63.138,0.681,1,1,1,1,1,91.3,75,3,dijkstra,graph,0.30475,0,,,,,,0,,,,160614,91226,1740
912,158.0990161895752,2026-03-06T01:45:54.994404,104.55,0.0,10.14,22.15,0.0,0.0,0.0,154.5,6.0,0.571,0.574,STRAIGHT,1.5,1.5,"CMD,0.6,1.50",4.0,0.0137,1.826,0.023,1,0.9873,0,NORMAL,63.399,0.667,1,1,1,1,1,91.3,76,2,dijkstra,graph,0.30651,0,,,,,,0,,,,160251,91782,1636
913,158.26593446731567,2026-03-06T01:45:55.161323,106.77,0.0,10.02,20.31,0.0,0.0,0.0,150.9,5.99,0.56,0.571,STRAIGHT,1.5,1.5,"CMD,0.6,1.50",4.0,0.013,1.872,0.023,1,0.9625,0,NORMAL,62.594,0.783,1,1,1,1,1,93.6,71,3,dijkstra,graph,0.34099,0,,,,,,0,,,,165920,102066,1781
914,158.42762112617493,2026-03-06T01:45:55.323009,109.39,0.0,8.01,12.25,0.0,0.0,0.0,143.66,6.0,0.561,0.561,STRAIGHT,1.5,1.5,"CMD,0.6,1.50",4.0,0.0137,1.826,0.023,1,0.9743,0,NORMAL,63.467,0.518,1,1,1,1,1,91.3,57,2,dijkstra,graph,0.32756,0,,,,,,0,,,,163737,97972,1583
915,158.59006595611572,2026-03-06T01:45:55.485454,109.9,0.0,6.01,6.07,0.0,0.0,8.05,152.24,6.01,0.563,0.561,STRAIGHT,1.5,1.5,"CMD,0.6,1.50",4.0,0.0137,1.826,0.023,1,0.9676,0,NORMAL,63.161,0.423,1,1,1,1,1,91.3,68,3,dijkstra,graph,0.30475,0,,,,,,0,,,,159255,91157,1707
916,158.75573897361755,2026-03-06T01:45:55.651127,111.09,0.0,0.0,12.02,2.0,0.0,0.0,149.65,6.02,0.563,0.563,STRAIGHT,1.5,1.5,"CMD,0.6,1.50",4.0,0.0137,1.826,0.023,1,0.9812,0,NORMAL,62.541,0.459,1,1,1,1,1,91.3,65,4,dijkstra,graph,0.31006,0,,,,,,0,,,,160534,92762,1813
917,158.92647099494934,2026-03-06T01:45:55.821859,112.3,0.0,8.31,13.76,2.17,0.0,0.0,154.09,6.02,0.555,0.563,STRAIGHT,1.5,1.5,"CMD,0.6,1.50",4.0,0.013,1.872,0.023,1,0.9834,0,NORMAL,62.551,0.451,1,1,1,1,1,93.6,75,3,dijkstra,graph,0.31333,0,,,,,,0,,,,161854,93804,1787
918,159.0910336971283,2026-03-06T01:45:55.986422,107.65,0.0,10.05,16.34,0.0,0.0,0.0,150.54,6.01,0.549,0.555,STRAIGHT,1.5,1.5,"CMD,0.6,1.50",4.0,0.013,1.872,0.023,1,0.9747,0,NORMAL,62.412,0.473,1,1,1,1,1,93.6,75,2,dijkstra,graph,0.30446,0,,,,,,0,,,,159680,91151,1693
919,159.27649807929993,2026-03-06T01:45:56.171886,125.65,0.0,8.02,13.74,2.0,0.0,0.0,167.44,6.0,0.545,0.549,STRAIGHT,1.5,1.5,"CMD,0.5,1.50",4.0,0.013,1.872,0.023,1,0.9734,0,NORMAL,63.198,0.475,1,1,1,1,1,93.6,65,3,dijkstra,graph,0.31579,0,,,,,,0,,,,161935,94491,1779
920,159.46190929412842,2026-03-06T01:45:56.357297,116.86,0.0,16.53,13.76,2.0,0.0,0.0,167.38,5.97,0.543,0.545,STRAIGHT,1.5,1.5,"CMD,0.5,1.50",4.0,0.013,1.872,0.023,1,0.9775,0,NORMAL,63.223,0.445,1,1,1,1,1,93.6,70,2,dijkstra,graph,0.3106,0,,,,,,0,,,,160953,92833,1651
921,159.64744901657104,2026-03-06T01:45:56.542837,127.25,0.0,6.01,14.22,0.0,0.0,0.0,167.51,5.95,0.541,0.543,STRAIGHT,1.5,1.5,"CMD,0.5,1.50",4.0,0.013,1.872,0.023,1,0.972,0,NORMAL,62.953,0.415,1,1,1,1,1,93.6,79,3,dijkstra,graph,0.32256,0,,,,,,0,,,,164748,96590,1875
922,159.81025195121765,2026-03-06T01:45:56.705640,110.36,0.0,6.01,12.42,0.0,0.0,0.0,146.78,5.95,0.54,0.541,STRAIGHT,1.5,1.5,"CMD,0.5,1.50",4.0,0.013,1.872,0.023,1,0.9862,0,NORMAL,62.883,0.463,1,1,1,1,1,93.6,72,3,dijkstra,graph,0.32145,0,,,,,,0,,,,165520,96298,1798
923,159.96222400665283,2026-03-06T01:45:56.857612,100.99,0.0,10.45,10.06,0.0,0.0,0.0,141.79,5.97,0.539,0.54,STRAIGHT,1.5,1.5,"CMD,0.5,1.50",4.0,0.013,1.872,0.023,1,0.9882,0,NORMAL,63.313,0.433,1,1,1,1,1,93.6,77,3,dijkstra,graph,0.31731,0,,,,,,0,,,,164542,95019,1863
924,160.13608837127686,2026-03-06T01:45:57.031477,108.76,0.0,6.01,18.5,0.0,0.0,2.0,149.29,5.97,0.53,0.539,STRAIGHT,1.5,1.5,"CMD,0.5,1.50",4.0,0.0124,1.918,0.023,1,0.9843,0,NORMAL,63.677,0.49,1,1,1,1,1,95.9,85,3,dijkstra,graph,0.33035,0,,,,,,0,,,,166940,99074,1828
925,160.30347204208374,2026-03-06T01:45:57.198860,110.96,0.0,9.14,16.03,0.0,0.0,0.0,153.37,5.97,0.524,0.53,STRAIGHT,1.5,1.5,"CMD,0.5,1.50",4.0,0.0124,1.918,0.023,1,0.9883,0,NORMAL,63.469,0.488,1,1,1,1,1,95.9,75,3,dijkstra,graph,0.33535,0,,,,,,0,,,,168634,100347,1796
926,160.47621726989746,2026-03-06T01:45:57.371605,113.58,0.0,6.01,16.02,2.0,0.0,0.0,158.72,5.95,0.52,0.524,STRAIGHT,1.5,1.5,"CMD,0.5,1.50",4.0,0.0124,1.918,0.023,1,0.9867,0,NORMAL,62.824,0.464,1,1,1,1,1,95.9,82,3,dijkstra,graph,0.33529,0,,,,,,0,,,,169828,100433,1911
927,160.64244198799133,2026-03-06T01:45:57.537830,112.81,0.0,6.01,12.53,0.0,0.0,0.0,148.2,5.95,0.51,0.52,STRAIGHT,1.5,1.5,"CMD,0.5,1.50",4.0,0.0118,1.963,0.023,1,0.9781,0,NORMAL,62.383,0.651,1,1,1,1,1,98.2,62,2,dijkstra,graph,0.34787,0,,,,,,0,,,,171050,104137,1628
928,160.81240725517273,2026-03-06T01:45:57.707795,107.86,0.0,10.38,16.16,2.0,0.0,0.0,152.43,5.93,0.503,0.51,STRAIGHT,1.5,1.5,"CMD,0.5,1.50",4.0,0.0118,1.963,0.023,1,0.9791,0,NORMAL,62.157,0.705,1,1,1,1,1,98.2,77,3,dijkstra,graph,0.35917,0,,,,,,0,,,,174570,107597,1824
929,160.9699125289917,2026-03-06T01:45:57.865301,103.43,0.0,8.01,14.02,0.0,0.0,0.0,141.49,5.95,0.498,0.503,STRAIGHT,1.5,1.5,"CMD,0.5,1.50",4.0,0.0118,1.963,0.023,1,0.9785,0,NORMAL,63.658,0.661,1,1,1,1,1,98.2,74,3,dijkstra,graph,0.34917,0,,,,,,0,,,,171176,104595,1970
930,161.12786555290222,2026-03-06T01:45:58.023254,97.86,0.0,13.99,16.02,0.0,0.0,0.0,141.93,5.97,0.495,0.498,STRAIGHT,1.5,1.5,"CMD,0.5,1.50",4.0,0.0118,1.963,0.023,1,0.9805,0,NORMAL,64.126,0.693,1,1,1,1,1,98.2,82,3,dijkstra,graph,0.34124,0,,,,,,0,,,,169483,102230,1790
931,161.3000147342682,2026-03-06T01:45:58.195403,114.06,0.0,6.01,16.02,0.0,0.0,0.0,154.13,5.97,0.493,0.495,STRAIGHT,1.5,1.5,"CMD,0.5,1.50",4.0,0.0118,1.963,0.023,1,0.9887,0,NORMAL,64.014,0.673,1,1,1,1,1,98.2,84,3,dijkstra,graph,0.34091,0,,,,,,0,,,,170080,102061,1807
932,161.469096660614,2026-03-06T01:45:58.364485,108.48,0.0,8.2,14.03,0.0,0.0,0.0,146.92,5.95,0.492,0.493,STRAIGHT,1.5,1.5,"CMD,0.5,1.50",4.0,0.0118,1.963,0.023,1,0.9838,0,NORMAL,64.694,0.7,1,1,1,1,1,98.2,79,3,dijkstra,graph,0.35072,0,,,,,,0,,,,171672,105025,1865
933,161.64072012901306,2026-03-06T01:45:58.536108,111.19,0.0,6.01,14.02,0.0,0.0,2.0,157.5,5.94,0.491,0.492,STRAIGHT,1.5,1.5,"CMD,0.5,1.50",4.0,0.0118,1.963,0.023,1,0.9891,0,NORMAL,64.779,0.707,1,1,1,1,1,98.2,83,2,dijkstra,graph,0.34775,0,,,,,,0,,,,171784,104123,1694
934,161.8054323196411,2026-03-06T01:45:58.700820,110.3,0.0,6.01,14.36,0.0,0.0,0.0,148.69,5.95,0.49,0.491,STRAIGHT,1.5,1.5,"CMD,0.5,1.50",4.0,0.0118,1.963,0.023,1,0.9901,0,NORMAL,65.063,0.729,1,1,1,1,1,98.2,78,3,dijkstra,graph,0.3474,0,,,,,,0,,,,171423,104069,1879
935,161.96567797660828,2026-03-06T01:45:58.861066,101.72,0.0,10.23,16.26,2.0,0.0,0.0,144.22,5.96,0.482,0.49,STRAIGHT,1.5,1.5,"CMD,0.5,1.50",4.0,0.0113,2.009,0.023,1,0.9861,0,NORMAL,65.241,0.737,1,1,1,1,1,100.5,77,2,dijkstra,graph,0.34548,0,,,,,,0,,,,170198,103429,1662
936,162.12863874435425,2026-03-06T01:45:59.024027,104.91,0.0,8.02,20.29,0.0,0.0,0.0,146.94,5.95,0.484,0.484,STRAIGHT,1.5,1.5,"CMD,0.5,1.50",4.0,0.0118,1.963,0.023,1,0.9856,0,NORMAL,66.093,0.688,1,1,1,1,1,98.2,82,3,dijkstra,graph,0.34777,0,,,,,,0,,,,171605,104108,1729
937,162.2985770702362,2026-03-06T01:45:59.193965,110.44,0.0,8.02,14.03,0.0,0.0,0.0,149.66,5.96,0.486,0.484,STRAIGHT,1.5,1.5,"CMD,0.5,1.50",4.0,0.0118,1.963,0.023,1,0.9814,0,NORMAL,65.939,0.697,1,1,1,1,1,98.2,78,4,dijkstra,graph,0.36401,0,,,,,,0,,,,174549,108905,2002
938,162.46699237823486,2026-03-06T01:45:59.362381,110.3,0.0,2.0,14.02,0.0,0.0,2.0,150.39,5.96,0.487,0.486,STRAIGHT,1.5,1.5,"CMD,0.5,1.50",4.0,0.0118,1.963,0.023,1,0.9856,0,NORMAL,66.949,0.722,1,1,1,1,1,98.2,80,2,dijkstra,graph,0.35888,0,,,,,,0,,,,173029,107587,1800
939,162.6299111843109,2026-03-06T01:45:59.525299,105.73,0.0,10.08,15.91,2.0,0.0,0.0,148.9,5.96,0.487,0.487,STRAIGHT,1.5,1.5,"CMD,0.5,1.50",4.0,0.0118,1.963,0.023,1,0.9806,0,NORMAL,67.896,0.668,1,1,1,1,1,98.2,79,3,dijkstra,graph,0.34568,0,,,,,,0,,,,170065,103505,1776
940,162.7936601638794,2026-03-06T01:45:59.689048,107.15,0.0,6.01,20.55,0.0,0.0,0.0,147.73,5.96,0.481,0.487,STRAIGHT,1.5,1.5,"CMD,0.5,1.50",4.0,0.0113,2.009,0.023,1,0.986,0,NORMAL,67.376,0.694,1,1,1,1,1,100.5,82,2,dijkstra,graph,0.35163,0,,,,,,0,,,,172281,105271,1727
941,162.96218943595886,2026-03-06T01:45:59.857577,110.45,0.0,8.01,14.02,0.0,0.0,2.0,150.51,5.96,0.476,0.481,STRAIGHT,1.5,1.5,"CMD,0.5,1.50",4.0,0.0113,2.009,0.023,1,0.9898,0,NORMAL,68.732,0.642,1,1,1,1,1,100.5,82,3,dijkstra,graph,0.34952,0,,,,,,0,,,,171757,104596,1797
942,163.1369743347168,2026-03-06T01:46:00.032363,120.51,0.0,3.85,20.38,0.0,0.0,0.0,158.76,5.95,0.473,0.476,STRAIGHT,1.5,1.5,"CMD,0.5,1.50",4.0,0.0113,2.009,0.023,1,0.9646,0,NORMAL,68.771,0.639,1,1,1,1,1,100.5,96,2,dijkstra,graph,0.36833,0,,,,,,0,,,,177601,110205,1823
943,163.30364441871643,2026-03-06T01:46:00.199033,108.11,0.0,6.98,14.02,0.0,0.0,0.0,148.64,5.95,0.471,0.473,STRAIGHT,1.5,1.5,"CMD,0.5,1.50",4.0,0.0113,2.009,0.023,1,0.9832,0,NORMAL,69.142,0.719,1,1,1,1,1,100.5,79,3,dijkstra,graph,0.36205,0,,,,,,0,,,,175255,108491,1886
944,163.4691185951233,2026-03-06T01:46:00.364507,103.76,0.0,12.17,16.32,0.0,0.0,0.0,151.32,5.94,0.469,0.471,STRAIGHT,1.5,1.5,"CMD,0.5,1.50",4.0,0.0113,2.009,0.023,1,0.9868,0,NORMAL,69.07,0.767,1,1,1,1,1,100.5,88,3,dijkstra,graph,0.36605,0,,,,,,0,,,,176273,109690,1992
945,163.63749742507935,2026-03-06T01:46:00.532885,112.79,0.0,8.01,15.53,2.0,0.0,0.0,152.36,5.94,0.468,0.469,STRAIGHT,1.5,1.5,"CMD,0.5,1.50",4.0,0.0113,2.009,0.023,1,0.9879,0,NORMAL,69.431,0.715,1,1,1,1,1,100.5,88,3,dijkstra,graph,0.3651,0,,,,,,0,,,,176513,109285,1796
946,163.80058765411377,2026-03-06T01:46:00.695976,102.29,0.0,10.03,15.98,0.0,0.0,0.0,147.07,5.95,0.468,0.468,STRAIGHT,1.5,1.5,"CMD,0.5,1.50",4.0,0.0113,2.009,0.023,1,0.9901,0,NORMAL,70.002,0.735,1,1,1,1,1,100.5,73,2,dijkstra,graph,0.36756,0,,,,,,0,,,,177250,110002,1679
947,163.96411633491516,2026-03-06T01:46:00.859504,106.72,0.0,8.01,14.02,0.0,0.0,0.0,153.19,5.95,0.467,0.468,STRAIGHT,1.5,1.5,"CMD,0.5,1.50",4.0,0.0113,2.009,0.023,1,0.9915,0,NORMAL,70.538,0.676,1,1,1,1,1,100.5,85,3,dijkstra,graph,0.36457,0,,,,,,0,,,,176400,109109,1886
948,164.136456489563,2026-03-06T01:46:01.031845,114.26,0.0,8.01,16.02,2.0,0.0,0.0,156.32,5.97,0.467,0.467,STRAIGHT,1.5,1.5,"CMD,0.5,1.50",4.0,0.0113,2.009,0.023,1,0.9854,0,NORMAL,70.516,0.68,1,1,1,1,1,100.5,85,3,dijkstra,graph,0.37258,0,,,,,,0,,,,178085,111598,1950
949,164.30116868019104,2026-03-06T01:46:01.196557,104.45,0.0,0.0,26.25,0.0,0.0,0.0,156.7,5.99,0.46,0.467,STRAIGHT,1.5,1.5,"CMD,0.5,1.50",4.0,0.0108,2.055,0.023,1,0.979,0,NORMAL,69.628,0.827,1,1,1,1,1,102.7,98,2,dijkstra,graph,0.38405,0,,,,,,0,,,,181050,114939,2022
950,164.4714217185974,2026-03-06T01:46:01.366810,109.59,0.0,8.01,16.02,2.0,0.0,0.0,154.23,6.01,0.455,0.46,STRAIGHT,1.5,1.5,"CMD,0.5,1.50",4.0,0.0108,2.055,0.023,1,0.9813,0,NORMAL,70.711,0.8,1,1,1,1,1,102.7,96,3,dijkstra,graph,0.38707,0,,,,,,0,,,,182895,115856,2115
951,164.6391408443451,2026-03-06T01:46:01.534529,111.36,0.0,10.22,9.64,0.0,0.0,10.45,151.7,6.01,0.452,0.455,STRAIGHT,1.5,1.5,"CMD,0.5,1.50",4.0,0.0108,2.055,0.023,1,0.974,0,NORMAL,70.711,0.779,1,1,1,1,1,102.7,76,3,dijkstra,graph,0.37659,0,,,,,,0,,,,179203,112750,1787
952,164.80201530456543,2026-03-06T01:46:01.697403,104.18,0.0,7.75,14.02,2.0,0.0,0.0,152.57,5.99,0.45,0.452,STRAIGHT,1.5,1.5,"CMD,0.5,1.50",4.0,0.0108,2.055,0.023,1,0.9696,0,NORMAL,70.711,0.8,1,1,1,1,1,102.7,83,4,dijkstra,graph,0.39789,0,,,,,,0,,,,184305,119044,2069
953,164.96457982063293,2026-03-06T01:46:01.859968,106.27,0.0,8.01,16.25,0.0,0.0,0.0,146.54,6.01,0.449,0.45,STRAIGHT,1.5,1.5,"CMD,0.5,1.50",4.0,0.0108,2.055,0.023,1,0.9776,0,NORMAL,70.711,0.646,1,1,1,1,1,102.7,93,5,dijkstra,graph,0.39289,0,,,,,,0,,,,185095,117538,2121
954,165.12378883361816,2026-03-06T01:46:02.019177,105.17,0.0,10.46,10.02,0.0,0.0,0.0,139.19,6.02,0.442,0.449,STRAIGHT,1.5,1.5,"CMD,0.4,1.50",4.0,0.0104,2.1,0.023,1,0.98,0,NORMAL,70.711,0.622,1,1,1,1,1,105.0,82,3,dijkstra,graph,0.39316,0,,,,,,0,,,,186203,117627,2026
955,165.3002007007599,2026-03-06T01:46:02.195589,109.49,0.0,6.01,16.79,2.0,0.0,0.0,152.33,6.01,0.437,0.442,STRAIGHT,1.5,1.5,"CMD,0.4,1.50",4.0,0.0104,2.1,0.023,1,0.9823,0,NORMAL,70.711,0.65,1,1,1,1,1,105.0,99,5,dijkstra,graph,0.39552,0,,,,,,0,,,,185858,118276,2107
956,165.46715188026428,2026-03-06T01:46:02.362540,109.37,0.0,6.01,16.02,0.0,0.0,0.0,151.11,6.01,0.434,0.437,STRAIGHT,1.5,1.5,"CMD,0.4,1.50",4.0,0.0104,2.1,0.023,1,0.9821,0,NORMAL,70.711,0.556,1,1,1,1,1,105.0,96,3,dijkstra,graph,0.3957,0,,,,,,0,,,,187573,118406,2044
957,165.63036918640137,2026-03-06T01:46:02.525757,107.35,0.0,6.01,17.82,0.0,0.0,0.0,145.2,6.02,0.431,0.434,STRAIGHT,1.5,1.5,"CMD,0.4,1.50",4.0,0.0104,2.1,0.023,1,0.9788,0,NORMAL,70.711,0.504,1,1,1,1,1,105.0,86,5,dijkstra,graph,0.39397,0,,,,,,0,,,,185699,117971,2011
958,165.8000032901764,2026-03-06T01:46:02.695392,108.79,0.0,10.36,16.46,2.0,0.0,0.0,161.3,6.0,0.424,0.431,STRAIGHT,1.5,1.5,"CMD,0.4,1.50",4.0,0.0099,2.146,0.023,1,0.9685,0,NORMAL,70.711,0.477,1,1,1,1,1,107.3,92,5,dijkstra,graph,0.4064,0,,,,,,0,,,,190283,121526,2127
959,165.97448539733887,2026-03-06T01:46:02.869873,112.32,0.0,10.09,18.03,2.0,0.0,0.0,158.46,5.98,0.425,0.425,STRAIGHT,1.5,1.5,"CMD,0.4,1.50",4.0,0.0104,2.1,0.023,1,0.9836,0,NORMAL,70.711,0.441,1,1,1,1,1,105.0,97,3,dijkstra,graph,0.40095,0,,,,,,0,,,,189121,119945,2156
960,166.14402389526367,2026-03-06T01:46:03.039412,110.35,0.0,8.01,16.65,0.0,0.0,0.0,151.21,5.99,0.42,0.424,STRAIGHT,1.5,1.5,"CMD,0.4,1.50",4.0,0.0099,2.146,0.023,1,0.9754,0,NORMAL,70.711,0.428,1,1,1,1,1,107.3,87,5,dijkstra,graph,0.40665,0,,,,,,0,,,,191527,121656,2058
961,166.31278705596924,2026-03-06T01:46:03.208175,103.63,0.0,0.0,14.45,2.0,0.0,0.0,148.35,5.99,0.416,0.42,STRAIGHT,1.5,1.5,"CMD,0.4,1.50",4.0,0.0099,2.146,0.023,1,0.9767,0,NORMAL,70.711,0.43,1,1,1,1,1,107.3,78,5,dijkstra,graph,0.40969,0,,,,,,0,,,,191724,122597,2067
962,166.47739911079407,2026-03-06T01:46:03.372787,107.73,0.0,8.01,16.02,0.0,0.0,0.0,148.59,6.0,0.414,0.416,STRAIGHT,1.5,1.5,"CMD,0.4,1.50",4.0,0.0099,2.146,0.023,1,0.9838,0,NORMAL,70.711,0.434,1,1,1,1,1,107.3,99,5,dijkstra,graph,0.40878,0,,,,,,0,,,,192834,122451,2054
963,166.65190863609314,2026-03-06T01:46:03.547297,116.94,0.0,6.01,15.52,2.0,0.0,0.0,156.49,5.98,0.406,0.414,STRAIGHT,1.5,1.5,"CMD,0.4,1.50",4.0,0.0095,2.192,0.023,1,0.9803,0,NORMAL,70.711,0.424,1,1,1,1,1,109.6,85,5,dijkstra,graph,0.41833,0,,,,,,0,,,,196704,125116,2122
964,166.8230459690094,2026-03-06T01:46:03.718434,114.82,0.0,6.01,8.01,0.0,0.0,0.0,144.87,5.98,0.402,0.406,STRAIGHT,1.5,1.5,"CMD,0.4,1.50",4.0,0.0095,2.192,0.023,1,0.9765,0,NORMAL,70.711,0.487,1,1,1,1,1,109.6,86,5,dijkstra,graph,0.4276,0,,,,,,0,,,,199232,127990,2226
965,166.9882369041443,2026-03-06T01:46:03.883625,108.78,0.0,5.92,20.46,0.0,0.0,0.0,149.17,5.97,0.398,0.402,STRAIGHT,1.5,1.5,"CMD,0.4,1.50",4.0,0.0095,2.192,0.023,1,0.9837,0,NORMAL,70.504,0.527,1,1,1,1,1,109.6,93,5,dijkstra,graph,0.4362,0,,,,,,0,,,,202429,130519,2263
966,167.1566026210785,2026-03-06T01:46:04.051991,109.42,0.0,6.01,16.4,0.0,0.0,0.0,150.34,5.97,0.396,0.398,STRAIGHT,1.5,1.5,"CMD,0.4,1.50",4.0,0.0095,2.192,0.023,1,0.9894,0,NORMAL,70.711,0.361,1,1,1,1,1,109.6,80,6,dijkstra,graph,0.43479,0,,,,,,0,,,,201031,130085,2242
967,167.32751893997192,2026-03-06T01:46:04.222907,112.85,0.0,6.01,18.03,0.0,0.0,0.0,160.73,5.97,0.395,0.396,STRAIGHT,1.5,1.5,"CMD,0.4,1.50",4.0,0.0095,2.192,0.023,1,0.9847,0,NORMAL,70.711,0.314,1,1,1,1,1,109.6,96,5,dijkstra,graph,0.43386,0,,,,,,0,,,,202516,129844,2319
968,167.49749183654785,2026-03-06T01:46:04.392880,113.9,0.0,6.01,16.02,0.0,0.0,0.0,151.95,5.96,0.394,0.395,STRAIGHT,1.5,1.5,"CMD,0.4,1.50",4.0,0.0095,2.192,0.023,1,0.9884,0,NORMAL,70.711,0.263,1,1,1,1,1,109.6,87,4,dijkstra,graph,0.43533,0,,,,,,0,,,,202149,130183,2164
969,167.6669578552246,2026-03-06T01:46:04.562346,105.31,0.0,8.01,14.08,2.0,0.0,0.0,145.44,5.95,0.388,0.394,STRAIGHT,1.5,1.5,"CMD,0.4,1.50",4.0,0.0091,2.237,0.023,1,0.9852,0,NORMAL,70.711,0.234,1,1,1,1,1,111.9,72,4,dijkstra,graph,0.43045,0,,,,,,0,,,,200948,128689,1894
970,167.83768248558044,2026-03-06T01:46:04.733071,104.0,0.0,10.39,24.29,0.0,0.0,0.0,152.7,5.95,0.384,0.388,STRAIGHT,1.5,1.5,"CMD,0.4,1.50",4.0,0.0091,2.237,0.023,1,0.9769,0,NORMAL,60.118,0.341,1,1,1,1,1,111.9,93,5,dijkstra,graph,0.44979,0,,,,,,0,,,,204368,134559,2213
971,168.0048041343689,2026-03-06T01:46:04.900192,111.2,0.0,6.01,16.38,0.0,0.0,0.0,149.1,5.96,0.382,0.384,STRAIGHT,1.5,1.5,"CMD,0.4,1.50",4.0,0.0091,2.237,0.023,1,0.9846,0,NORMAL,61.252,0.288,1,1,1,1,1,111.9,93,5,dijkstra,graph,0.44159,0,,,,,,0,,,,203573,132082,2316
972,168.16927289962769,2026-03-06T01:46:05.064661,103.16,0.0,10.17,16.02,2.0,0.0,0.0,154.27,5.96,0.38,0.382,STRAIGHT,1.5,1.5,"CMD,0.4,1.50",4.0,0.0091,2.237,0.023,1,0.9858,0,NORMAL,61.087,0.176,1,1,1,1,1,111.9,91,5,dijkstra,graph,0.4301,0,,,,,,0,,,,202210,128748,2190
973,168.34289360046387,2026-03-06T01:46:05.238282,109.54,0.0,6.01,18.02,0.0,0.0,0.0,153.59,5.95,0.379,0.38,STRAIGHT,1.5,1.5,"CMD,0.4,1.50",4.0,0.0091,2.237,0.023,1,0.9888,0,NORMAL,60.759,0.169,1,1,1,1,1,111.9,95,5,dijkstra,graph,0.43291,0,,,,,,0,,,,201815,129480,2050
974,168.50972867012024,2026-03-06T01:46:05.405117,112.33,0.0,6.01,14.26,0.0,0.0,0.0,150.81,5.95,0.378,0.379,STRAIGHT,1.5,1.5,"CMD,0.4,1.50",4.0,0.0091,2.237,0.023,1,0.978,0,NORMAL,60.727,-0.031,1,1,1,1,1,111.9,93,4,dijkstra,graph,0.44847,0,,,,,,0,,,,205256,134167,2192
975,168.680734872818,2026-03-06T01:46:05.576123,107.31,0.0,8.01,20.03,0.0,0.0,0.0,148.81,5.94,0.377,0.378,STRAIGHT,1.5,1.5,"CMD,0.4,1.50",4.0,0.0091,2.237,0.023,1,0.9816,0,NORMAL,58.971,0.001,1,1,1,1,1,111.9,106,5,dijkstra,graph,0.44122,0,,,,,,0,,,,202152,132015,2258
976,168.84230375289917,2026-03-06T01:46:05.737692,103.49,0.0,6.01,16.02,2.0,0.0,0.0,145.55,5.94,0.372,0.377,STRAIGHT,1.5,1.5,"CMD,0.4,1.50",4.0,0.0088,2.283,0.023,1,0.983,0,NORMAL,58.621,0.193,1,1,1,1,1,114.2,97,5,dijkstra,graph,0.43886,0,,,,,,0,,,,202922,131380,2148
977,169.01211953163147,2026-03-06T01:46:05.907508,107.87,0.0,8.01,18.03,2.0,0.0,0.0,151.79,5.95,0.373,0.373,STRAIGHT,1.5,1.5,"CMD,0.4,1.50",4.0,0.0091,2.237,0.023,1,0.9886,0,NORMAL,58.535,0.173,1,1,1,1,1,111.9,90,4,dijkstra,graph,0.43366,0,,,,,,0,,,,201785,129768,2024
978,169.17892622947693,2026-03-06T01:46:06.074314,109.01,0.0,4.01,16.02,2.0,0.0,0.0,148.78,5.95,0.369,0.372,STRAIGHT,1.5,1.5,"CMD,0.4,1.50",4.0,0.0088,2.283,0.023,1,0.9838,0,NORMAL,58.601,0.172,1,1,1,1,1,114.2,87,5,dijkstra,graph,0.43591,0,,,,,,0,,,,201236,130444,2145
979,169.34815859794617,2026-03-06T01:46:06.243547,104.37,0.0,10.18,22.34,0.0,0.0,0.0,153.21,5.95,0.372,0.372,STRAIGHT,1.5,1.5,"CMD,0.4,1.50",4.0,0.0091,2.237,0.023,1,0.9875,0,NORMAL,59.891,0.136,1,1,1,1,1,111.9,98,4,dijkstra,graph,0.42899,0,,,,,,0,,,,198976,128430,2137
980,169.51781916618347,2026-03-06T01:46:06.413207,107.13,0.0,10.01,19.74,0.0,0.0,0.0,151.64,5.94,0.373,0.372,STRAIGHT,1.5,1.5,"CMD,0.4,1.50",4.0,0.0091,2.237,0.023,1,0.9883,0,NORMAL,60.14,0.163,1,1,1,1,1,111.9,89,5,dijkstra,graph,0.43157,0,,,,,,0,,,,200628,129290,2304
981,169.69099736213684,2026-03-06T01:46:06.586385,106.16,0.0,10.42,16.02,0.0,0.0,0.0,150.71,5.93,0.374,0.373,STRAIGHT,1.5,1.5,"CMD,0.4,1.50",4.0,0.0091,2.237,0.023,1,0.9882,0,NORMAL,60.011,0.188,1,1,1,1,1,111.9,92,5,dijkstra,graph,0.42839,0,,,,,,0,,,,200343,128163,2272
982,169.85733819007874,2026-03-06T01:46:06.752726,106.26,0.0,6.01,16.02,2.0,0.0,0.0,146.31,5.93,0.37,0.373,STRAIGHT,1.5,1.5,"CMD,0.4,1.50",4.0,0.0088,2.283,0.023,1,0.9865,0,NORMAL,59.886,0.299,1,1,1,1,1,114.2,95,5,dijkstra,graph,0.43467,0,,,,,,0,,,,201920,130172,2340
983,170.01788544654846,2026-03-06T01:46:06.913274,107.06,0.0,0.0,16.02,0.0,0.0,0.0,144.53,5.93,0.367,0.37,STRAIGHT,1.5,1.5,"CMD,0.4,1.50",4.0,0.0088,2.283,0.023,1,0.9877,0,NORMAL,59.792,0.326,1,1,1,1,1,114.2,90,5,dijkstra,graph,0.43574,0,,,,,,0,,,,202265,130378,2268
984,170.18510103225708,2026-03-06T01:46:07.080489,111.14,0.0,6.01,18.02,0.0,0.0,0.0,151.2,5.94,0.365,0.367,STRAIGHT,1.5,1.5,"CMD,0.4,1.50",4.0,0.0088,2.283,0.023,1,0.9779,0,NORMAL,59.453,0.299,1,1,1,1,1,114.2,88,4,dijkstra,graph,0.45269,0,,,,,,0,,,,206096,135552,2173
985,170.35811948776245,2026-03-06T01:46:07.253508,106.19,0.0,10.03,20.32,2.0,0.0,0.0,154.99,5.93,0.364,0.365,STRAIGHT,1.5,1.5,"CMD,0.4,1.50",4.0,0.0088,2.283,0.023,1,0.9784,0,NORMAL,59.602,0.281,1,1,1,1,1,114.2,97,5,dijkstra,graph,0.4388,0,,,,,,0,,,,204122,131222,2432
986,170.5227518081665,2026-03-06T01:46:07.418140,108.27,0.0,6.01,18.02,0.0,0.0,0.0,148.61,5.93,0.363,0.364,STRAIGHT,1.5,1.5,"CMD,0.4,1.50",4.0,0.0088,2.283,0.023,1,0.9793,0,NORMAL,59.053,0.289,1,1,1,1,1,114.2,97,4,dijkstra,graph,0.45217,0,,,,,,0,,,,205564,135265,2175
987,170.70064854621887,2026-03-06T01:46:07.596037,111.41,0.0,10.24,20.21,0.0,0.0,0.0,159.87,5.92,0.358,0.363,STRAIGHT,1.5,1.5,"CMD,0.4,1.50",4.0,0.0084,2.329,0.023,1,0.9875,0,NORMAL,59.068,0.294,1,1,1,1,1,116.4,100,5,dijkstra,graph,0.45229,0,,,,,,0,,,,206100,135207,2314
988,170.86233067512512,2026-03-06T01:46:07.757719,100.53,0.0,10.02,21.92,0.0,0.0,0.0,153.17,5.93,0.359,0.359,STRAIGHT,1.5,1.5,"CMD,0.4,1.50",4.0,0.0088,2.283,0.023,1,0.989,0,NORMAL,59.597,0.261,1,1,1,1,1,114.2,101,4,dijkstra,graph,0.44837,0,,,,,,0,,,,205223,134177,2217
989,171.03186535835266,2026-03-06T01:46:07.927254,107.06,0.0,0.0,20.21,0.0,0.0,0.0,151.51,5.93,0.355,0.358,STRAIGHT,1.5,1.5,"CMD,0.4,1.50",4.0,0.0084,2.329,0.023,1,0.9633,0,NORMAL,58.983,0.32,1,1,1,1,1,116.4,118,5,dijkstra,graph,0.47083,0,,,,,,0,,,,211881,140957,2409
990,171.20067429542542,2026-03-06T01:46:08.096063,106.99,0.0,7.75,20.03,0.0,0.0,0.0,150.79,5.93,0.352,0.355,STRAIGHT,1.5,1.5,"CMD,0.4,1.50",4.0,0.0084,2.329,0.023,1,0.9625,0,NORMAL,59.103,0.268,1,1,1,1,1,116.4,101,5,dijkstra,graph,0.44996,0,,,,,,0,,,,205655,134618,2402
991,171.37089586257935,2026-03-06T01:46:08.266284,99.49,0.0,10.48,19.03,0.0,0.0,0.0,154.2,5.93,0.346,0.352,STRAIGHT,1.5,1.5,"CMD,0.4,1.50",4.0,0.0081,2.374,0.023,1,0.9817,0,NORMAL,59.108,0.298,1,1,1,1,1,118.7,95,5,dijkstra,graph,0.45845,0,,,,,,0,,,,206865,137158,2353
992,171.5448226928711,2026-03-06T01:46:08.440211,103.64,0.0,16.22,20.03,0.0,0.0,0.0,155.9,5.93,0.347,0.347,STRAIGHT,1.5,1.5,"CMD,0.3,1.50",4.0,0.0084,2.329,0.023,1,0.9751,0,NORMAL,61.115,0.248,1,1,1,1,1,116.4,98,4,dijkstra,graph,0.45461,0,,,,,,0,,,,207252,136022,2191
993,171.71720433235168,2026-03-06T01:46:08.612593,113.57,0.0,9.16,18.03,0.0,0.0,0.0,160.22,5.91,0.347,0.347,STRAIGHT,1.5,1.5,"CMD,0.3,1.50",4.0,0.0084,2.329,0.023,1,0.9846,0,NORMAL,61.293,0.301,1,1,1,1,1,116.4,98,5,dijkstra,graph,0.4536,0,,,,,,0,,,,207821,135650,2298
994,171.89353966712952,2026-03-06T01:46:08.788928,111.83,0.0,10.41,18.03,2.0,0.0,0.0,158.3,5.91,0.347,0.347,STRAIGHT,1.5,1.5,"CMD,0.3,1.50",4.0,0.0084,2.329,0.023,1,0.9673,0,NORMAL,60.932,0.306,1,1,1,1,1,116.4,105,5,dijkstra,graph,0.4406,0,,,,,,0,,,,203216,131796,2416
995,172.06362628936768,2026-03-06T01:46:08.959014,105.7,0.0,0.0,20.03,0.0,0.0,0.0,152.04,5.91,0.347,0.347,STRAIGHT,1.5,1.5,"CMD,0.3,1.50",4.0,0.0084,2.329,0.023,1,0.9848,0,NORMAL,61.307,0.33,1,1,1,1,1,116.4,111,5,dijkstra,graph,0.44287,0,,,,,,0,,,,202665,132484,2472
996,172.2320601940155,2026-03-06T01:46:09.127448,109.84,0.0,0.0,26.46,0.0,0.0,0.0,150.33,5.91,0.347,0.347,STRAIGHT,1.5,1.5,"CMD,0.3,1.50",4.0,0.0084,2.329,0.023,1,0.9794,0,NORMAL,60.6,0.4,1,1,1,1,1,116.4,98,4,dijkstra,graph,0.437,0,,,,,,0,,,,201040,130666,2223
997,172.40782809257507,2026-03-06T01:46:09.303216,112.82,0.0,10.02,10.02,8.01,0.0,0.0,157.74,5.91,0.343,0.347,STRAIGHT,1.5,1.5,"CMD,0.3,1.50",4.0,0.0081,2.374,0.023,1,0.9634,0,NORMAL,60.334,0.485,1,1,1,1,1,118.7,99,4,dijkstra,graph,0.45723,0,,,,,,0,,,,207161,136911,2205
998,172.5770299434662,2026-03-06T01:46:09.472418,109.1,0.0,0.0,16.02,0.0,0.0,0.0,159.13,5.91,0.34,0.343,STRAIGHT,1.5,1.5,"CMD,0.3,1.50",4.0,0.0081,2.374,0.023,1,0.9755,0,NORMAL,61.01,0.482,1,1,1,1,1,118.7,90,4,dijkstra,graph,0.4494,0,,,,,,0,,,,204120,134455,2227
999,172.74243903160095,2026-03-06T01:46:09.637827,115.46,0.0,6.01,10.24,0.0,0.0,0.0,151.39,5.91,0.338,0.34,STRAIGHT,1.5,1.5,"CMD,0.3,1.50",4.0,0.0081,2.374,0.023,1,0.9767,0,NORMAL,61.214,0.478,1,1,1,1,1,118.7,95,5,dijkstra,graph,0.44029,0,,,,,,0,,,,201403,131746,2376
1000,172.9175238609314,2026-03-06T01:46:09.812912,110.67,0.0,8.01,18.02,0.0,0.0,0.0,150.73,5.9,0.333,0.338,STRAIGHT,1.5,1.5,"CMD,0.3,1.50",4.0,0.0078,2.42,0.023,1,0.9717,0,NORMAL,60.981,0.507,1,1,1,1,1,121.0,84,4,dijkstra,graph,0.45357,0,,,,,,0,,,,203958,135739,2179
1001,173.10516929626465,2026-03-06T01:46:10.000557,124.25,0.0,6.01,20.03,0.0,0.0,0.0,167.62,5.88,-3.508,0.333,STRAIGHT,1.5,1.5,"CMD,0.3,1.50",2.084,-0.2747,1.89,-0.529,1,0.959,0,NORMAL,62.97,0.351,1,1,1,1,1,114.4,104,5,dijkstra,graph,0.43919,0,,,,,,0,,,,198463,131393,2421
1002,173.27966237068176,2026-03-06T01:46:10.175050,117.28,0.0,6.01,17.65,0.0,0.0,0.0,156.98,5.87,-2.231,-2.231,STRAIGHT,1.5,1.5,"CMD,-2.2,1.50",4.0,0.0078,2.42,0.023,1,0.9565,0,NORMAL,61.641,0.385,1,1,1,1,1,121.0,88,5,dijkstra,graph,0.45847,0,,,,,,0,,,,207159,137137,2228
1003,173.45837497711182,2026-03-06T01:46:10.353763,118.06,0.0,6.01,16.02,2.0,0.0,0.0,160.69,5.86,-1.38,-2.231,STRAIGHT,1.5,1.5,"CMD,-2.2,1.50",4.0,0.0078,2.42,0.023,1,0.9719,0,NORMAL,61.535,0.372,1,1,1,1,1,121.0,102,4,dijkstra,graph,0.45481,0,,,,,,0,,,,204791,136147,2267
1004,173.61927151679993,2026-03-06T01:46:10.514660,100.77,0.0,8.01,16.07,2.0,0.0,0.0,144.88,5.87,-0.813,-1.38,STRAIGHT,1.5,1.5,"CMD,-1.4,1.50",4.0,0.0078,2.42,0.023,1,0.9859,0,NORMAL,62.259,0.356,1,1,1,1,1,121.0,91,4,dijkstra,graph,0.44341,0,,,,,,0,,,,202978,132618,2257
1005,173.77964687347412,2026-03-06T01:46:10.675035,102.26,0.0,6.01,10.01,10.04,0.0,0.0,144.35,5.87,-0.435,-0.813,STRAIGHT,1.5,1.5,"CMD,-0.8,1.50",4.0,0.0078,2.42,0.023,1,0.9899,0,NORMAL,62.694,0.338,1,1,1,1,1,121.0,91,4,dijkstra,graph,0.44624,0,,,,,,0,,,,203139,133412,2242
1006,173.946542263031,2026-03-06T01:46:10.841930,107.99,0.0,10.45,14.02,0.0,0.0,0.0,156.6,5.88,-0.183,-0.435,STRAIGHT,1.5,1.5,"CMD,-0.4,1.50",4.0,0.0078,2.42,0.023,1,0.9901,0,NORMAL,62.833,0.365,1,1,1,1,1,121.0,95,4,dijkstra,graph,0.45083,0,,,,,,0,,,,204529,134843,2227
1007,174.1218240261078,2026-03-06T01:46:11.017212,108.38,0.0,8.74,18.03,0.0,0.0,0.0,150.9,5.87,-0.006,-0.183,STRAIGHT,1.5,1.5,"CMD,-0.2,1.50",4.0,0.0084,2.329,0.023,1,0.9832,0,NORMAL,62.972,0.378,1,1,1,1,1,116.4,108,5,dijkstra,graph,0.43915,0,,,,,,0,,,,202666,131274,2379
1008,174.29596829414368,2026-03-06T01:46:11.191357,115.19,0.0,8.33,14.16,0.0,0.0,0.0,156.12,5.86,0.019,-0.006,STRAIGHT,1.5,1.5,"CMD,-0.0,1.50",4.0,0.0017,2.466,0.005,1,0.9886,0,NORMAL,62.761,0.424,1,1,1,1,1,124.0,97,4,dijkstra,graph,0.44236,0,,,,,,0,,,,202614,132384,2190
1009,174.4687476158142,2026-03-06T01:46:11.364136,105.31,0.0,10.29,18.45,0.0,0.0,0.0,149.86,5.86,0.12,0.019,STRAIGHT,1.5,1.5,"CMD,0.0,1.50",4.0,0.0078,2.42,0.023,1,0.9782,0,NORMAL,62.692,0.501,1,1,1,1,1,121.0,100,4,dijkstra,graph,0.45126,0,,,,,,0,,,,206434,134966,2198
1010,174.6406226158142,2026-03-06T01:46:11.536011,109.17,0.0,13.63,15.03,0.0,0.0,0.0,155.85,5.86,0.183,0.12,STRAIGHT,1.5,1.5,"CMD,0.1,1.50",4.0,0.0075,2.466,0.023,1,0.9876,0,NORMAL,59.844,0.548,1,1,1,1,1,123.3,97,5,dijkstra,graph,0.45225,0,,,,,,0,,,,206169,135296,2382
1011,174.81695008277893,2026-03-06T01:46:11.712338,114.24,0.0,6.01,16.02,2.0,0.0,0.0,156.79,5.85,0.225,0.183,STRAIGHT,1.5,1.5,"CMD,0.2,1.50",4.0,0.0075,2.466,0.023,1,0.9923,0,NORMAL,60.567,0.543,1,1,1,1,1,123.3,96,4,dijkstra,graph,0.44977,0,,,,,,0,,,,205797,134484,2157
1012,174.9849181175232,2026-03-06T01:46:11.880306,108.31,0.0,8.01,18.02,2.0,0.0,0.0,149.94,5.84,0.174,0.183,STRAIGHT,1.5,1.5,"CMD,0.2,1.50",4.0,0.0017,2.466,0.005,1,0.9859,0,NORMAL,61.046,0.481,1,1,1,1,1,124.0,95,4,dijkstra,graph,0.43791,0,,,,,,0,,,,203088,130930,2169
1013,175.1601803302765,2026-03-06T01:46:12.055568,114.74,0.0,6.7,18.03,0.0,0.0,0.0,159.24,5.83,0.139,0.174,STRAIGHT,1.5,1.5,"CMD,0.2,1.50",4.0,0.0017,2.466,0.005,1,0.9903,0,NORMAL,61.248,0.457,1,1,1,1,1,124.0,92,4,dijkstra,graph,0.44145,0,,,,,,0,,,,202826,132064,2131
1014,175.33624720573425,2026-03-06T01:46:12.231635,110.99,0.0,8.01,20.25,0.0,0.0,0.0,158.12,5.83,0.196,0.174,STRAIGHT,1.5,1.5,"CMD,0.2,1.50",4.0,0.0075,2.466,0.023,1,0.9683,0,NORMAL,61.421,0.45,1,1,1,1,1,123.3,102,4,dijkstra,graph,0.45727,0,,,,,,0,,,,209370,136748,2241
1015,175.50413942337036,2026-03-06T01:46:12.399528,106.73,0.0,6.01,16.02,2.0,0.0,0.0,149.87,5.82,0.234,0.196,STRAIGHT,1.5,1.5,"CMD,0.2,1.50",4.0,0.0075,2.466,0.023,1,0.9821,0,NORMAL,61.916,0.413,1,1,1,1,1,123.3,90,6,dijkstra,graph,0.4632,0,,,,,,0,,,,208876,138726,2242
1016,175.6785638332367,2026-03-06T01:46:12.573952,112.34,0.0,6.01,20.03,2.0,0.0,0.0,158.4,5.83,0.259,0.234,STRAIGHT,1.5,1.5,"CMD,0.2,1.50",4.0,0.0075,2.466,0.023,1,0.9772,0,NORMAL,61.172,0.307,1,1,1,1,1,123.3,108,4,dijkstra,graph,0.46789,0,,,,,,0,,,,212601,140025,2289
1017,175.85498356819153,2026-03-06T01:46:12.750372,112.33,0.0,8.01,22.03,2.0,0.0,0.0,160.4,5.81,0.276,0.259,STRAIGHT,1.5,1.5,"CMD,0.3,1.50",4.0,0.0075,2.466,0.023,1,0.9458,0,NORMAL,61.256,0.473,1,1,1,1,1,123.3,128,8,dijkstra,graph,0.51424,0,,,,,,0,,,,223924,153929,2773
1018,176.02933478355408,2026-03-06T01:46:12.924723,110.78,0.0,7.75,20.03,0.0,0.0,2.0,156.33,5.8,0.287,0.276,STRAIGHT,1.5,1.5,"CMD,0.3,1.50",4.0,0.0075,2.466,0.023,1,0.965,0,NORMAL,61.444,0.491,1,1,1,1,1,123.3,121,5,dijkstra,graph,0.49864,0,,,,,,0,,,,217201,149268,2354
1019,176.19366359710693,2026-03-06T01:46:13.089052,106.25,0.0,8.01,18.02,0.0,0.0,0.0,148.31,5.81,0.295,0.287,STRAIGHT,1.5,1.5,"CMD,0.3,1.50",4.0,0.0075,2.466,0.023,1,0.9704,0,NORMAL,61.619,0.466,1,1,1,1,1,123.3,97,4,dijkstra,graph,0.47481,0,,,,,,0,,,,211353,142108,2261
1020,176.3722882270813,2026-03-06T01:46:13.267676,116.54,0.0,8.01,16.02,0.0,0.0,2.0,158.6,5.8,0.3,0.295,STRAIGHT,1.5,1.5,"CMD,0.3,1.50",4.0,0.0075,2.466,0.023,1,0.9824,0,NORMAL,61.104,0.488,1,1,1,1,1,123.3,84,4,dijkstra,graph,0.48651,0,,,,,,0,,,,213709,145603,2222
1021,176.5456714630127,2026-03-06T01:46:13.441060,116.86,0.0,8.96,14.02,0.0,0.0,0.0,157.36,5.8,0.303,0.3,STRAIGHT,1.5,1.5,"CMD,0.3,1.50",4.0,0.0075,2.466,0.023,1,0.9615,0,NORMAL,61.877,0.447,1,1,1,1,1,123.3,94,5,dijkstra,graph,0.47017,0,,,,,,0,,,,214535,140687,2414
1022,176.72842025756836,2026-03-06T01:46:13.623808,117.82,0.0,8.39,17.77,0.0,0.0,0.0,166.55,5.79,0.095,0.3,STRAIGHT,1.5,1.5,"CMD,0.3,1.50",4.0,-0.0078,2.511,-0.025,1,0.9666,0,NORMAL,61.392,0.491,1,1,1,1,1,127.2,88,4,dijkstra,graph,0.45576,0,,,,,,0,,,,209283,136341,2236
1023,176.90967726707458,2026-03-06T01:46:13.805066,116.95,0.0,8.01,21.78,0.0,0.0,2.0,164.78,5.78,-0.044,0.095,STRAIGHT,1.5,1.5,"CMD,0.1,1.50",4.0,-0.0078,2.511,-0.025,1,0.9864,0,NORMAL,61.587,0.487,1,1,1,1,2,127.2,97,4,dijkstra,graph,0.44872,0,,,,,,0,,,,206945,134223,2293
1024,177.08653283119202,2026-03-06T01:46:13.981921,119.34,0.0,6.01,18.02,0.0,0.0,0.0,160.83,5.77,0.07,0.07,STRAIGHT,1.5,1.5,"CMD,0.1,1.50",4.0,0.0072,2.511,0.023,1,0.9542,0,NORMAL,58.888,0.54,1,1,1,1,1,125.6,94,4,dijkstra,graph,0.48537,0,,,,,,0,,,,216677,145225,2244
1025,177.2702603340149,2026-03-06T01:46:14.165648,116.98,0.0,8.01,16.02,0.0,0.0,0.0,161.27,5.76,0.146,0.07,STRAIGHT,1.5,1.5,"CMD,0.1,1.50",4.0,0.0072,2.511,0.023,1,0.9811,0,NORMAL,59.897,0.474,1,1,1,1,1,125.6,87,4,dijkstra,graph,0.47461,0,,,,,,0,,,,214285,141846,2204
1026,177.44854426383972,2026-03-06T01:46:14.343932,120.2,0.0,6.01,18.03,0.0,0.0,0.0,162.26,5.75,0.209,0.146,STRAIGHT,1.5,1.5,"CMD,0.1,1.50",4.0,0.0081,2.374,0.023,1,0.9598,0,NORMAL,59.853,0.505,1,1,1,1,1,118.7,89,5,dijkstra,graph,0.45238,0,,,,,,0,,,,206623,135345,2340
1027,177.62308764457703,2026-03-06T01:46:14.518476,114.22,0.0,8.02,18.27,0.0,0.0,0.0,162.22,5.75,0.239,0.209,STRAIGHT,1.5,1.5,"CMD,0.2,1.50",4.0,0.0072,2.511,0.023,1,0.9766,0,NORMAL,57.369,0.544,1,1,1,1,1,125.6,102,4,dijkstra,graph,0.46324,0,,,,,,0,,,,210956,138592,2331
1028,177.80487251281738,2026-03-06T01:46:14.700261,119.02,0.0,7.75,12.44,0.0,0.0,0.0,159.43,5.73,0.259,0.239,STRAIGHT,1.5,1.5,"CMD,0.2,1.50",4.0,0.0072,2.511,0.023,1,0.9793,0,NORMAL,55.465,0.473,1,1,1,1,1,125.6,85,4,dijkstra,graph,0.46227,0,,,,,,0,,,,208186,138225,2132
1029,177.9777431488037,2026-03-06T01:46:14.873131,105.82,0.0,8.08,20.01,0.0,0.0,2.0,150.78,5.73,0.171,0.239,STRAIGHT,1.5,1.5,"CMD,0.2,1.50",4.0,-0.0001,2.511,-0.0,1,0.9824,0,NORMAL,55.803,0.408,1,1,1,1,1,126.2,81,4,dijkstra,graph,0.45083,0,,,,,,0,,,,206863,134852,2145
1030,178.14948081970215,2026-03-06T01:46:15.044869,115.75,0.0,6.01,18.02,0.0,0.0,0.0,155.72,5.75,0.221,0.221,STRAIGHT,1.5,1.5,"CMD,0.2,1.50",4.0,0.0078,2.42,0.023,1,0.9801,0,NORMAL,56.053,0.381,1,1,1,1,1,121.0,87,5,dijkstra,graph,0.46221,0,,,,,,0,,,,210230,138186,2329
1031,178.3190574645996,2026-03-06T01:46:15.214446,111.17,0.0,6.01,18.37,0.0,0.0,0.0,151.55,5.75,0.172,0.172,STRAIGHT,1.5,1.5,"CMD,0.2,1.50",4.0,0.0018,2.557,0.006,1,0.9865,0,NORMAL,56.757,0.4,1,1,1,1,1,128.7,92,4,dijkstra,graph,0.46233,0,,,,,,0,,,,209116,138216,2233
1032,178.49380135536194,2026-03-06T01:46:15.389189,112.41,0.0,8.01,16.02,0.0,0.0,0.0,154.6,5.76,0.215,0.215,STRAIGHT,1.5,1.5,"CMD,0.2,1.50",4.0,0.0072,2.511,0.023,1,0.9858,0,NORMAL,57.804,0.357,1,1,1,1,1,125.6,88,4,dijkstra,graph,0.45919,0,,,,,,0,,,,208604,137395,2139
1033,178.67103147506714,2026-03-06T01:46:15.566419,113.3,0.0,5.87,20.03,2.0,0.0,0.0,159.21,5.74,0.254,0.215,STRAIGHT,1.5,1.5,"CMD,0.2,1.50",4.0,0.0081,2.374,0.023,1,0.9813,0,NORMAL,57.523,0.339,1,1,1,1,1,118.7,99,5,dijkstra,graph,0.45374,0,,,,,,0,,,,206496,135803,2401
1034,178.84007573127747,2026-03-06T01:46:15.735464,108.87,0.0,7.1,17.03,0.0,0.0,0.0,151.02,5.73,0.273,0.254,STRAIGHT,1.5,1.5,"CMD,0.3,1.50",4.0,0.0075,2.466,0.023,1,0.9835,0,NORMAL,57.788,0.321,1,1,1,1,1,123.3,92,4,dijkstra,graph,0.45405,0,,,,,,0,,,,206599,135771,2212
1035,179.0057418346405,2026-03-06T01:46:15.901130,111.27,0.0,7.01,14.04,0.0,0.0,0.0,149.65,5.73,0.207,0.254,STRAIGHT,1.5,1.5,"CMD,0.3,1.50",4.0,0.0018,2.557,0.006,1,0.9819,0,NORMAL,57.918,0.297,1,1,1,1,1,128.7,99,4,dijkstra,graph,0.45101,0,,,,,,0,,,,206426,134778,2233
1036,179.1769576072693,2026-03-06T01:46:16.072346,102.25,0.0,10.09,20.4,0.0,0.0,0.0,148.78,5.74,0.245,0.245,STRAIGHT,1.5,1.5,"CMD,0.2,1.50",4.0,0.0078,2.42,0.023,1,0.9784,0,NORMAL,58.183,0.309,1,1,1,1,1,121.0,99,5,dijkstra,graph,0.45217,0,,,,,,0,,,,207570,135183,2382
1037,179.35192561149597,2026-03-06T01:46:16.247314,113.86,0.0,6.35,14.05,0.0,0.0,0.0,150.6,5.74,0.267,0.245,STRAIGHT,1.5,1.5,"CMD,0.2,1.50",4.0,0.0075,2.466,0.023,1,0.9808,0,NORMAL,58.389,0.252,1,1,1,1,1,123.3,103,5,dijkstra,graph,0.4501,0,,,,,,0,,,,207093,134534,2237
1038,179.52752041816711,2026-03-06T01:46:16.422908,112.16,0.0,2.0,19.53,0.0,0.0,0.0,157.46,5.73,0.277,0.267,STRAIGHT,1.5,1.5,"CMD,0.3,1.50",4.0,0.0072,2.511,0.023,1,0.972,0,NORMAL,58.206,0.276,1,1,1,1,1,125.6,112,5,dijkstra,graph,0.46601,0,,,,,,0,,,,210126,139393,2292
1039,179.69199872016907,2026-03-06T01:46:16.587387,111.97,0.0,6.01,10.11,0.0,0.0,0.0,147.61,5.74,0.21,0.267,STRAIGHT,1.5,1.5,"CMD,0.3,1.50",4.0,0.0018,2.557,0.006,1,0.9678,0,NORMAL,58.698,0.29,1,1,1,1,2,128.7,104,4,dijkstra,graph,0.45161,0,,,,,,0,,,,205991,135041,2203
1040,179.87342190742493,2026-03-06T01:46:16.768810,112.97,0.0,6.01,20.03,0.0,0.0,0.0,161.24,5.74,0.165,0.21,STRAIGHT,1.5,1.5,"CMD,0.2,1.50",4.0,0.0018,2.557,0.006,1,0.9714,0,NORMAL,58.918,0.266,1,1,1,1,1,110.3,92,6,dijkstra,graph,0.44413,0,,,,,,0,,,,204199,132834,2272
1041,180.03741908073425,2026-03-06T01:46:16.932807,99.07,0.0,10.43,22.45,0.0,0.0,0.0,145.97,5.74,0.135,0.165,STRAIGHT,1.5,1.5,"CMD,0.2,1.50",4.0,0.0018,2.557,0.006,1,0.9789,0,NORMAL,58.703,0.287,1,1,1,1,1,110.3,88,5,dijkstra,graph,0.45393,0,,,,,,0,,,,207098,135767,2277
1042,180.2057750225067,2026-03-06T01:46:17.101163,107.76,0.0,10.2,18.03,0.0,0.0,0.0,150.21,5.75,0.193,0.165,STRAIGHT,1.5,1.5,"CMD,0.2,1.50",4.0,0.0075,2.466,0.023,1,0.9759,0,NORMAL,58.597,0.425,1,1,1,1,1,123.3,88,4,dijkstra,graph,0.45324,0,,,,,,0,,,,209457,135502,2231
1043,180.37917637825012,2026-03-06T01:46:17.274564,112.57,0.0,6.01,8.42,10.35,0.0,0.0,155.38,5.75,0.228,0.193,STRAIGHT,1.5,1.5,"CMD,0.2,1.50",4.0,0.0072,2.511,0.023,1,0.9874,0,NORMAL,57.994,0.487,1,1,1,1,1,125.6,88,4,dijkstra,graph,0.46161,0,,,,,,0,,,,211838,138109,2263
1044,180.55632877349854,2026-03-06T01:46:17.451717,114.4,0.0,8.01,20.08,0.0,0.0,0.0,166.69,5.74,0.252,0.228,STRAIGHT,1.5,1.5,"CMD,0.2,1.50",4.0,0.0072,2.511,0.023,1,0.9691,0,NORMAL,55.27,0.512,1,1,1,1,1,125.6,113,5,dijkstra,graph,0.48738,0,,,,,,0,,,,217929,145724,2302
1045,180.73277258872986,2026-03-06T01:46:17.628161,109.85,0.0,0.0,10.01,10.14,0.0,0.0,156.42,5.74,0.268,0.252,STRAIGHT,1.5,1.5,"CMD,0.3,1.50",4.0,0.0072,2.511,0.023,1,0.9864,0,NORMAL,54.512,0.552,1,1,1,1,1,125.6,110,5,dijkstra,graph,0.49095,0,,,,,,0,,,,219377,146812,2286
1046,180.8938603401184,2026-03-06T01:46:17.789249,110.37,0.0,6.01,12.25,0.0,0.0,0.0,150.69,5.76,0.278,0.268,STRAIGHT,1.5,1.5,"CMD,0.3,1.50",4.0,0.0072,2.511,0.023,1,0.9771,0,NORMAL,55.193,0.562,1,1,1,1,1,125.6,105,4,dijkstra,graph,0.47428,0,,,,,,0,,,,214641,141894,2319
1047,181.06451606750488,2026-03-06T01:46:17.959904,112.46,0.0,8.01,10.31,0.0,0.0,0.0,150.34,5.76,0.289,0.278,STRAIGHT,1.5,1.5,"CMD,0.3,1.50",4.0,0.0075,2.466,0.023,1,0.9834,0,NORMAL,56.143,0.526,1,1,1,1,1,123.3,98,4,dijkstra,graph,0.47275,0,,,,,,0,,,,215620,141435,2300
1048,181.24649024009705,2026-03-06T01:46:18.141878,110.86,0.0,8.01,20.08,0.0,0.0,0.0,161.34,5.74,0.296,0.289,STRAIGHT,1.5,1.5,"CMD,0.3,1.50",4.0,0.0075,2.466,0.023,1,0.9888,0,NORMAL,56.933,0.479,1,1,1,1,1,123.3,106,5,dijkstra,graph,0.46994,0,,,,,,0,,,,214368,140535,2361
1049,181.42092394828796,2026-03-06T01:46:18.316312,113.98,0.0,6.01,18.02,0.0,0.0,0.0,164.37,5.74,0.3,0.296,STRAIGHT,1.5,1.5,"CMD,0.3,1.50",4.0,0.0075,2.466,0.023,1,0.985,0,NORMAL,57.796,0.468,1,1,1,1,1,123.3,100,5,dijkstra,graph,0.46167,0,,,,,,0,,,,211579,138144,2339
1050,181.60047245025635,2026-03-06T01:46:18.495860,116.85,0.0,8.01,16.02,2.3,0.0,0.3,163.53,5.74,0.303,0.3,STRAIGHT,1.5,1.5,"CMD,0.3,1.50",4.0,0.0075,2.466,0.023,1,0.9759,0,NORMAL,57.91,0.461,1,1,1,1,1,123.3,91,5,dijkstra,graph,0.44502,0,,,,,,0,,,,206790,133079,2343
1051,181.77315974235535,2026-03-06T01:46:18.668548,111.88,0.0,0.0,19.88,0.0,0.0,0.0,162.31,5.75,0.306,0.303,STRAIGHT,1.5,1.5,"CMD,0.3,1.50",4.0,0.0075,2.466,0.023,1,0.9607,0,NORMAL,56.732,0.539,1,1,1,1,1,123.3,99,5,dijkstra,graph,0.46698,0,,,,,,0,,,,214661,139810,2296
1052,181.93568229675293,2026-03-06T01:46:18.831071,94.24,0.0,16.21,14.02,0.0,0.0,0.0,144.5,5.77,0.307,0.306,STRAIGHT,1.5,1.5,"CMD,0.3,1.50",4.0,0.0075,2.466,0.023,1,0.9734,0,NORMAL,55.375,0.708,1,1,1,1,1,123.3,92,5,dijkstra,graph,0.46893,0,,,,,,0,,,,212330,140334,2231
1053,182.12010264396667,2026-03-06T01:46:19.015491,108.4,0.0,10.05,19.03,0.0,0.0,0.0,165.9,5.76,0.304,0.306,STRAIGHT,1.5,1.5,"CMD,0.3,1.50",4.0,0.0072,2.511,0.023,1,0.9812,0,NORMAL,54.062,1.126,1,1,1,1,1,125.6,98,5,dijkstra,graph,0.47304,0,,,,,,0,,,,215155,141579,2423
1054,182.28777766227722,2026-03-06T01:46:19.183166,107.64,0.0,8.02,19.71,0.0,0.0,0.0,151.65,5.78,0.302,0.304,STRAIGHT,1.5,1.5,"CMD,0.3,1.50",4.0,0.0072,2.511,0.023,1,0.9884,0,NORMAL,53.438,1.09,1,1,1,1,1,125.6,93,5,dijkstra,graph,0.47421,0,,,,,,0,,,,215408,141860,2356
1055,182.45760011672974,2026-03-06T01:46:19.352988,107.66,0.0,0.0,16.02,0.0,0.0,2.0,151.8,5.79,0.301,0.302,STRAIGHT,1.5,1.5,"CMD,0.3,1.50",4.0,0.0072,2.511,0.023,1,0.9891,0,NORMAL,53.069,1.225,1,1,1,1,1,125.6,96,4,dijkstra,graph,0.47424,0,,,,,,0,,,,215864,141778,2358
1056,182.62325835227966,2026-03-06T01:46:19.518647,100.59,0.0,15.5,15.52,2.0,0.0,0.0,149.64,5.8,0.3,0.301,STRAIGHT,1.5,1.5,"CMD,0.3,1.50",4.0,0.0072,2.511,0.023,1,0.9847,0,NORMAL,52.849,1.331,1,1,1,1,1,125.6,82,4,dijkstra,graph,0.48256,0,,,,,,0,,,,217650,144431,2250
1057,182.79611706733704,2026-03-06T01:46:19.691505,108.63,0.0,12.02,17.77,0.0,0.0,0.0,156.84,5.81,0.3,0.3,STRAIGHT,1.5,1.5,"CMD,0.3,1.50",4.0,0.0072,2.511,0.023,1,0.9878,0,NORMAL,53.228,1.444,1,1,1,1,1,125.6,95,4,dijkstra,graph,0.48531,0,,,,,,0,,,,217630,145132,2297
1058,182.96734404563904,2026-03-06T01:46:19.862732,110.84,0.0,6.01,19.94,0.0,0.0,2.0,152.81,5.81,0.299,0.3,STRAIGHT,1.5,1.5,"CMD,0.3,1.50",4.0,0.0072,2.511,0.023,1,0.9824,0,NORMAL,53.021,1.451,1,1,1,1,1,125.6,99,4,dijkstra,graph,0.48946,0,,,,,,0,,,,220516,146397,2385
1059,183.13692235946655,2026-03-06T01:46:20.032311,108.09,0.0,0.0,30.32,0.0,0.0,0.0,153.56,5.81,0.296,0.299,STRAIGHT,1.5,1.5,"CMD,0.3,1.50",4.0,0.007,2.557,0.023,1,0.9856,0,NORMAL,53.179,1.478,1,1,1,1,1,127.9,98,5,dijkstra,graph,0.48021,0,,,,,,0,,,,218237,143508,2505
1060,183.3083004951477,2026-03-06T01:46:20.203689,108.89,0.0,6.4,16.03,4.01,0.0,0.0,151.35,5.81,0.297,0.297,STRAIGHT,1.5,1.5,"CMD,0.3,1.50",4.0,0.0072,2.511,0.023,1,0.9863,0,NORMAL,53.409,1.511,1,1,1,1,1,125.6,96,5,dijkstra,graph,0.48684,0,,,,,,0,,,,220744,145608,2370
1061,183.48282170295715,2026-03-06T01:46:20.378210,109.6,0.0,10.05,20.24,2.0,0.0,0.0,164.48,5.81,0.297,0.297,STRAIGHT,1.5,1.5,"CMD,0.3,1.50",4.0,0.0072,2.511,0.023,1,0.9795,0,NORMAL,54.059,1.509,1,1,1,1,1,125.6,92,4,dijkstra,graph,0.48205,0,,,,,,0,,,,220693,144315,2325
1062,183.652241230011,2026-03-06T01:46:20.547629,115.35,0.0,6.01,12.02,0.0,0.0,0.0,149.39,5.82,0.294,0.297,STRAIGHT,1.5,1.5,"CMD,0.3,1.50",4.0,0.007,2.557,0.023,1,0.9756,0,NORMAL,53.69,1.608,1,1,1,1,1,127.9,97,5,dijkstra,graph,0.49457,0,,,,,,0,,,,224911,147973,2260
1063,183.83715271949768,2026-03-06T01:46:20.732541,110.18,0.0,10.4,19.83,2.0,0.0,0.0,159.44,5.8,0.292,0.294,STRAIGHT,1.5,1.5,"CMD,0.3,1.50",4.0,0.007,2.557,0.023,1,0.9791,0,NORMAL,54.642,1.578,1,1,1,1,1,127.9,105,4,dijkstra,graph,0.49244,0,,,,,,0,,,,222391,147329,2320
1064,184.0055115222931,2026-03-06T01:46:20.900900,108.28,0.0,8.01,18.02,2.0,0.0,0.0,150.33,5.8,0.294,0.294,STRAIGHT,1.5,1.5,"CMD,0.3,1.50",4.0,0.0072,2.511,0.023,1,0.9777,0,NORMAL,55.141,1.543,1,1,1,1,1,125.6,104,4,dijkstra,graph,0.47746,0,,,,,,0,,,,217955,142812,2282
1065,184.17484760284424,2026-03-06T01:46:21.070236,109.24,0.0,6.01,18.02,2.0,0.0,0.0,151.31,5.8,0.296,0.294,STRAIGHT,1.5,1.5,"CMD,0.3,1.50",4.0,0.0072,2.511,0.023,1,0.9784,0,NORMAL,55.081,1.559,1,1,1,1,1,125.6,103,4,dijkstra,graph,0.46463,0,,,,,,0,,,,214374,139041,2330
1066,184.3472821712494,2026-03-06T01:46:21.242670,108.52,0.0,8.01,16.02,2.0,0.0,0.0,150.4,5.81,0.293,0.294,STRAIGHT,1.5,1.5,"CMD,0.3,1.50",4.0,0.007,2.557,0.023,1,0.9835,0,NORMAL,55.31,1.53,1,1,1,1,1,127.9,93,4,dijkstra,graph,0.48,0,,,,,,0,,,,217127,143623,2333
1067,184.51780724525452,2026-03-06T01:46:21.413195,108.35,0.0,8.01,18.04,0.0,0.0,0.0,150.49,5.81,0.292,0.293,STRAIGHT,1.5,1.5,"CMD,0.3,1.50",4.0,0.007,2.557,0.023,1,0.9874,0,NORMAL,55.874,1.556,1,1,1,1,1,127.9,95,4,dijkstra,graph,0.47345,0,,,,,,0,,,,215621,141625,2291
1068,184.68849635124207,2026-03-06T01:46:21.583885,110.6,0.0,8.01,8.01,10.12,0.0,0.0,160.63,5.8,0.294,0.293,STRAIGHT,1.5,1.5,"CMD,0.3,1.50",4.0,0.0072,2.511,0.023,1,0.9797,0,NORMAL,55.567,1.525,1,1,1,1,1,125.6,95,4,dijkstra,graph,0.46192,0,,,,,,0,,,,212021,138155,2324
1069,184.86303973197937,2026-03-06T01:46:21.758428,114.3,0.0,6.01,18.02,2.0,0.0,0.0,164.42,5.81,0.292,0.292,STRAIGHT,1.5,1.5,"CMD,0.3,1.50",4.0,0.007,2.557,0.023,1,0.98,0,NORMAL,55.591,1.502,1,1,1,1,1,127.9,105,4,dijkstra,graph,0.47477,0,,,,,,0,,,,215733,141965,2371
1070,185.03192234039307,2026-03-06T01:46:21.927310,112.3,0.0,6.01,16.02,2.0,0.0,0.0,152.86,5.81,0.291,0.292,STRAIGHT,1.5,1.5,"CMD,0.3,1.50",4.0,0.007,2.557,0.023,1,0.9829,0,NORMAL,54.443,1.539,1,1,1,1,1,127.9,98,5,dijkstra,graph,0.47725,0,,,,,,0,,,,216305,142744,2317
1071,185.20150423049927,2026-03-06T01:46:22.096892,116.71,0.0,8.59,11.84,0.0,0.0,0.0,153.56,5.8,0.187,0.291,STRAIGHT,1.5,1.5,"CMD,0.3,1.50",4.0,-0.0005,2.603,-0.002,1,0.9825,0,NORMAL,54.986,1.494,1,1,1,1,1,130.7,84,4,dijkstra,graph,0.46568,0,,,,,,0,,,,213671,139264,2171
1072,185.3823118209839,2026-03-06T01:46:22.277700,116.15,0.0,6.01,17.06,2.0,0.0,0.0,160.16,5.8,0.236,0.236,STRAIGHT,1.5,1.5,"CMD,0.2,1.50",4.0,0.0081,2.374,0.023,1,0.9717,0,NORMAL,54.861,1.495,1,1,1,1,1,118.7,88,5,dijkstra,graph,0.45382,0,,,,,,0,,,,208779,135808,2270
1073,185.56582856178284,2026-03-06T01:46:22.461217,117.52,0.0,7.87,18.03,0.0,0.0,2.0,164.48,5.79,0.254,0.236,STRAIGHT,1.5,1.5,"CMD,0.2,1.50",4.0,0.007,2.557,0.023,1,0.9591,0,NORMAL,53.675,1.422,1,1,1,1,1,127.9,97,5,dijkstra,graph,0.4794,0,,,,,,0,,,,216334,143376,2336
1074,185.74002146720886,2026-03-06T01:46:22.635410,117.61,0.0,8.32,12.02,0.0,0.0,0.0,157.21,5.79,0.276,0.254,STRAIGHT,1.5,1.5,"CMD,0.3,1.50",4.0,0.0078,2.42,0.023,1,0.9696,0,NORMAL,52.706,1.428,1,1,1,1,1,121.0,78,6,dijkstra,graph,0.46715,0,,,,,,0,,,,211613,139702,2238
1075,185.9215428829193,2026-03-06T01:46:22.816931,108.96,0.0,10.31,22.22,0.0,0.0,0.0,163.08,5.77,0.3,0.276,STRAIGHT,1.5,1.5,"CMD,0.3,1.50",4.0,0.0084,2.329,0.023,1,0.9688,0,NORMAL,53.332,1.371,1,1,1,1,1,116.4,106,6,dijkstra,graph,0.45295,0,,,,,,0,,,,208871,135401,2362
1076,186.09101963043213,2026-03-06T01:46:22.986408,115.11,0.0,6.01,14.32,0.0,0.0,0.0,151.45,5.77,0.316,0.3,STRAIGHT,1.5,1.5,"CMD,0.3,1.50",4.0,0.0084,2.329,0.023,1,0.9777,0,NORMAL,54.066,1.29,1,1,1,1,1,116.4,105,6,dijkstra,graph,0.4505,0,,,,,,0,,,,209243,134801,2366
1077,186.27191710472107,2026-03-06T01:46:23.167305,118.58,0.0,8.01,14.02,0.0,0.0,0.0,158.64,5.77,0.326,0.316,STRAIGHT,1.5,1.5,"CMD,0.3,1.50",4.0,0.0084,2.329,0.023,1,0.9819,0,NORMAL,54.381,1.293,1,1,1,1,1,116.4,92,5,dijkstra,graph,0.4499,0,,,,,,0,,,,209449,134578,2304
1078,186.44899892807007,2026-03-06T01:46:23.344387,113.71,0.0,8.01,16.02,2.0,0.0,0.0,156.51,5.77,0.338,0.326,STRAIGHT,1.5,1.5,"CMD,0.3,1.50",4.0,0.0088,2.283,0.023,1,0.974,0,NORMAL,54.55,1.198,1,1,1,1,1,114.2,98,6,dijkstra,graph,0.44306,0,,,,,,0,,,,206069,132535,2278
1079,186.62260603904724,2026-03-06T01:46:23.517994,110.07,0.0,7.75,21.74,2.0,0.0,0.0,157.59,5.77,0.332,0.332,STRAIGHT,1.5,1.5,"CMD,0.3,1.50",4.0,0.0078,2.42,0.023,1,0.965,0,NORMAL,54.635,1.116,1,1,1,1,1,121.0,89,6,dijkstra,graph,0.45126,0,,,,,,0,,,,208599,134906,2426
1080,186.79846096038818,2026-03-06T01:46:23.693849,115.77,0.0,8.01,16.02,2.0,0.0,0.0,157.83,5.77,0.337,0.337,STRAIGHT,1.5,1.5,"CMD,0.3,1.50",4.0,0.0084,2.329,0.023,1,0.969,0,NORMAL,54.238,1.183,1,1,1,1,1,116.4,95,5,dijkstra,graph,0.45048,0,,,,,,0,,,,207488,134811,2249
1081,186.97060751914978,2026-03-06T01:46:23.865996,107.25,0.0,10.5,16.02,2.0,0.0,0.0,154.12,5.76,-0.066,0.332,STRAIGHT,1.5,1.5,"CMD,0.3,1.50",3.93,-0.0211,2.466,-0.064,1,0.9663,0,NORMAL,55.066,1.066,1,1,1,1,1,125.8,98,5,dijkstra,graph,0.43475,0,,,,,,0,,,,203288,130187,2190
1082,187.13837027549744,2026-03-06T01:46:24.033759,110.16,0.0,0.0,16.02,0.0,0.0,0.0,149.74,5.78,-0.485,-0.066,STRAIGHT,1.5,1.5,"CMD,-0.1,1.50",3.545,-0.0321,2.466,-0.098,1,0.9713,0,NORMAL,56.036,0.942,1,1,1,1,1,126.9,97,4,dijkstra,graph,0.41758,0,,,,,,0,,,,198215,124954,2107
1083,187.31407284736633,2026-03-06T01:46:24.209461,111.61,0.0,8.01,20.03,2.0,0.0,0.0,157.68,5.77,-0.703,-0.485,STRAIGHT,1.5,1.5,"CMD,-0.5,1.50",3.691,-0.0276,2.466,-0.084,1,0.9708,0,NORMAL,55.956,0.945,1,1,1,1,1,127.7,111,5,dijkstra,graph,0.43027,0,,,,,,0,,,,204012,128773,2235
1084,187.49337577819824,2026-03-06T01:46:24.388764,114.77,0.0,6.01,12.36,10.26,0.0,0.0,159.02,5.76,-0.348,-0.485,STRAIGHT,1.5,1.5,"CMD,-0.5,1.50",4.0,0.0088,2.283,0.023,1,0.9868,0,NORMAL,56.271,0.96,1,1,1,1,1,114.2,106,5,dijkstra,graph,0.43027,0,,,,,,0,,,,202869,128693,2188
1085,187.66703701019287,2026-03-06T01:46:24.562425,108.89,0.0,14.26,14.02,2.0,0.0,0.0,155.65,5.75,-0.112,-0.348,STRAIGHT,1.5,1.5,"CMD,-0.3,1.50",4.0,0.0088,2.283,0.023,1,0.9762,0,NORMAL,57.653,0.856,1,1,1,1,1,114.2,68,4,dijkstra,graph,0.41866,0,,,,,,0,,,,198333,125302,1931
1086,187.84295535087585,2026-03-06T01:46:24.738343,116.29,0.0,6.01,14.02,2.0,0.0,0.0,155.89,5.75,0.046,-0.112,STRAIGHT,1.5,1.5,"CMD,-0.1,1.50",4.0,0.0088,2.283,0.023,1,0.9902,0,NORMAL,57.423,0.807,1,1,1,1,1,114.2,76,4,dijkstra,graph,0.42093,0,,,,,,0,,,,199862,126053,2034
1087,188.01460099220276,2026-03-06T01:46:24.909989,113.14,0.0,8.01,16.02,0.0,0.0,0.0,155.62,5.75,-0.492,-0.112,STRAIGHT,1.5,1.5,"CMD,-0.1,1.50",3.38,-0.038,2.466,-0.116,1,0.9781,0,NORMAL,57.54,0.884,1,1,1,1,1,128.6,91,5,dijkstra,graph,0.42281,0,,,,,,0,,,,197631,126496,2068
1088,188.181791305542,2026-03-06T01:46:25.077179,115.12,0.0,6.01,14.02,0.0,0.0,0.0,151.17,5.75,-0.207,-0.207,STRAIGHT,1.5,1.5,"CMD,-0.2,1.50",4.0,0.0088,2.283,0.023,1,0.981,0,NORMAL,58.366,0.817,1,1,1,1,1,114.2,75,6,dijkstra,graph,0.417,0,,,,,,0,,,,198093,124776,2025
1089,188.35541534423828,2026-03-06T01:46:25.250804,111.31,0.0,9.11,16.03,0.0,0.0,0.0,151.47,5.75,-0.018,-0.207,STRAIGHT,1.5,1.5,"CMD,-0.2,1.50",4.0,0.0088,2.283,0.023,1,0.9811,0,NORMAL,58.604,0.761,1,1,1,1,1,114.2,88,3,dijkstra,graph,0.40486,0,,,,,,0,,,,196117,121252,1798
1090,188.53441643714905,2026-03-06T01:46:25.429805,108.0,0.0,10.26,22.6,0.0,0.0,2.0,164.91,5.74,0.114,-0.018,STRAIGHT,1.5,1.5,"CMD,-0.0,1.50",4.0,0.0091,2.237,0.023,1,0.979,0,NORMAL,55.624,0.756,1,1,1,1,1,111.9,103,4,dijkstra,graph,0.41599,0,,,,,,0,,,,200183,124466,1991
1091,188.70194053649902,2026-03-06T01:46:25.597329,113.19,0.0,6.01,16.28,0.0,0.0,0.0,153.51,5.74,0.201,0.114,STRAIGHT,1.5,1.5,"CMD,0.1,1.50",4.0,0.0091,2.237,0.023,1,0.9775,0,NORMAL,56.531,0.725,1,1,1,1,1,111.9,98,5,dijkstra,graph,0.41116,0,,,,,,0,,,,196079,122986,1996
1092,188.87786436080933,2026-03-06T01:46:25.773252,106.58,0.0,10.44,22.24,2.0,0.0,0.0,157.82,5.75,0.255,0.201,STRAIGHT,1.5,1.5,"CMD,0.2,1.50",4.0,0.0088,2.283,0.023,1,0.9773,0,NORMAL,56.819,0.622,1,1,1,1,1,114.2,83,5,dijkstra,graph,0.415,0,,,,,,0,,,,199101,124126,2137
1093,189.04540991783142,2026-03-06T01:46:25.940798,104.82,0.0,14.27,14.41,0.0,0.0,0.0,149.52,5.75,0.281,0.255,STRAIGHT,1.5,1.5,"CMD,0.3,1.50",4.0,0.0081,2.374,0.023,1,0.9757,0,NORMAL,56.304,0.404,1,1,1,1,1,118.7,109,4,dijkstra,graph,0.42314,0,,,,,,0,,,,201890,126634,2020
1094,189.20770859718323,2026-03-06T01:46:26.103097,104.32,0.0,7.78,12.33,0.0,0.0,0.0,140.45,5.76,0.291,0.281,STRAIGHT,1.5,1.5,"CMD,0.3,1.50",4.0,0.0075,2.466,0.023,1,0.9779,0,NORMAL,53.825,0.51,1,1,1,1,1,123.3,103,3,dijkstra,graph,0.42469,0,,,,,,0,,,,201861,127071,2090
1095,189.38202548027039,2026-03-06T01:46:26.277414,112.88,0.0,2.16,20.58,0.0,0.0,0.0,153.71,5.76,-0.213,0.281,STRAIGHT,1.5,1.5,"CMD,0.3,1.50",3.4,-0.0296,2.374,-0.083,1,0.9416,0,NORMAL,55.241,0.292,1,1,1,1,1,123.0,78,2,dijkstra,graph,0.38409,0,,,,,,0,,,,190390,115067,1703
1096,189.54981207847595,2026-03-06T01:46:26.445200,106.09,0.0,10.44,16.02,0.0,0.0,0.0,150.02,5.76,-0.57,-0.213,STRAIGHT,1.5,1.5,"CMD,-0.2,1.50",3.46,-0.0312,2.42,-0.091,1,0.9747,0,NORMAL,57.218,0.172,1,1,1,1,1,125.5,88,3,dijkstra,graph,0.38054,0,,,,,,0,,,,189344,113914,1745
1097,189.7149784564972,2026-03-06T01:46:26.610367,108.95,0.0,6.01,16.02,0.0,0.0,0.0,147.14,5.77,-0.255,-0.255,STRAIGHT,1.5,1.5,"CMD,-0.3,1.50",4.0,0.0091,2.237,0.023,1,0.9762,0,NORMAL,57.778,0.06,1,1,1,1,1,111.9,84,2,dijkstra,graph,0.37469,0,,,,,,0,,,,188873,112213,1770
1098,189.8886661529541,2026-03-06T01:46:26.784054,105.55,0.0,16.32,15.77,0.0,0.0,0.0,153.66,5.77,-0.367,-0.367,STRAIGHT,1.5,1.5,"CMD,-0.4,1.50",4.0,-0.0143,2.42,-0.042,1,0.9868,0,NORMAL,58.607,0.016,1,1,1,1,1,124.4,84,2,dijkstra,graph,0.37952,0,,,,,,0,,,,190172,113549,1790
1099,190.06206846237183,2026-03-06T01:46:26.957457,106.57,0.0,15.03,15.76,2.0,0.0,0.0,155.38,5.77,-0.119,-0.255,STRAIGHT,1.5,1.5,"CMD,-0.3,1.50",4.0,0.0091,2.237,0.023,1,0.9849,0,NORMAL,58.325,0.064,1,1,1,1,1,111.9,89,3,dijkstra,graph,0.38099,0,,,,,,0,,,,189854,113969,1839
1100,190.22847318649292,2026-03-06T01:46:27.123861,106.31,0.0,8.01,18.04,0.0,0.0,0.0,148.38,5.77,0.036,-0.119,STRAIGHT,1.5,1.5,"CMD,-0.1,1.50",4.0,0.0084,2.329,0.023,1,0.97,0,NORMAL,58.776,0.104,1,1,1,1,1,116.4,97,3,dijkstra,graph,0.39353,0,,,,,,0,,,,191706,117748,1830
1101,190.40916395187378,2026-03-06T01:46:27.304552,117.63,0.0,9.3,16.03,0.0,0.0,0.0,160.4,5.77,-0.43,-0.119,STRAIGHT,1.5,1.5,"CMD,-0.1,1.50",3.522,-0.033,2.466,-0.101,1,0.9747,0,NORMAL,59.743,0.029,1,1,1,1,1,129.5,87,3,dijkstra,graph,0.38293,0,,,,,,0,,,,188942,114703,1717
1102,190.59292459487915,2026-03-06T01:46:27.488313,103.22,0.0,10.16,22.05,10.23,0.0,0.0,169.27,5.77,-0.439,-0.43,STRAIGHT,1.5,1.5,"CMD,-0.4,1.50",1.989,-0.0111,1.901,-0.02,1,0.9654,0,NORMAL,59.448,0.085,1,1,1,1,1,205.2,121,4,dijkstra,fallback_centerline,0.38072,0,,,,,,0,,,,185189,114076,1874
1103,190.76381039619446,2026-03-06T01:46:27.659199,110.26,0.0,8.01,14.02,0.0,0.0,2.0,160.68,5.77,-0.156,-0.43,STRAIGHT,1.5,1.5,"CMD,-0.4,1.50",4.0,0.0099,2.146,0.023,1,0.9653,0,NORMAL,59.756,0.111,1,1,1,1,1,107.3,85,4,dijkstra,graph,0.38211,0,,,,,,0,,,,188595,114347,1724
1104,190.934246301651,2026-03-06T01:46:27.829634,113.32,0.0,10.5,16.38,0.0,0.0,0.0,154.41,5.79,0.032,-0.156,STRAIGHT,1.5,1.5,"CMD,-0.2,1.50",4.0,0.0099,2.146,0.023,1,0.9355,0,NORMAL,59.686,0.172,1,1,1,1,1,104.8,76,4,dijkstra,graph,0.37411,0,,,,,,0,,,,178226,111960,1745
1105,191.10173416137695,2026-03-06T01:46:27.997122,102.85,0.0,10.32,10.18,10.08,0.0,0.0,149.46,5.79,0.158,0.032,STRAIGHT,1.5,1.5,"CMD,0.0,1.50",4.0,0.0099,2.146,0.023,1,0.9538,0,NORMAL,59.93,0.213,1,1,1,1,2,92.3,78,4,dijkstra,graph,0.39099,0,,,,,,0,,,,181103,117056,1850
1106,191.27090311050415,2026-03-06T01:46:28.166291,112.37,0.0,6.01,16.02,2.0,0.0,0.0,158.93,5.8,0.242,0.158,STRAIGHT,1.5,1.5,"CMD,0.2,1.50",4.0,0.0099,2.146,0.023,1,0.9564,0,NORMAL,59.815,0.207,1,1,1,1,1,105.7,86,4,dijkstra,graph,0.38874,0,,,,,,0,,,,185361,116468,1915
1107,191.43404698371887,2026-03-06T01:46:28.329435,102.08,0.0,10.16,14.07,2.0,0.0,0.0,147.12,5.82,0.297,0.242,STRAIGHT,1.5,1.5,"CMD,0.2,1.50",4.0,0.0099,2.146,0.023,1,0.9751,0,NORMAL,60.05,0.252,1,1,1,1,1,104.8,75,5,dijkstra,graph,0.38378,0,,,,,,0,,,,183831,114974,1938
1108,191.60064673423767,2026-03-06T01:46:28.496035,100.15,0.0,10.4,20.27,2.0,0.0,0.0,146.84,5.83,0.335,0.297,STRAIGHT,1.5,1.5,"CMD,0.3,1.50",4.0,0.0099,2.146,0.023,1,0.9732,0,NORMAL,60.701,0.239,1,1,1,1,1,105.7,83,6,dijkstra,graph,0.39211,0,,,,,,0,,,,187396,117568,1870
1109,191.77056097984314,2026-03-06T01:46:28.665949,105.16,0.0,14.81,11.76,2.0,0.0,0.0,161.56,5.83,0.359,0.335,STRAIGHT,1.5,1.5,"CMD,0.3,1.50",4.0,0.0099,2.146,0.023,1,0.9629,0,NORMAL,60.892,0.184,1,1,1,1,2,114.0,62,5,dijkstra,graph,0.38202,0,,,,,,0,,,,188689,114400,1848
1110,191.94114685058594,2026-03-06T01:46:28.836535,116.55,0.0,0.0,10.07,0.0,0.0,0.0,152.56,5.83,0.365,0.359,STRAIGHT,1.5,1.5,"CMD,0.4,1.50",4.0,0.0091,2.237,0.023,1,0.9601,0,NORMAL,60.603,0.263,1,1,1,1,1,111.9,79,3,dijkstra,graph,0.39663,0,,,,,,0,,,,196444,118695,1749
1111,192.11623096466064,2026-03-06T01:46:29.011619,110.97,0.0,8.01,16.02,0.0,0.0,0.0,154.93,5.82,0.369,0.365,STRAIGHT,1.5,1.5,"CMD,0.4,1.50",4.0,0.0091,2.237,0.023,1,0.9885,0,NORMAL,61.261,0.255,1,1,1,1,1,111.9,79,4,dijkstra,graph,0.39669,0,,,,,,0,,,,197072,118804,1850
1112,192.28182077407837,2026-03-06T01:46:29.177209,107.93,0.0,6.01,16.02,0.0,0.0,0.0,147.57,5.84,0.377,0.369,STRAIGHT,1.5,1.5,"CMD,0.4,1.50",4.0,0.0095,2.192,0.023,1,0.9876,0,NORMAL,61.552,0.273,1,1,1,1,1,109.6,86,4,dijkstra,graph,0.39364,0,,,,,,0,,,,195607,117945,1904
1113,192.44793343544006,2026-03-06T01:46:29.343322,109.28,0.0,6.01,14.02,2.0,0.0,0.0,155.74,5.85,0.382,0.377,STRAIGHT,1.5,1.5,"CMD,0.4,1.50",4.0,0.0095,2.192,0.023,1,0.9851,0,NORMAL,61.27,0.267,1,1,1,1,1,109.6,76,5,dijkstra,graph,0.39818,0,,,,,,0,,,,197099,119106,1880
1114,192.61785793304443,2026-03-06T01:46:29.513246,111.33,0.0,6.01,16.34,0.0,0.0,0.0,151.9,5.86,0.385,0.382,STRAIGHT,1.5,1.5,"CMD,0.4,1.50",4.0,0.0095,2.192,0.023,1,0.9839,0,NORMAL,61.738,0.325,1,1,1,1,1,109.6,84,5,dijkstra,graph,0.39481,0,,,,,,0,,,,195405,118181,2034
1115,192.79041409492493,2026-03-06T01:46:29.685802,109.13,0.0,10.99,15.76,0.0,0.0,0.0,152.53,5.86,0.393,0.385,STRAIGHT,1.5,1.5,"CMD,0.4,1.50",4.0,0.0099,2.146,0.023,1,0.9853,0,NORMAL,62.006,0.322,1,1,1,1,1,107.3,75,5,dijkstra,graph,0.39099,0,,,,,,0,,,,193447,117049,1798
1116,192.96314764022827,2026-03-06T01:46:29.858536,115.27,0.0,8.01,16.03,0.0,0.0,0.0,156.71,5.86,0.404,0.393,STRAIGHT,1.5,1.5,"CMD,0.4,1.50",4.0,0.0104,2.1,0.023,1,0.9892,0,NORMAL,62.138,0.322,1,1,1,1,1,105.0,79,6,dijkstra,graph,0.38634,0,,,,,,0,,,,192438,115603,1842
1117,193.13365268707275,2026-03-06T01:46:30.029041,107.4,0.0,10.49,17.74,0.0,0.0,0.0,152.02,5.86,-0.137,0.393,STRAIGHT,1.5,1.5,"CMD,0.4,1.50",3.4,-0.0296,2.374,-0.083,1,0.9853,0,NORMAL,59.987,0.313,1,1,1,1,1,123.0,82,3,dijkstra,graph,0.38975,0,,,,,,0,,,,194863,116656,1800
1118,193.30947923660278,2026-03-06T01:46:30.204867,118.16,0.0,0.0,16.03,2.0,0.0,0.0,159.81,5.85,-0.642,-0.137,STRAIGHT,1.5,1.5,"CMD,-0.1,1.50",3.115,-0.04,2.374,-0.113,1,0.9856,0,NORMAL,60.73,0.387,1,1,1,1,1,124.2,74,4,dijkstra,graph,0.38936,0,,,,,,0,,,,193843,116457,1789
1119,193.47462439537048,2026-03-06T01:46:30.370013,115.15,0.0,0.0,12.07,0.0,0.0,0.0,148.94,5.87,-0.906,-0.642,STRAIGHT,1.5,1.5,"CMD,-0.6,1.50",3.246,-0.0348,2.374,-0.098,1,0.9868,0,NORMAL,60.608,0.371,1,1,1,1,1,125.1,87,4,dijkstra,graph,0.39529,0,,,,,,0,,,,196007,118396,1992
1120,193.64493703842163,2026-03-06T01:46:30.540325,103.01,0.0,10.42,18.2,0.0,0.0,0.0,150.09,5.87,-0.474,-0.642,STRAIGHT,1.5,1.5,"CMD,-0.6,1.50",4.0,0.0095,2.192,0.023,1,0.9885,0,NORMAL,58.86,0.344,1,1,1,1,1,109.6,77,4,dijkstra,graph,0.39585,0,,,,,,0,,,,196271,118696,1964
1121,193.8191168308258,2026-03-06T01:46:30.714505,111.26,0.0,12.75,5.75,10.37,0.0,0.0,158.16,5.87,-0.744,-0.744,STRAIGHT,1.5,1.5,"CMD,-0.7,1.50",3.46,-0.0312,2.42,-0.091,1,0.9845,0,NORMAL,57.836,0.306,1,1,1,1,2,125.5,71,4,dijkstra,graph,0.39289,0,,,,,,0,,,,194982,117634,1721
1122,193.98599410057068,2026-03-06T01:46:30.881382,110.38,0.0,0.0,14.03,2.0,0.0,0.0,156.67,5.87,-0.365,-0.474,STRAIGHT,1.5,1.5,"CMD,-0.5,1.50",4.0,0.0095,2.192,0.023,1,0.9814,0,NORMAL,58.921,0.242,1,1,1,1,1,109.6,77,4,dijkstra,graph,0.38341,0,,,,,,0,,,,193519,114679,1749
1123,194.14195799827576,2026-03-06T01:46:31.037346,93.34,0.0,12.24,16.02,0.0,0.0,0.0,139.94,5.88,-0.107,-0.365,STRAIGHT,1.5,1.5,"CMD,-0.4,1.50",4.0,0.0099,2.146,0.023,1,0.989,0,NORMAL,59.515,0.234,1,1,1,1,1,107.3,88,4,dijkstra,graph,0.38256,0,,,,,,0,,,,193586,114407,1840
1124,194.310861825943,2026-03-06T01:46:31.206250,112.83,0.0,6.01,16.02,0.0,0.0,0.0,152.88,5.88,0.071,-0.107,STRAIGHT,1.5,1.5,"CMD,-0.1,1.50",4.0,0.0104,2.1,0.023,1,0.9832,0,NORMAL,60.429,0.197,1,1,1,1,1,105.0,86,4,dijkstra,graph,0.3761,0,,,,,,0,,,,191595,112635,2075
1125,194.477618932724,2026-03-06T01:46:31.373007,110.68,0.0,6.01,14.02,2.0,0.0,0.0,150.74,5.88,0.184,0.071,STRAIGHT,1.5,1.5,"CMD,0.1,1.50",4.0,0.0099,2.146,0.023,1,0.9858,0,NORMAL,60.192,0.254,1,1,1,1,1,107.3,76,5,dijkstra,graph,0.38031,0,,,,,,0,,,,193261,113863,2031
1126,194.64261841773987,2026-03-06T01:46:31.538007,111.14,0.0,8.01,15.8,0.0,0.0,0.0,148.98,5.89,-0.204,0.071,STRAIGHT,1.5,1.5,"CMD,0.1,1.50",3.498,-0.0237,2.329,-0.064,1,0.9849,0,NORMAL,61.472,0.231,1,1,1,1,1,121.3,74,5,dijkstra,graph,0.37835,0,,,,,,0,,,,192498,113250,1875
1127,194.81679773330688,2026-03-06T01:46:31.712186,113.01,0.0,8.01,14.02,0.0,0.0,0.0,156.16,5.88,-0.386,-0.204,STRAIGHT,1.5,1.5,"CMD,-0.2,1.50",3.824,-0.0182,2.374,-0.051,1,0.9772,0,NORMAL,62.077,0.233,1,1,1,1,1,122.3,75,4,dijkstra,graph,0.38488,0,,,,,,0,,,,194955,115390,1820
1128,194.9860019683838,2026-03-06T01:46:31.881390,112.76,0.0,8.38,16.02,0.0,0.0,0.0,153.18,5.89,-0.132,-0.204,STRAIGHT,1.5,1.5,"CMD,-0.2,1.50",4.0,0.0091,2.237,0.023,1,0.9796,0,NORMAL,62.559,0.245,1,1,1,1,1,111.9,85,5,dijkstra,graph,0.37888,0,,,,,,0,,,,194485,113536,2044
1129,195.15629386901855,2026-03-06T01:46:32.051682,110.35,0.0,5.88,18.02,0.0,0.0,0.0,152.27,5.88,0.048,-0.132,STRAIGHT,1.5,1.5,"CMD,-0.1,1.50",4.0,0.0099,2.146,0.023,1,0.9734,0,NORMAL,63.425,0.236,1,1,1,1,1,107.3,83,5,dijkstra,graph,0.37019,0,,,,,,0,,,,190612,110862,1959
1130,195.32790565490723,2026-03-06T01:46:32.223294,114.96,0.0,6.01,12.02,0.0,0.0,2.0,155.59,5.9,-0.279,-0.132,STRAIGHT,1.5,1.5,"CMD,-0.1,1.50",3.641,-0.0227,2.374,-0.064,1,0.9718,0,NORMAL,64.031,0.215,1,1,1,1,1,121.2,51,3,dijkstra,graph,0.37095,0,,,,,,0,,,,187689,111012,1513
1131,195.4984312057495,2026-03-06T01:46:32.393820,112.41,0.0,8.01,14.02,2.0,0.0,0.0,150.5,5.91,-0.038,-0.038,STRAIGHT,1.5,1.5,"CMD,-0.0,1.50",4.0,0.0108,2.055,0.023,1,0.9709,0,NORMAL,65.541,0.186,1,1,1,1,1,102.7,55,4,dijkstra,graph,0.35659,0,,,,,,0,,,,186181,106658,1615
1132,195.66103053092957,2026-03-06T01:46:32.556419,107.27,0.0,6.01,12.16,0.0,0.0,0.0,142.57,5.92,0.124,-0.038,STRAIGHT,1.5,1.5,"CMD,-0.0,1.50",4.0,0.0108,2.055,0.023,1,0.9684,0,NORMAL,66.484,0.12,1,1,1,1,1,102.7,48,6,dijkstra,graph,0.3506,0,,,,,,0,,,,185694,104997,1649
1133,195.8283531665802,2026-03-06T01:46:32.723741,113.12,0.0,6.01,14.02,0.0,0.0,0.0,151.16,5.93,-0.127,-0.038,STRAIGHT,1.5,1.5,"CMD,-0.0,1.50",3.857,-0.0152,2.329,-0.041,1,0.9664,0,NORMAL,65.118,0.245,1,1,1,1,1,119.9,60,4,dijkstra,graph,0.36459,0,,,,,,0,,,,189540,109046,1594
1134,195.99843978881836,2026-03-06T01:46:32.893828,113.63,0.0,4.0,12.02,2.0,0.0,0.0,156.07,5.92,0.052,0.052,STRAIGHT,1.5,1.5,"CMD,0.1,1.50",4.0,0.0099,2.146,0.023,1,0.9787,0,NORMAL,65.696,0.288,1,1,1,1,1,107.3,61,5,dijkstra,graph,0.37132,0,,,,,,0,,,,191356,111167,1832
1135,196.15701985359192,2026-03-06T01:46:33.052408,105.04,0.0,10.37,10.4,0.0,0.0,0.0,140.56,5.94,0.171,0.052,STRAIGHT,1.5,1.5,"CMD,0.1,1.50",4.0,0.0099,2.146,0.023,1,0.9848,0,NORMAL,65.996,0.27,1,1,1,1,1,107.3,60,4,dijkstra,graph,0.36855,0,,,,,,0,,,,190841,110369,1732
1136,196.3276379108429,2026-03-06T01:46:33.223026,112.29,0.0,8.01,14.02,0.0,0.0,0.0,150.4,5.93,0.25,0.171,STRAIGHT,1.5,1.5,"CMD,0.2,1.50",4.0,0.0099,2.146,0.023,1,0.98,0,NORMAL,66.218,0.286,1,1,1,1,1,107.3,59,4,dijkstra,graph,0.36554,0,,,,,,0,,,,189106,109379,1737
1137,196.49115633964539,2026-03-06T01:46:33.386544,108.58,0.0,7.75,14.02,2.0,0.0,0.0,153.02,5.93,0.303,0.25,STRAIGHT,1.5,1.5,"CMD,0.3,1.50",4.0,0.0099,2.146,0.023,1,0.9759,0,NORMAL,66.126,0.316,1,1,1,1,1,107.3,73,4,dijkstra,graph,0.3706,0,,,,,,0,,,,191294,110923,1769
1138,196.6608374118805,2026-03-06T01:46:33.556226,105.16,0.0,10.32,15.09,0.0,0.0,0.0,151.66,5.93,0.344,0.303,STRAIGHT,1.5,1.5,"CMD,0.3,1.50",4.0,0.0104,2.1,0.023,1,0.9742,0,NORMAL,66.058,0.284,1,1,1,1,1,105.0,71,4,dijkstra,graph,0.36498,0,,,,,,0,,,,190862,109160,1852
1139,196.82210397720337,2026-03-06T01:46:33.717492,99.07,0.0,10.05,17.63,2.0,0.0,0.0,150.81,5.94,0.075,0.303,STRAIGHT,1.5,1.5,"CMD,0.3,1.50",4.0,-0.0112,2.374,-0.032,1,0.962,0,NORMAL,65.745,0.348,1,1,1,1,1,120.4,74,3,dijkstra,graph,0.37692,0,,,,,,0,,,,196233,112763,1860
1140,196.99832892417908,2026-03-06T01:46:33.893717,112.52,0.0,6.25,22.32,2.0,0.0,0.0,160.2,5.94,0.161,0.161,STRAIGHT,1.5,1.5,"CMD,0.2,1.50",4.0,0.0081,2.374,0.023,1,0.9576,0,NORMAL,65.493,0.386,1,1,1,1,1,118.7,86,3,dijkstra,graph,0.38973,0,,,,,,0,,,,200800,116622,1805
1141,197.16683292388916,2026-03-06T01:46:34.062221,108.05,0.0,6.01,18.4,0.0,0.0,0.0,150.48,5.94,0.112,0.112,STRAIGHT,1.5,1.5,"CMD,0.1,1.50",4.0,0.0003,2.42,0.001,1,0.9667,0,NORMAL,66.208,0.4,1,1,1,1,1,121.7,82,3,dijkstra,graph,0.37983,0,,,,,,0,,,,196181,113571,1730
1142,197.33547925949097,2026-03-06T01:46:34.230867,106.82,0.0,6.01,16.02,2.0,0.0,0.0,148.88,5.93,0.211,0.161,STRAIGHT,1.5,1.5,"CMD,0.2,1.50",4.0,0.0099,2.146,0.023,1,0.9694,0,NORMAL,66.807,0.382,1,1,1,1,1,107.3,94,4,dijkstra,graph,0.37064,0,,,,,,0,,,,191402,110834,1885
1143,197.50039148330688,2026-03-06T01:46:34.395780,100.25,0.0,16.47,16.02,0.0,0.0,0.0,154.9,5.94,0.271,0.211,STRAIGHT,1.5,1.5,"CMD,0.2,1.50",4.0,0.0095,2.192,0.023,1,0.9797,0,NORMAL,66.942,0.412,1,1,1,1,1,109.6,95,3,dijkstra,graph,0.37459,0,,,,,,0,,,,191482,112105,1927
1144,197.65914511680603,2026-03-06T01:46:34.554533,104.9,0.0,0.0,10.36,0.0,0.0,0.0,140.73,5.96,0.185,0.211,STRAIGHT,1.5,1.5,"CMD,0.2,1.50",4.0,0.0003,2.42,0.001,1,0.9722,0,NORMAL,66.9,0.395,1,1,1,1,1,121.7,88,3,dijkstra,graph,0.38599,0,,,,,,0,,,,193493,115605,1730
1145,197.82673978805542,2026-03-06T01:46:34.722128,105.84,0.0,8.01,14.02,2.0,0.0,0.0,147.12,5.96,0.239,0.239,STRAIGHT,1.5,1.5,"CMD,0.2,1.50",4.0,0.0084,2.329,0.023,1,0.9817,0,NORMAL,66.726,0.447,1,1,1,1,1,116.4,75,2,dijkstra,graph,0.38277,0,,,,,,0,,,,191684,114585,1589
1146,197.99878644943237,2026-03-06T01:46:34.894175,113.97,0.0,8.01,16.02,2.0,0.0,0.0,156.03,5.96,-0.004,0.185,STRAIGHT,1.5,1.5,"CMD,0.2,1.50",3.712,-0.0119,3.708,-0.082,1,0.9844,0,NORMAL,66.868,0.493,1,1,1,1,2,222.4,82,2,dijkstra,graph,0.38302,0,,,,,,0,,,,193114,114672,1669
1147,198.17163515090942,2026-03-06T01:46:35.067023,112.32,0.0,0.0,16.02,0.0,0.0,2.0,156.83,5.96,0.128,0.128,STRAIGHT,1.5,1.5,"CMD,0.1,1.50",4.0,0.0095,2.192,0.023,1,0.9809,0,NORMAL,66.719,0.525,1,1,1,1,1,109.6,89,3,dijkstra,graph,0.37791,0,,,,,,0,,,,190870,113157,1837
1148,198.3425509929657,2026-03-06T01:46:35.237939,114.43,0.0,0.0,14.02,2.0,0.0,0.0,158.9,5.96,0.211,0.128,STRAIGHT,1.5,1.5,"CMD,0.1,1.50",4.0,0.0091,2.237,0.023,1,0.9788,0,NORMAL,67.121,0.548,1,1,1,1,1,111.9,84,3,dijkstra,graph,0.38221,0,,,,,,0,,,,193523,114517,1800
1149,198.5130136013031,2026-03-06T01:46:35.408402,116.08,0.0,6.01,14.02,2.0,0.0,0.0,156.27,5.96,-0.057,0.128,STRAIGHT,1.5,1.5,"CMD,0.1,1.50",4.0,-0.0143,2.42,-0.042,1,0.9831,0,NORMAL,65.33,0.553,1,1,1,1,2,124.4,79,2,dijkstra,graph,0.39012,0,,,,,,0,,,,195059,116852,1714
1150,198.6742091178894,2026-03-06T01:46:35.569597,97.21,0.0,10.39,16.02,0.0,0.0,0.0,143.17,5.98,-0.288,-0.057,STRAIGHT,1.5,1.5,"CMD,-0.1,1.50",3.824,-0.0182,2.374,-0.051,1,0.9756,0,NORMAL,65.899,0.561,1,1,1,1,1,122.3,94,2,dijkstra,graph,0.37955,0,,,,,,0,,,,191203,113525,1724
1151,198.8422360420227,2026-03-06T01:46:35.737624,113.96,0.0,6.01,14.02,0.0,0.0,2.0,154.01,5.97,-0.067,-0.067,STRAIGHT,1.5,1.5,"CMD,-0.1,1.50",4.0,0.0091,2.237,0.023,1,0.988,0,NORMAL,66.34,0.584,1,1,1,1,1,111.9,83,2,dijkstra,graph,0.37775,0,,,,,,0,,,,190522,113018,1683
1152,199.0148606300354,2026-03-06T01:46:35.910249,116.09,0.0,6.01,16.02,2.0,0.0,0.0,156.6,5.95,-0.451,-0.288,STRAIGHT,1.5,1.5,"CMD,-0.3,1.50",3.4,-0.0296,2.374,-0.083,1,0.9833,0,NORMAL,66.694,0.598,1,1,1,1,2,123.0,86,2,dijkstra,graph,0.37719,0,,,,,,0,,,,190469,112833,1695
1153,199.18257856369019,2026-03-06T01:46:36.077967,105.21,0.0,12.44,16.02,0.0,0.0,0.0,149.69,5.95,-0.551,-0.451,STRAIGHT,1.5,1.5,"CMD,-0.5,1.50",3.824,-0.0182,2.374,-0.051,1,0.979,0,NORMAL,66.831,0.639,1,1,1,1,1,122.3,86,2,dijkstra,graph,0.38054,0,,,,,,0,,,,189465,113906,1747
1154,199.34564685821533,2026-03-06T01:46:36.241035,106.48,0.0,8.01,16.02,0.0,0.0,0.0,152.9,5.96,-0.618,-0.551,STRAIGHT,1.5,1.5,"CMD,-0.6,1.50",3.824,-0.0182,2.374,-0.051,1,0.9743,0,NORMAL,67.591,0.563,1,1,1,1,1,122.3,88,2,dijkstra,graph,0.37048,0,,,,,,0,,,,187774,110948,1732
1155,199.5110421180725,2026-03-06T01:46:36.406430,113.01,0.0,6.01,14.02,0.0,0.0,0.0,149.38,5.96,-0.818,-0.618,STRAIGHT,1.5,1.5,"CMD,-0.6,1.50",3.4,-0.0296,2.374,-0.083,1,0.9814,0,NORMAL,66.759,0.58,1,1,1,1,1,123.0,70,2,dijkstra,graph,0.37153,0,,,,,,0,,,,187328,111297,1542
1156,199.6922323703766,2026-03-06T01:46:36.587620,109.09,0.0,6.01,20.03,12.01,0.0,0.0,165.17,5.95,-0.292,-0.618,STRAIGHT,1.5,1.5,"CMD,-0.6,1.50",2.283,0.0185,2.235,0.046,1,0.9688,0,NORMAL,60.662,0.561,1,1,1,1,1,224.7,136,4,dijkstra,fallback_centerline,0.37376,0,,,,,,0,,,,185909,112083,1882
1157,199.8746120929718,2026-03-06T01:46:36.770000,101.59,0.0,12.34,20.03,10.01,0.0,0.0,161.49,5.93,1.307,-0.292,STRAIGHT,1.5,1.5,"CMD,-0.3,1.50",2.014,0.1094,1.935,0.207,1,0.9433,0,NORMAL,61.443,0.576,1,1,1,1,1,220.4,134,3,dijkstra,fallback_centerline,0.36502,0,,,,,,0,,,,181811,109324,1806
1158,200.04208755493164,2026-03-06T01:46:36.937476,114.26,0.0,4.01,16.2,0.0,0.0,0.0,151.05,5.94,0.621,0.621,STRAIGHT,1.5,1.5,"CMD,0.6,1.50",3.824,-0.0182,2.374,-0.051,1,0.9465,0,NORMAL,58.557,0.63,1,1,1,1,1,122.3,91,2,dijkstra,graph,0.37428,0,,,,,,0,,,,188681,112038,1641
1159,200.22165417671204,2026-03-06T01:46:37.117042,114.33,0.0,6.01,14.02,0.0,0.0,0.0,159.16,5.93,0.164,0.621,STRAIGHT,1.5,1.5,"CMD,0.6,1.50",3.824,-0.0182,2.374,-0.051,1,0.9796,0,NORMAL,59.89,0.536,1,1,1,1,2,122.3,64,2,dijkstra,graph,0.36618,0,,,,,,0,,,,186511,109571,1466
1160,200.38551998138428,2026-03-06T01:46:37.280908,99.19,0.0,14.71,15.76,0.0,0.0,0.0,151.72,5.93,-0.1,0.164,STRAIGHT,1.5,1.5,"CMD,0.2,1.50",3.859,-0.0152,2.329,-0.041,1,0.9881,0,NORMAL,59.972,0.551,1,1,1,1,1,119.9,83,2,dijkstra,graph,0.36725,0,,,,,,0,,,,187169,110036,1570
1161,200.5524706840515,2026-03-06T01:46:37.447859,110.88,0.0,6.01,16.02,0.0,0.0,0.0,150.93,5.93,0.064,0.064,STRAIGHT,1.5,1.5,"CMD,0.1,1.50",4.0,0.0095,2.192,0.023,1,0.9833,0,NORMAL,59.963,0.461,1,1,1,1,1,109.6,87,3,dijkstra,graph,0.37597,0,,,,,,0,,,,189549,112407,1712
1162,200.7228980064392,2026-03-06T01:46:37.618286,103.83,0.0,10.42,24.13,0.0,0.0,0.0,152.4,5.92,0.168,0.064,STRAIGHT,1.5,1.5,"CMD,0.1,1.50",4.0,0.0091,2.237,0.023,1,0.9873,0,NORMAL,60.007,0.469,1,1,1,1,1,111.9,105,3,dijkstra,graph,0.38419,0,,,,,,0,,,,191778,114970,1920
1163,200.88465332984924,2026-03-06T01:46:37.780042,102.14,0.0,0.0,14.32,0.0,0.0,0.0,143.73,5.94,0.243,0.168,STRAIGHT,1.5,1.5,"CMD,0.2,1.50",4.0,0.0095,2.192,0.023,1,0.9844,0,NORMAL,60.228,0.39,1,1,1,1,1,109.6,77,3,dijkstra,graph,0.38211,0,,,,,,0,,,,191037,114318,1698
1164,201.05717039108276,2026-03-06T01:46:37.952559,108.35,0.0,8.11,22.44,2.0,0.0,0.0,156.5,5.92,0.287,0.243,STRAIGHT,1.5,1.5,"CMD,0.2,1.50",4.0,0.0091,2.237,0.023,1,0.9789,0,NORMAL,60.02,0.413,1,1,1,1,1,111.9,96,3,dijkstra,graph,0.39581,0,,,,,,0,,,,194930,118568,1938
1165,201.21841073036194,2026-03-06T01:46:38.113799,106.6,0.0,6.01,14.02,2.0,0.0,0.0,145.22,5.93,-0.059,0.243,STRAIGHT,1.5,1.5,"CMD,0.2,1.50",3.824,-0.0182,2.374,-0.051,1,0.9808,0,NORMAL,59.45,0.372,1,1,1,1,1,122.3,77,2,dijkstra,graph,0.3856,0,,,,,,0,,,,191468,115352,1665
1166,201.38212537765503,2026-03-06T01:46:38.277514,105.41,0.0,8.31,15.77,0.0,0.0,0.0,147.69,5.93,0.086,0.086,STRAIGHT,1.5,1.5,"CMD,0.1,1.50",4.0,0.0091,2.237,0.023,1,0.9861,0,NORMAL,59.676,0.321,1,1,1,1,1,111.9,78,3,dijkstra,graph,0.39211,0,,,,,,0,,,,192933,117351,1814
1167,201.55108785629272,2026-03-06T01:46:38.446476,114.88,0.0,6.01,14.02,0.0,0.0,0.0,150.93,5.93,-0.254,-0.059,STRAIGHT,1.5,1.5,"CMD,-0.1,1.50",3.641,-0.0227,2.374,-0.064,1,0.9907,0,NORMAL,59.675,0.297,1,1,1,1,1,121.2,66,3,dijkstra,graph,0.38564,0,,,,,,0,,,,191884,115503,1627
1168,201.7241530418396,2026-03-06T01:46:38.619541,102.84,0.0,12.09,23.79,0.0,0.0,0.0,157.04,5.92,-0.329,-0.254,STRAIGHT,1.5,1.5,"CMD,-0.3,1.50",4.0,-0.0116,3.991,-0.092,1,0.9681,0,NORMAL,58.526,0.31,1,1,1,1,1,221.5,148,2,dijkstra,graph,0.39114,0,,,,,,0,,,,192184,117032,1899
1169,201.89765405654907,2026-03-06T01:46:38.793042,110.95,0.0,10.25,16.26,2.0,0.0,0.0,155.48,5.92,-0.108,-0.254,STRAIGHT,1.5,1.5,"CMD,-0.3,1.50",4.0,0.0081,2.374,0.023,1,0.9619,0,NORMAL,58.248,0.252,1,1,1,1,1,118.7,87,2,dijkstra,graph,0.39267,0,,,,,,0,,,,193022,117647,1641
1170,202.06097221374512,2026-03-06T01:46:38.956360,113.1,0.0,8.01,10.07,0.0,0.0,0.0,151.26,5.93,0.044,-0.108,STRAIGHT,1.5,1.5,"CMD,-0.1,1.50",4.0,0.0084,2.329,0.023,1,0.9737,0,NORMAL,58.958,0.283,1,1,1,1,1,116.4,91,4,dijkstra,graph,0.40715,0,,,,,,0,,,,197061,122002,2105
1171,202.24743103981018,2026-03-06T01:46:39.142819,105.19,0.0,10.26,22.51,2.0,0.0,0.0,155.88,5.9,0.141,0.044,STRAIGHT,1.5,1.5,"CMD,0.0,1.50",4.0,0.0081,2.374,0.023,1,0.982,0,NORMAL,59.702,0.088,1,1,1,1,1,118.7,78,3,dijkstra,graph,0.39488,0,,,,,,0,,,,196701,118184,1709
1172,202.42151951789856,2026-03-06T01:46:39.316908,105.79,0.0,10.39,24.02,2.0,0.0,0.0,158.07,5.89,0.205,0.141,STRAIGHT,1.5,1.5,"CMD,0.1,1.50",4.0,0.0081,2.374,0.023,1,0.9839,0,NORMAL,59.334,0.066,1,1,1,1,1,118.7,107,4,dijkstra,graph,0.40855,0,,,,,,0,,,,197424,122251,2056
1173,202.60092997550964,2026-03-06T01:46:39.496318,111.22,0.0,6.01,22.3,2.0,0.0,0.0,159.56,5.87,0.248,0.205,STRAIGHT,1.5,1.5,"CMD,0.2,1.50",4.0,0.0081,2.374,0.023,1,0.9893,0,NORMAL,59.626,0.065,1,1,1,1,1,118.7,108,5,dijkstra,graph,0.41626,0,,,,,,0,,,,198697,124574,2209
1174,202.7802278995514,2026-03-06T01:46:39.675616,110.64,0.0,0.0,18.03,0.0,0.0,0.0,155.27,5.86,0.277,0.248,STRAIGHT,1.5,1.5,"CMD,0.2,1.50",4.0,0.0081,2.374,0.023,1,0.9867,0,NORMAL,59.921,0.061,1,1,1,1,1,118.7,100,8,dijkstra,graph,0.42926,0,,,,,,0,,,,199929,128430,2483
1175,202.9571168422699,2026-03-06T01:46:39.852505,114.31,0.0,6.76,19.77,0.0,0.0,2.0,160.87,5.85,0.296,0.277,STRAIGHT,1.5,1.5,"CMD,0.3,1.50",4.0,0.0081,2.374,0.023,1,0.9894,0,NORMAL,59.857,-0.016,1,1,1,1,1,118.7,103,7,dijkstra,graph,0.43217,0,,,,,,0,,,,200791,129371,2485
1176,203.14674377441406,2026-03-06T01:46:40.042132,129.44,0.0,6.01,24.14,0.0,0.0,0.0,173.61,5.83,0.309,0.296,STRAIGHT,1.5,1.5,"CMD,0.3,1.50",4.0,0.0081,2.374,0.023,1,0.9867,0,NORMAL,59.821,-0.014,1,1,1,1,1,118.7,126,8,dijkstra,graph,0.42944,0,,,,,,0,,,,200183,128463,2665
1177,203.32640886306763,2026-03-06T01:46:40.221797,118.58,0.0,7.01,18.03,2.0,0.0,0.0,161.64,5.82,0.317,0.309,STRAIGHT,1.5,1.5,"CMD,0.3,1.50",4.0,0.0081,2.374,0.023,1,0.9822,0,NORMAL,60.962,-0.104,1,1,1,1,1,118.7,113,7,dijkstra,graph,0.42521,0,,,,,,0,,,,198448,127204,2420
1178,203.50706219673157,2026-03-06T01:46:40.402450,110.27,0.0,8.01,22.22,2.0,0.0,0.0,162.63,5.81,0.323,0.317,STRAIGHT,1.5,1.5,"CMD,0.3,1.50",4.0,0.0081,2.374,0.023,1,0.9857,0,NORMAL,60.607,-0.114,1,1,1,1,1,118.7,133,7,dijkstra,graph,0.4419,0,,,,,,0,,,,200230,132244,2786
1179,203.6741099357605,2026-03-06T01:46:40.569498,104.76,0.0,6.01,22.03,0.0,0.0,0.0,151.03,5.8,0.327,0.323,STRAIGHT,1.5,1.5,"CMD,0.3,1.50",4.0,0.0081,2.374,0.023,1,0.9822,0,NORMAL,60.337,-0.142,1,1,1,1,1,118.7,129,5,dijkstra,graph,0.42374,0,,,,,,0,,,,198780,126874,2370
1180,203.85260677337646,2026-03-06T01:46:40.747995,114.48,0.0,8.01,17.52,2.0,0.0,0.0,160.47,5.79,0.329,0.327,STRAIGHT,1.5,1.5,"CMD,0.3,1.50",4.0,0.0081,2.374,0.023,1,0.9818,0,NORMAL,61.202,-0.137,1,1,1,1,1,118.7,97,7,dijkstra,graph,0.43959,0,,,,,,0,,,,201315,131476,2557
1181,204.02587509155273,2026-03-06T01:46:40.921263,111.86,0.0,0.0,28.04,0.0,0.0,0.0,155.24,5.79,0.331,0.329,STRAIGHT,1.5,1.5,"CMD,0.3,1.50",4.0,0.0081,2.374,0.023,1,0.9779,0,NORMAL,61.644,-0.164,1,1,1,1,1,118.7,111,6,dijkstra,graph,0.42812,0,,,,,,0,,,,200444,128037,2461
1182,204.1981086730957,2026-03-06T01:46:41.093497,113.72,0.0,6.01,16.02,2.0,0.0,0.0,154.21,5.78,0.332,0.331,STRAIGHT,1.5,1.5,"CMD,0.3,1.50",4.0,0.0081,2.374,0.023,1,0.9733,0,NORMAL,62.339,-0.342,1,1,1,1,1,118.7,90,4,dijkstra,graph,0.42781,0,,,,,,0,,,,199704,128135,2049
1183,204.36863899230957,2026-03-06T01:46:41.264027,114.28,0.0,6.01,14.02,0.0,0.0,0.0,150.5,5.77,0.333,0.332,STRAIGHT,1.5,1.5,"CMD,0.3,1.50",4.0,0.0081,2.374,0.023,1,0.981,0,NORMAL,63.786,-0.303,1,1,1,1,1,118.7,73,2,dijkstra,graph,0.41145,0,,,,,,0,,,,198606,123226,1638
1184,204.54517483711243,2026-03-06T01:46:41.440563,113.95,0.0,6.21,19.77,0.0,0.0,0.0,156.51,5.76,0.333,0.333,STRAIGHT,1.5,1.5,"CMD,0.3,1.50",4.0,0.0081,2.374,0.023,1,0.9791,0,NORMAL,62.534,-0.42,1,1,1,1,1,118.7,127,5,dijkstra,graph,0.4345,0,,,,,,0,,,,201459,130037,2566
1185,204.7133252620697,2026-03-06T01:46:41.608713,114.08,0.0,6.01,14.02,0.0,0.0,0.0,152.13,5.78,0.334,0.333,STRAIGHT,1.5,1.5,"CMD,0.3,1.50",4.0,0.0081,2.374,0.023,1,0.9727,0,NORMAL,63.151,-0.406,1,1,1,1,1,118.7,126,9,dijkstra,graph,0.46105,0,,,,,,0,,,,199866,138043,3031
1186,204.8997995853424,2026-03-06T01:46:41.795188,111.6,0.0,12.27,18.02,2.0,0.0,0.0,166.25,5.77,0.334,0.334,STRAIGHT,1.5,1.5,"CMD,0.3,1.50",4.0,0.0081,2.374,0.023,1,0.9816,0,NORMAL,63.054,-0.392,1,1,1,1,1,118.7,113,6,dijkstra,graph,0.45256,0,,,,,,0,,,,199998,135516,2573
1187,205.08297562599182,2026-03-06T01:46:41.978364,112.6,0.0,10.19,24.33,0.0,0.0,0.0,161.15,5.76,0.334,0.334,STRAIGHT,1.5,1.5,"CMD,0.3,1.50",4.0,0.0081,2.374,0.023,1,0.9836,0,NORMAL,63.291,-0.417,1,1,1,1,1,118.7,133,10,dijkstra,graph,0.46,0,,,,,,0,,,,201391,137673,2951
1188,205.2585244178772,2026-03-06T01:46:42.153913,111.68,0.0,10.06,20.38,0.0,0.0,0.0,157.53,5.76,0.334,0.334,STRAIGHT,1.5,1.5,"CMD,0.3,1.50",4.0,0.0081,2.374,0.023,1,0.9801,0,NORMAL,62.964,-0.398,1,1,1,1,1,118.7,126,13,dijkstra,graph,0.46659,0,,,,,,0,,,,203956,139725,3217
1189,205.43093061447144,2026-03-06T01:46:42.326319,109.66,0.0,6.01,18.13,0.0,0.0,0.0,152.41,5.75,0.334,0.334,STRAIGHT,1.5,1.5,"CMD,0.3,1.50",4.0,0.0081,2.374,0.023,1,0.9819,0,NORMAL,63.592,-0.406,1,1,1,1,1,118.7,111,10,dijkstra,graph,0.4639,0,,,,,,0,,,,202387,138932,3096
1190,205.61650824546814,2026-03-06T01:46:42.511896,114.93,0.0,8.01,22.03,2.0,0.0,0.0,164.87,5.73,0.334,0.334,STRAIGHT,1.5,1.5,"CMD,0.3,1.50",4.0,0.0081,2.374,0.023,1,0.9833,0,NORMAL,63.38,-0.394,1,1,1,1,1,118.7,148,11,dijkstra,graph,0.4668,0,,,,,,0,,,,201694,139597,3240
1191,205.79956722259521,2026-03-06T01:46:42.694955,115.47,0.0,7.51,22.03,0.0,0.0,0.0,163.03,5.71,0.33,0.334,STRAIGHT,1.5,1.5,"CMD,0.3,1.50",4.0,0.0078,2.42,0.023,1,0.9818,0,NORMAL,63.018,-0.436,1,1,1,1,1,121.0,135,10,dijkstra,graph,0.46535,0,,,,,,0,,,,200935,139267,3270
1192,205.97967767715454,2026-03-06T01:46:42.875066,115.04,0.0,6.93,19.77,2.0,0.0,0.0,162.09,5.69,0.327,0.33,STRAIGHT,1.5,1.5,"CMD,0.3,1.50",4.0,0.0078,2.42,0.023,1,0.966,0,NORMAL,62.907,-0.482,1,1,1,1,1,121.0,118,6,dijkstra,graph,0.44085,0,,,,,,0,,,,202086,131894,2282
1193,206.16704678535461,2026-03-06T01:46:43.062435,120.6,0.0,6.01,24.69,0.0,0.0,0.0,169.32,5.68,0.325,0.327,STRAIGHT,1.5,1.5,"CMD,0.3,1.50",4.0,0.0078,2.42,0.023,1,0.96,0,NORMAL,64.5,-0.601,1,1,1,1,1,121.0,172,12,dijkstra,graph,0.47806,0,,,,,,0,,,,204735,142851,3582
1194,206.35220623016357,2026-03-06T01:46:43.247594,113.71,0.0,10.41,20.3,2.0,0.0,0.0,164.71,5.65,0.328,0.327,STRAIGHT,1.5,1.5,"CMD,0.3,1.50",4.0,0.0081,2.374,0.023,1,0.9683,0,NORMAL,63.875,-0.522,1,1,1,1,1,118.7,107,3,dijkstra,graph,0.43068,0,,,,,,0,,,,200944,128818,2048
1195,206.53252744674683,2026-03-06T01:46:43.427916,117.95,0.0,0.0,30.32,0.0,0.0,0.0,164.3,5.63,0.335,0.328,STRAIGHT,1.5,1.5,"CMD,0.3,1.50",4.0,0.0084,2.329,0.023,1,0.9731,0,NORMAL,63.894,-0.555,1,1,1,1,1,116.4,166,10,dijkstra,graph,0.46853,0,,,,,,0,,,,201825,140263,3239
1196,206.73099327087402,2026-03-06T01:46:43.626381,117.16,0.0,10.55,30.21,2.0,0.0,0.0,177.97,5.6,0.344,0.335,STRAIGHT,1.5,1.5,"CMD,0.3,1.50",4.0,0.0088,2.283,0.023,1,0.9819,0,NORMAL,64.598,-0.582,1,1,1,1,1,114.2,244,11,dijkstra,graph,0.47618,0,,,,,,0,,,,203575,142587,3907
1197,206.92517566680908,2026-03-06T01:46:43.820564,119.66,0.0,8.01,34.21,0.0,0.0,0.0,179.8,5.58,0.349,0.344,STRAIGHT,1.5,1.5,"CMD,0.3,1.50",4.0,0.0088,2.283,0.023,1,0.9674,0,NORMAL,61.739,-0.48,1,1,1,1,1,114.2,215,12,dijkstra,graph,0.47955,0,,,,,,0,,,,206738,143386,3990
1198,207.11233568191528,2026-03-06T01:46:44.007724,114.68,0.0,8.01,28.04,2.0,0.0,0.0,170.4,5.56,0.358,0.349,STRAIGHT,1.5,1.5,"CMD,0.3,1.50",4.0,0.0091,2.237,0.023,1,0.9774,0,NORMAL,61.157,-0.394,1,1,1,1,1,111.9,167,8,dijkstra,graph,0.45558,0,,,,,,0,,,,206428,136160,3299
1199,207.2995707988739,2026-03-06T01:46:44.194959,115.23,0.0,10.93,22.89,2.0,0.0,0.0,166.77,5.54,0.364,0.358,STRAIGHT,1.5,1.5,"CMD,0.4,1.50",4.0,0.0091,2.237,0.023,1,0.9803,0,NORMAL,60.492,-0.36,1,1,1,1,1,111.9,145,6,dijkstra,graph,0.47287,0,,,,,,0,,,,209668,141287,3298
1200,207.48686814308167,2026-03-06T01:46:44.382256,119.35,0.0,10.07,23.83,0.0,0.0,0.0,171.28,5.53,0.374,0.364,STRAIGHT,1.5,1.5,"CMD,0.4,1.50",4.0,0.0095,2.192,0.023,1,0.9747,0,NORMAL,59.87,-0.352,1,1,1,1,1,109.6,142,7,dijkstra,graph,0.46215,0,,,,,,0,,,,211408,138151,3086
1201,207.6751058101654,2026-03-06T01:46:44.570494,118.98,0.0,5.15,27.0,0.0,0.0,0.0,170.21,5.52,0.38,0.374,STRAIGHT,1.5,1.5,"CMD,0.4,1.50",4.0,0.0095,2.192,0.023,1,0.9901,0,NORMAL,59.822,-0.357,1,1,1,1,1,109.6,165,9,dijkstra,graph,0.4599,0,,,,,,0,,,,211068,137576,3243
1202,207.86156630516052,2026-03-06T01:46:44.756954,118.84,0.0,10.46,22.1,0.0,0.0,2.0,168.15,5.51,0.389,0.38,STRAIGHT,1.5,1.5,"CMD,0.4,1.50",4.0,0.0099,2.146,0.023,1,0.9841,0,NORMAL,58.109,-0.311,1,1,1,1,1,107.3,154,8,dijkstra,graph,0.458,0,,,,,,0,,,,209886,136818,3162
1203,208.03853583335876,2026-03-06T01:46:44.933924,104.64,0.0,10.19,28.06,2.0,0.0,0.0,160.95,5.51,0.396,0.389,STRAIGHT,1.5,1.5,"CMD,0.4,1.50",4.0,0.0099,2.146,0.023,1,0.9871,0,NORMAL,57.912,-0.307,1,1,1,1,1,107.3,142,8,dijkstra,graph,0.45853,0,,,,,,0,,,,210017,137204,3115
1204,208.2195098400116,2026-03-06T01:46:45.114898,114.92,0.0,6.01,22.39,0.0,0.0,0.0,158.95,5.51,0.4,0.396,STRAIGHT,1.5,1.5,"CMD,0.4,1.50",4.0,0.0099,2.146,0.023,1,0.978,0,NORMAL,57.263,-0.244,1,1,1,1,1,107.3,165,9,dijkstra,graph,0.46163,0,,,,,,0,,,,211675,138145,3318
1205,208.4018030166626,2026-03-06T01:46:45.297191,114.66,0.0,6.01,23.6,0.0,0.0,0.0,161.61,5.52,0.403,0.4,STRAIGHT,1.5,1.5,"CMD,0.4,1.50",4.0,0.0099,2.146,0.023,1,0.9849,0,NORMAL,56.519,-0.256,1,1,1,1,1,107.3,153,7,dijkstra,graph,0.4644,0,,,,,,0,,,,212050,138910,3243
1206,208.5833239555359,2026-03-06T01:46:45.478712,108.51,0.0,10.44,28.49,0.0,0.0,0.0,163.5,5.52,0.405,0.403,STRAIGHT,1.5,1.5,"CMD,0.4,1.50",4.0,0.0099,2.146,0.023,1,0.9796,0,NORMAL,54.025,-0.239,1,1,1,1,1,107.3,153,7,dijkstra,graph,0.47048,0,,,,,,0,,,,215467,140535,3247
1207,208.76116275787354,2026-03-06T01:46:45.656551,107.65,0.0,0.0,24.27,0.0,0.0,0.0,157.81,5.52,0.406,0.405,STRAIGHT,1.5,1.5,"CMD,0.4,1.50",4.0,0.0099,2.146,0.023,1,0.9788,0,NORMAL,53.824,-0.242,1,1,1,1,1,107.3,143,6,dijkstra,graph,0.46552,0,,,,,,0,,,,213720,139075,3176
1208,208.93305587768555,2026-03-06T01:46:45.828444,107.6,0.0,6.4,22.13,2.0,0.0,0.0,153.87,5.51,0.407,0.406,STRAIGHT,1.5,1.5,"CMD,0.4,1.50",4.0,0.0099,2.146,0.023,1,0.9791,0,NORMAL,52.587,-0.239,1,1,1,1,1,107.3,128,7,dijkstra,graph,0.46388,0,,,,,,0,,,,214502,138695,3136
1209,209.1056706905365,2026-03-06T01:46:46.001059,104.42,0.0,12.06,22.04,0.0,0.0,0.0,156.6,5.52,0.408,0.407,STRAIGHT,1.5,1.5,"CMD,0.4,1.50",4.0,0.0099,2.146,0.023,1,0.9731,0,NORMAL,52.828,-0.214,1,1,1,1,1,107.3,130,10,dijkstra,graph,0.47068,0,,,,,,0,,,,217580,140686,3387
1210,209.29085636138916,2026-03-06T01:46:46.186244,118.25,0.0,8.01,20.05,0.0,0.0,0.0,171.06,5.51,0.414,0.408,STRAIGHT,1.5,1.5,"CMD,0.4,1.50",4.0,0.0104,2.1,0.023,1,0.974,0,NORMAL,52.659,-0.253,1,1,1,1,1,105.0,138,10,dijkstra,graph,0.47124,0,,,,,,0,,,,217778,140817,3470
1211,209.46915102005005,2026-03-06T01:46:46.364539,112.24,0.0,8.01,22.03,0.0,0.0,0.0,159.96,5.5,0.419,0.414,STRAIGHT,1.5,1.5,"CMD,0.4,1.50",4.0,0.0104,2.1,0.023,1,0.9802,0,NORMAL,52.28,-0.239,1,1,1,1,1,105.0,148,10,dijkstra,graph,0.47072,0,,,,,,0,,,,216761,140621,3623
1212,209.64841628074646,2026-03-06T01:46:46.543804,113.18,0.0,8.01,20.03,0.0,0.0,0.0,161.24,5.49,0.421,0.419,STRAIGHT,1.5,1.5,"CMD,0.4,1.50",4.0,0.0104,2.1,0.023,1,0.9613,0,NORMAL,52.452,-0.277,1,1,1,1,1,105.0,141,10,dijkstra,graph,0.47787,0,,,,,,0,,,,219944,142633,3606
1213,209.81663870811462,2026-03-06T01:46:46.712027,113.57,0.0,8.01,12.22,0.0,0.0,0.0,152.2,5.5,0.423,0.421,STRAIGHT,1.5,1.5,"CMD,0.4,1.50",4.0,0.0104,2.1,0.023,1,0.9632,0,NORMAL,52.334,-0.256,1,1,1,1,1,105.0,114,7,dijkstra,graph,0.48519,0,,,,,,0,,,,225133,144920,3498
1214,209.99953508377075,2026-03-06T01:46:46.894923,112.35,0.0,7.75,18.06,0.0,0.0,0.0,162.8,5.49,0.425,0.423,STRAIGHT,1.5,1.5,"CMD,0.4,1.50",4.0,0.0104,2.1,0.023,1,0.9664,0,NORMAL,52.525,-0.249,1,1,1,1,1,105.0,167,9,dijkstra,graph,0.49862,0,,,,,,0,,,,226749,148723,4141
1215,210.18189239501953,2026-03-06T01:46:47.077280,104.45,0.0,10.06,20.46,10.07,0.0,0.0,162.17,5.49,0.425,0.425,STRAIGHT,1.5,1.5,"CMD,0.4,1.50",4.0,0.0104,2.1,0.023,1,0.9681,0,NORMAL,51.127,-0.213,1,1,1,1,1,105.0,131,11,dijkstra,graph,0.4856,0,,,,,,0,,,,223955,144985,3545
1216,210.35650491714478,2026-03-06T01:46:47.251893,110.32,0.0,6.01,20.03,2.0,0.0,0.0,164.34,5.5,0.426,0.425,STRAIGHT,1.5,1.5,"CMD,0.4,1.50",4.0,0.0104,2.1,0.023,1,0.9658,0,NORMAL,51.223,-0.222,1,1,1,1,1,105.0,110,7,dijkstra,graph,0.4762,0,,,,,,0,,,,221864,142245,3298
1217,210.54161047935486,2026-03-06T01:46:47.436999,115.01,0.0,6.01,28.04,0.0,0.0,0.0,165.08,5.49,0.426,0.426,STRAIGHT,1.5,1.5,"CMD,0.4,1.50",4.0,0.0104,2.1,0.023,1,0.9229,0,NORMAL,50.901,-0.213,1,1,1,1,1,105.0,162,11,dijkstra,graph,0.49502,0,,,,,,0,,,,235046,147956,3988
1218,210.71936798095703,2026-03-06T01:46:47.614756,108.9,0.0,10.3,20.05,0.0,0.0,0.0,161.74,5.48,0.427,0.426,STRAIGHT,1.5,1.5,"CMD,0.4,1.50",4.0,0.0104,2.1,0.023,1,0.9242,0,NORMAL,50.921,-0.216,1,1,1,1,1,105.0,112,8,dijkstra,graph,0.49004,0,,,,,,0,,,,238971,146425,3499
1219,210.89475560188293,2026-03-06T01:46:47.790144,111.3,0.0,8.01,18.02,2.0,0.0,0.0,157.37,5.49,0.427,0.427,STRAIGHT,1.5,1.5,"CMD,0.4,1.50",4.0,0.0104,2.1,0.023,1,0.9699,0,NORMAL,50.632,-0.206,1,1,1,1,1,105.0,116,9,dijkstra,graph,0.48919,0,,,,,,0,,,,239451,146140,3578
1220,211.0729365348816,2026-03-06T01:46:47.968325,103.89,0.0,10.46,31.79,0.0,0.0,0.0,160.16,5.5,0.433,0.427,STRAIGHT,1.5,1.5,"CMD,0.4,1.50",4.0,0.0108,2.055,0.023,1,0.9026,0,NORMAL,50.82,-0.242,1,1,1,1,1,102.7,171,8,dijkstra,graph,0.4705,0,,,,,,0,,,,218945,140595,3815
1221,211.2527940273285,2026-03-06T01:46:48.148182,111.52,0.0,6.01,28.04,0.0,0.0,0.0,161.6,5.5,0.431,0.431,STRAIGHT,1.5,1.5,"CMD,0.4,1.50",4.0,0.0104,2.1,0.023,1,0.9182,0,NORMAL,50.882,-0.257,1,1,1,1,1,105.0,193,9,dijkstra,graph,0.48012,0,,,,,,0,,,,230499,143450,3988
1222,211.43190813064575,2026-03-06T01:46:48.327296,112.52,0.0,8.01,24.04,0.0,0.0,0.0,165.1,5.51,0.43,0.431,STRAIGHT,1.5,1.5,"CMD,0.4,1.50",4.0,0.0104,2.1,0.023,1,0.9038,0,NORMAL,50.939,-0.232,1,1,1,1,1,105.0,127,10,dijkstra,graph,0.45986,0,,,,,,0,,,,209976,137431,3468
1223,211.60725569725037,2026-03-06T01:46:48.502644,112.82,0.0,8.01,20.24,2.0,0.0,0.0,159.26,5.52,-0.072,0.43,STRAIGHT,1.5,1.5,"CMD,0.4,1.50",3.151,-0.0261,2.192,-0.063,1,0.9426,0,NORMAL,50.396,-0.226,1,1,1,1,1,112.0,116,9,dijkstra,graph,0.45068,0,,,,,,0,,,,203244,134818,3466
1224,211.77401471138,2026-03-06T01:46:48.669403,104.68,0.0,8.01,20.03,2.0,0.0,0.0,148.74,5.53,-1.126,-0.072,STRAIGHT,1.5,1.5,"CMD,-0.1,1.50",2.246,-0.0784,2.2,-0.191,1,0.9616,0,NORMAL,50.278,-0.225,1,1,1,1,1,120.4,104,6,dijkstra,graph,0.44095,0,,,,,,0,,,,197019,131906,2737
1225,211.94653391838074,2026-03-06T01:46:48.841922,110.07,0.0,6.01,20.03,2.0,0.0,0.0,154.5,5.56,-0.602,-0.602,STRAIGHT,1.5,1.5,"CMD,-0.6,1.50",4.0,0.0108,2.055,0.023,1,0.9659,0,NORMAL,50.419,-0.249,1,1,1,1,1,102.7,150,9,dijkstra,graph,0.44163,0,,,,,,0,,,,200165,132012,3065
1226,212.12179589271545,2026-03-06T01:46:49.017184,114.64,0.0,6.01,20.03,2.0,0.0,0.0,163.25,5.58,-0.253,-0.602,STRAIGHT,1.5,1.5,"CMD,-0.6,1.50",4.0,0.0108,2.055,0.023,1,0.9554,0,NORMAL,50.084,-0.232,1,1,1,1,1,102.7,132,10,dijkstra,graph,0.45116,0,,,,,,0,,,,205577,134866,3390
1227,212.29602432250977,2026-03-06T01:46:49.191413,106.46,0.0,10.15,18.11,2.0,0.0,0.0,154.27,5.59,-0.842,-0.602,STRAIGHT,1.5,1.5,"CMD,-0.6,1.50",2.837,-0.049,2.329,-0.133,1,0.9594,0,NORMAL,50.085,-0.226,1,1,1,1,1,121.6,117,9,dijkstra,graph,0.43702,0,,,,,,0,,,,199636,130728,2723
1228,212.47112345695496,2026-03-06T01:46:49.366512,112.67,0.0,6.01,20.37,0.0,0.0,0.0,157.08,5.61,-0.419,-0.419,STRAIGHT,1.5,1.5,"CMD,-0.4,1.50",4.0,0.0104,2.1,0.023,1,0.9748,0,NORMAL,50.268,-0.242,1,1,1,1,1,105.0,177,14,dijkstra,graph,0.4606,0,,,,,,0,,,,199184,137565,3791
1229,212.65245962142944,2026-03-06T01:46:49.547848,111.71,0.0,8.01,20.31,0.0,0.0,0.0,161.24,5.61,-0.714,-0.714,STRAIGHT,1.5,1.5,"CMD,-0.7,1.50",3.146,-0.0316,2.283,-0.083,1,0.9788,0,NORMAL,50.168,-0.23,1,1,1,1,1,118.4,181,12,dijkstra,graph,0.45893,0,,,,,,0,,,,198902,137261,3758
1230,212.83823585510254,2026-03-06T01:46:49.733624,109.27,0.0,2.0,24.03,0.0,0.0,0.0,165.39,5.62,-0.924,-0.714,STRAIGHT,1.5,1.5,"CMD,-0.7,1.50",3.121,-0.0326,2.283,-0.085,1,0.9747,0,NORMAL,50.338,-0.251,1,1,1,1,1,118.5,167,9,dijkstra,graph,0.4549,0,,,,,,0,,,,196850,136137,3593
1231,213.0147693157196,2026-03-06T01:46:49.910157,114.65,0.0,6.01,20.03,0.0,0.0,0.0,156.51,5.63,-0.468,-0.714,STRAIGHT,1.5,1.5,"CMD,-0.7,1.50",4.0,0.0108,2.055,0.023,1,0.9656,0,NORMAL,50.651,-0.282,1,1,1,1,1,102.7,132,6,dijkstra,graph,0.42876,0,,,,,,0,,,,195268,128378,2449
1232,213.17720556259155,2026-03-06T01:46:50.072594,111.64,0.0,0.0,10.44,0.0,0.0,0.0,146.3,5.64,-0.652,-0.652,STRAIGHT,1.5,1.5,"CMD,-0.7,1.50",3.447,-0.0248,3.438,-0.147,1,0.9673,0,NORMAL,50.964,-0.303,1,1,1,1,2,223.7,95,4,dijkstra,graph,0.41564,0,,,,,,0,,,,193055,124514,2150
1233,213.35976386070251,2026-03-06T01:46:50.255152,116.41,0.0,8.01,18.02,0.0,0.0,0.0,158.48,5.64,-3.242,-0.652,STRAIGHT,1.5,1.5,"CMD,-0.7,1.50",1.932,-0.2056,1.816,-0.352,1,0.966,0,NORMAL,50.219,-0.226,1,1,1,1,1,112.6,95,5,dijkstra,graph,0.4201,0,,,,,,0,,,,194212,125890,2334
1234,213.5272343158722,2026-03-06T01:46:50.422622,107.39,0.0,6.01,18.02,0.0,0.0,2.0,149.45,5.66,-2.492,-2.492,STRAIGHT,1.5,1.5,"CMD,-2.5,1.50",3.288,-0.0241,2.237,-0.06,1,0.9604,0,NORMAL,50.714,-0.298,1,1,1,1,1,115.3,125,5,dijkstra,graph,0.41428,0,,,,,,0,,,,195115,124041,2206
1235,213.70605993270874,2026-03-06T01:46:50.601448,116.55,0.0,6.01,20.03,0.0,0.0,2.0,162.81,5.66,-1.992,-2.492,STRAIGHT,1.5,1.5,"CMD,-2.5,1.50",3.288,-0.0241,2.237,-0.06,1,0.9687,0,NORMAL,51.103,-0.363,1,1,1,1,1,115.3,125,8,dijkstra,graph,0.42271,0,,,,,,0,,,,191857,126343,2513
1236,213.88505816459656,2026-03-06T01:46:50.780446,106.49,0.0,8.01,26.04,2.0,0.0,0.0,162.98,5.66,-1.18,-1.992,STRAIGHT,1.5,1.5,"CMD,-2.0,1.50",4.0,0.0108,2.055,0.023,1,0.9775,0,NORMAL,51.47,-0.374,1,1,1,1,1,102.7,163,11,dijkstra,graph,0.44353,0,,,,,,0,,,,192342,132800,3513
1237,214.06300497055054,2026-03-06T01:46:50.958393,114.34,0.0,6.01,18.02,2.0,0.0,0.0,161.93,5.65,-0.644,-1.18,STRAIGHT,1.5,1.5,"CMD,-1.2,1.50",4.0,0.0104,2.1,0.023,1,0.9724,0,NORMAL,52.195,-0.458,1,1,1,1,1,105.0,123,8,dijkstra,graph,0.39535,0,,,,,,0,,,,189363,118294,2442
1238,214.2338845729828,2026-03-06T01:46:51.129273,101.05,0.0,10.02,24.05,0.0,0.0,0.0,154.86,5.65,-0.287,-0.644,STRAIGHT,1.5,1.5,"CMD,-0.6,1.50",4.0,0.0104,2.1,0.023,1,0.9702,0,NORMAL,52.905,-0.437,1,1,1,1,1,105.0,149,12,dijkstra,graph,0.46107,0,,,,,,0,,,,192464,137832,3431
1239,214.41800594329834,2026-03-06T01:46:51.313394,114.37,0.0,4.0,30.72,0.0,0.0,0.0,163.51,5.66,-0.043,-0.287,STRAIGHT,1.5,1.5,"CMD,-0.3,1.50",4.0,0.0108,2.055,0.023,1,0.9803,0,NORMAL,53.539,-0.447,1,1,1,1,1,102.7,197,12,dijkstra,graph,0.44806,0,,,,,,0,,,,190999,133885,3613
1240,214.58785104751587,2026-03-06T01:46:51.483239,108.27,0.0,8.49,18.49,0.0,0.0,0.0,157.83,5.67,0.12,-0.043,STRAIGHT,1.5,1.5,"CMD,-0.0,1.50",4.0,0.0108,2.055,0.023,1,0.9619,0,NORMAL,54.12,-0.446,1,1,1,1,1,102.7,125,6,dijkstra,graph,0.37721,0,,,,,,0,,,,185058,112923,2409
1241,214.76493573188782,2026-03-06T01:46:51.660324,117.45,0.0,2.82,22.02,2.0,0.0,0.0,167.02,5.67,0.054,0.054,STRAIGHT,1.5,1.5,"CMD,0.1,1.50",4.0,-0.0019,2.192,-0.005,1,0.9887,0,NORMAL,54.463,-0.377,1,1,1,1,1,110.2,107,5,dijkstra,graph,0.37521,0,,,,,,0,,,,184843,112361,2094
1242,214.9354772567749,2026-03-06T01:46:51.830865,106.36,0.0,10.09,20.07,2.0,0.0,0.0,154.52,5.67,0.01,0.054,STRAIGHT,1.5,1.5,"CMD,0.1,1.50",4.0,-0.0019,2.192,-0.005,1,0.9839,0,NORMAL,55.004,-0.331,1,1,1,1,2,110.2,98,5,dijkstra,graph,0.37895,0,,,,,,0,,,,185485,113301,2179
1243,215.1109471321106,2026-03-06T01:46:52.006335,106.78,0.0,10.37,26.27,0.0,0.0,0.0,159.45,5.67,0.149,0.054,STRAIGHT,1.5,1.5,"CMD,0.1,1.50",4.0,0.0104,2.1,0.023,1,0.9811,0,NORMAL,56.084,-0.353,1,1,1,1,1,105.0,118,7,dijkstra,graph,0.37789,0,,,,,,0,,,,185281,113002,2383
1244,215.28550148010254,2026-03-06T01:46:52.180890,112.45,0.0,6.01,18.08,0.0,0.0,0.0,154.53,5.68,0.248,0.149,STRAIGHT,1.5,1.5,"CMD,0.1,1.50",4.0,0.0108,2.055,0.023,1,0.9747,0,NORMAL,57.415,-0.399,1,1,1,1,1,102.7,138,7,dijkstra,graph,0.372,0,,,,,,0,,,,184809,111047,2416
1245,215.46575665473938,2026-03-06T01:46:52.361145,101.54,0.0,12.23,24.01,2.0,0.0,0.0,155.8,5.68,0.314,0.248,STRAIGHT,1.5,1.5,"CMD,0.2,1.50",4.0,0.0108,2.055,0.023,1,0.9814,0,NORMAL,57.736,-0.357,1,1,1,1,1,102.7,136,9,dijkstra,graph,0.35764,0,,,,,,0,,,,183333,106889,2431
1246,215.63480401039124,2026-03-06T01:46:52.530192,112.55,0.0,6.01,18.45,0.0,0.0,0.0,153.03,5.69,0.358,0.314,STRAIGHT,1.5,1.5,"CMD,0.3,1.50",4.0,0.0108,2.055,0.023,1,0.9794,0,NORMAL,58.242,-0.254,1,1,1,1,1,102.7,113,5,dijkstra,graph,0.35479,0,,,,,,0,,,,185116,106192,2171
1247,215.8096776008606,2026-03-06T01:46:52.705066,116.11,0.0,6.01,18.06,0.0,0.0,0.0,156.85,5.7,0.387,0.358,STRAIGHT,1.5,1.5,"CMD,0.4,1.50",4.0,0.0108,2.055,0.023,1,0.9678,0,NORMAL,60.983,-0.406,1,1,1,1,1,102.7,115,5,dijkstra,graph,0.36031,0,,,,,,0,,,,183902,107597,2174
1248,215.9758267402649,2026-03-06T01:46:52.871215,108.8,0.0,6.01,19.21,0.0,0.0,0.0,149.04,5.71,0.414,0.387,STRAIGHT,1.5,1.5,"CMD,0.4,1.50",4.0,0.0113,2.009,0.023,1,0.9681,0,NORMAL,62.91,-0.518,1,1,1,1,1,100.5,114,7,dijkstra,graph,0.35744,0,,,,,,0,,,,180921,106982,2206
1249,216.14224791526794,2026-03-06T01:46:53.037636,110.15,0.0,6.01,16.02,0.0,0.0,0.0,150.9,5.72,0.431,0.414,STRAIGHT,1.5,1.5,"CMD,0.4,1.50",4.0,0.0113,2.009,0.023,1,0.9779,0,NORMAL,63.323,-0.565,1,1,1,1,1,100.5,125,6,dijkstra,graph,0.36134,0,,,,,,0,,,,182957,108030,2317
1250,216.31398582458496,2026-03-06T01:46:53.209374,105.54,0.0,10.04,19.75,0.0,0.0,0.0,151.35,5.73,0.443,0.431,STRAIGHT,1.5,1.5,"CMD,0.4,1.50",4.0,0.0113,2.009,0.023,1,0.9848,0,NORMAL,63.594,-0.573,1,1,1,1,1,100.5,112,8,dijkstra,graph,0.36628,0,,,,,,0,,,,183181,109652,2373
1251,216.49077534675598,2026-03-06T01:46:53.386163,103.31,0.0,11.53,20.03,2.0,0.0,0.0,154.89,5.73,0.451,0.443,STRAIGHT,1.5,1.5,"CMD,0.4,1.50",4.0,0.0113,2.009,0.023,1,0.9875,0,NORMAL,64.476,-0.592,1,1,1,1,1,100.5,123,8,dijkstra,graph,0.35926,0,,,,,,0,,,,182538,107468,2316
1252,216.67146944999695,2026-03-06T01:46:53.566858,116.7,0.0,6.38,23.57,2.0,0.0,0.0,164.67,5.73,0.456,0.451,STRAIGHT,1.5,1.5,"CMD,0.5,1.50",4.0,0.0113,2.009,0.023,1,0.979,0,NORMAL,65.308,-0.6,1,1,1,1,1,100.5,125,6,dijkstra,graph,0.36023,0,,,,,,0,,,,184152,107565,2158
1253,216.83627009391785,2026-03-06T01:46:53.731658,110.33,0.0,8.01,14.23,0.0,0.0,0.0,148.6,5.73,0.467,0.456,STRAIGHT,1.5,1.5,"CMD,0.5,1.50",4.0,0.0118,1.963,0.023,1,0.9861,0,NORMAL,65.288,-0.589,1,1,1,1,1,98.2,109,5,dijkstra,graph,0.35775,0,,,,,,0,,,,183301,106913,1917
1254,217.00882625579834,2026-03-06T01:46:53.904214,107.85,0.0,8.01,14.2,0.0,0.0,0.0,148.09,5.73,0.474,0.467,STRAIGHT,1.5,1.5,"CMD,0.5,1.50",4.0,0.0118,1.963,0.023,1,0.9825,0,NORMAL,65.155,-0.539,1,1,1,1,1,98.2,122,7,dijkstra,graph,0.35595,0,,,,,,0,,,,183055,106306,2149
1255,217.18165040016174,2026-03-06T01:46:54.077039,106.62,0.0,10.39,19.84,0.0,0.0,0.0,150.39,5.73,0.479,0.474,STRAIGHT,1.5,1.5,"CMD,0.5,1.50",4.0,0.0118,1.963,0.023,1,0.983,0,NORMAL,65.387,-0.538,1,1,1,1,1,98.2,110,5,dijkstra,graph,0.36357,0,,,,,,0,,,,184392,108636,1955
1256,217.3511438369751,2026-03-06T01:46:54.246532,110.91,0.0,6.21,18.02,0.0,0.0,0.0,151.47,5.74,0.482,0.479,STRAIGHT,1.5,1.5,"CMD,0.5,1.50",4.0,0.0118,1.963,0.023,1,0.9849,0,NORMAL,65.591,-0.528,1,1,1,1,1,98.2,124,7,dijkstra,graph,0.36023,0,,,,,,0,,,,183266,107732,2221
1257,217.51711893081665,2026-03-06T01:46:54.412507,99.25,0.0,10.12,24.09,0.0,0.0,0.0,155.76,5.75,0.484,0.482,STRAIGHT,1.5,1.5,"CMD,0.5,1.50",4.0,0.0118,1.963,0.023,1,0.9893,0,NORMAL,65.962,-0.51,1,1,1,1,1,98.2,115,6,dijkstra,graph,0.36,0,,,,,,0,,,,184077,107610,2014
1258,217.68349242210388,2026-03-06T01:46:54.578880,114.17,0.0,6.01,10.14,0.0,0.0,0.0,148.35,5.76,0.486,0.484,STRAIGHT,1.5,1.5,"CMD,0.5,1.50",4.0,0.0118,1.963,0.023,1,0.9874,0,NORMAL,66.351,-0.513,1,1,1,1,1,98.2,108,6,dijkstra,graph,0.36081,0,,,,,,0,,,,184384,108024,2136
1259,217.87247586250305,2026-03-06T01:46:54.767864,112.86,0.0,8.01,26.04,0.0,0.0,0.0,164.93,5.76,0.487,0.486,STRAIGHT,1.5,1.5,"CMD,0.5,1.50",4.0,0.0118,1.963,0.023,1,0.9867,0,NORMAL,66.302,-0.475,1,1,1,1,1,98.2,161,7,dijkstra,graph,0.36955,0,,,,,,0,,,,185623,110658,2778
1260,218.0546109676361,2026-03-06T01:46:54.949999,107.76,0.0,12.29,22.03,2.0,0.0,0.0,162.11,5.75,0.48,0.486,STRAIGHT,1.5,1.5,"CMD,0.5,1.50",4.0,0.0113,2.009,0.023,1,0.9853,0,NORMAL,66.279,-0.474,1,1,1,1,1,100.5,126,8,dijkstra,graph,0.37748,0,,,,,,0,,,,187461,113036,2839
1261,218.22812724113464,2026-03-06T01:46:55.123515,111.2,0.0,8.01,20.03,2.0,0.0,0.0,155.26,5.74,0.476,0.48,STRAIGHT,1.5,1.5,"CMD,0.5,1.50",4.0,0.0113,2.009,0.023,1,0.979,0,NORMAL,66.211,-0.469,1,1,1,1,1,100.5,131,9,dijkstra,graph,0.40031,0,,,,,,0,,,,190165,119917,3157
1262,218.40111327171326,2026-03-06T01:46:55.296501,106.48,0.0,8.01,24.45,0.0,0.0,0.0,156.97,5.75,0.473,0.476,STRAIGHT,1.5,1.5,"CMD,0.5,1.50",4.0,0.0113,2.009,0.023,1,0.9792,0,NORMAL,65.828,-0.457,1,1,1,1,1,100.5,186,8,dijkstra,graph,0.39083,0,,,,,,0,,,,189214,117069,3209
1263,218.5791654586792,2026-03-06T01:46:55.474554,109.29,0.0,5.01,23.57,0.0,0.0,0.0,157.74,5.74,0.471,0.473,STRAIGHT,1.5,1.5,"CMD,0.5,1.50",4.0,0.0113,2.009,0.023,1,0.9774,0,NORMAL,65.981,-0.413,1,1,1,1,1,100.5,140,7,dijkstra,graph,0.37021,0,,,,,,0,,,,187553,110833,2414
1264,218.76076364517212,2026-03-06T01:46:55.656152,111.75,0.0,7.75,30.05,0.0,0.0,0.0,163.58,5.74,0.469,0.471,STRAIGHT,1.5,1.5,"CMD,0.5,1.50",4.0,0.0113,2.009,0.023,1,0.9779,0,NORMAL,65.986,-0.412,1,1,1,1,1,100.5,176,10,dijkstra,graph,0.39455,0,,,,,,0,,,,190541,118325,3152
1265,218.93720960617065,2026-03-06T01:46:55.832598,114.41,0.0,7.51,22.21,0.0,0.0,0.0,162.33,5.74,0.468,0.469,STRAIGHT,1.5,1.5,"CMD,0.5,1.50",4.0,0.0113,2.009,0.023,1,0.9867,0,NORMAL,65.996,-0.414,1,1,1,1,1,100.5,177,7,dijkstra,graph,0.38952,0,,,,,,0,,,,190341,116612,2898
1266,219.11292266845703,2026-03-06T01:46:56.008311,104.92,0.0,6.01,28.38,2.0,0.0,0.0,155.34,5.74,0.468,0.468,STRAIGHT,1.5,1.5,"CMD,0.5,1.50",4.0,0.0113,2.009,0.023,1,0.9896,0,NORMAL,66.015,-0.4,1,1,1,1,1,100.5,178,9,dijkstra,graph,0.39638,0,,,,,,0,,,,191268,118701,2997
1267,219.2942624092102,2026-03-06T01:46:56.189651,104.43,0.0,10.27,34.28,0.0,0.0,0.0,165.31,5.73,0.467,0.468,STRAIGHT,1.5,1.5,"CMD,0.5,1.50",4.0,0.0113,2.009,0.023,1,0.985,0,NORMAL,65.667,-0.378,1,1,1,1,1,100.5,175,7,dijkstra,graph,0.38614,0,,,,,,0,,,,191985,115486,2834
1268,219.4707968235016,2026-03-06T01:46:56.366185,112.35,0.0,8.01,20.12,0.0,0.0,0.0,156.51,5.74,0.467,0.467,STRAIGHT,1.5,1.5,"CMD,0.5,1.50",4.0,0.0113,2.009,0.023,1,0.9737,0,NORMAL,64.565,-0.34,1,1,1,1,1,100.5,170,6,dijkstra,graph,0.37207,0,,,,,,0,,,,190051,111518,2566
1269,219.65299153327942,2026-03-06T01:46:56.548380,104.83,0.0,10.34,18.22,0.0,0.0,0.0,151.59,5.74,0.46,0.467,STRAIGHT,1.5,1.5,"CMD,0.5,1.50",4.0,0.0108,2.055,0.023,1,0.9664,0,NORMAL,63.413,-0.234,1,1,1,1,1,102.7,166,9,dijkstra,graph,0.40364,0,,,,,,0,,,,196049,120898,2919
1270,219.84151649475098,2026-03-06T01:46:56.736905,109.41,0.0,10.48,32.04,0.0,0.0,0.0,178.45,5.71,0.455,0.46,STRAIGHT,1.5,1.5,"CMD,0.5,1.50",4.0,0.0108,2.055,0.023,1,0.9796,0,NORMAL,64.063,-0.207,1,1,1,1,1,102.7,193,8,dijkstra,graph,0.40868,0,,,,,,0,,,,197548,122414,3047
1271,220.02794790267944,2026-03-06T01:46:56.923336,116.34,0.0,8.01,26.03,2.0,0.0,0.0,168.41,5.69,0.452,0.455,STRAIGHT,1.5,1.5,"CMD,0.5,1.50",4.0,0.0108,2.055,0.023,1,0.9874,0,NORMAL,64.111,-0.207,1,1,1,1,1,102.7,194,8,dijkstra,graph,0.4026,0,,,,,,0,,,,196531,120637,2936
1272,220.21165990829468,2026-03-06T01:46:57.107048,112.74,0.0,7.01,29.92,0.0,0.0,0.0,165.69,5.69,0.45,0.452,STRAIGHT,1.5,1.5,"CMD,0.5,1.50",4.0,0.0108,2.055,0.023,1,0.9828,0,NORMAL,63.578,-0.162,1,1,1,1,1,102.7,174,7,dijkstra,graph,0.39793,0,,,,,,0,,,,196062,119185,2762
1273,220.39546394348145,2026-03-06T01:46:57.290852,115.71,0.0,6.01,24.03,0.0,0.0,0.0,163.78,5.68,0.442,0.45,STRAIGHT,1.5,1.5,"CMD,0.5,1.50",4.0,0.0104,2.1,0.023,1,0.9731,0,NORMAL,64.611,-0.161,1,1,1,1,1,105.0,169,5,dijkstra,graph,0.37764,0,,,,,,0,,,,196083,113077,2176
1274,220.57368111610413,2026-03-06T01:46:57.469069,106.05,0.0,10.06,32.07,0.0,0.0,0.0,162.2,5.68,0.444,0.444,STRAIGHT,1.5,1.5,"CMD,0.4,1.50",4.0,0.0108,2.055,0.023,1,0.9504,0,NORMAL,66.772,-0.314,1,1,1,1,1,102.7,157,8,dijkstra,graph,0.40304,0,,,,,,0,,,,192073,120626,2959
1275,220.7525475025177,2026-03-06T01:46:57.647935,110.78,0.0,6.01,26.04,2.0,0.0,0.0,160.84,5.67,0.444,0.444,STRAIGHT,1.5,1.5,"CMD,0.4,1.50",4.0,0.0108,2.055,0.023,1,0.9437,0,NORMAL,64.425,-0.233,1,1,1,1,1,102.7,194,8,dijkstra,graph,0.42748,0,,,,,,0,,,,201071,127996,3252
1276,220.9254150390625,2026-03-06T01:46:57.820803,108.64,0.0,10.12,19.03,0.0,0.0,0.0,156.85,5.67,0.439,0.444,STRAIGHT,1.5,1.5,"CMD,0.4,1.50",4.0,0.0104,2.1,0.023,1,0.9693,0,NORMAL,63.5,-0.16,1,1,1,1,1,105.0,166,8,dijkstra,graph,0.41502,0,,,,,,0,,,,200377,124393,2957
1277,221.1173493862152,2026-03-06T01:46:58.012738,113.99,0.0,7.75,28.04,0.0,0.0,2.0,167.8,5.64,0.435,0.439,STRAIGHT,1.5,1.5,"CMD,0.4,1.50",4.0,0.0104,2.1,0.023,1,0.9787,0,NORMAL,62.908,-0.135,1,1,1,1,1,105.0,176,7,dijkstra,graph,0.43566,0,,,,,,0,,,,203285,130567,3031
1278,221.2871377468109,2026-03-06T01:46:58.182526,105.78,0.0,8.01,20.32,0.0,0.0,0.0,151.65,5.64,0.432,0.435,STRAIGHT,1.5,1.5,"CMD,0.4,1.50",4.0,0.0104,2.1,0.023,1,0.9859,0,NORMAL,62.927,-0.162,1,1,1,1,1,105.0,174,7,dijkstra,graph,0.4464,0,,,,,,0,,,,204766,133666,3225
1279,221.4831964969635,2026-03-06T01:46:58.378585,111.72,0.0,6.01,28.03,2.0,0.0,0.0,165.68,5.61,0.431,0.432,STRAIGHT,1.5,1.5,"CMD,0.4,1.50",4.0,0.0104,2.1,0.023,1,0.9716,0,NORMAL,63.108,-0.161,1,1,1,1,1,105.0,193,7,dijkstra,graph,0.44374,0,,,,,,0,,,,201627,133003,3169
1280,221.6639380455017,2026-03-06T01:46:58.559326,106.24,0.0,6.01,30.05,2.0,0.0,0.0,160.72,5.61,0.429,0.431,STRAIGHT,1.5,1.5,"CMD,0.4,1.50",4.0,0.0104,2.1,0.023,1,0.9738,0,NORMAL,63.024,-0.221,1,1,1,1,1,105.0,189,7,dijkstra,graph,0.45632,0,,,,,,0,,,,204972,136866,3410
1281,221.84151792526245,2026-03-06T01:46:58.736906,104.13,0.0,10.27,26.04,2.0,0.0,0.0,161.28,5.61,0.429,0.429,STRAIGHT,1.5,1.5,"CMD,0.4,1.50",4.0,0.0104,2.1,0.023,1,0.9806,0,NORMAL,62.392,-0.218,1,1,1,1,1,105.0,170,7,dijkstra,graph,0.44566,0,,,,,,0,,,,203398,133536,3147
1282,222.02864146232605,2026-03-06T01:46:58.924030,116.4,0.0,4.01,24.03,0.0,0.0,2.0,166.68,5.59,0.428,0.429,STRAIGHT,1.5,1.5,"CMD,0.4,1.50",4.0,0.0104,2.1,0.023,1,0.9752,0,NORMAL,62.215,-0.244,1,1,1,1,1,105.0,159,7,dijkstra,graph,0.42413,0,,,,,,0,,,,199763,127207,2860
1283,222.21043848991394,2026-03-06T01:46:59.105827,115.19,0.0,8.01,24.03,0.0,0.0,2.0,167.73,5.58,0.428,0.428,STRAIGHT,1.5,1.5,"CMD,0.4,1.50",4.0,0.0104,2.1,0.023,1,0.9731,0,NORMAL,62.359,-0.263,1,1,1,1,1,105.0,169,8,dijkstra,graph,0.44897,0,,,,,,0,,,,204691,134503,3147
1284,222.38900995254517,2026-03-06T01:46:59.284398,111.54,0.0,5.01,25.31,0.0,0.0,0.0,162.55,5.57,0.428,0.428,STRAIGHT,1.5,1.5,"CMD,0.4,1.50",4.0,0.0104,2.1,0.023,1,0.9804,0,NORMAL,62.25,-0.282,1,1,1,1,1,105.0,166,6,dijkstra,graph,0.45155,0,,,,,,0,,,,205927,135247,2777
1285,222.56768321990967,2026-03-06T01:46:59.463071,106.57,0.0,10.04,30.02,0.0,0.0,0.0,160.65,5.56,0.427,0.428,STRAIGHT,1.5,1.5,"CMD,0.4,1.50",4.0,0.0104,2.1,0.023,1,0.9825,0,NORMAL,62.215,-0.304,1,1,1,1,1,105.0,177,9,dijkstra,graph,0.47289,0,,,,,,0,,,,208419,141684,3374
1286,222.7512981891632,2026-03-06T01:46:59.646686,111.2,0.0,6.01,26.21,0.0,0.0,0.0,159.44,5.54,0.421,0.427,STRAIGHT,1.5,1.5,"CMD,0.4,1.50",4.0,0.0099,2.146,0.023,1,0.9897,0,NORMAL,62.033,-0.31,1,1,1,1,1,107.3,180,8,dijkstra,graph,0.47742,0,,,,,,0,,,,209050,143123,3338
1287,222.92680191993713,2026-03-06T01:46:59.822190,109.64,0.0,6.01,26.03,0.0,0.0,0.0,157.48,5.53,0.417,0.421,STRAIGHT,1.5,1.5,"CMD,0.4,1.50",4.0,0.0099,2.146,0.023,1,0.9829,0,NORMAL,61.781,-0.309,1,1,1,1,1,107.3,179,10,dijkstra,graph,0.47663,0,,,,,,0,,,,210212,142916,3293
1288,223.1162233352661,2026-03-06T01:47:00.011611,115.32,0.0,8.01,28.04,2.0,0.0,0.0,169.4,5.53,0.414,0.417,STRAIGHT,1.5,1.5,"CMD,0.4,1.50",4.0,0.0099,2.146,0.023,1,0.9801,0,NORMAL,61.074,-0.294,1,1,1,1,1,107.3,189,10,dijkstra,graph,0.47494,0,,,,,,0,,,,209989,142414,3300
1289,223.3024778366089,2026-03-06T01:47:00.197866,116.31,0.0,8.01,28.16,0.0,0.0,0.0,170.1,5.53,0.413,0.414,STRAIGHT,1.5,1.5,"CMD,0.4,1.50",4.0,0.0099,2.146,0.023,1,0.9665,0,NORMAL,60.745,-0.283,1,1,1,1,1,107.3,200,14,dijkstra,graph,0.51952,0,,,,,,0,,,,216653,155624,4115
1290,223.4862539768219,2026-03-06T01:47:00.381642,114.0,0.0,0.0,20.42,0.0,0.0,0.0,159.3,5.52,0.411,0.413,STRAIGHT,1.5,1.5,"CMD,0.4,1.50",4.0,0.0099,2.146,0.023,1,0.9797,0,NORMAL,60.325,-0.249,1,1,1,1,1,107.3,191,12,dijkstra,graph,0.51124,0,,,,,,0,,,,214967,153162,3910
1291,223.67345356941223,2026-03-06T01:47:00.568842,108.27,0.0,8.01,26.04,2.0,0.0,0.0,166.64,5.5,0.405,0.411,STRAIGHT,1.5,1.5,"CMD,0.4,1.50",4.0,0.0095,2.192,0.023,1,0.9838,0,NORMAL,59.743,-0.212,1,1,1,1,1,109.6,192,13,dijkstra,graph,0.51936,0,,,,,,0,,,,216841,155604,4255
1292,223.85416650772095,2026-03-06T01:47:00.749555,102.77,0.0,10.01,34.1,0.0,0.0,2.0,162.69,5.5,0.401,0.405,STRAIGHT,1.5,1.5,"CMD,0.4,1.50",4.0,0.0095,2.192,0.023,1,0.9846,0,NORMAL,60.055,-0.23,1,1,1,1,1,109.6,192,12,dijkstra,graph,0.51496,0,,,,,,0,,,,215994,154234,3843
1293,224.03952550888062,2026-03-06T01:47:00.934914,119.8,0.0,6.01,24.22,0.0,0.0,0.0,167.34,5.49,0.398,0.401,STRAIGHT,1.5,1.5,"CMD,0.4,1.50",4.0,0.0095,2.192,0.023,1,0.9841,0,NORMAL,60.274,-0.256,1,1,1,1,1,109.6,191,15,dijkstra,graph,0.52207,0,,,,,,0,,,,216242,156419,3983
1294,224.2355809211731,2026-03-06T01:47:01.130969,112.84,0.0,8.45,32.15,2.0,0.0,0.0,175.7,5.47,0.396,0.398,STRAIGHT,1.5,1.5,"CMD,0.4,1.50",4.0,0.0095,2.192,0.023,1,0.9852,0,NORMAL,60.948,-0.312,1,1,1,1,1,109.6,231,15,dijkstra,graph,0.52043,0,,,,,,0,,,,215904,155841,4150
1295,224.4307086467743,2026-03-06T01:47:01.326097,117.89,0.0,7.01,32.53,2.0,0.0,0.0,178.84,5.45,0.395,0.396,STRAIGHT,1.5,1.5,"CMD,0.4,1.50",4.0,0.0095,2.192,0.023,1,0.9885,0,NORMAL,61.226,-0.372,1,1,1,1,1,109.6,227,13,dijkstra,graph,0.5188,0,,,,,,0,,,,216288,155358,4359
1296,224.6166467666626,2026-03-06T01:47:01.512035,113.44,0.0,8.01,28.08,0.0,0.0,0.0,165.91,5.45,0.394,0.395,STRAIGHT,1.5,1.5,"CMD,0.4,1.50",4.0,0.0095,2.192,0.023,1,0.9847,0,NORMAL,61.198,-0.364,1,1,1,1,1,109.6,198,13,dijkstra,graph,0.50696,0,,,,,,0,,,,215077,151816,3792
1297,224.8078510761261,2026-03-06T01:47:01.703239,116.35,0.0,8.01,28.89,1.74,0.0,0.0,170.68,5.43,0.388,0.394,STRAIGHT,1.5,1.5,"CMD,0.4,1.50",4.0,0.0091,2.237,0.023,1,0.9856,0,NORMAL,61.431,-0.385,1,1,1,1,1,111.9,194,12,dijkstra,graph,0.4976,0,,,,,,0,,,,213510,149080,3745
1298,224.99838137626648,2026-03-06T01:47:01.893770,117.22,0.0,8.22,29.99,0.0,0.0,0.0,172.46,5.42,0.389,0.389,STRAIGHT,1.5,1.5,"CMD,0.4,1.50",4.0,0.0095,2.192,0.023,1,0.9827,0,NORMAL,61.453,-0.428,1,1,1,1,1,109.6,195,9,dijkstra,graph,0.50895,0,,,,,,0,,,,214807,152541,3192
1299,225.18188905715942,2026-03-06T01:47:02.077277,117.12,0.0,8.01,28.48,0.0,0.0,0.0,166.94,5.43,0.39,0.389,STRAIGHT,1.5,1.5,"CMD,0.4,1.50",4.0,0.0095,2.192,0.023,1,0.98,0,NORMAL,62.334,-0.498,1,1,1,1,1,109.6,176,10,dijkstra,graph,0.50845,0,,,,,,0,,,,214824,152189,3438
1300,225.3783769607544,2026-03-06T01:47:02.273765,117.07,0.0,6.01,32.04,0.0,0.0,2.0,174.24,5.42,0.386,0.389,STRAIGHT,1.5,1.5,"CMD,0.4,1.50",4.0,0.0091,2.237,0.023,1,0.9835,0,NORMAL,61.346,-0.39,1,1,1,1,1,111.9,188,10,dijkstra,graph,0.51072,0,,,,,,0,,,,216046,152931,3706
1301,225.56211018562317,2026-03-06T01:47:02.457498,110.13,0.0,8.01,28.04,2.0,0.0,0.0,165.45,5.42,0.388,0.388,STRAIGHT,1.5,1.5,"CMD,0.4,1.50",4.0,0.0095,2.192,0.023,1,0.968,0,NORMAL,62.076,-0.659,1,1,1,1,1,109.6,173,10,dijkstra,graph,0.50062,0,,,,,,0,,,,215713,150238,3102
1302,225.74356985092163,2026-03-06T01:47:02.638958,112.4,0.0,6.01,26.04,2.0,0.0,0.0,163.44,5.42,0.389,0.388,STRAIGHT,1.5,1.5,"CMD,0.4,1.50",4.0,0.0095,2.192,0.023,1,0.9645,0,NORMAL,63.432,-0.973,1,1,1,1,1,109.6,185,11,dijkstra,graph,0.48364,0,,,,,,0,,,,213270,144946,3164
1303,225.9151575565338,2026-03-06T01:47:02.810546,100.49,0.0,12.25,24.81,0.0,0.0,0.0,155.57,5.43,0.39,0.389,STRAIGHT,1.5,1.5,"CMD,0.4,1.50",4.0,0.0095,2.192,0.023,1,0.9851,0,NORMAL,63.421,-0.996,1,1,1,1,1,109.6,191,10,dijkstra,graph,0.48448,0,,,,,,0,,,,212217,145122,3322
1304,226.11353206634521,2026-03-06T01:47:03.008920,116.54,0.0,8.18,32.51,2.0,0.0,0.0,175.6,5.41,0.391,0.39,STRAIGHT,1.5,1.5,"CMD,0.4,1.50",4.0,0.0095,2.192,0.023,1,0.9866,0,NORMAL,63.69,-1.07,1,1,1,1,1,109.6,194,10,dijkstra,graph,0.4801,0,,,,,,0,,,,211513,143863,3138
1305,226.29142427444458,2026-03-06T01:47:03.186812,103.95,0.0,10.18,27.78,0.0,0.0,0.0,161.83,5.4,0.391,0.391,STRAIGHT,1.5,1.5,"CMD,0.4,1.50",4.0,0.0095,2.192,0.023,1,0.9853,0,NORMAL,63.435,-1.066,1,1,1,1,1,109.6,187,10,dijkstra,graph,0.48994,0,,,,,,0,,,,212826,146808,3575
1306,226.4736886024475,2026-03-06T01:47:03.369077,115.03,0.0,8.01,24.49,0.0,0.0,0.0,170.25,5.41,0.386,0.391,STRAIGHT,1.5,1.5,"CMD,0.4,1.50",4.0,0.0091,2.237,0.023,1,0.9742,0,NORMAL,63.955,-1.073,1,1,1,1,1,111.9,173,8,dijkstra,graph,0.46882,0,,,,,,0,,,,211597,140492,2830
1307,226.65111255645752,2026-03-06T01:47:03.546501,98.9,0.0,10.32,34.93,0.0,0.0,0.0,167.01,5.41,0.388,0.388,STRAIGHT,1.5,1.5,"CMD,0.4,1.50",4.0,0.0095,2.192,0.023,1,0.9654,0,NORMAL,65.291,-1.304,1,1,1,1,1,109.6,175,8,dijkstra,graph,0.48,0,,,,,,0,,,,208589,143817,2688
1308,226.8324329853058,2026-03-06T01:47:03.727821,109.93,0.0,7.51,26.04,2.0,0.0,0.0,163.5,5.42,0.389,0.388,STRAIGHT,1.5,1.5,"CMD,0.4,1.50",4.0,0.0095,2.192,0.023,1,0.9458,0,NORMAL,66.489,-1.643,1,1,1,1,1,109.6,162,7,dijkstra,graph,0.41988,0,,,,,,0,,,,198705,125753,2515
1309,227.00990891456604,2026-03-06T01:47:03.905297,110.89,0.0,6.01,20.53,0.0,0.0,0.0,155.45,5.42,0.39,0.389,STRAIGHT,1.5,1.5,"CMD,0.4,1.50",4.0,0.0095,2.192,0.023,1,0.9594,0,NORMAL,61.726,-1.829,1,1,1,1,1,109.6,191,10,dijkstra,graph,0.4611,0,,,,,,0,,,,204686,138216,2959
1310,227.20143818855286,2026-03-06T01:47:04.096827,108.75,0.0,12.3,26.03,0.0,0.0,0.0,163.29,5.41,0.391,0.39,STRAIGHT,1.5,1.5,"CMD,0.4,1.50",4.0,0.0095,2.192,0.023,1,0.9765,0,NORMAL,55.637,-1.904,1,1,1,1,1,109.6,189,9,dijkstra,graph,0.46643,0,,,,,,0,,,,205074,139810,3145
1311,227.37989401817322,2026-03-06T01:47:04.275282,108.36,0.0,8.01,28.04,0.0,0.0,0.0,158.43,5.42,0.391,0.391,STRAIGHT,1.5,1.5,"CMD,0.4,1.50",4.0,0.0095,2.192,0.023,1,0.9739,0,NORMAL,52.81,-1.865,1,1,1,1,1,109.6,183,10,dijkstra,graph,0.46647,0,,,,,,0,,,,203668,139842,3093
1312,227.56640100479126,2026-03-06T01:47:04.461789,114.05,0.0,8.01,28.4,0.0,0.0,2.0,170.49,5.41,0.391,0.391,STRAIGHT,1.5,1.5,"CMD,0.4,1.50",4.0,0.0095,2.192,0.023,1,0.9775,0,NORMAL,44.037,-1.713,1,1,1,1,1,109.6,182,11,dijkstra,graph,0.47585,0,,,,,,0,,,,205747,142375,3423
1313,227.74732565879822,2026-03-06T01:47:04.642714,104.3,0.0,10.45,25.77,2.0,0.0,0.0,162.9,5.41,0.392,0.391,STRAIGHT,1.5,1.5,"CMD,0.4,1.50",4.0,0.0095,2.192,0.023,1,0.9593,0,NORMAL,42.943,-1.75,1,1,1,1,1,109.6,186,8,dijkstra,graph,0.46903,0,,,,,,0,,,,206205,140564,2895
1314,227.9178340435028,2026-03-06T01:47:04.813222,108.53,0.0,8.97,20.07,0.0,0.0,0.0,154.49,5.42,0.392,0.392,STRAIGHT,1.5,1.5,"CMD,0.4,1.50",4.0,0.0095,2.192,0.023,1,0.9706,0,NORMAL,44.201,-1.764,1,1,1,1,1,109.6,193,8,dijkstra,graph,0.46853,0,,,,,,0,,,,206111,140486,3220
1315,228.10178804397583,2026-03-06T01:47:04.997176,110.86,0.0,0.0,22.26,0.0,0.0,0.0,156.95,5.42,0.392,0.392,STRAIGHT,1.5,1.5,"CMD,0.4,1.50",4.0,0.0095,2.192,0.023,1,0.9455,0,NORMAL,50.223,-1.718,1,1,1,1,1,109.6,172,8,dijkstra,graph,0.44209,0,,,,,,0,,,,201860,132385,2936
1316,228.28761339187622,2026-03-06T01:47:05.183002,105.4,0.0,12.2,29.69,2.0,0.0,0.0,163.05,5.41,0.392,0.392,STRAIGHT,1.5,1.5,"CMD,0.4,1.50",4.0,0.0095,2.192,0.023,1,0.9444,0,NORMAL,51.445,-1.592,1,1,1,1,1,109.6,180,9,dijkstra,graph,0.46182,0,,,,,,0,,,,197763,138441,3193
1317,228.466614484787,2026-03-06T01:47:05.362003,106.56,0.0,10.35,32.06,0.0,0.0,0.0,162.98,5.42,0.387,0.392,STRAIGHT,1.5,1.5,"CMD,0.4,1.50",4.0,0.0091,2.237,0.023,1,0.9166,0,NORMAL,52.638,-1.687,1,1,1,1,1,111.9,156,3,dijkstra,graph,0.37814,0,,,,,,0,,,,190664,113222,1911
1318,228.64679336547852,2026-03-06T01:47:05.542181,114.98,0.0,7.75,24.49,0.0,0.0,0.0,166.16,5.43,0.378,0.387,STRAIGHT,1.5,1.5,"CMD,0.4,1.50",4.0,0.0088,2.283,0.023,1,0.9374,0,NORMAL,50.583,-1.604,1,1,1,1,1,114.2,173,8,dijkstra,graph,0.43269,0,,,,,,0,,,,195996,129696,2618
1319,228.83077836036682,2026-03-06T01:47:05.726167,106.81,0.0,10.2,30.1,2.0,0.0,0.0,163.13,5.43,0.368,0.378,STRAIGHT,1.5,1.5,"CMD,0.4,1.50",4.0,0.0084,2.329,0.023,1,0.9492,0,NORMAL,50.811,-1.549,1,1,1,1,1,116.4,183,8,dijkstra,graph,0.47529,0,,,,,,0,,,,203399,142516,3052
1320,229.00705790519714,2026-03-06T01:47:05.902446,112.57,0.0,6.01,27.66,0.0,0.0,0.0,160.26,5.44,0.366,0.368,STRAIGHT,1.5,1.5,"CMD,0.4,1.50",4.0,0.0088,2.283,0.023,1,0.9188,0,NORMAL,52.694,-1.58,1,1,1,1,1,114.2,166,9,dijkstra,graph,0.43576,0,,,,,,0,,,,195054,130404,3127
1321,229.18223977088928,2026-03-06T01:47:06.077628,110.92,0.0,6.01,24.03,0.0,0.0,0.0,161.16,5.44,0.374,0.368,STRAIGHT,1.5,1.5,"CMD,0.4,1.50",4.0,0.0095,2.192,0.023,1,0.9005,0,NORMAL,55.604,-1.622,1,1,1,1,1,109.6,156,6,dijkstra,graph,0.45037,0,,,,,,0,,,,199882,134936,2674
1322,229.36128902435303,2026-03-06T01:47:06.256677,108.6,0.0,10.09,28.27,2.0,0.0,0.0,163.03,5.45,0.38,0.374,STRAIGHT,1.5,1.5,"CMD,0.4,1.50",4.0,0.0095,2.192,0.023,1,0.9232,0,NORMAL,53.947,-1.557,1,1,1,1,1,109.6,169,11,dijkstra,graph,0.48804,0,,,,,,0,,,,205878,146408,3438
1323,229.5367772579193,2026-03-06T01:47:06.432166,110.85,0.0,6.01,24.03,0.0,0.0,0.0,157.54,5.47,0.384,0.38,STRAIGHT,1.5,1.5,"CMD,0.4,1.50",4.0,0.0095,2.192,0.023,1,0.9589,0,NORMAL,53.896,-1.477,1,1,1,1,1,109.6,150,5,dijkstra,graph,0.45178,0,,,,,,0,,,,200183,135356,2451
1324,229.7242395877838,2026-03-06T01:47:06.619628,111.37,0.0,10.07,27.9,2.0,0.0,0.0,169.44,5.48,0.387,0.384,STRAIGHT,1.5,1.5,"CMD,0.4,1.50",4.0,0.0095,2.192,0.023,1,0.945,0,NORMAL,52.988,-1.365,1,1,1,1,1,109.6,154,10,dijkstra,graph,0.47897,0,,,,,,0,,,,207339,143462,3412
1325,229.8954257965088,2026-03-06T01:47:06.790814,110.56,0.0,8.01,20.57,0.0,0.0,0.0,155.17,5.49,0.389,0.387,STRAIGHT,1.5,1.5,"CMD,0.4,1.50",4.0,0.0095,2.192,0.023,1,0.9568,0,NORMAL,53.418,-1.288,1,1,1,1,1,109.6,157,10,dijkstra,graph,0.498,0,,,,,,0,,,,210580,149316,3818
1326,230.07874035835266,2026-03-06T01:47:06.974128,110.84,0.0,6.01,24.03,2.0,0.0,0.0,163.13,5.5,0.395,0.389,STRAIGHT,1.5,1.5,"CMD,0.4,1.50",4.0,0.0099,2.146,0.023,1,0.9296,0,NORMAL,52.801,-1.191,1,1,1,1,1,107.3,160,8,dijkstra,graph,0.44868,0,,,,,,0,,,,203760,134421,2743
1327,230.25155448913574,2026-03-06T01:47:07.146943,98.71,0.0,10.44,32.09,0.0,0.0,0.0,160.8,5.52,0.4,0.395,STRAIGHT,1.5,1.5,"CMD,0.4,1.50",4.0,0.0099,2.146,0.023,1,0.9203,0,NORMAL,52.766,-1.145,1,1,1,1,1,107.3,151,11,dijkstra,graph,0.52262,0,,,,,,0,,,,218725,156507,3816
1328,230.42866730690002,2026-03-06T01:47:07.324055,109.8,0.0,8.01,22.03,2.0,0.0,0.0,158.88,5.53,0.403,0.4,STRAIGHT,1.5,1.5,"CMD,0.4,1.50",4.0,0.0099,2.146,0.023,1,0.9678,0,NORMAL,52.241,-1.069,1,1,1,1,1,107.3,151,13,dijkstra,graph,0.54002,0,,,,,,0,,,,221170,161754,3722
1329,230.6077675819397,2026-03-06T01:47:07.503156,110.87,0.0,6.41,25.77,2.0,0.0,0.0,161.08,5.55,0.411,0.403,STRAIGHT,1.5,1.5,"CMD,0.4,1.50",4.0,0.0104,2.1,0.023,1,0.9412,0,NORMAL,51.619,-0.977,1,1,1,1,1,105.0,180,17,dijkstra,graph,0.59281,0,,,,,,0,,,,233582,177624,4556
1330,230.79176425933838,2026-03-06T01:47:07.687152,114.1,0.0,9.81,26.04,0.0,0.0,0.0,167.98,5.55,0.416,0.411,STRAIGHT,1.5,1.5,"CMD,0.4,1.50",4.0,0.0104,2.1,0.023,1,0.9473,0,NORMAL,51.756,-0.946,1,1,1,1,1,105.0,159,15,dijkstra,graph,0.59723,0,,,,,,0,,,,241072,178782,4624
1331,230.96633529663086,2026-03-06T01:47:07.861723,108.59,0.0,0.0,22.12,0.0,0.0,0.0,156.55,5.55,0.414,0.414,STRAIGHT,1.5,1.5,"CMD,0.4,1.50",4.0,0.0099,2.146,0.023,1,0.8261,0,NORMAL,51.253,-0.925,1,1,1,1,1,107.3,126,10,dijkstra,graph,0.51671,0,,,,,,0,,,,209870,154980,3039
1332,231.14671158790588,2026-03-06T01:47:08.042100,112.55,0.0,8.01,20.27,2.0,0.0,0.0,162.3,5.54,0.418,0.416,STRAIGHT,1.5,1.5,"CMD,0.4,1.50",4.0,0.0104,2.1,0.023,1,0.8364,0,NORMAL,49.26,-0.809,1,1,1,1,1,105.0,126,10,dijkstra,graph,0.5237,0,,,,,,0,,,,224174,157006,3028
1333,231.32788610458374,2026-03-06T01:47:08.223274,110.77,0.0,10.01,24.03,2.0,0.0,0.0,162.89,5.56,0.421,0.418,STRAIGHT,1.5,1.5,"CMD,0.4,1.50",4.0,0.0104,2.1,0.023,1,0.9218,0,NORMAL,48.662,-0.708,1,1,1,1,1,105.0,155,13,dijkstra,graph,0.59812,0,,,,,,0,,,,241559,179273,4022
1334,231.5070686340332,2026-03-06T01:47:08.402457,110.58,0.0,0.0,24.31,2.0,0.0,0.0,161.16,5.56,0.423,0.421,STRAIGHT,1.5,1.5,"CMD,0.4,1.50",4.0,0.0104,2.1,0.023,1,0.877,0,NORMAL,49.347,-0.699,1,1,1,1,1,105.0,146,15,dijkstra,graph,0.58572,0,,,,,,0,,,,250235,175596,4142
1335,231.6840043067932,2026-03-06T01:47:08.579392,104.49,0.0,10.24,27.75,2.0,0.0,0.0,162.84,5.57,0.424,0.423,STRAIGHT,1.5,1.5,"CMD,0.4,1.50",4.0,0.0104,2.1,0.023,1,0.9247,0,NORMAL,49.59,-0.741,1,1,1,1,1,105.0,154,17,dijkstra,graph,0.59002,0,,,,,,0,,,,242465,176947,3936
1336,231.87599420547485,2026-03-06T01:47:08.771382,114.44,0.0,10.02,16.32,10.08,0.0,0.0,171.66,5.55,0.425,0.424,STRAIGHT,1.5,1.5,"CMD,0.4,1.50",4.0,0.0104,2.1,0.023,1,0.8925,0,NORMAL,48.405,-0.63,1,1,1,1,1,105.0,160,20,dijkstra,graph,0.64246,0,,,,,,0,,,,270502,192608,5053
1337,232.05077934265137,2026-03-06T01:47:08.946168,107.2,0.0,10.32,22.37,0.0,0.0,0.0,164.46,5.56,0.426,0.425,STRAIGHT,1.5,1.5,"CMD,0.4,1.50",4.0,0.0104,2.1,0.023,1,0.8913,0,NORMAL,48.516,-0.504,1,1,1,1,1,105.0,105,20,dijkstra,graph,0.69095,0,,,,,,0,,,,299992,206947,4903
1338,232.23114442825317,2026-03-06T01:47:09.126533,114.05,0.0,10.02,10.21,10.04,0.0,0.0,158.34,5.55,0.426,0.426,STRAIGHT,1.5,1.5,"CMD,0.4,1.50",4.0,0.0104,2.1,0.023,1,0.9232,0,NORMAL,49.476,-0.406,1,1,1,1,1,105.0,89,17,dijkstra,graph,0.65839,0,,,,,,0,,,,302230,197334,4243
1339,232.4029242992401,2026-03-06T01:47:09.298313,108.76,0.0,8.01,18.15,2.0,0.0,0.0,161.31,5.58,0.427,0.426,STRAIGHT,1.5,1.5,"CMD,0.4,1.50",4.0,0.0104,2.1,0.023,1,0.8862,0,NORMAL,49.455,-0.258,1,1,1,1,1,105.0,86,17,dijkstra,graph,0.65178,0,,,,,,0,,,,277937,195265,4168
1340,232.57579040527344,2026-03-06T01:47:09.471179,109.93,0.0,6.5,19.66,2.0,0.0,0.0,162.65,5.58,0.427,0.427,STRAIGHT,1.5,1.5,"CMD,0.4,1.50",4.0,0.0104,2.1,0.023,1,0.9075,0,NORMAL,49.671,-0.131,1,1,1,1,1,105.0,105,20,dijkstra,graph,0.67155,0,,,,,,0,,,,301041,201225,4762
1341,232.75516963005066,2026-03-06T01:47:09.650558,114.07,0.0,7.75,20.68,0.0,0.0,0.0,159.35,5.59,0.427,0.427,STRAIGHT,1.5,1.5,"CMD,0.4,1.50",4.0,0.0104,2.1,0.023,1,0.9336,0,NORMAL,49.945,-0.062,1,1,1,1,1,105.0,96,17,dijkstra,graph,0.66775,0,,,,,,0,,,,305154,200033,4455
1342,232.9400200843811,2026-03-06T01:47:09.835408,109.85,0.0,10.1,28.51,0.0,0.0,0.0,164.82,5.58,0.427,0.427,STRAIGHT,1.5,1.5,"CMD,0.4,1.50",4.0,0.0104,2.1,0.023,1,0.8913,0,NORMAL,49.887,0.031,1,1,1,1,1,105.0,102,20,dijkstra,graph,0.74731,0,,,,,,0,,,,336419,223699,5643
1343,233.1235682964325,2026-03-06T01:47:10.018956,114.68,0.0,10.24,20.51,0.0,0.0,0.0,161.47,5.57,0.427,0.427,STRAIGHT,1.5,1.5,"CMD,0.4,1.50",4.0,0.0104,2.1,0.023,1,0.9432,0,NORMAL,49.036,0.115,1,1,1,1,1,105.0,105,19,dijkstra,graph,0.75686,0,,,,,,0,,,,339875,226671,5507
1344,233.31434059143066,2026-03-06T01:47:10.209729,116.11,0.0,6.01,20.2,0.0,0.0,0.0,160.68,5.56,0.421,0.427,STRAIGHT,1.5,1.5,"CMD,0.4,1.50",4.0,0.0099,2.146,0.023,1,0.9104,0,NORMAL,48.292,0.364,1,1,1,1,1,107.3,100,20,dijkstra,graph,0.78981,0,,,,,,0,,,,370106,236512,5771
1345,233.48658227920532,2026-03-06T01:47:10.381970,103.74,0.0,11.04,14.05,0.0,0.0,0.0,147.57,5.58,0.417,0.421,STRAIGHT,1.5,1.5,"CMD,0.4,1.50",4.0,0.0099,2.146,0.023,1,0.9301,0,NORMAL,47.941,0.904,1,1,1,1,1,107.3,113,19,dijkstra,graph,0.8238,0,,,,,,0,,,,385966,246625,6220
1346,233.68083930015564,2026-03-06T01:47:10.576227,112.36,0.0,7.75,25.67,0.0,0.0,0.0,161.8,5.56,0.409,0.417,STRAIGHT,1.5,1.5,"CMD,0.4,1.50",4.0,0.0095,2.192,0.023,1,0.9491,0,NORMAL,48.333,1.356,1,1,1,1,1,109.6,100,16,dijkstra,graph,0.84839,0,,,,,,0,,,,399759,253573,6610
1347,233.86811900138855,2026-03-06T01:47:10.763507,105.09,0.0,6.02,38.13,0.0,0.0,0.0,163.25,5.55,0.403,0.409,STRAIGHT,1.5,1.5,"CMD,0.4,1.50",4.0,0.0095,2.192,0.023,1,0.9124,0,NORMAL,48.135,1.592,1,1,1,1,1,109.6,162,17,dijkstra,graph,0.77926,0,,,,,,0,,,,389658,233278,6066
1348,234.05633234977722,2026-03-06T01:47:10.951720,106.38,0.0,12.49,29.29,0.0,0.0,0.0,166.19,5.55,0.399,0.403,STRAIGHT,1.5,1.5,"CMD,0.4,1.50",4.0,0.0095,2.192,0.023,1,0.9093,0,NORMAL,49.235,1.77,1,1,1,1,1,109.6,114,16,dijkstra,graph,0.84988,0,,,,,,0,,,,418801,254056,6687
1349,234.25246620178223,2026-03-06T01:47:11.147854,108.87,0.0,9.54,38.67,0.0,0.0,0.0,173.1,5.53,0.397,0.399,STRAIGHT,1.5,1.5,"CMD,0.4,1.50",4.0,0.0095,2.192,0.023,1,0.9455,0,NORMAL,50.69,1.892,1,1,1,1,1,109.6,202,14,dijkstra,graph,0.85944,0,,,,,,0,,,,432365,256892,6469
1350,234.4476146697998,2026-03-06T01:47:11.343003,110.36,0.0,8.01,38.42,0.0,0.0,0.0,172.82,5.51,0.39,0.397,STRAIGHT,1.5,1.5,"CMD,0.4,1.50",4.0,0.0091,2.237,0.023,1,0.9653,0,NORMAL,50.286,2.125,1,1,1,1,1,111.9,198,14,dijkstra,graph,0.85384,0,,,,,,0,,,,425185,255238,6657
1351,234.64997005462646,2026-03-06T01:47:11.545358,114.49,0.0,10.01,40.05,0.0,0.0,0.0,186.29,5.48,0.381,0.39,STRAIGHT,1.5,1.5,"CMD,0.4,1.50",4.0,0.0088,2.283,0.023,1,0.95,0,NORMAL,50.0,2.524,1,1,1,1,1,114.2,201,15,dijkstra,graph,0.85816,0,,,,,,0,,,,435672,256514,6316
1352,234.85528326034546,2026-03-06T01:47:11.750671,112.95,0.0,8.01,42.3,0.0,0.0,0.0,183.29,5.45,0.374,0.381,STRAIGHT,1.5,1.5,"CMD,0.4,1.50",4.0,0.0088,2.283,0.023,1,0.9724,0,NORMAL,50.053,2.571,1,1,1,1,1,114.2,198,13,dijkstra,graph,0.85335,0,,,,,,0,,,,432910,254992,6262
1353,235.05765986442566,2026-03-06T01:47:11.953048,114.25,0.0,8.01,36.05,0.0,0.0,0.0,176.34,5.44,0.37,0.374,STRAIGHT,1.5,1.5,"CMD,0.4,1.50",4.0,0.0088,2.283,0.023,1,0.9661,0,NORMAL,50.15,2.597,1,1,1,1,1,114.2,184,13,dijkstra,graph,0.84934,0,,,,,,0,,,,421783,253756,6269
1354,235.25711107254028,2026-03-06T01:47:12.152499,111.33,0.0,8.01,36.05,0.0,0.0,2.0,175.42,5.41,0.367,0.37,STRAIGHT,1.5,1.5,"CMD,0.4,1.50",4.0,0.0088,2.283,0.023,1,0.9611,0,NORMAL,50.163,2.565,1,1,1,1,1,114.2,185,12,dijkstra,graph,0.85444,0,,,,,,0,,,,421177,255204,6358
1355,235.45269918441772,2026-03-06T01:47:12.348087,111.48,0.0,8.01,38.05,0.0,0.0,0.0,175.56,5.4,0.36,0.367,STRAIGHT,1.5,1.5,"CMD,0.4,1.50",4.0,0.0084,2.329,0.023,1,0.9637,0,NORMAL,50.233,2.545,1,1,1,1,1,116.4,202,14,dijkstra,graph,0.85583,0,,,,,,0,,,,411757,255716,6389
1356,235.6536476612091,2026-03-06T01:47:12.549036,114.23,0.0,8.16,40.05,0.0,0.0,0.0,178.92,5.37,0.356,0.36,STRAIGHT,1.5,1.5,"CMD,0.4,1.50",4.0,0.0084,2.329,0.023,1,0.9638,0,NORMAL,50.219,2.459,1,1,1,1,1,116.4,204,11,dijkstra,graph,0.85376,0,,,,,,0,,,,410097,255188,6452
1357,235.84811115264893,2026-03-06T01:47:12.743499,110.35,0.0,6.01,38.05,0.0,0.0,0.0,172.43,5.35,0.353,0.356,STRAIGHT,1.5,1.5,"CMD,0.4,1.50",4.0,0.0084,2.329,0.023,1,0.9661,0,NORMAL,50.109,2.336,1,1,1,1,1,116.4,182,13,dijkstra,graph,0.85095,0,,,,,,0,,,,403388,254266,6322
1358,236.04267621040344,2026-03-06T01:47:12.938064,112.39,0.0,8.01,36.11,0.0,0.0,0.0,174.54,5.34,0.347,0.353,STRAIGHT,1.5,1.5,"CMD,0.4,1.50",4.0,0.0081,2.374,0.023,1,0.9617,0,NORMAL,50.038,2.245,1,1,1,1,1,118.7,170,12,dijkstra,graph,0.85603,0,,,,,,0,,,,400295,255803,6182
1359,236.24333453178406,2026-03-06T01:47:13.138723,112.87,0.0,8.21,38.07,0.0,0.0,0.0,180.48,5.32,0.343,0.347,STRAIGHT,1.5,1.5,"CMD,0.3,1.50",4.0,0.0081,2.374,0.023,1,0.9533,0,NORMAL,50.003,2.142,1,1,1,1,1,118.7,156,12,dijkstra,graph,0.86198,0,,,,,,0,,,,399292,257615,6112
1360,236.44801306724548,2026-03-06T01:47:13.343401,118.91,0.0,8.01,34.06,0.0,0.0,0.0,180.87,5.29,0.336,0.343,STRAIGHT,1.5,1.5,"CMD,0.3,1.50",4.0,0.0078,2.42,0.023,1,0.9577,0,NORMAL,50.121,2.038,1,1,1,1,1,121.0,161,10,dijkstra,graph,0.86376,0,,,,,,0,,,,390196,258099,6274
1361,236.65325570106506,2026-03-06T01:47:13.548644,121.57,0.0,8.01,33.79,0.0,0.0,0.0,185.21,5.27,0.323,0.336,STRAIGHT,1.5,1.5,"CMD,0.3,1.50",4.0,0.0072,2.511,0.023,1,0.9368,0,NORMAL,50.097,1.932,1,1,1,1,1,125.6,139,12,dijkstra,graph,0.86409,0,,,,,,0,,,,379023,258220,6149
1362,236.86881589889526,2026-03-06T01:47:13.764204,119.49,0.0,8.72,33.31,2.0,0.0,0.0,184.68,5.23,0.312,0.323,STRAIGHT,1.5,1.5,"CMD,0.3,1.50",4.0,0.007,2.557,0.023,1,0.9234,0,NORMAL,50.049,1.841,1,1,1,1,1,127.9,119,7,dijkstra,graph,0.84186,0,,,,,,0,,,,363816,251608,5568
1363,237.08207941055298,2026-03-06T01:47:13.977467,120.98,0.0,13.56,35.97,0.0,0.0,0.0,190.82,5.2,0.3,0.312,STRAIGHT,1.5,1.5,"CMD,0.3,1.50",4.0,0.0067,2.603,0.023,1,0.9353,0,NORMAL,50.0,1.756,1,1,1,1,1,130.1,154,8,dijkstra,graph,0.84667,0,,,,,,0,,,,359341,253092,5772
1364,237.30657267570496,2026-03-06T01:47:14.201961,126.47,0.0,9.98,44.25,0.0,0.0,0.0,199.77,5.16,0.29,0.3,STRAIGHT,1.5,1.5,"CMD,0.3,1.50",4.0,0.0065,2.648,0.023,1,0.941,0,NORMAL,50.006,1.698,1,1,1,1,1,132.4,188,7,dijkstra,graph,0.84988,0,,,,,,0,,,,364253,254008,5458
1365,237.52019596099854,2026-03-06T01:47:14.415584,121.94,0.0,6.43,46.45,0.0,0.0,0.0,190.59,5.14,0.28,0.29,STRAIGHT,1.5,1.5,"CMD,0.3,1.50",4.0,0.0063,2.694,0.023,1,0.9447,0,NORMAL,50.105,1.562,1,1,1,1,1,134.7,235,7,dijkstra,graph,0.85738,0,,,,,,0,,,,369708,256304,5633
1366,237.76629257202148,2026-03-06T01:47:14.661681,120.47,0.0,8.02,74.01,2.0,0.0,0.0,223.09,5.07,0.27,0.28,STRAIGHT,1.5,1.5,"CMD,0.3,1.50",4.0,0.0061,2.74,0.023,1,0.959,0,NORMAL,50.2,1.47,1,1,1,1,1,137.0,403,12,dijkstra,graph,0.86116,0,,,,,,0,,,,368039,257466,7422
1367,238.00108313560486,2026-03-06T01:47:14.896471,114.01,0.0,12.83,65.85,2.0,0.0,0.0,214.76,5.03,0.261,0.27,STRAIGHT,1.5,1.5,"CMD,0.3,1.50",4.0,0.0059,2.785,0.023,1,0.9537,0,NORMAL,50.298,1.465,1,1,1,1,1,139.3,397,10,dijkstra,graph,0.86564,0,,,,,,0,,,,363887,258939,6679
1368,238.23141074180603,2026-03-06T01:47:15.126799,112.24,0.0,12.07,67.95,0.0,0.0,0.0,208.29,4.98,0.252,0.261,STRAIGHT,1.5,1.5,"CMD,0.3,1.50",4.0,0.0057,2.831,0.023,1,0.9723,0,NORMAL,50.372,1.338,1,1,1,1,1,141.6,411,9,dijkstra,graph,0.8675,0,,,,,,0,,,,369448,259537,6834
1369,238.47296166419983,2026-03-06T01:47:15.368350,112.1,0.0,8.01,74.45,0.0,0.0,0.0,212.79,4.92,0.244,0.252,STRAIGHT,1.5,1.5,"CMD,0.3,1.50",4.0,0.0055,2.877,0.023,1,0.9532,0,NORMAL,50.197,1.175,1,1,1,1,1,143.8,405,8,dijkstra,graph,0.87019,0,,,,,,0,,,,379008,260262,6946
1370,238.68209719657898,2026-03-06T01:47:15.577485,110.22,0.0,10.49,40.06,2.0,0.0,0.0,188.98,4.89,0.23,0.244,STRAIGHT,1.5,1.5,"CMD,0.2,1.50",4.0,0.0049,3.059,0.023,1,0.9697,0,NORMAL,50.003,1.057,1,1,1,1,1,153.0,176,8,dijkstra,graph,0.87351,0,,,,,,0,,,,381744,261347,5808
1371,238.88988375663757,2026-03-06T01:47:15.785272,115.88,0.0,8.01,44.07,2.0,0.0,0.0,185.99,4.87,0.218,0.23,STRAIGHT,1.5,1.5,"CMD,0.2,1.50",4.0,0.0047,3.105,0.023,1,0.9643,0,NORMAL,50.104,0.922,1,1,1,1,1,155.3,184,8,dijkstra,graph,0.87694,0,,,,,,0,,,,385334,262238,5611
1372,239.09147024154663,2026-03-06T01:47:15.986858,113.46,0.0,6.01,44.07,0.0,0.0,0.0,179.56,4.86,0.211,0.218,STRAIGHT,1.5,1.5,"CMD,0.2,1.50",4.0,0.0047,3.105,0.023,1,0.9616,0,NORMAL,50.089,0.816,1,1,1,1,1,155.3,192,9,dijkstra,graph,0.87506,0,,,,,,0,,,,389216,261833,5559
1373,239.2924509048462,2026-03-06T01:47:16.187839,117.56,0.0,2.0,30.05,0.0,0.0,2.0,177.94,4.85,0.322,0.218,STRAIGHT,1.5,1.5,"CMD,0.2,1.50",4.0,0.0132,3.998,0.106,1,0.9672,0,NORMAL,50.282,0.697,1,1,1,1,1,224.2,118,17,dijkstra,graph,0.8707,0,,,,,,0,,,,383719,260555,6131
1374,239.4729483127594,2026-03-06T01:47:16.368336,112.31,0.0,8.29,20.03,0.0,0.0,0.0,162.47,4.84,0.298,0.298,STRAIGHT,1.5,1.5,"CMD,0.3,1.50",4.0,0.0061,2.74,0.023,1,0.9623,0,NORMAL,50.864,0.586,1,1,1,1,1,137.0,57,12,dijkstra,graph,0.85605,0,,,,,,0,,,,375827,256603,4904
1375,239.64774870872498,2026-03-06T01:47:16.543137,110.71,0.0,8.01,20.03,0.0,0.0,0.0,154.78,4.86,0.28,0.298,STRAIGHT,1.5,1.5,"CMD,0.3,1.50",4.0,0.0059,2.785,0.023,1,0.9652,0,NORMAL,50.758,0.467,1,1,1,1,1,139.3,44,11,dijkstra,graph,0.85874,0,,,,,,0,,,,381950,257298,4744
1376,239.83044171333313,2026-03-06T01:47:16.725830,114.31,0.0,6.01,20.32,2.0,0.0,0.0,158.66,4.86,0.265,0.28,STRAIGHT,1.5,1.5,"CMD,0.3,1.50",4.0,0.0057,2.831,0.023,1,0.9736,0,NORMAL,50.317,0.419,1,1,1,1,1,141.6,39,11,dijkstra,graph,0.86019,0,,,,,,0,,,,384415,257832,4713
1377,240.0159306526184,2026-03-06T01:47:16.911319,113.17,0.0,10.37,19.89,0.0,0.0,0.0,159.46,4.87,0.258,0.265,STRAIGHT,1.5,1.5,"CMD,0.3,1.50",4.0,0.0059,2.785,0.023,1,0.9713,0,NORMAL,50.113,0.383,1,1,1,1,1,139.3,34,11,dijkstra,graph,0.85188,0,,,,,,0,,,,382978,255251,4625
1378,240.1881959438324,2026-03-06T01:47:17.083584,105.24,0.0,14.18,14.38,0.0,0.0,0.0,150.24,4.89,0.395,0.265,STRAIGHT,1.5,1.5,"CMD,0.3,1.50",4.0,0.0162,3.996,0.13,1,0.9718,0,NORMAL,50.032,0.361,1,1,1,1,1,223.7,28,11,dijkstra,graph,0.85457,0,,,,,,0,,,,388586,256085,4909
1379,240.3742036819458,2026-03-06T01:47:17.269592,105.26,0.0,10.11,22.3,2.0,0.0,0.0,155.7,4.89,0.437,0.395,STRAIGHT,1.5,1.5,"CMD,0.4,1.50",4.0,0.0126,3.998,0.101,1,0.9618,0,NORMAL,50.0,0.336,1,1,1,1,1,223.4,31,10,dijkstra,graph,0.84895,0,,,,,,0,,,,396565,254411,4718
1380,240.56839060783386,2026-03-06T01:47:17.463779,104.89,0.0,8.01,22.06,14.02,0.0,0.0,168.05,4.9,0.889,0.437,STRAIGHT,1.5,1.5,"CMD,0.4,1.50",3.323,0.0435,3.312,0.24,1,0.8877,0,NORMAL,50.042,0.33,1,1,1,1,1,211.9,96,12,dijkstra,fallback_centerline,0.81847,0,,,,,,0,,,,358820,245477,4980
1381,240.74967312812805,2026-03-06T01:47:17.645061,108.43,0.0,10.39,23.82,0.0,0.0,0.0,157.0,4.92,0.659,0.659,STRAIGHT,1.5,1.5,"CMD,0.7,1.50",4.0,0.0048,4.0,0.038,1,0.8796,0,NORMAL,50.074,0.31,1,1,1,1,1,222.3,37,10,dijkstra,graph,0.85188,0,,,,,,0,,,,407520,255255,5073
1382,240.9345076084137,2026-03-06T01:47:17.829896,108.52,0.0,16.1,18.03,0.0,0.0,0.0,162.81,4.93,0.51,0.659,STRAIGHT,1.5,1.5,"CMD,0.7,1.50",4.0,0.0052,3.999,0.041,1,0.9811,0,NORMAL,50.204,0.256,1,1,1,1,1,222.9,35,11,dijkstra,graph,0.85182,0,,,,,,0,,,,410927,255316,4809
1383,241.1078474521637,2026-03-06T01:47:18.003236,104.63,0.0,10.38,17.03,0.0,0.0,0.0,151.31,4.96,0.241,0.51,STRAIGHT,1.5,1.5,"CMD,0.5,1.50",4.0,-0.0072,3.998,-0.057,1,0.9627,0,NORMAL,50.272,0.251,1,1,1,1,1,223.4,36,11,dijkstra,graph,0.86008,0,,,,,,0,,,,423846,257703,5166
1384,241.30900931358337,2026-03-06T01:47:18.204397,120.45,0.0,10.09,28.21,2.0,0.0,0.0,179.13,4.95,-0.09,0.241,STRAIGHT,1.5,1.5,"CMD,0.2,1.50",4.0,-0.0182,3.99,-0.145,1,0.933,0,NORMAL,51.33,-0.241,1,1,1,1,1,202.7,36,12,dijkstra,graph,0.83899,0,,,,,,0,,,,436436,251390,4679
1385,241.50028228759766,2026-03-06T01:47:18.395670,120.61,0.0,10.08,20.52,0.0,0.0,0.0,167.24,4.96,-0.132,-0.09,STRAIGHT,1.5,1.5,"CMD,-0.1,1.50",4.0,-0.0052,3.999,-0.042,1,0.9559,0,NORMAL,52.147,-0.456,1,1,1,1,1,216.4,33,11,dijkstra,graph,0.8226,0,,,,,,0,,,,442829,246562,4825
1386,241.7012550830841,2026-03-06T01:47:18.596643,122.4,0.0,8.01,18.06,0.0,0.0,0.0,170.51,4.95,-0.043,-0.09,STRAIGHT,1.5,1.5,"CMD,-0.1,1.50",4.0,0.0033,3.744,0.023,1,0.9459,0,NORMAL,52.845,-0.644,1,1,1,1,1,187.2,39,10,dijkstra,graph,0.81062,0,,,,,,0,,,,457542,243067,4342
1387,241.8792610168457,2026-03-06T01:47:18.774649,104.96,0.0,8.13,24.13,0.0,0.0,0.0,157.43,4.97,0.011,-0.043,STRAIGHT,1.5,1.5,"CMD,-0.0,1.50",4.0,0.0029,3.973,0.023,1,0.9682,0,NORMAL,52.858,-0.704,1,1,1,1,1,198.6,31,11,dijkstra,graph,0.83112,0,,,,,,0,,,,470703,249061,4584
1388,242.05787229537964,2026-03-06T01:47:18.953260,106.4,0.0,10.12,20.03,0.0,0.0,0.0,152.57,4.99,0.047,0.011,STRAIGHT,1.5,1.5,"CMD,0.0,1.50",4.0,0.0029,3.973,0.023,1,0.9804,0,NORMAL,53.108,-0.766,1,1,1,1,1,198.6,46,12,dijkstra,graph,0.83514,0,,,,,,0,,,,477821,250189,4695
1389,242.24008011817932,2026-03-06T01:47:19.135468,108.36,0.0,9.54,20.03,0.0,0.0,0.0,164.19,5.01,0.072,0.047,STRAIGHT,1.5,1.5,"CMD,0.0,1.50",4.0,0.003,3.927,0.023,1,0.9847,0,NORMAL,53.547,-0.806,1,1,1,1,1,196.3,41,11,dijkstra,graph,0.83023,0,,,,,,0,,,,481617,248603,4849
1390,242.41739869117737,2026-03-06T01:47:19.312787,105.81,0.0,8.01,18.11,0.0,0.0,0.0,150.8,5.03,0.089,0.072,STRAIGHT,1.5,1.5,"CMD,0.1,1.50",4.0,0.003,3.927,0.023,1,0.9938,0,NORMAL,53.864,-0.858,1,1,1,1,1,196.3,40,11,dijkstra,graph,0.82227,0,,,,,,0,,,,480814,246284,4547
1391,242.58959031105042,2026-03-06T01:47:19.484978,113.23,0.0,0.0,10.01,0.0,0.0,0.0,147.76,5.07,0.1,0.089,STRAIGHT,1.5,1.5,"CMD,0.1,1.50",4.0,0.003,3.927,0.023,1,0.9953,0,NORMAL,53.015,-0.905,1,1,1,1,1,196.3,41,12,dijkstra,graph,0.81814,0,,,,,,0,,,,479577,245102,4476
1392,242.77454113960266,2026-03-06T01:47:19.669929,115.42,0.0,8.01,16.02,0.0,0.0,0.0,164.71,5.09,0.108,0.1,STRAIGHT,1.5,1.5,"CMD,0.1,1.50",4.0,0.003,3.881,0.023,1,0.9916,0,NORMAL,53.559,-0.921,1,1,1,1,1,194.1,25,9,dijkstra,graph,0.78589,0,,,,,,0,,,,476320,235525,4276
1393,242.94542407989502,2026-03-06T01:47:19.840812,109.15,0.0,7.51,14.02,0.0,0.0,0.0,146.85,5.14,0.114,0.108,STRAIGHT,1.5,1.5,"CMD,0.1,1.50",4.0,0.003,3.881,0.023,1,0.9919,0,NORMAL,52.986,-0.94,1,1,1,1,1,194.1,21,8,dijkstra,graph,0.75558,0,,,,,,0,,,,473422,226410,3600
1394,243.1209638118744,2026-03-06T01:47:20.016352,102.48,0.0,14.46,15.76,0.0,0.0,0.0,155.17,5.18,0.119,0.114,STRAIGHT,1.5,1.5,"CMD,0.1,1.50",4.0,0.0031,3.836,0.023,1,0.9938,0,NORMAL,53.42,-1.007,1,1,1,1,1,191.8,26,9,dijkstra,graph,0.76076,0,,,,,,0,,,,472617,227947,3773
1395,243.30420875549316,2026-03-06T01:47:20.199597,113.36,0.0,7.01,16.02,2.0,0.0,0.0,155.21,5.24,0.122,0.119,STRAIGHT,1.5,1.5,"CMD,0.1,1.50",4.0,0.0031,3.836,0.023,1,0.9955,0,NORMAL,54.779,-1.037,1,1,1,1,1,191.8,25,9,dijkstra,graph,0.75643,0,,,,,,0,,,,472104,226620,3684
1396,243.48440742492676,2026-03-06T01:47:20.379796,110.8,0.0,10.01,16.02,2.0,0.0,0.0,156.17,5.29,0.124,0.122,STRAIGHT,1.5,1.5,"CMD,0.1,1.50",4.0,0.0031,3.836,0.023,1,0.9956,0,NORMAL,55.823,-0.98,1,1,1,1,1,191.8,26,8,dijkstra,graph,0.76882,0,,,,,,0,,,,473320,230411,3755
1397,243.66496586799622,2026-03-06T01:47:20.560354,108.66,0.0,15.62,18.23,0.0,0.0,0.0,156.53,5.34,0.124,0.124,STRAIGHT,1.5,1.5,"CMD,0.1,1.50",4.0,0.003,3.881,0.023,1,0.9917,0,NORMAL,56.416,-0.899,1,1,1,1,1,194.1,26,9,dijkstra,graph,0.80537,0,,,,,,0,,,,476223,241349,4292
1398,243.84210991859436,2026-03-06T01:47:20.737498,112.61,0.0,8.01,10.01,8.45,0.0,0.0,155.12,5.4,0.125,0.124,STRAIGHT,1.5,1.5,"CMD,0.1,1.50",4.0,0.003,3.881,0.023,1,0.9977,0,NORMAL,56.615,-0.812,1,1,1,1,1,194.1,30,10,dijkstra,graph,0.80143,0,,,,,,0,,,,475960,240155,4298
1399,244.01251769065857,2026-03-06T01:47:20.907906,104.4,0.0,10.18,15.57,2.0,0.0,0.0,148.18,5.44,0.124,0.124,STRAIGHT,1.5,1.5,"CMD,0.1,1.50",4.0,0.003,3.927,0.023,1,0.9956,0,NORMAL,56.493,-0.727,1,1,1,1,1,196.3,32,9,dijkstra,graph,0.81374,0,,,,,,0,,,,476772,243678,4376
1400,244.19568872451782,2026-03-06T01:47:21.091077,113.4,0.0,11.64,15.03,0.0,0.0,0.0,159.13,5.47,0.123,0.124,STRAIGHT,1.5,1.5,"CMD,0.1,1.50",4.0,0.003,3.927,0.023,1,0.9909,0,NORMAL,55.8,-0.733,1,1,1,1,1,196.3,21,8,dijkstra,graph,0.77258,0,,,,,,0,,,,472680,231477,3490
1401,244.36854600906372,2026-03-06T01:47:21.263934,108.6,0.0,6.01,17.03,0.0,0.0,0.0,150.83,5.5,0.123,0.123,STRAIGHT,1.5,1.5,"CMD,0.1,1.50",4.0,0.003,3.927,0.023,1,0.9928,0,NORMAL,55.13,-0.712,1,1,1,1,1,196.3,26,9,dijkstra,graph,0.8055,0,,,,,,0,,,,475132,241354,4087
1402,244.54783272743225,2026-03-06T01:47:21.443221,110.88,0.0,10.34,12.01,8.01,0.0,0.0,155.26,5.52,0.123,0.123,STRAIGHT,1.5,1.5,"CMD,0.1,1.50",4.0,0.003,3.927,0.023,1,0.9881,0,NORMAL,54.859,-0.612,1,1,1,1,1,196.3,36,13,dijkstra,graph,0.83671,0,,,,,,0,,,,480765,250624,4926
1403,244.7176651954651,2026-03-06T01:47:21.613053,111.04,0.0,6.01,14.02,2.0,0.0,0.0,149.23,5.53,0.128,0.123,STRAIGHT,1.5,1.5,"CMD,0.1,1.50",4.0,0.0033,3.699,0.023,1,0.9798,0,NORMAL,54.713,-0.774,1,1,1,1,1,184.9,17,7,dijkstra,graph,0.75738,0,,,,,,0,,,,471185,226879,3558
1404,244.89051818847656,2026-03-06T01:47:21.785906,112.33,0.0,10.01,14.28,0.0,0.0,0.0,152.83,5.53,0.133,0.128,STRAIGHT,1.5,1.5,"CMD,0.1,1.50",4.0,0.0035,3.607,0.023,1,0.9883,0,NORMAL,53.897,-0.852,1,1,1,1,1,180.4,21,8,dijkstra,graph,0.72215,0,,,,,,0,,,,465861,216268,3684
1405,245.0676281452179,2026-03-06T01:47:21.963016,104.57,0.0,14.37,14.02,2.0,0.0,0.0,152.36,5.54,0.135,0.133,STRAIGHT,1.5,1.5,"CMD,0.1,1.50",4.0,0.0033,3.699,0.023,1,0.9917,0,NORMAL,52.775,-0.751,1,1,1,1,1,184.9,21,8,dijkstra,graph,0.74492,0,,,,,,0,,,,469648,223179,3545
1406,245.24108695983887,2026-03-06T01:47:22.136475,103.26,0.0,16.11,16.02,0.0,0.0,2.0,153.42,5.55,0.134,0.134,STRAIGHT,1.5,1.5,"CMD,0.1,1.50",4.0,0.0032,3.79,0.023,1,0.9848,0,NORMAL,50.693,-0.693,1,1,1,1,1,189.5,30,12,dijkstra,graph,0.81262,0,,,,,,0,,,,475662,243369,4580
1407,245.41983342170715,2026-03-06T01:47:22.315222,118.47,0.0,6.01,16.03,0.0,0.0,0.0,162.73,5.54,0.141,0.135,STRAIGHT,1.5,1.5,"CMD,0.1,1.50",4.0,0.0038,3.47,0.023,1,0.9707,0,NORMAL,49.992,-0.952,1,1,1,1,1,173.5,22,8,dijkstra,graph,0.7036,0,,,,,,0,,,,461931,210792,3491
1408,245.596200466156,2026-03-06T01:47:22.491589,112.28,0.0,6.01,18.03,2.0,0.0,0.0,154.34,5.55,0.14,0.14,STRAIGHT,1.5,1.5,"CMD,0.1,1.50",4.0,0.0033,3.699,0.023,1,0.9683,0,NORMAL,50.057,-1.326,1,1,1,1,1,184.9,46,14,dijkstra,graph,0.81926,0,,,,,,0,,,,470536,245178,4982
1409,245.7720181941986,2026-03-06T01:47:22.667406,103.08,0.0,10.33,15.52,2.0,0.0,0.0,151.79,5.57,0.148,0.141,STRAIGHT,1.5,1.5,"CMD,0.1,1.50",4.0,0.004,3.379,0.023,1,0.9642,0,NORMAL,52.74,-1.67,1,1,1,1,1,168.9,32,10,dijkstra,graph,0.71506,0,,,,,,0,,,,453795,214088,4097
1410,245.94413995742798,2026-03-06T01:47:22.839528,112.2,0.0,7.8,12.07,2.0,0.0,0.0,150.09,5.58,0.157,0.148,STRAIGHT,1.5,1.5,"CMD,0.1,1.50",4.0,0.0042,3.288,0.023,1,0.9684,0,NORMAL,55.59,-2.25,1,1,1,1,1,164.4,21,8,dijkstra,graph,0.64893,0,,,,,,0,,,,442839,194381,3358
1411,246.1187081336975,2026-03-06T01:47:23.014096,102.34,0.0,10.19,26.23,0.0,0.0,0.0,154.54,5.59,0.155,0.155,STRAIGHT,1.5,1.5,"CMD,0.2,1.50",4.0,0.0037,3.516,0.023,1,0.9567,0,NORMAL,44.587,-1.647,1,1,1,1,1,175.8,54,16,dijkstra,graph,0.7886,0,,,,,,0,,,,461367,235974,4888
1412,246.29991459846497,2026-03-06T01:47:23.195303,116.68,0.0,10.09,14.38,2.0,0.0,0.0,159.18,5.59,0.16,0.157,STRAIGHT,1.5,1.5,"CMD,0.2,1.50",4.0,0.0041,3.333,0.023,1,0.9659,0,NORMAL,33.743,-1.757,1,1,1,1,1,166.7,21,8,dijkstra,graph,0.66564,0,,,,,,0,,,,446847,199473,3171
1413,246.472829580307,2026-03-06T01:47:23.368218,100.29,0.0,15.25,16.02,0.0,0.0,2.0,150.89,5.62,0.163,0.16,STRAIGHT,1.5,1.5,"CMD,0.2,1.50",4.0,0.0041,3.333,0.023,1,0.9917,0,NORMAL,23.021,-1.581,1,1,1,1,1,166.7,26,10,dijkstra,graph,0.6795,0,,,,,,0,,,,449709,203557,3477
1414,246.64794063568115,2026-03-06T01:47:23.543329,112.29,0.0,4.01,20.36,0.0,0.0,0.0,151.08,5.63,0.164,0.163,STRAIGHT,1.5,1.5,"CMD,0.2,1.50",4.0,0.004,3.379,0.023,1,0.985,0,NORMAL,25.51,-1.441,1,1,1,1,1,168.9,17,7,dijkstra,graph,0.66145,0,,,,,,0,,,,446400,198204,3196
1415,246.81547665596008,2026-03-06T01:47:23.710865,106.48,0.0,6.01,16.02,0.0,0.0,2.0,145.51,5.67,0.166,0.164,STRAIGHT,1.5,1.5,"CMD,0.2,1.50",4.0,0.0041,3.333,0.023,1,0.9788,0,NORMAL,39.229,-1.338,1,1,1,1,1,166.7,35,11,dijkstra,graph,0.68785,0,,,,,,0,,,,450145,206085,3770
1416,246.9946084022522,2026-03-06T01:47:23.889997,115.04,0.0,8.01,16.02,2.0,0.0,0.0,157.1,5.67,0.164,0.164,STRAIGHT,1.5,1.5,"CMD,0.2,1.50",4.0,0.0039,3.425,0.023,1,0.9761,0,NORMAL,59.702,-1.043,1,1,1,1,1,171.2,39,12,dijkstra,graph,0.76122,0,,,,,,0,,,,459721,227984,4197
1417,247.1703679561615,2026-03-06T01:47:24.065756,113.44,0.0,8.01,13.92,2.0,0.0,0.0,159.74,5.67,0.171,0.166,STRAIGHT,1.5,1.5,"CMD,0.2,1.50",4.0,0.0045,3.196,0.023,1,0.9585,0,NORMAL,70.711,-1.332,1,1,1,1,1,159.8,24,8,dijkstra,graph,0.65027,0,,,,,,0,,,,442352,194806,3312
1418,247.34698247909546,2026-03-06T01:47:24.242371,112.52,0.0,10.02,14.02,2.0,0.0,0.0,156.59,5.68,0.179,0.171,STRAIGHT,1.5,1.5,"CMD,0.2,1.50",4.0,0.0047,3.105,0.023,1,0.9808,0,NORMAL,70.711,-1.226,1,1,1,1,1,155.3,27,9,dijkstra,graph,0.67397,0,,,,,,0,,,,441416,201917,3935
1419,247.52886533737183,2026-03-06T01:47:24.424253,113.54,0.0,8.01,16.27,0.0,0.0,0.0,155.85,5.67,0.183,0.179,STRAIGHT,1.5,1.5,"CMD,0.2,1.50",4.0,0.0046,3.151,0.023,1,0.987,0,NORMAL,70.711,-1.267,1,1,1,1,1,157.5,34,11,dijkstra,graph,0.69147,0,,,,,,0,,,,440424,207082,3779
1420,247.69793725013733,2026-03-06T01:47:24.593325,108.99,0.0,8.01,8.01,0.0,0.0,0.0,143.04,5.68,0.195,0.183,STRAIGHT,1.5,1.5,"CMD,0.2,1.50",4.0,0.0053,2.922,0.023,1,0.9787,0,NORMAL,66.71,-1.435,1,1,1,1,1,146.1,30,10,dijkstra,graph,0.64921,0,,,,,,0,,,,431868,194468,3695
1421,247.87507581710815,2026-03-06T01:47:24.770464,106.93,0.0,11.92,14.02,0.0,0.0,0.0,148.89,5.69,0.209,0.195,STRAIGHT,1.5,1.5,"CMD,0.2,1.50",4.0,0.0057,2.831,0.023,1,0.9672,0,NORMAL,64.022,-1.45,1,1,1,1,1,141.6,23,9,dijkstra,graph,0.63256,0,,,,,,0,,,,418474,189463,3656
1422,248.04230213165283,2026-03-06T01:47:24.937690,107.76,0.0,8.01,14.37,2.0,0.0,0.0,147.2,5.69,0.217,0.209,STRAIGHT,1.5,1.5,"CMD,0.2,1.50",4.0,0.0057,2.831,0.023,1,0.9708,0,NORMAL,61.578,-1.416,1,1,1,1,1,141.6,26,10,dijkstra,graph,0.62023,0,,,,,,0,,,,421254,185811,3381
1423,248.2181167602539,2026-03-06T01:47:25.113505,114.44,0.0,0.0,14.17,2.0,0.0,0.0,155.79,5.69,0.229,0.217,STRAIGHT,1.5,1.5,"CMD,0.2,1.50",4.0,0.0061,2.74,0.023,1,0.9898,0,NORMAL,58.614,-1.397,1,1,1,1,1,137.0,26,10,dijkstra,graph,0.60808,0,,,,,,0,,,,417571,181999,3368
1424,248.39529705047607,2026-03-06T01:47:25.290685,115.11,0.0,10.13,10.02,0.0,0.0,0.0,153.15,5.7,0.239,0.229,STRAIGHT,1.5,1.5,"CMD,0.2,1.50",4.0,0.0063,2.694,0.023,1,0.9898,0,NORMAL,56.098,-1.249,1,1,1,1,1,134.7,25,10,dijkstra,graph,0.5999,0,,,,,,0,,,,413701,179616,3307
1425,248.565420627594,2026-03-06T01:47:25.460809,111.0,0.0,10.49,10.06,0.0,0.0,0.0,145.91,5.71,0.246,0.239,STRAIGHT,1.5,1.5,"CMD,0.2,1.50",4.0,0.0063,2.694,0.023,1,0.9776,0,NORMAL,55.648,-1.095,1,1,1,1,1,134.7,27,9,dijkstra,graph,0.62591,0,,,,,,0,,,,417376,187410,3462
1426,248.74328708648682,2026-03-06T01:47:25.638675,109.16,0.0,10.07,14.05,2.0,0.0,0.0,157.49,5.71,0.256,0.246,STRAIGHT,1.5,1.5,"CMD,0.2,1.50",4.0,0.0067,2.603,0.023,1,0.9589,0,NORMAL,57.618,-1.235,1,1,1,1,1,130.1,33,9,dijkstra,graph,0.58802,0,,,,,,0,,,,401165,175880,3682
1427,248.909512758255,2026-03-06T01:47:25.804901,112.3,0.0,8.01,11.87,0.0,0.0,0.0,146.2,5.72,0.264,0.256,STRAIGHT,1.5,1.5,"CMD,0.3,1.50",4.0,0.0067,2.603,0.023,1,0.9818,0,NORMAL,56.592,-1.08,1,1,1,1,1,130.1,26,9,dijkstra,graph,0.58178,0,,,,,,0,,,,403753,173996,3349
1428,249.0763702392578,2026-03-06T01:47:25.971758,103.17,0.0,10.03,16.31,0.0,0.0,0.0,148.45,5.73,0.275,0.264,STRAIGHT,1.5,1.5,"CMD,0.3,1.50",4.0,0.0072,2.511,0.023,1,0.9854,0,NORMAL,57.503,-0.936,1,1,1,1,1,125.6,31,11,dijkstra,graph,0.57256,0,,,,,,0,,,,399666,171207,3341
1429,249.24147725105286,2026-03-06T01:47:26.136865,109.03,0.0,8.01,12.02,0.0,0.0,0.0,145.08,5.75,0.291,0.275,STRAIGHT,1.5,1.5,"CMD,0.3,1.50",4.0,0.0078,2.42,0.023,1,0.9537,0,NORMAL,57.833,-0.829,1,1,1,1,1,121.0,26,11,dijkstra,graph,0.5657,0,,,,,,0,,,,383508,169285,3470
1430,249.4193902015686,2026-03-06T01:47:26.314779,117.64,0.0,8.01,12.21,2.0,0.0,0.0,157.89,5.74,0.297,0.291,STRAIGHT,1.5,1.5,"CMD,0.3,1.50",4.0,0.0075,2.466,0.023,1,0.956,0,NORMAL,56.076,-0.763,1,1,1,1,1,123.3,30,11,dijkstra,graph,0.5611,0,,,,,,0,,,,393896,167817,3366
1431,249.5860300064087,2026-03-06T01:47:26.481418,104.28,0.0,8.01,12.09,0.0,0.0,0.0,144.61,5.76,0.314,0.297,STRAIGHT,1.5,1.5,"CMD,0.3,1.50",4.0,0.0084,2.329,0.023,1,0.8438,0,NORMAL,56.297,-0.722,1,1,1,1,1,116.4,26,10,dijkstra,graph,0.50651,0,,,,,,0,,,,333327,151669,2934
1432,249.75306725502014,2026-03-06T01:47:26.648456,105.17,0.0,8.11,18.39,0.0,0.0,0.0,147.01,5.76,0.33,0.314,STRAIGHT,1.5,1.5,"CMD,0.3,1.50",4.0,0.0088,2.283,0.023,1,0.9031,0,NORMAL,56.947,-0.601,1,1,1,1,1,114.2,19,8,dijkstra,graph,0.52893,0,,,,,,0,,,,349132,158363,3136
1433,249.9079029560089,2026-03-06T01:47:26.803291,98.61,0.0,13.83,6.01,0.0,0.0,0.0,136.81,5.78,0.34,0.33,STRAIGHT,1.5,1.5,"CMD,0.3,1.50",4.0,0.0088,2.283,0.023,1,0.9055,0,NORMAL,56.602,-0.622,1,1,1,1,1,114.2,22,9,dijkstra,graph,0.51264,0,,,,,,0,,,,367792,153471,3237
1434,250.08614039421082,2026-03-06T01:47:26.981529,111.81,0.0,6.01,12.02,2.0,0.0,0.0,149.16,5.78,0.357,0.34,STRAIGHT,1.5,1.5,"CMD,0.3,1.50",4.0,0.0095,2.192,0.023,1,0.9589,0,NORMAL,55.975,-0.645,1,1,1,1,1,109.6,29,11,dijkstra,graph,0.48909,0,,,,,,0,,,,362901,146381,3041
1435,250.2503423690796,2026-03-06T01:47:27.145731,110.13,0.0,6.01,10.01,2.0,0.0,0.0,144.17,5.79,0.381,0.357,STRAIGHT,1.5,1.5,"CMD,0.4,1.50",4.0,0.0104,2.1,0.023,1,0.9175,0,NORMAL,54.96,-0.691,1,1,1,1,1,105.0,18,8,dijkstra,graph,0.48818,0,,,,,,0,,,,344970,146076,2977
1436,250.4176983833313,2026-03-06T01:47:27.313087,106.95,0.0,0.0,16.02,0.0,0.0,0.0,149.33,5.8,0.462,0.381,STRAIGHT,1.5,1.5,"CMD,0.4,1.50",4.0,0.0152,1.735,0.023,1,0.9568,0,NORMAL,54.385,-0.655,1,1,1,1,1,86.8,75,12,dijkstra,graph,0.4761,0,,,,,,0,,,,332563,142588,3185
1437,250.58889865875244,2026-03-06T01:47:27.484287,111.01,0.0,10.1,13.81,0.0,0.0,2.0,155.18,5.81,0.464,0.462,STRAIGHT,1.5,1.5,"CMD,0.5,1.50",4.0,0.0113,2.009,0.023,1,0.9515,0,NORMAL,53.773,-0.616,1,1,1,1,1,100.5,37,9,dijkstra,graph,0.45723,0,,,,,,0,,,,322544,136944,3019
1438,250.75740122795105,2026-03-06T01:47:27.652789,113.75,0.0,0.0,10.18,2.0,0.0,0.0,150.48,5.82,0.472,0.464,STRAIGHT,1.5,1.5,"CMD,0.5,1.50",4.0,0.0118,1.963,0.023,1,0.9133,0,NORMAL,52.58,-0.64,1,1,1,1,1,98.2,21,9,dijkstra,graph,0.44661,0,,,,,,0,,,,316924,133722,2805
1439,250.9206793308258,2026-03-06T01:47:27.816067,107.28,0.0,0.0,12.02,0.0,0.0,2.0,145.4,5.83,0.494,0.472,STRAIGHT,1.5,1.5,"CMD,0.5,1.50",4.0,0.013,1.872,0.023,1,0.894,0,NORMAL,51.45,-0.667,1,1,1,1,1,93.6,34,10,dijkstra,graph,0.43341,0,,,,,,0,,,,329511,129597,2919
1440,251.08247017860413,2026-03-06T01:47:27.977858,111.51,0.0,6.01,10.01,2.0,0.0,0.0,145.47,5.84,0.5,0.494,STRAIGHT,1.5,1.5,"CMD,0.5,1.50",4.0,0.0124,1.918,0.023,1,0.9671,0,NORMAL,50.453,-0.584,1,1,1,1,1,95.9,22,9,dijkstra,graph,0.44031,0,,,,,,0,,,,339378,131614,2979
1441,251.25678825378418,2026-03-06T01:47:28.152177,109.57,0.0,10.38,16.31,0.0,0.0,0.0,150.29,5.85,0.489,0.494,STRAIGHT,1.5,1.5,"CMD,0.5,1.50",4.0,0.0113,2.009,0.023,1,0.9764,0,NORMAL,44.528,-0.534,1,1,1,1,1,100.5,27,8,dijkstra,graph,0.42868,0,,,,,,0,,,,333686,128249,2812
1442,251.422705411911,2026-03-06T01:47:28.318094,110.33,0.0,6.01,13.53,2.0,0.0,0.0,145.89,5.86,0.489,0.489,STRAIGHT,1.5,1.5,"CMD,0.5,1.50",4.0,0.0118,1.963,0.023,1,0.8576,0,NORMAL,38.561,-0.455,1,1,1,1,1,98.2,28,8,dijkstra,graph,0.41841,0,,,,,,0,,,,288413,125096,2576
1443,251.59066104888916,2026-03-06T01:47:28.486049,109.88,0.0,8.01,12.01,0.0,0.0,0.0,149.93,5.87,0.475,0.489,STRAIGHT,1.5,1.5,"CMD,0.5,1.50",4.0,0.0108,2.055,0.023,1,0.8499,0,NORMAL,33.051,-0.484,1,1,1,1,1,102.7,29,8,dijkstra,graph,0.43818,0,,,,,,0,,,,338270,131136,2695
1444,251.76002073287964,2026-03-06T01:47:28.655409,109.02,0.0,10.09,14.2,0.0,0.0,0.0,147.33,5.87,0.505,0.489,STRAIGHT,1.5,1.5,"CMD,0.5,1.50",4.0,0.0137,1.826,0.023,1,0.8804,0,NORMAL,28.114,-0.381,1,1,1,1,1,91.3,30,8,dijkstra,graph,0.39397,0,,,,,,0,,,,298006,117790,2548
1445,251.92061519622803,2026-03-06T01:47:28.816003,104.42,0.0,10.11,10.02,2.0,0.0,0.0,142.57,5.89,0.525,0.505,STRAIGHT,1.5,1.5,"CMD,0.5,1.50",4.0,0.0137,1.826,0.023,1,0.1645,1,WARN,29.164,-0.283,1,1,1,1,1,91.3,30,8,dijkstra,graph,0.39502,0,,,,,,0,,,,298484,118086,2584
1446,252.09291982650757,2026-03-06T01:47:28.988308,107.32,0.0,7.44,16.06,8.01,0.0,0.0,155.98,5.89,0.643,0.525,STRAIGHT,1.5,1.5,"CMD,0.5,1.50",2.781,0.0213,2.754,0.081,1,0.8288,0,NORMAL,22.355,-0.278,1,1,1,1,1,224.5,103,13,dijkstra,fallback_centerline,0.35143,0,,,,,,0,,,,281851,105212,2960
1447,252.25794529914856,2026-03-06T01:47:29.153333,107.39,0.0,6.01,16.02,0.0,0.0,0.0,147.0,5.91,0.608,0.608,STRAIGHT,1.5,1.5,"CMD,0.6,1.50",4.0,0.013,1.872,0.023,1,0.8893,0,NORMAL,13.183,-0.281,1,1,1,1,1,93.6,78,10,dijkstra,graph,0.38194,0,,,,,,0,,,,312445,114222,2774
1448,252.4123728275299,2026-03-06T01:47:29.307761,106.27,0.0,6.01,10.11,0.0,0.0,0.0,138.41,5.94,0.593,0.608,STRAIGHT,1.5,1.5,"CMD,0.6,1.50",4.0,0.0137,1.826,0.023,1,0.9736,0,NORMAL,5.97,-0.219,1,1,1,1,1,91.3,38,10,dijkstra,graph,0.36477,0,,,,,,0,,,,304795,109068,2734
1449,252.58193922042847,2026-03-06T01:47:29.477327,109.56,0.0,8.01,10.01,2.0,0.0,0.0,147.02,5.94,0.584,0.593,STRAIGHT,1.5,1.5,"CMD,0.6,1.50",4.0,0.0137,1.826,0.023,1,0.9451,0,NORMAL,2.893,-0.163,1,1,1,1,1,91.3,40,9,dijkstra,graph,0.35287,0,,,,,,0,,,,290269,105414,2425
1450,252.74870347976685,2026-03-06T01:47:29.644092,107.79,0.0,6.01,10.01,2.0,0.0,0.0,142.73,5.95,0.598,0.593,STRAIGHT,1.5,1.5,"CMD,0.6,1.50",4.0,0.0152,1.735,0.023,1,0.8556,0,NORMAL,5.901,-0.123,1,1,1,1,1,86.8,45,7,dijkstra,graph,0.32407,0,,,,,,0,,,,248543,96878,2249
1451,252.91262555122375,2026-03-06T01:47:29.808014,105.35,0.0,10.27,14.02,0.0,0.0,0.0,145.9,5.95,0.644,0.598,STRAIGHT,1.5,1.5,"CMD,0.6,1.50",4.0,0.0179,1.598,0.023,1,0.9287,0,NORMAL,10.99,-0.169,1,1,1,1,1,79.9,59,8,dijkstra,graph,0.31114,0,,,,,,0,,,,236011,92915,2111
1452,253.07472729682922,2026-03-06T01:47:29.970115,109.02,0.0,5.75,13.78,2.0,0.0,0.0,146.08,5.97,0.675,0.644,STRAIGHT,1.5,1.5,"CMD,0.6,1.50",4.0,0.0179,1.598,0.023,1,0.8802,0,NORMAL,17.25,-0.203,1,1,1,1,1,79.9,53,6,dijkstra,graph,0.32048,0,,,,,,0,,,,262152,95719,2332
1453,253.23714566230774,2026-03-06T01:47:30.132534,103.65,0.0,10.36,16.36,0.0,0.0,2.0,144.39,5.99,0.744,0.675,STRAIGHT,1.5,1.5,"CMD,0.7,1.50",4.0,0.0214,1.461,0.023,1,0.945,0,NORMAL,22.608,-0.171,1,1,1,1,1,73.1,43,9,dijkstra,graph,0.31236,0,,,,,,0,,,,265376,93308,2370
1454,253.40067076683044,2026-03-06T01:47:30.296059,101.23,0.0,10.36,20.14,0.0,0.0,0.0,147.5,6.0,0.79,0.744,STRAIGHT,1.5,1.5,"CMD,0.7,1.50",4.0,0.0214,1.461,0.023,1,0.8939,0,NORMAL,26.604,-0.184,1,1,1,1,1,73.1,52,8,dijkstra,graph,0.28329,0,,,,,,0,,,,237238,84656,2246
1455,253.56818532943726,2026-03-06T01:47:30.463574,107.54,0.0,10.18,13.77,2.0,0.0,0.0,157.5,6.01,0.821,0.79,STRAIGHT,1.5,1.5,"CMD,0.8,1.50",4.0,0.0214,1.461,0.023,1,0.8243,0,NORMAL,33.705,-0.254,1,1,1,1,1,81.1,65,10,dijkstra,graph,0.272,0,,,,,,0,,,,230086,81226,2360
1456,253.75187182426453,2026-03-06T01:47:30.647260,115.73,0.0,6.01,17.88,4.01,0.0,0.0,161.65,5.99,2.48,0.821,STRAIGHT,1.5,1.5,"CMD,0.8,1.50",4.0,0.141,2.043,0.301,1,0.6136,0,NORMAL,37.079,-0.225,1,1,1,1,1,160.0,114,14,dijkstra,fallback_centerline,0.18407,0,,,,,,0,,,,141240,55016,2367
1457,253.91536402702332,2026-03-06T01:47:30.810752,109.35,0.0,6.01,14.02,0.0,0.0,0.0,147.47,5.99,3.586,2.48,STRAIGHT,1.5,1.5,"CMD,2.5,1.50",4.0,0.141,2.043,0.301,1,0.7368,0,NORMAL,38.424,-0.036,1,1,1,1,1,73.5,109,11,dijkstra,graph,0.22165,0,,,,,,0,,,,188990,66282,2522
1458,254.08801007270813,2026-03-06T01:47:30.983398,111.36,0.0,7.56,16.08,4.0,0.0,0.0,162.2,5.98,3.101,3.101,STRAIGHT,1.5,1.5,"CMD,3.1,1.50",2.486,0.0517,2.269,0.134,1,0.7085,0,NORMAL,41.891,-0.091,1,1,1,1,1,179.3,116,10,dijkstra,fallback_centerline,0.19186,0,,,,,,0,,,,140852,57274,2109
1459,254.2600929737091,2026-03-06T01:47:31.155481,113.35,0.0,6.01,8.48,10.2,0.0,0.0,154.06,5.99,4.686,3.586,STRAIGHT,1.5,1.5,"CMD,3.6,1.50",3.627,0.1917,1.836,0.334,1,0.2969,0,WARN,45.406,-0.077,1,1,1,1,1,139.7,116,10,dijkstra,fallback_centerline,0.19215,0,,,,,,0,,,,141009,57390,2109
1460,254.4326946735382,2026-03-06T01:47:31.328083,105.28,0.0,10.16,20.32,0.0,0.0,0.0,152.41,5.98,3.482,3.482,STRAIGHT,1.5,1.5,"CMD,3.5,1.50",4.0,0.026,1.324,0.023,1,0.6321,0,NORMAL,47.931,-0.11,1,1,1,1,1,66.2,54,8,dijkstra,graph,0.26033,0,,,,,,0,,,,207114,77537,2218
1461,254.59464168548584,2026-03-06T01:47:31.490030,108.26,0.0,8.01,10.3,0.0,0.0,0.0,151.91,5.99,2.68,3.482,STRAIGHT,1.5,1.5,"CMD,3.5,1.50",4.0,0.026,1.324,0.023,1,0.719,0,NORMAL,48.231,0.137,1,1,1,1,1,65.6,79,11,dijkstra,graph,0.19285,0,,,,,,0,,,,151105,57493,1793
1462,254.7691068649292,2026-03-06T01:47:31.664495,111.72,0.0,8.01,15.98,6.01,0.0,0.0,164.39,5.97,1.42,2.68,STRAIGHT,1.5,1.5,"CMD,2.7,1.50",3.229,-0.0266,3.106,-0.129,1,0.634,0,NORMAL,50.566,-0.32,1,1,1,1,1,184.2,128,10,dijkstra,fallback_centerline,0.20167,0,,,,,,0,,,,142758,60216,2291
1463,254.93796825408936,2026-03-06T01:47:31.833356,107.37,0.0,10.34,15.53,2.0,0.0,0.0,152.84,5.98,0.581,1.42,STRAIGHT,1.5,1.5,"CMD,1.4,1.50",3.229,-0.0266,3.106,-0.129,1,0.6694,0,NORMAL,51.928,-0.159,1,1,1,1,1,61.2,81,7,dijkstra,graph,0.22246,0,,,,,,0,,,,157404,66379,2214
1464,255.0996959209442,2026-03-06T01:47:31.995084,100.11,0.0,8.17,20.84,0.0,0.0,0.0,145.7,5.98,0.021,0.581,STRAIGHT,1.5,1.5,"CMD,0.6,1.50",3.229,-0.0266,3.106,-0.129,1,0.0,1,WARN,52.089,0.014,1,1,1,1,1,61.2,81,7,dijkstra,graph,0.22246,0,,,,,,0,,,,157404,66379,2214
1465,255.26505589485168,2026-03-06T01:47:32.160444,108.98,0.0,7.75,12.02,2.0,0.0,0.0,155.01,5.98,-0.352,0.021,STRAIGHT,1.5,1.5,"CMD,0.0,1.50",3.229,-0.0266,3.106,-0.129,1,0.0747,2,WARN,52.496,-0.007,1,1,1,1,1,61.2,81,7,dijkstra,graph,0.22246,0,,,,,,0,,,,157404,66379,2214
1466,255.42512035369873,2026-03-06T01:47:32.320508,111.57,0.0,0.0,10.25,0.0,0.0,0.0,146.05,6.0,-0.6,-0.352,STRAIGHT,1.5,1.5,"CMD,-0.4,1.50",3.229,-0.0266,3.106,-0.129,1,0.7367,1,NORMAL,55.786,-0.08,1,1,1,1,2,59.3,56,4,dijkstra,graph,0.1664,0,,,,,,0,,,,155345,49715,1113
1467,255.59647417068481,2026-03-06T01:47:32.491862,108.91,0.0,6.01,16.37,6.01,0.0,0.0,155.33,5.99,-0.655,-0.6,STRAIGHT,1.5,1.5,"CMD,-0.6,1.50",4.0,-0.0185,3.996,-0.148,1,0.7583,0,NORMAL,56.259,-0.079,1,1,1,1,1,224.8,120,5,dijkstra,fallback_centerline,0.18372,0,,,,,,0,,,,145131,54990,1415
1468,255.77294826507568,2026-03-06T01:47:32.668336,108.48,0.0,10.33,18.1,6.01,0.0,0.0,166.26,5.98,0.404,-0.6,STRAIGHT,1.5,1.5,"CMD,-0.6,1.50",2.498,0.0612,2.45,0.185,1,0.0,1,WARN,56.433,-0.14,1,1,1,1,1,223.8,120,5,dijkstra,fallback_centerline,0.18372,0,,,,,,0,,,,145131,54990,1415
1469,255.94302439689636,2026-03-06T01:47:32.838413,113.01,0.0,6.01,14.02,6.01,0.0,0.0,158.06,5.97,0.996,0.404,STRAIGHT,1.5,1.5,"CMD,0.4,1.50",2.984,0.0529,2.95,0.232,1,0.8018,0,NORMAL,56.281,-0.237,1,1,1,1,1,221.6,69,5,dijkstra,fallback_centerline,0.19136,0,,,,,,0,,,,139045,57309,1208
1470,256.1014907360077,2026-03-06T01:47:32.996879,99.76,0.0,10.13,12.49,6.01,0.0,0.0,144.45,5.99,1.185,0.996,STRAIGHT,1.5,1.5,"CMD,1.0,1.50",3.423,0.0379,3.393,0.219,1,0.896,0,NORMAL,56.264,-0.187,1,1,1,1,1,222.2,62,3,dijkstra,fallback_centerline,0.19917,0,,,,,,0,,,,134217,59494,1129
1471,256.2700390815735,2026-03-06T01:47:33.165427,111.99,0.0,6.52,12.02,2.0,0.0,0.0,152.35,5.98,1.124,1.124,STRAIGHT,1.5,1.5,"CMD,1.1,1.50",4.0,0.0243,1.37,0.023,1,0.8072,0,NORMAL,56.442,-0.122,1,1,1,1,1,68.5,75,4,dijkstra,graph,0.22347,0,,,,,,0,,,,159456,66815,1456
1472,256.4301447868347,2026-03-06T01:47:33.325533,107.46,0.0,0.0,22.16,0.0,0.0,0.0,143.9,5.99,1.108,1.124,STRAIGHT,1.5,1.5,"CMD,1.1,1.50",4.0,0.026,1.324,0.023,1,0.9336,0,NORMAL,56.771,-0.094,1,1,1,1,1,66.2,69,4,dijkstra,graph,0.20636,0,,,,,,0,,,,149770,61729,1349
1473,256.5922381877899,2026-03-06T01:47:33.487626,106.03,0.0,6.01,11.64,0.0,0.0,0.0,142.07,6.0,1.096,1.108,STRAIGHT,1.5,1.5,"CMD,1.1,1.50",4.0,0.026,1.324,0.023,1,0.9543,0,NORMAL,57.123,-0.054,1,1,1,1,1,66.2,61,4,dijkstra,graph,0.20581,0,,,,,,0,,,,145780,61509,1431
1474,256.74804306030273,2026-03-06T01:47:33.643431,109.51,0.0,0.0,9.75,0.0,0.0,0.0,141.79,6.01,1.044,1.096,STRAIGHT,1.5,1.5,"CMD,1.1,1.50",4.0,0.0228,1.416,0.023,1,0.9157,0,NORMAL,57.562,-0.017,1,1,1,1,1,70.8,26,3,dijkstra,graph,0.19221,0,,,,,,0,,,,133730,57541,926
1475,256.9151861667633,2026-03-06T01:47:33.810574,116.11,0.0,8.01,8.01,0.0,0.0,2.0,155.13,6.01,1.109,1.096,STRAIGHT,1.5,1.5,"CMD,1.1,1.50",4.0,0.03,1.233,0.023,1,0.8996,0,NORMAL,57.749,0.064,1,1,1,1,1,61.6,27,3,dijkstra,graph,0.18333,0,,,,,,0,,,,123195,54863,1036
1476,257.07534670829773,2026-03-06T01:47:33.970735,113.84,0.0,6.01,8.01,0.0,0.0,0.0,146.14,6.02,2.9,1.109,STRAIGHT,1.5,1.5,"CMD,1.1,1.50",2.084,0.1578,1.507,0.182,1,0.9023,0,NORMAL,59.139,0.113,1,1,1,1,1,81.7,19,3,dijkstra,graph,0.19085,0,,,,,,0,,,,134378,57035,923
1477,257.23385667800903,2026-03-06T01:47:34.129245,111.88,0.0,8.01,6.13,0.0,0.0,0.0,142.49,6.01,2.292,2.292,STRAIGHT,1.5,1.5,"CMD,2.3,1.50",4.0,0.026,1.324,0.023,1,0.9259,0,NORMAL,59.765,0.215,1,1,1,1,1,66.2,30,3,dijkstra,graph,0.19091,0,,,,,,0,,,,134481,57076,1059
1478,257.3994436264038,2026-03-06T01:47:34.294832,108.43,0.0,10.49,10.01,2.0,0.0,0.0,155.28,6.02,1.716,2.292,STRAIGHT,1.5,1.5,"CMD,2.3,1.50",4.0,0.0137,1.826,0.023,1,0.9052,0,NORMAL,61.128,0.213,1,1,1,1,1,91.3,37,3,dijkstra,graph,0.21835,0,,,,,,0,,,,147112,65364,1176
1479,257.5709002017975,2026-03-06T01:47:34.466288,115.62,0.0,6.01,14.03,2.0,0.0,0.0,153.43,6.01,1.353,1.716,STRAIGHT,1.5,1.5,"CMD,1.7,1.50",4.0,0.0152,1.735,0.023,1,0.9781,0,NORMAL,61.346,0.206,1,1,1,1,1,86.8,74,5,dijkstra,graph,0.21314,0,,,,,,0,,,,144568,63768,1474
1480,257.73801350593567,2026-03-06T01:47:34.633402,111.2,0.0,8.01,14.32,0.0,0.0,0.0,151.05,6.01,1.1,1.353,STRAIGHT,1.5,1.5,"CMD,1.4,1.50",4.0,0.0144,1.781,0.023,1,0.9737,0,NORMAL,62.056,0.253,1,1,1,1,1,89.0,93,4,dijkstra,graph,0.21928,0,,,,,,0,,,,147689,65567,1557
1481,257.89092683792114,2026-03-06T01:47:34.786315,104.08,0.0,6.01,10.33,0.0,0.0,0.0,142.82,6.02,0.921,1.1,STRAIGHT,1.5,1.5,"CMD,1.1,1.50",4.0,0.0137,1.826,0.023,1,0.9793,0,NORMAL,62.373,0.268,1,1,1,1,1,91.3,38,4,dijkstra,graph,0.21576,0,,,,,,0,,,,147005,64528,1292
1482,258.05110692977905,2026-03-06T01:47:34.946495,102.46,0.0,10.02,11.65,0.0,0.0,0.0,142.1,6.02,0.793,0.921,STRAIGHT,1.5,1.5,"CMD,0.9,1.50",4.0,0.013,1.872,0.023,1,0.9727,0,NORMAL,62.658,0.251,1,1,1,1,1,93.6,11,3,dijkstra,graph,0.22068,0,,,,,,0,,,,149639,65970,994
1483,258.2108402252197,2026-03-06T01:47:35.106228,107.35,0.0,12.33,6.01,0.0,0.0,0.0,141.71,6.03,0.708,0.793,STRAIGHT,1.5,1.5,"CMD,0.8,1.50",4.0,0.013,1.872,0.023,1,0.9738,0,NORMAL,62.747,0.279,1,1,1,1,1,93.6,33,4,dijkstra,graph,0.2282,0,,,,,,0,,,,151808,68196,1258
1484,258.37769508361816,2026-03-06T01:47:35.273083,106.37,0.0,10.38,14.63,0.0,0.0,0.0,146.45,6.03,0.66,0.708,STRAIGHT,1.5,1.5,"CMD,0.7,1.50",4.0,0.0137,1.826,0.023,1,0.975,0,NORMAL,62.841,0.3,1,1,1,1,1,91.3,43,4,dijkstra,graph,0.22936,0,,,,,,0,,,,153233,68509,1273
1485,258.53863549232483,2026-03-06T01:47:35.434024,111.13,0.0,8.01,10.02,0.0,0.0,0.0,145.18,6.06,0.619,0.66,STRAIGHT,1.5,1.5,"CMD,0.7,1.50",4.0,0.013,1.872,0.023,1,0.9807,0,NORMAL,62.921,0.32,1,1,1,1,1,93.6,39,4,dijkstra,graph,0.22812,0,,,,,,0,,,,153716,68328,1283
1486,258.7102782726288,2026-03-06T01:47:35.605666,107.05,0.0,6.01,16.44,8.01,0.0,0.0,153.53,6.05,1.266,0.66,STRAIGHT,1.5,1.5,"CMD,0.7,1.50",2.229,0.062,2.17,0.147,1,0.7364,0,NORMAL,61.907,0.406,1,1,1,1,1,224.9,117,8,dijkstra,fallback_centerline,0.1844,0,,,,,,0,,,,113357,55233,1636
1487,258.88328766822815,2026-03-06T01:47:35.778676,114.42,0.0,10.11,14.44,2.0,0.0,0.0,154.99,6.05,1.032,1.032,STRAIGHT,1.5,1.5,"CMD,1.0,1.50",4.0,0.0137,1.826,0.023,1,0.7384,0,NORMAL,60.488,0.45,1,1,1,1,1,91.3,29,5,dijkstra,graph,0.17409,0,,,,,,0,,,,96586,52182,1167
1488,259.0625011920929,2026-03-06T01:47:35.957889,128.67,0.0,6.01,12.49,0.0,0.0,0.0,163.19,6.04,0.83,1.032,STRAIGHT,1.5,1.5,"CMD,1.0,1.50",4.0,0.0104,2.1,0.023,1,0.603,0,NORMAL,59.7,0.3,1,1,1,1,1,105.0,47,4,dijkstra,graph,0.24209,0,,,,,,0,,,,159134,72401,1254
1489,259.2595603466034,2026-03-06T01:47:36.154948,119.02,0.0,10.16,21.53,8.26,0.0,0.0,181.06,6.01,0.71,0.83,STRAIGHT,1.5,1.5,"CMD,0.8,1.50",2.084,0.0114,1.966,0.022,1,0.6644,0,NORMAL,58.691,0.236,1,1,1,1,1,144.2,67,6,dijkstra,fallback_centerline,0.17364,0,,,,,,0,,,,105795,52101,1331
1490,259.43266677856445,2026-03-06T01:47:36.328055,110.79,0.0,8.01,16.02,6.01,0.0,0.0,163.07,5.99,0.952,0.83,STRAIGHT,1.5,1.5,"CMD,0.8,1.50",2.403,0.0349,2.357,0.097,1,0.7609,0,NORMAL,56.398,0.14,1,1,1,1,1,222.1,92,6,dijkstra,fallback_centerline,0.20715,0,,,,,,0,,,,135777,61959,1407
1491,259.59057903289795,2026-03-06T01:47:36.485967,110.03,0.0,10.06,8.01,0.0,0.0,0.0,141.89,6.01,0.844,0.844,STRAIGHT,1.5,1.5,"CMD,0.8,1.50",4.0,0.0152,1.735,0.023,1,0.8418,0,NORMAL,57.258,0.068,1,1,1,1,1,86.8,10,4,dijkstra,graph,0.22793,0,,,,,,0,,,,158859,68248,973
1492,259.7552230358124,2026-03-06T01:47:36.650611,110.41,0.0,10.11,10.02,0.0,0.0,0.0,147.56,6.02,0.795,0.844,STRAIGHT,1.5,1.5,"CMD,0.8,1.50",4.0,0.0169,1.644,0.023,1,0.8857,0,NORMAL,56.952,0.069,1,1,1,1,1,82.2,36,3,dijkstra,graph,0.20043,0,,,,,,0,,,,140813,59910,1037
1493,259.91682982444763,2026-03-06T01:47:36.812218,113.54,0.0,6.01,8.01,0.0,0.0,0.0,143.58,6.02,0.728,0.795,STRAIGHT,1.5,1.5,"CMD,0.8,1.50",4.0,0.0144,1.781,0.023,1,0.9337,0,NORMAL,56.373,0.102,1,1,1,1,1,89.0,12,3,dijkstra,graph,0.21583,0,,,,,,0,,,,148849,64477,826
1494,260.0737602710724,2026-03-06T01:47:36.969148,106.47,0.0,6.01,8.01,0.0,0.0,0.0,138.9,6.03,0.694,0.728,STRAIGHT,1.5,1.5,"CMD,0.7,1.50",4.0,0.0152,1.735,0.023,1,0.9449,0,NORMAL,55.683,0.098,1,1,1,1,1,86.8,10,3,dijkstra,graph,0.21145,0,,,,,,0,,,,146583,63196,789
1495,260.2372057437897,2026-03-06T01:47:37.132594,111.2,0.0,10.19,8.01,0.0,0.0,0.0,145.42,6.03,0.671,0.694,STRAIGHT,1.5,1.5,"CMD,0.7,1.50",4.0,0.0152,1.735,0.023,1,0.9677,0,NORMAL,55.721,0.156,1,1,1,1,1,86.8,9,4,dijkstra,graph,0.21707,0,,,,,,0,,,,150187,64943,787
1496,260.40224051475525,2026-03-06T01:47:37.297629,116.53,0.0,4.01,12.46,2.0,0.0,0.0,149.01,6.03,0.656,0.671,STRAIGHT,1.5,1.5,"CMD,0.7,1.50",4.0,0.0152,1.735,0.023,1,0.9354,0,NORMAL,55.142,0.133,1,1,1,1,1,86.8,12,4,dijkstra,graph,0.22419,0,,,,,,0,,,,154263,67093,741
1497,260.5596523284912,2026-03-06T01:47:37.455040,109.17,0.0,6.01,6.01,4.17,0.0,0.0,143.39,6.06,0.593,0.656,STRAIGHT,1.5,1.5,"CMD,0.7,1.50",4.0,0.0113,2.009,0.023,1,0.8901,0,NORMAL,53.67,0.238,1,1,1,1,1,100.5,12,4,dijkstra,graph,0.25593,0,,,,,,0,,,,173294,76616,1120
1498,260.7247166633606,2026-03-06T01:47:37.620105,110.65,0.0,7.02,8.01,2.0,0.0,0.0,154.75,6.06,0.593,0.593,STRAIGHT,1.5,1.5,"CMD,0.6,1.50",4.0,0.0144,1.781,0.023,1,0.9222,0,NORMAL,52.99,0.438,1,1,1,1,1,89.0,13,5,dijkstra,graph,0.24795,0,,,,,,0,,,,168984,74039,1139
1499,260.8838384151459,2026-03-06T01:47:37.779227,108.73,0.0,10.27,7.75,0.0,0.0,2.0,144.06,6.06,0.593,0.593,STRAIGHT,1.5,1.5,"CMD,0.6,1.50",4.0,0.0144,1.781,0.023,1,0.9439,0,NORMAL,52.239,0.529,1,1,1,1,1,89.0,11,4,dijkstra,graph,0.24128,0,,,,,,0,,,,160682,72128,994
1500,261.036484003067,2026-03-06T01:47:37.931872,108.85,0.0,5.75,8.01,0.0,0.0,0.0,138.63,6.08,0.616,0.593,STRAIGHT,1.5,1.5,"CMD,0.6,1.50",4.0,0.016,1.689,0.023,1,0.9495,0,NORMAL,51.861,0.518,1,1,1,1,1,84.5,9,4,dijkstra,graph,0.23345,0,,,,,,0,,,,163206,69905,876
1501,261.1973366737366,2026-03-06T01:47:38.092725,106.3,0.0,10.35,9.02,0.0,0.0,0.0,144.7,6.08,0.573,0.593,STRAIGHT,1.5,1.5,"CMD,0.6,1.50",4.0,0.0118,1.963,0.023,1,0.805,0,NORMAL,51.9,0.294,1,1,1,1,1,98.2,19,3,dijkstra,graph,0.2474,0,,,,,,0,,,,171986,74102,842
1502,261.35830092430115,2026-03-06T01:47:38.253689,108.34,0.0,10.21,10.36,0.0,0.0,0.0,142.94,6.08,0.57,0.573,STRAIGHT,1.5,1.5,"CMD,0.6,1.50",4.0,0.0137,1.826,0.023,1,0.8727,0,NORMAL,51.323,0.482,1,1,1,1,1,91.3,22,4,dijkstra,graph,0.24112,0,,,,,,0,,,,163075,72095,858
1503,261.51591300964355,2026-03-06T01:47:38.411301,113.55,0.0,6.01,6.01,0.0,0.0,0.0,141.59,6.08,0.589,0.573,STRAIGHT,1.5,1.5,"CMD,0.6,1.50",4.0,0.0152,1.735,0.023,1,0.9375,0,NORMAL,50.624,0.654,1,1,1,1,1,86.8,9,3,dijkstra,graph,0.22702,0,,,,,,0,,,,157182,67994,854
1504,261.6806468963623,2026-03-06T01:47:38.576035,112.49,0.0,8.01,6.01,0.0,0.0,0.0,150.68,6.09,0.638,0.589,STRAIGHT,1.5,1.5,"CMD,0.6,1.50",4.0,0.0179,1.598,0.023,1,0.8948,0,NORMAL,50.232,0.831,1,1,1,1,1,79.9,65,5,dijkstra,graph,0.23231,0,,,,,,0,,,,167737,69467,1290
1505,261.85199451446533,2026-03-06T01:47:38.747383,112.65,0.0,6.01,9.24,1.0,0.0,0.0,144.93,6.07,0.671,0.638,STRAIGHT,1.5,1.5,"CMD,0.6,1.50",4.0,0.0179,1.598,0.023,1,0.9159,0,NORMAL,50.061,0.943,1,1,1,1,1,79.9,23,4,dijkstra,graph,0.25254,0,,,,,,0,,,,182242,75410,1070
1506,262.0132737159729,2026-03-06T01:47:38.908662,108.53,0.0,10.15,10.29,0.0,0.0,0.0,145.26,6.07,0.708,0.671,STRAIGHT,1.5,1.5,"CMD,0.7,1.50",4.0,0.0189,1.553,0.023,1,0.9173,0,NORMAL,50.676,0.981,1,1,1,1,1,77.6,15,6,dijkstra,graph,0.23678,0,,,,,,0,,,,168915,70829,1043
1507,262.1810464859009,2026-03-06T01:47:39.076435,107.4,0.0,6.01,12.02,6.01,0.0,0.0,157.64,6.06,0.941,0.708,STRAIGHT,1.5,1.5,"CMD,0.7,1.50",2.193,0.0341,2.129,0.077,1,0.5259,0,NORMAL,51.538,0.93,1,1,1,1,1,182.0,77,4,dijkstra,fallback_centerline,0.15132,0,,,,,,0,,,,88829,45512,1112
1508,262.3369085788727,2026-03-06T01:47:39.232297,107.58,0.0,10.2,10.05,0.0,0.0,0.0,141.84,6.08,1.597,0.941,STRAIGHT,1.5,1.5,"CMD,0.9,1.50",2.185,0.0706,2.115,0.159,1,0.6583,0,NORMAL,52.718,0.858,1,1,1,1,1,181.7,50,3,dijkstra,fallback_centerline,0.1144,0,,,,,,0,,,,60946,34257,955
1509,262.4976501464844,2026-03-06T01:47:39.393038,107.21,0.0,4.01,14.37,0.0,0.0,0.0,140.25,6.09,2.034,1.597,STRAIGHT,1.5,1.5,"CMD,1.6,1.50",2.185,0.0706,2.115,0.159,1,0.8174,0,NORMAL,54.027,0.724,1,1,1,1,1,69.1,58,3,dijkstra,graph,0.1031,0,,,,,,0,,,,51114,30896,996
1510,262.67010974884033,2026-03-06T01:47:39.565498,112.37,0.0,8.01,14.03,4.01,0.0,0.0,156.44,6.07,2.762,2.034,STRAIGHT,1.5,1.5,"CMD,2.0,1.50",1.843,0.1024,1.698,0.149,1,0.3826,0,NORMAL,54.6,0.671,1,1,1,1,1,184.1,73,3,dijkstra,fallback_centerline,0.11552,0,,,,,,0,,,,61203,34615,1042
1511,262.84387707710266,2026-03-06T01:47:39.739265,117.69,0.0,6.01,12.02,6.01,0.0,0.0,159.75,6.05,2.108,2.108,STRAIGHT,1.5,1.5,"CMD,2.1,1.50",2.421,0.0194,2.379,0.055,1,0.5083,0,NORMAL,54.634,0.597,1,1,1,1,1,194.6,67,3,dijkstra,fallback_centerline,0.15099,0,,,,,,0,,,,105973,45247,895
1512,263.01719641685486,2026-03-06T01:47:39.912584,112.42,0.0,6.01,14.02,6.01,0.0,0.0,155.29,6.03,0.711,2.108,STRAIGHT,1.5,1.5,"CMD,2.1,1.50",2.234,-0.0506,2.113,-0.113,1,0.8044,0,NORMAL,54.335,0.533,1,1,1,1,1,185.7,92,4,dijkstra,fallback_centerline,0.13684,0,,,,,,0,,,,93314,40969,1050
1513,263.1808497905731,2026-03-06T01:47:40.076238,117.6,0.0,6.01,4.01,2.44,0.0,0.0,149.63,6.04,0.857,0.857,STRAIGHT,1.5,1.5,"CMD,0.9,1.50",4.0,0.0279,1.279,0.023,1,0.8331,0,NORMAL,54.141,0.52,1,1,1,1,1,63.9,15,4,dijkstra,graph,0.14628,0,,,,,,0,,,,109109,43864,755
1514,263.3378667831421,2026-03-06T01:47:40.233255,113.21,0.0,6.01,8.01,0.0,0.0,0.0,143.26,6.04,0.955,0.857,STRAIGHT,1.5,1.5,"CMD,0.9,1.50",4.0,0.0279,1.279,0.023,1,0.1544,1,WARN,53.788,0.436,1,1,1,1,1,63.9,15,4,dijkstra,graph,0.14628,0,,,,,,0,,,,109109,43864,755
1515,263.50600361824036,2026-03-06T01:47:40.401392,116.94,0.0,4.01,6.13,10.27,0.0,0.0,154.11,6.05,1.269,0.955,STRAIGHT,1.5,1.5,"CMD,1.0,1.50",3.379,0.046,3.327,0.256,1,0.4952,0,NORMAL,53.242,0.429,1,1,1,1,1,188.3,73,4,dijkstra,fallback_centerline,0.1362,0,,,,,,0,,,,93761,40819,1008
1516,263.6666166782379,2026-03-06T01:47:40.562005,112.68,0.0,6.01,6.01,0.0,0.0,0.0,140.72,6.06,1.478,1.269,STRAIGHT,1.5,1.5,"CMD,1.3,1.50",3.379,0.046,3.327,0.256,1,0.2315,0,WARN,53.219,0.44,1,1,1,1,1,61.1,52,5,dijkstra,graph,0.09149,0,,,,,,0,,,,54536,27432,964
1517,263.8280279636383,2026-03-06T01:47:40.723416,113.17,0.0,5.51,4.01,0.0,0.0,0.0,140.71,6.09,1.434,1.434,STRAIGHT,1.5,1.5,"CMD,1.4,1.50",2.252,0.0326,2.193,0.079,1,0.232,0,WARN,52.914,0.411,1,1,1,1,1,170.8,43,5,dijkstra,fallback_centerline,0.05331,0,,,,,,0,,,,24301,16014,850
1518,263.98916935920715,2026-03-06T01:47:40.884558,104.67,0.0,0.0,14.08,6.01,0.0,0.0,140.63,6.13,1.932,1.478,STRAIGHT,1.5,1.5,"CMD,1.5,1.50",2.597,0.071,2.561,0.235,1,0.4308,0,NORMAL,52.265,0.364,1,1,1,1,1,160.9,28,4,dijkstra,fallback_centerline,0.04496,0,,,,,,0,,,,17537,13510,685
1519,264.14049005508423,2026-03-06T01:47:41.035878,104.02,0.0,10.47,10.32,0.0,0.0,0.0,139.3,6.16,2.251,1.932,STRAIGHT,1.5,1.5,"CMD,1.9,1.50",2.644,0.0701,2.613,0.241,1,0.2555,0,WARN,52.005,0.317,1,1,1,1,1,147.8,33,4,dijkstra,fallback_centerline,0.04521,0,,,,,,0,,,,13163,13556,751
1520,264.2934036254883,2026-03-06T01:47:41.188792,108.48,0.0,10.34,2.01,0.0,0.0,0.0,136.85,6.17,2.464,2.251,STRAIGHT,1.5,1.5,"CMD,2.3,1.50",2.644,0.0701,2.613,0.241,1,0.3931,0,NORMAL,51.38,0.328,1,1,1,1,1,72.1,39,3,dijkstra,graph,0.04004,0,,,,,,0,,,,7976,12162,775
1521,264.45245718955994,2026-03-06T01:47:41.347845,106.56,0.0,9.54,2.0,6.16,0.0,0.0,140.36,6.17,1.005,2.251,STRAIGHT,1.5,1.5,"CMD,2.3,1.50",4.0,-0.0464,2.329,-0.126,1,0.349,0,WARN,50.862,0.238,1,1,1,1,1,117.6,11,5,dijkstra,fallback_centerline,0.03775,0,,,,,,0,,,,5898,11511,669
1522,264.59744215011597,2026-03-06T01:47:41.492830,103.39,0.0,10.01,3.3,0.0,0.0,0.0,134.98,6.19,-0.9,1.005,STRAIGHT,1.5,1.5,"CMD,1.0,1.50",4.0,-0.1144,1.918,-0.213,1,0.0,1,WARN,50.32,0.251,1,1,1,1,1,96.8,16,4,dijkstra,fallback_centerline,0.03215,0,,,,,,0,,,,5066,9798,687
1523,264.7579448223114,2026-03-06T01:47:41.653333,111.94,0.0,8.01,4.01,2.0,0.0,0.0,143.09,6.19,-0.898,-0.898,STRAIGHT,1.5,1.5,"CMD,-0.9,1.50",2.405,-0.0217,1.644,-0.029,1,0.0408,2,WARN,50.177,0.195,1,1,1,1,1,83.1,9,4,dijkstra,fallback_centerline,0.02864,0,,,,,,0,,,,4350,8689,561
1524,264.90824580192566,2026-03-06T01:47:41.803634,110.2,0.0,4.01,4.01,2.05,0.0,0.0,138.29,6.21,2.22,-0.898,STRAIGHT,1.5,1.5,"CMD,-0.9,1.50",3.152,0.2065,1.357,0.194,1,0.0,3,WARN,50.025,0.134,1,1,1,1,1,71.3,14,2,dijkstra,fallback_centerline,0.00742,0,,,,,,0,,,,2251,2299,191
1525,265.0598077774048,2026-03-06T01:47:41.955196,113.49,0.0,0.0,2.0,3.81,0.0,0.0,139.54,6.23,3.771,2.22,STRAIGHT,1.5,1.5,"CMD,2.2,1.50",1.898,0.1674,1.321,0.148,1,0.0,4,WARN,50.951,0.053,1,1,1,1,1,68.5,7,2,dijkstra,fallback_centerline,0.00599,0,,,,,,0,,,,864,1914,116
1526,265.2122266292572,2026-03-06T01:47:42.107615,116.37,0.0,6.01,2.0,2.0,0.0,2.0,140.4,6.23,5.68,3.771,STRAIGHT,1.5,1.5,"CMD,3.8,1.50",3.152,0.2323,1.341,0.214,1,0.0,5,WARN,52.733,-0.018,1,1,1,1,1,68.1,0,0,dijkstra,fallback_centerline,0.00372,0,,,,,,0,,,,0,1185,89
1527,265.36066222190857,2026-03-06T01:47:42.256051,112.39,0.0,6.01,2.0,2.0,0.0,0.0,140.43,6.26,6.953,5.68,STRAIGHT,1.5,0.2,"CMD,5.7,0.20",4.0,0.2324,1.36,0.221,1,0.0,6,LIMITED,55.297,-0.064,1,1,1,1,1,68.9,2,1,dijkstra,fallback_centerline,0.00236,0,,,,,,0,,,,0,744,50
1528,265.50188636779785,2026-03-06T01:47:42.397275,108.42,0.0,6.15,2.62,0.0,0.0,0.0,131.21,6.28,7.444,6.953,STRAIGHT,1.5,0.2,"CMD,7.0,0.20",4.0,0.2057,1.36,0.194,1,0.0,7,LIMITED,59.344,-0.164,1,1,1,1,1,68.7,0,0,dijkstra,fallback_hold,0.00079,0,,,,,,0,,,,0,314,38
1529,265.64451813697815,2026-03-06T01:47:42.539906,112.85,0.0,4.01,2.0,0.0,0.0,0.0,132.88,6.29,7.449,7.444,STRAIGHT,1.5,0.2,"CMD,7.4,0.20",4.0,0.1818,1.36,0.171,1,0.0,8,LIMITED,62.612,-0.226,1,1,1,1,1,68.5,0,0,dijkstra,fallback_hold,0.0,0,,,,,,0,,,,0,0,0
1530,265.79378390312195,2026-03-06T01:47:42.689172,115.14,0.0,6.01,0.0,0.0,0.0,0.0,139.03,6.31,7.164,7.444,STRAIGHT,1.5,0.2,"CMD,7.4,0.20",4.0,0.1606,1.36,0.15,1,0.0,9,LIMITED,65.502,-0.366,1,1,1,1,1,68.4,0,0,dijkstra,fallback_hold,0.0,0,,,,,,0,,,,0,0,0
1531,265.9387466907501,2026-03-06T01:47:42.834135,102.43,0.0,10.43,0.0,5.8,0.0,0.0,136.95,6.33,6.718,7.164,STRAIGHT,1.5,0.2,"CMD,7.2,0.20",4.0,0.1417,1.36,0.132,1,0.0,10,LIMITED,67.307,-0.394,1,1,1,1,1,68.3,0,0,dijkstra,fallback_hold,0.0,0,,,,,,0,,,,0,0,0
1532,266.0795896053314,2026-03-06T01:47:42.974978,110.8,0.0,4.0,0.0,0.0,0.0,0.0,130.83,6.36,6.192,6.718,STRAIGHT,1.5,0.2,"CMD,6.7,0.20",4.0,0.125,1.36,0.116,1,0.0,11,LIMITED,67.447,-0.315,1,1,1,1,1,68.2,0,0,dijkstra,fallback_hold,0.0,0,,,,,,0,,,,0,0,0
1533,266.2183082103729,2026-03-06T01:47:43.113696,110.67,0.0,4.01,0.0,0.0,0.0,0.0,130.71,6.39,5.64,6.192,STRAIGHT,1.5,0.2,"CMD,6.2,0.20",4.0,0.1101,1.36,0.102,1,0.0,12,LIMITED,67.382,-0.09,1,1,1,1,1,68.2,0,0,dijkstra,fallback_hold,0.0,0,,,,,,0,,,,0,0,0
1534,266.37629985809326,2026-03-06T01:47:43.271688,123.7,0.0,6.01,2.0,0.0,0.0,0.0,151.82,6.41,5.092,5.64,STRAIGHT,1.5,0.2,"CMD,5.6,0.20",4.0,0.0971,1.36,0.09,1,0.0,13,LIMITED,59.914,0.055,1,1,1,1,1,68.1,0,0,dijkstra,fallback_hold,0.0,0,,,,,,0,,,,0,0,0
1535,266.53556394577026,2026-03-06T01:47:43.430952,123.69,0.0,4.92,0.0,3.42,0.0,0.0,147.03,6.41,4.569,5.092,STRAIGHT,1.5,0.2,"CMD,5.1,0.20",4.0,0.0855,1.36,0.079,1,0.0,14,LIMITED,51.507,0.137,1,1,1,1,1,68.1,0,0,dijkstra,fallback_hold,0.0,0,,,,,,0,,,,0,0,0
1536,266.69045090675354,2026-03-06T01:47:43.585839,117.35,0.0,7.87,0.0,0.0,0.0,2.0,145.86,6.43,4.08,4.569,STRAIGHT,1.5,0.2,"CMD,4.6,0.20",4.0,0.0753,1.36,0.07,1,0.0,15,LIMITED,52.492,0.11,1,1,1,1,1,68.1,0,0,dijkstra,fallback_hold,0.0,0,,,,,,0,,,,0,0,0
1537,266.841552734375,2026-03-06T01:47:43.736941,116.75,0.0,0.0,0.0,1.98,0.0,0.0,143.09,6.44,3.631,4.08,STRAIGHT,1.5,0.2,"CMD,4.1,0.20",4.0,0.0663,1.36,0.061,1,0.0,16,LIMITED,53.438,0.019,1,1,1,1,1,68.1,0,0,dijkstra,fallback_hold,0.0,0,,,,,,0,,,,0,0,0
1538,266.98579144477844,2026-03-06T01:47:43.881180,112.19,0.0,6.01,2.0,0.0,0.0,0.0,136.23,6.46,3.223,3.631,STRAIGHT,1.5,0.2,"CMD,3.6,0.20",4.0,0.0584,1.36,0.054,1,0.0,17,LIMITED,54.081,0.092,1,1,1,1,1,68.0,0,0,dijkstra,fallback_hold,0.0,0,,,,,,0,,,,0,0,0
1539,267.1311414241791,2026-03-06T01:47:44.026530,114.11,0.0,3.75,0.0,2.0,0.0,0.0,137.34,6.5,2.855,3.223,STRAIGHT,1.5,0.2,"CMD,3.2,0.20",4.0,0.0514,1.36,0.048,1,0.0,18,LIMITED,54.711,0.157,1,1,1,1,1,68.0,0,0,dijkstra,fallback_hold,0.0,0,,,,,,0,,,,0,0,0
1540,267.27643036842346,2026-03-06T01:47:44.171818,115.24,0.0,4.01,0.0,0.0,0.0,0.0,135.27,6.54,2.525,2.855,STRAIGHT,1.5,0.2,"CMD,2.9,0.20",4.0,0.0452,1.36,0.042,1,0.0,19,LIMITED,55.836,0.233,1,1,1,1,1,68.0,0,0,dijkstra,fallback_hold,0.0,0,,,,,,0,,,,0,0,0
1541,267.421245098114,2026-03-06T01:47:44.316633,106.39,0.0,10.49,0.0,0.0,0.0,0.0,132.8,6.59,2.231,2.525,STRAIGHT,1.5,0.2,"CMD,2.5,0.20",4.0,0.0398,1.36,0.037,1,0.0,20,LIMITED,58.918,0.689,1,1,1,1,1,68.0,0,0,dijkstra,fallback_hold,0.0,0,,,,,,0,,,,0,0,0
1542,267.56257033348083,2026-03-06T01:47:44.457958,111.0,0.0,4.01,0.0,2.0,0.0,0.0,135.32,6.62,1.969,2.231,STRAIGHT,1.5,0.2,"CMD,2.2,0.20",4.0,0.035,1.36,0.032,1,0.0,21,LIMITED,60.724,0.927,1,1,1,1,1,68.0,0,0,dijkstra,fallback_hold,0.0,0,,,,,,0,,,,0,0,0
1543,267.7093493938446,2026-03-06T01:47:44.604738,115.61,0.0,2.0,0.0,2.0,0.0,0.0,138.76,6.63,1.736,1.969,STRAIGHT,1.5,0.2,"CMD,2.0,0.20",4.0,0.0308,1.36,0.029,1,0.0,22,LIMITED,61.497,1.05,1,1,1,1,1,68.0,0,0,dijkstra,fallback_hold,0.0,0,,,,,,0,,,,0,0,0
1544,267.85685777664185,2026-03-06T01:47:44.752246,109.67,0.0,10.5,0.0,4.27,0.0,0.0,140.49,6.67,1.531,1.736,STRAIGHT,1.5,0.2,"CMD,1.7,0.20",4.0,0.0271,1.36,0.025,1,0.0,23,LIMITED,63.738,1.162,1,1,1,1,1,68.0,0,0,dijkstra,fallback_hold,0.0,0,,,,,,0,,,,0,0,0
1545,268.0077967643738,2026-03-06T01:47:44.903185,119.15,0.0,4.01,0.0,0.0,0.0,0.0,141.18,6.68,1.349,1.531,STRAIGHT,1.5,0.2,"CMD,1.5,0.20",4.0,0.0239,1.36,0.022,1,0.0,24,LIMITED,63.926,1.263,1,1,1,1,1,68.0,0,0,dijkstra,fallback_hold,0.0,0,,,,,,0,,,,0,0,0
1546,268.15528106689453,2026-03-06T01:47:45.050669,112.66,0.0,0.0,0.0,0.0,0.0,10.42,137.1,6.7,1.188,1.349,STRAIGHT,1.5,0.2,"CMD,1.3,0.20",4.0,0.021,1.36,0.019,1,0.0,25,LIMITED,63.746,1.396,1,1,1,1,1,68.0,0,0,dijkstra,fallback_hold,0.0,0,,,,,,0,,,,0,0,0
1547,268.3022367954254,2026-03-06T01:47:45.197625,114.51,0.0,4.01,2.0,0.0,0.0,0.0,134.54,6.73,1.046,1.188,STRAIGHT,1.5,0.2,"CMD,1.2,0.20",4.0,0.0185,1.36,0.017,1,0.0,26,LIMITED,64.142,1.452,1,1,1,1,1,68.0,0,0,dijkstra,fallback_hold,0.0,0,,,,,,0,,,,0,0,0
1548,268.4466817378998,2026-03-06T01:47:45.342070,110.36,0.0,6.01,0.0,0.0,0.0,0.0,138.43,6.74,0.921,1.046,STRAIGHT,1.5,0.2,"CMD,1.0,0.20",4.0,0.0163,1.36,0.015,1,0.0,27,LIMITED,64.303,1.684,1,1,1,1,1,68.0,0,0,dijkstra,fallback_hold,0.0,0,,,,,,0,,,,0,0,0
1549,268.5926444530487,2026-03-06T01:47:45.488033,108.51,0.0,10.26,0.0,4.83,0.0,0.0,145.96,6.75,0.811,0.921,STRAIGHT,1.5,0.2,"CMD,0.9,0.20",4.0,0.0143,1.36,0.013,1,0.0,28,LIMITED,65.545,1.872,1,1,1,1,1,68.0,0,0,dijkstra,fallback_hold,0.0,0,,,,,,0,,,,0,0,0
1550,268.7366864681244,2026-03-06T01:47:45.632075,103.64,0.0,10.09,0.0,6.28,0.0,0.0,138.45,6.77,0.714,0.811,STRAIGHT,1.5,0.2,"CMD,0.8,0.20",4.0,0.0126,1.36,0.012,1,0.0,29,LIMITED,65.047,2.165,1,1,1,1,1,68.0,0,0,dijkstra,fallback_hold,0.0,0,,,,,,0,,,,0,0,0
1551,268.8818950653076,2026-03-06T01:47:45.777283,109.62,0.0,7.81,0.0,0.0,0.0,0.0,135.46,6.77,0.629,0.714,STRAIGHT,1.5,0.2,"CMD,0.7,0.20",4.0,0.0111,1.36,0.01,1,0.0,30,LIMITED,62.595,2.416,1,1,1,1,1,68.0,0,0,dijkstra,fallback_hold,0.0,0,,,,,,0,,,,0,0,0
1552,269.02404165267944,2026-03-06T01:47:45.919430,105.86,0.0,10.25,0.0,0.0,0.0,0.0,130.13,6.8,0.553,0.629,STRAIGHT,1.5,0.2,"CMD,0.6,0.20",4.0,0.0098,1.36,0.009,1,0.0,31,LIMITED,59.491,2.795,1,1,1,1,1,68.0,0,0,dijkstra,fallback_hold,0.0,0,,,,,,0,,,,60,0,0
1553,269.17859077453613,2026-03-06T01:47:46.073979,113.39,0.0,8.35,0.0,2.92,0.0,0.0,144.25,6.79,0.487,0.553,STRAIGHT,1.5,0.2,"CMD,0.6,0.20",4.0,0.0086,1.36,0.008,1,0.0025,32,LIMITED,58.284,2.997,1,1,1,1,1,68.0,0,0,dijkstra,fallback_hold,0.0,0,,,,,,0,,,,201,0,0
1554,269.3275775909424,2026-03-06T01:47:46.222966,111.73,0.0,0.0,0.0,9.64,0.0,0.0,137.6,6.8,0.429,0.487,STRAIGHT,1.5,0.2,"CMD,0.5,0.20",4.0,0.0076,1.36,0.007,1,0.0379,33,LIMITED,54.423,3.0,1,1,1,1,1,68.0,0,0,dijkstra,fallback_hold,0.0,0,,,,,,0,,,,406,0,0
1555,269.47407388687134,2026-03-06T01:47:46.369462,110.45,0.0,4.01,0.0,0.0,0.0,2.0,134.48,6.8,0.377,0.429,STRAIGHT,1.5,0.2,"CMD,0.4,0.20",4.0,0.0067,1.36,0.006,1,0.0,34,LIMITED,52.613,3.0,1,1,1,1,1,68.0,0,0,dijkstra,fallback_hold,0.0,0,,,,,,0,,,,52,0,0
1556,269.6180124282837,2026-03-06T01:47:46.513401,109.86,0.0,4.01,0.0,2.0,0.0,0.0,133.64,6.81,0.332,0.377,STRAIGHT,1.5,0.2,"CMD,0.4,0.20",4.0,0.0059,1.36,0.005,1,0.0,35,LIMITED,52.343,3.0,1,1,1,1,1,68.0,0,0,dijkstra,fallback_hold,0.0,0,,,,,,0,,,,0,0,0
1557,269.759019613266,2026-03-06T01:47:46.654408,110.63,0.0,4.01,0.0,2.0,0.0,0.0,133.0,6.81,0.292,0.332,STRAIGHT,1.5,0.2,"CMD,0.3,0.20",4.0,0.0052,1.36,0.005,1,0.0,36,LIMITED,51.305,3.0,1,1,1,1,1,68.0,0,0,dijkstra,fallback_hold,0.0,0,,,,,,0,,,,420,0,0
1558,269.9051342010498,2026-03-06T01:47:46.800522,105.44,0.0,10.25,0.0,2.39,0.0,0.0,134.1,6.81,0.257,0.292,STRAIGHT,1.5,0.2,"CMD,0.3,0.20",4.0,0.0045,1.36,0.004,1,0.0076,37,LIMITED,50.843,3.0,1,1,1,1,1,68.0,0,0,dijkstra,fallback_hold,0.0,0,,,,,,0,,,,1102,0,0
1559,270.04818511009216,2026-03-06T01:47:46.943573,107.27,0.0,6.01,2.0,0.0,0.0,0.0,131.3,6.82,0.226,0.257,STRAIGHT,1.5,0.2,"CMD,0.3,0.20",4.0,0.004,1.36,0.004,1,0.087,38,LIMITED,50.17,3.0,1,1,1,1,1,68.0,0,0,dijkstra,fallback_hold,0.0,0,,,,,,0,,,,1838,0,0
1560,270.19620728492737,2026-03-06T01:47:47.091595,111.97,0.0,4.01,0.0,2.0,0.0,0.0,136.01,6.81,0.199,0.226,STRAIGHT,1.5,0.2,"CMD,0.2,0.20",4.0,0.0035,1.36,0.003,1,0.0843,39,LIMITED,50.039,3.0,1,1,1,1,1,68.0,0,0,dijkstra,fallback_hold,0.0,0,,,,,,0,,,,4175,0,0
1561,270.34291553497314,2026-03-06T01:47:47.238304,103.66,0.0,10.14,2.0,0.0,0.0,0.0,134.69,6.8,0.175,0.199,STRAIGHT,1.5,0.2,"CMD,0.2,0.20",4.0,0.0031,1.36,0.003,1,0.0334,40,LIMITED,50.115,3.0,1,1,1,1,1,68.0,0,0,dijkstra,fallback_hold,0.0,0,,,,,,0,,,,5407,0,0
1562,270.48714804649353,2026-03-06T01:47:47.382536,106.05,0.0,2.0,0.0,7.93,0.0,0.0,132.71,6.79,0.154,0.175,STRAIGHT,1.5,0.2,"CMD,0.2,0.20",4.0,0.0027,1.36,0.003,1,0.0376,41,LIMITED,50.086,3.0,1,1,1,1,1,68.0,0,0,dijkstra,fallback_hold,0.0,0,,,,,,0,,,,8155,0,0
1563,270.63499188423157,2026-03-06T01:47:47.530380,112.31,0.0,6.01,2.0,0.0,0.0,0.0,134.95,6.81,0.136,0.154,STRAIGHT,1.5,0.2,"CMD,0.2,0.20",4.0,0.0024,1.36,0.002,1,0.0548,42,LIMITED,50.145,3.0,1,1,1,1,1,68.0,0,0,dijkstra,fallback_hold,0.0,0,,,,,,0,,,,17519,0,0
1564,270.7788953781128,2026-03-06T01:47:47.674284,101.69,0.0,14.17,0.0,2.0,0.0,0.0,131.89,6.83,0.119,0.136,STRAIGHT,1.5,0.2,"CMD,0.1,0.20",4.0,0.0021,1.36,0.002,1,0.1179,43,LIMITED,50.056,3.0,1,1,1,1,1,68.0,0,0,dijkstra,fallback_hold,0.0,0,,,,,,0,,,,116848,0,0
1565,270.9301264286041,2026-03-06T01:47:47.825515,109.12,0.0,11.65,0.0,0.0,0.0,0.0,143.13,6.84,0.105,0.119,STRAIGHT,1.5,0.2,"CMD,0.1,0.20",4.0,0.0019,1.36,0.002,1,0.676,42,LIMITED,50.037,3.0,1,1,1,1,1,68.0,0,0,dijkstra,fallback_hold,0.0,0,,,,,,0,,,,101376,0,0
1566,271.07972836494446,2026-03-06T01:47:47.975117,113.55,0.0,6.01,0.0,2.0,0.0,0.0,141.59,6.84,0.092,0.105,STRAIGHT,1.5,0.2,"CMD,0.1,0.20",4.0,0.0016,1.36,0.002,1,0.7466,41,LIMITED,50.005,3.0,1,1,1,1,1,68.0,0,0,dijkstra,fallback_hold,0.0,0,,,,,,0,,,,122415,3,0
1567,271.23625206947327,2026-03-06T01:47:48.131640,105.99,0.0,12.48,4.01,2.0,0.0,0.0,140.5,6.82,2.489,0.105,STRAIGHT,1.5,0.2,"CMD,0.1,0.20",2.084,0.1775,1.584,0.227,1,0.8848,40,LIMITED,50.057,3.0,1,1,1,1,1,70.4,14,1,dijkstra,fallback_centerline,0.01126,0,,,,,,0,,,,134853,3512,247
1568,271.40356040000916,2026-03-06T01:47:48.298949,113.58,0.0,0.0,17.55,4.0,0.0,2.0,153.16,6.79,2.55,2.489,STRAIGHT,1.5,0.2,"CMD,2.5,0.20",2.847,0.0648,2.824,0.261,1,0.8636,39,LIMITED,50.175,3.0,1,1,1,1,1,148.6,65,9,dijkstra,fallback_centerline,0.07438,0,,,,,,0,,,,121567,22415,1151
1569,271.56562638282776,2026-03-06T01:47:48.461015,107.49,0.0,7.42,10.11,4.0,0.0,0.0,148.05,6.76,2.488,2.489,STRAIGHT,1.5,0.2,"CMD,2.5,0.20",2.919,0.0573,2.897,0.242,1,0.855,38,LIMITED,50.519,3.0,1,1,1,1,1,180.6,61,9,dijkstra,fallback_centerline,0.0994,0,,,,,,0,,,,110093,30395,1368
1570,271.73661828041077,2026-03-06T01:47:48.632007,109.3,0.0,8.3,15.92,8.01,0.0,0.0,156.98,6.72,3.97,2.55,STRAIGHT,1.5,0.2,"CMD,2.5,0.20",1.969,0.1689,1.796,0.279,1,0.1725,39,LIMITED,51.219,3.0,1,1,1,1,1,172.2,87,10,dijkstra,fallback_centerline,0.13089,0,,,,,,0,,,,110390,39550,1569
1571,271.9033041000366,2026-03-06T01:47:48.798692,112.29,0.0,6.01,18.74,0.0,0.0,0.0,150.66,6.68,3.415,3.415,STRAIGHT,1.5,0.2,"CMD,3.4,0.20",3.053,0.0559,3.021,0.257,1,0.6847,38,LIMITED,50.079,3.0,1,1,1,1,1,207.0,86,12,dijkstra,fallback_centerline,0.14295,0,,,,,,0,,,,88140,43329,1610
1572,272.0743200778961,2026-03-06T01:47:48.969708,110.83,0.0,6.01,8.31,7.75,0.0,0.0,146.92,6.64,3.064,3.415,STRAIGHT,1.5,0.2,"CMD,3.4,0.20",2.898,0.0573,2.877,0.239,1,0.5986,37,LIMITED,50.126,3.0,1,1,1,1,1,178.8,33,6,dijkstra,fallback_centerline,0.12558,0,,,,,,0,,,,53033,38146,1208
1573,272.2377893924713,2026-03-06T01:47:49.133178,113.82,0.0,0.0,13.61,8.01,0.0,0.0,149.45,6.62,2.915,3.064,STRAIGHT,1.5,0.2,"CMD,3.1,0.20",2.817,0.0635,2.789,0.249,1,0.5723,36,LIMITED,50.173,3.0,1,1,1,1,1,212.3,40,5,dijkstra,fallback_centerline,0.11415,0,,,,,,0,,,,32866,34989,1138
1574,272.4012198448181,2026-03-06T01:47:49.296608,111.41,0.0,5.96,8.01,8.01,0.0,0.0,149.41,6.6,2.661,2.915,STRAIGHT,1.5,0.2,"CMD,2.9,0.20",3.14,0.0522,3.11,0.254,1,0.3778,35,LIMITED,50.146,3.0,1,1,1,1,1,215.2,43,6,dijkstra,fallback_centerline,0.08643,0,,,,,,0,,,,50051,26451,915
1575,272.5590898990631,2026-03-06T01:47:49.454478,109.67,0.0,6.01,10.14,0.0,0.0,0.0,141.85,6.59,2.132,2.661,STRAIGHT,1.5,0.2,"CMD,2.7,0.20",4.0,0.026,1.324,0.023,1,0.3322,35,LIMITED,50.117,3.0,1,1,1,1,1,66.2,56,7,dijkstra,graph,0.16326,0,,,,,,0,,,,91454,49327,1505
1576,272.71938848495483,2026-03-06T01:47:49.614777,102.45,0.0,9.86,12.02,2.0,0.0,0.0,144.36,6.56,1.849,2.132,STRAIGHT,1.5,0.2,"CMD,2.1,0.20",3.984,0.0311,3.727,0.217,1,0.5446,34,LIMITED,50.06,3.0,1,1,1,1,1,184.2,60,8,dijkstra,fallback_centerline,0.2256,0,,,,,,0,,,,159685,67849,1654
1577,272.8950164318085,2026-03-06T01:47:49.790405,110.11,0.0,6.01,12.02,8.01,0.0,0.0,154.81,6.52,1.69,1.849,STRAIGHT,1.5,0.2,"CMD,1.8,0.20",3.762,0.0333,3.619,0.219,1,0.9507,33,LIMITED,50.056,3.0,1,1,1,1,1,178.9,52,8,dijkstra,fallback_centerline,0.23182,0,,,,,,0,,,,160951,69694,1670
1578,273.0640621185303,2026-03-06T01:47:49.959450,111.92,0.0,6.01,12.02,2.0,0.0,0.0,153.02,6.49,1.539,1.69,STRAIGHT,1.5,0.2,"CMD,1.7,0.20",4.0,0.03,1.233,0.023,1,0.7911,32,LIMITED,50.009,3.0,1,1,1,1,1,61.6,64,6,dijkstra,graph,0.21742,0,,,,,,0,,,,131614,65515,1688
1579,273.23361349105835,2026-03-06T01:47:50.129002,107.73,0.0,7.56,14.03,8.01,0.0,0.0,151.52,6.45,1.743,1.69,STRAIGHT,1.5,0.2,"CMD,1.7,0.20",3.185,0.0521,3.151,0.26,1,0.8731,31,LIMITED,50.098,3.0,1,1,1,1,1,189.3,127,7,dijkstra,fallback_centerline,0.23378,0,,,,,,0,,,,144823,70237,1903
1580,273.4045920372009,2026-03-06T01:47:50.299980,111.65,0.0,10.04,10.02,0.0,0.0,0.0,150.67,6.41,1.783,1.743,STRAIGHT,1.5,0.2,"CMD,1.7,0.20",4.0,0.0452,1.005,0.023,1,0.9193,30,LIMITED,50.022,2.783,1,1,1,1,1,50.2,75,9,dijkstra,graph,0.23979,0,,,,,,0,,,,147407,72138,1669
1581,273.57522463798523,2026-03-06T01:47:50.470613,111.85,0.0,6.01,14.42,0.0,0.0,0.0,150.3,6.37,1.758,1.758,STRAIGHT,1.5,0.2,"CMD,1.8,0.20",4.0,0.0414,1.05,0.023,1,0.915,29,LIMITED,50.396,2.547,1,1,1,1,1,52.5,124,9,dijkstra,graph,0.2514,0,,,,,,0,,,,147604,75493,2022
1582,273.7504460811615,2026-03-06T01:47:50.645834,104.86,0.0,10.09,24.1,0.0,0.0,0.0,154.86,6.34,1.793,1.783,STRAIGHT,1.5,0.2,"CMD,1.8,0.20",4.0,0.0452,1.005,0.023,1,0.8822,28,LIMITED,50.042,2.446,1,1,1,1,1,50.2,103,11,dijkstra,graph,0.26711,0,,,,,,0,,,,155352,80142,2090
1583,273.91819024086,2026-03-06T01:47:50.813578,109.82,0.0,6.01,16.02,0.0,0.0,0.0,149.72,6.32,1.816,1.793,STRAIGHT,1.5,0.2,"CMD,1.8,0.20",4.0,0.0452,1.005,0.023,1,0.9514,27,LIMITED,50.001,2.332,1,1,1,1,1,50.2,89,12,dijkstra,graph,0.26981,0,,,,,,0,,,,154755,80873,2098
1584,274.08722376823425,2026-03-06T01:47:50.982612,107.11,0.0,6.01,14.02,0.0,0.0,0.0,147.16,6.29,1.832,1.816,STRAIGHT,1.5,0.2,"CMD,1.8,0.20",4.0,0.0452,1.005,0.023,1,0.952,26,LIMITED,50.031,2.117,1,1,1,1,1,50.2,76,11,dijkstra,graph,0.27591,0,,,,,,0,,,,157764,82761,2142
1585,274.25889253616333,2026-03-06T01:47:51.154281,113.02,0.0,4.01,22.26,0.0,0.0,0.0,159.65,6.25,1.79,1.816,STRAIGHT,1.5,0.2,"CMD,1.8,0.20",4.0,0.0414,1.05,0.023,1,0.944,25,LIMITED,50.009,2.053,1,1,1,1,1,52.5,105,12,dijkstra,graph,0.28616,0,,,,,,0,,,,158684,85787,2092
1586,274.43311190605164,2026-03-06T01:47:51.328500,110.0,0.0,6.01,22.17,0.0,0.0,0.0,156.19,6.2,1.763,1.79,STRAIGHT,1.5,0.2,"CMD,1.8,0.20",4.0,0.0414,1.05,0.023,1,0.8604,24,LIMITED,50.004,1.883,1,1,1,1,1,52.5,129,14,dijkstra,graph,0.30314,0,,,,,,0,,,,177159,90922,2463
1587,274.6086971759796,2026-03-06T01:47:51.504085,114.91,0.0,6.01,22.03,0.0,0.0,0.0,165.47,6.17,1.698,1.763,STRAIGHT,1.5,0.2,"CMD,1.8,0.20",4.0,0.038,1.096,0.023,1,0.8501,23,LIMITED,50.034,1.8,1,1,1,1,1,54.8,150,11,dijkstra,graph,0.30105,0,,,,,,0,,,,163380,89936,2243
1588,274.77302527427673,2026-03-06T01:47:51.668414,109.79,0.0,6.01,14.48,2.0,0.0,0.0,148.31,6.14,1.613,1.698,STRAIGHT,1.5,0.2,"CMD,1.7,0.20",4.0,0.035,1.142,0.023,1,0.8987,22,LIMITED,50.019,1.689,1,1,1,1,1,57.1,88,9,dijkstra,graph,0.28554,0,,,,,,0,,,,156547,85427,1666
1589,274.94800186157227,2026-03-06T01:47:51.843390,115.79,0.0,6.01,18.05,0.0,0.0,0.0,160.96,6.1,1.459,1.613,STRAIGHT,1.5,0.2,"CMD,1.6,0.20",4.0,0.0279,1.279,0.023,1,0.9305,21,LIMITED,50.073,1.713,1,1,1,1,1,63.9,160,9,dijkstra,graph,0.28242,0,,,,,,0,,,,159045,84481,2216
1590,275.1250669956207,2026-03-06T01:47:52.020455,103.24,0.0,10.18,18.03,0.0,0.0,0.0,155.0,6.07,1.356,1.459,STRAIGHT,1.5,0.2,"CMD,1.5,0.20",4.0,0.0279,1.279,0.023,1,0.8987,20,LIMITED,50.33,1.558,1,1,1,1,1,63.9,99,13,dijkstra,graph,0.2812,0,,,,,,0,,,,158081,84285,1742
1591,275.2900071144104,2026-03-06T01:47:52.185395,110.31,0.0,8.01,4.01,8.41,0.0,0.0,148.92,6.04,1.239,1.356,STRAIGHT,1.5,0.2,"CMD,1.4,0.20",4.0,0.0243,1.37,0.023,1,0.9208,19,LIMITED,50.621,1.453,1,1,1,1,1,68.5,59,9,dijkstra,graph,0.26905,0,,,,,,0,,,,158033,80464,1375
1592,275.45157861709595,2026-03-06T01:47:52.346967,106.45,0.0,6.01,18.07,0.0,0.0,0.0,151.31,6.02,1.102,1.239,STRAIGHT,1.5,0.2,"CMD,1.2,0.20",4.0,0.0201,1.507,0.023,1,0.8911,18,LIMITED,51.497,1.299,1,1,1,1,1,75.3,129,6,dijkstra,graph,0.26238,0,,,,,,0,,,,153991,78386,1707
1593,275.6292486190796,2026-03-06T01:47:52.524637,111.57,0.0,6.01,20.03,0.0,0.0,0.0,157.06,5.98,0.981,1.102,STRAIGHT,1.5,0.2,"CMD,1.1,0.20",4.0,0.0179,1.598,0.023,1,0.9205,17,LIMITED,52.863,1.063,1,1,1,1,1,79.9,131,12,dijkstra,graph,0.25775,0,,,,,,0,,,,152130,77152,1769
1594,275.7937743663788,2026-03-06T01:47:52.689163,110.45,0.0,6.01,12.02,0.0,0.0,0.0,146.5,5.96,0.886,0.981,STRAIGHT,1.5,0.2,"CMD,1.0,0.20",4.0,0.0169,1.644,0.023,1,0.9001,16,LIMITED,54.335,0.96,1,1,1,1,1,82.2,65,6,dijkstra,graph,0.27279,0,,,,,,0,,,,153172,81643,1303
1595,275.9665949344635,2026-03-06T01:47:52.861983,102.47,0.0,16.54,19.77,2.0,0.0,0.0,158.8,5.93,0.811,0.886,STRAIGHT,1.5,0.2,"CMD,0.9,0.20",4.0,0.016,1.689,0.023,1,0.9116,15,LIMITED,59.087,0.74,1,1,1,1,1,84.5,131,8,dijkstra,graph,0.24347,0,,,,,,0,,,,147194,72855,1739
1596,276.13452100753784,2026-03-06T01:47:53.029909,108.62,0.0,10.4,14.45,0.0,0.0,0.0,150.5,5.92,0.749,0.811,STRAIGHT,1.5,0.2,"CMD,0.8,0.20",4.0,0.0152,1.735,0.023,1,0.9044,14,LIMITED,61.712,0.964,1,1,1,1,1,86.8,45,7,dijkstra,graph,0.2351,0,,,,,,0,,,,143806,70330,1261
1597,276.29729771614075,2026-03-06T01:47:53.192686,109.28,0.0,8.01,12.02,0.0,0.0,0.0,146.76,5.93,0.708,0.749,STRAIGHT,1.5,0.2,"CMD,0.7,0.20",4.0,0.0152,1.735,0.023,1,0.9388,13,LIMITED,62.944,0.865,1,1,1,1,1,86.8,50,8,dijkstra,graph,0.23165,0,,,,,,0,,,,143159,69287,1203
1598,276.48213505744934,2026-03-06T01:47:53.377523,126.56,0.0,8.08,10.12,10.04,0.0,0.0,168.82,5.9,0.66,0.708,STRAIGHT,1.5,0.2,"CMD,0.7,0.20",4.0,0.0137,1.826,0.023,1,0.9272,12,LIMITED,64.675,0.789,1,1,1,1,1,91.3,69,6,dijkstra,graph,0.24213,0,,,,,,0,,,,150044,72438,1463
1599,276.6731607913971,2026-03-06T01:47:53.568549,121.29,0.0,8.01,24.08,0.0,0.0,0.0,173.12,5.87,0.611,0.66,STRAIGHT,1.5,0.2,"CMD,0.7,0.20",4.0,0.0124,1.918,0.023,1,0.9333,11,LIMITED,66.619,0.723,1,1,1,1,1,95.9,160,7,dijkstra,graph,0.24924,0,,,,,,0,,,,155559,74605,2150
1600,276.8753151893616,2026-03-06T01:47:53.770704,128.79,0.0,6.01,23.77,0.0,0.0,0.0,181.93,5.83,0.108,0.611,STRAIGHT,1.5,0.2,"CMD,0.6,0.20",2.983,-0.0217,2.009,-0.044,1,0.9222,10,LIMITED,67.824,0.743,1,1,1,1,1,104.1,126,7,dijkstra,graph,0.23981,0,,,,,,0,,,,148155,71546,1658
1601,277.0414159297943,2026-03-06T01:47:53.936804,107.78,0.0,0.0,22.27,2.0,0.0,0.0,148.08,5.84,-0.751,0.108,STRAIGHT,1.5,0.2,"CMD,0.1,0.20",2.303,-0.0599,2.055,-0.127,1,0.9684,9,LIMITED,68.825,0.693,1,1,1,1,1,108.0,72,7,dijkstra,graph,0.23963,0,,,,,,0,,,,148271,71746,1456
1602,277.2147912979126,2026-03-06T01:47:54.110179,109.77,0.0,8.01,20.03,0.0,0.0,2.0,157.36,5.83,-1.026,-0.751,STRAIGHT,1.5,0.2,"CMD,-0.8,0.20",2.576,-0.0382,2.009,-0.077,1,0.9752,8,LIMITED,70.711,0.39,1,1,1,1,1,104.9,136,8,dijkstra,graph,0.24039,0,,,,,,0,,,,147625,71953,1855
1603,277.37552666664124,2026-03-06T01:47:54.270915,104.06,0.0,6.01,16.02,0.0,0.0,2.0,146.72,5.83,-1.266,-1.026,STRAIGHT,1.5,0.2,"CMD,-1.0,0.20",2.496,-0.0423,2.009,-0.086,1,0.9808,7,LIMITED,70.711,-0.527,1,1,1,1,1,107.2,90,8,dijkstra,graph,0.2375,0,,,,,,0,,,,147145,71065,1628
1604,277.5305268764496,2026-03-06T01:47:54.425915,114.95,0.0,6.01,4.01,0.0,0.0,0.0,140.98,5.83,-1.6,-1.266,STRAIGHT,1.5,0.2,"CMD,-1.3,0.20",2.294,-0.055,2.009,-0.111,1,0.975,6,LIMITED,70.711,-1.296,1,1,1,1,1,110.6,63,6,dijkstra,graph,0.23339,0,,,,,,0,,,,145880,69808,1327
1605,277.70461678504944,2026-03-06T01:47:54.600005,110.34,0.0,6.01,12.02,0.0,0.0,0.0,144.49,5.82,-0.888,-1.266,STRAIGHT,1.5,1.5,"CMD,-1.3,1.50",4.0,0.013,1.872,0.023,1,0.9687,5,NORMAL,70.711,-2.111,1,1,1,1,1,93.6,62,6,dijkstra,graph,0.2287,0,,,,,,0,,,,146227,68462,1246
1606,277.88080167770386,2026-03-06T01:47:54.776190,116.37,0.0,8.01,20.03,2.0,0.0,0.0,162.43,5.82,-0.421,-0.888,STRAIGHT,1.5,1.5,"CMD,-0.9,1.50",4.0,0.0124,1.918,0.023,1,0.9733,4,NORMAL,70.711,-2.625,1,1,1,1,1,95.9,139,9,dijkstra,graph,0.2381,0,,,,,,0,,,,148020,71254,1820
1607,278.0440683364868,2026-03-06T01:47:54.939456,111.75,0.0,6.01,14.02,0.0,0.0,0.0,149.25,5.82,-0.102,-0.421,STRAIGHT,1.5,1.5,"CMD,-0.4,1.50",4.0,0.013,1.872,0.023,1,0.9747,3,NORMAL,70.711,-3.0,1,1,1,1,1,93.6,73,5,dijkstra,graph,0.23727,0,,,,,,0,,,,147816,71052,1464
1608,278.21474027633667,2026-03-06T01:47:55.110129,106.15,0.0,12.45,14.02,2.0,0.0,0.0,152.65,5.82,0.12,-0.102,STRAIGHT,1.5,1.5,"CMD,-0.1,1.50",4.0,0.0137,1.826,0.023,1,0.959,2,NORMAL,70.711,-3.0,1,1,1,1,1,91.3,75,6,dijkstra,graph,0.22607,0,,,,,,0,,,,143716,67783,1413
1609,278.3750379085541,2026-03-06T01:47:55.270426,110.31,0.0,6.01,10.06,0.0,0.0,0.0,146.28,5.83,0.269,0.12,STRAIGHT,1.5,1.5,"CMD,0.1,1.50",4.0,0.0137,1.826,0.023,1,0.9688,1,NORMAL,70.711,-3.0,1,1,1,1,1,91.3,82,6,dijkstra,graph,0.22779,0,,,,,,0,,,,146321,68121,1405
1610,278.54614329338074,2026-03-06T01:47:55.441531,111.45,0.0,6.01,16.05,0.0,0.0,0.0,150.9,5.83,0.377,0.269,STRAIGHT,1.5,1.5,"CMD,0.3,1.50",4.0,0.0144,1.781,0.023,1,0.9727,0,NORMAL,70.711,-3.0,1,1,1,1,1,89.0,77,10,dijkstra,graph,0.23174,0,,,,,,0,,,,145666,69422,1476
1611,278.71203088760376,2026-03-06T01:47:55.607419,110.33,0.0,8.01,12.02,2.0,0.0,0.0,149.93,5.84,0.449,0.377,STRAIGHT,1.5,1.5,"CMD,0.4,1.50",4.0,0.0144,1.781,0.023,1,0.9755,0,NORMAL,70.711,-3.0,1,1,1,1,1,89.0,67,6,dijkstra,graph,0.23448,0,,,,,,0,,,,146839,70016,1381
1612,278.8757998943329,2026-03-06T01:47:55.771188,105.4,0.0,12.32,12.03,2.0,0.0,0.0,147.75,5.85,0.508,0.449,STRAIGHT,1.5,1.5,"CMD,0.4,1.50",4.0,0.0152,1.735,0.023,1,0.9722,0,NORMAL,70.711,-3.0,1,1,1,1,1,86.8,60,7,dijkstra,graph,0.23132,0,,,,,,0,,,,144352,69152,1385
1613,279.03683853149414,2026-03-06T01:47:55.932227,102.27,0.0,0.0,24.24,2.0,0.0,0.0,145.02,5.86,0.547,0.508,STRAIGHT,1.5,1.5,"CMD,0.5,1.50",4.0,0.0152,1.735,0.023,1,0.9649,0,NORMAL,70.711,-3.0,1,1,1,1,1,86.8,80,9,dijkstra,graph,0.24122,0,,,,,,0,,,,147462,72255,1476
1614,279.2038218975067,2026-03-06T01:47:56.099210,111.1,0.0,6.01,6.01,0.0,0.0,10.12,150.96,5.86,0.585,0.547,STRAIGHT,1.5,1.5,"CMD,0.5,1.50",4.0,0.016,1.689,0.023,1,0.9758,0,NORMAL,70.711,-3.0,1,1,1,1,1,84.5,95,10,dijkstra,graph,0.24184,0,,,,,,0,,,,147950,72412,1565
1615,279.36385893821716,2026-03-06T01:47:56.259247,103.12,0.0,8.47,18.06,0.0,0.0,0.0,145.67,5.88,0.622,0.585,STRAIGHT,1.5,1.5,"CMD,0.6,1.50",4.0,0.0169,1.644,0.023,1,0.9351,0,NORMAL,70.711,-3.0,1,1,1,1,1,82.2,68,9,dijkstra,graph,0.23576,0,,,,,,0,,,,145196,70530,1398
1616,279.52904868125916,2026-03-06T01:47:56.424437,112.81,0.0,0.0,20.22,0.0,0.0,0.0,153.17,5.89,0.647,0.622,STRAIGHT,1.5,1.5,"CMD,0.6,1.50",4.0,0.0169,1.644,0.023,1,0.9742,0,NORMAL,70.711,-3.0,1,1,1,1,1,82.2,72,10,dijkstra,graph,0.23589,0,,,,,,0,,,,146450,70596,1434
1617,279.6944272518158,2026-03-06T01:47:56.589815,111.3,0.0,6.01,14.02,2.0,0.0,0.0,151.36,5.89,0.664,0.647,STRAIGHT,1.5,1.5,"CMD,0.6,1.50",4.0,0.0169,1.644,0.023,1,0.9633,0,NORMAL,70.711,-3.0,1,1,1,1,1,82.2,94,8,dijkstra,graph,0.24008,0,,,,,,0,,,,148210,71868,1484
1618,279.8630938529968,2026-03-06T01:47:56.758482,106.22,0.0,10.09,22.32,0.0,0.0,0.0,152.65,5.9,0.675,0.664,STRAIGHT,1.5,1.5,"CMD,0.7,1.50",4.0,0.0169,1.644,0.023,1,0.9453,0,NORMAL,70.711,-3.0,1,1,1,1,1,82.2,95,7,dijkstra,graph,0.22756,0,,,,,,0,,,,142828,68022,1408
1619,280.0260772705078,2026-03-06T01:47:56.921465,110.26,0.0,2.0,18.42,2.0,0.0,0.0,154.83,5.91,0.682,0.675,STRAIGHT,1.5,1.5,"CMD,0.7,1.50",4.0,0.0169,1.644,0.023,1,0.9698,0,NORMAL,70.711,-3.0,1,1,1,1,1,82.2,82,9,dijkstra,graph,0.22907,0,,,,,,0,,,,143086,68544,1376
1620,280.1948356628418,2026-03-06T01:47:57.090224,110.67,0.0,8.02,16.02,0.0,0.0,0.0,152.74,5.91,0.701,0.682,STRAIGHT,1.5,1.5,"CMD,0.7,1.50",4.0,0.0179,1.598,0.023,1,0.9501,0,NORMAL,70.711,-3.0,1,1,1,1,1,79.9,98,8,dijkstra,graph,0.23341,0,,,,,,0,,,,145278,69915,1420
1621,280.3636865615845,2026-03-06T01:47:57.259075,106.46,0.0,0.0,16.02,0.0,0.0,0.0,150.83,5.91,0.713,0.701,STRAIGHT,1.5,1.5,"CMD,0.7,1.50",4.0,0.0179,1.598,0.023,1,0.9701,0,NORMAL,70.711,-3.0,1,1,1,1,1,79.9,94,6,dijkstra,graph,0.23209,0,,,,,,0,,,,145448,69428,1463
1622,280.53452801704407,2026-03-06T01:47:57.429916,112.77,0.0,8.01,14.02,0.0,0.0,2.0,152.82,5.91,0.707,0.707,STRAIGHT,1.5,1.5,"CMD,0.7,1.50",4.0,0.0169,1.644,0.023,1,0.9775,0,NORMAL,70.711,-3.0,1,1,1,1,1,82.2,75,9,dijkstra,graph,0.23552,0,,,,,,0,,,,146407,70591,1466
1623,280.69936060905457,2026-03-06T01:47:57.594749,103.77,0.0,10.04,20.21,0.0,0.0,0.0,152.37,5.91,0.704,0.707,STRAIGHT,1.5,1.5,"CMD,0.7,1.50",4.0,0.0169,1.644,0.023,1,0.9467,0,NORMAL,70.711,-3.0,1,1,1,1,1,82.2,85,8,dijkstra,graph,0.24293,0,,,,,,0,,,,144650,72691,1409
1624,280.86072421073914,2026-03-06T01:47:57.756113,108.87,0.0,6.01,14.09,0.0,0.0,0.0,145.34,5.93,0.678,0.704,STRAIGHT,1.5,1.5,"CMD,0.7,1.50",4.0,0.0152,1.735,0.023,1,0.9263,0,NORMAL,70.711,-3.0,1,1,1,1,1,86.8,92,8,dijkstra,graph,0.247,0,,,,,,0,,,,146373,74026,1480
1625,281.0221002101898,2026-03-06T01:47:57.917489,114.43,0.0,6.01,10.09,0.0,0.0,0.0,151.07,5.93,0.64,0.678,STRAIGHT,1.5,1.5,"CMD,0.7,1.50",4.0,0.0137,1.826,0.023,1,0.9171,0,NORMAL,70.711,-3.0,1,1,1,1,1,91.3,71,7,dijkstra,graph,0.24324,0,,,,,,0,,,,143350,72942,1449
1626,281.2044689655304,2026-03-06T01:47:58.099857,118.28,0.0,10.02,13.97,0.0,0.0,0.0,160.3,5.91,-3.542,0.64,STRAIGHT,1.5,1.5,"CMD,0.6,1.50",2.084,-0.2928,1.644,-0.422,1,0.915,0,NORMAL,57.183,-3.0,1,1,1,1,1,91.5,63,11,dijkstra,graph,0.2175,0,,,,,,0,,,,132776,65176,1400
1627,281.37379240989685,2026-03-06T01:47:58.269180,106.49,0.0,10.1,18.94,0.0,0.0,1.74,151.3,5.93,-2.163,-2.163,STRAIGHT,1.5,1.5,"CMD,-2.2,1.50",4.0,0.0144,1.781,0.023,1,0.8969,0,NORMAL,51.692,-3.0,1,1,1,1,1,89.0,86,7,dijkstra,graph,0.23612,0,,,,,,0,,,,147234,70705,1508
1628,281.5291438102722,2026-03-06T01:47:58.424532,104.6,0.0,6.01,12.02,2.0,0.0,0.0,138.39,5.97,-1.244,-2.163,STRAIGHT,1.5,1.5,"CMD,-2.2,1.50",4.0,0.0144,1.781,0.023,1,0.8234,0,NORMAL,70.711,-3.0,1,1,1,1,1,82.5,62,9,dijkstra,graph,0.21543,0,,,,,,0,,,,123886,64446,1378
1629,281.6980183124542,2026-03-06T01:47:58.593407,114.09,0.0,6.01,14.02,0.0,0.0,0.0,152.4,6.01,-0.621,-1.244,STRAIGHT,1.5,1.5,"CMD,-1.2,1.50",4.0,0.0152,1.735,0.023,1,0.6835,0,NORMAL,70.711,-3.0,1,1,1,1,1,86.8,78,8,dijkstra,graph,0.25211,0,,,,,,0,,,,148206,75337,1685
1630,281.85932326316833,2026-03-06T01:47:58.754711,106.05,0.0,8.01,12.46,0.0,0.0,0.0,145.28,6.02,-0.138,-0.621,STRAIGHT,1.5,1.5,"CMD,-0.6,1.50",4.0,0.0201,1.507,0.023,1,0.8869,0,NORMAL,70.711,-3.0,1,1,1,1,1,75.3,97,8,dijkstra,graph,0.27244,0,,,,,,0,,,,153040,81505,1603
1631,282.0288908481598,2026-03-06T01:47:58.924279,110.2,0.0,6.01,18.03,0.0,0.0,0.0,149.31,6.02,0.266,-0.138,STRAIGHT,1.5,1.5,"CMD,-0.1,1.50",4.0,0.026,1.324,0.023,1,0.8618,0,NORMAL,70.711,-3.0,1,1,1,1,1,66.2,94,9,dijkstra,graph,0.29463,0,,,,,,0,,,,159024,88257,1664
1632,282.1931896209717,2026-03-06T01:47:59.088578,111.32,0.0,0.0,20.33,0.0,0.0,0.0,152.23,6.02,0.59,0.266,STRAIGHT,1.5,1.5,"CMD,0.3,1.50",4.0,0.03,1.233,0.023,1,0.8516,0,NORMAL,70.711,-3.0,1,1,1,1,1,61.6,109,7,dijkstra,graph,0.32981,0,,,,,,0,,,,167753,98706,1804
1633,282.3740062713623,2026-03-06T01:47:59.269395,108.38,0.0,0.0,16.02,2.0,0.0,0.0,152.66,5.99,0.875,0.59,STRAIGHT,1.5,1.5,"CMD,0.6,1.50",4.0,0.035,1.142,0.023,1,0.8609,0,NORMAL,70.711,-3.0,1,1,1,1,1,57.1,110,7,dijkstra,graph,0.35349,0,,,,,,0,,,,173575,105930,1770
1634,282.54890966415405,2026-03-06T01:47:59.444298,116.81,0.0,6.01,16.03,0.0,0.0,0.0,156.88,5.98,1.106,0.875,STRAIGHT,1.5,1.5,"CMD,0.9,1.50",4.0,0.038,1.096,0.023,1,0.8215,0,NORMAL,70.711,-3.0,1,1,1,1,1,54.8,82,9,dijkstra,graph,0.32283,0,,,,,,0,,,,150683,96740,1625
1635,282.7321527004242,2026-03-06T01:47:59.627541,115.06,0.0,6.01,20.03,10.01,0.0,0.0,167.22,5.98,1.219,1.106,STRAIGHT,1.5,1.5,"CMD,1.1,1.50",3.85,0.0351,3.822,0.257,1,0.8339,0,NORMAL,70.711,-3.0,1,1,1,1,1,212.9,128,13,dijkstra,fallback_centerline,0.35653,0,,,,,,0,,,,162002,106864,2033
1636,282.91553831100464,2026-03-06T01:47:59.810926,104.0,0.0,12.28,20.03,12.01,0.0,0.0,165.36,5.95,1.4,1.219,STRAIGHT,1.5,1.5,"CMD,1.2,1.50",3.531,0.0427,3.5,0.263,1,0.8975,0,NORMAL,70.711,-3.0,1,1,1,1,1,208.5,141,14,dijkstra,fallback_centerline,0.38938,0,,,,,,0,,,,174257,116584,2229
1637,283.10464310646057,2026-03-06T01:48:00.000031,102.34,0.0,10.37,30.35,14.02,0.0,0.0,173.09,5.93,1.592,1.4,STRAIGHT,1.5,1.5,"CMD,1.4,1.50",3.346,0.0479,3.313,0.265,1,0.9466,0,NORMAL,70.711,-3.0,1,1,1,1,1,207.8,143,15,dijkstra,fallback_centerline,0.40161,0,,,,,,0,,,,176290,120390,2799
1638,283.283212184906,2026-03-06T01:48:00.178600,108.19,0.0,6.01,18.24,10.07,0.0,0.0,160.54,5.91,1.792,1.592,STRAIGHT,1.5,1.5,"CMD,1.6,1.50",3.178,0.0531,3.142,0.264,1,0.9451,0,NORMAL,70.711,-2.907,1,1,1,1,1,208.2,142,15,dijkstra,fallback_centerline,0.39043,0,,,,,,0,,,,169677,116848,2728
1639,283.4785783290863,2026-03-06T01:48:00.373966,109.28,0.0,7.51,18.02,14.02,0.0,0.0,175.24,5.88,2.004,1.792,STRAIGHT,1.5,1.5,"CMD,1.8,1.50",3.013,0.0589,2.973,0.262,1,0.9358,0,NORMAL,70.711,-2.507,1,1,1,1,1,208.7,103,13,dijkstra,fallback_centerline,0.37192,0,,,,,,0,,,,165915,111533,2157
1640,283.64846658706665,2026-03-06T01:48:00.543855,103.91,0.0,10.32,19.61,2.0,0.0,0.0,153.87,5.87,2.145,2.004,STRAIGHT,1.5,1.5,"CMD,2.0,1.50",3.013,0.0589,2.973,0.262,1,0.6428,0,NORMAL,70.711,-1.977,1,1,1,1,1,89.6,102,6,dijkstra,graph,0.25052,0,,,,,,0,,,,107179,75235,1692
1641,283.83187556266785,2026-03-06T01:48:00.727264,108.73,0.0,10.34,22.29,12.01,0.0,0.0,167.39,5.85,2.732,2.145,STRAIGHT,1.5,1.5,"CMD,2.1,1.50",4.0,0.0948,2.283,0.25,1,0.6814,0,NORMAL,64.115,-0.455,1,1,1,1,1,86.8,112,7,dijkstra,fallback_hold,0.32884,0,,,,,,0,,,,157241,98417,2051
1642,284.02049446105957,2026-03-06T01:48:00.915882,117.97,0.0,8.01,16.03,12.02,0.0,0.0,172.3,5.82,2.468,2.468,STRAIGHT,1.5,1.5,"CMD,2.5,1.50",3.379,0.047,3.346,0.265,1,0.9287,0,NORMAL,57.814,0.438,1,1,1,1,1,213.9,105,9,dijkstra,fallback_centerline,0.36917,0,,,,,,0,,,,168292,110628,2095
1643,284.20729088783264,2026-03-06T01:48:01.102679,114.77,0.0,6.01,23.96,12.02,0.0,0.0,170.77,5.8,2.319,2.468,STRAIGHT,1.5,1.5,"CMD,2.5,1.50",3.311,0.049,3.277,0.265,1,0.9468,0,NORMAL,53.718,1.296,1,1,1,1,1,210.9,134,12,dijkstra,fallback_centerline,0.41219,0,,,,,,0,,,,176481,123331,2949
1644,284.3907160758972,2026-03-06T01:48:01.286104,111.17,0.0,5.52,22.67,10.01,0.0,0.0,165.4,5.77,2.185,2.319,STRAIGHT,1.5,1.5,"CMD,2.3,1.50",3.398,0.0465,3.365,0.265,1,0.9718,0,NORMAL,50.782,1.903,1,1,1,1,1,210.4,127,10,dijkstra,fallback_centerline,0.40461,0,,,,,,0,,,,177181,121178,2613
1645,284.57469367980957,2026-03-06T01:48:01.470082,111.39,0.0,10.25,15.79,10.07,0.0,0.0,165.95,5.75,2.093,2.185,STRAIGHT,1.5,1.5,"CMD,2.2,1.50",3.407,0.0463,3.375,0.265,1,0.9725,0,NORMAL,50.027,2.393,1,1,1,1,1,211.6,113,12,dijkstra,fallback_centerline,0.39678,0,,,,,,0,,,,176660,118739,2424
1646,284.7677159309387,2026-03-06T01:48:01.663104,108.27,0.0,8.02,22.03,12.02,0.0,0.0,172.76,5.72,2.04,2.093,STRAIGHT,1.5,1.5,"CMD,2.1,1.50",3.384,0.0469,3.351,0.265,1,0.9361,0,NORMAL,52.587,3.0,1,1,1,1,1,211.9,149,15,dijkstra,fallback_centerline,0.40587,0,,,,,,0,,,,174453,121490,2850
1647,284.9364161491394,2026-03-06T01:48:01.831804,110.51,0.0,6.01,18.14,0.0,0.0,0.0,150.68,5.72,2.005,2.04,STRAIGHT,1.5,1.5,"CMD,2.0,1.50",3.384,0.0469,3.351,0.265,1,0.7435,0,NORMAL,51.958,3.0,1,1,1,1,1,61.6,164,10,dijkstra,graph,0.40021,0,,,,,,0,,,,139937,120157,2805
1648,285.130544424057,2026-03-06T01:48:02.025933,108.25,0.0,8.01,30.04,10.01,0.0,0.0,173.85,5.68,2.541,2.04,STRAIGHT,1.5,1.5,"CMD,2.0,1.50",4.0,0.0877,2.374,0.25,1,0.8113,0,NORMAL,53.561,3.0,1,1,1,1,1,61.6,185,14,dijkstra,fallback_hold,0.44649,0,,,,,,0,,,,171195,133997,3353
1649,285.31272983551025,2026-03-06T01:48:02.208118,109.78,0.0,0.0,20.18,10.1,0.0,0.0,173.73,5.67,2.352,2.352,STRAIGHT,1.5,1.5,"CMD,2.4,1.50",3.169,0.0478,3.156,0.24,1,0.9216,0,NORMAL,56.028,3.0,1,1,1,1,1,188.6,171,13,dijkstra,fallback_centerline,0.43341,0,,,,,,0,,,,161988,129877,3182
1650,285.51215291023254,2026-03-06T01:48:02.407541,103.51,0.0,10.21,34.44,12.01,0.0,0.0,179.25,5.63,2.363,2.363,STRAIGHT,1.5,1.5,"CMD,2.4,1.50",2.896,0.0578,2.874,0.241,1,0.8912,0,NORMAL,51.664,3.0,1,1,1,1,1,213.5,207,13,dijkstra,fallback_centerline,0.4205,0,,,,,,0,,,,167623,126009,3246
1651,285.7070806026459,2026-03-06T01:48:02.602469,112.28,0.0,8.01,20.36,20.23,0.0,0.0,178.91,5.61,2.665,2.363,STRAIGHT,1.5,1.5,"CMD,2.4,1.50",2.596,0.0794,2.547,0.26,1,0.7081,0,NORMAL,51.552,3.0,1,1,1,1,1,200.2,175,10,dijkstra,fallback_centerline,0.39558,0,,,,,,0,,,,124737,118605,3022
1652,285.8900189399719,2026-03-06T01:48:02.785407,108.94,0.0,8.81,20.61,10.15,0.0,0.0,165.82,5.59,2.894,2.665,STRAIGHT,1.5,1.5,"CMD,2.7,1.50",2.576,0.0814,2.523,0.262,1,0.932,0,NORMAL,60.6,3.0,1,1,1,1,1,203.2,189,8,dijkstra,fallback_centerline,0.38674,0,,,,,,0,,,,119664,115913,2936
1653,286.085435628891,2026-03-06T01:48:02.980824,109.71,0.0,7.75,24.03,12.01,0.0,0.0,174.88,5.55,2.538,2.665,STRAIGHT,1.5,1.5,"CMD,2.7,1.50",3.295,0.0443,3.283,0.24,1,0.8473,0,NORMAL,69.56,3.0,1,1,1,1,1,209.9,176,10,dijkstra,fallback_centerline,0.41304,0,,,,,,0,,,,140590,123872,3284
1654,286.27032685279846,2026-03-06T01:48:03.165715,109.25,0.0,8.01,24.03,10.01,0.0,0.0,176.88,5.53,2.904,2.894,STRAIGHT,1.5,1.5,"CMD,2.9,1.50",2.511,0.0882,2.421,0.262,1,0.8598,0,NORMAL,66.26,3.0,1,1,1,1,1,195.6,161,10,dijkstra,fallback_centerline,0.4126,0,,,,,,0,,,,146835,123789,2985
1655,286.4569208621979,2026-03-06T01:48:03.352309,111.93,0.0,2.0,30.58,10.04,0.0,0.0,168.57,5.52,2.878,2.878,STRAIGHT,1.5,1.5,"CMD,2.9,1.50",2.784,0.0686,2.739,0.26,1,0.7632,0,NORMAL,62.483,3.0,1,1,1,1,1,214.5,174,11,dijkstra,fallback_centerline,0.44107,0,,,,,,0,,,,178639,132080,3145
1656,286.65008211135864,2026-03-06T01:48:03.545470,110.63,0.0,6.01,24.03,12.02,0.0,0.0,170.71,5.5,2.91,2.904,STRAIGHT,1.5,1.5,"CMD,2.9,1.50",2.714,0.0722,2.666,0.259,1,0.8607,0,NORMAL,59.829,3.0,1,1,1,1,1,178.1,156,14,dijkstra,fallback_centerline,0.42651,0,,,,,,0,,,,161506,127842,3037
1657,286.83972668647766,2026-03-06T01:48:03.735115,107.82,0.0,10.01,30.18,10.01,0.0,0.0,173.62,5.46,2.591,2.878,STRAIGHT,1.5,1.5,"CMD,2.9,1.50",3.184,0.0473,3.171,0.239,1,0.8224,0,NORMAL,58.262,3.0,1,1,1,1,1,191.4,189,17,dijkstra,fallback_centerline,0.42926,0,,,,,,0,,,,150260,128755,3197
1658,287.0277602672577,2026-03-06T01:48:03.923148,101.45,0.0,8.13,36.17,10.01,0.0,0.0,178.0,5.44,2.433,2.591,STRAIGHT,1.5,1.5,"CMD,2.6,1.50",3.096,0.0513,3.078,0.245,1,0.8119,0,NORMAL,56.719,3.0,1,1,1,1,1,220.1,203,15,dijkstra,fallback_centerline,0.44967,0,,,,,,0,,,,176873,134730,3138
1659,287.2330813407898,2026-03-06T01:48:04.128470,114.07,0.0,6.01,36.05,14.43,0.0,0.0,191.27,5.4,2.526,2.526,STRAIGHT,1.5,1.5,"CMD,2.5,1.50",2.805,0.0658,2.772,0.255,1,0.8979,0,NORMAL,54.916,3.0,1,1,1,1,1,219.3,238,21,dijkstra,fallback_centerline,0.45275,0,,,,,,0,,,,173066,135513,3584
1660,287.4254958629608,2026-03-06T01:48:04.320884,111.67,0.0,8.01,24.31,12.02,0.0,0.0,182.4,5.37,2.507,2.507,STRAIGHT,1.5,1.5,"CMD,2.5,1.50",2.937,0.0599,2.905,0.255,1,0.5225,0,NORMAL,54.393,3.0,1,1,1,1,1,221.4,161,11,dijkstra,fallback_centerline,0.35438,0,,,,,,0,,,,91669,106135,2565
1661,287.6120090484619,2026-03-06T01:48:04.507397,98.55,0.0,10.07,28.5,11.75,0.0,0.0,170.49,5.35,2.396,2.507,STRAIGHT,1.5,1.5,"CMD,2.5,1.50",3.101,0.0527,3.079,0.252,1,0.6234,0,NORMAL,53.182,3.0,1,1,1,1,1,209.6,188,13,dijkstra,fallback_centerline,0.46988,0,,,,,,0,,,,146237,140899,3198
1662,287.80181336402893,2026-03-06T01:48:04.697201,112.32,0.0,7.01,24.03,12.02,0.0,0.0,173.79,5.34,2.37,2.396,STRAIGHT,1.5,1.5,"CMD,2.4,1.50",3.041,0.0562,3.015,0.257,1,0.803,0,NORMAL,51.654,3.0,1,1,1,1,1,220.9,183,12,dijkstra,fallback_centerline,0.41843,0,,,,,,0,,,,158761,125338,2636
1663,287.96994614601135,2026-03-06T01:48:04.865334,106.53,0.0,10.5,20.52,0.0,0.0,0.0,151.65,5.35,2.061,2.37,STRAIGHT,1.5,1.5,"CMD,2.4,1.50",4.0,0.035,1.142,0.023,1,0.8454,0,NORMAL,50.71,3.0,1,1,1,1,1,57.1,148,11,dijkstra,graph,0.44068,0,,,,,,0,,,,181608,131916,2770
1664,288.1500642299652,2026-03-06T01:48:05.045452,101.73,0.0,10.14,28.67,0.0,0.0,0.0,160.01,5.35,1.787,2.061,STRAIGHT,1.5,1.5,"CMD,2.1,1.50",4.0,0.03,1.233,0.023,1,0.9489,0,NORMAL,50.571,3.0,1,1,1,1,1,61.6,151,9,dijkstra,graph,0.4488,0,,,,,,0,,,,186580,134195,2849
1665,288.3307104110718,2026-03-06T01:48:05.226098,116.52,0.0,8.01,22.03,0.0,0.0,0.0,162.62,5.36,1.526,1.787,STRAIGHT,1.5,1.5,"CMD,1.8,1.50",4.0,0.0243,1.37,0.023,1,0.9551,0,NORMAL,50.293,3.0,1,1,1,1,1,68.5,136,10,dijkstra,graph,0.4601,0,,,,,,0,,,,191012,137627,2886
1666,288.50209856033325,2026-03-06T01:48:05.397487,109.56,0.0,7.75,22.04,0.0,0.0,0.0,153.36,5.37,1.401,1.526,STRAIGHT,1.5,1.5,"CMD,1.5,1.50",4.0,0.0279,1.279,0.023,1,0.9617,0,NORMAL,50.061,3.0,1,1,1,1,1,63.9,124,16,dijkstra,graph,0.44506,0,,,,,,0,,,,184928,133111,2990
1667,288.68392968177795,2026-03-06T01:48:05.579318,105.07,0.0,12.37,30.04,0.0,0.0,0.0,163.81,5.37,1.503,1.503,STRAIGHT,1.5,1.5,"CMD,1.5,1.50",4.0,0.0414,1.05,0.023,1,0.8961,0,NORMAL,50.008,2.821,1,1,1,1,1,52.5,212,16,dijkstra,graph,0.44182,0,,,,,,0,,,,168314,132125,3608
1668,288.86483550071716,2026-03-06T01:48:05.760223,112.26,0.0,3.74,29.54,0.0,0.0,0.0,166.89,5.38,1.262,1.401,STRAIGHT,1.5,1.5,"CMD,1.4,1.50",4.0,0.0189,1.553,0.023,1,0.9133,0,NORMAL,50.164,2.857,1,1,1,1,1,77.6,187,14,dijkstra,graph,0.43087,0,,,,,,0,,,,174617,128933,3156
1669,289.04324316978455,2026-03-06T01:48:05.938631,113.22,0.0,4.01,30.41,0.0,0.0,0.0,161.92,5.38,1.136,1.262,STRAIGHT,1.5,1.5,"CMD,1.3,1.50",4.0,0.0214,1.461,0.023,1,0.9349,0,NORMAL,50.644,2.743,1,1,1,1,1,73.1,174,13,dijkstra,graph,0.44281,0,,,,,,0,,,,179999,132425,3435
1670,289.2198462486267,2026-03-06T01:48:06.115234,109.7,0.0,10.2,22.27,2.0,0.0,0.0,159.2,5.38,0.945,1.136,STRAIGHT,1.5,1.5,"CMD,1.1,1.50",4.0,0.0137,1.826,0.023,1,0.9026,0,NORMAL,51.534,2.605,1,1,1,1,1,91.3,115,14,dijkstra,graph,0.43479,0,,,,,,0,,,,186048,130253,2794
1671,289.39496541023254,2026-03-06T01:48:06.290354,111.49,0.0,8.01,18.02,0.0,0.0,0.0,159.09,5.4,0.793,0.945,STRAIGHT,1.5,1.5,"CMD,0.9,1.50",4.0,0.0118,1.963,0.023,1,0.9425,0,NORMAL,52.628,2.518,1,1,1,1,1,98.2,116,15,dijkstra,graph,0.43938,0,,,,,,0,,,,189906,131432,2802
1672,289.5624809265137,2026-03-06T01:48:06.457869,100.69,0.0,10.34,20.03,2.0,0.0,0.0,151.5,5.42,0.692,0.793,STRAIGHT,1.5,1.5,"CMD,0.8,1.50",4.0,0.0118,1.963,0.023,1,0.9174,0,NORMAL,54.022,2.278,1,1,1,1,1,98.2,120,12,dijkstra,graph,0.41899,0,,,,,,0,,,,192829,125321,2495
1673,289.73436641693115,2026-03-06T01:48:06.629755,105.6,0.0,10.12,22.12,2.0,0.0,0.0,153.86,5.43,0.64,0.692,STRAIGHT,1.5,1.5,"CMD,0.7,1.50",4.0,0.013,1.872,0.023,1,0.9238,0,NORMAL,56.808,1.791,1,1,1,1,1,93.6,121,9,dijkstra,graph,0.38946,0,,,,,,0,,,,181357,116614,2266
1674,289.8990604877472,2026-03-06T01:48:06.794449,104.59,0.0,6.01,22.03,0.0,0.0,0.0,148.67,5.45,0.615,0.64,STRAIGHT,1.5,1.5,"CMD,0.6,1.50",4.0,0.0137,1.826,0.023,1,0.9299,0,NORMAL,59.53,1.442,1,1,1,1,1,91.3,158,10,dijkstra,graph,0.37545,0,,,,,,0,,,,172384,112397,2608
1675,290.06977677345276,2026-03-06T01:48:06.965165,107.32,0.0,6.01,26.27,0.0,0.0,0.0,154.7,5.47,0.656,0.64,STRAIGHT,1.5,1.5,"CMD,0.6,1.50",4.0,0.0179,1.598,0.023,1,0.8887,0,NORMAL,67.017,0.229,1,1,1,1,1,79.9,170,11,dijkstra,graph,0.3395,0,,,,,,0,,,,156645,101574,2679
1676,290.24731492996216,2026-03-06T01:48:07.142703,103.02,0.0,10.42,32.06,0.0,0.0,0.0,161.52,5.46,0.657,0.656,STRAIGHT,1.5,1.5,"CMD,0.7,1.50",4.0,0.016,1.689,0.023,1,0.8875,0,NORMAL,68.529,-0.031,1,1,1,1,1,84.5,180,12,dijkstra,graph,0.35289,0,,,,,,0,,,,166811,105619,2924
1677,290.4272210597992,2026-03-06T01:48:07.322609,111.81,0.0,6.01,26.04,2.0,0.0,0.0,161.88,5.48,0.67,0.657,STRAIGHT,1.5,1.5,"CMD,0.7,1.50",4.0,0.0169,1.644,0.023,1,0.9536,0,NORMAL,70.17,-0.178,1,1,1,1,1,82.2,187,12,dijkstra,graph,0.32981,0,,,,,,0,,,,161894,98841,2652
1678,290.6085295677185,2026-03-06T01:48:07.503918,108.43,0.0,13.06,25.77,0.0,0.0,0.0,165.29,5.48,0.679,0.67,STRAIGHT,1.5,1.5,"CMD,0.7,1.50",4.0,0.0169,1.644,0.023,1,0.9741,0,NORMAL,70.711,-0.301,1,1,1,1,1,82.2,177,11,dijkstra,graph,0.32996,0,,,,,,0,,,,160781,98845,2611
1679,290.78241872787476,2026-03-06T01:48:07.677807,107.28,0.0,8.01,20.12,2.0,0.0,0.0,153.86,5.5,0.685,0.679,STRAIGHT,1.5,1.5,"CMD,0.7,1.50",4.0,0.0169,1.644,0.023,1,0.9358,0,NORMAL,70.711,-0.504,1,1,1,1,1,82.2,151,10,dijkstra,graph,0.34273,0,,,,,,0,,,,168170,102594,2522
1680,290.9538905620575,2026-03-06T01:48:07.849279,109.33,0.0,0.0,20.33,0.0,0.0,0.0,163.24,5.53,0.689,0.685,STRAIGHT,1.5,1.5,"CMD,0.7,1.50",4.0,0.0169,1.644,0.023,1,0.943,0,NORMAL,70.711,-1.03,1,1,1,1,1,82.2,168,10,dijkstra,graph,0.32684,0,,,,,,0,,,,167748,97779,2637
1681,291.119087934494,2026-03-06T01:48:08.014476,99.98,0.0,14.39,16.36,0.0,0.0,0.0,155.19,5.55,0.705,0.689,STRAIGHT,1.5,1.5,"CMD,0.7,1.50",4.0,0.0179,1.598,0.023,1,0.9647,0,NORMAL,70.711,-0.997,1,1,1,1,1,79.9,99,9,dijkstra,graph,0.31095,0,,,,,,0,,,,162175,93017,1993
1682,291.2930405139923,2026-03-06T01:48:08.188429,111.56,0.0,8.01,20.34,0.0,0.0,0.0,157.93,5.57,0.716,0.705,STRAIGHT,1.5,1.5,"CMD,0.7,1.50",4.0,0.0179,1.598,0.023,1,0.9317,0,NORMAL,70.711,-1.374,1,1,1,1,1,79.9,131,12,dijkstra,graph,0.3382,0,,,,,,0,,,,168514,101109,2632
1683,291.47591400146484,2026-03-06T01:48:08.371302,111.25,0.0,3.38,34.29,2.0,0.0,0.0,164.85,5.57,0.738,0.716,STRAIGHT,1.5,1.5,"CMD,0.7,1.50",4.0,0.0189,1.553,0.023,1,0.9636,0,NORMAL,70.711,-1.576,1,1,1,1,1,77.6,178,13,dijkstra,graph,0.34248,0,,,,,,0,,,,169206,102382,2841
1684,291.65403747558594,2026-03-06T01:48:08.549426,111.04,0.0,7.01,26.04,0.0,0.0,0.0,162.1,5.58,0.768,0.738,STRAIGHT,1.5,1.5,"CMD,0.7,1.50",4.0,0.0201,1.507,0.023,1,0.9408,0,NORMAL,70.711,-1.628,1,1,1,1,1,75.3,184,11,dijkstra,graph,0.32944,0,,,,,,0,,,,162268,98547,2836
1685,291.8263728618622,2026-03-06T01:48:08.721761,112.3,0.0,6.01,20.03,0.0,0.0,0.0,156.31,5.6,0.788,0.768,STRAIGHT,1.5,1.5,"CMD,0.8,1.50",4.0,0.0201,1.507,0.023,1,0.9307,0,NORMAL,70.711,-1.667,1,1,1,1,1,75.3,123,9,dijkstra,graph,0.30306,0,,,,,,0,,,,154122,90805,2145
1686,292.00596165657043,2026-03-06T01:48:08.901350,113.17,0.0,3.95,29.05,0.0,0.0,0.0,163.57,5.61,0.82,0.788,STRAIGHT,1.5,1.5,"CMD,0.8,1.50",4.0,0.0214,1.461,0.023,1,0.9482,0,NORMAL,70.711,-1.867,1,1,1,1,1,73.1,176,12,dijkstra,graph,0.3095,0,,,,,,0,,,,156793,92695,2449
1687,292.18778562545776,2026-03-06T01:48:09.083174,113.37,0.0,6.17,32.24,0.0,0.0,0.0,165.8,5.62,0.881,0.82,STRAIGHT,1.5,1.5,"CMD,0.8,1.50",4.0,0.0243,1.37,0.023,1,0.8998,0,NORMAL,70.711,-1.825,1,1,1,1,1,68.5,192,8,dijkstra,graph,0.27452,0,,,,,,0,,,,144798,82299,2386
1688,292.36754083633423,2026-03-06T01:48:09.262929,109.66,0.0,6.01,28.04,0.0,0.0,0.0,159.73,5.65,0.945,0.881,STRAIGHT,1.5,1.5,"CMD,0.9,1.50",4.0,0.026,1.324,0.023,1,0.9573,0,NORMAL,67.56,-1.819,1,1,1,1,1,66.2,179,9,dijkstra,graph,0.28221,0,,,,,,0,,,,143378,84474,2526
1689,292.53346061706543,2026-03-06T01:48:09.428849,101.34,0.0,10.19,22.35,2.0,0.0,0.0,149.9,5.68,0.988,0.945,STRAIGHT,1.5,1.5,"CMD,0.9,1.50",4.0,0.026,1.324,0.023,1,0.9591,0,NORMAL,68.698,-1.906,1,1,1,1,1,66.2,116,9,dijkstra,graph,0.25713,0,,,,,,0,,,,138049,76940,1950
1690,292.70150995254517,2026-03-06T01:48:09.596898,97.49,0.0,10.23,24.45,0.0,0.0,0.0,160.04,5.7,1.017,0.988,STRAIGHT,1.5,1.5,"CMD,1.0,1.50",4.0,0.026,1.324,0.023,1,0.9658,0,NORMAL,67.52,-1.852,1,1,1,1,1,66.2,175,10,dijkstra,graph,0.27149,0,,,,,,0,,,,140994,81177,2270
1691,292.875461101532,2026-03-06T01:48:09.770849,106.87,0.0,10.39,20.19,2.0,0.0,0.0,153.58,5.72,1.036,1.017,STRAIGHT,1.5,1.5,"CMD,1.0,1.50",4.0,0.026,1.324,0.023,1,0.9783,0,NORMAL,66.804,-1.83,1,1,1,1,1,66.2,92,6,dijkstra,graph,0.27035,0,,,,,,0,,,,141101,81008,1737
1692,293.0451397895813,2026-03-06T01:48:09.940528,115.45,0.0,5.87,18.25,0.0,0.0,0.0,155.66,5.71,1.049,1.036,STRAIGHT,1.5,1.5,"CMD,1.0,1.50",4.0,0.026,1.324,0.023,1,0.9622,0,NORMAL,63.04,-1.601,1,1,1,1,1,66.2,91,9,dijkstra,graph,0.27457,0,,,,,,0,,,,141761,82285,1785
1693,293.2281675338745,2026-03-06T01:48:10.123556,118.62,0.0,6.4,18.03,2.0,0.0,0.0,165.54,5.71,1.057,1.049,STRAIGHT,1.5,1.5,"CMD,1.0,1.50",4.0,0.026,1.324,0.023,1,0.8725,0,NORMAL,63.489,-1.698,1,1,1,1,1,66.2,109,8,dijkstra,graph,0.30283,0,,,,,,0,,,,158530,90606,2117
1694,293.4241855144501,2026-03-06T01:48:10.319574,126.49,0.0,6.01,24.49,3.51,0.0,0.0,186.0,5.69,1.326,1.057,STRAIGHT,1.5,1.5,"CMD,1.1,1.50",4.0,0.0452,1.005,0.023,1,0.9381,0,NORMAL,63.915,-1.745,1,1,1,1,1,50.2,144,10,dijkstra,graph,0.29436,0,,,,,,0,,,,150360,88083,2124
1695,293.61646604537964,2026-03-06T01:48:10.511854,126.33,0.0,8.3,24.44,0.0,0.0,0.0,175.41,5.67,1.268,1.268,STRAIGHT,1.5,1.5,"CMD,1.3,1.50",4.0,0.0279,1.279,0.023,1,0.9485,0,NORMAL,62.926,-1.674,1,1,1,1,1,63.9,126,8,dijkstra,graph,0.30289,0,,,,,,0,,,,155827,90705,2078
1696,293.80253291130066,2026-03-06T01:48:10.697921,121.63,0.0,0.0,18.14,0.0,0.0,0.0,168.04,5.67,1.229,1.268,STRAIGHT,1.5,1.5,"CMD,1.3,1.50",4.0,0.0279,1.279,0.023,1,0.8672,0,NORMAL,62.961,-1.66,1,1,1,1,1,63.9,96,11,dijkstra,graph,0.38372,0,,,,,,0,,,,178201,115011,2687
1697,293.9721488952637,2026-03-06T01:48:10.867537,113.23,0.0,6.01,16.33,0.0,0.0,2.0,151.59,5.68,1.203,1.229,STRAIGHT,1.5,1.5,"CMD,1.2,1.50",4.0,0.0279,1.279,0.023,1,0.8738,0,NORMAL,63.024,-1.562,1,1,1,1,1,63.9,89,8,dijkstra,graph,0.32262,0,,,,,,0,,,,166100,96639,2069
1698,294.1410536766052,2026-03-06T01:48:11.036442,112.07,0.0,7.01,16.02,0.0,0.0,0.0,150.88,5.69,1.215,1.215,STRAIGHT,1.5,1.5,"CMD,1.2,1.50",4.0,0.03,1.233,0.023,1,0.9691,0,NORMAL,63.628,-1.661,1,1,1,1,1,61.6,84,8,dijkstra,graph,0.30992,0,,,,,,0,,,,162526,92785,1870
1699,294.307657957077,2026-03-06T01:48:11.203046,111.28,0.0,6.01,16.09,2.0,0.0,0.0,148.58,5.7,1.255,1.215,STRAIGHT,1.5,1.5,"CMD,1.2,1.50",4.0,0.0324,1.187,0.023,1,0.9353,0,NORMAL,67.595,-2.317,1,1,1,1,1,59.4,76,6,dijkstra,graph,0.28415,0,,,,,,0,,,,159034,85184,1717
1700,294.46820402145386,2026-03-06T01:48:11.363592,108.31,0.0,6.01,14.18,0.0,0.0,0.0,144.53,5.72,1.318,1.255,STRAIGHT,1.5,1.5,"CMD,1.3,1.50",4.0,0.035,1.142,0.023,1,0.9378,0,NORMAL,70.472,-3.0,1,1,1,1,1,57.1,83,10,dijkstra,graph,0.27589,0,,,,,,0,,,,153240,82600,1834
1701,294.6399173736572,2026-03-06T01:48:11.535305,109.75,0.0,6.01,20.06,0.0,0.0,0.0,161.44,5.71,1.448,1.318,STRAIGHT,1.5,1.5,"CMD,1.3,1.50",4.0,0.0414,1.05,0.023,1,0.8559,0,NORMAL,65.278,-3.0,1,1,1,1,1,52.5,150,16,dijkstra,graph,0.34488,0,,,,,,0,,,,161922,103295,2927
1702,294.8255703449249,2026-03-06T01:48:11.720959,113.15,0.0,6.01,18.02,10.01,0.0,0.0,165.44,5.7,0.416,1.318,STRAIGHT,1.5,1.5,"CMD,1.3,1.50",3.652,-0.0399,3.622,-0.263,1,0.8486,0,NORMAL,56.804,-3.0,1,1,1,1,1,214.7,120,12,dijkstra,fallback_centerline,0.28444,0,,,,,,0,,,,151147,85213,2378
1703,295.01256012916565,2026-03-06T01:48:11.907948,104.24,0.0,10.44,30.21,10.01,0.0,0.0,170.9,5.67,-0.444,0.416,STRAIGHT,1.5,1.5,"CMD,0.4,1.50",3.197,-0.0525,3.161,-0.264,1,0.8811,0,NORMAL,39.048,-3.0,1,1,1,1,1,210.0,162,9,dijkstra,fallback_centerline,0.25459,0,,,,,,0,,,,144187,76095,2408
1704,295.2027974128723,2026-03-06T01:48:12.098185,114.48,0.0,6.01,26.04,8.01,0.0,0.0,170.21,5.65,-1.091,-0.444,STRAIGHT,1.5,1.5,"CMD,-0.4,1.50",3.04,-0.0578,3.001,-0.262,1,0.94,0,NORMAL,55.319,-3.0,1,1,1,1,1,210.5,169,8,dijkstra,fallback_centerline,0.25393,0,,,,,,0,,,,143623,76101,2453
1705,295.38420391082764,2026-03-06T01:48:12.279592,106.49,0.0,7.25,28.04,8.01,0.0,2.0,171.39,5.65,-1.513,-1.091,STRAIGHT,1.5,1.5,"CMD,-1.1,1.50",3.058,-0.0572,3.02,-0.263,1,0.9328,0,NORMAL,66.868,-3.0,1,1,1,1,1,211.6,173,9,dijkstra,fallback_centerline,0.25981,0,,,,,,0,,,,146326,77727,2413
1706,295.56664872169495,2026-03-06T01:48:12.462037,110.29,0.0,8.01,22.08,10.02,0.0,0.0,166.42,5.64,-1.771,-1.513,STRAIGHT,1.5,1.5,"CMD,-1.5,1.50",3.105,-0.0555,3.067,-0.263,1,0.9304,0,NORMAL,66.666,-3.0,1,1,1,1,1,213.6,134,7,dijkstra,fallback_centerline,0.25725,0,,,,,,0,,,,147994,76946,1966
1707,295.73673915863037,2026-03-06T01:48:12.632127,115.38,0.0,4.14,10.46,10.07,0.0,0.0,154.07,5.65,-1.913,-1.771,STRAIGHT,1.5,1.5,"CMD,-1.8,1.50",3.169,-0.0533,3.133,-0.264,1,0.9612,0,NORMAL,66.729,-3.0,1,1,1,1,1,214.5,62,8,dijkstra,fallback_centerline,0.25748,0,,,,,,0,,,,147238,77057,1637
1708,295.91354870796204,2026-03-06T01:48:12.808937,105.94,0.0,10.34,24.35,0.0,0.0,0.0,156.19,5.65,-0.655,-1.771,STRAIGHT,1.5,1.5,"CMD,-1.8,1.50",4.0,0.0452,1.005,0.023,1,0.886,0,NORMAL,68.79,-3.0,1,1,1,1,1,50.2,114,8,dijkstra,graph,0.27136,0,,,,,,0,,,,150980,81369,2067
1709,296.0804657936096,2026-03-06T01:48:12.975854,104.44,0.0,10.38,18.03,0.0,0.0,0.0,148.89,5.66,0.045,-0.655,STRAIGHT,1.5,1.5,"CMD,-0.7,1.50",4.0,0.035,1.142,0.023,1,0.8788,0,NORMAL,69.745,-3.0,1,1,1,1,1,57.1,117,8,dijkstra,graph,0.27572,0,,,,,,0,,,,154382,82610,2120
1710,296.25748085975647,2026-03-06T01:48:13.152869,116.75,0.0,6.01,20.03,0.0,0.0,0.0,156.59,5.64,0.364,0.045,STRAIGHT,1.5,1.5,"CMD,0.0,1.50",4.0,0.0243,1.37,0.023,1,0.8923,0,NORMAL,69.011,-3.0,1,1,1,1,1,68.5,112,6,dijkstra,graph,0.28523,0,,,,,,0,,,,154110,85367,2000
1711,296.4242854118347,2026-03-06T01:48:13.319674,106.71,0.0,6.01,20.03,0.0,0.0,0.0,150.78,5.65,0.489,0.364,STRAIGHT,1.5,1.5,"CMD,0.4,1.50",4.0,0.0179,1.598,0.023,1,0.9212,0,NORMAL,69.405,-3.0,1,1,1,1,1,79.9,122,8,dijkstra,graph,0.29461,0,,,,,,0,,,,155928,88108,2244
1712,296.601286649704,2026-03-06T01:48:13.496675,110.53,0.0,10.2,20.03,2.0,0.0,0.0,160.98,5.66,0.534,0.489,STRAIGHT,1.5,1.5,"CMD,0.5,1.50",4.0,0.0152,1.735,0.023,1,0.9359,0,NORMAL,70.025,-3.0,1,1,1,1,1,86.8,121,8,dijkstra,graph,0.30717,0,,,,,,0,,,,158633,91869,2253
1713,296.7773678302765,2026-03-06T01:48:13.672756,115.58,0.0,6.01,22.03,0.0,0.0,0.0,159.72,5.66,0.535,0.534,STRAIGHT,1.5,1.5,"CMD,0.5,1.50",4.0,0.013,1.872,0.023,1,0.9544,0,NORMAL,67.897,-3.0,1,1,1,1,1,93.6,146,8,dijkstra,graph,0.3038,0,,,,,,0,,,,158025,90971,2505
1714,296.9561541080475,2026-03-06T01:48:13.851542,112.27,0.0,10.44,20.03,0.0,2.0,0.0,162.77,5.65,0.512,0.534,STRAIGHT,1.5,1.5,"CMD,0.5,1.50",4.0,0.0113,2.009,0.023,1,0.9533,0,NORMAL,65.335,-3.0,1,1,1,1,1,100.5,122,7,dijkstra,graph,0.30969,0,,,,,,0,,,,159466,92808,2253
1715,297.1252164840698,2026-03-06T01:48:14.020605,108.5,0.0,10.34,20.19,0.0,0.0,2.0,155.04,5.66,0.497,0.512,STRAIGHT,1.5,1.5,"CMD,0.5,1.50",4.0,0.0113,2.009,0.023,1,0.9605,0,NORMAL,63.887,-3.0,1,1,1,1,1,100.5,82,6,dijkstra,graph,0.31076,0,,,,,,0,,,,158631,93062,2048
1716,297.30062556266785,2026-03-06T01:48:14.196014,118.94,0.0,7.94,18.03,0.0,0.0,0.0,159.39,5.67,0.494,0.497,STRAIGHT,1.5,1.5,"CMD,0.5,1.50",4.0,0.0118,1.963,0.023,1,0.9687,0,NORMAL,62.672,-3.0,1,1,1,1,1,98.2,88,5,dijkstra,graph,0.29403,0,,,,,,0,,,,154120,88095,1823
1717,297.4786653518677,2026-03-06T01:48:14.374053,121.51,0.0,6.01,18.47,0.0,0.0,0.0,162.01,5.67,0.852,0.497,STRAIGHT,1.5,1.5,"CMD,0.5,1.50",4.0,0.038,1.096,0.023,1,0.7855,0,NORMAL,60.538,-2.989,1,1,1,1,1,54.8,101,7,dijkstra,graph,0.2857,0,,,,,,0,,,,133315,85549,2055
1718,297.6626629829407,2026-03-06T01:48:14.558051,119.95,0.0,8.01,22.04,0.0,0.0,0.0,168.03,5.65,0.724,0.724,STRAIGHT,1.5,1.5,"CMD,0.7,1.50",4.0,0.0113,2.009,0.023,1,0.7815,0,NORMAL,62.138,-2.988,1,1,1,1,1,100.5,110,5,dijkstra,graph,0.31512,0,,,,,,0,,,,159370,94478,2337
1719,297.84102034568787,2026-03-06T01:48:14.736408,112.18,0.0,11.8,16.02,0.0,0.0,0.0,160.29,5.64,0.638,0.724,STRAIGHT,1.5,1.5,"CMD,0.7,1.50",4.0,0.0113,2.009,0.023,1,0.9798,0,NORMAL,61.576,-2.837,1,1,1,1,1,100.5,65,6,dijkstra,graph,0.31899,0,,,,,,0,,,,159059,95471,2048
1720,298.0096855163574,2026-03-06T01:48:14.905074,116.01,0.0,7.51,10.02,0.0,0.0,0.0,152.64,5.65,0.588,0.638,STRAIGHT,1.5,1.5,"CMD,0.6,1.50",4.0,0.0118,1.963,0.023,1,0.9637,0,NORMAL,51.357,-2.817,1,1,1,1,1,98.2,12,3,dijkstra,graph,0.30903,0,,,,,,0,,,,156706,92429,1203
1721,298.1874303817749,2026-03-06T01:48:15.082819,121.83,0.0,8.01,12.42,2.0,0.0,0.0,161.72,5.64,0.555,0.588,STRAIGHT,1.5,1.5,"CMD,0.6,1.50",4.0,0.0118,1.963,0.023,1,0.983,0,NORMAL,51.108,-2.449,1,1,1,1,1,98.2,46,4,dijkstra,graph,0.31463,0,,,,,,0,,,,158914,94242,1595
1722,298.3518269062042,2026-03-06T01:48:15.247215,112.32,0.0,8.01,12.02,2.0,0.0,0.0,148.37,5.66,0.526,0.555,STRAIGHT,1.5,1.5,"CMD,0.6,1.50",4.0,0.0113,2.009,0.023,1,0.9587,0,NORMAL,50.722,-2.002,1,1,1,1,1,100.5,47,6,dijkstra,graph,0.3256,0,,,,,,0,,,,158426,97471,1626
1723,298.51671957969666,2026-03-06T01:48:15.412108,114.62,0.0,6.01,14.22,0.0,0.0,0.0,148.87,5.69,0.506,0.526,STRAIGHT,1.5,1.5,"CMD,0.5,1.50",4.0,0.0113,2.009,0.023,1,0.9381,0,NORMAL,50.271,-1.506,1,1,1,1,1,100.5,51,7,dijkstra,graph,0.34868,0,,,,,,0,,,,168001,104417,1840
1724,298.68682289123535,2026-03-06T01:48:15.582211,108.47,0.0,10.26,18.29,0.0,0.0,0.0,160.06,5.72,0.486,0.506,STRAIGHT,1.5,1.5,"CMD,0.5,1.50",4.0,0.0108,2.055,0.023,1,0.9655,0,NORMAL,50.007,-0.885,1,1,1,1,1,102.7,47,9,dijkstra,graph,0.36822,0,,,,,,0,,,,172055,110363,1667
1725,298.8576326370239,2026-03-06T01:48:15.753021,110.32,0.0,6.92,15.52,2.0,0.0,0.0,152.79,5.74,-0.27,0.486,STRAIGHT,1.5,1.5,"CMD,0.5,1.50",2.794,-0.0432,2.237,-0.108,1,0.9264,0,NORMAL,50.546,0.07,1,1,1,1,1,115.3,89,11,dijkstra,graph,0.40041,0,,,,,,0,,,,176795,119894,2663
1726,299.03074073791504,2026-03-06T01:48:15.926129,112.68,0.0,8.01,18.02,2.0,0.0,0.0,157.09,5.73,-1.113,-0.27,STRAIGHT,1.5,1.5,"CMD,-0.3,1.50",2.491,-0.0679,2.283,-0.178,1,0.9433,0,NORMAL,52.059,0.47,1,1,1,1,1,119.7,104,10,dijkstra,graph,0.41754,0,,,,,,0,,,,186167,124994,2748
1727,299.20694971084595,2026-03-06T01:48:16.102338,113.34,0.0,6.01,24.04,0.0,0.0,0.0,160.19,5.72,-1.963,-1.113,STRAIGHT,1.5,1.5,"CMD,-1.1,1.50",2.16,-0.0889,2.119,-0.201,1,0.9291,0,NORMAL,56.0,1.093,1,1,1,1,1,130.8,116,11,dijkstra,graph,0.43676,0,,,,,,0,,,,192530,130941,3057
1728,299.3817582130432,2026-03-06T01:48:16.277146,110.34,0.0,0.0,16.06,0.0,0.0,2.0,154.78,5.72,-2.312,-1.963,STRAIGHT,1.5,1.5,"CMD,-2.0,1.50",2.653,-0.073,2.42,-0.216,1,0.9514,0,NORMAL,59.717,1.435,1,1,1,1,1,125.3,61,10,dijkstra,graph,0.44961,0,,,,,,0,,,,200020,134811,2729
1729,299.5477352142334,2026-03-06T01:48:16.443123,113.68,0.0,0.0,20.26,2.0,0.0,0.0,149.96,5.71,-1.21,-1.963,STRAIGHT,1.5,1.5,"CMD,-2.0,1.50",4.0,0.0241,2.466,0.073,1,0.9561,0,NORMAL,62.758,1.704,1,1,1,1,1,123.9,47,9,dijkstra,graph,0.44738,0,,,,,,0,,,,193760,134186,2714
1730,299.7249867916107,2026-03-06T01:48:16.620375,117.1,0.0,10.08,14.02,2.0,0.0,0.0,161.23,5.7,-2.04,-2.04,STRAIGHT,1.5,1.5,"CMD,-2.0,1.50",2.447,-0.0899,2.394,-0.261,1,0.9501,0,NORMAL,61.957,1.788,1,1,1,1,1,125.7,48,10,dijkstra,graph,0.44744,0,,,,,,0,,,,199698,134079,2689
1731,299.8935601711273,2026-03-06T01:48:16.788948,112.38,0.0,6.01,12.11,0.0,0.0,0.0,148.54,5.72,-2.369,-2.04,STRAIGHT,1.5,1.5,"CMD,-2.0,1.50",2.565,-0.0734,2.374,-0.209,1,0.928,0,NORMAL,60.956,2.052,1,1,1,1,1,123.7,48,8,dijkstra,graph,0.43921,0,,,,,,0,,,,195816,131591,2465
1732,300.05082058906555,2026-03-06T01:48:16.946209,101.18,0.0,6.01,12.02,2.0,0.0,0.0,139.24,5.76,-1.615,-2.04,STRAIGHT,1.5,1.5,"CMD,-2.0,1.50",4.0,-0.0026,2.329,-0.007,1,0.9349,0,NORMAL,56.791,2.304,1,1,1,1,1,117.0,44,9,dijkstra,graph,0.42942,0,,,,,,0,,,,188834,128523,2275
1733,300.2184340953827,2026-03-06T01:48:17.113822,106.38,0.0,10.41,16.18,2.0,0.0,0.0,159.6,5.78,-0.956,-1.615,STRAIGHT,1.5,1.5,"CMD,-1.6,1.50",4.0,0.0088,2.283,0.023,1,0.9662,0,NORMAL,53.835,2.462,1,1,1,1,1,114.2,24,6,dijkstra,graph,0.43624,0,,,,,,0,,,,193069,130599,2275
1734,300.3814148902893,2026-03-06T01:48:17.276803,100.34,0.0,15.57,15.03,0.0,0.0,0.0,144.96,5.8,-0.517,-0.956,STRAIGHT,1.5,1.5,"CMD,-1.0,1.50",4.0,0.0088,2.283,0.023,1,0.9455,0,NORMAL,51.514,2.664,1,1,1,1,1,114.2,47,9,dijkstra,graph,0.44769,0,,,,,,0,,,,195735,133949,2480
1735,300.54122734069824,2026-03-06T01:48:17.436616,98.93,0.0,14.29,10.02,2.0,0.0,0.0,149.76,5.83,-0.219,-0.517,STRAIGHT,1.5,1.5,"CMD,-0.5,1.50",4.0,0.0091,2.237,0.023,1,0.9504,0,NORMAL,50.34,3.0,1,1,1,1,1,111.9,31,7,dijkstra,graph,0.45882,0,,,,,,0,,,,202429,137327,2348
1736,300.7119071483612,2026-03-06T01:48:17.607295,118.6,0.0,6.01,14.02,0.0,0.0,0.0,154.65,5.83,0.002,-0.219,STRAIGHT,1.5,1.5,"CMD,-0.2,1.50",4.0,0.0108,2.055,0.023,1,0.9018,0,NORMAL,50.0,3.0,1,1,1,1,1,102.7,56,13,dijkstra,graph,0.46975,0,,,,,,0,,,,210161,140798,2670
1737,300.87177538871765,2026-03-06T01:48:17.767163,101.7,0.0,10.21,15.93,0.0,0.0,0.0,141.85,5.85,0.132,0.002,STRAIGHT,1.5,1.5,"CMD,0.0,1.50",4.0,0.0095,2.192,0.023,1,0.9626,0,NORMAL,50.282,3.0,1,1,1,1,1,109.6,39,9,dijkstra,graph,0.46686,0,,,,,,0,,,,209984,139757,2318
1738,301.03772377967834,2026-03-06T01:48:17.933112,111.7,0.0,6.01,13.79,0.0,0.0,0.0,147.92,5.85,-0.347,0.002,STRAIGHT,1.5,1.5,"CMD,0.0,1.50",3.541,-0.0316,2.466,-0.096,1,0.94,0,NORMAL,51.592,3.0,1,1,1,1,1,125.7,32,9,dijkstra,graph,0.45882,0,,,,,,0,,,,203143,137440,2340
1739,301.20499897003174,2026-03-06T01:48:18.100387,112.33,0.0,4.44,14.18,0.0,0.0,0.0,145.21,5.86,-0.111,-0.111,STRAIGHT,1.5,1.5,"CMD,-0.1,1.50",4.0,0.0088,2.283,0.023,1,0.9219,0,NORMAL,51.198,3.0,1,1,1,1,1,114.2,29,8,dijkstra,graph,0.44853,0,,,,,,0,,,,200646,134220,2282
1740,301.3633773326874,2026-03-06T01:48:18.258765,108.31,0.0,6.01,12.02,0.0,0.0,0.0,142.36,5.87,0.063,-0.111,STRAIGHT,1.5,1.5,"CMD,-0.1,1.50",4.0,0.0099,2.146,0.023,1,0.9486,0,NORMAL,49.879,3.0,1,1,1,1,1,107.3,33,8,dijkstra,graph,0.43405,0,,,,,,0,,,,194881,129905,2223
1741,301.53347086906433,2026-03-06T01:48:18.428859,114.41,0.0,0.0,20.41,2.0,0.0,0.0,152.07,5.88,0.355,0.063,STRAIGHT,1.5,1.5,"CMD,0.1,1.50",4.0,0.0228,1.416,0.023,1,0.8027,0,NORMAL,51.615,3.0,1,1,1,1,1,70.8,55,8,dijkstra,graph,0.43814,0,,,,,,0,,,,202108,131332,2403
1742,301.70297837257385,2026-03-06T01:48:18.598367,113.17,0.0,6.01,14.02,0.0,0.0,2.0,151.32,5.89,0.858,0.355,STRAIGHT,1.5,1.5,"CMD,0.4,1.50",4.0,0.0452,1.005,0.023,1,0.8258,0,NORMAL,53.007,3.0,1,1,1,1,1,50.2,68,6,dijkstra,graph,0.40153,0,,,,,,0,,,,174037,120366,1886
1743,301.8660719394684,2026-03-06T01:48:18.761460,110.6,0.0,0.0,20.45,0.0,0.0,0.0,147.07,5.91,0.702,0.702,STRAIGHT,1.5,1.5,"CMD,0.7,1.50",4.0,0.0095,2.192,0.023,1,0.8128,0,NORMAL,52.314,3.0,1,1,1,1,1,109.6,120,13,dijkstra,graph,0.44436,0,,,,,,0,,,,210264,132844,3392
1744,302.0389142036438,2026-03-06T01:48:18.934302,113.94,0.0,6.01,10.01,0.0,0.0,0.0,152.52,5.9,0.584,0.702,STRAIGHT,1.5,1.5,"CMD,0.7,1.50",4.0,0.0084,2.329,0.023,1,0.9101,0,NORMAL,55.237,3.0,1,1,1,1,1,116.4,30,10,dijkstra,graph,0.45473,0,,,,,,0,,,,229080,136216,2553
1745,302.21233344078064,2026-03-06T01:48:19.107721,107.46,0.0,0.0,30.04,2.0,0.0,0.0,163.19,5.9,0.505,0.584,STRAIGHT,1.5,1.5,"CMD,0.6,1.50",4.0,0.0084,2.329,0.023,1,0.944,0,NORMAL,53.931,3.0,1,1,1,1,1,116.4,139,11,dijkstra,graph,0.45506,0,,,,,,0,,,,226625,136105,3311
1746,302.38774514198303,2026-03-06T01:48:19.283133,108.72,0.0,10.34,19.29,2.0,0.0,0.0,159.39,5.91,0.457,0.505,STRAIGHT,1.5,1.5,"CMD,0.5,1.50",4.0,0.0088,2.283,0.023,1,0.9647,0,NORMAL,52.63,2.896,1,1,1,1,1,114.2,123,14,dijkstra,graph,0.44535,0,,,,,,0,,,,224928,133336,3289
1747,302.5505084991455,2026-03-06T01:48:19.445897,104.39,0.0,8.02,18.31,0.0,0.0,0.0,144.74,5.93,0.425,0.457,STRAIGHT,1.5,1.5,"CMD,0.5,1.50",4.0,0.0088,2.283,0.023,1,0.9715,0,NORMAL,52.056,2.774,1,1,1,1,1,114.2,81,14,dijkstra,graph,0.44595,0,,,,,,0,,,,225605,133292,3220
1748,302.7138559818268,2026-03-06T01:48:19.609244,111.37,0.0,7.53,10.41,0.0,0.0,0.0,145.32,5.95,0.404,0.425,STRAIGHT,1.5,1.5,"CMD,0.4,1.50",4.0,0.0088,2.283,0.023,1,0.8865,0,NORMAL,51.369,2.611,1,1,1,1,1,114.2,64,8,dijkstra,graph,0.41161,0,,,,,,0,,,,202983,123209,2147
1749,302.8955714702606,2026-03-06T01:48:19.790960,114.38,0.0,6.01,24.03,0.0,0.0,0.0,161.43,5.94,0.395,0.404,STRAIGHT,1.5,1.5,"CMD,0.4,1.50",4.0,0.0091,2.237,0.023,1,0.9567,0,NORMAL,50.874,2.487,1,1,1,1,1,111.9,110,11,dijkstra,graph,0.40626,0,,,,,,0,,,,196256,121515,2732
1750,303.0730879306793,2026-03-06T01:48:19.968476,104.6,0.0,10.4,19.14,2.0,0.0,0.0,155.49,5.94,0.394,0.395,STRAIGHT,1.5,1.5,"CMD,0.4,1.50",4.0,0.0095,2.192,0.023,1,0.9717,0,NORMAL,50.48,2.347,1,1,1,1,1,109.6,109,13,dijkstra,graph,0.40122,0,,,,,,0,,,,192641,119991,2722
1751,303.2353549003601,2026-03-06T01:48:20.130743,104.65,0.0,10.19,12.45,2.0,0.0,0.0,146.25,5.94,0.393,0.394,STRAIGHT,1.5,1.5,"CMD,0.4,1.50",4.0,0.0095,2.192,0.023,1,0.9194,0,NORMAL,50.37,2.22,1,1,1,1,1,109.6,42,6,dijkstra,graph,0.40837,0,,,,,,0,,,,204680,121988,2337
1752,303.41443824768066,2026-03-06T01:48:20.309826,109.47,0.0,11.53,18.02,2.0,0.0,0.0,159.06,5.92,0.398,0.394,STRAIGHT,1.5,1.5,"CMD,0.4,1.50",4.0,0.0099,2.146,0.023,1,0.9365,0,NORMAL,50.202,2.042,1,1,1,1,1,107.3,110,9,dijkstra,graph,0.39252,0,,,,,,0,,,,194684,117427,2496
1753,303.58471632003784,2026-03-06T01:48:20.480104,109.95,0.0,6.01,20.03,0.0,0.0,0.0,154.26,5.92,0.408,0.398,STRAIGHT,1.5,1.5,"CMD,0.4,1.50",4.0,0.0104,2.1,0.023,1,0.9353,0,NORMAL,50.177,1.884,1,1,1,1,1,105.0,91,10,dijkstra,graph,0.39548,0,,,,,,0,,,,201023,118480,2830
1754,303.7550494670868,2026-03-06T01:48:20.650438,115.56,0.0,6.01,12.07,0.0,0.0,0.0,150.31,5.92,0.421,0.408,STRAIGHT,1.5,1.5,"CMD,0.4,1.50",4.0,0.0108,2.055,0.023,1,0.9488,0,NORMAL,50.131,1.737,1,1,1,1,1,102.7,98,9,dijkstra,graph,0.39025,0,,,,,,0,,,,203422,116822,2879
1755,303.92381834983826,2026-03-06T01:48:20.819207,100.33,0.0,14.76,13.29,0.0,0.0,0.0,144.41,5.93,0.436,0.421,STRAIGHT,1.5,1.5,"CMD,0.4,1.50",4.0,0.0113,2.009,0.023,1,0.9446,0,NORMAL,50.097,1.597,1,1,1,1,1,100.5,46,9,dijkstra,graph,0.38025,0,,,,,,0,,,,204143,113965,2547
1756,304.0884175300598,2026-03-06T01:48:20.983806,110.15,0.0,6.01,10.0,0.0,0.0,0.0,152.56,5.94,0.446,0.436,STRAIGHT,1.5,1.5,"CMD,0.4,1.50",4.0,0.0113,2.009,0.023,1,0.9272,0,NORMAL,50.04,1.428,1,1,1,1,1,100.5,49,9,dijkstra,graph,0.36174,0,,,,,,0,,,,193833,108381,2237
1757,304.26423382759094,2026-03-06T01:48:21.159622,118.73,0.0,2.0,20.41,2.0,0.0,0.0,165.36,5.94,0.46,0.446,STRAIGHT,1.5,1.5,"CMD,0.4,1.50",4.0,0.0118,1.963,0.023,1,0.9299,0,NORMAL,50.002,1.305,1,1,1,1,1,98.2,54,9,dijkstra,graph,0.3688,0,,,,,,0,,,,203300,110267,2467
1758,304.42493867874146,2026-03-06T01:48:21.320327,105.08,0.0,10.45,10.43,0.0,0.0,0.0,140.68,5.95,0.47,0.46,STRAIGHT,1.5,1.5,"CMD,0.5,1.50",4.0,0.0118,1.963,0.023,1,0.9471,0,NORMAL,50.151,1.21,1,1,1,1,1,98.2,69,9,dijkstra,graph,0.36267,0,,,,,,0,,,,205465,108620,2527
1759,304.5942976474762,2026-03-06T01:48:21.489686,107.88,0.0,7.33,14.02,0.0,0.0,0.0,149.16,5.96,0.484,0.47,STRAIGHT,1.5,1.5,"CMD,0.5,1.50",4.0,0.0124,1.918,0.023,1,0.9638,0,NORMAL,50.717,1.062,1,1,1,1,1,95.9,70,10,dijkstra,graph,0.35219,0,,,,,,0,,,,202068,105411,2471
1760,304.75658082962036,2026-03-06T01:48:21.651969,106.21,0.0,6.01,14.02,2.0,0.0,0.0,144.26,5.96,0.493,0.484,STRAIGHT,1.5,1.5,"CMD,0.5,1.50",4.0,0.0124,1.918,0.023,1,0.9585,0,NORMAL,51.442,0.951,1,1,1,1,1,95.9,78,9,dijkstra,graph,0.3413,0,,,,,,0,,,,197773,102142,2506
1761,304.9242208003998,2026-03-06T01:48:21.819609,113.56,0.0,6.01,12.02,0.0,0.0,0.0,149.62,5.95,0.508,0.493,STRAIGHT,1.5,1.5,"CMD,0.5,1.50",4.0,0.013,1.872,0.023,1,0.9442,0,NORMAL,52.392,0.805,1,1,1,1,1,93.6,55,7,dijkstra,graph,0.32767,0,,,,,,0,,,,188887,98166,2069
1762,305.0910747051239,2026-03-06T01:48:21.986463,114.36,0.0,0.0,20.45,0.0,0.0,2.0,150.83,5.95,0.518,0.508,STRAIGHT,1.5,1.5,"CMD,0.5,1.50",4.0,0.013,1.872,0.023,1,0.9442,0,NORMAL,53.292,0.817,1,1,1,1,1,93.6,56,6,dijkstra,graph,0.31595,0,,,,,,0,,,,181529,94507,2228
1763,305.25592374801636,2026-03-06T01:48:22.151312,108.4,0.0,12.39,10.01,0.0,0.0,0.0,146.82,5.95,0.533,0.518,STRAIGHT,1.5,1.5,"CMD,0.5,1.50",4.0,0.0137,1.826,0.023,1,0.925,0,NORMAL,54.419,0.633,1,1,1,1,1,91.3,37,6,dijkstra,graph,0.32159,0,,,,,,0,,,,190261,96106,2045
1764,305.4182231426239,2026-03-06T01:48:22.313611,104.62,0.0,0.0,12.02,2.0,0.0,0.0,142.27,5.95,0.544,0.533,STRAIGHT,1.5,1.5,"CMD,0.5,1.50",4.0,0.0137,1.826,0.023,1,0.9621,0,NORMAL,55.126,0.571,1,1,1,1,1,91.3,55,8,dijkstra,graph,0.32457,0,,,,,,0,,,,187332,97128,2323
1765,305.5844056606293,2026-03-06T01:48:22.479794,108.37,0.0,6.01,18.03,0.0,0.0,0.0,148.16,5.95,0.551,0.544,STRAIGHT,1.5,1.5,"CMD,0.5,1.50",4.0,0.0137,1.826,0.023,1,0.9636,0,NORMAL,55.785,0.491,1,1,1,1,1,91.3,99,10,dijkstra,graph,0.31843,0,,,,,,0,,,,184267,95116,2574
1766,305.74641156196594,2026-03-06T01:48:22.641800,101.06,0.0,17.37,11.52,0.0,0.0,0.0,145.98,5.95,0.565,0.551,STRAIGHT,1.5,1.5,"CMD,0.6,1.50",4.0,0.0144,1.781,0.023,1,0.9626,0,NORMAL,56.259,0.435,1,1,1,1,1,89.0,53,8,dijkstra,graph,0.31126,0,,,,,,0,,,,180291,93079,2102
1767,305.91506600379944,2026-03-06T01:48:22.810454,111.52,0.0,12.83,13.76,0.0,0.0,0.0,156.63,5.95,0.575,0.565,STRAIGHT,1.5,1.5,"CMD,0.6,1.50",4.0,0.0144,1.781,0.023,1,0.9588,0,NORMAL,56.642,0.388,1,1,1,1,1,89.0,52,9,dijkstra,graph,0.30566,0,,,,,,0,,,,175624,91316,2313
1768,306.08534383773804,2026-03-06T01:48:22.980732,105.43,0.0,10.17,24.42,0.0,0.0,0.0,154.26,5.94,0.581,0.575,STRAIGHT,1.5,1.5,"CMD,0.6,1.50",4.0,0.0144,1.781,0.023,1,0.9531,0,NORMAL,56.903,0.364,1,1,1,1,1,89.0,105,11,dijkstra,graph,0.3011,0,,,,,,0,,,,173701,89914,2554
1769,306.2531826496124,2026-03-06T01:48:23.148571,103.09,0.0,10.26,18.43,2.0,0.0,0.0,149.81,5.93,0.585,0.581,STRAIGHT,1.5,1.5,"CMD,0.6,1.50",4.0,0.0144,1.781,0.023,1,0.9502,0,NORMAL,57.062,0.324,1,1,1,1,1,89.0,56,6,dijkstra,graph,0.29308,0,,,,,,0,,,,168520,87730,1888
1770,306.42455768585205,2026-03-06T01:48:23.319946,115.28,0.0,8.01,12.02,2.0,0.0,0.0,155.35,5.93,0.588,0.585,STRAIGHT,1.5,1.5,"CMD,0.6,1.50",4.0,0.0144,1.781,0.023,1,0.9184,0,NORMAL,56.93,0.285,1,1,1,1,1,89.0,66,9,dijkstra,graph,0.3005,0,,,,,,0,,,,176067,89891,2328
1771,306.5820219516754,2026-03-06T01:48:23.477410,100.89,0.0,10.16,14.37,2.0,0.0,0.0,141.44,5.94,0.59,0.588,STRAIGHT,1.5,1.5,"CMD,0.6,1.50",4.0,0.0144,1.781,0.023,1,0.9516,0,NORMAL,56.838,0.305,1,1,1,1,1,89.0,46,7,dijkstra,graph,0.30798,0,,,,,,0,,,,177994,92063,2113
1772,306.75871777534485,2026-03-06T01:48:23.654106,116.14,0.0,8.75,18.03,2.0,0.0,0.0,162.68,5.93,0.591,0.59,STRAIGHT,1.5,1.5,"CMD,0.6,1.50",4.0,0.0144,1.781,0.023,1,0.9365,0,NORMAL,56.909,0.263,1,1,1,1,1,89.0,119,11,dijkstra,graph,0.30411,0,,,,,,0,,,,170535,90830,2685
1773,306.9362893104553,2026-03-06T01:48:23.831677,115.49,0.0,6.01,20.03,2.0,0.0,0.0,159.55,5.92,0.592,0.591,STRAIGHT,1.5,1.5,"CMD,0.6,1.50",4.0,0.0144,1.781,0.023,1,0.9568,0,NORMAL,56.798,0.211,1,1,1,1,1,89.0,113,10,dijkstra,graph,0.30184,0,,,,,,0,,,,167876,90185,2566
1774,307.1085822582245,2026-03-06T01:48:24.003970,110.2,0.0,8.01,18.03,0.0,0.0,0.0,156.27,5.92,0.593,0.592,STRAIGHT,1.5,1.5,"CMD,0.6,1.50",4.0,0.0144,1.781,0.023,1,0.9521,0,NORMAL,56.428,0.159,1,1,1,1,1,89.0,112,10,dijkstra,graph,0.29882,0,,,,,,0,,,,164565,89400,2532
1775,307.2733247280121,2026-03-06T01:48:24.168713,105.29,0.0,6.01,20.03,2.0,0.0,0.0,148.72,5.94,0.593,0.593,STRAIGHT,1.5,1.5,"CMD,0.6,1.50",4.0,0.0144,1.781,0.023,1,0.9447,0,NORMAL,56.11,0.104,1,1,1,1,1,89.0,139,12,dijkstra,graph,0.29368,0,,,,,,0,,,,162874,87808,2703
1776,307.43514609336853,2026-03-06T01:48:24.330534,100.97,0.0,10.1,14.45,0.0,0.0,0.0,145.8,5.94,0.593,0.593,STRAIGHT,1.5,1.5,"CMD,0.6,1.50",4.0,0.0144,1.781,0.023,1,0.9435,0,NORMAL,55.625,0.082,1,1,1,1,1,89.0,77,10,dijkstra,graph,0.28738,0,,,,,,0,,,,160095,85892,2128
1777,307.59163093566895,2026-03-06T01:48:24.487019,102.3,0.0,8.01,12.02,2.0,0.0,0.0,140.46,5.95,0.593,0.593,STRAIGHT,1.5,1.5,"CMD,0.6,1.50",4.0,0.0144,1.781,0.023,1,0.9553,0,NORMAL,55.231,0.046,1,1,1,1,1,89.0,49,8,dijkstra,graph,0.28326,0,,,,,,0,,,,158773,84727,1874
1778,307.7545917034149,2026-03-06T01:48:24.649980,112.9,0.0,6.01,14.02,0.0,0.0,0.0,148.94,5.97,0.594,0.593,STRAIGHT,1.5,1.5,"CMD,0.6,1.50",4.0,0.0144,1.781,0.023,1,0.9638,0,NORMAL,54.72,0.01,1,1,1,1,1,89.0,54,8,dijkstra,graph,0.28455,0,,,,,,0,,,,159110,85132,1864
1779,307.9175136089325,2026-03-06T01:48:24.812902,113.85,0.0,7.01,6.01,0.0,0.0,0.0,144.9,5.99,-0.266,0.593,STRAIGHT,1.5,1.5,"CMD,0.6,1.50",2.362,-0.0482,1.963,-0.093,1,0.9638,0,NORMAL,54.149,-0.004,1,1,1,1,1,102.5,62,6,dijkstra,graph,0.28572,0,,,,,,0,,,,161989,85479,1723
1780,308.08472633361816,2026-03-06T01:48:24.980114,106.45,0.0,10.37,14.02,0.0,0.0,0.0,146.65,5.98,0.031,0.031,STRAIGHT,1.5,1.5,"CMD,0.0,1.50",4.0,0.0152,1.735,0.023,1,0.9745,0,NORMAL,53.523,0.003,1,1,1,1,1,86.8,66,7,dijkstra,graph,0.28638,0,,,,,,0,,,,162261,85729,1921
1781,308.2502508163452,2026-03-06T01:48:25.145639,113.52,0.0,6.01,14.02,0.0,0.0,0.0,159.52,6.0,0.229,0.031,STRAIGHT,1.5,1.5,"CMD,0.0,1.50",4.0,0.0152,1.735,0.023,1,0.9719,0,NORMAL,53.514,-0.015,1,1,1,1,1,86.8,71,6,dijkstra,graph,0.28436,0,,,,,,0,,,,161027,85080,1926
1782,308.4125077724457,2026-03-06T01:48:25.307896,110.35,0.0,8.01,12.02,0.0,0.0,0.0,146.24,6.01,0.361,0.229,STRAIGHT,1.5,1.5,"CMD,0.2,1.50",4.0,0.0152,1.735,0.023,1,0.9782,0,NORMAL,52.486,-0.024,1,1,1,1,1,86.8,64,8,dijkstra,graph,0.28329,0,,,,,,0,,,,160015,84686,1880
1783,308.57310605049133,2026-03-06T01:48:25.468494,108.27,0.0,8.01,8.27,0.0,0.0,0.0,142.58,6.02,0.449,0.361,STRAIGHT,1.5,1.5,"CMD,0.4,1.50",4.0,0.0152,1.735,0.023,1,0.9624,0,NORMAL,52.257,-0.01,1,1,1,1,1,86.8,60,10,dijkstra,graph,0.28622,0,,,,,,0,,,,162708,85630,1995
1784,308.7390556335449,2026-03-06T01:48:25.634444,108.11,0.0,10.3,12.02,0.0,0.0,0.0,155.78,6.02,-0.448,0.361,STRAIGHT,1.5,1.5,"CMD,0.4,1.50",2.293,-0.0544,1.963,-0.105,1,0.9718,0,NORMAL,52.052,-0.014,1,1,1,1,1,101.7,57,8,dijkstra,graph,0.28322,0,,,,,,0,,,,160113,84758,1812
1785,308.9047055244446,2026-03-06T01:48:25.800094,107.57,0.0,12.01,12.02,0.0,0.0,0.0,149.63,6.02,-1.205,-0.448,STRAIGHT,1.5,1.5,"CMD,-0.4,1.50",2.162,-0.066,1.963,-0.128,1,0.9728,0,NORMAL,52.182,-0.018,1,1,1,1,1,103.6,60,7,dijkstra,graph,0.27996,0,,,,,,0,,,,157694,83703,1704
1786,309.06995820999146,2026-03-06T01:48:25.965346,106.05,0.0,10.2,10.37,10.41,0.0,0.0,153.2,6.03,-0.583,-0.583,STRAIGHT,1.5,1.5,"CMD,-0.6,1.50",4.0,0.016,1.689,0.023,1,0.9794,0,NORMAL,51.936,-0.025,1,1,1,1,1,84.5,81,8,dijkstra,graph,0.27713,0,,,,,,0,,,,157374,83013,1979
1787,309.23461508750916,2026-03-06T01:48:26.130003,114.1,0.0,6.01,14.02,0.0,0.0,0.0,149.65,6.03,-0.169,-0.583,STRAIGHT,1.5,1.5,"CMD,-0.6,1.50",4.0,0.016,1.689,0.023,1,0.979,0,NORMAL,51.783,-0.053,1,1,1,1,1,84.5,60,8,dijkstra,graph,0.27366,0,,,,,,0,,,,156526,81824,1920
1788,309.3996739387512,2026-03-06T01:48:26.295062,108.26,0.0,8.01,12.02,2.0,0.0,0.0,147.03,6.03,-1.275,-0.583,STRAIGHT,1.5,1.5,"CMD,-0.6,1.50",2.084,-0.0846,1.963,-0.164,1,0.9768,0,NORMAL,51.724,-0.031,1,1,1,1,1,104.4,55,7,dijkstra,graph,0.27587,0,,,,,,0,,,,156604,82671,1742
1789,309.56216311454773,2026-03-06T01:48:26.457551,110.42,0.0,6.01,12.02,0.0,0.0,0.0,144.47,6.03,-1.975,-1.275,STRAIGHT,1.5,1.5,"CMD,-1.3,1.50",1.992,-0.0819,1.918,-0.152,1,0.9836,0,NORMAL,51.783,-0.009,1,1,1,1,1,103.2,50,7,dijkstra,graph,0.27568,0,,,,,,0,,,,156417,82541,1756
1790,309.72236585617065,2026-03-06T01:48:26.617754,109.35,0.0,6.01,11.02,0.0,0.0,2.0,144.18,6.04,-1.084,-1.275,STRAIGHT,1.5,1.5,"CMD,-1.3,1.50",4.0,0.0169,1.644,0.023,1,0.9827,0,NORMAL,51.918,-0.019,1,1,1,1,1,82.2,51,8,dijkstra,graph,0.27436,0,,,,,,0,,,,155474,82029,1766
1791,309.8851275444031,2026-03-06T01:48:26.780516,111.95,0.0,7.75,12.02,2.0,0.0,0.0,147.74,6.05,-0.491,-1.084,STRAIGHT,1.5,1.5,"CMD,-1.1,1.50",4.0,0.0169,1.644,0.023,1,0.982,0,NORMAL,52.387,-0.039,1,1,1,1,1,82.2,57,8,dijkstra,graph,0.27114,0,,,,,,0,,,,154358,81125,1889
1792,310.0470290184021,2026-03-06T01:48:26.942417,111.01,0.0,6.01,12.02,2.0,0.0,0.0,147.88,6.05,-0.095,-0.491,STRAIGHT,1.5,1.5,"CMD,-0.5,1.50",4.0,0.0169,1.644,0.023,1,0.9839,0,NORMAL,52.781,-0.041,1,1,1,1,1,82.2,56,7,dijkstra,graph,0.26872,0,,,,,,0,,,,153748,80505,1919
1793,310.2063293457031,2026-03-06T01:48:27.101718,103.0,0.0,14.31,12.02,0.0,0.0,0.0,147.29,6.06,0.157,-0.095,STRAIGHT,1.5,1.5,"CMD,-0.1,1.50",4.0,0.016,1.689,0.023,1,0.9836,0,NORMAL,53.283,-0.039,1,1,1,1,1,84.5,42,7,dijkstra,graph,0.26669,0,,,,,,0,,,,152671,79914,1641
1794,310.3706409931183,2026-03-06T01:48:27.266029,106.1,0.0,0.0,18.03,0.0,0.0,0.0,150.29,6.06,0.337,0.157,STRAIGHT,1.5,1.5,"CMD,0.2,1.50",4.0,0.0169,1.644,0.023,1,0.9834,0,NORMAL,53.385,-0.037,1,1,1,1,1,82.2,108,8,dijkstra,graph,0.26998,0,,,,,,0,,,,152589,80758,2120
1795,310.5340349674225,2026-03-06T01:48:27.429423,111.09,0.0,6.01,10.01,2.0,0.0,0.0,147.21,6.06,0.457,0.337,STRAIGHT,1.5,1.5,"CMD,0.3,1.50",4.0,0.0169,1.644,0.023,1,0.9847,0,NORMAL,54.089,-0.05,1,1,1,1,1,82.2,52,7,dijkstra,graph,0.26715,0,,,,,,0,,,,152162,79969,1724
1796,310.69918036460876,2026-03-06T01:48:27.594569,103.05,0.0,14.03,16.02,2.0,0.0,0.0,151.13,6.06,0.55,0.457,STRAIGHT,1.5,1.5,"CMD,0.5,1.50",4.0,0.0179,1.598,0.023,1,0.9797,0,NORMAL,54.341,-0.076,1,1,1,1,1,79.9,111,9,dijkstra,graph,0.26508,0,,,,,,0,,,,150714,79303,2093
1797,310.8673641681671,2026-03-06T01:48:27.762752,107.01,0.0,10.01,20.87,0.0,0.0,0.0,154.17,6.06,0.613,0.55,STRAIGHT,1.5,1.5,"CMD,0.6,1.50",4.0,0.0179,1.598,0.023,1,0.9802,0,NORMAL,54.549,-0.081,1,1,1,1,1,79.9,105,8,dijkstra,graph,0.26661,0,,,,,,0,,,,150703,79777,2075
1798,311.0352613925934,2026-03-06T01:48:27.930650,109.18,0.0,6.01,12.02,0.0,0.0,0.0,147.75,6.06,-1.119,0.55,STRAIGHT,1.5,1.5,"CMD,0.6,1.50",2.084,-0.1113,1.918,-0.207,1,0.9685,0,NORMAL,55.082,-0.083,1,1,1,1,1,104.3,58,6,dijkstra,graph,0.26219,0,,,,,,0,,,,149637,78447,1778
1799,311.19338297843933,2026-03-06T01:48:28.088771,106.82,0.0,6.01,14.3,2.0,0.0,0.0,143.56,6.08,-1.953,-1.119,STRAIGHT,1.5,1.5,"CMD,-1.1,1.50",1.826,-0.0879,1.792,-0.142,1,0.9777,0,NORMAL,55.495,-0.094,1,1,1,1,1,103.0,61,7,dijkstra,graph,0.26213,0,,,,,,0,,,,150156,78366,1729
1800,311.358234167099,2026-03-06T01:48:28.253622,114.53,0.0,6.01,14.04,0.0,0.0,2.0,152.84,6.07,-1.042,-1.119,STRAIGHT,1.5,1.5,"CMD,-1.1,1.50",2.679,0.0189,1.553,0.023,1,0.9643,0,NORMAL,56.066,-0.077,1,1,1,1,1,77.6,59,10,dijkstra,graph,0.25913,0,,,,,,0,,,,149332,77532,1762
1801,311.5199489593506,2026-03-06T01:48:28.415337,108.99,0.0,6.24,13.03,0.0,0.0,0.0,145.69,6.09,-0.449,-1.042,STRAIGHT,1.5,1.5,"CMD,-1.0,1.50",4.0,0.0179,1.598,0.023,1,0.9729,0,NORMAL,55.936,-0.101,1,1,1,1,1,79.9,69,10,dijkstra,graph,0.25959,0,,,,,,0,,,,148096,77586,1782
1802,311.6823318004608,2026-03-06T01:48:28.577720,105.36,0.0,10.23,13.02,0.0,0.0,0.0,146.35,6.11,-0.067,-0.449,STRAIGHT,1.5,1.5,"CMD,-0.4,1.50",4.0,0.0169,1.644,0.023,1,0.9328,0,NORMAL,55.727,-0.081,1,1,1,1,1,82.2,60,5,dijkstra,graph,0.26362,0,,,,,,0,,,,156639,78802,1763
1803,311.856196641922,2026-03-06T01:48:28.751585,113.64,0.0,7.53,16.02,2.0,0.0,0.0,155.84,6.11,0.201,-0.067,STRAIGHT,1.5,1.5,"CMD,-0.1,1.50",4.0,0.0179,1.598,0.023,1,0.9287,0,NORMAL,56.067,-0.051,1,1,1,1,1,79.9,103,8,dijkstra,graph,0.26504,0,,,,,,0,,,,148828,79427,2094
1804,312.0218472480774,2026-03-06T01:48:28.917236,108.71,0.0,0.0,22.06,0.0,0.0,0.0,153.53,6.11,0.38,0.201,STRAIGHT,1.5,1.5,"CMD,0.2,1.50",4.0,0.0179,1.598,0.023,1,0.9762,0,NORMAL,56.592,-0.067,1,1,1,1,1,79.9,73,8,dijkstra,graph,0.26008,0,,,,,,0,,,,147679,77972,1685
1805,312.1916229724884,2026-03-06T01:48:29.087011,108.1,0.0,10.07,19.81,0.0,0.0,0.0,153.75,6.1,0.514,0.38,STRAIGHT,1.5,1.5,"CMD,0.4,1.50",4.0,0.0189,1.553,0.023,1,0.9791,0,NORMAL,57.171,-0.049,1,1,1,1,1,77.6,112,7,dijkstra,graph,0.26465,0,,,,,,0,,,,147851,79186,2158
1806,312.3548312187195,2026-03-06T01:48:29.250219,106.8,0.0,6.01,18.02,0.0,0.0,0.0,152.76,6.09,0.603,0.514,STRAIGHT,1.5,1.5,"CMD,0.5,1.50",4.0,0.0189,1.553,0.023,1,0.9793,0,NORMAL,57.699,-0.054,1,1,1,1,1,77.6,116,9,dijkstra,graph,0.26285,0,,,,,,0,,,,147105,78615,2036
1807,312.5233178138733,2026-03-06T01:48:29.418706,114.41,0.0,8.01,14.02,0.0,0.0,0.0,152.47,6.08,-1.586,0.514,STRAIGHT,1.5,1.5,"CMD,0.5,1.50",2.084,-0.145,1.872,-0.259,1,0.9791,0,NORMAL,58.262,-0.054,1,1,1,1,1,102.9,76,8,dijkstra,graph,0.26306,0,,,,,,0,,,,146860,78830,1798
1808,312.6853437423706,2026-03-06T01:48:29.580732,111.1,0.0,6.01,10.07,0.0,0.0,0.0,151.55,6.08,-0.781,-0.781,STRAIGHT,1.5,1.5,"CMD,-0.8,1.50",4.0,0.0201,1.507,0.023,1,0.9773,0,NORMAL,58.774,-0.069,1,1,1,1,1,75.3,70,9,dijkstra,graph,0.25919,0,,,,,,0,,,,146050,77630,1898
1809,312.8517620563507,2026-03-06T01:48:29.747150,107.97,0.0,6.01,16.02,0.0,0.0,0.0,146.08,6.08,-0.244,-0.781,STRAIGHT,1.5,1.5,"CMD,-0.8,1.50",4.0,0.0201,1.507,0.023,1,0.9774,0,NORMAL,59.146,-0.089,1,1,1,1,1,75.3,96,10,dijkstra,graph,0.25864,0,,,,,,0,,,,145809,77281,2066
1810,313.0196762084961,2026-03-06T01:48:29.915064,104.14,0.0,10.14,20.12,0.0,0.0,0.0,149.65,6.08,0.114,-0.244,STRAIGHT,1.5,1.5,"CMD,-0.2,1.50",4.0,0.0201,1.507,0.023,1,0.9777,0,NORMAL,59.558,-0.062,1,1,1,1,1,75.3,107,9,dijkstra,graph,0.26068,0,,,,,,0,,,,146324,77930,2099
1811,313.1886603832245,2026-03-06T01:48:30.084048,110.49,0.0,8.01,16.02,2.0,0.0,0.0,156.91,6.07,0.352,0.114,STRAIGHT,1.5,1.5,"CMD,0.1,1.50",4.0,0.0201,1.507,0.023,1,0.97,0,NORMAL,59.833,-0.059,1,1,1,1,1,75.3,104,8,dijkstra,graph,0.258,0,,,,,,0,,,,147079,77248,2050
1812,313.35281920433044,2026-03-06T01:48:30.248207,103.62,0.0,10.26,18.24,2.0,0.0,0.0,148.14,6.07,0.511,0.352,STRAIGHT,1.5,1.5,"CMD,0.4,1.50",4.0,0.0201,1.507,0.023,1,0.9678,0,NORMAL,60.271,-0.065,1,1,1,1,1,75.3,84,8,dijkstra,graph,0.25756,0,,,,,,0,,,,145568,77062,1961
1813,313.5139636993408,2026-03-06T01:48:30.409352,120.76,0.0,4.01,12.35,0.0,0.0,0.0,147.13,6.07,0.635,0.511,STRAIGHT,1.5,1.5,"CMD,0.5,1.50",4.0,0.0214,1.461,0.023,1,0.9745,0,NORMAL,60.901,-0.066,1,1,1,1,1,73.1,57,8,dijkstra,graph,0.25638,0,,,,,,0,,,,144891,76657,1791
1814,313.68438839912415,2026-03-06T01:48:30.579777,116.64,0.0,4.01,14.03,0.0,0.0,0.0,154.4,6.07,0.717,0.635,STRAIGHT,1.5,1.5,"CMD,0.6,1.50",4.0,0.0214,1.461,0.023,1,0.9349,0,NORMAL,61.632,-0.11,1,1,1,1,1,73.1,57,7,dijkstra,graph,0.2476,0,,,,,,0,,,,137541,74164,1624
1815,313.8449864387512,2026-03-06T01:48:30.740375,101.46,0.0,10.34,16.42,2.0,0.0,0.0,150.57,6.07,0.772,0.717,STRAIGHT,1.5,1.5,"CMD,0.7,1.50",4.0,0.0214,1.461,0.023,1,0.9473,0,NORMAL,61.934,-0.094,1,1,1,1,1,73.1,63,9,dijkstra,graph,0.2507,0,,,,,,0,,,,142793,75089,1699
1816,314.0072388648987,2026-03-06T01:48:30.902627,103.15,0.0,10.5,16.14,2.0,0.0,0.0,149.89,6.08,-2.048,0.717,STRAIGHT,1.5,1.5,"CMD,0.7,1.50",2.084,-0.1875,1.872,-0.339,1,0.952,0,NORMAL,62.072,-0.043,1,1,1,1,1,103.7,56,7,dijkstra,graph,0.25302,0,,,,,,0,,,,139159,75765,1644
1817,314.1716413497925,2026-03-06T01:48:31.067030,114.05,0.0,6.01,12.02,0.0,0.0,0.0,148.38,6.08,-1.071,-1.071,STRAIGHT,1.5,1.5,"CMD,-1.1,1.50",4.0,0.0214,1.461,0.023,1,0.9516,0,NORMAL,61.753,-0.045,1,1,1,1,1,73.1,61,8,dijkstra,graph,0.25153,0,,,,,,0,,,,143987,75474,1639
1818,314.34206652641296,2026-03-06T01:48:31.237455,116.38,0.0,6.01,12.51,3.67,0.0,0.0,154.4,6.07,-3.731,-2.048,STRAIGHT,1.5,1.5,"CMD,-2.0,1.50",2.084,-0.2212,1.918,-0.427,1,0.9656,0,NORMAL,61.436,-0.021,1,1,1,1,2,108.1,77,6,dijkstra,graph,0.2593,0,,,,,,0,,,,148162,77548,1708
1819,314.50919127464294,2026-03-06T01:48:31.404579,112.55,0.0,8.45,12.02,2.0,0.0,0.0,156.97,6.06,-4.161,-3.731,STRAIGHT,1.5,1.5,"CMD,-3.7,1.50",1.687,-0.122,1.635,-0.165,1,0.9815,0,NORMAL,61.62,0.022,1,1,1,1,2,108.1,68,6,dijkstra,graph,0.26006,0,,,,,,0,,,,148091,77846,1773
1820,314.6739366054535,2026-03-06T01:48:31.569325,112.34,0.0,10.33,16.03,0.0,0.0,0.0,148.72,6.06,-4.104,-4.104,STRAIGHT,1.5,1.5,"CMD,-4.1,1.50",1.602,-0.0969,1.564,-0.119,1,0.9839,0,NORMAL,62.083,0.064,1,1,1,1,2,108.1,71,8,dijkstra,graph,0.26488,0,,,,,,0,,,,148711,79385,1810
1821,314.8440134525299,2026-03-06T01:48:31.739401,111.99,0.0,0.0,14.02,0.0,0.0,0.0,156.06,6.05,-2.423,-4.104,STRAIGHT,1.5,1.5,"CMD,-4.1,1.50",1.838,0.0228,1.416,0.023,1,0.971,0,NORMAL,61.796,0.092,1,1,1,1,1,70.8,79,8,dijkstra,graph,0.26539,0,,,,,,0,,,,147028,79436,2019
1822,315.01069021224976,2026-03-06T01:48:31.906078,106.56,0.0,8.29,11.61,0.0,0.0,8.17,150.66,6.04,-2.946,-2.946,STRAIGHT,1.5,1.5,"CMD,-2.9,1.50",1.602,-0.0969,1.564,-0.119,1,0.9725,0,NORMAL,61.191,0.129,1,1,1,1,1,108.1,57,7,dijkstra,graph,0.26733,0,,,,,,0,,,,146557,80056,1928
1823,315.1711826324463,2026-03-06T01:48:32.066571,110.32,0.0,8.01,12.12,0.0,0.0,0.0,146.47,6.04,-1.651,-2.423,STRAIGHT,1.5,1.5,"CMD,-2.4,1.50",1.838,0.0228,1.416,0.023,1,0.9662,0,NORMAL,61.25,0.145,1,1,1,1,1,70.8,73,8,dijkstra,graph,0.26581,0,,,,,,0,,,,146242,79739,1962
1824,315.33791065216064,2026-03-06T01:48:32.233299,111.48,0.0,0.0,14.02,0.0,0.0,0.0,156.67,6.04,-0.806,-1.651,STRAIGHT,1.5,1.5,"CMD,-1.7,1.50",2.746,0.0214,1.461,0.023,1,0.9565,0,NORMAL,60.713,0.149,1,1,1,1,1,73.1,79,9,dijkstra,graph,0.2718,0,,,,,,0,,,,151664,81268,1930
1825,315.494384765625,2026-03-06T01:48:32.389773,108.36,0.0,6.01,10.07,0.0,0.0,0.0,140.45,6.05,-2.743,-1.651,STRAIGHT,1.5,1.5,"CMD,-1.7,1.50",1.838,-0.1611,1.755,-0.253,1,0.9872,0,NORMAL,60.909,0.137,1,1,1,1,1,108.2,88,6,dijkstra,graph,0.27238,0,,,,,,0,,,,152096,81552,2032
1826,315.66710448265076,2026-03-06T01:48:32.562493,112.41,0.0,6.01,14.02,2.0,0.0,0.0,150.47,6.04,-3.192,-2.743,STRAIGHT,1.5,1.5,"CMD,-2.7,1.50",1.602,-0.0993,1.562,-0.122,1,0.9818,0,NORMAL,60.991,0.178,1,1,1,1,1,111.3,79,6,dijkstra,graph,0.27884,0,,,,,,0,,,,153439,83451,2005
1827,315.8280289173126,2026-03-06T01:48:32.723417,106.47,0.0,8.02,16.4,0.0,0.0,0.0,142.9,6.05,-1.815,-2.743,STRAIGHT,1.5,1.5,"CMD,-2.7,1.50",1.838,0.0228,1.416,0.023,1,0.9851,0,NORMAL,61.143,0.127,1,1,1,1,1,70.8,71,7,dijkstra,graph,0.27405,0,,,,,,0,,,,152991,81855,2017
1828,315.99722480773926,2026-03-06T01:48:32.892613,114.9,0.0,6.01,8.01,10.23,0.0,0.0,155.18,6.04,-2.599,-2.599,STRAIGHT,1.5,1.5,"CMD,-2.6,1.50",1.634,-0.1012,1.596,-0.13,1,0.9865,0,NORMAL,61.178,0.117,1,1,1,1,1,109.4,87,7,dijkstra,graph,0.27341,0,,,,,,0,,,,153632,81917,2001
1829,316.1590540409088,2026-03-06T01:48:33.054442,111.13,0.0,6.01,12.03,0.0,0.0,0.0,151.64,6.04,-3.155,-2.599,STRAIGHT,1.5,1.5,"CMD,-2.6,1.50",1.636,-0.1036,1.598,-0.133,1,0.9822,0,NORMAL,61.346,0.119,1,1,1,1,1,109.2,82,9,dijkstra,graph,0.27291,0,,,,,,0,,,,152276,81523,1997
1830,316.32034254074097,2026-03-06T01:48:33.215731,112.25,0.0,6.01,6.01,0.0,0.0,0.0,141.27,6.04,-3.526,-3.155,STRAIGHT,1.5,1.5,"CMD,-3.2,1.50",1.636,-0.1036,1.598,-0.133,1,0.9845,0,NORMAL,60.683,0.122,1,1,1,1,1,109.2,67,6,dijkstra,graph,0.2725,0,,,,,,0,,,,153810,81437,1825
1831,316.4936320781708,2026-03-06T01:48:33.389020,108.69,0.0,7.01,15.54,0.0,0.0,0.0,152.75,6.03,-2.037,-3.155,STRAIGHT,1.5,1.5,"CMD,-3.2,1.50",1.929,0.0228,1.416,0.023,1,0.9819,0,NORMAL,60.486,0.15,1,1,1,1,1,70.8,83,8,dijkstra,graph,0.28285,0,,,,,,0,,,,155563,84665,2047
1832,316.6581416130066,2026-03-06T01:48:33.553530,110.16,0.0,6.78,15.52,2.0,0.0,0.0,148.49,6.04,-2.646,-2.646,STRAIGHT,1.5,1.5,"CMD,-2.6,1.50",1.646,-0.0938,1.611,-0.122,1,0.9865,0,NORMAL,60.469,0.154,1,1,1,1,1,109.3,82,8,dijkstra,graph,0.28126,0,,,,,,0,,,,155857,84070,1946
1833,316.82320618629456,2026-03-06T01:48:33.718594,107.74,0.0,10.15,14.11,0.0,0.0,0.0,148.83,6.04,-3.051,-2.646,STRAIGHT,1.5,1.5,"CMD,-2.6,1.50",1.646,-0.0938,1.611,-0.122,1,0.9859,0,NORMAL,60.447,0.147,1,1,1,1,1,109.3,71,5,dijkstra,graph,0.2814,0,,,,,,0,,,,156149,84201,1741
1834,317.00681161880493,2026-03-06T01:48:33.902200,123.28,0.0,0.0,15.87,2.0,0.0,0.0,167.59,6.02,-3.099,-3.051,STRAIGHT,1.5,1.5,"CMD,-3.1,1.50",1.63,-0.0775,1.598,-0.099,1,0.9869,0,NORMAL,60.428,0.13,1,1,1,1,1,110.1,83,6,dijkstra,graph,0.28198,0,,,,,,0,,,,156395,84382,1807
1835,317.1924467086792,2026-03-06T01:48:34.087835,123.72,0.0,7.52,16.03,2.0,0.0,0.0,169.61,5.99,-3.353,-3.099,STRAIGHT,1.5,1.5,"CMD,-3.1,1.50",1.646,-0.0938,1.611,-0.122,1,0.9882,0,NORMAL,60.703,0.099,1,1,1,1,1,109.3,70,7,dijkstra,graph,0.28331,0,,,,,,0,,,,156040,84748,1950
1836,317.3767156600952,2026-03-06T01:48:34.272104,123.27,0.0,8.01,12.92,0.0,0.0,2.0,164.24,5.98,-3.307,-3.307,STRAIGHT,1.5,1.5,"CMD,-3.3,1.50",1.625,-0.078,1.593,-0.099,1,0.9744,0,NORMAL,60.584,0.066,1,1,1,1,1,110.1,62,7,dijkstra,graph,0.28649,0,,,,,,0,,,,154381,85699,1857
1837,317.53838300704956,2026-03-06T01:48:34.433771,104.74,0.0,10.2,14.22,0.0,0.0,0.0,144.14,5.98,-3.272,-3.307,STRAIGHT,1.5,1.5,"CMD,-3.3,1.50",1.619,-0.0777,1.587,-0.098,1,0.9764,0,NORMAL,60.447,0.108,1,1,1,1,1,110.1,61,5,dijkstra,graph,0.28614,0,,,,,,0,,,,154490,85553,1701
1838,317.7053542137146,2026-03-06T01:48:34.600742,114.33,0.0,8.01,6.21,10.17,0.0,0.0,150.75,5.97,-3.315,-3.307,STRAIGHT,1.5,1.5,"CMD,-3.3,1.50",1.633,-0.0825,1.6,-0.106,1,0.967,0,NORMAL,60.373,0.119,1,1,1,1,1,110.0,80,7,dijkstra,graph,0.29211,0,,,,,,0,,,,158131,87449,1964
1839,317.87122774124146,2026-03-06T01:48:34.766616,111.48,0.0,0.0,22.5,2.0,0.0,0.0,150.0,5.98,-2.175,-3.272,STRAIGHT,1.5,1.5,"CMD,-3.3,1.50",1.92,0.0026,1.607,0.003,1,0.9836,0,NORMAL,60.776,0.065,1,1,1,1,1,113.1,101,5,dijkstra,graph,0.29558,0,,,,,,0,,,,158817,88396,2063
1840,318.0384244918823,2026-03-06T01:48:34.933812,118.82,0.0,8.01,10.32,0.0,0.0,0.0,151.18,5.98,-2.503,-2.503,STRAIGHT,1.5,1.5,"CMD,-2.5,1.50",1.633,-0.0767,1.599,-0.098,1,0.9873,0,NORMAL,60.889,0.027,1,1,1,1,1,111.9,86,6,dijkstra,graph,0.29186,0,,,,,,0,,,,158323,87253,1934
1841,318.2099802494049,2026-03-06T01:48:35.105368,107.69,0.0,10.45,14.02,2.0,0.0,0.0,150.62,5.97,-2.589,-2.503,STRAIGHT,1.5,1.5,"CMD,-2.5,1.50",1.596,-0.0669,1.565,-0.082,1,0.9866,0,NORMAL,60.196,-0.008,1,1,1,1,1,113.3,84,8,dijkstra,graph,0.2961,0,,,,,,0,,,,159441,88656,2044
1842,318.3755130767822,2026-03-06T01:48:35.270901,111.27,0.0,6.01,14.21,0.0,0.0,0.0,147.51,5.97,-1.492,-2.503,STRAIGHT,1.5,1.5,"CMD,-2.5,1.50",1.824,0.017,1.607,0.022,1,0.9833,0,NORMAL,59.862,-0.012,1,1,1,1,1,116.6,85,7,dijkstra,graph,0.30537,0,,,,,,0,,,,160610,91308,2051
1843,318.54455041885376,2026-03-06T01:48:35.439939,110.52,0.0,10.39,18.08,0.0,0.0,0.0,155.02,5.97,-0.76,-1.492,STRAIGHT,1.5,1.5,"CMD,-1.5,1.50",2.665,0.017,1.607,0.022,1,0.9874,0,NORMAL,60.328,-0.012,1,1,1,1,1,116.6,89,4,dijkstra,graph,0.30434,0,,,,,,0,,,,160876,91030,1962
1844,318.70692205429077,2026-03-06T01:48:35.602310,102.07,0.0,8.31,17.95,2.0,0.0,0.0,144.35,5.96,-0.273,-0.76,STRAIGHT,1.5,1.5,"CMD,-0.8,1.50",4.0,0.017,1.607,0.022,1,0.9897,0,NORMAL,60.244,-0.017,1,1,1,1,1,116.4,79,7,dijkstra,graph,0.30333,0,,,,,,0,,,,161341,90767,1951
1845,318.8634521961212,2026-03-06T01:48:35.758840,104.27,0.0,8.01,12.21,2.0,0.0,0.0,140.51,5.97,0.04,-0.273,STRAIGHT,1.5,1.5,"CMD,-0.3,1.50",4.0,0.0162,1.644,0.022,1,0.9781,0,NORMAL,59.771,0.047,1,1,1,1,1,119.7,73,7,dijkstra,graph,0.30944,0,,,,,,0,,,,162886,92801,1918
1846,319.0310046672821,2026-03-06T01:48:35.926393,113.05,0.0,6.01,14.45,0.0,0.0,2.0,151.53,5.97,0.033,0.033,STRAIGHT,1.5,1.5,"CMD,0.0,1.50",3.686,0.0005,1.644,0.001,1,0.9824,0,NORMAL,59.425,0.027,1,1,1,1,1,118.1,77,8,dijkstra,graph,0.31312,0,,,,,,0,,,,162992,93760,1970
1847,319.1929762363434,2026-03-06T01:48:36.088364,99.89,0.0,10.21,18.03,0.0,0.0,2.0,148.17,5.98,0.283,0.04,STRAIGHT,1.5,1.5,"CMD,0.0,1.50",4.0,0.0189,1.553,0.023,1,0.9831,0,NORMAL,59.062,0.011,1,1,1,1,1,77.6,96,7,dijkstra,graph,0.31341,0,,,,,,0,,,,163537,93733,2049
1848,319.3526816368103,2026-03-06T01:48:36.248070,108.02,0.0,8.01,8.01,0.0,0.0,0.0,140.75,5.99,0.449,0.283,STRAIGHT,1.5,1.5,"CMD,0.3,1.50",4.0,0.0189,1.553,0.023,1,0.9813,0,NORMAL,58.094,0.075,1,1,1,1,1,77.6,83,8,dijkstra,graph,0.32231,0,,,,,,0,,,,165658,96549,2278
1849,319.52760910987854,2026-03-06T01:48:36.422997,110.57,0.0,6.01,16.02,2.0,0.0,0.0,154.71,5.97,-0.143,0.283,STRAIGHT,1.5,1.5,"CMD,0.3,1.50",2.497,-0.0322,1.68,-0.045,1,0.9843,0,NORMAL,58.02,0.112,1,1,1,1,2,121.5,85,5,dijkstra,graph,0.31961,0,,,,,,0,,,,165738,95641,1896
1850,319.6842234134674,2026-03-06T01:48:36.579612,106.38,0.0,6.01,14.19,0.0,0.0,0.0,142.6,5.99,-1.987,-0.143,STRAIGHT,1.5,1.5,"CMD,-0.1,1.50",1.791,-0.138,1.725,-0.208,1,0.9807,0,NORMAL,57.384,0.145,1,1,1,1,1,119.8,86,5,dijkstra,graph,0.32535,0,,,,,,0,,,,166834,97416,1976
1851,319.8563380241394,2026-03-06T01:48:36.751726,105.1,0.0,10.3,9.74,10.37,0.0,0.0,149.62,5.98,-2.543,-1.987,STRAIGHT,1.5,1.5,"CMD,-2.0,1.50",1.626,-0.0887,1.591,-0.113,1,0.98,0,NORMAL,57.517,0.163,1,1,1,1,1,119.8,81,6,dijkstra,graph,0.32525,0,,,,,,0,,,,166968,97370,2033
1852,320.0266010761261,2026-03-06T01:48:36.921989,111.47,0.0,10.1,16.02,0.0,0.0,0.0,160.08,5.97,-2.895,-2.543,STRAIGHT,1.5,1.5,"CMD,-2.5,1.50",1.625,-0.0874,1.591,-0.111,1,0.9831,0,NORMAL,57.596,0.153,1,1,1,1,1,119.7,85,5,dijkstra,graph,0.32287,0,,,,,,0,,,,166870,96597,2004
1853,320.19012451171875,2026-03-06T01:48:37.085513,110.44,0.0,7.01,14.03,0.0,0.0,0.0,147.5,5.98,-3.13,-2.895,STRAIGHT,1.5,1.5,"CMD,-2.9,1.50",1.625,-0.0874,1.591,-0.111,1,0.9788,0,NORMAL,55.667,0.209,1,1,1,1,1,119.7,84,9,dijkstra,graph,0.32558,0,,,,,,0,,,,167457,97372,2072
1854,320.35765409469604,2026-03-06T01:48:37.253042,103.91,0.0,10.11,16.26,0.0,0.0,0.0,145.4,5.96,-3.305,-3.13,STRAIGHT,1.5,1.5,"CMD,-3.1,1.50",1.626,-0.0887,1.591,-0.113,1,0.9656,0,NORMAL,55.707,0.201,1,1,1,1,1,119.8,73,9,dijkstra,graph,0.32959,0,,,,,,0,,,,165536,98806,2142
1855,320.52456188201904,2026-03-06T01:48:37.419950,117.49,0.0,6.01,10.02,0.0,0.0,0.0,150.89,5.97,-2.605,-3.13,STRAIGHT,1.5,1.5,"CMD,-3.1,1.50",1.901,-0.0292,1.68,-0.041,1,0.9799,0,NORMAL,55.437,0.183,1,1,1,1,1,119.8,85,6,dijkstra,graph,0.33176,0,,,,,,0,,,,165590,99282,2119
1856,320.6961841583252,2026-03-06T01:48:37.591572,104.65,0.0,10.18,15.02,2.0,0.0,0.0,149.48,5.95,-2.139,-2.605,STRAIGHT,1.5,1.5,"CMD,-2.6,1.50",2.549,-0.0292,1.68,-0.041,1,0.966,0,NORMAL,55.0,0.157,1,1,1,1,1,119.8,86,7,dijkstra,graph,0.3351,0,,,,,,0,,,,169810,100402,2048
1857,320.8645796775818,2026-03-06T01:48:37.759968,112.49,0.0,6.01,12.02,2.0,0.0,0.0,148.37,5.96,-3.415,-2.605,STRAIGHT,1.5,1.5,"CMD,-2.6,1.50",1.802,-0.1452,1.733,-0.222,1,0.982,0,NORMAL,55.099,0.091,1,1,1,1,1,119.8,72,10,dijkstra,graph,0.32909,0,,,,,,0,,,,168583,98575,2057
1858,321.03295135498047,2026-03-06T01:48:37.928340,109.94,0.0,6.01,16.02,2.0,0.0,0.0,152.35,5.95,-1.983,-2.139,STRAIGHT,1.5,1.5,"CMD,-2.1,1.50",2.549,0.0214,1.461,0.023,1,0.9809,0,NORMAL,55.198,0.145,1,1,1,1,1,73.1,92,8,dijkstra,graph,0.33709,0,,,,,,0,,,,171179,100932,2073
1859,321.20116543769836,2026-03-06T01:48:38.096553,106.52,0.0,10.05,20.42,0.0,0.0,0.0,152.19,5.94,-1.028,-1.983,STRAIGHT,1.5,1.5,"CMD,-2.0,1.50",4.0,0.0214,1.461,0.023,1,0.9848,0,NORMAL,54.351,0.185,1,1,1,1,1,73.1,145,9,dijkstra,graph,0.34211,0,,,,,,0,,,,172541,102471,2482
1860,321.3731138706207,2026-03-06T01:48:38.268502,103.68,0.0,12.45,6.01,10.27,0.0,0.0,149.01,5.94,-0.391,-1.028,STRAIGHT,1.5,1.5,"CMD,-1.0,1.50",4.0,0.0214,1.461,0.023,1,0.9854,0,NORMAL,54.356,0.104,1,1,1,1,1,73.1,82,9,dijkstra,graph,0.33705,0,,,,,,0,,,,171810,100803,2118
1861,321.54127764701843,2026-03-06T01:48:38.436666,110.27,0.0,6.01,16.02,2.0,0.0,0.0,152.33,5.94,0.016,-0.391,STRAIGHT,1.5,1.5,"CMD,-0.4,1.50",4.0,0.0201,1.507,0.023,1,0.9856,0,NORMAL,54.202,0.141,1,1,1,1,1,75.3,107,8,dijkstra,graph,0.33998,0,,,,,,0,,,,173155,101691,2219
1862,321.6982967853546,2026-03-06T01:48:38.593685,109.27,0.0,5.01,10.37,0.0,0.0,0.0,143.0,5.95,-2.59,-0.391,STRAIGHT,1.5,1.5,"CMD,-0.4,1.50",2.084,-0.1903,1.954,-0.377,1,0.9876,0,NORMAL,53.591,0.136,1,1,1,1,1,121.1,72,7,dijkstra,graph,0.34347,0,,,,,,0,,,,173984,103025,2034
1863,321.872549533844,2026-03-06T01:48:38.767938,106.36,0.0,10.23,16.02,0.0,0.0,0.0,154.05,5.96,-2.953,-2.59,STRAIGHT,1.5,1.5,"CMD,-2.6,1.50",1.687,-0.0893,1.651,-0.122,1,0.9885,0,NORMAL,52.79,0.109,1,1,1,1,1,121.1,81,9,dijkstra,graph,0.34295,0,,,,,,0,,,,174208,102913,2130
1864,322.029452085495,2026-03-06T01:48:38.924840,97.02,0.0,10.17,17.67,0.0,0.0,0.0,140.88,6.0,-1.692,-2.59,STRAIGHT,1.5,1.5,"CMD,-2.6,1.50",2.084,0.0201,1.507,0.023,1,0.9872,0,NORMAL,52.732,0.103,1,1,1,1,1,75.3,86,7,dijkstra,graph,0.34316,0,,,,,,0,,,,174729,102754,2087
1865,322.2054777145386,2026-03-06T01:48:39.100866,115.94,0.0,6.01,16.02,2.0,0.0,0.0,158.0,6.01,-0.852,-1.692,STRAIGHT,1.5,1.5,"CMD,-1.7,1.50",4.0,0.0201,1.507,0.023,1,0.9851,0,NORMAL,52.351,0.109,1,1,1,1,1,75.3,83,10,dijkstra,graph,0.35043,0,,,,,,0,,,,176041,104883,2055
1866,322.37391662597656,2026-03-06T01:48:39.269305,111.3,0.0,10.01,12.02,0.0,0.0,0.0,150.75,6.0,-0.57,-0.852,STRAIGHT,1.5,1.5,"CMD,-0.9,1.50",3.734,-0.0002,1.717,-0.0,1,0.9849,0,NORMAL,52.111,0.081,1,1,1,1,1,122.8,75,8,dijkstra,graph,0.35682,0,,,,,,0,,,,177057,106658,2082
1867,322.5413088798523,2026-03-06T01:48:39.436697,109.23,0.0,8.01,16.02,2.0,0.0,0.0,148.29,6.0,-0.12,-0.57,STRAIGHT,1.5,1.5,"CMD,-0.6,1.50",4.0,0.0189,1.553,0.023,1,0.9844,0,NORMAL,51.848,0.047,1,1,1,1,1,77.6,103,8,dijkstra,graph,0.3564,0,,,,,,0,,,,177538,106754,2140
1868,322.7064116001129,2026-03-06T01:48:39.601800,102.31,0.0,10.24,20.51,0.0,0.0,0.0,147.08,6.0,0.18,-0.12,STRAIGHT,1.5,1.5,"CMD,-0.1,1.50",4.0,0.0189,1.553,0.023,1,0.9839,0,NORMAL,51.674,0.053,1,1,1,1,1,77.6,77,8,dijkstra,graph,0.35932,0,,,,,,0,,,,178410,107611,2147
1869,322.86831164360046,2026-03-06T01:48:39.763700,100.97,0.0,10.46,10.23,10.2,0.0,0.0,145.88,6.0,0.366,0.18,STRAIGHT,1.5,1.5,"CMD,0.2,1.50",4.0,0.0179,1.598,0.023,1,0.9808,0,NORMAL,51.355,-0.007,1,1,1,1,1,79.9,81,7,dijkstra,graph,0.35364,0,,,,,,0,,,,177147,105905,2011
1870,323.05755615234375,2026-03-06T01:48:39.952944,117.13,0.0,8.01,26.05,2.0,0.0,0.0,168.82,5.98,0.504,0.366,STRAIGHT,1.5,1.5,"CMD,0.4,1.50",4.0,0.0189,1.553,0.023,1,0.9844,0,NORMAL,51.173,-0.002,1,1,1,1,1,77.6,169,9,dijkstra,graph,0.36048,0,,,,,,0,,,,178163,107927,2687
1871,323.23718643188477,2026-03-06T01:48:40.132575,118.18,0.0,7.01,18.39,2.0,0.0,0.0,163.61,5.96,0.597,0.504,STRAIGHT,1.5,1.5,"CMD,0.5,1.50",4.0,0.0189,1.553,0.023,1,0.985,0,NORMAL,51.724,0.008,1,1,1,1,1,77.6,118,9,dijkstra,graph,0.36021,0,,,,,,0,,,,178790,107917,2534
1872,323.420387506485,2026-03-06T01:48:40.315775,112.39,0.0,16.42,18.97,0.0,0.0,1.54,169.18,5.95,-1.929,0.504,STRAIGHT,1.5,1.5,"CMD,0.5,1.50",2.084,-0.17,1.966,-0.339,1,0.9808,0,NORMAL,52.096,-0.078,1,1,1,1,1,121.0,114,7,dijkstra,graph,0.35833,0,,,,,,0,,,,177446,107357,2302
1873,323.6008813381195,2026-03-06T01:48:40.496269,115.11,0.0,8.01,22.03,0.0,0.0,0.0,160.92,5.93,-2.264,-1.929,STRAIGHT,1.5,1.5,"CMD,-1.9,1.50",1.711,-0.0712,1.681,-0.101,1,0.9843,0,NORMAL,51.359,-0.039,1,1,1,1,1,122.5,138,8,dijkstra,graph,0.36174,0,,,,,,0,,,,178867,108334,2342
1874,323.75679874420166,2026-03-06T01:48:40.652187,104.22,0.0,0.0,10.09,0.0,0.0,0.0,137.89,5.93,-2.44,-2.264,STRAIGHT,1.5,1.5,"CMD,-2.3,1.50",1.708,-0.0677,1.679,-0.096,1,0.9843,0,NORMAL,51.463,-0.032,1,1,1,1,1,122.3,81,8,dijkstra,graph,0.36798,0,,,,,,0,,,,179581,110115,2190
1875,323.9322340488434,2026-03-06T01:48:40.827622,110.93,0.0,6.01,18.03,2.0,0.0,0.0,155.3,5.92,-1.394,-2.264,STRAIGHT,1.5,1.5,"CMD,-2.3,1.50",2.156,0.0169,1.644,0.023,1,0.9838,0,NORMAL,51.294,-0.02,1,1,1,1,1,82.2,117,9,dijkstra,graph,0.37068,0,,,,,,0,,,,179872,111033,2215
1876,324.1085362434387,2026-03-06T01:48:41.003924,112.55,0.0,6.01,25.7,0.0,0.0,0.0,162.28,5.9,-2.922,-2.44,STRAIGHT,1.5,1.5,"CMD,-2.4,1.50",2.301,-0.1454,2.219,-0.368,1,0.9742,0,NORMAL,51.043,-0.118,1,1,1,1,2,202.8,137,9,dijkstra,graph,0.36174,0,,,,,,0,,,,177947,108247,2796
1877,324.2912549972534,2026-03-06T01:48:41.186643,114.63,0.0,6.01,24.03,2.0,0.0,0.0,162.69,5.87,-2.825,-2.825,STRAIGHT,1.5,1.5,"CMD,-2.8,1.50",1.747,-0.0638,1.718,-0.094,1,0.9772,0,NORMAL,50.499,-0.047,1,1,1,1,1,121.8,173,10,dijkstra,graph,0.37017,0,,,,,,0,,,,179626,110762,2792
1878,324.4630174636841,2026-03-06T01:48:41.358406,117.19,0.0,6.01,14.08,0.0,0.0,0.0,159.75,5.88,-1.651,-2.825,STRAIGHT,1.5,1.5,"CMD,-2.8,1.50",2.301,0.0169,1.644,0.023,1,0.9823,0,NORMAL,51.075,-0.045,1,1,1,1,1,82.2,104,9,dijkstra,graph,0.37087,0,,,,,,0,,,,179478,110914,2308
1879,324.6438841819763,2026-03-06T01:48:41.539272,114.03,0.0,2.0,21.03,0.0,0.0,0.0,158.65,5.85,-3.008,-2.825,STRAIGHT,1.5,1.5,"CMD,-2.8,1.50",2.215,-0.1392,2.134,-0.324,1,0.9827,0,NORMAL,50.836,-0.052,1,1,1,1,2,205.5,132,12,dijkstra,graph,0.37333,0,,,,,,0,,,,180042,111780,2646
1880,324.8103086948395,2026-03-06T01:48:41.705697,108.34,0.0,6.01,18.02,0.0,0.0,0.0,150.41,5.85,-2.834,-2.834,STRAIGHT,1.5,1.5,"CMD,-2.8,1.50",1.783,-0.0603,1.755,-0.093,1,0.9807,0,NORMAL,50.294,0.01,1,1,1,1,1,123.8,116,8,dijkstra,graph,0.37979,0,,,,,,0,,,,181459,113548,2500
1881,324.98618245124817,2026-03-06T01:48:41.881571,109.61,0.0,8.01,22.14,0.0,0.0,0.0,155.85,5.85,-2.718,-2.834,STRAIGHT,1.5,1.5,"CMD,-2.8,1.50",1.783,-0.0603,1.755,-0.093,1,0.9791,0,NORMAL,50.287,-0.03,1,1,1,1,1,123.8,163,10,dijkstra,graph,0.38331,0,,,,,,0,,,,181710,114609,2799
1882,325.1585693359375,2026-03-06T01:48:42.053958,115.81,0.0,6.01,14.12,0.0,0.0,0.0,152.01,5.84,-1.58,-2.718,STRAIGHT,1.5,1.5,"CMD,-2.7,1.50",2.458,0.0169,1.644,0.023,1,0.9783,0,NORMAL,50.526,-0.081,1,1,1,1,1,82.2,103,12,dijkstra,graph,0.38353,0,,,,,,0,,,,181663,114786,2444
1883,325.33453845977783,2026-03-06T01:48:42.229927,111.43,0.0,6.01,20.03,0.0,0.0,0.0,153.49,5.83,-1.924,-1.924,STRAIGHT,1.5,1.5,"CMD,-1.9,1.50",1.829,-0.0633,1.8,-0.103,1,0.9775,0,NORMAL,50.444,-0.082,1,1,1,1,1,125.2,124,9,dijkstra,graph,0.38798,0,,,,,,0,,,,182599,116248,2386
1884,325.5008296966553,2026-03-06T01:48:42.396218,106.27,0.0,8.24,16.02,2.0,0.0,0.0,150.27,5.83,-1.074,-1.58,STRAIGHT,1.5,1.5,"CMD,-1.6,1.50",2.697,0.0152,1.735,0.023,1,0.9755,0,NORMAL,50.85,-0.098,1,1,1,1,1,86.8,103,10,dijkstra,graph,0.38843,0,,,,,,0,,,,182557,116248,2289
1885,325.67257046699524,2026-03-06T01:48:42.567959,113.66,0.0,10.01,18.04,0.0,0.0,0.0,155.72,5.83,-1.585,-1.585,STRAIGHT,1.5,1.5,"CMD,-1.6,1.50",1.887,-0.0632,1.858,-0.109,1,0.9744,0,NORMAL,51.294,-0.108,1,1,1,1,1,124.3,111,11,dijkstra,graph,0.39025,0,,,,,,0,,,,183002,116778,2379
1886,325.841187953949,2026-03-06T01:48:42.736576,112.33,0.0,6.01,16.02,0.0,0.0,0.0,156.6,5.83,-1.926,-1.585,STRAIGHT,1.5,1.5,"CMD,-1.6,1.50",1.887,-0.0632,1.858,-0.109,1,0.9708,0,NORMAL,51.563,-0.091,1,1,1,1,1,124.3,91,9,dijkstra,graph,0.39151,0,,,,,,0,,,,182879,117256,2190
1887,326.0118463039398,2026-03-06T01:48:42.907234,114.58,0.0,6.01,18.03,0.0,0.0,0.0,154.64,5.82,-2.128,-1.926,STRAIGHT,1.5,1.5,"CMD,-1.9,1.50",1.879,-0.0614,1.849,-0.105,1,0.9713,0,NORMAL,51.92,-0.128,1,1,1,1,1,127.6,107,7,dijkstra,graph,0.39074,0,,,,,,0,,,,182483,116727,2275
1888,326.1900248527527,2026-03-06T01:48:43.085413,111.62,0.0,10.21,22.3,2.0,0.0,0.0,160.16,5.81,-2.262,-2.128,STRAIGHT,1.5,1.5,"CMD,-2.1,1.50",1.935,-0.0614,1.904,-0.112,1,0.9724,0,NORMAL,52.588,-0.159,1,1,1,1,1,126.5,142,8,dijkstra,graph,0.39068,0,,,,,,0,,,,182577,116828,2564
1889,326.36462903022766,2026-03-06T01:48:43.260017,108.45,0.0,10.13,17.6,2.0,0.0,0.0,158.58,5.81,-2.352,-2.262,STRAIGHT,1.5,1.5,"CMD,-2.3,1.50",1.935,-0.0614,1.904,-0.112,1,0.9664,0,NORMAL,52.649,-0.17,1,1,1,1,1,126.5,92,10,dijkstra,graph,0.3895,0,,,,,,0,,,,184859,116597,2279
1890,326.5440673828125,2026-03-06T01:48:43.439456,103.26,0.0,8.04,32.03,0.0,0.0,0.0,159.41,5.8,-2.434,-2.352,STRAIGHT,1.5,1.5,"CMD,-2.4,1.50",2.002,-0.063,1.968,-0.123,1,0.9722,0,NORMAL,52.492,-0.147,1,1,1,1,1,128.8,172,8,dijkstra,graph,0.39502,0,,,,,,0,,,,186048,118101,2656
1891,326.7414286136627,2026-03-06T01:48:43.636817,114.74,0.0,8.01,32.06,2.0,0.0,0.0,177.33,5.75,-2.489,-2.434,STRAIGHT,1.5,1.5,"CMD,-2.4,1.50",2.002,-0.063,1.968,-0.123,1,0.9691,0,NORMAL,52.651,-0.169,1,1,1,1,1,128.8,252,9,dijkstra,graph,0.40205,0,,,,,,0,,,,187244,120247,3223
1892,326.92113614082336,2026-03-06T01:48:43.816524,113.44,0.0,6.01,24.03,2.0,0.0,0.0,161.5,5.74,-2.63,-2.489,STRAIGHT,1.5,1.5,"CMD,-2.5,1.50",2.116,-0.0707,2.077,-0.153,1,0.967,0,NORMAL,53.331,-0.211,1,1,1,1,1,124.7,175,9,dijkstra,graph,0.40064,0,,,,,,0,,,,187027,119723,2749
1893,327.1143755912781,2026-03-06T01:48:44.009764,109.02,0.0,6.01,43.53,0.0,0.0,1.0,177.22,5.7,-2.724,-2.63,STRAIGHT,1.5,1.5,"CMD,-2.6,1.50",2.116,-0.0707,2.077,-0.153,1,0.9711,0,NORMAL,52.944,-0.214,1,1,1,1,1,124.7,330,11,dijkstra,graph,0.40409,0,,,,,,0,,,,187953,120883,3682
1894,327.3240056037903,2026-03-06T01:48:44.219394,119.32,0.0,9.69,42.56,2.0,0.0,0.0,193.61,5.67,-2.787,-2.724,STRAIGHT,1.5,1.5,"CMD,-2.7,1.50",2.116,-0.0707,2.077,-0.153,1,0.9707,0,NORMAL,53.14,-0.189,1,1,1,1,1,124.7,313,9,dijkstra,graph,0.40686,0,,,,,,0,,,,187878,121608,3647
1895,327.5242896080017,2026-03-06T01:48:44.419678,124.25,0.0,6.23,32.05,2.0,0.0,0.0,186.26,5.63,-2.911,-2.787,STRAIGHT,1.5,1.5,"CMD,-2.8,1.50",2.227,-0.0767,2.182,-0.184,1,0.9647,0,NORMAL,51.556,-0.135,1,1,1,1,1,123.7,244,8,dijkstra,graph,0.41688,0,,,,,,0,,,,192733,124816,3263
1896,327.7223310470581,2026-03-06T01:48:44.617719,121.49,0.0,6.01,36.66,2.0,0.0,0.0,181.77,5.6,-2.976,-2.911,STRAIGHT,1.5,1.5,"CMD,-2.9,1.50",2.349,-0.0753,2.237,-0.19,1,0.9764,0,NORMAL,52.86,-0.138,1,1,1,1,1,117.2,280,12,dijkstra,graph,0.41186,0,,,,,,0,,,,192785,123307,3498
1897,327.91380429267883,2026-03-06T01:48:44.809192,118.81,0.0,6.01,30.05,0.0,0.0,0.0,173.45,5.57,-1.822,-2.911,STRAIGHT,1.5,1.5,"CMD,-2.9,1.50",4.0,0.0117,1.973,0.023,1,0.982,0,NORMAL,53.621,-0.166,1,1,1,1,1,140.8,203,9,dijkstra,graph,0.41434,0,,,,,,0,,,,193720,124046,3040
1898,328.10772037506104,2026-03-06T01:48:45.003108,118.64,0.0,8.01,30.73,2.0,0.0,0.0,175.41,5.53,-2.001,-2.001,STRAIGHT,1.5,1.5,"CMD,-2.0,1.50",2.084,-0.0572,2.04,-0.119,1,0.9829,0,NORMAL,53.975,-0.194,1,1,1,1,1,138.5,217,7,dijkstra,graph,0.41506,0,,,,,,0,,,,193696,124188,3143
1899,328.30556631088257,2026-03-06T01:48:45.200954,118.85,0.0,8.01,34.69,2.0,0.0,0.0,181.76,5.53,-1.693,-1.822,STRAIGHT,1.5,1.5,"CMD,-1.8,1.50",3.151,-0.0261,2.192,-0.063,1,0.9871,0,NORMAL,54.097,-0.141,1,1,1,1,1,112.0,255,8,dijkstra,graph,0.41979,0,,,,,,0,,,,194866,125599,3422
1900,328.4968931674957,2026-03-06T01:48:45.392281,116.28,0.0,9.56,28.51,0.0,0.0,0.0,175.2,5.51,-0.967,-1.693,STRAIGHT,1.5,1.5,"CMD,-1.7,1.50",4.0,0.0117,1.973,0.023,1,0.9874,0,NORMAL,54.298,-0.142,1,1,1,1,1,143.4,194,8,dijkstra,graph,0.41888,0,,,,,,0,,,,195379,125456,2986
1901,328.69498896598816,2026-03-06T01:48:45.590377,105.0,0.0,10.11,46.42,0.0,0.0,0.0,178.56,5.5,-1.533,-1.533,STRAIGHT,1.5,1.5,"CMD,-1.5,1.50",2.217,-0.0646,2.166,-0.152,1,0.9828,0,NORMAL,53.8,-0.13,1,1,1,1,1,145.3,277,11,dijkstra,graph,0.43184,0,,,,,,0,,,,197458,129354,3515
1902,328.891229391098,2026-03-06T01:48:45.786618,110.6,0.0,10.43,38.44,0.0,0.0,0.0,175.49,5.48,-2.059,-1.533,STRAIGHT,1.5,1.5,"CMD,-1.5,1.50",2.314,-0.0755,2.258,-0.194,1,0.9808,0,NORMAL,54.413,-0.143,1,1,1,1,1,144.3,264,13,dijkstra,graph,0.4414,0,,,,,,0,,,,198161,131925,3601
1903,329.0717351436615,2026-03-06T01:48:45.967123,111.45,0.0,9.57,25.14,0.0,0.0,0.0,168.45,5.46,-2.485,-2.059,STRAIGHT,1.5,1.5,"CMD,-2.1,1.50",2.411,-0.081,2.343,-0.224,1,0.9807,0,NORMAL,54.057,-0.152,1,1,1,1,1,145.8,157,8,dijkstra,graph,0.44366,0,,,,,,0,,,,199298,132661,2765
1904,329.2560365200043,2026-03-06T01:48:46.151424,116.83,0.0,8.01,24.41,2.0,0.0,0.0,167.28,5.45,-1.507,-2.059,STRAIGHT,1.5,1.5,"CMD,-2.1,1.50",4.0,0.0109,2.046,0.023,1,0.9816,0,NORMAL,53.91,-0.135,1,1,1,1,1,150.4,147,10,dijkstra,graph,0.44291,0,,,,,,0,,,,199759,132514,2849
1905,329.4273018836975,2026-03-06T01:48:46.322690,111.52,0.0,6.01,18.16,0.0,0.0,0.0,153.24,5.45,-2.129,-2.129,STRAIGHT,1.5,1.5,"CMD,-2.1,1.50",2.421,-0.0819,2.353,-0.229,1,0.9816,0,NORMAL,53.572,-0.14,1,1,1,1,1,150.2,136,10,dijkstra,graph,0.45033,0,,,,,,0,,,,201099,134865,2983
1906,329.61879420280457,2026-03-06T01:48:46.514182,114.94,0.0,10.02,28.23,0.0,0.0,0.0,171.05,5.44,-2.544,-2.129,STRAIGHT,1.5,1.5,"CMD,-2.1,1.50",2.421,-0.0819,2.353,-0.229,1,0.9792,0,NORMAL,54.389,-0.169,1,1,1,1,1,150.2,189,9,dijkstra,graph,0.44529,0,,,,,,0,,,,200832,133278,3180
1907,329.802770614624,2026-03-06T01:48:46.698159,112.07,0.0,6.12,30.25,2.0,0.0,0.0,173.83,5.43,-1.556,-2.129,STRAIGHT,1.5,1.5,"CMD,-2.1,1.50",4.0,0.0102,2.118,0.023,1,0.9781,0,NORMAL,54.433,-0.159,1,1,1,1,1,158.8,186,8,dijkstra,graph,0.4495,0,,,,,,0,,,,202147,134507,3023
1908,329.99296474456787,2026-03-06T01:48:46.888353,114.31,0.0,6.01,36.52,0.0,0.0,0.0,174.17,5.42,-2.046,-2.046,STRAIGHT,1.5,1.5,"CMD,-2.0,1.50",2.721,-0.0734,2.466,-0.225,1,0.9755,0,NORMAL,54.656,-0.152,1,1,1,1,1,129.5,181,8,dijkstra,graph,0.45601,0,,,,,,0,,,,203969,136529,3041
1909,330.1887104511261,2026-03-06T01:48:47.084099,112.62,0.0,8.01,24.03,2.0,0.0,0.0,175.47,5.39,-2.598,-2.046,STRAIGHT,1.5,1.5,"CMD,-2.0,1.50",2.54,-0.0899,2.458,-0.275,1,0.976,0,NORMAL,54.999,-0.14,1,1,1,1,1,158.6,157,8,dijkstra,graph,0.46287,0,,,,,,0,,,,205488,138566,3055
1910,330.3748788833618,2026-03-06T01:48:47.270267,113.28,0.0,8.01,28.04,2.0,0.0,0.0,170.05,5.38,-1.597,-2.046,STRAIGHT,1.5,1.5,"CMD,-2.0,1.50",4.0,0.0098,2.155,0.023,1,0.9743,0,NORMAL,55.011,-0.182,1,1,1,1,1,162.7,199,8,dijkstra,graph,0.4544,0,,,,,,0,,,,204489,135840,3298
1911,330.5700931549072,2026-03-06T01:48:47.465481,121.27,0.0,6.01,28.04,2.0,0.0,0.0,177.19,5.36,-0.929,-1.597,STRAIGHT,1.5,1.5,"CMD,-1.6,1.50",4.0,0.0098,2.155,0.023,1,0.9691,0,NORMAL,54.912,-0.161,1,1,1,1,1,164.7,179,8,dijkstra,graph,0.45866,0,,,,,,0,,,,204864,137293,3199
1912,330.76651763916016,2026-03-06T01:48:47.661906,107.69,0.0,12.41,42.05,0.0,0.0,0.0,179.68,5.34,-0.44,-0.929,STRAIGHT,1.5,1.5,"CMD,-0.9,1.50",4.0,0.013,1.872,0.023,1,0.9736,0,NORMAL,54.88,-0.152,1,1,1,1,1,93.6,283,12,dijkstra,graph,0.45921,0,,,,,,0,,,,205877,137534,3942
1913,330.96197605133057,2026-03-06T01:48:47.857364,112.33,0.0,6.01,40.46,0.0,0.0,0.0,180.96,5.31,-0.123,-0.44,STRAIGHT,1.5,1.5,"CMD,-0.4,1.50",4.0,0.0124,1.918,0.023,1,0.9595,0,NORMAL,53.012,-0.151,1,1,1,1,1,95.9,293,11,dijkstra,graph,0.47101,0,,,,,,0,,,,206399,140986,4128
1914,331.1743402481079,2026-03-06T01:48:48.069728,113.83,0.0,10.01,52.26,0.0,0.0,0.0,201.91,5.27,0.097,-0.123,STRAIGHT,1.5,1.5,"CMD,-0.1,1.50",4.0,0.013,1.872,0.023,1,0.9539,0,NORMAL,51.332,-0.164,1,1,1,1,1,93.6,394,14,dijkstra,graph,0.47161,0,,,,,,0,,,,209708,141079,4749
1915,331.38242983818054,2026-03-06T01:48:48.277818,113.91,0.0,0.0,42.13,2.0,0.0,0.0,183.77,5.23,0.244,0.097,STRAIGHT,1.5,1.5,"CMD,0.1,1.50",4.0,0.013,1.872,0.023,1,0.966,0,NORMAL,51.781,-0.147,1,1,1,1,1,93.6,296,11,dijkstra,graph,0.47145,0,,,,,,0,,,,210917,141318,4033
1916,331.57009840011597,2026-03-06T01:48:48.465487,107.13,0.0,8.01,36.12,0.0,0.0,0.0,167.02,5.22,0.342,0.244,STRAIGHT,1.5,1.5,"CMD,0.2,1.50",4.0,0.013,1.872,0.023,1,0.9654,0,NORMAL,51.988,-0.144,1,1,1,1,1,93.6,307,12,dijkstra,graph,0.47521,0,,,,,,0,,,,211392,142307,4345
1917,331.7699520587921,2026-03-06T01:48:48.665340,109.82,0.0,8.01,42.71,0.0,0.0,0.0,179.6,5.2,0.399,0.342,STRAIGHT,1.5,1.5,"CMD,0.3,1.50",4.0,0.0124,1.918,0.023,1,0.9671,0,NORMAL,52.353,-0.167,1,1,1,1,1,95.9,305,12,dijkstra,graph,0.47847,0,,,,,,0,,,,212700,143181,4255
1918,331.9667525291443,2026-03-06T01:48:48.862141,106.87,0.0,10.09,43.85,0.0,0.0,0.0,174.77,5.18,0.436,0.399,STRAIGHT,1.5,1.5,"CMD,0.4,1.50",4.0,0.0124,1.918,0.023,1,0.96,0,NORMAL,52.785,-0.172,1,1,1,1,1,95.9,302,15,dijkstra,graph,0.48095,0,,,,,,0,,,,215032,143930,4655
1919,332.14440727233887,2026-03-06T01:48:49.039796,108.03,0.0,6.01,26.23,0.0,0.0,0.0,161.36,5.18,0.454,0.436,STRAIGHT,1.5,1.5,"CMD,0.4,1.50",4.0,0.0118,1.963,0.023,1,0.9584,0,NORMAL,52.839,-0.185,1,1,1,1,1,98.2,206,13,dijkstra,graph,0.48403,0,,,,,,0,,,,215875,144753,3596
1920,332.34311509132385,2026-03-06T01:48:49.238503,116.33,0.0,0.0,35.66,0.0,0.0,0.0,178.53,5.18,0.433,0.436,STRAIGHT,1.5,1.5,"CMD,0.4,1.50",4.0,0.0095,2.192,0.023,1,0.96,0,NORMAL,52.379,-0.151,1,1,1,1,1,109.6,217,12,dijkstra,graph,0.49037,0,,,,,,0,,,,216838,146644,3698
1921,332.55592703819275,2026-03-06T01:48:49.451315,114.16,0.0,6.01,52.5,0.0,0.0,0.0,188.78,5.15,0.452,0.452,STRAIGHT,1.5,1.5,"CMD,0.5,1.50",4.0,0.0118,1.963,0.023,1,0.9574,0,NORMAL,52.204,-0.091,1,1,1,1,1,98.2,382,15,dijkstra,graph,0.49236,0,,,,,,0,,,,218556,147254,4932
1922,332.76378178596497,2026-03-06T01:48:49.659170,113.05,0.0,0.0,50.09,0.0,0.0,2.0,191.83,5.13,0.48,0.452,STRAIGHT,1.5,1.5,"CMD,0.5,1.50",4.0,0.013,1.872,0.023,1,0.9612,0,NORMAL,51.663,-0.116,1,1,1,1,1,93.6,375,18,dijkstra,graph,0.48733,0,,,,,,0,,,,219071,145785,5223
1923,332.9552421569824,2026-03-06T01:48:49.850630,100.86,0.0,16.49,42.06,0.0,0.0,0.0,175.43,5.15,0.499,0.48,STRAIGHT,1.5,1.5,"CMD,0.5,1.50",4.0,0.013,1.872,0.023,1,0.9598,0,NORMAL,51.476,-0.139,1,1,1,1,1,93.6,375,16,dijkstra,graph,0.48804,0,,,,,,0,,,,220696,145935,5145
1924,333.1532344818115,2026-03-06T01:48:50.048623,111.15,0.0,10.22,36.05,0.0,0.0,0.0,171.18,5.15,0.488,0.488,STRAIGHT,1.5,1.5,"CMD,0.5,1.50",4.0,0.0113,2.009,0.023,1,0.9627,0,NORMAL,50.784,-0.104,1,1,1,1,1,100.5,224,11,dijkstra,graph,0.48729,0,,,,,,0,,,,220646,145605,3835
1925,333.34517097473145,2026-03-06T01:48:50.240559,114.06,0.0,8.01,36.05,0.0,0.0,0.0,177.92,5.16,0.505,0.499,STRAIGHT,1.5,1.5,"CMD,0.5,1.50",4.0,0.013,1.872,0.023,1,0.9595,0,NORMAL,51.897,-0.095,1,1,1,1,1,93.6,249,11,dijkstra,graph,0.48163,0,,,,,,0,,,,220500,144078,3986
1926,333.5216975212097,2026-03-06T01:48:50.417086,101.83,0.0,10.19,30.07,0.0,0.0,0.0,162.12,5.17,0.516,0.505,STRAIGHT,1.5,1.5,"CMD,0.5,1.50",4.0,0.013,1.872,0.023,1,0.9532,0,NORMAL,51.248,-0.092,1,1,1,1,1,93.6,203,13,dijkstra,graph,0.48052,0,,,,,,0,,,,224120,143631,3819
1927,333.70516324043274,2026-03-06T01:48:50.600552,108.38,0.0,6.01,28.04,0.0,0.0,0.0,163.14,5.18,0.523,0.516,STRAIGHT,1.5,1.5,"CMD,0.5,1.50",4.0,0.013,1.872,0.023,1,0.9427,0,NORMAL,51.419,-0.096,1,1,1,1,1,93.6,172,12,dijkstra,graph,0.48368,0,,,,,,0,,,,228282,144464,3779
1928,333.89000821113586,2026-03-06T01:48:50.785396,110.75,0.0,6.01,36.05,0.0,0.0,0.0,168.83,5.19,0.512,0.516,STRAIGHT,1.5,1.5,"CMD,0.5,1.50",4.0,0.0118,1.963,0.023,1,0.9404,0,NORMAL,51.116,-0.103,1,1,1,1,1,98.2,240,14,dijkstra,graph,0.48845,0,,,,,,0,,,,233039,146080,4106
1929,334.07096576690674,2026-03-06T01:48:50.966354,103.3,0.0,10.2,27.79,0.0,0.0,0.0,162.94,5.2,0.504,0.512,STRAIGHT,1.5,1.5,"CMD,0.5,1.50",4.0,0.0118,1.963,0.023,1,0.9397,0,NORMAL,49.69,-0.084,1,1,1,1,1,98.2,136,11,dijkstra,graph,0.48341,0,,,,,,0,,,,231329,144429,3568
1930,334.23817563056946,2026-03-06T01:48:51.133564,105.35,0.0,0.0,20.13,0.0,0.0,0.0,151.13,5.23,0.507,0.507,STRAIGHT,1.5,1.5,"CMD,0.5,1.50",4.0,0.0124,1.918,0.023,1,0.9493,0,NORMAL,49.182,-0.075,1,1,1,1,1,95.9,137,13,dijkstra,graph,0.47893,0,,,,,,0,,,,229579,143303,3501
1931,334.42339396476746,2026-03-06T01:48:51.318782,114.12,0.0,8.01,26.32,0.0,0.0,0.0,164.73,5.24,0.501,0.504,STRAIGHT,1.5,1.5,"CMD,0.5,1.50",4.0,0.0118,1.963,0.023,1,0.943,0,NORMAL,49.254,-0.057,1,1,1,1,1,98.2,165,14,dijkstra,graph,0.47723,0,,,,,,0,,,,233303,142579,3716
1932,334.6042637825012,2026-03-06T01:48:51.499652,114.73,0.0,0.0,30.09,0.0,0.0,0.0,160.84,5.24,0.504,0.504,STRAIGHT,1.5,1.5,"CMD,0.5,1.50",4.0,0.0124,1.918,0.023,1,0.9293,0,NORMAL,48.261,-0.131,1,1,1,1,1,95.9,118,11,dijkstra,graph,0.46329,0,,,,,,0,,,,236490,138393,3325
1933,334.77546548843384,2026-03-06T01:48:51.670854,112.31,0.0,6.01,14.02,2.0,0.0,0.0,151.86,5.25,0.499,0.501,STRAIGHT,1.5,1.5,"CMD,0.5,1.50",4.0,0.0118,1.963,0.023,1,0.9408,0,NORMAL,50.099,-0.11,1,1,1,1,1,98.2,50,12,dijkstra,graph,0.46312,0,,,,,,0,,,,242026,138408,3083
1934,334.9718222618103,2026-03-06T01:48:51.867210,120.24,0.0,6.67,33.86,3.54,0.0,0.0,180.34,5.23,0.488,0.499,STRAIGHT,1.5,1.5,"CMD,0.5,1.50",4.0,0.0113,2.009,0.023,1,0.9562,0,NORMAL,50.001,-0.01,1,1,1,1,1,100.5,218,13,dijkstra,graph,0.47138,0,,,,,,0,,,,247989,140890,4374
1935,335.14414834976196,2026-03-06T01:48:52.039536,113.8,0.0,10.29,12.02,2.0,0.0,0.0,154.2,5.25,0.468,0.488,STRAIGHT,1.5,1.5,"CMD,0.5,1.50",4.0,0.0104,2.1,0.023,1,0.9451,0,NORMAL,50.065,0.018,1,1,1,1,1,105.0,35,10,dijkstra,graph,0.47711,0,,,,,,0,,,,255836,142459,2851
1936,335.32071328163147,2026-03-06T01:48:52.216102,105.94,0.0,10.38,26.03,0.0,0.0,0.0,160.54,5.26,0.468,0.468,STRAIGHT,1.5,1.5,"CMD,0.5,1.50",4.0,0.0113,2.009,0.023,1,0.9531,0,NORMAL,49.981,0.014,1,1,1,1,1,100.5,155,12,dijkstra,graph,0.46942,0,,,,,,0,,,,259504,140382,3667
1937,335.5012273788452,2026-03-06T01:48:52.396616,112.43,0.0,8.01,26.04,0.0,0.0,0.0,162.49,5.26,0.475,0.468,STRAIGHT,1.5,1.5,"CMD,0.5,1.50",4.0,0.0118,1.963,0.023,1,0.9641,0,NORMAL,49.031,0.006,1,1,1,1,1,98.2,170,10,dijkstra,graph,0.46667,0,,,,,,0,,,,261938,139524,3633
1938,335.68179750442505,2026-03-06T01:48:52.577186,106.3,0.0,8.22,21.53,0.0,0.0,0.0,160.54,5.28,0.479,0.475,STRAIGHT,1.5,1.5,"CMD,0.5,1.50",4.0,0.0118,1.963,0.023,1,0.9702,0,NORMAL,48.639,-0.014,1,1,1,1,1,98.2,117,11,dijkstra,graph,0.47374,0,,,,,,0,,,,264040,141564,3687
1939,335.86642694473267,2026-03-06T01:48:52.761815,114.4,0.0,6.01,28.37,0.0,0.0,0.0,168.61,5.28,0.482,0.479,STRAIGHT,1.5,1.5,"CMD,0.5,1.50",4.0,0.0118,1.963,0.023,1,0.9622,0,NORMAL,47.019,-0.131,1,1,1,1,1,98.2,156,10,dijkstra,graph,0.45946,0,,,,,,0,,,,264323,137287,3601
1940,336.03653597831726,2026-03-06T01:48:52.931924,105.78,0.0,10.2,22.08,0.0,0.0,0.0,152.09,5.31,0.485,0.482,STRAIGHT,1.5,1.5,"CMD,0.5,1.50",4.0,0.0118,1.963,0.023,1,0.9726,0,NORMAL,47.2,-0.057,1,1,1,1,1,98.2,98,12,dijkstra,graph,0.46097,0,,,,,,0,,,,267240,137692,3276
1941,336.2179346084595,2026-03-06T01:48:53.113323,113.23,0.0,0.0,20.12,0.0,0.0,2.0,161.36,5.32,0.479,0.482,STRAIGHT,1.5,1.5,"CMD,0.5,1.50",4.0,0.0113,2.009,0.023,1,0.9647,0,NORMAL,46.574,-0.024,1,1,1,1,1,100.5,107,11,dijkstra,graph,0.4581,0,,,,,,0,,,,271800,137022,3389
1942,336.3883521556854,2026-03-06T01:48:53.283740,108.18,0.0,8.01,18.02,2.0,0.0,0.0,152.28,5.34,0.475,0.479,STRAIGHT,1.5,1.5,"CMD,0.5,1.50",4.0,0.0113,2.009,0.023,1,0.9663,0,NORMAL,45.451,-0.064,1,1,1,1,1,100.5,81,9,dijkstra,graph,0.45717,0,,,,,,0,,,,275344,136525,3091
1943,336.56129789352417,2026-03-06T01:48:53.456686,115.18,0.0,8.01,17.71,0.0,0.0,0.0,152.92,5.39,0.472,0.475,STRAIGHT,1.5,1.5,"CMD,0.5,1.50",4.0,0.0113,2.009,0.023,1,0.9591,0,NORMAL,44.363,-0.075,1,1,1,1,1,100.5,79,10,dijkstra,graph,0.45252,0,,,,,,0,,,,280847,135212,3078
1944,336.731082201004,2026-03-06T01:48:53.626470,104.2,0.0,10.28,18.02,2.0,0.0,0.0,151.76,5.42,0.47,0.472,STRAIGHT,1.5,1.5,"CMD,0.5,1.50",4.0,0.0113,2.009,0.023,1,0.9728,0,NORMAL,43.981,-0.064,1,1,1,1,1,100.5,99,10,dijkstra,graph,0.44829,0,,,,,,0,,,,277284,134009,3172
1945,336.90613770484924,2026-03-06T01:48:53.801526,102.06,0.0,14.3,20.03,0.0,0.0,0.0,155.03,5.43,0.462,0.47,STRAIGHT,1.5,1.5,"CMD,0.5,1.50",4.0,0.0108,2.055,0.023,1,0.9853,0,NORMAL,43.882,-0.072,1,1,1,1,1,102.7,107,12,dijkstra,graph,0.44758,0,,,,,,0,,,,276727,133736,3289
1946,337.08524322509766,2026-03-06T01:48:53.980631,111.0,0.0,8.01,20.03,0.0,0.0,0.0,159.08,5.46,0.457,0.462,STRAIGHT,1.5,1.5,"CMD,0.5,1.50",4.0,0.0108,2.055,0.023,1,0.9829,0,NORMAL,43.211,-0.064,1,1,1,1,1,102.7,107,13,dijkstra,graph,0.44899,0,,,,,,0,,,,276746,134228,3521
1947,337.24687337875366,2026-03-06T01:48:54.142262,104.96,0.0,10.03,12.27,2.0,0.0,0.0,143.61,5.49,0.453,0.457,STRAIGHT,1.5,1.5,"CMD,0.5,1.50",4.0,0.0108,2.055,0.023,1,0.9822,0,NORMAL,42.41,-0.015,1,1,1,1,1,102.7,21,9,dijkstra,graph,0.44506,0,,,,,,0,,,,275818,133025,2769
1948,337.4282717704773,2026-03-06T01:48:54.323660,108.96,0.0,10.38,21.58,0.0,0.0,0.0,157.37,5.49,0.444,0.453,STRAIGHT,1.5,1.5,"CMD,0.5,1.50",4.0,0.0104,2.1,0.023,1,0.976,0,NORMAL,43.835,-0.058,1,1,1,1,1,105.0,108,8,dijkstra,graph,0.44132,0,,,,,,0,,,,273658,131926,3291
1949,337.6040859222412,2026-03-06T01:48:54.499474,118.94,0.0,6.01,18.05,0.0,0.0,2.0,160.27,5.51,0.433,0.444,STRAIGHT,1.5,1.5,"CMD,0.4,1.50",4.0,0.0099,2.146,0.023,1,0.9791,0,NORMAL,43.761,-0.068,1,1,1,1,1,107.3,71,11,dijkstra,graph,0.43816,0,,,,,,0,,,,271601,130984,3229
1950,337.7868354320526,2026-03-06T01:48:54.682224,112.34,0.0,6.01,24.03,0.0,0.0,2.0,162.4,5.54,0.549,0.444,STRAIGHT,1.5,1.5,"CMD,0.4,1.50",4.0,0.0189,1.553,0.023,1,0.8739,0,NORMAL,43.366,-0.17,1,1,1,1,1,77.6,161,14,dijkstra,graph,0.40417,0,,,,,,0,,,,239808,120783,3243
1951,337.9587416648865,2026-03-06T01:48:54.854130,107.64,0.0,10.03,20.19,2.0,0.0,0.0,153.88,5.58,0.521,0.521,STRAIGHT,1.5,1.5,"CMD,0.5,1.50",4.0,0.0113,2.009,0.023,1,0.8816,0,NORMAL,42.048,-0.104,1,1,1,1,1,100.5,88,11,dijkstra,graph,0.43917,0,,,,,,0,,,,269799,131288,3360
1952,338.1458463668823,2026-03-06T01:48:55.041235,112.26,0.0,10.44,14.07,12.02,0.0,0.0,162.31,5.59,1.117,0.549,STRAIGHT,1.5,1.5,"CMD,0.5,1.50",2.257,0.056,2.202,0.136,1,0.6657,0,NORMAL,41.587,-0.154,1,1,1,1,1,224.9,65,8,dijkstra,fallback_centerline,0.31134,0,,,,,,0,,,,181879,93285,1823
1953,338.3102297782898,2026-03-06T01:48:55.205618,110.31,0.0,6.01,10.02,0.0,0.0,0.0,144.36,5.62,0.977,0.977,STRAIGHT,1.5,1.5,"CMD,1.0,1.50",4.0,0.0169,1.644,0.023,1,0.7913,0,NORMAL,41.616,-0.281,1,1,1,1,1,82.2,66,7,dijkstra,graph,0.3539,0,,,,,,0,,,,194604,105866,2450
1954,338.4883098602295,2026-03-06T01:48:55.383698,107.24,0.0,6.13,16.21,12.01,0.0,0.0,157.61,5.64,1.278,1.117,STRAIGHT,1.5,1.5,"CMD,1.1,1.50",2.473,0.0455,2.43,0.135,1,0.7901,0,NORMAL,41.92,-0.306,1,1,1,1,1,224.9,111,5,dijkstra,fallback_centerline,0.29506,0,,,,,,0,,,,158368,88475,1949
1955,338.6744751930237,2026-03-06T01:48:55.569863,107.31,0.0,7.88,19.72,14.02,0.0,0.0,170.14,5.63,1.469,1.278,STRAIGHT,1.5,1.5,"CMD,1.3,1.50",2.697,0.0449,2.658,0.159,1,0.834,0,NORMAL,42.077,-0.299,1,1,1,1,1,224.7,119,6,dijkstra,fallback_centerline,0.32574,0,,,,,,0,,,,154481,97411,2253
1956,338.8423569202423,2026-03-06T01:48:55.737745,111.09,0.0,0.0,26.47,0.0,0.0,0.0,157.87,5.65,1.6,1.469,STRAIGHT,1.5,1.5,"CMD,1.5,1.50",4.0,0.0452,1.005,0.023,1,0.8025,0,NORMAL,41.865,-0.251,1,1,1,1,1,50.2,109,9,dijkstra,graph,0.35841,0,,,,,,0,,,,188824,107145,2619
1957,339.01100397109985,2026-03-06T01:48:55.906392,112.57,0.0,6.01,18.02,0.0,0.0,0.0,152.63,5.66,1.23,1.469,STRAIGHT,1.5,1.5,"CMD,1.5,1.50",4.0,0.0118,1.963,0.023,1,0.7937,0,NORMAL,42.1,-0.274,1,1,1,1,1,98.2,98,9,dijkstra,graph,0.37426,0,,,,,,0,,,,207953,111850,2767
1958,339.1738052368164,2026-03-06T01:48:56.069193,109.85,0.0,6.01,12.02,2.0,0.0,0.0,146.78,5.68,0.975,1.23,STRAIGHT,1.5,1.5,"CMD,1.2,1.50",4.0,0.0113,2.009,0.023,1,0.8322,0,NORMAL,42.075,-0.243,1,1,1,1,1,100.5,39,11,dijkstra,graph,0.41099,0,,,,,,0,,,,247462,122830,2819
1959,339.3390266895294,2026-03-06T01:48:56.234415,106.84,0.0,10.73,13.6,0.0,0.0,0.0,147.2,5.69,0.813,0.975,STRAIGHT,1.5,1.5,"CMD,1.0,1.50",4.0,0.0118,1.963,0.023,1,0.9789,0,NORMAL,42.027,-0.231,1,1,1,1,1,98.2,73,11,dijkstra,graph,0.41246,0,,,,,,0,,,,247995,123290,2986
1960,339.50656175613403,2026-03-06T01:48:56.401950,106.93,0.0,8.01,10.01,0.0,0.0,2.0,147.43,5.71,0.705,0.813,STRAIGHT,1.5,1.5,"CMD,0.8,1.50",4.0,0.0118,1.963,0.023,1,0.9716,0,NORMAL,42.704,-0.243,1,1,1,1,1,98.2,31,10,dijkstra,graph,0.4125,0,,,,,,0,,,,248791,123399,2630
1961,339.6797525882721,2026-03-06T01:48:56.575141,114.93,0.0,8.23,14.02,2.0,0.0,0.0,155.2,5.71,0.633,0.705,STRAIGHT,1.5,1.5,"CMD,0.7,1.50",4.0,0.0118,1.963,0.023,1,0.9739,0,NORMAL,42.555,-0.25,1,1,1,1,1,98.2,71,8,dijkstra,graph,0.40895,0,,,,,,0,,,,247026,122399,2825
1962,339.8502631187439,2026-03-06T01:48:56.745651,112.25,0.0,0.0,14.02,2.0,0.0,0.0,152.49,5.71,0.585,0.633,STRAIGHT,1.5,1.5,"CMD,0.6,1.50",4.0,0.0118,1.963,0.023,1,0.815,0,NORMAL,42.361,-0.239,1,1,1,1,1,98.2,78,9,dijkstra,graph,0.37471,0,,,,,,0,,,,203417,112085,2535
1963,340.00957798957825,2026-03-06T01:48:56.904966,111.15,0.0,6.34,5.75,0.0,0.0,0.0,139.29,5.76,0.553,0.585,STRAIGHT,1.5,1.5,"CMD,0.6,1.50",4.0,0.0118,1.963,0.023,1,0.8206,0,NORMAL,42.386,-0.191,1,1,1,1,1,98.2,25,10,dijkstra,graph,0.4136,0,,,,,,0,,,,245688,123544,2751
1964,340.1787612438202,2026-03-06T01:48:57.074149,98.9,0.0,10.25,19.52,2.0,0.0,0.0,146.88,5.76,0.531,0.553,STRAIGHT,1.5,1.5,"CMD,0.6,1.50",4.0,0.0118,1.963,0.023,1,0.9645,0,NORMAL,42.928,-0.192,1,1,1,1,1,98.2,42,9,dijkstra,graph,0.4062,0,,,,,,0,,,,239549,121405,2558
1965,340.3552794456482,2026-03-06T01:48:57.250668,110.42,0.0,8.01,24.05,2.0,0.0,0.0,158.49,5.76,0.587,0.553,STRAIGHT,1.5,1.5,"CMD,0.6,1.50",4.0,0.0169,1.644,0.023,1,0.8125,0,NORMAL,42.89,-0.184,1,1,1,1,1,82.2,127,12,dijkstra,graph,0.3774,0,,,,,,0,,,,197212,112785,3086
1966,340.5250310897827,2026-03-06T01:48:57.420419,110.99,0.0,10.46,13.92,0.0,0.0,0.0,153.73,5.77,0.725,0.587,STRAIGHT,1.5,1.5,"CMD,0.6,1.50",4.0,0.0243,1.37,0.023,1,0.906,0,NORMAL,43.167,-0.305,1,1,1,1,1,68.5,45,9,dijkstra,graph,0.33037,0,,,,,,0,,,,185189,98789,2033
1967,340.7012765407562,2026-03-06T01:48:57.596665,118.17,0.0,8.01,16.02,2.0,0.0,0.0,160.23,5.78,0.647,0.647,STRAIGHT,1.5,1.5,"CMD,0.6,1.50",4.0,0.0118,1.963,0.023,1,0.8589,0,NORMAL,43.005,-0.238,1,1,1,1,1,98.2,82,11,dijkstra,graph,0.3849,0,,,,,,0,,,,205789,114992,2658
1968,340.8718180656433,2026-03-06T01:48:57.767206,114.62,0.0,7.56,10.21,1.88,0.0,0.0,152.52,5.79,0.594,0.647,STRAIGHT,1.5,1.5,"CMD,0.6,1.50",4.0,0.0118,1.963,0.023,1,0.8667,0,NORMAL,43.576,-0.198,1,1,1,1,1,98.2,35,11,dijkstra,graph,0.4076,0,,,,,,0,,,,231433,121954,2678
1969,341.0323987007141,2026-03-06T01:48:57.927787,104.56,0.0,6.01,17.97,0.0,0.0,0.0,142.56,5.8,0.559,0.594,STRAIGHT,1.5,1.5,"CMD,0.6,1.50",4.0,0.0118,1.963,0.023,1,0.9478,0,NORMAL,44.712,-0.229,1,1,1,1,1,98.2,61,13,dijkstra,graph,0.39851,0,,,,,,0,,,,223526,119246,2777
1970,341.19957661628723,2026-03-06T01:48:58.094965,105.82,0.0,10.2,10.53,2.0,0.0,0.0,147.15,5.82,0.543,0.559,STRAIGHT,1.5,1.5,"CMD,0.6,1.50",4.0,0.0124,1.918,0.023,1,0.9474,0,NORMAL,45.531,-0.257,1,1,1,1,1,95.9,49,10,dijkstra,graph,0.39793,0,,,,,,0,,,,220538,119018,2534
1971,341.37237453460693,2026-03-06T01:48:58.267763,112.02,0.0,0.0,25.85,0.0,0.0,2.0,155.27,5.82,0.533,0.543,STRAIGHT,1.5,1.5,"CMD,0.5,1.50",4.0,0.0124,1.918,0.023,1,0.9571,0,NORMAL,45.528,-0.248,1,1,1,1,1,95.9,97,11,dijkstra,graph,0.40165,0,,,,,,0,,,,223936,120052,2910
1972,341.5366928577423,2026-03-06T01:48:58.432081,113.91,0.0,6.01,12.43,0.0,0.0,0.0,148.3,5.83,0.518,0.533,STRAIGHT,1.5,1.5,"CMD,0.5,1.50",4.0,0.0118,1.963,0.023,1,0.9659,0,NORMAL,45.41,-0.244,1,1,1,1,1,98.2,61,10,dijkstra,graph,0.40068,0,,,,,,0,,,,221978,119757,2651
1973,341.70400381088257,2026-03-06T01:48:58.599392,109.11,0.0,7.67,12.02,2.0,0.0,0.0,157.04,5.83,0.508,0.518,STRAIGHT,1.5,1.5,"CMD,0.5,1.50",4.0,0.0118,1.963,0.023,1,0.953,0,NORMAL,45.026,-0.201,1,1,1,1,1,98.2,51,10,dijkstra,graph,0.40116,0,,,,,,0,,,,218164,120007,2600
1974,341.8686182498932,2026-03-06T01:48:58.764006,106.24,0.0,0.0,14.08,2.0,0.0,0.0,148.54,5.84,0.502,0.508,STRAIGHT,1.5,1.5,"CMD,0.5,1.50",4.0,0.0118,1.963,0.023,1,0.9387,0,NORMAL,45.539,-0.241,1,1,1,1,1,98.2,76,11,dijkstra,graph,0.40351,0,,,,,,0,,,,220207,120645,2896
1975,342.03150033950806,2026-03-06T01:48:58.926889,105.11,0.0,10.14,17.59,0.0,0.0,0.0,146.86,5.86,0.497,0.502,STRAIGHT,1.5,1.5,"CMD,0.5,1.50",4.0,0.0118,1.963,0.023,1,0.9556,0,NORMAL,44.798,-0.25,1,1,1,1,1,98.2,63,11,dijkstra,graph,0.39913,0,,,,,,0,,,,215819,119458,2836
1976,342.2138454914093,2026-03-06T01:48:59.109234,114.64,0.0,6.01,28.11,0.0,0.0,0.0,166.32,5.84,0.495,0.497,STRAIGHT,1.5,1.5,"CMD,0.5,1.50",4.0,0.0118,1.963,0.023,1,0.9544,0,NORMAL,43.467,-0.27,1,1,1,1,1,98.2,184,14,dijkstra,graph,0.40153,0,,,,,,0,,,,212061,120139,3543
1977,342.3921232223511,2026-03-06T01:48:59.287511,109.9,0.0,6.01,22.03,0.0,0.0,0.0,156.05,5.84,0.493,0.495,STRAIGHT,1.5,1.5,"CMD,0.5,1.50",4.0,0.0118,1.963,0.023,1,0.9504,0,NORMAL,43.827,-0.271,1,1,1,1,1,98.2,143,11,dijkstra,graph,0.39512,0,,,,,,0,,,,207012,118251,3175
1978,342.56210064888,2026-03-06T01:48:59.457489,103.57,0.0,10.34,24.03,0.0,0.0,0.0,153.96,5.85,0.491,0.493,STRAIGHT,1.5,1.5,"CMD,0.5,1.50",4.0,0.0118,1.963,0.023,1,0.9468,0,NORMAL,45.022,-0.278,1,1,1,1,1,98.2,123,15,dijkstra,graph,0.39322,0,,,,,,0,,,,203089,117682,3139
1979,342.73339319229126,2026-03-06T01:48:59.628781,112.9,0.0,8.01,16.05,2.0,0.0,0.0,155.27,5.86,0.49,0.491,STRAIGHT,1.5,1.5,"CMD,0.5,1.50",4.0,0.0118,1.963,0.023,1,0.9471,0,NORMAL,45.47,-0.264,1,1,1,1,1,98.2,64,10,dijkstra,graph,0.39591,0,,,,,,0,,,,204999,118527,2733
1980,342.903697013855,2026-03-06T01:48:59.799085,112.22,0.0,6.01,16.02,0.0,0.0,0.0,152.28,5.86,0.483,0.49,STRAIGHT,1.5,1.5,"CMD,0.5,1.50",4.0,0.0113,2.009,0.023,1,0.9505,0,NORMAL,45.625,-0.264,1,1,1,1,1,100.5,70,8,dijkstra,graph,0.40269,0,,,,,,0,,,,208910,120433,2680
1981,343.08070039749146,2026-03-06T01:48:59.976089,112.47,0.0,10.42,18.06,0.0,0.0,0.0,156.98,5.88,0.477,0.483,STRAIGHT,1.5,1.5,"CMD,0.5,1.50",4.0,0.0113,2.009,0.023,1,0.9545,0,NORMAL,45.899,-0.264,1,1,1,1,1,100.5,155,14,dijkstra,graph,0.41033,0,,,,,,0,,,,210463,122834,3452
1982,343.26178526878357,2026-03-06T01:49:00.157173,110.51,0.0,6.01,26.06,0.0,0.0,0.0,160.87,5.86,0.474,0.477,STRAIGHT,1.5,1.5,"CMD,0.5,1.50",4.0,0.0113,2.009,0.023,1,0.9553,0,NORMAL,46.419,-0.23,1,1,1,1,1,100.5,160,15,dijkstra,graph,0.40872,0,,,,,,0,,,,209253,122306,3358
1983,343.43781089782715,2026-03-06T01:49:00.333199,106.95,0.0,8.01,27.75,0.0,0.0,0.0,165.76,5.86,0.479,0.477,STRAIGHT,1.5,1.5,"CMD,0.5,1.50",4.0,0.0118,1.963,0.023,1,0.9638,0,NORMAL,47.353,-0.251,1,1,1,1,1,98.2,178,16,dijkstra,graph,0.4056,0,,,,,,0,,,,206076,121413,3407
1984,343.60861325263977,2026-03-06T01:49:00.504001,114.73,0.0,6.01,14.02,2.0,0.0,0.0,152.78,5.88,0.475,0.475,STRAIGHT,1.5,1.5,"CMD,0.5,1.50",4.0,0.0113,2.009,0.023,1,0.9657,0,NORMAL,47.797,-0.249,1,1,1,1,1,100.5,80,8,dijkstra,graph,0.40331,0,,,,,,0,,,,202369,120661,2649
1985,343.7940812110901,2026-03-06T01:49:00.689469,118.9,0.0,6.01,26.52,2.0,0.0,0.0,169.45,5.86,0.472,0.475,STRAIGHT,1.5,1.5,"CMD,0.5,1.50",4.0,0.0113,2.009,0.023,1,0.9704,0,NORMAL,47.851,-0.232,1,1,1,1,1,100.5,164,12,dijkstra,graph,0.40771,0,,,,,,0,,,,200796,121903,3183
1986,343.97552704811096,2026-03-06T01:49:00.870915,113.22,0.0,8.01,24.16,0.0,0.0,0.0,161.42,5.84,0.47,0.472,STRAIGHT,1.5,1.5,"CMD,0.5,1.50",4.0,0.0113,2.009,0.023,1,0.967,0,NORMAL,48.063,-0.236,1,1,1,1,1,100.5,141,12,dijkstra,graph,0.40676,0,,,,,,0,,,,199469,121777,3163
1987,344.1528568267822,2026-03-06T01:49:01.048245,109.47,0.0,6.94,23.53,0.0,0.0,0.0,163.31,5.82,0.469,0.47,STRAIGHT,1.5,1.5,"CMD,0.5,1.50",4.0,0.0113,2.009,0.023,1,0.9779,0,NORMAL,48.38,-0.252,1,1,1,1,1,100.5,132,12,dijkstra,graph,0.40512,0,,,,,,0,,,,197601,121310,3055
1988,344.3249018192291,2026-03-06T01:49:01.220290,107.66,0.0,0.0,21.97,0.0,0.0,0.0,156.02,5.82,0.468,0.469,STRAIGHT,1.5,1.5,"CMD,0.5,1.50",4.0,0.0113,2.009,0.023,1,0.9781,0,NORMAL,48.399,-0.236,1,1,1,1,1,100.5,128,12,dijkstra,graph,0.40804,0,,,,,,0,,,,196793,122184,3012
1989,344.49378514289856,2026-03-06T01:49:01.389173,104.39,0.0,10.22,17.79,0.0,0.0,0.0,150.86,5.81,0.468,0.468,STRAIGHT,1.5,1.5,"CMD,0.5,1.50",4.0,0.0113,2.009,0.023,1,0.973,0,NORMAL,48.451,-0.236,1,1,1,1,1,100.5,144,13,dijkstra,graph,0.40643,0,,,,,,0,,,,196653,121585,3014
1990,344.6843321323395,2026-03-06T01:49:01.579720,115.32,0.0,8.01,22.31,2.0,0.0,0.0,166.03,5.79,0.467,0.468,STRAIGHT,1.5,1.5,"CMD,0.5,1.50",4.0,0.0113,2.009,0.023,1,0.976,0,NORMAL,49.486,-0.243,1,1,1,1,1,100.5,134,10,dijkstra,graph,0.40252,0,,,,,,0,,,,195438,120384,2945
1991,344.8612117767334,2026-03-06T01:49:01.756600,114.79,0.0,6.01,18.02,0.0,0.0,0.0,158.86,5.79,0.467,0.467,STRAIGHT,1.5,1.5,"CMD,0.5,1.50",4.0,0.0113,2.009,0.023,1,0.972,0,NORMAL,49.886,-0.262,1,1,1,1,1,100.5,82,8,dijkstra,graph,0.4006,0,,,,,,0,,,,193455,119925,2464
1992,345.03289341926575,2026-03-06T01:49:01.928282,105.27,0.0,10.28,24.09,0.0,0.0,0.0,153.66,5.77,0.467,0.467,STRAIGHT,1.5,1.5,"CMD,0.5,1.50",4.0,0.0113,2.009,0.023,1,0.9793,0,NORMAL,49.565,-0.245,1,1,1,1,1,100.5,135,9,dijkstra,graph,0.40409,0,,,,,,0,,,,193407,120937,2785
1993,345.20374369621277,2026-03-06T01:49:02.099132,110.76,0.0,6.01,22.05,0.0,0.0,0.0,152.83,5.77,0.467,0.467,STRAIGHT,1.5,1.5,"CMD,0.5,1.50",4.0,0.0113,2.009,0.023,1,0.9767,0,NORMAL,49.88,-0.207,1,1,1,1,1,100.5,141,9,dijkstra,graph,0.40748,0,,,,,,0,,,,193386,121876,2942
1994,345.37828183174133,2026-03-06T01:49:02.273670,110.45,0.0,8.01,20.03,0.0,0.0,2.0,156.52,5.77,0.467,0.467,STRAIGHT,1.5,1.5,"CMD,0.5,1.50",4.0,0.0113,2.009,0.023,1,0.9751,0,NORMAL,50.415,-0.167,1,1,1,1,1,100.5,138,11,dijkstra,graph,0.41184,0,,,,,,0,,,,192445,123099,2928
1995,345.5476586818695,2026-03-06T01:49:02.443047,103.32,0.0,10.17,20.26,0.0,0.0,0.0,155.36,5.77,0.467,0.467,STRAIGHT,1.5,1.5,"CMD,0.5,1.50",4.0,0.0113,2.009,0.023,1,0.9755,0,NORMAL,51.654,-0.158,1,1,1,1,1,100.5,117,9,dijkstra,graph,0.40843,0,,,,,,0,,,,191130,122063,2628
1996,345.72502422332764,2026-03-06T01:49:02.620412,113.28,0.0,8.01,22.03,0.0,0.0,0.0,159.34,5.77,0.467,0.467,STRAIGHT,1.5,1.5,"CMD,0.5,1.50",4.0,0.0113,2.009,0.023,1,0.9793,0,NORMAL,51.175,-0.125,1,1,1,1,1,100.5,114,9,dijkstra,graph,0.40886,0,,,,,,0,,,,191659,122364,2706
1997,345.89868330955505,2026-03-06T01:49:02.794071,107.51,0.0,8.01,18.08,2.0,0.0,0.0,153.63,5.77,0.467,0.467,STRAIGHT,1.5,1.5,"CMD,0.5,1.50",4.0,0.0113,2.009,0.023,1,0.9767,0,NORMAL,51.628,-0.098,1,1,1,1,1,100.5,124,8,dijkstra,graph,0.4106,0,,,,,,0,,,,190835,122994,2732
1998,346.0687165260315,2026-03-06T01:49:02.964105,113.42,0.0,6.01,18.03,0.0,0.0,0.0,153.58,5.76,0.467,0.467,STRAIGHT,1.5,1.5,"CMD,0.5,1.50",4.0,0.0113,2.009,0.023,1,0.9768,0,NORMAL,51.258,-0.124,1,1,1,1,1,100.5,104,11,dijkstra,graph,0.41783,0,,,,,,0,,,,191656,125189,2720
1999,346.24986743927,2026-03-06T01:49:03.145255,112.4,0.0,5.75,26.49,2.0,0.0,0.0,165.13,5.74,0.46,0.467,STRAIGHT,1.5,1.5,"CMD,0.5,1.50",4.0,0.0108,2.055,0.023,1,0.9725,0,NORMAL,51.364,-0.11,1,1,1,1,1,102.7,189,14,dijkstra,graph,0.42186,0,,,,,,0,,,,191878,126203,3591
2000,346.4198648929596,2026-03-06T01:49:03.315253,107.83,0.0,0.0,28.23,2.0,0.0,0.0,159.99,5.75,0.455,0.46,STRAIGHT,1.5,1.5,"CMD,0.5,1.50",4.0,0.0108,2.055,0.023,1,0.9769,0,NORMAL,51.237,-0.1,1,1,1,1,1,102.7,107,12,dijkstra,graph,0.42308,0,,,,,,0,,,,191585,126615,3030
2001,346.59349846839905,2026-03-06T01:49:03.488887,105.26,0.0,10.47,17.39,2.0,0.0,0.0,151.61,5.73,0.452,0.455,STRAIGHT,1.5,1.5,"CMD,0.5,1.50",4.0,0.0108,2.055,0.023,1,0.9767,0,NORMAL,51.68,-0.095,1,1,1,1,1,102.7,99,12,dijkstra,graph,0.42186,0,,,,,,0,,,,191758,126156,3124
2002,346.76620149612427,2026-03-06T01:49:03.661589,112.62,0.0,8.01,16.02,2.0,0.0,0.0,154.68,5.73,0.457,0.455,STRAIGHT,1.5,1.5,"CMD,0.5,1.50",4.0,0.0113,2.009,0.023,1,0.9778,0,NORMAL,51.843,-0.078,1,1,1,1,1,100.5,99,12,dijkstra,graph,0.42244,0,,,,,,0,,,,191667,126412,3067
2003,346.9336636066437,2026-03-06T01:49:03.829052,108.93,0.0,8.01,14.73,1.74,0.0,0.0,149.44,5.73,0.46,0.457,STRAIGHT,1.5,1.5,"CMD,0.5,1.50",4.0,0.0113,2.009,0.023,1,0.9772,0,NORMAL,51.779,-0.034,1,1,1,1,1,100.5,78,12,dijkstra,graph,0.42399,0,,,,,,0,,,,190918,126836,2919
2004,347.0983865261078,2026-03-06T01:49:03.993775,107.62,0.0,8.3,13.76,0.0,0.0,0.0,148.69,5.72,0.462,0.46,STRAIGHT,1.5,1.5,"CMD,0.5,1.50",4.0,0.0113,2.009,0.023,1,0.9775,0,NORMAL,50.825,-0.022,1,1,1,1,1,100.5,81,11,dijkstra,graph,0.4243,0,,,,,,0,,,,191364,127011,2748
2005,347.2713747024536,2026-03-06T01:49:04.166763,110.52,0.0,8.01,18.48,0.0,0.0,0.0,152.85,5.73,0.464,0.462,STRAIGHT,1.5,1.5,"CMD,0.5,1.50",4.0,0.0113,2.009,0.023,1,0.9765,0,NORMAL,50.24,-0.041,1,1,1,1,1,100.5,87,9,dijkstra,graph,0.42246,0,,,,,,0,,,,190604,126372,2771
2006,347.44243931770325,2026-03-06T01:49:04.337827,102.46,0.0,16.48,16.07,0.0,0.0,0.0,153.04,5.74,0.465,0.464,STRAIGHT,1.5,1.5,"CMD,0.5,1.50",4.0,0.0113,2.009,0.023,1,0.9773,0,NORMAL,49.95,-0.069,1,1,1,1,1,100.5,86,11,dijkstra,graph,0.42132,0,,,,,,0,,,,189704,125975,3067
2007,347.6104574203491,2026-03-06T01:49:04.505846,109.81,0.0,8.01,16.24,0.0,0.0,0.0,149.99,5.74,-0.187,0.464,STRAIGHT,1.5,1.5,"CMD,0.5,1.50",3.032,-0.0361,2.283,-0.094,1,0.9764,0,NORMAL,49.19,-0.105,1,1,1,1,1,117.9,94,6,dijkstra,graph,0.41994,0,,,,,,0,,,,189156,125539,2441
2008,347.78296542167664,2026-03-06T01:49:04.678353,115.33,0.0,8.01,16.41,0.0,0.0,0.0,162.47,5.74,-0.259,-0.187,STRAIGHT,1.5,1.5,"CMD,-0.2,1.50",3.959,-0.0098,2.237,-0.024,1,0.9762,0,NORMAL,48.991,-0.125,1,1,1,1,1,113.4,158,7,dijkstra,graph,0.4201,0,,,,,,0,,,,188097,125618,2742
2009,347.9550848007202,2026-03-06T01:49:04.850473,108.49,0.0,10.37,8.01,0.0,0.0,0.0,151.49,5.74,-0.785,-0.259,STRAIGHT,1.5,1.5,"CMD,-0.3,1.50",2.841,-0.0446,2.283,-0.116,1,0.9726,0,NORMAL,49.094,-0.162,1,1,1,1,1,119.8,88,4,dijkstra,graph,0.41244,0,,,,,,0,,,,186770,123367,2206
2010,348.1271412372589,2026-03-06T01:49:05.022529,102.56,0.0,10.24,20.56,0.0,0.0,0.0,147.37,5.75,-1.167,-0.785,STRAIGHT,1.5,1.5,"CMD,-0.8,1.50",2.8,-0.0468,2.283,-0.122,1,0.9725,0,NORMAL,48.807,-0.177,1,1,1,1,1,119.7,93,7,dijkstra,graph,0.4143,0,,,,,,0,,,,185997,123990,2446
2011,348.3081693649292,2026-03-06T01:49:05.203557,108.0,0.0,12.47,24.03,0.0,0.0,0.0,160.71,5.75,-0.629,-0.785,STRAIGHT,1.5,1.5,"CMD,-0.8,1.50",4.0,0.0108,2.055,0.023,1,0.9693,0,NORMAL,47.272,-0.178,1,1,1,1,1,102.7,157,7,dijkstra,graph,0.42048,0,,,,,,0,,,,185659,125756,2723
2012,348.4770042896271,2026-03-06T01:49:05.372393,112.32,0.0,6.01,16.46,0.0,0.0,0.0,150.81,5.75,-1.142,-1.142,STRAIGHT,1.5,1.5,"CMD,-1.1,1.50",2.706,-0.0526,2.283,-0.138,1,0.9658,0,NORMAL,47.117,-0.161,1,1,1,1,1,118.5,82,9,dijkstra,graph,0.41562,0,,,,,,0,,,,184412,124216,2362
2013,348.6456708908081,2026-03-06T01:49:05.541059,106.35,0.0,12.25,16.02,2.0,0.0,0.0,152.65,5.76,-0.599,-0.629,STRAIGHT,1.5,1.5,"CMD,-0.6,1.50",4.0,0.0118,1.963,0.023,1,0.9658,0,NORMAL,46.972,-0.177,1,1,1,1,1,98.2,90,13,dijkstra,graph,0.41295,0,,,,,,0,,,,183332,123602,2788
2014,348.81803345680237,2026-03-06T01:49:05.713422,116.28,0.0,8.01,14.02,2.0,0.0,0.0,156.34,5.77,-1.122,-1.122,STRAIGHT,1.5,1.5,"CMD,-1.1,1.50",2.706,-0.0526,2.283,-0.138,1,0.9689,0,NORMAL,46.686,-0.163,1,1,1,1,1,118.5,76,5,dijkstra,graph,0.412,0,,,,,,0,,,,183862,123321,2175
2015,348.9889545440674,2026-03-06T01:49:05.884343,104.8,0.0,10.04,22.44,2.0,0.0,0.0,154.9,5.78,-1.525,-1.122,STRAIGHT,1.5,1.5,"CMD,-1.1,1.50",3.047,-0.0566,2.511,-0.179,1,0.9507,0,NORMAL,47.064,-0.216,1,1,1,1,2,129.1,97,8,dijkstra,graph,0.40583,0,,,,,,0,,,,178097,121559,2554
2016,349.16142654418945,2026-03-06T01:49:06.056815,112.39,0.0,8.01,16.02,2.0,0.0,0.0,156.45,5.79,-1.745,-1.525,STRAIGHT,1.5,1.5,"CMD,-1.5,1.50",2.77,-0.053,2.329,-0.144,1,0.9454,0,NORMAL,46.377,-0.206,1,1,1,1,1,121.2,94,8,dijkstra,graph,0.41988,0,,,,,,0,,,,186922,125467,2631
2017,349.33725094795227,2026-03-06T01:49:06.232639,106.42,0.0,7.75,25.61,0.0,0.0,2.0,155.8,5.79,-2.12,-1.745,STRAIGHT,1.5,1.5,"CMD,-1.7,1.50",2.535,-0.0696,2.329,-0.19,1,0.9776,0,NORMAL,46.282,-0.186,1,1,1,1,1,121.7,163,8,dijkstra,graph,0.41851,0,,,,,,0,,,,188850,125274,2802
2018,349.50914788246155,2026-03-06T01:49:06.404536,107.17,0.0,8.01,22.4,2.0,0.0,0.0,157.88,5.78,-1.25,-1.745,STRAIGHT,1.5,1.5,"CMD,-1.7,1.50",4.0,0.0118,1.963,0.023,1,0.9824,0,NORMAL,47.703,-0.224,1,1,1,1,1,98.2,161,12,dijkstra,graph,0.4164,0,,,,,,0,,,,188357,124645,2859
2019,349.6765675544739,2026-03-06T01:49:06.571956,109.22,0.0,0.0,15.91,0.0,0.0,0.0,151.4,5.81,-1.79,-1.79,STRAIGHT,1.5,1.5,"CMD,-1.8,1.50",2.535,-0.0696,2.329,-0.19,1,0.9817,0,NORMAL,48.307,-0.209,1,1,1,1,2,121.7,82,9,dijkstra,graph,0.41591,0,,,,,,0,,,,187508,124408,2393
2020,349.85370326042175,2026-03-06T01:49:06.749091,112.91,0.0,10.47,21.71,0.0,0.0,0.0,159.11,5.81,-2.15,-1.79,STRAIGHT,1.5,1.5,"CMD,-1.8,1.50",2.535,-0.0696,2.329,-0.19,1,0.9814,0,NORMAL,49.536,-0.212,1,1,1,1,1,121.7,102,9,dijkstra,graph,0.41855,0,,,,,,0,,,,189007,125179,2421
2021,350.0297360420227,2026-03-06T01:49:06.925124,114.29,0.0,8.01,19.68,0.0,0.0,0.0,160.01,5.8,-2.39,-2.15,STRAIGHT,1.5,1.5,"CMD,-2.2,1.50",2.535,-0.0696,2.329,-0.19,1,0.9832,0,NORMAL,50.139,-0.209,1,1,1,1,1,121.7,115,9,dijkstra,graph,0.41909,0,,,,,,0,,,,189780,125255,2755
2022,350.19202613830566,2026-03-06T01:49:07.087414,108.05,0.0,8.01,14.18,0.0,0.0,0.0,144.27,5.81,-2.55,-2.39,STRAIGHT,1.5,1.5,"CMD,-2.4,1.50",2.535,-0.0696,2.329,-0.19,1,0.9801,0,NORMAL,50.243,-0.186,1,1,1,1,1,121.7,99,8,dijkstra,graph,0.42963,0,,,,,,0,,,,190639,128501,2577
2023,350.3812093734741,2026-03-06T01:49:07.276598,112.51,0.0,10.44,28.19,0.0,0.0,0.0,165.16,5.8,-2.034,-2.39,STRAIGHT,1.5,1.5,"CMD,-2.4,1.50",3.382,-0.0243,2.283,-0.063,1,0.9811,0,NORMAL,51.145,-0.198,1,1,1,1,1,116.6,169,9,dijkstra,graph,0.42486,0,,,,,,0,,,,190000,127007,3300
2024,350.5458416938782,2026-03-06T01:49:07.441230,104.41,0.0,6.01,21.75,0.0,0.0,0.0,150.62,5.8,-1.691,-2.034,STRAIGHT,1.5,1.5,"CMD,-2.0,1.50",3.382,-0.0243,2.283,-0.063,1,0.9813,0,NORMAL,50.879,-0.191,1,1,1,1,1,116.6,96,7,dijkstra,graph,0.42694,0,,,,,,0,,,,190839,127734,3027
2025,350.7177104949951,2026-03-06T01:49:07.613098,108.69,0.0,10.49,20.24,0.0,0.0,0.0,154.7,5.81,-0.972,-1.691,STRAIGHT,1.5,1.5,"CMD,-1.7,1.50",4.0,0.0113,2.009,0.023,1,0.9778,0,NORMAL,51.805,-0.175,1,1,1,1,1,100.5,130,10,dijkstra,graph,0.43601,0,,,,,,0,,,,191859,130380,2829
2026,350.8957722187042,2026-03-06T01:49:07.791160,119.59,0.0,6.01,18.42,0.0,0.0,0.0,160.04,5.8,-1.502,-1.502,STRAIGHT,1.5,1.5,"CMD,-1.5,1.50",2.707,-0.0622,2.374,-0.176,1,0.9774,0,NORMAL,52.756,-0.176,1,1,1,1,1,124.4,100,5,dijkstra,graph,0.43459,0,,,,,,0,,,,191702,129999,2261
2027,351.0697293281555,2026-03-06T01:49:07.965117,112.25,0.0,9.54,18.12,0.0,0.0,0.0,155.94,5.8,-1.67,-1.502,STRAIGHT,1.5,1.5,"CMD,-1.5,1.50",2.935,-0.0486,2.374,-0.137,1,0.98,0,NORMAL,53.11,-0.16,1,1,1,1,1,123.1,102,6,dijkstra,graph,0.43579,0,,,,,,0,,,,192327,130457,2280
2028,351.24317145347595,2026-03-06T01:49:08.138560,112.68,0.0,6.01,18.41,0.0,0.0,0.0,163.34,5.81,-0.965,-1.502,STRAIGHT,1.5,1.5,"CMD,-1.5,1.50",4.0,0.0108,2.055,0.023,1,0.9815,0,NORMAL,53.083,-0.13,1,1,1,1,1,102.7,108,7,dijkstra,graph,0.43818,0,,,,,,0,,,,193294,131132,2402
2029,351.4169647693634,2026-03-06T01:49:08.312353,105.91,0.0,10.14,20.16,2.0,0.0,0.0,152.23,5.8,-1.528,-1.528,STRAIGHT,1.5,1.5,"CMD,-1.5,1.50",2.759,-0.0644,2.42,-0.19,1,0.982,0,NORMAL,52.549,-0.11,1,1,1,1,2,126.3,89,5,dijkstra,graph,0.4382,0,,,,,,0,,,,194378,131157,2307
2030,351.5956048965454,2026-03-06T01:49:08.490993,115.82,0.0,6.83,17.94,0.0,0.0,2.0,158.62,5.8,-0.87,-0.965,STRAIGHT,1.5,1.5,"CMD,-1.0,1.50",4.0,0.0108,2.055,0.023,1,0.9865,0,NORMAL,52.262,-0.112,1,1,1,1,1,102.7,82,8,dijkstra,graph,0.43936,0,,,,,,0,,,,194729,131411,2387
2031,351.7683312892914,2026-03-06T01:49:08.663720,108.64,0.0,18.02,10.01,0.0,0.0,0.0,152.7,5.8,-1.465,-1.465,STRAIGHT,1.5,1.5,"CMD,-1.5,1.50",2.759,-0.0644,2.42,-0.19,1,0.9853,0,NORMAL,51.619,-0.098,1,1,1,1,2,126.3,89,8,dijkstra,graph,0.43473,0,,,,,,0,,,,194511,130066,2627
2032,351.9500358104706,2026-03-06T01:49:08.845424,118.88,0.0,6.01,16.02,2.0,0.0,0.0,161.35,5.78,-1.831,-1.465,STRAIGHT,1.5,1.5,"CMD,-1.5,1.50",2.707,-0.0622,2.374,-0.176,1,0.9816,0,NORMAL,50.748,-0.019,1,1,1,1,1,124.4,91,4,dijkstra,graph,0.43269,0,,,,,,0,,,,194220,129481,2351
2033,352.12954568862915,2026-03-06T01:49:09.024934,113.84,0.0,6.01,21.62,2.0,0.0,0.0,159.48,5.76,-1.065,-1.465,STRAIGHT,1.5,1.5,"CMD,-1.5,1.50",4.0,0.0113,2.009,0.023,1,0.9754,0,NORMAL,50.781,-0.068,1,1,1,1,1,100.5,129,6,dijkstra,graph,0.44043,0,,,,,,0,,,,195775,131690,2659
2034,352.29324293136597,2026-03-06T01:49:09.188631,113.13,0.0,0.0,20.53,0.0,0.0,0.0,147.68,5.77,-1.33,-1.33,STRAIGHT,1.5,1.5,"CMD,-1.3,1.50",3.205,-0.0451,2.466,-0.138,1,0.978,0,NORMAL,50.3,-0.097,1,1,1,1,2,127.7,94,4,dijkstra,graph,0.44455,0,,,,,,0,,,,196445,133000,2303
2035,352.45536613464355,2026-03-06T01:49:09.350754,105.47,0.0,8.56,10.02,0.0,0.0,0.0,139.84,5.79,-1.507,-1.33,STRAIGHT,1.5,1.5,"CMD,-1.3,1.50",3.205,-0.0451,2.466,-0.138,1,0.9803,0,NORMAL,50.364,-0.056,1,1,1,1,2,127.7,96,5,dijkstra,graph,0.44905,0,,,,,,0,,,,197830,134377,2342
2036,352.62752747535706,2026-03-06T01:49:09.522916,107.93,0.0,8.01,12.07,0.0,0.0,0.0,152.03,5.78,-1.425,-1.425,STRAIGHT,1.5,1.5,"CMD,-1.4,1.50",3.477,-0.0306,2.42,-0.09,1,0.9799,0,NORMAL,49.334,-0.03,1,1,1,1,1,124.4,95,5,dijkstra,graph,0.4482,0,,,,,,0,,,,197500,134133,2353
2037,352.80713868141174,2026-03-06T01:49:09.702527,103.32,0.0,15.7,16.21,0.0,0.0,2.0,159.3,5.77,-1.37,-1.425,STRAIGHT,1.5,1.5,"CMD,-1.4,1.50",3.477,-0.0306,2.42,-0.09,1,0.9789,0,NORMAL,48.942,-0.033,1,1,1,1,1,124.4,92,5,dijkstra,graph,0.44864,0,,,,,,0,,,,197149,134340,2338
2038,352.9841592311859,2026-03-06T01:49:09.879547,114.93,0.0,8.01,18.03,2.0,0.0,0.0,159.0,5.77,-1.334,-1.37,STRAIGHT,1.5,1.5,"CMD,-1.4,1.50",3.477,-0.0306,2.42,-0.09,1,0.9782,0,NORMAL,49.341,-0.031,1,1,1,1,1,124.4,91,7,dijkstra,graph,0.4482,0,,,,,,0,,,,196924,134049,2356
2039,353.1769232749939,2026-03-06T01:49:10.072311,119.48,0.0,8.01,26.04,2.0,0.0,0.0,172.74,5.74,-0.747,-1.334,STRAIGHT,1.5,1.5,"CMD,-1.3,1.50",4.0,0.0104,2.1,0.023,1,0.9737,0,NORMAL,50.301,0.027,1,1,1,1,1,105.0,173,10,dijkstra,graph,0.44961,0,,,,,,0,,,,197500,134474,2976
2040,353.3443787097931,2026-03-06T01:49:10.239767,116.63,0.0,4.01,10.46,0.0,0.0,0.0,151.44,5.76,-0.362,-0.747,STRAIGHT,1.5,1.5,"CMD,-0.7,1.50",4.0,0.0099,2.146,0.023,1,0.9735,0,NORMAL,49.378,0.074,1,1,1,1,1,107.3,107,11,dijkstra,graph,0.45605,0,,,,,,0,,,,198666,136355,2705
2041,353.5161187648773,2026-03-06T01:49:10.411507,108.72,0.0,7.94,12.45,0.0,0.0,0.0,151.36,5.75,-0.105,-0.362,STRAIGHT,1.5,1.5,"CMD,-0.4,1.50",4.0,0.0099,2.146,0.023,1,0.9698,0,NORMAL,48.352,0.027,1,1,1,1,1,107.3,112,8,dijkstra,graph,0.4512,0,,,,,,0,,,,197561,134872,2715
2042,353.6949818134308,2026-03-06T01:49:10.590370,111.44,0.0,7.01,20.03,0.0,0.0,0.0,154.5,5.74,0.073,-0.105,STRAIGHT,1.5,1.5,"CMD,-0.1,1.50",4.0,0.0104,2.1,0.023,1,0.9704,0,NORMAL,47.335,-0.007,1,1,1,1,1,105.0,133,9,dijkstra,graph,0.44616,0,,,,,,0,,,,195951,133452,2701
2043,353.8728029727936,2026-03-06T01:49:10.768191,103.64,0.0,14.0,24.03,2.0,0.0,0.0,159.8,5.74,0.191,0.073,STRAIGHT,1.5,1.5,"CMD,0.1,1.50",4.0,0.0104,2.1,0.023,1,0.9706,0,NORMAL,46.576,-0.031,1,1,1,1,1,105.0,172,12,dijkstra,graph,0.44669,0,,,,,,0,,,,195420,133580,3141
2044,354.04934000968933,2026-03-06T01:49:10.944728,113.63,0.0,7.01,21.85,0.0,0.0,0.0,156.51,5.73,0.263,0.191,STRAIGHT,1.5,1.5,"CMD,0.2,1.50",4.0,0.0099,2.146,0.023,1,0.9678,0,NORMAL,46.378,-0.083,1,1,1,1,1,107.3,112,9,dijkstra,graph,0.44512,0,,,,,,0,,,,194958,133320,2793
2045,354.22137331962585,2026-03-06T01:49:11.116761,115.88,0.0,6.01,14.16,0.0,0.0,0.0,152.06,5.73,-0.077,0.191,STRAIGHT,1.5,1.5,"CMD,0.2,1.50",3.93,-0.0184,2.42,-0.054,1,0.9635,0,NORMAL,46.361,-0.128,1,1,1,1,1,123.6,95,6,dijkstra,graph,0.4488,0,,,,,,0,,,,194557,134268,2523
2046,354.40122866630554,2026-03-06T01:49:11.296617,109.11,0.0,10.14,26.14,0.0,0.0,0.0,159.6,5.73,0.08,0.08,STRAIGHT,1.5,1.5,"CMD,0.1,1.50",4.0,0.0095,2.192,0.023,1,0.9528,0,NORMAL,47.851,-0.199,1,1,1,1,1,109.6,146,8,dijkstra,graph,0.44378,0,,,,,,0,,,,193065,132918,3108
2047,354.5790514945984,2026-03-06T01:49:11.474440,112.31,0.0,6.01,24.03,0.0,0.0,0.0,161.8,5.72,0.184,0.08,STRAIGHT,1.5,1.5,"CMD,0.1,1.50",4.0,0.0095,2.192,0.023,1,0.963,0,NORMAL,47.821,-0.182,1,1,1,1,1,109.6,127,9,dijkstra,graph,0.4456,0,,,,,,0,,,,192955,133367,3029
2048,354.74781012535095,2026-03-06T01:49:11.643198,110.29,0.0,8.01,16.0,0.0,0.0,0.0,150.73,5.72,0.248,0.184,STRAIGHT,1.5,1.5,"CMD,0.2,1.50",4.0,0.0091,2.237,0.023,1,0.9102,0,NORMAL,47.375,-0.154,1,1,1,1,1,111.9,110,9,dijkstra,graph,0.43519,0,,,,,,0,,,,179549,130157,2668
2049,354.9176924228668,2026-03-06T01:49:11.813081,110.93,0.0,6.01,16.33,2.0,0.0,0.0,149.31,5.73,0.037,0.184,STRAIGHT,1.5,1.5,"CMD,0.2,1.50",4.0,-0.0093,2.785,-0.036,1,0.9617,0,NORMAL,47.212,-0.188,1,1,1,1,1,140.4,73,8,dijkstra,graph,0.42643,0,,,,,,0,,,,179966,127718,2411
2050,355.09089279174805,2026-03-06T01:49:11.986281,115.94,0.0,8.01,16.2,0.0,0.0,0.0,157.18,5.73,0.226,0.226,STRAIGHT,1.5,1.5,"CMD,0.2,1.50",4.0,0.0146,2.511,0.046,1,0.9635,0,NORMAL,47.253,-0.097,1,1,1,1,1,126.2,80,8,dijkstra,graph,0.43952,0,,,,,,0,,,,184423,131668,2826
2051,355.26365423202515,2026-03-06T01:49:12.159042,109.74,0.0,10.42,18.1,0.0,0.0,2.0,154.74,5.72,0.276,0.226,STRAIGHT,1.5,1.5,"CMD,0.2,1.50",4.0,0.0091,2.237,0.023,1,0.9142,0,NORMAL,47.528,-0.152,1,1,1,1,1,111.9,93,7,dijkstra,graph,0.44341,0,,,,,,0,,,,196594,132679,2637
2052,355.4303104877472,2026-03-06T01:49:12.325699,101.76,0.0,10.41,24.44,0.0,0.0,0.0,150.64,5.74,0.304,0.276,STRAIGHT,1.5,1.5,"CMD,0.3,1.50",4.0,0.0088,2.283,0.023,1,0.9703,0,NORMAL,47.633,-0.196,1,1,1,1,1,114.2,103,5,dijkstra,graph,0.44157,0,,,,,,0,,,,197560,132121,2601
2053,355.6015090942383,2026-03-06T01:49:12.496897,112.71,0.0,8.01,18.44,0.0,0.0,2.0,155.18,5.74,-0.037,0.276,STRAIGHT,1.5,1.5,"CMD,0.3,1.50",4.0,-0.0174,2.511,-0.055,1,0.9797,0,NORMAL,47.45,-0.181,1,1,1,1,2,128.1,86,4,dijkstra,graph,0.44101,0,,,,,,0,,,,198492,131841,2254
2054,355.7722477912903,2026-03-06T01:49:12.667636,109.64,0.0,8.01,20.03,0.0,0.0,2.0,154.7,5.74,0.096,0.096,STRAIGHT,1.5,1.5,"CMD,0.1,1.50",4.0,0.0088,2.283,0.023,1,0.9772,0,NORMAL,47.233,-0.216,1,1,1,1,1,114.2,118,11,dijkstra,graph,0.44907,0,,,,,,0,,,,199420,134443,2944
2055,355.9391586780548,2026-03-06T01:49:12.834547,106.36,0.0,6.01,20.03,0.0,0.0,0.0,150.43,5.75,-0.043,-0.037,STRAIGHT,1.5,1.5,"CMD,-0.0,1.50",4.0,-0.0078,2.511,-0.025,1,0.9799,0,NORMAL,46.824,-0.21,1,1,1,1,1,127.2,107,9,dijkstra,graph,0.4506,0,,,,,,0,,,,200620,134911,2597
2056,356.12186002731323,2026-03-06T01:49:13.017248,112.65,0.0,9.52,18.13,0.0,0.0,0.0,160.72,5.74,-0.031,-0.031,STRAIGHT,1.5,1.5,"CMD,-0.0,1.50",4.0,-0.0001,2.511,-0.0,1,0.9735,0,NORMAL,46.777,-0.244,1,1,1,1,1,126.2,103,9,dijkstra,graph,0.44607,0,,,,,,0,,,,200483,133576,2665
