frame_id,timestamp,wall_clock,t_segmentation,t_detection,t_bev,t_skeleton,t_pathfinding,t_gps_fusion,t_command,t_total_pipeline,fps,heading_raw_deg,heading_smoothed_deg,command,speed_raw_mps,speed_smoothed_mps,serial_cmd,pp_lookahead_m,pp_kappa_cmd_m_inv,pp_target_x_m,pp_target_y_m,pp_valid_path,seg_iou,seg_unstable_frames,stability_mode,stab_corr_px,stab_corr_deg,has_candidate_path,has_model_path,has_control_path,has_path,num_paths,best_path_length_px,num_graph_nodes,num_graph_edges,planner_mode,path_source,bev_mask_occ_ratio,num_detections,min_obstacle_dist_m,detection_classes,detection_distances,gps_lat,gps_lon,gps_fix_quality,gps_wp_name,gps_wp_dist_m,gps_correction_deg,sidewalk_mask_pixels,bev_mask_pixels,skeleton_pixels
0,0.3120286464691162,2026-03-06T01:39:31.112195,154.18,0.0,6.01,21.37,2.0,0.0,0.0,211.12,0.0,0.1,0.1,STRAIGHT,1.5,1.5,"CMD,0.1,1.50",4.0,0.0072,2.511,0.023,1,1.0,0,NORMAL,0.0,0.0,1,1,1,1,1,125.6,123,12,dijkstra,graph,0.62973,0,,,,,,0,,,,285973,188320,4543
1,0.36351513862609863,2026-03-06T01:39:31.163681,0.0,0.0,4.37,0.0,0.0,0.0,2.0,21.45,19.42,0.166,0.133,STRAIGHT,1.5,1.5,"CMD,0.1,1.50",4.0,0.0072,2.511,0.023,1,1.0,0,NORMAL,2.595,-0.068,1,1,1,1,1,115.6,0,0,dijkstra,predict,0.62668,0,,,,,,0,,,,305345,188005,0
2,0.3962104320526123,2026-03-06T01:39:31.196376,0.0,0.0,0.0,0.0,0.0,0.0,0.0,16.13,23.76,0.21,0.166,STRAIGHT,1.5,1.5,"CMD,0.2,1.50",4.0,0.0072,2.511,0.023,1,1.0,0,NORMAL,6.142,-0.139,1,1,1,1,1,110.6,0,0,dijkstra,predict,0.62114,0,,,,,,0,,,,305345,186343,0
3,0.44191527366638184,2026-03-06T01:39:31.242081,0.0,0.0,5.25,0.0,0.0,0.0,0.0,22.29,23.1,0.24,0.21,STRAIGHT,1.5,1.5,"CMD,0.2,1.50",4.0,0.0072,2.511,0.023,1,1.0,0,NORMAL,8.447,-0.095,1,1,1,1,1,105.6,0,0,dijkstra,predict,0.61624,0,,,,,,0,,,,305345,184872,0
4,0.62613844871521,2026-03-06T01:39:31.426304,114.7,0.0,8.01,14.11,0.0,0.0,0.0,161.11,12.73,0.259,0.24,STRAIGHT,1.5,1.5,"CMD,0.2,1.50",4.0,0.0072,2.511,0.023,1,0.9265,0,NORMAL,9.224,-0.087,1,1,1,1,1,125.6,111,11,dijkstra,graph,0.61254,0,,,,,,0,,,,276198,183373,4280
5,0.6648969650268555,2026-03-06T01:39:31.465063,0.0,0.0,8.24,0.0,0.0,0.0,0.0,28.7,14.17,0.273,0.259,STRAIGHT,1.5,1.5,"CMD,0.3,1.50",4.0,0.0072,2.511,0.023,1,0.9265,0,NORMAL,11.876,-0.009,1,1,1,1,1,115.6,0,0,dijkstra,predict,0.61077,0,,,,,,0,,,,283311,183232,0
6,0.7069578170776367,2026-03-06T01:39:31.507124,2.0,0.0,0.0,0.0,0.0,0.0,0.0,18.03,15.19,0.281,0.273,STRAIGHT,1.5,1.5,"CMD,0.3,1.50",4.0,0.0072,2.511,0.023,1,0.9265,0,NORMAL,15.547,0.029,1,1,1,1,1,110.6,0,0,dijkstra,predict,0.60903,0,,,,,,0,,,,283311,182709,0
7,0.7493658065795898,2026-03-06T01:39:31.549532,0.0,0.0,7.25,0.0,0.0,0.0,0.0,20.02,16.01,0.287,0.281,STRAIGHT,1.5,1.5,"CMD,0.3,1.50",4.0,0.0072,2.511,0.023,1,0.9265,0,NORMAL,19.901,0.066,1,1,1,1,1,105.6,0,0,dijkstra,predict,0.60179,0,,,,,,0,,,,283311,180537,0
8,0.9354903697967529,2026-03-06T01:39:31.735656,120.94,0.0,9.32,21.93,2.0,0.0,0.0,167.54,12.83,0.291,0.287,STRAIGHT,1.5,1.5,"CMD,0.3,1.50",4.0,0.0072,2.511,0.023,1,0.9152,0,NORMAL,22.382,0.153,1,1,1,1,1,125.6,119,11,dijkstra,graph,0.60928,0,,,,,,0,,,,269374,182274,4316
9,0.9759376049041748,2026-03-06T01:39:31.776104,0.0,0.0,6.89,0.0,0.0,0.0,0.0,20.91,13.56,0.294,0.291,STRAIGHT,1.5,1.5,"CMD,0.3,1.50",4.0,0.0072,2.511,0.023,1,0.9152,0,NORMAL,22.308,0.191,1,1,1,1,1,115.6,0,0,dijkstra,predict,0.60709,0,,,,,,0,,,,279525,182126,0
10,1.017167568206787,2026-03-06T01:39:31.817334,0.0,0.0,7.1,0.0,0.0,0.0,0.0,27.71,14.18,0.295,0.294,STRAIGHT,1.5,1.5,"CMD,0.3,1.50",4.0,0.0072,2.511,0.023,1,0.9152,0,NORMAL,24.093,0.198,1,1,1,1,1,110.6,0,0,dijkstra,predict,0.60445,0,,,,,,0,,,,279525,181336,0
11,1.060858964920044,2026-03-06T01:39:31.861025,0.0,0.0,3.75,0.0,0.0,0.0,0.0,20.37,14.69,0.296,0.295,STRAIGHT,1.5,1.5,"CMD,0.3,1.50",4.0,0.0072,2.511,0.023,1,0.9152,0,NORMAL,26.949,0.151,1,1,1,1,1,105.6,0,0,dijkstra,predict,0.59693,0,,,,,,0,,,,279525,179078,0
12,1.2588629722595215,2026-03-06T01:39:32.059029,112.88,0.0,14.61,34.16,2.0,0.0,0.0,175.5,12.67,0.29,0.295,STRAIGHT,1.5,1.5,"CMD,0.3,1.50",4.0,0.0067,2.603,0.023,1,0.87,0,NORMAL,27.608,-0.033,1,1,1,1,1,130.1,211,11,dijkstra,graph,0.66244,0,,,,,,0,,,,290871,198202,5293
13,1.2928390502929688,2026-03-06T01:39:32.093005,0.0,0.0,0.0,0.0,0.0,0.0,0.0,19.84,13.25,0.286,0.29,STRAIGHT,1.5,1.5,"CMD,0.3,1.50",4.0,0.0067,2.603,0.023,1,0.87,0,NORMAL,27.28,-0.129,1,1,1,1,1,120.1,0,0,dijkstra,predict,0.65981,0,,,,,,0,,,,303700,197943,0
14,1.3330931663513184,2026-03-06T01:39:32.133259,1.5,0.0,0.0,0.0,0.0,0.0,0.0,16.51,13.71,0.283,0.286,STRAIGHT,1.5,1.5,"CMD,0.3,1.50",4.0,0.0067,2.603,0.023,1,0.87,0,NORMAL,27.009,-0.247,1,1,1,1,1,115.1,0,0,dijkstra,predict,0.65611,0,,,,,,0,,,,303700,196833,0
15,1.373319387435913,2026-03-06T01:39:32.173485,2.0,0.0,2.51,0.0,0.0,0.0,0.0,20.06,14.13,0.282,0.283,STRAIGHT,1.5,1.5,"CMD,0.3,1.50",4.0,0.0067,2.603,0.023,1,0.87,0,NORMAL,28.283,-0.337,1,1,1,1,1,110.1,0,0,dijkstra,predict,0.64811,0,,,,,,0,,,,303700,194432,0
16,1.5708003044128418,2026-03-06T01:39:32.370966,118.79,0.0,10.01,32.04,0.0,0.0,0.0,173.74,12.71,0.287,0.283,STRAIGHT,1.5,1.5,"CMD,0.3,1.50",4.0,0.0072,2.511,0.023,1,0.8856,0,NORMAL,29.803,-0.353,1,1,1,1,1,125.6,211,10,dijkstra,graph,0.68017,0,,,,,,0,,,,290091,203422,5300
17,1.605398416519165,2026-03-06T01:39:32.405564,0.0,0.0,0.0,0.0,0.0,0.0,0.0,16.58,13.14,0.291,0.287,STRAIGHT,1.5,1.5,"CMD,0.3,1.50",4.0,0.0072,2.511,0.023,1,0.8856,0,NORMAL,30.69,-0.371,1,1,1,1,1,115.6,0,0,dijkstra,predict,0.67752,0,,,,,,0,,,,313533,203256,0
18,1.6461901664733887,2026-03-06T01:39:32.446356,2.0,0.0,0.0,0.0,0.0,0.0,0.0,16.99,13.49,0.294,0.291,STRAIGHT,1.5,1.5,"CMD,0.3,1.50",4.0,0.0072,2.511,0.023,1,0.8856,0,NORMAL,29.983,-0.402,1,1,1,1,1,110.6,0,0,dijkstra,predict,0.67401,0,,,,,,0,,,,313533,202204,0
19,1.6867427825927734,2026-03-06T01:39:32.486909,0.0,0.0,3.44,0.0,0.0,0.0,0.0,20.34,13.82,0.295,0.294,STRAIGHT,1.5,1.5,"CMD,0.3,1.50",4.0,0.0072,2.511,0.023,1,0.8856,0,NORMAL,30.981,-0.397,1,1,1,1,1,105.6,0,0,dijkstra,predict,0.66692,0,,,,,,0,,,,313533,200075,0
20,1.888237714767456,2026-03-06T01:39:32.688404,114.35,0.0,10.01,34.27,0.0,0.0,0.0,170.91,12.77,0.308,0.295,STRAIGHT,1.5,1.5,"CMD,0.3,1.50",4.0,0.0081,2.374,0.023,1,0.9091,0,NORMAL,33.188,-0.369,1,1,1,1,1,118.7,272,18,dijkstra,graph,0.68514,0,,,,,,0,,,,281440,204838,5957
21,1.9214191436767578,2026-03-06T01:39:32.721585,0.0,0.0,0.0,0.0,0.0,0.0,0.0,15.83,13.05,0.317,0.308,STRAIGHT,1.5,1.5,"CMD,0.3,1.50",4.0,0.0081,2.374,0.023,1,0.9091,0,NORMAL,34.278,-0.344,1,1,1,1,1,108.7,0,0,dijkstra,predict,0.68234,0,,,,,,0,,,,301487,204703,0
22,1.9671051502227783,2026-03-06T01:39:32.767271,2.74,0.0,2.0,0.0,0.0,0.0,0.0,20.77,13.29,0.323,0.317,STRAIGHT,1.5,1.5,"CMD,0.3,1.50",4.0,0.0081,2.374,0.023,1,0.9091,0,NORMAL,34.987,-0.407,1,1,1,1,1,103.7,0,0,dijkstra,predict,0.67875,0,,,,,,0,,,,301487,203626,0
23,2.006925344467163,2026-03-06T01:39:32.807091,3.66,0.0,2.0,0.0,0.0,0.0,0.0,20.11,13.57,0.327,0.323,STRAIGHT,1.5,1.5,"CMD,0.3,1.50",4.0,0.0081,2.374,0.023,1,0.9091,0,NORMAL,36.76,-0.43,1,1,1,1,1,98.7,0,0,dijkstra,predict,0.66934,0,,,,,,0,,,,301487,200803,0
24,2.209566831588745,2026-03-06T01:39:33.009733,117.67,0.0,8.68,22.03,15.58,0.0,0.0,186.02,12.65,0.421,0.327,STRAIGHT,1.5,1.5,"CMD,0.3,1.50",4.0,0.0148,3.993,0.118,1,0.7198,0,NORMAL,40.886,-0.509,1,1,1,1,1,224.9,139,18,dijkstra,fallback_centerline,0.60196,0,,,,,,0,,,,206638,180651,4515
25,2.2437915802001953,2026-03-06T01:39:33.043958,2.0,0.0,0.0,0.0,0.0,0.0,0.0,15.03,12.94,0.484,0.421,STRAIGHT,1.5,1.5,"CMD,0.4,1.50",4.0,0.0148,3.993,0.118,1,0.7198,0,NORMAL,44.675,-0.713,1,1,1,1,1,224.9,0,0,dijkstra,predict,0.59022,0,,,,,,0,,,,209170,177065,0
26,2.286195993423462,2026-03-06T01:39:33.086362,0.0,0.0,4.01,0.0,0.0,0.0,0.0,20.29,13.17,0.526,0.484,STRAIGHT,1.5,1.5,"CMD,0.5,1.50",4.0,0.0148,3.993,0.118,1,0.7198,0,NORMAL,45.365,-0.528,1,1,1,1,1,219.9,0,0,dijkstra,predict,0.57377,0,,,,,,0,,,,209170,172132,0
27,2.3222532272338867,2026-03-06T01:39:33.122419,0.0,0.0,4.79,0.0,0.0,0.0,0.0,20.04,13.43,0.554,0.526,STRAIGHT,1.5,1.5,"CMD,0.5,1.50",4.0,0.0148,3.993,0.118,1,0.7198,0,NORMAL,47.866,-0.298,1,1,1,1,1,214.9,0,0,dijkstra,predict,0.55136,0,,,,,,0,,,,209170,165407,0
28,2.4940052032470703,2026-03-06T01:39:33.294171,109.88,0.0,7.01,12.41,10.04,0.0,0.0,161.67,12.83,0.495,0.526,STRAIGHT,1.5,1.5,"CMD,0.5,1.50",4.0,0.0091,2.237,0.023,1,0.7647,0,NORMAL,51.406,-0.258,1,1,1,1,1,111.9,115,16,dijkstra,graph,0.64331,0,,,,,,0,,,,251352,192825,4656
29,2.5364460945129395,2026-03-06T01:39:33.336612,2.0,0.0,2.0,0.0,0.0,0.0,0.0,22.29,13.04,0.455,0.495,STRAIGHT,1.5,1.5,"CMD,0.5,1.50",4.0,0.0091,2.237,0.023,1,0.7647,0,NORMAL,51.071,-0.206,1,1,1,1,1,101.9,0,0,dijkstra,predict,0.64203,0,,,,,,0,,,,265706,192609,0
30,2.5758321285247803,2026-03-06T01:39:33.375998,0.0,0.0,5.74,0.0,0.0,0.0,0.0,21.36,13.11,0.429,0.455,STRAIGHT,1.5,1.5,"CMD,0.5,1.50",4.0,0.0091,2.237,0.023,1,0.7647,0,NORMAL,50.971,-0.102,1,1,1,1,1,96.9,0,0,dijkstra,predict,0.64002,0,,,,,,0,,,,265706,192006,0
31,2.6143627166748047,2026-03-06T01:39:33.414529,2.0,0.0,1.0,0.0,0.0,0.0,0.0,18.5,13.07,0.411,0.429,STRAIGHT,1.5,1.5,"CMD,0.4,1.50",4.0,0.0091,2.237,0.023,1,0.7647,0,NORMAL,50.835,-0.057,1,1,1,1,1,91.9,0,0,dijkstra,predict,0.6309,0,,,,,,0,,,,265706,189269,0
32,2.7964515686035156,2026-03-06T01:39:33.596618,115.16,0.0,7.75,16.44,0.0,0.0,0.0,159.37,12.33,0.395,0.411,STRAIGHT,1.5,1.5,"CMD,0.4,1.50",4.0,0.0088,2.283,0.023,1,0.8786,0,NORMAL,50.621,-0.039,1,1,1,1,1,114.2,73,15,dijkstra,graph,0.62789,0,,,,,,0,,,,233917,188179,4415
33,2.8382930755615234,2026-03-06T01:39:33.638459,0.0,0.0,5.75,0.0,0.0,0.0,0.0,19.81,13.11,0.384,0.395,STRAIGHT,1.5,1.5,"CMD,0.4,1.50",4.0,0.0088,2.283,0.023,1,0.8786,0,NORMAL,50.381,-0.054,1,1,1,1,1,104.2,0,0,dijkstra,predict,0.62726,0,,,,,,0,,,,242056,188179,0
34,2.883070230484009,2026-03-06T01:39:33.683236,0.0,0.0,3.88,0.0,0.0,0.0,2.0,23.24,13.07,0.376,0.384,STRAIGHT,1.5,1.5,"CMD,0.4,1.50",4.0,0.0088,2.283,0.023,1,0.8786,0,NORMAL,50.144,-0.099,1,1,1,1,1,99.2,0,0,dijkstra,predict,0.6244,0,,,,,,0,,,,242056,187321,0
35,2.9198343753814697,2026-03-06T01:39:33.720000,4.01,0.0,3.5,0.0,0.0,0.0,0.0,20.74,13.11,0.371,0.376,STRAIGHT,1.5,1.5,"CMD,0.4,1.50",4.0,0.0088,2.283,0.023,1,0.8786,0,NORMAL,50.045,-0.109,1,1,1,1,1,94.2,0,0,dijkstra,predict,0.61635,0,,,,,,0,,,,242056,184906,0
36,3.089143753051758,2026-03-06T01:39:33.889310,108.88,0.0,6.01,20.45,0.0,0.0,0.0,153.29,12.39,0.368,0.371,STRAIGHT,1.5,1.5,"CMD,0.4,1.50",4.0,0.0088,2.283,0.023,1,0.8679,0,NORMAL,50.0,-0.152,1,1,1,1,1,114.2,119,14,dijkstra,graph,0.61469,0,,,,,,0,,,,239634,183998,4292
37,3.133209228515625,2026-03-06T01:39:33.933375,2.0,0.0,4.01,0.0,0.0,0.0,0.0,19.91,13.2,0.366,0.368,STRAIGHT,1.5,1.5,"CMD,0.4,1.50",4.0,0.0088,2.283,0.023,1,0.8679,0,NORMAL,50.038,-0.135,1,1,1,1,1,104.2,0,0,dijkstra,predict,0.61343,0,,,,,,0,,,,252304,184029,0
38,3.169524669647217,2026-03-06T01:39:33.969691,0.0,0.0,6.28,0.0,0.0,0.0,0.0,20.29,13.22,0.364,0.366,STRAIGHT,1.5,1.5,"CMD,0.4,1.50",4.0,0.0088,2.283,0.023,1,0.8679,0,NORMAL,50.135,-0.096,1,1,1,1,1,99.2,0,0,dijkstra,predict,0.61048,0,,,,,,0,,,,252304,183143,0
39,3.210545539855957,2026-03-06T01:39:34.010711,0.0,0.0,3.75,0.0,0.0,0.0,0.0,22.23,13.22,0.363,0.364,STRAIGHT,1.5,1.5,"CMD,0.4,1.50",4.0,0.0088,2.283,0.023,1,0.8679,0,NORMAL,50.361,-0.127,1,1,1,1,1,94.2,0,0,dijkstra,predict,0.60324,0,,,,,,0,,,,252304,180973,0
40,3.3857555389404297,2026-03-06T01:39:34.185921,109.22,0.0,5.96,20.03,0.0,0.0,0.0,155.24,12.47,0.368,0.364,STRAIGHT,1.5,1.5,"CMD,0.4,1.50",4.0,0.0091,2.237,0.023,1,0.8892,0,NORMAL,50.723,-0.141,1,1,1,1,1,111.9,97,20,dijkstra,graph,0.62986,0,,,,,,0,,,,252211,188748,4721
41,3.4258203506469727,2026-03-06T01:39:34.225986,0.0,0.0,4.17,0.0,0.0,0.0,0.0,21.05,13.38,0.371,0.368,STRAIGHT,1.5,1.5,"CMD,0.4,1.50",4.0,0.0091,2.237,0.023,1,0.8892,0,NORMAL,50.949,-0.107,1,1,1,1,1,101.9,0,0,dijkstra,predict,0.62899,0,,,,,,0,,,,271565,188696,0
42,3.4637880325317383,2026-03-06T01:39:34.263954,0.0,0.0,4.01,0.0,0.0,0.0,0.0,20.41,13.36,0.373,0.371,STRAIGHT,1.5,1.5,"CMD,0.4,1.50",4.0,0.0091,2.237,0.023,1,0.8892,0,NORMAL,51.553,-0.156,1,1,1,1,1,96.9,0,0,dijkstra,predict,0.62576,0,,,,,,0,,,,271565,187728,0
43,3.502098798751831,2026-03-06T01:39:34.302265,0.0,0.0,4.44,0.0,0.0,0.0,2.0,19.94,13.37,0.374,0.373,STRAIGHT,1.5,1.5,"CMD,0.4,1.50",4.0,0.0091,2.237,0.023,1,0.8892,0,NORMAL,51.763,0.094,1,1,1,1,1,91.9,0,0,dijkstra,predict,0.61964,0,,,,,,0,,,,271565,185891,0
44,3.679636001586914,2026-03-06T01:39:34.479802,111.3,0.0,8.01,22.03,0.0,0.0,0.0,161.52,12.57,0.37,0.373,STRAIGHT,1.5,1.5,"CMD,0.4,1.50",4.0,0.0088,2.283,0.023,1,0.8685,0,NORMAL,51.825,0.185,1,1,1,1,1,114.2,145,13,dijkstra,graph,0.58643,0,,,,,,0,,,,230031,175301,4141
45,3.718209743499756,2026-03-06T01:39:34.518376,0.0,0.0,4.23,0.0,0.0,0.0,0.0,20.55,13.5,0.367,0.37,STRAIGHT,1.5,1.5,"CMD,0.4,1.50",4.0,0.0088,2.283,0.023,1,0.8685,0,NORMAL,52.017,0.211,1,1,1,1,1,104.2,0,0,dijkstra,predict,0.5851,0,,,,,,0,,,,239952,175529,0
46,3.7529773712158203,2026-03-06T01:39:34.553143,0.0,0.0,2.79,0.0,0.0,0.0,0.0,18.75,13.5,0.365,0.367,STRAIGHT,1.5,1.5,"CMD,0.4,1.50",4.0,0.0088,2.283,0.023,1,0.8685,0,NORMAL,52.263,0.219,1,1,1,1,1,99.2,0,0,dijkstra,predict,0.58309,0,,,,,,0,,,,239952,174928,0
47,3.793628215789795,2026-03-06T01:39:34.593794,2.96,0.0,0.0,0.0,0.0,0.0,0.0,16.99,13.5,0.364,0.365,STRAIGHT,1.5,1.5,"CMD,0.4,1.50",4.0,0.0088,2.283,0.023,1,0.8685,0,NORMAL,52.2,0.246,1,1,1,1,1,94.2,0,0,dijkstra,predict,0.57722,0,,,,,,0,,,,239952,173166,0
48,3.977572202682495,2026-03-06T01:39:34.777738,105.51,0.0,16.31,22.44,2.0,0.0,0.0,163.46,12.66,0.368,0.365,STRAIGHT,1.5,1.5,"CMD,0.4,1.50",4.0,0.0091,2.237,0.023,1,0.8848,0,NORMAL,52.353,0.217,1,1,1,1,1,111.9,99,16,dijkstra,graph,0.6336,0,,,,,,0,,,,251393,189793,4579
49,4.017801284790039,2026-03-06T01:39:34.817967,0.0,0.0,6.7,0.0,0.0,0.0,0.0,22.72,13.55,0.371,0.368,STRAIGHT,1.5,1.5,"CMD,0.4,1.50",4.0,0.0091,2.237,0.023,1,0.8848,0,NORMAL,52.286,0.278,1,1,1,1,1,101.9,0,0,dijkstra,predict,0.63236,0,,,,,,0,,,,264015,189707,0
50,4.059455633163452,2026-03-06T01:39:34.859621,2.01,0.0,4.75,0.0,0.0,0.0,0.0,22.5,13.56,0.373,0.371,STRAIGHT,1.5,1.5,"CMD,0.4,1.50",4.0,0.0091,2.237,0.023,1,0.8848,0,NORMAL,53.423,0.215,1,1,1,1,1,96.9,0,0,dijkstra,predict,0.62945,0,,,,,,0,,,,264015,188835,0
51,4.099390745162964,2026-03-06T01:39:34.899557,0.0,0.0,5.09,0.0,0.0,0.0,2.0,22.17,13.6,0.374,0.373,STRAIGHT,1.5,1.5,"CMD,0.4,1.50",4.0,0.0091,2.237,0.023,1,0.8848,0,NORMAL,53.6,0.207,1,1,1,1,1,91.9,0,0,dijkstra,predict,0.62222,0,,,,,,0,,,,264015,186665,0
52,4.267000913619995,2026-03-06T01:39:35.067167,102.94,0.0,16.16,14.47,0.0,0.0,0.0,149.51,12.83,0.38,0.374,STRAIGHT,1.5,1.5,"CMD,0.4,1.50",4.0,0.0095,2.192,0.023,1,0.9119,0,NORMAL,53.761,0.238,1,1,1,1,1,109.6,95,14,dijkstra,graph,0.64833,0,,,,,,0,,,,260851,194400,4269
53,4.317054748535156,2026-03-06T01:39:35.117221,2.01,0.0,3.01,0.0,0.0,0.0,0.0,20.29,13.76,0.384,0.38,STRAIGHT,1.5,1.5,"CMD,0.4,1.50",4.0,0.0095,2.192,0.023,1,0.9119,0,NORMAL,54.071,0.234,1,1,1,1,1,99.6,0,0,dijkstra,predict,0.64752,0,,,,,,0,,,,277950,194256,0
54,4.3575439453125,2026-03-06T01:39:35.157710,2.0,0.0,1.5,0.0,0.0,0.0,0.0,18.42,13.72,0.387,0.384,STRAIGHT,1.5,1.5,"CMD,0.4,1.50",4.0,0.0095,2.192,0.023,1,0.9119,0,NORMAL,54.128,0.248,1,1,1,1,1,94.6,0,0,dijkstra,predict,0.64627,0,,,,,,0,,,,277950,193882,0
55,4.39751672744751,2026-03-06T01:39:35.197683,0.0,0.0,4.51,0.0,0.0,0.0,0.0,19.68,13.74,0.388,0.387,STRAIGHT,1.5,1.5,"CMD,0.4,1.50",4.0,0.0095,2.192,0.023,1,0.9119,0,NORMAL,54.229,0.282,1,1,1,1,1,89.6,0,0,dijkstra,predict,0.63726,0,,,,,,0,,,,277950,191178,0
56,4.569628477096558,2026-03-06T01:39:35.369794,108.63,0.0,6.68,18.24,2.0,0.0,0.0,162.07,12.9,0.384,0.387,STRAIGHT,1.5,1.5,"CMD,0.4,1.50",4.0,0.0091,2.237,0.023,1,0.9376,0,NORMAL,54.511,0.254,1,1,1,1,1,111.9,99,14,dijkstra,graph,0.65207,0,,,,,,0,,,,261233,195277,4592
57,4.608625173568726,2026-03-06T01:39:35.408791,2.0,0.0,2.0,0.0,0.0,0.0,2.0,20.97,13.71,0.382,0.384,STRAIGHT,1.5,1.5,"CMD,0.4,1.50",4.0,0.0091,2.237,0.023,1,0.9376,0,NORMAL,55.749,0.24,1,1,1,1,1,101.9,0,0,dijkstra,predict,0.6505,0,,,,,,0,,,,276005,195150,0
58,4.641008138656616,2026-03-06T01:39:35.441174,0.0,0.0,0.0,0.0,0.0,0.0,0.0,13.89,13.78,0.38,0.382,STRAIGHT,1.5,1.5,"CMD,0.4,1.50",4.0,0.0091,2.237,0.023,1,0.9376,0,NORMAL,55.951,0.23,1,1,1,1,1,96.9,0,0,dijkstra,predict,0.64931,0,,,,,,0,,,,276005,194794,0
59,4.68709397315979,2026-03-06T01:39:35.487260,2.0,0.0,1.87,0.0,0.0,0.0,0.0,19.93,13.74,0.379,0.38,STRAIGHT,1.5,1.5,"CMD,0.4,1.50",4.0,0.0091,2.237,0.023,1,0.9376,0,NORMAL,55.703,0.236,1,1,1,1,1,91.9,0,0,dijkstra,predict,0.64054,0,,,,,,0,,,,276005,192162,0
60,4.863851308822632,2026-03-06T01:39:35.664017,110.53,0.0,10.03,17.77,0.0,0.0,2.0,156.73,12.89,0.378,0.379,STRAIGHT,1.5,1.5,"CMD,0.4,1.50",4.0,0.0091,2.237,0.023,1,0.9405,0,NORMAL,54.838,0.218,1,1,1,1,1,111.9,80,13,dijkstra,graph,0.64349,0,,,,,,0,,,,263145,192818,3626
61,4.908859968185425,2026-03-06T01:39:35.709026,1.5,0.0,4.01,0.0,0.0,0.0,0.0,22.98,13.73,0.377,0.378,STRAIGHT,1.5,1.5,"CMD,0.4,1.50",4.0,0.0091,2.237,0.023,1,0.9405,0,NORMAL,54.205,0.203,1,1,1,1,1,101.9,0,0,dijkstra,predict,0.64227,0,,,,,,0,,,,276592,192682,0
62,4.949285268783569,2026-03-06T01:39:35.749451,0.0,2.0,2.0,0.0,0.0,0.0,0.0,19.39,13.74,0.377,0.377,STRAIGHT,1.5,1.5,"CMD,0.4,1.50",4.0,0.0091,2.237,0.023,1,0.9405,0,NORMAL,53.225,0.192,1,1,1,1,1,96.9,0,0,dijkstra,predict,0.6414,0,,,,,,0,,,,276592,192420,0
63,4.989708662033081,2026-03-06T01:39:35.789874,2.63,0.0,1.75,0.0,0.0,0.0,0.0,20.4,13.77,0.377,0.377,STRAIGHT,1.5,1.5,"CMD,0.4,1.50",4.0,0.0091,2.237,0.023,1,0.9405,0,NORMAL,53.334,0.166,1,1,1,1,1,91.9,0,0,dijkstra,predict,0.63224,0,,,,,,0,,,,276592,189672,0
64,5.166459560394287,2026-03-06T01:39:35.966626,102.34,0.0,10.1,30.37,0.0,0.0,0.0,157.39,12.91,0.367,0.377,STRAIGHT,1.5,1.5,"CMD,0.4,1.50",4.0,0.0084,2.329,0.023,1,0.934,0,NORMAL,52.688,0.138,1,1,1,1,1,116.4,139,15,dijkstra,graph,0.62599,0,,,,,,0,,,,260573,187625,4085
65,5.206819295883179,2026-03-06T01:39:36.006985,0.0,0.0,0.0,0.0,0.0,0.0,0.0,20.14,13.69,0.36,0.367,STRAIGHT,1.5,1.5,"CMD,0.4,1.50",4.0,0.0084,2.329,0.023,1,0.934,0,NORMAL,52.614,0.109,1,1,1,1,1,106.4,0,0,dijkstra,predict,0.625,0,,,,,,0,,,,274527,187499,0
66,5.247623682022095,2026-03-06T01:39:36.047790,2.0,0.0,0.0,0.0,0.0,0.0,0.0,20.16,13.72,0.356,0.36,STRAIGHT,1.5,1.5,"CMD,0.4,1.50",4.0,0.0084,2.329,0.023,1,0.934,0,NORMAL,53.96,0.045,1,1,1,1,1,101.4,0,0,dijkstra,predict,0.6238,0,,,,,,0,,,,274527,187141,0
67,5.288907289505005,2026-03-06T01:39:36.089073,0.0,0.0,4.76,0.0,0.0,0.0,0.0,20.79,13.68,0.353,0.356,STRAIGHT,1.5,1.5,"CMD,0.4,1.50",4.0,0.0084,2.329,0.023,1,0.934,0,NORMAL,55.299,0.012,1,1,1,1,1,96.4,0,0,dijkstra,predict,0.615,0,,,,,,0,,,,274527,184501,0
68,5.451209306716919,2026-03-06T01:39:36.251375,102.03,0.0,10.24,19.56,0.0,0.0,0.0,146.28,12.94,0.351,0.353,STRAIGHT,1.5,1.5,"CMD,0.4,1.50",4.0,0.0084,2.329,0.023,1,0.893,0,NORMAL,54.364,-0.011,1,1,1,1,1,116.4,106,17,dijkstra,graph,0.61202,0,,,,,,0,,,,267739,183420,4472
69,5.493432521820068,2026-03-06T01:39:36.293599,0.0,0.0,0.0,0.0,0.0,0.0,0.0,18.85,13.76,0.35,0.351,STRAIGHT,1.5,1.5,"CMD,0.4,1.50",4.0,0.0084,2.329,0.023,1,0.893,0,NORMAL,53.449,-0.034,1,1,1,1,1,106.4,0,0,dijkstra,predict,0.61088,0,,,,,,0,,,,282709,183264,0
70,5.534432649612427,2026-03-06T01:39:36.334598,0.0,0.0,0.0,0.0,0.0,0.0,0.0,22.7,13.75,0.349,0.35,STRAIGHT,1.5,1.5,"CMD,0.3,1.50",4.0,0.0084,2.329,0.023,1,0.893,0,NORMAL,52.244,-0.041,1,1,1,1,1,101.4,0,0,dijkstra,predict,0.60972,0,,,,,,0,,,,282709,182916,0
71,5.57337760925293,2026-03-06T01:39:36.373543,0.0,0.0,0.0,0.0,0.0,0.0,0.0,16.54,13.75,0.348,0.349,STRAIGHT,1.5,1.5,"CMD,0.3,1.50",4.0,0.0084,2.329,0.023,1,0.893,0,NORMAL,51.169,-0.066,1,1,1,1,1,96.4,0,0,dijkstra,predict,0.60076,0,,,,,,0,,,,282709,180229,0
72,5.756352424621582,2026-03-06T01:39:36.556519,102.14,0.0,10.1,18.39,0.0,0.0,0.0,158.65,12.86,0.353,0.349,STRAIGHT,1.5,1.5,"CMD,0.3,1.50",4.0,0.0088,2.283,0.023,1,0.8953,0,NORMAL,50.087,-0.095,1,1,1,1,1,114.2,148,17,dijkstra,graph,0.605,0,,,,,,0,,,,284753,181413,4488
73,5.790214538574219,2026-03-06T01:39:36.590380,0.0,0.0,0.0,0.0,0.0,0.0,0.0,23.76,13.74,0.356,0.353,STRAIGHT,1.5,1.5,"CMD,0.4,1.50",4.0,0.0088,2.283,0.023,1,0.8953,0,NORMAL,49.005,-0.12,1,1,1,1,1,104.2,0,0,dijkstra,predict,0.60421,0,,,,,,0,,,,299274,181262,0
74,5.827956676483154,2026-03-06T01:39:36.628123,0.0,0.0,0.0,0.0,0.0,0.0,0.0,20.53,13.75,0.358,0.356,STRAIGHT,1.5,1.5,"CMD,0.4,1.50",4.0,0.0088,2.283,0.023,1,0.8953,0,NORMAL,48.356,-0.15,1,1,1,1,1,99.2,0,0,dijkstra,predict,0.60298,0,,,,,,0,,,,299274,180895,0
75,5.877803564071655,2026-03-06T01:39:36.677970,0.0,0.0,3.73,0.0,0.0,0.0,0.0,29.31,13.65,0.359,0.358,STRAIGHT,1.5,1.5,"CMD,0.4,1.50",4.0,0.0088,2.283,0.023,1,0.8953,0,NORMAL,48.314,-0.155,1,1,1,1,1,94.2,0,0,dijkstra,predict,0.59412,0,,,,,,0,,,,299274,178236,0
76,6.061954498291016,2026-03-06T01:39:36.862121,112.04,0.0,10.08,20.44,0.0,0.0,0.0,167.13,12.78,0.36,0.359,STRAIGHT,1.5,1.5,"CMD,0.4,1.50",4.0,0.0088,2.283,0.023,1,0.9188,0,NORMAL,47.832,-0.145,1,1,1,1,1,114.2,159,14,dijkstra,graph,0.56921,0,,,,,,0,,,,285044,170619,3827
77,6.102665662765503,2026-03-06T01:39:36.902832,2.0,0.0,4.51,0.0,0.0,0.0,0.0,30.52,13.65,0.36,0.36,STRAIGHT,1.5,1.5,"CMD,0.4,1.50",4.0,0.0088,2.283,0.023,1,0.9188,0,NORMAL,47.074,-0.062,1,1,1,1,1,104.2,0,0,dijkstra,predict,0.56839,0,,,,,,0,,,,301442,170516,0
78,6.145441293716431,2026-03-06T01:39:36.945607,0.0,0.0,5.66,0.0,0.0,0.0,0.0,22.63,13.63,0.361,0.36,STRAIGHT,1.5,1.5,"CMD,0.4,1.50",4.0,0.0088,2.283,0.023,1,0.9188,0,NORMAL,50.439,-0.084,1,1,1,1,1,99.2,0,0,dijkstra,predict,0.5659,0,,,,,,0,,,,301442,169771,0
79,6.183514833450317,2026-03-06T01:39:36.983681,0.0,0.0,2.3,0.0,0.0,0.0,0.0,20.01,13.65,0.361,0.361,STRAIGHT,1.5,1.5,"CMD,0.4,1.50",4.0,0.0088,2.283,0.023,1,0.9188,0,NORMAL,49.855,-0.065,1,1,1,1,1,94.2,0,0,dijkstra,predict,0.55848,0,,,,,,0,,,,301442,167543,0
80,6.372162580490112,2026-03-06T01:39:37.172328,119.61,0.0,8.59,25.24,2.0,0.0,0.0,167.8,12.76,0.012,0.361,STRAIGHT,1.5,1.5,"CMD,0.4,1.50",4.0,-0.0166,2.603,-0.056,1,0.9183,0,NORMAL,49.438,-0.045,1,1,1,1,1,132.6,144,12,dijkstra,graph,0.56196,0,,,,,,0,,,,292460,168443,3751
81,6.406968832015991,2026-03-06T01:39:37.207135,0.0,0.0,0.0,0.0,0.0,0.0,0.0,20.79,13.55,-0.22,0.012,STRAIGHT,1.5,1.5,"CMD,0.0,1.50",4.0,-0.0166,2.603,-0.056,1,0.9183,0,NORMAL,48.202,-0.008,1,1,1,1,1,122.6,0,0,dijkstra,predict,0.55015,0,,,,,,0,,,,303098,165046,0
82,6.452630043029785,2026-03-06T01:39:37.252796,2.0,0.0,0.0,0.0,0.0,0.0,0.0,23.48,13.58,-0.375,-0.22,STRAIGHT,1.5,1.5,"CMD,-0.2,1.50",4.0,-0.0166,2.603,-0.056,1,0.9183,0,NORMAL,47.408,0.042,1,1,1,1,1,117.6,0,0,dijkstra,predict,0.5354,0,,,,,,0,,,,303098,160619,0
83,6.495383977890015,2026-03-06T01:39:37.295550,2.0,0.0,4.01,0.0,0.0,0.0,0.0,27.78,13.57,-0.478,-0.375,STRAIGHT,1.5,1.5,"CMD,-0.4,1.50",4.0,-0.0166,2.603,-0.056,1,0.9183,0,NORMAL,46.879,0.083,1,1,1,1,1,112.6,0,0,dijkstra,predict,0.52126,0,,,,,,0,,,,303098,156378,0
84,6.6692986488342285,2026-03-06T01:39:37.469465,101.07,0.0,10.38,30.03,0.0,0.0,0.0,155.89,12.77,-0.651,-0.478,STRAIGHT,1.5,1.5,"CMD,-0.5,1.50",4.0,-0.0242,2.694,-0.088,1,0.9194,0,NORMAL,45.453,0.129,1,1,1,1,1,138.3,165,11,dijkstra,graph,0.60058,0,,,,,,0,,,,301145,179651,3604
85,6.7103354930877686,2026-03-06T01:39:37.510501,1.01,0.0,0.0,0.0,0.0,0.0,0.0,20.45,13.55,-0.767,-0.651,STRAIGHT,1.5,1.5,"CMD,-0.7,1.50",4.0,-0.0242,2.694,-0.088,1,0.9194,0,NORMAL,44.344,0.138,1,1,1,1,1,128.3,0,0,dijkstra,predict,0.58976,0,,,,,,0,,,,313454,176929,0
86,6.751457452774048,2026-03-06T01:39:37.551623,1.5,0.0,0.0,0.0,0.0,0.0,0.0,20.49,13.53,-0.844,-0.767,STRAIGHT,1.5,1.5,"CMD,-0.8,1.50",4.0,-0.0242,2.694,-0.088,1,0.9194,0,NORMAL,43.282,0.193,1,1,1,1,1,123.3,0,0,dijkstra,predict,0.57644,0,,,,,,0,,,,313454,172933,0
87,6.7920897006988525,2026-03-06T01:39:37.592256,0.0,0.0,3.12,0.0,0.0,0.0,0.0,20.52,13.48,-0.895,-0.844,STRAIGHT,1.5,1.5,"CMD,-0.8,1.50",4.0,-0.0242,2.694,-0.088,1,0.9194,0,NORMAL,42.323,0.234,1,1,1,1,1,118.3,0,0,dijkstra,predict,0.56338,0,,,,,,0,,,,313454,169014,0
88,6.9853515625,2026-03-06T01:39:37.785517,107.04,0.0,10.08,40.57,0.0,0.0,0.0,173.12,12.62,-0.489,-0.844,STRAIGHT,1.5,1.5,"CMD,-0.8,1.50",4.0,0.0078,2.42,0.023,1,0.9054,0,NORMAL,41.473,0.248,1,1,1,1,1,121.0,249,16,dijkstra,graph,0.67254,0,,,,,,0,,,,305537,201221,5055
89,7.025899410247803,2026-03-06T01:39:37.826065,0.0,0.0,0.0,0.0,0.0,0.0,0.0,20.22,13.41,-0.219,-0.489,STRAIGHT,1.5,1.5,"CMD,-0.5,1.50",4.0,0.0078,2.42,0.023,1,0.9054,0,NORMAL,40.747,0.213,1,1,1,1,1,111.0,0,0,dijkstra,predict,0.67051,0,,,,,,0,,,,316057,201152,0
90,7.077189207077026,2026-03-06T01:39:37.877355,2.0,0.0,3.74,0.0,0.0,0.0,0.0,20.54,13.36,-0.039,-0.219,STRAIGHT,1.5,1.5,"CMD,-0.2,1.50",4.0,0.0078,2.42,0.023,1,0.9054,0,NORMAL,40.117,0.168,1,1,1,1,1,106.0,0,0,dijkstra,predict,0.6674,0,,,,,,0,,,,316057,200220,0
91,7.117575645446777,2026-03-06T01:39:37.917742,2.0,0.0,1.74,0.0,0.0,0.0,0.0,18.36,13.37,0.081,-0.039,STRAIGHT,1.5,1.5,"CMD,-0.0,1.50",4.0,0.0078,2.42,0.023,1,0.9054,0,NORMAL,38.962,0.103,1,1,1,1,1,101.0,0,0,dijkstra,predict,0.66101,0,,,,,,0,,,,316057,198303,0
92,7.300409555435181,2026-03-06T01:39:38.100576,111.83,0.0,0.0,28.39,2.0,0.0,0.0,162.67,12.55,-0.53,-0.039,STRAIGHT,1.5,1.5,"CMD,-0.0,1.50",4.0,-0.0425,2.785,-0.165,1,0.8865,0,NORMAL,38.096,0.061,1,1,1,1,1,144.8,142,11,dijkstra,graph,0.73178,0,,,,,,0,,,,318617,219204,5005
93,7.340591907501221,2026-03-06T01:39:38.140758,0.0,0.0,2.0,0.0,0.0,0.0,0.0,19.78,13.34,-0.937,-0.53,STRAIGHT,1.5,1.5,"CMD,-0.5,1.50",4.0,-0.0425,2.785,-0.165,1,0.8865,0,NORMAL,37.897,0.012,1,1,1,1,1,134.8,0,0,dijkstra,predict,0.71607,0,,,,,,0,,,,332025,214820,0
94,7.3816819190979,2026-03-06T01:39:38.181848,6.84,0.0,3.6,0.0,0.0,0.0,0.0,20.68,13.33,-1.208,-0.937,STRAIGHT,1.5,1.5,"CMD,-0.9,1.50",4.0,-0.0425,2.785,-0.165,1,0.8865,0,NORMAL,37.198,-0.02,1,1,1,1,1,129.8,0,0,dijkstra,predict,0.69637,0,,,,,,0,,,,332025,208911,0
95,7.415859699249268,2026-03-06T01:39:38.216026,0.0,0.0,0.0,0.0,0.0,0.0,0.0,16.15,13.37,-1.389,-1.208,STRAIGHT,1.5,1.5,"CMD,-1.2,1.50",4.0,-0.0425,2.785,-0.165,1,0.8865,0,NORMAL,36.701,-0.066,1,1,1,1,1,124.8,0,0,dijkstra,predict,0.67479,0,,,,,,0,,,,332025,202437,0
96,7.613162040710449,2026-03-06T01:39:38.413328,112.37,0.0,6.01,36.05,2.0,0.0,0.0,180.81,12.48,-1.69,-1.389,STRAIGHT,1.5,1.5,"CMD,-1.4,1.50",4.0,-0.0556,2.877,-0.232,1,0.9354,0,NORMAL,35.81,-0.101,1,1,1,1,1,150.1,240,18,dijkstra,graph,0.77839,0,,,,,,0,,,,320419,232803,5707
97,7.653390884399414,2026-03-06T01:39:38.453557,0.0,0.0,3.77,0.0,0.0,0.0,0.0,26.21,13.17,-1.891,-1.69,STRAIGHT,1.5,1.5,"CMD,-1.7,1.50",4.0,-0.0556,2.877,-0.232,1,0.9354,0,NORMAL,34.964,-0.147,1,1,1,1,1,140.0,0,0,dijkstra,predict,0.73453,0,,,,,,0,,,,326776,220359,0
98,7.686281681060791,2026-03-06T01:39:38.486448,0.0,0.0,0.0,0.0,0.0,0.0,0.0,20.31,13.22,-2.025,-1.891,STRAIGHT,1.5,1.5,"CMD,-1.9,1.50",4.0,-0.0556,2.877,-0.232,1,0.9354,0,NORMAL,32.221,-0.187,1,1,1,1,1,135.0,0,0,dijkstra,predict,0.68962,0,,,,,,0,,,,326776,206885,0
99,7.730187892913818,2026-03-06T01:39:38.530354,0.0,0.0,0.0,0.0,0.0,0.0,0.0,23.16,13.21,-2.114,-2.025,STRAIGHT,1.5,1.5,"CMD,-2.0,1.50",4.0,-0.0556,2.877,-0.232,1,0.9354,0,NORMAL,31.254,-0.227,1,1,1,1,1,130.0,0,0,dijkstra,predict,0.648,0,,,,,,0,,,,326776,194399,0
100,7.910194396972656,2026-03-06T01:39:38.710360,108.55,0.0,7.75,23.55,0.0,0.0,0.0,158.49,12.41,-2.405,-2.114,STRAIGHT,1.5,1.5,"CMD,-2.1,1.50",4.0,-0.0725,2.922,-0.313,1,0.9094,0,NORMAL,30.331,-0.261,1,1,1,1,1,154.5,130,12,dijkstra,graph,0.77455,0,,,,,,0,,,,332827,231908,5206
101,7.952925443649292,2026-03-06T01:39:38.753091,2.0,0.0,0.0,0.0,0.0,0.0,0.0,22.35,13.2,-2.599,-2.405,STRAIGHT,1.5,1.5,"CMD,-2.4,1.50",4.0,-0.0725,2.922,-0.313,1,0.9094,0,NORMAL,29.913,-0.271,1,1,1,1,1,144.5,0,0,dijkstra,predict,0.7245,0,,,,,,0,,,,335588,217350,0
102,8.001955509185791,2026-03-06T01:39:38.802122,0.0,0.0,3.51,0.0,0.0,0.0,0.0,20.75,13.11,-2.728,-2.599,STRAIGHT,1.5,1.5,"CMD,-2.6,1.50",4.0,-0.0725,2.922,-0.313,1,0.9094,0,NORMAL,29.768,-0.268,1,1,1,1,1,139.5,0,0,dijkstra,predict,0.67679,0,,,,,,0,,,,335588,203038,0
103,8.043214321136475,2026-03-06T01:39:38.843380,0.0,0.0,0.0,0.0,0.0,0.0,0.0,20.74,13.09,-2.815,-2.728,STRAIGHT,1.5,1.5,"CMD,-2.7,1.50",4.0,-0.0725,2.922,-0.313,1,0.9094,0,NORMAL,29.113,-0.285,1,1,1,1,1,134.5,0,0,dijkstra,predict,0.63237,0,,,,,,0,,,,335588,189712,0
104,8.226665735244751,2026-03-06T01:39:39.026832,112.54,0.0,7.55,20.43,0.0,0.0,0.0,171.4,12.35,-3.399,-2.815,STRAIGHT,1.5,1.5,"CMD,-2.8,1.50",3.437,-0.111,2.922,-0.487,1,0.8925,0,NORMAL,28.662,-0.282,1,1,1,1,1,157.2,127,13,dijkstra,graph,0.79081,0,,,,,,0,,,,364507,237017,5020
105,8.267420768737793,2026-03-06T01:39:39.067587,0.0,0.0,3.45,0.0,0.0,0.0,0.0,20.38,13.15,-3.789,-3.399,STRAIGHT,1.5,1.5,"CMD,-3.4,1.50",3.437,-0.111,2.922,-0.487,1,0.8925,0,NORMAL,28.534,-0.313,1,1,1,1,1,147.1,0,0,dijkstra,predict,0.73201,0,,,,,,0,,,,366280,219604,0
106,8.308120965957642,2026-03-06T01:39:39.108287,0.0,0.0,0.0,0.0,0.0,0.0,0.0,20.49,13.15,-4.048,-3.789,STRAIGHT,1.5,1.5,"CMD,-3.8,1.50",3.437,-0.111,2.922,-0.487,1,0.8925,0,NORMAL,28.976,-0.263,1,1,1,1,1,142.1,0,0,dijkstra,predict,0.67798,0,,,,,,0,,,,366280,203395,0
107,8.349187135696411,2026-03-06T01:39:39.149353,0.0,0.0,0.0,0.0,0.0,0.0,0.0,20.68,13.16,-4.222,-4.048,STRAIGHT,1.5,1.5,"CMD,-4.0,1.50",3.437,-0.111,2.922,-0.487,1,0.8925,0,NORMAL,29.225,-0.305,1,1,1,1,1,137.1,0,0,dijkstra,predict,0.60779,0,,,,,,0,,,,366280,182338,0
108,8.543805122375488,2026-03-06T01:39:39.343971,113.16,0.0,8.33,25.78,2.0,0.0,0.0,174.24,12.29,-4.478,-4.222,STRAIGHT,1.5,1.5,"CMD,-4.2,1.50",3.013,-0.1213,2.838,-0.504,1,0.94,0,NORMAL,30.408,-0.212,1,1,1,1,1,159.1,133,12,dijkstra,graph,0.78659,0,,,,,,0,,,,371944,235527,5117
109,8.589312076568604,2026-03-06T01:39:39.389478,0.0,0.0,3.45,0.0,0.0,0.0,0.0,19.47,13.09,-4.649,-4.478,STRAIGHT,1.5,1.5,"CMD,-4.5,1.50",3.013,-0.1213,2.838,-0.504,1,0.94,0,NORMAL,31.484,-0.193,1,1,1,1,1,149.1,0,0,dijkstra,predict,0.73096,0,,,,,,0,,,,371948,219287,0
110,8.626349687576294,2026-03-06T01:39:39.426515,0.0,0.0,3.31,0.0,0.0,0.0,0.0,23.97,13.07,-4.763,-4.649,STRAIGHT,1.5,1.5,"CMD,-4.6,1.50",3.013,-0.1213,2.838,-0.504,1,0.94,0,NORMAL,32.449,-0.181,1,1,1,1,1,144.1,0,0,dijkstra,predict,0.67925,0,,,,,,0,,,,371948,203774,0
111,8.666117429733276,2026-03-06T01:39:39.466283,5.31,0.0,2.38,0.0,0.0,0.0,0.0,22.7,13.1,-4.839,-4.763,STRAIGHT,1.5,1.5,"CMD,-4.8,1.50",3.013,-0.1213,2.838,-0.504,1,0.94,0,NORMAL,33.465,-0.11,1,1,1,1,1,139.1,0,0,dijkstra,predict,0.61124,0,,,,,,0,,,,371948,183372,0
112,8.852177143096924,2026-03-06T01:39:39.652343,109.79,0.0,10.17,30.3,2.0,0.0,0.0,164.29,12.3,-4.198,-4.763,STRAIGHT,1.5,1.5,"CMD,-4.8,1.50",2.152,-0.0707,2.112,-0.159,1,0.9524,0,NORMAL,35.481,0.02,1,1,1,1,1,159.2,139,12,dijkstra,graph,0.80638,0,,,,,,0,,,,384848,241599,5084
113,8.890596151351929,2026-03-06T01:39:39.690762,2.0,0.0,0.0,0.0,0.0,0.0,0.0,17.27,13.06,-3.77,-4.198,STRAIGHT,1.5,1.5,"CMD,-4.2,1.50",2.152,-0.0707,2.112,-0.159,1,0.9524,0,NORMAL,37.666,0.182,1,1,1,1,1,149.1,0,0,dijkstra,predict,0.78063,0,,,,,,0,,,,385420,234189,0
114,9.086344718933105,2026-03-06T01:39:39.886511,115.47,0.0,6.01,24.07,2.0,0.0,0.0,165.59,12.21,-3.43,-3.77,STRAIGHT,1.5,1.5,"CMD,-3.8,1.50",1.876,-0.0667,1.773,-0.105,1,0.9575,0,NORMAL,39.696,0.274,1,1,1,1,1,222.3,51,11,dijkstra,graph,0.82333,0,,,,,,0,,,,399397,246547,4695
115,9.270777702331543,2026-03-06T01:39:40.070944,114.51,0.0,0.0,20.6,0.0,0.0,0.0,160.38,11.51,-3.366,-3.43,STRAIGHT,1.5,1.5,"CMD,-3.4,1.50",1.888,-0.0786,1.786,-0.126,1,0.9751,0,NORMAL,40.601,0.289,1,1,1,1,1,222.3,74,13,dijkstra,graph,0.8269,0,,,,,,0,,,,405396,247658,4862
116,9.473495244979858,2026-03-06T01:39:40.273661,116.29,0.0,10.01,22.06,0.0,0.0,0.0,166.62,10.82,-3.167,-3.366,STRAIGHT,1.5,1.5,"CMD,-3.4,1.50",1.839,-0.0672,1.722,-0.1,1,0.9729,0,NORMAL,40.98,0.315,1,1,1,1,1,222.5,61,11,dijkstra,graph,0.83415,0,,,,,,0,,,,415716,249944,5108
117,9.646434783935547,2026-03-06T01:39:40.446601,106.11,0.0,13.96,13.03,0.0,0.0,0.0,152.69,10.9,-3.041,-3.167,STRAIGHT,1.5,1.5,"CMD,-3.2,1.50",1.882,-0.0677,1.782,-0.108,1,0.978,0,NORMAL,42.068,0.283,1,1,1,1,1,221.3,52,11,dijkstra,graph,0.83428,0,,,,,,0,,,,417601,250030,5044
118,9.837882041931152,2026-03-06T01:39:40.638048,102.28,0.0,10.26,28.1,0.0,0.0,0.0,160.87,10.31,-3.228,-3.167,STRAIGHT,1.5,1.5,"CMD,-3.2,1.50",1.94,-0.0874,1.85,-0.151,1,0.9823,0,NORMAL,43.325,0.285,1,1,1,1,1,222.3,65,11,dijkstra,graph,0.83213,0,,,,,,0,,,,418270,249305,4789
119,10.017459154129028,2026-03-06T01:39:40.817625,110.34,0.0,9.53,17.87,0.0,0.0,0.0,159.55,9.86,-3.255,-3.228,STRAIGHT,1.5,1.5,"CMD,-3.2,1.50",1.954,-0.0803,1.868,-0.141,1,0.9847,0,NORMAL,44.687,0.321,1,1,1,1,1,222.6,76,12,dijkstra,graph,0.84267,0,,,,,,0,,,,424342,252462,4933
120,10.21251368522644,2026-03-06T01:39:41.012680,110.69,0.0,7.0,25.46,0.0,0.0,0.0,163.17,9.37,-3.286,-3.255,STRAIGHT,1.5,1.5,"CMD,-3.3,1.50",2.063,-0.0813,1.999,-0.163,1,0.9821,0,NORMAL,46.314,0.294,1,1,1,1,1,192.2,111,12,dijkstra,graph,0.83969,0,,,,,,0,,,,426373,251548,4915
121,10.38299012184143,2026-03-06T01:39:41.183156,105.19,0.0,6.01,19.66,0.0,0.0,0.0,148.88,9.41,-3.228,-3.255,STRAIGHT,1.5,1.5,"CMD,-3.3,1.50",2.1,-0.0755,2.042,-0.158,1,0.981,0,NORMAL,46.509,0.303,1,1,1,1,1,192.5,52,12,dijkstra,graph,0.84535,0,,,,,,0,,,,434033,253205,5058
122,10.558407306671143,2026-03-06T01:39:41.358573,112.0,0.0,8.01,15.6,0.0,0.0,0.0,151.63,9.01,-2.984,-3.228,STRAIGHT,1.5,1.5,"CMD,-3.2,1.50",2.092,-0.0606,2.032,-0.126,1,0.9755,0,NORMAL,47.657,0.281,1,1,1,1,1,209.8,59,11,dijkstra,graph,0.85502,0,,,,,,0,,,,444608,256164,5035
123,10.747603416442871,2026-03-06T01:39:41.547769,110.05,0.0,10.02,18.03,2.0,0.0,0.0,158.98,8.62,-2.635,-2.984,STRAIGHT,1.5,1.5,"CMD,-3.0,1.50",2.49,-0.0469,2.459,-0.142,1,0.9699,0,NORMAL,49.44,0.259,1,1,1,1,1,205.4,47,11,dijkstra,graph,0.86099,0,,,,,,0,,,,457193,257897,4857
124,10.789421319961548,2026-03-06T01:39:41.589587,0.0,0.0,0.0,0.0,0.0,0.0,0.0,17.79,8.6,-2.401,-2.635,STRAIGHT,1.5,1.5,"CMD,-2.6,1.50",2.49,-0.0469,2.459,-0.142,1,0.9699,0,NORMAL,49.513,0.428,1,1,1,1,1,195.3,0,0,dijkstra,predict,0.78951,0,,,,,,0,,,,457409,236852,0
125,10.979257345199585,2026-03-06T01:39:41.779423,107.44,0.0,10.09,18.71,0.0,0.0,3.67,161.76,8.62,-1.557,-2.401,STRAIGHT,1.5,1.5,"CMD,-2.4,1.50",4.0,0.0032,3.79,0.023,1,0.9546,0,NORMAL,48.869,0.399,1,1,1,1,1,189.5,31,12,dijkstra,graph,0.86178,0,,,,,,0,,,,472248,257988,4943
126,11.025431871414185,2026-03-06T01:39:41.825598,2.0,0.0,2.0,0.0,0.0,0.0,0.0,26.08,8.6,-0.994,-1.557,STRAIGHT,1.5,1.5,"CMD,-1.6,1.50",4.0,0.0032,3.79,0.023,1,0.9546,0,NORMAL,48.271,0.402,1,1,1,1,1,179.5,0,0,dijkstra,predict,0.85899,0,,,,,,0,,,,472549,257697,0
127,11.06351613998413,2026-03-06T01:39:41.863682,2.0,0.0,0.0,0.0,0.0,0.0,0.0,16.06,8.59,-0.619,-0.994,STRAIGHT,1.5,1.5,"CMD,-1.0,1.50",4.0,0.0032,3.79,0.023,1,0.9546,0,NORMAL,48.465,0.394,1,1,1,1,1,169.5,0,0,dijkstra,predict,0.84612,0,,,,,,0,,,,472549,253837,0
128,11.110515594482422,2026-03-06T01:39:41.910681,2.0,0.0,0.0,0.0,0.0,0.0,0.0,16.02,8.58,-0.369,-0.619,STRAIGHT,1.5,1.5,"CMD,-0.6,1.50",4.0,0.0032,3.79,0.023,1,0.9546,0,NORMAL,48.725,0.388,1,1,1,1,1,159.5,0,0,dijkstra,predict,0.83234,0,,,,,,0,,,,472549,249702,0
129,11.291138887405396,2026-03-06T01:39:42.091305,106.22,0.0,10.01,20.03,0.0,0.0,0.0,154.5,8.58,-0.207,-0.369,STRAIGHT,1.5,1.5,"CMD,-0.4,1.50",4.0,0.0029,4.0,0.023,1,0.9416,0,NORMAL,49.388,0.401,1,1,1,1,1,219.2,31,11,dijkstra,graph,0.88795,0,,,,,,0,,,,501451,265791,5046
130,11.33319354057312,2026-03-06T01:39:42.133359,0.0,0.0,0.0,0.0,0.0,0.0,0.0,16.02,8.58,-0.099,-0.207,STRAIGHT,1.5,1.5,"CMD,-0.2,1.50",4.0,0.0029,4.0,0.023,1,0.9416,0,NORMAL,49.61,0.372,1,1,1,1,1,209.2,0,0,dijkstra,predict,0.88425,0,,,,,,0,,,,501468,265274,0
131,11.377929210662842,2026-03-06T01:39:42.178095,0.0,0.0,4.21,0.0,0.0,0.0,0.0,26.29,8.59,-0.027,-0.099,STRAIGHT,1.5,1.5,"CMD,-0.1,1.50",4.0,0.0029,4.0,0.023,1,0.9416,0,NORMAL,49.616,0.352,1,1,1,1,1,199.2,0,0,dijkstra,predict,0.86938,0,,,,,,0,,,,501468,260813,0
132,11.42229151725769,2026-03-06T01:39:42.222457,0.0,0.0,0.0,0.0,0.0,0.0,4.91,20.11,8.58,0.022,-0.027,STRAIGHT,1.5,1.5,"CMD,-0.0,1.50",4.0,0.0029,4.0,0.023,1,0.9416,0,NORMAL,51.063,0.356,1,1,1,1,1,189.2,0,0,dijkstra,predict,0.85174,0,,,,,,0,,,,501468,255522,0
133,11.603364706039429,2026-03-06T01:39:42.403531,118.4,0.0,8.01,19.26,0.0,0.0,0.0,158.99,8.59,0.054,0.022,STRAIGHT,1.5,1.5,"CMD,0.0,1.50",4.0,0.0029,4.0,0.023,1,0.9827,0,NORMAL,51.385,0.372,1,1,1,1,1,216.9,29,11,dijkstra,graph,0.88068,0,,,,,,0,,,,503015,263652,5022
134,11.64364242553711,2026-03-06T01:39:42.443808,4.4,0.0,0.0,0.0,0.0,0.0,0.0,19.68,8.59,0.075,0.054,STRAIGHT,1.5,1.5,"CMD,0.1,1.50",4.0,0.0029,4.0,0.023,1,0.9827,0,NORMAL,52.622,0.34,1,1,1,1,1,206.9,0,0,dijkstra,predict,0.8772,0,,,,,,0,,,,503015,263161,0
135,11.684007406234741,2026-03-06T01:39:42.484173,0.0,0.0,0.0,0.0,0.0,0.0,0.0,14.02,8.59,0.089,0.075,STRAIGHT,1.5,1.5,"CMD,0.1,1.50",4.0,0.0029,4.0,0.023,1,0.9827,0,NORMAL,53.137,0.381,1,1,1,1,1,196.9,0,0,dijkstra,predict,0.8619,0,,,,,,0,,,,503015,258571,0
136,11.725562810897827,2026-03-06T01:39:42.525729,0.0,0.0,0.0,0.0,0.0,0.0,0.0,14.02,8.59,0.099,0.089,STRAIGHT,1.5,1.5,"CMD,0.1,1.50",4.0,0.0029,4.0,0.023,1,0.9827,0,NORMAL,53.67,0.395,1,1,1,1,1,186.9,0,0,dijkstra,predict,0.84539,0,,,,,,0,,,,503015,253617,0
137,11.913503885269165,2026-03-06T01:39:42.713670,117.7,0.0,3.02,26.39,0.0,0.0,0.0,159.3,8.61,0.105,0.099,STRAIGHT,1.5,1.5,"CMD,0.1,1.50",4.0,0.0029,4.0,0.023,1,0.9962,0,NORMAL,54.217,0.429,1,1,1,1,1,216.9,31,11,dijkstra,graph,0.88684,0,,,,,,0,,,,504888,265420,5042
138,11.962924480438232,2026-03-06T01:39:42.763090,4.37,0.0,4.01,0.0,0.0,0.0,0.0,27.39,8.59,0.109,0.105,STRAIGHT,1.5,1.5,"CMD,0.1,1.50",4.0,0.0029,4.0,0.023,1,0.9962,0,NORMAL,54.412,0.454,1,1,1,1,1,206.9,0,0,dijkstra,predict,0.88306,0,,,,,,0,,,,504888,264917,0
139,12.004268407821655,2026-03-06T01:39:42.804434,2.0,0.0,0.0,0.0,0.0,0.0,0.0,17.57,8.59,0.112,0.109,STRAIGHT,1.5,1.5,"CMD,0.1,1.50",4.0,0.0029,4.0,0.023,1,0.9962,0,NORMAL,55.408,0.435,1,1,1,1,1,196.9,0,0,dijkstra,predict,0.86777,0,,,,,,0,,,,504888,260332,0
140,12.049309730529785,2026-03-06T01:39:42.849476,6.33,0.0,4.15,0.0,0.0,0.0,0.0,20.0,8.57,0.114,0.112,STRAIGHT,1.5,1.5,"CMD,0.1,1.50",4.0,0.0029,4.0,0.023,1,0.9962,0,NORMAL,55.122,0.465,1,1,1,1,1,186.9,0,0,dijkstra,predict,0.85118,0,,,,,,0,,,,504888,255355,0
141,12.22714638710022,2026-03-06T01:39:43.027312,124.85,0.0,10.01,14.14,0.0,0.0,0.0,157.1,8.59,0.115,0.114,STRAIGHT,1.5,1.5,"CMD,0.1,1.50",4.0,0.0029,4.0,0.023,1,0.9922,0,NORMAL,54.929,0.461,1,1,1,1,1,216.9,30,11,dijkstra,graph,0.88653,0,,,,,,0,,,,506866,265352,5193
142,12.281696557998657,2026-03-06T01:39:43.081863,2.0,0.0,2.0,0.0,0.0,0.0,0.0,18.56,8.55,0.116,0.115,STRAIGHT,1.5,1.5,"CMD,0.1,1.50",4.0,0.0029,4.0,0.023,1,0.9922,0,NORMAL,55.872,0.47,1,1,1,1,1,206.9,0,0,dijkstra,predict,0.88297,0,,,,,,0,,,,506869,264892,0
143,12.32113242149353,2026-03-06T01:39:43.121298,0.0,0.0,0.0,0.0,0.0,0.0,0.0,19.41,8.97,0.117,0.116,STRAIGHT,1.5,1.5,"CMD,0.1,1.50",4.0,0.0029,4.0,0.023,1,0.9922,0,NORMAL,56.263,0.496,1,1,1,1,1,196.9,0,0,dijkstra,predict,0.86754,0,,,,,,0,,,,506869,260263,0
144,12.369041442871094,2026-03-06T01:39:43.169207,0.0,0.0,4.02,0.0,0.0,0.0,0.0,20.41,9.36,0.117,0.117,STRAIGHT,1.5,1.5,"CMD,0.1,1.50",4.0,0.0029,4.0,0.023,1,0.9922,0,NORMAL,56.758,0.465,1,1,1,1,1,186.9,0,0,dijkstra,predict,0.85129,0,,,,,,0,,,,506869,255388,0
145,12.563483953475952,2026-03-06T01:39:43.363650,117.41,0.0,6.36,10.02,10.29,0.0,0.0,169.69,9.39,0.117,0.117,STRAIGHT,1.5,1.5,"CMD,0.1,1.50",4.0,0.0029,4.0,0.023,1,0.9951,0,NORMAL,56.375,0.487,1,1,1,1,1,216.9,43,11,dijkstra,graph,0.89207,0,,,,,,0,,,,508158,266957,5195
146,12.60544729232788,2026-03-06T01:39:43.405613,0.0,0.0,3.46,0.0,0.0,0.0,0.0,17.48,9.8,0.117,0.117,STRAIGHT,1.5,1.5,"CMD,0.1,1.50",4.0,0.0029,4.0,0.023,1,0.9951,0,NORMAL,56.559,0.398,1,1,1,1,1,206.9,0,0,dijkstra,predict,0.88837,0,,,,,,0,,,,508275,266511,0
147,12.645452737808228,2026-03-06T01:39:43.445619,0.0,0.0,0.0,0.0,0.0,0.0,0.0,15.36,10.33,0.118,0.117,STRAIGHT,1.5,1.5,"CMD,0.1,1.50",4.0,0.0029,4.0,0.023,1,0.9951,0,NORMAL,56.336,0.354,1,1,1,1,1,196.9,0,0,dijkstra,predict,0.87647,0,,,,,,0,,,,508275,262941,0
148,12.69327974319458,2026-03-06T01:39:43.493446,0.0,0.0,3.07,0.0,0.0,0.0,0.0,18.43,10.84,0.118,0.118,STRAIGHT,1.5,1.5,"CMD,0.1,1.50",4.0,0.0029,4.0,0.023,1,0.9951,0,NORMAL,56.3,0.465,1,1,1,1,1,191.9,0,0,dijkstra,predict,0.86228,0,,,,,,0,,,,508275,258683,0
149,12.881330728530884,2026-03-06T01:39:43.681497,109.7,0.0,13.97,18.32,0.0,0.0,0.0,166.52,10.87,0.118,0.118,STRAIGHT,1.5,1.5,"CMD,0.1,1.50",4.0,0.0029,4.0,0.023,1,0.9965,0,NORMAL,57.938,0.44,1,1,1,1,1,216.9,32,11,dijkstra,graph,0.89535,0,,,,,,0,,,,508470,267910,5260
150,12.928208589553833,2026-03-06T01:39:43.728375,1.74,0.0,4.01,0.0,0.0,0.0,0.0,22.39,11.39,0.118,0.118,STRAIGHT,1.5,1.5,"CMD,0.1,1.50",4.0,0.0029,4.0,0.023,1,0.9965,0,NORMAL,57.582,0.472,1,1,1,1,1,206.9,0,0,dijkstra,predict,0.89159,0,,,,,,0,,,,508645,267476,0
151,12.974718809127808,2026-03-06T01:39:43.774885,2.0,0.0,3.01,0.0,0.0,0.0,0.0,22.48,12.0,0.118,0.118,STRAIGHT,1.5,1.5,"CMD,0.1,1.50",4.0,0.0029,4.0,0.023,1,0.9965,0,NORMAL,55.614,0.549,1,1,1,1,1,201.9,0,0,dijkstra,predict,0.88342,0,,,,,,0,,,,508645,265026,0
152,13.017150640487671,2026-03-06T01:39:43.817317,2.0,0.0,2.0,0.0,0.0,0.0,0.0,22.31,12.78,0.118,0.118,STRAIGHT,1.5,1.5,"CMD,0.1,1.50",4.0,0.0029,4.0,0.023,1,0.9965,0,NORMAL,51.762,0.516,1,1,1,1,1,196.9,0,0,dijkstra,predict,0.871,0,,,,,,0,,,,508645,261299,0
153,13.207046031951904,2026-03-06T01:39:44.007212,118.69,0.0,2.6,16.87,2.0,0.0,0.0,167.87,12.0,0.118,0.118,STRAIGHT,1.5,1.5,"CMD,0.1,1.50",4.0,0.0029,4.0,0.023,1,0.9935,0,NORMAL,49.495,0.576,1,1,1,1,1,216.9,31,11,dijkstra,graph,0.9001,0,,,,,,0,,,,511534,269326,5210
154,13.248413562774658,2026-03-06T01:39:44.048579,2.0,0.0,0.0,0.0,0.0,0.0,0.0,17.57,12.78,0.118,0.118,STRAIGHT,1.5,1.5,"CMD,0.1,1.50",4.0,0.0029,4.0,0.023,1,0.9935,0,NORMAL,48.939,0.585,1,1,1,1,1,206.9,0,0,dijkstra,predict,0.89617,0,,,,,,0,,,,511815,268850,0
155,13.295914888381958,2026-03-06T01:39:44.096081,0.0,0.0,5.75,0.0,0.0,0.0,0.0,22.02,12.77,0.118,0.118,STRAIGHT,1.5,1.5,"CMD,0.1,1.50",4.0,0.0029,4.0,0.023,1,0.9935,0,NORMAL,48.571,0.588,1,1,1,1,1,201.9,0,0,dijkstra,predict,0.89148,0,,,,,,0,,,,511815,267443,0
156,13.342559099197388,2026-03-06T01:39:44.142725,1.5,0.0,2.0,0.0,0.0,0.0,0.0,21.31,12.72,0.118,0.118,STRAIGHT,1.5,1.5,"CMD,0.1,1.50",4.0,0.0029,4.0,0.023,1,0.9935,0,NORMAL,48.259,0.557,1,1,1,1,1,196.9,0,0,dijkstra,predict,0.87934,0,,,,,,0,,,,511815,263801,0
157,13.527097225189209,2026-03-06T01:39:44.327263,112.47,0.0,13.75,17.95,0.0,0.0,0.0,168.52,12.0,0.118,0.118,STRAIGHT,1.5,1.5,"CMD,0.1,1.50",4.0,0.0029,4.0,0.023,1,0.9825,0,NORMAL,47.597,0.538,1,1,1,1,1,203.2,27,11,dijkstra,graph,0.87568,0,,,,,,0,,,,504237,262090,5364
158,13.571934223175049,2026-03-06T01:39:44.372100,0.0,0.0,12.26,0.0,0.0,0.0,0.0,22.56,12.71,0.118,0.118,STRAIGHT,1.5,1.5,"CMD,0.1,1.50",4.0,0.0029,4.0,0.023,1,0.9825,0,NORMAL,47.482,0.422,1,1,1,1,1,193.2,0,0,dijkstra,predict,0.87211,0,,,,,,0,,,,504346,261634,0
159,13.611942529678345,2026-03-06T01:39:44.412108,2.0,0.0,0.0,0.0,0.0,0.0,0.0,21.99,12.73,0.118,0.118,STRAIGHT,1.5,1.5,"CMD,0.1,1.50",4.0,0.0029,4.0,0.023,1,0.9825,0,NORMAL,47.199,0.368,1,1,1,1,1,188.2,0,0,dijkstra,predict,0.8676,0,,,,,,0,,,,504346,260281,0
160,13.652909278869629,2026-03-06T01:39:44.453075,0.0,0.0,0.0,0.0,0.0,0.0,0.0,22.89,12.75,0.118,0.118,STRAIGHT,1.5,1.5,"CMD,0.1,1.50",4.0,0.0029,4.0,0.023,1,0.9825,0,NORMAL,47.149,0.362,1,1,1,1,1,183.2,0,0,dijkstra,predict,0.85548,0,,,,,,0,,,,504346,256643,0
161,13.837511539459229,2026-03-06T01:39:44.637677,114.03,0.0,8.01,18.25,0.0,0.0,0.0,166.84,12.01,0.12,0.118,STRAIGHT,1.5,1.5,"CMD,0.1,1.50",4.0,0.003,3.881,0.023,1,0.9796,0,NORMAL,47.946,0.391,1,1,1,1,1,194.1,33,11,dijkstra,graph,0.8506,0,,,,,,0,,,,494985,254654,5135
162,13.88012170791626,2026-03-06T01:39:44.680288,2.0,0.0,4.01,0.0,0.0,0.0,0.0,20.58,12.74,0.122,0.12,STRAIGHT,1.5,1.5,"CMD,0.1,1.50",4.0,0.003,3.881,0.023,1,0.9796,0,NORMAL,49.255,0.384,1,1,1,1,1,184.1,0,0,dijkstra,predict,0.84741,0,,,,,,0,,,,495121,254222,0
163,13.922082901000977,2026-03-06T01:39:44.722249,2.91,0.0,0.0,0.0,0.0,0.0,0.0,18.42,12.73,0.123,0.122,STRAIGHT,1.5,1.5,"CMD,0.1,1.50",4.0,0.003,3.881,0.023,1,0.9796,0,NORMAL,50.201,0.379,1,1,1,1,1,179.1,0,0,dijkstra,predict,0.8431,0,,,,,,0,,,,495121,252929,0
164,13.963826417922974,2026-03-06T01:39:44.763992,0.0,0.0,0.0,0.0,0.0,0.0,0.0,21.51,12.72,0.124,0.123,STRAIGHT,1.5,1.5,"CMD,0.1,1.50",4.0,0.003,3.881,0.023,1,0.9796,0,NORMAL,50.28,0.347,1,1,1,1,1,174.1,0,0,dijkstra,predict,0.83104,0,,,,,,0,,,,495121,249311,0
165,14.152324676513672,2026-03-06T01:39:44.952491,121.45,0.0,8.19,16.02,0.0,0.0,0.0,159.69,11.95,0.133,0.124,STRAIGHT,1.5,1.5,"CMD,0.1,1.50",4.0,0.0037,3.516,0.023,1,0.972,0,NORMAL,50.024,0.327,1,1,1,1,1,175.8,33,11,dijkstra,graph,0.81339,0,,,,,,0,,,,481649,243311,5005
166,14.197699546813965,2026-03-06T01:39:44.997866,0.0,0.0,4.74,0.0,0.0,0.0,0.0,23.0,12.7,0.14,0.133,STRAIGHT,1.5,1.5,"CMD,0.1,1.50",4.0,0.0037,3.516,0.023,1,0.972,0,NORMAL,50.124,0.32,1,1,1,1,1,165.8,0,0,dijkstra,predict,0.8116,0,,,,,,0,,,,481945,243481,0
167,14.237513780593872,2026-03-06T01:39:45.037680,2.0,0.0,2.0,0.0,0.0,0.0,0.0,20.03,12.75,0.144,0.14,STRAIGHT,1.5,1.5,"CMD,0.1,1.50",4.0,0.0037,3.516,0.023,1,0.972,0,NORMAL,50.032,0.293,1,1,1,1,1,160.8,0,0,dijkstra,predict,0.8056,0,,,,,,0,,,,481945,241680,0
168,14.275917768478394,2026-03-06T01:39:45.076084,1.5,0.0,0.0,0.0,0.0,0.0,0.0,16.37,12.77,0.147,0.144,STRAIGHT,1.5,1.5,"CMD,0.1,1.50",4.0,0.0037,3.516,0.023,1,0.972,0,NORMAL,50.007,0.292,1,1,1,1,1,155.8,0,0,dijkstra,predict,0.79373,0,,,,,,0,,,,481945,238118,0
169,14.462592124938965,2026-03-06T01:39:45.262758,119.05,0.0,8.01,16.02,0.0,0.0,0.0,155.1,12.02,0.154,0.147,STRAIGHT,1.5,1.5,"CMD,0.1,1.50",4.0,0.0041,3.333,0.023,1,0.9774,0,NORMAL,50.153,0.354,1,1,1,1,1,166.7,31,12,dijkstra,graph,0.79736,0,,,,,,0,,,,473578,238609,5154
170,14.506813764572144,2026-03-06T01:39:45.306980,2.0,0.0,1.8,0.0,0.0,0.0,0.0,22.19,12.72,0.159,0.154,STRAIGHT,1.5,1.5,"CMD,0.2,1.50",4.0,0.0041,3.333,0.023,1,0.9774,0,NORMAL,50.009,0.31,1,1,1,1,1,156.7,0,0,dijkstra,predict,0.79422,0,,,,,,0,,,,475361,238265,0
171,14.550082445144653,2026-03-06T01:39:45.350248,2.0,0.0,2.0,0.0,0.0,0.0,0.0,21.69,12.8,0.163,0.159,STRAIGHT,1.5,1.5,"CMD,0.2,1.50",4.0,0.0041,3.333,0.023,1,0.9774,0,NORMAL,50.023,0.249,1,1,1,1,1,151.7,0,0,dijkstra,predict,0.79008,0,,,,,,0,,,,475361,237024,0
172,14.596685886383057,2026-03-06T01:39:45.396852,0.0,0.0,5.27,0.0,0.0,0.0,0.0,22.57,12.74,0.165,0.163,STRAIGHT,1.5,1.5,"CMD,0.2,1.50",4.0,0.0041,3.333,0.023,1,0.9774,0,NORMAL,50.107,0.218,1,1,1,1,1,146.7,0,0,dijkstra,predict,0.77824,0,,,,,,0,,,,475361,233472,0
173,14.770039319992065,2026-03-06T01:39:45.570205,110.83,0.0,2.0,12.36,0.0,0.0,0.0,149.32,12.08,0.186,0.165,STRAIGHT,1.5,1.5,"CMD,0.2,1.50",4.0,0.0055,2.877,0.023,1,0.9503,0,NORMAL,50.229,0.173,1,1,1,1,1,143.8,27,11,dijkstra,graph,0.75056,0,,,,,,0,,,,450822,224446,4853
174,14.818832635879517,2026-03-06T01:39:45.618999,0.0,0.0,0.0,0.0,0.0,0.0,7.35,30.62,12.86,0.2,0.186,STRAIGHT,1.5,1.5,"CMD,0.2,1.50",4.0,0.0055,2.877,0.023,1,0.9503,0,NORMAL,50.335,0.174,1,1,1,1,1,133.8,0,0,dijkstra,predict,0.74739,0,,,,,,0,,,,452088,224217,0
175,14.858939409255981,2026-03-06T01:39:45.659105,0.0,0.0,3.64,0.0,0.0,0.0,0.0,18.43,12.87,0.209,0.2,STRAIGHT,1.5,1.5,"CMD,0.2,1.50",4.0,0.0055,2.877,0.023,1,0.9503,0,NORMAL,50.575,0.116,1,1,1,1,1,128.8,0,0,dijkstra,predict,0.74352,0,,,,,,0,,,,452088,223056,0
176,14.898823738098145,2026-03-06T01:39:45.698990,0.0,0.0,2.63,0.0,0.0,0.0,0.0,19.72,12.87,0.215,0.209,STRAIGHT,1.5,1.5,"CMD,0.2,1.50",4.0,0.0055,2.877,0.023,1,0.9503,0,NORMAL,50.846,0.069,1,1,1,1,1,123.8,0,0,dijkstra,predict,0.73203,0,,,,,,0,,,,452088,219610,0
177,15.084844827651978,2026-03-06T01:39:45.885011,116.99,0.0,6.03,14.02,2.0,0.0,0.0,165.84,12.13,0.236,0.215,STRAIGHT,1.5,1.5,"CMD,0.2,1.50",4.0,0.0067,2.603,0.023,1,0.959,0,NORMAL,51.318,0.01,1,1,1,1,1,130.1,34,10,dijkstra,graph,0.72388,0,,,,,,0,,,,433453,216615,4611
178,15.133055210113525,2026-03-06T01:39:45.933221,2.2,0.0,2.0,0.0,0.0,0.0,0.0,20.17,12.88,0.25,0.236,STRAIGHT,1.5,1.5,"CMD,0.2,1.50",4.0,0.0067,2.603,0.023,1,0.959,0,NORMAL,51.574,-0.003,1,1,1,1,1,120.1,0,0,dijkstra,predict,0.72123,0,,,,,,0,,,,434001,216370,0
179,15.174102783203125,2026-03-06T01:39:45.974269,0.0,0.0,0.0,0.0,0.0,0.0,0.0,22.96,12.91,0.259,0.25,STRAIGHT,1.5,1.5,"CMD,0.3,1.50",4.0,0.0067,2.603,0.023,1,0.959,0,NORMAL,51.74,0.015,1,1,1,1,1,115.1,0,0,dijkstra,predict,0.71753,0,,,,,,0,,,,434001,215258,0
180,15.219752073287964,2026-03-06T01:39:46.019918,2.0,0.0,2.0,0.0,0.0,0.0,0.0,27.78,12.92,0.266,0.259,STRAIGHT,1.5,1.5,"CMD,0.3,1.50",4.0,0.0067,2.603,0.023,1,0.959,0,NORMAL,52.045,0.01,1,1,1,1,1,110.1,0,0,dijkstra,predict,0.70622,0,,,,,,0,,,,434001,211866,0
181,15.385940790176392,2026-03-06T01:39:46.186107,101.76,0.0,10.17,20.7,0.0,0.0,0.0,153.07,12.24,0.288,0.266,STRAIGHT,1.5,1.5,"CMD,0.3,1.50",4.0,0.0081,2.374,0.023,1,0.9513,0,NORMAL,52.843,-0.062,1,1,1,1,1,118.7,39,12,dijkstra,graph,0.69207,0,,,,,,0,,,,413363,207001,4316
182,15.42934536933899,2026-03-06T01:39:46.229511,0.0,0.0,0.0,0.0,0.0,0.0,0.0,23.29,13.05,0.304,0.288,STRAIGHT,1.5,1.5,"CMD,0.3,1.50",4.0,0.0081,2.374,0.023,1,0.9513,0,NORMAL,53.169,-0.121,1,1,1,1,1,108.7,0,0,dijkstra,predict,0.68973,0,,,,,,0,,,,413774,206918,0
183,15.46925401687622,2026-03-06T01:39:46.269420,2.01,0.0,0.0,0.0,0.0,0.0,0.0,22.4,13.06,0.314,0.304,STRAIGHT,1.5,1.5,"CMD,0.3,1.50",4.0,0.0081,2.374,0.023,1,0.9513,0,NORMAL,53.095,-0.052,1,1,1,1,1,103.7,0,0,dijkstra,predict,0.68598,0,,,,,,0,,,,413774,205794,0
184,15.513684272766113,2026-03-06T01:39:46.313850,0.0,0.0,3.85,0.0,0.0,0.0,0.0,26.17,13.08,0.321,0.314,STRAIGHT,1.5,1.5,"CMD,0.3,1.50",4.0,0.0081,2.374,0.023,1,0.9513,0,NORMAL,53.155,-0.034,1,1,1,1,1,98.7,0,0,dijkstra,predict,0.6746,0,,,,,,0,,,,413774,202381,0
185,15.680789232254028,2026-03-06T01:39:46.480955,100.08,0.0,14.48,16.31,0.0,0.0,0.0,153.09,12.4,0.33,0.321,STRAIGHT,1.5,1.5,"CMD,0.3,1.50",4.0,0.0084,2.329,0.023,1,0.9529,0,NORMAL,54.056,-0.09,1,1,1,1,1,116.4,42,11,dijkstra,graph,0.67638,0,,,,,,0,,,,396479,202224,4618
186,15.723060369491577,2026-03-06T01:39:46.523226,0.0,0.0,0.0,0.0,0.0,0.0,0.0,12.01,13.21,0.335,0.33,STRAIGHT,1.5,1.5,"CMD,0.3,1.50",4.0,0.0084,2.329,0.023,1,0.9529,0,NORMAL,54.6,-0.124,1,1,1,1,1,106.4,0,0,dijkstra,predict,0.67374,0,,,,,,0,,,,397682,202121,0
187,15.765300989151001,2026-03-06T01:39:46.565467,0.0,0.0,0.0,0.0,0.0,0.0,0.0,23.94,13.22,0.339,0.335,STRAIGHT,1.5,1.5,"CMD,0.3,1.50",4.0,0.0084,2.329,0.023,1,0.9529,0,NORMAL,54.736,-0.167,1,1,1,1,1,101.4,0,0,dijkstra,predict,0.67029,0,,,,,,0,,,,397682,201086,0
188,15.80496072769165,2026-03-06T01:39:46.605127,0.0,0.0,0.0,0.0,0.0,0.0,0.0,22.95,13.22,0.342,0.339,STRAIGHT,1.5,1.5,"CMD,0.3,1.50",4.0,0.0084,2.329,0.023,1,0.9529,0,NORMAL,55.202,-0.189,1,1,1,1,1,96.4,0,0,dijkstra,predict,0.659,0,,,,,,0,,,,397682,197700,0
189,15.975781917572021,2026-03-06T01:39:46.775948,101.57,0.0,10.45,20.0,0.0,0.0,0.0,146.04,12.48,0.359,0.342,STRAIGHT,1.5,1.5,"CMD,0.3,1.50",4.0,0.0095,2.192,0.023,1,0.9246,0,NORMAL,55.919,-0.114,1,1,1,1,1,109.6,57,11,dijkstra,graph,0.64469,0,,,,,,0,,,,368263,192622,4144
190,16.01776957511902,2026-03-06T01:39:46.817935,0.0,0.0,0.0,0.0,0.0,0.0,0.0,13.79,13.3,0.37,0.359,STRAIGHT,1.5,1.5,"CMD,0.4,1.50",4.0,0.0095,2.192,0.023,1,0.9246,0,NORMAL,56.324,-0.129,1,1,1,1,1,99.6,0,0,dijkstra,predict,0.64229,0,,,,,,0,,,,368835,192687,0
191,16.078898906707764,2026-03-06T01:39:46.879065,2.0,0.0,5.56,0.0,0.0,0.0,0.0,32.58,13.19,0.377,0.37,STRAIGHT,1.5,1.5,"CMD,0.4,1.50",4.0,0.0095,2.192,0.023,1,0.9246,0,NORMAL,56.436,-0.075,1,1,1,1,1,94.6,0,0,dijkstra,predict,0.63876,0,,,,,,0,,,,368835,191629,0
192,16.123494863510132,2026-03-06T01:39:46.923661,2.0,0.0,2.0,0.0,0.0,0.0,0.0,26.48,13.17,0.382,0.377,STRAIGHT,1.5,1.5,"CMD,0.4,1.50",4.0,0.0095,2.192,0.023,1,0.9246,0,NORMAL,56.425,-0.009,1,1,1,1,1,89.6,0,0,dijkstra,predict,0.62779,0,,,,,,0,,,,368835,188337,0
193,16.320565462112427,2026-03-06T01:39:47.120732,122.42,0.0,10.06,12.02,0.0,0.0,0.0,177.04,12.31,0.391,0.382,STRAIGHT,1.5,1.5,"CMD,0.4,1.50",4.0,0.0099,2.146,0.023,1,0.892,0,NORMAL,56.164,0.037,1,1,1,1,1,107.3,65,12,dijkstra,graph,0.60341,0,,,,,,0,,,,329868,180337,4101
194,16.37103271484375,2026-03-06T01:39:47.171199,0.0,0.0,8.05,0.0,0.0,0.0,0.0,30.15,13.07,0.397,0.391,STRAIGHT,1.5,1.5,"CMD,0.4,1.50",4.0,0.0099,2.146,0.023,1,0.892,0,NORMAL,55.665,0.124,1,1,1,1,1,97.3,0,0,dijkstra,predict,0.6016,0,,,,,,0,,,,330240,180481,0
195,16.417521715164185,2026-03-06T01:39:47.217688,4.01,0.0,2.0,0.0,0.0,0.0,2.0,26.11,13.06,0.401,0.397,STRAIGHT,1.5,1.5,"CMD,0.4,1.50",4.0,0.0099,2.146,0.023,1,0.892,0,NORMAL,54.695,0.192,1,1,1,1,1,92.3,0,0,dijkstra,predict,0.59821,0,,,,,,0,,,,330240,179462,0
196,16.458117485046387,2026-03-06T01:39:47.258283,2.0,0.0,2.0,0.0,0.0,0.0,0.0,18.57,13.06,0.404,0.401,STRAIGHT,1.5,1.5,"CMD,0.4,1.50",4.0,0.0099,2.146,0.023,1,0.892,0,NORMAL,54.838,0.2,1,1,1,1,1,87.3,0,0,dijkstra,predict,0.58818,0,,,,,,0,,,,330240,176454,0
197,16.623631715774536,2026-03-06T01:39:47.423798,106.84,0.0,6.01,16.32,0.0,0.0,0.0,145.75,12.35,0.4,0.401,STRAIGHT,1.5,1.5,"CMD,0.4,1.50",4.0,0.0095,2.192,0.023,1,0.7863,0,NORMAL,54.822,0.25,1,1,1,1,1,109.6,85,9,dijkstra,graph,0.57455,0,,,,,,0,,,,268431,171713,3708
198,16.66460919380188,2026-03-06T01:39:47.464775,0.0,0.0,0.0,0.0,0.0,0.0,0.0,20.82,13.17,0.397,0.4,STRAIGHT,1.5,1.5,"CMD,0.4,1.50",4.0,0.0095,2.192,0.023,1,0.7863,0,NORMAL,54.843,0.249,1,1,1,1,1,99.6,0,0,dijkstra,predict,0.5723,0,,,,,,0,,,,269447,171691,0
199,16.70549488067627,2026-03-06T01:39:47.505661,2.0,0.0,0.0,0.0,0.0,0.0,0.0,20.48,13.19,0.395,0.397,STRAIGHT,1.5,1.5,"CMD,0.4,1.50",4.0,0.0095,2.192,0.023,1,0.7863,0,NORMAL,55.257,0.222,1,1,1,1,1,94.6,0,0,dijkstra,predict,0.57063,0,,,,,,0,,,,269447,171190,0
200,16.746318101882935,2026-03-06T01:39:47.546484,0.0,0.0,4.94,0.0,0.0,0.0,0.0,20.3,13.19,0.394,0.395,STRAIGHT,1.5,1.5,"CMD,0.4,1.50",4.0,0.0095,2.192,0.023,1,0.7863,0,NORMAL,54.902,0.212,1,1,1,1,1,89.6,0,0,dijkstra,predict,0.56168,0,,,,,,0,,,,269447,168504,0
201,16.91715383529663,2026-03-06T01:39:47.717320,110.42,0.0,8.01,12.02,0.0,0.0,0.0,160.73,12.5,0.394,0.394,STRAIGHT,1.5,1.5,"CMD,0.4,1.50",4.0,0.0095,2.192,0.023,1,0.7738,0,NORMAL,50.824,0.137,1,1,1,1,1,109.6,56,5,dijkstra,graph,0.52457,0,,,,,,0,,,,210331,156834,2557
202,16.950326442718506,2026-03-06T01:39:47.750492,0.0,0.0,0.0,0.0,0.0,0.0,0.0,23.1,13.3,0.393,0.394,STRAIGHT,1.5,1.5,"CMD,0.4,1.50",4.0,0.0095,2.192,0.023,1,0.7738,0,NORMAL,50.204,0.1,1,1,1,1,1,99.6,0,0,dijkstra,predict,0.52382,0,,,,,,0,,,,210945,157146,0
203,16.98902463912964,2026-03-06T01:39:47.789190,1.0,0.0,0.0,0.0,0.0,0.0,0.0,20.91,13.36,0.393,0.393,STRAIGHT,1.5,1.5,"CMD,0.4,1.50",4.0,0.0095,2.192,0.023,1,0.7738,0,NORMAL,50.282,0.073,1,1,1,1,1,94.6,0,0,dijkstra,predict,0.52136,0,,,,,,0,,,,210945,156409,0
204,17.02955174446106,2026-03-06T01:39:47.829718,2.0,0.0,0.0,0.0,0.0,0.0,0.0,20.21,13.36,0.392,0.393,STRAIGHT,1.5,1.5,"CMD,0.4,1.50",4.0,0.0095,2.192,0.023,1,0.7738,0,NORMAL,50.346,0.047,1,1,1,1,1,89.6,0,0,dijkstra,predict,0.51634,0,,,,,,0,,,,210945,154901,0
205,17.19964575767517,2026-03-06T01:39:47.999812,105.57,0.0,10.06,16.2,0.0,0.0,0.0,149.55,12.6,0.404,0.393,STRAIGHT,1.5,1.5,"CMD,0.4,1.50",4.0,0.0104,2.1,0.023,1,0.963,0,NORMAL,50.163,-0.002,1,1,1,1,1,105.0,59,6,dijkstra,graph,0.51581,0,,,,,,0,,,,207781,154302,2618
206,17.23212432861328,2026-03-06T01:39:48.032290,0.0,0.0,0.0,0.0,0.0,0.0,0.0,20.46,13.51,0.412,0.404,STRAIGHT,1.5,1.5,"CMD,0.4,1.50",4.0,0.0104,2.1,0.023,1,0.963,0,NORMAL,50.108,0.016,1,1,1,1,1,95.0,0,0,dijkstra,predict,0.51545,0,,,,,,0,,,,207888,154634,0
207,17.279380321502686,2026-03-06T01:39:48.079546,2.0,0.0,4.59,0.0,0.0,0.0,0.0,21.61,13.51,0.417,0.412,STRAIGHT,1.5,1.5,"CMD,0.4,1.50",4.0,0.0104,2.1,0.023,1,0.963,0,NORMAL,50.12,0.077,1,1,1,1,1,90.0,0,0,dijkstra,predict,0.51313,0,,,,,,0,,,,207888,153940,0
208,17.315154790878296,2026-03-06T01:39:48.115321,0.0,0.0,4.9,0.0,0.0,0.0,0.0,20.01,13.54,0.42,0.417,STRAIGHT,1.5,1.5,"CMD,0.4,1.50",4.0,0.0104,2.1,0.023,1,0.963,0,NORMAL,50.178,0.102,1,1,1,1,1,85.0,0,0,dijkstra,predict,0.50797,0,,,,,,0,,,,207888,152392,0
209,17.485353708267212,2026-03-06T01:39:48.285520,111.67,0.0,8.01,20.12,0.0,0.0,0.0,162.19,12.8,0.401,0.417,STRAIGHT,1.5,1.5,"CMD,0.4,1.50",4.0,0.0088,2.283,0.023,1,0.9056,0,NORMAL,50.267,0.081,1,1,1,1,1,114.2,89,8,dijkstra,graph,0.56787,0,,,,,,0,,,,219368,169782,3446
210,17.532558917999268,2026-03-06T01:39:48.332725,2.0,0.0,2.0,0.0,0.0,0.0,0.0,21.99,13.51,0.388,0.401,STRAIGHT,1.5,1.5,"CMD,0.4,1.50",4.0,0.0088,2.283,0.023,1,0.9056,0,NORMAL,50.277,0.047,1,1,1,1,1,104.2,0,0,dijkstra,predict,0.56607,0,,,,,,0,,,,220130,169822,0
211,17.566603660583496,2026-03-06T01:39:48.366769,0.0,0.0,0.0,0.0,0.0,0.0,0.0,14.02,13.57,0.379,0.388,STRAIGHT,1.5,1.5,"CMD,0.4,1.50",4.0,0.0088,2.283,0.023,1,0.9056,0,NORMAL,50.002,0.033,1,1,1,1,1,99.2,0,0,dijkstra,predict,0.56415,0,,,,,,0,,,,220130,169245,0
212,17.606931924819946,2026-03-06T01:39:48.407098,2.96,0.0,0.0,0.0,0.0,0.0,0.0,20.16,13.57,0.373,0.379,STRAIGHT,1.5,1.5,"CMD,0.4,1.50",4.0,0.0088,2.283,0.023,1,0.9056,0,NORMAL,50.015,0.068,1,1,1,1,1,94.2,0,0,dijkstra,predict,0.55931,0,,,,,,0,,,,220130,167792,0
213,17.782523155212402,2026-03-06T01:39:48.582689,103.46,0.0,0.0,20.03,0.0,0.0,0.0,153.15,12.79,0.348,0.373,STRAIGHT,1.5,1.5,"CMD,0.4,1.50",4.0,0.0072,2.511,0.023,1,0.8986,0,NORMAL,50.059,0.057,1,1,1,1,1,125.6,96,8,dijkstra,graph,0.55983,0,,,,,,0,,,,223736,167508,3120
214,17.819042682647705,2026-03-06T01:39:48.619208,4.48,0.0,0.0,0.0,0.0,0.0,0.0,16.5,13.56,0.332,0.348,STRAIGHT,1.5,1.5,"CMD,0.3,1.50",4.0,0.0072,2.511,0.023,1,0.8986,0,NORMAL,50.099,0.055,1,1,1,1,1,115.6,0,0,dijkstra,predict,0.55925,0,,,,,,0,,,,226629,167776,0
215,17.85365581512451,2026-03-06T01:39:48.653822,0.0,0.0,0.0,0.0,0.0,0.0,0.0,14.2,13.61,0.321,0.332,STRAIGHT,1.5,1.5,"CMD,0.3,1.50",4.0,0.0072,2.511,0.023,1,0.8986,0,NORMAL,50.038,0.043,1,1,1,1,1,110.6,0,0,dijkstra,predict,0.55705,0,,,,,,0,,,,226629,167116,0
216,17.889960527420044,2026-03-06T01:39:48.690126,0.0,0.0,0.0,0.0,0.0,0.0,0.0,14.12,13.65,0.313,0.321,STRAIGHT,1.5,1.5,"CMD,0.3,1.50",4.0,0.0072,2.511,0.023,1,0.8986,0,NORMAL,50.09,0.101,1,1,1,1,1,105.6,0,0,dijkstra,predict,0.5506,0,,,,,,0,,,,226629,165180,0
217,18.06218147277832,2026-03-06T01:39:48.862347,105.13,0.0,0.0,20.93,0.0,0.0,0.0,151.79,12.85,0.1,0.313,STRAIGHT,1.5,1.5,"CMD,0.3,1.50",4.0,-0.0079,2.877,-0.033,1,0.8661,0,NORMAL,50.022,0.383,1,1,1,1,1,144.1,124,9,dijkstra,graph,0.57122,0,,,,,,0,,,,211104,170807,3705
218,18.107378721237183,2026-03-06T01:39:48.907545,1.74,0.0,4.62,0.0,0.0,0.0,0.0,25.03,13.6,-0.042,0.1,STRAIGHT,1.5,1.5,"CMD,0.1,1.50",4.0,-0.0079,2.877,-0.033,1,0.8661,0,NORMAL,50.077,-0.395,1,1,1,1,1,134.1,0,0,dijkstra,predict,0.56927,0,,,,,,0,,,,211400,170782,0
219,18.14374017715454,2026-03-06T01:39:48.943906,1.0,0.0,0.0,0.0,0.0,0.0,0.0,18.6,13.64,-0.137,-0.042,STRAIGHT,1.5,1.5,"CMD,-0.0,1.50",4.0,-0.0079,2.877,-0.033,1,0.8661,0,NORMAL,50.258,-0.854,1,1,1,1,1,129.1,0,0,dijkstra,predict,0.56711,0,,,,,,0,,,,211400,170132,0
220,18.184438228607178,2026-03-06T01:39:48.984604,0.0,0.0,3.67,0.0,0.0,0.0,0.0,20.52,13.77,-0.2,-0.137,STRAIGHT,1.5,1.5,"CMD,-0.1,1.50",4.0,-0.0079,2.877,-0.033,1,0.8661,0,NORMAL,55.139,-1.118,1,1,1,1,1,124.1,0,0,dijkstra,predict,0.56261,0,,,,,,0,,,,211400,168784,0
221,18.346921682357788,2026-03-06T01:39:49.147088,98.3,0.0,10.15,17.6,0.0,0.0,0.0,152.42,13.04,0.113,-0.137,STRAIGHT,1.5,1.5,"CMD,-0.1,1.50",4.0,0.0179,2.603,0.061,1,0.6855,0,NORMAL,56.412,-1.087,1,1,1,1,1,130.7,46,9,dijkstra,graph,0.46957,0,,,,,,0,,,,147958,140652,2479
222,18.380338191986084,2026-03-06T01:39:49.180504,0.0,0.0,0.0,0.0,0.0,0.0,0.0,23.21,14.08,0.322,0.113,STRAIGHT,1.5,1.5,"CMD,0.1,1.50",4.0,0.0179,2.603,0.061,1,0.6855,0,NORMAL,62.77,-1.131,1,1,1,1,1,120.7,0,0,dijkstra,predict,0.46913,0,,,,,,0,,,,148013,140738,0
223,18.42026710510254,2026-03-06T01:39:49.220433,0.0,0.0,4.45,0.0,0.0,0.0,0.0,22.54,14.15,0.462,0.322,STRAIGHT,1.5,1.5,"CMD,0.3,1.50",4.0,0.0179,2.603,0.061,1,0.6855,0,NORMAL,63.819,-1.087,1,1,1,1,1,115.7,0,0,dijkstra,predict,0.46917,0,,,,,,0,,,,148013,140751,0
224,18.459778308868408,2026-03-06T01:39:49.259944,0.0,0.0,4.33,0.0,0.0,0.0,0.0,20.63,14.2,0.554,0.462,STRAIGHT,1.5,1.5,"CMD,0.5,1.50",4.0,0.0179,2.603,0.061,1,0.6855,0,NORMAL,62.819,-1.068,1,1,1,1,1,110.7,0,0,dijkstra,predict,0.46909,0,,,,,,0,,,,148013,140727,0
225,18.631463766098022,2026-03-06T01:39:49.431630,108.6,0.0,10.19,20.15,0.0,0.0,0.0,161.61,13.34,0.616,0.554,STRAIGHT,1.5,1.5,"CMD,0.6,1.50",4.0,0.0179,2.603,0.061,1,0.7416,0,NORMAL,70.711,-1.008,1,1,1,1,2,104.6,103,7,dijkstra,graph,0.47033,0,,,,,,0,,,,162332,140924,2609
226,18.67530369758606,2026-03-06T01:39:49.475470,0.0,0.0,6.39,0.0,0.0,0.0,0.0,21.68,14.13,0.658,0.616,STRAIGHT,1.5,1.5,"CMD,0.6,1.50",4.0,0.0179,2.603,0.061,1,0.7416,0,NORMAL,70.711,-0.966,1,1,1,1,1,104.4,0,0,dijkstra,predict,0.48044,0,,,,,,0,,,,162427,144133,0
227,18.844115257263184,2026-03-06T01:39:49.644281,106.85,0.0,10.3,20.35,0.0,0.0,0.0,152.79,13.31,-3.001,0.616,STRAIGHT,1.5,1.5,"CMD,0.6,1.50",2.121,-0.2528,1.984,-0.534,1,0.6585,0,NORMAL,70.711,-0.913,1,1,1,1,1,115.6,116,8,dijkstra,graph,0.46483,0,,,,,,0,,,,203365,139157,2934
228,19.031750440597534,2026-03-06T01:39:49.831916,103.97,0.0,10.1,21.57,12.02,0.0,2.0,163.55,12.47,-2.385,-2.385,STRAIGHT,1.5,1.5,"CMD,-2.4,1.50",3.868,-0.0279,3.857,-0.209,1,0.7797,0,NORMAL,70.711,-0.845,1,1,1,1,1,224.9,119,13,dijkstra,fallback_centerline,0.47562,0,,,,,,0,,,,219113,142476,3914
229,19.066226959228516,2026-03-06T01:39:49.866393,2.65,0.0,0.0,0.0,0.0,0.0,0.0,20.46,12.5,-1.974,-2.385,STRAIGHT,1.5,1.5,"CMD,-2.4,1.50",3.868,-0.0279,3.857,-0.209,1,0.7797,0,NORMAL,70.711,-0.783,1,1,1,1,1,224.9,0,0,dijkstra,predict,0.47356,0,,,,,,0,,,,219135,142068,0
230,19.107149362564087,2026-03-06T01:39:49.907315,3.24,0.0,0.0,0.0,0.0,0.0,0.0,20.37,13.24,-1.7,-1.974,STRAIGHT,1.5,1.5,"CMD,-2.0,1.50",3.868,-0.0279,3.857,-0.209,1,0.7797,0,NORMAL,70.711,-0.688,1,1,1,1,1,214.9,0,0,dijkstra,predict,0.46713,0,,,,,,0,,,,219135,140140,0
231,19.147125244140625,2026-03-06T01:39:49.947291,0.0,0.0,0.0,0.0,0.0,0.0,0.0,14.02,13.24,-1.518,-1.7,STRAIGHT,1.5,1.5,"CMD,-1.7,1.50",3.868,-0.0279,3.857,-0.209,1,0.7797,0,NORMAL,70.711,-0.636,1,1,1,1,1,209.9,0,0,dijkstra,predict,0.45853,0,,,,,,0,,,,219135,137560,0
232,19.32315492630005,2026-03-06T01:39:50.123321,117.51,0.0,4.0,20.91,3.22,0.0,0.0,159.97,12.42,-1.396,-1.518,STRAIGHT,1.5,1.5,"CMD,-1.5,1.50",3.868,-0.0279,3.857,-0.209,1,0.7212,0,NORMAL,70.711,-0.583,1,1,1,1,1,121.2,93,7,dijkstra,graph,0.43209,0,,,,,,0,,,,176645,129521,2543
233,19.491442441940308,2026-03-06T01:39:50.291608,106.04,0.0,6.01,20.24,0.0,0.0,0.0,148.82,11.78,-2.054,-1.518,STRAIGHT,1.5,1.5,"CMD,-1.5,1.50",2.194,-0.0818,2.146,-0.19,1,0.6773,0,NORMAL,70.711,-0.576,1,1,1,1,1,112.7,100,10,dijkstra,graph,0.50062,0,,,,,,0,,,,257231,149790,3491
234,19.532122135162354,2026-03-06T01:39:50.332288,0.0,0.0,4.22,0.0,0.0,0.0,0.0,20.39,12.43,-2.493,-2.054,STRAIGHT,1.5,1.5,"CMD,-2.1,1.50",2.194,-0.0818,2.146,-0.19,1,0.6773,0,NORMAL,68.031,-0.559,1,1,1,1,1,102.6,0,0,dijkstra,predict,0.49841,0,,,,,,0,,,,260518,149522,0
235,19.694839239120483,2026-03-06T01:39:50.495005,108.83,0.0,0.0,20.41,0.0,0.0,0.0,144.25,11.78,-5.931,-2.493,STRAIGHT,1.5,1.5,"CMD,-2.5,1.50",1.719,-0.3158,1.576,-0.42,1,0.8442,0,NORMAL,65.764,-0.496,1,1,1,1,1,106.4,88,10,dijkstra,graph,0.44748,0,,,,,,0,,,,219311,133838,2557
236,19.877492904663086,2026-03-06T01:39:50.677659,112.2,0.0,6.01,16.02,2.0,0.0,0.0,162.19,11.16,-3.665,-3.665,STRAIGHT,1.5,1.5,"CMD,-3.7,1.50",2.194,0.0211,2.194,0.051,1,0.7763,0,NORMAL,58.285,-0.368,1,1,1,1,1,131.1,101,8,dijkstra,graph,0.42663,0,,,,,,0,,,,175673,127744,2555
237,19.915409326553345,2026-03-06T01:39:50.715575,0.0,0.0,4.86,0.0,0.0,0.0,0.0,22.39,11.15,-2.225,-3.665,STRAIGHT,1.5,1.5,"CMD,-3.7,1.50",4.0,0.0159,2.603,0.054,1,0.7763,0,NORMAL,56.577,-0.328,1,1,1,1,1,120.9,0,0,dijkstra,predict,0.42574,0,,,,,,0,,,,178260,127723,0
238,19.952706336975098,2026-03-06T01:39:50.752872,0.0,0.0,5.25,0.0,0.0,0.0,0.0,21.28,11.75,-1.264,-2.225,STRAIGHT,1.5,1.5,"CMD,-2.2,1.50",4.0,0.0159,2.603,0.054,1,0.7763,0,NORMAL,55.112,-0.241,1,1,1,1,1,115.9,0,0,dijkstra,predict,0.42343,0,,,,,,0,,,,178260,127028,0
239,19.989248514175415,2026-03-06T01:39:50.789414,0.0,0.0,0.0,0.0,0.0,0.0,0.0,16.02,11.8,-0.624,-1.264,STRAIGHT,1.5,1.5,"CMD,-1.3,1.50",4.0,0.0159,2.603,0.054,1,0.7763,0,NORMAL,53.79,-0.147,1,1,1,1,1,110.9,0,0,dijkstra,predict,0.41912,0,,,,,,0,,,,178260,125736,0
240,20.177804231643677,2026-03-06T01:39:50.977970,112.17,0.0,0.0,14.13,8.01,0.0,0.0,172.43,11.11,-0.844,-0.844,STRAIGHT,1.5,1.5,"CMD,-0.8,1.50",2.379,-0.0311,2.343,-0.085,1,0.6251,0,NORMAL,52.741,-0.113,1,1,1,1,1,222.2,72,6,dijkstra,fallback_centerline,0.29893,0,,,,,,0,,,,109849,89637,1510
241,20.215540409088135,2026-03-06T01:39:51.015706,0.0,0.0,3.47,0.0,0.0,0.0,0.0,19.59,11.13,-0.99,-0.844,STRAIGHT,1.5,1.5,"CMD,-0.8,1.50",2.379,-0.0311,2.343,-0.085,1,0.6251,0,NORMAL,52.587,-0.061,1,1,1,1,1,222.2,0,0,dijkstra,predict,0.31249,0,,,,,,0,,,,110165,93748,0
242,20.38164234161377,2026-03-06T01:39:51.181808,110.27,0.0,8.01,6.34,0.0,0.0,0.0,153.08,11.15,-0.518,-0.844,STRAIGHT,1.5,1.5,"CMD,-0.8,1.50",4.0,0.0104,2.1,0.023,1,0.5921,0,NORMAL,52.004,0.025,1,1,1,1,1,105.0,47,3,dijkstra,graph,0.39622,0,,,,,,0,,,,183252,118521,1754
243,20.412789583206177,2026-03-06T01:39:51.212955,0.0,0.0,0.0,0.0,0.0,0.0,0.0,15.13,11.18,-0.203,-0.518,STRAIGHT,1.5,1.5,"CMD,-0.5,1.50",4.0,0.0104,2.1,0.023,1,0.5921,0,NORMAL,51.422,0.023,1,1,1,1,1,95.0,0,0,dijkstra,predict,0.39476,0,,,,,,0,,,,187957,118428,0
244,20.45659875869751,2026-03-06T01:39:51.256765,0.0,0.0,6.29,0.0,0.0,0.0,0.0,22.32,11.14,0.007,-0.203,STRAIGHT,1.5,1.5,"CMD,-0.2,1.50",4.0,0.0104,2.1,0.023,1,0.5921,0,NORMAL,50.851,-0.043,1,1,1,1,1,90.0,0,0,dijkstra,predict,0.39238,0,,,,,,0,,,,187957,117714,0
245,20.49446964263916,2026-03-06T01:39:51.294636,3.79,0.0,3.68,0.0,0.0,0.0,0.0,22.11,11.13,0.147,0.007,STRAIGHT,1.5,1.5,"CMD,0.0,1.50",4.0,0.0104,2.1,0.023,1,0.5921,0,NORMAL,50.566,0.073,1,1,1,1,1,80.0,0,0,dijkstra,predict,0.38436,0,,,,,,0,,,,187957,115308,0
246,20.664264678955078,2026-03-06T01:39:51.464431,99.65,0.0,14.4,14.57,0.0,0.0,0.0,151.77,11.14,0.247,0.147,STRAIGHT,1.5,1.5,"CMD,0.1,1.50",4.0,0.0108,2.055,0.023,1,0.9494,0,NORMAL,50.06,0.081,1,1,1,1,1,102.7,77,5,dijkstra,graph,0.36103,0,,,,,,0,,,,181046,108242,1701
247,20.70032525062561,2026-03-06T01:39:51.500491,2.0,0.0,4.01,0.0,0.0,0.0,0.0,20.04,11.18,0.313,0.247,STRAIGHT,1.5,1.5,"CMD,0.2,1.50",4.0,0.0108,2.055,0.023,1,0.9494,0,NORMAL,50.138,0.073,1,1,1,1,1,92.7,0,0,dijkstra,predict,0.36173,0,,,,,,0,,,,188563,108518,0
248,20.732435941696167,2026-03-06T01:39:51.532602,2.0,0.0,0.0,0.0,0.0,0.0,0.0,22.03,11.2,0.357,0.313,STRAIGHT,1.5,1.5,"CMD,0.3,1.50",4.0,0.0108,2.055,0.023,1,0.9494,0,NORMAL,50.506,0.202,1,1,1,1,1,87.7,0,0,dijkstra,predict,0.35749,0,,,,,,0,,,,188563,107247,0
249,20.773040771484375,2026-03-06T01:39:51.573207,2.73,0.0,0.0,0.0,0.0,0.0,0.0,22.55,11.2,0.387,0.357,STRAIGHT,1.5,1.5,"CMD,0.4,1.50",4.0,0.0108,2.055,0.023,1,0.9494,0,NORMAL,51.09,0.295,1,1,1,1,1,77.7,0,0,dijkstra,predict,0.34921,0,,,,,,0,,,,188563,104764,0
250,20.939680337905884,2026-03-06T01:39:51.739846,106.48,0.0,4.88,15.95,0.0,0.0,0.0,144.87,11.18,0.414,0.387,STRAIGHT,1.5,1.5,"CMD,0.4,1.50",4.0,0.0113,2.009,0.023,1,0.9675,0,NORMAL,52.079,0.322,1,1,1,1,1,100.5,69,4,dijkstra,graph,0.34043,0,,,,,,0,,,,177281,101817,1796
251,20.977383852005005,2026-03-06T01:39:51.777550,0.0,0.0,6.16,0.0,0.0,0.0,0.0,20.18,11.17,0.431,0.414,STRAIGHT,1.5,1.5,"CMD,0.4,1.50",4.0,0.0113,2.009,0.023,1,0.9675,0,NORMAL,53.275,0.347,1,1,1,1,1,90.5,0,0,dijkstra,predict,0.33968,0,,,,,,0,,,,186968,101904,0
252,21.009939193725586,2026-03-06T01:39:51.810105,1.0,0.0,0.0,0.0,0.0,0.0,0.0,18.54,11.2,0.443,0.431,STRAIGHT,1.5,1.5,"CMD,0.4,1.50",4.0,0.0113,2.009,0.023,1,0.9675,0,NORMAL,53.784,0.44,1,1,1,1,1,85.5,0,0,dijkstra,predict,0.33586,0,,,,,,0,,,,186968,100757,0
253,21.05424189567566,2026-03-06T01:39:51.854408,2.0,0.0,3.7,0.0,0.0,0.0,0.0,21.73,11.18,0.451,0.443,STRAIGHT,1.5,1.5,"CMD,0.4,1.50",4.0,0.0113,2.009,0.023,1,0.9675,0,NORMAL,54.707,0.5,1,1,1,1,1,75.5,0,0,dijkstra,predict,0.3278,0,,,,,,0,,,,186968,98340,0
254,21.220916032791138,2026-03-06T01:39:52.021082,113.11,0.0,6.01,12.75,2.0,0.0,0.0,150.89,11.2,0.464,0.451,STRAIGHT,1.5,1.5,"CMD,0.5,1.50",4.0,0.0118,1.963,0.023,1,0.9673,0,NORMAL,55.704,0.557,1,1,1,1,1,98.2,70,4,dijkstra,graph,0.3236,0,,,,,,0,,,,174570,96834,1605
255,21.258415460586548,2026-03-06T01:39:52.058581,3.1,0.0,2.0,0.0,0.0,0.0,0.0,21.48,11.23,0.472,0.464,STRAIGHT,1.5,1.5,"CMD,0.5,1.50",4.0,0.0118,1.963,0.023,1,0.9673,0,NORMAL,57.578,0.551,1,1,1,1,1,88.2,0,0,dijkstra,predict,0.32274,0,,,,,,0,,,,181273,96821,0
256,21.295300245285034,2026-03-06T01:39:52.095466,1.74,0.0,4.01,0.0,0.0,0.0,0.0,20.34,11.83,0.478,0.472,STRAIGHT,1.5,1.5,"CMD,0.5,1.50",4.0,0.0118,1.963,0.023,1,0.9673,0,NORMAL,58.919,0.656,1,1,1,1,1,83.2,0,0,dijkstra,predict,0.31924,0,,,,,,0,,,,181273,95771,0
257,21.332024574279785,2026-03-06T01:39:52.132190,0.0,0.0,4.44,0.0,0.0,0.0,0.0,18.7,12.61,0.481,0.478,STRAIGHT,1.5,1.5,"CMD,0.5,1.50",4.0,0.0118,1.963,0.023,1,0.9673,0,NORMAL,60.208,0.737,1,1,1,1,1,78.2,0,0,dijkstra,predict,0.31152,0,,,,,,0,,,,181273,93457,0
258,21.50730013847351,2026-03-06T01:39:52.307466,113.67,0.0,4.0,22.3,0.0,0.0,0.0,165.24,11.88,0.484,0.481,STRAIGHT,1.5,1.5,"CMD,0.5,1.50",4.0,0.0118,1.963,0.023,1,0.8321,0,NORMAL,61.543,0.779,1,1,1,1,1,102.7,110,5,dijkstra,graph,0.28907,0,,,,,,0,,,,145264,86565,1801
259,21.67429804801941,2026-03-06T01:39:52.474464,112.17,0.0,7.51,13.35,0.0,0.0,0.0,152.98,11.3,0.493,0.484,STRAIGHT,1.5,1.5,"CMD,0.5,1.50",4.0,0.0124,1.918,0.023,1,0.8621,0,NORMAL,65.832,0.56,1,1,1,1,1,95.9,69,3,dijkstra,graph,0.29506,0,,,,,,0,,,,165604,88300,1520
260,21.710750341415405,2026-03-06T01:39:52.510916,2.98,0.0,2.0,0.0,0.0,0.0,0.0,19.38,11.28,0.499,0.493,STRAIGHT,1.5,1.5,"CMD,0.5,1.50",4.0,0.0124,1.918,0.023,1,0.8621,0,NORMAL,66.226,0.608,1,1,1,1,1,85.9,0,0,dijkstra,predict,0.29436,0,,,,,,0,,,,169959,88308,0
261,21.74028992652893,2026-03-06T01:39:52.540456,0.0,0.0,0.0,0.0,0.0,0.0,0.0,14.02,12.0,0.504,0.499,STRAIGHT,1.5,1.5,"CMD,0.5,1.50",4.0,0.0124,1.918,0.023,1,0.8621,0,NORMAL,65.211,0.658,1,1,1,1,1,80.9,0,0,dijkstra,predict,0.2915,0,,,,,,0,,,,169959,87449,0
262,21.78037452697754,2026-03-06T01:39:52.580541,2.0,0.0,3.77,0.0,0.0,0.0,0.0,19.94,12.67,0.506,0.504,STRAIGHT,1.5,1.5,"CMD,0.5,1.50",4.0,0.0124,1.918,0.023,1,0.8621,0,NORMAL,65.065,0.747,1,1,1,1,1,75.9,0,0,dijkstra,predict,0.2842,0,,,,,,0,,,,169959,85259,0
263,21.939183950424194,2026-03-06T01:39:52.739350,105.58,0.0,8.01,12.26,0.0,0.0,0.0,144.79,12.05,0.508,0.506,STRAIGHT,1.5,1.5,"CMD,0.5,1.50",4.0,0.0124,1.918,0.023,1,0.9597,0,NORMAL,64.998,0.779,1,1,1,1,1,95.9,55,4,dijkstra,graph,0.30275,0,,,,,,0,,,,168522,90705,1506
264,21.971092462539673,2026-03-06T01:39:52.771258,0.0,0.0,0.0,0.0,0.0,0.0,0.0,15.07,12.74,0.509,0.508,STRAIGHT,1.5,1.5,"CMD,0.5,1.50",4.0,0.0124,1.918,0.023,1,0.9597,0,NORMAL,65.256,0.768,1,1,1,1,1,85.9,0,0,dijkstra,predict,0.30152,0,,,,,,0,,,,172601,90457,0
265,22.015697956085205,2026-03-06T01:39:52.815864,0.0,0.0,3.7,0.0,0.0,0.0,2.0,27.56,13.56,0.51,0.509,STRAIGHT,1.5,1.5,"CMD,0.5,1.50",4.0,0.0124,1.918,0.023,1,0.9597,0,NORMAL,65.601,0.793,1,1,1,1,1,80.9,0,0,dijkstra,predict,0.30024,0,,,,,,0,,,,172601,90072,0
266,22.04974675178528,2026-03-06T01:39:52.849913,2.0,0.0,2.0,0.0,0.0,0.0,0.0,20.03,13.59,0.511,0.51,STRAIGHT,1.5,1.5,"CMD,0.5,1.50",4.0,0.0124,1.918,0.023,1,0.9597,0,NORMAL,66.58,0.715,1,1,1,1,1,75.9,0,0,dijkstra,predict,0.29357,0,,,,,,0,,,,172601,88071,0
267,22.223464488983154,2026-03-06T01:39:53.023630,115.95,0.0,6.45,13.76,2.0,0.0,0.0,155.69,12.77,0.52,0.511,STRAIGHT,1.5,1.5,"CMD,0.5,1.50",4.0,0.013,1.872,0.023,1,0.9746,0,NORMAL,66.507,0.689,1,1,1,1,1,93.6,70,4,dijkstra,graph,0.30496,0,,,,,,0,,,,169133,91199,1617
268,22.26013708114624,2026-03-06T01:39:53.060303,0.0,0.0,4.27,0.0,0.0,0.0,0.0,20.3,12.77,0.526,0.52,STRAIGHT,1.5,1.5,"CMD,0.5,1.50",4.0,0.013,1.872,0.023,1,0.9746,0,NORMAL,66.095,0.694,1,1,1,1,1,83.6,0,0,dijkstra,predict,0.30371,0,,,,,,0,,,,174958,91113,0
269,22.29592800140381,2026-03-06T01:39:53.096094,0.0,0.0,3.51,0.0,0.0,0.0,0.0,19.53,13.69,0.53,0.526,STRAIGHT,1.5,1.5,"CMD,0.5,1.50",4.0,0.013,1.872,0.023,1,0.9746,0,NORMAL,65.771,0.707,1,1,1,1,1,78.6,0,0,dijkstra,predict,0.30228,0,,,,,,0,,,,174958,90684,0
270,22.32997751235962,2026-03-06T01:39:53.130144,2.0,0.0,2.0,0.0,0.0,0.0,0.0,18.03,13.7,0.532,0.53,STRAIGHT,1.5,1.5,"CMD,0.5,1.50",4.0,0.013,1.872,0.023,1,0.9746,0,NORMAL,65.124,0.695,1,1,1,1,1,73.6,0,0,dijkstra,predict,0.29579,0,,,,,,0,,,,174958,88736,0
271,22.500108003616333,2026-03-06T01:39:53.300274,112.75,0.0,6.01,15.59,0.0,0.0,0.0,160.08,13.69,0.525,0.53,STRAIGHT,1.5,1.5,"CMD,0.5,1.50",4.0,0.0124,1.918,0.023,1,0.9745,0,NORMAL,64.982,0.697,1,1,1,1,1,95.9,68,3,dijkstra,graph,0.31845,0,,,,,,0,,,,171866,95225,1701
272,22.53217649459839,2026-03-06T01:39:53.332342,2.0,0.0,0.0,0.0,0.0,0.0,0.0,16.05,13.68,0.521,0.525,STRAIGHT,1.5,1.5,"CMD,0.5,1.50",4.0,0.0124,1.918,0.023,1,0.9745,0,NORMAL,64.626,0.68,1,1,1,1,1,85.9,0,0,dijkstra,predict,0.31768,0,,,,,,0,,,,175721,95304,0
273,22.576838731765747,2026-03-06T01:39:53.377005,0.0,0.0,5.02,0.0,0.0,0.0,0.0,23.05,13.68,0.518,0.521,STRAIGHT,1.5,1.5,"CMD,0.5,1.50",4.0,0.0124,1.918,0.023,1,0.9745,0,NORMAL,63.716,0.702,1,1,1,1,1,80.9,0,0,dijkstra,predict,0.31666,0,,,,,,0,,,,175721,94997,0
274,22.617066383361816,2026-03-06T01:39:53.417232,0.0,0.0,3.38,0.0,0.0,0.0,2.0,21.66,13.66,0.516,0.518,STRAIGHT,1.5,1.5,"CMD,0.5,1.50",4.0,0.0124,1.918,0.023,1,0.9745,0,NORMAL,63.457,0.719,1,1,1,1,1,75.9,0,0,dijkstra,predict,0.30998,0,,,,,,0,,,,175721,92995,0
275,22.790254592895508,2026-03-06T01:39:53.590421,114.31,0.0,6.01,13.3,2.0,0.0,0.0,160.17,13.64,0.507,0.516,STRAIGHT,1.5,1.5,"CMD,0.5,1.50",4.0,0.0118,1.963,0.023,1,0.9657,0,NORMAL,63.12,0.703,1,1,1,1,1,98.2,90,3,dijkstra,graph,0.33471,0,,,,,,0,,,,177524,100234,1858
276,22.82153558731079,2026-03-06T01:39:53.621701,0.0,0.0,0.0,0.0,0.0,0.0,0.0,16.26,13.67,0.501,0.507,STRAIGHT,1.5,1.5,"CMD,0.5,1.50",4.0,0.0118,1.963,0.023,1,0.9657,0,NORMAL,62.994,0.693,1,1,1,1,1,88.2,0,0,dijkstra,predict,0.33419,0,,,,,,0,,,,185213,100257,0
277,22.86561346054077,2026-03-06T01:39:53.665779,2.0,0.0,4.28,0.0,0.0,0.0,0.0,23.83,13.59,0.497,0.501,STRAIGHT,1.5,1.5,"CMD,0.5,1.50",4.0,0.0118,1.963,0.023,1,0.9657,0,NORMAL,62.39,0.707,1,1,1,1,1,83.2,0,0,dijkstra,predict,0.33314,0,,,,,,0,,,,185213,99943,0
278,22.903625011444092,2026-03-06T01:39:53.703791,1.74,0.0,2.0,0.0,0.0,0.0,0.0,20.25,13.61,0.494,0.497,STRAIGHT,1.5,1.5,"CMD,0.5,1.50",4.0,0.0118,1.963,0.023,1,0.9657,0,NORMAL,61.892,0.73,1,1,1,1,1,78.2,0,0,dijkstra,predict,0.32625,0,,,,,,0,,,,185213,97876,0
279,23.07590389251709,2026-03-06T01:39:53.876070,104.26,0.0,11.55,16.02,0.0,0.0,0.0,162.27,13.59,0.5,0.497,STRAIGHT,1.5,1.5,"CMD,0.5,1.50",4.0,0.0124,1.918,0.023,1,0.974,0,NORMAL,61.235,0.75,1,1,1,1,1,95.9,84,3,dijkstra,graph,0.34581,0,,,,,,0,,,,179996,103589,1870
280,23.110246658325195,2026-03-06T01:39:53.910413,2.77,0.0,2.0,0.0,0.0,0.0,0.0,18.32,13.6,0.504,0.5,STRAIGHT,1.5,1.5,"CMD,0.5,1.50",4.0,0.0124,1.918,0.023,1,0.974,0,NORMAL,60.34,0.795,1,1,1,1,1,85.9,0,0,dijkstra,predict,0.34545,0,,,,,,0,,,,184850,103636,0
281,23.14253067970276,2026-03-06T01:39:53.942696,1.01,0.0,0.0,0.0,0.0,0.0,0.0,16.45,13.6,0.507,0.504,STRAIGHT,1.5,1.5,"CMD,0.5,1.50",4.0,0.0124,1.918,0.023,1,0.974,0,NORMAL,60.801,0.757,1,1,1,1,1,80.9,0,0,dijkstra,predict,0.34434,0,,,,,,0,,,,184850,103302,0
282,23.185131788253784,2026-03-06T01:39:53.985298,0.0,0.0,3.97,0.0,0.0,0.0,0.0,20.31,13.62,0.508,0.507,STRAIGHT,1.5,1.5,"CMD,0.5,1.50",4.0,0.0124,1.918,0.023,1,0.974,0,NORMAL,60.654,0.769,1,1,1,1,1,75.9,0,0,dijkstra,predict,0.3375,0,,,,,,0,,,,184850,101250,0
283,23.352570056915283,2026-03-06T01:39:54.152736,115.72,0.0,7.56,12.12,0.0,0.0,0.0,153.42,13.6,0.502,0.507,STRAIGHT,1.5,1.5,"CMD,0.5,1.50",4.0,0.0118,1.963,0.023,1,0.9752,0,NORMAL,60.592,0.841,1,1,1,1,1,98.2,86,3,dijkstra,graph,0.35643,0,,,,,,0,,,,182281,106601,1598
284,23.397061347961426,2026-03-06T01:39:54.197227,2.0,0.0,2.0,0.0,0.0,0.0,0.0,24.38,13.56,0.498,0.502,STRAIGHT,1.5,1.5,"CMD,0.5,1.50",4.0,0.0118,1.963,0.023,1,0.9752,0,NORMAL,61.907,0.731,1,1,1,1,1,88.2,0,0,dijkstra,predict,0.3555,0,,,,,,0,,,,188308,106650,0
285,23.433677911758423,2026-03-06T01:39:54.233844,0.0,0.0,5.76,0.0,0.0,0.0,0.0,20.6,13.57,0.495,0.498,STRAIGHT,1.5,1.5,"CMD,0.5,1.50",4.0,0.0118,1.963,0.023,1,0.9752,0,NORMAL,62.584,0.693,1,1,1,1,1,83.2,0,0,dijkstra,predict,0.35438,0,,,,,,0,,,,188308,106313,0
286,23.473695516586304,2026-03-06T01:39:54.273861,0.0,0.0,4.01,0.0,0.0,0.0,0.0,21.81,13.54,0.493,0.495,STRAIGHT,1.5,1.5,"CMD,0.5,1.50",4.0,0.0118,1.963,0.023,1,0.9752,0,NORMAL,62.316,0.861,1,1,1,1,1,78.2,0,0,dijkstra,predict,0.3475,0,,,,,,0,,,,188308,104249,0
287,23.640762090682983,2026-03-06T01:39:54.440928,105.91,0.0,7.01,15.77,0.0,0.0,0.0,151.55,13.59,0.499,0.495,STRAIGHT,1.5,1.5,"CMD,0.5,1.50",4.0,0.0124,1.918,0.023,1,0.9661,0,NORMAL,64.32,0.703,1,1,1,1,1,95.9,85,2,dijkstra,graph,0.36293,0,,,,,,0,,,,183176,108598,1595
288,23.674854516983032,2026-03-06T01:39:54.475020,1.0,0.0,0.0,0.0,0.0,0.0,0.0,18.07,14.5,0.503,0.499,STRAIGHT,1.5,1.5,"CMD,0.5,1.50",4.0,0.0124,1.918,0.023,1,0.9661,0,NORMAL,64.412,0.643,1,1,1,1,1,85.9,0,0,dijkstra,predict,0.36223,0,,,,,,0,,,,186220,108670,0
289,23.715861320495605,2026-03-06T01:39:54.516027,0.0,0.0,6.07,0.0,0.0,0.0,0.0,30.93,14.46,0.506,0.503,STRAIGHT,1.5,1.5,"CMD,0.5,1.50",4.0,0.0124,1.918,0.023,1,0.9661,0,NORMAL,65.45,0.658,1,1,1,1,1,80.9,0,0,dijkstra,predict,0.36125,0,,,,,,0,,,,186220,108376,0
290,23.75631546974182,2026-03-06T01:39:54.556481,0.0,0.0,4.92,0.0,0.0,0.0,0.0,20.86,14.38,0.508,0.506,STRAIGHT,1.5,1.5,"CMD,0.5,1.50",4.0,0.0124,1.918,0.023,1,0.9661,0,NORMAL,64.766,0.643,1,1,1,1,1,75.9,0,0,dijkstra,predict,0.35503,0,,,,,,0,,,,186220,106509,0
291,23.916873931884766,2026-03-06T01:39:54.717040,110.57,0.0,6.01,10.42,0.0,0.0,0.0,145.03,13.57,0.518,0.508,STRAIGHT,1.5,1.5,"CMD,0.5,1.50",4.0,0.013,1.872,0.023,1,0.9559,0,NORMAL,64.956,0.635,1,1,1,1,1,93.6,80,2,dijkstra,graph,0.37864,0,,,,,,0,,,,187007,113372,1596
292,23.963255882263184,2026-03-06T01:39:54.763422,3.79,0.0,4.01,0.0,0.0,0.0,0.0,23.33,14.33,0.524,0.518,STRAIGHT,1.5,1.5,"CMD,0.5,1.50",4.0,0.013,1.872,0.023,1,0.9559,0,NORMAL,66.279,0.551,1,1,1,1,1,83.6,0,0,dijkstra,predict,0.37807,0,,,,,,0,,,,193419,113421,0
293,23.99950671195984,2026-03-06T01:39:54.799673,0.0,0.0,6.83,0.0,0.0,0.0,0.0,22.23,14.3,0.529,0.524,STRAIGHT,1.5,1.5,"CMD,0.5,1.50",4.0,0.013,1.872,0.023,1,0.9559,0,NORMAL,65.237,0.581,1,1,1,1,1,78.6,0,0,dijkstra,predict,0.37714,0,,,,,,0,,,,193419,113141,0
294,24.036221742630005,2026-03-06T01:39:54.836388,2.0,0.0,4.01,0.0,0.0,0.0,0.0,28.7,14.35,0.532,0.529,STRAIGHT,1.5,1.5,"CMD,0.5,1.50",4.0,0.013,1.872,0.023,1,0.9559,0,NORMAL,65.438,0.593,1,1,1,1,1,73.6,0,0,dijkstra,predict,0.37074,0,,,,,,0,,,,193419,111223,0
295,24.199859380722046,2026-03-06T01:39:55.000025,109.65,0.0,10.02,12.4,0.0,0.0,0.0,147.61,13.49,0.543,0.532,STRAIGHT,1.5,1.5,"CMD,0.5,1.50",4.0,0.0137,1.826,0.023,1,0.9545,0,NORMAL,66.185,0.514,1,1,1,1,1,91.3,91,2,dijkstra,graph,0.38682,0,,,,,,0,,,,188499,115769,1723
296,24.24577784538269,2026-03-06T01:39:55.045944,2.0,0.0,4.01,0.0,0.0,0.0,0.0,22.29,14.34,0.55,0.543,STRAIGHT,1.5,1.5,"CMD,0.5,1.50",4.0,0.0137,1.826,0.023,1,0.9545,0,NORMAL,66.688,0.445,1,1,1,1,1,81.3,0,0,dijkstra,predict,0.38604,0,,,,,,0,,,,196326,115813,0
297,24.282134771347046,2026-03-06T01:39:55.082301,2.49,0.0,2.0,0.0,0.0,0.0,0.0,22.34,14.34,0.555,0.55,STRAIGHT,1.5,1.5,"CMD,0.6,1.50",4.0,0.0137,1.826,0.023,1,0.9545,0,NORMAL,65.822,0.45,1,1,1,1,1,76.3,0,0,dijkstra,predict,0.38514,0,,,,,,0,,,,196326,115541,0
298,24.320461750030518,2026-03-06T01:39:55.120628,2.0,0.0,4.51,0.0,0.0,0.0,0.0,22.05,14.32,0.558,0.555,STRAIGHT,1.5,1.5,"CMD,0.6,1.50",4.0,0.0137,1.826,0.023,1,0.9545,0,NORMAL,66.013,0.452,1,1,1,1,1,71.3,0,0,dijkstra,predict,0.37872,0,,,,,,0,,,,196326,113616,0
299,24.490787506103516,2026-03-06T01:39:55.290954,108.49,0.0,0.0,10.02,0.0,0.0,0.0,154.65,13.42,0.57,0.558,STRAIGHT,1.5,1.5,"CMD,0.6,1.50",4.0,0.0144,1.781,0.023,1,0.968,0,NORMAL,66.153,0.399,1,1,1,1,1,89.0,85,2,dijkstra,graph,0.39196,0,,,,,,0,,,,189613,117376,1629
300,24.53157138824463,2026-03-06T01:39:55.331737,0.0,0.0,6.46,0.0,0.0,0.0,0.0,30.69,14.28,0.578,0.57,STRAIGHT,1.5,1.5,"CMD,0.6,1.50",4.0,0.0144,1.781,0.023,1,0.968,0,NORMAL,66.024,0.363,1,1,1,1,1,79.0,0,0,dijkstra,predict,0.39144,0,,,,,,0,,,,194888,117432,0
301,24.564196586608887,2026-03-06T01:39:55.364363,2.0,0.0,0.0,0.0,0.0,0.0,0.0,22.49,14.27,0.583,0.578,STRAIGHT,1.5,1.5,"CMD,0.6,1.50",4.0,0.0144,1.781,0.023,1,0.968,0,NORMAL,65.775,0.385,1,1,1,1,1,74.0,0,0,dijkstra,predict,0.39049,0,,,,,,0,,,,194888,117146,0
302,24.605273485183716,2026-03-06T01:39:55.405439,2.0,0.0,1.74,0.0,0.0,0.0,0.0,22.51,14.3,0.587,0.583,STRAIGHT,1.5,1.5,"CMD,0.6,1.50",4.0,0.0144,1.781,0.023,1,0.968,0,NORMAL,65.007,0.445,1,1,1,1,1,69.0,0,0,dijkstra,predict,0.3841,0,,,,,,0,,,,194888,115231,0
303,24.76503276824951,2026-03-06T01:39:55.565199,107.56,0.0,10.07,10.08,0.0,0.0,0.0,141.74,13.5,0.589,0.587,STRAIGHT,1.5,1.5,"CMD,0.6,1.50",4.0,0.0144,1.781,0.023,1,0.9666,0,NORMAL,65.009,0.449,1,1,1,1,1,89.0,66,2,dijkstra,graph,0.40335,0,,,,,,0,,,,190980,120875,1472
304,24.805564165115356,2026-03-06T01:39:55.605730,0.0,0.0,0.0,0.0,0.0,0.0,0.0,20.38,14.39,0.591,0.589,STRAIGHT,1.5,1.5,"CMD,0.6,1.50",4.0,0.0144,1.781,0.023,1,0.9666,0,NORMAL,64.743,0.466,1,1,1,1,1,79.0,0,0,dijkstra,predict,0.40315,0,,,,,,0,,,,193509,120945,0
305,24.846839666366577,2026-03-06T01:39:55.647006,0.0,0.0,4.69,0.0,0.0,0.0,0.0,20.97,14.32,0.592,0.591,STRAIGHT,1.5,1.5,"CMD,0.6,1.50",4.0,0.0144,1.781,0.023,1,0.9666,0,NORMAL,64.598,0.505,1,1,1,1,1,74.0,0,0,dijkstra,predict,0.40218,0,,,,,,0,,,,193509,120653,0
306,24.87918448448181,2026-03-06T01:39:55.679350,0.0,0.0,0.0,0.0,0.0,0.0,0.0,22.26,14.4,0.592,0.592,STRAIGHT,1.5,1.5,"CMD,0.6,1.50",4.0,0.0144,1.781,0.023,1,0.9666,0,NORMAL,64.268,0.521,1,1,1,1,1,69.0,0,0,dijkstra,predict,0.39602,0,,,,,,0,,,,193509,118806,0
307,25.047935724258423,2026-03-06T01:39:55.848102,106.17,0.0,0.0,24.27,2.0,0.0,0.0,148.46,13.52,0.593,0.592,STRAIGHT,1.5,1.5,"CMD,0.6,1.50",4.0,0.0144,1.781,0.023,1,0.9634,0,NORMAL,63.6,0.565,1,1,1,1,1,89.0,91,2,dijkstra,graph,0.42618,0,,,,,,0,,,,197611,127747,1778
308,25.08202576637268,2026-03-06T01:39:55.882192,0.0,0.0,0.0,0.0,0.0,0.0,0.0,18.07,14.44,0.593,0.593,STRAIGHT,1.5,1.5,"CMD,0.6,1.50",4.0,0.0144,1.781,0.023,1,0.9634,0,NORMAL,63.469,0.569,1,1,1,1,1,79.0,0,0,dijkstra,predict,0.42599,0,,,,,,0,,,,201925,127796,0
309,25.12619948387146,2026-03-06T01:39:55.926366,1.83,0.0,0.0,0.0,0.0,0.0,0.0,25.69,14.39,0.593,0.593,STRAIGHT,1.5,1.5,"CMD,0.6,1.50",4.0,0.0144,1.781,0.023,1,0.9634,0,NORMAL,63.13,0.593,1,1,1,1,1,74.0,0,0,dijkstra,predict,0.42498,0,,,,,,0,,,,201925,127495,0
310,25.169111728668213,2026-03-06T01:39:55.969278,0.0,0.0,5.89,0.0,0.0,0.0,0.0,28.3,14.31,0.593,0.593,STRAIGHT,1.5,1.5,"CMD,0.6,1.50",4.0,0.0144,1.781,0.023,1,0.9634,0,NORMAL,63.293,0.541,1,1,1,1,1,69.0,0,0,dijkstra,predict,0.41847,0,,,,,,0,,,,201925,125541,0
311,25.34261131286621,2026-03-06T01:39:56.142777,112.83,0.0,0.0,20.17,0.0,0.0,0.0,161.48,13.43,0.594,0.593,STRAIGHT,1.5,1.5,"CMD,0.6,1.50",4.0,0.0144,1.781,0.023,1,0.9723,0,NORMAL,63.288,0.48,1,1,1,1,1,89.0,174,4,dijkstra,graph,0.43876,0,,,,,,0,,,,200824,131508,2264
312,25.383469343185425,2026-03-06T01:39:56.183635,1.01,0.0,0.0,0.0,0.0,0.0,0.0,20.42,14.28,0.594,0.594,STRAIGHT,1.5,1.5,"CMD,0.6,1.50",4.0,0.0144,1.781,0.023,1,0.9723,0,NORMAL,63.044,0.464,1,1,1,1,1,79.0,0,0,dijkstra,predict,0.43864,0,,,,,,0,,,,207210,131593,0
313,25.41800045967102,2026-03-06T01:39:56.218166,0.0,0.0,0.0,0.0,0.0,0.0,0.0,14.02,14.35,0.594,0.594,STRAIGHT,1.5,1.5,"CMD,0.6,1.50",4.0,0.0144,1.781,0.023,1,0.9723,0,NORMAL,62.837,0.451,1,1,1,1,1,74.0,0,0,dijkstra,predict,0.43746,0,,,,,,0,,,,207210,131239,0
314,25.458808660507202,2026-03-06T01:39:56.258974,2.0,0.0,2.0,0.0,0.0,0.0,0.0,24.22,14.31,0.594,0.594,STRAIGHT,1.5,1.5,"CMD,0.6,1.50",4.0,0.0144,1.781,0.023,1,0.9723,0,NORMAL,62.704,0.443,1,1,1,1,1,69.0,0,0,dijkstra,predict,0.43093,0,,,,,,0,,,,207210,129279,0
315,25.637067317962646,2026-03-06T01:39:56.437233,109.67,0.0,8.01,16.43,0.0,0.0,0.0,160.23,13.41,0.594,0.594,STRAIGHT,1.5,1.5,"CMD,0.6,1.50",4.0,0.0144,1.781,0.023,1,0.9684,0,NORMAL,62.381,0.453,1,1,1,1,1,89.0,150,6,dijkstra,graph,0.45996,0,,,,,,0,,,,205603,137591,2472
316,25.675499439239502,2026-03-06T01:39:56.475665,2.05,0.0,2.0,0.0,0.0,0.0,0.0,28.33,14.25,0.594,0.594,STRAIGHT,1.5,1.5,"CMD,0.6,1.50",4.0,0.0144,1.781,0.023,1,0.9684,0,NORMAL,62.09,0.455,1,1,1,1,1,79.0,0,0,dijkstra,predict,0.45896,0,,,,,,0,,,,213220,137687,0
317,25.707541704177856,2026-03-06T01:39:56.507708,0.0,0.0,0.0,0.0,0.0,0.0,0.0,16.02,14.27,0.594,0.594,STRAIGHT,1.5,1.5,"CMD,0.6,1.50",4.0,0.0144,1.781,0.023,1,0.9684,0,NORMAL,62.552,0.443,1,1,1,1,1,74.0,0,0,dijkstra,predict,0.45776,0,,,,,,0,,,,213220,137327,0
318,25.749958515167236,2026-03-06T01:39:56.550124,2.0,0.0,0.0,0.0,0.0,0.0,0.0,16.02,14.26,0.594,0.594,STRAIGHT,1.5,1.5,"CMD,0.6,1.50",4.0,0.0144,1.781,0.023,1,0.9684,0,NORMAL,62.051,0.426,1,1,1,1,1,69.0,0,0,dijkstra,predict,0.4511,0,,,,,,0,,,,213220,135331,0
319,25.93743920326233,2026-03-06T01:39:56.737605,106.43,0.0,10.34,32.13,2.0,0.0,0.0,169.37,13.3,0.594,0.594,STRAIGHT,1.5,1.5,"CMD,0.6,1.50",4.0,0.0144,1.781,0.023,1,0.9591,0,NORMAL,61.273,0.451,1,1,1,1,1,89.0,171,7,dijkstra,graph,0.48446,0,,,,,,0,,,,212434,144993,2620
320,25.977617025375366,2026-03-06T01:39:56.777783,0.0,0.0,6.14,0.0,0.0,0.0,0.0,22.16,14.07,0.594,0.594,STRAIGHT,1.5,1.5,"CMD,0.6,1.50",4.0,0.0144,1.781,0.023,1,0.9591,0,NORMAL,60.62,0.492,1,1,1,1,1,79.0,0,0,dijkstra,predict,0.48355,0,,,,,,0,,,,217331,145065,0
321,26.017385005950928,2026-03-06T01:39:56.817551,1.5,0.0,0.0,0.0,0.0,0.0,0.0,21.74,14.12,0.594,0.594,STRAIGHT,1.5,1.5,"CMD,0.6,1.50",4.0,0.0144,1.781,0.023,1,0.9591,0,NORMAL,60.446,0.545,1,1,1,1,1,74.0,0,0,dijkstra,predict,0.48233,0,,,,,,0,,,,217331,144700,0
322,26.052407264709473,2026-03-06T01:39:56.852573,2.0,0.0,0.0,0.0,0.0,0.0,0.0,19.55,14.13,0.594,0.594,STRAIGHT,1.5,1.5,"CMD,0.6,1.50",4.0,0.0144,1.781,0.023,1,0.9591,0,NORMAL,59.829,0.561,1,1,1,1,1,69.0,0,0,dijkstra,predict,0.47548,0,,,,,,0,,,,217331,142645,0
323,26.23466944694519,2026-03-06T01:39:57.034835,108.68,0.0,0.0,34.99,2.0,0.0,0.0,161.65,13.19,0.584,0.594,STRAIGHT,1.5,1.5,"CMD,0.6,1.50",4.0,0.0137,1.826,0.023,1,0.9386,0,NORMAL,59.684,0.573,1,1,1,1,1,91.3,172,11,dijkstra,graph,0.51924,0,,,,,,0,,,,225111,155568,3225
324,26.27294111251831,2026-03-06T01:39:57.073107,0.0,0.0,4.48,0.0,0.0,0.0,0.0,20.51,13.99,0.578,0.584,STRAIGHT,1.5,1.5,"CMD,0.6,1.50",4.0,0.0137,1.826,0.023,1,0.9386,0,NORMAL,59.357,0.569,1,1,1,1,1,81.3,0,0,dijkstra,predict,0.51815,0,,,,,,0,,,,231642,155445,0
325,26.306851625442505,2026-03-06T01:39:57.107018,0.0,0.0,0.0,0.0,0.0,0.0,0.0,18.15,14.07,0.573,0.578,STRAIGHT,1.5,1.5,"CMD,0.6,1.50",4.0,0.0137,1.826,0.023,1,0.9386,0,NORMAL,59.278,0.565,1,1,1,1,1,76.3,0,0,dijkstra,predict,0.51663,0,,,,,,0,,,,231642,154988,0
326,26.346940517425537,2026-03-06T01:39:57.147106,0.0,0.0,2.0,0.0,0.0,0.0,0.0,16.02,14.04,0.571,0.573,STRAIGHT,1.5,1.5,"CMD,0.6,1.50",4.0,0.0137,1.826,0.023,1,0.9386,0,NORMAL,59.12,0.542,1,1,1,1,1,71.3,0,0,dijkstra,predict,0.50891,0,,,,,,0,,,,231642,152672,0
327,26.544180393218994,2026-03-06T01:39:57.344346,119.11,0.0,8.01,28.23,0.0,0.0,0.0,177.03,13.04,0.56,0.571,STRAIGHT,1.5,1.5,"CMD,0.6,1.50",4.0,0.013,1.872,0.023,1,0.9716,0,NORMAL,58.847,0.58,1,1,1,1,1,93.6,151,10,dijkstra,graph,0.51764,0,,,,,,0,,,,225170,155071,2737
328,26.580418586730957,2026-03-06T01:39:57.380585,0.0,0.0,2.6,0.0,0.0,0.0,0.0,18.22,13.88,0.552,0.56,STRAIGHT,1.5,1.5,"CMD,0.6,1.50",4.0,0.013,1.872,0.023,1,0.9716,0,NORMAL,58.506,0.611,1,1,1,1,1,83.6,0,0,dijkstra,predict,0.51693,0,,,,,,0,,,,232411,155080,0
329,26.620702266693115,2026-03-06T01:39:57.420868,0.0,0.0,4.17,0.0,0.0,0.0,0.0,20.15,13.88,0.547,0.552,STRAIGHT,1.5,1.5,"CMD,0.6,1.50",4.0,0.013,1.872,0.023,1,0.9716,0,NORMAL,58.452,0.618,1,1,1,1,1,78.6,0,0,dijkstra,predict,0.51525,0,,,,,,0,,,,232411,154575,0
330,26.663626194000244,2026-03-06T01:39:57.463792,2.0,0.0,2.0,0.0,0.0,0.0,0.0,22.41,13.81,0.544,0.547,STRAIGHT,1.5,1.5,"CMD,0.5,1.50",4.0,0.013,1.872,0.023,1,0.9716,0,NORMAL,58.111,0.644,1,1,1,1,1,73.6,0,0,dijkstra,predict,0.50787,0,,,,,,0,,,,232411,152361,0
331,26.84675884246826,2026-03-06T01:39:57.646925,113.55,0.0,8.01,26.04,0.0,0.0,0.0,165.62,12.94,0.542,0.544,STRAIGHT,1.5,1.5,"CMD,0.5,1.50",4.0,0.013,1.872,0.023,1,0.9668,0,NORMAL,58.221,0.653,1,1,1,1,1,93.6,158,9,dijkstra,graph,0.51605,0,,,,,,0,,,,224677,154500,2868
332,26.883068799972534,2026-03-06T01:39:57.683235,2.77,0.0,1.5,0.0,0.0,0.0,0.0,18.29,13.69,0.54,0.542,STRAIGHT,1.5,1.5,"CMD,0.5,1.50",4.0,0.013,1.872,0.023,1,0.9668,0,NORMAL,58.171,0.656,1,1,1,1,1,83.6,0,0,dijkstra,predict,0.515,0,,,,,,0,,,,229832,154499,0
333,26.91647958755493,2026-03-06T01:39:57.716646,0.0,0.0,0.0,0.0,0.0,0.0,0.0,15.76,13.74,0.539,0.54,STRAIGHT,1.5,1.5,"CMD,0.5,1.50",4.0,0.013,1.872,0.023,1,0.9668,0,NORMAL,58.373,0.641,1,1,1,1,1,78.6,0,0,dijkstra,predict,0.51337,0,,,,,,0,,,,229832,154011,0
334,26.953025341033936,2026-03-06T01:39:57.753191,0.0,0.0,0.0,0.0,0.0,0.0,0.0,19.73,13.77,0.539,0.539,STRAIGHT,1.5,1.5,"CMD,0.5,1.50",4.0,0.013,1.872,0.023,1,0.9668,0,NORMAL,58.427,0.653,1,1,1,1,1,73.6,0,0,dijkstra,predict,0.5059,0,,,,,,0,,,,229832,151769,0
335,27.141966581344604,2026-03-06T01:39:57.942132,114.6,0.0,7.27,23.56,2.0,0.0,0.0,167.28,12.82,0.538,0.539,STRAIGHT,1.5,1.5,"CMD,0.5,1.50",4.0,0.013,1.872,0.023,1,0.9617,0,NORMAL,58.614,0.634,1,1,1,1,1,93.6,158,8,dijkstra,graph,0.51473,0,,,,,,0,,,,227226,154148,2842
336,27.184048175811768,2026-03-06T01:39:57.984214,2.0,0.0,0.0,0.0,0.0,0.0,0.0,22.06,13.58,0.538,0.538,STRAIGHT,1.5,1.5,"CMD,0.5,1.50",4.0,0.013,1.872,0.023,1,0.9617,0,NORMAL,58.377,0.592,1,1,1,1,1,83.6,0,0,dijkstra,predict,0.51364,0,,,,,,0,,,,232130,154092,0
337,27.220160007476807,2026-03-06T01:39:58.020326,2.02,0.0,2.0,0.0,0.0,0.0,0.0,20.04,13.56,0.538,0.538,STRAIGHT,1.5,1.5,"CMD,0.5,1.50",4.0,0.013,1.872,0.023,1,0.9617,0,NORMAL,58.34,0.596,1,1,1,1,1,78.6,0,0,dijkstra,predict,0.51163,0,,,,,,0,,,,232130,153489,0
338,27.26395034790039,2026-03-06T01:39:58.064116,2.88,0.0,2.0,0.0,0.0,0.0,0.0,29.56,13.57,0.538,0.538,STRAIGHT,1.5,1.5,"CMD,0.5,1.50",4.0,0.013,1.872,0.023,1,0.9617,0,NORMAL,58.067,0.558,1,1,1,1,1,73.6,0,0,dijkstra,predict,0.50404,0,,,,,,0,,,,232130,151212,0
339,27.457956314086914,2026-03-06T01:39:58.258122,120.31,0.0,12.17,26.34,0.0,0.0,0.0,182.94,12.67,0.538,0.538,STRAIGHT,1.5,1.5,"CMD,0.5,1.50",4.0,0.013,1.872,0.023,1,0.969,0,NORMAL,56.873,0.518,1,1,1,1,1,93.6,146,9,dijkstra,graph,0.51076,0,,,,,,0,,,,229364,153060,2967
340,27.508936643600464,2026-03-06T01:39:58.309103,2.0,0.0,0.0,0.0,0.0,0.0,0.0,23.19,13.39,0.538,0.538,STRAIGHT,1.5,1.5,"CMD,0.5,1.50",4.0,0.013,1.872,0.023,1,0.969,0,NORMAL,54.853,0.468,1,1,1,1,1,83.6,0,0,dijkstra,predict,0.51004,0,,,,,,0,,,,234229,153012,0
341,27.554099321365356,2026-03-06T01:39:58.354265,10.49,0.0,2.0,0.0,0.0,0.0,0.0,22.59,13.37,0.538,0.538,STRAIGHT,1.5,1.5,"CMD,0.5,1.50",4.0,0.013,1.872,0.023,1,0.969,0,NORMAL,53.532,0.426,1,1,1,1,1,78.6,0,0,dijkstra,predict,0.50766,0,,,,,,0,,,,234229,152299,0
342,27.590441465377808,2026-03-06T01:39:58.390607,2.17,0.0,4.01,0.0,0.0,0.0,0.0,20.33,13.35,0.537,0.538,STRAIGHT,1.5,1.5,"CMD,0.5,1.50",4.0,0.013,1.872,0.023,1,0.969,0,NORMAL,51.274,0.381,1,1,1,1,1,73.6,0,0,dijkstra,predict,0.49987,0,,,,,,0,,,,234229,149962,0
343,27.76186490058899,2026-03-06T01:39:58.562031,116.43,0.0,4.17,20.4,0.0,0.0,0.0,151.29,12.59,0.537,0.537,STRAIGHT,1.5,1.5,"CMD,0.5,1.50",4.0,0.013,1.872,0.023,1,0.9185,0,NORMAL,51.276,0.412,1,1,1,1,1,93.6,114,9,dijkstra,graph,0.50089,0,,,,,,0,,,,239868,149993,2951
344,27.805814743041992,2026-03-06T01:39:58.605981,0.0,0.0,0.0,0.0,0.0,0.0,0.0,23.82,13.37,0.537,0.537,STRAIGHT,1.5,1.5,"CMD,0.5,1.50",4.0,0.013,1.872,0.023,1,0.9185,0,NORMAL,51.318,0.432,1,1,1,1,1,83.6,0,0,dijkstra,predict,0.4999,0,,,,,,0,,,,245928,149971,0
345,27.843052864074707,2026-03-06T01:39:58.643219,2.47,0.0,0.0,0.0,0.0,0.0,0.0,16.22,13.38,0.537,0.537,STRAIGHT,1.5,1.5,"CMD,0.5,1.50",4.0,0.013,1.872,0.023,1,0.9185,0,NORMAL,50.784,0.369,1,1,1,1,1,78.6,0,0,dijkstra,predict,0.49662,0,,,,,,0,,,,245928,148986,0
346,27.877396821975708,2026-03-06T01:39:58.677563,0.0,0.0,0.0,0.0,0.0,0.0,0.0,14.11,13.36,0.537,0.537,STRAIGHT,1.5,1.5,"CMD,0.5,1.50",4.0,0.013,1.872,0.023,1,0.9185,0,NORMAL,50.562,0.356,1,1,1,1,1,73.6,0,0,dijkstra,predict,0.48924,0,,,,,,0,,,,245928,146772,0
347,28.049586296081543,2026-03-06T01:39:58.849752,101.74,0.0,10.1,22.47,0.0,0.0,0.0,155.76,12.61,0.537,0.537,STRAIGHT,1.5,1.5,"CMD,0.5,1.50",4.0,0.013,1.872,0.023,1,0.8986,0,NORMAL,50.781,0.373,1,1,1,1,1,93.6,124,8,dijkstra,graph,0.47857,0,,,,,,0,,,,228953,143319,2903
348,28.086282968521118,2026-03-06T01:39:58.886449,0.0,0.0,3.19,0.0,0.0,0.0,0.0,20.61,13.5,0.537,0.537,STRAIGHT,1.5,1.5,"CMD,0.5,1.50",4.0,0.013,1.872,0.023,1,0.8986,0,NORMAL,50.901,0.395,1,1,1,1,1,83.6,0,0,dijkstra,predict,0.47808,0,,,,,,0,,,,235376,143425,0
349,28.121587991714478,2026-03-06T01:39:58.921754,5.42,0.0,0.0,0.0,0.0,0.0,0.0,15.44,13.53,0.537,0.537,STRAIGHT,1.5,1.5,"CMD,0.5,1.50",4.0,0.013,1.872,0.023,1,0.8986,0,NORMAL,51.109,0.433,1,1,1,1,1,78.6,0,0,dijkstra,predict,0.47573,0,,,,,,0,,,,235376,142718,0
350,28.157071590423584,2026-03-06T01:39:58.957238,1.74,0.0,0.0,0.0,0.0,0.0,0.0,16.43,13.55,0.537,0.537,STRAIGHT,1.5,1.5,"CMD,0.5,1.50",4.0,0.013,1.872,0.023,1,0.8986,0,NORMAL,51.385,0.468,1,1,1,1,1,73.6,0,0,dijkstra,predict,0.46786,0,,,,,,0,,,,235376,140358,0
351,28.329140424728394,2026-03-06T01:39:59.129307,107.41,0.0,0.0,10.37,10.13,0.0,0.0,151.99,12.74,0.537,0.537,STRAIGHT,1.5,1.5,"CMD,0.5,1.50",4.0,0.013,1.872,0.023,1,0.9226,0,NORMAL,51.646,0.455,1,1,1,1,1,93.6,110,8,dijkstra,graph,0.46738,0,,,,,,0,,,,231899,140087,2827
352,28.36993908882141,2026-03-06T01:39:59.170105,0.0,0.0,10.5,0.0,0.0,0.0,0.0,20.51,13.58,0.537,0.537,STRAIGHT,1.5,1.5,"CMD,0.5,1.50",4.0,0.013,1.872,0.023,1,0.9226,0,NORMAL,51.81,0.462,1,1,1,1,1,83.6,0,0,dijkstra,predict,0.46683,0,,,,,,0,,,,234687,140048,0
353,28.410765171051025,2026-03-06T01:39:59.210931,0.0,0.0,4.77,0.0,0.0,0.0,0.0,20.6,13.57,0.537,0.537,STRAIGHT,1.5,1.5,"CMD,0.5,1.50",4.0,0.013,1.872,0.023,1,0.9226,0,NORMAL,52.18,0.522,1,1,1,1,1,78.6,0,0,dijkstra,predict,0.46454,0,,,,,,0,,,,234687,139361,0
354,28.442808628082275,2026-03-06T01:39:59.242975,0.0,0.0,0.0,0.0,0.0,0.0,0.0,14.02,13.58,0.537,0.537,STRAIGHT,1.5,1.5,"CMD,0.5,1.50",4.0,0.013,1.872,0.023,1,0.9226,0,NORMAL,52.177,0.594,1,1,1,1,1,73.6,0,0,dijkstra,predict,0.45646,0,,,,,,0,,,,234687,136939,0
355,28.613918781280518,2026-03-06T01:39:59.414085,111.33,0.0,8.01,12.46,0.0,0.0,0.0,152.62,12.79,0.529,0.537,STRAIGHT,1.5,1.5,"CMD,0.5,1.50",4.0,0.0124,1.918,0.023,1,0.9485,0,NORMAL,52.492,0.583,1,1,1,1,1,95.9,89,8,dijkstra,graph,0.46973,0,,,,,,0,,,,230608,140739,2502
356,28.66534447669983,2026-03-06T01:39:59.465510,0.0,0.0,5.23,0.0,0.0,0.0,0.0,31.08,13.67,0.523,0.529,STRAIGHT,1.5,1.5,"CMD,0.5,1.50",4.0,0.0124,1.918,0.023,1,0.9485,0,NORMAL,52.472,0.629,1,1,1,1,1,85.9,0,0,dijkstra,predict,0.46871,0,,,,,,0,,,,233030,140612,0
357,28.69580388069153,2026-03-06T01:39:59.495970,0.0,0.0,0.0,0.0,0.0,0.0,0.0,16.44,13.71,0.52,0.523,STRAIGHT,1.5,1.5,"CMD,0.5,1.50",4.0,0.0124,1.918,0.023,1,0.9485,0,NORMAL,52.738,0.653,1,1,1,1,1,80.9,0,0,dijkstra,predict,0.46686,0,,,,,,0,,,,233030,140059,0
358,28.736271858215332,2026-03-06T01:39:59.536438,0.0,0.0,0.0,0.0,0.0,0.0,0.0,16.02,13.71,0.517,0.52,STRAIGHT,1.5,1.5,"CMD,0.5,1.50",4.0,0.0124,1.918,0.023,1,0.9485,0,NORMAL,52.952,0.686,1,1,1,1,1,75.9,0,0,dijkstra,predict,0.45895,0,,,,,,0,,,,233030,137685,0
359,28.910269021987915,2026-03-06T01:39:59.710435,107.34,0.0,6.86,10.02,0.0,0.0,0.0,153.1,12.91,0.515,0.517,STRAIGHT,1.5,1.5,"CMD,0.5,1.50",4.0,0.0124,1.918,0.023,1,0.957,0,NORMAL,53.035,0.699,1,1,1,1,1,95.9,102,7,dijkstra,graph,0.45318,0,,,,,,0,,,,224078,135659,2716
360,28.947571754455566,2026-03-06T01:39:59.747738,2.0,0.0,2.75,0.0,0.0,0.0,0.0,18.52,13.8,0.514,0.515,STRAIGHT,1.5,1.5,"CMD,0.5,1.50",4.0,0.0124,1.918,0.023,1,0.957,0,NORMAL,53.284,0.676,1,1,1,1,1,85.9,0,0,dijkstra,predict,0.45251,0,,,,,,0,,,,227972,135754,0
361,28.981541872024536,2026-03-06T01:39:59.781708,0.0,0.0,0.0,0.0,0.0,0.0,0.0,14.49,13.82,0.513,0.514,STRAIGHT,1.5,1.5,"CMD,0.5,1.50",4.0,0.0124,1.918,0.023,1,0.957,0,NORMAL,53.64,0.672,1,1,1,1,1,80.9,0,0,dijkstra,predict,0.45074,0,,,,,,0,,,,227972,135222,0
362,29.021612882614136,2026-03-06T01:39:59.821779,2.0,0.0,1.74,0.0,0.0,0.0,0.0,18.38,13.78,0.513,0.513,STRAIGHT,1.5,1.5,"CMD,0.5,1.50",4.0,0.0124,1.918,0.023,1,0.957,0,NORMAL,53.817,0.697,1,1,1,1,1,75.9,0,0,dijkstra,predict,0.44272,0,,,,,,0,,,,227972,132815,0
363,29.196410655975342,2026-03-06T01:39:59.996577,113.45,0.0,7.01,16.02,2.0,0.0,0.0,164.66,12.93,0.521,0.513,STRAIGHT,1.5,1.5,"CMD,0.5,1.50",4.0,0.013,1.872,0.023,1,0.9625,0,NORMAL,54.037,0.745,1,1,1,1,1,93.6,96,6,dijkstra,graph,0.43998,0,,,,,,0,,,,215976,131651,2537
364,29.235027551651,2026-03-06T01:40:00.035193,0.0,0.0,0.0,0.0,0.0,0.0,5.55,20.38,13.86,0.527,0.521,STRAIGHT,1.5,1.5,"CMD,0.5,1.50",4.0,0.013,1.872,0.023,1,0.9625,0,NORMAL,54.029,0.768,1,1,1,1,1,83.6,0,0,dijkstra,predict,0.4388,0,,,,,,0,,,,219428,131641,0
365,29.271060943603516,2026-03-06T01:40:00.071227,0.0,0.0,6.17,0.0,0.0,0.0,0.0,20.14,13.9,0.53,0.527,STRAIGHT,1.5,1.5,"CMD,0.5,1.50",4.0,0.013,1.872,0.023,1,0.9625,0,NORMAL,54.002,0.778,1,1,1,1,1,78.6,0,0,dijkstra,predict,0.43745,0,,,,,,0,,,,219428,131234,0
366,29.31534719467163,2026-03-06T01:40:00.115513,0.0,0.0,9.67,0.0,0.0,0.0,0.0,30.25,13.84,0.533,0.53,STRAIGHT,1.5,1.5,"CMD,0.5,1.50",4.0,0.013,1.872,0.023,1,0.9625,0,NORMAL,54.365,0.581,1,1,1,1,1,73.6,0,0,dijkstra,predict,0.42952,0,,,,,,0,,,,219428,128855,0
367,29.48611831665039,2026-03-06T01:40:00.286284,116.27,0.0,8.01,12.23,0.0,0.0,0.0,152.75,13.05,0.526,0.53,STRAIGHT,1.5,1.5,"CMD,0.5,1.50",4.0,0.0124,1.918,0.023,1,0.8911,0,NORMAL,54.569,0.494,1,1,1,1,1,95.9,48,4,dijkstra,graph,0.41514,0,,,,,,0,,,,193348,124214,2139
368,29.526512384414673,2026-03-06T01:40:00.326678,0.0,0.0,4.08,0.0,0.0,0.0,0.0,20.24,14.02,0.521,0.526,STRAIGHT,1.5,1.5,"CMD,0.5,1.50",4.0,0.0124,1.918,0.023,1,0.8911,0,NORMAL,53.982,0.556,1,1,1,1,1,85.9,0,0,dijkstra,predict,0.4142,0,,,,,,0,,,,196406,124260,0
369,29.565163135528564,2026-03-06T01:40:00.365329,2.0,0.0,2.0,0.0,0.0,0.0,0.0,24.28,14.1,0.518,0.521,STRAIGHT,1.5,1.5,"CMD,0.5,1.50",4.0,0.0124,1.918,0.023,1,0.8911,0,NORMAL,53.204,0.596,1,1,1,1,1,80.9,0,0,dijkstra,predict,0.41316,0,,,,,,0,,,,196406,123948,0
370,29.60120415687561,2026-03-06T01:40:00.401370,1.0,0.0,4.01,0.0,0.0,0.0,0.0,20.02,14.15,0.516,0.518,STRAIGHT,1.5,1.5,"CMD,0.5,1.50",4.0,0.0124,1.918,0.023,1,0.8911,0,NORMAL,52.458,0.586,1,1,1,1,1,75.9,0,0,dijkstra,predict,0.40734,0,,,,,,0,,,,196406,122202,0
371,29.770150661468506,2026-03-06T01:40:00.570317,110.98,0.0,7.75,14.02,0.0,0.0,0.0,150.92,13.3,0.542,0.518,STRAIGHT,1.5,1.5,"CMD,0.5,1.50",4.0,0.0144,1.781,0.023,1,0.9122,0,NORMAL,51.956,0.612,1,1,1,1,1,89.0,80,3,dijkstra,graph,0.37479,0,,,,,,0,,,,186300,112103,1801
372,29.801856994628906,2026-03-06T01:40:00.602023,0.0,0.0,0.0,0.0,0.0,0.0,0.0,13.69,14.22,0.559,0.542,STRAIGHT,1.5,1.5,"CMD,0.5,1.50",4.0,0.0144,1.781,0.023,1,0.9122,0,NORMAL,51.519,0.629,1,1,1,1,1,79.0,0,0,dijkstra,predict,0.37486,0,,,,,,0,,,,188653,112459,0
373,29.844412088394165,2026-03-06T01:40:00.644578,2.0,0.0,2.0,0.0,0.0,0.0,0.0,20.18,14.23,0.571,0.559,STRAIGHT,1.5,1.5,"CMD,0.6,1.50",4.0,0.0144,1.781,0.023,1,0.9122,0,NORMAL,51.049,0.627,1,1,1,1,1,74.0,0,0,dijkstra,predict,0.37312,0,,,,,,0,,,,188653,111935,0
374,29.882946729660034,2026-03-06T01:40:00.683113,2.0,0.0,2.0,0.0,0.0,0.0,0.0,24.52,14.22,0.578,0.571,STRAIGHT,1.5,1.5,"CMD,0.6,1.50",4.0,0.0144,1.781,0.023,1,0.9122,0,NORMAL,50.652,0.646,1,1,1,1,1,69.0,0,0,dijkstra,predict,0.36716,0,,,,,,0,,,,188653,110149,0
375,30.039299249649048,2026-03-06T01:40:00.839465,107.96,0.0,4.1,10.3,0.0,0.0,0.0,150.34,13.41,0.594,0.578,STRAIGHT,1.5,1.5,"CMD,0.6,1.50",4.0,0.0152,1.735,0.023,1,0.9586,0,NORMAL,50.377,0.634,1,1,1,1,1,86.8,69,3,dijkstra,graph,0.35833,0,,,,,,0,,,,184689,107227,1827
376,30.08652377128601,2026-03-06T01:40:00.886690,2.0,0.0,4.98,0.0,0.0,0.0,0.0,27.08,14.24,0.605,0.594,STRAIGHT,1.5,1.5,"CMD,0.6,1.50",4.0,0.0152,1.735,0.023,1,0.9586,0,NORMAL,50.154,0.636,1,1,1,1,1,76.8,0,0,dijkstra,predict,0.35781,0,,,,,,0,,,,186441,107344,0
377,30.12265658378601,2026-03-06T01:40:00.922823,0.0,0.0,5.47,0.0,0.0,0.0,0.0,22.59,14.24,0.612,0.605,STRAIGHT,1.5,1.5,"CMD,0.6,1.50",4.0,0.0152,1.735,0.023,1,0.9586,0,NORMAL,50.024,0.652,1,1,1,1,1,71.8,0,0,dijkstra,predict,0.35671,0,,,,,,0,,,,186441,107012,0
378,30.158539056777954,2026-03-06T01:40:00.958705,0.0,0.0,5.51,0.0,0.0,0.0,0.0,19.86,14.24,0.616,0.612,STRAIGHT,1.5,1.5,"CMD,0.6,1.50",4.0,0.0152,1.735,0.023,1,0.9586,0,NORMAL,50.016,0.644,1,1,1,1,1,66.8,0,0,dijkstra,predict,0.3502,0,,,,,,0,,,,186441,105059,0
379,30.322692155838013,2026-03-06T01:40:01.122858,112.12,0.0,6.8,13.52,0.0,0.0,0.0,150.13,13.39,0.631,0.616,STRAIGHT,1.5,1.5,"CMD,0.6,1.50",4.0,0.016,1.689,0.023,1,0.9385,0,NORMAL,50.137,0.622,1,1,1,1,1,84.5,76,3,dijkstra,graph,0.32837,0,,,,,,0,,,,173385,98239,1808
380,30.36147904396057,2026-03-06T01:40:01.161645,1.74,0.0,0.0,0.0,0.0,0.0,0.0,18.47,14.27,0.641,0.631,STRAIGHT,1.5,1.5,"CMD,0.6,1.50",4.0,0.016,1.689,0.023,1,0.9385,0,NORMAL,50.374,0.622,1,1,1,1,1,74.5,0,0,dijkstra,predict,0.32809,0,,,,,,0,,,,175180,98427,0
381,30.397908926010132,2026-03-06T01:40:01.198075,3.93,0.0,0.0,0.0,0.0,0.0,0.0,26.35,14.3,0.647,0.641,STRAIGHT,1.5,1.5,"CMD,0.6,1.50",4.0,0.016,1.689,0.023,1,0.9385,0,NORMAL,50.749,0.574,1,1,1,1,1,69.5,0,0,dijkstra,predict,0.32681,0,,,,,,0,,,,175180,98043,0
382,30.43319535255432,2026-03-06T01:40:01.233361,1.74,0.0,0.0,0.0,0.0,0.0,0.0,20.71,14.34,0.651,0.647,STRAIGHT,1.5,1.5,"CMD,0.6,1.50",4.0,0.016,1.689,0.023,1,0.9385,0,NORMAL,51.235,0.56,1,1,1,1,1,64.5,0,0,dijkstra,predict,0.32095,0,,,,,,0,,,,175180,96285,0
383,30.594067335128784,2026-03-06T01:40:01.394233,110.82,0.0,6.01,10.02,0.0,0.0,0.0,143.29,13.48,0.654,0.651,STRAIGHT,1.5,1.5,"CMD,0.7,1.50",4.0,0.016,1.689,0.023,1,0.9536,0,NORMAL,51.75,0.52,1,1,1,1,1,84.5,72,4,dijkstra,graph,0.30434,0,,,,,,0,,,,165400,91147,1579
384,30.63687801361084,2026-03-06T01:40:01.437044,1.5,0.0,2.0,0.0,0.0,0.0,0.0,17.56,14.34,0.656,0.654,STRAIGHT,1.5,1.5,"CMD,0.7,1.50",4.0,0.016,1.689,0.023,1,0.9536,0,NORMAL,51.996,0.507,1,1,1,1,1,74.5,0,0,dijkstra,predict,0.30448,0,,,,,,0,,,,166758,91345,0
385,30.672850131988525,2026-03-06T01:40:01.473016,0.0,0.0,3.49,0.0,0.0,0.0,0.0,19.47,14.45,0.658,0.656,STRAIGHT,1.5,1.5,"CMD,0.7,1.50",4.0,0.016,1.689,0.023,1,0.9536,0,NORMAL,52.373,0.487,1,1,1,1,1,69.5,0,0,dijkstra,predict,0.30329,0,,,,,,0,,,,166758,90986,0
386,30.706080198287964,2026-03-06T01:40:01.506246,0.0,0.0,0.0,0.0,0.0,0.0,0.0,20.33,14.43,0.658,0.658,STRAIGHT,1.5,1.5,"CMD,0.7,1.50",4.0,0.016,1.689,0.023,1,0.9536,0,NORMAL,52.711,0.495,1,1,1,1,1,64.5,0,0,dijkstra,predict,0.29771,0,,,,,,0,,,,166758,89313,0
387,30.880061626434326,2026-03-06T01:40:01.680228,111.89,0.0,6.01,6.01,8.28,0.0,2.43,149.76,13.53,0.671,0.658,STRAIGHT,1.5,1.5,"CMD,0.7,1.50",4.0,0.0169,1.644,0.023,1,0.9648,0,NORMAL,53.159,0.454,1,1,1,1,1,82.2,68,4,dijkstra,graph,0.29068,0,,,,,,0,,,,159655,87086,1529
388,30.91002917289734,2026-03-06T01:40:01.710195,0.0,0.0,0.0,0.0,0.0,0.0,0.0,14.21,14.5,0.68,0.671,STRAIGHT,1.5,1.5,"CMD,0.7,1.50",4.0,0.0169,1.644,0.023,1,0.9648,0,NORMAL,53.578,0.46,1,1,1,1,1,72.2,0,0,dijkstra,predict,0.29076,0,,,,,,0,,,,161827,87228,0
389,30.94876718521118,2026-03-06T01:40:01.748933,0.0,0.0,4.06,0.0,0.0,0.0,2.0,20.45,14.49,0.685,0.68,STRAIGHT,1.5,1.5,"CMD,0.7,1.50",4.0,0.0169,1.644,0.023,1,0.9648,0,NORMAL,53.968,0.506,1,1,1,1,1,67.2,0,0,dijkstra,predict,0.28973,0,,,,,,0,,,,161827,86920,0
390,30.979283332824707,2026-03-06T01:40:01.779449,0.0,0.0,0.0,0.0,0.0,0.0,0.0,14.5,14.52,0.689,0.685,STRAIGHT,1.5,1.5,"CMD,0.7,1.50",4.0,0.0169,1.644,0.023,1,0.9648,0,NORMAL,54.373,0.53,1,1,1,1,1,62.2,0,0,dijkstra,predict,0.28458,0,,,,,,0,,,,161827,85374,0
391,31.154099464416504,2026-03-06T01:40:01.954265,113.0,0.0,6.01,13.71,0.0,0.0,0.0,152.18,13.6,0.68,0.685,STRAIGHT,1.5,1.5,"CMD,0.7,1.50",4.0,0.016,1.689,0.023,1,0.9708,0,NORMAL,54.979,0.538,1,1,1,1,1,84.5,69,4,dijkstra,graph,0.28802,0,,,,,,0,,,,160856,86241,1519
392,31.190248250961304,2026-03-06T01:40:01.990414,0.0,0.0,4.73,0.0,0.0,0.0,0.0,20.13,14.54,0.673,0.68,STRAIGHT,1.5,1.5,"CMD,0.7,1.50",4.0,0.016,1.689,0.023,1,0.9708,0,NORMAL,55.528,0.563,1,1,1,1,1,74.5,0,0,dijkstra,predict,0.2877,0,,,,,,0,,,,163949,86310,0
393,31.221076250076294,2026-03-06T01:40:02.021242,0.0,0.0,0.0,0.0,0.0,0.0,0.0,20.59,14.6,0.669,0.673,STRAIGHT,1.5,1.5,"CMD,0.7,1.50",4.0,0.016,1.689,0.023,1,0.9708,0,NORMAL,56.286,0.589,1,1,1,1,1,69.5,0,0,dijkstra,predict,0.28671,0,,,,,,0,,,,163949,86014,0
394,31.261773586273193,2026-03-06T01:40:02.061940,0.0,0.0,6.01,0.0,0.0,0.0,0.0,20.26,14.57,0.666,0.669,STRAIGHT,1.5,1.5,"CMD,0.7,1.50",4.0,0.016,1.689,0.023,1,0.9708,0,NORMAL,56.921,0.61,1,1,1,1,1,64.5,0,0,dijkstra,predict,0.2812,0,,,,,,0,,,,163949,84360,0
395,31.433337926864624,2026-03-06T01:40:02.233504,113.66,0.0,10.16,15.59,0.0,0.0,0.0,157.55,13.69,0.664,0.666,STRAIGHT,1.5,1.5,"CMD,0.7,1.50",4.0,0.016,1.689,0.023,1,0.9734,0,NORMAL,57.843,0.624,1,1,1,1,1,84.5,70,3,dijkstra,graph,0.28285,0,,,,,,0,,,,158953,84535,1607
396,31.465576171875,2026-03-06T01:40:02.265742,2.0,0.0,0.0,0.0,0.0,0.0,0.0,16.22,14.65,0.663,0.664,STRAIGHT,1.5,1.5,"CMD,0.7,1.50",4.0,0.016,1.689,0.023,1,0.9734,0,NORMAL,58.795,0.605,1,1,1,1,1,74.5,0,0,dijkstra,predict,0.282,0,,,,,,0,,,,161999,84601,0
397,31.5042245388031,2026-03-06T01:40:02.304390,0.0,0.0,5.91,0.0,0.0,0.0,0.0,20.62,14.66,0.662,0.663,STRAIGHT,1.5,1.5,"CMD,0.7,1.50",4.0,0.016,1.689,0.023,1,0.9734,0,NORMAL,59.523,0.621,1,1,1,1,1,69.5,0,0,dijkstra,predict,0.28134,0,,,,,,0,,,,161999,84403,0
398,31.535194873809814,2026-03-06T01:40:02.335361,2.66,0.0,0.0,0.0,0.0,0.0,0.0,20.91,14.72,0.661,0.662,STRAIGHT,1.5,1.5,"CMD,0.7,1.50",4.0,0.016,1.689,0.023,1,0.9734,0,NORMAL,60.012,0.638,1,1,1,1,1,64.5,0,0,dijkstra,predict,0.27558,0,,,,,,0,,,,161999,82673,0
399,31.69572377204895,2026-03-06T01:40:02.495890,108.19,0.0,6.01,12.02,0.0,0.0,0.0,142.99,13.85,0.661,0.661,STRAIGHT,1.5,1.5,"CMD,0.7,1.50",4.0,0.016,1.689,0.023,1,0.9597,0,NORMAL,59.989,0.613,1,1,1,1,1,80.8,64,3,dijkstra,graph,0.27486,0,,,,,,0,,,,155486,82222,1499
400,31.73577356338501,2026-03-06T01:40:02.535939,0.0,0.0,3.18,0.0,0.0,0.0,0.0,20.46,14.75,0.661,0.661,STRAIGHT,1.5,1.5,"CMD,0.7,1.50",4.0,0.016,1.689,0.023,1,0.9597,0,NORMAL,61.643,0.676,1,1,1,1,1,75.8,0,0,dijkstra,predict,0.26557,0,,,,,,0,,,,156902,79671,0
401,31.89878749847412,2026-03-06T01:40:02.698953,109.99,0.0,8.01,14.5,0.0,0.0,0.0,150.71,13.83,0.66,0.661,STRAIGHT,1.5,1.5,"CMD,0.7,1.50",4.0,0.016,1.689,0.023,1,0.9515,0,NORMAL,61.765,0.697,1,1,1,1,1,84.5,62,2,dijkstra,graph,0.26471,0,,,,,,0,,,,152589,79239,1404
402,31.937764883041382,2026-03-06T01:40:02.737931,0.0,0.0,10.46,0.0,0.0,0.0,0.0,20.89,13.85,0.66,0.66,STRAIGHT,1.5,1.5,"CMD,0.7,1.50",4.0,0.016,1.689,0.023,1,0.9515,0,NORMAL,62.941,0.727,1,1,1,1,1,74.5,0,0,dijkstra,predict,0.26417,0,,,,,,0,,,,153370,79252,0
403,31.973190546035767,2026-03-06T01:40:02.773356,0.0,0.0,5.75,0.0,0.0,0.0,0.0,25.35,13.87,0.66,0.66,STRAIGHT,1.5,1.5,"CMD,0.7,1.50",4.0,0.016,1.689,0.023,1,0.9515,0,NORMAL,62.953,0.748,1,1,1,1,1,69.5,0,0,dijkstra,predict,0.26348,0,,,,,,0,,,,153370,79044,0
404,32.00669026374817,2026-03-06T01:40:02.806856,2.0,0.0,2.0,0.0,0.0,0.0,0.0,19.44,14.74,0.66,0.66,STRAIGHT,1.5,1.5,"CMD,0.7,1.50",4.0,0.016,1.689,0.023,1,0.9515,0,NORMAL,64.636,0.818,1,1,1,1,1,64.5,0,0,dijkstra,predict,0.25777,0,,,,,,0,,,,153370,77330,0
405,32.15800094604492,2026-03-06T01:40:02.958167,107.98,0.0,6.01,8.01,0.0,0.0,0.0,138.29,14.0,0.672,0.66,STRAIGHT,1.5,1.5,"CMD,0.7,1.50",4.0,0.0169,1.644,0.023,1,0.9702,0,NORMAL,65.587,0.836,1,1,1,1,1,82.2,50,3,dijkstra,graph,0.25374,0,,,,,,0,,,,148978,75926,1480
406,32.200745582580566,2026-03-06T01:40:03.000911,2.0,0.0,2.0,0.0,0.0,0.0,0.0,22.53,13.96,0.681,0.672,STRAIGHT,1.5,1.5,"CMD,0.7,1.50",4.0,0.0169,1.644,0.023,1,0.9702,0,NORMAL,65.378,0.893,1,1,1,1,1,72.2,0,0,dijkstra,predict,0.25318,0,,,,,,0,,,,149835,75955,0
407,32.23915505409241,2026-03-06T01:40:03.039321,5.46,0.0,2.44,0.0,0.0,0.0,0.0,20.39,13.94,0.686,0.681,STRAIGHT,1.5,1.5,"CMD,0.7,1.50",4.0,0.0169,1.644,0.023,1,0.9702,0,NORMAL,66.069,0.881,1,1,1,1,1,67.2,0,0,dijkstra,predict,0.2524,0,,,,,,0,,,,149835,75721,0
408,32.2719829082489,2026-03-06T01:40:03.072149,0.0,0.0,5.2,0.0,0.0,0.0,0.0,21.03,14.88,0.69,0.686,STRAIGHT,1.5,1.5,"CMD,0.7,1.50",4.0,0.0169,1.644,0.023,1,0.9702,0,NORMAL,67.095,0.879,1,1,1,1,1,62.2,0,0,dijkstra,predict,0.24697,0,,,,,,0,,,,149835,74091,0
409,32.43691277503967,2026-03-06T01:40:03.237079,106.43,0.0,10.04,13.8,0.0,0.0,0.0,146.91,13.97,0.68,0.686,STRAIGHT,1.5,1.5,"CMD,0.7,1.50",4.0,0.016,1.689,0.023,1,0.9804,0,NORMAL,67.684,0.821,1,1,1,1,1,84.5,53,2,dijkstra,graph,0.2499,0,,,,,,0,,,,147511,74649,1312
410,32.475417375564575,2026-03-06T01:40:03.275583,1.74,0.0,3.99,0.0,0.0,0.0,0.0,20.48,13.96,0.673,0.68,STRAIGHT,1.5,1.5,"CMD,0.7,1.50",4.0,0.016,1.689,0.023,1,0.9804,0,NORMAL,67.655,0.819,1,1,1,1,1,74.5,0,0,dijkstra,predict,0.2492,0,,,,,,0,,,,148277,74760,0
411,32.509737491607666,2026-03-06T01:40:03.309903,0.0,0.0,8.28,0.0,0.0,0.0,0.0,20.3,13.97,0.669,0.673,STRAIGHT,1.5,1.5,"CMD,0.7,1.50",4.0,0.016,1.689,0.023,1,0.9804,0,NORMAL,67.992,0.792,1,1,1,1,1,69.5,0,0,dijkstra,predict,0.24803,0,,,,,,0,,,,148277,74409,0
412,32.54190945625305,2026-03-06T01:40:03.342075,0.0,0.0,0.0,0.0,0.0,0.0,0.0,16.41,14.89,0.666,0.669,STRAIGHT,1.5,1.5,"CMD,0.7,1.50",4.0,0.016,1.689,0.023,1,0.9804,0,NORMAL,68.82,0.772,1,1,1,1,1,64.5,0,0,dijkstra,predict,0.24257,0,,,,,,0,,,,148277,72771,0
413,32.703468799591064,2026-03-06T01:40:03.503635,112.65,0.0,6.01,8.19,0.0,0.0,0.0,151.2,14.03,0.664,0.666,STRAIGHT,1.5,1.5,"CMD,0.7,1.50",4.0,0.016,1.689,0.023,1,0.9754,0,NORMAL,69.318,0.702,1,1,1,1,1,84.5,62,4,dijkstra,graph,0.25709,0,,,,,,0,,,,150671,76897,1515
414,32.74416995048523,2026-03-06T01:40:03.544336,0.0,0.0,3.25,0.0,0.0,0.0,0.0,20.49,14.0,0.663,0.664,STRAIGHT,1.5,1.5,"CMD,0.7,1.50",4.0,0.016,1.689,0.023,1,0.9754,0,NORMAL,69.343,0.672,1,1,1,1,1,74.5,0,0,dijkstra,predict,0.25658,0,,,,,,0,,,,151617,76975,0
415,32.77891945838928,2026-03-06T01:40:03.579085,2.0,0.0,0.0,0.0,0.0,0.0,0.0,24.63,13.99,0.662,0.663,STRAIGHT,1.5,1.5,"CMD,0.7,1.50",4.0,0.016,1.689,0.023,1,0.9754,0,NORMAL,69.608,0.655,1,1,1,1,1,69.5,0,0,dijkstra,predict,0.25552,0,,,,,,0,,,,151617,76656,0
416,32.8157479763031,2026-03-06T01:40:03.615914,2.0,0.0,1.5,0.0,0.0,0.0,0.0,17.27,14.98,0.661,0.662,STRAIGHT,1.5,1.5,"CMD,0.7,1.50",4.0,0.016,1.689,0.023,1,0.9754,0,NORMAL,69.869,0.651,1,1,1,1,1,64.5,0,0,dijkstra,predict,0.25,0,,,,,,0,,,,151617,75000,0
417,32.977192878723145,2026-03-06T01:40:03.777359,110.77,0.0,6.01,10.02,0.0,0.0,0.0,142.98,14.03,0.673,0.662,STRAIGHT,1.5,1.5,"CMD,0.7,1.50",4.0,0.0169,1.644,0.023,1,0.9797,0,NORMAL,69.934,0.593,1,1,1,1,1,82.2,53,3,dijkstra,graph,0.25843,0,,,,,,0,,,,150022,77429,1406
418,33.017064571380615,2026-03-06T01:40:03.817230,0.0,0.0,6.22,0.0,0.0,0.0,0.0,20.24,14.02,0.681,0.673,STRAIGHT,1.5,1.5,"CMD,0.7,1.50",4.0,0.0169,1.644,0.023,1,0.9797,0,NORMAL,70.083,0.623,1,1,1,1,1,72.2,0,0,dijkstra,predict,0.25842,0,,,,,,0,,,,150207,77526,0
419,33.04932522773743,2026-03-06T01:40:03.849491,0.0,0.0,0.0,0.0,0.0,0.0,0.0,22.21,14.01,0.686,0.681,STRAIGHT,1.5,1.5,"CMD,0.7,1.50",4.0,0.0169,1.644,0.023,1,0.9797,0,NORMAL,70.38,0.533,1,1,1,1,1,67.2,0,0,dijkstra,predict,0.2573,0,,,,,,0,,,,150207,77191,0
420,33.08855223655701,2026-03-06T01:40:03.888718,0.0,0.0,5.11,0.0,0.0,0.0,0.0,20.6,14.99,0.69,0.686,STRAIGHT,1.5,1.5,"CMD,0.7,1.50",4.0,0.0169,1.644,0.023,1,0.9797,0,NORMAL,70.634,0.5,1,1,1,1,1,62.2,0,0,dijkstra,predict,0.25186,0,,,,,,0,,,,150207,75559,0
421,33.25059628486633,2026-03-06T01:40:04.050762,111.18,0.0,7.75,14.02,0.0,0.0,0.0,148.53,14.08,0.68,0.686,STRAIGHT,1.5,1.5,"CMD,0.7,1.50",4.0,0.016,1.689,0.023,1,0.9814,0,NORMAL,70.711,0.465,1,1,1,1,1,84.5,74,4,dijkstra,graph,0.26488,0,,,,,,0,,,,152487,79290,1555
422,33.29121685028076,2026-03-06T01:40:04.091383,0.0,0.0,6.31,0.0,0.0,0.0,0.0,30.57,14.01,0.673,0.68,STRAIGHT,1.5,1.5,"CMD,0.7,1.50",4.0,0.016,1.689,0.023,1,0.9814,0,NORMAL,70.711,0.456,1,1,1,1,1,74.5,0,0,dijkstra,predict,0.2646,0,,,,,,0,,,,152768,79380,0
423,33.325615644454956,2026-03-06T01:40:04.125782,1.74,0.0,4.01,0.0,0.0,0.0,0.0,24.35,14.05,0.669,0.673,STRAIGHT,1.5,1.5,"CMD,0.7,1.50",4.0,0.016,1.689,0.023,1,0.9814,0,NORMAL,70.711,0.471,1,1,1,1,1,69.5,0,0,dijkstra,predict,0.26382,0,,,,,,0,,,,152768,79145,0
424,33.36216425895691,2026-03-06T01:40:04.162330,0.0,0.0,5.74,0.0,0.0,0.0,0.0,20.53,15.04,0.666,0.669,STRAIGHT,1.5,1.5,"CMD,0.7,1.50",4.0,0.016,1.689,0.023,1,0.9814,0,NORMAL,70.711,0.446,1,1,1,1,1,64.5,0,0,dijkstra,predict,0.25789,0,,,,,,0,,,,152768,77366,0
425,33.530858516693115,2026-03-06T01:40:04.331025,110.38,0.0,10.12,14.27,2.0,0.0,0.0,154.67,14.04,0.664,0.666,STRAIGHT,1.5,1.5,"CMD,0.7,1.50",4.0,0.016,1.689,0.023,1,0.9659,0,NORMAL,70.711,0.434,1,1,1,1,1,84.5,64,3,dijkstra,graph,0.27062,0,,,,,,0,,,,153728,81016,1523
426,33.570393562316895,2026-03-06T01:40:04.370560,0.0,0.0,6.72,0.0,0.0,0.0,0.0,27.52,14.04,0.663,0.664,STRAIGHT,1.5,1.5,"CMD,0.7,1.50",4.0,0.016,1.689,0.023,1,0.9659,0,NORMAL,70.711,0.439,1,1,1,1,1,74.5,0,0,dijkstra,predict,0.27036,0,,,,,,0,,,,154268,81108,0
427,33.60435724258423,2026-03-06T01:40:04.404523,2.0,0.0,0.0,0.0,0.0,0.0,0.0,18.2,14.02,0.662,0.663,STRAIGHT,1.5,1.5,"CMD,0.7,1.50",4.0,0.016,1.689,0.023,1,0.9659,0,NORMAL,70.711,0.41,1,1,1,1,1,69.5,0,0,dijkstra,predict,0.26927,0,,,,,,0,,,,154268,80780,0
428,33.64294123649597,2026-03-06T01:40:04.443107,0.0,0.0,5.15,0.0,0.0,0.0,0.0,28.54,14.89,0.661,0.662,STRAIGHT,1.5,1.5,"CMD,0.7,1.50",4.0,0.016,1.689,0.023,1,0.9659,0,NORMAL,70.711,0.406,1,1,1,1,1,64.5,0,0,dijkstra,predict,0.2637,0,,,,,,0,,,,154268,79111,0
429,33.80492162704468,2026-03-06T01:40:04.605087,112.48,0.0,6.01,12.02,0.0,0.0,0.0,147.96,14.02,0.661,0.661,STRAIGHT,1.5,1.5,"CMD,0.7,1.50",4.0,0.016,1.689,0.023,1,0.9734,0,NORMAL,70.711,0.38,1,1,1,1,1,84.5,52,4,dijkstra,graph,0.2757,0,,,,,,0,,,,156847,82524,1418
430,33.83679413795471,2026-03-06T01:40:04.636960,2.0,0.0,0.0,0.0,0.0,0.0,0.0,16.29,14.96,0.661,0.661,STRAIGHT,1.5,1.5,"CMD,0.7,1.50",4.0,0.016,1.689,0.023,1,0.9734,0,NORMAL,70.711,0.456,1,1,1,1,1,74.5,0,0,dijkstra,predict,0.27538,0,,,,,,0,,,,157541,82615,0
431,33.87180280685425,2026-03-06T01:40:04.671969,0.0,0.0,0.0,0.0,0.0,0.0,0.0,24.68,14.99,0.661,0.661,STRAIGHT,1.5,1.5,"CMD,0.7,1.50",4.0,0.016,1.689,0.023,1,0.9734,0,NORMAL,70.711,0.503,1,1,1,1,1,69.5,0,0,dijkstra,predict,0.2751,0,,,,,,0,,,,157541,82531,0
432,33.908605098724365,2026-03-06T01:40:04.708771,0.0,0.0,3.06,0.0,0.0,0.0,0.0,18.61,14.98,0.66,0.661,STRAIGHT,1.5,1.5,"CMD,0.7,1.50",4.0,0.016,1.689,0.023,1,0.9734,0,NORMAL,70.711,0.529,1,1,1,1,1,64.5,0,0,dijkstra,predict,0.26958,0,,,,,,0,,,,157541,80873,0
433,34.070449113845825,2026-03-06T01:40:04.870615,106.64,0.0,0.0,20.43,0.0,0.0,0.0,151.78,14.05,0.638,0.66,STRAIGHT,1.5,1.5,"CMD,0.7,1.50",4.0,0.0144,1.781,0.023,1,0.9506,0,NORMAL,70.711,0.567,1,1,1,1,1,89.0,64,4,dijkstra,graph,0.2895,0,,,,,,0,,,,159977,86565,1596
434,34.10331130027771,2026-03-06T01:40:04.903477,0.0,0.0,0.0,0.0,0.0,0.0,0.0,22.7,14.91,0.623,0.638,STRAIGHT,1.5,1.5,"CMD,0.6,1.50",4.0,0.0144,1.781,0.023,1,0.9506,0,NORMAL,70.711,0.604,1,1,1,1,1,79.0,0,0,dijkstra,predict,0.28884,0,,,,,,0,,,,160928,86653,0
435,34.14398765563965,2026-03-06T01:40:04.944154,0.0,0.0,4.51,0.0,0.0,0.0,0.0,18.75,14.94,0.613,0.623,STRAIGHT,1.5,1.5,"CMD,0.6,1.50",4.0,0.0144,1.781,0.023,1,0.9506,0,NORMAL,70.711,0.686,1,1,1,1,1,74.0,0,0,dijkstra,predict,0.2886,0,,,,,,0,,,,160928,86579,0
436,34.1756865978241,2026-03-06T01:40:04.975853,0.0,0.0,0.0,0.0,0.0,0.0,0.0,16.66,14.98,0.607,0.613,STRAIGHT,1.5,1.5,"CMD,0.6,1.50",4.0,0.0144,1.781,0.023,1,0.9506,0,NORMAL,70.711,0.655,1,1,1,1,1,69.0,0,0,dijkstra,predict,0.28265,0,,,,,,0,,,,160928,84795,0
437,34.334256410598755,2026-03-06T01:40:05.134422,103.42,0.0,10.13,10.23,0.0,0.0,0.0,141.83,14.06,0.593,0.607,STRAIGHT,1.5,1.5,"CMD,0.6,1.50",4.0,0.0137,1.826,0.023,1,0.9674,0,NORMAL,70.711,0.682,1,1,1,1,1,91.3,49,6,dijkstra,graph,0.29147,0,,,,,,0,,,,162005,87238,1633
438,34.37817859649658,2026-03-06T01:40:05.178344,0.0,0.0,0.0,0.0,0.0,0.0,0.0,23.79,14.94,0.584,0.593,STRAIGHT,1.5,1.5,"CMD,0.6,1.50",4.0,0.0137,1.826,0.023,1,0.9674,0,NORMAL,70.711,0.701,1,1,1,1,1,81.3,0,0,dijkstra,predict,0.2912,0,,,,,,0,,,,163115,87359,0
439,34.419501304626465,2026-03-06T01:40:05.219667,0.0,0.0,0.0,0.0,0.0,0.0,0.0,24.62,14.92,0.577,0.584,STRAIGHT,1.5,1.5,"CMD,0.6,1.50",4.0,0.0137,1.826,0.023,1,0.9674,0,NORMAL,70.711,0.818,1,1,1,1,1,76.3,0,0,dijkstra,predict,0.29094,0,,,,,,0,,,,163115,87282,0
440,34.45630502700806,2026-03-06T01:40:05.256471,2.0,0.0,1.0,0.0,0.0,0.0,0.0,20.37,14.9,0.573,0.577,STRAIGHT,1.5,1.5,"CMD,0.6,1.50",4.0,0.0137,1.826,0.023,1,0.9674,0,NORMAL,70.711,0.821,1,1,1,1,1,71.3,0,0,dijkstra,predict,0.2849,0,,,,,,0,,,,163115,85469,0
441,34.61950969696045,2026-03-06T01:40:05.419676,112.52,0.0,0.0,20.24,0.0,0.0,0.0,153.12,13.96,0.57,0.573,STRAIGHT,1.5,1.5,"CMD,0.6,1.50",4.0,0.0137,1.826,0.023,1,0.9514,0,NORMAL,70.711,0.813,1,1,1,1,1,91.3,66,5,dijkstra,graph,0.29833,0,,,,,,0,,,,163937,89252,1732
442,34.66049814224243,2026-03-06T01:40:05.460664,0.0,0.0,5.53,0.0,0.0,0.0,0.0,30.73,14.82,0.569,0.57,STRAIGHT,1.5,1.5,"CMD,0.6,1.50",4.0,0.0137,1.826,0.023,1,0.9514,0,NORMAL,70.711,0.83,1,1,1,1,1,81.3,0,0,dijkstra,predict,0.29797,0,,,,,,0,,,,165524,89392,0
443,34.69303584098816,2026-03-06T01:40:05.493202,0.0,0.0,0.0,0.0,0.0,0.0,0.0,22.42,14.88,0.567,0.569,STRAIGHT,1.5,1.5,"CMD,0.6,1.50",4.0,0.0137,1.826,0.023,1,0.9514,0,NORMAL,70.711,0.815,1,1,1,1,1,76.3,0,0,dijkstra,predict,0.29734,0,,,,,,0,,,,165524,89203,0
444,34.733155250549316,2026-03-06T01:40:05.533321,0.0,0.0,4.84,0.0,0.0,0.0,0.0,21.73,14.84,0.566,0.567,STRAIGHT,1.5,1.5,"CMD,0.6,1.50",4.0,0.0137,1.826,0.023,1,0.9514,0,NORMAL,70.711,0.81,1,1,1,1,1,71.3,0,0,dijkstra,predict,0.29128,0,,,,,,0,,,,165524,87385,0
445,34.897637128829956,2026-03-06T01:40:05.697803,97.63,0.0,10.17,20.01,0.0,0.0,0.0,155.97,13.93,0.557,0.566,STRAIGHT,1.5,1.5,"CMD,0.6,1.50",4.0,0.013,1.872,0.023,1,0.9599,0,NORMAL,70.711,0.745,1,1,1,1,1,93.6,59,4,dijkstra,graph,0.3119,0,,,,,,0,,,,168664,93382,1546
446,34.93407678604126,2026-03-06T01:40:05.734243,2.0,0.0,4.01,0.0,0.0,0.0,0.0,20.26,14.82,0.55,0.557,STRAIGHT,1.5,1.5,"CMD,0.6,1.50",4.0,0.013,1.872,0.023,1,0.9599,0,NORMAL,70.711,0.718,1,1,1,1,1,83.6,0,0,dijkstra,predict,0.31166,0,,,,,,0,,,,169347,93497,0
447,34.96421551704407,2026-03-06T01:40:05.764381,0.0,0.0,0.0,0.0,0.0,0.0,0.0,20.03,14.89,0.546,0.55,STRAIGHT,1.5,1.5,"CMD,0.6,1.50",4.0,0.013,1.872,0.023,1,0.9599,0,NORMAL,70.711,0.755,1,1,1,1,1,78.6,0,0,dijkstra,predict,0.31109,0,,,,,,0,,,,169347,93326,0
448,35.0050573348999,2026-03-06T01:40:05.805223,0.0,0.0,5.08,0.0,0.0,0.0,0.0,20.26,14.83,0.543,0.546,STRAIGHT,1.5,1.5,"CMD,0.5,1.50",4.0,0.013,1.872,0.023,1,0.9599,0,NORMAL,70.711,0.76,1,1,1,1,1,73.6,0,0,dijkstra,predict,0.30497,0,,,,,,0,,,,169347,91491,0
449,35.16844606399536,2026-03-06T01:40:05.968612,109.11,0.0,6.01,14.02,0.0,0.0,0.0,153.09,13.94,0.541,0.543,STRAIGHT,1.5,1.5,"CMD,0.5,1.50",4.0,0.013,1.872,0.023,1,0.9772,0,NORMAL,70.711,0.738,1,1,1,1,1,93.6,70,4,dijkstra,graph,0.31961,0,,,,,,0,,,,170550,95772,1598
450,35.20671820640564,2026-03-06T01:40:06.006884,2.0,0.0,3.01,0.0,0.0,0.0,0.0,20.25,14.83,0.54,0.541,STRAIGHT,1.5,1.5,"CMD,0.5,1.50",4.0,0.013,1.872,0.023,1,0.9772,0,NORMAL,70.711,0.784,1,1,1,1,1,83.6,0,0,dijkstra,predict,0.31973,0,,,,,,0,,,,173866,95920,0
451,35.24666380882263,2026-03-06T01:40:06.046830,0.0,0.0,5.67,0.0,0.0,0.0,0.0,20.37,14.83,0.539,0.54,STRAIGHT,1.5,1.5,"CMD,0.5,1.50",4.0,0.013,1.872,0.023,1,0.9772,0,NORMAL,70.711,0.76,1,1,1,1,1,78.6,0,0,dijkstra,predict,0.31906,0,,,,,,0,,,,173866,95717,0
452,35.27699589729309,2026-03-06T01:40:06.077162,0.0,0.0,0.0,0.0,0.0,0.0,0.0,20.26,14.86,0.539,0.539,STRAIGHT,1.5,1.5,"CMD,0.5,1.50",4.0,0.013,1.872,0.023,1,0.9772,0,NORMAL,70.711,0.797,1,1,1,1,1,73.6,0,0,dijkstra,predict,0.31292,0,,,,,,0,,,,173866,93876,0
453,35.451194763183594,2026-03-06T01:40:06.251360,106.91,0.0,10.45,18.43,2.0,0.0,0.0,154.28,13.88,0.522,0.539,STRAIGHT,1.5,1.5,"CMD,0.5,1.50",4.0,0.0118,1.963,0.023,1,0.959,0,NORMAL,70.711,0.82,1,1,1,1,1,98.2,58,5,dijkstra,graph,0.33926,0,,,,,,0,,,,176217,101542,1787
454,35.48968696594238,2026-03-06T01:40:06.289853,0.0,0.0,5.75,0.0,0.0,0.0,0.0,30.48,14.8,0.511,0.522,STRAIGHT,1.5,1.5,"CMD,0.5,1.50",4.0,0.0118,1.963,0.023,1,0.959,0,NORMAL,70.711,0.766,1,1,1,1,1,88.2,0,0,dijkstra,predict,0.33858,0,,,,,,0,,,,179312,101575,0
455,35.52430009841919,2026-03-06T01:40:06.324466,2.0,0.0,2.0,0.0,0.0,0.0,0.0,18.52,14.84,0.504,0.511,STRAIGHT,1.5,1.5,"CMD,0.5,1.50",4.0,0.0118,1.963,0.023,1,0.959,0,NORMAL,70.711,0.777,1,1,1,1,1,83.2,0,0,dijkstra,predict,0.33822,0,,,,,,0,,,,179312,101467,0
456,35.56090521812439,2026-03-06T01:40:06.361071,0.0,0.0,10.1,0.0,0.0,0.0,0.0,20.45,14.82,0.499,0.504,STRAIGHT,1.5,1.5,"CMD,0.5,1.50",4.0,0.0118,1.963,0.023,1,0.959,0,NORMAL,70.711,0.763,1,1,1,1,1,78.2,0,0,dijkstra,predict,0.33178,0,,,,,,0,,,,179312,99535,0
457,35.720460414886475,2026-03-06T01:40:06.520626,106.37,0.0,5.01,14.02,0.0,0.0,0.0,145.54,13.96,0.495,0.499,STRAIGHT,1.5,1.5,"CMD,0.5,1.50",4.0,0.0118,1.963,0.023,1,0.9646,0,NORMAL,70.711,0.76,1,1,1,1,1,98.2,66,4,dijkstra,graph,0.33603,0,,,,,,0,,,,173517,100687,1599
458,35.7590446472168,2026-03-06T01:40:06.559211,2.0,0.0,4.01,0.0,0.0,0.0,0.0,22.56,14.84,0.493,0.495,STRAIGHT,1.5,1.5,"CMD,0.5,1.50",4.0,0.0118,1.963,0.023,1,0.9646,0,NORMAL,70.427,0.779,1,1,1,1,1,88.2,0,0,dijkstra,predict,0.33631,0,,,,,,0,,,,175985,100894,0
459,35.79355573654175,2026-03-06T01:40:06.593722,0.0,0.0,5.35,0.0,0.0,0.0,0.0,20.49,14.82,0.492,0.493,STRAIGHT,1.5,1.5,"CMD,0.5,1.50",4.0,0.0118,1.963,0.023,1,0.9646,0,NORMAL,70.524,0.79,1,1,1,1,1,83.2,0,0,dijkstra,predict,0.33557,0,,,,,,0,,,,175985,100670,0
460,35.83222007751465,2026-03-06T01:40:06.632386,0.0,0.0,6.56,0.0,0.0,0.0,0.0,24.64,14.79,0.491,0.492,STRAIGHT,1.5,1.5,"CMD,0.5,1.50",4.0,0.0118,1.963,0.023,1,0.9646,0,NORMAL,70.361,0.754,1,1,1,1,1,78.2,0,0,dijkstra,predict,0.32941,0,,,,,,0,,,,175985,98822,0
461,35.99574375152588,2026-03-06T01:40:06.795910,103.26,0.0,10.44,12.11,8.01,0.0,0.0,147.76,13.89,0.483,0.491,STRAIGHT,1.5,1.5,"CMD,0.5,1.50",4.0,0.0113,2.009,0.023,1,0.9733,0,NORMAL,70.131,0.739,1,1,1,1,1,100.5,75,3,dijkstra,graph,0.35252,0,,,,,,0,,,,176515,105593,1897
462,36.038005113601685,2026-03-06T01:40:06.838171,0.0,0.0,5.52,0.0,0.0,0.0,0.0,19.86,14.74,0.477,0.483,STRAIGHT,1.5,1.5,"CMD,0.5,1.50",4.0,0.0113,2.009,0.023,1,0.9733,0,NORMAL,69.894,0.693,1,1,1,1,1,90.5,0,0,dijkstra,predict,0.35215,0,,,,,,0,,,,179184,105644,0
463,36.070422410964966,2026-03-06T01:40:06.870588,2.0,0.0,2.0,0.0,0.0,0.0,0.0,24.41,14.74,0.474,0.477,STRAIGHT,1.5,1.5,"CMD,0.5,1.50",4.0,0.0113,2.009,0.023,1,0.9733,0,NORMAL,68.516,0.708,1,1,1,1,1,85.5,0,0,dijkstra,predict,0.35186,0,,,,,,0,,,,179184,105558,0
464,36.10718488693237,2026-03-06T01:40:06.907351,2.0,0.0,3.01,0.0,0.0,0.0,0.0,20.72,14.76,0.471,0.474,STRAIGHT,1.5,1.5,"CMD,0.5,1.50",4.0,0.0113,2.009,0.023,1,0.9733,0,NORMAL,67.74,0.915,1,1,1,1,1,80.5,0,0,dijkstra,predict,0.34565,0,,,,,,0,,,,179184,103695,0
465,36.268372774124146,2026-03-06T01:40:07.068539,110.44,0.0,5.22,13.01,0.0,0.0,0.0,145.17,13.86,0.463,0.471,STRAIGHT,1.5,1.5,"CMD,0.5,1.50",4.0,0.0108,2.055,0.023,1,0.9612,0,NORMAL,66.981,0.905,1,1,1,1,1,102.7,55,7,dijkstra,graph,0.37876,0,,,,,,0,,,,183286,113344,2026
466,36.311009883880615,2026-03-06T01:40:07.111176,2.62,0.0,2.0,0.0,0.0,0.0,0.0,22.49,14.67,0.457,0.463,STRAIGHT,1.5,1.5,"CMD,0.5,1.50",4.0,0.0108,2.055,0.023,1,0.9612,0,NORMAL,66.181,0.868,1,1,1,1,1,92.7,0,0,dijkstra,predict,0.37797,0,,,,,,0,,,,186907,113390,0
467,36.35373878479004,2026-03-06T01:40:07.153905,0.0,0.0,4.9,0.0,0.0,0.0,0.0,24.65,14.68,0.454,0.457,STRAIGHT,1.5,1.5,"CMD,0.5,1.50",4.0,0.0108,2.055,0.023,1,0.9612,0,NORMAL,65.962,0.814,1,1,1,1,1,87.7,0,0,dijkstra,predict,0.3777,0,,,,,,0,,,,186907,113309,0
468,36.389615535736084,2026-03-06T01:40:07.189781,2.79,0.0,0.0,0.0,0.0,0.0,0.0,18.35,14.72,0.451,0.454,STRAIGHT,1.5,1.5,"CMD,0.5,1.50",4.0,0.0108,2.055,0.023,1,0.9612,0,NORMAL,66.349,0.737,1,1,1,1,1,82.7,0,0,dijkstra,predict,0.37127,0,,,,,,0,,,,186907,111381,0
469,36.562705278396606,2026-03-06T01:40:07.362871,116.41,0.0,8.01,12.18,0.0,0.0,0.0,163.03,13.77,0.443,0.451,STRAIGHT,1.5,1.5,"CMD,0.5,1.50",4.0,0.0104,2.1,0.023,1,0.9594,0,NORMAL,66.07,0.71,1,1,1,1,1,105.0,80,3,dijkstra,graph,0.40068,0,,,,,,0,,,,190454,119971,2029
470,36.60759520530701,2026-03-06T01:40:07.407761,0.0,0.0,2.0,0.0,0.0,0.0,0.0,18.0,14.59,0.438,0.443,STRAIGHT,1.5,1.5,"CMD,0.4,1.50",4.0,0.0104,2.1,0.023,1,0.9594,0,NORMAL,65.56,0.697,1,1,1,1,1,95.0,0,0,dijkstra,predict,0.39994,0,,,,,,0,,,,193563,119981,0
471,36.650158166885376,2026-03-06T01:40:07.450324,2.0,0.0,2.0,0.0,0.0,0.0,0.0,19.3,14.58,0.434,0.438,STRAIGHT,1.5,1.5,"CMD,0.4,1.50",4.0,0.0104,2.1,0.023,1,0.9594,0,NORMAL,65.765,0.656,1,1,1,1,1,90.0,0,0,dijkstra,predict,0.39947,0,,,,,,0,,,,193563,119842,0
472,36.68631720542908,2026-03-06T01:40:07.486483,2.0,0.0,0.0,0.0,0.0,0.0,0.0,22.4,14.55,0.432,0.434,STRAIGHT,1.5,1.5,"CMD,0.4,1.50",4.0,0.0104,2.1,0.023,1,0.9594,0,NORMAL,64.406,0.713,1,1,1,1,1,85.0,0,0,dijkstra,predict,0.39323,0,,,,,,0,,,,193563,117968,0
473,36.85685467720032,2026-03-06T01:40:07.657020,105.03,0.0,8.45,20.42,0.0,0.0,0.0,152.45,13.66,0.419,0.432,STRAIGHT,1.5,1.5,"CMD,0.4,1.50",4.0,0.0095,2.192,0.023,1,0.9489,0,NORMAL,63.803,0.852,1,1,1,1,1,109.6,82,7,dijkstra,graph,0.41488,0,,,,,,0,,,,193587,124011,2144
474,36.90144109725952,2026-03-06T01:40:07.701607,2.0,0.0,2.0,0.0,0.0,0.0,2.0,24.29,14.47,0.41,0.419,STRAIGHT,1.5,1.5,"CMD,0.4,1.50",4.0,0.0095,2.192,0.023,1,0.9489,0,NORMAL,63.687,0.91,1,1,1,1,1,99.6,0,0,dijkstra,predict,0.41409,0,,,,,,0,,,,198930,124227,0
475,36.93998456001282,2026-03-06T01:40:07.740151,2.51,0.0,2.0,0.0,0.0,0.0,0.0,18.52,14.46,0.404,0.41,STRAIGHT,1.5,1.5,"CMD,0.4,1.50",4.0,0.0095,2.192,0.023,1,0.9489,0,NORMAL,63.113,0.919,1,1,1,1,1,94.6,0,0,dijkstra,predict,0.4128,0,,,,,,0,,,,198930,123840,0
476,36.970314741134644,2026-03-06T01:40:07.770481,0.0,0.0,0.0,0.0,0.0,0.0,0.0,14.31,14.46,0.4,0.404,STRAIGHT,1.5,1.5,"CMD,0.4,1.50",4.0,0.0095,2.192,0.023,1,0.9489,0,NORMAL,63.288,0.928,1,1,1,1,1,89.6,0,0,dijkstra,predict,0.40691,0,,,,,,0,,,,198930,122074,0
477,37.144922971725464,2026-03-06T01:40:07.945089,112.0,0.0,6.01,16.02,0.0,0.0,0.0,156.8,13.55,0.397,0.4,STRAIGHT,1.5,1.5,"CMD,0.4,1.50",4.0,0.0095,2.192,0.023,1,0.9749,0,NORMAL,63.411,0.923,1,1,1,1,1,109.6,89,8,dijkstra,graph,0.42079,0,,,,,,0,,,,195625,125816,2211
478,37.18274712562561,2026-03-06T01:40:07.982913,2.0,0.0,4.01,0.0,0.0,0.0,0.0,20.04,14.4,0.395,0.397,STRAIGHT,1.5,1.5,"CMD,0.4,1.50",4.0,0.0095,2.192,0.023,1,0.9749,0,NORMAL,63.61,0.911,1,1,1,1,1,99.6,0,0,dijkstra,predict,0.4198,0,,,,,,0,,,,199033,125941,0
479,37.21937870979309,2026-03-06T01:40:08.019545,0.0,0.0,5.3,0.0,0.0,0.0,0.0,20.42,14.41,0.394,0.395,STRAIGHT,1.5,1.5,"CMD,0.4,1.50",4.0,0.0095,2.192,0.023,1,0.9749,0,NORMAL,63.117,0.948,1,1,1,1,1,94.6,0,0,dijkstra,predict,0.41874,0,,,,,,0,,,,199033,125621,0
480,37.25470852851868,2026-03-06T01:40:08.054874,1.0,0.0,4.73,0.0,0.0,0.0,0.0,24.95,14.44,0.394,0.394,STRAIGHT,1.5,1.5,"CMD,0.4,1.50",4.0,0.0095,2.192,0.023,1,0.9749,0,NORMAL,63.192,0.924,1,1,1,1,1,89.6,0,0,dijkstra,predict,0.41267,0,,,,,,0,,,,199033,123800,0
481,37.422736406326294,2026-03-06T01:40:08.222902,111.63,0.0,7.75,14.47,0.0,0.0,0.0,150.27,13.52,0.383,0.394,STRAIGHT,1.5,1.5,"CMD,0.4,1.50",4.0,0.0088,2.283,0.023,1,0.957,0,NORMAL,62.659,0.967,1,1,1,1,1,114.2,72,7,dijkstra,graph,0.43754,0,,,,,,0,,,,203489,130901,2278
482,37.465625047683716,2026-03-06T01:40:08.265791,2.0,0.0,0.0,0.0,0.0,0.0,0.0,22.33,14.4,0.376,0.383,STRAIGHT,1.5,1.5,"CMD,0.4,1.50",4.0,0.0088,2.283,0.023,1,0.957,0,NORMAL,63.495,0.924,1,1,1,1,1,104.2,0,0,dijkstra,predict,0.43641,0,,,,,,0,,,,207340,130924,0
483,37.508787631988525,2026-03-06T01:40:08.308954,2.14,0.0,2.65,0.0,0.0,0.0,0.0,25.06,14.36,0.371,0.376,STRAIGHT,1.5,1.5,"CMD,0.4,1.50",4.0,0.0088,2.283,0.023,1,0.957,0,NORMAL,62.717,0.977,1,1,1,1,1,99.2,0,0,dijkstra,predict,0.4356,0,,,,,,0,,,,207340,130679,0
484,37.54496240615845,2026-03-06T01:40:08.345128,2.0,0.0,3.51,0.0,0.0,0.0,0.0,20.14,14.35,0.368,0.371,STRAIGHT,1.5,1.5,"CMD,0.4,1.50",4.0,0.0088,2.283,0.023,1,0.957,0,NORMAL,63.532,0.959,1,1,1,1,1,94.2,0,0,dijkstra,predict,0.42919,0,,,,,,0,,,,207340,128756,0
485,37.715484380722046,2026-03-06T01:40:08.515650,113.71,0.0,6.01,16.27,0.0,0.0,0.0,160.43,13.46,0.361,0.368,STRAIGHT,1.5,1.5,"CMD,0.4,1.50",4.0,0.0084,2.329,0.023,1,0.9736,0,NORMAL,63.017,0.943,1,1,1,1,1,116.4,88,5,dijkstra,graph,0.44019,0,,,,,,0,,,,204754,131724,2210
486,37.75622630119324,2026-03-06T01:40:08.556392,0.0,0.0,4.48,0.0,0.0,0.0,0.0,18.43,14.25,0.356,0.361,STRAIGHT,1.5,1.5,"CMD,0.4,1.50",4.0,0.0084,2.329,0.023,1,0.9736,0,NORMAL,63.004,1.093,1,1,1,1,1,106.4,0,0,dijkstra,predict,0.43961,0,,,,,,0,,,,208454,131882,0
487,37.79569053649902,2026-03-06T01:40:08.595856,2.0,0.0,2.0,0.0,0.0,0.0,0.0,19.77,14.24,0.353,0.356,STRAIGHT,1.5,1.5,"CMD,0.4,1.50",4.0,0.0084,2.329,0.023,1,0.9736,0,NORMAL,63.99,0.992,1,1,1,1,1,101.4,0,0,dijkstra,predict,0.43839,0,,,,,,0,,,,208454,131518,0
488,37.82593274116516,2026-03-06T01:40:08.626099,0.0,0.0,0.0,0.0,0.0,0.0,0.0,14.22,14.27,0.351,0.353,STRAIGHT,1.5,1.5,"CMD,0.4,1.50",4.0,0.0084,2.329,0.023,1,0.9736,0,NORMAL,64.104,0.996,1,1,1,1,1,96.4,0,0,dijkstra,predict,0.43202,0,,,,,,0,,,,208454,129606,0
489,38.00293445587158,2026-03-06T01:40:08.803100,109.64,0.0,7.75,16.32,2.0,0.0,0.0,156.83,13.36,0.341,0.351,STRAIGHT,1.5,1.5,"CMD,0.4,1.50",4.0,0.0078,2.42,0.023,1,0.9686,0,NORMAL,64.422,0.965,1,1,1,1,1,121.0,95,5,dijkstra,graph,0.45386,0,,,,,,0,,,,208346,135750,2472
490,38.03956627845764,2026-03-06T01:40:08.839732,0.0,0.0,2.31,0.0,0.0,0.0,0.0,16.42,14.19,0.335,0.341,STRAIGHT,1.5,1.5,"CMD,0.3,1.50",4.0,0.0078,2.42,0.023,1,0.9686,0,NORMAL,64.597,0.839,1,1,1,1,1,111.0,0,0,dijkstra,predict,0.45261,0,,,,,,0,,,,211475,135782,0
491,38.07357954978943,2026-03-06T01:40:08.873746,0.0,0.0,0.0,0.0,0.0,0.0,0.0,23.97,14.25,0.33,0.335,STRAIGHT,1.5,1.5,"CMD,0.3,1.50",4.0,0.0078,2.42,0.023,1,0.9686,0,NORMAL,64.715,0.83,1,1,1,1,1,106.0,0,0,dijkstra,predict,0.45178,0,,,,,,0,,,,211475,135534,0
492,38.112327337265015,2026-03-06T01:40:08.912493,2.0,0.0,0.0,0.0,0.0,0.0,0.0,22.03,14.2,0.327,0.33,STRAIGHT,1.5,1.5,"CMD,0.3,1.50",4.0,0.0078,2.42,0.023,1,0.9686,0,NORMAL,64.919,0.784,1,1,1,1,1,101.0,0,0,dijkstra,predict,0.44492,0,,,,,,0,,,,211475,133475,0
493,38.2942259311676,2026-03-06T01:40:09.094392,112.26,0.0,8.01,20.15,0.0,0.0,2.86,163.79,13.26,0.334,0.33,STRAIGHT,1.5,1.5,"CMD,0.3,1.50",4.0,0.0084,2.329,0.023,1,0.9738,0,NORMAL,65.417,0.725,1,1,1,1,1,116.4,90,6,dijkstra,graph,0.44707,0,,,,,,0,,,,203815,133772,2566
494,38.331984996795654,2026-03-06T01:40:09.132151,0.0,0.0,5.2,0.0,0.0,0.0,0.0,22.24,14.05,0.338,0.334,STRAIGHT,1.5,1.5,"CMD,0.3,1.50",4.0,0.0084,2.329,0.023,1,0.9738,0,NORMAL,65.954,0.695,1,1,1,1,1,106.4,0,0,dijkstra,predict,0.44683,0,,,,,,0,,,,208682,134048,0
495,38.372355222702026,2026-03-06T01:40:09.172521,2.0,0.0,3.01,0.0,0.0,0.0,0.0,20.34,14.07,0.341,0.338,STRAIGHT,1.5,1.5,"CMD,0.3,1.50",4.0,0.0084,2.329,0.023,1,0.9738,0,NORMAL,65.687,0.691,1,1,1,1,1,101.4,0,0,dijkstra,predict,0.44526,0,,,,,,0,,,,208682,133578,0
496,38.41109538078308,2026-03-06T01:40:09.211261,0.0,0.0,5.23,0.0,0.0,0.0,0.0,20.72,14.1,0.343,0.341,STRAIGHT,1.5,1.5,"CMD,0.3,1.50",4.0,0.0084,2.329,0.023,1,0.9738,0,NORMAL,66.292,0.631,1,1,1,1,1,96.4,0,0,dijkstra,predict,0.43848,0,,,,,,0,,,,208682,131543,0
497,38.57871079444885,2026-03-06T01:40:09.378877,108.07,0.0,5.51,16.02,0.0,0.0,2.0,149.85,13.25,0.349,0.343,STRAIGHT,1.5,1.5,"CMD,0.3,1.50",4.0,0.0088,2.283,0.023,1,0.9804,0,NORMAL,66.178,0.582,1,1,1,1,1,114.2,82,6,dijkstra,graph,0.4525,0,,,,,,0,,,,203787,135430,2395
498,38.61516284942627,2026-03-06T01:40:09.415329,3.61,0.0,0.0,0.0,0.0,0.0,0.0,17.99,14.13,0.353,0.349,STRAIGHT,1.5,1.5,"CMD,0.3,1.50",4.0,0.0088,2.283,0.023,1,0.9804,0,NORMAL,66.826,0.513,1,1,1,1,1,104.2,0,0,dijkstra,predict,0.45165,0,,,,,,0,,,,209002,135495,0
499,38.65697240829468,2026-03-06T01:40:09.457138,1.74,0.0,2.0,0.0,0.0,0.0,0.0,18.22,14.15,0.356,0.353,STRAIGHT,1.5,1.5,"CMD,0.4,1.50",4.0,0.0088,2.283,0.023,1,0.9804,0,NORMAL,67.119,0.461,1,1,1,1,1,99.2,0,0,dijkstra,predict,0.45077,0,,,,,,0,,,,209002,135230,0
500,38.6948037147522,2026-03-06T01:40:09.494970,2.0,0.0,2.0,0.0,0.0,0.0,0.0,21.81,14.18,0.358,0.356,STRAIGHT,1.5,1.5,"CMD,0.4,1.50",4.0,0.0088,2.283,0.023,1,0.9804,0,NORMAL,67.746,0.408,1,1,1,1,1,94.2,0,0,dijkstra,predict,0.44411,0,,,,,,0,,,,209002,133233,0
501,38.866063594818115,2026-03-06T01:40:09.666230,112.84,0.0,5.75,16.4,0.0,0.0,0.0,155.24,13.3,0.359,0.358,STRAIGHT,1.5,1.5,"CMD,0.4,1.50",4.0,0.0088,2.283,0.023,1,0.9749,0,NORMAL,66.918,0.428,1,1,1,1,1,114.2,88,6,dijkstra,graph,0.46816,0,,,,,,0,,,,207394,139933,2433
502,38.90168237686157,2026-03-06T01:40:09.701848,0.0,0.0,2.0,0.0,0.0,0.0,0.0,18.04,14.18,0.36,0.359,STRAIGHT,1.5,1.5,"CMD,0.4,1.50",4.0,0.0088,2.283,0.023,1,0.9749,0,NORMAL,68.157,0.378,1,1,1,1,1,104.2,0,0,dijkstra,predict,0.46647,0,,,,,,0,,,,211151,139942,0
503,38.94535493850708,2026-03-06T01:40:09.745521,2.0,0.0,2.0,0.0,0.0,0.0,0.0,22.08,14.19,0.36,0.36,STRAIGHT,1.5,1.5,"CMD,0.4,1.50",4.0,0.0088,2.283,0.023,1,0.9749,0,NORMAL,68.535,0.362,1,1,1,1,1,99.2,0,0,dijkstra,predict,0.46572,0,,,,,,0,,,,211151,139716,0
504,38.982943534851074,2026-03-06T01:40:09.783109,0.0,0.0,5.64,0.0,0.0,0.0,0.0,22.08,14.2,0.361,0.36,STRAIGHT,1.5,1.5,"CMD,0.4,1.50",4.0,0.0088,2.283,0.023,1,0.9749,0,NORMAL,69.799,0.257,1,1,1,1,1,94.2,0,0,dijkstra,predict,0.45883,0,,,,,,0,,,,211151,137650,0
505,39.156426429748535,2026-03-06T01:40:09.956592,114.76,0.0,12.16,12.02,0.0,0.0,0.0,161.16,13.27,0.361,0.361,STRAIGHT,1.5,1.5,"CMD,0.4,1.50",4.0,0.0088,2.283,0.023,1,0.973,0,NORMAL,69.255,0.262,1,1,1,1,1,114.2,92,5,dijkstra,graph,0.45698,0,,,,,,0,,,,203472,136655,2388
506,39.19883489608765,2026-03-06T01:40:09.999001,2.0,0.0,0.0,0.0,0.0,0.0,0.0,16.15,14.12,0.361,0.361,STRAIGHT,1.5,1.5,"CMD,0.4,1.50",4.0,0.0088,2.283,0.023,1,0.973,0,NORMAL,69.677,0.252,1,1,1,1,1,104.2,0,0,dijkstra,predict,0.45661,0,,,,,,0,,,,208159,136982,0
507,39.24017357826233,2026-03-06T01:40:10.040340,0.0,0.0,6.12,0.0,0.0,0.0,0.0,20.97,14.1,0.361,0.361,STRAIGHT,1.5,1.5,"CMD,0.4,1.50",4.0,0.0088,2.283,0.023,1,0.973,0,NORMAL,69.445,0.22,1,1,1,1,1,99.2,0,0,dijkstra,predict,0.45494,0,,,,,,0,,,,208159,136482,0
508,39.27844953536987,2026-03-06T01:40:10.078615,0.0,0.0,5.24,0.0,0.0,0.0,0.0,21.26,14.08,0.361,0.361,STRAIGHT,1.5,1.5,"CMD,0.4,1.50",4.0,0.0088,2.283,0.023,1,0.973,0,NORMAL,68.435,0.305,1,1,1,1,1,94.2,0,0,dijkstra,predict,0.4487,0,,,,,,0,,,,208159,134610,0
509,39.44987416267395,2026-03-06T01:40:10.250040,110.54,0.0,15.92,12.46,0.0,0.0,0.0,161.41,13.21,0.357,0.361,STRAIGHT,1.5,1.5,"CMD,0.4,1.50",4.0,0.0084,2.329,0.023,1,0.967,0,NORMAL,68.178,0.388,1,1,1,1,1,116.4,82,6,dijkstra,graph,0.4713,0,,,,,,0,,,,206955,141066,2501
510,39.497716188430786,2026-03-06T01:40:10.297882,2.0,0.0,4.01,0.0,0.0,0.0,0.0,21.56,13.98,0.353,0.357,STRAIGHT,1.5,1.5,"CMD,0.4,1.50",4.0,0.0084,2.329,0.023,1,0.967,0,NORMAL,68.793,0.424,1,1,1,1,1,106.4,0,0,dijkstra,predict,0.47069,0,,,,,,0,,,,211701,141207,0
511,39.53042435646057,2026-03-06T01:40:10.330590,3.01,0.0,0.0,0.0,0.0,0.0,0.0,15.26,14.04,0.351,0.353,STRAIGHT,1.5,1.5,"CMD,0.4,1.50",4.0,0.0084,2.329,0.023,1,0.967,0,NORMAL,68.351,0.386,1,1,1,1,1,101.4,0,0,dijkstra,predict,0.46955,0,,,,,,0,,,,211701,140865,0
512,39.57682156562805,2026-03-06T01:40:10.376987,0.0,0.0,5.42,0.0,0.0,0.0,0.0,26.27,14.02,0.35,0.351,STRAIGHT,1.5,1.5,"CMD,0.4,1.50",4.0,0.0084,2.329,0.023,1,0.967,0,NORMAL,67.206,0.43,1,1,1,1,1,96.4,0,0,dijkstra,predict,0.46284,0,,,,,,0,,,,211701,138852,0
513,39.74463391304016,2026-03-06T01:40:10.544800,111.38,0.0,6.01,15.3,2.0,0.0,0.0,152.58,13.18,0.345,0.35,STRAIGHT,1.5,1.5,"CMD,0.3,1.50",4.0,0.0081,2.374,0.023,1,0.9583,0,NORMAL,67.092,0.433,1,1,1,1,1,118.7,67,5,dijkstra,graph,0.4745,0,,,,,,0,,,,210664,141829,2261
514,39.78125476837158,2026-03-06T01:40:10.581421,0.0,0.0,0.0,0.0,0.0,0.0,0.0,16.6,14.04,0.341,0.345,STRAIGHT,1.5,1.5,"CMD,0.3,1.50",4.0,0.0081,2.374,0.023,1,0.9583,0,NORMAL,67.543,0.398,1,1,1,1,1,108.7,0,0,dijkstra,predict,0.47328,0,,,,,,0,,,,212572,141983,0
515,39.82266068458557,2026-03-06T01:40:10.622827,0.0,0.0,4.98,0.0,0.0,0.0,1.5,20.85,14.03,0.339,0.341,STRAIGHT,1.5,1.5,"CMD,0.3,1.50",4.0,0.0081,2.374,0.023,1,0.9583,0,NORMAL,64.808,0.549,1,1,1,1,1,103.7,0,0,dijkstra,predict,0.47209,0,,,,,,0,,,,212572,141628,0
516,39.85349893569946,2026-03-06T01:40:10.653665,2.36,0.0,0.0,0.0,0.0,0.0,0.0,20.67,14.09,0.337,0.339,STRAIGHT,1.5,1.5,"CMD,0.3,1.50",4.0,0.0081,2.374,0.023,1,0.9583,0,NORMAL,64.483,0.547,1,1,1,1,1,98.7,0,0,dijkstra,predict,0.46542,0,,,,,,0,,,,212572,139625,0
517,40.02572846412659,2026-03-06T01:40:10.825894,99.91,0.0,10.45,20.07,0.0,0.0,0.0,148.46,13.18,0.328,0.337,STRAIGHT,1.5,1.5,"CMD,0.3,1.50",4.0,0.0075,2.466,0.023,1,0.9358,0,NORMAL,63.326,0.624,1,1,1,1,1,123.3,88,5,dijkstra,graph,0.51304,0,,,,,,0,,,,224078,153420,2369
518,40.0640652179718,2026-03-06T01:40:10.864231,2.0,0.0,3.01,0.0,0.0,0.0,0.0,20.31,14.07,0.322,0.328,STRAIGHT,1.5,1.5,"CMD,0.3,1.50",4.0,0.0075,2.466,0.023,1,0.9358,0,NORMAL,60.058,0.623,1,1,1,1,1,113.3,0,0,dijkstra,predict,0.51116,0,,,,,,0,,,,224996,153349,0
519,40.10011625289917,2026-03-06T01:40:10.900282,2.0,0.0,2.0,0.0,0.0,0.0,0.0,20.03,14.07,0.318,0.322,STRAIGHT,1.5,1.5,"CMD,0.3,1.50",4.0,0.0075,2.466,0.023,1,0.9358,0,NORMAL,59.303,0.713,1,1,1,1,1,108.3,0,0,dijkstra,predict,0.51063,0,,,,,,0,,,,224996,153188,0
520,40.13684415817261,2026-03-06T01:40:10.937010,2.81,0.0,2.0,0.0,0.0,0.0,0.0,20.71,14.06,0.315,0.318,STRAIGHT,1.5,1.5,"CMD,0.3,1.50",4.0,0.0075,2.466,0.023,1,0.9358,0,NORMAL,60.04,0.712,1,1,1,1,1,103.3,0,0,dijkstra,predict,0.50303,0,,,,,,0,,,,224996,150908,0
521,40.306124210357666,2026-03-06T01:40:11.106290,111.63,0.0,6.52,13.16,0.0,0.0,0.0,147.25,13.22,0.313,0.315,STRAIGHT,1.5,1.5,"CMD,0.3,1.50",4.0,0.0075,2.466,0.023,1,0.9571,0,NORMAL,58.842,0.8,1,1,1,1,1,123.3,105,6,dijkstra,graph,0.52149,0,,,,,,0,,,,224724,156018,2539
522,40.35552978515625,2026-03-06T01:40:11.155696,0.0,0.0,0.0,0.0,0.0,0.0,6.98,29.26,14.07,0.312,0.313,STRAIGHT,1.5,1.5,"CMD,0.3,1.50",4.0,0.0075,2.466,0.023,1,0.9571,0,NORMAL,58.266,0.779,1,1,1,1,1,113.3,0,0,dijkstra,predict,0.52043,0,,,,,,0,,,,227688,156130,0
523,40.389472246170044,2026-03-06T01:40:11.189638,0.0,0.0,0.0,0.0,0.0,0.0,0.0,14.42,14.09,0.311,0.312,STRAIGHT,1.5,1.5,"CMD,0.3,1.50",4.0,0.0075,2.466,0.023,1,0.9571,0,NORMAL,56.967,0.827,1,1,1,1,1,108.3,0,0,dijkstra,predict,0.51942,0,,,,,,0,,,,227688,155827,0
524,40.438913106918335,2026-03-06T01:40:11.239079,0.0,0.0,4.88,0.0,0.0,0.0,0.0,30.9,14.03,0.311,0.311,STRAIGHT,1.5,1.5,"CMD,0.3,1.50",4.0,0.0075,2.466,0.023,1,0.9571,0,NORMAL,57.142,0.804,1,1,1,1,1,103.3,0,0,dijkstra,predict,0.51204,0,,,,,,0,,,,227688,153612,0
525,40.61519479751587,2026-03-06T01:40:11.415361,108.15,0.0,6.71,21.82,0.0,0.0,0.0,166.27,13.16,0.303,0.311,STRAIGHT,1.5,1.5,"CMD,0.3,1.50",4.0,0.007,2.557,0.023,1,0.9351,0,NORMAL,55.922,0.82,1,1,1,1,1,127.9,117,5,dijkstra,graph,0.54064,0,,,,,,0,,,,235115,161738,2643
526,40.65303635597229,2026-03-06T01:40:11.453202,0.0,0.0,5.0,0.0,0.0,0.0,0.0,21.82,13.98,0.298,0.303,STRAIGHT,1.5,1.5,"CMD,0.3,1.50",4.0,0.007,2.557,0.023,1,0.9351,0,NORMAL,54.844,0.861,1,1,1,1,1,117.9,0,0,dijkstra,predict,0.53916,0,,,,,,0,,,,240796,161749,0
527,40.684924602508545,2026-03-06T01:40:11.485091,0.0,0.0,0.0,0.0,0.0,0.0,0.0,13.87,14.01,0.295,0.298,STRAIGHT,1.5,1.5,"CMD,0.3,1.50",4.0,0.007,2.557,0.023,1,0.9351,0,NORMAL,54.858,0.834,1,1,1,1,1,112.9,0,0,dijkstra,predict,0.53842,0,,,,,,0,,,,240796,161526,0
528,40.727866649627686,2026-03-06T01:40:11.528032,0.0,0.0,5.71,0.0,0.0,0.0,0.0,26.16,14.0,0.293,0.295,STRAIGHT,1.5,1.5,"CMD,0.3,1.50",4.0,0.007,2.557,0.023,1,0.9351,0,NORMAL,54.897,0.87,1,1,1,1,1,107.9,0,0,dijkstra,predict,0.53046,0,,,,,,0,,,,240796,159137,0
529,40.90858006477356,2026-03-06T01:40:11.708746,110.81,0.0,6.01,24.42,0.0,0.0,0.0,159.17,13.1,0.291,0.293,STRAIGHT,1.5,1.5,"CMD,0.3,1.50",4.0,0.007,2.557,0.023,1,0.9479,0,NORMAL,55.11,0.927,1,1,1,1,1,127.9,120,4,dijkstra,graph,0.52056,0,,,,,,0,,,,227805,155728,2698
530,40.94564628601074,2026-03-06T01:40:11.745812,1.5,0.0,2.25,0.0,0.0,0.0,0.0,19.04,13.95,0.29,0.291,STRAIGHT,1.5,1.5,"CMD,0.3,1.50",4.0,0.007,2.557,0.023,1,0.9479,0,NORMAL,54.732,0.942,1,1,1,1,1,117.9,0,0,dijkstra,predict,0.52022,0,,,,,,0,,,,233588,156066,0
531,40.989569664001465,2026-03-06T01:40:11.789736,0.0,0.0,6.01,0.0,0.0,0.0,0.0,22.63,13.89,0.289,0.29,STRAIGHT,1.5,1.5,"CMD,0.3,1.50",4.0,0.007,2.557,0.023,1,0.9479,0,NORMAL,54.685,0.922,1,1,1,1,1,112.9,0,0,dijkstra,predict,0.51853,0,,,,,,0,,,,233588,155559,0
532,41.02632117271423,2026-03-06T01:40:11.826487,2.28,0.0,2.0,0.0,0.0,0.0,0.0,18.73,13.94,0.289,0.289,STRAIGHT,1.5,1.5,"CMD,0.3,1.50",4.0,0.007,2.557,0.023,1,0.9479,0,NORMAL,54.624,0.99,1,1,1,1,1,107.9,0,0,dijkstra,predict,0.51168,0,,,,,,0,,,,233588,153503,0
533,41.20361351966858,2026-03-06T01:40:12.003779,114.96,0.0,5.78,19.23,0.0,0.0,2.0,161.27,13.06,0.285,0.289,STRAIGHT,1.5,1.5,"CMD,0.3,1.50",4.0,0.0067,2.603,0.023,1,0.9788,0,NORMAL,54.728,1.026,1,1,1,1,1,130.1,107,4,dijkstra,graph,0.51756,0,,,,,,0,,,,229029,154740,2593
534,41.237765312194824,2026-03-06T01:40:12.037931,2.0,0.0,0.0,0.0,0.0,0.0,0.0,18.13,13.93,0.283,0.285,STRAIGHT,1.5,1.5,"CMD,0.3,1.50",4.0,0.0067,2.603,0.023,1,0.9788,0,NORMAL,54.071,1.052,1,1,1,1,1,120.1,0,0,dijkstra,predict,0.51687,0,,,,,,0,,,,236288,155061,0
535,41.281365394592285,2026-03-06T01:40:12.081531,1.74,0.0,4.86,0.0,0.0,0.0,0.0,25.54,13.93,0.281,0.283,STRAIGHT,1.5,1.5,"CMD,0.3,1.50",4.0,0.0067,2.603,0.023,1,0.9788,0,NORMAL,52.261,1.024,1,1,1,1,1,115.1,0,0,dijkstra,predict,0.51524,0,,,,,,0,,,,236288,154572,0
536,41.319087505340576,2026-03-06T01:40:12.119253,7.89,0.0,4.01,0.0,0.0,0.0,0.0,22.15,13.95,0.28,0.281,STRAIGHT,1.5,1.5,"CMD,0.3,1.50",4.0,0.0067,2.603,0.023,1,0.9788,0,NORMAL,52.493,1.011,1,1,1,1,1,110.1,0,0,dijkstra,predict,0.50815,0,,,,,,0,,,,236288,152446,0
537,41.49537920951843,2026-03-06T01:40:12.295545,109.5,0.0,8.28,25.94,0.0,0.0,0.0,168.28,13.08,0.279,0.28,STRAIGHT,1.5,1.5,"CMD,0.3,1.50",4.0,0.0067,2.603,0.023,1,0.9647,0,NORMAL,52.901,1.004,1,1,1,1,1,130.1,105,4,dijkstra,graph,0.53302,0,,,,,,0,,,,236991,159450,2667
538,41.53595042228699,2026-03-06T01:40:12.336116,2.0,0.0,4.01,0.0,0.0,0.0,0.0,24.55,13.9,0.279,0.279,STRAIGHT,1.5,1.5,"CMD,0.3,1.50",4.0,0.0067,2.603,0.023,1,0.9647,0,NORMAL,52.852,1.028,1,1,1,1,1,120.1,0,0,dijkstra,predict,0.53175,0,,,,,,0,,,,244709,159524,0
539,41.57247996330261,2026-03-06T01:40:12.372646,2.0,0.0,0.0,0.0,0.0,0.0,0.0,16.5,13.98,0.279,0.279,STRAIGHT,1.5,1.5,"CMD,0.3,1.50",4.0,0.0067,2.603,0.023,1,0.9647,0,NORMAL,52.067,1.009,1,1,1,1,1,115.1,0,0,dijkstra,predict,0.53075,0,,,,,,0,,,,244709,159225,0
540,41.615657806396484,2026-03-06T01:40:12.415824,2.86,0.0,2.0,0.0,0.0,0.0,0.0,27.1,13.91,0.278,0.279,STRAIGHT,1.5,1.5,"CMD,0.3,1.50",4.0,0.0067,2.603,0.023,1,0.9647,0,NORMAL,52.412,0.992,1,1,1,1,1,110.1,0,0,dijkstra,predict,0.52304,0,,,,,,0,,,,244709,156911,0
541,41.78739142417908,2026-03-06T01:40:12.587558,102.23,0.0,10.08,17.73,2.0,0.0,0.0,154.21,13.12,0.278,0.278,STRAIGHT,1.5,1.5,"CMD,0.3,1.50",4.0,0.0067,2.603,0.023,1,0.9681,0,NORMAL,52.552,0.975,1,1,1,1,1,130.1,104,4,dijkstra,graph,0.52033,0,,,,,,0,,,,230808,155524,2599
542,41.827208280563354,2026-03-06T01:40:12.627374,2.0,0.0,2.0,0.0,0.0,0.0,0.0,20.05,13.93,0.278,0.278,STRAIGHT,1.5,1.5,"CMD,0.3,1.50",4.0,0.0067,2.603,0.023,1,0.9681,0,NORMAL,51.415,0.997,1,1,1,1,1,120.1,0,0,dijkstra,predict,0.51935,0,,,,,,0,,,,239814,155806,0
543,41.86701440811157,2026-03-06T01:40:12.667180,0.0,0.0,5.61,0.0,0.0,0.0,0.0,21.78,13.9,0.278,0.278,STRAIGHT,1.5,1.5,"CMD,0.3,1.50",4.0,0.0067,2.603,0.023,1,0.9681,0,NORMAL,50.417,0.969,1,1,1,1,1,115.1,0,0,dijkstra,predict,0.51783,0,,,,,,0,,,,239814,155350,0
544,41.90309762954712,2026-03-06T01:40:12.703264,2.0,0.0,2.0,0.0,0.0,0.0,0.0,20.03,13.94,0.278,0.278,STRAIGHT,1.5,1.5,"CMD,0.3,1.50",4.0,0.0067,2.603,0.023,1,0.9681,0,NORMAL,50.188,0.952,1,1,1,1,1,110.1,0,0,dijkstra,predict,0.5103,0,,,,,,0,,,,239814,153089,0
545,42.08265423774719,2026-03-06T01:40:12.882820,106.41,0.0,14.33,21.06,0.0,0.0,0.0,161.53,13.01,0.278,0.278,STRAIGHT,1.5,1.5,"CMD,0.3,1.50",4.0,0.0067,2.603,0.023,1,0.9846,0,NORMAL,50.004,1.052,1,1,1,1,1,130.1,107,4,dijkstra,graph,0.51988,0,,,,,,0,,,,228970,155394,2692
546,42.12311816215515,2026-03-06T01:40:12.923284,0.0,0.0,5.53,0.0,0.0,0.0,0.0,19.81,13.83,0.278,0.278,STRAIGHT,1.5,1.5,"CMD,0.3,1.50",4.0,0.0067,2.603,0.023,1,0.9846,0,NORMAL,50.104,0.92,1,1,1,1,1,120.1,0,0,dijkstra,predict,0.51844,0,,,,,,0,,,,236615,155532,0
547,42.15588092803955,2026-03-06T01:40:12.956047,0.0,0.0,0.0,0.0,0.0,0.0,0.0,22.34,13.86,0.278,0.278,STRAIGHT,1.5,1.5,"CMD,0.3,1.50",4.0,0.0067,2.603,0.023,1,0.9846,0,NORMAL,50.021,0.931,1,1,1,1,1,115.1,0,0,dijkstra,predict,0.51736,0,,,,,,0,,,,236615,155207,0
548,42.19852042198181,2026-03-06T01:40:12.998686,1.0,0.0,4.01,0.0,0.0,0.0,0.0,21.53,13.82,0.278,0.278,STRAIGHT,1.5,1.5,"CMD,0.3,1.50",4.0,0.0067,2.603,0.023,1,0.9846,0,NORMAL,50.02,0.877,1,1,1,1,1,110.1,0,0,dijkstra,predict,0.50966,0,,,,,,0,,,,236615,152897,0
549,42.375027656555176,2026-03-06T01:40:13.175194,115.95,0.0,9.53,18.05,0.0,0.0,0.0,160.14,12.96,0.289,0.278,STRAIGHT,1.5,1.5,"CMD,0.3,1.50",4.0,0.0075,2.466,0.023,1,0.9626,0,NORMAL,50.157,0.865,1,1,1,1,1,123.3,105,4,dijkstra,graph,0.49971,0,,,,,,0,,,,220429,149468,2546
550,42.415844202041626,2026-03-06T01:40:13.216010,2.83,0.0,0.0,0.0,0.0,0.0,0.0,20.56,13.75,0.296,0.289,STRAIGHT,1.5,1.5,"CMD,0.3,1.50",4.0,0.0075,2.466,0.023,1,0.9626,0,NORMAL,50.435,0.818,1,1,1,1,1,113.3,0,0,dijkstra,predict,0.49937,0,,,,,,0,,,,227482,149810,0
551,42.45647931098938,2026-03-06T01:40:13.256645,1.74,0.0,0.0,0.0,0.0,0.0,0.0,18.21,13.8,0.3,0.296,STRAIGHT,1.5,1.5,"CMD,0.3,1.50",4.0,0.0075,2.466,0.023,1,0.9626,0,NORMAL,50.901,0.8,1,1,1,1,1,108.3,0,0,dijkstra,predict,0.49764,0,,,,,,0,,,,227482,149293,0
552,42.49679732322693,2026-03-06T01:40:13.296963,1.74,0.0,0.0,0.0,0.0,0.0,0.0,18.16,13.76,0.303,0.3,STRAIGHT,1.5,1.5,"CMD,0.3,1.50",4.0,0.0075,2.466,0.023,1,0.9626,0,NORMAL,51.327,0.718,1,1,1,1,1,103.3,0,0,dijkstra,predict,0.49074,0,,,,,,0,,,,227482,147221,0
553,42.68882894515991,2026-03-06T01:40:13.488995,121.68,0.0,7.75,18.02,0.0,0.0,2.0,171.93,12.89,0.314,0.303,STRAIGHT,1.5,1.5,"CMD,0.3,1.50",4.0,0.0081,2.374,0.023,1,0.9457,0,NORMAL,51.26,0.616,1,1,1,1,1,118.7,87,4,dijkstra,graph,0.49864,0,,,,,,0,,,,223101,149077,2383
554,42.72934675216675,2026-03-06T01:40:13.529513,0.0,0.0,5.06,0.0,0.0,0.0,0.0,26.5,13.72,0.321,0.314,STRAIGHT,1.5,1.5,"CMD,0.3,1.50",4.0,0.0081,2.374,0.023,1,0.9457,0,NORMAL,51.587,0.617,1,1,1,1,1,108.7,0,0,dijkstra,predict,0.49709,0,,,,,,0,,,,229333,149126,0
555,42.76437306404114,2026-03-06T01:40:13.564539,2.0,0.0,0.0,0.0,0.0,0.0,0.0,17.0,13.74,0.325,0.321,STRAIGHT,1.5,1.5,"CMD,0.3,1.50",4.0,0.0081,2.374,0.023,1,0.9457,0,NORMAL,52.307,0.661,1,1,1,1,1,103.7,0,0,dijkstra,predict,0.49609,0,,,,,,0,,,,229333,148828,0
556,42.80673170089722,2026-03-06T01:40:13.606898,4.01,0.0,2.0,0.0,0.0,0.0,0.0,26.59,13.67,0.328,0.325,STRAIGHT,1.5,1.5,"CMD,0.3,1.50",4.0,0.0081,2.374,0.023,1,0.9457,0,NORMAL,52.49,0.598,1,1,1,1,1,98.7,0,0,dijkstra,predict,0.48864,0,,,,,,0,,,,229333,146591,0
557,42.99133896827698,2026-03-06T01:40:13.791505,119.55,0.0,9.24,11.02,0.0,0.0,0.0,160.39,12.87,0.33,0.328,STRAIGHT,1.5,1.5,"CMD,0.3,1.50",4.0,0.0081,2.374,0.023,1,0.9434,0,NORMAL,53.202,0.598,1,1,1,1,1,118.7,93,5,dijkstra,graph,0.46971,0,,,,,,0,,,,210479,140465,2401
558,43.027761459350586,2026-03-06T01:40:13.827927,0.0,0.0,0.0,0.0,0.0,0.0,5.47,22.41,13.68,0.331,0.33,STRAIGHT,1.5,1.5,"CMD,0.3,1.50",4.0,0.0081,2.374,0.023,1,0.9434,0,NORMAL,53.763,0.659,1,1,1,1,1,108.7,0,0,dijkstra,predict,0.4694,0,,,,,,0,,,,218252,140821,0
559,43.06273698806763,2026-03-06T01:40:13.862903,2.43,0.0,0.0,0.0,0.0,0.0,0.0,20.16,13.7,0.332,0.331,STRAIGHT,1.5,1.5,"CMD,0.3,1.50",4.0,0.0081,2.374,0.023,1,0.9434,0,NORMAL,53.89,0.681,1,1,1,1,1,103.7,0,0,dijkstra,predict,0.46763,0,,,,,,0,,,,218252,140288,0
560,43.10347557067871,2026-03-06T01:40:13.903641,2.0,0.0,2.51,0.0,0.0,0.0,0.0,20.06,13.72,0.333,0.332,STRAIGHT,1.5,1.5,"CMD,0.3,1.50",4.0,0.0081,2.374,0.023,1,0.9434,0,NORMAL,54.293,0.716,1,1,1,1,1,98.7,0,0,dijkstra,predict,0.46096,0,,,,,,0,,,,218252,138289,0
561,43.28657793998718,2026-03-06T01:40:14.086744,117.36,0.0,3.91,20.17,0.0,0.0,0.0,163.51,12.83,0.338,0.333,STRAIGHT,1.5,1.5,"CMD,0.3,1.50",4.0,0.0084,2.329,0.023,1,0.9723,0,NORMAL,55.357,0.653,1,1,1,1,1,116.4,93,5,dijkstra,graph,0.45217,0,,,,,,0,,,,205481,135224,2312
562,43.33377146720886,2026-03-06T01:40:14.133937,0.0,0.0,4.81,0.0,0.0,0.0,0.0,20.92,13.61,0.341,0.338,STRAIGHT,1.5,1.5,"CMD,0.3,1.50",4.0,0.0084,2.329,0.023,1,0.9723,0,NORMAL,56.146,0.627,1,1,1,1,1,106.4,0,0,dijkstra,predict,0.45167,0,,,,,,0,,,,209982,135502,0
563,43.374953746795654,2026-03-06T01:40:14.175120,0.0,0.0,7.16,0.0,0.0,0.0,0.0,25.66,13.57,0.343,0.341,STRAIGHT,1.5,1.5,"CMD,0.3,1.50",4.0,0.0084,2.329,0.023,1,0.9723,0,NORMAL,56.528,0.637,1,1,1,1,1,101.4,0,0,dijkstra,predict,0.44978,0,,,,,,0,,,,209982,134935,0
564,43.41453719139099,2026-03-06T01:40:14.214703,2.0,0.0,2.0,0.0,0.0,0.0,0.0,20.49,13.61,0.344,0.343,STRAIGHT,1.5,1.5,"CMD,0.3,1.50",4.0,0.0084,2.329,0.023,1,0.9723,0,NORMAL,58.951,0.539,1,1,1,1,1,96.4,0,0,dijkstra,predict,0.44314,0,,,,,,0,,,,209982,132943,0
565,43.592005252838135,2026-03-06T01:40:14.392171,115.53,0.0,10.08,10.13,10.13,0.0,0.0,163.44,12.76,0.35,0.344,STRAIGHT,1.5,1.5,"CMD,0.3,1.50",4.0,0.0088,2.283,0.023,1,0.9542,0,NORMAL,59.776,0.511,1,1,1,1,1,114.2,91,5,dijkstra,graph,0.45248,0,,,,,,0,,,,205426,135420,2344
566,43.63341927528381,2026-03-06T01:40:14.433585,0.0,0.0,4.94,0.0,0.0,0.0,0.0,20.73,13.56,0.354,0.35,STRAIGHT,1.5,1.5,"CMD,0.4,1.50",4.0,0.0088,2.283,0.023,1,0.9542,0,NORMAL,60.207,0.459,1,1,1,1,1,104.2,0,0,dijkstra,predict,0.45124,0,,,,,,0,,,,209526,135373,0
567,43.66837000846863,2026-03-06T01:40:14.468536,2.34,0.0,0.0,0.0,0.0,0.0,0.0,16.6,13.6,0.356,0.354,STRAIGHT,1.5,1.5,"CMD,0.4,1.50",4.0,0.0088,2.283,0.023,1,0.9542,0,NORMAL,60.716,0.445,1,1,1,1,1,99.2,0,0,dijkstra,predict,0.45013,0,,,,,,0,,,,209526,135038,0
568,43.7045795917511,2026-03-06T01:40:14.504746,0.0,0.0,2.98,0.0,0.0,0.0,0.0,20.66,13.6,0.358,0.356,STRAIGHT,1.5,1.5,"CMD,0.4,1.50",4.0,0.0088,2.283,0.023,1,0.9542,0,NORMAL,61.753,0.394,1,1,1,1,1,94.2,0,0,dijkstra,predict,0.44281,0,,,,,,0,,,,209526,132843,0
569,43.87916707992554,2026-03-06T01:40:14.679333,107.55,0.0,10.15,18.38,0.0,0.0,0.0,164.33,12.81,0.364,0.358,STRAIGHT,1.5,1.5,"CMD,0.4,1.50",4.0,0.0091,2.237,0.023,1,0.9546,0,NORMAL,62.236,0.374,1,1,1,1,1,111.9,87,3,dijkstra,graph,0.41965,0,,,,,,0,,,,197067,125645,2265
570,43.90941119194031,2026-03-06T01:40:14.709577,0.0,0.0,0.0,0.0,0.0,0.0,0.0,14.22,13.67,0.368,0.364,STRAIGHT,1.5,1.5,"CMD,0.4,1.50",4.0,0.0091,2.237,0.023,1,0.9546,0,NORMAL,63.329,0.345,1,1,1,1,1,101.9,0,0,dijkstra,predict,0.41975,0,,,,,,0,,,,201641,125926,0
571,43.952070474624634,2026-03-06T01:40:14.752236,0.0,0.0,4.01,0.0,0.0,0.0,0.0,22.21,13.66,0.371,0.368,STRAIGHT,1.5,1.5,"CMD,0.4,1.50",4.0,0.0091,2.237,0.023,1,0.9546,0,NORMAL,63.462,0.401,1,1,1,1,1,96.9,0,0,dijkstra,predict,0.41781,0,,,,,,0,,,,201641,125343,0
572,43.99258017539978,2026-03-06T01:40:14.792746,2.0,0.0,2.0,0.0,0.0,0.0,0.0,24.43,13.64,0.373,0.371,STRAIGHT,1.5,1.5,"CMD,0.4,1.50",4.0,0.0091,2.237,0.023,1,0.9546,0,NORMAL,64.263,0.388,1,1,1,1,1,91.9,0,0,dijkstra,predict,0.41126,0,,,,,,0,,,,201641,123379,0
573,44.161357164382935,2026-03-06T01:40:14.961523,110.95,0.0,6.01,10.02,0.0,0.0,0.0,154.76,12.84,0.369,0.371,STRAIGHT,1.5,1.5,"CMD,0.4,1.50",4.0,0.0088,2.283,0.023,1,0.9803,0,NORMAL,64.917,0.383,1,1,1,1,1,114.2,103,2,dijkstra,graph,0.41961,0,,,,,,0,,,,197925,125648,1903
574,44.19385886192322,2026-03-06T01:40:14.994025,2.0,0.0,0.0,0.0,0.0,0.0,0.0,22.39,13.74,0.366,0.369,STRAIGHT,1.5,1.5,"CMD,0.4,1.50",4.0,0.0088,2.283,0.023,1,0.9803,0,NORMAL,64.007,0.5,1,1,1,1,1,104.2,0,0,dijkstra,predict,0.4187,0,,,,,,0,,,,203248,125611,0
575,44.23251032829285,2026-03-06T01:40:15.032676,0.0,0.0,4.1,0.0,0.0,0.0,0.0,18.6,13.75,0.365,0.366,STRAIGHT,1.5,1.5,"CMD,0.4,1.50",4.0,0.0088,2.283,0.023,1,0.9803,0,NORMAL,62.653,0.524,1,1,1,1,1,99.2,0,0,dijkstra,predict,0.41786,0,,,,,,0,,,,203248,125358,0
576,44.27356171607971,2026-03-06T01:40:15.073728,0.0,0.0,0.0,0.0,0.0,0.0,0.0,15.23,13.73,0.364,0.365,STRAIGHT,1.5,1.5,"CMD,0.4,1.50",4.0,0.0088,2.283,0.023,1,0.9803,0,NORMAL,63.304,0.603,1,1,1,1,1,94.2,0,0,dijkstra,predict,0.41068,0,,,,,,0,,,,203248,123204,0
577,44.44539952278137,2026-03-06T01:40:15.245566,108.4,0.0,10.09,10.14,0.0,0.0,0.0,161.73,12.91,0.363,0.364,STRAIGHT,1.5,1.5,"CMD,0.4,1.50",4.0,0.0088,2.283,0.023,1,0.9572,0,NORMAL,63.767,0.538,1,1,1,1,1,114.2,72,2,dijkstra,graph,0.40645,0,,,,,,0,,,,191032,121777,1625
578,44.48388338088989,2026-03-06T01:40:15.284049,2.0,0.0,4.01,0.0,0.0,0.0,0.0,22.25,13.75,0.362,0.363,STRAIGHT,1.5,1.5,"CMD,0.4,1.50",4.0,0.0088,2.283,0.023,1,0.9572,0,NORMAL,64.083,0.548,1,1,1,1,1,104.2,0,0,dijkstra,predict,0.40674,0,,,,,,0,,,,195585,122023,0
579,44.52012276649475,2026-03-06T01:40:15.320289,2.0,0.0,3.77,0.0,0.0,0.0,0.0,24.22,13.78,0.362,0.362,STRAIGHT,1.5,1.5,"CMD,0.4,1.50",4.0,0.0088,2.283,0.023,1,0.9572,0,NORMAL,64.978,0.515,1,1,1,1,1,99.2,0,0,dijkstra,predict,0.40514,0,,,,,,0,,,,195585,121543,0
580,44.55654454231262,2026-03-06T01:40:15.356710,0.0,0.0,6.35,0.0,0.0,0.0,0.0,20.19,13.81,0.362,0.362,STRAIGHT,1.5,1.5,"CMD,0.4,1.50",4.0,0.0088,2.283,0.023,1,0.9572,0,NORMAL,64.57,0.484,1,1,1,1,1,94.2,0,0,dijkstra,predict,0.39894,0,,,,,,0,,,,195585,119682,0
581,44.72094774246216,2026-03-06T01:40:15.521114,106.64,0.0,8.01,18.03,0.0,0.0,0.0,154.31,13.04,0.362,0.362,STRAIGHT,1.5,1.5,"CMD,0.4,1.50",4.0,0.0088,2.283,0.023,1,0.9595,0,NORMAL,64.251,0.453,1,1,1,1,1,114.2,89,2,dijkstra,graph,0.42657,0,,,,,,0,,,,198951,127723,1823
582,44.76211214065552,2026-03-06T01:40:15.562278,1.74,0.0,4.45,0.0,0.0,0.0,0.0,25.14,13.99,0.362,0.362,STRAIGHT,1.5,1.5,"CMD,0.4,1.50",4.0,0.0088,2.283,0.023,1,0.9595,0,NORMAL,64.311,0.491,1,1,1,1,1,104.2,0,0,dijkstra,predict,0.42549,0,,,,,,0,,,,202591,127648,0
583,44.79906964302063,2026-03-06T01:40:15.599236,0.0,0.0,0.0,0.0,0.0,0.0,0.0,14.4,14.05,0.361,0.362,STRAIGHT,1.5,1.5,"CMD,0.4,1.50",4.0,0.0088,2.283,0.023,1,0.9595,0,NORMAL,64.416,0.512,1,1,1,1,1,99.2,0,0,dijkstra,predict,0.42475,0,,,,,,0,,,,202591,127426,0
584,44.82991909980774,2026-03-06T01:40:15.630085,0.0,0.0,0.0,0.0,0.0,0.0,0.0,20.74,14.04,0.361,0.361,STRAIGHT,1.5,1.5,"CMD,0.4,1.50",4.0,0.0088,2.283,0.023,1,0.9595,0,NORMAL,64.525,0.483,1,1,1,1,1,94.2,0,0,dijkstra,predict,0.4179,0,,,,,,0,,,,202591,125369,0
585,45.00258994102478,2026-03-06T01:40:15.802756,106.81,0.0,10.08,18.16,0.0,0.0,0.0,152.14,13.21,0.357,0.361,STRAIGHT,1.5,1.5,"CMD,0.4,1.50",4.0,0.0084,2.329,0.023,1,0.9791,0,NORMAL,64.736,0.484,1,1,1,1,1,116.4,95,2,dijkstra,graph,0.42934,0,,,,,,0,,,,201437,128542,1820
586,45.04060935974121,2026-03-06T01:40:15.840775,0.0,0.0,5.44,0.0,0.0,0.0,0.0,27.94,14.08,0.354,0.357,STRAIGHT,1.5,1.5,"CMD,0.4,1.50",4.0,0.0084,2.329,0.023,1,0.9791,0,NORMAL,64.778,0.523,1,1,1,1,1,106.4,0,0,dijkstra,predict,0.42876,0,,,,,,0,,,,206875,128628,0
587,45.07781100273132,2026-03-06T01:40:15.877977,2.0,0.0,4.01,0.0,0.0,0.0,0.0,24.11,14.15,0.351,0.354,STRAIGHT,1.5,1.5,"CMD,0.4,1.50",4.0,0.0084,2.329,0.023,1,0.9791,0,NORMAL,63.601,0.518,1,1,1,1,1,101.4,0,0,dijkstra,predict,0.42758,0,,,,,,0,,,,206875,128274,0
588,45.11215853691101,2026-03-06T01:40:15.912324,2.0,0.0,4.01,0.0,0.0,0.0,0.0,20.33,14.15,0.35,0.351,STRAIGHT,1.5,1.5,"CMD,0.4,1.50",4.0,0.0084,2.329,0.023,1,0.9791,0,NORMAL,62.633,0.5,1,1,1,1,1,96.4,0,0,dijkstra,predict,0.42093,0,,,,,,0,,,,206875,126280,0
589,45.28273010253906,2026-03-06T01:40:16.082896,101.9,0.0,10.4,22.44,2.0,0.0,0.0,154.76,13.31,0.345,0.35,STRAIGHT,1.5,1.5,"CMD,0.4,1.50",4.0,0.0081,2.374,0.023,1,0.9518,0,NORMAL,60.885,0.497,1,1,1,1,1,118.7,93,4,dijkstra,graph,0.4588,0,,,,,,0,,,,209971,137226,2124
590,45.32114624977112,2026-03-06T01:40:16.121312,2.38,0.0,4.01,0.0,0.0,0.0,0.0,22.4,14.25,0.341,0.345,STRAIGHT,1.5,1.5,"CMD,0.3,1.50",4.0,0.0081,2.374,0.023,1,0.9518,0,NORMAL,60.977,0.517,1,1,1,1,1,108.7,0,0,dijkstra,predict,0.45771,0,,,,,,0,,,,214612,137312,0
591,45.35785675048828,2026-03-06T01:40:16.158023,2.0,0.0,2.0,0.0,0.0,0.0,0.0,20.29,14.33,0.339,0.341,STRAIGHT,1.5,1.5,"CMD,0.3,1.50",4.0,0.0081,2.374,0.023,1,0.9518,0,NORMAL,59.423,0.503,1,1,1,1,1,103.7,0,0,dijkstra,predict,0.4566,0,,,,,,0,,,,214612,136981,0
592,45.38827347755432,2026-03-06T01:40:16.188439,0.0,0.0,0.0,0.0,0.0,0.0,0.0,14.4,14.4,0.337,0.339,STRAIGHT,1.5,1.5,"CMD,0.3,1.50",4.0,0.0081,2.374,0.023,1,0.9518,0,NORMAL,57.936,0.481,1,1,1,1,1,98.7,0,0,dijkstra,predict,0.45028,0,,,,,,0,,,,214612,135084,0
593,45.57307720184326,2026-03-06T01:40:16.373243,116.78,0.0,8.34,18.09,2.0,0.0,0.0,162.43,13.42,0.336,0.337,STRAIGHT,1.5,1.5,"CMD,0.3,1.50",4.0,0.0081,2.374,0.023,1,0.962,0,NORMAL,57.883,0.503,1,1,1,1,1,118.7,80,4,dijkstra,graph,0.44444,0,,,,,,0,,,,206315,132947,1881
594,45.60130476951599,2026-03-06T01:40:16.401471,0.0,0.0,0.0,0.0,0.0,0.0,0.0,12.21,14.43,0.336,0.336,STRAIGHT,1.5,1.5,"CMD,0.3,1.50",4.0,0.0081,2.374,0.023,1,0.962,0,NORMAL,57.396,0.563,1,1,1,1,1,108.7,0,0,dijkstra,predict,0.4441,0,,,,,,0,,,,211648,133229,0
595,45.64220356941223,2026-03-06T01:40:16.442370,0.0,0.0,0.0,0.0,0.0,0.0,0.0,20.63,14.44,0.335,0.336,STRAIGHT,1.5,1.5,"CMD,0.3,1.50",4.0,0.0081,2.374,0.023,1,0.962,0,NORMAL,57.021,0.525,1,1,1,1,1,103.7,0,0,dijkstra,predict,0.44256,0,,,,,,0,,,,211648,132768,0
596,45.68304419517517,2026-03-06T01:40:16.483210,0.0,0.0,4.01,0.0,0.0,0.0,0.0,20.58,14.39,0.335,0.335,STRAIGHT,1.5,1.5,"CMD,0.3,1.50",4.0,0.0081,2.374,0.023,1,0.962,0,NORMAL,56.799,0.585,1,1,1,1,1,98.7,0,0,dijkstra,predict,0.43651,0,,,,,,0,,,,211648,130954,0
597,45.845988750457764,2026-03-06T01:40:16.646155,108.39,0.0,5.63,15.77,0.0,0.0,0.0,147.37,13.54,0.335,0.335,STRAIGHT,1.5,1.5,"CMD,0.3,1.50",4.0,0.0081,2.374,0.023,1,0.9819,0,NORMAL,56.139,0.604,1,1,1,1,1,118.7,106,3,dijkstra,graph,0.44727,0,,,,,,0,,,,207108,133912,2084
598,45.88848900794983,2026-03-06T01:40:16.688655,0.0,0.0,3.96,0.0,0.0,0.0,0.0,22.26,14.43,0.334,0.335,STRAIGHT,1.5,1.5,"CMD,0.3,1.50",4.0,0.0081,2.374,0.023,1,0.9819,0,NORMAL,55.745,0.623,1,1,1,1,1,108.7,0,0,dijkstra,predict,0.44701,0,,,,,,0,,,,212492,134102,0
599,45.91923213005066,2026-03-06T01:40:16.719398,0.0,0.0,0.0,0.0,0.0,0.0,0.0,18.73,14.43,0.334,0.334,STRAIGHT,1.5,1.5,"CMD,0.3,1.50",4.0,0.0081,2.374,0.023,1,0.9819,0,NORMAL,54.685,0.707,1,1,1,1,1,103.7,0,0,dijkstra,predict,0.44571,0,,,,,,0,,,,212492,133714,0
600,45.95785117149353,2026-03-06T01:40:16.758017,1.74,0.0,0.0,0.0,0.0,0.0,0.0,16.49,14.44,0.334,0.334,STRAIGHT,1.5,1.5,"CMD,0.3,1.50",4.0,0.0081,2.374,0.023,1,0.9819,0,NORMAL,54.566,0.649,1,1,1,1,1,98.7,0,0,dijkstra,predict,0.43938,0,,,,,,0,,,,212492,131815,0
601,46.13989305496216,2026-03-06T01:40:16.940059,113.65,0.0,0.0,18.03,0.0,0.0,0.0,161.83,13.51,0.33,0.334,STRAIGHT,1.5,1.5,"CMD,0.3,1.50",4.0,0.0078,2.42,0.023,1,0.9663,0,NORMAL,52.833,0.752,1,1,1,1,1,121.0,98,5,dijkstra,graph,0.46725,0,,,,,,0,,,,213647,139791,2296
602,46.17236685752869,2026-03-06T01:40:16.972533,2.0,0.0,0.0,0.0,0.0,0.0,0.0,22.25,14.42,0.327,0.33,STRAIGHT,1.5,1.5,"CMD,0.3,1.50",4.0,0.0078,2.42,0.023,1,0.9663,0,NORMAL,52.983,0.735,1,1,1,1,1,111.0,0,0,dijkstra,predict,0.46625,0,,,,,,0,,,,220303,139874,0
603,46.21146845817566,2026-03-06T01:40:17.011634,0.0,0.0,3.48,0.0,0.0,0.0,0.0,18.78,14.37,0.325,0.327,STRAIGHT,1.5,1.5,"CMD,0.3,1.50",4.0,0.0078,2.42,0.023,1,0.9663,0,NORMAL,52.795,0.833,1,1,1,1,1,106.0,0,0,dijkstra,predict,0.46522,0,,,,,,0,,,,220303,139566,0
604,46.24488925933838,2026-03-06T01:40:17.045055,0.0,0.0,0.0,0.0,0.0,0.0,0.0,14.18,14.41,0.324,0.325,STRAIGHT,1.5,1.5,"CMD,0.3,1.50",4.0,0.0078,2.42,0.023,1,0.9663,0,NORMAL,51.363,0.685,1,1,1,1,1,101.0,0,0,dijkstra,predict,0.45853,0,,,,,,0,,,,220303,137559,0
605,46.416807413101196,2026-03-06T01:40:17.216973,104.59,0.0,8.01,21.57,0.0,0.0,0.0,154.81,13.5,0.327,0.325,STRAIGHT,1.5,1.5,"CMD,0.3,1.50",4.0,0.0081,2.374,0.023,1,0.9631,0,NORMAL,51.749,0.553,1,1,1,1,1,118.7,96,4,dijkstra,graph,0.44417,0,,,,,,0,,,,208955,132992,2128
606,46.4531033039093,2026-03-06T01:40:17.253269,0.0,0.0,4.23,0.0,0.0,0.0,0.0,18.27,14.44,0.33,0.327,STRAIGHT,1.5,1.5,"CMD,0.3,1.50",4.0,0.0081,2.374,0.023,1,0.9631,0,NORMAL,51.671,0.457,1,1,1,1,1,108.7,0,0,dijkstra,predict,0.44421,0,,,,,,0,,,,215419,133264,0
607,46.48571467399597,2026-03-06T01:40:17.285881,2.0,0.0,0.0,0.0,0.0,0.0,0.0,22.22,14.49,0.331,0.33,STRAIGHT,1.5,1.5,"CMD,0.3,1.50",4.0,0.0081,2.374,0.023,1,0.9631,0,NORMAL,51.627,0.483,1,1,1,1,1,103.7,0,0,dijkstra,predict,0.44277,0,,,,,,0,,,,215419,132830,0
608,46.52428650856018,2026-03-06T01:40:17.324452,0.0,0.0,2.38,0.0,0.0,0.0,0.0,18.51,14.47,0.332,0.331,STRAIGHT,1.5,1.5,"CMD,0.3,1.50",4.0,0.0081,2.374,0.023,1,0.9631,0,NORMAL,51.839,0.478,1,1,1,1,1,98.7,0,0,dijkstra,predict,0.4362,0,,,,,,0,,,,215419,130861,0
609,46.70278859138489,2026-03-06T01:40:17.502955,113.48,0.0,2.0,19.65,0.0,0.0,0.0,168.46,13.51,0.333,0.332,STRAIGHT,1.5,1.5,"CMD,0.3,1.50",4.0,0.0081,2.374,0.023,1,0.9869,0,NORMAL,52.007,0.499,1,1,1,1,1,118.7,99,5,dijkstra,graph,0.44744,0,,,,,,0,,,,209158,133882,2204
610,46.74416947364807,2026-03-06T01:40:17.544335,0.0,0.0,6.11,0.0,0.0,0.0,0.0,21.24,14.33,0.333,0.333,STRAIGHT,1.5,1.5,"CMD,0.3,1.50",4.0,0.0081,2.374,0.023,1,0.9869,0,NORMAL,52.457,0.502,1,1,1,1,1,108.7,0,0,dijkstra,predict,0.44649,0,,,,,,0,,,,215059,133946,0
611,46.77852392196655,2026-03-06T01:40:17.578690,3.16,0.0,0.0,0.0,0.0,0.0,0.0,18.33,14.38,0.334,0.333,STRAIGHT,1.5,1.5,"CMD,0.3,1.50",4.0,0.0081,2.374,0.023,1,0.9869,0,NORMAL,53.111,0.469,1,1,1,1,1,103.7,0,0,dijkstra,predict,0.44556,0,,,,,,0,,,,215059,133667,0
612,46.819207191467285,2026-03-06T01:40:17.619373,0.0,0.0,6.21,0.0,0.0,0.0,0.0,20.59,14.31,0.334,0.334,STRAIGHT,1.5,1.5,"CMD,0.3,1.50",4.0,0.0081,2.374,0.023,1,0.9869,0,NORMAL,53.431,0.447,1,1,1,1,1,98.7,0,0,dijkstra,predict,0.43883,0,,,,,,0,,,,215059,131650,0
613,46.993704319000244,2026-03-06T01:40:17.793870,113.57,0.0,5.27,18.18,2.0,0.0,0.0,164.42,13.4,0.338,0.334,STRAIGHT,1.5,1.5,"CMD,0.3,1.50",4.0,0.0084,2.329,0.023,1,0.972,0,NORMAL,53.583,0.436,1,1,1,1,1,116.4,104,3,dijkstra,graph,0.44198,0,,,,,,0,,,,209945,132114,2215
614,47.03244161605835,2026-03-06T01:40:17.832608,1.74,0.0,0.0,0.0,0.0,0.0,0.0,20.71,14.29,0.341,0.338,STRAIGHT,1.5,1.5,"CMD,0.3,1.50",4.0,0.0084,2.329,0.023,1,0.972,0,NORMAL,54.232,0.411,1,1,1,1,1,106.4,0,0,dijkstra,predict,0.4407,0,,,,,,0,,,,215291,132211,0
615,47.06658482551575,2026-03-06T01:40:17.866751,0.0,0.0,0.0,0.0,0.0,0.0,0.0,24.05,14.31,0.343,0.341,STRAIGHT,1.5,1.5,"CMD,0.3,1.50",4.0,0.0084,2.329,0.023,1,0.972,0,NORMAL,55.034,0.397,1,1,1,1,1,101.4,0,0,dijkstra,predict,0.43962,0,,,,,,0,,,,215291,131886,0
616,47.10758948326111,2026-03-06T01:40:17.907755,2.0,0.0,0.0,0.0,0.0,0.0,0.0,24.34,14.29,0.345,0.343,STRAIGHT,1.5,1.5,"CMD,0.3,1.50",4.0,0.0084,2.329,0.023,1,0.972,0,NORMAL,55.135,0.368,1,1,1,1,1,96.4,0,0,dijkstra,predict,0.43274,0,,,,,,0,,,,215291,129823,0
617,47.27634406089783,2026-03-06T01:40:18.076510,109.78,0.0,7.75,14.35,0.0,0.0,0.0,148.76,13.4,0.35,0.345,STRAIGHT,1.5,1.5,"CMD,0.3,1.50",4.0,0.0088,2.283,0.023,1,0.9743,0,NORMAL,54.951,0.422,1,1,1,1,1,114.2,93,3,dijkstra,graph,0.43353,0,,,,,,0,,,,208941,129785,2103
618,47.317214250564575,2026-03-06T01:40:18.117380,0.0,0.0,4.22,0.0,0.0,0.0,0.0,20.68,14.25,0.354,0.35,STRAIGHT,1.5,1.5,"CMD,0.4,1.50",4.0,0.0088,2.283,0.023,1,0.9743,0,NORMAL,54.991,0.42,1,1,1,1,1,104.2,0,0,dijkstra,predict,0.43298,0,,,,,,0,,,,214686,129894,0
619,47.34968686103821,2026-03-06T01:40:18.149853,0.0,0.0,0.0,0.0,0.0,0.0,0.0,22.36,14.3,0.356,0.354,STRAIGHT,1.5,1.5,"CMD,0.4,1.50",4.0,0.0088,2.283,0.023,1,0.9743,0,NORMAL,55.837,0.386,1,1,1,1,1,99.2,0,0,dijkstra,predict,0.43189,0,,,,,,0,,,,214686,129568,0
620,47.3921377658844,2026-03-06T01:40:18.192304,2.0,0.0,0.0,0.0,0.0,0.0,0.0,24.12,14.26,0.358,0.356,STRAIGHT,1.5,1.5,"CMD,0.4,1.50",4.0,0.0088,2.283,0.023,1,0.9743,0,NORMAL,55.747,0.372,1,1,1,1,1,94.2,0,0,dijkstra,predict,0.42503,0,,,,,,0,,,,214686,127510,0
621,47.56057834625244,2026-03-06T01:40:18.360744,101.49,0.0,10.31,20.33,0.0,0.0,0.0,148.35,13.35,0.359,0.358,STRAIGHT,1.5,1.5,"CMD,0.4,1.50",4.0,0.0088,2.283,0.023,1,0.9739,0,NORMAL,54.335,0.458,1,1,1,1,1,114.2,89,4,dijkstra,graph,0.43862,0,,,,,,0,,,,206875,131315,2075
622,47.60135221481323,2026-03-06T01:40:18.401518,0.0,0.0,0.0,0.0,0.0,0.0,0.0,17.21,14.3,0.36,0.359,STRAIGHT,1.5,1.5,"CMD,0.4,1.50",4.0,0.0088,2.283,0.023,1,0.9739,0,NORMAL,54.813,0.437,1,1,1,1,1,104.2,0,0,dijkstra,predict,0.4381,0,,,,,,0,,,,211254,131429,0
623,47.64238905906677,2026-03-06T01:40:18.442555,0.0,0.0,4.43,0.0,0.0,0.0,0.0,20.73,14.21,0.36,0.36,STRAIGHT,1.5,1.5,"CMD,0.4,1.50",4.0,0.0088,2.283,0.023,1,0.9739,0,NORMAL,55.502,0.433,1,1,1,1,1,99.2,0,0,dijkstra,predict,0.43694,0,,,,,,0,,,,211254,131083,0
624,47.67476940155029,2026-03-06T01:40:18.474935,2.0,0.0,0.0,0.0,0.0,0.0,0.0,16.36,14.27,0.361,0.36,STRAIGHT,1.5,1.5,"CMD,0.4,1.50",4.0,0.0088,2.283,0.023,1,0.9739,0,NORMAL,55.754,0.395,1,1,1,1,1,94.2,0,0,dijkstra,predict,0.43003,0,,,,,,0,,,,211254,129008,0
625,47.8447949886322,2026-03-06T01:40:18.644961,111.22,0.0,0.0,10.02,0.0,0.0,0.0,146.41,13.42,0.371,0.361,STRAIGHT,1.5,1.5,"CMD,0.4,1.50",4.0,0.0095,2.192,0.023,1,0.9579,0,NORMAL,54.773,0.454,1,1,1,1,1,109.6,96,3,dijkstra,graph,0.43273,0,,,,,,0,,,,207708,129485,1797
626,47.887022256851196,2026-03-06T01:40:18.687188,0.0,0.0,0.0,0.0,0.0,0.0,0.0,22.09,14.21,0.378,0.371,STRAIGHT,1.5,1.5,"CMD,0.4,1.50",4.0,0.0095,2.192,0.023,1,0.9579,0,NORMAL,55.152,0.492,1,1,1,1,1,99.6,0,0,dijkstra,predict,0.43198,0,,,,,,0,,,,211339,129595,0
627,47.936222076416016,2026-03-06T01:40:18.736388,0.0,0.0,5.9,0.0,0.0,0.0,0.0,20.6,14.16,0.383,0.378,STRAIGHT,1.5,1.5,"CMD,0.4,1.50",4.0,0.0095,2.192,0.023,1,0.9579,0,NORMAL,55.268,0.527,1,1,1,1,1,94.6,0,0,dijkstra,predict,0.43085,0,,,,,,0,,,,211339,129255,0
628,47.974700689315796,2026-03-06T01:40:18.774866,0.0,0.0,5.73,0.0,0.0,0.0,0.0,22.12,14.11,0.386,0.383,STRAIGHT,1.5,1.5,"CMD,0.4,1.50",4.0,0.0095,2.192,0.023,1,0.9579,0,NORMAL,53.843,0.567,1,1,1,1,1,89.6,0,0,dijkstra,predict,0.42405,0,,,,,,0,,,,211339,127215,0
629,48.14463520050049,2026-03-06T01:40:18.944801,111.68,0.0,0.0,22.48,2.0,0.0,0.0,157.92,13.26,0.388,0.386,STRAIGHT,1.5,1.5,"CMD,0.4,1.50",4.0,0.0095,2.192,0.023,1,0.9565,0,NORMAL,53.861,0.72,1,1,1,1,1,109.6,92,4,dijkstra,graph,0.41074,0,,,,,,0,,,,200342,122845,2015
630,48.17906928062439,2026-03-06T01:40:18.979235,0.0,0.0,4.16,0.0,0.0,0.0,0.0,18.41,14.22,0.389,0.388,STRAIGHT,1.5,1.5,"CMD,0.4,1.50",4.0,0.0095,2.192,0.023,1,0.9565,0,NORMAL,54.085,0.726,1,1,1,1,1,99.6,0,0,dijkstra,predict,0.4103,0,,,,,,0,,,,205614,123091,0
631,48.216801404953,2026-03-06T01:40:19.016967,0.0,0.0,5.49,0.0,0.0,0.0,0.0,21.71,14.18,0.39,0.389,STRAIGHT,1.5,1.5,"CMD,0.4,1.50",4.0,0.0095,2.192,0.023,1,0.9565,0,NORMAL,55.14,0.73,1,1,1,1,1,94.6,0,0,dijkstra,predict,0.40883,0,,,,,,0,,,,205614,122648,0
632,48.250170946121216,2026-03-06T01:40:19.050337,1.0,0.0,0.0,0.0,0.0,0.0,0.0,20.35,14.22,0.391,0.39,STRAIGHT,1.5,1.5,"CMD,0.4,1.50",4.0,0.0095,2.192,0.023,1,0.9565,0,NORMAL,55.671,0.695,1,1,1,1,1,89.6,0,0,dijkstra,predict,0.40235,0,,,,,,0,,,,205614,120704,0
633,48.42349624633789,2026-03-06T01:40:19.223662,108.79,0.0,12.12,16.03,0.0,0.0,0.0,163.24,13.31,0.391,0.391,STRAIGHT,1.5,1.5,"CMD,0.4,1.50",4.0,0.0095,2.192,0.023,1,0.9683,0,NORMAL,55.82,0.661,1,1,1,1,1,109.6,82,3,dijkstra,graph,0.39236,0,,,,,,0,,,,194259,117441,1905
634,48.462536573410034,2026-03-06T01:40:19.262702,0.0,0.0,5.76,0.0,0.0,0.0,0.0,22.43,14.18,0.391,0.391,STRAIGHT,1.5,1.5,"CMD,0.4,1.50",4.0,0.0095,2.192,0.023,1,0.9683,0,NORMAL,55.691,0.694,1,1,1,1,1,99.6,0,0,dijkstra,predict,0.39232,0,,,,,,0,,,,199143,117697,0
635,48.503331899642944,2026-03-06T01:40:19.303498,4.01,0.0,2.0,0.0,0.0,0.0,2.0,30.73,14.14,0.392,0.391,STRAIGHT,1.5,1.5,"CMD,0.4,1.50",4.0,0.0095,2.192,0.023,1,0.9683,0,NORMAL,56.489,0.675,1,1,1,1,1,94.6,0,0,dijkstra,predict,0.39082,0,,,,,,0,,,,199143,117245,0
636,48.53387117385864,2026-03-06T01:40:19.334037,1.74,0.0,0.0,0.0,0.0,0.0,0.0,16.52,14.16,0.392,0.392,STRAIGHT,1.5,1.5,"CMD,0.4,1.50",4.0,0.0095,2.192,0.023,1,0.9683,0,NORMAL,57.256,0.636,1,1,1,1,1,89.6,0,0,dijkstra,predict,0.38445,0,,,,,,0,,,,199143,115335,0
637,48.71090769767761,2026-03-06T01:40:19.511074,114.14,0.0,6.01,16.71,2.0,0.0,0.0,156.89,13.26,0.397,0.392,STRAIGHT,1.5,1.5,"CMD,0.4,1.50",4.0,0.0099,2.146,0.023,1,0.9701,0,NORMAL,58.145,0.603,1,1,1,1,1,107.3,90,3,dijkstra,graph,0.39182,0,,,,,,0,,,,191478,117297,1967
638,48.745354890823364,2026-03-06T01:40:19.545521,3.04,0.0,1.0,0.0,0.0,0.0,0.0,17.49,14.2,0.401,0.397,STRAIGHT,1.5,1.5,"CMD,0.4,1.50",4.0,0.0099,2.146,0.023,1,0.9701,0,NORMAL,58.785,0.542,1,1,1,1,1,97.3,0,0,dijkstra,predict,0.39096,0,,,,,,0,,,,196905,117289,0
639,48.788090229034424,2026-03-06T01:40:19.588256,2.0,0.0,2.0,0.0,0.0,0.0,2.0,22.39,14.19,0.404,0.401,STRAIGHT,1.5,1.5,"CMD,0.4,1.50",4.0,0.0099,2.146,0.023,1,0.9701,0,NORMAL,59.657,0.48,1,1,1,1,1,92.3,0,0,dijkstra,predict,0.39022,0,,,,,,0,,,,196905,117067,0
640,48.82698392868042,2026-03-06T01:40:19.627150,0.0,0.0,4.69,0.0,0.0,0.0,0.0,20.56,14.16,0.406,0.404,STRAIGHT,1.5,1.5,"CMD,0.4,1.50",4.0,0.0099,2.146,0.023,1,0.9701,0,NORMAL,59.911,0.488,1,1,1,1,1,87.3,0,0,dijkstra,predict,0.38364,0,,,,,,0,,,,196905,115091,0
641,48.988006353378296,2026-03-06T01:40:19.788172,108.87,0.0,7.5,12.02,0.0,0.0,0.0,144.79,13.37,0.413,0.406,STRAIGHT,1.5,1.5,"CMD,0.4,1.50",4.0,0.0104,2.1,0.023,1,0.9708,0,NORMAL,60.163,0.466,1,1,1,1,1,105.0,81,3,dijkstra,graph,0.37556,0,,,,,,0,,,,189479,112514,1879
642,49.0363872051239,2026-03-06T01:40:19.836553,2.0,0.0,4.0,0.0,0.0,0.0,0.0,28.12,14.2,0.418,0.413,STRAIGHT,1.5,1.5,"CMD,0.4,1.50",4.0,0.0104,2.1,0.023,1,0.9708,0,NORMAL,60.223,0.438,1,1,1,1,1,95.0,0,0,dijkstra,predict,0.3756,0,,,,,,0,,,,193571,112680,0
643,49.06870698928833,2026-03-06T01:40:19.868873,1.0,0.0,0.0,0.0,0.0,0.0,0.0,17.06,14.24,0.421,0.418,STRAIGHT,1.5,1.5,"CMD,0.4,1.50",4.0,0.0104,2.1,0.023,1,0.9708,0,NORMAL,61.109,0.44,1,1,1,1,1,90.0,0,0,dijkstra,predict,0.37436,0,,,,,,0,,,,193571,112309,0
644,49.10761475563049,2026-03-06T01:40:19.907781,0.0,0.0,6.46,0.0,0.0,0.0,0.0,28.87,14.21,0.423,0.421,STRAIGHT,1.5,1.5,"CMD,0.4,1.50",4.0,0.0104,2.1,0.023,1,0.9708,0,NORMAL,61.517,0.475,1,1,1,1,1,85.0,0,0,dijkstra,predict,0.36761,0,,,,,,0,,,,193571,110283,0
645,49.2796790599823,2026-03-06T01:40:20.079845,114.34,0.0,7.01,14.09,2.0,0.0,0.0,160.27,13.35,0.418,0.421,STRAIGHT,1.5,1.5,"CMD,0.4,1.50",4.0,0.0099,2.146,0.023,1,0.9823,0,NORMAL,60.549,0.541,1,1,1,1,1,107.3,74,3,dijkstra,graph,0.38531,0,,,,,,0,,,,191277,115322,2060
646,49.3137321472168,2026-03-06T01:40:20.113898,0.0,0.0,4.08,0.0,0.0,0.0,0.0,18.03,14.23,0.415,0.418,STRAIGHT,1.5,1.5,"CMD,0.4,1.50",4.0,0.0099,2.146,0.023,1,0.9823,0,NORMAL,60.645,0.517,1,1,1,1,1,97.3,0,0,dijkstra,predict,0.38482,0,,,,,,0,,,,196204,115445,0
647,49.351783752441406,2026-03-06T01:40:20.151950,0.0,0.0,5.66,0.0,0.0,0.0,0.0,22.03,14.25,0.413,0.415,STRAIGHT,1.5,1.5,"CMD,0.4,1.50",4.0,0.0099,2.146,0.023,1,0.9823,0,NORMAL,60.902,0.53,1,1,1,1,1,92.3,0,0,dijkstra,predict,0.38368,0,,,,,,0,,,,196204,115103,0
648,49.387094020843506,2026-03-06T01:40:20.187260,0.0,0.0,3.67,0.0,0.0,0.0,0.0,19.8,14.23,0.412,0.413,STRAIGHT,1.5,1.5,"CMD,0.4,1.50",4.0,0.0099,2.146,0.023,1,0.9823,0,NORMAL,61.139,0.527,1,1,1,1,1,87.3,0,0,dijkstra,predict,0.37705,0,,,,,,0,,,,196204,113115,0
649,49.56042432785034,2026-03-06T01:40:20.360590,114.49,0.0,7.01,14.02,4.0,0.0,0.0,159.31,13.37,0.417,0.413,STRAIGHT,1.5,1.5,"CMD,0.4,1.50",4.0,0.0104,2.1,0.023,1,0.9754,0,NORMAL,61.568,0.542,1,1,1,1,1,105.0,87,3,dijkstra,graph,0.38256,0,,,,,,0,,,,191871,114542,1760
650,49.59917616844177,2026-03-06T01:40:20.399342,2.0,0.0,4.34,0.0,0.0,0.0,0.0,20.73,14.23,0.42,0.417,STRAIGHT,1.5,1.5,"CMD,0.4,1.50",4.0,0.0104,2.1,0.023,1,0.9754,0,NORMAL,62.378,0.503,1,1,1,1,1,95.0,0,0,dijkstra,predict,0.38202,0,,,,,,0,,,,195876,114607,0
651,49.6327862739563,2026-03-06T01:40:20.432952,0.0,0.0,4.26,0.0,0.0,0.0,0.0,17.85,14.28,0.423,0.42,STRAIGHT,1.5,1.5,"CMD,0.4,1.50",4.0,0.0104,2.1,0.023,1,0.9754,0,NORMAL,62.377,0.46,1,1,1,1,1,90.0,0,0,dijkstra,predict,0.38107,0,,,,,,0,,,,195876,114320,0
652,49.667457818984985,2026-03-06T01:40:20.467624,0.0,0.0,4.01,0.0,0.0,0.0,0.0,18.44,14.32,0.424,0.423,STRAIGHT,1.5,1.5,"CMD,0.4,1.50",4.0,0.0104,2.1,0.023,1,0.9754,0,NORMAL,63.109,0.459,1,1,1,1,1,85.0,0,0,dijkstra,predict,0.37461,0,,,,,,0,,,,195876,112384,0
653,49.83542513847351,2026-03-06T01:40:20.635591,110.61,0.0,6.01,16.02,0.0,0.0,0.0,151.95,13.42,0.419,0.423,STRAIGHT,1.5,1.5,"CMD,0.4,1.50",4.0,0.0099,2.146,0.023,1,0.9863,0,NORMAL,63.19,0.443,1,1,1,1,1,107.3,83,3,dijkstra,graph,0.37785,0,,,,,,0,,,,191568,113119,1777
654,49.873857498168945,2026-03-06T01:40:20.674024,2.0,0.0,3.51,0.0,0.0,0.0,0.0,20.41,14.29,0.416,0.419,STRAIGHT,1.5,1.5,"CMD,0.4,1.50",4.0,0.0099,2.146,0.023,1,0.9863,0,NORMAL,62.718,0.48,1,1,1,1,1,97.3,0,0,dijkstra,predict,0.37747,0,,,,,,0,,,,195282,113242,0
655,49.91430854797363,2026-03-06T01:40:20.714475,2.0,0.0,2.0,0.0,0.0,0.0,0.0,22.43,14.3,0.413,0.416,STRAIGHT,1.5,1.5,"CMD,0.4,1.50",4.0,0.0099,2.146,0.023,1,0.9863,0,NORMAL,63.568,0.498,1,1,1,1,1,92.3,0,0,dijkstra,predict,0.37639,0,,,,,,0,,,,195282,112918,0
656,49.94824767112732,2026-03-06T01:40:20.748414,4.01,0.0,2.0,0.0,0.0,0.0,0.0,19.92,14.41,0.412,0.413,STRAIGHT,1.5,1.5,"CMD,0.4,1.50",4.0,0.0099,2.146,0.023,1,0.9863,0,NORMAL,63.199,0.533,1,1,1,1,1,87.3,0,0,dijkstra,predict,0.36999,0,,,,,,0,,,,195282,110996,0
657,50.11912393569946,2026-03-06T01:40:20.919290,110.58,0.0,8.01,18.04,0.0,0.0,0.0,154.86,13.52,0.405,0.412,STRAIGHT,1.5,1.5,"CMD,0.4,1.50",4.0,0.0095,2.192,0.023,1,0.976,0,NORMAL,62.912,0.478,1,1,1,1,1,109.6,84,3,dijkstra,graph,0.38928,0,,,,,,0,,,,195436,116643,1930
658,50.15873336791992,2026-03-06T01:40:20.958899,2.0,0.0,2.0,0.0,0.0,0.0,0.0,19.58,14.4,0.401,0.405,STRAIGHT,1.5,1.5,"CMD,0.4,1.50",4.0,0.0095,2.192,0.023,1,0.976,0,NORMAL,63.031,0.443,1,1,1,1,1,99.6,0,0,dijkstra,predict,0.38912,0,,,,,,0,,,,198837,116736,0
659,50.19504976272583,2026-03-06T01:40:20.995216,0.0,0.0,0.0,0.0,0.0,0.0,6.35,20.3,14.39,0.398,0.401,STRAIGHT,1.5,1.5,"CMD,0.4,1.50",4.0,0.0095,2.192,0.023,1,0.976,0,NORMAL,62.231,0.381,1,1,1,1,1,94.6,0,0,dijkstra,predict,0.3881,0,,,,,,0,,,,198837,116430,0
660,50.22934341430664,2026-03-06T01:40:21.029509,2.82,0.0,2.0,0.0,0.0,0.0,0.0,18.78,14.41,0.396,0.398,STRAIGHT,1.5,1.5,"CMD,0.4,1.50",4.0,0.0095,2.192,0.023,1,0.976,0,NORMAL,62.31,0.388,1,1,1,1,1,89.6,0,0,dijkstra,predict,0.38181,0,,,,,,0,,,,198837,114542,0
661,50.39900255203247,2026-03-06T01:40:21.199169,111.43,0.0,8.01,14.02,0.0,0.0,0.0,153.64,13.5,0.4,0.398,STRAIGHT,1.5,1.5,"CMD,0.4,1.50",4.0,0.0099,2.146,0.023,1,0.9738,0,NORMAL,62.71,0.36,1,1,1,1,1,107.3,83,4,dijkstra,graph,0.38826,0,,,,,,0,,,,193888,116215,1805
662,50.437204360961914,2026-03-06T01:40:21.237370,0.0,0.0,3.73,0.0,0.0,0.0,0.0,22.18,14.4,0.403,0.4,STRAIGHT,1.5,1.5,"CMD,0.4,1.50",4.0,0.0099,2.146,0.023,1,0.9738,0,NORMAL,62.675,0.309,1,1,1,1,1,97.3,0,0,dijkstra,predict,0.38789,0,,,,,,0,,,,198608,116368,0
663,50.468958139419556,2026-03-06T01:40:21.269124,2.0,0.0,0.0,0.0,0.0,0.0,0.0,17.74,14.45,0.405,0.403,STRAIGHT,1.5,1.5,"CMD,0.4,1.50",4.0,0.0099,2.146,0.023,1,0.9738,0,NORMAL,63.091,0.279,1,1,1,1,1,92.3,0,0,dijkstra,predict,0.3867,0,,,,,,0,,,,198608,116009,0
664,50.50676965713501,2026-03-06T01:40:21.306936,0.0,0.0,4.5,0.0,0.0,0.0,0.0,20.1,14.48,0.406,0.405,STRAIGHT,1.5,1.5,"CMD,0.4,1.50",4.0,0.0099,2.146,0.023,1,0.9738,0,NORMAL,62.763,0.306,1,1,1,1,1,87.3,0,0,dijkstra,predict,0.38038,0,,,,,,0,,,,198608,114115,0
665,50.68043303489685,2026-03-06T01:40:21.480599,112.38,0.0,8.01,16.51,0.0,0.0,0.0,163.61,13.51,0.402,0.405,STRAIGHT,1.5,1.5,"CMD,0.4,1.50",4.0,0.0095,2.192,0.023,1,0.9758,0,NORMAL,62.786,0.284,1,1,1,1,1,109.6,74,6,dijkstra,graph,0.3912,0,,,,,,0,,,,195473,117108,1863
666,50.710705041885376,2026-03-06T01:40:21.510871,0.0,0.0,0.0,0.0,0.0,0.0,0.0,14.25,14.5,0.398,0.402,STRAIGHT,1.5,1.5,"CMD,0.4,1.50",4.0,0.0095,2.192,0.023,1,0.9758,0,NORMAL,62.547,0.298,1,1,1,1,1,99.6,0,0,dijkstra,predict,0.39098,0,,,,,,0,,,,200626,117295,0
667,50.75451850891113,2026-03-06T01:40:21.554684,0.0,0.0,6.08,0.0,0.0,0.0,0.0,20.44,14.43,0.396,0.398,STRAIGHT,1.5,1.5,"CMD,0.4,1.50",4.0,0.0095,2.192,0.023,1,0.9758,0,NORMAL,62.51,0.285,1,1,1,1,1,94.6,0,0,dijkstra,predict,0.38975,0,,,,,,0,,,,200626,116924,0
668,50.789210081100464,2026-03-06T01:40:21.589376,2.0,0.0,2.0,0.0,0.0,0.0,0.0,18.67,14.49,0.395,0.396,STRAIGHT,1.5,1.5,"CMD,0.4,1.50",4.0,0.0095,2.192,0.023,1,0.9758,0,NORMAL,62.904,0.242,1,1,1,1,1,89.6,0,0,dijkstra,predict,0.38363,0,,,,,,0,,,,200626,115090,0
669,50.95645070075989,2026-03-06T01:40:21.756617,108.24,0.0,6.01,14.26,0.0,0.0,0.0,157.13,13.62,0.389,0.395,STRAIGHT,1.5,1.5,"CMD,0.4,1.50",4.0,0.0091,2.237,0.023,1,0.9688,0,NORMAL,62.318,0.221,1,1,1,1,1,111.9,77,4,dijkstra,graph,0.40446,0,,,,,,0,,,,197112,121151,1850
670,50.99071407318115,2026-03-06T01:40:21.790880,0.0,0.0,0.0,0.0,0.0,0.0,0.0,14.44,14.48,0.385,0.389,STRAIGHT,1.5,1.5,"CMD,0.4,1.50",4.0,0.0091,2.237,0.023,1,0.9688,0,NORMAL,62.524,0.207,1,1,1,1,1,101.9,0,0,dijkstra,predict,0.40404,0,,,,,,0,,,,200460,121213,0
671,51.03730893135071,2026-03-06T01:40:21.837475,2.0,0.0,2.0,0.0,0.0,0.0,0.0,23.35,14.49,0.382,0.385,STRAIGHT,1.5,1.5,"CMD,0.4,1.50",4.0,0.0091,2.237,0.023,1,0.9688,0,NORMAL,61.705,0.255,1,1,1,1,1,96.9,0,0,dijkstra,predict,0.4031,0,,,,,,0,,,,200460,120931,0
672,51.072031021118164,2026-03-06T01:40:21.872197,0.0,0.0,3.94,0.0,0.0,0.0,0.0,18.7,14.48,0.38,0.382,STRAIGHT,1.5,1.5,"CMD,0.4,1.50",4.0,0.0091,2.237,0.023,1,0.9688,0,NORMAL,61.21,0.512,1,1,1,1,1,91.9,0,0,dijkstra,predict,0.39697,0,,,,,,0,,,,200460,119092,0
673,51.24412751197815,2026-03-06T01:40:22.044294,110.64,0.0,10.03,17.58,0.0,0.0,0.0,161.85,13.57,0.369,0.38,STRAIGHT,1.5,1.5,"CMD,0.4,1.50",4.0,0.0084,2.329,0.023,1,0.9663,0,NORMAL,61.326,0.611,1,1,1,1,1,116.4,82,3,dijkstra,graph,0.41986,0,,,,,,0,,,,200353,125593,1850
674,51.284231662750244,2026-03-06T01:40:22.084398,0.0,0.0,5.86,0.0,0.0,0.0,0.0,19.31,14.47,0.362,0.369,STRAIGHT,1.5,1.5,"CMD,0.4,1.50",4.0,0.0084,2.329,0.023,1,0.9663,0,NORMAL,61.598,0.548,1,1,1,1,1,106.4,0,0,dijkstra,predict,0.41914,0,,,,,,0,,,,202797,125743,0
675,51.3248028755188,2026-03-06T01:40:22.124969,2.0,0.0,3.01,0.0,0.0,0.0,0.0,20.64,14.42,0.357,0.362,STRAIGHT,1.5,1.5,"CMD,0.4,1.50",4.0,0.0084,2.329,0.023,1,0.9663,0,NORMAL,61.496,0.551,1,1,1,1,1,101.4,0,0,dijkstra,predict,0.41796,0,,,,,,0,,,,202797,125388,0
676,51.36302614212036,2026-03-06T01:40:22.163192,0.0,0.0,5.49,0.0,0.0,0.0,0.0,23.9,14.42,0.354,0.357,STRAIGHT,1.5,1.5,"CMD,0.4,1.50",4.0,0.0084,2.329,0.023,1,0.9663,0,NORMAL,61.139,0.587,1,1,1,1,1,96.4,0,0,dijkstra,predict,0.41168,0,,,,,,0,,,,202797,123504,0
677,51.53445911407471,2026-03-06T01:40:22.334625,110.92,0.0,6.01,16.05,0.0,0.0,2.0,153.1,13.5,0.352,0.354,STRAIGHT,1.5,1.5,"CMD,0.4,1.50",4.0,0.0084,2.329,0.023,1,0.9748,0,NORMAL,60.705,0.602,1,1,1,1,1,116.4,74,3,dijkstra,graph,0.41647,0,,,,,,0,,,,200593,124742,1826
678,51.5687301158905,2026-03-06T01:40:22.368896,2.0,0.0,2.0,0.0,0.0,0.0,0.0,18.25,14.44,0.35,0.352,STRAIGHT,1.5,1.5,"CMD,0.4,1.50",4.0,0.0084,2.329,0.023,1,0.9748,0,NORMAL,60.527,0.584,1,1,1,1,1,106.4,0,0,dijkstra,predict,0.41672,0,,,,,,0,,,,205476,125015,0
679,51.60694336891174,2026-03-06T01:40:22.407109,2.06,0.0,2.0,0.0,0.0,0.0,2.51,20.11,14.44,0.349,0.35,STRAIGHT,1.5,1.5,"CMD,0.4,1.50",4.0,0.0084,2.329,0.023,1,0.9748,0,NORMAL,60.326,0.61,1,1,1,1,1,101.4,0,0,dijkstra,predict,0.4153,0,,,,,,0,,,,205476,124590,0
680,51.637420415878296,2026-03-06T01:40:22.437586,0.0,0.0,0.0,0.0,0.0,0.0,0.0,18.46,14.47,0.349,0.349,STRAIGHT,1.5,1.5,"CMD,0.3,1.50",4.0,0.0084,2.329,0.023,1,0.9748,0,NORMAL,60.072,0.614,1,1,1,1,1,96.4,0,0,dijkstra,predict,0.4093,0,,,,,,0,,,,205476,122791,0
681,51.80858254432678,2026-03-06T01:40:22.608748,108.13,0.0,7.01,10.38,0.0,0.0,0.0,150.61,13.54,0.344,0.349,STRAIGHT,1.5,1.5,"CMD,0.3,1.50",4.0,0.0081,2.374,0.023,1,0.9729,0,NORMAL,59.196,0.593,1,1,1,1,1,118.7,77,5,dijkstra,graph,0.41378,0,,,,,,0,,,,199459,123992,2008
682,51.85523533821106,2026-03-06T01:40:22.655401,2.0,0.0,2.0,0.0,0.0,0.0,0.0,21.03,14.36,0.341,0.344,STRAIGHT,1.5,1.5,"CMD,0.3,1.50",4.0,0.0081,2.374,0.023,1,0.9729,0,NORMAL,56.712,0.57,1,1,1,1,1,108.7,0,0,dijkstra,predict,0.41424,0,,,,,,0,,,,203924,124271,0
683,51.8934326171875,2026-03-06T01:40:22.693599,1.74,0.0,2.0,0.0,0.0,0.0,2.0,20.17,14.36,0.338,0.341,STRAIGHT,1.5,1.5,"CMD,0.3,1.50",4.0,0.0081,2.374,0.023,1,0.9729,0,NORMAL,56.689,0.487,1,1,1,1,1,103.7,0,0,dijkstra,predict,0.41281,0,,,,,,0,,,,203924,123842,0
684,51.92935919761658,2026-03-06T01:40:22.729525,1.88,0.0,4.01,0.0,0.0,0.0,0.0,21.91,14.39,0.337,0.338,STRAIGHT,1.5,1.5,"CMD,0.3,1.50",4.0,0.0081,2.374,0.023,1,0.9729,0,NORMAL,57.564,0.393,1,1,1,1,1,98.7,0,0,dijkstra,predict,0.40682,0,,,,,,0,,,,203924,122046,0
685,52.10009002685547,2026-03-06T01:40:22.900256,110.54,0.0,10.09,8.01,0.0,0.0,0.0,154.71,13.48,0.34,0.338,STRAIGHT,1.5,1.5,"CMD,0.3,1.50",4.0,0.0084,2.329,0.023,1,0.977,0,NORMAL,57.771,0.633,1,1,1,1,1,116.4,69,4,dijkstra,graph,0.40822,0,,,,,,0,,,,197057,122236,1825
686,52.13613414764404,2026-03-06T01:40:22.936300,2.0,0.0,2.0,0.0,0.0,0.0,0.0,20.51,14.38,0.343,0.34,STRAIGHT,1.5,1.5,"CMD,0.3,1.50",4.0,0.0084,2.329,0.023,1,0.977,0,NORMAL,57.589,0.464,1,1,1,1,1,106.4,0,0,dijkstra,predict,0.40809,0,,,,,,0,,,,198913,122428,0
687,52.1752073764801,2026-03-06T01:40:22.975373,0.0,0.0,4.7,0.0,0.0,0.0,0.0,25.04,14.38,0.344,0.343,STRAIGHT,1.5,1.5,"CMD,0.3,1.50",4.0,0.0084,2.329,0.023,1,0.977,0,NORMAL,57.582,0.537,1,1,1,1,1,101.4,0,0,dijkstra,predict,0.40686,0,,,,,,0,,,,198913,122058,0
688,52.208518505096436,2026-03-06T01:40:23.008684,2.0,0.0,2.0,0.0,0.0,0.0,0.0,18.03,14.4,0.345,0.344,STRAIGHT,1.5,1.5,"CMD,0.3,1.50",4.0,0.0084,2.329,0.023,1,0.977,0,NORMAL,57.655,0.529,1,1,1,1,1,96.4,0,0,dijkstra,predict,0.40077,0,,,,,,0,,,,198913,120230,0
689,52.37119722366333,2026-03-06T01:40:23.171363,104.17,0.0,0.0,13.33,2.0,0.0,0.0,146.66,13.54,0.351,0.345,STRAIGHT,1.5,1.5,"CMD,0.3,1.50",4.0,0.0088,2.283,0.023,1,0.9725,0,NORMAL,57.895,0.535,1,1,1,1,1,114.2,58,5,dijkstra,graph,0.41915,0,,,,,,0,,,,200845,125430,1811
690,52.40978145599365,2026-03-06T01:40:23.209947,2.0,0.0,4.01,0.0,0.0,0.0,0.0,22.03,14.42,0.354,0.351,STRAIGHT,1.5,1.5,"CMD,0.4,1.50",4.0,0.0088,2.283,0.023,1,0.9725,0,NORMAL,57.95,0.57,1,1,1,1,1,104.2,0,0,dijkstra,predict,0.4182,0,,,,,,0,,,,203214,125461,0
691,52.445932388305664,2026-03-06T01:40:23.246098,2.0,0.0,0.0,0.0,0.0,0.0,0.0,18.13,14.44,0.357,0.354,STRAIGHT,1.5,1.5,"CMD,0.4,1.50",4.0,0.0088,2.283,0.023,1,0.9725,0,NORMAL,57.774,0.596,1,1,1,1,1,99.2,0,0,dijkstra,predict,0.41735,0,,,,,,0,,,,203214,125205,0
692,52.48547554016113,2026-03-06T01:40:23.285642,0.0,0.0,0.0,0.0,0.0,0.0,0.0,16.02,14.38,0.358,0.357,STRAIGHT,1.5,1.5,"CMD,0.4,1.50",4.0,0.0088,2.283,0.023,1,0.9725,0,NORMAL,58.403,0.541,1,1,1,1,1,94.2,0,0,dijkstra,predict,0.41101,0,,,,,,0,,,,203214,123304,0
693,52.662726402282715,2026-03-06T01:40:23.462892,111.58,0.0,6.01,16.02,0.0,0.0,2.0,158.88,13.45,0.359,0.358,STRAIGHT,1.5,1.5,"CMD,0.4,1.50",4.0,0.0088,2.283,0.023,1,0.9711,0,NORMAL,58.232,0.6,1,1,1,1,1,114.2,70,6,dijkstra,graph,0.41496,0,,,,,,0,,,,200563,124241,1943
694,52.7010612487793,2026-03-06T01:40:23.501227,2.0,0.0,4.01,0.0,0.0,0.0,0.0,22.31,14.35,0.36,0.359,STRAIGHT,1.5,1.5,"CMD,0.4,1.50",4.0,0.0088,2.283,0.023,1,0.9711,0,NORMAL,58.65,0.558,1,1,1,1,1,104.2,0,0,dijkstra,predict,0.41486,0,,,,,,0,,,,202502,124458,0
695,52.73770809173584,2026-03-06T01:40:23.537874,2.0,0.0,1.74,0.0,0.0,0.0,2.0,22.63,14.31,0.36,0.36,STRAIGHT,1.5,1.5,"CMD,0.4,1.50",4.0,0.0088,2.283,0.023,1,0.9711,0,NORMAL,57.507,0.56,1,1,1,1,1,99.2,0,0,dijkstra,predict,0.41352,0,,,,,,0,,,,202502,124056,0
696,52.7677481174469,2026-03-06T01:40:23.567914,0.0,0.0,0.0,0.0,0.0,0.0,0.0,16.02,14.4,0.361,0.36,STRAIGHT,1.5,1.5,"CMD,0.4,1.50",4.0,0.0088,2.283,0.023,1,0.9711,0,NORMAL,57.901,0.562,1,1,1,1,1,94.2,0,0,dijkstra,predict,0.40732,0,,,,,,0,,,,202502,122197,0
697,52.947498083114624,2026-03-06T01:40:23.747664,111.74,0.0,0.0,16.17,0.0,0.0,0.0,158.04,13.44,0.361,0.361,STRAIGHT,1.5,1.5,"CMD,0.4,1.50",4.0,0.0088,2.283,0.023,1,0.9744,0,NORMAL,58.222,0.542,1,1,1,1,1,114.2,80,3,dijkstra,graph,0.40698,0,,,,,,0,,,,198346,122029,1870
698,52.98774456977844,2026-03-06T01:40:23.787910,2.0,0.0,2.0,0.0,0.0,0.0,1.74,20.22,14.28,0.361,0.361,STRAIGHT,1.5,1.5,"CMD,0.4,1.50",4.0,0.0088,2.283,0.023,1,0.9744,0,NORMAL,58.828,0.521,1,1,1,1,1,104.2,0,0,dijkstra,predict,0.40732,0,,,,,,0,,,,200738,122196,0
699,53.01835775375366,2026-03-06T01:40:23.818524,0.0,0.0,0.0,0.0,0.0,0.0,0.0,20.5,14.3,0.361,0.361,STRAIGHT,1.5,1.5,"CMD,0.4,1.50",4.0,0.0088,2.283,0.023,1,0.9744,0,NORMAL,59.463,0.544,1,1,1,1,1,99.2,0,0,dijkstra,predict,0.40617,0,,,,,,0,,,,200738,121850,0
700,53.05882549285889,2026-03-06T01:40:23.858991,2.0,0.0,0.0,0.0,0.0,0.0,0.0,16.02,14.35,0.361,0.361,STRAIGHT,1.5,1.5,"CMD,0.4,1.50",4.0,0.0088,2.283,0.023,1,0.9744,0,NORMAL,59.58,0.509,1,1,1,1,1,94.2,0,0,dijkstra,predict,0.39985,0,,,,,,0,,,,200738,119954,0
701,53.23015284538269,2026-03-06T01:40:24.030319,108.99,0.0,0.0,14.02,2.0,0.0,0.0,161.26,13.44,0.366,0.361,STRAIGHT,1.5,1.5,"CMD,0.4,1.50",4.0,0.0091,2.237,0.023,1,0.9764,0,NORMAL,60.047,0.497,1,1,1,1,1,111.9,69,5,dijkstra,graph,0.39957,0,,,,,,0,,,,197252,119624,1788
702,53.26642560958862,2026-03-06T01:40:24.066591,2.0,0.0,0.0,0.0,0.0,0.0,0.0,18.25,14.34,0.37,0.366,STRAIGHT,1.5,1.5,"CMD,0.4,1.50",4.0,0.0091,2.237,0.023,1,0.9764,0,NORMAL,59.766,0.53,1,1,1,1,1,101.9,0,0,dijkstra,predict,0.39923,0,,,,,,0,,,,198856,119768,0
703,53.30784010887146,2026-03-06T01:40:24.108006,1.0,0.0,2.75,0.0,0.0,0.0,2.0,25.3,14.32,0.372,0.37,STRAIGHT,1.5,1.5,"CMD,0.4,1.50",4.0,0.0091,2.237,0.023,1,0.9764,0,NORMAL,58.864,0.483,1,1,1,1,1,96.9,0,0,dijkstra,predict,0.39807,0,,,,,,0,,,,198856,119420,0
704,53.345134973526,2026-03-06T01:40:24.145301,0.0,0.0,6.03,0.0,0.0,0.0,0.0,21.54,14.35,0.373,0.372,STRAIGHT,1.5,1.5,"CMD,0.4,1.50",4.0,0.0091,2.237,0.023,1,0.9764,0,NORMAL,59.511,0.411,1,1,1,1,1,91.9,0,0,dijkstra,predict,0.39185,0,,,,,,0,,,,198856,117556,0
705,53.51421356201172,2026-03-06T01:40:24.314380,107.87,0.0,10.34,16.44,0.0,0.0,0.0,151.06,13.48,0.38,0.373,STRAIGHT,1.5,1.5,"CMD,0.4,1.50",4.0,0.0095,2.192,0.023,1,0.9731,0,NORMAL,59.836,0.396,1,1,1,1,1,109.6,65,4,dijkstra,graph,0.39076,0,,,,,,0,,,,195065,117107,1711
706,53.55700087547302,2026-03-06T01:40:24.357167,1.88,0.0,2.0,0.0,0.0,0.0,0.0,30.77,14.34,0.384,0.38,STRAIGHT,1.5,1.5,"CMD,0.4,1.50",4.0,0.0095,2.192,0.023,1,0.9731,0,NORMAL,57.318,0.434,1,1,1,1,1,99.6,0,0,dijkstra,predict,0.39089,0,,,,,,0,,,,196723,117266,0
707,53.591047048568726,2026-03-06T01:40:24.391213,0.0,0.0,0.0,0.0,0.0,0.0,0.0,24.03,14.34,0.386,0.384,STRAIGHT,1.5,1.5,"CMD,0.4,1.50",4.0,0.0095,2.192,0.023,1,0.9731,0,NORMAL,57.017,0.392,1,1,1,1,1,94.6,0,0,dijkstra,predict,0.38969,0,,,,,,0,,,,196723,116908,0
708,53.6323025226593,2026-03-06T01:40:24.432468,2.0,0.0,2.0,0.0,0.0,0.0,0.0,22.25,14.32,0.388,0.386,STRAIGHT,1.5,1.5,"CMD,0.4,1.50",4.0,0.0095,2.192,0.023,1,0.9731,0,NORMAL,57.132,0.387,1,1,1,1,1,89.6,0,0,dijkstra,predict,0.38358,0,,,,,,0,,,,196723,115075,0
709,53.810110092163086,2026-03-06T01:40:24.610276,115.73,0.0,9.55,8.42,0.0,0.0,0.0,161.79,13.35,0.39,0.388,STRAIGHT,1.5,1.5,"CMD,0.4,1.50",4.0,0.0095,2.192,0.023,1,0.9703,0,NORMAL,57.618,0.332,1,1,1,1,1,109.6,76,5,dijkstra,graph,0.37975,0,,,,,,0,,,,193141,113697,1956
710,53.851234674453735,2026-03-06T01:40:24.651400,0.0,0.0,5.95,0.0,0.0,0.0,0.0,31.02,14.2,0.39,0.39,STRAIGHT,1.5,1.5,"CMD,0.4,1.50",4.0,0.0095,2.192,0.023,1,0.9703,0,NORMAL,56.499,0.315,1,1,1,1,1,99.6,0,0,dijkstra,predict,0.37947,0,,,,,,0,,,,195356,113842,0
711,53.89228844642639,2026-03-06T01:40:24.692455,0.0,0.0,5.57,0.0,0.0,0.0,0.0,20.64,14.24,0.391,0.39,STRAIGHT,1.5,1.5,"CMD,0.4,1.50",4.0,0.0095,2.192,0.023,1,0.9703,0,NORMAL,57.298,0.283,1,1,1,1,1,94.6,0,0,dijkstra,predict,0.37831,0,,,,,,0,,,,195356,113494,0
712,53.92485952377319,2026-03-06T01:40:24.725025,2.0,0.0,0.0,0.0,0.0,0.0,0.0,22.5,14.28,0.391,0.391,STRAIGHT,1.5,1.5,"CMD,0.4,1.50",4.0,0.0095,2.192,0.023,1,0.9703,0,NORMAL,57.966,0.257,1,1,1,1,1,89.6,0,0,dijkstra,predict,0.37173,0,,,,,,0,,,,195356,111520,0
713,54.10318112373352,2026-03-06T01:40:24.903347,115.34,0.0,8.01,14.02,2.0,0.0,0.0,156.5,13.34,0.397,0.391,STRAIGHT,1.5,1.5,"CMD,0.4,1.50",4.0,0.0099,2.146,0.023,1,0.9595,0,NORMAL,58.312,0.261,1,1,1,1,1,107.3,68,4,dijkstra,graph,0.37622,0,,,,,,0,,,,189295,112585,1741
714,54.13769054412842,2026-03-06T01:40:24.937857,0.0,0.0,3.5,0.0,0.0,0.0,0.0,22.49,14.23,0.401,0.397,STRAIGHT,1.5,1.5,"CMD,0.4,1.50",4.0,0.0099,2.146,0.023,1,0.9595,0,NORMAL,59.41,0.278,1,1,1,1,1,97.3,0,0,dijkstra,predict,0.37545,0,,,,,,0,,,,192751,112635,0
715,54.173771142959595,2026-03-06T01:40:24.973937,2.0,0.0,4.01,0.0,0.0,0.0,0.0,20.06,14.23,0.404,0.401,STRAIGHT,1.5,1.5,"CMD,0.4,1.50",4.0,0.0099,2.146,0.023,1,0.9595,0,NORMAL,59.861,0.24,1,1,1,1,1,92.3,0,0,dijkstra,predict,0.37463,0,,,,,,0,,,,192751,112389,0
716,54.21074104309082,2026-03-06T01:40:25.010907,0.0,0.0,4.93,0.0,0.0,0.0,0.0,18.95,14.25,0.405,0.404,STRAIGHT,1.5,1.5,"CMD,0.4,1.50",4.0,0.0099,2.146,0.023,1,0.9595,0,NORMAL,60.735,0.216,1,1,1,1,1,87.3,0,0,dijkstra,predict,0.36807,0,,,,,,0,,,,192751,110420,0
717,54.3789005279541,2026-03-06T01:40:25.179067,111.72,0.0,0.0,20.49,0.0,0.0,0.0,153.01,13.36,0.413,0.405,STRAIGHT,1.5,1.5,"CMD,0.4,1.50",4.0,0.0104,2.1,0.023,1,0.9563,0,NORMAL,62.288,0.139,1,1,1,1,1,105.0,60,4,dijkstra,graph,0.3637,0,,,,,,0,,,,186182,108923,1821
718,54.419349193573,2026-03-06T01:40:25.219515,2.0,0.0,3.51,0.0,0.0,0.0,0.0,20.29,14.16,0.417,0.413,STRAIGHT,1.5,1.5,"CMD,0.4,1.50",4.0,0.0104,2.1,0.023,1,0.9563,0,NORMAL,63.246,0.085,1,1,1,1,1,95.0,0,0,dijkstra,predict,0.36359,0,,,,,,0,,,,190694,109077,0
719,54.455607891082764,2026-03-06T01:40:25.255774,2.0,0.0,4.01,0.0,0.0,0.0,0.0,22.24,14.18,0.421,0.417,STRAIGHT,1.5,1.5,"CMD,0.4,1.50",4.0,0.0104,2.1,0.023,1,0.9563,0,NORMAL,64.332,0.027,1,1,1,1,1,90.0,0,0,dijkstra,predict,0.36244,0,,,,,,0,,,,190694,108731,0
720,54.489734411239624,2026-03-06T01:40:25.289900,2.0,0.0,0.0,0.0,0.0,0.0,0.0,18.11,14.19,0.423,0.421,STRAIGHT,1.5,1.5,"CMD,0.4,1.50",4.0,0.0104,2.1,0.023,1,0.9563,0,NORMAL,64.903,-0.007,1,1,1,1,1,85.0,0,0,dijkstra,predict,0.35574,0,,,,,,0,,,,190694,106722,0
721,54.66445207595825,2026-03-06T01:40:25.464618,112.21,0.0,10.11,18.1,1.74,0.0,0.0,154.53,13.31,0.424,0.423,STRAIGHT,1.5,1.5,"CMD,0.4,1.50",4.0,0.0104,2.1,0.023,1,0.8996,0,NORMAL,65.405,-0.017,1,1,1,1,1,95.4,85,5,dijkstra,graph,0.34541,0,,,,,,0,,,,170121,103496,1759
722,54.704044818878174,2026-03-06T01:40:25.504211,2.0,0.0,3.74,0.0,0.0,0.0,0.0,23.57,14.21,0.425,0.424,STRAIGHT,1.5,1.5,"CMD,0.4,1.50",4.0,0.0104,2.1,0.023,1,0.8996,0,NORMAL,66.333,-0.041,1,1,1,1,1,90.4,0,0,dijkstra,predict,0.3424,0,,,,,,0,,,,173960,102720,0
723,54.873276710510254,2026-03-06T01:40:25.673443,108.93,0.0,2.0,16.02,2.0,0.0,0.0,151.21,13.35,0.426,0.425,STRAIGHT,1.5,1.5,"CMD,0.4,1.50",4.0,0.0104,2.1,0.023,1,0.9468,0,NORMAL,66.881,-0.068,1,1,1,1,1,89.0,91,4,dijkstra,graph,0.32973,0,,,,,,0,,,,165330,98750,1808
724,54.90633535385132,2026-03-06T01:40:25.706501,0.0,0.0,0.0,0.0,0.0,0.0,0.0,15.04,13.37,0.426,0.426,STRAIGHT,1.5,1.5,"CMD,0.4,1.50",4.0,0.0104,2.1,0.023,1,0.9468,0,NORMAL,67.252,-0.004,1,1,1,1,1,83.9,0,0,dijkstra,predict,0.33488,0,,,,,,0,,,,167849,100465,0
725,55.078455209732056,2026-03-06T01:40:25.878621,102.78,0.0,10.14,16.55,0.0,0.0,0.0,154.85,12.55,0.427,0.426,STRAIGHT,1.5,1.5,"CMD,0.4,1.50",4.0,0.0104,2.1,0.023,1,0.9283,0,NORMAL,68.078,-0.265,1,1,1,1,1,95.4,90,4,dijkstra,graph,0.33252,0,,,,,,0,,,,174254,99589,1776
726,55.11616230010986,2026-03-06T01:40:25.916328,0.0,0.0,4.01,0.0,0.0,0.0,0.0,19.68,13.37,0.427,0.427,STRAIGHT,1.5,1.5,"CMD,0.4,1.50",4.0,0.0104,2.1,0.023,1,0.9283,0,NORMAL,68.684,-0.258,1,1,1,1,1,90.4,0,0,dijkstra,predict,0.30926,0,,,,,,0,,,,176464,92778,0
727,55.27858018875122,2026-03-06T01:40:26.078746,100.38,0.0,8.01,15.03,0.0,0.0,0.0,144.39,12.66,0.44,0.427,STRAIGHT,1.5,1.5,"CMD,0.4,1.50",4.0,0.0113,2.009,0.023,1,0.9471,0,NORMAL,69.612,-0.301,1,1,1,1,1,100.5,79,3,dijkstra,graph,0.34304,0,,,,,,0,,,,179885,102615,1727
728,55.43156433105469,2026-03-06T01:40:26.231730,107.42,0.0,5.01,8.01,0.0,0.0,0.0,142.7,12.02,0.449,0.44,STRAIGHT,1.5,1.5,"CMD,0.4,1.50",4.0,0.0113,2.009,0.023,1,0.9829,0,NORMAL,70.028,-0.298,1,1,1,1,1,100.5,78,3,dijkstra,graph,0.33671,0,,,,,,0,,,,178059,100765,1679
729,55.472254514694214,2026-03-06T01:40:26.272420,1.01,0.0,0.0,0.0,0.0,0.0,0.0,20.52,12.02,0.455,0.449,STRAIGHT,1.5,1.5,"CMD,0.4,1.50",4.0,0.0113,2.009,0.023,1,0.9829,0,NORMAL,70.711,-0.344,1,1,1,1,1,90.5,0,0,dijkstra,predict,0.33561,0,,,,,,0,,,,181021,100683,0
730,55.51248478889465,2026-03-06T01:40:26.312651,0.0,0.0,6.17,0.0,0.0,0.0,0.0,19.87,12.71,0.459,0.455,STRAIGHT,1.5,1.5,"CMD,0.5,1.50",4.0,0.0113,2.009,0.023,1,0.9829,0,NORMAL,70.711,-0.366,1,1,1,1,1,85.5,0,0,dijkstra,predict,0.33373,0,,,,,,0,,,,181021,100120,0
731,55.54421401023865,2026-03-06T01:40:26.344380,0.0,0.0,0.0,0.0,0.0,0.0,0.0,21.63,12.73,0.461,0.459,STRAIGHT,1.5,1.5,"CMD,0.5,1.50",4.0,0.0113,2.009,0.023,1,0.9829,0,NORMAL,70.711,-0.352,1,1,1,1,1,80.5,0,0,dijkstra,predict,0.32684,0,,,,,,0,,,,181021,98053,0
732,55.72504901885986,2026-03-06T01:40:26.525215,110.43,0.0,10.14,10.19,0.0,0.0,0.0,147.18,12.05,0.463,0.461,STRAIGHT,1.5,1.5,"CMD,0.5,1.50",4.0,0.0113,2.009,0.023,1,0.987,0,NORMAL,70.711,-0.306,1,1,1,1,1,100.5,81,3,dijkstra,graph,0.34128,0,,,,,,0,,,,179259,102071,1666
733,55.75533676147461,2026-03-06T01:40:26.555503,0.0,0.0,0.0,0.0,0.0,0.0,0.0,14.73,12.03,0.464,0.463,STRAIGHT,1.5,1.5,"CMD,0.5,1.50",4.0,0.0113,2.009,0.023,1,0.987,0,NORMAL,70.711,-0.316,1,1,1,1,1,90.5,0,0,dijkstra,predict,0.33966,0,,,,,,0,,,,183406,101897,0
734,55.796164989471436,2026-03-06T01:40:26.596331,2.0,0.0,1.5,0.0,0.0,0.0,0.0,20.71,12.71,0.465,0.464,STRAIGHT,1.5,1.5,"CMD,0.5,1.50",4.0,0.0113,2.009,0.023,1,0.987,0,NORMAL,70.711,-0.313,1,1,1,1,1,85.5,0,0,dijkstra,predict,0.33791,0,,,,,,0,,,,183406,101372,0
735,55.83067178726196,2026-03-06T01:40:26.630838,2.0,0.0,0.0,0.0,0.0,0.0,0.0,24.46,12.75,0.466,0.465,STRAIGHT,1.5,1.5,"CMD,0.5,1.50",4.0,0.0113,2.009,0.023,1,0.987,0,NORMAL,70.711,-0.295,1,1,1,1,1,80.5,0,0,dijkstra,predict,0.33058,0,,,,,,0,,,,183406,99173,0
736,56.00098180770874,2026-03-06T01:40:26.801148,104.08,0.0,10.46,20.16,0.0,0.0,0.0,150.29,12.03,0.466,0.466,STRAIGHT,1.5,1.5,"CMD,0.5,1.50",4.0,0.0113,2.009,0.023,1,0.9889,0,NORMAL,70.711,-0.285,1,1,1,1,1,100.5,74,3,dijkstra,graph,0.34246,0,,,,,,0,,,,180395,102514,1844
737,56.043046951293945,2026-03-06T01:40:26.843213,2.0,0.0,4.01,0.0,0.0,0.0,0.0,20.04,12.03,0.466,0.466,STRAIGHT,1.5,1.5,"CMD,0.5,1.50",4.0,0.0113,2.009,0.023,1,0.9889,0,NORMAL,70.711,-0.304,1,1,1,1,1,90.5,0,0,dijkstra,predict,0.34101,0,,,,,,0,,,,184252,102302,0
738,56.079521894454956,2026-03-06T01:40:26.879688,2.0,0.0,1.74,0.0,0.0,0.0,0.0,18.45,12.78,0.466,0.466,STRAIGHT,1.5,1.5,"CMD,0.5,1.50",4.0,0.0113,2.009,0.023,1,0.9889,0,NORMAL,70.711,-0.229,1,1,1,1,1,85.5,0,0,dijkstra,predict,0.33929,0,,,,,,0,,,,184252,101788,0
739,56.11185932159424,2026-03-06T01:40:26.912025,0.0,0.0,0.0,0.0,0.0,0.0,0.0,17.02,12.83,0.466,0.466,STRAIGHT,1.5,1.5,"CMD,0.5,1.50",4.0,0.0113,2.009,0.023,1,0.9889,0,NORMAL,70.711,-0.207,1,1,1,1,1,80.5,0,0,dijkstra,predict,0.33188,0,,,,,,0,,,,184252,99565,0
740,56.2835636138916,2026-03-06T01:40:27.083730,105.91,0.0,10.24,20.7,0.0,0.0,0.0,150.83,12.13,0.467,0.466,STRAIGHT,1.5,1.5,"CMD,0.5,1.50",4.0,0.0113,2.009,0.023,1,0.9792,0,NORMAL,70.711,-0.089,1,1,1,1,1,100.5,86,3,dijkstra,graph,0.35481,0,,,,,,0,,,,183565,106225,1846
741,56.324475049972534,2026-03-06T01:40:27.124641,0.0,0.0,4.01,0.0,0.0,0.0,1.74,20.35,12.09,0.467,0.467,STRAIGHT,1.5,1.5,"CMD,0.5,1.50",4.0,0.0113,2.009,0.023,1,0.9792,0,NORMAL,70.711,-0.047,1,1,1,1,1,90.5,0,0,dijkstra,predict,0.35329,0,,,,,,0,,,,186357,105987,0
742,56.3645133972168,2026-03-06T01:40:27.164679,0.0,0.0,5.8,0.0,0.0,0.0,0.0,22.39,12.82,0.467,0.467,STRAIGHT,1.5,1.5,"CMD,0.5,1.50",4.0,0.0113,2.009,0.023,1,0.9792,0,NORMAL,70.711,-0.017,1,1,1,1,1,85.5,0,0,dijkstra,predict,0.35165,0,,,,,,0,,,,186357,105496,0
743,56.400654315948486,2026-03-06T01:40:27.200820,2.0,0.0,2.0,0.0,0.0,0.0,0.0,26.12,12.82,0.467,0.467,STRAIGHT,1.5,1.5,"CMD,0.5,1.50",4.0,0.0113,2.009,0.023,1,0.9792,0,NORMAL,70.711,-0.086,1,1,1,1,1,80.5,0,0,dijkstra,predict,0.34429,0,,,,,,0,,,,186357,103288,0
744,56.57152247428894,2026-03-06T01:40:27.371688,113.38,0.0,0.0,16.1,0.0,0.0,0.0,154.85,12.09,0.467,0.467,STRAIGHT,1.5,1.5,"CMD,0.5,1.50",4.0,0.0113,2.009,0.023,1,0.9833,0,NORMAL,70.711,-0.034,1,1,1,1,1,100.5,73,3,dijkstra,graph,0.36643,0,,,,,,0,,,,185522,109661,1691
745,56.60592746734619,2026-03-06T01:40:27.406093,0.0,0.0,0.0,0.0,0.0,0.0,0.0,15.69,12.11,0.467,0.467,STRAIGHT,1.5,1.5,"CMD,0.5,1.50",4.0,0.0113,2.009,0.023,1,0.9833,0,NORMAL,70.711,-0.056,1,1,1,1,1,90.5,0,0,dijkstra,predict,0.3648,0,,,,,,0,,,,187783,109441,0
746,56.646886348724365,2026-03-06T01:40:27.447052,2.54,0.0,0.0,0.0,0.0,0.0,0.0,20.78,12.79,0.467,0.467,STRAIGHT,1.5,1.5,"CMD,0.5,1.50",4.0,0.0113,2.009,0.023,1,0.9833,0,NORMAL,70.711,-0.026,1,1,1,1,1,85.5,0,0,dijkstra,predict,0.36311,0,,,,,,0,,,,187783,108932,0
747,56.681517362594604,2026-03-06T01:40:27.481683,0.0,0.0,0.0,0.0,0.0,0.0,0.0,24.59,12.82,0.467,0.467,STRAIGHT,1.5,1.5,"CMD,0.5,1.50",4.0,0.0113,2.009,0.023,1,0.9833,0,NORMAL,70.711,-0.046,1,1,1,1,1,80.5,0,0,dijkstra,predict,0.35576,0,,,,,,0,,,,187783,106729,0
748,56.86213779449463,2026-03-06T01:40:27.662304,105.41,0.0,10.09,20.71,0.0,0.0,0.0,162.11,12.05,0.467,0.467,STRAIGHT,1.5,1.5,"CMD,0.5,1.50",4.0,0.0113,2.009,0.023,1,0.9824,0,NORMAL,70.711,-0.062,1,1,1,1,1,100.5,72,3,dijkstra,graph,0.36895,0,,,,,,0,,,,186609,110479,1841
749,56.905083894729614,2026-03-06T01:40:27.705250,4.01,0.0,2.0,0.0,0.0,0.0,0.0,24.43,12.01,0.467,0.467,STRAIGHT,1.5,1.5,"CMD,0.5,1.50",4.0,0.0113,2.009,0.023,1,0.9824,0,NORMAL,70.711,-0.056,1,1,1,1,1,90.5,0,0,dijkstra,predict,0.3676,0,,,,,,0,,,,190102,110280,0
750,56.941641092300415,2026-03-06T01:40:27.741807,2.0,0.0,0.0,0.0,0.0,0.0,0.0,18.53,12.73,0.467,0.467,STRAIGHT,1.5,1.5,"CMD,0.5,1.50",4.0,0.0113,2.009,0.023,1,0.9824,0,NORMAL,70.711,-0.042,1,1,1,1,1,85.5,0,0,dijkstra,predict,0.3657,0,,,,,,0,,,,190102,109711,0
751,56.98290014266968,2026-03-06T01:40:27.783066,1.74,0.0,0.0,0.0,0.0,0.0,0.0,20.55,12.73,0.467,0.467,STRAIGHT,1.5,1.5,"CMD,0.5,1.50",4.0,0.0113,2.009,0.023,1,0.9824,0,NORMAL,70.711,-0.064,1,1,1,1,1,80.5,0,0,dijkstra,predict,0.35815,0,,,,,,0,,,,190102,107446,0
752,57.15685534477234,2026-03-06T01:40:27.957021,108.76,0.0,10.2,20.62,0.0,0.0,0.0,163.72,12.7,0.46,0.467,STRAIGHT,1.5,1.5,"CMD,0.5,1.50",4.0,0.0108,2.055,0.023,1,0.9772,0,NORMAL,70.711,-0.052,1,1,1,1,1,102.7,89,2,dijkstra,graph,0.37378,0,,,,,,0,,,,187477,111869,1792
753,57.19714879989624,2026-03-06T01:40:27.997315,2.0,0.0,2.0,0.0,0.0,0.0,0.0,19.85,12.66,0.455,0.46,STRAIGHT,1.5,1.5,"CMD,0.5,1.50",4.0,0.0108,2.055,0.023,1,0.9772,0,NORMAL,70.711,-0.043,1,1,1,1,1,92.7,0,0,dijkstra,predict,0.37269,0,,,,,,0,,,,191729,111807,0
754,57.23161697387695,2026-03-06T01:40:28.031783,3.88,0.0,0.0,0.0,0.0,0.0,0.0,24.04,13.47,0.452,0.455,STRAIGHT,1.5,1.5,"CMD,0.5,1.50",4.0,0.0108,2.055,0.023,1,0.9772,0,NORMAL,70.655,-0.122,1,1,1,1,1,87.7,0,0,dijkstra,predict,0.37111,0,,,,,,0,,,,191729,111334,0
755,57.28293967247009,2026-03-06T01:40:28.083106,1.74,0.0,4.01,0.0,0.0,0.0,0.0,24.67,13.38,0.45,0.452,STRAIGHT,1.5,1.5,"CMD,0.5,1.50",4.0,0.0108,2.055,0.023,1,0.9772,0,NORMAL,68.394,-0.015,1,1,1,1,1,82.7,0,0,dijkstra,predict,0.36382,0,,,,,,0,,,,191729,109147,0
756,57.455259561538696,2026-03-06T01:40:28.255426,113.79,0.0,0.0,22.37,0.0,0.0,0.0,154.3,13.32,0.442,0.45,STRAIGHT,1.5,1.5,"CMD,0.5,1.50",4.0,0.0104,2.1,0.023,1,0.9668,0,NORMAL,66.157,-0.012,1,1,1,1,1,105.0,72,3,dijkstra,graph,0.39444,0,,,,,,0,,,,191899,118049,1955
757,57.49222111701965,2026-03-06T01:40:28.292387,2.0,0.0,1.0,0.0,0.0,0.0,0.0,20.94,14.07,0.437,0.442,STRAIGHT,1.5,1.5,"CMD,0.4,1.50",4.0,0.0104,2.1,0.023,1,0.9668,0,NORMAL,64.904,0.007,1,1,1,1,1,95.0,0,0,dijkstra,predict,0.39366,0,,,,,,0,,,,194683,118097,0
758,57.53276705741882,2026-03-06T01:40:28.332933,0.0,0.0,4.79,0.0,0.0,0.0,0.0,28.53,14.07,0.434,0.437,STRAIGHT,1.5,1.5,"CMD,0.4,1.50",4.0,0.0104,2.1,0.023,1,0.9668,0,NORMAL,64.89,0.006,1,1,1,1,1,90.0,0,0,dijkstra,predict,0.39274,0,,,,,,0,,,,194683,117821,0
759,57.56927824020386,2026-03-06T01:40:28.369444,2.0,0.0,2.0,0.0,0.0,0.0,0.0,26.17,14.1,0.432,0.434,STRAIGHT,1.5,1.5,"CMD,0.4,1.50",4.0,0.0104,2.1,0.023,1,0.9668,0,NORMAL,64.863,0.022,1,1,1,1,1,85.0,0,0,dijkstra,predict,0.38567,0,,,,,,0,,,,194683,115700,0
760,57.74673557281494,2026-03-06T01:40:28.546902,115.17,0.0,6.27,18.43,0.0,0.0,0.0,159.9,13.17,0.424,0.432,STRAIGHT,1.5,1.5,"CMD,0.4,1.50",4.0,0.0099,2.146,0.023,1,0.9645,0,NORMAL,64.536,-0.012,1,1,1,1,1,107.3,80,2,dijkstra,graph,0.38934,0,,,,,,0,,,,190216,116480,1693
761,57.787026166915894,2026-03-06T01:40:28.587192,2.0,0.0,4.01,0.0,0.0,0.0,0.0,22.16,14.0,0.419,0.424,STRAIGHT,1.5,1.5,"CMD,0.4,1.50",4.0,0.0099,2.146,0.023,1,0.9645,0,NORMAL,61.732,-0.042,1,1,1,1,1,97.3,0,0,dijkstra,predict,0.38895,0,,,,,,0,,,,192752,116685,0
762,57.82451772689819,2026-03-06T01:40:28.624684,2.53,0.0,4.01,0.0,0.0,0.0,0.0,21.47,14.02,0.416,0.419,STRAIGHT,1.5,1.5,"CMD,0.4,1.50",4.0,0.0099,2.146,0.023,1,0.9645,0,NORMAL,62.699,0.038,1,1,1,1,1,92.3,0,0,dijkstra,predict,0.38749,0,,,,,,0,,,,192752,116248,0
763,57.8586745262146,2026-03-06T01:40:28.658840,2.01,0.0,3.32,0.0,0.0,0.0,0.0,19.34,14.06,0.413,0.416,STRAIGHT,1.5,1.5,"CMD,0.4,1.50",4.0,0.0099,2.146,0.023,1,0.9645,0,NORMAL,61.616,0.059,1,1,1,1,1,87.3,0,0,dijkstra,predict,0.38091,0,,,,,,0,,,,192752,114274,0
764,58.03375554084778,2026-03-06T01:40:28.833921,114.8,0.0,7.01,16.39,0.0,0.0,0.0,158.2,13.16,0.406,0.413,STRAIGHT,1.5,1.5,"CMD,0.4,1.50",4.0,0.0095,2.192,0.023,1,0.97,0,NORMAL,63.025,-0.107,1,1,1,1,1,109.6,84,3,dijkstra,graph,0.39502,0,,,,,,0,,,,191196,118169,1850
765,58.074721336364746,2026-03-06T01:40:28.874887,2.67,0.0,2.0,0.0,0.0,0.0,0.0,22.94,13.98,0.402,0.406,STRAIGHT,1.5,1.5,"CMD,0.4,1.50",4.0,0.0095,2.192,0.023,1,0.97,0,NORMAL,62.778,0.001,1,1,1,1,1,99.6,0,0,dijkstra,predict,0.39436,0,,,,,,0,,,,194057,118309,0
766,58.10822606086731,2026-03-06T01:40:28.908392,2.0,0.0,0.0,0.0,0.0,0.0,0.0,16.02,14.04,0.398,0.402,STRAIGHT,1.5,1.5,"CMD,0.4,1.50",4.0,0.0095,2.192,0.023,1,0.97,0,NORMAL,62.299,0.026,1,1,1,1,1,94.6,0,0,dijkstra,predict,0.39308,0,,,,,,0,,,,194057,117924,0
767,58.14144444465637,2026-03-06T01:40:28.941610,0.0,0.0,0.0,0.0,0.0,0.0,0.0,22.82,14.06,0.396,0.398,STRAIGHT,1.5,1.5,"CMD,0.4,1.50",4.0,0.0095,2.192,0.023,1,0.97,0,NORMAL,62.798,-0.001,1,1,1,1,1,89.6,0,0,dijkstra,predict,0.38683,0,,,,,,0,,,,194057,116048,0
768,58.31777906417847,2026-03-06T01:40:29.117945,113.32,0.0,6.01,14.02,0.0,0.0,0.0,157.21,13.15,0.39,0.396,STRAIGHT,1.5,1.5,"CMD,0.4,1.50",4.0,0.0091,2.237,0.023,1,0.9655,0,NORMAL,62.678,-0.028,1,1,1,1,1,111.9,65,2,dijkstra,graph,0.39527,0,,,,,,0,,,,194155,118364,1624
769,58.35039138793945,2026-03-06T01:40:29.150557,0.0,0.0,0.0,0.0,0.0,0.0,0.0,16.59,14.03,0.385,0.39,STRAIGHT,1.5,1.5,"CMD,0.4,1.50",4.0,0.0091,2.237,0.023,1,0.9655,0,NORMAL,62.552,-0.017,1,1,1,1,1,101.9,0,0,dijkstra,predict,0.39517,0,,,,,,0,,,,197680,118550,0
770,58.38831663131714,2026-03-06T01:40:29.188483,2.63,0.0,0.0,0.0,0.0,0.0,0.0,18.15,14.05,0.382,0.385,STRAIGHT,1.5,1.5,"CMD,0.4,1.50",4.0,0.0091,2.237,0.023,1,0.9655,0,NORMAL,62.063,-0.071,1,1,1,1,1,96.9,0,0,dijkstra,predict,0.39374,0,,,,,,0,,,,197680,118123,0
771,58.428914070129395,2026-03-06T01:40:29.229080,3.11,0.0,3.01,0.0,0.0,0.0,0.0,22.15,14.05,0.38,0.382,STRAIGHT,1.5,1.5,"CMD,0.4,1.50",4.0,0.0091,2.237,0.023,1,0.9655,0,NORMAL,62.413,-0.042,1,1,1,1,1,91.9,0,0,dijkstra,predict,0.38705,0,,,,,,0,,,,197680,116114,0
772,58.599101066589355,2026-03-06T01:40:29.399267,112.26,0.0,8.01,16.14,0.0,0.0,0.0,154.17,13.19,0.374,0.38,STRAIGHT,1.5,1.5,"CMD,0.4,1.50",4.0,0.0088,2.283,0.023,1,0.9718,0,NORMAL,62.261,-0.007,1,1,1,1,1,114.2,79,4,dijkstra,graph,0.40719,0,,,,,,0,,,,196565,121949,1892
773,58.63685989379883,2026-03-06T01:40:29.437026,2.56,0.0,2.0,0.0,0.0,0.0,0.0,27.39,14.04,0.37,0.374,STRAIGHT,1.5,1.5,"CMD,0.4,1.50",4.0,0.0088,2.283,0.023,1,0.9718,0,NORMAL,61.969,0.019,1,1,1,1,1,104.2,0,0,dijkstra,predict,0.40686,0,,,,,,0,,,,200694,122057,0
774,58.674612522125244,2026-03-06T01:40:29.474779,2.0,0.0,4.91,0.0,0.0,0.0,0.0,20.94,14.02,0.367,0.37,STRAIGHT,1.5,1.5,"CMD,0.4,1.50",4.0,0.0088,2.283,0.023,1,0.9718,0,NORMAL,61.459,0.077,1,1,1,1,1,99.2,0,0,dijkstra,predict,0.40563,0,,,,,,0,,,,200694,121689,0
775,58.71050786972046,2026-03-06T01:40:29.510674,0.0,0.0,4.14,0.0,0.0,0.0,0.0,20.38,14.05,0.365,0.367,STRAIGHT,1.5,1.5,"CMD,0.4,1.50",4.0,0.0088,2.283,0.023,1,0.9718,0,NORMAL,61.157,0.142,1,1,1,1,1,94.2,0,0,dijkstra,predict,0.39898,0,,,,,,0,,,,200694,119694,0
776,58.88251805305481,2026-03-06T01:40:29.682684,111.14,0.0,8.01,16.25,0.0,0.0,0.0,151.84,13.18,0.359,0.365,STRAIGHT,1.5,1.5,"CMD,0.4,1.50",4.0,0.0084,2.329,0.023,1,0.9661,0,NORMAL,60.835,0.165,1,1,1,1,1,116.4,76,4,dijkstra,graph,0.42537,0,,,,,,0,,,,201334,127217,2071
777,58.922208070755005,2026-03-06T01:40:29.722374,0.0,0.0,4.58,0.0,0.0,0.0,0.0,20.09,14.08,0.355,0.359,STRAIGHT,1.5,1.5,"CMD,0.4,1.50",4.0,0.0084,2.329,0.023,1,0.9661,0,NORMAL,61.151,0.183,1,1,1,1,1,106.4,0,0,dijkstra,predict,0.42387,0,,,,,,0,,,,204965,127162,0
778,58.957597970962524,2026-03-06T01:40:29.757764,0.0,0.0,2.0,0.0,0.0,0.0,0.0,25.24,14.13,0.353,0.355,STRAIGHT,1.5,1.5,"CMD,0.4,1.50",4.0,0.0084,2.329,0.023,1,0.9661,0,NORMAL,60.579,0.225,1,1,1,1,1,101.4,0,0,dijkstra,predict,0.42309,0,,,,,,0,,,,204965,126928,0
779,58.99528193473816,2026-03-06T01:40:29.795448,0.0,0.0,0.0,0.0,0.0,0.0,0.0,18.31,14.12,0.351,0.353,STRAIGHT,1.5,1.5,"CMD,0.4,1.50",4.0,0.0084,2.329,0.023,1,0.9661,0,NORMAL,55.941,0.141,1,1,1,1,1,96.4,0,0,dijkstra,predict,0.41641,0,,,,,,0,,,,204965,124924,0
780,59.17653489112854,2026-03-06T01:40:29.976701,108.69,0.0,11.56,16.49,0.0,0.0,0.0,157.22,13.22,0.35,0.351,STRAIGHT,1.5,1.5,"CMD,0.4,1.50",4.0,0.0084,2.329,0.023,1,0.9819,0,NORMAL,56.79,0.053,1,1,1,1,1,116.4,84,5,dijkstra,graph,0.42618,0,,,,,,0,,,,202310,127598,2033
781,59.21516275405884,2026-03-06T01:40:30.015328,0.0,0.0,3.29,0.0,0.0,0.0,0.0,20.61,14.09,0.349,0.35,STRAIGHT,1.5,1.5,"CMD,0.3,1.50",4.0,0.0084,2.329,0.023,1,0.9819,0,NORMAL,56.202,-0.162,1,1,1,1,1,106.4,0,0,dijkstra,predict,0.42525,0,,,,,,0,,,,206565,127575,0
782,59.255882263183594,2026-03-06T01:40:30.056048,2.0,0.0,2.0,0.0,0.0,0.0,0.0,20.33,14.09,0.348,0.349,STRAIGHT,1.5,1.5,"CMD,0.3,1.50",4.0,0.0084,2.329,0.023,1,0.9819,0,NORMAL,57.41,-0.082,1,1,1,1,1,101.4,0,0,dijkstra,predict,0.42442,0,,,,,,0,,,,206565,127326,0
783,59.287925720214844,2026-03-06T01:40:30.088092,2.0,0.0,0.0,0.0,0.0,0.0,0.0,16.02,14.1,0.348,0.348,STRAIGHT,1.5,1.5,"CMD,0.3,1.50",4.0,0.0084,2.329,0.023,1,0.9819,0,NORMAL,57.843,-0.202,1,1,1,1,1,96.4,0,0,dijkstra,predict,0.4176,0,,,,,,0,,,,206565,125281,0
784,59.46956539154053,2026-03-06T01:40:30.269731,116.93,0.0,5.75,19.72,0.0,0.0,0.0,161.13,13.26,0.352,0.348,STRAIGHT,1.5,1.5,"CMD,0.3,1.50",4.0,0.0088,2.283,0.023,1,0.9763,0,NORMAL,57.869,-0.155,1,1,1,1,1,114.2,89,5,dijkstra,graph,0.41789,0,,,,,,0,,,,201161,125108,2080
785,59.5064914226532,2026-03-06T01:40:30.306657,1.74,0.0,0.0,0.0,0.0,0.0,0.0,20.39,14.14,0.355,0.352,STRAIGHT,1.5,1.5,"CMD,0.4,1.50",4.0,0.0088,2.283,0.023,1,0.9763,0,NORMAL,58.297,-0.136,1,1,1,1,1,104.2,0,0,dijkstra,predict,0.41745,0,,,,,,0,,,,207096,125234,0
786,59.551085233688354,2026-03-06T01:40:30.351251,2.0,0.0,4.46,0.0,0.0,0.0,0.0,22.49,14.09,0.357,0.355,STRAIGHT,1.5,1.5,"CMD,0.4,1.50",4.0,0.0088,2.283,0.023,1,0.9763,0,NORMAL,58.621,-0.085,1,1,1,1,1,99.2,0,0,dijkstra,predict,0.41633,0,,,,,,0,,,,207096,124898,0
787,59.589014530181885,2026-03-06T01:40:30.389180,0.0,0.0,0.0,0.0,0.0,0.0,0.0,18.32,14.1,0.359,0.357,STRAIGHT,1.5,1.5,"CMD,0.4,1.50",4.0,0.0088,2.283,0.023,1,0.9763,0,NORMAL,59.474,-0.126,1,1,1,1,1,94.2,0,0,dijkstra,predict,0.40951,0,,,,,,0,,,,207096,122854,0
788,59.77762842178345,2026-03-06T01:40:30.577794,126.51,0.0,8.01,12.05,0.0,0.0,0.0,164.6,13.13,0.36,0.359,STRAIGHT,1.5,1.5,"CMD,0.4,1.50",4.0,0.0088,2.283,0.023,1,0.9809,0,NORMAL,59.563,-0.083,1,1,1,1,1,114.2,83,4,dijkstra,graph,0.41004,0,,,,,,0,,,,199492,122825,1994
789,59.82899022102356,2026-03-06T01:40:30.629156,0.0,0.0,4.1,0.0,0.0,0.0,0.0,21.27,13.93,0.36,0.36,STRAIGHT,1.5,1.5,"CMD,0.4,1.50",4.0,0.0088,2.283,0.023,1,0.9809,0,NORMAL,60.092,-0.077,1,1,1,1,1,104.2,0,0,dijkstra,predict,0.40971,0,,,,,,0,,,,204680,122912,0
790,59.8694703578949,2026-03-06T01:40:30.669636,2.0,0.0,3.01,0.0,0.0,0.0,0.0,22.32,13.93,0.361,0.36,STRAIGHT,1.5,1.5,"CMD,0.4,1.50",4.0,0.0088,2.283,0.023,1,0.9809,0,NORMAL,60.686,-0.071,1,1,1,1,1,99.2,0,0,dijkstra,predict,0.40857,0,,,,,,0,,,,204680,122570,0
791,59.90380883216858,2026-03-06T01:40:30.703975,2.0,0.0,0.0,0.0,0.0,0.0,0.0,18.05,13.95,0.361,0.361,STRAIGHT,1.5,1.5,"CMD,0.4,1.50",4.0,0.0088,2.283,0.023,1,0.9809,0,NORMAL,61.349,-0.075,1,1,1,1,1,94.2,0,0,dijkstra,predict,0.40157,0,,,,,,0,,,,204680,120471,0
792,60.087653160095215,2026-03-06T01:40:30.887819,115.77,0.0,6.43,22.79,0.0,0.0,0.0,165.25,13.01,0.361,0.361,STRAIGHT,1.5,1.5,"CMD,0.4,1.50",4.0,0.0088,2.283,0.023,1,0.9802,0,NORMAL,61.535,0.004,1,1,1,1,1,114.2,76,3,dijkstra,graph,0.40229,0,,,,,,0,,,,197239,120481,1794
793,60.124019384384155,2026-03-06T01:40:30.924185,0.0,0.0,5.3,0.0,0.0,0.0,0.0,20.35,13.87,0.361,0.361,STRAIGHT,1.5,1.5,"CMD,0.4,1.50",4.0,0.0088,2.283,0.023,1,0.9802,0,NORMAL,61.752,0.02,1,1,1,1,1,104.2,0,0,dijkstra,predict,0.40177,0,,,,,,0,,,,201614,120530,0
794,60.164225339889526,2026-03-06T01:40:30.964391,0.0,0.0,2.64,0.0,0.0,0.0,0.0,20.58,13.88,0.361,0.361,STRAIGHT,1.5,1.5,"CMD,0.4,1.50",4.0,0.0088,2.283,0.023,1,0.9802,0,NORMAL,62.693,0.03,1,1,1,1,1,99.2,0,0,dijkstra,predict,0.40074,0,,,,,,0,,,,201614,120221,0
795,60.204960107803345,2026-03-06T01:40:31.005126,3.4,0.0,3.5,0.0,0.0,0.0,0.0,20.46,13.83,0.361,0.361,STRAIGHT,1.5,1.5,"CMD,0.4,1.50",4.0,0.0088,2.283,0.023,1,0.9802,0,NORMAL,64.602,-0.014,1,1,1,1,1,94.2,0,0,dijkstra,predict,0.39368,0,,,,,,0,,,,201614,118104,0
796,60.37441563606262,2026-03-06T01:40:31.174582,110.73,0.0,0.0,13.99,0.0,0.0,2.0,154.21,12.99,0.366,0.361,STRAIGHT,1.5,1.5,"CMD,0.4,1.50",4.0,0.0091,2.237,0.023,1,0.978,0,NORMAL,64.442,-0.029,1,1,1,1,1,111.9,85,3,dijkstra,graph,0.39694,0,,,,,,0,,,,195591,118846,2019
797,60.41046643257141,2026-03-06T01:40:31.210632,2.0,0.0,4.01,0.0,0.0,0.0,0.0,20.03,13.86,0.37,0.366,STRAIGHT,1.5,1.5,"CMD,0.4,1.50",4.0,0.0091,2.237,0.023,1,0.978,0,NORMAL,66.019,-0.039,1,1,1,1,1,101.9,0,0,dijkstra,predict,0.39616,0,,,,,,0,,,,199800,118847,0
798,60.446495056152344,2026-03-06T01:40:31.246661,0.0,0.0,4.74,0.0,0.0,0.0,1.74,20.01,13.84,0.372,0.37,STRAIGHT,1.5,1.5,"CMD,0.4,1.50",4.0,0.0091,2.237,0.023,1,0.978,0,NORMAL,66.334,-0.086,1,1,1,1,1,96.9,0,0,dijkstra,predict,0.39527,0,,,,,,0,,,,199800,118581,0
799,60.48904252052307,2026-03-06T01:40:31.289208,0.0,0.0,6.94,0.0,0.0,0.0,0.0,22.46,13.8,0.373,0.372,STRAIGHT,1.5,1.5,"CMD,0.4,1.50",4.0,0.0091,2.237,0.023,1,0.978,0,NORMAL,64.558,0.006,1,1,1,1,1,91.9,0,0,dijkstra,predict,0.38813,0,,,,,,0,,,,199800,116440,0
800,60.659114837646484,2026-03-06T01:40:31.459281,107.77,0.0,6.01,15.06,1.0,0.0,0.0,150.31,13.0,0.374,0.373,STRAIGHT,1.5,1.5,"CMD,0.4,1.50",4.0,0.0091,2.237,0.023,1,0.9711,0,NORMAL,65.54,-0.068,1,1,1,1,1,111.9,83,3,dijkstra,graph,0.38461,0,,,,,,0,,,,191714,115069,1826
801,60.697733640670776,2026-03-06T01:40:31.497900,0.0,0.0,4.65,0.0,0.0,0.0,0.0,20.57,13.82,0.375,0.374,STRAIGHT,1.5,1.5,"CMD,0.4,1.50",4.0,0.0091,2.237,0.023,1,0.9711,0,NORMAL,64.98,-0.025,1,1,1,1,1,101.9,0,0,dijkstra,predict,0.3836,0,,,,,,0,,,,196724,115079,0
802,60.735413789749146,2026-03-06T01:40:31.535580,0.0,0.0,7.64,0.0,0.0,0.0,0.0,21.66,13.82,0.375,0.375,STRAIGHT,1.5,1.5,"CMD,0.4,1.50",4.0,0.0091,2.237,0.023,1,0.9711,0,NORMAL,66.172,-0.064,1,1,1,1,1,96.9,0,0,dijkstra,predict,0.38269,0,,,,,,0,,,,196724,114807,0
803,60.77401399612427,2026-03-06T01:40:31.574180,0.0,0.0,6.55,0.0,0.0,0.0,0.0,22.58,13.81,0.376,0.375,STRAIGHT,1.5,1.5,"CMD,0.4,1.50",4.0,0.0091,2.237,0.023,1,0.9711,0,NORMAL,66.266,-0.094,1,1,1,1,1,91.9,0,0,dijkstra,predict,0.37575,0,,,,,,0,,,,196724,112726,0
804,60.947880268096924,2026-03-06T01:40:31.748046,111.99,0.0,6.01,7.75,0.0,0.0,0.0,154.1,12.96,0.381,0.376,STRAIGHT,1.5,1.5,"CMD,0.4,1.50",4.0,0.0095,2.192,0.023,1,0.968,0,NORMAL,66.62,-0.088,1,1,1,1,1,109.6,92,3,dijkstra,graph,0.39176,0,,,,,,0,,,,193567,117112,1832
805,60.98688864707947,2026-03-06T01:40:31.787055,0.0,0.0,5.75,0.0,0.0,0.0,0.0,21.07,13.78,0.385,0.381,STRAIGHT,1.5,1.5,"CMD,0.4,1.50",4.0,0.0095,2.192,0.023,1,0.968,0,NORMAL,66.911,-0.145,1,1,1,1,1,99.6,0,0,dijkstra,predict,0.39023,0,,,,,,0,,,,199822,117069,0
806,61.02718114852905,2026-03-06T01:40:31.827347,0.0,0.0,3.92,0.0,0.0,0.0,2.0,23.27,13.78,0.387,0.385,STRAIGHT,1.5,1.5,"CMD,0.4,1.50",4.0,0.0095,2.192,0.023,1,0.968,0,NORMAL,66.342,-0.078,1,1,1,1,1,94.6,0,0,dijkstra,predict,0.38944,0,,,,,,0,,,,199822,116832,0
807,61.06849956512451,2026-03-06T01:40:31.868665,0.0,0.0,5.33,0.0,0.0,0.0,0.0,22.29,13.74,0.389,0.387,STRAIGHT,1.5,1.5,"CMD,0.4,1.50",4.0,0.0095,2.192,0.023,1,0.968,0,NORMAL,67.451,-0.135,1,1,1,1,1,89.6,0,0,dijkstra,predict,0.38236,0,,,,,,0,,,,199822,114709,0
808,61.23047351837158,2026-03-06T01:40:32.030639,110.79,0.0,6.59,11.85,0.0,0.0,0.0,151.7,12.97,0.385,0.387,STRAIGHT,1.5,1.5,"CMD,0.4,1.50",4.0,0.0091,2.237,0.023,1,0.9746,0,NORMAL,67.156,-0.111,1,1,1,1,1,111.9,94,3,dijkstra,graph,0.4045,0,,,,,,0,,,,197846,121161,2006
809,61.27170443534851,2026-03-06T01:40:32.071870,1.74,0.0,0.0,0.0,0.0,0.0,0.0,20.67,13.84,0.382,0.385,STRAIGHT,1.5,1.5,"CMD,0.4,1.50",4.0,0.0091,2.237,0.023,1,0.9746,0,NORMAL,66.753,-0.22,1,1,1,1,1,101.9,0,0,dijkstra,predict,0.40375,0,,,,,,0,,,,201547,121124,0
810,61.31413292884827,2026-03-06T01:40:32.114299,0.0,0.0,4.6,0.0,0.0,0.0,0.0,22.22,13.82,0.38,0.382,STRAIGHT,1.5,1.5,"CMD,0.4,1.50",4.0,0.0091,2.237,0.023,1,0.9746,0,NORMAL,67.982,-0.311,1,1,1,1,1,96.9,0,0,dijkstra,predict,0.40295,0,,,,,,0,,,,201547,120885,0
811,61.35458540916443,2026-03-06T01:40:32.154751,2.0,0.0,3.51,0.0,0.0,0.0,0.0,20.43,13.82,0.379,0.38,STRAIGHT,1.5,1.5,"CMD,0.4,1.50",4.0,0.0091,2.237,0.023,1,0.9746,0,NORMAL,67.199,-0.256,1,1,1,1,1,91.9,0,0,dijkstra,predict,0.39582,0,,,,,,0,,,,201547,118745,0
812,61.523959159851074,2026-03-06T01:40:32.324125,108.08,0.0,0.0,16.38,0.0,0.0,0.0,151.35,12.98,0.383,0.38,STRAIGHT,1.5,1.5,"CMD,0.4,1.50",4.0,0.0095,2.192,0.023,1,0.9689,0,NORMAL,67.661,-0.28,1,1,1,1,1,109.6,94,3,dijkstra,graph,0.37593,0,,,,,,0,,,,192712,112437,1882
813,61.556002378463745,2026-03-06T01:40:32.356168,2.0,0.0,0.0,0.0,0.0,0.0,0.0,16.02,13.9,0.386,0.383,STRAIGHT,1.5,1.5,"CMD,0.4,1.50",4.0,0.0095,2.192,0.023,1,0.9689,0,NORMAL,66.969,-0.239,1,1,1,1,1,99.6,0,0,dijkstra,predict,0.37554,0,,,,,,0,,,,198129,112661,0
814,61.594287395477295,2026-03-06T01:40:32.394453,2.0,0.0,0.0,0.0,0.0,0.0,0.0,20.2,13.89,0.388,0.386,STRAIGHT,1.5,1.5,"CMD,0.4,1.50",4.0,0.0095,2.192,0.023,1,0.9689,0,NORMAL,68.301,-0.242,1,1,1,1,1,94.6,0,0,dijkstra,predict,0.3741,0,,,,,,0,,,,198129,112230,0
815,61.63660979270935,2026-03-06T01:40:32.436776,2.0,0.0,1.74,0.0,0.0,0.0,2.0,22.23,13.91,0.389,0.388,STRAIGHT,1.5,1.5,"CMD,0.4,1.50",4.0,0.0095,2.192,0.023,1,0.9689,0,NORMAL,68.244,-0.187,1,1,1,1,1,89.6,0,0,dijkstra,predict,0.36715,0,,,,,,0,,,,198129,110146,0
816,61.81148838996887,2026-03-06T01:40:32.611654,116.6,0.0,6.01,16.02,0.0,0.0,0.0,160.86,13.05,0.385,0.388,STRAIGHT,1.5,1.5,"CMD,0.4,1.50",4.0,0.0091,2.237,0.023,1,0.9785,0,NORMAL,67.295,-0.145,1,1,1,1,1,111.9,92,2,dijkstra,graph,0.38632,0,,,,,,0,,,,196323,115550,1754
817,61.8528254032135,2026-03-06T01:40:32.652991,0.0,0.0,3.23,0.0,0.0,0.0,0.0,23.26,13.97,0.382,0.385,STRAIGHT,1.5,1.5,"CMD,0.4,1.50",4.0,0.0091,2.237,0.023,1,0.9785,0,NORMAL,66.95,-0.071,1,1,1,1,1,101.9,0,0,dijkstra,predict,0.38524,0,,,,,,0,,,,203338,115573,0
818,61.89188194274902,2026-03-06T01:40:32.692048,2.01,0.0,4.01,0.0,0.0,0.0,0.0,22.03,14.07,0.38,0.382,STRAIGHT,1.5,1.5,"CMD,0.4,1.50",4.0,0.0091,2.237,0.023,1,0.9785,0,NORMAL,66.663,-0.002,1,1,1,1,1,96.9,0,0,dijkstra,predict,0.3843,0,,,,,,0,,,,203338,115289,0
819,61.92633676528931,2026-03-06T01:40:32.726503,0.0,0.0,4.41,0.0,0.0,0.0,0.0,18.43,14.1,0.379,0.38,STRAIGHT,1.5,1.5,"CMD,0.4,1.50",4.0,0.0091,2.237,0.023,1,0.9785,0,NORMAL,66.428,0.064,1,1,1,1,1,91.9,0,0,dijkstra,predict,0.37731,0,,,,,,0,,,,203338,113193,0
820,62.09919023513794,2026-03-06T01:40:32.899356,111.79,0.0,0.0,10.02,0.0,0.0,0.0,162.67,13.21,0.373,0.379,STRAIGHT,1.5,1.5,"CMD,0.4,1.50",4.0,0.0088,2.283,0.023,1,0.9743,0,NORMAL,65.61,0.131,1,1,1,1,1,114.2,107,3,dijkstra,graph,0.40101,0,,,,,,0,,,,199632,120086,1837
821,62.13764810562134,2026-03-06T01:40:32.937814,5.56,0.0,2.0,0.0,0.0,0.0,0.0,28.38,14.15,0.369,0.373,STRAIGHT,1.5,1.5,"CMD,0.4,1.50",4.0,0.0088,2.283,0.023,1,0.9743,0,NORMAL,59.536,0.274,1,1,1,1,1,104.2,0,0,dijkstra,predict,0.40021,0,,,,,,0,,,,205545,120063,0
822,62.1752073764801,2026-03-06T01:40:32.975373,0.0,0.0,3.71,0.0,0.0,0.0,0.0,19.74,14.15,0.367,0.369,STRAIGHT,1.5,1.5,"CMD,0.4,1.50",4.0,0.0088,2.283,0.023,1,0.9743,0,NORMAL,60.122,0.202,1,1,1,1,1,99.2,0,0,dijkstra,predict,0.39943,0,,,,,,0,,,,205545,119828,0
823,62.21654772758484,2026-03-06T01:40:33.016713,3.74,0.0,2.0,0.0,0.0,0.0,2.0,23.32,14.13,0.365,0.367,STRAIGHT,1.5,1.5,"CMD,0.4,1.50",4.0,0.0088,2.283,0.023,1,0.9743,0,NORMAL,59.254,0.231,1,1,1,1,1,94.2,0,0,dijkstra,predict,0.39259,0,,,,,,0,,,,205545,117776,0
824,62.381911516189575,2026-03-06T01:40:33.182078,104.61,0.0,0.0,10.3,0.0,0.0,0.0,149.34,13.32,0.359,0.365,STRAIGHT,1.5,1.5,"CMD,0.4,1.50",4.0,0.0084,2.329,0.023,1,0.9729,0,NORMAL,56.679,0.371,1,1,1,1,1,116.4,92,2,dijkstra,graph,0.41562,0,,,,,,0,,,,204958,124400,1788
825,62.41293263435364,2026-03-06T01:40:33.213099,0.0,0.0,0.0,0.0,0.0,0.0,0.0,20.92,14.23,0.355,0.359,STRAIGHT,1.5,1.5,"CMD,0.4,1.50",4.0,0.0084,2.329,0.023,1,0.9729,0,NORMAL,55.873,0.376,1,1,1,1,1,106.4,0,0,dijkstra,predict,0.41475,0,,,,,,0,,,,211527,124424,0
826,62.45932745933533,2026-03-06T01:40:33.259494,2.0,0.0,2.0,0.0,0.0,0.0,2.0,26.28,14.15,0.352,0.355,STRAIGHT,1.5,1.5,"CMD,0.4,1.50",4.0,0.0084,2.329,0.023,1,0.9729,0,NORMAL,55.942,0.401,1,1,1,1,1,101.4,0,0,dijkstra,predict,0.41395,0,,,,,,0,,,,211527,124184,0
827,62.49363422393799,2026-03-06T01:40:33.293800,0.0,0.0,10.28,0.0,0.0,0.0,0.0,20.29,14.17,0.351,0.352,STRAIGHT,1.5,1.5,"CMD,0.4,1.50",4.0,0.0084,2.329,0.023,1,0.9729,0,NORMAL,55.675,0.441,1,1,1,1,1,96.4,0,0,dijkstra,predict,0.40684,0,,,,,,0,,,,211527,122052,0
828,62.66552686691284,2026-03-06T01:40:33.465693,111.08,0.0,10.02,20.33,0.0,0.0,0.0,161.84,13.32,0.35,0.351,STRAIGHT,1.5,1.5,"CMD,0.4,1.50",4.0,0.0084,2.329,0.023,1,0.987,0,NORMAL,55.402,0.504,1,1,1,1,1,116.4,99,2,dijkstra,graph,0.41124,0,,,,,,0,,,,203654,123100,1802
829,62.71074604988098,2026-03-06T01:40:33.510912,1.01,0.0,2.75,0.0,0.0,0.0,0.0,25.09,14.14,0.349,0.35,STRAIGHT,1.5,1.5,"CMD,0.3,1.50",4.0,0.0084,2.329,0.023,1,0.987,0,NORMAL,55.617,0.5,1,1,1,1,1,106.4,0,0,dijkstra,predict,0.41082,0,,,,,,0,,,,208359,123247,0
830,62.74704837799072,2026-03-06T01:40:33.547214,1.01,0.0,0.0,0.0,0.0,0.0,0.0,18.54,14.15,0.348,0.349,STRAIGHT,1.5,1.5,"CMD,0.3,1.50",4.0,0.0084,2.329,0.023,1,0.987,0,NORMAL,54.984,0.558,1,1,1,1,1,101.4,0,0,dijkstra,predict,0.4096,0,,,,,,0,,,,208359,122880,0
831,62.78805732727051,2026-03-06T01:40:33.588223,1.5,0.0,0.0,0.0,0.0,0.0,0.0,20.87,14.13,0.348,0.348,STRAIGHT,1.5,1.5,"CMD,0.3,1.50",4.0,0.0084,2.329,0.023,1,0.987,0,NORMAL,55.288,0.523,1,1,1,1,1,96.4,0,0,dijkstra,predict,0.4027,0,,,,,,0,,,,208359,120809,0
832,62.96128582954407,2026-03-06T01:40:33.761452,103.97,0.0,10.3,20.42,0.0,0.0,0.0,153.13,13.26,0.348,0.348,STRAIGHT,1.5,1.5,"CMD,0.3,1.50",4.0,0.0084,2.329,0.023,1,0.9775,0,NORMAL,54.611,0.628,1,1,1,1,1,116.4,103,2,dijkstra,graph,0.41874,0,,,,,,0,,,,204584,125404,1852
833,63.0057168006897,2026-03-06T01:40:33.805883,10.14,0.0,4.01,0.0,0.0,0.0,0.0,24.25,14.09,0.348,0.348,STRAIGHT,1.5,1.5,"CMD,0.3,1.50",4.0,0.0084,2.329,0.023,1,0.9775,0,NORMAL,55.133,0.596,1,1,1,1,1,106.4,0,0,dijkstra,predict,0.41789,0,,,,,,0,,,,210139,125367,0
834,63.04225182533264,2026-03-06T01:40:33.842418,2.0,0.0,1.0,0.0,0.0,0.0,0.0,20.51,14.11,0.347,0.348,STRAIGHT,1.5,1.5,"CMD,0.3,1.50",4.0,0.0084,2.329,0.023,1,0.9775,0,NORMAL,53.411,0.431,1,1,1,1,1,101.4,0,0,dijkstra,predict,0.41724,0,,,,,,0,,,,210139,125173,0
835,63.0768187046051,2026-03-06T01:40:33.876985,0.0,0.0,0.0,0.0,0.0,0.0,0.0,24.41,14.15,0.347,0.347,STRAIGHT,1.5,1.5,"CMD,0.3,1.50",4.0,0.0084,2.329,0.023,1,0.9775,0,NORMAL,53.777,0.426,1,1,1,1,1,96.4,0,0,dijkstra,predict,0.41035,0,,,,,,0,,,,210139,123106,0
836,63.254990577697754,2026-03-06T01:40:34.055156,109.28,0.0,0.0,16.06,2.0,0.0,0.0,161.98,13.26,0.357,0.347,STRAIGHT,1.5,1.5,"CMD,0.3,1.50",4.0,0.0091,2.237,0.023,1,0.9613,0,NORMAL,54.24,0.39,1,1,1,1,1,111.9,98,2,dijkstra,graph,0.39366,0,,,,,,0,,,,200746,117875,1850
837,63.28748059272766,2026-03-06T01:40:34.087647,0.0,0.0,0.0,0.0,0.0,0.0,0.0,20.48,14.1,0.363,0.357,STRAIGHT,1.5,1.5,"CMD,0.4,1.50",4.0,0.0091,2.237,0.023,1,0.9613,0,NORMAL,54.439,0.443,1,1,1,1,1,101.9,0,0,dijkstra,predict,0.39333,0,,,,,,0,,,,206506,118000,0
838,63.32831954956055,2026-03-06T01:40:34.128485,0.0,0.0,5.01,0.0,0.0,0.0,0.0,22.52,14.1,0.368,0.363,STRAIGHT,1.5,1.5,"CMD,0.4,1.50",4.0,0.0091,2.237,0.023,1,0.9613,0,NORMAL,54.658,0.458,1,1,1,1,1,96.9,0,0,dijkstra,predict,0.3922,0,,,,,,0,,,,206506,117659,0
839,63.36677813529968,2026-03-06T01:40:34.166944,0.0,0.0,3.73,0.0,0.0,0.0,0.0,20.44,14.13,0.371,0.368,STRAIGHT,1.5,1.5,"CMD,0.4,1.50",4.0,0.0091,2.237,0.023,1,0.9613,0,NORMAL,54.866,0.572,1,1,1,1,1,91.9,0,0,dijkstra,predict,0.38518,0,,,,,,0,,,,206506,115553,0
840,63.539180517196655,2026-03-06T01:40:34.339346,113.47,0.0,0.0,20.32,0.0,0.0,0.0,152.23,13.27,0.373,0.371,STRAIGHT,1.5,1.5,"CMD,0.4,1.50",4.0,0.0091,2.237,0.023,1,0.9768,0,NORMAL,55.807,0.482,1,1,1,1,1,111.9,97,3,dijkstra,graph,0.38564,0,,,,,,0,,,,199353,115444,1829
841,63.58011746406555,2026-03-06T01:40:34.380284,1.5,0.0,0.0,0.0,0.0,0.0,0.0,16.44,14.09,0.374,0.373,STRAIGHT,1.5,1.5,"CMD,0.4,1.50",4.0,0.0091,2.237,0.023,1,0.9768,0,NORMAL,55.36,0.505,1,1,1,1,1,101.9,0,0,dijkstra,predict,0.38494,0,,,,,,0,,,,204491,115481,0
842,63.62035155296326,2026-03-06T01:40:34.420517,0.0,0.0,4.65,0.0,0.0,0.0,0.0,20.39,14.05,0.375,0.374,STRAIGHT,1.5,1.5,"CMD,0.4,1.50",4.0,0.0091,2.237,0.023,1,0.9768,0,NORMAL,55.394,0.584,1,1,1,1,1,96.9,0,0,dijkstra,predict,0.38407,0,,,,,,0,,,,204491,115221,0
843,63.65322780609131,2026-03-06T01:40:34.453394,0.0,0.0,0.0,0.0,0.0,0.0,0.0,22.84,14.08,0.375,0.375,STRAIGHT,1.5,1.5,"CMD,0.4,1.50",4.0,0.0091,2.237,0.023,1,0.9768,0,NORMAL,56.008,0.578,1,1,1,1,1,91.9,0,0,dijkstra,predict,0.37722,0,,,,,,0,,,,204491,113167,0
844,63.83396005630493,2026-03-06T01:40:34.634126,113.26,0.0,10.05,10.06,0.0,0.0,0.0,163.03,13.2,0.376,0.375,STRAIGHT,1.5,1.5,"CMD,0.4,1.50",4.0,0.0091,2.237,0.023,1,0.9727,0,NORMAL,56.227,0.562,1,1,1,1,1,111.9,79,3,dijkstra,graph,0.37808,0,,,,,,0,,,,196335,113146,1847
845,63.87443566322327,2026-03-06T01:40:34.674602,0.0,0.0,4.3,0.0,0.0,0.0,0.0,20.24,14.06,0.376,0.376,STRAIGHT,1.5,1.5,"CMD,0.4,1.50",4.0,0.0091,2.237,0.023,1,0.9727,0,NORMAL,56.768,0.595,1,1,1,1,1,101.9,0,0,dijkstra,predict,0.37767,0,,,,,,0,,,,201186,113300,0
846,63.91076302528381,2026-03-06T01:40:34.710929,2.0,0.0,2.0,0.0,0.0,0.0,0.0,26.12,14.09,0.376,0.376,STRAIGHT,1.5,1.5,"CMD,0.4,1.50",4.0,0.0091,2.237,0.023,1,0.9727,0,NORMAL,56.96,0.597,1,1,1,1,1,96.9,0,0,dijkstra,predict,0.37637,0,,,,,,0,,,,201186,112912,0
847,63.94491124153137,2026-03-06T01:40:34.745077,2.73,0.0,0.0,0.0,0.0,0.0,0.0,18.13,14.11,0.376,0.376,STRAIGHT,1.5,1.5,"CMD,0.4,1.50",4.0,0.0091,2.237,0.023,1,0.9727,0,NORMAL,57.634,0.636,1,1,1,1,1,91.9,0,0,dijkstra,predict,0.36962,0,,,,,,0,,,,201186,110887,0
848,64.12731695175171,2026-03-06T01:40:34.927483,105.78,0.0,10.16,18.13,10.09,0.0,0.0,162.49,13.18,0.381,0.376,STRAIGHT,1.5,1.5,"CMD,0.4,1.50",4.0,0.0095,2.192,0.023,1,0.9731,0,NORMAL,58.092,0.785,1,1,1,1,1,109.6,194,2,dijkstra,graph,0.37868,0,,,,,,0,,,,197779,113277,2353
849,64.16416645050049,2026-03-06T01:40:34.964332,0.0,0.0,4.01,0.0,0.0,0.0,0.0,26.79,14.04,0.385,0.381,STRAIGHT,1.5,1.5,"CMD,0.4,1.50",4.0,0.0095,2.192,0.023,1,0.9731,0,NORMAL,57.502,0.78,1,1,1,1,1,99.6,0,0,dijkstra,predict,0.37762,0,,,,,,0,,,,203346,113286,0
850,64.1984269618988,2026-03-06T01:40:34.998593,0.0,0.0,4.28,0.0,0.0,0.0,0.0,18.5,14.07,0.387,0.385,STRAIGHT,1.5,1.5,"CMD,0.4,1.50",4.0,0.0095,2.192,0.023,1,0.9731,0,NORMAL,57.735,0.907,1,1,1,1,1,94.6,0,0,dijkstra,predict,0.37678,0,,,,,,0,,,,203346,113034,0
851,64.23958778381348,2026-03-06T01:40:35.039754,0.0,0.0,4.42,0.0,0.0,0.0,0.0,20.5,14.03,0.389,0.387,STRAIGHT,1.5,1.5,"CMD,0.4,1.50",4.0,0.0095,2.192,0.023,1,0.9731,0,NORMAL,58.16,0.882,1,1,1,1,1,89.6,0,0,dijkstra,predict,0.36958,0,,,,,,0,,,,203346,110874,0
852,64.42232656478882,2026-03-06T01:40:35.222493,110.15,0.0,0.0,26.47,2.0,0.0,0.0,164.74,13.15,0.385,0.387,STRAIGHT,1.5,1.5,"CMD,0.4,1.50",4.0,0.0091,2.237,0.023,1,0.9766,0,NORMAL,57.974,0.968,1,1,1,1,1,111.9,176,3,dijkstra,graph,0.38347,0,,,,,,0,,,,200949,114727,2300
853,64.4524838924408,2026-03-06T01:40:35.252650,0.0,0.0,0.0,0.0,0.0,0.0,0.0,20.14,14.01,0.382,0.385,STRAIGHT,1.5,1.5,"CMD,0.4,1.50",4.0,0.0091,2.237,0.023,1,0.9766,0,NORMAL,58.833,0.968,1,1,1,1,1,101.9,0,0,dijkstra,predict,0.38246,0,,,,,,0,,,,208694,114737,0
854,64.49289560317993,2026-03-06T01:40:35.293061,0.0,0.0,2.61,0.0,0.0,0.0,0.0,18.2,13.94,0.38,0.382,STRAIGHT,1.5,1.5,"CMD,0.4,1.50",4.0,0.0091,2.237,0.023,1,0.9766,0,NORMAL,58.929,0.97,1,1,1,1,1,96.9,0,0,dijkstra,predict,0.3816,0,,,,,,0,,,,208694,114481,0
855,64.52536416053772,2026-03-06T01:40:35.325530,0.0,0.0,0.0,0.0,0.0,0.0,0.0,22.42,14.04,0.379,0.38,STRAIGHT,1.5,1.5,"CMD,0.4,1.50",4.0,0.0091,2.237,0.023,1,0.9766,0,NORMAL,59.217,0.964,1,1,1,1,1,91.9,0,0,dijkstra,predict,0.37428,0,,,,,,0,,,,208694,112285,0
856,64.70397877693176,2026-03-06T01:40:35.504145,100.46,0.0,10.11,27.73,0.0,0.0,0.0,156.32,13.12,0.383,0.38,STRAIGHT,1.5,1.5,"CMD,0.4,1.50",4.0,0.0095,2.192,0.023,1,0.9655,0,NORMAL,59.787,0.944,1,1,1,1,1,109.6,159,4,dijkstra,graph,0.36717,0,,,,,,0,,,,195429,109881,2168
857,64.74080920219421,2026-03-06T01:40:35.540975,2.78,0.0,2.0,0.0,0.0,0.0,0.0,20.81,13.97,0.386,0.383,STRAIGHT,1.5,1.5,"CMD,0.4,1.50",4.0,0.0095,2.192,0.023,1,0.9655,0,NORMAL,60.219,0.912,1,1,1,1,1,99.6,0,0,dijkstra,predict,0.36669,0,,,,,,0,,,,201506,110008,0
858,64.77435493469238,2026-03-06T01:40:35.574521,2.0,0.0,0.0,0.0,0.0,0.0,0.0,18.03,14.05,0.388,0.386,STRAIGHT,1.5,1.5,"CMD,0.4,1.50",4.0,0.0095,2.192,0.023,1,0.9655,0,NORMAL,56.15,0.928,1,1,1,1,1,94.6,0,0,dijkstra,predict,0.36545,0,,,,,,0,,,,201506,109634,0
859,64.8153908252716,2026-03-06T01:40:35.615557,0.0,0.0,4.18,0.0,0.0,0.0,0.0,20.45,14.02,0.389,0.388,STRAIGHT,1.5,1.5,"CMD,0.4,1.50",4.0,0.0095,2.192,0.023,1,0.9655,0,NORMAL,56.632,0.847,1,1,1,1,1,89.6,0,0,dijkstra,predict,0.35842,0,,,,,,0,,,,201506,107527,0
860,64.9925184249878,2026-03-06T01:40:35.792684,114.87,0.0,5.58,21.78,0.0,0.0,0.0,163.11,13.16,0.396,0.389,STRAIGHT,1.5,1.5,"CMD,0.4,1.50",4.0,0.0099,2.146,0.023,1,0.9598,0,NORMAL,57.31,0.8,1,1,1,1,1,107.3,150,4,dijkstra,graph,0.37207,0,,,,,,0,,,,196018,111421,2376
861,65.02887797355652,2026-03-06T01:40:35.829044,2.25,0.0,0.0,0.0,0.0,0.0,0.0,20.25,14.03,0.4,0.396,STRAIGHT,1.5,1.5,"CMD,0.4,1.50",4.0,0.0099,2.146,0.023,1,0.9598,0,NORMAL,57.736,0.847,1,1,1,1,1,97.3,0,0,dijkstra,predict,0.37144,0,,,,,,0,,,,202399,111432,0
862,65.06756567955017,2026-03-06T01:40:35.867731,2.0,0.0,2.0,0.0,0.0,0.0,0.0,18.59,14.07,0.403,0.4,STRAIGHT,1.5,1.5,"CMD,0.4,1.50",4.0,0.0099,2.146,0.023,1,0.9598,0,NORMAL,57.411,0.861,1,1,1,1,1,92.3,0,0,dijkstra,predict,0.37052,0,,,,,,0,,,,202399,111156,0
863,65.10735774040222,2026-03-06T01:40:35.907524,2.0,0.0,2.0,0.0,0.0,0.0,0.0,20.03,14.04,0.405,0.403,STRAIGHT,1.5,1.5,"CMD,0.4,1.50",4.0,0.0099,2.146,0.023,1,0.9598,0,NORMAL,56.563,0.873,1,1,1,1,1,87.3,0,0,dijkstra,predict,0.36334,0,,,,,,0,,,,202399,109003,0
864,65.28996586799622,2026-03-06T01:40:36.090132,108.07,0.0,8.01,22.44,0.0,0.0,0.0,160.48,13.16,0.406,0.405,STRAIGHT,1.5,1.5,"CMD,0.4,1.50",4.0,0.0099,2.146,0.023,1,0.9622,0,NORMAL,57.228,0.855,1,1,1,1,1,107.3,212,5,dijkstra,graph,0.37512,0,,,,,,0,,,,196490,112450,3144
865,65.32049512863159,2026-03-06T01:40:36.120661,0.0,0.0,0.0,0.0,0.0,0.0,0.0,20.45,14.04,0.407,0.406,STRAIGHT,1.5,1.5,"CMD,0.4,1.50",4.0,0.0099,2.146,0.023,1,0.9622,0,NORMAL,57.537,0.807,1,1,1,1,1,97.3,0,0,dijkstra,predict,0.37473,0,,,,,,0,,,,205159,112420,0
866,65.3633861541748,2026-03-06T01:40:36.163552,0.0,0.0,5.47,0.0,0.0,0.0,0.0,22.44,13.97,0.408,0.407,STRAIGHT,1.5,1.5,"CMD,0.4,1.50",4.0,0.0099,2.146,0.023,1,0.9622,0,NORMAL,56.499,0.846,1,1,1,1,1,92.3,0,0,dijkstra,predict,0.37357,0,,,,,,0,,,,205159,112072,0
867,65.4039044380188,2026-03-06T01:40:36.204070,2.0,0.0,1.5,0.0,0.0,0.0,0.0,22.5,13.97,0.408,0.408,STRAIGHT,1.5,1.5,"CMD,0.4,1.50",4.0,0.0099,2.146,0.023,1,0.9622,0,NORMAL,57.992,0.692,1,1,1,1,1,87.3,0,0,dijkstra,predict,0.36612,0,,,,,,0,,,,205159,109837,0
868,65.57278108596802,2026-03-06T01:40:36.372947,110.27,0.0,8.01,10.02,0.0,0.0,0.0,153.81,13.15,0.421,0.408,STRAIGHT,1.5,1.5,"CMD,0.4,1.50",4.0,0.0108,2.055,0.023,1,0.9419,0,NORMAL,58.304,0.641,1,1,1,1,1,102.7,105,7,dijkstra,graph,0.35612,0,,,,,,0,,,,192584,106579,2236
869,65.61283445358276,2026-03-06T01:40:36.413000,0.0,0.0,3.75,0.0,0.0,0.0,0.0,22.21,13.98,0.429,0.421,STRAIGHT,1.5,1.5,"CMD,0.4,1.50",4.0,0.0108,2.055,0.023,1,0.9419,0,NORMAL,59.208,0.6,1,1,1,1,1,92.7,0,0,dijkstra,predict,0.35542,0,,,,,,0,,,,198491,106627,0
870,65.65384030342102,2026-03-06T01:40:36.454006,0.0,0.0,4.97,0.0,0.0,0.0,0.0,20.77,13.98,0.435,0.429,STRAIGHT,1.5,1.5,"CMD,0.4,1.50",4.0,0.0108,2.055,0.023,1,0.9419,0,NORMAL,59.378,0.556,1,1,1,1,1,87.7,0,0,dijkstra,predict,0.35444,0,,,,,,0,,,,198491,106331,0
871,65.6946153640747,2026-03-06T01:40:36.494781,0.0,0.0,4.86,0.0,0.0,0.0,0.0,30.48,13.98,0.439,0.435,STRAIGHT,1.5,1.5,"CMD,0.4,1.50",4.0,0.0108,2.055,0.023,1,0.9419,0,NORMAL,58.267,0.717,1,1,1,1,1,82.7,0,0,dijkstra,predict,0.34732,0,,,,,,0,,,,198491,104195,0
872,65.88811922073364,2026-03-06T01:40:36.688285,115.21,0.0,0.0,29.02,0.0,0.0,3.15,173.35,12.98,0.441,0.439,STRAIGHT,1.5,1.5,"CMD,0.4,1.50",4.0,0.0108,2.055,0.023,1,0.9122,0,NORMAL,58.345,0.801,1,1,1,1,1,102.7,177,8,dijkstra,graph,0.37779,0,,,,,,0,,,,204685,113247,2920
873,65.92010235786438,2026-03-06T01:40:36.720268,0.0,0.0,0.0,0.0,0.0,0.0,0.0,16.03,13.9,0.443,0.441,STRAIGHT,1.5,1.5,"CMD,0.4,1.50",4.0,0.0108,2.055,0.023,1,0.9122,0,NORMAL,58.998,0.734,1,1,1,1,1,92.7,0,0,dijkstra,predict,0.37716,0,,,,,,0,,,,218464,113148,0
874,65.9605438709259,2026-03-06T01:40:36.760710,0.0,0.0,5.85,0.0,0.0,0.0,0.0,22.08,13.9,0.444,0.443,STRAIGHT,1.5,1.5,"CMD,0.4,1.50",4.0,0.0108,2.055,0.023,1,0.9122,0,NORMAL,58.447,0.674,1,1,1,1,1,87.7,0,0,dijkstra,predict,0.37592,0,,,,,,0,,,,218464,112776,0
875,66.00309586524963,2026-03-06T01:40:36.803262,2.0,0.0,4.01,0.0,0.0,0.0,0.0,24.53,13.86,0.445,0.444,STRAIGHT,1.5,1.5,"CMD,0.4,1.50",4.0,0.0108,2.055,0.023,1,0.9122,0,NORMAL,58.188,0.839,1,1,1,1,1,82.7,0,0,dijkstra,predict,0.36824,0,,,,,,0,,,,218464,110471,0
876,66.18162822723389,2026-03-06T01:40:36.981794,114.12,0.0,0.0,28.36,0.0,0.0,0.0,160.51,12.97,0.459,0.445,STRAIGHT,1.5,1.5,"CMD,0.4,1.50",4.0,0.0118,1.963,0.023,1,0.9041,0,NORMAL,59.185,0.752,1,1,1,1,1,98.2,122,6,dijkstra,graph,0.36514,0,,,,,,0,,,,208133,109539,2710
877,66.2183187007904,2026-03-06T01:40:37.018485,2.0,0.0,2.0,0.0,0.0,0.0,0.0,18.18,13.87,0.469,0.459,STRAIGHT,1.5,1.5,"CMD,0.5,1.50",4.0,0.0118,1.963,0.023,1,0.9041,0,NORMAL,60.455,0.718,1,1,1,1,1,88.2,0,0,dijkstra,predict,0.36515,0,,,,,,0,,,,219697,109545,0
878,66.2533278465271,2026-03-06T01:40:37.053494,0.0,0.0,3.59,0.0,0.0,0.0,0.0,20.91,13.88,0.476,0.469,STRAIGHT,1.5,1.5,"CMD,0.5,1.50",4.0,0.0118,1.963,0.023,1,0.9041,0,NORMAL,61.018,0.626,1,1,1,1,1,83.2,0,0,dijkstra,predict,0.36362,0,,,,,,0,,,,219697,109085,0
879,66.29399704933167,2026-03-06T01:40:37.094163,0.0,0.0,4.01,0.0,0.0,0.0,0.0,30.41,13.84,0.48,0.476,STRAIGHT,1.5,1.5,"CMD,0.5,1.50",4.0,0.0118,1.963,0.023,1,0.9041,0,NORMAL,61.33,0.618,1,1,1,1,1,78.2,0,0,dijkstra,predict,0.35602,0,,,,,,0,,,,219697,106807,0
880,66.46896982192993,2026-03-06T01:40:37.269136,109.2,0.0,8.01,16.02,2.0,0.0,0.0,154.95,13.01,0.483,0.48,STRAIGHT,1.5,1.5,"CMD,0.5,1.50",4.0,0.0118,1.963,0.023,1,0.8788,0,NORMAL,61.212,0.667,1,1,1,1,1,98.2,82,7,dijkstra,graph,0.35519,0,,,,,,0,,,,207511,106425,2438
881,66.50549983978271,2026-03-06T01:40:37.305666,2.0,0.0,0.0,0.0,0.0,0.0,0.0,18.51,13.92,0.485,0.483,STRAIGHT,1.5,1.5,"CMD,0.5,1.50",4.0,0.0118,1.963,0.023,1,0.8788,0,NORMAL,62.492,0.6,1,1,1,1,1,88.2,0,0,dijkstra,predict,0.35465,0,,,,,,0,,,,221114,106396,0
882,66.54638743400574,2026-03-06T01:40:37.346553,0.0,0.0,0.0,0.0,0.0,0.0,0.0,30.82,13.85,0.486,0.485,STRAIGHT,1.5,1.5,"CMD,0.5,1.50",4.0,0.0118,1.963,0.023,1,0.8788,0,NORMAL,62.654,0.609,1,1,1,1,1,83.2,0,0,dijkstra,predict,0.35326,0,,,,,,0,,,,221114,105979,0
883,66.58265113830566,2026-03-06T01:40:37.382817,2.0,0.0,2.0,0.0,0.0,0.0,0.0,26.2,13.88,0.487,0.486,STRAIGHT,1.5,1.5,"CMD,0.5,1.50",4.0,0.0118,1.963,0.023,1,0.8788,0,NORMAL,62.524,0.602,1,1,1,1,1,78.2,0,0,dijkstra,predict,0.34572,0,,,,,,0,,,,221114,103715,0
884,66.7507266998291,2026-03-06T01:40:37.550893,109.49,0.0,7.86,8.46,0.0,0.0,0.0,152.05,13.03,0.495,0.487,STRAIGHT,1.5,1.5,"CMD,0.5,1.50",4.0,0.0124,1.918,0.023,1,0.9047,0,NORMAL,62.376,0.634,1,1,1,1,1,95.9,82,6,dijkstra,graph,0.34283,0,,,,,,0,,,,200446,102695,2356
885,66.79067397117615,2026-03-06T01:40:37.590840,2.0,0.0,4.01,0.0,0.0,0.0,0.0,21.89,13.9,0.501,0.495,STRAIGHT,1.5,1.5,"CMD,0.5,1.50",4.0,0.0124,1.918,0.023,1,0.9047,0,NORMAL,63.169,0.634,1,1,1,1,1,85.9,0,0,dijkstra,predict,0.342,0,,,,,,0,,,,213674,102599,0
886,66.8310797214508,2026-03-06T01:40:37.631246,2.0,0.0,2.0,0.0,0.0,0.0,2.0,22.11,13.87,0.505,0.501,STRAIGHT,1.5,1.5,"CMD,0.5,1.50",4.0,0.0124,1.918,0.023,1,0.9047,0,NORMAL,62.968,0.6,1,1,1,1,1,80.9,0,0,dijkstra,predict,0.34068,0,,,,,,0,,,,213674,102203,0
887,66.87150597572327,2026-03-06T01:40:37.671672,2.45,0.0,3.75,0.0,0.0,0.0,0.0,28.41,13.83,0.507,0.505,STRAIGHT,1.5,1.5,"CMD,0.5,1.50",4.0,0.0124,1.918,0.023,1,0.9047,0,NORMAL,63.864,0.605,1,1,1,1,1,75.9,0,0,dijkstra,predict,0.3322,0,,,,,,0,,,,213674,99659,0
888,67.04513788223267,2026-03-06T01:40:37.845304,110.77,0.0,10.18,15.76,2.0,0.0,0.0,157.19,13.01,0.517,0.507,STRAIGHT,1.5,1.5,"CMD,0.5,1.50",4.0,0.013,1.872,0.023,1,0.9166,0,NORMAL,63.687,0.566,1,1,1,1,1,93.6,85,4,dijkstra,graph,0.32671,0,,,,,,0,,,,185835,97833,2240
889,67.08508062362671,2026-03-06T01:40:37.885247,2.0,0.0,4.01,0.0,0.0,0.0,0.0,19.92,13.86,0.524,0.517,STRAIGHT,1.5,1.5,"CMD,0.5,1.50",4.0,0.013,1.872,0.023,1,0.9166,0,NORMAL,63.309,0.519,1,1,1,1,1,83.6,0,0,dijkstra,predict,0.32586,0,,,,,,0,,,,203432,97759,0
890,67.12360739707947,2026-03-06T01:40:37.923773,0.0,0.0,3.25,0.0,0.0,0.0,0.0,22.51,13.84,0.528,0.524,STRAIGHT,1.5,1.5,"CMD,0.5,1.50",4.0,0.013,1.872,0.023,1,0.9166,0,NORMAL,63.514,0.541,1,1,1,1,1,78.6,0,0,dijkstra,predict,0.32473,0,,,,,,0,,,,203432,97419,0
891,67.15806007385254,2026-03-06T01:40:37.958226,2.0,0.0,2.0,0.0,0.0,0.0,0.0,20.44,13.87,0.531,0.528,STRAIGHT,1.5,1.5,"CMD,0.5,1.50",4.0,0.013,1.872,0.023,1,0.9166,0,NORMAL,63.538,0.516,1,1,1,1,1,73.6,0,0,dijkstra,predict,0.31633,0,,,,,,0,,,,203432,94899,0
892,67.32930374145508,2026-03-06T01:40:38.129470,111.4,0.0,6.57,13.71,2.0,0.0,0.0,151.71,13.05,0.543,0.531,STRAIGHT,1.5,1.5,"CMD,0.5,1.50",4.0,0.0137,1.826,0.023,1,0.9125,0,NORMAL,64.162,0.528,1,1,1,1,1,91.3,72,4,dijkstra,graph,0.30762,0,,,,,,0,,,,170857,91960,1986
893,67.36964964866638,2026-03-06T01:40:38.169816,0.0,0.0,6.68,0.0,0.0,0.0,0.0,22.22,13.88,0.55,0.543,STRAIGHT,1.5,1.5,"CMD,0.5,1.50",4.0,0.0137,1.826,0.023,1,0.9125,0,NORMAL,64.126,0.509,1,1,1,1,1,81.3,0,0,dijkstra,predict,0.30667,0,,,,,,0,,,,184741,92002,0
894,67.41021084785461,2026-03-06T01:40:38.210377,0.0,0.0,4.78,0.0,0.0,0.0,0.0,20.8,13.88,0.555,0.55,STRAIGHT,1.5,1.5,"CMD,0.5,1.50",4.0,0.0137,1.826,0.023,1,0.9125,0,NORMAL,64.37,0.462,1,1,1,1,1,76.3,0,0,dijkstra,predict,0.30557,0,,,,,,0,,,,184741,91670,0
895,67.44384551048279,2026-03-06T01:40:38.244011,0.0,0.0,2.44,0.0,0.0,0.0,0.0,18.11,13.94,0.558,0.555,STRAIGHT,1.5,1.5,"CMD,0.6,1.50",4.0,0.0137,1.826,0.023,1,0.9125,0,NORMAL,64.326,0.513,1,1,1,1,1,71.3,0,0,dijkstra,predict,0.29752,0,,,,,,0,,,,184741,89257,0
896,67.61615419387817,2026-03-06T01:40:38.416320,109.72,0.0,8.01,15.09,2.0,0.0,0.0,153.95,13.11,0.56,0.558,STRAIGHT,1.5,1.5,"CMD,0.6,1.50",4.0,0.0137,1.826,0.023,1,0.9017,0,NORMAL,64.583,0.57,1,1,1,1,1,91.3,73,3,dijkstra,graph,0.28841,0,,,,,,0,,,,155829,86302,1924
897,67.6546471118927,2026-03-06T01:40:38.454813,2.53,0.0,3.51,0.0,0.0,0.0,0.0,20.47,13.93,0.562,0.56,STRAIGHT,1.5,1.5,"CMD,0.6,1.50",4.0,0.0137,1.826,0.023,1,0.9017,0,NORMAL,64.524,0.549,1,1,1,1,1,81.3,0,0,dijkstra,predict,0.28763,0,,,,,,0,,,,168225,86289,0
898,67.6942138671875,2026-03-06T01:40:38.494380,2.59,0.0,1.74,0.0,0.0,0.0,0.0,21.98,13.93,0.563,0.562,STRAIGHT,1.5,1.5,"CMD,0.6,1.50",4.0,0.0137,1.826,0.023,1,0.9017,0,NORMAL,66.001,0.475,1,1,1,1,1,76.3,0,0,dijkstra,predict,0.28678,0,,,,,,0,,,,168225,86035,0
899,67.72374296188354,2026-03-06T01:40:38.523909,0.0,0.0,0.0,0.0,0.0,0.0,0.0,14.02,14.01,0.564,0.563,STRAIGHT,1.5,1.5,"CMD,0.6,1.50",4.0,0.0137,1.826,0.023,1,0.9017,0,NORMAL,66.499,0.52,1,1,1,1,1,71.3,0,0,dijkstra,predict,0.28016,0,,,,,,0,,,,168225,84048,0
900,67.89898705482483,2026-03-06T01:40:38.699153,116.49,0.0,6.01,12.02,0.0,0.0,0.0,154.52,13.16,0.574,0.564,STRAIGHT,1.5,1.5,"CMD,0.6,1.50",4.0,0.0144,1.781,0.023,1,0.9539,0,NORMAL,66.089,0.49,1,1,1,1,1,89.0,55,2,dijkstra,graph,0.27407,0,,,,,,0,,,,150580,82007,1537
901,67.93788170814514,2026-03-06T01:40:38.738048,0.0,0.0,10.4,0.0,0.0,0.0,0.0,22.87,14.15,0.58,0.574,STRAIGHT,1.5,1.5,"CMD,0.6,1.50",4.0,0.0144,1.781,0.023,1,0.9539,0,NORMAL,64.518,0.68,1,1,1,1,1,79.0,0,0,dijkstra,predict,0.27361,0,,,,,,0,,,,156760,82082,0
902,67.97391724586487,2026-03-06T01:40:38.774083,0.0,0.0,5.87,0.0,0.0,0.0,0.0,28.03,14.12,0.585,0.58,STRAIGHT,1.5,1.5,"CMD,0.6,1.50",4.0,0.0144,1.781,0.023,1,0.9539,0,NORMAL,62.828,0.875,1,1,1,1,1,74.0,0,0,dijkstra,predict,0.27257,0,,,,,,0,,,,156760,81771,0
903,68.00621223449707,2026-03-06T01:40:38.806378,0.0,0.0,3.63,0.0,0.0,0.0,0.0,18.28,14.18,0.588,0.585,STRAIGHT,1.5,1.5,"CMD,0.6,1.50",4.0,0.0144,1.781,0.023,1,0.9539,0,NORMAL,62.923,1.043,1,1,1,1,1,69.0,0,0,dijkstra,predict,0.26692,0,,,,,,0,,,,156760,80076,0
904,68.1757743358612,2026-03-06T01:40:38.975940,107.76,0.0,10.48,16.19,2.0,0.0,0.0,151.95,13.35,0.58,0.585,STRAIGHT,1.5,1.5,"CMD,0.6,1.50",4.0,0.0137,1.826,0.023,1,0.9499,0,NORMAL,63.467,0.962,1,1,1,1,1,91.3,75,4,dijkstra,graph,0.2987,0,,,,,,0,,,,158208,89314,1764
905,68.20577788352966,2026-03-06T01:40:39.005944,0.0,0.0,0.0,0.0,0.0,0.0,0.0,19.55,14.33,0.575,0.58,STRAIGHT,1.5,1.5,"CMD,0.6,1.50",4.0,0.0137,1.826,0.023,1,0.9499,0,NORMAL,63.63,0.909,1,1,1,1,1,81.3,0,0,dijkstra,predict,0.29786,0,,,,,,0,,,,166121,89358,0
906,68.24828839302063,2026-03-06T01:40:39.048454,0.0,0.0,5.57,0.0,0.0,0.0,0.0,22.35,14.29,0.572,0.575,STRAIGHT,1.5,1.5,"CMD,0.6,1.50",4.0,0.0137,1.826,0.023,1,0.9499,0,NORMAL,64.038,0.864,1,1,1,1,1,76.3,0,0,dijkstra,predict,0.29692,0,,,,,,0,,,,166121,89077,0
907,68.28277158737183,2026-03-06T01:40:39.082937,0.0,0.0,6.93,0.0,0.0,0.0,0.0,20.47,14.29,0.569,0.572,STRAIGHT,1.5,1.5,"CMD,0.6,1.50",4.0,0.0137,1.826,0.023,1,0.9499,0,NORMAL,63.708,0.772,1,1,1,1,1,71.3,0,0,dijkstra,predict,0.29119,0,,,,,,0,,,,166121,87356,0
908,68.44782304763794,2026-03-06T01:40:39.247989,110.56,0.0,8.01,10.47,0.0,0.0,0.0,147.53,13.46,0.568,0.569,STRAIGHT,1.5,1.5,"CMD,0.6,1.50",4.0,0.0137,1.826,0.023,1,0.9746,0,NORMAL,63.458,0.754,1,1,1,1,1,91.3,70,3,dijkstra,graph,0.29957,0,,,,,,0,,,,159314,89635,1689
909,68.49279713630676,2026-03-06T01:40:39.292963,0.0,0.0,5.76,0.0,0.0,0.0,0.0,21.29,14.33,0.567,0.568,STRAIGHT,1.5,1.5,"CMD,0.6,1.50",4.0,0.0137,1.826,0.023,1,0.9746,0,NORMAL,63.471,0.752,1,1,1,1,1,81.3,0,0,dijkstra,predict,0.29895,0,,,,,,0,,,,163333,89684,0
910,68.52892923355103,2026-03-06T01:40:39.329095,0.0,0.0,4.15,0.0,0.0,0.0,0.0,19.62,14.33,0.566,0.567,STRAIGHT,1.5,1.5,"CMD,0.6,1.50",4.0,0.0137,1.826,0.023,1,0.9746,0,NORMAL,63.747,0.732,1,1,1,1,1,76.3,0,0,dijkstra,predict,0.29802,0,,,,,,0,,,,163333,89405,0
911,68.56569910049438,2026-03-06T01:40:39.365865,0.0,0.0,4.73,0.0,0.0,0.0,0.0,20.75,14.36,0.566,0.566,STRAIGHT,1.5,1.5,"CMD,0.6,1.50",4.0,0.0137,1.826,0.023,1,0.9746,0,NORMAL,63.138,0.681,1,1,1,1,1,71.3,0,0,dijkstra,predict,0.29229,0,,,,,,0,,,,163333,87687,0
912,68.7345404624939,2026-03-06T01:40:39.534706,113.45,0.0,6.01,14.01,0.0,0.0,0.0,153.08,13.48,0.565,0.566,STRAIGHT,1.5,1.5,"CMD,0.6,1.50",4.0,0.0137,1.826,0.023,1,0.9785,0,NORMAL,63.399,0.667,1,1,1,1,1,91.3,76,2,dijkstra,graph,0.30651,0,,,,,,0,,,,160251,91782,1636
913,68.77431774139404,2026-03-06T01:40:39.574484,2.0,0.0,2.0,0.0,0.0,0.0,0.0,25.76,14.33,0.565,0.565,STRAIGHT,1.5,1.5,"CMD,0.6,1.50",4.0,0.0137,1.826,0.023,1,0.9785,0,NORMAL,62.594,0.783,1,1,1,1,1,81.3,0,0,dijkstra,predict,0.30609,0,,,,,,0,,,,164199,91827,0
914,68.81523370742798,2026-03-06T01:40:39.615400,0.0,0.0,6.55,0.0,0.0,0.0,0.0,22.57,14.32,0.565,0.565,STRAIGHT,1.5,1.5,"CMD,0.6,1.50",4.0,0.0137,1.826,0.023,1,0.9785,0,NORMAL,63.467,0.518,1,1,1,1,1,76.3,0,0,dijkstra,predict,0.30517,0,,,,,,0,,,,164199,91550,0
915,68.85315418243408,2026-03-06T01:40:39.653320,0.0,0.0,4.01,0.0,0.0,0.0,0.0,24.16,14.34,0.565,0.565,STRAIGHT,1.5,1.5,"CMD,0.6,1.50",4.0,0.0137,1.826,0.023,1,0.9785,0,NORMAL,63.161,0.423,1,1,1,1,1,71.3,0,0,dijkstra,predict,0.29942,0,,,,,,0,,,,164199,89826,0
916,69.03395080566406,2026-03-06T01:40:39.834117,116.21,0.0,3.74,20.39,0.0,0.0,0.0,158.76,13.42,0.565,0.565,STRAIGHT,1.5,1.5,"CMD,0.6,1.50",4.0,0.0137,1.826,0.023,1,0.9749,0,NORMAL,62.541,0.459,1,1,1,1,1,91.3,65,4,dijkstra,graph,0.31006,0,,,,,,0,,,,160534,92762,1813
917,69.07063364982605,2026-03-06T01:40:39.870800,0.0,0.0,0.0,0.0,0.0,0.0,0.0,20.49,14.32,0.565,0.565,STRAIGHT,1.5,1.5,"CMD,0.6,1.50",4.0,0.0137,1.826,0.023,1,0.9749,0,NORMAL,62.551,0.451,1,1,1,1,1,81.3,0,0,dijkstra,predict,0.30964,0,,,,,,0,,,,163847,92891,0
918,69.11131978034973,2026-03-06T01:40:39.911486,2.0,0.0,2.0,0.0,0.0,0.0,2.51,20.28,14.31,0.565,0.565,STRAIGHT,1.5,1.5,"CMD,0.6,1.50",4.0,0.0137,1.826,0.023,1,0.9749,0,NORMAL,62.412,0.473,1,1,1,1,1,76.3,0,0,dijkstra,predict,0.30847,0,,,,,,0,,,,163847,92542,0
919,69.14739203453064,2026-03-06T01:40:39.947558,0.0,0.0,5.48,0.0,0.0,0.0,0.0,21.56,14.33,0.565,0.565,STRAIGHT,1.5,1.5,"CMD,0.6,1.50",4.0,0.0137,1.826,0.023,1,0.9749,0,NORMAL,63.198,0.475,1,1,1,1,1,71.3,0,0,dijkstra,predict,0.30269,0,,,,,,0,,,,163847,90807,0
920,69.31526017189026,2026-03-06T01:40:40.115426,114.08,0.0,5.51,11.55,2.79,0.0,0.0,152.85,13.44,0.556,0.565,STRAIGHT,1.5,1.5,"CMD,0.6,1.50",4.0,0.013,1.872,0.023,1,0.9748,0,NORMAL,63.223,0.445,1,1,1,1,1,93.6,70,2,dijkstra,graph,0.3106,0,,,,,,0,,,,160953,92833,1651
921,69.35569643974304,2026-03-06T01:40:40.155862,2.0,0.0,4.68,0.0,0.0,0.0,0.0,30.07,14.31,0.55,0.556,STRAIGHT,1.5,1.5,"CMD,0.6,1.50",4.0,0.013,1.872,0.023,1,0.9748,0,NORMAL,62.953,0.415,1,1,1,1,1,83.6,0,0,dijkstra,predict,0.30982,0,,,,,,0,,,,164112,92945,0
922,69.39239740371704,2026-03-06T01:40:40.192563,2.18,0.0,4.01,0.0,0.0,0.0,0.0,23.64,14.34,0.546,0.55,STRAIGHT,1.5,1.5,"CMD,0.5,1.50",4.0,0.013,1.872,0.023,1,0.9748,0,NORMAL,62.883,0.463,1,1,1,1,1,78.6,0,0,dijkstra,predict,0.3087,0,,,,,,0,,,,164112,92611,0
923,69.42663502693176,2026-03-06T01:40:40.226801,2.0,0.0,0.0,0.0,0.0,0.0,0.0,18.02,14.38,0.543,0.546,STRAIGHT,1.5,1.5,"CMD,0.5,1.50",4.0,0.013,1.872,0.023,1,0.9748,0,NORMAL,63.313,0.433,1,1,1,1,1,73.6,0,0,dijkstra,predict,0.30306,0,,,,,,0,,,,164112,90919,0
924,69.59766983985901,2026-03-06T01:40:40.397836,106.62,0.0,10.42,19.35,0.0,0.0,0.0,160.97,13.46,0.533,0.543,STRAIGHT,1.5,1.5,"CMD,0.5,1.50",4.0,0.0124,1.918,0.023,1,0.9641,0,NORMAL,63.677,0.49,1,1,1,1,1,95.9,85,3,dijkstra,graph,0.33035,0,,,,,,0,,,,166940,99074,1828
925,69.63185954093933,2026-03-06T01:40:40.432025,0.0,0.0,0.0,0.0,0.0,0.0,0.0,24.12,14.39,0.526,0.533,STRAIGHT,1.5,1.5,"CMD,0.5,1.50",4.0,0.0124,1.918,0.023,1,0.9641,0,NORMAL,63.469,0.488,1,1,1,1,1,85.9,0,0,dijkstra,predict,0.33037,0,,,,,,0,,,,171573,99111,0
926,69.6759705543518,2026-03-06T01:40:40.476137,2.0,0.0,3.97,0.0,0.0,0.0,0.0,21.51,14.35,0.521,0.526,STRAIGHT,1.5,1.5,"CMD,0.5,1.50",4.0,0.0124,1.918,0.023,1,0.9641,0,NORMAL,62.824,0.464,1,1,1,1,1,80.9,0,0,dijkstra,predict,0.32945,0,,,,,,0,,,,171573,98836,0
927,69.70750141143799,2026-03-06T01:40:40.507667,0.0,0.0,0.0,0.0,0.0,0.0,0.0,16.02,14.4,0.518,0.521,STRAIGHT,1.5,1.5,"CMD,0.5,1.50",4.0,0.0124,1.918,0.023,1,0.9641,0,NORMAL,62.383,0.651,1,1,1,1,1,75.9,0,0,dijkstra,predict,0.32357,0,,,,,,0,,,,171573,97072,0
928,69.87856364250183,2026-03-06T01:40:40.678730,113.95,0.0,6.01,14.23,0.0,0.0,0.0,151.14,13.46,0.508,0.518,STRAIGHT,1.5,1.5,"CMD,0.5,1.50",4.0,0.0118,1.963,0.023,1,0.956,0,NORMAL,62.157,0.705,1,1,1,1,1,98.2,77,3,dijkstra,graph,0.35917,0,,,,,,0,,,,174570,107597,1824
929,69.91899061203003,2026-03-06T01:40:40.719157,0.0,0.0,0.0,0.0,0.0,0.0,0.0,18.27,14.36,0.502,0.508,STRAIGHT,1.5,1.5,"CMD,0.5,1.50",4.0,0.0118,1.963,0.023,1,0.956,0,NORMAL,63.658,0.661,1,1,1,1,1,88.2,0,0,dijkstra,predict,0.35882,0,,,,,,0,,,,179272,107645,0
930,69.95993208885193,2026-03-06T01:40:40.760098,0.0,0.0,3.73,0.0,0.0,0.0,0.0,20.64,14.34,0.497,0.502,STRAIGHT,1.5,1.5,"CMD,0.5,1.50",4.0,0.0118,1.963,0.023,1,0.956,0,NORMAL,64.126,0.693,1,1,1,1,1,83.2,0,0,dijkstra,predict,0.35788,0,,,,,,0,,,,179272,107363,0
931,69.99919533729553,2026-03-06T01:40:40.799361,2.17,0.0,2.0,0.0,0.0,0.0,0.0,21.73,14.32,0.495,0.497,STRAIGHT,1.5,1.5,"CMD,0.5,1.50",4.0,0.0118,1.963,0.023,1,0.956,0,NORMAL,64.014,0.673,1,1,1,1,1,78.2,0,0,dijkstra,predict,0.35195,0,,,,,,0,,,,179272,105584,0
932,70.1702139377594,2026-03-06T01:40:40.970380,110.47,0.0,13.06,17.07,0.0,0.0,0.0,155.0,13.4,0.493,0.495,STRAIGHT,1.5,1.5,"CMD,0.5,1.50",4.0,0.0118,1.963,0.023,1,0.9819,0,NORMAL,64.694,0.7,1,1,1,1,1,98.2,79,3,dijkstra,graph,0.35072,0,,,,,,0,,,,171672,105025,1865
933,70.21084260940552,2026-03-06T01:40:41.011009,4.01,0.0,2.0,0.0,0.0,0.0,0.0,20.48,14.25,0.491,0.493,STRAIGHT,1.5,1.5,"CMD,0.5,1.50",4.0,0.0118,1.963,0.023,1,0.9819,0,NORMAL,64.779,0.707,1,1,1,1,1,88.2,0,0,dijkstra,predict,0.35058,0,,,,,,0,,,,176824,105175,0
934,70.24696636199951,2026-03-06T01:40:41.047132,2.0,0.0,1.78,0.0,0.0,0.0,2.0,22.07,14.21,0.49,0.491,STRAIGHT,1.5,1.5,"CMD,0.5,1.50",4.0,0.0118,1.963,0.023,1,0.9819,0,NORMAL,65.063,0.729,1,1,1,1,1,83.2,0,0,dijkstra,predict,0.34942,0,,,,,,0,,,,176824,104825,0
935,70.2810161113739,2026-03-06T01:40:41.081182,0.0,0.0,4.01,0.0,0.0,0.0,0.0,20.03,14.27,0.49,0.49,STRAIGHT,1.5,1.5,"CMD,0.5,1.50",4.0,0.0118,1.963,0.023,1,0.9819,0,NORMAL,65.241,0.737,1,1,1,1,1,78.2,0,0,dijkstra,predict,0.34344,0,,,,,,0,,,,176824,103033,0
936,70.44499444961548,2026-03-06T01:40:41.245160,109.16,0.0,6.01,14.36,0.0,0.0,0.0,153.91,13.41,0.49,0.49,STRAIGHT,1.5,1.5,"CMD,0.5,1.50",4.0,0.0118,1.963,0.023,1,0.9871,0,NORMAL,66.093,0.688,1,1,1,1,1,98.2,82,3,dijkstra,graph,0.34777,0,,,,,,0,,,,171605,104108,1729
937,70.48422956466675,2026-03-06T01:40:41.284396,0.0,0.0,5.48,0.0,0.0,0.0,0.0,20.72,14.24,0.489,0.49,STRAIGHT,1.5,1.5,"CMD,0.5,1.50",4.0,0.0118,1.963,0.023,1,0.9871,0,NORMAL,65.939,0.697,1,1,1,1,1,88.2,0,0,dijkstra,predict,0.34749,0,,,,,,0,,,,174334,104248,0
938,70.5146164894104,2026-03-06T01:40:41.314782,0.0,0.0,0.0,0.0,0.0,0.0,0.0,20.37,14.34,0.489,0.489,STRAIGHT,1.5,1.5,"CMD,0.5,1.50",4.0,0.0118,1.963,0.023,1,0.9871,0,NORMAL,66.949,0.722,1,1,1,1,1,83.2,0,0,dijkstra,predict,0.34631,0,,,,,,0,,,,174334,103892,0
939,70.55466175079346,2026-03-06T01:40:41.354828,0.0,0.0,4.24,0.0,0.0,0.0,0.0,17.58,14.32,0.489,0.489,STRAIGHT,1.5,1.5,"CMD,0.5,1.50",4.0,0.0118,1.963,0.023,1,0.9871,0,NORMAL,67.896,0.668,1,1,1,1,1,78.2,0,0,dijkstra,predict,0.34068,0,,,,,,0,,,,174334,102205,0
940,70.72510886192322,2026-03-06T01:40:41.525275,108.97,0.0,10.07,15.29,2.0,0.0,0.0,156.9,13.43,0.482,0.489,STRAIGHT,1.5,1.5,"CMD,0.5,1.50",4.0,0.0113,2.009,0.023,1,0.9853,0,NORMAL,67.376,0.694,1,1,1,1,1,100.5,82,2,dijkstra,graph,0.35163,0,,,,,,0,,,,172281,105271,1727
941,70.76216125488281,2026-03-06T01:40:41.562327,0.0,0.0,5.82,0.0,0.0,0.0,0.0,21.54,14.3,0.477,0.482,STRAIGHT,1.5,1.5,"CMD,0.5,1.50",4.0,0.0113,2.009,0.023,1,0.9853,0,NORMAL,68.732,0.642,1,1,1,1,1,90.5,0,0,dijkstra,predict,0.35126,0,,,,,,0,,,,174183,105378,0
942,70.80342745780945,2026-03-06T01:40:41.603593,0.0,0.0,5.21,0.0,0.0,0.0,0.0,23.24,14.29,0.473,0.477,STRAIGHT,1.5,1.5,"CMD,0.5,1.50",4.0,0.0113,2.009,0.023,1,0.9853,0,NORMAL,68.771,0.639,1,1,1,1,1,85.5,0,0,dijkstra,predict,0.35018,0,,,,,,0,,,,174183,105053,0
943,70.84249758720398,2026-03-06T01:40:41.642663,0.0,0.0,4.01,0.0,0.0,0.0,0.0,20.05,14.3,0.471,0.473,STRAIGHT,1.5,1.5,"CMD,0.5,1.50",4.0,0.0113,2.009,0.023,1,0.9853,0,NORMAL,69.142,0.719,1,1,1,1,1,80.5,0,0,dijkstra,predict,0.34449,0,,,,,,0,,,,174183,103346,0
944,71.01587271690369,2026-03-06T01:40:41.816039,112.51,0.0,8.01,16.44,0.0,0.0,0.0,157.98,13.41,0.47,0.471,STRAIGHT,1.5,1.5,"CMD,0.5,1.50",4.0,0.0113,2.009,0.023,1,0.9749,0,NORMAL,69.07,0.767,1,1,1,1,1,100.5,88,3,dijkstra,graph,0.36605,0,,,,,,0,,,,176273,109690,1992
945,71.05244517326355,2026-03-06T01:40:41.852611,0.0,0.0,3.75,0.0,0.0,0.0,0.0,22.55,14.35,0.469,0.47,STRAIGHT,1.5,1.5,"CMD,0.5,1.50",4.0,0.0113,2.009,0.023,1,0.9749,0,NORMAL,69.431,0.715,1,1,1,1,1,90.5,0,0,dijkstra,predict,0.36579,0,,,,,,0,,,,179335,109737,0
946,71.09042501449585,2026-03-06T01:40:41.890591,2.0,0.0,2.0,0.0,0.0,0.0,2.0,22.28,14.36,0.468,0.469,STRAIGHT,1.5,1.5,"CMD,0.5,1.50",4.0,0.0113,2.009,0.023,1,0.9749,0,NORMAL,70.002,0.735,1,1,1,1,1,85.5,0,0,dijkstra,predict,0.36488,0,,,,,,0,,,,179335,109464,0
947,71.12688136100769,2026-03-06T01:40:41.927047,0.0,0.0,6.03,0.0,0.0,0.0,0.0,20.44,14.39,0.468,0.468,STRAIGHT,1.5,1.5,"CMD,0.5,1.50",4.0,0.0113,2.009,0.023,1,0.9749,0,NORMAL,70.538,0.676,1,1,1,1,1,80.5,0,0,dijkstra,predict,0.3589,0,,,,,,0,,,,179335,107671,0
948,71.28748607635498,2026-03-06T01:40:42.087652,110.31,0.0,6.01,12.04,0.0,0.0,0.0,144.55,13.55,0.467,0.468,STRAIGHT,1.5,1.5,"CMD,0.5,1.50",4.0,0.0113,2.009,0.023,1,0.9789,0,NORMAL,70.516,0.68,1,1,1,1,1,100.5,85,3,dijkstra,graph,0.37258,0,,,,,,0,,,,178085,111598,1950
949,71.33204936981201,2026-03-06T01:40:42.132215,2.0,0.0,4.01,0.0,0.0,0.0,0.0,24.13,14.38,0.467,0.467,STRAIGHT,1.5,1.5,"CMD,0.5,1.50",4.0,0.0113,2.009,0.023,1,0.9789,0,NORMAL,69.628,0.827,1,1,1,1,1,90.5,0,0,dijkstra,predict,0.37224,0,,,,,,0,,,,180563,111671,0
950,71.36796689033508,2026-03-06T01:40:42.168133,0.0,0.0,4.01,0.0,0.0,0.0,0.0,18.41,14.41,0.467,0.467,STRAIGHT,1.5,1.5,"CMD,0.5,1.50",4.0,0.0113,2.009,0.023,1,0.9789,0,NORMAL,70.711,0.8,1,1,1,1,1,85.5,0,0,dijkstra,predict,0.37123,0,,,,,,0,,,,180563,111368,0
951,71.40240597724915,2026-03-06T01:40:42.202572,0.0,0.0,4.01,0.0,0.0,0.0,0.0,18.42,14.43,0.467,0.467,STRAIGHT,1.5,1.5,"CMD,0.5,1.50",4.0,0.0113,2.009,0.023,1,0.9789,0,NORMAL,70.711,0.779,1,1,1,1,1,80.5,0,0,dijkstra,predict,0.36521,0,,,,,,0,,,,180563,109562,0
952,71.56731963157654,2026-03-06T01:40:42.367485,107.09,0.0,0.0,13.55,2.0,0.0,0.0,149.4,13.55,0.46,0.467,STRAIGHT,1.5,1.5,"CMD,0.5,1.50",4.0,0.0108,2.055,0.023,1,0.9612,0,NORMAL,70.711,0.8,1,1,1,1,1,102.7,83,4,dijkstra,graph,0.39789,0,,,,,,0,,,,184305,119044,2069
953,71.60378170013428,2026-03-06T01:40:42.403948,1.0,0.0,4.01,0.0,0.0,0.0,0.0,20.44,14.46,0.455,0.46,STRAIGHT,1.5,1.5,"CMD,0.5,1.50",4.0,0.0108,2.055,0.023,1,0.9612,0,NORMAL,70.711,0.646,1,1,1,1,1,92.7,0,0,dijkstra,predict,0.39696,0,,,,,,0,,,,187963,119087,0
954,71.63973426818848,2026-03-06T01:40:42.439900,0.0,0.0,5.74,0.0,0.0,0.0,0.0,19.87,14.44,0.452,0.455,STRAIGHT,1.5,1.5,"CMD,0.5,1.50",4.0,0.0108,2.055,0.023,1,0.9612,0,NORMAL,70.711,0.622,1,1,1,1,1,87.7,0,0,dijkstra,predict,0.39605,0,,,,,,0,,,,187963,118815,0
955,71.6741087436676,2026-03-06T01:40:42.474275,0.0,0.0,4.19,0.0,0.0,0.0,0.0,22.36,14.51,0.45,0.452,STRAIGHT,1.5,1.5,"CMD,0.5,1.50",4.0,0.0108,2.055,0.023,1,0.9612,0,NORMAL,70.711,0.65,1,1,1,1,1,82.7,0,0,dijkstra,predict,0.39004,0,,,,,,0,,,,187963,117013,0
956,71.8467390537262,2026-03-06T01:40:42.646905,106.84,0.0,6.01,22.72,0.0,0.0,0.0,154.61,13.56,0.442,0.45,STRAIGHT,1.5,1.5,"CMD,0.5,1.50",4.0,0.0104,2.1,0.023,1,0.9608,0,NORMAL,70.711,0.556,1,1,1,1,1,105.0,96,3,dijkstra,graph,0.3957,0,,,,,,0,,,,187573,118406,2044
957,71.88340830802917,2026-03-06T01:40:42.683574,0.0,0.0,4.17,0.0,0.0,0.0,0.0,20.65,14.46,0.437,0.442,STRAIGHT,1.5,1.5,"CMD,0.4,1.50",4.0,0.0104,2.1,0.023,1,0.9608,0,NORMAL,70.711,0.504,1,1,1,1,1,95.0,0,0,dijkstra,predict,0.39521,0,,,,,,0,,,,192356,118562,0
958,71.91943407058716,2026-03-06T01:40:42.719600,3.64,0.0,2.0,0.0,0.0,0.0,0.0,25.92,14.5,0.434,0.437,STRAIGHT,1.5,1.5,"CMD,0.4,1.50",4.0,0.0104,2.1,0.023,1,0.9608,0,NORMAL,70.711,0.477,1,1,1,1,1,90.0,0,0,dijkstra,predict,0.39402,0,,,,,,0,,,,192356,118207,0
959,71.9543068408966,2026-03-06T01:40:42.754473,0.0,0.0,0.0,0.0,0.0,0.0,0.0,20.21,14.54,0.432,0.434,STRAIGHT,1.5,1.5,"CMD,0.4,1.50",4.0,0.0104,2.1,0.023,1,0.9608,0,NORMAL,70.711,0.441,1,1,1,1,1,85.0,0,0,dijkstra,predict,0.38786,0,,,,,,0,,,,192356,116359,0
960,72.15766143798828,2026-03-06T01:40:42.957827,122.42,0.0,10.03,16.03,0.0,0.0,2.0,182.86,13.44,0.424,0.432,STRAIGHT,1.5,1.5,"CMD,0.4,1.50",4.0,0.0099,2.146,0.023,1,0.9615,0,NORMAL,70.711,0.428,1,1,1,1,1,107.3,87,5,dijkstra,graph,0.40665,0,,,,,,0,,,,191527,121656,2058
961,72.19747757911682,2026-03-06T01:40:42.997644,0.0,0.0,6.01,0.0,0.0,0.0,0.0,23.76,14.3,0.419,0.424,STRAIGHT,1.5,1.5,"CMD,0.4,1.50",4.0,0.0099,2.146,0.023,1,0.9615,0,NORMAL,70.711,0.43,1,1,1,1,1,97.3,0,0,dijkstra,predict,0.4057,0,,,,,,0,,,,198307,121711,0
962,72.23790240287781,2026-03-06T01:40:43.038068,2.0,0.0,4.05,0.0,0.0,0.0,0.0,30.42,14.31,0.416,0.419,STRAIGHT,1.5,1.5,"CMD,0.4,1.50",4.0,0.0099,2.146,0.023,1,0.9615,0,NORMAL,70.711,0.434,1,1,1,1,1,92.3,0,0,dijkstra,predict,0.40474,0,,,,,,0,,,,198307,121422,0
963,72.2781777381897,2026-03-06T01:40:43.078344,0.0,0.0,5.98,0.0,0.0,0.0,0.0,23.55,14.28,0.413,0.416,STRAIGHT,1.5,1.5,"CMD,0.4,1.50",4.0,0.0099,2.146,0.023,1,0.9615,0,NORMAL,70.711,0.424,1,1,1,1,1,87.3,0,0,dijkstra,predict,0.39832,0,,,,,,0,,,,198307,119497,0
964,72.46153903007507,2026-03-06T01:40:43.261705,127.91,0.0,6.01,14.22,0.0,0.0,0.0,173.29,13.3,0.406,0.413,STRAIGHT,1.5,1.5,"CMD,0.4,1.50",4.0,0.0095,2.192,0.023,1,0.9573,0,NORMAL,70.711,0.487,1,1,1,1,1,109.6,86,5,dijkstra,graph,0.4276,0,,,,,,0,,,,199232,127990,2226
965,72.50206184387207,2026-03-06T01:40:43.302228,0.0,0.0,3.85,0.0,0.0,0.0,0.0,18.07,14.1,0.402,0.406,STRAIGHT,1.5,1.5,"CMD,0.4,1.50",4.0,0.0095,2.192,0.023,1,0.9573,0,NORMAL,70.504,0.527,1,1,1,1,1,99.6,0,0,dijkstra,predict,0.42682,0,,,,,,0,,,,204098,128046,0
966,72.53735685348511,2026-03-06T01:40:43.337523,2.0,0.0,0.0,0.0,0.0,0.0,0.0,24.82,14.12,0.398,0.402,STRAIGHT,1.5,1.5,"CMD,0.4,1.50",4.0,0.0095,2.192,0.023,1,0.9573,0,NORMAL,70.711,0.361,1,1,1,1,1,94.6,0,0,dijkstra,predict,0.42587,0,,,,,,0,,,,204098,127762,0
967,72.57805681228638,2026-03-06T01:40:43.378223,2.0,0.0,2.0,0.0,0.0,0.0,0.0,20.51,14.05,0.396,0.398,STRAIGHT,1.5,1.5,"CMD,0.4,1.50",4.0,0.0095,2.192,0.023,1,0.9573,0,NORMAL,70.711,0.314,1,1,1,1,1,89.6,0,0,dijkstra,predict,0.41906,0,,,,,,0,,,,204098,125718,0
968,72.75759744644165,2026-03-06T01:40:43.557763,112.92,0.0,10.33,20.25,0.0,0.0,0.0,163.12,13.16,0.395,0.396,STRAIGHT,1.5,1.5,"CMD,0.4,1.50",4.0,0.0095,2.192,0.023,1,0.9831,0,NORMAL,70.711,0.263,1,1,1,1,1,109.6,87,4,dijkstra,graph,0.43533,0,,,,,,0,,,,202149,130183,2164
969,72.8024594783783,2026-03-06T01:40:43.602625,2.01,0.0,4.01,0.0,0.0,0.0,0.0,24.07,13.96,0.394,0.395,STRAIGHT,1.5,1.5,"CMD,0.4,1.50",4.0,0.0095,2.192,0.023,1,0.9831,0,NORMAL,70.711,0.234,1,1,1,1,1,99.6,0,0,dijkstra,predict,0.43382,0,,,,,,0,,,,206433,130146,0
970,72.84271359443665,2026-03-06T01:40:43.642879,1.74,0.0,2.0,0.0,0.0,0.0,0.0,22.23,13.94,0.393,0.394,STRAIGHT,1.5,1.5,"CMD,0.4,1.50",4.0,0.0095,2.192,0.023,1,0.9831,0,NORMAL,60.118,0.341,1,1,1,1,1,94.6,0,0,dijkstra,predict,0.43302,0,,,,,,0,,,,206433,129905,0
971,72.87955331802368,2026-03-06T01:40:43.679719,2.0,0.0,2.0,0.0,0.0,0.0,3.01,24.82,13.97,0.393,0.393,STRAIGHT,1.5,1.5,"CMD,0.4,1.50",4.0,0.0095,2.192,0.023,1,0.9831,0,NORMAL,61.252,0.288,1,1,1,1,1,89.6,0,0,dijkstra,predict,0.42581,0,,,,,,0,,,,206433,127742,0
972,73.05378222465515,2026-03-06T01:40:43.853948,112.55,0.0,10.24,10.48,10.23,0.0,0.0,158.77,13.11,0.387,0.393,STRAIGHT,1.5,1.5,"CMD,0.4,1.50",4.0,0.0091,2.237,0.023,1,0.9834,0,NORMAL,61.087,0.176,1,1,1,1,1,111.9,91,5,dijkstra,graph,0.4301,0,,,,,,0,,,,202210,128748,2190
973,73.09464979171753,2026-03-06T01:40:43.894816,0.0,0.0,4.0,0.0,0.0,0.0,0.0,18.49,13.95,0.384,0.387,STRAIGHT,1.5,1.5,"CMD,0.4,1.50",4.0,0.0091,2.237,0.023,1,0.9834,0,NORMAL,60.759,0.169,1,1,1,1,1,101.9,0,0,dijkstra,predict,0.42938,0,,,,,,0,,,,208900,128814,0
974,73.13455033302307,2026-03-06T01:40:43.934716,0.0,0.0,5.49,0.0,0.0,0.0,0.0,20.07,13.93,0.381,0.384,STRAIGHT,1.5,1.5,"CMD,0.4,1.50",4.0,0.0091,2.237,0.023,1,0.9834,0,NORMAL,60.727,-0.031,1,1,1,1,1,96.9,0,0,dijkstra,predict,0.42831,0,,,,,,0,,,,208900,128493,0
975,73.16724562644958,2026-03-06T01:40:43.967412,0.0,0.0,0.0,0.0,0.0,0.0,0.0,14.67,13.96,0.38,0.381,STRAIGHT,1.5,1.5,"CMD,0.4,1.50",4.0,0.0091,2.237,0.023,1,0.9834,0,NORMAL,58.971,0.001,1,1,1,1,1,91.9,0,0,dijkstra,predict,0.42114,0,,,,,,0,,,,208900,126343,0
976,73.34770226478577,2026-03-06T01:40:44.147868,112.75,0.0,8.38,20.81,0.0,0.0,0.0,157.71,13.06,0.374,0.38,STRAIGHT,1.5,1.5,"CMD,0.4,1.50",4.0,0.0088,2.283,0.023,1,0.9769,0,NORMAL,58.621,0.193,1,1,1,1,1,114.2,97,5,dijkstra,graph,0.43886,0,,,,,,0,,,,202922,131380,2148
977,73.38904166221619,2026-03-06T01:40:44.189208,0.0,0.0,4.21,0.0,0.0,0.0,0.0,20.68,13.8,0.369,0.374,STRAIGHT,1.5,1.5,"CMD,0.4,1.50",4.0,0.0088,2.283,0.023,1,0.9769,0,NORMAL,58.535,0.173,1,1,1,1,1,104.2,0,0,dijkstra,predict,0.43791,0,,,,,,0,,,,209470,131374,0
978,73.42972564697266,2026-03-06T01:40:44.229892,0.0,0.0,3.75,0.0,0.0,0.0,0.0,20.73,13.82,0.367,0.369,STRAIGHT,1.5,1.5,"CMD,0.4,1.50",4.0,0.0088,2.283,0.023,1,0.9769,0,NORMAL,58.601,0.172,1,1,1,1,1,99.2,0,0,dijkstra,predict,0.43704,0,,,,,,0,,,,209470,131111,0
979,73.46278858184814,2026-03-06T01:40:44.262955,0.0,0.0,0.0,0.0,0.0,0.0,0.0,15.44,13.84,0.365,0.367,STRAIGHT,1.5,1.5,"CMD,0.4,1.50",4.0,0.0088,2.283,0.023,1,0.9769,0,NORMAL,59.891,0.136,1,1,1,1,1,94.2,0,0,dijkstra,predict,0.42978,0,,,,,,0,,,,209470,128934,0
980,73.6334011554718,2026-03-06T01:40:44.433567,102.09,0.0,10.3,10.44,10.3,0.0,0.0,150.13,13.0,0.369,0.367,STRAIGHT,1.5,1.5,"CMD,0.4,1.50",4.0,0.0091,2.237,0.023,1,0.9807,0,NORMAL,60.14,0.163,1,1,1,1,1,111.9,89,5,dijkstra,graph,0.43157,0,,,,,,0,,,,200628,129290,2304
981,73.66794228553772,2026-03-06T01:40:44.468108,2.0,0.0,0.0,0.0,0.0,0.0,0.0,15.77,13.81,0.371,0.369,STRAIGHT,1.5,1.5,"CMD,0.4,1.50",4.0,0.0091,2.237,0.023,1,0.9807,0,NORMAL,60.011,0.188,1,1,1,1,1,101.9,0,0,dijkstra,predict,0.43121,0,,,,,,0,,,,206393,129364,0
982,73.70603132247925,2026-03-06T01:40:44.506197,0.0,0.0,0.0,0.0,0.0,0.0,0.0,22.38,13.79,0.373,0.371,STRAIGHT,1.5,1.5,"CMD,0.4,1.50",4.0,0.0091,2.237,0.023,1,0.9807,0,NORMAL,59.886,0.299,1,1,1,1,1,96.9,0,0,dijkstra,predict,0.43013,0,,,,,,0,,,,206393,129040,0
983,73.74448275566101,2026-03-06T01:40:44.544649,2.0,0.0,2.0,0.0,0.0,0.0,0.0,19.99,13.78,0.374,0.373,STRAIGHT,1.5,1.5,"CMD,0.4,1.50",4.0,0.0091,2.237,0.023,1,0.9807,0,NORMAL,59.792,0.326,1,1,1,1,1,91.9,0,0,dijkstra,predict,0.42311,0,,,,,,0,,,,206393,126934,0
984,73.9166305065155,2026-03-06T01:40:44.716796,107.75,0.0,10.06,10.35,0.0,0.0,0.0,162.1,12.93,0.37,0.373,STRAIGHT,1.5,1.5,"CMD,0.4,1.50",4.0,0.0088,2.283,0.023,1,0.9695,0,NORMAL,59.453,0.299,1,1,1,1,1,114.2,88,4,dijkstra,graph,0.45269,0,,,,,,0,,,,206096,135552,2173
985,73.95915913581848,2026-03-06T01:40:44.759325,2.5,0.0,2.0,0.0,0.0,0.0,2.0,22.43,13.73,0.367,0.37,STRAIGHT,1.5,1.5,"CMD,0.4,1.50",4.0,0.0088,2.283,0.023,1,0.9695,0,NORMAL,59.602,0.281,1,1,1,1,1,104.2,0,0,dijkstra,predict,0.45168,0,,,,,,0,,,,212180,135503,0
986,73.99543499946594,2026-03-06T01:40:44.795601,2.16,0.0,2.0,0.0,0.0,0.0,0.0,17.97,13.73,0.365,0.367,STRAIGHT,1.5,1.5,"CMD,0.4,1.50",4.0,0.0088,2.283,0.023,1,0.9695,0,NORMAL,59.053,0.289,1,1,1,1,1,99.2,0,0,dijkstra,predict,0.45093,0,,,,,,0,,,,212180,135280,0
987,74.0366780757904,2026-03-06T01:40:44.836844,0.0,0.0,3.75,0.0,0.0,0.0,0.0,29.23,13.7,0.364,0.365,STRAIGHT,1.5,1.5,"CMD,0.4,1.50",4.0,0.0088,2.283,0.023,1,0.9695,0,NORMAL,59.068,0.294,1,1,1,1,1,94.2,0,0,dijkstra,predict,0.44369,0,,,,,,0,,,,212180,133108,0
988,74.20363283157349,2026-03-06T01:40:45.003799,103.25,0.0,12.15,19.59,0.0,0.0,0.0,151.43,12.89,0.363,0.364,STRAIGHT,1.5,1.5,"CMD,0.4,1.50",4.0,0.0088,2.283,0.023,1,0.9766,0,NORMAL,59.597,0.261,1,1,1,1,1,114.2,101,4,dijkstra,graph,0.44837,0,,,,,,0,,,,205223,134177,2217
989,74.24047946929932,2026-03-06T01:40:45.040645,2.26,0.0,1.5,0.0,0.0,0.0,0.0,18.37,13.92,0.362,0.363,STRAIGHT,1.5,1.5,"CMD,0.4,1.50",4.0,0.0088,2.283,0.023,1,0.9766,0,NORMAL,58.983,0.32,1,1,1,1,1,104.2,0,0,dijkstra,predict,0.44782,0,,,,,,0,,,,213236,134346,0
990,74.27847099304199,2026-03-06T01:40:45.078637,0.0,0.0,4.01,0.0,0.0,0.0,0.0,23.98,13.94,0.362,0.362,STRAIGHT,1.5,1.5,"CMD,0.4,1.50",4.0,0.0088,2.283,0.023,1,0.9766,0,NORMAL,59.103,0.268,1,1,1,1,1,99.2,0,0,dijkstra,predict,0.44646,0,,,,,,0,,,,213236,133938,0
991,74.31691455841064,2026-03-06T01:40:45.117080,4.4,0.0,2.0,0.0,0.0,0.0,0.0,18.42,13.95,0.362,0.362,STRAIGHT,1.5,1.5,"CMD,0.4,1.50",4.0,0.0088,2.283,0.023,1,0.9766,0,NORMAL,59.108,0.298,1,1,1,1,1,94.2,0,0,dijkstra,predict,0.43926,0,,,,,,0,,,,213236,131779,0
992,74.48869061470032,2026-03-06T01:40:45.288857,111.29,0.0,4.01,22.04,0.0,0.0,0.0,153.28,13.12,0.357,0.362,STRAIGHT,1.5,1.5,"CMD,0.4,1.50",4.0,0.0084,2.329,0.023,1,0.9714,0,NORMAL,61.115,0.248,1,1,1,1,1,116.4,98,4,dijkstra,graph,0.45461,0,,,,,,0,,,,207252,136022,2191
993,74.52273893356323,2026-03-06T01:40:45.322905,0.0,0.0,0.0,0.0,0.0,0.0,0.0,16.02,14.07,0.354,0.357,STRAIGHT,1.5,1.5,"CMD,0.4,1.50",4.0,0.0084,2.329,0.023,1,0.9714,0,NORMAL,61.293,0.301,1,1,1,1,1,106.4,0,0,dijkstra,predict,0.45357,0,,,,,,0,,,,216204,136071,0
994,74.56338906288147,2026-03-06T01:40:45.363555,0.0,0.0,3.54,0.0,0.0,0.0,0.0,20.5,14.07,0.352,0.354,STRAIGHT,1.5,1.5,"CMD,0.4,1.50",4.0,0.0084,2.329,0.023,1,0.9714,0,NORMAL,60.932,0.306,1,1,1,1,1,101.4,0,0,dijkstra,predict,0.45257,0,,,,,,0,,,,216204,135772,0
995,74.60149121284485,2026-03-06T01:40:45.401657,2.0,0.0,2.0,0.0,0.0,0.0,0.0,20.07,14.05,0.35,0.352,STRAIGHT,1.5,1.5,"CMD,0.4,1.50",4.0,0.0084,2.329,0.023,1,0.9714,0,NORMAL,61.307,0.33,1,1,1,1,1,96.4,0,0,dijkstra,predict,0.44552,0,,,,,,0,,,,216204,133656,0
996,74.76410508155823,2026-03-06T01:40:45.564271,108.89,0.0,5.65,17.94,0.0,0.0,0.0,146.59,13.27,0.349,0.35,STRAIGHT,1.5,1.5,"CMD,0.4,1.50",4.0,0.0084,2.329,0.023,1,0.9459,0,NORMAL,60.6,0.4,1,1,1,1,1,116.4,98,4,dijkstra,graph,0.437,0,,,,,,0,,,,201040,130666,2223
997,74.80694246292114,2026-03-06T01:40:45.607108,0.0,0.0,5.6,0.0,0.0,0.0,0.0,18.66,14.15,0.349,0.349,STRAIGHT,1.5,1.5,"CMD,0.3,1.50",4.0,0.0084,2.329,0.023,1,0.9459,0,NORMAL,60.334,0.485,1,1,1,1,1,106.4,0,0,dijkstra,predict,0.43653,0,,,,,,0,,,,207583,130958,0
998,74.8436393737793,2026-03-06T01:40:45.643805,2.65,0.0,4.01,0.0,0.0,0.0,0.0,20.68,14.21,0.348,0.349,STRAIGHT,1.5,1.5,"CMD,0.3,1.50",4.0,0.0084,2.329,0.023,1,0.9459,0,NORMAL,61.01,0.482,1,1,1,1,1,101.4,0,0,dijkstra,predict,0.43492,0,,,,,,0,,,,207583,130476,0
999,74.877614736557,2026-03-06T01:40:45.677780,2.27,0.0,2.0,0.0,0.0,0.0,0.0,18.22,14.25,0.348,0.348,STRAIGHT,1.5,1.5,"CMD,0.3,1.50",4.0,0.0084,2.329,0.023,1,0.9459,0,NORMAL,61.214,0.478,1,1,1,1,1,96.4,0,0,dijkstra,predict,0.42901,0,,,,,,0,,,,207583,128704,0
1000,75.05377745628357,2026-03-06T01:40:45.853943,105.79,0.0,14.22,18.1,0.0,0.0,0.0,158.08,13.34,0.339,0.348,STRAIGHT,1.5,1.5,"CMD,0.3,1.50",4.0,0.0078,2.42,0.023,1,0.9654,0,NORMAL,60.981,0.507,1,1,1,1,1,121.0,84,4,dijkstra,graph,0.45357,0,,,,,,0,,,,203958,135739,2179
1001,75.09629368782043,2026-03-06T01:40:45.896460,2.0,0.0,2.0,0.0,0.0,0.0,2.0,22.49,14.2,0.333,0.339,STRAIGHT,1.5,1.5,"CMD,0.3,1.50",4.0,0.0078,2.42,0.023,1,0.9654,0,NORMAL,62.97,0.351,1,1,1,1,1,111.0,0,0,dijkstra,predict,0.45276,0,,,,,,0,,,,212756,135827,0
1002,75.12844753265381,2026-03-06T01:40:45.928613,2.01,0.0,0.0,0.0,0.0,0.0,0.0,20.14,14.26,0.329,0.333,STRAIGHT,1.5,1.5,"CMD,0.3,1.50",4.0,0.0078,2.42,0.023,1,0.9654,0,NORMAL,61.641,0.385,1,1,1,1,1,106.0,0,0,dijkstra,predict,0.45181,0,,,,,,0,,,,212756,135543,0
1003,75.17075228691101,2026-03-06T01:40:45.970918,0.0,0.0,4.01,0.0,0.0,0.0,0.0,22.11,14.24,0.327,0.329,STRAIGHT,1.5,1.5,"CMD,0.3,1.50",4.0,0.0078,2.42,0.023,1,0.9654,0,NORMAL,61.535,0.372,1,1,1,1,1,101.0,0,0,dijkstra,predict,0.44517,0,,,,,,0,,,,212756,133550,0
1004,75.34151148796082,2026-03-06T01:40:46.141677,108.18,0.0,9.89,17.03,0.0,0.0,0.0,152.59,13.34,0.325,0.327,STRAIGHT,1.5,1.5,"CMD,0.3,1.50",4.0,0.0078,2.42,0.023,1,0.9713,0,NORMAL,62.259,0.356,1,1,1,1,1,121.0,91,4,dijkstra,graph,0.44341,0,,,,,,0,,,,202978,132618,2257
1005,75.38199877738953,2026-03-06T01:40:46.182165,2.0,0.0,2.0,0.0,0.0,0.0,0.0,20.2,14.26,0.324,0.325,STRAIGHT,1.5,1.5,"CMD,0.3,1.50",4.0,0.0078,2.42,0.023,1,0.9713,0,NORMAL,62.694,0.338,1,1,1,1,1,111.0,0,0,dijkstra,predict,0.44313,0,,,,,,0,,,,209077,132939,0
1006,75.4145119190216,2026-03-06T01:40:46.214678,0.0,0.0,0.0,0.0,0.0,0.0,0.0,16.31,14.32,0.323,0.324,STRAIGHT,1.5,1.5,"CMD,0.3,1.50",4.0,0.0078,2.42,0.023,1,0.9713,0,NORMAL,62.833,0.365,1,1,1,1,1,106.0,0,0,dijkstra,predict,0.4415,0,,,,,,0,,,,209077,132451,0
1007,75.45482349395752,2026-03-06T01:40:46.254989,0.0,0.0,6.22,0.0,0.0,0.0,2.0,21.94,14.32,0.323,0.323,STRAIGHT,1.5,1.5,"CMD,0.3,1.50",4.0,0.0078,2.42,0.023,1,0.9713,0,NORMAL,62.972,0.378,1,1,1,1,1,101.0,0,0,dijkstra,predict,0.43535,0,,,,,,0,,,,209077,130604,0
1008,75.62534809112549,2026-03-06T01:40:46.425514,109.74,0.0,0.0,10.32,0.0,0.0,0.0,154.5,13.41,0.238,0.323,STRAIGHT,1.5,1.5,"CMD,0.3,1.50",4.0,0.0017,2.466,0.005,1,0.9855,0,NORMAL,62.761,0.424,1,1,1,1,1,124.0,97,4,dijkstra,graph,0.44236,0,,,,,,0,,,,202614,132384,2190
1009,75.65589952468872,2026-03-06T01:40:46.456065,0.0,0.0,0.0,0.0,0.0,0.0,0.0,20.5,14.34,0.182,0.238,STRAIGHT,1.5,1.5,"CMD,0.2,1.50",4.0,0.0017,2.466,0.005,1,0.9855,0,NORMAL,62.692,0.501,1,1,1,1,1,114.0,0,0,dijkstra,predict,0.44111,0,,,,,,0,,,,208704,132334,0
1010,75.6967601776123,2026-03-06T01:40:46.496926,0.0,0.0,4.6,0.0,0.0,0.0,0.0,20.25,14.29,0.145,0.182,STRAIGHT,1.5,1.5,"CMD,0.2,1.50",4.0,0.0017,2.466,0.005,1,0.9855,0,NORMAL,59.844,0.548,1,1,1,1,1,109.0,0,0,dijkstra,predict,0.44005,0,,,,,,0,,,,208704,132014,0
1011,75.7267997264862,2026-03-06T01:40:46.526965,0.0,0.0,0.0,0.0,0.0,0.0,0.0,16.51,14.35,0.12,0.145,STRAIGHT,1.5,1.5,"CMD,0.1,1.50",4.0,0.0017,2.466,0.005,1,0.9855,0,NORMAL,60.567,0.543,1,1,1,1,1,104.0,0,0,dijkstra,predict,0.43492,0,,,,,,0,,,,208704,130475,0
1012,75.89863538742065,2026-03-06T01:40:46.698801,104.99,0.0,0.0,10.12,0.0,0.0,0.0,151.25,13.46,0.103,0.12,STRAIGHT,1.5,1.5,"CMD,0.1,1.50",4.0,0.0017,2.466,0.005,1,0.9863,0,NORMAL,61.046,0.481,1,1,1,1,1,124.0,95,4,dijkstra,graph,0.43791,0,,,,,,0,,,,203088,130930,2169
1013,75.93105053901672,2026-03-06T01:40:46.731216,0.0,0.0,0.0,0.0,0.0,0.0,0.0,22.34,14.4,0.092,0.103,STRAIGHT,1.5,1.5,"CMD,0.1,1.50",4.0,0.0017,2.466,0.005,1,0.9863,0,NORMAL,61.248,0.457,1,1,1,1,1,114.0,0,0,dijkstra,predict,0.43638,0,,,,,,0,,,,210168,130915,0
1014,75.97141885757446,2026-03-06T01:40:46.771585,2.0,0.0,2.8,0.0,0.0,0.0,0.0,22.21,14.41,0.085,0.092,STRAIGHT,1.5,1.5,"CMD,0.1,1.50",4.0,0.0017,2.466,0.005,1,0.9863,0,NORMAL,61.421,0.45,1,1,1,1,1,109.0,0,0,dijkstra,predict,0.43531,0,,,,,,0,,,,210168,130592,0
1015,76.00498127937317,2026-03-06T01:40:46.805147,2.0,0.0,0.0,0.0,0.0,0.0,0.0,15.54,14.43,0.08,0.085,STRAIGHT,1.5,1.5,"CMD,0.1,1.50",4.0,0.0017,2.466,0.005,1,0.9863,0,NORMAL,61.916,0.413,1,1,1,1,1,104.0,0,0,dijkstra,predict,0.43032,0,,,,,,0,,,,210168,129096,0
1016,76.17155313491821,2026-03-06T01:40:46.971719,101.3,0.0,14.07,15.91,0.0,0.0,0.0,148.31,13.58,0.157,0.085,STRAIGHT,1.5,1.5,"CMD,0.1,1.50",4.0,0.0075,2.466,0.023,1,0.9546,0,NORMAL,61.172,0.307,1,1,1,1,1,123.3,108,4,dijkstra,graph,0.46789,0,,,,,,0,,,,212601,140025,2289
1017,76.21426653862,2026-03-06T01:40:47.014433,2.0,0.0,0.0,0.0,0.0,0.0,0.0,15.77,14.42,0.208,0.157,STRAIGHT,1.5,1.5,"CMD,0.2,1.50",4.0,0.0075,2.466,0.023,1,0.9546,0,NORMAL,61.256,0.473,1,1,1,1,1,113.3,0,0,dijkstra,predict,0.4668,0,,,,,,0,,,,220079,140039,0
1018,76.25479102134705,2026-03-06T01:40:47.054957,0.0,0.0,4.53,0.0,0.0,0.0,0.0,22.46,14.4,0.242,0.208,STRAIGHT,1.5,1.5,"CMD,0.2,1.50",4.0,0.0075,2.466,0.023,1,0.9546,0,NORMAL,61.444,0.491,1,1,1,1,1,108.3,0,0,dijkstra,predict,0.46605,0,,,,,,0,,,,220079,139814,0
1019,76.2854323387146,2026-03-06T01:40:47.085598,0.0,0.0,0.0,0.0,0.0,0.0,0.0,15.11,14.45,0.264,0.242,STRAIGHT,1.5,1.5,"CMD,0.2,1.50",4.0,0.0075,2.466,0.023,1,0.9546,0,NORMAL,61.619,0.466,1,1,1,1,1,103.3,0,0,dijkstra,predict,0.45944,0,,,,,,0,,,,220079,137832,0
1020,76.45950245857239,2026-03-06T01:40:47.259668,111.05,0.0,6.01,16.67,0.0,0.0,0.0,152.81,13.54,0.279,0.264,STRAIGHT,1.5,1.5,"CMD,0.3,1.50",4.0,0.0075,2.466,0.023,1,0.9633,0,NORMAL,61.104,0.488,1,1,1,1,1,123.3,84,4,dijkstra,graph,0.48651,0,,,,,,0,,,,213709,145603,2222
1021,76.49653387069702,2026-03-06T01:40:47.296700,2.66,0.0,0.0,0.0,0.0,0.0,0.0,23.28,14.44,0.29,0.279,STRAIGHT,1.5,1.5,"CMD,0.3,1.50",4.0,0.0075,2.466,0.023,1,0.9633,0,NORMAL,61.877,0.447,1,1,1,1,1,113.3,0,0,dijkstra,predict,0.48595,0,,,,,,0,,,,220663,145785,0
1022,76.53458523750305,2026-03-06T01:40:47.334751,2.0,0.0,4.01,0.0,0.0,0.0,0.0,18.26,14.41,0.296,0.29,STRAIGHT,1.5,1.5,"CMD,0.3,1.50",4.0,0.0075,2.466,0.023,1,0.9633,0,NORMAL,61.392,0.491,1,1,1,1,1,108.3,0,0,dijkstra,predict,0.48461,0,,,,,,0,,,,220663,145383,0
1023,76.57126021385193,2026-03-06T01:40:47.371426,2.0,0.0,4.01,0.0,0.0,0.0,0.0,26.56,14.44,0.301,0.296,STRAIGHT,1.5,1.5,"CMD,0.3,1.50",4.0,0.0075,2.466,0.023,1,0.9633,0,NORMAL,61.587,0.487,1,1,1,1,1,103.3,0,0,dijkstra,predict,0.47805,0,,,,,,0,,,,220663,143416,0
1024,76.7507336139679,2026-03-06T01:40:47.550899,114.66,0.0,6.01,18.47,2.0,0.0,0.0,165.46,13.49,0.3,0.3,STRAIGHT,1.5,1.5,"CMD,0.3,1.50",4.0,0.0072,2.511,0.023,1,0.973,0,NORMAL,58.888,0.54,1,1,1,1,1,125.6,94,4,dijkstra,graph,0.48537,0,,,,,,0,,,,216677,145225,2244
1025,76.7867419719696,2026-03-06T01:40:47.586908,2.0,0.0,1.0,0.0,0.0,0.0,0.0,17.77,14.34,0.3,0.3,STRAIGHT,1.5,1.5,"CMD,0.3,1.50",4.0,0.0072,2.511,0.023,1,0.973,0,NORMAL,59.897,0.474,1,1,1,1,1,115.6,0,0,dijkstra,predict,0.48462,0,,,,,,0,,,,222855,145385,0
1026,76.82583689689636,2026-03-06T01:40:47.626003,0.0,0.0,5.48,0.0,0.0,0.0,0.0,19.51,14.36,0.299,0.3,STRAIGHT,1.5,1.5,"CMD,0.3,1.50",4.0,0.0072,2.511,0.023,1,0.973,0,NORMAL,59.853,0.505,1,1,1,1,1,110.6,0,0,dijkstra,predict,0.48344,0,,,,,,0,,,,222855,145031,0
1027,76.865398645401,2026-03-06T01:40:47.665565,2.0,0.0,3.48,0.0,0.0,0.0,0.0,21.54,14.34,0.299,0.299,STRAIGHT,1.5,1.5,"CMD,0.3,1.50",4.0,0.0072,2.511,0.023,1,0.973,0,NORMAL,57.369,0.544,1,1,1,1,1,105.6,0,0,dijkstra,predict,0.47684,0,,,,,,0,,,,222855,143051,0
1028,77.03874278068542,2026-03-06T01:40:47.838909,112.49,0.0,8.01,16.33,1.74,0.0,0.0,158.44,13.42,0.299,0.299,STRAIGHT,1.5,1.5,"CMD,0.3,1.50",4.0,0.0072,2.511,0.023,1,0.9531,0,NORMAL,55.465,0.473,1,1,1,1,1,125.6,85,4,dijkstra,graph,0.46227,0,,,,,,0,,,,208186,138225,2132
1029,77.07699298858643,2026-03-06T01:40:47.877159,0.0,0.0,4.38,0.0,0.0,0.0,0.0,20.23,14.33,0.299,0.299,STRAIGHT,1.5,1.5,"CMD,0.3,1.50",4.0,0.0072,2.511,0.023,1,0.9531,0,NORMAL,55.803,0.408,1,1,1,1,1,115.6,0,0,dijkstra,predict,0.4618,0,,,,,,0,,,,212923,138539,0
1030,77.11472034454346,2026-03-06T01:40:47.914886,0.0,0.0,5.5,0.0,0.0,0.0,0.0,20.0,14.37,0.299,0.299,STRAIGHT,1.5,1.5,"CMD,0.3,1.50",4.0,0.0072,2.511,0.023,1,0.9531,0,NORMAL,56.053,0.381,1,1,1,1,1,110.6,0,0,dijkstra,predict,0.46023,0,,,,,,0,,,,212923,138068,0
1031,77.15092349052429,2026-03-06T01:40:47.951090,2.0,0.0,3.86,0.0,0.0,0.0,0.0,20.18,14.34,0.299,0.299,STRAIGHT,1.5,1.5,"CMD,0.3,1.50",4.0,0.0072,2.511,0.023,1,0.9531,0,NORMAL,56.757,0.4,1,1,1,1,1,105.6,0,0,dijkstra,predict,0.4545,0,,,,,,0,,,,212923,136351,0
1032,77.32202744483948,2026-03-06T01:40:48.122193,109.59,0.0,6.01,16.02,0.0,0.0,0.0,153.08,13.49,0.299,0.299,STRAIGHT,1.5,1.5,"CMD,0.3,1.50",4.0,0.0072,2.511,0.023,1,0.9778,0,NORMAL,57.804,0.357,1,1,1,1,1,125.6,88,4,dijkstra,graph,0.45919,0,,,,,,0,,,,208604,137395,2139
1033,77.35836148262024,2026-03-06T01:40:48.158527,0.0,0.0,5.76,0.0,0.0,0.0,0.0,20.58,14.38,0.299,0.299,STRAIGHT,1.5,1.5,"CMD,0.3,1.50",4.0,0.0072,2.511,0.023,1,0.9778,0,NORMAL,57.523,0.339,1,1,1,1,1,115.6,0,0,dijkstra,predict,0.45844,0,,,,,,0,,,,214638,137531,0
1034,77.39649200439453,2026-03-06T01:40:48.196658,2.0,0.0,1.92,0.0,0.0,0.0,0.0,20.11,14.4,0.299,0.299,STRAIGHT,1.5,1.5,"CMD,0.3,1.50",4.0,0.0072,2.511,0.023,1,0.9778,0,NORMAL,57.788,0.321,1,1,1,1,1,110.6,0,0,dijkstra,predict,0.45737,0,,,,,,0,,,,214638,137210,0
1035,77.43648862838745,2026-03-06T01:40:48.236655,2.0,0.0,2.0,0.0,0.0,0.0,0.0,19.97,14.36,0.299,0.299,STRAIGHT,1.5,1.5,"CMD,0.3,1.50",4.0,0.0072,2.511,0.023,1,0.9778,0,NORMAL,57.918,0.297,1,1,1,1,1,105.6,0,0,dijkstra,predict,0.451,0,,,,,,0,,,,214638,135299,0
1036,77.6004707813263,2026-03-06T01:40:48.400637,109.32,0.0,6.01,16.39,0.0,0.0,0.0,149.96,13.52,0.306,0.299,STRAIGHT,1.5,1.5,"CMD,0.3,1.50",4.0,0.0078,2.42,0.023,1,0.9757,0,NORMAL,58.183,0.309,1,1,1,1,1,121.0,99,5,dijkstra,graph,0.45217,0,,,,,,0,,,,207570,135183,2382
1037,77.64142107963562,2026-03-06T01:40:48.441587,2.0,0.0,2.0,0.0,0.0,0.0,0.0,20.85,14.38,0.311,0.306,STRAIGHT,1.5,1.5,"CMD,0.3,1.50",4.0,0.0078,2.42,0.023,1,0.9757,0,NORMAL,58.389,0.252,1,1,1,1,1,111.0,0,0,dijkstra,predict,0.45138,0,,,,,,0,,,,213435,135415,0
1038,77.68179512023926,2026-03-06T01:40:48.481961,0.0,0.0,5.63,0.0,0.0,0.0,0.0,22.35,14.31,0.315,0.311,STRAIGHT,1.5,1.5,"CMD,0.3,1.50",4.0,0.0078,2.42,0.023,1,0.9757,0,NORMAL,58.206,0.276,1,1,1,1,1,106.0,0,0,dijkstra,predict,0.45007,0,,,,,,0,,,,213435,135020,0
1039,77.71453881263733,2026-03-06T01:40:48.514705,0.0,0.0,0.0,0.0,0.0,0.0,0.0,16.72,14.37,0.317,0.315,STRAIGHT,1.5,1.5,"CMD,0.3,1.50",4.0,0.0078,2.42,0.023,1,0.9757,0,NORMAL,58.698,0.29,1,1,1,1,1,101.0,0,0,dijkstra,predict,0.44381,0,,,,,,0,,,,213435,133144,0
1040,77.88820266723633,2026-03-06T01:40:48.688369,108.78,0.0,6.01,16.35,2.0,0.0,0.0,152.78,13.42,0.319,0.317,STRAIGHT,1.5,1.5,"CMD,0.3,1.50",4.0,0.0078,2.42,0.023,1,0.9645,0,NORMAL,58.918,0.266,1,1,1,1,1,110.3,92,6,dijkstra,graph,0.44413,0,,,,,,0,,,,204199,132834,2272
1041,77.92492151260376,2026-03-06T01:40:48.725087,2.0,0.0,3.01,0.0,0.0,0.0,0.0,20.7,14.31,0.32,0.319,STRAIGHT,1.5,1.5,"CMD,0.3,1.50",4.0,0.0078,2.42,0.023,1,0.9645,0,NORMAL,58.703,0.287,1,1,1,1,1,105.2,0,0,dijkstra,predict,0.43041,0,,,,,,0,,,,208468,129123,0
1042,78.09613752365112,2026-03-06T01:40:48.896303,116.87,0.0,7.1,11.03,0.0,0.0,0.0,155.19,13.39,0.316,0.319,STRAIGHT,1.5,1.5,"CMD,0.3,1.50",4.0,0.0075,2.466,0.023,1,0.9685,0,NORMAL,58.597,0.425,1,1,1,1,1,123.3,88,4,dijkstra,graph,0.45324,0,,,,,,0,,,,209457,135502,2231
1043,78.13620281219482,2026-03-06T01:40:48.936369,0.0,0.0,0.0,0.0,0.0,0.0,0.0,19.96,13.4,0.314,0.316,STRAIGHT,1.5,1.5,"CMD,0.3,1.50",4.0,0.0075,2.466,0.023,1,0.9685,0,NORMAL,57.994,0.487,1,1,1,1,1,113.3,0,0,dijkstra,predict,0.45162,0,,,,,,0,,,,213301,135486,0
1044,78.17719650268555,2026-03-06T01:40:48.977362,0.0,0.0,5.73,0.0,0.0,0.0,0.0,20.35,13.35,0.313,0.314,STRAIGHT,1.5,1.5,"CMD,0.3,1.50",4.0,0.0075,2.466,0.023,1,0.9685,0,NORMAL,55.27,0.512,1,1,1,1,1,108.3,0,0,dijkstra,predict,0.45088,0,,,,,,0,,,,213301,135263,0
1045,78.20685577392578,2026-03-06T01:40:49.007022,0.0,0.0,0.0,0.0,0.0,0.0,0.0,14.15,14.25,0.312,0.313,STRAIGHT,1.5,1.5,"CMD,0.3,1.50",4.0,0.0075,2.466,0.023,1,0.9685,0,NORMAL,54.512,0.552,1,1,1,1,1,103.3,0,0,dijkstra,predict,0.44371,0,,,,,,0,,,,213301,133114,0
1046,78.37837338447571,2026-03-06T01:40:49.178539,116.84,0.0,7.75,14.14,0.0,0.0,0.0,147.12,13.4,0.307,0.312,STRAIGHT,1.5,1.5,"CMD,0.3,1.50",4.0,0.0072,2.511,0.023,1,0.969,0,NORMAL,55.193,0.562,1,1,1,1,1,125.6,105,4,dijkstra,graph,0.47428,0,,,,,,0,,,,214641,141894,2319
1047,78.42909622192383,2026-03-06T01:40:49.229262,2.52,0.0,4.01,0.0,0.0,0.0,0.0,30.49,13.34,0.304,0.307,STRAIGHT,1.5,1.5,"CMD,0.3,1.50",4.0,0.0072,2.511,0.023,1,0.969,0,NORMAL,56.143,0.526,1,1,1,1,1,115.6,0,0,dijkstra,predict,0.47306,0,,,,,,0,,,,219243,141918,0
1048,78.46938705444336,2026-03-06T01:40:49.269553,2.0,0.0,4.0,0.0,0.0,0.0,0.0,20.27,13.28,0.303,0.304,STRAIGHT,1.5,1.5,"CMD,0.3,1.50",4.0,0.0072,2.511,0.023,1,0.969,0,NORMAL,56.933,0.479,1,1,1,1,1,110.6,0,0,dijkstra,predict,0.4721,0,,,,,,0,,,,219243,141629,0
1049,78.5067892074585,2026-03-06T01:40:49.306955,0.0,0.0,5.85,0.0,0.0,0.0,0.0,23.38,14.17,0.301,0.303,STRAIGHT,1.5,1.5,"CMD,0.3,1.50",4.0,0.0072,2.511,0.023,1,0.969,0,NORMAL,57.796,0.468,1,1,1,1,1,105.6,0,0,dijkstra,predict,0.46423,0,,,,,,0,,,,219243,139269,0
1050,78.6798038482666,2026-03-06T01:40:49.479970,110.82,0.0,8.01,10.02,0.0,0.0,0.0,152.99,13.28,0.304,0.303,STRAIGHT,1.5,1.5,"CMD,0.3,1.50",4.0,0.0075,2.466,0.023,1,0.9628,0,NORMAL,57.91,0.461,1,1,1,1,1,123.3,91,5,dijkstra,graph,0.44502,0,,,,,,0,,,,206790,133079,2343
1051,78.71000719070435,2026-03-06T01:40:49.510173,0.0,0.0,0.0,0.0,0.0,0.0,0.0,14.18,13.33,0.306,0.304,STRAIGHT,1.5,1.5,"CMD,0.3,1.50",4.0,0.0075,2.466,0.023,1,0.9628,0,NORMAL,56.732,0.539,1,1,1,1,1,113.3,0,0,dijkstra,predict,0.44468,0,,,,,,0,,,,210375,133403,0
1052,78.74956488609314,2026-03-06T01:40:49.549731,4.33,0.0,0.0,0.0,0.0,0.0,0.0,19.84,13.31,0.307,0.306,STRAIGHT,1.5,1.5,"CMD,0.3,1.50",4.0,0.0075,2.466,0.023,1,0.9628,0,NORMAL,55.375,0.708,1,1,1,1,1,108.3,0,0,dijkstra,predict,0.44261,0,,,,,,0,,,,210375,132783,0
1053,78.79060459136963,2026-03-06T01:40:49.590770,0.0,0.0,0.0,0.0,0.0,0.0,0.0,20.62,14.22,0.308,0.307,STRAIGHT,1.5,1.5,"CMD,0.3,1.50",4.0,0.0075,2.466,0.023,1,0.9628,0,NORMAL,54.062,1.126,1,1,1,1,1,103.3,0,0,dijkstra,predict,0.43532,0,,,,,,0,,,,210375,130597,0
1054,78.95152473449707,2026-03-06T01:40:49.751691,109.14,0.0,6.01,12.02,0.0,0.0,0.0,145.03,13.4,0.305,0.307,STRAIGHT,1.5,1.5,"CMD,0.3,1.50",4.0,0.0072,2.511,0.023,1,0.9598,0,NORMAL,53.438,1.09,1,1,1,1,1,125.6,93,5,dijkstra,graph,0.47421,0,,,,,,0,,,,215408,141860,2356
1055,78.9980776309967,2026-03-06T01:40:49.798244,0.0,0.0,4.01,0.0,0.0,0.0,0.0,26.47,13.35,0.303,0.305,STRAIGHT,1.5,1.5,"CMD,0.3,1.50",4.0,0.0072,2.511,0.023,1,0.9598,0,NORMAL,53.069,1.225,1,1,1,1,1,115.6,0,0,dijkstra,predict,0.47293,0,,,,,,0,,,,219083,141878,0
1056,79.03575015068054,2026-03-06T01:40:49.835916,0.0,0.0,4.01,0.0,0.0,0.0,0.0,20.12,13.36,0.301,0.303,STRAIGHT,1.5,1.5,"CMD,0.3,1.50",4.0,0.0072,2.511,0.023,1,0.9598,0,NORMAL,52.849,1.331,1,1,1,1,1,110.6,0,0,dijkstra,predict,0.47197,0,,,,,,0,,,,219083,141592,0
1057,79.0719153881073,2026-03-06T01:40:49.872081,2.88,0.0,0.0,0.0,0.0,0.0,0.0,20.15,14.26,0.301,0.301,STRAIGHT,1.5,1.5,"CMD,0.3,1.50",4.0,0.0072,2.511,0.023,1,0.9598,0,NORMAL,53.228,1.444,1,1,1,1,1,105.6,0,0,dijkstra,predict,0.46422,0,,,,,,0,,,,219083,139267,0
1058,79.24690437316895,2026-03-06T01:40:50.047070,109.01,0.0,6.01,19.98,0.0,0.0,0.0,154.37,13.36,0.3,0.301,STRAIGHT,1.5,1.5,"CMD,0.3,1.50",4.0,0.0072,2.511,0.023,1,0.9755,0,NORMAL,53.021,1.451,1,1,1,1,1,125.6,99,4,dijkstra,graph,0.48946,0,,,,,,0,,,,220516,146397,2385
1059,79.28422951698303,2026-03-06T01:40:50.084395,2.0,0.0,4.01,0.0,0.0,0.0,0.0,20.3,13.37,0.3,0.3,STRAIGHT,1.5,1.5,"CMD,0.3,1.50",4.0,0.0072,2.511,0.023,1,0.9755,0,NORMAL,53.179,1.478,1,1,1,1,1,115.6,0,0,dijkstra,predict,0.48824,0,,,,,,0,,,,224432,146471,0
1060,79.32022356987,2026-03-06T01:40:50.120390,2.0,0.0,4.01,0.0,0.0,0.0,0.0,24.45,13.37,0.299,0.3,STRAIGHT,1.5,1.5,"CMD,0.3,1.50",4.0,0.0072,2.511,0.023,1,0.9755,0,NORMAL,53.409,1.511,1,1,1,1,1,110.6,0,0,dijkstra,predict,0.48713,0,,,,,,0,,,,224432,146138,0
1061,79.35457682609558,2026-03-06T01:40:50.154743,0.0,0.0,3.22,0.0,0.0,0.0,0.0,18.33,14.25,0.299,0.299,STRAIGHT,1.5,1.5,"CMD,0.3,1.50",4.0,0.0072,2.511,0.023,1,0.9755,0,NORMAL,54.059,1.509,1,1,1,1,1,105.6,0,0,dijkstra,predict,0.47911,0,,,,,,0,,,,224432,143734,0
1062,79.52834987640381,2026-03-06T01:40:50.328516,111.28,0.0,8.01,18.48,2.0,0.0,0.0,156.25,13.36,0.295,0.299,STRAIGHT,1.5,1.5,"CMD,0.3,1.50",4.0,0.007,2.557,0.023,1,0.9717,0,NORMAL,53.69,1.608,1,1,1,1,1,127.9,97,5,dijkstra,graph,0.49457,0,,,,,,0,,,,224911,147973,2260
1063,79.56721210479736,2026-03-06T01:40:50.367378,2.0,0.0,3.4,0.0,0.0,0.0,0.0,20.59,13.36,0.293,0.295,STRAIGHT,1.5,1.5,"CMD,0.3,1.50",4.0,0.007,2.557,0.023,1,0.9717,0,NORMAL,54.642,1.578,1,1,1,1,1,117.9,0,0,dijkstra,predict,0.49337,0,,,,,,0,,,,229938,148010,0
1064,79.60050582885742,2026-03-06T01:40:50.400672,0.0,0.0,0.0,0.0,0.0,0.0,0.0,22.95,13.39,0.291,0.293,STRAIGHT,1.5,1.5,"CMD,0.3,1.50",4.0,0.007,2.557,0.023,1,0.9717,0,NORMAL,55.141,1.543,1,1,1,1,1,112.9,0,0,dijkstra,predict,0.4924,0,,,,,,0,,,,229938,147719,0
1065,79.63902544975281,2026-03-06T01:40:50.439191,0.0,0.0,0.0,0.0,0.0,0.0,0.0,20.69,14.23,0.29,0.291,STRAIGHT,1.5,1.5,"CMD,0.3,1.50",4.0,0.007,2.557,0.023,1,0.9717,0,NORMAL,55.081,1.559,1,1,1,1,1,107.9,0,0,dijkstra,predict,0.4844,0,,,,,,0,,,,229938,145319,0
1066,79.82064771652222,2026-03-06T01:40:50.620814,113.2,0.0,8.01,10.18,0.0,0.0,0.0,162.08,13.31,0.29,0.29,STRAIGHT,1.5,1.5,"CMD,0.3,1.50",4.0,0.007,2.557,0.023,1,0.9557,0,NORMAL,55.31,1.53,1,1,1,1,1,127.9,93,4,dijkstra,graph,0.48,0,,,,,,0,,,,217127,143623,2333
1067,79.85714316368103,2026-03-06T01:40:50.657309,0.0,0.0,3.61,0.0,0.0,0.0,0.0,20.07,13.33,0.289,0.29,STRAIGHT,1.5,1.5,"CMD,0.3,1.50",4.0,0.007,2.557,0.023,1,0.9557,0,NORMAL,55.874,1.556,1,1,1,1,1,117.9,0,0,dijkstra,predict,0.47981,0,,,,,,0,,,,220681,143943,0
1068,79.89397430419922,2026-03-06T01:40:50.694140,0.0,0.0,5.43,0.0,0.0,0.0,0.0,21.04,13.31,0.289,0.289,STRAIGHT,1.5,1.5,"CMD,0.3,1.50",4.0,0.007,2.557,0.023,1,0.9557,0,NORMAL,55.567,1.525,1,1,1,1,1,112.9,0,0,dijkstra,predict,0.47801,0,,,,,,0,,,,220681,143402,0
1069,79.93307256698608,2026-03-06T01:40:50.733239,0.0,0.0,5.47,0.0,0.0,0.0,0.0,20.83,14.18,0.289,0.289,STRAIGHT,1.5,1.5,"CMD,0.3,1.50",4.0,0.007,2.557,0.023,1,0.9557,0,NORMAL,55.591,1.502,1,1,1,1,1,107.9,0,0,dijkstra,predict,0.47087,0,,,,,,0,,,,220681,141261,0
1070,80.11579132080078,2026-03-06T01:40:50.915957,107.83,0.0,10.47,19.18,0.0,0.0,0.0,162.27,13.24,0.288,0.289,STRAIGHT,1.5,1.5,"CMD,0.3,1.50",4.0,0.007,2.557,0.023,1,0.9832,0,NORMAL,54.443,1.539,1,1,1,1,1,127.9,98,5,dijkstra,graph,0.47725,0,,,,,,0,,,,216305,142744,2317
1071,80.15409541130066,2026-03-06T01:40:50.954261,0.0,0.0,5.26,0.0,0.0,0.0,0.0,21.28,14.09,0.288,0.288,STRAIGHT,1.5,1.5,"CMD,0.3,1.50",4.0,0.007,2.557,0.023,1,0.9832,0,NORMAL,54.986,1.494,1,1,1,1,1,117.9,0,0,dijkstra,predict,0.47636,0,,,,,,0,,,,219736,142909,0
1072,80.1921763420105,2026-03-06T01:40:50.992342,0.0,0.0,5.17,0.0,0.0,0.0,0.0,21.06,14.11,0.288,0.288,STRAIGHT,1.5,1.5,"CMD,0.3,1.50",4.0,0.007,2.557,0.023,1,0.9832,0,NORMAL,54.861,1.495,1,1,1,1,1,112.9,0,0,dijkstra,predict,0.47516,0,,,,,,0,,,,219736,142547,0
1073,80.22726511955261,2026-03-06T01:40:51.027431,0.0,0.0,4.37,0.0,0.0,0.0,0.0,20.07,14.15,0.288,0.288,STRAIGHT,1.5,1.5,"CMD,0.3,1.50",4.0,0.007,2.557,0.023,1,0.9832,0,NORMAL,53.675,1.422,1,1,1,1,1,107.9,0,0,dijkstra,predict,0.46849,0,,,,,,0,,,,219736,140548,0
1074,80.38763999938965,2026-03-06T01:40:51.187806,107.28,0.0,8.01,12.45,0.0,0.0,0.0,143.34,13.3,0.299,0.288,STRAIGHT,1.5,1.5,"CMD,0.3,1.50",4.0,0.0078,2.42,0.023,1,0.9645,0,NORMAL,52.706,1.428,1,1,1,1,1,121.0,78,6,dijkstra,graph,0.46715,0,,,,,,0,,,,211613,139702,2238
1075,80.43746161460876,2026-03-06T01:40:51.237628,0.0,0.0,6.19,0.0,0.0,0.0,0.0,22.21,14.08,0.307,0.299,STRAIGHT,1.5,1.5,"CMD,0.3,1.50",4.0,0.0078,2.42,0.023,1,0.9645,0,NORMAL,53.332,1.371,1,1,1,1,1,111.0,0,0,dijkstra,predict,0.46641,0,,,,,,0,,,,215276,139922,0
1076,80.47571396827698,2026-03-06T01:40:51.275880,2.0,0.0,2.0,0.0,0.0,0.0,0.0,22.23,14.17,0.312,0.307,STRAIGHT,1.5,1.5,"CMD,0.3,1.50",4.0,0.0078,2.42,0.023,1,0.9645,0,NORMAL,54.066,1.29,1,1,1,1,1,106.0,0,0,dijkstra,predict,0.46501,0,,,,,,0,,,,215276,139503,0
1077,80.51236844062805,2026-03-06T01:40:51.312534,2.01,0.0,2.8,0.0,0.0,0.0,2.0,20.83,14.19,0.315,0.312,STRAIGHT,1.5,1.5,"CMD,0.3,1.50",4.0,0.0078,2.42,0.023,1,0.9645,0,NORMAL,54.381,1.293,1,1,1,1,1,101.0,0,0,dijkstra,predict,0.45888,0,,,,,,0,,,,215276,137664,0
1078,80.68296813964844,2026-03-06T01:40:51.483134,108.75,0.0,6.17,20.14,0.0,0.0,2.0,155.08,13.33,0.33,0.315,STRAIGHT,1.5,1.5,"CMD,0.3,1.50",4.0,0.0088,2.283,0.023,1,0.9528,0,NORMAL,54.55,1.198,1,1,1,1,1,114.2,98,6,dijkstra,graph,0.44306,0,,,,,,0,,,,206069,132535,2278
1079,80.72114539146423,2026-03-06T01:40:51.521311,0.0,0.0,4.57,0.0,0.0,0.0,0.0,20.16,14.21,0.341,0.33,STRAIGHT,1.5,1.5,"CMD,0.3,1.50",4.0,0.0088,2.283,0.023,1,0.9528,0,NORMAL,54.635,1.116,1,1,1,1,1,104.2,0,0,dijkstra,predict,0.44293,0,,,,,,0,,,,212218,132878,0
1080,80.76031279563904,2026-03-06T01:40:51.560479,0.0,0.0,6.49,0.0,0.0,0.0,0.0,20.76,14.14,0.348,0.341,STRAIGHT,1.5,1.5,"CMD,0.3,1.50",4.0,0.0088,2.283,0.023,1,0.9528,0,NORMAL,54.238,1.183,1,1,1,1,1,99.2,0,0,dijkstra,predict,0.44126,0,,,,,,0,,,,212218,132377,0
1081,80.79098057746887,2026-03-06T01:40:51.591146,0.0,0.0,0.0,0.0,0.0,0.0,0.0,20.62,14.21,0.352,0.348,STRAIGHT,1.5,1.5,"CMD,0.3,1.50",4.0,0.0088,2.283,0.023,1,0.9528,0,NORMAL,55.066,1.066,1,1,1,1,1,94.2,0,0,dijkstra,predict,0.4352,0,,,,,,0,,,,212218,130560,0
1082,80.96682596206665,2026-03-06T01:40:51.766992,108.06,0.0,7.75,17.53,2.0,0.0,0.0,155.5,13.33,-0.206,0.348,STRAIGHT,1.5,1.5,"CMD,0.3,1.50",3.545,-0.0321,2.466,-0.098,1,0.9452,0,NORMAL,56.036,0.942,1,1,1,1,1,126.9,97,4,dijkstra,graph,0.41758,0,,,,,,0,,,,198215,124954,2107
1083,81.00529956817627,2026-03-06T01:40:51.805465,3.74,0.0,2.0,0.0,0.0,0.0,0.0,22.17,14.12,-0.579,-0.206,STRAIGHT,1.5,1.5,"CMD,-0.2,1.50",3.545,-0.0321,2.466,-0.098,1,0.9452,0,NORMAL,55.956,0.945,1,1,1,1,1,116.8,0,0,dijkstra,predict,0.41618,0,,,,,,0,,,,199031,124855,0
1084,81.03734350204468,2026-03-06T01:40:51.837509,0.0,0.0,0.0,0.0,0.0,0.0,0.0,16.02,14.22,-0.827,-0.579,STRAIGHT,1.5,1.5,"CMD,-0.6,1.50",3.545,-0.0321,2.466,-0.098,1,0.9452,0,NORMAL,56.271,0.96,1,1,1,1,1,111.8,0,0,dijkstra,predict,0.41182,0,,,,,,0,,,,199031,123546,0
1085,81.07586526870728,2026-03-06T01:40:51.876031,2.0,0.0,0.0,0.0,0.0,0.0,0.0,22.06,14.21,-0.992,-0.827,STRAIGHT,1.5,1.5,"CMD,-0.8,1.50",3.545,-0.0321,2.466,-0.098,1,0.9452,0,NORMAL,57.653,0.856,1,1,1,1,1,106.8,0,0,dijkstra,predict,0.40633,0,,,,,,0,,,,199031,121900,0
1086,81.25237321853638,2026-03-06T01:40:52.052539,103.32,0.0,16.02,16.45,0.0,0.0,0.0,154.48,13.3,-0.541,-0.827,STRAIGHT,1.5,1.5,"CMD,-0.8,1.50",4.0,0.0088,2.283,0.023,1,0.9792,0,NORMAL,57.423,0.807,1,1,1,1,1,114.2,76,4,dijkstra,graph,0.42093,0,,,,,,0,,,,199862,126053,2034
1087,81.28689861297607,2026-03-06T01:40:52.087065,2.2,0.0,0.0,0.0,0.0,0.0,0.0,20.51,14.22,-0.24,-0.541,STRAIGHT,1.5,1.5,"CMD,-0.5,1.50",4.0,0.0088,2.283,0.023,1,0.9792,0,NORMAL,57.54,0.884,1,1,1,1,1,104.2,0,0,dijkstra,predict,0.42135,0,,,,,,0,,,,201839,126404,0
1088,81.32063364982605,2026-03-06T01:40:52.120800,0.0,0.0,0.0,0.0,0.0,0.0,0.0,23.42,14.24,-0.04,-0.24,STRAIGHT,1.5,1.5,"CMD,-0.2,1.50",4.0,0.0088,2.283,0.023,1,0.9792,0,NORMAL,58.366,0.817,1,1,1,1,1,99.2,0,0,dijkstra,predict,0.41969,0,,,,,,0,,,,201839,125906,0
1089,81.35877227783203,2026-03-06T01:40:52.158938,0.0,0.0,2.0,0.0,0.0,0.0,0.0,20.09,14.23,0.094,-0.04,STRAIGHT,1.5,1.5,"CMD,-0.0,1.50",4.0,0.0088,2.283,0.023,1,0.9792,0,NORMAL,58.604,0.761,1,1,1,1,1,94.2,0,0,dijkstra,predict,0.41417,0,,,,,,0,,,,201839,124250,0
1090,81.5326681137085,2026-03-06T01:40:52.332834,112.93,0.0,6.01,18.03,0.0,0.0,0.0,163.81,13.31,0.188,0.094,STRAIGHT,1.5,1.5,"CMD,0.1,1.50",4.0,0.0091,2.237,0.023,1,0.98,0,NORMAL,55.624,0.756,1,1,1,1,1,111.9,103,4,dijkstra,graph,0.41599,0,,,,,,0,,,,200183,124466,1991
1091,81.5707197189331,2026-03-06T01:40:52.370886,0.0,0.0,4.01,0.0,0.0,0.0,0.0,20.03,14.2,0.251,0.188,STRAIGHT,1.5,1.5,"CMD,0.2,1.50",4.0,0.0091,2.237,0.023,1,0.98,0,NORMAL,56.531,0.725,1,1,1,1,1,101.9,0,0,dijkstra,predict,0.41556,0,,,,,,0,,,,202458,124669,0
1092,81.60366439819336,2026-03-06T01:40:52.403830,0.0,0.0,0.0,0.0,0.0,0.0,0.0,22.86,14.24,0.293,0.251,STRAIGHT,1.5,1.5,"CMD,0.3,1.50",4.0,0.0091,2.237,0.023,1,0.98,0,NORMAL,56.819,0.622,1,1,1,1,1,96.9,0,0,dijkstra,predict,0.41424,0,,,,,,0,,,,202458,124271,0
1093,81.64616775512695,2026-03-06T01:40:52.446334,2.0,0.0,0.0,0.0,0.0,0.0,0.0,17.52,14.18,0.321,0.293,STRAIGHT,1.5,1.5,"CMD,0.3,1.50",4.0,0.0091,2.237,0.023,1,0.98,0,NORMAL,56.304,0.404,1,1,1,1,1,91.9,0,0,dijkstra,predict,0.40777,0,,,,,,0,,,,202458,122330,0
1094,81.8133897781372,2026-03-06T01:40:52.613556,103.11,0.0,0.0,10.26,0.0,0.0,0.0,151.18,13.34,0.317,0.317,STRAIGHT,1.5,1.5,"CMD,0.3,1.50",4.0,0.0075,2.466,0.023,1,0.9788,0,NORMAL,53.825,0.51,1,1,1,1,1,123.3,103,3,dijkstra,graph,0.42469,0,,,,,,0,,,,201861,127071,2090
1095,81.85033011436462,2026-03-06T01:40:52.650496,0.0,0.0,6.71,0.0,0.0,0.0,0.0,26.85,14.29,0.315,0.317,STRAIGHT,1.5,1.5,"CMD,0.3,1.50",4.0,0.0075,2.466,0.023,1,0.9788,0,NORMAL,55.241,0.292,1,1,1,1,1,113.3,0,0,dijkstra,predict,0.42379,0,,,,,,0,,,,205295,127137,0
1096,81.89115810394287,2026-03-06T01:40:52.691324,0.0,0.0,4.09,0.0,0.0,0.0,0.0,21.06,14.26,0.313,0.315,STRAIGHT,1.5,1.5,"CMD,0.3,1.50",4.0,0.0075,2.466,0.023,1,0.9788,0,NORMAL,57.218,0.172,1,1,1,1,1,108.3,0,0,dijkstra,predict,0.42277,0,,,,,,0,,,,205295,126831,0
1097,81.92427849769592,2026-03-06T01:40:52.724444,0.0,0.0,0.0,0.0,0.0,0.0,0.0,14.1,14.28,0.312,0.313,STRAIGHT,1.5,1.5,"CMD,0.3,1.50",4.0,0.0075,2.466,0.023,1,0.9788,0,NORMAL,57.778,0.06,1,1,1,1,1,103.3,0,0,dijkstra,predict,0.41631,0,,,,,,0,,,,205295,124893,0
1098,82.1024980545044,2026-03-06T01:40:52.902664,102.59,0.0,10.06,22.26,0.0,0.0,0.0,158.0,13.37,0.011,0.312,STRAIGHT,1.5,1.5,"CMD,0.3,1.50",4.0,-0.0143,2.42,-0.042,1,0.94,0,NORMAL,58.607,0.016,1,1,1,1,1,124.4,84,2,dijkstra,graph,0.37952,0,,,,,,0,,,,190172,113549,1790
1099,82.14105701446533,2026-03-06T01:40:52.941223,1.74,0.0,4.01,0.0,0.0,0.0,0.0,22.54,14.32,-0.19,0.011,STRAIGHT,1.5,1.5,"CMD,0.0,1.50",4.0,-0.0143,2.42,-0.042,1,0.94,0,NORMAL,58.325,0.064,1,1,1,1,1,114.3,0,0,dijkstra,predict,0.37856,0,,,,,,0,,,,191765,113568,0
1100,82.17756509780884,2026-03-06T01:40:52.977731,0.0,0.0,3.81,0.0,0.0,0.0,0.0,18.49,14.33,-0.324,-0.19,STRAIGHT,1.5,1.5,"CMD,-0.2,1.50",4.0,-0.0143,2.42,-0.042,1,0.94,0,NORMAL,58.776,0.104,1,1,1,1,1,109.3,0,0,dijkstra,predict,0.37562,0,,,,,,0,,,,191765,112685,0
1101,82.22056341171265,2026-03-06T01:40:53.020729,2.0,0.0,3.01,0.0,0.0,0.0,0.0,22.9,14.3,-0.413,-0.324,STRAIGHT,1.5,1.5,"CMD,-0.3,1.50",4.0,-0.0143,2.42,-0.042,1,0.94,0,NORMAL,59.743,0.029,1,1,1,1,1,104.3,0,0,dijkstra,predict,0.37091,0,,,,,,0,,,,191765,111273,0
1102,82.41017580032349,2026-03-06T01:40:53.210342,116.29,0.0,6.01,22.21,10.21,0.0,0.0,171.59,13.29,-0.48,-0.413,STRAIGHT,1.5,1.5,"CMD,-0.4,1.50",2.019,-0.0149,1.934,-0.028,1,0.9536,0,NORMAL,59.448,0.085,1,1,1,1,1,205.9,121,4,dijkstra,fallback_centerline,0.38072,0,,,,,,0,,,,185189,114076,1874
1103,82.58294034004211,2026-03-06T01:40:53.383106,114.27,0.0,4.01,20.27,0.0,0.0,0.0,162.57,13.21,-0.184,-0.413,STRAIGHT,1.5,1.5,"CMD,-0.4,1.50",4.0,0.0099,2.146,0.023,1,0.9653,0,NORMAL,59.756,0.111,1,1,1,1,1,107.3,85,4,dijkstra,graph,0.38211,0,,,,,,0,,,,188595,114347,1724
1104,82.61998558044434,2026-03-06T01:40:53.420152,2.0,0.0,2.0,0.0,0.0,0.0,0.0,27.0,13.29,0.014,-0.184,STRAIGHT,1.5,1.5,"CMD,-0.2,1.50",4.0,0.0099,2.146,0.023,1,0.9653,0,NORMAL,59.686,0.172,1,1,1,1,1,97.3,0,0,dijkstra,predict,0.38124,0,,,,,,0,,,,191550,114373,0
1105,82.65627789497375,2026-03-06T01:40:53.456444,1.74,0.0,2.0,0.0,0.0,0.0,0.0,22.68,13.3,0.146,0.014,STRAIGHT,1.5,1.5,"CMD,0.0,1.50",4.0,0.0099,2.146,0.023,1,0.9653,0,NORMAL,59.93,0.213,1,1,1,1,1,92.3,0,0,dijkstra,predict,0.38022,0,,,,,,0,,,,191550,114065,0
1106,82.68647265434265,2026-03-06T01:40:53.486639,0.0,0.0,0.0,0.0,0.0,0.0,0.0,12.17,13.34,0.233,0.146,STRAIGHT,1.5,1.5,"CMD,0.1,1.50",4.0,0.0099,2.146,0.023,1,0.9653,0,NORMAL,59.815,0.207,1,1,1,1,1,87.3,0,0,dijkstra,predict,0.37343,0,,,,,,0,,,,191550,112028,0
1107,82.8550066947937,2026-03-06T01:40:53.655173,107.88,0.0,4.01,15.03,0.0,0.0,0.0,145.96,13.35,0.292,0.233,STRAIGHT,1.5,1.5,"CMD,0.2,1.50",4.0,0.0099,2.146,0.023,1,0.9398,0,NORMAL,60.05,0.252,1,1,1,1,1,104.8,75,5,dijkstra,graph,0.38378,0,,,,,,0,,,,183831,114974,1938
1108,82.89565658569336,2026-03-06T01:40:53.695822,2.59,0.0,0.0,0.0,0.0,0.0,0.0,20.42,13.34,0.331,0.292,STRAIGHT,1.5,1.5,"CMD,0.3,1.50",4.0,0.0099,2.146,0.023,1,0.9398,0,NORMAL,60.701,0.239,1,1,1,1,1,99.7,0,0,dijkstra,predict,0.35872,0,,,,,,0,,,,185609,107615,0
1109,82.93599486351013,2026-03-06T01:40:53.736161,2.0,0.0,0.0,0.0,0.0,0.0,0.0,20.19,13.33,0.357,0.331,STRAIGHT,1.5,1.5,"CMD,0.3,1.50",4.0,0.0099,2.146,0.023,1,0.9398,0,NORMAL,60.892,0.184,1,1,1,1,1,94.7,0,0,dijkstra,predict,0.35285,0,,,,,,0,,,,185609,105854,0
1110,82.97685599327087,2026-03-06T01:40:53.777022,1.5,0.0,0.0,0.0,0.0,0.0,0.0,20.76,13.27,0.374,0.357,STRAIGHT,1.5,1.5,"CMD,0.4,1.50",4.0,0.0099,2.146,0.023,1,0.9398,0,NORMAL,60.603,0.263,1,1,1,1,1,74.8,0,0,dijkstra,predict,0.36821,0,,,,,,0,,,,185609,110462,0
1111,83.15929818153381,2026-03-06T01:40:53.959464,113.48,0.0,8.01,7.58,0.0,0.0,0.0,162.27,13.23,0.375,0.374,STRAIGHT,1.5,1.5,"CMD,0.4,1.50",4.0,0.0091,2.237,0.023,1,0.9259,0,NORMAL,61.261,0.255,1,1,1,1,1,111.9,79,4,dijkstra,graph,0.39669,0,,,,,,0,,,,197072,118804,1850
1112,83.19146656990051,2026-03-06T01:40:53.991632,0.0,0.0,0.0,0.0,0.0,0.0,0.0,15.03,13.27,0.375,0.375,STRAIGHT,1.5,1.5,"CMD,0.4,1.50",4.0,0.0091,2.237,0.023,1,0.9259,0,NORMAL,61.552,0.273,1,1,1,1,1,101.9,0,0,dijkstra,predict,0.39595,0,,,,,,0,,,,200617,118784,0
1113,83.23393678665161,2026-03-06T01:40:54.034103,2.0,0.0,4.01,0.0,0.0,0.0,0.0,24.14,13.2,0.376,0.375,STRAIGHT,1.5,1.5,"CMD,0.4,1.50",4.0,0.0091,2.237,0.023,1,0.9259,0,NORMAL,61.27,0.267,1,1,1,1,1,96.9,0,0,dijkstra,predict,0.39482,0,,,,,,0,,,,200617,118445,0
1114,83.26996207237244,2026-03-06T01:40:54.070128,0.0,0.0,4.91,0.0,0.0,0.0,0.0,20.03,13.22,0.376,0.376,STRAIGHT,1.5,1.5,"CMD,0.4,1.50",4.0,0.0091,2.237,0.023,1,0.9259,0,NORMAL,61.738,0.325,1,1,1,1,1,91.9,0,0,dijkstra,predict,0.3877,0,,,,,,0,,,,200617,116309,0
1115,83.44248104095459,2026-03-06T01:40:54.242647,105.34,0.0,10.2,10.12,0.0,0.0,0.0,152.49,13.24,0.387,0.376,STRAIGHT,1.5,1.5,"CMD,0.4,1.50",4.0,0.0099,2.146,0.023,1,0.9727,0,NORMAL,62.006,0.322,1,1,1,1,1,107.3,75,5,dijkstra,graph,0.39099,0,,,,,,0,,,,193447,117049,1798
1116,83.48289370536804,2026-03-06T01:40:54.283060,2.0,0.0,2.0,0.0,0.0,0.0,0.0,18.31,13.22,0.394,0.387,STRAIGHT,1.5,1.5,"CMD,0.4,1.50",4.0,0.0099,2.146,0.023,1,0.9727,0,NORMAL,62.138,0.322,1,1,1,1,1,97.3,0,0,dijkstra,predict,0.39064,0,,,,,,0,,,,196129,117192,0
1117,83.51293468475342,2026-03-06T01:40:54.313101,0.0,0.0,0.0,0.0,0.0,0.0,0.0,14.02,13.23,0.399,0.394,STRAIGHT,1.5,1.5,"CMD,0.4,1.50",4.0,0.0099,2.146,0.023,1,0.9727,0,NORMAL,59.987,0.313,1,1,1,1,1,92.3,0,0,dijkstra,predict,0.38906,0,,,,,,0,,,,196129,116718,0
1118,83.55417251586914,2026-03-06T01:40:54.354338,0.0,0.0,4.09,0.0,0.0,0.0,0.0,20.39,13.21,0.402,0.399,STRAIGHT,1.5,1.5,"CMD,0.4,1.50",4.0,0.0099,2.146,0.023,1,0.9727,0,NORMAL,60.73,0.387,1,1,1,1,1,87.3,0,0,dijkstra,predict,0.38209,0,,,,,,0,,,,196129,114626,0
1119,83.7269139289856,2026-03-06T01:40:54.527080,109.19,0.0,9.56,15.77,0.0,0.0,0.0,162.73,13.22,-0.21,0.399,STRAIGHT,1.5,1.5,"CMD,0.4,1.50",3.246,-0.0348,2.374,-0.098,1,0.9773,0,NORMAL,60.608,0.371,1,1,1,1,1,125.1,87,4,dijkstra,graph,0.39529,0,,,,,,0,,,,196007,118396,1992
1120,83.77029466629028,2026-03-06T01:40:54.570461,0.0,0.0,5.14,0.0,0.0,0.0,0.0,21.17,13.18,-0.619,-0.21,STRAIGHT,1.5,1.5,"CMD,-0.2,1.50",3.246,-0.0348,2.374,-0.098,1,0.9773,0,NORMAL,58.86,0.344,1,1,1,1,1,114.9,0,0,dijkstra,predict,0.39388,0,,,,,,0,,,,199498,118165,0
1121,83.80760407447815,2026-03-06T01:40:54.607770,2.0,0.0,1.74,0.0,0.0,0.0,0.0,20.28,13.17,-0.891,-0.619,STRAIGHT,1.5,1.5,"CMD,-0.6,1.50",3.246,-0.0348,2.374,-0.098,1,0.9773,0,NORMAL,57.836,0.306,1,1,1,1,1,109.9,0,0,dijkstra,predict,0.38894,0,,,,,,0,,,,199498,116683,0
1122,83.84262776374817,2026-03-06T01:40:54.642794,2.0,0.0,4.98,0.0,0.0,0.0,0.0,21.01,13.2,-1.073,-0.891,STRAIGHT,1.5,1.5,"CMD,-0.9,1.50",3.246,-0.0348,2.374,-0.098,1,0.9773,0,NORMAL,58.921,0.242,1,1,1,1,1,104.9,0,0,dijkstra,predict,0.38281,0,,,,,,0,,,,199498,114844,0
1123,84.00658226013184,2026-03-06T01:40:54.806748,110.28,0.0,6.01,14.11,0.0,0.0,0.0,148.43,13.22,-0.579,-0.891,STRAIGHT,1.5,1.5,"CMD,-0.9,1.50",4.0,0.0099,2.146,0.023,1,0.9652,0,NORMAL,59.515,0.234,1,1,1,1,1,107.3,88,4,dijkstra,graph,0.38256,0,,,,,,0,,,,193586,114407,1840
1124,84.04987597465515,2026-03-06T01:40:54.850042,0.0,0.0,3.11,0.0,0.0,0.0,2.38,20.91,13.18,-0.25,-0.579,STRAIGHT,1.5,1.5,"CMD,-0.6,1.50",4.0,0.0099,2.146,0.023,1,0.9652,0,NORMAL,60.429,0.197,1,1,1,1,1,97.3,0,0,dijkstra,predict,0.38245,0,,,,,,0,,,,196264,114735,0
1125,84.08271312713623,2026-03-06T01:40:54.882879,0.0,0.0,5.05,0.0,0.0,0.0,0.0,21.08,13.23,-0.03,-0.25,STRAIGHT,1.5,1.5,"CMD,-0.2,1.50",4.0,0.0099,2.146,0.023,1,0.9652,0,NORMAL,60.192,0.254,1,1,1,1,1,92.3,0,0,dijkstra,predict,0.38049,0,,,,,,0,,,,196264,114147,0
1126,84.1180112361908,2026-03-06T01:40:54.918177,2.0,0.0,1.74,0.0,0.0,0.0,0.0,18.28,13.22,0.116,-0.03,STRAIGHT,1.5,1.5,"CMD,-0.0,1.50",4.0,0.0099,2.146,0.023,1,0.9652,0,NORMAL,61.472,0.231,1,1,1,1,1,87.3,0,0,dijkstra,predict,0.37401,0,,,,,,0,,,,196264,112204,0
1127,84.29006266593933,2026-03-06T01:40:55.090229,110.1,0.0,6.01,10.24,0.0,0.0,0.0,152.05,13.26,-0.173,-0.03,STRAIGHT,1.5,1.5,"CMD,-0.0,1.50",3.824,-0.0182,2.374,-0.051,1,0.9672,0,NORMAL,62.077,0.233,1,1,1,1,1,122.3,75,4,dijkstra,graph,0.38488,0,,,,,,0,,,,194955,115390,1820
1128,84.32434892654419,2026-03-06T01:40:55.124515,0.0,0.0,2.0,0.0,0.0,0.0,0.0,24.21,13.28,-0.366,-0.173,STRAIGHT,1.5,1.5,"CMD,-0.2,1.50",3.824,-0.0182,2.374,-0.051,1,0.9672,0,NORMAL,62.559,0.245,1,1,1,1,1,112.2,0,0,dijkstra,predict,0.38431,0,,,,,,0,,,,199546,115293,0
1129,84.36114048957825,2026-03-06T01:40:55.161306,1.01,0.0,0.0,0.0,0.0,0.0,0.0,20.72,13.28,-0.494,-0.366,STRAIGHT,1.5,1.5,"CMD,-0.4,1.50",3.824,-0.0182,2.374,-0.051,1,0.9672,0,NORMAL,63.425,0.236,1,1,1,1,1,107.2,0,0,dijkstra,predict,0.38042,0,,,,,,0,,,,199546,114127,0
1130,84.40136623382568,2026-03-06T01:40:55.201532,2.0,0.0,2.51,0.0,0.0,0.0,0.0,19.94,13.3,-0.58,-0.494,STRAIGHT,1.5,1.5,"CMD,-0.5,1.50",3.824,-0.0182,2.374,-0.051,1,0.9672,0,NORMAL,64.031,0.215,1,1,1,1,1,102.2,0,0,dijkstra,predict,0.37477,0,,,,,,0,,,,199546,112431,0
1131,84.57167840003967,2026-03-06T01:40:55.371844,111.98,0.0,6.98,14.02,0.0,0.0,2.0,154.51,13.42,-0.238,-0.494,STRAIGHT,1.5,1.5,"CMD,-0.5,1.50",4.0,0.0108,2.055,0.023,1,0.9382,0,NORMAL,65.541,0.186,1,1,1,1,1,102.7,55,4,dijkstra,graph,0.35659,0,,,,,,0,,,,186181,106658,1615
1132,84.60635995864868,2026-03-06T01:40:55.406526,0.0,0.0,0.0,0.0,0.0,0.0,0.0,14.66,14.33,-0.01,-0.238,STRAIGHT,1.5,1.5,"CMD,-0.2,1.50",4.0,0.0108,2.055,0.023,1,0.9382,0,NORMAL,66.484,0.12,1,1,1,1,1,92.7,0,0,dijkstra,predict,0.35664,0,,,,,,0,,,,187784,106992,0
1133,84.6469464302063,2026-03-06T01:40:55.447112,0.0,0.0,0.0,0.0,0.0,0.0,0.0,15.66,14.31,0.142,-0.01,STRAIGHT,1.5,1.5,"CMD,-0.0,1.50",4.0,0.0108,2.055,0.023,1,0.9382,0,NORMAL,65.118,0.245,1,1,1,1,1,87.7,0,0,dijkstra,predict,0.35527,0,,,,,,0,,,,187784,106582,0
1134,84.68809080123901,2026-03-06T01:40:55.488257,2.0,0.0,4.01,0.0,0.0,0.0,0.0,20.03,14.27,0.243,0.142,STRAIGHT,1.5,1.5,"CMD,0.1,1.50",4.0,0.0108,2.055,0.023,1,0.9382,0,NORMAL,65.696,0.288,1,1,1,1,1,82.7,0,0,dijkstra,predict,0.3496,0,,,,,,0,,,,187784,104880,0
1135,84.85580277442932,2026-03-06T01:40:55.655968,106.54,0.0,10.24,10.34,0.0,0.0,0.0,151.69,13.37,0.299,0.243,STRAIGHT,1.5,1.5,"CMD,0.2,1.50",4.0,0.0099,2.146,0.023,1,0.9538,0,NORMAL,65.996,0.27,1,1,1,1,1,107.3,60,4,dijkstra,graph,0.36855,0,,,,,,0,,,,190841,110369,1732
1136,84.89677023887634,2026-03-06T01:40:55.696936,2.0,0.0,3.01,0.0,0.0,0.0,0.0,30.9,14.2,0.335,0.299,STRAIGHT,1.5,1.5,"CMD,0.3,1.50",4.0,0.0099,2.146,0.023,1,0.9538,0,NORMAL,66.218,0.286,1,1,1,1,1,97.3,0,0,dijkstra,predict,0.368,0,,,,,,0,,,,193963,110400,0
1137,84.9379518032074,2026-03-06T01:40:55.738118,0.0,0.0,5.0,0.0,0.0,0.0,0.0,20.49,14.2,0.36,0.335,STRAIGHT,1.5,1.5,"CMD,0.3,1.50",4.0,0.0099,2.146,0.023,1,0.9538,0,NORMAL,66.126,0.316,1,1,1,1,1,92.3,0,0,dijkstra,predict,0.36728,0,,,,,,0,,,,193963,110184,0
1138,84.9703164100647,2026-03-06T01:40:55.770482,2.0,0.0,0.0,0.0,0.0,0.0,0.0,16.02,14.26,0.376,0.36,STRAIGHT,1.5,1.5,"CMD,0.4,1.50",4.0,0.0099,2.146,0.023,1,0.9538,0,NORMAL,66.058,0.284,1,1,1,1,1,87.3,0,0,dijkstra,predict,0.36087,0,,,,,,0,,,,193963,108260,0
1139,85.14140439033508,2026-03-06T01:40:55.941570,111.96,0.0,0.0,10.47,0.0,0.0,0.0,152.98,13.4,0.096,0.36,STRAIGHT,1.5,1.5,"CMD,0.4,1.50",4.0,-0.0112,2.374,-0.032,1,0.9391,0,NORMAL,65.745,0.348,1,1,1,1,1,120.4,74,3,dijkstra,graph,0.37692,0,,,,,,0,,,,196233,112763,1860
1140,85.1858880519867,2026-03-06T01:40:55.986054,2.0,0.0,0.0,0.0,0.0,0.0,0.0,20.26,14.31,-0.09,0.096,STRAIGHT,1.5,1.5,"CMD,0.1,1.50",4.0,-0.0112,2.374,-0.032,1,0.9391,0,NORMAL,65.493,0.386,1,1,1,1,1,110.4,0,0,dijkstra,predict,0.37552,0,,,,,,0,,,,199650,112657,0
1141,85.22570776939392,2026-03-06T01:40:56.025874,2.0,0.0,0.0,0.0,0.0,0.0,0.0,24.23,14.26,-0.215,-0.09,STRAIGHT,1.5,1.5,"CMD,-0.1,1.50",4.0,-0.0112,2.374,-0.032,1,0.9391,0,NORMAL,66.208,0.4,1,1,1,1,1,105.4,0,0,dijkstra,predict,0.37296,0,,,,,,0,,,,199650,111887,0
1142,85.26819920539856,2026-03-06T01:40:56.068365,0.0,0.0,4.14,0.0,0.0,0.0,2.0,22.07,14.26,-0.298,-0.215,STRAIGHT,1.5,1.5,"CMD,-0.2,1.50",4.0,-0.0112,2.374,-0.032,1,0.9391,0,NORMAL,66.807,0.382,1,1,1,1,1,100.4,0,0,dijkstra,predict,0.36818,0,,,,,,0,,,,199650,110454,0
1143,85.43719220161438,2026-03-06T01:40:56.237358,109.65,0.0,6.01,21.96,0.0,0.0,0.0,154.98,13.38,-0.068,-0.215,STRAIGHT,1.5,1.5,"CMD,-0.2,1.50",4.0,0.0095,2.192,0.023,1,0.9565,0,NORMAL,66.942,0.412,1,1,1,1,1,109.6,95,3,dijkstra,graph,0.37459,0,,,,,,0,,,,191482,112105,1927
1144,85.47382545471191,2026-03-06T01:40:56.273992,1.0,0.0,0.0,0.0,0.0,0.0,0.0,16.73,14.28,0.085,-0.068,STRAIGHT,1.5,1.5,"CMD,-0.1,1.50",4.0,0.0095,2.192,0.023,1,0.9565,0,NORMAL,66.9,0.395,1,1,1,1,1,99.6,0,0,dijkstra,predict,0.37472,0,,,,,,0,,,,195108,112415,0
1145,85.51869416236877,2026-03-06T01:40:56.318860,2.33,0.0,4.01,0.0,0.0,0.0,0.0,24.75,14.23,0.188,0.085,STRAIGHT,1.5,1.5,"CMD,0.1,1.50",4.0,0.0095,2.192,0.023,1,0.9565,0,NORMAL,66.726,0.447,1,1,1,1,1,94.6,0,0,dijkstra,predict,0.37326,0,,,,,,0,,,,195108,111978,0
1146,85.55425977706909,2026-03-06T01:40:56.354426,0.0,0.0,0.0,0.0,0.0,0.0,0.0,16.02,14.21,0.256,0.188,STRAIGHT,1.5,1.5,"CMD,0.2,1.50",4.0,0.0095,2.192,0.023,1,0.9565,0,NORMAL,66.868,0.493,1,1,1,1,1,89.6,0,0,dijkstra,predict,0.36696,0,,,,,,0,,,,195108,110087,0
1147,85.72663855552673,2026-03-06T01:40:56.526804,111.08,0.0,0.0,20.52,0.0,0.0,0.0,151.92,13.35,0.301,0.256,STRAIGHT,1.5,1.5,"CMD,0.3,1.50",4.0,0.0095,2.192,0.023,1,0.9753,0,NORMAL,66.719,0.525,1,1,1,1,1,109.6,89,3,dijkstra,graph,0.37791,0,,,,,,0,,,,190870,113157,1837
1148,85.76659822463989,2026-03-06T01:40:56.566764,2.87,0.0,0.0,0.0,0.0,0.0,0.0,18.39,14.22,0.331,0.301,STRAIGHT,1.5,1.5,"CMD,0.3,1.50",4.0,0.0095,2.192,0.023,1,0.9753,0,NORMAL,67.121,0.548,1,1,1,1,1,99.6,0,0,dijkstra,predict,0.37751,0,,,,,,0,,,,194225,113253,0
1149,85.80745434761047,2026-03-06T01:40:56.607620,0.0,0.0,4.96,0.0,0.0,0.0,0.0,20.48,14.24,0.352,0.331,STRAIGHT,1.5,1.5,"CMD,0.3,1.50",4.0,0.0095,2.192,0.023,1,0.9753,0,NORMAL,65.33,0.553,1,1,1,1,1,94.6,0,0,dijkstra,predict,0.37645,0,,,,,,0,,,,194225,112935,0
1150,85.8380868434906,2026-03-06T01:40:56.638253,0.0,0.0,0.0,0.0,0.0,0.0,0.0,20.59,14.27,0.365,0.352,STRAIGHT,1.5,1.5,"CMD,0.4,1.50",4.0,0.0095,2.192,0.023,1,0.9753,0,NORMAL,65.899,0.561,1,1,1,1,1,89.6,0,0,dijkstra,predict,0.37004,0,,,,,,0,,,,194225,111011,0
1151,86.01399803161621,2026-03-06T01:40:56.814164,112.65,0.0,8.01,14.09,2.0,0.0,0.0,155.45,13.36,0.369,0.365,STRAIGHT,1.5,1.5,"CMD,0.4,1.50",4.0,0.0091,2.237,0.023,1,0.9851,0,NORMAL,66.34,0.584,1,1,1,1,1,111.9,83,2,dijkstra,graph,0.37775,0,,,,,,0,,,,190522,113018,1683
1152,86.05020117759705,2026-03-06T01:40:56.850367,0.0,0.0,4.1,0.0,0.0,0.0,0.0,18.13,14.19,0.371,0.369,STRAIGHT,1.5,1.5,"CMD,0.4,1.50",4.0,0.0091,2.237,0.023,1,0.9851,0,NORMAL,66.694,0.598,1,1,1,1,1,101.9,0,0,dijkstra,predict,0.37707,0,,,,,,0,,,,193441,113121,0
1153,86.08931422233582,2026-03-06T01:40:56.889480,0.0,0.0,4.56,0.0,0.0,0.0,0.0,21.3,14.22,0.373,0.371,STRAIGHT,1.5,1.5,"CMD,0.4,1.50",4.0,0.0091,2.237,0.023,1,0.9851,0,NORMAL,66.831,0.639,1,1,1,1,1,96.9,0,0,dijkstra,predict,0.37596,0,,,,,,0,,,,193441,112788,0
1154,86.12463665008545,2026-03-06T01:40:56.924803,2.0,0.0,2.0,0.0,0.0,0.0,0.0,20.3,14.2,0.374,0.373,STRAIGHT,1.5,1.5,"CMD,0.4,1.50",4.0,0.0091,2.237,0.023,1,0.9851,0,NORMAL,67.591,0.563,1,1,1,1,1,91.9,0,0,dijkstra,predict,0.36958,0,,,,,,0,,,,193441,110873,0
1155,86.29574155807495,2026-03-06T01:40:57.095907,101.95,0.0,10.46,14.22,0.0,0.0,0.0,154.57,13.32,-0.157,0.373,STRAIGHT,1.5,1.5,"CMD,0.4,1.50",3.4,-0.0296,2.374,-0.083,1,0.9705,0,NORMAL,66.759,0.58,1,1,1,1,1,123.0,70,2,dijkstra,graph,0.37153,0,,,,,,0,,,,187328,111297,1542
1156,86.33432340621948,2026-03-06T01:40:57.134489,2.0,0.0,2.0,0.0,0.0,0.0,0.0,20.56,14.2,-0.511,-0.157,STRAIGHT,1.5,1.5,"CMD,-0.2,1.50",3.4,-0.0296,2.374,-0.083,1,0.9705,0,NORMAL,60.662,0.561,1,1,1,1,1,112.9,0,0,dijkstra,predict,0.37065,0,,,,,,0,,,,189018,111195,0
1157,86.36821937561035,2026-03-06T01:40:57.168385,0.0,0.0,4.01,0.0,0.0,0.0,0.0,25.89,14.19,-0.747,-0.511,STRAIGHT,1.5,1.5,"CMD,-0.5,1.50",3.4,-0.0296,2.374,-0.083,1,0.9705,0,NORMAL,61.443,0.576,1,1,1,1,1,107.9,0,0,dijkstra,predict,0.36696,0,,,,,,0,,,,189018,110088,0
1158,86.40653491020203,2026-03-06T01:40:57.206701,8.28,0.0,4.01,0.0,0.0,0.0,0.0,22.29,14.18,-0.905,-0.747,STRAIGHT,1.5,1.5,"CMD,-0.7,1.50",3.4,-0.0296,2.374,-0.083,1,0.9705,0,NORMAL,58.557,0.63,1,1,1,1,1,102.9,0,0,dijkstra,predict,0.36186,0,,,,,,0,,,,189018,108557,0
1159,86.57520413398743,2026-03-06T01:40:57.375370,113.21,0.0,6.01,12.47,1.74,0.0,0.0,152.65,13.34,-0.853,-0.853,STRAIGHT,1.5,1.5,"CMD,-0.9,1.50",3.824,-0.0182,2.374,-0.051,1,0.9706,0,NORMAL,59.89,0.536,1,1,1,1,2,122.3,64,2,dijkstra,graph,0.36618,0,,,,,,0,,,,186511,109571,1466
1160,86.60659551620483,2026-03-06T01:40:57.406762,0.0,0.0,0.0,0.0,0.0,0.0,0.0,15.37,14.25,-0.819,-0.853,STRAIGHT,1.5,1.5,"CMD,-0.9,1.50",3.824,-0.0182,2.374,-0.051,1,0.9706,0,NORMAL,59.972,0.551,1,1,1,1,1,112.2,0,0,dijkstra,predict,0.36531,0,,,,,,0,,,,188357,109592,0
1161,86.6456789970398,2026-03-06T01:40:57.445845,0.0,0.0,0.0,0.0,0.0,0.0,0.0,22.21,14.22,-0.797,-0.819,STRAIGHT,1.5,1.5,"CMD,-0.8,1.50",3.824,-0.0182,2.374,-0.051,1,0.9706,0,NORMAL,59.963,0.461,1,1,1,1,1,107.2,0,0,dijkstra,predict,0.36229,0,,,,,,0,,,,188357,108686,0
1162,86.68859553337097,2026-03-06T01:40:57.488761,1.0,0.0,4.01,0.0,0.0,0.0,0.0,24.83,14.2,-0.782,-0.797,STRAIGHT,1.5,1.5,"CMD,-0.8,1.50",3.824,-0.0182,2.374,-0.051,1,0.9706,0,NORMAL,60.007,0.469,1,1,1,1,1,102.2,0,0,dijkstra,predict,0.35773,0,,,,,,0,,,,188357,107318,0
1163,86.85775828361511,2026-03-06T01:40:57.657924,110.12,0.0,6.01,16.02,0.0,0.0,0.0,151.14,13.37,-0.39,-0.782,STRAIGHT,1.5,1.5,"CMD,-0.8,1.50",4.0,0.0095,2.192,0.023,1,0.9707,0,NORMAL,60.228,0.39,1,1,1,1,1,109.6,77,3,dijkstra,graph,0.38211,0,,,,,,0,,,,191037,114318,1698
1164,86.89628434181213,2026-03-06T01:40:57.696450,2.0,0.0,3.53,0.0,0.0,0.0,0.0,22.51,14.21,-0.13,-0.39,STRAIGHT,1.5,1.5,"CMD,-0.4,1.50",4.0,0.0095,2.192,0.023,1,0.9707,0,NORMAL,60.02,0.413,1,1,1,1,1,99.6,0,0,dijkstra,predict,0.38216,0,,,,,,0,,,,194526,114648,0
1165,86.93298244476318,2026-03-06T01:40:57.733148,0.0,0.0,4.01,0.0,0.0,0.0,0.0,26.53,14.24,0.044,-0.13,STRAIGHT,1.5,1.5,"CMD,-0.1,1.50",4.0,0.0095,2.192,0.023,1,0.9707,0,NORMAL,59.45,0.372,1,1,1,1,1,94.6,0,0,dijkstra,predict,0.38054,0,,,,,,0,,,,194526,114163,0
1166,86.96738505363464,2026-03-06T01:40:57.767551,2.41,0.0,1.01,0.0,0.0,0.0,0.0,18.38,14.29,0.16,0.044,STRAIGHT,1.5,1.5,"CMD,0.0,1.50",4.0,0.0095,2.192,0.023,1,0.9707,0,NORMAL,59.676,0.321,1,1,1,1,1,89.6,0,0,dijkstra,predict,0.37475,0,,,,,,0,,,,194526,112426,0
1167,87.13804745674133,2026-03-06T01:40:57.938213,114.19,0.0,8.01,12.39,0.0,0.0,0.0,153.35,13.38,-0.205,0.044,STRAIGHT,1.5,1.5,"CMD,0.0,1.50",3.641,-0.0227,2.374,-0.064,1,0.9878,0,NORMAL,59.675,0.297,1,1,1,1,1,121.2,66,3,dijkstra,graph,0.38564,0,,,,,,0,,,,191884,115503,1627
1168,87.17798900604248,2026-03-06T01:40:57.978155,0.0,0.0,5.47,0.0,0.0,0.0,0.0,22.16,14.24,-0.448,-0.205,STRAIGHT,1.5,1.5,"CMD,-0.2,1.50",3.641,-0.0227,2.374,-0.064,1,0.9878,0,NORMAL,58.526,0.31,1,1,1,1,1,111.2,0,0,dijkstra,predict,0.38474,0,,,,,,0,,,,193732,115422,0
1169,87.21817708015442,2026-03-06T01:40:58.018343,0.0,0.0,6.15,0.0,0.0,0.0,0.0,22.17,14.27,-0.61,-0.448,STRAIGHT,1.5,1.5,"CMD,-0.4,1.50",3.641,-0.0227,2.374,-0.064,1,0.9878,0,NORMAL,58.248,0.252,1,1,1,1,1,106.2,0,0,dijkstra,predict,0.38072,0,,,,,,0,,,,193732,114216,0
1170,87.25861930847168,2026-03-06T01:40:58.058785,0.0,0.0,0.0,0.0,0.0,0.0,0.0,20.3,14.27,-0.718,-0.61,STRAIGHT,1.5,1.5,"CMD,-0.6,1.50",3.641,-0.0227,2.374,-0.064,1,0.9878,0,NORMAL,58.958,0.283,1,1,1,1,1,101.2,0,0,dijkstra,predict,0.37531,0,,,,,,0,,,,193732,112594,0
1171,87.42905879020691,2026-03-06T01:40:58.229225,108.62,0.0,10.09,14.02,0.0,0.0,0.0,156.93,13.42,-0.367,-0.61,STRAIGHT,1.5,1.5,"CMD,-0.6,1.50",4.0,0.0081,2.374,0.023,1,0.966,0,NORMAL,59.702,0.088,1,1,1,1,1,118.7,78,3,dijkstra,graph,0.39488,0,,,,,,0,,,,196701,118184,1709
1172,87.46895384788513,2026-03-06T01:40:58.269120,0.0,0.0,3.52,0.0,0.0,0.0,2.51,19.87,14.27,-0.134,-0.367,STRAIGHT,1.5,1.5,"CMD,-0.4,1.50",4.0,0.0081,2.374,0.023,1,0.966,0,NORMAL,59.334,0.066,1,1,1,1,1,108.7,0,0,dijkstra,predict,0.39487,0,,,,,,0,,,,199146,118462,0
1173,87.50000286102295,2026-03-06T01:40:58.300169,2.0,0.0,0.0,0.0,0.0,0.0,0.0,17.53,14.31,0.022,-0.134,STRAIGHT,1.5,1.5,"CMD,-0.1,1.50",4.0,0.0081,2.374,0.023,1,0.966,0,NORMAL,59.626,0.065,1,1,1,1,1,103.7,0,0,dijkstra,predict,0.39343,0,,,,,,0,,,,199146,118028,0
1174,87.53806805610657,2026-03-06T01:40:58.338234,0.0,0.0,0.0,0.0,0.0,0.0,0.0,19.74,14.36,0.126,0.022,STRAIGHT,1.5,1.5,"CMD,0.0,1.50",4.0,0.0081,2.374,0.023,1,0.966,0,NORMAL,59.921,0.061,1,1,1,1,1,98.7,0,0,dijkstra,predict,0.38722,0,,,,,,0,,,,199146,116166,0
1175,87.71890664100647,2026-03-06T01:40:58.519073,114.56,0.0,6.01,18.17,0.0,0.0,0.0,158.98,13.4,0.196,0.126,STRAIGHT,1.5,1.5,"CMD,0.1,1.50",4.0,0.0081,2.374,0.023,1,0.9744,0,NORMAL,59.857,-0.016,1,1,1,1,1,118.7,103,7,dijkstra,graph,0.43217,0,,,,,,0,,,,200791,129371,2485
1176,87.75946068763733,2026-03-06T01:40:58.559627,0.0,0.0,4.47,0.0,0.0,0.0,0.0,20.0,14.27,0.242,0.196,STRAIGHT,1.5,1.5,"CMD,0.2,1.50",4.0,0.0081,2.374,0.023,1,0.9744,0,NORMAL,59.821,-0.014,1,1,1,1,1,108.7,0,0,dijkstra,predict,0.43115,0,,,,,,0,,,,209719,129345,0
1177,87.79116082191467,2026-03-06T01:40:58.591327,0.0,0.0,0.0,0.0,0.0,0.0,0.0,14.04,14.32,0.273,0.242,STRAIGHT,1.5,1.5,"CMD,0.2,1.50",4.0,0.0081,2.374,0.023,1,0.9744,0,NORMAL,60.962,-0.104,1,1,1,1,1,103.7,0,0,dijkstra,predict,0.43053,0,,,,,,0,,,,209719,129159,0
1178,87.82932996749878,2026-03-06T01:40:58.629496,0.0,0.0,0.0,0.0,0.0,0.0,0.0,16.16,14.34,0.293,0.273,STRAIGHT,1.5,1.5,"CMD,0.3,1.50",4.0,0.0081,2.374,0.023,1,0.9744,0,NORMAL,60.607,-0.114,1,1,1,1,1,98.7,0,0,dijkstra,predict,0.42403,0,,,,,,0,,,,209719,127210,0
1179,88.01439762115479,2026-03-06T01:40:58.814564,117.1,0.0,2.0,20.08,0.0,0.0,0.0,165.05,13.33,0.307,0.293,STRAIGHT,1.5,1.5,"CMD,0.3,1.50",4.0,0.0081,2.374,0.023,1,0.9817,0,NORMAL,60.337,-0.142,1,1,1,1,1,118.7,129,5,dijkstra,graph,0.42374,0,,,,,,0,,,,198780,126874,2370
1180,88.04825234413147,2026-03-06T01:40:58.848418,0.0,0.0,3.82,0.0,0.0,0.0,0.0,17.83,14.26,0.316,0.307,STRAIGHT,1.5,1.5,"CMD,0.3,1.50",4.0,0.0081,2.374,0.023,1,0.9817,0,NORMAL,61.202,-0.137,1,1,1,1,1,108.7,0,0,dijkstra,predict,0.42347,0,,,,,,0,,,,205562,127040,0
1181,88.08608293533325,2026-03-06T01:40:58.886249,0.0,0.0,5.82,0.0,0.0,0.0,0.0,21.1,14.24,0.322,0.316,STRAIGHT,1.5,1.5,"CMD,0.3,1.50",4.0,0.0081,2.374,0.023,1,0.9817,0,NORMAL,61.644,-0.164,1,1,1,1,1,103.7,0,0,dijkstra,predict,0.4223,0,,,,,,0,,,,205562,126690,0
1182,88.12797570228577,2026-03-06T01:40:58.928142,0.0,0.0,6.11,0.0,0.0,0.0,0.0,21.87,14.23,0.326,0.322,STRAIGHT,1.5,1.5,"CMD,0.3,1.50",4.0,0.0081,2.374,0.023,1,0.9817,0,NORMAL,62.339,-0.342,1,1,1,1,1,98.7,0,0,dijkstra,predict,0.41583,0,,,,,,0,,,,205562,124749,0
1183,88.29049563407898,2026-03-06T01:40:59.090661,112.13,0.0,8.01,10.01,0.0,0.0,0.0,150.47,13.39,0.329,0.326,STRAIGHT,1.5,1.5,"CMD,0.3,1.50",4.0,0.0081,2.374,0.023,1,0.9723,0,NORMAL,63.786,-0.303,1,1,1,1,1,118.7,73,2,dijkstra,graph,0.41145,0,,,,,,0,,,,198606,123226,1638
1184,88.3362295627594,2026-03-06T01:40:59.136396,2.01,0.0,3.51,0.0,0.0,0.0,0.0,21.54,14.21,0.331,0.329,STRAIGHT,1.5,1.5,"CMD,0.3,1.50",4.0,0.0081,2.374,0.023,1,0.9723,0,NORMAL,62.534,-0.42,1,1,1,1,1,108.7,0,0,dijkstra,predict,0.41112,0,,,,,,0,,,,203144,123337,0
1185,88.37455487251282,2026-03-06T01:40:59.174721,2.0,0.0,2.0,0.0,0.0,0.0,2.0,22.31,14.2,0.332,0.331,STRAIGHT,1.5,1.5,"CMD,0.3,1.50",4.0,0.0081,2.374,0.023,1,0.9723,0,NORMAL,63.151,-0.406,1,1,1,1,1,103.7,0,0,dijkstra,predict,0.41011,0,,,,,,0,,,,203144,123032,0
1186,88.4105954170227,2026-03-06T01:40:59.210761,0.0,0.0,5.47,0.0,0.0,0.0,0.0,22.02,14.2,0.333,0.332,STRAIGHT,1.5,1.5,"CMD,0.3,1.50",4.0,0.0081,2.374,0.023,1,0.9723,0,NORMAL,63.054,-0.392,1,1,1,1,1,98.7,0,0,dijkstra,predict,0.40358,0,,,,,,0,,,,203144,121073,0
1187,88.58385515213013,2026-03-06T01:40:59.384021,110.9,0.0,8.01,20.41,2.0,0.0,0.0,157.7,13.32,0.333,0.333,STRAIGHT,1.5,1.5,"CMD,0.3,1.50",4.0,0.0081,2.374,0.023,1,0.9636,0,NORMAL,63.291,-0.417,1,1,1,1,1,118.7,133,10,dijkstra,graph,0.46,0,,,,,,0,,,,201391,137673,2951
1188,88.62177205085754,2026-03-06T01:40:59.421938,0.0,0.0,5.49,0.0,0.0,0.0,0.0,20.4,14.17,0.333,0.333,STRAIGHT,1.5,1.5,"CMD,0.3,1.50",4.0,0.0081,2.374,0.023,1,0.9636,0,NORMAL,62.964,-0.398,1,1,1,1,1,108.7,0,0,dijkstra,predict,0.45921,0,,,,,,0,,,,219036,137763,0
1189,88.65942072868347,2026-03-06T01:40:59.459587,2.0,0.0,2.0,0.0,0.0,0.0,2.0,20.03,14.13,0.334,0.333,STRAIGHT,1.5,1.5,"CMD,0.3,1.50",4.0,0.0081,2.374,0.023,1,0.9636,0,NORMAL,63.592,-0.406,1,1,1,1,1,103.7,0,0,dijkstra,predict,0.45769,0,,,,,,0,,,,219036,137308,0
1190,88.69080805778503,2026-03-06T01:40:59.490974,0.0,0.0,0.0,0.0,0.0,0.0,0.0,17.82,14.18,0.334,0.334,STRAIGHT,1.5,1.5,"CMD,0.3,1.50",4.0,0.0081,2.374,0.023,1,0.9636,0,NORMAL,63.38,-0.394,1,1,1,1,1,98.7,0,0,dijkstra,predict,0.4509,0,,,,,,0,,,,219036,135270,0
1191,88.86299061775208,2026-03-06T01:40:59.663156,103.46,0.0,10.44,16.27,0.0,0.0,0.0,149.47,13.34,0.33,0.334,STRAIGHT,1.5,1.5,"CMD,0.3,1.50",4.0,0.0078,2.42,0.023,1,0.9639,0,NORMAL,63.018,-0.436,1,1,1,1,1,121.0,135,10,dijkstra,graph,0.46535,0,,,,,,0,,,,200935,139267,3270
1192,88.9088773727417,2026-03-06T01:40:59.709043,0.0,0.0,3.69,0.0,0.0,0.0,0.0,21.72,14.14,0.327,0.33,STRAIGHT,1.5,1.5,"CMD,0.3,1.50",4.0,0.0078,2.42,0.023,1,0.9639,0,NORMAL,62.907,-0.482,1,1,1,1,1,111.0,0,0,dijkstra,predict,0.46457,0,,,,,,0,,,,219293,139370,0
1193,88.94257974624634,2026-03-06T01:40:59.742746,0.0,0.0,0.0,0.0,0.0,0.0,0.0,14.02,14.17,0.325,0.327,STRAIGHT,1.5,1.5,"CMD,0.3,1.50",4.0,0.0078,2.42,0.023,1,0.9639,0,NORMAL,64.5,-0.601,1,1,1,1,1,106.0,0,0,dijkstra,predict,0.46299,0,,,,,,0,,,,219293,138896,0
1194,88.98343968391418,2026-03-06T01:40:59.783605,0.0,0.0,5.76,0.0,0.0,0.0,0.0,20.45,14.14,0.324,0.325,STRAIGHT,1.5,1.5,"CMD,0.3,1.50",4.0,0.0078,2.42,0.023,1,0.9639,0,NORMAL,63.875,-0.522,1,1,1,1,1,101.0,0,0,dijkstra,predict,0.45652,0,,,,,,0,,,,219293,136957,0
1195,89.16361021995544,2026-03-06T01:40:59.963776,108.15,0.0,9.56,24.03,2.0,0.0,0.0,168.16,13.2,0.332,0.325,STRAIGHT,1.5,1.5,"CMD,0.3,1.50",4.0,0.0084,2.329,0.023,1,0.9723,0,NORMAL,63.894,-0.555,1,1,1,1,1,116.4,166,10,dijkstra,graph,0.46853,0,,,,,,0,,,,201825,140263,3239
1196,89.19639086723328,2026-03-06T01:40:59.996557,0.0,0.0,0.0,0.0,0.0,0.0,0.0,15.25,14.09,0.337,0.332,STRAIGHT,1.5,1.5,"CMD,0.3,1.50",4.0,0.0084,2.329,0.023,1,0.9723,0,NORMAL,64.598,-0.582,1,1,1,1,1,106.4,0,0,dijkstra,predict,0.4677,0,,,,,,0,,,,216300,140311,0
1197,89.23455905914307,2026-03-06T01:41:00.034725,0.0,0.0,0.0,0.0,0.0,0.0,0.0,15.02,14.1,0.34,0.337,STRAIGHT,1.5,1.5,"CMD,0.3,1.50",4.0,0.0084,2.329,0.023,1,0.9723,0,NORMAL,61.739,-0.48,1,1,1,1,1,101.4,0,0,dijkstra,predict,0.46626,0,,,,,,0,,,,216300,139879,0
1198,89.2832088470459,2026-03-06T01:41:00.083375,0.0,0.0,3.51,0.0,0.0,0.0,2.0,20.54,14.04,0.343,0.34,STRAIGHT,1.5,1.5,"CMD,0.3,1.50",4.0,0.0084,2.329,0.023,1,0.9723,0,NORMAL,61.157,-0.394,1,1,1,1,1,96.4,0,0,dijkstra,predict,0.46015,0,,,,,,0,,,,216300,138045,0
1199,89.45707654953003,2026-03-06T01:41:00.257242,112.58,0.0,9.01,22.24,0.0,0.0,0.0,159.85,13.19,0.354,0.343,STRAIGHT,1.5,1.5,"CMD,0.3,1.50",4.0,0.0091,2.237,0.023,1,0.9373,0,NORMAL,60.492,-0.36,1,1,1,1,1,111.9,145,6,dijkstra,graph,0.47287,0,,,,,,0,,,,209668,141287,3298
1200,89.49949955940247,2026-03-06T01:41:00.299665,0.0,0.0,6.19,0.0,0.0,0.0,0.0,22.06,14.01,0.361,0.354,STRAIGHT,1.5,1.5,"CMD,0.4,1.50",4.0,0.0091,2.237,0.023,1,0.9373,0,NORMAL,59.87,-0.352,1,1,1,1,1,101.9,0,0,dijkstra,predict,0.47101,0,,,,,,0,,,,233614,141304,0
1201,89.53768038749695,2026-03-06T01:41:00.337846,2.0,0.0,4.13,0.0,0.0,0.0,0.0,20.15,14.02,0.366,0.361,STRAIGHT,1.5,1.5,"CMD,0.4,1.50",4.0,0.0091,2.237,0.023,1,0.9373,0,NORMAL,59.822,-0.357,1,1,1,1,1,96.9,0,0,dijkstra,predict,0.47025,0,,,,,,0,,,,233614,141075,0
1202,89.57197093963623,2026-03-06T01:41:00.372137,0.0,0.0,0.0,0.0,0.0,0.0,0.0,23.94,14.0,0.37,0.366,STRAIGHT,1.5,1.5,"CMD,0.4,1.50",4.0,0.0091,2.237,0.023,1,0.9373,0,NORMAL,58.109,-0.311,1,1,1,1,1,91.9,0,0,dijkstra,predict,0.46274,0,,,,,,0,,,,233614,138821,0
1203,89.75423455238342,2026-03-06T01:41:00.554400,108.63,0.0,4.01,29.19,2.0,0.0,0.0,161.85,13.09,0.383,0.37,STRAIGHT,1.5,1.5,"CMD,0.4,1.50",4.0,0.0099,2.146,0.023,1,0.9672,0,NORMAL,57.912,-0.307,1,1,1,1,1,107.3,142,8,dijkstra,graph,0.45853,0,,,,,,0,,,,210017,137204,3115
1204,89.79640197753906,2026-03-06T01:41:00.596568,0.0,0.0,5.76,0.0,0.0,0.0,0.0,25.73,13.96,0.392,0.383,STRAIGHT,1.5,1.5,"CMD,0.4,1.50",4.0,0.0099,2.146,0.023,1,0.9672,0,NORMAL,57.263,-0.244,1,1,1,1,1,97.3,0,0,dijkstra,predict,0.45765,0,,,,,,0,,,,225017,137294,0
1205,89.83296513557434,2026-03-06T01:41:00.633131,2.0,0.0,1.5,0.0,0.0,0.0,2.0,20.54,13.99,0.397,0.392,STRAIGHT,1.5,1.5,"CMD,0.4,1.50",4.0,0.0099,2.146,0.023,1,0.9672,0,NORMAL,56.519,-0.256,1,1,1,1,1,92.3,0,0,dijkstra,predict,0.45675,0,,,,,,0,,,,225017,137025,0
1206,89.86352062225342,2026-03-06T01:41:00.663687,0.0,0.0,0.0,0.0,0.0,0.0,0.0,14.54,13.99,0.401,0.397,STRAIGHT,1.5,1.5,"CMD,0.4,1.50",4.0,0.0099,2.146,0.023,1,0.9672,0,NORMAL,54.025,-0.239,1,1,1,1,1,87.3,0,0,dijkstra,predict,0.44924,0,,,,,,0,,,,225017,134773,0
1207,90.04226469993591,2026-03-06T01:41:00.842431,111.33,0.0,5.75,14.13,0.0,0.0,0.0,160.82,13.1,0.404,0.401,STRAIGHT,1.5,1.5,"CMD,0.4,1.50",4.0,0.0099,2.146,0.023,1,0.958,0,NORMAL,53.824,-0.242,1,1,1,1,1,107.3,143,6,dijkstra,graph,0.46552,0,,,,,,0,,,,213720,139075,3176
1208,90.08079934120178,2026-03-06T01:41:00.880965,0.0,0.0,3.8,0.0,0.0,0.0,0.0,21.6,14.03,0.406,0.404,STRAIGHT,1.5,1.5,"CMD,0.4,1.50",4.0,0.0099,2.146,0.023,1,0.958,0,NORMAL,52.587,-0.239,1,1,1,1,1,97.3,0,0,dijkstra,predict,0.46375,0,,,,,,0,,,,237509,139125,0
1209,90.11661314964294,2026-03-06T01:41:00.916779,2.0,0.0,4.01,0.0,0.0,0.0,0.0,19.79,14.02,0.407,0.406,STRAIGHT,1.5,1.5,"CMD,0.4,1.50",4.0,0.0099,2.146,0.023,1,0.958,0,NORMAL,52.828,-0.214,1,1,1,1,1,92.3,0,0,dijkstra,predict,0.46296,0,,,,,,0,,,,237509,138887,0
1210,90.15550565719604,2026-03-06T01:41:00.955672,0.0,0.0,3.67,0.0,0.0,0.0,2.0,22.87,14.01,0.407,0.407,STRAIGHT,1.5,1.5,"CMD,0.4,1.50",4.0,0.0099,2.146,0.023,1,0.958,0,NORMAL,52.659,-0.253,1,1,1,1,1,87.3,0,0,dijkstra,predict,0.45548,0,,,,,,0,,,,237509,136643,0
1211,90.33543515205383,2026-03-06T01:41:01.135601,108.54,0.0,7.75,24.18,0.0,0.0,0.0,167.91,13.14,0.414,0.407,STRAIGHT,1.5,1.5,"CMD,0.4,1.50",4.0,0.0104,2.1,0.023,1,0.9568,0,NORMAL,52.28,-0.239,1,1,1,1,1,105.0,148,10,dijkstra,graph,0.47072,0,,,,,,0,,,,216761,140621,3623
1212,90.37585639953613,2026-03-06T01:41:01.176022,2.0,0.0,3.01,0.0,0.0,0.0,0.0,20.4,13.91,0.418,0.414,STRAIGHT,1.5,1.5,"CMD,0.4,1.50",4.0,0.0104,2.1,0.023,1,0.9568,0,NORMAL,52.452,-0.277,1,1,1,1,1,95.0,0,0,dijkstra,predict,0.46886,0,,,,,,0,,,,240588,140657,0
1213,90.40789794921875,2026-03-06T01:41:01.208064,0.0,0.0,0.0,0.0,0.0,0.0,0.0,14.02,14.0,0.421,0.418,STRAIGHT,1.5,1.5,"CMD,0.4,1.50",4.0,0.0104,2.1,0.023,1,0.9568,0,NORMAL,52.334,-0.256,1,1,1,1,1,90.0,0,0,dijkstra,predict,0.4682,0,,,,,,0,,,,240588,140459,0
1214,90.44669675827026,2026-03-06T01:41:01.246863,1.74,0.0,0.0,0.0,0.0,0.0,0.0,20.4,14.0,0.423,0.421,STRAIGHT,1.5,1.5,"CMD,0.4,1.50",4.0,0.0104,2.1,0.023,1,0.9568,0,NORMAL,52.525,-0.249,1,1,1,1,1,85.0,0,0,dijkstra,predict,0.46052,0,,,,,,0,,,,240588,138155,0
1215,90.61793804168701,2026-03-06T01:41:01.418104,106.61,0.0,6.01,20.02,0.0,0.0,0.0,150.88,13.14,0.424,0.423,STRAIGHT,1.5,1.5,"CMD,0.4,1.50",4.0,0.0104,2.1,0.023,1,0.9113,0,NORMAL,51.127,-0.213,1,1,1,1,1,105.0,131,11,dijkstra,graph,0.4856,0,,,,,,0,,,,223955,144985,3545
1216,90.65863084793091,2026-03-06T01:41:01.458797,1.5,0.0,0.0,0.0,0.0,0.0,0.0,16.46,13.98,0.425,0.424,STRAIGHT,1.5,1.5,"CMD,0.4,1.50",4.0,0.0104,2.1,0.023,1,0.9113,0,NORMAL,51.223,-0.222,1,1,1,1,1,95.0,0,0,dijkstra,predict,0.48332,0,,,,,,0,,,,253812,144996,0
1217,90.70321917533875,2026-03-06T01:41:01.503385,2.0,0.0,2.0,0.0,0.0,0.0,0.0,24.42,13.93,0.426,0.425,STRAIGHT,1.5,1.5,"CMD,0.4,1.50",4.0,0.0104,2.1,0.023,1,0.9113,0,NORMAL,50.901,-0.213,1,1,1,1,1,90.0,0,0,dijkstra,predict,0.48271,0,,,,,,0,,,,253812,144812,0
1218,90.73975658416748,2026-03-06T01:41:01.539922,1.74,0.0,0.0,0.0,0.0,0.0,0.0,20.44,13.94,0.426,0.426,STRAIGHT,1.5,1.5,"CMD,0.4,1.50",4.0,0.0104,2.1,0.023,1,0.9113,0,NORMAL,50.921,-0.216,1,1,1,1,1,85.0,0,0,dijkstra,predict,0.47499,0,,,,,,0,,,,253812,142496,0
1219,90.91948103904724,2026-03-06T01:41:01.719647,114.06,0.0,8.01,17.64,2.0,0.0,0.0,159.24,13.01,0.427,0.426,STRAIGHT,1.5,1.5,"CMD,0.4,1.50",4.0,0.0104,2.1,0.023,1,0.8406,0,NORMAL,50.632,-0.206,1,1,1,1,1,105.0,116,9,dijkstra,graph,0.48919,0,,,,,,0,,,,239451,146140,3578
1220,90.95848035812378,2026-03-06T01:41:01.758646,2.0,0.0,2.0,0.0,0.0,0.0,0.0,22.98,13.84,0.427,0.427,STRAIGHT,1.5,1.5,"CMD,0.4,1.50",4.0,0.0104,2.1,0.023,1,0.8406,0,NORMAL,50.82,-0.242,1,1,1,1,1,95.0,0,0,dijkstra,predict,0.48688,0,,,,,,0,,,,256796,146065,0
1221,90.99266123771667,2026-03-06T01:41:01.792827,0.0,0.0,2.72,0.0,0.0,0.0,0.0,18.17,13.92,0.427,0.427,STRAIGHT,1.5,1.5,"CMD,0.4,1.50",4.0,0.0104,2.1,0.023,1,0.8406,0,NORMAL,50.882,-0.257,1,1,1,1,1,90.0,0,0,dijkstra,predict,0.48607,0,,,,,,0,,,,256796,145822,0
1222,91.02311658859253,2026-03-06T01:41:01.823282,0.0,0.0,0.0,0.0,0.0,0.0,0.0,12.02,13.94,0.427,0.427,STRAIGHT,1.5,1.5,"CMD,0.4,1.50",4.0,0.0104,2.1,0.023,1,0.8406,0,NORMAL,50.939,-0.232,1,1,1,1,1,85.0,0,0,dijkstra,predict,0.47635,0,,,,,,0,,,,256796,142904,0
1223,91.21403813362122,2026-03-06T01:41:02.014204,112.41,0.0,10.03,19.56,0.0,0.0,0.0,166.89,13.0,-0.074,0.427,STRAIGHT,1.5,1.5,"CMD,0.4,1.50",3.151,-0.0261,2.192,-0.063,1,0.8217,0,NORMAL,50.396,-0.226,1,1,1,1,1,112.0,116,9,dijkstra,graph,0.45068,0,,,,,,0,,,,203244,134818,3466
1224,91.24795341491699,2026-03-06T01:41:02.048119,2.0,0.0,0.0,0.0,0.0,0.0,0.0,23.86,13.91,-0.409,-0.074,STRAIGHT,1.5,1.5,"CMD,-0.1,1.50",3.151,-0.0261,2.192,-0.063,1,0.8217,0,NORMAL,50.278,-0.225,1,1,1,1,1,102.0,0,0,dijkstra,predict,0.4493,0,,,,,,0,,,,220339,134791,0
1225,91.28441619873047,2026-03-06T01:41:02.084582,0.0,0.0,0.0,0.0,0.0,0.0,0.0,20.41,13.89,-0.631,-0.409,STRAIGHT,1.5,1.5,"CMD,-0.4,1.50",3.151,-0.0261,2.192,-0.063,1,0.8217,0,NORMAL,50.419,-0.249,1,1,1,1,1,97.0,0,0,dijkstra,predict,0.44762,0,,,,,,0,,,,220339,134286,0
1226,91.32532691955566,2026-03-06T01:41:02.125493,0.0,0.0,6.17,0.0,0.0,0.0,0.0,20.15,13.87,-0.78,-0.631,STRAIGHT,1.5,1.5,"CMD,-0.6,1.50",3.151,-0.0261,2.192,-0.063,1,0.8217,0,NORMAL,50.084,-0.232,1,1,1,1,1,92.0,0,0,dijkstra,predict,0.44351,0,,,,,,0,,,,220339,133053,0
1227,91.49796390533447,2026-03-06T01:41:02.298130,109.48,0.0,0.0,20.16,0.0,0.0,0.0,162.23,13.09,-1.194,-0.78,STRAIGHT,1.5,1.5,"CMD,-0.8,1.50",2.837,-0.049,2.329,-0.133,1,0.9238,0,NORMAL,50.085,-0.226,1,1,1,1,1,121.6,117,9,dijkstra,graph,0.43702,0,,,,,,0,,,,199636,130728,2723
1228,91.53908896446228,2026-03-06T01:41:02.339255,0.0,0.0,5.21,0.0,0.0,0.0,0.0,20.68,13.93,-1.469,-1.194,STRAIGHT,1.5,1.5,"CMD,-1.2,1.50",2.837,-0.049,2.329,-0.133,1,0.9238,0,NORMAL,50.268,-0.242,1,1,1,1,1,111.5,0,0,dijkstra,predict,0.43505,0,,,,,,0,,,,223707,130514,0
1229,91.57508063316345,2026-03-06T01:41:02.375247,6.4,0.0,0.0,0.0,0.0,0.0,0.0,18.45,13.97,-1.653,-1.469,STRAIGHT,1.5,1.5,"CMD,-1.5,1.50",2.837,-0.049,2.329,-0.133,1,0.9238,0,NORMAL,50.168,-0.23,1,1,1,1,1,106.5,0,0,dijkstra,predict,0.42957,0,,,,,,0,,,,223707,128870,0
1230,91.60908937454224,2026-03-06T01:41:02.409255,10.19,0.0,0.0,0.0,0.0,0.0,0.0,15.21,14.0,-1.776,-1.653,STRAIGHT,1.5,1.5,"CMD,-1.7,1.50",2.837,-0.049,2.329,-0.133,1,0.9238,0,NORMAL,50.338,-0.251,1,1,1,1,1,101.5,0,0,dijkstra,predict,0.4232,0,,,,,,0,,,,223707,126959,0
1231,91.7878246307373,2026-03-06T01:41:02.587991,109.41,0.0,6.01,22.39,0.0,0.0,2.0,158.17,13.09,-1.035,-1.653,STRAIGHT,1.5,1.5,"CMD,-1.7,1.50",4.0,0.0108,2.055,0.023,1,0.94,0,NORMAL,50.651,-0.282,1,1,1,1,1,102.7,132,6,dijkstra,graph,0.42876,0,,,,,,0,,,,195268,128378,2449
1232,91.82448697090149,2026-03-06T01:41:02.624653,0.0,0.0,5.6,0.0,0.0,0.0,0.0,22.65,14.01,-0.541,-1.035,STRAIGHT,1.5,1.5,"CMD,-1.0,1.50",4.0,0.0108,2.055,0.023,1,0.94,0,NORMAL,50.964,-0.303,1,1,1,1,1,92.7,0,0,dijkstra,predict,0.42889,0,,,,,,0,,,,234452,128668,0
1233,91.85679364204407,2026-03-06T01:41:02.656959,0.0,0.0,0.0,0.0,0.0,0.0,0.0,16.96,14.07,-0.212,-0.541,STRAIGHT,1.5,1.5,"CMD,-0.5,1.50",4.0,0.0108,2.055,0.023,1,0.94,0,NORMAL,50.219,-0.226,1,1,1,1,1,87.7,0,0,dijkstra,predict,0.42742,0,,,,,,0,,,,234452,128227,0
1234,91.89575862884521,2026-03-06T01:41:02.695925,2.0,0.0,0.0,0.0,0.0,0.0,0.0,16.43,14.06,0.007,-0.212,STRAIGHT,1.5,1.5,"CMD,-0.2,1.50",4.0,0.0108,2.055,0.023,1,0.94,0,NORMAL,50.714,-0.298,1,1,1,1,1,82.7,0,0,dijkstra,predict,0.42117,0,,,,,,0,,,,234452,126350,0
1235,92.076993227005,2026-03-06T01:41:02.877159,111.71,0.0,8.01,16.94,0.0,0.0,0.0,160.87,13.1,-0.326,-0.212,STRAIGHT,1.5,1.5,"CMD,-0.2,1.50",3.288,-0.0241,2.237,-0.06,1,0.9274,0,NORMAL,51.103,-0.363,1,1,1,1,1,115.3,125,8,dijkstra,graph,0.42271,0,,,,,,0,,,,191857,126343,2513
1236,92.11591815948486,2026-03-06T01:41:02.916084,2.0,0.0,2.0,0.0,0.0,0.0,2.0,28.85,13.98,-0.548,-0.326,STRAIGHT,1.5,1.5,"CMD,-0.3,1.50",3.288,-0.0241,2.237,-0.06,1,0.9274,0,NORMAL,51.47,-0.374,1,1,1,1,1,105.2,0,0,dijkstra,predict,0.41868,0,,,,,,0,,,,236040,125605,0
1237,92.14795184135437,2026-03-06T01:41:02.948118,0.0,0.0,0.0,0.0,0.0,0.0,0.0,20.25,14.03,-0.696,-0.548,STRAIGHT,1.5,1.5,"CMD,-0.5,1.50",3.288,-0.0241,2.237,-0.06,1,0.9274,0,NORMAL,52.195,-0.458,1,1,1,1,1,100.2,0,0,dijkstra,predict,0.41311,0,,,,,,0,,,,236040,123934,0
1238,92.18896651268005,2026-03-06T01:41:02.989132,1.74,0.0,0.0,0.0,0.0,0.0,0.0,20.55,13.99,-0.795,-0.696,STRAIGHT,1.5,1.5,"CMD,-0.7,1.50",3.288,-0.0241,2.237,-0.06,1,0.9274,0,NORMAL,52.905,-0.437,1,1,1,1,1,95.2,0,0,dijkstra,predict,0.40635,0,,,,,,0,,,,236040,121906,0
1239,92.3708770275116,2026-03-06T01:41:03.171043,103.46,0.0,10.41,30.4,0.0,0.0,0.0,161.48,13.09,-0.381,-0.696,STRAIGHT,1.5,1.5,"CMD,-0.7,1.50",4.0,0.0108,2.055,0.023,1,0.9377,0,NORMAL,53.539,-0.447,1,1,1,1,1,102.7,197,12,dijkstra,graph,0.44806,0,,,,,,0,,,,190999,133885,3613
1240,92.41777324676514,2026-03-06T01:41:03.217939,0.0,0.0,4.01,0.0,0.0,0.0,0.0,26.33,13.93,-0.106,-0.381,STRAIGHT,1.5,1.5,"CMD,-0.4,1.50",4.0,0.0108,2.055,0.023,1,0.9377,0,NORMAL,54.12,-0.446,1,1,1,1,1,92.7,0,0,dijkstra,predict,0.44689,0,,,,,,0,,,,242767,134068,0
1241,92.45214605331421,2026-03-06T01:41:03.252312,0.0,0.0,0.0,0.0,0.0,0.0,0.0,16.35,13.97,0.078,-0.106,STRAIGHT,1.5,1.5,"CMD,-0.1,1.50",4.0,0.0108,2.055,0.023,1,0.9377,0,NORMAL,54.463,-0.377,1,1,1,1,1,87.7,0,0,dijkstra,predict,0.44513,0,,,,,,0,,,,242767,133538,0
1242,92.49935460090637,2026-03-06T01:41:03.299521,2.11,0.0,4.01,0.0,0.0,0.0,0.0,26.67,13.87,0.201,0.078,STRAIGHT,1.5,1.5,"CMD,0.1,1.50",4.0,0.0108,2.055,0.023,1,0.9377,0,NORMAL,55.004,-0.331,1,1,1,1,1,82.7,0,0,dijkstra,predict,0.43803,0,,,,,,0,,,,242767,131410,0
1243,92.67360925674438,2026-03-06T01:41:03.473775,109.63,0.0,2.0,24.21,0.0,0.0,0.0,154.23,13.02,0.276,0.201,STRAIGHT,1.5,1.5,"CMD,0.2,1.50",4.0,0.0104,2.1,0.023,1,0.9406,0,NORMAL,56.084,-0.353,1,1,1,1,1,105.0,118,7,dijkstra,graph,0.37789,0,,,,,,0,,,,185281,113002,2383
1244,92.7056531906128,2026-03-06T01:41:03.505819,2.0,0.0,0.0,0.0,0.0,0.0,0.0,16.02,13.89,0.327,0.276,STRAIGHT,1.5,1.5,"CMD,0.3,1.50",4.0,0.0104,2.1,0.023,1,0.9406,0,NORMAL,57.415,-0.399,1,1,1,1,1,95.0,0,0,dijkstra,predict,0.3768,0,,,,,,0,,,,211782,113040,0
1245,92.74632430076599,2026-03-06T01:41:03.546490,0.0,0.0,3.76,0.0,0.0,0.0,0.0,20.47,13.89,0.36,0.327,STRAIGHT,1.5,1.5,"CMD,0.3,1.50",4.0,0.0104,2.1,0.023,1,0.9406,0,NORMAL,57.736,-0.357,1,1,1,1,1,90.0,0,0,dijkstra,predict,0.37622,0,,,,,,0,,,,211782,112865,0
1246,92.77886366844177,2026-03-06T01:41:03.579029,0.0,0.0,0.0,0.0,0.0,0.0,0.0,22.47,13.97,0.382,0.36,STRAIGHT,1.5,1.5,"CMD,0.4,1.50",4.0,0.0104,2.1,0.023,1,0.9406,0,NORMAL,58.242,-0.254,1,1,1,1,1,85.0,0,0,dijkstra,predict,0.36972,0,,,,,,0,,,,211782,110917,0
1247,92.94885993003845,2026-03-06T01:41:03.749026,103.97,0.0,10.3,19.74,0.0,0.0,0.0,148.27,13.13,0.404,0.382,STRAIGHT,1.5,1.5,"CMD,0.4,1.50",4.0,0.0108,2.055,0.023,1,0.9416,0,NORMAL,60.983,-0.406,1,1,1,1,1,102.7,115,5,dijkstra,graph,0.36031,0,,,,,,0,,,,183902,107597,2174
1248,92.98906779289246,2026-03-06T01:41:03.789234,0.0,0.0,0.0,0.0,0.0,0.0,0.0,20.04,14.01,0.418,0.404,STRAIGHT,1.5,1.5,"CMD,0.4,1.50",4.0,0.0108,2.055,0.023,1,0.9416,0,NORMAL,62.91,-0.518,1,1,1,1,1,92.7,0,0,dijkstra,predict,0.35859,0,,,,,,0,,,,210319,107576,0
1249,93.03033089637756,2026-03-06T01:41:03.830497,1.74,0.0,0.0,0.0,0.0,0.0,0.0,20.78,14.0,0.427,0.418,STRAIGHT,1.5,1.5,"CMD,0.4,1.50",4.0,0.0108,2.055,0.023,1,0.9416,0,NORMAL,63.323,-0.565,1,1,1,1,1,87.7,0,0,dijkstra,predict,0.35788,0,,,,,,0,,,,210319,107365,0
1250,93.06453037261963,2026-03-06T01:41:03.864696,0.0,0.0,0.0,0.0,0.0,0.0,0.0,24.15,14.0,0.433,0.427,STRAIGHT,1.5,1.5,"CMD,0.4,1.50",4.0,0.0108,2.055,0.023,1,0.9416,0,NORMAL,63.594,-0.573,1,1,1,1,1,82.7,0,0,dijkstra,predict,0.35138,0,,,,,,0,,,,210319,105413,0
1251,93.24363398551941,2026-03-06T01:41:04.043800,112.73,0.0,10.05,20.37,0.0,0.0,0.0,162.61,13.06,0.444,0.433,STRAIGHT,1.5,1.5,"CMD,0.4,1.50",4.0,0.0113,2.009,0.023,1,0.9518,0,NORMAL,64.476,-0.592,1,1,1,1,1,100.5,123,8,dijkstra,graph,0.35926,0,,,,,,0,,,,182538,107468,2316
1252,93.28463411331177,2026-03-06T01:41:04.084800,0.0,0.0,4.25,0.0,0.0,0.0,0.0,20.62,14.01,0.452,0.444,STRAIGHT,1.5,1.5,"CMD,0.4,1.50",4.0,0.0113,2.009,0.023,1,0.9518,0,NORMAL,65.308,-0.6,1,1,1,1,1,90.5,0,0,dijkstra,predict,0.3581,0,,,,,,0,,,,222828,107430,0
1253,93.31830477714539,2026-03-06T01:41:04.118471,2.85,0.0,0.0,0.0,0.0,0.0,0.0,23.59,14.01,0.457,0.452,STRAIGHT,1.5,1.5,"CMD,0.5,1.50",4.0,0.0113,2.009,0.023,1,0.9518,0,NORMAL,65.288,-0.589,1,1,1,1,1,85.5,0,0,dijkstra,predict,0.35745,0,,,,,,0,,,,222828,107236,0
1254,93.35027003288269,2026-03-06T01:41:04.150436,0.0,0.0,0.0,0.0,0.0,0.0,0.0,14.33,14.04,0.46,0.457,STRAIGHT,1.5,1.5,"CMD,0.5,1.50",4.0,0.0113,2.009,0.023,1,0.9518,0,NORMAL,65.155,-0.539,1,1,1,1,1,80.5,0,0,dijkstra,predict,0.35104,0,,,,,,0,,,,222828,105313,0
1255,93.5264458656311,2026-03-06T01:41:04.326612,114.4,0.0,6.01,16.02,0.0,0.0,0.0,154.51,13.18,0.47,0.46,STRAIGHT,1.5,1.5,"CMD,0.5,1.50",4.0,0.0118,1.963,0.023,1,0.9714,0,NORMAL,65.387,-0.538,1,1,1,1,1,98.2,110,5,dijkstra,graph,0.36357,0,,,,,,0,,,,184392,108636,1955
1256,93.56730794906616,2026-03-06T01:41:04.367474,2.0,0.0,3.01,0.0,0.0,0.0,0.0,20.43,14.01,0.476,0.47,STRAIGHT,1.5,1.5,"CMD,0.5,1.50",4.0,0.0118,1.963,0.023,1,0.9714,0,NORMAL,65.591,-0.528,1,1,1,1,1,88.2,0,0,dijkstra,predict,0.36211,0,,,,,,0,,,,213097,108632,0
1257,93.60351395606995,2026-03-06T01:41:04.403680,3.2,0.0,0.0,0.0,0.0,0.0,0.0,26.19,14.05,0.48,0.476,STRAIGHT,1.5,1.5,"CMD,0.5,1.50",4.0,0.0118,1.963,0.023,1,0.9714,0,NORMAL,65.962,-0.51,1,1,1,1,1,83.2,0,0,dijkstra,predict,0.36134,0,,,,,,0,,,,213097,108401,0
1258,93.64235925674438,2026-03-06T01:41:04.442525,1.0,0.0,4.0,0.0,0.0,0.0,0.0,20.2,14.03,0.483,0.48,STRAIGHT,1.5,1.5,"CMD,0.5,1.50",4.0,0.0118,1.963,0.023,1,0.9714,0,NORMAL,66.351,-0.513,1,1,1,1,1,78.2,0,0,dijkstra,predict,0.35486,0,,,,,,0,,,,213097,106459,0
1259,93.82183504104614,2026-03-06T01:41:04.622001,107.32,0.0,0.0,28.03,0.0,0.0,0.0,165.46,13.11,0.485,0.483,STRAIGHT,1.5,1.5,"CMD,0.5,1.50",4.0,0.0118,1.963,0.023,1,0.9772,0,NORMAL,66.302,-0.475,1,1,1,1,1,98.2,161,7,dijkstra,graph,0.36955,0,,,,,,0,,,,185623,110658,2778
1260,93.85987496376038,2026-03-06T01:41:04.660041,0.0,0.0,0.0,0.0,0.0,0.0,0.0,22.54,14.0,0.486,0.485,STRAIGHT,1.5,1.5,"CMD,0.5,1.50",4.0,0.0118,1.963,0.023,1,0.9772,0,NORMAL,66.279,-0.474,1,1,1,1,1,88.2,0,0,dijkstra,predict,0.36877,0,,,,,,0,,,,219083,110630,0
1261,93.89693760871887,2026-03-06T01:41:04.697104,0.0,0.0,3.62,0.0,0.0,0.0,0.0,19.82,13.99,0.487,0.486,STRAIGHT,1.5,1.5,"CMD,0.5,1.50",4.0,0.0118,1.963,0.023,1,0.9772,0,NORMAL,66.211,-0.469,1,1,1,1,1,83.2,0,0,dijkstra,predict,0.36799,0,,,,,,0,,,,219083,110397,0
1262,93.93111157417297,2026-03-06T01:41:04.731277,2.98,0.0,0.0,0.0,0.0,0.0,0.0,20.6,13.98,0.488,0.487,STRAIGHT,1.5,1.5,"CMD,0.5,1.50",4.0,0.0118,1.963,0.023,1,0.9772,0,NORMAL,65.828,-0.457,1,1,1,1,1,78.2,0,0,dijkstra,predict,0.36144,0,,,,,,0,,,,219083,108431,0
1263,94.11465311050415,2026-03-06T01:41:04.914819,114.79,0.0,8.01,18.4,0.0,0.0,0.0,173.41,13.07,0.481,0.487,STRAIGHT,1.5,1.5,"CMD,0.5,1.50",4.0,0.0113,2.009,0.023,1,0.9736,0,NORMAL,65.981,-0.413,1,1,1,1,1,100.5,140,7,dijkstra,graph,0.37021,0,,,,,,0,,,,187553,110833,2414
1264,94.14850425720215,2026-03-06T01:41:04.948670,0.0,0.0,0.0,0.0,0.0,0.0,0.0,22.12,14.0,0.476,0.481,STRAIGHT,1.5,1.5,"CMD,0.5,1.50",4.0,0.0113,2.009,0.023,1,0.9736,0,NORMAL,65.986,-0.412,1,1,1,1,1,90.5,0,0,dijkstra,predict,0.36936,0,,,,,,0,,,,209586,110808,0
1265,94.19280767440796,2026-03-06T01:41:04.992974,0.0,0.0,3.52,0.0,0.0,0.0,3.76,27.74,13.96,0.473,0.476,STRAIGHT,1.5,1.5,"CMD,0.5,1.50",4.0,0.0113,2.009,0.023,1,0.9736,0,NORMAL,65.996,-0.414,1,1,1,1,1,85.5,0,0,dijkstra,predict,0.36868,0,,,,,,0,,,,209586,110604,0
1266,94.22776055335999,2026-03-06T01:41:05.027927,0.0,0.0,4.4,0.0,0.0,0.0,0.0,19.93,13.94,0.471,0.473,STRAIGHT,1.5,1.5,"CMD,0.5,1.50",4.0,0.0113,2.009,0.023,1,0.9736,0,NORMAL,66.015,-0.4,1,1,1,1,1,80.5,0,0,dijkstra,predict,0.36202,0,,,,,,0,,,,209586,108606,0
1267,94.40873742103577,2026-03-06T01:41:05.208903,105.8,0.0,10.08,30.57,0.0,0.0,0.0,160.95,13.06,0.469,0.471,STRAIGHT,1.5,1.5,"CMD,0.5,1.50",4.0,0.0113,2.009,0.023,1,0.9703,0,NORMAL,65.667,-0.378,1,1,1,1,1,100.5,175,7,dijkstra,graph,0.38614,0,,,,,,0,,,,191985,115486,2834
1268,94.45115518569946,2026-03-06T01:41:05.251321,2.0,0.0,2.0,0.0,0.0,0.0,0.0,19.89,13.95,0.468,0.469,STRAIGHT,1.5,1.5,"CMD,0.5,1.50",4.0,0.0113,2.009,0.023,1,0.9703,0,NORMAL,64.565,-0.34,1,1,1,1,1,90.5,0,0,dijkstra,predict,0.38482,0,,,,,,0,,,,306860,115446,0
1269,94.48365306854248,2026-03-06T01:41:05.283819,0.0,0.0,0.0,0.0,0.0,0.0,0.0,14.47,14.04,0.468,0.468,STRAIGHT,1.5,1.5,"CMD,0.5,1.50",4.0,0.0113,2.009,0.023,1,0.9703,0,NORMAL,63.413,-0.234,1,1,1,1,1,85.5,0,0,dijkstra,predict,0.38415,0,,,,,,0,,,,306860,115246,0
1270,94.5193817615509,2026-03-06T01:41:05.319548,0.0,0.0,0.0,0.0,0.0,0.0,0.0,14.02,14.03,0.467,0.468,STRAIGHT,1.5,1.5,"CMD,0.5,1.50",4.0,0.0113,2.009,0.023,1,0.9703,0,NORMAL,64.063,-0.207,1,1,1,1,1,80.5,0,0,dijkstra,predict,0.37738,0,,,,,,0,,,,306860,113213,0
1271,94.70299482345581,2026-03-06T01:41:05.503161,105.94,0.0,10.22,30.63,0.0,0.0,0.0,160.81,13.16,0.46,0.467,STRAIGHT,1.5,1.5,"CMD,0.5,1.50",4.0,0.0108,2.055,0.023,1,0.9549,0,NORMAL,64.111,-0.207,1,1,1,1,1,102.7,194,8,dijkstra,graph,0.4026,0,,,,,,0,,,,196531,120637,2936
1272,94.74372720718384,2026-03-06T01:41:05.543893,0.0,0.0,3.51,0.0,0.0,0.0,0.0,20.21,14.01,0.456,0.46,STRAIGHT,1.5,1.5,"CMD,0.5,1.50",4.0,0.0108,2.055,0.023,1,0.9549,0,NORMAL,63.578,-0.162,1,1,1,1,1,92.7,0,0,dijkstra,predict,0.40212,0,,,,,,0,,,,246414,120635,0
1273,94.77799129486084,2026-03-06T01:41:05.578157,0.0,0.0,0.0,0.0,0.0,0.0,0.0,24.22,13.99,0.452,0.456,STRAIGHT,1.5,1.5,"CMD,0.5,1.50",4.0,0.0108,2.055,0.023,1,0.9549,0,NORMAL,64.611,-0.161,1,1,1,1,1,87.7,0,0,dijkstra,predict,0.40121,0,,,,,,0,,,,246414,120362,0
1274,94.82060265541077,2026-03-06T01:41:05.620768,2.0,0.0,2.0,0.0,0.0,0.0,0.0,22.65,13.98,0.45,0.452,STRAIGHT,1.5,1.5,"CMD,0.5,1.50",4.0,0.0108,2.055,0.023,1,0.9549,0,NORMAL,66.772,-0.314,1,1,1,1,1,82.7,0,0,dijkstra,predict,0.39446,0,,,,,,0,,,,246414,118338,0
1275,94.99671220779419,2026-03-06T01:41:05.796878,100.79,0.0,11.76,27.14,0.0,0.0,0.0,155.71,13.08,0.449,0.45,STRAIGHT,1.5,1.5,"CMD,0.5,1.50",4.0,0.0108,2.055,0.023,1,0.9666,0,NORMAL,64.425,-0.233,1,1,1,1,1,102.7,194,8,dijkstra,graph,0.42748,0,,,,,,0,,,,201071,127996,3252
1276,95.03876757621765,2026-03-06T01:41:05.838934,2.21,0.0,0.0,0.0,0.0,0.0,0.0,22.01,13.88,0.448,0.449,STRAIGHT,1.5,1.5,"CMD,0.4,1.50",4.0,0.0108,2.055,0.023,1,0.9666,0,NORMAL,63.5,-0.16,1,1,1,1,1,92.7,0,0,dijkstra,predict,0.42649,0,,,,,,0,,,,351983,127946,0
1277,95.08409333229065,2026-03-06T01:41:05.884259,0.0,0.0,5.02,0.0,0.0,0.0,0.0,18.78,13.86,0.447,0.448,STRAIGHT,1.5,1.5,"CMD,0.4,1.50",4.0,0.0108,2.055,0.023,1,0.9666,0,NORMAL,62.908,-0.135,1,1,1,1,1,87.7,0,0,dijkstra,predict,0.42581,0,,,,,,0,,,,351983,127744,0
1278,95.11762571334839,2026-03-06T01:41:05.917791,1.51,0.0,0.0,0.0,0.0,0.0,0.0,15.28,13.89,0.447,0.447,STRAIGHT,1.5,1.5,"CMD,0.4,1.50",4.0,0.0108,2.055,0.023,1,0.9666,0,NORMAL,62.927,-0.162,1,1,1,1,1,82.7,0,0,dijkstra,predict,0.41881,0,,,,,,0,,,,351983,125643,0
1279,95.30681777000427,2026-03-06T01:41:06.106984,114.09,0.0,2.0,34.29,2.0,0.0,0.0,168.98,12.93,0.44,0.447,STRAIGHT,1.5,1.5,"CMD,0.4,1.50",4.0,0.0104,2.1,0.023,1,0.9457,0,NORMAL,63.108,-0.161,1,1,1,1,1,105.0,193,7,dijkstra,graph,0.44374,0,,,,,,0,,,,201627,133003,3169
1280,95.33885908126831,2026-03-06T01:41:06.139025,0.0,0.0,0.0,0.0,0.0,0.0,0.0,16.02,13.84,0.436,0.44,STRAIGHT,1.5,1.5,"CMD,0.4,1.50",4.0,0.0104,2.1,0.023,1,0.9457,0,NORMAL,63.024,-0.221,1,1,1,1,1,95.0,0,0,dijkstra,predict,0.44324,0,,,,,,0,,,,235507,132972,0
1281,95.38354563713074,2026-03-06T01:41:06.183712,2.0,0.0,3.51,0.0,0.0,0.0,0.0,23.7,13.82,0.433,0.436,STRAIGHT,1.5,1.5,"CMD,0.4,1.50",4.0,0.0104,2.1,0.023,1,0.9457,0,NORMAL,62.392,-0.218,1,1,1,1,1,90.0,0,0,dijkstra,predict,0.44254,0,,,,,,0,,,,235507,132761,0
1282,95.42038106918335,2026-03-06T01:41:06.220547,2.0,0.0,2.51,0.0,0.0,0.0,0.0,18.02,13.8,0.431,0.433,STRAIGHT,1.5,1.5,"CMD,0.4,1.50",4.0,0.0104,2.1,0.023,1,0.9457,0,NORMAL,62.215,-0.244,1,1,1,1,1,85.0,0,0,dijkstra,predict,0.4354,0,,,,,,0,,,,235507,130619,0
1283,95.60221004486084,2026-03-06T01:41:06.402376,107.26,0.0,10.09,24.75,0.0,0.0,0.0,161.66,12.88,0.43,0.431,STRAIGHT,1.5,1.5,"CMD,0.4,1.50",4.0,0.0104,2.1,0.023,1,0.9713,0,NORMAL,62.359,-0.263,1,1,1,1,1,105.0,169,8,dijkstra,graph,0.44897,0,,,,,,0,,,,204691,134503,3147
1284,95.64138865470886,2026-03-06T01:41:06.441554,0.0,0.0,6.96,0.0,0.0,0.0,0.0,21.2,13.71,0.429,0.43,STRAIGHT,1.5,1.5,"CMD,0.4,1.50",4.0,0.0104,2.1,0.023,1,0.9713,0,NORMAL,62.25,-0.282,1,1,1,1,1,95.0,0,0,dijkstra,predict,0.44823,0,,,,,,0,,,,266810,134470,0
1285,95.68132209777832,2026-03-06T01:41:06.481488,0.0,0.0,4.81,0.0,0.0,0.0,0.0,18.83,13.73,0.428,0.429,STRAIGHT,1.5,1.5,"CMD,0.4,1.50",4.0,0.0104,2.1,0.023,1,0.9713,0,NORMAL,62.215,-0.304,1,1,1,1,1,90.0,0,0,dijkstra,predict,0.44803,0,,,,,,0,,,,266810,134410,0
1286,95.71889758110046,2026-03-06T01:41:06.519064,2.0,0.0,2.0,0.0,0.0,0.0,0.0,20.05,13.71,0.428,0.428,STRAIGHT,1.5,1.5,"CMD,0.4,1.50",4.0,0.0104,2.1,0.023,1,0.9713,0,NORMAL,62.033,-0.31,1,1,1,1,1,85.0,0,0,dijkstra,predict,0.44079,0,,,,,,0,,,,266810,132238,0
1287,95.89712762832642,2026-03-06T01:41:06.697294,101.5,0.0,13.55,26.04,0.0,0.0,0.0,164.21,12.86,0.422,0.428,STRAIGHT,1.5,1.5,"CMD,0.4,1.50",4.0,0.0099,2.146,0.023,1,0.964,0,NORMAL,61.781,-0.309,1,1,1,1,1,107.3,179,10,dijkstra,graph,0.47663,0,,,,,,0,,,,210212,142916,3293
1288,95.9372091293335,2026-03-06T01:41:06.737375,2.0,0.0,2.0,0.0,0.0,0.0,0.0,22.06,13.71,0.417,0.422,STRAIGHT,1.5,1.5,"CMD,0.4,1.50",4.0,0.0099,2.146,0.023,1,0.964,0,NORMAL,61.074,-0.294,1,1,1,1,1,97.3,0,0,dijkstra,predict,0.47605,0,,,,,,0,,,,255847,142814,0
1289,95.97528266906738,2026-03-06T01:41:06.775449,2.0,0.0,4.51,0.0,0.0,0.0,0.0,20.05,13.71,0.415,0.417,STRAIGHT,1.5,1.5,"CMD,0.4,1.50",4.0,0.0099,2.146,0.023,1,0.964,0,NORMAL,60.745,-0.283,1,1,1,1,1,92.3,0,0,dijkstra,predict,0.47553,0,,,,,,0,,,,255847,142658,0
1290,96.01836800575256,2026-03-06T01:41:06.818534,0.0,0.0,4.85,0.0,0.0,0.0,0.0,24.53,13.67,0.413,0.415,STRAIGHT,1.5,1.5,"CMD,0.4,1.50",4.0,0.0099,2.146,0.023,1,0.964,0,NORMAL,60.325,-0.249,1,1,1,1,1,87.3,0,0,dijkstra,predict,0.46787,0,,,,,,0,,,,255847,140360,0
1291,96.20429754257202,2026-03-06T01:41:07.004463,109.36,0.0,8.01,30.51,0.0,0.0,2.0,167.91,12.76,0.406,0.413,STRAIGHT,1.5,1.5,"CMD,0.4,1.50",4.0,0.0095,2.192,0.023,1,0.9543,0,NORMAL,59.743,-0.212,1,1,1,1,1,109.6,192,13,dijkstra,graph,0.51936,0,,,,,,0,,,,216841,155604,4255
1292,96.24286937713623,2026-03-06T01:41:07.043035,0.0,0.0,4.53,0.0,0.0,0.0,0.0,20.55,13.63,0.401,0.406,STRAIGHT,1.5,1.5,"CMD,0.4,1.50",4.0,0.0095,2.192,0.023,1,0.9543,0,NORMAL,60.055,-0.23,1,1,1,1,1,99.6,0,0,dijkstra,predict,0.51834,0,,,,,,0,,,,343520,155502,0
1293,96.27804207801819,2026-03-06T01:41:07.078208,0.0,0.0,0.0,0.0,0.0,0.0,0.0,16.38,13.62,0.398,0.401,STRAIGHT,1.5,1.5,"CMD,0.4,1.50",4.0,0.0095,2.192,0.023,1,0.9543,0,NORMAL,60.274,-0.256,1,1,1,1,1,94.6,0,0,dijkstra,predict,0.51682,0,,,,,,0,,,,343520,155047,0
1294,96.31796407699585,2026-03-06T01:41:07.118130,2.0,0.0,0.0,0.0,0.0,0.0,0.0,16.36,13.65,0.396,0.398,STRAIGHT,1.5,1.5,"CMD,0.4,1.50",4.0,0.0095,2.192,0.023,1,0.9543,0,NORMAL,60.948,-0.312,1,1,1,1,1,89.6,0,0,dijkstra,predict,0.50986,0,,,,,,0,,,,343520,152957,0
1295,96.50912618637085,2026-03-06T01:41:07.309292,110.31,0.0,8.01,34.32,0.0,0.0,0.0,168.66,12.71,0.395,0.396,STRAIGHT,1.5,1.5,"CMD,0.4,1.50",4.0,0.0095,2.192,0.023,1,0.9719,0,NORMAL,61.226,-0.372,1,1,1,1,1,109.6,227,13,dijkstra,graph,0.5188,0,,,,,,0,,,,216288,155358,4359
1296,96.55445623397827,2026-03-06T01:41:07.354622,0.0,0.0,5.24,0.0,0.0,0.0,0.0,21.0,13.52,0.394,0.395,STRAIGHT,1.5,1.5,"CMD,0.4,1.50",4.0,0.0095,2.192,0.023,1,0.9719,0,NORMAL,61.198,-0.364,1,1,1,1,1,99.6,0,0,dijkstra,predict,0.51756,0,,,,,,0,,,,275731,155268,0
1297,96.59378743171692,2026-03-06T01:41:07.393953,2.0,0.0,2.0,0.0,0.0,0.0,0.0,22.31,13.52,0.393,0.394,STRAIGHT,1.5,1.5,"CMD,0.4,1.50",4.0,0.0095,2.192,0.023,1,0.9719,0,NORMAL,61.431,-0.385,1,1,1,1,1,94.6,0,0,dijkstra,predict,0.51609,0,,,,,,0,,,,275731,154827,0
1298,96.63384222984314,2026-03-06T01:41:07.434008,2.0,0.0,4.01,0.0,0.0,0.0,0.0,20.03,13.49,0.393,0.393,STRAIGHT,1.5,1.5,"CMD,0.4,1.50",4.0,0.0095,2.192,0.023,1,0.9719,0,NORMAL,61.453,-0.428,1,1,1,1,1,89.6,0,0,dijkstra,predict,0.50901,0,,,,,,0,,,,275731,152704,0
1299,96.8181471824646,2026-03-06T01:41:07.618313,120.31,0.0,8.01,25.59,2.0,0.0,0.0,166.28,12.62,0.393,0.393,STRAIGHT,1.5,1.5,"CMD,0.4,1.50",4.0,0.0095,2.192,0.023,1,0.9726,0,NORMAL,62.334,-0.498,1,1,1,1,1,109.6,176,10,dijkstra,graph,0.50845,0,,,,,,0,,,,214824,152189,3438
1300,96.85819983482361,2026-03-06T01:41:07.658366,0.0,0.0,4.01,0.0,0.0,0.0,0.0,22.03,13.46,0.392,0.393,STRAIGHT,1.5,1.5,"CMD,0.4,1.50",4.0,0.0095,2.192,0.023,1,0.9726,0,NORMAL,61.346,-0.39,1,1,1,1,1,99.6,0,0,dijkstra,predict,0.5073,0,,,,,,0,,,,234261,152189,0
1301,96.89604187011719,2026-03-06T01:41:07.696208,0.0,0.0,3.8,0.0,0.0,0.0,2.0,19.82,13.47,0.392,0.392,STRAIGHT,1.5,1.5,"CMD,0.4,1.50",4.0,0.0095,2.192,0.023,1,0.9726,0,NORMAL,62.076,-0.659,1,1,1,1,1,94.6,0,0,dijkstra,predict,0.50569,0,,,,,,0,,,,234261,151707,0
1302,96.93209218978882,2026-03-06T01:41:07.732258,2.0,0.0,2.0,0.0,0.0,0.0,0.0,22.03,13.46,0.392,0.392,STRAIGHT,1.5,1.5,"CMD,0.4,1.50",4.0,0.0095,2.192,0.023,1,0.9726,0,NORMAL,63.432,-0.973,1,1,1,1,1,89.6,0,0,dijkstra,predict,0.49888,0,,,,,,0,,,,234261,149665,0
1303,97.12089133262634,2026-03-06T01:41:07.921057,117.49,0.0,8.63,28.06,2.0,0.0,0.0,173.81,12.61,0.392,0.392,STRAIGHT,1.5,1.5,"CMD,0.4,1.50",4.0,0.0095,2.192,0.023,1,0.9481,0,NORMAL,63.421,-0.996,1,1,1,1,1,109.6,191,10,dijkstra,graph,0.48448,0,,,,,,0,,,,212217,145122,3322
1304,97.15802931785583,2026-03-06T01:41:07.958195,2.0,0.0,2.0,0.0,0.0,0.0,0.0,26.71,13.42,0.392,0.392,STRAIGHT,1.5,1.5,"CMD,0.4,1.50",4.0,0.0095,2.192,0.023,1,0.9481,0,NORMAL,63.69,-1.07,1,1,1,1,1,99.6,0,0,dijkstra,predict,0.48361,0,,,,,,0,,,,229188,145083,0
1305,97.19194006919861,2026-03-06T01:41:07.992106,4.84,0.0,0.0,0.0,0.0,0.0,0.0,16.39,13.47,0.392,0.392,STRAIGHT,1.5,1.5,"CMD,0.4,1.50",4.0,0.0095,2.192,0.023,1,0.9481,0,NORMAL,63.435,-1.066,1,1,1,1,1,94.6,0,0,dijkstra,predict,0.48204,0,,,,,,0,,,,229188,144611,0
1306,97.23168301582336,2026-03-06T01:41:08.031849,0.0,0.0,5.47,0.0,0.0,0.0,0.0,20.05,13.49,0.392,0.392,STRAIGHT,1.5,1.5,"CMD,0.4,1.50",4.0,0.0095,2.192,0.023,1,0.9481,0,NORMAL,63.955,-1.073,1,1,1,1,1,89.6,0,0,dijkstra,predict,0.47536,0,,,,,,0,,,,229188,142609,0
1307,97.41171789169312,2026-03-06T01:41:08.211884,112.39,0.0,6.01,25.59,0.0,0.0,0.0,162.01,12.64,0.392,0.392,STRAIGHT,1.5,1.5,"CMD,0.4,1.50",4.0,0.0095,2.192,0.023,1,0.9612,0,NORMAL,65.291,-1.304,1,1,1,1,1,109.6,175,8,dijkstra,graph,0.48,0,,,,,,0,,,,208589,143817,2688
1308,97.45120859146118,2026-03-06T01:41:08.251374,0.0,0.0,5.67,0.0,0.0,0.0,0.0,21.96,13.52,0.392,0.392,STRAIGHT,1.5,1.5,"CMD,0.4,1.50",4.0,0.0095,2.192,0.023,1,0.9612,0,NORMAL,66.489,-1.643,1,1,1,1,1,99.6,0,0,dijkstra,predict,0.47933,0,,,,,,0,,,,218878,143800,0
1309,97.49064326286316,2026-03-06T01:41:08.290809,2.0,0.0,4.01,0.0,0.0,0.0,0.0,19.92,13.48,0.392,0.392,STRAIGHT,1.5,1.5,"CMD,0.4,1.50",4.0,0.0095,2.192,0.023,1,0.9612,0,NORMAL,61.726,-1.829,1,1,1,1,1,94.6,0,0,dijkstra,predict,0.47764,0,,,,,,0,,,,218878,143291,0
1310,97.52291941642761,2026-03-06T01:41:08.323085,2.0,0.0,0.0,0.0,0.0,0.0,0.0,17.03,13.56,0.392,0.392,STRAIGHT,1.5,1.5,"CMD,0.4,1.50",4.0,0.0095,2.192,0.023,1,0.9612,0,NORMAL,55.637,-1.904,1,1,1,1,1,89.6,0,0,dijkstra,predict,0.47082,0,,,,,,0,,,,218878,141245,0
1311,97.70179891586304,2026-03-06T01:41:08.501965,109.87,0.0,8.01,23.75,0.0,0.0,0.0,160.75,12.71,0.392,0.392,STRAIGHT,1.5,1.5,"CMD,0.4,1.50",4.0,0.0095,2.192,0.023,1,0.9286,0,NORMAL,52.81,-1.865,1,1,1,1,1,109.6,183,10,dijkstra,graph,0.46647,0,,,,,,0,,,,203668,139842,3093
1312,97.74245405197144,2026-03-06T01:41:08.542620,2.0,0.0,0.0,0.0,0.0,0.0,0.0,20.37,13.55,0.392,0.392,STRAIGHT,1.5,1.5,"CMD,0.4,1.50",4.0,0.0095,2.192,0.023,1,0.9286,0,NORMAL,44.037,-1.713,1,1,1,1,1,99.6,0,0,dijkstra,predict,0.46599,0,,,,,,0,,,,216039,139797,0
1313,97.78327226638794,2026-03-06T01:41:08.583438,3.24,0.0,3.05,0.0,0.0,0.0,0.0,20.61,13.54,0.392,0.392,STRAIGHT,1.5,1.5,"CMD,0.4,1.50",4.0,0.0095,2.192,0.023,1,0.9286,0,NORMAL,42.943,-1.75,1,1,1,1,1,94.6,0,0,dijkstra,predict,0.46437,0,,,,,,0,,,,216039,139312,0
1314,97.81531834602356,2026-03-06T01:41:08.615484,0.0,0.0,0.0,0.0,0.0,0.0,0.0,16.02,13.58,0.392,0.392,STRAIGHT,1.5,1.5,"CMD,0.4,1.50",4.0,0.0095,2.192,0.023,1,0.9286,0,NORMAL,44.201,-1.764,1,1,1,1,1,89.6,0,0,dijkstra,predict,0.45763,0,,,,,,0,,,,216039,137288,0
1315,98.00284385681152,2026-03-06T01:41:08.803010,110.24,0.0,8.01,26.25,0.0,0.0,2.0,168.92,12.7,0.392,0.392,STRAIGHT,1.5,1.5,"CMD,0.4,1.50",4.0,0.0095,2.192,0.023,1,0.913,0,NORMAL,50.223,-1.718,1,1,1,1,1,109.6,172,8,dijkstra,graph,0.44209,0,,,,,,0,,,,201860,132385,2936
1316,98.03904891014099,2026-03-06T01:41:08.839215,2.0,0.0,2.0,0.0,0.0,0.0,2.0,19.77,13.54,0.392,0.392,STRAIGHT,1.5,1.5,"CMD,0.4,1.50",4.0,0.0095,2.192,0.023,1,0.913,0,NORMAL,51.445,-1.592,1,1,1,1,1,99.6,0,0,dijkstra,predict,0.44117,0,,,,,,0,,,,208222,132351,0
1317,98.07429313659668,2026-03-06T01:41:08.874459,0.0,0.0,5.2,0.0,0.0,0.0,0.0,21.23,13.57,0.392,0.392,STRAIGHT,1.5,1.5,"CMD,0.4,1.50",4.0,0.0095,2.192,0.023,1,0.913,0,NORMAL,52.638,-1.687,1,1,1,1,1,94.6,0,0,dijkstra,predict,0.43979,0,,,,,,0,,,,208222,131937,0
1318,98.11116981506348,2026-03-06T01:41:08.911336,0.0,0.0,5.83,0.0,0.0,0.0,0.0,21.86,13.58,0.392,0.392,STRAIGHT,1.5,1.5,"CMD,0.4,1.50",4.0,0.0095,2.192,0.023,1,0.913,0,NORMAL,50.583,-1.604,1,1,1,1,1,89.6,0,0,dijkstra,predict,0.433,0,,,,,,0,,,,208222,129899,0
1319,98.28535795211792,2026-03-06T01:41:09.085524,109.61,0.0,8.01,26.52,0.0,0.0,0.0,157.9,12.79,0.377,0.392,STRAIGHT,1.5,1.5,"CMD,0.4,1.50",4.0,0.0084,2.329,0.023,1,0.9016,0,NORMAL,50.811,-1.549,1,1,1,1,1,116.4,183,8,dijkstra,graph,0.47529,0,,,,,,0,,,,203399,142516,3052
1320,98.32978177070618,2026-03-06T01:41:09.129948,2.71,0.0,4.01,0.0,0.0,0.0,0.0,24.26,13.64,0.367,0.377,STRAIGHT,1.5,1.5,"CMD,0.4,1.50",4.0,0.0084,2.329,0.023,1,0.9016,0,NORMAL,52.694,-1.58,1,1,1,1,1,106.4,0,0,dijkstra,predict,0.47479,0,,,,,,0,,,,210009,142438,0
1321,98.36802983283997,2026-03-06T01:41:09.168196,0.0,0.0,5.98,0.0,0.0,0.0,0.0,20.23,13.65,0.36,0.367,STRAIGHT,1.5,1.5,"CMD,0.4,1.50",4.0,0.0084,2.329,0.023,1,0.9016,0,NORMAL,55.604,-1.622,1,1,1,1,1,101.4,0,0,dijkstra,predict,0.4728,0,,,,,,0,,,,210009,141841,0
1322,98.40648984909058,2026-03-06T01:41:09.206656,0.0,0.0,5.74,0.0,0.0,0.0,0.0,20.34,13.62,0.356,0.36,STRAIGHT,1.5,1.5,"CMD,0.4,1.50",4.0,0.0084,2.329,0.023,1,0.9016,0,NORMAL,53.947,-1.557,1,1,1,1,1,96.4,0,0,dijkstra,predict,0.46623,0,,,,,,0,,,,210009,139870,0
1323,98.58734583854675,2026-03-06T01:41:09.387512,112.54,0.0,6.01,22.06,0.0,0.0,0.0,162.64,12.78,0.368,0.36,STRAIGHT,1.5,1.5,"CMD,0.4,1.50",4.0,0.0095,2.192,0.023,1,0.9178,0,NORMAL,53.896,-1.477,1,1,1,1,1,109.6,150,5,dijkstra,graph,0.45178,0,,,,,,0,,,,200183,135356,2451
1324,98.62464547157288,2026-03-06T01:41:09.424811,0.0,0.0,4.85,0.0,0.0,0.0,0.0,19.28,13.72,0.376,0.368,STRAIGHT,1.5,1.5,"CMD,0.4,1.50",4.0,0.0095,2.192,0.023,1,0.9178,0,NORMAL,52.988,-1.365,1,1,1,1,1,99.6,0,0,dijkstra,predict,0.45139,0,,,,,,0,,,,204555,135418,0
1325,98.65863513946533,2026-03-06T01:41:09.458801,2.0,0.0,2.0,0.0,0.0,0.0,0.0,20.47,13.78,0.381,0.376,STRAIGHT,1.5,1.5,"CMD,0.4,1.50",4.0,0.0095,2.192,0.023,1,0.9178,0,NORMAL,53.418,-1.288,1,1,1,1,1,94.6,0,0,dijkstra,predict,0.45013,0,,,,,,0,,,,204555,135038,0
1326,98.69220876693726,2026-03-06T01:41:09.492375,2.0,0.0,0.0,0.0,0.0,0.0,0.0,16.02,13.82,0.385,0.381,STRAIGHT,1.5,1.5,"CMD,0.4,1.50",4.0,0.0095,2.192,0.023,1,0.9178,0,NORMAL,52.801,-1.191,1,1,1,1,1,89.6,0,0,dijkstra,predict,0.44366,0,,,,,,0,,,,204555,133098,0
1327,98.87268090248108,2026-03-06T01:41:09.672847,109.69,0.0,6.01,24.55,0.0,0.0,0.0,162.33,12.96,0.393,0.385,STRAIGHT,1.5,1.5,"CMD,0.4,1.50",4.0,0.0099,2.146,0.023,1,0.8966,0,NORMAL,52.766,-1.145,1,1,1,1,1,107.3,151,11,dijkstra,graph,0.52262,0,,,,,,0,,,,218725,156507,3816
1328,98.9127402305603,2026-03-06T01:41:09.712906,2.0,0.0,2.0,0.0,0.0,0.0,2.0,22.04,13.85,0.398,0.393,STRAIGHT,1.5,1.5,"CMD,0.4,1.50",4.0,0.0099,2.146,0.023,1,0.8966,0,NORMAL,52.241,-1.069,1,1,1,1,1,97.3,0,0,dijkstra,predict,0.52109,0,,,,,,0,,,,222218,156327,0
1329,98.94277954101562,2026-03-06T01:41:09.742945,0.0,0.0,0.0,0.0,0.0,0.0,0.0,14.02,13.91,0.402,0.398,STRAIGHT,1.5,1.5,"CMD,0.4,1.50",4.0,0.0099,2.146,0.023,1,0.8966,0,NORMAL,51.619,-0.977,1,1,1,1,1,92.3,0,0,dijkstra,predict,0.51986,0,,,,,,0,,,,222218,155959,0
1330,98.98173928260803,2026-03-06T01:41:09.781905,0.0,0.0,0.0,0.0,0.0,0.0,0.0,17.27,13.9,0.404,0.402,STRAIGHT,1.5,1.5,"CMD,0.4,1.50",4.0,0.0099,2.146,0.023,1,0.8966,0,NORMAL,51.756,-0.946,1,1,1,1,1,87.3,0,0,dijkstra,predict,0.51202,0,,,,,,0,,,,222218,153605,0
1331,99.17738246917725,2026-03-06T01:41:09.977548,116.94,0.0,9.56,23.97,0.0,0.0,0.0,170.82,12.92,0.406,0.404,STRAIGHT,1.5,1.5,"CMD,0.4,1.50",4.0,0.0099,2.146,0.023,1,0.835,0,NORMAL,51.253,-0.925,1,1,1,1,1,107.3,126,10,dijkstra,graph,0.51671,0,,,,,,0,,,,209870,154980,3039
1332,99.21871781349182,2026-03-06T01:41:10.018884,0.0,0.0,10.11,0.0,0.0,0.0,0.0,21.76,13.82,0.407,0.406,STRAIGHT,1.5,1.5,"CMD,0.4,1.50",4.0,0.0099,2.146,0.023,1,0.835,0,NORMAL,49.26,-0.809,1,1,1,1,1,97.3,0,0,dijkstra,predict,0.51645,0,,,,,,0,,,,209941,154934,0
1333,99.25170969963074,2026-03-06T01:41:10.051876,0.0,0.0,0.0,0.0,0.0,0.0,0.0,22.98,13.85,0.408,0.407,STRAIGHT,1.5,1.5,"CMD,0.4,1.50",4.0,0.0099,2.146,0.023,1,0.835,0,NORMAL,48.662,-0.708,1,1,1,1,1,92.3,0,0,dijkstra,predict,0.5154,0,,,,,,0,,,,209941,154619,0
1334,99.29031324386597,2026-03-06T01:41:10.090479,0.0,0.0,0.0,0.0,0.0,0.0,0.0,18.38,13.82,0.408,0.408,STRAIGHT,1.5,1.5,"CMD,0.4,1.50",4.0,0.0099,2.146,0.023,1,0.835,0,NORMAL,49.347,-0.699,1,1,1,1,1,87.3,0,0,dijkstra,predict,0.50975,0,,,,,,0,,,,209941,152925,0
1335,99.48678684234619,2026-03-06T01:41:10.286953,115.27,0.0,10.42,30.38,2.0,0.0,0.0,174.11,12.86,0.414,0.408,STRAIGHT,1.5,1.5,"CMD,0.4,1.50",4.0,0.0104,2.1,0.023,1,0.8025,0,NORMAL,49.59,-0.741,1,1,1,1,1,105.0,154,17,dijkstra,graph,0.59002,0,,,,,,0,,,,242465,176947,3936
1336,99.52324390411377,2026-03-06T01:41:10.323410,2.0,0.0,3.01,0.0,0.0,0.0,0.0,18.44,13.73,0.419,0.414,STRAIGHT,1.5,1.5,"CMD,0.4,1.50",4.0,0.0104,2.1,0.023,1,0.8025,0,NORMAL,48.405,-0.63,1,1,1,1,1,95.0,0,0,dijkstra,predict,0.58889,0,,,,,,0,,,,243039,176668,0
1337,99.56424880027771,2026-03-06T01:41:10.364415,0.0,0.0,6.14,0.0,0.0,0.0,0.0,21.61,13.72,0.421,0.419,STRAIGHT,1.5,1.5,"CMD,0.4,1.50",4.0,0.0104,2.1,0.023,1,0.8025,0,NORMAL,48.516,-0.504,1,1,1,1,1,90.0,0,0,dijkstra,predict,0.58778,0,,,,,,0,,,,243039,176335,0
1338,99.6024842262268,2026-03-06T01:41:10.402650,0.0,0.0,6.19,0.0,0.0,0.0,0.0,20.21,13.73,0.423,0.421,STRAIGHT,1.5,1.5,"CMD,0.4,1.50",4.0,0.0104,2.1,0.023,1,0.8025,0,NORMAL,49.476,-0.406,1,1,1,1,1,85.0,0,0,dijkstra,predict,0.57952,0,,,,,,0,,,,243039,173855,0
1339,99.77098107337952,2026-03-06T01:41:10.571147,100.94,0.0,10.39,23.12,0.0,0.0,0.0,152.47,12.9,0.425,0.423,STRAIGHT,1.5,1.5,"CMD,0.4,1.50",4.0,0.0104,2.1,0.023,1,0.8348,0,NORMAL,49.455,-0.258,1,1,1,1,1,105.0,86,17,dijkstra,graph,0.65178,0,,,,,,0,,,,277937,195265,4168
1340,99.80759263038635,2026-03-06T01:41:10.607759,2.53,0.0,0.0,0.0,0.0,0.0,0.0,16.59,13.77,0.425,0.425,STRAIGHT,1.5,1.5,"CMD,0.4,1.50",4.0,0.0104,2.1,0.023,1,0.8348,0,NORMAL,49.671,-0.131,1,1,1,1,1,95.0,0,0,dijkstra,predict,0.64987,0,,,,,,0,,,,278692,194960,0
1341,99.84500336647034,2026-03-06T01:41:10.645169,0.0,0.0,0.0,0.0,0.0,0.0,0.0,13.54,13.79,0.426,0.425,STRAIGHT,1.5,1.5,"CMD,0.4,1.50",4.0,0.0104,2.1,0.023,1,0.8348,0,NORMAL,49.945,-0.062,1,1,1,1,1,90.0,0,0,dijkstra,predict,0.6487,0,,,,,,0,,,,278692,194610,0
1342,99.8854968547821,2026-03-06T01:41:10.685663,1.74,0.0,0.0,0.0,0.0,0.0,0.0,20.38,13.79,0.426,0.426,STRAIGHT,1.5,1.5,"CMD,0.4,1.50",4.0,0.0104,2.1,0.023,1,0.8348,0,NORMAL,49.887,0.031,1,1,1,1,1,85.0,0,0,dijkstra,predict,0.64004,0,,,,,,0,,,,278692,192012,0
1343,100.06461715698242,2026-03-06T01:41:10.864783,105.62,0.0,10.1,22.46,0.0,0.0,0.0,157.0,12.89,0.427,0.426,STRAIGHT,1.5,1.5,"CMD,0.4,1.50",4.0,0.0104,2.1,0.023,1,0.7583,0,NORMAL,49.036,0.115,1,1,1,1,1,105.0,105,19,dijkstra,graph,0.75686,0,,,,,,0,,,,339875,226671,5507
1344,100.10834193229675,2026-03-06T01:41:10.908508,2.0,0.0,0.0,0.0,0.0,0.0,0.0,18.03,13.77,0.427,0.427,STRAIGHT,1.5,1.5,"CMD,0.4,1.50",4.0,0.0104,2.1,0.023,1,0.7583,0,NORMAL,48.292,0.364,1,1,1,1,1,95.0,0,0,dijkstra,predict,0.75446,0,,,,,,0,,,,341906,226337,0
1345,100.14823818206787,2026-03-06T01:41:10.948404,0.0,0.0,0.0,0.0,0.0,0.0,0.0,15.79,13.75,0.427,0.427,STRAIGHT,1.5,1.5,"CMD,0.4,1.50",4.0,0.0104,2.1,0.023,1,0.7583,0,NORMAL,47.941,0.904,1,1,1,1,1,90.0,0,0,dijkstra,predict,0.75288,0,,,,,,0,,,,341906,225865,0
1346,100.18919134140015,2026-03-06T01:41:10.989357,1.0,0.0,0.0,0.0,0.0,0.0,0.0,15.28,13.71,0.427,0.427,STRAIGHT,1.5,1.5,"CMD,0.4,1.50",4.0,0.0104,2.1,0.023,1,0.7583,0,NORMAL,48.333,1.356,1,1,1,1,1,85.0,0,0,dijkstra,predict,0.74396,0,,,,,,0,,,,341906,223189,0
1347,100.39155149459839,2026-03-06T01:41:11.191717,112.16,0.0,10.11,30.06,0.0,0.0,0.0,174.72,12.72,0.415,0.427,STRAIGHT,1.5,1.5,"CMD,0.4,1.50",4.0,0.0095,2.192,0.023,1,0.8086,0,NORMAL,48.135,1.592,1,1,1,1,1,109.6,162,17,dijkstra,graph,0.77926,0,,,,,,0,,,,389658,233278,6066
1348,100.43554067611694,2026-03-06T01:41:11.235707,2.0,0.0,2.0,0.0,0.0,0.0,0.0,21.65,13.49,0.408,0.415,STRAIGHT,1.5,1.5,"CMD,0.4,1.50",4.0,0.0095,2.192,0.023,1,0.8086,0,NORMAL,49.235,1.77,1,1,1,1,1,99.6,0,0,dijkstra,predict,0.77669,0,,,,,,0,,,,394666,233007,0
1349,100.47445940971375,2026-03-06T01:41:11.274625,0.0,0.0,4.68,0.0,0.0,0.0,0.0,22.61,13.52,0.402,0.408,STRAIGHT,1.5,1.5,"CMD,0.4,1.50",4.0,0.0095,2.192,0.023,1,0.8086,0,NORMAL,50.69,1.892,1,1,1,1,1,94.6,0,0,dijkstra,predict,0.77314,0,,,,,,0,,,,394666,231943,0
1350,100.5195484161377,2026-03-06T01:41:11.319714,2.0,0.0,2.61,0.0,0.0,0.0,0.0,19.06,13.49,0.399,0.402,STRAIGHT,1.5,1.5,"CMD,0.4,1.50",4.0,0.0095,2.192,0.023,1,0.8086,0,NORMAL,50.286,2.125,1,1,1,1,1,89.6,0,0,dijkstra,predict,0.76453,0,,,,,,0,,,,394666,229358,0
1351,100.71983814239502,2026-03-06T01:41:11.520004,105.82,0.0,12.02,42.06,2.0,0.0,0.0,184.53,12.54,0.386,0.399,STRAIGHT,1.5,1.5,"CMD,0.4,1.50",4.0,0.0088,2.283,0.023,1,0.8249,0,NORMAL,50.0,2.524,1,1,1,1,1,114.2,201,15,dijkstra,graph,0.85816,0,,,,,,0,,,,435672,256514,6316
1352,100.76664781570435,2026-03-06T01:41:11.566814,0.0,0.0,3.6,0.0,0.0,0.0,0.0,20.4,13.31,0.378,0.386,STRAIGHT,1.5,1.5,"CMD,0.4,1.50",4.0,0.0088,2.283,0.023,1,0.8249,0,NORMAL,50.053,2.571,1,1,1,1,1,104.2,0,0,dijkstra,predict,0.85406,0,,,,,,0,,,,450445,256219,0
1353,100.80726075172424,2026-03-06T01:41:11.607427,1.0,0.0,0.0,0.0,0.0,0.0,0.0,20.5,13.27,0.372,0.378,STRAIGHT,1.5,1.5,"CMD,0.4,1.50",4.0,0.0088,2.283,0.023,1,0.8249,0,NORMAL,50.15,2.597,1,1,1,1,1,99.2,0,0,dijkstra,predict,0.84964,0,,,,,,0,,,,450445,254893,0
1354,100.84825849533081,2026-03-06T01:41:11.648424,0.0,0.0,0.0,0.0,0.0,0.0,0.0,15.72,13.24,0.369,0.372,STRAIGHT,1.5,1.5,"CMD,0.4,1.50",4.0,0.0088,2.283,0.023,1,0.8249,0,NORMAL,50.163,2.565,1,1,1,1,1,94.2,0,0,dijkstra,predict,0.83972,0,,,,,,0,,,,450445,251917,0
1355,101.05820202827454,2026-03-06T01:41:11.858368,112.78,0.0,0.0,42.45,0.0,0.0,0.0,189.67,12.26,0.362,0.369,STRAIGHT,1.5,1.5,"CMD,0.4,1.50",4.0,0.0084,2.329,0.023,1,0.9136,0,NORMAL,50.233,2.545,1,1,1,1,1,116.4,202,14,dijkstra,graph,0.85583,0,,,,,,0,,,,411757,255716,6389
1356,101.1050193309784,2026-03-06T01:41:11.905185,2.0,0.0,2.76,0.0,0.0,0.0,0.0,20.78,12.98,0.357,0.362,STRAIGHT,1.5,1.5,"CMD,0.4,1.50",4.0,0.0084,2.329,0.023,1,0.9136,0,NORMAL,50.219,2.459,1,1,1,1,1,106.4,0,0,dijkstra,predict,0.85124,0,,,,,,0,,,,418686,255371,0
1357,101.14262080192566,2026-03-06T01:41:11.942787,0.0,0.0,0.0,0.0,0.0,0.0,0.0,14.11,13.01,0.354,0.357,STRAIGHT,1.5,1.5,"CMD,0.4,1.50",4.0,0.0084,2.329,0.023,1,0.9136,0,NORMAL,50.109,2.336,1,1,1,1,1,101.4,0,0,dijkstra,predict,0.84704,0,,,,,,0,,,,418686,254113,0
1358,101.182785987854,2026-03-06T01:41:11.982952,0.0,0.0,0.0,0.0,0.0,0.0,0.0,12.02,12.95,0.351,0.354,STRAIGHT,1.5,1.5,"CMD,0.4,1.50",4.0,0.0084,2.329,0.023,1,0.9136,0,NORMAL,50.038,2.245,1,1,1,1,1,96.4,0,0,dijkstra,predict,0.83489,0,,,,,,0,,,,418686,250466,0
1359,101.38468384742737,2026-03-06T01:41:12.184850,117.0,0.0,6.01,25.88,10.08,0.0,0.0,181.44,12.07,0.346,0.351,STRAIGHT,1.5,1.5,"CMD,0.4,1.50",4.0,0.0081,2.374,0.023,1,0.8741,0,NORMAL,50.003,2.142,1,1,1,1,1,118.7,156,12,dijkstra,graph,0.86198,0,,,,,,0,,,,399292,257615,6112
1360,101.42633390426636,2026-03-06T01:41:12.226500,4.01,0.0,0.0,0.0,0.0,0.0,0.0,18.02,12.89,0.342,0.346,STRAIGHT,1.5,1.5,"CMD,0.3,1.50",4.0,0.0081,2.374,0.023,1,0.8741,0,NORMAL,50.121,2.038,1,1,1,1,1,108.7,0,0,dijkstra,predict,0.85804,0,,,,,,0,,,,407280,257411,0
1361,101.46916699409485,2026-03-06T01:41:12.269333,2.0,0.0,2.0,0.0,0.0,0.0,0.0,19.42,12.89,0.339,0.342,STRAIGHT,1.5,1.5,"CMD,0.3,1.50",4.0,0.0081,2.374,0.023,1,0.8741,0,NORMAL,50.097,1.932,1,1,1,1,1,103.7,0,0,dijkstra,predict,0.85373,0,,,,,,0,,,,407280,256120,0
1362,101.5107479095459,2026-03-06T01:41:12.310914,2.0,0.0,3.05,0.0,0.0,0.0,2.0,23.56,12.84,0.338,0.339,STRAIGHT,1.5,1.5,"CMD,0.3,1.50",4.0,0.0081,2.374,0.023,1,0.8741,0,NORMAL,50.049,1.841,1,1,1,1,1,98.7,0,0,dijkstra,predict,0.84225,0,,,,,,0,,,,407280,252676,0
1363,101.69866418838501,2026-03-06T01:41:12.498830,109.75,0.0,8.01,34.62,0.0,0.0,0.0,172.68,12.04,0.318,0.338,STRAIGHT,1.5,1.5,"CMD,0.3,1.50",4.0,0.0067,2.603,0.023,1,0.8188,0,NORMAL,50.0,1.756,1,1,1,1,1,130.1,154,8,dijkstra,graph,0.84667,0,,,,,,0,,,,359341,253092,5772
1364,101.74639701843262,2026-03-06T01:41:12.546563,2.0,0.0,4.01,0.0,0.0,0.0,0.0,20.03,12.83,0.304,0.318,STRAIGHT,1.5,1.5,"CMD,0.3,1.50",4.0,0.0067,2.603,0.023,1,0.8188,0,NORMAL,50.006,1.698,1,1,1,1,1,120.1,0,0,dijkstra,predict,0.84289,0,,,,,,0,,,,361127,252866,0
1365,101.78221607208252,2026-03-06T01:41:12.582382,2.0,0.0,1.77,0.0,0.0,0.0,0.0,17.8,12.84,0.296,0.304,STRAIGHT,1.5,1.5,"CMD,0.3,1.50",4.0,0.0067,2.603,0.023,1,0.8188,0,NORMAL,50.105,1.562,1,1,1,1,1,115.1,0,0,dijkstra,predict,0.83893,0,,,,,,0,,,,361127,251678,0
1366,101.81914448738098,2026-03-06T01:41:12.619310,0.0,0.0,0.0,0.0,0.0,0.0,0.0,20.4,12.86,0.29,0.296,STRAIGHT,1.5,1.5,"CMD,0.3,1.50",4.0,0.0067,2.603,0.023,1,0.8188,0,NORMAL,50.2,1.47,1,1,1,1,1,110.1,0,0,dijkstra,predict,0.82942,0,,,,,,0,,,,361127,248825,0
1367,102.04243230819702,2026-03-06T01:41:12.842598,101.74,0.0,10.17,70.41,0.0,0.0,0.0,202.81,11.89,0.274,0.29,STRAIGHT,1.5,1.5,"CMD,0.3,1.50",4.0,0.0059,2.785,0.023,1,0.8846,0,NORMAL,50.298,1.465,1,1,1,1,1,139.3,397,10,dijkstra,graph,0.86564,0,,,,,,0,,,,363887,258939,6679
1368,102.09042572975159,2026-03-06T01:41:12.890592,2.0,0.0,2.0,0.0,0.0,0.0,0.0,19.07,12.5,0.264,0.274,STRAIGHT,1.5,1.5,"CMD,0.3,1.50",4.0,0.0059,2.785,0.023,1,0.8846,0,NORMAL,50.372,1.338,1,1,1,1,1,129.3,0,0,dijkstra,predict,0.86356,0,,,,,,0,,,,364987,259068,0
1369,102.13305020332336,2026-03-06T01:41:12.933216,0.0,0.0,0.0,0.0,0.0,0.0,0.0,19.58,12.47,0.257,0.264,STRAIGHT,1.5,1.5,"CMD,0.3,1.50",4.0,0.0059,2.785,0.023,1,0.8846,0,NORMAL,50.197,1.175,1,1,1,1,1,124.3,0,0,dijkstra,predict,0.85837,0,,,,,,0,,,,364987,257510,0
1370,102.17368507385254,2026-03-06T01:41:12.973851,0.0,0.0,0.0,0.0,0.0,0.0,0.0,20.37,12.45,0.252,0.257,STRAIGHT,1.5,1.5,"CMD,0.3,1.50",4.0,0.0059,2.785,0.023,1,0.8846,0,NORMAL,50.003,1.057,1,1,1,1,1,119.3,0,0,dijkstra,predict,0.84913,0,,,,,,0,,,,364987,254740,0
1371,102.38832116127014,2026-03-06T01:41:13.188487,112.76,0.0,10.2,34.66,0.0,0.0,0.0,193.86,11.59,0.233,0.252,STRAIGHT,1.5,1.5,"CMD,0.3,1.50",4.0,0.0047,3.105,0.023,1,0.8884,0,NORMAL,50.104,0.922,1,1,1,1,1,155.3,184,8,dijkstra,graph,0.87694,0,,,,,,0,,,,385334,262238,5611
1372,102.43948531150818,2026-03-06T01:41:13.239651,5.86,0.0,0.0,0.0,0.0,0.0,0.0,28.55,12.21,0.221,0.233,STRAIGHT,1.5,1.5,"CMD,0.2,1.50",4.0,0.0047,3.105,0.023,1,0.8884,0,NORMAL,50.089,0.816,1,1,1,1,1,145.3,0,0,dijkstra,predict,0.87257,0,,,,,,0,,,,387613,261772,0
1373,102.47474455833435,2026-03-06T01:41:13.274911,0.0,0.0,0.0,0.0,0.0,0.0,0.0,14.39,12.25,0.212,0.221,STRAIGHT,1.5,1.5,"CMD,0.2,1.50",4.0,0.0047,3.105,0.023,1,0.8884,0,NORMAL,50.282,0.697,1,1,1,1,1,140.3,0,0,dijkstra,predict,0.86769,0,,,,,,0,,,,387613,260308,0
1374,102.51702904701233,2026-03-06T01:41:13.317195,2.0,0.0,0.0,0.0,0.0,0.0,0.0,25.96,12.24,0.207,0.212,STRAIGHT,1.5,1.5,"CMD,0.2,1.50",4.0,0.0047,3.105,0.023,1,0.8884,0,NORMAL,50.864,0.586,1,1,1,1,1,135.3,0,0,dijkstra,predict,0.85918,0,,,,,,0,,,,387613,257754,0
1375,102.70529174804688,2026-03-06T01:41:13.505458,121.16,0.0,8.01,12.02,0.0,0.0,0.0,173.04,11.53,0.219,0.212,STRAIGHT,1.5,1.5,"CMD,0.2,1.50",4.0,0.0059,2.785,0.023,1,0.8884,0,NORMAL,50.758,0.467,1,1,1,1,1,139.3,44,11,dijkstra,graph,0.85874,0,,,,,,0,,,,381950,257298,4744
1376,102.75051951408386,2026-03-06T01:41:13.550686,2.0,0.0,3.01,0.0,0.0,0.0,0.0,22.81,12.3,0.227,0.219,STRAIGHT,1.5,1.5,"CMD,0.2,1.50",4.0,0.0059,2.785,0.023,1,0.8884,0,NORMAL,50.317,0.419,1,1,1,1,1,129.3,0,0,dijkstra,predict,0.85632,0,,,,,,0,,,,382092,256896,0
1377,102.79063034057617,2026-03-06T01:41:13.590796,1.01,0.0,4.01,0.0,0.0,0.0,0.0,19.93,12.31,0.232,0.227,STRAIGHT,1.5,1.5,"CMD,0.2,1.50",4.0,0.0059,2.785,0.023,1,0.8884,0,NORMAL,50.113,0.383,1,1,1,1,1,124.3,0,0,dijkstra,predict,0.85137,0,,,,,,0,,,,382092,255412,0
1378,102.82916784286499,2026-03-06T01:41:13.629334,0.0,0.0,0.0,0.0,0.0,0.0,0.0,15.55,12.32,0.236,0.232,STRAIGHT,1.5,1.5,"CMD,0.2,1.50",4.0,0.0059,2.785,0.023,1,0.8884,0,NORMAL,50.032,0.361,1,1,1,1,1,119.3,0,0,dijkstra,predict,0.8432,0,,,,,,0,,,,382092,252960,0
1379,103.01211643218994,2026-03-06T01:41:13.812282,116.18,0.0,7.52,20.64,0.0,0.0,0.0,154.73,11.63,0.331,0.236,STRAIGHT,1.5,1.5,"CMD,0.2,1.50",4.0,0.0126,3.998,0.101,1,0.9071,0,NORMAL,50.0,0.336,1,1,1,1,1,223.4,31,10,dijkstra,graph,0.84895,0,,,,,,0,,,,396565,254411,4718
1380,103.0631251335144,2026-03-06T01:41:13.863291,2.9,0.0,0.0,0.0,0.0,0.0,0.0,20.28,12.38,0.394,0.331,STRAIGHT,1.5,1.5,"CMD,0.3,1.50",4.0,0.0126,3.998,0.101,1,0.9071,0,NORMAL,50.042,0.33,1,1,1,1,1,213.0,0,0,dijkstra,predict,0.83965,0,,,,,,0,,,,396568,251894,0
1381,103.10411429405212,2026-03-06T01:41:13.904280,1.74,0.0,0.0,0.0,0.0,0.0,0.0,17.79,12.41,0.437,0.394,STRAIGHT,1.5,1.5,"CMD,0.4,1.50",4.0,0.0126,3.998,0.101,1,0.9071,0,NORMAL,50.074,0.31,1,1,1,1,1,208.0,0,0,dijkstra,predict,0.82879,0,,,,,,0,,,,396568,248636,0
1382,103.14414954185486,2026-03-06T01:41:13.944315,0.0,0.0,0.0,0.0,0.0,0.0,0.0,16.85,12.41,0.465,0.437,STRAIGHT,1.5,1.5,"CMD,0.4,1.50",4.0,0.0126,3.998,0.101,1,0.9071,0,NORMAL,50.204,0.256,1,1,1,1,1,203.0,0,0,dijkstra,predict,0.81445,0,,,,,,0,,,,396568,244336,0
1383,103.3267502784729,2026-03-06T01:41:14.126916,111.94,0.0,10.02,20.31,0.0,0.0,0.0,159.07,11.7,0.211,0.437,STRAIGHT,1.5,1.5,"CMD,0.4,1.50",4.0,-0.0072,3.998,-0.057,1,0.914,0,NORMAL,50.272,0.251,1,1,1,1,1,223.4,36,11,dijkstra,graph,0.86008,0,,,,,,0,,,,423846,257703,5166
1384,103.37876605987549,2026-03-06T01:41:14.178932,0.0,0.0,5.24,0.0,0.0,0.0,0.0,20.43,12.5,0.042,0.211,STRAIGHT,1.5,1.5,"CMD,0.2,1.50",4.0,-0.0072,3.998,-0.057,1,0.914,0,NORMAL,51.33,-0.241,1,1,1,1,1,213.0,0,0,dijkstra,predict,0.85433,0,,,,,,0,,,,423903,256300,0
1385,103.42549014091492,2026-03-06T01:41:14.225656,0.0,0.0,4.01,0.0,0.0,0.0,0.0,26.24,12.5,-0.071,0.042,STRAIGHT,1.5,1.5,"CMD,0.0,1.50",4.0,-0.0072,3.998,-0.057,1,0.914,0,NORMAL,52.147,-0.456,1,1,1,1,1,208.0,0,0,dijkstra,predict,0.84635,0,,,,,,0,,,,423903,253904,0
1386,103.46248030662537,2026-03-06T01:41:14.262646,0.0,0.0,0.0,0.0,0.0,0.0,0.0,22.48,12.5,-0.146,-0.071,STRAIGHT,1.5,1.5,"CMD,-0.1,1.50",4.0,-0.0072,3.998,-0.057,1,0.914,0,NORMAL,52.845,-0.644,1,1,1,1,1,203.0,0,0,dijkstra,predict,0.83615,0,,,,,,0,,,,423903,250844,0
1387,103.64339518547058,2026-03-06T01:41:14.443561,115.95,0.0,6.54,20.17,0.0,0.0,0.0,154.81,11.79,-0.057,-0.071,STRAIGHT,1.5,1.5,"CMD,-0.1,1.50",4.0,0.0029,3.973,0.023,1,0.8318,0,NORMAL,52.858,-0.704,1,1,1,1,1,198.6,31,11,dijkstra,graph,0.83112,0,,,,,,0,,,,470703,249061,4584
1388,103.69317531585693,2026-03-06T01:41:14.493341,0.0,0.0,3.59,0.0,0.0,0.0,0.0,20.19,12.56,0.001,-0.057,STRAIGHT,1.5,1.5,"CMD,-0.1,1.50",4.0,0.0029,3.973,0.023,1,0.8318,0,NORMAL,53.108,-0.766,1,1,1,1,1,188.6,0,0,dijkstra,predict,0.83023,0,,,,,,0,,,,473091,249069,0
1389,103.73831152915955,2026-03-06T01:41:14.538477,2.0,0.0,4.96,0.0,0.0,0.0,0.0,20.99,12.54,0.041,0.001,STRAIGHT,1.5,1.5,"CMD,0.0,1.50",4.0,0.0029,3.973,0.023,1,0.8318,0,NORMAL,53.547,-0.806,1,1,1,1,1,183.6,0,0,dijkstra,predict,0.82422,0,,,,,,0,,,,473091,247267,0
1390,103.78083157539368,2026-03-06T01:41:14.580998,0.0,0.0,5.19,0.0,0.0,0.0,0.0,20.99,12.55,0.067,0.041,STRAIGHT,1.5,1.5,"CMD,0.0,1.50",4.0,0.0029,3.973,0.023,1,0.8318,0,NORMAL,53.864,-0.858,1,1,1,1,1,178.6,0,0,dijkstra,predict,0.81316,0,,,,,,0,,,,473091,243947,0
1391,103.95472931861877,2026-03-06T01:41:14.754895,116.14,0.0,8.27,16.2,0.0,0.0,0.0,146.63,11.87,0.085,0.067,STRAIGHT,1.5,1.5,"CMD,0.1,1.50",4.0,0.003,3.927,0.023,1,0.9618,0,NORMAL,53.015,-0.905,1,1,1,1,1,196.3,41,12,dijkstra,graph,0.81814,0,,,,,,0,,,,479577,245102,4476
1392,104.01031112670898,2026-03-06T01:41:14.810477,2.24,0.0,0.0,0.0,0.0,0.0,0.0,25.11,12.55,0.098,0.085,STRAIGHT,1.5,1.5,"CMD,0.1,1.50",4.0,0.003,3.927,0.023,1,0.9618,0,NORMAL,53.559,-0.921,1,1,1,1,1,186.3,0,0,dijkstra,predict,0.81721,0,,,,,,0,,,,481728,245162,0
1393,104.05502200126648,2026-03-06T01:41:14.855188,2.0,0.0,4.11,0.0,0.0,0.0,0.0,19.62,12.56,0.106,0.098,STRAIGHT,1.5,1.5,"CMD,0.1,1.50",4.0,0.003,3.927,0.023,1,0.9618,0,NORMAL,52.986,-0.94,1,1,1,1,1,181.3,0,0,dijkstra,predict,0.81104,0,,,,,,0,,,,481728,243311,0
1394,104.09526586532593,2026-03-06T01:41:14.895432,0.0,0.0,4.58,0.0,0.0,0.0,0.0,20.15,12.54,0.111,0.106,STRAIGHT,1.5,1.5,"CMD,0.1,1.50",4.0,0.003,3.927,0.023,1,0.9618,0,NORMAL,53.42,-1.007,1,1,1,1,1,176.3,0,0,dijkstra,predict,0.79875,0,,,,,,0,,,,481728,239625,0
1395,104.2745316028595,2026-03-06T01:41:15.074697,121.17,0.0,8.01,16.02,2.0,0.0,0.0,157.23,11.81,0.117,0.111,STRAIGHT,1.5,1.5,"CMD,0.1,1.50",4.0,0.0031,3.836,0.023,1,0.9823,0,NORMAL,54.779,-1.037,1,1,1,1,1,191.8,25,9,dijkstra,graph,0.75643,0,,,,,,0,,,,472104,226620,3684
1396,104.31680512428284,2026-03-06T01:41:15.116971,0.0,0.0,0.0,0.0,0.0,0.0,0.0,18.25,12.75,0.121,0.117,STRAIGHT,1.5,1.5,"CMD,0.1,1.50",4.0,0.0031,3.836,0.023,1,0.9823,0,NORMAL,55.823,-0.98,1,1,1,1,1,181.8,0,0,dijkstra,predict,0.75563,0,,,,,,0,,,,473425,226688,0
1397,104.36200332641602,2026-03-06T01:41:15.162169,3.73,0.0,0.0,0.0,0.0,0.0,0.0,24.19,12.77,0.123,0.121,STRAIGHT,1.5,1.5,"CMD,0.1,1.50",4.0,0.0031,3.836,0.023,1,0.9823,0,NORMAL,56.416,-0.899,1,1,1,1,1,176.8,0,0,dijkstra,predict,0.74969,0,,,,,,0,,,,473425,224906,0
1398,104.41100692749023,2026-03-06T01:41:15.211173,0.0,0.0,4.16,0.0,0.0,0.0,0.0,22.42,12.73,0.125,0.123,STRAIGHT,1.5,1.5,"CMD,0.1,1.50",4.0,0.0031,3.836,0.023,1,0.9823,0,NORMAL,56.615,-0.812,1,1,1,1,1,171.8,0,0,dijkstra,predict,0.73737,0,,,,,,0,,,,473425,221212,0
1399,104.59170436859131,2026-03-06T01:41:15.391870,111.8,0.0,10.38,10.02,0.0,0.0,10.1,162.22,11.99,0.124,0.124,STRAIGHT,1.5,1.5,"CMD,0.1,1.50",4.0,0.003,3.927,0.023,1,0.9843,0,NORMAL,56.493,-0.727,1,1,1,1,1,196.3,32,9,dijkstra,graph,0.81374,0,,,,,,0,,,,476772,243678,4376
1400,104.63244891166687,2026-03-06T01:41:15.432615,2.0,0.0,3.01,0.0,0.0,0.0,0.0,20.54,12.92,0.123,0.124,STRAIGHT,1.5,1.5,"CMD,0.1,1.50",4.0,0.003,3.927,0.023,1,0.9843,0,NORMAL,55.8,-0.733,1,1,1,1,1,186.3,0,0,dijkstra,predict,0.8107,0,,,,,,0,,,,477329,243210,0
1401,104.67532801628113,2026-03-06T01:41:15.475494,0.0,0.0,0.0,0.0,0.0,0.0,0.0,22.73,12.97,0.123,0.123,STRAIGHT,1.5,1.5,"CMD,0.1,1.50",4.0,0.003,3.927,0.023,1,0.9843,0,NORMAL,55.13,-0.712,1,1,1,1,1,181.3,0,0,dijkstra,predict,0.8061,0,,,,,,0,,,,477329,241830,0
1402,104.72420358657837,2026-03-06T01:41:15.524369,3.14,0.0,3.17,0.0,0.0,0.0,0.0,31.02,12.89,0.123,0.123,STRAIGHT,1.5,1.5,"CMD,0.1,1.50",4.0,0.003,3.927,0.023,1,0.9843,0,NORMAL,54.859,-0.612,1,1,1,1,1,176.3,0,0,dijkstra,predict,0.79435,0,,,,,,0,,,,477329,238306,0
1403,104.89369368553162,2026-03-06T01:41:15.693860,112.34,0.0,0.0,22.33,0.0,0.0,2.0,149.16,12.2,0.128,0.123,STRAIGHT,1.5,1.5,"CMD,0.1,1.50",4.0,0.0033,3.699,0.023,1,0.9861,0,NORMAL,54.713,-0.774,1,1,1,1,1,184.9,17,7,dijkstra,graph,0.75738,0,,,,,,0,,,,471185,226879,3558
1404,104.93012619018555,2026-03-06T01:41:15.730292,0.0,0.0,0.0,0.0,0.0,0.0,0.0,22.35,13.03,0.131,0.128,STRAIGHT,1.5,1.5,"CMD,0.1,1.50",4.0,0.0033,3.699,0.023,1,0.9861,0,NORMAL,53.897,-0.852,1,1,1,1,1,174.9,0,0,dijkstra,predict,0.75475,0,,,,,,0,,,,471930,226426,0
1405,104.97930598258972,2026-03-06T01:41:15.779472,3.58,0.0,2.0,0.0,0.0,0.0,0.0,28.62,13.01,0.133,0.131,STRAIGHT,1.5,1.5,"CMD,0.1,1.50",4.0,0.0033,3.699,0.023,1,0.9861,0,NORMAL,52.775,-0.751,1,1,1,1,1,169.9,0,0,dijkstra,predict,0.75059,0,,,,,,0,,,,471930,225176,0
1406,105.01574945449829,2026-03-06T01:41:15.815915,0.0,0.0,2.0,0.0,0.0,0.0,0.0,16.42,13.03,0.135,0.133,STRAIGHT,1.5,1.5,"CMD,0.1,1.50",4.0,0.0033,3.699,0.023,1,0.9861,0,NORMAL,50.693,-0.693,1,1,1,1,1,164.9,0,0,dijkstra,predict,0.73873,0,,,,,,0,,,,471930,221618,0
1407,105.20018768310547,2026-03-06T01:41:16.000354,112.24,0.0,8.01,13.3,2.0,0.0,1.0,156.87,12.23,0.142,0.135,STRAIGHT,1.5,1.5,"CMD,0.1,1.50",4.0,0.0038,3.47,0.023,1,0.9798,0,NORMAL,49.992,-0.952,1,1,1,1,1,173.5,22,8,dijkstra,graph,0.7036,0,,,,,,0,,,,461931,210792,3491
1408,105.24265933036804,2026-03-06T01:41:16.042825,2.84,0.0,1.92,0.0,0.0,0.0,0.0,18.3,13.0,0.147,0.142,STRAIGHT,1.5,1.5,"CMD,0.1,1.50",4.0,0.0038,3.47,0.023,1,0.9798,0,NORMAL,50.057,-1.326,1,1,1,1,1,163.5,0,0,dijkstra,predict,0.70121,0,,,,,,0,,,,462207,210363,0
1409,105.2847146987915,2026-03-06T01:41:16.084881,2.0,0.0,2.0,0.0,0.0,0.0,0.0,18.02,13.07,0.15,0.147,STRAIGHT,1.5,1.5,"CMD,0.1,1.50",4.0,0.0038,3.47,0.023,1,0.9798,0,NORMAL,52.74,-1.67,1,1,1,1,1,158.5,0,0,dijkstra,predict,0.6971,0,,,,,,0,,,,462207,209130,0
1410,105.32712125778198,2026-03-06T01:41:16.127287,0.0,0.0,5.85,0.0,0.0,0.0,0.0,21.37,13.05,0.152,0.15,STRAIGHT,1.5,1.5,"CMD,0.1,1.50",4.0,0.0038,3.47,0.023,1,0.9798,0,NORMAL,55.59,-2.25,1,1,1,1,1,153.5,0,0,dijkstra,predict,0.68532,0,,,,,,0,,,,462207,205596,0
1411,105.50514888763428,2026-03-06T01:41:16.305315,111.17,0.0,6.56,19.0,0.0,0.0,0.0,158.0,12.28,0.152,0.152,STRAIGHT,1.5,1.5,"CMD,0.2,1.50",4.0,0.0037,3.516,0.023,1,0.958,0,NORMAL,44.587,-1.647,1,1,1,1,1,175.8,54,16,dijkstra,graph,0.7886,0,,,,,,0,,,,461367,235974,4888
1412,105.55186891555786,2026-03-06T01:41:16.352035,0.0,0.0,6.98,0.0,0.0,0.0,0.0,24.69,13.03,0.152,0.152,STRAIGHT,1.5,1.5,"CMD,0.2,1.50",4.0,0.0037,3.516,0.023,1,0.958,0,NORMAL,33.743,-1.757,1,1,1,1,1,165.8,0,0,dijkstra,predict,0.78526,0,,,,,,0,,,,461921,235579,0
1413,105.59539198875427,2026-03-06T01:41:16.395558,0.0,0.0,6.22,0.0,0.0,0.0,0.0,22.21,13.08,0.152,0.152,STRAIGHT,1.5,1.5,"CMD,0.2,1.50",4.0,0.0037,3.516,0.023,1,0.958,0,NORMAL,23.021,-1.581,1,1,1,1,1,160.8,0,0,dijkstra,predict,0.78118,0,,,,,,0,,,,461921,234353,0
1414,105.63310050964355,2026-03-06T01:41:16.433267,0.0,0.0,4.05,0.0,0.0,0.0,0.0,16.06,13.14,0.152,0.152,STRAIGHT,1.5,1.5,"CMD,0.2,1.50",4.0,0.0037,3.516,0.023,1,0.958,0,NORMAL,25.51,-1.441,1,1,1,1,1,155.8,0,0,dijkstra,predict,0.7691,0,,,,,,0,,,,461921,230730,0
1415,105.81516003608704,2026-03-06T01:41:16.615326,113.96,0.0,9.01,10.25,8.41,0.0,0.0,161.8,12.33,0.158,0.152,STRAIGHT,1.5,1.5,"CMD,0.2,1.50",4.0,0.0041,3.333,0.023,1,0.9707,0,NORMAL,39.229,-1.338,1,1,1,1,1,166.7,35,11,dijkstra,graph,0.68785,0,,,,,,0,,,,450145,206085,3770
1416,105.85781145095825,2026-03-06T01:41:16.657977,1.74,0.0,2.0,0.0,0.0,0.0,0.0,22.28,13.1,0.162,0.158,STRAIGHT,1.5,1.5,"CMD,0.2,1.50",4.0,0.0041,3.333,0.023,1,0.9707,0,NORMAL,59.702,-1.043,1,1,1,1,1,156.7,0,0,dijkstra,predict,0.68579,0,,,,,,0,,,,450784,205736,0
1417,105.90282559394836,2026-03-06T01:41:16.702992,1.01,0.0,0.0,0.0,0.0,0.0,0.0,16.26,13.16,0.164,0.162,STRAIGHT,1.5,1.5,"CMD,0.2,1.50",4.0,0.0041,3.333,0.023,1,0.9707,0,NORMAL,70.711,-1.332,1,1,1,1,1,151.7,0,0,dijkstra,predict,0.68216,0,,,,,,0,,,,450784,204647,0
1418,105.94333600997925,2026-03-06T01:41:16.743502,0.0,0.0,7.11,0.0,0.0,0.0,0.0,24.75,13.15,0.166,0.164,STRAIGHT,1.5,1.5,"CMD,0.2,1.50",4.0,0.0041,3.333,0.023,1,0.9707,0,NORMAL,70.711,-1.226,1,1,1,1,1,146.7,0,0,dijkstra,predict,0.6706,0,,,,,,0,,,,450784,201180,0
1419,106.11781024932861,2026-03-06T01:41:16.917976,115.42,0.0,10.41,13.79,0.0,0.0,0.0,153.64,12.41,0.174,0.166,STRAIGHT,1.5,1.5,"CMD,0.2,1.50",4.0,0.0046,3.151,0.023,1,0.9659,0,NORMAL,70.711,-1.267,1,1,1,1,1,157.5,34,11,dijkstra,graph,0.69147,0,,,,,,0,,,,440424,207082,3779
1420,106.16154456138611,2026-03-06T01:41:16.961710,2.0,0.0,4.01,0.0,0.0,0.0,0.0,20.03,13.14,0.179,0.174,STRAIGHT,1.5,1.5,"CMD,0.2,1.50",4.0,0.0046,3.151,0.023,1,0.9659,0,NORMAL,66.71,-1.435,1,1,1,1,1,147.5,0,0,dijkstra,predict,0.68926,0,,,,,,0,,,,440870,206778,0
1421,106.19778943061829,2026-03-06T01:41:16.997955,0.0,0.0,0.0,0.0,0.0,0.0,0.0,15.97,13.26,0.183,0.179,STRAIGHT,1.5,1.5,"CMD,0.2,1.50",4.0,0.0046,3.151,0.023,1,0.9659,0,NORMAL,64.022,-1.45,1,1,1,1,1,142.5,0,0,dijkstra,predict,0.68526,0,,,,,,0,,,,440870,205577,0
1422,106.24001812934875,2026-03-06T01:41:17.040184,2.0,0.0,0.0,0.0,0.0,0.0,0.0,16.02,13.27,0.185,0.183,STRAIGHT,1.5,1.5,"CMD,0.2,1.50",4.0,0.0046,3.151,0.023,1,0.9659,0,NORMAL,61.578,-1.416,1,1,1,1,1,137.5,0,0,dijkstra,predict,0.67354,0,,,,,,0,,,,440870,202062,0
1423,106.42072081565857,2026-03-06T01:41:17.220887,116.55,0.0,8.01,12.21,0.0,0.0,0.0,154.79,12.48,0.207,0.185,STRAIGHT,1.5,1.5,"CMD,0.2,1.50",4.0,0.0061,2.74,0.023,1,0.9466,0,NORMAL,58.614,-1.397,1,1,1,1,1,137.0,26,10,dijkstra,graph,0.60808,0,,,,,,0,,,,417571,181999,3368
1424,106.46096014976501,2026-03-06T01:41:17.261126,2.75,0.0,2.0,0.0,0.0,0.0,0.0,20.21,13.26,0.222,0.207,STRAIGHT,1.5,1.5,"CMD,0.2,1.50",4.0,0.0061,2.74,0.023,1,0.9466,0,NORMAL,56.098,-1.249,1,1,1,1,1,127.0,0,0,dijkstra,predict,0.60589,0,,,,,,0,,,,417770,181766,0
1425,106.50400519371033,2026-03-06T01:41:17.304171,1.5,0.0,4.23,0.0,0.0,0.0,0.0,24.82,13.26,0.231,0.222,STRAIGHT,1.5,1.5,"CMD,0.2,1.50",4.0,0.0061,2.74,0.023,1,0.9466,0,NORMAL,55.648,-1.095,1,1,1,1,1,122.0,0,0,dijkstra,predict,0.60259,0,,,,,,0,,,,417770,180776,0
1426,106.54599833488464,2026-03-06T01:41:17.346164,2.0,0.0,2.0,0.0,0.0,0.0,0.0,22.46,13.28,0.238,0.231,STRAIGHT,1.5,1.5,"CMD,0.2,1.50",4.0,0.0061,2.74,0.023,1,0.9466,0,NORMAL,57.618,-1.235,1,1,1,1,1,117.0,0,0,dijkstra,predict,0.59113,0,,,,,,0,,,,417770,177338,0
1427,106.71745109558105,2026-03-06T01:41:17.517617,107.91,0.0,8.01,8.01,0.0,0.0,0.0,147.62,12.57,0.251,0.238,STRAIGHT,1.5,1.5,"CMD,0.2,1.50",4.0,0.0067,2.603,0.023,1,0.9591,0,NORMAL,56.592,-1.08,1,1,1,1,1,130.1,26,9,dijkstra,graph,0.58178,0,,,,,,0,,,,403753,173996,3349
1428,106.75879287719727,2026-03-06T01:41:17.558959,2.8,0.0,2.0,0.0,0.0,0.0,0.0,19.81,13.38,0.26,0.251,STRAIGHT,1.5,1.5,"CMD,0.3,1.50",4.0,0.0067,2.603,0.023,1,0.9591,0,NORMAL,57.503,-0.936,1,1,1,1,1,120.1,0,0,dijkstra,predict,0.57919,0,,,,,,0,,,,404462,173756,0
1429,106.80313420295715,2026-03-06T01:41:17.603300,0.0,0.0,0.0,0.0,0.0,0.0,0.0,31.04,13.36,0.266,0.26,STRAIGHT,1.5,1.5,"CMD,0.3,1.50",4.0,0.0067,2.603,0.023,1,0.9591,0,NORMAL,57.833,-0.829,1,1,1,1,1,115.1,0,0,dijkstra,predict,0.57604,0,,,,,,0,,,,404462,172812,0
1430,106.84327054023743,2026-03-06T01:41:17.643436,0.0,0.0,4.14,0.0,0.0,0.0,0.0,18.18,13.38,0.27,0.266,STRAIGHT,1.5,1.5,"CMD,0.3,1.50",4.0,0.0067,2.603,0.023,1,0.9591,0,NORMAL,56.076,-0.763,1,1,1,1,1,110.1,0,0,dijkstra,predict,0.56571,0,,,,,,0,,,,404462,169714,0
1431,107.01323819160461,2026-03-06T01:41:17.813404,105.41,0.0,8.01,8.37,0.0,0.0,0.0,149.82,12.67,0.296,0.27,STRAIGHT,1.5,1.5,"CMD,0.3,1.50",4.0,0.0084,2.329,0.023,1,0.8235,0,NORMAL,56.297,-0.722,1,1,1,1,1,116.4,26,10,dijkstra,graph,0.50651,0,,,,,,0,,,,333327,151669,2934
1432,107.05549335479736,2026-03-06T01:41:17.855659,0.0,0.0,4.4,0.0,0.0,0.0,0.0,22.49,13.41,0.313,0.296,STRAIGHT,1.5,1.5,"CMD,0.3,1.50",4.0,0.0084,2.329,0.023,1,0.8235,0,NORMAL,56.947,-0.601,1,1,1,1,1,106.4,0,0,dijkstra,predict,0.50481,0,,,,,,0,,,,333822,151443,0
1433,107.09205842018127,2026-03-06T01:41:17.892224,2.0,0.0,1.83,0.0,0.0,0.0,0.0,20.54,13.41,0.324,0.313,STRAIGHT,1.5,1.5,"CMD,0.3,1.50",4.0,0.0084,2.329,0.023,1,0.8235,0,NORMAL,56.602,-0.622,1,1,1,1,1,101.4,0,0,dijkstra,predict,0.50216,0,,,,,,0,,,,333822,150649,0
1434,107.13241243362427,2026-03-06T01:41:17.932578,0.0,0.0,6.57,0.0,0.0,0.0,0.0,20.84,13.46,0.332,0.324,STRAIGHT,1.5,1.5,"CMD,0.3,1.50",4.0,0.0084,2.329,0.023,1,0.8235,0,NORMAL,55.975,-0.645,1,1,1,1,1,96.4,0,0,dijkstra,predict,0.4928,0,,,,,,0,,,,333822,147839,0
1435,107.30061841011047,2026-03-06T01:41:18.100785,112.68,0.0,6.01,9.67,2.0,0.0,0.0,148.44,12.69,0.364,0.332,STRAIGHT,1.5,1.5,"CMD,0.3,1.50",4.0,0.0104,2.1,0.023,1,0.8284,0,NORMAL,54.96,-0.691,1,1,1,1,1,105.0,18,8,dijkstra,graph,0.48818,0,,,,,,0,,,,344970,146076,2977
1436,107.34657144546509,2026-03-06T01:41:18.146737,2.0,0.0,2.0,0.0,0.0,0.0,0.0,21.92,13.51,0.385,0.364,STRAIGHT,1.5,1.5,"CMD,0.4,1.50",4.0,0.0104,2.1,0.023,1,0.8284,0,NORMAL,54.385,-0.655,1,1,1,1,1,95.0,0,0,dijkstra,predict,0.48638,0,,,,,,0,,,,345330,145915,0
1437,107.38634490966797,2026-03-06T01:41:18.186511,0.0,0.0,0.0,0.0,0.0,0.0,6.74,21.75,13.53,0.399,0.385,STRAIGHT,1.5,1.5,"CMD,0.4,1.50",4.0,0.0104,2.1,0.023,1,0.8284,0,NORMAL,53.773,-0.616,1,1,1,1,1,90.0,0,0,dijkstra,predict,0.48364,0,,,,,,0,,,,345330,145091,0
1438,107.42683410644531,2026-03-06T01:41:18.227000,0.0,0.0,8.5,0.0,0.0,0.0,0.0,20.02,13.53,0.408,0.399,STRAIGHT,1.5,1.5,"CMD,0.4,1.50",4.0,0.0104,2.1,0.023,1,0.8284,0,NORMAL,52.58,-0.64,1,1,1,1,1,85.0,0,0,dijkstra,predict,0.47487,0,,,,,,0,,,,345330,142462,0
1439,107.58823013305664,2026-03-06T01:41:18.388396,110.6,0.0,8.26,6.01,0.0,0.0,0.0,144.41,12.83,0.451,0.408,STRAIGHT,1.5,1.5,"CMD,0.4,1.50",4.0,0.013,1.872,0.023,1,0.8543,0,NORMAL,51.45,-0.667,1,1,1,1,1,93.6,34,10,dijkstra,graph,0.43341,0,,,,,,0,,,,329511,129597,2919
1440,107.6347541809082,2026-03-06T01:41:18.434920,0.0,0.0,5.94,0.0,0.0,0.0,0.0,26.26,13.62,0.48,0.451,STRAIGHT,1.5,1.5,"CMD,0.5,1.50",4.0,0.013,1.872,0.023,1,0.8543,0,NORMAL,50.453,-0.584,1,1,1,1,1,83.6,0,0,dijkstra,predict,0.43165,0,,,,,,0,,,,329640,129494,0
1441,107.6744556427002,2026-03-06T01:41:18.474622,0.0,0.0,3.23,0.0,0.0,0.0,0.0,18.99,13.66,0.499,0.48,STRAIGHT,1.5,1.5,"CMD,0.5,1.50",4.0,0.013,1.872,0.023,1,0.8543,0,NORMAL,44.528,-0.534,1,1,1,1,1,78.6,0,0,dijkstra,predict,0.42924,0,,,,,,0,,,,329640,128771,0
1442,107.7090106010437,2026-03-06T01:41:18.509177,0.0,0.0,0.0,0.0,0.0,0.0,0.0,16.02,13.72,0.512,0.499,STRAIGHT,1.5,1.5,"CMD,0.5,1.50",4.0,0.013,1.872,0.023,1,0.8543,0,NORMAL,38.561,-0.455,1,1,1,1,1,73.6,0,0,dijkstra,predict,0.41917,0,,,,,,0,,,,329640,125752,0
1443,107.88169384002686,2026-03-06T01:41:18.681860,101.94,0.0,10.2,18.27,2.0,0.0,0.0,148.17,12.9,0.49,0.499,STRAIGHT,1.5,1.5,"CMD,0.5,1.50",4.0,0.0108,2.055,0.023,1,0.9513,0,NORMAL,33.051,-0.484,1,1,1,1,1,102.7,29,8,dijkstra,graph,0.43818,0,,,,,,0,,,,338270,131136,2695
1444,107.92164397239685,2026-03-06T01:41:18.721810,1.91,0.0,2.0,0.0,0.0,0.0,0.0,19.64,13.77,0.475,0.49,STRAIGHT,1.5,1.5,"CMD,0.5,1.50",4.0,0.0108,2.055,0.023,1,0.9513,0,NORMAL,28.114,-0.381,1,1,1,1,1,92.7,0,0,dijkstra,predict,0.43652,0,,,,,,0,,,,338700,130957,0
1445,107.96221256256104,2026-03-06T01:41:18.762379,0.0,0.0,5.99,0.0,0.0,0.0,0.0,30.56,13.78,0.466,0.475,STRAIGHT,1.5,1.5,"CMD,0.5,1.50",4.0,0.0108,2.055,0.023,1,0.9513,0,NORMAL,29.164,-0.283,1,1,1,1,1,87.7,0,0,dijkstra,predict,0.43495,0,,,,,,0,,,,338700,130485,0
1446,107.99602961540222,2026-03-06T01:41:18.796196,0.0,0.0,0.0,0.0,0.0,0.0,0.0,15.69,13.81,0.459,0.466,STRAIGHT,1.5,1.5,"CMD,0.5,1.50",4.0,0.0108,2.055,0.023,1,0.9513,0,NORMAL,22.355,-0.278,1,1,1,1,1,82.7,0,0,dijkstra,predict,0.42399,0,,,,,,0,,,,338700,127198,0
1447,108.1781952381134,2026-03-06T01:41:18.978361,116.79,0.0,8.01,16.02,0.0,0.0,0.0,165.15,12.98,0.485,0.466,STRAIGHT,1.5,1.5,"CMD,0.5,1.50",4.0,0.013,1.872,0.023,1,0.923,0,NORMAL,13.183,-0.281,1,1,1,1,1,93.6,78,10,dijkstra,graph,0.38194,0,,,,,,0,,,,312445,114222,2774
1448,108.21705150604248,2026-03-06T01:41:19.017217,0.0,0.0,0.0,0.0,0.0,0.0,0.0,22.44,13.81,0.503,0.485,STRAIGHT,1.5,1.5,"CMD,0.5,1.50",4.0,0.013,1.872,0.023,1,0.923,0,NORMAL,5.97,-0.219,1,1,1,1,1,83.6,0,0,dijkstra,predict,0.38025,0,,,,,,0,,,,313112,114076,0
1449,108.25577902793884,2026-03-06T01:41:19.055945,10.4,0.0,0.0,0.0,0.0,0.0,0.0,20.74,13.85,0.514,0.503,STRAIGHT,1.5,1.5,"CMD,0.5,1.50",4.0,0.013,1.872,0.023,1,0.923,0,NORMAL,2.893,-0.163,1,1,1,1,1,78.6,0,0,dijkstra,predict,0.37914,0,,,,,,0,,,,313112,113741,0
1450,108.30217504501343,2026-03-06T01:41:19.102341,0.0,0.0,4.75,0.0,0.0,0.0,0.0,22.78,13.78,0.522,0.514,STRAIGHT,1.5,1.5,"CMD,0.5,1.50",4.0,0.013,1.872,0.023,1,0.923,0,NORMAL,5.901,-0.123,1,1,1,1,1,73.6,0,0,dijkstra,predict,0.36799,0,,,,,,0,,,,313112,110396,0
1451,108.46874570846558,2026-03-06T01:41:19.268912,112.74,0.0,8.01,12.03,0.0,0.0,0.0,150.81,13.01,0.594,0.522,STRAIGHT,1.5,1.5,"CMD,0.5,1.50",4.0,0.0179,1.598,0.023,1,0.7543,0,NORMAL,10.99,-0.169,1,1,1,1,1,79.9,59,8,dijkstra,graph,0.31114,0,,,,,,0,,,,236011,92915,2111
1452,108.50726866722107,2026-03-06T01:41:19.307435,0.0,0.0,3.33,0.0,0.0,0.0,0.0,20.04,13.89,0.642,0.594,STRAIGHT,1.5,1.5,"CMD,0.6,1.50",4.0,0.0179,1.598,0.023,1,0.7543,0,NORMAL,17.25,-0.203,1,1,1,1,1,69.9,0,0,dijkstra,predict,0.30968,0,,,,,,0,,,,236011,92903,0
1453,108.54631805419922,2026-03-06T01:41:19.346484,0.0,0.0,5.61,0.0,0.0,0.0,0.0,28.77,13.91,0.674,0.642,STRAIGHT,1.5,1.5,"CMD,0.6,1.50",4.0,0.0179,1.598,0.023,1,0.7543,0,NORMAL,22.608,-0.171,1,1,1,1,1,64.9,0,0,dijkstra,predict,0.30942,0,,,,,,0,,,,236011,92826,0
1454,108.58265447616577,2026-03-06T01:41:19.382820,2.3,0.0,2.0,0.0,0.0,0.0,2.0,22.8,13.95,0.695,0.674,STRAIGHT,1.5,1.5,"CMD,0.7,1.50",4.0,0.0179,1.598,0.023,1,0.7543,0,NORMAL,26.604,-0.184,1,1,1,1,1,59.9,0,0,dijkstra,predict,0.30102,0,,,,,,0,,,,236011,90307,0
1455,108.7497889995575,2026-03-06T01:41:19.549955,113.92,0.0,6.01,6.18,0.0,0.0,0.0,155.12,13.16,0.709,0.695,STRAIGHT,1.5,1.5,"CMD,0.7,1.50",4.0,0.0179,1.598,0.023,1,0.7355,0,NORMAL,33.705,-0.254,1,1,1,1,1,81.1,65,10,dijkstra,graph,0.272,0,,,,,,0,,,,230086,81226,2360
1456,108.92131519317627,2026-03-06T01:41:19.721481,108.92,0.0,6.01,16.02,6.01,0.0,0.0,153.77,13.16,2.405,0.709,STRAIGHT,1.5,1.5,"CMD,0.7,1.50",4.0,0.141,2.043,0.301,1,0.6136,0,NORMAL,37.079,-0.225,1,1,1,1,1,160.0,114,14,dijkstra,fallback_centerline,0.18407,0,,,,,,0,,,,141240,55016,2367
1457,108.95806646347046,2026-03-06T01:41:19.758232,0.0,0.0,6.71,0.0,0.0,0.0,0.0,20.73,13.19,3.536,2.405,STRAIGHT,1.5,1.5,"CMD,2.4,1.50",4.0,0.141,2.043,0.301,1,0.6136,0,NORMAL,38.424,-0.036,1,1,1,1,1,150.0,0,0,dijkstra,predict,0.17292,0,,,,,,0,,,,141270,51877,0
1458,109.13264894485474,2026-03-06T01:41:19.932815,114.76,0.0,6.01,16.02,6.01,0.0,0.0,160.83,12.45,4.72,3.536,STRAIGHT,1.5,1.5,"CMD,3.5,1.50",3.4,0.1727,1.868,0.31,1,0.6805,0,NORMAL,41.891,-0.091,1,1,1,1,1,141.8,116,10,dijkstra,fallback_centerline,0.19186,0,,,,,,0,,,,140852,57274,2109
1459,109.16900253295898,2026-03-06T01:41:19.969168,0.0,0.0,3.96,0.0,0.0,0.0,2.0,20.33,12.47,5.51,4.72,STRAIGHT,1.5,1.5,"CMD,4.7,1.50",3.4,0.1727,1.868,0.31,1,0.6805,0,NORMAL,45.406,-0.077,1,1,1,1,1,131.8,0,0,dijkstra,predict,0.18927,0,,,,,,0,,,,140866,56781,0
1460,109.2031683921814,2026-03-06T01:41:20.003334,0.0,0.0,4.93,0.0,0.0,0.0,0.0,18.16,13.24,6.036,5.51,STRAIGHT,1.5,1.5,"CMD,5.5,1.50",3.4,0.1727,1.868,0.31,1,0.6805,0,NORMAL,47.931,-0.11,1,1,1,1,1,126.8,0,0,dijkstra,predict,0.18247,0,,,,,,0,,,,140866,54742,0
1461,109.24178719520569,2026-03-06T01:41:20.041953,0.0,0.0,6.3,0.0,0.0,0.0,0.0,23.33,13.26,6.387,6.036,STRAIGHT,1.5,1.5,"CMD,6.0,1.50",3.4,0.1727,1.868,0.31,1,0.6805,0,NORMAL,48.231,0.137,1,1,1,1,1,116.8,0,0,dijkstra,predict,0.17356,0,,,,,,0,,,,140866,52068,0
1462,109.41578912734985,2026-03-06T01:41:20.215955,111.86,0.0,6.01,20.26,4.01,0.0,0.0,160.16,12.48,4.936,6.036,STRAIGHT,1.5,1.5,"CMD,6.0,1.50",3.813,0.0493,2.681,0.178,1,0.6806,0,NORMAL,50.566,-0.32,1,1,1,1,1,156.3,128,10,dijkstra,fallback_centerline,0.20167,0,,,,,,0,,,,142758,60216,2291
1463,109.45549631118774,2026-03-06T01:41:20.255662,3.66,0.0,4.01,0.0,0.0,0.0,0.0,21.68,12.48,3.968,4.936,STRAIGHT,1.5,1.5,"CMD,4.9,1.50",3.813,0.0493,2.681,0.178,1,0.6806,0,NORMAL,51.928,-0.159,1,1,1,1,1,146.3,0,0,dijkstra,predict,0.19868,0,,,,,,0,,,,142858,59604,0
1464,109.49144864082336,2026-03-06T01:41:20.291615,2.0,0.0,2.0,0.0,0.0,0.0,0.0,19.92,13.24,3.323,3.968,STRAIGHT,1.5,1.5,"CMD,4.0,1.50",3.813,0.0493,2.681,0.178,1,0.6806,0,NORMAL,52.089,0.014,1,1,1,1,1,141.3,0,0,dijkstra,predict,0.18855,0,,,,,,0,,,,142858,56566,0
1465,109.52830195426941,2026-03-06T01:41:20.328468,0.0,0.0,5.07,0.0,0.0,0.0,0.0,19.09,13.3,2.893,3.323,STRAIGHT,1.5,1.5,"CMD,3.3,1.50",3.813,0.0493,2.681,0.178,1,0.6806,0,NORMAL,52.496,-0.007,1,1,1,1,1,131.4,0,0,dijkstra,predict,0.17797,0,,,,,,0,,,,142858,53391,0
1466,109.68625068664551,2026-03-06T01:41:20.486417,104.2,0.0,0.0,10.05,2.0,0.0,0.0,143.41,12.61,2.607,2.893,STRAIGHT,1.5,1.5,"CMD,2.9,1.50",3.813,0.0493,2.681,0.178,1,0.6678,0,NORMAL,55.786,-0.08,1,1,1,1,2,59.3,56,4,dijkstra,graph,0.1664,0,,,,,,0,,,,155345,49715,1113
1467,109.86146259307861,2026-03-06T01:41:20.661628,108.51,0.0,7.97,22.26,6.01,0.0,0.0,161.19,11.91,1.483,2.607,STRAIGHT,1.5,1.5,"CMD,2.6,1.50",4.0,-0.0185,3.996,-0.148,1,0.7583,0,NORMAL,56.259,-0.079,1,1,1,1,1,224.8,120,5,dijkstra,fallback_centerline,0.18372,0,,,,,,0,,,,145131,54990,1415
1468,109.9003119468689,2026-03-06T01:41:20.700478,0.0,0.0,4.34,0.0,0.0,0.0,0.0,24.83,12.54,0.735,1.483,STRAIGHT,1.5,1.5,"CMD,1.5,1.50",4.0,-0.0185,3.996,-0.148,1,0.7583,0,NORMAL,56.433,-0.14,1,1,1,1,1,224.8,0,0,dijkstra,predict,0.18317,0,,,,,,0,,,,145176,54952,0
1469,109.9345850944519,2026-03-06T01:41:20.734751,0.0,0.0,6.5,0.0,0.0,0.0,0.0,20.52,12.61,0.235,0.735,STRAIGHT,1.5,1.5,"CMD,0.7,1.50",4.0,-0.0185,3.996,-0.148,1,0.7583,0,NORMAL,56.281,-0.237,1,1,1,1,1,224.8,0,0,dijkstra,predict,0.18195,0,,,,,,0,,,,145176,54585,0
1470,109.96523785591125,2026-03-06T01:41:20.765404,2.25,0.0,0.0,0.0,0.0,0.0,0.0,20.6,12.66,-0.097,0.235,STRAIGHT,1.5,1.5,"CMD,0.2,1.50",4.0,-0.0185,3.996,-0.148,1,0.7583,0,NORMAL,56.264,-0.187,1,1,1,1,1,219.8,0,0,dijkstra,predict,0.1785,0,,,,,,0,,,,145176,53549,0
1471,110.13587689399719,2026-03-06T01:41:20.936043,107.2,0.0,10.21,13.76,0.0,0.0,0.0,151.36,11.95,0.269,0.235,STRAIGHT,1.5,1.5,"CMD,0.2,1.50",4.0,0.0243,1.37,0.023,1,0.8341,0,NORMAL,56.442,-0.122,1,1,1,1,1,68.5,75,4,dijkstra,graph,0.22347,0,,,,,,0,,,,159456,66815,1456
1472,110.17188692092896,2026-03-06T01:41:20.972053,2.0,0.0,4.01,0.0,0.0,0.0,0.0,21.61,12.66,0.514,0.269,STRAIGHT,1.5,1.5,"CMD,0.3,1.50",4.0,0.0243,1.37,0.023,1,0.8341,0,NORMAL,56.771,-0.094,1,1,1,1,1,58.5,0,0,dijkstra,predict,0.22331,0,,,,,,0,,,,159936,66992,0
1473,110.21155738830566,2026-03-06T01:41:21.011723,3.62,0.0,4.01,0.0,0.0,0.0,0.0,21.65,12.66,0.677,0.514,STRAIGHT,1.5,1.5,"CMD,0.5,1.50",4.0,0.0243,1.37,0.023,1,0.8341,0,NORMAL,57.123,-0.054,1,1,1,1,1,53.5,0,0,dijkstra,predict,0.22045,0,,,,,,0,,,,159936,66135,0
1474,110.24178671836853,2026-03-06T01:41:21.041953,0.0,0.0,0.0,0.0,0.0,0.0,0.0,16.21,12.72,0.786,0.677,STRAIGHT,1.5,1.5,"CMD,0.7,1.50",4.0,0.0243,1.37,0.023,1,0.8341,0,NORMAL,57.562,-0.017,1,1,1,1,1,48.5,0,0,dijkstra,predict,0.21356,0,,,,,,0,,,,159936,64067,0
1475,110.40193057060242,2026-03-06T01:41:21.202096,103.37,0.0,10.16,12.46,0.0,0.0,0.0,143.63,12.05,0.937,0.786,STRAIGHT,1.5,1.5,"CMD,0.8,1.50",4.0,0.03,1.233,0.023,1,0.7697,0,NORMAL,57.749,0.064,1,1,1,1,1,61.6,27,3,dijkstra,graph,0.18333,0,,,,,,0,,,,123195,54863,1036
1476,110.44023609161377,2026-03-06T01:41:21.240402,2.67,0.0,0.0,0.0,0.0,0.0,0.0,18.04,12.82,1.037,0.937,STRAIGHT,1.5,1.5,"CMD,0.9,1.50",4.0,0.03,1.233,0.023,1,0.7697,0,NORMAL,59.139,0.113,1,1,1,1,1,51.6,0,0,dijkstra,predict,0.1826,0,,,,,,0,,,,123517,54779,0
1477,110.48078751564026,2026-03-06T01:41:21.280953,0.0,0.0,3.7,0.0,0.0,0.0,0.0,20.32,12.81,1.104,1.037,STRAIGHT,1.5,1.5,"CMD,1.0,1.50",4.0,0.03,1.233,0.023,1,0.7697,0,NORMAL,59.765,0.215,1,1,1,1,1,46.6,0,0,dijkstra,predict,0.18139,0,,,,,,0,,,,123517,54418,0
1478,110.5160744190216,2026-03-06T01:41:21.316240,2.0,0.0,2.0,0.0,0.0,0.0,0.0,19.74,12.83,1.149,1.104,STRAIGHT,1.5,1.5,"CMD,1.1,1.50",4.0,0.03,1.233,0.023,1,0.7697,0,NORMAL,61.128,0.213,1,1,1,1,1,41.6,0,0,dijkstra,predict,0.17494,0,,,,,,0,,,,123517,52481,0
1479,110.68159294128418,2026-03-06T01:41:21.481759,104.81,0.0,10.04,10.34,0.0,0.0,0.0,149.5,12.19,0.975,1.104,STRAIGHT,1.5,1.5,"CMD,1.1,1.50",4.0,0.0152,1.735,0.023,1,0.8165,0,NORMAL,61.346,0.206,1,1,1,1,1,86.8,74,5,dijkstra,graph,0.21314,0,,,,,,0,,,,144568,63768,1474
1480,110.71534490585327,2026-03-06T01:41:21.515511,0.0,0.0,3.73,0.0,0.0,0.0,0.0,23.7,12.91,0.858,0.975,STRAIGHT,1.5,1.5,"CMD,1.0,1.50",4.0,0.0152,1.735,0.023,1,0.8165,0,NORMAL,62.056,0.253,1,1,1,1,1,76.8,0,0,dijkstra,predict,0.21212,0,,,,,,0,,,,144651,63636,0
1481,110.75154280662537,2026-03-06T01:41:21.551709,0.0,0.0,4.94,0.0,0.0,0.0,0.0,20.18,12.92,0.781,0.858,STRAIGHT,1.5,1.5,"CMD,0.9,1.50",4.0,0.0152,1.735,0.023,1,0.8165,0,NORMAL,62.373,0.268,1,1,1,1,1,71.8,0,0,dijkstra,predict,0.21047,0,,,,,,0,,,,144651,63142,0
1482,110.78575277328491,2026-03-06T01:41:21.585919,1.0,0.0,4.01,0.0,0.0,0.0,0.0,24.2,12.95,0.729,0.781,STRAIGHT,1.5,1.5,"CMD,0.8,1.50",4.0,0.0152,1.735,0.023,1,0.8165,0,NORMAL,62.658,0.251,1,1,1,1,1,66.8,0,0,dijkstra,predict,0.20345,0,,,,,,0,,,,144651,61035,0
1483,110.9423680305481,2026-03-06T01:41:21.742534,106.39,0.0,12.18,6.01,0.0,0.0,0.0,142.6,12.29,0.665,0.729,STRAIGHT,1.5,1.5,"CMD,0.7,1.50",4.0,0.013,1.872,0.023,1,0.9428,0,NORMAL,62.747,0.279,1,1,1,1,1,93.6,33,4,dijkstra,graph,0.2282,0,,,,,,0,,,,151808,68196,1258
1484,110.98338508605957,2026-03-06T01:41:21.783551,0.0,0.0,3.01,0.0,0.0,0.0,0.0,20.42,12.98,0.623,0.665,STRAIGHT,1.5,1.5,"CMD,0.7,1.50",4.0,0.013,1.872,0.023,1,0.9428,0,NORMAL,62.841,0.3,1,1,1,1,1,83.6,0,0,dijkstra,predict,0.22691,0,,,,,,0,,,,152575,68072,0
1485,111.01499676704407,2026-03-06T01:41:21.815163,0.0,0.0,0.0,0.0,0.0,0.0,0.0,16.02,13.85,0.594,0.623,STRAIGHT,1.5,1.5,"CMD,0.6,1.50",4.0,0.013,1.872,0.023,1,0.9428,0,NORMAL,62.921,0.32,1,1,1,1,1,78.6,0,0,dijkstra,predict,0.22534,0,,,,,,0,,,,152575,67601,0
1486,111.06032705307007,2026-03-06T01:41:21.860493,0.0,0.0,6.97,0.0,0.0,0.0,0.0,22.99,13.79,0.575,0.594,STRAIGHT,1.5,1.5,"CMD,0.6,1.50",4.0,0.013,1.872,0.023,1,0.9428,0,NORMAL,61.907,0.406,1,1,1,1,1,73.6,0,0,dijkstra,predict,0.21917,0,,,,,,0,,,,152575,65750,0
1487,111.22208189964294,2026-03-06T01:41:22.022248,104.77,0.0,10.26,12.2,2.0,0.0,0.0,148.04,13.88,0.572,0.575,STRAIGHT,1.5,1.5,"CMD,0.6,1.50",4.0,0.0137,1.826,0.023,1,0.6335,0,NORMAL,60.488,0.45,1,1,1,1,1,91.3,29,5,dijkstra,graph,0.17409,0,,,,,,0,,,,96586,52182,1167
1488,111.25591921806335,2026-03-06T01:41:22.056085,0.0,0.0,3.5,0.0,0.0,0.0,0.0,19.82,13.9,0.569,0.572,STRAIGHT,1.5,1.5,"CMD,0.6,1.50",4.0,0.0137,1.826,0.023,1,0.6335,0,NORMAL,59.7,0.3,1,1,1,1,1,81.3,0,0,dijkstra,predict,0.17425,0,,,,,,0,,,,96593,52275,0
1489,111.29026889801025,2026-03-06T01:41:22.090435,2.0,0.0,2.0,0.0,0.0,0.0,0.0,24.29,13.89,0.568,0.569,STRAIGHT,1.5,1.5,"CMD,0.6,1.50",4.0,0.0137,1.826,0.023,1,0.6335,0,NORMAL,58.691,0.236,1,1,1,1,1,76.3,0,0,dijkstra,predict,0.17402,0,,,,,,0,,,,96593,52207,0
1490,111.32054662704468,2026-03-06T01:41:22.120713,0.0,0.0,0.0,0.0,0.0,0.0,0.0,14.26,13.95,0.567,0.568,STRAIGHT,1.5,1.5,"CMD,0.6,1.50",4.0,0.0137,1.826,0.023,1,0.6335,0,NORMAL,56.398,0.14,1,1,1,1,1,71.3,0,0,dijkstra,predict,0.17269,0,,,,,,0,,,,96593,51806,0
1491,111.48786187171936,2026-03-06T01:41:22.288028,113.62,0.0,12.09,6.01,0.0,0.0,0.0,149.74,14.0,0.586,0.568,STRAIGHT,1.5,1.5,"CMD,0.6,1.50",4.0,0.0152,1.735,0.023,1,0.5956,0,NORMAL,57.258,0.068,1,1,1,1,1,86.8,10,4,dijkstra,graph,0.22793,0,,,,,,0,,,,158859,68248,973
1492,111.52048134803772,2026-03-06T01:41:22.320647,0.0,0.0,0.0,0.0,0.0,0.0,0.0,12.34,14.04,0.6,0.586,STRAIGHT,1.5,1.5,"CMD,0.6,1.50",4.0,0.0152,1.735,0.023,1,0.5956,0,NORMAL,56.952,0.069,1,1,1,1,1,76.8,0,0,dijkstra,predict,0.22815,0,,,,,,0,,,,159463,68445,0
1493,111.55979514122009,2026-03-06T01:41:22.359961,1.74,0.0,0.0,0.0,0.0,0.0,0.0,20.83,14.02,0.608,0.6,STRAIGHT,1.5,1.5,"CMD,0.6,1.50",4.0,0.0152,1.735,0.023,1,0.5956,0,NORMAL,56.373,0.102,1,1,1,1,1,71.8,0,0,dijkstra,predict,0.2267,0,,,,,,0,,,,159463,68011,0
1494,111.60267877578735,2026-03-06T01:41:22.402845,0.0,0.0,5.67,0.0,0.0,0.0,0.0,22.52,13.97,0.614,0.608,STRAIGHT,1.5,1.5,"CMD,0.6,1.50",4.0,0.0152,1.735,0.023,1,0.5956,0,NORMAL,55.683,0.098,1,1,1,1,1,66.8,0,0,dijkstra,predict,0.22039,0,,,,,,0,,,,159463,66118,0
1495,111.76233649253845,2026-03-06T01:41:22.562503,115.06,0.0,6.01,6.01,2.0,0.0,0.0,151.65,13.97,0.618,0.614,STRAIGHT,1.5,1.5,"CMD,0.6,1.50",4.0,0.0152,1.735,0.023,1,0.9302,0,NORMAL,55.721,0.156,1,1,1,1,1,86.8,9,4,dijkstra,graph,0.21707,0,,,,,,0,,,,150187,64943,787
1496,111.8033390045166,2026-03-06T01:41:22.603505,0.0,0.0,4.4,0.0,0.0,0.0,0.0,20.49,14.93,0.62,0.618,STRAIGHT,1.5,1.5,"CMD,0.6,1.50",4.0,0.0152,1.735,0.023,1,0.9302,0,NORMAL,55.142,0.133,1,1,1,1,1,76.8,0,0,dijkstra,predict,0.21727,0,,,,,,0,,,,150892,65180,0
1497,111.84020614624023,2026-03-06T01:41:22.640372,2.0,0.0,4.01,0.0,0.0,0.0,0.0,26.8,14.95,0.622,0.62,STRAIGHT,1.5,1.5,"CMD,0.6,1.50",4.0,0.0152,1.735,0.023,1,0.9302,0,NORMAL,53.67,0.238,1,1,1,1,1,71.8,0,0,dijkstra,predict,0.21688,0,,,,,,0,,,,150892,65063,0
1498,111.8702609539032,2026-03-06T01:41:22.670427,2.0,0.0,0.0,0.0,0.0,0.0,0.0,16.04,14.98,0.623,0.622,STRAIGHT,1.5,1.5,"CMD,0.6,1.50",4.0,0.0152,1.735,0.023,1,0.9302,0,NORMAL,52.99,0.438,1,1,1,1,1,66.8,0,0,dijkstra,predict,0.21046,0,,,,,,0,,,,150892,63138,0
1499,112.02641344070435,2026-03-06T01:41:22.826579,102.45,0.0,10.43,9.77,0.0,0.0,0.0,140.12,14.07,0.613,0.622,STRAIGHT,1.5,1.5,"CMD,0.6,1.50",4.0,0.0144,1.781,0.023,1,0.8371,0,NORMAL,52.239,0.529,1,1,1,1,1,89.0,11,4,dijkstra,graph,0.24128,0,,,,,,0,,,,160682,72128,994
1500,112.06727600097656,2026-03-06T01:41:22.867442,0.0,0.0,5.0,0.0,0.0,0.0,0.0,20.79,15.02,0.607,0.613,STRAIGHT,1.5,1.5,"CMD,0.6,1.50",4.0,0.0144,1.781,0.023,1,0.8371,0,NORMAL,51.861,0.518,1,1,1,1,1,79.0,0,0,dijkstra,predict,0.24116,0,,,,,,0,,,,163073,72348,0
1501,112.10791873931885,2026-03-06T01:41:22.908085,0.0,0.0,6.41,0.0,0.0,0.0,0.0,30.59,14.98,0.603,0.607,STRAIGHT,1.5,1.5,"CMD,0.6,1.50",4.0,0.0144,1.781,0.023,1,0.8371,0,NORMAL,51.9,0.294,1,1,1,1,1,74.0,0,0,dijkstra,predict,0.24064,0,,,,,,0,,,,163073,72192,0
1502,112.13871240615845,2026-03-06T01:41:22.938878,2.01,0.0,0.0,0.0,0.0,0.0,0.0,16.62,15.05,0.6,0.603,STRAIGHT,1.5,1.5,"CMD,0.6,1.50",4.0,0.0144,1.781,0.023,1,0.8371,0,NORMAL,51.323,0.482,1,1,1,1,1,69.0,0,0,dijkstra,predict,0.23546,0,,,,,,0,,,,163073,70639,0
1503,112.301265001297,2026-03-06T01:41:23.101431,109.34,0.0,10.08,7.88,2.45,0.0,0.0,152.51,14.08,0.608,0.603,STRAIGHT,1.5,1.5,"CMD,0.6,1.50",4.0,0.0152,1.735,0.023,1,0.8857,0,NORMAL,50.624,0.654,1,1,1,1,1,86.8,9,3,dijkstra,graph,0.22702,0,,,,,,0,,,,157182,67994,854
1504,112.34159779548645,2026-03-06T01:41:23.141764,2.0,0.0,3.33,0.0,0.0,0.0,0.0,30.27,14.95,0.614,0.608,STRAIGHT,1.5,1.5,"CMD,0.6,1.50",4.0,0.0152,1.735,0.023,1,0.8857,0,NORMAL,50.232,0.831,1,1,1,1,1,76.8,0,0,dijkstra,predict,0.22751,0,,,,,,0,,,,157333,68254,0
1505,112.37305164337158,2026-03-06T01:41:23.173218,1.74,0.0,0.0,0.0,0.0,0.0,0.0,20.3,15.0,0.618,0.614,STRAIGHT,1.5,1.5,"CMD,0.6,1.50",4.0,0.0152,1.735,0.023,1,0.8857,0,NORMAL,50.061,0.943,1,1,1,1,1,71.8,0,0,dijkstra,predict,0.22729,0,,,,,,0,,,,157333,68188,0
1506,112.40988397598267,2026-03-06T01:41:23.210050,2.4,0.0,4.01,0.0,0.0,0.0,0.0,26.69,15.03,0.62,0.618,STRAIGHT,1.5,1.5,"CMD,0.6,1.50",4.0,0.0152,1.735,0.023,1,0.8857,0,NORMAL,50.676,0.981,1,1,1,1,1,66.8,0,0,dijkstra,predict,0.222,0,,,,,,0,,,,157333,66599,0
1507,112.58689737319946,2026-03-06T01:41:23.387063,114.92,0.0,6.98,10.34,0.0,0.0,0.0,153.08,14.07,0.882,0.62,STRAIGHT,1.5,1.5,"CMD,0.6,1.50",2.193,0.0341,2.129,0.077,1,0.5183,0,NORMAL,51.538,0.93,1,1,1,1,1,182.0,77,4,dijkstra,fallback_centerline,0.15132,0,,,,,,0,,,,88829,45512,1112
1508,112.75587677955627,2026-03-06T01:41:23.556043,110.68,0.0,4.46,10.02,6.01,0.0,0.0,154.52,13.98,1.558,0.882,STRAIGHT,1.5,1.5,"CMD,0.9,1.50",2.185,0.0706,2.115,0.159,1,0.6583,0,NORMAL,52.718,0.858,1,1,1,1,1,181.7,50,3,dijkstra,fallback_centerline,0.1144,0,,,,,,0,,,,60946,34257,955
1509,112.91060853004456,2026-03-06T01:41:23.710774,106.27,0.0,10.1,10.31,0.0,0.0,0.0,140.71,13.21,2.008,1.558,STRAIGHT,1.5,1.5,"CMD,1.6,1.50",2.185,0.0706,2.115,0.159,1,0.8174,0,NORMAL,54.027,0.724,1,1,1,1,1,69.1,58,3,dijkstra,graph,0.1031,0,,,,,,0,,,,51114,30896,996
1510,112.94587016105652,2026-03-06T01:41:23.746036,0.0,0.0,2.93,0.0,0.0,0.0,0.0,25.2,13.22,2.309,2.008,STRAIGHT,1.5,1.5,"CMD,2.0,1.50",2.185,0.0706,2.115,0.159,1,0.8174,0,NORMAL,54.6,0.671,1,1,1,1,1,68.8,0,0,dijkstra,predict,0.10547,0,,,,,,0,,,,51114,31642,0
1511,113.11275577545166,2026-03-06T01:41:23.912922,106.55,0.0,10.44,8.38,10.06,0.0,0.0,152.01,12.46,2.81,2.309,STRAIGHT,1.5,1.5,"CMD,2.3,1.50",1.867,0.0926,1.732,0.14,1,0.4485,0,NORMAL,54.634,0.597,1,1,1,1,1,183.6,71,3,dijkstra,fallback_centerline,0.11132,0,,,,,,0,,,,58812,33343,1064
1512,113.28122186660767,2026-03-06T01:41:24.081388,102.07,0.0,10.35,19.79,4.01,0.0,0.0,158.4,12.4,1.167,2.309,STRAIGHT,1.5,1.5,"CMD,2.3,1.50",2.176,-0.0514,2.058,-0.109,1,0.5055,0,NORMAL,54.335,0.533,1,1,1,1,1,190.6,92,4,dijkstra,fallback_centerline,0.13684,0,,,,,,0,,,,93314,40969,1050
1513,113.4324254989624,2026-03-06T01:41:24.232591,95.7,0.0,10.33,10.02,3.75,0.0,2.0,137.19,11.84,1.162,1.167,STRAIGHT,1.5,1.5,"CMD,1.2,1.50",4.0,0.0279,1.279,0.023,1,0.8331,0,NORMAL,54.141,0.52,1,1,1,1,1,63.9,15,4,dijkstra,graph,0.14628,0,,,,,,0,,,,109109,43864,755
1514,113.4667432308197,2026-03-06T01:41:24.266909,2.73,0.0,0.0,0.0,0.0,0.0,0.0,18.3,11.83,1.158,1.162,STRAIGHT,1.5,1.5,"CMD,1.2,1.50",4.0,0.0279,1.279,0.023,1,0.8331,0,NORMAL,53.788,0.436,1,1,1,1,1,53.9,0,0,dijkstra,predict,0.14569,0,,,,,,0,,,,109109,43707,0
1515,113.5051109790802,2026-03-06T01:41:24.305277,2.0,0.0,4.01,0.0,0.0,0.0,0.0,28.24,11.86,1.156,1.158,STRAIGHT,1.5,1.5,"CMD,1.2,1.50",4.0,0.0279,1.279,0.023,1,0.8331,0,NORMAL,53.242,0.429,1,1,1,1,1,48.9,0,0,dijkstra,predict,0.14476,0,,,,,,0,,,,109109,43427,0
1516,113.53715705871582,2026-03-06T01:41:24.337323,2.0,0.0,0.0,0.0,0.0,0.0,0.0,18.03,12.53,1.154,1.156,STRAIGHT,1.5,1.5,"CMD,1.2,1.50",4.0,0.0279,1.279,0.023,1,0.8331,0,NORMAL,53.219,0.44,1,1,1,1,1,43.9,0,0,dijkstra,predict,0.14088,0,,,,,,0,,,,109109,42263,0
1517,113.69267272949219,2026-03-06T01:41:24.492839,109.12,0.0,0.0,14.05,0.0,0.0,0.0,145.45,11.9,1.153,1.154,STRAIGHT,1.5,1.5,"CMD,1.2,1.50",4.0,0.0279,1.279,0.023,1,0.1149,1,WARN,52.914,0.411,1,1,1,1,1,63.9,15,4,dijkstra,graph,0.14628,0,,,,,,0,,,,109109,43864,755
1518,113.72875118255615,2026-03-06T01:41:24.528917,2.0,0.0,0.0,0.0,0.0,0.0,0.0,19.91,11.89,1.152,1.153,STRAIGHT,1.5,1.5,"CMD,1.2,1.50",4.0,0.0279,1.279,0.023,1,0.1149,1,WARN,52.265,0.364,1,1,1,1,1,53.9,0,0,dijkstra,predict,0.14672,0,,,,,,0,,,,12541,44017,0
1519,113.76197671890259,2026-03-06T01:41:24.562143,2.99,0.0,0.0,0.0,0.0,0.0,0.0,23.17,11.88,1.152,1.152,STRAIGHT,1.5,1.5,"CMD,1.2,1.50",4.0,0.0279,1.279,0.023,1,0.1149,1,WARN,52.005,0.317,1,1,1,1,1,48.9,0,0,dijkstra,predict,0.14463,0,,,,,,0,,,,12541,43390,0
1520,113.79980754852295,2026-03-06T01:41:24.599973,2.24,0.0,2.0,0.0,0.0,0.0,0.0,30.82,12.54,1.152,1.152,STRAIGHT,1.5,1.5,"CMD,1.2,1.50",4.0,0.0279,1.279,0.023,1,0.1149,1,WARN,51.38,0.328,1,1,1,1,1,43.9,0,0,dijkstra,predict,0.141,0,,,,,,0,,,,12541,42300,0
1521,113.95675730705261,2026-03-06T01:41:24.756923,110.77,0.0,5.51,6.01,2.62,0.0,0.0,144.93,11.9,1.151,1.152,STRAIGHT,1.5,1.5,"CMD,1.2,1.50",4.0,0.0279,1.279,0.023,1,0.0237,2,WARN,50.862,0.238,1,1,1,1,1,63.9,15,4,dijkstra,graph,0.14628,0,,,,,,0,,,,109109,43864,755
1522,113.99306058883667,2026-03-06T01:41:24.793226,2.0,0.0,2.0,0.0,0.0,0.0,0.0,28.55,11.93,1.151,1.151,STRAIGHT,1.5,1.5,"CMD,1.2,1.50",4.0,0.0279,1.279,0.023,1,0.0237,2,WARN,50.32,0.251,1,1,1,1,1,53.9,0,0,dijkstra,predict,0.14664,0,,,,,,0,,,,2586,43993,0
1523,114.02712082862854,2026-03-06T01:41:24.827287,2.0,0.0,4.01,0.0,0.0,0.0,0.0,22.04,11.96,1.151,1.151,STRAIGHT,1.5,1.5,"CMD,1.2,1.50",4.0,0.0279,1.279,0.023,1,0.0237,2,WARN,50.177,0.195,1,1,1,1,1,48.9,0,0,dijkstra,predict,0.14464,0,,,,,,0,,,,2586,43393,0
1524,114.05602931976318,2026-03-06T01:41:24.856195,0.0,0.0,0.0,0.0,0.0,0.0,0.0,18.89,12.64,1.151,1.151,STRAIGHT,1.5,1.5,"CMD,1.2,1.50",4.0,0.0279,1.279,0.023,1,0.0237,2,WARN,50.025,0.134,1,1,1,1,1,43.9,0,0,dijkstra,predict,0.14091,0,,,,,,0,,,,2586,42272,0
1525,114.21624732017517,2026-03-06T01:41:25.016413,112.23,0.0,0.0,10.02,0.0,0.0,0.0,142.42,12.02,1.151,1.151,STRAIGHT,1.5,1.5,"CMD,1.2,1.50",4.0,0.0279,1.279,0.023,1,0.0,3,WARN,50.951,0.053,1,1,1,1,1,65.7,70,4,dijkstra,graph,0.13667,0,,,,,,0,,,,92865,41001,996
1526,114.38222312927246,2026-03-06T01:41:25.182389,109.71,0.0,0.0,7.01,6.01,0.0,2.0,155.87,11.41,-0.272,1.151,STRAIGHT,1.5,1.5,"CMD,1.2,1.50",2.084,-0.0756,1.955,-0.145,1,0.0,4,WARN,52.733,-0.018,1,1,1,1,1,182.3,39,4,dijkstra,fallback_centerline,0.13273,0,,,,,,0,,,,88087,39666,780
1527,114.54310417175293,2026-03-06T01:41:25.343270,110.41,0.0,6.01,10.01,4.01,0.0,0.0,150.87,10.85,-0.943,-0.272,STRAIGHT,1.5,1.5,"CMD,-0.3,1.50",2.866,-0.0554,2.79,-0.217,1,0.0,5,WARN,55.297,-0.064,1,1,1,1,1,166.7,43,5,dijkstra,fallback_centerline,0.13304,0,,,,,,0,,,,14439,39622,922
1528,114.57932043075562,2026-03-06T01:41:25.379486,0.0,0.0,5.76,0.0,0.0,0.0,0.0,22.2,11.36,-1.39,-0.943,STRAIGHT,1.5,1.5,"CMD,-0.9,1.50",2.866,-0.0554,2.79,-0.217,1,0.0,5,WARN,59.344,-0.164,1,1,1,1,1,156.7,0,0,dijkstra,predict,0.12439,0,,,,,,0,,,,0,37317,0
1529,114.7301173210144,2026-03-06T01:41:25.530283,108.28,0.0,6.01,10.47,0.0,0.0,0.0,140.78,10.89,0.02,-0.943,STRAIGHT,1.5,0.2,"CMD,-0.9,0.20",2.697,0.0689,2.663,0.246,1,0.0,6,LIMITED,62.612,-0.226,1,1,1,1,1,173.0,46,8,dijkstra,fallback_centerline,0.11988,0,,,,,,0,,,,617,36165,1188
1530,114.77059555053711,2026-03-06T01:41:25.570761,0.0,0.0,4.31,0.0,0.0,0.0,0.0,20.18,10.89,0.961,0.02,STRAIGHT,1.5,0.2,"CMD,0.0,0.20",2.697,0.0689,2.663,0.246,1,0.0,6,LIMITED,65.502,-0.366,1,1,1,1,1,163.0,0,0,dijkstra,predict,0.09286,0,,,,,,0,,,,0,27859,0
1531,114.9297444820404,2026-03-06T01:41:25.729910,111.23,0.0,4.0,8.33,5.52,0.0,0.0,147.12,10.39,1.617,0.961,STRAIGHT,1.5,0.2,"CMD,1.0,0.20",2.628,0.0711,2.595,0.241,1,0.0,7,LIMITED,67.307,-0.394,1,1,1,1,1,153.0,31,5,dijkstra,fallback_centerline,0.08731,0,,,,,,0,,,,0,26432,1042
1532,114.96252059936523,2026-03-06T01:41:25.762687,0.0,0.0,4.75,0.0,0.0,0.0,0.0,20.76,10.9,2.054,1.617,STRAIGHT,1.5,0.2,"CMD,1.6,0.20",2.628,0.0711,2.595,0.241,1,0.0,7,LIMITED,67.447,-0.315,1,1,1,1,1,143.0,0,0,dijkstra,predict,0.06495,0,,,,,,0,,,,0,19485,0
1533,115.12225008010864,2026-03-06T01:41:25.922416,113.37,0.0,4.0,6.98,4.01,0.0,1.5,149.72,10.43,0.926,1.617,STRAIGHT,1.5,0.2,"CMD,1.6,0.20",3.971,-0.0323,2.329,-0.088,1,0.0,8,LIMITED,67.382,-0.09,1,1,1,1,1,117.5,35,3,dijkstra,fallback_centerline,0.05979,0,,,,,,0,,,,0,18158,790
1534,115.15485501289368,2026-03-06T01:41:25.955021,2.0,0.0,3.74,0.0,0.0,0.0,0.0,22.59,10.42,0.174,0.926,STRAIGHT,1.5,0.2,"CMD,0.9,0.20",3.971,-0.0323,2.329,-0.088,1,0.0,8,LIMITED,59.914,0.055,1,1,1,1,1,107.5,0,0,dijkstra,predict,0.05217,0,,,,,,0,,,,0,15652,0
1535,115.31320762634277,2026-03-06T01:41:26.113374,110.15,0.0,4.01,10.02,2.0,0.0,0.0,148.34,9.99,-1.693,0.174,STRAIGHT,1.5,0.2,"CMD,0.2,0.20",2.482,-0.1319,1.918,-0.247,1,0.0,9,LIMITED,51.507,0.137,1,1,1,1,1,97.2,38,3,dijkstra,fallback_centerline,0.04705,0,,,,,,0,,,,0,14350,712
1536,115.34332823753357,2026-03-06T01:41:26.143494,0.0,0.0,3.58,0.0,0.0,0.0,0.0,20.11,10.48,-2.937,-1.693,STRAIGHT,1.5,0.2,"CMD,-1.7,0.20",2.482,-0.1319,1.918,-0.247,1,0.0,9,LIMITED,52.492,0.11,1,1,1,1,1,87.2,0,0,dijkstra,predict,0.04512,0,,,,,,0,,,,0,13537,0
1537,115.50100088119507,2026-03-06T01:41:26.301167,111.77,0.0,5.01,8.27,2.0,0.0,2.0,147.33,10.56,-3.663,-2.937,STRAIGHT,1.5,0.2,"CMD,-2.9,0.20",2.442,-0.1243,1.918,-0.232,1,0.0,10,LIMITED,53.438,0.019,1,1,1,1,1,98.7,31,4,dijkstra,fallback_centerline,0.04163,0,,,,,,0,,,,0,12733,666
1538,115.53534626960754,2026-03-06T01:41:26.335512,0.0,0.0,5.68,0.0,0.0,0.0,0.0,22.59,11.06,-4.147,-3.663,STRAIGHT,1.5,0.2,"CMD,-3.7,0.20",2.442,-0.1243,1.918,-0.232,1,0.0,10,LIMITED,54.081,0.092,1,1,1,1,1,88.7,0,0,dijkstra,predict,0.03774,0,,,,,,0,,,,0,11321,0
1539,115.69283127784729,2026-03-06T01:41:26.492997,111.78,0.0,6.01,2.0,4.02,0.0,0.0,147.11,10.56,-4.31,-4.147,STRAIGHT,1.5,0.2,"CMD,-4.1,0.20",2.721,-0.1126,2.055,-0.241,1,0.0,11,LIMITED,54.711,0.157,1,1,1,1,1,106.1,21,5,dijkstra,fallback_centerline,0.03496,0,,,,,,0,,,,0,10587,553
1540,115.72572898864746,2026-03-06T01:41:26.525895,0.0,0.0,6.86,0.0,0.0,0.0,0.0,22.88,11.1,-4.419,-4.31,STRAIGHT,1.5,0.2,"CMD,-4.3,0.20",2.721,-0.1126,2.055,-0.241,1,0.0,11,LIMITED,55.836,0.233,1,1,1,1,1,96.1,0,0,dijkstra,predict,0.03114,0,,,,,,0,,,,0,9341,0
1541,115.87735033035278,2026-03-06T01:41:26.677516,109.81,0.0,2.0,4.3,4.01,0.0,0.0,140.11,11.17,-4.674,-4.419,STRAIGHT,1.5,0.2,"CMD,-4.4,0.20",2.179,-0.126,1.781,-0.202,1,0.0,12,LIMITED,58.918,0.689,1,1,1,1,1,92.5,7,3,dijkstra,fallback_centerline,0.02746,0,,,,,,0,,,,0,8402,453
1542,116.0313606262207,2026-03-06T01:41:26.831527,113.24,0.0,4.01,2.0,4.01,0.0,0.0,141.99,11.16,-5.755,-4.674,STRAIGHT,1.5,0.2,"CMD,-4.7,0.20",1.904,-0.1932,1.507,-0.224,1,0.0,13,LIMITED,60.724,0.927,1,1,1,1,1,78.8,15,4,dijkstra,fallback_centerline,0.01963,0,,,,,,0,,,,0,6005,332
1543,116.17984747886658,2026-03-06T01:41:26.980013,112.44,0.0,6.01,4.01,0.0,0.0,0.0,138.47,10.69,-6.897,-5.755,STRAIGHT,1.5,0.2,"CMD,-5.8,0.20",1.764,-0.2244,1.396,-0.224,1,0.0,14,LIMITED,61.497,1.05,1,1,1,1,1,73.3,7,2,dijkstra,fallback_centerline,0.01093,0,,,,,,0,,,,0,3388,257
1544,116.33076238632202,2026-03-06T01:41:27.130928,112.28,0.0,4.98,3.34,1.74,0.0,0.0,140.83,10.26,-7.995,-6.897,STRAIGHT,1.5,0.2,"CMD,-6.9,0.20",1.727,-0.2497,1.339,-0.23,1,0.0,15,LIMITED,63.738,1.162,1,1,1,1,1,70.6,11,2,dijkstra,fallback_centerline,0.00411,0,,,,,,0,,,,0,1374,188
1545,116.47173190116882,2026-03-06T01:41:27.271898,104.22,0.0,4.0,0.0,0.0,0.0,0.0,130.91,9.88,-8.252,-7.995,STRAIGHT,1.5,0.2,"CMD,-8.0,0.20",1.754,-0.2141,1.339,-0.196,1,0.0,16,LIMITED,63.926,1.263,1,1,1,1,1,69.8,0,0,dijkstra,fallback_hold,0.0,0,,,,,,0,,,,0,0,0
1546,116.62351441383362,2026-03-06T01:41:27.423680,120.76,0.0,4.01,0.0,0.0,0.0,0.0,141.58,9.89,-8.101,-8.101,STRAIGHT,1.5,0.2,"CMD,-8.1,0.20",1.82,-0.1903,1.339,-0.173,1,0.0,17,LIMITED,63.746,1.396,1,1,1,1,1,69.1,0,0,dijkstra,fallback_hold,0.0,0,,,,,,0,,,,0,0,0
1547,116.76792573928833,2026-03-06T01:41:27.568092,111.04,0.0,6.01,0.0,2.58,0.0,0.0,135.43,9.54,-7.71,-8.101,STRAIGHT,1.5,0.2,"CMD,-8.1,0.20",1.892,-0.1688,1.339,-0.153,1,0.0,18,LIMITED,64.142,1.452,1,1,1,1,1,68.7,0,0,dijkstra,fallback_hold,0.0,0,,,,,,0,,,,0,0,0
1548,116.91223812103271,2026-03-06T01:41:27.712404,108.72,0.0,6.01,2.0,0.0,0.0,0.0,132.76,9.21,-7.186,-7.71,STRAIGHT,1.5,0.2,"CMD,-7.7,0.20",1.971,-0.1494,1.339,-0.135,1,0.0,19,LIMITED,64.303,1.684,1,1,1,1,1,68.3,0,0,dijkstra,fallback_hold,0.0,0,,,,,,0,,,,0,0,0
1549,117.05498886108398,2026-03-06T01:41:27.855155,110.46,0.0,4.01,0.0,2.0,0.0,0.0,140.75,8.91,-6.603,-7.186,STRAIGHT,1.5,0.2,"CMD,-7.2,0.20",2.059,-0.1321,1.339,-0.119,1,0.0,20,LIMITED,65.545,1.872,1,1,1,1,1,68.0,0,0,dijkstra,fallback_hold,0.0,0,,,,,,0,,,,0,0,0
1550,117.20444941520691,2026-03-06T01:41:28.004615,113.58,0.0,6.01,2.27,0.0,0.0,0.0,137.44,8.93,-6.004,-6.603,STRAIGHT,1.5,0.2,"CMD,-6.6,0.20",2.153,-0.1168,1.339,-0.105,1,0.0,21,LIMITED,65.047,2.165,1,1,1,1,1,67.7,0,0,dijkstra,fallback_hold,0.0,0,,,,,,0,,,,0,0,0
1551,117.34824991226196,2026-03-06T01:41:28.148416,113.62,0.0,6.01,0.0,0.0,0.0,0.0,135.19,8.64,-5.417,-6.004,STRAIGHT,1.5,0.2,"CMD,-6.0,0.20",2.256,-0.1031,1.339,-0.093,1,0.0,22,LIMITED,62.595,2.416,1,1,1,1,1,67.6,0,0,dijkstra,fallback_hold,0.0,0,,,,,,0,,,,0,0,0
1552,117.49131083488464,2026-03-06T01:41:28.291477,109.76,0.0,5.01,0.0,0.0,0.0,0.0,132.8,8.37,-4.86,-5.417,STRAIGHT,1.5,0.2,"CMD,-5.4,0.20",2.365,-0.0909,1.339,-0.082,1,0.0,23,LIMITED,59.491,2.795,1,1,1,1,1,67.4,0,0,dijkstra,fallback_hold,0.0,0,,,,,,0,,,,60,0,0
1553,117.63864588737488,2026-03-06T01:41:28.438812,113.0,0.0,4.01,0.0,0.0,0.0,0.0,139.32,8.09,-4.341,-4.86,STRAIGHT,1.5,0.2,"CMD,-4.9,0.20",2.482,-0.0802,1.339,-0.072,1,0.0025,24,LIMITED,58.284,2.997,1,1,1,1,1,67.3,0,0,dijkstra,fallback_hold,0.0,0,,,,,,0,,,,201,0,0
1554,117.78582310676575,2026-03-06T01:41:28.585989,107.4,0.0,8.29,0.0,5.34,0.0,0.0,134.92,8.12,-3.865,-4.341,STRAIGHT,1.5,0.2,"CMD,-4.3,0.20",2.606,-0.0706,1.339,-0.063,1,0.0379,25,LIMITED,54.423,3.0,1,1,1,1,1,67.2,0,0,dijkstra,fallback_hold,0.0,0,,,,,,0,,,,406,0,0
1555,117.93085718154907,2026-03-06T01:41:28.731023,111.99,0.0,4.0,0.0,0.0,0.0,0.0,134.02,8.17,-3.432,-3.865,STRAIGHT,1.5,0.2,"CMD,-3.9,0.20",2.737,-0.0623,1.339,-0.056,1,0.0,26,LIMITED,52.613,3.0,1,1,1,1,1,67.2,0,0,dijkstra,fallback_hold,0.0,0,,,,,,0,,,,52,0,0
1556,118.07515358924866,2026-03-06T01:41:28.875320,106.36,0.0,6.01,2.0,0.0,0.0,2.0,133.81,8.21,-3.042,-3.432,STRAIGHT,1.5,0.2,"CMD,-3.4,0.20",2.873,-0.0548,1.339,-0.049,1,0.0,27,LIMITED,52.343,3.0,1,1,1,1,1,67.1,0,0,dijkstra,fallback_hold,0.0,0,,,,,,0,,,,0,0,0
1557,118.21805453300476,2026-03-06T01:41:29.018220,111.25,0.0,4.0,2.0,0.0,0.0,2.0,138.9,7.97,-2.692,-3.042,STRAIGHT,1.5,0.2,"CMD,-3.0,0.20",3.014,-0.0483,1.339,-0.043,1,0.0,28,LIMITED,51.305,3.0,1,1,1,1,1,67.1,0,0,dijkstra,fallback_hold,0.0,0,,,,,,0,,,,420,0,0
1558,118.36699199676514,2026-03-06T01:41:29.167158,110.59,0.0,8.45,1.74,0.0,0.0,2.0,138.92,7.97,-2.379,-2.692,STRAIGHT,1.5,0.2,"CMD,-2.7,0.20",3.16,-0.0425,1.339,-0.038,1,0.0076,29,LIMITED,50.843,3.0,1,1,1,1,1,67.1,0,0,dijkstra,fallback_hold,0.0,0,,,,,,0,,,,1102,0,0
1559,118.50539207458496,2026-03-06T01:41:29.305558,106.66,0.0,6.01,0.0,0.0,0.0,0.0,128.39,7.76,-2.1,-2.379,STRAIGHT,1.5,0.2,"CMD,-2.4,0.20",3.308,-0.0374,1.339,-0.034,1,0.087,30,LIMITED,50.17,3.0,1,1,1,1,1,67.0,0,0,dijkstra,fallback_hold,0.0,0,,,,,,0,,,,1838,0,0
1560,118.65256428718567,2026-03-06T01:41:29.452730,112.52,0.0,4.01,0.0,2.0,0.0,0.0,136.8,7.79,-1.853,-2.1,STRAIGHT,1.5,0.2,"CMD,-2.1,0.20",3.46,-0.033,1.339,-0.03,1,0.0843,31,LIMITED,50.039,3.0,1,1,1,1,1,67.0,0,0,dijkstra,fallback_hold,0.0,0,,,,,,0,,,,4175,0,0
1561,118.80333161354065,2026-03-06T01:41:29.603498,114.18,0.0,5.57,2.84,0.0,0.0,0.0,138.61,7.55,-1.634,-1.853,STRAIGHT,1.5,0.2,"CMD,-1.9,0.20",3.612,-0.029,1.339,-0.026,1,0.0334,32,LIMITED,50.115,3.0,1,1,1,1,1,67.0,0,0,dijkstra,fallback_hold,0.0,0,,,,,,0,,,,5407,0,0
1562,118.95211052894592,2026-03-06T01:41:29.752276,110.05,0.0,6.01,0.0,0.0,0.0,0.0,135.06,7.57,-1.44,-1.634,STRAIGHT,1.5,0.2,"CMD,-1.6,0.20",3.763,-0.0255,1.339,-0.023,1,0.0376,33,LIMITED,50.086,3.0,1,1,1,1,1,67.0,0,0,dijkstra,fallback_hold,0.0,0,,,,,,0,,,,8155,0,0
1563,119.0957612991333,2026-03-06T01:41:29.895927,110.08,0.0,6.01,0.0,0.0,0.0,0.0,137.34,7.36,-1.269,-1.44,STRAIGHT,1.5,0.2,"CMD,-1.4,0.20",3.913,-0.0225,1.339,-0.02,1,0.0548,34,LIMITED,50.145,3.0,1,1,1,1,1,67.0,0,0,dijkstra,fallback_hold,0.0,0,,,,,,0,,,,17519,0,0
1564,119.24863910675049,2026-03-06T01:41:30.048805,115.24,0.0,6.01,2.0,0.0,0.0,0.0,140.55,7.37,-1.118,-1.269,STRAIGHT,1.5,0.2,"CMD,-1.3,0.20",4.0,-0.0198,1.339,-0.018,1,0.1179,35,LIMITED,50.056,3.0,1,1,1,1,1,67.0,0,0,dijkstra,fallback_hold,0.0,0,,,,,,0,,,,116848,0,0
1565,119.40148115158081,2026-03-06T01:41:30.201647,106.1,0.0,10.48,0.0,10.12,0.0,0.0,140.72,7.15,-0.985,-1.118,STRAIGHT,1.5,0.2,"CMD,-1.1,0.20",4.0,-0.0174,1.339,-0.016,1,0.676,34,LIMITED,50.037,3.0,1,1,1,1,1,67.0,0,0,dijkstra,fallback_hold,0.0,0,,,,,,0,,,,101376,0,0
1566,119.54439163208008,2026-03-06T01:41:30.344558,106.32,0.0,6.01,0.0,0.0,0.0,0.0,132.84,7.17,-0.867,-0.985,STRAIGHT,1.5,0.2,"CMD,-1.0,0.20",4.0,-0.0153,1.339,-0.014,1,0.7466,33,LIMITED,50.005,3.0,1,1,1,1,1,67.0,0,0,dijkstra,fallback_hold,0.0,0,,,,,,0,,,,122415,13,0
1567,119.70372033119202,2026-03-06T01:41:30.503886,115.15,0.0,0.0,2.0,2.0,0.0,2.0,149.19,6.95,1.58,-0.867,STRAIGHT,1.5,0.2,"CMD,-0.9,0.20",2.177,0.1576,1.654,0.219,1,0.8848,32,LIMITED,50.057,3.0,1,1,1,1,1,73.6,10,2,dijkstra,fallback_centerline,0.01215,0,,,,,,0,,,,134853,3905,247
1568,119.85816311836243,2026-03-06T01:41:30.658329,111.35,0.0,4.07,7.02,0.0,0.0,0.0,141.76,6.96,2.193,1.58,STRAIGHT,1.5,0.2,"CMD,1.6,0.20",2.444,0.0829,2.395,0.24,1,0.8636,31,LIMITED,50.175,3.0,1,1,1,1,1,141.2,56,6,dijkstra,fallback_centerline,0.07729,0,,,,,,0,,,,121567,23480,917
1569,120.02924132347107,2026-03-06T01:41:30.829407,112.01,0.0,6.01,4.01,8.42,0.0,0.0,150.96,6.74,2.392,2.193,STRAIGHT,1.5,0.2,"CMD,2.2,0.20",2.719,0.0677,2.686,0.246,1,0.855,30,LIMITED,50.519,3.0,1,1,1,1,1,180.0,68,9,dijkstra,fallback_centerline,0.10196,0,,,,,,0,,,,110093,31252,1412
1570,120.21232509613037,2026-03-06T01:41:31.012491,116.77,0.0,0.0,14.19,6.17,0.0,0.0,162.83,6.69,3.895,2.392,STRAIGHT,1.5,0.2,"CMD,2.4,0.20",1.97,0.1681,1.8,0.279,1,0.1725,31,LIMITED,51.219,3.0,1,1,1,1,1,172.0,87,10,dijkstra,fallback_centerline,0.1311,0,,,,,,0,,,,110390,39642,1584
1571,120.3949465751648,2026-03-06T01:41:31.195113,119.61,0.0,7.05,10.02,10.43,0.0,0.0,165.91,6.65,3.366,3.366,STRAIGHT,1.5,0.2,"CMD,3.4,0.20",3.048,0.0559,3.016,0.256,1,0.6847,30,LIMITED,50.079,3.0,1,1,1,1,1,207.0,85,12,dijkstra,fallback_centerline,0.14312,0,,,,,,0,,,,88140,43382,1612
1572,120.43540906906128,2026-03-06T01:41:31.235575,0.0,0.0,8.29,0.0,0.0,0.0,0.0,22.3,6.81,3.013,3.366,STRAIGHT,1.5,0.2,"CMD,3.4,0.20",3.048,0.0559,3.016,0.256,1,0.6847,30,LIMITED,50.126,3.0,1,1,1,1,1,192.0,0,0,dijkstra,predict,0.12784,0,,,,,,0,,,,88833,38353,0
1573,120.60821270942688,2026-03-06T01:41:31.408379,107.86,0.0,0.0,20.06,8.01,0.0,0.0,156.78,6.78,3.059,3.059,STRAIGHT,1.5,0.2,"CMD,3.1,0.20",2.575,0.0765,2.533,0.248,1,0.359,29,LIMITED,50.173,3.0,1,1,1,1,1,178.8,75,6,dijkstra,fallback_centerline,0.14975,0,,,,,,0,,,,86489,45413,1467
1574,120.64198112487793,2026-03-06T01:41:31.442147,0.0,0.0,3.28,0.0,0.0,0.0,0.0,23.76,6.95,3.09,3.059,STRAIGHT,1.5,0.2,"CMD,3.1,0.20",2.575,0.0765,2.533,0.248,1,0.359,29,LIMITED,50.146,3.0,1,1,1,1,1,163.8,0,0,dijkstra,predict,0.15065,0,,,,,,0,,,,32866,45195,0
1575,120.80507183074951,2026-03-06T01:41:31.605238,106.68,0.0,10.07,12.02,0.0,0.0,0.0,147.83,6.94,2.629,3.059,STRAIGHT,1.5,0.2,"CMD,3.1,0.20",4.0,0.0414,1.05,0.023,1,0.5584,28,LIMITED,50.117,3.0,1,1,1,1,1,52.5,60,9,dijkstra,graph,0.21475,0,,,,,,0,,,,150507,64622,1609
1576,120.97731041908264,2026-03-06T01:41:31.777476,103.29,0.0,10.39,14.07,10.01,0.0,0.0,156.16,6.89,2.18,2.629,STRAIGHT,1.5,0.2,"CMD,2.6,0.20",3.984,0.0311,3.727,0.217,1,0.9259,27,LIMITED,50.06,3.0,1,1,1,1,1,184.2,60,8,dijkstra,fallback_centerline,0.2256,0,,,,,,0,,,,159685,67849,1654
1577,121.15157103538513,2026-03-06T01:41:31.951737,105.32,0.0,10.39,17.69,8.01,0.0,0.0,160.24,6.84,1.911,2.18,STRAIGHT,1.5,0.2,"CMD,2.2,0.20",3.762,0.0333,3.619,0.219,1,0.9507,26,LIMITED,50.056,3.0,1,1,1,1,1,178.9,52,8,dijkstra,fallback_centerline,0.23182,0,,,,,,0,,,,160951,69694,1670
1578,121.1836097240448,2026-03-06T01:41:31.983776,3.4,0.0,0.0,0.0,0.0,0.0,0.0,16.02,7.02,1.731,1.911,STRAIGHT,1.5,0.2,"CMD,1.9,0.20",3.762,0.0333,3.619,0.219,1,0.9507,26,LIMITED,50.009,3.0,1,1,1,1,1,173.9,0,0,dijkstra,predict,0.22711,0,,,,,,0,,,,167752,68132,0
1579,121.22621846199036,2026-03-06T01:41:32.026385,0.0,0.0,4.18,0.0,0.0,0.0,1.78,22.4,7.21,1.612,1.731,STRAIGHT,1.5,0.2,"CMD,1.7,0.20",3.762,0.0333,3.619,0.219,1,0.9507,26,LIMITED,50.098,3.0,1,1,1,1,1,163.9,0,0,dijkstra,predict,0.21723,0,,,,,,0,,,,167752,65168,0
1580,121.25653624534607,2026-03-06T01:41:32.056702,0.0,0.0,0.0,0.0,0.0,0.0,0.0,15.77,7.42,1.532,1.612,STRAIGHT,1.5,0.2,"CMD,1.6,0.20",3.762,0.0333,3.619,0.219,1,0.9507,26,LIMITED,50.022,2.783,1,1,1,1,1,153.9,0,0,dijkstra,predict,0.20856,0,,,,,,0,,,,167752,62567,0
1581,121.44741702079773,2026-03-06T01:41:32.247583,110.33,0.0,10.17,19.68,8.01,0.0,0.0,168.59,7.33,1.86,1.612,STRAIGHT,1.5,0.2,"CMD,1.6,0.20",2.878,0.061,2.85,0.25,1,0.7932,25,LIMITED,50.396,2.547,1,1,1,1,1,213.8,96,7,dijkstra,fallback_centerline,0.23333,0,,,,,,0,,,,147604,70272,1692
1582,121.47745633125305,2026-03-06T01:41:32.277622,0.0,0.0,0.0,0.0,0.0,0.0,0.0,14.02,7.55,2.078,1.86,STRAIGHT,1.5,0.2,"CMD,1.9,0.20",2.878,0.061,2.85,0.25,1,0.7932,25,LIMITED,50.042,2.446,1,1,1,1,1,198.8,0,0,dijkstra,predict,0.18081,0,,,,,,0,,,,151417,54242,0
1583,121.6578598022461,2026-03-06T01:41:32.458026,114.47,0.0,0.0,14.08,6.17,0.0,0.0,162.33,7.49,2.227,2.078,STRAIGHT,1.5,0.2,"CMD,2.1,0.20",2.865,0.0612,2.838,0.248,1,0.8519,24,LIMITED,50.001,2.332,1,1,1,1,1,210.4,53,8,dijkstra,fallback_centerline,0.17581,0,,,,,,0,,,,154755,53058,1566
1584,121.81890392303467,2026-03-06T01:41:32.619070,106.6,0.0,10.09,10.31,0.0,0.0,0.0,145.03,7.46,2.106,2.106,STRAIGHT,1.5,0.2,"CMD,2.1,0.20",4.0,0.0452,1.005,0.023,1,0.952,23,LIMITED,50.031,2.117,1,1,1,1,1,50.2,76,11,dijkstra,graph,0.27591,0,,,,,,0,,,,157764,82761,2142
1585,121.8590817451477,2026-03-06T01:41:32.659248,0.0,0.0,0.0,0.0,0.0,0.0,0.0,20.05,7.66,2.025,2.106,STRAIGHT,1.5,0.2,"CMD,2.1,0.20",4.0,0.0452,1.005,0.023,1,0.952,23,LIMITED,50.009,2.053,1,1,1,1,1,35.2,0,0,dijkstra,predict,0.27492,0,,,,,,0,,,,165196,82475,0
1586,121.90030860900879,2026-03-06T01:41:32.700474,2.0,0.0,0.0,0.0,0.0,0.0,4.48,20.5,7.88,1.971,2.025,STRAIGHT,1.5,0.2,"CMD,2.0,0.20",4.0,0.0452,1.005,0.023,1,0.952,23,LIMITED,50.004,1.883,1,1,1,1,1,30.2,0,0,dijkstra,predict,0.26402,0,,,,,,0,,,,165196,79206,0
1587,121.92998933792114,2026-03-06T01:41:32.730155,0.0,0.0,0.0,0.0,0.0,0.0,0.0,17.66,8.14,1.935,1.971,STRAIGHT,1.5,0.2,"CMD,2.0,0.20",4.0,0.0452,1.005,0.023,1,0.952,23,LIMITED,50.034,1.8,1,1,1,1,1,20.2,0,0,dijkstra,predict,0.25224,0,,,,,,0,,,,165196,75671,0
1588,122.10139608383179,2026-03-06T01:41:32.901562,113.49,0.0,4.01,15.03,0.0,0.0,0.0,149.71,8.06,1.771,1.935,STRAIGHT,1.5,0.2,"CMD,1.9,0.20",4.0,0.035,1.142,0.023,1,0.7852,22,LIMITED,50.019,1.689,1,1,1,1,1,57.1,88,9,dijkstra,graph,0.28554,0,,,,,,0,,,,156547,85427,1666
1589,122.14082837104797,2026-03-06T01:41:32.940994,2.0,0.0,6.01,0.0,0.0,0.0,0.0,22.04,8.31,1.662,1.771,STRAIGHT,1.5,0.2,"CMD,1.8,0.20",4.0,0.035,1.142,0.023,1,0.7852,22,LIMITED,50.073,1.713,1,1,1,1,1,47.1,0,0,dijkstra,predict,0.28548,0,,,,,,0,,,,166115,85645,0
1590,122.17573523521423,2026-03-06T01:41:32.975901,2.0,0.0,0.0,0.0,0.0,0.0,0.0,24.47,8.6,1.589,1.662,STRAIGHT,1.5,0.2,"CMD,1.7,0.20",4.0,0.035,1.142,0.023,1,0.7852,22,LIMITED,50.33,1.558,1,1,1,1,1,37.1,0,0,dijkstra,predict,0.27618,0,,,,,,0,,,,166115,82853,0
1591,122.21186256408691,2026-03-06T01:41:33.012028,3.49,0.0,0.0,0.0,0.0,0.0,0.0,18.07,8.9,1.541,1.589,STRAIGHT,1.5,0.2,"CMD,1.6,0.20",4.0,0.035,1.142,0.023,1,0.7852,22,LIMITED,50.621,1.453,1,1,1,1,1,27.1,0,0,dijkstra,predict,0.2662,0,,,,,,0,,,,166115,79860,0
1592,122.38357281684875,2026-03-06T01:41:33.183739,107.7,0.0,10.09,19.96,0.0,0.0,0.0,160.19,8.82,1.303,1.541,STRAIGHT,1.5,0.2,"CMD,1.5,0.20",4.0,0.0201,1.507,0.023,1,0.7178,21,LIMITED,51.497,1.299,1,1,1,1,1,75.3,129,6,dijkstra,graph,0.26238,0,,,,,,0,,,,153991,78386,1707
1593,122.42645311355591,2026-03-06T01:41:33.226619,2.0,0.0,2.45,0.0,0.0,0.0,0.0,22.51,9.13,1.145,1.303,STRAIGHT,1.5,0.2,"CMD,1.3,0.20",4.0,0.0201,1.507,0.023,1,0.7178,21,LIMITED,52.863,1.063,1,1,1,1,1,65.3,0,0,dijkstra,predict,0.26155,0,,,,,,0,,,,162557,78466,0
1594,122.46494650840759,2026-03-06T01:41:33.265112,0.0,0.0,4.25,0.0,0.0,0.0,0.0,20.67,9.47,1.04,1.145,STRAIGHT,1.5,0.2,"CMD,1.1,0.20",4.0,0.0201,1.507,0.023,1,0.7178,21,LIMITED,54.335,0.96,1,1,1,1,1,55.3,0,0,dijkstra,predict,0.25422,0,,,,,,0,,,,162557,76265,0
1595,122.49755239486694,2026-03-06T01:41:33.297718,2.0,0.0,0.0,0.0,0.0,0.0,0.0,22.59,9.82,0.97,1.04,STRAIGHT,1.5,0.2,"CMD,1.0,0.20",4.0,0.0201,1.507,0.023,1,0.7178,21,LIMITED,59.087,0.74,1,1,1,1,1,50.3,0,0,dijkstra,predict,0.24551,0,,,,,,0,,,,162557,73654,0
1596,122.66844058036804,2026-03-06T01:41:33.468606,112.11,0.0,8.01,10.01,2.0,0.0,0.0,152.42,9.78,0.855,0.97,STRAIGHT,1.5,0.2,"CMD,1.0,0.20",4.0,0.0152,1.735,0.023,1,0.7156,20,LIMITED,61.712,0.964,1,1,1,1,1,86.8,45,7,dijkstra,graph,0.2351,0,,,,,,0,,,,143806,70330,1261
1597,122.70676445960999,2026-03-06T01:41:33.506930,0.0,0.0,4.83,0.0,0.0,0.0,0.0,22.3,10.18,0.779,0.855,STRAIGHT,1.5,0.2,"CMD,0.9,0.20",4.0,0.0152,1.735,0.023,1,0.7156,20,LIMITED,62.944,0.865,1,1,1,1,1,76.8,0,0,dijkstra,predict,0.23451,0,,,,,,0,,,,151695,70354,0
1598,122.73880577087402,2026-03-06T01:41:33.538972,0.0,0.0,0.0,0.0,0.0,0.0,0.0,16.02,10.7,0.728,0.779,STRAIGHT,1.5,0.2,"CMD,0.8,0.20",4.0,0.0152,1.735,0.023,1,0.7156,20,LIMITED,64.675,0.789,1,1,1,1,1,66.8,0,0,dijkstra,predict,0.2296,0,,,,,,0,,,,151695,68880,0
1599,122.7790834903717,2026-03-06T01:41:33.579250,0.0,0.0,4.63,0.0,0.0,0.0,0.0,20.17,11.3,0.694,0.728,STRAIGHT,1.5,0.2,"CMD,0.7,0.20",4.0,0.0152,1.735,0.023,1,0.7156,20,LIMITED,66.619,0.723,1,1,1,1,1,61.8,0,0,dijkstra,predict,0.22264,0,,,,,,0,,,,151695,66793,0
1600,122.95205950737,2026-03-06T01:41:33.752225,106.84,0.0,0.0,20.53,0.0,0.0,0.0,164.71,11.34,0.163,0.694,STRAIGHT,1.5,0.2,"CMD,0.7,0.20",2.983,-0.0217,2.009,-0.044,1,0.8532,19,LIMITED,67.824,0.743,1,1,1,1,1,104.1,126,7,dijkstra,graph,0.23981,0,,,,,,0,,,,148155,71546,1658
1601,122.9894289970398,2026-03-06T01:41:33.789595,0.0,0.0,4.01,0.0,0.0,0.0,2.0,21.35,11.35,-0.19,0.163,STRAIGHT,1.5,0.2,"CMD,0.2,0.20",2.983,-0.0217,2.009,-0.044,1,0.8532,19,LIMITED,68.825,0.693,1,1,1,1,1,94.0,0,0,dijkstra,predict,0.23819,0,,,,,,0,,,,157144,71456,0
1602,123.02247381210327,2026-03-06T01:41:33.822640,0.0,0.0,3.79,0.0,0.0,0.0,0.0,22.03,12.01,-0.426,-0.19,STRAIGHT,1.5,0.2,"CMD,-0.2,0.20",2.983,-0.0217,2.009,-0.044,1,0.8532,19,LIMITED,70.711,0.39,1,1,1,1,1,89.0,0,0,dijkstra,predict,0.23615,0,,,,,,0,,,,157144,70845,0
1603,123.05652046203613,2026-03-06T01:41:33.856686,0.0,0.0,4.01,0.0,0.0,0.0,0.0,20.03,12.01,-0.583,-0.426,STRAIGHT,1.5,0.2,"CMD,-0.4,0.20",2.983,-0.0217,2.009,-0.044,1,0.8532,19,LIMITED,70.711,-0.527,1,1,1,1,1,84.0,0,0,dijkstra,predict,0.2303,0,,,,,,0,,,,157144,69089,0
1604,123.22207307815552,2026-03-06T01:41:34.022239,105.19,0.0,10.24,16.75,2.0,0.0,0.0,151.5,12.0,-1.145,-0.583,STRAIGHT,1.5,0.2,"CMD,-0.6,0.20",2.294,-0.055,2.009,-0.111,1,0.9501,18,LIMITED,70.711,-1.296,1,1,1,1,1,110.6,63,6,dijkstra,graph,0.23339,0,,,,,,0,,,,145880,69808,1327
1605,123.25411581993103,2026-03-06T01:41:34.054282,0.0,0.0,0.0,0.0,0.0,0.0,0.0,16.02,12.73,-1.52,-1.145,STRAIGHT,1.5,0.2,"CMD,-1.1,0.20",2.294,-0.055,2.009,-0.111,1,0.9501,18,LIMITED,70.711,-2.111,1,1,1,1,1,100.3,0,0,dijkstra,predict,0.23246,0,,,,,,0,,,,154170,69739,0
1606,123.42552471160889,2026-03-06T01:41:34.225691,107.04,0.0,10.12,20.38,0.0,0.0,0.0,153.19,12.75,-0.842,-1.145,STRAIGHT,1.5,0.2,"CMD,-1.1,0.20",4.0,0.0124,1.918,0.023,1,0.9614,17,LIMITED,70.711,-2.625,1,1,1,1,1,95.9,139,9,dijkstra,graph,0.2381,0,,,,,,0,,,,148020,71254,1820
1607,123.4658932685852,2026-03-06T01:41:34.266059,0.0,0.0,0.0,0.0,0.0,0.0,0.0,20.2,12.71,-0.391,-0.842,STRAIGHT,1.5,0.2,"CMD,-0.8,0.20",4.0,0.0124,1.918,0.023,1,0.9614,17,LIMITED,70.711,-3.0,1,1,1,1,1,85.9,0,0,dijkstra,predict,0.23731,0,,,,,,0,,,,156296,71192,0
1608,123.50081896781921,2026-03-06T01:41:34.300985,0.0,0.0,0.0,0.0,0.0,0.0,0.0,24.47,12.75,-0.09,-0.391,STRAIGHT,1.5,0.2,"CMD,-0.4,0.20",4.0,0.0124,1.918,0.023,1,0.9614,17,LIMITED,70.711,-3.0,1,1,1,1,1,80.9,0,0,dijkstra,predict,0.23602,0,,,,,,0,,,,156296,70807,0
1609,123.54410886764526,2026-03-06T01:41:34.344275,2.0,0.0,4.01,0.0,0.0,0.0,0.0,26.46,12.68,0.111,-0.09,STRAIGHT,1.5,0.2,"CMD,-0.1,0.20",4.0,0.0124,1.918,0.023,1,0.9614,17,LIMITED,70.711,-3.0,1,1,1,1,1,75.9,0,0,dijkstra,predict,0.2295,0,,,,,,0,,,,156296,68850,0
1610,123.71587920188904,2026-03-06T01:41:34.516045,102.64,0.0,8.36,22.72,0.0,0.0,0.0,153.75,12.78,0.272,0.111,STRAIGHT,1.5,0.2,"CMD,0.1,0.20",4.0,0.0144,1.781,0.023,1,0.9484,16,LIMITED,70.711,-3.0,1,1,1,1,1,89.0,77,10,dijkstra,graph,0.23174,0,,,,,,0,,,,145666,69422,1476
1611,123.74992275238037,2026-03-06T01:41:34.550089,0.0,0.0,0.0,0.0,0.0,0.0,0.0,16.02,12.76,0.379,0.272,STRAIGHT,1.5,0.2,"CMD,0.3,0.20",4.0,0.0144,1.781,0.023,1,0.9484,16,LIMITED,70.711,-3.0,1,1,1,1,1,79.0,0,0,dijkstra,predict,0.23139,0,,,,,,0,,,,152033,69418,0
1612,123.7902283668518,2026-03-06T01:41:34.590394,0.0,0.0,4.23,0.0,0.0,0.0,0.0,20.12,13.6,0.451,0.379,STRAIGHT,1.5,0.2,"CMD,0.4,0.20",4.0,0.0144,1.781,0.023,1,0.9484,16,LIMITED,70.711,-3.0,1,1,1,1,1,74.0,0,0,dijkstra,predict,0.23005,0,,,,,,0,,,,152033,69014,0
1613,123.82864356040955,2026-03-06T01:41:34.628810,2.0,0.0,2.0,0.0,0.0,0.0,0.0,23.05,14.43,0.498,0.451,STRAIGHT,1.5,0.2,"CMD,0.5,0.20",4.0,0.0144,1.781,0.023,1,0.9484,16,LIMITED,70.711,-3.0,1,1,1,1,1,69.0,0,0,dijkstra,predict,0.22435,0,,,,,,0,,,,152033,67305,0
1614,123.99312090873718,2026-03-06T01:41:34.793287,105.29,0.0,10.14,15.76,0.0,0.0,0.0,150.46,13.59,0.552,0.498,STRAIGHT,1.5,0.2,"CMD,0.5,0.20",4.0,0.016,1.689,0.023,1,0.9377,15,LIMITED,70.711,-3.0,1,1,1,1,1,84.5,95,10,dijkstra,graph,0.24184,0,,,,,,0,,,,147950,72412,1565
1615,124.03407597541809,2026-03-06T01:41:34.834242,0.0,0.0,4.97,0.0,0.0,0.0,0.0,20.78,13.59,0.588,0.552,STRAIGHT,1.5,0.2,"CMD,0.6,0.20",4.0,0.016,1.689,0.023,1,0.9377,15,LIMITED,70.711,-3.0,1,1,1,1,1,74.5,0,0,dijkstra,predict,0.24129,0,,,,,,0,,,,154388,72388,0
1616,124.0700511932373,2026-03-06T01:41:34.870217,0.0,0.0,5.39,0.0,0.0,0.0,0.0,21.89,13.55,0.612,0.588,STRAIGHT,1.5,0.2,"CMD,0.6,0.20",4.0,0.016,1.689,0.023,1,0.9377,15,LIMITED,70.711,-3.0,1,1,1,1,1,69.5,0,0,dijkstra,predict,0.24083,0,,,,,,0,,,,154388,72248,0
1617,124.10765314102173,2026-03-06T01:41:34.907819,0.0,0.0,5.07,0.0,0.0,0.0,0.0,20.58,14.45,0.628,0.612,STRAIGHT,1.5,0.2,"CMD,0.6,0.20",4.0,0.016,1.689,0.023,1,0.9377,15,LIMITED,70.711,-3.0,1,1,1,1,1,64.5,0,0,dijkstra,predict,0.23437,0,,,,,,0,,,,154388,70310,0
1618,124.27930045127869,2026-03-06T01:41:35.079466,110.99,0.0,6.01,14.02,2.0,0.0,0.0,153.01,13.56,0.651,0.628,STRAIGHT,1.5,0.2,"CMD,0.6,0.20",4.0,0.0169,1.644,0.023,1,0.924,14,LIMITED,70.711,-3.0,1,1,1,1,1,82.2,95,7,dijkstra,graph,0.22756,0,,,,,,0,,,,142828,68022,1408
1619,124.30934453010559,2026-03-06T01:41:35.109511,0.0,0.0,0.0,0.0,0.0,0.0,0.0,14.02,13.59,0.666,0.651,STRAIGHT,1.5,0.2,"CMD,0.7,0.20",4.0,0.0169,1.644,0.023,1,0.924,14,LIMITED,70.711,-3.0,1,1,1,1,1,72.2,0,0,dijkstra,predict,0.22681,0,,,,,,0,,,,144684,68044,0
1620,124.34739661216736,2026-03-06T01:41:35.147563,0.0,0.0,4.2,0.0,0.0,0.0,0.0,20.22,13.58,0.676,0.666,STRAIGHT,1.5,0.2,"CMD,0.7,0.20",4.0,0.0169,1.644,0.023,1,0.924,14,LIMITED,70.711,-3.0,1,1,1,1,1,67.2,0,0,dijkstra,predict,0.22628,0,,,,,,0,,,,144684,67884,0
1621,124.37831830978394,2026-03-06T01:41:35.178484,0.0,0.0,0.0,0.0,0.0,0.0,0.0,18.85,14.54,0.683,0.676,STRAIGHT,1.5,0.2,"CMD,0.7,0.20",4.0,0.0169,1.644,0.023,1,0.924,14,LIMITED,70.711,-3.0,1,1,1,1,1,62.2,0,0,dijkstra,predict,0.22042,0,,,,,,0,,,,144684,66125,0
1622,124.54977655410767,2026-03-06T01:41:35.349943,108.47,0.0,6.01,16.46,2.0,0.0,0.0,150.93,13.66,0.688,0.683,STRAIGHT,1.5,0.2,"CMD,0.7,0.20",4.0,0.0169,1.644,0.023,1,0.9076,13,LIMITED,70.711,-3.0,1,1,1,1,1,82.2,75,9,dijkstra,graph,0.23552,0,,,,,,0,,,,146407,70591,1466
1623,124.5872757434845,2026-03-06T01:41:35.387442,2.0,0.0,2.0,0.0,0.0,0.0,0.0,19.97,13.66,0.691,0.688,STRAIGHT,1.5,0.2,"CMD,0.7,0.20",4.0,0.0169,1.644,0.023,1,0.9076,13,LIMITED,70.711,-3.0,1,1,1,1,1,72.2,0,0,dijkstra,predict,0.23535,0,,,,,,0,,,,149098,70606,0
1624,124.62361240386963,2026-03-06T01:41:35.423778,1.74,0.0,2.0,0.0,0.0,0.0,2.0,22.32,13.64,0.693,0.691,STRAIGHT,1.5,0.2,"CMD,0.7,0.20",4.0,0.0169,1.644,0.023,1,0.9076,13,LIMITED,70.711,-3.0,1,1,1,1,1,67.2,0,0,dijkstra,predict,0.23471,0,,,,,,0,,,,149098,70413,0
1625,124.6599633693695,2026-03-06T01:41:35.460129,0.0,0.0,5.78,0.0,0.0,0.0,0.0,22.33,14.56,0.694,0.693,STRAIGHT,1.5,0.2,"CMD,0.7,0.20",4.0,0.0169,1.644,0.023,1,0.9076,13,LIMITED,70.711,-3.0,1,1,1,1,1,62.2,0,0,dijkstra,predict,0.2284,0,,,,,,0,,,,149098,68521,0
1626,124.85115242004395,2026-03-06T01:41:35.651318,132.52,0.0,6.03,10.04,0.0,0.0,0.0,181.15,13.52,-3.506,0.693,STRAIGHT,1.5,0.2,"CMD,0.7,0.20",2.084,-0.2928,1.644,-0.422,1,0.837,12,LIMITED,57.183,-3.0,1,1,1,1,1,91.5,63,11,dijkstra,graph,0.2175,0,,,,,,0,,,,132776,65176,1400
1627,125.04165768623352,2026-03-06T01:41:35.841824,126.87,0.0,8.16,18.38,0.0,0.0,0.0,170.97,12.59,-2.139,-2.139,STRAIGHT,1.5,0.2,"CMD,-2.1,0.20",4.0,0.0144,1.781,0.023,1,0.8969,11,LIMITED,51.692,-3.0,1,1,1,1,1,89.0,86,7,dijkstra,graph,0.23612,0,,,,,,0,,,,147234,70705,1508
1628,125.080575466156,2026-03-06T01:41:35.880741,0.0,0.0,3.44,0.0,0.0,0.0,0.0,19.27,12.61,-1.228,-2.139,STRAIGHT,1.5,0.2,"CMD,-2.1,0.20",4.0,0.0144,1.781,0.023,1,0.8969,11,LIMITED,70.711,-3.0,1,1,1,1,1,79.0,0,0,dijkstra,predict,0.23538,0,,,,,,0,,,,148716,70615,0
1629,125.11212873458862,2026-03-06T01:41:35.912295,0.0,0.0,4.25,0.0,0.0,0.0,0.0,20.54,13.43,-0.621,-1.228,STRAIGHT,1.5,0.2,"CMD,-1.2,0.20",4.0,0.0144,1.781,0.023,1,0.8969,11,LIMITED,70.711,-3.0,1,1,1,1,1,74.0,0,0,dijkstra,predict,0.2341,0,,,,,,0,,,,148716,70230,0
1630,125.14889025688171,2026-03-06T01:41:35.949056,3.23,0.0,2.0,0.0,0.0,0.0,0.0,21.25,13.43,-0.216,-0.621,STRAIGHT,1.5,0.2,"CMD,-0.6,0.20",4.0,0.0144,1.781,0.023,1,0.8969,11,LIMITED,70.711,-3.0,1,1,1,1,1,69.0,0,0,dijkstra,predict,0.22893,0,,,,,,0,,,,148716,68680,0
1631,125.31222414970398,2026-03-06T01:41:36.112390,112.06,0.0,6.01,6.01,10.22,0.0,0.0,150.32,12.67,-0.593,-0.593,STRAIGHT,1.5,0.2,"CMD,-0.6,0.20",2.408,-0.0326,2.372,-0.092,1,0.6298,10,LIMITED,70.711,-3.0,1,1,1,1,1,220.9,39,5,dijkstra,fallback_centerline,0.22089,0,,,,,,0,,,,159024,66692,1454
1632,125.35313606262207,2026-03-06T01:41:36.153302,0.0,0.0,3.9,0.0,0.0,0.0,0.0,20.72,12.63,-0.844,-0.593,STRAIGHT,1.5,0.2,"CMD,-0.6,0.20",2.408,-0.0326,2.372,-0.092,1,0.6298,10,LIMITED,70.711,-3.0,1,1,1,1,1,210.9,0,0,dijkstra,predict,0.20263,0,,,,,,0,,,,160367,60789,0
1633,125.5325915813446,2026-03-06T01:41:36.332758,108.42,0.0,10.46,18.39,6.01,0.0,0.0,169.44,12.55,0.356,-0.593,STRAIGHT,1.5,0.2,"CMD,-0.6,0.20",1.961,0.0668,1.878,0.118,1,0.7405,9,LIMITED,70.711,-3.0,1,1,1,1,1,206.2,91,8,dijkstra,fallback_centerline,0.21029,0,,,,,,0,,,,173575,63312,1897
1634,125.70498085021973,2026-03-06T01:41:36.505147,114.15,0.0,6.01,8.24,10.06,0.0,0.0,159.88,11.83,1.599,0.356,STRAIGHT,1.5,0.2,"CMD,0.4,0.20",1.893,0.0992,1.792,0.161,1,0.8215,8,LIMITED,70.711,-3.0,1,1,1,1,1,210.0,67,9,dijkstra,fallback_centerline,0.1643,0,,,,,,0,,,,150683,49675,1700
1635,125.8780996799469,2026-03-06T01:41:36.678266,110.05,0.0,5.75,6.38,10.46,0.0,0.0,148.65,11.82,2.2,1.599,STRAIGHT,1.5,0.2,"CMD,1.6,0.20",1.887,0.0825,1.785,0.132,1,0.8339,7,LIMITED,70.711,-3.0,1,1,1,1,1,210.0,59,6,dijkstra,fallback_centerline,0.15707,0,,,,,,0,,,,162002,47509,1524
1636,126.05269002914429,2026-03-06T01:41:36.852856,110.66,0.0,6.01,12.02,8.01,0.0,0.0,154.87,11.21,2.274,2.2,STRAIGHT,1.5,0.2,"CMD,2.2,0.20",2.903,0.0588,2.878,0.245,1,0.8975,6,LIMITED,70.711,-3.0,1,1,1,1,1,210.2,59,10,dijkstra,fallback_centerline,0.22581,0,,,,,,0,,,,174257,68222,2129
1637,126.08721709251404,2026-03-06T01:41:36.887383,2.0,0.0,2.0,0.0,0.0,0.0,0.0,18.5,11.21,2.324,2.274,STRAIGHT,1.5,0.2,"CMD,2.3,0.20",2.903,0.0588,2.878,0.245,1,0.8975,6,LIMITED,70.711,-3.0,1,1,1,1,1,200.2,0,0,dijkstra,predict,0.21279,0,,,,,,0,,,,176731,63838,0
1638,126.2609920501709,2026-03-06T01:41:37.061158,113.5,0.0,6.01,12.09,10.13,0.0,0.0,157.75,10.67,2.251,2.274,STRAIGHT,1.5,1.5,"CMD,2.3,1.50",3.135,0.0511,3.112,0.249,1,0.9007,5,NORMAL,70.711,-2.907,1,1,1,1,1,212.2,80,8,dijkstra,fallback_centerline,0.20928,0,,,,,,0,,,,169677,63074,1983
1639,126.30077171325684,2026-03-06T01:41:37.100938,2.0,0.0,3.01,0.0,0.0,0.0,0.0,21.75,11.22,2.203,2.251,STRAIGHT,1.5,1.5,"CMD,2.3,1.50",3.135,0.0511,3.112,0.249,1,0.9007,5,NORMAL,70.711,-2.507,1,1,1,1,1,202.2,0,0,dijkstra,predict,0.19849,0,,,,,,0,,,,171059,59546,0
1640,126.47236704826355,2026-03-06T01:41:37.272533,107.88,0.0,0.0,20.1,6.01,0.0,0.0,153.57,10.65,1.62,2.203,STRAIGHT,1.5,1.5,"CMD,2.2,1.50",3.452,0.011,3.403,0.064,1,0.6272,4,NORMAL,70.711,-1.977,1,1,1,1,1,209.1,60,13,dijkstra,fallback_centerline,0.20481,0,,,,,,0,,,,107179,61842,2069
1641,126.50246095657349,2026-03-06T01:41:37.302627,1.0,0.0,0.0,0.0,0.0,0.0,0.0,18.08,10.69,1.232,1.62,STRAIGHT,1.5,1.5,"CMD,1.6,1.50",3.452,0.011,3.403,0.064,1,0.6272,4,NORMAL,64.115,-0.455,1,1,1,1,1,199.1,0,0,dijkstra,predict,0.193,0,,,,,,0,,,,107262,57900,0
1642,126.54382586479187,2026-03-06T01:41:37.343992,2.0,0.0,5.15,0.0,0.0,0.0,0.0,19.52,10.68,0.973,1.232,STRAIGHT,1.5,1.5,"CMD,1.2,1.50",3.452,0.011,3.403,0.064,1,0.6272,4,NORMAL,57.814,0.438,1,1,1,1,1,189.1,0,0,dijkstra,predict,0.1727,0,,,,,,0,,,,107262,51810,0
1643,126.58211278915405,2026-03-06T01:41:37.382279,0.0,0.0,4.93,0.0,0.0,0.0,0.0,20.26,11.2,0.8,0.973,STRAIGHT,1.5,1.5,"CMD,1.0,1.50",3.452,0.011,3.403,0.064,1,0.6272,4,NORMAL,53.718,1.296,1,1,1,1,1,184.1,0,0,dijkstra,predict,0.16095,0,,,,,,0,,,,107262,48286,0
1644,126.74262690544128,2026-03-06T01:41:37.542793,112.11,0.0,6.01,5.51,6.1,0.0,0.0,146.49,10.71,1.372,0.973,STRAIGHT,1.5,1.5,"CMD,1.0,1.50",2.862,0.061,2.833,0.247,1,0.604,3,NORMAL,50.782,1.903,1,1,1,1,1,179.7,22,7,dijkstra,fallback_centerline,0.1631,0,,,,,,0,,,,177181,49232,1265
1645,126.78268718719482,2026-03-06T01:41:37.582853,0.0,0.0,0.0,0.0,0.0,0.0,0.0,20.46,10.69,1.753,1.372,STRAIGHT,1.5,1.5,"CMD,1.4,1.50",2.862,0.061,2.833,0.247,1,0.604,3,NORMAL,50.027,2.393,1,1,1,1,1,169.7,0,0,dijkstra,predict,0.1542,0,,,,,,0,,,,179768,46261,0
1646,126.94295954704285,2026-03-06T01:41:37.743125,111.92,0.0,6.01,4.01,8.23,0.0,0.0,150.18,10.23,1.751,1.751,STRAIGHT,1.5,1.5,"CMD,1.8,1.50",3.407,0.0424,3.384,0.244,1,0.9182,2,NORMAL,52.587,3.0,1,1,1,1,1,179.5,38,8,dijkstra,fallback_centerline,0.15814,0,,,,,,0,,,,174453,47684,1249
1647,126.98503708839417,2026-03-06T01:41:37.785203,0.0,0.0,5.76,0.0,0.0,0.0,0.0,21.65,10.72,1.75,1.751,STRAIGHT,1.5,1.5,"CMD,1.8,1.50",3.407,0.0424,3.384,0.244,1,0.9182,2,NORMAL,51.958,3.0,1,1,1,1,1,169.5,0,0,dijkstra,predict,0.13458,0,,,,,,0,,,,177162,40374,0
1648,127.01458930969238,2026-03-06T01:41:37.814755,2.0,0.0,0.0,0.0,0.0,0.0,0.0,16.02,10.72,1.749,1.75,STRAIGHT,1.5,1.5,"CMD,1.8,1.50",3.407,0.0424,3.384,0.244,1,0.9182,2,NORMAL,53.561,3.0,1,1,1,1,1,164.5,0,0,dijkstra,predict,0.11753,0,,,,,,0,,,,177162,35258,0
1649,127.05343174934387,2026-03-06T01:41:37.853598,0.0,0.0,4.98,0.0,0.0,0.0,0.0,20.66,10.72,1.749,1.749,STRAIGHT,1.5,1.5,"CMD,1.7,1.50",3.407,0.0424,3.384,0.244,1,0.9182,2,NORMAL,56.028,3.0,1,1,1,1,1,154.5,0,0,dijkstra,predict,0.10384,0,,,,,,0,,,,177162,31151,0
1650,127.22238993644714,2026-03-06T01:41:38.022556,116.01,0.0,6.01,10.46,5.5,0.0,0.0,152.94,10.2,2.047,1.749,STRAIGHT,1.5,1.5,"CMD,1.7,1.50",2.808,0.0642,2.776,0.249,1,0.87,1,NORMAL,51.664,3.0,1,1,1,1,1,159.3,36,5,dijkstra,fallback_centerline,0.10824,0,,,,,,0,,,,167623,32812,837
1651,127.25481700897217,2026-03-06T01:41:38.054983,1.0,0.0,0.0,0.0,0.0,0.0,0.0,20.41,10.72,2.246,2.047,STRAIGHT,1.5,1.5,"CMD,2.0,1.50",2.808,0.0642,2.776,0.249,1,0.87,1,NORMAL,51.552,3.0,1,1,1,1,1,149.3,0,0,dijkstra,predict,0.09307,0,,,,,,0,,,,169460,27920,0
1652,127.42382884025574,2026-03-06T01:41:38.223995,112.52,0.0,8.01,6.01,4.01,0.0,0.0,148.8,10.22,2.399,2.246,STRAIGHT,1.5,1.5,"CMD,2.2,1.50",2.761,0.0656,2.729,0.246,1,0.6707,0,NORMAL,60.6,3.0,1,1,1,1,1,145.5,25,4,dijkstra,fallback_centerline,0.08975,0,,,,,,0,,,,119664,27204,627
1653,127.45925521850586,2026-03-06T01:41:38.259421,0.0,0.0,3.55,0.0,0.0,0.0,0.0,17.91,10.23,2.501,2.399,STRAIGHT,1.5,1.5,"CMD,2.4,1.50",2.761,0.0656,2.729,0.246,1,0.6707,0,NORMAL,69.56,3.0,1,1,1,1,1,135.5,0,0,dijkstra,predict,0.07555,0,,,,,,0,,,,120111,22665,0
1654,127.6199860572815,2026-03-06T01:41:38.420152,113.8,0.0,6.01,6.78,5.51,0.0,0.0,148.11,9.8,2.62,2.501,STRAIGHT,1.5,1.5,"CMD,2.5,1.50",2.729,0.0693,2.603,0.237,1,0.7687,0,NORMAL,66.26,3.0,1,1,1,1,1,131.9,24,4,dijkstra,fallback_centerline,0.07754,0,,,,,,0,,,,146835,23526,563
1655,127.65424036979675,2026-03-06T01:41:38.454406,0.0,0.0,6.22,0.0,0.0,0.0,0.0,20.24,10.35,2.699,2.62,STRAIGHT,1.5,1.5,"CMD,2.6,1.50",2.729,0.0693,2.603,0.237,1,0.7687,0,NORMAL,62.483,3.0,1,1,1,1,1,121.9,0,0,dijkstra,predict,0.0645,0,,,,,,0,,,,148662,19351,0
1656,127.82041907310486,2026-03-06T01:41:38.620585,114.44,0.0,8.01,5.68,4.01,0.0,0.0,152.16,10.44,2.969,2.699,STRAIGHT,1.5,1.5,"CMD,2.7,1.50",2.589,0.0852,2.329,0.233,1,0.7718,0,NORMAL,59.829,3.0,1,1,1,1,1,118.4,7,3,dijkstra,fallback_centerline,0.06099,0,,,,,,0,,,,161506,18500,451
1657,127.856112241745,2026-03-06T01:41:38.656278,0.0,0.0,4.14,0.0,0.0,0.0,0.0,20.16,10.44,3.15,2.969,STRAIGHT,1.5,1.5,"CMD,3.0,1.50",2.589,0.0852,2.329,0.233,1,0.7718,0,NORMAL,58.262,3.0,1,1,1,1,1,108.4,0,0,dijkstra,predict,0.04896,0,,,,,,0,,,,163196,14687,0
1658,128.01638674736023,2026-03-06T01:41:38.816553,108.33,0.0,7.66,6.01,2.0,0.0,0.0,145.0,9.99,3.602,3.15,STRAIGHT,1.5,1.5,"CMD,3.1,1.50",2.37,0.1095,2.055,0.234,1,0.7973,0,NORMAL,56.719,3.0,1,1,1,1,1,105.1,11,3,dijkstra,fallback_centerline,0.04959,0,,,,,,0,,,,176873,15115,421
1659,128.05057883262634,2026-03-06T01:41:38.850745,2.0,0.0,2.0,0.0,0.0,0.0,0.0,20.17,9.99,3.904,3.602,STRAIGHT,1.5,1.5,"CMD,3.6,1.50",2.37,0.1095,2.055,0.234,1,0.7973,0,NORMAL,54.916,3.0,1,1,1,1,1,95.1,0,0,dijkstra,predict,0.03945,0,,,,,,0,,,,180096,11836,0
1660,128.2079291343689,2026-03-06T01:41:39.008095,110.72,0.0,8.01,6.01,3.92,0.0,0.0,142.37,10.01,4.579,3.904,STRAIGHT,1.5,1.5,"CMD,3.9,1.50",2.094,0.1442,1.781,0.233,1,0.4963,0,NORMAL,54.393,3.0,1,1,1,1,1,91.1,11,2,dijkstra,fallback_centerline,0.03523,0,,,,,,0,,,,160017,10769,326
1661,128.37034559249878,2026-03-06T01:41:39.170511,115.88,0.0,4.01,8.9,1.5,0.0,0.0,146.4,9.61,5.745,4.579,STRAIGHT,1.5,1.5,"CMD,4.6,1.50",1.841,0.1971,1.507,0.229,1,0.7779,0,NORMAL,53.182,3.0,1,1,1,1,1,77.1,2,1,dijkstra,fallback_centerline,0.03176,0,,,,,,0,,,,146237,9769,272
1662,128.52633142471313,2026-03-06T01:41:39.326497,110.65,0.0,2.0,2.0,5.18,0.0,0.0,141.97,9.69,6.516,5.745,STRAIGHT,1.5,1.5,"CMD,5.7,1.50",1.801,0.1966,1.507,0.228,1,0.803,0,NORMAL,51.654,3.0,1,1,1,1,1,77.9,7,2,dijkstra,fallback_centerline,0.03091,0,,,,,,0,,,,158761,9509,306
1663,128.71202301979065,2026-03-06T01:41:39.512189,106.04,0.0,10.5,19.98,10.04,0.0,0.0,172.67,9.64,5.436,5.745,STRAIGHT,1.5,1.5,"CMD,5.7,1.50",2.545,0.0795,2.524,0.256,1,0.8454,0,NORMAL,50.71,3.0,1,1,1,1,1,217.8,149,11,dijkstra,fallback_centerline,0.37802,0,,,,,,0,,,,181608,113670,2171
1664,128.74810981750488,2026-03-06T01:41:39.548276,0.0,0.0,5.76,0.0,0.0,0.0,0.0,19.79,10.1,4.407,5.436,STRAIGHT,1.5,1.5,"CMD,5.4,1.50",2.931,0.057,2.91,0.243,1,0.8454,0,NORMAL,50.571,3.0,1,1,1,1,1,207.8,0,0,dijkstra,predict,0.29698,0,,,,,,0,,,,185328,89094,0
1665,128.92765760421753,2026-03-06T01:41:39.727823,117.17,0.0,8.01,20.32,2.0,0.0,0.0,165.53,10.09,3.272,4.407,STRAIGHT,1.5,1.5,"CMD,4.4,1.50",4.0,0.0243,1.37,0.023,1,0.9131,0,NORMAL,50.293,3.0,1,1,1,1,1,68.5,136,10,dijkstra,graph,0.4601,0,,,,,,0,,,,191012,137627,2886
1666,128.96406722068787,2026-03-06T01:41:39.764233,0.0,0.0,0.0,0.0,0.0,0.0,0.0,16.38,10.08,2.516,3.272,STRAIGHT,1.5,1.5,"CMD,3.3,1.50",4.0,0.0243,1.37,0.023,1,0.9131,0,NORMAL,50.061,3.0,1,1,1,1,1,58.5,0,0,dijkstra,predict,0.45817,0,,,,,,0,,,,196251,137451,0
1667,129.0047721862793,2026-03-06T01:41:39.804938,1.74,0.0,0.0,0.0,0.0,0.0,0.0,20.47,10.57,2.012,2.516,STRAIGHT,1.5,1.5,"CMD,2.5,1.50",4.0,0.0243,1.37,0.023,1,0.9131,0,NORMAL,50.008,2.821,1,1,1,1,1,53.5,0,0,dijkstra,predict,0.45459,0,,,,,,0,,,,196251,136377,0
1668,129.0454704761505,2026-03-06T01:41:39.845636,4.01,0.0,2.0,0.0,0.0,0.0,0.0,21.54,10.57,1.676,2.012,STRAIGHT,1.5,1.5,"CMD,2.0,1.50",4.0,0.0243,1.37,0.023,1,0.9131,0,NORMAL,50.164,2.857,1,1,1,1,1,43.5,0,0,dijkstra,predict,0.44655,0,,,,,,0,,,,196251,133964,0
1669,129.2421247959137,2026-03-06T01:41:40.042291,115.74,0.0,10.1,27.78,0.0,0.0,0.0,176.6,10.47,1.411,1.676,STRAIGHT,1.5,1.5,"CMD,1.7,1.50",4.0,0.0214,1.461,0.023,1,0.855,0,NORMAL,50.644,2.743,1,1,1,1,1,73.1,174,13,dijkstra,graph,0.44281,0,,,,,,0,,,,179999,132425,3435
1670,129.28021597862244,2026-03-06T01:41:40.080382,2.0,0.0,3.74,0.0,0.0,0.0,0.0,22.07,10.44,1.235,1.411,STRAIGHT,1.5,1.5,"CMD,1.4,1.50",4.0,0.0214,1.461,0.023,1,0.855,0,NORMAL,51.534,2.605,1,1,1,1,1,63.1,0,0,dijkstra,predict,0.44141,0,,,,,,0,,,,185133,132423,0
1671,129.31626725196838,2026-03-06T01:41:40.116433,2.0,0.0,2.0,0.0,0.0,0.0,0.0,24.03,10.46,1.117,1.235,STRAIGHT,1.5,1.5,"CMD,1.2,1.50",4.0,0.0214,1.461,0.023,1,0.855,0,NORMAL,52.628,2.518,1,1,1,1,1,58.1,0,0,dijkstra,predict,0.43855,0,,,,,,0,,,,185133,131565,0
1672,129.35075521469116,2026-03-06T01:41:40.150921,2.0,0.0,0.0,0.0,0.0,0.0,0.0,22.39,10.47,1.039,1.117,STRAIGHT,1.5,1.5,"CMD,1.1,1.50",4.0,0.0214,1.461,0.023,1,0.855,0,NORMAL,54.022,2.278,1,1,1,1,1,48.1,0,0,dijkstra,predict,0.43054,0,,,,,,0,,,,185133,129163,0
1673,129.53248691558838,2026-03-06T01:41:40.332653,119.99,0.0,0.0,19.81,10.07,0.0,0.0,163.25,10.39,0.872,1.039,STRAIGHT,1.5,1.5,"CMD,1.0,1.50",4.0,0.013,1.872,0.023,1,0.8029,0,NORMAL,56.808,1.791,1,1,1,1,1,93.6,121,9,dijkstra,graph,0.38946,0,,,,,,0,,,,181357,116614,2266
1674,129.567941904068,2026-03-06T01:41:40.368108,2.23,0.0,0.0,0.0,0.0,0.0,0.0,25.37,10.41,0.76,0.872,STRAIGHT,1.5,1.5,"CMD,0.9,1.50",4.0,0.013,1.872,0.023,1,0.8029,0,NORMAL,59.53,1.442,1,1,1,1,1,83.6,0,0,dijkstra,predict,0.38876,0,,,,,,0,,,,188540,116629,0
1675,129.60914731025696,2026-03-06T01:41:40.409313,0.0,0.0,5.42,0.0,0.0,0.0,0.0,22.02,10.88,0.686,0.76,STRAIGHT,1.5,1.5,"CMD,0.8,1.50",4.0,0.013,1.872,0.023,1,0.8029,0,NORMAL,67.017,0.229,1,1,1,1,1,78.6,0,0,dijkstra,predict,0.38447,0,,,,,,0,,,,188540,115340,0
1676,129.6464102268219,2026-03-06T01:41:40.446576,1.0,0.0,2.0,0.0,0.0,0.0,0.0,22.24,10.9,0.636,0.686,STRAIGHT,1.5,1.5,"CMD,0.7,1.50",4.0,0.013,1.872,0.023,1,0.8029,0,NORMAL,68.529,-0.031,1,1,1,1,1,68.6,0,0,dijkstra,predict,0.37626,0,,,,,,0,,,,188540,112877,0
1677,129.81681036949158,2026-03-06T01:41:40.616976,106.28,0.0,0.0,30.5,0.0,0.0,0.0,151.81,10.35,0.657,0.657,STRAIGHT,1.5,1.5,"CMD,0.7,1.50",4.0,0.0169,1.644,0.023,1,0.8118,0,NORMAL,70.17,-0.178,1,1,1,1,1,82.2,187,12,dijkstra,graph,0.32981,0,,,,,,0,,,,161894,98841,2652
1678,129.86002850532532,2026-03-06T01:41:40.660194,0.0,0.0,4.87,0.0,0.0,0.0,0.0,22.87,10.33,0.67,0.657,STRAIGHT,1.5,1.5,"CMD,0.7,1.50",4.0,0.0169,1.644,0.023,1,0.8118,0,NORMAL,70.711,-0.301,1,1,1,1,1,72.2,0,0,dijkstra,predict,0.3294,0,,,,,,0,,,,171331,98821,0
1679,129.90031719207764,2026-03-06T01:41:40.700483,0.0,0.0,4.04,0.0,0.0,0.0,0.0,18.15,10.84,0.679,0.67,STRAIGHT,1.5,1.5,"CMD,0.7,1.50",4.0,0.0169,1.644,0.023,1,0.8118,0,NORMAL,70.711,-0.504,1,1,1,1,1,67.2,0,0,dijkstra,predict,0.32551,0,,,,,,0,,,,171331,97653,0
1680,129.92924118041992,2026-03-06T01:41:40.729407,0.0,0.0,0.0,0.0,0.0,0.0,0.0,16.54,10.84,0.685,0.679,STRAIGHT,1.5,1.5,"CMD,0.7,1.50",4.0,0.0169,1.644,0.023,1,0.8118,0,NORMAL,70.711,-1.03,1,1,1,1,1,57.2,0,0,dijkstra,predict,0.31709,0,,,,,,0,,,,171331,95126,0
1681,130.09500122070312,2026-03-06T01:41:40.895167,106.53,0.0,6.01,16.01,2.0,0.0,0.0,155.44,10.86,0.702,0.685,STRAIGHT,1.5,1.5,"CMD,0.7,1.50",4.0,0.0179,1.598,0.023,1,0.8982,0,NORMAL,70.711,-0.997,1,1,1,1,1,79.9,99,9,dijkstra,graph,0.31095,0,,,,,,0,,,,162175,93017,1993
1682,130.1314947605133,2026-03-06T01:41:40.931661,0.0,0.0,6.25,0.0,0.0,0.0,0.0,18.27,10.84,0.714,0.702,STRAIGHT,1.5,1.5,"CMD,0.7,1.50",4.0,0.0179,1.598,0.023,1,0.8982,0,NORMAL,70.711,-1.374,1,1,1,1,1,69.9,0,0,dijkstra,predict,0.30994,0,,,,,,0,,,,169195,92982,0
1683,130.16401720046997,2026-03-06T01:41:40.964183,2.0,0.0,0.0,0.0,0.0,0.0,0.0,20.51,11.4,0.722,0.714,STRAIGHT,1.5,1.5,"CMD,0.7,1.50",4.0,0.0179,1.598,0.023,1,0.8982,0,NORMAL,70.711,-1.576,1,1,1,1,1,64.9,0,0,dijkstra,predict,0.307,0,,,,,,0,,,,169195,92100,0
1684,130.2046868801117,2026-03-06T01:41:41.004853,0.0,0.0,3.91,0.0,0.0,0.0,0.0,20.47,11.38,0.727,0.722,STRAIGHT,1.5,1.5,"CMD,0.7,1.50",4.0,0.0179,1.598,0.023,1,0.8982,0,NORMAL,70.711,-1.628,1,1,1,1,1,54.9,0,0,dijkstra,predict,0.29804,0,,,,,,0,,,,169195,89411,0
1685,130.36522364616394,2026-03-06T01:41:41.165390,101.55,0.0,10.13,20.24,0.0,0.0,0.0,152.52,11.4,0.761,0.727,STRAIGHT,1.5,1.5,"CMD,0.7,1.50",4.0,0.0201,1.507,0.023,1,0.8645,0,NORMAL,70.711,-1.667,1,1,1,1,1,75.3,123,9,dijkstra,graph,0.30306,0,,,,,,0,,,,154122,90805,2145
1686,130.40605473518372,2026-03-06T01:41:41.206221,2.37,0.0,1.74,0.0,0.0,0.0,0.0,18.25,11.37,0.784,0.761,STRAIGHT,1.5,1.5,"CMD,0.8,1.50",4.0,0.0201,1.507,0.023,1,0.8645,0,NORMAL,70.711,-1.867,1,1,1,1,1,65.3,0,0,dijkstra,predict,0.30295,0,,,,,,0,,,,161433,90884,0
1687,130.44584727287292,2026-03-06T01:41:41.246013,0.0,0.0,5.1,0.0,0.0,0.0,0.0,29.73,11.93,0.799,0.784,STRAIGHT,1.5,1.5,"CMD,0.8,1.50",4.0,0.0201,1.507,0.023,1,0.8645,0,NORMAL,70.711,-1.825,1,1,1,1,1,60.3,0,0,dijkstra,predict,0.30002,0,,,,,,0,,,,161433,90006,0
1688,130.47735261917114,2026-03-06T01:41:41.277519,1.0,0.0,0.0,0.0,0.0,0.0,0.0,16.48,11.95,0.809,0.799,STRAIGHT,1.5,1.5,"CMD,0.8,1.50",4.0,0.0201,1.507,0.023,1,0.8645,0,NORMAL,67.56,-1.819,1,1,1,1,1,55.3,0,0,dijkstra,predict,0.29327,0,,,,,,0,,,,161433,87980,0
1689,130.65151596069336,2026-03-06T01:41:41.451682,106.61,0.0,6.01,12.02,0.0,0.0,0.0,151.82,11.88,0.897,0.809,STRAIGHT,1.5,1.5,"CMD,0.8,1.50",4.0,0.026,1.324,0.023,1,0.871,0,NORMAL,68.698,-1.906,1,1,1,1,1,66.2,116,9,dijkstra,graph,0.25713,0,,,,,,0,,,,138049,76940,1950
1690,130.67956399917603,2026-03-06T01:41:41.479730,0.0,0.0,0.0,0.0,0.0,0.0,0.0,14.02,12.56,0.956,0.897,STRAIGHT,1.5,1.5,"CMD,0.9,1.50",4.0,0.026,1.324,0.023,1,0.871,0,NORMAL,67.52,-1.852,1,1,1,1,1,56.2,0,0,dijkstra,predict,0.2573,0,,,,,,0,,,,147416,77189,0
1691,130.7207281589508,2026-03-06T01:41:41.520894,0.0,0.0,4.75,0.0,0.0,0.0,0.0,20.46,13.22,0.996,0.956,STRAIGHT,1.5,1.5,"CMD,1.0,1.50",4.0,0.026,1.324,0.023,1,0.871,0,NORMAL,66.804,-1.83,1,1,1,1,1,51.2,0,0,dijkstra,predict,0.25539,0,,,,,,0,,,,147416,76618,0
1692,130.7567994594574,2026-03-06T01:41:41.556966,2.0,0.0,4.01,0.0,0.0,0.0,0.0,25.8,14.18,1.022,0.996,STRAIGHT,1.5,1.5,"CMD,1.0,1.50",4.0,0.026,1.324,0.023,1,0.871,0,NORMAL,63.04,-1.601,1,1,1,1,1,46.2,0,0,dijkstra,predict,0.24985,0,,,,,,0,,,,147416,74956,0
1693,130.9318606853485,2026-03-06T01:41:41.732027,116.78,0.0,6.01,20.23,0.0,0.0,0.0,159.04,13.28,1.039,1.022,STRAIGHT,1.5,1.5,"CMD,1.0,1.50",4.0,0.026,1.324,0.023,1,0.8314,0,NORMAL,63.489,-1.698,1,1,1,1,1,66.2,109,8,dijkstra,graph,0.30283,0,,,,,,0,,,,158530,90606,2117
1694,130.97631335258484,2026-03-06T01:41:41.776479,2.0,0.0,2.0,0.0,0.0,0.0,0.0,22.06,14.17,1.051,1.039,STRAIGHT,1.5,1.5,"CMD,1.0,1.50",4.0,0.026,1.324,0.023,1,0.8314,0,NORMAL,63.915,-1.745,1,1,1,1,1,56.2,0,0,dijkstra,predict,0.30174,0,,,,,,0,,,,171677,90521,0
1695,131.0131094455719,2026-03-06T01:41:41.813276,0.0,0.0,6.03,0.0,0.0,0.0,0.0,21.29,14.15,1.059,1.051,STRAIGHT,1.5,1.5,"CMD,1.1,1.50",4.0,0.026,1.324,0.023,1,0.8314,0,NORMAL,62.926,-1.674,1,1,1,1,1,51.2,0,0,dijkstra,predict,0.30124,0,,,,,,0,,,,171677,90373,0
1696,131.0461962223053,2026-03-06T01:41:41.846362,0.0,0.0,0.0,0.0,0.0,0.0,0.0,23.01,14.21,1.064,1.059,STRAIGHT,1.5,1.5,"CMD,1.1,1.50",4.0,0.026,1.324,0.023,1,0.8314,0,NORMAL,62.961,-1.66,1,1,1,1,1,46.2,0,0,dijkstra,predict,0.29597,0,,,,,,0,,,,171677,88792,0
1697,131.21541261672974,2026-03-06T01:41:42.015578,107.34,0.0,6.26,6.01,10.07,0.0,0.0,146.95,13.36,1.093,1.064,STRAIGHT,1.5,1.5,"CMD,1.1,1.50",4.0,0.0279,1.279,0.023,1,0.9031,0,NORMAL,63.024,-1.562,1,1,1,1,1,63.9,89,8,dijkstra,graph,0.32262,0,,,,,,0,,,,166100,96639,2069
1698,131.25375723838806,2026-03-06T01:41:42.053923,2.0,0.0,2.0,0.0,0.0,0.0,2.0,28.29,14.42,1.112,1.093,STRAIGHT,1.5,1.5,"CMD,1.1,1.50",4.0,0.0279,1.279,0.023,1,0.9031,0,NORMAL,63.628,-1.661,1,1,1,1,1,53.9,0,0,dijkstra,predict,0.32249,0,,,,,,0,,,,178003,96746,0
1699,131.2859857082367,2026-03-06T01:41:42.086152,2.0,0.0,0.0,0.0,0.0,0.0,0.0,20.07,14.46,1.125,1.112,STRAIGHT,1.5,1.5,"CMD,1.1,1.50",4.0,0.0279,1.279,0.023,1,0.9031,0,NORMAL,67.595,-2.317,1,1,1,1,1,48.9,0,0,dijkstra,predict,0.32146,0,,,,,,0,,,,178003,96439,0
1700,131.32003378868103,2026-03-06T01:41:42.120200,0.0,0.0,0.0,0.0,0.0,0.0,0.0,23.97,14.47,1.134,1.125,STRAIGHT,1.5,1.5,"CMD,1.1,1.50",4.0,0.0279,1.279,0.023,1,0.9031,0,NORMAL,70.472,-3.0,1,1,1,1,1,43.9,0,0,dijkstra,predict,0.31585,0,,,,,,0,,,,178003,94754,0
1701,131.5012764930725,2026-03-06T01:41:42.301442,102.13,0.0,10.09,28.44,2.0,0.0,0.0,164.83,13.49,1.325,1.134,STRAIGHT,1.5,1.5,"CMD,1.1,1.50",4.0,0.0414,1.05,0.023,1,0.801,0,NORMAL,65.278,-3.0,1,1,1,1,1,52.5,150,16,dijkstra,graph,0.34488,0,,,,,,0,,,,161922,103295,2927
1702,131.53364062309265,2026-03-06T01:41:42.333807,2.0,0.0,0.0,0.0,0.0,0.0,0.0,18.35,14.49,1.452,1.325,STRAIGHT,1.5,1.5,"CMD,1.3,1.50",4.0,0.0414,1.05,0.023,1,0.801,0,NORMAL,56.804,-3.0,1,1,1,1,1,42.5,0,0,dijkstra,predict,0.34461,0,,,,,,0,,,,173149,103383,0
1703,131.57169461250305,2026-03-06T01:41:42.371860,2.0,0.0,2.0,0.0,0.0,0.0,0.0,18.03,14.47,1.537,1.452,STRAIGHT,1.5,1.5,"CMD,1.5,1.50",4.0,0.0414,1.05,0.023,1,0.801,0,NORMAL,39.048,-3.0,1,1,1,1,1,37.5,0,0,dijkstra,predict,0.3442,0,,,,,,0,,,,173149,103261,0
1704,131.60174870491028,2026-03-06T01:41:42.401915,0.0,0.0,0.0,0.0,0.0,0.0,0.0,14.03,14.55,1.594,1.537,STRAIGHT,1.5,1.5,"CMD,1.5,1.50",4.0,0.0414,1.05,0.023,1,0.801,0,NORMAL,55.319,-3.0,1,1,1,1,1,32.5,0,0,dijkstra,predict,0.33905,0,,,,,,0,,,,173149,101716,0
1705,131.781667470932,2026-03-06T01:41:42.581833,103.03,0.0,10.1,20.32,10.06,0.0,0.0,161.7,13.58,0.397,1.537,STRAIGHT,1.5,1.5,"CMD,1.5,1.50",3.331,-0.0484,3.298,-0.265,1,0.7851,0,NORMAL,66.868,-3.0,1,1,1,1,1,214.8,173,9,dijkstra,fallback_centerline,0.25981,0,,,,,,0,,,,146326,77727,2413
1706,131.82244873046875,2026-03-06T01:41:42.622615,0.0,0.0,0.0,0.0,0.0,0.0,0.0,20.63,14.46,-0.4,0.397,STRAIGHT,1.5,1.5,"CMD,0.4,1.50",3.331,-0.0484,3.298,-0.265,1,0.7851,0,NORMAL,66.666,-3.0,1,1,1,1,1,214.8,0,0,dijkstra,predict,0.25607,0,,,,,,0,,,,160018,76820,0
1707,132.0049569606781,2026-03-06T01:41:42.805123,113.41,0.0,6.01,6.01,10.17,0.0,0.0,161.59,13.52,-0.951,-0.4,STRAIGHT,1.5,1.5,"CMD,-0.4,1.50",3.283,-0.0498,3.249,-0.265,1,0.9207,0,NORMAL,66.729,-3.0,1,1,1,1,1,213.8,62,8,dijkstra,fallback_centerline,0.25748,0,,,,,,0,,,,147238,77057,1637
1708,132.0373194217682,2026-03-06T01:41:42.837485,0.0,0.0,0.0,0.0,0.0,0.0,0.0,22.18,13.56,-1.318,-0.951,STRAIGHT,1.5,1.5,"CMD,-1.0,1.50",3.283,-0.0498,3.249,-0.265,1,0.9207,0,NORMAL,68.79,-3.0,1,1,1,1,1,213.8,0,0,dijkstra,predict,0.25347,0,,,,,,0,,,,157231,76042,0
1709,132.22591638565063,2026-03-06T01:41:43.026082,114.04,0.0,8.03,20.93,0.0,0.0,0.0,167.86,12.63,-0.398,-0.951,STRAIGHT,1.5,1.5,"CMD,-1.0,1.50",4.0,0.035,1.142,0.023,1,0.7826,0,NORMAL,69.745,-3.0,1,1,1,1,1,57.1,117,8,dijkstra,graph,0.27572,0,,,,,,0,,,,154382,82610,2120
1710,132.26090908050537,2026-03-06T01:41:43.061075,1.0,0.0,0.0,0.0,0.0,0.0,0.0,16.3,13.39,0.216,-0.398,STRAIGHT,1.5,1.5,"CMD,-0.4,1.50",4.0,0.035,1.142,0.023,1,0.7826,0,NORMAL,69.011,-3.0,1,1,1,1,1,47.1,0,0,dijkstra,predict,0.27575,0,,,,,,0,,,,167069,82725,0
1711,132.2949457168579,2026-03-06T01:41:43.095112,0.0,0.0,0.0,0.0,0.0,0.0,0.0,23.96,13.4,0.625,0.216,STRAIGHT,1.5,1.5,"CMD,0.2,1.50",4.0,0.035,1.142,0.023,1,0.7826,0,NORMAL,69.405,-3.0,1,1,1,1,1,42.1,0,0,dijkstra,predict,0.27432,0,,,,,,0,,,,167069,82297,0
1712,132.3365375995636,2026-03-06T01:41:43.136704,1.74,0.0,4.11,0.0,0.0,0.0,0.0,24.42,13.35,0.898,0.625,STRAIGHT,1.5,1.5,"CMD,0.6,1.50",4.0,0.035,1.142,0.023,1,0.7826,0,NORMAL,70.025,-3.0,1,1,1,1,1,37.1,0,0,dijkstra,predict,0.26858,0,,,,,,0,,,,167069,80573,0
1713,132.51897072792053,2026-03-06T01:41:43.319137,109.11,0.0,10.33,20.27,0.0,0.0,0.0,174.26,12.53,0.778,0.778,STRAIGHT,1.5,1.5,"CMD,0.8,1.50",4.0,0.013,1.872,0.023,1,0.7544,0,NORMAL,67.897,-3.0,1,1,1,1,1,93.6,146,8,dijkstra,graph,0.3038,0,,,,,,0,,,,158025,90971,2505
1714,132.550945520401,2026-03-06T01:41:43.351111,2.0,0.0,0.0,0.0,0.0,0.0,0.0,17.96,13.27,0.698,0.778,STRAIGHT,1.5,1.5,"CMD,0.8,1.50",4.0,0.013,1.872,0.023,1,0.7544,0,NORMAL,65.335,-3.0,1,1,1,1,1,83.6,0,0,dijkstra,predict,0.30296,0,,,,,,0,,,,167983,90889,0
1715,132.5923047065735,2026-03-06T01:41:43.392471,2.47,0.0,0.0,0.0,0.0,0.0,0.0,24.76,13.26,0.644,0.698,STRAIGHT,1.5,1.5,"CMD,0.7,1.50",4.0,0.013,1.872,0.023,1,0.7544,0,NORMAL,63.887,-3.0,1,1,1,1,1,78.6,0,0,dijkstra,predict,0.30252,0,,,,,,0,,,,167983,90755,0
1716,132.63211059570312,2026-03-06T01:41:43.432276,0.0,0.0,2.0,0.0,0.0,0.0,0.0,18.41,13.26,0.609,0.644,STRAIGHT,1.5,1.5,"CMD,0.6,1.50",4.0,0.013,1.872,0.023,1,0.7544,0,NORMAL,62.672,-3.0,1,1,1,1,1,73.6,0,0,dijkstra,predict,0.29547,0,,,,,,0,,,,167983,88642,0
1717,132.82049751281738,2026-03-06T01:41:43.620663,122.15,0.0,6.01,14.03,0.0,0.0,10.06,172.28,12.38,0.928,0.644,STRAIGHT,1.5,1.5,"CMD,0.6,1.50",4.0,0.038,1.096,0.023,1,0.7313,0,NORMAL,60.538,-2.989,1,1,1,1,1,54.8,101,7,dijkstra,graph,0.2857,0,,,,,,0,,,,133315,85549,2055
1718,132.8612940311432,2026-03-06T01:41:43.661460,0.0,0.0,6.38,0.0,0.0,0.0,0.0,26.72,13.11,1.141,0.928,STRAIGHT,1.5,1.5,"CMD,0.9,1.50",4.0,0.038,1.096,0.023,1,0.7313,0,NORMAL,62.138,-2.988,1,1,1,1,1,44.8,0,0,dijkstra,predict,0.28495,0,,,,,,0,,,,137965,85484,0
1719,132.8971128463745,2026-03-06T01:41:43.697279,2.95,0.0,2.0,0.0,0.0,0.0,0.0,25.61,13.08,1.283,1.141,STRAIGHT,1.5,1.5,"CMD,1.1,1.50",4.0,0.038,1.096,0.023,1,0.7313,0,NORMAL,61.576,-2.837,1,1,1,1,1,39.8,0,0,dijkstra,predict,0.28419,0,,,,,,0,,,,137965,85258,0
1720,132.93469429016113,2026-03-06T01:41:43.734860,2.0,0.0,4.01,0.0,0.0,0.0,0.0,21.89,13.1,1.378,1.283,STRAIGHT,1.5,1.5,"CMD,1.3,1.50",4.0,0.038,1.096,0.023,1,0.7313,0,NORMAL,51.357,-2.817,1,1,1,1,1,34.8,0,0,dijkstra,predict,0.27713,0,,,,,,0,,,,137965,83139,0
1721,133.10542035102844,2026-03-06T01:41:43.905586,119.59,0.0,6.01,10.25,0.0,0.0,0.0,152.65,12.35,1.081,1.283,STRAIGHT,1.5,1.5,"CMD,1.3,1.50",4.0,0.0118,1.963,0.023,1,0.755,0,NORMAL,51.108,-2.449,1,1,1,1,1,98.2,46,4,dijkstra,graph,0.31463,0,,,,,,0,,,,158914,94242,1595
1722,133.14654111862183,2026-03-06T01:41:43.946707,2.0,0.0,2.58,0.0,0.0,0.0,0.0,20.58,13.09,0.884,1.081,STRAIGHT,1.5,1.5,"CMD,1.1,1.50",4.0,0.0118,1.963,0.023,1,0.755,0,NORMAL,50.722,-2.002,1,1,1,1,1,88.2,0,0,dijkstra,predict,0.314,0,,,,,,0,,,,161825,94199,0
1723,133.18297719955444,2026-03-06T01:41:43.983143,0.0,0.0,4.24,0.0,0.0,0.0,0.0,26.4,13.13,0.752,0.884,STRAIGHT,1.5,1.5,"CMD,0.9,1.50",4.0,0.0118,1.963,0.023,1,0.755,0,NORMAL,50.271,-1.506,1,1,1,1,1,83.2,0,0,dijkstra,predict,0.31247,0,,,,,,0,,,,161825,93740,0
1724,133.21802759170532,2026-03-06T01:41:44.018193,0.0,0.0,5.0,0.0,0.0,0.0,0.0,20.87,13.15,0.664,0.752,STRAIGHT,1.5,1.5,"CMD,0.8,1.50",4.0,0.0118,1.963,0.023,1,0.755,0,NORMAL,50.007,-0.885,1,1,1,1,1,78.2,0,0,dijkstra,predict,0.30682,0,,,,,,0,,,,161825,92046,0
1725,133.38942980766296,2026-03-06T01:41:44.189596,117.01,0.0,4.01,20.61,0.0,0.0,0.0,157.38,12.38,-0.151,0.664,STRAIGHT,1.5,1.5,"CMD,0.7,1.50",2.794,-0.0432,2.237,-0.108,1,0.8625,0,NORMAL,50.546,0.07,1,1,1,1,1,115.3,89,11,dijkstra,graph,0.40041,0,,,,,,0,,,,176795,119894,2663
1726,133.4338207244873,2026-03-06T01:41:44.233987,3.01,0.0,4.01,0.0,0.0,0.0,0.0,22.29,13.07,-0.695,-0.151,STRAIGHT,1.5,1.5,"CMD,-0.2,1.50",2.794,-0.0432,2.237,-0.108,1,0.8625,0,NORMAL,52.059,0.47,1,1,1,1,1,105.2,0,0,dijkstra,predict,0.39919,0,,,,,,0,,,,180641,119757,0
1727,133.47004914283752,2026-03-06T01:41:44.270215,0.0,0.0,4.22,0.0,0.0,0.0,0.0,20.21,13.08,-1.058,-0.695,STRAIGHT,1.5,1.5,"CMD,-0.7,1.50",2.794,-0.0432,2.237,-0.108,1,0.8625,0,NORMAL,56.0,1.093,1,1,1,1,1,100.2,0,0,dijkstra,predict,0.39643,0,,,,,,0,,,,180641,118930,0
1728,133.50928592681885,2026-03-06T01:41:44.309452,2.0,0.0,4.01,0.0,0.0,0.0,0.0,20.88,13.04,-1.299,-1.058,STRAIGHT,1.5,1.5,"CMD,-1.1,1.50",2.794,-0.0432,2.237,-0.108,1,0.8625,0,NORMAL,59.717,1.435,1,1,1,1,1,95.2,0,0,dijkstra,predict,0.39206,0,,,,,,0,,,,180641,117618,0
1729,133.68179440498352,2026-03-06T01:41:44.481960,110.5,0.0,6.01,13.89,2.0,0.0,0.0,152.67,12.28,-0.535,-1.058,STRAIGHT,1.5,1.5,"CMD,-1.1,1.50",4.0,0.0241,2.466,0.073,1,0.8449,0,NORMAL,62.758,1.704,1,1,1,1,1,123.9,47,9,dijkstra,graph,0.44738,0,,,,,,0,,,,193760,134186,2714
1730,133.71433520317078,2026-03-06T01:41:44.514501,0.0,0.0,0.0,0.0,0.0,0.0,0.0,22.53,13.1,-0.025,-0.535,STRAIGHT,1.5,1.5,"CMD,-0.5,1.50",4.0,0.0241,2.466,0.073,1,0.8449,0,NORMAL,61.957,1.788,1,1,1,1,1,113.8,0,0,dijkstra,predict,0.44709,0,,,,,,0,,,,201194,134126,0
1731,133.75691604614258,2026-03-06T01:41:44.557082,1.74,0.0,2.0,0.0,0.0,0.0,0.0,24.41,13.04,0.315,-0.025,STRAIGHT,1.5,1.5,"CMD,-0.0,1.50",4.0,0.0241,2.466,0.073,1,0.8449,0,NORMAL,60.956,2.052,1,1,1,1,1,108.8,0,0,dijkstra,predict,0.44591,0,,,,,,0,,,,201194,133774,0
1732,133.7934443950653,2026-03-06T01:41:44.593610,0.0,0.0,4.49,0.0,0.0,0.0,0.0,18.5,13.05,0.542,0.315,STRAIGHT,1.5,1.5,"CMD,0.3,1.50",4.0,0.0241,2.466,0.073,1,0.8449,0,NORMAL,56.791,2.304,1,1,1,1,1,103.8,0,0,dijkstra,predict,0.44168,0,,,,,,0,,,,201194,132504,0
1733,133.96503949165344,2026-03-06T01:41:44.765205,116.59,0.0,8.01,12.27,0.0,0.0,0.0,161.5,12.27,0.482,0.482,STRAIGHT,1.5,1.5,"CMD,0.5,1.50",4.0,0.0088,2.283,0.023,1,0.8437,0,NORMAL,53.835,2.462,1,1,1,1,1,114.2,24,6,dijkstra,graph,0.43624,0,,,,,,0,,,,193069,130599,2275
1734,134.00444102287292,2026-03-06T01:41:44.804607,1.93,0.0,4.11,0.0,0.0,0.0,0.0,21.38,13.05,0.442,0.482,STRAIGHT,1.5,1.5,"CMD,0.5,1.50",4.0,0.0088,2.283,0.023,1,0.8437,0,NORMAL,51.514,2.664,1,1,1,1,1,104.2,0,0,dijkstra,predict,0.43532,0,,,,,,0,,,,196566,130597,0
1735,134.04116868972778,2026-03-06T01:41:44.841335,0.0,0.0,3.68,0.0,0.0,0.0,0.0,19.7,13.07,0.415,0.442,STRAIGHT,1.5,1.5,"CMD,0.4,1.50",4.0,0.0088,2.283,0.023,1,0.8437,0,NORMAL,50.34,3.0,1,1,1,1,1,99.2,0,0,dijkstra,predict,0.4347,0,,,,,,0,,,,196566,130411,0
1736,134.07616662979126,2026-03-06T01:41:44.876333,2.0,0.0,0.0,0.0,0.0,0.0,0.0,18.47,14.0,0.397,0.415,STRAIGHT,1.5,1.5,"CMD,0.4,1.50",4.0,0.0088,2.283,0.023,1,0.8437,0,NORMAL,50.0,3.0,1,1,1,1,1,94.2,0,0,dijkstra,predict,0.42863,0,,,,,,0,,,,196566,128590,0
1737,134.24855041503906,2026-03-06T01:41:45.048716,102.11,0.0,15.74,12.56,0.0,0.0,0.0,148.43,13.11,0.395,0.397,STRAIGHT,1.5,1.5,"CMD,0.4,1.50",4.0,0.0095,2.192,0.023,1,0.8391,0,NORMAL,50.282,3.0,1,1,1,1,1,109.6,39,9,dijkstra,graph,0.46686,0,,,,,,0,,,,209984,139757,2318
1738,134.28892421722412,2026-03-06T01:41:45.089090,2.0,0.0,0.0,0.0,0.0,0.0,0.0,20.21,14.06,0.394,0.395,STRAIGHT,1.5,1.5,"CMD,0.4,1.50",4.0,0.0095,2.192,0.023,1,0.8391,0,NORMAL,51.592,3.0,1,1,1,1,1,99.6,0,0,dijkstra,predict,0.46541,0,,,,,,0,,,,215094,139622,0
1739,134.33111834526062,2026-03-06T01:41:45.131284,2.0,0.0,3.01,0.0,0.0,0.0,0.0,22.44,14.01,0.393,0.394,STRAIGHT,1.5,1.5,"CMD,0.4,1.50",4.0,0.0095,2.192,0.023,1,0.8391,0,NORMAL,51.198,3.0,1,1,1,1,1,94.6,0,0,dijkstra,predict,0.46505,0,,,,,,0,,,,215094,139515,0
1740,134.37076950073242,2026-03-06T01:41:45.170935,0.0,0.0,6.2,0.0,0.0,0.0,0.0,21.63,13.97,0.393,0.393,STRAIGHT,1.5,1.5,"CMD,0.4,1.50",4.0,0.0095,2.192,0.023,1,0.8391,0,NORMAL,49.879,3.0,1,1,1,1,1,89.6,0,0,dijkstra,predict,0.45915,0,,,,,,0,,,,215094,137745,0
1741,134.53982591629028,2026-03-06T01:41:45.339992,111.02,0.0,6.01,16.45,2.0,0.0,0.0,153.04,13.16,0.575,0.393,STRAIGHT,1.5,1.5,"CMD,0.4,1.50",4.0,0.0228,1.416,0.023,1,0.7982,0,NORMAL,51.615,3.0,1,1,1,1,1,70.8,55,8,dijkstra,graph,0.43814,0,,,,,,0,,,,202108,131332,2403
1742,134.5718011856079,2026-03-06T01:41:45.371967,0.0,0.0,0.0,0.0,0.0,0.0,0.0,21.92,14.11,0.696,0.575,STRAIGHT,1.5,1.5,"CMD,0.6,1.50",4.0,0.0228,1.416,0.023,1,0.7982,0,NORMAL,53.007,3.0,1,1,1,1,1,60.8,0,0,dijkstra,predict,0.43726,0,,,,,,0,,,,208459,131178,0
1743,134.6105444431305,2026-03-06T01:41:45.410710,0.0,0.0,0.0,0.0,0.0,0.0,0.0,20.27,14.08,0.777,0.696,STRAIGHT,1.5,1.5,"CMD,0.7,1.50",4.0,0.0228,1.416,0.023,1,0.7982,0,NORMAL,52.314,3.0,1,1,1,1,1,55.8,0,0,dijkstra,predict,0.43746,0,,,,,,0,,,,208459,131237,0
1744,134.65134143829346,2026-03-06T01:41:45.451507,0.0,0.0,4.22,0.0,0.0,0.0,0.0,20.45,14.08,0.831,0.777,STRAIGHT,1.5,1.5,"CMD,0.8,1.50",4.0,0.0228,1.416,0.023,1,0.7982,0,NORMAL,55.237,3.0,1,1,1,1,1,50.8,0,0,dijkstra,predict,0.43235,0,,,,,,0,,,,208459,129704,0
1745,134.82665467262268,2026-03-06T01:41:45.626821,108.76,0.0,7.08,23.5,2.0,0.0,0.0,161.78,13.21,0.67,0.777,STRAIGHT,1.5,1.5,"CMD,0.8,1.50",4.0,0.0084,2.329,0.023,1,0.82,0,NORMAL,53.931,3.0,1,1,1,1,1,116.4,139,11,dijkstra,graph,0.45506,0,,,,,,0,,,,226625,136105,3311
1746,134.8649125099182,2026-03-06T01:41:45.665078,4.21,0.0,2.0,0.0,0.0,0.0,0.0,20.24,14.18,0.562,0.67,STRAIGHT,1.5,1.5,"CMD,0.7,1.50",4.0,0.0084,2.329,0.023,1,0.82,0,NORMAL,52.63,2.896,1,1,1,1,1,106.4,0,0,dijkstra,predict,0.45317,0,,,,,,0,,,,234026,135951,0
1747,134.9037253856659,2026-03-06T01:41:45.703891,0.0,0.0,4.34,0.0,0.0,0.0,0.0,20.79,14.2,0.491,0.562,STRAIGHT,1.5,1.5,"CMD,0.6,1.50",4.0,0.0084,2.329,0.023,1,0.82,0,NORMAL,52.056,2.774,1,1,1,1,1,101.4,0,0,dijkstra,predict,0.4525,0,,,,,,0,,,,234026,135751,0
1748,134.94434070587158,2026-03-06T01:41:45.744507,0.0,0.0,5.73,0.0,0.0,0.0,0.0,21.97,14.17,0.443,0.491,STRAIGHT,1.5,1.5,"CMD,0.5,1.50",4.0,0.0084,2.329,0.023,1,0.82,0,NORMAL,51.369,2.611,1,1,1,1,1,96.4,0,0,dijkstra,predict,0.44579,0,,,,,,0,,,,234026,133737,0
1749,135.12135291099548,2026-03-06T01:41:45.921519,112.47,0.0,8.01,20.03,2.0,0.0,0.0,162.44,13.26,0.421,0.443,STRAIGHT,1.5,1.5,"CMD,0.4,1.50",4.0,0.0091,2.237,0.023,1,0.8446,0,NORMAL,50.874,2.487,1,1,1,1,1,111.9,110,11,dijkstra,graph,0.40626,0,,,,,,0,,,,196256,121515,2732
1750,135.15753149986267,2026-03-06T01:41:45.957697,2.0,0.0,2.0,0.0,0.0,0.0,0.0,18.16,14.13,0.406,0.421,STRAIGHT,1.5,1.5,"CMD,0.4,1.50",4.0,0.0091,2.237,0.023,1,0.8446,0,NORMAL,50.48,2.347,1,1,1,1,1,101.9,0,0,dijkstra,predict,0.40585,0,,,,,,0,,,,203022,121755,0
1751,135.2000708580017,2026-03-06T01:41:46.000237,1.5,0.0,4.01,0.0,0.0,0.0,0.0,20.82,14.12,0.396,0.406,STRAIGHT,1.5,1.5,"CMD,0.4,1.50",4.0,0.0091,2.237,0.023,1,0.8446,0,NORMAL,50.37,2.22,1,1,1,1,1,96.9,0,0,dijkstra,predict,0.40459,0,,,,,,0,,,,203022,121376,0
1752,135.24005317687988,2026-03-06T01:41:46.040219,1.74,0.0,3.55,0.0,0.0,0.0,0.0,21.96,14.1,0.39,0.396,STRAIGHT,1.5,1.5,"CMD,0.4,1.50",4.0,0.0091,2.237,0.023,1,0.8446,0,NORMAL,50.202,2.042,1,1,1,1,1,91.9,0,0,dijkstra,predict,0.39893,0,,,,,,0,,,,203022,119680,0
1753,135.41429805755615,2026-03-06T01:41:46.214464,111.04,0.0,8.01,18.18,0.0,0.0,0.0,155.14,13.2,0.402,0.396,STRAIGHT,1.5,1.5,"CMD,0.4,1.50",4.0,0.0104,2.1,0.023,1,0.898,0,NORMAL,50.177,1.884,1,1,1,1,1,105.0,91,10,dijkstra,graph,0.39548,0,,,,,,0,,,,201023,118480,2830
1754,135.4488489627838,2026-03-06T01:41:46.249015,1.0,0.0,0.0,0.0,0.0,0.0,0.0,16.45,14.08,0.41,0.402,STRAIGHT,1.5,1.5,"CMD,0.4,1.50",4.0,0.0104,2.1,0.023,1,0.898,0,NORMAL,50.131,1.737,1,1,1,1,1,95.0,0,0,dijkstra,predict,0.39559,0,,,,,,0,,,,209254,118676,0
1755,135.49249148368835,2026-03-06T01:41:46.292657,2.3,0.0,3.23,0.0,0.0,0.0,0.0,23.38,14.09,0.416,0.41,STRAIGHT,1.5,1.5,"CMD,0.4,1.50",4.0,0.0104,2.1,0.023,1,0.898,0,NORMAL,50.097,1.597,1,1,1,1,1,90.0,0,0,dijkstra,predict,0.39431,0,,,,,,0,,,,209254,118292,0
1756,135.52944111824036,2026-03-06T01:41:46.329607,2.0,0.0,1.86,0.0,0.0,0.0,0.0,21.43,14.08,0.42,0.416,STRAIGHT,1.5,1.5,"CMD,0.4,1.50",4.0,0.0104,2.1,0.023,1,0.898,0,NORMAL,50.04,1.428,1,1,1,1,1,85.0,0,0,dijkstra,predict,0.38856,0,,,,,,0,,,,209254,116567,0
1757,135.7022316455841,2026-03-06T01:41:46.502398,113.79,0.0,2.0,18.18,0.0,0.0,0.0,152.97,13.24,0.443,0.42,STRAIGHT,1.5,1.5,"CMD,0.4,1.50",4.0,0.0118,1.963,0.023,1,0.8739,0,NORMAL,50.002,1.305,1,1,1,1,1,98.2,54,9,dijkstra,graph,0.3688,0,,,,,,0,,,,203300,110267,2467
1758,135.74059462547302,2026-03-06T01:41:46.540761,0.0,0.0,4.19,0.0,0.0,0.0,0.0,20.34,14.09,0.458,0.443,STRAIGHT,1.5,1.5,"CMD,0.4,1.50",4.0,0.0118,1.963,0.023,1,0.8739,0,NORMAL,50.151,1.21,1,1,1,1,1,88.2,0,0,dijkstra,predict,0.36831,0,,,,,,0,,,,214246,110494,0
1759,135.78031706809998,2026-03-06T01:41:46.580483,0.0,0.0,4.16,0.0,0.0,0.0,0.0,20.18,14.04,0.468,0.458,STRAIGHT,1.5,1.5,"CMD,0.5,1.50",4.0,0.0118,1.963,0.023,1,0.8739,0,NORMAL,50.717,1.062,1,1,1,1,1,83.2,0,0,dijkstra,predict,0.36683,0,,,,,,0,,,,214246,110048,0
1760,135.8201687335968,2026-03-06T01:41:46.620335,2.0,0.0,3.01,0.0,0.0,0.0,0.0,18.27,14.06,0.475,0.468,STRAIGHT,1.5,1.5,"CMD,0.5,1.50",4.0,0.0118,1.963,0.023,1,0.8739,0,NORMAL,51.442,0.951,1,1,1,1,1,78.2,0,0,dijkstra,predict,0.3596,0,,,,,,0,,,,214246,107879,0
1761,135.99255347251892,2026-03-06T01:41:46.792719,113.17,0.0,8.26,14.43,0.0,0.0,0.0,162.3,13.19,0.496,0.475,STRAIGHT,1.5,1.5,"CMD,0.5,1.50",4.0,0.013,1.872,0.023,1,0.911,0,NORMAL,52.392,0.805,1,1,1,1,1,93.6,55,7,dijkstra,graph,0.32767,0,,,,,,0,,,,188887,98166,2069
1762,136.02995705604553,2026-03-06T01:41:46.830123,0.0,0.0,5.75,0.0,0.0,0.0,0.0,21.64,14.04,0.51,0.496,STRAIGHT,1.5,1.5,"CMD,0.5,1.50",4.0,0.013,1.872,0.023,1,0.911,0,NORMAL,53.292,0.817,1,1,1,1,1,83.6,0,0,dijkstra,predict,0.32797,0,,,,,,0,,,,202480,98390,0
1763,136.06675457954407,2026-03-06T01:41:46.866920,0.0,0.0,4.18,0.0,0.0,0.0,0.0,24.78,14.06,0.519,0.51,STRAIGHT,1.5,1.5,"CMD,0.5,1.50",4.0,0.013,1.872,0.023,1,0.911,0,NORMAL,54.419,0.633,1,1,1,1,1,78.6,0,0,dijkstra,predict,0.32649,0,,,,,,0,,,,202480,97947,0
1764,136.1055302619934,2026-03-06T01:41:46.905696,0.0,0.0,6.16,0.0,0.0,0.0,0.0,19.01,14.05,0.525,0.519,STRAIGHT,1.5,1.5,"CMD,0.5,1.50",4.0,0.013,1.872,0.023,1,0.911,0,NORMAL,55.126,0.571,1,1,1,1,1,73.6,0,0,dijkstra,predict,0.31884,0,,,,,,0,,,,202480,95653,0
1765,136.28012895584106,2026-03-06T01:41:47.080295,105.56,0.0,10.01,22.71,0.0,0.0,2.0,166.59,13.16,0.538,0.525,STRAIGHT,1.5,1.5,"CMD,0.5,1.50",4.0,0.0137,1.826,0.023,1,0.9025,0,NORMAL,55.785,0.491,1,1,1,1,1,91.3,99,10,dijkstra,graph,0.31843,0,,,,,,0,,,,184267,95116,2574
1766,136.31654286384583,2026-03-06T01:41:47.116709,0.0,0.0,6.59,0.0,0.0,0.0,0.0,22.4,14.02,0.547,0.538,STRAIGHT,1.5,1.5,"CMD,0.5,1.50",4.0,0.0137,1.826,0.023,1,0.9025,0,NORMAL,56.259,0.435,1,1,1,1,1,81.3,0,0,dijkstra,predict,0.31748,0,,,,,,0,,,,197286,95243,0
1767,136.3547375202179,2026-03-06T01:41:47.154903,0.0,0.0,4.3,0.0,0.0,0.0,0.0,20.17,14.04,0.553,0.547,STRAIGHT,1.5,1.5,"CMD,0.5,1.50",4.0,0.0137,1.826,0.023,1,0.9025,0,NORMAL,56.642,0.388,1,1,1,1,1,76.3,0,0,dijkstra,predict,0.3162,0,,,,,,0,,,,197286,94861,0
1768,136.39198517799377,2026-03-06T01:41:47.192151,0.0,0.0,5.5,0.0,0.0,0.0,0.0,21.52,14.07,0.557,0.553,STRAIGHT,1.5,1.5,"CMD,0.6,1.50",4.0,0.0137,1.826,0.023,1,0.9025,0,NORMAL,56.903,0.364,1,1,1,1,1,71.3,0,0,dijkstra,predict,0.30773,0,,,,,,0,,,,197286,92320,0
1769,136.55980920791626,2026-03-06T01:41:47.359975,109.62,0.0,6.01,12.02,2.0,0.0,0.0,147.8,13.25,0.569,0.557,STRAIGHT,1.5,1.5,"CMD,0.6,1.50",4.0,0.0144,1.781,0.023,1,0.8963,0,NORMAL,57.062,0.324,1,1,1,1,1,89.0,56,6,dijkstra,graph,0.29308,0,,,,,,0,,,,168520,87730,1888
1770,136.59626245498657,2026-03-06T01:41:47.396428,2.0,0.0,2.0,0.0,0.0,0.0,0.0,20.06,14.1,0.577,0.569,STRAIGHT,1.5,1.5,"CMD,0.6,1.50",4.0,0.0144,1.781,0.023,1,0.8963,0,NORMAL,56.93,0.285,1,1,1,1,1,79.0,0,0,dijkstra,predict,0.29277,0,,,,,,0,,,,181596,87831,0
1771,136.63240909576416,2026-03-06T01:41:47.432575,2.0,0.0,4.59,0.0,0.0,0.0,0.0,20.62,14.07,0.583,0.577,STRAIGHT,1.5,1.5,"CMD,0.6,1.50",4.0,0.0144,1.781,0.023,1,0.8963,0,NORMAL,56.838,0.305,1,1,1,1,1,74.0,0,0,dijkstra,predict,0.29181,0,,,,,,0,,,,181596,87543,0
1772,136.66619443893433,2026-03-06T01:41:47.466360,0.0,0.0,0.0,0.0,0.0,0.0,0.0,16.02,14.11,0.586,0.583,STRAIGHT,1.5,1.5,"CMD,0.6,1.50",4.0,0.0144,1.781,0.023,1,0.8963,0,NORMAL,56.909,0.263,1,1,1,1,1,69.0,0,0,dijkstra,predict,0.2846,0,,,,,,0,,,,181596,85381,0
1773,136.8449625968933,2026-03-06T01:41:47.645128,104.95,0.0,8.01,22.03,0.0,0.0,0.0,158.53,13.22,0.589,0.586,STRAIGHT,1.5,1.5,"CMD,0.6,1.50",4.0,0.0144,1.781,0.023,1,0.8995,0,NORMAL,56.798,0.211,1,1,1,1,1,89.0,113,10,dijkstra,graph,0.30184,0,,,,,,0,,,,167876,90185,2566
1774,136.8790090084076,2026-03-06T01:41:47.679175,0.0,0.0,0.0,0.0,0.0,0.0,0.0,16.02,14.13,0.591,0.589,STRAIGHT,1.5,1.5,"CMD,0.6,1.50",4.0,0.0144,1.781,0.023,1,0.8995,0,NORMAL,56.428,0.159,1,1,1,1,1,79.0,0,0,dijkstra,predict,0.30057,0,,,,,,0,,,,184607,90170,0
1775,136.91719007492065,2026-03-06T01:41:47.717356,1.74,0.0,0.0,0.0,0.0,0.0,0.0,16.46,14.13,0.592,0.591,STRAIGHT,1.5,1.5,"CMD,0.6,1.50",4.0,0.0144,1.781,0.023,1,0.8995,0,NORMAL,56.11,0.104,1,1,1,1,1,74.0,0,0,dijkstra,predict,0.29983,0,,,,,,0,,,,184607,89948,0
1776,136.95712685585022,2026-03-06T01:41:47.757293,2.0,0.0,4.0,0.0,0.0,0.0,0.0,20.45,14.12,0.592,0.592,STRAIGHT,1.5,1.5,"CMD,0.6,1.50",4.0,0.0144,1.781,0.023,1,0.8995,0,NORMAL,55.625,0.082,1,1,1,1,1,69.0,0,0,dijkstra,predict,0.29269,0,,,,,,0,,,,184607,87807,0
1777,137.11942529678345,2026-03-06T01:41:47.919591,108.23,0.0,6.01,12.02,0.0,0.0,0.0,146.28,13.33,0.593,0.592,STRAIGHT,1.5,1.5,"CMD,0.6,1.50",4.0,0.0144,1.781,0.023,1,0.8987,0,NORMAL,55.231,0.046,1,1,1,1,1,89.0,49,8,dijkstra,graph,0.28326,0,,,,,,0,,,,158773,84727,1874
1778,137.15786838531494,2026-03-06T01:41:47.958034,2.37,0.0,4.15,0.0,0.0,0.0,0.0,30.43,14.24,0.593,0.593,STRAIGHT,1.5,1.5,"CMD,0.6,1.50",4.0,0.0144,1.781,0.023,1,0.8987,0,NORMAL,54.72,0.01,1,1,1,1,1,79.0,0,0,dijkstra,predict,0.28281,0,,,,,,0,,,,171184,84842,0
1779,137.19541120529175,2026-03-06T01:41:47.995577,0.0,0.0,5.68,0.0,0.0,0.0,0.0,19.52,14.23,0.593,0.593,STRAIGHT,1.5,1.5,"CMD,0.6,1.50",4.0,0.0144,1.781,0.023,1,0.8987,0,NORMAL,54.149,-0.004,1,1,1,1,1,74.0,0,0,dijkstra,predict,0.28183,0,,,,,,0,,,,171184,84549,0
1780,137.2277581691742,2026-03-06T01:41:48.027924,0.0,0.0,3.73,0.0,0.0,0.0,0.0,18.33,14.3,0.593,0.593,STRAIGHT,1.5,1.5,"CMD,0.6,1.50",4.0,0.0144,1.781,0.023,1,0.8987,0,NORMAL,53.523,0.003,1,1,1,1,1,69.0,0,0,dijkstra,predict,0.27548,0,,,,,,0,,,,171184,82644,0
1781,137.3982605934143,2026-03-06T01:41:48.198426,105.49,0.0,11.9,11.88,2.0,0.0,0.0,152.68,13.44,0.604,0.593,STRAIGHT,1.5,1.5,"CMD,0.6,1.50",4.0,0.0152,1.735,0.023,1,0.9406,0,NORMAL,53.514,-0.015,1,1,1,1,1,86.8,71,6,dijkstra,graph,0.28436,0,,,,,,0,,,,161027,85080,1926
1782,137.43308281898499,2026-03-06T01:41:48.233249,1.5,0.0,2.23,0.0,0.0,0.0,2.0,24.81,14.37,0.611,0.604,STRAIGHT,1.5,1.5,"CMD,0.6,1.50",4.0,0.0152,1.735,0.023,1,0.9406,0,NORMAL,52.486,-0.024,1,1,1,1,1,76.8,0,0,dijkstra,predict,0.28385,0,,,,,,0,,,,174724,85154,0
1783,137.47117257118225,2026-03-06T01:41:48.271339,0.0,0.0,7.83,0.0,0.0,0.0,0.0,22.07,14.34,0.616,0.611,STRAIGHT,1.5,1.5,"CMD,0.6,1.50",4.0,0.0152,1.735,0.023,1,0.9406,0,NORMAL,52.257,-0.01,1,1,1,1,1,71.8,0,0,dijkstra,predict,0.28301,0,,,,,,0,,,,174724,84903,0
1784,137.501211643219,2026-03-06T01:41:48.301378,0.0,0.0,0.0,0.0,0.0,0.0,0.0,14.02,14.44,0.619,0.616,STRAIGHT,1.5,1.5,"CMD,0.6,1.50",4.0,0.0152,1.735,0.023,1,0.9406,0,NORMAL,52.052,-0.014,1,1,1,1,1,66.8,0,0,dijkstra,predict,0.27718,0,,,,,,0,,,,174724,83153,0
1785,137.67448735237122,2026-03-06T01:41:48.474653,110.35,0.0,6.01,12.02,2.0,0.0,0.0,149.81,13.52,-0.493,0.616,STRAIGHT,1.5,1.5,"CMD,0.6,1.50",2.162,-0.066,1.963,-0.128,1,0.9601,0,NORMAL,52.182,-0.018,1,1,1,1,1,103.6,60,7,dijkstra,graph,0.27996,0,,,,,,0,,,,157694,83703,1704
1786,137.71320009231567,2026-03-06T01:41:48.513366,0.0,0.0,6.33,0.0,0.0,0.0,0.0,32.71,14.41,-1.235,-0.493,STRAIGHT,1.5,1.5,"CMD,-0.5,1.50",2.162,-0.066,1.963,-0.128,1,0.9601,0,NORMAL,51.936,-0.025,1,1,1,1,1,93.5,0,0,dijkstra,predict,0.2789,0,,,,,,0,,,,170884,83669,0
1787,137.87167167663574,2026-03-06T01:41:48.671838,108.4,0.0,8.01,10.02,0.0,0.0,0.0,142.45,13.61,-0.603,-0.603,STRAIGHT,1.5,1.5,"CMD,-0.6,1.50",4.0,0.016,1.689,0.023,1,0.9709,0,NORMAL,51.783,-0.053,1,1,1,1,1,84.5,60,8,dijkstra,graph,0.27366,0,,,,,,0,,,,156526,81824,1920
1788,137.91441917419434,2026-03-06T01:41:48.714585,2.0,0.0,3.01,0.0,0.0,0.0,0.0,22.28,13.59,-0.182,-0.603,STRAIGHT,1.5,1.5,"CMD,-0.6,1.50",4.0,0.016,1.689,0.023,1,0.9709,0,NORMAL,51.724,-0.031,1,1,1,1,1,74.5,0,0,dijkstra,predict,0.27349,0,,,,,,0,,,,169704,82047,0
1789,137.94465923309326,2026-03-06T01:41:48.744825,0.0,0.0,0.0,0.0,0.0,0.0,0.0,15.96,13.65,0.099,-0.182,STRAIGHT,1.5,1.5,"CMD,-0.2,1.50",4.0,0.016,1.689,0.023,1,0.9709,0,NORMAL,51.783,-0.009,1,1,1,1,1,69.5,0,0,dijkstra,predict,0.27223,0,,,,,,0,,,,169704,81669,0
1790,137.98896718025208,2026-03-06T01:41:48.789133,2.0,0.0,4.01,0.0,0.0,0.0,0.0,22.33,14.53,0.286,0.099,STRAIGHT,1.5,1.5,"CMD,0.1,1.50",4.0,0.016,1.689,0.023,1,0.9709,0,NORMAL,51.918,-0.019,1,1,1,1,1,64.5,0,0,dijkstra,predict,0.26598,0,,,,,,0,,,,169704,79793,0
1791,138.15564799308777,2026-03-06T01:41:48.955814,114.06,0.0,6.01,12.49,0.0,0.0,0.0,150.66,13.64,0.423,0.286,STRAIGHT,1.5,1.5,"CMD,0.3,1.50",4.0,0.0169,1.644,0.023,1,0.9629,0,NORMAL,52.387,-0.039,1,1,1,1,1,82.2,57,8,dijkstra,graph,0.27114,0,,,,,,0,,,,154358,81125,1889
1792,138.18907475471497,2026-03-06T01:41:48.989241,0.0,0.0,0.0,0.0,0.0,0.0,0.0,23.27,13.66,0.514,0.423,STRAIGHT,1.5,1.5,"CMD,0.4,1.50",4.0,0.0169,1.644,0.023,1,0.9629,0,NORMAL,52.781,-0.041,1,1,1,1,1,72.2,0,0,dijkstra,predict,0.27084,0,,,,,,0,,,,171384,81252,0
1793,138.22569823265076,2026-03-06T01:41:49.025864,2.0,0.0,0.0,0.0,0.0,0.0,0.0,16.02,13.68,0.575,0.514,STRAIGHT,1.5,1.5,"CMD,0.5,1.50",4.0,0.0169,1.644,0.023,1,0.9629,0,NORMAL,53.283,-0.039,1,1,1,1,1,67.2,0,0,dijkstra,predict,0.26979,0,,,,,,0,,,,171384,80938,0
1794,138.26577281951904,2026-03-06T01:41:49.065939,0.0,0.0,4.23,0.0,0.0,0.0,0.0,20.47,14.6,0.616,0.575,STRAIGHT,1.5,1.5,"CMD,0.6,1.50",4.0,0.0169,1.644,0.023,1,0.9629,0,NORMAL,53.385,-0.037,1,1,1,1,1,62.2,0,0,dijkstra,predict,0.26358,0,,,,,,0,,,,171384,79074,0
1795,138.42674040794373,2026-03-06T01:41:49.226906,112.95,0.0,6.01,10.02,0.0,0.0,0.0,147.71,13.74,0.643,0.616,STRAIGHT,1.5,1.5,"CMD,0.6,1.50",4.0,0.0169,1.644,0.023,1,0.9669,0,NORMAL,54.089,-0.05,1,1,1,1,1,82.2,52,7,dijkstra,graph,0.26715,0,,,,,,0,,,,152162,79969,1724
1796,138.46770429611206,2026-03-06T01:41:49.267870,0.0,0.0,0.0,0.0,0.0,0.0,5.21,20.42,13.72,0.661,0.643,STRAIGHT,1.5,1.5,"CMD,0.6,1.50",4.0,0.0169,1.644,0.023,1,0.9669,0,NORMAL,54.341,-0.076,1,1,1,1,1,72.2,0,0,dijkstra,predict,0.26705,0,,,,,,0,,,,166997,80114,0
1797,138.50221395492554,2026-03-06T01:41:49.302380,1.5,0.0,4.01,0.0,0.0,0.0,0.0,20.06,13.74,0.673,0.661,STRAIGHT,1.5,1.5,"CMD,0.7,1.50",4.0,0.0169,1.644,0.023,1,0.9669,0,NORMAL,54.549,-0.081,1,1,1,1,1,67.2,0,0,dijkstra,predict,0.26602,0,,,,,,0,,,,166997,79806,0
1798,138.5322449207306,2026-03-06T01:41:49.332411,0.0,0.0,0.0,0.0,0.0,0.0,0.0,22.02,14.7,0.681,0.673,STRAIGHT,1.5,1.5,"CMD,0.7,1.50",4.0,0.0169,1.644,0.023,1,0.9669,0,NORMAL,55.082,-0.083,1,1,1,1,1,62.2,0,0,dijkstra,predict,0.25998,0,,,,,,0,,,,166997,77994,0
1799,138.70223259925842,2026-03-06T01:41:49.502398,111.29,0.0,6.01,12.02,0.0,0.0,0.0,149.32,13.78,-1.02,0.673,STRAIGHT,1.5,1.5,"CMD,0.7,1.50",2.084,-0.1074,1.872,-0.19,1,0.9656,0,NORMAL,55.495,-0.094,1,1,1,1,1,103.0,61,7,dijkstra,graph,0.26213,0,,,,,,0,,,,150156,78366,1729
1800,138.86245226860046,2026-03-06T01:41:49.662618,111.46,0.0,0.0,20.22,0.0,0.0,0.0,146.03,13.0,-0.419,-0.419,STRAIGHT,1.5,1.5,"CMD,-0.4,1.50",4.0,0.0189,1.553,0.023,1,0.9643,0,NORMAL,56.066,-0.077,1,1,1,1,1,77.6,59,10,dijkstra,graph,0.25913,0,,,,,,0,,,,149332,77532,1762
1801,138.8966302871704,2026-03-06T01:41:49.696796,0.0,0.0,0.0,0.0,0.0,0.0,0.0,23.7,13.0,-0.019,-0.419,STRAIGHT,1.5,1.5,"CMD,-0.4,1.50",4.0,0.0189,1.553,0.023,1,0.9643,0,NORMAL,55.936,-0.101,1,1,1,1,1,67.6,0,0,dijkstra,predict,0.25839,0,,,,,,0,,,,163119,77516,0
1802,138.9359359741211,2026-03-06T01:41:49.736102,0.0,0.0,5.44,0.0,0.0,0.0,0.0,22.32,13.87,0.247,-0.019,STRAIGHT,1.5,1.5,"CMD,-0.0,1.50",4.0,0.0189,1.553,0.023,1,0.9643,0,NORMAL,55.727,-0.081,1,1,1,1,1,62.6,0,0,dijkstra,predict,0.25741,0,,,,,,0,,,,163119,77223,0
1803,138.9683153629303,2026-03-06T01:41:49.768481,2.0,0.0,2.0,0.0,0.0,0.0,0.0,24.37,13.88,0.425,0.247,STRAIGHT,1.5,1.5,"CMD,0.2,1.50",4.0,0.0189,1.553,0.023,1,0.9643,0,NORMAL,56.067,-0.051,1,1,1,1,1,57.6,0,0,dijkstra,predict,0.25139,0,,,,,,0,,,,163119,75416,0
1804,139.1369354724884,2026-03-06T01:41:49.937101,101.64,0.0,13.12,17.5,0.0,0.0,0.0,148.52,13.06,0.529,0.425,STRAIGHT,1.5,1.5,"CMD,0.4,1.50",4.0,0.0179,1.598,0.023,1,0.9575,0,NORMAL,56.592,-0.067,1,1,1,1,1,79.9,73,8,dijkstra,graph,0.26008,0,,,,,,0,,,,147679,77972,1685
1805,139.16766142845154,2026-03-06T01:41:49.967827,0.0,0.0,0.0,0.0,0.0,0.0,0.0,20.69,13.12,0.599,0.529,STRAIGHT,1.5,1.5,"CMD,0.5,1.50",4.0,0.0179,1.598,0.023,1,0.9575,0,NORMAL,57.171,-0.049,1,1,1,1,1,69.9,0,0,dijkstra,predict,0.26012,0,,,,,,0,,,,169567,78037,0
1806,139.20787143707275,2026-03-06T01:41:50.008037,0.0,0.0,3.86,0.0,0.0,0.0,0.0,17.88,13.89,0.645,0.599,STRAIGHT,1.5,1.5,"CMD,0.6,1.50",4.0,0.0179,1.598,0.023,1,0.9575,0,NORMAL,57.699,-0.054,1,1,1,1,1,64.9,0,0,dijkstra,predict,0.25883,0,,,,,,0,,,,169567,77648,0
1807,139.23835062980652,2026-03-06T01:41:50.038517,0.0,0.0,0.0,0.0,0.0,0.0,0.0,20.27,13.94,0.676,0.645,STRAIGHT,1.5,1.5,"CMD,0.6,1.50",4.0,0.0179,1.598,0.023,1,0.9575,0,NORMAL,58.262,-0.054,1,1,1,1,1,59.9,0,0,dijkstra,predict,0.25291,0,,,,,,0,,,,169567,75873,0
1808,139.40291047096252,2026-03-06T01:41:50.203076,99.98,0.0,13.96,14.02,0.0,0.0,0.0,154.06,13.14,0.727,0.676,STRAIGHT,1.5,1.5,"CMD,0.7,1.50",4.0,0.0201,1.507,0.023,1,0.9634,0,NORMAL,58.774,-0.069,1,1,1,1,1,75.3,70,9,dijkstra,graph,0.25919,0,,,,,,0,,,,146050,77630,1898
1809,139.4366409778595,2026-03-06T01:41:50.236807,2.0,0.0,0.0,0.0,0.0,0.0,0.0,18.03,13.13,0.761,0.727,STRAIGHT,1.5,1.5,"CMD,0.7,1.50",4.0,0.0201,1.507,0.023,1,0.9634,0,NORMAL,59.146,-0.089,1,1,1,1,1,65.3,0,0,dijkstra,predict,0.25917,0,,,,,,0,,,,163849,77751,0
1810,139.4713716506958,2026-03-06T01:41:50.271537,0.0,0.0,2.75,0.0,0.0,0.0,0.0,18.36,13.99,0.784,0.761,STRAIGHT,1.5,1.5,"CMD,0.8,1.50",4.0,0.0201,1.507,0.023,1,0.9634,0,NORMAL,59.558,-0.062,1,1,1,1,1,60.3,0,0,dijkstra,predict,0.25772,0,,,,,,0,,,,163849,77315,0
1811,139.5090160369873,2026-03-06T01:41:50.309182,2.0,0.0,2.0,0.0,0.0,0.0,0.0,22.04,13.97,0.799,0.784,STRAIGHT,1.5,1.5,"CMD,0.8,1.50",4.0,0.0201,1.507,0.023,1,0.9634,0,NORMAL,59.833,-0.059,1,1,1,1,1,55.3,0,0,dijkstra,predict,0.252,0,,,,,,0,,,,163849,75599,0
1812,139.67391419410706,2026-03-06T01:41:50.474080,106.25,0.0,10.09,17.01,2.0,0.0,0.0,152.88,13.17,0.809,0.799,STRAIGHT,1.5,1.5,"CMD,0.8,1.50",4.0,0.0201,1.507,0.023,1,0.9557,0,NORMAL,60.271,-0.065,1,1,1,1,1,75.3,84,8,dijkstra,graph,0.25756,0,,,,,,0,,,,145568,77062,1961
1813,139.70615530014038,2026-03-06T01:41:50.506321,0.0,0.0,0.0,0.0,0.0,0.0,0.0,21.88,13.15,0.816,0.809,STRAIGHT,1.5,1.5,"CMD,0.8,1.50",4.0,0.0201,1.507,0.023,1,0.9557,0,NORMAL,60.901,-0.066,1,1,1,1,1,65.3,0,0,dijkstra,predict,0.25721,0,,,,,,0,,,,166091,77163,0
1814,139.74639511108398,2026-03-06T01:41:50.546561,0.0,0.0,4.07,0.0,0.0,0.0,0.0,18.38,14.01,0.82,0.816,STRAIGHT,1.5,1.5,"CMD,0.8,1.50",4.0,0.0201,1.507,0.023,1,0.9557,0,NORMAL,61.632,-0.11,1,1,1,1,1,60.3,0,0,dijkstra,predict,0.25589,0,,,,,,0,,,,166091,76766,0
1815,139.77480459213257,2026-03-06T01:41:50.574970,0.0,0.0,0.0,0.0,0.0,0.0,0.0,15.03,14.07,0.823,0.82,STRAIGHT,1.5,1.5,"CMD,0.8,1.50",4.0,0.0201,1.507,0.023,1,0.9557,0,NORMAL,61.934,-0.094,1,1,1,1,1,55.3,0,0,dijkstra,predict,0.25023,0,,,,,,0,,,,166091,75068,0
1816,139.9473967552185,2026-03-06T01:41:50.747562,107.41,0.0,10.49,17.43,0.0,0.0,0.0,150.09,13.97,-2.014,0.82,STRAIGHT,1.5,1.5,"CMD,0.8,1.50",2.084,-0.1875,1.872,-0.339,1,0.9219,0,NORMAL,62.072,-0.043,1,1,1,1,1,103.7,56,7,dijkstra,graph,0.25302,0,,,,,,0,,,,139159,75765,1644
1817,140.11277079582214,2026-03-06T01:41:50.912937,110.63,0.0,5.3,12.48,2.0,0.0,0.0,149.24,13.19,-1.049,-1.049,STRAIGHT,1.5,1.5,"CMD,-1.0,1.50",4.0,0.0214,1.461,0.023,1,0.9516,0,NORMAL,61.753,-0.045,1,1,1,1,1,73.1,61,8,dijkstra,graph,0.25153,0,,,,,,0,,,,143987,75474,1639
1818,140.14882612228394,2026-03-06T01:41:50.948992,2.0,0.0,4.01,0.0,0.0,0.0,0.0,20.03,13.16,-0.405,-1.049,STRAIGHT,1.5,1.5,"CMD,-1.0,1.50",4.0,0.0214,1.461,0.023,1,0.9516,0,NORMAL,61.436,-0.021,1,1,1,1,1,63.1,0,0,dijkstra,predict,0.25141,0,,,,,,0,,,,156429,75422,0
1819,140.183424949646,2026-03-06T01:41:50.983591,2.0,0.0,0.0,0.0,0.0,0.0,0.0,17.06,13.22,0.024,-0.405,STRAIGHT,1.5,1.5,"CMD,-0.4,1.50",4.0,0.0214,1.461,0.023,1,0.9516,0,NORMAL,61.62,0.022,1,1,1,1,1,58.1,0,0,dijkstra,predict,0.25105,0,,,,,,0,,,,156429,75315,0
1820,140.21896266937256,2026-03-06T01:41:51.019129,2.0,0.0,1.74,0.0,0.0,0.0,0.0,20.51,14.06,0.31,0.024,STRAIGHT,1.5,1.5,"CMD,0.0,1.50",4.0,0.0214,1.461,0.023,1,0.9516,0,NORMAL,62.083,0.064,1,1,1,1,1,53.1,0,0,dijkstra,predict,0.24546,0,,,,,,0,,,,156429,73639,0
1821,140.39136004447937,2026-03-06T01:41:51.191526,115.67,0.0,6.39,16.13,0.0,0.0,0.0,160.34,13.18,0.52,0.31,STRAIGHT,1.5,1.5,"CMD,0.3,1.50",4.0,0.0228,1.416,0.023,1,0.9493,0,NORMAL,61.796,0.092,1,1,1,1,1,70.8,79,8,dijkstra,graph,0.26539,0,,,,,,0,,,,147028,79436,2019
1822,140.4259009361267,2026-03-06T01:41:51.226067,2.0,0.0,2.0,0.0,0.0,0.0,0.0,24.52,13.18,0.66,0.52,STRAIGHT,1.5,1.5,"CMD,0.5,1.50",4.0,0.0228,1.416,0.023,1,0.9493,0,NORMAL,61.191,0.129,1,1,1,1,1,60.8,0,0,dijkstra,predict,0.26517,0,,,,,,0,,,,170550,79551,0
1823,140.46236157417297,2026-03-06T01:41:51.262527,3.43,0.0,1.0,0.0,0.0,0.0,0.0,20.44,13.2,0.753,0.66,STRAIGHT,1.5,1.5,"CMD,0.7,1.50",4.0,0.0228,1.416,0.023,1,0.9493,0,NORMAL,61.25,0.145,1,1,1,1,1,55.8,0,0,dijkstra,predict,0.26373,0,,,,,,0,,,,170550,79119,0
1824,140.49593782424927,2026-03-06T01:41:51.296104,2.85,0.0,0.0,0.0,0.0,0.0,0.0,23.16,14.02,0.815,0.753,STRAIGHT,1.5,1.5,"CMD,0.8,1.50",4.0,0.0228,1.416,0.023,1,0.9493,0,NORMAL,60.713,0.149,1,1,1,1,1,50.8,0,0,dijkstra,predict,0.2581,0,,,,,,0,,,,170550,77429,0
1825,140.6665391921997,2026-03-06T01:41:51.466705,108.69,0.0,8.01,16.02,0.0,0.0,0.0,152.76,13.19,-2.433,0.753,STRAIGHT,1.5,1.5,"CMD,0.8,1.50",2.084,-0.2182,1.918,-0.421,1,0.9539,0,NORMAL,60.909,0.137,1,1,1,1,1,108.2,88,6,dijkstra,graph,0.27238,0,,,,,,0,,,,152096,81552,2032
1826,140.83813524246216,2026-03-06T01:41:51.638301,116.06,0.0,5.01,14.48,0.0,0.0,0.0,153.57,12.41,-3.366,-2.433,STRAIGHT,1.5,1.5,"CMD,-2.4,1.50",1.687,-0.1272,1.632,-0.171,1,0.9818,0,NORMAL,60.991,0.178,1,1,1,1,1,111.3,79,6,dijkstra,graph,0.27884,0,,,,,,0,,,,153439,83451,2005
1827,141.00414967536926,2026-03-06T01:41:51.804316,107.34,0.0,0.0,12.18,2.0,0.0,0.0,155.94,11.73,-1.931,-2.433,STRAIGHT,1.5,1.5,"CMD,-2.4,1.50",2.084,0.0228,1.416,0.023,1,0.9851,0,NORMAL,61.143,0.127,1,1,1,1,1,70.8,71,7,dijkstra,graph,0.27405,0,,,,,,0,,,,152991,81855,2017
1828,141.04023218154907,2026-03-06T01:41:51.840398,0.0,0.0,0.0,0.0,0.0,0.0,0.0,14.02,12.43,-0.974,-1.931,STRAIGHT,1.5,1.5,"CMD,-1.9,1.50",4.0,0.0228,1.416,0.023,1,0.9851,0,NORMAL,61.178,0.117,1,1,1,1,1,60.8,0,0,dijkstra,predict,0.27196,0,,,,,,0,,,,174627,81588,0
1829,141.07184839248657,2026-03-06T01:41:51.872014,0.0,0.0,0.0,0.0,0.0,0.0,0.0,14.02,13.13,-0.336,-0.974,STRAIGHT,1.5,1.5,"CMD,-1.0,1.50",4.0,0.0228,1.416,0.023,1,0.9851,0,NORMAL,61.346,0.119,1,1,1,1,1,55.8,0,0,dijkstra,predict,0.27103,0,,,,,,0,,,,174627,81310,0
1830,141.11553382873535,2026-03-06T01:41:51.915700,0.0,0.0,3.14,0.0,0.0,0.0,0.0,21.17,13.07,0.089,-0.336,STRAIGHT,1.5,1.5,"CMD,-0.3,1.50",4.0,0.0228,1.416,0.023,1,0.9851,0,NORMAL,60.683,0.122,1,1,1,1,1,50.8,0,0,dijkstra,predict,0.26453,0,,,,,,0,,,,174627,79358,0
1831,141.28288459777832,2026-03-06T01:41:52.083050,104.35,0.0,10.2,20.56,0.0,0.0,0.0,150.33,12.36,0.372,0.089,STRAIGHT,1.5,1.5,"CMD,0.1,1.50",4.0,0.0228,1.416,0.023,1,0.9726,0,NORMAL,60.486,0.15,1,1,1,1,1,70.8,83,8,dijkstra,graph,0.28285,0,,,,,,0,,,,155563,84665,2047
1832,141.32391381263733,2026-03-06T01:41:52.124080,2.41,0.0,0.0,0.0,0.0,0.0,0.0,20.67,12.31,0.561,0.372,STRAIGHT,1.5,1.5,"CMD,0.4,1.50",4.0,0.0228,1.416,0.023,1,0.9726,0,NORMAL,60.469,0.154,1,1,1,1,1,60.8,0,0,dijkstra,predict,0.28176,0,,,,,,0,,,,175085,84529,0
1833,141.3562729358673,2026-03-06T01:41:52.156439,0.0,0.0,0.0,0.0,0.0,0.0,0.0,22.32,13.07,0.687,0.561,STRAIGHT,1.5,1.5,"CMD,0.6,1.50",4.0,0.0228,1.416,0.023,1,0.9726,0,NORMAL,60.447,0.147,1,1,1,1,1,55.8,0,0,dijkstra,predict,0.28047,0,,,,,,0,,,,175085,84141,0
1834,141.39659428596497,2026-03-06T01:41:52.196760,0.0,0.0,4.39,0.0,0.0,0.0,0.0,20.08,13.01,0.771,0.687,STRAIGHT,1.5,1.5,"CMD,0.7,1.50",4.0,0.0228,1.416,0.023,1,0.9726,0,NORMAL,60.428,0.13,1,1,1,1,1,50.8,0,0,dijkstra,predict,0.27414,0,,,,,,0,,,,175085,82242,0
1835,141.556569814682,2026-03-06T01:41:52.356736,99.45,0.0,16.12,14.32,0.0,0.0,0.0,147.96,12.35,-2.291,0.687,STRAIGHT,1.5,1.5,"CMD,0.7,1.50",2.084,-0.2055,1.943,-0.405,1,0.9778,0,NORMAL,60.703,0.099,1,1,1,1,1,109.3,70,7,dijkstra,graph,0.28331,0,,,,,,0,,,,156040,84748,1950
1836,141.71827483177185,2026-03-06T01:41:52.518441,110.71,0.0,7.75,8.02,0.0,0.0,0.0,151.61,11.69,-2.863,-2.291,STRAIGHT,1.5,1.5,"CMD,-2.3,1.50",1.687,-0.0973,1.645,-0.132,1,0.9744,0,NORMAL,60.584,0.066,1,1,1,1,1,110.1,62,7,dijkstra,graph,0.28649,0,,,,,,0,,,,154381,85699,1857
1837,141.8895390033722,2026-03-06T01:41:52.689705,110.91,0.0,6.01,6.47,0.0,0.0,0.0,151.06,11.66,-2.977,-2.863,STRAIGHT,1.5,1.5,"CMD,-2.9,1.50",1.619,-0.0777,1.587,-0.098,1,0.9764,0,NORMAL,60.447,0.108,1,1,1,1,1,110.1,61,5,dijkstra,graph,0.28614,0,,,,,,0,,,,154490,85553,1701
1838,142.0499391555786,2026-03-06T01:41:52.850105,108.77,0.0,6.01,14.06,0.0,0.0,0.0,146.86,11.1,-3.118,-2.977,STRAIGHT,1.5,1.5,"CMD,-3.0,1.50",1.633,-0.0825,1.6,-0.106,1,0.967,0,NORMAL,60.373,0.119,1,1,1,1,1,110.0,80,7,dijkstra,graph,0.29211,0,,,,,,0,,,,158131,87449,1964
1839,142.22735261917114,2026-03-06T01:41:53.027519,105.24,0.0,10.49,22.46,0.0,0.0,0.0,157.15,10.52,-2.043,-2.977,STRAIGHT,1.5,1.5,"CMD,-3.0,1.50",1.92,0.0026,1.607,0.003,1,0.9836,0,NORMAL,60.776,0.065,1,1,1,1,1,113.1,101,5,dijkstra,graph,0.29558,0,,,,,,0,,,,158817,88396,2063
1840,142.26435685157776,2026-03-06T01:41:53.064523,0.0,0.0,6.21,0.0,0.0,0.0,0.0,20.6,10.53,-1.327,-2.043,STRAIGHT,1.5,1.5,"CMD,-2.0,1.50",3.342,0.0026,1.607,0.003,1,0.9836,0,NORMAL,60.889,0.027,1,1,1,1,1,103.1,0,0,dijkstra,predict,0.29458,0,,,,,,0,,,,174328,88373,0
1841,142.2984025478363,2026-03-06T01:41:53.098568,2.0,0.0,0.0,0.0,0.0,0.0,0.0,16.02,11.05,-0.849,-1.327,STRAIGHT,1.5,1.5,"CMD,-1.3,1.50",3.706,0.0026,1.607,0.003,1,0.9836,0,NORMAL,60.196,-0.008,1,1,1,1,1,98.1,0,0,dijkstra,predict,0.28902,0,,,,,,0,,,,174328,86706,0
1842,142.33508372306824,2026-03-06T01:41:53.135250,2.29,0.0,0.0,0.0,0.0,0.0,0.0,20.47,11.03,-0.531,-0.849,STRAIGHT,1.5,1.5,"CMD,-0.8,1.50",3.706,0.0026,1.607,0.003,1,0.9836,0,NORMAL,59.862,-0.012,1,1,1,1,1,88.1,0,0,dijkstra,predict,0.28062,0,,,,,,0,,,,174328,84187,0
1843,142.51009273529053,2026-03-06T01:41:53.310259,108.93,0.0,7.52,17.3,2.0,0.0,0.0,154.49,10.49,-0.12,-0.531,STRAIGHT,1.5,1.5,"CMD,-0.5,1.50",4.0,0.017,1.607,0.022,1,0.9748,0,NORMAL,60.328,-0.012,1,1,1,1,1,116.6,89,4,dijkstra,graph,0.30434,0,,,,,,0,,,,160876,91030,1962
1844,142.54815530776978,2026-03-06T01:41:53.348321,0.0,0.0,0.0,0.0,0.0,0.0,0.0,14.51,10.48,0.154,-0.12,STRAIGHT,1.5,1.5,"CMD,-0.1,1.50",4.0,0.017,1.607,0.022,1,0.9748,0,NORMAL,60.244,-0.017,1,1,1,1,1,106.4,0,0,dijkstra,predict,0.30286,0,,,,,,0,,,,174526,90857,0
1845,142.58369421958923,2026-03-06T01:41:53.383860,0.0,0.0,4.01,0.0,0.0,0.0,0.0,18.53,11.01,0.337,0.154,STRAIGHT,1.5,1.5,"CMD,0.2,1.50",4.0,0.017,1.607,0.022,1,0.9748,0,NORMAL,59.771,0.047,1,1,1,1,1,101.4,0,0,dijkstra,predict,0.29867,0,,,,,,0,,,,174526,89600,0
1846,142.61808562278748,2026-03-06T01:41:53.418252,2.0,0.0,0.0,0.0,0.0,0.0,0.0,20.41,11.58,0.459,0.337,STRAIGHT,1.5,1.5,"CMD,0.3,1.50",4.0,0.017,1.607,0.022,1,0.9748,0,NORMAL,59.425,0.027,1,1,1,1,1,91.4,0,0,dijkstra,predict,0.29115,0,,,,,,0,,,,174526,87346,0
1847,142.78803730010986,2026-03-06T01:41:53.588203,110.46,0.0,2.0,15.76,0.0,0.0,0.0,159.67,10.99,0.566,0.459,STRAIGHT,1.5,1.5,"CMD,0.5,1.50",4.0,0.0189,1.553,0.023,1,0.9745,0,NORMAL,59.062,0.011,1,1,1,1,1,77.6,96,7,dijkstra,graph,0.31341,0,,,,,,0,,,,163537,93733,2049
1848,142.8286852836609,2026-03-06T01:41:53.628851,0.0,0.0,6.6,0.0,0.0,0.0,0.0,22.63,10.96,0.638,0.566,STRAIGHT,1.5,1.5,"CMD,0.6,1.50",4.0,0.0189,1.553,0.023,1,0.9745,0,NORMAL,58.094,0.075,1,1,1,1,1,67.6,0,0,dijkstra,predict,0.31248,0,,,,,,0,,,,175350,93744,0
1849,142.86767601966858,2026-03-06T01:41:53.667842,1.5,0.0,4.51,0.0,0.0,0.0,0.0,25.23,10.95,0.685,0.638,STRAIGHT,1.5,1.5,"CMD,0.6,1.50",4.0,0.0189,1.553,0.023,1,0.9745,0,NORMAL,58.02,0.112,1,1,1,1,1,62.6,0,0,dijkstra,predict,0.30863,0,,,,,,0,,,,175350,92589,0
1850,142.90753984451294,2026-03-06T01:41:53.707706,1.74,0.0,4.01,0.0,0.0,0.0,0.0,20.1,11.52,0.717,0.685,STRAIGHT,1.5,1.5,"CMD,0.7,1.50",4.0,0.0189,1.553,0.023,1,0.9745,0,NORMAL,57.384,0.145,1,1,1,1,1,52.6,0,0,dijkstra,predict,0.30066,0,,,,,,0,,,,175350,90198,0
1851,143.07451558113098,2026-03-06T01:41:53.874681,112.3,0.0,6.01,6.01,10.3,0.0,0.0,152.96,10.95,-2.399,0.685,STRAIGHT,1.5,1.5,"CMD,0.7,1.50",2.084,-0.2108,1.935,-0.412,1,0.9624,0,NORMAL,57.517,0.163,1,1,1,1,1,119.8,81,6,dijkstra,graph,0.32525,0,,,,,,0,,,,166968,97370,2033
1852,143.248615026474,2026-03-06T01:41:54.048781,110.24,0.0,8.01,14.02,3.49,0.0,0.0,164.05,10.41,-3.06,-2.399,STRAIGHT,1.5,1.5,"CMD,-2.4,1.50",1.687,-0.1065,1.642,-0.145,1,0.9831,0,NORMAL,57.596,0.153,1,1,1,1,1,119.7,85,5,dijkstra,graph,0.32287,0,,,,,,0,,,,166870,96597,2004
1853,143.4154498577118,2026-03-06T01:41:54.215616,107.94,0.0,6.01,8.01,0.0,0.0,0.0,150.81,9.93,-3.24,-3.06,STRAIGHT,1.5,1.5,"CMD,-3.1,1.50",1.625,-0.0874,1.591,-0.111,1,0.9788,0,NORMAL,55.667,0.209,1,1,1,1,1,119.7,84,9,dijkstra,graph,0.32558,0,,,,,,0,,,,167457,97372,2072
1854,143.57661485671997,2026-03-06T01:41:54.376781,112.65,0.0,8.01,8.42,0.0,0.0,0.0,145.32,9.97,-3.379,-3.24,STRAIGHT,1.5,1.5,"CMD,-3.2,1.50",1.626,-0.0887,1.591,-0.113,1,0.9656,0,NORMAL,55.707,0.201,1,1,1,1,1,119.8,73,9,dijkstra,graph,0.32959,0,,,,,,0,,,,165536,98806,2142
1855,143.7541663646698,2026-03-06T01:41:54.554332,111.75,0.0,8.01,16.11,0.0,0.0,0.0,153.86,9.95,-2.654,-3.24,STRAIGHT,1.5,1.5,"CMD,-3.2,1.50",1.901,-0.0292,1.68,-0.041,1,0.9799,0,NORMAL,55.437,0.183,1,1,1,1,1,119.8,85,6,dijkstra,graph,0.33176,0,,,,,,0,,,,165590,99282,2119
1856,143.79021549224854,2026-03-06T01:41:54.590381,4.01,0.0,2.0,0.0,0.0,0.0,0.0,20.03,10.41,-2.171,-2.654,STRAIGHT,1.5,1.5,"CMD,-2.7,1.50",2.549,-0.0292,1.68,-0.041,1,0.9799,0,NORMAL,55.0,0.157,1,1,1,1,1,109.6,0,0,dijkstra,predict,0.33016,0,,,,,,0,,,,179001,99048,0
1857,143.96083545684814,2026-03-06T01:41:54.761001,107.74,0.0,10.08,14.42,0.0,0.0,0.0,154.6,9.91,-3.437,-2.654,STRAIGHT,1.5,1.5,"CMD,-2.7,1.50",1.802,-0.1452,1.733,-0.222,1,0.9582,0,NORMAL,55.099,0.091,1,1,1,1,1,119.8,72,10,dijkstra,graph,0.32909,0,,,,,,0,,,,168583,98575,2057
1858,144.13650035858154,2026-03-06T01:41:54.936666,115.25,0.0,8.01,16.39,2.0,0.0,0.0,159.46,9.46,-1.997,-2.171,STRAIGHT,1.5,1.5,"CMD,-2.2,1.50",2.549,0.0214,1.461,0.023,1,0.9809,0,NORMAL,55.198,0.145,1,1,1,1,1,73.1,92,8,dijkstra,graph,0.33709,0,,,,,,0,,,,171179,100932,2073
1859,144.17735409736633,2026-03-06T01:41:54.977520,0.0,0.0,6.36,0.0,0.0,0.0,0.0,20.83,9.47,-1.037,-1.997,STRAIGHT,1.5,1.5,"CMD,-2.0,1.50",4.0,0.0214,1.461,0.023,1,0.9809,0,NORMAL,54.351,0.185,1,1,1,1,1,63.1,0,0,dijkstra,predict,0.33604,0,,,,,,0,,,,185648,100812,0
1860,144.21126532554626,2026-03-06T01:41:55.011431,2.31,0.0,0.0,0.0,0.0,0.0,0.0,18.15,9.9,-0.398,-1.037,STRAIGHT,1.5,1.5,"CMD,-1.0,1.50",4.0,0.0214,1.461,0.023,1,0.9809,0,NORMAL,54.356,0.104,1,1,1,1,1,53.1,0,0,dijkstra,predict,0.33078,0,,,,,,0,,,,185648,99234,0
1861,144.25251245498657,2026-03-06T01:41:55.052678,0.0,0.0,4.9,0.0,0.0,0.0,0.0,20.85,9.9,0.029,-0.398,STRAIGHT,1.5,1.5,"CMD,-0.4,1.50",4.0,0.0214,1.461,0.023,1,0.9809,0,NORMAL,54.202,0.141,1,1,1,1,1,48.1,0,0,dijkstra,predict,0.32209,0,,,,,,0,,,,185648,96628,0
1862,144.41461563110352,2026-03-06T01:41:55.214782,108.39,0.0,8.01,6.01,10.03,0.0,0.0,146.45,9.48,-2.581,-0.398,STRAIGHT,1.5,1.5,"CMD,-0.4,1.50",2.084,-0.1903,1.954,-0.377,1,0.9742,0,NORMAL,53.591,0.136,1,1,1,1,1,121.1,72,7,dijkstra,graph,0.34347,0,,,,,,0,,,,173984,103025,2034
1863,144.5808801651001,2026-03-06T01:41:55.381046,97.49,0.0,15.97,14.3,0.0,0.0,0.0,156.2,9.11,-2.947,-2.581,STRAIGHT,1.5,1.5,"CMD,-2.6,1.50",1.687,-0.0893,1.651,-0.122,1,0.9885,0,NORMAL,52.79,0.109,1,1,1,1,1,121.1,81,9,dijkstra,graph,0.34295,0,,,,,,0,,,,174208,102913,2130
1864,144.75375270843506,2026-03-06T01:41:55.553918,118.49,0.0,7.01,14.34,2.0,0.0,0.0,158.85,9.07,-1.688,-2.581,STRAIGHT,1.5,1.5,"CMD,-2.6,1.50",2.084,0.0201,1.507,0.023,1,0.9872,0,NORMAL,52.732,0.103,1,1,1,1,1,75.3,86,7,dijkstra,graph,0.34316,0,,,,,,0,,,,174729,102754,2087
1865,144.79021167755127,2026-03-06T01:41:55.590378,3.41,0.0,2.0,0.0,0.0,0.0,0.0,20.44,9.44,-0.849,-1.688,STRAIGHT,1.5,1.5,"CMD,-1.7,1.50",4.0,0.0201,1.507,0.023,1,0.9872,0,NORMAL,52.351,0.109,1,1,1,1,1,65.3,0,0,dijkstra,predict,0.3415,0,,,,,,0,,,,186921,102450,0
1866,144.82686567306519,2026-03-06T01:41:55.627032,0.0,0.0,4.61,0.0,0.0,0.0,2.0,20.63,9.87,-0.29,-0.849,STRAIGHT,1.5,1.5,"CMD,-0.8,1.50",4.0,0.0201,1.507,0.023,1,0.9872,0,NORMAL,52.111,0.081,1,1,1,1,1,55.3,0,0,dijkstra,predict,0.33619,0,,,,,,0,,,,186921,100857,0
1867,144.86245250701904,2026-03-06T01:41:55.662618,1.8,0.0,2.0,0.0,0.0,0.0,0.0,19.82,10.31,0.083,-0.29,STRAIGHT,1.5,1.5,"CMD,-0.3,1.50",4.0,0.0201,1.507,0.023,1,0.9872,0,NORMAL,51.848,0.047,1,1,1,1,1,50.3,0,0,dijkstra,predict,0.32703,0,,,,,,0,,,,186921,98110,0
1868,145.02892088890076,2026-03-06T01:41:55.829087,110.96,0.0,3.51,6.01,0.0,0.0,0.0,150.45,10.35,0.316,0.083,STRAIGHT,1.5,1.5,"CMD,0.1,1.50",4.0,0.0189,1.553,0.023,1,0.968,0,NORMAL,51.674,0.053,1,1,1,1,1,77.6,77,8,dijkstra,graph,0.35932,0,,,,,,0,,,,178410,107611,2147
1869,145.0656099319458,2026-03-06T01:41:55.865776,2.0,0.0,2.0,0.0,0.0,0.0,0.0,26.59,10.35,0.471,0.316,STRAIGHT,1.5,1.5,"CMD,0.3,1.50",4.0,0.0189,1.553,0.023,1,0.968,0,NORMAL,51.355,-0.007,1,1,1,1,1,67.6,0,0,dijkstra,predict,0.35814,0,,,,,,0,,,,194148,107443,0
1870,145.10687255859375,2026-03-06T01:41:55.907039,0.0,0.0,5.56,0.0,0.0,0.0,0.0,21.64,10.33,0.574,0.471,STRAIGHT,1.5,1.5,"CMD,0.5,1.50",4.0,0.0189,1.553,0.023,1,0.968,0,NORMAL,51.173,-0.002,1,1,1,1,1,62.6,0,0,dijkstra,predict,0.35397,0,,,,,,0,,,,194148,106191,0
1871,145.14529418945312,2026-03-06T01:41:55.945460,0.0,0.0,4.58,0.0,0.0,0.0,0.0,22.61,10.32,0.643,0.574,STRAIGHT,1.5,1.5,"CMD,0.6,1.50",4.0,0.0189,1.553,0.023,1,0.968,0,NORMAL,51.724,0.008,1,1,1,1,1,52.6,0,0,dijkstra,predict,0.34518,0,,,,,,0,,,,194148,103555,0
1872,145.32168173789978,2026-03-06T01:41:56.121848,109.88,0.0,6.01,22.49,0.0,0.0,0.0,162.6,10.31,-1.898,0.574,STRAIGHT,1.5,1.5,"CMD,0.6,1.50",2.084,-0.17,1.966,-0.339,1,0.9731,0,NORMAL,52.096,-0.078,1,1,1,1,1,121.0,114,7,dijkstra,graph,0.35833,0,,,,,,0,,,,177446,107357,2302
1873,145.49265146255493,2026-03-06T01:41:56.292817,106.42,0.0,0.0,22.03,0.0,0.0,0.0,154.95,9.83,-2.243,-1.898,STRAIGHT,1.5,1.5,"CMD,-1.9,1.50",1.711,-0.0712,1.681,-0.101,1,0.9843,0,NORMAL,51.359,-0.039,1,1,1,1,1,122.5,138,8,dijkstra,graph,0.36174,0,,,,,,0,,,,178867,108334,2342
1874,145.65838885307312,2026-03-06T01:41:56.458555,107.61,0.0,6.01,15.57,0.0,0.0,0.0,157.73,9.43,-2.426,-2.243,STRAIGHT,1.5,1.5,"CMD,-2.2,1.50",1.708,-0.0677,1.679,-0.096,1,0.9843,0,NORMAL,51.463,-0.032,1,1,1,1,1,122.3,81,8,dijkstra,graph,0.36798,0,,,,,,0,,,,179581,110115,2190
1875,145.8334891796112,2026-03-06T01:41:56.633655,117.02,0.0,6.01,18.02,2.0,0.0,0.0,159.08,9.02,-1.385,-2.243,STRAIGHT,1.5,1.5,"CMD,-2.2,1.50",2.156,0.0169,1.644,0.023,1,0.9838,0,NORMAL,51.294,-0.02,1,1,1,1,1,82.2,117,9,dijkstra,graph,0.37068,0,,,,,,0,,,,179872,111033,2215
1876,145.86352634429932,2026-03-06T01:41:56.663692,0.0,0.0,0.0,0.0,0.0,0.0,0.0,14.02,9.43,-0.691,-1.385,STRAIGHT,1.5,1.5,"CMD,-1.4,1.50",4.0,0.0169,1.644,0.023,1,0.9838,0,NORMAL,51.043,-0.118,1,1,1,1,1,72.2,0,0,dijkstra,predict,0.36914,0,,,,,,0,,,,195408,110741,0
1877,145.90222120285034,2026-03-06T01:41:56.702387,1.74,0.0,0.0,0.0,0.0,0.0,0.0,20.33,9.44,-0.228,-0.691,STRAIGHT,1.5,1.5,"CMD,-0.7,1.50",4.0,0.0169,1.644,0.023,1,0.9838,0,NORMAL,50.499,-0.047,1,1,1,1,1,62.2,0,0,dijkstra,predict,0.36357,0,,,,,,0,,,,195408,109072,0
1878,145.9348361492157,2026-03-06T01:41:56.735002,0.0,0.0,0.0,0.0,0.0,0.0,0.0,22.43,9.46,0.08,-0.228,STRAIGHT,1.5,1.5,"CMD,-0.2,1.50",4.0,0.0169,1.644,0.023,1,0.9838,0,NORMAL,51.075,-0.045,1,1,1,1,1,57.2,0,0,dijkstra,predict,0.35378,0,,,,,,0,,,,195408,106134,0
1879,146.12017798423767,2026-03-06T01:41:56.920344,114.73,0.0,8.01,20.12,2.0,0.0,2.0,164.89,9.03,-1.855,-0.228,STRAIGHT,1.5,1.5,"CMD,-0.2,1.50",2.215,-0.1392,2.134,-0.324,1,0.9665,0,NORMAL,50.836,-0.052,1,1,1,1,2,205.5,132,12,dijkstra,graph,0.37333,0,,,,,,0,,,,180042,111780,2646
1880,146.29046869277954,2026-03-06T01:41:57.090634,107.74,0.0,8.01,18.03,0.0,0.0,0.0,153.8,9.02,-2.065,-1.855,STRAIGHT,1.5,1.5,"CMD,-1.9,1.50",1.783,-0.0603,1.755,-0.093,1,0.9807,0,NORMAL,50.294,0.01,1,1,1,1,1,123.8,116,8,dijkstra,graph,0.37979,0,,,,,,0,,,,181459,113548,2500
1881,146.4634928703308,2026-03-06T01:41:57.263659,107.97,0.0,5.87,26.25,2.0,0.0,0.0,157.0,9.02,-2.205,-2.065,STRAIGHT,1.5,1.5,"CMD,-2.1,1.50",1.783,-0.0603,1.755,-0.093,1,0.9791,0,NORMAL,50.287,-0.03,1,1,1,1,1,123.8,163,10,dijkstra,graph,0.38331,0,,,,,,0,,,,181710,114609,2799
1882,146.63829636573792,2026-03-06T01:41:57.438462,115.87,0.0,6.01,16.41,2.0,0.0,0.0,156.78,9.0,-1.238,-2.065,STRAIGHT,1.5,1.5,"CMD,-2.1,1.50",2.458,0.0169,1.644,0.023,1,0.9783,0,NORMAL,50.526,-0.081,1,1,1,1,1,82.2,103,12,dijkstra,graph,0.38353,0,,,,,,0,,,,181663,114786,2444
1883,146.67613530158997,2026-03-06T01:41:57.476301,0.0,0.0,4.24,0.0,0.0,0.0,0.0,20.26,9.36,-0.593,-1.238,STRAIGHT,1.5,1.5,"CMD,-1.2,1.50",4.0,0.0169,1.644,0.023,1,0.9783,0,NORMAL,50.444,-0.082,1,1,1,1,1,72.2,0,0,dijkstra,predict,0.38161,0,,,,,,0,,,,198053,114482,0
1884,146.71043515205383,2026-03-06T01:41:57.510601,0.0,0.0,0.0,0.0,0.0,0.0,0.0,16.02,9.81,-0.163,-0.593,STRAIGHT,1.5,1.5,"CMD,-0.6,1.50",4.0,0.0169,1.644,0.023,1,0.9783,0,NORMAL,50.85,-0.098,1,1,1,1,1,62.2,0,0,dijkstra,predict,0.37599,0,,,,,,0,,,,198053,112798,0
1885,146.7514612674713,2026-03-06T01:41:57.551627,0.0,0.0,4.01,0.0,0.0,0.0,0.0,21.41,9.79,0.124,-0.163,STRAIGHT,1.5,1.5,"CMD,-0.2,1.50",4.0,0.0169,1.644,0.023,1,0.9783,0,NORMAL,51.294,-0.108,1,1,1,1,1,57.2,0,0,dijkstra,predict,0.36642,0,,,,,,0,,,,198053,109926,0
1886,146.917875289917,2026-03-06T01:41:57.718041,112.42,0.0,8.01,14.44,0.0,0.0,0.0,150.39,9.81,-1.343,-0.163,STRAIGHT,1.5,1.5,"CMD,-0.2,1.50",2.084,-0.1039,2.023,-0.215,1,0.947,0,NORMAL,51.563,-0.091,1,1,1,1,1,124.3,91,9,dijkstra,graph,0.39151,0,,,,,,0,,,,182879,117256,2190
1887,146.95887732505798,2026-03-06T01:41:57.759043,0.0,0.0,4.51,0.0,0.0,0.0,0.0,30.88,10.28,-1.765,-1.343,STRAIGHT,1.5,1.5,"CMD,-1.3,1.50",1.887,-0.0632,1.858,-0.109,1,0.947,0,NORMAL,51.92,-0.128,1,1,1,1,1,114.3,0,0,dijkstra,predict,0.39042,0,,,,,,0,,,,199083,117125,0
1888,147.14409732818604,2026-03-06T01:41:57.944263,116.03,0.0,6.01,25.0,2.0,0.0,0.0,163.68,9.78,-2.02,-1.765,STRAIGHT,1.5,1.5,"CMD,-1.8,1.50",1.935,-0.0614,1.904,-0.112,1,0.9597,0,NORMAL,52.588,-0.159,1,1,1,1,1,126.5,142,8,dijkstra,graph,0.39068,0,,,,,,0,,,,182577,116828,2564
1889,147.18529105186462,2026-03-06T01:41:57.985457,1.0,0.0,4.75,0.0,0.0,0.0,0.0,23.11,9.76,-2.191,-2.02,STRAIGHT,1.5,1.5,"CMD,-2.0,1.50",1.935,-0.0614,1.904,-0.112,1,0.9597,0,NORMAL,52.649,-0.17,1,1,1,1,1,116.5,0,0,dijkstra,predict,0.38909,0,,,,,,0,,,,196889,116728,0
1890,147.38846230506897,2026-03-06T01:41:58.188628,128.11,0.0,7.75,22.24,0.0,0.0,0.0,189.83,9.25,-2.326,-2.191,STRAIGHT,1.5,1.5,"CMD,-2.2,1.50",2.002,-0.063,1.968,-0.123,1,0.9546,0,NORMAL,52.492,-0.147,1,1,1,1,1,128.8,172,8,dijkstra,graph,0.39502,0,,,,,,0,,,,186048,118101,2656
1891,147.42834305763245,2026-03-06T01:41:58.228509,2.47,0.0,0.0,0.0,0.0,0.0,0.0,20.23,9.62,-2.417,-2.326,STRAIGHT,1.5,1.5,"CMD,-2.3,1.50",2.002,-0.063,1.968,-0.123,1,0.9546,0,NORMAL,52.651,-0.169,1,1,1,1,1,118.8,0,0,dijkstra,predict,0.3931,0,,,,,,0,,,,202473,117930,0
1892,147.62129926681519,2026-03-06T01:41:58.421465,108.79,0.0,11.55,26.49,0.0,0.0,0.0,168.86,9.54,-2.582,-2.417,STRAIGHT,1.5,1.5,"CMD,-2.4,1.50",2.116,-0.0707,2.077,-0.153,1,0.9553,0,NORMAL,53.331,-0.211,1,1,1,1,1,124.7,175,9,dijkstra,graph,0.40064,0,,,,,,0,,,,187027,119723,2749
1893,147.657488822937,2026-03-06T01:41:58.457655,2.0,0.0,3.8,0.0,0.0,0.0,0.0,19.56,9.99,-2.692,-2.582,STRAIGHT,1.5,1.5,"CMD,-2.6,1.50",2.116,-0.0707,2.077,-0.153,1,0.9553,0,NORMAL,52.944,-0.214,1,1,1,1,1,114.7,0,0,dijkstra,predict,0.39852,0,,,,,,0,,,,204752,119556,0
1894,147.85215377807617,2026-03-06T01:41:58.652320,101.4,0.0,13.64,41.06,2.0,0.0,0.0,182.27,9.47,-2.766,-2.692,STRAIGHT,1.5,1.5,"CMD,-2.7,1.50",2.116,-0.0707,2.077,-0.153,1,0.9583,0,NORMAL,53.14,-0.189,1,1,1,1,1,124.7,313,9,dijkstra,graph,0.40686,0,,,,,,0,,,,187878,121608,3647
1895,147.89274668693542,2026-03-06T01:41:58.692913,0.0,0.0,5.6,0.0,0.0,0.0,0.0,20.52,9.46,-2.815,-2.766,STRAIGHT,1.5,1.5,"CMD,-2.8,1.50",2.116,-0.0707,2.077,-0.153,1,0.9583,0,NORMAL,51.556,-0.135,1,1,1,1,1,114.7,0,0,dijkstra,predict,0.40482,0,,,,,,0,,,,203423,121447,0
1896,148.07433772087097,2026-03-06T01:41:58.874504,104.7,0.0,6.01,38.3,0.0,0.0,0.0,171.54,9.03,-2.911,-2.815,STRAIGHT,1.5,1.5,"CMD,-2.8,1.50",2.349,-0.0753,2.237,-0.19,1,0.9594,0,NORMAL,52.86,-0.138,1,1,1,1,1,117.2,280,12,dijkstra,graph,0.41186,0,,,,,,0,,,,192785,123307,3498
1897,148.11882758140564,2026-03-06T01:41:58.918993,3.75,0.0,0.0,0.0,0.0,0.0,0.0,24.42,9.39,-2.976,-2.911,STRAIGHT,1.5,1.5,"CMD,-2.9,1.50",2.349,-0.0753,2.237,-0.19,1,0.9594,0,NORMAL,53.621,-0.166,1,1,1,1,1,107.2,0,0,dijkstra,predict,0.41074,0,,,,,,0,,,,208275,123221,0
1898,148.29706978797913,2026-03-06T01:41:59.097236,103.44,0.0,6.01,30.18,0.0,0.0,0.0,157.4,8.97,-2.65,-2.911,STRAIGHT,1.5,1.5,"CMD,-2.9,1.50",2.042,-0.0485,2.004,-0.098,1,0.9714,0,NORMAL,53.975,-0.194,1,1,1,1,1,138.5,217,7,dijkstra,graph,0.41506,0,,,,,,0,,,,193696,124188,3143
1899,148.33760833740234,2026-03-06T01:41:59.137774,10.03,0.0,0.0,0.0,0.0,0.0,0.0,20.29,8.98,-2.433,-2.65,STRAIGHT,1.5,1.5,"CMD,-2.7,1.50",2.042,-0.0485,2.004,-0.098,1,0.9714,0,NORMAL,54.097,-0.141,1,1,1,1,1,128.4,0,0,dijkstra,predict,0.41179,0,,,,,,0,,,,206672,123536,0
1900,148.522629737854,2026-03-06T01:41:59.322796,107.26,0.0,10.15,30.14,0.0,0.0,0.0,165.21,8.59,-1.461,-2.433,STRAIGHT,1.5,1.5,"CMD,-2.4,1.50",4.0,0.0117,1.973,0.023,1,0.9816,0,NORMAL,54.298,-0.142,1,1,1,1,1,143.4,194,8,dijkstra,graph,0.41888,0,,,,,,0,,,,195379,125456,2986
1901,148.56102395057678,2026-03-06T01:41:59.361190,2.4,0.0,0.0,0.0,0.0,0.0,0.0,17.26,8.96,-0.812,-1.461,STRAIGHT,1.5,1.5,"CMD,-1.5,1.50",4.0,0.0117,1.973,0.023,1,0.9816,0,NORMAL,53.8,-0.13,1,1,1,1,1,133.0,0,0,dijkstra,predict,0.41912,0,,,,,,0,,,,208526,125736,0
1902,148.5958902835846,2026-03-06T01:41:59.396056,1.5,0.0,4.01,0.0,0.0,0.0,0.0,19.52,9.35,-0.38,-0.812,STRAIGHT,1.5,1.5,"CMD,-0.8,1.50",4.0,0.0117,1.973,0.023,1,0.9816,0,NORMAL,54.413,-0.143,1,1,1,1,1,123.0,0,0,dijkstra,predict,0.41029,0,,,,,,0,,,,208526,123087,0
1903,148.6320617198944,2026-03-06T01:41:59.432228,0.0,0.0,0.0,0.0,0.0,0.0,0.0,20.15,9.75,-0.092,-0.38,STRAIGHT,1.5,1.5,"CMD,-0.4,1.50",4.0,0.0117,1.973,0.023,1,0.9816,0,NORMAL,54.057,-0.152,1,1,1,1,1,113.0,0,0,dijkstra,predict,0.40133,0,,,,,,0,,,,208526,120399,0
1904,148.80342173576355,2026-03-06T01:41:59.603588,103.97,0.0,10.06,23.69,0.0,0.0,0.0,161.27,9.76,0.089,-0.092,STRAIGHT,1.5,1.5,"CMD,-0.1,1.50",4.0,0.0109,2.046,0.023,1,0.9652,0,NORMAL,53.91,-0.135,1,1,1,1,1,150.4,147,10,dijkstra,graph,0.44291,0,,,,,,0,,,,199759,132514,2849
1905,148.8339021205902,2026-03-06T01:41:59.634068,0.0,0.0,0.0,0.0,0.0,0.0,0.0,13.53,9.76,0.209,0.089,STRAIGHT,1.5,1.5,"CMD,0.1,1.50",4.0,0.0109,2.046,0.023,1,0.9652,0,NORMAL,53.572,-0.14,1,1,1,1,1,140.3,0,0,dijkstra,predict,0.44179,0,,,,,,0,,,,215564,132537,0
1906,148.87611865997314,2026-03-06T01:41:59.676284,0.0,0.0,6.02,0.0,0.0,0.0,0.0,20.04,9.75,0.289,0.209,STRAIGHT,1.5,1.5,"CMD,0.2,1.50",4.0,0.0109,2.046,0.023,1,0.9652,0,NORMAL,54.389,-0.169,1,1,1,1,1,130.3,0,0,dijkstra,predict,0.43574,0,,,,,,0,,,,215564,130721,0
1907,148.9141767024994,2026-03-06T01:41:59.714343,2.0,0.0,4.01,0.0,0.0,0.0,0.0,20.03,9.73,0.343,0.289,STRAIGHT,1.5,1.5,"CMD,0.3,1.50",4.0,0.0109,2.046,0.023,1,0.9652,0,NORMAL,54.433,-0.159,1,1,1,1,1,125.3,0,0,dijkstra,predict,0.4265,0,,,,,,0,,,,215564,127950,0
1908,149.09514570236206,2026-03-06T01:41:59.895312,99.84,0.0,10.26,30.4,0.0,0.0,0.0,170.67,9.75,-0.78,0.289,STRAIGHT,1.5,1.5,"CMD,0.3,1.50",2.721,-0.0734,2.466,-0.225,1,0.9538,0,NORMAL,54.656,-0.152,1,1,1,1,1,129.5,181,8,dijkstra,graph,0.45601,0,,,,,,0,,,,203969,136529,3041
1909,149.1278202533722,2026-03-06T01:41:59.927986,0.0,0.0,0.0,0.0,0.0,0.0,0.0,22.62,10.22,-1.528,-0.78,STRAIGHT,1.5,1.5,"CMD,-0.8,1.50",2.721,-0.0734,2.466,-0.225,1,0.9538,0,NORMAL,54.999,-0.14,1,1,1,1,1,119.5,0,0,dijkstra,predict,0.45395,0,,,,,,0,,,,219489,136184,0
1910,149.17580556869507,2026-03-06T01:41:59.975971,0.0,0.0,5.17,0.0,0.0,0.0,0.0,30.31,10.69,-2.027,-1.528,STRAIGHT,1.5,1.5,"CMD,-1.5,1.50",2.721,-0.0734,2.466,-0.225,1,0.9538,0,NORMAL,55.011,-0.182,1,1,1,1,1,114.5,0,0,dijkstra,predict,0.4486,0,,,,,,0,,,,219489,134579,0
1911,149.21031403541565,2026-03-06T01:42:00.010480,2.0,0.0,2.06,0.0,0.0,0.0,0.0,17.87,11.28,-2.36,-2.027,STRAIGHT,1.5,1.5,"CMD,-2.0,1.50",2.721,-0.0734,2.466,-0.225,1,0.9538,0,NORMAL,54.912,-0.161,1,1,1,1,1,104.5,0,0,dijkstra,predict,0.44252,0,,,,,,0,,,,219489,132755,0
1912,149.41068387031555,2026-03-06T01:42:00.210850,112.21,0.0,10.19,40.87,0.0,0.0,0.0,183.56,10.61,-1.394,-2.027,STRAIGHT,1.5,1.5,"CMD,-2.0,1.50",4.0,0.013,1.872,0.023,1,0.951,0,NORMAL,54.88,-0.152,1,1,1,1,1,93.6,283,12,dijkstra,graph,0.45921,0,,,,,,0,,,,205877,137534,3942
1913,149.44113659858704,2026-03-06T01:42:00.241303,0.0,0.0,0.0,0.0,0.0,0.0,0.0,20.39,10.62,-0.75,-1.394,STRAIGHT,1.5,1.5,"CMD,-1.4,1.50",4.0,0.013,1.872,0.023,1,0.951,0,NORMAL,53.012,-0.151,1,1,1,1,1,83.6,0,0,dijkstra,predict,0.45899,0,,,,,,0,,,,220475,137698,0
1914,149.4821949005127,2026-03-06T01:42:00.282361,0.0,0.0,0.0,0.0,0.0,0.0,0.0,17.11,10.62,-0.321,-0.75,STRAIGHT,1.5,1.5,"CMD,-0.8,1.50",4.0,0.013,1.872,0.023,1,0.951,0,NORMAL,51.332,-0.164,1,1,1,1,1,78.6,0,0,dijkstra,predict,0.4542,0,,,,,,0,,,,220475,136261,0
1915,149.52692937850952,2026-03-06T01:42:00.327095,2.34,0.0,2.07,0.0,0.0,0.0,0.0,22.49,11.12,-0.035,-0.321,STRAIGHT,1.5,1.5,"CMD,-0.3,1.50",4.0,0.013,1.872,0.023,1,0.951,0,NORMAL,51.781,-0.147,1,1,1,1,1,68.6,0,0,dijkstra,predict,0.44677,0,,,,,,0,,,,220475,134032,0
1916,149.72558498382568,2026-03-06T01:42:00.525751,111.62,0.0,10.09,50.51,0.0,0.0,0.0,182.42,10.48,0.156,-0.035,STRAIGHT,1.5,1.5,"CMD,-0.0,1.50",4.0,0.013,1.872,0.023,1,0.9343,0,NORMAL,51.988,-0.144,1,1,1,1,1,93.6,307,12,dijkstra,graph,0.47521,0,,,,,,0,,,,211392,142307,4345
1917,149.76879334449768,2026-03-06T01:42:00.568959,0.0,0.0,2.95,0.0,0.0,0.0,0.0,18.97,11.04,0.283,0.156,STRAIGHT,1.5,1.5,"CMD,0.2,1.50",4.0,0.013,1.872,0.023,1,0.9343,0,NORMAL,52.353,-0.167,1,1,1,1,1,83.6,0,0,dijkstra,predict,0.47429,0,,,,,,0,,,,229196,142288,0
1918,149.80606269836426,2026-03-06T01:42:00.606229,2.29,0.0,1.74,0.0,0.0,0.0,0.0,18.05,11.06,0.368,0.283,STRAIGHT,1.5,1.5,"CMD,0.3,1.50",4.0,0.013,1.872,0.023,1,0.9343,0,NORMAL,52.785,-0.172,1,1,1,1,1,78.6,0,0,dijkstra,predict,0.47015,0,,,,,,0,,,,229196,141045,0
1919,149.83811902999878,2026-03-06T01:42:00.638285,2.0,0.0,0.0,0.0,0.0,0.0,0.0,14.02,11.84,0.424,0.368,STRAIGHT,1.5,1.5,"CMD,0.4,1.50",4.0,0.013,1.872,0.023,1,0.9343,0,NORMAL,52.839,-0.185,1,1,1,1,1,68.6,0,0,dijkstra,predict,0.4618,0,,,,,,0,,,,229196,138539,0
1920,150.02687001228333,2026-03-06T01:42:00.827036,118.16,0.0,6.01,32.45,0.0,0.0,0.0,170.69,11.16,0.414,0.414,STRAIGHT,1.5,1.5,"CMD,0.4,1.50",4.0,0.0095,2.192,0.023,1,0.9304,0,NORMAL,52.379,-0.151,1,1,1,1,1,109.6,217,12,dijkstra,graph,0.49037,0,,,,,,0,,,,216838,146644,3698
1921,150.05841064453125,2026-03-06T01:42:00.858576,0.0,0.0,0.0,0.0,0.0,0.0,0.0,13.52,11.9,0.406,0.414,STRAIGHT,1.5,1.5,"CMD,0.4,1.50",4.0,0.0095,2.192,0.023,1,0.9304,0,NORMAL,52.204,-0.091,1,1,1,1,1,99.6,0,0,dijkstra,predict,0.48892,0,,,,,,0,,,,238196,146676,0
1922,150.10141944885254,2026-03-06T01:42:00.901585,1.0,0.0,2.0,0.0,0.0,0.0,0.0,22.5,11.87,0.402,0.406,STRAIGHT,1.5,1.5,"CMD,0.4,1.50",4.0,0.0095,2.192,0.023,1,0.9304,0,NORMAL,51.663,-0.116,1,1,1,1,1,94.6,0,0,dijkstra,predict,0.48583,0,,,,,,0,,,,238196,145750,0
1923,150.14170813560486,2026-03-06T01:42:00.941874,2.0,0.0,2.0,0.0,0.0,0.0,2.0,22.24,12.67,0.398,0.402,STRAIGHT,1.5,1.5,"CMD,0.4,1.50",4.0,0.0095,2.192,0.023,1,0.9304,0,NORMAL,51.476,-0.139,1,1,1,1,1,89.6,0,0,dijkstra,predict,0.47723,0,,,,,,0,,,,238196,143168,0
1924,150.33508467674255,2026-03-06T01:42:01.135251,108.52,0.0,10.09,38.56,0.0,0.0,0.0,176.94,11.87,0.421,0.402,STRAIGHT,1.5,1.5,"CMD,0.4,1.50",4.0,0.0113,2.009,0.023,1,0.923,0,NORMAL,50.784,-0.104,1,1,1,1,1,100.5,224,11,dijkstra,graph,0.48729,0,,,,,,0,,,,220646,145605,3835
1925,150.37623119354248,2026-03-06T01:42:01.176397,2.0,0.0,3.51,0.0,0.0,0.0,0.0,22.48,12.6,0.436,0.421,STRAIGHT,1.5,1.5,"CMD,0.4,1.50",4.0,0.0113,2.009,0.023,1,0.923,0,NORMAL,51.897,-0.095,1,1,1,1,1,90.5,0,0,dijkstra,predict,0.48661,0,,,,,,0,,,,242070,145983,0
1926,150.40937042236328,2026-03-06T01:42:01.209536,0.0,0.0,0.0,0.0,0.0,0.0,0.0,15.12,12.66,0.446,0.436,STRAIGHT,1.5,1.5,"CMD,0.4,1.50",4.0,0.0113,2.009,0.023,1,0.923,0,NORMAL,51.248,-0.092,1,1,1,1,1,85.5,0,0,dijkstra,predict,0.4837,0,,,,,,0,,,,242070,145111,0
1927,150.44761061668396,2026-03-06T01:42:01.247777,1.0,0.0,2.0,0.0,0.0,0.0,0.0,22.55,13.48,0.453,0.446,STRAIGHT,1.5,1.5,"CMD,0.4,1.50",4.0,0.0113,2.009,0.023,1,0.923,0,NORMAL,51.419,-0.096,1,1,1,1,1,80.5,0,0,dijkstra,predict,0.47598,0,,,,,,0,,,,242070,142795,0
1928,150.6503541469574,2026-03-06T01:42:01.450520,121.5,0.0,10.18,42.4,0.0,0.0,0.0,184.36,12.54,0.465,0.453,STRAIGHT,1.5,1.5,"CMD,0.5,1.50",4.0,0.0118,1.963,0.023,1,0.8741,0,NORMAL,51.116,-0.103,1,1,1,1,1,98.2,240,14,dijkstra,graph,0.48845,0,,,,,,0,,,,233039,146080,4106
1929,150.6925630569458,2026-03-06T01:42:01.492729,2.0,0.0,0.0,0.0,0.0,0.0,0.0,17.88,13.36,0.473,0.465,STRAIGHT,1.5,1.5,"CMD,0.5,1.50",4.0,0.0118,1.963,0.023,1,0.8741,0,NORMAL,49.69,-0.084,1,1,1,1,1,88.2,0,0,dijkstra,predict,0.4873,0,,,,,,0,,,,256643,146191,0
1930,150.73993563652039,2026-03-06T01:42:01.540101,2.0,0.0,3.01,0.0,0.0,0.0,0.0,20.72,13.29,0.478,0.473,STRAIGHT,1.5,1.5,"CMD,0.5,1.50",4.0,0.0118,1.963,0.023,1,0.8741,0,NORMAL,49.182,-0.075,1,1,1,1,1,83.2,0,0,dijkstra,predict,0.48539,0,,,,,,0,,,,256643,145616,0
1931,150.7730131149292,2026-03-06T01:42:01.573179,0.0,0.0,0.0,0.0,0.0,0.0,0.0,15.05,13.32,0.482,0.478,STRAIGHT,1.5,1.5,"CMD,0.5,1.50",4.0,0.0118,1.963,0.023,1,0.8741,0,NORMAL,49.254,-0.057,1,1,1,1,1,78.2,0,0,dijkstra,predict,0.47872,0,,,,,,0,,,,256643,143616,0
1932,150.96391654014587,2026-03-06T01:42:01.764082,111.98,0.0,10.39,20.48,0.0,0.0,0.0,173.17,12.44,0.492,0.482,STRAIGHT,1.5,1.5,"CMD,0.5,1.50",4.0,0.0124,1.918,0.023,1,0.8802,0,NORMAL,48.261,-0.131,1,1,1,1,1,95.9,118,11,dijkstra,graph,0.46329,0,,,,,,0,,,,236490,138393,3325
1933,150.9982533454895,2026-03-06T01:42:01.798419,0.0,0.0,2.0,0.0,0.0,0.0,0.0,24.32,13.21,0.499,0.492,STRAIGHT,1.5,1.5,"CMD,0.5,1.50",4.0,0.0124,1.918,0.023,1,0.8802,0,NORMAL,50.099,-0.11,1,1,1,1,1,85.9,0,0,dijkstra,predict,0.46225,0,,,,,,0,,,,254498,138674,0
1934,151.03898286819458,2026-03-06T01:42:01.839149,2.01,0.0,3.79,0.0,0.0,0.0,0.0,24.36,13.15,0.503,0.499,STRAIGHT,1.5,1.5,"CMD,0.5,1.50",4.0,0.0124,1.918,0.023,1,0.8802,0,NORMAL,50.001,-0.01,1,1,1,1,1,80.9,0,0,dijkstra,predict,0.45966,0,,,,,,0,,,,254498,137897,0
1935,151.07635951042175,2026-03-06T01:42:01.876525,1.01,0.0,0.0,0.0,0.0,0.0,0.0,18.41,13.18,0.506,0.503,STRAIGHT,1.5,1.5,"CMD,0.5,1.50",4.0,0.0124,1.918,0.023,1,0.8802,0,NORMAL,50.065,0.018,1,1,1,1,1,75.9,0,0,dijkstra,predict,0.45292,0,,,,,,0,,,,254498,135877,0
1936,151.2778835296631,2026-03-06T01:42:02.078049,122.43,0.0,8.01,28.27,2.0,0.0,0.0,180.92,12.27,0.493,0.503,STRAIGHT,1.5,1.5,"CMD,0.5,1.50",4.0,0.0113,2.009,0.023,1,0.8705,0,NORMAL,49.981,0.014,1,1,1,1,1,100.5,155,12,dijkstra,graph,0.46942,0,,,,,,0,,,,259504,140382,3667
1937,151.32086515426636,2026-03-06T01:42:02.121031,0.0,0.0,6.2,0.0,0.0,0.0,0.0,30.82,13.03,0.484,0.493,STRAIGHT,1.5,1.5,"CMD,0.5,1.50",4.0,0.0113,2.009,0.023,1,0.8705,0,NORMAL,49.031,0.006,1,1,1,1,1,90.5,0,0,dijkstra,predict,0.46738,0,,,,,,0,,,,280751,140214,0
1938,151.35420203208923,2026-03-06T01:42:02.154368,0.0,0.0,0.0,0.0,0.0,0.0,0.0,23.31,13.03,0.478,0.484,STRAIGHT,1.5,1.5,"CMD,0.5,1.50",4.0,0.0113,2.009,0.023,1,0.8705,0,NORMAL,48.639,-0.014,1,1,1,1,1,85.5,0,0,dijkstra,predict,0.46604,0,,,,,,0,,,,280751,139812,0
1939,151.39840126037598,2026-03-06T01:42:02.198567,2.0,0.0,4.01,0.0,0.0,0.0,0.0,24.6,13.05,0.474,0.478,STRAIGHT,1.5,1.5,"CMD,0.5,1.50",4.0,0.0113,2.009,0.023,1,0.8705,0,NORMAL,47.019,-0.131,1,1,1,1,1,80.5,0,0,dijkstra,predict,0.45826,0,,,,,,0,,,,280751,137478,0
1940,151.58499765396118,2026-03-06T01:42:02.385164,113.21,0.0,8.01,20.34,0.0,0.0,0.0,165.63,12.21,0.479,0.478,STRAIGHT,1.5,1.5,"CMD,0.5,1.50",4.0,0.0118,1.963,0.023,1,0.8987,0,NORMAL,47.2,-0.057,1,1,1,1,1,98.2,98,12,dijkstra,graph,0.46097,0,,,,,,0,,,,267240,137692,3276
1941,151.61962699890137,2026-03-06T01:42:02.419793,0.0,0.0,0.0,0.0,0.0,0.0,0.0,24.51,13.13,0.482,0.479,STRAIGHT,1.5,1.5,"CMD,0.5,1.50",4.0,0.0118,1.963,0.023,1,0.8987,0,NORMAL,46.574,-0.024,1,1,1,1,1,88.2,0,0,dijkstra,predict,0.45869,0,,,,,,0,,,,284100,137608,0
1942,151.6566014289856,2026-03-06T01:42:02.456767,0.0,0.0,0.0,0.0,0.0,0.0,0.0,20.61,13.09,0.485,0.482,STRAIGHT,1.5,1.5,"CMD,0.5,1.50",4.0,0.0118,1.963,0.023,1,0.8987,0,NORMAL,45.451,-0.064,1,1,1,1,1,83.2,0,0,dijkstra,predict,0.45709,0,,,,,,0,,,,284100,137127,0
1943,151.6980049610138,2026-03-06T01:42:02.498171,1.74,0.0,0.0,0.0,0.0,0.0,0.0,20.86,13.09,0.486,0.485,STRAIGHT,1.5,1.5,"CMD,0.5,1.50",4.0,0.0118,1.963,0.023,1,0.8987,0,NORMAL,44.363,-0.075,1,1,1,1,1,78.2,0,0,dijkstra,predict,0.44918,0,,,,,,0,,,,284100,134755,0
1944,151.87837934494019,2026-03-06T01:42:02.678545,109.55,0.0,6.53,24.33,0.0,0.0,0.0,157.97,12.33,0.48,0.485,STRAIGHT,1.5,1.5,"CMD,0.5,1.50",4.0,0.0113,2.009,0.023,1,0.8925,0,NORMAL,43.981,-0.064,1,1,1,1,1,100.5,99,10,dijkstra,graph,0.44829,0,,,,,,0,,,,277284,134009,3172
1945,151.91137981414795,2026-03-06T01:42:02.711546,0.0,0.0,0.0,0.0,0.0,0.0,0.0,20.88,13.27,0.475,0.48,STRAIGHT,1.5,1.5,"CMD,0.5,1.50",4.0,0.0113,2.009,0.023,1,0.8925,0,NORMAL,43.882,-0.072,1,1,1,1,1,90.5,0,0,dijkstra,predict,0.44646,0,,,,,,0,,,,285674,133938,0
1946,151.9540627002716,2026-03-06T01:42:02.754228,2.0,0.0,2.0,0.0,0.0,0.0,0.0,20.37,13.28,0.472,0.475,STRAIGHT,1.5,1.5,"CMD,0.5,1.50",4.0,0.0113,2.009,0.023,1,0.8925,0,NORMAL,43.211,-0.064,1,1,1,1,1,85.5,0,0,dijkstra,predict,0.44486,0,,,,,,0,,,,285674,133459,0
1947,151.99233388900757,2026-03-06T01:42:02.792500,2.0,0.0,2.0,0.0,0.0,0.0,0.0,20.25,13.26,0.47,0.472,STRAIGHT,1.5,1.5,"CMD,0.5,1.50",4.0,0.0113,2.009,0.023,1,0.8925,0,NORMAL,42.41,-0.015,1,1,1,1,1,80.5,0,0,dijkstra,predict,0.43684,0,,,,,,0,,,,285674,131051,0
1948,152.17317295074463,2026-03-06T01:42:02.973339,110.57,0.0,6.01,20.03,0.0,0.0,0.0,164.7,12.42,0.456,0.47,STRAIGHT,1.5,1.5,"CMD,0.5,1.50",4.0,0.0104,2.1,0.023,1,0.9617,0,NORMAL,43.835,-0.058,1,1,1,1,1,105.0,108,8,dijkstra,graph,0.44132,0,,,,,,0,,,,273658,131926,3291
1949,152.20992183685303,2026-03-06T01:42:03.010088,2.0,0.0,2.0,0.0,0.0,0.0,0.0,26.61,13.28,0.446,0.456,STRAIGHT,1.5,1.5,"CMD,0.5,1.50",4.0,0.0104,2.1,0.023,1,0.9617,0,NORMAL,43.761,-0.068,1,1,1,1,1,95.0,0,0,dijkstra,predict,0.43998,0,,,,,,0,,,,284724,131995,0
1950,152.24999356269836,2026-03-06T01:42:03.050159,0.0,0.0,5.76,0.0,0.0,0.0,0.0,24.05,13.23,0.44,0.446,STRAIGHT,1.5,1.5,"CMD,0.4,1.50",4.0,0.0104,2.1,0.023,1,0.9617,0,NORMAL,43.366,-0.17,1,1,1,1,1,90.0,0,0,dijkstra,predict,0.43791,0,,,,,,0,,,,284724,131372,0
1951,152.29002022743225,2026-03-06T01:42:03.090186,0.0,0.0,4.01,0.0,0.0,0.0,0.0,26.01,13.25,0.436,0.44,STRAIGHT,1.5,1.5,"CMD,0.4,1.50",4.0,0.0104,2.1,0.023,1,0.9617,0,NORMAL,42.048,-0.104,1,1,1,1,1,85.0,0,0,dijkstra,predict,0.42988,0,,,,,,0,,,,284724,128964,0
1952,152.46841979026794,2026-03-06T01:42:03.268586,100.5,0.0,10.5,19.6,12.02,0.0,0.0,160.64,12.46,1.06,0.44,STRAIGHT,1.5,1.5,"CMD,0.4,1.50",2.257,0.056,2.202,0.136,1,0.649,0,NORMAL,41.587,-0.154,1,1,1,1,1,224.9,65,8,dijkstra,fallback_centerline,0.31134,0,,,,,,0,,,,181879,93285,1823
1953,152.64142656326294,2026-03-06T01:42:03.441592,112.77,0.0,6.01,14.16,0.0,0.0,0.0,152.98,12.57,0.939,0.939,STRAIGHT,1.5,1.5,"CMD,0.9,1.50",4.0,0.0169,1.644,0.023,1,0.7913,0,NORMAL,41.616,-0.281,1,1,1,1,1,82.2,66,7,dijkstra,graph,0.3539,0,,,,,,0,,,,194604,105866,2450
1954,152.6756076812744,2026-03-06T01:42:03.475773,0.0,0.0,4.14,0.0,0.0,0.0,0.0,18.16,12.61,0.858,0.939,STRAIGHT,1.5,1.5,"CMD,0.9,1.50",4.0,0.0169,1.644,0.023,1,0.7913,0,NORMAL,41.92,-0.306,1,1,1,1,1,72.2,0,0,dijkstra,predict,0.35259,0,,,,,,0,,,,200559,105776,0
1955,152.7072081565857,2026-03-06T01:42:03.507374,0.0,0.0,0.0,0.0,0.0,0.0,0.0,14.02,12.62,0.805,0.858,STRAIGHT,1.5,1.5,"CMD,0.9,1.50",4.0,0.0169,1.644,0.023,1,0.7913,0,NORMAL,42.077,-0.299,1,1,1,1,1,67.2,0,0,dijkstra,predict,0.35106,0,,,,,,0,,,,200559,105317,0
1956,152.75002264976501,2026-03-06T01:42:03.550189,2.01,0.0,2.0,0.0,0.0,0.0,0.0,24.53,12.6,0.769,0.805,STRAIGHT,1.5,1.5,"CMD,0.8,1.50",4.0,0.0169,1.644,0.023,1,0.7913,0,NORMAL,41.865,-0.251,1,1,1,1,1,62.2,0,0,dijkstra,predict,0.34235,0,,,,,,0,,,,200559,102704,0
1957,152.91630387306213,2026-03-06T01:42:03.716470,108.33,0.0,6.01,18.36,0.0,0.0,0.0,150.26,12.8,0.675,0.769,STRAIGHT,1.5,1.5,"CMD,0.8,1.50",4.0,0.0118,1.963,0.023,1,0.8264,0,NORMAL,42.1,-0.274,1,1,1,1,1,98.2,98,9,dijkstra,graph,0.37426,0,,,,,,0,,,,207953,111850,2767
1958,152.95034885406494,2026-03-06T01:42:03.750515,2.0,0.0,0.0,0.0,0.0,0.0,0.0,16.02,12.84,0.613,0.675,STRAIGHT,1.5,1.5,"CMD,0.7,1.50",4.0,0.0118,1.963,0.023,1,0.8264,0,NORMAL,42.075,-0.243,1,1,1,1,1,88.2,0,0,dijkstra,predict,0.37276,0,,,,,,0,,,,216092,111829,0
1959,152.98639822006226,2026-03-06T01:42:03.786564,0.0,0.0,0.0,0.0,0.0,0.0,0.0,14.02,12.91,0.572,0.613,STRAIGHT,1.5,1.5,"CMD,0.6,1.50",4.0,0.0118,1.963,0.023,1,0.8264,0,NORMAL,42.027,-0.231,1,1,1,1,1,83.2,0,0,dijkstra,predict,0.371,0,,,,,,0,,,,216092,111301,0
1960,153.03127932548523,2026-03-06T01:42:03.831445,4.01,0.0,2.0,0.0,0.0,0.0,2.0,24.38,12.84,0.544,0.572,STRAIGHT,1.5,1.5,"CMD,0.6,1.50",4.0,0.0118,1.963,0.023,1,0.8264,0,NORMAL,42.704,-0.243,1,1,1,1,1,78.2,0,0,dijkstra,predict,0.3624,0,,,,,,0,,,,216092,108720,0
1961,153.19816875457764,2026-03-06T01:42:03.998335,112.47,0.0,6.01,16.37,2.0,0.0,0.0,152.87,12.98,0.526,0.544,STRAIGHT,1.5,1.5,"CMD,0.5,1.50",4.0,0.0118,1.963,0.023,1,0.8221,0,NORMAL,42.555,-0.25,1,1,1,1,1,98.2,71,8,dijkstra,graph,0.40895,0,,,,,,0,,,,247026,122399,2825
1962,153.23404550552368,2026-03-06T01:42:04.034211,0.0,0.0,4.01,0.0,0.0,0.0,0.0,17.86,12.97,0.513,0.526,STRAIGHT,1.5,1.5,"CMD,0.5,1.50",4.0,0.0118,1.963,0.023,1,0.8221,0,NORMAL,42.361,-0.239,1,1,1,1,1,88.2,0,0,dijkstra,predict,0.40801,0,,,,,,0,,,,260319,122403,0
1963,153.2685511112213,2026-03-06T01:42:04.068717,0.0,0.0,0.0,0.0,0.0,0.0,0.0,13.76,13.01,0.505,0.513,STRAIGHT,1.5,1.5,"CMD,0.5,1.50",4.0,0.0118,1.963,0.023,1,0.8221,0,NORMAL,42.386,-0.191,1,1,1,1,1,83.2,0,0,dijkstra,predict,0.4063,0,,,,,,0,,,,260319,121891,0
1964,153.31330108642578,2026-03-06T01:42:04.113467,2.58,0.0,4.01,0.0,0.0,0.0,0.0,22.41,12.96,0.5,0.505,STRAIGHT,1.5,1.5,"CMD,0.5,1.50",4.0,0.0118,1.963,0.023,1,0.8221,0,NORMAL,42.928,-0.192,1,1,1,1,1,78.2,0,0,dijkstra,predict,0.39772,0,,,,,,0,,,,260319,119316,0
1965,153.48988556861877,2026-03-06T01:42:04.290051,111.19,0.0,6.01,23.63,0.0,0.0,0.0,157.6,13.11,0.565,0.505,STRAIGHT,1.5,1.5,"CMD,0.5,1.50",4.0,0.0169,1.644,0.023,1,0.7781,0,NORMAL,42.89,-0.184,1,1,1,1,1,82.2,127,12,dijkstra,graph,0.3774,0,,,,,,0,,,,197212,112785,3086
1966,153.53284215927124,2026-03-06T01:42:04.333008,0.0,0.0,5.71,0.0,0.0,0.0,0.0,22.54,13.11,0.609,0.565,STRAIGHT,1.5,1.5,"CMD,0.6,1.50",4.0,0.0169,1.644,0.023,1,0.7781,0,NORMAL,43.167,-0.305,1,1,1,1,1,72.2,0,0,dijkstra,predict,0.37629,0,,,,,,0,,,,208965,112888,0
1967,153.56296563148499,2026-03-06T01:42:04.363131,2.0,0.0,0.0,0.0,0.0,0.0,0.0,14.1,13.13,0.638,0.609,STRAIGHT,1.5,1.5,"CMD,0.6,1.50",4.0,0.0169,1.644,0.023,1,0.7781,0,NORMAL,43.005,-0.238,1,1,1,1,1,67.2,0,0,dijkstra,predict,0.37531,0,,,,,,0,,,,208965,112594,0
1968,153.60378551483154,2026-03-06T01:42:04.403951,0.0,0.0,3.67,0.0,0.0,0.0,2.0,20.41,13.15,0.658,0.638,STRAIGHT,1.5,1.5,"CMD,0.6,1.50",4.0,0.0169,1.644,0.023,1,0.7781,0,NORMAL,43.576,-0.198,1,1,1,1,1,62.2,0,0,dijkstra,predict,0.36712,0,,,,,,0,,,,208965,110135,0
1969,153.7696568965912,2026-03-06T01:42:04.569823,114.23,0.0,6.01,15.59,0.0,0.0,0.0,151.85,13.27,0.601,0.638,STRAIGHT,1.5,1.5,"CMD,0.6,1.50",4.0,0.0118,1.963,0.023,1,0.8051,0,NORMAL,44.712,-0.229,1,1,1,1,1,98.2,61,13,dijkstra,graph,0.39851,0,,,,,,0,,,,223526,119246,2777
1970,153.80726194381714,2026-03-06T01:42:04.607428,1.0,0.0,4.01,0.0,0.0,0.0,0.0,22.58,13.26,0.564,0.601,STRAIGHT,1.5,1.5,"CMD,0.6,1.50",4.0,0.0118,1.963,0.023,1,0.8051,0,NORMAL,45.531,-0.257,1,1,1,1,1,88.2,0,0,dijkstra,predict,0.39746,0,,,,,,0,,,,242071,119239,0
1971,153.84882926940918,2026-03-06T01:42:04.648995,2.0,0.0,4.99,0.0,0.0,0.0,0.0,22.02,13.23,0.539,0.564,STRAIGHT,1.5,1.5,"CMD,0.6,1.50",4.0,0.0118,1.963,0.023,1,0.8051,0,NORMAL,45.528,-0.248,1,1,1,1,1,83.2,0,0,dijkstra,predict,0.39633,0,,,,,,0,,,,242071,118898,0
1972,153.88472628593445,2026-03-06T01:42:04.684892,0.0,0.0,10.22,0.0,0.0,0.0,0.0,18.37,13.26,0.522,0.539,STRAIGHT,1.5,1.5,"CMD,0.5,1.50",4.0,0.0118,1.963,0.023,1,0.8051,0,NORMAL,45.41,-0.244,1,1,1,1,1,78.2,0,0,dijkstra,predict,0.38813,0,,,,,,0,,,,242071,116438,0
1973,154.05131244659424,2026-03-06T01:42:04.851478,106.7,0.0,6.01,14.02,0.0,0.0,0.0,146.56,13.33,0.511,0.522,STRAIGHT,1.5,1.5,"CMD,0.5,1.50",4.0,0.0118,1.963,0.023,1,0.9125,0,NORMAL,45.026,-0.201,1,1,1,1,1,98.2,51,10,dijkstra,graph,0.40116,0,,,,,,0,,,,218164,120007,2600
1974,154.08735847473145,2026-03-06T01:42:04.887524,0.0,0.0,0.0,0.0,0.0,0.0,0.0,16.02,13.33,0.504,0.511,STRAIGHT,1.5,1.5,"CMD,0.5,1.50",4.0,0.0118,1.963,0.023,1,0.9125,0,NORMAL,45.539,-0.241,1,1,1,1,1,88.2,0,0,dijkstra,predict,0.40041,0,,,,,,0,,,,238291,120123,0
1975,154.13016271591187,2026-03-06T01:42:04.930329,1.0,0.0,2.0,0.0,0.0,0.0,0.0,24.41,13.31,0.499,0.504,STRAIGHT,1.5,1.5,"CMD,0.5,1.50",4.0,0.0118,1.963,0.023,1,0.9125,0,NORMAL,44.798,-0.25,1,1,1,1,1,83.2,0,0,dijkstra,predict,0.3993,0,,,,,,0,,,,238291,119789,0
1976,154.16631054878235,2026-03-06T01:42:04.966476,2.0,0.0,2.0,0.0,0.0,0.0,2.0,20.13,13.34,0.495,0.499,STRAIGHT,1.5,1.5,"CMD,0.5,1.50",4.0,0.0118,1.963,0.023,1,0.9125,0,NORMAL,43.467,-0.27,1,1,1,1,1,78.2,0,0,dijkstra,predict,0.3909,0,,,,,,0,,,,238291,117269,0
1977,154.35040545463562,2026-03-06T01:42:05.150571,115.49,0.0,8.01,24.29,0.0,0.0,0.0,166.57,13.32,0.493,0.495,STRAIGHT,1.5,1.5,"CMD,0.5,1.50",4.0,0.0118,1.963,0.023,1,0.8776,0,NORMAL,43.827,-0.271,1,1,1,1,1,98.2,143,11,dijkstra,graph,0.39512,0,,,,,,0,,,,207012,118251,3175
1978,154.3885374069214,2026-03-06T01:42:05.188703,0.0,0.0,4.01,0.0,0.0,0.0,0.0,20.1,13.31,0.492,0.493,STRAIGHT,1.5,1.5,"CMD,0.5,1.50",4.0,0.0118,1.963,0.023,1,0.8776,0,NORMAL,45.022,-0.278,1,1,1,1,1,88.2,0,0,dijkstra,predict,0.39442,0,,,,,,0,,,,232001,118326,0
1979,154.4261326789856,2026-03-06T01:42:05.226299,0.0,0.0,5.55,0.0,0.0,0.0,0.0,21.57,13.33,0.491,0.492,STRAIGHT,1.5,1.5,"CMD,0.5,1.50",4.0,0.0118,1.963,0.023,1,0.8776,0,NORMAL,45.47,-0.264,1,1,1,1,1,83.2,0,0,dijkstra,predict,0.3935,0,,,,,,0,,,,232001,118050,0
1980,154.46169805526733,2026-03-06T01:42:05.261864,2.0,0.0,4.01,0.0,0.0,0.0,0.0,19.54,13.35,0.49,0.491,STRAIGHT,1.5,1.5,"CMD,0.5,1.50",4.0,0.0118,1.963,0.023,1,0.8776,0,NORMAL,45.625,-0.264,1,1,1,1,1,78.2,0,0,dijkstra,predict,0.38528,0,,,,,,0,,,,232001,115583,0
1981,154.63996934890747,2026-03-06T01:42:05.440135,109.28,0.0,6.01,20.41,10.09,0.0,0.0,162.25,13.35,0.482,0.49,STRAIGHT,1.5,1.5,"CMD,0.5,1.50",4.0,0.0113,2.009,0.023,1,0.8854,0,NORMAL,45.899,-0.264,1,1,1,1,1,100.5,155,14,dijkstra,graph,0.41033,0,,,,,,0,,,,210463,122834,3452
1982,154.68085384368896,2026-03-06T01:42:05.481020,2.0,0.0,6.01,0.0,0.0,0.0,0.0,22.69,14.22,0.477,0.482,STRAIGHT,1.5,1.5,"CMD,0.5,1.50",4.0,0.0113,2.009,0.023,1,0.8854,0,NORMAL,46.419,-0.23,1,1,1,1,1,90.5,0,0,dijkstra,predict,0.40966,0,,,,,,0,,,,239046,122899,0
1983,154.71653628349304,2026-03-06T01:42:05.516702,0.0,0.0,5.63,0.0,0.0,0.0,0.0,21.66,14.21,0.474,0.477,STRAIGHT,1.5,1.5,"CMD,0.5,1.50",4.0,0.0113,2.009,0.023,1,0.8854,0,NORMAL,47.353,-0.251,1,1,1,1,1,85.5,0,0,dijkstra,predict,0.40874,0,,,,,,0,,,,239046,122622,0
1984,154.75763583183289,2026-03-06T01:42:05.557802,0.0,0.0,5.36,0.0,0.0,0.0,0.0,21.07,14.14,0.471,0.474,STRAIGHT,1.5,1.5,"CMD,0.5,1.50",4.0,0.0113,2.009,0.023,1,0.8854,0,NORMAL,47.797,-0.249,1,1,1,1,1,80.5,0,0,dijkstra,predict,0.40086,0,,,,,,0,,,,239046,120257,0
1985,154.94510126113892,2026-03-06T01:42:05.745267,113.01,0.0,6.96,26.03,2.0,0.0,0.0,174.44,13.21,0.47,0.471,STRAIGHT,1.5,1.5,"CMD,0.5,1.50",4.0,0.0113,2.009,0.023,1,0.9231,0,NORMAL,47.851,-0.232,1,1,1,1,1,100.5,164,12,dijkstra,graph,0.40771,0,,,,,,0,,,,200796,121903,3183
1986,154.98329758644104,2026-03-06T01:42:05.783464,0.0,0.0,6.03,0.0,0.0,0.0,0.0,20.05,14.03,0.469,0.47,STRAIGHT,1.5,1.5,"CMD,0.5,1.50",4.0,0.0113,2.009,0.023,1,0.9231,0,NORMAL,48.063,-0.236,1,1,1,1,1,90.5,0,0,dijkstra,predict,0.40667,0,,,,,,0,,,,231659,122000,0
1987,155.01763725280762,2026-03-06T01:42:05.817803,2.0,0.0,0.0,0.0,0.0,0.0,0.0,17.03,14.03,0.468,0.469,STRAIGHT,1.5,1.5,"CMD,0.5,1.50",4.0,0.0113,2.009,0.023,1,0.9231,0,NORMAL,48.38,-0.252,1,1,1,1,1,85.5,0,0,dijkstra,predict,0.40556,0,,,,,,0,,,,231659,121669,0
1988,155.05780029296875,2026-03-06T01:42:05.857966,0.0,0.0,4.63,0.0,0.0,0.0,0.0,20.65,14.0,0.468,0.468,STRAIGHT,1.5,1.5,"CMD,0.5,1.50",4.0,0.0113,2.009,0.023,1,0.9231,0,NORMAL,48.399,-0.236,1,1,1,1,1,80.5,0,0,dijkstra,predict,0.39706,0,,,,,,0,,,,231659,119119,0
1989,155.23419427871704,2026-03-06T01:42:06.034360,108.42,0.0,6.01,18.47,0.0,0.0,0.0,156.8,13.16,0.467,0.468,STRAIGHT,1.5,1.5,"CMD,0.5,1.50",4.0,0.0113,2.009,0.023,1,0.9342,0,NORMAL,48.451,-0.236,1,1,1,1,1,100.5,144,13,dijkstra,graph,0.40643,0,,,,,,0,,,,196653,121585,3014
1990,155.26776266098022,2026-03-06T01:42:06.067929,2.0,0.0,0.0,0.0,0.0,0.0,0.0,16.02,14.01,0.467,0.467,STRAIGHT,1.5,1.5,"CMD,0.5,1.50",4.0,0.0113,2.009,0.023,1,0.9342,0,NORMAL,49.486,-0.243,1,1,1,1,1,90.5,0,0,dijkstra,predict,0.40558,0,,,,,,0,,,,226936,121675,0
1991,155.3039906024933,2026-03-06T01:42:06.104157,2.0,0.0,0.0,0.0,0.0,0.0,0.0,17.77,14.01,0.467,0.467,STRAIGHT,1.5,1.5,"CMD,0.5,1.50",4.0,0.0113,2.009,0.023,1,0.9342,0,NORMAL,49.886,-0.262,1,1,1,1,1,85.5,0,0,dijkstra,predict,0.40456,0,,,,,,0,,,,226936,121369,0
1992,155.344660282135,2026-03-06T01:42:06.144826,0.0,0.0,5.67,0.0,0.0,0.0,0.0,19.79,13.97,0.467,0.467,STRAIGHT,1.5,1.5,"CMD,0.5,1.50",4.0,0.0113,2.009,0.023,1,0.9342,0,NORMAL,49.565,-0.245,1,1,1,1,1,80.5,0,0,dijkstra,predict,0.39696,0,,,,,,0,,,,226936,119088,0
1993,155.51517271995544,2026-03-06T01:42:06.315339,112.03,0.0,6.01,20.43,0.0,0.0,0.0,154.49,13.17,0.467,0.467,STRAIGHT,1.5,1.5,"CMD,0.5,1.50",4.0,0.0113,2.009,0.023,1,0.9529,0,NORMAL,49.88,-0.207,1,1,1,1,1,100.5,141,9,dijkstra,graph,0.40748,0,,,,,,0,,,,193386,121876,2942
1994,155.55589175224304,2026-03-06T01:42:06.356058,0.0,0.0,3.75,0.0,0.0,0.0,0.0,20.59,14.04,0.467,0.467,STRAIGHT,1.5,1.5,"CMD,0.5,1.50",4.0,0.0113,2.009,0.023,1,0.9529,0,NORMAL,50.415,-0.167,1,1,1,1,1,90.5,0,0,dijkstra,predict,0.40652,0,,,,,,0,,,,222853,121956,0
1995,155.58751940727234,2026-03-06T01:42:06.387686,0.0,0.0,0.0,0.0,0.0,0.0,0.0,14.02,14.11,0.467,0.467,STRAIGHT,1.5,1.5,"CMD,0.5,1.50",4.0,0.0113,2.009,0.023,1,0.9529,0,NORMAL,51.654,-0.158,1,1,1,1,1,85.5,0,0,dijkstra,predict,0.4055,0,,,,,,0,,,,222853,121650,0
1996,155.62798714637756,2026-03-06T01:42:06.428153,2.0,0.0,4.51,0.0,0.0,0.0,0.0,22.08,14.04,0.467,0.467,STRAIGHT,1.5,1.5,"CMD,0.5,1.50",4.0,0.0113,2.009,0.023,1,0.9529,0,NORMAL,51.175,-0.125,1,1,1,1,1,80.5,0,0,dijkstra,predict,0.39813,0,,,,,,0,,,,222853,119440,0
1997,155.7983946800232,2026-03-06T01:42:06.598561,110.29,0.0,6.01,20.07,0.0,0.0,0.0,154.39,13.21,0.467,0.467,STRAIGHT,1.5,1.5,"CMD,0.5,1.50",4.0,0.0113,2.009,0.023,1,0.9543,0,NORMAL,51.628,-0.098,1,1,1,1,1,100.5,124,8,dijkstra,graph,0.4106,0,,,,,,0,,,,190835,122994,2732
1998,155.83896589279175,2026-03-06T01:42:06.639132,2.0,0.0,4.01,0.0,0.0,0.0,0.0,22.24,14.01,0.467,0.467,STRAIGHT,1.5,1.5,"CMD,0.5,1.50",4.0,0.0113,2.009,0.023,1,0.9543,0,NORMAL,51.258,-0.124,1,1,1,1,1,90.5,0,0,dijkstra,predict,0.41029,0,,,,,,0,,,,213337,123086,0
1999,155.8773012161255,2026-03-06T01:42:06.677467,2.0,0.0,4.01,0.0,0.0,0.0,0.0,20.31,14.01,0.467,0.467,STRAIGHT,1.5,1.5,"CMD,0.5,1.50",4.0,0.0113,2.009,0.023,1,0.9543,0,NORMAL,51.364,-0.11,1,1,1,1,1,85.5,0,0,dijkstra,predict,0.40925,0,,,,,,0,,,,213337,122775,0
2000,155.91662335395813,2026-03-06T01:42:06.716789,0.0,0.0,6.05,0.0,0.0,0.0,0.0,21.5,14.02,0.467,0.467,STRAIGHT,1.5,1.5,"CMD,0.5,1.50",4.0,0.0113,2.009,0.023,1,0.9543,0,NORMAL,51.237,-0.1,1,1,1,1,1,80.5,0,0,dijkstra,predict,0.40217,0,,,,,,0,,,,213337,120650,0
2001,156.08723974227905,2026-03-06T01:42:06.887406,112.53,0.0,6.01,18.03,0.0,0.0,0.0,154.6,13.17,0.46,0.467,STRAIGHT,1.5,1.5,"CMD,0.5,1.50",4.0,0.0108,2.055,0.023,1,0.9585,0,NORMAL,51.68,-0.095,1,1,1,1,1,102.7,99,12,dijkstra,graph,0.42186,0,,,,,,0,,,,191758,126156,3124
2002,156.1246154308319,2026-03-06T01:42:06.924781,0.0,0.0,4.77,0.0,0.0,0.0,0.0,20.3,13.99,0.455,0.46,STRAIGHT,1.5,1.5,"CMD,0.5,1.50",4.0,0.0108,2.055,0.023,1,0.9585,0,NORMAL,51.843,-0.078,1,1,1,1,1,92.7,0,0,dijkstra,predict,0.42084,0,,,,,,0,,,,220042,126252,0
2003,156.15835857391357,2026-03-06T01:42:06.958524,2.0,0.0,1.0,0.0,0.0,0.0,0.0,18.22,14.0,0.452,0.455,STRAIGHT,1.5,1.5,"CMD,0.5,1.50",4.0,0.0108,2.055,0.023,1,0.9585,0,NORMAL,51.779,-0.034,1,1,1,1,1,87.7,0,0,dijkstra,predict,0.4198,0,,,,,,0,,,,220042,125941,0
2004,156.19825983047485,2026-03-06T01:42:06.998426,2.8,0.0,3.5,0.0,0.0,0.0,0.0,20.33,14.02,0.45,0.452,STRAIGHT,1.5,1.5,"CMD,0.5,1.50",4.0,0.0108,2.055,0.023,1,0.9585,0,NORMAL,50.825,-0.022,1,1,1,1,1,82.7,0,0,dijkstra,predict,0.41285,0,,,,,,0,,,,220042,123854,0
2005,156.36956977844238,2026-03-06T01:42:07.169736,113.07,0.0,6.01,16.19,0.0,0.0,0.0,153.29,13.16,0.456,0.452,STRAIGHT,1.5,1.5,"CMD,0.5,1.50",4.0,0.0113,2.009,0.023,1,0.9556,0,NORMAL,50.24,-0.041,1,1,1,1,1,100.5,87,9,dijkstra,graph,0.42246,0,,,,,,0,,,,190604,126372,2771
2006,156.41370701789856,2026-03-06T01:42:07.213873,2.0,0.0,3.61,0.0,0.0,0.0,0.0,23.94,14.06,0.459,0.456,STRAIGHT,1.5,1.5,"CMD,0.5,1.50",4.0,0.0113,2.009,0.023,1,0.9556,0,NORMAL,49.95,-0.069,1,1,1,1,1,90.5,0,0,dijkstra,predict,0.42179,0,,,,,,0,,,,216451,126537,0
2007,156.4545841217041,2026-03-06T01:42:07.254750,1.74,0.0,2.0,0.0,0.0,0.0,0.0,24.86,14.04,0.462,0.459,STRAIGHT,1.5,1.5,"CMD,0.5,1.50",4.0,0.0113,2.009,0.023,1,0.9556,0,NORMAL,49.19,-0.105,1,1,1,1,1,85.5,0,0,dijkstra,predict,0.42058,0,,,,,,0,,,,216451,126173,0
2008,156.48522019386292,2026-03-06T01:42:07.285386,0.0,0.0,0.0,0.0,0.0,0.0,0.0,14.37,14.08,0.463,0.462,STRAIGHT,1.5,1.5,"CMD,0.5,1.50",4.0,0.0113,2.009,0.023,1,0.9556,0,NORMAL,48.991,-0.125,1,1,1,1,1,80.5,0,0,dijkstra,predict,0.41396,0,,,,,,0,,,,216451,124188,0
2009,156.6575608253479,2026-03-06T01:42:07.457727,108.73,0.0,8.01,15.53,2.0,0.0,0.0,156.52,13.21,-0.304,0.462,STRAIGHT,1.5,1.5,"CMD,0.5,1.50",2.841,-0.0446,2.283,-0.116,1,0.9523,0,NORMAL,49.094,-0.162,1,1,1,1,1,119.8,88,4,dijkstra,graph,0.41244,0,,,,,,0,,,,186770,123367,2206
2010,156.6958727836609,2026-03-06T01:42:07.496039,2.0,0.0,2.0,0.0,0.0,0.0,2.0,19.77,14.11,-0.815,-0.304,STRAIGHT,1.5,1.5,"CMD,-0.3,1.50",2.841,-0.0446,2.283,-0.116,1,0.9523,0,NORMAL,48.807,-0.177,1,1,1,1,1,109.8,0,0,dijkstra,predict,0.41107,0,,,,,,0,,,,207944,123321,0
2011,156.73241424560547,2026-03-06T01:42:07.532580,0.0,0.0,6.11,0.0,0.0,0.0,0.0,20.52,14.14,-1.156,-0.815,STRAIGHT,1.5,1.5,"CMD,-0.8,1.50",2.841,-0.0446,2.283,-0.116,1,0.9523,0,NORMAL,47.272,-0.178,1,1,1,1,1,104.8,0,0,dijkstra,predict,0.40745,0,,,,,,0,,,,207944,122236,0
2012,156.76247119903564,2026-03-06T01:42:07.562637,0.0,0.0,0.0,0.0,0.0,0.0,0.0,14.03,14.17,-1.383,-1.156,STRAIGHT,1.5,1.5,"CMD,-1.2,1.50",2.841,-0.0446,2.283,-0.116,1,0.9523,0,NORMAL,47.117,-0.161,1,1,1,1,1,99.8,0,0,dijkstra,predict,0.40277,0,,,,,,0,,,,207944,120831,0
2013,156.93451976776123,2026-03-06T01:42:07.734686,108.1,0.0,4.09,7.01,10.12,0.0,0.0,151.77,13.32,-0.759,-1.156,STRAIGHT,1.5,1.5,"CMD,-1.2,1.50",4.0,0.0118,1.963,0.023,1,0.9403,0,NORMAL,46.972,-0.177,1,1,1,1,1,98.2,90,13,dijkstra,graph,0.41295,0,,,,,,0,,,,183332,123602,2788
2014,156.97523427009583,2026-03-06T01:42:07.775400,0.0,0.0,4.13,0.0,0.0,0.0,0.0,18.54,14.28,-0.343,-0.759,STRAIGHT,1.5,1.5,"CMD,-0.8,1.50",4.0,0.0118,1.963,0.023,1,0.9403,0,NORMAL,46.686,-0.163,1,1,1,1,1,88.2,0,0,dijkstra,predict,0.41327,0,,,,,,0,,,,205221,123981,0
2015,157.01581025123596,2026-03-06T01:42:07.815976,0.0,0.0,4.41,0.0,0.0,0.0,0.0,20.3,14.27,-0.066,-0.343,STRAIGHT,1.5,1.5,"CMD,-0.3,1.50",4.0,0.0118,1.963,0.023,1,0.9403,0,NORMAL,47.064,-0.216,1,1,1,1,1,83.2,0,0,dijkstra,predict,0.41155,0,,,,,,0,,,,205221,123465,0
2016,157.052481174469,2026-03-06T01:42:07.852647,2.0,0.0,4.01,0.0,0.0,0.0,0.0,19.82,14.25,0.119,-0.066,STRAIGHT,1.5,1.5,"CMD,-0.1,1.50",4.0,0.0118,1.963,0.023,1,0.9403,0,NORMAL,46.377,-0.206,1,1,1,1,1,78.2,0,0,dijkstra,predict,0.40617,0,,,,,,0,,,,205221,121852,0
2017,157.2352271080017,2026-03-06T01:42:08.035393,110.79,0.0,8.01,25.89,2.0,0.0,0.0,162.72,13.32,-0.877,-0.066,STRAIGHT,1.5,1.5,"CMD,-0.1,1.50",2.535,-0.0696,2.329,-0.19,1,0.9456,0,NORMAL,46.282,-0.186,1,1,1,1,1,121.7,163,8,dijkstra,graph,0.41851,0,,,,,,0,,,,188850,125274,2802
2018,157.26774549484253,2026-03-06T01:42:08.067912,2.35,0.0,0.0,0.0,0.0,0.0,0.0,20.5,14.26,-1.542,-0.877,STRAIGHT,1.5,1.5,"CMD,-0.9,1.50",2.535,-0.0696,2.329,-0.19,1,0.9456,0,NORMAL,47.703,-0.224,1,1,1,1,1,111.7,0,0,dijkstra,predict,0.41716,0,,,,,,0,,,,205897,125148,0
2019,157.30709838867188,2026-03-06T01:42:08.107264,2.0,0.0,4.04,0.0,0.0,0.0,0.0,20.07,14.22,-1.984,-1.542,STRAIGHT,1.5,1.5,"CMD,-1.5,1.50",2.535,-0.0696,2.329,-0.19,1,0.9456,0,NORMAL,48.307,-0.209,1,1,1,1,1,106.7,0,0,dijkstra,predict,0.41306,0,,,,,,0,,,,205897,123917,0
2020,157.3376920223236,2026-03-06T01:42:08.137858,0.0,0.0,0.0,0.0,0.0,0.0,0.0,20.49,14.26,-2.28,-1.984,STRAIGHT,1.5,1.5,"CMD,-2.0,1.50",2.535,-0.0696,2.329,-0.19,1,0.9456,0,NORMAL,49.536,-0.212,1,1,1,1,1,101.7,0,0,dijkstra,predict,0.40819,0,,,,,,0,,,,205897,122456,0
2021,157.52310967445374,2026-03-06T01:42:08.323276,116.14,0.0,0.0,18.03,0.0,0.0,0.0,163.11,13.31,-2.477,-2.28,STRAIGHT,1.5,1.5,"CMD,-2.3,1.50",2.535,-0.0696,2.329,-0.19,1,0.9752,0,NORMAL,50.139,-0.209,1,1,1,1,1,121.7,115,9,dijkstra,graph,0.41909,0,,,,,,0,,,,189780,125255,2755
2022,157.5537621974945,2026-03-06T01:42:08.353928,0.0,0.0,0.0,0.0,0.0,0.0,0.0,12.02,14.23,-2.608,-2.477,STRAIGHT,1.5,1.5,"CMD,-2.5,1.50",2.535,-0.0696,2.329,-0.19,1,0.9752,0,NORMAL,50.243,-0.186,1,1,1,1,1,111.7,0,0,dijkstra,predict,0.41714,0,,,,,,0,,,,203110,125141,0
2023,157.59647822380066,2026-03-06T01:42:08.396644,1.0,0.0,4.01,0.0,0.0,0.0,0.0,20.41,14.21,-2.695,-2.608,STRAIGHT,1.5,1.5,"CMD,-2.6,1.50",2.535,-0.0696,2.329,-0.19,1,0.9752,0,NORMAL,51.145,-0.198,1,1,1,1,1,106.7,0,0,dijkstra,predict,0.41323,0,,,,,,0,,,,203110,123969,0
2024,157.633118391037,2026-03-06T01:42:08.433284,0.0,0.0,4.76,0.0,0.0,0.0,0.0,20.62,14.18,-2.754,-2.695,STRAIGHT,1.5,1.5,"CMD,-2.7,1.50",2.535,-0.0696,2.329,-0.19,1,0.9752,0,NORMAL,50.879,-0.191,1,1,1,1,1,101.7,0,0,dijkstra,predict,0.40851,0,,,,,,0,,,,203110,122554,0
2025,157.8006556034088,2026-03-06T01:42:08.600822,107.02,0.0,8.01,20.47,0.0,0.0,0.0,151.52,13.35,-1.68,-2.695,STRAIGHT,1.5,1.5,"CMD,-2.7,1.50",4.0,0.0113,2.009,0.023,1,0.9669,0,NORMAL,51.805,-0.175,1,1,1,1,1,100.5,130,10,dijkstra,graph,0.43601,0,,,,,,0,,,,191859,130380,2829
2026,157.83633160591125,2026-03-06T01:42:08.636498,2.0,0.0,0.0,0.0,0.0,0.0,0.0,21.6,14.23,-0.965,-1.68,STRAIGHT,1.5,1.5,"CMD,-1.7,1.50",4.0,0.0113,2.009,0.023,1,0.9669,0,NORMAL,52.756,-0.176,1,1,1,1,1,90.5,0,0,dijkstra,predict,0.43584,0,,,,,,0,,,,211316,130752,0
2027,157.8745563030243,2026-03-06T01:42:08.674722,2.0,0.0,1.74,0.0,0.0,0.0,0.0,18.18,14.25,-0.487,-0.965,STRAIGHT,1.5,1.5,"CMD,-1.0,1.50",4.0,0.0113,2.009,0.023,1,0.9669,0,NORMAL,53.11,-0.16,1,1,1,1,1,85.5,0,0,dijkstra,predict,0.43415,0,,,,,,0,,,,211316,130244,0
2028,157.91506123542786,2026-03-06T01:42:08.715227,8.2,0.0,2.0,0.0,0.0,0.0,0.0,20.34,14.23,-0.169,-0.487,STRAIGHT,1.5,1.5,"CMD,-0.5,1.50",4.0,0.0113,2.009,0.023,1,0.9669,0,NORMAL,53.083,-0.13,1,1,1,1,1,80.5,0,0,dijkstra,predict,0.42855,0,,,,,,0,,,,211316,128564,0
2029,158.08667922019958,2026-03-06T01:42:08.886845,110.24,0.0,10.49,20.6,0.0,0.0,0.0,161.57,13.36,-0.998,-0.487,STRAIGHT,1.5,1.5,"CMD,-0.5,1.50",2.759,-0.0644,2.42,-0.19,1,0.97,0,NORMAL,52.549,-0.11,1,1,1,1,2,126.3,89,5,dijkstra,graph,0.4382,0,,,,,,0,,,,194378,131157,2307
2030,158.13205528259277,2026-03-06T01:42:08.932221,0.0,0.0,4.75,0.0,0.0,0.0,0.0,25.25,14.18,-1.551,-0.998,STRAIGHT,1.5,1.5,"CMD,-1.0,1.50",2.759,-0.0644,2.42,-0.19,1,0.97,0,NORMAL,52.262,-0.112,1,1,1,1,1,116.3,0,0,dijkstra,predict,0.43643,0,,,,,,0,,,,208237,130930,0
2031,158.16718125343323,2026-03-06T01:42:08.967347,0.0,0.0,4.01,0.0,0.0,0.0,0.0,19.37,14.2,-1.919,-1.551,STRAIGHT,1.5,1.5,"CMD,-1.6,1.50",2.759,-0.0644,2.42,-0.19,1,0.97,0,NORMAL,51.619,-0.098,1,1,1,1,1,111.3,0,0,dijkstra,predict,0.43185,0,,,,,,0,,,,208237,129554,0
2032,158.198796749115,2026-03-06T01:42:08.998963,1.0,0.0,0.0,0.0,0.0,0.0,0.0,14.59,14.21,-2.164,-1.919,STRAIGHT,1.5,1.5,"CMD,-1.9,1.50",2.759,-0.0644,2.42,-0.19,1,0.97,0,NORMAL,50.748,-0.019,1,1,1,1,1,106.3,0,0,dijkstra,predict,0.42651,0,,,,,,0,,,,208237,127952,0
2033,158.3788239955902,2026-03-06T01:42:09.178990,112.13,0.0,0.0,20.07,0.0,0.0,0.0,159.88,13.3,-1.287,-1.919,STRAIGHT,1.5,1.5,"CMD,-1.9,1.50",4.0,0.0113,2.009,0.023,1,0.9749,0,NORMAL,50.781,-0.068,1,1,1,1,1,100.5,129,6,dijkstra,graph,0.44043,0,,,,,,0,,,,195775,131690,2659
2034,158.4190490245819,2026-03-06T01:42:09.219215,2.0,0.0,0.0,0.0,0.0,0.0,0.0,20.02,14.15,-0.703,-1.287,STRAIGHT,1.5,1.5,"CMD,-1.3,1.50",4.0,0.0113,2.009,0.023,1,0.9749,0,NORMAL,50.3,-0.097,1,1,1,1,1,90.5,0,0,dijkstra,predict,0.44017,0,,,,,,0,,,,206944,132050,0
2035,158.46033596992493,2026-03-06T01:42:09.260502,0.0,0.0,4.44,0.0,0.0,0.0,0.0,20.42,14.17,-0.313,-0.703,STRAIGHT,1.5,1.5,"CMD,-0.7,1.50",4.0,0.0113,2.009,0.023,1,0.9749,0,NORMAL,50.364,-0.056,1,1,1,1,1,85.5,0,0,dijkstra,predict,0.43843,0,,,,,,0,,,,206944,131528,0
2036,158.4909360408783,2026-03-06T01:42:09.291102,0.0,0.0,0.0,0.0,0.0,0.0,0.0,20.46,14.24,-0.053,-0.313,STRAIGHT,1.5,1.5,"CMD,-0.3,1.50",4.0,0.0113,2.009,0.023,1,0.9749,0,NORMAL,49.334,-0.03,1,1,1,1,1,80.5,0,0,dijkstra,predict,0.43308,0,,,,,,0,,,,206944,129923,0
2037,158.66392016410828,2026-03-06T01:42:09.464086,103.93,0.0,10.43,20.17,0.0,0.0,0.0,148.05,13.31,-0.456,-0.313,STRAIGHT,1.5,1.5,"CMD,-0.3,1.50",3.477,-0.0306,2.42,-0.09,1,0.9678,0,NORMAL,48.942,-0.033,1,1,1,1,1,124.4,92,5,dijkstra,graph,0.44864,0,,,,,,0,,,,197149,134340,2338
2038,158.70492553710938,2026-03-06T01:42:09.505091,0.0,0.0,6.2,0.0,0.0,0.0,0.0,20.49,14.16,-0.724,-0.456,STRAIGHT,1.5,1.5,"CMD,-0.5,1.50",3.477,-0.0306,2.42,-0.09,1,0.9678,0,NORMAL,49.341,-0.031,1,1,1,1,1,114.4,0,0,dijkstra,predict,0.44764,0,,,,,,0,,,,211684,134291,0
2039,158.74490690231323,2026-03-06T01:42:09.545073,0.0,0.0,5.63,0.0,0.0,0.0,0.0,19.96,14.15,-0.903,-0.724,STRAIGHT,1.5,1.5,"CMD,-0.7,1.50",3.477,-0.0306,2.42,-0.09,1,0.9678,0,NORMAL,50.301,0.027,1,1,1,1,1,109.4,0,0,dijkstra,predict,0.44448,0,,,,,,0,,,,211684,133344,0
2040,158.77762603759766,2026-03-06T01:42:09.577792,0.0,0.0,0.0,0.0,0.0,0.0,0.0,22.65,14.18,-1.022,-0.903,STRAIGHT,1.5,1.5,"CMD,-0.9,1.50",3.477,-0.0306,2.42,-0.09,1,0.9678,0,NORMAL,49.378,0.074,1,1,1,1,1,104.4,0,0,dijkstra,predict,0.44025,0,,,,,,0,,,,211684,132074,0
2041,158.9473431110382,2026-03-06T01:42:09.747509,103.72,0.0,10.25,20.37,0.0,0.0,0.0,151.71,13.27,-0.545,-0.903,STRAIGHT,1.5,1.5,"CMD,-0.9,1.50",4.0,0.0099,2.146,0.023,1,0.9589,0,NORMAL,48.352,0.027,1,1,1,1,1,107.3,112,8,dijkstra,graph,0.4512,0,,,,,,0,,,,197561,134872,2715
2042,158.98809671401978,2026-03-06T01:42:09.788263,1.5,0.0,0.0,0.0,0.0,0.0,0.0,16.39,14.12,-0.227,-0.545,STRAIGHT,1.5,1.5,"CMD,-0.5,1.50",4.0,0.0099,2.146,0.023,1,0.9589,0,NORMAL,47.335,-0.007,1,1,1,1,1,97.3,0,0,dijkstra,predict,0.45081,0,,,,,,0,,,,213809,135242,0
2043,159.02841424942017,2026-03-06T01:42:09.828580,2.0,0.0,4.06,0.0,0.0,0.0,0.0,20.09,14.12,-0.015,-0.227,STRAIGHT,1.5,1.5,"CMD,-0.2,1.50",4.0,0.0099,2.146,0.023,1,0.9589,0,NORMAL,46.576,-0.031,1,1,1,1,1,92.3,0,0,dijkstra,predict,0.44903,0,,,,,,0,,,,213809,134709,0
2044,159.06084156036377,2026-03-06T01:42:09.861007,0.0,0.0,0.0,0.0,0.0,0.0,0.0,22.36,14.18,0.126,-0.015,STRAIGHT,1.5,1.5,"CMD,-0.0,1.50",4.0,0.0099,2.146,0.023,1,0.9589,0,NORMAL,46.378,-0.083,1,1,1,1,1,87.3,0,0,dijkstra,predict,0.44343,0,,,,,,0,,,,213809,133030,0
2045,159.24429559707642,2026-03-06T01:42:10.044462,112.68,0.0,10.2,20.44,0.0,0.0,0.0,165.12,13.23,-0.168,-0.015,STRAIGHT,1.5,1.5,"CMD,-0.0,1.50",3.93,-0.0184,2.42,-0.054,1,0.9425,0,NORMAL,46.361,-0.128,1,1,1,1,1,123.6,95,6,dijkstra,graph,0.4488,0,,,,,,0,,,,194557,134268,2523
2046,159.2848722934723,2026-03-06T01:42:10.085038,2.92,0.0,4.01,0.0,0.0,0.0,0.0,21.06,14.15,-0.364,-0.168,STRAIGHT,1.5,1.5,"CMD,-0.2,1.50",3.93,-0.0184,2.42,-0.054,1,0.9425,0,NORMAL,47.851,-0.199,1,1,1,1,1,113.6,0,0,dijkstra,predict,0.44747,0,,,,,,0,,,,213799,134242,0
2047,159.33199954032898,2026-03-06T01:42:10.132165,0.0,0.0,3.13,0.0,0.0,0.0,0.0,20.36,14.05,-0.495,-0.364,STRAIGHT,1.5,1.5,"CMD,-0.4,1.50",3.93,-0.0184,2.42,-0.054,1,0.9425,0,NORMAL,47.821,-0.182,1,1,1,1,1,108.6,0,0,dijkstra,predict,0.44507,0,,,,,,0,,,,213799,133522,0
2048,159.36263155937195,2026-03-06T01:42:10.162797,0.0,0.0,0.0,0.0,0.0,0.0,0.0,20.56,14.11,-0.583,-0.495,STRAIGHT,1.5,1.5,"CMD,-0.5,1.50",3.93,-0.0184,2.42,-0.054,1,0.9425,0,NORMAL,47.375,-0.154,1,1,1,1,1,103.6,0,0,dijkstra,predict,0.44104,0,,,,,,0,,,,213799,132311,0
2049,159.53924870491028,2026-03-06T01:42:10.339415,105.69,0.0,10.26,21.71,0.0,0.0,0.0,156.34,13.17,-0.516,-0.516,STRAIGHT,1.5,1.5,"CMD,-0.5,1.50",4.0,-0.0093,2.785,-0.036,1,0.8749,0,NORMAL,47.212,-0.188,1,1,1,1,1,140.4,73,8,dijkstra,graph,0.42643,0,,,,,,0,,,,179966,127718,2411
2050,159.57543206214905,2026-03-06T01:42:10.375598,10.09,0.0,0.0,0.0,0.0,0.0,0.0,20.14,14.13,-0.472,-0.516,STRAIGHT,1.5,1.5,"CMD,-0.5,1.50",4.0,-0.0093,2.785,-0.036,1,0.8749,0,NORMAL,47.253,-0.097,1,1,1,1,1,130.4,0,0,dijkstra,predict,0.42582,0,,,,,,0,,,,189619,127747,0
2051,159.61561751365662,2026-03-06T01:42:10.415783,2.24,0.0,4.0,0.0,0.0,0.0,0.0,19.67,14.07,-0.443,-0.472,STRAIGHT,1.5,1.5,"CMD,-0.5,1.50",4.0,-0.0093,2.785,-0.036,1,0.8749,0,NORMAL,47.528,-0.152,1,1,1,1,1,125.4,0,0,dijkstra,predict,0.4233,0,,,,,,0,,,,189619,126990,0
2052,159.64665842056274,2026-03-06T01:42:10.446824,2.0,0.0,0.0,0.0,0.0,0.0,0.0,16.02,14.15,-0.423,-0.443,STRAIGHT,1.5,1.5,"CMD,-0.4,1.50",4.0,-0.0093,2.785,-0.036,1,0.8749,0,NORMAL,47.633,-0.196,1,1,1,1,1,120.4,0,0,dijkstra,predict,0.41917,0,,,,,,0,,,,189619,125752,0
2053,159.81047749519348,2026-03-06T01:42:10.610644,100.06,0.0,10.41,20.81,0.0,0.0,0.0,153.7,13.32,-0.522,-0.443,STRAIGHT,1.5,1.5,"CMD,-0.4,1.50",4.0,-0.0174,2.511,-0.055,1,0.8904,0,NORMAL,47.45,-0.181,1,1,1,1,2,128.1,86,4,dijkstra,graph,0.44101,0,,,,,,0,,,,198492,131841,2254
2054,159.8455193042755,2026-03-06T01:42:10.645685,0.0,0.0,0.0,0.0,0.0,0.0,0.0,14.68,14.18,-0.588,-0.522,STRAIGHT,1.5,1.5,"CMD,-0.5,1.50",4.0,-0.0174,2.511,-0.055,1,0.8904,0,NORMAL,47.233,-0.216,1,1,1,1,1,118.1,0,0,dijkstra,predict,0.43955,0,,,,,,0,,,,214753,131866,0
2055,159.88820338249207,2026-03-06T01:42:10.688369,2.61,0.0,2.0,0.0,0.0,0.0,2.0,27.02,14.13,-0.632,-0.588,STRAIGHT,1.5,1.5,"CMD,-0.6,1.50",4.0,-0.0174,2.511,-0.055,1,0.8904,0,NORMAL,46.824,-0.21,1,1,1,1,1,113.1,0,0,dijkstra,predict,0.43653,0,,,,,,0,,,,214753,130960,0
2056,159.9221773147583,2026-03-06T01:42:10.722343,0.0,0.0,4.51,0.0,0.0,0.0,0.0,20.22,14.16,-0.661,-0.632,STRAIGHT,1.5,1.5,"CMD,-0.6,1.50",4.0,-0.0174,2.511,-0.055,1,0.8904,0,NORMAL,46.777,-0.244,1,1,1,1,1,108.1,0,0,dijkstra,predict,0.43213,0,,,,,,0,,,,214753,129639,0
